# https://github.com/mikedh/trimesh
v -0.00044238 -0.01163963 -0.02911897
v 0.00057559 -0.01160318 -0.02911897
v 0.00057559 -0.01158722 -0.02810017
v 0.00057559 -0.01156900 -0.02708544
v -0.00044238 -0.01161685 -0.02810017
v -0.00146035 -0.01151659 -0.02911897
v -0.00146035 -0.01143911 -0.03013778
v -0.00044238 -0.01151431 -0.03013778
v 0.00159141 -0.01145734 -0.02911897
v 0.00159141 -0.01144595 -0.02810017
v 0.00159141 -0.01143456 -0.02708544
v 0.00057559 -0.01147329 -0.03013778
v 0.00159141 -0.01140038 -0.02606664
v 0.00057559 -0.01152798 -0.02606664
v -0.00044238 -0.01158267 -0.02708544
v -0.00146035 -0.01148697 -0.02810017
v -0.00221361 -0.01128645 -0.02810017
v -0.00225235 -0.01130468 -0.02911897
v -0.00222868 -0.01128417 -0.03013778
v -0.00349630 -0.01062338 -0.03420891
v -0.00347262 -0.01036589 -0.03529292
v 0.00232314 -0.01125227 -0.02985251
v 0.00243505 -0.01128189 -0.02911897
v 0.00243290 -0.01127733 -0.02810017
v 0.00242644 -0.01127050 -0.02708544
v 0.00237694 -0.01125683 -0.02606664
v -0.00379760 -0.01023374 -0.03587160
v 0.00124060 -0.01122265 -0.03068793
v 0.00158495 -0.01131835 -0.03017038
v 0.00225642 -0.01122720 -0.02504784
v 0.00215527 -0.01120670 -0.02436320
v 0.00159141 -0.01134114 -0.02504784
v 0.00057559 -0.01146418 -0.02504784
v -0.00044238 -0.01146646 -0.02504784
v -0.00044238 -0.01152798 -0.02606664
v -0.00146035 -0.01143911 -0.02708544
v -0.00215335 -0.01126366 -0.02708544
v -0.00266341 -0.01106770 -0.02708544
v -0.00272367 -0.01108821 -0.02810017
v -0.00276241 -0.01110188 -0.02911897
v -0.00273658 -0.01110644 -0.03013778
v -0.00349630 -0.01068490 -0.03319011
v -0.00413118 -0.01026564 -0.03522772
v -0.00408599 -0.01023374 -0.03587160
v 0.00362735 -0.01092643 -0.02911897
v 0.00294296 -0.01114745 -0.02911897
v 0.00191853 -0.01115657 -0.03053307
v 0.00264166 -0.01107454 -0.03017038
v 0.00362735 -0.01076237 -0.03013778
v 0.00294296 -0.01114973 -0.02810017
v 0.00293650 -0.01114973 -0.02708544
v 0.00288700 -0.01114290 -0.02606664
v 0.00276648 -0.01112011 -0.02504784
v -0.00281837 -0.01037273 -0.03499950
v -0.00451427 -0.00935647 -0.03701266
v 0.00114591 -0.00716446 -0.03678852
v 0.00430958 -0.01025196 -0.03074091
v 0.00254051 -0.01110416 -0.02402496
v 0.00260938 -0.01102441 -0.02301431
v 0.00203475 -0.01118391 -0.02368264
v 0.00165382 -0.01126366 -0.02402496
v 0.00136112 -0.01123632 -0.02301431
v 0.00118034 -0.01120898 -0.02234190
v 0.00057559 -0.01139126 -0.02402904
v -0.00044238 -0.01139810 -0.02402904
v -0.00117197 -0.01123860 -0.02301431
v -0.00136351 -0.01127961 -0.02402904
v -0.00146035 -0.01138215 -0.02606664
v -0.00195966 -0.01119303 -0.02457511
v -0.00201776 -0.01121126 -0.02525160
v -0.00208018 -0.01123404 -0.02606664
v -0.00240515 -0.01105175 -0.02496633
v -0.00259024 -0.01104264 -0.02606664
v -0.00349630 -0.01050489 -0.02402904
v -0.00349630 -0.01055957 -0.02504784
v -0.00349630 -0.01060742 -0.02606664
v -0.00349630 -0.01065072 -0.02708544
v -0.00349630 -0.01068490 -0.02810017
v -0.00349630 -0.01070085 -0.02911897
v -0.00349630 -0.01070313 -0.03013778
v -0.00349630 -0.01070313 -0.03115658
v -0.00349630 -0.01069629 -0.03217538
v -0.00463909 -0.00986460 -0.03522772
v -0.00523954 -0.00935875 -0.03624652
v -0.00413333 -0.01027247 -0.03420891
v -0.00517068 -0.00929267 -0.03702896
v 0.00524147 -0.01022234 -0.02977101
v 0.00464532 -0.01053679 -0.02911897
v 0.00464532 -0.01055274 -0.02810017
v 0.00464532 -0.01056641 -0.02708544
v 0.00362735 -0.01093554 -0.02810017
v 0.00362735 -0.01094010 -0.02708544
v 0.00498966 -0.01009474 -0.03045157
v 0.00464747 -0.01036134 -0.03012148
v 0.00362735 -0.01092415 -0.02606664
v 0.00362735 -0.01088086 -0.02504784
v 0.00362735 -0.01082845 -0.02402904
v 0.00362735 -0.01076693 -0.02301431
v -0.00553224 -0.00842680 -0.03797848
v -0.00494470 -0.00837668 -0.03784400
v -0.00603154 -0.00714851 -0.03879760
v -0.00797063 -0.00517296 -0.03985308
v -0.00788024 -0.00457825 -0.03990606
v 0.00120402 -0.00661304 -0.03680890
v 0.00902926 -0.00152492 -0.03257068
v 0.00831044 -0.00336603 -0.03273776
v 0.00818992 -0.00404505 -0.03267663
v 0.00802421 -0.00457825 -0.03256660
v 0.00840083 -0.00540082 -0.03185752
v 0.00818992 -0.00607985 -0.03164968
v 0.00746680 -0.00661304 -0.03189827
v 0.00723652 -0.00717130 -0.03170673
v 0.00731184 -0.00825135 -0.03074498
v 0.00622715 -0.00919925 -0.03068793
v 0.00566329 -0.00938154 -0.03087947
v 0.00260938 -0.01094238 -0.02199551
v 0.00186903 -0.01116113 -0.02301431
v 0.00057559 -0.01131151 -0.02301431
v 0.00154836 -0.01112695 -0.02199958
v 0.00159141 -0.01103352 -0.02097670
v 0.00159141 -0.01094238 -0.01995790
v 0.00084461 -0.01117935 -0.02166541
v 0.00016668 -0.01119986 -0.02141683
v -0.00044238 -0.01131607 -0.02301431
v -0.00102347 -0.01120898 -0.02233375
v -0.00003132 -0.01119986 -0.02141683
v -0.00167988 -0.01113378 -0.02301431
v -0.00187357 -0.01117480 -0.02402904
v -0.00155505 -0.01129784 -0.02496633
v -0.00247833 -0.01088769 -0.02301431
v -0.00247833 -0.01096744 -0.02402904
v -0.00339730 -0.01039552 -0.02199551
v -0.00357377 -0.01039096 -0.02306321
v -0.00401497 -0.01018361 -0.02343813
v -0.00404294 -0.01020183 -0.02402904
v -0.00407953 -0.01022918 -0.02504784
v -0.00411181 -0.01024968 -0.02606664
v -0.00413549 -0.01027019 -0.02708544
v -0.00414840 -0.01028159 -0.02810017
v -0.00414840 -0.01028386 -0.02911897
v -0.00414625 -0.01028386 -0.03013778
v -0.00414194 -0.01027931 -0.03217538
v -0.00413764 -0.01027703 -0.03319011
v -0.00465631 -0.00988055 -0.03013778
v -0.00574961 -0.00885290 -0.03624652
v -0.00623169 -0.00835389 -0.03726125
v -0.00525676 -0.00937470 -0.02911897
v -0.00576898 -0.00888480 -0.02810017
v -0.00617573 -0.00828781 -0.03797441
v 0.00716334 -0.00914001 -0.02911897
v 0.00665328 -0.00946357 -0.02911897
v 0.00580533 -0.00997397 -0.02911897
v 0.00529527 -0.01024968 -0.02911897
v 0.00561379 -0.00986232 -0.03012148
v 0.00644667 -0.00933597 -0.03013778
v 0.00534262 -0.01026791 -0.02708544
v 0.00535768 -0.01027019 -0.02606664
v 0.00464532 -0.01056185 -0.02606664
v 0.00464532 -0.01052995 -0.02504784
v 0.00464532 -0.01048438 -0.02402904
v 0.00464532 -0.01042742 -0.02301431
v 0.00362735 -0.01068262 -0.02199551
v -0.00712268 -0.00719864 -0.03885873
v -0.00655021 -0.00719864 -0.03884650
v -0.00814281 -0.00517296 -0.03985308
v -0.00858400 -0.00254346 -0.04017910
v -0.00784581 -0.00355971 -0.03993866
v 0.00122554 -0.00559678 -0.03681297
v 0.00173560 -0.00559678 -0.03657253
v 0.00909383 -0.00050639 -0.03261958
v -0.00858400 -0.00152492 -0.04021577
v 0.00959958 -0.00152492 -0.03206535
v 0.00892811 -0.00254346 -0.03246880
v 0.00867631 -0.00364630 -0.03237507
v 0.00924448 -0.00411113 -0.03168636
v 0.00873227 -0.00450077 -0.03199200
v 0.00908092 -0.00478788 -0.03151520
v 0.00936715 -0.00559678 -0.03078981
v 0.00922726 -0.00610719 -0.03064718
v 0.00867200 -0.00651278 -0.03089169
v 0.00830183 -0.00723282 -0.03073276
v 0.00797471 -0.00661304 -0.03146222
v 0.00761314 -0.00754043 -0.03107915
v 0.00798977 -0.00791184 -0.03035784
v 0.00766910 -0.00841313 -0.03006442
v 0.00695458 -0.00897139 -0.03013778
v 0.00260938 -0.01084896 -0.02097670
v 0.00053254 -0.01114517 -0.02103783
v 0.00057559 -0.01104492 -0.01995790
v 0.00260938 -0.01075326 -0.01995790
v 0.00159141 -0.01083984 -0.01894317
v 0.00057559 -0.01094694 -0.01894317
v -0.00044238 -0.01094922 -0.01894317
v -0.00039934 -0.01122948 -0.02199551
v -0.00070925 -0.01117935 -0.02165319
v -0.00140225 -0.01109960 -0.02199551
v -0.00044238 -0.01104719 -0.01995790
v -0.00146035 -0.01080339 -0.01894317
v -0.00146035 -0.01090137 -0.01995790
v -0.00039934 -0.01114517 -0.02103783
v -0.00247833 -0.01060059 -0.01995790
v -0.00247833 -0.01069857 -0.02097670
v -0.00247833 -0.01079427 -0.02199551
v -0.00321652 -0.01029526 -0.01995790
v -0.00331121 -0.01034767 -0.02097670
v -0.00396762 -0.01015626 -0.02276164
v -0.00519650 -0.00823996 -0.00774857
v -0.00455085 -0.00983726 -0.02402904
v -0.00561402 -0.00790500 -0.00672976
v -0.00634791 -0.00735130 -0.00571096
v -0.00458959 -0.00985777 -0.02504784
v -0.00461972 -0.00987144 -0.02606664
v -0.00464340 -0.00988055 -0.02708544
v -0.00465631 -0.00988283 -0.02810017
v -0.00465846 -0.00988283 -0.02911897
v -0.00715497 -0.00724193 -0.03828005
v -0.00626397 -0.00838123 -0.02606664
v -0.00677403 -0.00780019 -0.02606664
v -0.00525891 -0.00937470 -0.02810017
v -0.00576682 -0.00888936 -0.02708544
v 0.00718486 -0.00915596 -0.02854437
v 0.00823727 -0.00816704 -0.02967728
v 0.00769923 -0.00868884 -0.02911897
v 0.00774658 -0.00878227 -0.02708544
v 0.00723652 -0.00919241 -0.02708544
v 0.00668126 -0.00953876 -0.02708544
v 0.00585268 -0.01001271 -0.02708544
v 0.00586774 -0.01002638 -0.02606664
v 0.00585268 -0.01002638 -0.02504784
v 0.00534262 -0.01025880 -0.02504784
v 0.00529957 -0.01023829 -0.02402904
v 0.00523070 -0.01020867 -0.02301431
v 0.00517690 -0.01018588 -0.02241525
v 0.00470558 -0.01032260 -0.02204033
v 0.00447099 -0.01029981 -0.02097670
v 0.00362735 -0.01058008 -0.02097670
v -0.00824396 -0.00535981 -0.03929885
v -0.00759185 -0.00661304 -0.03828005
v -0.00800507 -0.00600009 -0.03828005
v -0.00920812 -0.00335008 -0.03994273
v -0.00933295 -0.00254346 -0.04004869
v -0.00942980 -0.00152492 -0.04008537
v 0.00123415 0.00661652 -0.03682112
v -0.00858400 0.00152612 -0.04021985
v 0.00172699 0.00559798 -0.03657253
v 0.00909383 0.00050987 -0.03261958
v 0.00965124 -0.00050639 -0.03211018
v -0.00948145 -0.00050639 -0.04008537
v 0.00949628 -0.00254346 -0.03195940
v 0.01016130 -0.00050639 -0.03156818
v 0.01010749 -0.00152492 -0.03150705
v 0.00934348 -0.00355971 -0.03179231
v 0.01024308 -0.00406784 -0.03064718
v 0.00955439 -0.00450077 -0.03116880
v 0.01013117 -0.00457825 -0.03048417
v 0.00988582 -0.00557400 -0.03010925
v 0.00940159 -0.00635783 -0.03013778
v 0.00922511 -0.00712117 -0.02961207
v 0.00904002 -0.00686824 -0.03013778
v 0.00848477 -0.00759512 -0.03006442
v 0.00362735 -0.01047527 -0.01995790
v 0.00260938 -0.01064844 -0.01894317
v 0.00159141 -0.01073503 -0.01792844
v 0.00057559 -0.01073275 -0.01690964
v -0.00044238 -0.01084212 -0.01792844
v -0.00146035 -0.01069857 -0.01792844
v -0.00200055 -0.01018816 -0.01426890
v -0.00209309 -0.01022006 -0.01487204
v -0.00247833 -0.01049805 -0.01894317
v -0.00342528 -0.00933369 -0.01080090
v -0.00393534 -0.00913089 -0.01080090
v -0.00311536 -0.01024285 -0.01894317
v -0.00510396 -0.00818527 -0.00672976
v -0.00518574 -0.00929495 -0.02301431
v -0.00522233 -0.00932685 -0.02402904
v -0.00543754 -0.00787538 -0.00579654
v -0.00627904 -0.00726016 -0.00469623
v -0.00725396 -0.00632821 -0.00367743
v -0.00622738 -0.00833566 -0.02301431
v -0.00573024 -0.00886657 -0.02402904
v -0.00524170 -0.00934964 -0.02504784
v -0.00525461 -0.00936331 -0.02606664
v -0.00525891 -0.00937242 -0.02708544
v -0.00718079 -0.00729206 -0.02606664
v -0.00576252 -0.00888936 -0.02606664
v -0.00626182 -0.00837440 -0.02504784
v -0.00677188 -0.00780475 -0.02504784
v -0.00718079 -0.00729434 -0.02504784
v 0.00886785 -0.00755410 -0.02921270
v 0.00826955 -0.00819894 -0.02911897
v 0.00835133 -0.00827186 -0.02708544
v 0.00837931 -0.00829692 -0.02606664
v 0.00776810 -0.00880733 -0.02606664
v 0.00725804 -0.00920836 -0.02606664
v 0.00668126 -0.00956611 -0.02606664
v 0.00668126 -0.00956383 -0.02504784
v 0.00668126 -0.00953876 -0.02402904
v 0.00580963 -0.01001043 -0.02402904
v 0.00574077 -0.00998309 -0.02301431
v 0.00557505 -0.00997170 -0.02204033
v 0.00566329 -0.00981903 -0.02097670
v 0.00508651 -0.01014943 -0.02173469
v 0.00498105 -0.01011069 -0.02097670
v 0.00432249 -0.01024513 -0.01995790
v -0.00903810 -0.00400404 -0.03929885
v -0.00831067 -0.00549197 -0.03828005
v -0.00800292 -0.00597275 -0.02810017
v -0.00926193 -0.00349363 -0.03929885
v -0.00956969 -0.00254346 -0.03929885
v -0.00978275 -0.00152492 -0.03929885
v -0.00989036 -0.00050639 -0.03929885
v 0.00118680 0.00722263 -0.03680075
v 0.00174421 0.00661652 -0.03654401
v -0.00784796 0.00356319 -0.03993866
v -0.00788455 0.00457945 -0.03990198
v -0.00948145 0.00050987 -0.04008537
v -0.00942980 0.00152612 -0.04008537
v -0.00858400 0.00254466 -0.04017910
v 0.00902926 0.00152612 -0.03257068
v 0.00959528 0.00152612 -0.03206128
v 0.00964908 0.00050987 -0.03211018
v 0.01000634 -0.00254346 -0.03139702
v 0.01034638 -0.00339110 -0.03076128
v 0.00993102 -0.00366225 -0.03112398
v 0.01015699 0.00050987 -0.03156410
v 0.01060464 -0.00050639 -0.03105877
v 0.01055299 -0.00152492 -0.03100172
v 0.01045830 -0.00254346 -0.03088762
v 0.01100925 -0.00257308 -0.03009702
v 0.01061971 -0.00366225 -0.03023966
v 0.01045184 -0.00457825 -0.02997477
v 0.01030765 -0.00522081 -0.02975063
v 0.01010965 -0.00584515 -0.02911897
v 0.00954578 -0.00671558 -0.02921270
v 0.00925954 -0.00716218 -0.02893151
v 0.00421058 -0.01020411 -0.01922844
v 0.00370482 -0.01033399 -0.01891057
v 0.00346809 -0.01029298 -0.01792844
v 0.00260938 -0.01053451 -0.01792844
v 0.00159141 -0.01062566 -0.01690964
v 0.00057559 -0.01062338 -0.01589084
v -0.00044238 -0.01062566 -0.01589084
v -0.00146035 -0.01048210 -0.01589084
v -0.00146035 -0.01037273 -0.01487204
v -0.00183053 -0.01014943 -0.01358834
v -0.00247833 -0.00963674 -0.01080090
v -0.00247833 -0.00975979 -0.01181970
v -0.00328754 -0.00926989 -0.00978210
v -0.00379545 -0.00908304 -0.00978210
v -0.00503509 -0.00814654 -0.00619591
v -0.00451427 -0.00854985 -0.00774857
v -0.00614991 -0.00717813 -0.00404012
v -0.00651362 -0.00684773 -0.00368966
v -0.00717649 -0.00620973 -0.00298872
v -0.00739385 -0.00563552 -0.00265455
v -0.00813635 -0.00323159 -0.00098779
v -0.00913710 -0.00313589 -0.00814794
v -0.00915862 -0.00318146 -0.00876737
v -0.00717218 -0.00728295 -0.02402904
v -0.00675682 -0.00779335 -0.02402904
v -0.00624891 -0.00835845 -0.02402904
v -0.00575176 -0.00888252 -0.02504784
v 0.00881835 -0.00771132 -0.02810017
v 0.00885924 -0.00775234 -0.02708544
v 0.00888722 -0.00778424 -0.02606664
v 0.00889368 -0.00779563 -0.02504784
v 0.00838577 -0.00830148 -0.02504784
v 0.00776379 -0.00881189 -0.02504784
v 0.00725373 -0.00920609 -0.02504784
v 0.00724082 -0.00919469 -0.02402904
v 0.00721715 -0.00917646 -0.02301431
v 0.00668126 -0.00949319 -0.02301431
v 0.00675228 -0.00937926 -0.02206886
v 0.00654998 -0.00937470 -0.02097670
v 0.00643591 -0.00931090 -0.01995790
v 0.00566329 -0.00969599 -0.01995790
v 0.00483255 -0.01005373 -0.01995790
v -0.00878845 -0.00457825 -0.03828005
v -0.00906178 -0.00399037 -0.03828005
v -0.00827409 -0.00546462 -0.02810017
v -0.00939321 -0.00254346 -0.00876737
v -0.00978490 -0.00152492 -0.03828005
v -0.00966869 -0.00152492 -0.01487204
v -0.00990112 -0.00050639 -0.03828005
v -0.00989036 0.00050987 -0.03929885
v -0.00990327 0.00050987 -0.03828005
v 0.00227364 0.00724541 -0.03591643
v 0.00802205 0.00457945 -0.03256660
v 0.00818992 0.00404626 -0.03267663
v 0.00831044 0.00336723 -0.03273776
v -0.00797494 0.00517416 -0.03984900
v -0.00603154 0.00714971 -0.03879760
v 0.00057559 0.00742087 -0.03687003
v -0.00079964 0.00815685 -0.03676815
v -0.00379975 0.01023494 -0.03586752
v 0.00431604 0.01026228 -0.03074906
v 0.00566329 0.00938730 -0.03088762
v 0.00624007 0.00920729 -0.03069608
v 0.00892811 0.00254466 -0.03246880
v -0.00933295 0.00254466 -0.04004869
v -0.00977844 0.00152612 -0.03929885
v -0.00814065 0.00517416 -0.03984900
v 0.00949843 0.00254466 -0.03195940
v 0.01010534 0.00152612 -0.03150705
v 0.01055299 0.00152612 -0.03099765
v 0.01060034 0.00050987 -0.03105470
v 0.01111255 -0.00050639 -0.03042712
v 0.01106090 -0.00152492 -0.03034561
v 0.01131270 -0.00225407 -0.02972618
v 0.01123307 -0.00293082 -0.02935126
v 0.01071010 -0.00457825 -0.02911897
v 0.01036575 -0.00533702 -0.02911897
v 0.01041095 -0.00542361 -0.02810017
v 0.01015269 -0.00593174 -0.02810017
v 0.00971150 -0.00661304 -0.02810017
v 0.00929398 -0.00720320 -0.02810017
v 0.00409436 -0.01016310 -0.01854788
v 0.00316033 -0.01019272 -0.01629428
v 0.00260938 -0.01041602 -0.01690964
v 0.00159141 -0.01050717 -0.01589084
v 0.00057559 -0.01049805 -0.01487204
v -0.00044238 -0.01051400 -0.01487204
v -0.00115260 -0.01021551 -0.01307894
v -0.00147972 -0.01025652 -0.01389806
v -0.00147972 -0.01011525 -0.01277738
v -0.00146035 -0.00998992 -0.01181970
v -0.00247833 -0.00948408 -0.00978210
v -0.00295180 -0.00915368 -0.00829057
v -0.00312613 -0.00920609 -0.00896706
v -0.00347693 -0.00904886 -0.00868179
v -0.00472518 -0.00807362 -0.00551535
v -0.00553224 -0.00758828 -0.00469623
v -0.00451427 -0.00840402 -0.00672976
v -0.00349630 -0.00868201 -0.00672976
v -0.00544400 -0.00725788 -0.00368966
v -0.00572593 -0.00704369 -0.00335956
v -0.00650717 -0.00634872 -0.00265455
v -0.00681923 -0.00600009 -0.00230816
v -0.00729916 -0.00532107 -0.00188434
v -0.00731207 -0.00432760 -0.00091851
v -0.00761768 -0.00356883 -0.00061287
v -0.00792544 -0.00278499 -0.00030723
v -0.00810191 -0.00210597 -0.00008309
v -0.00816648 -0.00248421 -0.00063732
v -0.00980427 -0.00050639 -0.00774857
v -0.00961488 -0.00152492 -0.00774857
v 0.00932841 -0.00724421 -0.02708544
v 0.00935424 -0.00727383 -0.02606664
v 0.00936715 -0.00728523 -0.02504784
v 0.00937361 -0.00729206 -0.02402904
v 0.00889368 -0.00780019 -0.02402904
v 0.00838577 -0.00829920 -0.02402904
v 0.00775088 -0.00880733 -0.02402904
v 0.00772721 -0.00879822 -0.02301431
v 0.00719778 -0.00916279 -0.02245600
v 0.00713967 -0.00912861 -0.02177952
v 0.00706004 -0.00907848 -0.02097670
v 0.00694382 -0.00900785 -0.01995790
v 0.00630463 -0.00923571 -0.01894317
v 0.00566329 -0.00955243 -0.01894317
v 0.00464532 -0.00985549 -0.01792844
v 0.00458721 -0.01001499 -0.01891057
v -0.00962995 -0.00152492 -0.00876737
v -0.00982795 0.00050987 -0.00774857
v -0.00984731 0.00050987 -0.01487204
v -0.00977844 0.00152612 -0.03828005
v -0.00974186 0.00152612 -0.01487204
v 0.00731399 0.00825711 -0.03074906
v 0.00723652 0.00717478 -0.03170673
v 0.00746464 0.00661652 -0.03189827
v 0.00818777 0.00607877 -0.03164561
v 0.00840298 0.00539975 -0.03185752
v 0.00873227 0.00450198 -0.03199200
v 0.00924233 0.00410778 -0.03168228
v 0.00934348 0.00356319 -0.03179231
v 0.00867631 0.00364978 -0.03237507
v -0.00712268 0.00719984 -0.03885873
v -0.00655021 0.00719984 -0.03884650
v -0.00553224 0.00842573 -0.03797848
v -0.00494470 0.00837332 -0.03784400
v -0.00451427 0.00935312 -0.03700858
v -0.00408599 0.01023494 -0.03586752
v -0.00349630 0.01061774 -0.03420891
v -0.00347477 0.01036482 -0.03529292
v 0.00057559 0.01147450 -0.03013778
v 0.00125136 0.01122613 -0.03068793
v 0.00193145 0.01116461 -0.03054530
v -0.00281837 0.01037393 -0.03499543
v 0.00362735 0.01077041 -0.03013778
v 0.00465177 0.01036254 -0.03010925
v 0.00499612 0.01009367 -0.03042712
v 0.00644883 0.00934856 -0.03013778
v 0.00695889 0.00897031 -0.03013778
v 0.00767125 0.00841434 -0.03006442
v -0.00920812 0.00334217 -0.03994273
v -0.00956538 0.00254466 -0.03929885
v -0.00824180 0.00535873 -0.03929885
v 0.01035069 0.00337863 -0.03076536
v 0.01000849 0.00254466 -0.03140109
v 0.01046475 0.00254466 -0.03089169
v 0.01106090 0.00152612 -0.03033746
v 0.01110825 0.00050987 -0.03041897
v 0.01141385 -0.00050639 -0.02991772
v 0.01136866 -0.00152492 -0.02983621
v 0.01153007 -0.00152492 -0.02911897
v 0.01134499 -0.00257308 -0.02905377
v 0.01144614 -0.00254346 -0.02810017
v 0.01126751 -0.00307209 -0.02867070
v 0.01111255 -0.00347085 -0.02905377
v 0.01114053 -0.00367136 -0.02810017
v 0.01118142 -0.00382631 -0.02708544
v 0.01079834 -0.00457825 -0.02810017
v 0.01088012 -0.00457825 -0.02708544
v 0.01095760 -0.00457825 -0.02606664
v 0.01044969 -0.00549425 -0.02708544
v 0.01049058 -0.00555805 -0.02606664
v 0.01018928 -0.00600237 -0.02708544
v 0.01022371 -0.00606845 -0.02606664
v 0.00978252 -0.00661304 -0.02708544
v 0.00397815 -0.01012208 -0.01792844
v 0.00378661 -0.01005145 -0.01690964
v 0.00355202 -0.00999448 -0.01593159
v 0.00362735 -0.00980080 -0.01487204
v 0.00299461 -0.01014259 -0.01561780
v 0.00263735 -0.01028386 -0.01593159
v 0.00227794 -0.01022462 -0.01487204
v 0.00212084 -0.01018133 -0.01433003
v 0.00159141 -0.01036362 -0.01487204
v 0.00116097 -0.01019044 -0.01325418
v 0.00057559 -0.01035222 -0.01385731
v -0.00044238 -0.01038412 -0.01385731
v -0.00044238 -0.01024285 -0.01289556
v -0.00044238 -0.01016766 -0.01238616
v -0.00044238 -0.01007879 -0.01181970
v -0.00146035 -0.00982359 -0.01080090
v -0.00227172 -0.00920153 -0.00809903
v -0.00255796 -0.00908076 -0.00775264
v -0.00349630 -0.00889847 -0.00774857
v -0.00146035 -0.00963218 -0.00978210
v -0.00404725 -0.00815109 -0.00518118
v -0.00443679 -0.00792095 -0.00478181
v -0.00247833 -0.00881645 -0.00672976
v -0.00349630 -0.00839035 -0.00571096
v -0.00504800 -0.00713028 -0.00315580
v -0.00544400 -0.00677026 -0.00275236
v -0.00614130 -0.00614820 -0.00209625
v -0.00652869 -0.00559222 -0.00165205
v -0.00691823 -0.00500662 -0.00120785
v -0.00681277 -0.00390834 -0.00023795
v -0.00724536 -0.00322932 0.00001064
v -0.00757894 -0.00248421 0.00015327
v -0.00693329 -0.00183709 0.00085828
v -0.00710547 -0.00115807 0.00093571
v -0.00813850 -0.00152492 -0.00003012
v -0.00816217 -0.00050639 0.00000248
v 0.00984278 -0.00661304 -0.02606664
v 0.00994823 -0.00651962 -0.02509267
v 0.00988152 -0.00663127 -0.02402904
v 0.00987937 -0.00662671 -0.02301431
v 0.00936930 -0.00728750 -0.02301431
v 0.00888507 -0.00779563 -0.02301431
v 0.00837716 -0.00828781 -0.02301431
v 0.00833627 -0.00825363 -0.02199551
v 0.00760238 -0.00882328 -0.02206886
v 0.00769923 -0.00862049 -0.02097670
v 0.00776810 -0.00843364 -0.02002310
v 0.00755719 -0.00841541 -0.01894317
v 0.00681469 -0.00892582 -0.01894317
v 0.00621639 -0.00918330 -0.01827891
v 0.00573001 -0.00936787 -0.01793659
v 0.00548896 -0.00932457 -0.01690964
v 0.00464532 -0.00970966 -0.01690964
v -0.00816217 0.00050987 0.00000248
v -0.00813850 0.00152612 -0.00003012
v -0.00810191 0.00210717 -0.00008309
v -0.00816648 0.00248542 -0.00063732
v -0.00969882 0.00152612 -0.00774857
v -0.00951803 0.00254466 -0.00876737
v 0.00823512 0.00817053 -0.02967728
v 0.00799192 0.00790849 -0.03035376
v 0.00829753 0.00722946 -0.03072461
v 0.00761314 0.00754163 -0.03107507
v 0.00797255 0.00661652 -0.03145407
v 0.00852351 0.00661652 -0.03094467
v 0.00921650 0.00609244 -0.03063495
v 0.00941665 0.00541342 -0.03083871
v 0.00908092 0.00478680 -0.03151927
v 0.00955009 0.00450198 -0.03116880
v 0.01023878 0.00405765 -0.03063903
v -0.00800507 0.00599902 -0.03828005
v -0.00759185 0.00661652 -0.03828005
v -0.00715281 0.00724313 -0.03828005
v -0.00623169 0.00835509 -0.03726125
v -0.00617358 0.00828901 -0.03797441
v -0.00516852 0.00929388 -0.03702488
v -0.00523954 0.00935996 -0.03624652
v -0.00412903 0.01026456 -0.03522772
v -0.00349630 0.01068382 -0.03319011
v -0.00221361 0.01128537 -0.03013778
v -0.00146035 0.01143804 -0.03013778
v -0.00044238 0.01151551 -0.03013778
v 0.00159141 0.01132411 -0.03017853
v 0.00057559 0.01160893 -0.02911897
v 0.00159141 0.01146538 -0.02911897
v 0.00232529 0.01125575 -0.02986474
v 0.00264166 0.01108030 -0.03017853
v 0.00362735 0.01092536 -0.02911897
v 0.00522640 0.01021443 -0.02975063
v 0.00560518 0.00987036 -0.03010925
v 0.00664037 0.00947389 -0.02911897
v 0.00714828 0.00912982 -0.02911897
v -0.00926193 0.00348800 -0.03929885
v -0.00902949 0.00399613 -0.03929885
v -0.00830852 0.00549089 -0.03828005
v 0.01062616 0.00365662 -0.03023558
v 0.01101786 0.00259023 -0.03009702
v 0.01131270 0.00228034 -0.02973026
v 0.01136220 0.00152612 -0.02982806
v 0.01140525 0.00050987 -0.02990956
v 0.01162261 -0.00050639 -0.02911897
v 0.01172807 -0.00050639 -0.02810017
v 0.01163122 -0.00152492 -0.02810017
v 0.01154514 -0.00254346 -0.02708544
v 0.01129764 -0.00316096 -0.02810017
v 0.01134929 -0.00331590 -0.02708544
v 0.01139233 -0.00343667 -0.02606664
v 0.01122016 -0.00394480 -0.02606664
v 0.01124383 -0.00401999 -0.02504784
v 0.01100710 -0.00457825 -0.02504784
v 0.01046475 -0.00569476 -0.02509267
v 0.01024093 -0.00610035 -0.02546351
v 0.00464532 -0.00955015 -0.01589084
v 0.00425147 -0.00921292 -0.01283851
v 0.00362735 -0.00963446 -0.01385731
v 0.00260938 -0.00980992 -0.01283851
v 0.00278585 -0.01008563 -0.01487204
v 0.00252114 -0.01001043 -0.01393474
v 0.00183890 -0.01012892 -0.01364947
v 0.00153760 -0.01006512 -0.01288333
v 0.00057559 -0.01002638 -0.01181970
v 0.00057559 -0.01014715 -0.01251656
v -0.00044238 -0.00988967 -0.01080090
v -0.00146035 -0.00941344 -0.00876737
v -0.00146035 -0.00922659 -0.00802161
v -0.00349630 -0.00818299 -0.00510376
v -0.00349630 -0.00796881 -0.00459435
v -0.00451427 -0.00744017 -0.00367743
v -0.00146035 -0.00882328 -0.00672976
v -0.00247833 -0.00847238 -0.00571096
v -0.00146035 -0.00907848 -0.00751220
v -0.00451427 -0.00715762 -0.00311098
v -0.00451427 -0.00682495 -0.00260565
v -0.00451427 -0.00631682 -0.00187211
v -0.00553224 -0.00623251 -0.00198622
v -0.00553224 -0.00580641 -0.00147682
v -0.00624030 -0.00518436 -0.00103669
v -0.00652653 -0.00456458 -0.00063732
v -0.00613484 -0.00412481 -0.00007087
v -0.00650286 -0.00356655 0.00014919
v -0.00657603 -0.00255257 0.00070750
v -0.00625536 -0.00221990 0.00097646
v -0.00657603 -0.00150897 0.00105796
v -0.00655021 -0.00050639 0.00118837
v -0.00712914 -0.00050639 0.00095201
v -0.00763920 -0.00050639 0.00051189
v 0.01025169 -0.00611630 -0.02478295
v 0.01025599 -0.00612314 -0.02402904
v 0.01025169 -0.00611630 -0.02301431
v 0.01024523 -0.00610719 -0.02248453
v 0.00934133 -0.00725332 -0.02199551
v 0.00884633 -0.00776145 -0.02199551
v 0.00826740 -0.00819211 -0.02097670
v 0.00822005 -0.00815109 -0.02040210
v 0.00815334 -0.00809413 -0.01972561
v 0.00743451 -0.00832655 -0.01792844
v 0.00730538 -0.00822857 -0.01690964
v 0.00722360 -0.00816704 -0.01627391
v 0.00668126 -0.00864327 -0.01690964
v 0.00660593 -0.00888025 -0.01793659
v 0.00611309 -0.00912861 -0.01760243
v 0.00532109 -0.00924254 -0.01589084
v -0.00763705 0.00050987 0.00051189
v -0.00710547 0.00115927 0.00093571
v -0.00693544 0.00183829 0.00085828
v -0.00757679 0.00248542 0.00015327
v -0.00792329 0.00278619 -0.00031131
v -0.00813635 0.00323052 -0.00098779
v -0.00935232 0.00262669 -0.00767114
v -0.00918875 0.00327381 -0.00796048
v -0.00923610 0.00338318 -0.00876737
v 0.00769923 0.00868321 -0.02911897
v 0.00827170 0.00820470 -0.02911897
v 0.00886785 0.00755530 -0.02920863
v 0.00922296 0.00712237 -0.02960392
v 0.00848046 0.00759404 -0.03006442
v 0.00906800 0.00671678 -0.03023151
v 0.00945539 0.00644335 -0.02995847
v 0.00977391 0.00565951 -0.03019891
v 0.01012902 0.00457945 -0.03048417
v 0.01045614 0.00457945 -0.02997884
v -0.00800076 0.00597168 -0.02810017
v -0.00717864 0.00729554 -0.02504784
v -0.00718079 0.00729099 -0.02606664
v -0.00673960 0.00774671 -0.03726125
v -0.00676758 0.00780139 -0.02606664
v -0.00574961 0.00885411 -0.03624652
v -0.00625536 0.00837560 -0.02708544
v -0.00576467 0.00888373 -0.02810017
v -0.00465201 0.00986808 -0.03217538
v -0.00463694 0.00986580 -0.03522772
v -0.00525461 0.00937363 -0.02810017
v -0.00465846 0.00987720 -0.02911897
v -0.00414194 0.01028279 -0.03217538
v -0.00349630 0.01069521 -0.03217538
v -0.00276026 0.01110309 -0.02911897
v -0.00272367 0.01110081 -0.03013778
v -0.00225235 0.01130588 -0.02911897
v -0.00146035 0.01151551 -0.02911897
v -0.00044238 0.01163856 -0.02911897
v 0.00057559 0.01159299 -0.02810017
v 0.00159141 0.01145171 -0.02810017
v 0.00243505 0.01128537 -0.02911897
v 0.00242214 0.01127170 -0.02708544
v 0.00243075 0.01127854 -0.02810017
v 0.00294511 0.01114866 -0.02911897
v 0.00464532 0.01052432 -0.02911897
v 0.00362735 0.01093447 -0.02810017
v 0.00464532 0.01056306 -0.02708544
v 0.00464532 0.01054483 -0.02810017
v 0.00527805 0.01023722 -0.02911897
v 0.00578811 0.00998201 -0.02911897
v 0.00668126 0.00953996 -0.02708544
v 0.00723436 0.00919362 -0.02708544
v 0.00774227 0.00878803 -0.02708544
v -0.00906178 0.00398929 -0.03828005
v -0.00878415 0.00457945 -0.03828005
v -0.00827194 0.00546355 -0.02810017
v 0.01124168 0.00295936 -0.02945314
v 0.01135575 0.00259023 -0.02911490
v 0.01151931 0.00152612 -0.02911897
v 0.01160755 0.00050987 -0.02911897
v 0.01171516 0.00050987 -0.02810017
v 0.01181415 0.00050987 -0.02708544
v 0.01191100 0.00050987 -0.02606664
v 0.01182276 -0.00050639 -0.02708544
v 0.01172592 -0.00152492 -0.02708544
v 0.01163122 -0.00254346 -0.02606664
v 0.01168933 -0.00254346 -0.02504784
v 0.01173883 -0.00254346 -0.02402904
v 0.01142031 -0.00351186 -0.02504784
v 0.01141385 -0.00365541 -0.02406571
v 0.01125675 -0.00405645 -0.02443248
v 0.01127181 -0.00409291 -0.02375192
v 0.01108027 -0.00448938 -0.02406571
v 0.01054223 -0.00559678 -0.02402904
v 0.00520703 -0.00918558 -0.01523065
v 0.00470558 -0.00935647 -0.01488426
v 0.00444517 -0.00929951 -0.01385731
v 0.00414817 -0.00916507 -0.01230873
v 0.00362735 -0.00946357 -0.01283851
v 0.00508436 -0.00912633 -0.01455009
v 0.00495523 -0.00906253 -0.01385731
v 0.00260938 -0.00960712 -0.01181970
v 0.00159141 -0.00986004 -0.01181970
v 0.00057559 -0.00982131 -0.01080090
v -0.00044238 -0.00966636 -0.00978210
v -0.00044238 -0.00941116 -0.00876737
v -0.00247833 -0.00821034 -0.00504670
v -0.00247833 -0.00797336 -0.00454138
v -0.00349630 -0.00752220 -0.00367743
v -0.00044238 -0.00873442 -0.00672976
v -0.00146035 -0.00843592 -0.00571096
v -0.00044238 -0.00921292 -0.00808681
v -0.00044238 -0.00904431 -0.00757741
v -0.00349630 -0.00718497 -0.00306615
v -0.00349630 -0.00684546 -0.00256082
v -0.00349630 -0.00633505 -0.00184359
v -0.00349630 -0.00593401 -0.00133826
v -0.00451427 -0.00590439 -0.00136679
v -0.00553224 -0.00529601 -0.00092259
v -0.00553224 -0.00474686 -0.00041319
v -0.00553224 -0.00423874 0.00001879
v -0.00553224 -0.00355971 0.00046706
v -0.00553224 -0.00291259 0.00084198
v -0.00553224 -0.00240446 0.00104574
v -0.00553224 -0.00152492 0.00129025
v -0.00553224 -0.00050639 0.00141251
v -0.00655021 0.00050987 0.00118429
v -0.00712914 0.00050987 0.00095201
v 0.01054653 -0.00559678 -0.02301431
v 0.01046690 -0.00567198 -0.02208516
v 0.01021725 -0.00606390 -0.02180805
v 0.00991165 -0.00651278 -0.02208516
v 0.00928322 -0.00718725 -0.02097670
v 0.00877531 -0.00769537 -0.02097670
v 0.00924017 -0.00713940 -0.02038172
v 0.00870214 -0.00761562 -0.02005163
v 0.00860098 -0.00751081 -0.01894317
v 0.00806510 -0.00801893 -0.01894317
v 0.00674367 -0.00841313 -0.01591937
v 0.00794242 -0.00791412 -0.01792844
v 0.00781329 -0.00779791 -0.01690964
v 0.00770784 -0.00764297 -0.01585824
v 0.00760238 -0.00749941 -0.01487204
v 0.00712460 -0.00809185 -0.01559742
v 0.00634767 -0.00826275 -0.01385731
v 0.00650693 -0.00836528 -0.01487204
v 0.00599902 -0.00906481 -0.01690964
v -0.00657819 0.00151017 0.00105796
v -0.00625751 0.00222110 0.00097646
v -0.00657819 0.00255377 0.00070750
v -0.00724536 0.00323052 0.00001064
v -0.00761768 0.00357003 -0.00061287
v -0.00730992 0.00432880 -0.00091851
v -0.00729916 0.00532455 -0.00188434
v -0.00739385 0.00563672 -0.00265455
v -0.00724966 0.00632714 -0.00367743
v -0.00898215 0.00389359 -0.00876737
v -0.00900367 0.00388220 -0.00978210
v 0.00831475 0.00824344 -0.02810017
v 0.00886355 0.00775582 -0.02708544
v 0.00882266 0.00771481 -0.02810017
v 0.00925739 0.00716338 -0.02892744
v 0.01031625 0.00522885 -0.02975878
v 0.00953932 0.00671678 -0.02920863
v 0.01010319 0.00585547 -0.02911897
v -0.00860982 0.00457945 -0.00978210
v -0.00717218 0.00728415 -0.02402904
v -0.00676973 0.00780367 -0.02504784
v -0.00625967 0.00837332 -0.02606664
v -0.00625967 0.00837332 -0.02504784
v -0.00576037 0.00888601 -0.02708544
v -0.00575391 0.00888373 -0.02606664
v -0.00525246 0.00936679 -0.02708544
v -0.00465416 0.00988176 -0.02810017
v -0.00414840 0.01028962 -0.02911897
v -0.00349630 0.01070205 -0.03013778
v -0.00349630 0.01070433 -0.02911897
v -0.00349630 0.01068838 -0.02810017
v -0.00273013 0.01109169 -0.02810017
v -0.00222007 0.01129221 -0.02810017
v -0.00146035 0.01149045 -0.02810017
v -0.00044238 0.01161805 -0.02810017
v 0.00057559 0.01157248 -0.02708544
v 0.00159141 0.01143576 -0.02708544
v 0.00293220 0.01115094 -0.02708544
v 0.00293866 0.01115094 -0.02810017
v 0.00237479 0.01125803 -0.02606664
v 0.00288485 0.01114410 -0.02606664
v 0.00362735 0.01094130 -0.02708544
v 0.00534046 0.01026456 -0.02708544
v 0.00531033 0.01025317 -0.02810017
v 0.00464532 0.01056306 -0.02606664
v 0.00535553 0.01027140 -0.02606664
v 0.00584837 0.01001847 -0.02708544
v 0.00668126 0.00956959 -0.02606664
v 0.00725804 0.00921185 -0.02606664
v 0.00776810 0.00880853 -0.02606664
v 0.00835349 0.00827990 -0.02708544
v 0.01072301 0.00457945 -0.02911897
v 0.01111901 0.00349711 -0.02911490
v 0.01128042 0.00311431 -0.02877666
v 0.01146551 0.00254466 -0.02810017
v 0.01162477 0.00152612 -0.02810017
v 0.01180770 0.00152612 -0.02606664
v 0.01198633 0.00050987 -0.02504784
v 0.01191531 -0.00050639 -0.02606664
v 0.01171946 0.00152612 -0.02708544
v 0.01181200 -0.00152492 -0.02606664
v 0.01187442 -0.00152492 -0.02504784
v 0.01192607 -0.00152492 -0.02402904
v 0.01196696 -0.00152492 -0.02301431
v 0.01177326 -0.00254346 -0.02301431
v 0.01147412 -0.00355971 -0.02301431
v 0.01127827 -0.00410658 -0.02301431
v 0.01104799 -0.00461470 -0.02301431
v 0.00582900 -0.00897139 -0.01589084
v 0.00476153 -0.00896228 -0.01283851
v 0.00455062 -0.00885746 -0.01190936
v 0.00474001 -0.00844731 -0.01071532
v 0.00394371 -0.00907848 -0.01162817
v 0.00326578 -0.00921748 -0.01108616
v 0.00361443 -0.00928128 -0.01190936
v 0.00559442 -0.00891215 -0.01488426
v 0.00566329 -0.00867517 -0.01385731
v 0.00265888 -0.00933824 -0.01076830
v 0.00159141 -0.00963218 -0.01080090
v 0.00057559 -0.00957294 -0.00978210
v 0.00019035 -0.00918330 -0.00818461
v -0.00146035 -0.00818299 -0.00511191
v -0.00146035 -0.00793235 -0.00460658
v -0.00247833 -0.00751992 -0.00367743
v 0.00057559 -0.00854301 -0.00672976
v -0.00050480 -0.00830604 -0.00567428
v -0.00088573 -0.00815337 -0.00517711
v 0.00054761 -0.00897139 -0.00780562
v -0.00247833 -0.00717813 -0.00308245
v -0.00247833 -0.00683178 -0.00257305
v -0.00247833 -0.00632138 -0.00187211
v -0.00247833 -0.00590895 -0.00136271
v -0.00349630 -0.00542589 -0.00078403
v -0.00451427 -0.00539399 -0.00082071
v -0.00451427 -0.00486991 -0.00031131
v -0.00451427 -0.00436178 0.00011251
v -0.00452718 -0.00347768 0.00067082
v -0.00487368 -0.00302196 0.00089088
v -0.00452718 -0.00262549 0.00104981
v -0.00451427 -0.00152492 0.00131470
v -0.00553224 0.00050987 0.00140843
v -0.00451427 -0.00050639 0.00140436
v -0.00451427 0.00050987 0.00140436
v -0.00553224 0.00152612 0.00129025
v 0.01107597 -0.00449166 -0.02194253
v 0.01095114 -0.00457825 -0.02097670
v 0.01047336 -0.00547602 -0.02097670
v 0.01016991 -0.00598414 -0.02097670
v 0.00971580 -0.00661304 -0.02097670
v 0.00952426 -0.00668595 -0.02000680
v 0.00918422 -0.00707332 -0.01970116
v 0.00910889 -0.00698673 -0.01894317
v 0.00849122 -0.00740371 -0.01792844
v 0.00837285 -0.00728978 -0.01690964
v 0.00827816 -0.00719408 -0.01612313
v 0.00701484 -0.00800982 -0.01487204
v 0.00819207 -0.00710522 -0.01544257
v 0.00745819 -0.00737409 -0.01385731
v 0.00623576 -0.00818527 -0.01315230
v -0.00553224 0.00240566 0.00104574
v -0.00553224 0.00291379 0.00084198
v -0.00650286 0.00356775 0.00014919
v -0.00681277 0.00390954 -0.00023795
v -0.00691392 0.00500783 -0.00120785
v -0.00682568 0.00600358 -0.00231224
v -0.00717433 0.00620865 -0.00298872
v -0.00820091 0.00525392 -0.01080090
v -0.00819015 0.00522202 -0.00978210
v -0.00627688 0.00725909 -0.00469623
v -0.00634791 0.00735251 -0.00571096
v -0.00622954 0.00833686 -0.02301431
v -0.00624891 0.00836193 -0.02402904
v -0.00673745 0.00777405 -0.02301431
v -0.00715712 0.00726364 -0.02301431
v 0.00888722 0.00778544 -0.02606664
v 0.00935209 0.00727504 -0.02606664
v 0.00932626 0.00724769 -0.02708544
v 0.00929183 0.00720668 -0.02810017
v 0.00970289 0.00661652 -0.02810017
v 0.01037651 0.00534506 -0.02911897
v 0.01014623 0.00593522 -0.02810017
v -0.00675682 0.00779228 -0.02402904
v -0.00574530 0.00888145 -0.02504784
v -0.00523739 0.00934400 -0.02504784
v -0.00463694 0.00987720 -0.02708544
v -0.00414625 0.01028507 -0.02810017
v -0.00349630 0.01064736 -0.02708544
v -0.00412688 0.01026684 -0.02708544
v -0.00407307 0.01022582 -0.02504784
v -0.00266126 0.01106891 -0.02708544
v -0.00349630 0.01055166 -0.02504784
v -0.00349630 0.01049926 -0.02402904
v -0.00215335 0.01126487 -0.02708544
v -0.00207372 0.01123524 -0.02606664
v -0.00201131 0.01121246 -0.02528013
v -0.00195105 0.01119423 -0.02460364
v -0.00146035 0.01143804 -0.02708544
v -0.00044238 0.01157931 -0.02708544
v 0.00057559 0.01152690 -0.02606664
v 0.00159141 0.01140158 -0.02606664
v 0.00362735 0.01092536 -0.02606664
v 0.00226073 0.01123069 -0.02504784
v 0.00277079 0.01112131 -0.02504784
v 0.00362735 0.01083193 -0.02402904
v 0.00362735 0.01088434 -0.02504784
v 0.00586559 0.01002759 -0.02606664
v 0.00464532 0.01053116 -0.02504784
v 0.00533831 0.01025772 -0.02504784
v 0.00584837 0.01002759 -0.02504784
v 0.00668126 0.00956503 -0.02504784
v 0.00725588 0.00920729 -0.02504784
v 0.00776379 0.00881309 -0.02504784
v 0.00838577 0.00830496 -0.02504784
v 0.00837931 0.00830041 -0.02606664
v 0.01081555 0.00457945 -0.02810017
v 0.01114914 0.00372042 -0.02810017
v 0.01131055 0.00321001 -0.02810017
v 0.01155590 0.00254466 -0.02708544
v 0.01163337 0.00254466 -0.02606664
v 0.01187442 0.00152612 -0.02504784
v 0.01203798 0.00050987 -0.02402904
v 0.01204228 -0.00050639 -0.02402904
v 0.01198848 -0.00050639 -0.02504784
v 0.01208318 -0.00050639 -0.02301431
v 0.01196696 -0.00152492 -0.02199551
v 0.01176681 -0.00254346 -0.02199551
v 0.01142246 -0.00365541 -0.02194253
v 0.01127396 -0.00409518 -0.02224409
v 0.00573431 -0.00841769 -0.01282220
v 0.00547605 -0.00833338 -0.01181970
v 0.00529527 -0.00822629 -0.01099243
v 0.00514247 -0.00813514 -0.01031595
v 0.00444947 -0.00830148 -0.00978210
v 0.00361443 -0.00898734 -0.01076830
v 0.00302905 -0.00912861 -0.01040560
v 0.00235112 -0.00923799 -0.01003884
v 0.00163230 -0.00933824 -0.00973319
v 0.00131808 -0.00922204 -0.00907301
v 0.00054761 -0.00928584 -0.00874699
v 0.00086828 -0.00911494 -0.00839653
v -0.00144099 -0.00737865 -0.00359185
v -0.00176811 -0.00715079 -0.00312320
v 0.00114591 -0.00816249 -0.00617554
v 0.00057559 -0.00823768 -0.00601660
v 0.00159141 -0.00867517 -0.00774857
v -0.00020780 -0.00808729 -0.00531159
v -0.00050480 -0.00786855 -0.00478181
v -0.00044238 -0.00733308 -0.00382414
v -0.00109018 -0.00710294 -0.00320063
v -0.00146035 -0.00626213 -0.00194954
v -0.00146035 -0.00583831 -0.00144014
v -0.00247833 -0.00540082 -0.00081256
v -0.00349630 -0.00490637 -0.00027463
v -0.00349630 -0.00439824 0.00013697
v -0.00419575 -0.00308348 0.00091941
v -0.00380405 -0.00308348 0.00091941
v -0.00347693 -0.00261637 0.00101721
v -0.00349630 -0.00152492 0.00121282
v -0.00451427 0.00152612 0.00131063
v -0.00349630 -0.00050639 0.00127802
v -0.00349630 0.00050987 0.00127802
v -0.00349630 0.00152612 0.00120060
v -0.00452072 0.00262669 0.00104574
v 0.01125890 -0.00405873 -0.02156761
v 0.01123092 -0.00399037 -0.02097670
v 0.01117712 -0.00385365 -0.01995790
v 0.01083062 -0.00457825 -0.01995790
v 0.01040664 -0.00536209 -0.01995790
v 0.01009673 -0.00587021 -0.01995790
v 0.00950919 -0.00647632 -0.01894317
v 0.00941020 -0.00634644 -0.01792844
v 0.00899913 -0.00685457 -0.01792844
v 0.00888292 -0.00670874 -0.01690964
v 0.00731184 -0.00723965 -0.01283851
v 0.00685774 -0.00788222 -0.01385731
v 0.00853857 -0.00651050 -0.01487204
v 0.00811244 -0.00702091 -0.01487204
v 0.00722360 -0.00715534 -0.01222722
v 0.00871505 -0.00661076 -0.01590306
v 0.00611955 -0.00810780 -0.01247174
v -0.00486292 0.00302089 0.00089088
v -0.00553224 0.00356319 0.00046706
v -0.00613484 0.00412601 -0.00007087
v -0.00623384 0.00518100 -0.00104077
v -0.00653084 0.00559115 -0.00164798
v -0.00614775 0.00615168 -0.00209217
v -0.00651147 0.00634992 -0.00265455
v -0.00614775 0.00717933 -0.00404420
v -0.00651147 0.00684438 -0.00369373
v -0.00553224 0.00780823 -0.00571096
v -0.00548059 0.00795634 -0.00663603
v -0.00518359 0.00823205 -0.00774857
v -0.00400851 0.01018025 -0.02349111
v -0.00403649 0.01020076 -0.02402904
v -0.00454440 0.00983163 -0.02402904
v -0.00521372 0.00932350 -0.02402904
v -0.00572378 0.00887006 -0.02402904
v 0.00889368 0.00779683 -0.02504784
v 0.00936500 0.00728871 -0.02504784
v 0.00994608 0.00651854 -0.02505191
v 0.00983632 0.00661652 -0.02606664
v 0.00977391 0.00661652 -0.02708544
v 0.01021725 0.00606282 -0.02606664
v 0.01041956 0.00542481 -0.02810017
v 0.01049273 0.00555241 -0.02606664
v 0.01045614 0.00548861 -0.02708544
v -0.00458314 0.00985441 -0.02504784
v -0.00258378 0.01104156 -0.02606664
v -0.00247833 0.01096637 -0.02402904
v -0.00357162 0.01039216 -0.02309581
v -0.00339299 0.01039444 -0.02199551
v -0.00247833 0.01089345 -0.02301431
v -0.00186711 0.01117600 -0.02402904
v -0.00135920 0.01127626 -0.02402904
v -0.00044238 0.01152463 -0.02606664
v 0.00057559 0.01146311 -0.02504784
v 0.00159141 0.01134462 -0.02504784
v 0.00215957 0.01121018 -0.02434690
v 0.00254266 0.01110764 -0.02401681
v 0.00260938 0.01102333 -0.02301431
v 0.00362735 0.01076585 -0.02301431
v 0.00464532 0.01048559 -0.02402904
v 0.00464532 0.01042634 -0.02301431
v 0.00529312 0.01023722 -0.02402904
v 0.00580103 0.01001391 -0.02402904
v 0.00668126 0.00954224 -0.02402904
v 0.00724297 0.00919817 -0.02402904
v 0.00775303 0.00881081 -0.02402904
v 0.00838577 0.00830268 -0.02402904
v 0.00889583 0.00780367 -0.02402904
v 0.01089088 0.00457945 -0.02708544
v 0.01122231 0.00395511 -0.02606664
v 0.01118788 0.00385030 -0.02708544
v 0.01135575 0.00334217 -0.02708544
v 0.01139449 0.00344699 -0.02606664
v 0.01169148 0.00254466 -0.02504784
v 0.01192607 0.00152612 -0.02402904
v 0.01208102 0.00050987 -0.02301431
v 0.01208102 0.00050987 -0.02199551
v 0.01207887 -0.00050639 -0.02199551
v 0.01191100 -0.00152492 -0.02097670
v 0.01170655 -0.00254346 -0.02097670
v 0.01142246 -0.00348224 -0.02097670
v 0.00598396 -0.00801666 -0.01181970
v 0.00564607 -0.00791184 -0.01071532
v 0.00628526 -0.00721915 -0.01005514
v 0.00573431 -0.00750169 -0.00974135
v 0.00542655 -0.00731713 -0.00876737
v 0.00495953 -0.00803488 -0.00978210
v 0.00422780 -0.00818755 -0.00915859
v 0.00362735 -0.00867745 -0.00978210
v 0.00260938 -0.00871847 -0.00876737
v 0.00265888 -0.00903519 -0.00973319
v 0.00199601 -0.00913089 -0.00936235
v 0.00163230 -0.00903063 -0.00874699
v -0.00144099 -0.00682951 -0.00273606
v 0.00152899 -0.00781614 -0.00578839
v 0.00106628 -0.00711661 -0.00419498
v 0.00066813 -0.00746523 -0.00459843
v 0.00057559 -0.00798476 -0.00550720
v 0.00152899 -0.00828553 -0.00675829
v 0.00182599 -0.00804172 -0.00643635
v 0.00258785 -0.00833338 -0.00775672
v 0.00223490 -0.00819439 -0.00711691
v 0.00038835 -0.00722370 -0.00401160
v -0.00044238 -0.00703002 -0.00331474
v -0.00037136 -0.00648088 -0.00256897
v -0.00066406 -0.00617782 -0.00205142
v -0.00044238 -0.00518663 -0.00103669
v -0.00146035 -0.00533019 -0.00089406
v -0.00037136 -0.00576768 -0.00168465
v -0.00247833 -0.00486763 -0.00030316
v -0.00347693 -0.00347768 0.00069120
v -0.00247833 -0.00435722 0.00009621
v -0.00312397 -0.00300373 0.00089496
v -0.00272367 -0.00232471 0.00096423
v -0.00242237 -0.00146340 0.00100091
v -0.00348984 0.00260846 0.00100906
v -0.00382342 0.00308241 0.00091941
v -0.00247833 -0.00050639 0.00106204
v -0.00247833 0.00050987 0.00106204
v -0.00243098 0.00145321 0.00099276
v -0.00206081 0.00174487 0.00088680
v -0.00273874 0.00231224 0.00095608
v -0.00418499 0.00308241 0.00091941
v 0.01137296 -0.00334325 -0.01995790
v 0.01130410 -0.00316551 -0.01894317
v 0.01110394 -0.00367364 -0.01894317
v 0.01068642 -0.00457825 -0.01894317
v 0.01033562 -0.00524132 -0.01894317
v 0.01001710 -0.00574945 -0.01894317
v 0.00996115 -0.00553070 -0.01792844
v 0.00929828 -0.00620061 -0.01690964
v 0.00923372 -0.00611630 -0.01636356
v 0.00661669 -0.00780703 -0.01282220
v 0.00915194 -0.00599782 -0.01568300
v 0.00840298 -0.00634872 -0.01385731
v 0.00796610 -0.00685913 -0.01385731
v 0.00788862 -0.00657658 -0.01276515
v 0.00819207 -0.00608212 -0.01238208
v 0.00752706 -0.00666317 -0.01186046
v 0.00710093 -0.00703458 -0.01154666
v 0.00644452 -0.00735130 -0.01080090
v 0.00673076 -0.00744928 -0.01186046
v -0.00452072 0.00347889 0.00067082
v -0.00451427 0.00436526 0.00011659
v -0.00553224 0.00424222 0.00001879
v -0.00553224 0.00475035 -0.00041319
v -0.00553224 0.00580534 -0.00147682
v -0.00553224 0.00529493 -0.00092259
v -0.00543969 0.00676919 -0.00275643
v -0.00571732 0.00704262 -0.00336771
v -0.00553224 0.00623371 -0.00198622
v -0.00543969 0.00725909 -0.00369373
v -0.00553224 0.00758493 -0.00469623
v -0.00501787 0.00814090 -0.00623259
v -0.00510826 0.00818875 -0.00690907
v -0.00392027 0.00912526 -0.01080090
v -0.00331121 0.01034659 -0.02097670
v -0.00390305 0.01012101 -0.02199551
v -0.00396116 0.01015519 -0.02281462
v 0.00937146 0.00729326 -0.02402904
v 0.00988152 0.00663019 -0.02402904
v 0.01023878 0.00609928 -0.02539016
v 0.01024954 0.00611523 -0.02471367
v 0.01096190 0.00457945 -0.02606664
v 0.01046906 0.00569596 -0.02505191
v 0.01101355 0.00457945 -0.02504784
v -0.00321652 0.01029874 -0.01995790
v -0.00311967 0.01024861 -0.01894317
v -0.00297117 0.01017342 -0.01748017
v -0.00247833 0.01060635 -0.01995790
v -0.00167342 0.01113726 -0.02301431
v -0.00116551 0.01123752 -0.02301431
v -0.00044238 0.01146083 -0.02504784
v -0.00044238 0.01139475 -0.02402904
v 0.00057559 0.01139247 -0.02402904
v 0.00118034 0.01121018 -0.02231337
v 0.00136328 0.01123752 -0.02301431
v 0.00165382 0.01126714 -0.02401681
v 0.00203475 0.01118739 -0.02367042
v 0.00260938 0.01093675 -0.02199551
v 0.00159141 0.01096409 -0.01995790
v 0.00159141 0.01070661 -0.01690964
v 0.00362735 0.01067471 -0.02199551
v 0.00522640 0.01020987 -0.02301431
v 0.00470343 0.01031925 -0.02204441
v 0.00517690 0.01018937 -0.02241525
v 0.00573646 0.00998429 -0.02301431
v 0.00668126 0.00949439 -0.02301431
v 0.00721715 0.00917995 -0.02301431
v 0.00772721 0.00879942 -0.02301431
v 0.00837501 0.00828901 -0.02301431
v 0.00888507 0.00779683 -0.02301431
v 0.00936930 0.00728871 -0.02301431
v 0.01124599 0.00402803 -0.02504784
v 0.01142031 0.00351762 -0.02504784
v 0.01174098 0.00254466 -0.02402904
v 0.01196696 0.00152612 -0.02301431
v 0.01196696 0.00152612 -0.02199551
v 0.01191746 0.00152612 -0.02097670
v 0.01202722 0.00050987 -0.02097670
v 0.01202291 -0.00050639 -0.02097670
v 0.01194974 -0.00050639 -0.01995790
v 0.01182707 -0.00152492 -0.01995790
v 0.01161400 -0.00254346 -0.01995790
v 0.00695458 -0.00688191 -0.01080090
v 0.00670924 -0.00664494 -0.00972912
v 0.00611955 -0.00707787 -0.00937458
v 0.00523070 -0.00717813 -0.00814794
v 0.00459797 -0.00783437 -0.00879590
v 0.00394371 -0.00804856 -0.00847803
v 0.00361443 -0.00832655 -0.00879590
v 0.00326578 -0.00821034 -0.00810311
v 0.00221123 -0.00717585 -0.00510783
v 0.00159141 -0.00730118 -0.00488369
v 0.00163014 -0.00648544 -0.00361630
v 0.00131593 -0.00621428 -0.00302132
v 0.00066813 -0.00691837 -0.00367336
v 0.00159141 -0.00700724 -0.00437837
v 0.00258785 -0.00787538 -0.00675829
v 0.00257494 -0.00734903 -0.00572726
v 0.00291283 -0.00805539 -0.00742663
v 0.00057559 -0.00636467 -0.00281756
v 0.00001387 -0.00609124 -0.00216960
v 0.00007413 -0.00509093 -0.00113042
v -0.00086421 -0.00411797 -0.00008309
v -0.00146035 -0.00474003 -0.00038466
v -0.00247833 -0.00355971 0.00053634
v -0.00146035 -0.00422962 -0.00000567
v -0.00146035 -0.00355971 0.00030813
v -0.00242237 -0.00261637 0.00084198
v -0.00204574 -0.00176190 0.00088680
v -0.00195535 -0.00108287 0.00090718
v -0.00314549 0.00299127 0.00089088
v -0.00348984 0.00347889 0.00069120
v -0.00193168 -0.00050639 0.00091533
v -0.00193598 0.00050987 0.00091533
v -0.00195966 0.00106585 0.00090718
v -0.00155505 0.00145321 0.00074825
v -0.00146035 0.00254466 0.00059339
v -0.00243098 0.00260846 0.00083790
v -0.00349630 0.00439944 0.00013697
v 0.01148488 -0.00254346 -0.01894317
v 0.01126320 -0.00305614 -0.01842154
v 0.01102862 -0.00346173 -0.01802217
v 0.01040449 -0.00437545 -0.01690964
v 0.01047336 -0.00463977 -0.01792844
v 0.01027967 -0.00514790 -0.01826669
v 0.00969428 -0.00559678 -0.01690964
v 0.00945754 -0.00563324 -0.01597234
v 0.00938007 -0.00533019 -0.01487204
v 0.00904863 -0.00583831 -0.01487204
v 0.00829107 -0.00621200 -0.01305857
v 0.00895394 -0.00554893 -0.01383286
v 0.00856224 -0.00568337 -0.01276515
v 0.00842451 -0.00542817 -0.01181970
v 0.00809523 -0.00593629 -0.01181970
v 0.00727525 -0.00621200 -0.01008366
v 0.00740654 -0.00637151 -0.01080090
v -0.00349630 0.00490757 -0.00027463
v -0.00451427 0.00487567 -0.00030723
v -0.00451427 0.00590560 -0.00136679
v -0.00451427 0.00539519 -0.00081663
v -0.00503939 0.00712920 -0.00315988
v -0.00451427 0.00632030 -0.00187619
v -0.00451427 0.00683071 -0.00259750
v -0.00443679 0.00792216 -0.00478181
v -0.00404725 0.00815230 -0.00517711
v -0.00479620 0.00808850 -0.00571096
v -0.00428829 0.00823205 -0.00571096
v -0.00461327 0.00834370 -0.00663603
v -0.00327032 0.00926881 -0.00978210
v -0.00451427 0.00853282 -0.00774857
v -0.00377823 0.00907513 -0.00978210
v -0.00341021 0.00933717 -0.01080090
v 0.00987721 0.00662791 -0.02301431
v 0.01025169 0.00611978 -0.02301431
v 0.01025384 0.00612206 -0.02402904
v 0.01054869 0.00559798 -0.02402904
v 0.01108888 0.00449286 -0.02408201
v 0.01127181 0.00409639 -0.02378045
v 0.01125890 0.00406221 -0.02445693
v -0.00261606 0.01004581 -0.01487204
v -0.00247833 0.01050609 -0.01894317
v -0.00210600 0.01022582 -0.01487204
v -0.00101486 0.01121018 -0.02236227
v -0.00201131 0.01019164 -0.01424038
v -0.00146035 0.01090029 -0.01995790
v -0.00146035 0.01099371 -0.02097670
v -0.00044238 0.01131272 -0.02301431
v -0.00001195 0.01120107 -0.02142498
v 0.00017529 0.01120107 -0.02142498
v 0.00057559 0.01131272 -0.02301431
v 0.00085321 0.01118511 -0.02163689
v 0.00187119 0.01116233 -0.02301431
v 0.00057559 0.01107119 -0.01995790
v 0.00159141 0.01062002 -0.01589084
v 0.00245012 0.01033064 -0.01487204
v 0.00260938 0.01075218 -0.01995790
v 0.00362735 0.01047191 -0.01995790
v 0.00431604 0.01024177 -0.01995790
v 0.00446238 0.01029418 -0.02097670
v 0.00508221 0.01015291 -0.02173469
v 0.00566329 0.00981795 -0.02097670
v 0.00557505 0.00997290 -0.02204441
v 0.00675013 0.00938046 -0.02207701
v 0.00719562 0.00916400 -0.02246823
v 0.00833627 0.00825256 -0.02199551
v 0.00884418 0.00776266 -0.02199551
v 0.00933917 0.00725453 -0.02199551
v 0.00991165 0.00651626 -0.02208108
v 0.01024523 0.00611067 -0.02247638
v 0.01141385 0.00365890 -0.02408201
v 0.01147627 0.00356319 -0.02301431
v 0.01177326 0.00254466 -0.02301431
v 0.01176681 0.00254466 -0.02199551
v 0.01170870 0.00254466 -0.02097670
v 0.01183353 0.00152612 -0.01995790
v 0.01195405 0.00050987 -0.01995790
v 0.01184213 -0.00050639 -0.01894317
v 0.01171300 -0.00152492 -0.01894317
v 0.00713321 -0.00602744 -0.00940310
v 0.00646604 -0.00641252 -0.00876737
v 0.00628096 -0.00622112 -0.00806643
v 0.00593446 -0.00692293 -0.00876737
v 0.00565468 -0.00660848 -0.00776487
v 0.00539857 -0.00631682 -0.00691722
v 0.00495308 -0.00699584 -0.00746738
v 0.00462595 -0.00735130 -0.00778524
v 0.00361443 -0.00787994 -0.00775672
v 0.00266318 -0.00665177 -0.00464733
v 0.00243505 -0.00629631 -0.00391787
v 0.00289131 -0.00700724 -0.00539717
v 0.00199386 -0.00604795 -0.00324138
v 0.00169471 -0.00565375 -0.00259343
v 0.00057559 -0.00596819 -0.00230816
v 0.00326363 -0.00720547 -0.00607773
v 0.00361443 -0.00737181 -0.00674606
v 0.00047874 -0.00538715 -0.00163575
v 0.00139341 -0.00525955 -0.00197399
v 0.00075206 -0.00488358 -0.00129751
v 0.00047874 -0.00455774 -0.00093074
v 0.00123415 -0.00420684 -0.00104485
v -0.00018413 -0.00380580 -0.00020943
v -0.00049188 -0.00350503 0.00001471
v -0.00146035 -0.00254346 0.00060154
v -0.00155290 -0.00146340 0.00074825
v -0.00142377 -0.00050639 0.00074010
v -0.00146035 0.00356319 0.00030813
v -0.00247833 0.00356319 0.00053634
v -0.00247833 0.00435843 0.00009621
v -0.00142592 0.00050987 0.00074010
v -0.00044238 0.00152612 0.00032443
v -0.00044238 0.00254466 0.00022662
v 0.00012794 0.00313710 -0.00008717
v -0.00049188 0.00351079 0.00001471
v -0.00247833 0.00486655 -0.00030316
v 0.01155805 -0.00152492 -0.01792844
v 0.01130194 -0.00217432 -0.01721528
v 0.01134283 -0.00252523 -0.01802217
v 0.01120294 -0.00285107 -0.01774506
v 0.01077466 -0.00355971 -0.01690964
v 0.01031625 -0.00420684 -0.01609052
v 0.01020649 -0.00502030 -0.01759020
v 0.01013117 -0.00488358 -0.01690964
v 0.00981265 -0.00457825 -0.01487204
v 0.00928322 -0.00517980 -0.01415480
v 0.01005799 -0.00455774 -0.01580526
v 0.00918852 -0.00502257 -0.01347831
v 0.00909598 -0.00485396 -0.01283851
v 0.00895179 -0.00453268 -0.01183193
v 0.00829322 -0.00522537 -0.01106986
v 0.00795318 -0.00557627 -0.01076015
v 0.00752490 -0.00565147 -0.00975765
v -0.00247833 0.00540658 -0.00081256
v -0.00349630 0.00543165 -0.00078403
v -0.00349630 0.00593977 -0.00132603
v -0.00451427 0.00744821 -0.00367743
v -0.00451427 0.00716111 -0.00310690
v -0.00349630 0.00634764 -0.00183544
v -0.00349630 0.00685805 -0.00254860
v -0.00349630 0.00719528 -0.00305800
v -0.00349630 0.00797457 -0.00459435
v -0.00349630 0.00818420 -0.00510376
v -0.00349630 0.00838927 -0.00571096
v -0.00349630 0.00867410 -0.00672976
v -0.00349630 0.00888145 -0.00774857
v -0.00311321 0.00920501 -0.00900373
v -0.00247833 0.00964706 -0.01080090
v -0.00247833 0.00977238 -0.01181970
v -0.00247833 0.00988403 -0.01283851
v -0.00240085 0.01002075 -0.01388176
v 0.01054869 0.00559798 -0.02301431
v 0.01105014 0.00462047 -0.02301431
v 0.01127827 0.00411006 -0.02301431
v -0.00225020 0.01027823 -0.01589084
v -0.00146035 0.01080003 -0.01894317
v -0.00044238 0.01094358 -0.01894317
v -0.00044238 0.01104156 -0.01995790
v -0.00068988 0.01117828 -0.02168579
v -0.00183483 0.01015519 -0.01355982
v -0.00146035 0.01037393 -0.01487204
v -0.00146035 0.01069521 -0.01792844
v -0.00038643 0.01122841 -0.02201181
v 0.00057559 0.01097776 -0.01894317
v 0.00057559 0.01087067 -0.01792844
v 0.00057559 0.01065192 -0.01589084
v 0.00159141 0.01050381 -0.01487204
v 0.00222199 0.01020304 -0.01321343
v 0.00232960 0.01025545 -0.01385731
v 0.00258140 0.01007088 -0.01285888
v 0.00420843 0.01020532 -0.01926919
v 0.00482395 0.01005493 -0.01995790
v 0.00497029 0.01011189 -0.02097670
v 0.00566329 0.00969491 -0.01995790
v 0.00643161 0.00931210 -0.01995790
v 0.00654567 0.00937591 -0.02097670
v 0.00713752 0.00912754 -0.02179174
v 0.00760023 0.00882221 -0.02207701
v 0.00826309 0.00819103 -0.02097670
v 0.00877316 0.00769430 -0.02097670
v 0.00928107 0.00718617 -0.02097670
v 0.00971365 0.00661652 -0.02097670
v 0.01021725 0.00606510 -0.02179582
v 0.01046690 0.00567546 -0.02208108
v 0.01127396 0.00409867 -0.02224409
v 0.01142246 0.00365890 -0.02193845
v 0.01142246 0.00348572 -0.02097670
v 0.01137296 0.00334673 -0.01995790
v 0.01161616 0.00254466 -0.01995790
v 0.01171300 0.00152612 -0.01894317
v 0.01184213 0.00050987 -0.01894317
v 0.01168718 -0.00050639 -0.01792844
v 0.00732260 -0.00529373 -0.00876737
v 0.00719993 -0.00510005 -0.00824167
v 0.00697395 -0.00580186 -0.00876737
v 0.00664898 -0.00554893 -0.00781377
v 0.00607865 -0.00599782 -0.00738587
v 0.00513816 -0.00609124 -0.00624074
v 0.00470773 -0.00666317 -0.00666864
v 0.00394371 -0.00700951 -0.00642005
v 0.00427515 -0.00720092 -0.00709653
v 0.00311298 -0.00610263 -0.00419091
v 0.00361443 -0.00678393 -0.00572726
v 0.00362735 -0.00627580 -0.00494482
v 0.00270838 -0.00589984 -0.00361630
v 0.00260938 -0.00534158 -0.00288276
v 0.00207349 -0.00506815 -0.00216553
v 0.00240707 -0.00438912 -0.00192509
v 0.00191423 -0.00373744 -0.00124860
v 0.00158064 -0.00346173 -0.00095927
v 0.00050457 -0.00350503 -0.00040504
v 0.00011933 -0.00312678 -0.00008717
v -0.00044238 -0.00254346 0.00023070
v -0.00044238 -0.00152492 0.00032850
v -0.00044238 -0.00050639 0.00034888
v -0.00044238 0.00050987 0.00035295
v -0.00086636 0.00411917 -0.00008309
v -0.00146035 0.00423082 -0.00000567
v -0.00146035 0.00474123 -0.00038466
v 0.00030226 0.00152612 -0.00000159
v 0.00021833 0.00254466 -0.00004642
v 0.00072839 0.00254466 -0.00028278
v 0.00210362 0.00305962 -0.00113042
v 0.00157849 0.00346521 -0.00095519
v 0.00051102 0.00351079 -0.00040504
v -0.00018843 0.00381384 -0.00020943
v -0.00146035 0.00532911 -0.00089406
v 0.01130840 -0.00123098 -0.01620055
v 0.01137511 -0.00155227 -0.01688927
v 0.01123523 -0.00191001 -0.01653880
v 0.01113407 -0.00252523 -0.01688927
v 0.01090810 -0.00254346 -0.01589084
v 0.01049273 -0.00365314 -0.01580526
v 0.01023662 -0.00405189 -0.01541404
v 0.00949628 -0.00464205 -0.01383286
v 0.00937361 -0.00434583 -0.01283851
v 0.00927461 -0.00416354 -0.01218240
v 0.00851059 -0.00464205 -0.01076015
v 0.00817270 -0.00502257 -0.01038930
v 0.00805434 -0.00479699 -0.00978210
v -0.00247833 0.00591471 -0.00135456
v -0.00247833 0.00632942 -0.00186396
v -0.00349630 0.00753480 -0.00367743
v -0.00247833 0.00683754 -0.00257305
v -0.00247833 0.00717933 -0.00308245
v -0.00247833 0.00752112 -0.00367743
v -0.00247833 0.00797457 -0.00454138
v -0.00247833 0.00821154 -0.00505078
v -0.00247833 0.00846902 -0.00571096
v -0.00247833 0.00881081 -0.00672976
v -0.00224159 0.00920729 -0.00809088
v -0.00292167 0.00915032 -0.00832725
v -0.00146035 0.00999341 -0.01181970
v -0.00247833 0.00948756 -0.00978210
v 0.01107381 0.00449514 -0.02193845
v -0.00044238 0.01083649 -0.01792844
v -0.00147972 0.01011873 -0.01279368
v -0.00115475 0.01021443 -0.01309932
v -0.00147972 0.01025545 -0.01388176
v -0.00044238 0.01050837 -0.01487204
v -0.00044238 0.01062002 -0.01589084
v 0.00057559 0.01053344 -0.01487204
v 0.00057559 0.01039444 -0.01385731
v 0.00159141 0.01035570 -0.01385731
v 0.00159141 0.01022810 -0.01305449
v 0.00159141 0.01013924 -0.01254509
v 0.00260938 0.00989087 -0.01181970
v 0.00362735 0.00961972 -0.01283851
v 0.00344226 0.00938502 -0.01080090
v 0.00566329 0.00955136 -0.01894317
v 0.00630248 0.00923691 -0.01894317
v 0.00693952 0.00900677 -0.01995790
v 0.00705573 0.00907741 -0.02097670
v 0.00769923 0.00861713 -0.02097670
v 0.00821790 0.00815002 -0.02041840
v 0.00869998 0.00761683 -0.02006385
v 0.00923802 0.00713832 -0.02038987
v 0.01016775 0.00598535 -0.02097670
v 0.00952211 0.00668716 -0.02001495
v 0.01047336 0.00547722 -0.02097670
v 0.01095329 0.00457945 -0.02097670
v 0.01125890 0.00406221 -0.02156353
v 0.01123092 0.00399385 -0.02097670
v 0.01117712 0.00385486 -0.01995790
v 0.01130410 0.00316672 -0.01894317
v 0.01148703 0.00254466 -0.01894317
v 0.01130194 0.00217780 -0.01721121
v 0.01155590 0.00152612 -0.01792844
v 0.01168287 0.00050987 -0.01792844
v 0.01151716 -0.00050639 -0.01690964
v 0.00730538 -0.00447799 -0.00783822
v 0.00701484 -0.00474914 -0.00756111
v 0.00633691 -0.00531879 -0.00697428
v 0.00821575 -0.00408607 -0.00925639
v 0.00612170 -0.00500662 -0.00629372
v 0.00576014 -0.00570388 -0.00660751
v 0.00438491 -0.00627808 -0.00571096
v 0.00539212 -0.00535297 -0.00571096
v 0.00518120 -0.00511828 -0.00517303
v 0.00419767 -0.00514790 -0.00412163
v 0.00414386 -0.00611175 -0.00519749
v 0.00362735 -0.00589300 -0.00443542
v 0.00318185 -0.00514334 -0.00310690
v 0.00269116 -0.00466939 -0.00234484
v 0.00308500 -0.00400404 -0.00217775
v 0.00210362 -0.00305842 -0.00113042
v 0.00259431 -0.00353009 -0.00164798
v 0.00071978 -0.00254346 -0.00029501
v 0.00021187 -0.00254346 -0.00004234
v 0.00029796 -0.00152492 0.00000248
v 0.00030657 -0.00050639 0.00000656
v 0.00030872 0.00050987 0.00000656
v 0.00122984 0.00420576 -0.00104485
v 0.00047874 0.00455894 -0.00093074
v 0.00007413 0.00509441 -0.00112635
v -0.00044238 0.00518784 -0.00103669
v 0.00081017 0.00152612 -0.00025018
v 0.00159141 0.00254466 -0.00075550
v 0.00215312 0.00254466 -0.00109782
v 0.00266318 0.00254466 -0.00145237
v 0.00335617 0.00254466 -0.00196177
v 0.00324211 0.00332622 -0.00205142
v 0.00259431 0.00353357 -0.00165205
v 0.00190992 0.00373865 -0.00124860
v -0.00146035 0.00583724 -0.00143606
v 0.01134499 -0.00050639 -0.01600902
v 0.01123307 -0.00050639 -0.01550369
v 0.01107812 -0.00050639 -0.01487204
v 0.01082201 -0.00050639 -0.01385731
v 0.01066275 -0.00152492 -0.01385731
v 0.01091886 -0.00152492 -0.01487204
v 0.01115990 -0.00155227 -0.01587454
v 0.01065414 -0.00254346 -0.01487204
v 0.01028612 -0.00315868 -0.01420370
v 0.01037436 -0.00337287 -0.01487204
v 0.01016775 -0.00388327 -0.01487204
v 0.00973948 -0.00355971 -0.01283851
v 0.00941880 -0.00357111 -0.01183193
v 0.00915839 -0.00391745 -0.01150184
v 0.00832336 -0.00428886 -0.00978210
v -0.00146035 0.00626789 -0.00194547
v -0.00144744 0.00683527 -0.00273606
v -0.00177887 0.00714971 -0.00312728
v -0.00144744 0.00737985 -0.00359593
v -0.00146035 0.00793355 -0.00460250
v -0.00146035 0.00818648 -0.00510783
v -0.00146035 0.00844396 -0.00571096
v -0.00146035 0.00882676 -0.00672976
v -0.00146035 0.00907741 -0.00751628
v -0.00146035 0.00922780 -0.00802568
v -0.00146035 0.00941692 -0.00876737
v -0.00146035 0.00963794 -0.00978210
v -0.00254074 0.00928476 -0.00870624
v -0.00146035 0.00982935 -0.01080090
v -0.00062101 0.01016658 -0.01242283
v -0.00044238 0.01038077 -0.01385731
v 0.00005692 0.01018025 -0.01232503
v 0.00007629 0.01018025 -0.01232503
v 0.00048089 0.01023494 -0.01278553
v 0.00075637 0.01016658 -0.01241061
v 0.00159141 0.00998657 -0.01181970
v 0.00260938 0.00966073 -0.01080090
v 0.00329807 0.00926198 -0.00997363
v 0.00610878 0.00912982 -0.01760650
v 0.00621424 0.00918450 -0.01828299
v 0.00363380 0.00899082 -0.00969652
v 0.00611955 0.00810900 -0.01247989
v 0.00623361 0.00818648 -0.01315637
v 0.00566329 0.00867182 -0.01385731
v 0.00582470 0.00897259 -0.01589084
v 0.00681254 0.00892474 -0.01894317
v 0.00776810 0.00843256 -0.02003125
v 0.00755288 0.00841661 -0.01894317
v 0.00815118 0.00809533 -0.01973784
v 0.00859883 0.00750973 -0.01894317
v 0.00918207 0.00707452 -0.01971339
v 0.01009673 0.00587142 -0.01995790
v 0.01040880 0.00536329 -0.01995790
v 0.00950704 0.00647752 -0.01894317
v 0.01083277 0.00457945 -0.01995790
v 0.01068642 0.00457945 -0.01894317
v 0.01110394 0.00367485 -0.01894317
v 0.01126320 0.00305962 -0.01842154
v 0.01134499 0.00252871 -0.01802217
v 0.01120294 0.00285683 -0.01774506
v 0.01113407 0.00252871 -0.01688927
v 0.01123523 0.00190893 -0.01653472
v 0.01137081 0.00155119 -0.01688927
v 0.01130410 0.00122991 -0.01621278
v 0.01150855 0.00050987 -0.01690964
v 0.01134283 0.00050987 -0.01601717
v 0.00719132 -0.00407012 -0.00723917
v 0.00666189 -0.00453723 -0.00676644
v 0.00903787 -0.00357111 -0.01078052
v 0.00864833 -0.00355971 -0.00978210
v 0.00832336 -0.00355971 -0.00904041
v 0.00807586 -0.00355971 -0.00853101
v 0.00630894 -0.00432760 -0.00601253
v 0.00589787 -0.00463065 -0.00569059
v 0.00535768 -0.00457825 -0.00495297
v 0.00512310 -0.00400404 -0.00422351
v 0.00492079 -0.00457825 -0.00444357
v 0.00441288 -0.00457825 -0.00388527
v 0.00413526 -0.00406556 -0.00316803
v 0.00392865 -0.00457825 -0.00337587
v 0.00356278 -0.00535981 -0.00373856
v 0.00341859 -0.00457825 -0.00288684
v 0.00368976 -0.00369643 -0.00259750
v 0.00324211 -0.00332502 -0.00205142
v 0.00215312 -0.00254346 -0.00109782
v 0.00159141 -0.00254346 -0.00076773
v 0.00335617 -0.00254346 -0.00196177
v 0.00266103 -0.00254346 -0.00145237
v 0.00080802 -0.00152492 -0.00025833
v 0.00081663 -0.00050639 -0.00025018
v 0.00081878 0.00050987 -0.00024610
v 0.00240707 0.00439033 -0.00192917
v 0.00207349 0.00506935 -0.00216553
v 0.00075422 0.00488250 -0.00129343
v 0.00139556 0.00526303 -0.00196992
v 0.00047874 0.00539063 -0.00163575
v 0.00001818 0.00609244 -0.00216553
v -0.00036921 0.00576888 -0.00168058
v 0.00159141 0.00050987 -0.00066993
v 0.00159141 0.00152612 -0.00068215
v 0.00221984 0.00152612 -0.00105300
v 0.00272990 0.00152612 -0.00139939
v 0.00342935 0.00152612 -0.00190879
v 0.00393726 0.00152612 -0.00232039
v 0.00386408 0.00254466 -0.00238966
v 0.00428591 0.00338774 -0.00302132
v 0.00368761 0.00369763 -0.00259750
v 0.00308500 0.00400524 -0.00217775
v -0.00065975 0.00618814 -0.00204735
v 0.01123307 0.00050987 -0.01550777
v 0.01107597 0.00050987 -0.01487204
v 0.01081986 0.00050987 -0.01385731
v 0.01054223 0.00050987 -0.01283851
v 0.01054223 -0.00050639 -0.01283851
v 0.01027967 -0.00117402 -0.01223130
v 0.01038082 -0.00151809 -0.01281813
v 0.01030119 -0.00222445 -0.01314822
v 0.01038943 -0.00255485 -0.01386138
v 0.01019788 -0.00290348 -0.01352314
v 0.01004508 -0.00352325 -0.01386138
v 0.00979113 -0.00254346 -0.01181970
v 0.00930474 -0.00323843 -0.01110654
v 0.01010319 -0.00255485 -0.01281813
v -0.00110094 0.00710414 -0.00320063
v -0.00086421 0.00815913 -0.00517303
v -0.00044238 0.00873334 -0.00672976
v -0.00044238 0.00904095 -0.00761409
v -0.00044238 0.00920273 -0.00812349
v -0.00044238 0.00939413 -0.00876737
v -0.00044238 0.00965845 -0.00978210
v -0.00044238 0.00987492 -0.01080090
v -0.00034554 0.01009367 -0.01192158
v 0.00057559 0.00983618 -0.01080090
v 0.00048089 0.01007771 -0.01192158
v 0.00159141 0.00975643 -0.01080090
v 0.00057559 0.00959237 -0.00978210
v 0.00159141 0.00948300 -0.00978210
v 0.00267824 0.00932578 -0.00969652
v 0.00306348 0.00915260 -0.00929715
v 0.00362735 0.00869688 -0.00876737
v 0.00660378 0.00887917 -0.01793659
v 0.00650478 0.00836648 -0.01487204
v 0.00668126 0.00864447 -0.01690964
v 0.00427945 0.00829585 -0.00876737
v 0.00450973 0.00844396 -0.00978210
v 0.00661669 0.00780823 -0.01282628
v 0.00685343 0.00788342 -0.01385731
v 0.00701269 0.00800874 -0.01487204
v 0.00598396 0.00801786 -0.01181970
v 0.00673076 0.00745277 -0.01186046
v 0.00712460 0.00809305 -0.01560150
v 0.00634552 0.00826167 -0.01385731
v 0.00730323 0.00822977 -0.01690964
v 0.00743021 0.00832547 -0.01792844
v 0.00806294 0.00801786 -0.01894317
v 0.00848907 0.00740264 -0.01792844
v 0.00910674 0.00698565 -0.01894317
v 0.01001710 0.00575065 -0.01894317
v 0.01033562 0.00524252 -0.01894317
v 0.00941020 0.00634764 -0.01792844
v 0.01027967 0.00514910 -0.01827076
v 0.01047336 0.00464097 -0.01792844
v 0.01102862 0.00346521 -0.01802217
v 0.01077466 0.00356319 -0.01690964
v 0.01091025 0.00254466 -0.01589084
v 0.01092316 0.00152612 -0.01487204
v 0.01116205 0.00155119 -0.01587861
v 0.00766910 -0.00355971 -0.00774857
v 0.00729247 -0.00355971 -0.00706801
v 0.00698687 -0.00355971 -0.00655861
v 0.00917346 -0.00288297 -0.01042598
v 0.00902281 -0.00254346 -0.00981062
v 0.00818777 -0.00298323 -0.00829872
v 0.00644237 -0.00352553 -0.00569059
v 0.00607650 -0.00384226 -0.00533604
v 0.00567620 -0.00358250 -0.00468401
v 0.00527590 -0.00332502 -0.00404420
v 0.00428806 -0.00338654 -0.00302132
v 0.00386624 -0.00254346 -0.00238966
v 0.00271698 -0.00152492 -0.00139939
v 0.00220692 -0.00152492 -0.00106522
v 0.00159141 -0.00152492 -0.00069845
v 0.00343150 -0.00152492 -0.00190879
v 0.00393941 -0.00152492 -0.00231631
v 0.00159141 -0.00050639 -0.00068215
v 0.00269116 0.00467059 -0.00234484
v 0.00317970 0.00514454 -0.00311098
v 0.00260938 0.00534506 -0.00288276
v 0.00199386 0.00605143 -0.00324138
v 0.00169471 0.00565723 -0.00259343
v 0.00057559 0.00597168 -0.00230816
v 0.00057559 0.00636815 -0.00281756
v -0.00044238 0.00703350 -0.00331474
v -0.00036921 0.00648892 -0.00256897
v 0.00223490 0.00050987 -0.00104485
v 0.00274496 0.00050987 -0.00138716
v 0.00345087 0.00050987 -0.00189656
v 0.00396093 0.00050987 -0.00229593
v 0.00452264 0.00050987 -0.00280126
v 0.00449251 0.00152612 -0.00282979
v 0.00441288 0.00254466 -0.00289907
v 0.00492079 0.00254466 -0.00341254
v 0.00527590 0.00332622 -0.00404828
v 0.00413310 0.00406677 -0.00316803
v 0.00341859 0.00457945 -0.00289092
v 0.01066490 0.00152612 -0.01385731
v 0.01027751 0.00117522 -0.01223130
v 0.01031841 0.00050987 -0.01212534
v 0.01031841 -0.00050639 -0.01212534
v 0.01020219 -0.00185076 -0.01246766
v 0.01012902 -0.00050639 -0.01161594
v 0.00981695 -0.00050639 -0.01080090
v 0.00967706 -0.00152492 -0.01080090
v 0.01007306 -0.00151809 -0.01186453
v 0.00941450 -0.00254346 -0.01078052
v -0.00044238 0.00733656 -0.00382414
v -0.00049188 0.00787659 -0.00477774
v -0.00018413 0.00809533 -0.00530344
v 0.00057559 0.00825939 -0.00597585
v -0.00049188 0.00831180 -0.00567021
v 0.00057559 0.00858523 -0.00672976
v 0.00159141 0.00881765 -0.00774857
v 0.00053039 0.00899538 -0.00783007
v 0.00015807 0.00917311 -0.00822129
v 0.00053039 0.00928704 -0.00872254
v 0.00267824 0.00902956 -0.00880405
v 0.00156343 0.00836876 -0.00670939
v 0.00267824 0.00850320 -0.00767114
v 0.00083815 0.00912982 -0.00835170
v 0.00362735 0.00831636 -0.00801346
v 0.00415893 0.00817053 -0.00823352
v 0.00722145 0.00816825 -0.01627798
v 0.00674367 0.00841434 -0.01591937
v 0.00612170 0.00708135 -0.00937458
v 0.00628526 0.00722263 -0.01005106
v 0.00644452 0.00735251 -0.01080090
v 0.00722360 0.00715655 -0.01222722
v 0.00731184 0.00724086 -0.01283851
v 0.00745604 0.00737529 -0.01385731
v 0.00770569 0.00764417 -0.01586231
v 0.00781329 0.00779911 -0.01690964
v 0.00760023 0.00750062 -0.01487204
v 0.00794027 0.00791304 -0.01792844
v 0.00837285 0.00728871 -0.01690964
v 0.00899698 0.00685577 -0.01792844
v 0.00996115 0.00553191 -0.01792844
v 0.00929828 0.00620181 -0.01690964
v 0.00969428 0.00559798 -0.01690964
v 0.01020649 0.00502150 -0.01759020
v 0.01040449 0.00437665 -0.01690964
v 0.01031410 0.00420804 -0.01609052
v 0.01023662 0.00405309 -0.01541404
v 0.01049058 0.00365434 -0.01580933
v 0.01037221 0.00337179 -0.01487204
v 0.01028397 0.00315760 -0.01420778
v 0.01065629 0.00254466 -0.01487204
v 0.01030334 0.00222566 -0.01314415
v 0.00712460 -0.00280550 -0.00633039
v 0.00927676 -0.00220394 -0.01016924
v 0.00849122 -0.00260270 -0.00868994
v 0.00828892 -0.00230420 -0.00811126
v 0.00800699 -0.00260270 -0.00776079
v 0.00621424 -0.00316324 -0.00514451
v 0.00539427 -0.00254346 -0.00391379
v 0.00492510 -0.00254346 -0.00340439
v 0.00590433 -0.00254346 -0.00452508
v 0.00441719 -0.00254346 -0.00289907
v 0.00449682 -0.00152492 -0.00282571
v 0.00273420 -0.00050639 -0.00138716
v 0.00345302 -0.00050639 -0.00189656
v 0.00222414 -0.00050639 -0.00105300
v 0.00396093 -0.00050639 -0.00229593
v 0.00452264 -0.00050639 -0.00280126
v 0.00392650 0.00457945 -0.00337587
v 0.00419767 0.00514910 -0.00412163
v 0.00356278 0.00536101 -0.00373856
v 0.00311298 0.00610383 -0.00419091
v 0.00270838 0.00590104 -0.00361630
v 0.00243505 0.00629752 -0.00391787
v 0.00163014 0.00648664 -0.00361630
v 0.00131593 0.00621776 -0.00302132
v 0.00066813 0.00692185 -0.00367336
v 0.00038835 0.00722718 -0.00401160
v 0.00503271 0.00050987 -0.00329029
v 0.00500042 0.00152612 -0.00332289
v 0.00548035 0.00152612 -0.00383229
v 0.00539212 0.00254466 -0.00392194
v 0.00590218 0.00254466 -0.00452915
v 0.00621424 0.00316444 -0.00514451
v 0.00567620 0.00358370 -0.00468401
v 0.00512094 0.00400524 -0.00422351
v 0.00492079 0.00457945 -0.00444765
v 0.00441288 0.00457945 -0.00388527
v 0.01038082 0.00151929 -0.01281813
v 0.01020219 0.00185424 -0.01246766
v 0.01007306 0.00151929 -0.01186453
v 0.00967706 0.00152612 -0.01080090
v 0.00981695 0.00050987 -0.01080090
v 0.01012902 0.00050987 -0.01161594
v 0.00942096 0.00050987 -0.00982692
v 0.00942096 -0.00050639 -0.00983100
v 0.00934993 -0.00152492 -0.00999401
v 0.00057559 0.00799052 -0.00546645
v 0.00120402 0.00819103 -0.00613478
v 0.00238340 0.00827762 -0.00703541
v 0.00159141 0.00700844 -0.00437837
v 0.00221123 0.00717706 -0.00511191
v 0.00266103 0.00665298 -0.00465141
v 0.00565253 0.00660968 -0.00776894
v 0.00593446 0.00692413 -0.00876737
v 0.00413741 0.00610839 -0.00520156
v 0.00513386 0.00609016 -0.00624481
v 0.00539857 0.00631802 -0.00692130
v 0.00628096 0.00622232 -0.00806643
v 0.00646389 0.00641372 -0.00876737
v 0.00670924 0.00664842 -0.00972912
v 0.00695458 0.00688312 -0.01080090
v 0.00710093 0.00703578 -0.01155074
v 0.00819207 0.00608333 -0.01238208
v 0.00788862 0.00657778 -0.01276923
v 0.00796610 0.00686033 -0.01385731
v 0.00811029 0.00701983 -0.01487204
v 0.00818992 0.00710642 -0.01544664
v 0.00752490 0.00666437 -0.01186046
v 0.00827601 0.00719528 -0.01612720
v 0.00888076 0.00671222 -0.01690964
v 0.00923587 0.00611978 -0.01636356
v 0.00945539 0.00563444 -0.01596827
v 0.01013117 0.00488478 -0.01690964
v 0.01005584 0.00456122 -0.01580933
v 0.00981050 0.00457945 -0.01487204
v 0.00949413 0.00464097 -0.01383286
v 0.00937361 0.00434475 -0.01283851
v 0.01016560 0.00388220 -0.01487204
v 0.01004293 0.00352218 -0.01386138
v 0.01019573 0.00290468 -0.01353129
v 0.01039158 0.00255605 -0.01386138
v 0.01010319 0.00255605 -0.01281813
v 0.00742375 -0.00249561 -0.00669309
v 0.00721499 -0.00212647 -0.00618369
v 0.00684482 -0.00249561 -0.00579247
v 0.00913472 -0.00152492 -0.00948461
v 0.00879468 -0.00152492 -0.00876737
v 0.00837716 -0.00152492 -0.00795233
v 0.00809092 -0.00152492 -0.00744293
v 0.00629817 -0.00254346 -0.00503448
v 0.00599257 -0.00152492 -0.00440689
v 0.00548251 -0.00152492 -0.00382821
v 0.00500688 -0.00152492 -0.00331881
v 0.00639502 -0.00152492 -0.00491630
v 0.00503271 -0.00050639 -0.00329029
v 0.00517905 0.00511720 -0.00517303
v 0.00106628 0.00712009 -0.00419498
v 0.00551694 -0.00050639 -0.00379561
v 0.00551479 0.00050987 -0.00379969
v 0.00602485 0.00050987 -0.00436207
v 0.00599042 0.00152612 -0.00440689
v 0.00639287 0.00152612 -0.00491630
v 0.00629602 0.00254466 -0.00503855
v 0.00684052 0.00249453 -0.00579247
v 0.00721284 0.00212312 -0.00618776
v 0.00712245 0.00280214 -0.00633447
v 0.00644237 0.00352674 -0.00569059
v 0.00607650 0.00384346 -0.00533604
v 0.00535553 0.00457945 -0.00495297
v 0.00979113 0.00254466 -0.01181970
v 0.00941450 0.00254466 -0.01078052
v 0.00927676 0.00220515 -0.01017332
v 0.00934993 0.00152612 -0.00998993
v 0.00920789 0.00050987 -0.00931752
v 0.00920574 -0.00050639 -0.00932160
v 0.00607650 0.00599674 -0.00738995
v 0.00538781 0.00535190 -0.00571096
v 0.00576014 0.00570508 -0.00661158
v 0.00664682 0.00555013 -0.00781377
v 0.00697395 0.00580306 -0.00876737
v 0.00713321 0.00602864 -0.00940718
v 0.00727310 0.00621321 -0.01008366
v 0.00740438 0.00637271 -0.01080090
v 0.00856009 0.00568685 -0.01276923
v 0.00894963 0.00555013 -0.01383286
v 0.00904433 0.00583724 -0.01487204
v 0.00829107 0.00621321 -0.01306264
v 0.00809307 0.00593750 -0.01181970
v 0.00842451 0.00542709 -0.01181970
v 0.00840083 0.00634992 -0.01385731
v 0.00853427 0.00651170 -0.01487204
v 0.00914978 0.00599674 -0.01568300
v 0.00937791 0.00532683 -0.01487204
v 0.00928107 0.00517872 -0.01415887
v 0.00918852 0.00502150 -0.01348239
v 0.00909598 0.00485516 -0.01283851
v 0.00927461 0.00416474 -0.01218240
v 0.00973732 0.00356319 -0.01283851
v 0.00941880 0.00357231 -0.01183193
v 0.00726880 -0.00152492 -0.00611033
v 0.00690508 -0.00152492 -0.00560501
v 0.00766049 -0.00152492 -0.00672976
v 0.00892811 -0.00050639 -0.00876737
v 0.00843957 -0.00050639 -0.00783007
v 0.00815979 -0.00050639 -0.00732067
v 0.00644452 -0.00050639 -0.00486739
v 0.00602485 -0.00050639 -0.00436207
v 0.00695243 -0.00050639 -0.00552350
v 0.00589572 0.00463186 -0.00569059
v 0.00612170 0.00500555 -0.00629779
v 0.00644237 0.00050987 -0.00487147
v 0.00695243 0.00050987 -0.00552350
v 0.00690078 0.00152612 -0.00560501
v 0.00726665 0.00152612 -0.00611441
v 0.00765619 0.00152612 -0.00672976
v 0.00808877 0.00152612 -0.00744293
v 0.00741945 0.00249453 -0.00669716
v 0.00800268 0.00260162 -0.00776487
v 0.00732260 0.00339002 -0.00701095
v 0.00702776 0.00366345 -0.00669716
v 0.00630678 0.00432653 -0.00601660
v 0.00930474 0.00323963 -0.01110654
v 0.00917346 0.00288417 -0.01043006
v 0.00902065 0.00254466 -0.00981470
v 0.00848907 0.00260162 -0.00869402
v 0.00913687 0.00152612 -0.00948053
v 0.00879898 0.00152612 -0.00876737
v 0.00893457 0.00050987 -0.00876737
v 0.00633476 0.00531772 -0.00697835
v 0.00719778 0.00510125 -0.00824167
v 0.00752490 0.00565267 -0.00976172
v 0.00732260 0.00529265 -0.00876737
v 0.00795103 0.00557748 -0.01076015
v 0.00829322 0.00522429 -0.01106986
v 0.00895179 0.00453388 -0.01183193
v 0.00851059 0.00464325 -0.01076015
v 0.00915839 0.00391866 -0.01150184
v 0.00732475 -0.00050639 -0.00603290
v 0.00778747 -0.00050639 -0.00672976
v 0.00844388 0.00050987 -0.00783007
v 0.00815979 0.00050987 -0.00732067
v 0.00655428 0.00463186 -0.00667271
v 0.00732475 0.00050987 -0.00603290
v 0.00778532 0.00050987 -0.00672976
v 0.00837931 0.00152612 -0.00795233
v 0.00828677 0.00229857 -0.00811534
v 0.00818562 0.00297759 -0.00830280
v 0.00756795 0.00366345 -0.00764669
v 0.00718917 0.00406904 -0.00723917
v 0.00903787 0.00357231 -0.01078052
v 0.00864618 0.00356319 -0.00978210
v 0.00832336 0.00356319 -0.00904448
v 0.00705573 0.00457945 -0.00748368
v 0.00733121 0.00457945 -0.00799308
v 0.00821575 0.00408727 -0.00925639
v 0.00805434 0.00480047 -0.00978210
v 0.00817270 0.00502606 -0.01038930
v 0.00832336 0.00429007 -0.00978210
v 0.00807155 0.00356319 -0.00853508
f 1 2 3
f 1 3 4
f 1 4 5
f 1 5 6
f 1 6 7
f 1 7 8
f 1 8 2
f 2 9 10
f 2 10 11
f 2 11 3
f 2 8 12
f 2 12 9
f 3 11 4
f 4 11 13
f 4 13 14
f 4 14 15
f 4 15 5
f 5 16 6
f 5 15 16
f 6 16 17
f 6 17 18
f 6 18 19
f 6 19 7
f 7 19 20
f 7 20 8
f 8 20 21
f 8 21 12
f 9 12 22
f 9 22 23
f 9 23 24
f 9 24 25
f 9 25 10
f 10 25 11
f 11 25 26
f 11 26 13
f 12 21 27
f 12 27 28
f 12 28 29
f 12 29 22
f 13 26 30
f 13 30 31
f 13 31 32
f 13 32 14
f 14 32 33
f 14 33 34
f 14 34 35
f 14 35 15
f 15 35 36
f 15 36 16
f 16 36 37
f 16 37 17
f 17 37 38
f 17 38 39
f 17 39 18
f 18 39 40
f 18 40 41
f 18 41 19
f 19 41 42
f 19 42 20
f 20 42 43
f 20 43 44
f 20 44 27
f 20 27 21
f 22 45 46
f 22 46 23
f 22 29 47
f 22 47 48
f 22 48 49
f 22 49 45
f 23 46 50
f 23 50 51
f 23 51 24
f 24 51 25
f 25 51 52
f 25 52 26
f 26 52 53
f 26 53 30
f 27 54 47
f 27 47 28
f 27 44 55
f 27 55 56
f 27 56 57
f 27 57 54
f 28 47 29
f 30 53 31
f 31 53 58
f 31 58 59
f 31 59 60
f 31 60 32
f 32 60 61
f 32 61 62
f 32 62 33
f 33 62 63
f 33 63 64
f 33 64 65
f 33 65 34
f 34 65 66
f 34 66 67
f 34 67 35
f 35 67 68
f 35 68 36
f 36 68 69
f 36 69 70
f 36 70 71
f 36 71 37
f 37 71 72
f 37 72 73
f 37 73 38
f 38 73 74
f 38 74 75
f 38 75 39
f 39 75 76
f 39 76 77
f 39 77 78
f 39 78 40
f 40 78 79
f 40 79 80
f 40 80 81
f 40 81 82
f 40 82 41
f 41 82 42
f 42 82 43
f 43 83 84
f 43 84 44
f 43 82 85
f 43 85 83
f 44 84 86
f 44 86 55
f 45 49 87
f 45 87 88
f 45 88 89
f 45 89 90
f 45 90 91
f 45 91 46
f 46 91 92
f 46 92 50
f 47 57 49
f 47 49 48
f 47 54 57
f 49 57 93
f 49 93 94
f 49 94 87
f 50 92 51
f 51 92 95
f 51 95 52
f 52 95 96
f 52 96 97
f 52 97 53
f 53 97 98
f 53 98 59
f 53 59 58
f 55 86 99
f 55 99 100
f 55 100 56
f 56 100 101
f 56 101 102
f 56 102 103
f 56 103 104
f 56 104 105
f 56 105 106
f 56 106 107
f 56 107 108
f 56 108 109
f 56 109 110
f 56 110 111
f 56 111 112
f 56 112 113
f 56 113 114
f 56 114 115
f 56 115 57
f 57 115 93
f 59 98 116
f 59 116 117
f 59 117 60
f 60 117 62
f 60 62 61
f 62 117 63
f 63 118 64
f 63 117 119
f 63 119 120
f 63 120 121
f 63 121 122
f 63 122 118
f 64 118 123
f 64 123 65
f 65 124 125
f 65 125 66
f 65 123 126
f 65 126 124
f 66 125 127
f 66 127 128
f 66 128 67
f 67 128 69
f 67 69 129
f 67 129 68
f 68 129 69
f 69 72 70
f 69 128 130
f 69 130 131
f 69 131 72
f 70 72 71
f 72 131 73
f 73 131 74
f 74 131 132
f 74 132 133
f 74 133 134
f 74 134 135
f 74 135 75
f 75 135 136
f 75 136 76
f 76 136 77
f 77 136 137
f 77 137 138
f 77 138 78
f 78 138 139
f 78 139 79
f 79 139 140
f 79 140 80
f 80 140 81
f 81 140 141
f 81 141 142
f 81 142 143
f 81 143 82
f 82 143 85
f 83 85 143
f 83 143 144
f 83 144 84
f 84 145 146
f 84 146 86
f 84 144 147
f 84 147 148
f 84 148 145
f 86 146 149
f 86 149 99
f 87 150 151
f 87 151 152
f 87 152 153
f 87 153 88
f 87 94 93
f 87 93 154
f 87 154 155
f 87 155 150
f 88 153 156
f 88 156 89
f 89 156 90
f 90 156 157
f 90 157 158
f 90 158 92
f 90 92 91
f 92 158 95
f 93 115 114
f 93 114 155
f 93 155 154
f 95 158 159
f 95 159 96
f 96 159 160
f 96 160 97
f 97 160 161
f 97 161 98
f 98 161 162
f 98 162 116
f 99 149 163
f 99 163 164
f 99 164 101
f 99 101 100
f 101 164 102
f 102 165 166
f 102 166 103
f 102 164 163
f 102 163 165
f 103 166 167
f 103 167 104
f 104 168 169
f 104 169 170
f 104 170 105
f 104 167 171
f 104 171 168
f 105 170 172
f 105 172 173
f 105 173 106
f 106 173 107
f 107 173 174
f 107 174 175
f 107 175 176
f 107 176 109
f 107 109 108
f 109 176 177
f 109 177 178
f 109 178 179
f 109 179 110
f 110 179 180
f 110 180 181
f 110 181 182
f 110 182 112
f 110 112 111
f 112 182 181
f 112 181 183
f 112 183 113
f 113 183 181
f 113 181 184
f 113 184 185
f 113 185 186
f 113 186 114
f 114 186 155
f 116 162 187
f 116 187 121
f 116 121 120
f 116 120 117
f 117 120 119
f 118 122 188
f 118 188 123
f 121 189 122
f 121 187 190
f 121 190 191
f 121 191 192
f 121 192 189
f 122 189 188
f 123 188 189
f 123 189 192
f 123 192 193
f 123 193 126
f 124 194 195
f 124 195 125
f 124 126 194
f 125 196 127
f 125 195 197
f 125 197 193
f 125 193 198
f 125 198 199
f 125 199 196
f 126 193 197
f 126 197 200
f 126 200 194
f 127 196 199
f 127 199 198
f 127 198 201
f 127 201 128
f 128 201 202
f 128 202 203
f 128 203 130
f 130 203 204
f 130 204 205
f 130 205 132
f 130 132 131
f 132 206 133
f 132 205 207
f 132 207 206
f 133 206 134
f 134 208 135
f 134 206 207
f 134 207 209
f 134 209 210
f 134 210 208
f 135 208 136
f 136 208 211
f 136 211 137
f 137 211 138
f 138 211 212
f 138 212 213
f 138 213 139
f 139 213 214
f 139 214 140
f 140 214 215
f 140 215 141
f 141 215 144
f 141 144 142
f 142 144 143
f 144 215 147
f 145 148 146
f 146 216 163
f 146 163 149
f 146 148 217
f 146 217 218
f 146 218 216
f 147 215 219
f 147 219 220
f 147 220 148
f 148 220 217
f 150 221 151
f 150 155 186
f 150 186 222
f 150 222 223
f 150 223 224
f 150 224 221
f 151 221 225
f 151 225 226
f 151 226 152
f 152 226 227
f 152 227 153
f 153 227 228
f 153 228 156
f 156 228 157
f 157 228 229
f 157 229 230
f 157 230 158
f 158 230 159
f 159 230 231
f 159 231 160
f 160 231 232
f 160 232 161
f 161 232 233
f 161 233 234
f 161 234 162
f 162 234 235
f 162 235 236
f 162 236 190
f 162 190 187
f 163 237 165
f 163 216 238
f 163 238 239
f 163 239 237
f 165 237 240
f 165 240 241
f 165 241 166
f 166 241 242
f 166 242 171
f 166 171 167
f 168 243 169
f 168 171 244
f 168 244 243
f 169 243 245
f 169 245 246
f 169 246 170
f 170 246 247
f 170 247 172
f 171 242 248
f 171 248 244
f 172 249 173
f 172 247 250
f 172 250 251
f 172 251 249
f 173 249 174
f 174 249 252
f 174 252 175
f 175 252 253
f 175 253 254
f 175 254 177
f 175 177 176
f 177 254 178
f 178 254 253
f 178 253 255
f 178 255 179
f 179 255 256
f 179 256 257
f 179 257 258
f 179 258 259
f 179 259 181
f 179 181 180
f 181 259 258
f 181 258 260
f 181 260 184
f 184 260 222
f 184 222 185
f 185 222 186
f 190 236 261
f 190 261 262
f 190 262 263
f 190 263 191
f 191 263 192
f 192 263 264
f 192 264 193
f 193 264 265
f 193 265 266
f 193 266 198
f 194 200 195
f 195 200 197
f 198 266 267
f 198 267 268
f 198 268 201
f 201 268 269
f 201 269 270
f 201 270 271
f 201 271 202
f 202 271 272
f 202 272 203
f 203 272 204
f 204 272 271
f 204 271 205
f 205 271 207
f 207 271 273
f 207 273 209
f 208 274 275
f 208 275 211
f 208 210 274
f 209 273 276
f 209 276 277
f 209 277 210
f 210 277 278
f 210 278 279
f 210 279 280
f 210 280 275
f 210 275 274
f 211 275 281
f 211 281 212
f 212 281 213
f 213 281 282
f 213 282 214
f 214 282 283
f 214 283 219
f 214 219 215
f 216 218 284
f 216 284 238
f 217 220 285
f 217 285 286
f 217 286 287
f 217 287 218
f 218 287 288
f 218 288 284
f 219 283 220
f 220 283 285
f 221 224 225
f 222 258 289
f 222 289 290
f 222 290 223
f 222 260 258
f 223 290 291
f 223 291 224
f 224 291 292
f 224 292 293
f 224 293 225
f 225 293 294
f 225 294 226
f 226 294 295
f 226 295 227
f 227 295 228
f 228 295 296
f 228 296 229
f 229 296 297
f 229 297 298
f 229 298 230
f 230 298 231
f 231 298 299
f 231 299 232
f 232 299 233
f 233 300 301
f 233 301 302
f 233 302 303
f 233 303 234
f 233 299 300
f 234 303 235
f 235 303 304
f 235 304 236
f 236 304 261
f 237 305 240
f 237 239 306
f 237 306 305
f 238 284 239
f 239 284 288
f 239 288 307
f 239 307 306
f 240 305 308
f 240 308 309
f 240 309 310
f 240 310 241
f 241 310 242
f 242 310 311
f 242 311 248
f 243 312 313
f 243 313 245
f 243 244 314
f 243 314 315
f 243 315 312
f 244 248 316
f 244 316 317
f 244 317 318
f 244 318 314
f 245 313 246
f 246 319 320
f 246 320 321
f 246 321 247
f 246 313 319
f 247 321 250
f 248 311 385
f 248 385 316
f 249 251 322
f 249 322 323
f 249 323 324
f 249 324 252
f 250 325 406
f 250 406 326
f 250 326 327
f 250 327 251
f 250 321 325
f 251 327 328
f 251 328 322
f 252 324 253
f 253 329 330
f 253 330 331
f 253 331 255
f 253 324 323
f 253 323 329
f 255 331 332
f 255 332 256
f 256 332 257
f 257 332 258
f 258 332 333
f 258 333 334
f 258 334 335
f 258 335 289
f 261 304 336
f 261 336 337
f 261 337 338
f 261 338 262
f 262 338 339
f 262 339 340
f 262 340 263
f 263 340 341
f 263 341 264
f 264 341 342
f 264 342 265
f 265 342 343
f 265 343 266
f 266 343 267
f 267 343 344
f 267 344 345
f 267 345 346
f 267 346 347
f 267 347 348
f 267 348 270
f 267 270 268
f 268 270 269
f 270 348 349
f 270 349 271
f 271 349 273
f 273 350 276
f 273 349 351
f 273 351 350
f 275 280 281
f 276 350 277
f 277 352 353
f 277 353 278
f 277 350 352
f 278 353 354
f 278 354 355
f 278 355 356
f 278 356 357
f 278 357 358
f 278 358 359
f 278 359 360
f 278 360 361
f 278 361 279
f 279 361 280
f 280 361 362
f 280 362 281
f 281 362 282
f 282 285 283
f 282 362 285
f 285 362 286
f 286 362 361
f 286 361 360
f 286 360 287
f 287 360 359
f 287 359 288
f 288 359 307
f 289 335 363
f 289 363 290
f 290 363 364
f 290 364 291
f 291 364 365
f 291 365 292
f 292 365 366
f 292 366 367
f 292 367 293
f 293 367 368
f 293 368 294
f 294 368 369
f 294 369 296
f 294 296 295
f 296 369 370
f 296 370 297
f 297 370 371
f 297 371 372
f 297 372 298
f 298 372 299
f 299 372 373
f 299 373 300
f 300 373 374
f 300 374 301
f 301 374 375
f 301 375 376
f 301 376 377
f 301 377 303
f 301 303 302
f 303 377 304
f 304 377 336
f 305 306 378
f 305 378 379
f 305 379 308
f 306 307 380
f 306 380 378
f 307 359 358
f 307 358 380
f 308 379 358
f 308 358 381
f 308 381 309
f 309 382 310
f 309 381 383
f 309 383 382
f 310 382 384
f 310 384 311
f 311 384 386
f 311 386 385
f 312 387 388
f 312 388 389
f 312 389 390
f 312 390 313
f 312 315 391
f 312 391 392
f 312 392 393
f 312 393 394
f 312 394 395
f 312 395 396
f 312 396 397
f 312 397 398
f 312 398 387
f 313 390 399
f 313 399 319
f 314 318 315
f 315 318 391
f 316 385 317
f 317 400 318
f 317 385 401
f 317 401 400
f 318 400 402
f 318 402 391
f 319 399 403
f 319 403 320
f 320 403 404
f 320 404 325
f 320 325 321
f 322 328 323
f 323 328 329
f 325 404 405
f 325 405 406
f 326 406 407
f 326 407 327
f 327 407 408
f 327 408 328
f 328 408 329
f 329 408 409
f 329 409 330
f 330 409 331
f 331 409 410
f 331 410 332
f 332 410 411
f 332 411 412
f 332 412 333
f 333 412 413
f 333 413 414
f 333 414 334
f 334 414 415
f 334 415 335
f 335 415 416
f 335 416 363
f 336 417 337
f 336 377 417
f 337 417 338
f 338 417 418
f 338 418 339
f 339 418 419
f 339 419 420
f 339 420 340
f 340 420 341
f 341 420 421
f 341 421 422
f 341 422 342
f 342 422 344
f 342 344 343
f 344 422 423
f 344 423 424
f 344 424 345
f 345 424 425
f 345 425 346
f 346 425 426
f 346 426 427
f 346 427 428
f 346 428 429
f 346 429 348
f 346 348 347
f 348 429 430
f 348 430 351
f 348 351 349
f 350 431 432
f 350 432 352
f 350 351 430
f 350 430 433
f 350 433 434
f 350 434 431
f 352 435 436
f 352 436 353
f 352 432 435
f 353 436 354
f 354 437 438
f 354 438 439
f 354 439 355
f 354 436 437
f 355 439 356
f 356 439 440
f 356 440 441
f 356 441 442
f 356 442 443
f 356 443 444
f 356 444 445
f 356 445 446
f 356 446 357
f 357 446 381
f 357 381 358
f 358 379 378
f 358 378 380
f 363 416 364
f 364 447 365
f 364 416 447
f 365 448 449
f 365 449 366
f 365 447 448
f 366 449 450
f 366 450 451
f 366 451 367
f 367 451 452
f 367 452 368
f 368 452 453
f 368 453 369
f 369 453 370
f 370 453 454
f 370 454 371
f 371 454 455
f 371 455 372
f 372 455 373
f 373 455 456
f 373 456 374
f 374 456 457
f 374 457 375
f 375 457 458
f 375 458 459
f 375 459 376
f 376 459 460
f 376 460 461
f 376 461 377
f 377 461 462
f 377 462 417
f 381 446 463
f 381 463 383
f 382 383 445
f 382 445 384
f 383 463 445
f 384 445 464
f 384 464 465
f 384 465 386
f 385 386 401
f 386 466 401
f 386 465 467
f 386 467 466
f 387 398 468
f 387 468 469
f 387 469 470
f 387 470 471
f 387 471 472
f 387 472 388
f 388 472 389
f 389 472 473
f 389 473 474
f 389 474 475
f 389 475 476
f 389 476 399
f 389 399 390
f 391 402 477
f 391 477 478
f 391 478 392
f 392 478 479
f 392 479 393
f 393 479 480
f 393 480 394
f 394 480 481
f 394 481 395
f 395 482 483
f 395 483 484
f 395 484 485
f 395 485 486
f 395 486 487
f 395 487 488
f 395 488 396
f 395 481 482
f 396 487 489
f 396 489 490
f 396 490 491
f 396 491 398
f 396 398 397
f 396 488 487
f 398 491 492
f 398 492 493
f 398 493 494
f 398 494 468
f 399 476 403
f 400 495 402
f 400 401 495
f 401 496 495
f 401 466 496
f 402 495 497
f 402 497 477
f 403 476 475
f 403 475 498
f 403 498 499
f 403 499 404
f 404 499 500
f 404 500 405
f 405 500 501
f 405 501 502
f 405 502 406
f 406 502 407
f 407 502 503
f 407 503 504
f 407 504 408
f 408 504 409
f 409 504 505
f 409 505 506
f 409 506 410
f 410 506 507
f 410 507 508
f 410 508 509
f 410 509 411
f 411 509 510
f 411 510 511
f 411 511 512
f 411 512 412
f 412 512 413
f 413 512 513
f 413 513 514
f 413 514 515
f 413 515 414
f 414 515 516
f 414 516 517
f 414 517 415
f 415 517 518
f 415 518 519
f 415 519 416
f 416 519 447
f 417 462 461
f 417 461 520
f 417 520 418
f 418 521 522
f 418 522 523
f 418 523 524
f 418 524 525
f 418 525 419
f 418 520 521
f 419 525 420
f 420 525 526
f 420 526 527
f 420 527 528
f 420 528 421
f 421 528 529
f 421 529 530
f 421 530 531
f 421 531 422
f 422 531 423
f 423 532 533
f 423 533 534
f 423 534 426
f 423 426 425
f 423 425 424
f 423 531 532
f 426 534 535
f 426 535 427
f 427 535 428
f 428 536 537
f 428 537 434
f 428 434 538
f 428 538 429
f 428 535 539
f 428 539 536
f 429 538 430
f 430 538 433
f 431 434 540
f 431 540 541
f 431 541 432
f 432 541 435
f 433 538 434
f 434 542 543
f 434 543 540
f 434 537 542
f 435 544 436
f 435 541 544
f 436 544 545
f 436 545 546
f 436 546 437
f 437 546 438
f 438 546 547
f 438 547 548
f 438 548 439
f 439 548 440
f 440 549 550
f 440 550 441
f 440 548 549
f 441 550 442
f 442 550 551
f 442 551 443
f 443 551 552
f 443 552 553
f 443 553 554
f 443 554 445
f 443 445 444
f 445 463 446
f 445 554 555
f 445 555 464
f 447 519 556
f 447 556 448
f 448 556 557
f 448 557 449
f 449 557 558
f 449 558 450
f 450 558 559
f 450 559 560
f 450 560 451
f 451 560 561
f 451 561 452
f 452 561 562
f 452 562 453
f 453 562 454
f 454 562 563
f 454 563 564
f 454 564 455
f 455 564 456
f 456 565 457
f 456 564 565
f 457 565 566
f 457 566 458
f 458 566 567
f 458 567 568
f 458 568 459
f 459 568 569
f 459 569 460
f 460 569 570
f 460 570 571
f 460 571 572
f 460 572 461
f 461 572 520
f 464 555 573
f 464 573 574
f 464 574 575
f 464 575 576
f 464 576 577
f 464 577 467
f 464 467 465
f 466 467 578
f 466 578 496
f 467 577 578
f 468 494 579
f 468 579 580
f 468 580 581
f 468 581 582
f 468 582 469
f 469 582 581
f 469 581 583
f 469 583 471
f 469 471 470
f 471 583 581
f 471 581 584
f 471 584 585
f 471 585 472
f 472 585 586
f 472 586 587
f 472 587 473
f 473 587 474
f 474 587 588
f 474 588 589
f 474 589 475
f 475 589 498
f 477 497 590
f 477 590 591
f 477 591 592
f 477 592 593
f 477 593 594
f 477 594 479
f 477 479 478
f 479 594 595
f 479 595 481
f 479 481 480
f 481 595 482
f 482 595 596
f 482 596 597
f 482 597 483
f 483 597 598
f 483 598 599
f 483 599 600
f 483 600 601
f 483 601 484
f 484 601 485
f 485 602 486
f 485 601 603
f 485 603 604
f 485 604 602
f 486 602 487
f 487 602 605
f 487 605 606
f 487 606 489
f 489 606 605
f 489 605 607
f 489 607 608
f 489 608 490
f 490 608 491
f 491 608 609
f 491 609 492
f 492 609 608
f 492 608 610
f 492 610 611
f 492 611 579
f 492 579 493
f 493 579 494
f 495 496 612
f 495 612 613
f 495 613 497
f 496 578 612
f 497 613 614
f 497 614 590
f 498 589 615
f 498 615 616
f 498 616 500
f 498 500 499
f 500 616 501
f 501 616 617
f 501 617 618
f 501 618 502
f 502 618 619
f 502 619 503
f 503 619 620
f 503 620 504
f 504 620 505
f 505 620 621
f 505 621 622
f 505 622 507
f 505 507 506
f 507 622 623
f 507 623 508
f 508 623 624
f 508 624 509
f 509 624 625
f 509 625 510
f 510 625 511
f 511 625 626
f 511 626 627
f 511 627 512
f 512 627 513
f 513 627 514
f 514 627 628
f 514 628 629
f 514 629 516
f 514 516 515
f 516 629 630
f 516 630 631
f 516 631 518
f 516 518 517
f 518 631 519
f 519 631 556
f 520 572 521
f 521 572 522
f 522 572 523
f 523 572 632
f 523 632 633
f 523 633 634
f 523 634 524
f 524 634 635
f 524 635 636
f 524 636 526
f 524 526 525
f 526 636 637
f 526 637 527
f 527 637 635
f 527 635 638
f 527 638 528
f 528 638 639
f 528 639 529
f 529 639 640
f 529 640 641
f 529 641 530
f 530 641 533
f 530 533 532
f 530 532 531
f 533 641 534
f 534 640 642
f 534 642 535
f 534 641 640
f 535 642 539
f 536 539 643
f 536 643 644
f 536 644 542
f 536 542 537
f 539 642 643
f 540 645 646
f 540 646 647
f 540 647 541
f 540 543 645
f 541 647 544
f 542 648 649
f 542 649 543
f 542 644 650
f 542 650 648
f 543 649 645
f 544 647 651
f 544 651 652
f 544 652 653
f 544 653 654
f 544 654 545
f 545 654 546
f 546 654 655
f 546 655 656
f 546 656 547
f 547 656 548
f 548 656 657
f 548 657 549
f 549 658 659
f 549 659 550
f 549 657 658
f 550 659 660
f 550 660 552
f 550 552 551
f 552 660 661
f 552 661 662
f 552 662 553
f 553 662 663
f 553 663 664
f 553 664 665
f 553 665 554
f 554 665 555
f 555 665 573
f 556 631 557
f 557 631 666
f 557 666 558
f 558 667 559
f 558 666 667
f 559 668 669
f 559 669 670
f 559 670 560
f 559 667 668
f 560 670 561
f 561 670 671
f 561 671 562
f 562 671 563
f 563 671 672
f 563 672 564
f 564 672 565
f 565 672 673
f 565 673 566
f 566 673 674
f 566 674 567
f 567 675 568
f 567 674 675
f 568 675 676
f 568 676 677
f 568 677 678
f 568 678 679
f 568 679 569
f 569 679 680
f 569 680 570
f 570 680 571
f 571 681 572
f 571 680 681
f 572 681 632
f 573 665 682
f 573 682 574
f 574 682 683
f 574 683 575
f 575 683 684
f 575 684 685
f 575 685 686
f 575 686 687
f 575 687 576
f 576 687 577
f 577 687 688
f 577 688 578
f 578 688 689
f 578 689 690
f 578 690 612
f 579 611 691
f 579 691 692
f 579 692 693
f 579 693 694
f 579 694 695
f 579 695 580
f 580 695 581
f 581 695 694
f 581 694 696
f 581 696 585
f 581 585 584
f 585 696 697
f 585 697 698
f 585 698 699
f 585 699 586
f 586 699 589
f 586 589 588
f 586 588 587
f 589 699 700
f 589 700 615
f 590 614 701
f 590 701 702
f 590 702 703
f 590 703 591
f 591 703 592
f 592 704 593
f 592 703 705
f 592 705 704
f 593 706 596
f 593 596 594
f 593 704 705
f 593 705 707
f 593 707 708
f 593 708 706
f 594 596 595
f 596 709 710
f 596 710 597
f 596 706 708
f 596 708 711
f 596 711 712
f 596 712 709
f 597 710 713
f 597 713 714
f 597 714 598
f 598 714 715
f 598 715 716
f 598 716 599
f 599 716 717
f 599 717 718
f 599 718 600
f 600 718 719
f 600 719 601
f 601 719 603
f 602 604 605
f 603 719 720
f 603 720 721
f 603 721 604
f 604 722 605
f 604 721 723
f 604 723 724
f 604 724 722
f 605 722 725
f 605 725 607
f 607 726 608
f 607 725 727
f 607 727 728
f 607 728 729
f 607 729 726
f 608 726 730
f 608 730 731
f 608 731 610
f 610 731 732
f 610 732 733
f 610 733 611
f 611 733 734
f 611 734 691
f 612 735 613
f 612 690 735
f 613 735 736
f 613 736 614
f 614 736 737
f 614 737 701
f 615 700 738
f 615 738 617
f 615 617 616
f 617 738 739
f 617 739 740
f 617 740 618
f 618 740 741
f 618 741 619
f 619 741 620
f 620 741 742
f 620 742 621
f 621 742 743
f 621 743 744
f 621 744 745
f 621 745 746
f 621 746 622
f 622 746 623
f 623 746 869
f 623 869 747
f 623 747 625
f 623 625 624
f 625 747 626
f 626 747 748
f 626 748 749
f 626 749 750
f 626 750 627
f 627 750 628
f 628 750 751
f 628 751 752
f 628 752 629
f 629 752 753
f 629 753 754
f 629 754 630
f 630 754 755
f 630 755 666
f 630 666 631
f 632 681 756
f 632 756 757
f 632 757 758
f 632 758 633
f 633 759 760
f 633 760 634
f 633 758 761
f 633 761 762
f 633 762 759
f 634 760 635
f 635 639 638
f 635 637 636
f 635 760 763
f 635 763 764
f 635 764 639
f 639 764 640
f 640 764 765
f 640 765 642
f 642 765 766
f 642 766 643
f 643 766 644
f 644 766 767
f 644 767 650
f 645 649 768
f 645 768 646
f 646 768 769
f 646 769 770
f 646 770 647
f 647 770 651
f 648 771 772
f 648 772 649
f 648 650 773
f 648 773 774
f 648 774 771
f 649 772 768
f 650 767 773
f 651 775 652
f 651 770 775
f 652 775 776
f 652 776 653
f 653 777 778
f 653 778 779
f 653 779 654
f 653 776 777
f 654 779 655
f 655 779 780
f 655 780 656
f 656 780 781
f 656 781 658
f 656 658 657
f 658 781 782
f 658 782 783
f 658 783 659
f 659 783 784
f 659 784 660
f 660 784 661
f 661 785 786
f 661 786 662
f 661 784 785
f 662 786 663
f 663 786 787
f 663 787 909
f 663 909 788
f 663 788 789
f 663 789 664
f 664 789 665
f 665 789 682
f 666 755 667
f 667 755 790
f 667 790 668
f 668 790 669
f 669 791 792
f 669 792 793
f 669 793 670
f 669 790 791
f 670 793 794
f 670 794 671
f 671 794 795
f 671 795 672
f 672 795 673
f 673 796 797
f 673 797 674
f 673 795 796
f 674 797 798
f 674 798 799
f 674 799 675
f 675 799 676
f 676 799 677
f 677 800 678
f 677 799 801
f 677 801 802
f 677 802 803
f 677 803 804
f 677 804 805
f 677 805 806
f 677 806 807
f 677 807 800
f 678 800 807
f 678 807 680
f 678 680 679
f 680 807 808
f 680 808 756
f 680 756 681
f 682 789 683
f 683 789 788
f 683 788 809
f 683 809 684
f 684 809 810
f 684 810 811
f 684 811 812
f 684 812 685
f 685 812 686
f 686 812 813
f 686 813 687
f 687 813 814
f 687 814 815
f 687 815 816
f 687 816 689
f 687 689 688
f 689 816 817
f 689 817 690
f 690 817 818
f 690 818 819
f 690 819 736
f 690 736 735
f 691 734 820
f 691 820 692
f 692 820 821
f 692 821 822
f 692 822 693
f 693 822 823
f 693 823 694
f 694 824 697
f 694 697 696
f 694 823 825
f 694 825 826
f 694 826 824
f 697 824 698
f 698 824 699
f 699 824 700
f 700 824 738
f 701 737 819
f 701 819 827
f 701 827 702
f 702 827 828
f 702 828 829
f 702 829 703
f 703 829 705
f 705 829 707
f 707 829 830
f 707 830 708
f 708 830 831
f 708 831 832
f 708 832 711
f 709 713 710
f 709 712 713
f 711 832 833
f 711 833 834
f 711 834 835
f 711 835 712
f 712 835 836
f 712 836 713
f 713 836 714
f 714 837 715
f 714 836 837
f 715 838 839
f 715 839 840
f 715 840 717
f 715 717 716
f 715 837 838
f 717 840 841
f 717 841 718
f 718 841 842
f 718 842 843
f 718 843 719
f 719 843 720
f 720 843 844
f 720 844 845
f 720 845 721
f 721 845 723
f 722 724 846
f 722 846 847
f 722 847 725
f 723 846 724
f 723 845 848
f 723 848 849
f 723 849 846
f 725 847 850
f 725 850 727
f 726 729 851
f 726 851 852
f 726 852 730
f 727 850 728
f 728 850 853
f 728 853 854
f 728 854 851
f 728 851 729
f 730 852 855
f 730 855 731
f 731 855 732
f 732 855 856
f 732 856 857
f 732 857 733
f 733 857 858
f 733 858 734
f 734 858 982
f 734 982 859
f 734 859 820
f 736 819 737
f 738 824 860
f 738 860 861
f 738 861 862
f 738 862 739
f 739 862 863
f 739 863 864
f 739 864 740
f 740 864 742
f 740 742 741
f 742 864 743
f 743 864 744
f 744 865 866
f 744 866 867
f 744 867 745
f 744 864 868
f 744 868 865
f 745 867 746
f 746 867 869
f 747 869 870
f 747 870 748
f 748 870 871
f 748 871 749
f 749 751 750
f 749 871 872
f 749 872 873
f 749 873 751
f 751 873 874
f 751 874 753
f 751 753 752
f 753 874 875
f 753 875 876
f 753 876 754
f 754 876 755
f 755 876 790
f 756 808 877
f 756 877 761
f 756 761 757
f 757 761 758
f 759 762 878
f 759 878 879
f 759 879 880
f 759 880 881
f 759 881 882
f 759 882 883
f 759 883 760
f 760 883 763
f 761 877 884
f 761 884 762
f 762 884 885
f 762 885 878
f 763 883 882
f 763 882 886
f 763 886 887
f 763 887 764
f 764 887 765
f 765 887 888
f 765 888 766
f 766 888 767
f 767 889 773
f 767 888 889
f 768 890 769
f 768 772 890
f 769 890 891
f 769 891 892
f 769 892 770
f 770 892 775
f 771 893 894
f 771 894 895
f 771 895 772
f 771 774 889
f 771 889 896
f 771 896 893
f 772 895 890
f 773 889 774
f 775 892 897
f 775 897 776
f 776 897 898
f 776 898 777
f 777 898 899
f 777 899 778
f 778 899 900
f 778 900 901
f 778 901 779
f 779 901 902
f 779 902 780
f 780 902 903
f 780 903 781
f 781 903 782
f 782 903 904
f 782 904 783
f 783 905 906
f 783 906 784
f 783 904 905
f 784 906 785
f 785 907 786
f 785 906 907
f 786 908 787
f 786 907 908
f 787 908 910
f 787 910 911
f 787 911 909
f 788 909 912
f 788 912 809
f 790 876 913
f 790 913 791
f 791 913 914
f 791 914 915
f 791 915 792
f 792 915 916
f 792 916 917
f 792 917 793
f 793 917 794
f 794 917 796
f 794 796 795
f 796 918 919
f 796 919 797
f 796 917 918
f 797 919 798
f 798 920 921
f 798 921 799
f 798 919 920
f 799 921 801
f 801 921 922
f 801 922 802
f 802 922 923
f 802 923 803
f 803 923 804
f 804 924 805
f 804 923 925
f 804 925 926
f 804 926 924
f 805 924 806
f 806 927 885
f 806 885 807
f 806 924 927
f 807 877 808
f 807 885 877
f 809 912 810
f 810 912 928
f 810 928 929
f 810 929 811
f 811 929 930
f 811 930 812
f 812 931 814
f 812 814 813
f 812 930 931
f 814 931 932
f 814 932 815
f 815 932 933
f 815 933 934
f 815 934 816
f 816 934 817
f 817 935 936
f 817 936 827
f 817 827 818
f 817 934 937
f 817 937 938
f 817 938 939
f 817 939 940
f 817 940 941
f 817 941 942
f 817 942 828
f 817 828 935
f 818 827 819
f 820 859 821
f 821 859 943
f 821 943 944
f 821 944 945
f 821 945 946
f 821 946 822
f 822 946 823
f 823 946 947
f 823 947 825
f 824 826 948
f 824 948 860
f 825 947 949
f 825 949 826
f 826 949 1072
f 826 1072 948
f 827 936 935
f 827 935 828
f 828 942 950
f 828 950 829
f 829 950 940
f 829 940 831
f 829 831 830
f 831 940 951
f 831 951 833
f 831 833 832
f 833 951 834
f 834 951 952
f 834 952 835
f 835 953 954
f 835 954 836
f 835 952 953
f 836 954 838
f 836 838 837
f 838 954 839
f 839 955 840
f 839 954 956
f 839 956 957
f 839 957 955
f 840 958 841
f 840 955 959
f 840 959 960
f 840 960 958
f 841 958 961
f 841 961 842
f 842 961 962
f 842 962 963
f 842 963 964
f 842 964 965
f 842 965 966
f 842 966 843
f 843 966 844
f 844 966 967
f 844 967 968
f 844 968 845
f 845 968 848
f 846 849 969
f 846 969 850
f 846 850 847
f 848 968 970
f 848 970 971
f 848 971 849
f 849 971 972
f 849 972 973
f 849 973 969
f 850 969 853
f 851 854 974
f 851 974 855
f 851 855 852
f 853 969 975
f 853 975 976
f 853 976 854
f 854 976 977
f 854 977 974
f 855 974 856
f 856 974 978
f 856 978 857
f 857 978 979
f 857 979 980
f 857 980 858
f 858 980 981
f 858 981 982
f 859 982 943
f 860 948 983
f 860 983 984
f 860 984 861
f 861 984 862
f 862 984 985
f 862 985 986
f 862 986 863
f 863 986 868
f 863 868 864
f 865 987 988
f 865 988 866
f 865 868 986
f 865 986 987
f 866 988 1105
f 866 1105 989
f 866 989 990
f 866 990 991
f 866 991 867
f 867 991 869
f 869 991 870
f 870 991 990
f 870 990 871
f 871 990 992
f 871 992 872
f 872 992 993
f 872 993 873
f 873 993 994
f 873 994 874
f 874 994 995
f 874 995 996
f 874 996 875
f 875 996 876
f 876 996 913
f 877 885 884
f 878 997 998
f 878 998 879
f 878 885 997
f 879 998 999
f 879 999 1000
f 879 1000 880
f 880 1000 1001
f 880 1001 1002
f 880 1002 881
f 881 1002 882
f 882 1002 1003
f 882 1003 886
f 885 927 997
f 886 1003 1004
f 886 1004 887
f 887 1004 1005
f 887 1005 888
f 888 1005 1006
f 888 1006 1007
f 888 1007 889
f 889 1007 1008
f 889 1008 896
f 890 895 891
f 891 895 1009
f 891 1009 892
f 892 1009 1010
f 892 1010 897
f 893 1011 1012
f 893 1012 894
f 893 896 1013
f 893 1013 1011
f 894 1012 1014
f 894 1014 895
f 895 1015 1016
f 895 1016 1017
f 895 1017 1009
f 895 1014 1015
f 896 1008 1013
f 897 1010 898
f 898 1010 1018
f 898 1018 899
f 899 1018 900
f 900 1018 1019
f 900 1019 1020
f 900 1020 901
f 901 1020 1021
f 901 1021 902
f 902 1021 903
f 903 1021 904
f 904 1021 1022
f 904 1022 905
f 905 1022 1023
f 905 1023 906
f 906 1023 907
f 907 1023 1024
f 907 1024 908
f 908 1024 1025
f 908 1025 1026
f 908 1026 910
f 909 911 1027
f 909 1027 912
f 910 1026 1028
f 910 1028 1029
f 910 1029 911
f 911 1029 1030
f 911 1030 1027
f 912 1027 1031
f 912 1031 928
f 913 996 1032
f 913 1032 914
f 914 1032 1033
f 914 1033 1034
f 914 1034 1035
f 914 1035 915
f 915 1035 1036
f 915 1036 916
f 916 1036 1037
f 916 1037 918
f 916 918 917
f 918 1037 1038
f 918 1038 919
f 919 1038 920
f 920 1038 1039
f 920 1039 1040
f 920 1040 922
f 920 922 921
f 922 1040 923
f 923 1040 1041
f 923 1041 925
f 924 926 1042
f 924 1042 1043
f 924 1043 927
f 925 1044 1045
f 925 1045 1046
f 925 1046 1042
f 925 1042 926
f 925 1041 1047
f 925 1047 1044
f 927 1048 997
f 927 1043 1048
f 928 1031 1049
f 928 1049 929
f 929 1050 930
f 929 1049 1050
f 930 1050 1051
f 930 1051 931
f 931 1051 932
f 932 1052 1053
f 932 1053 933
f 932 1051 1052
f 933 1054 1055
f 933 1055 934
f 933 1053 1054
f 934 1055 1056
f 934 1056 1057
f 934 1057 937
f 937 1057 1056
f 937 1056 1058
f 937 1058 938
f 938 1058 1059
f 938 1059 1060
f 938 1060 1061
f 938 1061 1062
f 938 1062 1063
f 938 1063 1064
f 938 1064 1065
f 938 1065 939
f 939 1065 940
f 940 950 941
f 940 1065 951
f 941 950 942
f 943 982 1066
f 943 1066 1067
f 943 1067 944
f 944 1067 1068
f 944 1068 1069
f 944 1069 945
f 945 1069 1070
f 945 1070 946
f 946 1070 947
f 947 1070 1071
f 947 1071 949
f 948 1072 983
f 949 1071 1073
f 949 1073 1074
f 949 1074 1072
f 951 1065 952
f 952 1065 1064
f 952 1064 1075
f 952 1075 953
f 953 1075 954
f 954 1075 956
f 955 957 1062
f 955 1062 959
f 956 1075 957
f 957 1075 1063
f 957 1063 1062
f 958 1076 961
f 958 960 1077
f 958 1077 1076
f 959 1062 960
f 960 1062 1061
f 960 1061 1078
f 960 1078 1079
f 960 1079 1080
f 960 1080 1077
f 961 1076 1077
f 961 1077 962
f 962 1077 963
f 963 1077 964
f 964 1077 1080
f 964 1080 1081
f 964 1081 1082
f 964 1082 965
f 965 1082 1083
f 965 1083 966
f 966 1083 967
f 967 1083 1203
f 967 1203 1084
f 967 1084 1085
f 967 1085 968
f 968 1085 1086
f 968 1086 970
f 969 973 975
f 970 1086 971
f 971 1086 1087
f 971 1087 1088
f 971 1088 1089
f 971 1089 972
f 972 1090 973
f 972 1089 1091
f 972 1091 1090
f 973 1090 975
f 974 977 978
f 975 1090 1092
f 975 1092 976
f 976 1092 1093
f 976 1093 977
f 977 1093 1094
f 977 1094 978
f 978 1094 1095
f 978 1095 979
f 979 1095 1096
f 979 1096 980
f 980 1096 1097
f 980 1097 981
f 981 1097 1098
f 981 1098 1066
f 981 1066 982
f 983 1072 1099
f 983 1099 1100
f 983 1100 1101
f 983 1101 984
f 984 1101 1102
f 984 1102 985
f 985 1102 986
f 986 1102 987
f 987 1103 1104
f 987 1104 988
f 987 1102 1103
f 988 1104 1105
f 989 1105 1106
f 989 1106 990
f 990 1106 992
f 992 1106 1107
f 992 1107 1108
f 992 1108 993
f 993 1108 1231
f 993 1231 1109
f 993 1109 994
f 994 1109 1110
f 994 1110 1111
f 994 1111 995
f 995 1111 1032
f 995 1032 996
f 997 1048 998
f 998 1048 999
f 999 1048 1112
f 999 1112 1000
f 1000 1112 1113
f 1000 1113 1114
f 1000 1114 1115
f 1000 1115 1116
f 1000 1116 1117
f 1000 1117 1001
f 1001 1117 1118
f 1001 1118 1119
f 1001 1119 1002
f 1002 1119 1003
f 1003 1119 1120
f 1003 1120 1121
f 1003 1121 1004
f 1004 1121 1122
f 1004 1122 1005
f 1005 1122 1006
f 1006 1122 1123
f 1006 1123 1008
f 1006 1008 1007
f 1008 1123 1013
f 1009 1017 1010
f 1010 1124 1018
f 1010 1017 1124
f 1011 1125 1126
f 1011 1126 1127
f 1011 1127 1128
f 1011 1128 1012
f 1011 1013 1129
f 1011 1129 1130
f 1011 1130 1125
f 1012 1128 1014
f 1013 1123 1120
f 1013 1120 1131
f 1013 1131 1132
f 1013 1132 1129
f 1014 1128 1133
f 1014 1133 1016
f 1014 1016 1015
f 1016 1133 1134
f 1016 1134 1017
f 1017 1134 1135
f 1017 1135 1136
f 1017 1136 1018
f 1017 1018 1124
f 1018 1136 1019
f 1019 1137 1138
f 1019 1138 1020
f 1019 1136 1139
f 1019 1139 1137
f 1020 1138 1140
f 1020 1140 1021
f 1021 1140 1022
f 1022 1141 1023
f 1022 1140 1142
f 1022 1142 1141
f 1023 1141 1024
f 1024 1141 1143
f 1024 1143 1025
f 1025 1143 1144
f 1025 1144 1026
f 1026 1144 1145
f 1026 1145 1028
f 1027 1030 1146
f 1027 1146 1147
f 1027 1147 1031
f 1028 1145 1148
f 1028 1148 1149
f 1028 1149 1029
f 1029 1149 1150
f 1029 1150 1030
f 1030 1150 1151
f 1030 1151 1152
f 1030 1152 1146
f 1031 1153 1049
f 1031 1147 1153
f 1032 1111 1033
f 1033 1111 1154
f 1033 1154 1034
f 1034 1154 1155
f 1034 1155 1156
f 1034 1156 1157
f 1034 1157 1035
f 1035 1157 1158
f 1035 1158 1036
f 1036 1158 1037
f 1037 1158 1159
f 1037 1159 1038
f 1038 1159 1039
f 1039 1159 1160
f 1039 1160 1161
f 1039 1161 1040
f 1040 1161 1041
f 1041 1161 1162
f 1041 1162 1047
f 1042 1046 1043
f 1043 1046 1163
f 1043 1163 1048
f 1044 1047 1162
f 1044 1162 1164
f 1044 1164 1165
f 1044 1165 1045
f 1045 1165 1166
f 1045 1166 1046
f 1046 1166 1167
f 1046 1167 1168
f 1046 1168 1169
f 1046 1169 1170
f 1046 1170 1171
f 1046 1171 1172
f 1046 1172 1163
f 1048 1163 1172
f 1048 1172 1112
f 1049 1153 1173
f 1049 1173 1050
f 1050 1173 1174
f 1050 1174 1175
f 1050 1175 1051
f 1051 1175 1176
f 1051 1176 1052
f 1052 1177 1054
f 1052 1054 1053
f 1052 1176 1178
f 1052 1178 1177
f 1054 1179 1180
f 1054 1180 1055
f 1054 1177 1181
f 1054 1181 1179
f 1055 1180 1056
f 1056 1180 1182
f 1056 1182 1183
f 1056 1183 1058
f 1058 1184 1185
f 1058 1185 1059
f 1058 1183 1184
f 1059 1185 1060
f 1060 1185 1186
f 1060 1186 1187
f 1060 1187 1079
f 1060 1079 1078
f 1060 1078 1188
f 1060 1188 1189
f 1060 1189 1061
f 1061 1189 1078
f 1063 1075 1064
f 1066 1098 1190
f 1066 1190 1067
f 1067 1190 1191
f 1067 1191 1068
f 1068 1192 1069
f 1068 1191 1193
f 1068 1193 1192
f 1069 1192 1070
f 1070 1192 1071
f 1071 1192 1073
f 1072 1074 1194
f 1072 1194 1099
f 1073 1192 1195
f 1073 1195 1196
f 1073 1196 1194
f 1073 1194 1074
f 1078 1189 1188
f 1079 1187 1080
f 1080 1187 1197
f 1080 1197 1198
f 1080 1198 1199
f 1080 1199 1200
f 1080 1200 1081
f 1081 1201 1202
f 1081 1202 1082
f 1081 1200 1201
f 1082 1202 1203
f 1082 1203 1083
f 1084 1203 1204
f 1084 1204 1205
f 1084 1205 1206
f 1084 1206 1207
f 1084 1207 1085
f 1085 1207 1208
f 1085 1208 1209
f 1085 1209 1086
f 1086 1209 1088
f 1086 1088 1087
f 1088 1210 1089
f 1088 1209 1211
f 1088 1211 1212
f 1088 1212 1326
f 1088 1326 1210
f 1089 1210 1213
f 1089 1213 1091
f 1090 1091 1214
f 1090 1214 1092
f 1091 1213 1215
f 1091 1215 1216
f 1091 1216 1214
f 1092 1214 1093
f 1093 1214 1217
f 1093 1217 1218
f 1093 1218 1094
f 1094 1218 1219
f 1094 1219 1095
f 1095 1219 1220
f 1095 1220 1096
f 1096 1220 1221
f 1096 1221 1097
f 1097 1221 1222
f 1097 1222 1098
f 1098 1222 1223
f 1098 1223 1190
f 1099 1194 1100
f 1100 1194 1224
f 1100 1224 1225
f 1100 1225 1103
f 1100 1103 1101
f 1101 1103 1102
f 1103 1225 1226
f 1103 1226 1104
f 1104 1226 1105
f 1105 1226 1227
f 1105 1227 1106
f 1106 1227 1228
f 1106 1228 1107
f 1107 1228 1229
f 1107 1229 1230
f 1107 1230 1108
f 1108 1230 1231
f 1109 1231 1232
f 1109 1232 1233
f 1109 1233 1110
f 1110 1233 1234
f 1110 1234 1154
f 1110 1154 1111
f 1112 1172 1171
f 1112 1171 1113
f 1113 1171 1114
f 1114 1171 1170
f 1114 1170 1235
f 1114 1235 1236
f 1114 1236 1237
f 1114 1237 1115
f 1115 1237 1116
f 1116 1238 1117
f 1116 1237 1238
f 1117 1238 1239
f 1117 1239 1118
f 1118 1239 1240
f 1118 1240 1241
f 1118 1241 1119
f 1119 1241 1120
f 1120 1241 1242
f 1120 1242 1131
f 1120 1123 1122
f 1120 1122 1121
f 1125 1130 1243
f 1125 1243 1244
f 1125 1244 1126
f 1126 1245 1246
f 1126 1246 1247
f 1126 1247 1133
f 1126 1133 1127
f 1126 1244 1248
f 1126 1248 1245
f 1127 1133 1128
f 1129 1132 1130
f 1130 1132 1249
f 1130 1249 1250
f 1130 1250 1243
f 1131 1251 1132
f 1131 1242 1251
f 1132 1251 1249
f 1133 1247 1134
f 1134 1247 1252
f 1134 1252 1253
f 1134 1253 1135
f 1135 1253 1136
f 1136 1253 1139
f 1137 1139 1253
f 1137 1253 1254
f 1137 1254 1255
f 1137 1255 1256
f 1137 1256 1138
f 1138 1256 1140
f 1140 1256 1142
f 1141 1142 1257
f 1141 1257 1143
f 1142 1256 1258
f 1142 1258 1257
f 1143 1257 1259
f 1143 1259 1260
f 1143 1260 1144
f 1144 1260 1261
f 1144 1261 1145
f 1145 1261 1262
f 1145 1262 1148
f 1146 1152 1263
f 1146 1263 1147
f 1147 1263 1264
f 1147 1264 1153
f 1148 1262 1265
f 1148 1265 1149
f 1149 1265 1266
f 1149 1266 1267
f 1149 1267 1150
f 1150 1267 1151
f 1151 1268 1269
f 1151 1269 1270
f 1151 1270 1152
f 1151 1267 1268
f 1152 1270 1263
f 1153 1264 1271
f 1153 1271 1173
f 1154 1234 1155
f 1155 1272 1273
f 1155 1273 1156
f 1155 1234 1272
f 1156 1273 1274
f 1156 1274 1275
f 1156 1275 1276
f 1156 1276 1157
f 1157 1276 1277
f 1157 1277 1158
f 1158 1277 1159
f 1159 1277 1160
f 1160 1277 1278
f 1160 1278 1161
f 1161 1278 1162
f 1162 1279 1164
f 1162 1278 1279
f 1164 1280 1281
f 1164 1281 1282
f 1164 1282 1165
f 1164 1279 1280
f 1165 1282 1166
f 1166 1282 1167
f 1167 1282 1168
f 1168 1282 1281
f 1168 1281 1283
f 1168 1283 1284
f 1168 1284 1285
f 1168 1285 1286
f 1168 1286 1287
f 1168 1287 1288
f 1168 1288 1169
f 1169 1288 1170
f 1170 1288 1235
f 1173 1271 1174
f 1174 1289 1290
f 1174 1290 1175
f 1174 1271 1289
f 1175 1290 1176
f 1176 1290 1178
f 1177 1178 1291
f 1177 1291 1181
f 1178 1290 1292
f 1178 1292 1291
f 1179 1181 1293
f 1179 1293 1180
f 1180 1293 1182
f 1181 1291 1294
f 1181 1294 1295
f 1181 1295 1293
f 1182 1293 1296
f 1182 1296 1183
f 1183 1296 1297
f 1183 1297 1298
f 1183 1298 1184
f 1184 1298 1299
f 1184 1299 1300
f 1184 1300 1301
f 1184 1301 1302
f 1184 1302 1185
f 1185 1302 1303
f 1185 1303 1186
f 1186 1303 1304
f 1186 1304 1199
f 1186 1199 1198
f 1186 1198 1197
f 1186 1197 1187
f 1190 1223 1191
f 1191 1223 1305
f 1191 1305 1306
f 1191 1306 1307
f 1191 1307 1193
f 1192 1193 1195
f 1193 1307 1308
f 1193 1308 1195
f 1194 1196 1224
f 1195 1308 1309
f 1195 1309 1196
f 1196 1309 1310
f 1196 1310 1311
f 1196 1311 1224
f 1199 1304 1312
f 1199 1312 1313
f 1199 1313 1200
f 1200 1313 1314
f 1200 1314 1201
f 1201 1315 1202
f 1201 1314 1316
f 1201 1316 1317
f 1201 1317 1318
f 1201 1318 1315
f 1202 1315 1204
f 1202 1204 1203
f 1204 1315 1319
f 1204 1319 1320
f 1204 1320 1321
f 1204 1321 1205
f 1205 1321 1322
f 1205 1322 1323
f 1205 1323 1206
f 1206 1324 1207
f 1206 1323 1325
f 1206 1325 1326
f 1206 1326 1212
f 1206 1212 1211
f 1206 1211 1324
f 1207 1324 1209
f 1207 1209 1208
f 1209 1324 1211
f 1210 1326 1327
f 1210 1327 1328
f 1210 1328 1213
f 1213 1328 1327
f 1213 1327 1329
f 1213 1329 1330
f 1213 1330 1331
f 1213 1331 1215
f 1214 1216 1217
f 1215 1331 1330
f 1215 1330 1332
f 1215 1332 1216
f 1216 1332 1333
f 1216 1333 1334
f 1216 1334 1217
f 1217 1334 1335
f 1217 1335 1218
f 1218 1335 1336
f 1218 1336 1219
f 1219 1336 1220
f 1220 1336 1337
f 1220 1337 1221
f 1221 1337 1338
f 1221 1338 1222
f 1222 1338 1339
f 1222 1339 1223
f 1223 1339 1340
f 1223 1340 1341
f 1223 1341 1305
f 1224 1311 1342
f 1224 1342 1225
f 1225 1342 1226
f 1226 1342 1343
f 1226 1343 1344
f 1226 1344 1227
f 1227 1344 1228
f 1228 1344 1345
f 1228 1345 1229
f 1229 1346 1347
f 1229 1347 1348
f 1229 1348 1230
f 1229 1345 1346
f 1230 1348 1232
f 1230 1232 1231
f 1232 1348 1349
f 1232 1349 1233
f 1233 1349 1350
f 1233 1350 1234
f 1234 1350 1272
f 1235 1288 1287
f 1235 1287 1236
f 1236 1351 1352
f 1236 1352 1237
f 1236 1287 1351
f 1237 1352 1353
f 1237 1353 1354
f 1237 1354 1238
f 1238 1354 1355
f 1238 1355 1356
f 1238 1356 1357
f 1238 1357 1358
f 1238 1358 1239
f 1239 1358 1240
f 1240 1242 1241
f 1240 1358 1359
f 1240 1359 1242
f 1242 1359 1251
f 1243 1360 1361
f 1243 1361 1248
f 1243 1248 1244
f 1243 1250 1362
f 1243 1362 1360
f 1245 1248 1361
f 1245 1361 1363
f 1245 1363 1246
f 1246 1364 1365
f 1246 1365 1252
f 1246 1252 1247
f 1246 1363 1364
f 1249 1366 1250
f 1249 1251 1366
f 1250 1366 1362
f 1251 1359 1367
f 1251 1367 1366
f 1252 1365 1253
f 1253 1365 1368
f 1253 1368 1254
f 1254 1368 1369
f 1254 1369 1370
f 1254 1370 1371
f 1254 1371 1255
f 1255 1371 1372
f 1255 1372 1373
f 1255 1373 1374
f 1255 1374 1259
f 1255 1259 1257
f 1255 1257 1258
f 1255 1258 1256
f 1259 1375 1260
f 1259 1374 1375
f 1260 1375 1261
f 1261 1375 1376
f 1261 1376 1262
f 1262 1376 1377
f 1262 1377 1265
f 1263 1270 1378
f 1263 1378 1379
f 1263 1379 1264
f 1264 1379 1380
f 1264 1380 1271
f 1265 1377 1381
f 1265 1381 1266
f 1266 1381 1267
f 1267 1381 1268
f 1268 1381 1382
f 1268 1382 1383
f 1268 1383 1269
f 1269 1383 1384
f 1269 1384 1385
f 1269 1385 1378
f 1269 1378 1270
f 1271 1380 1386
f 1271 1386 1289
f 1272 1350 1387
f 1272 1387 1388
f 1272 1388 1389
f 1272 1389 1273
f 1273 1389 1388
f 1273 1388 1390
f 1273 1390 1391
f 1273 1391 1274
f 1274 1391 1275
f 1275 1391 1392
f 1275 1392 1393
f 1275 1393 1277
f 1275 1277 1276
f 1277 1393 1278
f 1278 1393 1279
f 1279 1393 1394
f 1279 1394 1280
f 1280 1395 1396
f 1280 1396 1281
f 1280 1394 1397
f 1280 1397 1395
f 1281 1396 1283
f 1283 1396 1284
f 1284 1396 1398
f 1284 1398 1399
f 1284 1399 1285
f 1285 1400 1401
f 1285 1401 1286
f 1285 1399 1400
f 1286 1401 1402
f 1286 1402 1287
f 1287 1402 1403
f 1287 1403 1351
f 1289 1386 1404
f 1289 1404 1405
f 1289 1405 1290
f 1290 1405 1292
f 1291 1406 1294
f 1291 1292 1406
f 1292 1405 1406
f 1293 1407 1296
f 1293 1295 1408
f 1293 1408 1407
f 1294 1406 1409
f 1294 1409 1410
f 1294 1410 1295
f 1295 1410 1411
f 1295 1411 1408
f 1296 1407 1297
f 1297 1407 1412
f 1297 1412 1413
f 1297 1413 1414
f 1297 1414 1415
f 1297 1415 1299
f 1297 1299 1298
f 1299 1415 1300
f 1300 1415 1416
f 1300 1416 1417
f 1300 1417 1301
f 1301 1417 1418
f 1301 1418 1419
f 1301 1419 1304
f 1301 1304 1303
f 1301 1303 1302
f 1304 1419 1420
f 1304 1420 1421
f 1304 1421 1312
f 1305 1341 1306
f 1306 1341 1422
f 1306 1422 1307
f 1307 1422 1308
f 1308 1422 1423
f 1308 1423 1309
f 1309 1423 1310
f 1310 1423 1424
f 1310 1424 1343
f 1310 1343 1342
f 1310 1342 1311
f 1312 1421 1314
f 1312 1314 1425
f 1312 1425 1313
f 1313 1425 1314
f 1314 1421 1316
f 1315 1318 1317
f 1315 1317 1426
f 1315 1426 1427
f 1315 1427 1428
f 1315 1428 1429
f 1315 1429 1319
f 1316 1421 1420
f 1316 1420 1419
f 1316 1419 1430
f 1316 1430 1431
f 1316 1431 1432
f 1316 1432 1426
f 1316 1426 1317
f 1319 1429 1433
f 1319 1433 1320
f 1320 1433 1428
f 1320 1428 1427
f 1320 1427 1434
f 1320 1434 1325
f 1320 1325 1321
f 1321 1325 1322
f 1322 1325 1323
f 1325 1434 1326
f 1326 1434 1435
f 1326 1435 1436
f 1326 1436 1437
f 1326 1437 1438
f 1326 1438 1439
f 1326 1439 1327
f 1327 1439 1440
f 1327 1440 1441
f 1327 1441 1330
f 1327 1330 1329
f 1330 1442 1443
f 1330 1443 1332
f 1330 1441 1442
f 1332 1443 1333
f 1333 1443 1442
f 1333 1442 1444
f 1333 1444 1445
f 1333 1445 1446
f 1333 1446 1334
f 1334 1446 1335
f 1335 1446 1447
f 1335 1447 1336
f 1336 1447 1448
f 1336 1448 1337
f 1337 1448 1449
f 1337 1449 1338
f 1338 1449 1450
f 1338 1450 1451
f 1338 1451 1339
f 1339 1451 1340
f 1340 1451 1452
f 1340 1452 1453
f 1340 1453 1341
f 1341 1453 1454
f 1341 1454 1422
f 1343 1424 1455
f 1343 1455 1456
f 1343 1456 1345
f 1343 1345 1344
f 1345 1456 1457
f 1345 1457 1346
f 1346 1457 1458
f 1346 1458 1459
f 1346 1459 1347
f 1347 1459 1460
f 1347 1460 1461
f 1347 1461 1348
f 1348 1461 1349
f 1349 1461 1462
f 1349 1462 1387
f 1349 1387 1350
f 1351 1403 1463
f 1351 1463 1464
f 1351 1464 1465
f 1351 1465 1353
f 1351 1353 1352
f 1353 1466 1467
f 1353 1467 1355
f 1353 1355 1354
f 1353 1465 1466
f 1355 1467 1356
f 1356 1468 1357
f 1356 1467 1468
f 1357 1468 1469
f 1357 1469 1470
f 1357 1470 1471
f 1357 1471 1358
f 1358 1471 1359
f 1359 1471 1367
f 1360 1472 1361
f 1360 1362 1472
f 1361 1472 1363
f 1362 1366 1473
f 1362 1473 1474
f 1362 1474 1472
f 1363 1472 1475
f 1363 1475 1476
f 1363 1476 1477
f 1363 1477 1364
f 1364 1477 1369
f 1364 1369 1365
f 1365 1369 1368
f 1366 1367 1471
f 1366 1471 1470
f 1366 1470 1473
f 1369 1477 1370
f 1370 1372 1371
f 1370 1477 1372
f 1372 1477 1478
f 1372 1478 1479
f 1372 1479 1480
f 1372 1480 1481
f 1372 1481 1373
f 1373 1481 1482
f 1373 1482 1374
f 1374 1482 1375
f 1375 1482 1483
f 1375 1483 1376
f 1376 1483 1484
f 1376 1484 1377
f 1377 1484 1485
f 1377 1485 1486
f 1377 1486 1381
f 1378 1385 1487
f 1378 1487 1379
f 1379 1487 1488
f 1379 1488 1380
f 1380 1488 1489
f 1380 1489 1386
f 1381 1486 1382
f 1382 1486 1490
f 1382 1490 1491
f 1382 1491 1383
f 1383 1491 1384
f 1384 1492 1493
f 1384 1493 1494
f 1384 1494 1495
f 1384 1495 1496
f 1384 1496 1385
f 1384 1491 1492
f 1385 1496 1487
f 1386 1489 1497
f 1386 1497 1404
f 1387 1462 1498
f 1387 1498 1499
f 1387 1499 1388
f 1388 1499 1500
f 1388 1500 1501
f 1388 1501 1390
f 1390 1501 1391
f 1391 1501 1502
f 1391 1502 1503
f 1391 1503 1504
f 1391 1504 1392
f 1392 1394 1393
f 1392 1504 1397
f 1392 1397 1394
f 1395 1397 1504
f 1395 1504 1505
f 1395 1505 1398
f 1395 1398 1396
f 1398 1505 1506
f 1398 1506 1399
f 1399 1506 1507
f 1399 1507 1400
f 1400 1508 1509
f 1400 1509 1401
f 1400 1507 1508
f 1401 1509 1402
f 1402 1509 1403
f 1403 1510 1463
f 1403 1509 1510
f 1404 1497 1595
f 1404 1595 1511
f 1404 1511 1406
f 1404 1406 1405
f 1406 1511 1512
f 1406 1512 1409
f 1407 1408 1513
f 1407 1513 1412
f 1408 1411 1513
f 1409 1512 1514
f 1409 1514 1410
f 1410 1514 1515
f 1410 1515 1411
f 1411 1515 1516
f 1411 1516 1513
f 1412 1517 1518
f 1412 1518 1413
f 1412 1513 1517
f 1413 1518 1519
f 1413 1519 1414
f 1414 1519 1520
f 1414 1520 1415
f 1415 1520 1521
f 1415 1521 1522
f 1415 1522 1416
f 1416 1522 1417
f 1417 1522 1418
f 1418 1523 1430
f 1418 1430 1419
f 1418 1522 1524
f 1418 1524 1523
f 1422 1454 1525
f 1422 1525 1423
f 1423 1455 1424
f 1423 1525 1455
f 1426 1432 1427
f 1427 1432 1431
f 1427 1431 1526
f 1427 1526 1435
f 1427 1435 1434
f 1428 1433 1429
f 1430 1527 1528
f 1430 1528 1529
f 1430 1529 1431
f 1430 1523 1527
f 1431 1529 1528
f 1431 1528 1530
f 1431 1530 1531
f 1431 1531 1526
f 1435 1526 1531
f 1435 1531 1436
f 1436 1531 1530
f 1436 1530 1532
f 1436 1532 1437
f 1437 1532 1533
f 1437 1533 1534
f 1437 1534 1438
f 1438 1535 1536
f 1438 1536 1537
f 1438 1537 1440
f 1438 1440 1439
f 1438 1534 1535
f 1440 1538 1442
f 1440 1442 1441
f 1440 1537 1539
f 1440 1539 1538
f 1442 1538 1444
f 1444 1538 1540
f 1444 1540 1541
f 1444 1541 1445
f 1445 1542 1543
f 1445 1543 1446
f 1445 1541 1542
f 1446 1543 1447
f 1447 1543 1544
f 1447 1544 1448
f 1448 1544 1449
f 1449 1544 1545
f 1449 1545 1450
f 1450 1545 1546
f 1450 1546 1547
f 1450 1547 1451
f 1451 1547 1452
f 1452 1548 1453
f 1452 1547 1549
f 1452 1549 1548
f 1453 1548 1550
f 1453 1550 1454
f 1454 1550 1551
f 1454 1551 1525
f 1455 1525 1552
f 1455 1552 1456
f 1456 1552 1457
f 1457 1552 1553
f 1457 1553 1458
f 1458 1553 1554
f 1458 1554 1555
f 1458 1555 1459
f 1459 1555 1556
f 1459 1556 1460
f 1460 1556 1557
f 1460 1557 1558
f 1460 1558 1461
f 1461 1558 1559
f 1461 1559 1462
f 1462 1559 1560
f 1462 1560 1498
f 1463 1510 1464
f 1464 1561 1562
f 1464 1562 1563
f 1464 1563 1466
f 1464 1466 1465
f 1464 1510 1564
f 1464 1564 1561
f 1466 1563 1467
f 1467 1563 1565
f 1467 1565 1566
f 1467 1566 1468
f 1468 1567 1469
f 1468 1566 1568
f 1468 1568 1569
f 1468 1569 1570
f 1468 1570 1571
f 1468 1571 1567
f 1469 1567 1470
f 1470 1567 1571
f 1470 1571 1473
f 1472 1474 1571
f 1472 1571 1572
f 1472 1572 1573
f 1472 1573 1475
f 1473 1571 1474
f 1475 1573 1476
f 1476 1573 1477
f 1477 1573 1574
f 1477 1574 1478
f 1478 1574 1575
f 1478 1575 1479
f 1479 1576 1480
f 1479 1575 1577
f 1479 1577 1576
f 1480 1576 1482
f 1480 1482 1481
f 1482 1578 1579
f 1482 1579 1483
f 1482 1576 1578
f 1483 1579 1484
f 1484 1579 1580
f 1484 1580 1485
f 1485 1580 1581
f 1485 1581 1486
f 1486 1581 1582
f 1486 1582 1490
f 1487 1489 1488
f 1487 1496 1583
f 1487 1583 1584
f 1487 1584 1585
f 1487 1585 1586
f 1487 1586 1489
f 1489 1586 1497
f 1490 1582 1587
f 1490 1587 1492
f 1490 1492 1491
f 1492 1587 1588
f 1492 1588 1493
f 1493 1589 1590
f 1493 1590 1591
f 1493 1591 1592
f 1493 1592 1593
f 1493 1593 1594
f 1493 1594 1494
f 1493 1588 1589
f 1494 1594 1583
f 1494 1583 1495
f 1495 1583 1496
f 1497 1586 1595
f 1498 1500 1499
f 1498 1560 1596
f 1498 1596 1597
f 1498 1597 1598
f 1498 1598 1599
f 1498 1599 1600
f 1498 1600 1601
f 1498 1601 1602
f 1498 1602 1500
f 1500 1602 1601
f 1500 1601 1603
f 1500 1603 1502
f 1500 1502 1501
f 1502 1603 1604
f 1502 1604 1605
f 1502 1605 1503
f 1503 1605 1504
f 1504 1605 1606
f 1504 1606 1506
f 1504 1506 1505
f 1506 1606 1507
f 1507 1606 1607
f 1507 1607 1608
f 1507 1608 1609
f 1507 1609 1508
f 1508 1609 1610
f 1508 1610 1509
f 1509 1610 1510
f 1510 1610 1564
f 1511 1595 1611
f 1511 1611 1512
f 1512 1611 1612
f 1512 1612 1514
f 1513 1516 1517
f 1514 1612 1613
f 1514 1613 1515
f 1515 1613 1516
f 1516 1614 1615
f 1516 1615 1517
f 1516 1613 1614
f 1517 1615 1616
f 1517 1616 1518
f 1518 1616 1617
f 1518 1617 1519
f 1519 1617 1618
f 1519 1618 1520
f 1520 1618 1619
f 1520 1619 1620
f 1520 1620 1521
f 1521 1620 1621
f 1521 1621 1622
f 1521 1622 1623
f 1521 1623 1522
f 1522 1623 1524
f 1523 1524 1624
f 1523 1624 1625
f 1523 1625 1528
f 1523 1528 1527
f 1524 1623 1624
f 1525 1551 1552
f 1528 1625 1626
f 1528 1626 1530
f 1530 1626 1532
f 1532 1626 1627
f 1532 1627 1533
f 1533 1627 1628
f 1533 1628 1629
f 1533 1629 1534
f 1534 1629 1628
f 1534 1628 1630
f 1534 1630 1535
f 1535 1630 1536
f 1536 1630 1631
f 1536 1631 1537
f 1537 1631 1730
f 1537 1730 1632
f 1537 1632 1633
f 1537 1633 1539
f 1538 1634 1635
f 1538 1635 1540
f 1538 1539 1634
f 1539 1633 1636
f 1539 1636 1637
f 1539 1637 1638
f 1539 1638 1639
f 1539 1639 1640
f 1539 1640 1634
f 1540 1635 1541
f 1541 1635 1641
f 1541 1641 1542
f 1542 1642 1543
f 1542 1641 1643
f 1542 1643 1642
f 1543 1642 1544
f 1544 1642 1545
f 1545 1642 1644
f 1545 1644 1546
f 1546 1644 1645
f 1546 1645 1646
f 1546 1646 1547
f 1547 1646 1549
f 1548 1549 1647
f 1548 1647 1648
f 1548 1648 1550
f 1549 1646 1649
f 1549 1649 1647
f 1550 1648 1650
f 1550 1650 1551
f 1551 1553 1552
f 1551 1650 1554
f 1551 1554 1553
f 1554 1650 1651
f 1554 1651 1652
f 1554 1652 1555
f 1555 1652 1653
f 1555 1653 1556
f 1556 1653 1654
f 1556 1654 1557
f 1557 1654 1655
f 1557 1655 1656
f 1557 1656 1657
f 1557 1657 1658
f 1557 1658 1558
f 1558 1658 1659
f 1558 1659 1559
f 1559 1659 1660
f 1559 1660 1560
f 1560 1660 1661
f 1560 1661 1596
f 1561 1662 1562
f 1561 1564 1662
f 1562 1662 1663
f 1562 1663 1565
f 1562 1565 1563
f 1564 1610 1609
f 1564 1609 1664
f 1564 1664 1665
f 1564 1665 1666
f 1564 1666 1667
f 1564 1667 1662
f 1565 1663 1668
f 1565 1668 1669
f 1565 1669 1569
f 1565 1569 1568
f 1565 1568 1566
f 1569 1670 1671
f 1569 1671 1672
f 1569 1672 1673
f 1569 1673 1570
f 1569 1669 1670
f 1570 1673 1674
f 1570 1674 1675
f 1570 1675 1573
f 1570 1573 1676
f 1570 1676 1571
f 1571 1676 1573
f 1571 1573 1572
f 1573 1677 1575
f 1573 1575 1574
f 1573 1675 1674
f 1573 1674 1677
f 1575 1677 1674
f 1575 1674 1678
f 1575 1678 1679
f 1575 1679 1577
f 1576 1680 1681
f 1576 1681 1578
f 1576 1577 1679
f 1576 1679 1682
f 1576 1682 1683
f 1576 1683 1680
f 1578 1684 1580
f 1578 1580 1579
f 1578 1681 1684
f 1580 1684 1685
f 1580 1685 1581
f 1581 1685 1686
f 1581 1686 1582
f 1582 1686 1587
f 1583 1594 1687
f 1583 1687 1688
f 1583 1688 1689
f 1583 1689 1584
f 1584 1689 1585
f 1585 1689 1690
f 1585 1690 1691
f 1585 1691 1692
f 1585 1692 1586
f 1586 1692 1693
f 1586 1693 1595
f 1587 1686 1694
f 1587 1694 1695
f 1587 1695 1588
f 1588 1695 1696
f 1588 1696 1589
f 1589 1696 1697
f 1589 1697 1590
f 1590 1697 1698
f 1590 1698 1591
f 1591 1698 1699
f 1591 1699 1700
f 1591 1700 1592
f 1592 1700 1701
f 1592 1701 1702
f 1592 1702 1703
f 1592 1703 1593
f 1593 1703 1594
f 1594 1703 1687
f 1595 1693 1704
f 1595 1704 1611
f 1596 1661 1705
f 1596 1705 1597
f 1597 1705 1598
f 1598 1705 1706
f 1598 1706 1707
f 1598 1707 1599
f 1599 1707 1708
f 1599 1708 1709
f 1599 1709 1710
f 1599 1710 1600
f 1600 1710 1711
f 1600 1711 1712
f 1600 1712 1603
f 1600 1603 1601
f 1603 1712 1713
f 1603 1713 1714
f 1603 1714 1604
f 1604 1714 1715
f 1604 1715 1606
f 1604 1606 1605
f 1606 1715 1607
f 1607 1715 1714
f 1607 1714 1608
f 1608 1716 1717
f 1608 1717 1609
f 1608 1714 1718
f 1608 1718 1716
f 1609 1717 1664
f 1611 1704 1719
f 1611 1719 1612
f 1612 1719 1613
f 1613 1719 1614
f 1614 1719 1720
f 1614 1720 1615
f 1615 1720 1616
f 1616 1720 1617
f 1617 1721 1618
f 1617 1720 1721
f 1618 1721 1722
f 1618 1722 1619
f 1619 1722 1723
f 1619 1723 1724
f 1619 1724 1620
f 1620 1724 1725
f 1620 1725 1621
f 1621 1725 1622
f 1622 1725 1726
f 1622 1726 1727
f 1622 1727 1624
f 1622 1624 1623
f 1624 1727 1625
f 1625 1627 1626
f 1625 1727 1627
f 1627 1727 1726
f 1627 1726 1628
f 1628 1726 1725
f 1628 1725 1728
f 1628 1728 1729
f 1628 1729 1630
f 1630 1729 1728
f 1630 1728 1631
f 1631 1728 1730
f 1632 1730 1731
f 1632 1731 1732
f 1632 1732 1733
f 1632 1733 1734
f 1632 1734 1633
f 1633 1734 1735
f 1633 1735 1636
f 1634 1736 1635
f 1634 1640 1737
f 1634 1737 1738
f 1634 1738 1736
f 1635 1736 1641
f 1636 1735 1739
f 1636 1739 1740
f 1636 1740 1637
f 1637 1741 1742
f 1637 1742 1743
f 1637 1743 1638
f 1637 1740 1744
f 1637 1744 1745
f 1637 1745 1741
f 1638 1743 1746
f 1638 1746 1747
f 1638 1747 1639
f 1639 1747 1737
f 1639 1737 1640
f 1641 1736 1738
f 1641 1738 1748
f 1641 1748 1749
f 1641 1749 1643
f 1642 1643 1644
f 1643 1749 1750
f 1643 1750 1644
f 1644 1750 1645
f 1645 1750 1751
f 1645 1751 1752
f 1645 1752 1646
f 1646 1752 1649
f 1647 1649 1753
f 1647 1753 1754
f 1647 1754 1648
f 1648 1754 1650
f 1649 1752 1755
f 1649 1755 1753
f 1650 1754 1651
f 1651 1754 1756
f 1651 1756 1757
f 1651 1757 1652
f 1652 1757 1758
f 1652 1758 1653
f 1653 1758 1759
f 1653 1759 1655
f 1653 1655 1654
f 1655 1759 1656
f 1656 1759 1760
f 1656 1760 1657
f 1657 1659 1658
f 1657 1760 1761
f 1657 1761 1762
f 1657 1762 1659
f 1659 1661 1660
f 1659 1762 1761
f 1659 1761 1706
f 1659 1706 1705
f 1659 1705 1661
f 1662 1667 1763
f 1662 1763 1764
f 1662 1764 1765
f 1662 1765 1668
f 1662 1668 1663
f 1664 1717 1665
f 1665 1717 1766
f 1665 1766 1666
f 1666 1766 1767
f 1666 1767 1768
f 1666 1768 1667
f 1667 1768 1763
f 1668 1765 1769
f 1668 1769 1770
f 1668 1770 1669
f 1669 1770 1670
f 1670 1770 1671
f 1671 1770 1771
f 1671 1771 1772
f 1671 1772 1674
f 1671 1674 1672
f 1672 1674 1673
f 1674 1772 1773
f 1674 1773 1678
f 1678 1773 1679
f 1679 1773 1774
f 1679 1774 1682
f 1680 1683 1775
f 1680 1775 1776
f 1680 1776 1777
f 1680 1777 1681
f 1681 1777 1684
f 1682 1778 1683
f 1682 1774 1779
f 1682 1779 1778
f 1683 1778 1775
f 1684 1777 1780
f 1684 1780 1685
f 1685 1780 1694
f 1685 1694 1686
f 1687 1703 1781
f 1687 1781 1688
f 1688 1781 1782
f 1688 1782 1783
f 1688 1783 1784
f 1688 1784 1785
f 1688 1785 1690
f 1688 1690 1689
f 1690 1785 1786
f 1690 1786 1691
f 1691 1786 1692
f 1692 1786 1787
f 1692 1787 1788
f 1692 1788 1789
f 1692 1789 1704
f 1692 1704 1693
f 1694 1780 1790
f 1694 1790 1695
f 1695 1790 1696
f 1696 1790 1791
f 1696 1791 1697
f 1697 1791 1792
f 1697 1792 1698
f 1698 1792 1793
f 1698 1793 1699
f 1699 1793 1794
f 1699 1794 1795
f 1699 1795 1700
f 1700 1795 1796
f 1700 1796 1701
f 1701 1796 1797
f 1701 1797 1798
f 1701 1798 1799
f 1701 1799 1702
f 1702 1799 1703
f 1703 1799 1800
f 1703 1800 1782
f 1703 1782 1781
f 1704 1789 1788
f 1704 1788 1719
f 1706 1761 1707
f 1707 1801 1802
f 1707 1802 1708
f 1707 1761 1801
f 1708 1802 1803
f 1708 1803 1804
f 1708 1804 1709
f 1709 1804 1710
f 1710 1805 1711
f 1710 1804 1806
f 1710 1806 1807
f 1710 1807 1808
f 1710 1808 1809
f 1710 1809 1805
f 1711 1805 1712
f 1712 1805 1718
f 1712 1718 1714
f 1712 1714 1713
f 1716 1718 1805
f 1716 1805 1809
f 1716 1809 1810
f 1716 1810 1717
f 1717 1810 1766
f 1719 1788 1811
f 1719 1811 1812
f 1719 1812 1720
f 1720 1812 1813
f 1720 1813 1814
f 1720 1814 1815
f 1720 1815 1721
f 1721 1815 1816
f 1721 1816 1817
f 1721 1817 1818
f 1721 1818 1722
f 1722 1818 1819
f 1722 1819 1723
f 1723 1819 1820
f 1723 1820 1724
f 1724 1820 1731
f 1724 1731 1725
f 1725 1731 1728
f 1728 1731 1730
f 1731 1820 1732
f 1732 1820 1733
f 1733 1820 1734
f 1734 1821 1822
f 1734 1822 1823
f 1734 1823 1735
f 1734 1820 1824
f 1734 1824 1818
f 1734 1818 1817
f 1734 1817 1821
f 1735 1823 1825
f 1735 1825 1826
f 1735 1826 1739
f 1737 1747 1746
f 1737 1746 1827
f 1737 1827 1828
f 1737 1828 1738
f 1738 1828 1827
f 1738 1827 1748
f 1739 1826 1829
f 1739 1829 1830
f 1739 1830 1831
f 1739 1831 1744
f 1739 1744 1740
f 1741 1745 1832
f 1741 1832 1742
f 1742 1832 1833
f 1742 1833 1743
f 1743 1833 1834
f 1743 1834 1746
f 1744 1831 1745
f 1745 1831 1832
f 1746 1835 1836
f 1746 1836 1827
f 1746 1834 1837
f 1746 1837 1835
f 1748 1827 1838
f 1748 1838 1750
f 1748 1750 1749
f 1750 1838 1751
f 1751 1838 1839
f 1751 1839 1752
f 1752 1839 1840
f 1752 1840 1755
f 1753 1755 1841
f 1753 1841 1756
f 1753 1756 1754
f 1755 1840 1842
f 1755 1842 1841
f 1756 1841 1843
f 1756 1843 1844
f 1756 1844 1845
f 1756 1845 1757
f 1757 1845 1758
f 1758 1845 1759
f 1759 1845 1846
f 1759 1846 1847
f 1759 1847 1848
f 1759 1848 1760
f 1760 1848 1849
f 1760 1849 1850
f 1760 1850 1851
f 1760 1851 1761
f 1761 1851 1852
f 1761 1852 1801
f 1763 1768 1764
f 1764 1853 1765
f 1764 1768 1853
f 1765 1853 1769
f 1766 1810 1854
f 1766 1854 1767
f 1767 1855 1768
f 1767 1854 1855
f 1768 1855 1856
f 1768 1856 1857
f 1768 1857 1853
f 1769 1853 1858
f 1769 1858 1770
f 1770 1858 1771
f 1771 1858 1772
f 1772 1859 1860
f 1772 1860 1773
f 1772 1858 1861
f 1772 1861 1859
f 1773 1862 1774
f 1773 1860 1862
f 1774 1862 1863
f 1774 1863 1779
f 1775 1864 1866
f 1775 1866 1776
f 1775 1778 1865
f 1775 1865 1864
f 1776 1866 1777
f 1777 1866 1780
f 1778 1779 1867
f 1778 1867 1865
f 1779 1863 1868
f 1779 1868 1867
f 1780 1866 1790
f 1782 1800 1869
f 1782 1869 1870
f 1782 1870 1871
f 1782 1871 1872
f 1782 1872 1873
f 1782 1873 1783
f 1783 1873 1784
f 1784 1873 1872
f 1784 1872 1874
f 1784 1874 1875
f 1784 1875 1876
f 1784 1876 1785
f 1785 1876 1786
f 1786 1876 1787
f 1787 1876 1877
f 1787 1877 1788
f 1788 1877 1878
f 1788 1878 1811
f 1790 1866 1864
f 1790 1864 1791
f 1791 1864 1865
f 1791 1865 1792
f 1792 1865 1793
f 1793 1867 1868
f 1793 1868 1794
f 1793 1865 1867
f 1794 1868 1946
f 1794 1946 1879
f 1794 1879 1795
f 1795 1879 1880
f 1795 1880 1796
f 1796 1880 1797
f 1797 1880 1881
f 1797 1881 1882
f 1797 1882 1798
f 1798 1882 1883
f 1798 1883 1884
f 1798 1884 1885
f 1798 1885 1886
f 1798 1886 1799
f 1799 1886 1887
f 1799 1887 1888
f 1799 1888 1870
f 1799 1870 1869
f 1799 1869 1800
f 1801 1852 1889
f 1801 1889 1802
f 1802 1889 1890
f 1802 1890 1891
f 1802 1891 1892
f 1802 1892 1893
f 1802 1893 1894
f 1802 1894 1803
f 1803 1894 1806
f 1803 1806 1804
f 1806 1894 1893
f 1806 1893 1807
f 1807 1893 1895
f 1807 1895 1896
f 1807 1896 1897
f 1807 1897 1808
f 1808 1897 1854
f 1808 1854 1809
f 1809 1854 1810
f 1811 1878 1813
f 1811 1813 1812
f 1813 1898 1899
f 1813 1899 1814
f 1813 1878 1898
f 1814 1899 1822
f 1814 1822 1817
f 1814 1817 1816
f 1814 1816 1815
f 1817 1822 1821
f 1818 1824 1819
f 1819 1824 1820
f 1822 1899 1900
f 1822 1900 1823
f 1823 1900 1825
f 1825 1900 1901
f 1825 1901 1902
f 1825 1902 1903
f 1825 1903 1826
f 1826 1904 1905
f 1826 1905 1829
f 1826 1903 1872
f 1826 1872 1906
f 1826 1906 1907
f 1826 1907 1908
f 1826 1908 1904
f 1827 1836 1838
f 1829 1905 1909
f 1829 1909 1910
f 1829 1910 1911
f 1829 1911 1830
f 1830 1912 1913
f 1830 1913 1831
f 1830 1911 1912
f 1831 1913 1832
f 1832 1914 1915
f 1832 1915 1916
f 1832 1916 1917
f 1832 1917 1918
f 1832 1918 1833
f 1832 1913 1919
f 1832 1919 1914
f 1833 1918 1834
f 1834 1918 1837
f 1835 1920 1836
f 1835 1837 1920
f 1836 1920 1839
f 1836 1839 1838
f 1837 1918 1920
f 1839 1920 1840
f 1840 1920 1921
f 1840 1921 1842
f 1841 1842 1922
f 1841 1922 1843
f 1842 1921 1922
f 1843 1922 1923
f 1843 1923 1844
f 1844 1923 1924
f 1844 1924 1845
f 1845 1924 1846
f 1846 1924 1925
f 1846 1925 1847
f 1847 1925 1926
f 1847 1926 1927
f 1847 1927 1928
f 1847 1928 1929
f 1847 1929 1849
f 1847 1849 1848
f 1849 1929 1850
f 1850 1929 1930
f 1850 1930 1931
f 1850 1931 1851
f 1851 1931 1932
f 1851 1932 1852
f 1852 1931 1933
f 1852 1933 1890
f 1852 1890 1889
f 1852 1932 1931
f 1853 1857 1934
f 1853 1934 1935
f 1853 1935 1936
f 1853 1936 1858
f 1854 1897 1937
f 1854 1937 1855
f 1855 1938 1856
f 1855 1937 1938
f 1856 1938 1939
f 1856 1939 1940
f 1856 1940 1934
f 1856 1934 1857
f 1858 1941 1861
f 1858 1936 1941
f 1859 1861 1942
f 1859 1942 1943
f 1859 1943 1860
f 1860 1943 1944
f 1860 1944 1862
f 1861 1941 1945
f 1861 1945 1942
f 1862 1944 1863
f 1863 1944 1946
f 1863 1946 1868
f 1870 1888 1947
f 1870 1947 1907
f 1870 1907 1906
f 1870 1906 1871
f 1871 1906 1872
f 1872 1903 1874
f 1874 1903 1902
f 1874 1902 1901
f 1874 1901 1875
f 1875 1901 1948
f 1875 1948 1876
f 1876 1948 1877
f 1877 1948 1878
f 1878 1948 1899
f 1878 1899 1898
f 1879 1946 1949
f 1879 1949 1950
f 1879 1950 1880
f 1880 1950 1881
f 1881 1950 1951
f 1881 1951 1952
f 1881 1952 1882
f 1882 1952 1883
f 1883 1952 1953
f 1883 1953 1954
f 1883 1954 1884
f 1884 1954 1955
f 1884 1955 1956
f 1884 1956 1957
f 1884 1957 1958
f 1884 1958 1959
f 1884 1959 1885
f 1885 1959 1886
f 1886 1959 1960
f 1886 1960 1947
f 1886 1947 1887
f 1887 1947 1888
f 1890 1933 1961
f 1890 1961 1891
f 1891 1961 1962
f 1891 1962 1963
f 1891 1963 1892
f 1892 1963 1964
f 1892 1964 1893
f 1893 1964 1895
f 1895 1964 2017
f 1895 2017 1965
f 1895 1965 1896
f 1896 1965 1966
f 1896 1966 1937
f 1896 1937 1897
f 1899 1948 1900
f 1900 1948 1901
f 1904 1967 1909
f 1904 1909 1905
f 1904 1908 1967
f 1907 1947 1968
f 1907 1968 1969
f 1907 1969 1967
f 1907 1967 1908
f 1909 1967 1970
f 1909 1970 1971
f 1909 1971 1972
f 1909 1972 1910
f 1910 1972 1911
f 1911 1972 1973
f 1911 1973 1912
f 1912 1973 1974
f 1912 1974 1913
f 1913 1974 1919
f 1914 1975 1976
f 1914 1976 1977
f 1914 1977 1978
f 1914 1978 1915
f 1914 1919 1974
f 1914 1974 1973
f 1914 1973 1979
f 1914 1979 1980
f 1914 1980 1975
f 1915 1978 1916
f 1916 1981 1917
f 1916 1978 1981
f 1917 1981 1982
f 1917 1982 1918
f 1918 1922 1921
f 1918 1921 1920
f 1918 1982 1922
f 1922 1982 1981
f 1922 1981 1983
f 1922 1983 1923
f 1923 1983 1984
f 1923 1984 1924
f 1924 1984 1925
f 1925 1984 1926
f 1926 1984 1985
f 1926 1985 1986
f 1926 1986 1927
f 1927 1986 1928
f 1928 1986 1987
f 1928 1987 1988
f 1928 1988 1929
f 1929 1988 1989
f 1929 1989 1930
f 1930 1989 1931
f 1931 1989 1933
f 1933 1989 1990
f 1933 1990 1961
f 1934 1940 1935
f 1935 1991 1992
f 1935 1992 1941
f 1935 1941 1936
f 1935 1940 1993
f 1935 1993 1991
f 1937 1966 1938
f 1938 1994 1939
f 1938 1966 1994
f 1939 1995 1996
f 1939 1996 1940
f 1939 1994 1995
f 1940 1996 1993
f 1941 1992 1945
f 1942 1945 1997
f 1942 1997 1998
f 1942 1998 1943
f 1943 1949 1944
f 1943 1998 1949
f 1944 1949 1946
f 1945 1992 1999
f 1945 1999 1997
f 1947 1960 2000
f 1947 2000 2001
f 1947 2001 1968
f 1949 1998 1951
f 1949 1951 1950
f 1951 1998 1997
f 1951 1997 2002
f 1951 2002 1952
f 1952 2002 1953
f 1953 2002 2003
f 1953 2003 2004
f 1953 2004 1954
f 1954 2004 1956
f 1954 1956 1955
f 1956 2004 2005
f 1956 2005 2006
f 1956 2006 2007
f 1956 2007 2008
f 1956 2008 1957
f 1957 2008 2009
f 1957 2009 2010
f 1957 2010 2011
f 1957 2011 1958
f 1958 2011 2012
f 1958 2012 1959
f 1959 2012 2000
f 1959 2000 1960
f 1961 1990 2013
f 1961 2013 1962
f 1962 2014 1963
f 1962 2013 2014
f 1963 2014 2015
f 1963 2015 2016
f 1963 2016 2017
f 1963 2017 1964
f 1965 2017 2018
f 1965 2018 2019
f 1965 2019 1966
f 1966 2019 1994
f 1967 1969 2001
f 1967 2001 2020
f 1967 2020 1970
f 1968 2001 1969
f 1970 2021 1971
f 1970 2020 2021
f 1971 2021 1972
f 1972 2022 1973
f 1972 2021 2023
f 1972 2023 2022
f 1973 2024 1979
f 1973 2022 2024
f 1975 1980 1987
f 1975 1987 1986
f 1975 1986 1985
f 1975 1985 1976
f 1976 1985 1977
f 1977 1985 1984
f 1977 1984 1983
f 1977 1983 1978
f 1978 1983 1981
f 1979 2024 2025
f 1979 2025 1980
f 1980 2025 2026
f 1980 2026 1987
f 1987 2026 1988
f 1988 2026 2027
f 1988 2027 2028
f 1988 2028 1990
f 1988 1990 1989
f 1990 2028 2013
f 1991 2029 1992
f 1991 1993 2030
f 1991 2030 2029
f 1992 2029 1999
f 1993 1996 2030
f 1994 2019 1995
f 1995 2019 2031
f 1995 2031 1996
f 1996 2031 2032
f 1996 2032 2030
f 1997 1999 2003
f 1997 2003 2002
f 1999 2029 2034
f 1999 2034 2003
f 2000 2012 2001
f 2001 2033 2021
f 2001 2021 2020
f 2001 2012 2033
f 2003 2034 2004
f 2004 2034 2005
f 2005 2034 2035
f 2005 2035 2032
f 2005 2032 2006
f 2006 2032 2007
f 2007 2032 2036
f 2007 2036 2037
f 2007 2037 2008
f 2008 2037 2009
f 2009 2037 2038
f 2009 2038 2010
f 2010 2038 2039
f 2010 2039 2040
f 2010 2040 2011
f 2011 2040 2012
f 2012 2040 2033
f 2013 2028 2041
f 2013 2041 2042
f 2013 2042 2014
f 2014 2042 2043
f 2014 2043 2015
f 2015 2043 2038
f 2015 2038 2016
f 2016 2038 2037
f 2016 2037 2018
f 2016 2018 2017
f 2018 2037 2036
f 2018 2036 2019
f 2019 2036 2031
f 2021 2033 2044
f 2021 2044 2040
f 2021 2040 2045
f 2021 2045 2046
f 2021 2046 2047
f 2021 2047 2023
f 2022 2023 2047
f 2022 2047 2048
f 2022 2048 2024
f 2024 2048 2025
f 2025 2048 2026
f 2026 2048 2027
f 2027 2048 2049
f 2027 2049 2028
f 2028 2049 2046
f 2028 2046 2041
f 2029 2030 2034
f 2030 2035 2034
f 2030 2032 2035
f 2031 2036 2032
f 2033 2040 2044
f 2038 2043 2050
f 2038 2050 2039
f 2039 2050 2040
f 2040 2050 2046
f 2040 2046 2045
f 2041 2046 2042
f 2042 2046 2043
f 2043 2046 2050
f 2046 2049 2047
f 2047 2049 2048

