v 0.01034052 0.00094203 0.02627673
v 0.00993766 0.00085794 0.02686927
v 0.01039939 0.00000308 0.02625793
v 0.00999123 0.00000297 0.02685054
v 0.00723364 0.00637372 0.02717511
v 0.00711814 0.00589248 0.02776859
v 0.00792748 0.00577997 0.02696982
v 0.00774002 0.00534769 0.02756280
v 0.00854387 0.00510668 0.02679509
v 0.00829711 0.00472586 0.02738784
v 0.00907774 0.00436854 0.02664666
v 0.00878436 0.00403911 0.02723933
v 0.00952990 0.00357517 0.02651929
v 0.00919827 0.00329877 0.02711191
v 0.00989688 0.00273498 0.02641217
v 0.00953351 0.00251539 0.02700473
v 0.01017005 0.00185496 0.02632973
v 0.00978253 0.00169860 0.02692225
v 0.00990405 0.00109572 0.02688089
v 0.01057400 0.00000312 0.02555985
v 0.01051023 0.00100071 0.02557827
v 0.01032630 0.00196180 0.02563042
v 0.01003246 0.00288172 0.02571165
v 0.00963897 0.00375583 0.02581728
v 0.00915560 0.00457935 0.02594292
v 0.00858391 0.00534518 0.02608906
v 0.00716469 0.00665916 0.02646034
v 0.00749782 0.00640723 0.02637027
v 0.00791851 0.00604429 0.02626022
v 0.01033967 -0.00093588 0.02627786
v 0.00712130 -0.00588809 0.02776859
v 0.00723706 -0.00636927 0.02717511
v 0.00774268 -0.00534263 0.02756359
v 0.00792995 -0.00577467 0.02697062
v 0.00829986 -0.00472074 0.02738766
v 0.00854694 -0.00510141 0.02679493
v 0.00878716 -0.00403450 0.02723757
v 0.00908168 -0.00436405 0.02664495
v 0.00919986 -0.00329427 0.02711147
v 0.00953183 -0.00357079 0.02651887
v 0.00953319 -0.00251039 0.02700754
v 0.00989505 -0.00272982 0.02641493
v 0.00978180 -0.00169310 0.02692530
v 0.01016765 -0.00184914 0.02633268
v 0.00990373 -0.00108977 0.02688266
v 0.00993749 -0.00085212 0.02687048
v 0.00716827 -0.00665475 0.02646033
v 0.00792065 -0.00603879 0.02626094
v 0.00858719 -0.00533983 0.02608887
v 0.00916065 -0.00457518 0.02594133
v 0.00964121 -0.00375176 0.02581692
v 0.01050873 -0.00099446 0.02557939
v 0.01032219 -0.00195575 0.02563326
v 0.01028736 -0.00208670 0.02564308
v 0.01002905 -0.00287644 0.02571426
v 0.00728747 0.00565796 0.02776870
v 0.00782031 0.00480775 0.02776901
v 0.00826405 0.00390783 0.02776928
v 0.00861409 0.00296749 0.02776950
v 0.00886681 0.00199646 0.02776965
v 0.00901961 0.00100478 0.02776974
v 0.00907090 0.00000272 0.02776976
v 0.00902015 -0.00099937 0.02776974
v 0.00886788 -0.00199113 0.02776964
v 0.00861568 -0.00296229 0.02776950
v 0.00826614 -0.00390282 0.02776928
v 0.00782289 -0.00480299 0.02776902
v 0.00729051 -0.00565348 0.02776869
v 0.00625360 0.00495463 0.02689748
v 0.00774304 0.00434612 0.02593407
v 0.00625354 0.00332261 0.02772035
v 0.00816774 0.00338474 0.02593433
v 0.00669024 0.00216614 0.02772062
v 0.00840806 0.00266289 0.02593449
v 0.00687002 0.00140287 0.02772072
v 0.00859440 0.00190439 0.02593460
v 0.00697219 0.00062540 0.02772078
v 0.00875468 0.00076881 0.02593470
v 0.00699571 -0.00015840 0.02772079
v 0.00877824 0.00037480 0.02593471
v 0.00694034 -0.00094060 0.02772076
v 0.00871453 -0.00116449 0.02593467
v 0.00680664 -0.00171327 0.02772069
v 0.00840490 -0.00267366 0.02593447
v 0.00659597 -0.00246860 0.02772055
v 0.00829218 -0.00303474 0.02593442
v 0.00625532 -0.00331868 0.02772035
v 0.00785737 -0.00411368 0.02593414
v 0.00625574 -0.00407156 0.02737101
v 0.00738529 -0.00498679 0.02593387
v 0.00625654 -0.00539781 0.02663291
v 0.00703927 0.00597129 0.02778428
v 0.00727471 0.00564903 0.02778442
v 0.00704248 -0.00596695 0.02778428
v 0.00727775 -0.00564456 0.02778442
v 0.00780929 -0.00479541 0.02778474
v 0.00825184 -0.00389667 0.02778501
v 0.00860082 -0.00295762 0.02778521
v 0.00885263 -0.00198799 0.02778537
v 0.00900465 -0.00099780 0.02778546
v 0.00905532 0.00000272 0.02778550
v 0.00900412 0.00100320 0.02778546
v 0.00885156 0.00199331 0.02778538
v 0.00859923 0.00296281 0.02778522
v 0.00824975 0.00390166 0.02778501
v 0.00780671 0.00480017 0.02778474
v -0.00680005 0.00646323 0.01921158
v -0.00680088 0.00645506 0.02067072
v -0.00680001 0.00647761 0.01921158
v -0.00681072 0.00646680 0.01921158
v -0.00679652 -0.00648070 0.01921159
v -0.00679658 -0.00646632 0.01921158
v -0.00680725 -0.00646989 0.01921158
v -0.00679741 -0.00645815 0.02067082
v -0.00622661 0.00515088 -0.00615967
v -0.00666979 0.00463695 -0.00641170
v -0.00664336 0.00684667 -0.00639680
v -0.00233317 0.00738961 -0.00293569
v -0.00233316 0.00733709 -0.00293571
v -0.00304783 0.00714789 -0.00369667
v -0.00126901 0.00748398 -0.00154587
v -0.00126901 0.00749681 -0.00154586
v -0.00072155 0.00749986 -0.00063488
v -0.00060869 0.00906659 -0.00041960
v -0.00060827 0.00749814 -0.00041959
v -0.00099344 0.00929275 -0.00110998
v -0.00057325 0.00932025 -0.00035000
v -0.00059669 0.00921807 -0.00039602
v -0.00159078 0.00922580 -0.00200598
v -0.00159835 0.00747993 -0.00201697
v -0.00226662 0.00910978 -0.00285617
v -0.00468531 0.00827318 -0.00512240
v -0.00392503 0.00861871 -0.00450782
v -0.00388356 0.00682603 -0.00447250
v -0.00316488 0.00888359 -0.00381173
v -0.00304892 0.00891777 -0.00369728
v -0.00242162 0.00907685 -0.00303337
v -0.00574941 0.00561325 -0.00586637
v -0.00398940 0.00677682 -0.00456323
v -0.00474112 0.00636602 -0.00516503
v -0.00538387 0.00786859 -0.00562491
v -0.00525283 0.00601697 -0.00553526
v -0.00603298 0.00739805 -0.00604314
v -0.00556982 0.00576747 -0.00574974
v -0.00684937 0.00439898 -0.00650842
v -0.00741470 0.00594110 -0.00679269
v -0.00688648 0.00659023 -0.00652770
v -0.00785135 0.00248386 -0.00699261
v -0.00868144 0.00352924 -0.00732463
v -0.00775073 0.00275392 -0.00694815
v -0.00857800 0.00380548 -0.00728652
v -0.00734044 0.00362517 -0.00675732
v -0.00831739 0.00441233 -0.00718636
v -0.00789115 0.00521860 -0.00700961
v -0.00816698 0.00126543 -0.00712622
v -0.00821580 0.00093647 -0.00714610
v -0.00827447 -0.00000072 -0.00716978
v -0.00821550 -0.00093868 -0.00714619
v -0.00816728 -0.00126352 -0.00712662
v -0.00861831 -0.00369952 -0.00730221
v -0.00785086 -0.00248512 -0.00699299
v -0.00774986 -0.00275598 -0.00694842
v -0.00822566 -0.00460126 -0.00715069
v -0.00734070 -0.00362455 -0.00675838
v -0.00772314 -0.00549020 -0.00693680
v -0.00684796 -0.00440078 -0.00650892
v -0.00720796 -0.00621068 -0.00669373
v -0.00666729 -0.00463997 -0.00641170
v -0.00663968 -0.00684967 -0.00639680
v -0.00888511 -0.00289622 -0.00739749
v -0.00892799 -0.00274274 -0.00741222
v -0.00896514 -0.00259918 -0.00742468
v -0.00896654 0.00259492 -0.00742468
v -0.00622463 -0.00515283 -0.00616013
v -0.00574711 -0.00561515 -0.00586682
v -0.00637719 -0.00710169 -0.00624932
v -0.00556799 -0.00576884 -0.00575057
v -0.00576652 -0.00760332 -0.00587955
v -0.00524991 -0.00601900 -0.00553547
v -0.00512333 -0.00803012 -0.00544711
v -0.00473770 -0.00636801 -0.00516503
v -0.00493304 -0.00813990 -0.00531028
v -0.00422979 -0.00849047 -0.00476694
v -0.00398725 -0.00677770 -0.00456451
v -0.00388133 -0.00682690 -0.00447375
v -0.00352395 -0.00876730 -0.00415602
v -0.00304399 -0.00714897 -0.00369668
v -0.00304462 -0.00891870 -0.00369778
v -0.00233083 -0.00733744 -0.00293756
v -0.00233082 -0.00739001 -0.00293757
v -0.00159433 -0.00748022 -0.00201696
v -0.00249300 -0.00906053 -0.00311849
v -0.00282502 -0.00897914 -0.00347438
v -0.00091211 -0.00749873 -0.00098079
v -0.00060424 -0.00749790 -0.00041960
v -0.00060382 -0.00906635 -0.00041959
v -0.00056839 -0.00932012 -0.00035012
v -0.00060369 -0.00931832 -0.00041948
v -0.00059711 -0.00917977 -0.00040653
v -0.00115299 -0.00927762 -0.00137460
v -0.00159408 -0.00922494 -0.00201726
v -0.00178850 -0.00919600 -0.00227582
v -0.00917667 -0.00156341 -0.00742477
v -0.00928235 -0.00052224 -0.00742484
v -0.00929573 -0.00000222 -0.00742485
v -0.00928251 0.00052007 -0.00742484
v -0.00925566 0.00090657 -0.00742482
v -0.00910964 0.00195587 -0.00742473
v 0.00902313 0.00103510 0.02527923
v 0.00906998 0.00038620 0.02527925
v 0.00898488 0.00038288 0.02563407
v 0.00795123 -0.00455965 0.02536887
v 0.00772418 -0.00480045 0.02565058
v 0.00804415 -0.00420240 0.02563350
v 0.00740812 -0.00497848 0.02591836
v 0.00868528 -0.00275503 0.02527903
v 0.00812109 -0.00423888 0.02527869
v 0.00800568 -0.00447353 0.02527861
v 0.00891979 -0.00118960 0.02563403
v 0.00900433 -0.00119993 0.02527922
v 0.00860349 -0.00273132 0.02563384
v 0.00888054 0.00196235 0.02527915
v 0.00879707 0.00194546 0.02563396
v 0.00859307 0.00305460 0.02527897
v 0.00836121 0.00345773 0.02563369
v 0.00844090 0.00348775 0.02527888
v 0.00792735 0.00443985 0.02563343
v 0.00800327 0.00447839 0.02527861
v 0.00625511 -0.00295811 0.02790683
v 0.00625348 0.00273336 0.02808456
v 0.00625353 0.00304470 0.02785711
v 0.00625354 0.00315382 0.02779860
v 0.00646690 0.00210158 0.02808469
v 0.00664133 0.00136106 0.02808479
v 0.00674045 0.00060676 0.02808486
v 0.00676327 -0.00015368 0.02808486
v 0.00670955 -0.00091256 0.02808483
v 0.00657984 -0.00166221 0.02808475
v 0.00637545 -0.00239502 0.02808463
v 0.00625494 -0.00272944 0.02808457
v 0.00647051 0.00553796 0.02808469
v 0.00677898 0.00577302 0.02800662
v 0.00636464 0.00567038 0.02808463
v 0.00628163 0.00611672 0.02805447
v 0.00625273 0.00579774 0.02808456
v 0.00625258 0.00610138 0.02806174
v 0.00625257 0.00620356 0.02804278
v 0.00644513 0.00628374 0.02796395
v 0.00625255 0.00657241 0.02791220
v 0.00658758 0.00642927 0.02781793
v 0.00625259 0.00684510 0.02771791
v 0.00670035 0.00654455 0.02762600
v 0.00625246 0.00704386 0.02744610
v 0.00691714 0.00587827 0.02791248
v 0.00728753 0.00503634 0.02800694
v 0.00798342 0.00369191 0.02800735
v 0.00869776 0.00075954 0.02800779
v 0.00845749 0.00225421 0.02800764
v 0.00845870 -0.00224910 0.02800764
v 0.00869817 -0.00075431 0.02800779
v 0.00798540 -0.00368706 0.02800736
v 0.00729024 -0.00503186 0.02800693
v 0.00692030 -0.00587399 0.02791248
v 0.00678208 -0.00576881 0.02800662
v 0.00647348 -0.00553392 0.02808469
v 0.00696095 -0.00482698 0.02808498
v 0.00762781 -0.00353693 0.02808539
v 0.00808183 -0.00215752 0.02808566
v 0.00831155 -0.00072359 0.02808581
v 0.00831116 0.00072862 0.02808581
v 0.00808067 0.00216242 0.02808567
v 0.00762590 0.00354159 0.02808539
v 0.00695835 0.00483128 0.02808499
v -0.00056413 0.00934823 -0.00033212
v -0.00013789 0.00933078 0.00062838
v -0.00035719 0.00934391 0.00010332
v 0.00003299 0.00933211 0.00110214
v 0.00019765 0.00932408 0.00164069
v 0.00032305 0.00931694 0.00213850
v -0.00114771 0.00749936 0.02527206
v -0.00104877 0.00750000 0.02523803
v -0.00101718 0.00863843 0.02522579
v -0.00092411 0.00749894 0.02518678
v -0.00061257 0.00866007 0.02501026
v -0.00041364 0.00749042 0.02485465
v -0.00188333 0.00856139 0.02535830
v -0.00194908 0.00744592 0.02535266
v -0.00154335 0.00748376 0.02535294
v -0.00114803 0.00862967 0.02527206
v -0.00121947 0.00862449 0.02529301
v -0.00167307 0.00858447 0.02536176
v -0.00194948 0.00855350 0.02535265
v -0.00233467 0.00850122 0.02527413
v -0.00236258 0.00738425 0.02526519
v -0.00253033 0.00847033 0.02520231
v -0.00296870 0.00838994 0.02494531
v -0.00296839 0.00725050 0.02494531
v 0.00007726 0.00744936 0.02418577
v 0.00001922 0.00868289 0.02430375
v -0.00013184 0.00747081 0.02454545
v -0.00012859 0.00867786 0.02454056
v -0.00044030 0.00866714 0.02487767
v 0.00020872 0.00743284 0.02378802
v 0.00025508 0.00742648 0.02337269
v 0.00025473 0.00870149 0.02337269
v 0.00025472 0.00870141 0.02337611
v 0.00018785 0.00869096 0.02387455
v 0.00007693 0.00868514 0.02418578
v -0.00429360 0.00749913 0.01797818
v -0.00429118 0.00749913 0.01397819
v -0.00379169 0.00749926 0.01797848
v -0.00378927 0.00749926 0.01397848
v -0.00616434 0.00648103 0.01131148
v -0.00611589 0.00649250 0.01599408
v -0.00648052 0.00642612 0.01599234
v -0.00685207 0.00651610 0.01135105
v -0.00657423 0.00641234 0.02071717
v -0.00633954 0.00642354 0.02070543
v -0.00612096 0.00648461 0.02063865
v -0.00591990 0.00659428 0.02051045
v -0.00589855 0.00660748 0.01599532
v -0.00588250 0.00661685 0.01147180
v -0.00663221 0.00645190 0.01127909
v -0.00639244 0.00643999 0.01126619
v -0.00150000 -0.00275000 0.02950000
v -0.00150000 0.00275000 0.02949999
v -0.00129904 -0.00275000 0.03025000
v -0.00129904 0.00275000 0.03025000
v -0.00075000 -0.00275000 0.03079904
v -0.00075000 0.00275000 0.03079904
v 0.00000000 -0.00275000 0.03100001
v 0.00000000 0.00275000 0.03100000
v 0.00011816 -0.00275000 0.03099534
v 0.00011816 0.00275000 0.03099534
v 0.00075000 -0.00275000 0.03079905
v 0.00075000 0.00275000 0.03079904
v 0.00129904 -0.00275000 0.03025000
v 0.00129904 0.00275000 0.03025000
v 0.00150000 -0.00275000 0.02950000
v 0.00150000 0.00275000 0.02950000
v 0.00129904 -0.00275000 0.02875000
v 0.00129904 0.00275000 0.02874999
v 0.00075000 -0.00275000 0.02820096
v 0.00075000 0.00275000 0.02820096
v -0.00000000 -0.00275000 0.02800000
v -0.00000000 0.00275000 0.02800000
v -0.00075000 -0.00275000 0.02820096
v -0.00075000 0.00275000 0.02820097
v -0.00129904 -0.00275000 0.02875000
v -0.00129904 0.00275000 0.02875000
v -0.00378899 -0.00698197 0.01994852
v -0.00378872 -0.00698208 0.01950000
v -0.00378837 -0.00734790 0.01907362
v -0.00378842 -0.00698219 0.01900000
v -0.00378767 -0.00750074 0.01797848
v -0.00378420 -0.00698385 0.01201179
v -0.00378455 -0.00730496 0.01274241
v -0.00378525 -0.00750074 0.01397849
v -0.00379217 0.00698072 0.01900000
v -0.00379231 0.00734642 0.01907364
v -0.00379247 0.00698060 0.01950001
v -0.00379275 0.00698050 0.01994850
v -0.00378847 0.00730349 0.01274241
v -0.00378795 0.00698238 0.01201179
v -0.00574350 0.00584988 0.01074123
v -0.00529518 0.00618291 0.01101179
v -0.00571281 0.00673327 0.01162406
v -0.00434960 0.00673518 0.01162701
v -0.00519368 0.00705390 0.01214409
v -0.00472167 0.00730324 0.01274186
v -0.00441663 0.00744495 0.01332217
v -0.00724599 0.00605765 0.01090233
v -0.00740529 0.00585021 0.01074079
v -0.00621255 0.00544041 0.01047996
v -0.00665217 0.00498655 0.01026384
v -0.00762579 0.00553909 0.01053597
v -0.00789844 0.00510998 0.01031511
v -0.00686674 0.00473450 0.01017239
v -0.00811033 0.00473576 0.01017216
v -0.00730255 0.00414194 0.01002848
v -0.00866897 0.00349795 0.00997553
v -0.00768419 0.00349822 0.00997612
v -0.00850194 0.00391749 0.00999768
v -0.00821841 0.00452841 0.01011078
v -0.00432407 0.00748512 0.01364375
v -0.00866709 -0.00350205 0.00997554
v -0.00768231 -0.00350178 0.00997613
v -0.00889322 -0.00282649 0.00997540
v -0.00833035 -0.00180182 0.00997573
v -0.00910458 -0.00198729 0.00997527
v -0.00919089 0.00151646 0.00997521
v -0.00929807 0.00051155 0.00997515
v -0.00833131 0.00179791 0.00997574
v -0.00855000 -0.00000201 0.00997560
v -0.00898109 0.00251341 0.00997534
v -0.00930915 0.00023192 0.00997514
v -0.00927873 -0.00079095 0.00997516
v -0.00913922 -0.00181269 0.00997525
v -0.00684857 -0.00651922 0.01135103
v -0.00662874 -0.00645490 0.01127909
v -0.00725833 -0.00604129 0.01088603
v -0.00740206 -0.00585374 0.01074088
v -0.00573128 -0.00585966 0.01074652
v -0.00620770 -0.00544501 0.01048097
v -0.00767052 -0.00547139 0.01049467
v -0.00665224 -0.00498647 0.01026260
v -0.00802741 -0.00488604 0.01022305
v -0.00685840 -0.00474474 0.01017471
v -0.00810528 -0.00474422 0.01017368
v -0.00729991 -0.00414591 0.01002858
v -0.00840682 -0.00413378 0.01002591
v -0.00638898 -0.00644286 0.01126619
v -0.00616086 -0.00648378 0.01131147
v -0.00529186 -0.00618519 0.01101179
v -0.00587895 -0.00661945 0.01147179
v -0.00434597 -0.00673696 0.01162700
v -0.00570688 -0.00673732 0.01162618
v -0.00518897 -0.00705665 0.01214511
v -0.00471775 -0.00730521 0.01274186
v -0.00441263 -0.00744675 0.01332215
v -0.00432003 -0.00748688 0.01364382
v -0.00428716 -0.00750087 0.01397819
v -0.00428957 -0.00750087 0.01797818
v -0.00647198 -0.00642905 0.01599241
v -0.00611289 -0.00649504 0.01599411
v -0.00589500 -0.00661008 0.01599536
v -0.00664756 -0.00642359 0.02070831
v -0.00639351 -0.00641866 0.02071366
v -0.00613074 -0.00648210 0.02064451
v -0.00591636 -0.00659689 0.02051045
v -0.00055911 -0.00934797 -0.00033212
v -0.00034717 -0.00932763 0.00011448
v -0.00012370 -0.00933727 0.00065213
v 0.00003970 -0.00932865 0.00110724
v 0.00021049 -0.00932351 0.00166906
v 0.00032806 -0.00931620 0.00213851
v -0.00910452 -0.00197913 0.00628527
v -0.00886232 -0.00293737 0.00612938
v -0.00925470 -0.00099672 0.00639598
v -0.00930639 -0.00000222 0.00643808
v -0.00925524 0.00099231 0.00639598
v -0.00910558 0.00197480 0.00628526
v -0.00886390 0.00293317 0.00612938
v -0.00853666 0.00385535 0.00595173
v -0.00765145 0.00554286 0.00562488
v -0.00813035 0.00472927 0.00577576
v -0.00710643 0.00628404 0.00552251
v -0.00654233 0.00687998 0.00758573
v -0.00662953 0.00685979 -0.00390097
v -0.00680200 0.00642046 0.02253068
v -0.00656193 0.00664584 0.02265695
v -0.00655650 0.00670149 0.01989005
v -0.00653042 0.00676608 0.01716639
v -0.00650994 0.00683571 0.01350180
v -0.00812781 -0.00473308 0.00577575
v -0.00853459 -0.00385938 0.00595173
v -0.00764847 -0.00554641 0.00562487
v -0.00710305 -0.00628730 0.00552251
v -0.00655290 -0.00670445 0.01989006
v -0.00655836 -0.00664881 0.02265696
v -0.00679855 -0.00642356 0.02253069
v -0.00656099 -0.00688542 0.00513611
v -0.00652678 -0.00676903 0.01716640
v -0.00650793 -0.00682447 0.01441914
v -0.00296419 -0.00839097 0.02494531
v -0.00256889 -0.00846394 0.02518331
v -0.00296450 -0.00725153 0.02494531
v -0.00274105 -0.00730687 0.02509500
v -0.00235853 -0.00738497 0.02526520
v -0.00231635 -0.00850396 0.02527833
v -0.00194508 -0.00744640 0.02535266
v -0.00194490 -0.00855398 0.02535264
v -0.00186424 -0.00856352 0.02535924
v -0.00154010 -0.00748397 0.02535303
v -0.00163812 -0.00858787 0.02536044
v -0.00118803 -0.00862655 0.02528550
v -0.00114381 -0.00749941 0.02527210
v -0.00114339 -0.00862972 0.02527206
v -0.00104552 -0.00750000 0.02523831
v -0.00098039 -0.00864041 0.02521280
v -0.00092013 -0.00749887 0.02518681
v -0.00057579 -0.00866122 0.02498769
v -0.00040961 -0.00749008 0.02485464
v -0.00041738 -0.00866749 0.02486180
v -0.00012824 -0.00747036 0.02454602
v 0.00025940 -0.00870075 0.02337440
v 0.00025907 -0.00742578 0.02337269
v 0.00019252 -0.00869030 0.02387455
v 0.00021227 -0.00743223 0.02379004
v 0.00008159 -0.00868453 0.02418577
v 0.00008126 -0.00744875 0.02418578
v 0.00000843 -0.00868176 0.02433232
v -0.00011047 -0.00867779 0.02452184
v 0.00017021 0.00934529 -0.00029897
v 0.00024645 0.00934458 -0.00024000
v 0.00100931 0.00930125 -0.00014281
v 0.00107787 0.00927971 -0.00022458
v 0.00178252 0.00922020 0.00012574
v 0.00195675 0.00910556 -0.00015665
v 0.00245980 0.00895909 -0.00011777
v 0.00257593 0.00908622 0.00036220
v 0.00298928 0.00880278 -0.00001368
v 0.00337725 0.00889261 0.00057163
v 0.00351225 0.00861820 0.00008289
v 0.00318961 0.00901634 0.00110254
v 0.00273991 0.00911217 0.00094642
v 0.00159609 0.00927668 0.00048977
v 0.00127171 0.00930470 0.00034117
v 0.00032315 0.00934387 -0.00018148
v 0.00625288 0.00716785 0.02710002
v 0.00625309 0.00722082 0.02675028
v 0.00625364 0.00513848 0.02675140
v 0.00625374 0.00530692 0.02649711
v 0.00625507 0.00738617 0.02338456
v 0.00625560 0.00540174 0.02338457
v 0.00625400 0.00540173 0.02604364
v 0.00625390 0.00539137 0.02619927
v 0.00749792 0.00494837 0.02523030
v 0.00778741 0.00476228 0.02525583
v 0.00776547 0.00472456 0.02551948
v 0.00745508 0.00496513 0.02522680
v 0.00766858 0.00474896 0.02562953
v 0.00772607 0.00456543 0.02580076
v 0.00886277 0.00298712 0.02073957
v 0.00819420 0.00439802 0.02268869
v 0.00833564 0.00433857 0.02073924
v 0.00817128 -0.00440370 0.02303450
v 0.00920140 -0.00150640 0.02073977
v 0.00886437 -0.00298179 0.02073957
v 0.00833797 -0.00433352 0.02073925
v 0.00920059 0.00151190 0.02073977
v 0.00925861 0.00105964 0.02073980
v 0.00931431 0.00000278 0.02073984
v 0.00925918 -0.00105410 0.02073980
v 0.00625585 -0.00579381 0.02808456
v 0.00636769 -0.00566640 0.02808463
v 0.00625621 -0.00675959 0.02778909
v 0.00659102 -0.00642517 0.02781792
v 0.00644850 -0.00627972 0.02796394
v 0.00670386 -0.00654039 0.02762600
v 0.00625641 -0.00698438 0.02754549
v 0.00625617 -0.00703996 0.02744611
v 0.00628491 -0.00611279 0.02805446
v 0.00625591 -0.00621400 0.02803959
v 0.00625599 -0.00640947 0.02798220
v 0.00674781 -0.00673712 0.02728584
v 0.00625696 -0.00721691 0.02675029
v 0.00662056 -0.00701249 0.02662465
v 0.00625672 -0.00716046 0.02711364
v 0.00345690 -0.00877078 0.00031931
v 0.00338203 -0.00889023 0.00057164
v 0.00178796 -0.00921841 0.00012674
v 0.00024938 -0.00934390 -0.00024044
v 0.00017523 -0.00934463 -0.00029896
v 0.00074810 -0.00931630 -0.00025227
v 0.00299409 -0.00880073 -0.00001390
v 0.00351689 -0.00861575 0.00008290
v 0.00246465 -0.00895726 -0.00011787
v 0.00154910 -0.00919840 -0.00018908
v 0.00187514 -0.00915914 -0.00005094
v 0.00101349 -0.00929994 -0.00014124
v 0.00319445 -0.00901407 0.00110254
v 0.00170316 -0.00926492 0.00053446
v 0.00084811 -0.00932904 0.00012783
v 0.00032881 -0.00934314 -0.00018245
v 0.00035564 0.00903248 0.01213303
v 0.00034795 0.00910788 0.01003012
v -0.00160714 0.00902925 0.00922879
v -0.00161565 0.00919264 0.00195004
v -0.00590263 0.00749358 0.00062812
v -0.00514465 0.00801223 0.00073892
v 0.00025580 0.00874340 0.02157640
v 0.00025591 0.00874805 0.02138093
v -0.00160585 0.00879091 0.01695727
v 0.00022410 0.00871700 0.02272604
v -0.00447585 0.00794400 0.02388036
v -0.00372991 0.00820275 0.02438406
v -0.00342686 0.00848010 0.01616623
v -0.00427100 0.00820580 0.01582669
v -0.00506832 0.00784123 0.01553950
v -0.00519902 0.00760511 0.02342831
v -0.00581686 0.00737816 0.01531603
v -0.00559724 0.00737361 0.02319277
v -0.00625738 0.00690440 0.02282106
v -0.00433162 0.00843720 0.00094260
v -0.00346890 0.00877275 0.00122307
v -0.00256180 0.00902314 0.00156424
v 0.00033367 0.00885034 0.01748862
v 0.00032974 0.00884103 0.01780126
v 0.00026077 0.00874797 0.02138094
v -0.00584767 0.00747479 0.00781266
v -0.00509903 0.00796668 0.00797512
v -0.00429784 0.00836170 0.00820996
v -0.00344692 0.00866622 0.00850516
v -0.00254909 0.00888661 0.00884876
v -0.00545964 0.00689914 0.02008408
v -0.00502515 0.00714967 0.01961241
v -0.00439094 0.00745758 0.01855295
v -0.00463621 0.00734620 0.01907312
v -0.00680106 0.00580049 0.02124784
v -0.00680183 0.00580049 0.02253068
v -0.00680097 0.00619210 0.02093374
v -0.00134425 -0.00275000 0.02573265
v 0.00555000 -0.00275000 0.02949559
v 0.00555000 -0.00275000 0.02391353
v 0.00451657 -0.00275000 0.02476610
v -0.00306552 -0.00275000 0.03391139
v -0.00035524 -0.00275000 0.02551581
v 0.00065653 -0.00275000 0.02555425
v 0.00199503 -0.00275000 0.02561155
v 0.00330767 -0.00275000 0.02534352
v -0.00753757 -0.00275000 0.02980003
v -0.00713592 -0.00275000 0.03064427
v -0.00314361 -0.00275000 0.03388733
v -0.00352252 -0.00275000 0.03375607
v -0.00417673 -0.00275000 0.03346907
v -0.00131143 -0.00275000 0.03420393
v -0.00219783 -0.00275000 0.03411378
v 0.00359893 -0.00275000 0.03243454
v 0.00543791 -0.00275000 0.02979916
v 0.00476326 -0.00275000 0.03109040
v 0.00398557 -0.00275000 0.03206136
v -0.00657189 -0.00275000 0.02826505
v -0.00570808 -0.00275000 0.02831485
v -0.00490408 -0.00275000 0.02799511
v -0.00224713 -0.00275000 0.02619086
v -0.00468869 -0.00275000 0.03318497
v -0.00607551 -0.00275000 0.03207183
v -0.00733383 -0.00275000 0.02785509
v -0.00780103 -0.00275000 0.02899501
v -0.00785131 -0.00275000 0.02716165
v -0.00802764 -0.00275000 0.02723121
v -0.00802764 -0.00275000 0.02634053
v 0.00213264 -0.00275000 0.03344072
v 0.00200638 -0.00275000 0.03350383
v 0.00138742 -0.00275000 0.03376926
v 0.00112449 -0.00275000 0.03386135
v 0.00045963 -0.00275000 0.03404357
v -0.00042077 -0.00275000 0.03418040
v 0.00555000 -0.00356230 0.02391353
v 0.00555000 -0.00356230 0.02285033
v 0.00555000 0.00356230 0.02285033
v 0.00555000 0.00275000 0.02391353
v 0.00555000 0.00356230 0.02391353
v 0.00555000 0.00275000 0.02949559
v 0.00555000 0.00179829 0.03030627
v 0.00555000 0.00062509 0.03073822
v 0.00555000 0.00000000 0.03079350
v 0.00555000 -0.00179829 0.03030627
v 0.00555000 -0.00062509 0.03073823
v 0.00213264 0.00275000 0.03344072
v 0.00359893 0.00275000 0.03243454
v 0.00045963 0.00275000 0.03404357
v -0.00042077 0.00275000 0.03418040
v -0.00131143 0.00275000 0.03420393
v -0.00219783 0.00275000 0.03411378
v 0.00112449 0.00275000 0.03386135
v 0.00138742 0.00275000 0.03376926
v 0.00200638 0.00275000 0.03350383
v -0.00390034 0.00275000 0.03360011
v -0.00351268 0.00275000 0.03375979
v -0.00322926 0.00275000 0.03385979
v -0.00245945 0.00275000 0.03406499
v -0.00752123 0.00275000 0.02984092
v -0.00665138 0.00275000 0.03139197
v -0.00608222 0.00275000 0.03206485
v -0.00541771 0.00275000 0.03267275
v 0.00065653 0.00275000 0.02555425
v 0.00398557 0.00275000 0.03206136
v 0.00476326 0.00275000 0.03109040
v 0.00543791 0.00275000 0.02979916
v 0.00451657 0.00275000 0.02476609
v 0.00330767 0.00275000 0.02534352
v 0.00199503 0.00275000 0.02561155
v -0.00035524 0.00275000 0.02551581
v -0.00134425 0.00275000 0.02573265
v -0.00224713 0.00275000 0.02619086
v -0.00490408 0.00275000 0.02799511
v -0.00568756 0.00275000 0.02831141
v -0.00655685 0.00275000 0.02826925
v -0.00797076 0.00275000 0.02812036
v -0.00732594 0.00275000 0.02786185
v -0.00802764 0.00275000 0.02723121
v -0.00784917 0.00275000 0.02716639
v -0.00802764 0.00275000 0.02634053
v -0.00665675 0.00498140 0.01900000
v -0.00768792 0.00349113 0.01900000
v -0.00529821 0.00618083 0.01900000
v -0.00529489 -0.00618311 0.01900000
v -0.00665407 -0.00498442 0.01899999
v -0.00768605 -0.00349469 0.01900000
v -0.00833153 0.00179702 0.01900000
v -0.00855000 -0.00000202 0.01899999
v -0.00833057 -0.00180093 0.01900000
v -0.00545593 -0.00690151 0.02008408
v -0.00502169 -0.00715160 0.01961286
v -0.00463226 -0.00734813 0.01907312
v -0.00438710 -0.00745931 0.01855345
v -0.00679871 -0.00580359 0.02253067
v -0.00679794 -0.00580359 0.02124785
v -0.00679764 -0.00619519 0.02093374
v -0.00581292 -0.00738058 0.01532274
v -0.00160119 -0.00879101 0.01696417
v 0.00029043 -0.00877276 0.02031792
v 0.00022879 -0.00871632 0.02272604
v 0.00026050 -0.00874270 0.02157641
v -0.00161071 -0.00919292 0.00195204
v 0.00035286 -0.00910699 0.01003414
v -0.00160227 -0.00902943 0.00923280
v 0.00035813 -0.00906123 0.01131713
v 0.00033440 -0.00884009 0.01780820
v -0.00255695 -0.00902394 0.00156624
v -0.00346418 -0.00877404 0.00122508
v -0.00432708 -0.00843895 0.00094460
v -0.00514033 -0.00801443 0.00074092
v -0.00584362 -0.00747735 0.00781658
v -0.00588227 -0.00718501 0.02302732
v -0.00426663 -0.00820736 0.01583349
v -0.00517102 -0.00762013 0.02344274
v -0.00506413 -0.00784324 0.01554627
v -0.00342234 -0.00848120 0.01617308
v -0.00375195 -0.00819640 0.02436548
v -0.00441780 -0.00796731 0.02391532
v -0.00344224 -0.00866742 0.00850915
v -0.00429331 -0.00836338 0.00821394
v -0.00509471 -0.00796882 0.00797908
v -0.00254429 -0.00888731 0.00885277
v 0.00471113 0.00809430 0.02143608
v 0.00494382 0.00801557 0.02150575
v 0.00514414 0.00802158 0.01931161
v 0.00311166 0.00901581 0.00265890
v 0.00661933 0.00745870 0.00404477
v 0.00657906 0.00748406 0.00217244
v 0.00589612 0.00794306 0.00198295
v 0.00737283 0.00681810 0.00434361
v 0.00805460 0.00606511 0.00461752
v 0.00716904 0.00699284 0.00231594
v 0.00823766 0.00578173 0.00252338
v 0.01007401 0.00111239 0.00545509
v 0.01013939 0.00000301 0.00548308
v 0.01008694 0.00000299 0.00440516
v 0.00865529 0.00521033 0.00486228
v 0.00916623 0.00427070 0.00507314
v 0.00903694 0.00445402 0.00265992
v 0.00957878 0.00326320 0.00524540
v 0.00961125 0.00304354 0.00277088
v 0.00988426 0.00220477 0.00537428
v 0.00997576 0.00155725 0.00286245
v 0.01003780 0.00111823 0.00288022
v 0.01010369 0.00000300 0.00290028
v 0.00851095 0.00583150 0.02020328
v 0.00917384 0.00501795 0.02030523
v 0.00974165 0.00411833 0.02036854
v 0.01020306 0.00314983 0.02040219
v 0.01054674 0.00212967 0.02041511
v 0.01076137 0.00107506 0.02041629
v 0.00776431 0.00654179 0.02005372
v 0.00694569 0.00713861 0.01985168
v 0.00623095 0.00741213 0.02307371
v 0.00554121 0.00777909 0.02185183
v 0.00585275 0.00763177 0.02218036
v 0.00606796 0.00762877 0.01960216
v 0.00599773 0.00755554 0.02240204
v 0.00616970 0.00745472 0.02280531
v 0.00535552 0.00785840 0.02171340
v 0.00321031 0.00855242 0.01863332
v 0.00343884 0.00842315 0.02138286
v 0.00425605 0.00822963 0.02138336
v 0.00120103 0.00870361 0.02168222
v 0.00161682 0.00867775 0.02148660
v 0.00124841 0.00880567 0.01786854
v 0.00181858 0.00866087 0.02143028
v 0.00225595 0.00861432 0.02138215
v 0.00057416 0.00871854 0.02229782
v 0.00037048 0.00871447 0.02271156
v 0.00031015 0.00871105 0.02291450
v 0.00083764 0.00871616 0.02197079
v 0.00069852 0.00871823 0.02212585
v 0.00102701 0.00871083 0.02180330
v 0.00127361 0.00903613 0.01121113
v 0.00123409 0.00922968 0.00503170
v 0.00691621 0.00735454 0.01006282
v 0.00700543 0.00728900 0.01316627
v 0.00772312 0.00672735 0.01027659
v 0.00782823 0.00667198 0.01336578
v 0.00845742 0.00598775 0.01044318
v 0.00857871 0.00594189 0.01351194
v 0.00910796 0.00514618 0.01056590
v 0.00924506 0.00510910 0.01360980
v 0.00966410 0.00421961 0.01065140
v 0.00981588 0.00419069 0.01366878
v 0.01011522 0.00322503 0.01070629
v 0.01027976 0.00320378 0.01369826
v 0.01045069 0.00217944 0.01073728
v 0.01062530 0.00216549 0.01370768
v 0.01065988 0.00109982 0.01075099
v 0.01084110 0.00109293 0.01370643
v 0.01066532 0.00000315 0.01012154
v 0.01091997 0.00000322 0.01384939
v 0.01027489 0.00000304 0.00693468
v 0.01034462 0.00110619 0.00806284
v 0.01014643 0.00219234 0.00802064
v 0.00982783 0.00324458 0.00794815
v 0.00939827 0.00424600 0.00784359
v 0.00886717 0.00517967 0.00770520
v 0.00824397 0.00602864 0.00753118
v 0.00753811 0.00677603 0.00731979
v 0.00675970 0.00741129 0.00707091
v 0.00519435 0.00821012 0.01263074
v 0.00612314 0.00779891 0.01291890
v 0.00592052 0.00793945 0.00678846
v 0.00580517 0.00799170 0.00372404
v 0.00454638 0.00860146 0.00155882
v 0.00503260 0.00836781 0.00647701
v 0.00494163 0.00842417 0.00338425
v 0.00410797 0.00870370 0.00614106
v 0.00423202 0.00853105 0.01230881
v 0.00315866 0.00895443 0.00578517
v 0.00324913 0.00877009 0.01196021
v 0.00701006 0.00721630 0.01642936
v 0.00783477 0.00661005 0.01662911
v 0.00858747 0.00589017 0.01677352
v 0.00925619 0.00506696 0.01686808
v 0.00982935 0.00415761 0.01692284
v 0.01029536 0.00317934 0.01694789
v 0.01064265 0.00214937 0.01695330
v 0.01085964 0.00108493 0.01694917
v 0.01090724 0.00000321 0.01828604
v 0.00610917 0.00545516 0.02263218
v 0.00425662 0.00612914 0.02138335
v 0.00502632 0.00584919 0.02153786
v 0.00567726 0.00561237 0.02197668
v 0.00225642 0.00685654 0.02138214
v 0.00763898 0.00489882 0.02263687
v 0.00782000 0.00483355 0.02004671
v 0.00809626 0.00467035 0.02032941
v 0.00828406 0.00444307 0.02062224
v 0.00797729 0.00469036 0.02266598
v 0.00768271 0.00488168 0.02264038
v 0.00798322 -0.00475066 0.02019692
v 0.00819650 -0.00456612 0.02046537
v 0.00827708 -0.00437396 0.02041127
v 0.00882700 0.00297599 0.02041159
v 0.00916356 0.00150627 0.02041181
v 0.00749237 0.00495275 0.01984812
v 0.00789948 0.00419756 0.01984836
v 0.00827473 0.00437897 0.02041126
v 0.00916437 -0.00150079 0.02041180
v 0.00927686 0.00000277 0.02041187
v 0.00882860 -0.00297069 0.02041159
v 0.00749503 -0.00494816 0.01984812
v 0.00782260 -0.00482879 0.02004671
v 0.00790174 -0.00419275 0.01984835
v 0.00812098 -0.00429856 0.02007129
v 0.00843041 -0.00284761 0.01984867
v 0.00866299 -0.00291948 0.02007162
v 0.00875227 -0.00143861 0.01984887
v 0.00899297 -0.00147492 0.02007183
v 0.00886010 0.00000266 0.01984895
v 0.00910353 0.00000273 0.02007189
v 0.00875149 0.00144387 0.01984888
v 0.00899218 0.00148031 0.02007182
v 0.00842887 0.00285270 0.01984868
v 0.00866142 0.00292470 0.02007163
v 0.00811867 0.00430349 0.02007129
v 0.00425991 -0.00612629 0.02138336
v 0.00426047 -0.00822678 0.02138335
v 0.00471548 -0.00809121 0.02143609
v 0.00502511 -0.00584751 0.02153606
v 0.00494813 -0.00801235 0.02150575
v 0.00535974 -0.00785496 0.02171340
v 0.00567363 -0.00561118 0.02197000
v 0.00600179 -0.00755175 0.02240204
v 0.00610674 -0.00545326 0.02261911
v 0.00585685 -0.00762806 0.02218035
v 0.00554539 -0.00777554 0.02185183
v 0.00625904 -0.00738225 0.02338456
v 0.00625850 -0.00539781 0.02338457
v 0.00623493 -0.00740822 0.02307371
v 0.00617370 -0.00745084 0.02280530
v 0.00761723 -0.00490295 0.02298268
v 0.00765914 -0.00488656 0.02298606
v 0.00795391 -0.00469574 0.02301173
v 0.00344337 -0.00842074 0.02138286
v 0.00226011 -0.00685477 0.02138214
v 0.00226058 -0.00861254 0.02138215
v 0.01007461 -0.00110641 0.00545510
v 0.00123906 -0.00922846 0.00503170
v 0.00125314 -0.00880443 0.01786854
v 0.00118976 -0.00870316 0.02169221
v 0.00101759 -0.00871022 0.02181437
v 0.00069186 -0.00871739 0.02214003
v 0.00057092 -0.00871763 0.02231020
v 0.00040859 -0.00871494 0.02262417
v 0.00037023 -0.00871350 0.02272560
v 0.00031188 -0.00871010 0.02292696
v 0.00180527 -0.00866096 0.02143438
v 0.00160371 -0.00867767 0.02149268
v 0.00321491 -0.00855013 0.01863332
v 0.00514845 -0.00801826 0.01931160
v 0.00607206 -0.00762495 0.01960216
v 0.00694953 -0.00713432 0.01985168
v 0.00776783 -0.00653705 0.02005371
v 0.00851409 -0.00582637 0.02020327
v 0.00917654 -0.00501246 0.02030523
v 0.00974387 -0.00411253 0.02036855
v 0.01020475 -0.00314379 0.02040219
v 0.01054789 -0.00212344 0.02041511
v 0.01076195 -0.00106871 0.02041629
v 0.00997677 -0.00155141 0.00286247
v 0.00824232 -0.00577647 0.00252352
v 0.00737649 -0.00681358 0.00434360
v 0.00717616 -0.00698686 0.00231583
v 0.00662334 -0.00745458 0.00404477
v 0.00658340 -0.00748038 0.00217216
v 0.00580946 -0.00798802 0.00372403
v 0.00590067 -0.00793997 0.00198325
v 0.00494616 -0.00842095 0.00338424
v 0.00455574 -0.00859709 0.00155927
v 0.00316347 -0.00895217 0.00578518
v 0.00325385 -0.00876778 0.01196021
v 0.00127847 -0.00903488 0.01121113
v 0.00519876 -0.00820677 0.01263074
v 0.00503710 -0.00836454 0.00647701
v 0.00612733 -0.00779505 0.01291891
v 0.00592479 -0.00793570 0.00678847
v 0.00676368 -0.00740709 0.00707091
v 0.00700935 -0.00728467 0.01316627
v 0.00692016 -0.00735026 0.01006281
v 0.00783181 -0.00666721 0.01336577
v 0.00772673 -0.00672264 0.01027659
v 0.00754175 -0.00677141 0.00731979
v 0.01066047 -0.00109352 0.01075099
v 0.01084169 -0.00108654 0.01370643
v 0.01045186 -0.00217326 0.01073728
v 0.01062646 -0.00215922 0.01370768
v 0.01011695 -0.00321903 0.01070629
v 0.01028148 -0.00319770 0.01369826
v 0.00966637 -0.00421385 0.01065140
v 0.00981813 -0.00418485 0.01366877
v 0.00911072 -0.00514072 0.01056591
v 0.00924781 -0.00510357 0.01360980
v 0.00846064 -0.00598264 0.01044319
v 0.00858190 -0.00593672 0.01351193
v 0.01034521 -0.00110007 0.00806284
v 0.01014761 -0.00218632 0.00802064
v 0.00982958 -0.00323874 0.00794815
v 0.00940055 -0.00424039 0.00784360
v 0.00886996 -0.00517434 0.00770520
v 0.00824721 -0.00602365 0.00753118
v 0.00805786 -0.00606022 0.00461752
v 0.00865809 -0.00520511 0.00486228
v 0.00916853 -0.00426521 0.00507315
v 0.00958053 -0.00325749 0.00524539
v 0.00988544 -0.00219890 0.00537428
v 0.01086022 -0.00107853 0.01694916
v 0.01064381 -0.00214309 0.01695331
v 0.01029707 -0.00317325 0.01694788
v 0.00983158 -0.00415176 0.01692284
v 0.00925891 -0.00506142 0.01686808
v 0.00859063 -0.00588499 0.01677352
v 0.00904066 -0.00444837 0.00266005
v 0.00961371 -0.00303775 0.00277093
v -0.00676461 0.00561131 0.02255005
v -0.00674205 0.00556350 0.02256184
v -0.00666324 0.00545506 0.02260317
v -0.00635333 0.00530327 0.02276866
v -0.00561568 0.00595017 0.02318184
v -0.00651924 0.00535033 0.02267950
v -0.00657779 0.00538363 0.02264835
v -0.00482469 0.00648087 0.02365798
v -0.00479949 0.00649549 0.02367377
v -0.00390246 0.00693639 0.02426359
v -0.00299057 0.00724460 0.02492818
v -0.00674174 0.00556425 0.02140198
v -0.00657782 0.00538411 0.02150447
v -0.00647146 0.00533050 0.02153270
v -0.00635326 0.00530334 0.02154665
v -0.00582923 0.00578005 0.02126291
v -0.00527135 0.00619921 0.02092854
v -0.00480000 0.00649519 0.02062793
v -0.00784917 0.00316564 0.02716639
v -0.00797463 0.00288089 0.02679797
v -0.00801341 0.00278584 0.02657872
v -0.00754519 0.00375000 0.02764324
v -0.00732594 0.00410641 0.02786185
v -0.00696905 0.00460595 0.02810512
v -0.00656219 0.00508584 0.02826777
v -0.00635330 0.00530330 0.02831384
v -0.00568756 0.00589433 0.02831141
v -0.00529269 0.00618462 0.02820060
v -0.00490408 0.00643398 0.02799511
v -0.00224713 0.00740384 0.02619086
v -0.00298714 0.00724552 0.02669337
v -0.00480000 0.00649519 0.02792443
v -0.00392013 0.00692910 0.02732693
v -0.00181032 0.00746136 0.02593310
v -0.00105000 0.00750000 0.02564027
v -0.00035524 0.00746775 0.02551580
v 0.00015340 0.00740282 0.02550294
v 0.00065653 0.00730327 0.02555424
v 0.00089114 0.00724444 0.02558810
v 0.00145037 0.00707094 0.02562775
v 0.00199503 0.00685404 0.02561154
v 0.00330767 0.00610416 0.02534353
v 0.00270000 0.00649519 0.02550923
v 0.00544555 0.00374937 0.02402070
v 0.00501593 0.00441073 0.02440684
v 0.00451657 0.00502626 0.02476611
v 0.00425330 0.00530330 0.02492384
v 0.00619444 0.00194114 0.02285032
v 0.00619444 -0.00194114 0.02285032
v 0.00645000 -0.00000000 0.02285033
v 0.00425330 -0.00530330 0.02492385
v 0.00544519 -0.00375000 0.02402106
v 0.00501699 -0.00440927 0.02440600
v 0.00270000 -0.00649519 0.02550923
v 0.00330767 -0.00610416 0.02534353
v 0.00065653 -0.00730327 0.02555425
v 0.00089009 -0.00724473 0.02558798
v 0.00145110 -0.00707068 0.02562778
v 0.00199503 -0.00685404 0.02561154
v 0.00015371 -0.00740277 0.02550296
v -0.00035524 -0.00746775 0.02551581
v -0.00105000 -0.00750000 0.02564027
v -0.00134425 -0.00749423 0.02573264
v -0.00181056 -0.00746134 0.02593323
v -0.00224713 -0.00740384 0.02619086
v -0.00490408 -0.00643398 0.02799510
v -0.00479903 -0.00649575 0.02792376
v -0.00392013 -0.00692910 0.02732694
v -0.00299114 -0.00724444 0.02669609
v -0.00570808 -0.00587812 0.02831484
v -0.00530118 -0.00617879 0.02820393
v -0.00733383 -0.00409432 0.02785508
v -0.00697973 -0.00459221 0.02809938
v -0.00657189 -0.00507531 0.02826506
v -0.00635330 -0.00530330 0.02831384
v -0.00801343 -0.00278580 0.02657855
v -0.00797531 -0.00287925 0.02679505
v -0.00785131 -0.00316103 0.02716164
v -0.00754519 -0.00375000 0.02764324
v -0.00259585 -0.00204703 0.03427889
v -0.00183485 -0.00103931 0.03461725
v -0.00201245 -0.00087739 0.03461725
v -0.00105000 0.00000000 0.03473119
v -0.00233019 -0.00023931 0.03461724
v -0.00226441 -0.00047047 0.03461725
v -0.00235236 -0.00000000 0.03461725
v -0.00117017 -0.00129680 0.03461725
v -0.00092983 -0.00129680 0.03461725
v -0.00140641 -0.00125264 0.03461725
v -0.00163051 -0.00116582 0.03461725
v -0.00046949 -0.00116583 0.03461724
v -0.00026515 -0.00103931 0.03461725
v -0.00069359 -0.00125264 0.03461725
v 0.00084567 -0.00172813 0.03427888
v -0.00008754 -0.00087739 0.03461725
v 0.00005729 0.00068560 0.03461725
v -0.00008754 0.00087739 0.03461725
v 0.00016442 0.00047047 0.03461725
v 0.00023018 0.00023931 0.03461725
v -0.00092983 0.00129681 0.03461725
v -0.00117017 0.00129680 0.03461725
v -0.00069359 0.00125264 0.03461725
v -0.00046949 0.00116583 0.03461725
v -0.00163051 0.00116582 0.03461725
v -0.00183485 0.00103931 0.03461725
v -0.00140641 0.00125264 0.03461724
v -0.00226441 0.00047047 0.03461725
v -0.00233018 0.00023931 0.03461725
v -0.00762178 -0.00254592 0.02979635
v 0.00172128 -0.00252635 0.03372639
v 0.00304881 -0.00253788 0.03297652
v 0.00213831 -0.00197412 0.03372638
v 0.00552178 0.00254592 0.02979635
v 0.00500658 0.00234633 0.03098120
v -0.00382128 0.00252635 0.03372638
v -0.00640736 0.00207545 0.03205211
v 0.00049585 0.00204703 0.03427888
v 0.00009338 0.00229623 0.03427888
v 0.00213831 0.00197412 0.03372638
v 0.00172128 0.00252636 0.03372638
v 0.00533459 0.00119349 0.03098119
v 0.00430736 -0.00207545 0.03205211
v 0.00500658 -0.00234633 0.03098120
v 0.00552178 -0.00254592 0.02979635
v 0.00344536 -0.00174151 0.03297652
v 0.00049585 -0.00204703 0.03427889
v 0.00009338 -0.00229623 0.03427888
v -0.00034801 -0.00246723 0.03427888
v -0.00081332 -0.00255421 0.03427888
v -0.00128668 -0.00255421 0.03427889
v -0.00175199 -0.00246723 0.03427888
v -0.00219339 -0.00229623 0.03427889
v -0.00578882 -0.00088584 0.03297652
v -0.00640736 -0.00207545 0.03205210
v -0.00554536 -0.00174151 0.03297653
v -0.00514881 -0.00253788 0.03297652
v -0.00034801 0.00246723 0.03427889
v -0.00081332 0.00255421 0.03427888
v -0.00128668 0.00255421 0.03427889
v -0.00175199 0.00246723 0.03427888
v -0.00219339 0.00229623 0.03427889
v -0.00259585 0.00204703 0.03427888
v -0.00294567 0.00172813 0.03427888
v 0.00134193 0.00092664 0.03427889
v 0.00113093 0.00135038 0.03427888
v 0.00084567 0.00172813 0.03427889
v -0.00026515 0.00103930 0.03461724
v -0.00357147 0.00047135 0.03427889
v -0.00361515 0.00000000 0.03427889
v -0.00357147 -0.00047134 0.03427889
v -0.00344193 -0.00092664 0.03427888
v -0.00323093 -0.00135038 0.03427889
v -0.00215729 -0.00068560 0.03461725
v -0.00294567 -0.00172813 0.03427888
v 0.00113093 -0.00135038 0.03427889
v 0.00005729 -0.00068560 0.03461725
v -0.00480000 -0.00000000 0.03372638
v -0.00473615 -0.00068906 0.03372638
v -0.00454677 -0.00135465 0.03372639
v -0.00423831 -0.00197412 0.03372639
v -0.00382128 -0.00252636 0.03372638
v -0.00423831 0.00197412 0.03372639
v -0.00514881 0.00253788 0.03297653
v -0.00554536 0.00174151 0.03297652
v 0.00430736 0.00207545 0.03205210
v 0.00344536 0.00174151 0.03297653
v 0.00304881 0.00253788 0.03297652
v 0.00244677 0.00135465 0.03372638
v 0.00244677 -0.00135465 0.03372639
v 0.00134193 -0.00092664 0.03427888
v 0.00016441 -0.00047047 0.03461726
v -0.00710658 -0.00234633 0.03098119
v -0.00669750 -0.00105570 0.03205210
v -0.00587090 -0.00000000 0.03297652
v -0.00473615 0.00068906 0.03372638
v -0.00344193 0.00092664 0.03427889
v -0.00215729 0.00068560 0.03461725
v -0.00743459 0.00119349 0.03098120
v -0.00710658 0.00234633 0.03098120
v 0.00459750 0.00105570 0.03205210
v 0.00368882 0.00088584 0.03297653
v 0.00263615 0.00068906 0.03372639
v 0.00147147 0.00047135 0.03427889
v 0.00544519 0.00000000 0.03098119
v 0.00469533 0.00000000 0.03205211
v 0.00377090 -0.00000000 0.03297653
v 0.00270000 0.00000000 0.03372639
v 0.00151515 0.00000000 0.03427888
v 0.00025236 0.00000000 0.03461726
v 0.00023019 -0.00023931 0.03461725
v 0.00147147 -0.00047135 0.03427888
v 0.00263615 -0.00068906 0.03372639
v 0.00368882 -0.00088584 0.03297652
v 0.00459750 -0.00105570 0.03205210
v 0.00533459 -0.00119349 0.03098120
v -0.00743459 -0.00119349 0.03098119
v -0.00679533 0.00000000 0.03205211
v -0.00578882 0.00088584 0.03297652
v -0.00454677 0.00135465 0.03372638
v -0.00323093 0.00135038 0.03427888
v -0.00201246 0.00087740 0.03461726
v -0.00762178 0.00254592 0.02979635
v -0.00797769 0.00129501 0.02979635
v -0.00809769 -0.00000000 0.02979635
v -0.00793729 -0.00266815 0.02853356
v -0.00797769 -0.00129501 0.02979635
v -0.00754519 -0.00000000 0.03098119
v -0.00669750 0.00105570 0.03205210
v -0.00831029 -0.00135719 0.02853356
v -0.00843606 -0.00000000 0.02853357
v -0.00831030 0.00135718 0.02853356
v -0.00793729 0.00266815 0.02853356
v -0.00829444 -0.00194114 0.02723120
v -0.00829444 0.00194114 0.02723120
v -0.00842230 0.00137812 0.02723120
v -0.00855000 -0.00000000 0.02723120
v -0.00842230 -0.00137812 0.02723120
v -0.00480000 0.00649519 0.01950000
v -0.00480000 -0.00649519 0.01949999
v -0.00529489 -0.00618311 0.01949999
v -0.00635330 -0.00530330 0.01950000
v -0.00665407 -0.00498441 0.01950000
v -0.00754519 -0.00375000 0.01950000
v -0.00768605 -0.00349469 0.01949999
v -0.00829444 -0.00194114 0.01950000
v -0.00855000 -0.00000000 0.01950000
v -0.00829444 0.00194114 0.01950001
v -0.00768792 0.00349113 0.01950000
v -0.00754519 0.00375000 0.01950000
v -0.00665675 0.00498140 0.01950001
v -0.00635330 0.00530330 0.01949999
v -0.00529821 0.00618083 0.01949999
v -0.00527785 -0.00619478 0.02093466
v -0.00480000 -0.00649519 0.02063021
v -0.00646929 -0.00533367 0.02153256
v -0.00635041 -0.00530620 0.02154664
v -0.00582399 -0.00578438 0.02126168
v -0.00674013 -0.00556990 0.02140041
v -0.00657615 -0.00538790 0.02150405
v -0.00657611 -0.00538741 0.02264771
v -0.00676160 -0.00561438 0.02255004
v -0.00674045 -0.00556918 0.02256111
v -0.00666031 -0.00545808 0.02260318
v -0.00651636 -0.00535327 0.02267949
v -0.00635047 -0.00530613 0.02276866
v -0.00389727 -0.00693852 0.02426459
v -0.00299048 -0.00724462 0.02492526
v -0.00479956 -0.00649545 0.02367154
v -0.00482121 -0.00648290 0.02365798
v -0.00561025 -0.00595434 0.02318314
v 0.00645000 0.00000000 0.01008591
v 0.00644999 -0.00001399 0.01007569
v 0.00644999 0.00001399 0.01007569
v 0.00641847 -0.00068699 0.00958466
v 0.00641847 0.00068699 0.00958466
v 0.00088491 -0.00724611 0.01950000
v -0.00091833 -0.00749884 0.01950000
v -0.00091818 -0.00749884 0.01900000
v 0.00088109 0.00724713 0.01900000
v -0.00092212 0.00749891 0.01900000
v -0.00092227 0.00749891 0.01949999
v 0.00088491 -0.00724611 0.01900000
v 0.00269587 -0.00649757 0.01900000
v 0.00269587 -0.00649757 0.01949999
v 0.00425112 -0.00530548 0.01900000
v 0.00425112 -0.00530548 0.01950000
v 0.00544449 -0.00375121 0.01899999
v 0.00544449 -0.00375121 0.01950001
v 0.00619452 -0.00194086 0.01900000
v 0.00619452 -0.00194086 0.01949999
v 0.00645000 0.00000198 0.01900000
v 0.00645000 0.00000198 0.01950000
v 0.00619350 0.00194468 0.01900000
v 0.00619350 0.00194468 0.01950000
v 0.00544252 0.00375463 0.01900000
v 0.00544252 0.00375463 0.01950000
v 0.00424833 0.00530827 0.01899999
v 0.00424833 0.00530827 0.01950000
v 0.00269245 0.00649954 0.01900000
v 0.00269245 0.00649954 0.01949999
v 0.00088109 0.00724713 0.01950000
v 0.00078099 0.00733485 0.00958126
v -0.00091931 0.00749886 0.00958023
v 0.00088118 0.00724710 0.00958131
v 0.00665838 -0.00092301 0.00958480
v 0.00619453 -0.00194082 0.00958452
v 0.00620594 -0.00271698 0.00958453
v 0.00544453 -0.00375115 0.00958406
v 0.00532810 -0.00434561 0.00958400
v 0.00425119 -0.00530541 0.00958335
v 0.00407828 -0.00570978 0.00958324
v 0.00269597 -0.00649752 0.00958241
v 0.00253253 -0.00672649 0.00958230
v 0.00078492 -0.00733386 0.00958125
v 0.00088504 -0.00724608 0.00958132
v -0.00091529 -0.00749879 0.00958023
v 0.00252892 0.00672841 0.00958231
v 0.00269251 0.00649951 0.00958240
v 0.00407521 0.00571253 0.00958325
v 0.00424836 0.00530824 0.00958335
v 0.00532577 0.00434902 0.00958399
v 0.00544253 0.00375461 0.00958406
v 0.00620448 0.00272087 0.00958452
v 0.00619350 0.00194468 0.00958453
v 0.00665788 0.00092714 0.00958481
v 0.00029369 0.00742097 0.02299096
v 0.00040475 0.00740389 0.02262299
v 0.00077345 0.00733484 0.02203872
v 0.00083800 0.00732078 0.02197081
v 0.00114373 0.00724598 0.02171937
v 0.00148845 0.00714502 0.02153493
v 0.00184430 0.00702155 0.02142480
v 0.00220652 0.00687469 0.02138273
v 0.00220829 0.00687469 0.01845071
v 0.00250027 0.00676851 0.01846759
v 0.00343366 0.00642904 0.01857608
v 0.00438489 0.00608307 0.01876736
v 0.00542830 0.00570355 0.01906071
v 0.00252356 0.00672841 0.01845090
v 0.00221199 -0.00687294 0.01845070
v 0.00250390 -0.00676660 0.01846759
v 0.00252716 -0.00672649 0.01845089
v 0.00343710 -0.00642664 0.01857608
v 0.00333151 -0.00626599 0.01845138
v 0.00438815 -0.00608015 0.01876736
v 0.00407291 -0.00570979 0.01845183
v 0.00543135 -0.00570007 0.01906071
v 0.00474005 -0.00506639 0.01845223
v 0.00332815 0.00626833 0.01845138
v 0.00406985 0.00571253 0.01845183
v 0.00473733 0.00506949 0.01845224
v 0.00532040 0.00434902 0.01845259
v 0.00581016 0.00356214 0.01845288
v 0.00619912 0.00272087 0.01845312
v 0.00648134 0.00183804 0.01845329
v 0.00665252 0.00092714 0.01845339
v 0.00671003 0.00000208 0.01845342
v 0.00665301 -0.00092301 0.01845339
v 0.00648233 -0.00183400 0.01845329
v 0.00620058 -0.00271698 0.01845312
v 0.00581207 -0.00355847 0.01845289
v 0.00532273 -0.00434561 0.01845259
v 0.00221022 -0.00687294 0.02138274
v 0.00029790 -0.00742021 0.02298987
v 0.00040824 -0.00740319 0.02262417
v 0.00077738 -0.00733387 0.02203873
v 0.00184856 -0.00701981 0.02142470
v 0.00149189 -0.00714378 0.02153509
v 0.00114848 -0.00724457 0.02171879
v -0.00583333 0.00577666 0.02123760
v -0.00780495 -0.00325894 0.02699188
v -0.00780495 0.00325894 0.02699189
v -0.00033309 0.00748592 0.02427973
v -0.00032909 -0.00748554 0.02427975
v -0.00147224 0.00730000 -0.00085000
v -0.00164724 0.00730000 -0.00042022
v -0.00062377 0.00730000 -0.00041961
v 0.00043999 0.00730000 -0.00164208
v -0.00000000 0.00730000 -0.00170000
v 0.00043301 0.00730000 -0.00075000
v -0.00043999 0.00730000 -0.00164208
v -0.00043301 0.00730000 -0.00074999
v -0.00085000 0.00730000 -0.00147224
v -0.00120208 0.00730000 -0.00120208
v 0.00164775 0.00730000 -0.00041823
v 0.00147224 0.00730000 -0.00085000
v 0.00062420 0.00730000 -0.00041885
v 0.00120208 0.00730000 -0.00120208
v 0.00085000 0.00730000 -0.00147224
v -0.00169783 0.00729389 -0.00042025
v 0.00162224 0.00720000 -0.00093660
v 0.00182498 0.00720161 -0.00041813
v 0.00184965 0.00713823 -0.00041810
v 0.00155885 0.00727320 -0.00090000
v 0.00175067 0.00727325 -0.00041817
v 0.00177925 0.00725391 -0.00041816
v 0.00171743 0.00728823 -0.00041818
v -0.00176044 0.00726709 -0.00042028
v -0.00175020 0.00727323 -0.00042029
v -0.00155885 0.00727321 -0.00090000
v -0.00184180 0.00716495 -0.00042034
v -0.00182541 0.00720005 -0.00042033
v -0.00162224 0.00720000 -0.00093660
v -0.00180988 0.00722256 -0.00042032
v -0.00164545 0.00710000 -0.00095000
v -0.00185292 0.00710000 -0.00042035
v -0.00132456 0.00720000 -0.00132456
v -0.00134350 0.00710000 -0.00134350
v -0.00093660 0.00720000 -0.00162224
v -0.00095000 0.00710000 -0.00164544
v -0.00048482 0.00720000 -0.00180938
v -0.00049176 0.00710000 -0.00183526
v 0.00000000 0.00720000 -0.00187320
v -0.00000000 0.00710000 -0.00190001
v 0.00048482 0.00720000 -0.00180938
v 0.00049176 0.00710000 -0.00183526
v 0.00093660 0.00720000 -0.00162224
v 0.00095000 0.00710000 -0.00164544
v 0.00132456 0.00720000 -0.00132455
v 0.00134350 0.00710000 -0.00134351
v 0.00164545 0.00710000 -0.00094999
v 0.00185343 0.00710000 -0.00041811
v -0.00127279 0.00727321 -0.00127280
v -0.00090000 0.00727321 -0.00155884
v -0.00046587 0.00727320 -0.00173867
v -0.00000000 0.00727320 -0.00180000
v 0.00046587 0.00727320 -0.00173867
v 0.00090000 0.00727321 -0.00155884
v 0.00127279 0.00727321 -0.00127279
v -0.00185292 0.00683914 -0.00042035
v -0.00164545 0.00530000 -0.00095000
v -0.00190000 0.00683162 0.00000001
v -0.00190000 0.00530000 -0.00000000
v -0.00183514 0.00684199 0.00049221
v -0.00164545 0.00530000 0.00095000
v -0.00095000 0.00530000 0.00164545
v -0.00134343 0.00690001 0.00134358
v -0.00164545 0.00686862 0.00095001
v 0.00035945 0.00682861 0.00186569
v -0.00000000 0.00687893 0.00190000
v 0.00000000 0.00530000 0.00190000
v -0.00067601 0.00692223 0.00177567
v -0.00095000 0.00692092 0.00164544
v 0.00095000 0.00530000 0.00164545
v 0.00164545 0.00530000 0.00095001
v 0.00164545 0.00648446 0.00095000
v 0.00134244 0.00658976 0.00134457
v 0.00095000 0.00670342 0.00164544
v 0.00070267 0.00676240 0.00176530
v 0.00164545 0.00530000 -0.00095000
v 0.00185343 0.00640318 -0.00041811
v 0.00190000 0.00530000 -0.00000001
v 0.00190000 0.00638373 -0.00000000
v 0.00183468 0.00641063 0.00049393
v 0.00095000 0.00530000 -0.00164545
v 0.00000000 0.00530000 -0.00189999
v -0.00014966 0.00530000 -0.00189410
v -0.00095000 0.00530000 -0.00164544
v -0.00113613 0.00530000 0.00164597
v -0.00024107 0.00530000 0.00198542
v 0.00015754 0.00530000 0.00199378
v -0.00177091 0.00530000 0.00092944
v -0.00200000 0.00530000 0.00000000
v -0.00177091 0.00530000 -0.00092945
v -0.00113613 0.00530000 -0.00164597
v -0.00024107 0.00530000 -0.00198541
v 0.00070921 0.00530000 -0.00187003
v 0.00149702 0.00530000 -0.00132625
v 0.00194188 0.00530000 -0.00047863
v 0.00194188 0.00530000 0.00047864
v 0.00149702 0.00530000 0.00132625
v 0.00070921 0.00530000 0.00187003
v 0.00195582 0.00636012 -0.00041804
v 0.00199973 0.00634095 0.00003301
v 0.00194188 0.00636587 0.00047862
v 0.00176969 0.00643664 0.00093178
v 0.00149702 0.00653796 0.00132624
v 0.00113633 0.00665256 0.00164584
v 0.00070260 0.00676240 0.00187252
v 0.00023942 0.00684754 0.00198562
v -0.00024107 0.00690200 0.00198542
v -0.00067607 0.00692223 0.00188226
v -0.00113613 0.00691383 0.00164596
v -0.00149747 0.00688569 0.00132574
v -0.00177091 0.00685163 0.00092945
v -0.00194168 0.00682469 0.00047947
v -0.00200000 0.00681445 0.00000000
v -0.00195531 0.00682226 -0.00042040
v -0.00177091 0.00743409 -0.00092945
v -0.00155056 0.00746018 -0.00126324
v -0.00113611 0.00749951 -0.00164597
v -0.00074281 0.00749371 -0.00185694
v 0.00087227 0.00724947 -0.00179976
v 0.00070997 0.00729058 -0.00186974
v 0.00024352 0.00738761 -0.00198512
v -0.00024107 0.00745625 -0.00198542
v 0.00194179 0.00687744 -0.00047903
v 0.00176990 0.00694969 -0.00093137
v 0.00149702 0.00705427 -0.00132624
v 0.00120866 0.00715181 -0.00159346
v 0.00195582 0.00687132 -0.00041804
v -0.00195532 0.00740718 -0.00042041
v 0.00140774 0.00708587 -0.00347574
v 0.00087227 0.00724947 -0.00364714
v 0.00190229 0.00689449 -0.00323169
v 0.00239617 0.00666137 -0.00288460
v 0.00239617 0.00666137 -0.00041778
v -0.00050313 0.00748004 -0.00371610
v 0.00012608 0.00740722 -0.00374787
v -0.00122718 0.00749791 -0.00354351
v -0.00169120 0.00747254 -0.00334700
v 0.00372675 0.00578210 -0.00041697
v 0.00363996 0.00585272 -0.00090179
v 0.00349326 0.00596731 -0.00136368
v 0.00321664 0.00616812 -0.00192762
v 0.00285488 0.00640327 -0.00243148
v -0.00290413 0.00719221 -0.00237245
v -0.00387468 0.00683117 -0.00042156
v -0.00399520 0.00677526 -0.00042165
v -0.00269335 0.00725117 -0.00260928
v -0.00557486 0.00576595 -0.00042260
v -0.00685489 0.00439644 -0.00042337
v -0.00775532 0.00275228 -0.00042392
v -0.00821990 0.00093618 -0.00042420
v -0.00821960 -0.00093840 -0.00042419
v -0.00775445 -0.00275435 -0.00042392
v -0.00685350 -0.00439822 -0.00042338
v -0.00557303 -0.00576733 -0.00042259
v -0.00399305 -0.00677614 -0.00042164
v -0.00394107 -0.00680055 -0.00042162
v -0.00339865 -0.00702712 -0.00158482
v -0.00308645 -0.00713567 -0.00212987
v -0.00269313 -0.00725109 -0.00260951
v -0.00394107 0.00674098 -0.00042161
v -0.00339865 0.00692082 -0.00158482
v -0.00315043 0.00703384 -0.00203403
v 0.00372675 0.00525644 -0.00041697
v 0.00349326 0.00295000 -0.00136368
v 0.00374717 0.00295000 -0.00014578
v 0.00374716 0.00523872 -0.00014578
v 0.00358865 0.00295000 0.00108818
v 0.00371927 0.00526237 0.00047909
v 0.00358865 0.00537098 0.00108817
v 0.00285488 0.00295000 -0.00243149
v 0.00190229 0.00295000 -0.00323168
v 0.00074032 0.00295000 -0.00367620
v -0.00050312 0.00295000 -0.00371609
v -0.00169120 0.00295000 -0.00334700
v -0.00339865 0.00295000 -0.00158482
v -0.00269313 0.00295000 -0.00260950
v 0.00992412 0.00152445 0.00230012
v 0.01004960 0.00000298 0.00233303
v 0.00983873 0.00000292 0.00180366
v 0.00603289 0.00751030 0.00097141
v 0.00481003 0.00816215 0.00054196
v 0.00471451 0.00845234 0.00102938
v 0.00600886 0.00778744 0.00145717
v 0.00720720 0.00686112 0.00179300
v 0.00699704 0.00677002 0.00126840
v 0.00821928 0.00569194 0.00199705
v 0.00770475 0.00602564 0.00143447
v 0.00714423 0.00663214 0.00130735
v 0.00971989 0.00146813 0.00177547
v 0.00958139 0.00216481 0.00174593
v 0.00956560 0.00299214 0.00222032
v 0.00937810 0.00289712 0.00170692
v 0.00899849 0.00438798 0.00212304
v 0.00883212 0.00426139 0.00162262
v 0.00808726 0.00552543 0.00150680
v 0.00481670 -0.00815864 0.00054273
v 0.00992506 -0.00151863 0.00230014
v 0.00972076 -0.00146239 0.00177552
v 0.00822358 -0.00568669 0.00199723
v 0.00721340 -0.00685550 0.00179304
v 0.00714952 -0.00662703 0.00130751
v 0.00770851 -0.00602132 0.00143455
v 0.00809113 -0.00552020 0.00150704
v 0.00900182 -0.00438237 0.00212322
v 0.00883503 -0.00425592 0.00162284
v 0.00956779 -0.00298640 0.00222041
v 0.00938001 -0.00289151 0.00170704
v 0.00958273 -0.00215913 0.00174600
v 0.00601348 -0.00778410 0.00145746
v 0.00613187 -0.00744442 0.00100315
v 0.00700091 -0.00676594 0.00126838
v 0.00472255 -0.00844834 0.00103000
v 0.00603738 -0.00750663 0.00097171
v -0.00394107 0.00615844 -0.00042162
v -0.00527971 0.00525998 -0.00042242
v -0.00642738 0.00400229 -0.00042311
v -0.00723338 0.00250252 -0.00042360
v -0.00764894 0.00085139 -0.00042386
v -0.00764894 -0.00085124 -0.00042386
v -0.00723338 -0.00250238 -0.00042360
v -0.00642738 -0.00400215 -0.00042312
v -0.00527971 -0.00525984 -0.00042243
v -0.00394107 -0.00615830 -0.00042161
v -0.00463754 0.00574831 0.00107196
v -0.00528145 0.00525998 0.00245285
v -0.00704556 0.00295000 0.00623599
v -0.00643061 0.00400229 0.00491723
v -0.00589489 0.00466655 0.00376837
v -0.00770637 0.00000007 0.00765311
v -0.00765376 0.00085138 0.00754029
v -0.00765376 -0.00085124 0.00754029
v -0.00750495 0.00165682 0.00722116
v -0.00750495 -0.00165668 0.00722116
v -0.00726193 0.00243907 0.00670000
v -0.00726193 -0.00243893 0.00670001
v -0.00000000 0.00623438 -0.00000000
v -0.00086603 0.00630000 -0.00000000
v -0.00043301 0.00630000 0.00075000
v 0.00043301 0.00630000 0.00075000
v 0.00086602 0.00630000 -0.00000001
v 0.00043301 0.00630000 -0.00074999
v -0.00043301 0.00630000 -0.00075001
v -0.00000000 0.00295000 -0.00150000
v 0.00417008 0.00295000 0.00589034
v 0.00474602 0.00295000 0.00669999
v 0.00075000 0.00295000 0.00129904
v 0.00075000 0.00295000 -0.00129904
v -0.00075000 0.00295000 -0.00129903
v -0.00129904 0.00295000 -0.00075000
v -0.00150000 0.00295000 -0.00000000
v -0.00129904 0.00295000 0.00075000
v -0.00704584 0.00295000 0.00669999
v 0.00129904 0.00295000 -0.00075000
v 0.00150000 0.00295000 0.00000000
v 0.00129904 0.00295000 0.00075000
v 0.00333143 0.00295000 0.00272240
v 0.00353028 0.00295000 0.00436473
v -0.00075000 0.00295000 0.00129904
v 0.00000000 0.00295000 0.00150000
v 0.00011816 0.00295000 0.00149534
v 0.00418877 0.00824680 0.00008331
v 0.00645826 0.00634909 0.00008468
v 0.00576827 0.00705848 0.00008427
v 0.00500910 0.00769328 0.00008380
v 0.00419320 -0.00824399 0.00008331
v 0.00501323 -0.00769003 0.00008380
v 0.00577206 -0.00705481 0.00008426
v 0.00707478 -0.00556826 0.00008505
v 0.00646167 -0.00634506 0.00008468
v 0.00707179 0.00557262 0.00008505
v 0.00760236 0.00473727 0.00008537
v 0.00804438 0.00385187 0.00008564
v 0.00839318 0.00292577 0.00008585
v 0.00864506 0.00196876 0.00008600
v 0.00879737 0.00099094 0.00008609
v 0.00884849 0.00000266 0.00008613
v 0.00879790 -0.00098565 0.00008610
v 0.00864611 -0.00196355 0.00008600
v 0.00839475 -0.00292070 0.00008585
v 0.00804645 -0.00384698 0.00008565
v 0.00760491 -0.00473262 0.00008537
v -0.00463753 -0.00574817 0.00107197
v -0.00589489 -0.00466641 0.00376838
v -0.00528145 -0.00525984 0.00245284
v -0.00684070 -0.00335000 0.00579668
v -0.00643061 -0.00400215 0.00491724
v -0.00684125 -0.00335000 0.00669999
v 0.00000000 -0.00335000 0.00150000
v 0.00011816 -0.00335000 0.00149534
v 0.00075000 -0.00335000 0.00129904
v 0.00129904 -0.00335000 0.00075000
v 0.00150000 -0.00335000 0.00000000
v 0.00129904 -0.00335000 -0.00075001
v 0.00075000 -0.00335000 -0.00129904
v -0.00000000 -0.00335000 -0.00150001
v -0.00075000 -0.00335000 -0.00129903
v -0.00129904 -0.00335000 -0.00075000
v -0.00150000 -0.00335000 -0.00000001
v -0.00129904 -0.00335000 0.00075000
v -0.00075000 -0.00335000 0.00129904
v 0.00474602 -0.00335000 0.00670001
v -0.00086603 0.00692246 -0.00000000
v -0.00043301 0.00691435 0.00075000
v 0.00043301 0.00681604 0.00075000
v 0.00086603 0.00672477 0.00000000
v 0.00574398 0.00230629 0.00781661
v 0.00520219 0.00000007 0.00718324
v 0.00557846 0.00273024 0.00759336
v 0.00520219 0.00347897 0.00718323
v 0.00607229 -0.00095915 0.00838913
v 0.00593874 -0.00165389 0.00812920
v 0.00576465 -0.00056501 0.00784691
v 0.00556245 -0.00276713 0.00757340
v 0.00520219 -0.00347883 0.00718324
v 0.00594288 0.00163711 0.00813660
v 0.00607773 0.00091947 0.00840080
v 0.00612393 0.00045646 0.00850405
v 0.00613894 -0.00002021 0.00853938
v 0.00612109 -0.00049751 0.00849748
v 0.00358865 -0.00537084 0.00108818
v 0.00358865 -0.00335000 0.00108817
v 0.00340410 -0.00551543 0.00189223
v 0.00333143 -0.00335000 0.00272239
v 0.00333143 -0.00556944 0.00272240
v 0.00337435 -0.00553712 0.00355347
v 0.00353028 -0.00335000 0.00436474
v 0.00353028 -0.00541621 0.00436474
v 0.00380588 -0.00518443 0.00516994
v 0.00417008 -0.00335000 0.00589034
v 0.00417008 -0.00483732 0.00589034
v 0.00458549 -0.00437134 0.00650145
v 0.00489900 -0.00395498 0.00687423
v 0.00417008 0.00483746 0.00589034
v 0.00461075 0.00434025 0.00653386
v 0.00491194 0.00393644 0.00688838
v 0.00380448 0.00518582 0.00516662
v 0.00353028 0.00541635 0.00436473
v 0.00337435 0.00553727 0.00355344
v 0.00333143 0.00556959 0.00272239
v 0.00340435 0.00551539 0.00189064
v 0.00327313 0.00862180 -0.00011725
v 0.00413679 0.00816030 -0.00011672
v 0.00494851 0.00761259 -0.00011623
v 0.00569972 0.00698444 -0.00011578
v 0.00638247 0.00628249 -0.00011537
v 0.00698956 0.00551417 -0.00011499
v 0.00751457 0.00468758 -0.00011468
v 0.00795196 0.00381147 -0.00011442
v 0.00829709 0.00289508 -0.00011421
v 0.00854633 0.00194811 -0.00011405
v 0.00869705 0.00098055 -0.00011397
v 0.00874764 0.00000263 -0.00011394
v 0.00869757 -0.00097531 -0.00011397
v 0.00854738 -0.00194295 -0.00011406
v 0.00829865 -0.00289006 -0.00011421
v 0.00795401 -0.00380663 -0.00011442
v 0.00751709 -0.00468298 -0.00011468
v 0.00699253 -0.00550985 -0.00011500
v 0.00638585 -0.00627850 -0.00011537
v 0.00570347 -0.00698082 -0.00011578
v 0.00495260 -0.00760937 -0.00011624
v 0.00414117 -0.00815752 -0.00011672
v 0.00327776 -0.00861947 -0.00011725
v -0.00339865 -0.00335000 -0.00158482
v 0.00074032 -0.00335000 -0.00367619
v -0.00050313 -0.00335000 -0.00371609
v 0.00374717 -0.00335000 -0.00014578
v -0.00269313 -0.00335000 -0.00260950
v -0.00169120 -0.00335000 -0.00334700
v 0.00349326 -0.00335000 -0.00136368
v 0.00285488 -0.00335000 -0.00243149
v 0.00190229 -0.00335000 -0.00323168
v -0.00062377 0.00692128 -0.00041960
v 0.00062420 0.00677940 -0.00041885
v 0.00372675 -0.00525629 -0.00041697
v 0.00374717 -0.00523858 -0.00014577
v 0.00458967 -0.00437134 -0.00041645
v 0.00371868 -0.00526273 0.00048367
v 0.00411265 -0.00489669 0.00379483
v 0.00412683 0.00488261 0.00381103
v 0.00461496 0.00434025 -0.00041644
v 0.00558324 0.00273039 -0.00041585
v 0.00608306 0.00091947 -0.00041555
v 0.00556729 -0.00276713 -0.00041586
v 0.00607761 -0.00095914 -0.00041555
v 0.00080390 0.00910898 -0.00038627
v 0.00077358 0.00893436 -0.00041876
v 0.00080905 -0.00910794 -0.00038627
v 0.00227446 0.00872678 -0.00038538
v 0.00221595 0.00855949 -0.00041788
v 0.00366257 0.00810888 -0.00038455
v 0.00357745 0.00795343 -0.00041706
v 0.00493072 0.00727197 -0.00038378
v 0.00482129 0.00713256 -0.00041631
v 0.00604467 0.00623865 -0.00038310
v 0.00591389 0.00611905 -0.00041565
v 0.00697433 0.00503683 -0.00038254
v 0.00682573 0.00494027 -0.00041509
v 0.00769460 0.00369897 -0.00038211
v 0.00753218 0.00362806 -0.00041467
v 0.00818601 0.00226122 -0.00038180
v 0.00801418 0.00221787 -0.00041438
v 0.00843530 0.00076239 -0.00038165
v 0.00825868 0.00074777 -0.00041423
v 0.00843572 -0.00075704 -0.00038166
v 0.00825910 -0.00074252 -0.00041423
v 0.00818728 -0.00225601 -0.00038180
v 0.00801543 -0.00221276 -0.00041437
v 0.00769668 -0.00369404 -0.00038211
v 0.00753423 -0.00362323 -0.00041466
v 0.00697718 -0.00503230 -0.00038254
v 0.00682852 -0.00493583 -0.00041510
v 0.00604820 -0.00623465 -0.00038310
v 0.00591734 -0.00611513 -0.00041565
v 0.00493483 -0.00726860 -0.00038378
v 0.00482532 -0.00712925 -0.00041631
v 0.00366715 -0.00810623 -0.00038455
v 0.00358194 -0.00795083 -0.00041707
v 0.00227939 -0.00872491 -0.00038539
v 0.00222079 -0.00855765 -0.00041788
v 0.00077863 -0.00893334 -0.00041876
v 0.00233817 -0.00889283 -0.00026974
v 0.00083953 -0.00928323 -0.00027066
v 0.00375264 -0.00826223 -0.00026889
v 0.00504472 -0.00740848 -0.00026810
v 0.00617951 -0.00635464 -0.00026743
v 0.00712637 -0.00512915 -0.00026685
v 0.00861299 -0.00077161 -0.00026595
v 0.00835977 -0.00229942 -0.00026611
v 0.00785973 -0.00376514 -0.00026640
v 0.00835847 0.00230473 -0.00026610
v 0.00861255 0.00077706 -0.00026595
v 0.00785760 0.00377016 -0.00026641
v 0.00712347 0.00513376 -0.00026685
v 0.00617592 0.00635871 -0.00026743
v 0.00504053 0.00741192 -0.00026811
v 0.00374797 0.00826494 -0.00026888
v 0.00233315 0.00889473 -0.00026975
v 0.00083428 0.00928429 -0.00027066
v 0.00372675 -0.00578210 -0.00041697
v -0.00169120 -0.00747254 -0.00334699
v -0.00122634 -0.00749793 -0.00354382
v -0.00050313 -0.00748004 -0.00371610
v 0.00012608 -0.00740722 -0.00374788
v 0.00087342 -0.00724917 -0.00364687
v 0.00140830 -0.00708567 -0.00347551
v 0.00190229 -0.00689449 -0.00323169
v 0.00239669 -0.00666110 -0.00288416
v 0.00285488 -0.00640327 -0.00243149
v 0.00363995 -0.00585272 -0.00090181
v 0.00349326 -0.00596731 -0.00136368
v 0.00321666 -0.00616811 -0.00192758
v 0.00087342 -0.00724917 -0.00041871
v -0.00074102 -0.00749363 -0.00041968
v -0.00091226 -0.00749874 -0.00041978
v 0.00239669 -0.00666110 -0.00041778
f 1 2 3
f 3 2 4
f 5 6 7
f 7 6 8
f 7 8 9
f 9 8 10
f 9 10 11
f 11 10 12
f 11 12 13
f 13 12 14
f 13 14 15
f 15 14 16
f 15 16 17
f 17 16 18
f 17 18 1
f 1 18 19
f 1 19 2
f 3 20 1
f 1 20 21
f 1 21 17
f 17 21 22
f 17 22 15
f 15 22 23
f 15 23 13
f 13 23 24
f 13 24 11
f 11 24 25
f 11 25 9
f 9 25 26
f 9 26 7
f 27 5 28
f 28 5 7
f 28 7 29
f 29 7 26
f 30 3 4
f 31 32 33
f 33 32 34
f 33 34 35
f 35 34 36
f 35 36 37
f 37 36 38
f 37 38 39
f 39 38 40
f 39 40 41
f 41 40 42
f 41 42 43
f 43 42 44
f 43 44 45
f 45 44 30
f 45 30 46
f 46 30 4
f 32 47 34
f 34 47 48
f 34 48 36
f 36 48 49
f 36 49 38
f 38 49 50
f 38 50 40
f 40 50 51
f 40 51 42
f 20 3 52
f 52 3 30
f 52 30 53
f 53 30 44
f 53 44 54
f 54 44 42
f 54 42 55
f 55 42 51
f 6 56 8
f 8 56 57
f 8 57 10
f 10 57 12
f 12 57 58
f 12 58 14
f 14 58 59
f 14 59 16
f 16 59 60
f 16 60 18
f 18 60 61
f 18 61 19
f 19 61 2
f 2 61 62
f 2 62 4
f 4 62 46
f 46 62 63
f 46 63 45
f 45 63 43
f 43 63 64
f 43 64 41
f 41 64 39
f 39 64 65
f 39 65 37
f 37 65 66
f 37 66 35
f 35 66 67
f 35 67 33
f 33 67 68
f 33 68 31
f 69 70 71
f 71 70 72
f 71 72 73
f 73 72 74
f 73 74 75
f 75 74 76
f 75 76 77
f 77 76 78
f 77 78 79
f 79 78 80
f 79 80 81
f 81 80 82
f 81 82 83
f 83 82 84
f 83 84 85
f 85 84 86
f 85 86 87
f 87 86 88
f 87 88 89
f 89 88 90
f 89 90 91
f 6 92 93
f 94 31 95
f 95 31 68
f 95 68 96
f 96 68 67
f 96 67 97
f 97 67 66
f 97 66 98
f 98 66 65
f 98 65 99
f 99 65 64
f 99 64 100
f 100 64 63
f 100 63 101
f 101 63 62
f 101 62 102
f 102 62 61
f 102 61 103
f 103 61 60
f 103 60 104
f 104 60 59
f 104 59 105
f 105 59 58
f 105 58 106
f 106 58 57
f 106 57 93
f 93 57 56
f 93 56 6
f 107 108 109
f 107 109 110
f 111 112 113
f 111 114 112
f 115 116 117
f 118 119 120
f 121 122 123
f 123 122 124
f 123 124 125
f 126 127 128
f 128 124 126
f 126 124 122
f 126 122 129
f 129 122 130
f 129 130 131
f 131 130 118
f 132 133 134
f 134 133 135
f 134 135 120
f 120 135 136
f 120 136 118
f 118 136 137
f 118 137 131
f 115 117 138
f 134 139 132
f 132 139 140
f 132 140 141
f 141 140 142
f 141 142 143
f 143 142 117
f 117 142 144
f 117 144 138
f 145 146 116
f 116 146 147
f 116 147 117
f 148 149 150
f 150 149 151
f 150 151 152
f 152 151 153
f 152 153 145
f 145 153 154
f 145 154 146
f 148 155 149
f 149 155 156
f 149 156 157
f 158 159 160
f 159 161 160
f 160 161 162
f 160 162 163
f 163 162 164
f 163 164 165
f 165 164 166
f 165 166 167
f 167 166 168
f 167 168 169
f 170 149 160
f 160 149 157
f 160 157 158
f 170 171 149
f 149 171 172
f 149 172 173
f 168 174 169
f 169 174 175
f 169 175 176
f 176 175 177
f 176 177 178
f 178 177 179
f 178 179 180
f 180 179 181
f 180 181 182
f 182 181 183
f 181 184 183
f 183 184 185
f 183 185 186
f 186 185 187
f 186 187 188
f 188 187 189
f 188 189 190
f 191 192 190
f 190 192 193
f 190 193 188
f 194 195 196
f 194 196 191
f 197 198 199
f 199 198 200
f 199 200 196
f 196 200 201
f 196 201 191
f 191 201 202
f 191 202 192
f 203 204 172
f 172 204 205
f 172 205 206
f 206 207 172
f 172 207 208
f 172 208 173
f 209 210 211
f 212 213 214
f 215 90 88
f 216 217 214
f 214 217 218
f 214 218 212
f 211 210 219
f 219 210 220
f 219 220 221
f 209 211 222
f 222 211 223
f 222 223 224
f 224 223 225
f 224 225 226
f 227 228 226
f 226 225 227
f 227 225 72
f 227 72 70
f 211 78 223
f 223 78 76
f 223 76 225
f 225 76 74
f 225 74 72
f 220 216 221
f 221 216 214
f 221 214 88
f 88 214 213
f 88 213 215
f 88 86 221
f 221 86 84
f 221 84 219
f 219 84 82
f 219 82 211
f 211 82 80
f 211 80 78
f 85 87 229
f 230 231 73
f 73 231 232
f 73 232 71
f 230 73 233
f 233 73 75
f 233 75 234
f 234 75 77
f 234 77 235
f 235 77 79
f 235 79 236
f 236 79 81
f 236 81 237
f 237 81 83
f 237 83 238
f 238 83 85
f 238 85 239
f 239 85 229
f 239 229 240
f 241 242 243
f 243 242 244
f 243 244 245
f 245 244 246
f 247 248 249
f 249 248 250
f 249 250 251
f 251 250 252
f 251 252 253
f 92 252 254
f 254 252 250
f 254 250 242
f 242 250 248
f 242 248 244
f 244 248 247
f 244 247 246
f 254 242 255
f 93 92 254
f 93 254 106
f 106 254 255
f 106 255 256
f 257 103 258
f 258 103 104
f 258 104 256
f 256 104 105
f 256 105 106
f 259 100 260
f 260 100 101
f 260 101 257
f 257 101 102
f 257 102 103
f 97 98 259
f 259 98 99
f 259 99 100
f 259 261 97
f 97 261 262
f 97 262 96
f 94 95 263
f 263 95 96
f 263 96 264
f 264 96 262
f 264 262 265
f 265 262 266
f 266 262 261
f 266 261 267
f 267 261 259
f 267 259 268
f 268 259 260
f 268 260 269
f 269 260 257
f 269 257 270
f 270 257 258
f 270 258 271
f 271 258 256
f 271 256 272
f 272 256 255
f 272 255 273
f 273 255 242
f 273 242 241
f 274 127 275
f 274 275 276
f 276 275 277
f 277 275 278
f 277 278 279
f 280 281 282
f 282 281 283
f 282 283 284
f 284 283 285
f 286 287 288
f 282 289 280
f 280 289 290
f 280 290 288
f 288 290 291
f 288 291 286
f 286 292 287
f 287 292 293
f 287 293 294
f 293 295 294
f 294 295 296
f 294 296 297
f 298 299 300
f 300 299 301
f 300 301 285
f 285 301 302
f 285 302 284
f 303 304 305
f 305 306 303
f 303 306 307
f 303 307 298
f 298 307 308
f 298 308 299
f 309 310 311
f 311 310 312
f 313 314 315
f 107 110 315
f 315 110 316
f 108 107 317
f 317 107 315
f 317 315 318
f 318 315 314
f 318 314 319
f 320 319 321
f 321 319 314
f 321 314 322
f 322 314 313
f 316 323 315
f 315 323 324
f 315 324 313
f 325 326 327
f 327 326 328
f 327 328 329
f 329 328 330
f 329 330 331
f 331 330 332
f 331 332 333
f 333 332 334
f 333 334 335
f 335 334 336
f 335 336 337
f 337 336 338
f 337 338 339
f 339 338 340
f 339 340 341
f 341 340 342
f 341 342 343
f 343 342 344
f 343 344 345
f 345 344 346
f 345 346 347
f 347 346 348
f 347 348 349
f 349 348 350
f 349 350 325
f 325 350 326
f 351 352 353
f 353 352 354
f 353 354 355
f 356 357 354
f 354 357 358
f 354 358 355
f 311 359 360
f 360 359 361
f 360 361 362
f 311 312 359
f 359 312 363
f 359 363 364
f 313 365 322
f 322 365 366
f 322 366 367
f 367 366 368
f 367 368 369
f 369 368 364
f 369 364 370
f 370 364 363
f 370 363 371
f 316 372 323
f 323 372 373
f 323 373 324
f 313 324 365
f 365 324 373
f 365 373 374
f 374 373 375
f 373 376 375
f 375 376 377
f 375 377 378
f 378 377 379
f 378 379 380
f 381 382 383
f 383 382 380
f 383 380 384
f 384 380 379
f 371 363 385
f 385 363 312
f 385 312 310
f 386 387 388
f 388 387 389
f 388 389 390
f 391 392 393
f 393 392 394
f 382 381 393
f 393 381 395
f 393 395 391
f 392 396 394
f 394 396 397
f 394 397 389
f 389 397 398
f 389 398 390
f 399 400 401
f 401 400 402
f 400 403 402
f 402 403 404
f 402 404 405
f 405 404 406
f 405 406 407
f 407 406 408
f 407 408 409
f 409 408 410
f 409 410 411
f 411 410 387
f 411 387 386
f 400 412 403
f 403 412 413
f 403 413 414
f 414 413 415
f 414 415 416
f 415 417 416
f 416 417 418
f 416 418 356
f 356 418 419
f 356 419 357
f 357 419 420
f 357 420 358
f 358 420 421
f 358 421 422
f 355 358 423
f 423 358 422
f 400 399 424
f 424 399 113
f 424 113 112
f 400 424 412
f 412 424 425
f 412 425 413
f 413 425 426
f 413 426 415
f 114 427 112
f 112 427 428
f 112 428 424
f 424 428 429
f 424 429 425
f 425 429 430
f 425 430 426
f 197 431 432
f 432 431 433
f 432 433 434
f 434 433 435
f 434 435 436
f 203 172 437
f 437 172 171
f 437 171 438
f 203 439 204
f 204 439 440
f 204 440 205
f 205 440 206
f 206 440 441
f 206 441 207
f 207 441 442
f 207 442 208
f 173 443 149
f 149 443 444
f 149 444 151
f 154 153 445
f 445 153 446
f 447 448 146
f 146 448 449
f 146 449 147
f 147 449 117
f 450 451 108
f 108 451 452
f 108 452 109
f 109 452 453
f 109 453 110
f 110 453 316
f 377 376 445
f 445 376 447
f 445 447 154
f 154 447 146
f 453 454 316
f 316 454 448
f 316 448 372
f 372 448 447
f 372 447 373
f 373 447 376
f 381 383 446
f 446 383 384
f 446 384 445
f 445 384 379
f 445 379 377
f 153 151 446
f 446 151 444
f 446 444 381
f 381 444 443
f 381 443 395
f 173 208 443
f 443 208 442
f 443 442 395
f 395 442 441
f 395 441 391
f 391 441 392
f 392 441 440
f 392 440 396
f 396 440 439
f 396 439 397
f 203 437 439
f 439 437 398
f 439 398 397
f 407 409 455
f 455 409 411
f 455 411 456
f 456 411 386
f 456 386 438
f 438 386 388
f 438 388 437
f 437 388 390
f 437 390 398
f 405 457 402
f 402 457 458
f 402 458 401
f 401 458 399
f 459 460 461
f 167 169 462
f 461 114 459
f 459 114 111
f 459 111 463
f 463 111 113
f 463 113 464
f 464 113 399
f 464 399 462
f 462 399 458
f 462 458 167
f 167 458 457
f 167 457 165
f 165 457 163
f 405 407 457
f 457 407 455
f 457 455 163
f 163 455 456
f 163 456 160
f 160 456 438
f 160 438 170
f 170 438 171
f 465 466 467
f 467 466 468
f 468 466 469
f 469 466 470
f 469 470 471
f 470 472 471
f 471 472 473
f 471 473 474
f 473 475 474
f 474 475 476
f 474 476 477
f 477 476 478
f 477 478 479
f 479 478 480
f 479 480 481
f 481 480 482
f 481 482 483
f 483 482 484
f 483 484 485
f 486 487 488
f 488 487 489
f 488 489 490
f 490 489 491
f 490 491 492
f 492 491 485
f 492 485 493
f 493 485 484
f 494 495 496
f 494 496 497
f 497 496 498
f 497 498 499
f 499 498 500
f 500 498 501
f 500 501 502
f 502 501 503
f 502 503 504
f 505 503 506
f 506 503 501
f 506 501 507
f 507 501 498
f 507 498 508
f 508 498 496
f 508 496 509
f 509 496 495
f 253 5 510
f 510 5 27
f 510 27 511
f 253 252 5
f 5 252 92
f 5 92 6
f 247 249 512
f 512 249 251
f 512 251 513
f 245 69 71
f 511 514 515
f 69 245 512
f 512 245 246
f 512 246 247
f 515 516 511
f 511 516 517
f 511 517 510
f 510 517 513
f 510 513 253
f 253 513 251
f 71 232 245
f 245 232 231
f 245 231 230
f 518 519 520
f 520 519 228
f 520 228 227
f 521 518 522
f 522 518 520
f 522 520 523
f 523 520 227
f 523 227 70
f 524 224 226
f 226 228 524
f 524 228 525
f 524 525 526
f 527 218 217
f 220 528 216
f 216 528 529
f 216 529 217
f 217 529 530
f 217 530 527
f 224 524 222
f 222 524 531
f 222 531 209
f 209 531 532
f 209 532 210
f 210 532 533
f 210 533 220
f 220 533 534
f 220 534 528
f 240 535 536
f 273 241 230
f 230 241 243
f 230 243 245
f 273 230 272
f 272 230 233
f 272 233 271
f 271 233 234
f 271 234 270
f 270 234 235
f 270 235 269
f 235 236 269
f 269 236 237
f 269 237 268
f 268 237 238
f 268 238 267
f 267 238 239
f 267 239 266
f 266 239 240
f 266 240 265
f 265 240 536
f 537 538 539
f 538 537 540
f 540 537 541
f 540 541 542
f 543 544 539
f 539 544 545
f 539 545 537
f 265 536 264
f 264 536 535
f 540 94 538
f 538 94 263
f 538 263 539
f 539 263 264
f 539 264 543
f 543 264 535
f 543 535 544
f 94 540 546
f 547 548 549
f 549 548 546
f 549 546 542
f 542 546 540
f 31 94 32
f 32 94 546
f 32 546 47
f 47 546 548
f 550 551 552
f 553 554 555
f 556 557 550
f 556 550 558
f 559 558 560
f 558 550 560
f 560 550 552
f 560 552 559
f 559 552 561
f 559 561 555
f 551 562 552
f 552 562 563
f 552 563 561
f 561 563 564
f 561 564 555
f 555 564 565
f 555 565 553
f 566 567 568
f 126 129 569
f 143 570 571
f 572 573 574
f 575 286 291
f 291 290 575
f 575 290 289
f 575 289 282
f 282 284 575
f 575 284 302
f 575 302 301
f 301 299 575
f 575 299 308
f 575 308 307
f 575 572 286
f 286 572 574
f 286 574 292
f 292 574 293
f 576 577 578
f 578 577 296
f 578 296 574
f 574 296 295
f 574 295 293
f 578 579 576
f 576 579 580
f 576 580 581
f 581 580 582
f 581 582 583
f 583 582 584
f 584 582 452
f 584 452 451
f 143 117 449
f 143 571 141
f 141 571 585
f 141 585 132
f 586 135 585
f 585 135 133
f 585 133 132
f 569 129 587
f 129 131 587
f 587 131 137
f 587 137 586
f 586 137 136
f 586 136 135
f 569 279 278
f 278 275 569
f 569 275 127
f 569 127 126
f 588 574 589
f 589 574 573
f 589 573 590
f 570 591 571
f 571 591 592
f 571 592 585
f 585 592 593
f 585 593 586
f 586 593 594
f 586 594 587
f 587 594 595
f 587 595 569
f 569 595 568
f 569 568 279
f 279 568 567
f 448 454 582
f 582 454 453
f 582 453 452
f 143 449 570
f 570 449 448
f 570 448 591
f 591 448 582
f 591 582 592
f 592 582 580
f 592 580 593
f 593 580 579
f 593 579 594
f 594 579 578
f 594 578 595
f 595 578 574
f 595 574 568
f 568 574 588
f 568 588 566
f 310 309 321
f 596 320 321
f 596 321 597
f 309 598 321
f 321 598 599
f 321 599 597
f 322 367 321
f 321 367 369
f 321 369 370
f 370 371 321
f 321 371 385
f 321 385 310
f 600 601 602
f 602 601 450
f 602 450 108
f 345 347 603
f 604 339 605
f 605 339 341
f 605 341 606
f 607 327 329
f 603 608 345
f 345 608 609
f 345 609 343
f 343 609 610
f 343 610 341
f 341 610 611
f 341 611 606
f 612 325 613
f 613 325 327
f 607 614 327
f 327 614 615
f 327 615 616
f 331 617 329
f 329 617 618
f 329 618 607
f 335 337 619
f 604 620 339
f 339 620 621
f 339 621 337
f 337 621 622
f 337 622 619
f 623 624 349
f 349 624 625
f 349 625 347
f 347 625 626
f 347 626 603
f 616 627 327
f 327 627 628
f 327 628 613
f 349 325 623
f 623 325 612
f 623 612 629
f 629 612 630
f 629 630 631
f 631 630 632
f 631 632 633
f 619 634 335
f 335 634 635
f 335 635 333
f 333 635 636
f 636 637 333
f 333 637 638
f 333 638 331
f 331 638 639
f 331 639 617
f 640 641 605
f 605 641 642
f 605 642 643
f 643 642 644
f 645 646 643
f 643 646 647
f 643 647 648
f 604 605 649
f 649 605 643
f 649 643 650
f 650 643 648
f 651 652 336
f 336 652 338
f 653 334 654
f 654 334 332
f 654 332 655
f 655 332 330
f 655 330 656
f 653 657 334
f 334 657 658
f 334 658 336
f 336 658 659
f 336 659 651
f 660 661 328
f 328 661 662
f 328 662 330
f 330 662 663
f 330 663 656
f 664 665 326
f 326 665 666
f 326 666 328
f 328 666 667
f 328 667 660
f 346 344 668
f 340 645 342
f 342 645 643
f 652 669 338
f 338 669 670
f 338 670 340
f 340 670 671
f 340 671 645
f 643 672 342
f 342 672 673
f 342 673 344
f 344 673 674
f 344 674 668
f 668 675 346
f 346 675 676
f 346 676 348
f 348 676 677
f 348 677 350
f 350 677 678
f 350 678 326
f 326 678 679
f 326 679 664
f 664 679 680
f 664 680 681
f 681 680 682
f 681 682 683
f 683 682 684
f 683 684 685
f 374 375 686
f 686 375 687
f 687 375 378
f 687 378 380
f 688 359 364
f 364 368 688
f 688 368 366
f 688 366 686
f 686 366 365
f 686 365 374
f 356 354 416
f 416 354 689
f 416 689 414
f 414 689 403
f 403 689 690
f 403 690 404
f 691 408 690
f 690 408 406
f 690 406 404
f 380 382 687
f 687 382 393
f 687 393 692
f 692 393 394
f 692 394 693
f 693 394 389
f 693 389 694
f 694 389 387
f 694 387 691
f 691 387 410
f 691 410 408
f 417 415 426
f 417 426 418
f 426 422 421
f 421 420 426
f 426 420 419
f 426 419 418
f 430 695 426
f 426 695 696
f 426 696 697
f 697 698 426
f 426 698 423
f 426 423 422
f 699 700 461
f 461 700 701
f 461 701 114
f 463 464 702
f 703 470 466
f 704 473 703
f 703 473 472
f 703 472 470
f 492 705 490
f 490 705 488
f 492 493 705
f 705 493 484
f 705 484 482
f 482 480 705
f 705 480 478
f 705 478 476
f 704 706 473
f 473 706 705
f 473 705 475
f 475 705 476
f 707 708 709
f 709 708 710
f 709 710 703
f 703 710 711
f 703 711 704
f 707 201 200
f 200 198 707
f 707 198 197
f 707 197 432
f 432 434 707
f 707 434 436
f 707 436 708
f 712 192 202
f 188 193 713
f 188 713 186
f 186 713 714
f 186 714 183
f 183 714 182
f 182 714 715
f 182 715 180
f 180 715 178
f 178 715 716
f 178 716 176
f 176 716 462
f 176 462 169
f 717 460 459
f 718 719 720
f 720 719 717
f 720 717 702
f 702 717 459
f 702 459 463
f 466 465 721
f 721 465 722
f 721 722 718
f 718 722 723
f 718 723 719
f 713 724 714
f 714 724 725
f 714 725 715
f 715 725 726
f 715 726 716
f 466 721 703
f 703 721 727
f 703 727 709
f 709 727 712
f 709 712 707
f 707 712 202
f 707 202 201
f 464 462 702
f 702 462 716
f 702 716 720
f 720 716 726
f 720 726 718
f 718 726 725
f 718 725 721
f 721 725 724
f 721 724 727
f 727 724 713
f 727 713 712
f 712 713 193
f 712 193 192
f 728 729 730
f 494 274 495
f 495 274 276
f 495 276 509
f 509 276 277
f 509 277 508
f 507 731 506
f 506 731 505
f 732 733 734
f 735 736 737
f 737 736 738
f 739 740 741
f 736 742 738
f 738 742 743
f 738 743 744
f 744 743 745
f 744 745 746
f 746 745 747
f 746 747 748
f 748 747 739
f 748 739 749
f 749 739 741
f 749 741 750
f 751 25 752
f 752 25 24
f 752 24 753
f 753 24 23
f 753 23 754
f 754 23 22
f 754 22 755
f 755 22 21
f 755 21 756
f 756 21 20
f 757 29 751
f 751 29 26
f 751 26 25
f 758 27 757
f 757 27 28
f 757 28 29
f 759 514 758
f 758 514 511
f 758 511 27
f 760 761 762
f 762 761 763
f 762 763 758
f 758 763 764
f 758 764 759
f 730 729 762
f 762 729 765
f 762 765 760
f 766 767 730
f 730 767 768
f 730 768 728
f 769 770 771
f 771 770 772
f 771 772 773
f 575 307 305
f 305 307 306
f 774 572 775
f 775 572 575
f 775 575 776
f 776 575 305
f 590 573 777
f 777 573 572
f 777 572 778
f 778 572 774
f 777 779 590
f 590 779 769
f 590 769 589
f 589 769 771
f 589 771 588
f 588 771 780
f 588 780 566
f 566 780 567
f 567 780 781
f 567 781 279
f 782 783 784
f 784 783 785
f 784 785 786
f 786 785 787
f 786 787 788
f 788 787 789
f 788 789 790
f 790 789 791
f 790 791 792
f 792 791 793
f 792 793 794
f 794 793 795
f 794 795 796
f 796 795 797
f 796 797 798
f 798 797 799
f 800 740 801
f 801 740 739
f 801 739 802
f 802 739 747
f 802 747 803
f 803 747 745
f 803 745 804
f 804 745 743
f 804 743 805
f 805 743 742
f 805 742 806
f 806 742 736
f 806 736 807
f 807 736 735
f 807 735 808
f 808 782 807
f 807 782 784
f 807 784 806
f 806 784 786
f 806 786 805
f 805 786 788
f 805 788 804
f 804 788 790
f 804 790 803
f 803 790 792
f 803 792 802
f 802 792 794
f 802 794 801
f 801 794 796
f 801 796 800
f 800 796 798
f 809 810 811
f 811 732 812
f 812 732 734
f 812 734 813
f 809 811 814
f 814 811 812
f 814 812 815
f 815 812 813
f 815 813 505
f 505 731 815
f 815 731 816
f 815 816 814
f 814 816 817
f 814 817 809
f 277 279 508
f 508 279 781
f 508 781 818
f 818 781 780
f 818 780 819
f 819 780 771
f 819 771 766
f 766 771 773
f 766 773 767
f 507 508 731
f 731 508 818
f 731 818 816
f 816 818 819
f 816 819 817
f 817 819 766
f 817 766 809
f 809 766 730
f 809 730 810
f 810 730 762
f 810 762 820
f 820 762 758
f 820 758 821
f 821 758 757
f 821 757 822
f 822 757 751
f 822 751 823
f 823 751 752
f 823 752 824
f 824 752 753
f 824 753 825
f 825 753 754
f 825 754 826
f 826 754 755
f 826 755 827
f 827 755 756
f 827 756 828
f 828 756 20
f 737 733 735
f 735 733 732
f 735 732 808
f 808 732 811
f 808 811 782
f 782 811 810
f 782 810 783
f 783 810 820
f 783 820 785
f 785 820 821
f 785 821 787
f 787 821 822
f 787 822 789
f 789 822 823
f 789 823 791
f 791 823 824
f 791 824 793
f 793 824 825
f 793 825 795
f 795 825 826
f 795 826 797
f 797 826 827
f 797 827 799
f 799 827 828
f 764 763 829
f 768 830 728
f 728 830 831
f 728 831 729
f 729 831 765
f 765 831 832
f 765 832 760
f 829 763 832
f 832 763 761
f 832 761 760
f 515 514 829
f 829 514 759
f 829 759 764
f 773 833 767
f 767 833 830
f 767 830 768
f 834 835 836
f 526 525 837
f 837 525 838
f 837 838 836
f 836 838 839
f 836 839 834
f 834 839 521
f 521 839 518
f 518 839 838
f 518 838 519
f 519 838 525
f 519 525 228
f 516 521 517
f 517 521 522
f 517 522 513
f 513 522 523
f 513 523 512
f 512 523 70
f 512 70 69
f 840 841 842
f 843 844 531
f 835 845 846
f 531 524 843
f 843 524 526
f 843 526 847
f 847 526 837
f 847 837 836
f 529 528 848
f 848 528 534
f 848 534 849
f 849 534 533
f 849 533 844
f 844 533 532
f 844 532 531
f 841 530 842
f 842 530 529
f 842 529 850
f 850 529 848
f 851 852 853
f 853 852 854
f 853 854 855
f 855 854 856
f 855 856 857
f 857 856 858
f 857 858 859
f 859 858 860
f 859 860 861
f 861 860 862
f 861 862 863
f 863 862 864
f 863 864 846
f 846 864 865
f 846 865 835
f 852 840 854
f 854 840 842
f 854 842 856
f 856 842 850
f 856 850 858
f 858 850 848
f 858 848 860
f 860 848 849
f 860 849 862
f 862 849 844
f 862 844 864
f 864 844 843
f 864 843 865
f 865 843 847
f 865 847 835
f 835 847 836
f 866 867 868
f 866 868 869
f 868 870 869
f 869 870 871
f 869 871 872
f 873 874 875
f 875 874 872
f 875 872 876
f 876 872 871
f 877 878 879
f 879 878 874
f 879 874 880
f 880 874 873
f 212 218 527
f 881 882 852
f 852 882 840
f 213 212 883
f 883 212 527
f 883 527 841
f 841 527 530
f 841 840 883
f 883 840 882
f 883 882 213
f 213 882 881
f 213 881 215
f 878 877 91
f 91 877 547
f 535 240 229
f 91 541 537
f 547 549 91
f 91 549 542
f 91 542 541
f 229 87 535
f 535 87 89
f 535 89 544
f 544 89 91
f 544 91 545
f 545 91 537
f 867 866 884
f 884 866 885
f 884 885 886
f 887 740 800
f 563 435 564
f 564 435 433
f 564 433 565
f 431 554 433
f 433 554 553
f 433 553 565
f 708 436 888
f 889 890 891
f 711 889 704
f 704 889 891
f 704 891 706
f 891 892 706
f 706 892 893
f 706 893 705
f 705 893 894
f 705 894 895
f 895 896 705
f 705 896 486
f 705 486 488
f 886 897 889
f 889 897 898
f 889 898 890
f 886 889 884
f 884 889 899
f 884 899 867
f 867 899 900
f 867 900 868
f 875 876 901
f 901 876 871
f 901 871 900
f 900 871 870
f 900 870 868
f 547 877 548
f 548 877 902
f 548 902 903
f 877 879 902
f 902 879 880
f 902 880 901
f 901 880 873
f 901 873 875
f 47 904 48
f 48 904 905
f 48 905 49
f 49 905 906
f 49 906 50
f 50 906 907
f 50 907 51
f 52 53 908
f 908 53 54
f 908 54 907
f 907 54 55
f 907 55 51
f 908 909 52
f 52 909 828
f 52 828 20
f 910 750 887
f 887 750 741
f 887 741 740
f 911 912 913
f 913 912 914
f 913 914 915
f 915 914 916
f 915 916 917
f 917 916 918
f 917 918 919
f 919 918 920
f 919 920 562
f 562 920 888
f 562 888 563
f 563 888 436
f 563 436 435
f 920 921 888
f 888 921 922
f 888 922 708
f 708 922 710
f 923 924 925
f 925 924 926
f 925 926 927
f 928 929 930
f 930 929 931
f 928 925 929
f 929 925 927
f 929 927 931
f 931 927 932
f 933 934 935
f 935 934 936
f 935 936 937
f 937 936 938
f 937 938 939
f 939 938 940
f 939 940 941
f 941 940 942
f 941 942 943
f 943 942 944
f 945 933 946
f 946 933 935
f 946 935 947
f 947 935 937
f 947 937 948
f 948 937 939
f 948 939 949
f 949 939 941
f 949 941 950
f 950 941 943
f 912 932 914
f 914 932 927
f 914 927 916
f 916 927 926
f 916 926 918
f 918 926 924
f 918 924 920
f 920 924 923
f 920 923 921
f 950 951 949
f 949 951 952
f 949 952 948
f 948 952 953
f 948 953 947
f 947 953 954
f 947 954 946
f 946 954 955
f 946 955 945
f 934 956 936
f 936 956 957
f 936 957 938
f 938 957 958
f 938 958 940
f 940 958 959
f 940 959 942
f 942 959 960
f 942 960 944
f 944 960 961
f 944 961 903
f 945 798 933
f 933 798 799
f 933 799 934
f 934 799 828
f 934 828 956
f 956 828 909
f 956 909 957
f 957 909 908
f 957 908 958
f 958 908 907
f 958 907 959
f 959 907 906
f 959 906 960
f 960 906 905
f 960 905 961
f 961 905 904
f 961 904 903
f 903 904 47
f 903 47 548
f 711 710 889
f 889 710 922
f 889 922 899
f 899 922 921
f 899 921 900
f 900 921 923
f 900 923 901
f 901 923 925
f 901 925 902
f 902 925 928
f 902 928 903
f 903 928 930
f 903 930 944
f 944 930 931
f 944 931 943
f 943 931 932
f 943 932 950
f 950 932 912
f 950 912 951
f 951 912 911
f 951 911 952
f 952 911 962
f 952 962 953
f 953 962 963
f 953 963 954
f 954 963 910
f 954 910 955
f 955 910 887
f 955 887 945
f 945 887 800
f 945 800 798
f 451 450 601
f 601 964 451
f 451 964 965
f 451 965 966
f 967 968 969
f 969 968 451
f 969 451 970
f 970 451 966
f 576 581 971
f 971 581 583
f 971 583 968
f 968 583 584
f 968 584 451
f 971 972 576
f 576 972 973
f 576 973 577
f 577 973 974
f 577 974 296
f 296 974 297
f 601 600 964
f 964 600 975
f 964 975 965
f 965 975 966
f 966 975 976
f 966 976 970
f 970 976 977
f 970 977 969
f 969 977 978
f 969 978 967
f 976 975 600
f 978 977 979
f 979 977 976
f 602 108 317
f 976 600 979
f 979 600 602
f 979 602 980
f 980 602 317
f 980 317 318
f 318 319 980
f 980 319 320
f 980 320 981
f 981 320 596
f 981 596 362
f 362 596 597
f 362 597 360
f 309 311 598
f 598 311 360
f 598 360 599
f 599 360 597
f 982 983 684
f 684 983 984
f 684 984 685
f 982 684 985
f 985 684 682
f 985 682 986
f 986 682 987
f 987 682 680
f 987 680 988
f 988 680 989
f 989 680 679
f 989 679 990
f 990 679 991
f 991 679 678
f 991 678 992
f 677 993 994
f 992 678 995
f 995 678 677
f 995 677 996
f 996 677 994
f 993 677 997
f 997 677 676
f 997 676 998
f 998 676 675
f 998 675 999
f 999 675 1000
f 1000 675 668
f 1000 668 1001
f 1002 1001 668
f 1002 668 1003
f 1003 668 674
f 1003 674 1004
f 673 1005 674
f 674 1005 1006
f 674 1006 1004
f 643 644 672
f 672 644 1007
f 1007 1008 672
f 672 1008 1009
f 672 1009 673
f 673 1009 1010
f 673 1010 1005
f 642 641 1011
f 1011 641 1012
f 1011 1012 1013
f 1014 606 611
f 640 605 1015
f 1015 605 606
f 1015 606 1016
f 1016 606 1014
f 610 1017 611
f 611 1017 1018
f 611 1018 1014
f 1019 1020 609
f 609 1020 1021
f 609 1021 610
f 610 1021 1022
f 610 1022 1017
f 1019 609 1023
f 1023 609 608
f 1023 608 1024
f 1024 608 1025
f 1025 608 603
f 1025 603 1026
f 1026 603 1027
f 1027 603 626
f 1027 626 1028
f 625 1029 626
f 626 1029 1030
f 1030 1031 626
f 626 1031 1032
f 626 1032 1028
f 624 1033 625
f 625 1033 1034
f 625 1034 1029
f 623 629 1035
f 1035 1036 623
f 623 1036 1037
f 623 1037 624
f 624 1037 1038
f 624 1038 1033
f 631 633 1039
f 1039 1040 631
f 631 1040 1041
f 631 1041 629
f 629 1041 1042
f 629 1042 1035
f 1043 1044 1045
f 1046 1047 1048
f 1049 1047 1046
f 1045 1044 1046
f 1046 1050 1051
f 1052 1050 1046
f 1053 1052 1046
f 1046 1054 1055
f 1056 1054 1046
f 1051 1056 1046
f 1057 1058 1055
f 1055 1058 1046
f 1046 1059 1060
f 1061 1059 1046
f 1062 1061 1046
f 1046 1063 1064
f 1065 1063 1046
f 1066 1065 1046
f 1046 1067 1068
f 1069 1067 1046
f 1064 1069 1046
f 1046 1070 1071
f 1071 1049 1046
f 630 612 1072
f 615 614 1043
f 636 1073 1057
f 634 1074 1075
f 646 1076 1077
f 1076 646 645
f 660 1078 661
f 667 666 1079
f 1079 666 665
f 1080 653 1081
f 1081 653 654
f 1082 651 1083
f 1083 651 659
f 1083 659 658
f 648 647 1084
f 1085 621 1086
f 1086 621 620
f 1086 620 1087
f 1088 619 1085
f 1085 619 622
f 1085 622 621
f 634 1075 635
f 636 1057 637
f 1057 1089 637
f 637 1089 1090
f 637 1090 638
f 638 1090 1091
f 638 1091 639
f 1091 1092 639
f 639 1092 1093
f 639 1093 617
f 617 1093 1094
f 617 1094 618
f 618 1094 1095
f 618 1095 607
f 1096 1097 1098
f 1098 1097 628
f 1098 628 1099
f 1099 628 627
f 1066 1100 1065
f 1065 1100 1101
f 1065 1101 1063
f 1063 1101 1102
f 1063 1102 1064
f 1064 1102 1103
f 1064 1103 1069
f 1069 1103 1104
f 1069 1104 1067
f 1067 1104 1105
f 1067 1105 1068
f 1068 1105 1106
f 1062 1107 1061
f 1061 1107 1108
f 1061 1108 1059
f 1059 1108 1109
f 1059 1109 1060
f 1060 1109 1080
f 1060 1080 1110
f 1110 1080 1081
f 1057 1055 1089
f 1089 1055 1054
f 1089 1054 1090
f 1090 1054 1056
f 1090 1056 1091
f 1091 1056 1051
f 1091 1051 1092
f 1092 1051 1050
f 1092 1050 1093
f 1093 1050 1052
f 1093 1052 1094
f 1094 1052 1053
f 1094 1053 1095
f 614 607 1043
f 1043 607 1095
f 1043 1095 1044
f 1044 1095 1053
f 1044 1053 1046
f 1070 1111 1071
f 1071 1111 1112
f 1071 1112 1049
f 1049 1112 1113
f 1049 1113 1047
f 1047 1113 1114
f 1047 1114 1048
f 1048 1114 1115
f 1048 1115 1116
f 1116 1115 1117
f 1107 1082 1108
f 1108 1082 1083
f 1108 1083 1109
f 1109 1083 658
f 1109 658 1080
f 1080 658 657
f 1080 657 653
f 1110 1046 1060
f 1106 1105 662
f 662 1105 1104
f 662 1104 663
f 663 1104 1103
f 663 1103 656
f 656 1103 1102
f 656 1102 655
f 655 1102 1101
f 655 1101 654
f 654 1101 1100
f 654 1100 1081
f 1081 1100 1066
f 1081 1066 1110
f 1110 1066 1046
f 636 635 1073
f 1073 635 1075
f 1073 1075 1057
f 1057 1075 1118
f 1057 1118 1058
f 1058 1118 1119
f 1058 1119 1046
f 1111 1120 1112
f 1112 1120 1121
f 1112 1121 1113
f 1113 1121 1122
f 1113 1122 1114
f 1114 1122 1123
f 1114 1123 1115
f 1115 1123 1124
f 1115 1124 1117
f 1117 1124 615
f 1125 1126 1127
f 645 671 1076
f 1076 671 670
f 1076 670 1077
f 1077 670 669
f 1077 669 1128
f 1128 669 652
f 1128 652 1129
f 1129 652 1130
f 1129 1130 1131
f 634 619 1074
f 1074 619 1088
f 1074 1088 1075
f 1075 1088 1132
f 1075 1132 1118
f 1118 1132 1133
f 1118 1133 1119
f 1119 1133 1134
f 1119 1134 1046
f 1120 1096 1121
f 1121 1096 1098
f 1121 1098 1122
f 1122 1098 1099
f 1122 1099 1123
f 1123 1099 627
f 1123 627 1124
f 1124 627 616
f 1124 616 615
f 1116 1046 1048
f 613 628 1135
f 1135 628 1097
f 1135 1097 1136
f 1136 1097 1096
f 1136 1096 1137
f 1137 1096 1120
f 1137 1120 1138
f 1138 1120 1111
f 1138 1111 1139
f 1139 1111 1070
f 1139 1070 1140
f 1140 1070 1046
f 1141 1079 1142
f 1142 1079 665
f 1142 665 664
f 647 646 1084
f 1084 646 1077
f 1084 1077 1143
f 1143 1077 1128
f 1143 1128 1144
f 1144 1128 1129
f 1144 1129 1145
f 1145 1129 1131
f 1145 1131 1146
f 650 648 1147
f 1147 648 1084
f 1147 1084 1148
f 1148 1084 1143
f 1148 1143 1149
f 1149 1143 1144
f 1149 1144 1150
f 1150 1144 1145
f 1150 1145 1151
f 1151 1145 1146
f 1151 1146 1152
f 1152 1153 1151
f 1151 1153 1154
f 1151 1154 1150
f 1150 1154 1155
f 1150 1155 1149
f 1149 1155 1156
f 1149 1156 1148
f 1148 1156 1157
f 1148 1157 1147
f 1147 1157 1158
f 1147 1158 650
f 650 1158 649
f 620 604 1087
f 1087 604 649
f 1087 649 1086
f 1086 649 1158
f 1086 1158 1085
f 1085 1158 1157
f 1085 1157 1088
f 1088 1157 1156
f 1088 1156 1132
f 1132 1156 1155
f 1132 1155 1133
f 1133 1155 1154
f 1133 1154 1134
f 1134 1154 1153
f 1134 1153 1046
f 1152 1046 1153
f 652 651 1130
f 1130 651 1082
f 1130 1082 1131
f 1131 1082 1107
f 1131 1107 1146
f 1146 1107 1062
f 1146 1062 1152
f 1152 1062 1046
f 612 613 1072
f 1072 613 1135
f 1072 1135 1159
f 1159 1135 1136
f 1159 1136 1160
f 1160 1136 1137
f 1160 1137 1161
f 1161 1137 1138
f 1161 1138 1162
f 1162 1138 1139
f 1162 1139 1163
f 1163 1139 1140
f 1163 1140 1164
f 1164 1140 1046
f 664 1165 1142
f 1142 1165 1166
f 1142 1166 1141
f 1141 1166 1167
f 632 630 1168
f 1168 630 1072
f 1168 1072 1169
f 1169 1072 1159
f 1169 1159 1170
f 1170 1159 1160
f 1170 1160 1171
f 1171 1160 1161
f 1171 1161 1127
f 1127 1161 1162
f 1127 1162 1125
f 1125 1162 1163
f 1125 1163 1106
f 1106 1163 1164
f 1106 1164 1068
f 1068 1164 1046
f 1172 1167 1173
f 1173 1167 1166
f 1173 1166 1174
f 1174 1166 1165
f 1174 1165 1175
f 1175 1165 664
f 1175 664 681
f 662 661 1106
f 1106 661 1078
f 1106 1078 1125
f 1125 1078 660
f 1125 660 1126
f 1126 660 667
f 1126 667 1127
f 1127 667 1079
f 1127 1079 1171
f 1171 1079 1141
f 1171 1141 1170
f 1170 1141 1167
f 1170 1167 1169
f 1169 1167 1172
f 1169 1172 1168
f 1168 1172 1176
f 1168 1176 632
f 615 1043 1117
f 1117 1043 1045
f 1117 1045 1116
f 1116 1045 1046
f 681 683 1175
f 1175 683 1177
f 1175 1177 1174
f 1174 1177 1178
f 1174 1178 1173
f 1173 1178 1179
f 1173 1179 1172
f 1172 1179 1180
f 1172 1180 1176
f 689 354 352
f 361 359 1181
f 1181 359 688
f 352 1182 689
f 689 1182 1183
f 689 1183 690
f 1183 1184 690
f 690 1184 1185
f 690 1185 691
f 691 1185 1186
f 1186 1187 691
f 691 1187 1188
f 691 1188 694
f 694 1188 1189
f 694 1189 693
f 693 1189 1190
f 693 1190 692
f 692 1190 1191
f 692 1191 687
f 687 1191 1192
f 687 1192 686
f 1192 1193 686
f 686 1193 1194
f 686 1194 688
f 688 1194 1195
f 688 1195 1181
f 430 1196 695
f 695 1196 1197
f 695 1197 351
f 429 428 701
f 701 428 427
f 701 427 114
f 1198 1199 1200
f 430 429 1196
f 1196 429 701
f 1196 701 1200
f 1200 701 700
f 700 1201 1200
f 1200 1201 1202
f 1200 1202 1198
f 353 355 423
f 423 698 353
f 353 698 697
f 353 697 351
f 351 697 696
f 351 696 695
f 1198 1202 1203
f 1201 700 699
f 699 1204 1201
f 1201 1204 1205
f 1201 1205 1202
f 1202 1205 1206
f 1202 1206 1203
f 1198 1203 1199
f 1199 1203 1207
f 1199 1207 1208
f 1207 1203 460
f 460 1203 1206
f 460 1206 1205
f 1205 1204 460
f 460 1204 699
f 460 699 461
f 719 723 1209
f 1209 723 722
f 1209 722 1210
f 1210 722 465
f 1210 465 467
f 1209 1211 719
f 719 1211 1212
f 719 1212 717
f 717 1212 1213
f 717 1213 460
f 460 1213 1208
f 460 1208 1207
f 1214 1215 1216
f 1216 1215 1217
f 1216 1217 1218
f 1219 1220 1221
f 1222 1223 1224
f 1221 1225 1219
f 1219 1225 1226
f 1219 1226 1227
f 1227 1226 1228
f 1227 1228 1229
f 1229 1228 1230
f 1229 1230 1231
f 1231 1230 1232
f 1231 1232 1233
f 1233 1232 1234
f 1233 1234 1235
f 1235 1234 1236
f 1235 1236 1237
f 1237 1236 1238
f 1237 1238 1239
f 1239 1238 1240
f 1239 1240 1241
f 1241 1240 1242
f 1241 1242 1243
f 1243 1242 1222
f 1243 1222 1244
f 1244 1222 1224
f 1245 1246 1247
f 1248 1249 1250
f 1250 1249 1251
f 1250 1251 1252
f 1252 1251 1253
f 1252 1253 1254
f 1254 1253 1255
f 1254 1255 1256
f 1256 1255 1257
f 1257 1255 1258
f 1257 1258 1259
f 1245 1247 1260
f 1260 1247 1261
f 1260 1261 1262
f 1262 1261 1263
f 1262 1263 1264
f 1264 1263 1265
f 1264 1265 1266
f 1266 1265 1267
f 1266 1267 1268
f 1268 1267 1218
f 1268 1218 1248
f 1248 1218 1217
f 1248 1217 1249
f 305 304 776
f 776 304 1269
f 776 1269 775
f 775 1269 1270
f 775 1270 774
f 774 1270 1271
f 774 1271 778
f 778 1271 777
f 777 1271 1272
f 777 1272 779
f 779 1272 1273
f 779 1273 769
f 769 1273 770
f 770 1273 1274
f 770 1274 772
f 772 1274 1275
f 772 1275 773
f 773 1275 1276
f 773 1276 833
f 833 1276 1277
f 521 516 834
f 834 516 515
f 834 515 829
f 1277 1278 833
f 833 1278 1279
f 833 1279 830
f 830 1279 1280
f 830 1280 831
f 831 1280 1281
f 831 1281 832
f 832 1281 845
f 832 845 829
f 829 845 835
f 829 835 834
f 1278 1277 1282
f 1278 1282 1279
f 1283 1284 1285
f 1285 1284 1286
f 1285 1286 1287
f 1287 1286 1288
f 1287 1288 1289
f 1289 1288 1290
f 1289 1290 1291
f 1291 1290 851
f 1282 1292 1279
f 1279 1292 1293
f 1279 1293 1280
f 1280 1293 1294
f 1280 1294 1281
f 1281 1294 1295
f 1281 1295 845
f 845 1295 1296
f 845 1296 846
f 846 1296 1297
f 846 1297 863
f 863 1297 1298
f 863 1298 861
f 861 1298 1299
f 861 1299 859
f 859 1299 1300
f 859 1300 857
f 857 1300 1301
f 857 1301 855
f 1301 1302 855
f 855 1302 1303
f 855 1303 853
f 853 1303 1304
f 853 1304 851
f 851 1304 1305
f 851 1305 1291
f 90 215 881
f 91 90 878
f 878 90 881
f 878 881 874
f 874 881 852
f 874 852 872
f 872 852 851
f 872 851 869
f 869 851 1290
f 869 1290 866
f 1283 1306 885
f 1290 1288 866
f 866 1288 1286
f 866 1286 885
f 885 1286 1284
f 885 1284 1283
f 1307 487 486
f 486 896 1307
f 1307 896 895
f 1307 895 1308
f 1308 895 894
f 1308 894 1309
f 1309 894 893
f 1309 893 892
f 885 1306 886
f 886 1306 1310
f 886 1310 897
f 897 1310 1311
f 897 1311 898
f 898 1311 1312
f 898 1312 890
f 890 1312 1309
f 890 1309 891
f 891 1309 892
f 297 974 994
f 1199 1184 1200
f 1200 1184 1183
f 1200 1183 1196
f 1196 1183 1197
f 1034 1033 1208
f 1208 1033 1038
f 1213 1030 1208
f 1208 1030 1029
f 1208 1029 1034
f 1183 1182 1197
f 1197 1182 352
f 1197 352 351
f 1194 967 978
f 1313 1181 978
f 978 1181 1195
f 978 1195 1194
f 978 979 1313
f 1313 979 980
f 1313 980 1181
f 1181 980 981
f 1181 981 361
f 361 981 362
f 985 986 967
f 967 986 987
f 971 989 990
f 987 988 967
f 967 988 989
f 967 989 968
f 968 989 971
f 990 991 971
f 971 991 992
f 971 992 972
f 972 992 995
f 972 995 996
f 994 974 996
f 996 974 973
f 996 973 972
f 998 281 280
f 998 280 997
f 997 280 288
f 997 288 993
f 993 288 287
f 993 287 994
f 994 287 294
f 994 294 297
f 1001 1002 1244
f 1244 1224 283
f 281 998 283
f 283 998 999
f 283 999 1244
f 1244 999 1000
f 1244 1000 1001
f 1025 479 1024
f 1024 479 481
f 1021 1020 1219
f 1219 1020 1019
f 481 1220 1024
f 1024 1220 1219
f 1024 1219 1023
f 1023 1219 1019
f 467 468 1032
f 1032 468 469
f 1032 469 1028
f 1028 469 471
f 1028 471 1027
f 1027 471 1026
f 1026 471 474
f 1026 474 1025
f 1025 474 477
f 1025 477 479
f 1213 1212 1030
f 1030 1212 1211
f 1030 1211 1031
f 1031 1211 1209
f 1031 1209 1032
f 1032 1209 1210
f 1032 1210 467
f 1314 1042 1041
f 1041 1040 1314
f 1314 1040 1039
f 1314 1039 633
f 633 1188 1314
f 1314 1188 1187
f 1314 1187 1042
f 1042 1187 1186
f 1042 1186 1035
f 1035 1186 1185
f 1035 1185 1036
f 1199 1208 1184
f 1184 1208 1038
f 1184 1038 1185
f 1185 1038 1037
f 1185 1037 1036
f 1021 1219 1022
f 1022 1219 1227
f 1022 1227 1017
f 1017 1227 1018
f 1018 1227 1229
f 1018 1229 1014
f 1012 641 1231
f 1014 1229 1016
f 1016 1229 1231
f 1016 1231 1015
f 1015 1231 641
f 1015 641 640
f 1237 1013 1235
f 1235 1013 1012
f 1235 1012 1233
f 1233 1012 1231
f 1239 642 1237
f 1237 642 1011
f 1237 1011 1013
f 644 642 1007
f 1007 642 1239
f 1007 1239 1008
f 1008 1239 1241
f 1008 1241 1009
f 1243 1005 1241
f 1241 1005 1010
f 1241 1010 1009
f 1002 1003 1244
f 1244 1003 1004
f 1244 1004 1243
f 1243 1004 1006
f 1243 1006 1005
f 1191 1190 685
f 984 983 1315
f 1315 983 982
f 1315 982 985
f 1194 1193 967
f 967 1193 1192
f 967 1192 985
f 985 1192 1191
f 985 1191 1315
f 1315 1191 685
f 1315 685 984
f 683 685 1177
f 1177 685 1190
f 1177 1190 1178
f 1178 1190 1189
f 1178 1189 1179
f 1179 1189 1180
f 1180 1189 1188
f 1180 1188 1176
f 1176 1188 633
f 1176 633 632
f 1247 1246 1223
f 1223 1222 1247
f 1247 1222 1242
f 1247 1242 1261
f 1261 1242 1240
f 1261 1240 1263
f 1263 1240 1238
f 1263 1238 1265
f 1265 1238 1236
f 1265 1236 1267
f 1218 1267 1216
f 1216 1267 1236
f 1216 1236 1214
f 1214 1236 1234
f 1214 1234 1215
f 1215 1234 1232
f 1215 1232 1217
f 1217 1232 1249
f 1249 1232 1230
f 1249 1230 1251
f 1251 1230 1228
f 1251 1228 1253
f 1253 1228 1226
f 1253 1226 1255
f 1255 1226 1225
f 1255 1225 1258
f 1258 1225 1221
f 1258 1221 1259
f 298 300 1316
f 485 491 1317
f 1317 491 489
f 1220 481 1317
f 1317 481 483
f 1317 483 485
f 489 487 1317
f 1317 487 1307
f 1317 1307 1220
f 1220 1307 1308
f 1220 1308 1221
f 1221 1308 1309
f 1221 1309 1259
f 1223 1246 1245
f 1271 1270 1224
f 300 285 1316
f 1316 285 283
f 1316 283 1224
f 1270 1269 1224
f 1224 1269 304
f 1224 304 1316
f 1316 304 303
f 1316 303 298
f 1274 1273 1245
f 1274 1245 1275
f 1224 1223 1271
f 1271 1223 1245
f 1271 1245 1272
f 1272 1245 1273
f 1276 1275 1277
f 1277 1275 1245
f 1277 1245 1282
f 1282 1245 1260
f 1282 1260 1292
f 1292 1260 1262
f 1264 1294 1262
f 1262 1294 1293
f 1262 1293 1292
f 1266 1296 1264
f 1264 1296 1295
f 1264 1295 1294
f 1268 1298 1266
f 1266 1298 1297
f 1266 1297 1296
f 1248 1300 1268
f 1268 1300 1299
f 1268 1299 1298
f 1250 1302 1248
f 1248 1302 1301
f 1248 1301 1300
f 1252 1304 1250
f 1250 1304 1303
f 1250 1303 1302
f 1254 1291 1252
f 1252 1291 1305
f 1252 1305 1304
f 1256 1287 1254
f 1254 1287 1289
f 1254 1289 1291
f 1259 1309 1257
f 1257 1309 1312
f 1257 1312 1311
f 1310 1306 1283
f 1311 1310 1257
f 1257 1310 1283
f 1257 1283 1256
f 1256 1283 1285
f 1256 1285 1287
f 1318 1319 1320
f 1321 1322 1323
f 1323 1322 1324
f 1323 1324 1325
f 1325 1324 1326
f 1325 1326 1320
f 1320 1326 1327
f 1320 1327 1318
f 1328 1329 1330
f 1330 1329 1331
f 1330 1331 1323
f 1323 1331 1332
f 1323 1332 1321
f 1333 1319 1318
f 1334 1335 1336
f 1337 1338 1339
f 1329 1328 1340
f 1341 1342 1343
f 1343 1342 1333
f 1344 1345 1346
f 1346 1345 1347
f 1346 1347 1341
f 1348 1349 1344
f 1344 1346 1348
f 1348 1346 1350
f 1348 1350 1351
f 1351 1350 1352
f 1351 1352 1353
f 1353 1352 1354
f 1353 1354 1355
f 1355 1354 1356
f 1355 1356 1357
f 1357 1356 1358
f 1357 1358 1359
f 1359 1358 1360
f 1359 1360 1361
f 1361 1360 1362
f 1361 1362 1363
f 1363 1362 1334
f 1363 1334 1364
f 1364 1334 1336
f 1364 1336 1365
f 1341 1343 1346
f 1346 1343 1366
f 1346 1366 1350
f 1350 1366 1367
f 1350 1367 1352
f 1352 1367 1368
f 1352 1368 1354
f 1354 1368 1369
f 1354 1369 1356
f 1356 1369 1370
f 1356 1370 1358
f 1358 1370 1371
f 1358 1371 1360
f 1360 1371 1372
f 1360 1372 1362
f 1362 1372 1337
f 1362 1337 1334
f 1334 1337 1339
f 1334 1339 1335
f 1333 1318 1343
f 1343 1318 1327
f 1343 1327 1366
f 1366 1327 1326
f 1366 1326 1367
f 1367 1326 1324
f 1367 1324 1368
f 1368 1324 1322
f 1368 1322 1369
f 1369 1322 1321
f 1369 1321 1370
f 1370 1321 1332
f 1370 1332 1371
f 1371 1332 1331
f 1371 1331 1372
f 1372 1331 1329
f 1372 1329 1337
f 1337 1329 1340
f 1337 1340 1338
f 1373 1374 1375
f 1375 1374 1376
f 1375 1376 1377
f 1377 1376 1378
f 1379 1380 1378
f 1378 1380 1381
f 1378 1381 1377
f 1382 1383 1384
f 1384 1383 1385
f 1384 1385 1379
f 1379 1385 1386
f 1379 1386 1380
f 1387 1388 1389
f 1389 1390 1387
f 1387 1390 1391
f 1387 1391 1384
f 1384 1391 1392
f 1384 1392 1382
f 1364 1365 1393
f 1393 1365 1394
f 1393 1394 1395
f 1395 1394 1396
f 1395 1396 1388
f 1388 1396 1397
f 1388 1397 1389
f 1364 1393 1363
f 1363 1393 1398
f 1363 1398 1361
f 1361 1398 1359
f 1359 1398 1399
f 1359 1399 1357
f 1357 1399 1355
f 1355 1399 1400
f 1355 1400 1353
f 1353 1400 1401
f 1353 1401 1351
f 1351 1401 1374
f 1351 1374 1348
f 1348 1374 1373
f 1348 1373 1349
f 1379 1402 1403
f 1379 1403 1384
f 1384 1403 1404
f 1384 1404 1387
f 1402 1379 1405
f 1405 1379 1378
f 1405 1378 1406
f 1406 1378 1376
f 1406 1376 1407
f 1407 1376 1374
f 1407 1374 1408
f 1408 1374 1401
f 1408 1401 1409
f 1401 1400 1409
f 1409 1400 1399
f 1409 1399 1410
f 1410 1399 1398
f 1410 1398 1411
f 1411 1398 1393
f 1411 1393 1412
f 1412 1393 1395
f 1412 1395 1413
f 1413 1395 1388
f 1413 1388 1414
f 1414 1388 1387
f 1414 1387 1415
f 1415 1387 1404
f 1394 1416 1396
f 1396 1416 1417
f 1396 1417 1397
f 1397 1417 1418
f 1397 1418 1389
f 1389 1418 1419
f 1389 1419 1390
f 1390 1419 1420
f 1390 1420 1391
f 1391 1420 1421
f 1391 1421 1392
f 1392 1421 1422
f 1392 1422 1382
f 1382 1422 1423
f 1382 1423 1383
f 1383 1423 1424
f 1383 1424 1385
f 1385 1424 1425
f 1385 1425 1386
f 1386 1425 1426
f 1386 1426 1380
f 1380 1426 1427
f 1380 1427 1381
f 1381 1427 1428
f 1381 1428 1377
f 1377 1428 1429
f 1377 1429 1375
f 1375 1429 1430
f 1375 1430 1373
f 1373 1430 1431
f 1432 1407 1433
f 1433 1407 1408
f 1433 1408 121
f 122 121 1434
f 1434 121 1408
f 1434 1408 1435
f 1435 1408 1409
f 1436 1437 1410
f 1410 1437 1438
f 1410 1438 1409
f 1409 1438 1439
f 1409 1439 1435
f 1411 1412 1440
f 1440 1441 1411
f 1411 1441 1442
f 1411 1442 1410
f 1410 1442 1443
f 1410 1443 1436
f 1444 1440 1416
f 1416 1440 1412
f 1416 1412 1417
f 1417 1412 1413
f 1417 1413 1418
f 1418 1413 1419
f 1419 1413 1414
f 1419 1414 1420
f 1420 1414 1421
f 1421 1414 1415
f 1421 1415 1422
f 1422 1415 1423
f 1423 1415 1404
f 1423 1404 1424
f 1424 1404 1403
f 1424 1403 1425
f 1425 1403 1402
f 1425 1402 1426
f 1426 1402 1427
f 1427 1402 1405
f 1427 1405 1428
f 1432 1445 1407
f 1407 1445 1431
f 1407 1431 1406
f 1406 1431 1430
f 1406 1430 1405
f 1405 1430 1429
f 1405 1429 1428
f 1446 1447 1436
f 1446 1436 1448
f 1448 1436 1443
f 1448 1443 1449
f 1443 1442 1449
f 1449 1442 1441
f 1449 1441 1450
f 1450 1441 1440
f 1450 1440 1444
f 1451 1435 1439
f 1451 1439 1452
f 1452 1439 1438
f 1452 1438 1447
f 1447 1438 1437
f 1447 1437 1436
f 130 122 1434
f 1451 1453 1435
f 1435 1453 1454
f 1435 1454 1434
f 1434 1454 118
f 1434 118 130
f 1455 1456 1450
f 1450 1456 1457
f 1457 1458 1450
f 1450 1458 1459
f 1450 1459 1449
f 1460 1461 1462
f 139 134 1463
f 1463 134 120
f 1463 120 119
f 1463 1460 139
f 139 1460 1462
f 139 1462 140
f 140 1462 1464
f 140 1464 142
f 116 115 1465
f 1465 115 138
f 1465 138 1464
f 1464 138 144
f 1464 144 142
f 1466 152 1465
f 1465 152 145
f 1465 145 116
f 156 155 1467
f 1467 155 148
f 1467 148 1466
f 1466 148 150
f 1466 150 152
f 156 1467 157
f 157 1467 1468
f 157 1468 158
f 1469 161 1468
f 1468 161 159
f 1468 159 158
f 1470 164 1469
f 1469 164 162
f 1469 162 161
f 174 168 1470
f 1470 168 166
f 1470 166 164
f 181 179 1471
f 1471 179 177
f 1471 177 1470
f 1470 177 175
f 1470 175 174
f 181 1471 184
f 184 1471 1472
f 184 1472 1473
f 1473 1474 184
f 184 1474 1475
f 184 1475 1476
f 189 187 1476
f 1476 187 185
f 1476 185 184
f 1477 1461 1478
f 1478 1461 1460
f 1478 1460 1479
f 1456 1455 1480
f 1457 1456 1481
f 1481 1456 1480
f 1481 1480 1482
f 1482 1480 1483
f 1482 1483 1484
f 1484 1483 1485
f 1484 1485 1486
f 1457 1481 1458
f 1458 1481 1487
f 1458 1487 1459
f 1459 1487 1449
f 1449 1487 1488
f 1449 1488 1448
f 1448 1488 1446
f 1446 1488 1489
f 1446 1489 1447
f 1447 1489 1452
f 1452 1489 1490
f 1452 1490 1451
f 1451 1490 1453
f 1453 1490 1491
f 1453 1491 1454
f 1492 1478 1493
f 1493 1478 1479
f 118 1454 119
f 119 1454 1491
f 119 1491 1463
f 1463 1491 1493
f 1463 1493 1460
f 1460 1493 1479
f 1494 1495 1496
f 1497 1498 1499
f 1500 1501 1502
f 1503 1504 1501
f 1501 1504 1505
f 1501 1505 1502
f 1496 1506 1494
f 1494 1506 1507
f 1494 1507 1508
f 1508 1507 1509
f 1508 1509 1510
f 1510 1509 1511
f 1510 1511 1503
f 1503 1511 1512
f 1503 1512 1504
f 505 1499 503
f 503 1499 1498
f 503 1498 504
f 505 813 1499
f 1499 813 1500
f 1499 1500 1497
f 1497 1500 1502
f 813 734 1500
f 1500 734 733
f 1500 733 1501
f 1501 733 737
f 1501 737 1503
f 1503 737 738
f 1503 738 1510
f 1510 738 744
f 1510 744 1508
f 1508 744 746
f 1508 746 1494
f 750 1495 749
f 749 1495 1494
f 749 1494 748
f 748 1494 746
f 550 557 1513
f 1514 1515 1495
f 1495 1515 1496
f 1516 1517 1518
f 1518 1519 1516
f 1516 1519 1520
f 1516 1520 1521
f 1521 1520 1522
f 1521 1522 1523
f 1523 1522 1524
f 1523 1524 1514
f 1514 1524 1525
f 1514 1525 1515
f 1526 1527 1517
f 1517 1527 1528
f 1517 1528 1518
f 551 550 1529
f 1529 550 1513
f 1529 1513 1526
f 1526 1513 1530
f 1526 1530 1527
f 1495 750 1514
f 1514 750 910
f 1514 910 1523
f 1523 910 963
f 1523 963 1521
f 1521 963 962
f 1521 962 1516
f 1516 962 911
f 1516 911 1517
f 1517 911 913
f 1517 913 1526
f 562 551 919
f 919 551 1529
f 919 1529 917
f 917 1529 1526
f 917 1526 915
f 915 1526 913
f 1462 1461 1477
f 1462 1477 1464
f 1477 1531 1464
f 1464 1531 1532
f 1464 1532 1465
f 1465 1532 1533
f 1465 1533 1466
f 1466 1533 1534
f 1466 1534 1467
f 1467 1534 1535
f 1467 1535 1468
f 1468 1535 1536
f 1468 1536 1469
f 1469 1536 1537
f 1469 1537 1470
f 1470 1537 1538
f 1470 1538 1471
f 1471 1538 1539
f 1471 1539 1472
f 1472 1539 1540
f 1472 1540 1473
f 1477 1478 1531
f 1531 1478 1492
f 1531 1492 1541
f 1541 1492 1542
f 1543 1544 1492
f 1492 1544 1545
f 1492 1545 1542
f 1546 1547 1548
f 1548 1547 1549
f 1548 1549 1550
f 1550 1549 1551
f 1550 1551 1552
f 1553 1554 1555
f 1553 1555 1556
f 1553 1556 1557
f 1553 1558 1559
f 1560 1490 1489
f 1561 1562 1563
f 1560 1489 1564
f 1490 1560 1491
f 1491 1560 1565
f 1491 1565 1493
f 1493 1565 1566
f 1493 1566 1492
f 1492 1566 1567
f 1492 1567 1543
f 1543 1567 1568
f 1543 1568 1569
f 1489 1488 1564
f 1564 1488 1487
f 1564 1487 1570
f 1570 1487 1481
f 1570 1481 1571
f 1481 1482 1571
f 1571 1482 1484
f 1571 1484 1572
f 1572 1484 1573
f 1572 1573 1563
f 1563 1573 1574
f 1563 1574 1561
f 1568 1575 1569
f 1569 1575 1576
f 1569 1576 1562
f 1562 1576 1577
f 1562 1577 1563
f 1498 1578 504
f 1579 1580 1497
f 1497 1580 1498
f 1498 1580 1581
f 1498 1581 1578
f 557 1582 1513
f 1513 1582 1583
f 1513 1583 1530
f 1530 1583 1584
f 1585 1518 1586
f 1586 1518 1528
f 1586 1528 1584
f 1584 1528 1527
f 1584 1527 1530
f 1497 1502 1579
f 1579 1502 1505
f 1579 1505 1587
f 1587 1505 1504
f 1587 1504 1588
f 1588 1504 1512
f 1588 1512 1589
f 1589 1512 1511
f 1589 1511 1590
f 1590 1511 1509
f 1590 1509 1591
f 1591 1509 1507
f 1591 1507 1592
f 1592 1507 1506
f 1592 1506 1593
f 1593 1506 1496
f 1593 1496 1594
f 1594 1496 1515
f 1594 1515 1595
f 1595 1515 1525
f 1595 1525 1596
f 1596 1525 1524
f 1596 1524 1597
f 1597 1524 1522
f 1597 1522 1598
f 1598 1522 1520
f 1598 1520 1585
f 1585 1520 1519
f 1585 1519 1518
f 1599 1540 1539
f 1543 1569 1551
f 1534 1533 1544
f 1531 1541 1532
f 1532 1541 1542
f 1532 1542 1533
f 1533 1542 1545
f 1533 1545 1544
f 1538 1600 1539
f 1539 1600 1601
f 1539 1601 1599
f 1537 1602 1538
f 1538 1602 1603
f 1538 1603 1600
f 1604 1602 1552
f 1552 1602 1537
f 1552 1537 1550
f 1550 1537 1536
f 1550 1536 1548
f 1548 1536 1546
f 1546 1536 1535
f 1546 1535 1547
f 1544 1543 1534
f 1534 1543 1551
f 1534 1551 1535
f 1535 1551 1549
f 1535 1549 1547
f 1605 1606 1577
f 1577 1606 1563
f 1606 1607 1563
f 1563 1607 1608
f 1563 1608 1572
f 1572 1608 1609
f 1572 1609 1571
f 1571 1609 1610
f 1571 1610 1570
f 1570 1610 1611
f 1570 1611 1564
f 1564 1611 1612
f 1564 1612 1560
f 1560 1612 1613
f 1560 1613 1565
f 1565 1613 1614
f 1565 1614 1566
f 1566 1614 1615
f 1566 1615 1567
f 1567 1615 1616
f 1567 1616 1568
f 1568 1616 1617
f 1568 1617 1575
f 1575 1617 1605
f 1575 1605 1576
f 1576 1605 1577
f 1551 1569 1562
f 1551 1562 1552
f 1552 1562 1618
f 1552 1618 1604
f 1553 1559 1554
f 1554 1619 1555
f 1555 1619 1620
f 1555 1620 1556
f 1556 1620 1621
f 1556 1621 1557
f 1557 1621 1622
f 1553 1557 1558
f 1323 1325 1558
f 1558 1325 1559
f 1623 1624 1625
f 1625 1624 1626
f 1627 1628 1629
f 1629 1628 1630
f 1629 1630 1623
f 1623 1630 1631
f 1623 1631 1624
f 1623 1632 1629
f 1629 1632 1633
f 1629 1633 1634
f 1634 1635 1629
f 1629 1635 1636
f 1629 1636 1627
f 1637 1638 1639
f 1639 1638 1640
f 1639 1640 1641
f 1641 1640 1642
f 1642 1640 1643
f 1642 1643 1644
f 1644 1643 1645
f 1645 1643 1646
f 1645 1646 1647
f 1618 1562 1624
f 1647 1646 1648
f 1648 1646 1618
f 1648 1618 1649
f 1649 1618 1624
f 1649 1624 1631
f 1650 1651 1561
f 1561 1651 1652
f 1561 1652 1562
f 1562 1652 1626
f 1562 1626 1624
f 1650 1561 1653
f 1653 1561 1574
f 1653 1574 1654
f 1654 1574 1655
f 1655 1574 1573
f 1655 1573 1656
f 1656 1573 1657
f 1657 1573 1484
f 1657 1484 1486
f 1658 500 502
f 502 504 1658
f 1658 504 1578
f 1658 1578 1659
f 1659 1578 1660
f 1660 1578 1581
f 1660 1581 1661
f 1661 1581 1580
f 1661 1580 1662
f 1662 1580 1579
f 1662 1579 1663
f 1663 1579 1587
f 1663 1587 1664
f 1664 1587 1588
f 1664 1588 1665
f 1665 1588 1589
f 1665 1589 1666
f 1666 1589 1590
f 1666 1590 1667
f 1667 1590 1591
f 1667 1591 1668
f 1668 1591 1592
f 1668 1592 1669
f 1669 1592 1593
f 1669 1593 1670
f 1670 1593 1594
f 1670 1594 1671
f 1671 1594 1595
f 1671 1595 1672
f 1672 1595 1596
f 1672 1596 1673
f 1673 1596 1597
f 1673 1597 1674
f 1674 1597 1598
f 1674 1598 1675
f 1675 1598 1585
f 1675 1585 1676
f 1676 1585 1586
f 1676 1586 1677
f 1677 1586 1584
f 1677 1584 1678
f 1678 1584 1583
f 1678 1583 1679
f 1583 1582 1679
f 1679 1582 557
f 1679 557 1680
f 1680 557 556
f 1680 556 558
f 1681 1474 1473
f 1473 1540 1681
f 1681 1540 1599
f 1681 1599 1601
f 1601 1600 1681
f 1681 1600 1603
f 1681 1603 1602
f 1607 1606 1618
f 1618 1606 1604
f 1606 1605 1604
f 1604 1605 1617
f 1604 1617 1602
f 1602 1617 1616
f 1602 1616 1681
f 1611 1682 1612
f 1612 1682 1683
f 1612 1683 1613
f 1608 1638 1609
f 1609 1638 1684
f 1609 1684 1610
f 1618 1646 1607
f 1607 1646 1643
f 1607 1643 1608
f 1608 1643 1640
f 1608 1640 1638
f 1616 1615 1681
f 1681 1615 1614
f 1681 1614 1685
f 1685 1614 1613
f 1685 1613 1686
f 1686 1613 1683
f 1684 1687 1610
f 1610 1687 1688
f 1610 1688 1611
f 1611 1688 1689
f 1611 1689 1682
f 1619 1554 1690
f 1690 1554 1559
f 1690 1559 1320
f 1320 1559 1325
f 1622 1621 1691
f 1691 1621 1620
f 1691 1620 1690
f 1690 1620 1619
f 1330 1323 1691
f 1691 1323 1558
f 1691 1558 1622
f 1622 1558 1557
f 1692 1693 1694
f 1694 1693 1695
f 1694 1695 1637
f 1647 1648 1696
f 1647 1696 1645
f 1641 1696 1639
f 1639 1696 1637
f 1641 1642 1696
f 1696 1642 1644
f 1696 1644 1645
f 1653 1654 1697
f 1654 1655 1697
f 1697 1655 1656
f 1697 1656 1657
f 1657 1486 1697
f 1697 1486 1485
f 1697 1485 1698
f 1698 1485 1483
f 1698 1483 1480
f 1625 1626 1699
f 1699 1626 1652
f 1699 1652 1698
f 1698 1652 1651
f 1698 1651 1697
f 1697 1651 1650
f 1697 1650 1653
f 1625 1699 1623
f 1623 1699 1700
f 1623 1700 1632
f 1635 1634 1700
f 1700 1634 1633
f 1700 1633 1632
f 1631 1630 1701
f 1701 1630 1628
f 1701 1628 1702
f 1702 1628 1627
f 1702 1627 1700
f 1700 1627 1636
f 1700 1636 1635
f 1637 1696 1694
f 1694 1696 1648
f 1694 1648 1701
f 1701 1648 1649
f 1701 1649 1631
f 128 127 1703
f 1703 127 274
f 1703 274 494
f 1704 124 128
f 1705 197 199
f 128 1703 1704
f 1704 1703 1706
f 1704 1706 1707
f 1707 1706 1708
f 1707 1708 1709
f 1709 1708 1710
f 1709 1710 1711
f 1711 1710 1712
f 1711 1712 1713
f 1713 1712 1714
f 1713 1714 1715
f 1715 1714 1716
f 1715 1716 1717
f 1717 1716 1718
f 1717 1718 1719
f 1719 1718 1720
f 1719 1720 1721
f 1721 1720 1722
f 1721 1722 1723
f 1723 1722 1724
f 1723 1724 1725
f 1725 1724 1726
f 1725 1726 1727
f 1727 1726 1728
f 1727 1728 1729
f 1729 1728 1730
f 1729 1730 1731
f 1731 1730 1732
f 1731 1732 1733
f 1733 1732 1734
f 1733 1734 1735
f 1735 1734 1736
f 1735 1736 1737
f 1737 1736 1705
f 1737 1705 1738
f 1738 1705 199
f 1738 199 196
f 1739 558 559
f 1739 559 1740
f 1740 559 555
f 1740 555 554
f 558 1739 1680
f 1680 1739 1741
f 1680 1741 1679
f 1679 1741 1742
f 1679 1742 1678
f 1678 1742 1677
f 1677 1742 1743
f 1677 1743 1676
f 1676 1743 1744
f 1676 1744 1675
f 1745 1671 1746
f 1746 1671 1672
f 1746 1672 1747
f 1747 1672 1673
f 1747 1673 1744
f 1744 1673 1674
f 1744 1674 1675
f 1666 1667 1748
f 1748 1667 1668
f 1748 1668 1749
f 1749 1668 1669
f 1749 1669 1745
f 1745 1669 1670
f 1745 1670 1671
f 1666 1748 1665
f 1665 1748 1750
f 1665 1750 1664
f 1664 1750 1751
f 1664 1751 1663
f 1663 1751 1752
f 1663 1752 1662
f 1662 1752 1661
f 1661 1752 1753
f 1661 1753 1660
f 1660 1753 1754
f 1660 1754 1659
f 1755 500 1754
f 1754 500 1658
f 1754 1658 1659
f 1756 497 1755
f 1755 497 499
f 1755 499 500
f 431 197 554
f 554 197 1705
f 554 1705 1740
f 1740 1705 1736
f 1740 1736 1739
f 1739 1736 1734
f 1739 1734 1741
f 1741 1734 1732
f 1741 1732 1742
f 1742 1732 1730
f 1742 1730 1743
f 1743 1730 1728
f 1743 1728 1744
f 1744 1728 1726
f 1744 1726 1747
f 1747 1726 1724
f 1747 1724 1746
f 1746 1724 1722
f 1746 1722 1745
f 1745 1722 1720
f 1745 1720 1749
f 1749 1720 1718
f 1749 1718 1748
f 1748 1718 1716
f 1748 1716 1750
f 1750 1716 1714
f 1750 1714 1751
f 1751 1714 1712
f 1751 1712 1752
f 1752 1712 1710
f 1752 1710 1753
f 1753 1710 1708
f 1753 1708 1754
f 1754 1708 1706
f 1754 1706 1755
f 1755 1706 1703
f 1755 1703 1756
f 1756 1703 494
f 1756 494 497
f 123 125 1445
f 1445 1432 123
f 123 1432 1433
f 123 1433 121
f 1687 1692 1757
f 1692 1687 1693
f 1693 1687 1684
f 1693 1684 1695
f 1695 1684 1638
f 1695 1638 1637
f 1474 1681 1475
f 1475 1681 1685
f 1686 189 1685
f 1685 189 1476
f 1685 1476 1475
f 190 189 1758
f 1758 189 1686
f 1758 1686 1759
f 1759 1686 1683
f 1759 1683 1760
f 1760 1683 1761
f 1761 1683 1682
f 1761 1682 1762
f 1762 1682 1763
f 1763 1682 1689
f 1763 1689 1764
f 1764 1689 1765
f 1765 1689 1688
f 1765 1688 1766
f 1757 1767 1687
f 1687 1767 1768
f 1687 1768 1688
f 1688 1768 1769
f 1688 1769 1766
f 1444 1416 1394
f 125 124 1704
f 1770 195 1771
f 1771 195 1772
f 1698 1480 1455
f 1691 1690 1330
f 1330 1690 1320
f 1365 1336 1709
f 1319 1333 1445
f 1373 1431 1349
f 1349 1431 1445
f 1757 1731 1733
f 1338 1340 1707
f 1319 1445 1320
f 1347 1345 1445
f 1445 1345 1344
f 1445 1344 1349
f 1757 1733 1773
f 1757 1692 1731
f 1731 1692 1694
f 1731 1694 1729
f 1729 1694 1701
f 1336 1335 1709
f 1709 1335 1707
f 1707 1335 1339
f 1707 1339 1338
f 1333 1342 1445
f 1445 1342 1341
f 1445 1341 1347
f 196 195 1738
f 1738 195 1770
f 1738 1770 1737
f 1737 1770 1773
f 1737 1773 1735
f 1735 1773 1733
f 1699 1719 1700
f 1700 1719 1721
f 1700 1721 1702
f 1445 125 1320
f 1320 125 1704
f 1320 1704 1330
f 1330 1704 1707
f 1330 1707 1328
f 1328 1707 1340
f 1394 1365 1444
f 1444 1365 1709
f 1444 1709 1450
f 1450 1709 1711
f 1450 1711 1455
f 1455 1711 1713
f 1455 1713 1698
f 1698 1713 1715
f 1698 1715 1699
f 1699 1715 1717
f 1699 1717 1719
f 1721 1723 1702
f 1702 1723 1725
f 1702 1725 1701
f 1701 1725 1727
f 1701 1727 1729
f 1767 1757 1773
f 1766 1769 1773
f 1773 1769 1768
f 1773 1768 1767
f 1762 1763 1770
f 1770 1763 1764
f 1770 1764 1773
f 1773 1764 1765
f 1773 1765 1766
f 1771 1772 194
f 1762 1770 1761
f 1761 1770 1771
f 1761 1771 1760
f 1760 1771 194
f 1760 194 191
f 190 1758 191
f 191 1758 1759
f 191 1759 1760
f 1772 195 194

