# https://github.com/mikedh/trimesh

o right_finger5_tip_link.STL
v -0.00226808 0.00205966 -0.00417083
v -0.00226440 0.00193380 -0.00374109
v -0.00497056 0.00209613 -0.00446709
v -0.00500981 0.00209614 -0.00446709
v -0.00498638 0.00203113 -0.00404101
v -0.00498945 0.00194078 -0.00375868
v -0.00501962 0.00174325 -0.00336912
v -0.00226047 0.00179048 -0.00344709
v -0.00225427 0.00152940 -0.00308315
v -0.00505261 0.00157455 -0.00313626
v -0.00225244 0.00144126 -0.00298815
v -0.00507961 0.00144115 -0.00298803
v -0.00224972 0.00129696 -0.00285326
v -0.00511576 0.00125838 -0.00282092
v -0.00224422 0.00093014 -0.00259623
v -0.00515921 0.00101995 -0.00264961
v -0.00224109 0.00063464 -0.00245619
v -0.00521733 0.00062617 -0.00245291
v -0.00223834 0.00020345 -0.00233505
v -0.00525645 0.00020345 -0.00233506
v -0.00502318 0.00207388 -0.00494466
v -0.00226671 0.00207414 -0.00494296
v -0.00498242 0.00209994 -0.00459968
v -0.00226875 0.00209994 -0.00459938
v -0.00226890 0.00209761 -0.00449589
v -0.00518417 0.00173255 -0.00584639
v -0.00526779 0.00143349 -0.00621849
v -0.00223261 0.00144126 -0.00621062
v -0.00224358 0.00165966 -0.00595270
v -0.00225284 0.00183240 -0.00567601
v -0.00509900 0.00194969 -0.00541704
v -0.00225821 0.00192891 -0.00546973
v -0.00226242 0.00200247 -0.00526186
v -0.00541703 0.00020345 -0.00686370
v -0.00219291 0.00020345 -0.00686370
v -0.00541568 0.00024808 -0.00685530
v -0.00219633 0.00040690 -0.00681785
v -0.00538738 0.00068500 -0.00672228
v -0.00220403 0.00071618 -0.00670901
v -0.00533364 0.00110038 -0.00649645
v -0.00221779 0.00110744 -0.00649159
v -0.00222887 0.00136211 -0.00628747
v 0.00215875 0.00389311 -0.01647505
v 0.00227065 0.00387300 -0.01659938
v 0.00227065 0.00525767 -0.01659938
v 0.00090151 0.00399919 -0.01481428
v 0.00091565 0.00389994 -0.01483547
v 0.00156726 0.00389994 -0.01574956
v 0.00089685 0.00410024 -0.01480718
v -0.00140649 -0.00025006 -0.01055415
v -0.00140570 0.00191211 -0.01055476
v -0.00142792 0.00516402 -0.01049224
v -0.00140429 0.00409962 -0.01055564
v -0.00137702 0.00517435 -0.01062335
v -0.00093865 0.00409975 -0.01162362
v -0.00102496 0.00522147 -0.01143905
v -0.00154100 -0.00025006 -0.01018927
v -0.00173355 0.00507445 -0.00958078
v -0.00171521 -0.00025006 -0.00964895
v -0.00197847 0.00495053 -0.00854627
v -0.00190337 -0.00025006 -0.00891811
v -0.00213987 0.00481508 -0.00743553
v -0.00223336 0.00467680 -0.00617348
v -0.00214413 -0.00025006 -0.00740518
v -0.00216678 -0.00019978 -0.00717544
v -0.00218455 -0.00003675 -0.00697028
v -0.00225935 0.00445387 -0.00340922
v -0.00226821 0.00452319 -0.00442760
v -0.00223176 -0.00018702 -0.00204925
v -0.00223628 -0.00001353 -0.00224550
v -0.00222600 -0.00025006 -0.00179359
v -0.00222390 -0.00025006 -0.00169534
v -0.00222198 0.00375014 -0.00159938
v -0.00222198 -0.00025006 -0.00159939
v -0.00224857 0.00442127 -0.00282004
v -0.00223318 0.00418475 -0.00212124
v -0.00222366 0.00385688 -0.00168493
v -0.00222700 0.00400796 -0.00184379
v -0.00063452 0.00523894 -0.01222854
v -0.00063557 0.00409991 -0.01222865
v -0.00049239 0.00523940 -0.01249698
v -0.00037181 0.00409991 -0.01272078
v 0.00024647 0.00521726 -0.01378605
v 0.00037570 0.00410007 -0.01399856
v 0.00100360 0.00519302 -0.01496334
v 0.00166642 0.00520367 -0.01587766
v 0.00204829 0.00389994 -0.01634803
v -0.00497627 -0.00025006 -0.00165204
v -0.00509550 -0.00025006 -0.00173431
v -0.00514922 -0.00025006 -0.00179358
v -0.00475394 -0.00025006 -0.00159938
v -0.00481997 -0.00025006 -0.00160391
v -0.00486470 -0.00025006 -0.00161214
v -0.00466581 0.00071642 -0.00159939
v -0.00280713 0.00383223 -0.00166353
v -0.00286557 0.00390436 -0.00172937
v -0.00349652 0.00342993 -0.00172389
v -0.00287314 0.00400971 -0.00184596
v -0.00282988 0.00411239 -0.00205377
v -0.00360618 0.00355450 -0.00203549
v -0.00276103 0.00415049 -0.00205637
v -0.00431545 0.00276277 -0.00203653
v -0.00468494 0.00215997 -0.00204393
v -0.00427301 0.00273182 -0.00186910
v -0.00468514 0.00215463 -0.00202648
v -0.00469296 0.00212714 -0.00199579
v -0.00469826 0.00211099 -0.00198448
v -0.00476673 0.00191098 -0.00190933
v -0.00478970 0.00182255 -0.00187716
v -0.00487070 0.00156988 -0.00184360
v -0.00339298 0.00331391 -0.00163146
v -0.00268971 0.00377649 -0.00161886
v -0.00499854 0.00078192 -0.00173239
v -0.00525310 -0.00017783 -0.00206605
v -0.00522299 -0.00023364 -0.00192697
v -0.00515471 0.00081258 -0.00206046
v -0.00510837 0.00080355 -0.00188549
v -0.00486858 0.00176433 -0.00204934
v -0.00484297 0.00075130 -0.00163372
v -0.00454223 0.00171623 -0.00163264
v -0.00437891 0.00164600 -0.00159939
v -0.00405424 0.00257602 -0.00163156
v -0.00391102 0.00247446 -0.00159938
v -0.00327609 0.00318323 -0.00159937
v -0.00258610 0.00367817 -0.00159937
v -0.00245176 0.00375014 -0.00159938
v -0.00418111 0.00266616 -0.00172427
v -0.00468638 0.00177819 -0.00172826
v -0.00357154 0.00351449 -0.00186838
v -0.00287651 0.00399358 -0.00182624
v -0.00401055 0.00314679 -0.00203398
v -0.00249788 0.00430741 -0.00242775
v -0.00268254 0.00420012 -0.00215314
v -0.00216697 0.00590925 -0.01813492
v -0.00187965 0.00589333 -0.01777438
v -0.00223474 0.00695405 -0.02194312
v 0.00316571 0.00641477 -0.02194312
v 0.00261840 0.00666759 -0.02194312
v 0.00207116 0.00534444 -0.01659939
v -0.00608451 -0.00220036 -0.01732483
v -0.00588814 -0.00216479 -0.01659175
v -0.00608209 -0.00148096 -0.01659365
v -0.00644635 -0.00112613 -0.01769242
v -0.00627855 -0.00223392 -0.01805092
v -0.00619485 -0.00079225 -0.01660740
v -0.00648734 -0.00042757 -0.01760510
v -0.00622198 -0.00020006 -0.01659938
v -0.00647883 0.00026972 -0.01762369
v -0.00611867 0.00090859 -0.01659939
v -0.00642107 0.00096545 -0.01774773
v -0.00631223 0.00166776 -0.01798108
v -0.00604721 0.00123756 -0.01659938
v -0.00572952 0.00218049 -0.01659939
v -0.00506971 0.00333540 -0.01659938
v -0.00587207 0.00325526 -0.01892404
v -0.00615318 0.00236361 -0.01832189
v -0.00471985 0.00377044 -0.01659917
v -0.00477199 0.00387365 -0.01699938
v -0.00590145 0.00394199 -0.02044125
v -0.00618172 0.00321406 -0.01984021
v -0.00630024 0.00243028 -0.01892438
v -0.00640752 0.00247355 -0.01935597
v -0.00660867 0.00155348 -0.01892461
v 0.00367702 0.00510831 -0.01878795
v 0.00396445 0.00511119 -0.01944624
v 0.00376577 0.00607132 -0.02194313
v 0.00415698 0.00516765 -0.02006014
v 0.00427665 0.00528737 -0.02068875
v 0.00431808 0.00543699 -0.02121962
v 0.00428233 0.00571125 -0.02194312
v 0.00282439 0.00520599 -0.01736556
v 0.00333361 0.00514294 -0.01815912
v 0.00237890 0.00676182 -0.02194313
v 0.00155727 0.00701566 -0.02194313
v 0.00079326 0.00571342 -0.01659939
v 0.00103555 0.00712463 -0.02194312
v 0.00044651 0.00576258 -0.01659938
v 0.00071181 0.00717290 -0.02194312
v -0.00014615 0.00723141 -0.02194312
v -0.00053453 0.00579180 -0.01659938
v -0.00060911 0.00722170 -0.02194312
v -0.00100513 0.00719042 -0.02194312
v -0.00185362 0.00705047 -0.02194313
v -0.00172393 0.00582949 -0.01739728
v -0.00167199 0.00573249 -0.01699938
v -0.00172449 0.00560877 -0.01659939
v -0.00332942 0.00553352 -0.01854565
v -0.00322199 0.00559157 -0.01854938
v -0.00347399 0.00648253 -0.02194312
v -0.00268026 0.00681345 -0.02194312
v -0.00283116 0.00576319 -0.01849931
v -0.00244699 0.00587198 -0.01834172
v -0.00471411 0.00410161 -0.01741898
v -0.00456432 0.00438484 -0.01777439
v -0.00557619 0.00463811 -0.02113878
v -0.00441646 0.00459650 -0.01798717
v -0.00520112 0.00531725 -0.02194313
v -0.00399699 0.00505062 -0.01834172
v -0.00492078 0.00555788 -0.02194312
v -0.00368443 0.00530522 -0.01847878
v -0.00422417 0.00606212 -0.02194312
v -0.00376146 0.00633481 -0.02194312
v -0.00317199 0.00084994 -0.01614938
v -0.00317198 0.00219994 -0.01614938
v -0.00274698 0.00084994 -0.01626325
v -0.00274698 0.00219994 -0.01626325
v -0.00243586 0.00084994 -0.01657438
v -0.00243586 0.00219994 -0.01657438
v -0.00232199 0.00084994 -0.01699939
v -0.00232198 0.00219994 -0.01699938
v -0.00243586 0.00084994 -0.01742438
v -0.00243586 0.00219994 -0.01742438
v -0.00274698 0.00084994 -0.01773551
v -0.00274698 0.00219994 -0.01773551
v -0.00317198 0.00084994 -0.01784938
v -0.00317198 0.00219994 -0.01784938
v -0.00359699 0.00084994 -0.01773551
v -0.00359699 0.00219994 -0.01773551
v -0.00390811 0.00084994 -0.01742439
v -0.00390811 0.00219994 -0.01742439
v -0.00402198 0.00084994 -0.01699937
v -0.00402198 0.00219994 -0.01699938
v -0.00390811 0.00084994 -0.01657438
v -0.00390811 0.00219994 -0.01657438
v -0.00359698 0.00084994 -0.01626325
v -0.00359698 0.00219994 -0.01626326
v -0.00542511 -0.00005146 -0.00698205
v -0.00542088 0.00006821 -0.00690638
v -0.00543542 -0.00019594 -0.00716727
v -0.00544947 -0.00025006 -0.00740518
v 0.00380233 0.00612883 -0.02246077
v 0.00319677 0.00647543 -0.02246076
v 0.00427951 0.00572038 -0.02196430
v 0.00420057 0.00585725 -0.02246076
v 0.00423457 0.00581385 -0.02221773
v 0.00427652 0.00572944 -0.02198591
v -0.00503522 0.00554314 -0.02229888
v -0.00495757 0.00561289 -0.02236570
v -0.00492270 0.00564356 -0.02242285
v -0.00491584 0.00564953 -0.02246076
v -0.00426087 0.00611955 -0.02246075
v 0.00157358 0.00708184 -0.02246076
v 0.00240275 0.00682567 -0.02246076
v -0.00014546 0.00729955 -0.02246077
v 0.00072037 0.00724050 -0.02246077
v -0.00186858 0.00711696 -0.02246076
v -0.00101231 0.00725818 -0.02246076
v -0.00270280 0.00687776 -0.02246077
v -0.00350381 0.00654380 -0.02246075
v -0.00606203 0.00266182 -0.02009688
v -0.00608200 0.00244994 -0.02005406
v -0.00600677 0.00284055 -0.02021539
v -0.00592436 0.00295818 -0.02039210
v -0.00582771 0.00299994 -0.02059938
v -0.00350381 0.00654380 -0.02558301
v -0.00257064 0.00692271 -0.02758420
v -0.00257064 0.00299994 -0.02758420
v -0.00608200 -0.00305006 -0.02005407
v -0.00606203 -0.00326193 -0.02009688
v -0.00618982 -0.00355645 -0.01982283
v -0.00600677 -0.00344067 -0.02021540
v -0.00591230 -0.00427984 -0.02041797
v -0.00592436 -0.00355830 -0.02039211
v -0.00582771 -0.00360006 -0.02059939
v -0.00581786 -0.00360006 -0.02062052
v -0.00558406 -0.00498895 -0.02112192
v -0.00654763 -0.00227772 -0.01905551
v -0.00660867 -0.00195360 -0.01892461
v -0.00581786 0.00299994 -0.02062051
v -0.00499374 0.00558061 -0.02238784
v -0.00491494 0.00565025 -0.02255683
v -0.00423433 0.00613643 -0.02401642
v -0.00257064 -0.00703804 -0.02758420
v -0.00269524 -0.00699098 -0.02731700
v -0.00257064 -0.00360006 -0.02758420
v -0.00346946 -0.00663911 -0.02565668
v -0.00419887 -0.00620210 -0.02409245
v -0.00487411 -0.00568557 -0.02264438
v -0.00548250 -0.00510049 -0.02133971
v 0.00057222 -0.00020006 -0.01850813
v 0.00057222 -0.00330006 -0.01850813
v 0.00065754 -0.00330006 -0.01871021
v 0.00065753 0.00244994 -0.01871020
v 0.00057222 0.00244994 -0.01850813
v 0.00065086 -0.00330006 -0.01891920
v 0.00065086 0.00244994 -0.01891920
v 0.00054598 -0.00330006 -0.01912359
v 0.00054598 0.00244994 -0.01912360
v 0.00042725 0.00244994 -0.01922405
v 0.00034848 -0.00330006 -0.01926357
v 0.00034848 0.00244994 -0.01926357
v 0.00016581 -0.00330006 -0.01929939
v 0.00016581 0.00244994 -0.01929938
v 0.00047116 0.00269994 -0.01836871
v 0.00057824 0.00257639 -0.01851650
v 0.00059568 0.00269990 -0.01854092
v 0.00047116 -0.00330006 -0.01836871
v 0.00034115 0.00269994 -0.01819292
v 0.00034115 -0.00330006 -0.01819292
v -0.00237827 -0.00020006 -0.01425468
v -0.00237810 0.00269994 -0.01425410
v -0.00257745 0.00269994 -0.01400608
v -0.00284417 0.00269994 -0.01383253
v -0.00284416 -0.00330006 -0.01383253
v -0.00257745 -0.00330006 -0.01400608
v -0.00237810 -0.00330006 -0.01425410
v -0.00601087 0.00244994 -0.02009938
v -0.00601087 -0.00305006 -0.02009938
v -0.00532198 0.00244994 -0.02009938
v -0.00532198 -0.00305006 -0.02009939
v -0.00495037 -0.00305006 -0.02006456
v -0.00482874 0.00244994 -0.02003761
v -0.00459169 -0.00305006 -0.01996129
v -0.00459169 0.00244994 -0.01996128
v -0.00425845 -0.00305006 -0.01979316
v -0.00436596 0.00244994 -0.01985609
v -0.00396225 -0.00305006 -0.01956605
v -0.00396225 0.00244994 -0.01956605
v -0.00364753 -0.00305006 -0.01936844
v -0.00364753 0.00244994 -0.01936843
v -0.00328238 -0.00305006 -0.01929938
v -0.00328238 0.00244994 -0.01929938
v -0.00175365 -0.00305006 -0.01929937
v -0.00148585 -0.00311313 -0.01929937
v 0.00292234 -0.00330006 -0.01929938
v 0.00281968 -0.00354097 -0.01929938
v 0.00277110 -0.00368174 -0.01929938
v 0.00232300 -0.00545006 -0.01929937
v -0.00018110 -0.00545006 -0.01929938
v 0.00232300 -0.00455006 -0.01929937
v -0.00018110 -0.00455006 -0.01929938
v -0.00030321 -0.00441809 -0.01929937
v -0.00043043 -0.00429119 -0.01929937
v -0.00064602 -0.00407455 -0.01929939
v -0.00089422 -0.00389795 -0.01929938
v -0.00101435 -0.00381445 -0.01929938
v 0.00232642 -0.00454860 -0.01929939
v 0.00256735 -0.00412572 -0.01929937
v 0.00266139 -0.00391079 -0.01929938
v -0.00127437 -0.00328910 -0.01929939
v -0.00116365 -0.00354097 -0.01929939
v -0.00111629 -0.00367940 -0.01929938
v 0.00033160 0.00294994 -0.02966592
v 0.00155847 0.00294994 -0.02962656
v 0.00125507 0.00294994 -0.02759316
v 0.00165301 0.00294994 -0.02742833
v 0.00270494 0.00294994 -0.02918797
v 0.00199474 0.00294994 -0.02716611
v 0.00364483 0.00294994 -0.02839845
v 0.00225696 0.00294994 -0.02682438
v 0.00427470 0.00294994 -0.02734487
v 0.00242179 0.00294994 -0.02642643
v 0.00082802 0.00294994 -0.02764937
v 0.00040096 0.00294994 -0.02759316
v -0.00084063 0.00294994 -0.02930175
v 0.00000302 0.00294994 -0.02742833
v -0.00182921 0.00294994 -0.02857410
v -0.00033871 0.00294994 -0.02716611
v -0.00252532 0.00294994 -0.02756307
v -0.00060093 0.00294994 -0.02682438
v -0.00076576 0.00294994 -0.02642644
v -0.00082199 0.00294994 -0.02599939
v -0.00577254 0.00294994 -0.02059938
v -0.00076576 0.00294994 -0.02557233
v -0.00060093 0.00294994 -0.02517438
v 0.00427665 0.00294994 -0.02068876
v 0.00414879 0.00294994 -0.02002809
v 0.00165302 0.00294994 -0.02457044
v -0.00362231 0.00294994 -0.01993271
v -0.00412695 0.00294994 -0.02029526
v -0.00033871 0.00294994 -0.02483265
v -0.00470542 0.00294994 -0.02052216
v -0.00532198 0.00294994 -0.02059937
v -0.00346495 0.00294994 -0.01983391
v 0.00000302 0.00294994 -0.02457043
v -0.00328238 0.00294994 -0.01979938
v 0.00040096 0.00294994 -0.02440560
v 0.00346558 0.00294994 -0.01979939
v 0.00247802 0.00294994 -0.02599937
v 0.00452522 0.00294994 -0.02614322
v 0.00242179 0.00294994 -0.02557232
v 0.00436881 0.00294994 -0.02492572
v 0.00225696 0.00294994 -0.02517438
v 0.00411500 0.00294994 -0.02345069
v 0.00199474 0.00294994 -0.02483265
v 0.00423106 0.00294994 -0.02195851
v 0.00431281 0.00294994 -0.02161112
v 0.00082802 0.00294994 -0.02434939
v 0.00125507 0.00294994 -0.02440560
v 0.00360969 0.00294994 -0.01981695
v 0.00374537 0.00294994 -0.01986862
v 0.00427651 0.00299994 -0.02198594
v 0.00441666 0.00299994 -0.02491121
v 0.00416495 0.00299994 -0.02344839
v 0.00427652 0.00561905 -0.02198592
v 0.00416495 0.00588310 -0.02344838
v 0.00424589 0.00582390 -0.02419048
v 0.00441666 0.00569341 -0.02491121
v 0.00379170 0.00613558 -0.02446624
v 0.00375466 0.00615890 -0.02439512
v -0.00251806 0.00693984 -0.02599915
v -0.00251388 0.00694118 -0.02583268
v -0.00250912 0.00694270 -0.02575726
v -0.00249899 0.00694593 -0.02634781
v -0.00240366 0.00697562 -0.02686178
v -0.00238734 0.00698056 -0.02692157
v -0.00220359 0.00703342 -0.02742065
v -0.00226200 0.00701717 -0.02812407
v -0.00194051 0.00710040 -0.02788330
v -0.00186858 0.00711696 -0.02860531
v -0.00187400 0.00711574 -0.02797745
v -0.00159057 0.00717401 -0.02831729
v -0.00139748 0.00720725 -0.02901761
v -0.00119392 0.00723670 -0.02867108
v -0.00086318 0.00727248 -0.02934637
v -0.00077451 0.00727956 -0.02893942
v -0.00014546 0.00729955 -0.02962083
v -0.00028778 0.00729965 -0.02915589
v -0.00014781 0.00729957 -0.02920235
v 0.00032489 0.00727998 -0.02971547
v 0.00026622 0.00728404 -0.02930215
v 0.00095137 0.00720759 -0.02974735
v 0.00077694 0.00723312 -0.02935068
v 0.00097609 0.00720363 -0.02934766
v 0.00156834 0.00708313 -0.02967557
v 0.00147750 0.00710486 -0.02928549
v 0.00157507 0.00708146 -0.02926418
v 0.00217290 0.00690730 -0.02949992
v 0.00196651 0.00697354 -0.02914743
v 0.00203857 0.00695116 -0.02912022
v 0.00273030 0.00669443 -0.02923107
v 0.00251630 0.00678219 -0.02888946
v 0.00273354 0.00669305 -0.02875144
v 0.00319678 0.00647543 -0.02890652
v 0.00295255 0.00659497 -0.02858648
v 0.00300883 0.00656839 -0.02853921
v 0.00320299 0.00647224 -0.02835789
v 0.00368290 0.00620321 -0.02843087
v 0.00337599 0.00638056 -0.02816729
v 0.00404314 0.00596912 -0.02792953
v 0.00360102 0.00625243 -0.02786336
v 0.00368067 0.00620457 -0.02773540
v 0.00432128 0.00576725 -0.02736305
v 0.00392954 0.00604613 -0.02722632
v 0.00449822 0.00562829 -0.02676887
v 0.00406968 0.00595068 -0.02677555
v 0.00457518 0.00556511 -0.02614516
v 0.00347043 0.00632804 -0.02395062
v 0.00311926 0.00651456 -0.02355963
v 0.00414575 0.00589690 -0.02630299
v 0.00415956 0.00588698 -0.02599938
v 0.00454679 0.00558862 -0.02551645
v 0.00414293 0.00589892 -0.02566626
v 0.00406011 0.00595735 -0.02518373
v 0.00391036 0.00605883 -0.02472508
v -0.00014786 0.00729958 -0.02279582
v -0.00031828 0.00729932 -0.02285330
v -0.00127056 0.00722628 -0.02338660
v -0.00082956 0.00727529 -0.02308916
v -0.00039498 0.00729795 -0.02288242
v -0.00167197 0.00715844 -0.02376755
v -0.00187826 0.00711478 -0.02402526
v -0.00201591 0.00708224 -0.02423258
v -0.00225755 0.00701842 -0.02471058
v -0.00242631 0.00696869 -0.02523253
v 0.00127006 0.00715003 -0.02267767
v 0.00075786 0.00723566 -0.02264784
v 0.00068176 0.00724529 -0.02265035
v 0.00017750 0.00728930 -0.02271269
v 0.00267813 0.00671654 -0.02321043
v 0.00226007 0.00687733 -0.02297449
v 0.00176129 0.00703297 -0.02278377
v 0.00157532 0.00708141 -0.02273452
v 0.00457518 0.00299994 -0.02614515
v 0.00432128 0.00299994 -0.02736306
v 0.00368290 0.00299994 -0.02843087
v 0.00273030 0.00299994 -0.02923107
v 0.00156834 0.00299994 -0.02967558
v 0.00032489 0.00299994 -0.02971547
v -0.00086318 0.00299994 -0.02934638
v -0.00186512 0.00299994 -0.02860889
v -0.00578240 0.00294949 -0.02057825
v -0.00600813 0.00252636 -0.02010526
v -0.00598109 0.00269009 -0.02016083
v -0.00592548 0.00283151 -0.02027626
v -0.00585782 0.00291633 -0.02041914
v 0.00066161 0.00253825 -0.01890029
v 0.00061692 0.00252282 -0.01902877
v 0.00063235 0.00259727 -0.01904167
v 0.00066811 0.00269994 -0.01868129
v 0.00068842 0.00266666 -0.01878927
v 0.00069831 0.00269994 -0.01881347
v 0.00067002 0.00255885 -0.01876538
v 0.00067769 0.00262714 -0.01891791
v 0.00069210 0.00269994 -0.01899002
v 0.00048339 0.00263919 -0.01925659
v 0.00055188 0.00269994 -0.01925896
v 0.00063487 0.00269994 -0.01915347
v 0.00041936 0.00269994 -0.01933923
v 0.00036734 0.00264880 -0.01931937
v 0.00045244 0.00257497 -0.01923779
v 0.00043360 0.00251192 -0.01922731
v 0.00030925 0.00251702 -0.01928407
v 0.00033150 0.00258363 -0.01929723
v 0.00019098 0.00258126 -0.01931698
v 0.00026082 0.00269994 -0.01936636
v 0.00055547 0.00257945 -0.01915087
v 0.00058297 0.00264746 -0.01917009
v 0.00065843 0.00267377 -0.01906501
v -0.00532198 0.00291188 -0.02040803
v -0.00532199 0.00280349 -0.02024583
v -0.00532198 0.00264128 -0.02013744
v -0.00434777 0.00264128 -0.01988953
v -0.00393637 0.00264128 -0.01959396
v -0.00475261 0.00291188 -0.02033673
v -0.00421842 0.00291188 -0.02012721
v -0.00429596 0.00280350 -0.01998472
v -0.00375240 0.00291188 -0.01979240
v -0.00479262 0.00280350 -0.02017952
v -0.00481935 0.00264128 -0.02007448
v -0.00379228 0.00288295 -0.01974939
v -0.00386268 0.00280349 -0.01967344
v -0.00391670 0.00269994 -0.01961518
v -0.00355624 0.00288295 -0.01960117
v -0.00362306 0.00269994 -0.01943079
v -0.00328238 0.00269994 -0.01936637
v -0.00328238 0.00280350 -0.01944582
v -0.00328238 0.00288296 -0.01954938
v 0.00346558 0.00269994 -0.01936636
v 0.00346558 0.00280350 -0.01944583
v 0.00346558 0.00283161 -0.01947639
v 0.00346558 0.00291943 -0.01962739
v 0.00386195 0.00288295 -0.01964746
v 0.00394730 0.00269994 -0.01948556
v 0.00371370 0.00269994 -0.01939660
v 0.00365101 0.00291943 -0.01964998
v 0.00368728 0.00283162 -0.01950340
v 0.00043979 0.00309994 -0.02455049
v 0.00007802 0.00309994 -0.02470034
v -0.00023264 0.00309994 -0.02493872
v -0.00047102 0.00309994 -0.02524938
v -0.00062087 0.00309994 -0.02561116
v -0.00067199 0.00309994 -0.02599939
v -0.00062087 0.00309994 -0.02638761
v -0.00047102 0.00309994 -0.02674938
v -0.00023265 0.00309994 -0.02706005
v 0.00007802 0.00309994 -0.02729842
v 0.00043979 0.00309994 -0.02744827
v 0.00082802 0.00309994 -0.02749939
v 0.00121624 0.00309994 -0.02744827
v 0.00157802 0.00309994 -0.02729843
v 0.00188868 0.00309994 -0.02706004
v 0.00212705 0.00309994 -0.02674938
v 0.00227690 0.00309994 -0.02638761
v 0.00232802 0.00309994 -0.02599938
v 0.00227690 0.00309994 -0.02561115
v 0.00212705 0.00309994 -0.02524939
v 0.00188868 0.00309994 -0.02493872
v 0.00157802 0.00309994 -0.02470034
v 0.00121624 0.00309994 -0.02455050
v 0.00082802 0.00309994 -0.02449938
v 0.00283922 0.00653965 -0.02855233
v 0.00361666 0.00613953 -0.02433025
v 0.00381950 0.00601605 -0.02472914
v 0.00384640 0.00599868 -0.02479447
v 0.00339846 0.00626135 -0.02401058
v 0.00331737 0.00630465 -0.02390998
v 0.00304058 0.00644526 -0.02361882
v 0.00261958 0.00663597 -0.02328778
v 0.00245373 0.00670275 -0.02318521
v 0.00211575 0.00682421 -0.02301539
v 0.00163527 0.00696441 -0.02285123
v 0.00139336 0.00702135 -0.02279893
v 0.00107634 0.00708344 -0.02275888
v 0.00056762 0.00715573 -0.02275983
v 0.00026671 0.00718301 -0.02279822
v 0.00006603 0.00719459 -0.02283998
v 0.00000446 0.00719704 -0.02285546
v -0.00048010 0.00719708 -0.02302426
v -0.00079713 0.00717827 -0.02318488
v -0.00092902 0.00716615 -0.02326528
v -0.00134934 0.00711197 -0.02358657
v -0.00168613 0.00705288 -0.02393986
v -0.00198775 0.00698906 -0.02437644
v -0.00216108 0.00694745 -0.02472353
v -0.00222496 0.00693069 -0.02488500
v -0.00236363 0.00688920 -0.02538628
v -0.00242042 0.00686980 -0.02589860
v -0.00242182 0.00686937 -0.02596657
v -0.00238513 0.00688208 -0.02648743
v -0.00226047 0.00691816 -0.02701118
v -0.00222594 0.00692728 -0.02711107
v -0.00205536 0.00697050 -0.02749892
v -0.00184400 0.00702125 -0.02784948
v -0.00177673 0.00703606 -0.02794304
v -0.00166169 0.00705952 -0.02808837
v -0.00142129 0.00710169 -0.02834526
v -0.00101715 0.00715709 -0.02867481
v 0.00198315 0.00686645 -0.02903717
v 0.00150593 0.00699608 -0.02917790
v 0.00139288 0.00702168 -0.02919991
v 0.00102844 0.00709211 -0.02924320
v 0.00051513 0.00716197 -0.02923429
v 0.00026618 0.00718372 -0.02920045
v -0.00003892 0.00719902 -0.02913162
v -0.00052046 0.00719599 -0.02895643
v -0.00079721 0.00717869 -0.02881383
v 0.00245648 0.00670126 -0.02881196
v 0.00382121 0.00601481 -0.02726560
v 0.00358471 0.00615770 -0.02772076
v 0.00354312 0.00618129 -0.02778564
v 0.00331729 0.00630428 -0.02808888
v 0.00322287 0.00635344 -0.02819647
v 0.00384415 0.00599999 -0.02720994
v 0.00388178 0.00597546 -0.02711160
v 0.00398775 0.00590601 -0.02676003
v 0.00405479 0.00586111 -0.02638725
v 0.00407802 0.00584486 -0.02599938
v 0.00406309 0.00585541 -0.02568826
v 0.00398578 0.00590742 -0.02523063
v 0.00388180 0.00597560 -0.02488722
v 0.00157802 0.00329994 -0.02470035
v 0.00082802 0.00329994 -0.02449938
v 0.00212705 0.00329994 -0.02524939
v 0.00232802 0.00329994 -0.02599938
v 0.00212705 0.00329994 -0.02674937
v 0.00157801 0.00329994 -0.02729842
v 0.00082801 0.00329994 -0.02749939
v 0.00007802 0.00329994 -0.02729841
v -0.00047102 0.00329994 -0.02674938
v -0.00067198 0.00329994 -0.02599939
v -0.00047102 0.00329994 -0.02524939
v 0.00007802 0.00329994 -0.02470034
v 0.00026366 0.00509994 -0.02279876
v 0.00388202 0.00509994 -0.02488782
v 0.00407802 0.00509994 -0.02599937
v 0.00331766 0.00509994 -0.02391032
v 0.00245302 0.00509994 -0.02318479
v 0.00139237 0.00509994 -0.02279876
v -0.00079698 0.00509994 -0.02318480
v -0.00166163 0.00509994 -0.02391032
v -0.00222599 0.00509994 -0.02488782
v -0.00242198 0.00509994 -0.02599938
v -0.00222599 0.00509994 -0.02711095
v -0.00166163 0.00509994 -0.02808845
v -0.00079698 0.00509994 -0.02881396
v 0.00026366 0.00509994 -0.02920001
v 0.00139237 0.00509994 -0.02920001
v 0.00245302 0.00509994 -0.02881396
v 0.00388202 0.00509994 -0.02711095
v 0.00331766 0.00509994 -0.02808844
v 0.00149927 0.00509994 -0.02716205
v 0.00199067 0.00509994 -0.02667064
v 0.00217054 0.00509994 -0.02599938
v 0.00199067 0.00509994 -0.02532812
v 0.00149928 0.00509994 -0.02483672
v 0.00082802 0.00509994 -0.02465686
v 0.00015676 0.00509994 -0.02483672
v -0.00033464 0.00509994 -0.02532813
v -0.00051451 0.00509994 -0.02599939
v -0.00033464 0.00509994 -0.02667065
v 0.00015676 0.00509994 -0.02716203
v 0.00082801 0.00509994 -0.02734190
v -0.00526194 -0.00002053 -0.00224058
v -0.00526043 0.00012122 -0.00231374
v -0.00526123 0.00009507 -0.00230401
v -0.00277082 0.00002065 -0.01849657
v -0.00271369 -0.00020006 -0.01870975
v -0.00239698 0.00002065 -0.01834171
v -0.00228663 -0.00020006 -0.01853286
v -0.00207597 0.00002065 -0.01809539
v -0.00191990 -0.00020006 -0.01825146
v -0.00182964 0.00002065 -0.01777438
v -0.00163850 -0.00020006 -0.01788474
v -0.00167480 0.00002065 -0.01740055
v -0.00146161 -0.00020006 -0.01745767
v -0.00162198 0.00002065 -0.01699938
v -0.00140127 -0.00020006 -0.01699938
v -0.00167480 0.00002065 -0.01659822
v -0.00146161 -0.00020006 -0.01654109
v -0.00182964 0.00002065 -0.01622438
v -0.00163850 -0.00020006 -0.01611403
v -0.00207597 0.00002065 -0.01590337
v -0.00191990 -0.00020006 -0.01574731
v -0.00239698 0.00002065 -0.01565704
v -0.00228663 -0.00020006 -0.01546591
v -0.00277082 0.00002065 -0.01550220
v -0.00271369 -0.00020006 -0.01528901
v -0.00317198 0.00002065 -0.01544937
v -0.00317198 -0.00020006 -0.01522867
v -0.00357315 0.00002065 -0.01550219
v -0.00363028 -0.00020006 -0.01528900
v -0.00394698 0.00002065 -0.01565705
v -0.00405734 -0.00020006 -0.01546591
v -0.00426800 0.00002065 -0.01590337
v -0.00442407 -0.00020006 -0.01574729
v -0.00451432 0.00002065 -0.01622438
v -0.00470546 -0.00020006 -0.01611403
v -0.00466917 0.00002065 -0.01659821
v -0.00488236 -0.00020006 -0.01654109
v -0.00472198 0.00002065 -0.01699938
v -0.00494269 -0.00020006 -0.01699938
v -0.00466917 0.00002065 -0.01740056
v -0.00488236 -0.00020006 -0.01745768
v -0.00451432 0.00002065 -0.01777438
v -0.00470547 -0.00020006 -0.01788474
v -0.00426800 0.00002065 -0.01809539
v -0.00442407 -0.00020006 -0.01825146
v -0.00394698 0.00002065 -0.01834172
v -0.00405734 -0.00020006 -0.01853286
v -0.00357315 0.00002065 -0.01849656
v -0.00363028 -0.00020006 -0.01870976
v -0.00317198 0.00002065 -0.01854939
v -0.00317198 -0.00020006 -0.01877009
v -0.00440236 0.00084994 -0.01628903
v -0.00459270 0.00084994 -0.01699938
v -0.00440236 0.00084994 -0.01770974
v -0.00388234 0.00084994 -0.01822976
v -0.00317199 0.00084994 -0.01842009
v -0.00246163 0.00084994 -0.01822975
v -0.00194161 0.00084994 -0.01770973
v -0.00175127 0.00084994 -0.01699938
v -0.00194161 0.00084994 -0.01628903
v -0.00246163 0.00084994 -0.01576900
v -0.00317198 0.00084994 -0.01557867
v -0.00388234 0.00084994 -0.01576901
v -0.00317198 0.00072066 -0.01854937
v -0.00394698 0.00072065 -0.01834172
v -0.00451432 0.00072065 -0.01777439
v -0.00472198 0.00072065 -0.01699938
v -0.00451432 0.00072065 -0.01622439
v -0.00394699 0.00072065 -0.01565705
v -0.00317198 0.00072065 -0.01544938
v -0.00239698 0.00072065 -0.01565704
v -0.00182964 0.00072065 -0.01622438
v -0.00162198 0.00072065 -0.01699938
v -0.00182965 0.00072065 -0.01777438
v -0.00239698 0.00072065 -0.01834172
v -0.00477199 0.00219994 -0.01699938
v -0.00456432 0.00219994 -0.01622437
v -0.00399698 0.00219994 -0.01565704
v -0.00322198 0.00219994 -0.01544938
v -0.00244698 0.00219994 -0.01565704
v -0.00187965 0.00219994 -0.01622438
v -0.00167199 0.00219994 -0.01699938
v -0.00187965 0.00219994 -0.01777438
v -0.00244698 0.00219994 -0.01834172
v -0.00322198 0.00219994 -0.01854938
v -0.00399699 0.00219994 -0.01834173
v -0.00456432 0.00219994 -0.01777437
v -0.00410579 0.00432582 -0.01572589
v -0.00399709 0.00441386 -0.01565692
v -0.00186727 0.00553324 -0.01624604
v -0.00244788 0.00530461 -0.01565648
v -0.00235887 0.00533995 -0.01571192
v -0.00208916 0.00544359 -0.01594137
v -0.00187961 0.00552781 -0.01622430
v -0.00341342 0.00482402 -0.01546120
v -0.00322400 0.00493585 -0.01544930
v -0.00304182 0.00503447 -0.01545971
v -0.00268545 0.00520475 -0.01554512
v -0.00376424 0.00458989 -0.01554727
v -0.00470247 0.00378392 -0.01654037
v -0.00457856 0.00390104 -0.01624951
v -0.00456388 0.00391505 -0.01622357
v -0.00438388 0.00408354 -0.01597326
v 0.00398627 0.00269994 -0.01950542
v 0.00400050 0.00274530 -0.01954506
v 0.00402548 0.00280879 -0.01961685
v 0.00406570 0.00288320 -0.01973921
v 0.00333361 0.00298616 -0.01815912
v 0.00351154 0.00278781 -0.01847105
v 0.00352634 0.00277159 -0.01849819
v 0.00355178 0.00274870 -0.01854533
v 0.00359290 0.00272209 -0.01862298
v 0.00367979 0.00269994 -0.01879353
v 0.00230467 0.00386025 -0.01664438
v 0.00233422 0.00384651 -0.01668368
v 0.00238957 0.00381208 -0.01675779
v 0.00288389 0.00341417 -0.01745285
v 0.00396445 0.00269994 -0.01944624
v -0.00498340 0.00213516 -0.00437507
v -0.00492756 0.00220761 -0.00416412
v -0.00478753 0.00207463 -0.00253293
v -0.00476756 0.00220166 -0.00286192
v -0.00478110 0.00228746 -0.00329602
v -0.00479590 0.00229745 -0.00344820
v -0.00483747 0.00228863 -0.00373809
v -0.00479900 0.00202397 -0.00243285
v -0.00411489 0.00214715 -0.01327162
v -0.00349871 0.00309021 -0.01354360
v -0.00284416 0.00371903 -0.01383254
v -0.00414637 0.00208220 -0.01325772
v -0.00451002 0.00101407 -0.01309720
v -0.00463971 -0.00020006 -0.01303996
v -0.00453211 -0.00128913 -0.01308744
v -0.00418642 -0.00239918 -0.01324004
v -0.00361509 -0.00337884 -0.01349223
v -0.00284415 -0.00417442 -0.01383253
v -0.00556536 -0.00025006 -0.00971771
v -0.00559867 -0.00025006 -0.00966246
v -0.00560138 -0.00015080 -0.00965853
v -0.00560145 -0.00005150 -0.00965792
v -0.00558305 0.00057767 -0.00965202
v -0.00554184 0.00101330 -0.00966044
v -0.00540997 0.00098312 -0.00985921
v -0.00505925 0.00091911 -0.01012204
v -0.00510871 0.00044491 -0.01010021
v -0.00512849 -0.00025006 -0.01009148
v -0.00539835 -0.00025006 -0.00991471
v -0.00550474 -0.00025006 -0.00980144
v -0.00419517 0.00388392 -0.01037639
v -0.00413195 0.00389994 -0.01042665
v -0.00410785 0.00336652 -0.01054200
v -0.00389957 0.00389994 -0.01060048
v -0.00351995 0.00389994 -0.01080151
v -0.00533723 0.00206498 -0.00972061
v -0.00528330 0.00225344 -0.00973714
v -0.00512968 0.00220807 -0.00998158
v -0.00502865 0.00294787 -0.00981263
v -0.00489717 0.00280033 -0.01008179
v -0.00474486 0.00351115 -0.00988253
v -0.00459100 0.00336345 -0.01021182
v -0.00449810 0.00389994 -0.00991855
v -0.00435894 0.00389994 -0.01017900
v -0.00547798 0.00143696 -0.00967815
v -0.00493046 0.00159672 -0.01017890
v -0.00455110 0.00266340 -0.01034635
v -0.00127446 0.00278735 -0.01605704
v 0.00038225 0.00278781 -0.01689233
v 0.00028984 0.00284340 -0.01678346
v 0.00081871 0.00278781 -0.01711253
v -0.00153804 0.00303125 -0.01565089
v 0.00019885 0.00290005 -0.01667410
v -0.00230150 0.00381132 -0.01439201
v 0.00106805 0.00290029 -0.01711233
v -0.00102246 0.00269994 -0.01643218
v -0.00103390 0.00269994 -0.01641550
v -0.00448584 0.00389994 -0.01101456
v -0.00255662 0.00389994 -0.01402485
v -0.00205669 0.00389994 -0.01333860
v -0.00257567 0.00389994 -0.01400711
v -0.00275804 0.00389972 -0.01387565
v -0.00207195 0.00389994 -0.01331238
v -0.00214720 0.00389994 -0.01317595
v -0.00388762 0.00389994 -0.01375972
v -0.00353144 0.00389994 -0.01371568
v -0.00277954 0.00389994 -0.01268161
v -0.00309403 0.00389994 -0.01377119
v -0.00261358 0.00389994 -0.01275473
v -0.00234644 0.00389994 -0.01292775
v -0.00448680 0.00389994 -0.01429168
v -0.00436241 0.00389994 -0.01405815
v -0.00446381 0.00389994 -0.01319761
v -0.00416777 0.00389994 -0.01388182
v -0.00446362 0.00389994 -0.01316630
v -0.00278072 0.00389994 -0.01112781
v -0.00446984 0.00389994 -0.01213098
v -0.00280080 0.00380979 -0.01385292
v -0.00237812 0.00387215 -0.01425409
v -0.00125233 -0.00336887 -0.01609117
v -0.00121545 -0.00334518 -0.01614667
v -0.00115817 0.00271990 -0.01623229
v -0.00127446 -0.00338747 -0.01605704
v -0.00115811 -0.00331999 -0.01623238
v -0.00103390 -0.00330006 -0.01641550
v -0.00109901 0.00270521 -0.01631994
v -0.00105895 0.00270071 -0.01637885
v -0.00237812 -0.00447227 -0.01425408
v -0.00234108 -0.00444681 -0.01432470
v -0.00230292 -0.00441212 -0.01439052
v -0.00153898 -0.00363226 -0.01564941
v -0.00234059 0.00384633 -0.01432555
v -0.00102246 -0.00330006 -0.01643218
v -0.00742336 -0.00030006 -0.00054190
v -0.00769637 -0.00030006 -0.00029282
v -0.00768889 -0.00030006 -0.00029281
v -0.00765791 -0.00030006 -0.00032092
v -0.00688084 -0.00030006 -0.00104627
v -0.00671963 -0.00030006 -0.00121270
v -0.00654619 -0.00030006 -0.00138296
v -0.00641513 -0.00030006 -0.00152957
v -0.00624413 -0.00030006 -0.00171254
v -0.00613930 -0.00030006 -0.00184300
v -0.00604772 -0.00030009 -0.00194845
v -0.00604812 -0.00030006 -0.00195440
v -0.00766190 -0.00070853 -0.00031730
v -0.00601008 -0.00089858 -0.00199420
v -0.00434054 -0.00529914 -0.00614649
v -0.00432254 -0.00528780 -0.00622279
v -0.00455591 -0.00488950 -0.00528795
v -0.00499846 -0.00524335 -0.00386055
v -0.00468356 -0.00529762 -0.00482835
v -0.00436016 -0.00530293 -0.00606306
v -0.00519409 -0.00532772 -0.00337266
v -0.00488682 -0.00542377 -0.00417679
v -0.00497897 -0.00548686 -0.00391371
v -0.00478206 -0.00559289 -0.00450020
v -0.00478841 -0.00445918 -0.00447986
v -0.00493257 -0.00417713 -0.00404373
v -0.00502338 -0.00399320 -0.00379385
v -0.00550520 -0.00502827 -0.00274462
v -0.00546265 -0.00507324 -0.00282134
v -0.00507548 -0.00388526 -0.00365878
v -0.00543278 -0.00510414 -0.00287680
v -0.00541347 -0.00512381 -0.00291336
v -0.00553959 -0.00280563 -0.00268448
v -0.00625602 -0.00411770 -0.00169894
v -0.00548757 -0.00294200 -0.00277611
v -0.00609683 -0.00432441 -0.00188645
v -0.00587955 -0.00459620 -0.00216537
v -0.00528271 -0.00343485 -0.00317688
v -0.00575419 -0.00474670 -0.00234247
v -0.00572056 -0.00227506 -0.00239261
v -0.00587365 -0.00170472 -0.00217340
v -0.00591999 -0.00148690 -0.00211107
v -0.00689452 -0.00320019 -0.00103295
v -0.00658965 -0.00366284 -0.00133785
v -0.00761184 -0.00114269 -0.00036280
v -0.00753341 -0.00158792 -0.00043426
v -0.00748894 -0.00178176 -0.00047492
v -0.00731070 -0.00235700 -0.00063899
v -0.00715673 -0.00271765 -0.00078259
v -0.00427947 0.00530581 -0.00670485
v -0.00424656 0.00530585 -0.00657768
v -0.00423920 0.00530536 -0.00660762
v -0.00423115 0.00530346 -0.00664341
v -0.00430294 0.00529871 -0.00697171
v -0.00464747 0.00526232 -0.00807734
v -0.00437284 0.00528678 -0.00730083
v -0.00456372 0.00523451 -0.00813071
v -0.00457789 0.00523070 -0.00818310
v -0.00460191 0.00522484 -0.00826657
v -0.00468257 0.00520933 -0.00850361
v -0.00474150 0.00520007 -0.00864068
v -0.00474392 0.00519970 -0.00864572
v -0.00485957 0.00517866 -0.00884328
v -0.00598865 0.00525172 -0.00822743
v -0.00496236 0.00515868 -0.00895948
v -0.00503662 0.00514949 -0.00900852
v -0.00508539 0.00514692 -0.00902175
v -0.00604676 0.00518531 -0.00880119
v -0.00582985 0.00514685 -0.00902211
v -0.00609936 0.00512300 -0.00913417
v -0.00589917 0.00508193 -0.00930712
v -0.00593926 0.00530573 -0.00664511
v -0.00447605 0.00528559 -0.00560870
v -0.00598663 0.00525352 -0.00507979
v -0.00471984 0.00521915 -0.00471165
v -0.00601963 0.00521638 -0.00469170
v -0.00485709 0.00515766 -0.00427040
v -0.00610844 0.00511322 -0.00403616
v -0.00495495 0.00510240 -0.00398342
v -0.00512976 0.00498004 -0.00352515
v -0.00613921 0.00507616 -0.00387109
v -0.00621818 0.00497851 -0.00352254
v -0.00677119 0.00418465 -0.00215243
v -0.00571595 0.00439468 -0.00240365
v -0.00651929 0.00457033 -0.00265370
v -0.00555814 0.00457141 -0.00265371
v -0.00641659 0.00471594 -0.00290012
v -0.00544025 0.00469628 -0.00286268
v -0.00520079 0.00492204 -0.00335756
v -0.00684447 0.00289121 -0.00108804
v -0.00644899 0.00347039 -0.00149490
v -0.00686158 0.00403523 -0.00199466
v -0.00614576 0.00387568 -0.00184074
v -0.00604449 0.00400415 -0.00196400
v -0.00730552 0.00318044 -0.00127741
v -0.00735597 0.00306496 -0.00119763
v -0.00713897 0.00236804 -0.00080558
v -0.00767248 0.00218358 -0.00072531
v -0.00725725 0.00210483 -0.00069367
v -0.00769593 0.00210283 -0.00069349
v -0.00791593 0.00111908 -0.00041899
v -0.00802198 -0.00020006 -0.00028938
v -0.00770016 -0.00020006 -0.00028937
v -0.00763742 0.00058351 -0.00034362
v -0.00752151 0.00124847 -0.00044630
v -0.00736191 0.00182384 -0.00059451
v -0.00664925 0.00436394 -0.01057786
v -0.00638471 0.00474984 -0.01009239
v -0.00615685 0.00478635 -0.01003574
v -0.00632232 0.00483651 -0.00994566
v -0.00598222 0.00499452 -0.00959013
v -0.00615315 0.00505773 -0.00939462
v -0.00613399 0.00508122 -0.00930873
v -0.00744697 0.00263062 -0.01185137
v -0.00749419 0.00269950 -0.01182371
v -0.00732241 0.00289558 -0.01173159
v -0.00715011 0.00350382 -0.01134790
v -0.00637285 0.00449384 -0.01043453
v -0.00650471 0.00430342 -0.01063920
v -0.00668901 0.00430330 -0.01063997
v -0.00670466 0.00399455 -0.01093607
v -0.00706819 0.00338484 -0.01143478
v -0.00754759 0.00239483 -0.01193646
v -0.00773818 0.00187456 -0.01206529
v -0.00777011 0.00179741 -0.01207922
v -0.00779792 0.00168297 -0.01209635
v -0.00769838 -0.00025071 -0.00029099
v -0.00800367 -0.00073629 -0.01217082
v -0.00785400 -0.00148548 -0.01215131
v -0.00782983 -0.00194418 -0.01211381
v -0.00765737 -0.00212428 -0.01209010
v -0.00772657 -0.00236585 -0.01204761
v -0.00756790 -0.00236436 -0.01204810
v -0.00757076 -0.00288046 -0.01190844
v -0.00742901 -0.00269687 -0.01196652
v -0.00742169 -0.00329051 -0.01173354
v -0.00723401 -0.00310323 -0.01182127
v -0.00713884 -0.00328951 -0.01173470
v -0.00720752 -0.00378598 -0.01143397
v -0.00697188 -0.00359528 -0.01156175
v -0.00707135 -0.00405798 -0.01122826
v -0.00665135 -0.00412451 -0.01117234
v -0.00681795 -0.00450058 -0.01083703
v -0.00631263 -0.00462099 -0.01072179
v -0.00587483 -0.00518947 -0.01003067
v -0.00584073 -0.00522966 -0.00995999
v -0.00623016 -0.00535941 -0.00967810
v -0.00568693 -0.00539982 -0.00957559
v -0.00611806 -0.00550117 -0.00923571
v -0.00558079 -0.00550066 -0.00923379
v -0.00605539 -0.00557584 -0.00886856
v -0.00632985 -0.00522618 -0.00996462
v -0.00635740 -0.00518831 -0.01003237
v -0.00606092 -0.00495841 -0.01035844
v -0.00651488 -0.00496389 -0.01035277
v -0.00668511 -0.00470941 -0.01063259
v -0.00491582 -0.00567861 -0.00545873
v -0.00596436 -0.00567849 -0.00545780
v -0.00595929 -0.00568408 -0.00557288
v -0.00552887 -0.00554361 -0.00903915
v -0.00538317 -0.00563803 -0.00837779
v -0.00597549 -0.00566620 -0.00803061
v -0.00531991 -0.00566631 -0.00802988
v -0.00595298 -0.00569106 -0.00753574
v -0.00520172 -0.00569770 -0.00731349
v -0.00496470 -0.00569150 -0.00575653
v -0.00597692 -0.00566468 -0.00522347
v -0.00481684 -0.00562874 -0.00479921
v -0.00604684 -0.00558550 -0.00444906
v -0.00611864 -0.00550140 -0.00397710
v -0.00622742 -0.00536717 -0.00348559
v -0.00641213 -0.00512243 -0.00291104
v -0.00652287 -0.00496551 -0.00264371
v -0.00676426 -0.00459604 -0.00216545
v -0.00694575 -0.00429032 -0.00185408
v -0.00690522 -0.00436099 -0.00192142
v -0.00731566 -0.00355767 -0.00126308
v -0.00725329 -0.00369502 -0.00136162
v -0.00790399 -0.00158952 -0.00043442
v -0.00774336 -0.00233127 -0.00063035
v -0.00768772 -0.00253260 -0.00070513
v -0.00764083 -0.00268895 -0.00077037
v -0.00742668 -0.00329402 -0.00108929
v -0.00793765 -0.00137580 -0.00039683
v -0.00795988 -0.00121010 -0.00037213
v -0.00800185 -0.00077772 -0.00032311
v -0.00801744 -0.00047689 -0.00030123
v -0.00802107 -0.00032608 -0.00029381
v -0.00763952 0.00226010 -0.00371439
v -0.00758102 0.00240929 -0.00441591
v -0.00750438 0.00239370 -0.00441479
v -0.00802182 -0.00019967 -0.00199958
v -0.00800488 -0.00067565 -0.00204349
v -0.00806793 -0.00068161 -0.00203404
v -0.00757959 -0.00281390 -0.00450544
v -0.00763032 -0.00268426 -0.00378219
v -0.00755553 -0.00266734 -0.00377879
v -0.00792421 -0.00169505 -0.00674132
v -0.00794800 -0.00119570 -0.00700104
v -0.00803624 -0.00102514 -0.00707628
v -0.00797250 -0.00101525 -0.00706822
v -0.00808426 -0.00029522 -0.00720810
v -0.00778222 -0.00223885 -0.00623440
v -0.00776647 -0.00203874 -0.00643795
v -0.00785796 -0.00167896 -0.00673804
v -0.00750290 -0.00279836 -0.00450501
v -0.00750214 -0.00280011 -0.00459944
v -0.00758712 -0.00279493 -0.00492786
v -0.00751072 -0.00277914 -0.00492965
v -0.00765876 -0.00260868 -0.00561583
v -0.00758496 -0.00259120 -0.00561939
v -0.00771226 -0.00222049 -0.00623607
v -0.00792315 -0.00135053 -0.00226761
v -0.00779402 -0.00193906 -0.00266617
v -0.00786179 -0.00195670 -0.00266527
v -0.00776670 -0.00203859 -0.00276079
v -0.00774695 -0.00235231 -0.00311681
v -0.00767593 -0.00233401 -0.00311443
v -0.00758067 -0.00260193 -0.00360361
v -0.00801848 0.00076134 -0.00217240
v -0.00795439 0.00074999 -0.00217962
v -0.00808077 0.00003897 -0.00200000
v -0.00801796 0.00003599 -0.00201008
v -0.00775469 0.00192707 -0.00308098
v -0.00776647 0.00163848 -0.00276097
v -0.00789742 0.00141230 -0.00254421
v -0.00783053 0.00139545 -0.00254642
v -0.00794785 0.00079496 -0.00219776
v -0.00756504 0.00224302 -0.00371094
v -0.00758093 0.00220144 -0.00360413
v -0.00768395 0.00190870 -0.00307865
v -0.00769546 0.00210494 -0.00583263
v -0.00758049 0.00220169 -0.00559526
v -0.00760072 0.00236017 -0.00513383
v -0.00752484 0.00234399 -0.00513637
v -0.00750176 0.00240018 -0.00459963
v -0.00802150 -0.00029402 -0.00719784
v -0.00802200 -0.00020002 -0.00719938
v -0.00807664 0.00013051 -0.00718834
v -0.00801374 0.00012641 -0.00717842
v -0.00800956 0.00082725 -0.00700022
v -0.00794525 0.00081518 -0.00699328
v -0.00788966 0.00144421 -0.00662930
v -0.00782258 0.00142709 -0.00662725
v -0.00783265 0.00166510 -0.00642930
v -0.00776409 0.00164698 -0.00642925
v -0.00762285 0.00208695 -0.00583585
v -0.00813825 0.00004355 -0.00197020
v -0.00807673 0.00077962 -0.00214544
v -0.00795739 0.00144228 -0.00252301
v -0.00781705 0.00196536 -0.00306702
v -0.00770419 0.00230295 -0.00370717
v -0.00764704 0.00245383 -0.00441456
v -0.00766628 0.00240416 -0.00513795
v -0.00775897 0.00214572 -0.00584330
v -0.00789365 0.00169925 -0.00644719
v -0.00794976 0.00147467 -0.00665002
v -0.00806795 0.00084670 -0.00702668
v -0.00813417 0.00013685 -0.00721793
v -0.00814171 -0.00029704 -0.00723804
v -0.00809429 -0.00104085 -0.00710402
v -0.00798380 -0.00172298 -0.00676379
v -0.00784410 -0.00227579 -0.00624979
v -0.00772302 -0.00265089 -0.00562432
v -0.00765299 -0.00283932 -0.00493034
v -0.00764566 -0.00285849 -0.00450473
v -0.00769519 -0.00272740 -0.00377565
v -0.00780949 -0.00239093 -0.00310324
v -0.00792232 -0.00198912 -0.00264583
v -0.00817788 0.00004843 -0.00193080
v -0.00811629 0.00079938 -0.00210840
v -0.00799680 0.00147588 -0.00249121
v -0.00785631 0.00201046 -0.00304310
v -0.00774335 0.00235587 -0.00369302
v -0.00768615 0.00251042 -0.00441157
v -0.00770540 0.00245953 -0.00514653
v -0.00779817 0.00219494 -0.00586285
v -0.00793299 0.00173840 -0.00647570
v -0.00798916 0.00150894 -0.00668143
v -0.00810749 0.00086784 -0.00706334
v -0.00817380 0.00014361 -0.00725719
v -0.00818135 -0.00029898 -0.00727756
v -0.00813387 -0.00105778 -0.00714174
v -0.00802324 -0.00175405 -0.00679682
v -0.00788338 -0.00231886 -0.00627545
v -0.00776219 -0.00270258 -0.00564054
v -0.00769211 -0.00289555 -0.00493565
v -0.00768476 -0.00291519 -0.00450322
v -0.00773433 -0.00278091 -0.00376257
v -0.00784874 -0.00243661 -0.00307988
v -0.00796169 -0.00202588 -0.00261578
v -0.00820779 0.00005462 -0.00187367
v -0.00814500 0.00082461 -0.00205384
v -0.00802296 0.00151945 -0.00244279
v -0.00787914 0.00207018 -0.00300504
v -0.00776311 0.00242741 -0.00366963
v -0.00770421 0.00258778 -0.00440653
v -0.00772404 0.00253493 -0.00516094
v -0.00781947 0.00226083 -0.00589458
v -0.00795769 0.00178966 -0.00652003
v -0.00801515 0.00155349 -0.00672945
v -0.00813600 0.00089487 -0.00711751
v -0.00820363 0.00015217 -0.00731419
v -0.00821132 -0.00030144 -0.00733484
v -0.00816290 -0.00107935 -0.00719706
v -0.00804998 -0.00179418 -0.00684676
v -0.00790688 -0.00237568 -0.00631595
v -0.00778250 -0.00277216 -0.00566715
v -0.00771035 -0.00297231 -0.00494460
v -0.00770277 -0.00299273 -0.00450069
v -0.00775385 -0.00285333 -0.00374083
v -0.00787135 -0.00249723 -0.00304266
v -0.00798706 -0.00207378 -0.00256952
v -0.00798817 -0.00212085 -0.00251745
v -0.00786706 -0.00255709 -0.00300022
v -0.00774357 -0.00292526 -0.00371566
v -0.00768959 -0.00306998 -0.00449776
v -0.00769761 -0.00304875 -0.00495507
v -0.00777375 -0.00284116 -0.00569786
v -0.00790432 -0.00243169 -0.00636197
v -0.00805376 -0.00183356 -0.00690255
v -0.00817123 -0.00110046 -0.00725813
v -0.00822149 -0.00030385 -0.00739772
v -0.00804643 -0.00186762 -0.00231930
v -0.00811419 -0.00144067 -0.00214722
v -0.00808611 -0.00140991 -0.00220039
v -0.00804660 -0.00138590 -0.00223618
v -0.00798792 -0.00136391 -0.00226169
v -0.00794822 -0.00119573 -0.00219728
v -0.00812062 -0.00147080 -0.00208823
v -0.00819485 -0.00071317 -0.00190921
v -0.00816518 -0.00070067 -0.00196588
v -0.00812556 -0.00069083 -0.00200481
v -0.00820444 -0.00072537 -0.00184688
v -0.00822181 -0.00020117 -0.00179960
v -0.00821785 0.00006067 -0.00181091
v -0.00815266 0.00084930 -0.00199349
v -0.00802562 0.00156224 -0.00238850
v -0.00787528 0.00212914 -0.00296168
v -0.00775332 0.00249842 -0.00364259
v -0.00769111 0.00266485 -0.00440059
v -0.00771209 0.00260993 -0.00517768
v -0.00781262 0.00232603 -0.00593097
v -0.00795748 0.00184006 -0.00657001
v -0.00801746 0.00159718 -0.00678324
v -0.00814328 0.00092131 -0.00717743
v -0.00821353 0.00016054 -0.00737682
v -0.00822200 -0.00019983 -0.00739937
v -0.00804864 0.00145618 -0.01192662
v -0.00804825 0.00145786 -0.00068813
v -0.00813262 0.00099490 -0.00059539
v -0.00818046 0.00061649 -0.00054398
v -0.00822198 -0.00020006 -0.00048946
v -0.00822185 -0.00024482 -0.00049086
v -0.00821732 -0.00047228 -0.00050094
v -0.00822105 -0.00032070 -0.00049366
v -0.00813549 -0.00137326 -0.00059426
v -0.00820133 -0.00077452 -0.00052235
v -0.00749161 -0.00353958 -0.00143610
v -0.00786341 -0.00256820 -0.00091116
v -0.00787915 -0.00251681 -0.00089095
v -0.00804785 -0.00186008 -0.00068862
v -0.00811106 -0.00152746 -0.00062005
v -0.00753312 -0.00344790 -0.01146505
v -0.00770286 -0.00303492 -0.01166310
v -0.00786703 -0.00255609 -0.01181333
v -0.00662995 -0.00498942 -0.00286865
v -0.00701747 -0.00442157 -0.00215895
v -0.00729991 -0.00392873 -0.00679782
v -0.00703517 -0.00439294 -0.00213059
v -0.00646972 -0.00519663 -0.00875272
v -0.00619653 -0.00552037 -0.00877773
v -0.00613843 -0.00558476 -0.00822967
v -0.00681742 -0.00472799 -0.01044278
v -0.00646080 -0.00520783 -0.00980784
v -0.00624848 -0.00546134 -0.00908928
v -0.00610247 -0.00562410 -0.00760272
v -0.00608896 -0.00563867 -0.00706273
v -0.00608894 -0.00563870 -0.00620783
v -0.00612449 -0.00560012 -0.00523693
v -0.00617464 -0.00554471 -0.00465456
v -0.00626007 -0.00544815 -0.00407137
v -0.00734534 -0.00384120 -0.01121327
v -0.00634232 -0.00535187 -0.00369399
v -0.00810983 0.00113787 -0.01195058
v -0.00822198 -0.00020006 -0.01197436
v -0.00820218 -0.00076278 -0.01197072
v -0.00804910 -0.00185480 -0.01192661
v -0.00800814 -0.00203801 -0.01190642
v -0.00755508 0.00299822 -0.01149221
v -0.00787165 0.00213998 -0.01181898
v -0.00753310 0.00304884 -0.00137343
v -0.00797849 0.00175681 -0.00076858
v -0.00787328 0.00213423 -0.00089738
v -0.00766208 0.00274085 -0.00118452
v -0.00752394 0.00306818 -0.00646277
v -0.00672592 0.00445823 -0.01030535
v -0.00716502 0.00377427 -0.01095259
v -0.00745763 0.00321273 -0.01136658
v -0.00749270 0.00313827 -0.00143366
v -0.00715609 0.00378896 -0.00194122
v -0.00670953 0.00448130 -0.00270389
v -0.00639745 0.00488550 -0.00349456
v -0.00643628 0.00483805 -0.00777249
v -0.00620557 0.00511007 -0.00440948
v -0.00612453 0.00519993 -0.00523963
v -0.00621492 0.00509944 -0.00889486
v -0.00630523 0.00499561 -0.00933859
v -0.00640558 0.00487576 -0.00967007
v -0.00611052 0.00521529 -0.00548992
v -0.00610626 0.00521977 -0.00767854
v -0.00712198 0.00239994 -0.00459939
v -0.00712198 0.00220203 -0.00559435
v -0.00712198 0.00163842 -0.00643786
v -0.00712198 0.00220203 -0.00360441
v -0.00712198 0.00163842 -0.00276091
v -0.00712198 0.00079492 -0.00219729
v -0.00712198 -0.00020006 -0.00199938
v -0.00712198 -0.00119504 -0.00219729
v -0.00712198 -0.00203854 -0.00276091
v -0.00712198 -0.00260215 -0.00360441
v -0.00712198 -0.00280006 -0.00459938
v -0.00712198 -0.00260215 -0.00559435
v -0.00712198 -0.00203853 -0.00643786
v -0.00712198 -0.00119503 -0.00700146
v -0.00712198 -0.00020006 -0.00719939
v -0.00712199 0.00079492 -0.00700147
v -0.00820637 -0.00019992 -0.01205113
v -0.00819913 -0.00019915 -0.00039718
v -0.00816335 -0.00019886 -0.00034810
v -0.00807314 0.00100822 -0.00045695
v -0.00813652 -0.00019886 -0.00032570
v -0.00809846 -0.00019907 -0.00030490
v -0.00800950 0.00100544 -0.00041388
v -0.00805683 -0.00019951 -0.00029257
v -0.00820652 -0.00019929 -0.00041301
v -0.00811613 0.00100448 -0.00052070
v -0.00785295 0.00215500 -0.00083097
v -0.00746818 0.00316525 -0.00137822
v -0.00700422 0.00402545 -0.00209080
v -0.00676448 0.00439105 -0.00250548
v -0.00654119 0.00469572 -0.00297682
v -0.00635891 0.00492374 -0.00350262
v -0.00622838 0.00507717 -0.00406540
v -0.00609357 0.00522730 -0.00523588
v -0.00605578 0.00526810 -0.00641842
v -0.00627439 0.00502390 -0.00935452
v -0.00616511 0.00514861 -0.00877958
v -0.00607218 0.00525034 -0.00760113
v -0.00645267 0.00480798 -0.00988792
v -0.00669576 0.00448690 -0.01034261
v -0.00695497 0.00410402 -0.01072973
v -0.00743347 0.00323768 -0.01142332
v -0.00819799 -0.00019989 -0.01206882
v -0.00811606 0.00100425 -0.01203363
v -0.00800043 0.00160361 -0.01198611
v -0.00784236 0.00218740 -0.01188153
v -0.00765045 0.00273587 -0.01169469
v -0.00805008 -0.00020000 -0.01217284
v -0.00809799 -0.00019989 -0.01215908
v -0.00805361 -0.00000994 -0.01217060
v -0.00814023 -0.00019984 -0.01213546
v -0.00804511 0.00029539 -0.01216865
v -0.00800926 0.00099231 -0.01214163
v -0.00800052 0.00075203 -0.01216245
v -0.00637198 0.00483428 -0.00993692
v -0.00661127 0.00450470 -0.01041101
v -0.00789541 0.00159260 -0.01209308
v -0.00773991 0.00218245 -0.01198551
v -0.00686661 0.00411978 -0.01080561
v -0.00733780 0.00324964 -0.01151222
v -0.00755119 0.00273960 -0.01179235
v -0.00816335 -0.00019984 -0.01211570
v -0.00807332 0.00100033 -0.01209841
v -0.00795798 0.00160169 -0.01204983
v -0.00780020 0.00219013 -0.01194269
v -0.00760861 0.00274410 -0.01175120
v -0.00739209 0.00325051 -0.01147378
v -0.00691536 0.00411846 -0.01077161
v -0.00665725 0.00450191 -0.01037983
v -0.00641508 0.00482636 -0.00991411
v -0.00623754 0.00504432 -0.00936967
v -0.00612881 0.00516924 -0.00878767
v -0.00603636 0.00527062 -0.00760330
v -0.00602004 0.00528829 -0.00641802
v -0.00605764 0.00524772 -0.00523230
v -0.00619173 0.00509795 -0.00405442
v -0.00632163 0.00494430 -0.00348506
v -0.00650310 0.00471518 -0.00295088
v -0.00672548 0.00440871 -0.00247126
v -0.00696425 0.00404188 -0.00205042
v -0.00742653 0.00318013 -0.00132884
v -0.00781034 0.00216544 -0.00077324
v -0.00737209 0.00318114 -0.00129107
v -0.00775068 0.00216405 -0.00073201
v -0.00691526 0.00404519 -0.00201747
v -0.00667917 0.00441427 -0.00244245
v -0.00645929 0.00472394 -0.00292837
v -0.00627974 0.00495542 -0.00346944
v -0.00615110 0.00511014 -0.00404453
v -0.00601819 0.00526021 -0.00522904
v -0.00598091 0.00530073 -0.00641765
v -0.00599709 0.00528308 -0.00760526
v -0.00632308 -0.00534250 -0.00347794
v -0.00650581 -0.00511149 -0.00294280
v -0.00654412 -0.00509210 -0.00296886
v -0.00816185 -0.00032575 -0.00035244
v -0.00807498 -0.00138050 -0.01209814
v -0.00801118 -0.00137278 -0.01214196
v -0.00820670 -0.00024739 -0.00041402
v -0.00805978 -0.00032653 -0.00029713
v -0.00809723 -0.00032661 -0.00030868
v -0.00809349 -0.00047864 -0.00031615
v -0.00807756 -0.00078184 -0.00033825
v -0.00801196 -0.00138424 -0.00041278
v -0.00775626 -0.00254574 -0.00072424
v -0.00737648 -0.00357028 -0.00128491
v -0.00692051 -0.00443653 -0.00200836
v -0.00646189 -0.00512034 -0.00292010
v -0.00668257 -0.00480894 -0.00243432
v -0.00601785 -0.00566063 -0.00522628
v -0.00615148 -0.00550973 -0.00403875
v -0.00628109 -0.00535372 -0.00346219
v -0.00598058 -0.00570099 -0.00641805
v -0.00599616 -0.00568430 -0.00760885
v -0.00608882 -0.00558169 -0.00880181
v -0.00619795 -0.00545374 -0.00939054
v -0.00637552 -0.00522941 -0.00994642
v -0.00687115 -0.00451232 -0.01081402
v -0.00661576 -0.00489807 -0.01041855
v -0.00734259 -0.00363885 -0.01152020
v -0.00774571 -0.00256254 -0.01198916
v -0.00755611 -0.00312538 -0.01179864
v -0.00790025 -0.00197144 -0.01209618
v -0.00803327 -0.00046867 -0.01217240
v -0.00820588 -0.00032371 -0.00041686
v -0.00815806 -0.00047834 -0.00035990
v -0.00820208 -0.00047616 -0.00042425
v -0.00814189 -0.00078262 -0.00038194
v -0.00818588 -0.00078014 -0.00044604
v -0.00807538 -0.00138662 -0.00045627
v -0.00811920 -0.00138293 -0.00051940
v -0.00781591 -0.00254721 -0.00076601
v -0.00676825 -0.00478568 -0.00249757
v -0.00672897 -0.00480323 -0.00246329
v -0.00700991 -0.00441728 -0.00208228
v -0.00696963 -0.00443331 -0.00204164
v -0.00747304 -0.00355395 -0.00137184
v -0.00743091 -0.00356880 -0.00132279
v -0.00785915 -0.00253738 -0.00082379
v -0.00636055 -0.00532199 -0.00349562
v -0.00619220 -0.00549743 -0.00404874
v -0.00811859 -0.00138435 -0.01203385
v -0.00800592 -0.00198296 -0.01198889
v -0.00784880 -0.00256830 -0.01188485
v -0.00765592 -0.00312198 -0.01170056
v -0.00743877 -0.00362686 -0.01143100
v -0.00695992 -0.00449640 -0.01073795
v -0.00670064 -0.00488039 -0.01034988
v -0.00616545 -0.00554846 -0.00878626
v -0.00607148 -0.00565142 -0.00760488
v -0.00627620 -0.00542190 -0.00936163
v -0.00645656 -0.00520338 -0.00989655
v -0.00605738 -0.00564804 -0.00522957
v -0.00601980 -0.00568850 -0.00641843
v -0.00605568 -0.00566833 -0.00641882
v -0.00603551 -0.00567173 -0.00760696
v -0.00612897 -0.00556915 -0.00879441
v -0.00623917 -0.00544226 -0.00937687
v -0.00641875 -0.00522158 -0.00992317
v -0.00666184 -0.00489523 -0.01038717
v -0.00691996 -0.00451076 -0.01077980
v -0.00739690 -0.00363950 -0.01148140
v -0.00761350 -0.00312979 -0.01175702
v -0.00780597 -0.00257031 -0.01194588
v -0.00796271 -0.00198055 -0.01205237
v -0.00712198 -0.00020006 -0.00584938
v -0.00672199 -0.00020006 -0.00584939
v -0.00712198 0.00042494 -0.00568191
v -0.00672198 0.00042494 -0.00568191
v -0.00712198 0.00088247 -0.00522438
v -0.00672199 0.00088247 -0.00522439
v -0.00712199 0.00104994 -0.00459938
v -0.00672198 0.00104994 -0.00459938
v -0.00712198 0.00088247 -0.00397438
v -0.00672199 0.00088247 -0.00397438
v -0.00712198 0.00042494 -0.00351685
v -0.00672199 0.00042494 -0.00351685
v -0.00712198 -0.00020006 -0.00334939
v -0.00672198 -0.00020006 -0.00334938
v -0.00712198 -0.00082506 -0.00351685
v -0.00672198 -0.00082506 -0.00351685
v -0.00712198 -0.00128259 -0.00397439
v -0.00672198 -0.00128259 -0.00397438
v -0.00712198 -0.00145006 -0.00459938
v -0.00672198 -0.00145006 -0.00459937
v -0.00712198 -0.00128259 -0.00522438
v -0.00672198 -0.00128259 -0.00522438
v -0.00712198 -0.00082506 -0.00568192
v -0.00672198 -0.00082506 -0.00568191
v -0.00672198 -0.00158548 -0.00353021
v -0.00672198 -0.00167062 -0.00368872
v -0.00672198 -0.00170006 -0.00386623
v -0.00672198 -0.00170006 -0.00533253
v -0.00672198 -0.00167062 -0.00551003
v -0.00672198 -0.00158548 -0.00566855
v -0.00672199 -0.00133613 -0.00593050
v -0.00672198 -0.00063479 -0.00290424
v -0.00672198 -0.00133612 -0.00326827
v -0.00672198 -0.00063479 -0.00629452
v -0.00672198 0.00015518 -0.00631294
v -0.00672199 0.00087272 -0.00598200
v -0.00672198 0.00137154 -0.00536916
v -0.00672198 0.00154994 -0.00459938
v -0.00672198 0.00137154 -0.00382959
v -0.00672198 0.00087272 -0.00321676
v -0.00672198 0.00015518 -0.00288581
v -0.00623896 0.00227185 -0.00989302
v -0.00605185 0.00279569 -0.00975858
v -0.00615372 0.00253757 -0.00982826
v -0.00605947 0.00279876 -0.00975770
v -0.00603618 -0.00316396 -0.01050703
v -0.00600712 -0.00312041 -0.01053275
v -0.00597911 -0.00308529 -0.01018817
v -0.00604885 -0.00319883 -0.00976088
v -0.00606353 -0.00319888 -0.01012306
v -0.00600146 -0.00315701 -0.00979504
v -0.00601330 -0.00315146 -0.01018655
v -0.00598119 -0.00312611 -0.00982572
v -0.00596173 -0.00306540 -0.00989435
v -0.00597174 -0.00301103 -0.01018867
v -0.00598071 -0.00296682 -0.01018840
v -0.00597329 -0.00296687 -0.01001845
v -0.00597171 -0.00297118 -0.01001292
v -0.00607712 -0.00319903 -0.01048521
v -0.00598777 -0.00301412 -0.01058541
v -0.00599742 -0.00296914 -0.01060746
v -0.00599812 -0.00296675 -0.01060546
v -0.00599365 -0.00308512 -0.01055203
v -0.00622198 -0.00170006 -0.00386624
v -0.00622198 -0.00167062 -0.00368872
v -0.00622198 -0.00158548 -0.00353021
v -0.00626417 -0.00128643 -0.00621621
v -0.00625945 -0.00149930 -0.00654677
v -0.00633068 -0.00075669 -0.00647744
v -0.00551910 -0.00433298 -0.00954006
v -0.00580479 -0.00381245 -0.01002042
v -0.00558347 -0.00419905 -0.00926021
v -0.00586306 -0.00360457 -0.00913186
v -0.00657395 -0.00080566 -0.01015892
v -0.00659780 -0.00028190 -0.01017523
v -0.00638907 -0.00165627 -0.00883383
v -0.00647819 0.00154679 -0.01103478
v -0.00651262 0.00138284 -0.01105988
v -0.00634674 0.00206958 -0.01097475
v -0.00495442 -0.00421943 -0.00432927
v -0.00549070 -0.00335493 -0.00429380
v -0.00598080 -0.00170050 -0.00342446
v -0.00603036 -0.00127234 -0.00300738
v -0.00607439 0.00041866 -0.00277025
v -0.00603500 0.00022282 -0.00197054
v -0.00609636 -0.00015951 -0.00266258
v -0.00609535 -0.00030466 -0.00266576
v -0.00607779 -0.00074252 -0.00274516
v -0.00602654 0.00093715 -0.00305504
v -0.00583524 0.00147284 -0.00223481
v -0.00596166 0.00086273 -0.00206450
v -0.00573567 0.00227331 -0.00386314
v -0.00567440 0.00229559 -0.00340875
v -0.00593911 0.00178798 -0.00425984
v -0.00564960 0.00222888 -0.00296104
v -0.00566280 0.00207626 -0.00253752
v -0.00566716 0.00204996 -0.00248397
v -0.00608897 0.00205736 -0.00668396
v -0.00586092 0.00235443 -0.00526500
v -0.00582685 0.00216003 -0.00430984
v -0.00587551 0.00269668 -0.00661925
v -0.00591707 0.00262660 -0.00677419
v -0.00583332 0.00308090 -0.00784232
v -0.00595179 0.00300167 -0.00912349
v -0.00572980 0.00350215 -0.00921202
v -0.00567974 0.00366743 -0.01017185
v -0.00566147 0.00369780 -0.01011603
v -0.00596695 0.00310400 -0.01061631
v -0.00579085 0.00346561 -0.01036749
v -0.00644063 0.00170946 -0.01100613
v -0.00607921 0.00279884 -0.01025727
v -0.00608807 0.00279893 -0.01050709
v -0.00605752 0.00289511 -0.01072422
v -0.00609636 0.00279903 -0.01075689
v -0.00615579 0.00264627 -0.01082454
v -0.00626900 0.00231762 -0.01088173
v -0.00641391 0.00182215 -0.01098595
v -0.00633274 0.00041243 -0.00645990
v -0.00635613 -0.00017070 -0.00656245
v -0.00657304 0.00048671 -0.01015264
v -0.00648061 0.00123657 -0.01007878
v -0.00643337 0.00102946 -0.00883115
v -0.00640296 0.00163869 -0.01001822
v -0.00632649 0.00170337 -0.00890889
v -0.00632115 0.00198304 -0.00995485
v -0.00655465 -0.00102194 -0.01014481
v -0.00643503 -0.00182526 -0.01005507
v -0.00626367 -0.00232356 -0.00891314
v -0.00622912 -0.00266104 -0.00989815
v -0.00608906 -0.00297620 -0.00901432
v -0.00606458 -0.00323042 -0.01046499
v -0.00526584 -0.00470493 -0.00908980
v -0.00540036 -0.00451746 -0.00933556
v -0.00562227 -0.00399086 -0.00809314
v -0.00505259 -0.00495157 -0.00862377
v -0.00497927 -0.00500901 -0.00833952
v -0.00490161 -0.00508412 -0.00821985
v -0.00502453 -0.00475162 -0.00707819
v -0.00467824 -0.00521518 -0.00752780
v -0.00466121 -0.00517028 -0.00717333
v -0.00462026 -0.00523691 -0.00732860
v -0.00601962 -0.00267320 -0.00668753
v -0.00617171 -0.00170935 -0.00580576
v -0.00613433 -0.00182160 -0.00559057
v -0.00610719 -0.00186049 -0.00534838
v -0.00604708 -0.00185771 -0.00461574
v -0.00587444 -0.00238963 -0.00425844
v -0.00598493 -0.00185447 -0.00388314
v -0.00597352 -0.00181395 -0.00364123
v -0.00598049 0.00134797 -0.00348987
v -0.00596554 0.00161163 -0.00403452
v -0.00599817 0.00170079 -0.00463341
v -0.00607390 0.00160842 -0.00522504
v -0.00617202 0.00134545 -0.00575671
v -0.00629912 0.00087503 -0.00654485
v -0.00626618 0.00093475 -0.00618173
v -0.00561283 -0.00377716 -0.00687664
v -0.00616696 0.00236421 -0.00900822
v -0.00509434 -0.00490858 -0.00872493
v -0.00532606 -0.00452310 -0.00821688
v -0.00606629 -0.00282350 -0.00786358
v -0.00635449 -0.00030684 -0.00655950
v -0.00630259 -0.00170006 -0.00533252
v -0.00633011 -0.00167024 -0.00551039
v -0.00636814 -0.00158548 -0.00566856
v -0.00601084 -0.00179306 -0.00388088
v -0.00600005 -0.00175675 -0.00366056
v -0.00605518 -0.00174339 -0.00387703
v -0.00604452 -0.00171060 -0.00367600
v -0.00611335 -0.00171125 -0.00387196
v -0.00610243 -0.00168075 -0.00368579
v -0.00617893 -0.00170006 -0.00386623
v -0.00616754 -0.00167034 -0.00368889
v -0.00600652 -0.00165262 -0.00346365
v -0.00605093 -0.00161485 -0.00349669
v -0.00610939 -0.00159163 -0.00351971
v -0.00617536 -0.00158547 -0.00353021
v -0.00622198 -0.00170006 -0.00436532
v -0.00617558 -0.00171167 -0.00460488
v -0.00624185 -0.00170006 -0.00459928
v -0.00611677 -0.00174444 -0.00460984
v -0.00607229 -0.00179503 -0.00461361
v -0.00623565 -0.00171192 -0.00533795
v -0.00617638 -0.00174534 -0.00534277
v -0.00613189 -0.00179685 -0.00534637
v -0.00619173 -0.00165545 -0.00575992
v -0.00615726 -0.00175971 -0.00556606
v -0.00623520 -0.00161332 -0.00571820
v -0.00620127 -0.00171001 -0.00554265
v -0.00629676 -0.00158895 -0.00568635
v -0.00626136 -0.00167896 -0.00552331
v -0.00605330 -0.00123638 -0.00306347
v -0.00615450 0.00085327 -0.00318584
v -0.00620123 0.00037196 -0.00293078
v -0.00627299 0.00037206 -0.00294509
v -0.00652983 -0.00071102 -0.00627282
v -0.00646223 -0.00119660 -0.00603787
v -0.00638700 -0.00119665 -0.00605633
v -0.00653647 -0.00063489 -0.00629423
v -0.00645152 -0.00070984 -0.00629019
v -0.00655569 -0.00017425 -0.00634923
v -0.00647617 -0.00017398 -0.00636583
v -0.00654689 0.00015538 -0.00631254
v -0.00645363 0.00035958 -0.00627429
v -0.00620113 0.00147092 -0.00515918
v -0.00631185 0.00137169 -0.00536944
v -0.00629733 0.00122256 -0.00564168
v -0.00636822 0.00121881 -0.00562399
v -0.00638913 0.00084037 -0.00602498
v -0.00646419 0.00084010 -0.00600660
v -0.00653192 0.00036034 -0.00625695
v -0.00612658 0.00156121 -0.00462006
v -0.00622198 0.00153029 -0.00486091
v -0.00626813 0.00146291 -0.00514561
v -0.00610926 0.00123584 -0.00357860
v -0.00616094 0.00137186 -0.00382925
v -0.00609445 0.00148082 -0.00407388
v -0.00615837 0.00147057 -0.00407634
v -0.00619104 0.00155048 -0.00461385
v -0.00622302 0.00085084 -0.00319937
v -0.00622198 0.00085963 -0.00320670
v -0.00617472 0.00122908 -0.00358831
v -0.00622198 -0.00123231 -0.00318625
v -0.00615811 -0.00119329 -0.00314332
v -0.00622715 -0.00119141 -0.00315726
v -0.00620442 -0.00070187 -0.00290868
v -0.00627659 -0.00070217 -0.00292304
v -0.00622252 -0.00016283 -0.00283517
v -0.00629592 -0.00016284 -0.00284919
v -0.00628687 0.00015543 -0.00288550
v -0.00638576 -0.00071804 -0.00633535
v -0.00640971 -0.00017310 -0.00641255
v -0.00638788 0.00036936 -0.00631912
v -0.00632524 0.00085846 -0.00606453
v -0.00623590 0.00124757 -0.00567259
v -0.00614205 0.00150057 -0.00517850
v -0.00606905 0.00159242 -0.00462577
v -0.00603723 0.00151010 -0.00406541
v -0.00605102 0.00126000 -0.00355725
v -0.00609432 0.00087013 -0.00315450
v -0.00613904 0.00038069 -0.00289316
v -0.00615934 -0.00016213 -0.00279529
v -0.00614200 -0.00070923 -0.00287047
v -0.00609761 -0.00120884 -0.00311079
v -0.00634338 -0.00073459 -0.00640135
v -0.00636755 -0.00017197 -0.00648196
v -0.00634547 0.00038797 -0.00638456
v -0.00628227 0.00089157 -0.00611957
v -0.00619233 0.00129047 -0.00571274
v -0.00609803 0.00154830 -0.00520136
v -0.00602477 0.00164069 -0.00463038
v -0.00599281 0.00155530 -0.00405181
v -0.00600657 0.00129881 -0.00352651
v -0.00604998 0.00089927 -0.00310901
v -0.00609492 0.00039698 -0.00283710
v -0.00611536 -0.00016099 -0.00273490
v -0.00609791 -0.00072346 -0.00281333
v -0.00628008 -0.00124512 -0.00615262
v -0.00632302 -0.00121355 -0.00609649
v -0.00622198 0.00154994 -0.00459939
v -0.00622198 0.00137154 -0.00382960
v -0.00622198 0.00087272 -0.00321677
v -0.00622198 -0.00133612 -0.00326827
v 0.00368728 -0.00343173 -0.01950341
v 0.00371370 -0.00330006 -0.01939660
v 0.00394730 -0.00330006 -0.01948556
v 0.00346558 -0.00343173 -0.01947639
v 0.00346558 -0.00330006 -0.01936636
v 0.00389599 -0.00343173 -0.01958289
v 0.00382558 -0.00351955 -0.01971647
v 0.00365101 -0.00351954 -0.01964998
v 0.00374537 -0.00355006 -0.01986861
v 0.00360970 -0.00355006 -0.01981695
v 0.00346558 -0.00351955 -0.01962738
v 0.00346558 -0.00355006 -0.01979938
v -0.00133540 -0.00355006 -0.02900099
v -0.00219124 -0.00355006 -0.02813809
v -0.00193145 -0.00355006 -0.02823273
v -0.00237647 -0.00355006 -0.02752705
v -0.00252532 -0.00355006 -0.02756306
v -0.00264451 -0.00355006 -0.02673700
v -0.00577255 -0.00355006 -0.02059939
v -0.00272076 -0.00355006 -0.02590621
v -0.00532198 -0.00355006 -0.02059938
v -0.00485746 -0.00355006 -0.02055585
v -0.00260102 -0.00355006 -0.02508057
v 0.00215002 -0.00355006 -0.02945514
v 0.00260096 -0.00355006 -0.02907496
v 0.00319840 -0.00355006 -0.02884038
v 0.00326978 -0.00355006 -0.02857625
v 0.00399104 -0.00355006 -0.02791909
v 0.00414394 -0.00355006 -0.02382401
v 0.00350815 -0.00355006 -0.02347997
v 0.00412681 -0.00355006 -0.02269973
v 0.00342300 -0.00355006 -0.02291757
v 0.00431281 -0.00355006 -0.02161113
v 0.00342300 -0.00355006 -0.02036848
v 0.00427665 -0.00355006 -0.02068877
v 0.00342298 -0.00355006 -0.02036350
v 0.00414879 -0.00355006 -0.02002809
v 0.00342270 -0.00355006 -0.02035024
v 0.00342138 -0.00355006 -0.02031367
v 0.00341634 -0.00355006 -0.02021405
v -0.00133403 -0.00355006 -0.02881506
v -0.00061720 -0.00355006 -0.02924189
v -0.00024615 -0.00355006 -0.02954003
v 0.00017945 -0.00355006 -0.02948964
v 0.00095900 -0.00355006 -0.02969706
v 0.00101192 -0.00355006 -0.02954461
v 0.00183423 -0.00355006 -0.02940380
v -0.00440911 -0.00355006 -0.02042675
v -0.00399256 -0.00355006 -0.02021661
v -0.00175365 -0.00355006 -0.02191814
v -0.00362231 -0.00355006 -0.01993272
v 0.00380375 -0.00355006 -0.02793523
v 0.00417336 -0.00355006 -0.02718729
v 0.00444241 -0.00355006 -0.02679068
v 0.00435822 -0.00355006 -0.02637376
v 0.00450382 -0.00355006 -0.02557690
v 0.00434811 -0.00355006 -0.02553954
v 0.00436881 -0.00355006 -0.02492571
v 0.00414358 -0.00355006 -0.02473071
v 0.00375594 -0.00355006 -0.02399196
v 0.00341525 -0.00355006 -0.02019499
v 0.00341353 -0.00355006 -0.02016290
v -0.00346495 -0.00355006 -0.01983391
v -0.00328238 -0.00355006 -0.01979938
v -0.00175365 -0.00355006 -0.01979939
v 0.00340968 -0.00355006 -0.02005959
v 0.00340968 -0.00355006 -0.01979938
v 0.00341131 -0.00355006 -0.02011442
v 0.00441666 -0.00360006 -0.02491120
v 0.00419364 -0.00360006 -0.02381861
v 0.00417666 -0.00360006 -0.02270361
v 0.00427652 -0.00360006 -0.02198593
v -0.00171582 -0.00355749 -0.02191814
v -0.00171669 -0.00355767 -0.02192804
v -0.00168294 -0.00357935 -0.02191815
v -0.00168535 -0.00357935 -0.02193644
v -0.00167377 -0.00358990 -0.02191814
v -0.00166441 -0.00361179 -0.02194205
v -0.00166108 -0.00361223 -0.02191815
v -0.00165532 -0.00363188 -0.02191814
v -0.00165706 -0.00365006 -0.02194403
v -0.00134382 -0.00418991 -0.02063938
v -0.00119165 -0.00430443 -0.02001467
v -0.00117236 -0.00432014 -0.02002241
v -0.00114930 -0.00436436 -0.02003579
v -0.00114703 -0.00438986 -0.02004057
v -0.00141214 -0.00416409 -0.02103000
v -0.00148008 -0.00407579 -0.02128354
v -0.00148173 -0.00404491 -0.02127106
v -0.00159341 -0.00386676 -0.02170648
v -0.00159014 -0.00385225 -0.02168461
v -0.00135803 -0.00417663 -0.02069771
v -0.00134473 -0.00419247 -0.02070527
v -0.00133543 -0.00421107 -0.02071247
v -0.00115791 -0.00434057 -0.02002962
v -0.00162836 -0.00374853 -0.02183034
v -0.00158352 -0.00385921 -0.02162341
v -0.00149423 -0.00401692 -0.02125684
v -0.00145387 -0.00407152 -0.02109114
v 0.00332300 -0.00365006 -0.02291757
v 0.00332300 -0.00365006 -0.02036848
v 0.00333062 -0.00361179 -0.02036849
v 0.00333062 -0.00361179 -0.02291756
v 0.00335229 -0.00357935 -0.02036849
v 0.00335229 -0.00357935 -0.02291756
v 0.00336754 -0.00356685 -0.02036850
v 0.00338473 -0.00355767 -0.02291756
v 0.00338473 -0.00355767 -0.02036849
v 0.00347159 -0.00355767 -0.02349129
v 0.00344060 -0.00357935 -0.02350089
v 0.00341990 -0.00361179 -0.02350731
v 0.00341263 -0.00365006 -0.02350956
v 0.00372438 -0.00355767 -0.02401360
v 0.00369762 -0.00357935 -0.02403194
v 0.00367974 -0.00361179 -0.02404421
v 0.00367347 -0.00365006 -0.02404851
v -0.00261307 -0.00365006 -0.02624722
v -0.00254669 -0.00365006 -0.02671623
v -0.00255413 -0.00361179 -0.02671780
v -0.00234207 -0.00365006 -0.02736065
v -0.00228620 -0.00365006 -0.02748403
v -0.00229307 -0.00361179 -0.02748730
v -0.00172133 -0.00365006 -0.02832390
v -0.00127312 -0.00365006 -0.02873575
v -0.00127776 -0.00361179 -0.02874179
v -0.00081933 -0.00365006 -0.02903068
v -0.00057649 -0.00365006 -0.02915054
v -0.00057959 -0.00361179 -0.02915750
v 0.00026442 -0.00365006 -0.02940304
v 0.00100674 -0.00365006 -0.02944475
v 0.00100713 -0.00361179 -0.02945235
v 0.00141034 -0.00365006 -0.02939988
v 0.00180588 -0.00365006 -0.02930789
v 0.00180804 -0.00361179 -0.02931519
v 0.00339012 -0.00365006 -0.02830982
v 0.00371992 -0.00365006 -0.02788070
v 0.00372630 -0.00361179 -0.02788485
v 0.00400555 -0.00365006 -0.02734317
v 0.00407913 -0.00365006 -0.02715383
v 0.00408630 -0.00361179 -0.02715638
v 0.00427041 -0.00365006 -0.02622827
v 0.00424895 -0.00365006 -0.02555249
v 0.00425650 -0.00361179 -0.02555150
v 0.00415549 -0.00365006 -0.02508812
v 0.00405019 -0.00365006 -0.02476645
v 0.00405730 -0.00361179 -0.02476373
v 0.00258185 -0.00355767 -0.02904180
v 0.00182338 -0.00355767 -0.02936710
v 0.00256565 -0.00357934 -0.02901369
v 0.00181418 -0.00357935 -0.02933598
v 0.00255482 -0.00361179 -0.02899491
v 0.00410784 -0.00355767 -0.02474439
v 0.00407754 -0.00357935 -0.02475598
v 0.00431016 -0.00355767 -0.02554449
v 0.00427799 -0.00357935 -0.02554869
v 0.00425878 -0.00365006 -0.02636322
v 0.00426635 -0.00361179 -0.02636401
v 0.00428790 -0.00357935 -0.02636630
v 0.00432017 -0.00355767 -0.02636972
v 0.00413730 -0.00355767 -0.02717449
v 0.00410673 -0.00357935 -0.02716364
v 0.00377167 -0.00355767 -0.02791437
v 0.00374447 -0.00357935 -0.02789668
v 0.00320100 -0.00365006 -0.02850367
v 0.00320624 -0.00361179 -0.02850918
v 0.00322115 -0.00357935 -0.02852492
v 0.00324346 -0.00355767 -0.02854847
v 0.00255102 -0.00365006 -0.02898832
v 0.00249202 -0.00365006 -0.02902157
v 0.00100825 -0.00357935 -0.02947400
v 0.00100993 -0.00355767 -0.02950639
v 0.00019772 -0.00365006 -0.02939131
v 0.00019633 -0.00361179 -0.02939880
v 0.00019237 -0.00357935 -0.02942011
v 0.00018644 -0.00355767 -0.02945201
v -0.00060162 -0.00355767 -0.02920693
v -0.00058841 -0.00357935 -0.02917730
v -0.00131072 -0.00355767 -0.02878471
v -0.00129096 -0.00357935 -0.02875897
v -0.00185372 -0.00365006 -0.02816982
v -0.00185963 -0.00361179 -0.02817461
v -0.00187648 -0.00357935 -0.02818824
v -0.00190170 -0.00355767 -0.02820865
v -0.00234192 -0.00355767 -0.02751059
v -0.00231264 -0.00357935 -0.02749662
v -0.00260707 -0.00355767 -0.02672905
v -0.00257534 -0.00357935 -0.02672231
v -0.00262080 -0.00365006 -0.02590884
v -0.00262841 -0.00361179 -0.02590864
v -0.00265007 -0.00357935 -0.02590807
v -0.00268251 -0.00355767 -0.02590722
v -0.00256406 -0.00355767 -0.02509048
v -0.00253272 -0.00357935 -0.02509888
v -0.00251178 -0.00361179 -0.02510449
v -0.00250443 -0.00365006 -0.02510646
v -0.00060189 -0.00754041 -0.02645258
v -0.00066874 -0.00753665 -0.02609794
v -0.00082183 -0.00767603 -0.02599151
v -0.00067199 -0.00753630 -0.02599939
v -0.00065974 -0.00753721 -0.02580812
v -0.00078006 -0.00767927 -0.02636673
v -0.00076348 -0.00768049 -0.02643358
v -0.00055279 -0.00754295 -0.02658536
v -0.00062365 -0.00768929 -0.02678219
v 0.00033701 -0.00767920 -0.02757557
v 0.00038867 -0.00752383 -0.02743360
v 0.00017654 -0.00768946 -0.02751569
v 0.00013102 -0.00754169 -0.02732760
v 0.00006773 -0.00769446 -0.02746359
v 0.00006212 -0.00754486 -0.02728911
v -0.00014782 -0.00769969 -0.02732962
v -0.00001384 -0.00754741 -0.02724085
v -0.00028782 -0.00769977 -0.02721515
v -0.00028542 -0.00754973 -0.02700449
v -0.00045369 -0.00769648 -0.02703805
v -0.00033646 -0.00754937 -0.02694488
v -0.00053242 -0.00769363 -0.02693191
v -0.00037278 -0.00754890 -0.02689832
v -0.00047103 -0.00754647 -0.02674938
v 0.00129929 -0.00739177 -0.02742343
v 0.00094809 -0.00745526 -0.02749457
v 0.00087928 -0.00761876 -0.02764959
v 0.00082785 -0.00747377 -0.02749938
v 0.00070429 -0.00764264 -0.02764530
v 0.00071477 -0.00748954 -0.02749510
v 0.00047440 -0.00751638 -0.02745710
v 0.00124467 -0.00755526 -0.02759597
v 0.00138002 -0.00752697 -0.02755328
v 0.00143830 -0.00736182 -0.02736962
v 0.00140877 -0.00752062 -0.02754255
v 0.00157813 -0.00732824 -0.02729836
v 0.00174630 -0.00743718 -0.02736778
v 0.00174666 -0.00728337 -0.02718517
v 0.00187232 -0.00740171 -0.02727441
v 0.00184444 -0.00725587 -0.02710250
v 0.00194884 -0.00737902 -0.02720738
v 0.00203892 -0.00735117 -0.02711528
v 0.00207768 -0.00718711 -0.02682904
v 0.00212815 -0.00732234 -0.02700747
v 0.00224565 -0.00728249 -0.02683100
v 0.00246856 -0.00720084 -0.02599939
v 0.00232802 -0.00710325 -0.02599938
v 0.00243902 -0.00721212 -0.02630830
v 0.00228705 -0.00711827 -0.02634753
v 0.00239390 -0.00722908 -0.02649113
v 0.00226349 -0.00712622 -0.02643461
v 0.00233002 -0.00725252 -0.02666425
v 0.00219362 -0.00714934 -0.02661996
v 0.00212173 -0.00717301 -0.02675853
v -0.00170902 -0.00356057 -0.01979938
v -0.00165532 -0.00363188 -0.01979938
v -0.00167377 -0.00358990 -0.01979938
v -0.00146849 -0.00405469 -0.01979938
v -0.00156059 -0.00390874 -0.01979939
v -0.00135673 -0.00417884 -0.01979939
v -0.00111645 -0.00434586 -0.01979938
v -0.00062736 -0.00455006 -0.01940447
v -0.00063173 -0.00450691 -0.01939572
v -0.00058385 -0.00455006 -0.01938407
v -0.00041847 -0.00452806 -0.01932592
v -0.00080736 -0.00449672 -0.01951141
v -0.00105339 -0.00437829 -0.01972684
v -0.00097083 -0.00441878 -0.01963807
v -0.00096487 -0.00442895 -0.01964537
v -0.00110275 -0.00435275 -0.01978358
v -0.00094029 -0.00443211 -0.01960829
v -0.00083710 -0.00446942 -0.01952006
v -0.00081212 -0.00447653 -0.01950154
v -0.00080702 -0.00453200 -0.01951972
v -0.00095700 -0.00448852 -0.01966863
v -0.00095684 -0.00445709 -0.01965984
v -0.00096670 -0.00442065 -0.01963395
v -0.00250443 -0.00545006 -0.02510646
v -0.00114703 -0.00545006 -0.02004057
v -0.00261307 -0.00545006 -0.02624722
v -0.00234207 -0.00545006 -0.02736065
v -0.00172133 -0.00545006 -0.02832389
v -0.00081933 -0.00545006 -0.02903068
v 0.00026442 -0.00545006 -0.02940304
v 0.00141034 -0.00545006 -0.02939988
v 0.00249202 -0.00545006 -0.02902157
v 0.00339012 -0.00545006 -0.02830982
v 0.00400555 -0.00545006 -0.02734318
v 0.00427041 -0.00545006 -0.02622828
v 0.00415549 -0.00545006 -0.02508813
v 0.00367347 -0.00545006 -0.02404850
v 0.00184688 -0.00725565 -0.02489851
v 0.00157801 -0.00732716 -0.02470035
v 0.00157802 -0.00545006 -0.02470034
v -0.00065975 -0.00746917 -0.02580816
v -0.00063478 -0.00747186 -0.02566740
v -0.00067198 -0.00545006 -0.02599938
v -0.00051248 -0.00748166 -0.02532629
v -0.00047102 -0.00545006 -0.02524938
v -0.00047102 -0.00748427 -0.02524938
v 0.00007802 -0.00545006 -0.02470035
v -0.00007841 -0.00749895 -0.02480423
v -0.00033472 -0.00749162 -0.02505173
v 0.00082802 -0.00545006 -0.02449939
v 0.00082831 -0.00747499 -0.02449939
v 0.00065130 -0.00749865 -0.02450983
v 0.00056834 -0.00750804 -0.02452202
v 0.00022634 -0.00753627 -0.02462533
v 0.00022648 -0.00749712 -0.02462528
v 0.00007802 -0.00749953 -0.02470034
v 0.00155495 -0.00733285 -0.02468730
v 0.00143164 -0.00736231 -0.02462619
v 0.00108811 -0.00743300 -0.02452210
v 0.00100820 -0.00744681 -0.02451024
v 0.00232801 -0.00545006 -0.02599939
v 0.00231292 -0.00710849 -0.02578708
v 0.00212705 -0.00545006 -0.02524938
v 0.00222284 -0.00713941 -0.02544760
v 0.00215400 -0.00716226 -0.02529811
v 0.00212695 -0.00717091 -0.02524921
v 0.00195149 -0.00722488 -0.02500549
v 0.00212705 -0.00545006 -0.02674938
v 0.00157802 -0.00545006 -0.02729842
v 0.00082802 -0.00545006 -0.02749938
v 0.00007801 -0.00545006 -0.02729842
v -0.00047102 -0.00545006 -0.02674939
v 0.00331809 -0.00362750 -0.02015660
v 0.00330109 -0.00368578 -0.02008547
v 0.00330246 -0.00367468 -0.02007515
v 0.00330524 -0.00366227 -0.02008593
v 0.00330744 -0.00365185 -0.02008713
v 0.00330849 -0.00364673 -0.02008585
v 0.00331282 -0.00363231 -0.02010249
v 0.00332248 -0.00361136 -0.02013409
v 0.00333785 -0.00359037 -0.02019045
v 0.00330127 -0.00369148 -0.02009058
v 0.00330201 -0.00369714 -0.02009554
v 0.00319426 -0.00397736 -0.01980528
v 0.00258920 -0.00449197 -0.01933357
v 0.00242480 -0.00454479 -0.01930462
v 0.00319295 -0.00396447 -0.01979345
v 0.00319449 -0.00395239 -0.01978079
v 0.00326683 -0.00379443 -0.01993435
v 0.00321418 -0.00391343 -0.01979938
v 0.00301966 -0.00419743 -0.01956792
v 0.00310123 -0.00409693 -0.01964973
v 0.00312722 -0.00405997 -0.01967985
v 0.00319702 -0.00394544 -0.01977325
v 0.00275316 -0.00444537 -0.01939669
v 0.00270266 -0.00445024 -0.01937237
v 0.00299912 -0.00424890 -0.01956116
v 0.00300407 -0.00426017 -0.01956708
v 0.00309477 -0.00415563 -0.01966334
v 0.00267210 -0.00445771 -0.01935934
v 0.00293166 -0.00428582 -0.01949613
v 0.00299556 -0.00423783 -0.01955403
v 0.00319841 -0.00399064 -0.01981603
v 0.00299360 -0.00422549 -0.01954510
v 0.00331135 -0.00363188 -0.01979939
v 0.00331112 -0.00363309 -0.02007208
v 0.00331039 -0.00363696 -0.02007932
v 0.00330557 -0.00366072 -0.02008050
v 0.00331135 -0.00363187 -0.02005959
v 0.00332980 -0.00358990 -0.01979939
v 0.00332980 -0.00358990 -0.02005959
v 0.00336505 -0.00356057 -0.01979938
v 0.00337587 -0.00355595 -0.02005960
v 0.00336505 -0.00356057 -0.02005959
v 0.00334572 -0.00357319 -0.02005959
v 0.00455349 -0.00360006 -0.02557119
v 0.00449125 -0.00360006 -0.02680137
v 0.00403378 -0.00360006 -0.02794504
v 0.00323043 -0.00360006 -0.02887878
v 0.00216788 -0.00360006 -0.02950185
v 0.00096077 -0.00360006 -0.02974704
v -0.00026066 -0.00360006 -0.02958787
v -0.00136464 -0.00360006 -0.02904155
v -0.00223204 -0.00360006 -0.02816700
v 0.00434786 -0.00614703 -0.02466564
v 0.00428935 -0.00619154 -0.02441636
v 0.00358181 -0.00666389 -0.02441689
v 0.00036706 -0.00767689 -0.02972095
v -0.00026066 -0.00769996 -0.02958788
v -0.00081637 -0.00767647 -0.02936962
v -0.00132808 -0.00761805 -0.02906757
v 0.00203455 -0.00735255 -0.02954999
v 0.00150715 -0.00749801 -0.02968738
v 0.00096077 -0.00760621 -0.02974703
v 0.00295749 -0.00699277 -0.02441736
v 0.00218581 -0.00730305 -0.02507047
v 0.00227502 -0.00727218 -0.02522004
v 0.00241171 -0.00722243 -0.02556666
v 0.00242816 -0.00721624 -0.02563343
v 0.00358181 -0.00666390 -0.02854479
v 0.00216788 -0.00730910 -0.02950185
v 0.00323043 -0.00685820 -0.02887877
v 0.00272980 -0.00709477 -0.02923137
v 0.00148908 -0.00750227 -0.02441848
v 0.00129489 -0.00754506 -0.02441805
v 0.00149229 -0.00750151 -0.02448983
v 0.00181481 -0.00741819 -0.02467912
v 0.00194337 -0.00738067 -0.02478705
v 0.00203065 -0.00735377 -0.02487436
v 0.00172676 -0.00744246 -0.02461699
v 0.00403378 -0.00637569 -0.02794504
v 0.00430729 -0.00617799 -0.02739835
v 0.00449125 -0.00603405 -0.02680138
v 0.00457326 -0.00596683 -0.02618821
v 0.00455349 -0.00598321 -0.02557120
v 0.00441666 -0.00609353 -0.02491121
v -0.00149154 -0.00759182 -0.02667854
v -0.00221656 -0.00742997 -0.02732585
v -0.00136472 -0.00761249 -0.02904148
v -0.00256017 -0.00732627 -0.02760647
v -0.00223204 -0.00742568 -0.02816699
v -0.00183500 -0.00752455 -0.02863961
v -0.00578240 -0.00354961 -0.02057825
v -0.00591778 -0.00344487 -0.02029257
v -0.00584932 -0.00352295 -0.02043699
v -0.00599989 -0.00320010 -0.02012243
v -0.00596797 -0.00333367 -0.02018760
v -0.00593972 -0.00340397 -0.02024619
v -0.00532198 -0.00330006 -0.02016636
v -0.00532198 -0.00348307 -0.02034937
v -0.00532198 -0.00340361 -0.02024583
v -0.00493792 -0.00330006 -0.02013038
v -0.00490391 -0.00348307 -0.02031020
v -0.00450040 -0.00348307 -0.02019402
v -0.00412550 -0.00348307 -0.02000489
v -0.00379228 -0.00348307 -0.01974938
v -0.00456723 -0.00330006 -0.02002364
v -0.00422282 -0.00330006 -0.01984989
v -0.00391670 -0.00330006 -0.01961518
v -0.00328238 -0.00351200 -0.01960804
v -0.00355624 -0.00348307 -0.01960116
v -0.00328238 -0.00348307 -0.01954938
v -0.00328238 -0.00340361 -0.01944583
v -0.00362306 -0.00330006 -0.01943079
v -0.00328238 -0.00330006 -0.01936637
v -0.00328238 -0.00324140 -0.01933745
v -0.00175365 -0.00351200 -0.01960804
v -0.00175365 -0.00348307 -0.01954938
v -0.00175365 -0.00340361 -0.01944583
v -0.00175365 -0.00330006 -0.01936637
v -0.00175365 -0.00324140 -0.01933744
v -0.00167912 -0.00350063 -0.01954938
v -0.00140948 -0.00358642 -0.01936636
v -0.00162026 -0.00354960 -0.01954938
v -0.00159744 -0.00333685 -0.01936638
v -0.00147407 -0.00343950 -0.01936636
v -0.00151131 -0.00360525 -0.01944583
v -0.00158944 -0.00361970 -0.01954938
v -0.00162493 -0.00362626 -0.01962633
v -0.00153313 -0.00389456 -0.01962632
v -0.00113285 -0.00394057 -0.01933028
v -0.00127006 -0.00375877 -0.01933028
v -0.00143045 -0.00384157 -0.01944583
v -0.00110271 -0.00431817 -0.01962632
v -0.00097113 -0.00405298 -0.01933028
v -0.00105136 -0.00421467 -0.01944583
v -0.00125645 -0.00407212 -0.01944583
v -0.00133556 -0.00415632 -0.01962632
v -0.00074914 -0.00418584 -0.01932322
v -0.00091733 -0.00436728 -0.01949859
v -0.00102020 -0.00433222 -0.01955892
v -0.00077934 -0.00441399 -0.01942801
v -0.00058591 -0.00445781 -0.01935447
v -0.00095514 -0.00424222 -0.01942108
v -0.00084257 -0.00428667 -0.01939153
v -0.00070730 -0.00434496 -0.01935800
v -0.00048403 -0.00434862 -0.01930571
v -0.00053627 -0.00440461 -0.01932428
v -0.00036198 -0.00447415 -0.01930622
v -0.00058385 -0.00545006 -0.01938407
v -0.00096099 -0.00545006 -0.01967345
v 0.00332234 -0.00365082 -0.02026295
v 0.00332301 -0.00364973 -0.02029938
v 0.00332300 -0.00545006 -0.02029938
v 0.00266912 -0.00545006 -0.01936119
v 0.00330307 -0.00369227 -0.02010073
v 0.00330556 -0.00368343 -0.02011342
v 0.00331091 -0.00366916 -0.02014435
v 0.00332035 -0.00365303 -0.02022661
v 0.00326119 -0.00545006 -0.01995327
v 0.00303011 -0.00545006 -0.01959227
v 0.00262253 -0.00443133 -0.01933342
v 0.00285837 -0.00425391 -0.01941346
v 0.00289699 -0.00427092 -0.01945241
v 0.00307397 -0.00408466 -0.01957641
v 0.00303663 -0.00406791 -0.01950867
v 0.00318040 -0.00389576 -0.01960787
v 0.00320567 -0.00390898 -0.01970185
v 0.00319250 -0.00390208 -0.01964488
v 0.00277037 -0.00421515 -0.01935122
v 0.00293573 -0.00402274 -0.01939642
v 0.00290802 -0.00375334 -0.01932386
v 0.00303154 -0.00381792 -0.01939487
v 0.00308441 -0.00384557 -0.01944583
v 0.00312956 -0.00386918 -0.01950549
v 0.00280761 -0.00396544 -0.01932465
v 0.00257064 -0.00440371 -0.01931461
v 0.00267158 -0.00417165 -0.01931268
v 0.00327392 -0.00362495 -0.01960803
v 0.00316734 -0.00360525 -0.01944583
v 0.00300783 -0.00357575 -0.01933744
v 0.00329969 -0.00342952 -0.01944583
v 0.00340968 -0.00340361 -0.01944582
v 0.00340968 -0.00351200 -0.01960804
v 0.00340968 -0.00330006 -0.01936637
v 0.00331081 -0.00330006 -0.01935874
v 0.00319823 -0.00330006 -0.01933734
v 0.00308324 -0.00340421 -0.01933744
v 0.00293539 -0.00330006 -0.01929948
v 0.00321282 -0.00350180 -0.01944582
v 0.00329940 -0.00356700 -0.01960804
v 0.00334806 -0.00352651 -0.01960803
v -0.00256019 -0.00704187 -0.02760642
v -0.00256543 -0.00703995 -0.02759532
v -0.00391093 0.00129994 -0.00945111
v -0.00391090 0.00129994 -0.00949478
v -0.00420469 0.00129994 -0.00886254
v -0.00406685 0.00129994 -0.00938224
v -0.00420360 0.00129994 -0.00914038
v -0.00383344 0.00129994 -0.00847362
v -0.00355585 0.00129994 -0.00846179
v -0.00330790 0.00129994 -0.00858714
v -0.00368842 0.00129994 -0.00954913
v -0.00406983 0.00129994 -0.00861962
v -0.00347037 0.00129994 -0.00951109
v -0.00324597 0.00129994 -0.00934726
v -0.00313030 0.00129994 -0.00909463
v -0.00315286 0.00129994 -0.00881771
v -0.00355015 0.00122725 -0.00961003
v -0.00391080 0.00120867 -0.00959452
v -0.00337397 0.00109994 -0.00968763
v -0.00309106 0.00109994 -0.00947375
v -0.00293332 0.00109994 -0.00912927
v -0.00296408 0.00109994 -0.00875164
v -0.00317550 0.00109994 -0.00843724
v -0.00351362 0.00109994 -0.00826629
v -0.00389216 0.00109994 -0.00828243
v -0.00421450 0.00109994 -0.00848153
v -0.00439840 0.00109994 -0.00881279
v -0.00439692 0.00109994 -0.00919165
v -0.00421044 0.00109994 -0.00952146
v -0.00391068 0.00109994 -0.00971038
v -0.00620526 -0.00020006 -0.01634850
v -0.00620809 -0.00020006 -0.01635910
v -0.00317198 -0.00020006 -0.01869937
v -0.00278376 -0.00000006 -0.01844827
v -0.00273199 -0.00020006 -0.01864146
v -0.00242198 -0.00000006 -0.01829842
v -0.00232198 -0.00020006 -0.01847162
v -0.00211132 -0.00000006 -0.01806004
v -0.00196990 -0.00020006 -0.01820146
v -0.00187295 -0.00000006 -0.01774938
v -0.00169974 -0.00020006 -0.01784938
v -0.00172309 -0.00000006 -0.01738760
v -0.00152991 -0.00020006 -0.01743937
v -0.00167198 -0.00000006 -0.01699939
v -0.00147198 -0.00020006 -0.01699938
v -0.00172309 -0.00000006 -0.01661115
v -0.00152991 -0.00020006 -0.01655939
v -0.00187295 -0.00000006 -0.01624938
v -0.00169974 -0.00020006 -0.01614938
v -0.00211132 -0.00000006 -0.01593873
v -0.00196990 -0.00020006 -0.01579730
v -0.00242198 -0.00000006 -0.01570034
v -0.00232198 -0.00020006 -0.01552714
v -0.00278376 -0.00000006 -0.01555049
v -0.00273199 -0.00020006 -0.01535731
v -0.00317199 -0.00000006 -0.01549939
v -0.00317198 -0.00020006 -0.01529938
v -0.00356021 -0.00000006 -0.01555050
v -0.00361198 -0.00020006 -0.01535731
v -0.00392199 -0.00000006 -0.01570035
v -0.00402198 -0.00020006 -0.01552714
v -0.00423264 -0.00000006 -0.01593872
v -0.00437407 -0.00020006 -0.01579730
v -0.00447102 -0.00000006 -0.01624938
v -0.00464423 -0.00020006 -0.01614938
v -0.00462087 -0.00000006 -0.01661115
v -0.00481406 -0.00020006 -0.01655939
v -0.00467198 -0.00000006 -0.01699938
v -0.00487198 -0.00020006 -0.01699938
v -0.00462087 -0.00000006 -0.01738760
v -0.00481406 -0.00020006 -0.01743937
v -0.00447102 -0.00000006 -0.01774939
v -0.00464423 -0.00020006 -0.01784939
v -0.00423264 -0.00000006 -0.01806004
v -0.00437407 -0.00020006 -0.01820147
v -0.00392198 -0.00000006 -0.01829842
v -0.00402198 -0.00020006 -0.01847162
v -0.00356021 -0.00000006 -0.01844826
v -0.00361198 -0.00020006 -0.01864146
v -0.00317198 -0.00000006 -0.01849938
v -0.00372234 0.00079994 -0.01731714
v -0.00438442 0.00079994 -0.01769938
v -0.00380749 0.00079994 -0.01699939
v -0.00457198 0.00079994 -0.01699938
v -0.00372234 0.00079994 -0.01668162
v -0.00438442 0.00079994 -0.01629938
v -0.00348974 0.00079994 -0.01644902
v -0.00387198 0.00079994 -0.01578694
v -0.00317198 0.00079994 -0.01636389
v -0.00317198 0.00079994 -0.01559938
v -0.00285423 0.00079994 -0.01644902
v -0.00247198 0.00079994 -0.01578694
v -0.00262163 0.00079994 -0.01668163
v -0.00195955 0.00079994 -0.01629937
v -0.00253648 0.00079994 -0.01699938
v -0.00177198 0.00079994 -0.01699938
v -0.00262163 0.00079994 -0.01731713
v -0.00195955 0.00079994 -0.01769937
v -0.00285424 0.00079994 -0.01754975
v -0.00247198 0.00079994 -0.01821181
v -0.00317199 0.00079994 -0.01763488
v -0.00317198 0.00079994 -0.01839939
v -0.00348973 0.00079994 -0.01754973
v -0.00387198 0.00079994 -0.01821181
v -0.00317198 0.00069994 -0.01849938
v -0.00242198 0.00069994 -0.01829842
v -0.00187295 0.00069994 -0.01774939
v -0.00167198 0.00069994 -0.01699939
v -0.00187295 0.00069994 -0.01624938
v -0.00242199 0.00069994 -0.01570035
v -0.00317198 0.00069994 -0.01549937
v -0.00392198 0.00069994 -0.01570034
v -0.00447102 0.00069994 -0.01624938
v -0.00467198 0.00069994 -0.01699938
v -0.00447102 0.00069994 -0.01774937
v -0.00392199 0.00069994 -0.01829842
v -0.00317198 -0.00220006 -0.01763488
v -0.00285423 -0.00220006 -0.01754974
v -0.00262162 -0.00220006 -0.01731712
v -0.00253648 -0.00220006 -0.01699938
v -0.00262162 -0.00220006 -0.01668162
v -0.00285423 -0.00220006 -0.01644902
v -0.00317198 -0.00220006 -0.01636388
v -0.00348973 -0.00220006 -0.01644902
v -0.00372234 -0.00220006 -0.01668163
v -0.00380748 -0.00220006 -0.01699938
v -0.00372234 -0.00220006 -0.01731713
v -0.00348973 -0.00220006 -0.01754974
v -0.00317198 -0.00258191 -0.01699938
v -0.00622198 0.00114384 -0.00472902
v -0.00622198 0.00101426 -0.00518949
v -0.00622199 0.00137154 -0.00536917
v -0.00622198 0.00071842 -0.00558883
v -0.00622199 0.00087272 -0.00598201
v -0.00622199 0.00029208 -0.00585648
v -0.00622198 0.00015518 -0.00631295
v -0.00622198 -0.00020200 -0.00594810
v -0.00622198 0.00109930 -0.00423268
v -0.00622198 0.00088000 -0.00378934
v -0.00622198 0.00051179 -0.00345229
v -0.00622198 0.00015518 -0.00288582
v -0.00622198 0.00028060 -0.00333784
v -0.00622198 -0.00019901 -0.00325041
v -0.00622198 -0.00063479 -0.00290424
v -0.00622198 -0.00069159 -0.00334185
v -0.00622198 -0.00111704 -0.00360835
v -0.00622198 -0.00127805 -0.00541227
v -0.00622198 -0.00167062 -0.00551004
v -0.00622198 -0.00149807 -0.00497102
v -0.00622199 -0.00170006 -0.00533253
v -0.00622198 -0.00154384 -0.00446905
v -0.00622198 -0.00141372 -0.00400903
v -0.00622198 -0.00068028 -0.00586108
v -0.00622198 -0.00063479 -0.00629452
v -0.00622198 -0.00090926 -0.00574814
v -0.00622198 -0.00133612 -0.00593049
v -0.00622198 -0.00158548 -0.00566855
v -0.00612198 -0.00064471 -0.00576762
v -0.00612192 -0.00094253 -0.00560499
v -0.00612187 -0.00117956 -0.00537596
v -0.00612183 -0.00143430 -0.00479720
v -0.00612183 -0.00140802 -0.00492083
v -0.00612182 -0.00138140 -0.00500797
v -0.00612185 -0.00123353 -0.00530254
v -0.00612172 -0.00145005 -0.00459393
v -0.00612185 -0.00144633 -0.00450288
v -0.00612246 -0.00137778 -0.00418049
v -0.00612241 -0.00134413 -0.00409580
v -0.00612173 -0.00117274 -0.00381427
v -0.00612174 -0.00111298 -0.00374552
v -0.00612242 -0.00046924 -0.00337871
v -0.00612182 -0.00077893 -0.00349150
v -0.00612187 -0.00085806 -0.00353659
v -0.00612186 -0.00098851 -0.00362941
v -0.00612270 -0.00037965 -0.00336235
v -0.00612293 -0.00019909 -0.00334939
v -0.00612198 0.00024500 -0.00343130
v -0.00612271 -0.00005010 -0.00335841
v 0.00413295 -0.00354721 -0.01996824
v 0.00398627 -0.00330006 -0.01950542
v 0.00410654 -0.00353130 -0.01987398
v 0.00406570 -0.00348331 -0.01973922
v 0.00367979 -0.00330006 -0.01879353
v 0.00396446 -0.00330006 -0.01944624
v -0.00276782 -0.00433757 -0.01387019
v -0.00255662 -0.00450006 -0.01402486
v -0.00257567 -0.00450006 -0.01400709
v -0.00269239 -0.00449975 -0.01391602
v 0.00233330 -0.00444709 -0.01668246
v 0.00238957 -0.00441219 -0.01675779
v 0.00227065 -0.00447311 -0.01659938
v 0.00204861 -0.00450006 -0.01634820
v 0.00215892 -0.00449323 -0.01647513
v 0.00333495 -0.00358485 -0.01816139
v 0.00351154 -0.00338793 -0.01847105
v 0.00298604 -0.00392397 -0.01760553
v 0.00396446 -0.00551130 -0.01944623
v 0.00415710 -0.00556783 -0.02006060
v 0.00427665 -0.00568749 -0.02068877
v 0.00431809 -0.00583730 -0.02122022
v 0.00430397 -0.00602602 -0.02173994
v 0.00428234 -0.00611136 -0.02194312
v 0.00427652 -0.00612956 -0.02198594
v 0.00367627 -0.00550847 -0.01878644
v 0.00366237 -0.00330097 -0.01875856
v 0.00363425 -0.00330619 -0.01870296
v 0.00359181 -0.00332277 -0.01862089
v 0.00333361 -0.00554305 -0.01815912
v 0.00282453 -0.00560608 -0.01736577
v 0.00227065 -0.00565778 -0.01659937
v -0.00067700 -0.00545006 -0.02274938
v -0.00067700 -0.00545006 -0.02244938
v -0.00067700 -0.00485006 -0.02274938
v -0.00067700 -0.00485006 -0.02244939
v -0.00017700 -0.00435006 -0.02244938
v -0.00017700 -0.00435006 -0.02274939
v -0.00036834 -0.00438812 -0.02274938
v -0.00036834 -0.00438812 -0.02244937
v -0.00053055 -0.00449650 -0.02274939
v -0.00053055 -0.00449650 -0.02244938
v -0.00063894 -0.00465872 -0.02274938
v -0.00063894 -0.00465872 -0.02244939
v 0.00334585 -0.00357475 -0.02011658
v 0.00340617 -0.00355081 -0.02021395
v 0.00336801 -0.00356430 -0.02020817
v 0.00335058 -0.00357671 -0.02020015
v 0.00334936 -0.00358170 -0.02026113
v 0.00332385 -0.00362553 -0.02022223
v 0.00332892 -0.00360946 -0.02021438
v 0.00332300 -0.00364988 -0.02033394
v 0.00331512 -0.00364296 -0.02016302
v -0.00308811 -0.00010006 -0.00947011
v -0.00337380 -0.00010006 -0.00968756
v -0.00391036 -0.00010006 -0.00971049
v -0.00417592 -0.00010006 -0.00955485
v -0.00293173 -0.00010006 -0.00911991
v -0.00296894 -0.00010006 -0.00873819
v -0.00319000 -0.00010006 -0.00842476
v -0.00353710 -0.00010006 -0.00826161
v -0.00391948 -0.00010006 -0.00829140
v -0.00423714 -0.00010006 -0.00850633
v -0.00421450 -0.00010006 -0.00848152
v -0.00440700 -0.00010006 -0.00885019
v -0.00439840 -0.00010006 -0.00881278
v -0.00421044 -0.00010006 -0.00952146
v -0.00438464 -0.00010006 -0.00923308
v -0.00439692 -0.00010006 -0.00919165
v -0.00475332 -0.00030006 -0.00159938
v -0.00475094 -0.00037891 -0.00159937
v -0.00222198 -0.00030006 -0.00159938
v -0.00462682 -0.00128771 -0.00159938
v -0.00431617 -0.00218258 -0.00159937
v -0.00246590 -0.00415026 -0.00159938
v -0.00222198 -0.00415026 -0.00159938
v -0.00320749 -0.00364943 -0.00159939
v -0.00382804 -0.00299147 -0.00159938
v -0.00222411 -0.00030006 -0.00170417
v -0.00491948 -0.00030006 -0.00162831
v -0.00506682 -0.00030006 -0.00171002
v -0.00222696 -0.00030006 -0.00183579
v -0.00517828 -0.00030006 -0.00183578
v -0.00523247 -0.00028665 -0.00195648
v -0.00223215 -0.00024995 -0.00206515
v -0.00525308 -0.00024951 -0.00206610
v -0.00223260 -0.00024047 -0.00208476
v -0.00526466 -0.00011859 -0.00224405
v -0.00223687 -0.00008727 -0.00227027
v -0.00526624 -0.00007463 -0.00227981
v -0.00526591 0.00007281 -0.00235656
v -0.00223935 0.00016155 -0.00237863
v -0.00526247 0.00016155 -0.00237863
v -0.00608067 -0.00146632 -0.01652115
v -0.00619126 -0.00070941 -0.01643522
v -0.00620656 -0.00041863 -0.01639387
v -0.00533550 -0.00166303 -0.00357924
v -0.00561773 -0.00167063 -0.00368873
v -0.00561773 -0.00170006 -0.00386624
v -0.00559451 -0.00158746 -0.00353198
v -0.00561773 -0.00158547 -0.00353022
v -0.00538681 -0.00170006 -0.00382535
v -0.00518022 -0.00170006 -0.00371336
v -0.00516580 -0.00167341 -0.00347547
v -0.00552462 -0.00158462 -0.00351579
v -0.00516612 -0.00153850 -0.00310192
v -0.00522525 -0.00156373 -0.00324760
v -0.00516287 -0.00162502 -0.00330581
v -0.00538435 -0.00161793 -0.00350285
v -0.00542708 -0.00155660 -0.00343351
v -0.00529627 -0.00146592 -0.00319565
v -0.00522565 -0.00137259 -0.00296002
v -0.00517252 -0.00145413 -0.00294738
v -0.00519072 -0.00125411 -0.00265413
v 0.00284512 -0.00545006 -0.02274938
v 0.00284512 -0.00435006 -0.02274938
v 0.00325602 -0.00435006 -0.02219938
v 0.00332300 -0.00435006 -0.02194938
v 0.00332300 -0.00435006 -0.02291757
v 0.00317656 -0.00435006 -0.02230293
v 0.00307567 -0.00435006 -0.02280571
v 0.00325427 -0.00435006 -0.02296198
v 0.00334070 -0.00435006 -0.02318302
v 0.00282300 -0.00435006 -0.02244938
v 0.00307300 -0.00435006 -0.02238239
v 0.00282300 -0.00545006 -0.02244938
v 0.00334070 -0.00545006 -0.02318302
v 0.00341263 -0.00545006 -0.02350956
v 0.00317656 -0.00545006 -0.02230293
v 0.00301434 -0.00545006 -0.02241132
v 0.00328494 -0.00545006 -0.02214072
v 0.00332300 -0.00545006 -0.02194938
v 0.00307567 -0.00545006 -0.02280571
v 0.00325427 -0.00545006 -0.02296198
v -0.00612198 -0.00049924 -0.00581305
v -0.00612191 0.00085526 -0.00392946
v -0.00612193 0.00076991 -0.00381093
v -0.00612195 0.00064347 -0.00367690
v -0.00612196 0.00057402 -0.00361791
v -0.00612198 0.00029072 -0.00344975
v -0.00612186 0.00104251 -0.00473551
v -0.00612187 0.00103489 -0.00440599
v -0.00612187 0.00101752 -0.00431654
v -0.00612190 0.00090126 -0.00400812
v -0.00612189 0.00088509 -0.00521983
v -0.00612188 0.00092740 -0.00513913
v -0.00612187 0.00096775 -0.00504517
v -0.00612186 0.00102929 -0.00482566
v -0.00612193 0.00068519 -0.00548191
v -0.00612197 0.00061855 -0.00554405
v -0.00612187 0.00034317 -0.00572516
v -0.00612199 0.00058839 -0.00556935
v -0.00614651 -0.00015202 -0.00587178
v -0.00615141 0.00019580 -0.00581576
v -0.00613625 0.00012433 -0.00582079
v -0.00612198 0.00005252 -0.00582359
v -0.00226733 -0.00141268 -0.00490278
v -0.00224807 -0.00000222 -0.00583363
v -0.00534982 -0.00012570 -0.00584716
v -0.00224753 -0.00020006 -0.00584938
v -0.00534810 -0.00020006 -0.00584938
v -0.00224824 -0.00042639 -0.00582872
v -0.00532743 -0.00055313 -0.00579849
v -0.00225026 -0.00064471 -0.00576762
v -0.00531846 -0.00064601 -0.00576713
v -0.00225936 -0.00113513 -0.00542893
v -0.00528934 -0.00087609 -0.00565079
v -0.00226024 -0.00117003 -0.00538783
v -0.00607506 -0.00087314 -0.00565268
v -0.00546110 -0.00087545 -0.00565122
v -0.00226813 -0.00143430 -0.00479721
v -0.00226887 -0.00141440 -0.00430294
v -0.00226816 -0.00136369 -0.00414281
v -0.00226365 -0.00102569 -0.00366086
v -0.00226325 -0.00098851 -0.00362941
v -0.00225970 -0.00049578 -0.00338487
v -0.00225939 -0.00039789 -0.00336513
v -0.00225946 0.00002611 -0.00337001
v -0.00226042 0.00024574 -0.00343158
v -0.00226305 0.00057106 -0.00361557
v -0.00226537 0.00076991 -0.00381093
v -0.00226775 0.00093826 -0.00408292
v -0.00226905 0.00103419 -0.00440155
v -0.00226872 0.00104780 -0.00467250
v -0.00226782 0.00102761 -0.00483458
v -0.00226580 0.00096774 -0.00504519
v -0.00225597 0.00058839 -0.00556936
v -0.00226056 0.00078368 -0.00537059
v -0.00550176 0.00005506 -0.00582307
v -0.00534946 0.00005568 -0.00582294
v -0.00225114 0.00031339 -0.00573906
v -0.00534990 0.00000240 -0.00583288
v -0.00534987 -0.00005144 -0.00584052
v -0.00609164 -0.00076204 -0.00571594
v -0.00610665 -0.00064471 -0.00576762
v -0.00611469 -0.00057264 -0.00579256
v 0.00039503 -0.00767463 -0.02440778
v 0.00035395 -0.00767791 -0.02441944
v 0.00043795 -0.00765767 -0.02441022
v 0.00085089 -0.00755369 -0.02441845
v 0.00036117 -0.00767735 -0.02440736
v 0.00426069 -0.00616423 -0.02206746
v 0.00424573 -0.00619401 -0.02215073
v 0.00428935 -0.00616519 -0.02441636
v 0.00425266 -0.00619037 -0.02422897
v 0.00417011 -0.00624570 -0.02354323
v 0.00416762 -0.00624703 -0.02283935
v 0.00398377 -0.00636492 -0.02207699
v 0.00332497 -0.00673087 -0.02194313
v 0.00371366 -0.00652548 -0.02201572
v 0.00357502 -0.00658873 -0.02194312
v -0.00651251 -0.00227218 -0.01892453
v 0.00216603 -0.00570436 -0.01659938
v 0.00285782 -0.00694098 -0.02186591
v 0.00210070 -0.00720460 -0.02174813
v 0.00164312 -0.00590281 -0.01659939
v 0.00132158 -0.00738553 -0.02163540
v 0.00097197 -0.00608006 -0.01659938
v 0.00054211 -0.00748149 -0.02153095
v 0.00035273 -0.00617247 -0.01659939
v -0.00024786 -0.00749535 -0.02143364
v -0.00096541 -0.00615382 -0.01659938
v -0.00111719 -0.00741393 -0.02133611
v -0.00224765 -0.00584777 -0.01659939
v -0.00308469 -0.00547309 -0.01659938
v -0.00333047 -0.00602853 -0.01885948
v -0.00197140 -0.00723194 -0.02125038
v -0.00279884 -0.00695177 -0.02117764
v -0.00357013 -0.00658709 -0.02112038
v -0.00500269 -0.00180397 -0.00209490
v -0.00499301 -0.00185150 -0.00215699
v -0.00501362 -0.00228405 -0.00380517
v -0.00495841 -0.00229415 -0.00334159
v -0.00494082 -0.00224396 -0.00301274
v -0.00493933 -0.00221140 -0.00288643
v -0.00495706 -0.00204299 -0.00246427
v -0.00524188 -0.00170006 -0.00442012
v -0.00529711 -0.00170006 -0.00507430
v -0.00522990 -0.00189938 -0.00482270
v -0.00519758 -0.00198024 -0.00469579
v -0.00509761 -0.00217906 -0.00426359
v -0.00503802 -0.00226072 -0.00395414
v -0.00524945 -0.00039829 -0.00206605
v -0.00500919 -0.00177231 -0.00205584
v -0.00511200 -0.00140270 -0.00206001
v -0.00521042 -0.00109788 -0.00256427
v -0.00518022 -0.00106716 -0.00206303
v -0.00524447 -0.00078897 -0.00243143
v -0.00527065 -0.00029012 -0.00233815
v -0.00527132 -0.00010847 -0.00233803
v 0.00088635 -0.00578743 -0.01478978
v 0.00004547 -0.00583221 -0.01345206
v 0.00058616 -0.00589805 -0.01483288
v 0.00165085 -0.00572396 -0.01585712
v 0.00136085 -0.00575026 -0.01547017
v 0.00072317 -0.00592392 -0.01522664
v 0.00078295 -0.00593647 -0.01540332
v 0.00026931 -0.00611606 -0.01597272
v 0.00057931 -0.00604130 -0.01577231
v 0.00082098 -0.00594518 -0.01551899
v -0.00018359 -0.00616744 -0.01615587
v -0.00072596 -0.00616385 -0.01629614
v -0.00133292 -0.00608979 -0.01640365
v -0.00199491 -0.00592954 -0.01649147
v -0.00265070 -0.00568546 -0.01656003
v -0.00140603 -0.00230598 -0.01055412
v -0.00140649 -0.00030006 -0.01055415
v -0.00146862 -0.00030006 -0.01039009
v -0.00128910 -0.00450006 -0.01084431
v -0.00128910 -0.00430035 -0.01084432
v -0.00143982 -0.00571708 -0.01046034
v -0.00134757 -0.00430036 -0.01069933
v -0.00140469 -0.00430038 -0.01055447
v -0.00088325 -0.00450011 -0.01173876
v -0.00098837 -0.00577696 -0.01151761
v -0.00063632 -0.00450007 -0.01222810
v -0.00063528 -0.00580564 -0.01222799
v -0.00028981 -0.00450009 -0.01286965
v -0.00038733 -0.00581890 -0.01269133
v 0.00056866 -0.00450031 -0.01430592
v 0.00137290 -0.00450012 -0.01548813
v -0.00178030 -0.00030005 -0.00941872
v -0.00174909 -0.00563601 -0.00952453
v -0.00198048 -0.00552309 -0.00853315
v -0.00201144 -0.00030005 -0.00836994
v -0.00201151 -0.00550147 -0.00836114
v -0.00213855 -0.00537959 -0.00744597
v -0.00214852 -0.00030006 -0.00736299
v -0.00223267 -0.00520107 -0.00618982
v -0.00217366 -0.00023264 -0.00709915
v -0.00218967 -0.00005612 -0.00690601
v -0.00219617 0.00016155 -0.00682013
v -0.00220297 0.00054958 -0.00672082
v -0.00221449 0.00092464 -0.00654812
v -0.00222921 0.00128994 -0.00628532
v -0.00224444 0.00161513 -0.00592890
v -0.00225731 0.00185856 -0.00550746
v -0.00226510 0.00199702 -0.00508448
v -0.00226876 0.00204994 -0.00460033
v -0.00226791 0.00200321 -0.00414319
v -0.00226409 0.00186871 -0.00371470
v -0.00225843 0.00165061 -0.00331971
v -0.00223439 0.00140714 -0.00617401
v -0.00225944 -0.00480494 -0.00340809
v -0.00226090 -0.00507365 -0.00530900
v -0.00226838 -0.00495197 -0.00446126
v -0.00225235 0.00136198 -0.00297995
v -0.00224695 0.00101924 -0.00270840
v -0.00224253 0.00063377 -0.00250959
v -0.00223233 -0.00456533 -0.00208341
v -0.00223519 -0.00462630 -0.00220987
v -0.00222834 -0.00445480 -0.00190508
v -0.00223701 -0.00465929 -0.00229034
v -0.00281873 -0.00423289 -0.00166398
v -0.00286484 -0.00428246 -0.00170822
v -0.00260698 -0.00445494 -0.00190528
v -0.00275439 -0.00419531 -0.00163329
v -0.00250867 -0.00451383 -0.00199363
v -0.00490056 -0.00139411 -0.00169298
v -0.00466418 -0.00210808 -0.00169131
v -0.00447692 -0.00225762 -0.00163241
v -0.00332008 -0.00378127 -0.00163089
v -0.00310703 -0.00412362 -0.00170912
v -0.00325194 -0.00401565 -0.00170893
v -0.00357055 -0.00373950 -0.00170689
v -0.00399263 -0.00327135 -0.00170114
v -0.00396672 -0.00309692 -0.00163121
v -0.00406723 -0.00317335 -0.00169993
v -0.00435804 -0.00273073 -0.00169503
v -0.00480247 -0.00132930 -0.00163361
v -0.00495708 -0.00136591 -0.00173224
v -0.00491359 -0.00141022 -0.00170531
v -0.00506624 -0.00139179 -0.00188545
v -0.00500028 -0.00158428 -0.00185488
v -0.00500982 -0.00177061 -0.00205363
v -0.00493264 -0.00038598 -0.00163416
v -0.00509217 -0.00039218 -0.00173431
v -0.00520391 -0.00039654 -0.00188961
v -0.00589554 -0.00170006 -0.00507493
v -0.00590570 -0.00170006 -0.00520360
v -0.00591575 -0.00170006 -0.00533252
v -0.00593573 -0.00167037 -0.00551080
v -0.00596480 -0.00158547 -0.00566855
v -0.00609620 -0.00098380 -0.00616406
v -0.00604204 -0.00127583 -0.00597967
v -0.00581167 0.00006434 -0.00286972
v -0.00580729 0.00012417 -0.00288005
v -0.00572289 0.00072829 -0.00311600
v -0.00569304 0.00087254 -0.00321669
v -0.00562283 0.00118211 -0.00352623
v -0.00558530 0.00137093 -0.00382893
v -0.00557538 0.00148384 -0.00412213
v -0.00580859 -0.00051124 -0.00287701
v -0.00579664 -0.00063549 -0.00290462
v -0.00571746 -0.00113279 -0.00312027
v -0.00597657 -0.00154426 -0.00571993
v -0.00614467 -0.00061346 -0.00629986
v -0.00617536 -0.00020717 -0.00634936
v -0.00618337 0.00018012 -0.00630758
v -0.00617295 0.00051765 -0.00619544
v -0.00614344 0.00086935 -0.00598461
v -0.00561307 0.00154981 -0.00459990
v -0.00562674 0.00154731 -0.00468836
v -0.00578569 0.00137157 -0.00536912
v -0.00605475 0.00137145 -0.00536935
v -0.00609962 0.00116755 -0.00569124
v -0.00524533 -0.00121421 -0.00284143
v -0.00531246 -0.00055026 -0.00256579
v -0.00516921 0.00135810 -0.00336327
v -0.00505898 0.00183991 -0.00405307
v -0.00513753 0.00169318 -0.00406252
v -0.00511018 0.00191992 -0.00478784
v -0.00519550 0.00176594 -0.00483745
v -0.00511648 0.00190828 -0.00480554
v -0.00524873 0.00170800 -0.00506251
v -0.00525182 0.00032008 -0.00241033
v -0.00531237 0.00015440 -0.00256771
v -0.00518641 0.00090510 -0.00268921
v -0.00524954 0.00081849 -0.00284356
v -0.00517295 0.00099659 -0.00275579
v -0.00509183 0.00149840 -0.00329355
v -0.00532251 -0.00019805 -0.00253111
v -0.00553192 -0.00111684 -0.00307010
v -0.00546887 0.00156756 -0.00478244
v -0.00563721 0.00140172 -0.00534639
v -0.00540906 0.00150823 -0.00411320
v -0.00544626 0.00120765 -0.00351252
v -0.00553601 0.00072014 -0.00307117
v -0.00536666 -0.00114998 -0.00297650
v -0.00543328 -0.00052700 -0.00272984
v -0.00545043 0.00150914 -0.00525800
v -0.00531599 0.00164439 -0.00481002
v -0.00525831 0.00158035 -0.00409373
v -0.00529060 0.00126358 -0.00345020
v -0.00537101 0.00075327 -0.00297779
v -0.00543324 0.00013049 -0.00273129
v -0.00560658 -0.00051683 -0.00283907
v -0.00560637 0.00011996 -0.00284028
v -0.00500860 0.00199778 -0.00411770
v -0.00503919 0.00204967 -0.00456424
v -0.00507458 0.00198790 -0.00467793
v -0.00516684 0.00100104 -0.00269679
v -0.00510695 0.00133377 -0.00295322
v -0.00504907 0.00163541 -0.00329801
v -0.00501254 0.00186367 -0.00370300
v -0.00522802 0.00056750 -0.00248436
v -0.00294890 0.00427107 -0.00398195
v -0.00015125 0.00537776 -0.01402103
v -0.00106000 0.00535476 -0.01234988
v -0.00256043 0.00524308 -0.01519255
v -0.00581543 0.00186795 -0.01597038
v -0.00469285 0.00373928 -0.01555907
v -0.00492093 0.00346633 -0.01563086
v -0.00509839 0.00322844 -0.01568939
v -0.00563722 0.00229537 -0.01588864
v -0.00549206 0.00258832 -0.01583009
v -0.00615663 0.00049296 -0.01622793
v -0.00607412 0.00097804 -0.01613784
v -0.00601954 0.00121341 -0.01609351
v -0.00356384 0.00474794 -0.01351860
v -0.00191496 0.00544764 -0.01525322
v -0.00125019 0.00556616 -0.01531264
v -0.00057659 0.00559818 -0.01536965
v 0.00075616 0.00540913 -0.01547158
v -0.00288649 0.00475902 -0.00761252
v -0.00295279 0.00458043 -0.00644774
v -0.00357135 0.00391244 -0.00399645
v -0.00411822 0.00342390 -0.00399021
v -0.00457579 0.00282223 -0.00396991
v -0.00483420 0.00279104 -0.00563967
v -0.00482906 0.00261995 -0.00492709
v -0.00481751 0.00252499 -0.00447612
v -0.00475014 0.00228090 -0.00303282
v -0.00419996 0.00379389 -0.00626711
v -0.00471967 0.00338764 -0.00745580
v -0.00468232 0.00316310 -0.00612328
v -0.00480375 0.00307511 -0.00660961
v -0.00398298 0.00451695 -0.01004833
v -0.00430816 0.00415103 -0.00912726
v -0.00406075 0.00439932 -0.00928367
v -0.00457710 0.00371791 -0.00819546
v -0.00306526 0.00509103 -0.01201783
v -0.00343171 0.00490121 -0.01196170
v -0.00353415 0.00485372 -0.01140434
v -0.00354408 0.00483231 -0.01028447
v -0.00369691 0.00475094 -0.01084469
v -0.00392017 0.00457276 -0.01017649
v -0.00248848 0.00527014 -0.01370436
v -0.00304100 0.00504674 -0.01361204
v -0.00341449 0.00488980 -0.01250018
v -0.00347227 0.00483174 -0.01298167
v -0.00360146 0.00472666 -0.01341761
v -0.00380679 0.00456167 -0.01383735
v -0.00414320 0.00427088 -0.01443286
v -0.00438746 0.00404415 -0.01496391
v -0.00456419 0.00387988 -0.01552770
v -0.00335133 0.00486760 -0.00948626
v -0.00415289 0.00420458 -0.00834838
v -0.00349830 0.00467876 -0.00853700
v -0.00275615 0.00493791 -0.00866601
v -0.00255592 0.00510026 -0.00963298
v -0.00183488 0.00523588 -0.01059360
v -0.00358551 0.00447554 -0.00751003
v -0.00361838 0.00427303 -0.00638253
v -0.00191493 0.00541508 -0.01379348
v -0.00132874 0.00548069 -0.01387733
v -0.00258342 0.00526536 -0.01211618
v -0.00208459 0.00536746 -0.01220609
v -0.00314343 0.00503006 -0.01038347
v -0.00272232 0.00516386 -0.01047021
v -0.00228480 0.00523276 -0.01054137
v -0.00157479 0.00539727 -0.01228489
v -0.00073812 0.00546791 -0.01395388
v 0.00009560 0.00554529 -0.01542303
v -0.00541469 0.00016155 -0.00682014
v -0.00539076 0.00060908 -0.00669886
v -0.00534515 0.00100149 -0.00650170
v -0.00527587 0.00137546 -0.00620570
v -0.00519397 0.00168103 -0.00583388
v -0.00511159 0.00189809 -0.00541197
v -0.00504033 0.00202024 -0.00496375
v -0.00499419 0.00204967 -0.00456422
v -0.00544482 -0.00030006 -0.00736298
v -0.00543150 -0.00024985 -0.00713339
v -0.00542214 -0.00008978 -0.00693045
v -0.00541717 0.00005061 -0.00685038
v -0.00541989 -0.00005146 -0.00690289
v -0.00293241 -0.00030006 -0.00959564
v -0.00314366 -0.00030006 -0.00978892
v -0.00350114 -0.00030006 -0.00806487
v -0.00273433 -0.00030006 -0.00915204
v -0.00278146 -0.00030006 -0.00866852
v -0.00306147 -0.00030006 -0.00827153
v -0.00391015 -0.00030006 -0.00991905
v -0.00390961 -0.00030006 -0.01062950
v -0.00431031 -0.00030006 -0.00970297
v -0.00512824 -0.00030004 -0.01009160
v -0.00457469 -0.00030006 -0.00929540
v -0.00514624 -0.00030011 -0.01008341
v -0.00398548 -0.00030006 -0.00810260
v -0.00438784 -0.00030006 -0.00837484
v -0.00552073 -0.00030006 -0.00851177
v -0.00460300 -0.00030006 -0.00881041
v -0.00559756 -0.00030006 -0.00966510
v -0.00540483 -0.00030062 -0.00990833
v -0.00502493 -0.00145958 -0.01013720
v -0.00529099 -0.00151575 -0.00996185
v -0.00548955 -0.00132846 -0.00974989
v -0.00558417 -0.00053086 -0.00967757
v -0.00509409 -0.00277329 -0.00997439
v -0.00532221 -0.00208377 -0.00985241
v -0.00544766 -0.00155475 -0.00977742
v -0.00368206 -0.00450006 -0.01071321
v -0.00403890 -0.00450006 -0.01045915
v -0.00403367 -0.00438446 -0.01050854
v -0.00443913 -0.00400773 -0.01028801
v -0.00442828 -0.00387665 -0.01033892
v -0.00478963 -0.00343829 -0.01012489
v -0.00473899 -0.00332131 -0.01020387
v -0.00498146 -0.00273693 -0.01009787
v -0.00473002 -0.00262123 -0.01026737
v -0.00450057 -0.00316984 -0.01036865
v -0.00420891 -0.00368289 -0.01049740
v -0.00384457 -0.00413758 -0.01065822
v -0.00340508 -0.00450006 -0.01085222
v -0.00362783 -0.00449997 -0.01380751
v -0.00393400 -0.00450006 -0.01390144
v -0.00398535 -0.00450006 -0.01176456
v -0.00172089 -0.00450006 -0.01153489
v -0.00149558 -0.00450006 -0.01146566
v -0.00125270 -0.00450006 -0.01107720
v -0.00132703 -0.00450006 -0.01130088
v -0.00325020 -0.00450007 -0.01379547
v -0.00285516 -0.00450005 -0.01386690
v -0.00195289 -0.00450006 -0.01149323
v -0.00482336 -0.00149326 -0.01302111
v -0.00349625 -0.00445874 -0.01377022
v -0.00396346 -0.00398402 -0.01357011
v -0.00326660 -0.00423829 -0.01370421
v -0.00546975 -0.00020040 -0.01305065
v -0.00562311 -0.00020033 -0.01314019
v -0.00556828 -0.00091072 -0.01314700
v -0.00584438 -0.00020006 -0.01335822
v -0.00473209 -0.00020014 -0.01300462
v -0.00493003 -0.00084925 -0.01297414
v -0.00503996 -0.00020034 -0.01295511
v -0.00370505 -0.00378784 -0.01351229
v -0.00578114 -0.00089340 -0.01334044
v -0.00563549 -0.00160650 -0.01335409
v -0.00545115 -0.00161516 -0.01319785
v -0.00542942 -0.00225121 -0.01339862
v -0.00525654 -0.00230177 -0.01328202
v -0.00511983 -0.00294353 -0.01348769
v -0.00498421 -0.00295901 -0.01339915
v -0.00477492 -0.00352334 -0.01360175
v -0.00463492 -0.00357435 -0.01354800
v -0.00436707 -0.00405503 -0.01374487
v -0.00421175 -0.00413515 -0.01372618
v -0.00534581 -0.00020041 -0.01300203
v -0.00526338 -0.00088418 -0.01300593
v -0.00515074 -0.00156251 -0.01305522
v -0.00496379 -0.00222323 -0.01313691
v -0.00470251 -0.00285504 -0.01325072
v -0.00436798 -0.00344594 -0.01339577
v -0.00464658 -0.00212006 -0.01309892
v -0.00439997 -0.00271876 -0.01320737
v -0.00408501 -0.00327824 -0.01334569
v -0.00286151 -0.00025006 -0.00958516
v -0.00308998 -0.00025006 -0.00981257
v -0.00461555 -0.00025006 -0.00933057
v -0.00352835 -0.00025006 -0.00800976
v -0.00403266 -0.00025006 -0.00806669
v -0.00552415 -0.00025006 -0.00853455
v -0.00465661 -0.00025006 -0.00882472
v -0.00444407 -0.00025006 -0.00836386
v -0.00306103 -0.00025006 -0.00820772
v -0.00275108 -0.00025006 -0.00860958
v -0.00267833 -0.00025006 -0.00911185
v -0.00390962 -0.00025006 -0.01062950
v -0.00391012 -0.00025006 -0.00997062
v -0.00433145 -0.00025006 -0.00975111
v -0.00341255 0.00376946 -0.01367298
v -0.00383953 0.00332406 -0.01348747
v -0.00416499 0.00354944 -0.01361005
v -0.00445042 0.00368884 -0.01387631
v -0.00492534 0.00106774 -0.01301272
v -0.00584590 0.00007956 -0.01336978
v -0.00584805 -0.00000157 -0.01336490
v -0.00577159 0.00049688 -0.01332499
v -0.00584712 -0.00010083 -0.01336294
v -0.00484139 0.00342879 -0.01405823
v -0.00486617 0.00313014 -0.01370729
v -0.00517269 0.00286941 -0.01384976
v -0.00521061 0.00251967 -0.01356455
v -0.00546685 0.00219754 -0.01365961
v -0.00547701 0.00186944 -0.01345222
v -0.00567319 0.00150704 -0.01352198
v -0.00566302 0.00119128 -0.01337244
v -0.00574298 0.00117251 -0.01347257
v -0.00580086 0.00078703 -0.01342717
v -0.00456415 0.00301322 -0.01344144
v -0.00489539 0.00242614 -0.01330012
v -0.00515200 0.00179962 -0.01318963
v -0.00533150 0.00114511 -0.01311164
v -0.00543646 0.00047416 -0.01306555
v -0.00421003 0.00282128 -0.01332600
v -0.00451793 0.00227097 -0.01319144
v -0.00475719 0.00168301 -0.01308660
v 0.00057535 0.00271794 -0.01711271
v 0.00055357 0.00272257 -0.01708835
v 0.00047653 0.00274458 -0.01700115
v -0.00391023 -0.00014395 -0.00986093
v -0.00391033 -0.00005006 -0.00976306
v -0.00419956 -0.00005006 -0.00960077
v -0.00321167 -0.00013825 -0.00975898
v -0.00423282 -0.00005006 -0.00956987
v -0.00442684 -0.00005006 -0.00926433
v -0.00443938 -0.00005006 -0.00922545
v -0.00331304 -0.00005006 -0.00971433
v -0.00302361 -0.00005006 -0.00946801
v -0.00287706 -0.00005006 -0.00908936
v -0.00293526 -0.00005006 -0.00868755
v -0.00318322 -0.00005006 -0.00836605
v -0.00355707 -0.00005006 -0.00820767
v -0.00396052 -0.00005006 -0.00825323
v -0.00428965 -0.00005006 -0.00849097
v -0.00445254 -0.00005006 -0.00882407
v -0.00445969 -0.00005006 -0.00885965
v -0.00302621 0.00112065 -0.00947157
v -0.00331318 0.00112065 -0.00971441
v -0.00391064 0.00112065 -0.00976295
v -0.00423282 0.00112065 -0.00956987
v -0.00443938 0.00112065 -0.00922545
v -0.00287812 0.00112065 -0.00909828
v -0.00293010 0.00112065 -0.00870005
v -0.00316903 0.00112065 -0.00837726
v -0.00353472 0.00112065 -0.00821125
v -0.00393500 0.00112065 -0.00824386
v -0.00426900 0.00112065 -0.00846686
v -0.00445254 0.00112065 -0.00882407
v -0.00391078 0.00124601 -0.00963034
v -0.00391089 0.00134994 -0.00951769
v -0.00407208 0.00134994 -0.00940636
v -0.00364258 0.00134994 -0.00956934
v -0.00349965 0.00126470 -0.00963229
v -0.00343304 0.00134994 -0.00951766
v -0.00321130 0.00134994 -0.00933624
v -0.00310565 0.00134994 -0.00906993
v -0.00314273 0.00134994 -0.00878584
v -0.00331319 0.00134994 -0.00855557
v -0.00357406 0.00134994 -0.00843714
v -0.00385962 0.00134994 -0.00846040
v -0.00409789 0.00134994 -0.00861949
v -0.00422882 0.00134994 -0.00887432
v -0.00421943 0.00134994 -0.00916066
v -0.00391094 0.00134994 -0.00945112
v -0.00391025 0.00209895 -0.01062923
v -0.00377086 0.00283295 -0.01069076
v -0.00337174 0.00346460 -0.01086693
v -0.00326974 -0.00018706 -0.00973338
v -0.00391026 -0.00019349 -0.00980846
v -0.00131711 -0.00430035 -0.01128431
v -0.00125199 -0.00430034 -0.01106757
v -0.00168248 -0.00430045 -0.01153109
v -0.00147113 -0.00430040 -0.01145015
v -0.00195289 -0.00430002 -0.01149322
v -0.00193058 -0.00430039 -0.01150243
v -0.00190787 -0.00430051 -0.01151055
v -0.00172089 -0.00430047 -0.01153490
v -0.00260036 -0.00417708 -0.01120743
v -0.00332271 -0.00371511 -0.01088858
v -0.00390907 -0.00230105 -0.01062974
v -0.00378523 -0.00299325 -0.01068441
v -0.00552689 0.00261260 -0.00271653
v -0.00568816 0.00203301 -0.00245122
v -0.00567765 0.00204155 -0.00246755
v -0.00543123 0.00289946 -0.00289033
v -0.00535608 0.00310558 -0.00303667
v -0.00517971 0.00354088 -0.00341843
v -0.00496962 0.00399864 -0.00395424
v -0.00486109 0.00421632 -0.00426974
v -0.00427517 0.00523642 -0.00644921
v -0.00452930 0.00482293 -0.00540826
v -0.00475518 0.00441886 -0.00460461
v -0.00650342 0.00141019 -0.01105446
v -0.00650805 0.00139645 -0.01105789
v -0.00628252 -0.00193084 -0.01083856
v -0.00619038 -0.00244606 -0.01083675
v -0.00629718 -0.00194541 -0.01090787
v -0.00633662 -0.00194191 -0.01096719
v -0.00640334 -0.00149819 -0.01101580
v -0.00641709 -0.00126558 -0.01101282
v -0.00642758 -0.00100581 -0.01098807
v -0.00643600 -0.00084947 -0.01096674
v -0.00609267 0.00279755 -0.01075692
v -0.00608901 0.00279600 -0.01075687
v -0.00628994 0.00211473 -0.01092173
v -0.00638835 0.00177565 -0.01099090
v -0.00602018 0.00277760 -0.00979188
v -0.00603673 0.00277723 -0.01021813
v -0.00600107 0.00276291 -0.00979285
v -0.00600132 0.00276369 -0.00977740
v -0.00598375 0.00274609 -0.00979193
v -0.00607868 0.00279140 -0.01073907
v -0.00606319 0.00278347 -0.01069964
v -0.00605455 0.00277827 -0.01064159
v -0.00652478 0.00041834 -0.01016911
v -0.00623510 -0.00199728 -0.01023272
v -0.00630373 -0.00198561 -0.01007615
v -0.00626101 -0.00198562 -0.01012975
v -0.00623770 -0.00199182 -0.01019643
v -0.00636373 -0.00199191 -0.01003893
v -0.00652873 -0.00080323 -0.01017047
v -0.00634374 0.00162789 -0.01003236
v -0.00615472 0.00233030 -0.00988966
v -0.00624899 0.00196302 -0.00997533
v -0.00638910 0.00116122 -0.01012512
v -0.00646274 0.00041585 -0.01020659
v -0.00644715 0.00035943 -0.01022977
v -0.00642825 -0.00041145 -0.01030765
v -0.00626872 -0.00182786 -0.01026047
v -0.00639971 -0.00080550 -0.01037004
v -0.00640100 -0.00080350 -0.01033240
v -0.00640815 -0.00066624 -0.01037725
v -0.00646660 -0.00080108 -0.01020804
v -0.00642323 -0.00080118 -0.01026326
v -0.00641096 -0.00062292 -0.01034553
v -0.00640804 -0.00065980 -0.01036393
v -0.00642565 -0.00065800 -0.01063697
v -0.00643934 -0.00068173 -0.01090366
v 0.00576235 0.00482246 -0.02420249
v 0.00653844 0.00453971 -0.02234343
v 0.00576001 0.00482245 -0.02111333
v 0.00730969 0.00425866 -0.02027777
v 0.00516712 0.00503777 -0.02001538
v 0.00587174 0.00478140 -0.01958912
v 0.00459698 0.00524486 -0.01911668
v 0.00445562 0.00520861 -0.01867089
v 0.00444614 0.00525756 -0.01878746
v 0.00595293 0.00471283 -0.01934115
v 0.00449489 0.00527186 -0.01894498
v 0.00645574 0.00398442 -0.01896513
v 0.00600004 0.00417010 -0.01876986
v 0.00601947 0.00439577 -0.01891624
v 0.00501659 0.00456882 -0.01840816
v 0.00471955 0.00489033 -0.01845113
v 0.00452767 0.00510578 -0.01855738
v 0.00600351 0.00458133 -0.01911120
v 0.00741268 0.00417715 -0.02002332
v 0.00745275 0.00410563 -0.01989657
v 0.00747943 0.00402582 -0.01978972
v 0.00750400 0.00381619 -0.01959638
v 0.00748492 0.00356597 -0.01945847
v 0.00466075 -0.00161414 -0.01710962
v 0.00645789 -0.00398094 -0.01896513
v 0.00418863 -0.00260214 -0.01710998
v 0.00600220 -0.00416691 -0.01876983
v 0.00358940 -0.00337882 -0.01711043
v 0.00501905 -0.00456612 -0.01840817
v 0.00397305 -0.00443390 -0.01782743
v 0.00411183 -0.00489890 -0.01813716
v 0.00416697 -0.00510480 -0.01827286
v 0.00455036 -0.00503204 -0.01840852
v 0.00421863 -0.00531235 -0.01840876
v 0.00465988 0.00161664 -0.01710962
v 0.00418723 0.00260439 -0.01710998
v 0.00358758 0.00338075 -0.01711044
v 0.00394449 0.00435527 -0.01777293
v 0.00415231 0.00506121 -0.01824274
v 0.00421577 0.00531462 -0.01840876
v 0.00748684 -0.00356194 -0.01945847
v 0.00783426 -0.00271565 -0.01945822
v 0.00793129 -0.00241826 -0.01945814
v 0.00490265 -0.00054618 -0.01710944
v 0.00820179 -0.00122143 -0.01945793
v 0.00820113 0.00122584 -0.01945793
v 0.00824075 0.00092334 -0.01945790
v 0.00490235 0.00054882 -0.01710945
v 0.00829240 0.00000223 -0.01945788
v 0.00824124 -0.00091891 -0.01945792
v 0.00792999 0.00242252 -0.01945814
v 0.00783280 0.00271986 -0.01945822
v 0.00358739 0.00410097 -0.01711043
v 0.00328011 0.00538025 -0.01661627
v 0.00348383 0.00535308 -0.01693857
v 0.00376703 0.00531972 -0.01742839
v 0.00388189 0.00531049 -0.01764725
v 0.00410291 0.00530531 -0.01812246
v 0.00250327 0.00410067 -0.01551772
v 0.00250291 0.00545840 -0.01551771
v 0.00262231 0.00410071 -0.01567602
v 0.00312849 0.00410084 -0.01638744
v -0.00565745 0.00110105 -0.01182741
v -0.00456084 0.00377814 -0.01210731
v -0.00487854 0.00330321 -0.01203446
v -0.00493690 0.00317754 -0.01087665
v -0.00514908 0.00279155 -0.01196849
v -0.00536934 0.00224900 -0.01191097
v -0.00575574 -0.00005155 -0.01199930
v -0.00575788 -0.00002656 -0.01199924
v -0.00575697 -0.00000155 -0.01199938
v -0.00535440 0.00215292 -0.01073613
v 0.00348669 -0.00489906 -0.01693873
v 0.00346188 -0.00535553 -0.01689817
v 0.00308688 -0.00540134 -0.01632248
v 0.00250569 -0.00489933 -0.01551771
v 0.00277369 -0.00543554 -0.01587835
v 0.00250584 -0.00545705 -0.01551770
v 0.00392501 -0.00530663 -0.01772779
v 0.00471256 -0.00489786 -0.01845384
v 0.00450767 -0.00526830 -0.01896547
v 0.00444954 -0.00525638 -0.01879154
v 0.00595538 -0.00470966 -0.01934111
v 0.00445753 -0.00520809 -0.01867363
v 0.00600590 -0.00457813 -0.01911118
v 0.00731197 -0.00425473 -0.02027776
v 0.00587424 -0.00477827 -0.01958908
v 0.00459980 -0.00524239 -0.01911669
v 0.00454453 -0.00508629 -0.01854453
v 0.00602175 -0.00439256 -0.01891620
v 0.00741493 -0.00417317 -0.02002332
v 0.00748160 -0.00402180 -0.01978972
v 0.00750605 -0.00381215 -0.01959638
v 0.00576494 -0.00481936 -0.02420249
v 0.00576260 -0.00481936 -0.02111333
v 0.00654088 -0.00453619 -0.02234343
v 0.00516982 -0.00503499 -0.02001537
v 0.00682894 -0.00435960 -0.02248176
v 0.00577149 -0.00481173 -0.02441525
v 0.00599847 -0.00467243 -0.02441503
v 0.00622955 -0.00443346 -0.02441489
v 0.00703394 -0.00408238 -0.02260188
v 0.00762971 -0.00405169 -0.02041820
v 0.00784182 -0.00373077 -0.02053618
v 0.00486221 -0.00686285 -0.02441592
v 0.00469231 -0.00694405 -0.02441606
v 0.00451499 -0.00700723 -0.02441619
v 0.00352802 -0.00725186 -0.02441694
v 0.00200947 -0.00746751 -0.02441809
v 0.00509198 -0.00671561 -0.02441576
v 0.00543935 -0.00643848 -0.02441549
v 0.00602225 0.00465470 -0.02441500
v 0.00576890 0.00481483 -0.02441525
v 0.00631095 0.00558970 -0.02441484
v 0.00567535 0.00492441 -0.02441531
v 0.00543589 0.00644140 -0.02441549
v 0.00442440 0.00606942 -0.02441625
v 0.00508837 0.00671835 -0.02441576
v 0.00485852 0.00686546 -0.02441593
v 0.00294820 0.00690411 -0.02441738
v 0.00451122 0.00700966 -0.02441619
v 0.00468858 0.00694657 -0.02441606
v 0.00034991 0.00749268 -0.02441934
v 0.00034991 0.00752329 -0.02441934
v 0.00132220 0.00738582 -0.02441860
v 0.00146564 0.00750443 -0.02441850
v 0.00301128 0.00734647 -0.02441733
v 0.00504036 -0.00557051 -0.02441580
v 0.00631395 -0.00558631 -0.02441483
v 0.00705604 -0.00461656 -0.02441427
v 0.00764999 -0.00354963 -0.02441382
v 0.00674125 -0.00361072 -0.02441451
v 0.00808331 -0.00240798 -0.02441349
v 0.00731851 -0.00222316 -0.02441407
v 0.00834687 -0.00121565 -0.02441329
v 0.00761265 -0.00074938 -0.02441384
v 0.00622717 0.00443680 -0.02441489
v 0.00705356 0.00462035 -0.02441427
v 0.00673931 0.00361434 -0.02441451
v 0.00764808 0.00355374 -0.02441382
v 0.00731732 0.00222709 -0.02441407
v 0.00808201 0.00241233 -0.02441350
v 0.00761224 0.00075347 -0.02441385
v 0.00834621 0.00122014 -0.02441329
v 0.00843512 0.00000227 -0.02441323
v 0.00703175 0.00408616 -0.02260188
v 0.00762753 0.00405579 -0.02041819
v 0.00682660 0.00436328 -0.02248176
v 0.00783981 0.00373499 -0.02053619
v 0.00754974 0.00410212 -0.02005891
v 0.00758962 0.00410213 -0.02027837
v 0.00780878 0.00386013 -0.02027849
v 0.00786073 0.00374512 -0.02013241
v 0.00775485 0.00386011 -0.01998171
v 0.00773561 0.00368553 -0.01975246
v 0.00759967 0.00386007 -0.01972305
v 0.00861292 0.00128743 -0.02013185
v 0.00832816 0.00254423 -0.02013207
v 0.00830598 0.00253735 -0.02053582
v 0.00819694 -0.00249934 -0.01975212
v 0.00847652 -0.00126239 -0.01975190
v 0.00857017 0.00000230 -0.01975184
v 0.00847584 0.00126694 -0.01975190
v 0.00819560 0.00250374 -0.01975212
v 0.00870878 0.00000234 -0.02013177
v 0.00861362 -0.00128280 -0.02013184
v 0.00773759 -0.00368137 -0.01975246
v 0.00832952 -0.00253975 -0.02013206
v 0.00786274 -0.00374090 -0.02013242
v 0.00830734 -0.00253288 -0.02053583
v 0.00859066 -0.00127933 -0.02053562
v 0.00858997 0.00128394 -0.02053562
v 0.00864320 0.00085605 -0.02053558
v 0.00868557 0.00000234 -0.02053554
v 0.00864366 -0.00085141 -0.02053558
v 0.00358965 -0.00429903 -0.01711043
v 0.00250553 -0.00429933 -0.01551770
v 0.00262457 -0.00429929 -0.01567603
v 0.00313075 -0.00429916 -0.01638743
v 0.00358934 -0.00315210 -0.01711043
v 0.00280585 -0.00309924 -0.01711102
v 0.00057691 -0.00309985 -0.01711271
v 0.00280424 0.00290075 -0.01711102
v 0.00358770 0.00295403 -0.01711044
v 0.00278838 0.00356301 -0.01590195
v 0.00268497 0.00376684 -0.01576049
v 0.00262930 0.00398799 -0.01568538
v 0.00298927 0.00331953 -0.01618448
v 0.00327722 0.00309831 -0.01661089
v 0.00306672 0.00324945 -0.01629644
v -0.00203943 0.00223782 -0.00405075
v -0.00203753 0.00479161 -0.00419489
v -0.00203696 0.00219856 -0.00419488
v -0.00199307 0.00490621 -0.00539669
v -0.00202664 0.00200954 -0.00463897
v -0.00204416 0.00226622 -0.00313042
v -0.00203716 0.00465301 -0.00233099
v -0.00204400 0.00229950 -0.00358542
v -0.00204380 0.00474945 -0.00369256
v -0.00204227 0.00476382 -0.00386857
v -0.00200067 0.00394966 -0.00052112
v -0.00200230 0.00405640 -0.00060667
v -0.00202912 0.00163551 -0.00190455
v -0.00200557 0.00420748 -0.00076552
v -0.00201158 0.00438427 -0.00104298
v -0.00204084 0.00213887 -0.00267448
v -0.00203557 0.00193419 -0.00227486
v -0.00202711 0.00462219 -0.00177085
v -0.00202673 0.00462064 -0.00174131
v -0.00202408 0.00134056 -0.00165259
v -0.00201909 0.00093790 -0.00142129
v -0.00199959 -0.00005054 -0.00052112
v -0.00201566 0.00047131 -0.00126998
v -0.00201463 -0.00000054 -0.00122113
v -0.00200445 -0.00005054 -0.00076189
v -0.00201462 -0.00005054 -0.00122167
v -0.00196758 0.00046211 -0.00577408
v -0.00197035 0.00061447 -0.00573735
v -0.00193766 0.00498685 -0.00613610
v -0.00196395 -0.00010053 -0.00581891
v -0.00196437 0.00017295 -0.00581453
v -0.00193646 -0.00010052 -0.00613659
v -0.00198261 0.00105586 -0.00556414
v -0.00199708 0.00142521 -0.00532590
v -0.00201152 0.00173207 -0.00503377
v -0.00188369 0.00504517 -0.00662894
v -0.00178391 -0.00010048 -0.00729151
v -0.00170612 0.00517840 -0.00770018
v -0.00155198 -0.00010042 -0.00834010
v -0.00143683 0.00529834 -0.00873310
v -0.00123957 -0.00010035 -0.00931125
v -0.00051158 -0.00180944 -0.01094818
v -0.00106035 -0.00220028 -0.00976591
v -0.00106066 -0.00010028 -0.00976580
v -0.00105789 -0.00430028 -0.00976501
v -0.00079696 -0.00430021 -0.01036217
v -0.00051135 -0.00430014 -0.01094799
v -0.00050918 0.00409986 -0.01094993
v -0.00110722 0.00537915 -0.00964482
v -0.00066638 0.00542915 -0.01062690
v -0.00050055 0.00409990 -0.01096689
v -0.00123972 0.00535253 -0.00930553
v -0.00040414 0.00543839 -0.01114831
v -0.00028354 0.00543921 -0.01137739
v 0.00017973 0.00410525 -0.01220920
v 0.00000747 0.00543481 -0.01190737
v 0.00059131 0.00410183 -0.01289445
v 0.00047119 0.00541865 -0.01269832
v 0.00102051 0.00410019 -0.01356549
v 0.00123444 0.00539167 -0.01387945
v 0.00181876 0.00409892 -0.01469401
v 0.00189906 0.00540233 -0.01479559
v 0.00159371 0.00539119 -0.01438832
v -0.00259012 0.00403497 -0.00058857
v -0.00251892 0.00399497 -0.00055499
v -0.00324078 0.00344974 -0.00055407
v -0.00245669 0.00397276 -0.00053857
v -0.00223044 0.00394960 -0.00052129
v -0.00242841 0.00384095 -0.00052143
v -0.00479944 -0.00005132 -0.00060132
v -0.00487311 -0.00005133 -0.00065812
v -0.00479454 0.00088479 -0.00065654
v -0.00495844 -0.00005133 -0.00076413
v -0.00496899 -0.00005138 -0.00078209
v -0.00490461 0.00090425 -0.00081002
v -0.00463832 0.00085722 -0.00055754
v -0.00446031 0.00082581 -0.00052298
v -0.00471363 -0.00005129 -0.00055794
v -0.00453313 -0.00000122 -0.00052303
v -0.00458620 -0.00005124 -0.00052616
v -0.00453168 -0.00005122 -0.00052303
v -0.00264566 0.00410673 -0.00065458
v -0.00503030 -0.00005135 -0.00099012
v -0.00503032 -0.00002635 -0.00099010
v -0.00503082 -0.00000135 -0.00099005
v -0.00342354 0.00364628 -0.00079071
v -0.00345898 0.00368565 -0.00095764
v -0.00265541 0.00422760 -0.00080137
v -0.00268018 0.00427017 -0.00097349
v -0.00410849 0.00284928 -0.00079302
v -0.00460637 0.00192978 -0.00080171
v -0.00458841 0.00209836 -0.00097119
v -0.00441044 0.00245721 -0.00096615
v -0.00415133 0.00287917 -0.00096074
v -0.00377963 0.00335617 -0.00095703
v -0.00495076 0.00091233 -0.00098532
v -0.00489469 0.00118602 -0.00098266
v -0.00465245 0.00194835 -0.00097327
v -0.00450234 0.00188752 -0.00065232
v -0.00401536 0.00278559 -0.00064780
v -0.00334676 0.00356338 -0.00064641
v -0.00264993 0.00421572 -0.00077653
v -0.00256201 0.00433399 -0.00095063
v -0.00253937 0.00434983 -0.00097844
v -0.00388666 0.00269805 -0.00055480
v -0.00435690 0.00182842 -0.00055626
v -0.00312112 0.00332181 -0.00052196
v -0.00374127 0.00259938 -0.00052243
v -0.00419199 0.00176140 -0.00052278
v -0.00444896 0.00088794 -0.00052297
v -0.00594467 0.00184657 -0.00489314
v -0.00595637 0.00180638 -0.00494581
v -0.00572220 0.00175503 -0.00203918
v -0.00569017 0.00201294 -0.00241399
v -0.00575616 0.00150407 -0.00178525
v -0.00488359 0.00150432 -0.00178459
v -0.00576787 0.00141333 -0.00171065
v -0.00494033 0.00119529 -0.00155914
v -0.00581409 0.00099615 -0.00145168
v -0.00500011 0.00077802 -0.00135945
v -0.00583744 0.00068174 -0.00132787
v -0.00501055 0.00068200 -0.00132724
v -0.00584421 0.00053904 -0.00128847
v -0.00503742 0.00033000 -0.00124740
v -0.00584834 0.00011552 -0.00122700
v -0.00504590 -0.00000136 -0.00122341
v -0.00504553 -0.00005135 -0.00122396
v -0.00583244 -0.00025539 -0.00123807
v -0.00504043 -0.00025524 -0.00123747
v -0.00582506 -0.00035537 -0.00125139
v -0.00502438 -0.00051440 -0.00128135
v -0.00577691 -0.00079783 -0.00136620
v -0.00497390 -0.00096029 -0.00143282
v -0.00572285 -0.00114972 -0.00153103
v -0.00494438 -0.00114955 -0.00153046
v -0.00491203 -0.00133289 -0.00164797
v -0.00570939 -0.00122707 -0.00157763
v -0.00565467 -0.00151962 -0.00179605
v -0.00559200 -0.00184413 -0.00214735
v -0.00555489 -0.00206922 -0.00251658
v -0.00557036 -0.00229847 -0.00340585
v -0.00554665 -0.00224409 -0.00301314
v -0.00554533 -0.00223010 -0.00295521
v -0.00562813 -0.00227506 -0.00387166
v -0.00564152 -0.00226087 -0.00395438
v -0.00580580 -0.00195585 -0.00473674
v -0.00571007 -0.00215952 -0.00431958
v -0.00498231 0.00207350 -0.00451588
v -0.00583887 0.00213500 -0.00437554
v -0.00591102 0.00195198 -0.00473797
v -0.00603380 0.00148241 -0.00528134
v 0.00755195 -0.00409806 -0.02005890
v 0.00781085 -0.00385593 -0.02027849
v 0.00759183 -0.00409805 -0.02027836
v 0.00775693 -0.00385594 -0.01998171
v 0.00760175 -0.00385598 -0.01972305
v 0.00471583 0.00770470 -0.02410428
v 0.00469998 0.00765077 -0.02415824
v 0.00311595 0.00800374 -0.02416234
v 0.00151496 0.00848758 -0.02359297
v 0.00073886 0.00848740 -0.02369408
v 0.00088214 0.00852130 -0.02338266
v 0.00149912 0.00816721 -0.02416508
v 0.00049056 0.00818104 -0.02417342
v 0.00061670 0.00837951 -0.02393890
v 0.00039813 0.00793410 -0.02433532
v 0.00148340 0.00785490 -0.02435279
v 0.00035333 0.00766046 -0.02441116
v 0.00461121 0.00734908 -0.02434924
v 0.00306668 0.00769418 -0.02435118
v 0.00314677 0.00819795 -0.02392446
v 0.00150892 0.00836359 -0.02392844
v 0.00475533 0.00783920 -0.02391792
v 0.00316594 0.00831972 -0.02358749
v 0.00478943 0.00795576 -0.02357805
v 0.00477569 0.00790867 -0.02376326
v 0.00151557 0.00850266 -0.02338175
v 0.00241813 0.00843337 -0.02337905
v 0.00316804 0.00833371 -0.02337556
v 0.00423632 0.00811792 -0.02336889
v 0.00479276 0.00796760 -0.02336475
v 0.00507248 0.00786882 -0.02345491
v 0.00502496 0.00717466 -0.02435067
v 0.00503909 0.00778807 -0.02382570
v 0.00527563 0.00764084 -0.02388882
v 0.00532775 0.00773811 -0.02354856
v 0.00517038 0.00744498 -0.02416801
v 0.00526319 0.00695006 -0.02437256
v 0.00545491 0.00720427 -0.02420884
v 0.00559954 0.00739620 -0.02394344
v 0.00566965 0.00748937 -0.02367414
v 0.00562270 0.00666356 -0.02437230
v 0.00652794 0.00578248 -0.02437161
v 0.00729616 0.00477970 -0.02437102
v 0.00791119 0.00367630 -0.02437056
v 0.00836009 0.00249553 -0.02437022
v 0.00863340 0.00126222 -0.02437001
v 0.00872537 0.00000234 -0.02436995
v 0.00863407 -0.00125758 -0.02437001
v 0.00836143 -0.00249103 -0.02437022
v 0.00791316 -0.00367205 -0.02437056
v 0.00729873 -0.00477578 -0.02437102
v 0.00653105 -0.00577898 -0.02437161
v 0.00562628 -0.00666054 -0.02437229
v 0.00526693 -0.00694723 -0.02437256
v 0.00545878 -0.00720134 -0.02420883
v 0.00560351 -0.00739319 -0.02394343
v 0.00583128 -0.00690416 -0.02420855
v 0.00746251 -0.00571057 -0.02367278
v 0.00703588 -0.00622741 -0.02367310
v 0.00694878 -0.00614994 -0.02394241
v 0.00606091 -0.00717738 -0.02367384
v 0.00598594 -0.00708809 -0.02394314
v 0.00567367 -0.00748632 -0.02367413
v 0.00786313 -0.00514637 -0.02367248
v 0.00776574 -0.00508235 -0.02394180
v 0.00839452 -0.00422671 -0.02367207
v 0.00841962 -0.00390777 -0.02394130
v 0.00852525 -0.00395700 -0.02367198
v 0.00889665 -0.00265094 -0.02394095
v 0.00900830 -0.00268433 -0.02367161
v 0.00918681 -0.00133831 -0.02394072
v 0.00930210 -0.00135517 -0.02367139
v 0.00839224 0.00423122 -0.02367208
v 0.00852312 0.00396158 -0.02367198
v 0.00841752 0.00391229 -0.02394131
v 0.00900685 0.00268918 -0.02367161
v 0.00889523 0.00265572 -0.02394095
v 0.00930137 0.00136017 -0.02367138
v 0.00918609 0.00134324 -0.02394072
v 0.00935925 0.00087865 -0.02367135
v 0.00928396 0.00000249 -0.02394065
v 0.00940048 0.00000253 -0.02367131
v 0.00935972 -0.00087362 -0.02367135
v 0.00786037 0.00515060 -0.02367247
v 0.00776301 0.00508652 -0.02394180
v 0.00745944 0.00571458 -0.02367278
v 0.00694547 0.00615368 -0.02394241
v 0.00703254 0.00623119 -0.02367310
v 0.00598213 0.00709131 -0.02394314
v 0.00605705 0.00718064 -0.02367385
v 0.00676914 -0.00599036 -0.02420784
v 0.00756490 -0.00495046 -0.02420724
v 0.00820181 -0.00380637 -0.02420676
v 0.00866646 -0.00258215 -0.02420641
v 0.00894909 -0.00130358 -0.02420618
v 0.00904372 0.00000243 -0.02420612
v 0.00894838 0.00130839 -0.02420619
v 0.00866508 0.00258681 -0.02420641
v 0.00819976 0.00381078 -0.02420675
v 0.00756223 0.00495453 -0.02420724
v 0.00676591 0.00599399 -0.02420784
v 0.00582756 0.00690729 -0.02420855
v 0.00502882 -0.00717196 -0.02435066
v 0.00517437 -0.00744220 -0.02416802
v 0.00527973 -0.00763800 -0.02388882
v 0.00533191 -0.00773525 -0.02354857
v 0.00479373 -0.00795327 -0.02357746
v 0.00477994 -0.00790610 -0.02376327
v 0.00504328 -0.00778536 -0.02382569
v 0.00475961 -0.00783688 -0.02391750
v 0.00507671 -0.00786610 -0.02345491
v 0.00479704 -0.00796503 -0.02336474
v 0.00471997 -0.00770216 -0.02410427
v 0.00470406 -0.00764813 -0.02415834
v 0.00461514 -0.00734654 -0.02434927
v 0.00522843 0.00000141 -0.00386973
v 0.00398055 0.00000107 -0.00235801
v 0.00400058 -0.00057845 -0.00242888
v 0.00279682 -0.00030970 -0.00129718
v 0.00277609 -0.00034687 -0.00128388
v 0.00335708 -0.00047760 -0.00177563
v 0.00169548 -0.00223310 -0.00096982
v 0.00154965 -0.00248154 -0.00096497
v 0.00219948 -0.00293398 -0.00165142
v 0.00122647 -0.00302458 -0.00097382
v 0.00898669 -0.00089460 -0.01248218
v 0.00905220 0.00000243 -0.01246896
v 0.00832677 0.00000224 -0.01016284
v 0.00850168 -0.00264082 -0.01258260
v 0.00810919 -0.00346601 -0.01266623
v 0.00888400 -0.00357062 -0.01562903
v 0.01020387 -0.00187812 -0.01865154
v 0.01035219 -0.00151845 -0.01901972
v 0.01045965 -0.00077332 -0.01893418
v 0.00996315 -0.00290691 -0.01931432
v 0.00991068 -0.00278632 -0.01870808
v 0.00957828 -0.00183391 -0.01548703
v 0.00475642 -0.00773245 -0.01982760
v 0.00499366 -0.00789442 -0.02317504
v 0.00591408 -0.00749926 -0.02235902
v 0.00390780 -0.00799388 -0.02004702
v 0.00372383 -0.00823154 -0.02337241
v 0.00052448 -0.00839434 -0.02052750
v 0.00074477 -0.00853296 -0.02369466
v 0.00081612 -0.00852710 -0.02353860
v 0.00242298 -0.00843170 -0.02337923
v 0.00218327 -0.00832090 -0.02054514
v 0.00209202 -0.00846348 -0.02338043
v 0.00088672 -0.00852083 -0.02338266
v 0.00184199 -0.00814710 -0.01743209
v 0.00150777 -0.00793377 -0.01437057
v 0.00005724 -0.00799119 -0.01453174
v -0.00006079 -0.00782257 -0.01234054
v 0.00121509 -0.00766211 -0.01103860
v -0.00010289 -0.00774175 -0.01140579
v 0.00107946 -0.00748161 -0.00936395
v -0.00016701 -0.00757817 -0.00976859
v 0.00094642 -0.00725707 -0.00775732
v -0.00022370 -0.00735514 -0.00800987
v -0.00020394 -0.00744577 -0.00866691
v -0.00028502 -0.00687041 -0.00545461
v -0.00026333 -0.00709452 -0.00647137
v 0.00081253 -0.00697778 -0.00627406
v -0.00025472 -0.00716443 -0.00683945
v 0.00067256 -0.00664029 -0.00495844
v -0.00029230 -0.00678257 -0.00510765
v 0.00033001 -0.00586915 -0.00286601
v -0.00032164 -0.00643553 -0.00393647
v 0.00051572 -0.00626317 -0.00382118
v -0.00031511 -0.00650711 -0.00415575
v -0.00030933 -0.00657396 -0.00437019
v -0.00042215 -0.00575986 -0.00227887
v -0.00038526 -0.00594428 -0.00266053
v -0.00036334 -0.00607981 -0.00297782
v 0.00010053 -0.00548063 -0.00208843
v -0.00017832 -0.00511236 -0.00146986
v -0.00050432 -0.00545928 -0.00177126
v 0.00469796 -0.00576912 -0.00866135
v 0.00510389 -0.00593097 -0.01015160
v 0.00568474 -0.00538611 -0.01002839
v 0.00585389 -0.00616861 -0.01318235
v 0.00649382 -0.00560602 -0.01302958
v 0.00653746 -0.00634582 -0.01615185
v 0.00721506 -0.00576982 -0.01599428
v 0.00712855 -0.00648877 -0.01927883
v 0.00782825 -0.00590235 -0.01912990
v 0.01038676 -0.00094410 -0.01861679
v 0.00976522 -0.00092187 -0.01545012
v 0.01049729 0.00000282 -0.01890343
v 0.01019086 0.00000274 -0.01714402
v 0.00982994 0.00000264 -0.01543755
v 0.00941729 0.00000253 -0.01377902
v 0.00216228 -0.00142728 -0.00103464
v 0.00273556 -0.00196141 -0.00164727
v 0.00341579 -0.00228582 -0.00242274
v 0.00426643 -0.00556618 -0.00722816
v 0.00476701 -0.00504929 -0.00714392
v 0.00380555 -0.00531285 -0.00588224
v 0.00469673 -0.00425218 -0.00573873
v 0.00524816 -0.00446113 -0.00705390
v 0.00569614 -0.00381122 -0.00696306
v 0.00623525 -0.00476315 -0.00990988
v 0.00674150 -0.00407240 -0.00979946
v 0.00709176 -0.00496061 -0.01289150
v 0.00763472 -0.00424328 -0.01276980
v 0.00783962 -0.00510753 -0.01585385
v 0.00839979 -0.00437030 -0.01573169
v 0.00846599 -0.00522671 -0.01899732
v 0.00903208 -0.00447354 -0.01888208
v 0.00331269 -0.00500327 -0.00464861
v 0.00261089 -0.00064067 -0.00119130
v 0.00319044 -0.00096376 -0.00171785
v 0.00386130 -0.00115576 -0.00241693
v 0.00457693 -0.00130340 -0.00327942
v 0.00296776 0.00000080 -0.00142086
v 0.00347495 0.00000093 -0.00184984
v 0.00602996 -0.00151770 -0.00546087
v 0.00531293 -0.00142215 -0.00430027
v 0.00509139 -0.00211285 -0.00434420
v 0.00411205 -0.00255481 -0.00334246
v 0.00284633 -0.00333736 -0.00247815
v 0.00165334 -0.00379144 -0.00170106
v 0.00060804 -0.00401731 -0.00106658
v 0.00756231 -0.00253282 -0.00961778
v 0.00718877 -0.00332518 -0.00970085
v 0.00702365 -0.00245943 -0.00817758
v 0.00609621 -0.00310995 -0.00687697
v 0.00643363 -0.00236774 -0.00680115
v 0.00547576 -0.00296124 -0.00558320
v 0.00784737 -0.00170661 -0.00955394
v 0.00729781 -0.00165694 -0.00811440
v 0.00001557 -0.00486900 -0.00133020
v -0.00013444 -0.00505934 -0.00143535
v 0.00061765 -0.00505063 -0.00190912
v 0.00669340 -0.00159488 -0.00674086
v 0.00578823 -0.00225370 -0.00551524
v 0.00480709 -0.00277803 -0.00440016
v 0.00410541 -0.00399608 -0.00453021
v 0.00348456 -0.00369135 -0.00344014
v 0.00278857 -0.00464196 -0.00353650
v 0.00223462 -0.00423549 -0.00255213
v 0.00162156 -0.00494298 -0.00263035
v 0.00112973 -0.00449050 -0.00178038
v 0.00018676 -0.00463697 -0.00123113
v 0.00099410 -0.00548153 -0.00273334
v 0.00132154 -0.00590665 -0.00370784
v 0.00207234 -0.00537311 -0.00361795
v 0.00115026 -0.00649657 -0.00489342
v 0.00248485 -0.00576537 -0.00474147
v 0.00205445 -0.00606097 -0.00478682
v 0.00237587 -0.00640922 -0.00605708
v 0.00286555 -0.00610635 -0.00599929
v 0.00334167 -0.00574196 -0.00594240
v 0.00322081 -0.00638571 -0.00738523
v 0.00375108 -0.00601058 -0.00730734
v 0.00355543 -0.00660885 -0.00886916
v 0.00413562 -0.00622542 -0.00876425
v 0.00387374 -0.00678631 -0.01041307
v 0.00449931 -0.00639649 -0.01027932
v 0.00447866 -0.00704652 -0.01352866
v 0.00518025 -0.00664736 -0.01334888
v 0.00505934 -0.00724164 -0.01651616
v 0.00581614 -0.00683479 -0.01632592
v 0.00558270 -0.00739821 -0.01962693
v 0.00637672 -0.00698553 -0.01944426
v 0.00684518 -0.00695771 -0.02156679
v 0.00778222 -0.00621756 -0.02083872
v 0.00267539 -0.00669481 -0.00746557
v 0.00295855 -0.00692281 -0.00897888
v 0.00322985 -0.00710412 -0.01055436
v 0.00375488 -0.00737042 -0.01372123
v 0.00427529 -0.00757133 -0.01672223
v 0.00187129 -0.00665372 -0.00611997
v 0.00211463 -0.00694113 -0.00755219
v 0.00234614 -0.00717073 -0.00909622
v 0.00257032 -0.00735360 -0.01070474
v 0.00301464 -0.00762339 -0.01392605
v 0.00347223 -0.00782883 -0.01694379
v 0.00135057 -0.00684254 -0.00619142
v 0.00161027 -0.00630388 -0.00483659
v 0.00938997 -0.00415304 -0.01971984
v 0.00951686 -0.00365576 -0.01878529
v 0.00928068 -0.00272099 -0.01554707
v 0.00879868 -0.00177969 -0.01252066
v 0.00802917 -0.00085784 -0.00951295
v 0.00747330 -0.00083285 -0.00807317
v 0.00740326 0.00000199 -0.00774654
v 0.00686032 -0.00080161 -0.00670103
v 0.00691919 0.00000186 -0.00668665
v 0.00618593 -0.00076275 -0.00542483
v 0.00635028 0.00000171 -0.00560155
v 0.00545681 -0.00071454 -0.00427177
v 0.00471288 -0.00065423 -0.00326581
v 0.00865607 -0.00526412 -0.02022309
v -0.00380860 -0.00671205 -0.00797048
v -0.00359066 -0.00651890 -0.00623874
v -0.00384561 -0.00646214 -0.00626861
v -0.00356902 -0.00508637 -0.00094242
v -0.00375913 -0.00505839 -0.00096782
v -0.00378346 -0.00539205 -0.00170086
v -0.00098779 -0.00535297 -0.00150021
v -0.00113075 -0.00532762 -0.00144005
v -0.00122156 -0.00575364 -0.00216746
v -0.00156699 -0.00526726 -0.00129542
v -0.00190482 -0.00523579 -0.00121166
v -0.00207277 -0.00569225 -0.00208777
v -0.00390689 -0.00781062 -0.02858889
v -0.00358574 -0.00794436 -0.02836989
v -0.00361928 -0.00782427 -0.02466299
v -0.00169054 -0.00843721 -0.02686383
v -0.00106322 -0.00851230 -0.02625090
v -0.00117838 -0.00840840 -0.02352743
v -0.00098471 -0.00851915 -0.02616834
v -0.00087297 -0.00852795 -0.02604810
v -0.00038315 -0.00855377 -0.02547587
v 0.00015300 -0.00855854 -0.02473765
v -0.00285926 -0.00808037 -0.02431200
v -0.00242032 -0.00829981 -0.02749414
v -0.00219852 -0.00834774 -0.02731070
v -0.00317970 -0.00808971 -0.02807944
v -0.00359804 -0.00768225 -0.02087051
v -0.00292485 -0.00789598 -0.02057320
v -0.00298039 -0.00768100 -0.01710298
v -0.00559756 -0.00664356 -0.02596001
v -0.00503314 -0.00713418 -0.02739840
v -0.00555448 -0.00665840 -0.02535196
v -0.00495698 -0.00712219 -0.02520075
v -0.00528968 -0.00676898 -0.02268017
v -0.00467814 -0.00716601 -0.02130428
v -0.00526242 -0.00678100 -0.02245034
v 0.00062698 -0.00854103 -0.02393077
v -0.00136255 -0.00820547 -0.01988836
v -0.00153175 -0.00796411 -0.01652918
v -0.00165682 -0.00769002 -0.01286794
v -0.00070567 -0.00541244 -0.00164440
v -0.00144690 -0.00650920 -0.00430405
v -0.00132796 -0.00614871 -0.00312086
v -0.00156126 -0.00683022 -0.00570600
v -0.00164617 -0.00710619 -0.00730918
v -0.00168649 -0.00733597 -0.00908069
v -0.00304026 -0.00742602 -0.01336535
v -0.00300907 -0.00710298 -0.00950565
v -0.00291294 -0.00690435 -0.00767827
v -0.00274281 -0.00667423 -0.00599567
v -0.00252072 -0.00640295 -0.00449025
v -0.00228609 -0.00607879 -0.00318251
v -0.00312322 -0.00559856 -0.00199476
v -0.00308918 -0.00537710 -0.00145882
v -0.00343540 -0.00533404 -0.00137221
v -0.00294623 -0.00513712 -0.00100692
v -0.00340484 -0.00510381 -0.00093851
v -0.00219392 -0.00521518 -0.00115178
v -0.00277666 -0.00515953 -0.00104106
v -0.00279148 -0.00564007 -0.00205666
v -0.00286350 -0.00514688 -0.00102317
v -0.00344091 -0.00554371 -0.00186987
v -0.00358628 -0.00589170 -0.00305990
v -0.00330552 -0.00596114 -0.00322581
v -0.00381153 -0.00617336 -0.00451028
v -0.00357090 -0.00624042 -0.00465777
v -0.00403821 -0.00640636 -0.00617509
v -0.00331045 -0.00629061 -0.00466284
v -0.00302515 -0.00600500 -0.00326250
v -0.00437972 -0.00653078 -0.00797000
v -0.00444762 -0.00671432 -0.00989209
v -0.00418785 -0.00681797 -0.00990740
v -0.00446117 -0.00676875 -0.01055567
v -0.00427869 -0.00707709 -0.01382891
v -0.00453369 -0.00699201 -0.01465540
v -0.00431651 -0.00715535 -0.01577950
v -0.00462251 -0.00701678 -0.01662001
v -0.00439611 -0.00719131 -0.01766281
v -0.00472192 -0.00699762 -0.01787315
v -0.00519518 -0.00681070 -0.02189839
v -0.00392164 -0.00574948 -0.00291803
v -0.00399753 -0.00591045 -0.00362462
v -0.00410479 -0.00609798 -0.00462917
v -0.00426924 -0.00634487 -0.00634561
v -0.00406313 -0.00664983 -0.00802983
v -0.00393347 -0.00688492 -0.00982887
v -0.00400614 -0.00716638 -0.01372809
v -0.00404607 -0.00734717 -0.01753127
v -0.00418454 -0.00743742 -0.02111843
v -0.00431943 -0.00750545 -0.02496450
v -0.00455954 -0.00747991 -0.02900914
v -0.00517190 -0.00708408 -0.02938049
v -0.00573175 -0.00663347 -0.02969978
v -0.00357425 0.00623850 -0.00465777
v -0.00384908 0.00646007 -0.00626860
v -0.00404165 0.00640419 -0.00617510
v -0.00381485 0.00617131 -0.00451028
v -0.00358945 0.00588977 -0.00305989
v -0.00330873 0.00595936 -0.00322581
v -0.00277944 0.00515804 -0.00104106
v -0.00258761 0.00518177 -0.00107855
v -0.00309207 0.00537543 -0.00145882
v -0.00558978 0.00675683 -0.02961808
v -0.00573532 0.00663038 -0.02969978
v -0.00560181 0.00664033 -0.02597052
v -0.00495783 0.00723291 -0.02925036
v -0.00297347 0.00815394 -0.02792092
v -0.00365887 0.00791513 -0.02841618
v -0.00362348 0.00782233 -0.02466299
v -0.00432700 0.00760738 -0.02886134
v -0.00106388 0.00851207 -0.02624610
v -0.00148712 0.00846543 -0.02666878
v -0.00286360 0.00807883 -0.02431199
v -0.00228067 0.00833037 -0.02737569
v 0.00074018 0.00853336 -0.02369466
v 0.00030432 0.00855536 -0.02449270
v -0.00118290 0.00840777 -0.02352742
v 0.00015415 0.00855854 -0.02472904
v -0.00022660 0.00855767 -0.02526831
v -0.00081637 0.00853185 -0.02597999
v -0.00166096 0.00768913 -0.01286794
v -0.00006499 0.00782254 -0.01234054
v -0.00153603 0.00796329 -0.01652917
v 0.00005295 0.00799122 -0.01453173
v -0.00136696 0.00820474 -0.01988836
v 0.00051997 0.00839462 -0.02052751
v 0.00068108 0.00849794 -0.02274262
v -0.00360217 0.00768031 -0.02087051
v -0.00292909 0.00789441 -0.02057320
v -0.00405001 0.00734500 -0.01753128
v -0.00418854 0.00743518 -0.02111843
v -0.00432346 0.00750313 -0.02496449
v -0.00503698 0.00713148 -0.02739841
v -0.00529331 0.00676613 -0.02268017
v -0.00468199 0.00716350 -0.02130429
v -0.00555806 0.00665541 -0.02535195
v -0.00496081 0.00711953 -0.02520075
v -0.00373942 0.00506093 -0.00096111
v -0.00357175 0.00508446 -0.00094243
v -0.00343827 0.00533219 -0.00137221
v -0.00322269 0.00511495 -0.00095968
v -0.00310995 0.00512238 -0.00097805
v -0.00219672 0.00521400 -0.00115177
v -0.00279451 0.00563857 -0.00205666
v -0.00312623 0.00559688 -0.00199477
v -0.00344389 0.00554186 -0.00186987
v -0.00392472 0.00574737 -0.00291802
v -0.00380337 0.00544174 -0.00184846
v -0.00376185 0.00505637 -0.00096783
v -0.00375396 0.00510064 -0.00104528
v -0.00379459 0.00541579 -0.00177321
v -0.00379980 0.00543134 -0.00181799
v -0.00439997 0.00718894 -0.01766280
v -0.00432036 0.00715303 -0.01577950
v -0.00400999 0.00716423 -0.01372809
v -0.00428249 0.00707479 -0.01382891
v -0.00393717 0.00688281 -0.00982886
v -0.00419152 0.00681572 -0.00990738
v -0.00381220 0.00671000 -0.00797048
v -0.00406670 0.00664764 -0.00802984
v -0.00359416 0.00651697 -0.00623873
v -0.00331383 0.00628883 -0.00466284
v -0.00302838 0.00600337 -0.00326250
v -0.00429712 0.00637961 -0.00664654
v -0.00410806 0.00609577 -0.00462918
v -0.00401736 0.00594023 -0.00377979
v -0.00393819 0.00577733 -0.00304167
v -0.00298452 0.00767939 -0.01710299
v -0.00304425 0.00742439 -0.01336535
v -0.00301289 0.00710137 -0.00950565
v -0.00291666 0.00690279 -0.00767828
v -0.00274640 0.00667275 -0.00599568
v -0.00252416 0.00640160 -0.00449024
v -0.00228936 0.00607756 -0.00318250
v -0.00207583 0.00569114 -0.00208777
v -0.00122465 0.00575298 -0.00216746
v -0.00135893 0.00529292 -0.00135893
v -0.00099067 0.00535244 -0.00150021
v -0.00036660 0.00607962 -0.00297782
v -0.00032510 0.00643535 -0.00393646
v -0.00133126 0.00614800 -0.00312086
v -0.00145039 0.00650842 -0.00430405
v -0.00038846 0.00594407 -0.00266053
v -0.00042525 0.00575963 -0.00227888
v -0.00050725 0.00545901 -0.00177126
v -0.00031287 0.00657380 -0.00437018
v -0.00029594 0.00678242 -0.00510765
v -0.00156493 0.00682938 -0.00570601
v -0.00028871 0.00687026 -0.00545460
v -0.00164999 0.00710531 -0.00730918
v -0.00026714 0.00709437 -0.00647137
v -0.00025857 0.00716429 -0.00683945
v -0.00022765 0.00735501 -0.00800986
v -0.00169043 0.00733506 -0.00908068
v -0.00020794 0.00744566 -0.00866690
v -0.00017109 0.00757808 -0.00976859
v -0.00010705 0.00774169 -0.01140579
v -0.00438323 0.00652842 -0.00797001
v -0.00446481 0.00676636 -0.01055567
v -0.00449108 0.00688741 -0.01231889
v -0.00457569 0.00701038 -0.01568839
v -0.00462628 0.00701430 -0.01662002
v -0.00484029 0.00695739 -0.01897990
v -0.00513751 0.00683492 -0.02140700
v 0.00217848 0.00139893 -0.00103868
v 0.00235433 0.00109221 -0.00108835
v 0.00273451 0.00196288 -0.00164728
v 0.00033480 0.00733221 -0.00788173
v 0.00094252 0.00725757 -0.00775733
v 0.00121097 0.00766276 -0.01103859
v 0.00557873 0.00740121 -0.01962693
v 0.00590993 0.00750274 -0.02235912
v 0.00498942 0.00789710 -0.02317505
v 0.00684118 0.00696209 -0.02156697
v 0.00637297 0.00698895 -0.01944426
v 0.00505544 0.00724436 -0.01651615
v 0.01045757 0.00078073 -0.01893636
v 0.01038625 0.00094968 -0.01861679
v 0.01034802 0.00152790 -0.01902411
v 0.00009758 0.00548069 -0.00208842
v 0.00051236 0.00626344 -0.00382117
v 0.00066899 0.00664065 -0.00495844
v 0.00080878 0.00697821 -0.00627406
v 0.00052063 0.00772862 -0.01122488
v 0.00217880 0.00832207 -0.02054514
v 0.00081153 0.00852754 -0.02353861
v 0.00390350 0.00799598 -0.02004702
v 0.00888208 0.00357540 -0.01562903
v 0.00763244 0.00424738 -0.01276980
v 0.00810733 0.00347037 -0.01266624
v 0.00673931 0.00407602 -0.00979946
v 0.00718698 0.00332905 -0.00970085
v 0.00951490 0.00366087 -0.01878530
v 0.00902967 0.00447839 -0.01888208
v 0.00839744 0.00437482 -0.01573168
v 0.00783687 0.00511175 -0.01585385
v 0.00708909 0.00496442 -0.01289150
v 0.00649081 0.00560951 -0.01302959
v 0.00568184 0.00538917 -0.01002840
v 0.00510070 0.00593371 -0.01015160
v 0.00469486 0.00577164 -0.00866136
v 0.00846318 0.00523126 -0.01899733
v 0.00721196 0.00577370 -0.01599428
v 0.00585057 0.00617176 -0.01318234
v 0.00449587 0.00639891 -0.01027932
v 0.00475226 0.00773500 -0.01982760
v 0.00427122 0.00757363 -0.01672222
v 0.00375092 0.00737244 -0.01372122
v 0.00777852 0.00622277 -0.02083899
v 0.00712506 0.00649260 -0.01927883
v 0.00581246 0.00683791 -0.01632592
v 0.00447487 0.00704892 -0.01352867
v 0.00322603 0.00710585 -0.01055436
v 0.00211090 0.00694227 -0.00755218
v 0.00256636 0.00735498 -0.01070474
v 0.00301054 0.00762501 -0.01392605
v 0.00346802 0.00783069 -0.01694380
v 0.00122485 0.00302523 -0.00097383
v 0.00165130 0.00379233 -0.00170106
v 0.00072150 0.00383864 -0.00103860
v 0.00112731 0.00449111 -0.00178038
v 0.00059624 0.00403239 -0.00106920
v 0.00039521 0.00433422 -0.00113526
v 0.00331000 0.00500505 -0.00464862
v 0.00248175 0.00576671 -0.00474148
v 0.00278608 0.00464346 -0.00353651
v 0.00206945 0.00537422 -0.00361795
v 0.00223234 0.00423670 -0.00255212
v 0.00426343 0.00556847 -0.00722815
v 0.00374785 0.00601260 -0.00730735
v 0.00380269 0.00531490 -0.00588224
v 0.00286227 0.00610789 -0.00599928
v 0.00131837 0.00590736 -0.00370783
v 0.00205119 0.00606208 -0.00478682
v -0.00018107 0.00511226 -0.00146985
v -0.00015454 0.00508040 -0.00144880
v 0.00061493 0.00505096 -0.00190912
v 0.00018427 0.00463707 -0.00123113
v 0.00026713 0.00452003 -0.00119007
v 0.00161890 0.00494385 -0.00263036
v 0.00099116 0.00548207 -0.00273334
v 0.00032685 0.00586933 -0.00286601
v 0.00160688 0.00630475 -0.00483659
v 0.00237243 0.00641049 -0.00605709
v 0.00321737 0.00638744 -0.00738522
v 0.00782508 0.00590656 -0.01912991
v 0.00653405 0.00634933 -0.01615185
v 0.00517667 0.00665014 -0.01334887
v 0.00387009 0.00678839 -0.01041307
v 0.00267179 0.00669625 -0.00746559
v 0.00186772 0.00665472 -0.00611998
v 0.00183761 0.00814809 -0.01743209
v 0.00150350 0.00793459 -0.01437056
v 0.00189378 0.00753941 -0.01086568
v 0.00153451 0.00712848 -0.00764845
v 0.00938539 0.00416045 -0.01972290
v 0.00865167 0.00527075 -0.02022489
v 0.00318993 0.00096547 -0.00171785
v 0.00257102 0.00071182 -0.00117253
v 0.00261054 0.00064208 -0.00119129
v 0.00335682 0.00047940 -0.00177563
v 0.00386068 0.00115784 -0.00241692
v 0.00400027 0.00058060 -0.00242888
v 0.00457623 0.00130585 -0.00327941
v 0.00471252 0.00065676 -0.00326582
v 0.00545643 0.00071748 -0.00427178
v 0.00341456 0.00228766 -0.00242274
v 0.00411067 0.00255702 -0.00334247
v 0.00618552 0.00076607 -0.00542483
v 0.00685988 0.00080530 -0.00670103
v 0.00747285 0.00083686 -0.00807318
v 0.00802870 0.00086216 -0.00951296
v 0.00898621 0.00089944 -0.01248218
v 0.00976472 0.00092711 -0.01545011
v 0.00996147 0.00291380 -0.01931461
v 0.00990918 0.00279164 -0.01870808
v 0.01020286 0.00188360 -0.01865153
v 0.00927922 0.00272598 -0.01554707
v 0.00957729 0.00183905 -0.01548703
v 0.00850026 0.00264539 -0.01258260
v 0.00879772 0.00178442 -0.01252065
v 0.00756095 0.00253688 -0.00961778
v 0.00784646 0.00171082 -0.00955394
v 0.00702233 0.00246321 -0.00817758
v 0.00729692 0.00166087 -0.00811440
v 0.00643236 0.00237120 -0.00680115
v 0.00669254 0.00159848 -0.00674086
v 0.00578702 0.00225681 -0.00551524
v 0.00602914 0.00152095 -0.00546088
v 0.00509026 0.00211558 -0.00434419
v 0.00531216 0.00142501 -0.00430027
v 0.00158277 0.00242392 -0.00096556
v 0.00219790 0.00293516 -0.00165142
v 0.00284453 0.00333889 -0.00247815
v 0.00348257 0.00369323 -0.00344014
v 0.00410326 0.00399829 -0.00453021
v 0.00480560 0.00278061 -0.00440014
v 0.00469444 0.00425470 -0.00573873
v 0.00547417 0.00296418 -0.00558321
v 0.00569409 0.00381428 -0.00696305
v 0.00609454 0.00311323 -0.00687697
v 0.00666419 0.00323309 -0.00825820
v 0.00623269 0.00476650 -0.00990988
v 0.00575733 0.00463205 -0.00845305
v 0.00524576 0.00446395 -0.00705390
v -0.00080154 -0.00430021 -0.01034614
v -0.00053844 -0.00430015 -0.01088818
v -0.00026036 -0.00430007 -0.01142095
v 0.00186982 -0.00429950 -0.01475713
v -0.00190644 -0.00430051 -0.01339445
v 0.00036912 -0.00429990 -0.01252639
v 0.00107867 -0.00429971 -0.01364955
v 0.00159377 -0.00429957 -0.01438911
v 0.00335656 -0.00325230 -0.01673127
v 0.00308856 -0.00343108 -0.01632573
v 0.00288052 -0.00363767 -0.01602753
v 0.00265352 -0.00407091 -0.01571509
v 0.00274365 -0.00384132 -0.01583770
v -0.00206975 -0.00428240 -0.01331237
v -0.00198760 -0.00429889 -0.01335358
v -0.00206985 -0.00429387 -0.01331218
v -0.00084100 -0.00310022 -0.01527466
v -0.00104067 -0.00311311 -0.01497816
v -0.00137998 -0.00320576 -0.01445253
v -0.00161687 -0.00334492 -0.01407116
v -0.00173365 -0.00344837 -0.01387917
v -0.00181660 -0.00354291 -0.01374130
v -0.00195294 -0.00376545 -0.01351198
v -0.00203979 -0.00402154 -0.01336393
v -0.00206961 -0.00427376 -0.01331263
v -0.00079948 -0.00310022 -0.01533632
v -0.00011134 -0.00310003 -0.01628332
v -0.00337056 0.00346460 -0.01242121
v -0.00376968 0.00283295 -0.01224532
v -0.00390908 0.00209895 -0.01218384
v -0.00105988 -0.00173552 -0.00976563
v -0.00202614 0.00201494 -0.00462945
v -0.00196290 0.00015495 -0.00581589
v -0.00196404 -0.00031582 -0.00579954
v -0.00196736 -0.00046316 -0.00577409
v -0.00196928 -0.00057558 -0.00574804
v -0.00197099 -0.00072049 -0.00570550
v -0.00198015 -0.00099791 -0.00559360
v -0.00198396 -0.00114903 -0.00551402
v -0.00199165 -0.00131355 -0.00540949
v -0.00199558 -0.00140759 -0.00534052
v -0.00199998 -0.00153220 -0.00523709
v -0.00201058 -0.00172971 -0.00503768
v -0.00201590 -0.00184918 -0.00488956
v -0.00202398 -0.00198108 -0.00469054
v -0.00202788 -0.00206559 -0.00453417
v -0.00203488 -0.00217155 -0.00428059
v -0.00203609 -0.00219965 -0.00419489
v -0.00198137 0.00105855 -0.00556296
v -0.00196910 0.00061902 -0.00573611
v -0.00201143 0.00174522 -0.00501876
v -0.00199109 0.00131249 -0.00540950
v -0.00199497 0.00140311 -0.00534314
v -0.00203024 -0.00173883 -0.00201460
v -0.00203637 -0.00000055 -0.00419489
v -0.00204101 -0.00218949 -0.00281406
v -0.00204186 -0.00229180 -0.00373090
v -0.00204330 -0.00228819 -0.00327814
v -0.00203631 -0.00200907 -0.00239728
v -0.00202825 -0.00163660 -0.00190455
v -0.00202192 -0.00123731 -0.00158195
v -0.00201734 -0.00079376 -0.00136221
v -0.00201492 -0.00033827 -0.00124600
v -0.00443305 -0.00095895 -0.00052296
v -0.00449991 -0.00054667 -0.00052301
v -0.00452235 -0.00029939 -0.00052302
v -0.00358943 -0.00281258 -0.00052231
v -0.00407601 -0.00202008 -0.00052269
v -0.00433884 -0.00133436 -0.00052289
v -0.00199854 -0.00395074 -0.00052111
v -0.00224246 -0.00395080 -0.00052130
v -0.00295532 -0.00347456 -0.00052184
v -0.00566099 -0.00306893 -0.00749760
v -0.00564461 -0.00286870 -0.00619936
v -0.00587043 -0.00212757 -0.00607517
v -0.00457773 0.00436853 -0.00337978
v -0.00446964 0.00455686 -0.00373661
v -0.00489102 0.00401742 -0.00355033
v -0.00550938 -0.00247808 -0.00346175
v -0.00602779 -0.00136114 -0.00597557
v -0.00632234 0.00019596 -0.00840110
v -0.00592591 0.00293603 -0.00875296
v -0.00594983 0.00284620 -0.00864357
v -0.00583178 0.00319725 -0.00868234
v -0.00639891 -0.00099314 -0.01089589
v -0.00633916 -0.00097046 -0.01003574
v -0.00642785 -0.00016612 -0.01009293
v -0.00643375 0.00051006 -0.01009503
v -0.00636253 0.00131518 -0.01004256
v -0.00629706 0.00171197 -0.00999471
v -0.00625684 0.00191013 -0.00996530
v -0.00621171 0.00210785 -0.00993107
v -0.00618503 0.00222055 -0.00991085
v -0.00616936 0.00227539 -0.00990032
v -0.00634067 -0.00130170 -0.01086873
v -0.00621398 -0.00162692 -0.00994364
v -0.00618328 -0.00194371 -0.01076933
v -0.00618196 -0.00176141 -0.00991970
v -0.00602125 -0.00244083 -0.01061817
v -0.00595132 -0.00254107 -0.00974555
v -0.00583891 -0.00280043 -0.00917957
v -0.00563594 -0.00326715 -0.00875942
v -0.00581955 -0.00280033 -0.00868551
v -0.00593747 -0.00243814 -0.00861381
v -0.00595693 -0.00240164 -0.00879003
v -0.00592495 -0.00269363 -0.01050401
v -0.00581594 -0.00295405 -0.01035702
v -0.00585638 -0.00280076 -0.00967383
v -0.00556148 -0.00348681 -0.00996303
v -0.00616432 -0.00162657 -0.00894844
v -0.00614992 -0.00157048 -0.00849815
v -0.00616800 -0.00160978 -0.00895125
v -0.00630398 -0.00081428 -0.00905373
v -0.00627698 -0.00068548 -0.00842355
v -0.00634498 -0.00040731 -0.00908393
v -0.00636543 -0.00003573 -0.00909803
v -0.00635185 0.00078249 -0.00908366
v -0.00628634 0.00108358 -0.00843659
v -0.00626029 0.00158564 -0.00900993
v -0.00617469 0.00203707 -0.00894298
v -0.00616393 0.00197463 -0.00852120
v -0.00609467 0.00238195 -0.00887990
v -0.00601103 0.00267029 -0.00881780
v -0.00586791 0.00319751 -0.00968155
v -0.00585114 0.00319733 -0.00918191
v -0.00594283 0.00301481 -0.00988887
v -0.00594679 0.00298908 -0.00973865
v -0.00589800 0.00318503 -0.01045196
v -0.00589002 0.00250546 -0.00610125
v -0.00604651 0.00173785 -0.00599569
v -0.00613319 0.00095840 -0.00592229
v -0.00553729 -0.00174377 -0.00125733
v -0.00568717 -0.00113997 -0.00104854
v -0.00534339 -0.00233338 -0.00156162
v -0.00578469 -0.00052771 -0.00092204
v -0.00582511 0.00009841 -0.00087308
v -0.00582549 0.00009843 -0.00087903
v -0.00581573 0.00057450 -0.00089138
v -0.00582627 0.00016750 -0.00087809
v -0.00538665 0.00261867 -0.00150159
v -0.00547140 0.00236730 -0.00136689
v -0.00562908 0.00180604 -0.00113687
v -0.00571801 0.00138568 -0.00101692
v -0.00574849 0.00120456 -0.00097710
v -0.00510169 0.00332985 -0.00202539
v -0.00529219 0.00287343 -0.00166223
v -0.00450019 0.00480508 -0.00516488
v -0.00421574 0.00532225 -0.00669876
v -0.00396799 0.00533903 -0.00573956
v -0.00424857 0.00491868 -0.00455149
v -0.00490013 0.00375746 -0.00247783
v -0.00468985 0.00416464 -0.00303912
v -0.00522177 -0.00265003 -0.00177662
v -0.00491506 -0.00335057 -0.00242405
v -0.00513838 -0.00285161 -0.00193662
v -0.00523813 -0.00308550 -0.00349615
v -0.00451615 -0.00477743 -0.00661801
v -0.00405857 -0.00494876 -0.00530750
v -0.00454469 -0.00447040 -0.00513548
v -0.00425184 -0.00462674 -0.00450841
v -0.00448434 -0.00420860 -0.00366084
v -0.00451105 -0.00489037 -0.00739970
v -0.00447614 -0.00490555 -0.00723418
v -0.00428889 -0.00495021 -0.00635933
v -0.00473063 -0.00472479 -0.00829210
v -0.00466754 -0.00478359 -0.00806526
v -0.00490226 -0.00447736 -0.00782239
v -0.00496962 -0.00421070 -0.00648052
v -0.00522526 -0.00407392 -0.00940631
v -0.00497843 -0.00443293 -0.00896143
v -0.00524163 -0.00403622 -0.00892387
v -0.00482183 -0.00462725 -0.00857710
v -0.00532421 -0.00380717 -0.00765709
v -0.00496254 -0.00392960 -0.00504219
v -0.00490397 -0.00364963 -0.00353067
v -0.00464875 -0.00389418 -0.00313825
v -0.00470357 -0.00378596 -0.00297823
v -0.00534555 -0.00356856 -0.00633782
v 0.01048301 0.00073857 -0.01935096
v 0.01051843 0.00000282 -0.01931851
v 0.01045362 0.00000281 -0.01972903
v 0.00796814 0.00605331 -0.02120870
v 0.00878646 0.00511645 -0.02061229
v 0.00884322 0.00490728 -0.02099320
v 0.00708605 0.00679148 -0.02191663
v 0.00694664 0.00676942 -0.02253583
v 0.00618909 0.00734899 -0.02269106
v 0.00641186 0.00710676 -0.02301273
v 0.00808501 0.00581527 -0.02157068
v 0.00786213 0.00603393 -0.02175115
v 0.00726485 0.00653950 -0.02225702
v 0.01002466 0.00279768 -0.01972293
v 0.00992677 0.00286117 -0.02018558
v 0.00948148 0.00402208 -0.02012284
v 0.00949410 0.00384118 -0.02051707
v 0.00906729 0.00457795 -0.02082932
v 0.01042210 0.00068870 -0.01976093
v 0.01039078 0.00097666 -0.01979140
v 0.01038376 0.00145324 -0.01943736
v 0.01033238 0.00136339 -0.01984584
v 0.01000114 0.00265215 -0.02012607
v 0.00641572 -0.00710312 -0.02301265
v 0.00695028 -0.00676569 -0.02253583
v 0.00726847 -0.00653513 -0.02225685
v 0.00949684 -0.00383420 -0.02051418
v 0.00906939 -0.00457298 -0.02082759
v 0.00884640 -0.00490107 -0.02099151
v 0.00808829 -0.00581027 -0.02157045
v 0.00786506 -0.00602953 -0.02175126
v 0.01000232 -0.00264580 -0.02012580
v 0.00992812 -0.00285484 -0.02018524
v 0.01042293 -0.00068170 -0.01975888
v 0.01039173 -0.00097123 -0.01978837
v 0.01033400 -0.00135486 -0.01984167
v 0.00879029 -0.00511002 -0.02061054
v 0.00797165 -0.00604819 -0.02120846
v 0.00619312 -0.00734540 -0.02269098
v 0.00708989 -0.00678708 -0.02191645
v 0.01048454 -0.00073135 -0.01934883
v 0.01002613 -0.00279104 -0.01972266
v 0.01038661 -0.00144422 -0.01943306
v 0.00948512 -0.00401486 -0.02011986
v 0.00081180 -0.00154936 -0.00027365
v -0.00202774 0.00051845 0.00082101
v -0.00301098 -0.00000081 0.00105477
v -0.00203869 -0.00051215 0.00082413
v 0.00062417 0.00255656 -0.00043850
v 0.00034608 0.00233838 -0.00023293
v 0.00081097 0.00154979 -0.00027365
v 0.00062554 -0.00255623 -0.00043851
v 0.00034734 -0.00233820 -0.00023293
v 0.00000056 -0.00206726 -0.00000929
v 0.00059608 0.00000016 -0.00001815
v 0.00135732 0.00075135 -0.00042161
v -0.00008567 0.00078869 0.00021518
v -0.00000055 0.00206726 -0.00000929
v -0.00060225 -0.00158519 0.00030604
v -0.00008525 -0.00078874 0.00021518
v -0.00116176 -0.00114270 0.00053873
v -0.00095203 -0.00000025 0.00053752
v -0.00060310 0.00158487 0.00030603
v -0.00069381 0.00151074 0.00034687
v -0.00133070 0.00036672 0.00064143
v 0.00195756 0.00000053 -0.00071587
v 0.00135773 -0.00075063 -0.00042161
v -0.00167857 0.00076037 0.00071732
v -0.00178414 -0.00000048 0.00077092
v -0.00146992 -0.00488828 -0.00081581
v -0.00241083 -0.00069051 0.00090742
v -0.00256329 -0.00182838 0.00085616
v -0.00326362 -0.00161931 0.00103781
v -0.00316620 -0.00288279 0.00077982
v -0.00080586 -0.00378030 -0.00018980
v -0.00042812 -0.00400010 -0.00046851
v -0.00008518 -0.00321036 -0.00028256
v 0.00032703 -0.00352087 -0.00063118
v -0.00072075 -0.00471757 -0.00084886
v -0.00057929 -0.00436817 -0.00062975
v -0.00129355 -0.00404726 -0.00015998
v -0.00085483 -0.00504508 -0.00113548
v -0.00051458 -0.00291169 0.00001373
v -0.00096455 -0.00262272 0.00026542
v -0.00109225 -0.00312093 0.00018107
v -0.00119959 -0.00359450 0.00004314
v -0.00321761 -0.00061128 0.00108941
v -0.00249341 -0.00105547 0.00090725
v -0.00186759 -0.00139531 0.00072206
v -0.00196967 -0.00207226 0.00067490
v -0.00202779 -0.00271863 0.00057471
v -0.00278241 -0.00491316 -0.00066761
v -0.00212474 -0.00480588 -0.00059761
v -0.00280430 -0.00472114 -0.00042536
v -0.00288358 -0.00428927 0.00000722
v -0.00306288 -0.00347088 0.00054411
v -0.00209260 -0.00434799 -0.00016062
v -0.00207760 -0.00384714 0.00017151
v -0.00138126 -0.00448008 -0.00044197
v -0.00206130 -0.00330493 0.00041201
v -0.00006877 -0.00424871 -0.00080007
v -0.00080777 -0.00210202 0.00030516
v -0.00475609 -0.00293015 0.00075393
v -0.00505811 -0.00295475 0.00062008
v -0.00461408 -0.00359349 0.00035376
v -0.00302728 -0.00468949 -0.00037962
v -0.00363217 -0.00295192 0.00082256
v -0.00439229 -0.00292266 0.00083352
v -0.00340784 -0.00358913 0.00052448
v -0.00402664 -0.00356422 0.00053530
v -0.00319368 -0.00417090 0.00012729
v -0.00367765 -0.00414951 0.00014599
v -0.00339290 -0.00466988 -0.00034785
v -0.00397429 -0.00153310 0.00116282
v -0.00402341 -0.00077554 0.00122191
v -0.00519577 -0.00076152 0.00128567
v -0.00402009 -0.00039012 0.00123104
v -0.00612653 -0.00158290 0.00061959
v -0.00592532 -0.00207758 0.00053605
v -0.00545332 -0.00226205 0.00082661
v -0.00513353 -0.00224108 0.00096584
v -0.00473007 -0.00223404 0.00105297
v -0.00382918 -0.00226379 0.00103170
v -0.00500766 -0.00150969 0.00120147
v -0.00543853 -0.00151509 0.00111270
v -0.00564255 -0.00076448 0.00119814
v -0.00576994 -0.00153030 0.00097123
v -0.00598028 -0.00077249 0.00105628
v -0.00642305 -0.00000173 0.00072453
v -0.00634379 -0.00079976 0.00069920
v -0.00628880 -0.00104880 0.00068023
v -0.00400632 -0.00476692 -0.00065061
v -0.00380516 -0.00466758 -0.00040988
v -0.00454981 -0.00419234 -0.00023975
v -0.00417422 -0.00416727 0.00001754
v -0.00496252 -0.00368196 0.00002218
v -0.00527668 -0.00323373 0.00020740
v -0.00539870 -0.00304516 0.00027589
v -0.00307225 -0.00000083 0.00106736
v -0.00401608 -0.00000108 0.00123300
v -0.00458800 -0.00000123 0.00130639
v -0.00526512 -0.00000142 0.00131225
v -0.00552328 -0.00000148 0.00127414
v -0.00611834 -0.00000164 0.00104602
v -0.00413705 0.00463108 -0.00053706
v -0.00475767 0.00292760 0.00075394
v -0.00439386 0.00292030 0.00083353
v -0.00402856 0.00356205 0.00053530
v -0.00339541 0.00466805 -0.00034785
v -0.00307761 0.00012682 0.00106822
v -0.00324125 0.00077683 0.00108882
v -0.00402383 0.00077338 0.00122191
v -0.00402030 0.00038796 0.00123104
v -0.00326245 0.00169150 0.00102943
v -0.00317021 0.00286335 0.00078550
v -0.00383039 0.00226173 0.00103170
v -0.00302980 0.00468786 -0.00037962
v -0.00319592 0.00416919 0.00012731
v -0.00367988 0.00414753 0.00014600
v -0.00340977 0.00358730 0.00052447
v -0.00363375 0.00294997 0.00082256
v -0.00380767 0.00466553 -0.00040988
v -0.00417646 0.00416503 0.00001755
v -0.00451933 0.00422673 -0.00026141
v -0.00461601 0.00359101 0.00035376
v -0.00493718 0.00371582 0.00000548
v -0.00505970 0.00295203 0.00062009
v -0.00540033 0.00304225 0.00027588
v -0.00638829 0.00052377 0.00071373
v -0.00598070 0.00076927 0.00105628
v -0.00519618 0.00075873 0.00128567
v -0.00564296 0.00076145 0.00119813
v -0.00577076 0.00152719 0.00097124
v -0.00397512 0.00153097 0.00116281
v -0.00473127 0.00223150 0.00105298
v -0.00500847 0.00150700 0.00120147
v -0.00513474 0.00223832 0.00096585
v -0.00543934 0.00151217 0.00111270
v -0.00545454 0.00225912 0.00082661
v -0.00564316 0.00263420 0.00040354
v -0.00580271 0.00233320 0.00048028
v -0.00614179 0.00153888 0.00062524
v -0.00634421 0.00079635 0.00069920
v -0.00298440 0.00384202 0.00033596
v -0.00290156 0.00421453 0.00006828
v -0.00283251 0.00455967 -0.00024917
v -0.00675707 0.00009818 0.00011629
v -0.00590528 0.00318070 -0.00078223
v -0.00579857 0.00338715 -0.00091372
v -0.00661584 0.00124999 -0.00002086
v -0.00644443 0.00188178 -0.00019146
v -0.00618274 0.00258325 -0.00046484
v -0.00672544 0.00058820 0.00008588
v -0.00559043 0.00376609 -0.00119096
v -0.00398048 0.00551755 -0.00568266
v -0.00394635 0.00538117 -0.00583701
v -0.00392805 0.00553481 -0.00592106
v -0.00392710 0.00548842 -0.00592537
v -0.00393110 0.00544324 -0.00590693
v -0.00399313 0.00569607 -0.00562615
v -0.00396637 0.00566758 -0.00574642
v -0.00393567 0.00558865 -0.00588612
v -0.00457800 0.00547491 -0.00338094
v -0.00448906 0.00562201 -0.00367143
v -0.00420343 0.00569227 -0.00473205
v -0.00402195 0.00570482 -0.00550095
v -0.00530659 0.00425416 -0.00163724
v -0.00514467 0.00452662 -0.00194145
v -0.00502695 0.00472335 -0.00218800
v -0.00476431 0.00516248 -0.00283049
v -0.00675483 0.00009818 0.00012111
v -0.00590063 0.00009841 -0.00077926
v -0.00521998 -0.00439503 -0.00178015
v -0.00506339 -0.00465614 -0.00209018
v -0.00483931 -0.00503001 -0.00261035
v -0.00467775 -0.00513289 -0.00305171
v -0.00443159 -0.00524092 -0.00384128
v -0.00407079 -0.00512061 -0.00525067
v -0.00402334 -0.00514747 -0.00545667
v -0.00403651 -0.00521212 -0.00539895
v -0.00406431 -0.00527206 -0.00527834
v -0.00408388 -0.00529245 -0.00519444
v -0.00412243 -0.00530211 -0.00503282
v -0.00402047 -0.00510112 -0.00546937
v -0.00402263 -0.00505659 -0.00545991
v -0.00403154 -0.00500828 -0.00542093
v -0.00592827 -0.00313105 -0.00074638
v -0.00563761 -0.00367880 -0.00111604
v -0.00533962 -0.00419393 -0.00156794
v -0.00621497 -0.00250184 -0.00042244
v -0.00644838 -0.00186236 -0.00017889
v -0.00663275 -0.00116095 0.00000333
v -0.00673079 -0.00051520 0.00009816
v -0.00256427 0.00182700 0.00085616
v -0.00197079 0.00207120 0.00067490
v -0.00202925 0.00271754 0.00057470
v -0.00080789 0.00377987 -0.00018981
v -0.00043027 0.00399987 -0.00046851
v -0.00058164 0.00436786 -0.00062976
v -0.00109393 0.00312034 0.00018108
v -0.00096595 0.00262220 0.00026542
v -0.00051614 0.00291141 0.00001372
v -0.00080890 0.00210158 0.00030517
v -0.00008690 0.00321032 -0.00028256
v 0.00032514 0.00352104 -0.00063117
v -0.00212732 0.00480474 -0.00059761
v -0.00209494 0.00434686 -0.00016064
v -0.00207966 0.00384602 0.00017150
v -0.00206307 0.00330382 0.00041200
v -0.00241120 0.00068921 0.00090743
v -0.00186834 0.00139430 0.00072206
v -0.00249397 0.00105413 0.00090725
v -0.00085754 0.00504462 -0.00113548
v -0.00072329 0.00471718 -0.00084886
v -0.00007106 0.00424867 -0.00080006
v -0.00147254 0.00488749 -0.00081581
v -0.00138367 0.00447934 -0.00044198
v -0.00129573 0.00404656 -0.00015998
v -0.00120152 0.00359385 0.00004315
v -0.00261141 -0.00417253 -0.01275472
v -0.00236444 -0.00424758 -0.01290847
v -0.00217042 -0.00428312 -0.01313350
v -0.00214500 -0.00428632 -0.01317595
v -0.00332153 -0.00371511 -0.01244196
v -0.00378405 -0.00299325 -0.01223831
v -0.00390789 -0.00230105 -0.01218383
v -0.00080110 0.00289978 -0.01533632
v -0.00084261 0.00289977 -0.01527466
v -0.00104229 0.00289972 -0.01497816
v -0.00104229 0.00291255 -0.01497816
v -0.00200480 -0.00026834 -0.00514906
v -0.00582416 0.00319418 -0.00868321
v -0.00577435 0.00316270 -0.00870154
v -0.00611552 0.00202631 -0.00895721
v -0.00629613 0.00081671 -0.00909409
v -0.00629976 -0.00040486 -0.00909546
v -0.00613454 -0.00159350 -0.00896379
v -0.00579209 -0.00277958 -0.00870086
v -0.00573257 -0.00266821 -0.00881721
v -0.00573617 -0.00268653 -0.00879567
v -0.00607451 -0.00158719 -0.00900097
v -0.00573954 -0.00269834 -0.00878215
v -0.00576650 -0.00275099 -0.00872657
v -0.00598966 0.00202476 -0.00911370
v -0.00572198 0.00295025 -0.00894130
v -0.00572391 0.00294522 -0.00894789
v -0.00617191 -0.00040510 -0.00925730
v -0.00617059 -0.00040709 -0.00929492
v -0.00600839 -0.00159337 -0.00912120
v -0.00600576 -0.00159884 -0.00915749
v -0.00616828 0.00081637 -0.00925555
v -0.00618953 0.00002629 -0.00931121
v -0.00618576 -0.00011501 -0.00930791
v -0.00598678 0.00203020 -0.00914978
v -0.00612818 0.00121028 -0.00926187
v -0.00616686 0.00081839 -0.00929311
v -0.00603175 -0.00158718 -0.00905453
v -0.00619419 -0.00040279 -0.00918816
v -0.00619066 0.00081413 -0.00918657
v -0.00601323 0.00201881 -0.00904747
v -0.00570956 0.00302557 -0.00884443
v -0.00572802 0.00310257 -0.00875699
v -0.00605587 0.00201930 -0.00899424
v -0.00623407 0.00081423 -0.00913153
v -0.00623760 -0.00040270 -0.00913298
v -0.00573930 -0.00258177 -0.00892649
v -0.00574388 -0.00256826 -0.00894308
v -0.00575411 -0.00256829 -0.00918336
v -0.00574506 -0.00261268 -0.00918359
v -0.00576824 -0.00256830 -0.00953059
v -0.00576711 -0.00257219 -0.00953335
v -0.00575241 -0.00268696 -0.00918310
v -0.00578659 -0.00275315 -0.00918152
v -0.00579486 -0.00274033 -0.00964774
v -0.00576147 -0.00265195 -0.00959209
v -0.00576863 -0.00268533 -0.00961471
v -0.00604688 -0.00156033 -0.00975851
v -0.00580800 0.00316087 -0.00967306
v -0.00614936 0.00204807 -0.00992686
v -0.00622107 0.00206627 -0.00993828
v -0.00602600 0.00198977 -0.00975096
v -0.00574631 0.00294433 -0.00953404
v -0.00604086 0.00200555 -0.00982278
v -0.00574427 0.00295097 -0.00953874
v -0.00573691 0.00299643 -0.00957367
v -0.00617096 -0.00161609 -0.00993338
v -0.00633009 0.00086749 -0.01006472
v -0.00634181 -0.00036286 -0.01007144
v -0.00628126 0.00177210 -0.00998477
v -0.00633146 0.00147499 -0.01002368
v -0.00640128 0.00087410 -0.01007788
v -0.00615934 0.00124607 -0.00985650
v -0.00621997 0.00085215 -0.00996121
v -0.00620239 0.00084637 -0.00989074
v -0.00622909 0.00002591 -0.00991123
v -0.00623163 -0.00035062 -0.00996820
v -0.00622511 -0.00011997 -0.00990767
v -0.00606224 -0.00157566 -0.00982991
v -0.00621380 -0.00034587 -0.00989794
v -0.00575636 0.00309315 -0.00963912
v -0.00607859 0.00202415 -0.00988102
v -0.00625909 0.00085887 -0.01001860
v -0.00627085 -0.00035603 -0.01002541
v -0.00610021 -0.00159345 -0.00988777
v -0.00576034 0.00310107 -0.00964377
v -0.00608626 0.00202719 -0.00988859
v -0.00626687 0.00085997 -0.01002609
v -0.00627863 -0.00035691 -0.01003289
v -0.00610789 -0.00159635 -0.00989530
v -0.00574584 0.00310411 -0.00918584
v -0.00579159 0.00316129 -0.00918407
v -0.00573340 0.00294488 -0.00918647
v -0.00572263 0.00300214 -0.00918682
v -0.00573213 0.00307217 -0.00918640
v -0.00589782 0.00321250 -0.01050427
v -0.00634700 0.00202558 -0.01097528
v -0.00552486 -0.00356786 -0.00995468
v -0.00552789 -0.00359854 -0.00998912
v -0.00508663 -0.00432747 -0.00926681
v -0.00491835 -0.00500767 -0.00847895
v -0.00487911 -0.00505063 -0.00834478
v -0.00482479 -0.00503963 -0.00835786
v -0.00492152 -0.00476033 -0.00888795
v -0.00489262 -0.00471759 -0.00887728
v -0.00511619 -0.00440763 -0.00931660
v -0.00424220 -0.00530733 -0.00554659
v -0.00621535 -0.00230555 -0.01087332
v -0.00603494 -0.00282057 -0.01067568
v -0.00562709 -0.00372230 -0.01007341
v -0.00626482 -0.00171898 -0.01089306
v -0.00593265 -0.00273351 -0.01058016
v -0.00611180 -0.00224133 -0.01077356
v -0.00508874 -0.00428985 -0.00923438
v -0.00487369 -0.00458029 -0.00881070
v -0.00469897 -0.00477422 -0.00831646
v -0.00443958 -0.00495180 -0.00724639
v -0.00442259 -0.00506335 -0.00726026
v -0.00442263 -0.00500611 -0.00725504
v -0.00468773 -0.00482452 -0.00833489
v -0.00455674 -0.00523708 -0.00724674
v -0.00450653 -0.00521038 -0.00725530
v -0.00446627 -0.00516970 -0.00726040
v -0.00566709 -0.00374532 -0.01007553
v -0.00564054 -0.00389487 -0.00995409
v -0.00522315 -0.00450519 -0.00933698
v -0.00443771 -0.00511929 -0.00726205
v -0.00469161 -0.00487710 -0.00834943
v -0.00486714 -0.00462463 -0.00883774
v -0.00470894 -0.00492844 -0.00835956
v -0.00473803 -0.00497500 -0.00836471
v -0.00477720 -0.00501325 -0.00836433
v -0.00526969 -0.00452235 -0.00932486
v -0.00519381 -0.00463813 -0.00918067
v -0.00500374 -0.00482361 -0.00888651
v -0.00505393 -0.00483828 -0.00887257
v -0.00496443 -0.00495352 -0.00862527
v -0.00495908 -0.00479665 -0.00889133
v -0.00518109 -0.00447880 -0.00933890
v -0.00630745 -0.00173952 -0.01095394
v -0.00615302 -0.00227329 -0.01083456
v -0.00597196 -0.00277801 -0.01063976
v -0.00556271 -0.00366349 -0.01004419
v -0.00605551 -0.00139605 -0.00936462
v -0.00587907 0.00252172 -0.00948132
v -0.00613236 0.00121373 -0.00934493
v 0.00184216 -0.00552750 -0.01471967
v -0.00203353 -0.00471590 -0.00227224
v -0.00202805 -0.00468079 -0.00194029
v -0.00202065 -0.00457067 -0.00156069
v -0.00201422 -0.00446574 -0.00122773
v -0.00201162 -0.00440917 -0.00109241
v -0.00200496 -0.00421031 -0.00076771
v -0.00203504 -0.00495055 -0.00419488
v -0.00201573 -0.00504036 -0.00487317
v -0.00196955 -0.00515275 -0.00571128
v -0.00183784 -0.00531413 -0.00693778
v -0.00164029 -0.00543924 -0.00797914
v -0.00141153 -0.00552138 -0.00880304
v -0.00107581 -0.00558879 -0.00971881
v -0.00062379 -0.00562999 -0.01071424
v 0.00001052 -0.00563849 -0.01190833
v 0.00028620 -0.00563162 -0.01238431
v 0.00068219 -0.00561437 -0.01303402
v 0.00059508 -0.00561882 -0.01289436
v 0.00111004 -0.00558785 -0.01369399
v -0.00499143 -0.00050715 -0.00090158
v -0.00497497 -0.00075466 -0.00098780
v -0.00485933 -0.00041640 -0.00066124
v -0.00266131 -0.00413066 -0.00067740
v -0.00266031 -0.00421167 -0.00076967
v -0.00323971 -0.00381429 -0.00079140
v -0.00452419 -0.00223456 -0.00096983
v -0.00453412 -0.00221375 -0.00097016
v -0.00452325 -0.00223410 -0.00096075
v -0.00458873 -0.00209463 -0.00097205
v -0.00481567 -0.00147506 -0.00097159
v -0.00482563 -0.00144296 -0.00098118
v -0.00497376 -0.00076286 -0.00098773
v -0.00437194 -0.00252648 -0.00096502
v -0.00398072 -0.00311418 -0.00094722
v -0.00400258 -0.00308765 -0.00095647
v -0.00327208 -0.00385314 -0.00094362
v -0.00321784 -0.00389961 -0.00095292
v -0.00360351 -0.00354857 -0.00095208
v -0.00374400 -0.00339948 -0.00095303
v -0.00308301 -0.00400511 -0.00095441
v -0.00256690 -0.00433948 -0.00095775
v -0.00256020 -0.00434433 -0.00096625
v -0.00265480 -0.00411016 -0.00065657
v -0.00242129 -0.00396430 -0.00053125
v -0.00451304 -0.00138569 -0.00055765
v -0.00423753 -0.00209733 -0.00055645
v -0.00372880 -0.00291993 -0.00055487
v -0.00306780 -0.00360887 -0.00055409
v -0.00249912 -0.00398373 -0.00054592
v -0.00469876 -0.00040299 -0.00055859
v -0.00496914 -0.00042558 -0.00081736
v -0.00477269 -0.00146228 -0.00081127
v -0.00448076 -0.00221367 -0.00080360
v -0.00394125 -0.00308362 -0.00079404
v -0.00466651 -0.00143094 -0.00065812
v -0.00438049 -0.00216572 -0.00065418
v -0.00385282 -0.00301549 -0.00064922
v -0.00316801 -0.00372860 -0.00064765
v -0.00259806 -0.00403571 -0.00058802
v -0.00246090 0.00439983 -0.00107544
v -0.00228724 0.00450090 -0.00133131
v -0.00215896 0.00456582 -0.00154763
v -0.00211252 0.00458656 -0.00162118
v -0.00222713 -0.00457241 -0.00156681
v -0.00238493 -0.00446690 -0.00123084
v -0.00238653 -0.00446578 -0.00122788
v 0.00371216 -0.00652596 -0.02111488
v 0.00221100 -0.00717160 -0.02111601
v 0.00503786 -0.00557052 -0.02111388
v -0.00102773 -0.00742702 -0.02111846
v -0.00261154 -0.00702468 -0.02111966
v 0.00060563 -0.00747678 -0.02111722
v -0.00031152 -0.00749270 -0.02538502
v 0.00015907 -0.00749868 -0.02472949
v -0.00326134 -0.00674346 -0.02813863
v -0.00395588 -0.00635839 -0.02862071
v -0.00419290 -0.00620375 -0.02877641
v -0.00739127 -0.00113003 -0.03055541
v -0.00745989 -0.00050428 -0.03058777
v -0.00746706 -0.00050411 -0.02112333
v 0.00567285 0.00492441 -0.02111339
v 0.00442190 0.00606942 -0.02111434
v 0.00294570 0.00690411 -0.02111545
v 0.00131970 0.00738582 -0.02111669
v -0.00037295 0.00748991 -0.02111796
v 0.00015514 0.00749876 -0.02472947
v -0.00004522 0.00749973 -0.02502289
v -0.00204571 0.00721107 -0.02111924
v -0.00194447 0.00723802 -0.02708957
v -0.00125881 0.00739018 -0.02644782
v -0.00087715 0.00744619 -0.02604904
v -0.00060707 0.00747379 -0.02574324
v -0.00036182 0.00749032 -0.02544471
v -0.00361307 0.00656354 -0.02112042
v -0.00261877 0.00702012 -0.02765095
v -0.00203893 0.00721170 -0.02717193
v -0.00459889 0.00590743 -0.02903345
v -0.00396839 0.00635056 -0.02862668
v -0.00360455 0.00656521 -0.02837932
v -0.00329433 0.00672731 -0.02816006
v -0.00518407 0.00539857 -0.02938799
v -0.00498704 0.00558195 -0.02927098
v -0.00571660 0.00482838 -0.02969281
v -0.00612051 0.00431203 -0.02112231
v -0.00499488 0.00558044 -0.02112146
v -0.00691682 0.00284425 -0.03032329
v -0.00659671 0.00352590 -0.03016226
v -0.00693239 0.00282315 -0.02112292
v -0.00618957 0.00420217 -0.02995018
v -0.00611329 0.00431284 -0.02990950
v -0.00718364 0.00207696 -0.03045433
v -0.00738902 0.00118994 -0.02112327
v -0.00736484 0.00129163 -0.03054201
v -0.00747007 -0.00031908 -0.03059252
v -0.00746071 0.00049186 -0.03058792
v -0.00738187 0.00119007 -0.03055020
v -0.00664362 -0.00343633 -0.03018552
v -0.00716251 -0.00217239 -0.02112310
v -0.00648345 -0.00373082 -0.03010301
v -0.00649094 -0.00372960 -0.02112260
v -0.00623196 -0.00413878 -0.02997115
v -0.00697469 -0.00269868 -0.03035256
v -0.00715526 -0.00217307 -0.03044159
v -0.00722535 -0.00192628 -0.03047572
v -0.00574817 -0.00479057 -0.02970879
v -0.00547890 -0.00509766 -0.02955744
v -0.00521745 -0.00536615 -0.02940665
v -0.00461526 -0.00589457 -0.02904414
v -0.00613685 -0.00026728 -0.00580885
v -0.00533106 -0.00047204 -0.00577498
v -0.00534872 -0.00005144 -0.00582311
v -0.00535000 -0.00000144 -0.00582360
v -0.00534942 0.00002711 -0.00582347
v -0.00609541 -0.00072047 -0.00570900
v -0.00434506 0.00409695 -0.00891951
v -0.00370118 0.00474990 -0.01079058
v -0.00402420 0.00447175 -0.00903628
v -0.00154776 0.00543739 -0.00956665
v -0.00445498 0.00337237 -0.00507647
v -0.00435003 0.00302833 -0.00290779
v -0.00333161 0.00412612 -0.00293461
v -0.00270003 0.00448360 -0.00291901
v -0.00075499 0.00554881 -0.01133375
v 0.00108719 0.00559627 -0.01445518
v 0.00016949 0.00556608 -0.01301015
v -0.00162686 0.00566445 -0.01424506
v -0.00144230 0.00582063 -0.01551882
v -0.00029940 0.00599193 -0.01551982
v -0.00228446 0.00546184 -0.01418648
v -0.00206373 0.00562914 -0.01551914
v -0.00163745 0.00576831 -0.01551868
v -0.00277073 0.00526320 -0.01260411
v -0.00330410 0.00496402 -0.01251095
v -0.00265489 0.00537370 -0.01551762
v -0.00331127 0.00499249 -0.01551351
v -0.00394356 0.00450717 -0.01551069
v -0.00448585 0.00396903 -0.01551896
v -0.00326320 0.00506308 -0.01089817
v -0.00289072 0.00524942 -0.01551643
v -0.00446776 0.00375023 -0.00709216
v -0.00442410 0.00393155 -0.00802136
v -0.00396556 0.00400863 -0.00522279
v -0.00388635 0.00363531 -0.00292853
v -0.00269879 0.00479292 -0.00540379
v -0.00337490 0.00448899 -0.00533945
v -0.00262801 0.00497153 -0.00657421
v -0.00333851 0.00469268 -0.00647266
v -0.00249183 0.00514990 -0.00763197
v -0.00324657 0.00489661 -0.00750390
v -0.00228433 0.00531081 -0.00860291
v -0.00381592 0.00461774 -0.00825348
v -0.00367021 0.00479117 -0.00915063
v -0.00328695 0.00505076 -0.00925912
v -0.00279536 0.00530716 -0.01100262
v -0.00220734 0.00548492 -0.01269609
v -0.00469885 0.00335106 -0.00697843
v -0.00309359 0.00508528 -0.00845706
v -0.00287882 0.00524680 -0.00935838
v -0.00245010 0.00537721 -0.00944498
v -0.00230427 0.00547866 -0.01110115
v -0.00179634 0.00557611 -0.01119103
v -0.00162295 0.00562609 -0.01278477
v -0.00102632 0.00568597 -0.01286807
v -0.00095010 0.00577870 -0.01430240
v -0.00026508 0.00580429 -0.01435733
v 0.00067864 0.00596282 -0.01551910
v 0.00105472 0.00590866 -0.01551880
v 0.00235552 0.00552329 -0.01551782
v 0.00041757 0.00574291 -0.01440864
v -0.00042599 0.00566562 -0.01294388
v -0.00127783 0.00559948 -0.01126947
v -0.00200501 0.00544104 -0.00951554
v -0.00391252 0.00442238 -0.00731407
v -0.00553553 -0.00125788 -0.01032299
v -0.00561732 -0.00061725 -0.01029176
v -0.00434347 -0.00412804 -0.01072543
v -0.00468304 -0.00363049 -0.01062215
v -0.00497311 -0.00308514 -0.01052724
v -0.00521250 -0.00250148 -0.01044375
v -0.00540028 -0.00188918 -0.01037467
v 0.00016117 -0.00575705 -0.01298361
v -0.00076685 -0.00573386 -0.01129514
v 0.00108434 -0.00573702 -0.01444032
v 0.00176776 -0.00573728 -0.01551827
v 0.00240123 -0.00550367 -0.01551779
v 0.00036308 -0.00772663 -0.02439739
v 0.00041659 -0.00798451 -0.02430391
v 0.00203868 -0.00781731 -0.02435233
v 0.00206462 -0.00812900 -0.02416449
v 0.00051843 -0.00822493 -0.02413025
v 0.00208087 -0.00832529 -0.02392711
v 0.00062865 -0.00838523 -0.02392504
v 0.00209094 -0.00844871 -0.02359121
v 0.00075448 -0.00848959 -0.02367127
v 0.00359728 -0.00759742 -0.02435059
v 0.00365887 -0.00790495 -0.02416121
v 0.00369744 -0.00809802 -0.02392212
v 0.00372131 -0.00821825 -0.02358416
v -0.00609794 -0.00628426 -0.02989839
v -0.00627918 0.00609402 -0.02999478
v -0.00676916 0.00551294 -0.03024918
v -0.00725897 0.00481365 -0.03049038
v -0.00769902 0.00404249 -0.03069912
v -0.00804248 0.00329125 -0.03085683
v -0.00821296 0.00283812 -0.03093321
v -0.00835091 0.00240727 -0.03099423
v -0.00850992 -0.00178531 -0.03106407
v -0.00831577 -0.00252422 -0.03097942
v -0.00800811 -0.00337475 -0.03084213
v -0.00761876 -0.00419609 -0.03066275
v -0.00714355 -0.00499099 -0.03043693
v -0.00664107 -0.00567474 -0.03018433
v -0.00867578 0.00070026 -0.03113468
v -0.00870629 -0.00007181 -0.03114805
v -0.00865315 -0.00092459 -0.03112533
v -0.00856151 0.00153075 -0.03108547
v -0.00645509 -0.00118367 -0.01767367
v -0.00587217 0.00362099 -0.01892404
v -0.00620950 0.00252854 -0.01820143
v -0.00636729 0.00178843 -0.01786329
v -0.00660045 -0.00200180 -0.01892460
v -0.00688108 -0.00046453 -0.01892481
v -0.00680917 0.00109649 -0.01892475
v -0.00638840 0.00260145 -0.01892444
v -0.00647072 0.00104195 -0.01764149
v -0.00651914 0.00030163 -0.01753746
v -0.00651408 -0.00043973 -0.01754786
v -0.00011295 0.00289997 -0.01628331
v -0.00173504 0.00324709 -0.01387970
v -0.00185008 0.00338458 -0.01368834
v -0.00198505 0.00363465 -0.01346083
v -0.00205465 0.00388727 -0.01334210
v -0.00164791 0.00316734 -0.01402319
v -0.00137212 0.00300099 -0.01446763
v -0.00207007 -0.00310056 -0.01331237
v -0.00474831 0.00522274 -0.00864630
v -0.00449741 0.00563877 -0.00728267
v -0.00431766 0.00550705 -0.00732013
v -0.00434649 0.00555976 -0.00731715
v -0.00438912 0.00560160 -0.00730926
v -0.00444146 0.00562886 -0.00729731
v -0.00476065 0.00549095 -0.00818658
v -0.00433184 0.00533355 -0.00729962
v -0.00430511 0.00544814 -0.00731800
v -0.00430990 0.00538853 -0.00731098
v -0.00457266 0.00525343 -0.00818989
v -0.00457244 0.00530897 -0.00820395
v -0.00458763 0.00536361 -0.00821262
v -0.00486496 0.00533456 -0.00864349
v -0.00481765 0.00530725 -0.00865202
v -0.00477770 0.00526902 -0.00865300
v -0.00461705 0.00541271 -0.00821509
v -0.00465838 0.00545231 -0.00821119
v -0.00470804 0.00547924 -0.00820129
v -0.00491476 0.00534850 -0.00862848
v -0.00507790 0.00569380 -0.00641172
v -0.00529432 0.00562123 -0.00744645
v -0.00563735 0.00535531 -0.00861026
v -0.00550552 0.00547694 -0.00824245
v -0.00546913 0.00550675 -0.00812513
v -0.00488172 0.00570514 -0.00543802
v -0.00475067 0.00569496 -0.00483214
v -0.00522203 -0.00658925 -0.01840919
v -0.00840591 0.00201096 -0.02328110
v -0.00848412 0.00194593 -0.02601673
v -0.00868037 0.00097904 -0.02588743
v -0.00603970 0.00614653 -0.02450198
v -0.00622731 0.00605351 -0.02678990
v -0.00678879 0.00537740 -0.02671976
v -0.00585886 -0.00522061 -0.01012529
v -0.00758579 -0.00238455 -0.01231150
v -0.00833722 -0.00000224 -0.01541277
v -0.00758707 0.00238048 -0.01231149
v -0.00646869 0.00446596 -0.01154928
v -0.00656343 0.00450948 -0.01321342
v -0.00712065 0.00349255 -0.01273047
v -0.00530729 0.00572881 -0.00837807
v -0.00464255 0.00573131 -0.00459183
v -0.00490572 0.00454780 -0.00145853
v -0.00490328 -0.00455044 -0.00145853
v -0.00821866 0.00284274 -0.02889900
v -0.00632113 -0.00602939 -0.02924913
v -0.00688283 -0.00533852 -0.02922879
v -0.00739502 -0.00456914 -0.02914828
v -0.00784426 -0.00373432 -0.02903065
v -0.00850017 -0.00192072 -0.02877640
v -0.00632437 0.00602599 -0.02924913
v -0.00688570 0.00533482 -0.02922880
v -0.00739747 0.00456516 -0.02914828
v -0.00784627 0.00373011 -0.02903066
v -0.00451243 -0.00540090 -0.00295920
v -0.00463947 -0.00573380 -0.00459184
v -0.00432992 -0.00505038 -0.00161972
v -0.00490183 -0.00516769 -0.00324660
v -0.00546982 -0.00394338 -0.00129282
v -0.00614850 -0.00243195 -0.00018896
v -0.00571789 -0.00316472 -0.00036142
v -0.00523338 -0.00382837 -0.00058409
v -0.00649314 -0.00164952 -0.00007265
v -0.00571959 0.00316165 -0.00036142
v -0.00614981 0.00242865 -0.00018895
v -0.00649402 0.00164603 -0.00007266
v -0.00523544 0.00382555 -0.00058409
v -0.00547194 0.00394043 -0.00129282
v -0.00451533 0.00539848 -0.00295920
v -0.00474186 0.00601809 -0.00643812
v -0.00530940 0.00593157 -0.01028716
v -0.00586167 0.00521746 -0.01012529
v -0.00792025 0.00229596 -0.01589338
v -0.00822496 0.00116069 -0.01554472
v -0.00830821 0.00058095 -0.01544724
v -0.00822434 -0.00116512 -0.01554473
v -0.00774083 -0.00236348 -0.01394024
v -0.00711877 -0.00349638 -0.01273046
v -0.00646629 -0.00446944 -0.01154928
v -0.00656100 -0.00451301 -0.01321342
v -0.00530621 -0.00593442 -0.01028716
v -0.00479691 -0.00626351 -0.00839680
v -0.00473862 -0.00602064 -0.00643813
v -0.00578057 0.00628985 -0.02237950
v -0.00522557 0.00658645 -0.01840919
v -0.00659862 0.00549047 -0.02435640
v -0.00731320 0.00461404 -0.02657695
v -0.00501913 0.00666883 -0.01644947
v -0.00575725 0.00600558 -0.01803903
v -0.00633383 0.00565781 -0.02214469
v -0.00713948 0.00473177 -0.02412039
v -0.00778255 0.00377797 -0.02639190
v -0.00727600 0.00346420 -0.01443068
v -0.00861365 -0.00000232 -0.02028563
v -0.00859036 0.00053048 -0.02031078
v -0.00852297 0.00106072 -0.02038181
v -0.00827244 0.00210326 -0.02063474
v -0.00859007 -0.00053509 -0.02031078
v -0.00830790 -0.00058542 -0.01544723
v -0.00852240 -0.00106530 -0.02038182
v -0.00791901 -0.00230021 -0.01589338
v -0.00727414 -0.00346812 -0.01443066
v -0.00821713 -0.00284716 -0.02889900
v -0.00817730 -0.00288815 -0.02619502
v -0.00778051 -0.00378216 -0.02639190
v -0.00763540 -0.00389164 -0.02383509
v -0.00713693 -0.00473560 -0.02412039
v -0.00689012 -0.00490630 -0.02179935
v -0.00633079 -0.00566121 -0.02214469
v -0.00575402 -0.00600867 -0.01803903
v -0.00501555 -0.00667153 -0.01644947
v -0.00678590 -0.00538105 -0.02671975
v -0.00622406 -0.00605686 -0.02678990
v -0.00603640 -0.00614977 -0.02450197
v -0.00731072 -0.00461797 -0.02657696
v -0.00659567 -0.00549401 -0.02435640
v -0.00577718 -0.00629295 -0.02237950
v -0.00471956 -0.00440395 -0.00082478
v -0.00827131 -0.00210771 -0.02063473
v -0.00747028 -0.00337983 -0.01638794
v -0.00671435 -0.00448160 -0.01499650
v -0.00596785 -0.00540269 -0.01370069
v -0.00588735 -0.00534990 -0.01189795
v -0.00532816 -0.00607104 -0.01220443
v -0.00539488 -0.00613347 -0.01413289
v -0.00611538 -0.00537357 -0.01556802
v -0.00692718 -0.00437625 -0.01695760
v -0.00789349 -0.00310902 -0.02099092
v -0.00840483 -0.00201548 -0.02328109
v -0.00862623 -0.00101748 -0.02309462
v -0.00433263 0.00504806 -0.00161973
v -0.00472192 0.00440141 -0.00082479
v -0.00480027 0.00626092 -0.00839680
v -0.00482495 0.00645697 -0.01040156
v -0.00484759 0.00659683 -0.01242717
v -0.00490128 0.00667071 -0.01445076
v -0.00553443 0.00611069 -0.01607558
v -0.00634157 0.00525836 -0.01753156
v -0.00689275 0.00490259 -0.02179936
v -0.00763749 0.00388754 -0.02383509
v -0.00817885 0.00288376 -0.02619501
v -0.00806789 0.00297490 -0.02354162
v -0.00789516 0.00310478 -0.02099092
v -0.00742423 0.00404474 -0.02139694
v -0.00747210 0.00337581 -0.01638794
v -0.00692953 0.00437253 -0.01695760
v -0.00671676 0.00447799 -0.01499650
v -0.00611827 0.00537028 -0.01556802
v -0.00597075 0.00539949 -0.01370069
v -0.00539818 0.00613057 -0.01413289
v -0.00589022 0.00534673 -0.01189795
v -0.00533143 0.00606818 -0.01220442
v -0.00874960 -0.00000235 -0.02583758
v -0.00867984 -0.00098371 -0.02588744
v -0.00848307 -0.00195049 -0.02601672
v -0.00806629 -0.00297924 -0.02354162
v -0.00742206 -0.00404873 -0.02139695
v -0.00633875 -0.00526177 -0.01753156
v -0.00553114 -0.00611367 -0.01607558
v -0.00489770 -0.00667334 -0.01445076
v -0.00484404 -0.00659943 -0.01242718
v -0.00482148 -0.00645956 -0.01040156
f 1 2 3
f 4 3 5
f 5 3 2
f 5 2 6
f 6 2 7
f 2 8 7
f 7 8 9
f 7 9 10
f 10 9 11
f 10 11 12
f 12 11 13
f 12 13 14
f 14 13 15
f 14 15 16
f 16 15 17
f 16 17 18
f 18 17 19
f 18 19 20
f 21 22 23
f 23 22 24
f 23 24 3
f 3 24 25
f 3 25 1
f 26 27 28
f 28 29 26
f 26 29 30
f 26 30 31
f 31 30 32
f 31 32 21
f 21 32 33
f 21 33 22
f 34 35 36
f 36 35 37
f 36 37 38
f 38 37 39
f 38 39 40
f 40 39 41
f 40 41 27
f 27 41 42
f 27 42 28
f 43 44 45
f 46 47 48
f 46 48 49
f 50 51 52
f 52 51 53
f 52 53 54
f 54 53 55
f 54 55 56
f 50 52 57
f 57 52 58
f 57 58 59
f 59 58 60
f 59 60 61
f 62 63 29
f 29 28 62
f 62 28 42
f 62 42 41
f 41 39 62
f 62 39 37
f 62 37 35
f 61 60 64
f 64 60 62
f 64 62 65
f 65 62 35
f 65 35 66
f 2 1 67
f 67 1 68
f 1 25 68
f 68 25 24
f 68 24 63
f 63 24 22
f 63 22 33
f 33 32 63
f 63 32 30
f 63 30 29
f 69 70 71
f 71 70 19
f 71 19 72
f 72 19 73
f 72 73 74
f 19 17 73
f 73 17 15
f 73 15 13
f 2 67 8
f 8 67 75
f 8 75 76
f 13 11 73
f 73 11 9
f 73 9 77
f 77 9 8
f 77 8 78
f 78 8 76
f 56 55 79
f 79 55 80
f 79 80 81
f 81 80 82
f 81 82 83
f 83 82 84
f 83 84 85
f 85 84 49
f 85 49 86
f 86 49 48
f 86 48 45
f 45 48 87
f 45 87 43
f 72 88 71
f 71 88 89
f 71 89 90
f 72 74 91
f 72 91 88
f 88 91 92
f 88 92 93
f 92 91 94
f 95 96 97
f 98 99 100
f 99 98 101
f 102 103 104
f 104 103 105
f 104 105 106
f 106 107 104
f 104 107 108
f 104 108 109
f 109 108 110
f 111 112 95
f 90 89 113
f 113 89 88
f 114 115 116
f 116 115 117
f 116 117 118
f 118 117 110
f 93 92 119
f 119 92 94
f 119 94 120
f 120 94 121
f 120 121 122
f 122 121 123
f 122 123 111
f 111 123 124
f 111 124 112
f 112 124 125
f 112 125 126
f 95 97 111
f 111 97 127
f 111 127 122
f 122 127 128
f 122 128 120
f 120 128 113
f 120 113 119
f 119 113 88
f 119 88 93
f 115 90 117
f 117 90 113
f 117 113 110
f 110 113 128
f 110 128 109
f 109 128 127
f 109 127 104
f 104 127 97
f 104 97 129
f 129 97 96
f 129 96 130
f 130 98 129
f 129 98 100
f 129 100 104
f 104 100 131
f 104 131 102
f 75 132 76
f 76 132 133
f 76 133 78
f 78 133 101
f 78 101 98
f 95 77 96
f 96 77 78
f 96 78 130
f 130 78 98
f 95 112 77
f 77 112 126
f 77 126 73
f 134 135 136
f 137 138 139
f 140 141 142
f 143 144 140
f 140 142 143
f 143 142 145
f 143 145 146
f 146 145 147
f 146 147 148
f 148 147 149
f 148 149 150
f 150 149 151
f 151 149 152
f 151 152 153
f 154 155 153
f 153 155 156
f 153 156 151
f 157 158 154
f 154 158 159
f 154 159 155
f 155 159 160
f 155 160 161
f 161 160 162
f 161 162 163
f 164 165 166
f 166 165 167
f 167 168 166
f 166 168 169
f 166 169 170
f 139 45 137
f 137 45 171
f 137 171 166
f 166 171 172
f 166 172 164
f 138 173 139
f 139 173 174
f 139 174 175
f 175 174 176
f 175 176 177
f 176 178 177
f 177 178 179
f 177 179 180
f 180 179 181
f 180 181 182
f 136 135 183
f 183 135 184
f 183 184 182
f 182 184 180
f 180 184 185
f 180 185 186
f 187 188 189
f 189 188 190
f 190 188 191
f 190 191 136
f 136 191 192
f 136 192 134
f 158 193 159
f 159 193 194
f 159 194 195
f 195 194 196
f 195 196 197
f 197 196 198
f 197 198 199
f 199 198 200
f 199 200 201
f 201 200 187
f 201 187 202
f 202 187 189
f 203 204 205
f 205 204 206
f 205 206 207
f 207 206 208
f 207 208 209
f 209 208 210
f 209 210 211
f 211 210 212
f 211 212 213
f 213 212 214
f 213 214 215
f 215 214 216
f 215 216 217
f 217 216 218
f 217 218 219
f 219 218 220
f 219 220 221
f 221 220 222
f 221 222 223
f 223 222 224
f 223 224 225
f 225 224 226
f 225 226 203
f 203 226 204
f 65 66 227
f 35 34 66
f 66 34 228
f 66 228 227
f 227 229 65
f 65 229 230
f 65 230 64
f 94 91 74
f 73 126 74
f 74 126 125
f 94 74 121
f 125 124 74
f 74 124 123
f 74 123 121
f 166 231 232
f 166 170 233
f 234 231 235
f 235 231 166
f 235 166 236
f 236 166 233
f 237 197 238
f 238 197 199
f 238 199 239
f 239 199 201
f 239 201 240
f 240 201 241
f 242 173 243
f 243 173 138
f 243 138 232
f 232 138 137
f 232 137 166
f 244 178 245
f 245 178 176
f 245 176 242
f 242 176 174
f 242 174 173
f 246 182 247
f 247 182 181
f 247 181 244
f 244 181 179
f 244 179 178
f 190 136 246
f 246 136 183
f 246 183 182
f 246 248 190
f 190 248 249
f 190 249 189
f 241 201 249
f 249 201 202
f 249 202 189
f 162 250 251
f 250 162 252
f 252 162 160
f 252 160 253
f 253 160 159
f 253 159 254
f 255 256 257
f 258 259 260
f 260 259 261
f 260 261 262
f 262 261 263
f 263 264 262
f 262 264 265
f 262 265 266
f 260 267 258
f 258 267 268
f 258 268 251
f 251 268 163
f 251 163 162
f 195 257 159
f 159 257 269
f 159 269 254
f 195 197 257
f 257 197 237
f 257 237 270
f 270 271 257
f 257 271 272
f 257 272 255
f 273 274 275
f 275 274 276
f 276 277 275
f 275 277 278
f 275 278 265
f 265 278 279
f 265 279 266
f 280 281 282
f 283 284 280
f 280 282 283
f 283 282 285
f 283 285 286
f 286 285 287
f 286 287 288
f 288 287 289
f 289 287 290
f 289 290 291
f 291 290 292
f 291 292 293
f 280 284 294
f 294 284 295
f 294 295 296
f 297 281 280
f 280 294 297
f 297 294 298
f 297 298 299
f 300 301 302
f 303 304 305
f 306 300 305
f 305 300 302
f 305 302 303
f 307 308 251
f 251 308 258
f 309 310 307
f 307 310 308
f 310 309 311
f 311 309 312
f 311 312 313
f 313 312 314
f 313 314 315
f 315 314 316
f 315 316 317
f 317 316 318
f 317 318 319
f 319 318 320
f 319 320 321
f 321 320 322
f 321 322 323
f 323 322 293
f 323 293 324
f 325 326 292
f 292 326 327
f 328 329 330
f 330 329 331
f 330 331 292
f 292 331 332
f 292 332 333
f 333 334 292
f 292 334 335
f 292 335 336
f 337 330 338
f 338 330 292
f 338 292 339
f 339 292 327
f 324 293 340
f 340 293 292
f 340 292 341
f 341 292 336
f 341 336 342
f 343 344 345
f 345 344 346
f 346 344 347
f 346 347 348
f 348 347 349
f 348 349 350
f 350 349 351
f 350 351 352
f 345 353 343
f 343 353 354
f 343 354 355
f 355 354 356
f 355 356 357
f 357 356 358
f 357 358 359
f 359 358 360
f 360 361 359
f 359 361 362
f 359 362 363
f 363 362 364
f 363 364 365
f 366 367 368
f 369 370 371
f 371 370 372
f 371 372 365
f 365 372 373
f 365 373 363
f 369 371 374
f 374 371 375
f 374 375 376
f 376 375 377
f 376 377 378
f 352 351 379
f 379 351 380
f 379 380 381
f 381 380 382
f 381 382 383
f 383 382 384
f 383 384 385
f 385 384 386
f 385 386 368
f 368 386 387
f 368 387 366
f 377 388 378
f 378 388 389
f 378 389 390
f 390 389 368
f 390 368 391
f 391 368 367
f 392 386 384
f 386 392 387
f 382 393 384
f 384 393 394
f 384 394 392
f 395 392 394
f 236 395 235
f 235 395 234
f 234 395 396
f 396 395 394
f 396 394 397
f 397 394 393
f 397 393 398
f 399 400 397
f 249 255 272
f 271 240 272
f 272 240 241
f 272 241 249
f 401 255 402
f 402 255 403
f 401 404 255
f 255 404 405
f 255 405 256
f 405 406 256
f 256 406 407
f 256 407 408
f 408 407 409
f 408 409 410
f 409 411 410
f 410 411 412
f 410 412 413
f 413 412 414
f 413 414 415
f 415 414 416
f 415 416 417
f 416 418 417
f 417 418 419
f 417 419 420
f 420 419 421
f 420 421 422
f 421 423 422
f 422 423 424
f 422 424 425
f 424 426 425
f 425 426 427
f 425 427 428
f 427 429 428
f 428 429 430
f 428 430 431
f 430 432 431
f 431 432 433
f 431 433 434
f 434 433 435
f 435 436 434
f 434 436 437
f 434 437 438
f 438 437 439
f 438 439 440
f 439 441 440
f 440 441 442
f 440 442 443
f 443 442 444
f 443 444 445
f 445 444 446
f 445 446 447
f 397 400 396
f 396 400 448
f 396 448 449
f 446 450 447
f 447 450 451
f 447 451 452
f 452 451 453
f 452 453 398
f 398 453 454
f 398 454 397
f 397 454 455
f 397 455 399
f 244 456 247
f 247 456 457
f 458 246 459
f 459 246 247
f 459 247 460
f 460 247 457
f 458 461 246
f 246 461 462
f 246 462 248
f 248 462 463
f 248 463 249
f 249 463 464
f 249 464 255
f 255 464 465
f 255 465 403
f 245 242 466
f 466 467 245
f 245 467 468
f 245 468 244
f 244 468 469
f 244 469 456
f 234 396 231
f 231 396 449
f 231 449 232
f 232 449 470
f 232 470 243
f 470 471 243
f 243 471 472
f 243 472 242
f 242 472 473
f 242 473 466
f 452 398 393
f 452 393 447
f 447 393 474
f 447 474 445
f 445 474 475
f 445 475 443
f 443 475 440
f 440 475 476
f 440 476 438
f 438 476 434
f 434 476 477
f 434 477 431
f 431 477 428
f 428 477 478
f 428 478 425
f 425 478 422
f 422 478 479
f 422 479 420
f 420 479 417
f 417 479 480
f 417 480 415
f 415 480 413
f 413 480 481
f 413 481 410
f 257 256 481
f 481 256 408
f 481 408 410
f 257 359 269
f 269 359 363
f 482 254 363
f 363 254 269
f 483 307 251
f 483 251 484
f 251 250 484
f 484 250 252
f 484 252 485
f 485 252 253
f 485 253 486
f 486 253 254
f 486 254 482
f 487 488 489
f 490 491 492
f 295 284 283
f 490 296 295
f 490 493 491
f 491 493 494
f 491 494 492
f 492 494 495
f 496 497 498
f 499 497 500
f 500 497 496
f 500 496 501
f 502 503 504
f 504 503 505
f 504 505 506
f 488 507 489
f 489 507 508
f 489 508 509
f 493 487 494
f 494 487 489
f 494 489 495
f 495 489 509
f 495 509 498
f 498 509 508
f 498 508 496
f 496 508 507
f 496 507 501
f 293 505 291
f 291 505 503
f 291 503 289
f 289 503 502
f 289 502 288
f 490 295 493
f 493 295 283
f 493 283 487
f 487 283 286
f 487 286 488
f 488 286 288
f 488 288 507
f 507 288 502
f 507 502 501
f 501 502 504
f 501 504 500
f 500 504 506
f 500 506 499
f 363 373 482
f 482 373 510
f 482 510 486
f 486 510 511
f 486 511 485
f 485 511 512
f 485 512 484
f 484 512 483
f 483 512 309
f 483 309 307
f 513 514 318
f 515 516 517
f 370 369 518
f 370 516 372
f 372 516 515
f 372 515 373
f 373 515 510
f 519 511 510
f 512 511 520
f 520 511 519
f 520 519 513
f 370 518 516
f 516 518 521
f 516 521 517
f 517 521 522
f 517 522 523
f 510 515 519
f 519 515 517
f 519 517 513
f 513 517 523
f 513 523 514
f 309 512 312
f 312 512 520
f 312 520 314
f 314 520 513
f 314 513 316
f 316 513 318
f 369 374 518
f 518 374 524
f 514 523 525
f 525 523 522
f 525 522 524
f 524 522 521
f 524 521 518
f 526 525 527
f 527 525 524
f 527 524 528
f 528 524 374
f 528 374 376
f 526 322 525
f 525 322 320
f 525 320 514
f 514 320 318
f 528 376 378
f 527 506 526
f 526 506 505
f 526 505 322
f 322 505 293
f 529 506 530
f 530 506 527
f 530 527 531
f 531 527 528
f 531 528 532
f 532 528 378
f 533 534 535
f 378 536 532
f 532 536 537
f 532 537 531
f 531 537 530
f 390 391 533
f 529 530 535
f 535 530 537
f 535 537 533
f 533 537 536
f 533 536 390
f 390 536 378
f 359 257 481
f 359 481 357
f 357 481 480
f 357 480 355
f 355 480 479
f 355 479 343
f 343 479 478
f 343 478 344
f 344 478 477
f 344 477 347
f 347 477 476
f 347 476 349
f 349 476 475
f 349 475 351
f 351 475 474
f 351 474 380
f 380 474 393
f 380 393 382
f 538 377 539
f 539 377 375
f 539 375 540
f 540 375 371
f 540 371 541
f 541 371 365
f 541 365 542
f 542 365 364
f 542 364 543
f 543 364 362
f 543 362 544
f 544 362 361
f 544 361 545
f 545 361 360
f 545 360 546
f 546 360 358
f 546 358 547
f 547 358 356
f 547 356 548
f 548 356 354
f 548 354 549
f 549 354 353
f 549 353 550
f 550 353 345
f 550 345 551
f 551 345 346
f 551 346 552
f 552 346 348
f 552 348 553
f 553 348 350
f 553 350 554
f 554 350 352
f 554 352 555
f 555 352 379
f 555 379 556
f 556 379 381
f 556 381 557
f 557 381 383
f 557 383 558
f 558 383 385
f 558 385 559
f 559 385 368
f 559 368 560
f 560 368 389
f 560 389 561
f 561 389 388
f 561 388 538
f 538 388 377
f 435 433 562
f 448 400 563
f 563 400 399
f 563 399 564
f 564 399 455
f 564 455 565
f 563 566 448
f 448 566 567
f 448 567 449
f 567 568 449
f 449 568 569
f 449 569 470
f 470 569 570
f 470 570 471
f 471 570 571
f 471 571 472
f 472 571 572
f 472 572 473
f 473 572 573
f 473 573 466
f 466 573 574
f 466 574 467
f 467 574 468
f 468 574 575
f 468 575 469
f 575 576 469
f 469 576 577
f 469 577 456
f 456 577 578
f 456 578 457
f 457 578 579
f 457 579 460
f 460 579 459
f 459 579 580
f 459 580 458
f 580 581 458
f 458 581 582
f 458 582 461
f 461 582 583
f 461 583 462
f 462 583 463
f 463 583 584
f 463 584 464
f 584 585 464
f 464 585 586
f 464 586 465
f 465 586 587
f 465 587 403
f 403 587 588
f 403 588 402
f 402 588 401
f 401 588 589
f 401 589 404
f 404 589 590
f 404 590 405
f 405 590 406
f 406 590 591
f 406 591 407
f 591 592 407
f 407 592 593
f 407 593 409
f 409 593 594
f 409 594 411
f 594 595 411
f 411 595 596
f 411 596 412
f 412 596 597
f 412 597 598
f 599 429 600
f 600 429 427
f 600 427 601
f 601 427 426
f 601 426 602
f 602 426 424
f 602 424 603
f 603 424 423
f 603 423 604
f 604 423 421
f 604 421 605
f 605 421 419
f 605 419 606
f 606 419 418
f 606 418 607
f 607 418 416
f 607 416 598
f 598 416 414
f 598 414 412
f 562 433 608
f 608 433 432
f 608 432 599
f 599 432 430
f 599 430 429
f 609 444 610
f 610 444 442
f 610 442 611
f 611 442 441
f 611 441 612
f 612 441 439
f 612 439 613
f 613 439 437
f 613 437 562
f 562 437 436
f 562 436 435
f 609 614 444
f 444 614 615
f 444 615 446
f 446 615 616
f 446 616 450
f 450 616 617
f 450 617 451
f 451 617 618
f 451 618 453
f 453 618 619
f 453 619 454
f 454 619 620
f 454 620 455
f 455 620 621
f 455 621 565
f 622 559 560
f 622 560 623
f 559 622 558
f 558 622 624
f 558 624 557
f 557 624 556
f 556 624 625
f 556 625 555
f 555 625 554
f 554 625 626
f 554 626 553
f 553 626 552
f 552 626 627
f 552 627 551
f 551 627 550
f 550 627 628
f 550 628 549
f 629 630 545
f 545 546 629
f 629 546 547
f 629 547 628
f 628 547 548
f 628 548 549
f 631 632 541
f 541 542 631
f 631 542 543
f 631 543 630
f 630 543 544
f 630 544 545
f 560 561 623
f 623 561 538
f 623 538 633
f 633 538 539
f 633 539 632
f 632 539 540
f 632 540 541
f 577 576 634
f 565 621 635
f 635 621 620
f 635 620 636
f 636 620 619
f 566 563 637
f 637 563 635
f 635 563 564
f 635 564 565
f 570 569 638
f 638 569 568
f 638 568 637
f 637 568 567
f 637 567 566
f 570 638 571
f 571 638 639
f 571 639 572
f 576 575 634
f 634 575 574
f 634 574 639
f 639 574 573
f 639 573 572
f 640 579 634
f 634 579 578
f 634 578 577
f 641 583 640
f 640 583 582
f 582 581 640
f 640 581 580
f 640 580 579
f 587 586 642
f 642 586 585
f 642 585 641
f 641 585 584
f 641 584 583
f 587 642 588
f 588 642 643
f 588 643 589
f 589 643 590
f 590 643 644
f 590 644 591
f 595 594 645
f 645 594 593
f 645 593 644
f 644 593 592
f 644 592 591
f 607 598 646
f 646 598 597
f 646 597 645
f 645 597 596
f 645 596 595
f 603 604 647
f 647 604 605
f 647 605 646
f 646 605 606
f 646 606 607
f 603 647 602
f 602 647 648
f 602 648 601
f 562 608 649
f 649 608 599
f 649 599 648
f 648 599 600
f 648 600 601
f 615 614 650
f 650 614 609
f 650 609 651
f 651 609 610
f 610 611 651
f 651 611 612
f 651 612 649
f 649 612 613
f 649 613 562
f 619 618 636
f 636 618 617
f 636 617 650
f 650 617 616
f 650 616 615
f 652 627 653
f 653 627 626
f 653 626 654
f 654 626 625
f 654 625 655
f 655 625 624
f 655 624 656
f 656 624 622
f 656 622 657
f 657 622 623
f 657 623 658
f 658 623 633
f 658 633 659
f 659 633 632
f 659 632 660
f 660 632 631
f 660 631 661
f 661 631 630
f 661 630 662
f 662 630 629
f 662 629 663
f 663 629 628
f 663 628 652
f 652 628 627
f 658 634 657
f 657 634 639
f 657 639 656
f 660 642 659
f 659 642 641
f 659 641 658
f 658 641 640
f 658 640 634
f 662 645 661
f 661 645 644
f 661 644 660
f 660 644 643
f 660 643 642
f 652 648 663
f 663 648 647
f 663 647 662
f 662 647 646
f 662 646 645
f 639 638 656
f 656 638 637
f 656 637 655
f 655 637 635
f 655 635 654
f 635 636 654
f 654 636 650
f 654 650 653
f 653 650 651
f 653 651 652
f 652 651 649
f 652 649 648
f 664 70 114
f 114 70 69
f 114 69 115
f 115 69 71
f 115 71 90
f 20 19 665
f 665 19 70
f 665 70 666
f 666 70 664
f 667 668 669
f 669 668 670
f 669 670 671
f 671 670 672
f 671 672 673
f 673 672 674
f 673 674 675
f 675 674 676
f 675 676 677
f 677 676 678
f 677 678 679
f 679 678 680
f 679 680 681
f 681 680 682
f 681 682 683
f 683 682 684
f 683 684 685
f 685 684 686
f 685 686 687
f 687 686 688
f 687 688 689
f 689 688 690
f 689 690 691
f 691 690 692
f 691 692 693
f 693 692 694
f 693 694 695
f 695 694 696
f 695 696 697
f 697 696 698
f 697 698 699
f 699 698 700
f 699 700 701
f 701 700 702
f 701 702 703
f 703 702 704
f 703 704 705
f 705 704 706
f 705 706 707
f 707 706 708
f 707 708 709
f 709 708 710
f 709 710 711
f 711 710 712
f 711 712 713
f 713 712 714
f 713 714 667
f 667 714 668
f 223 715 221
f 221 715 716
f 221 716 219
f 219 716 717
f 219 717 217
f 217 717 718
f 217 718 215
f 215 718 719
f 215 719 213
f 213 719 720
f 213 720 211
f 211 720 721
f 211 721 209
f 209 721 722
f 209 722 207
f 207 722 723
f 207 723 205
f 205 723 724
f 205 724 203
f 203 724 725
f 203 725 225
f 225 725 726
f 225 726 223
f 223 726 715
f 727 728 711
f 729 707 728
f 728 707 709
f 728 709 711
f 730 703 729
f 729 703 705
f 729 705 707
f 731 699 730
f 730 699 701
f 730 701 703
f 732 695 731
f 731 695 697
f 731 697 699
f 733 691 732
f 732 691 693
f 732 693 695
f 734 687 733
f 733 687 689
f 733 689 691
f 735 683 734
f 734 683 685
f 734 685 687
f 736 679 735
f 735 679 681
f 735 681 683
f 737 675 736
f 736 675 677
f 736 677 679
f 738 671 737
f 737 671 673
f 737 673 675
f 711 713 727
f 727 713 667
f 727 667 738
f 738 667 669
f 738 669 671
f 720 738 721
f 721 738 737
f 721 737 722
f 722 737 736
f 722 736 723
f 723 736 735
f 723 735 724
f 724 735 734
f 724 734 725
f 725 734 733
f 725 733 726
f 726 733 732
f 726 732 715
f 715 732 731
f 715 731 716
f 716 731 730
f 716 730 717
f 717 730 729
f 717 729 718
f 718 729 728
f 718 728 719
f 719 728 727
f 719 727 720
f 720 727 738
f 222 739 224
f 224 739 740
f 224 740 226
f 226 740 741
f 226 741 204
f 204 741 742
f 204 742 206
f 206 742 743
f 206 743 208
f 208 743 744
f 208 744 210
f 210 744 745
f 210 745 212
f 212 745 746
f 212 746 214
f 214 746 747
f 214 747 216
f 216 747 748
f 216 748 218
f 218 748 749
f 218 749 220
f 220 749 750
f 220 750 222
f 222 750 739
f 751 752 741
f 186 745 753
f 753 745 744
f 743 754 744
f 744 754 755
f 755 756 744
f 744 756 757
f 744 757 753
f 758 759 742
f 742 759 760
f 742 760 743
f 743 760 761
f 743 761 754
f 741 752 742
f 742 752 762
f 742 762 758
f 763 740 157
f 157 740 739
f 157 739 158
f 763 764 740
f 740 764 765
f 740 765 741
f 741 765 766
f 741 766 751
f 158 739 193
f 193 739 750
f 193 750 194
f 194 750 196
f 196 750 749
f 196 749 198
f 198 749 200
f 200 749 748
f 200 748 187
f 747 191 748
f 748 191 188
f 748 188 187
f 746 134 747
f 747 134 192
f 747 192 191
f 186 185 745
f 745 185 184
f 745 184 746
f 746 184 135
f 746 135 134
f 767 534 768
f 768 534 533
f 768 533 769
f 769 533 770
f 770 533 391
f 770 391 367
f 164 172 771
f 771 772 164
f 164 772 773
f 164 773 774
f 774 775 164
f 164 775 776
f 164 776 165
f 45 44 777
f 45 777 171
f 777 778 171
f 171 778 779
f 171 779 172
f 172 779 780
f 172 780 771
f 776 781 165
f 165 781 767
f 165 767 768
f 768 769 165
f 165 769 770
f 165 770 167
f 167 770 367
f 167 367 168
f 395 236 233
f 387 392 395
f 367 366 168
f 168 366 387
f 168 387 169
f 169 387 395
f 169 395 170
f 170 395 233
f 782 4 5
f 782 5 783
f 784 785 7
f 7 785 786
f 7 786 6
f 6 786 787
f 6 787 5
f 5 787 788
f 5 788 783
f 10 118 7
f 7 118 789
f 7 789 784
f 10 12 118
f 118 12 14
f 118 14 116
f 14 16 116
f 116 16 18
f 116 18 20
f 664 114 666
f 666 114 116
f 666 116 665
f 665 116 20
f 790 303 791
f 791 303 792
f 790 793 303
f 303 793 794
f 303 794 795
f 795 796 303
f 303 796 797
f 303 797 304
f 304 797 798
f 304 798 799
f 800 801 802
f 802 803 800
f 800 803 804
f 800 804 805
f 806 807 808
f 808 809 806
f 806 809 810
f 806 810 811
f 812 813 814
f 814 813 815
f 814 815 816
f 817 818 819
f 819 818 820
f 819 820 821
f 821 820 822
f 821 822 823
f 823 822 824
f 823 824 825
f 817 819 826
f 826 819 806
f 826 806 805
f 805 806 811
f 805 811 800
f 807 806 827
f 827 806 819
f 827 819 828
f 828 819 821
f 828 821 814
f 814 821 823
f 814 823 812
f 812 823 825
f 812 825 813
f 829 830 831
f 832 772 771
f 829 831 833
f 833 831 834
f 833 834 835
f 832 771 836
f 836 771 780
f 836 780 834
f 834 780 779
f 834 779 835
f 499 506 529
f 499 529 497
f 490 492 776
f 492 495 529
f 529 495 498
f 529 498 497
f 492 529 776
f 776 529 535
f 776 535 781
f 781 535 534
f 781 534 767
f 298 776 837
f 837 776 838
f 298 294 776
f 776 294 296
f 776 296 490
f 825 824 839
f 840 87 48
f 825 839 813
f 48 47 840
f 840 47 841
f 840 841 842
f 842 841 843
f 843 841 844
f 843 844 845
f 846 847 848
f 848 847 849
f 848 849 850
f 850 849 843
f 850 843 851
f 851 843 845
f 852 853 854
f 854 853 855
f 854 855 856
f 848 857 816
f 813 839 815
f 815 839 858
f 815 858 816
f 816 858 856
f 816 856 848
f 848 856 855
f 848 855 846
f 792 303 302
f 842 843 859
f 859 792 842
f 842 792 302
f 842 302 840
f 840 302 301
f 840 301 860
f 861 862 863
f 861 863 864
f 862 865 863
f 863 865 866
f 863 866 867
f 837 838 866
f 866 838 868
f 866 868 867
f 306 869 870
f 829 871 863
f 863 871 872
f 863 872 864
f 873 860 301
f 870 871 306
f 306 871 829
f 306 829 300
f 300 829 833
f 300 833 301
f 301 833 835
f 301 835 873
f 866 874 837
f 837 874 299
f 837 299 298
f 87 840 43
f 43 840 860
f 43 860 44
f 44 860 873
f 44 873 777
f 777 873 835
f 777 835 778
f 778 835 779
f 875 876 877
f 877 878 875
f 875 878 879
f 875 879 880
f 880 879 881
f 880 881 882
f 882 881 883
f 882 883 884
f 884 883 885
f 884 885 886
f 887 878 877
f 888 885 883
f 889 890 891
f 892 893 891
f 891 893 894
f 891 894 889
f 892 895 896
f 896 895 897
f 896 897 898
f 891 899 892
f 892 899 900
f 892 900 895
f 895 900 901
f 902 903 904
f 904 903 905
f 904 905 901
f 901 905 906
f 901 906 895
f 907 908 909
f 909 908 910
f 909 910 911
f 904 912 902
f 902 912 909
f 902 909 913
f 913 909 911
f 907 914 908
f 908 914 915
f 908 915 916
f 879 917 881
f 881 917 918
f 881 918 883
f 883 918 908
f 883 908 888
f 888 908 916
f 878 887 879
f 887 919 879
f 879 919 920
f 879 920 921
f 921 922 879
f 879 922 923
f 879 923 917
f 924 925 926
f 926 927 924
f 924 927 928
f 924 928 929
f 929 928 930
f 929 930 931
f 931 932 929
f 929 932 933
f 929 933 934
f 934 935 929
f 929 935 936
f 929 936 937
f 929 937 938
f 938 937 939
f 939 940 938
f 938 940 941
f 938 941 942
f 942 941 943
f 942 943 944
f 944 943 945
f 929 938 924
f 924 938 946
f 924 946 925
f 925 946 947
f 947 946 948
f 947 948 949
f 949 948 950
f 949 950 951
f 951 950 952
f 951 952 953
f 953 952 954
f 954 952 955
f 954 955 956
f 957 958 959
f 959 958 960
f 959 960 961
f 961 960 962
f 961 962 956
f 956 962 963
f 956 963 954
f 964 965 966
f 966 965 967
f 966 967 957
f 957 967 968
f 957 968 958
f 966 969 964
f 964 969 970
f 964 970 971
f 971 970 972
f 971 972 973
f 973 972 974
f 975 976 977
f 977 978 975
f 975 978 979
f 975 979 974
f 974 979 980
f 974 980 973
f 981 982 983
f 983 982 984
f 983 984 985
f 985 984 986
f 985 986 945
f 945 986 987
f 945 987 944
f 988 989 990
f 990 989 991
f 983 992 981
f 981 992 993
f 981 993 994
f 994 993 995
f 994 995 991
f 991 995 996
f 991 996 990
f 988 997 989
f 989 997 998
f 989 998 999
f 999 998 1000
f 1001 977 976
f 1002 1003 1004
f 1004 1003 1005
f 1004 1005 1006
f 1006 1005 1007
f 1006 1007 1008
f 1008 1007 1009
f 1008 1009 1010
f 1009 1011 1010
f 1010 1011 1012
f 1010 1012 1013
f 1013 1012 1014
f 1013 1014 1015
f 1015 1014 1016
f 1015 1016 1017
f 1017 1016 1018
f 1019 1020 1021
f 1021 1020 1022
f 1021 1022 1023
f 1023 1022 1024
f 1023 1024 1025
f 1021 1026 1019
f 1019 1026 1027
f 1019 1027 1028
f 1028 1027 1029
f 1028 1029 1018
f 1018 1029 1030
f 1018 1030 1017
f 1031 1032 1033
f 1024 1034 1025
f 1025 1034 1035
f 1025 1035 1036
f 1036 1035 1037
f 1036 1037 1038
f 1038 1037 1039
f 1038 1039 1033
f 1033 1039 1040
f 1033 1040 1031
f 1032 1031 1041
f 1041 1031 1042
f 1041 1042 1043
f 1043 1042 898
f 1043 898 1044
f 1044 898 897
f 1044 897 1045
f 1045 897 895
f 1045 895 1046
f 1046 895 906
f 1046 906 905
f 905 903 1046
f 1046 903 902
f 1046 902 1047
f 1047 902 913
f 1047 913 1048
f 918 1049 908
f 908 1049 1050
f 908 1050 910
f 910 1050 1048
f 910 1048 911
f 911 1048 913
f 917 1051 918
f 918 1051 1052
f 918 1052 1049
f 1053 1054 922
f 922 1054 1055
f 922 1055 923
f 923 1055 1056
f 923 1056 917
f 917 1056 1057
f 917 1057 1051
f 887 877 876
f 922 921 1053
f 1053 921 920
f 1053 920 1058
f 1058 920 919
f 1058 919 1059
f 1059 919 1060
f 919 887 1060
f 1060 887 876
f 1060 876 1061
f 1061 876 1001
f 1061 1001 1062
f 1062 1001 976
f 1063 1064 1065
f 1066 1067 1068
f 1069 1070 1071
f 1072 1073 1074
f 1074 1073 1075
f 1074 1075 1076
f 1077 1078 1072
f 1072 1078 1079
f 1072 1079 1073
f 1071 1080 1069
f 1069 1080 1081
f 1069 1081 1082
f 1082 1081 1083
f 1082 1083 1084
f 1084 1083 1085
f 1084 1085 1077
f 1077 1085 1086
f 1077 1086 1078
f 1087 1088 1089
f 1089 1088 1090
f 1089 1090 1091
f 1091 1090 1092
f 1091 1092 1070
f 1070 1092 1093
f 1070 1093 1071
f 1094 1095 1096
f 1096 1095 1097
f 1098 1099 1100
f 1100 1099 1101
f 1100 1101 1094
f 1094 1101 1102
f 1094 1102 1095
f 1065 1103 1063
f 1063 1103 1104
f 1063 1104 1098
f 1098 1104 1105
f 1098 1105 1099
f 1106 1107 1108
f 1108 1107 1109
f 1108 1109 1064
f 1064 1109 1110
f 1064 1110 1065
f 1075 1111 1076
f 1076 1111 1112
f 1076 1112 1113
f 1113 1112 1114
f 1113 1114 1115
f 1115 1114 1116
f 1115 1116 1117
f 1117 1116 1118
f 1117 1118 1119
f 1119 1118 1120
f 1119 1120 1106
f 1106 1120 1121
f 1106 1121 1107
f 1096 1122 1123
f 1096 1123 1094
f 1094 1123 1124
f 1094 1124 1100
f 1100 1124 1125
f 1100 1125 1098
f 1098 1125 1126
f 1098 1126 1063
f 1063 1126 1127
f 1063 1127 1064
f 1064 1127 1128
f 1064 1128 1108
f 1108 1128 1129
f 1108 1129 1106
f 1106 1129 1130
f 1106 1130 1119
f 1119 1130 1131
f 1119 1131 1117
f 1117 1131 1132
f 1117 1132 1115
f 1115 1132 1133
f 1115 1133 1113
f 1113 1133 1134
f 1113 1134 1076
f 1076 1134 1135
f 1076 1135 1074
f 1074 1135 1136
f 1074 1136 1072
f 1072 1136 1137
f 1072 1137 1077
f 1077 1137 1138
f 1077 1138 1084
f 1084 1138 1139
f 1084 1139 1082
f 1082 1139 1140
f 1082 1140 1069
f 1069 1140 1141
f 1069 1141 1070
f 1070 1141 1142
f 1070 1142 1091
f 1091 1142 1143
f 1091 1143 1089
f 1122 1144 1145
f 1122 1145 1123
f 1123 1145 1146
f 1123 1146 1124
f 1124 1146 1147
f 1124 1147 1125
f 1125 1147 1148
f 1125 1148 1126
f 1126 1148 1149
f 1126 1149 1127
f 1127 1149 1150
f 1127 1150 1128
f 1128 1150 1151
f 1128 1151 1129
f 1129 1151 1152
f 1129 1152 1130
f 1130 1152 1153
f 1130 1153 1131
f 1131 1153 1154
f 1131 1154 1132
f 1132 1154 1155
f 1132 1155 1133
f 1133 1155 1156
f 1133 1156 1134
f 1134 1156 1157
f 1134 1157 1135
f 1135 1157 1158
f 1135 1158 1136
f 1136 1158 1159
f 1136 1159 1137
f 1137 1159 1160
f 1137 1160 1138
f 1138 1160 1161
f 1138 1161 1139
f 1139 1161 1162
f 1139 1162 1140
f 1140 1162 1163
f 1140 1163 1141
f 1141 1163 1164
f 1141 1164 1142
f 1142 1164 1165
f 1142 1165 1143
f 1144 1166 1167
f 1144 1167 1145
f 1145 1167 1168
f 1145 1168 1146
f 1146 1168 1169
f 1146 1169 1147
f 1147 1169 1170
f 1147 1170 1148
f 1148 1170 1171
f 1148 1171 1149
f 1149 1171 1172
f 1149 1172 1150
f 1150 1172 1173
f 1150 1173 1151
f 1151 1173 1174
f 1151 1174 1152
f 1152 1174 1175
f 1152 1175 1153
f 1153 1175 1176
f 1153 1176 1154
f 1154 1176 1177
f 1154 1177 1155
f 1155 1177 1178
f 1155 1178 1156
f 1156 1178 1179
f 1156 1179 1157
f 1157 1179 1180
f 1157 1180 1158
f 1158 1180 1181
f 1158 1181 1159
f 1159 1181 1182
f 1159 1182 1160
f 1160 1182 1183
f 1160 1183 1161
f 1161 1183 1184
f 1161 1184 1162
f 1162 1184 1185
f 1162 1185 1163
f 1163 1185 1186
f 1163 1186 1164
f 1164 1186 1187
f 1164 1187 1165
f 1188 1187 1189
f 1189 1187 1186
f 1189 1186 1190
f 1190 1186 1185
f 1190 1185 1191
f 1191 1185 1184
f 1191 1184 1192
f 1192 1184 1183
f 1192 1183 1193
f 1193 1183 1182
f 1193 1182 1194
f 1194 1182 1181
f 1194 1181 1195
f 1195 1181 1180
f 1195 1180 1196
f 1196 1180 1179
f 1196 1179 1197
f 1197 1179 1178
f 1188 1198 1187
f 1187 1198 1199
f 1187 1199 1165
f 1165 1199 1200
f 1165 1200 1143
f 1143 1200 1201
f 1143 1201 1089
f 1089 1201 1202
f 1089 1202 1087
f 1087 1202 1203
f 1198 1204 1199
f 1199 1204 1205
f 1199 1205 1200
f 1200 1205 1206
f 1200 1206 1201
f 1201 1206 1207
f 1201 1207 1202
f 1202 1207 1068
f 1202 1068 1203
f 1203 1068 1067
f 1204 1208 1205
f 1205 1208 1166
f 1205 1166 1206
f 1206 1166 1144
f 1206 1144 1207
f 1207 1144 1122
f 1207 1122 1068
f 1068 1122 1096
f 1068 1096 1066
f 1066 1096 1097
f 1208 1209 1166
f 1166 1209 1210
f 1166 1210 1167
f 1167 1210 1211
f 1167 1211 1168
f 1168 1211 1212
f 1168 1212 1169
f 1169 1212 1213
f 1169 1213 1170
f 1170 1213 1214
f 1170 1214 1171
f 1171 1214 1215
f 1171 1215 1172
f 1172 1215 1216
f 1172 1216 1173
f 1173 1216 1217
f 1173 1217 1174
f 1174 1217 1218
f 1174 1218 1175
f 1175 1218 1219
f 1175 1219 1176
f 1176 1219 1220
f 1176 1220 1177
f 1177 1220 1221
f 1177 1221 1178
f 1178 1221 1222
f 1178 1222 1197
f 1220 1219 1223
f 1224 1212 1211
f 1224 1211 1225
f 1225 1211 1210
f 1225 1210 1226
f 1226 1210 1227
f 1227 1210 1209
f 1227 1209 1228
f 1208 1229 1209
f 1209 1229 1230
f 1209 1230 1228
f 1204 1231 1208
f 1208 1231 1232
f 1208 1232 1229
f 1233 1234 1188
f 1188 1234 1235
f 1188 1235 1198
f 1198 1235 1236
f 1198 1236 1204
f 1204 1236 1237
f 1204 1237 1231
f 1188 1189 1233
f 1233 1189 1190
f 1233 1190 1191
f 1192 1193 1238
f 1238 1193 1194
f 1238 1194 1239
f 1239 1194 1195
f 1239 1195 1240
f 1241 1242 1243
f 1242 1244 1243
f 1243 1244 1233
f 1243 1233 1238
f 1238 1233 1191
f 1238 1191 1192
f 1245 1246 1247
f 1248 1249 1245
f 1245 1249 1250
f 1245 1250 1246
f 1247 1251 1245
f 1245 1251 1252
f 1245 1252 1253
f 1253 1254 1245
f 1245 1254 1255
f 1245 1255 1256
f 1238 1257 1243
f 1243 1257 1248
f 1243 1248 1241
f 1241 1248 1245
f 1241 1245 1258
f 1258 1245 1256
f 1220 1223 1221
f 1221 1223 1259
f 1221 1259 1222
f 1222 1259 1260
f 1222 1260 1197
f 1197 1260 1261
f 1197 1261 1196
f 1196 1261 1262
f 1196 1262 1195
f 1195 1262 1263
f 1195 1263 1240
f 1217 1216 1264
f 1217 1264 1218
f 1218 1264 1219
f 1219 1264 1265
f 1219 1265 1223
f 1215 1214 1266
f 1266 1214 1213
f 1224 1267 1212
f 1212 1267 1268
f 1212 1268 1213
f 1213 1268 1269
f 1213 1269 1266
f 1216 1215 1264
f 1264 1215 1266
f 1264 1266 1270
f 1271 1272 1270
f 1270 1272 1273
f 1270 1273 1264
f 1266 1274 1270
f 1270 1274 1275
f 1270 1275 1271
f 1276 1277 1278
f 1278 1277 1279
f 1278 1279 1280
f 1281 1282 1278
f 1275 1276 1271
f 1271 1276 1278
f 1271 1278 1283
f 1283 1278 1282
f 1280 1284 1278
f 1278 1284 1285
f 1278 1285 1281
f 1065 1110 1286
f 1287 1107 1121
f 1287 1121 1288
f 1286 1110 1287
f 1287 1110 1109
f 1287 1109 1107
f 1065 1286 1103
f 1103 1286 1289
f 1103 1289 1104
f 1104 1289 1105
f 1105 1289 1290
f 1105 1290 1099
f 1099 1290 1101
f 1101 1290 1291
f 1101 1291 1102
f 1292 1097 1291
f 1291 1097 1095
f 1291 1095 1102
f 1293 1067 1292
f 1292 1067 1066
f 1292 1066 1097
f 1090 1088 1294
f 1294 1088 1087
f 1294 1087 1293
f 1293 1087 1203
f 1293 1203 1067
f 1295 1093 1294
f 1294 1093 1092
f 1294 1092 1090
f 1083 1081 1296
f 1296 1081 1080
f 1296 1080 1295
f 1295 1080 1071
f 1295 1071 1093
f 1083 1296 1085
f 1085 1296 1297
f 1085 1297 1086
f 1086 1297 1298
f 1086 1298 1078
f 1078 1298 1079
f 1079 1298 1299
f 1079 1299 1073
f 1073 1299 1075
f 1075 1299 1300
f 1075 1300 1111
f 1301 1114 1300
f 1300 1114 1112
f 1300 1112 1111
f 1121 1120 1288
f 1288 1120 1118
f 1288 1118 1301
f 1301 1118 1116
f 1301 1116 1114
f 1302 1260 1259
f 1303 1304 1305
f 1306 1307 1308
f 1309 976 975
f 1227 1310 1226
f 1226 1310 1311
f 1226 1311 1225
f 1225 1311 1224
f 1224 1311 1312
f 1224 1312 1267
f 1274 1266 1313
f 1313 1266 1269
f 1313 1269 1312
f 1312 1269 1268
f 1312 1268 1267
f 1274 1313 1275
f 1275 1313 1314
f 1275 1314 1276
f 1314 1315 1276
f 1276 1315 1316
f 1276 1316 1277
f 1316 1317 1277
f 1277 1317 1318
f 1277 1318 1279
f 1279 1318 1319
f 1279 1319 1280
f 1280 1319 1284
f 1284 1319 1320
f 1284 1320 1285
f 1283 1282 1321
f 1321 1282 1281
f 1321 1281 1322
f 1322 1281 1285
f 1322 1285 1323
f 1323 1285 1320
f 1321 1324 1283
f 1283 1324 1325
f 1283 1325 1271
f 1271 1325 1326
f 1271 1326 1272
f 1272 1326 1327
f 1328 1302 1329
f 1329 1302 1259
f 1329 1259 1330
f 1330 1259 1223
f 1330 1223 1331
f 1331 1223 1265
f 1331 1265 1332
f 1332 1265 1264
f 1332 1264 1327
f 1327 1264 1273
f 1327 1273 1272
f 1333 1334 1335
f 1335 1334 1336
f 1335 1336 1337
f 1337 1336 1338
f 1337 1338 1339
f 986 984 1340
f 1340 984 982
f 1340 982 1341
f 1339 1338 1000
f 1000 1338 1342
f 1000 1342 999
f 999 1342 1343
f 999 1343 989
f 982 981 1341
f 1341 981 994
f 1341 994 1344
f 1344 994 991
f 1344 991 1345
f 1345 991 989
f 1345 989 1346
f 1346 989 1343
f 1336 1347 1338
f 1338 1347 1348
f 1338 1348 1342
f 1342 1348 1349
f 1342 1349 1343
f 1343 1349 1350
f 1343 1350 1346
f 1346 1350 1351
f 1346 1351 1345
f 1345 1351 1352
f 1345 1352 1344
f 1344 1352 1353
f 1344 1353 1341
f 1341 1353 1354
f 1341 1354 1340
f 1340 1354 1355
f 1340 1355 986
f 986 1355 1356
f 986 1356 987
f 1347 1328 1348
f 1348 1328 1329
f 1348 1329 1349
f 1349 1329 1330
f 1349 1330 1350
f 1350 1330 1331
f 1350 1331 1351
f 1351 1331 1332
f 1351 1332 1352
f 1352 1332 1327
f 1352 1327 1353
f 1353 1327 1326
f 1353 1326 1354
f 1354 1326 1325
f 1354 1325 1355
f 1355 1325 1324
f 1355 1324 1356
f 1356 1324 1321
f 1356 1321 1357
f 1357 1321 1322
f 1357 1322 1358
f 1358 1322 1323
f 1358 1323 1359
f 1359 1323 1320
f 1359 1320 1360
f 1360 1320 1319
f 1360 1319 1361
f 1361 1319 1318
f 1361 1318 1362
f 1362 1318 1317
f 1362 1317 1363
f 1363 1317 1316
f 1363 1316 1364
f 1364 1316 1315
f 1364 1315 1365
f 1365 1315 1314
f 1365 1314 1366
f 1366 1314 1313
f 1366 1313 1367
f 1367 1313 1312
f 1367 1312 1305
f 1305 1312 1311
f 1305 1311 1303
f 1303 1311 1310
f 1368 1369 972
f 1307 1309 1308
f 1308 1309 975
f 1308 975 1369
f 1369 975 974
f 1369 974 972
f 972 970 1368
f 1368 970 969
f 1368 969 1370
f 969 966 1370
f 1370 966 957
f 1370 957 1371
f 1371 957 959
f 1371 959 1372
f 1372 959 961
f 1372 961 1373
f 961 956 1373
f 1373 956 955
f 1373 955 1374
f 955 952 1374
f 1374 952 950
f 1374 950 1375
f 1375 950 948
f 1375 948 1376
f 1376 948 946
f 1376 946 1377
f 1377 946 938
f 1377 938 942
f 1304 1306 1305
f 1305 1306 1308
f 1305 1308 1367
f 1367 1308 1369
f 1367 1369 1366
f 1366 1369 1368
f 1366 1368 1365
f 1365 1368 1370
f 1365 1370 1364
f 1364 1370 1371
f 1364 1371 1363
f 1363 1371 1372
f 1363 1372 1362
f 1362 1372 1373
f 1362 1373 1361
f 1361 1373 1374
f 1361 1374 1360
f 1360 1374 1375
f 1360 1375 1359
f 1359 1375 1376
f 1359 1376 1358
f 1358 1376 1377
f 1358 1377 1357
f 1357 1377 942
f 1357 942 1356
f 1356 942 944
f 1356 944 987
f 1378 1379 1380
f 1306 1304 1381
f 1328 1347 1382
f 1336 1334 1383
f 1310 1384 1303
f 1303 1384 1304
f 1385 1309 1307
f 976 1309 1062
f 1062 1309 1385
f 1062 1385 1061
f 1307 1386 1385
f 1385 1386 1387
f 1385 1387 1061
f 1061 1387 1388
f 1061 1388 1060
f 1060 1388 1059
f 1059 1388 1389
f 1059 1389 1058
f 1056 1055 1390
f 1390 1055 1054
f 1390 1054 1389
f 1389 1054 1053
f 1389 1053 1058
f 1056 1390 1057
f 1057 1390 1391
f 1057 1391 1051
f 1392 1049 1391
f 1391 1049 1052
f 1391 1052 1051
f 1393 1047 1394
f 1394 1047 1048
f 1394 1048 1392
f 1392 1048 1050
f 1392 1050 1049
f 1032 1041 1395
f 1395 1041 1043
f 1395 1043 1396
f 1396 1043 1044
f 1396 1044 1397
f 1397 1044 1045
f 1397 1045 1393
f 1393 1045 1046
f 1393 1046 1047
f 1032 1395 1033
f 1033 1395 1398
f 1033 1398 1038
f 1038 1398 1399
f 1038 1399 1036
f 1036 1399 1400
f 1036 1400 1025
f 1025 1400 1023
f 1023 1400 1401
f 1023 1401 1021
f 1021 1401 1402
f 1021 1402 1026
f 1403 1030 1404
f 1404 1030 1029
f 1404 1029 1402
f 1402 1029 1027
f 1402 1027 1026
f 1405 1015 1403
f 1403 1015 1017
f 1403 1017 1030
f 1004 1006 1406
f 1406 1006 1008
f 1406 1008 1407
f 1407 1008 1010
f 1407 1010 1405
f 1405 1010 1013
f 1405 1013 1015
f 1406 1408 1004
f 1004 1408 1383
f 1004 1383 1002
f 1002 1383 1334
f 1002 1334 1409
f 1409 1334 1333
f 1304 1384 1381
f 1381 1384 1410
f 1381 1410 1411
f 1411 1410 1412
f 1411 1412 1413
f 1413 1412 1414
f 1413 1414 1415
f 1415 1414 1416
f 1415 1416 1417
f 1380 1379 1418
f 1418 1379 1419
f 1418 1419 1420
f 1420 1419 1421
f 1420 1421 1422
f 1422 1421 1423
f 1422 1423 1424
f 1310 1227 1384
f 1384 1227 1228
f 1384 1228 1410
f 1410 1228 1230
f 1410 1230 1412
f 1412 1230 1229
f 1412 1229 1414
f 1414 1229 1232
f 1414 1232 1416
f 1416 1232 1231
f 1416 1231 1237
f 1237 1236 1416
f 1416 1236 1424
f 1416 1424 1417
f 1417 1424 1423
f 1236 1235 1424
f 1424 1235 1234
f 1424 1234 1422
f 1422 1234 1233
f 1422 1233 1420
f 1233 1244 1420
f 1420 1244 1242
f 1420 1242 1418
f 1418 1242 1241
f 1418 1241 1380
f 1380 1241 1425
f 1380 1425 1378
f 1378 1425 1426
f 1260 1302 1261
f 1261 1302 1427
f 1261 1427 1262
f 1262 1427 1428
f 1262 1428 1263
f 1263 1428 1240
f 1240 1428 1429
f 1240 1429 1239
f 1239 1429 1430
f 1239 1430 1238
f 1238 1430 1431
f 1238 1431 1257
f 1257 1431 1432
f 1257 1432 1248
f 1248 1432 1433
f 1248 1433 1249
f 1247 1434 1435
f 1247 1246 1434
f 1434 1246 1250
f 1434 1250 1436
f 1436 1250 1249
f 1436 1249 1437
f 1437 1249 1433
f 1241 1258 1425
f 1425 1258 1256
f 1425 1256 1426
f 1426 1256 1255
f 1426 1255 1438
f 1438 1255 1254
f 1438 1254 1439
f 1439 1254 1440
f 1439 1440 1441
f 1441 1440 1435
f 1441 1435 1442
f 1442 1435 1434
f 1442 1434 1443
f 1443 1434 1436
f 1443 1436 1444
f 1444 1436 1437
f 1444 1437 1445
f 1445 1437 1433
f 1445 1433 1446
f 1446 1433 1432
f 1446 1432 1447
f 1447 1432 1431
f 1447 1431 1448
f 1448 1431 1430
f 1448 1430 1449
f 1449 1430 1429
f 1449 1429 1450
f 1450 1429 1428
f 1450 1428 1382
f 1382 1428 1427
f 1382 1427 1328
f 1328 1427 1302
f 1254 1253 1440
f 1440 1253 1252
f 1440 1252 1435
f 1435 1252 1251
f 1435 1251 1247
f 1307 1306 1386
f 1386 1306 1381
f 1386 1381 1387
f 1387 1381 1411
f 1387 1411 1388
f 1388 1411 1413
f 1388 1413 1389
f 1389 1413 1415
f 1389 1415 1390
f 1390 1415 1417
f 1390 1417 1391
f 1391 1417 1423
f 1391 1423 1392
f 1392 1423 1421
f 1392 1421 1394
f 1394 1421 1419
f 1394 1419 1393
f 1393 1419 1379
f 1393 1379 1397
f 1397 1379 1378
f 1397 1378 1396
f 1396 1378 1426
f 1396 1426 1395
f 1395 1426 1438
f 1395 1438 1398
f 1398 1438 1439
f 1398 1439 1399
f 1399 1439 1441
f 1399 1441 1400
f 1400 1441 1442
f 1400 1442 1401
f 1401 1442 1443
f 1401 1443 1402
f 1402 1443 1444
f 1402 1444 1404
f 1404 1444 1445
f 1404 1445 1403
f 1403 1445 1446
f 1403 1446 1405
f 1405 1446 1447
f 1405 1447 1407
f 1407 1447 1448
f 1407 1448 1406
f 1406 1448 1449
f 1406 1449 1408
f 1408 1449 1450
f 1408 1450 1383
f 1383 1450 1382
f 1383 1382 1336
f 1336 1382 1347
f 1451 1452 1453
f 1453 1452 1454
f 1453 1454 1455
f 1455 1454 1456
f 1455 1456 1457
f 1457 1456 1458
f 1457 1458 1459
f 1459 1458 1460
f 1459 1460 1461
f 1461 1460 1462
f 1461 1462 1463
f 1463 1462 1464
f 1463 1464 1465
f 1465 1464 1466
f 1465 1466 1467
f 1467 1466 1468
f 1467 1468 1469
f 1469 1468 1470
f 1469 1470 1471
f 1471 1470 1472
f 1471 1472 1473
f 1473 1472 1474
f 1473 1474 1451
f 1451 1474 1452
f 1466 1475 1468
f 1468 1475 1476
f 1468 1476 1470
f 1476 1477 1470
f 1470 1477 1478
f 1470 1478 1472
f 1478 1479 1472
f 1472 1479 1480
f 1472 1480 1474
f 1474 1480 1481
f 1474 1481 1452
f 1464 1482 1466
f 1466 1482 1483
f 1466 1483 1475
f 1481 1484 1452
f 1452 1484 1485
f 1452 1485 1454
f 1454 1485 1486
f 1454 1486 1456
f 1456 1486 1487
f 1456 1487 1458
f 1458 1487 1488
f 1458 1488 1460
f 1460 1488 1489
f 1460 1489 1462
f 1462 1489 1490
f 1462 1490 1464
f 1464 1490 1491
f 1464 1491 1482
f 1461 1290 1459
f 1459 1290 1289
f 1459 1289 1457
f 1457 1289 1286
f 1457 1286 1455
f 1286 1287 1455
f 1455 1287 1288
f 1455 1288 1453
f 1453 1288 1301
f 1453 1301 1451
f 1451 1301 1300
f 1451 1300 1473
f 1467 1294 1465
f 1465 1294 1293
f 1465 1293 1463
f 1463 1293 1292
f 1463 1292 1461
f 1461 1292 1291
f 1461 1291 1290
f 1300 1299 1473
f 1473 1299 1298
f 1473 1298 1471
f 1471 1298 1297
f 1471 1297 1469
f 1469 1297 1296
f 1469 1296 1467
f 1467 1296 1295
f 1467 1295 1294
f 1492 1493 1494
f 1494 1493 1495
f 1496 1497 1498
f 1499 1500 1501
f 1501 1500 1502
f 1501 1502 1503
f 1503 1502 1504
f 1505 1506 1507
f 1507 1508 1505
f 1505 1508 1504
f 1505 1504 1498
f 1498 1504 1502
f 1498 1502 1496
f 1496 1502 1500
f 1496 1500 1509
f 1510 1511 1512
f 1497 1513 1498
f 1498 1513 1510
f 1498 1510 1505
f 1505 1510 1512
f 1505 1512 1506
f 1514 1477 1515
f 1515 1477 1476
f 1515 1476 1516
f 1516 1476 1475
f 1517 1518 1519
f 1520 1521 1522
f 1522 1521 1523
f 1524 1525 1526
f 1527 1528 1529
f 904 901 1530
f 1530 901 900
f 1530 900 899
f 907 909 1531
f 1531 909 912
f 914 1532 915
f 915 1532 1533
f 1534 1535 1536
f 1536 1535 886
f 1536 886 1537
f 1537 886 885
f 1537 885 1538
f 1538 885 888
f 1538 888 1533
f 1533 888 916
f 1533 916 915
f 1539 1540 1534
f 1534 1540 1541
f 1534 1541 1535
f 1542 1543 1544
f 1544 1543 1545
f 1544 1545 1540
f 1540 1545 1546
f 1540 1546 1547
f 1548 1549 1544
f 1544 1549 1550
f 1544 1550 1542
f 1551 1552 1553
f 1553 1552 1554
f 1553 1554 1555
f 1555 1554 1556
f 1555 1556 1557
f 1494 1495 1554
f 1495 1558 1554
f 1554 1558 1559
f 1554 1559 1556
f 1527 1529 1560
f 1495 1561 1558
f 1558 1561 1562
f 1558 1562 1563
f 1563 1562 1564
f 1563 1564 1565
f 1565 1564 1566
f 1565 1566 1529
f 1529 1566 1567
f 1529 1567 1560
f 1568 1569 1570
f 1570 1571 1572
f 1572 1571 1573
f 1572 1573 1574
f 1574 1573 1575
f 1574 1575 1492
f 1570 1569 1525
f 1524 1526 1576
f 1576 1526 1577
f 1577 1526 1578
f 1577 1578 1579
f 1580 1499 1579
f 1580 1523 1499
f 1499 1523 1521
f 1499 1521 1500
f 1500 1521 1581
f 1500 1581 1509
f 1582 1583 1584
f 1585 1586 1587
f 1587 1586 1588
f 1587 1588 1589
f 1589 1588 1590
f 1589 1590 1591
f 1518 1517 1592
f 1592 1517 1593
f 1592 1593 1594
f 1595 1596 1597
f 1597 1596 1598
f 1597 1598 914
f 914 1598 1599
f 914 1599 1532
f 1539 1600 1540
f 1540 1600 1601
f 1540 1601 1544
f 1544 1601 1602
f 1544 1602 1548
f 1602 1603 1548
f 1548 1603 1604
f 1548 1604 1605
f 1605 1604 1606
f 1605 1606 1568
f 890 1591 891
f 891 1591 1590
f 891 1590 899
f 899 1590 1588
f 899 1588 1530
f 1530 1588 1531
f 1530 1531 904
f 904 1531 912
f 1594 1595 1592
f 1592 1595 1597
f 1592 1597 1607
f 1494 1554 1608
f 1608 1554 1552
f 1608 1552 1548
f 1548 1552 1551
f 1548 1551 1549
f 1568 1570 1605
f 1605 1570 1572
f 1605 1572 1548
f 1548 1572 1574
f 1548 1574 1608
f 1608 1574 1492
f 1608 1492 1494
f 1585 1609 1586
f 1586 1609 1610
f 1586 1610 1588
f 1588 1610 1607
f 1588 1607 1531
f 1531 1607 1597
f 1531 1597 907
f 907 1597 914
f 1579 1578 1580
f 1580 1578 1611
f 1580 1611 1523
f 1523 1611 1584
f 1523 1584 1522
f 1522 1584 1583
f 1522 1583 1520
f 1569 1612 1525
f 1525 1612 1519
f 1525 1519 1526
f 1526 1519 1518
f 1526 1518 1578
f 1578 1518 1592
f 1578 1592 1611
f 1611 1592 1607
f 1611 1607 1584
f 1584 1607 1610
f 1584 1610 1582
f 1582 1610 1609
f 1478 1613 1479
f 1479 1613 1614
f 1479 1614 1480
f 1480 1614 1615
f 1599 1598 1616
f 1532 1599 1617
f 1599 1616 1617
f 1617 1616 1618
f 1617 1618 1619
f 1619 1618 1620
f 1619 1620 1621
f 1621 1620 1622
f 1621 1622 1623
f 1532 1617 1624
f 1624 1617 1619
f 1624 1619 1625
f 1625 1619 1621
f 1625 1621 1626
f 1626 1621 1623
f 1626 1623 1627
f 1628 1622 1620
f 1629 1630 1628
f 1630 1629 1613
f 1628 1620 1629
f 1629 1620 1618
f 1629 1618 1631
f 1631 1618 1616
f 1631 1616 1632
f 1632 1616 1598
f 1632 1598 1596
f 1613 1629 1633
f 1633 1629 1631
f 1633 1631 1634
f 1634 1631 1632
f 1634 1632 1635
f 1635 1632 1596
f 1635 1596 1595
f 1594 1593 1636
f 1595 1594 1637
f 1594 1636 1637
f 1637 1636 1638
f 1637 1638 1639
f 1639 1638 1640
f 1639 1640 1641
f 1641 1640 1615
f 1641 1615 1614
f 1595 1637 1635
f 1635 1637 1639
f 1635 1639 1634
f 1634 1639 1641
f 1634 1641 1633
f 1633 1641 1614
f 1633 1614 1613
f 1642 1624 1625
f 1643 1644 1645
f 1646 1647 1648
f 1649 1650 1651
f 1651 1650 1652
f 1651 1652 1653
f 1653 1652 1654
f 1655 1656 1657
f 1657 1656 1658
f 1657 1658 1659
f 1659 1658 1660
f 1659 1660 1654
f 1654 1660 1661
f 1654 1661 1653
f 1662 1663 1655
f 1655 1663 1664
f 1655 1664 1656
f 1665 1666 1667
f 1667 1666 1668
f 1667 1668 1662
f 1662 1668 1669
f 1662 1669 1663
f 1645 1670 1643
f 1643 1670 1671
f 1643 1671 1665
f 1665 1671 1672
f 1665 1672 1666
f 1627 1673 1674
f 1674 1673 1675
f 1674 1675 1676
f 1676 1675 1677
f 1676 1677 1678
f 1678 1677 1679
f 1678 1679 1644
f 1644 1679 1680
f 1644 1680 1645
f 1650 1681 1682
f 1650 1682 1652
f 1652 1682 1683
f 1652 1683 1654
f 1654 1683 1684
f 1654 1684 1659
f 1659 1684 1685
f 1659 1685 1657
f 1657 1685 1686
f 1657 1686 1655
f 1655 1686 1687
f 1655 1687 1662
f 1662 1687 1688
f 1662 1688 1667
f 1667 1688 1689
f 1667 1689 1665
f 1665 1689 1690
f 1665 1690 1643
f 1643 1690 1691
f 1643 1691 1644
f 1644 1691 1692
f 1644 1692 1678
f 1678 1692 1693
f 1678 1693 1676
f 1676 1693 1694
f 1676 1694 1674
f 1674 1694 1626
f 1674 1626 1627
f 1517 1519 1695
f 1695 1519 1696
f 1695 1696 1681
f 1681 1696 1682
f 1682 1696 1697
f 1682 1697 1683
f 1683 1697 1698
f 1683 1698 1684
f 1684 1698 1699
f 1684 1699 1685
f 1685 1699 1700
f 1685 1700 1686
f 1686 1700 1701
f 1686 1701 1687
f 1687 1701 1702
f 1687 1702 1688
f 1688 1702 1703
f 1688 1703 1689
f 1689 1703 1704
f 1689 1704 1690
f 1690 1704 1705
f 1690 1705 1691
f 1691 1705 1706
f 1691 1706 1692
f 1692 1706 1707
f 1692 1707 1693
f 1693 1707 1642
f 1693 1642 1694
f 1694 1642 1625
f 1694 1625 1626
f 1593 1708 1636
f 1636 1708 1709
f 1636 1709 1638
f 1638 1709 1648
f 1638 1648 1640
f 1640 1648 1647
f 1640 1647 1615
f 1593 1517 1708
f 1708 1517 1695
f 1708 1695 1709
f 1709 1695 1681
f 1709 1681 1648
f 1648 1681 1650
f 1648 1650 1646
f 1646 1650 1649
f 1519 1612 1696
f 1696 1612 1569
f 1696 1569 1697
f 1697 1569 1568
f 1697 1568 1698
f 1698 1568 1606
f 1698 1606 1699
f 1699 1606 1604
f 1699 1604 1700
f 1700 1604 1603
f 1700 1603 1701
f 1701 1603 1602
f 1701 1602 1702
f 1702 1602 1601
f 1702 1601 1703
f 1703 1601 1600
f 1703 1600 1704
f 1704 1600 1539
f 1704 1539 1705
f 1705 1539 1534
f 1705 1534 1706
f 1532 1624 1533
f 1533 1624 1642
f 1533 1642 1538
f 1538 1642 1707
f 1538 1707 1537
f 1537 1707 1706
f 1537 1706 1536
f 1536 1706 1534
f 1675 1483 1677
f 1677 1483 1482
f 1677 1482 1679
f 1679 1482 1491
f 1679 1491 1680
f 1680 1491 1645
f 1645 1491 1670
f 1670 1491 1490
f 1670 1490 1671
f 1658 1656 1487
f 1487 1656 1664
f 1487 1664 1488
f 1664 1663 1488
f 1488 1663 1710
f 1488 1710 1489
f 1489 1710 1711
f 1489 1711 1490
f 1490 1711 1712
f 1490 1712 1671
f 1658 1487 1660
f 1660 1487 1486
f 1660 1486 1661
f 1661 1486 1485
f 1661 1485 1653
f 1647 1646 1484
f 1484 1646 1649
f 1484 1649 1485
f 1485 1649 1651
f 1485 1651 1653
f 1484 1481 1647
f 1647 1481 1480
f 1647 1480 1615
f 1675 1673 1483
f 1483 1673 1713
f 1483 1713 1475
f 1475 1713 1516
f 1613 1478 1630
f 1630 1478 1477
f 1630 1477 1628
f 1628 1477 1514
f 1714 1715 1716
f 1717 1718 1715
f 1716 1719 1714
f 1714 1719 1720
f 1714 1720 1721
f 1721 1720 1722
f 1721 1722 1723
f 1715 1714 1717
f 1717 1714 1721
f 1717 1721 1724
f 1724 1721 1723
f 1724 1723 1725
f 1726 1727 1728
f 1728 1727 1729
f 1729 1727 1730
f 1729 1730 1731
f 1731 1730 1732
f 1731 1732 1733
f 1732 1734 1733
f 1733 1734 1735
f 1733 1735 1736
f 1737 1738 1739
f 1739 1738 1740
f 1739 1740 1741
f 1742 1743 1744
f 1744 1743 1745
f 1744 1745 1746
f 1746 1745 1747
f 1746 1747 1748
f 1748 1747 1749
f 1748 1749 1750
f 1749 1751 1750
f 1750 1751 1752
f 1750 1752 1753
f 1728 1754 1726
f 1726 1754 1755
f 1726 1755 1756
f 1756 1755 1757
f 1756 1757 1758
f 1758 1757 1759
f 1758 1759 1737
f 1737 1759 1760
f 1737 1760 1738
f 1735 1761 1736
f 1736 1761 1762
f 1736 1762 1763
f 1763 1762 1764
f 1740 1765 1741
f 1741 1765 1766
f 1741 1766 1767
f 1767 1766 1768
f 1767 1768 1769
f 1769 1768 1770
f 1769 1770 1771
f 1771 1770 1772
f 1771 1772 1742
f 1742 1772 1773
f 1742 1773 1743
f 1753 1774 1750
f 1750 1774 1775
f 1750 1775 1722
f 1764 1776 1763
f 1763 1776 1777
f 1763 1777 1778
f 1779 1780 1725
f 1775 1781 1722
f 1722 1781 1779
f 1722 1779 1723
f 1723 1779 1725
f 1782 1771 1783
f 1783 1771 1742
f 1783 1742 1784
f 1784 1742 1744
f 1784 1744 1785
f 1785 1744 1746
f 1763 1786 1787
f 1787 1786 1788
f 1787 1788 1789
f 1789 1788 1790
f 1789 1790 1791
f 1790 1792 1791
f 1791 1792 1793
f 1791 1793 1794
f 1795 1796 1797
f 1798 1799 1800
f 1800 1801 1802
f 1802 1801 1803
f 1802 1803 1804
f 1805 1795 1806
f 1806 1795 1797
f 1806 1797 1807
f 1807 1797 1808
f 1807 1808 1798
f 1803 1794 1809
f 1809 1794 1793
f 1809 1793 1810
f 1803 1809 1804
f 1804 1809 1810
f 1804 1810 1802
f 1802 1810 1811
f 1802 1811 1812
f 1798 1800 1807
f 1807 1800 1802
f 1807 1802 1806
f 1806 1802 1812
f 1806 1812 1805
f 1813 1814 1815
f 1813 1815 1816
f 1816 1815 1817
f 1816 1817 1818
f 1818 1817 1819
f 1818 1819 1820
f 1820 1819 1821
f 1820 1821 1745
f 1745 1821 1747
f 1745 1743 1820
f 1820 1743 1822
f 1820 1822 1818
f 1818 1822 1823
f 1818 1823 1816
f 1816 1823 1824
f 1816 1824 1813
f 1813 1824 1825
f 1743 1773 1822
f 1822 1773 1826
f 1822 1826 1823
f 1823 1826 1827
f 1823 1827 1824
f 1824 1827 1828
f 1824 1828 1825
f 1825 1828 1829
f 1830 1831 1832
f 1833 1834 1835
f 1836 1837 1838
f 1839 1840 1841
f 1842 1843 1844
f 1845 1846 1847
f 1848 1849 1850
f 1851 1852 1853
f 1854 1855 1856
f 1857 1858 1859
f 1738 1760 1860
f 1860 1760 1861
f 1860 1861 1862
f 1862 1861 1863
f 1862 1863 1864
f 1864 1863 1847
f 1773 1772 1826
f 1826 1772 1865
f 1826 1865 1827
f 1827 1865 1866
f 1827 1866 1828
f 1828 1866 1859
f 1828 1859 1829
f 1829 1859 1858
f 1772 1770 1865
f 1865 1770 1867
f 1865 1867 1866
f 1866 1867 1868
f 1866 1868 1859
f 1859 1868 1856
f 1859 1856 1857
f 1857 1856 1855
f 1869 1854 1870
f 1870 1854 1856
f 1870 1856 1871
f 1871 1856 1868
f 1871 1868 1872
f 1872 1868 1867
f 1872 1867 1768
f 1768 1867 1770
f 1768 1766 1872
f 1872 1766 1873
f 1872 1873 1871
f 1871 1873 1874
f 1871 1874 1870
f 1870 1874 1853
f 1870 1853 1869
f 1869 1853 1852
f 1766 1765 1873
f 1873 1765 1875
f 1873 1875 1874
f 1874 1875 1876
f 1874 1876 1853
f 1853 1876 1850
f 1853 1850 1851
f 1851 1850 1849
f 1877 1848 1878
f 1878 1848 1850
f 1878 1850 1879
f 1879 1850 1876
f 1879 1876 1880
f 1880 1876 1875
f 1880 1875 1740
f 1740 1875 1765
f 1740 1738 1880
f 1880 1738 1860
f 1880 1860 1879
f 1879 1860 1862
f 1879 1862 1878
f 1878 1862 1864
f 1878 1864 1877
f 1877 1864 1881
f 1847 1846 1864
f 1864 1846 1882
f 1864 1882 1881
f 1843 1845 1844
f 1844 1845 1847
f 1844 1847 1883
f 1883 1847 1863
f 1883 1863 1884
f 1884 1863 1861
f 1884 1861 1759
f 1759 1861 1760
f 1885 1842 1886
f 1886 1842 1844
f 1886 1844 1887
f 1887 1844 1883
f 1887 1883 1888
f 1888 1883 1884
f 1888 1884 1757
f 1757 1884 1759
f 1757 1755 1888
f 1888 1755 1889
f 1888 1889 1887
f 1887 1889 1890
f 1887 1890 1886
f 1886 1890 1841
f 1886 1841 1885
f 1885 1841 1840
f 1755 1754 1889
f 1889 1754 1891
f 1889 1891 1890
f 1890 1891 1892
f 1890 1892 1841
f 1841 1892 1838
f 1841 1838 1839
f 1839 1838 1837
f 1893 1836 1894
f 1894 1836 1838
f 1894 1838 1895
f 1895 1838 1892
f 1895 1892 1896
f 1896 1892 1891
f 1896 1891 1728
f 1728 1891 1754
f 1728 1729 1896
f 1896 1729 1897
f 1896 1897 1895
f 1895 1897 1898
f 1895 1898 1894
f 1894 1898 1835
f 1894 1835 1893
f 1893 1835 1834
f 1729 1731 1897
f 1897 1731 1899
f 1897 1899 1898
f 1898 1899 1900
f 1898 1900 1835
f 1835 1900 1832
f 1835 1832 1833
f 1833 1832 1831
f 1901 1830 1902
f 1902 1830 1832
f 1902 1832 1903
f 1903 1832 1900
f 1903 1900 1904
f 1904 1900 1899
f 1904 1899 1733
f 1733 1899 1731
f 1733 1736 1904
f 1904 1736 1905
f 1904 1905 1903
f 1903 1905 1906
f 1903 1906 1902
f 1902 1906 1907
f 1902 1907 1901
f 1901 1907 1908
f 1794 1908 1907
f 1794 1907 1791
f 1791 1907 1906
f 1791 1906 1789
f 1789 1906 1905
f 1789 1905 1787
f 1787 1905 1736
f 1787 1736 1763
f 1909 1910 1911
f 1911 1910 1912
f 1911 1912 1913
f 1911 1914 1909
f 1909 1914 1915
f 1909 1915 1916
f 1916 1915 1917
f 1918 1919 1920
f 1920 1919 1921
f 1920 1921 1922
f 1922 1921 1923
f 1922 1923 1924
f 1924 1923 1925
f 1924 1925 1926
f 1926 1925 1927
f 1926 1927 1928
f 1928 1927 1929
f 1928 1929 1930
f 1930 1929 1931
f 1930 1931 1917
f 1917 1931 1932
f 1917 1932 1916
f 1933 1934 1935
f 1935 1934 1936
f 1935 1936 1937
f 1937 1936 1938
f 1937 1938 1918
f 1918 1938 1939
f 1918 1939 1919
f 1935 1940 1933
f 1933 1940 1941
f 1933 1941 1942
f 1942 1941 1943
f 1942 1943 1944
f 1944 1943 1945
f 1944 1945 1946
f 1946 1945 1947
f 1946 1947 1948
f 1947 1949 1948
f 1948 1949 1950
f 1948 1950 1951
f 1951 1950 1952
f 1951 1952 1953
f 1954 1955 1956
f 1956 1955 1957
f 1956 1957 1958
f 1958 1957 1959
f 1958 1959 1960
f 1960 1959 1961
f 1960 1961 1953
f 1953 1961 1962
f 1953 1962 1951
f 1763 1778 1963
f 1964 1793 1792
f 1964 1792 1965
f 1792 1790 1965
f 1965 1790 1788
f 1965 1788 1963
f 1963 1788 1786
f 1963 1786 1763
f 1805 1812 1966
f 1793 1964 1810
f 1810 1964 1967
f 1966 1812 1967
f 1967 1812 1811
f 1967 1811 1810
f 1968 1969 1796
f 1968 1796 1966
f 1966 1796 1795
f 1966 1795 1805
f 1970 1971 1972
f 1972 1971 1973
f 1972 1973 331
f 1974 1971 1970
f 1975 1976 1977
f 1796 1969 1797
f 1797 1969 1978
f 1979 1980 1974
f 1974 1980 1981
f 1974 1981 1971
f 1982 1983 1984
f 1976 1985 1977
f 1977 1985 1979
f 1977 1979 1984
f 1984 1979 1974
f 1984 1974 1982
f 1982 1974 1970
f 1978 1975 1797
f 1797 1975 1977
f 1797 1977 1808
f 1808 1977 1984
f 1808 1984 1798
f 1798 1984 1983
f 1798 1983 1799
f 1986 1908 1794
f 1794 1803 1986
f 1986 1803 1801
f 1986 1801 1987
f 1987 1801 1800
f 1987 1800 1799
f 1908 1986 1901
f 1901 1986 1988
f 1901 1988 1830
f 1830 1988 1831
f 1831 1988 1989
f 1831 1989 1833
f 1833 1989 1834
f 1834 1989 1990
f 1834 1990 1893
f 1991 1837 1990
f 1990 1837 1836
f 1990 1836 1893
f 1842 1885 1992
f 1992 1885 1840
f 1992 1840 1991
f 1991 1840 1839
f 1991 1839 1837
f 1842 1992 1843
f 1843 1992 1993
f 1843 1993 1845
f 1845 1993 1846
f 1846 1993 1994
f 1846 1994 1882
f 1995 1877 1994
f 1994 1877 1881
f 1994 1881 1882
f 1996 1849 1995
f 1995 1849 1848
f 1995 1848 1877
f 1854 1869 1997
f 1997 1869 1852
f 1997 1852 1996
f 1996 1852 1851
f 1996 1851 1849
f 1854 1997 1855
f 1855 1997 1998
f 1855 1998 1857
f 1857 1998 1858
f 1858 1998 1999
f 1858 1999 1829
f 2000 2001 2002
f 2003 1913 1912
f 2004 2003 2005
f 2004 2005 2006
f 2006 2005 2007
f 2006 2007 2008
f 2009 2010 2007
f 2007 2010 2011
f 2007 2011 2008
f 2012 2013 2014
f 2015 2016 2017
f 2014 2015 2012
f 2012 2015 2017
f 2012 2017 2009
f 2009 2017 2018
f 2009 2018 2010
f 2002 2001 2012
f 2012 2001 2019
f 2012 2019 2020
f 2020 2021 2012
f 2012 2021 2022
f 2012 2022 2013
f 2023 2024 2025
f 2025 2024 2026
f 2026 2027 2025
f 2025 2027 2028
f 2025 2028 2002
f 2002 2028 2029
f 2002 2029 2000
f 1961 1959 2030
f 2030 1959 1957
f 2030 1957 2023
f 2023 1957 1955
f 2023 1955 2024
f 1946 1948 2031
f 2031 1948 1951
f 2031 1951 2030
f 2030 1951 1962
f 2030 1962 1961
f 1934 1933 2032
f 2032 1933 1942
f 2032 1942 2031
f 2031 1942 1944
f 2031 1944 1946
f 1921 1919 2033
f 1919 1939 2033
f 2033 1939 1938
f 2033 1938 2032
f 2032 1938 1936
f 2032 1936 1934
f 1916 1932 2034
f 2034 1932 1931
f 2034 1931 1929
f 1929 1927 2034
f 2034 1927 1925
f 2034 1925 2033
f 2033 1925 1923
f 2033 1923 1921
f 2003 1912 2005
f 2005 1912 1910
f 2005 1910 2034
f 2034 1910 1909
f 2034 1909 1916
f 2035 2036 2037
f 2037 2038 2035
f 2035 2038 2039
f 2035 2039 2040
f 2040 2041 2035
f 2035 2041 2042
f 2035 2042 2043
f 2044 2045 2046
f 337 2047 2048
f 2036 2049 2037
f 2037 2049 2050
f 2037 2050 2051
f 2051 2050 2052
f 2053 2054 2049
f 2049 2054 2055
f 2049 2055 2050
f 2050 2055 2056
f 2050 2056 2052
f 2048 2047 2057
f 2047 2058 2057
f 2057 2058 2059
f 2057 2059 2060
f 2060 2059 2061
f 2047 2062 2058
f 2058 2062 2063
f 2058 2063 2059
f 2059 2063 2064
f 2059 2064 2061
f 2061 2064 2046
f 2061 2046 2065
f 2065 2046 2045
f 2036 2044 2049
f 2049 2044 2046
f 2049 2046 2053
f 2053 2046 2064
f 2053 2064 2066
f 2066 2064 2063
f 2051 2052 2067
f 2051 2067 2037
f 2068 2069 2040
f 2070 2071 2068
f 2067 2071 2037
f 2037 2071 2070
f 2037 2070 2038
f 2068 2040 2070
f 2070 2040 2039
f 2070 2039 2038
f 2067 2072 2071
f 2071 2072 2073
f 2074 1780 1779
f 1779 2075 2074
f 2074 2075 2076
f 2074 2076 2072
f 2072 2076 2077
f 2072 2077 2073
f 1771 1782 2078
f 1771 2078 1769
f 1769 2078 2079
f 1769 2079 1767
f 1767 2079 2080
f 1767 2080 1741
f 1741 2080 2081
f 1741 2081 1739
f 1739 2081 2082
f 1739 2082 1737
f 1737 2082 2083
f 1737 2083 1758
f 1758 2083 2084
f 1758 2084 1756
f 1756 2084 2085
f 1756 2085 1726
f 1726 2085 2086
f 1726 2086 1727
f 1727 2086 275
f 1727 275 1730
f 2087 2088 2089
f 2090 1918 2091
f 2091 1918 1920
f 2091 1920 2092
f 2092 1920 1922
f 2092 1922 2093
f 2093 1922 1924
f 2093 1924 1926
f 1926 1928 2093
f 2093 1928 1930
f 2093 1930 1917
f 1917 1915 2093
f 2093 1915 1914
f 2093 1914 1911
f 1947 1945 2094
f 1945 1943 2094
f 2094 1943 1941
f 2094 1941 2095
f 2095 1941 1940
f 2095 1940 2096
f 2096 1940 1935
f 2096 1935 2090
f 2090 1935 1937
f 2090 1937 1918
f 2097 2098 2089
f 2089 2098 2099
f 2099 2100 2089
f 2089 2100 2101
f 2089 2101 1954
f 1960 2102 1958
f 1958 2102 1956
f 2103 1950 2094
f 2094 1950 1949
f 2094 1949 1947
f 1960 1953 2102
f 2102 1953 1952
f 2102 1952 2104
f 2104 1952 1950
f 2104 1950 2105
f 2105 1950 2103
f 2106 2107 2108
f 2109 2110 2097
f 2097 2110 2111
f 2097 2111 2098
f 2106 2108 2097
f 2097 2108 2112
f 2097 2112 2109
f 2113 2089 2102
f 2102 2089 1954
f 2102 1954 1956
f 2113 2114 2089
f 2089 2114 2115
f 2089 2115 2116
f 2116 2117 2089
f 2089 2117 2118
f 2089 2118 2087
f 1911 2119 2093
f 2093 2119 2120
f 2093 2120 2121
f 2122 2123 2120
f 2120 2123 2124
f 2120 2124 2121
f 1730 275 1732
f 1732 275 265
f 264 2125 265
f 265 2125 1732
f 2125 264 263
f 261 2126 263
f 263 2126 2127
f 263 2127 2125
f 2128 2129 261
f 261 2129 2130
f 261 2130 2126
f 261 259 2128
f 2128 259 258
f 2128 258 308
f 308 310 2131
f 1732 2125 1734
f 1734 2125 2132
f 2133 2129 2131
f 2131 2129 2128
f 2131 2128 308
f 2125 2127 2132
f 2132 2127 2126
f 2132 2126 2133
f 2133 2126 2130
f 2133 2130 2129
f 2133 2131 2134
f 1734 2132 1735
f 1735 2132 2135
f 1735 2135 1761
f 1761 2135 2136
f 1761 2136 1762
f 1762 2136 2137
f 1762 2137 1764
f 1764 2137 2138
f 2132 2133 2135
f 2135 2133 2134
f 2135 2134 2136
f 2136 2134 2139
f 2136 2139 2137
f 2137 2139 2140
f 2137 2140 2138
f 2138 2140 2141
f 2131 310 2134
f 2134 310 311
f 2134 311 2139
f 2139 311 313
f 2139 313 2140
f 2140 313 315
f 2140 315 2141
f 2141 315 317
f 1776 1764 2138
f 1777 1776 2142
f 2142 1776 2143
f 2142 2143 2144
f 2144 2143 2145
f 2145 2143 2146
f 2145 2146 2147
f 2147 2146 2148
f 2148 2146 319
f 2148 319 321
f 1776 2138 2143
f 2143 2138 2141
f 2143 2141 2146
f 2146 2141 317
f 2146 317 319
f 1778 1777 2149
f 2149 1777 2142
f 2149 2142 2150
f 2150 2142 2144
f 2150 2144 2151
f 2151 2144 2145
f 2151 2145 2152
f 2152 2145 2147
f 2152 2147 2153
f 2153 2147 2148
f 2153 2148 323
f 323 2148 321
f 2149 2150 2154
f 340 341 2155
f 2156 2157 2158
f 2158 2157 324
f 2158 324 340
f 2150 2151 2157
f 2157 2151 2152
f 2157 2152 324
f 324 2152 2153
f 324 2153 323
f 1965 1963 2154
f 2154 1963 1778
f 2154 1778 2149
f 340 2155 2158
f 2158 2155 2159
f 2158 2159 2156
f 2156 2159 2160
f 2156 2160 2161
f 2150 2157 2154
f 2154 2157 2156
f 2154 2156 1965
f 1965 2156 2161
f 1965 2161 1964
f 1966 1967 2162
f 2163 336 335
f 2155 341 342
f 342 2164 2155
f 2155 2164 2165
f 2155 2165 2159
f 2159 2165 2160
f 2160 2165 2162
f 2160 2162 2161
f 2161 2162 1967
f 2161 1967 1964
f 2166 1969 1968
f 335 2167 2163
f 2163 2167 2168
f 2163 2168 2169
f 2169 2168 2166
f 2169 2166 2170
f 2170 2166 1968
f 2170 1968 1966
f 1966 2162 2170
f 2170 2162 2165
f 2170 2165 2169
f 2169 2165 2164
f 2169 2164 2163
f 2163 2164 342
f 2163 342 336
f 1978 1969 2166
f 335 334 2167
f 2167 334 2171
f 2172 1985 2173
f 2173 1985 1976
f 2173 1976 1975
f 2174 2175 1971
f 2173 2176 2172
f 2172 2176 2177
f 2172 2177 2174
f 2174 2177 2178
f 2174 2178 2175
f 1978 2166 1975
f 1971 1981 2174
f 2174 1981 1980
f 2174 1980 2172
f 2172 1980 1979
f 2172 1979 1985
f 334 333 2171
f 2171 333 2179
f 2171 2179 2180
f 1975 2166 2173
f 2173 2166 2168
f 2173 2168 2176
f 2176 2168 2167
f 2176 2167 2177
f 2177 2167 2171
f 2177 2171 2178
f 2178 2171 2180
f 2178 2180 2175
f 1971 2175 1973
f 1973 2175 2181
f 1973 2181 331
f 332 331 2181
f 333 332 2179
f 2179 332 2181
f 2179 2181 2180
f 2180 2181 2175
f 331 329 1972
f 1972 329 2182
f 1972 2182 1970
f 1970 2182 1982
f 1982 2182 2183
f 1982 2183 1983
f 1983 2183 1987
f 1983 1987 1799
f 2184 2185 2186
f 2187 328 330
f 2187 330 337
f 2187 337 2048
f 2186 2188 2189
f 2189 2190 2186
f 2186 2190 2191
f 2186 2191 2184
f 2060 2061 2192
f 2192 2061 2065
f 2192 2065 2186
f 2186 2065 2045
f 2186 2045 2188
f 2048 2057 2187
f 2187 2057 2060
f 2187 2060 2193
f 2193 2060 2192
f 2194 2195 2062
f 2062 2195 2196
f 2062 2196 2063
f 2063 2196 2066
f 2197 2198 2199
f 2052 2056 2200
f 2200 2056 2197
f 2200 2197 2201
f 2201 2197 2199
f 2202 2203 2198
f 2204 2205 2203
f 2203 2205 2206
f 2203 2206 2198
f 2198 2206 2207
f 2198 2207 2199
f 338 339 2208
f 2047 337 2209
f 2208 2210 338
f 338 2210 2209
f 338 2209 337
f 2056 2055 2197
f 2197 2055 2054
f 2197 2054 2053
f 2053 2066 2197
f 2197 2066 2196
f 2197 2196 2198
f 2198 2196 2195
f 2198 2195 2202
f 2202 2195 2194
f 2062 2047 2194
f 2194 2047 2209
f 2194 2209 2202
f 2202 2209 2210
f 2202 2210 2203
f 2203 2210 2208
f 2203 2208 2204
f 2204 2208 339
f 2204 339 327
f 2067 2052 2200
f 2067 2200 2211
f 2200 2201 2211
f 2211 2201 2199
f 2211 2199 2212
f 2212 2199 2207
f 2212 2207 2206
f 2206 2205 2212
f 2212 2205 2204
f 2212 2204 2213
f 2213 2204 327
f 2213 327 326
f 2214 2215 2216
f 2217 2215 2218
f 2218 2215 2214
f 2218 2214 2219
f 2219 2214 2220
f 2219 2220 2221
f 2222 2212 2213
f 2211 2212 2223
f 2223 2212 2222
f 2223 2222 2224
f 2216 2224 2214
f 2214 2224 2222
f 2214 2222 2220
f 2220 2222 2213
f 2220 2213 2221
f 2221 2213 326
f 2221 326 325
f 2216 1780 2224
f 2224 1780 2074
f 2224 2074 2223
f 2223 2074 2072
f 2223 2072 2211
f 2211 2072 2067
f 2215 2217 1718
f 1718 1717 2215
f 2215 1717 1724
f 2215 1724 2216
f 2216 1724 1725
f 2216 1725 1780
f 2086 2225 275
f 275 2225 2226
f 275 2226 273
f 2122 2225 2123
f 2123 2225 2086
f 2123 2086 2124
f 2124 2086 2085
f 2124 2085 2121
f 2084 2092 2085
f 2085 2092 2093
f 2085 2093 2121
f 2083 2090 2084
f 2084 2090 2091
f 2084 2091 2092
f 2094 2095 2083
f 2083 2095 2096
f 2083 2096 2090
f 2094 2083 2103
f 2103 2083 2082
f 2103 2082 2105
f 2105 2082 2081
f 2105 2081 2104
f 2080 2113 2081
f 2081 2113 2102
f 2081 2102 2104
f 2117 2116 2079
f 2079 2116 2115
f 2079 2115 2080
f 2080 2115 2114
f 2080 2114 2113
f 2079 2078 2117
f 2117 2078 1782
f 2117 1782 2118
f 2227 2228 2229
f 2229 2228 2230
f 2229 2230 2231
f 2232 2233 2234
f 2227 2229 2235
f 2235 2229 2236
f 2235 2236 2237
f 2237 2236 2232
f 2237 2232 2238
f 2238 2232 2239
f 2239 2232 2234
f 2239 2234 2240
f 2241 2235 2237
f 2230 2228 2242
f 2241 2237 2243
f 2243 2237 2238
f 2243 2238 2244
f 2244 2238 2239
f 2244 2239 2245
f 2245 2239 2240
f 2245 2240 2246
f 2246 2240 2234
f 2246 2234 2247
f 2247 2234 2233
f 2247 2233 2248
f 2248 2233 2232
f 2248 2232 2249
f 2249 2232 2236
f 2249 2236 2250
f 2250 2236 2229
f 2250 2229 2251
f 2251 2229 2231
f 2251 2231 2252
f 2252 2231 2230
f 2252 2230 2253
f 2253 2230 2242
f 2253 2242 2254
f 2255 147 2256
f 2257 2258 2259
f 2259 2258 2260
f 2259 2260 2261
f 2261 2260 2262
f 2261 2262 2263
f 2263 2262 2264
f 2263 2264 2265
f 2265 2264 2266
f 2265 2266 2267
f 2267 2266 2268
f 2267 2268 2269
f 2269 2268 2270
f 2269 2270 2271
f 2271 2270 2272
f 2271 2272 2273
f 2273 2272 2274
f 2273 2274 2275
f 2275 2274 2276
f 2275 2276 2277
f 2277 2276 2278
f 2277 2278 2279
f 2279 2278 2280
f 2279 2280 2281
f 2281 2280 2282
f 2281 2282 2283
f 2283 2282 2284
f 2283 2284 2285
f 2285 2284 2286
f 2285 2286 2287
f 2287 2286 2288
f 2287 2288 2289
f 2289 2288 2290
f 2289 2290 2291
f 2291 2290 2292
f 2291 2292 2293
f 2293 2292 2294
f 2293 2294 2295
f 2295 2294 2296
f 2295 2296 2297
f 2297 2296 2298
f 2297 2298 2299
f 2299 2298 2300
f 2299 2300 2301
f 2301 2300 2302
f 2301 2302 2303
f 2303 2302 2304
f 2303 2304 2257
f 2257 2304 2258
f 2305 2306 2307
f 2307 2306 2308
f 2307 2308 2309
f 2309 2308 2310
f 2309 2310 2311
f 2311 2310 2312
f 2311 2312 2313
f 2313 2312 2314
f 2313 2314 2315
f 2315 2314 2316
f 2315 2316 2317
f 2317 2316 2318
f 2317 2318 2319
f 2319 2318 2320
f 2319 2320 2321
f 2321 2320 2322
f 2321 2322 2323
f 2323 2322 2324
f 2323 2324 2325
f 2325 2324 2326
f 2325 2326 2327
f 2327 2326 2328
f 2327 2328 2305
f 2305 2328 2306
f 2329 2330 2258
f 2331 2262 2330
f 2330 2262 2260
f 2330 2260 2258
f 2332 2266 2331
f 2331 2266 2264
f 2331 2264 2262
f 2333 2270 2332
f 2332 2270 2268
f 2332 2268 2266
f 2334 2274 2333
f 2333 2274 2272
f 2333 2272 2270
f 2335 2278 2334
f 2334 2278 2276
f 2334 2276 2274
f 2336 2282 2335
f 2335 2282 2280
f 2335 2280 2278
f 2337 2286 2336
f 2336 2286 2284
f 2336 2284 2282
f 2338 2290 2337
f 2337 2290 2288
f 2337 2288 2286
f 2339 2294 2338
f 2338 2294 2292
f 2338 2292 2290
f 2340 2298 2339
f 2339 2298 2296
f 2339 2296 2294
f 2258 2304 2329
f 2329 2304 2302
f 2329 2302 2340
f 2340 2302 2300
f 2340 2300 2298
f 2329 2324 2330
f 2330 2324 2322
f 2330 2322 2331
f 2331 2322 2320
f 2331 2320 2332
f 2332 2320 2318
f 2332 2318 2333
f 2333 2318 2316
f 2333 2316 2334
f 2334 2316 2314
f 2334 2314 2335
f 2335 2314 2312
f 2335 2312 2336
f 2336 2312 2310
f 2336 2310 2337
f 2337 2310 2308
f 2337 2308 2338
f 2338 2308 2306
f 2338 2306 2339
f 2339 2306 2328
f 2339 2328 2340
f 2340 2328 2326
f 2340 2326 2329
f 2329 2326 2324
f 2325 2341 2323
f 2323 2341 2342
f 2323 2342 2321
f 2321 2342 2343
f 2321 2343 2319
f 2319 2343 2344
f 2319 2344 2317
f 2317 2344 2345
f 2317 2345 2315
f 2315 2345 2346
f 2315 2346 2313
f 2313 2346 2347
f 2313 2347 2311
f 2311 2347 2348
f 2311 2348 2309
f 2309 2348 2349
f 2309 2349 2307
f 2307 2349 2350
f 2307 2350 2305
f 2305 2350 2351
f 2305 2351 2327
f 2327 2351 2352
f 2327 2352 2325
f 2325 2352 2341
f 2353 2352 2351
f 2341 2352 2353
f 2353 2349 2348
f 2350 2349 2353
f 2351 2350 2353
f 2353 2346 2345
f 2347 2346 2353
f 2348 2347 2353
f 2353 2343 2342
f 2344 2343 2353
f 2345 2344 2353
f 2342 2341 2353
f 1711 1710 2354
f 2354 1710 1663
f 2354 1663 2355
f 2355 1663 2356
f 2355 2356 2357
f 2357 2356 2358
f 2357 2358 2359
f 2359 2358 2360
f 2359 2360 2361
f 2354 2362 1711
f 1711 2362 2363
f 1711 2363 1712
f 1712 2363 2364
f 1712 2364 1671
f 1671 2364 2365
f 2364 2366 2365
f 2365 2366 2367
f 2365 2367 2368
f 2368 2367 2369
f 2368 2369 1673
f 1673 2369 2370
f 1673 2370 1713
f 2371 2372 2373
f 2373 2372 2374
f 2373 2374 2375
f 2375 2374 1628
f 2375 1628 2376
f 1628 1514 2376
f 2376 1514 1515
f 2376 1515 2370
f 2370 1515 1516
f 2370 1516 1713
f 2361 2360 2377
f 2377 2360 2378
f 2377 2378 2379
f 2379 2378 2380
f 2379 2380 2371
f 2371 2380 2381
f 2371 2381 2372
f 2382 2377 2379
f 2382 2379 2383
f 2383 2379 2371
f 2383 2371 2384
f 2385 2386 2373
f 2373 2386 2387
f 2373 2387 2371
f 2371 2387 2388
f 2371 2388 2384
f 2385 2373 2389
f 2389 2373 2375
f 2389 2375 2390
f 2390 2375 2391
f 2391 2375 2376
f 2391 2376 2392
f 2392 2376 2393
f 2393 2376 2370
f 2393 2370 2394
f 2395 2396 2369
f 2369 2396 2397
f 2369 2397 2370
f 2370 2397 2398
f 2370 2398 2394
f 2395 2369 2399
f 2399 2369 2367
f 2399 2367 2400
f 2366 2401 2367
f 2367 2401 2402
f 2367 2402 2400
f 2403 1750 1722
f 1719 1716 2404
f 2403 1722 2405
f 2404 2406 1719
f 1719 2406 2405
f 1719 2405 1720
f 1720 2405 1722
f 2217 2218 1718
f 1718 2218 2219
f 292 290 325
f 325 290 287
f 325 287 2221
f 2221 287 285
f 1715 2407 1716
f 1716 2407 2408
f 1716 2408 2404
f 297 299 2407
f 2407 299 874
f 2407 874 866
f 2219 2221 1718
f 1718 2221 285
f 1718 285 1715
f 1715 285 282
f 1715 282 2407
f 2407 282 281
f 2407 281 297
f 304 799 305
f 305 799 2409
f 869 306 2410
f 2410 306 305
f 2410 305 2411
f 2411 305 2409
f 2411 2409 2412
f 2413 2414 871
f 2413 871 2415
f 869 2410 2416
f 871 870 2415
f 2415 870 869
f 2415 869 2417
f 2417 869 2416
f 872 871 2414
f 2418 2419 864
f 872 2414 864
f 864 2414 2420
f 864 2420 2418
f 2405 2406 2421
f 2405 2421 2403
f 2403 2421 2422
f 2403 2422 1750
f 1750 2422 1748
f 1748 2422 2423
f 1748 2423 1746
f 2423 2424 1746
f 1746 2424 2425
f 1746 2425 1785
f 1785 2425 2426
f 1785 2426 2427
f 2428 2429 2430
f 2430 2431 2428
f 2428 2431 2419
f 2428 2419 2432
f 2429 2428 2407
f 2407 2428 2421
f 2407 2421 2408
f 2408 2421 2406
f 2408 2406 2404
f 2419 2418 2432
f 2432 2418 2420
f 2432 2420 2433
f 2415 2434 2413
f 2413 2434 2433
f 2413 2433 2414
f 2414 2433 2420
f 2429 2407 866
f 861 864 2419
f 861 2419 862
f 862 2419 865
f 865 2419 2431
f 865 2431 866
f 866 2431 2430
f 866 2430 2429
f 2435 2436 2437
f 2437 2436 2438
f 2439 2440 2441
f 2439 2441 2442
f 2442 2441 2443
f 2442 2443 2444
f 2444 2443 2445
f 2444 2445 2446
f 2446 2445 2437
f 2446 2437 2438
f 2043 2042 2447
f 2447 2042 2073
f 2447 2073 2077
f 2040 2069 2041
f 2041 2069 2042
f 2042 2069 2073
f 2073 2069 2068
f 2073 2068 2071
f 2447 2077 2076
f 2075 1779 1781
f 1753 2448 1774
f 1774 2448 2449
f 1774 2449 1775
f 2043 2447 2450
f 2450 2447 2076
f 2450 2076 2449
f 2449 2076 2075
f 2449 2075 1781
f 2449 1781 1775
f 1753 1752 1821
f 1752 1751 1821
f 1821 1751 1749
f 1821 1749 1747
f 1819 1817 2451
f 1821 2449 2448
f 1821 2448 1753
f 2449 1821 1819
f 2449 1819 2450
f 2450 1819 2451
f 2450 2451 2043
f 2452 2453 1815
f 1817 1815 2451
f 2451 1815 2453
f 2451 2453 2043
f 1814 2454 1815
f 1815 2454 2185
f 1815 2185 2452
f 2452 2185 2184
f 2452 2184 2191
f 2452 2191 2190
f 2455 2453 2452
f 2452 2190 2455
f 2455 2190 2189
f 2455 2189 2044
f 2044 2189 2188
f 2044 2188 2045
f 2044 2036 2455
f 2455 2036 2035
f 2455 2035 2453
f 2453 2035 2043
f 2456 2457 2243
f 2458 2459 2254
f 2254 2459 2253
f 2243 2244 2456
f 2456 2244 2245
f 2456 2245 2460
f 2460 2245 2246
f 2460 2246 2461
f 2461 2246 2247
f 2461 2247 2462
f 2462 2247 2248
f 2462 2248 2463
f 2463 2248 2249
f 2463 2249 2464
f 2464 2249 2250
f 2251 2465 2250
f 2250 2465 2466
f 2250 2466 2464
f 2252 2467 2251
f 2251 2467 2468
f 2251 2468 2465
f 2459 2469 2253
f 2253 2469 2470
f 2253 2470 2252
f 2252 2470 2471
f 2252 2471 2467
f 2472 2473 2474
f 2474 2473 2475
f 2474 2475 2476
f 2477 2478 2479
f 2479 2478 2474
f 2479 2474 2480
f 2480 2474 2476
f 2474 2481 2472
f 2472 2481 2482
f 2482 2481 2483
f 2483 2481 2484
f 2483 2484 2485
f 2485 2484 2486
f 2486 2484 2487
f 2486 2487 2488
f 2488 2487 2489
f 2488 2489 2490
f 2490 2489 2491
f 2490 2491 2492
f 2492 2491 2493
f 2493 2491 2494
f 2493 2494 2495
f 141 2496 142
f 142 2496 145
f 145 2496 2497
f 145 2497 147
f 147 2497 2498
f 147 2498 2256
f 2499 2500 2501
f 2502 2503 2500
f 2504 2505 2506
f 2502 2500 2507
f 2508 2509 2510
f 2510 2509 2511
f 2510 2511 2506
f 2506 2511 2499
f 2506 2499 2504
f 2504 2499 2501
f 2500 2499 2507
f 2507 2499 2511
f 2507 2511 2512
f 2512 2511 2509
f 2512 2509 2513
f 2513 2509 2508
f 2513 2508 2514
f 2514 2508 2515
f 2514 2515 2516
f 2503 1627 2500
f 2500 1627 1623
f 2500 1623 2501
f 2501 1623 1622
f 2517 2435 2437
f 2437 2445 2443
f 2518 2517 2440
f 2440 2517 2437
f 2440 2437 2441
f 2441 2437 2443
f 2519 2520 2521
f 2522 2519 2523
f 2523 2519 2521
f 2523 2521 2524
f 2524 2521 2525
f 2440 2439 2518
f 2518 2439 2526
f 2518 2526 2523
f 2523 2526 2527
f 2523 2527 2522
f 2528 2526 2436
f 2436 2526 2439
f 2436 2439 2438
f 2442 2444 2439
f 2439 2444 2446
f 2439 2446 2438
f 2521 1813 2525
f 2525 1813 1825
f 2525 1825 2529
f 2529 1825 2530
f 2530 1825 1829
f 2530 1829 1999
f 2435 1986 2436
f 2436 1986 1987
f 2436 1987 2183
f 2183 2182 2436
f 2436 2182 329
f 2436 329 2528
f 2528 329 328
f 2528 328 2186
f 2187 2193 328
f 328 2193 2192
f 328 2192 2186
f 2030 2023 1997
f 2531 2532 2533
f 2533 2532 2528
f 2533 2528 2534
f 2534 2528 2186
f 2033 1990 2034
f 2034 1990 1989
f 2034 1989 2005
f 2005 1989 1988
f 2005 1988 2007
f 2007 1988 1986
f 2007 1986 2009
f 2009 1986 2435
f 2009 2435 2012
f 2031 1993 2032
f 2032 1993 1992
f 2032 1992 2033
f 2033 1992 1991
f 2033 1991 1990
f 1997 2023 1998
f 1998 2023 2025
f 1998 2025 1999
f 1997 1996 2030
f 2030 1996 1995
f 2030 1995 2031
f 2031 1995 1994
f 2031 1994 1993
f 2012 2435 2002
f 2002 2435 2517
f 2002 2517 2535
f 1999 2025 2530
f 2530 2025 2002
f 2530 2002 2529
f 2529 2002 2535
f 2529 2535 2536
f 2517 2518 2535
f 2535 2518 2523
f 2535 2523 2536
f 2536 2523 2524
f 2536 2524 2529
f 2529 2524 2525
f 1813 2521 1814
f 1814 2521 2520
f 2520 2534 1814
f 1814 2534 2186
f 1814 2186 2454
f 2454 2186 2185
f 2534 2520 2519
f 2534 2519 2533
f 2533 2519 2522
f 2533 2522 2531
f 2531 2522 2527
f 2531 2527 2532
f 2532 2527 2526
f 2532 2526 2528
f 2267 676 2265
f 2265 676 674
f 2265 674 2263
f 2263 674 672
f 2263 672 2261
f 2261 672 670
f 2261 670 2259
f 2259 670 668
f 2259 668 2257
f 2257 668 714
f 2257 714 2303
f 2303 714 712
f 2303 712 2301
f 2301 712 710
f 2301 710 2299
f 2299 710 708
f 2299 708 2297
f 2297 708 706
f 2297 706 2295
f 2295 706 704
f 2295 704 2293
f 2293 704 702
f 2293 702 2291
f 2291 702 700
f 2291 700 2289
f 2289 700 698
f 2289 698 2287
f 2287 698 696
f 2287 696 2285
f 2285 696 694
f 2285 694 2283
f 2283 694 692
f 2283 692 2281
f 2281 692 690
f 2281 690 2279
f 2279 690 688
f 2279 688 2277
f 2277 688 686
f 2277 686 2275
f 2275 686 684
f 2275 684 2273
f 2273 684 682
f 2273 682 2271
f 2271 682 680
f 2271 680 2269
f 2269 680 678
f 2269 678 2267
f 2267 678 676
f 2377 2382 2537
f 2538 2539 2363
f 2363 2539 2540
f 2363 2540 2364
f 2364 2540 2541
f 2364 2541 2366
f 2366 2541 2542
f 2366 2542 2401
f 2362 2354 2543
f 2543 2544 2362
f 2362 2544 2545
f 2362 2545 2363
f 2363 2545 2546
f 2363 2546 2538
f 2547 2548 2355
f 2355 2548 2549
f 2355 2549 2354
f 2354 2549 2550
f 2354 2550 2543
f 2547 2355 2551
f 2551 2355 2357
f 2551 2357 2552
f 2359 2553 2357
f 2357 2553 2554
f 2357 2554 2552
f 2377 2537 2361
f 2361 2537 2555
f 2361 2555 2359
f 2359 2555 2556
f 2359 2556 2553
f 2553 2556 2557
f 2553 2557 2558
f 2387 2386 2559
f 2560 2561 2562
f 2562 2561 2563
f 2562 2563 2564
f 2564 2563 2565
f 2564 2565 2566
f 2566 2565 2567
f 2566 2567 2568
f 2568 2567 2569
f 2568 2569 2570
f 2571 2383 2572
f 2572 2383 2384
f 2559 2386 2573
f 2387 2559 2388
f 2388 2559 2570
f 2388 2570 2384
f 2384 2570 2569
f 2384 2569 2572
f 2386 2385 2573
f 2573 2385 2389
f 2573 2389 2574
f 2389 2390 2574
f 2574 2390 2391
f 2574 2391 2575
f 2575 2391 2392
f 2575 2392 2576
f 2398 2577 2394
f 2394 2577 2576
f 2394 2576 2393
f 2393 2576 2392
f 2398 2397 2577
f 2577 2397 2396
f 2577 2396 2578
f 2578 2396 2395
f 2578 2395 2579
f 2395 2399 2579
f 2579 2399 2400
f 2579 2400 2580
f 2580 2400 2402
f 2580 2402 2581
f 2402 2401 2581
f 2581 2401 2542
f 2581 2542 2582
f 2542 2541 2582
f 2582 2541 2540
f 2582 2540 2583
f 2540 2539 2583
f 2583 2539 2538
f 2583 2538 2584
f 2584 2538 2546
f 2584 2546 2585
f 2546 2545 2585
f 2585 2545 2544
f 2585 2544 2586
f 2586 2544 2543
f 2586 2543 2587
f 2587 2543 2550
f 2587 2550 2588
f 2554 2589 2552
f 2552 2589 2590
f 2552 2590 2551
f 2550 2549 2588
f 2588 2549 2548
f 2588 2548 2590
f 2590 2548 2547
f 2590 2547 2551
f 2558 2591 2553
f 2553 2591 2592
f 2554 2553 2589
f 2589 2553 2592
f 2589 2592 2593
f 2593 2592 2594
f 2593 2594 2560
f 2560 2594 2595
f 2560 2595 2561
f 2571 2596 2383
f 2383 2596 2597
f 2383 2597 2382
f 2382 2597 2598
f 2382 2598 2537
f 2599 2600 2016
f 2599 2016 2601
f 2016 2015 2601
f 2601 2015 2014
f 2601 2014 2602
f 2014 2013 2602
f 2602 2013 2022
f 2602 2022 2107
f 2107 2022 2021
f 2107 2021 2108
f 2108 2021 2020
f 2108 2020 2112
f 2020 2019 2112
f 2112 2019 2001
f 2112 2001 2109
f 2109 2001 2110
f 2110 2001 2000
f 2110 2000 2111
f 2111 2000 2029
f 2111 2029 2098
f 2098 2029 2028
f 2098 2028 2099
f 2099 2028 2027
f 2099 2027 2026
f 1955 1954 2024
f 2024 1954 2101
f 2024 2101 2026
f 2026 2101 2100
f 2026 2100 2099
f 2603 2600 2599
f 2087 2118 1782
f 1785 2427 1784
f 1784 2427 2604
f 1784 2604 2605
f 2088 2087 2606
f 2606 2087 1782
f 2606 1782 2607
f 2607 1782 1783
f 2607 1783 2608
f 2608 1783 1784
f 2608 1784 2609
f 2609 1784 2605
f 2610 2605 2604
f 2611 2612 2613
f 2613 2612 2610
f 2610 2604 2613
f 2613 2604 2427
f 2613 2427 2426
f 2614 268 267
f 2433 2434 2615
f 2428 2432 2613
f 2613 2432 2433
f 2613 2433 2611
f 2426 2425 2613
f 2613 2425 2424
f 2613 2424 2423
f 2423 2422 2613
f 2613 2422 2421
f 2613 2421 2428
f 2611 2433 2616
f 2616 2433 2615
f 2616 2615 2617
f 2617 2615 2618
f 2617 2618 2619
f 2619 2618 2620
f 2619 2620 2621
f 2621 2620 2622
f 2621 2622 2623
f 2623 2622 2624
f 2623 2624 2625
f 2626 2627 2628
f 2625 2624 2629
f 2629 2624 2626
f 2629 2626 2630
f 2630 2626 2628
f 2630 2628 2631
f 2632 2516 2633
f 2633 2516 2515
f 2505 2634 2506
f 2506 2634 2635
f 2506 2635 2510
f 2510 2635 2636
f 2510 2636 2508
f 2508 2636 2637
f 2508 2637 2515
f 2515 2637 2638
f 2515 2638 2633
f 2639 2640 2641
f 2641 2642 2639
f 2639 2642 2643
f 2639 2643 2505
f 2505 2643 2644
f 2505 2644 2634
f 2645 2488 2490
f 2632 2646 2516
f 2516 2646 2647
f 2516 2647 2648
f 2648 2647 2649
f 2648 2649 2650
f 2650 2649 2651
f 2649 2645 2651
f 2651 2645 2490
f 2651 2490 2652
f 2652 2490 2492
f 2652 2492 2493
f 2653 2654 2655
f 2434 2656 2615
f 2615 2656 2618
f 2653 2655 2657
f 2657 2655 2658
f 2657 2658 2659
f 2660 2622 2661
f 2661 2622 2620
f 2661 2620 2662
f 2662 2620 2618
f 2662 2618 2659
f 2659 2618 2656
f 2659 2656 2657
f 2660 2663 2622
f 2622 2663 2664
f 2622 2664 2624
f 2664 2665 2624
f 2624 2665 2666
f 2624 2666 2626
f 2626 2666 2667
f 2626 2667 2627
f 2668 2669 2670
f 2671 2672 2673
f 2673 2672 2674
f 2673 2674 2675
f 2668 2670 2675
f 2671 2673 2676
f 2676 2673 2677
f 2676 2677 2678
f 2678 2677 2679
f 2678 2679 2680
f 2680 2679 2681
f 2680 2681 2682
f 2681 2654 2682
f 2682 2654 2653
f 2682 2653 2683
f 2415 2417 2434
f 2434 2417 2416
f 2434 2416 2656
f 2656 2416 2683
f 2656 2683 2657
f 2657 2683 2653
f 2675 2670 2673
f 2673 2670 2684
f 2673 2684 2685
f 2685 2684 2686
f 2686 2684 2687
f 2686 2687 2688
f 2688 2687 2689
f 2689 2687 2690
f 2689 2690 2691
f 2690 2692 2691
f 2691 2692 2693
f 2691 2693 2694
f 2694 2695 2691
f 2691 2695 2696
f 2691 2696 2697
f 2590 2698 2588
f 2588 2698 2699
f 2588 2699 2587
f 2587 2699 2700
f 2587 2700 2586
f 2586 2700 2701
f 2586 2701 2585
f 2585 2701 2702
f 2585 2702 2584
f 2584 2702 2703
f 2584 2703 2583
f 2583 2703 2704
f 2583 2704 2582
f 2582 2704 2581
f 2590 2589 2698
f 2698 2589 2593
f 2698 2593 2560
f 2697 2705 2691
f 2691 2705 2698
f 2691 2698 2562
f 2562 2698 2560
f 2574 2575 2706
f 2562 2564 2691
f 2691 2564 2566
f 2691 2566 2568
f 2574 2706 2573
f 2568 2570 2691
f 2691 2570 2559
f 2691 2559 2707
f 2707 2559 2573
f 2707 2573 2708
f 2708 2573 2706
f 2575 2576 2706
f 2706 2576 2577
f 2706 2577 2578
f 2581 2704 2580
f 2580 2704 2709
f 2580 2709 2710
f 2491 2579 2494
f 2494 2579 2580
f 2494 2580 2711
f 2711 2580 2710
f 2712 2713 2489
f 2487 2478 2489
f 2489 2478 2714
f 2489 2714 2712
f 2713 2715 2489
f 2489 2715 2706
f 2489 2706 2491
f 2491 2706 2578
f 2491 2578 2579
f 2487 2484 2478
f 2478 2484 2481
f 2478 2481 2474
f 2716 2717 2718
f 2478 2477 2714
f 2714 2477 2719
f 2720 2715 2713
f 2713 2712 2720
f 2720 2712 2714
f 2720 2714 2718
f 2718 2714 2719
f 2718 2719 2716
f 2721 2722 2723
f 2716 2719 2724
f 2486 2488 2645
f 2486 2645 2485
f 2473 2472 2482
f 2717 2716 2725
f 2725 2716 2724
f 2725 2724 2726
f 2726 2724 2727
f 2727 2724 2728
f 2728 2724 2729
f 2728 2729 2730
f 2723 2722 2729
f 2729 2722 2731
f 2729 2731 2730
f 2723 2732 2721
f 2721 2732 2733
f 2721 2733 2734
f 2734 2733 2735
f 2734 2735 2736
f 2736 2735 2737
f 2737 2735 2647
f 2737 2647 2646
f 2475 2473 2738
f 2719 2477 2724
f 2724 2477 2479
f 2724 2479 2729
f 2729 2479 2480
f 2729 2480 2723
f 2723 2480 2476
f 2723 2476 2732
f 2476 2475 2732
f 2732 2475 2738
f 2732 2738 2733
f 2733 2738 2739
f 2733 2739 2735
f 2735 2739 2740
f 2473 2482 2738
f 2738 2482 2483
f 2738 2483 2739
f 2739 2483 2485
f 2739 2485 2740
f 2740 2485 2645
f 2740 2645 2735
f 2735 2645 2649
f 2735 2649 2647
f 1628 2741 2640
f 2741 1628 2742
f 2742 1628 2374
f 2742 2374 2743
f 1622 1628 2501
f 2501 1628 2640
f 2501 2640 2504
f 2504 2640 2639
f 2504 2639 2505
f 2743 2374 2372
f 2743 2372 2744
f 2744 2372 2381
f 2744 2381 2745
f 2746 2747 2380
f 2748 2749 2365
f 2365 2749 1671
f 2749 2750 1671
f 1671 2750 2751
f 1671 2751 1672
f 1672 2751 2752
f 1672 2752 1666
f 1666 2752 2753
f 1666 2753 1668
f 1668 2753 2754
f 1668 2754 1669
f 2748 2365 2755
f 2755 2365 2368
f 2755 2368 2756
f 2756 2368 1673
f 2756 1673 2757
f 2757 1673 1627
f 2757 1627 2503
f 2380 2747 2381
f 2381 2747 2758
f 2381 2758 2745
f 2746 2380 2759
f 2759 2380 2378
f 2759 2378 2760
f 2760 2378 2360
f 2760 2360 2761
f 2761 2360 2762
f 2762 2360 2358
f 2762 2358 2763
f 2754 2764 1669
f 1669 2764 2765
f 1669 2765 1663
f 1663 2765 2766
f 1663 2766 2356
f 2356 2766 2767
f 2356 2767 2358
f 2358 2767 2768
f 2358 2768 2763
f 2516 2769 2514
f 2648 2650 2770
f 2771 2772 2773
f 2773 2772 2774
f 2773 2774 2775
f 2775 2774 2776
f 2775 2776 2777
f 2495 2778 2779
f 2779 2778 2780
f 2779 2780 2781
f 2781 2780 2782
f 2781 2782 2771
f 2771 2782 2783
f 2771 2783 2772
f 2495 2779 2493
f 2493 2779 2784
f 2493 2784 2652
f 2770 2650 2784
f 2784 2650 2651
f 2784 2651 2652
f 2507 2512 2502
f 2502 2512 2785
f 2502 2785 2503
f 2786 2787 2766
f 2766 2765 2786
f 2786 2765 2764
f 2786 2764 2788
f 2764 2754 2788
f 2788 2754 2753
f 2788 2753 2789
f 2789 2753 2752
f 2789 2752 2790
f 2513 2514 2791
f 2791 2514 2769
f 2791 2769 2792
f 2777 2793 2775
f 2775 2793 2794
f 2775 2794 2773
f 2773 2794 2795
f 2773 2795 2771
f 2771 2795 2796
f 2771 2796 2781
f 2781 2796 2797
f 2781 2797 2779
f 2779 2797 2798
f 2779 2798 2784
f 2784 2798 2792
f 2784 2792 2770
f 2770 2792 2769
f 2770 2769 2648
f 2648 2769 2516
f 2799 2756 2785
f 2785 2756 2757
f 2785 2757 2503
f 2800 2748 2799
f 2799 2748 2755
f 2799 2755 2756
f 2752 2751 2790
f 2790 2751 2750
f 2790 2750 2800
f 2800 2750 2749
f 2800 2749 2748
f 2793 2787 2794
f 2794 2787 2786
f 2794 2786 2795
f 2795 2786 2788
f 2795 2788 2796
f 2796 2788 2789
f 2796 2789 2797
f 2797 2789 2790
f 2797 2790 2798
f 2798 2790 2800
f 2798 2800 2792
f 2792 2800 2799
f 2792 2799 2791
f 2791 2799 2785
f 2791 2785 2513
f 2513 2785 2512
f 2801 2802 2772
f 2772 2802 2803
f 2772 2803 2774
f 2804 2805 2783
f 2783 2805 2806
f 2783 2806 2772
f 2772 2806 2807
f 2772 2807 2801
f 2783 2782 2804
f 2804 2782 2780
f 2804 2780 2808
f 2808 2780 2778
f 67 68 2809
f 83 2810 2811
f 2812 761 760
f 2813 153 152
f 764 763 2814
f 2814 763 2815
f 2815 763 157
f 2815 157 2816
f 2816 157 154
f 2816 154 153
f 2813 2817 153
f 153 2817 2818
f 153 2818 2816
f 2819 2820 152
f 152 2820 2821
f 152 2821 2813
f 152 149 2819
f 2819 149 147
f 2819 147 2255
f 2822 759 758
f 186 753 2823
f 2823 753 757
f 757 756 2823
f 2823 756 755
f 2823 755 2812
f 2812 755 754
f 2812 754 761
f 2824 180 186
f 2825 177 180
f 175 2826 139
f 139 2826 86
f 139 86 45
f 2810 83 2826
f 2826 83 85
f 2826 85 86
f 56 79 2811
f 2811 79 81
f 2811 81 83
f 2827 62 60
f 2828 63 62
f 75 67 132
f 132 67 2809
f 132 2809 133
f 133 2809 101
f 101 2809 99
f 99 2809 2829
f 99 2829 100
f 100 2829 2830
f 100 2830 131
f 131 2830 2831
f 131 2831 102
f 2832 2833 2831
f 2831 2833 2834
f 2831 2834 102
f 102 2834 2835
f 102 2835 103
f 2836 2837 2838
f 2838 2837 2839
f 2840 2841 2842
f 2842 2841 2843
f 2844 2845 2846
f 2844 2846 2847
f 2847 2846 2848
f 2847 2848 2849
f 2844 2850 2851
f 2845 2844 2852
f 2852 2844 2851
f 2852 2851 2853
f 2853 2851 2822
f 2853 2822 2854
f 2854 2822 758
f 2854 758 2855
f 2855 758 762
f 2855 762 2856
f 2856 762 752
f 2856 752 2857
f 2857 752 751
f 2857 751 2858
f 2858 751 766
f 2858 766 2814
f 2814 766 765
f 2814 765 764
f 2848 2840 2849
f 2849 2840 2842
f 2849 2842 2847
f 2847 2842 2859
f 2843 2860 2842
f 2842 2860 2861
f 2842 2861 2859
f 2859 2861 2862
f 2859 2862 2863
f 2863 2862 58
f 2863 58 2864
f 2864 58 52
f 2864 52 54
f 2860 2865 2861
f 2861 2865 2827
f 2861 2827 2862
f 2862 2827 60
f 2862 60 58
f 62 2827 2828
f 2828 2827 2865
f 2828 2865 2866
f 2866 2865 2860
f 2866 2860 2836
f 2836 2860 2843
f 2836 2843 2837
f 2839 2832 2838
f 2838 2832 2831
f 2838 2831 2836
f 2836 2831 2830
f 2836 2830 2866
f 2866 2830 2829
f 2866 2829 2828
f 2828 2829 2809
f 2828 2809 63
f 63 2809 68
f 2850 2823 2851
f 2851 2823 2812
f 2851 2812 2822
f 2822 2812 760
f 2822 760 759
f 180 2824 2825
f 2825 2824 2867
f 2825 2867 2868
f 2868 2867 2869
f 2868 2869 2870
f 2870 2869 2871
f 2870 2871 2872
f 2873 2811 2874
f 2874 2811 2810
f 2874 2810 2875
f 2875 2810 2826
f 2875 2826 2876
f 2876 2826 175
f 2876 175 177
f 177 2825 2876
f 2876 2825 2868
f 2876 2868 2875
f 2875 2868 2870
f 2875 2870 2874
f 2874 2870 2872
f 2874 2872 2873
f 186 2823 2824
f 2824 2823 2850
f 2824 2850 2867
f 2867 2850 2844
f 2867 2844 2869
f 2869 2844 2847
f 2869 2847 2871
f 2871 2847 2859
f 2871 2859 2872
f 2872 2859 2863
f 2872 2863 2873
f 2873 2863 2864
f 2873 2864 2811
f 2811 2864 54
f 2811 54 56
f 2778 2495 2494
f 2694 2877 2695
f 2695 2877 2878
f 2695 2878 2696
f 2696 2878 2879
f 2696 2879 2697
f 2697 2879 2880
f 2697 2880 2705
f 2705 2880 2698
f 2698 2880 2881
f 2698 2881 2699
f 2699 2881 2882
f 2699 2882 2883
f 2802 2801 2884
f 2884 2801 2701
f 2884 2701 2883
f 2883 2701 2700
f 2883 2700 2699
f 2778 2494 2808
f 2808 2494 2711
f 2808 2711 2804
f 2804 2711 2710
f 2804 2710 2805
f 2805 2710 2709
f 2805 2709 2806
f 2806 2709 2704
f 2806 2704 2807
f 2807 2704 2703
f 2807 2703 2801
f 2801 2703 2702
f 2801 2702 2701
f 2692 2690 2885
f 2885 2886 2692
f 2692 2886 2887
f 2692 2887 2693
f 2877 2694 2888
f 2888 2694 2693
f 2888 2693 2889
f 2889 2693 2887
f 2670 2669 2890
f 2890 2669 2891
f 2885 2690 2892
f 2670 2890 2684
f 2684 2890 2893
f 2684 2893 2687
f 2687 2893 2894
f 2687 2894 2690
f 2690 2894 2895
f 2690 2895 2892
f 2896 2897 2898
f 2898 2897 2899
f 2898 2899 2900
f 2900 2899 2901
f 2892 2902 2885
f 2885 2902 2903
f 2885 2903 2904
f 2904 2903 2905
f 2904 2905 2906
f 2906 2905 2900
f 2906 2900 2907
f 2907 2900 2901
f 2901 2899 2908
f 2909 2910 2907
f 2907 2910 2911
f 2907 2911 2906
f 2912 2913 2909
f 2909 2913 2914
f 2909 2914 2910
f 2915 2916 2917
f 2917 2916 2918
f 2917 2918 2919
f 2919 2918 2920
f 2919 2920 2921
f 2921 2920 2912
f 2921 2912 2922
f 2922 2912 2909
f 2907 2901 2909
f 2909 2901 2908
f 2909 2908 2922
f 2922 2908 2923
f 2922 2923 2921
f 2921 2923 2924
f 2921 2924 2919
f 2919 2924 2925
f 2919 2925 2917
f 2917 2925 2926
f 2917 2926 2915
f 2915 2926 2927
f 2928 2929 2930
f 2410 2931 2932
f 2416 2410 2683
f 2683 2410 2932
f 2683 2932 2682
f 2682 2932 2680
f 2933 2671 2676
f 2933 2676 2934
f 2934 2676 2932
f 2932 2676 2678
f 2932 2678 2680
f 2935 2927 2936
f 2936 2927 2937
f 2936 2937 2412
f 2412 2937 2931
f 2412 2931 2411
f 2411 2931 2410
f 2935 2928 2927
f 2927 2928 2930
f 2927 2930 2915
f 2915 2930 2916
f 797 796 2938
f 2928 2939 2940
f 2935 2936 2941
f 2942 2943 2944
f 2944 2943 2945
f 796 795 2938
f 2938 795 2946
f 2938 2946 2947
f 2947 2946 2948
f 2949 2941 798
f 798 2941 799
f 799 2941 2409
f 2409 2941 2936
f 2409 2936 2412
f 2945 2950 2944
f 2944 2950 2951
f 2944 2951 2952
f 2952 2951 2953
f 2952 2953 2954
f 2954 2953 2955
f 2954 2955 2956
f 2956 2955 2957
f 2956 2957 2958
f 2958 2957 2959
f 2958 2959 2960
f 2960 2959 2929
f 2961 2942 2962
f 2962 2942 2944
f 2962 2944 2963
f 2963 2944 2952
f 2963 2952 2964
f 2964 2952 2954
f 2964 2954 2965
f 2965 2954 2956
f 2965 2956 2966
f 2966 2956 2958
f 2966 2958 2940
f 2940 2958 2960
f 2940 2960 2928
f 2928 2960 2929
f 2938 2967 797
f 797 2967 2968
f 797 2968 798
f 798 2968 2969
f 798 2969 2949
f 2948 2961 2947
f 2947 2961 2962
f 2947 2962 2938
f 2938 2962 2963
f 2938 2963 2967
f 2967 2963 2964
f 2967 2964 2968
f 2968 2964 2965
f 2968 2965 2969
f 2969 2965 2966
f 2969 2966 2949
f 2949 2966 2940
f 2949 2940 2941
f 2941 2940 2939
f 2941 2939 2935
f 2935 2939 2928
f 2970 2971 50
f 2972 801 800
f 64 230 2973
f 2973 230 2974
f 801 2972 2975
f 2975 2972 2976
f 2975 2976 230
f 230 2976 2977
f 230 2977 2974
f 2973 2978 64
f 64 2978 2979
f 64 2979 61
f 61 2979 2980
f 61 2980 59
f 59 2980 2970
f 59 2970 57
f 57 2970 50
f 2981 2982 809
f 809 2982 2983
f 809 2983 810
f 810 2983 2972
f 810 2972 811
f 811 2972 800
f 2984 2985 791
f 859 843 849
f 847 846 2986
f 2987 855 853
f 859 849 792
f 795 794 2946
f 2946 794 2988
f 2946 2988 2948
f 2948 2988 2961
f 2989 2990 2991
f 2991 2990 2992
f 2991 2992 2945
f 853 852 2987
f 2987 852 2993
f 2987 2993 2994
f 2994 2993 2995
f 2994 2995 2996
f 2996 2995 2997
f 2996 2997 2998
f 2998 2997 2999
f 2998 2999 3000
f 3000 2999 3001
f 3000 3001 2991
f 2991 3001 3002
f 2991 3002 2989
f 846 855 2986
f 2986 855 2987
f 2986 2987 3003
f 3003 2987 2994
f 3003 2994 3004
f 3004 2994 2996
f 3004 2996 3005
f 3005 2996 2998
f 3005 2998 3006
f 3006 2998 3000
f 3006 3000 3007
f 3007 3000 2991
f 3007 2991 2943
f 2943 2991 2945
f 791 2985 790
f 790 2985 3008
f 790 3008 793
f 793 3008 3009
f 793 3009 794
f 794 3009 3010
f 794 3010 2988
f 2943 2942 3007
f 3007 2942 2961
f 3007 2961 3006
f 3006 2961 2988
f 3006 2988 3005
f 3005 2988 3010
f 3005 3010 3004
f 3004 3010 3009
f 3004 3009 3003
f 3003 3009 3008
f 3003 3008 2986
f 2986 3008 2985
f 2986 2985 847
f 847 2985 2984
f 847 2984 849
f 849 2984 791
f 849 791 792
f 772 832 773
f 773 832 3011
f 776 775 3011
f 3011 775 774
f 3011 774 773
f 3012 868 3011
f 3011 868 838
f 3011 838 776
f 830 829 3013
f 3013 829 863
f 3013 863 3012
f 3012 863 867
f 3012 867 868
f 3014 3015 3016
f 3017 2971 2970
f 2983 2982 3014
f 3014 3016 2983
f 2983 3016 3018
f 2983 3018 2972
f 3018 3019 2972
f 2972 3019 3020
f 2972 3020 2976
f 3021 3017 3022
f 3022 3017 2970
f 3022 2970 3023
f 3023 2970 2980
f 3023 2980 3024
f 3024 2980 2979
f 3024 2979 3025
f 3025 2979 2978
f 3025 2978 3026
f 3026 2978 2973
f 3026 2973 3027
f 3027 2973 2974
f 3027 2974 3028
f 3028 2974 2977
f 3028 2977 3029
f 3029 2977 2976
f 3029 2976 3030
f 3030 2976 3020
f 3031 3032 3021
f 3015 3033 3016
f 3016 3033 3034
f 3035 3019 3034
f 3034 3019 3018
f 3034 3018 3016
f 3021 3022 3031
f 3031 3022 3023
f 3031 3023 3036
f 3036 3023 3024
f 3036 3024 3037
f 3037 3024 3025
f 3037 3025 3038
f 3038 3025 3026
f 3038 3026 3039
f 3039 3026 3027
f 3039 3027 3040
f 3040 3027 3028
f 3040 3028 3041
f 3041 3028 3029
f 3041 3029 3042
f 3042 3029 3030
f 3042 3030 3035
f 3035 3030 3020
f 3035 3020 3019
f 3043 3044 3045
f 3046 3047 3048
f 3048 3047 3032
f 3048 3032 3049
f 3049 3032 3031
f 3049 3031 3050
f 3050 3031 3036
f 3050 3036 3051
f 3051 3036 3037
f 3051 3037 3052
f 3052 3037 3038
f 3052 3038 3053
f 3053 3038 3039
f 3053 3039 3054
f 3054 3039 3040
f 3054 3040 3055
f 3055 3040 3041
f 3055 3041 3056
f 3056 3041 3042
f 3056 3042 3057
f 3057 3042 3035
f 3057 3035 3045
f 3045 3035 3034
f 3045 3034 3043
f 3043 3034 3033
f 3058 3046 3048
f 3056 3057 3058
f 3058 3057 3045
f 3058 3045 3044
f 3048 3049 3050
f 3056 3058 3055
f 3055 3058 3048
f 3055 3048 3054
f 3053 3054 3052
f 3052 3054 3048
f 3052 3048 3051
f 3051 3048 3050
f 3059 828 3060
f 3060 828 814
f 3060 814 3061
f 3061 814 816
f 3061 816 857
f 809 808 2981
f 2981 808 807
f 2981 807 3059
f 3059 807 827
f 3059 827 828
f 3062 2457 2456
f 2896 2898 3063
f 3063 2898 2459
f 3063 2459 2458
f 2900 2905 2467
f 2467 2471 2900
f 2900 2471 2470
f 2900 2470 2898
f 2898 2470 2469
f 2898 2469 2459
f 2464 2466 2903
f 2903 2466 2465
f 2903 2465 2905
f 2905 2465 2468
f 2905 2468 2467
f 2903 2902 2464
f 2464 2902 2892
f 2464 2892 2463
f 2463 2892 2895
f 2463 2895 2462
f 2462 2895 2894
f 2462 2894 2461
f 2461 2894 2893
f 2461 2893 2460
f 2460 2893 2890
f 2460 2890 2456
f 2456 2890 2891
f 2456 2891 3062
f 2932 3064 2934
f 2934 3064 3065
f 2934 3065 2933
f 2933 3065 2672
f 2933 2672 2671
f 2931 3066 2932
f 2932 3066 3067
f 2932 3067 3064
f 3068 3069 2937
f 2937 3069 3070
f 2937 3070 2931
f 2931 3070 3071
f 2931 3071 3066
f 3068 2937 3072
f 3072 2937 2927
f 3072 2927 3073
f 2899 2897 2908
f 2908 2897 3074
f 2927 2926 3073
f 3073 2926 2925
f 3073 2925 3075
f 3075 2925 2924
f 3075 2924 3074
f 3074 2924 2923
f 3074 2923 2908
f 1535 1541 967
f 967 1541 1540
f 3076 967 3077
f 3077 967 1540
f 3077 1540 3078
f 3078 1540 1547
f 962 960 3079
f 3079 960 958
f 3079 958 3076
f 3076 958 968
f 3076 968 967
f 978 875 979
f 979 875 980
f 978 977 875
f 875 977 1001
f 875 1001 876
f 980 875 973
f 973 875 880
f 973 880 971
f 886 1535 884
f 884 1535 967
f 884 967 882
f 882 967 965
f 882 965 880
f 880 965 964
f 880 964 971
f 3079 3080 962
f 962 3080 3081
f 962 3081 963
f 963 3081 3082
f 963 3082 954
f 954 3082 3083
f 3084 947 3085
f 3085 947 949
f 3085 949 3086
f 3086 949 951
f 3086 951 3083
f 3083 951 953
f 3083 953 954
f 927 926 3084
f 3084 926 925
f 3084 925 947
f 1560 3087 1527
f 1527 3087 3088
f 1527 3088 1528
f 1512 1511 3089
f 3089 1511 3090
f 3089 3090 3091
f 3091 3090 3092
f 3092 3093 3091
f 3091 3093 3094
f 3091 3094 3089
f 3089 3094 3095
f 3089 3095 3096
f 1566 1564 3097
f 3097 3098 1566
f 1566 3098 3099
f 1566 3099 1567
f 1567 3099 3100
f 1567 3100 1560
f 1560 3100 3087
f 1493 3101 3102
f 3101 1493 3103
f 3103 1493 3104
f 3103 3104 3105
f 3097 1564 1562
f 3098 3097 3106
f 3106 3097 1562
f 3106 1562 3107
f 1495 1493 1561
f 1561 1493 3102
f 1561 3102 1562
f 1562 3102 3108
f 1562 3108 3107
f 1571 1570 3109
f 1508 1507 3110
f 3111 1504 3112
f 3112 1504 1508
f 3112 1508 3113
f 3113 1508 3110
f 3114 1501 3111
f 3111 1501 1503
f 3111 1503 1504
f 1577 1579 3114
f 3114 1579 1499
f 3114 1499 1501
f 1525 1524 3115
f 3115 1524 1576
f 1575 1573 3116
f 3105 3104 3117
f 3117 3104 1493
f 3117 1493 1492
f 1492 1575 3117
f 3117 1575 3116
f 3117 3116 3118
f 3118 3116 3119
f 1573 1571 3116
f 3116 1571 3109
f 3116 3109 3119
f 3119 3109 3120
f 3119 3120 3121
f 3121 3120 3122
f 3123 3124 3125
f 3125 3124 3126
f 1570 1525 3109
f 3109 1525 3115
f 3109 3115 3120
f 3120 3115 3127
f 3120 3127 3122
f 3122 3127 3128
f 3122 3128 3129
f 3129 3128 3125
f 3129 3125 3130
f 3130 3125 3126
f 3110 3123 3113
f 3113 3123 3125
f 3113 3125 3112
f 3112 3125 3128
f 3112 3128 3111
f 3111 3128 3127
f 3111 3127 3114
f 3114 3127 3115
f 3114 3115 1577
f 1577 3115 1576
f 1506 1512 3089
f 3131 3126 3124
f 3089 3096 3124
f 3124 3096 3132
f 3124 3132 3131
f 1507 1506 3110
f 3110 1506 3089
f 3110 3089 3123
f 3123 3089 3124
f 3133 3134 3135
f 3135 3134 3136
f 3135 3136 3137
f 3137 3136 3138
f 3137 3138 3139
f 3140 3141 3142
f 3143 3139 3138
f 3144 3145 3146
f 3146 3145 3147
f 3147 3148 3146
f 3146 3148 3149
f 3146 3149 3150
f 3141 3143 3142
f 3142 3143 3138
f 3142 3138 3151
f 3151 3138 3136
f 3151 3152 3142
f 3142 3152 3150
f 3142 3150 3140
f 3140 3150 3149
f 3152 3153 3150
f 3150 3153 3154
f 3150 3154 3146
f 3146 3154 3155
f 3146 3155 3144
f 3156 3157 3158
f 3158 3157 3159
f 3158 3159 3160
f 3160 3159 3161
f 3160 3161 3162
f 3162 3161 3163
f 3163 3161 3164
f 3164 3161 3165
f 3164 3165 3166
f 3167 3168 3144
f 3169 3147 3168
f 3168 3147 3145
f 3168 3145 3144
f 3169 3170 3147
f 3147 3170 3171
f 3147 3171 3172
f 3173 3157 3174
f 3174 3157 3156
f 3174 3156 3175
f 3175 3156 3176
f 3175 3176 3177
f 3178 3179 3180
f 3180 3179 3181
f 3180 3181 3176
f 3176 3181 3182
f 3176 3182 3177
f 3178 3180 3183
f 3183 3180 3167
f 3183 3167 3184
f 3184 3167 3144
f 3184 3144 3155
f 3170 3169 3185
f 3186 3187 3185
f 3185 3187 3188
f 3185 3188 3170
f 3170 3188 3189
f 3170 3189 3171
f 3171 3189 3190
f 3171 3190 3172
f 3191 3192 3193
f 3193 3192 3186
f 3193 3186 3194
f 3194 3186 3185
f 826 805 3195
f 3002 3001 3195
f 856 858 3196
f 3196 858 839
f 856 3196 3197
f 3197 3196 839
f 3197 839 3198
f 3198 839 824
f 3198 824 822
f 2993 852 854
f 2993 3199 2995
f 2995 3199 3200
f 2995 3200 2997
f 3195 3001 3200
f 3200 3001 2999
f 3200 2999 2997
f 803 3201 3202
f 3002 3195 2989
f 2989 3195 3203
f 2989 3203 2990
f 3202 3203 803
f 803 3203 3195
f 803 3195 804
f 804 3195 805
f 817 3204 818
f 818 3204 3198
f 818 3198 820
f 820 3198 822
f 854 856 2993
f 2993 856 3197
f 2993 3197 3199
f 3199 3197 3198
f 3199 3198 3200
f 3200 3198 3204
f 3200 3204 3195
f 3195 3204 817
f 3195 817 826
f 3205 3206 3207
f 3205 3207 3208
f 3208 3207 3209
f 3208 3209 3210
f 3205 3163 3164
f 3206 3205 3211
f 3211 3205 3164
f 3211 3164 3166
f 3212 3161 3159
f 3213 3214 3215
f 3215 3214 3216
f 3215 3216 3217
f 3218 3219 3215
f 3215 3219 3220
f 3215 3220 3213
f 3216 3221 3217
f 3217 3221 3212
f 3217 3212 3222
f 3222 3212 3159
f 3222 3159 3157
f 3218 3215 3223
f 3223 3215 3217
f 3223 3217 3224
f 3224 3217 3222
f 3224 3222 3225
f 3225 3222 3157
f 3225 3157 3173
f 3226 3227 3228
f 3228 3227 3218
f 3218 3227 3219
f 3219 3227 3229
f 3219 3229 3220
f 3226 3228 3230
f 3231 3226 3232
f 3232 3226 3230
f 3232 3230 3233
f 3233 3230 3234
f 3228 3218 3235
f 3228 3235 3230
f 3230 3235 3236
f 3230 3236 3234
f 3237 3238 2088
f 2088 3238 3239
f 2088 3239 2089
f 2089 3239 3240
f 2089 3240 2097
f 2097 3240 3241
f 2097 3241 2106
f 3237 2088 3242
f 3242 2088 2606
f 3242 2606 3243
f 3244 3245 3246
f 3246 3245 3247
f 3246 3247 3248
f 3248 3247 3249
f 3248 3249 3250
f 3250 3249 3251
f 3252 3253 3249
f 3249 3253 3254
f 3249 3254 3251
f 3255 3256 3257
f 3257 3256 3258
f 3257 3258 3252
f 3252 3258 3259
f 3252 3259 3253
f 2606 3260 3243
f 3243 3260 3231
f 3243 3231 3261
f 3261 3231 3232
f 3261 3232 3262
f 3262 3232 3233
f 3262 3233 3263
f 3263 3233 3264
f 3263 3264 3265
f 3265 3264 3266
f 3265 3266 3267
f 3267 3266 3268
f 3244 3246 3269
f 3269 3246 3270
f 3269 3270 3271
f 3271 3270 3272
f 3271 3272 3273
f 3273 3272 3274
f 3273 3274 3275
f 3275 3274 3276
f 3275 3276 3268
f 3268 3276 3277
f 3268 3277 3267
f 3244 3269 3278
f 3279 3136 3280
f 3280 3136 3134
f 3280 3134 3133
f 3281 3279 3278
f 3278 3279 3280
f 3278 3280 3244
f 3244 3280 3133
f 3244 3133 3245
f 3153 3152 3282
f 3152 3151 3282
f 3282 3151 3136
f 3282 3136 3283
f 3279 3281 3284
f 3284 3281 3285
f 3284 3285 3286
f 3286 3285 3287
f 3286 3287 3288
f 3136 3279 3283
f 3283 3279 3284
f 3283 3284 3282
f 3282 3284 3286
f 3282 3286 3153
f 3153 3286 3288
f 3153 3288 3154
f 3154 3288 3287
f 3154 3287 3155
f 3289 3290 3291
f 3184 3155 3287
f 3174 3175 3292
f 3174 3292 3173
f 3175 3177 3293
f 3293 3177 3182
f 3293 3182 3294
f 3294 3182 3181
f 3294 3181 3295
f 3181 3179 3295
f 3295 3179 3178
f 3295 3178 3296
f 3296 3178 3183
f 3296 3183 3184
f 3296 3290 3295
f 3295 3290 3289
f 3295 3289 3294
f 3294 3289 3297
f 3294 3297 3293
f 3293 3297 3298
f 3173 3292 3299
f 3299 3292 3300
f 3299 3300 3301
f 3301 3300 3302
f 3301 3302 3236
f 3175 3293 3292
f 3292 3293 3298
f 3292 3298 3300
f 3300 3298 3303
f 3300 3303 3302
f 3291 3304 3289
f 3289 3304 3305
f 3289 3305 3297
f 3297 3305 3306
f 3297 3306 3298
f 3298 3306 3307
f 3298 3307 3303
f 3184 3287 3296
f 3296 3287 3285
f 3296 3285 3290
f 3290 3285 3281
f 3290 3281 3291
f 3163 3205 3162
f 3162 3205 3308
f 3162 3308 3160
f 3208 3309 3310
f 3208 3310 3205
f 3205 3310 3311
f 3205 3311 3308
f 3158 3160 3312
f 3313 3314 3011
f 3011 832 3313
f 3313 832 836
f 3313 836 3315
f 3169 3168 3316
f 3316 3168 3167
f 3316 3167 3315
f 3315 3167 3180
f 3315 3180 3176
f 3312 3313 3158
f 3158 3313 3315
f 3158 3315 3156
f 3156 3315 3176
f 3317 3318 3194
f 3194 3318 3319
f 3194 3319 3193
f 3317 3194 3320
f 3320 3194 3185
f 3320 3185 3169
f 3316 3321 3169
f 3169 3321 3322
f 3169 3322 3320
f 3323 3324 3325
f 3325 3324 3326
f 3325 3326 3327
f 3328 3329 3330
f 3330 3329 3331
f 3330 3331 3323
f 3323 3331 3332
f 3323 3332 3324
f 3333 3334 3335
f 3335 3334 3336
f 3335 3336 3337
f 3328 3338 3329
f 3329 3338 3339
f 3329 3339 3340
f 3340 3339 3335
f 3340 3335 3341
f 3341 3335 3337
f 3335 3342 3333
f 3333 3342 3343
f 3333 3343 3344
f 3343 3345 3344
f 3344 3345 3346
f 3344 3346 3347
f 3347 3346 3348
f 3349 3350 3351
f 3352 3353 3354
f 3354 3353 3349
f 3350 3355 3351
f 3351 3355 3356
f 3351 3356 3326
f 3326 3356 3357
f 3326 3357 3327
f 3349 3351 3354
f 3354 3351 3358
f 3354 3358 3359
f 3359 3358 3360
f 3359 3360 3361
f 3361 3360 3362
f 3361 3362 3363
f 3364 3365 3366
f 3367 3365 3368
f 3368 3365 3364
f 3368 3364 3369
f 3370 3371 3372
f 3370 3372 3373
f 3362 3374 3363
f 3363 3374 3371
f 3363 3371 3366
f 3366 3371 3370
f 3366 3370 3364
f 3372 3375 3373
f 3373 3375 3376
f 3373 3376 3377
f 3377 3376 3378
f 3377 3378 3379
f 3379 3378 3380
f 3379 3380 3381
f 3381 3380 3382
f 3381 3382 3383
f 3192 3191 3384
f 3384 3191 3383
f 3384 3383 3385
f 3385 3383 3382
f 3386 3387 3388
f 3389 3390 3391
f 3392 3393 3394
f 3395 3396 3397
f 3398 3399 3400
f 3400 3399 3401
f 3400 3401 3402
f 3402 3401 3403
f 3386 3388 3404
f 3405 3406 3396
f 3396 3406 3407
f 3396 3407 3397
f 3408 3409 3410
f 3410 3409 3411
f 3412 3413 3414
f 3414 3415 3412
f 3412 3415 3416
f 3412 3416 3408
f 3408 3416 3417
f 3408 3417 3409
f 3407 3418 3397
f 3397 3418 3419
f 3397 3419 3413
f 3413 3419 3420
f 3413 3420 3414
f 3393 3395 3394
f 3394 3395 3397
f 3394 3397 3421
f 3421 3397 3413
f 3421 3413 3422
f 3422 3413 3412
f 3422 3412 3423
f 3423 3412 3408
f 3423 3408 3424
f 3424 3408 3410
f 3424 3410 3425
f 3425 3410 3411
f 3425 3411 3426
f 3424 3404 3423
f 3423 3404 3388
f 3423 3388 3422
f 3422 3388 3427
f 3422 3427 3421
f 3421 3427 3428
f 3421 3428 3394
f 3394 3428 3398
f 3394 3398 3392
f 3392 3398 3400
f 3386 3389 3387
f 3387 3389 3391
f 3387 3391 3388
f 3388 3391 3429
f 3388 3429 3427
f 3427 3429 3430
f 3427 3430 3428
f 3428 3430 3431
f 3428 3431 3398
f 3398 3431 3432
f 3398 3432 3399
f 3433 3434 4
f 3435 3436 789
f 789 3436 3077
f 789 118 3435
f 3435 118 110
f 3435 110 3437
f 3437 110 3438
f 3437 3438 3439
f 3439 3438 3440
f 3439 3440 3441
f 3441 3440 3442
f 3441 3442 3443
f 3443 3442 3444
f 3443 3444 3445
f 3445 3444 3446
f 3445 3446 3447
f 3446 3448 3447
f 3447 3448 3449
f 3447 3449 3450
f 3450 3449 3451
f 3450 3451 3452
f 3452 3451 3453
f 3452 3453 3454
f 3454 3453 3455
f 3454 3455 3456
f 3456 3455 3457
f 3458 2721 2734
f 3457 3458 3456
f 3456 3458 2734
f 3456 2734 3459
f 3459 2734 2736
f 3459 2736 3460
f 2646 2632 3461
f 3461 2632 2633
f 3461 2633 3462
f 3460 2736 3461
f 3461 2736 2737
f 3461 2737 2646
f 3463 3464 2636
f 2636 3464 3465
f 2636 3465 2637
f 2637 3465 3462
f 2637 3462 2638
f 2638 3462 2633
f 2636 2635 3463
f 3463 2635 2634
f 3463 2634 3466
f 3466 2634 2644
f 3466 2644 3467
f 2642 3468 3469
f 3467 2644 3469
f 3469 2644 2643
f 3469 2643 2642
f 2642 2641 3468
f 3468 2641 2640
f 3468 2640 2741
f 3077 3078 789
f 789 3078 1547
f 789 1547 784
f 784 1547 1546
f 784 1546 785
f 785 1546 1545
f 785 1545 786
f 786 1545 1543
f 786 1543 787
f 3470 3 4
f 2774 3434 2776
f 2776 3434 2777
f 2774 2803 3434
f 3434 2803 2802
f 3434 2802 4
f 4 2802 2884
f 4 2884 3470
f 787 1543 788
f 788 1543 1542
f 788 1542 783
f 783 1542 1550
f 783 1550 782
f 782 1550 3471
f 782 3471 4
f 4 3471 3472
f 4 3472 3433
f 2767 2766 3473
f 3473 2766 2787
f 3473 2787 3434
f 3434 2787 2793
f 3434 2793 2777
f 3224 3474 3223
f 3223 3474 3218
f 3301 3236 3475
f 3475 3236 3235
f 3235 3476 3475
f 3475 3476 3477
f 3475 3477 3301
f 3301 3477 3478
f 3301 3478 3299
f 3173 3299 3225
f 3225 3299 3478
f 3225 3478 3224
f 3224 3478 3477
f 3224 3477 3474
f 3474 3477 3476
f 3474 3476 3218
f 3218 3476 3235
f 3273 3281 3271
f 3271 3281 3278
f 3271 3278 3269
f 3233 3234 3264
f 3264 3234 3236
f 3264 3236 3266
f 3236 3302 3266
f 3266 3302 3303
f 3266 3303 3268
f 3303 3307 3268
f 3268 3307 3306
f 3268 3306 3275
f 3306 3305 3275
f 3275 3305 3304
f 3275 3304 3273
f 3273 3304 3291
f 3273 3291 3281
f 3479 3480 3481
f 3482 3483 3484
f 3485 3486 3487
f 3488 3489 3490
f 3490 3489 3258
f 3490 3258 3256
f 3491 3253 3492
f 3492 3253 3259
f 3480 3491 3481
f 3481 3491 3492
f 3481 3492 3489
f 3489 3492 3259
f 3489 3259 3258
f 3493 3485 3494
f 3494 3485 3487
f 3494 3487 3483
f 3495 3479 3493
f 3493 3479 3481
f 3493 3481 3485
f 3485 3481 3489
f 3485 3489 3486
f 3486 3489 3488
f 3496 3497 3498
f 3483 3482 3494
f 3494 3482 3496
f 3494 3496 3493
f 3493 3496 3498
f 3493 3498 3495
f 3484 3499 3482
f 3482 3499 3500
f 3482 3500 3496
f 3496 3500 3501
f 3496 3501 3497
f 3497 3501 3502
f 3497 3502 3503
f 3497 3503 3504
f 3505 3251 3254
f 3498 3497 3506
f 3506 3497 3504
f 3506 3504 3507
f 3507 3504 3508
f 3498 3506 3495
f 3495 3506 3507
f 3495 3507 3479
f 3479 3507 3509
f 3479 3509 3480
f 3480 3509 3505
f 3480 3505 3491
f 3491 3505 3254
f 3491 3254 3253
f 3250 3251 3505
f 3250 3505 3510
f 3510 3505 3509
f 3510 3509 3511
f 3511 3509 3507
f 3511 3507 3512
f 3512 3507 3508
f 3512 3508 3513
f 3250 3510 3514
f 3250 3514 3248
f 3248 3514 3515
f 3248 3515 3246
f 3246 3515 3516
f 3246 3516 3270
f 3270 3516 3517
f 3270 3517 3272
f 3272 3517 3518
f 3272 3518 3274
f 3274 3518 3519
f 3274 3519 3276
f 3276 3519 3520
f 3276 3520 3277
f 3277 3520 3521
f 3277 3521 3267
f 3267 3521 3522
f 3267 3522 3265
f 3265 3522 3523
f 3265 3523 3263
f 3263 3523 3524
f 3263 3524 3262
f 3262 3524 3525
f 3262 3525 3261
f 3261 3525 3526
f 3261 3526 3243
f 3242 3243 3527
f 3527 3243 3526
f 3527 3526 3528
f 3529 3528 3530
f 3531 3532 3533
f 3533 3532 3534
f 3533 3534 3535
f 3535 3534 3536
f 3535 3536 3529
f 3531 3533 3537
f 3537 3533 3538
f 3537 3538 3539
f 3539 3538 3540
f 3539 3540 3541
f 3541 3540 3542
f 3541 3542 3543
f 3543 3542 3544
f 3543 3544 3545
f 3546 3547 3548
f 3548 3547 3549
f 3548 3549 3550
f 3550 3549 3551
f 3550 3551 3552
f 3552 3551 3553
f 3552 3553 3554
f 3554 3553 3555
f 3554 3555 3544
f 3544 3555 3556
f 3544 3556 3545
f 3546 3548 3557
f 3557 3548 3558
f 3557 3558 3559
f 3559 3558 3560
f 3559 3560 3561
f 3561 3560 3562
f 3561 3562 3563
f 3563 3562 3512
f 3563 3512 3513
f 3529 3530 3535
f 3535 3530 3564
f 3535 3564 3533
f 3533 3564 3565
f 3533 3565 3538
f 3538 3565 3566
f 3538 3566 3540
f 3540 3566 3567
f 3540 3567 3542
f 3542 3567 3568
f 3542 3568 3544
f 3544 3568 3569
f 3544 3569 3554
f 3554 3569 3570
f 3554 3570 3552
f 3552 3570 3571
f 3552 3571 3550
f 3550 3571 3572
f 3550 3572 3548
f 3548 3572 3573
f 3548 3573 3558
f 3558 3573 3574
f 3558 3574 3560
f 3560 3574 3575
f 3560 3575 3562
f 3562 3575 3511
f 3562 3511 3512
f 3528 3526 3530
f 3530 3526 3525
f 3530 3525 3564
f 3564 3525 3524
f 3564 3524 3565
f 3565 3524 3523
f 3565 3523 3566
f 3566 3523 3522
f 3566 3522 3567
f 3567 3522 3521
f 3567 3521 3568
f 3568 3521 3520
f 3568 3520 3569
f 3569 3520 3519
f 3569 3519 3570
f 3570 3519 3518
f 3570 3518 3571
f 3571 3518 3517
f 3571 3517 3572
f 3572 3517 3516
f 3572 3516 3573
f 3573 3516 3515
f 3573 3515 3574
f 3574 3515 3514
f 3574 3514 3575
f 3575 3514 3510
f 3575 3510 3511
f 3237 3242 3527
f 3237 3527 3576
f 3576 3527 3528
f 3576 3528 3577
f 3577 3528 3529
f 3577 3529 3578
f 3578 3529 3536
f 3578 3536 3579
f 3238 3237 3576
f 3580 3581 3582
f 3582 3581 3583
f 3582 3583 3578
f 3578 3583 3577
f 3238 3576 3239
f 3578 3579 3582
f 3582 3579 3584
f 3582 3584 3580
f 3580 3584 3585
f 3583 3586 3577
f 3577 3586 3587
f 3577 3587 3576
f 3576 3587 3588
f 3576 3588 3239
f 3589 3590 3591
f 3592 3593 3594
f 3595 3596 3597
f 3597 3596 3598
f 3599 3600 3601
f 3602 3603 3604
f 3605 3606 3607
f 3608 3606 3609
f 3609 3606 3605
f 3609 3605 3610
f 3611 3612 3613
f 3614 3615 3585
f 3616 3617 3618
f 3619 3620 3621
f 3621 3620 3616
f 3621 3616 3622
f 3622 3616 3618
f 3620 3623 3616
f 3616 3623 3624
f 3616 3624 3625
f 3625 3624 3626
f 3626 3624 3627
f 3626 3627 3628
f 3628 3627 3629
f 3628 3629 3630
f 3631 3632 3629
f 3629 3632 3633
f 3629 3633 3630
f 3634 3635 3636
f 3636 3635 3637
f 3638 3639 3634
f 3640 3641 3642
f 3642 3641 3643
f 3642 3643 3638
f 3638 3643 3644
f 3638 3644 3639
f 3645 3646 3640
f 3640 3646 3647
f 3640 3647 3641
f 3640 3648 3645
f 3645 3648 3649
f 3645 3649 3650
f 3651 3652 3653
f 3653 3652 3654
f 3653 3654 3655
f 3655 3654 3656
f 3655 3656 3657
f 3657 3656 3658
f 3657 3658 3659
f 3607 3660 3605
f 3605 3660 3661
f 3605 3661 3610
f 3610 3661 3599
f 3607 3662 3660
f 3660 3662 3663
f 3660 3663 3661
f 3661 3663 3664
f 3661 3664 3599
f 3599 3664 3665
f 3599 3665 3600
f 3666 3595 3667
f 3667 3595 3597
f 3667 3597 3668
f 3651 3653 3669
f 3669 3653 3670
f 3669 3670 3671
f 3672 3673 3674
f 3674 3673 3675
f 3674 3675 3676
f 3676 3675 3677
f 3676 3677 3678
f 3678 3677 3679
f 3678 3679 3680
f 3680 3679 3681
f 3680 3681 3682
f 3683 3671 3672
f 3672 3671 3670
f 3672 3670 3673
f 3673 3670 3653
f 3673 3653 3675
f 3675 3653 3655
f 3675 3655 3677
f 3677 3655 3657
f 3677 3657 3679
f 3679 3657 3659
f 3679 3659 3681
f 3684 3666 3685
f 3685 3666 3667
f 3685 3667 3686
f 3686 3667 3668
f 3686 3668 3687
f 3592 3594 3688
f 3591 3590 3594
f 3594 3590 3689
f 3594 3689 3688
f 3690 3691 3692
f 3692 3691 3687
f 3692 3687 3693
f 3693 3687 3668
f 3693 3668 3694
f 3694 3668 3597
f 3694 3597 3695
f 3695 3597 3598
f 3695 3598 3696
f 3603 3697 3698
f 3698 3697 3699
f 3698 3699 3700
f 3700 3699 3701
f 3700 3701 3702
f 3603 3602 3697
f 3697 3602 3703
f 3697 3703 3699
f 3699 3703 3704
f 3699 3704 3701
f 3705 3706 3707
f 3704 3708 3701
f 3701 3708 3709
f 3701 3709 3702
f 3702 3709 3710
f 3702 3710 3711
f 3711 3710 3712
f 3711 3712 3713
f 3713 3712 3714
f 3713 3714 3715
f 3715 3714 3716
f 3715 3716 3707
f 3707 3716 3717
f 3707 3717 3705
f 3718 3719 3720
f 3708 3690 3709
f 3709 3690 3692
f 3709 3692 3710
f 3710 3692 3693
f 3710 3693 3712
f 3712 3693 3694
f 3712 3694 3714
f 3714 3694 3695
f 3714 3695 3716
f 3716 3695 3696
f 3716 3696 3717
f 3634 3636 3638
f 3638 3636 3721
f 3638 3721 3642
f 3642 3721 3719
f 3642 3719 3640
f 3640 3719 3718
f 3640 3718 3648
f 3722 3723 3724
f 3722 3725 3726
f 3726 3725 3727
f 3726 3727 3728
f 3728 3727 3729
f 3728 3729 3730
f 3730 3729 3731
f 3730 3731 3732
f 3732 3731 3733
f 3732 3733 3734
f 3734 3733 3735
f 3734 3735 3736
f 3736 3735 3737
f 3736 3737 3738
f 3738 3737 3739
f 3738 3739 3740
f 3722 3724 3725
f 3725 3724 3741
f 3725 3741 3727
f 3727 3741 3742
f 3727 3742 3729
f 3729 3742 3743
f 3729 3743 3731
f 3731 3743 3744
f 3731 3744 3733
f 3733 3744 3745
f 3733 3745 3735
f 3735 3745 3611
f 3735 3611 3737
f 3737 3611 3613
f 3737 3613 3739
f 3723 3746 3724
f 3724 3746 3747
f 3724 3747 3741
f 3741 3747 3748
f 3741 3748 3742
f 3742 3748 3749
f 3742 3749 3743
f 3743 3749 3750
f 3743 3750 3744
f 3744 3750 3751
f 3744 3751 3745
f 3745 3751 3614
f 3745 3614 3611
f 3611 3614 3585
f 3611 3585 3612
f 3619 3615 3620
f 3620 3615 3614
f 3620 3614 3623
f 3623 3614 3751
f 3623 3751 3624
f 3624 3751 3750
f 3624 3750 3627
f 3627 3750 3749
f 3627 3749 3629
f 3629 3749 3748
f 3629 3748 3631
f 3631 3748 3747
f 3631 3747 3752
f 3752 3747 3746
f 3752 3746 3753
f 3753 3746 3723
f 3682 3604 3680
f 3680 3604 3603
f 3680 3603 3678
f 3678 3603 3698
f 3678 3698 3676
f 3676 3698 3700
f 3676 3700 3674
f 3674 3700 3702
f 3674 3702 3672
f 3672 3702 3711
f 3672 3711 3683
f 3683 3711 3713
f 3683 3713 3720
f 3720 3713 3715
f 3720 3715 3718
f 3718 3715 3707
f 3718 3707 3648
f 3648 3707 3706
f 3648 3706 3649
f 3754 3608 3755
f 3755 3608 3609
f 3755 3609 3756
f 3756 3609 3610
f 3756 3610 3757
f 3757 3610 3599
f 3757 3599 3758
f 3758 3599 3601
f 3758 3601 3759
f 3759 3601 3760
f 3759 3760 3761
f 3761 3760 3762
f 3761 3762 3763
f 3763 3762 3764
f 3763 3764 3765
f 3765 3764 3589
f 3765 3589 3766
f 3766 3589 3591
f 3593 3684 3594
f 3594 3684 3685
f 3594 3685 3591
f 3591 3685 3686
f 3591 3686 3766
f 3766 3686 3687
f 3766 3687 3765
f 3765 3687 3691
f 3765 3691 3763
f 3763 3691 3690
f 3763 3690 3761
f 3761 3690 3708
f 3761 3708 3759
f 3759 3708 3704
f 3759 3704 3758
f 3758 3704 3703
f 3758 3703 3757
f 3757 3703 3602
f 3757 3602 3756
f 3756 3602 3604
f 3756 3604 3755
f 3755 3604 3682
f 3755 3682 3754
f 3754 3682 3681
f 3754 3681 3767
f 3767 3681 3659
f 3767 3659 3740
f 3740 3659 3658
f 3740 3658 3738
f 3738 3658 3656
f 3738 3656 3736
f 3736 3656 3654
f 3736 3654 3734
f 3734 3654 3652
f 3734 3652 3732
f 3732 3652 3651
f 3732 3651 3730
f 3730 3651 3669
f 3730 3669 3728
f 3728 3669 3671
f 3728 3671 3726
f 3726 3671 3683
f 3726 3683 3722
f 3722 3683 3720
f 3722 3720 3723
f 3723 3720 3719
f 3723 3719 3753
f 3753 3719 3721
f 3753 3721 3752
f 3752 3721 3636
f 3752 3636 3631
f 3631 3636 3637
f 3631 3637 3632
f 3768 3769 3770
f 3771 3772 3773
f 3774 3775 3776
f 3777 3778 3779
f 3780 3781 3782
f 3783 3784 3785
f 3785 3784 3786
f 3786 3787 3785
f 3785 3787 3788
f 3785 3788 3789
f 3790 3791 3792
f 3791 3790 3793
f 3781 3793 3782
f 3782 3793 3790
f 3782 3790 3794
f 3794 3790 3795
f 3794 3795 3796
f 3797 3798 3799
f 3799 3798 3800
f 3799 3800 3801
f 3801 3800 3802
f 3801 3802 3803
f 3789 3804 3785
f 3785 3804 3617
f 3785 3617 3805
f 3805 3617 3616
f 3805 3616 3806
f 3806 3616 3625
f 3806 3625 3807
f 3645 3650 3776
f 3776 3650 3808
f 3776 3808 3774
f 3809 3641 3810
f 3810 3641 3647
f 3810 3647 3776
f 3776 3647 3646
f 3776 3646 3645
f 3634 3811 3635
f 3635 3811 3812
f 3635 3812 3637
f 3813 3633 3812
f 3812 3633 3632
f 3812 3632 3637
f 3634 3639 3811
f 3811 3639 3644
f 3811 3644 3809
f 3809 3644 3643
f 3809 3643 3641
f 3792 3783 3790
f 3790 3783 3785
f 3790 3785 3795
f 3795 3785 3805
f 3795 3805 3796
f 3796 3805 3806
f 3796 3806 3814
f 3814 3806 3807
f 3814 3807 3815
f 3815 3807 3813
f 3815 3813 3816
f 3816 3813 3812
f 3816 3812 3817
f 3817 3812 3811
f 3817 3811 3818
f 3818 3811 3809
f 3818 3809 3819
f 3819 3809 3810
f 3819 3810 3779
f 3779 3810 3776
f 3779 3776 3777
f 3777 3776 3775
f 3820 3821 3822
f 3822 3821 3823
f 3822 3823 3824
f 3825 3826 3827
f 3827 3826 3828
f 3822 3829 3820
f 3820 3829 3830
f 3820 3830 3831
f 3831 3830 3832
f 3831 3832 3833
f 3833 3832 3834
f 3833 3834 3770
f 3770 3769 3833
f 3833 3769 3835
f 3833 3835 3831
f 3831 3835 3836
f 3831 3836 3820
f 3820 3836 3827
f 3820 3827 3821
f 3821 3827 3828
f 3821 3828 3823
f 3837 3838 3839
f 3839 3838 3840
f 3839 3840 3841
f 3841 3840 3842
f 3841 3842 3843
f 3843 3842 3844
f 3843 3844 3845
f 3845 3844 3846
f 3845 3846 3802
f 3802 3846 3847
f 3802 3847 3803
f 3824 3771 3822
f 3822 3771 3773
f 3822 3773 3829
f 3829 3773 3848
f 3829 3848 3830
f 3830 3848 3849
f 3830 3849 3832
f 3832 3849 3850
f 3832 3850 3834
f 3834 3850 3851
f 3834 3851 3770
f 3770 3851 3852
f 3770 3852 3768
f 3768 3852 3853
f 3851 3837 3852
f 3852 3837 3839
f 3852 3839 3853
f 3853 3839 3841
f 3853 3841 3854
f 3854 3841 3843
f 3854 3843 3855
f 3855 3843 3845
f 3855 3845 3856
f 3856 3845 3802
f 3856 3802 3857
f 3857 3802 3800
f 3857 3800 3858
f 3858 3800 3798
f 3858 3798 3859
f 3859 3798 3797
f 3859 3797 3860
f 3625 3626 3807
f 3807 3626 3628
f 3807 3628 3813
f 3813 3628 3630
f 3813 3630 3633
f 3858 3780 3857
f 3857 3780 3782
f 3857 3782 3856
f 3856 3782 3794
f 3856 3794 3855
f 3855 3794 3796
f 3855 3796 3854
f 3854 3796 3814
f 3854 3814 3853
f 3853 3814 3815
f 3853 3815 3768
f 3768 3815 3816
f 3768 3816 3769
f 3769 3816 3817
f 3769 3817 3835
f 3835 3817 3818
f 3835 3818 3836
f 3836 3818 3819
f 3836 3819 3827
f 3827 3819 3779
f 3827 3779 3825
f 3825 3779 3778
f 3861 3862 3863
f 3864 3865 3866
f 3867 3868 3869
f 3870 3871 3872
f 3870 3872 3873
f 3874 3875 3876
f 3876 3875 3877
f 3878 3879 3880
f 3880 3879 3881
f 3880 3881 3874
f 3882 3883 3884
f 3883 3885 3884
f 3884 3885 3886
f 3884 3886 3887
f 3888 3889 3890
f 3890 3889 3891
f 3890 3891 3892
f 3892 3891 3893
f 3892 3893 3884
f 3884 3893 3894
f 3884 3894 3882
f 3874 3876 3880
f 3880 3876 3895
f 3880 3895 3896
f 3897 3895 3898
f 3898 3895 3876
f 3898 3876 3899
f 3899 3876 3877
f 3899 3877 3900
f 3900 3877 3873
f 3901 3902 3903
f 3903 3902 3904
f 3903 3904 3872
f 3905 3906 3907
f 3907 3906 3908
f 3907 3908 3869
f 3869 3908 3909
f 3869 3909 3867
f 3910 3911 3868
f 3868 3911 3912
f 3868 3912 3869
f 3869 3912 3913
f 3869 3913 3907
f 3911 3866 3912
f 3912 3866 3865
f 3912 3865 3913
f 3913 3865 3914
f 3913 3914 3915
f 3916 3905 3917
f 3917 3905 3907
f 3917 3907 3918
f 3918 3907 3913
f 3918 3913 3919
f 3919 3913 3915
f 3873 3872 3900
f 3900 3872 3904
f 3900 3904 3899
f 3899 3904 3902
f 3899 3902 3898
f 3898 3902 3920
f 3898 3920 3897
f 3897 3920 3921
f 3897 3921 3922
f 3922 3921 3923
f 3922 3923 3924
f 3924 3923 3925
f 3924 3925 3926
f 3926 3925 3927
f 3926 3927 3928
f 3928 3927 3862
f 3928 3862 3929
f 3929 3862 3861
f 3929 3861 3930
f 3931 3932 3864
f 3864 3932 3933
f 3864 3933 3865
f 3865 3933 3934
f 3865 3934 3914
f 3896 3895 3935
f 3935 3895 3897
f 3935 3897 3936
f 3936 3897 3922
f 3936 3922 3937
f 3937 3922 3924
f 3937 3924 3938
f 3938 3924 3926
f 3938 3926 3939
f 3939 3926 3928
f 3939 3928 3940
f 3940 3928 3929
f 3940 3929 3941
f 3941 3929 3930
f 3941 3930 3942
f 3943 3944 3945
f 3946 3947 3948
f 3948 3947 3949
f 3946 3948 3950
f 3950 3948 3943
f 3950 3943 3951
f 3951 3943 3945
f 3951 3945 3952
f 3947 3953 3949
f 3949 3953 3954
f 3949 3954 3955
f 3955 3954 3956
f 3955 3956 3957
f 3957 3956 3958
f 3958 3959 3957
f 3957 3959 3960
f 3957 3960 3961
f 3960 3962 3961
f 3961 3962 3963
f 3961 3963 3888
f 3888 3963 3964
f 3888 3964 3889
f 3910 3942 3911
f 3911 3942 3930
f 3911 3930 3866
f 3866 3930 3861
f 3866 3861 3864
f 3864 3861 3863
f 3864 3863 3931
f 3931 3863 3862
f 3931 3862 3965
f 3965 3862 3927
f 3965 3927 3966
f 3966 3927 3925
f 3966 3925 3967
f 3967 3925 3923
f 3967 3923 3968
f 3968 3923 3921
f 3968 3921 3969
f 3969 3921 3920
f 3969 3920 3970
f 3970 3920 3902
f 3970 3902 3971
f 3971 3902 3901
f 3887 3878 3884
f 3884 3878 3880
f 3884 3880 3892
f 3892 3880 3896
f 3892 3896 3890
f 3890 3896 3935
f 3890 3935 3888
f 3888 3935 3936
f 3888 3936 3961
f 3961 3936 3937
f 3961 3937 3957
f 3957 3937 3938
f 3957 3938 3955
f 3955 3938 3939
f 3955 3939 3949
f 3949 3939 3940
f 3949 3940 3948
f 3948 3940 3941
f 3948 3941 3943
f 3943 3941 3942
f 3943 3942 3944
f 3944 3942 3910
f 3972 3973 3974
f 3975 3976 3977
f 3962 3960 3975
f 3978 3979 3980
f 3981 3979 3982
f 3982 3979 3978
f 3982 3978 3983
f 3662 3984 3985
f 3985 3984 3986
f 3950 3951 3987
f 3987 3951 3952
f 3953 3947 3988
f 3988 3947 3946
f 3989 3954 3953
f 3990 3958 3956
f 3991 3964 3963
f 3964 3991 3889
f 3501 3500 3992
f 3992 3500 3499
f 3992 3499 3484
f 3882 3894 3993
f 3993 3894 3484
f 3503 3502 3994
f 3994 3502 3501
f 3995 3996 3997
f 3997 3996 3998
f 3997 3998 3999
f 4000 4001 4002
f 4002 4001 4003
f 4002 4003 4004
f 4004 4003 4005
f 4004 4005 4006
f 4006 4005 4007
f 4006 4007 4008
f 4001 4009 4003
f 4003 4009 4010
f 4003 4010 4005
f 4005 4010 4011
f 4005 4011 4007
f 4007 4011 4012
f 4007 4012 4008
f 3980 4013 3978
f 3978 4013 4014
f 3978 4014 3983
f 3983 4014 4015
f 4016 3981 4017
f 4017 3981 3982
f 4017 3982 4018
f 4018 3982 3983
f 4018 3983 4019
f 4019 3983 4015
f 4019 4015 4020
f 4021 4020 4022
f 4022 4020 4015
f 4022 4015 4023
f 4023 4015 4014
f 4023 4014 4024
f 4024 4014 4013
f 4024 4013 3994
f 3994 4013 3980
f 3994 3980 3503
f 4025 4026 4027
f 4027 4026 4028
f 4027 4028 4029
f 4029 4028 4030
f 4031 4032 4033
f 4033 4032 4034
f 4033 4034 4035
f 4036 4037 4038
f 4038 4037 4039
f 4040 4034 4041
f 4041 4034 4032
f 4041 4032 4039
f 4039 4032 4031
f 4039 4031 4038
f 3952 4042 3987
f 3987 4042 4043
f 3987 4043 4044
f 4044 4043 4045
f 4044 4045 4028
f 4028 4045 4046
f 4028 4046 4030
f 4035 4034 4047
f 4047 4034 4040
f 4047 4040 4048
f 4048 4040 3988
f 4048 3988 4049
f 4049 3988 3946
f 4049 3946 3950
f 3950 3987 4049
f 4049 3987 4044
f 4049 4044 4048
f 4048 4044 4028
f 4048 4028 4047
f 4047 4028 4026
f 4047 4026 4035
f 3953 3988 3989
f 3989 3988 4040
f 3989 4040 4050
f 4050 4040 4041
f 4050 4041 4051
f 4051 4041 4039
f 4051 4039 4052
f 4052 4039 4037
f 4052 4037 4012
f 4012 4037 4036
f 4012 4036 4008
f 4009 4053 4010
f 4010 4053 4054
f 4010 4054 4011
f 4011 4054 4055
f 4011 4055 4012
f 4012 4055 4056
f 4012 4056 4052
f 4052 4056 4057
f 4052 4057 4051
f 4051 4057 4058
f 4051 4058 4050
f 4050 4058 3990
f 4050 3990 3989
f 3989 3990 3956
f 3989 3956 3954
f 3501 3992 3994
f 3994 3992 4059
f 3994 4059 4024
f 4024 4059 4060
f 4024 4060 4023
f 4023 4060 4061
f 4023 4061 4022
f 4022 4061 4062
f 4022 4062 4021
f 3891 3889 3977
f 3977 3889 3991
f 3977 3991 3975
f 3975 3991 3963
f 3975 3963 3962
f 3484 3894 3992
f 3992 3894 3893
f 3992 3893 4059
f 4059 3893 3891
f 4059 3891 4060
f 4060 3891 3977
f 4060 3977 4061
f 4061 3977 3976
f 4061 3976 4062
f 4000 4063 4001
f 4001 4063 4064
f 4001 4064 4009
f 4009 4064 4016
f 4009 4016 4053
f 4053 4016 4017
f 4053 4017 4054
f 4054 4017 4018
f 4054 4018 4055
f 4055 4018 4019
f 4055 4019 4056
f 4056 4019 4020
f 4056 4020 4057
f 4057 4020 4021
f 4057 4021 4058
f 4058 4021 4062
f 4058 4062 3990
f 3990 4062 3976
f 3990 3976 3958
f 3958 3976 3975
f 3958 3975 3959
f 3959 3975 3960
f 4065 4066 4067
f 4065 4067 4068
f 4068 4067 3688
f 4068 3688 3689
f 4069 4065 4070
f 4070 4065 4068
f 4070 4068 3590
f 3590 4068 3689
f 4071 4072 4073
f 3973 4066 3974
f 3974 4066 4065
f 3974 4065 4074
f 4074 4065 4069
f 4074 4069 4075
f 4072 3589 4073
f 4073 3589 3764
f 4073 3764 4076
f 4076 3764 3762
f 4076 3762 4077
f 4077 3762 3760
f 4077 3760 4078
f 4078 3760 3601
f 4078 3601 4079
f 4079 3601 3600
f 4079 3600 4080
f 4080 3600 3665
f 4080 3665 4081
f 4081 3665 3664
f 4081 3664 3985
f 3985 3664 3663
f 3985 3663 3662
f 4082 4083 4084
f 4084 4083 4085
f 4084 4085 4086
f 4086 4085 4087
f 4086 4087 4088
f 4088 4087 4089
f 4088 4089 4090
f 4090 4089 4091
f 4090 4091 4092
f 4092 4091 4093
f 4092 4093 4094
f 4094 4093 4095
f 4094 4095 4096
f 4096 4095 4097
f 4096 4097 4098
f 4098 4097 4071
f 4071 4073 4098
f 4098 4073 4076
f 4098 4076 4096
f 4096 4076 4077
f 4096 4077 4094
f 4094 4077 4078
f 4094 4078 4092
f 4092 4078 4079
f 4092 4079 4090
f 4090 4079 4080
f 4090 4080 4088
f 4088 4080 4081
f 4088 4081 4086
f 4086 4081 3985
f 4086 3985 4084
f 4084 3985 3986
f 4084 3986 4082
f 4099 3972 4100
f 4100 3972 3974
f 4100 3974 4101
f 4101 3974 4074
f 4101 4074 4102
f 4102 4074 4075
f 4102 4075 4103
f 4103 4075 4104
f 4103 4104 4105
f 4105 4104 4106
f 4105 4106 4107
f 4107 4106 4108
f 4107 4108 3998
f 3998 4108 4109
f 3998 4109 3999
f 3996 4110 3998
f 3998 4110 4111
f 3998 4111 4107
f 4107 4111 4112
f 4107 4112 4105
f 3590 3589 4070
f 4070 3589 4072
f 4070 4072 4069
f 4069 4072 4071
f 4069 4071 4075
f 4075 4071 4097
f 4075 4097 4104
f 4104 4097 4095
f 4104 4095 4106
f 4106 4095 4093
f 4106 4093 4108
f 4108 4093 4091
f 4108 4091 4109
f 4109 4091 4089
f 4109 4089 3999
f 3999 4089 4087
f 3999 4087 3997
f 3997 4087 4085
f 3997 4085 3995
f 3995 4085 4083
f 4082 4063 4083
f 4083 4063 4000
f 4083 4000 3995
f 3995 4000 4002
f 3995 4002 3996
f 3996 4002 4004
f 3996 4004 4110
f 4110 4004 4006
f 4110 4006 4111
f 4111 4006 4008
f 4111 4008 4112
f 4112 4008 4036
f 4112 4036 4105
f 4105 4036 4038
f 4105 4038 4103
f 4103 4038 4031
f 4103 4031 4102
f 4102 4031 4033
f 4102 4033 4101
f 4101 4033 4035
f 4101 4035 4100
f 4100 4035 4026
f 4100 4026 4099
f 4099 4026 4025
f 4113 3367 3368
f 3369 2675 2674
f 4113 3368 4114
f 4114 3368 3369
f 4114 3369 4115
f 4115 3369 2674
f 4115 2674 2672
f 3309 4116 3067
f 3070 4117 3071
f 3071 4117 3066
f 3066 4117 3067
f 3067 4117 3310
f 3067 3310 3309
f 4115 2672 3065
f 4115 3065 4118
f 4118 3065 3064
f 4118 3064 4119
f 4119 3064 3067
f 4119 3067 4120
f 4120 3067 4116
f 3160 3308 3311
f 4121 3312 3160
f 4121 3160 4122
f 4122 3160 3311
f 4122 3311 4123
f 3310 4124 3311
f 3311 4124 4125
f 3311 4125 4123
f 3310 4117 4126
f 4126 4117 4127
f 4126 4127 4128
f 4129 3313 4130
f 4130 3313 3312
f 4130 3312 4131
f 4131 3312 4121
f 4131 4121 4132
f 4132 4121 4122
f 4132 4122 4133
f 4133 4122 4123
f 4133 4123 4134
f 4134 4123 4125
f 4134 4125 4135
f 4135 4125 4124
f 4135 4124 4136
f 4136 4124 3310
f 4136 3310 4137
f 4137 3310 4126
f 4129 4138 3313
f 3313 4138 4139
f 3313 4139 3314
f 857 848 4140
f 857 4140 3061
f 3061 4140 4141
f 3061 4141 3060
f 3060 4141 4142
f 3060 4142 3059
f 3366 3365 4143
f 4143 3365 3367
f 4144 3325 3327
f 3349 3353 4145
f 4145 3353 3352
f 4145 3352 4146
f 4146 3352 4147
f 4147 4148 4149
f 4149 4148 4150
f 4149 4150 4151
f 4151 4150 4152
f 4152 4153 4154
f 4154 4153 4155
f 4154 4155 4156
f 4156 4155 4157
f 4156 4157 4158
f 4158 4157 4159
f 4158 4159 4160
f 4161 3355 4162
f 4162 3355 3350
f 4162 3350 3349
f 4144 3327 4163
f 4161 4164 3355
f 3355 4164 4165
f 3355 4165 3356
f 3356 4165 4163
f 3356 4163 3357
f 3357 4163 3327
f 3338 3328 4166
f 3325 4167 3323
f 3323 4167 4168
f 3323 4168 3330
f 4160 4169 4167
f 4167 4169 4170
f 4167 4170 4168
f 3330 4168 3328
f 3328 4168 4171
f 3328 4171 4166
f 4172 3335 4166
f 4166 3335 3339
f 4166 3339 3338
f 3335 4172 4173
f 3335 4173 3342
f 3342 4173 4174
f 3342 4174 4175
f 4175 3348 3342
f 3342 3348 3346
f 3342 3346 3343
f 3343 3346 3345
f 3399 3344 3401
f 3401 3344 3403
f 4176 4177 3344
f 3344 4177 4178
f 3344 4178 3403
f 3399 3432 3344
f 3344 3432 3431
f 3344 3431 3430
f 4179 4180 3344
f 3344 4180 4181
f 3344 4181 4176
f 3390 3333 3391
f 3391 3333 3344
f 3391 3344 3429
f 3429 3344 3430
f 4182 4183 3344
f 3344 4183 4184
f 3344 4184 4179
f 4185 4186 4187
f 4188 4189 4190
f 3464 3463 4191
f 2758 4192 4187
f 2760 2761 4193
f 4194 4195 4196
f 3131 3132 4197
f 3129 3130 4198
f 4198 3130 3126
f 3131 4197 3126
f 3129 4198 3122
f 3122 4198 4199
f 3122 4199 3121
f 3121 4199 4200
f 3121 4200 3119
f 4200 4201 3119
f 3119 4201 4202
f 3119 4202 3118
f 3118 4202 4203
f 3118 4203 4204
f 4204 4205 3118
f 3118 4205 4206
f 3118 4206 3117
f 3126 4197 4198
f 4198 4197 4207
f 4198 4207 4208
f 4208 4207 4209
f 4208 4209 4210
f 4210 4209 4211
f 4210 4211 4212
f 4213 4214 4215
f 4215 4214 4216
f 4215 4216 4217
f 4211 4218 4212
f 4212 4218 4219
f 4212 4219 4220
f 4220 4219 4221
f 4217 4216 4222
f 4222 4216 4223
f 4222 4223 4224
f 4224 4223 4225
f 4225 4223 4226
f 4225 4226 4227
f 4227 4226 4228
f 4228 4226 4193
f 4228 4193 4229
f 4230 4231 4229
f 4231 4230 4232
f 4232 4230 4233
f 4232 4233 4234
f 4195 4194 4233
f 4233 4194 4235
f 4233 4235 4234
f 1555 1557 4236
f 4236 4237 1555
f 1555 4237 4196
f 1555 4196 1553
f 1553 4196 4195
f 1553 4195 1551
f 3102 3101 4238
f 4238 3101 4239
f 3108 3102 4240
f 4240 3102 4238
f 4240 4238 1557
f 1557 4238 4239
f 1557 4239 4236
f 1549 4241 4242
f 1550 1549 3471
f 3471 1549 3472
f 2767 4242 2768
f 2768 4242 4243
f 2768 4243 2763
f 2767 3473 4242
f 4242 3473 3434
f 4242 3434 1549
f 1549 3434 3433
f 1549 3433 3472
f 4229 4193 4230
f 4230 4193 2761
f 4230 2761 2762
f 2760 4193 2759
f 2759 4193 4226
f 2759 4226 2746
f 2746 4226 4223
f 2746 4223 2747
f 3467 3469 4186
f 4191 3463 4186
f 4186 3463 3466
f 4186 3466 3467
f 3469 3468 4186
f 4186 3468 2741
f 4186 2741 2742
f 2742 2743 4186
f 4186 2743 2744
f 4186 2744 4187
f 4187 2744 2745
f 4187 2745 2758
f 4244 4245 3456
f 3456 3459 4244
f 4244 3459 3460
f 4244 3460 4246
f 3460 3461 4246
f 4246 3461 3462
f 4246 3462 3465
f 4247 4248 4249
f 4250 3445 4251
f 4251 3445 3447
f 4251 3447 4249
f 4249 3447 3450
f 4249 3450 4247
f 4247 3450 3452
f 4247 3452 4245
f 4245 3452 3454
f 4245 3454 3456
f 4252 3436 4253
f 4253 3436 3435
f 4253 3435 4254
f 4254 3435 3437
f 4254 3437 4255
f 4255 3437 3439
f 4255 3439 4256
f 4256 3439 3441
f 4256 3441 4250
f 4250 3441 3443
f 4250 3443 3445
f 4257 3080 3079
f 4257 3079 4258
f 4258 3079 3076
f 4258 3076 4252
f 4252 3076 3077
f 4252 3077 3436
f 3084 3085 4259
f 4259 3085 3086
f 4189 3083 4190
f 4190 3083 3082
f 4190 3082 3081
f 930 928 4260
f 4260 928 927
f 4260 927 4261
f 4261 927 3084
f 4261 3084 4262
f 4262 3084 4259
f 4262 4259 4189
f 4189 4259 3086
f 4189 3086 3083
f 3080 4257 3081
f 3081 4257 4263
f 3081 4263 4190
f 4190 4263 4264
f 4190 4264 4188
f 3465 3464 4246
f 4246 3464 4191
f 4246 4191 4265
f 4266 4267 4268
f 4269 4270 4271
f 4271 4270 4272
f 4271 4272 4273
f 4274 4275 4269
f 4269 4275 4276
f 4269 4276 4270
f 4277 4278 4279
f 4279 4278 4274
f 4279 4274 4280
f 4281 4282 4283
f 4283 4282 4284
f 4283 4284 4285
f 4281 4214 4221
f 4221 4214 4213
f 4221 4213 4220
f 4274 4269 4280
f 4280 4269 4271
f 4280 4271 4286
f 4286 4271 4273
f 4286 4273 4287
f 4287 4273 4288
f 4287 4288 4289
f 1549 1551 4241
f 4241 1551 4195
f 4241 4195 4242
f 4242 4195 4233
f 4242 4233 4243
f 4243 4233 4230
f 4243 4230 2763
f 2763 4230 2762
f 4289 4266 4287
f 4287 4266 4268
f 4287 4268 4286
f 4286 4268 4290
f 4286 4290 4280
f 4280 4290 4285
f 4280 4285 4279
f 4279 4285 4284
f 4279 4284 4277
f 2758 2747 4192
f 4192 2747 4223
f 4192 4223 4187
f 4187 4223 4216
f 4187 4216 4185
f 4185 4216 4214
f 4281 4283 4214
f 4214 4283 4285
f 4214 4285 4185
f 4185 4285 4290
f 4185 4290 4186
f 4186 4290 4268
f 4186 4268 4191
f 4191 4268 4267
f 4191 4267 4265
f 3503 3980 3504
f 3504 3980 3508
f 4291 4292 4293
f 4294 4295 4296
f 4297 4298 4299
f 4299 4298 4300
f 4299 4300 3508
f 3508 4300 3513
f 4296 4301 4294
f 4294 4301 4302
f 4294 4302 4297
f 4297 4302 4303
f 4297 4303 4298
f 4304 4305 4306
f 4306 4305 4307
f 4306 4307 4295
f 4295 4307 4308
f 4295 4308 4296
f 4293 4309 4291
f 4291 4309 4310
f 4291 4310 4311
f 4311 4310 4312
f 4311 4312 4304
f 4304 4312 4313
f 4304 4313 4305
f 3662 4292 3984
f 3984 4292 4291
f 3984 4291 3986
f 3986 4291 4311
f 3986 4311 4082
f 4082 4311 4304
f 4082 4304 4063
f 4063 4304 4306
f 4063 4306 4064
f 4064 4306 4295
f 4064 4295 4016
f 4016 4295 4294
f 4016 4294 3981
f 3981 4294 4297
f 3981 4297 3979
f 3979 4297 4299
f 3979 4299 3980
f 3980 4299 3508
f 3563 3513 4300
f 3536 3534 4314
f 4314 3534 3532
f 4314 3532 4315
f 4315 3532 3531
f 4315 3531 4316
f 3543 4317 3541
f 3541 4317 4318
f 3541 4318 3539
f 3539 4318 4319
f 3539 4319 3537
f 3537 4319 4320
f 3537 4320 3531
f 3531 4320 4321
f 3531 4321 4316
f 3545 4322 3543
f 3543 4322 4323
f 3543 4323 4317
f 3555 4324 3556
f 3556 4324 4325
f 3556 4325 3545
f 3545 4325 4326
f 3545 4326 4322
f 3553 4309 3555
f 3555 4309 4293
f 3555 4293 4324
f 3549 4313 3551
f 3551 4313 4312
f 3551 4312 3553
f 3553 4312 4310
f 3553 4310 4309
f 3557 4296 3546
f 3546 4296 4308
f 3546 4308 3547
f 3547 4308 4307
f 3547 4307 3549
f 3549 4307 4305
f 3549 4305 4313
f 4298 4303 3559
f 3559 4303 4302
f 3559 4302 3557
f 3557 4302 4301
f 3557 4301 4296
f 4298 3559 4300
f 4300 3559 3561
f 4300 3561 3563
f 4327 4328 4320
f 3579 3536 4329
f 4329 3536 4314
f 4329 4314 4330
f 4331 4324 4292
f 4292 4324 4293
f 4332 4322 4333
f 4333 4322 4326
f 4333 4326 4331
f 4331 4326 4325
f 4331 4325 4324
f 4320 4319 4327
f 4327 4319 4318
f 4327 4318 4334
f 4334 4318 4317
f 4334 4317 4332
f 4332 4317 4323
f 4332 4323 4322
f 4314 4315 4330
f 4330 4315 4316
f 4330 4316 4328
f 4328 4316 4321
f 4328 4321 4320
f 3612 3579 3613
f 3613 3579 4329
f 3613 4329 3739
f 3739 4329 4330
f 3739 4330 3740
f 3740 4330 4328
f 3740 4328 3767
f 3767 4328 4327
f 3767 4327 3754
f 3754 4327 4334
f 3754 4334 3608
f 3608 4334 4332
f 3608 4332 3606
f 3606 4332 4333
f 3606 4333 3607
f 3607 4333 4331
f 3607 4331 3662
f 3662 4331 4292
f 3579 3612 3584
f 3584 3612 3585
f 4335 3595 3666
f 4336 4337 4338
f 4339 4340 4341
f 3595 4335 3596
f 3598 3596 4342
f 4342 3596 4335
f 4342 4335 4343
f 4343 4335 4344
f 4345 4346 4347
f 4347 4346 4341
f 4347 4341 4348
f 4348 4341 4340
f 4349 4350 4351
f 4351 4350 4352
f 4351 4352 4338
f 4348 4353 4347
f 4347 4353 4354
f 4347 4354 4355
f 3688 4067 3592
f 3592 4067 4356
f 3592 4356 3593
f 4349 4344 4350
f 4350 4344 4335
f 4350 4335 4357
f 4357 4335 3666
f 4357 3666 4356
f 4356 3666 3684
f 4356 3684 3593
f 4066 3973 4346
f 4346 3973 3972
f 4346 3972 4341
f 4341 3972 4099
f 4341 4099 4339
f 4339 4099 4025
f 4354 4358 4355
f 4355 4358 4336
f 4355 4336 4359
f 4359 4336 4338
f 4359 4338 4355
f 4355 4338 4352
f 4355 4352 4347
f 4347 4352 4350
f 4347 4350 4345
f 4345 4350 4357
f 4345 4357 4346
f 4346 4357 4356
f 4346 4356 4066
f 4066 4356 4067
f 3778 3777 4360
f 4361 4338 4337
f 4362 4363 4364
f 4365 4366 4367
f 4367 4366 4368
f 4367 4368 4342
f 4369 4370 4371
f 3775 3774 4372
f 4372 3774 3808
f 4373 4374 4375
f 4342 4343 4367
f 4367 4343 4373
f 4367 4373 4365
f 4365 4373 4375
f 4365 4375 4376
f 4377 4363 4378
f 4378 4363 4362
f 4378 4362 4379
f 4374 4380 4375
f 4375 4380 4381
f 4375 4381 4376
f 3826 3825 4382
f 4382 3825 4383
f 4382 4383 4384
f 4384 4383 4385
f 4386 4385 4387
f 4387 4385 4383
f 4387 4383 4360
f 4360 4383 3825
f 4360 3825 3778
f 4364 4386 4388
f 4388 4386 4387
f 4388 4387 4389
f 4389 4387 4360
f 4389 4360 4372
f 4372 4360 3777
f 4372 3777 3775
f 4369 3706 3705
f 4381 4390 4376
f 4376 4390 4371
f 4376 4371 4365
f 4365 4371 4370
f 4365 4370 4366
f 4366 4370 4391
f 4366 4391 4368
f 4369 3705 4370
f 4370 3705 3717
f 4370 3717 4391
f 4391 3717 3696
f 4391 3696 4368
f 4368 3696 3598
f 4368 3598 4342
f 4337 4377 4361
f 4361 4377 4378
f 4361 4378 4338
f 4338 4378 4379
f 4338 4379 4351
f 4351 4379 4392
f 4351 4392 4349
f 4349 4392 4344
f 3650 3649 3808
f 3808 3649 3706
f 3808 3706 4372
f 4372 3706 4369
f 4372 4369 4389
f 4389 4369 4371
f 4389 4371 4388
f 4388 4371 4390
f 4388 4390 4364
f 4364 4390 4381
f 4364 4381 4362
f 4362 4381 4380
f 4362 4380 4379
f 4379 4380 4374
f 4379 4374 4392
f 4392 4374 4373
f 4392 4373 4344
f 4344 4373 4343
f 4393 4394 4395
f 4396 3823 3828
f 4397 4398 4399
f 4399 4398 4400
f 4399 4400 4401
f 4401 4400 4402
f 4401 4402 4396
f 4396 4402 4403
f 4396 4403 3823
f 3823 4403 3824
f 4404 4405 4406
f 4406 4405 4407
f 4408 4409 4410
f 4410 4409 4394
f 4410 4394 4411
f 4411 4394 4393
f 4411 4393 4412
f 4413 4404 4414
f 4414 4404 4406
f 4414 4406 4415
f 4415 4406 4416
f 4415 4416 4417
f 4417 4416 4418
f 4419 4420 4418
f 4418 4420 4421
f 4418 4421 4417
f 4421 4408 4417
f 4417 4408 4410
f 4417 4410 4415
f 4415 4410 4411
f 4415 4411 4414
f 4414 4411 4412
f 4414 4412 4413
f 3772 3771 4422
f 4422 3771 4423
f 4422 4423 4424
f 4424 4423 4425
f 4424 4425 4426
f 4426 4425 4395
f 4426 4395 4427
f 4427 4395 4394
f 4427 4394 4428
f 4428 4394 4409
f 4337 4429 4377
f 4377 4429 4430
f 4364 4397 4386
f 4386 4397 4399
f 4386 4399 4385
f 4385 4399 4401
f 4385 4401 4384
f 4384 4401 4396
f 4384 4396 4382
f 4382 4396 3828
f 4382 3828 3826
f 4407 4431 4406
f 4406 4431 4432
f 4406 4432 4416
f 4416 4432 4433
f 4416 4433 4418
f 4418 4433 4434
f 4418 4434 4419
f 3771 3824 4423
f 4423 3824 4403
f 4423 4403 4425
f 4425 4403 4402
f 4425 4402 4395
f 4395 4402 4400
f 4395 4400 4393
f 4393 4400 4398
f 4393 4398 4412
f 4412 4398 4397
f 4412 4397 4413
f 4413 4397 4364
f 4413 4364 4404
f 4404 4364 4363
f 4404 4363 4405
f 4405 4363 4377
f 4405 4377 4407
f 4407 4377 4430
f 4407 4430 4431
f 3905 3916 4435
f 4436 4437 4438
f 3909 3908 4439
f 4440 4441 4442
f 4443 4432 4431
f 4337 4440 4429
f 4429 4440 4443
f 4429 4443 4430
f 4430 4443 4431
f 4444 4445 4446
f 3867 3909 4447
f 4447 3909 4439
f 4447 4439 4448
f 4448 4439 4449
f 4448 4449 4450
f 4450 4449 4438
f 4450 4438 4451
f 4451 4438 4437
f 3906 3905 4452
f 4452 3905 4435
f 4452 4435 4453
f 4453 4435 4454
f 4453 4454 4455
f 4455 4454 4456
f 4455 4456 4457
f 4457 4456 4458
f 4419 4434 4459
f 4459 4434 4460
f 4440 4442 4443
f 4443 4442 4461
f 4443 4461 4432
f 4432 4461 4462
f 4432 4462 4433
f 4434 4433 4460
f 4460 4433 4462
f 4460 4462 4463
f 4444 4446 4464
f 4464 4446 4465
f 4464 4465 4466
f 4466 4465 4467
f 4466 4467 4468
f 4468 4467 4469
f 4468 4469 4463
f 4463 4462 4468
f 4468 4462 4461
f 4468 4461 4466
f 4466 4461 4442
f 4466 4442 4464
f 4464 4442 4441
f 4464 4441 4444
f 4458 4470 4469
f 4469 4470 4471
f 4469 4471 4463
f 4463 4471 4472
f 4463 4472 4460
f 4460 4472 4473
f 4460 4473 4459
f 3908 3906 4439
f 4439 3906 4452
f 4439 4452 4449
f 4449 4452 4453
f 4449 4453 4438
f 4438 4453 4455
f 4438 4455 4436
f 4436 4455 4457
f 4458 4469 4457
f 4457 4469 4467
f 4457 4467 4436
f 4436 4467 4465
f 4436 4465 4437
f 4437 4465 4446
f 4437 4446 4451
f 4451 4446 4445
f 4451 4445 4450
f 4450 4445 4474
f 4450 4474 4448
f 4448 4474 4475
f 4448 4475 4447
f 4447 4475 4476
f 4447 4476 3867
f 4251 4249 4477
f 4478 4479 4250
f 4480 4481 4250
f 4250 4481 4482
f 4250 4482 4478
f 4251 4477 4250
f 4250 4477 4483
f 4250 4483 4480
f 4253 4254 4479
f 4257 4258 4484
f 4484 4258 4479
f 4479 4258 4252
f 4479 4252 4253
f 4254 4255 4479
f 4479 4255 4256
f 4479 4256 4250
f 4485 4261 4262
f 4261 4485 4486
f 4487 4488 4485
f 4485 4488 4489
f 4485 4489 4486
f 4490 4491 4485
f 4485 4491 4492
f 4485 4492 4487
f 4493 4494 4262
f 4262 4494 4495
f 4262 4495 4485
f 4485 4495 4496
f 4485 4496 4490
f 4484 4497 4257
f 4257 4497 4498
f 4257 4498 4263
f 4263 4498 4499
f 4263 4499 4264
f 4264 4499 4500
f 4264 4500 4188
f 4188 4500 4493
f 4188 4493 4189
f 4189 4493 4262
f 4501 4477 4502
f 4502 4477 4249
f 4502 4249 4248
f 4265 4267 4503
f 4503 4267 4266
f 4503 4266 4504
f 4504 4266 4289
f 4504 4289 4505
f 4505 4289 4288
f 4505 4288 4506
f 4506 4288 4273
f 4506 4273 4507
f 4507 4273 4272
f 4272 4270 4508
f 4508 4509 4510
f 4510 4511 4508
f 4508 4511 4512
f 4508 4512 4272
f 4272 4512 4513
f 4272 4513 4507
f 4514 4509 4515
f 4515 4509 4508
f 4515 4508 4516
f 4516 4508 4270
f 4502 4248 4247
f 4517 4247 4245
f 4245 4244 4517
f 4517 4244 4246
f 4517 4246 4518
f 4518 4246 4265
f 4518 4265 4519
f 4519 4265 4503
f 4247 4517 4502
f 4502 4517 4520
f 4502 4520 4521
f 4521 4522 4502
f 4502 4522 4523
f 4502 4523 4501
f 4524 4525 4526
f 3868 3867 4476
f 4527 4528 4529
f 4530 4531 4532
f 4354 4353 4533
f 4533 4353 4348
f 4531 4533 4532
f 4532 4533 4348
f 4532 4348 4534
f 4534 4348 4340
f 4534 4340 4535
f 4535 4340 4339
f 4535 4339 4027
f 4027 4339 4025
f 3910 3868 4536
f 4536 3868 4476
f 4536 4476 4537
f 4537 4476 4475
f 4537 4475 4538
f 4538 4475 4474
f 4538 4474 4539
f 4539 4474 4445
f 4336 4358 4540
f 4540 4358 4541
f 4525 4524 4541
f 4541 4524 4542
f 4541 4542 4540
f 4530 4526 4531
f 4531 4526 4525
f 4531 4525 4533
f 4533 4525 4541
f 4533 4541 4354
f 4354 4541 4358
f 3952 3945 4042
f 4042 3945 4543
f 4042 4543 4043
f 4043 4543 4544
f 4043 4544 4045
f 4045 4544 4529
f 4045 4529 4545
f 4545 4529 4528
f 4029 4030 4545
f 4545 4030 4046
f 4545 4046 4045
f 4027 4029 4535
f 4535 4029 4545
f 4535 4545 4534
f 4534 4545 4528
f 4534 4528 4532
f 4532 4528 4527
f 4532 4527 4530
f 3944 3910 4546
f 4546 3910 4536
f 4546 4536 4547
f 4547 4536 4537
f 4547 4537 4548
f 4548 4537 4538
f 4548 4538 4549
f 4549 4538 4539
f 4337 4336 4440
f 4440 4336 4540
f 4440 4540 4441
f 4441 4540 4542
f 4441 4542 4444
f 4444 4542 4524
f 4444 4524 4445
f 4445 4524 4526
f 4445 4526 4539
f 4539 4526 4530
f 4539 4530 4549
f 4549 4530 4527
f 4549 4527 4548
f 4548 4527 4529
f 4548 4529 4547
f 4547 4529 4544
f 4547 4544 4546
f 4546 4544 4543
f 4546 4543 3944
f 3944 4543 3945
f 3068 4550 3069
f 3069 4550 4551
f 3069 4551 3070
f 3070 4551 4552
f 3070 4552 4553
f 4553 4128 3070
f 3070 4128 4127
f 3070 4127 4117
f 3068 3072 4550
f 4550 3072 3073
f 4550 3073 4554
f 4554 3073 3075
f 4554 3075 4555
f 4555 3075 3074
f 4555 3074 4556
f 4557 4138 4558
f 4558 4138 4129
f 4129 4130 4558
f 4558 4130 4559
f 4558 4559 4560
f 2981 3059 4142
f 4556 3074 2897
f 2227 3058 2228
f 2228 3058 3044
f 2228 3044 2242
f 2242 3044 3043
f 2242 3043 2254
f 2254 3043 3033
f 2254 3033 2458
f 2458 3033 3015
f 2458 3015 3063
f 3063 3015 3014
f 3063 3014 2896
f 2896 3014 2982
f 2896 2982 2897
f 2897 2982 2981
f 2897 2981 4556
f 4556 2981 4142
f 4158 4160 4167
f 4158 4167 4156
f 4164 4561 4165
f 4165 4561 4163
f 4147 4149 4561
f 4561 4149 4151
f 4561 4151 4152
f 3325 4144 4167
f 4167 4144 4163
f 4167 4163 4156
f 4156 4163 4561
f 4156 4561 4154
f 4154 4561 4152
f 4164 4161 4561
f 4561 4161 4162
f 4561 4162 3349
f 3349 4145 4561
f 4561 4145 4146
f 4561 4146 4147
f 4562 4563 4235
f 4235 4563 4564
f 4235 4564 4234
f 4565 4231 4564
f 4564 4231 4232
f 4564 4232 4234
f 4566 4228 4565
f 4565 4228 4229
f 4565 4229 4231
f 4222 4224 4567
f 4567 4224 4225
f 4567 4225 4566
f 4566 4225 4227
f 4566 4227 4228
f 4222 4567 4217
f 4217 4567 4568
f 4217 4568 4215
f 4569 4570 4571
f 4571 4570 4572
f 4571 4572 4573
f 4574 4575 4576
f 4577 4578 4579
f 4579 4578 4580
f 4581 4582 4577
f 4577 4582 4583
f 4577 4583 4578
f 4576 4584 4574
f 4574 4584 4585
f 4574 4585 4581
f 4581 4585 4586
f 4581 4586 4582
f 4579 4587 4577
f 4577 4587 4588
f 4577 4588 4581
f 4581 4588 4589
f 4581 4589 4574
f 4574 4589 4590
f 4574 4590 4575
f 4575 4590 4591
f 4592 4591 4593
f 4593 4591 4590
f 4593 4590 4594
f 4594 4590 4589
f 4594 4589 4595
f 4595 4589 4588
f 4595 4588 4571
f 4571 4588 4587
f 4571 4587 4569
f 4569 4587 4579
f 4569 4579 4596
f 4596 4579 4580
f 4596 4580 4597
f 4573 4568 4571
f 4571 4568 4567
f 4571 4567 4595
f 4595 4567 4566
f 4595 4566 4594
f 4594 4566 4565
f 4594 4565 4593
f 4593 4565 4564
f 4593 4564 4592
f 4592 4564 4563
f 4597 4598 4599
f 4599 4598 4600
f 4599 4600 4601
f 4602 4569 4599
f 4599 4569 4596
f 4599 4596 4597
f 4568 4573 4603
f 4603 4573 4572
f 4603 4572 4602
f 4602 4572 4570
f 4602 4570 4569
f 4604 4220 4213
f 4601 4605 4599
f 4599 4605 4606
f 4599 4606 4602
f 4602 4606 4604
f 4602 4604 4603
f 4603 4604 4213
f 4603 4213 4568
f 4568 4213 4215
f 4601 4600 4607
f 4239 3101 3103
f 4608 4236 4239
f 4239 3103 4608
f 4608 3103 3105
f 4608 3105 4609
f 4609 3105 3117
f 4609 3117 4206
f 4206 4205 4609
f 4609 4205 4204
f 4609 4204 4610
f 4611 4612 4613
f 4613 4612 4614
f 4613 4614 4615
f 4220 4616 4212
f 4212 4616 4210
f 4617 4199 4618
f 4618 4199 4198
f 4618 4198 4616
f 4616 4198 4208
f 4616 4208 4210
f 4610 4619 4609
f 4609 4619 4620
f 4609 4620 4617
f 4617 4620 4621
f 4617 4621 4199
f 4611 4613 4622
f 4622 4613 4623
f 4622 4623 4624
f 4624 4623 4625
f 4625 4623 4626
f 4625 4626 4627
f 4605 4601 4628
f 4628 4601 4607
f 4628 4607 4626
f 4626 4607 4629
f 4626 4629 4627
f 4615 4630 4613
f 4613 4630 4631
f 4613 4631 4623
f 4623 4631 4632
f 4623 4632 4626
f 4626 4632 4633
f 4626 4633 4628
f 4628 4633 4634
f 4628 4634 4605
f 4605 4634 4606
f 4630 4635 4631
f 4631 4635 4636
f 4631 4636 4632
f 4632 4636 4637
f 4632 4637 4633
f 4633 4637 4638
f 4633 4638 4634
f 4634 4638 4639
f 4634 4639 4606
f 4606 4639 4604
f 4635 4608 4636
f 4636 4608 4609
f 4636 4609 4637
f 4637 4609 4617
f 4637 4617 4638
f 4638 4617 4618
f 4638 4618 4639
f 4639 4618 4616
f 4639 4616 4604
f 4604 4616 4220
f 4610 4204 4203
f 4610 4203 4619
f 4619 4203 4202
f 4619 4202 4620
f 4620 4202 4201
f 4620 4201 4621
f 4621 4201 4200
f 4621 4200 4199
f 4635 4640 4641
f 4614 4612 4642
f 4614 4643 4615
f 4615 4643 4644
f 4615 4644 4630
f 4635 4641 4608
f 4608 4641 4237
f 4608 4237 4236
f 4196 4237 4562
f 4562 4237 4641
f 4562 4641 4563
f 4563 4641 4640
f 4563 4640 4592
f 4575 4591 4643
f 4643 4591 4592
f 4643 4592 4644
f 4644 4592 4640
f 4644 4640 4630
f 4630 4640 4635
f 4614 4642 4643
f 4643 4642 4576
f 4643 4576 4575
f 4196 4562 4194
f 4194 4562 4235
f 3108 4240 4645
f 1563 1565 3098
f 3099 4646 3100
f 3100 4646 3088
f 3100 3088 3087
f 1528 3088 1529
f 1529 3088 4646
f 1529 4646 1565
f 1565 4646 3099
f 1565 3099 3098
f 1558 4645 1559
f 1559 4645 4240
f 1559 4240 1556
f 1556 4240 1557
f 1563 3098 1558
f 1558 3098 3106
f 1558 3106 4645
f 4645 3106 3107
f 4645 3107 3108
f 4647 4648 4649
f 4650 4651 4652
f 4653 4654 4655
f 4656 4513 4512
f 3090 4657 3092
f 4657 3090 4658
f 4658 3090 1511
f 4658 1511 4659
f 4660 3096 3095
f 4661 4211 4662
f 4662 4211 4209
f 4662 4209 4660
f 4660 4209 4207
f 4660 4207 3096
f 3096 4207 4197
f 3096 4197 3132
f 4647 4221 4648
f 4648 4221 4219
f 4648 4219 4661
f 4661 4219 4218
f 4661 4218 4211
f 4281 4663 4282
f 4282 4663 4664
f 4282 4664 4284
f 4284 4664 4665
f 4275 4274 4666
f 4666 4274 4278
f 4666 4278 4665
f 4665 4278 4277
f 4665 4277 4284
f 4275 4666 4276
f 4276 4666 4516
f 4276 4516 4270
f 4514 4515 4667
f 4667 4515 4668
f 4667 4668 4669
f 1589 1591 4670
f 4670 1591 890
f 4670 890 4671
f 894 4656 889
f 889 4656 4512
f 889 4512 890
f 890 4512 4511
f 890 4511 4671
f 4671 4511 4510
f 4671 4510 4672
f 4673 1510 1513
f 1513 1497 4673
f 4673 1497 4674
f 4673 4674 4675
f 4509 4514 4676
f 4676 4514 4667
f 4676 4667 4677
f 4677 4667 4669
f 4677 4669 4678
f 4679 4654 4680
f 4680 4654 4653
f 4680 4653 4681
f 4674 4682 4675
f 4675 4682 4683
f 4675 4683 4684
f 4684 4683 4685
f 4684 4685 4686
f 4651 1589 4652
f 4652 1589 4670
f 4652 4670 4681
f 4681 4670 4671
f 4681 4671 4680
f 4680 4671 4672
f 4680 4672 4679
f 4684 4687 4675
f 4675 4687 4688
f 4675 4688 4673
f 4673 4688 4659
f 4673 4659 1510
f 1510 4659 1511
f 3094 3093 4689
f 4689 3093 3092
f 4689 3092 4690
f 4690 3092 4657
f 4690 4657 4691
f 4691 4657 4658
f 4691 4658 4692
f 4692 4658 4659
f 4692 4659 4655
f 4655 4659 4688
f 4655 4688 4653
f 4653 4688 4687
f 4653 4687 4681
f 4681 4687 4684
f 4681 4684 4652
f 4652 4684 4686
f 4652 4686 4650
f 4515 4516 4668
f 4668 4516 4666
f 4668 4666 4669
f 4669 4666 4665
f 4669 4665 4678
f 4678 4665 4664
f 4678 4664 4649
f 4649 4664 4663
f 4649 4663 4647
f 4647 4663 4281
f 4647 4281 4221
f 4510 4509 4672
f 4672 4509 4676
f 4672 4676 4679
f 4679 4676 4677
f 4679 4677 4654
f 4654 4677 4678
f 4654 4678 4655
f 4655 4678 4649
f 4655 4649 4692
f 4692 4649 4648
f 4692 4648 4691
f 4691 4648 4661
f 4691 4661 4690
f 4690 4661 4662
f 4690 4662 4689
f 4689 4662 4660
f 4689 4660 3094
f 3094 4660 3095
f 4578 4693 4580
f 4584 4694 4695
f 4612 4694 4642
f 4642 4694 4584
f 4642 4584 4576
f 4582 4586 4695
f 4695 4586 4585
f 4695 4585 4584
f 4693 4600 4580
f 4580 4600 4598
f 4580 4598 4597
f 4612 4611 4694
f 4694 4611 4622
f 4694 4622 4695
f 4695 4622 4624
f 4695 4624 4582
f 4582 4624 4625
f 4582 4625 4583
f 4583 4625 4627
f 4583 4627 4578
f 4578 4627 4629
f 4578 4629 4693
f 4693 4629 4607
f 4693 4607 4600
f 3208 3210 4696
f 4147 3352 3354
f 4174 4173 4182
f 3347 3348 4175
f 4174 4182 4175
f 4175 4182 3344
f 4175 3344 3347
f 4697 4698 4171
f 4171 4698 4699
f 4171 4699 4166
f 4166 4699 4700
f 4166 4700 4701
f 4173 4172 4182
f 4182 4172 4166
f 4182 4166 4702
f 4702 4166 4701
f 4171 4168 4697
f 4697 4168 4170
f 4697 4170 4703
f 4703 4170 4169
f 4703 4169 4704
f 4704 4169 4160
f 4704 4160 4159
f 4159 4157 4704
f 4704 4157 4155
f 4704 4155 4705
f 4705 4155 4153
f 4705 4153 4706
f 4153 4152 4706
f 4706 4152 4150
f 4706 4150 4148
f 4147 3354 4148
f 4148 3354 4706
f 4706 3354 3359
f 4706 3359 4707
f 4707 3359 3361
f 4707 3361 4708
f 4708 3361 3363
f 4708 3363 4709
f 3366 4143 3363
f 3363 4143 3367
f 3363 3367 4709
f 4709 3367 4113
f 4709 4113 4710
f 4710 4113 4114
f 4710 4114 4711
f 4711 4114 4115
f 4711 4115 4712
f 4712 4115 4118
f 4119 4713 4118
f 4118 4713 4714
f 4118 4714 4712
f 4116 3309 3208
f 4116 3208 4120
f 4120 3208 4696
f 4120 4696 4119
f 4119 4696 4715
f 4119 4715 4713
f 3405 4716 4717
f 3395 3393 4718
f 4719 4720 4721
f 4722 4723 4724
f 4724 4723 4725
f 4724 4725 4726
f 4726 4725 4727
f 4726 4727 4716
f 4716 4727 4728
f 4716 4728 4717
f 4722 4724 4729
f 4729 4724 4730
f 4729 4730 4731
f 4732 4733 4734
f 4732 4734 4730
f 4730 4734 4735
f 4730 4735 4731
f 4733 4732 4736
f 4736 4732 4737
f 4736 4737 4738
f 4719 4721 4739
f 4184 4183 4740
f 4176 4181 4741
f 4741 4181 4180
f 4741 4180 4742
f 4742 4180 4179
f 4742 4179 4743
f 4743 4179 4184
f 4743 4184 4744
f 4744 4184 4740
f 4744 4740 4745
f 3392 3400 4746
f 4746 3400 3402
f 4176 4741 4177
f 4177 4741 4746
f 4177 4746 4178
f 4178 4746 3402
f 4178 3402 3403
f 3405 3396 4716
f 4716 3396 4747
f 4716 4747 4726
f 4726 4747 4748
f 4726 4748 4724
f 4724 4748 4749
f 4724 4749 4730
f 4730 4749 4750
f 4730 4750 4732
f 4732 4750 4721
f 4732 4721 4737
f 4737 4721 4720
f 3396 3395 4747
f 4747 3395 4718
f 4747 4718 4748
f 4748 4718 4751
f 4748 4751 4749
f 4749 4751 4752
f 4749 4752 4750
f 4750 4752 4753
f 4750 4753 4721
f 4721 4753 4754
f 4721 4754 4739
f 4739 4754 4755
f 3393 3392 4718
f 4718 3392 4746
f 4718 4746 4751
f 4751 4746 4741
f 4751 4741 4752
f 4752 4741 4742
f 4752 4742 4753
f 4753 4742 4743
f 4753 4743 4754
f 4754 4743 4744
f 4754 4744 4755
f 4755 4744 4745
f 3334 3333 3390
f 3424 3336 3404
f 3404 3336 3334
f 3404 3334 3386
f 3386 3334 3390
f 3386 3390 3389
f 3424 3425 3336
f 3336 3425 3426
f 3336 3426 3337
f 3337 3426 4756
f 3337 4756 4757
f 4757 4758 3337
f 3337 4758 4759
f 3337 4759 3341
f 4183 4182 4702
f 4698 4760 4699
f 4699 4760 4761
f 4699 4761 4700
f 4700 4761 4762
f 4700 4762 4701
f 4701 4762 4738
f 4701 4738 4702
f 4702 4738 4737
f 4183 4702 4740
f 4739 4702 4719
f 4719 4702 4737
f 4719 4737 4720
f 4739 4755 4702
f 4702 4755 4745
f 4702 4745 4740
f 3226 3231 3260
f 2612 2611 4763
f 4763 2611 2616
f 4763 2616 4764
f 2609 2605 4765
f 2606 2607 3260
f 3260 2607 2608
f 3260 2608 2609
f 4765 2605 4763
f 4763 2605 2610
f 4763 2610 2612
f 2609 4765 3260
f 3260 4765 3227
f 3260 3227 3226
f 4766 2629 4767
f 4767 2629 2630
f 4767 2630 2631
f 4768 2623 4766
f 4766 2623 2625
f 4766 2625 2629
f 2616 2617 4764
f 4764 2617 2619
f 4764 2619 4768
f 4768 2619 2621
f 4768 2621 2623
f 2008 2011 4769
f 4769 2011 2010
f 4769 2010 4770
f 4770 2010 2018
f 4770 2018 2017
f 2003 2004 4769
f 4769 2004 2006
f 4769 2006 2008
f 2226 2225 4771
f 4772 4773 276
f 4774 4775 4776
f 3133 3135 4777
f 3245 3133 3247
f 3247 3133 4777
f 3247 4777 3249
f 3249 4777 4778
f 3249 4778 3252
f 3252 4778 4779
f 3252 4779 3257
f 3257 4779 4780
f 3257 4780 3255
f 3255 4780 4781
f 3255 4781 4782
f 4782 4781 4783
f 4784 4785 4786
f 4786 4787 4784
f 4784 4787 4788
f 4784 4788 4781
f 4781 4788 4789
f 4781 4789 4783
f 4790 4791 4784
f 4784 4791 4792
f 4784 4792 4785
f 4790 240 271
f 4793 4794 270
f 270 4794 271
f 271 4794 4795
f 271 4795 4790
f 4790 4795 4796
f 4790 4796 4791
f 237 4797 270
f 270 4797 4798
f 270 4798 4793
f 4799 4797 4800
f 4800 4797 237
f 4800 237 4801
f 4801 237 238
f 4801 238 4790
f 4790 238 239
f 4790 239 240
f 4802 4803 4804
f 4804 4803 4805
f 4804 4805 4800
f 4800 4805 4806
f 4800 4806 4799
f 4802 4804 4807
f 4807 4804 4808
f 4807 4808 4809
f 4775 4810 4776
f 4776 4810 4811
f 4776 4811 4808
f 4808 4811 4812
f 4808 4812 4809
f 4813 4814 4815
f 4815 4814 4816
f 4815 4816 4817
f 4813 4818 4814
f 4814 4818 4819
f 4814 4819 4776
f 4776 4819 4820
f 4776 4820 4774
f 4816 266 279
f 4817 4816 4821
f 4821 4816 279
f 4821 279 4822
f 4822 279 4823
f 4823 279 278
f 4823 278 4824
f 4824 278 4773
f 4773 278 277
f 4773 277 276
f 2226 4771 273
f 4772 276 4771
f 4771 276 274
f 4771 274 273
f 2557 2556 4825
f 2572 2569 4826
f 4826 4827 2558
f 2558 4827 4828
f 2558 4828 2591
f 2591 4828 4829
f 2591 4829 2592
f 2571 2572 4830
f 4830 2572 4826
f 4830 4826 4825
f 4825 4826 2558
f 4825 2558 2557
f 2889 227 2888
f 2888 227 228
f 2888 228 2877
f 228 34 2877
f 2877 34 36
f 2877 36 2878
f 2878 36 38
f 2878 38 2879
f 2879 38 40
f 2879 40 2880
f 2880 40 27
f 2880 27 2881
f 2881 27 26
f 2881 26 2882
f 2882 26 31
f 2882 31 2883
f 2883 31 21
f 2883 21 2884
f 2884 21 23
f 2884 23 3470
f 3470 23 3
f 2841 4831 2843
f 2840 4832 4833
f 4832 2840 2848
f 3374 3362 4834
f 3415 3414 2834
f 3438 110 3419
f 3419 110 3420
f 3420 110 108
f 3420 108 3414
f 3414 108 107
f 3414 107 106
f 106 105 3414
f 3414 105 103
f 3414 103 2834
f 2834 103 2835
f 3448 3446 3418
f 3405 3449 3406
f 3406 3449 3448
f 3406 3448 3407
f 3407 3448 3418
f 3446 3444 3418
f 3418 3444 3442
f 3418 3442 3419
f 3419 3442 3440
f 3419 3440 3438
f 2833 4835 2834
f 2834 4835 4836
f 4837 3409 3417
f 3340 3341 4759
f 4758 4838 4759
f 4759 4838 3329
f 4759 3329 3340
f 3426 3411 4756
f 4756 3411 4838
f 4756 4838 4757
f 4757 4838 4758
f 3324 3332 4838
f 4838 3332 3331
f 4838 3331 3329
f 3376 3375 4839
f 4839 3375 3372
f 4839 3372 4834
f 4834 3372 3371
f 4834 3371 3374
f 3384 3385 4840
f 4840 3385 3382
f 4840 3382 4841
f 4841 3382 3380
f 4841 3380 4839
f 4839 3380 3378
f 4839 3378 3376
f 4842 4843 4844
f 4845 4846 4847
f 4848 4849 4845
f 4845 4849 4850
f 4845 4850 4846
f 2853 2854 4851
f 4851 2854 2855
f 4851 2855 4852
f 4852 2855 2856
f 4852 2856 4853
f 4853 2856 2857
f 4853 2857 2858
f 4854 2846 4848
f 4848 2846 2845
f 4848 2845 4849
f 4849 2845 2852
f 4849 2852 4850
f 4850 2852 2853
f 4850 2853 4855
f 4855 2853 4851
f 2833 2832 4835
f 4835 2832 2839
f 4835 2839 4856
f 2837 2843 4857
f 4857 2843 4831
f 4857 4831 4833
f 4833 4831 2841
f 4833 2841 2840
f 4858 4837 4859
f 4859 4837 3417
f 4859 3417 3416
f 3324 4838 4860
f 4860 4838 4861
f 4860 4861 4862
f 4862 4861 4863
f 4862 4863 4864
f 4864 4863 4865
f 4864 4865 4866
f 4867 4868 4869
f 4869 4868 4854
f 4869 4854 4870
f 4870 4854 4848
f 4870 4848 4871
f 4871 4848 4845
f 4871 4845 4842
f 4842 4845 4847
f 4842 4847 4843
f 4856 2839 4872
f 4872 2839 2837
f 4872 2837 4856
f 4856 2837 4857
f 4856 4857 4867
f 4867 4857 4833
f 4867 4833 4868
f 4868 4833 4832
f 4868 4832 4854
f 4854 4832 2848
f 4854 2848 2846
f 4873 4874 4875
f 4875 4874 4876
f 4875 4876 4877
f 4877 4876 4878
f 4877 4878 4879
f 4879 4878 4880
f 4879 4880 4881
f 4881 4880 4882
f 4881 4882 4883
f 3192 3384 4884
f 4884 3384 4840
f 4884 4840 4885
f 4885 4840 4841
f 4885 4841 4886
f 4886 4841 4839
f 4886 4839 4887
f 4887 4839 4834
f 4887 4834 4888
f 4888 4834 3362
f 4888 3362 4866
f 4866 3362 3360
f 4866 3360 4864
f 4864 3360 3358
f 4864 3358 4862
f 4862 3358 3351
f 4862 3351 4860
f 4860 3351 3326
f 4860 3326 3324
f 3411 3409 4838
f 4838 3409 4837
f 4838 4837 4861
f 4861 4837 4858
f 4861 4858 4863
f 4863 4858 4889
f 4863 4889 4865
f 4865 4889 4873
f 4865 4873 4866
f 4866 4873 4875
f 4866 4875 4888
f 4888 4875 4877
f 4888 4877 4887
f 4887 4877 4879
f 4887 4879 4886
f 4886 4879 4881
f 4886 4881 4885
f 4885 4881 4883
f 4885 4883 4884
f 3415 2834 3416
f 3416 2834 4836
f 3416 4836 4859
f 4859 4836 4835
f 4859 4835 4858
f 4858 4835 4856
f 4858 4856 4889
f 4889 4856 4867
f 4889 4867 4873
f 4873 4867 4869
f 4873 4869 4874
f 4874 4869 4870
f 4874 4870 4876
f 4876 4870 4871
f 4876 4871 4878
f 4878 4871 4842
f 4878 4842 4880
f 4880 4842 4844
f 4880 4844 4882
f 4827 2595 4828
f 4828 2595 2594
f 4828 2594 4829
f 4829 2594 2592
f 801 4890 802
f 802 4890 4891
f 802 4891 803
f 2911 4890 2906
f 2906 4890 801
f 2906 801 2904
f 2904 801 2975
f 2904 2975 2885
f 2885 2975 230
f 2885 230 2886
f 2886 230 229
f 2886 229 2887
f 2887 229 227
f 2887 227 2889
f 2950 2945 3201
f 3201 2945 2992
f 3201 2992 3202
f 3202 2992 2990
f 3202 2990 3203
f 2930 2929 4892
f 4892 2929 2959
f 4892 2959 4893
f 4893 2959 2957
f 4893 2957 4894
f 4894 2957 2955
f 4894 2955 4895
f 4895 2955 2953
f 4895 2953 4896
f 4896 2953 2951
f 4896 2951 4890
f 4890 2951 2950
f 4890 2950 4891
f 4891 2950 3201
f 4891 3201 803
f 2911 2910 4890
f 4890 2910 2914
f 4890 2914 4896
f 4896 2914 2913
f 4896 2913 4895
f 4895 2913 2912
f 4895 2912 4894
f 4894 2912 2920
f 4894 2920 4893
f 4893 2920 2918
f 4893 2918 4892
f 4892 2918 2916
f 4892 2916 2930
f 3451 3449 3405
f 4714 4713 4897
f 4898 2677 2673
f 2720 2718 4761
f 4703 4704 2707
f 2707 4704 4705
f 2707 4705 4706
f 4761 4760 2720
f 2720 4760 4698
f 2720 4698 2715
f 2715 4698 4697
f 2715 4697 2706
f 2706 4697 4703
f 2706 4703 2708
f 2708 4703 2707
f 2686 2688 4707
f 4707 2688 2689
f 4707 2689 4706
f 4706 2689 2691
f 4706 2691 2707
f 4707 4708 2686
f 2686 4708 4709
f 2686 4709 2685
f 2685 4709 4710
f 2685 4710 2673
f 2677 4898 2679
f 2679 4898 4897
f 2679 4897 2681
f 2681 4897 2654
f 2654 4897 4899
f 2654 4899 2655
f 2658 4900 2659
f 2659 4900 2662
f 2658 2655 4900
f 4900 2655 4899
f 4900 4899 4901
f 4901 4899 4696
f 4901 4696 3210
f 4897 4713 4899
f 4899 4713 4715
f 4899 4715 4696
f 2673 4710 4898
f 4898 4710 4711
f 4898 4711 4897
f 4897 4711 4712
f 4897 4712 4714
f 4725 4723 2722
f 2722 4723 4722
f 2722 4722 2731
f 2731 4722 4729
f 2731 4729 2730
f 2730 4729 4731
f 2730 4731 2728
f 2728 4731 4735
f 2728 4735 2727
f 2727 4735 4734
f 2727 4734 2726
f 2726 4734 4733
f 2726 4733 2725
f 2725 4733 4736
f 2725 4736 2717
f 2717 4736 4738
f 2717 4738 2718
f 2718 4738 4762
f 2718 4762 4761
f 4725 2722 4727
f 4727 2722 2721
f 4727 2721 3458
f 3451 3405 3453
f 3458 3457 4727
f 4727 3457 3455
f 4727 3455 4728
f 4728 3455 3453
f 4728 3453 4717
f 4717 3453 3405
f 2595 4827 2561
f 2561 4827 4826
f 2561 4826 2563
f 2569 2567 4826
f 4826 2567 2565
f 4826 2565 2563
f 4825 2556 2555
f 2596 2571 4830
f 2555 2537 4825
f 4825 2537 2598
f 4825 2598 4830
f 4830 2598 2597
f 4830 2597 2596
f 4902 2603 2599
f 4902 2599 4903
f 4903 2599 2601
f 4903 2601 2602
f 2602 2107 4904
f 4904 2107 2106
f 2602 4904 4903
f 4903 4904 4905
f 4903 4905 4906
f 4906 4905 4907
f 4906 4907 4908
f 4908 4907 4909
f 4908 4909 4910
f 4910 4909 3621
f 4910 3621 3622
f 3240 3239 3588
f 3241 3240 4911
f 3240 3588 4911
f 4911 3588 3587
f 4911 3587 4912
f 4912 3587 3586
f 4912 3586 4913
f 3580 4914 3581
f 3581 4914 4913
f 3581 4913 3583
f 3583 4913 3586
f 2106 3241 4904
f 4904 3241 4911
f 4904 4911 4905
f 4905 4911 4912
f 4905 4912 4907
f 4907 4912 4913
f 4907 4913 4909
f 4909 4913 4914
f 3580 3585 4914
f 4914 3585 3615
f 4914 3615 4909
f 4909 3615 3619
f 4909 3619 3621
f 3256 3255 4782
f 4795 4794 3875
f 2122 3793 3781
f 3793 2122 3791
f 3791 2122 2120
f 3791 2120 3792
f 4915 4823 3860
f 3860 4823 4824
f 2225 2122 4771
f 4771 2122 3781
f 4771 3781 4772
f 4772 3781 3780
f 4772 3780 4773
f 4773 3780 3858
f 4773 3858 4824
f 4824 3858 3859
f 4824 3859 3860
f 4916 3871 4799
f 4916 4799 4917
f 4917 4799 4806
f 4917 4806 4918
f 4918 4806 4805
f 4918 4805 4919
f 4919 4805 4803
f 4919 4803 4920
f 4920 4803 4802
f 4920 4802 4921
f 4921 4802 4807
f 4921 4807 4922
f 4922 4807 4809
f 4922 4809 4812
f 4811 4810 4923
f 4810 4775 4923
f 4923 4775 4774
f 4923 4774 4924
f 4774 4820 4924
f 4924 4820 4819
f 4924 4819 4925
f 4925 4819 4818
f 4925 4818 4926
f 4818 4813 4926
f 4926 4813 4815
f 4926 4815 4927
f 4927 4815 4817
f 4927 4817 4928
f 4928 4817 4821
f 4928 4821 4915
f 4915 4821 4822
f 4915 4822 4823
f 3875 4794 3877
f 3877 4794 4793
f 3877 4793 3873
f 3873 4793 3870
f 3870 4793 4798
f 3870 4798 3871
f 3871 4798 4797
f 3871 4797 4799
f 4786 4785 3881
f 3881 4785 4792
f 3881 4792 3874
f 3874 4792 4791
f 3874 4791 3875
f 3875 4791 4796
f 3875 4796 4795
f 3886 3885 4782
f 4782 4783 3886
f 3886 4783 4789
f 3886 4789 3887
f 3881 3879 4786
f 4786 3879 3878
f 4786 3878 4787
f 4787 3878 3887
f 4787 3887 4788
f 4788 3887 4789
f 3883 3882 3483
f 3483 3882 3993
f 3483 3993 3484
f 3483 3487 3883
f 3883 3487 3486
f 3883 3486 3885
f 3885 3486 3488
f 3885 3488 4782
f 4782 3488 3490
f 4782 3490 3256
f 4929 4923 4930
f 4930 4923 4931
f 4812 4811 4922
f 4922 4811 4923
f 4922 4923 4932
f 4932 4923 4929
f 3792 2120 3783
f 3783 2120 2119
f 3783 2119 3784
f 3784 2119 1911
f 3784 1911 3786
f 2003 3789 1913
f 1913 3789 3788
f 1913 3788 1911
f 1911 3788 3787
f 1911 3787 3786
f 2017 2016 4770
f 4770 2016 3789
f 4770 3789 4769
f 4769 3789 2003
f 2016 2600 3789
f 3789 2600 2603
f 3789 2603 4902
f 4902 4903 3789
f 3789 4903 4906
f 3789 4906 3804
f 3804 4906 4908
f 3804 4908 3617
f 3617 4908 4910
f 3617 4910 3618
f 3618 4910 3622
f 140 144 4933
f 262 266 4816
f 3137 4777 3135
f 3186 3192 4884
f 4801 4852 4853
f 4853 2858 4801
f 4801 2858 2814
f 4801 2814 4800
f 4852 4801 4851
f 4851 4801 4790
f 4851 4790 4855
f 4784 4847 4846
f 4784 4846 4790
f 4790 4846 4850
f 4790 4850 4855
f 4780 4882 4781
f 4781 4882 4844
f 4781 4844 4784
f 4784 4844 4843
f 4784 4843 4847
f 3187 3186 4779
f 4779 3186 4884
f 4779 4884 4780
f 4780 4884 4883
f 4780 4883 4882
f 4777 3137 4778
f 3137 3139 4778
f 4778 3139 3143
f 4778 3143 3172
f 3172 3143 3141
f 3172 3141 3140
f 3140 3149 3172
f 3172 3149 3148
f 3172 3148 3147
f 3172 3190 4778
f 4778 3190 3189
f 4778 3189 4779
f 4779 3189 3188
f 4779 3188 3187
f 4814 267 4816
f 4816 267 260
f 4816 260 262
f 2815 2816 4934
f 4934 2816 2818
f 4934 2818 4935
f 4935 2818 2817
f 4935 2817 4936
f 2614 267 4937
f 4937 267 4814
f 4937 4814 4938
f 4938 4814 4776
f 4938 4776 4939
f 4939 4776 4808
f 4939 4808 4940
f 4940 4808 4804
f 4940 4804 4934
f 4934 4804 4800
f 4934 4800 2815
f 2815 4800 2814
f 2820 4941 2821
f 2821 4941 4936
f 2821 4936 2813
f 2813 4936 2817
f 2819 2255 2256
f 2820 2819 4941
f 4941 2819 2256
f 4941 2256 4942
f 4942 2256 4943
f 141 140 2496
f 2496 140 4933
f 2496 4933 2497
f 2497 4933 4943
f 2497 4943 2498
f 2498 4943 2256
f 2660 2661 4768
f 2661 2662 4900
f 3229 3227 4765
f 2628 2627 2667
f 4767 2631 2628
f 3166 4763 3211
f 3211 4763 3206
f 3166 3214 4763
f 4763 3214 3213
f 4763 3213 4765
f 4765 3213 3220
f 4765 3220 3229
f 3161 3212 3165
f 3165 3212 3221
f 3165 3221 3166
f 3166 3221 3216
f 3166 3216 3214
f 4901 3210 4764
f 4764 3210 3209
f 4764 3209 4763
f 4763 3209 3207
f 4763 3207 3206
f 4768 2661 4764
f 4764 2661 4900
f 4764 4900 4901
f 4766 2664 4768
f 4768 2664 2663
f 4768 2663 2660
f 2628 2667 4767
f 4767 2667 2666
f 4767 2666 4766
f 4766 2666 2665
f 4766 2665 2664
f 4934 155 4940
f 4940 155 161
f 4940 161 163
f 2614 4937 268
f 268 4937 4938
f 268 4938 163
f 163 4938 4939
f 163 4939 4940
f 155 4934 156
f 156 4934 4935
f 156 4935 151
f 151 4935 4936
f 151 4936 150
f 150 4936 4941
f 150 4941 148
f 148 4941 4942
f 148 4942 146
f 146 4942 4943
f 146 4943 143
f 143 4943 4933
f 143 4933 144
f 831 830 4139
f 831 4139 834
f 3011 3314 3012
f 3012 3314 4139
f 3012 4139 3013
f 3013 4139 830
f 834 4139 4944
f 4944 4139 4138
f 4944 4138 4557
f 4557 4558 3315
f 836 834 3315
f 3315 834 4944
f 3315 4944 4557
f 2675 3369 2668
f 2668 3369 3364
f 2668 3364 2669
f 53 51 3370
f 3370 51 50
f 3364 3370 2669
f 2669 3370 50
f 2669 50 2891
f 2891 50 2971
f 2891 2971 3062
f 3062 2971 3017
f 3062 3017 2457
f 2457 3017 3021
f 2457 3021 2243
f 2243 3021 3032
f 2243 3032 2241
f 2241 3032 3047
f 2241 3047 2235
f 2235 3047 3046
f 2235 3046 2227
f 2227 3046 3058
f 3191 3193 49
f 53 3370 55
f 55 3370 3373
f 55 3373 80
f 80 3373 3377
f 80 3377 82
f 82 3377 3379
f 82 3379 84
f 84 3379 3381
f 84 3381 49
f 49 3381 3383
f 49 3383 3191
f 49 3193 46
f 46 3193 3319
f 46 3319 47
f 47 3319 3318
f 3318 3317 4945
f 4945 4946 3318
f 3318 4946 4947
f 3318 4947 47
f 47 4947 4948
f 47 4948 841
f 3317 3320 4945
f 4945 3320 3322
f 4945 3322 4949
f 4949 3322 4950
f 3316 3315 4558
f 3322 3321 4950
f 4950 3321 3316
f 4950 3316 4560
f 4560 3316 4558
f 844 841 4948
f 844 4948 4951
f 4134 4135 4951
f 4948 4947 4951
f 4951 4947 4946
f 4951 4946 4945
f 4134 4951 4133
f 4133 4951 4945
f 4133 4945 4132
f 4135 4136 4951
f 4951 4136 4137
f 4951 4137 4126
f 4950 4560 4559
f 4945 4949 4132
f 4132 4949 4950
f 4132 4950 4131
f 4131 4950 4559
f 4131 4559 4130
f 845 844 4951
f 845 4951 4553
f 4553 4951 4126
f 4553 4126 4128
f 4550 850 4551
f 4551 850 851
f 4551 851 4552
f 4552 851 845
f 4552 845 4553
f 4140 848 850
f 4141 4140 4142
f 4142 4140 850
f 4142 850 4556
f 4556 850 4550
f 4556 4550 4555
f 4555 4550 4554
f 935 4952 936
f 4490 4496 4953
f 4488 4487 4954
f 4954 4487 4492
f 4954 4492 4955
f 4955 4492 4491
f 4955 4491 4956
f 4956 4491 4490
f 4956 4490 4957
f 4957 4490 4953
f 4957 4953 4958
f 4959 930 4260
f 4954 4960 4488
f 4488 4960 4961
f 4488 4961 4489
f 4489 4961 4959
f 4489 4959 4486
f 4486 4959 4260
f 4486 4260 4261
f 4962 932 931
f 932 4962 933
f 933 4962 4963
f 933 4963 934
f 934 4963 4964
f 934 4964 935
f 936 4952 937
f 941 940 4965
f 4965 940 939
f 4965 939 4966
f 4966 939 937
f 4966 937 4967
f 4967 937 4952
f 935 4964 4952
f 4952 4964 4968
f 4952 4968 4967
f 4967 4968 4969
f 4967 4969 4966
f 4966 4969 4970
f 4966 4970 4965
f 4965 4970 4971
f 4965 4971 941
f 930 4959 931
f 931 4959 4961
f 931 4961 4962
f 4962 4961 4960
f 4962 4960 4963
f 4963 4960 4954
f 4963 4954 4964
f 4964 4954 4955
f 4964 4955 4968
f 4968 4955 4956
f 4968 4956 4969
f 4969 4956 4957
f 4969 4957 4970
f 4970 4957 4958
f 4970 4958 4971
f 4972 4973 4953
f 4953 4973 4958
f 943 941 4974
f 4974 941 4971
f 4974 4971 4975
f 4975 4971 4958
f 4975 4958 4976
f 4976 4958 4973
f 4972 4953 4977
f 4977 4953 4496
f 4977 4496 4978
f 4978 4496 4495
f 4978 4495 4494
f 4979 3846 3844
f 4980 4981 4982
f 4983 4984 4985
f 1022 1020 4986
f 1003 4987 1005
f 1333 1335 4988
f 998 997 4989
f 4990 4991 4992
f 4976 4973 4993
f 4494 4994 4978
f 4500 4499 4995
f 4503 4504 4996
f 4922 4932 4997
f 4915 3860 4998
f 4915 4998 4928
f 4928 4998 4999
f 4928 4999 4927
f 4927 4999 5000
f 4927 5000 4926
f 4926 5000 5001
f 4926 5001 4925
f 4931 4923 5002
f 3871 4916 5003
f 5003 4916 4917
f 5003 4917 5004
f 5004 4917 4918
f 5004 4918 5005
f 5005 4918 4919
f 5005 4919 5006
f 5006 4919 4920
f 5006 4920 4997
f 4997 4920 4921
f 4997 4921 4922
f 892 896 5007
f 5007 896 5008
f 4996 4504 5009
f 5009 4504 4505
f 5009 4505 5007
f 5007 4505 5010
f 5007 5010 892
f 4503 4996 4519
f 4519 4996 5011
f 4519 5011 4518
f 5012 4517 5013
f 5013 4517 4518
f 5013 4518 5014
f 5015 4521 5012
f 5012 4521 4520
f 5012 4520 4517
f 4408 4421 4522
f 4522 4421 4523
f 4483 4477 4501
f 5016 4482 5017
f 5017 4482 4481
f 5017 4481 5018
f 5018 4481 4480
f 5019 4479 5016
f 5016 4479 4478
f 5016 4478 4482
f 4499 4498 4995
f 4995 4498 4497
f 4995 4497 5020
f 5020 4497 4484
f 5021 3934 4494
f 4494 3934 3933
f 4494 3933 4994
f 4994 3933 3932
f 4994 3932 3931
f 4972 4977 5022
f 5022 4977 4978
f 5023 4974 4993
f 4993 4974 4975
f 4993 4975 4976
f 983 985 5024
f 5024 985 945
f 5024 945 943
f 990 996 4992
f 4992 996 995
f 4992 995 4990
f 4990 995 993
f 4990 993 992
f 4989 997 4992
f 4992 997 988
f 4992 988 990
f 5025 5026 1000
f 1000 5026 5027
f 1000 5027 1339
f 4988 1335 5027
f 5027 1335 1337
f 5027 1337 1339
f 1002 5028 1003
f 1003 5028 5029
f 1003 5029 4987
f 4987 5029 5030
f 5030 1009 4987
f 4987 1009 1007
f 4987 1007 1005
f 1028 1018 5031
f 5031 1018 1016
f 5031 1016 5032
f 1014 1012 5030
f 5030 1012 1011
f 5030 1011 1009
f 1035 1034 5033
f 5033 1034 1024
f 1037 5034 1039
f 1039 5034 5035
f 1039 5035 1040
f 896 898 5008
f 5008 898 1042
f 5008 1042 5035
f 5035 1042 1031
f 5035 1031 1040
f 3971 5036 3970
f 3970 5036 5037
f 3970 5037 3969
f 3901 3903 4983
f 4983 3903 3872
f 4983 3872 4984
f 3971 3901 5036
f 5036 3901 4983
f 5036 4983 5038
f 5038 4983 4985
f 5038 4985 5039
f 3968 3969 5040
f 5040 3969 5037
f 5040 5037 5041
f 5041 5037 5036
f 5041 5036 5042
f 5042 5036 5038
f 5042 5038 5043
f 5043 5038 5039
f 5043 5039 5044
f 4991 5045 4992
f 4992 5045 5025
f 4992 5025 4989
f 4989 5025 1000
f 4989 1000 998
f 5046 4988 5047
f 5047 4988 5027
f 5047 5027 5048
f 5048 5027 5026
f 5048 5026 5049
f 5049 5026 5025
f 5050 5028 5051
f 5051 5028 1002
f 5051 1002 1409
f 5050 5052 5028
f 5028 5052 5053
f 5028 5053 5029
f 5029 5053 5054
f 5029 5054 5030
f 5030 5054 5032
f 5030 5032 1014
f 1014 5032 1016
f 4923 4924 5002
f 5002 4924 5055
f 5002 5055 5056
f 5056 5055 5057
f 5056 5057 5058
f 5058 5057 5059
f 5058 5059 5060
f 5060 5059 5061
f 5060 5061 5062
f 5062 5061 4979
f 5062 4979 5063
f 5063 4979 3844
f 5063 3844 3842
f 5064 5065 5066
f 5066 5065 3797
f 5066 3797 3799
f 5067 5064 5068
f 5068 5064 5066
f 5068 5066 5069
f 5069 5066 3799
f 3860 3797 4998
f 4998 3797 5065
f 4998 5065 4999
f 4999 5065 5064
f 4999 5064 5000
f 5000 5064 5067
f 5000 5067 5001
f 3799 3801 5069
f 5069 3801 3803
f 5069 3803 3847
f 4924 4925 5055
f 5055 4925 5001
f 5055 5001 5057
f 5057 5001 5067
f 5057 5067 5059
f 5059 5067 5068
f 5059 5068 5061
f 5061 5068 5069
f 5061 5069 4979
f 4979 5069 3847
f 4979 3847 3846
f 5014 4428 5013
f 5013 4428 4409
f 5013 4409 5012
f 5012 4409 4408
f 5012 4408 5015
f 5015 4408 4522
f 5015 4522 4521
f 4422 4424 5070
f 5070 4424 4426
f 5070 4426 5014
f 5014 4426 4427
f 5014 4427 4428
f 4518 5011 5014
f 5014 5011 4996
f 5014 4996 5070
f 5070 4996 5009
f 5070 5009 4422
f 3772 4422 3773
f 3773 4422 5009
f 3773 5009 3848
f 3848 5009 5007
f 5052 5071 5053
f 5053 5071 5072
f 5053 5072 5054
f 5054 5072 5073
f 5054 5073 5032
f 5032 5073 5074
f 5032 5074 5031
f 5031 5074 5075
f 5031 5075 1028
f 1028 5075 4986
f 1028 4986 1019
f 1019 4986 1020
f 1024 1022 5033
f 5033 1022 4986
f 5033 4986 5076
f 5076 4986 5075
f 5076 5075 5077
f 5077 5075 5074
f 5077 5074 5078
f 5078 5074 5073
f 5078 5073 5079
f 5079 5073 5072
f 5079 5072 5080
f 5080 5072 5071
f 5080 5071 5081
f 5081 5071 5052
f 5081 5052 5082
f 5082 5052 5050
f 5082 5050 5046
f 5046 5050 5051
f 5046 5051 4988
f 4988 5051 1409
f 4988 1409 1333
f 3840 3838 5034
f 5034 3838 3837
f 5034 3837 5035
f 5035 3837 3851
f 5035 3851 5008
f 5008 3851 3850
f 5008 3850 5007
f 5007 3850 3849
f 5007 3849 3848
f 3917 3918 5083
f 3918 3919 5083
f 5083 3919 3915
f 5083 3915 5021
f 5021 3915 3914
f 5021 3914 3934
f 5019 4454 5084
f 5084 4454 4435
f 5084 4435 5083
f 5083 4435 3916
f 5083 3916 3917
f 4494 4493 5021
f 5021 4493 4500
f 5021 4500 5083
f 5083 4500 4995
f 5083 4995 5084
f 5084 4995 5020
f 5084 5020 5019
f 5019 5020 4484
f 5019 4484 4479
f 4421 4420 4523
f 4523 4420 4419
f 4523 4419 4501
f 4501 4419 4459
f 4501 4459 4483
f 4483 4459 4473
f 4483 4473 4480
f 4480 4473 4472
f 4480 4472 5018
f 5018 4472 4471
f 5018 4471 5017
f 5017 4471 4470
f 5017 4470 5016
f 5016 4470 4458
f 5016 4458 5019
f 5019 4458 4456
f 5019 4456 4454
f 4978 4994 5022
f 5022 4994 3931
f 5022 3931 5085
f 5085 3931 3965
f 5085 3965 5086
f 3965 3966 5086
f 5086 3966 3967
f 5086 3967 5087
f 5087 3967 3968
f 5087 3968 5088
f 5088 3968 5040
f 5088 5040 5089
f 5089 5040 5041
f 5089 5041 5090
f 5090 5041 5042
f 5090 5042 5091
f 5091 5042 5043
f 5091 5043 5092
f 5092 5043 5044
f 5092 5044 5093
f 4981 4980 5094
f 5094 4980 5095
f 5094 5095 5096
f 5096 5095 5097
f 5096 5097 5098
f 5098 5097 5099
f 5098 5099 5100
f 5100 5099 5101
f 5100 5101 5102
f 5102 5101 5103
f 5102 5103 5104
f 5104 5103 5024
f 5104 5024 5023
f 5023 5024 943
f 5023 943 4974
f 4972 5022 4973
f 4973 5022 5085
f 4973 5085 4993
f 4993 5085 5086
f 4993 5086 5023
f 5023 5086 5087
f 5023 5087 5104
f 5104 5087 5088
f 5104 5088 5102
f 5102 5088 5089
f 5102 5089 5100
f 5100 5089 5090
f 5100 5090 5098
f 5098 5090 5091
f 5098 5091 5096
f 5096 5091 5092
f 5096 5092 5094
f 5094 5092 5093
f 5094 5093 4981
f 983 5024 992
f 992 5024 5103
f 992 5103 4990
f 4990 5103 5101
f 4990 5101 4991
f 4991 5101 5099
f 4991 5099 5045
f 5045 5099 5097
f 5045 5097 5025
f 5025 5097 5095
f 5025 5095 5049
f 5049 5095 4980
f 5049 4980 5048
f 5048 4980 4982
f 5048 4982 5047
f 5047 4982 5105
f 5047 5105 5046
f 5046 5105 5106
f 5046 5106 5082
f 5082 5106 5107
f 5082 5107 5081
f 5081 5107 5108
f 5081 5108 5080
f 5080 5108 5109
f 5080 5109 5079
f 5079 5109 5110
f 5079 5110 5078
f 5078 5110 5111
f 5078 5111 5077
f 5077 5111 5112
f 5077 5112 5076
f 5076 5112 5113
f 5076 5113 5033
f 5033 5113 5114
f 5033 5114 1035
f 1037 1035 5034
f 5034 1035 5114
f 5034 5114 3840
f 3840 5114 5113
f 3840 5113 3842
f 3842 5113 5112
f 3842 5112 5063
f 5063 5112 5111
f 5063 5111 5062
f 5062 5111 5110
f 5062 5110 5060
f 5060 5110 5109
f 5060 5109 5058
f 5058 5109 5108
f 5058 5108 5056
f 5056 5108 5107
f 5056 5107 5002
f 5002 5107 5106
f 5002 5106 4931
f 4931 5106 5105
f 4931 5105 4930
f 4930 5105 4982
f 4930 4982 4929
f 4929 4982 4981
f 4929 4981 4932
f 4932 4981 5093
f 4932 5093 4997
f 4997 5093 5044
f 4997 5044 5006
f 5006 5044 5039
f 5006 5039 5005
f 5005 5039 4985
f 5005 4985 5004
f 5004 4985 4984
f 5004 4984 5003
f 5003 4984 3872
f 5003 3872 3871
f 1587 1589 4651
f 4674 1497 1496
f 1496 1509 1581
f 1496 1581 4674
f 4674 1581 1521
f 4674 1521 4682
f 1587 4651 1585
f 1521 1520 4682
f 4682 1520 1583
f 4682 1583 4683
f 4683 1583 1582
f 4683 1582 4685
f 4685 1582 1609
f 4685 1609 4686
f 4686 1609 1585
f 4686 1585 4650
f 4650 1585 4651
f 4507 4513 893
f 893 4513 4656
f 893 4656 894
f 893 892 4507
f 4507 892 5010
f 4507 5010 4506
f 4506 5010 4505

