# https://github.com/mikedh/trimesh

o right_finger1_link1.STL
v 0.00394537 -0.00298954 0.01131096
v 0.00354735 -0.00273448 0.01203954
v 0.00370136 -0.00357577 0.01190350
v 0.00384690 -0.00214369 0.01148165
v 0.00430045 -0.00239419 0.01078772
v 0.00445446 -0.00323548 0.01065168
v 0.00415491 -0.00382627 0.01120957
v -0.00098498 -0.00755000 -0.00113129
v -0.00108348 -0.00770000 -0.00124441
v -0.00088572 -0.00754940 -0.00121057
v -0.00097298 -0.00770000 -0.00133259
v -0.00112438 -0.00770001 0.00120758
v -0.00122363 -0.00770000 0.00110691
v -0.00102328 -0.00754954 0.00109684
v -0.00111239 -0.00755000 0.00100628
v 0.00072704 -0.00478832 0.01910260
v 0.00078012 -0.00470592 0.01929073
v 0.00070344 -0.00490195 0.01915426
v 0.00075446 -0.00483235 0.01934852
v 0.00201053 -0.00414509 0.01724487
v 0.00194282 -0.00406975 0.01734348
v 0.00184453 -0.00427762 0.01724346
v 0.00178404 -0.00420998 0.01733237
v 0.00450149 -0.00416990 0.01271847
v 0.00458283 -0.00429404 0.01285043
v 0.00450896 -0.00418275 0.01270189
v 0.00458893 -0.00430496 0.01283644
v 0.00419540 -0.00289060 0.01329388
v 0.00424289 -0.00287912 0.01350031
v 0.00419771 -0.00292915 0.01329508
v 0.00424557 -0.00292219 0.01350169
v 0.00422443 -0.00267884 0.01246200
v 0.00437844 -0.00352014 0.01232595
v 0.00452398 -0.00208806 0.01190411
v 0.00497753 -0.00233856 0.01121018
v 0.00513154 -0.00317985 0.01107414
v 0.00483199 -0.00377064 0.01163202
v 0.00202814 0.00216745 0.01370463
v 0.00163012 0.00242251 0.01443321
v 0.00178413 0.00158122 0.01429717
v 0.00192966 0.00301330 0.01387533
v 0.00238322 0.00276280 0.01318140
v 0.00253722 0.00192151 0.01304535
v 0.00223768 0.00133072 0.01360324
v -0.00611833 -0.00679327 0.00410992
v -0.00611378 -0.00695519 0.00394738
v -0.00606293 -0.00682083 0.00413654
v -0.00606550 -0.00697889 0.00397115
v -0.00262270 -0.00770001 0.00176558
v -0.00272958 -0.00750000 0.00193462
v -0.00271631 -0.00770000 0.00171211
v -0.00280584 -0.00749958 0.00189097
v -0.00145060 -0.00770000 -0.00078630
v -0.00137602 -0.00755001 0.00059713
v -0.00153373 -0.00770000 0.00060843
v -0.00127309 -0.00755000 -0.00079324
v -0.00131872 -0.00755001 -0.00071482
v -0.00164708 -0.00770001 -0.00009817
v -0.00149734 -0.00755001 -0.00008924
v -0.00139430 -0.00755001 0.00055312
v -0.00140304 -0.00755000 0.00588279
v -0.00143602 -0.00770000 0.00573646
v -0.00136525 -0.00754991 0.00587477
v -0.00139378 -0.00770001 0.00572750
v -0.00229683 -0.00750000 0.00303409
v -0.00210340 -0.00770000 0.00308493
v -0.00270360 -0.00750000 0.00458153
v -0.00251017 -0.00770000 0.00463238
v 0.00059855 -0.00734482 0.00137609
v 0.00042722 -0.00738264 0.00143806
v 0.00042691 -0.00560001 0.00143797
v -0.00006872 -0.00747183 0.00149900
v -0.00028997 -0.00750101 0.00147160
v -0.00029025 -0.00560001 0.00147165
v 0.00063400 -0.00560000 -0.00135943
v 0.00063734 -0.00737333 -0.00135784
v 0.00094826 -0.00729496 -0.00116220
v 0.00098026 -0.00728611 -0.00113538
v 0.00103792 -0.00726948 -0.00108300
v 0.00119314 -0.00560000 -0.00090908
v 0.00029878 -0.00744130 -0.00147061
v -0.00007038 -0.00560000 -0.00149835
v -0.00005630 -0.00749431 -0.00149935
v -0.00041728 -0.00752965 -0.00144071
v -0.00075863 -0.00560001 -0.00129401
v -0.00074815 -0.00754655 -0.00130001
v -0.00127309 -0.00560000 -0.00079324
v -0.00075859 -0.00754686 -0.00129395
v -0.00094091 -0.00560000 0.00116820
v -0.00137602 -0.00560000 0.00059713
v -0.00042177 -0.00751524 0.00143912
v -0.00073393 -0.00753958 0.00130842
v -0.00094095 -0.00754796 0.00116833
v 0.00025707 -0.00741670 0.00147770
v 0.00142594 -0.00560001 0.00046552
v 0.00142751 -0.00712018 0.00046251
v 0.00127310 -0.00560000 0.00079324
v 0.00127309 -0.00716493 0.00079321
v 0.00104627 -0.00560000 0.00107486
v 0.00115713 -0.00719859 0.00095514
v 0.00104658 -0.00722991 0.00107561
v 0.00090727 -0.00726787 0.00119516
v 0.00121271 -0.00721521 -0.00088255
v 0.00138359 -0.00715558 -0.00057942
v 0.00147894 -0.00560000 -0.00025047
v 0.00148083 -0.00711610 -0.00023720
v 0.00149544 -0.00710371 0.00011738
v -0.00149591 -0.00560001 -0.00011074
v -0.00002069 -0.00741624 0.00624695
v 0.00009507 -0.00754613 0.00615119
v -0.00000449 -0.00741292 0.00626186
v 0.00010878 -0.00754315 0.00616366
v -0.00028746 -0.00765049 0.00162451
v 0.00079397 -0.00749129 -0.00144520
v 0.00036237 -0.00758353 -0.00160999
v -0.00009230 -0.00765053 -0.00164748
v -0.00055449 -0.00768906 -0.00155389
v 0.00115974 -0.00738858 -0.00116921
v 0.00143109 -0.00729501 -0.00080843
v 0.00159921 -0.00722557 -0.00036745
v 0.00163699 -0.00720076 0.00009800
v 0.00154484 -0.00722542 0.00055535
v 0.00132459 -0.00729524 0.00097427
v 0.00101346 -0.00738847 0.00129908
v 0.00061880 -0.00749088 0.00152916
v 0.00016660 -0.00758395 0.00164150
v -0.00073572 -0.00768915 0.00147688
v 0.00367029 -0.00584461 0.00076055
v 0.00337897 -0.00602882 0.00162637
v 0.00329289 -0.00625346 0.00151653
v 0.00270248 -0.00662153 -0.00260064
v 0.00281826 -0.00670714 -0.00225868
v 0.00252618 -0.00687522 -0.00257413
v 0.00347574 -0.00613734 0.00104404
v 0.00356087 -0.00608615 0.00070868
v 0.00374868 -0.00581768 0.00001470
v 0.00363198 -0.00606089 0.00005285
v 0.00374602 -0.00582766 -0.00014647
v 0.00362903 -0.00607296 -0.00014861
v 0.00371569 -0.00586827 -0.00049806
v 0.00360279 -0.00610750 -0.00044708
v 0.00360534 -0.00597643 -0.00102095
v 0.00348091 -0.00622447 -0.00100477
v 0.00327033 -0.00624883 -0.00182916
v 0.00332627 -0.00635306 -0.00142153
v 0.00306950 -0.00654313 -0.00190811
v -0.00080112 -0.00769988 -0.00350973
v -0.00083450 -0.00755000 -0.00365597
v 0.00011379 -0.00763970 -0.00359828
v 0.00013821 -0.00748641 -0.00374749
v 0.00021970 -0.00762537 -0.00359325
v 0.00034767 -0.00745543 -0.00373368
v 0.00100991 -0.00746735 -0.00345585
v 0.00107725 -0.00729712 -0.00359228
v 0.00121182 -0.00741198 -0.00339075
v 0.00142471 -0.00719277 -0.00346917
v 0.00178892 -0.00721573 -0.00312490
v 0.00194658 -0.00699657 -0.00320324
v 0.00210641 -0.00708216 -0.00292120
v 0.00213941 -0.00691164 -0.00307732
v 0.00237360 -0.00679903 -0.00290115
v 0.00311638 -0.00635948 -0.00208459
v -0.00087897 -0.00755001 -0.00364553
v -0.00084382 -0.00770000 -0.00349971
v -0.00244479 -0.00755000 -0.00284350
v -0.00234699 -0.00770001 -0.00272976
v -0.00255876 -0.00754922 -0.00274139
v -0.00245747 -0.00770000 -0.00263075
v 0.00103145 -0.00904258 0.01594539
v 0.00157478 -0.00856171 0.01536019
v 0.00169480 -0.00848552 0.01558319
v -0.00037754 -0.00733894 0.02072992
v -0.00015572 -0.00741924 0.02060251
v -0.00017608 -0.00723264 0.02071531
v -0.00004549 -0.00821439 0.01990600
v -0.00023303 -0.00847071 0.01972632
v 0.00002591 -0.00856376 0.01944625
v -0.00017195 -0.00875957 0.01930786
v 0.00009272 -0.00879359 0.01905057
v -0.00044267 -0.00660467 0.02105063
v -0.00024633 -0.00648037 0.02102821
v -0.00045565 -0.00644343 0.02109566
v -0.00025477 -0.00637735 0.02105527
v -0.00051751 -0.00554133 0.02119587
v -0.00031504 -0.00546243 0.02114537
v -0.00052137 -0.00547139 0.02119342
v -0.00010692 -0.00781384 0.02030597
v -0.00034792 -0.00762755 0.02054400
v -0.00008943 -0.00793830 0.02019350
v -0.00028743 -0.00812484 0.02011954
v -0.00026297 -0.00829158 0.01994182
v 0.00138922 -0.00877224 0.01589077
v 0.00119144 -0.00892987 0.01613167
v 0.00064108 -0.00928145 0.01655236
v 0.00085090 -0.00914057 0.01665721
v 0.00057224 -0.00931034 0.01668459
v 0.00075924 -0.00917957 0.01683202
v 0.00042412 -0.00935262 0.01700440
v 0.00063308 -0.00921512 0.01710440
v 0.00023308 -0.00934867 0.01751476
v 0.00043012 -0.00920677 0.01764973
v -0.00000131 -0.00917498 0.01838331
v 0.00030204 -0.00913555 0.01808952
v 0.00017378 -0.00897571 0.01863346
v -0.00006734 -0.00906229 0.01870102
v 0.00160042 -0.00853552 0.01533782
v 0.00171870 -0.00846093 0.01556197
v 0.00431464 -0.00547910 0.01251682
v 0.00441709 -0.00537143 0.01270992
v 0.00430396 -0.00549271 0.01252986
v 0.00440639 -0.00538492 0.01272323
v 0.00070481 -0.00528802 0.01946736
v 0.00065194 -0.00576523 0.01924859
v 0.00064779 -0.00552338 0.01927097
v 0.00066695 -0.00516245 0.01923511
v 0.00070373 -0.00576107 0.01945844
v 0.00074340 -0.00620097 0.01932588
v 0.00068127 -0.00610967 0.01914749
v 0.00108580 -0.00709248 0.01834812
v 0.00085896 -0.00676990 0.01862013
v 0.00093671 -0.00689807 0.01873868
v 0.00082493 -0.00669691 0.01871396
v 0.00082203 -0.00659310 0.01907679
v 0.00073959 -0.00643000 0.01896414
v 0.00069828 -0.00622463 0.01909279
v 0.00127820 -0.00716753 0.01791812
v 0.00111740 -0.00702296 0.01799777
v 0.00097736 -0.00693739 0.01831621
v 0.00145349 -0.00693817 0.01737948
v 0.00127980 -0.00702294 0.01767629
v 0.00118052 -0.00703336 0.01786737
v 0.00149851 -0.00710725 0.01751008
v 0.00173448 -0.00691857 0.01715372
v 0.00163599 -0.00676791 0.01711357
v 0.00196743 -0.00661013 0.01687193
v 0.00181239 -0.00651858 0.01689875
v 0.00215738 -0.00623117 0.01669426
v 0.00196115 -0.00621792 0.01675231
v 0.00207460 -0.00587197 0.01667301
v 0.00229295 -0.00579058 0.01661289
v 0.00210263 -0.00574703 0.01666212
v 0.00213813 -0.00550463 0.01666494
v 0.00235131 -0.00531939 0.01663354
v 0.00214564 -0.00514779 0.01672255
v 0.00232154 -0.00487545 0.01674887
v 0.00209712 -0.00481958 0.01683962
v 0.00220345 -0.00446741 0.01695756
v 0.00199432 -0.00451993 0.01701587
v 0.00094876 -0.00425076 0.01896052
v 0.00088035 -0.00437454 0.01880241
v 0.00093652 -0.00428414 0.01870047
v 0.00126254 -0.00391305 0.01841315
v 0.00116560 -0.00406753 0.01830480
v 0.00127529 -0.00402422 0.01812329
v 0.00163843 -0.00387340 0.01780547
v 0.00150732 -0.00403149 0.01775237
v 0.00165769 -0.00410422 0.01752095
v 0.00308240 -0.00697501 0.01424269
v 0.00087966 -0.00853520 0.01752294
v -0.00031715 -0.00541868 0.02114322
v 0.00464009 -0.00483374 0.01255364
v 0.00465328 -0.00454108 0.01264505
v 0.00455293 -0.00513448 0.01257518
v 0.00445303 -0.00400606 0.01314337
v 0.00431832 -0.00349233 0.01341781
v 0.00339952 0.00116756 0.01322826
v 0.00363208 0.00111005 0.01321921
v 0.00340396 0.00118753 0.01320889
v 0.00363573 0.00112549 0.01320420
v 0.00502275 -0.00076999 0.01168862
v 0.00506980 -0.00073125 0.01189159
v 0.00501569 -0.00086234 0.01171210
v 0.00506432 -0.00080627 0.01191082
v 0.00459227 -0.00445417 0.01246775
v 0.00458475 -0.00479815 0.01234480
v 0.00458009 -0.00482809 0.01234019
v 0.00448532 -0.00516825 0.01235479
v 0.00438213 -0.00390397 0.01297989
v 0.00423210 -0.00326279 0.01326642
v 0.00426101 -0.00343930 0.01322132
v 0.00425537 -0.00237833 0.01341436
v 0.00474047 -0.00139598 0.01222347
v 0.00484071 -0.00123985 0.01232631
v 0.00452280 -0.00156746 0.01259491
v 0.00460197 -0.00142792 0.01273370
v 0.00431835 -0.00193655 0.01297119
v 0.00437774 -0.00183273 0.01314639
v 0.00420678 -0.00243401 0.01321552
v 0.00419337 -0.00261318 0.01326061
v 0.00463901 -0.00424781 0.01200416
v 0.00439762 -0.00409291 0.01237065
v 0.00398292 -0.00248335 0.01282333
v 0.00396939 -0.00294124 0.01290532
v 0.00404132 -0.00339771 0.01285014
v 0.00419004 -0.00379768 0.01266445
v 0.00488510 -0.00424368 0.01160920
v 0.00510622 -0.00408102 0.01123339
v 0.00527568 -0.00377945 0.01092208
v 0.00537305 -0.00337535 0.01071281
v 0.00516593 -0.00206102 0.01087168
v 0.00531465 -0.00246099 0.01068599
v 0.00538658 -0.00291745 0.01063081
v 0.00408029 -0.00207925 0.01261405
v 0.00424975 -0.00177768 0.01230274
v 0.00495835 -0.00176578 0.01116549
v 0.00471696 -0.00161088 0.01153197
v 0.00447087 -0.00161502 0.01192694
v 0.00230720 0.00247814 0.01485567
v 0.00246120 0.00163685 0.01471963
v 0.00260674 0.00306894 0.01429778
v 0.00306029 0.00281843 0.01360385
v 0.00321430 0.00197714 0.01346781
v 0.00291476 0.00138635 0.01402570
v -0.00093838 0.00331256 0.00117026
v -0.00082879 0.00330002 0.00125024
v -0.00094091 0.00330002 0.00116820
v -0.00117001 0.00332915 0.00093865
v -0.00116309 0.00332944 0.00094721
v -0.00116409 0.00331516 0.00094798
v -0.00100565 0.00332124 0.00111290
v -0.00100618 0.00331516 0.00111315
v -0.00097786 0.00331758 0.00113745
v -0.00100561 0.00330002 0.00111299
v -0.00116308 0.00330002 0.00094723
v -0.00136471 0.00330003 0.00062254
v -0.00648803 -0.00655925 0.00257888
v -0.00641396 -0.00676204 0.00270946
v -0.00651389 -0.00654603 0.00261470
v -0.00643434 -0.00675171 0.00273869
v -0.00303662 -0.00752951 -0.00220032
v -0.00291890 -0.00768770 -0.00210753
v -0.00304012 -0.00752927 -0.00219549
v -0.00292242 -0.00768751 -0.00210266
v -0.00292838 -0.00770000 0.00527009
v -0.00305002 -0.00749885 0.00511131
v -0.00275897 -0.00770001 0.00510746
v -0.00291094 -0.00750000 0.00497743
v -0.00244245 -0.00750000 0.00220968
v -0.00227814 -0.00770001 0.00209565
v -0.00227421 -0.00750000 0.00263711
v -0.00207626 -0.00770001 0.00260857
v -0.00482483 -0.00743737 0.00402149
v -0.00463545 -0.00728651 0.00406380
v -0.00482757 -0.00743680 0.00403215
v -0.00463788 -0.00728606 0.00407305
v -0.00442007 -0.00751503 0.00247431
v -0.00422910 -0.00735594 0.00251808
v -0.00442205 -0.00751469 0.00248186
v -0.00423111 -0.00735563 0.00252562
v 0.00034763 -0.00435823 0.00803961
v 0.00051672 -0.00446502 0.00803517
v 0.00034640 -0.00436063 0.00804218
v 0.00051537 -0.00446724 0.00803745
v -0.00542258 -0.00715000 0.00556591
v -0.00551904 -0.00715000 0.00602119
v -0.00810101 -0.00715001 0.00547417
v -0.00576538 -0.00715001 0.00641601
v -0.00694918 -0.00715000 0.00419321
v -0.00648407 -0.00715000 0.00420914
v -0.00739168 -0.00715001 0.00433732
v -0.00775821 -0.00715000 0.00462407
v -0.00800456 -0.00715000 0.00501890
v -0.00548766 -0.00715001 0.00510511
v -0.00570641 -0.00715001 0.00469435
v -0.00605247 -0.00715000 0.00438318
v -0.00613191 -0.00715000 0.00670277
v -0.00657442 -0.00715001 0.00684688
v -0.00703952 -0.00715000 0.00683095
v -0.00803594 -0.00715000 0.00593498
v -0.00781718 -0.00715000 0.00634574
v -0.00747113 -0.00715000 0.00665690
v -0.00548461 -0.00712397 0.00639828
v -0.00538762 -0.00731201 0.00651099
v -0.00550051 -0.00711888 0.00642097
v -0.00539988 -0.00730825 0.00652867
v -0.00325582 -0.00769337 0.00545326
v -0.00362458 -0.00766915 0.00552631
v -0.00361357 -0.00746822 0.00532562
v -0.00320599 -0.00749464 0.00521260
v -0.00331574 -0.00748979 0.00526219
v -0.00459575 -0.00751061 0.00508787
v -0.00442740 -0.00734374 0.00498107
v -0.00432646 -0.00756976 0.00533127
v -0.00419397 -0.00738966 0.00517941
v -0.00398596 -0.00762714 0.00548489
v -0.00390866 -0.00743442 0.00529847
v -0.00368110 -0.00746163 0.00532732
v -0.00486199 -0.00743339 0.00439856
v -0.00466839 -0.00728339 0.00439155
v -0.00478166 -0.00746062 0.00476725
v -0.00459414 -0.00730473 0.00471015
v -0.00451042 -0.00732508 0.00486957
v -0.00581243 -0.00694165 0.00429517
v -0.00558672 -0.00719269 0.00429775
v -0.00564989 -0.00701474 0.00444030
v -0.00523752 -0.00732753 0.00478138
v -0.00537095 -0.00713139 0.00483644
v -0.00554869 -0.00705823 0.00455507
v -0.00526719 -0.00717335 0.00510935
v -0.00527245 -0.00717118 0.00509055
v -0.00535377 -0.00713831 0.00487243
v -0.00526660 -0.00717360 0.00511151
v -0.00507872 -0.00738750 0.00533645
v -0.00521411 -0.00719749 0.00544587
v -0.00511425 -0.00738714 0.00590705
v -0.00523309 -0.00719816 0.00577452
v -0.00532936 -0.00732956 0.00642387
v -0.00531960 -0.00717593 0.00608532
v -0.00655180 -0.00652741 0.00267141
v -0.00656253 -0.00669010 0.00306703
v -0.00668777 -0.00646451 0.00303373
v -0.00657195 -0.00669070 0.00324166
v -0.00669995 -0.00646539 0.00326436
v -0.00654252 -0.00671356 0.00341679
v -0.00665789 -0.00649609 0.00349202
v -0.00638412 -0.00681119 0.00372546
v -0.00644776 -0.00662091 0.00386807
v -0.00411268 -0.00737459 0.00225104
v -0.00417106 -0.00756140 0.00199771
v -0.00405674 -0.00738363 0.00217060
v -0.00400914 -0.00739118 0.00211317
v -0.00375310 -0.00762802 0.00168454
v -0.00372877 -0.00743174 0.00189462
v -0.00385744 -0.00741407 0.00197499
v -0.00322284 -0.00748277 0.00178066
v -0.00325384 -0.00748056 0.00177991
v -0.00323107 -0.00768185 0.00158026
v -0.00333681 -0.00747403 0.00178265
v -0.00363588 -0.00744343 0.00185158
v -0.00308238 -0.00749109 0.00179658
v -0.00164120 -0.00770001 -0.00320413
v -0.00279955 -0.00770001 0.00757670
v -0.00292318 -0.00770000 0.00778733
v -0.00276203 -0.00770000 0.00736880
v -0.00308641 -0.00770001 0.00792144
v -0.00267836 -0.00770001 0.00686748
v -0.00238173 -0.00770001 0.00632298
v -0.00190956 -0.00770000 0.00592108
v -0.00309670 -0.00755000 0.00809410
v -0.00315581 -0.00769970 0.00795624
v -0.00301128 -0.00755001 0.00805127
v -0.00025014 -0.00761100 0.00590175
v -0.00033806 -0.00747176 0.00602446
v -0.00081353 -0.00767763 0.00571327
v -0.00103005 -0.00754068 0.00584521
v -0.00084655 -0.00752905 0.00586004
v -0.00261205 -0.00755000 0.00737110
v -0.00253576 -0.00755001 0.00691401
v -0.00226530 -0.00755000 0.00641756
v -0.00183480 -0.00755001 0.00605112
v -0.00166898 -0.00755001 0.00596855
v -0.00326945 -0.00415001 0.00545820
v -0.00368301 -0.00415000 0.00552722
v -0.00396724 -0.00415000 0.00522867
v -0.00425015 -0.00415000 0.00537813
v -0.00466504 -0.00415000 0.00499913
v -0.00319268 -0.00335000 0.00843104
v -0.00231777 -0.00335000 0.00577124
v -0.00566249 -0.00335000 0.00761862
v -0.00478758 -0.00335000 0.00495882
v -0.00229683 -0.00545001 0.00303409
v -0.00237710 -0.00545000 0.00333945
v -0.00237710 -0.00435000 0.00333945
v -0.00270360 -0.00435000 0.00458153
v 0.00156853 -0.00545000 0.00051207
v 0.00162684 -0.00545000 -0.00027551
v 0.00131245 -0.00545001 -0.00099998
v 0.00069740 -0.00545000 -0.00149537
v -0.00007741 -0.00545000 -0.00164818
v -0.00083450 -0.00545001 -0.00142341
v -0.00140040 -0.00545000 -0.00087256
v -0.00164550 -0.00545000 -0.00012181
v -0.00151362 -0.00545000 0.00065684
v -0.00103500 -0.00545000 0.00128502
v -0.00031927 -0.00545000 0.00161882
v 0.00046960 -0.00545000 0.00158177
v 0.00115089 -0.00545000 0.00118235
v 0.00140040 -0.00545000 0.00087257
v 0.00094898 -0.00731703 0.00618787
v 0.00113728 -0.00725674 0.00595623
v 0.00125272 -0.00706057 0.00604324
v 0.00030814 -0.00734090 0.00644216
v 0.00037759 -0.00748012 0.00630612
v 0.00065992 -0.00724569 0.00646815
v 0.00067382 -0.00740033 0.00631377
v 0.00068898 -0.00723723 0.00646330
v 0.00100227 -0.00714107 0.00633098
v 0.00336105 -0.00604053 0.00166359
v 0.00327606 -0.00626419 0.00155157
v 0.00126228 -0.00705747 0.00602404
v 0.00114668 -0.00725377 0.00593682
v 0.00225103 -0.00682502 0.00365940
v 0.00306184 -0.00648996 -0.00037070
v -0.00170958 -0.00755000 -0.00333764
v 0.00185686 0.00127606 0.01506020
v 0.00191264 0.00124834 0.01528105
v 0.00190305 0.00122963 0.01504445
v 0.00195293 0.00120798 0.01526669
v -0.00052369 -0.00542582 0.02119112
v -0.00038574 -0.00372924 0.02074661
v -0.00018473 -0.00378996 0.02071650
v -0.00035430 -0.00359651 0.02067726
v -0.00015359 -0.00366125 0.02064964
v 0.00297041 -0.00706824 0.01403384
v 0.00047248 -0.00662589 0.01605989
v -0.00084256 -0.00635078 0.01813130
v -0.00055656 -0.00688262 0.01774297
v -0.00097782 -0.00565694 0.01825672
v -0.00093138 -0.00496004 0.01809051
v -0.00071385 -0.00441975 0.01767073
v 0.00000731 -0.00423982 0.01649121
v 0.00034574 -0.00464142 0.01600168
v 0.00056267 -0.00527260 0.01573712
v 0.00060859 -0.00563030 0.01571063
v 0.00060841 -0.00598878 0.01575813
v 0.00018601 -0.00703797 0.01657329
v -0.00018536 -0.00713063 0.01718069
v -0.00037509 -0.00415982 0.01709356
v 0.00256322 -0.00262816 0.01578056
v 0.00279111 -0.00279198 0.01581564
v 0.00327482 -0.00190290 0.01454457
v 0.00350271 -0.00206673 0.01457964
v 0.00203683 -0.00256614 0.01699480
v 0.00193465 -0.00243996 0.01676320
v 0.00199390 -0.00248625 0.01705308
v 0.00189927 -0.00237493 0.01681054
v 0.00331651 0.00094847 0.01348706
v 0.00361284 0.00103579 0.01329314
v 0.00320093 0.00080421 0.01373325
v 0.00343740 0.00072049 0.01372480
v 0.00303172 0.00070804 0.01401817
v 0.00315581 0.00056470 0.01419728
v 0.00282432 0.00068550 0.01430599
v 0.00279780 0.00059743 0.01465314
v 0.00237788 0.00084869 0.01476570
v 0.00238019 0.00082566 0.01503705
v 0.00260713 0.00073591 0.01455444
v 0.00266405 0.00071670 0.01449411
v 0.00214313 0.00101536 0.01492990
v 0.00229064 0.00090523 0.01483266
v 0.00255534 -0.00291965 0.01621032
v 0.00226210 -0.00283185 0.01666874
v -0.00030386 -0.00457868 0.02101129
v 0.00493922 -0.00115911 0.01215778
v 0.00502445 -0.00099386 0.01199942
v 0.00375327 -0.00152361 0.01410654
v 0.00370006 -0.00172329 0.01421811
v 0.00352434 0.00139799 0.01291037
v 0.00373010 0.00128144 0.01297613
v 0.00373956 0.00144209 0.01259958
v 0.00389116 0.00131700 0.01274193
v 0.00399039 0.00131816 0.01235045
v 0.00408622 0.00122841 0.01254286
v 0.00421473 0.00106714 0.01220341
v 0.00427190 0.00103223 0.01241301
v 0.00423632 0.00103413 0.01219339
v 0.00429005 0.00100516 0.01240399
v 0.00492066 -0.00021532 0.01173840
v 0.00498213 -0.00027095 0.01193582
v 0.00492478 -0.00022466 0.01173453
v 0.00498632 -0.00028044 0.01193179
v 0.00505210 -0.00049566 0.01187854
v 0.00500004 -0.00046893 0.01167431
v 0.00501972 -0.00061193 0.01166976
v 0.00500659 -0.00092868 0.01173542
v 0.00496662 -0.00109322 0.01182115
v 0.00489307 -0.00125233 0.01195998
v 0.00486172 -0.00129661 0.01201605
v 0.00302812 -0.00559754 0.01173381
v 0.00312668 -0.00534150 0.01154212
v 0.00315214 -0.00494548 0.01144917
v 0.00306808 -0.00455547 0.01153254
v 0.00293229 -0.00431230 0.01171815
v 0.00273064 -0.00398637 0.01199841
v 0.00254726 -0.00340107 0.01221525
v 0.00250067 -0.00275226 0.01220447
v 0.00282520 -0.00171239 0.01154741
v 0.00304777 -0.00153507 0.01116733
v 0.00259910 -0.00215425 0.01196797
v 0.00411324 -0.00165594 0.01230739
v 0.00435912 -0.00147506 0.01188949
v 0.00417194 -0.00154612 0.01209397
v 0.00431072 -0.00146921 0.01186142
v 0.00454331 -0.00145347 0.01148656
v 0.00463278 -0.00147046 0.01145028
v 0.00458620 -0.00146459 0.01141929
v 0.00490122 -0.00164271 0.01104274
v 0.00485641 -0.00163797 0.01100904
v 0.00536236 -0.00343258 0.01053935
v 0.00533578 -0.00292715 0.01041053
v 0.00537742 -0.00292339 0.01044817
v 0.00525526 -0.00241619 0.01047229
v 0.00529743 -0.00241580 0.01050952
v 0.00520051 -0.00223331 0.01053595
v 0.00513204 -0.00197102 0.01071601
v 0.00508878 -0.00196846 0.01068016
v 0.00491452 -0.00170147 0.01092428
v 0.00525409 -0.00388196 0.01077207
v 0.00528933 -0.00362405 0.01057675
v 0.00532062 -0.00343973 0.01050232
v 0.00473304 -0.00442427 0.01157370
v 0.00477442 -0.00441174 0.01150574
v 0.00481976 -0.00439819 0.01153615
v 0.00502193 -0.00422966 0.01108506
v 0.00506564 -0.00421731 0.01111825
v 0.00507181 -0.00416435 0.01099652
v 0.00521163 -0.00389208 0.01073658
v 0.00449894 -0.00441637 0.01194786
v 0.00454610 -0.00440278 0.01197536
v 0.00435065 -0.00434427 0.01217604
v 0.00427766 -0.00423054 0.01238290
v 0.00422872 -0.00424298 0.01235811
v 0.00404683 -0.00390223 0.01270962
v 0.00399636 -0.00391249 0.01268700
v 0.00388145 -0.00345745 0.01291612
v 0.00382988 -0.00346476 0.01289486
v 0.00406321 -0.00165129 0.01228209
v 0.00387351 -0.00198887 0.01263057
v 0.00392479 -0.00199129 0.01265357
v 0.00376451 -0.00244122 0.01286484
v 0.00381651 -0.00244066 0.01288629
v 0.00374954 -0.00259531 0.01290912
v 0.00380146 -0.00294985 0.01297747
v 0.00374936 -0.00295379 0.01295662
v 0.00379528 -0.00331150 0.01293013
v 0.00393173 -0.00294242 0.01294710
v 0.00394583 -0.00246560 0.01286171
v 0.00404722 -0.00204480 0.01264379
v 0.00422369 -0.00173077 0.01231962
v 0.00445394 -0.00156139 0.01192828
v 0.00471020 -0.00155708 0.01151699
v 0.00496157 -0.00171838 0.01113536
v 0.00517773 -0.00202582 0.01082941
v 0.00533260 -0.00244232 0.01063605
v 0.00540750 -0.00291764 0.01057859
v 0.00539340 -0.00339447 0.01066398
v 0.00529201 -0.00381527 0.01088190
v 0.00511554 -0.00412930 0.01120608
v 0.00488529 -0.00429868 0.01159741
v 0.00462903 -0.00430299 0.01200869
v 0.00437766 -0.00414169 0.01239033
v 0.00416151 -0.00383425 0.01269628
v 0.00400664 -0.00341775 0.01288964
v 0.00539207 -0.00341626 0.01059896
v 0.00528648 -0.00385448 0.01082591
v 0.00510271 -0.00418151 0.01116351
v 0.00486293 -0.00435791 0.01157104
v 0.00459606 -0.00436239 0.01199935
v 0.00433428 -0.00419442 0.01239678
v 0.00410918 -0.00387425 0.01271539
v 0.00394790 -0.00344051 0.01291676
v 0.00386990 -0.00294551 0.01297659
v 0.00388458 -0.00244895 0.01288768
v 0.00399017 -0.00201073 0.01266073
v 0.00417394 -0.00168370 0.01232314
v 0.00441372 -0.00150731 0.01191560
v 0.00468059 -0.00150283 0.01148729
v 0.00494236 -0.00167080 0.01108986
v 0.00516747 -0.00199096 0.01077125
v 0.00532874 -0.00242470 0.01056988
v 0.00540675 -0.00291971 0.01051005
v 0.00248038 0.00106408 0.01476432
v 0.00272177 0.00090918 0.01439783
v 0.00206569 0.00267364 0.01521700
v 0.00205215 0.00221574 0.01529899
v 0.00212408 0.00175928 0.01524382
v 0.00227280 0.00135931 0.01505813
v 0.00296787 0.00091331 0.01400287
v 0.00318898 0.00107597 0.01362707
v 0.00335844 0.00137754 0.01331575
v 0.00345581 0.00178164 0.01310648
v 0.00324869 0.00309597 0.01326535
v 0.00339742 0.00269600 0.01307966
v 0.00346935 0.00223954 0.01302449
v 0.00216306 0.00307774 0.01500772
v 0.00233252 0.00337931 0.01469641
v 0.00304112 0.00339121 0.01355916
v 0.00279973 0.00354610 0.01392565
v 0.00255363 0.00354197 0.01432061
v -0.00094091 0.00510000 0.00116820
v -0.00137602 0.00510000 0.00059713
v -0.00137602 0.00310000 0.00059713
v -0.00094091 0.00309999 0.00116820
v -0.00029025 0.00310000 0.00147165
v -0.00029025 0.00510000 0.00147165
v -0.00149591 0.00510000 -0.00011074
v -0.00149591 0.00310000 -0.00011074
v -0.00127309 0.00510000 -0.00079324
v -0.00127309 0.00310000 -0.00079324
v -0.00075863 0.00510000 -0.00129401
v -0.00075863 0.00310000 -0.00129401
v -0.00007038 0.00510000 -0.00149835
v -0.00007038 0.00310000 -0.00149835
v 0.00063400 0.00510000 -0.00135943
v 0.00063400 0.00309999 -0.00135942
v 0.00119314 0.00510000 -0.00090908
v 0.00119314 0.00310000 -0.00090908
v 0.00147894 0.00510000 -0.00025047
v 0.00147894 0.00309999 -0.00025047
v 0.00142594 0.00509999 0.00046552
v 0.00142594 0.00310000 0.00046552
v 0.00127310 0.00510000 0.00079324
v 0.00127310 0.00309999 0.00079324
v 0.00104627 0.00510000 0.00107486
v 0.00104627 0.00310000 0.00107486
v 0.00042691 0.00509999 0.00143797
v 0.00042691 0.00309999 0.00143797
v -0.00567653 -0.00693229 0.00145518
v -0.00558824 -0.00712662 0.00157477
v -0.00394162 -0.00742048 -0.00094717
v -0.00383154 -0.00759204 -0.00084628
v -0.00482407 -0.00722042 0.00027478
v -0.00472379 -0.00740418 0.00038452
v -0.00534159 -0.00721601 0.00123539
v -0.00284184 -0.00435000 0.00488669
v -0.00463789 -0.00435000 0.00407305
v -0.00466758 -0.00435000 0.00440674
v -0.00451090 -0.00435001 0.00486963
v -0.00415359 -0.00435000 0.00520299
v -0.00368096 -0.00435000 0.00532723
v -0.00320590 -0.00435001 0.00521268
v -0.00325376 -0.00545000 0.00177991
v -0.00226713 -0.00545000 0.00270039
v -0.00242381 -0.00545000 0.00223751
v -0.00278113 -0.00545000 0.00190415
v -0.00372882 -0.00545001 0.00189447
v -0.00409287 -0.00545000 0.00222046
v -0.00423111 -0.00545000 0.00252562
v 0.00033441 -0.00438363 0.00806709
v 0.00050402 -0.00448690 0.00805820
v 0.00103128 -0.00400740 0.00788466
v 0.00107703 -0.00376064 0.00777884
v 0.00104013 -0.00400667 0.00789019
v 0.00108594 -0.00375992 0.00778427
v 0.00066136 -0.00425553 0.00788711
v 0.00046458 -0.00413200 0.00785808
v 0.00069143 -0.00421533 0.00786998
v 0.00049943 -0.00407716 0.00782581
v 0.00054477 -0.00442097 0.00799384
v 0.00037074 -0.00431048 0.00799162
v -0.00319268 -0.00415001 0.00843104
v -0.00566249 -0.00415001 0.00761862
v -0.00561562 -0.00415000 0.00747613
v -0.00478758 -0.00415001 0.00495882
v -0.00533586 -0.00699000 0.00598556
v -0.00537065 -0.00699000 0.00608102
v -0.00537982 -0.00704538 0.00607732
v -0.00548870 -0.00699001 0.00631328
v -0.00565376 -0.00704538 0.00651638
v -0.00526268 -0.00699001 0.00557139
v -0.00527256 -0.00704538 0.00557105
v -0.00528286 -0.00699001 0.00526957
v -0.00534493 -0.00704538 0.00505863
v -0.00533552 -0.00699001 0.00505556
v -0.00558819 -0.00704538 0.00460185
v -0.00558040 -0.00699001 0.00459576
v -0.00597301 -0.00704538 0.00425583
v -0.00596777 -0.00699000 0.00424744
v -0.00752043 -0.00699000 0.00422603
v -0.00746689 -0.00699000 0.00419609
v -0.00746224 -0.00704538 0.00420482
v -0.00697155 -0.00699000 0.00403478
v -0.00697017 -0.00704538 0.00404457
v -0.00683217 -0.00699000 0.00402169
v -0.00645296 -0.00704538 0.00406229
v -0.00645091 -0.00699000 0.00405261
v -0.00612780 -0.00699000 0.00416062
v -0.00787719 -0.00699000 0.00451709
v -0.00786983 -0.00704538 0.00452371
v -0.00803489 -0.00699000 0.00472680
v -0.00814378 -0.00704538 0.00496276
v -0.00815295 -0.00699000 0.00495906
v -0.00825770 -0.00699000 0.00540930
v -0.00825103 -0.00704538 0.00546904
v -0.00826092 -0.00699000 0.00546870
v -0.00817867 -0.00704538 0.00598146
v -0.00818807 -0.00699000 0.00598452
v -0.00655343 -0.00704538 0.00699551
v -0.00707268 -0.00699001 0.00698747
v -0.00707063 -0.00704538 0.00697780
v -0.00755582 -0.00699000 0.00679265
v -0.00755059 -0.00704538 0.00678426
v -0.00770271 -0.00699000 0.00668824
v -0.00793541 -0.00704538 0.00643823
v -0.00794320 -0.00699000 0.00644433
v -0.00813782 -0.00699001 0.00611717
v -0.00606135 -0.00704538 0.00683526
v -0.00633489 -0.00699000 0.00695801
v -0.00655204 -0.00699001 0.00700531
v -0.00564641 -0.00699000 0.00652299
v -0.00571553 -0.00699001 0.00659491
v -0.00605670 -0.00699001 0.00684399
v -0.00750044 -0.00714012 0.00670389
v -0.00705100 -0.00714011 0.00688512
v -0.00656667 -0.00714012 0.00690171
v -0.00610588 -0.00714011 0.00675165
v -0.00572421 -0.00714012 0.00645304
v -0.00546767 -0.00714012 0.00604190
v -0.00536724 -0.00714011 0.00556781
v -0.00543500 -0.00714011 0.00508796
v -0.00566280 -0.00714011 0.00466023
v -0.00602315 -0.00714011 0.00433620
v -0.00647260 -0.00714012 0.00415496
v -0.00695692 -0.00714011 0.00413837
v -0.00741771 -0.00714012 0.00428844
v -0.00779939 -0.00714011 0.00458705
v -0.00805592 -0.00714011 0.00499819
v -0.00815636 -0.00714011 0.00547228
v -0.00808859 -0.00714012 0.00595213
v -0.00786080 -0.00714012 0.00637986
v -0.00646062 -0.00710314 0.00409846
v -0.00696500 -0.00710314 0.00408118
v -0.00744486 -0.00710314 0.00423746
v -0.00784234 -0.00710314 0.00454843
v -0.00810949 -0.00710314 0.00497659
v -0.00821408 -0.00710314 0.00547030
v -0.00814351 -0.00710314 0.00597001
v -0.00790629 -0.00710314 0.00641545
v -0.00753102 -0.00710314 0.00675289
v -0.00706297 -0.00710314 0.00694163
v -0.00655860 -0.00710314 0.00695890
v -0.00607873 -0.00710314 0.00680263
v -0.00568126 -0.00710314 0.00649166
v -0.00541411 -0.00710314 0.00606350
v -0.00530951 -0.00710314 0.00556979
v -0.00538008 -0.00710314 0.00507007
v -0.00561731 -0.00710314 0.00462464
v -0.00599258 -0.00710314 0.00428720
v -0.00651390 -0.00555000 0.00261470
v -0.00611833 -0.00555001 0.00410992
v -0.00643837 -0.00555001 0.00387803
v -0.00666994 -0.00555001 0.00345591
v -0.00667740 -0.00555000 0.00297450
v -0.00550051 -0.00555000 0.00642097
v -0.00525038 -0.00555000 0.00586373
v -0.00526438 -0.00555001 0.00511974
v -0.00562350 -0.00555000 0.00446801
v -0.00508608 -0.00742239 0.00749195
v -0.00509951 -0.00726574 0.00764590
v -0.00532772 -0.00734745 0.00733127
v -0.00540368 -0.00717098 0.00746298
v -0.00547612 -0.00729363 0.00708508
v -0.00560327 -0.00709886 0.00715427
v -0.00550280 -0.00727853 0.00680028
v -0.00552851 -0.00711028 0.00646290
v -0.00564193 -0.00707776 0.00677623
v -0.00506220 -0.00727643 0.00765817
v -0.00505529 -0.00743110 0.00750291
v -0.00432761 -0.00759513 0.00774205
v -0.00524371 -0.00736771 0.00701027
v -0.00634535 -0.00682764 0.00359437
v -0.00361526 -0.00768163 0.00797625
v -0.00362580 -0.00768087 0.00797279
v -0.00338657 -0.00769421 0.00800828
v -0.00366193 -0.00752846 0.00811878
v -0.00365157 -0.00752926 0.00812211
v -0.00294788 -0.00755000 0.00801048
v -0.00281039 -0.00755000 0.00788621
v -0.00268707 -0.00755000 0.00769728
v -0.00265823 -0.00755000 0.00762697
v -0.00337517 -0.00754488 0.00815793
v -0.00332919 -0.00754643 0.00815443
v -0.00169211 -0.00715001 0.00621213
v -0.00124961 -0.00715001 0.00606802
v -0.00078451 -0.00715000 0.00608395
v -0.00043235 -0.00715001 0.00857759
v -0.00087485 -0.00715001 0.00872169
v -0.00133995 -0.00715000 0.00870576
v 0.00021191 -0.00715000 0.00697992
v 0.00027699 -0.00715001 0.00744073
v 0.00018053 -0.00715001 0.00789600
v -0.00240144 -0.00715001 0.00734899
v -0.00230499 -0.00715001 0.00689372
v -0.00205864 -0.00715000 0.00649889
v -0.00035290 -0.00715000 0.00625800
v -0.00000685 -0.00715000 0.00656917
v -0.00177156 -0.00715000 0.00853172
v -0.00211761 -0.00715000 0.00822055
v -0.00006582 -0.00715000 0.00829083
v -0.00233637 -0.00715000 0.00780979
v -0.00000449 -0.00555000 0.00626186
v -0.00039709 -0.00555001 0.00599482
v -0.00103021 -0.00555001 0.00584519
v -0.00166898 -0.00555000 0.00596855
v -0.00253214 -0.00555000 0.00690307
v -0.00261205 -0.00555000 0.00737110
v -0.00220085 -0.00555001 0.00634317
v -0.00171512 -0.00555000 0.00698806
v -0.00183104 -0.00555001 0.00736900
v -0.00179816 -0.00333375 0.00717090
v -0.00171511 -0.00333375 0.00698806
v -0.00142424 -0.00333376 0.00671611
v -0.00142424 -0.00555000 0.00671612
v -0.00123624 -0.00333375 0.00664555
v -0.00103637 -0.00555001 0.00662604
v -0.00103637 -0.00333375 0.00662604
v -0.00083827 -0.00333376 0.00665893
v -0.00065543 -0.00555000 0.00674197
v -0.00065543 -0.00333376 0.00674197
v -0.00050031 -0.00333376 0.00686951
v -0.00038349 -0.00555000 0.00703284
v -0.00038349 -0.00333375 0.00703284
v -0.00029341 -0.00333376 0.00742071
v -0.00029341 -0.00555000 0.00742071
v -0.00040934 -0.00333375 0.00780166
v -0.00040934 -0.00555000 0.00780166
v -0.00070021 -0.00333376 0.00807360
v -0.00070021 -0.00555001 0.00807360
v -0.00108809 -0.00333376 0.00816367
v -0.00108809 -0.00555000 0.00816367
v -0.00146903 -0.00333375 0.00804774
v -0.00146903 -0.00555001 0.00804774
v -0.00174097 -0.00333375 0.00775687
v -0.00174097 -0.00555001 0.00775687
v -0.00181154 -0.00333376 0.00756887
v -0.00183105 -0.00333375 0.00736900
v -0.00059951 -0.00555001 0.00665222
v -0.00103282 -0.00555001 0.00652035
v -0.00147401 -0.00555001 0.00662281
v -0.00180487 -0.00555000 0.00693213
v -0.00193673 -0.00555000 0.00736545
v -0.00183428 -0.00555001 0.00780664
v -0.00152495 -0.00555000 0.00813750
v -0.00109164 -0.00555000 0.00826936
v -0.00065045 -0.00555000 0.00816691
v -0.00031959 -0.00555001 0.00785758
v -0.00018772 -0.00555001 0.00742427
v -0.00029018 -0.00555000 0.00698308
v -0.00478270 -0.00419915 0.00462396
v -0.00471520 -0.00430479 0.00436718
v -0.00251017 -0.00415000 0.00463238
v -0.00267607 -0.00415000 0.00499857
v -0.00311293 -0.00415001 0.00538976
v -0.00467893 -0.00415000 0.00497809
v -0.00480955 -0.00415000 0.00470559
v -0.00231777 -0.00415001 0.00577124
v -0.00314581 -0.00415000 0.00828855
v -0.00186601 -0.00415000 0.00316783
v -0.00174971 -0.00415000 0.00320328
v -0.00165384 -0.00435001 0.00302776
v -0.00184766 -0.00435001 0.00296867
v -0.00209141 -0.00435000 0.00300739
v -0.00201226 -0.00415000 0.00319106
v -0.00228694 -0.00435000 0.00315798
v -0.00212958 -0.00415000 0.00328141
v -0.00218367 -0.00415000 0.00339029
v -0.00106894 -0.00432052 0.00331110
v -0.00090933 -0.00435000 0.00332801
v -0.00132711 -0.00415001 0.00340019
v -0.00124354 -0.00422368 0.00335313
v -0.00165384 -0.00545001 0.00302776
v -0.00184766 -0.00545001 0.00296867
v -0.00209141 -0.00545000 0.00300739
v -0.00228694 -0.00545000 0.00315798
v -0.00333664 -0.00545001 -0.00087710
v 0.00260434 -0.00545001 0.00226273
v 0.00318475 -0.00545001 0.00132660
v 0.00344054 -0.00545000 0.00025525
v 0.00334565 -0.00545000 -0.00084211
v 0.00175847 -0.00545000 0.00296822
v 0.00290973 -0.00545000 -0.00185364
v 0.00217722 -0.00545000 -0.00267623
v 0.00122279 -0.00545001 -0.00322603
v 0.00014373 -0.00545001 -0.00344700
v -0.00094999 -0.00545001 -0.00331662
v -0.00194687 -0.00545000 -0.00284819
v -0.00274531 -0.00545001 -0.00208943
v -0.00326393 -0.00545000 -0.00111771
v -0.00142901 -0.00545001 0.00314014
v -0.00036650 -0.00545000 0.00343048
v 0.00073336 -0.00545001 0.00337116
v 0.00126228 -0.00555000 0.00602404
v 0.00105725 -0.00555001 0.00628858
v 0.00068904 -0.00555001 0.00646334
v 0.00028252 -0.00555001 0.00643403
v 0.00235305 -0.00661347 0.00375783
v 0.00359063 -0.00350000 -0.00108163
v -0.00179993 -0.00350000 -0.00328979
v -0.00076030 -0.00350000 -0.00367212
v 0.00034568 -0.00350000 -0.00373403
v 0.00142149 -0.00350000 -0.00347014
v 0.00237328 -0.00350000 -0.00290346
v 0.00311798 -0.00350000 -0.00208344
v 0.00374997 -0.00350000 0.00001456
v 0.00358212 -0.00350000 0.00110948
v 0.00337897 -0.00350000 0.00162637
v -0.00304012 -0.00350000 -0.00219549
v -0.00268252 -0.00350000 -0.00262042
v 0.00082318 0.00129483 0.01627125
v 0.00107333 0.00126448 0.01625836
v 0.00082566 0.00132673 0.01623805
v 0.00107586 0.00128983 0.01623140
v -0.00017936 -0.00301716 0.02028325
v 0.00002141 -0.00310119 0.02027210
v -0.00017771 -0.00301274 0.02027958
v 0.00002311 -0.00309674 0.02026844
v 0.00087607 0.00150305 0.01601546
v 0.00116759 0.00148021 0.01594269
v 0.00112740 0.00165337 0.01558268
v 0.00098644 0.00161487 0.01578182
v 0.00091118 0.00155356 0.01592724
v 0.00125462 0.00152653 0.01579824
v 0.00136736 0.00153665 0.01565950
v 0.00117238 0.00165374 0.01553020
v 0.00132457 0.00162644 0.01537852
v 0.00163273 0.00145467 0.01542983
v 0.00154814 0.00152451 0.01520948
v 0.00175664 0.00137161 0.01509849
v 0.00183755 0.00071623 0.01281050
v 0.00207614 0.00107843 0.01238041
v 0.00145972 0.00057181 0.01343508
v 0.00106964 0.00078337 0.01403241
v 0.00080462 0.00118960 0.01440366
v -0.00049560 -0.00439845 0.02101081
v -0.00050983 -0.00455083 0.02105369
v 0.00085908 -0.00410787 0.00788051
v 0.00085593 -0.00406819 0.00783310
v 0.00094787 -0.00402538 0.00784725
v 0.00205711 -0.00392311 0.00852472
v 0.00197949 -0.00410949 0.00867365
v 0.00076706 -0.00413390 0.00784306
v -0.00056549 -0.00873756 0.01402480
v 0.00214740 -0.00436233 0.00910064
v 0.00388241 -0.00421978 0.01018318
v 0.00211300 -0.00276087 0.00866083
v 0.00217575 -0.00318162 0.00861566
v 0.00213859 -0.00319360 0.00867680
v 0.00216418 -0.00362633 0.00869276
v 0.00214158 -0.00377121 0.00874806
v 0.00216958 -0.00371768 0.00869613
v 0.00378429 -0.00116601 0.01399715
v 0.00373783 -0.00079274 0.01397661
v 0.00346837 -0.00086010 0.01403685
v 0.00348216 -0.00145278 0.01415078
v 0.00350342 -0.00127474 0.01408500
v 0.00350537 -0.00116236 0.01405821
v 0.00321693 0.00004966 0.01440033
v 0.00305049 -0.00014873 0.01437720
v 0.00343570 -0.00015699 0.01418892
v 0.00322922 -0.00033092 0.01420170
v 0.00361980 -0.00045224 0.01404138
v 0.00337579 -0.00058060 0.01408442
v 0.00345004 -0.00078669 0.01404252
v 0.00258219 0.00004619 0.01527829
v 0.00250757 -0.00014049 0.01513701
v 0.00275836 0.00015734 0.01497487
v 0.00266085 -0.00004328 0.01487351
v 0.00298114 0.00015926 0.01466912
v 0.00285234 -0.00004649 0.01460744
v 0.00295564 -0.00008817 0.01448263
v 0.00343928 -0.00161670 0.01424329
v 0.00056076 -0.00603372 0.01555636
v 0.00041124 -0.00673454 0.01588830
v 0.00009612 -0.00718784 0.01645304
v -0.00031239 -0.00728976 0.01712118
v -0.00072071 -0.00701696 0.01773969
v -0.00103530 -0.00643193 0.01816685
v -0.00118410 -0.00566870 0.01830482
v -0.00113300 -0.00490212 0.01812198
v -0.00089373 -0.00430779 0.01766022
v -0.00052109 -0.00402188 0.01702533
v -0.00010045 -0.00410988 0.01636275
v 0.00027182 -0.00455163 0.01582428
v 0.00051045 -0.00524593 0.01553326
v 0.00056096 -0.00563940 0.01550412
v 0.00082821 -0.00277072 0.01469802
v 0.00096863 -0.00262760 0.01445412
v 0.00003765 -0.00270410 0.01387324
v 0.00060882 -0.00212196 0.01288115
v 0.00212238 -0.00266138 0.01649148
v 0.00236675 -0.00273455 0.01610947
v 0.00177751 -0.00097615 0.01657164
v 0.00185167 -0.00086444 0.01641591
v 0.00193168 -0.00067654 0.01656420
v 0.00170771 -0.00119679 0.01676563
v 0.00177284 -0.00101728 0.01695145
v 0.00168628 -0.00146301 0.01689961
v 0.00174240 -0.00148657 0.01718819
v 0.00168939 -0.00156094 0.01692966
v 0.00175835 -0.00199309 0.01695438
v 0.00175081 -0.00196318 0.01695833
v 0.00182429 -0.00201380 0.01722833
v 0.00172451 -0.00184170 0.01696544
v 0.00170914 -0.00175103 0.01696187
v 0.00179735 -0.00212604 0.01692510
v 0.00257776 0.00004130 0.01528712
v 0.00250370 -0.00014479 0.01514464
v 0.00042143 -0.00195033 0.01929829
v 0.00073152 -0.00083221 0.01829830
v 0.00467356 0.00035810 0.01218517
v 0.00395570 0.00107974 0.01281002
v 0.00089637 -0.00006241 0.01757640
v 0.00193487 -0.00067303 0.01655798
v 0.00158711 0.00139015 0.01554261
v 0.00094997 0.00024394 0.01728086
v 0.00185487 -0.00086090 0.01640974
v 0.00150368 -0.00130159 0.00972927
v -0.00037626 -0.00353558 0.01303648
v 0.00205381 -0.00125639 0.01007251
v 0.00017386 -0.00349038 0.01337973
v -0.00003857 -0.00283052 0.01401204
v -0.00007301 -0.00289574 0.01369708
v -0.00011873 -0.00297159 0.01378037
v -0.00014434 -0.00310514 0.01383899
v -0.00008125 -0.00305311 0.01410975
v -0.00013115 -0.00325263 0.01383727
v -0.00005925 -0.00329891 0.01410687
v -0.00009344 -0.00335844 0.01379077
v 0.00000359 -0.00347527 0.01402938
v 0.00049817 -0.00231360 0.01270499
v 0.00235818 -0.00129985 0.00959042
v 0.00242664 -0.00143294 0.00949821
v 0.00187652 -0.00147814 0.00915497
v 0.00158730 -0.00124052 0.00958721
v 0.00180805 -0.00134505 0.00924718
v 0.00170114 -0.00124843 0.00940580
v 0.00225126 -0.00120322 0.00974905
v 0.00213743 -0.00119532 0.00993045
v 0.00220930 0.00127436 0.01214119
v 0.00276262 0.00094782 0.01129738
v 0.00242017 0.00133618 0.01179509
v 0.00263144 0.00118963 0.01147578
v 0.00320037 -0.00139142 0.01090384
v 0.00331389 -0.00106776 0.01067927
v 0.00332011 -0.00066276 0.01061597
v 0.00324619 -0.00035290 0.01069363
v 0.00385307 -0.00426449 0.01023610
v 0.00295320 -0.00164626 0.01133355
v 0.00332457 -0.00155361 0.01072614
v 0.00396303 -0.00228103 0.00979867
v 0.00369578 -0.00180161 0.01016386
v 0.00351430 -0.00452441 0.01081327
v 0.00313190 -0.00444441 0.01141562
v 0.00279347 -0.00404282 0.01190515
v 0.00257654 -0.00341164 0.01216971
v 0.00253062 -0.00305393 0.01219620
v 0.00253080 -0.00269545 0.01214870
v 0.00266673 -0.00205834 0.01184694
v 0.00233557 -0.00386675 0.00873378
v 0.00224675 -0.00247601 0.00869299
v 0.00222801 -0.00242359 0.00871613
v 0.00238202 -0.00316985 0.00856757
v 0.00219600 0.00350105 0.01470106
v 0.00244188 0.00368193 0.01428316
v 0.00225471 0.00361087 0.01448764
v 0.00239348 0.00368778 0.01425509
v 0.00262608 0.00370352 0.01388023
v 0.00271554 0.00368653 0.01384395
v 0.00266896 0.00369241 0.01381296
v 0.00298398 0.00351428 0.01343641
v 0.00293918 0.00351902 0.01340272
v 0.00344513 0.00172441 0.01293302
v 0.00341854 0.00222984 0.01280420
v 0.00346018 0.00223360 0.01284184
v 0.00333802 0.00274080 0.01286597
v 0.00338019 0.00274120 0.01290320
v 0.00328328 0.00292368 0.01292963
v 0.00321481 0.00318597 0.01310969
v 0.00317154 0.00318853 0.01307383
v 0.00299728 0.00345552 0.01331796
v 0.00333685 0.00127503 0.01316574
v 0.00337209 0.00153294 0.01297042
v 0.00340339 0.00171726 0.01289599
v 0.00281581 0.00073272 0.01396737
v 0.00285718 0.00074525 0.01389941
v 0.00290252 0.00075880 0.01392982
v 0.00310470 0.00092733 0.01347873
v 0.00314841 0.00093968 0.01351192
v 0.00315457 0.00099265 0.01339020
v 0.00329439 0.00126491 0.01313025
v 0.00258170 0.00074063 0.01434153
v 0.00262886 0.00075421 0.01436903
v 0.00243341 0.00081272 0.01456971
v 0.00236043 0.00092645 0.01477658
v 0.00231149 0.00091401 0.01475178
v 0.00212960 0.00125476 0.01510330
v 0.00207913 0.00124450 0.01508067
v 0.00196422 0.00169954 0.01530979
v 0.00191265 0.00169223 0.01528853
v 0.00214597 0.00350570 0.01467576
v 0.00195628 0.00316812 0.01502425
v 0.00200755 0.00316570 0.01504725
v 0.00184728 0.00271577 0.01525851
v 0.00189928 0.00271633 0.01527996
v 0.00183230 0.00256168 0.01530280
v 0.00188423 0.00220714 0.01537114
v 0.00183213 0.00220320 0.01535029
v 0.00187805 0.00184550 0.01532380
v 0.00201449 0.00221457 0.01534077
v 0.00202859 0.00269139 0.01525539
v 0.00212999 0.00311219 0.01503746
v 0.00230645 0.00342622 0.01471329
v 0.00253670 0.00359560 0.01432195
v 0.00279296 0.00359991 0.01391067
v 0.00304433 0.00343861 0.01352903
v 0.00326049 0.00313117 0.01322308
v 0.00341536 0.00271467 0.01302972
v 0.00349026 0.00223935 0.01297226
v 0.00347617 0.00176252 0.01305765
v 0.00337477 0.00134172 0.01327557
v 0.00319831 0.00102769 0.01359975
v 0.00296806 0.00085831 0.01399108
v 0.00271179 0.00085400 0.01440237
v 0.00246042 0.00101530 0.01478400
v 0.00224427 0.00132274 0.01508995
v 0.00208940 0.00173924 0.01528332
v 0.00347483 0.00174073 0.01299264
v 0.00336924 0.00130251 0.01321958
v 0.00318547 0.00097548 0.01355718
v 0.00294569 0.00079908 0.01396471
v 0.00267882 0.00079460 0.01439302
v 0.00241705 0.00096258 0.01479045
v 0.00219194 0.00128274 0.01510906
v 0.00203067 0.00171648 0.01531043
v 0.00195266 0.00221148 0.01537026
v 0.00196734 0.00270804 0.01528135
v 0.00207293 0.00314626 0.01505440
v 0.00225670 0.00347329 0.01471681
v 0.00249648 0.00364968 0.01430928
v 0.00276335 0.00365416 0.01388097
v 0.00302513 0.00348619 0.01348354
v 0.00325023 0.00316603 0.01316492
v 0.00341151 0.00273229 0.01296355
v 0.00348951 0.00223729 0.01290372
v 0.00294751 0.00510000 -0.00136918
v 0.00234324 0.00510000 -0.00225205
v 0.00006986 0.00509999 0.00324925
v 0.00112111 0.00510000 0.00305051
v 0.00205086 0.00510000 0.00252121
v 0.00275837 0.00510000 0.00171869
v 0.00316697 0.00510000 0.00072992
v 0.00323238 0.00510000 -0.00033794
v -0.00243786 0.00510000 -0.00214926
v -0.00268195 0.00510000 0.00183566
v -0.00194060 0.00510000 0.00260703
v -0.00098895 0.00509999 0.00309588
v 0.00148503 0.00510000 -0.00289088
v 0.00046590 0.00510000 -0.00321643
v -0.00060372 0.00510000 -0.00319343
v -0.00160791 0.00510000 -0.00282438
v -0.00275837 0.00510000 -0.00171868
v -0.00300364 0.00510000 -0.00124123
v -0.00324392 0.00510000 -0.00019870
v -0.00313267 0.00510000 0.00086537
v -0.00861793 -0.00952342 0.01074839
v -0.01059924 -0.00975837 0.01045149
v -0.00917612 -0.00962103 0.01165587
v -0.01074187 -0.00974968 0.01067894
v -0.00974129 -0.00936824 0.01252839
v -0.01130704 -0.00949689 0.01155146
v -0.01025220 -0.00879247 0.01327141
v -0.01181794 -0.00892113 0.01229448
v -0.01065348 -0.00795611 0.01380440
v -0.01221922 -0.00808476 0.01282747
v -0.01090164 -0.00694979 0.01406962
v -0.01246739 -0.00707844 0.01309269
v -0.01095916 -0.00641657 0.01409159
v -0.01252491 -0.00654522 0.01311466
v -0.01096980 -0.00588256 0.01403832
v -0.01253555 -0.00601121 0.01306139
v -0.01085057 -0.00487007 0.01371389
v -0.01241631 -0.00499872 0.01273695
v -0.01055686 -0.00402203 0.01313148
v -0.01212261 -0.00415069 0.01215455
v -0.01012052 -0.00343036 0.01235422
v -0.01168626 -0.00355901 0.01137729
v -0.00958881 -0.00315916 0.01146633
v -0.01115455 -0.00328781 0.01048940
v -0.01101334 -0.00327436 0.01026130
v -0.00901936 -0.00323783 0.01056403
v -0.01058511 -0.00336648 0.00958710
v -0.00847389 -0.00365783 0.00974509
v -0.01003963 -0.00378648 0.00876816
v -0.00801149 -0.00437366 0.00909826
v -0.00957723 -0.00450231 0.00812133
v -0.00768228 -0.00530774 0.00869363
v -0.00924802 -0.00543639 0.00771670
v -0.00752193 -0.00635885 0.00857506
v -0.00908767 -0.00648751 0.00759813
v -0.00754782 -0.00741310 0.00875539
v -0.00911356 -0.00754174 0.00777846
v -0.00775714 -0.00835622 0.00921507
v -0.00932288 -0.00848487 0.00823814
v -0.00812721 -0.00908602 0.00990431
v -0.00969296 -0.00921468 0.00892737
v -0.01018368 -0.00965208 0.00977146
v 0.00236037 0.00315000 0.00291396
v 0.00223448 0.00295000 0.00275855
v 0.00254155 0.00294999 0.00247851
v 0.00268474 0.00315000 0.00261814
v 0.00319548 0.00295000 0.00154642
v 0.00337551 0.00314999 0.00163354
v 0.00352069 0.00294999 0.00045525
v 0.00371904 0.00315000 0.00048090
v 0.00348373 0.00295000 -0.00068275
v 0.00367999 0.00314999 -0.00072122
v 0.00308840 0.00295000 -0.00175052
v 0.00326239 0.00315000 -0.00184914
v 0.00237536 0.00294999 -0.00263821
v 0.00250919 0.00314999 -0.00278684
v 0.00141798 0.00295000 -0.00325451
v 0.00149786 0.00315000 -0.00343786
v 0.00031473 0.00295000 -0.00353602
v 0.00033246 0.00315000 -0.00373523
v -0.00082090 0.00295000 -0.00345378
v -0.00086715 0.00315000 -0.00364836
v -0.00187208 0.00295000 -0.00301625
v -0.00197755 0.00314999 -0.00318618
v -0.00273069 0.00294999 -0.00226844
v -0.00288453 0.00315000 -0.00239625
v -0.00330838 0.00294999 -0.00128728
v -0.00349477 0.00315000 -0.00135981
v -0.00354575 0.00294999 -0.00017370
v -0.00374551 0.00315000 -0.00018348
v -0.00354175 0.00294999 0.00024188
v -0.00374128 0.00315000 0.00025550
v 0.00182282 0.00315000 0.00384589
v 0.00162526 0.00295000 0.00381474
v 0.00200517 0.00315000 0.00333008
v 0.00183192 0.00294999 0.00323015
v 0.00142270 0.00315000 0.00638315
v 0.00142832 0.00313994 0.00628334
v 0.00141900 0.00311883 0.00620674
v 0.00128745 0.00294999 0.00595688
v 0.00133416 0.00300473 0.00601254
v 0.00138585 0.00306982 0.00610251
v -0.00083450 0.00295000 -0.00142341
v -0.00007741 0.00294999 -0.00164818
v 0.00069740 0.00294999 -0.00149537
v 0.00131245 0.00295000 -0.00099998
v 0.00162684 0.00295000 -0.00027551
v 0.00156853 0.00294999 0.00051207
v 0.00140041 0.00295000 0.00087257
v 0.00115089 0.00295000 0.00118235
v 0.00046960 0.00294999 0.00158177
v -0.00031927 0.00295000 0.00161882
v -0.00103500 0.00295000 0.00128502
v -0.00151363 0.00295000 0.00065684
v -0.00164550 0.00295000 -0.00012181
v -0.00140040 0.00295000 -0.00087256
v -0.00673393 -0.00315001 0.00354792
v -0.00673393 -0.00178484 0.00354792
v -0.00659039 -0.00178484 0.00346494
v -0.00659039 -0.00315000 0.00346493
v -0.00642782 -0.00178484 0.00343294
v -0.00642782 -0.00315000 0.00343292
v -0.00626380 -0.00178484 0.00345635
v -0.00626380 -0.00315000 0.00345634
v -0.00611610 -0.00178484 0.00353168
v -0.00611610 -0.00315001 0.00353167
v -0.00681672 0.00266401 0.00361661
v -0.00673393 0.00277798 0.00354792
v -0.00731050 -0.00315000 0.00402626
v -0.00797785 -0.00555001 0.00464186
v -0.00797785 -0.00350001 0.00464186
v -0.00333664 -0.00350000 -0.00087710
v -0.00478270 -0.00350000 0.00462396
v -0.00555438 -0.00350000 0.00696992
v -0.00555438 -0.00415000 0.00696992
v 0.00203714 -0.00250998 0.00874936
v 0.00168565 -0.00156453 0.00918821
v 0.00049982 -0.00449466 0.00806667
v 0.00032957 -0.00439271 0.00807705
v 0.00187080 -0.00435376 0.00888003
v 0.00142270 -0.00315001 0.00638315
v 0.00141951 -0.00315000 0.00620929
v 0.00117862 0.00295000 0.00587215
v 0.00133563 -0.00315000 0.00601459
v 0.00117862 -0.00315000 0.00587215
v 0.00101518 -0.00315000 0.00581278
v 0.00101518 0.00294999 0.00581278
v 0.00212806 -0.00379464 0.00850111
v 0.00210292 -0.00367636 0.00841880
v 0.00203374 -0.00250581 0.00837563
v 0.00209889 -0.00249248 0.00864809
v 0.00175437 0.00046797 0.00815435
v 0.00196240 -0.00126894 0.00832825
v 0.00163128 -0.00315001 0.00800774
v 0.00203369 -0.00315000 0.00837561
v 0.00159428 0.00176291 0.00795818
v 0.00136261 -0.00315000 0.00742465
v 0.00146534 0.00282455 0.00772918
v 0.00134603 0.00487257 0.00686934
v 0.00132980 0.00465526 0.00701719
v 0.00134603 -0.00315001 0.00686934
v 0.00133499 0.00421056 0.00725550
v 0.00138076 0.00360118 0.00749991
v 0.00091200 -0.00379256 0.00771677
v 0.00074390 -0.00386303 0.00771449
v 0.00067887 -0.00390285 0.00772917
v 0.00056799 -0.00399488 0.00777736
v 0.00022512 -0.00360620 0.00838925
v 0.00012548 -0.00382181 0.00857734
v -0.00002428 -0.00390263 0.00882800
v -0.00024861 -0.00281574 0.00904441
v -0.00009885 -0.00273493 0.00879375
v -0.00034825 -0.00303135 0.00923250
v 0.00006089 -0.00281055 0.00854768
v 0.00018783 -0.00302235 0.00837213
v 0.00024794 -0.00331358 0.00831414
v -0.00037107 -0.00332397 0.00930761
v -0.00031096 -0.00361520 0.00924962
v -0.00018403 -0.00382701 0.00907407
v -0.00192871 -0.00581774 0.00908985
v -0.00206713 -0.00567493 0.00901746
v -0.00189791 -0.00580493 0.00906399
v -0.00202991 -0.00565542 0.00897915
v 0.00080483 -0.00558286 0.01075034
v -0.00084938 -0.00571907 0.01006373
v 0.00070128 -0.00561081 0.01091999
v -0.00047633 -0.00563408 0.01043914
v 0.00057360 -0.00553664 0.01111485
v -0.00141079 -0.00578349 0.00961117
v -0.00201739 -0.00583446 0.00922066
v -0.00200945 -0.00583550 0.00920147
v 0.00042879 -0.00517103 0.01129879
v -0.00027698 -0.00522902 0.01085843
v -0.00022204 -0.00531286 0.01087120
v 0.00047333 -0.00536117 0.01125245
v -0.00020766 -0.00537351 0.01085322
v -0.00021873 -0.00544237 0.01080361
v -0.00029752 -0.00554281 0.01066568
v -0.00618558 -0.00415001 0.00728865
v -0.00601153 -0.00415000 0.00731337
v -0.00580397 -0.00415001 0.00726001
v -0.00563782 -0.00415000 0.00712466
v -0.00618558 -0.00350001 0.00728865
v -0.00601153 -0.00350000 0.00731337
v -0.00580397 -0.00350001 0.00726001
v -0.00563781 -0.00350000 0.00712466
v -0.00723050 -0.00555000 0.00694493
v -0.00723050 -0.00350001 0.00694494
v -0.00770271 -0.00350000 0.00668824
v -0.00803489 -0.00350000 0.00472680
v -0.00633489 -0.00555001 0.00695801
v -0.00705204 -0.00555001 0.00699169
v -0.00571553 -0.00555001 0.00659490
v -0.00548870 -0.00555000 0.00631328
v -0.00533586 -0.00555001 0.00598556
v -0.00528286 -0.00555001 0.00526957
v -0.00556866 -0.00555000 0.00461097
v -0.00612780 -0.00555000 0.00416062
v -0.00683217 -0.00555000 0.00402170
v -0.00752043 -0.00555001 0.00422603
v -0.00825770 -0.00350000 0.00540930
v -0.00813782 -0.00350000 0.00611717
v -0.00509951 -0.00555000 0.00764590
v -0.00539002 -0.00555000 0.00747576
v -0.00561121 -0.00555000 0.00713059
v -0.00563237 -0.00555000 0.00672117
v -0.00366193 -0.00555001 0.00811878
v -0.00332915 -0.00555001 0.00815454
v -0.00268707 -0.00555000 0.00769728
v -0.00294788 -0.00555000 0.00801048
v 0.00036371 -0.00699000 0.00786038
v 0.00032892 -0.00699000 0.00795584
v 0.00031975 -0.00704538 0.00795214
v 0.00021086 -0.00699000 0.00818810
v 0.00004581 -0.00704538 0.00839120
v 0.00043689 -0.00699000 0.00744620
v 0.00042701 -0.00704538 0.00744587
v 0.00041671 -0.00699000 0.00714439
v 0.00035464 -0.00704538 0.00693344
v 0.00036404 -0.00699000 0.00693038
v 0.00011138 -0.00704538 0.00647667
v 0.00011917 -0.00699000 0.00647058
v -0.00027344 -0.00704538 0.00613064
v -0.00026820 -0.00699001 0.00612226
v -0.00182086 -0.00699000 0.00610084
v -0.00176732 -0.00699000 0.00607091
v -0.00176267 -0.00704538 0.00607964
v -0.00127198 -0.00699001 0.00590960
v -0.00127060 -0.00704538 0.00591939
v -0.00113261 -0.00699001 0.00589651
v -0.00075339 -0.00704538 0.00593710
v -0.00075134 -0.00699001 0.00592743
v -0.00042823 -0.00699000 0.00603543
v -0.00217762 -0.00699000 0.00639191
v -0.00217026 -0.00704538 0.00639852
v -0.00233532 -0.00699001 0.00660162
v -0.00244421 -0.00704538 0.00683758
v -0.00245338 -0.00699000 0.00683388
v -0.00255814 -0.00699000 0.00728412
v -0.00255147 -0.00704538 0.00734385
v -0.00256135 -0.00699000 0.00734351
v -0.00247910 -0.00704538 0.00785628
v -0.00248850 -0.00699000 0.00785934
v -0.00085386 -0.00704538 0.00887033
v -0.00137311 -0.00699001 0.00886229
v -0.00137107 -0.00704538 0.00885261
v -0.00185626 -0.00699001 0.00866746
v -0.00185102 -0.00704538 0.00865907
v -0.00200314 -0.00699000 0.00856306
v -0.00223584 -0.00704538 0.00831305
v -0.00224363 -0.00699000 0.00831914
v -0.00243825 -0.00699001 0.00799198
v -0.00036178 -0.00704538 0.00871008
v -0.00063532 -0.00699000 0.00883283
v -0.00085248 -0.00699001 0.00888012
v 0.00005316 -0.00699000 0.00839781
v -0.00001596 -0.00699000 0.00846972
v -0.00035714 -0.00699000 0.00871881
v -0.00180087 -0.00714012 0.00857870
v -0.00135143 -0.00714012 0.00875994
v -0.00086710 -0.00714012 0.00877653
v -0.00040631 -0.00714011 0.00862647
v -0.00002464 -0.00714012 0.00832785
v 0.00023189 -0.00714011 0.00791671
v 0.00033233 -0.00714012 0.00744262
v 0.00026457 -0.00714011 0.00696278
v 0.00003677 -0.00714011 0.00653504
v -0.00032358 -0.00714012 0.00621102
v -0.00077303 -0.00714012 0.00602978
v -0.00125735 -0.00714011 0.00601319
v -0.00171814 -0.00714011 0.00616325
v -0.00209982 -0.00714012 0.00646186
v -0.00235635 -0.00714011 0.00687301
v -0.00245679 -0.00714012 0.00734709
v -0.00238903 -0.00714011 0.00782694
v -0.00216123 -0.00714011 0.00825467
v -0.00076106 -0.00710314 0.00597327
v -0.00126543 -0.00710314 0.00595600
v -0.00174529 -0.00710314 0.00611227
v -0.00214277 -0.00710314 0.00642324
v -0.00240992 -0.00710314 0.00685141
v -0.00251451 -0.00710314 0.00734512
v -0.00244394 -0.00710314 0.00784483
v -0.00220672 -0.00710314 0.00829026
v -0.00183145 -0.00710314 0.00862770
v -0.00136340 -0.00710314 0.00881644
v -0.00085903 -0.00710314 0.00883372
v -0.00037916 -0.00710314 0.00867745
v 0.00001831 -0.00710314 0.00836647
v 0.00028546 -0.00710314 0.00793831
v 0.00039006 -0.00710314 0.00744460
v 0.00031949 -0.00710314 0.00694489
v 0.00008226 -0.00710314 0.00649945
v -0.00029301 -0.00710314 0.00616201
v 0.00028936 -0.00555000 0.00804540
v 0.00036371 -0.00555000 0.00786038
v 0.00041671 -0.00555001 0.00714439
v 0.00013091 -0.00555000 0.00648578
v -0.00042823 -0.00555000 0.00603543
v -0.00113261 -0.00555000 0.00589651
v -0.00182086 -0.00555001 0.00610084
v -0.00233532 -0.00555000 0.00660162
v -0.00255813 -0.00555001 0.00728412
v -0.00243825 -0.00555001 0.00799198
v -0.00200314 -0.00555000 0.00856306
v -0.00153093 -0.00555001 0.00881975
v -0.00143189 -0.00335000 0.00670178
v -0.00123991 -0.00335000 0.00662972
v -0.00103583 -0.00335000 0.00660980
v -0.00083354 -0.00335000 0.00664338
v -0.00064684 -0.00335000 0.00672818
v -0.00048844 -0.00335001 0.00685841
v -0.00036915 -0.00335001 0.00702520
v -0.00027717 -0.00335001 0.00742126
v -0.00039555 -0.00335000 0.00781025
v -0.00069257 -0.00335000 0.00808794
v -0.00108863 -0.00335000 0.00817991
v -0.00147762 -0.00335000 0.00806153
v -0.00175531 -0.00335001 0.00776452
v -0.00182737 -0.00335001 0.00757254
v -0.00184729 -0.00335001 0.00736846
v -0.00181370 -0.00335000 0.00716617
v -0.00172891 -0.00335000 0.00697946
v -0.00096460 -0.00335000 0.00826440
v -0.00065045 -0.00335001 0.00816691
v -0.00033071 -0.00334959 0.00789599
v -0.00031959 -0.00335000 0.00785758
v -0.00018772 -0.00335001 0.00742427
v -0.00029018 -0.00335001 0.00698308
v -0.00059950 -0.00335001 0.00665222
v -0.00103282 -0.00335000 0.00652035
v -0.00147401 -0.00335001 0.00662281
v -0.00180487 -0.00335000 0.00693213
v -0.00193673 -0.00335001 0.00736545
v -0.00183428 -0.00335001 0.00780664
v -0.00152495 -0.00335001 0.00813750
v -0.00109164 -0.00335000 0.00826936
v -0.00286594 -0.00415001 0.00822645
v -0.00273059 -0.00415000 0.00839260
v -0.00257585 -0.00415000 0.00847603
v -0.00291930 -0.00415001 0.00801888
v -0.00289458 -0.00415000 0.00784483
v -0.00151608 -0.00415000 0.00365409
v -0.00143620 -0.00415000 0.00350387
v -0.00289458 -0.00350000 0.00784483
v -0.00151608 -0.00350000 0.00365409
v -0.00143620 -0.00350000 0.00350387
v -0.00127782 -0.00350000 0.00336990
v -0.00107869 -0.00350000 0.00331174
v -0.00090933 -0.00350000 0.00332801
v -0.00036650 -0.00350001 0.00343048
v -0.00326393 -0.00350000 -0.00111771
v -0.00274532 -0.00350000 -0.00208943
v -0.00194687 -0.00350000 -0.00284819
v -0.00094999 -0.00350000 -0.00331662
v 0.00014373 -0.00350000 -0.00344700
v 0.00122279 -0.00350000 -0.00322603
v 0.00217722 -0.00350000 -0.00267623
v 0.00290973 -0.00350000 -0.00185364
v 0.00334565 -0.00350000 -0.00084211
v 0.00344055 -0.00350001 0.00025525
v 0.00318475 -0.00350000 0.00132660
v 0.00260434 -0.00350000 0.00226272
v 0.00175847 -0.00350001 0.00296822
v 0.00073336 -0.00350000 0.00337116
v 0.00028936 -0.00350001 0.00804540
v -0.00291851 -0.00335000 -0.00210767
v -0.00286468 -0.00335000 -0.00218028
v 0.00359013 -0.00335000 0.00026635
v 0.00343883 -0.00335001 0.00106510
v 0.00332322 -0.00335000 0.00138428
v 0.00324381 -0.00335000 0.00156131
v 0.00349111 -0.00335000 -0.00087873
v 0.00359997 -0.00335000 0.00001398
v 0.00033185 -0.00335000 -0.00358467
v 0.00127596 -0.00335000 -0.00336629
v 0.00227188 -0.00335000 -0.00279259
v 0.00303624 -0.00335000 -0.00193423
v 0.00344700 -0.00335000 -0.00103836
v -0.00172794 -0.00335000 -0.00315820
v -0.00099129 -0.00335000 -0.00346083
v -0.00072989 -0.00335000 -0.00352523
v 0.00014997 -0.00335000 -0.00359687
v -0.00257522 -0.00335001 -0.00251560
v -0.00203152 -0.00335000 -0.00297202
v 0.00039590 -0.00315000 0.00570416
v 0.00039590 0.00294999 0.00570416
v 0.00063191 0.00145347 0.01464572
v 0.00087624 0.00111417 0.01429882
v 0.00065930 0.00174536 0.01456338
v 0.00074950 0.00309865 0.01424061
v 0.00075623 0.00311508 0.01422766
v -0.00001733 0.00125747 0.01571208
v 0.00206453 0.00282354 0.01216921
v 0.00204579 0.00287596 0.01219234
v 0.00013267 0.00148974 0.01544109
v 0.00037778 0.00158851 0.01503524
v 0.00061356 0.00246154 0.01454238
v 0.00219980 0.00212970 0.01204378
v 0.00215335 0.00143280 0.01221000
v 0.00061338 0.00210306 0.01458987
v 0.00121467 0.00071258 0.01380929
v 0.00159707 0.00063258 0.01320695
v 0.00193583 0.00089251 0.01262978
v 0.00071011 0.00029107 0.01729109
v 0.00020656 -0.00187640 0.01930803
v 0.00050353 -0.00077057 0.01830761
v -0.00190487 -0.00951788 0.01627421
v -0.00358788 -0.00329294 0.01815185
v -0.00372580 -0.00367927 0.01842377
v -0.00392331 -0.00468009 0.01887213
v -0.00394764 -0.00577888 0.01905583
v -0.00379665 -0.00687862 0.01895864
v -0.00348365 -0.00788221 0.01858916
v -0.00303629 -0.00870103 0.01798000
v -0.00249407 -0.00926279 0.01718495
v -0.00132070 -0.00944378 0.01532820
v -0.00079316 -0.00904703 0.01443045
v 0.00205718 -0.00397532 0.00891022
v 0.00196297 -0.00418702 0.00908908
v 0.00092746 -0.00538100 0.01090595
v 0.00137258 -0.00506405 0.00977208
v 0.00147899 -0.00487702 0.00995564
v 0.00086533 -0.00539777 0.01100774
v 0.00078872 -0.00535327 0.01112466
v 0.00072856 -0.00524799 0.01120721
v 0.00070184 -0.00513390 0.01123502
v 0.00066213 -0.00482865 0.01125846
v 0.00037654 -0.00477774 0.01133075
v 0.00142466 -0.00144094 0.00959022
v 0.00156288 -0.00140373 0.00936379
v 0.00151746 -0.00139263 0.00943512
v 0.00148320 -0.00139820 0.00949077
v 0.00163772 -0.00147137 0.00925275
v -0.00074830 -0.00863008 0.01401959
v 0.00196458 -0.00425485 0.00909543
v 0.00213395 -0.00380882 0.00876526
v 0.00205401 -0.00255716 0.00872854
v -0.00045528 -0.00367494 0.01289743
v -0.00043846 -0.00364536 0.01315062
v 0.00011167 -0.00360016 0.01349387
v 0.00007793 -0.00372852 0.01356484
v -0.00047908 -0.00382820 0.01323981
v 0.00013078 -0.00381484 0.01363103
v -0.00047450 -0.00403464 0.01325965
v 0.00022128 -0.00398722 0.01369207
v -0.00043744 -0.00419626 0.01322153
v 0.00028196 -0.00413715 0.01367039
v 0.00089242 -0.00275403 0.01459292
v 0.00084974 -0.00297661 0.01469063
v 0.00087173 -0.00322242 0.01468775
v 0.00093457 -0.00339878 0.01461026
v 0.00073991 -0.00192092 0.01264457
v 0.00002265 -0.00034466 0.01358657
v 0.00017731 -0.00024722 0.01332586
v 0.00043909 -0.00029443 0.01291251
v 0.00067107 -0.00056849 0.01257680
v 0.00081719 -0.00100318 0.01239985
v 0.00084215 -0.00149348 0.01242442
v 0.00011963 -0.00020996 0.01332776
v 0.00014831 -0.00009696 0.01306688
v 0.00014333 -0.00005686 0.01297651
v 0.00029450 -0.00012056 0.01274262
v 0.00057287 -0.00044943 0.01233977
v 0.00074822 -0.00097106 0.01212744
v 0.00077816 -0.00155943 0.01215692
v 0.00065548 -0.00207235 0.01242110
v 0.00102959 -0.00359405 0.01448369
v 0.00135715 -0.00456797 0.01408696
v 0.00151461 -0.00565260 0.01397742
v 0.00003225 -0.00210448 0.01588598
v 0.00017548 -0.00253874 0.01571362
v 0.00090052 -0.00847635 0.01533349
v 0.00040346 -0.00895329 0.01619294
v 0.00040459 -0.00281619 0.01538295
v 0.00066487 -0.00287056 0.01497295
v 0.00024204 -0.00099342 0.01540343
v 0.00011160 -0.00119299 0.01563877
v -0.00132271 -0.00258821 0.01812130
v 0.00000912 -0.00161710 0.01585887
v -0.00183375 -0.00342214 0.01905017
v -0.00016648 -0.00909394 0.01712493
v -0.00075122 -0.00888397 0.01803445
v -0.00129113 -0.00834477 0.01882878
v -0.00143174 -0.00271020 0.01831211
v -0.00173121 -0.00753131 0.01942697
v -0.00202658 -0.00652650 0.01976804
v -0.00214714 -0.00543277 0.01981723
v -0.00208060 -0.00436158 0.01956953
v 0.00148593 -0.00673738 0.01416624
v 0.00127404 -0.00771173 0.01463416
v 0.00115910 0.00115021 0.01118956
v 0.00125453 0.00166876 0.01096833
v 0.00121240 0.00183315 0.01101420
v 0.00122297 0.00126441 0.01107216
v 0.00126296 0.00145511 0.01098294
v 0.00066227 0.00178795 0.01067096
v 0.00031078 0.00273340 0.01110980
v 0.00201687 -0.00125909 0.00861712
v 0.00004352 0.00321282 0.01147499
v -0.00032768 0.00346082 0.01203727
v -0.00069905 0.00336817 0.01264467
v -0.00097879 0.00297252 0.01314512
v 0.00182282 0.00695000 0.00384589
v 0.00178561 0.00696890 0.00408185
v 0.00156582 0.00592072 0.00547562
v 0.00236037 0.00695000 0.00291397
v 0.00206371 0.00694999 0.00323669
v 0.00185381 0.00695000 0.00369815
v 0.00275837 0.00690000 0.00171869
v 0.00316697 0.00689999 0.00072992
v 0.00323238 0.00690000 -0.00033794
v 0.00294751 0.00690000 -0.00136918
v 0.00234324 0.00690000 -0.00225205
v 0.00148503 0.00690000 -0.00289088
v 0.00046590 0.00689999 -0.00321643
v -0.00060372 0.00690000 -0.00319343
v -0.00160791 0.00690000 -0.00282438
v -0.00243786 0.00690000 -0.00214926
v -0.00275837 0.00690000 -0.00171868
v -0.00300364 0.00690000 -0.00124123
v -0.00324392 0.00690000 -0.00019870
v -0.00313267 0.00689999 0.00086537
v -0.00268195 0.00690000 0.00183566
v -0.00194060 0.00690000 0.00260702
v -0.00098895 0.00689999 0.00309588
v 0.00006986 0.00689999 0.00324925
v 0.00112111 0.00690000 0.00305051
v 0.00205086 0.00689999 0.00252121
v -0.00613140 -0.00177788 0.00352074
v -0.00645891 0.00029192 0.00343476
v -0.00649626 0.00308168 0.00343952
v -0.00629864 0.00294999 0.00344667
v -0.00663750 0.00313660 0.00348537
v -0.00647558 -0.00041795 0.00343656
v -0.00640695 -0.00108378 0.00343284
v -0.00628911 -0.00152966 0.00344905
v -0.00619003 -0.00172217 0.00348623
v -0.00626380 0.00295000 0.00345635
v -0.00611610 0.00295000 0.00353167
v -0.00611610 0.00138483 0.00353167
v -0.00616529 0.00135121 0.00349948
v -0.00625750 0.00120464 0.00345839
v -0.00636963 0.00086272 0.00343489
v -0.00377782 0.00315000 0.00070189
v -0.00358316 0.00295000 0.00074778
v -0.00398191 0.00315000 0.00117792
v -0.00381446 0.00295000 0.00128728
v -0.00428005 0.00315000 0.00151214
v -0.00415236 0.00295000 0.00166607
v 0.00268474 0.00695000 0.00261814
v 0.00337551 0.00694999 0.00163354
v 0.00371904 0.00695000 0.00048090
v 0.00367999 0.00694999 -0.00072122
v 0.00326239 0.00695000 -0.00184914
v 0.00250919 0.00695000 -0.00278684
v 0.00149786 0.00695000 -0.00343786
v 0.00033246 0.00695000 -0.00373523
v -0.00086715 0.00695000 -0.00364836
v -0.00197755 0.00694999 -0.00318618
v -0.00288453 0.00695000 -0.00239624
v -0.00349477 0.00695000 -0.00135981
v -0.00374551 0.00695000 -0.00018348
v -0.00374128 0.00695000 0.00025550
v -0.00646368 0.00315000 0.00332372
v -0.01231032 -0.00405193 0.01215834
v -0.01226141 -0.00395977 0.01206782
v -0.01223007 -0.00390510 0.01201055
v -0.01201979 -0.00360710 0.01163627
v -0.01261757 -0.00493910 0.01276762
v -0.01274231 -0.00599832 0.01310702
v -0.01185353 -0.00343314 0.01134528
v -0.01177600 -0.00336832 0.01121195
v -0.01129758 -0.00314924 0.01041633
v -0.01114985 -0.00313516 0.01017770
v -0.01070185 -0.00323153 0.00947238
v -0.01013120 -0.00367092 0.00861565
v -0.00964746 -0.00441979 0.00793896
v -0.00930305 -0.00539698 0.00751566
v -0.00913530 -0.00649660 0.00739161
v -0.00916239 -0.00759950 0.00758027
v -0.00938137 -0.00858616 0.00806117
v -0.00976853 -0.00934964 0.00878221
v -0.01028189 -0.00980723 0.00966525
v -0.01071663 -0.00991843 0.01037666
v -0.01086585 -0.00990934 0.01061461
v -0.01145710 -0.00964489 0.01152740
v -0.01199159 -0.00904255 0.01230472
v -0.01241139 -0.00816758 0.01286231
v -0.01267101 -0.00711481 0.01313977
v -0.00824452 0.00092701 0.00507840
v -0.00865014 0.00044043 0.00570050
v -0.00760101 0.00169732 0.00432838
v -0.00776235 0.00150275 0.00449768
v -0.00822421 0.00095120 0.00505112
v -0.01166940 -0.00323843 0.01102400
v -0.01184923 -0.00331265 0.01133690
v -0.01201726 -0.00334265 0.01167590
v -0.01220439 -0.00358473 0.01199832
v -0.01241258 -0.00395063 0.01233500
v -0.01246500 -0.00406350 0.01242175
v -0.01257476 -0.00434158 0.01262031
v -0.00561610 0.00295000 0.00387957
v -0.00561610 0.00152091 0.00387957
v -0.00602343 0.00070634 0.00375522
v -0.00601069 -0.00020000 0.00383522
v -0.00602343 -0.00110635 0.00375522
v -0.00561610 -0.00192092 0.00387957
v -0.00559206 -0.00161822 0.00397558
v -0.00554365 -0.00101486 0.00411862
v -0.00551393 -0.00044513 0.00418682
v -0.00551708 0.00013735 0.00418046
v -0.00555618 0.00078226 0.00408583
v -0.00561610 -0.00315000 0.00387957
v -0.00035062 -0.00315000 0.00591111
v -0.00035062 0.00295000 0.00591111
v 0.00003623 -0.00315000 0.00585666
v 0.00003623 0.00295000 0.00585666
v -0.00181353 0.00294999 0.00581718
v -0.00346860 0.00295000 0.00544286
v -0.00480470 0.00295000 0.00491020
v -0.00532903 0.00295000 0.00448828
v -0.00519200 -0.00335000 0.00493427
v -0.00526122 -0.00335001 0.00484734
v -0.00513054 -0.00315000 0.00469593
v -0.00501517 -0.00315000 0.00484082
v -0.00495799 -0.00315000 0.00504707
v -0.00515769 -0.00335001 0.00505802
v -0.00498227 -0.00315000 0.00523067
v -0.00517226 -0.00335000 0.00516818
v -0.00532903 -0.00315000 0.00448828
v -0.00548617 -0.00335000 0.00461200
v -0.00551853 -0.00315000 0.00417552
v -0.00570094 -0.00335000 0.00425754
v -0.00579165 -0.00335001 0.00400366
v -0.00623553 -0.00335000 0.00369210
v -0.00632418 -0.00335000 0.00364689
v -0.00642246 -0.00335000 0.00363290
v -0.00651998 -0.00335000 0.00365204
v -0.00660623 -0.00335000 0.00370185
v -0.00712386 -0.00335000 0.00413128
v -0.00785625 -0.00335000 0.00472968
v -0.00348171 -0.00335000 -0.00091524
v -0.00492661 -0.00335000 0.00458141
v -0.00569687 -0.00335000 0.00692305
v -0.00790758 -0.00335001 0.00480613
v -0.00800022 -0.00335000 0.00605746
v -0.00810026 -0.00335000 0.00569618
v -0.00810811 -0.00335000 0.00542038
v -0.00760862 -0.00335001 0.00657142
v -0.00718363 -0.00335000 0.00680245
v -0.00613871 -0.00335001 0.00714616
v -0.00601688 -0.00335001 0.00716347
v -0.00587158 -0.00335001 0.00712611
v -0.00579036 -0.00335001 0.00706939
v -0.00575527 -0.00335001 0.00703137
v -0.00897952 -0.00317800 0.00675693
v -0.00909102 -0.00315049 0.00688000
v -0.00881302 -0.00326844 0.00667330
v -0.00869800 -0.00335000 0.00665418
v -0.00139090 -0.00266516 0.01009787
v -0.00147284 -0.00253902 0.01013648
v -0.00137698 -0.00279687 0.01001680
v -0.00168873 -0.00291975 0.00975659
v -0.00143483 -0.00289889 0.00991501
v -0.00154894 -0.00294387 0.00981976
v -0.00174066 -0.00242817 0.01005913
v -0.00185477 -0.00247314 0.00996388
v -0.00191262 -0.00257516 0.00986209
v -0.00160087 -0.00245228 0.01012230
v -0.00181676 -0.00283301 0.00974241
v -0.00189871 -0.00270688 0.00978103
v -0.00395614 -0.00019963 0.01030512
v -0.00408417 -0.00011289 0.01029094
v -0.00403224 -0.00060448 0.00998840
v -0.00422396 -0.00008878 0.01022777
v -0.00433807 -0.00013375 0.01013252
v -0.00439592 -0.00023577 0.01003073
v -0.00391813 -0.00055950 0.01008364
v -0.00386028 -0.00045748 0.01018544
v -0.00387420 -0.00032576 0.01026650
v -0.00438200 -0.00036749 0.00994966
v -0.00430006 -0.00049362 0.00991104
v -0.00417203 -0.00058036 0.00992522
v 0.00156961 0.00034364 0.00874415
v 0.00131398 0.00103124 0.00906331
v 0.00097717 0.00029496 0.00837450
v 0.00072154 0.00098256 0.00869366
v 0.00169620 -0.00118023 0.00912069
v 0.00184948 -0.00090616 0.00883892
v 0.00195132 -0.00033204 0.00860010
v 0.00194547 -0.00044846 0.00862480
v 0.00048099 -0.00328097 0.01096622
v 0.00074782 -0.00320766 0.01090766
v 0.00032026 -0.00262526 0.01113749
v 0.00057641 -0.00251091 0.01109062
v 0.00042118 -0.00247484 0.01114269
v -0.00065233 -0.00486228 0.01068880
v 0.00050628 -0.00435919 0.01106768
v 0.00077648 -0.00442964 0.01102264
v 0.00054625 -0.00378646 0.01092820
v 0.00082178 -0.00378056 0.01086457
v 0.00046363 -0.00456182 0.00814189
v 0.00029156 -0.00445855 0.00814968
v 0.00016536 -0.00494529 0.00857111
v -0.00173031 -0.00574295 0.00899441
v -0.00157191 -0.00570457 0.00900676
v -0.00154441 -0.00569973 0.00901529
v -0.00088791 -0.00553442 0.00907901
v -0.00030362 -0.00528357 0.00891329
v -0.00156133 -0.00550499 0.00886319
v -0.00153721 -0.00550063 0.00887029
v 0.00098063 -0.00335001 0.00600978
v 0.00117290 -0.00335000 0.00613086
v 0.00108402 -0.00335000 0.00604854
v 0.00107869 -0.00335000 0.00604540
v 0.00122322 -0.00335000 0.00624768
v 0.00122514 -0.00335000 0.00635200
v 0.00114847 -0.00335000 0.00683819
v 0.00137714 -0.00333786 0.00796596
v 0.00135497 -0.00335001 0.00795212
v 0.00116726 -0.00335000 0.00746754
v 0.00172173 -0.00319441 0.00818096
v 0.00108594 -0.00335000 0.00778427
v 0.00068204 -0.00335001 0.00772825
v 0.00048257 -0.00335001 0.00784065
v 0.00037073 -0.00335000 0.00799162
v 0.00091069 -0.00335000 0.00771653
v -0.00035808 -0.00332117 0.00937489
v -0.00029281 -0.00363738 0.00931193
v -0.00015499 -0.00386735 0.00912132
v 0.00001847 -0.00394947 0.00885414
v 0.00018107 -0.00386171 0.00858198
v 0.00028926 -0.00362761 0.00837776
v 0.00031404 -0.00330989 0.00829620
v 0.00024877 -0.00299367 0.00835916
v 0.00011095 -0.00276370 0.00854977
v -0.00006251 -0.00268159 0.00881695
v -0.00022511 -0.00276934 0.00908912
v -0.00033330 -0.00300345 0.00929334
v -0.00176192 -0.00555251 0.00885146
v -0.00191245 -0.00560384 0.00889850
v -0.00197086 -0.00562792 0.00893242
v -0.00216650 -0.00568442 0.00919342
v -0.00212591 -0.00569572 0.00910028
v -0.00064409 -0.00540720 0.01038773
v -0.00128303 -0.00480067 0.01017028
v -0.00121355 -0.00526177 0.00997604
v -0.00191740 -0.00480282 0.00972945
v -0.00181103 -0.00523095 0.00957981
v -0.00211999 -0.00481805 0.00960212
v -0.00215024 -0.00489935 0.00954264
v -0.00218957 -0.00520198 0.00937549
v -0.00153093 -0.00350000 0.00881975
v -0.00257585 -0.00350001 0.00847603
v -0.00135247 -0.00350000 0.00886651
v -0.00063532 -0.00350001 0.00883282
v -0.00001596 -0.00350000 0.00846972
v 0.00021086 -0.00350000 0.00818810
v -0.00095475 -0.00335001 0.00824691
v -0.00086884 -0.00335000 0.00818571
v -0.00093306 -0.00335001 0.00822541
v -0.00097952 -0.00335000 0.00840739
v -0.00098732 -0.00335001 0.00874278
v -0.00067801 -0.00335001 0.00868903
v -0.00097787 -0.00335000 0.00836540
v -0.00012059 -0.00335000 0.00836223
v 0.00006348 -0.00335000 0.00814002
v -0.00273059 -0.00350000 0.00839260
v -0.00286594 -0.00350001 0.00822645
v -0.00291930 -0.00350000 0.00801888
v -0.00137359 -0.00335001 0.00370096
v -0.00275209 -0.00335001 0.00789170
v -0.00106742 -0.00335000 0.00346132
v -0.00094887 -0.00335000 0.00347270
v -0.00120681 -0.00335000 0.00350203
v -0.00131767 -0.00335000 0.00359581
v -0.00340584 -0.00335000 -0.00116630
v -0.00038244 -0.00335001 0.00357963
v 0.00076524 -0.00335000 0.00351773
v 0.00183492 -0.00335001 0.00309727
v 0.00271757 -0.00335001 0.00236110
v 0.00015420 -0.00335001 0.00798035
v 0.00043129 -0.00335000 0.00591342
v -0.00034877 -0.00335001 0.00611110
v 0.00008966 -0.00335001 0.00604939
v -0.00179723 -0.00315000 0.00581942
v -0.00182432 -0.00335000 0.00601758
v -0.00203717 -0.00315000 0.00584563
v -0.00214992 -0.00335000 0.00622108
v -0.00233991 -0.00315001 0.00615858
v -0.00210073 -0.00335000 0.00612972
v -0.00223357 -0.00315000 0.00597742
v -0.00202382 -0.00335000 0.00606044
v -0.00192792 -0.00335000 0.00602171
v -0.00364979 -0.00340324 0.01798155
v -0.00367726 -0.00347114 0.01803452
v -0.00134278 -0.00924277 0.01505306
v -0.00096686 -0.00892716 0.01440901
v -0.00082411 -0.00874509 0.01415624
v -0.00193751 -0.00938954 0.01602557
v -0.00147331 -0.00930805 0.01527085
v -0.00254766 -0.00917043 0.01697462
v -0.00203410 -0.00937918 0.01617902
v -0.00385021 -0.00684550 0.01875608
v -0.00357026 -0.00775897 0.01842769
v -0.00311106 -0.00860779 0.01780350
v -0.00259974 -0.00913430 0.01705333
v -0.00397181 -0.00473491 0.01867303
v -0.00400428 -0.00556918 0.01883493
v -0.00399517 -0.00578974 0.01884937
v -0.00387848 -0.00671047 0.01878360
v -0.00378220 -0.00377412 0.01824260
v -0.00393485 -0.00445143 0.01857645
v -0.00034763 -0.00466679 0.01285552
v -0.00049811 -0.00413741 0.01302696
v -0.00052405 -0.00402428 0.01305365
v -0.00049882 -0.00375178 0.01297733
v -0.00052726 -0.00387977 0.01303976
v -0.00043435 -0.00794723 0.01342650
v -0.00021325 -0.00693052 0.01293824
v -0.00018332 -0.00579857 0.01274121
v -0.00029323 -0.00470358 0.01305723
v -0.00297309 -0.00272381 0.01709156
v -0.00308211 -0.00284581 0.01728237
v -0.00348413 -0.00355775 0.01802044
v -0.00373098 -0.00449719 0.01853979
v -0.00379752 -0.00556837 0.01878750
v -0.00367696 -0.00666211 0.01873831
v -0.00338159 -0.00766691 0.01839723
v -0.00294152 -0.00848038 0.01779904
v -0.00240160 -0.00901957 0.01700471
v -0.00181686 -0.00922955 0.01609519
v -0.00124692 -0.00908889 0.01516321
v -0.00074986 -0.00861195 0.01430375
v -0.00037634 -0.00784734 0.01360442
v -0.00016445 -0.00687298 0.01313650
v -0.00013577 -0.00578820 0.01294769
v -0.00044341 -0.00014558 0.01269768
v 0.00060897 0.00110501 0.01084631
v 0.00070440 0.00162356 0.01062509
v 0.00071284 0.00140991 0.01063970
v 0.00067284 0.00121920 0.01072891
v 0.00047140 0.00170156 0.01070420
v 0.00011990 0.00264701 0.01114304
v 0.00156848 0.00114643 0.00901899
v 0.00117704 0.00129743 0.00924773
v 0.00140415 0.00146585 0.00924029
v 0.00096322 0.00149068 0.00956498
v 0.00114756 0.00169775 0.00962099
v 0.00073555 0.00150650 0.00992778
v 0.00087436 0.00171673 0.01005636
v 0.00056831 0.00138435 0.01021191
v 0.00067367 0.00157016 0.01039732
v 0.00182411 0.00045883 0.00869984
v 0.00191896 0.00010238 0.00859475
v 0.00165387 0.00001486 0.00865241
v 0.00194671 -0.00027952 0.00859344
v 0.00167075 -0.00041243 0.00868162
v 0.00146302 -0.00102224 0.00909486
v 0.00159076 -0.00079385 0.00886005
v 0.00187789 0.00062242 0.00859209
v 0.00188971 0.00003961 0.00828370
v 0.00147819 0.00364897 0.00863532
v 0.00139986 0.00347952 0.00898200
v 0.00157379 0.00337197 0.00849728
v 0.00155851 0.00305480 0.00878365
v 0.00179748 0.00157564 0.00826338
v 0.00172409 0.00247136 0.00830648
v 0.00168750 0.00240624 0.00866233
v 0.00165630 0.00298818 0.00838483
v 0.00162097 0.00317582 0.00843172
v 0.00079676 0.00410511 0.00963021
v 0.00093584 0.00375901 0.00968888
v 0.00102036 0.00410209 0.00929953
v 0.00119006 0.00371216 0.00928760
v 0.00119539 0.00402458 0.00904508
v 0.00130157 0.00362058 0.00912095
v 0.00135217 0.00387132 0.00881847
v 0.00144235 0.00372495 0.00868771
v -0.00104070 0.00286222 0.01297482
v -0.00083712 0.00317683 0.01260710
v -0.00078894 0.00321830 0.01252442
v -0.00045470 0.00330169 0.01197776
v -0.00012062 0.00307849 0.01147171
v 0.00141871 0.00387856 0.00788488
v 0.00125008 0.00518943 0.00706730
v 0.00170075 0.00224393 0.00818354
v 0.00075639 0.00430607 0.00938055
v 0.00069620 0.00477181 0.00876062
v 0.00104571 0.00451745 0.00856652
v 0.00069629 0.00514068 0.00821054
v 0.00074634 0.00543133 0.00771527
v 0.00070934 0.00525816 0.00801924
v 0.00097515 0.00505149 0.00790343
v 0.00158605 0.00318392 0.00821560
v 0.00130393 0.00420984 0.00825424
v 0.00119087 0.00436938 0.00842042
v 0.00118628 0.00479676 0.00771931
v 0.00130823 0.00452450 0.00748569
v 0.00102101 0.00551805 0.00719706
v 0.00085515 0.00567117 0.00722306
v 0.00070596 0.00408485 0.00977277
v 0.00086070 0.00374401 0.00981128
v 0.00175801 0.00699722 0.00412699
v 0.00147318 0.00658270 0.00509926
v 0.00139374 0.00626245 0.00564913
v 0.00137602 0.00644806 0.00542031
v 0.00130593 0.00634352 0.00566289
v 0.00176470 0.00699062 0.00412406
v 0.00151502 0.00608848 0.00558043
v 0.00177575 0.00697955 0.00411176
v 0.00165441 0.00709998 0.00408270
v 0.00170874 0.00710000 0.00366001
v 0.00226595 0.00710000 0.00279741
v 0.00193963 0.00710000 0.00315241
v -0.00359163 0.00709999 0.00024529
v -0.00359569 0.00710000 -0.00017614
v -0.00335498 0.00709999 -0.00130541
v -0.00276915 0.00709999 -0.00230039
v -0.00189845 0.00709999 -0.00305874
v -0.00083246 0.00709999 -0.00350243
v 0.00031916 0.00709999 -0.00358582
v 0.00143795 0.00709999 -0.00330035
v 0.00240882 0.00709999 -0.00267537
v 0.00313189 0.00709999 -0.00177517
v 0.00353279 0.00710000 -0.00069237
v 0.00357028 0.00709999 0.00046166
v 0.00324049 0.00709999 0.00156820
v 0.00257735 0.00710000 0.00251342
v 0.00030714 0.00650000 0.00413072
v 0.00090680 0.00710000 0.00415089
v 0.00083655 0.00710000 0.00384835
v 0.00081638 0.00709999 0.00444802
v 0.00032731 0.00710000 0.00353106
v 0.00002478 0.00710000 0.00360132
v 0.00062444 0.00710000 0.00362148
v -0.00029252 0.00710000 0.00411055
v -0.00022226 0.00709999 0.00441309
v -0.00020210 0.00710000 0.00381343
v 0.00028697 0.00709999 0.00473038
v 0.00058951 0.00709999 0.00466013
v -0.00001015 0.00709999 0.00463996
v 0.00336186 0.00710000 0.00077484
v 0.00343130 0.00710000 -0.00035874
v 0.00312890 0.00709999 -0.00145344
v 0.00248744 0.00709999 -0.00239064
v 0.00157642 0.00710000 -0.00306878
v 0.00049457 0.00709999 -0.00341436
v -0.00064087 0.00710000 -0.00338995
v -0.00170686 0.00710000 -0.00299819
v -0.00258789 0.00710000 -0.00228152
v -0.00292812 0.00709999 -0.00182445
v -0.00318848 0.00710000 -0.00131761
v -0.00344355 0.00710000 -0.00021093
v -0.00332545 0.00710000 0.00091862
v -0.00284699 0.00710000 0.00194862
v -0.00206002 0.00710000 0.00276746
v -0.00104981 0.00709999 0.00328640
v 0.00007416 0.00710000 0.00344921
v 0.00119010 0.00709999 0.00323824
v 0.00217707 0.00710000 0.00267636
v 0.00292812 0.00710000 0.00182445
v -0.01073794 -0.00150426 0.00984345
v -0.00863511 0.00105796 0.00613578
v -0.01089804 -0.00175133 0.00994540
v -0.00870978 0.00076835 0.00589329
v -0.01103706 -0.00201362 0.01004589
v -0.01122880 -0.00248156 0.01025286
v -0.01139148 -0.00289979 0.01053397
v -0.00831221 0.00125918 0.00528111
v -0.00786236 0.00205264 0.00508694
v -0.00700955 0.00321200 0.00429345
v -0.00699931 0.00297014 0.00390446
v -0.00826512 0.00152342 0.00556992
v -0.00788487 0.00180305 0.00475635
v -0.00477867 0.00546947 0.00192580
v -0.00496126 0.00577560 0.00221365
v -0.00497149 0.00601747 0.00260264
v -0.00369040 0.00709999 0.00093047
v -0.00383107 0.00695000 0.00087840
v -0.00396274 0.00709999 0.00140495
v -0.00398191 0.00695000 0.00117792
v -0.00416320 0.00694999 0.00140424
v -0.00428006 0.00682888 0.00151214
v -0.00449432 0.00596845 0.00168990
v -0.00441127 0.00629718 0.00162100
v -0.00444533 0.00656093 0.00164926
v -0.00465699 0.00637956 0.00192457
v -0.00465782 0.00637878 0.00192628
v -0.00463127 0.00641009 0.00187337
v -0.00465864 0.00637784 0.00192804
v -0.00464843 0.00638933 0.00190676
v -0.00465358 0.00638218 0.00191775
v -0.00465574 0.00638116 0.00192184
v -0.00450949 0.00651444 0.00170893
v -0.00450935 0.00656269 0.00170563
v -0.00456665 0.00646810 0.00177550
v -0.00457462 0.00648014 0.00178269
v -0.00461638 0.00642255 0.00184843
v -0.00463824 0.00640033 0.00188694
v -0.00473679 0.00618090 0.00203834
v -0.00467585 0.00611309 0.00190736
v -0.00480856 0.00593682 0.00205185
v -0.00465521 0.00637899 0.00192151
v -0.00466056 0.00637562 0.00193219
v -0.00465620 0.00637019 0.00192477
v -0.00466789 0.00636718 0.00194799
v -0.00466993 0.00632885 0.00195038
v -0.00469420 0.00633688 0.00200472
v -0.00477540 0.00624334 0.00217982
v -0.00487031 0.00613402 0.00238447
v -0.00464963 0.00638244 0.00191073
v -0.00464381 0.00637329 0.00190170
v -0.00464229 0.00632054 0.00189748
v -0.00457761 0.00630320 0.00179718
v -0.01144119 -0.00298410 0.01062474
v -0.01146126 -0.00291969 0.01066962
v -0.01129772 -0.00272537 0.01092885
v -0.01126445 -0.00265430 0.01084555
v -0.01134844 -0.00268173 0.01077286
v -0.01145765 -0.00284065 0.01074031
v -0.01144498 -0.00280975 0.01077415
v -0.01140210 -0.00273739 0.01068873
v -0.01143925 -0.00280031 0.01078553
v -0.01138025 -0.00274836 0.01086327
v -0.01141683 -0.00281387 0.01060513
v -0.01149831 -0.00293928 0.01125789
v -0.01143621 -0.00289412 0.01117303
v -0.01152056 -0.00291933 0.01111066
v -0.01158617 -0.00297136 0.01119198
v -0.01158484 -0.00297771 0.01104224
v -0.01164944 -0.00303871 0.01112479
v -0.01160760 -0.00302336 0.01100469
v -0.01167827 -0.00313240 0.01106608
v -0.01160738 -0.00318660 0.01091777
v -0.01162004 -0.00311316 0.01094958
v -0.01161945 -0.00308106 0.01096704
v -0.01089625 -0.01010299 0.01068885
v -0.01149930 -0.00981947 0.01161802
v -0.00895430 -0.00546225 0.00696531
v -0.00901072 -0.00572178 0.00708991
v -0.01152080 -0.00309453 0.01076689
v -0.01204524 -0.00920379 0.01241193
v -0.01247900 -0.00831805 0.01299049
v -0.01275682 -0.00725162 0.01329533
v -0.01285069 -0.00611206 0.01329569
v -0.01275112 -0.00501434 0.01299155
v -0.00903585 -0.00640536 0.00722020
v -0.00901757 -0.00676963 0.00723889
v -0.00908816 -0.00788097 0.00749836
v -0.00934487 -0.00885571 0.00803816
v -0.00976182 -0.00959551 0.00880384
v -0.01029694 -0.01002574 0.00971815
v -0.01118436 -0.00241586 0.01060243
v -0.01115607 -0.00232600 0.01051996
v -0.01120426 -0.00234932 0.01045598
v -0.01100689 -0.00194332 0.01019949
v -0.01102324 -0.00195609 0.01016128
v -0.01103350 -0.00197253 0.01012231
v -0.01123379 -0.00238483 0.01038665
v -0.01103814 -0.00199185 0.01008358
v -0.01124203 -0.00243012 0.01031720
v -0.00880700 -0.00576843 0.00705360
v -0.00882984 -0.00638987 0.00717204
v -0.00876589 -0.00524657 0.00677470
v -0.00865004 -0.00525388 0.00673428
v -0.00885570 -0.00528866 0.00683564
v -0.00873346 -0.00545912 0.00689500
v -0.00894084 -0.00542028 0.00693978
v -0.00600507 -0.00335000 0.00821611
v -0.00600507 -0.00492280 0.00821611
v -0.00838932 -0.00335000 0.00672848
v -0.00828522 -0.00511015 0.00679343
v -0.00863465 -0.00524248 0.00673060
v -0.00845810 -0.00514919 0.00672698
v -0.00858647 -0.00335000 0.00665648
v -0.01160900 -0.00300286 0.01139835
v -0.01176141 -0.00308159 0.01145333
v -0.01184823 -0.00312841 0.01158030
v -0.01184638 -0.00314356 0.01150828
v -0.01185103 -0.00315357 0.01149326
v -0.01185781 -0.00316412 0.01148717
v -0.01187110 -0.00318172 0.01148763
v -0.01190438 -0.00322044 0.01151204
v -0.01194007 -0.00325944 0.01155362
v -0.00881080 -0.00676931 0.00719150
v -0.01189449 -0.00319394 0.01156743
v -0.01194912 -0.00323009 0.01175527
v -0.01226547 -0.00367485 0.01232086
v -0.01240516 -0.00395636 0.01258182
v -0.00886732 -0.00781103 0.00741926
v -0.00888433 -0.00792697 0.00746179
v -0.00909999 -0.00880297 0.00792279
v -0.00915174 -0.00894232 0.00802408
v -0.00948937 -0.00958490 0.00864984
v -0.00958606 -0.00971294 0.00882166
v -0.00999972 -0.01008498 0.00953363
v -0.01014348 -0.01016109 0.00977406
v -0.01058415 -0.01025728 0.01049300
v -0.01076776 -0.01024156 0.01078521
v -0.01118898 -0.01008599 0.01143982
v -0.01139593 -0.00994623 0.01175310
v -0.01175866 -0.00958683 0.01228713
v -0.01196462 -0.00930490 0.01258009
v -0.01224087 -0.00880564 0.01295710
v -0.01241645 -0.00838226 0.01318275
v -0.01259131 -0.00781420 0.01338820
v -0.01270585 -0.00727139 0.01350029
v -0.01277780 -0.00670354 0.01354082
v -0.01260704 -0.00453425 0.01298147
v -0.01269991 -0.00494089 0.01318386
v -0.01278321 -0.00557569 0.01340097
v -0.01280363 -0.00608435 0.01350068
v -0.00513054 -0.00245000 0.00469593
v -0.00480470 -0.00245000 0.00491020
v -0.00179723 -0.00245000 0.00581942
v -0.00346860 -0.00245000 0.00544286
v -0.00181353 -0.00245001 0.00581718
v -0.00233991 -0.00245001 0.00615858
v -0.00223357 -0.00245000 0.00597742
v -0.00203717 -0.00245001 0.00584563
v -0.00501517 -0.00245000 0.00484082
v -0.00495799 -0.00245000 0.00504707
v -0.00498227 -0.00245000 0.00523067
v -0.00571312 -0.00335000 0.00681244
v -0.00552314 -0.00315000 0.00687493
v -0.00596976 -0.00335000 0.00824030
v -0.00593396 -0.00335001 0.00779730
v -0.00147437 -0.00297918 0.00970490
v -0.00166077 -0.00294702 0.00962067
v -0.00183146 -0.00283137 0.00960176
v -0.00194073 -0.00266320 0.00965325
v -0.00195928 -0.00248757 0.00976134
v -0.00188215 -0.00235155 0.00989706
v -0.00173000 -0.00229158 0.01002406
v -0.00154361 -0.00232373 0.01010829
v -0.00137291 -0.00243939 0.01012720
v -0.00126365 -0.00260756 0.01007571
v -0.00124510 -0.00278319 0.00996762
v -0.00132223 -0.00291921 0.00983189
v -0.00395767 -0.00063979 0.00987354
v -0.00414406 -0.00060764 0.00978930
v -0.00431476 -0.00049198 0.00977040
v -0.00442403 -0.00032381 0.00982189
v -0.00444258 -0.00014818 0.00992998
v -0.00436545 -0.00001216 0.01006570
v -0.00421330 0.00004781 0.01019270
v -0.00402691 0.00001566 0.01027693
v -0.00385621 -0.00010000 0.01029583
v -0.00374695 -0.00026817 0.01024434
v -0.00372840 -0.00044380 0.01013626
v -0.00380552 -0.00057982 0.01000053
v -0.00002414 0.00133567 0.00984226
v 0.00014311 0.00145782 0.00955813
v 0.00037078 0.00144200 0.00919533
v 0.00058460 0.00124875 0.00887808
v 0.00107830 -0.00046111 0.00831198
v 0.00106143 -0.00003382 0.00828276
v 0.00099832 -0.00084253 0.00849040
v 0.00087057 -0.00107092 0.00872521
v -0.00000300 -0.00210901 0.01026201
v -0.00089771 0.00029758 0.01137906
v 0.00035507 -0.00233885 0.01104397
v -0.00012012 -0.00237789 0.01074748
v -0.00039347 -0.00268391 0.01069217
v -0.00018734 -0.00239823 0.01071156
v -0.00024921 -0.00244219 0.01068875
v -0.00035416 -0.00258767 0.01067889
v -0.00037691 -0.00306950 0.01053815
v -0.00043163 -0.00335596 0.01039680
v -0.00039025 -0.00274915 0.01066492
v -0.00058223 -0.00366395 0.01023205
v -0.00083282 -0.00394164 0.01007041
v -0.00219032 -0.00448348 0.00933565
v -0.00217691 -0.00468923 0.00946169
v -0.00218322 -0.00425860 0.00926162
v -0.00140205 -0.00419441 0.00974902
v -0.00110399 -0.00411438 0.00992244
v -0.00044597 -0.00339842 0.01037365
v -0.00015583 -0.00493822 0.00865221
v -0.00000575 -0.00481304 0.00852903
v 0.00009667 -0.00471161 0.00842416
v 0.00005009 -0.00475965 0.00847432
v -0.00028174 -0.00502654 0.00873401
v -0.00044254 -0.00512233 0.00881559
v -0.00071884 -0.00525619 0.00890634
v -0.00058973 -0.00519767 0.00887108
v -0.00120564 -0.00542574 0.00893821
v -0.00105292 -0.00538076 0.00894483
v -0.00096383 -0.00535111 0.00894173
v 0.00033441 -0.00335000 0.00806709
v 0.00023297 -0.00335001 0.00824630
v -0.00096529 -0.00305538 0.00889902
v 0.00003427 -0.00387377 0.00849038
v -0.00008601 -0.00394271 0.00859881
v 0.00018623 -0.00363608 0.00831347
v 0.00004927 -0.00386058 0.00847516
v -0.00085710 -0.00282127 0.00869480
v -0.00069450 -0.00273352 0.00842263
v -0.00052105 -0.00281563 0.00815545
v -0.00038322 -0.00304560 0.00796484
v -0.00022733 -0.00396966 0.00870078
v -0.00056766 -0.00390126 0.00886384
v -0.00089554 -0.00368691 0.00893587
v -0.00094352 -0.00363385 0.00894030
v -0.00099007 -0.00337310 0.00898057
v -0.00096840 -0.00367910 0.00898615
v -0.00103496 -0.00368457 0.00894462
v -0.00153721 -0.00383679 0.00887029
v -0.00157048 -0.00384481 0.00886083
v -0.00211162 -0.00414618 0.00907679
v -0.00196458 -0.00402224 0.00892809
v -0.00191302 -0.00398948 0.00889851
v -0.00176949 -0.00391506 0.00885252
v -0.00148406 -0.00335000 0.00867726
v -0.00247808 -0.00335001 0.00835029
v -0.00252898 -0.00335000 0.00833354
v -0.00132345 -0.00335001 0.00871934
v -0.00099072 -0.00335000 0.00894321
v -0.00276940 -0.00335001 0.00801354
v -0.00274836 -0.00335000 0.00812119
v -0.00273205 -0.00335000 0.00815883
v -0.00267897 -0.00335000 0.00823609
v -0.00263730 -0.00335001 0.00827514
v -0.00267335 -0.00335000 0.00781234
v -0.00286334 -0.00315000 0.00774984
v -0.00286334 -0.00245001 0.00774984
v 0.00049493 0.00135776 0.01071175
v -0.00044612 0.00023949 0.01236725
v -0.00053656 0.00010129 0.01233843
v -0.00053964 0.00006775 0.01216102
v -0.00155418 0.00162917 0.01396016
v -0.00124037 0.00238275 0.01335797
v -0.00314400 -0.00260094 0.01706526
v -0.00325777 -0.00272824 0.01726436
v -0.00061636 -0.00002477 0.01267490
v 0.00043409 0.00122350 0.01082695
v 0.00050089 0.00158648 0.01067209
v 0.00047880 0.00130344 0.01074476
v 0.00050680 0.00143693 0.01068231
v -0.00076236 0.00330760 0.01247006
v -0.00154222 0.00166642 0.01393608
v -0.00096203 0.00294765 0.01283748
v -0.00056062 0.00374429 0.01184758
v -0.00061538 0.00372210 0.01194299
v -0.00074350 0.00362011 0.01220451
v -0.00003382 0.00477998 0.00965163
v -0.00041956 0.00414847 0.01107044
v -0.00056769 0.00501281 0.00960243
v 0.00025876 0.00710000 0.00485617
v -0.00091573 0.00499640 0.00953332
v 0.00002260 0.00710000 0.00479586
v -0.00023114 0.00710000 0.00463943
v -0.00045292 0.00499196 0.00961943
v 0.00082367 0.00710000 0.00474622
v 0.00051457 0.00709999 0.00484708
v -0.00039139 0.00497502 0.00962728
v -0.00022450 0.00490633 0.00964357
v 0.00116605 0.00710000 0.00453405
v 0.00157922 0.00710000 0.00416201
v -0.00378856 0.00710000 0.00166013
v -0.00392594 0.00710000 0.00148507
v -0.01088293 -0.00171555 0.01002138
v -0.00651901 0.00423488 0.00593953
v -0.00684363 0.00385157 0.00658411
v -0.01015841 -0.00065050 0.00969349
v -0.00959744 0.00016108 0.00946071
v -0.00905650 0.00092849 0.00914643
v -0.00855097 0.00163034 0.00876231
v -0.00807576 0.00227461 0.00830975
v -0.00763159 0.00286084 0.00779252
v -0.00722078 0.00338644 0.00721602
v -0.00694763 0.00372522 0.00676963
v -0.00629689 0.00446834 0.00616726
v -0.00458414 0.00647092 0.00181615
v -0.00457072 0.00648667 0.00178947
v -0.00597569 0.00458064 0.00637621
v -0.01136406 -0.00281741 0.01104729
v -0.01144747 -0.00284160 0.01098327
v -0.01150899 -0.00289706 0.01091005
v -0.01152948 -0.00294029 0.01086856
v -0.01153732 -0.00302520 0.01080543
v -0.01104579 -0.00244723 0.01076626
v -0.01071295 -0.00209946 0.01074392
v -0.01089533 -0.00199583 0.01049795
v -0.01095866 -0.00196386 0.01035789
v -0.01147711 -0.00295286 0.01133215
v -0.00590273 -0.00492641 0.00830076
v -0.00588858 -0.00326651 0.00831672
v -0.00579938 -0.00317600 0.00847074
v -0.00580482 -0.00498026 0.00845634
v -0.00577009 -0.00315001 0.00862185
v -0.00577009 -0.00509264 0.00862185
v -0.00576089 -0.00526512 0.00879208
v -0.00573740 -0.00568153 0.00903694
v -0.00572842 -0.00613504 0.00910713
v -0.00893997 -0.00323164 0.01412866
v -0.00904935 -0.00341060 0.01432753
v -0.00842629 -0.00270218 0.01323566
v -0.00572800 -0.00644671 0.00911020
v -0.00932486 -0.00404928 0.01485321
v -0.00630092 -0.00935924 0.01070594
v -0.00678359 -0.00982072 0.01154030
v -0.00682798 -0.00984679 0.01161487
v -0.00736802 -0.00999303 0.01249967
v -0.00742775 -0.00999139 0.01259518
v -0.00797285 -0.00982173 0.01344649
v -0.00804302 -0.00977924 0.01355334
v -0.00854254 -0.00932257 0.01429379
v -0.00861508 -0.00923057 0.01439795
v -0.00902474 -0.00854139 0.01496376
v -0.00908936 -0.00839775 0.01504841
v -0.00937519 -0.00754994 0.01539486
v -0.00942061 -0.00736022 0.01544268
v -0.00956168 -0.00643928 0.01554749
v -0.00957722 -0.00621697 0.01554313
v -0.00956708 -0.00531144 0.01540763
v -0.00954426 -0.00507707 0.01534019
v -0.00939091 -0.00426999 0.01498813
v -0.00571450 -0.00701175 0.00920311
v -0.00567798 -0.00755059 0.00940994
v -0.00566675 -0.00765342 0.00946491
v -0.00589687 -0.00857526 0.00995511
v -0.00296893 -0.00245000 0.00829555
v -0.00297297 -0.00245001 0.00838935
v -0.00365758 -0.00245000 0.00800019
v -0.00437608 -0.00245000 0.00706595
v -0.00484127 -0.00245000 0.00702165
v -0.00397618 -0.00245000 0.00730769
v -0.00372077 -0.00245001 0.00769901
v -0.00552313 -0.00245000 0.00687493
v -0.00560429 -0.00245000 0.00751967
v -0.00573548 -0.00245000 0.00782191
v -0.00575098 -0.00245000 0.00796334
v -0.00527961 -0.00245000 0.00718358
v -0.00573548 -0.00315000 0.00782191
v -0.00366044 -0.00236848 0.00816239
v -0.00366044 -0.00185000 0.00816239
v -0.00372077 -0.00185000 0.00769901
v -0.00575098 -0.00185000 0.00796334
v -0.00560428 -0.00185000 0.00751967
v -0.00527961 -0.00185000 0.00718359
v -0.00484127 -0.00185000 0.00702165
v -0.00437608 -0.00185000 0.00706595
v -0.00397618 -0.00185000 0.00730769
v -0.00070082 0.00012125 0.01241231
v -0.00051924 0.00038418 0.01246540
v -0.00076122 0.00024045 0.01249342
v -0.00202725 -0.00005448 0.01123284
v -0.00225342 -0.00005600 0.01118169
v -0.00213627 -0.00005879 0.01118934
v -0.00252525 -0.00002866 0.01127398
v -0.00118621 -0.00274105 0.00949598
v -0.00115177 -0.00271666 0.00953203
v -0.00107464 -0.00258064 0.00966776
v -0.00109320 -0.00240501 0.00977585
v -0.00120246 -0.00223684 0.00982734
v -0.00137316 -0.00212118 0.00980843
v -0.00155955 -0.00208902 0.00972420
v -0.00171170 -0.00214899 0.00959720
v -0.00178883 -0.00228501 0.00946148
v -0.00177027 -0.00246064 0.00935339
v -0.00166101 -0.00262881 0.00930190
v -0.00149031 -0.00274447 0.00932080
v -0.00130392 -0.00277662 0.00940504
v -0.00366951 -0.00040166 0.00966461
v -0.00363507 -0.00037727 0.00970067
v -0.00355794 -0.00024124 0.00983639
v -0.00357649 -0.00006562 0.00994448
v -0.00368576 0.00010256 0.00999597
v -0.00385646 0.00021821 0.00997707
v -0.00404285 0.00025037 0.00989283
v -0.00419499 0.00019040 0.00976584
v -0.00427213 0.00005438 0.00963011
v -0.00425357 -0.00012125 0.00952203
v -0.00414431 -0.00028942 0.00947054
v -0.00397361 -0.00040508 0.00948944
v -0.00378722 -0.00043723 0.00957368
v -0.00121583 0.00015360 0.01143445
v -0.00189941 0.00009744 0.01100794
v -0.00032112 -0.00225299 0.01031741
v 0.00000772 -0.00222598 0.01052258
v -0.00010282 -0.00226822 0.01043121
v -0.00016047 -0.00235749 0.01033814
v -0.00015962 -0.00247508 0.01025919
v -0.00015816 -0.00305641 0.00986734
v -0.00045442 -0.00349197 0.00940472
v -0.00153721 -0.00337196 0.00887029
v -0.00153721 -0.00335001 0.00887029
v -0.00104499 -0.00335000 0.00894476
v -0.00158634 -0.00335000 0.00885719
v -0.00275828 -0.00335000 0.00819101
v -0.00296177 -0.00315000 0.00821044
v -0.00293561 -0.00223443 0.00884377
v -0.00367347 -0.00223443 0.00842435
v -0.00366244 -0.00185001 0.00869029
v -0.00156616 0.00156238 0.01398815
v -0.00113352 0.00096532 0.01337339
v -0.00091047 0.00086531 0.01302906
v -0.00070141 0.00066753 0.01272004
v -0.00156550 0.00144448 0.01400262
v -0.00154033 0.00133121 0.01397721
v -0.00149461 0.00124033 0.01391590
v -0.00130810 0.00097129 0.01365241
v -0.00083549 0.00360590 0.01225899
v -0.00090082 0.00356776 0.01232052
v -0.00101919 0.00342849 0.01248703
v -0.00121099 0.00308186 0.01284008
v -0.00180016 0.00178079 0.01395569
v -0.00073190 0.00427932 0.01108669
v -0.00106845 0.00425595 0.01105332
v -0.01002775 -0.00102700 0.01057844
v -0.01027253 -0.00093171 0.01020416
v -0.00960637 0.00004891 0.00993895
v -0.00896521 0.00097053 0.00956424
v -0.00835407 0.00182577 0.00908208
v -0.00777743 0.00260841 0.00849624
v -0.00723930 0.00331323 0.00781189
v -0.00674368 0.00393502 0.00703422
v -0.00978695 -0.00065670 0.01049141
v -0.00935928 -0.00000787 0.01029795
v -0.00871276 0.00095000 0.00990463
v -0.00863766 0.00105935 0.00985051
v -0.00809336 0.00183874 0.00940078
v -0.00750574 0.00265174 0.00879047
v -0.00695412 0.00338342 0.00807923
v -0.00644270 0.00402824 0.00727262
v -0.00662213 0.00380620 0.00757397
v -0.00816042 -0.00238804 0.01276816
v -0.00799684 -0.00187629 0.01243861
v -0.00821243 -0.00287760 0.01329473
v -0.00790959 -0.00251868 0.01276209
v -0.00772572 -0.00194159 0.01239141
v -0.00560293 -0.00758304 0.00973209
v -0.00869871 -0.00337883 0.01414011
v -0.00906308 -0.00415285 0.01482602
v -0.00927077 -0.00512583 0.01528702
v -0.00930198 -0.00620493 0.01547914
v -0.00915372 -0.00728721 0.01538405
v -0.00884014 -0.00826941 0.01501081
v -0.00839115 -0.00905781 0.01439503
v -0.00784960 -0.00957722 0.01359547
v -0.00726714 -0.00977805 0.01268841
v -0.00669936 -0.00964117 0.01176039
v -0.00620041 -0.00917962 0.01089993
v -0.00581791 -0.00843744 0.01018915
v -0.00576089 -0.00185000 0.00879208
v -0.00566980 -0.00462946 0.00945030
v -0.00572023 -0.00185001 0.00916512
v -0.00496278 -0.00185000 0.00795113
v -0.00172082 0.00107064 0.01392206
v -0.00150026 0.00074974 0.01361081
v -0.00092196 0.00049046 0.01271810
v -0.00110642 0.00066498 0.01299077
v -0.00130324 0.00075322 0.01329459
v -0.00265296 0.00008501 0.01131309
v -0.00589225 -0.00018115 0.00929197
v -0.00592395 -0.00018375 0.00927219
v -0.00577678 -0.00048021 0.00907536
v -0.00605502 0.00038149 0.01063584
v -0.00606712 0.00037450 0.01076137
v -0.00666299 0.00032554 0.01038959
v -0.00626915 0.00024078 0.00976954
v -0.00597146 0.00011181 0.00962694
v -0.00600731 0.00026229 0.00993291
v -0.00603094 0.00035367 0.01027240
v -0.00267822 0.00011498 0.01132929
v -0.00243792 0.00040053 0.01090656
v -0.00230268 0.00024249 0.01087669
v -0.00210052 0.00012570 0.01091271
v -0.00556541 -0.00022904 0.00870352
v -0.00567628 0.00046257 0.00910767
v -0.00548425 0.00105856 0.00961942
v -0.00502234 0.00145643 0.01015074
v -0.00436999 0.00158775 0.01061026
v -0.00363940 0.00142993 0.01091895
v -0.00295621 0.00101012 0.01102373
v -0.00184006 0.00160739 0.01404248
v -0.00183896 0.00141090 0.01406658
v -0.00179702 0.00122212 0.01402423
v -0.00713215 0.00134268 0.01062885
v -0.00762822 -0.00018488 0.01162506
v -0.00699085 0.00091506 0.01083743
v -0.00704765 0.00098292 0.01081668
v -0.00714011 0.00117191 0.01073557
v -0.00714898 0.00126008 0.01068527
v -0.00736271 -0.00027597 0.01159027
v -0.00825541 -0.00657800 0.01385092
v -0.00918740 -0.00633149 0.01313444
v -0.00751646 -0.00474189 0.01242479
v -0.00695975 0.00079792 0.01080300
v -0.00688355 0.00064644 0.01070083
v -0.00802193 -0.00730700 0.01357272
v -0.00781823 -0.00761490 0.01328680
v -0.00763201 -0.00778237 0.01301039
v -0.00731576 -0.00788414 0.01251693
v -0.00720880 -0.00786972 0.01234360
v -0.00683596 -0.00758046 0.01170796
v -0.00660196 -0.00700171 0.01125669
v -0.00665150 -0.00622943 0.01109237
v -0.00554601 0.00071164 0.01147350
v -0.00555677 0.00075546 0.01152865
v -0.00569259 0.00066034 0.01132841
v -0.00590779 0.00053716 0.01105316
v -0.00253117 0.00066504 0.01296759
v -0.00287833 0.00097553 0.01319984
v -0.00306168 0.00062600 0.01239559
v -0.00366398 0.00056850 0.01190155
v -0.00336997 0.00053029 0.01174146
v -0.00323023 0.00049047 0.01166564
v -0.00292924 0.00034329 0.01149417
v -0.00500500 0.00083315 0.01172737
v -0.00460549 0.00083240 0.01184165
v -0.00419937 0.00076450 0.01190406
v -0.00433416 0.00118504 0.01250680
v -0.00377364 0.00119276 0.01284844
v -0.00319770 0.00110703 0.01315029
v -0.00295338 0.00102105 0.01321565
v -0.00303523 0.00105605 0.01320432
v -0.00554371 0.00080833 0.01159956
v -0.00538979 0.00092692 0.01178256
v -0.00488220 0.00110149 0.01215672
v -0.00735947 -0.00773294 0.01228301
v -0.00702003 -0.00747454 0.01170496
v -0.00679745 -0.00691483 0.01127453
v -0.00773977 -0.00765242 0.01288193
v -0.00745228 -0.00774494 0.01243335
v -0.00829514 -0.00661965 0.01363602
v -0.00807820 -0.00725084 0.01337146
f 1 2 3
f 1 4 2
f 1 5 4
f 1 6 5
f 1 7 6
f 1 3 7
f 8 9 10
f 10 9 11
f 12 13 14
f 14 13 15
f 16 17 18
f 18 17 19
f 20 21 22
f 22 21 23
f 24 25 26
f 26 25 27
f 28 29 30
f 30 29 31
f 32 33 2
f 2 33 3
f 34 32 4
f 4 32 2
f 35 34 5
f 5 34 4
f 36 35 6
f 6 35 5
f 37 36 7
f 7 36 6
f 33 37 3
f 3 37 7
f 38 39 40
f 38 41 39
f 38 42 41
f 38 43 42
f 38 44 43
f 38 40 44
f 45 46 47
f 47 46 48
f 49 50 51
f 51 50 52
f 53 9 8
f 15 13 54
f 54 13 55
f 8 56 53
f 53 56 57
f 53 57 58
f 58 57 59
f 58 59 55
f 55 59 60
f 55 60 54
f 61 62 63
f 63 62 64
f 65 66 67
f 67 66 68
f 69 70 71
f 72 73 74
f 75 76 77
f 77 78 75
f 75 78 79
f 75 79 80
f 76 75 81
f 81 75 82
f 81 82 83
f 83 82 84
f 84 82 85
f 84 85 86
f 87 56 85
f 85 56 8
f 8 10 85
f 85 10 88
f 85 88 86
f 14 15 89
f 89 15 90
f 73 91 74
f 74 91 92
f 74 92 89
f 89 92 93
f 89 93 14
f 71 70 74
f 74 70 94
f 74 94 72
f 95 96 97
f 97 96 98
f 97 98 99
f 98 100 99
f 99 100 101
f 99 101 71
f 71 101 102
f 71 102 69
f 79 103 80
f 80 103 104
f 80 104 105
f 105 104 106
f 105 106 95
f 95 106 107
f 95 107 96
f 15 54 90
f 90 54 60
f 90 60 108
f 108 60 59
f 108 59 87
f 87 59 57
f 87 57 56
f 109 110 111
f 111 110 112
f 91 73 113
f 84 86 11
f 11 86 88
f 11 88 10
f 114 81 115
f 115 81 83
f 115 83 116
f 116 83 84
f 116 84 117
f 117 84 11
f 79 78 118
f 118 78 77
f 118 77 114
f 114 77 76
f 114 76 81
f 79 118 103
f 103 118 119
f 103 119 104
f 104 119 120
f 104 120 106
f 106 120 121
f 106 121 107
f 107 121 122
f 107 122 96
f 96 122 98
f 98 122 123
f 98 123 100
f 100 123 101
f 101 123 124
f 101 124 102
f 102 124 125
f 102 125 69
f 113 73 126
f 73 72 126
f 126 72 94
f 126 94 125
f 125 94 70
f 125 70 69
f 91 113 92
f 92 113 127
f 92 127 93
f 93 127 12
f 93 12 14
f 128 129 130
f 131 132 133
f 130 134 128
f 128 134 135
f 128 135 136
f 136 135 137
f 136 137 138
f 138 137 139
f 138 139 140
f 140 139 141
f 140 141 142
f 142 141 143
f 142 143 144
f 144 143 145
f 144 145 146
f 147 148 149
f 149 148 150
f 149 150 151
f 151 150 152
f 151 152 153
f 153 152 154
f 153 154 155
f 155 154 156
f 155 156 157
f 157 156 158
f 157 158 159
f 159 158 160
f 159 160 133
f 133 160 161
f 133 161 131
f 132 131 146
f 146 131 162
f 146 162 144
f 148 147 163
f 163 147 164
f 165 166 167
f 167 166 168
f 169 170 171
f 172 173 174
f 175 176 177
f 177 176 178
f 177 178 179
f 172 174 180
f 180 174 181
f 180 181 182
f 182 181 183
f 182 183 184
f 184 183 185
f 184 185 186
f 173 172 187
f 187 172 188
f 187 188 189
f 189 188 190
f 189 190 175
f 175 190 191
f 175 191 176
f 171 192 169
f 169 192 193
f 169 193 194
f 194 193 195
f 194 195 196
f 196 195 197
f 196 197 198
f 198 197 199
f 198 199 200
f 200 199 201
f 200 201 202
f 202 201 203
f 202 203 204
f 179 178 204
f 204 178 205
f 204 205 202
f 206 207 170
f 170 207 171
f 208 209 210
f 210 209 211
f 18 19 212
f 213 214 212
f 212 214 215
f 212 215 18
f 212 216 213
f 213 216 217
f 213 217 218
f 219 220 221
f 221 220 222
f 221 222 223
f 223 222 224
f 223 224 217
f 217 224 225
f 217 225 218
f 226 227 219
f 219 227 228
f 219 228 220
f 229 230 226
f 226 230 231
f 226 231 227
f 226 232 229
f 229 232 233
f 229 233 234
f 234 233 235
f 234 235 236
f 236 235 237
f 236 237 238
f 238 237 239
f 239 237 240
f 239 240 241
f 241 240 242
f 242 240 243
f 242 243 244
f 244 243 245
f 244 245 246
f 246 245 247
f 246 247 248
f 248 247 20
f 248 20 22
f 249 17 16
f 16 250 249
f 249 250 251
f 249 251 252
f 251 253 252
f 252 253 254
f 252 254 255
f 255 254 256
f 255 256 21
f 21 256 257
f 21 257 23
f 235 233 258
f 187 189 219
f 219 189 175
f 219 175 226
f 226 175 177
f 226 177 232
f 197 195 259
f 259 195 193
f 259 193 192
f 177 179 259
f 259 179 204
f 259 204 203
f 203 201 259
f 259 201 199
f 259 199 197
f 233 232 258
f 258 232 177
f 258 177 207
f 207 177 259
f 207 259 171
f 171 259 192
f 219 221 187
f 187 221 223
f 187 223 173
f 173 223 217
f 173 217 174
f 19 260 212
f 212 260 185
f 212 185 216
f 216 185 183
f 216 183 217
f 217 183 181
f 217 181 174
f 261 262 27
f 209 263 240
f 240 263 261
f 258 211 235
f 235 211 209
f 235 209 237
f 237 209 240
f 261 27 240
f 240 27 25
f 240 25 243
f 243 25 264
f 243 264 245
f 245 264 265
f 245 265 247
f 247 265 31
f 247 31 20
f 266 267 268
f 268 267 269
f 270 271 272
f 272 271 273
f 263 209 208
f 26 27 274
f 274 27 262
f 274 262 275
f 275 262 261
f 275 261 276
f 276 261 263
f 276 263 277
f 277 263 208
f 25 24 264
f 264 24 278
f 264 278 265
f 30 31 279
f 279 31 265
f 279 265 280
f 280 265 278
f 281 29 28
f 282 283 284
f 284 283 285
f 284 285 286
f 286 285 287
f 286 287 288
f 288 287 281
f 288 281 289
f 289 281 28
f 290 37 291
f 291 37 33
f 292 293 32
f 32 293 294
f 32 294 33
f 33 294 295
f 33 295 291
f 290 296 37
f 37 296 297
f 37 297 36
f 36 297 298
f 36 298 299
f 300 35 301
f 301 35 36
f 301 36 302
f 302 36 299
f 292 32 303
f 303 32 34
f 303 34 304
f 300 305 35
f 35 305 306
f 35 306 34
f 34 306 307
f 34 307 304
f 308 309 39
f 39 309 40
f 310 308 41
f 41 308 39
f 311 310 42
f 42 310 41
f 312 311 43
f 43 311 42
f 313 312 44
f 44 312 43
f 309 313 40
f 40 313 44
f 314 315 316
f 317 318 319
f 319 318 320
f 319 320 321
f 321 320 322
f 314 316 322
f 322 316 323
f 322 323 321
f 321 323 324
f 321 324 319
f 319 324 325
f 319 325 317
f 326 327 328
f 328 327 329
f 330 331 332
f 332 331 333
f 334 335 336
f 336 335 337
f 67 68 337
f 337 68 336
f 50 49 338
f 338 49 339
f 338 339 340
f 340 339 341
f 340 341 65
f 65 341 66
f 342 343 344
f 344 343 345
f 346 347 348
f 348 347 349
f 350 351 352
f 352 351 353
f 354 355 356
f 356 355 357
f 358 359 360
f 360 359 356
f 360 356 361
f 361 356 362
f 363 354 364
f 364 354 356
f 364 356 365
f 365 356 359
f 366 367 357
f 357 367 368
f 369 356 370
f 370 356 357
f 370 357 371
f 371 357 368
f 372 373 374
f 374 373 375
f 376 377 378
f 335 334 379
f 379 334 376
f 379 376 380
f 380 376 378
f 381 382 383
f 383 382 384
f 383 384 385
f 385 384 386
f 385 386 377
f 377 386 387
f 377 387 378
f 344 345 388
f 388 345 389
f 388 389 390
f 390 389 391
f 390 391 381
f 381 391 392
f 381 392 382
f 47 48 393
f 393 48 394
f 393 394 395
f 396 397 394
f 394 397 398
f 394 398 395
f 399 400 396
f 396 400 401
f 396 401 397
f 399 396 402
f 402 396 403
f 402 403 404
f 404 403 405
f 404 405 406
f 406 405 407
f 406 407 408
f 408 407 373
f 408 373 372
f 328 329 409
f 409 329 410
f 409 410 411
f 411 410 412
f 411 412 413
f 413 412 414
f 413 414 415
f 415 414 416
f 415 416 417
f 417 416 46
f 417 46 45
f 347 346 418
f 418 346 419
f 418 419 420
f 420 419 421
f 422 423 419
f 419 423 424
f 419 424 421
f 425 426 427
f 427 426 428
f 427 428 422
f 422 428 429
f 422 429 423
f 51 52 427
f 427 52 430
f 427 430 425
f 341 339 12
f 9 53 168
f 168 53 58
f 168 58 51
f 51 58 55
f 51 55 49
f 164 11 431
f 431 11 9
f 431 9 166
f 166 9 168
f 341 12 66
f 49 55 339
f 339 55 13
f 339 13 12
f 432 433 434
f 434 433 435
f 434 435 436
f 436 435 334
f 436 334 437
f 437 334 438
f 334 336 438
f 438 336 68
f 438 68 62
f 62 68 66
f 62 66 64
f 64 66 12
f 439 440 441
f 441 440 435
f 110 109 442
f 442 109 443
f 442 443 444
f 63 64 445
f 445 64 444
f 445 444 446
f 446 444 443
f 438 62 61
f 447 434 448
f 448 434 436
f 448 436 449
f 449 436 437
f 449 437 450
f 450 437 438
f 450 438 451
f 451 438 61
f 452 453 454
f 454 453 455
f 454 455 456
f 457 458 459
f 459 458 460
f 461 65 462
f 462 65 67
f 462 67 463
f 463 67 464
f 95 465 105
f 105 465 466
f 105 466 80
f 80 466 467
f 80 467 75
f 75 467 468
f 75 468 82
f 82 468 469
f 82 469 85
f 85 469 470
f 85 470 87
f 87 470 471
f 87 471 108
f 108 471 472
f 108 472 90
f 90 472 473
f 90 473 89
f 89 473 474
f 89 474 74
f 74 474 475
f 74 475 71
f 71 475 476
f 71 476 99
f 99 476 477
f 99 477 97
f 97 477 478
f 97 478 95
f 95 478 465
f 479 480 481
f 111 112 482
f 482 112 483
f 482 483 484
f 484 483 485
f 484 485 486
f 486 485 479
f 486 479 487
f 487 479 481
f 488 489 129
f 129 489 130
f 481 480 490
f 490 480 491
f 123 122 492
f 157 159 119
f 119 159 133
f 119 133 120
f 120 133 132
f 120 132 121
f 139 137 493
f 493 137 135
f 493 135 134
f 132 146 493
f 493 146 145
f 145 143 493
f 493 143 141
f 493 141 139
f 122 121 492
f 492 121 132
f 492 132 489
f 489 132 493
f 489 493 130
f 130 493 134
f 119 118 157
f 157 118 114
f 157 114 155
f 155 114 115
f 155 115 153
f 11 164 117
f 117 164 147
f 117 147 116
f 116 147 149
f 116 149 115
f 115 149 151
f 115 151 153
f 485 483 112
f 480 479 125
f 125 479 485
f 492 491 123
f 123 491 480
f 123 480 124
f 124 480 125
f 485 112 125
f 125 112 110
f 125 110 126
f 126 110 442
f 126 442 113
f 113 442 444
f 113 444 127
f 127 444 64
f 127 64 12
f 166 165 494
f 166 494 431
f 431 494 163
f 431 163 164
f 167 168 330
f 330 168 331
f 495 496 497
f 497 496 498
f 186 185 499
f 499 185 260
f 500 501 502
f 502 501 503
f 210 211 504
f 504 211 258
f 504 258 206
f 206 258 207
f 234 236 505
f 224 222 506
f 506 222 507
f 214 213 508
f 508 213 218
f 508 218 506
f 506 218 225
f 506 225 224
f 214 508 215
f 215 508 509
f 215 509 18
f 510 250 509
f 509 250 16
f 509 16 18
f 23 511 22
f 22 511 512
f 22 512 248
f 248 512 246
f 246 512 513
f 246 513 244
f 244 513 242
f 242 513 514
f 242 514 241
f 241 514 515
f 241 515 239
f 505 236 515
f 515 236 238
f 515 238 239
f 234 505 229
f 229 505 516
f 229 516 230
f 230 516 517
f 230 517 231
f 222 220 507
f 507 220 228
f 507 228 517
f 517 228 227
f 517 227 231
f 23 257 511
f 511 257 256
f 511 256 518
f 256 254 518
f 518 254 253
f 518 253 510
f 510 253 251
f 510 251 250
f 519 520 521
f 521 520 522
f 523 524 525
f 525 524 526
f 267 266 527
f 267 527 528
f 528 527 529
f 528 529 530
f 530 529 531
f 530 531 532
f 532 531 533
f 532 533 534
f 535 536 537
f 537 536 534
f 537 534 538
f 538 534 533
f 497 498 539
f 539 498 536
f 539 536 540
f 540 536 535
f 541 542 20
f 17 249 503
f 503 249 252
f 503 252 525
f 525 252 255
f 525 255 523
f 260 19 543
f 543 19 17
f 543 17 501
f 501 17 503
f 541 20 520
f 523 255 542
f 542 255 21
f 542 21 20
f 544 545 283
f 283 545 273
f 283 273 285
f 285 273 546
f 285 546 287
f 287 546 281
f 546 547 281
f 281 547 522
f 281 522 29
f 29 522 520
f 29 520 31
f 31 520 20
f 268 269 548
f 548 269 549
f 548 549 550
f 550 549 551
f 550 551 552
f 552 551 553
f 552 553 554
f 554 553 555
f 554 555 556
f 556 555 557
f 558 559 560
f 560 559 561
f 561 562 560
f 560 562 563
f 563 562 564
f 564 562 271
f 564 271 270
f 272 273 565
f 565 273 545
f 565 545 566
f 566 545 567
f 567 545 544
f 567 544 568
f 568 544 283
f 568 283 282
f 210 569 208
f 208 569 570
f 208 570 277
f 277 570 571
f 277 571 276
f 276 571 275
f 275 571 572
f 275 572 274
f 274 572 573
f 274 573 26
f 26 573 24
f 24 573 574
f 24 574 278
f 278 574 280
f 280 574 575
f 280 575 279
f 279 575 30
f 30 575 576
f 30 576 28
f 577 578 282
f 282 284 577
f 577 284 286
f 577 286 579
f 579 286 288
f 579 288 576
f 576 288 289
f 576 289 28
f 580 581 582
f 582 581 583
f 583 581 584
f 584 581 585
f 584 585 586
f 586 585 587
f 586 587 588
f 589 590 591
f 591 590 592
f 591 592 593
f 593 592 594
f 593 594 595
f 595 594 596
f 595 596 587
f 587 596 597
f 587 597 588
f 598 599 589
f 589 599 600
f 589 600 590
f 601 602 603
f 603 602 604
f 603 604 605
f 605 604 606
f 605 606 598
f 598 606 607
f 598 607 599
f 601 603 608
f 608 603 609
f 608 609 610
f 610 609 611
f 610 611 612
f 612 611 613
f 612 613 614
f 614 613 615
f 614 615 616
f 582 617 580
f 580 617 618
f 580 618 619
f 619 618 620
f 619 620 621
f 621 620 622
f 621 622 623
f 623 622 624
f 623 624 615
f 615 624 625
f 615 625 616
f 626 292 627
f 627 292 303
f 627 303 628
f 628 303 304
f 628 304 629
f 629 304 307
f 629 307 630
f 630 307 306
f 630 306 631
f 631 306 305
f 631 305 632
f 632 305 300
f 632 300 633
f 633 300 301
f 633 301 634
f 634 301 302
f 634 302 635
f 635 302 299
f 635 299 636
f 636 299 298
f 636 298 637
f 637 298 297
f 637 297 638
f 638 297 296
f 638 296 639
f 639 296 290
f 639 290 640
f 640 290 291
f 640 291 641
f 641 291 295
f 641 295 642
f 642 295 294
f 642 294 643
f 643 294 293
f 643 293 626
f 626 293 292
f 591 644 589
f 589 644 645
f 589 645 598
f 598 645 646
f 598 646 605
f 605 646 647
f 605 647 603
f 603 647 648
f 603 648 609
f 609 648 649
f 609 649 611
f 611 649 650
f 611 650 613
f 613 650 651
f 613 651 615
f 615 651 652
f 615 652 623
f 623 652 653
f 623 653 621
f 621 653 654
f 621 654 619
f 619 654 655
f 619 655 580
f 580 655 656
f 580 656 581
f 581 656 657
f 581 657 585
f 585 657 658
f 585 658 587
f 587 658 659
f 587 659 595
f 595 659 660
f 595 660 593
f 593 660 661
f 593 661 591
f 591 661 644
f 661 636 644
f 644 636 637
f 644 637 645
f 645 637 638
f 645 638 646
f 646 638 639
f 646 639 647
f 647 639 640
f 647 640 648
f 648 640 641
f 648 641 649
f 649 641 642
f 649 642 650
f 650 642 643
f 650 643 651
f 651 643 626
f 651 626 652
f 652 626 627
f 652 627 653
f 653 627 628
f 653 628 654
f 654 628 629
f 654 629 655
f 655 629 630
f 655 630 656
f 656 630 631
f 656 631 657
f 657 631 632
f 657 632 658
f 658 632 633
f 658 633 659
f 659 633 634
f 659 634 660
f 660 634 635
f 660 635 661
f 661 635 636
f 662 663 309
f 309 663 313
f 664 665 308
f 308 665 666
f 308 666 309
f 309 666 667
f 309 667 662
f 663 668 313
f 313 668 669
f 313 669 312
f 312 669 670
f 312 670 671
f 672 311 673
f 673 311 312
f 673 312 674
f 674 312 671
f 664 308 675
f 675 308 310
f 675 310 676
f 672 677 311
f 311 677 678
f 311 678 310
f 310 678 679
f 310 679 676
f 322 320 680
f 680 320 318
f 680 318 681
f 681 318 317
f 682 325 683
f 683 325 324
f 324 323 683
f 683 323 316
f 683 316 684
f 685 315 680
f 680 315 314
f 680 314 322
f 317 325 681
f 681 325 682
f 681 682 686
f 686 682 687
f 686 687 688
f 688 687 689
f 688 689 690
f 690 689 691
f 690 691 692
f 692 691 693
f 692 693 694
f 694 693 695
f 694 695 696
f 696 695 697
f 696 697 698
f 698 697 699
f 698 699 700
f 700 699 701
f 700 701 702
f 702 701 703
f 702 703 704
f 704 703 705
f 704 705 706
f 706 705 707
f 706 707 685
f 685 707 684
f 685 684 315
f 315 684 316
f 708 709 326
f 326 709 327
f 332 333 710
f 710 333 711
f 710 711 712
f 712 711 713
f 712 713 708
f 708 713 714
f 708 714 709
f 715 464 67
f 345 716 389
f 389 716 717
f 389 717 391
f 391 717 718
f 391 718 392
f 392 718 382
f 382 718 719
f 382 719 384
f 384 719 386
f 386 719 720
f 386 720 387
f 387 720 378
f 378 720 721
f 378 721 380
f 67 337 715
f 715 337 335
f 715 335 721
f 721 335 379
f 721 379 380
f 428 426 722
f 65 461 340
f 340 461 723
f 340 723 724
f 426 425 722
f 722 425 430
f 722 430 725
f 421 424 726
f 726 424 423
f 726 423 722
f 722 423 429
f 722 429 428
f 727 728 349
f 349 347 727
f 727 347 418
f 727 418 726
f 726 418 420
f 726 420 421
f 430 52 725
f 725 52 50
f 725 50 724
f 724 50 338
f 724 338 340
f 348 349 342
f 342 349 343
f 352 353 729
f 729 353 730
f 731 732 733
f 733 732 734
f 735 736 737
f 737 736 738
f 351 350 739
f 739 350 740
f 457 459 741
f 741 459 742
f 742 459 743
f 743 459 460
f 743 460 744
f 745 746 747
f 747 746 748
f 747 748 749
f 745 747 750
f 750 747 751
f 750 751 752
f 752 751 753
f 752 753 754
f 754 753 755
f 754 755 756
f 756 755 757
f 756 757 758
f 759 760 761
f 761 760 762
f 761 762 763
f 763 762 764
f 763 764 765
f 765 764 766
f 765 766 757
f 757 766 767
f 757 767 758
f 759 761 768
f 768 761 769
f 768 769 770
f 770 769 771
f 770 771 772
f 772 771 773
f 773 771 774
f 773 774 775
f 775 774 776
f 775 776 777
f 778 779 780
f 780 779 781
f 780 781 782
f 782 781 783
f 782 783 784
f 784 783 785
f 784 785 776
f 776 785 786
f 776 786 777
f 787 788 778
f 778 788 789
f 778 789 779
f 748 790 749
f 749 790 791
f 749 791 787
f 787 791 792
f 787 792 788
f 793 368 794
f 794 368 367
f 794 367 795
f 795 367 366
f 795 366 796
f 796 366 357
f 796 357 797
f 797 357 355
f 797 355 798
f 798 355 354
f 798 354 799
f 799 354 363
f 799 363 800
f 800 363 364
f 800 364 801
f 801 364 365
f 801 365 802
f 802 365 359
f 802 359 803
f 803 359 358
f 803 358 804
f 804 358 360
f 804 360 805
f 805 360 361
f 805 361 806
f 806 361 362
f 806 362 807
f 807 362 356
f 807 356 808
f 808 356 369
f 808 369 809
f 809 369 370
f 809 370 810
f 810 370 371
f 810 371 793
f 793 371 368
f 757 811 765
f 765 811 812
f 765 812 763
f 763 812 813
f 763 813 761
f 761 813 814
f 761 814 769
f 769 814 815
f 769 815 771
f 771 815 816
f 771 816 774
f 774 816 817
f 774 817 776
f 776 817 818
f 776 818 784
f 784 818 819
f 784 819 782
f 782 819 820
f 782 820 780
f 780 820 821
f 780 821 778
f 778 821 822
f 778 822 787
f 787 822 823
f 787 823 749
f 749 823 824
f 749 824 747
f 747 824 825
f 747 825 751
f 751 825 826
f 751 826 753
f 753 826 827
f 753 827 755
f 755 827 828
f 755 828 757
f 757 828 811
f 828 803 811
f 811 803 804
f 811 804 812
f 812 804 805
f 812 805 813
f 813 805 806
f 813 806 814
f 814 806 807
f 814 807 815
f 815 807 808
f 815 808 816
f 816 808 809
f 816 809 817
f 817 809 810
f 817 810 818
f 818 810 793
f 818 793 819
f 819 793 794
f 819 794 820
f 820 794 795
f 820 795 821
f 821 795 796
f 821 796 822
f 822 796 797
f 822 797 823
f 823 797 798
f 823 798 824
f 824 798 799
f 824 799 825
f 825 799 800
f 825 800 826
f 826 800 801
f 826 801 827
f 827 801 802
f 827 802 828
f 828 802 803
f 829 328 409
f 417 45 830
f 830 831 417
f 417 831 832
f 417 832 415
f 829 409 833
f 833 409 411
f 833 411 832
f 832 411 413
f 832 413 415
f 372 374 834
f 372 834 408
f 408 834 835
f 408 835 406
f 406 835 404
f 404 835 836
f 404 836 402
f 401 400 836
f 836 400 399
f 836 399 402
f 401 836 397
f 397 836 837
f 397 837 398
f 830 45 837
f 837 45 47
f 47 393 837
f 837 393 395
f 837 395 398
f 838 839 840
f 840 839 841
f 840 841 842
f 842 841 843
f 842 843 844
f 374 375 845
f 845 375 844
f 845 844 846
f 846 844 843
f 839 838 847
f 847 838 848
f 331 168 51
f 331 51 333
f 333 51 427
f 333 427 711
f 711 427 422
f 711 422 713
f 405 403 383
f 407 849 373
f 373 849 848
f 838 840 850
f 850 840 842
f 848 838 373
f 373 838 850
f 373 850 375
f 375 850 842
f 375 842 844
f 713 422 714
f 714 422 419
f 714 419 346
f 346 348 714
f 714 348 342
f 714 342 344
f 344 388 396
f 396 388 390
f 396 390 403
f 403 390 381
f 403 381 383
f 344 396 714
f 714 396 394
f 714 394 48
f 329 327 851
f 416 414 412
f 416 851 46
f 46 851 327
f 46 327 48
f 48 327 709
f 48 709 714
f 416 412 851
f 851 412 410
f 851 410 329
f 385 377 852
f 852 853 385
f 385 853 849
f 385 849 383
f 383 849 407
f 383 407 405
f 854 852 440
f 440 852 377
f 440 377 435
f 435 377 376
f 435 376 334
f 855 853 856
f 856 853 852
f 441 435 857
f 857 435 433
f 857 433 858
f 858 433 859
f 859 433 432
f 859 432 860
f 860 432 434
f 860 434 447
f 856 852 861
f 861 852 854
f 861 854 862
f 862 854 440
f 862 440 439
f 863 864 865
f 866 867 868
f 869 870 871
f 872 873 874
f 875 876 868
f 868 876 869
f 875 868 865
f 865 868 877
f 865 877 878
f 869 871 868
f 868 871 879
f 868 879 866
f 874 863 872
f 872 863 865
f 872 865 880
f 880 865 878
f 111 881 109
f 109 881 882
f 109 882 443
f 443 882 446
f 446 882 883
f 446 883 445
f 445 883 63
f 63 883 884
f 63 884 61
f 885 886 447
f 447 448 885
f 885 448 449
f 885 449 887
f 887 449 450
f 887 450 884
f 884 450 451
f 884 451 61
f 888 889 890
f 890 891 888
f 888 891 892
f 888 892 893
f 893 892 894
f 893 894 895
f 894 896 895
f 895 896 897
f 895 897 898
f 897 899 898
f 898 899 900
f 898 900 901
f 900 902 901
f 901 902 903
f 901 903 904
f 904 903 905
f 904 905 906
f 906 905 907
f 906 907 908
f 908 907 909
f 908 909 910
f 910 909 911
f 910 911 912
f 912 911 913
f 912 913 914
f 914 913 915
f 914 915 889
f 889 915 916
f 889 916 890
f 898 917 895
f 895 917 918
f 895 918 893
f 893 918 919
f 893 919 888
f 888 919 920
f 888 920 889
f 889 920 921
f 889 921 914
f 914 921 922
f 914 922 912
f 912 922 923
f 912 923 910
f 910 923 924
f 910 924 908
f 908 924 925
f 908 925 906
f 906 925 926
f 906 926 904
f 904 926 927
f 904 927 901
f 901 927 928
f 901 928 898
f 898 928 917
f 929 718 930
f 930 718 717
f 930 717 716
f 931 464 932
f 932 464 715
f 932 715 933
f 933 715 721
f 933 721 452
f 452 721 720
f 452 720 453
f 453 720 455
f 455 720 719
f 455 719 456
f 456 719 718
f 456 718 934
f 934 718 929
f 934 929 935
f 744 460 456
f 456 460 454
f 454 460 452
f 452 460 458
f 452 458 936
f 936 458 937
f 937 458 457
f 937 457 741
f 938 939 940
f 940 941 938
f 938 941 942
f 938 942 943
f 943 942 944
f 943 944 945
f 945 944 463
f 945 463 946
f 946 463 931
f 931 463 464
f 947 948 940
f 939 949 940
f 940 949 950
f 940 950 947
f 940 951 952
f 940 952 941
f 941 952 953
f 941 953 942
f 942 953 954
f 942 954 944
f 944 954 462
f 944 462 463
f 955 728 727
f 725 473 472
f 956 957 465
f 465 957 958
f 465 958 466
f 466 958 959
f 466 959 467
f 465 478 956
f 956 478 477
f 956 477 960
f 960 477 476
f 959 961 467
f 467 961 962
f 467 962 468
f 468 962 963
f 468 963 469
f 474 953 952
f 473 725 474
f 474 725 724
f 474 724 953
f 953 724 723
f 953 723 954
f 954 723 461
f 954 461 462
f 963 964 469
f 469 964 965
f 469 965 470
f 470 965 966
f 470 966 471
f 471 966 967
f 471 967 968
f 472 471 725
f 725 471 968
f 725 968 722
f 722 968 955
f 722 955 726
f 726 955 727
f 952 951 474
f 474 951 969
f 474 969 475
f 475 969 970
f 475 970 476
f 476 970 971
f 476 971 960
f 490 972 481
f 481 972 973
f 481 973 487
f 487 973 974
f 487 974 486
f 486 974 484
f 484 974 975
f 484 975 482
f 482 975 881
f 482 881 111
f 490 491 976
f 976 491 492
f 976 492 488
f 488 492 489
f 140 142 977
f 978 979 163
f 980 150 979
f 979 150 148
f 979 148 163
f 981 154 980
f 980 154 152
f 980 152 150
f 982 161 981
f 981 161 160
f 160 158 981
f 981 158 156
f 981 156 154
f 977 142 983
f 142 144 983
f 983 144 162
f 983 162 982
f 982 162 131
f 982 131 161
f 140 977 138
f 138 977 984
f 138 984 136
f 136 984 985
f 136 985 128
f 128 985 986
f 128 986 129
f 332 987 330
f 330 987 988
f 163 494 978
f 978 494 165
f 978 165 988
f 988 165 167
f 988 167 330
f 989 990 991
f 991 990 992
f 993 994 995
f 995 994 996
f 991 992 997
f 997 992 998
f 999 1000 998
f 998 1000 1001
f 998 1001 997
f 998 1002 999
f 999 1002 1003
f 999 1003 1004
f 1004 1003 1005
f 1005 1003 1006
f 1005 1006 1007
f 1007 1006 1008
f 1008 1006 496
f 1008 496 495
f 1009 527 1010
f 1010 527 266
f 1010 266 268
f 538 533 1011
f 1011 533 531
f 1011 531 1009
f 1009 531 529
f 1009 529 527
f 538 1011 537
f 537 1011 1012
f 537 1012 535
f 1013 495 1012
f 1012 495 497
f 497 539 1012
f 1012 539 540
f 1012 540 535
f 501 500 543
f 543 500 1014
f 1014 1015 543
f 543 1015 499
f 543 499 260
f 502 503 993
f 993 503 994
f 733 1016 731
f 731 1016 1017
f 731 1017 1018
f 1019 1020 733
f 733 1020 737
f 733 737 1016
f 1016 737 1021
f 1016 1021 1017
f 206 170 1022
f 1023 1024 1022
f 1022 1024 569
f 569 210 1022
f 1022 210 504
f 1022 504 206
f 1025 1026 1027
f 1027 1026 1028
f 1028 1029 1030
f 1031 1032 1033
f 1034 546 1035
f 1035 546 1031
f 1035 1031 1036
f 1036 1031 1033
f 1037 1038 1039
f 1039 1038 1040
f 1039 1040 1041
f 1041 1040 1042
f 1041 1042 1032
f 1032 1042 1043
f 1032 1043 1033
f 1044 1045 1046
f 1046 1045 1047
f 1046 1047 1048
f 1048 1047 1049
f 1048 1049 1037
f 1037 1049 1050
f 1037 1050 1038
f 546 1034 547
f 547 1034 1051
f 521 522 1051
f 1051 522 547
f 515 1052 505
f 505 1052 1053
f 505 1053 516
f 516 1053 1054
f 516 1054 517
f 517 1054 1055
f 517 1055 507
f 507 1055 1056
f 507 1056 506
f 506 1056 1057
f 506 1057 508
f 508 1057 1058
f 508 1058 509
f 509 1058 1059
f 509 1059 510
f 510 1059 1060
f 510 1060 518
f 518 1060 1061
f 518 1061 511
f 511 1061 1062
f 511 1062 512
f 512 1062 1063
f 512 1063 513
f 513 1063 1064
f 513 1064 514
f 514 1064 1065
f 514 1065 515
f 515 1065 1052
f 1066 519 1067
f 1067 519 521
f 1067 521 1068
f 1068 521 1069
f 524 523 1070
f 1070 523 542
f 1070 542 1071
f 1071 542 541
f 1071 541 519
f 519 541 520
f 1072 1073 1074
f 1072 1074 1075
f 1075 1074 1076
f 1075 1076 1077
f 1077 1076 1078
f 1077 1078 1079
f 1080 1081 1082
f 1082 1081 1083
f 1082 1083 1078
f 1078 1083 1084
f 1078 1084 1079
f 525 526 1082
f 1082 526 1085
f 1082 1085 1080
f 1086 1087 1044
f 1044 1087 1045
f 994 503 525
f 994 525 996
f 996 525 1082
f 996 1082 1088
f 1088 1082 1078
f 1088 1078 1089
f 530 532 1039
f 528 1090 267
f 267 1090 557
f 555 553 1091
f 1091 553 551
f 557 555 267
f 267 555 1091
f 267 1091 269
f 269 1091 551
f 269 551 549
f 1089 1078 1092
f 1092 1078 1076
f 1092 1076 1074
f 1074 1093 1092
f 1092 1093 1086
f 1092 1086 1044
f 1044 1046 534
f 534 1046 1048
f 534 1048 532
f 532 1048 1037
f 532 1037 1039
f 1044 534 1092
f 1092 534 536
f 1092 536 498
f 992 990 1094
f 1006 1003 1002
f 1006 1094 496
f 496 1094 990
f 496 990 498
f 498 990 1095
f 498 1095 1092
f 1006 1002 1094
f 1094 1002 998
f 1094 998 992
f 1041 1032 561
f 561 559 1041
f 1041 559 1090
f 1041 1090 1039
f 1039 1090 528
f 1039 528 530
f 562 561 271
f 271 561 1032
f 271 1032 273
f 273 1032 1031
f 273 1031 546
f 1074 1073 1093
f 1093 1073 1096
f 1097 1098 1099
f 1099 1098 1100
f 1101 1068 1102
f 1102 1103 1101
f 1101 1103 1104
f 1101 1104 1105
f 1105 1104 1106
f 1105 1106 1107
f 1107 1106 1108
f 1107 1108 1109
f 1102 1068 1110
f 1110 1068 1069
f 1111 1112 1113
f 1114 1097 1099
f 1113 1115 1111
f 1111 1115 1116
f 1111 1116 1117
f 1117 1116 1114
f 1117 1114 1118
f 1118 1114 1099
f 1119 1010 268
f 552 554 1120
f 268 548 1119
f 1119 548 550
f 1119 550 1121
f 1121 550 552
f 1121 552 1122
f 1122 552 1120
f 556 557 558
f 558 557 1090
f 558 1090 559
f 282 578 568
f 568 578 1123
f 272 1124 270
f 270 1124 1125
f 558 560 1126
f 1126 560 563
f 1126 563 1125
f 1125 563 564
f 1125 564 270
f 272 565 1124
f 1124 565 566
f 1124 566 1123
f 1123 566 567
f 1123 567 568
f 570 569 1127
f 1127 569 1024
f 1128 1129 1123
f 1123 1129 1124
f 1126 1125 1130
f 1130 1125 1124
f 1130 1124 1131
f 1131 1124 1129
f 570 1127 571
f 571 1127 1132
f 571 1132 1133
f 575 574 1134
f 1134 574 573
f 1134 573 1133
f 1133 573 572
f 1133 572 571
f 1134 1135 575
f 575 1135 1136
f 575 1136 576
f 576 1136 1137
f 576 1137 579
f 579 1137 1138
f 579 1138 577
f 577 1138 1128
f 577 1128 578
f 578 1128 1123
f 1024 1023 1139
f 1138 1137 620
f 620 618 1138
f 1138 618 617
f 1138 617 1128
f 617 582 1128
f 1128 582 583
f 1128 583 1129
f 588 1131 586
f 586 1131 1129
f 586 1129 584
f 584 1129 583
f 1140 1141 1130
f 602 1132 604
f 604 1132 1127
f 602 601 1132
f 1132 601 608
f 1132 608 1133
f 608 610 1133
f 1133 610 612
f 1133 612 1134
f 612 614 1134
f 1134 614 616
f 1134 616 1135
f 1135 616 625
f 1135 625 1136
f 1136 625 624
f 1136 624 1137
f 1137 624 622
f 1137 622 620
f 588 597 1131
f 1131 597 596
f 1131 596 1130
f 1130 596 594
f 1130 594 1140
f 1140 594 592
f 1140 592 1142
f 592 590 1142
f 1142 590 600
f 1142 600 1139
f 1139 600 599
f 1139 599 1024
f 1024 599 607
f 1024 607 1127
f 1127 607 606
f 1127 606 604
f 1143 1144 1145
f 1145 1144 1146
f 1146 1144 1147
f 1147 1144 1148
f 1147 1148 1149
f 1149 1148 1150
f 1149 1150 1151
f 1152 1153 1154
f 1154 1153 1155
f 1154 1155 1156
f 1156 1155 1157
f 1156 1157 1158
f 1158 1157 1159
f 1158 1159 1150
f 1150 1159 1160
f 1150 1160 1151
f 1161 1162 1152
f 1152 1162 1163
f 1152 1163 1153
f 1164 1165 1166
f 1166 1165 1167
f 1166 1167 1168
f 1168 1167 1169
f 1168 1169 1161
f 1161 1169 1170
f 1161 1170 1162
f 1164 1166 1171
f 1171 1166 1172
f 1171 1172 1173
f 1173 1172 1174
f 1173 1174 1175
f 1175 1174 1176
f 1175 1176 1177
f 1177 1176 1178
f 1177 1178 1179
f 1145 1180 1143
f 1143 1180 1181
f 1143 1181 1182
f 1182 1181 1183
f 1182 1183 1184
f 1184 1183 1185
f 1184 1185 1186
f 1186 1185 1187
f 1186 1187 1178
f 1178 1187 1188
f 1178 1188 1179
f 1189 664 1190
f 1190 664 675
f 1190 675 1191
f 1191 675 676
f 1191 676 1192
f 1192 676 679
f 1192 679 1193
f 1193 679 678
f 1193 678 1194
f 1194 678 677
f 1194 677 1195
f 1195 677 672
f 1195 672 1196
f 1196 672 673
f 1196 673 1197
f 1197 673 674
f 1197 674 1198
f 1198 674 671
f 1198 671 1199
f 1199 671 670
f 1199 670 1200
f 1200 670 669
f 1200 669 1201
f 1201 669 668
f 1201 668 1202
f 1202 668 663
f 1202 663 1203
f 1203 663 662
f 1203 662 1204
f 1204 662 667
f 1204 667 1205
f 1205 667 666
f 1205 666 1206
f 1206 666 665
f 1206 665 1189
f 1189 665 664
f 1154 1207 1152
f 1152 1207 1208
f 1152 1208 1161
f 1161 1208 1209
f 1161 1209 1168
f 1168 1209 1210
f 1168 1210 1166
f 1166 1210 1211
f 1166 1211 1172
f 1172 1211 1212
f 1172 1212 1174
f 1174 1212 1213
f 1174 1213 1176
f 1176 1213 1214
f 1176 1214 1178
f 1178 1214 1215
f 1178 1215 1186
f 1186 1215 1216
f 1186 1216 1184
f 1184 1216 1217
f 1184 1217 1182
f 1182 1217 1218
f 1182 1218 1143
f 1143 1218 1219
f 1143 1219 1144
f 1144 1219 1220
f 1144 1220 1148
f 1148 1220 1221
f 1148 1221 1150
f 1150 1221 1222
f 1150 1222 1158
f 1158 1222 1223
f 1158 1223 1156
f 1156 1223 1224
f 1156 1224 1154
f 1154 1224 1207
f 1224 1199 1207
f 1207 1199 1200
f 1207 1200 1208
f 1208 1200 1201
f 1208 1201 1209
f 1209 1201 1202
f 1209 1202 1210
f 1210 1202 1203
f 1210 1203 1211
f 1211 1203 1204
f 1211 1204 1212
f 1212 1204 1205
f 1212 1205 1213
f 1213 1205 1206
f 1213 1206 1214
f 1214 1206 1189
f 1214 1189 1215
f 1215 1189 1190
f 1215 1190 1216
f 1216 1190 1191
f 1216 1191 1217
f 1217 1191 1192
f 1217 1192 1218
f 1218 1192 1193
f 1218 1193 1219
f 1219 1193 1194
f 1219 1194 1220
f 1220 1194 1195
f 1220 1195 1221
f 1221 1195 1196
f 1221 1196 1222
f 1222 1196 1197
f 1222 1197 1223
f 1223 1197 1198
f 1223 1198 1224
f 1224 1198 1199
f 698 1225 696
f 696 1225 1226
f 696 1226 694
f 685 1227 706
f 706 1227 1228
f 706 1228 704
f 704 1228 1229
f 704 1229 702
f 702 1229 1230
f 702 1230 700
f 700 1230 1231
f 700 1231 698
f 698 1231 1232
f 698 1232 1225
f 1233 688 690
f 681 1234 680
f 680 1234 1235
f 680 1235 685
f 685 1235 1236
f 685 1236 1227
f 1226 1237 694
f 694 1237 1238
f 694 1238 692
f 692 1238 1239
f 692 1239 690
f 690 1239 1240
f 690 1240 1233
f 1233 1241 688
f 688 1241 1242
f 688 1242 686
f 686 1242 1243
f 686 1243 681
f 681 1243 1244
f 681 1244 1234
f 1245 1246 1247
f 1247 1246 1248
f 1247 1248 1249
f 1249 1248 1250
f 1249 1250 1251
f 1251 1250 1252
f 1251 1252 1253
f 1253 1252 1254
f 1253 1254 1255
f 1255 1254 1256
f 1255 1256 1257
f 1257 1256 1258
f 1257 1258 1259
f 1259 1258 1260
f 1259 1260 1261
f 1261 1260 1262
f 1261 1262 1263
f 1263 1262 1264
f 1263 1264 1265
f 1265 1264 1266
f 1265 1266 1267
f 1266 1268 1267
f 1267 1268 1269
f 1267 1269 1270
f 1270 1269 1271
f 1270 1271 1272
f 1272 1271 1273
f 1272 1273 1274
f 1274 1273 1275
f 1274 1275 1276
f 1276 1275 1277
f 1276 1277 1278
f 1278 1277 1279
f 1278 1279 1280
f 1280 1279 1281
f 1280 1281 1282
f 1282 1281 1283
f 1282 1283 1284
f 1284 1283 1285
f 1284 1285 1245
f 1245 1285 1286
f 1245 1286 1246
f 1287 1288 1289
f 1287 1289 1290
f 1290 1289 1291
f 1290 1291 1292
f 1292 1291 1293
f 1292 1293 1294
f 1294 1293 1295
f 1294 1295 1296
f 1296 1295 1297
f 1296 1297 1298
f 1298 1297 1299
f 1298 1299 1300
f 1300 1299 1301
f 1300 1301 1302
f 1302 1301 1303
f 1302 1303 1304
f 1304 1303 1305
f 1304 1305 1306
f 1306 1305 1307
f 1306 1307 1308
f 1308 1307 1309
f 1308 1309 1310
f 1310 1309 1311
f 1310 1311 1312
f 1312 1311 1313
f 1312 1313 1314
f 1314 1313 1315
f 1314 1315 1316
f 1317 1318 1319
f 1319 1318 1320
f 1319 1320 1287
f 1287 1320 1288
f 1321 1322 1317
f 1317 1322 1323
f 1324 1318 1325
f 1325 1318 1317
f 1325 1317 1326
f 1326 1317 1323
f 691 1327 693
f 693 1327 1328
f 693 1328 695
f 695 1328 1329
f 695 1329 697
f 697 1329 1330
f 697 1330 699
f 699 1330 1331
f 699 1331 701
f 701 1331 1332
f 701 1332 703
f 703 1332 1333
f 703 1333 705
f 705 1333 1334
f 705 1334 707
f 707 1334 1335
f 707 1335 684
f 684 1335 1336
f 684 1336 683
f 683 1336 1337
f 683 1337 682
f 682 1337 1338
f 682 1338 687
f 687 1338 1339
f 687 1339 689
f 689 1339 1340
f 689 1340 691
f 691 1340 1327
f 1341 1342 1343
f 1341 1343 1344
f 1344 1343 1345
f 1344 1345 1346
f 1346 1345 1347
f 1346 1347 1348
f 1348 1347 1349
f 1348 1349 1350
f 1351 1352 1353
f 1353 1352 1342
f 1353 1342 1341
f 1354 1355 829
f 829 1355 987
f 987 332 710
f 710 712 987
f 987 712 708
f 987 708 829
f 829 708 326
f 829 326 328
f 955 1356 728
f 728 1356 1357
f 716 345 343
f 929 930 1357
f 1357 930 716
f 1357 716 728
f 728 716 343
f 728 343 349
f 1358 1359 1357
f 1357 1359 935
f 1357 935 929
f 1141 1360 1113
f 1113 1360 1361
f 1362 1363 730
f 730 1363 729
f 737 1020 735
f 735 1020 1364
f 735 1364 739
f 739 1364 351
f 1321 1365 1322
f 1322 1365 1366
f 1322 1366 1323
f 1367 1324 1368
f 1368 1324 1325
f 1368 1325 1366
f 1366 1325 1326
f 1366 1326 1323
f 1368 1369 1367
f 1367 1369 1370
f 1367 1370 1371
f 1030 1372 1028
f 1028 1372 1373
f 1028 1373 1027
f 1027 1373 1025
f 1025 1373 1374
f 1025 1374 1375
f 1376 1377 1378
f 1378 1377 1374
f 1378 1374 1379
f 1376 1378 1380
f 1380 1378 1381
f 1380 1381 1382
f 1383 1384 1385
f 1385 1384 1386
f 1385 1386 1381
f 1381 1386 1387
f 1381 1387 1382
f 1019 733 1372
f 1372 733 734
f 1372 734 1373
f 732 731 1018
f 732 1018 1388
f 1388 1018 1017
f 1388 1017 1389
f 1389 1017 1390
f 1390 1017 1021
f 1390 1021 1391
f 1391 1021 737
f 1391 737 738
f 736 735 740
f 740 735 739
f 1392 1393 1394
f 1395 1396 1397
f 1397 1396 1398
f 1398 1399 1397
f 1397 1399 1400
f 1397 1400 1392
f 1401 1397 1402
f 1402 1397 1392
f 1402 1392 1403
f 1403 1392 1394
f 1404 1405 1406
f 1406 1405 1407
f 1404 1406 1408
f 1409 1410 1411
f 1411 1410 1412
f 1409 1413 1410
f 1410 1413 1414
f 1410 1414 1408
f 1408 1414 1415
f 1408 1415 1404
f 1416 1417 1418
f 1416 1418 1419
f 1418 1420 1419
f 1419 1420 1421
f 1419 1421 1412
f 1412 1421 1422
f 1412 1422 1411
f 743 937 742
f 742 937 741
f 744 456 934
f 1423 743 1424
f 1424 743 1425
f 934 935 744
f 744 935 1359
f 744 1359 743
f 743 1359 1426
f 743 1426 1425
f 1427 1423 1424
f 1427 1424 1428
f 1428 1424 1425
f 1428 1425 1429
f 1429 1425 1426
f 1429 1426 1430
f 1430 1426 1359
f 1430 1359 1358
f 1431 1432 1433
f 1434 1355 1354
f 789 1435 1436
f 789 788 1435
f 1435 788 792
f 1435 792 1437
f 792 791 1437
f 1437 791 790
f 1437 790 1438
f 790 748 1438
f 1438 748 746
f 1438 746 1439
f 746 745 1439
f 1439 745 750
f 1439 750 1440
f 750 752 1440
f 1440 752 754
f 1440 754 1441
f 754 756 1441
f 1441 756 758
f 1441 758 1442
f 758 767 1442
f 1442 767 766
f 1442 766 1443
f 760 1444 762
f 762 1444 1443
f 762 1443 764
f 764 1443 766
f 760 759 1444
f 1444 759 768
f 1444 768 1354
f 1354 768 770
f 1354 770 1434
f 1434 770 772
f 1434 772 1445
f 777 1446 775
f 775 1446 1445
f 775 1445 773
f 773 1445 772
f 777 786 1446
f 1446 786 785
f 1446 785 1433
f 1433 785 783
f 1433 783 1431
f 1431 783 781
f 1431 781 1436
f 1436 781 779
f 1436 779 789
f 1441 1442 830
f 830 1442 831
f 831 1442 1443
f 831 1443 832
f 832 1443 1444
f 832 1444 833
f 833 1444 1354
f 833 1354 829
f 834 1439 835
f 835 1439 1440
f 835 1440 836
f 836 1440 1441
f 836 1441 837
f 837 1441 830
f 1447 1431 1448
f 1448 1431 1436
f 1448 1436 1449
f 1449 1436 1435
f 1449 1435 1450
f 1450 1435 1437
f 1450 1437 834
f 834 1437 1438
f 834 1438 1439
f 834 374 845
f 834 845 1450
f 841 839 1447
f 845 846 1450
f 1450 846 843
f 1450 843 1449
f 1449 843 841
f 1449 841 1448
f 1448 841 1447
f 847 848 855
f 855 848 849
f 855 849 853
f 855 856 1451
f 1451 856 861
f 1451 861 1452
f 447 886 860
f 860 886 1453
f 441 1454 439
f 439 1454 1452
f 439 1452 862
f 862 1452 861
f 441 857 1454
f 1454 857 858
f 1454 858 1453
f 1453 858 859
f 1453 859 860
f 1455 1456 1457
f 1457 1456 1458
f 1457 1458 1459
f 1455 1457 1460
f 1460 1457 1461
f 1460 1461 1462
f 1462 1461 1463
f 1462 1463 1464
f 1464 1463 1465
f 1464 1465 1466
f 1466 1465 1467
f 1466 1467 1468
f 1469 1470 1471
f 1471 1470 1472
f 1471 1472 1473
f 1473 1472 1474
f 1473 1474 1475
f 1475 1474 1476
f 1475 1476 1467
f 1467 1476 1477
f 1467 1477 1468
f 1469 1471 1478
f 1478 1471 1479
f 1478 1479 1480
f 1480 1479 1481
f 1480 1481 1482
f 1482 1481 1483
f 1483 1481 1484
f 1483 1484 1485
f 1485 1484 1486
f 1485 1486 1487
f 1488 1489 1490
f 1490 1489 1491
f 1490 1491 1492
f 1492 1491 1493
f 1492 1493 1494
f 1494 1493 1495
f 1494 1495 1486
f 1486 1495 1496
f 1486 1496 1487
f 1497 1498 1488
f 1488 1498 1499
f 1488 1499 1489
f 1458 1500 1459
f 1459 1500 1501
f 1459 1501 1497
f 1497 1501 1502
f 1497 1502 1498
f 1503 868 1504
f 1504 868 867
f 1504 867 1505
f 1505 867 866
f 1505 866 1506
f 1506 866 879
f 1506 879 1507
f 1507 879 871
f 1507 871 1508
f 1508 871 870
f 1508 870 1509
f 1509 870 869
f 1509 869 1510
f 1510 869 876
f 1510 876 1511
f 1511 876 875
f 1511 875 1512
f 1512 875 865
f 1512 865 1513
f 1513 865 864
f 1513 864 1514
f 1514 864 863
f 1514 863 1515
f 1515 863 874
f 1515 874 1516
f 1516 874 873
f 1516 873 1517
f 1517 873 872
f 1517 872 1518
f 1518 872 880
f 1518 880 1519
f 1519 880 878
f 1519 878 1520
f 1520 878 877
f 1520 877 1503
f 1503 877 868
f 1467 1521 1475
f 1475 1521 1522
f 1475 1522 1473
f 1473 1522 1523
f 1473 1523 1471
f 1471 1523 1524
f 1471 1524 1479
f 1479 1524 1525
f 1479 1525 1481
f 1481 1525 1526
f 1481 1526 1484
f 1484 1526 1527
f 1484 1527 1486
f 1486 1527 1528
f 1486 1528 1494
f 1494 1528 1529
f 1494 1529 1492
f 1492 1529 1530
f 1492 1530 1490
f 1490 1530 1531
f 1490 1531 1488
f 1488 1531 1532
f 1488 1532 1497
f 1497 1532 1533
f 1497 1533 1459
f 1459 1533 1534
f 1459 1534 1457
f 1457 1534 1535
f 1457 1535 1461
f 1461 1535 1536
f 1461 1536 1463
f 1463 1536 1537
f 1463 1537 1465
f 1465 1537 1538
f 1465 1538 1467
f 1467 1538 1521
f 1538 1513 1521
f 1521 1513 1514
f 1521 1514 1522
f 1522 1514 1515
f 1522 1515 1523
f 1523 1515 1516
f 1523 1516 1524
f 1524 1516 1517
f 1524 1517 1525
f 1525 1517 1518
f 1525 1518 1526
f 1526 1518 1519
f 1526 1519 1527
f 1527 1519 1520
f 1527 1520 1528
f 1528 1520 1503
f 1528 1503 1529
f 1529 1503 1504
f 1529 1504 1530
f 1530 1504 1505
f 1530 1505 1531
f 1531 1505 1506
f 1531 1506 1532
f 1532 1506 1507
f 1532 1507 1533
f 1533 1507 1508
f 1533 1508 1534
f 1534 1508 1509
f 1534 1509 1535
f 1535 1509 1510
f 1535 1510 1536
f 1536 1510 1511
f 1536 1511 1537
f 1537 1511 1512
f 1537 1512 1538
f 1538 1512 1513
f 972 1539 973
f 973 1539 1540
f 973 1540 974
f 974 1540 1541
f 974 1541 975
f 975 1541 1542
f 975 1542 881
f 881 1542 882
f 882 1542 1543
f 882 1543 883
f 883 1543 1544
f 883 1544 884
f 884 1544 1545
f 884 1545 887
f 887 1545 1546
f 887 1546 885
f 885 1546 1547
f 885 1547 886
f 886 1547 1453
f 1453 1547 1548
f 1453 1548 1454
f 1454 1548 1549
f 1454 1549 1452
f 1452 1549 1550
f 1452 1550 1451
f 892 1551 894
f 894 1551 1552
f 894 1552 896
f 896 1552 1553
f 896 1553 897
f 897 1553 1554
f 897 1554 899
f 899 1554 1555
f 899 1555 900
f 900 1555 1556
f 900 1556 902
f 902 1556 1557
f 902 1557 903
f 903 1557 1558
f 903 1558 905
f 905 1558 1559
f 905 1559 907
f 907 1559 1560
f 907 1560 909
f 909 1560 1561
f 909 1561 911
f 911 1561 1562
f 911 1562 913
f 913 1562 1563
f 913 1563 915
f 915 1563 1564
f 915 1564 916
f 916 1564 1565
f 916 1565 890
f 890 1565 1566
f 890 1566 891
f 891 1566 1567
f 891 1567 892
f 892 1567 1551
f 925 924 1568
f 1568 1569 925
f 925 1569 1570
f 925 1570 926
f 926 1570 1571
f 926 1571 927
f 927 1571 1572
f 927 1572 928
f 928 1572 1573
f 928 1573 917
f 917 1573 1574
f 917 1574 918
f 918 1574 1575
f 918 1575 919
f 919 1575 1576
f 919 1576 920
f 920 1576 1577
f 920 1577 921
f 921 1577 1578
f 921 1578 922
f 922 1578 1579
f 922 1579 923
f 923 1579 1580
f 923 1580 924
f 924 1580 1581
f 924 1581 1568
f 946 931 936
f 931 932 936
f 936 932 933
f 936 933 452
f 1582 937 1583
f 1583 937 1584
f 943 945 938
f 938 945 946
f 938 946 939
f 939 946 936
f 1582 1585 937
f 937 1585 1586
f 937 1586 936
f 936 1586 1587
f 936 1587 939
f 939 1587 1588
f 939 1588 949
f 1589 1590 1586
f 1586 1590 1587
f 1590 1591 1587
f 1587 1591 1588
f 1588 1591 949
f 949 1591 1592
f 949 1592 950
f 950 1592 1593
f 950 1593 947
f 947 1593 1594
f 947 1594 948
f 948 1594 1595
f 951 940 948
f 1356 955 1596
f 1596 955 968
f 1596 968 1597
f 1597 968 967
f 1597 967 1598
f 1598 967 966
f 1598 966 1599
f 1599 966 965
f 1599 965 1600
f 1600 965 964
f 1600 964 1601
f 1601 964 963
f 1601 963 1602
f 1602 963 962
f 1602 962 1603
f 1603 962 961
f 1603 961 1604
f 1604 961 959
f 1604 959 1605
f 1605 959 958
f 1605 958 1606
f 1606 958 957
f 1606 957 1607
f 1607 957 956
f 1607 956 1608
f 1608 956 960
f 1608 960 1609
f 1609 960 971
f 1609 971 1595
f 1595 971 970
f 1595 970 948
f 948 970 969
f 948 969 951
f 488 129 986
f 1610 1539 986
f 986 1539 972
f 972 490 986
f 986 490 976
f 986 976 488
f 987 1611 1612
f 984 1613 985
f 985 1613 1614
f 985 1614 986
f 986 1614 1615
f 986 1615 1616
f 977 1617 984
f 984 1617 1618
f 984 1618 1613
f 980 1619 981
f 981 1619 1620
f 981 1620 982
f 982 1620 1621
f 982 1621 983
f 983 1621 1622
f 983 1622 977
f 977 1622 1623
f 977 1623 1617
f 979 978 1624
f 1624 1625 979
f 979 1625 1626
f 979 1626 980
f 980 1626 1627
f 980 1627 1619
f 987 1612 988
f 988 1612 1628
f 988 1628 978
f 978 1628 1629
f 978 1629 1624
f 1370 1630 1371
f 1371 1630 1631
f 1632 1633 1634
f 1635 1636 1637
f 1122 1120 1638
f 1638 1120 1639
f 1637 1640 1635
f 1635 1640 1641
f 1635 1641 1642
f 1122 1638 1121
f 1121 1638 1643
f 1121 1643 1644
f 1632 1634 1641
f 1641 1634 1645
f 1641 1645 1642
f 1632 1013 1633
f 1633 1013 1012
f 1633 1012 1646
f 1646 1012 1011
f 1646 1011 1647
f 1647 1011 1009
f 1647 1009 1648
f 1648 1009 1010
f 1648 1010 1644
f 1644 1010 1119
f 1644 1119 1121
f 1649 1095 989
f 989 1095 990
f 995 996 1650
f 1650 996 1088
f 1650 1088 1651
f 1651 1088 1089
f 1651 1089 1649
f 1649 1089 1092
f 1649 1092 1095
f 1637 991 997
f 1637 997 1640
f 1632 1641 1004
f 1004 1005 1632
f 1632 1005 1007
f 1632 1007 1013
f 1013 1007 1008
f 1013 1008 495
f 997 1001 1640
f 1640 1001 1000
f 1640 1000 1641
f 1641 1000 999
f 1641 999 1004
f 198 200 1652
f 995 1653 993
f 993 1653 1654
f 1655 500 1654
f 1654 500 502
f 1654 502 993
f 186 499 1656
f 1656 499 1015
f 1656 1015 1655
f 1655 1015 1014
f 1655 1014 500
f 1657 182 1656
f 1656 182 184
f 1656 184 186
f 1658 172 1657
f 1657 172 180
f 1657 180 182
f 1659 176 1658
f 1658 176 191
f 191 190 1658
f 1658 190 188
f 1658 188 172
f 1652 200 1660
f 200 202 1660
f 1660 202 205
f 1660 205 1659
f 1659 205 178
f 1659 178 176
f 198 1652 196
f 196 1652 1661
f 196 1661 194
f 194 1661 1662
f 194 1662 169
f 169 1662 1022
f 169 1022 170
f 1663 1020 1029
f 1029 1020 1019
f 1029 1019 1030
f 1030 1019 1372
f 1364 1020 1664
f 1664 1020 1663
f 1665 1408 1666
f 1665 1666 1667
f 1667 1666 1364
f 1667 1364 1664
f 1410 1408 1665
f 1665 1668 1410
f 1410 1668 1669
f 1410 1669 1412
f 1412 1669 1670
f 1412 1670 1419
f 1419 1670 1671
f 1419 1671 1416
f 1672 1673 1671
f 1671 1673 1416
f 1674 1097 1114
f 1675 1676 1114
f 1114 1676 1677
f 1114 1677 1674
f 1114 1116 1675
f 1675 1116 1115
f 1675 1115 1678
f 1678 1115 1113
f 1678 1113 1361
f 1022 1679 1023
f 1023 1679 1680
f 1681 1139 1680
f 1680 1139 1023
f 1140 1682 1141
f 1141 1682 1360
f 1681 1029 1139
f 1139 1029 1028
f 1139 1028 1142
f 1142 1028 1026
f 1142 1026 1140
f 1140 1026 1025
f 1140 1025 1682
f 1683 1098 1674
f 1674 1098 1097
f 1098 1684 1100
f 1100 1684 1685
f 1685 1684 1686
f 1686 1684 1687
f 1686 1687 1688
f 1688 1687 1689
f 1688 1689 1690
f 1690 1689 1691
f 1690 1691 1692
f 1690 1692 1109
f 1108 1686 1109
f 1109 1686 1688
f 1109 1688 1690
f 1693 1067 1068
f 1068 1101 1693
f 1693 1101 1105
f 1693 1105 1694
f 1694 1105 1107
f 1694 1107 1695
f 1695 1107 1109
f 1695 1109 1696
f 1697 1069 521
f 1045 1698 1047
f 1047 1698 1699
f 1047 1699 1049
f 1049 1699 1700
f 1049 1700 1050
f 1050 1700 1038
f 1038 1700 1701
f 1038 1701 1040
f 1040 1701 1042
f 1042 1701 1702
f 1042 1702 1043
f 1043 1702 1033
f 1033 1702 1703
f 1033 1703 1036
f 521 1051 1697
f 1697 1051 1034
f 1697 1034 1703
f 1703 1034 1035
f 1703 1035 1036
f 1704 1699 1698
f 1705 1706 1707
f 1699 1704 1700
f 1704 1705 1700
f 1700 1705 1707
f 1700 1707 1701
f 1701 1707 1708
f 1701 1708 1702
f 1702 1708 1709
f 1702 1709 1703
f 1703 1709 1710
f 1703 1710 1697
f 1697 1710 1711
f 1697 1711 1069
f 1069 1711 1110
f 1712 1713 1714
f 1061 1715 1062
f 1062 1715 1716
f 1062 1716 1063
f 1053 1717 1054
f 1054 1717 1718
f 1054 1718 1055
f 1695 1719 1694
f 1694 1719 1720
f 1694 1720 1693
f 1693 1720 1066
f 1693 1066 1067
f 1721 1722 1723
f 1723 1722 1724
f 1060 1059 1725
f 1718 1726 1055
f 1055 1726 1727
f 1055 1727 1056
f 1056 1727 1728
f 1056 1728 1057
f 1725 1729 1060
f 1060 1729 1723
f 1060 1723 1061
f 1061 1723 1724
f 1061 1724 1715
f 1728 1730 1057
f 1057 1730 1731
f 1057 1731 1058
f 1058 1731 1732
f 1058 1732 1059
f 1059 1732 1733
f 1059 1733 1725
f 1695 1696 1719
f 1719 1696 1065
f 1719 1065 1716
f 1716 1065 1064
f 1716 1064 1063
f 1696 1712 1065
f 1065 1712 1714
f 1065 1714 1052
f 1052 1714 1734
f 1052 1734 1053
f 1053 1734 1735
f 1053 1735 1717
f 519 1066 1071
f 1071 1066 1720
f 1071 1720 1719
f 1081 1080 1715
f 1715 1080 1085
f 1715 1085 1716
f 1077 1079 1715
f 1079 1084 1715
f 1715 1084 1083
f 1715 1083 1081
f 1072 1075 1722
f 1722 1075 1077
f 1722 1077 1724
f 1724 1077 1715
f 1721 1096 1722
f 1722 1096 1073
f 1722 1073 1072
f 1085 526 1716
f 1716 526 524
f 1716 524 1719
f 1719 524 1070
f 1719 1070 1071
f 1093 1096 1086
f 1086 1096 1087
f 1707 1706 1736
f 1737 1738 1112
f 1739 1740 1117
f 1707 1736 1708
f 1103 1102 1100
f 1100 1102 1110
f 1100 1110 1099
f 1737 1112 1740
f 1740 1112 1111
f 1740 1111 1117
f 1686 1108 1685
f 1685 1108 1106
f 1685 1106 1100
f 1100 1106 1104
f 1100 1104 1103
f 1736 1739 1708
f 1708 1739 1117
f 1708 1117 1709
f 1709 1117 1118
f 1709 1118 1710
f 1710 1118 1099
f 1710 1099 1711
f 1711 1099 1110
f 1120 554 556
f 1141 1113 1130
f 1130 1113 1112
f 1130 1112 1126
f 1741 1742 1738
f 1738 1742 1639
f 1738 1639 1112
f 1112 1639 1120
f 1112 1120 1126
f 1126 1120 556
f 1126 556 558
f 1374 1377 1375
f 1375 1377 1743
f 1639 1742 1744
f 1638 1639 1159
f 1159 1639 1160
f 1160 1639 1744
f 1160 1744 1151
f 1159 1157 1638
f 1638 1157 1155
f 1638 1155 1643
f 1155 1153 1643
f 1643 1153 1163
f 1643 1163 1644
f 1169 1648 1170
f 1170 1648 1644
f 1170 1644 1162
f 1162 1644 1163
f 1169 1167 1648
f 1648 1167 1165
f 1648 1165 1647
f 1165 1164 1647
f 1647 1164 1171
f 1647 1171 1646
f 1171 1173 1646
f 1646 1173 1175
f 1646 1175 1633
f 1175 1177 1633
f 1633 1177 1179
f 1633 1179 1634
f 1634 1179 1188
f 1634 1188 1645
f 1645 1188 1187
f 1645 1187 1642
f 1187 1185 1642
f 1642 1185 1183
f 1642 1183 1635
f 1145 1636 1180
f 1180 1636 1635
f 1180 1635 1181
f 1181 1635 1183
f 1151 1744 1149
f 1149 1744 1745
f 1149 1745 1147
f 1147 1745 1146
f 1146 1745 1746
f 1146 1746 1145
f 1145 1746 1747
f 1145 1747 1636
f 1385 1365 1321
f 1748 1749 1317
f 1317 1749 1750
f 1317 1750 1321
f 1321 1750 1383
f 1321 1383 1385
f 1287 1751 1319
f 1319 1751 1752
f 1319 1752 1317
f 1317 1752 1753
f 1317 1753 1748
f 1230 1754 1231
f 1231 1754 1755
f 1231 1755 1232
f 1232 1755 1756
f 1232 1756 1225
f 1225 1756 1757
f 1225 1757 1226
f 1226 1757 1758
f 1226 1758 1237
f 1237 1758 1759
f 1237 1759 1238
f 1238 1759 1760
f 1238 1760 1239
f 1239 1760 1761
f 1239 1761 1240
f 1240 1761 1762
f 1240 1762 1233
f 1233 1762 1763
f 1233 1763 1241
f 1241 1763 1764
f 1241 1764 1242
f 1242 1764 1765
f 1242 1765 1243
f 1243 1765 1766
f 1243 1766 1244
f 1244 1766 1767
f 1244 1767 1234
f 1234 1767 1768
f 1234 1768 1235
f 1235 1768 1769
f 1235 1769 1236
f 1236 1769 1770
f 1236 1770 1227
f 1227 1770 1771
f 1227 1771 1228
f 1228 1771 1772
f 1228 1772 1229
f 1229 1772 1773
f 1229 1773 1230
f 1230 1773 1754
f 1774 1349 1347
f 1775 1776 1777
f 1778 1343 1352
f 1352 1343 1342
f 1776 1775 1778
f 1778 1775 1779
f 1778 1779 1343
f 1343 1779 1780
f 1343 1780 1345
f 1345 1780 1781
f 1345 1781 1347
f 1347 1781 1782
f 1347 1782 1774
f 1783 1784 1785
f 1785 1786 1783
f 1783 1786 1787
f 1783 1787 1777
f 1777 1787 1788
f 1777 1788 1775
f 1316 1315 1789
f 1789 1315 1790
f 1789 1790 1791
f 1791 1790 1792
f 1791 1792 1793
f 1793 1792 1794
f 1795 1751 1287
f 1287 1290 1795
f 1795 1290 1292
f 1795 1292 1796
f 1796 1292 1294
f 1796 1294 1797
f 1797 1294 1296
f 1797 1296 1798
f 1798 1296 1298
f 1798 1298 1799
f 1799 1298 1300
f 1799 1300 1800
f 1800 1300 1302
f 1800 1302 1801
f 1801 1302 1304
f 1801 1304 1802
f 1802 1304 1306
f 1802 1306 1803
f 1803 1306 1308
f 1803 1308 1804
f 1804 1308 1310
f 1804 1310 1805
f 1805 1310 1312
f 1805 1312 1806
f 1806 1312 1314
f 1806 1314 1807
f 1807 1314 1316
f 1807 1316 1808
f 1776 1778 1809
f 1793 1794 1809
f 1809 1794 1777
f 1809 1777 1776
f 1810 1811 1264
f 1264 1811 1812
f 1264 1812 1266
f 1266 1812 1813
f 1810 1264 1814
f 1814 1264 1262
f 1814 1262 1815
f 1813 1816 1266
f 1266 1816 1817
f 1266 1817 1268
f 1268 1817 1818
f 1268 1818 1269
f 1269 1818 1819
f 1269 1819 1271
f 1271 1819 1820
f 1271 1820 1273
f 1273 1820 1821
f 1273 1821 1275
f 1275 1821 1822
f 1275 1822 1277
f 1277 1822 1823
f 1277 1823 1279
f 1279 1823 1824
f 1279 1824 1281
f 1281 1824 1825
f 1281 1825 1283
f 1283 1825 1826
f 1283 1826 1285
f 1285 1826 1827
f 1285 1827 1286
f 1286 1827 1828
f 1286 1828 1246
f 1246 1828 1829
f 1246 1829 1248
f 1248 1829 1830
f 1248 1830 1250
f 1250 1830 1831
f 1250 1831 1252
f 1252 1831 1832
f 1252 1832 1254
f 1254 1832 1833
f 1254 1833 1256
f 1256 1833 1834
f 1256 1834 1258
f 1258 1834 1815
f 1258 1815 1260
f 1260 1815 1262
f 1835 1353 1836
f 1353 1837 1351
f 1838 1837 1353
f 1839 1838 1353
f 1835 1839 1353
f 1840 1817 1841
f 1841 1817 1816
f 1841 1816 1842
f 1842 1816 1813
f 1842 1813 1843
f 1843 1813 1812
f 1843 1812 1844
f 1844 1812 1811
f 1844 1811 1845
f 1845 1811 1846
f 1847 1848 1784
f 1784 1848 1785
f 1786 1785 1787
f 1787 1785 1849
f 1787 1849 1788
f 1788 1849 1775
f 1775 1849 1850
f 1775 1850 1779
f 1779 1850 1851
f 1779 1851 1780
f 1851 1349 1774
f 1780 1851 1781
f 1781 1851 1774
f 1781 1774 1782
f 1852 1349 1853
f 1853 1349 1851
f 1853 1851 1854
f 1854 1851 1850
f 1854 1850 1855
f 1855 1850 1856
f 1856 1850 1849
f 1856 1849 1857
f 1857 1849 1785
f 1857 1785 1848
f 1852 1858 1349
f 1349 1858 1350
f 1859 1860 1861
f 1861 1860 1862
f 1861 1862 1630
f 1630 1862 1631
f 1339 1311 1340
f 1340 1311 1309
f 1340 1309 1327
f 1318 1324 1367
f 1863 1864 1336
f 1336 1864 1337
f 1784 1783 1338
f 1792 1790 1338
f 1338 1790 1315
f 1338 1315 1339
f 1339 1315 1313
f 1339 1313 1311
f 1335 1320 1318
f 1309 1307 1327
f 1327 1307 1305
f 1327 1305 1328
f 1328 1305 1303
f 1328 1303 1329
f 1864 1865 1337
f 1337 1865 1866
f 1337 1866 1338
f 1338 1866 1847
f 1338 1847 1784
f 1303 1301 1329
f 1329 1301 1299
f 1329 1299 1330
f 1330 1299 1297
f 1330 1297 1331
f 1331 1297 1295
f 1331 1295 1332
f 1332 1295 1293
f 1332 1293 1333
f 1333 1293 1291
f 1333 1291 1334
f 1334 1291 1289
f 1334 1289 1335
f 1335 1289 1288
f 1335 1288 1320
f 1367 1371 1318
f 1318 1371 1631
f 1318 1631 1335
f 1335 1631 1862
f 1335 1862 1336
f 1336 1862 1860
f 1336 1860 1863
f 1783 1777 1338
f 1338 1777 1794
f 1338 1794 1792
f 1867 1868 1869
f 1869 1870 1867
f 1867 1870 1871
f 1867 1871 1872
f 1872 1871 1873
f 1872 1873 1874
f 1869 1868 1875
f 1875 1868 1876
f 1875 1876 1877
f 1877 1876 1878
f 1877 1878 1858
f 1858 1878 1879
f 1858 1879 1350
f 1350 1879 1880
f 1350 1880 1348
f 1348 1880 1881
f 1348 1881 1346
f 1346 1881 1882
f 1346 1882 1344
f 1344 1882 1883
f 1344 1883 1341
f 1341 1883 1884
f 1885 1353 1884
f 1884 1353 1341
f 1611 987 1886
f 1886 987 1355
f 1887 1888 1356
f 1356 1888 1357
f 1358 1357 1889
f 1889 1357 1888
f 1886 1355 1890
f 1890 1355 1434
f 1890 1434 1445
f 1891 1892 1445
f 1445 1892 1893
f 1445 1893 1890
f 1445 1446 1891
f 1891 1446 1433
f 1891 1433 1894
f 1894 1433 1432
f 1894 1432 1895
f 1427 1896 1432
f 1432 1896 1895
f 1896 1427 1428
f 1896 1428 1897
f 1897 1428 1429
f 1897 1429 1898
f 1898 1429 1899
f 1899 1429 1430
f 1899 1430 1900
f 1900 1430 1358
f 1900 1358 1889
f 1901 1902 1353
f 1353 1885 1892
f 1901 1353 1903
f 1903 1353 1892
f 1903 1892 1904
f 1905 1906 1907
f 1907 1906 1908
f 1907 1908 1909
f 1909 1908 1910
f 1911 1912 1913
f 1906 1914 1908
f 1908 1914 1911
f 1908 1911 1915
f 1915 1911 1913
f 1915 1913 1916
f 1917 1918 1919
f 1920 1921 1922
f 1923 1924 1919
f 1919 1924 1925
f 1919 1925 1917
f 1922 1926 1920
f 1920 1926 1927
f 1920 1927 1918
f 1918 1927 1928
f 1918 1928 1919
f 1929 1930 1931
f 1931 1930 1932
f 1682 1025 1375
f 1676 1675 1933
f 1933 1675 1678
f 1933 1678 1934
f 1935 1936 1743
f 1743 1936 1934
f 1934 1678 1743
f 1743 1678 1361
f 1743 1361 1375
f 1375 1361 1360
f 1375 1360 1682
f 1937 1938 1939
f 1939 1938 1940
f 1939 1940 1941
f 1417 1416 1942
f 1942 1416 1673
f 1673 1672 1943
f 1943 1672 1944
f 1943 1944 1945
f 1945 1944 1946
f 1945 1946 1937
f 1937 1946 1938
f 1947 1948 1362
f 1362 1948 1363
f 1666 1949 1364
f 1364 1949 1947
f 1364 1947 1362
f 1362 730 1364
f 1364 730 353
f 1364 353 351
f 1406 1950 1408
f 1408 1950 1951
f 1951 1952 1408
f 1408 1952 1953
f 1408 1953 1666
f 1666 1953 1954
f 1666 1954 1949
f 1951 1955 1952
f 1952 1955 1956
f 1957 1370 1369
f 1958 1959 1369
f 1369 1959 1960
f 1369 1960 1957
f 1369 1368 1958
f 1958 1368 1366
f 1958 1366 1961
f 1961 1366 1365
f 1961 1365 1962
f 1385 1963 1365
f 1365 1963 1962
f 1964 1965 1966
f 1379 1967 1378
f 1378 1967 1964
f 1378 1964 1381
f 1381 1964 1966
f 1381 1966 1385
f 1385 1966 1963
f 1379 1374 1373
f 1379 1373 1967
f 734 1968 1965
f 734 1965 1373
f 1373 1965 1964
f 1373 1964 1967
f 1389 1390 1969
f 1969 1390 1970
f 1390 1391 1970
f 1970 1391 738
f 1970 738 1971
f 1971 738 736
f 1971 736 740
f 1389 1969 1388
f 1388 1969 1972
f 1388 1972 732
f 732 1972 1968
f 732 1968 734
f 1973 1402 1974
f 1974 1402 1403
f 1974 1403 1975
f 1975 1403 1394
f 1975 1394 1976
f 1976 1394 1393
f 1976 1393 1977
f 1977 1393 1392
f 1977 1392 1978
f 1978 1392 1400
f 1978 1400 1979
f 1979 1400 1399
f 1979 1399 1980
f 1980 1399 1398
f 1980 1398 1981
f 1981 1398 1396
f 1981 1396 1982
f 1982 1396 1395
f 1982 1395 1983
f 1983 1395 1397
f 1983 1397 1984
f 1984 1397 1401
f 1984 1401 1973
f 1973 1401 1402
f 1955 1951 1985
f 1985 1951 1950
f 1985 1950 1986
f 1986 1950 1987
f 1987 1950 1406
f 1987 1406 1407
f 1414 1988 1989
f 1414 1989 1415
f 1415 1989 1405
f 1415 1405 1404
f 1417 1942 1990
f 1990 1942 1991
f 1990 1991 1992
f 1992 1991 1993
f 1992 1993 1994
f 1994 1993 1995
f 1418 1417 1420
f 1420 1417 1990
f 1420 1990 1421
f 1421 1990 1422
f 1994 1413 1992
f 1992 1413 1409
f 1992 1409 1990
f 1990 1409 1411
f 1990 1411 1422
f 1995 1996 1994
f 1994 1996 1997
f 1994 1997 1413
f 1413 1997 1988
f 1413 1988 1414
f 847 855 1451
f 1998 1999 1550
f 1550 1999 1584
f 1550 1584 1451
f 1451 1584 1447
f 1451 1447 847
f 847 1447 839
f 1427 1432 1423
f 1423 1432 1431
f 1423 1431 743
f 743 1431 1447
f 743 1447 937
f 937 1447 1584
f 1539 1501 1500
f 1500 1458 1539
f 1539 1458 1456
f 1539 1456 1540
f 1456 1455 1540
f 1540 1455 1460
f 1540 1460 1541
f 1460 1462 1541
f 1541 1462 1464
f 1541 1464 1542
f 1464 1466 1542
f 1542 1466 1468
f 1542 1468 1543
f 1474 1544 1476
f 1476 1544 1543
f 1476 1543 1477
f 1477 1543 1468
f 1474 1472 1544
f 1544 1472 1470
f 1544 1470 1545
f 1470 1469 1545
f 1545 1469 1478
f 1545 1478 1546
f 1478 1480 1546
f 1546 1480 1482
f 1546 1482 1547
f 1487 1548 1485
f 1485 1548 1547
f 1485 1547 1483
f 1483 1547 1482
f 1487 1496 1548
f 1548 1496 1495
f 1548 1495 1549
f 2000 1998 1550
f 1495 1493 1549
f 1549 1493 1491
f 1549 1491 1550
f 1550 1491 1489
f 1550 1489 2000
f 2000 1489 1499
f 2000 1499 2001
f 1499 1498 2001
f 2001 1498 1502
f 2001 1502 2002
f 2002 1502 1501
f 2002 1501 2003
f 2003 1501 1539
f 2003 1539 1610
f 1560 1559 1571
f 2004 1568 1581
f 1566 1578 1577
f 1571 1559 1572
f 1572 1559 1558
f 1572 1558 1573
f 1566 1565 1578
f 1578 1565 1564
f 1578 1564 1579
f 1579 1564 1563
f 1579 1563 1580
f 1580 1563 1562
f 1580 1562 1581
f 1581 1562 1561
f 1581 1561 1560
f 1571 1570 1560
f 1560 1570 2005
f 1560 2005 1581
f 1581 2005 2006
f 1581 2006 2004
f 1575 1552 1576
f 1576 1552 1551
f 1576 1551 1577
f 1577 1551 1567
f 1577 1567 1566
f 1574 1554 1575
f 1575 1554 1553
f 1575 1553 1552
f 1558 1557 1573
f 1573 1557 1556
f 1573 1556 1574
f 1574 1556 1555
f 1574 1555 1554
f 2007 2008 2009
f 1569 1568 2010
f 2010 2007 1569
f 1569 2007 2009
f 1569 2009 1570
f 1570 2009 2011
f 1570 2011 2012
f 1584 1999 2013
f 1584 2013 1583
f 1583 2013 2014
f 1583 2014 1582
f 1582 2014 2015
f 1582 2015 1585
f 1585 2015 1589
f 1585 1589 1586
f 2016 1590 2017
f 2017 1590 1589
f 2018 2019 1594
f 1594 1593 2018
f 2018 1593 1592
f 2018 1592 2020
f 2020 1592 1591
f 2020 1591 2021
f 2021 1591 1590
f 2021 1590 2016
f 1619 1627 1600
f 1887 1356 2022
f 2022 1356 1596
f 2022 1596 1611
f 1611 1596 1597
f 1611 1597 1612
f 1598 1629 1597
f 1597 1629 1628
f 1597 1628 1612
f 1600 1627 1599
f 1627 1626 1599
f 1599 1626 1625
f 1599 1625 1598
f 1598 1625 1624
f 1598 1624 1629
f 1619 1600 1620
f 1620 1600 1601
f 1620 1601 1621
f 1621 1601 1602
f 1621 1602 1622
f 1622 1602 1603
f 1622 1603 1623
f 1623 1603 1604
f 1623 1604 1617
f 1617 1604 1618
f 1618 1604 1605
f 1618 1605 1613
f 1613 1605 1614
f 1614 1605 1606
f 1614 1606 1615
f 1594 2019 1595
f 1595 2019 2023
f 1595 2023 1609
f 1609 2023 2024
f 1609 2024 1608
f 1608 2024 2025
f 1608 2025 1607
f 1607 2025 2026
f 1607 2026 1606
f 1606 2026 1616
f 1606 1616 1615
f 2027 1610 1959
f 1959 1610 986
f 1959 986 1616
f 1957 2028 1370
f 1370 2028 1630
f 2029 1859 2030
f 2030 1859 1861
f 2030 1861 2028
f 2028 1861 1630
f 1859 2029 2031
f 2031 2029 2032
f 2033 2031 2032
f 2034 2035 2036
f 2036 2035 2037
f 2036 2037 2038
f 2038 2037 2033
f 2038 2033 2039
f 2039 2033 2032
f 1636 1747 1637
f 1637 1747 1653
f 1653 995 1650
f 1650 1651 1653
f 1653 1651 1649
f 1653 1649 1637
f 1637 1649 989
f 1637 989 991
f 1653 2040 2041
f 1661 2042 1662
f 1662 2042 2043
f 1662 2043 1022
f 1022 2043 2044
f 1022 2044 1679
f 1652 2045 1661
f 1661 2045 2046
f 1661 2046 2042
f 1660 2047 1652
f 1652 2047 2048
f 1652 2048 2045
f 1657 2049 1658
f 1658 2049 2050
f 1658 2050 1659
f 1659 2050 2051
f 1659 2051 1660
f 1660 2051 2052
f 1660 2052 2047
f 1656 1655 2053
f 2053 2054 1656
f 1656 2054 2055
f 1656 2055 1657
f 1657 2055 2056
f 1657 2056 2049
f 1653 2041 1654
f 1654 2041 2057
f 1654 2057 1655
f 1655 2057 2058
f 1655 2058 2053
f 2059 2060 1672
f 1672 2060 2061
f 1677 1676 1674
f 1674 1676 1940
f 1674 1940 1683
f 1683 1940 1938
f 1683 1938 1946
f 1946 1944 1683
f 1683 1944 1672
f 1683 1672 2062
f 2062 1672 2061
f 2062 2061 2063
f 1668 1679 1669
f 1669 1679 2064
f 1669 2064 1670
f 1670 2064 2065
f 1670 2065 2066
f 2059 1672 2066
f 2066 1672 1671
f 2066 1671 1670
f 1668 1665 1679
f 1679 1665 1667
f 1679 1667 1680
f 1029 1681 1663
f 1663 1681 1680
f 1663 1680 1664
f 1664 1680 1667
f 2061 2060 1691
f 1691 1689 2061
f 2061 1689 1687
f 2061 1687 2063
f 2063 1687 1684
f 2063 1684 2062
f 2062 1684 1098
f 2062 1098 1683
f 1692 1691 2067
f 1696 1109 1692
f 2068 1723 2069
f 2069 1723 1729
f 2069 1729 2070
f 2070 1729 1725
f 2070 1725 2071
f 2071 1725 1733
f 2071 1733 2072
f 2072 1733 1732
f 2072 1732 2073
f 2073 1732 1731
f 2073 1731 2074
f 2074 1731 1730
f 2074 1730 2075
f 2075 1730 1728
f 2075 1728 2076
f 2076 1728 1727
f 2076 1727 2077
f 2077 1727 1726
f 2077 1726 2078
f 2078 1726 1718
f 2078 1718 2079
f 2079 1718 1717
f 2079 1717 2080
f 2080 1717 1735
f 2080 1735 2081
f 2081 1735 1734
f 2081 1734 2082
f 2082 1734 1714
f 2082 1714 2067
f 2067 1714 1713
f 2067 1713 1692
f 1692 1713 1712
f 1692 1712 1696
f 1723 2068 1721
f 1721 2068 2083
f 1698 1045 1087
f 1705 1704 2083
f 2083 1704 1698
f 2083 1698 1721
f 1721 1698 1087
f 1721 1087 1096
f 2084 1736 2083
f 2083 1736 1706
f 2083 1706 1705
f 1739 1736 2084
f 2085 1741 1738
f 1738 1737 2085
f 2085 1737 1740
f 2085 1740 2086
f 2086 1740 1739
f 2086 1739 2087
f 2087 1739 2084
f 1741 2088 1742
f 1742 2088 2089
f 1930 2090 2091
f 2091 2090 2092
f 2091 2092 2093
f 2093 2092 2094
f 2093 2094 2095
f 2095 2094 2096
f 2095 2096 2097
f 2097 2096 2098
f 2090 1930 2099
f 2099 1930 1929
f 2099 1929 2100
f 2100 1929 2101
f 2100 2101 2102
f 2102 2101 2103
f 2102 2103 1935
f 2104 1933 2105
f 2105 1933 1934
f 2105 1934 2103
f 2103 1934 1936
f 2103 1936 1935
f 2106 2100 2107
f 1743 1377 1935
f 1935 1377 2107
f 1935 2107 2102
f 2102 2107 2100
f 2108 2109 2110
f 2110 2109 2111
f 2107 2112 2106
f 2106 2112 2113
f 2106 2113 2114
f 2114 2113 2115
f 2114 2115 2111
f 2111 2115 2116
f 2111 2116 2110
f 2117 2118 2119
f 2119 2118 2120
f 2119 2120 2121
f 2121 2120 2122
f 2121 2122 2123
f 2123 2122 2109
f 2123 2109 2124
f 2124 2109 2108
f 2125 1747 2126
f 2126 1747 1746
f 2126 1746 2127
f 2127 1746 1745
f 2127 1745 2128
f 2128 1745 1744
f 2128 1744 2129
f 2129 1744 1742
f 2129 1742 2089
f 1382 1387 2130
f 1384 1383 2131
f 2132 1380 1382
f 1376 2107 1377
f 2117 2119 2133
f 2133 2119 2134
f 2134 2119 2135
f 2134 2135 2136
f 2137 2138 2139
f 2139 2138 2136
f 2107 1376 2112
f 2110 2116 2140
f 2140 2116 2115
f 2140 2115 2113
f 2123 2124 2141
f 2141 2124 2108
f 2141 2108 2130
f 2136 2135 2139
f 2139 2135 2142
f 2139 2142 2143
f 1386 1384 2144
f 2144 1384 2131
f 2144 2131 2143
f 2143 2131 2145
f 2143 2145 2139
f 2139 2145 2146
f 2139 2146 2137
f 1376 1380 2112
f 2112 1380 2132
f 2112 2132 2113
f 2113 2132 1382
f 2113 1382 2140
f 2140 1382 2130
f 2140 2130 2110
f 2110 2130 2108
f 2119 2121 2135
f 2135 2121 2123
f 2135 2123 2142
f 2142 2123 2141
f 2142 2141 2143
f 2143 2141 2130
f 2143 2130 2144
f 2144 2130 1387
f 2144 1387 1386
f 2147 2148 2117
f 2117 2148 2118
f 2149 2150 2151
f 2151 2150 2152
f 2151 2152 2153
f 2149 2151 2154
f 2154 2151 2155
f 2154 2155 2156
f 2156 2155 1750
f 2156 1750 1749
f 2153 2146 2145
f 2153 2145 2151
f 2151 2145 2131
f 2151 2131 2155
f 2155 2131 1383
f 2155 1383 1750
f 2154 2156 1749
f 2149 2154 2157
f 2157 2154 1749
f 2157 1749 2158
f 1751 2159 1752
f 1752 2159 2160
f 1752 2160 1753
f 1753 2160 2158
f 1753 2158 1748
f 1748 2158 1749
f 1808 2161 2162
f 1808 2162 1807
f 1807 2162 2163
f 1807 2163 1806
f 1806 2163 2164
f 1806 2164 1805
f 1805 2164 2165
f 1805 2165 1804
f 1804 2165 2166
f 1804 2166 1803
f 1803 2166 2167
f 1803 2167 1802
f 1802 2167 2168
f 1802 2168 1801
f 1801 2168 2169
f 1801 2169 1800
f 1800 2169 2170
f 1800 2170 1799
f 1799 2170 2171
f 1799 2171 1798
f 1798 2171 2172
f 1798 2172 1797
f 1797 2172 2173
f 1797 2173 1796
f 1796 2173 2174
f 1796 2174 1795
f 1795 2174 2159
f 1795 2159 1751
f 2175 2176 2177
f 2178 2176 2175
f 2175 2179 2180
f 2181 2179 2175
f 2177 2181 2175
f 2175 2182 2183
f 2184 2182 2175
f 2180 2184 2175
f 2175 2185 2186
f 2187 2185 2175
f 2183 2187 2175
f 2186 2178 2175
f 1755 2188 1756
f 1756 2188 2189
f 1756 2189 1757
f 1757 2189 2190
f 1757 2190 1758
f 1758 2190 2191
f 1758 2191 1759
f 1759 2191 2192
f 1759 2192 1760
f 1760 2192 2193
f 1760 2193 1761
f 1761 2193 2194
f 1761 2194 1762
f 1762 2194 2195
f 1762 2195 1763
f 1763 2195 2196
f 1763 2196 1764
f 1764 2196 2197
f 1764 2197 1765
f 1765 2197 2198
f 1765 2198 1766
f 1766 2198 2199
f 1766 2199 1767
f 1767 2199 2200
f 1767 2200 1768
f 1768 2200 2201
f 1768 2201 1769
f 1769 2201 2202
f 1769 2202 1770
f 1770 2202 2203
f 1770 2203 1771
f 1771 2203 2204
f 1771 2204 1772
f 1772 2204 2205
f 1772 2205 1773
f 1773 2205 2206
f 1773 2206 1754
f 1754 2206 2207
f 1754 2207 1755
f 1755 2207 2188
f 2208 2209 2210
f 2210 2209 2211
f 2210 2211 2212
f 2212 2211 2213
f 2213 2211 1836
f 2213 1836 2214
f 2215 2211 2209
f 2216 2217 2218
f 2219 2216 2220
f 2216 2218 2220
f 2220 2218 1351
f 2220 1351 1837
f 1837 1838 2220
f 2220 1838 2215
f 2220 2215 2219
f 2219 2215 2209
f 1836 2211 1835
f 1835 2211 2215
f 1835 2215 1839
f 1839 2215 1838
f 2221 1809 2222
f 2222 1809 1778
f 1352 1351 1778
f 1778 1351 2218
f 1778 2218 2222
f 2222 2218 2217
f 2222 2217 2223
f 2161 1808 2224
f 2224 1808 2225
f 2224 2225 2226
f 2226 2225 2227
f 2226 2227 2228
f 2225 1808 1316
f 1793 2229 1791
f 1791 2229 2228
f 1316 1789 2225
f 2225 1789 1791
f 2225 1791 2227
f 2227 1791 2228
f 1793 1809 2221
f 2221 2230 1793
f 1793 2230 2231
f 1793 2231 2229
f 2229 2231 2232
f 2233 2234 2235
f 2235 2234 2236
f 2237 2238 2235
f 2235 2238 2239
f 2235 2239 2233
f 2232 2240 2241
f 2241 2240 2242
f 2241 2242 2243
f 2243 2242 2244
f 2243 2244 2235
f 2235 2244 2245
f 2235 2245 2237
f 2246 2247 2248
f 2240 2232 2231
f 2240 2231 2242
f 2234 2233 2236
f 2236 2233 2249
f 2236 2249 2250
f 2250 2249 2251
f 2250 2251 2252
f 2252 2251 2253
f 2252 2253 2254
f 2254 2253 2246
f 2254 2246 2255
f 2255 2246 2248
f 2255 2248 2256
f 2256 2248 2222
f 2256 2222 2223
f 2233 2249 2238
f 2233 2238 2249
f 2249 2238 2257
f 2249 2257 2251
f 2251 2257 2258
f 2251 2258 2253
f 2253 2258 2259
f 2253 2259 2246
f 2246 2259 2260
f 2246 2260 2247
f 2233 2239 2249
f 2249 2239 2238
f 2238 2237 2257
f 2257 2237 2245
f 2257 2245 2258
f 2258 2245 2244
f 2258 2244 2259
f 2259 2244 2242
f 2259 2242 2260
f 2260 2242 2231
f 2260 2231 2247
f 2247 2231 2230
f 2247 2230 2248
f 2248 2230 2221
f 2248 2221 2222
f 2214 2261 2262
f 2263 2264 2265
f 2266 2267 2268
f 2268 2267 2269
f 2268 2269 2265
f 2265 2269 2270
f 2265 2270 2263
f 2266 2268 2262
f 2262 2268 2271
f 2262 2271 2214
f 2272 2273 2274
f 2272 2274 2275
f 2275 2274 2276
f 2275 2276 2277
f 2277 2276 2278
f 2277 2278 2279
f 2280 1840 2281
f 2281 1840 2279
f 2281 2279 2282
f 2282 2279 2278
f 2214 1836 1902
f 1902 1836 1353
f 1823 1822 1902
f 2283 2284 1831
f 1902 2285 1823
f 1823 2285 2286
f 1823 2286 1824
f 1822 1821 1902
f 1902 1821 1820
f 1902 1820 2214
f 1820 1819 2214
f 2214 1819 1818
f 2214 1818 2261
f 2261 1818 2287
f 1831 2284 1832
f 1832 2284 2288
f 1832 2288 1833
f 1833 2288 2289
f 1833 2289 1834
f 1834 2289 2290
f 1834 2290 1815
f 1815 2290 2291
f 1815 2291 1814
f 1814 2291 2292
f 1814 2292 1810
f 1810 2292 1846
f 1810 1846 1811
f 2286 2293 1824
f 1824 2293 2294
f 1824 2294 1825
f 1825 2294 2295
f 1825 2295 1826
f 1826 2295 2296
f 1826 2296 1827
f 1827 2296 2297
f 1827 2297 1828
f 1828 2297 2298
f 1828 2298 1829
f 1829 2298 2283
f 1829 2283 1830
f 1830 2283 1831
f 1817 1840 1818
f 1818 1840 2280
f 1818 2280 2287
f 2299 2300 2301
f 2300 2302 2303
f 2299 2301 2264
f 2300 2303 2301
f 2301 2303 2304
f 2301 2304 2305
f 2305 2304 2306
f 2305 2306 2307
f 2307 2306 2212
f 2307 2212 2213
f 2264 2301 2265
f 2265 2301 2305
f 2265 2305 2268
f 2268 2305 2307
f 2268 2307 2271
f 2271 2307 2213
f 2271 2213 2214
f 2308 2309 2293
f 2310 2311 2312
f 2312 2311 2313
f 2293 2286 2308
f 2308 2286 2285
f 2308 2285 2313
f 2313 2285 2314
f 2313 2314 2312
f 2315 2316 2317
f 2317 2316 2318
f 2311 2310 1901
f 1901 2310 2312
f 1901 2312 1902
f 1902 2312 2314
f 1902 2314 2285
f 1901 1903 2311
f 2311 1903 1904
f 2311 1904 2319
f 2319 1904 2320
f 1904 2321 2320
f 2320 2321 2317
f 2320 2317 2318
f 2272 2275 2322
f 2322 2275 2323
f 2322 2323 2324
f 2324 2323 2325
f 2325 2323 2326
f 2326 2323 2275
f 2326 2275 2327
f 2327 2275 2277
f 2327 2277 2328
f 2328 2277 2279
f 2328 2279 2329
f 2279 1840 1841
f 2329 2279 2330
f 2330 2279 1841
f 2330 1841 1842
f 2293 2309 2331
f 2328 2329 2332
f 2332 2329 2330
f 2332 2330 1842
f 2332 2324 2325
f 2325 2326 2332
f 2332 2326 2327
f 2332 2327 2328
f 2324 2332 2333
f 2333 2332 1842
f 2333 1842 2334
f 2334 1842 1843
f 2334 1843 2335
f 2293 2331 2294
f 2294 2331 2336
f 2294 2336 2295
f 2295 2336 2337
f 2295 2337 2296
f 2337 2338 2296
f 2296 2338 2339
f 2296 2339 2297
f 2339 2340 2297
f 2297 2340 2341
f 2297 2341 2298
f 2341 2342 2298
f 2298 2342 2343
f 2298 2343 2283
f 2343 2344 2283
f 2283 2344 2345
f 2283 2345 2284
f 2345 2346 2284
f 2284 2346 2347
f 2284 2347 2288
f 2347 2348 2288
f 2288 2348 2349
f 2288 2349 2289
f 2349 2350 2289
f 2289 2350 2351
f 2289 2351 2290
f 2290 2351 2352
f 2352 2353 2290
f 2290 2353 2354
f 2290 2354 2291
f 1843 1844 2335
f 2335 1844 1845
f 2335 1845 2355
f 2355 1845 1846
f 2355 1846 2356
f 2356 1846 2292
f 2356 2292 2357
f 2357 2292 2291
f 2357 2291 2358
f 2358 2291 2354
f 1858 1852 1877
f 1877 1852 1853
f 1877 1853 1875
f 1856 1866 1855
f 1855 1866 1875
f 1855 1875 1854
f 1854 1875 1853
f 1856 1857 1866
f 1866 1857 1848
f 1866 1848 1847
f 1869 1875 2359
f 2359 1875 1866
f 2359 1866 2360
f 2360 1866 1865
f 1859 2031 2361
f 2360 1865 2362
f 2362 1865 1864
f 2362 1864 2363
f 2363 1864 1863
f 2363 1863 2361
f 2361 1863 1860
f 2361 1860 1859
f 2035 2364 2365
f 2035 2365 2037
f 2037 2365 2366
f 2037 2366 2033
f 2033 2366 2361
f 2033 2361 2031
f 1869 2359 2367
f 1869 2367 1870
f 1870 2367 2368
f 1870 2368 1871
f 1871 2368 2369
f 1871 2369 1873
f 1874 1873 2370
f 2370 1873 2371
f 1878 1876 1879
f 1879 1876 1868
f 1879 1868 1867
f 1899 1900 2370
f 2370 1900 1889
f 2370 1889 1874
f 1874 1889 1888
f 1874 1888 1872
f 1884 1883 1611
f 1883 1882 1611
f 1611 1882 1881
f 1611 1881 2022
f 2022 1881 1887
f 1893 1892 1890
f 1890 1892 1885
f 1884 1611 1885
f 1885 1611 1886
f 1885 1886 1890
f 1881 1880 1887
f 1887 1880 1879
f 1887 1879 1888
f 1888 1879 1867
f 1888 1867 1872
f 1904 1892 1891
f 2315 2317 1894
f 1894 2317 1891
f 1891 2317 2321
f 1891 2321 1904
f 1894 1895 2315
f 2315 1895 1896
f 2315 1896 2372
f 2372 1896 1897
f 2372 1897 2373
f 2373 1897 1898
f 2373 1898 1899
f 2374 1908 2375
f 2375 1908 1915
f 2375 1915 2376
f 2376 1915 1916
f 2376 1916 2377
f 2377 1916 1913
f 2377 1913 2378
f 2378 1913 1912
f 2378 1912 2379
f 2379 1912 1911
f 2379 1911 2380
f 2380 1911 1914
f 2380 1914 2381
f 2381 1914 1906
f 2381 1906 2382
f 2382 1906 1905
f 2382 1905 2383
f 2383 1905 1907
f 2383 1907 2384
f 2384 1907 1909
f 2384 1909 2385
f 2385 1909 1910
f 2385 1910 2374
f 2374 1910 1908
f 2386 1928 2387
f 2387 1928 1927
f 2387 1927 2388
f 2388 1927 1926
f 2388 1926 2389
f 2389 1926 1922
f 2389 1922 2390
f 2390 1922 1921
f 2390 1921 2391
f 2391 1921 1920
f 2391 1920 2392
f 2392 1920 1918
f 2392 1918 2393
f 2393 1918 1917
f 2393 1917 2394
f 2394 1917 1925
f 2394 1925 2395
f 2395 1925 1924
f 2395 1924 2396
f 2396 1924 1923
f 2396 1923 2397
f 2397 1923 1919
f 2397 1919 2386
f 2386 1919 1928
f 2097 2398 2095
f 2095 2398 2399
f 2095 2399 2093
f 2093 2399 2400
f 2093 2400 2091
f 2091 2400 2401
f 2091 2401 1930
f 1930 2401 1932
f 1931 1932 2398
f 2401 2400 1932
f 1932 2400 2399
f 1932 2399 2398
f 2402 2403 2404
f 2404 2403 1931
f 2404 1931 2405
f 2405 1931 2398
f 2405 2398 2406
f 2406 2398 2407
f 1929 1931 2101
f 2101 1931 2403
f 2101 2403 2103
f 2103 2403 2402
f 2103 2402 2105
f 2105 2402 2404
f 2105 2404 2104
f 2104 2404 2405
f 1941 1940 2408
f 2408 1940 1676
f 2408 1676 2104
f 2104 1676 1933
f 1941 2408 1939
f 1939 2408 2409
f 1939 2409 2410
f 2411 2412 2409
f 2409 2412 2413
f 2409 2413 2410
f 2414 2415 1937
f 2414 1937 2416
f 2416 1937 1939
f 2416 1939 2410
f 2417 2418 1945
f 2419 2420 1995
f 1995 1993 2419
f 2419 1993 1991
f 2419 1991 1943
f 1943 1991 1942
f 1943 1942 1673
f 1945 2418 1943
f 2421 2419 2422
f 2422 2419 1943
f 2422 1943 2423
f 2423 1943 2418
f 1937 2415 1945
f 1945 2415 2424
f 1945 2424 2417
f 2425 2426 1949
f 1948 1947 2427
f 2427 1947 1949
f 2427 1949 2428
f 2428 1949 2426
f 2425 1949 2429
f 2429 1949 1954
f 2429 1954 2430
f 1953 2431 1954
f 1954 2431 2432
f 1954 2432 2430
f 1952 1956 1953
f 1953 1956 2433
f 2433 2434 1953
f 1953 2434 2435
f 1953 2435 2431
f 352 729 2436
f 1971 740 2436
f 2436 740 350
f 2436 350 352
f 1959 1958 1972
f 1972 1969 1959
f 1959 1969 1970
f 1959 1970 2027
f 2437 2012 2436
f 2436 2012 2027
f 2436 2027 1971
f 1971 2027 1970
f 1965 1968 1966
f 1966 1968 1972
f 1966 1972 1963
f 1963 1972 1958
f 1963 1958 1962
f 1962 1958 1961
f 2438 1984 1973
f 1570 1979 1980
f 1977 2439 1976
f 1976 2439 2440
f 1570 2012 1979
f 1979 2012 2437
f 1979 2437 1978
f 1978 2437 2441
f 1978 2441 1977
f 1977 2441 2442
f 1977 2442 2439
f 1984 2438 1983
f 1983 2438 2443
f 1983 2443 1982
f 1982 2443 2444
f 1982 2444 1981
f 1981 2444 2445
f 1981 2445 1980
f 1980 2445 2446
f 1980 2446 1570
f 2440 2447 1976
f 1976 2447 2448
f 1976 2448 1975
f 1975 2448 2449
f 1975 2449 1974
f 1974 2449 2450
f 1974 2450 1973
f 1973 2450 2451
f 1973 2451 2438
f 2452 2453 2422
f 2422 2453 2454
f 2422 2454 2455
f 2456 2421 2457
f 2457 2421 2422
f 2457 2422 2458
f 2458 2422 2455
f 2458 2455 2459
f 1407 2456 1987
f 1987 2456 2457
f 1987 2457 1986
f 1986 2457 2458
f 1986 2458 2459
f 2454 1956 2455
f 2455 1956 1955
f 2455 1955 2459
f 2459 1955 1985
f 2459 1985 1986
f 1407 1405 2456
f 2456 1405 1989
f 2456 1989 2421
f 2421 1989 1988
f 2421 1988 2419
f 2419 1988 1997
f 2419 1997 2420
f 2420 1997 1996
f 2420 1996 1995
f 1998 2460 1999
f 1999 2460 2461
f 1999 2461 2462
f 1610 2027 2003
f 2003 2027 2012
f 2003 2012 2002
f 2012 2011 2002
f 2002 2011 2009
f 2002 2009 2001
f 2001 2009 2008
f 2001 2008 2000
f 2000 2008 2463
f 2000 2463 1998
f 1998 2463 2460
f 2464 2451 2450
f 2451 2464 2438
f 2438 2464 2008
f 2438 2008 2007
f 2007 2010 2438
f 2438 2010 1568
f 2438 1568 2443
f 2443 1568 2004
f 2443 2004 2444
f 2444 2004 2006
f 2444 2006 2445
f 2445 2006 2005
f 2445 2005 2446
f 2446 2005 1570
f 1589 2015 2017
f 2017 2015 2465
f 2465 2015 2466
f 2466 2015 2014
f 2466 2014 2467
f 2467 2014 2468
f 2468 2014 2013
f 2468 2013 2469
f 2469 2013 1999
f 2469 1999 2462
f 2016 2038 2039
f 1959 1616 2026
f 2026 2025 1959
f 1959 2025 2024
f 1959 2024 1960
f 2017 2465 2466
f 2466 2470 2017
f 2017 2470 2034
f 2017 2034 2016
f 2016 2034 2036
f 2016 2036 2038
f 2019 2032 2023
f 2023 2032 2029
f 2029 2030 2023
f 2023 2030 2028
f 2023 2028 2024
f 2024 2028 1957
f 2024 1957 1960
f 2019 2018 2020
f 2039 2032 2016
f 2016 2032 2019
f 2016 2019 2021
f 2021 2019 2020
f 2470 2471 2034
f 2034 2471 2035
f 2035 2471 2364
f 2364 2471 2472
f 2097 2098 2473
f 2474 2475 2473
f 2473 2475 2476
f 2473 2476 2097
f 2040 1653 2477
f 2477 1653 1747
f 2477 1747 2478
f 2478 1747 2125
f 2055 2054 2072
f 2479 2068 2480
f 2480 2068 2069
f 2480 2069 2040
f 2040 2069 2070
f 2040 2070 2041
f 2072 2054 2071
f 2054 2053 2071
f 2071 2053 2058
f 2071 2058 2070
f 2070 2058 2057
f 2070 2057 2041
f 2055 2072 2056
f 2056 2072 2073
f 2056 2073 2049
f 2049 2073 2074
f 2049 2074 2050
f 2050 2074 2051
f 2051 2074 2075
f 2051 2075 2052
f 2052 2075 2076
f 2052 2076 2047
f 2047 2076 2048
f 2048 2076 2077
f 2048 2077 2045
f 2045 2077 2046
f 2046 2077 2078
f 2046 2078 2042
f 2042 2078 2043
f 2043 2078 2079
f 2043 2079 2044
f 1691 2060 2067
f 2067 2060 2059
f 2067 2059 2082
f 2082 2059 2066
f 2082 2066 2081
f 2081 2066 2065
f 2081 2065 2080
f 2080 2065 2064
f 2080 2064 2079
f 2079 2064 1679
f 2079 1679 2044
f 2479 2481 2068
f 2068 2481 2083
f 2084 2083 2482
f 2482 2083 2481
f 2088 1741 2483
f 2483 1741 2085
f 2483 2085 2086
f 2087 2084 2482
f 2482 2484 2087
f 2087 2484 2473
f 2087 2473 2086
f 2086 2473 2485
f 2086 2485 2483
f 2126 2127 2486
f 2486 2127 2128
f 2486 2128 2148
f 2148 2128 2129
f 2109 2122 2111
f 2111 2122 2094
f 2111 2094 2114
f 2094 2092 2114
f 2114 2092 2090
f 2114 2090 2106
f 2106 2090 2099
f 2106 2099 2100
f 2089 2088 2096
f 2096 2088 2483
f 2096 2483 2098
f 2098 2483 2485
f 2098 2485 2473
f 2129 2089 2148
f 2148 2089 2096
f 2148 2096 2118
f 2118 2096 2094
f 2118 2094 2120
f 2120 2094 2122
f 2477 2478 2487
f 2478 2125 2488
f 2488 2125 2126
f 2486 2148 2147
f 2147 2489 2486
f 2486 2489 2490
f 2486 2490 2491
f 2492 2134 2136
f 2152 2492 2153
f 2153 2492 2146
f 2136 2138 2492
f 2492 2138 2137
f 2492 2137 2146
f 2489 2147 2493
f 2493 2147 2492
f 2134 2492 2133
f 2133 2492 2147
f 2133 2147 2117
f 2494 2495 2496
f 2496 2495 2497
f 2496 2497 2498
f 2499 2500 2494
f 2494 2500 2501
f 2494 2501 2495
f 2150 2149 2157
f 2499 2502 2500
f 2500 2502 2503
f 2500 2503 2504
f 2504 2503 2492
f 2492 2152 2504
f 2504 2152 2150
f 2504 2150 2505
f 2505 2150 2157
f 2160 2159 2206
f 2182 2506 2183
f 2183 2506 2498
f 2183 2498 2187
f 2187 2498 2497
f 2187 2497 2185
f 2206 2159 2207
f 2497 2495 2185
f 2185 2495 2501
f 2185 2501 2186
f 2186 2501 2500
f 2186 2500 2178
f 2178 2500 2504
f 2178 2504 2176
f 2176 2504 2505
f 2176 2505 2177
f 2177 2505 2157
f 2177 2157 2158
f 2161 2224 2200
f 2224 2226 2200
f 2200 2226 2507
f 2200 2507 2201
f 2201 2507 2506
f 2201 2506 2202
f 2202 2506 2182
f 2202 2182 2203
f 2158 2160 2177
f 2177 2160 2206
f 2177 2206 2181
f 2181 2206 2205
f 2181 2205 2179
f 2179 2205 2204
f 2179 2204 2180
f 2180 2204 2203
f 2180 2203 2184
f 2184 2203 2182
f 2161 2200 2162
f 2162 2200 2199
f 2162 2199 2163
f 2199 2198 2163
f 2163 2198 2197
f 2163 2197 2164
f 2164 2197 2196
f 2164 2196 2165
f 2165 2196 2195
f 2165 2195 2166
f 2166 2195 2194
f 2166 2194 2167
f 2167 2194 2193
f 2167 2193 2168
f 2168 2193 2192
f 2168 2192 2169
f 2169 2192 2191
f 2169 2191 2170
f 2170 2191 2190
f 2170 2190 2171
f 2171 2190 2189
f 2171 2189 2172
f 2172 2189 2188
f 2172 2188 2173
f 2173 2188 2207
f 2173 2207 2174
f 2174 2207 2159
f 2212 2306 2210
f 2210 2306 2304
f 2210 2304 2208
f 2208 2304 2508
f 2508 2304 2303
f 2508 2303 2302
f 2223 2217 2509
f 2509 2217 2216
f 2509 2216 2510
f 2209 2208 2511
f 2511 2512 2209
f 2209 2512 2513
f 2209 2513 2514
f 2514 2515 2209
f 2209 2515 2516
f 2209 2516 2219
f 2219 2516 2517
f 2219 2517 2216
f 2216 2517 2518
f 2216 2518 2510
f 2223 2509 2519
f 2229 2232 2241
f 2256 2229 2255
f 2255 2229 2241
f 2255 2241 2254
f 2520 2236 2250
f 2520 2250 2252
f 2521 2520 2241
f 2241 2520 2252
f 2241 2252 2254
f 2241 2243 2521
f 2521 2243 2235
f 2521 2235 2520
f 2520 2235 2236
f 2522 2506 2519
f 2519 2506 2507
f 2256 2223 2229
f 2229 2223 2519
f 2229 2519 2228
f 2228 2519 2507
f 2228 2507 2226
f 2523 2263 2270
f 2273 2523 2524
f 2523 2270 2524
f 2524 2270 2269
f 2524 2269 2525
f 2525 2269 2267
f 2525 2267 2526
f 2273 2524 2274
f 2274 2524 2525
f 2274 2525 2276
f 2276 2525 2526
f 2276 2526 2278
f 2267 2266 2526
f 2526 2266 2262
f 2526 2262 2527
f 2527 2262 2261
f 2527 2261 2287
f 2278 2526 2282
f 2282 2526 2527
f 2282 2527 2281
f 2281 2527 2287
f 2281 2287 2280
f 2264 2263 2528
f 2529 2300 2528
f 2528 2300 2299
f 2528 2299 2264
f 2529 2530 2300
f 2300 2530 2531
f 2300 2531 2302
f 2322 2532 2272
f 2272 2532 2273
f 2316 2315 2533
f 2533 2315 2372
f 2372 2534 2533
f 2533 2534 2535
f 2533 2535 2536
f 2536 2535 2537
f 2536 2537 2538
f 2316 2533 2536
f 2536 2538 2316
f 2316 2538 2539
f 2316 2539 2318
f 2318 2539 2319
f 2318 2319 2320
f 2540 2541 2309
f 2309 2308 2540
f 2540 2308 2313
f 2540 2313 2539
f 2539 2313 2311
f 2539 2311 2319
f 2542 2324 2333
f 2542 2333 2543
f 2544 2532 2542
f 2542 2532 2322
f 2542 2322 2324
f 2336 2331 2545
f 2545 2331 2309
f 2545 2309 2541
f 2355 2546 2335
f 2335 2546 2543
f 2335 2543 2334
f 2334 2543 2333
f 2341 2547 2342
f 2342 2547 2548
f 2342 2548 2343
f 2343 2548 2549
f 2343 2549 2344
f 2344 2549 2550
f 2344 2550 2345
f 2345 2550 2551
f 2345 2551 2346
f 2346 2551 2552
f 2346 2552 2347
f 2347 2552 2553
f 2347 2553 2348
f 2348 2553 2554
f 2348 2554 2349
f 2349 2554 2555
f 2349 2555 2350
f 2350 2555 2556
f 2350 2556 2351
f 2351 2556 2557
f 2351 2557 2352
f 2352 2557 2558
f 2352 2558 2353
f 2353 2558 2559
f 2353 2559 2354
f 2354 2559 2560
f 2354 2560 2358
f 2358 2560 2561
f 2358 2561 2357
f 2357 2561 2562
f 2357 2562 2356
f 2356 2562 2563
f 2356 2563 2355
f 2355 2563 2564
f 2355 2564 2546
f 2545 2565 2336
f 2336 2565 2566
f 2336 2566 2337
f 2337 2566 2567
f 2337 2567 2338
f 2338 2567 2568
f 2338 2568 2339
f 2339 2568 2547
f 2339 2547 2340
f 2340 2547 2341
f 2365 2362 2366
f 2366 2362 2363
f 2366 2363 2361
f 2569 2570 2571
f 2572 2573 2360
f 2572 2360 2574
f 2569 2571 2472
f 2472 2571 2575
f 2472 2575 2364
f 2364 2575 2574
f 2364 2574 2365
f 2365 2574 2360
f 2365 2360 2362
f 2359 2360 2367
f 2367 2360 2368
f 2576 2577 2578
f 2578 2577 2579
f 2368 2360 2369
f 2369 2360 2573
f 2369 2573 2576
f 2576 2573 2580
f 2576 2580 2577
f 2371 1873 2576
f 2576 1873 2369
f 2534 2372 2373
f 2581 2537 2535
f 2535 2534 2581
f 2581 2534 2373
f 2581 2373 2371
f 2371 2373 1899
f 2371 1899 2370
f 2582 2583 2571
f 2571 2583 2584
f 2585 2579 2586
f 2586 2579 2577
f 2586 2577 2587
f 2587 2577 2580
f 2587 2580 2588
f 2588 2580 2573
f 2588 2573 2589
f 2589 2573 2572
f 2589 2572 2590
f 2590 2572 2574
f 2590 2574 2584
f 2584 2574 2575
f 2584 2575 2571
f 2475 2474 2591
f 2591 2474 2592
f 2591 2592 2593
f 2594 2476 2475
f 2595 2596 2597
f 2597 2596 2594
f 2597 2594 2591
f 2591 2594 2475
f 2598 2599 2385
f 2385 2599 2600
f 2385 2600 2384
f 2384 2600 2601
f 2384 2601 2383
f 2383 2601 2602
f 2383 2602 2382
f 2382 2602 2603
f 2382 2603 2381
f 2381 2603 2604
f 2381 2604 2380
f 2380 2604 2605
f 2380 2605 2379
f 2379 2605 2606
f 2379 2606 2378
f 2378 2606 2607
f 2378 2607 2377
f 2377 2607 2608
f 2377 2608 2376
f 2376 2608 2609
f 2376 2609 2375
f 2375 2609 2610
f 2375 2610 2374
f 2374 2610 2598
f 2374 2598 2385
f 2611 2612 2397
f 2397 2612 2613
f 2397 2613 2396
f 2396 2613 2614
f 2396 2614 2395
f 2395 2614 2615
f 2395 2615 2394
f 2394 2615 2616
f 2394 2616 2393
f 2393 2616 2617
f 2393 2617 2392
f 2392 2617 2618
f 2392 2618 2391
f 2391 2618 2619
f 2391 2619 2390
f 2390 2619 2620
f 2390 2620 2389
f 2389 2620 2621
f 2389 2621 2388
f 2388 2621 2622
f 2388 2622 2387
f 2387 2622 2623
f 2387 2623 2386
f 2386 2623 2611
f 2386 2611 2397
f 2398 2097 2407
f 2407 2097 2476
f 2407 2476 2624
f 2624 2476 2594
f 2624 2594 2625
f 2407 2624 2406
f 2406 2624 2626
f 2409 2408 2627
f 2627 2408 2104
f 2104 2405 2627
f 2627 2405 2406
f 2627 2406 2626
f 2409 2627 2411
f 2411 2627 2628
f 2411 2628 2412
f 2412 2628 2629
f 2412 2629 2413
f 2413 2629 2410
f 2410 2629 2630
f 2410 2630 2416
f 2416 2630 2414
f 2414 2630 2631
f 2414 2631 2415
f 2415 2631 2424
f 2424 2631 2417
f 2417 2631 2632
f 2417 2632 2418
f 2418 2632 2423
f 2423 2632 2452
f 2423 2452 2422
f 2435 2434 2449
f 2464 2450 2453
f 1956 2454 2433
f 2433 2454 2453
f 2433 2453 2434
f 2434 2453 2450
f 2434 2450 2449
f 2448 2432 2449
f 2449 2432 2431
f 2449 2431 2435
f 2440 2428 2447
f 2447 2428 2426
f 2426 2425 2447
f 2447 2425 2429
f 2447 2429 2448
f 2448 2429 2430
f 2448 2430 2432
f 2440 2439 2428
f 2428 2439 2442
f 2428 2442 2427
f 2427 2442 1948
f 2437 2436 2441
f 2441 2436 729
f 2441 729 2442
f 2442 729 1363
f 2442 1363 1948
f 2633 2634 2453
f 2453 2634 2635
f 2453 2635 2464
f 2636 2634 2633
f 2636 2461 2460
f 2636 2460 2634
f 2634 2460 2463
f 2634 2463 2635
f 2635 2463 2008
f 2635 2008 2464
f 2461 2468 2462
f 2462 2468 2469
f 2468 2637 2467
f 2467 2637 2466
f 2471 2470 2638
f 2638 2470 2466
f 2638 2466 2637
f 2638 2639 2570
f 2570 2569 2638
f 2638 2569 2472
f 2638 2472 2471
f 2639 2640 2570
f 2570 2640 2582
f 2570 2582 2571
f 2583 2582 2641
f 2641 2582 2640
f 2040 2477 2642
f 2479 2592 2481
f 2481 2592 2474
f 2481 2474 2482
f 2482 2474 2473
f 2482 2473 2484
f 2643 2644 2479
f 2479 2644 2645
f 2479 2645 2592
f 2642 2646 2040
f 2040 2646 2647
f 2040 2647 2480
f 2480 2647 2648
f 2480 2648 2479
f 2479 2648 2649
f 2479 2649 2643
f 2491 2650 2486
f 2486 2650 2651
f 2486 2651 2126
f 2126 2651 2652
f 2126 2652 2488
f 2488 2652 2653
f 2488 2653 2478
f 2478 2653 2654
f 2478 2654 2487
f 2490 2489 2493
f 2655 2650 2491
f 2650 2655 2651
f 2651 2655 2656
f 2651 2656 2652
f 2503 2502 2655
f 2492 2503 2493
f 2493 2503 2655
f 2493 2655 2490
f 2490 2655 2491
f 2496 2656 2494
f 2494 2656 2655
f 2494 2655 2499
f 2499 2655 2502
f 2496 2498 2522
f 2522 2498 2506
f 2530 2529 2657
f 2208 2508 2658
f 2208 2658 2511
f 2511 2658 2659
f 2511 2659 2512
f 2512 2659 2660
f 2512 2660 2513
f 2513 2660 2661
f 2513 2661 2514
f 2514 2661 2662
f 2514 2662 2515
f 2515 2662 2663
f 2515 2663 2516
f 2664 2519 2509
f 2509 2510 2664
f 2664 2510 2518
f 2664 2518 2663
f 2663 2518 2517
f 2663 2517 2516
f 2530 2658 2531
f 2531 2658 2508
f 2531 2508 2302
f 2530 2657 2658
f 2658 2657 2665
f 2658 2665 2659
f 2659 2665 2666
f 2659 2666 2660
f 2666 2667 2660
f 2660 2667 2668
f 2660 2668 2661
f 2661 2668 2669
f 2661 2669 2662
f 2662 2669 2670
f 2662 2670 2663
f 2663 2670 2671
f 2663 2671 2664
f 2522 2519 2672
f 2672 2519 2664
f 2672 2664 2673
f 2673 2664 2671
f 2532 2544 2273
f 2273 2544 2674
f 2273 2674 2523
f 2523 2674 2263
f 2675 2529 2674
f 2674 2529 2528
f 2674 2528 2263
f 2544 2676 2674
f 2674 2676 2677
f 2674 2677 2675
f 2675 2677 2678
f 2676 2544 2542
f 2568 2567 2679
f 2676 2542 2680
f 2680 2542 2543
f 2680 2543 2681
f 2543 2546 2681
f 2681 2546 2564
f 2681 2564 2682
f 2564 2563 2682
f 2682 2563 2562
f 2682 2562 2683
f 2562 2561 2683
f 2683 2561 2560
f 2683 2560 2684
f 2560 2559 2684
f 2684 2559 2558
f 2684 2558 2685
f 2558 2557 2685
f 2685 2557 2556
f 2685 2556 2686
f 2556 2555 2686
f 2686 2555 2554
f 2686 2554 2687
f 2554 2553 2687
f 2687 2553 2552
f 2687 2552 2688
f 2552 2551 2688
f 2688 2551 2550
f 2688 2550 2689
f 2550 2549 2689
f 2689 2549 2548
f 2689 2548 2690
f 2679 2691 2568
f 2568 2691 2690
f 2568 2690 2547
f 2547 2690 2548
f 2579 2585 2692
f 2539 2538 2537
f 2371 2576 2581
f 2581 2576 2578
f 2581 2578 2537
f 2567 2566 2679
f 2679 2566 2565
f 2565 2545 2679
f 2679 2545 2541
f 2679 2541 2693
f 2693 2541 2540
f 2693 2540 2539
f 2578 2579 2537
f 2537 2579 2692
f 2537 2692 2539
f 2539 2692 2694
f 2539 2694 2693
f 2583 2641 2695
f 2695 2587 2588
f 2586 2587 2585
f 2585 2587 2695
f 2585 2695 2692
f 2692 2695 2694
f 2584 2583 2590
f 2590 2583 2695
f 2590 2695 2589
f 2589 2695 2588
f 2648 2696 2649
f 2649 2696 2697
f 2593 2592 2698
f 2698 2592 2645
f 2698 2645 2699
f 2699 2645 2644
f 2699 2644 2700
f 2700 2644 2643
f 2700 2643 2697
f 2697 2643 2649
f 2593 2701 2591
f 2591 2701 2597
f 2702 2703 2704
f 2705 2706 2707
f 2708 2703 2702
f 2702 2709 2708
f 2708 2709 2710
f 2708 2710 2707
f 2707 2710 2711
f 2707 2711 2705
f 2701 2712 2713
f 2701 2713 2597
f 2713 2714 2597
f 2597 2714 2715
f 2597 2715 2595
f 2625 2594 2715
f 2715 2594 2596
f 2715 2596 2595
f 2636 2633 2611
f 2641 2640 2639
f 2611 2633 2612
f 2603 2602 2626
f 2626 2602 2601
f 2615 2614 2607
f 2607 2614 2613
f 2607 2613 2608
f 2638 2637 2639
f 2639 2637 2468
f 2639 2468 2461
f 2632 2631 2600
f 2600 2631 2630
f 2600 2630 2601
f 2601 2630 2629
f 2601 2629 2626
f 2626 2629 2628
f 2626 2628 2627
f 2613 2612 2608
f 2608 2612 2633
f 2608 2633 2609
f 2609 2633 2453
f 2609 2453 2610
f 2610 2453 2452
f 2610 2452 2598
f 2598 2452 2632
f 2598 2632 2599
f 2599 2632 2600
f 2461 2636 2639
f 2639 2636 2611
f 2639 2611 2641
f 2641 2611 2623
f 2641 2623 2695
f 2625 2715 2604
f 2623 2622 2695
f 2695 2622 2621
f 2695 2621 2716
f 2716 2621 2620
f 2716 2620 2717
f 2717 2620 2619
f 2717 2619 2718
f 2718 2619 2618
f 2718 2618 2719
f 2719 2618 2720
f 2720 2618 2617
f 2720 2617 2721
f 2721 2617 2616
f 2721 2616 2722
f 2722 2616 2615
f 2722 2615 2713
f 2607 2606 2615
f 2615 2606 2605
f 2615 2605 2713
f 2713 2605 2604
f 2713 2604 2714
f 2714 2604 2715
f 2603 2626 2604
f 2604 2626 2624
f 2604 2624 2625
f 2477 2487 2654
f 2477 2654 2642
f 2654 2723 2642
f 2642 2723 2724
f 2642 2724 2646
f 2646 2724 2725
f 2646 2725 2647
f 2647 2725 2696
f 2647 2696 2648
f 2726 2654 2653
f 2666 2665 2727
f 2727 2665 2675
f 2675 2665 2657
f 2675 2657 2529
f 2726 2668 2727
f 2727 2668 2667
f 2727 2667 2666
f 2656 2496 2522
f 2522 2672 2656
f 2656 2672 2673
f 2656 2673 2652
f 2652 2673 2671
f 2652 2671 2653
f 2653 2671 2670
f 2653 2670 2726
f 2726 2670 2669
f 2726 2669 2668
f 2728 2729 2727
f 2729 2730 2727
f 2727 2730 2731
f 2727 2731 2726
f 2728 2727 2732
f 2732 2727 2675
f 2732 2675 2678
f 2694 2695 2716
f 2733 2734 2682
f 2735 2678 2677
f 2728 2732 2736
f 2736 2732 2694
f 2736 2694 2737
f 2737 2694 2707
f 2708 2707 2703
f 2703 2707 2694
f 2703 2694 2704
f 2704 2694 2716
f 2682 2683 2733
f 2733 2683 2684
f 2733 2684 2738
f 2738 2684 2685
f 2738 2685 2739
f 2739 2685 2686
f 2739 2686 2740
f 2740 2686 2687
f 2740 2687 2741
f 2741 2687 2688
f 2741 2688 2742
f 2742 2688 2689
f 2742 2689 2743
f 2677 2676 2735
f 2735 2676 2680
f 2735 2680 2734
f 2734 2680 2681
f 2734 2681 2682
f 2689 2690 2743
f 2743 2690 2691
f 2743 2691 2744
f 2744 2691 2679
f 2744 2679 2745
f 2745 2679 2693
f 2745 2693 2735
f 2735 2693 2694
f 2735 2694 2678
f 2678 2694 2732
f 2737 2707 2706
f 2746 2747 2748
f 2748 2747 2737
f 2748 2737 2749
f 2749 2737 2706
f 2697 2696 2750
f 2750 2696 2751
f 2699 2712 2698
f 2698 2712 2701
f 2698 2701 2593
f 2697 2750 2700
f 2700 2750 2752
f 2700 2752 2699
f 2753 2754 2752
f 2752 2754 2755
f 2752 2755 2699
f 2699 2755 2756
f 2699 2756 2712
f 2704 2716 2702
f 2702 2716 2717
f 2718 2710 2717
f 2717 2710 2709
f 2717 2709 2702
f 2749 2706 2705
f 2748 2749 2719
f 2719 2749 2705
f 2719 2705 2718
f 2718 2705 2711
f 2718 2711 2710
f 2748 2719 2746
f 2746 2719 2720
f 2746 2720 2757
f 2757 2720 2758
f 2758 2720 2721
f 2758 2721 2759
f 2713 2712 2722
f 2722 2712 2756
f 2756 2755 2722
f 2722 2755 2754
f 2722 2754 2721
f 2721 2754 2753
f 2721 2753 2759
f 2729 2728 2760
f 2760 2761 2724
f 2724 2761 2762
f 2724 2762 2725
f 2760 2724 2729
f 2729 2724 2723
f 2729 2723 2730
f 2730 2723 2731
f 2731 2723 2654
f 2731 2654 2726
f 2751 2696 2763
f 2763 2696 2725
f 2763 2725 2764
f 2764 2725 2762
f 2736 2737 2747
f 2747 2765 2736
f 2736 2765 2766
f 2736 2766 2728
f 2728 2766 2767
f 2728 2767 2760
f 2747 2746 2757
f 2747 2757 2765
f 2759 2760 2758
f 2758 2760 2767
f 2758 2767 2757
f 2757 2767 2766
f 2757 2766 2765
f 2759 2753 2760
f 2760 2753 2752
f 2760 2752 2761
f 2751 2763 2764
f 2752 2750 2751
f 2751 2764 2752
f 2752 2764 2762
f 2752 2762 2761
f 2768 2743 2769
f 2769 2743 2744
f 2769 2744 2770
f 2770 2744 2745
f 2738 2739 2771
f 2771 2739 2740
f 2771 2740 2772
f 2772 2740 2741
f 2772 2741 2768
f 2768 2741 2742
f 2768 2742 2743
f 2734 2733 2773
f 2773 2733 2738
f 2773 2738 2774
f 2774 2738 2771

