# https://github.com/mikedh/trimesh

o right_finger5_link4.STL
v -0.00309609 0.00205972 0.02182856
v -0.00309242 0.00193386 0.02225829
v -0.00579857 0.00209619 0.02153229
v -0.00583783 0.00209619 0.02153229
v -0.00581439 0.00203119 0.02195837
v -0.00581746 0.00194084 0.02224070
v -0.00584763 0.00174331 0.02263026
v -0.00308848 0.00179054 0.02255229
v -0.00308228 0.00152946 0.02291624
v -0.00588063 0.00157461 0.02286313
v -0.00308046 0.00144132 0.02301123
v -0.00590763 0.00144120 0.02301135
v -0.00307774 0.00129702 0.02314612
v -0.00594377 0.00125844 0.02317846
v -0.00307223 0.00093020 0.02340315
v -0.00598722 0.00102001 0.02334977
v -0.00306910 0.00063470 0.02354319
v -0.00604535 0.00062623 0.02354647
v -0.00306635 0.00020351 0.02366433
v -0.00608446 0.00020350 0.02366433
v -0.00585119 0.00207394 0.02105472
v -0.00309473 0.00207419 0.02105642
v -0.00581043 0.00210000 0.02139970
v -0.00309677 0.00210000 0.02140000
v -0.00309691 0.00209767 0.02150349
v -0.00601218 0.00173261 0.02015299
v -0.00609581 0.00143355 0.01978089
v -0.00306063 0.00144131 0.01978876
v -0.00307160 0.00165972 0.02004668
v -0.00308085 0.00183245 0.02032337
v -0.00592702 0.00194975 0.02058234
v -0.00308623 0.00192897 0.02052965
v -0.00309043 0.00200252 0.02073752
v -0.00624504 0.00020351 0.01913568
v -0.00302092 0.00020351 0.01913568
v -0.00624370 0.00024814 0.01914408
v -0.00302434 0.00040696 0.01918153
v -0.00621540 0.00068506 0.01927711
v -0.00303205 0.00071624 0.01929037
v -0.00616166 0.00110044 0.01950293
v -0.00304581 0.00110750 0.01950779
v -0.00305689 0.00136217 0.01971191
v 0.00133074 0.00389317 0.00952433
v 0.00144263 0.00387305 0.00940000
v 0.00144263 0.00525773 0.00940000
v 0.00007350 0.00399924 0.01118510
v 0.00008764 0.00390000 0.01116391
v 0.00073925 0.00390000 0.01024982
v 0.00006883 0.00410030 0.01119220
v -0.00223450 -0.00025000 0.01544523
v -0.00223372 0.00191216 0.01544462
v -0.00225594 0.00516408 0.01550714
v -0.00223231 0.00409968 0.01544374
v -0.00220504 0.00517441 0.01537603
v -0.00176667 0.00409981 0.01437576
v -0.00185298 0.00522153 0.01456033
v -0.00236902 -0.00025000 0.01581011
v -0.00256156 0.00507451 0.01641861
v -0.00254323 -0.00025000 0.01635043
v -0.00280648 0.00495059 0.01745311
v -0.00273139 -0.00025000 0.01708127
v -0.00296788 0.00481514 0.01856385
v -0.00306138 0.00467686 0.01982590
v -0.00297215 -0.00025000 0.01859420
v -0.00299480 -0.00019972 0.01882394
v -0.00301256 -0.00003670 0.01902910
v -0.00308737 0.00445392 0.02259016
v -0.00309622 0.00452324 0.02157178
v -0.00305977 -0.00018697 0.02395014
v -0.00306430 -0.00001347 0.02375388
v -0.00305401 -0.00025000 0.02420579
v -0.00305192 -0.00025000 0.02430405
v -0.00305000 0.00375020 0.02440000
v -0.00305000 -0.00025000 0.02439999
v -0.00307659 0.00442133 0.02317934
v -0.00306120 0.00418481 0.02387814
v -0.00305167 0.00385694 0.02431445
v -0.00305501 0.00400802 0.02415559
v -0.00146254 0.00523900 0.01377084
v -0.00146359 0.00409997 0.01377073
v -0.00132041 0.00523946 0.01350240
v -0.00119983 0.00409997 0.01327860
v -0.00058155 0.00521732 0.01221333
v -0.00045232 0.00410013 0.01200082
v 0.00017559 0.00519308 0.01103604
v 0.00083840 0.00520373 0.01012172
v 0.00122027 0.00390000 0.00965135
v -0.00580429 -0.00025000 0.02434734
v -0.00592352 -0.00025000 0.02426507
v -0.00597723 -0.00025000 0.02420580
v -0.00558195 -0.00025000 0.02440000
v -0.00564799 -0.00025000 0.02439547
v -0.00569271 -0.00025000 0.02438724
v -0.00549383 0.00071648 0.02440000
v -0.00363514 0.00383229 0.02433585
v -0.00369359 0.00390442 0.02427001
v -0.00432453 0.00342998 0.02427549
v -0.00370116 0.00400977 0.02415342
v -0.00365789 0.00411245 0.02394561
v -0.00443419 0.00355456 0.02396389
v -0.00358904 0.00415054 0.02394301
v -0.00514347 0.00276283 0.02396285
v -0.00551296 0.00216003 0.02395545
v -0.00510102 0.00273188 0.02413028
v -0.00551316 0.00215469 0.02397290
v -0.00552098 0.00212720 0.02400359
v -0.00552628 0.00211105 0.02401490
v -0.00559475 0.00191104 0.02409005
v -0.00561771 0.00182261 0.02412222
v -0.00569872 0.00156994 0.02415578
v -0.00422099 0.00331396 0.02436792
v -0.00351773 0.00377655 0.02438052
v -0.00582656 0.00078198 0.02426699
v -0.00608112 -0.00017777 0.02393333
v -0.00605101 -0.00023358 0.02407241
v -0.00598273 0.00081264 0.02393892
v -0.00593638 0.00080361 0.02411390
v -0.00569660 0.00176438 0.02395004
v -0.00567098 0.00075136 0.02436566
v -0.00537024 0.00171629 0.02436674
v -0.00520692 0.00164606 0.02440000
v -0.00488226 0.00257607 0.02436782
v -0.00473904 0.00247452 0.02440000
v -0.00410410 0.00318329 0.02440001
v -0.00341412 0.00367823 0.02440001
v -0.00327977 0.00375020 0.02440000
v -0.00500912 0.00266621 0.02427511
v -0.00551440 0.00177824 0.02427112
v -0.00439956 0.00351454 0.02413101
v -0.00370452 0.00399364 0.02417314
v -0.00483856 0.00314685 0.02396540
v -0.00332589 0.00430747 0.02357163
v -0.00351055 0.00420018 0.02384624
v -0.00299499 0.00590931 0.00786446
v -0.00270766 0.00589339 0.00822500
v -0.00306276 0.00695411 0.00405626
v 0.00233769 0.00641483 0.00405626
v 0.00179039 0.00666765 0.00405626
v 0.00124315 0.00534450 0.00939999
v -0.00691252 -0.00220030 0.00867455
v -0.00671616 -0.00216474 0.00940763
v -0.00691011 -0.00148090 0.00940573
v -0.00727437 -0.00112607 0.00830696
v -0.00710656 -0.00223386 0.00794846
v -0.00702286 -0.00079219 0.00939198
v -0.00731535 -0.00042751 0.00839428
v -0.00705000 -0.00020000 0.00940000
v -0.00730685 0.00026978 0.00837569
v -0.00694669 0.00090865 0.00939999
v -0.00724908 0.00096551 0.00825165
v -0.00714024 0.00166782 0.00801830
v -0.00687523 0.00123762 0.00940000
v -0.00655754 0.00218055 0.00939999
v -0.00589773 0.00333546 0.00940000
v -0.00670009 0.00325532 0.00707534
v -0.00698120 0.00236367 0.00767749
v -0.00554787 0.00377050 0.00940021
v -0.00560000 0.00387371 0.00900000
v -0.00672946 0.00394205 0.00555813
v -0.00700973 0.00321412 0.00615917
v -0.00712825 0.00243034 0.00707500
v -0.00723554 0.00247361 0.00664341
v -0.00743669 0.00155353 0.00707477
v 0.00284900 0.00510837 0.00721144
v 0.00313644 0.00511125 0.00655314
v 0.00293775 0.00607138 0.00405625
v 0.00332897 0.00516771 0.00593924
v 0.00344864 0.00528743 0.00531063
v 0.00349006 0.00543705 0.00477976
v 0.00345432 0.00571131 0.00405626
v 0.00199638 0.00520605 0.00863382
v 0.00250559 0.00514300 0.00784026
v 0.00155088 0.00676188 0.00405625
v 0.00072925 0.00701572 0.00405625
v -0.00003475 0.00571348 0.00940000
v 0.00020753 0.00712469 0.00405626
v -0.00038150 0.00576264 0.00940000
v -0.00011621 0.00717295 0.00405626
v -0.00097417 0.00723147 0.00405626
v -0.00136254 0.00579186 0.00940001
v -0.00143713 0.00722176 0.00405626
v -0.00183314 0.00719048 0.00405626
v -0.00268163 0.00705053 0.00405625
v -0.00255194 0.00582955 0.00860210
v -0.00250000 0.00573255 0.00900000
v -0.00255250 0.00560883 0.00940000
v -0.00415743 0.00553357 0.00745373
v -0.00405000 0.00559163 0.00745000
v -0.00430200 0.00648258 0.00405626
v -0.00350827 0.00681351 0.00405626
v -0.00365918 0.00576325 0.00750007
v -0.00327500 0.00587203 0.00765766
v -0.00554213 0.00410167 0.00858040
v -0.00539234 0.00438490 0.00822499
v -0.00640420 0.00463817 0.00486060
v -0.00524448 0.00459655 0.00801221
v -0.00602913 0.00531731 0.00405625
v -0.00482500 0.00505068 0.00765766
v -0.00574879 0.00555793 0.00405626
v -0.00451245 0.00530528 0.00752060
v -0.00505219 0.00606218 0.00405626
v -0.00458948 0.00633487 0.00405626
v -0.00400000 0.00085000 0.00985000
v -0.00400000 0.00220000 0.00985000
v -0.00357500 0.00085000 0.00973613
v -0.00357500 0.00220000 0.00973613
v -0.00326388 0.00085000 0.00942500
v -0.00326388 0.00220000 0.00942500
v -0.00315000 0.00085000 0.00899999
v -0.00315000 0.00220000 0.00900001
v -0.00326388 0.00085000 0.00857500
v -0.00326388 0.00220000 0.00857500
v -0.00357500 0.00085000 0.00826387
v -0.00357500 0.00220000 0.00826387
v -0.00400000 0.00085000 0.00815000
v -0.00400000 0.00220000 0.00815000
v -0.00442500 0.00085000 0.00826387
v -0.00442500 0.00220000 0.00826387
v -0.00473612 0.00085000 0.00857499
v -0.00473612 0.00220000 0.00857499
v -0.00485000 0.00085000 0.00900001
v -0.00485000 0.00220000 0.00900001
v -0.00473612 0.00085000 0.00942500
v -0.00473612 0.00220000 0.00942500
v -0.00442500 0.00085000 0.00973613
v -0.00442500 0.00220000 0.00973613
v -0.00625312 -0.00005140 0.01901733
v -0.00624889 0.00006827 0.01909300
v -0.00626344 -0.00019588 0.01883212
v -0.00627748 -0.00025000 0.01859420
v 0.00297432 0.00612889 0.00353861
v 0.00236876 0.00647548 0.00353862
v 0.00345150 0.00572043 0.00403508
v 0.00337256 0.00585731 0.00353862
v 0.00340655 0.00581391 0.00378165
v 0.00344850 0.00572950 0.00401347
v -0.00586324 0.00554320 0.00370050
v -0.00578558 0.00561295 0.00363368
v -0.00575072 0.00564362 0.00357653
v -0.00574386 0.00564959 0.00353862
v -0.00508889 0.00611960 0.00353863
v 0.00074557 0.00708189 0.00353862
v 0.00157474 0.00682572 0.00353862
v -0.00097347 0.00729961 0.00353861
v -0.00010764 0.00724056 0.00353861
v -0.00269659 0.00711702 0.00353862
v -0.00184032 0.00725824 0.00353862
v -0.00353082 0.00687782 0.00353861
v -0.00433182 0.00654386 0.00353863
v -0.00689005 0.00266187 0.00590250
v -0.00691001 0.00245000 0.00594532
v -0.00683478 0.00284061 0.00578399
v -0.00675238 0.00295824 0.00560728
v -0.00665573 0.00300000 0.00540000
v -0.00433182 0.00654386 0.00041637
v -0.00339865 0.00692277 -0.00158482
v -0.00339865 0.00300000 -0.00158482
v -0.00691001 -0.00305000 0.00594531
v -0.00689004 -0.00326187 0.00590250
v -0.00701784 -0.00355639 0.00617655
v -0.00683478 -0.00344061 0.00578398
v -0.00674032 -0.00427979 0.00558141
v -0.00675238 -0.00355824 0.00560728
v -0.00665573 -0.00360000 0.00540000
v -0.00664588 -0.00360000 0.00537886
v -0.00641207 -0.00498889 0.00487747
v -0.00737565 -0.00227767 0.00694387
v -0.00743669 -0.00195354 0.00707477
v -0.00664588 0.00300000 0.00537887
v -0.00582175 0.00558067 0.00361154
v -0.00574296 0.00565031 0.00344255
v -0.00506234 0.00613649 0.00198297
v -0.00339865 -0.00703798 -0.00158481
v -0.00352325 -0.00699092 -0.00131762
v -0.00339865 -0.00360000 -0.00158481
v -0.00429747 -0.00663905 0.00034270
v -0.00502688 -0.00620204 0.00190693
v -0.00570213 -0.00568551 0.00335500
v -0.00631051 -0.00510043 0.00465968
v -0.00025579 -0.00020000 0.00749125
v -0.00025579 -0.00330000 0.00749125
v -0.00017048 -0.00330000 0.00728918
v -0.00017048 0.00245000 0.00728918
v -0.00025579 0.00245000 0.00749125
v -0.00017716 -0.00330000 0.00708018
v -0.00017716 0.00245000 0.00708018
v -0.00028204 -0.00330000 0.00687579
v -0.00028204 0.00245000 0.00687578
v -0.00040076 0.00245000 0.00677533
v -0.00047953 -0.00330000 0.00673581
v -0.00047953 0.00245000 0.00673581
v -0.00066220 -0.00330000 0.00670000
v -0.00066220 0.00245000 0.00670000
v -0.00035686 0.00270000 0.00763067
v -0.00024978 0.00257645 0.00748288
v -0.00023233 0.00269996 0.00745846
v -0.00035686 -0.00330000 0.00763067
v -0.00048687 0.00270000 0.00780646
v -0.00048687 -0.00330000 0.00780646
v -0.00320629 -0.00020000 0.01174470
v -0.00320612 0.00270000 0.01174528
v -0.00340546 0.00270000 0.01199330
v -0.00367218 0.00270000 0.01216685
v -0.00367218 -0.00330000 0.01216685
v -0.00340546 -0.00330000 0.01199330
v -0.00320612 -0.00330000 0.01174528
v -0.00683888 0.00245000 0.00590001
v -0.00683888 -0.00305000 0.00590000
v -0.00615000 0.00245000 0.00590000
v -0.00615000 -0.00305000 0.00589999
v -0.00577838 -0.00305000 0.00593482
v -0.00565675 0.00245000 0.00596177
v -0.00541970 -0.00305000 0.00603810
v -0.00541970 0.00245000 0.00603810
v -0.00508646 -0.00305000 0.00620622
v -0.00519398 0.00245000 0.00614329
v -0.00479026 -0.00305000 0.00643333
v -0.00479026 0.00245000 0.00643334
v -0.00447554 -0.00305000 0.00663094
v -0.00447554 0.00245000 0.00663095
v -0.00411039 -0.00305000 0.00670000
v -0.00411039 0.00245000 0.00670000
v -0.00258166 -0.00305000 0.00670001
v -0.00231387 -0.00311308 0.00670001
v 0.00209433 -0.00330000 0.00670000
v 0.00199167 -0.00354091 0.00670000
v 0.00194308 -0.00368169 0.00670000
v 0.00149499 -0.00545000 0.00670001
v -0.00100912 -0.00545000 0.00670000
v 0.00149499 -0.00455000 0.00670001
v -0.00100912 -0.00455000 0.00670000
v -0.00113122 -0.00441803 0.00670001
v -0.00125845 -0.00429113 0.00670001
v -0.00147404 -0.00407450 0.00670000
v -0.00172223 -0.00389790 0.00670000
v -0.00184237 -0.00381440 0.00670000
v 0.00149840 -0.00454854 0.00669999
v 0.00173933 -0.00412566 0.00670001
v 0.00183338 -0.00391073 0.00670000
v -0.00210238 -0.00328905 0.00669999
v -0.00199167 -0.00354091 0.00669999
v -0.00194430 -0.00367934 0.00670000
v -0.00049642 0.00295000 -0.00366654
v 0.00073045 0.00295000 -0.00362718
v 0.00042705 0.00295000 -0.00159378
v 0.00082500 0.00295000 -0.00142895
v 0.00187692 0.00295000 -0.00318859
v 0.00116673 0.00295000 -0.00116673
v 0.00281682 0.00295000 -0.00239907
v 0.00142894 0.00295000 -0.00082500
v 0.00344669 0.00295000 -0.00134549
v 0.00159378 0.00295000 -0.00042705
v 0.00000000 0.00295000 -0.00164999
v -0.00042705 0.00295000 -0.00159378
v -0.00166865 0.00295000 -0.00330236
v -0.00082500 0.00295000 -0.00142895
v -0.00265722 0.00295000 -0.00257472
v -0.00116673 0.00295000 -0.00116672
v -0.00335334 0.00295000 -0.00156369
v -0.00142894 0.00295000 -0.00082500
v -0.00159378 0.00295000 -0.00042706
v -0.00165000 0.00295000 -0.00000000
v -0.00660056 0.00295000 0.00540000
v -0.00159378 0.00295000 0.00042705
v -0.00142894 0.00295000 0.00082500
v 0.00344864 0.00295000 0.00531062
v 0.00332078 0.00295000 0.00597129
v 0.00082500 0.00295000 0.00142895
v -0.00445033 0.00295000 0.00606667
v -0.00495497 0.00295000 0.00570412
v -0.00116673 0.00295000 0.00116673
v -0.00553344 0.00295000 0.00547722
v -0.00615000 0.00295000 0.00540001
v -0.00429297 0.00295000 0.00616547
v -0.00082500 0.00295000 0.00142895
v -0.00411039 0.00295000 0.00620000
v -0.00042705 0.00295000 0.00159378
v 0.00263756 0.00295000 0.00619999
v 0.00165000 0.00295000 0.00000001
v 0.00369720 0.00295000 -0.00014384
v 0.00159378 0.00295000 0.00042706
v 0.00354080 0.00295000 0.00107366
v 0.00142894 0.00295000 0.00082500
v 0.00328699 0.00295000 0.00254869
v 0.00116673 0.00295000 0.00116673
v 0.00340304 0.00295000 0.00404087
v 0.00348480 0.00295000 0.00438826
v 0.00000000 0.00295000 0.00164999
v 0.00042705 0.00295000 0.00159378
v 0.00278168 0.00295000 0.00618243
v 0.00291736 0.00295000 0.00613076
v 0.00344850 0.00300000 0.00401344
v 0.00358864 0.00300000 0.00108817
v 0.00333693 0.00300000 0.00255100
v 0.00344850 0.00561910 0.00401346
v 0.00333693 0.00588316 0.00255100
v 0.00341787 0.00582396 0.00180890
v 0.00358865 0.00569347 0.00108817
v 0.00296368 0.00613564 0.00153314
v 0.00292664 0.00615895 0.00160426
v -0.00334607 0.00693989 0.00000024
v -0.00334189 0.00694123 0.00016670
v -0.00333714 0.00694276 0.00024213
v -0.00332701 0.00694599 -0.00034843
v -0.00323167 0.00697567 -0.00086240
v -0.00321536 0.00698061 -0.00092219
v -0.00303160 0.00703348 -0.00142126
v -0.00309001 0.00701723 -0.00212469
v -0.00276852 0.00710046 -0.00188392
v -0.00269659 0.00711702 -0.00260593
v -0.00270201 0.00711579 -0.00197807
v -0.00241858 0.00717407 -0.00231791
v -0.00222549 0.00720731 -0.00301823
v -0.00202194 0.00723675 -0.00267170
v -0.00169120 0.00727254 -0.00334699
v -0.00160253 0.00727962 -0.00294004
v -0.00097347 0.00729961 -0.00362145
v -0.00111579 0.00729971 -0.00315651
v -0.00097582 0.00729963 -0.00320297
v -0.00050312 0.00728004 -0.00371609
v -0.00056179 0.00728409 -0.00330277
v 0.00012335 0.00720765 -0.00374796
v -0.00005108 0.00723318 -0.00335130
v 0.00014808 0.00720369 -0.00334828
v 0.00074032 0.00708318 -0.00367619
v 0.00064948 0.00710491 -0.00328611
v 0.00074706 0.00708152 -0.00326480
v 0.00134488 0.00690736 -0.00350054
v 0.00113849 0.00697360 -0.00314805
v 0.00121055 0.00695121 -0.00312084
v 0.00190229 0.00669449 -0.00323169
v 0.00168829 0.00678225 -0.00289008
v 0.00190552 0.00669311 -0.00275206
v 0.00236876 0.00647549 -0.00290714
v 0.00212453 0.00659502 -0.00258709
v 0.00218082 0.00656844 -0.00253983
v 0.00237498 0.00647229 -0.00235851
v 0.00285488 0.00620327 -0.00243149
v 0.00254797 0.00638062 -0.00216791
v 0.00321512 0.00596918 -0.00193015
v 0.00277300 0.00625249 -0.00186397
v 0.00285265 0.00620463 -0.00173602
v 0.00349326 0.00576731 -0.00136367
v 0.00310152 0.00604619 -0.00122694
v 0.00367020 0.00562835 -0.00076949
v 0.00324167 0.00595074 -0.00077617
v 0.00374717 0.00556517 -0.00014578
v 0.00264241 0.00632810 0.00204876
v 0.00229124 0.00651462 0.00243975
v 0.00331774 0.00589696 -0.00030361
v 0.00333155 0.00588704 0.00000000
v 0.00371877 0.00558868 0.00048293
v 0.00331491 0.00589898 0.00033312
v 0.00323209 0.00595741 0.00081565
v 0.00308235 0.00605889 0.00127430
v -0.00097588 0.00729963 0.00320356
v -0.00114630 0.00729938 0.00314609
v -0.00209858 0.00722634 0.00261278
v -0.00165757 0.00727535 0.00291022
v -0.00122300 0.00729801 0.00311696
v -0.00249999 0.00715850 0.00223183
v -0.00270627 0.00711483 0.00197412
v -0.00284393 0.00708229 0.00176680
v -0.00308557 0.00701848 0.00128880
v -0.00325432 0.00696875 0.00076685
v 0.00044204 0.00715009 0.00332171
v -0.00007016 0.00723572 0.00335155
v -0.00014625 0.00724535 0.00334904
v -0.00065051 0.00728935 0.00328669
v 0.00185012 0.00671660 0.00278895
v 0.00143206 0.00687739 0.00302489
v 0.00093327 0.00703302 0.00321561
v 0.00074730 0.00708146 0.00326486
v 0.00374717 0.00300000 -0.00014577
v 0.00349326 0.00300000 -0.00136368
v 0.00285488 0.00300000 -0.00243149
v 0.00190229 0.00300000 -0.00323168
v 0.00074032 0.00300000 -0.00367620
v -0.00050312 0.00300000 -0.00371609
v -0.00169120 0.00300000 -0.00334700
v -0.00269313 0.00300000 -0.00260951
v -0.00661041 0.00294955 0.00542113
v -0.00683615 0.00252642 0.00589412
v -0.00680910 0.00269015 0.00583855
v -0.00675349 0.00283157 0.00572313
v -0.00668583 0.00291639 0.00558024
v -0.00016641 0.00253831 0.00709909
v -0.00021109 0.00252288 0.00697061
v -0.00019567 0.00259733 0.00695771
v -0.00015990 0.00270000 0.00731809
v -0.00013960 0.00266671 0.00721011
v -0.00012970 0.00270000 0.00718591
v -0.00015800 0.00255891 0.00723400
v -0.00015032 0.00262720 0.00708147
v -0.00013592 0.00270000 0.00700936
v -0.00034462 0.00263925 0.00674279
v -0.00027614 0.00270000 0.00674043
v -0.00019314 0.00270000 0.00684591
v -0.00040865 0.00270000 0.00666015
v -0.00046068 0.00264886 0.00668001
v -0.00037558 0.00257503 0.00676159
v -0.00039442 0.00251198 0.00677207
v -0.00051877 0.00251707 0.00671531
v -0.00049651 0.00258369 0.00670215
v -0.00063703 0.00258131 0.00668241
v -0.00056719 0.00270000 0.00663302
v -0.00027254 0.00257951 0.00684851
v -0.00024505 0.00264752 0.00682929
v -0.00016959 0.00267383 0.00693437
v -0.00615000 0.00291194 0.00559135
v -0.00615000 0.00280355 0.00575355
v -0.00615000 0.00264134 0.00586194
v -0.00517578 0.00264134 0.00610986
v -0.00476439 0.00264134 0.00640543
v -0.00558063 0.00291194 0.00566265
v -0.00504644 0.00291194 0.00587217
v -0.00512397 0.00280355 0.00601466
v -0.00458041 0.00291194 0.00620698
v -0.00562063 0.00280355 0.00581986
v -0.00564737 0.00264134 0.00592490
v -0.00462030 0.00288301 0.00624999
v -0.00469070 0.00280355 0.00632594
v -0.00474472 0.00270000 0.00638421
v -0.00438425 0.00288301 0.00639821
v -0.00445108 0.00270000 0.00656859
v -0.00411039 0.00270000 0.00663301
v -0.00411039 0.00280356 0.00655356
v -0.00411039 0.00288301 0.00645001
v 0.00263756 0.00270000 0.00663302
v 0.00263756 0.00280355 0.00655355
v 0.00263756 0.00283167 0.00652299
v 0.00263756 0.00291949 0.00637199
v 0.00303394 0.00288301 0.00635192
v 0.00311928 0.00270000 0.00651382
v 0.00288569 0.00270000 0.00660278
v 0.00282299 0.00291949 0.00634940
v 0.00285926 0.00283168 0.00649598
v -0.00038823 0.00310000 0.00144889
v -0.00075000 0.00310000 0.00129904
v -0.00106066 0.00310000 0.00106066
v -0.00129904 0.00310000 0.00075001
v -0.00144889 0.00310000 0.00038822
v -0.00150000 0.00310000 -0.00000001
v -0.00144889 0.00310000 -0.00038823
v -0.00129904 0.00310000 -0.00075000
v -0.00106066 0.00310000 -0.00106067
v -0.00075000 0.00310000 -0.00129903
v -0.00038823 0.00310000 -0.00144889
v -0.00000000 0.00310000 -0.00150001
v 0.00038823 0.00310000 -0.00144889
v 0.00075000 0.00310000 -0.00129904
v 0.00106066 0.00310000 -0.00106066
v 0.00129904 0.00310000 -0.00075000
v 0.00144889 0.00310000 -0.00038823
v 0.00150000 0.00310000 0.00000000
v 0.00144889 0.00310000 0.00038823
v 0.00129904 0.00310000 0.00074999
v 0.00106066 0.00310000 0.00106066
v 0.00075000 0.00310000 0.00129904
v 0.00038823 0.00310000 0.00144889
v -0.00000000 0.00310000 0.00150000
v 0.00201121 0.00653971 -0.00255295
v 0.00278864 0.00613959 0.00166913
v 0.00299149 0.00601611 0.00127024
v 0.00301839 0.00599873 0.00120491
v 0.00257044 0.00626141 0.00198880
v 0.00248936 0.00630471 0.00208940
v 0.00221256 0.00644532 0.00238056
v 0.00179156 0.00663603 0.00271160
v 0.00162571 0.00670281 0.00281417
v 0.00128773 0.00682426 0.00298399
v 0.00080726 0.00696446 0.00314815
v 0.00056535 0.00702141 0.00320045
v 0.00024832 0.00708350 0.00324050
v -0.00026039 0.00715578 0.00323955
v -0.00056130 0.00718307 0.00320116
v -0.00076199 0.00719465 0.00315940
v -0.00082356 0.00719709 0.00314392
v -0.00130812 0.00719713 0.00297512
v -0.00162514 0.00717832 0.00281450
v -0.00175704 0.00716621 0.00273410
v -0.00217735 0.00711203 0.00241281
v -0.00251414 0.00705294 0.00205952
v -0.00281577 0.00698912 0.00162294
v -0.00298910 0.00694750 0.00127585
v -0.00305297 0.00693075 0.00111439
v -0.00319165 0.00688926 0.00061310
v -0.00324844 0.00686985 0.00010078
v -0.00324983 0.00686943 0.00003281
v -0.00321315 0.00688214 -0.00048805
v -0.00308849 0.00691822 -0.00101180
v -0.00305396 0.00692734 -0.00111169
v -0.00288338 0.00697056 -0.00149954
v -0.00267201 0.00702131 -0.00185010
v -0.00260475 0.00703612 -0.00194366
v -0.00248971 0.00705958 -0.00208899
v -0.00224931 0.00710175 -0.00234588
v -0.00184517 0.00715714 -0.00267543
v 0.00115513 0.00686651 -0.00303779
v 0.00067791 0.00699613 -0.00317852
v 0.00056486 0.00702174 -0.00320053
v 0.00020042 0.00709217 -0.00324382
v -0.00031288 0.00716203 -0.00323491
v -0.00056184 0.00718378 -0.00320106
v -0.00086693 0.00719908 -0.00313224
v -0.00134847 0.00719604 -0.00295705
v -0.00162523 0.00717875 -0.00281445
v 0.00162846 0.00670132 -0.00281258
v 0.00299319 0.00601486 -0.00126622
v 0.00275669 0.00615775 -0.00172138
v 0.00271511 0.00618135 -0.00178626
v 0.00248928 0.00630433 -0.00208950
v 0.00239485 0.00635350 -0.00219709
v 0.00301613 0.00600005 -0.00121056
v 0.00305376 0.00597552 -0.00111222
v 0.00315973 0.00590607 -0.00076065
v 0.00322677 0.00586117 -0.00038787
v 0.00325000 0.00584492 0.00000000
v 0.00323507 0.00585547 0.00031112
v 0.00315777 0.00590747 0.00076875
v 0.00305378 0.00597566 0.00111216
v 0.00075000 0.00330000 0.00129903
v 0.00000000 0.00330000 0.00150000
v 0.00129904 0.00330000 0.00075000
v 0.00150000 0.00330000 0.00000000
v 0.00129904 0.00330000 -0.00074999
v 0.00075000 0.00330000 -0.00129904
v -0.00000000 0.00330000 -0.00150001
v -0.00075000 0.00330000 -0.00129903
v -0.00129904 0.00330000 -0.00075000
v -0.00150000 0.00330000 -0.00000001
v -0.00129904 0.00330000 0.00074999
v -0.00075000 0.00330000 0.00129904
v -0.00056436 0.00510000 0.00320062
v 0.00305400 0.00510000 0.00111156
v 0.00325000 0.00510000 0.00000001
v 0.00248964 0.00510000 0.00208906
v 0.00162500 0.00510000 0.00281459
v 0.00056436 0.00510000 0.00320062
v -0.00162500 0.00510000 0.00281458
v -0.00248964 0.00510000 0.00208906
v -0.00305400 0.00510000 0.00111156
v -0.00325000 0.00510000 0.00000000
v -0.00305400 0.00510000 -0.00111157
v -0.00248965 0.00510000 -0.00208907
v -0.00162500 0.00510000 -0.00281458
v -0.00056436 0.00510000 -0.00320063
v 0.00056436 0.00510000 -0.00320063
v 0.00162500 0.00510000 -0.00281458
v 0.00305400 0.00510000 -0.00111156
v 0.00248964 0.00510000 -0.00208906
v 0.00067126 0.00510000 -0.00116266
v 0.00116266 0.00510000 -0.00067126
v 0.00134252 0.00510000 -0.00000000
v 0.00116266 0.00510000 0.00067126
v 0.00067126 0.00510000 0.00116266
v -0.00000000 0.00510000 0.00134252
v -0.00067126 0.00510000 0.00116266
v -0.00116266 0.00510000 0.00067126
v -0.00134252 0.00510000 -0.00000000
v -0.00116266 0.00510000 -0.00067127
v -0.00067126 0.00510000 -0.00116265
v -0.00000000 0.00510000 -0.00134252
v -0.00608995 -0.00002047 0.02375880
v -0.00608844 0.00012128 0.02368564
v -0.00608925 0.00009513 0.02369537
v -0.00359883 0.00002071 0.00750281
v -0.00354171 -0.00020000 0.00728963
v -0.00322500 0.00002071 0.00765767
v -0.00311464 -0.00020000 0.00746652
v -0.00290398 0.00002071 0.00790399
v -0.00274792 -0.00020000 0.00774792
v -0.00265766 0.00002071 0.00822501
v -0.00246652 -0.00020000 0.00811464
v -0.00250281 0.00002071 0.00859883
v -0.00228962 -0.00020000 0.00854171
v -0.00245000 0.00002071 0.00900000
v -0.00222929 -0.00020000 0.00900000
v -0.00250282 0.00002071 0.00940116
v -0.00228963 -0.00020000 0.00945829
v -0.00265766 0.00002071 0.00977500
v -0.00246652 -0.00020000 0.00988535
v -0.00290398 0.00002071 0.01009601
v -0.00274792 -0.00020000 0.01025207
v -0.00322500 0.00002071 0.01034234
v -0.00311464 -0.00020000 0.01053347
v -0.00359883 0.00002071 0.01049718
v -0.00354171 -0.00020000 0.01071037
v -0.00400000 0.00002071 0.01055001
v -0.00400000 -0.00020000 0.01077071
v -0.00440117 0.00002071 0.01049719
v -0.00445829 -0.00020000 0.01071038
v -0.00477500 0.00002071 0.01034234
v -0.00488536 -0.00020000 0.01053348
v -0.00509602 0.00002071 0.01009601
v -0.00525208 -0.00020000 0.01025209
v -0.00534234 0.00002071 0.00977500
v -0.00553348 -0.00020000 0.00988535
v -0.00549719 0.00002071 0.00940117
v -0.00571038 -0.00020000 0.00945829
v -0.00555000 0.00002071 0.00900000
v -0.00577071 -0.00020000 0.00900000
v -0.00549719 0.00002071 0.00859882
v -0.00571038 -0.00020000 0.00854171
v -0.00534234 0.00002071 0.00822500
v -0.00553348 -0.00020000 0.00811464
v -0.00509602 0.00002071 0.00790399
v -0.00525208 -0.00020000 0.00774792
v -0.00477500 0.00002071 0.00765766
v -0.00488536 -0.00020000 0.00746652
v -0.00440117 0.00002071 0.00750282
v -0.00445829 -0.00020000 0.00728962
v -0.00400000 0.00002071 0.00745000
v -0.00400000 -0.00020000 0.00722929
v -0.00523037 0.00085000 0.00971035
v -0.00542071 0.00085000 0.00900000
v -0.00523037 0.00085000 0.00828965
v -0.00471036 0.00085000 0.00776962
v -0.00400000 0.00085000 0.00757929
v -0.00328964 0.00085000 0.00776963
v -0.00276963 0.00085000 0.00828965
v -0.00257929 0.00085000 0.00900000
v -0.00276963 0.00085000 0.00971035
v -0.00328964 0.00085000 0.01023038
v -0.00400000 0.00085000 0.01042071
v -0.00471036 0.00085000 0.01023037
v -0.00400000 0.00072071 0.00745001
v -0.00477500 0.00072071 0.00765766
v -0.00534234 0.00072071 0.00822500
v -0.00555000 0.00072071 0.00900000
v -0.00534234 0.00072071 0.00977499
v -0.00477500 0.00072071 0.01034233
v -0.00400000 0.00072071 0.01055000
v -0.00322500 0.00072071 0.01034234
v -0.00265766 0.00072071 0.00977500
v -0.00245000 0.00072071 0.00900000
v -0.00265766 0.00072071 0.00822500
v -0.00322500 0.00072071 0.00765766
v -0.00560000 0.00220000 0.00900000
v -0.00539234 0.00220000 0.00977501
v -0.00482500 0.00220000 0.01034235
v -0.00405000 0.00220000 0.01055000
v -0.00327500 0.00220000 0.01034234
v -0.00270766 0.00220000 0.00977500
v -0.00250000 0.00220000 0.00900000
v -0.00270766 0.00220000 0.00822500
v -0.00327500 0.00220000 0.00765766
v -0.00405000 0.00220000 0.00745000
v -0.00482500 0.00220000 0.00765765
v -0.00539234 0.00220000 0.00822501
v -0.00493381 0.00432588 0.01027349
v -0.00482510 0.00441392 0.01034246
v -0.00269528 0.00553330 0.00975335
v -0.00327590 0.00530467 0.01034290
v -0.00318688 0.00534001 0.01028746
v -0.00291718 0.00544365 0.01005801
v -0.00270762 0.00552787 0.00977508
v -0.00424143 0.00482407 0.01053818
v -0.00405201 0.00493591 0.01055008
v -0.00386984 0.00503452 0.01053967
v -0.00351347 0.00520481 0.01045426
v -0.00459226 0.00458994 0.01045211
v -0.00553049 0.00378398 0.00945901
v -0.00540658 0.00390110 0.00974987
v -0.00539190 0.00391511 0.00977581
v -0.00521189 0.00408360 0.01002612
v 0.00315826 0.00270000 0.00649396
v 0.00317249 0.00274536 0.00645432
v 0.00319747 0.00280885 0.00638253
v 0.00323769 0.00288326 0.00626017
v 0.00250559 0.00298622 0.00784026
v 0.00268353 0.00278787 0.00752833
v 0.00269832 0.00277165 0.00750119
v 0.00272376 0.00274875 0.00745405
v 0.00276489 0.00272215 0.00737640
v 0.00285177 0.00270000 0.00720585
v 0.00147666 0.00386031 0.00935500
v 0.00150620 0.00384657 0.00931570
v 0.00156155 0.00381213 0.00924159
v 0.00205588 0.00341423 0.00854653
v 0.00313644 0.00270000 0.00655314
v -0.00581142 0.00213522 0.02162431
v -0.00575557 0.00220767 0.02183526
v -0.00561554 0.00207469 0.02346645
v -0.00559558 0.00220172 0.02313747
v -0.00560912 0.00228752 0.02270336
v -0.00562392 0.00229751 0.02255118
v -0.00566548 0.00228868 0.02226129
v -0.00562702 0.00202403 0.02356653
v -0.00494291 0.00214721 0.01272777
v -0.00432673 0.00309026 0.01245579
v -0.00367217 0.00371909 0.01216684
v -0.00497439 0.00208226 0.01274166
v -0.00533804 0.00101413 0.01290218
v -0.00546773 -0.00020000 0.01295942
v -0.00536013 -0.00128907 0.01291194
v -0.00501444 -0.00239912 0.01275934
v -0.00444311 -0.00337878 0.01250715
v -0.00367217 -0.00417436 0.01216685
v -0.00639337 -0.00025000 0.01628167
v -0.00642669 -0.00025000 0.01633692
v -0.00642940 -0.00015075 0.01634085
v -0.00642946 -0.00005145 0.01634146
v -0.00641107 0.00057773 0.01634736
v -0.00636986 0.00101335 0.01633894
v -0.00623799 0.00098318 0.01614017
v -0.00588727 0.00091917 0.01587734
v -0.00593673 0.00044497 0.01589917
v -0.00595651 -0.00025000 0.01590790
v -0.00622637 -0.00025000 0.01608467
v -0.00633276 -0.00025000 0.01619794
v -0.00502318 0.00388397 0.01562300
v -0.00495997 0.00390000 0.01557273
v -0.00493587 0.00336657 0.01545738
v -0.00472758 0.00390000 0.01539891
v -0.00434796 0.00390000 0.01519787
v -0.00616524 0.00206504 0.01627877
v -0.00611132 0.00225349 0.01626224
v -0.00595770 0.00220813 0.01601780
v -0.00585667 0.00294793 0.01618675
v -0.00572519 0.00280039 0.01591759
v -0.00557288 0.00351120 0.01611685
v -0.00541901 0.00336351 0.01578756
v -0.00532611 0.00390000 0.01608083
v -0.00518696 0.00390000 0.01582038
v -0.00630600 0.00143702 0.01632123
v -0.00575848 0.00159678 0.01582048
v -0.00537912 0.00266346 0.01565303
v -0.00210248 0.00278741 0.00994234
v -0.00044576 0.00278787 0.00910705
v -0.00053818 0.00284346 0.00921593
v -0.00000931 0.00278787 0.00888685
v -0.00236606 0.00303131 0.01034850
v -0.00062917 0.00290011 0.00932528
v -0.00312952 0.00381138 0.01160737
v 0.00024004 0.00290035 0.00888705
v -0.00185048 0.00270000 0.00956721
v -0.00186192 0.00270000 0.00958388
v -0.00531386 0.00390000 0.01498482
v -0.00338463 0.00390000 0.01197453
v -0.00288470 0.00390000 0.01266079
v -0.00340369 0.00390000 0.01199227
v -0.00358606 0.00389978 0.01212373
v -0.00289997 0.00390000 0.01268700
v -0.00297521 0.00390000 0.01282344
v -0.00471564 0.00390000 0.01223966
v -0.00435945 0.00390000 0.01228371
v -0.00360756 0.00390000 0.01331777
v -0.00392205 0.00390000 0.01222819
v -0.00344159 0.00390000 0.01324466
v -0.00317446 0.00390000 0.01307163
v -0.00531482 0.00390000 0.01170770
v -0.00519043 0.00390000 0.01194124
v -0.00529183 0.00390000 0.01280177
v -0.00499578 0.00390000 0.01211756
v -0.00529163 0.00390000 0.01283308
v -0.00360873 0.00390000 0.01487157
v -0.00529785 0.00390000 0.01386840
v -0.00362882 0.00380985 0.01214646
v -0.00320613 0.00387221 0.01174530
v -0.00208034 -0.00336881 0.00990822
v -0.00204346 -0.00334512 0.00985271
v -0.00198619 0.00271995 0.00976709
v -0.00210248 -0.00338741 0.00994234
v -0.00198613 -0.00331993 0.00976701
v -0.00186192 -0.00330000 0.00958388
v -0.00192703 0.00270527 0.00967944
v -0.00188697 0.00270077 0.00962053
v -0.00320613 -0.00447221 0.01174530
v -0.00316909 -0.00444675 0.01167468
v -0.00313093 -0.00441206 0.01160886
v -0.00236700 -0.00363220 0.01034997
v -0.00316861 0.00384638 0.01167383
v -0.00185048 -0.00330000 0.00956721
v -0.00825138 -0.00030000 0.02545748
v -0.00852439 -0.00030000 0.02570656
v -0.00851690 -0.00030000 0.02570657
v -0.00848592 -0.00030000 0.02567846
v -0.00770885 -0.00030000 0.02495311
v -0.00754765 -0.00030000 0.02478668
v -0.00737420 -0.00030000 0.02461642
v -0.00724315 -0.00030000 0.02446981
v -0.00707214 -0.00030000 0.02428684
v -0.00696732 -0.00030000 0.02415638
v -0.00687574 -0.00030003 0.02405093
v -0.00687613 -0.00030000 0.02404498
v -0.00848991 -0.00070847 0.02568208
v -0.00683809 -0.00089852 0.02400518
v -0.00516856 -0.00529908 0.01985289
v -0.00515055 -0.00528775 0.01977659
v -0.00538393 -0.00488944 0.02071143
v -0.00582648 -0.00524330 0.02213883
v -0.00551158 -0.00529756 0.02117104
v -0.00518818 -0.00530287 0.01993632
v -0.00602210 -0.00532766 0.02262672
v -0.00571484 -0.00542371 0.02182259
v -0.00580698 -0.00548680 0.02208567
v -0.00561008 -0.00559283 0.02149918
v -0.00561643 -0.00445913 0.02151952
v -0.00576058 -0.00417708 0.02195565
v -0.00585139 -0.00399314 0.02220553
v -0.00633322 -0.00502822 0.02325476
v -0.00629067 -0.00507318 0.02317804
v -0.00590350 -0.00388520 0.02234060
v -0.00626079 -0.00510408 0.02312258
v -0.00624148 -0.00512375 0.02308602
v -0.00636761 -0.00280558 0.02331490
v -0.00708404 -0.00411764 0.02430044
v -0.00631558 -0.00294195 0.02322327
v -0.00692485 -0.00432435 0.02411293
v -0.00670757 -0.00459614 0.02383401
v -0.00611073 -0.00343479 0.02282250
v -0.00658221 -0.00474665 0.02365691
v -0.00654857 -0.00227500 0.02360677
v -0.00670166 -0.00170466 0.02382598
v -0.00674800 -0.00148684 0.02388831
v -0.00772254 -0.00320013 0.02496643
v -0.00741767 -0.00366278 0.02466153
v -0.00843985 -0.00114264 0.02563658
v -0.00836143 -0.00158786 0.02556512
v -0.00831696 -0.00178171 0.02552446
v -0.00813871 -0.00235694 0.02536039
v -0.00798475 -0.00271759 0.02521679
v -0.00510748 0.00530587 0.01929453
v -0.00507458 0.00530590 0.01942170
v -0.00506721 0.00530542 0.01939176
v -0.00505917 0.00530352 0.01935597
v -0.00513095 0.00529877 0.01902767
v -0.00547549 0.00526238 0.01792204
v -0.00520085 0.00528684 0.01869855
v -0.00539174 0.00523457 0.01786867
v -0.00540590 0.00523076 0.01781628
v -0.00542992 0.00522490 0.01773281
v -0.00551058 0.00520939 0.01749577
v -0.00556952 0.00520013 0.01735870
v -0.00557193 0.00519976 0.01735366
v -0.00568759 0.00517871 0.01715611
v -0.00681667 0.00525178 0.01777195
v -0.00579037 0.00515874 0.01703990
v -0.00586464 0.00514954 0.01699086
v -0.00591341 0.00514698 0.01697763
v -0.00687477 0.00518537 0.01719819
v -0.00665786 0.00514691 0.01697727
v -0.00692738 0.00512306 0.01686521
v -0.00672718 0.00508198 0.01669226
v -0.00676727 0.00530579 0.01935427
v -0.00530406 0.00528565 0.02039068
v -0.00681465 0.00525357 0.02091959
v -0.00554786 0.00521921 0.02128773
v -0.00684765 0.00521643 0.02130769
v -0.00568511 0.00515772 0.02172898
v -0.00693645 0.00511327 0.02196322
v -0.00578297 0.00510246 0.02201596
v -0.00595777 0.00498009 0.02247423
v -0.00696723 0.00507622 0.02212829
v -0.00704620 0.00497856 0.02247684
v -0.00759920 0.00418470 0.02384695
v -0.00654396 0.00439474 0.02359574
v -0.00734730 0.00457039 0.02334568
v -0.00638615 0.00457147 0.02334567
v -0.00724460 0.00471600 0.02309926
v -0.00626827 0.00469633 0.02313670
v -0.00602880 0.00492210 0.02264182
v -0.00767248 0.00289127 0.02491135
v -0.00727701 0.00347045 0.02450448
v -0.00768960 0.00403529 0.02400472
v -0.00697378 0.00387573 0.02415864
v -0.00687250 0.00400420 0.02403538
v -0.00813354 0.00318049 0.02472197
v -0.00818398 0.00306502 0.02480175
v -0.00796698 0.00236809 0.02519380
v -0.00850049 0.00218363 0.02527407
v -0.00808526 0.00210488 0.02530571
v -0.00852395 0.00210289 0.02530589
v -0.00874394 0.00111914 0.02558039
v -0.00885000 -0.00020000 0.02571000
v -0.00852818 -0.00020000 0.02571001
v -0.00846544 0.00058357 0.02565576
v -0.00834952 0.00124852 0.02555308
v -0.00818992 0.00182390 0.02540487
v -0.00747726 0.00436400 0.01542152
v -0.00721272 0.00474989 0.01590700
v -0.00698486 0.00478641 0.01596364
v -0.00715033 0.00483657 0.01605372
v -0.00681024 0.00499458 0.01640925
v -0.00698116 0.00505778 0.01660476
v -0.00696201 0.00508127 0.01669065
v -0.00827498 0.00263068 0.01414802
v -0.00832221 0.00269955 0.01417567
v -0.00815043 0.00289564 0.01426779
v -0.00797813 0.00350388 0.01465148
v -0.00720086 0.00449390 0.01556485
v -0.00733273 0.00430348 0.01536018
v -0.00751703 0.00430336 0.01535942
v -0.00753268 0.00399461 0.01506331
v -0.00789621 0.00338490 0.01456460
v -0.00837561 0.00239488 0.01406292
v -0.00856620 0.00187462 0.01393409
v -0.00859813 0.00179747 0.01392016
v -0.00862594 0.00168303 0.01390303
v -0.00852640 -0.00025066 0.02570839
v -0.00883168 -0.00073623 0.01382856
v -0.00868201 -0.00148542 0.01384807
v -0.00865785 -0.00194412 0.01388557
v -0.00848538 -0.00212423 0.01390928
v -0.00855459 -0.00236579 0.01395177
v -0.00839592 -0.00236430 0.01395128
v -0.00839878 -0.00288040 0.01409094
v -0.00825703 -0.00269681 0.01403286
v -0.00824971 -0.00329045 0.01426584
v -0.00806203 -0.00310317 0.01417811
v -0.00796686 -0.00328945 0.01426468
v -0.00803553 -0.00378592 0.01456542
v -0.00779990 -0.00359522 0.01443763
v -0.00789937 -0.00405792 0.01477112
v -0.00747937 -0.00412446 0.01482705
v -0.00764597 -0.00450052 0.01516235
v -0.00714065 -0.00462093 0.01527759
v -0.00670284 -0.00518941 0.01596871
v -0.00666874 -0.00522960 0.01603939
v -0.00705817 -0.00535935 0.01632128
v -0.00651495 -0.00539976 0.01642379
v -0.00694607 -0.00550111 0.01676368
v -0.00640880 -0.00550061 0.01676559
v -0.00688341 -0.00557578 0.01713082
v -0.00715787 -0.00522613 0.01603476
v -0.00718541 -0.00518825 0.01596701
v -0.00688894 -0.00495835 0.01564094
v -0.00734289 -0.00496383 0.01564661
v -0.00751313 -0.00470935 0.01536679
v -0.00574383 -0.00567855 0.02054066
v -0.00679238 -0.00567843 0.02054158
v -0.00678730 -0.00568402 0.02042650
v -0.00635689 -0.00554356 0.01696023
v -0.00621118 -0.00563797 0.01762159
v -0.00680350 -0.00566614 0.01796877
v -0.00614793 -0.00566625 0.01796950
v -0.00678100 -0.00569100 0.01846364
v -0.00602973 -0.00569765 0.01868589
v -0.00579272 -0.00569144 0.02024285
v -0.00680494 -0.00566462 0.02077591
v -0.00564486 -0.00562868 0.02120017
v -0.00687486 -0.00558544 0.02155033
v -0.00694666 -0.00550135 0.02202228
v -0.00705543 -0.00536711 0.02251379
v -0.00724015 -0.00512237 0.02308835
v -0.00735088 -0.00496545 0.02335567
v -0.00759228 -0.00459599 0.02383393
v -0.00777376 -0.00429026 0.02414530
v -0.00773323 -0.00436093 0.02407796
v -0.00814368 -0.00355761 0.02473630
v -0.00808130 -0.00369496 0.02463776
v -0.00873201 -0.00158946 0.02556496
v -0.00857138 -0.00233121 0.02536903
v -0.00851573 -0.00253255 0.02529425
v -0.00846885 -0.00268889 0.02522901
v -0.00825469 -0.00329396 0.02491009
v -0.00876566 -0.00137574 0.02560255
v -0.00878789 -0.00121005 0.02562725
v -0.00882986 -0.00077766 0.02567627
v -0.00884545 -0.00047683 0.02569815
v -0.00884909 -0.00032602 0.02570557
v -0.00846753 0.00226016 0.02228499
v -0.00840904 0.00240935 0.02158347
v -0.00833240 0.00239376 0.02158459
v -0.00884984 -0.00019962 0.02399980
v -0.00883289 -0.00067559 0.02395589
v -0.00889595 -0.00068155 0.02396534
v -0.00840761 -0.00281384 0.02149395
v -0.00845833 -0.00268420 0.02221719
v -0.00838355 -0.00266728 0.02222059
v -0.00875223 -0.00169499 0.01925806
v -0.00877601 -0.00119564 0.01899834
v -0.00886426 -0.00102508 0.01892310
v -0.00880052 -0.00101519 0.01893116
v -0.00891228 -0.00029517 0.01879128
v -0.00861024 -0.00223879 0.01976498
v -0.00859448 -0.00203868 0.01956143
v -0.00868598 -0.00167890 0.01926134
v -0.00833091 -0.00279830 0.02149437
v -0.00833016 -0.00280005 0.02139995
v -0.00841513 -0.00279487 0.02107152
v -0.00833874 -0.00277908 0.02106973
v -0.00848678 -0.00260863 0.02038355
v -0.00841298 -0.00259114 0.02037999
v -0.00854028 -0.00222043 0.01976331
v -0.00875117 -0.00135047 0.02373178
v -0.00862204 -0.00193900 0.02333321
v -0.00868981 -0.00195665 0.02333412
v -0.00859472 -0.00203853 0.02323859
v -0.00857497 -0.00235225 0.02288257
v -0.00850395 -0.00233395 0.02288495
v -0.00840869 -0.00260187 0.02239577
v -0.00884650 0.00076140 0.02382698
v -0.00878241 0.00075004 0.02381976
v -0.00890878 0.00003903 0.02399938
v -0.00884597 0.00003605 0.02398930
v -0.00858271 0.00192713 0.02291840
v -0.00859448 0.00163854 0.02323841
v -0.00872543 0.00141236 0.02345517
v -0.00865854 0.00139551 0.02345296
v -0.00877586 0.00079502 0.02380162
v -0.00839305 0.00224308 0.02228845
v -0.00840894 0.00220150 0.02239525
v -0.00851196 0.00190875 0.02292073
v -0.00852348 0.00210500 0.02016675
v -0.00840850 0.00220175 0.02040412
v -0.00842874 0.00236023 0.02086555
v -0.00835285 0.00234405 0.02086301
v -0.00832977 0.00240024 0.02139976
v -0.00884951 -0.00029397 0.01880154
v -0.00885001 -0.00019996 0.01880000
v -0.00890466 0.00013057 0.01881104
v -0.00884175 0.00012647 0.01882096
v -0.00883757 0.00082731 0.01899916
v -0.00877326 0.00081524 0.01900610
v -0.00871768 0.00144427 0.01937008
v -0.00865059 0.00142714 0.01937213
v -0.00866067 0.00166516 0.01957008
v -0.00859211 0.00164704 0.01957013
v -0.00845086 0.00208701 0.02016353
v -0.00896626 0.00004361 0.02402918
v -0.00890475 0.00077968 0.02385394
v -0.00878541 0.00144233 0.02347637
v -0.00864507 0.00196542 0.02293237
v -0.00853221 0.00230301 0.02229221
v -0.00847506 0.00245388 0.02158483
v -0.00849429 0.00240422 0.02086143
v -0.00858699 0.00214578 0.02015608
v -0.00872167 0.00169931 0.01955219
v -0.00877778 0.00147472 0.01934936
v -0.00889596 0.00084676 0.01897270
v -0.00896219 0.00013691 0.01878145
v -0.00896972 -0.00029699 0.01876134
v -0.00892230 -0.00104079 0.01889536
v -0.00881182 -0.00172292 0.01923559
v -0.00867211 -0.00227573 0.01974959
v -0.00855103 -0.00265084 0.02037506
v -0.00848101 -0.00283927 0.02106905
v -0.00847367 -0.00285844 0.02149465
v -0.00852321 -0.00272734 0.02222374
v -0.00863750 -0.00239087 0.02289614
v -0.00875034 -0.00198907 0.02335355
v -0.00900590 0.00004849 0.02406858
v -0.00894430 0.00079944 0.02389098
v -0.00882481 0.00147594 0.02350817
v -0.00868432 0.00201052 0.02295628
v -0.00857136 0.00235593 0.02230636
v -0.00851417 0.00251048 0.02158781
v -0.00853341 0.00245959 0.02085285
v -0.00862619 0.00219500 0.02013653
v -0.00876100 0.00173845 0.01952368
v -0.00881717 0.00150900 0.01931795
v -0.00893551 0.00086789 0.01893604
v -0.00900182 0.00014366 0.01874219
v -0.00900937 -0.00029892 0.01872182
v -0.00896188 -0.00105773 0.01885764
v -0.00885126 -0.00175399 0.01920256
v -0.00871139 -0.00231881 0.01972393
v -0.00859020 -0.00270252 0.02035884
v -0.00852012 -0.00289549 0.02106373
v -0.00851278 -0.00291513 0.02149616
v -0.00856235 -0.00278085 0.02223681
v -0.00867675 -0.00243656 0.02291950
v -0.00878970 -0.00202583 0.02338360
v -0.00903581 0.00005467 0.02412571
v -0.00897301 0.00082466 0.02394554
v -0.00885098 0.00151951 0.02355659
v -0.00870715 0.00207024 0.02299434
v -0.00859113 0.00242746 0.02232975
v -0.00853222 0.00258784 0.02159286
v -0.00855206 0.00253499 0.02083844
v -0.00864748 0.00226089 0.02010481
v -0.00878571 0.00178972 0.01947935
v -0.00884316 0.00155354 0.01926993
v -0.00896402 0.00089493 0.01888187
v -0.00903165 0.00015223 0.01868519
v -0.00903933 -0.00030138 0.01866454
v -0.00899092 -0.00107930 0.01880232
v -0.00887799 -0.00179412 0.01915262
v -0.00873489 -0.00237562 0.01968343
v -0.00861051 -0.00277211 0.02033223
v -0.00853836 -0.00297226 0.02105478
v -0.00853079 -0.00299267 0.02149869
v -0.00858187 -0.00285327 0.02225855
v -0.00869936 -0.00249717 0.02295672
v -0.00881508 -0.00207372 0.02342987
v -0.00881619 -0.00212079 0.02348193
v -0.00869508 -0.00255703 0.02299916
v -0.00857159 -0.00292520 0.02228372
v -0.00851760 -0.00306992 0.02150162
v -0.00852563 -0.00304870 0.02104431
v -0.00860177 -0.00284110 0.02030152
v -0.00873233 -0.00243163 0.01963741
v -0.00888177 -0.00183350 0.01909684
v -0.00899925 -0.00110041 0.01874125
v -0.00904950 -0.00030379 0.01860166
v -0.00887444 -0.00186757 0.02368008
v -0.00894221 -0.00144061 0.02385217
v -0.00891413 -0.00140985 0.02379899
v -0.00887461 -0.00138584 0.02376320
v -0.00881593 -0.00136385 0.02373770
v -0.00877623 -0.00119567 0.02380210
v -0.00894864 -0.00147074 0.02391115
v -0.00902287 -0.00071311 0.02409017
v -0.00899319 -0.00070062 0.02403350
v -0.00895357 -0.00069077 0.02399457
v -0.00903245 -0.00072531 0.02415250
v -0.00904983 -0.00020111 0.02419978
v -0.00904587 0.00006072 0.02418847
v -0.00898067 0.00084936 0.02400589
v -0.00885363 0.00156230 0.02361088
v -0.00870329 0.00212920 0.02303771
v -0.00858134 0.00249847 0.02235679
v -0.00851913 0.00266491 0.02159880
v -0.00854011 0.00260999 0.02082170
v -0.00864063 0.00232608 0.02006841
v -0.00878550 0.00184012 0.01942937
v -0.00884548 0.00159724 0.01921614
v -0.00897129 0.00092136 0.01882195
v -0.00904154 0.00016060 0.01862256
v -0.00905001 -0.00019977 0.01860001
v -0.00887665 0.00145624 0.01407276
v -0.00887627 0.00145792 0.02531125
v -0.00896064 0.00099496 0.02540399
v -0.00900848 0.00061654 0.02545540
v -0.00905000 -0.00020001 0.02550992
v -0.00904986 -0.00024477 0.02550852
v -0.00904534 -0.00047223 0.02549844
v -0.00904907 -0.00032064 0.02550572
v -0.00896350 -0.00137321 0.02540512
v -0.00902935 -0.00077446 0.02547703
v -0.00831962 -0.00353952 0.02456328
v -0.00869142 -0.00256814 0.02508822
v -0.00870716 -0.00251675 0.02510843
v -0.00887587 -0.00186003 0.02531076
v -0.00893908 -0.00152740 0.02537933
v -0.00836114 -0.00344785 0.01453433
v -0.00853088 -0.00303486 0.01433628
v -0.00869504 -0.00255604 0.01418605
v -0.00745797 -0.00498936 0.02313074
v -0.00784548 -0.00442151 0.02384043
v -0.00812793 -0.00392867 0.01920156
v -0.00786319 -0.00439288 0.02386879
v -0.00729774 -0.00519657 0.01724666
v -0.00702454 -0.00552031 0.01722165
v -0.00696645 -0.00558470 0.01776971
v -0.00764544 -0.00472793 0.01555661
v -0.00728882 -0.00520778 0.01619154
v -0.00707649 -0.00546128 0.01691010
v -0.00693048 -0.00562404 0.01839666
v -0.00691698 -0.00563862 0.01893665
v -0.00691696 -0.00563864 0.01979155
v -0.00695250 -0.00560007 0.02076245
v -0.00700265 -0.00554466 0.02134482
v -0.00708809 -0.00544809 0.02192801
v -0.00817336 -0.00384115 0.01478611
v -0.00717034 -0.00535181 0.02230539
v -0.00893785 0.00113792 0.01404880
v -0.00905000 -0.00020000 0.01402502
v -0.00903019 -0.00076272 0.01402866
v -0.00887712 -0.00185474 0.01407277
v -0.00883616 -0.00203795 0.01409297
v -0.00838309 0.00299828 0.01450717
v -0.00869967 0.00214004 0.01418040
v -0.00836112 0.00304890 0.02462596
v -0.00880651 0.00175687 0.02523080
v -0.00870130 0.00213428 0.02510200
v -0.00849009 0.00274091 0.02481486
v -0.00835196 0.00306824 0.01953661
v -0.00755393 0.00445829 0.01569404
v -0.00799304 0.00377433 0.01504679
v -0.00828564 0.00321279 0.01463280
v -0.00832072 0.00313833 0.02456572
v -0.00798411 0.00378902 0.02405816
v -0.00753755 0.00448136 0.02329549
v -0.00722547 0.00488555 0.02250482
v -0.00726430 0.00483811 0.01822689
v -0.00703359 0.00511013 0.02158991
v -0.00695254 0.00519999 0.02075975
v -0.00704293 0.00509950 0.01710453
v -0.00713324 0.00499567 0.01666079
v -0.00723359 0.00487582 0.01632931
v -0.00693853 0.00521535 0.02050946
v -0.00693428 0.00521983 0.01832084
v -0.00795000 0.00240000 0.02140000
v -0.00795000 0.00220209 0.02040503
v -0.00795000 0.00163848 0.01956152
v -0.00795000 0.00220208 0.02239497
v -0.00795000 0.00163848 0.02323847
v -0.00795000 0.00079498 0.02380209
v -0.00795000 -0.00020000 0.02400000
v -0.00795000 -0.00119498 0.02380209
v -0.00795000 -0.00203848 0.02323847
v -0.00795000 -0.00260209 0.02239497
v -0.00795000 -0.00280000 0.02140000
v -0.00795000 -0.00260209 0.02040503
v -0.00795000 -0.00203848 0.01956152
v -0.00795000 -0.00119498 0.01899792
v -0.00795000 -0.00020000 0.01880000
v -0.00795000 0.00079497 0.01899791
v -0.00903439 -0.00019986 0.01394825
v -0.00902715 -0.00019910 0.02560220
v -0.00899137 -0.00019881 0.02565128
v -0.00890115 0.00100827 0.02554243
v -0.00896454 -0.00019881 0.02567369
v -0.00892648 -0.00019901 0.02569448
v -0.00883751 0.00100550 0.02558551
v -0.00888485 -0.00019945 0.02570681
v -0.00903453 -0.00019923 0.02558637
v -0.00894415 0.00100454 0.02547869
v -0.00868096 0.00215505 0.02516841
v -0.00829619 0.00316530 0.02462116
v -0.00783224 0.00402551 0.02390859
v -0.00759250 0.00439111 0.02349390
v -0.00736920 0.00469578 0.02302256
v -0.00718692 0.00492379 0.02249676
v -0.00705639 0.00507723 0.02193398
v -0.00692159 0.00522736 0.02076351
v -0.00688379 0.00526816 0.01958096
v -0.00710240 0.00502396 0.01664486
v -0.00699313 0.00514867 0.01721980
v -0.00690019 0.00525040 0.01839825
v -0.00728068 0.00480804 0.01611147
v -0.00752377 0.00448695 0.01565677
v -0.00778298 0.00410408 0.01526965
v -0.00826149 0.00323774 0.01457606
v -0.00902600 -0.00019983 0.01393056
v -0.00894408 0.00100431 0.01396575
v -0.00882845 0.00160367 0.01401327
v -0.00867037 0.00218745 0.01411785
v -0.00847846 0.00273593 0.01430470
v -0.00887810 -0.00019994 0.01382654
v -0.00892600 -0.00019983 0.01384030
v -0.00888162 -0.00000989 0.01382878
v -0.00896825 -0.00019978 0.01386392
v -0.00887313 0.00029545 0.01383073
v -0.00883727 0.00099237 0.01385775
v -0.00882854 0.00075209 0.01383694
v -0.00720000 0.00483433 0.01606246
v -0.00743928 0.00450475 0.01558837
v -0.00872342 0.00159266 0.01390630
v -0.00856792 0.00218251 0.01401387
v -0.00769462 0.00411984 0.01519377
v -0.00816581 0.00324970 0.01448716
v -0.00837920 0.00273965 0.01420703
v -0.00899137 -0.00019978 0.01388368
v -0.00890133 0.00100039 0.01390097
v -0.00878600 0.00160175 0.01394955
v -0.00862821 0.00219019 0.01405669
v -0.00843663 0.00274416 0.01424818
v -0.00822011 0.00325057 0.01452560
v -0.00774337 0.00411851 0.01522777
v -0.00748526 0.00450197 0.01561956
v -0.00724309 0.00482642 0.01608527
v -0.00706556 0.00504438 0.01662971
v -0.00695682 0.00516930 0.01721171
v -0.00686437 0.00527068 0.01839608
v -0.00684806 0.00528835 0.01958136
v -0.00688565 0.00524777 0.02076708
v -0.00701975 0.00509801 0.02194496
v -0.00714964 0.00494436 0.02251432
v -0.00733112 0.00471524 0.02304850
v -0.00755350 0.00440877 0.02352812
v -0.00779227 0.00404194 0.02394896
v -0.00825455 0.00318019 0.02467054
v -0.00863836 0.00216550 0.02522614
v -0.00820010 0.00318120 0.02470832
v -0.00857870 0.00216411 0.02526737
v -0.00774328 0.00404525 0.02398191
v -0.00750719 0.00441433 0.02355693
v -0.00728730 0.00472399 0.02307102
v -0.00710775 0.00495548 0.02252994
v -0.00697912 0.00511019 0.02195485
v -0.00684620 0.00526027 0.02077034
v -0.00680893 0.00530078 0.01958174
v -0.00682510 0.00528314 0.01839412
v -0.00715110 -0.00534245 0.02252144
v -0.00733382 -0.00511143 0.02305658
v -0.00737214 -0.00509205 0.02303052
v -0.00898987 -0.00032569 0.02564694
v -0.00890299 -0.00138044 0.01390124
v -0.00883920 -0.00137272 0.01385742
v -0.00903472 -0.00024733 0.02558536
v -0.00888780 -0.00032647 0.02570225
v -0.00892524 -0.00032655 0.02569070
v -0.00892151 -0.00047858 0.02568323
v -0.00890557 -0.00078178 0.02566113
v -0.00883998 -0.00138418 0.02558661
v -0.00858428 -0.00254568 0.02527514
v -0.00820449 -0.00357023 0.02471447
v -0.00774852 -0.00443647 0.02399102
v -0.00728991 -0.00512029 0.02307929
v -0.00751059 -0.00480888 0.02356507
v -0.00684587 -0.00566057 0.02077311
v -0.00697950 -0.00550967 0.02196063
v -0.00710911 -0.00535366 0.02253719
v -0.00680860 -0.00570093 0.01958133
v -0.00682418 -0.00568424 0.01839053
v -0.00691684 -0.00558164 0.01719757
v -0.00702597 -0.00545368 0.01660884
v -0.00720354 -0.00522936 0.01605297
v -0.00769916 -0.00451227 0.01518536
v -0.00744377 -0.00489801 0.01558083
v -0.00817061 -0.00363880 0.01447918
v -0.00857373 -0.00256248 0.01401022
v -0.00838412 -0.00312532 0.01420074
v -0.00872827 -0.00197138 0.01390320
v -0.00886128 -0.00046861 0.01382698
v -0.00903390 -0.00032365 0.02558252
v -0.00898607 -0.00047828 0.02563948
v -0.00903010 -0.00047610 0.02557513
v -0.00896990 -0.00078256 0.02561744
v -0.00901389 -0.00078008 0.02555334
v -0.00890339 -0.00138656 0.02554311
v -0.00894721 -0.00138287 0.02547998
v -0.00864393 -0.00254715 0.02523337
v -0.00759626 -0.00478562 0.02350181
v -0.00755698 -0.00480318 0.02353609
v -0.00783793 -0.00441722 0.02391710
v -0.00779764 -0.00443325 0.02395774
v -0.00830105 -0.00355389 0.02462754
v -0.00825892 -0.00356875 0.02467659
v -0.00868716 -0.00253732 0.02517559
v -0.00718856 -0.00532193 0.02250377
v -0.00702022 -0.00549738 0.02195064
v -0.00894661 -0.00138429 0.01396553
v -0.00883394 -0.00198291 0.01401049
v -0.00867681 -0.00256824 0.01411453
v -0.00848394 -0.00312192 0.01429882
v -0.00826678 -0.00362681 0.01456838
v -0.00778794 -0.00449634 0.01526143
v -0.00752866 -0.00488033 0.01564950
v -0.00699347 -0.00554840 0.01721312
v -0.00689949 -0.00565137 0.01839450
v -0.00710422 -0.00542184 0.01663775
v -0.00728458 -0.00520333 0.01610283
v -0.00688540 -0.00564799 0.02076981
v -0.00684782 -0.00568844 0.01958095
v -0.00688370 -0.00566827 0.01958057
v -0.00686352 -0.00567167 0.01839242
v -0.00695699 -0.00556910 0.01720497
v -0.00706719 -0.00544220 0.01662251
v -0.00724676 -0.00522152 0.01607621
v -0.00748986 -0.00489517 0.01561221
v -0.00774798 -0.00451070 0.01521958
v -0.00822491 -0.00363944 0.01451798
v -0.00844152 -0.00312973 0.01424236
v -0.00863398 -0.00257025 0.01405350
v -0.00879072 -0.00198049 0.01394701
v -0.00795000 -0.00020000 0.02015000
v -0.00755000 -0.00020000 0.02014999
v -0.00795000 0.00042500 0.02031747
v -0.00755000 0.00042500 0.02031747
v -0.00795000 0.00088253 0.02077500
v -0.00755000 0.00088253 0.02077499
v -0.00795000 0.00105000 0.02140000
v -0.00755000 0.00105000 0.02140000
v -0.00795000 0.00088253 0.02202501
v -0.00755000 0.00088253 0.02202500
v -0.00795000 0.00042500 0.02248253
v -0.00755000 0.00042500 0.02248253
v -0.00795000 -0.00020000 0.02264999
v -0.00755000 -0.00020000 0.02265000
v -0.00795000 -0.00082500 0.02248253
v -0.00755000 -0.00082500 0.02248253
v -0.00795000 -0.00128253 0.02202499
v -0.00755000 -0.00128253 0.02202500
v -0.00795000 -0.00145000 0.02140000
v -0.00755000 -0.00145000 0.02140001
v -0.00795000 -0.00128253 0.02077501
v -0.00755000 -0.00128253 0.02077500
v -0.00795000 -0.00082500 0.02031746
v -0.00755000 -0.00082500 0.02031747
v -0.00755000 -0.00158542 0.02246917
v -0.00755000 -0.00167057 0.02231066
v -0.00755000 -0.00170000 0.02213315
v -0.00755000 -0.00170000 0.02066685
v -0.00755000 -0.00167057 0.02048935
v -0.00755000 -0.00158542 0.02033083
v -0.00755000 -0.00133607 0.02006888
v -0.00755000 -0.00063473 0.02309514
v -0.00755000 -0.00133606 0.02273111
v -0.00755000 -0.00063473 0.01970486
v -0.00755000 0.00015524 0.01968644
v -0.00755000 0.00087278 0.02001738
v -0.00755000 0.00137160 0.02063022
v -0.00755000 0.00155000 0.02140000
v -0.00755000 0.00137160 0.02216979
v -0.00755000 0.00087278 0.02278262
v -0.00755000 0.00015524 0.02311357
v -0.00706698 0.00227190 0.01610636
v -0.00687987 0.00279575 0.01624080
v -0.00698174 0.00253763 0.01617112
v -0.00688748 0.00279882 0.01624168
v -0.00686420 -0.00316390 0.01549235
v -0.00683513 -0.00312035 0.01546663
v -0.00680713 -0.00308523 0.01581122
v -0.00687687 -0.00319877 0.01623850
v -0.00689155 -0.00319882 0.01587632
v -0.00682948 -0.00315695 0.01620434
v -0.00684132 -0.00315140 0.01581283
v -0.00680921 -0.00312606 0.01617366
v -0.00678975 -0.00306534 0.01610504
v -0.00679976 -0.00301098 0.01581071
v -0.00680873 -0.00296676 0.01581098
v -0.00680131 -0.00296681 0.01598093
v -0.00679973 -0.00297112 0.01598646
v -0.00690513 -0.00319897 0.01551417
v -0.00681578 -0.00301406 0.01541397
v -0.00682544 -0.00296909 0.01539192
v -0.00682613 -0.00296669 0.01539392
v -0.00682166 -0.00308506 0.01544735
v -0.00705000 -0.00170000 0.02213315
v -0.00705000 -0.00167057 0.02231066
v -0.00705000 -0.00158542 0.02246917
v -0.00709218 -0.00128637 0.01978317
v -0.00708746 -0.00149924 0.01945261
v -0.00715870 -0.00075664 0.01952194
v -0.00634712 -0.00433293 0.01645932
v -0.00663280 -0.00381239 0.01597896
v -0.00641148 -0.00419900 0.01673917
v -0.00669107 -0.00360451 0.01686752
v -0.00740197 -0.00080561 0.01584046
v -0.00742582 -0.00028184 0.01582416
v -0.00721709 -0.00165622 0.01716555
v -0.00730620 0.00154684 0.01496460
v -0.00734063 0.00138290 0.01493950
v -0.00717476 0.00206963 0.01502463
v -0.00578244 -0.00421937 0.02167011
v -0.00631872 -0.00335487 0.02170559
v -0.00680881 -0.00170044 0.02257492
v -0.00685837 -0.00127228 0.02299200
v -0.00690241 0.00041872 0.02322914
v -0.00686301 0.00022288 0.02402884
v -0.00692438 -0.00015945 0.02333680
v -0.00692336 -0.00030460 0.02333362
v -0.00690581 -0.00074246 0.02325422
v -0.00685456 0.00093720 0.02294434
v -0.00666326 0.00147290 0.02376457
v -0.00678968 0.00086279 0.02393488
v -0.00656368 0.00227337 0.02213624
v -0.00650242 0.00229565 0.02259063
v -0.00676712 0.00178804 0.02173954
v -0.00647761 0.00222894 0.02303834
v -0.00649082 0.00207631 0.02346186
v -0.00649518 0.00205002 0.02351541
v -0.00691698 0.00205742 0.01931543
v -0.00668894 0.00235449 0.02073438
v -0.00665486 0.00216008 0.02168955
v -0.00670353 0.00269674 0.01938013
v -0.00674509 0.00262665 0.01922519
v -0.00666134 0.00308096 0.01815706
v -0.00677981 0.00300172 0.01687589
v -0.00655782 0.00350221 0.01678736
v -0.00650775 0.00366749 0.01582753
v -0.00648948 0.00369786 0.01588335
v -0.00679497 0.00310406 0.01538307
v -0.00661886 0.00346566 0.01563189
v -0.00726865 0.00170952 0.01499325
v -0.00690723 0.00279890 0.01574211
v -0.00691609 0.00279898 0.01549229
v -0.00688554 0.00289517 0.01527516
v -0.00692438 0.00279909 0.01524249
v -0.00698380 0.00264633 0.01517484
v -0.00709702 0.00231768 0.01511765
v -0.00724193 0.00182221 0.01501343
v -0.00716075 0.00041249 0.01953948
v -0.00718415 -0.00017065 0.01943693
v -0.00740105 0.00048677 0.01584674
v -0.00730862 0.00123663 0.01592061
v -0.00726139 0.00102952 0.01716823
v -0.00723097 0.00163875 0.01598116
v -0.00715451 0.00170343 0.01709049
v -0.00714917 0.00198310 0.01604453
v -0.00738267 -0.00102188 0.01585457
v -0.00726305 -0.00182520 0.01594431
v -0.00709169 -0.00232350 0.01708624
v -0.00705713 -0.00266099 0.01610123
v -0.00691708 -0.00297614 0.01698506
v -0.00689259 -0.00323036 0.01553440
v -0.00609385 -0.00470487 0.01690958
v -0.00622837 -0.00451740 0.01666382
v -0.00645029 -0.00399080 0.01790624
v -0.00588061 -0.00495151 0.01737561
v -0.00580729 -0.00500895 0.01765986
v -0.00572963 -0.00508406 0.01777953
v -0.00585255 -0.00475156 0.01892119
v -0.00550625 -0.00521512 0.01847159
v -0.00548923 -0.00517022 0.01882605
v -0.00544828 -0.00523685 0.01867078
v -0.00684763 -0.00267315 0.01931185
v -0.00699972 -0.00170929 0.02019363
v -0.00696234 -0.00182154 0.02040881
v -0.00693520 -0.00186043 0.02065101
v -0.00687509 -0.00185765 0.02138364
v -0.00670246 -0.00238957 0.02174094
v -0.00681294 -0.00185441 0.02211624
v -0.00680154 -0.00181389 0.02235815
v -0.00680851 0.00134803 0.02250951
v -0.00679355 0.00161169 0.02196486
v -0.00682618 0.00170084 0.02136597
v -0.00690192 0.00160848 0.02077434
v -0.00700004 0.00134551 0.02024267
v -0.00712714 0.00087509 0.01945453
v -0.00709420 0.00093481 0.01981766
v -0.00644085 -0.00377710 0.01912274
v -0.00699497 0.00236427 0.01699116
v -0.00592236 -0.00490852 0.01727445
v -0.00615407 -0.00452304 0.01778250
v -0.00689431 -0.00282345 0.01813580
v -0.00718251 -0.00030678 0.01943988
v -0.00713061 -0.00170000 0.02066686
v -0.00715813 -0.00167018 0.02048899
v -0.00719616 -0.00158542 0.02033082
v -0.00683885 -0.00179300 0.02211850
v -0.00682806 -0.00175669 0.02233882
v -0.00688319 -0.00174333 0.02212236
v -0.00687253 -0.00171054 0.02232338
v -0.00694137 -0.00171119 0.02212743
v -0.00693045 -0.00168069 0.02231359
v -0.00700694 -0.00170000 0.02213315
v -0.00699555 -0.00167028 0.02231049
v -0.00683454 -0.00165257 0.02253573
v -0.00687895 -0.00161479 0.02250269
v -0.00693740 -0.00159157 0.02247967
v -0.00700337 -0.00158542 0.02246917
v -0.00705000 -0.00170000 0.02163406
v -0.00700360 -0.00171161 0.02139450
v -0.00706986 -0.00170000 0.02140010
v -0.00694478 -0.00174438 0.02138954
v -0.00690031 -0.00179498 0.02138577
v -0.00706366 -0.00171186 0.02066143
v -0.00700440 -0.00174528 0.02065661
v -0.00695991 -0.00179680 0.02065301
v -0.00701975 -0.00165540 0.02023946
v -0.00698527 -0.00175965 0.02043333
v -0.00706322 -0.00161326 0.02028118
v -0.00702929 -0.00170995 0.02045674
v -0.00712478 -0.00158889 0.02031303
v -0.00708937 -0.00167890 0.02047607
v -0.00688132 -0.00123632 0.02293591
v -0.00698252 0.00085333 0.02281354
v -0.00702924 0.00037202 0.02306860
v -0.00710100 0.00037212 0.02305429
v -0.00735785 -0.00071097 0.01972656
v -0.00729024 -0.00119654 0.01996151
v -0.00721502 -0.00119659 0.01994305
v -0.00736448 -0.00063483 0.01970515
v -0.00727954 -0.00070978 0.01970919
v -0.00738371 -0.00017419 0.01965015
v -0.00730418 -0.00017392 0.01963355
v -0.00737491 0.00015544 0.01968684
v -0.00728165 0.00035964 0.01972509
v -0.00702915 0.00147098 0.02084020
v -0.00713987 0.00137175 0.02062994
v -0.00712535 0.00122261 0.02035770
v -0.00719623 0.00121887 0.02037539
v -0.00721715 0.00084043 0.01997440
v -0.00729221 0.00084016 0.01999278
v -0.00735994 0.00036040 0.01974243
v -0.00695460 0.00156127 0.02137932
v -0.00705000 0.00153035 0.02113847
v -0.00709614 0.00146297 0.02085377
v -0.00693727 0.00123590 0.02242078
v -0.00698896 0.00137191 0.02217013
v -0.00692247 0.00148087 0.02192550
v -0.00698639 0.00147063 0.02192304
v -0.00701906 0.00155054 0.02138553
v -0.00705104 0.00085089 0.02280001
v -0.00705000 0.00085969 0.02279268
v -0.00700273 0.00122913 0.02241107
v -0.00705000 -0.00123225 0.02281314
v -0.00698613 -0.00119323 0.02285606
v -0.00705517 -0.00119135 0.02284212
v -0.00703244 -0.00070181 0.02309070
v -0.00710461 -0.00070211 0.02307634
v -0.00705054 -0.00016277 0.02316421
v -0.00712393 -0.00016279 0.02315019
v -0.00711489 0.00015549 0.02311388
v -0.00721378 -0.00071798 0.01966403
v -0.00723773 -0.00017304 0.01958683
v -0.00721590 0.00036942 0.01968026
v -0.00715326 0.00085852 0.01993485
v -0.00706392 0.00124763 0.02032679
v -0.00697006 0.00150063 0.02082088
v -0.00689707 0.00159248 0.02137361
v -0.00686524 0.00151016 0.02193397
v -0.00687904 0.00126006 0.02244213
v -0.00692234 0.00087018 0.02284488
v -0.00696706 0.00038075 0.02310622
v -0.00698736 -0.00016207 0.02320409
v -0.00697001 -0.00070917 0.02312891
v -0.00692563 -0.00120878 0.02288860
v -0.00717139 -0.00073453 0.01959803
v -0.00719557 -0.00017192 0.01951742
v -0.00717349 0.00038803 0.01961482
v -0.00711028 0.00089163 0.01987981
v -0.00702034 0.00129053 0.02028664
v -0.00692604 0.00154836 0.02079802
v -0.00685279 0.00164074 0.02136900
v -0.00682083 0.00155535 0.02194757
v -0.00683459 0.00129887 0.02247287
v -0.00687800 0.00089933 0.02289037
v -0.00692293 0.00039704 0.02316228
v -0.00694338 -0.00016094 0.02326448
v -0.00692593 -0.00072340 0.02318605
v -0.00710810 -0.00124507 0.01984676
v -0.00715103 -0.00121349 0.01990289
v -0.00705000 0.00155000 0.02140000
v -0.00705000 0.00137160 0.02216978
v -0.00705000 0.00087278 0.02278261
v -0.00705000 -0.00133607 0.02273111
v 0.00285926 -0.00343167 0.00649598
v 0.00288569 -0.00330000 0.00660278
v 0.00311928 -0.00330000 0.00651382
v 0.00263756 -0.00343167 0.00652299
v 0.00263756 -0.00330000 0.00663302
v 0.00306798 -0.00343167 0.00641649
v 0.00299756 -0.00351949 0.00628291
v 0.00282299 -0.00351949 0.00634940
v 0.00291736 -0.00355000 0.00613077
v 0.00278168 -0.00355000 0.00618243
v 0.00263756 -0.00351949 0.00637200
v 0.00263756 -0.00355000 0.00620000
v -0.00216342 -0.00355000 -0.00300161
v -0.00301926 -0.00355000 -0.00213871
v -0.00275946 -0.00355000 -0.00223335
v -0.00320448 -0.00355000 -0.00152767
v -0.00335334 -0.00355000 -0.00156368
v -0.00347252 -0.00355000 -0.00073762
v -0.00660056 -0.00355000 0.00540000
v -0.00354878 -0.00355000 0.00009317
v -0.00615000 -0.00355000 0.00540000
v -0.00568547 -0.00355000 0.00544353
v -0.00342904 -0.00355000 0.00091881
v 0.00132200 -0.00355000 -0.00345576
v 0.00177295 -0.00355000 -0.00307557
v 0.00237038 -0.00355000 -0.00284100
v 0.00244177 -0.00355000 -0.00257687
v 0.00316302 -0.00355000 -0.00191971
v 0.00331592 -0.00355000 0.00217537
v 0.00268013 -0.00355000 0.00251941
v 0.00329880 -0.00355000 0.00329965
v 0.00259499 -0.00355000 0.00308181
v 0.00348480 -0.00355000 0.00438825
v 0.00259499 -0.00355000 0.00563090
v 0.00344864 -0.00355000 0.00531061
v 0.00259496 -0.00355000 0.00563588
v 0.00332078 -0.00355000 0.00597129
v 0.00259468 -0.00355000 0.00564915
v 0.00259336 -0.00355000 0.00568571
v 0.00258833 -0.00355000 0.00578533
v -0.00216204 -0.00355000 -0.00281568
v -0.00144521 -0.00355000 -0.00324251
v -0.00107416 -0.00355000 -0.00354065
v -0.00064857 -0.00355000 -0.00349026
v 0.00013099 -0.00355000 -0.00369768
v 0.00018390 -0.00355000 -0.00354523
v 0.00100621 -0.00355000 -0.00340441
v -0.00523713 -0.00355000 0.00557263
v -0.00482058 -0.00355000 0.00578277
v -0.00258166 -0.00355000 0.00408125
v -0.00445033 -0.00355000 0.00606666
v 0.00297573 -0.00355000 -0.00193585
v 0.00334535 -0.00355000 -0.00118791
v 0.00361439 -0.00355000 -0.00079130
v 0.00353020 -0.00355000 -0.00037438
v 0.00367580 -0.00355000 0.00042249
v 0.00352009 -0.00355000 0.00045984
v 0.00354080 -0.00355000 0.00107367
v 0.00331557 -0.00355000 0.00126867
v 0.00292793 -0.00355000 0.00200742
v 0.00258724 -0.00355000 0.00580439
v 0.00258552 -0.00355000 0.00583648
v -0.00429297 -0.00355000 0.00616547
v -0.00411039 -0.00355000 0.00620000
v -0.00258167 -0.00355000 0.00619999
v 0.00258167 -0.00355000 0.00593979
v 0.00258167 -0.00355000 0.00620000
v 0.00258329 -0.00355000 0.00588496
v 0.00358865 -0.00360000 0.00108818
v 0.00336563 -0.00360000 0.00218077
v 0.00334864 -0.00360000 0.00329577
v 0.00344850 -0.00360000 0.00401345
v -0.00254383 -0.00355743 0.00408124
v -0.00254470 -0.00355761 0.00407134
v -0.00251096 -0.00357929 0.00408124
v -0.00251336 -0.00357929 0.00406294
v -0.00250179 -0.00358984 0.00408124
v -0.00249243 -0.00361173 0.00405733
v -0.00248910 -0.00361217 0.00408123
v -0.00248333 -0.00363182 0.00408124
v -0.00248507 -0.00365000 0.00405536
v -0.00217184 -0.00418985 0.00536000
v -0.00201967 -0.00430437 0.00598471
v -0.00200038 -0.00432008 0.00597697
v -0.00197731 -0.00436430 0.00596359
v -0.00197504 -0.00438981 0.00595881
v -0.00224016 -0.00416403 0.00496938
v -0.00230809 -0.00407573 0.00471585
v -0.00230975 -0.00404486 0.00472833
v -0.00242142 -0.00386671 0.00429290
v -0.00241816 -0.00385219 0.00431477
v -0.00218605 -0.00417658 0.00530167
v -0.00217274 -0.00419241 0.00529411
v -0.00216345 -0.00421101 0.00528692
v -0.00198593 -0.00434052 0.00596977
v -0.00245638 -0.00374847 0.00416904
v -0.00241154 -0.00385916 0.00437597
v -0.00232224 -0.00401687 0.00474254
v -0.00228188 -0.00407147 0.00490825
v 0.00249499 -0.00365000 0.00308181
v 0.00249499 -0.00365000 0.00563090
v 0.00250260 -0.00361173 0.00563089
v 0.00250260 -0.00361173 0.00308182
v 0.00252428 -0.00357929 0.00563089
v 0.00252428 -0.00357929 0.00308182
v 0.00253953 -0.00356679 0.00563089
v 0.00255672 -0.00355761 0.00308182
v 0.00255672 -0.00355761 0.00563089
v 0.00264358 -0.00355761 0.00250809
v 0.00261259 -0.00357929 0.00249849
v 0.00259188 -0.00361173 0.00249207
v 0.00258461 -0.00365000 0.00248982
v 0.00289636 -0.00355761 0.00198578
v 0.00286961 -0.00357929 0.00196744
v 0.00285173 -0.00361173 0.00195517
v 0.00284545 -0.00365000 0.00195087
v -0.00344109 -0.00365000 -0.00024784
v -0.00337471 -0.00365000 -0.00071685
v -0.00338215 -0.00361173 -0.00071842
v -0.00317009 -0.00365000 -0.00136127
v -0.00311422 -0.00365000 -0.00148465
v -0.00312109 -0.00361173 -0.00148792
v -0.00254935 -0.00365000 -0.00232452
v -0.00210114 -0.00365000 -0.00273637
v -0.00210578 -0.00361173 -0.00274241
v -0.00164734 -0.00365000 -0.00303130
v -0.00140450 -0.00365000 -0.00315116
v -0.00140760 -0.00361173 -0.00315812
v -0.00056360 -0.00365000 -0.00340366
v 0.00017872 -0.00365000 -0.00344537
v 0.00017911 -0.00361173 -0.00345297
v 0.00058233 -0.00365000 -0.00340050
v 0.00097787 -0.00365000 -0.00330851
v 0.00098002 -0.00361173 -0.00331581
v 0.00256210 -0.00365000 -0.00231044
v 0.00289191 -0.00365000 -0.00188131
v 0.00289829 -0.00361173 -0.00188547
v 0.00317753 -0.00365000 -0.00134379
v 0.00325111 -0.00365000 -0.00115445
v 0.00325829 -0.00361173 -0.00115700
v 0.00344240 -0.00365000 -0.00022889
v 0.00342093 -0.00365000 0.00044689
v 0.00342848 -0.00361173 0.00044788
v 0.00332748 -0.00365000 0.00091126
v 0.00322217 -0.00365000 0.00123293
v 0.00322928 -0.00361173 0.00123566
v 0.00175384 -0.00355761 -0.00304242
v 0.00099536 -0.00355761 -0.00336772
v 0.00173763 -0.00357929 -0.00301431
v 0.00098617 -0.00357929 -0.00333660
v 0.00172681 -0.00361173 -0.00299553
v 0.00327983 -0.00355761 0.00125499
v 0.00324953 -0.00357929 0.00124340
v 0.00348215 -0.00355761 0.00045489
v 0.00344998 -0.00357929 0.00045069
v 0.00343076 -0.00365000 -0.00036384
v 0.00343833 -0.00361173 -0.00036463
v 0.00345989 -0.00357929 -0.00036692
v 0.00349215 -0.00355761 -0.00037034
v 0.00330929 -0.00355761 -0.00117511
v 0.00327871 -0.00357929 -0.00116426
v 0.00294365 -0.00355761 -0.00191499
v 0.00291646 -0.00357929 -0.00189729
v 0.00237299 -0.00365000 -0.00250429
v 0.00237822 -0.00361173 -0.00250980
v 0.00239313 -0.00357929 -0.00252554
v 0.00241545 -0.00355761 -0.00254909
v 0.00172301 -0.00365000 -0.00298894
v 0.00166401 -0.00365000 -0.00302219
v 0.00018024 -0.00357929 -0.00347462
v 0.00018192 -0.00355761 -0.00350701
v -0.00063030 -0.00365000 -0.00339193
v -0.00063169 -0.00361173 -0.00339942
v -0.00063565 -0.00357929 -0.00342073
v -0.00064158 -0.00355761 -0.00345263
v -0.00142963 -0.00355761 -0.00320755
v -0.00141643 -0.00357929 -0.00317792
v -0.00213874 -0.00355761 -0.00278532
v -0.00211898 -0.00357929 -0.00275959
v -0.00268173 -0.00365000 -0.00217044
v -0.00268765 -0.00361173 -0.00217522
v -0.00270450 -0.00357929 -0.00218886
v -0.00272972 -0.00355761 -0.00220927
v -0.00316994 -0.00355761 -0.00151120
v -0.00314066 -0.00357929 -0.00149724
v -0.00343509 -0.00355761 -0.00072967
v -0.00340335 -0.00357929 -0.00072293
v -0.00344881 -0.00365000 0.00009054
v -0.00345642 -0.00361173 0.00009074
v -0.00347809 -0.00357929 0.00009131
v -0.00351052 -0.00355761 0.00009216
v -0.00339207 -0.00355761 0.00090890
v -0.00336074 -0.00357929 0.00090050
v -0.00333980 -0.00361173 0.00089489
v -0.00333244 -0.00365000 0.00089292
v -0.00142990 -0.00754035 -0.00045320
v -0.00149676 -0.00753659 -0.00009856
v -0.00164984 -0.00767597 0.00000787
v -0.00150000 -0.00753624 -0.00000001
v -0.00148776 -0.00753716 0.00019126
v -0.00160807 -0.00767921 -0.00036735
v -0.00159150 -0.00768043 -0.00043420
v -0.00138080 -0.00754289 -0.00058598
v -0.00145167 -0.00768924 -0.00078281
v -0.00049101 -0.00767914 -0.00157619
v -0.00043934 -0.00752377 -0.00143422
v -0.00065148 -0.00768941 -0.00151630
v -0.00069700 -0.00754164 -0.00132822
v -0.00076028 -0.00769440 -0.00146421
v -0.00076589 -0.00754480 -0.00128973
v -0.00097583 -0.00769963 -0.00133024
v -0.00084186 -0.00754735 -0.00124147
v -0.00111583 -0.00769971 -0.00121577
v -0.00111344 -0.00754967 -0.00100511
v -0.00128171 -0.00769642 -0.00103867
v -0.00116448 -0.00754931 -0.00094550
v -0.00136044 -0.00769357 -0.00093253
v -0.00120079 -0.00754884 -0.00089894
v -0.00129904 -0.00754642 -0.00075000
v 0.00047127 -0.00739171 -0.00142404
v 0.00012008 -0.00745520 -0.00149519
v 0.00005127 -0.00761871 -0.00165021
v -0.00000016 -0.00747371 -0.00150000
v -0.00012372 -0.00764258 -0.00164591
v -0.00011325 -0.00748948 -0.00149572
v -0.00035362 -0.00751632 -0.00145772
v 0.00041665 -0.00755520 -0.00159658
v 0.00055200 -0.00752691 -0.00155390
v 0.00061029 -0.00736176 -0.00137024
v 0.00058075 -0.00752056 -0.00154317
v 0.00075011 -0.00732818 -0.00129898
v 0.00091828 -0.00743712 -0.00136840
v 0.00091864 -0.00728331 -0.00118578
v 0.00104431 -0.00740166 -0.00127503
v 0.00101642 -0.00725581 -0.00110312
v 0.00112082 -0.00737897 -0.00120800
v 0.00121091 -0.00735111 -0.00111590
v 0.00124966 -0.00718705 -0.00082966
v 0.00130013 -0.00732228 -0.00100809
v 0.00141763 -0.00728243 -0.00083162
v 0.00164055 -0.00720078 -0.00000000
v 0.00150000 -0.00710319 -0.00000000
v 0.00161101 -0.00721206 -0.00030891
v 0.00145904 -0.00711821 -0.00034815
v 0.00156589 -0.00722902 -0.00049175
v 0.00143547 -0.00712616 -0.00043523
v 0.00150201 -0.00725247 -0.00066487
v 0.00136561 -0.00714928 -0.00062057
v 0.00129371 -0.00717295 -0.00075915
v -0.00253703 -0.00356051 0.00620001
v -0.00248333 -0.00363182 0.00620000
v -0.00250178 -0.00358984 0.00620000
v -0.00229650 -0.00405464 0.00620000
v -0.00238860 -0.00390868 0.00620000
v -0.00218474 -0.00417879 0.00620000
v -0.00194447 -0.00434580 0.00620000
v -0.00145537 -0.00455000 0.00659491
v -0.00145974 -0.00450685 0.00660367
v -0.00141186 -0.00455000 0.00661531
v -0.00124649 -0.00452800 0.00667346
v -0.00163538 -0.00449666 0.00648797
v -0.00188141 -0.00437823 0.00627254
v -0.00179885 -0.00441873 0.00636131
v -0.00179288 -0.00442889 0.00635401
v -0.00193077 -0.00435269 0.00621580
v -0.00176830 -0.00443206 0.00639109
v -0.00166512 -0.00446936 0.00647932
v -0.00164014 -0.00447648 0.00649784
v -0.00163503 -0.00453194 0.00647966
v -0.00178502 -0.00448847 0.00633076
v -0.00178486 -0.00445703 0.00633954
v -0.00179472 -0.00442059 0.00636543
v -0.00333244 -0.00545000 0.00089292
v -0.00197504 -0.00545000 0.00595882
v -0.00344109 -0.00545000 -0.00024784
v -0.00317009 -0.00545000 -0.00136126
v -0.00254935 -0.00545000 -0.00232451
v -0.00164734 -0.00545000 -0.00303129
v -0.00056360 -0.00545000 -0.00340366
v 0.00058233 -0.00545000 -0.00340050
v 0.00166401 -0.00545000 -0.00302219
v 0.00256210 -0.00545000 -0.00231044
v 0.00317753 -0.00545000 -0.00134380
v 0.00344240 -0.00545000 -0.00022890
v 0.00332748 -0.00545000 0.00091125
v 0.00284545 -0.00545000 0.00195088
v 0.00101886 -0.00725559 0.00110087
v 0.00074999 -0.00732710 0.00129903
v 0.00075000 -0.00545000 0.00129904
v -0.00148776 -0.00746911 0.00019122
v -0.00146280 -0.00747180 0.00033199
v -0.00150000 -0.00545000 0.00000000
v -0.00134050 -0.00748160 0.00067309
v -0.00129904 -0.00545000 0.00075000
v -0.00129904 -0.00748421 0.00075000
v -0.00075000 -0.00545000 0.00129903
v -0.00090643 -0.00749889 0.00119515
v -0.00116273 -0.00749156 0.00094765
v -0.00000000 -0.00545000 0.00150000
v 0.00000029 -0.00747493 0.00149999
v -0.00017672 -0.00749859 0.00148955
v -0.00025967 -0.00750798 0.00147736
v -0.00060167 -0.00753621 0.00137405
v -0.00060153 -0.00749706 0.00137410
v -0.00074999 -0.00749947 0.00129904
v 0.00072694 -0.00733279 0.00131208
v 0.00060362 -0.00736226 0.00137319
v 0.00026009 -0.00743294 0.00147728
v 0.00018019 -0.00744675 0.00148914
v 0.00150000 -0.00545000 -0.00000000
v 0.00148490 -0.00710843 0.00021230
v 0.00129904 -0.00545000 0.00075000
v 0.00139482 -0.00713935 0.00055178
v 0.00132598 -0.00716220 0.00070127
v 0.00129894 -0.00717085 0.00075017
v 0.00112347 -0.00722483 0.00099389
v 0.00129904 -0.00545000 -0.00075000
v 0.00075000 -0.00545000 -0.00129904
v 0.00000000 -0.00545000 -0.00150000
v -0.00075000 -0.00545000 -0.00129904
v -0.00129904 -0.00545000 -0.00075001
v 0.00249008 -0.00362744 0.00584278
v 0.00247308 -0.00368572 0.00591391
v 0.00247445 -0.00367462 0.00592423
v 0.00247722 -0.00366222 0.00591345
v 0.00247943 -0.00365179 0.00591225
v 0.00248047 -0.00364667 0.00591353
v 0.00248480 -0.00363225 0.00589689
v 0.00249446 -0.00361131 0.00586529
v 0.00250983 -0.00359032 0.00580893
v 0.00247325 -0.00369142 0.00590880
v 0.00247399 -0.00369708 0.00590384
v 0.00236625 -0.00397730 0.00619410
v 0.00176118 -0.00449191 0.00666581
v 0.00159678 -0.00454473 0.00669476
v 0.00236493 -0.00396441 0.00620594
v 0.00236648 -0.00395234 0.00621859
v 0.00243882 -0.00379438 0.00606503
v 0.00238617 -0.00391337 0.00620000
v 0.00219165 -0.00419737 0.00643147
v 0.00227321 -0.00409688 0.00634965
v 0.00229921 -0.00405991 0.00631953
v 0.00236901 -0.00394539 0.00622613
v 0.00192514 -0.00444531 0.00660269
v 0.00187464 -0.00445018 0.00662701
v 0.00217111 -0.00424884 0.00643823
v 0.00217605 -0.00426011 0.00643230
v 0.00226676 -0.00415557 0.00633604
v 0.00184409 -0.00445765 0.00664004
v 0.00210365 -0.00428576 0.00650325
v 0.00216754 -0.00423777 0.00644535
v 0.00237039 -0.00399058 0.00618335
v 0.00216559 -0.00422544 0.00645428
v 0.00248333 -0.00363182 0.00619999
v 0.00248311 -0.00363303 0.00592730
v 0.00248238 -0.00363691 0.00592006
v 0.00247756 -0.00366066 0.00591888
v 0.00248333 -0.00363182 0.00593979
v 0.00250178 -0.00358984 0.00619999
v 0.00250179 -0.00358984 0.00593979
v 0.00253703 -0.00356051 0.00620000
v 0.00254785 -0.00355589 0.00593978
v 0.00253703 -0.00356051 0.00593979
v 0.00251771 -0.00357313 0.00593979
v 0.00372547 -0.00360000 0.00042819
v 0.00366324 -0.00360000 -0.00080199
v 0.00320577 -0.00360000 -0.00194566
v 0.00240242 -0.00360000 -0.00287940
v 0.00133987 -0.00360000 -0.00350247
v 0.00013276 -0.00360000 -0.00374766
v -0.00108868 -0.00360000 -0.00358849
v -0.00219265 -0.00360000 -0.00304217
v -0.00306006 -0.00360000 -0.00216762
v 0.00351985 -0.00614697 0.00133374
v 0.00346133 -0.00619148 0.00158302
v 0.00275379 -0.00666384 0.00158249
v -0.00046095 -0.00767683 -0.00372157
v -0.00108868 -0.00769990 -0.00358850
v -0.00164438 -0.00767641 -0.00337024
v -0.00215610 -0.00761799 -0.00306819
v 0.00120653 -0.00735249 -0.00355061
v 0.00067913 -0.00749795 -0.00368800
v 0.00013276 -0.00760615 -0.00374765
v 0.00212948 -0.00699271 0.00158202
v 0.00135779 -0.00730299 0.00092891
v 0.00144700 -0.00727212 0.00077934
v 0.00158370 -0.00722237 0.00043272
v 0.00160014 -0.00721618 0.00036595
v 0.00275379 -0.00666384 -0.00254541
v 0.00133987 -0.00730904 -0.00350247
v 0.00240242 -0.00685814 -0.00287939
v 0.00190178 -0.00709471 -0.00323199
v 0.00066107 -0.00750221 0.00158090
v 0.00046688 -0.00754500 0.00158133
v 0.00066428 -0.00750146 0.00150955
v 0.00098680 -0.00741814 0.00132027
v 0.00111536 -0.00738061 0.00121233
v 0.00120263 -0.00735372 0.00112502
v 0.00089875 -0.00744240 0.00138239
v 0.00320577 -0.00637563 -0.00194565
v 0.00347928 -0.00617793 -0.00139897
v 0.00366324 -0.00603399 -0.00080200
v 0.00374524 -0.00596677 -0.00018883
v 0.00372547 -0.00598315 0.00042819
v 0.00358865 -0.00609347 0.00108817
v -0.00231955 -0.00759177 -0.00067915
v -0.00304458 -0.00742991 -0.00132646
v -0.00219274 -0.00761243 -0.00304210
v -0.00338818 -0.00732621 -0.00160709
v -0.00306006 -0.00742563 -0.00216761
v -0.00266302 -0.00752449 -0.00264023
v -0.00661041 -0.00354955 0.00542113
v -0.00674579 -0.00344481 0.00570681
v -0.00667733 -0.00352289 0.00556239
v -0.00682791 -0.00320004 0.00587695
v -0.00679599 -0.00333361 0.00581179
v -0.00676773 -0.00340391 0.00575319
v -0.00615000 -0.00330000 0.00583302
v -0.00615000 -0.00348301 0.00565001
v -0.00615000 -0.00340355 0.00575355
v -0.00576593 -0.00330000 0.00586900
v -0.00573193 -0.00348301 0.00568918
v -0.00532842 -0.00348301 0.00580536
v -0.00495352 -0.00348301 0.00599449
v -0.00462029 -0.00348301 0.00625000
v -0.00539524 -0.00330000 0.00597574
v -0.00505084 -0.00330000 0.00614950
v -0.00474472 -0.00330000 0.00638421
v -0.00411039 -0.00351194 0.00639134
v -0.00438425 -0.00348301 0.00639822
v -0.00411039 -0.00348301 0.00645000
v -0.00411039 -0.00340355 0.00655356
v -0.00445108 -0.00330000 0.00656859
v -0.00411039 -0.00330000 0.00663301
v -0.00411039 -0.00324134 0.00666193
v -0.00258166 -0.00351194 0.00639135
v -0.00258167 -0.00348301 0.00645000
v -0.00258167 -0.00340355 0.00655355
v -0.00258166 -0.00330000 0.00663301
v -0.00258167 -0.00324134 0.00666194
v -0.00250713 -0.00350057 0.00645000
v -0.00223750 -0.00358636 0.00663302
v -0.00244827 -0.00354954 0.00645000
v -0.00242545 -0.00333680 0.00663301
v -0.00230208 -0.00343944 0.00663302
v -0.00233933 -0.00360519 0.00655355
v -0.00241746 -0.00361964 0.00645001
v -0.00245294 -0.00362620 0.00637305
v -0.00236114 -0.00389451 0.00637306
v -0.00196087 -0.00394051 0.00666910
v -0.00209808 -0.00375872 0.00666910
v -0.00225847 -0.00384151 0.00655355
v -0.00193073 -0.00431811 0.00637307
v -0.00179915 -0.00405292 0.00666910
v -0.00187937 -0.00421461 0.00655355
v -0.00208446 -0.00407206 0.00655356
v -0.00216358 -0.00415626 0.00637306
v -0.00157716 -0.00418579 0.00667616
v -0.00174534 -0.00436722 0.00650079
v -0.00184821 -0.00433217 0.00644046
v -0.00160736 -0.00441393 0.00657137
v -0.00141393 -0.00445776 0.00664491
v -0.00178316 -0.00424217 0.00657830
v -0.00167058 -0.00428661 0.00660785
v -0.00153532 -0.00434490 0.00664138
v -0.00131204 -0.00434856 0.00669367
v -0.00136428 -0.00440455 0.00667511
v -0.00118999 -0.00447409 0.00669316
v -0.00141186 -0.00545000 0.00661531
v -0.00178900 -0.00545000 0.00632593
v 0.00249432 -0.00365076 0.00573643
v 0.00249500 -0.00364967 0.00570001
v 0.00249499 -0.00545000 0.00570000
v 0.00184110 -0.00545000 0.00663819
v 0.00247506 -0.00369221 0.00589865
v 0.00247755 -0.00368338 0.00588596
v 0.00248290 -0.00366910 0.00585503
v 0.00249234 -0.00365297 0.00577278
v 0.00243318 -0.00545000 0.00604611
v 0.00220209 -0.00545000 0.00640711
v 0.00179452 -0.00443127 0.00666596
v 0.00203036 -0.00425385 0.00658592
v 0.00206898 -0.00427087 0.00654697
v 0.00224595 -0.00408461 0.00642297
v 0.00220861 -0.00406785 0.00649071
v 0.00235238 -0.00389570 0.00639151
v 0.00237766 -0.00390892 0.00629753
v 0.00236448 -0.00390203 0.00635450
v 0.00194235 -0.00421509 0.00664816
v 0.00210772 -0.00402268 0.00660296
v 0.00208000 -0.00375328 0.00667552
v 0.00220352 -0.00381786 0.00660451
v 0.00225639 -0.00384551 0.00655355
v 0.00230155 -0.00386912 0.00649389
v 0.00197959 -0.00396538 0.00667473
v 0.00174262 -0.00440365 0.00668477
v 0.00184356 -0.00417159 0.00668670
v 0.00244591 -0.00362490 0.00639135
v 0.00233933 -0.00360519 0.00655355
v 0.00217982 -0.00357570 0.00666194
v 0.00247167 -0.00342946 0.00655355
v 0.00258167 -0.00340355 0.00655356
v 0.00258167 -0.00351194 0.00639134
v 0.00258167 -0.00330000 0.00663301
v 0.00248279 -0.00330000 0.00664064
v 0.00237021 -0.00330000 0.00666204
v 0.00225523 -0.00340415 0.00666194
v 0.00210737 -0.00330000 0.00669990
v 0.00238480 -0.00350174 0.00655356
v 0.00247138 -0.00356695 0.00639134
v 0.00252005 -0.00352645 0.00639135
v -0.00338820 -0.00704182 -0.00160704
v -0.00339345 -0.00703990 -0.00159594
v -0.00473894 0.00130000 0.01654827
v -0.00473891 0.00130000 0.01650460
v -0.00503271 0.00130000 0.01713684
v -0.00489487 0.00130000 0.01661714
v -0.00503162 0.00130000 0.01685900
v -0.00466146 0.00130000 0.01752576
v -0.00438387 0.00130000 0.01753759
v -0.00413591 0.00130000 0.01741224
v -0.00451643 0.00130000 0.01645025
v -0.00489785 0.00130000 0.01737976
v -0.00429838 0.00130000 0.01648829
v -0.00407399 0.00130000 0.01665212
v -0.00395831 0.00130000 0.01690475
v -0.00398087 0.00130000 0.01718167
v -0.00437817 0.00122731 0.01638935
v -0.00473881 0.00120873 0.01640486
v -0.00420198 0.00110000 0.01631175
v -0.00391907 0.00110000 0.01652564
v -0.00376133 0.00110000 0.01687011
v -0.00379210 0.00110000 0.01724774
v -0.00400352 0.00110000 0.01756214
v -0.00434164 0.00110000 0.01773309
v -0.00472017 0.00110000 0.01771695
v -0.00504252 0.00110000 0.01751785
v -0.00522642 0.00110000 0.01718660
v -0.00522494 0.00110000 0.01680773
v -0.00503845 0.00110000 0.01647792
v -0.00473869 0.00110000 0.01628900
v -0.00703327 -0.00020000 0.00965088
v -0.00703611 -0.00020000 0.00964028
v -0.00400000 -0.00020000 0.00730001
v -0.00361177 0.00000000 0.00755111
v -0.00356001 -0.00020000 0.00735792
v -0.00325000 0.00000000 0.00770096
v -0.00315000 -0.00020000 0.00752776
v -0.00293934 -0.00000000 0.00793935
v -0.00279792 -0.00020000 0.00779793
v -0.00270096 -0.00000000 0.00825000
v -0.00252776 -0.00020000 0.00815000
v -0.00255111 0.00000000 0.00861178
v -0.00235793 -0.00020000 0.00856001
v -0.00250000 -0.00000000 0.00899999
v -0.00230000 -0.00020000 0.00900000
v -0.00255111 -0.00000000 0.00938823
v -0.00235793 -0.00020000 0.00943999
v -0.00270096 0.00000000 0.00975000
v -0.00252776 -0.00020000 0.00985000
v -0.00293934 -0.00000000 0.01006065
v -0.00279792 -0.00020000 0.01020208
v -0.00325000 -0.00000000 0.01029904
v -0.00315000 -0.00020000 0.01047224
v -0.00361177 -0.00000000 0.01044889
v -0.00356001 -0.00020000 0.01064207
v -0.00400000 -0.00000000 0.01049999
v -0.00400000 -0.00020000 0.01070000
v -0.00438823 -0.00000000 0.01044888
v -0.00443999 -0.00020000 0.01064207
v -0.00475000 -0.00000000 0.01029903
v -0.00485000 -0.00020000 0.01047224
v -0.00506066 0.00000000 0.01006066
v -0.00520208 -0.00020000 0.01020208
v -0.00529904 -0.00000000 0.00975000
v -0.00547224 -0.00020000 0.00985000
v -0.00544889 0.00000000 0.00938823
v -0.00564207 -0.00020000 0.00943999
v -0.00550000 0.00000000 0.00900000
v -0.00570000 -0.00020000 0.00900000
v -0.00544889 0.00000000 0.00861178
v -0.00564207 -0.00020000 0.00856001
v -0.00529904 -0.00000000 0.00824999
v -0.00547224 -0.00020000 0.00814999
v -0.00506066 -0.00000000 0.00793934
v -0.00520208 -0.00020000 0.00779791
v -0.00475000 -0.00000000 0.00770096
v -0.00485000 -0.00020000 0.00752776
v -0.00438823 -0.00000000 0.00755112
v -0.00443999 -0.00020000 0.00735792
v -0.00400000 0.00000000 0.00750000
v -0.00455036 0.00080000 0.00868224
v -0.00521244 0.00080000 0.00830000
v -0.00463550 0.00080000 0.00899999
v -0.00540000 0.00080000 0.00900000
v -0.00455036 0.00080000 0.00931776
v -0.00521244 0.00080000 0.00970000
v -0.00431775 0.00080000 0.00955036
v -0.00470000 0.00080000 0.01021244
v -0.00400000 0.00080000 0.00963550
v -0.00400000 0.00080000 0.01040000
v -0.00368225 0.00080000 0.00955036
v -0.00330000 0.00080000 0.01021244
v -0.00344964 0.00080000 0.00931775
v -0.00278756 0.00080000 0.00970001
v -0.00336450 0.00080000 0.00900000
v -0.00260000 0.00080000 0.00900000
v -0.00344964 0.00080000 0.00868225
v -0.00278756 0.00080000 0.00830001
v -0.00368225 0.00080000 0.00844964
v -0.00330000 0.00080000 0.00778757
v -0.00400000 0.00080000 0.00836450
v -0.00400000 0.00080000 0.00760000
v -0.00431775 0.00080000 0.00844965
v -0.00470000 0.00080000 0.00778757
v -0.00400000 0.00070000 0.00750000
v -0.00325000 0.00070000 0.00770096
v -0.00270096 0.00070000 0.00824999
v -0.00250000 0.00070000 0.00899999
v -0.00270096 0.00070000 0.00975000
v -0.00325000 0.00070000 0.01029904
v -0.00400000 0.00070000 0.01050001
v -0.00475000 0.00070000 0.01029904
v -0.00529904 0.00070000 0.00975000
v -0.00550000 0.00070000 0.00900000
v -0.00529904 0.00070000 0.00825001
v -0.00475000 0.00070000 0.00770096
v -0.00400000 -0.00220000 0.00836450
v -0.00368225 -0.00220000 0.00844964
v -0.00344964 -0.00220000 0.00868226
v -0.00336450 -0.00220000 0.00900001
v -0.00344964 -0.00220000 0.00931776
v -0.00368225 -0.00220000 0.00955037
v -0.00400000 -0.00220000 0.00963550
v -0.00431775 -0.00220000 0.00955036
v -0.00455036 -0.00220000 0.00931775
v -0.00463550 -0.00220000 0.00900000
v -0.00455036 -0.00220000 0.00868225
v -0.00431775 -0.00220000 0.00844964
v -0.00400000 -0.00258185 0.00900000
v -0.00705000 0.00114390 0.02127036
v -0.00705000 0.00101432 0.02080989
v -0.00705000 0.00137160 0.02063021
v -0.00705000 0.00071847 0.02041055
v -0.00705000 0.00087278 0.02001737
v -0.00705000 0.00029213 0.02014291
v -0.00705000 0.00015524 0.01968643
v -0.00705000 -0.00020194 0.02005128
v -0.00705000 0.00109936 0.02176670
v -0.00705000 0.00088006 0.02221004
v -0.00705000 0.00051185 0.02254709
v -0.00705000 0.00015524 0.02311357
v -0.00705000 0.00028066 0.02266154
v -0.00705000 -0.00019895 0.02274897
v -0.00705000 -0.00063473 0.02309514
v -0.00705000 -0.00069153 0.02265753
v -0.00705000 -0.00111698 0.02239103
v -0.00705000 -0.00127800 0.02058711
v -0.00705000 -0.00167057 0.02048934
v -0.00705000 -0.00149802 0.02102836
v -0.00705000 -0.00170000 0.02066685
v -0.00705000 -0.00154378 0.02153033
v -0.00705000 -0.00141366 0.02199035
v -0.00705000 -0.00068022 0.02013830
v -0.00705000 -0.00063473 0.01970486
v -0.00705000 -0.00090920 0.02025124
v -0.00705000 -0.00133606 0.02006889
v -0.00705000 -0.00158542 0.02033083
v -0.00695000 -0.00064465 0.02023176
v -0.00694994 -0.00094247 0.02039440
v -0.00694988 -0.00117950 0.02062342
v -0.00694984 -0.00143425 0.02120218
v -0.00694984 -0.00140796 0.02107855
v -0.00694983 -0.00138134 0.02099141
v -0.00694986 -0.00123347 0.02069684
v -0.00694974 -0.00144999 0.02140546
v -0.00694987 -0.00144627 0.02149650
v -0.00695047 -0.00137772 0.02181889
v -0.00695042 -0.00134407 0.02190358
v -0.00694974 -0.00117268 0.02218511
v -0.00694976 -0.00111292 0.02225386
v -0.00695043 -0.00046918 0.02262067
v -0.00694984 -0.00077888 0.02250788
v -0.00694989 -0.00085800 0.02246280
v -0.00694988 -0.00098845 0.02236997
v -0.00695072 -0.00037959 0.02263703
v -0.00695095 -0.00019903 0.02264999
v -0.00695000 0.00024506 0.02256808
v -0.00695072 -0.00005004 0.02264097
v 0.00330493 -0.00354715 0.00603115
v 0.00315826 -0.00330000 0.00649396
v 0.00327853 -0.00353124 0.00612540
v 0.00323769 -0.00348326 0.00626016
v 0.00285177 -0.00330000 0.00720585
v 0.00313644 -0.00330000 0.00655314
v -0.00359583 -0.00433752 0.01212919
v -0.00338463 -0.00450000 0.01197452
v -0.00340368 -0.00450000 0.01199229
v -0.00352041 -0.00449969 0.01208336
v 0.00150528 -0.00444704 0.00931692
v 0.00156155 -0.00441213 0.00924159
v 0.00144264 -0.00447305 0.00940000
v 0.00122059 -0.00450000 0.00965118
v 0.00133090 -0.00449317 0.00952425
v 0.00250693 -0.00358479 0.00783799
v 0.00268353 -0.00338787 0.00752833
v 0.00215803 -0.00392392 0.00839385
v 0.00313644 -0.00551125 0.00655315
v 0.00332909 -0.00556777 0.00593878
v 0.00344864 -0.00568743 0.00531061
v 0.00349008 -0.00583724 0.00477917
v 0.00347596 -0.00602597 0.00425944
v 0.00345432 -0.00611130 0.00405626
v 0.00344850 -0.00612950 0.00401344
v 0.00284825 -0.00550841 0.00721294
v 0.00283436 -0.00330091 0.00724082
v 0.00280623 -0.00330613 0.00729642
v 0.00276380 -0.00332271 0.00737850
v 0.00250560 -0.00554299 0.00784026
v 0.00199652 -0.00560603 0.00863361
v 0.00144264 -0.00565772 0.00940001
v -0.00150501 -0.00545000 0.00325000
v -0.00150501 -0.00545000 0.00355001
v -0.00150501 -0.00485000 0.00325000
v -0.00150501 -0.00485000 0.00355000
v -0.00100501 -0.00435000 0.00355000
v -0.00100501 -0.00435000 0.00324999
v -0.00119635 -0.00438806 0.00325000
v -0.00119635 -0.00438806 0.00355001
v -0.00135857 -0.00449645 0.00324999
v -0.00135857 -0.00449645 0.00355000
v -0.00146695 -0.00465866 0.00325000
v -0.00146695 -0.00465866 0.00354999
v 0.00251784 -0.00357469 0.00588280
v 0.00257816 -0.00355075 0.00578543
v 0.00253999 -0.00356424 0.00579121
v 0.00252256 -0.00357665 0.00579923
v 0.00252134 -0.00358164 0.00573825
v 0.00249583 -0.00362547 0.00577715
v 0.00250090 -0.00360940 0.00578500
v 0.00249499 -0.00364983 0.00566544
v 0.00248710 -0.00364290 0.00583636
v -0.00391613 -0.00010000 0.01652927
v -0.00420182 -0.00010000 0.01631182
v -0.00473837 -0.00010000 0.01628889
v -0.00500394 -0.00010000 0.01644453
v -0.00375975 -0.00010000 0.01687947
v -0.00379695 -0.00010000 0.01726119
v -0.00401801 -0.00010000 0.01757462
v -0.00436512 -0.00010000 0.01773777
v -0.00474750 -0.00010000 0.01770798
v -0.00506515 -0.00010000 0.01749306
v -0.00504252 -0.00010000 0.01751786
v -0.00523501 -0.00010000 0.01714919
v -0.00522642 -0.00010000 0.01718660
v -0.00503845 -0.00010000 0.01647792
v -0.00521266 -0.00010000 0.01676631
v -0.00522493 -0.00010000 0.01680773
v -0.00558133 -0.00030000 0.02440000
v -0.00557895 -0.00037885 0.02440001
v -0.00305000 -0.00030000 0.02440000
v -0.00545484 -0.00128765 0.02440000
v -0.00514418 -0.00218252 0.02440001
v -0.00329391 -0.00415020 0.02440000
v -0.00305000 -0.00415020 0.02440000
v -0.00403551 -0.00364937 0.02439999
v -0.00465606 -0.00299141 0.02440000
v -0.00305213 -0.00030000 0.02429521
v -0.00574750 -0.00030000 0.02437107
v -0.00589484 -0.00030000 0.02428937
v -0.00305497 -0.00030000 0.02416359
v -0.00600630 -0.00030000 0.02416361
v -0.00606048 -0.00028659 0.02404290
v -0.00306017 -0.00024989 0.02393423
v -0.00608109 -0.00024945 0.02393328
v -0.00306062 -0.00024041 0.02391462
v -0.00609268 -0.00011853 0.02375533
v -0.00306489 -0.00008721 0.02372911
v -0.00609425 -0.00007458 0.02371958
v -0.00609393 0.00007287 0.02364282
v -0.00306737 0.00016161 0.02362075
v -0.00609048 0.00016161 0.02362075
v -0.00690869 -0.00146626 0.00947823
v -0.00701928 -0.00070936 0.00956416
v -0.00703457 -0.00041857 0.00960551
v -0.00616352 -0.00166297 0.02242014
v -0.00644574 -0.00167057 0.02231065
v -0.00644575 -0.00170000 0.02213314
v -0.00642252 -0.00158740 0.02246740
v -0.00644574 -0.00158542 0.02246916
v -0.00621482 -0.00170000 0.02217403
v -0.00600823 -0.00170000 0.02228602
v -0.00599381 -0.00167335 0.02252391
v -0.00635263 -0.00158456 0.02248359
v -0.00599414 -0.00153844 0.02289746
v -0.00605327 -0.00156367 0.02275178
v -0.00599089 -0.00162497 0.02269357
v -0.00621237 -0.00161787 0.02249653
v -0.00625510 -0.00155654 0.02256587
v -0.00612428 -0.00146586 0.02280373
v -0.00605367 -0.00137253 0.02303936
v -0.00600054 -0.00145408 0.02305201
v -0.00601874 -0.00125406 0.02334525
v 0.00201711 -0.00545000 0.00325000
v 0.00201711 -0.00435000 0.00325000
v 0.00242800 -0.00435000 0.00380000
v 0.00249499 -0.00435000 0.00405000
v 0.00249499 -0.00435000 0.00308181
v 0.00234854 -0.00435000 0.00369645
v 0.00224765 -0.00435000 0.00319367
v 0.00242626 -0.00435000 0.00303740
v 0.00251268 -0.00435000 0.00281636
v 0.00199499 -0.00435000 0.00355000
v 0.00224499 -0.00435000 0.00361699
v 0.00199499 -0.00545000 0.00355000
v 0.00251268 -0.00545000 0.00281636
v 0.00258461 -0.00545000 0.00248982
v 0.00234854 -0.00545000 0.00369645
v 0.00218633 -0.00545000 0.00358806
v 0.00245693 -0.00545000 0.00385866
v 0.00249499 -0.00545000 0.00405000
v 0.00224765 -0.00545000 0.00319367
v 0.00242626 -0.00545000 0.00303740
v -0.00695000 -0.00049918 0.02018633
v -0.00694993 0.00085532 0.02206992
v -0.00694994 0.00076997 0.02218845
v -0.00694996 0.00064353 0.02232248
v -0.00694997 0.00057408 0.02238147
v -0.00695000 0.00029078 0.02254963
v -0.00694988 0.00104256 0.02126387
v -0.00694988 0.00103495 0.02159339
v -0.00694989 0.00101758 0.02168284
v -0.00694992 0.00090132 0.02199126
v -0.00694990 0.00088514 0.02077955
v -0.00694989 0.00092746 0.02086025
v -0.00694988 0.00096780 0.02095421
v -0.00694987 0.00102935 0.02117372
v -0.00694994 0.00068525 0.02051748
v -0.00694999 0.00061860 0.02045533
v -0.00694989 0.00034323 0.02027422
v -0.00695001 0.00058845 0.02043003
v -0.00697453 -0.00015197 0.02012760
v -0.00697942 0.00019586 0.02018362
v -0.00696427 0.00012439 0.02017859
v -0.00695000 0.00005258 0.02017579
v -0.00309534 -0.00141262 0.02109660
v -0.00307608 -0.00000217 0.02016575
v -0.00617784 -0.00012564 0.02015222
v -0.00307555 -0.00020000 0.02015000
v -0.00617611 -0.00020000 0.02015001
v -0.00307626 -0.00042633 0.02017066
v -0.00615544 -0.00055307 0.02020090
v -0.00307828 -0.00064465 0.02023176
v -0.00614647 -0.00064595 0.02023225
v -0.00308738 -0.00113508 0.02057046
v -0.00611735 -0.00087604 0.02034859
v -0.00308826 -0.00116997 0.02061155
v -0.00690307 -0.00087308 0.02034670
v -0.00628912 -0.00087540 0.02034817
v -0.00309614 -0.00143424 0.02120217
v -0.00309689 -0.00141434 0.02169644
v -0.00309618 -0.00136363 0.02185657
v -0.00309167 -0.00102564 0.02233852
v -0.00309126 -0.00098845 0.02236997
v -0.00308772 -0.00049573 0.02261451
v -0.00308740 -0.00039783 0.02263425
v -0.00308748 0.00002617 0.02262937
v -0.00308844 0.00024580 0.02256780
v -0.00309106 0.00057112 0.02238381
v -0.00309339 0.00076997 0.02218845
v -0.00309576 0.00093832 0.02191646
v -0.00309706 0.00103425 0.02159783
v -0.00309674 0.00104786 0.02132688
v -0.00309584 0.00102767 0.02116480
v -0.00309381 0.00096780 0.02095419
v -0.00308398 0.00058845 0.02043002
v -0.00308858 0.00078374 0.02062879
v -0.00632978 0.00005512 0.02017632
v -0.00617747 0.00005573 0.02017644
v -0.00307915 0.00031345 0.02026032
v -0.00617792 0.00000246 0.02016650
v -0.00617788 -0.00005138 0.02015886
v -0.00691965 -0.00076198 0.02028344
v -0.00693467 -0.00064465 0.02023176
v -0.00694270 -0.00057258 0.02020682
v -0.00043299 -0.00767457 0.00159160
v -0.00047407 -0.00767786 0.00157994
v -0.00039006 -0.00765762 0.00158916
v 0.00002287 -0.00755363 0.00158093
v -0.00046684 -0.00767729 0.00159202
v 0.00343268 -0.00616417 0.00393192
v 0.00341771 -0.00619395 0.00384865
v 0.00346133 -0.00616513 0.00158302
v 0.00342465 -0.00619031 0.00177041
v 0.00334209 -0.00624564 0.00245615
v 0.00333961 -0.00624697 0.00316003
v 0.00315575 -0.00636487 0.00392239
v 0.00249695 -0.00673082 0.00405625
v 0.00288565 -0.00652543 0.00398366
v 0.00274700 -0.00658868 0.00405626
v -0.00734053 -0.00227213 0.00707485
v 0.00133801 -0.00570431 0.00940000
v 0.00202981 -0.00694093 0.00413347
v 0.00127269 -0.00720454 0.00425125
v 0.00081510 -0.00590276 0.00939999
v 0.00049356 -0.00738547 0.00436398
v 0.00014395 -0.00608001 0.00940000
v -0.00028591 -0.00748143 0.00446843
v -0.00047529 -0.00617241 0.00940000
v -0.00107587 -0.00749529 0.00456574
v -0.00179342 -0.00615376 0.00940000
v -0.00194521 -0.00741387 0.00466327
v -0.00307567 -0.00584771 0.00940000
v -0.00391270 -0.00547304 0.00940000
v -0.00415849 -0.00602848 0.00713991
v -0.00279941 -0.00723189 0.00474900
v -0.00362686 -0.00695171 0.00482174
v -0.00439814 -0.00658704 0.00487900
v -0.00583071 -0.00180391 0.02390448
v -0.00582103 -0.00185144 0.02384239
v -0.00584164 -0.00228399 0.02219422
v -0.00578643 -0.00229409 0.02265779
v -0.00576883 -0.00224390 0.02298664
v -0.00576734 -0.00221134 0.02311295
v -0.00578508 -0.00204293 0.02353512
v -0.00606989 -0.00170000 0.02157926
v -0.00612513 -0.00170000 0.02092509
v -0.00605792 -0.00189932 0.02117668
v -0.00602559 -0.00198019 0.02130359
v -0.00592562 -0.00217901 0.02173579
v -0.00586603 -0.00226066 0.02204524
v -0.00607746 -0.00039824 0.02393333
v -0.00583721 -0.00177225 0.02394354
v -0.00594002 -0.00140264 0.02393937
v -0.00603843 -0.00109782 0.02343511
v -0.00600823 -0.00106711 0.02393635
v -0.00607249 -0.00078891 0.02356796
v -0.00609867 -0.00029006 0.02366123
v -0.00609934 -0.00010841 0.02366135
v 0.00005834 -0.00578738 0.01120960
v -0.00078255 -0.00583216 0.01254732
v -0.00024186 -0.00589800 0.01116650
v 0.00082284 -0.00572390 0.01014226
v 0.00053284 -0.00575020 0.01052921
v -0.00010484 -0.00592386 0.01077274
v -0.00004507 -0.00593641 0.01059606
v -0.00055871 -0.00611600 0.01002666
v -0.00024871 -0.00604125 0.01022707
v -0.00000704 -0.00594512 0.01048039
v -0.00101161 -0.00616738 0.00984351
v -0.00155398 -0.00616379 0.00970324
v -0.00216094 -0.00608973 0.00959573
v -0.00282293 -0.00592948 0.00950792
v -0.00347871 -0.00568541 0.00943935
v -0.00223405 -0.00230592 0.01544526
v -0.00223450 -0.00030000 0.01544524
v -0.00229664 -0.00030000 0.01560929
v -0.00211712 -0.00450000 0.01515507
v -0.00211712 -0.00430029 0.01515506
v -0.00226784 -0.00571702 0.01553904
v -0.00217559 -0.00430030 0.01530005
v -0.00223270 -0.00430032 0.01544491
v -0.00171127 -0.00450006 0.01426062
v -0.00181639 -0.00577690 0.01448177
v -0.00146434 -0.00450001 0.01377128
v -0.00146329 -0.00580558 0.01377139
v -0.00111783 -0.00450003 0.01312973
v -0.00121534 -0.00581884 0.01330805
v -0.00025936 -0.00450025 0.01169346
v 0.00054488 -0.00450006 0.01051125
v -0.00260832 -0.00029999 0.01658066
v -0.00257710 -0.00563596 0.01647485
v -0.00280850 -0.00552303 0.01746623
v -0.00283945 -0.00029999 0.01762944
v -0.00283952 -0.00550142 0.01763824
v -0.00296657 -0.00537953 0.01855341
v -0.00297654 -0.00030000 0.01863639
v -0.00306069 -0.00520101 0.01980956
v -0.00300167 -0.00023258 0.01890024
v -0.00301769 -0.00005606 0.01909337
v -0.00302419 0.00016161 0.01917925
v -0.00303098 0.00054964 0.01927856
v -0.00304251 0.00092469 0.01945126
v -0.00305722 0.00129000 0.01971406
v -0.00307246 0.00161518 0.02007048
v -0.00308533 0.00185862 0.02049192
v -0.00309311 0.00199708 0.02091490
v -0.00309678 0.00205000 0.02139905
v -0.00309593 0.00200327 0.02185619
v -0.00309210 0.00186877 0.02228468
v -0.00308645 0.00165066 0.02267967
v -0.00306241 0.00140719 0.01982537
v -0.00308745 -0.00480488 0.02259129
v -0.00308891 -0.00507359 0.02069038
v -0.00309640 -0.00495191 0.02153812
v -0.00308037 0.00136203 0.02301943
v -0.00307496 0.00101930 0.02329098
v -0.00307055 0.00063383 0.02348979
v -0.00306035 -0.00456527 0.02391597
v -0.00306321 -0.00462624 0.02378951
v -0.00305636 -0.00445474 0.02409430
v -0.00306503 -0.00465923 0.02370904
v -0.00364675 -0.00423283 0.02433540
v -0.00369286 -0.00428241 0.02429116
v -0.00343500 -0.00445489 0.02409410
v -0.00358240 -0.00419525 0.02436609
v -0.00333668 -0.00451377 0.02400575
v -0.00572858 -0.00139405 0.02430641
v -0.00549220 -0.00210802 0.02430807
v -0.00530493 -0.00225757 0.02436697
v -0.00414810 -0.00378121 0.02436849
v -0.00393504 -0.00412356 0.02429026
v -0.00407996 -0.00401560 0.02429045
v -0.00439857 -0.00373945 0.02429249
v -0.00482065 -0.00327129 0.02429825
v -0.00479474 -0.00309686 0.02436817
v -0.00489525 -0.00317330 0.02429946
v -0.00518606 -0.00273067 0.02430435
v -0.00563049 -0.00132924 0.02436577
v -0.00578509 -0.00136585 0.02426714
v -0.00574161 -0.00141016 0.02429407
v -0.00589425 -0.00139173 0.02411393
v -0.00582829 -0.00158422 0.02414450
v -0.00583783 -0.00177055 0.02394575
v -0.00576066 -0.00038592 0.02436522
v -0.00592019 -0.00039213 0.02426508
v -0.00603192 -0.00039648 0.02410977
v -0.00672355 -0.00170000 0.02092445
v -0.00673372 -0.00170000 0.02079578
v -0.00674376 -0.00170000 0.02066686
v -0.00676374 -0.00167031 0.02048858
v -0.00679281 -0.00158542 0.02033084
v -0.00692422 -0.00098375 0.01983532
v -0.00687005 -0.00127577 0.02001971
v -0.00663969 0.00006440 0.02312966
v -0.00663531 0.00012423 0.02311933
v -0.00655091 0.00072835 0.02288338
v -0.00652106 0.00087259 0.02278269
v -0.00645085 0.00118217 0.02247315
v -0.00641332 0.00137099 0.02217045
v -0.00640340 0.00148390 0.02187726
v -0.00663661 -0.00051118 0.02312237
v -0.00662466 -0.00063543 0.02309476
v -0.00654547 -0.00113274 0.02287911
v -0.00680458 -0.00154420 0.02027945
v -0.00697268 -0.00061340 0.01969953
v -0.00700338 -0.00020711 0.01965002
v -0.00701139 0.00018018 0.01969180
v -0.00700097 0.00051771 0.01980394
v -0.00697145 0.00086941 0.02001477
v -0.00644109 0.00154987 0.02139948
v -0.00645475 0.00154737 0.02131102
v -0.00661370 0.00137162 0.02063026
v -0.00688277 0.00137151 0.02063003
v -0.00692763 0.00116761 0.02030814
v -0.00607335 -0.00121415 0.02315795
v -0.00614048 -0.00055020 0.02343359
v -0.00599723 0.00135815 0.02263611
v -0.00588700 0.00183997 0.02194631
v -0.00596554 0.00169324 0.02193686
v -0.00593819 0.00191998 0.02121154
v -0.00602351 0.00176600 0.02116193
v -0.00594450 0.00190833 0.02119384
v -0.00607674 0.00170806 0.02093687
v -0.00607984 0.00032014 0.02358905
v -0.00614039 0.00015446 0.02343167
v -0.00601442 0.00090516 0.02331017
v -0.00607756 0.00081855 0.02315582
v -0.00600096 0.00099664 0.02324359
v -0.00591984 0.00149846 0.02270583
v -0.00615053 -0.00019799 0.02346827
v -0.00635993 -0.00111679 0.02292928
v -0.00629689 0.00156762 0.02121694
v -0.00646523 0.00140177 0.02065299
v -0.00623708 0.00150829 0.02188618
v -0.00627428 0.00120770 0.02248687
v -0.00636403 0.00072019 0.02292821
v -0.00619467 -0.00114992 0.02302288
v -0.00626130 -0.00052694 0.02326954
v -0.00627845 0.00150920 0.02074138
v -0.00614401 0.00164444 0.02118936
v -0.00608632 0.00158041 0.02190565
v -0.00611861 0.00126363 0.02254918
v -0.00619902 0.00075333 0.02302159
v -0.00626125 0.00013055 0.02326809
v -0.00643460 -0.00051677 0.02316031
v -0.00643438 0.00012002 0.02315910
v -0.00583661 0.00199783 0.02188168
v -0.00586721 0.00204972 0.02143514
v -0.00590260 0.00198795 0.02132145
v -0.00599486 0.00100110 0.02330259
v -0.00593497 0.00133383 0.02304616
v -0.00587709 0.00163547 0.02270137
v -0.00584055 0.00186373 0.02229638
v -0.00605603 0.00056756 0.02351502
v -0.00377692 0.00427113 0.02201743
v -0.00097927 0.00537782 0.01197836
v -0.00188801 0.00535482 0.01364950
v -0.00338845 0.00524314 0.01080683
v -0.00664344 0.00186801 0.01002900
v -0.00552087 0.00373934 0.01044031
v -0.00574894 0.00346638 0.01036852
v -0.00592640 0.00322850 0.01030999
v -0.00646523 0.00229543 0.01011074
v -0.00632007 0.00258838 0.01016929
v -0.00698465 0.00049302 0.00977145
v -0.00690214 0.00097810 0.00986154
v -0.00684755 0.00121347 0.00990588
v -0.00439185 0.00474800 0.01248078
v -0.00274298 0.00544770 0.01074617
v -0.00207820 0.00556622 0.01068674
v -0.00140460 0.00559824 0.01062973
v -0.00007185 0.00540919 0.01052780
v -0.00371451 0.00475908 0.01838686
v -0.00378080 0.00458049 0.01955164
v -0.00439937 0.00391250 0.02200293
v -0.00494624 0.00342396 0.02200917
v -0.00540380 0.00282229 0.02202947
v -0.00566222 0.00279110 0.02035971
v -0.00565707 0.00262001 0.02107229
v -0.00564553 0.00252505 0.02152326
v -0.00557816 0.00228096 0.02296656
v -0.00502797 0.00379395 0.01973227
v -0.00554769 0.00338770 0.01854358
v -0.00551034 0.00316316 0.01987610
v -0.00563177 0.00307517 0.01938977
v -0.00481099 0.00451701 0.01595105
v -0.00513618 0.00415109 0.01687212
v -0.00488877 0.00439938 0.01671571
v -0.00540512 0.00371797 0.01780392
v -0.00389328 0.00509108 0.01398155
v -0.00425973 0.00490127 0.01403768
v -0.00436216 0.00485378 0.01459504
v -0.00437210 0.00483237 0.01571492
v -0.00452493 0.00475100 0.01515469
v -0.00474818 0.00457282 0.01582289
v -0.00331650 0.00527020 0.01229502
v -0.00386902 0.00504680 0.01238734
v -0.00424251 0.00488986 0.01349920
v -0.00430028 0.00483180 0.01301771
v -0.00442947 0.00472672 0.01258178
v -0.00463480 0.00456173 0.01216203
v -0.00497121 0.00427094 0.01156652
v -0.00521548 0.00404420 0.01103547
v -0.00539221 0.00387994 0.01047168
v -0.00417934 0.00486766 0.01651312
v -0.00498090 0.00420464 0.01765100
v -0.00432632 0.00467881 0.01746238
v -0.00358417 0.00493796 0.01733337
v -0.00338394 0.00510032 0.01636640
v -0.00266290 0.00523593 0.01540578
v -0.00441353 0.00447560 0.01848935
v -0.00444639 0.00427309 0.01961685
v -0.00274294 0.00541514 0.01220590
v -0.00215676 0.00548075 0.01212205
v -0.00341143 0.00526542 0.01388320
v -0.00291261 0.00536752 0.01379329
v -0.00397145 0.00503012 0.01561591
v -0.00355034 0.00516391 0.01552917
v -0.00311281 0.00523282 0.01545801
v -0.00240281 0.00539732 0.01371449
v -0.00156614 0.00546797 0.01204550
v -0.00073241 0.00554534 0.01057635
v -0.00624271 0.00016161 0.01917924
v -0.00621877 0.00060913 0.01930052
v -0.00617316 0.00100155 0.01949768
v -0.00610389 0.00137551 0.01979368
v -0.00602198 0.00168109 0.02016550
v -0.00593961 0.00189814 0.02058741
v -0.00586835 0.00202030 0.02103564
v -0.00582220 0.00204972 0.02143516
v -0.00627283 -0.00030000 0.01863640
v -0.00625951 -0.00024979 0.01886599
v -0.00625015 -0.00008972 0.01906893
v -0.00624519 0.00005067 0.01914900
v -0.00624790 -0.00005140 0.01909649
v -0.00376043 -0.00030000 0.01640374
v -0.00397167 -0.00030000 0.01621046
v -0.00432915 -0.00030000 0.01793451
v -0.00356235 -0.00030000 0.01684734
v -0.00360947 -0.00030000 0.01733086
v -0.00388948 -0.00030000 0.01772786
v -0.00473816 -0.00030000 0.01608033
v -0.00473762 -0.00030000 0.01536988
v -0.00513832 -0.00030000 0.01629641
v -0.00595626 -0.00029999 0.01590778
v -0.00540270 -0.00030000 0.01670399
v -0.00597426 -0.00030005 0.01591598
v -0.00481350 -0.00030000 0.01789678
v -0.00521586 -0.00030000 0.01762454
v -0.00634875 -0.00030000 0.01748761
v -0.00543102 -0.00030000 0.01718897
v -0.00642557 -0.00030000 0.01633428
v -0.00623284 -0.00030056 0.01609105
v -0.00585294 -0.00145952 0.01586218
v -0.00611900 -0.00151569 0.01603753
v -0.00631756 -0.00132840 0.01624949
v -0.00641218 -0.00053080 0.01632181
v -0.00592211 -0.00277323 0.01602499
v -0.00615023 -0.00208371 0.01614697
v -0.00627568 -0.00155469 0.01622196
v -0.00451007 -0.00450000 0.01528617
v -0.00486691 -0.00450000 0.01554023
v -0.00486168 -0.00438440 0.01549084
v -0.00526715 -0.00400768 0.01571137
v -0.00525630 -0.00387659 0.01566046
v -0.00561765 -0.00343823 0.01587450
v -0.00556701 -0.00332125 0.01579551
v -0.00580947 -0.00273687 0.01590152
v -0.00555804 -0.00262118 0.01573201
v -0.00532858 -0.00316978 0.01563073
v -0.00503692 -0.00368283 0.01550198
v -0.00467259 -0.00413752 0.01534116
v -0.00423309 -0.00450000 0.01514716
v -0.00445585 -0.00449991 0.01219187
v -0.00476202 -0.00450000 0.01209794
v -0.00481337 -0.00450000 0.01423482
v -0.00254891 -0.00450000 0.01446449
v -0.00232360 -0.00450000 0.01453373
v -0.00208071 -0.00450000 0.01492218
v -0.00215505 -0.00450000 0.01469850
v -0.00407821 -0.00450001 0.01220391
v -0.00368317 -0.00449999 0.01213248
v -0.00278091 -0.00450000 0.01450615
v -0.00565138 -0.00149320 0.01297827
v -0.00432427 -0.00445868 0.01222916
v -0.00479148 -0.00398396 0.01242928
v -0.00409462 -0.00423823 0.01229518
v -0.00629776 -0.00020034 0.01294873
v -0.00645112 -0.00020027 0.01285919
v -0.00639629 -0.00091066 0.01285238
v -0.00667240 -0.00020000 0.01264116
v -0.00556010 -0.00020008 0.01299476
v -0.00575804 -0.00084919 0.01302524
v -0.00586797 -0.00020028 0.01304427
v -0.00453307 -0.00378778 0.01248709
v -0.00660915 -0.00089334 0.01265894
v -0.00646351 -0.00160644 0.01264529
v -0.00627916 -0.00161511 0.01280154
v -0.00625744 -0.00225115 0.01260077
v -0.00608455 -0.00230171 0.01271736
v -0.00594784 -0.00294348 0.01251169
v -0.00581222 -0.00295895 0.01260023
v -0.00560294 -0.00352328 0.01239763
v -0.00546293 -0.00357429 0.01245139
v -0.00519509 -0.00405498 0.01225451
v -0.00503977 -0.00413509 0.01227320
v -0.00617383 -0.00020035 0.01299736
v -0.00609140 -0.00088412 0.01299345
v -0.00597876 -0.00156245 0.01294416
v -0.00579180 -0.00222317 0.01286248
v -0.00553052 -0.00285499 0.01274866
v -0.00519600 -0.00344588 0.01260361
v -0.00547459 -0.00212000 0.01290046
v -0.00522798 -0.00271870 0.01279201
v -0.00491303 -0.00327818 0.01265369
v -0.00368953 -0.00025000 0.01641422
v -0.00391800 -0.00025000 0.01618681
v -0.00544356 -0.00025000 0.01666881
v -0.00435636 -0.00025000 0.01798962
v -0.00486067 -0.00025000 0.01793269
v -0.00635216 -0.00025000 0.01746483
v -0.00548463 -0.00025000 0.01717466
v -0.00527208 -0.00025000 0.01763552
v -0.00388905 -0.00025000 0.01779166
v -0.00357910 -0.00025000 0.01738980
v -0.00350635 -0.00025000 0.01688753
v -0.00473764 -0.00025000 0.01536988
v -0.00473814 -0.00025000 0.01602877
v -0.00515946 -0.00025000 0.01624827
v -0.00424057 0.00376952 0.01232640
v -0.00466755 0.00332412 0.01251191
v -0.00499301 0.00354950 0.01238933
v -0.00527844 0.00368890 0.01212307
v -0.00575336 0.00106780 0.01298667
v -0.00667392 0.00007961 0.01262960
v -0.00667606 -0.00000152 0.01263448
v -0.00659961 0.00049694 0.01267439
v -0.00667514 -0.00010077 0.01263644
v -0.00566941 0.00342885 0.01194115
v -0.00569418 0.00313020 0.01229209
v -0.00600071 0.00286946 0.01214962
v -0.00603862 0.00251973 0.01243483
v -0.00629487 0.00219759 0.01233977
v -0.00630502 0.00186949 0.01254716
v -0.00650121 0.00150710 0.01247740
v -0.00649104 0.00119134 0.01262694
v -0.00657099 0.00117256 0.01252681
v -0.00662887 0.00078709 0.01257221
v -0.00539217 0.00301328 0.01255794
v -0.00572341 0.00242620 0.01269926
v -0.00598002 0.00179967 0.01280976
v -0.00615952 0.00114517 0.01288774
v -0.00626448 0.00047422 0.01293383
v -0.00503805 0.00282134 0.01267338
v -0.00534594 0.00227103 0.01280794
v -0.00558521 0.00168307 0.01291278
v -0.00025267 0.00271800 0.00888667
v -0.00027445 0.00272263 0.00891103
v -0.00035149 0.00274464 0.00899823
v -0.00473825 -0.00014389 0.01613845
v -0.00473835 -0.00005000 0.01623633
v -0.00502757 -0.00005000 0.01639861
v -0.00403968 -0.00013819 0.01624040
v -0.00506084 -0.00005000 0.01642951
v -0.00525485 -0.00005000 0.01673505
v -0.00526739 -0.00005000 0.01677393
v -0.00414105 -0.00005000 0.01628505
v -0.00385163 -0.00005000 0.01653137
v -0.00370508 -0.00005000 0.01691002
v -0.00376328 -0.00005000 0.01731183
v -0.00401124 -0.00005000 0.01763333
v -0.00438509 -0.00005000 0.01779171
v -0.00478854 -0.00005000 0.01774615
v -0.00511767 -0.00005000 0.01750841
v -0.00528056 -0.00005000 0.01717531
v -0.00528770 -0.00005000 0.01713973
v -0.00385422 0.00112071 0.01652781
v -0.00414120 0.00112071 0.01628497
v -0.00473866 0.00112071 0.01623643
v -0.00506084 0.00112071 0.01642951
v -0.00526739 0.00112071 0.01677393
v -0.00370614 0.00112071 0.01690110
v -0.00375811 0.00112071 0.01729933
v -0.00399705 0.00112071 0.01762213
v -0.00436274 0.00112071 0.01778813
v -0.00476302 0.00112071 0.01775552
v -0.00509701 0.00112071 0.01753252
v -0.00528056 0.00112071 0.01717531
v -0.00473879 0.00124607 0.01636904
v -0.00473891 0.00135000 0.01648169
v -0.00490010 0.00135000 0.01659302
v -0.00447060 0.00135000 0.01643004
v -0.00432766 0.00126476 0.01636709
v -0.00426105 0.00135000 0.01648172
v -0.00403931 0.00135000 0.01666315
v -0.00393367 0.00135000 0.01692945
v -0.00397075 0.00135000 0.01721354
v -0.00414120 0.00135000 0.01744381
v -0.00440208 0.00135000 0.01756224
v -0.00468763 0.00135000 0.01753898
v -0.00492590 0.00135000 0.01737989
v -0.00505684 0.00135000 0.01712506
v -0.00504745 0.00135000 0.01683872
v -0.00473896 0.00135000 0.01654826
v -0.00473827 0.00209901 0.01537015
v -0.00459888 0.00283301 0.01530862
v -0.00419976 0.00346466 0.01513245
v -0.00409776 -0.00018700 0.01626600
v -0.00473827 -0.00019343 0.01619092
v -0.00214513 -0.00430030 0.01471507
v -0.00208001 -0.00430028 0.01493181
v -0.00251050 -0.00430040 0.01446829
v -0.00229915 -0.00430034 0.01454923
v -0.00278091 -0.00429996 0.01450616
v -0.00275860 -0.00430033 0.01449695
v -0.00273588 -0.00430045 0.01448883
v -0.00254891 -0.00430041 0.01446448
v -0.00342838 -0.00417703 0.01479195
v -0.00415072 -0.00371505 0.01511081
v -0.00473709 -0.00230099 0.01536964
v -0.00461324 -0.00299319 0.01531497
v -0.00635490 0.00261266 0.02328285
v -0.00651618 0.00203307 0.02354816
v -0.00650566 0.00204160 0.02353183
v -0.00625924 0.00289952 0.02310905
v -0.00618409 0.00310564 0.02296272
v -0.00600773 0.00354094 0.02258095
v -0.00579764 0.00399869 0.02204514
v -0.00568911 0.00421638 0.02172964
v -0.00510318 0.00523648 0.01955017
v -0.00535731 0.00482299 0.02059112
v -0.00558320 0.00441892 0.02139477
v -0.00733143 0.00141025 0.01494492
v -0.00733606 0.00139651 0.01494149
v -0.00711054 -0.00193078 0.01516082
v -0.00701839 -0.00244600 0.01516263
v -0.00712520 -0.00194535 0.01509151
v -0.00716463 -0.00194185 0.01503219
v -0.00723136 -0.00149813 0.01498358
v -0.00724510 -0.00126552 0.01498656
v -0.00725559 -0.00100575 0.01501131
v -0.00726402 -0.00084941 0.01503264
v -0.00692069 0.00279761 0.01524246
v -0.00691703 0.00279606 0.01524251
v -0.00711796 0.00211478 0.01507766
v -0.00721636 0.00177570 0.01500848
v -0.00684820 0.00277766 0.01620750
v -0.00686475 0.00277729 0.01578125
v -0.00682909 0.00276296 0.01620653
v -0.00682934 0.00276375 0.01622198
v -0.00681176 0.00274615 0.01620745
v -0.00690669 0.00279146 0.01526031
v -0.00689120 0.00278353 0.01529974
v -0.00688257 0.00277833 0.01535779
v -0.00735279 0.00041840 0.01583027
v -0.00706312 -0.00199722 0.01576666
v -0.00713174 -0.00198556 0.01592323
v -0.00708903 -0.00198556 0.01586963
v -0.00706571 -0.00199176 0.01580295
v -0.00719174 -0.00199185 0.01596045
v -0.00735675 -0.00080317 0.01582891
v -0.00717175 0.00162795 0.01596702
v -0.00698273 0.00233035 0.01610972
v -0.00707700 0.00196307 0.01602405
v -0.00721712 0.00116128 0.01587426
v -0.00729076 0.00041591 0.01579279
v -0.00727517 0.00035949 0.01576961
v -0.00725626 -0.00041139 0.01569173
v -0.00709673 -0.00182780 0.01573891
v -0.00722773 -0.00080544 0.01562934
v -0.00722902 -0.00080344 0.01566698
v -0.00723616 -0.00066618 0.01562213
v -0.00729462 -0.00080102 0.01579134
v -0.00725125 -0.00080113 0.01573612
v -0.00723897 -0.00062286 0.01565385
v -0.00723605 -0.00065974 0.01563545
v -0.00725367 -0.00065794 0.01536242
v -0.00726736 -0.00068168 0.01509572
v 0.00493433 0.00482251 0.00179689
v 0.00571042 0.00453977 0.00365595
v 0.00493200 0.00482251 0.00488605
v 0.00648167 0.00425872 0.00572161
v 0.00433910 0.00503782 0.00598401
v 0.00504373 0.00478146 0.00641026
v 0.00376896 0.00524492 0.00688270
v 0.00362760 0.00520867 0.00732849
v 0.00361812 0.00525762 0.00721192
v 0.00512491 0.00471289 0.00665823
v 0.00366687 0.00527192 0.00705440
v 0.00562772 0.00398448 0.00703426
v 0.00517202 0.00417016 0.00722952
v 0.00519145 0.00439582 0.00708314
v 0.00418857 0.00456887 0.00759122
v 0.00389153 0.00489039 0.00754825
v 0.00369965 0.00510584 0.00744200
v 0.00517550 0.00458139 0.00688818
v 0.00658467 0.00417721 0.00597606
v 0.00662474 0.00410569 0.00610281
v 0.00665142 0.00402588 0.00620966
v 0.00667599 0.00381625 0.00640300
v 0.00665691 0.00356603 0.00654091
v 0.00383273 -0.00161408 0.00888976
v 0.00562987 -0.00398088 0.00703425
v 0.00336062 -0.00260208 0.00888940
v 0.00517419 -0.00416685 0.00722955
v 0.00276138 -0.00337877 0.00888895
v 0.00419103 -0.00456606 0.00759122
v 0.00314503 -0.00443384 0.00817195
v 0.00328381 -0.00489884 0.00786223
v 0.00333896 -0.00510475 0.00772652
v 0.00372235 -0.00503198 0.00759086
v 0.00339061 -0.00531230 0.00759062
v 0.00383186 0.00161670 0.00888976
v 0.00335922 0.00260445 0.00888940
v 0.00275957 0.00338081 0.00888894
v 0.00311648 0.00435533 0.00822645
v 0.00332430 0.00506127 0.00775664
v 0.00338776 0.00531468 0.00759062
v 0.00665882 -0.00356189 0.00654091
v 0.00700625 -0.00271560 0.00654116
v 0.00710327 -0.00241820 0.00654124
v 0.00407463 -0.00054613 0.00888994
v 0.00737378 -0.00122137 0.00654145
v 0.00737312 0.00122590 0.00654145
v 0.00741273 0.00092340 0.00654148
v 0.00407434 0.00054888 0.00888993
v 0.00746439 0.00000229 0.00654150
v 0.00741322 -0.00091886 0.00654146
v 0.00710197 0.00242258 0.00654124
v 0.00700479 0.00271992 0.00654116
v 0.00275938 0.00410102 0.00888895
v 0.00245210 0.00538031 0.00938311
v 0.00265582 0.00535314 0.00906082
v 0.00293902 0.00531978 0.00857099
v 0.00305387 0.00531055 0.00835213
v 0.00327489 0.00530536 0.00787692
v 0.00167526 0.00410073 0.01048166
v 0.00167489 0.00545846 0.01048167
v 0.00179430 0.00410076 0.01032336
v 0.00230047 0.00410090 0.00961194
v -0.00648547 0.00110111 0.01417197
v -0.00538886 0.00377819 0.01389207
v -0.00570655 0.00330327 0.01396492
v -0.00576492 0.00317759 0.01512273
v -0.00597709 0.00279161 0.01403089
v -0.00619736 0.00224906 0.01408841
v -0.00658375 -0.00005149 0.01400009
v -0.00658589 -0.00002650 0.01400014
v -0.00658499 -0.00000149 0.01400000
v -0.00618241 0.00215297 0.01526325
v 0.00265867 -0.00489901 0.00906065
v 0.00263386 -0.00535547 0.00910121
v 0.00225886 -0.00540128 0.00967690
v 0.00167768 -0.00489927 0.01048167
v 0.00194567 -0.00543548 0.01012104
v 0.00167783 -0.00545699 0.01048168
v 0.00309699 -0.00530657 0.00827159
v 0.00388454 -0.00489780 0.00754554
v 0.00367965 -0.00526825 0.00703391
v 0.00362152 -0.00525632 0.00720784
v 0.00512737 -0.00470960 0.00665827
v 0.00362951 -0.00520803 0.00732575
v 0.00517788 -0.00457807 0.00688820
v 0.00648396 -0.00425468 0.00572162
v 0.00504622 -0.00477822 0.00641030
v 0.00377178 -0.00524233 0.00688269
v 0.00371652 -0.00508623 0.00745485
v 0.00519374 -0.00439250 0.00708318
v 0.00658691 -0.00417311 0.00597606
v 0.00665358 -0.00402174 0.00620966
v 0.00667804 -0.00381209 0.00640300
v 0.00493693 -0.00481930 0.00179689
v 0.00493459 -0.00481930 0.00488605
v 0.00571286 -0.00453613 0.00365595
v 0.00434181 -0.00503493 0.00598401
v 0.00600093 -0.00435955 0.00351762
v 0.00494347 -0.00481167 0.00158413
v 0.00517046 -0.00467237 0.00158435
v 0.00540154 -0.00443340 0.00158449
v 0.00620593 -0.00408232 0.00339750
v 0.00680169 -0.00405163 0.00558118
v 0.00701381 -0.00373072 0.00546320
v 0.00403419 -0.00686279 0.00158346
v 0.00386429 -0.00694399 0.00158332
v 0.00368697 -0.00700717 0.00158319
v 0.00270001 -0.00725180 0.00158244
v 0.00118145 -0.00746745 0.00158130
v 0.00426396 -0.00671555 0.00158362
v 0.00461134 -0.00643842 0.00158389
v 0.00519424 0.00465476 0.00158438
v 0.00494088 0.00481489 0.00158413
v 0.00548293 0.00558976 0.00158455
v 0.00484733 0.00492447 0.00158407
v 0.00460787 0.00644146 0.00158389
v 0.00359639 0.00606948 0.00158313
v 0.00426035 0.00671840 0.00158362
v 0.00403050 0.00686552 0.00158345
v 0.00212018 0.00690417 0.00158200
v 0.00368320 0.00700972 0.00158320
v 0.00386056 0.00694663 0.00158333
v -0.00047810 0.00749274 0.00158004
v -0.00047811 0.00752335 0.00158004
v 0.00049419 0.00738588 0.00158078
v 0.00063762 0.00750449 0.00158088
v 0.00218327 0.00734653 0.00158206
v 0.00421234 -0.00557046 0.00158358
v 0.00548594 -0.00558625 0.00158455
v 0.00622802 -0.00461650 0.00158511
v 0.00682197 -0.00354957 0.00158556
v 0.00591324 -0.00361066 0.00158487
v 0.00725529 -0.00240792 0.00158589
v 0.00649050 -0.00222310 0.00158531
v 0.00751885 -0.00121559 0.00158609
v 0.00678463 -0.00074932 0.00158554
v 0.00539915 0.00443686 0.00158449
v 0.00622554 0.00462041 0.00158511
v 0.00591130 0.00361440 0.00158488
v 0.00682007 0.00355379 0.00158556
v 0.00648930 0.00222715 0.00158531
v 0.00725400 0.00241238 0.00158589
v 0.00678423 0.00075352 0.00158553
v 0.00751820 0.00122020 0.00158609
v 0.00760710 0.00000232 0.00158615
v 0.00620373 0.00408622 0.00339750
v 0.00679951 0.00405585 0.00558119
v 0.00599858 0.00436333 0.00351762
v 0.00701180 0.00373505 0.00546319
v 0.00672173 0.00410217 0.00594048
v 0.00676161 0.00410219 0.00572101
v 0.00698076 0.00386019 0.00572089
v 0.00703272 0.00374518 0.00586697
v 0.00692684 0.00386017 0.00601767
v 0.00690760 0.00368559 0.00624692
v 0.00677166 0.00386013 0.00627633
v 0.00778491 0.00128749 0.00586753
v 0.00750014 0.00254428 0.00586731
v 0.00747796 0.00253740 0.00546356
v 0.00736893 -0.00249928 0.00624726
v 0.00764850 -0.00126233 0.00624748
v 0.00774215 0.00000236 0.00624755
v 0.00764782 0.00126700 0.00624748
v 0.00736758 0.00250380 0.00624726
v 0.00788076 0.00000240 0.00586761
v 0.00778560 -0.00128274 0.00586754
v 0.00690958 -0.00368131 0.00624692
v 0.00750151 -0.00253969 0.00586732
v 0.00703473 -0.00374084 0.00586696
v 0.00747932 -0.00253282 0.00546355
v 0.00776265 -0.00127927 0.00546376
v 0.00776196 0.00128400 0.00546376
v 0.00781519 0.00085611 0.00546380
v 0.00785755 0.00000239 0.00546384
v 0.00781565 -0.00085135 0.00546380
v 0.00276163 -0.00429898 0.00888895
v 0.00167752 -0.00429927 0.01048168
v 0.00179655 -0.00429924 0.01032335
v 0.00230273 -0.00429910 0.00961195
v 0.00276132 -0.00315204 0.00888895
v 0.00197783 -0.00309919 0.00888836
v -0.00025110 -0.00309979 0.00888667
v 0.00197622 0.00290081 0.00888836
v 0.00275968 0.00295408 0.00888894
v 0.00196037 0.00356307 0.01009743
v 0.00185696 0.00376690 0.01023889
v 0.00180129 0.00398805 0.01031401
v 0.00216125 0.00331959 0.00981490
v 0.00244920 0.00309837 0.00938849
v 0.00223871 0.00324951 0.00970294
v -0.00286744 0.00223788 0.02194863
v -0.00286554 0.00479167 0.02180449
v -0.00286498 0.00219862 0.02180450
v -0.00282109 0.00490627 0.02060269
v -0.00285466 0.00200960 0.02136042
v -0.00287218 0.00226628 0.02286896
v -0.00286517 0.00465307 0.02366839
v -0.00287201 0.00229956 0.02241396
v -0.00287182 0.00474951 0.02230683
v -0.00287028 0.00476387 0.02213082
v -0.00282868 0.00394972 0.02547826
v -0.00283032 0.00405646 0.02539271
v -0.00285714 0.00163557 0.02409483
v -0.00283358 0.00420754 0.02523386
v -0.00283960 0.00438433 0.02495640
v -0.00286885 0.00213893 0.02332490
v -0.00286359 0.00193425 0.02372452
v -0.00285512 0.00462225 0.02422853
v -0.00285474 0.00462070 0.02425807
v -0.00285209 0.00134062 0.02434679
v -0.00284710 0.00093796 0.02457810
v -0.00282761 -0.00005048 0.02547826
v -0.00284368 0.00047137 0.02472940
v -0.00284265 -0.00000048 0.02477825
v -0.00283246 -0.00005048 0.02523749
v -0.00284263 -0.00005048 0.02477771
v -0.00279559 0.00046217 0.02022530
v -0.00279837 0.00061452 0.02026203
v -0.00276568 0.00498691 0.01986328
v -0.00279197 -0.00010047 0.02018047
v -0.00279239 0.00017301 0.02018485
v -0.00276447 -0.00010047 0.01986280
v -0.00281063 0.00105592 0.02043524
v -0.00282509 0.00142526 0.02067348
v -0.00283954 0.00173213 0.02096561
v -0.00271170 0.00504522 0.01937045
v -0.00261192 -0.00010042 0.01870787
v -0.00253414 0.00517846 0.01829920
v -0.00237999 -0.00010036 0.01765928
v -0.00226484 0.00529840 0.01726628
v -0.00206758 -0.00010029 0.01668813
v -0.00133960 -0.00180938 0.01505121
v -0.00188836 -0.00220022 0.01623347
v -0.00188867 -0.00010023 0.01623359
v -0.00188590 -0.00430023 0.01623437
v -0.00162498 -0.00430016 0.01563721
v -0.00133937 -0.00430008 0.01505139
v -0.00133720 0.00409992 0.01504945
v -0.00193524 0.00537921 0.01635456
v -0.00149440 0.00542921 0.01537248
v -0.00132856 0.00409996 0.01503249
v -0.00206773 0.00535258 0.01669385
v -0.00123216 0.00543845 0.01485107
v -0.00111155 0.00543927 0.01462199
v -0.00064829 0.00410530 0.01379018
v -0.00082055 0.00543487 0.01409201
v -0.00023670 0.00410189 0.01310493
v -0.00035682 0.00541870 0.01330106
v 0.00019250 0.00410025 0.01243389
v 0.00040643 0.00539173 0.01211993
v 0.00099074 0.00409898 0.01130537
v 0.00107105 0.00540239 0.01120379
v 0.00076569 0.00539124 0.01161106
v -0.00341814 0.00403503 0.02541081
v -0.00334694 0.00399503 0.02544439
v -0.00406880 0.00344980 0.02544531
v -0.00328471 0.00397282 0.02546081
v -0.00305846 0.00394966 0.02547809
v -0.00325643 0.00384101 0.02547795
v -0.00562745 -0.00005126 0.02539806
v -0.00570113 -0.00005127 0.02534126
v -0.00562255 0.00088484 0.02534284
v -0.00578645 -0.00005127 0.02523525
v -0.00579700 -0.00005132 0.02521729
v -0.00573262 0.00090430 0.02518936
v -0.00546634 0.00085728 0.02544185
v -0.00528833 0.00082587 0.02547640
v -0.00554164 -0.00005123 0.02544144
v -0.00536114 -0.00000116 0.02547635
v -0.00541422 -0.00005118 0.02547323
v -0.00535969 -0.00005116 0.02547635
v -0.00347367 0.00410678 0.02534480
v -0.00585831 -0.00005130 0.02500926
v -0.00585833 -0.00002630 0.02500928
v -0.00585884 -0.00000129 0.02500933
v -0.00425155 0.00364634 0.02520867
v -0.00428700 0.00368570 0.02504174
v -0.00348343 0.00422766 0.02519801
v -0.00350820 0.00427023 0.02502589
v -0.00493650 0.00284934 0.02520636
v -0.00543439 0.00192983 0.02519767
v -0.00541643 0.00209842 0.02502819
v -0.00523845 0.00245726 0.02503323
v -0.00497934 0.00287923 0.02503864
v -0.00460764 0.00335623 0.02504236
v -0.00577877 0.00091239 0.02501406
v -0.00572270 0.00118608 0.02501672
v -0.00548046 0.00194840 0.02502611
v -0.00533035 0.00188758 0.02534706
v -0.00484338 0.00278565 0.02535158
v -0.00417477 0.00356343 0.02535297
v -0.00347795 0.00421577 0.02522285
v -0.00339003 0.00433404 0.02504875
v -0.00336739 0.00434989 0.02502094
v -0.00471467 0.00269811 0.02544458
v -0.00518492 0.00182848 0.02544312
v -0.00394913 0.00332186 0.02547742
v -0.00456928 0.00259944 0.02547695
v -0.00502001 0.00176145 0.02547661
v -0.00527697 0.00088799 0.02547641
v -0.00677269 0.00184663 0.02110624
v -0.00678439 0.00180643 0.02105357
v -0.00655022 0.00175509 0.02396020
v -0.00651819 0.00201300 0.02358539
v -0.00658418 0.00150413 0.02421413
v -0.00571161 0.00150438 0.02421479
v -0.00659588 0.00141339 0.02428873
v -0.00576835 0.00119535 0.02444025
v -0.00664210 0.00099621 0.02454771
v -0.00582813 0.00077808 0.02463993
v -0.00666546 0.00068180 0.02467151
v -0.00583856 0.00068206 0.02467214
v -0.00667222 0.00053910 0.02471092
v -0.00586543 0.00033005 0.02475198
v -0.00667636 0.00011558 0.02477238
v -0.00587391 -0.00000130 0.02477597
v -0.00587355 -0.00005130 0.02477542
v -0.00666045 -0.00025533 0.02476131
v -0.00586845 -0.00025518 0.02476192
v -0.00665308 -0.00035531 0.02474800
v -0.00585240 -0.00051434 0.02471803
v -0.00660492 -0.00079777 0.02463318
v -0.00580191 -0.00096024 0.02456657
v -0.00655086 -0.00114966 0.02446835
v -0.00577239 -0.00114949 0.02446892
v -0.00574005 -0.00133284 0.02435141
v -0.00653741 -0.00122701 0.02442175
v -0.00648268 -0.00151956 0.02420333
v -0.00642002 -0.00184407 0.02385204
v -0.00638291 -0.00206916 0.02348280
v -0.00639838 -0.00229841 0.02259353
v -0.00637466 -0.00224403 0.02298624
v -0.00637334 -0.00223004 0.02304417
v -0.00645614 -0.00227501 0.02212772
v -0.00646954 -0.00226081 0.02204500
v -0.00663381 -0.00195579 0.02126264
v -0.00653809 -0.00215947 0.02167980
v -0.00581033 0.00207355 0.02148350
v -0.00666688 0.00213505 0.02162384
v -0.00673904 0.00195204 0.02126141
v -0.00686182 0.00148247 0.02071804
v 0.00672393 -0.00409800 0.00594048
v 0.00698284 -0.00385587 0.00572089
v 0.00676381 -0.00409799 0.00572102
v 0.00692891 -0.00385589 0.00601767
v 0.00677373 -0.00385593 0.00627633
v 0.00388782 0.00770475 0.00189510
v 0.00387196 0.00765083 0.00184114
v 0.00228793 0.00800380 0.00183704
v 0.00068695 0.00848764 0.00240641
v -0.00008916 0.00848746 0.00230530
v 0.00005412 0.00852136 0.00261672
v 0.00067110 0.00816727 0.00183430
v -0.00033746 0.00818110 0.00182596
v -0.00021132 0.00837956 0.00206048
v -0.00042989 0.00793416 0.00166406
v 0.00065538 0.00785496 0.00164659
v -0.00047468 0.00766052 0.00158822
v 0.00378319 0.00734914 0.00165014
v 0.00223867 0.00769423 0.00164820
v 0.00231875 0.00819801 0.00207492
v 0.00068090 0.00836365 0.00207094
v 0.00392732 0.00783926 0.00208146
v 0.00233793 0.00831978 0.00241189
v 0.00396141 0.00795582 0.00242133
v 0.00394767 0.00790872 0.00223612
v 0.00068755 0.00850272 0.00261763
v 0.00159012 0.00843343 0.00262033
v 0.00234003 0.00833377 0.00262382
v 0.00340831 0.00811798 0.00263049
v 0.00396474 0.00796766 0.00263464
v 0.00424446 0.00786888 0.00254447
v 0.00419694 0.00717472 0.00164871
v 0.00421108 0.00778813 0.00217368
v 0.00444761 0.00764089 0.00211057
v 0.00449973 0.00773817 0.00245082
v 0.00434236 0.00744503 0.00183137
v 0.00443518 0.00695012 0.00162682
v 0.00462689 0.00720433 0.00179054
v 0.00477152 0.00739626 0.00205594
v 0.00484163 0.00748943 0.00232524
v 0.00479468 0.00666361 0.00162708
v 0.00569992 0.00578254 0.00162777
v 0.00646814 0.00477976 0.00162836
v 0.00708317 0.00367636 0.00162882
v 0.00753207 0.00249559 0.00162916
v 0.00780538 0.00126228 0.00162937
v 0.00789735 0.00000240 0.00162943
v 0.00780606 -0.00125752 0.00162937
v 0.00753341 -0.00249097 0.00162916
v 0.00708515 -0.00367199 0.00162882
v 0.00647071 -0.00477572 0.00162836
v 0.00570303 -0.00577892 0.00162777
v 0.00479827 -0.00666048 0.00162709
v 0.00443891 -0.00694717 0.00162682
v 0.00463076 -0.00720128 0.00179055
v 0.00477550 -0.00739313 0.00205595
v 0.00500326 -0.00690410 0.00179083
v 0.00663449 -0.00571051 0.00232660
v 0.00620787 -0.00622735 0.00232628
v 0.00612077 -0.00614988 0.00205697
v 0.00523289 -0.00717732 0.00232554
v 0.00515792 -0.00708803 0.00205624
v 0.00484566 -0.00748626 0.00232525
v 0.00703512 -0.00514631 0.00232690
v 0.00693772 -0.00508229 0.00205758
v 0.00756650 -0.00422665 0.00232731
v 0.00759160 -0.00390771 0.00205808
v 0.00769723 -0.00395694 0.00232740
v 0.00806864 -0.00265088 0.00205843
v 0.00818028 -0.00268427 0.00232777
v 0.00835879 -0.00133825 0.00205866
v 0.00847409 -0.00135511 0.00232799
v 0.00756423 0.00423128 0.00232730
v 0.00769511 0.00396164 0.00232740
v 0.00758950 0.00391235 0.00205807
v 0.00817884 0.00268923 0.00232777
v 0.00806721 0.00265577 0.00205843
v 0.00847336 0.00136022 0.00232800
v 0.00835807 0.00134330 0.00205866
v 0.00853124 0.00087871 0.00232803
v 0.00845595 0.00000255 0.00205873
v 0.00857247 0.00000258 0.00232807
v 0.00853171 -0.00087357 0.00232803
v 0.00703235 0.00515065 0.00232691
v 0.00693499 0.00508658 0.00205758
v 0.00663142 0.00571464 0.00232660
v 0.00611746 0.00615373 0.00205697
v 0.00620452 0.00623125 0.00232628
v 0.00515411 0.00709136 0.00205624
v 0.00522904 0.00718069 0.00232554
v 0.00594112 -0.00599030 0.00179154
v 0.00673688 -0.00495041 0.00179214
v 0.00737379 -0.00380631 0.00179262
v 0.00783845 -0.00258209 0.00179297
v 0.00812107 -0.00130352 0.00179320
v 0.00821571 0.00000249 0.00179326
v 0.00812037 0.00130845 0.00179319
v 0.00783706 0.00258686 0.00179297
v 0.00737175 0.00381083 0.00179263
v 0.00673422 0.00495458 0.00179214
v 0.00593790 0.00599405 0.00179154
v 0.00499955 0.00690735 0.00179083
v 0.00420080 -0.00717190 0.00164872
v 0.00434636 -0.00744214 0.00183136
v 0.00445172 -0.00763794 0.00211057
v 0.00450389 -0.00773519 0.00245081
v 0.00396572 -0.00795322 0.00242192
v 0.00395192 -0.00790604 0.00223611
v 0.00421526 -0.00778531 0.00217369
v 0.00393160 -0.00783682 0.00208188
v 0.00424869 -0.00786604 0.00254447
v 0.00396902 -0.00796497 0.00263464
v 0.00389196 -0.00770210 0.00189511
v 0.00387604 -0.00764807 0.00184104
v 0.00378712 -0.00734648 0.00165011
v 0.00440041 0.00000146 0.02212965
v 0.00315254 0.00000113 0.02364138
v 0.00317257 -0.00057839 0.02357050
v 0.00196880 -0.00030964 0.02470220
v 0.00194808 -0.00034681 0.02471550
v 0.00252906 -0.00047754 0.02422375
v 0.00086747 -0.00223304 0.02502956
v 0.00072163 -0.00248148 0.02503441
v 0.00137146 -0.00293392 0.02434796
v 0.00039846 -0.00302452 0.02502556
v 0.00815867 -0.00089454 0.01351720
v 0.00822418 0.00000249 0.01353042
v 0.00749876 0.00000229 0.01583654
v 0.00767367 -0.00264076 0.01341678
v 0.00728118 -0.00346596 0.01333315
v 0.00805598 -0.00357057 0.01037035
v 0.00937585 -0.00187806 0.00734784
v 0.00952418 -0.00151839 0.00697966
v 0.00963164 -0.00077327 0.00706520
v 0.00913513 -0.00290685 0.00668506
v 0.00908266 -0.00278626 0.00729130
v 0.00875026 -0.00183385 0.01051235
v 0.00392840 -0.00773239 0.00617178
v 0.00416564 -0.00789436 0.00282434
v 0.00508606 -0.00749920 0.00364036
v 0.00307978 -0.00799382 0.00595236
v 0.00289582 -0.00823148 0.00262697
v -0.00030354 -0.00839428 0.00547188
v -0.00008325 -0.00853291 0.00230472
v -0.00001190 -0.00852704 0.00246079
v 0.00159496 -0.00843164 0.00262015
v 0.00135526 -0.00832084 0.00545424
v 0.00126401 -0.00846342 0.00261895
v 0.00005870 -0.00852077 0.00261672
v 0.00101397 -0.00814704 0.00856729
v 0.00067975 -0.00793372 0.01162881
v -0.00077078 -0.00799114 0.01146764
v -0.00088880 -0.00782251 0.01365884
v 0.00038707 -0.00766205 0.01496078
v -0.00093091 -0.00774169 0.01459359
v 0.00025145 -0.00748155 0.01663543
v -0.00099503 -0.00757811 0.01623079
v 0.00011840 -0.00725701 0.01824206
v -0.00105172 -0.00735508 0.01798951
v -0.00103195 -0.00744572 0.01733248
v -0.00111304 -0.00687035 0.02054477
v -0.00109134 -0.00709446 0.01952801
v -0.00001548 -0.00697772 0.01972532
v -0.00108274 -0.00716437 0.01915993
v -0.00015546 -0.00664023 0.02104094
v -0.00112031 -0.00678251 0.02089173
v -0.00049801 -0.00586910 0.02313337
v -0.00114965 -0.00643547 0.02206291
v -0.00031229 -0.00626311 0.02217820
v -0.00114312 -0.00650706 0.02184363
v -0.00113735 -0.00657391 0.02162920
v -0.00125017 -0.00575980 0.02372052
v -0.00121328 -0.00594422 0.02333885
v -0.00119135 -0.00607975 0.02302156
v -0.00072749 -0.00548058 0.02391095
v -0.00100634 -0.00511230 0.02452953
v -0.00133233 -0.00545923 0.02422812
v 0.00386994 -0.00576906 0.01733803
v 0.00427587 -0.00593091 0.01584779
v 0.00485672 -0.00538606 0.01597099
v 0.00502587 -0.00616855 0.01281703
v 0.00566580 -0.00560596 0.01296980
v 0.00570945 -0.00634576 0.00984753
v 0.00638705 -0.00576976 0.01000510
v 0.00630053 -0.00648871 0.00672055
v 0.00700024 -0.00590229 0.00686948
v 0.00955875 -0.00094404 0.00738259
v 0.00893720 -0.00092181 0.01054926
v 0.00966928 0.00000288 0.00709595
v 0.00936285 0.00000279 0.00885536
v 0.00900192 0.00000270 0.01056183
v 0.00858928 0.00000259 0.01222036
v 0.00133426 -0.00142723 0.02496474
v 0.00190755 -0.00196135 0.02435211
v 0.00258778 -0.00228577 0.02357664
v 0.00343841 -0.00556612 0.01877122
v 0.00393900 -0.00504923 0.01885546
v 0.00297753 -0.00531279 0.02011714
v 0.00386872 -0.00425212 0.02026065
v 0.00442014 -0.00446108 0.01894548
v 0.00486812 -0.00381116 0.01903632
v 0.00540724 -0.00476310 0.01608950
v 0.00591349 -0.00407234 0.01619992
v 0.00626374 -0.00496055 0.01310788
v 0.00680670 -0.00424322 0.01322958
v 0.00701161 -0.00510747 0.01014553
v 0.00757177 -0.00437024 0.01026769
v 0.00763797 -0.00522665 0.00700206
v 0.00820406 -0.00447348 0.00711730
v 0.00248467 -0.00500321 0.02135077
v 0.00178287 -0.00064062 0.02480808
v 0.00236243 -0.00096370 0.02428154
v 0.00303328 -0.00115571 0.02358245
v 0.00374891 -0.00130334 0.02271996
v 0.00213975 0.00000086 0.02457852
v 0.00264694 0.00000099 0.02414954
v 0.00520195 -0.00151765 0.02053851
v 0.00448491 -0.00142209 0.02169911
v 0.00426338 -0.00211279 0.02165518
v 0.00328403 -0.00255475 0.02265692
v 0.00201831 -0.00333730 0.02352124
v 0.00082532 -0.00379138 0.02429832
v -0.00021997 -0.00401725 0.02493280
v 0.00673429 -0.00253276 0.01638160
v 0.00636075 -0.00332512 0.01629853
v 0.00619564 -0.00245937 0.01782180
v 0.00526819 -0.00310990 0.01912242
v 0.00560562 -0.00236768 0.01919823
v 0.00464774 -0.00296118 0.02041618
v 0.00701936 -0.00170655 0.01644544
v 0.00646980 -0.00165688 0.01788498
v -0.00081245 -0.00486895 0.02466918
v -0.00096245 -0.00505928 0.02456403
v -0.00021037 -0.00505057 0.02409026
v 0.00586538 -0.00159483 0.01925853
v 0.00496022 -0.00225365 0.02048414
v 0.00397908 -0.00277797 0.02159922
v 0.00327739 -0.00399602 0.02146917
v 0.00265654 -0.00369129 0.02255924
v 0.00196055 -0.00464191 0.02246288
v 0.00140660 -0.00423543 0.02344725
v 0.00079354 -0.00494292 0.02336903
v 0.00030171 -0.00449044 0.02421900
v -0.00064126 -0.00463691 0.02476825
v 0.00016609 -0.00548147 0.02326604
v 0.00049353 -0.00590659 0.02229154
v 0.00124432 -0.00537305 0.02238144
v 0.00032225 -0.00649651 0.02110596
v 0.00165683 -0.00576532 0.02125792
v 0.00122643 -0.00606092 0.02121256
v 0.00154786 -0.00640916 0.01994230
v 0.00203754 -0.00610630 0.02000009
v 0.00251365 -0.00574190 0.02005698
v 0.00239279 -0.00638565 0.01861415
v 0.00292306 -0.00601052 0.01869204
v 0.00272742 -0.00660879 0.01713022
v 0.00330760 -0.00622537 0.01723513
v 0.00304572 -0.00678626 0.01558631
v 0.00367130 -0.00639643 0.01572006
v 0.00365065 -0.00704646 0.01247072
v 0.00435223 -0.00664730 0.01265051
v 0.00423132 -0.00724158 0.00948322
v 0.00498812 -0.00683473 0.00967346
v 0.00475469 -0.00739815 0.00637245
v 0.00554871 -0.00698547 0.00655513
v 0.00601716 -0.00695765 0.00443259
v 0.00695421 -0.00621750 0.00516066
v 0.00184738 -0.00669475 0.01853381
v 0.00213053 -0.00692275 0.01702050
v 0.00240183 -0.00710406 0.01544502
v 0.00292686 -0.00737037 0.01227815
v 0.00344727 -0.00757127 0.00927715
v 0.00104328 -0.00665366 0.01987941
v 0.00128661 -0.00694107 0.01844719
v 0.00151812 -0.00717068 0.01690316
v 0.00174230 -0.00735354 0.01529464
v 0.00218663 -0.00762333 0.01207333
v 0.00264421 -0.00782877 0.00905559
v 0.00052255 -0.00684248 0.01980796
v 0.00078225 -0.00630382 0.02116279
v 0.00856195 -0.00415298 0.00627954
v 0.00868885 -0.00365570 0.00721409
v 0.00845267 -0.00272093 0.01045231
v 0.00797067 -0.00177963 0.01347872
v 0.00720115 -0.00085779 0.01648643
v 0.00664529 -0.00083279 0.01792621
v 0.00657524 0.00000205 0.01825284
v 0.00603230 -0.00080155 0.01929835
v 0.00609117 0.00000192 0.01931273
v 0.00535791 -0.00076269 0.02057455
v 0.00552226 0.00000177 0.02039783
v 0.00462880 -0.00071448 0.02172761
v 0.00388486 -0.00065417 0.02273357
v 0.00782805 -0.00526407 0.00577629
v -0.00463661 -0.00671199 0.01802890
v -0.00441868 -0.00651884 0.01976064
v -0.00467362 -0.00646209 0.01973077
v -0.00439703 -0.00508632 0.02505696
v -0.00458715 -0.00505833 0.02503156
v -0.00461147 -0.00539199 0.02429852
v -0.00181581 -0.00535291 0.02449917
v -0.00195877 -0.00532756 0.02455933
v -0.00204957 -0.00575358 0.02383192
v -0.00239500 -0.00526720 0.02470397
v -0.00273284 -0.00523573 0.02478772
v -0.00290078 -0.00569220 0.02391161
v -0.00473491 -0.00781056 -0.00258951
v -0.00441375 -0.00794430 -0.00237051
v -0.00444729 -0.00782421 0.00133639
v -0.00251856 -0.00843715 -0.00086445
v -0.00189123 -0.00851224 -0.00025152
v -0.00200640 -0.00840835 0.00247195
v -0.00181273 -0.00851909 -0.00016895
v -0.00170099 -0.00852789 -0.00004872
v -0.00121117 -0.00855371 0.00052351
v -0.00067501 -0.00855848 0.00126173
v -0.00368727 -0.00808031 0.00168738
v -0.00324834 -0.00829975 -0.00149476
v -0.00302654 -0.00834768 -0.00131132
v -0.00400772 -0.00808965 -0.00208006
v -0.00442605 -0.00768219 0.00512887
v -0.00375286 -0.00789592 0.00542619
v -0.00380840 -0.00768094 0.00889640
v -0.00642557 -0.00664350 0.00003937
v -0.00586116 -0.00713412 -0.00139902
v -0.00638250 -0.00665834 0.00064742
v -0.00578500 -0.00712213 0.00079863
v -0.00611769 -0.00676892 0.00331921
v -0.00550615 -0.00716595 0.00469510
v -0.00609043 -0.00678094 0.00354904
v -0.00020103 -0.00854097 0.00206861
v -0.00219057 -0.00820542 0.00611102
v -0.00235976 -0.00796406 0.00947020
v -0.00248484 -0.00768997 0.01313144
v -0.00153369 -0.00541238 0.02435498
v -0.00227491 -0.00650914 0.02169533
v -0.00215597 -0.00614866 0.02287852
v -0.00238927 -0.00683016 0.02029338
v -0.00247418 -0.00710613 0.01869020
v -0.00251450 -0.00733591 0.01691869
v -0.00386828 -0.00742596 0.01263404
v -0.00383708 -0.00710293 0.01649373
v -0.00374096 -0.00690429 0.01832111
v -0.00357083 -0.00667417 0.02000371
v -0.00334874 -0.00640290 0.02150914
v -0.00311411 -0.00607873 0.02281688
v -0.00395123 -0.00559850 0.02400462
v -0.00391720 -0.00537704 0.02454056
v -0.00426342 -0.00533399 0.02462717
v -0.00377424 -0.00513706 0.02499246
v -0.00423286 -0.00510375 0.02506087
v -0.00302194 -0.00521512 0.02484760
v -0.00360468 -0.00515947 0.02495832
v -0.00361949 -0.00564001 0.02394272
v -0.00369152 -0.00514682 0.02497621
v -0.00426892 -0.00554365 0.02412951
v -0.00441430 -0.00589164 0.02293948
v -0.00413354 -0.00596108 0.02277357
v -0.00463955 -0.00617330 0.02148910
v -0.00439892 -0.00624036 0.02134161
v -0.00486622 -0.00640631 0.01982429
v -0.00413847 -0.00629055 0.02133655
v -0.00385317 -0.00600494 0.02273688
v -0.00520773 -0.00653072 0.01802938
v -0.00527564 -0.00671427 0.01610729
v -0.00501587 -0.00681791 0.01609199
v -0.00528919 -0.00676869 0.01544371
v -0.00510671 -0.00707703 0.01217047
v -0.00536170 -0.00699195 0.01134398
v -0.00514453 -0.00715530 0.01021988
v -0.00545053 -0.00701673 0.00937937
v -0.00522412 -0.00719125 0.00833657
v -0.00554994 -0.00699756 0.00812624
v -0.00602320 -0.00681064 0.00410099
v -0.00474965 -0.00574943 0.02308135
v -0.00482555 -0.00591040 0.02237476
v -0.00493280 -0.00609792 0.02137022
v -0.00509725 -0.00634481 0.01965377
v -0.00489115 -0.00664977 0.01796955
v -0.00476148 -0.00688487 0.01617052
v -0.00483416 -0.00716633 0.01227130
v -0.00487408 -0.00734712 0.00846811
v -0.00501256 -0.00743737 0.00488095
v -0.00514745 -0.00750539 0.00103488
v -0.00538755 -0.00747985 -0.00300976
v -0.00599991 -0.00708402 -0.00338111
v -0.00655977 -0.00663341 -0.00370040
v -0.00440227 0.00623856 0.02134161
v -0.00467710 0.00646013 0.01973078
v -0.00486967 0.00640425 0.01982428
v -0.00464287 0.00617137 0.02148910
v -0.00441746 0.00588983 0.02293949
v -0.00413674 0.00595942 0.02277357
v -0.00360745 0.00515810 0.02495832
v -0.00341563 0.00518183 0.02492083
v -0.00392009 0.00537549 0.02454056
v -0.00641780 0.00675689 -0.00361869
v -0.00656333 0.00663044 -0.00370040
v -0.00642983 0.00664039 0.00002886
v -0.00578584 0.00723297 -0.00325098
v -0.00380149 0.00815400 -0.00192154
v -0.00448689 0.00791519 -0.00241679
v -0.00445150 0.00782238 0.00133639
v -0.00515502 0.00760744 -0.00286196
v -0.00189190 0.00851213 -0.00024671
v -0.00231513 0.00846549 -0.00066940
v -0.00369162 0.00807889 0.00168739
v -0.00310868 0.00833043 -0.00137630
v -0.00008783 0.00853342 0.00230472
v -0.00052370 0.00855541 0.00150668
v -0.00201091 0.00840783 0.00247196
v -0.00067386 0.00855860 0.00127034
v -0.00105461 0.00855772 0.00073107
v -0.00164438 0.00853190 0.00001939
v -0.00248897 0.00768919 0.01313144
v -0.00089301 0.00782259 0.01365884
v -0.00236404 0.00796335 0.00947021
v -0.00077507 0.00799128 0.01146765
v -0.00219498 0.00820480 0.00611102
v -0.00030805 0.00839468 0.00547187
v -0.00014694 0.00849799 0.00325676
v -0.00443018 0.00768037 0.00512887
v -0.00375711 0.00789447 0.00542619
v -0.00487803 0.00734506 0.00846810
v -0.00501656 0.00743523 0.00488095
v -0.00515148 0.00750318 0.00103489
v -0.00586499 0.00713153 -0.00139903
v -0.00612133 0.00676619 0.00331921
v -0.00551000 0.00716355 0.00469509
v -0.00638607 0.00665547 0.00064743
v -0.00578882 0.00711958 0.00079863
v -0.00456743 0.00506099 0.02503827
v -0.00439977 0.00508451 0.02505696
v -0.00426628 0.00533225 0.02462718
v -0.00405071 0.00511500 0.02503970
v -0.00393796 0.00512243 0.02502133
v -0.00302474 0.00521406 0.02484761
v -0.00362252 0.00563862 0.02394272
v -0.00395424 0.00559694 0.02400461
v -0.00427190 0.00554191 0.02412951
v -0.00475274 0.00574743 0.02308136
v -0.00463138 0.00544180 0.02415092
v -0.00458987 0.00505643 0.02503156
v -0.00458198 0.00510070 0.02495410
v -0.00462261 0.00541585 0.02422617
v -0.00462781 0.00543140 0.02418139
v -0.00522799 0.00718900 0.00833658
v -0.00514837 0.00715309 0.01021988
v -0.00483801 0.00716429 0.01227130
v -0.00511051 0.00707485 0.01217047
v -0.00476518 0.00688287 0.01617052
v -0.00501953 0.00681578 0.01609200
v -0.00464022 0.00671006 0.01802890
v -0.00489472 0.00664770 0.01796955
v -0.00442218 0.00651702 0.01976065
v -0.00414185 0.00628889 0.02133655
v -0.00385639 0.00600343 0.02273688
v -0.00512514 0.00637966 0.01935284
v -0.00493608 0.00609583 0.02137020
v -0.00484538 0.00594029 0.02221959
v -0.00476620 0.00577739 0.02295772
v -0.00381253 0.00767945 0.00889639
v -0.00387227 0.00742444 0.01263403
v -0.00384090 0.00710143 0.01649373
v -0.00374467 0.00690284 0.01832110
v -0.00357442 0.00667281 0.02000370
v -0.00335218 0.00640165 0.02150914
v -0.00311737 0.00607762 0.02281688
v -0.00290384 0.00569120 0.02391161
v -0.00205267 0.00575303 0.02383192
v -0.00218695 0.00529298 0.02464045
v -0.00181868 0.00535249 0.02449918
v -0.00119462 0.00607967 0.02302156
v -0.00115311 0.00643541 0.02206292
v -0.00215928 0.00614806 0.02287852
v -0.00227841 0.00650847 0.02169533
v -0.00121647 0.00594412 0.02333885
v -0.00125326 0.00575969 0.02372050
v -0.00133527 0.00545907 0.02422812
v -0.00114088 0.00657386 0.02162920
v -0.00112396 0.00678247 0.02089173
v -0.00239294 0.00682944 0.02029337
v -0.00111673 0.00687031 0.02054478
v -0.00247800 0.00710536 0.01869020
v -0.00109516 0.00709443 0.01952801
v -0.00108659 0.00716435 0.01915994
v -0.00105567 0.00735507 0.01798952
v -0.00251845 0.00733511 0.01691870
v -0.00103595 0.00744572 0.01733248
v -0.00099910 0.00757813 0.01623079
v -0.00093507 0.00774175 0.01459359
v -0.00521124 0.00652848 0.01802937
v -0.00529283 0.00676642 0.01544371
v -0.00531910 0.00688747 0.01368049
v -0.00540371 0.00701044 0.01031100
v -0.00545430 0.00701436 0.00937936
v -0.00566831 0.00695745 0.00701948
v -0.00596552 0.00683497 0.00459238
v 0.00135046 0.00139899 0.02496070
v 0.00152631 0.00109227 0.02491103
v 0.00190649 0.00196294 0.02435211
v -0.00049322 0.00733226 0.01811765
v 0.00011450 0.00725763 0.01824205
v 0.00038296 0.00766281 0.01496079
v 0.00475071 0.00740126 0.00637245
v 0.00508191 0.00750280 0.00364026
v 0.00416140 0.00789715 0.00282433
v 0.00601317 0.00696215 0.00443241
v 0.00554495 0.00698901 0.00655512
v 0.00422743 0.00724441 0.00948323
v 0.00962955 0.00078079 0.00706302
v 0.00955824 0.00094974 0.00738259
v 0.00952001 0.00152796 0.00697527
v -0.00073043 0.00548074 0.02391096
v -0.00031566 0.00626350 0.02217821
v -0.00015903 0.00664071 0.02104094
v -0.00001923 0.00697827 0.01972532
v -0.00030738 0.00772868 0.01477450
v 0.00135078 0.00832213 0.00545424
v -0.00001648 0.00852760 0.00246077
v 0.00307549 0.00799604 0.00595236
v 0.00805406 0.00357546 0.01037036
v 0.00680442 0.00424743 0.01322958
v 0.00727931 0.00347043 0.01333314
v 0.00591130 0.00407608 0.01619992
v 0.00635896 0.00332910 0.01629853
v 0.00868688 0.00366093 0.00721408
v 0.00820166 0.00447845 0.00711730
v 0.00756942 0.00437488 0.01026770
v 0.00700886 0.00511180 0.01014553
v 0.00626108 0.00496448 0.01310788
v 0.00566279 0.00560957 0.01296979
v 0.00485383 0.00538923 0.01597098
v 0.00427268 0.00593377 0.01584778
v 0.00386684 0.00577170 0.01733802
v 0.00763516 0.00523131 0.00700205
v 0.00638395 0.00577375 0.01000510
v 0.00502256 0.00617181 0.01281704
v 0.00366786 0.00639897 0.01572006
v 0.00392425 0.00773506 0.00617178
v 0.00344320 0.00757368 0.00927716
v 0.00292290 0.00737250 0.01227816
v 0.00695050 0.00622282 0.00516039
v 0.00629705 0.00649266 0.00672055
v 0.00498445 0.00683797 0.00967346
v 0.00364686 0.00704898 0.01247071
v 0.00239801 0.00710591 0.01544502
v 0.00128288 0.00694232 0.01844720
v 0.00173835 0.00735504 0.01529464
v 0.00218253 0.00762507 0.01207333
v 0.00264000 0.00783075 0.00905559
v 0.00039683 0.00302529 0.02502555
v 0.00082329 0.00379239 0.02429832
v -0.00010652 0.00383870 0.02496078
v 0.00029930 0.00449116 0.02421900
v -0.00023177 0.00403245 0.02493018
v -0.00043281 0.00433428 0.02486412
v 0.00248198 0.00500510 0.02135076
v 0.00165373 0.00576677 0.02125790
v 0.00195806 0.00464352 0.02246288
v 0.00124143 0.00537428 0.02238143
v 0.00140433 0.00423675 0.02344726
v 0.00343542 0.00556853 0.01877123
v 0.00291983 0.00601266 0.01869203
v 0.00297468 0.00531495 0.02011715
v 0.00203425 0.00610795 0.02000010
v 0.00049035 0.00590741 0.02229155
v 0.00122318 0.00606214 0.02121256
v -0.00100908 0.00511232 0.02452953
v -0.00098256 0.00508046 0.02455059
v -0.00021308 0.00505102 0.02409026
v -0.00064375 0.00463713 0.02476825
v -0.00056088 0.00452009 0.02480931
v 0.00079088 0.00494390 0.02336902
v 0.00016314 0.00548213 0.02326604
v -0.00050116 0.00586939 0.02313337
v 0.00077886 0.00630480 0.02116279
v 0.00154441 0.00641055 0.01994229
v 0.00238936 0.00638750 0.01861417
v 0.00699706 0.00590661 0.00686948
v 0.00570604 0.00634939 0.00984753
v 0.00434866 0.00665020 0.01265051
v 0.00304208 0.00678845 0.01558631
v 0.00184378 0.00669631 0.01853380
v 0.00103970 0.00665478 0.01987940
v 0.00100959 0.00814815 0.00856729
v 0.00067549 0.00793464 0.01162882
v 0.00106577 0.00753947 0.01513370
v 0.00070650 0.00712854 0.01835093
v 0.00855737 0.00416051 0.00627648
v 0.00782366 0.00527081 0.00577449
v 0.00236191 0.00096553 0.02428153
v 0.00174300 0.00071188 0.02482685
v 0.00178253 0.00064214 0.02480809
v 0.00252881 0.00047946 0.02422375
v 0.00303266 0.00115790 0.02358246
v 0.00317226 0.00058066 0.02357051
v 0.00374821 0.00130591 0.02271997
v 0.00388451 0.00065682 0.02273357
v 0.00462841 0.00071753 0.02172760
v 0.00258655 0.00228771 0.02357664
v 0.00328266 0.00255707 0.02265691
v 0.00535750 0.00076613 0.02057455
v 0.00603187 0.00080536 0.01929835
v 0.00664484 0.00083692 0.01792620
v 0.00720069 0.00086222 0.01648642
v 0.00815819 0.00089949 0.01351720
v 0.00893671 0.00092717 0.01054927
v 0.00913345 0.00291386 0.00668477
v 0.00908116 0.00279169 0.00729130
v 0.00937484 0.00188366 0.00734785
v 0.00845120 0.00272604 0.01045231
v 0.00874928 0.00183911 0.01051236
v 0.00767225 0.00264545 0.01341678
v 0.00796971 0.00178448 0.01347873
v 0.00673293 0.00253694 0.01638160
v 0.00701844 0.00171088 0.01644545
v 0.00619431 0.00246327 0.01782180
v 0.00646890 0.00166092 0.01788498
v 0.00560434 0.00237126 0.01919823
v 0.00586453 0.00159854 0.01925852
v 0.00495900 0.00225687 0.02048414
v 0.00520113 0.00152100 0.02053850
v 0.00426224 0.00211564 0.02165519
v 0.00448415 0.00142507 0.02169911
v 0.00075475 0.00242398 0.02503383
v 0.00136988 0.00293521 0.02434796
v 0.00201652 0.00333895 0.02352123
v 0.00265456 0.00369328 0.02255924
v 0.00327524 0.00399835 0.02146918
v 0.00397758 0.00278067 0.02159924
v 0.00386643 0.00425476 0.02026065
v 0.00464615 0.00296424 0.02041617
v 0.00486607 0.00381434 0.01903633
v 0.00526652 0.00311329 0.01912242
v 0.00583618 0.00323315 0.01774118
v 0.00540468 0.00476656 0.01608950
v 0.00492931 0.00463211 0.01754633
v 0.00441775 0.00446401 0.01894548
v -0.00162955 -0.00430016 0.01565324
v -0.00136646 -0.00430009 0.01511120
v -0.00108838 -0.00430001 0.01457843
v 0.00104180 -0.00429944 0.01124225
v -0.00273446 -0.00430045 0.01260493
v -0.00045889 -0.00429984 0.01347299
v 0.00025065 -0.00429965 0.01234983
v 0.00076576 -0.00429951 0.01161027
v 0.00252855 -0.00325225 0.00926811
v 0.00226055 -0.00343102 0.00967365
v 0.00205250 -0.00363761 0.00997185
v 0.00182551 -0.00407086 0.01028429
v 0.00191564 -0.00384127 0.01016168
v -0.00289777 -0.00428234 0.01268701
v -0.00281562 -0.00429883 0.01264580
v -0.00289787 -0.00429382 0.01268720
v -0.00166902 -0.00310017 0.01072472
v -0.00186869 -0.00311306 0.01102122
v -0.00220800 -0.00320571 0.01154685
v -0.00244488 -0.00334486 0.01192822
v -0.00256166 -0.00344831 0.01212021
v -0.00264462 -0.00354285 0.01225808
v -0.00278096 -0.00376539 0.01248741
v -0.00286780 -0.00402148 0.01263545
v -0.00289762 -0.00427370 0.01268675
v -0.00162750 -0.00310016 0.01066306
v -0.00093935 -0.00309997 0.00971606
v -0.00419858 0.00346466 0.01357817
v -0.00459770 0.00283301 0.01375406
v -0.00473709 0.00209901 0.01381554
v -0.00188789 -0.00173547 0.01623375
v -0.00285416 0.00201499 0.02136993
v -0.00279092 0.00015501 0.02018349
v -0.00279206 -0.00031576 0.02019984
v -0.00279537 -0.00046310 0.02022530
v -0.00279730 -0.00057552 0.02025134
v -0.00279901 -0.00072043 0.02029388
v -0.00280816 -0.00099785 0.02040578
v -0.00281198 -0.00114897 0.02048536
v -0.00281966 -0.00131349 0.02058990
v -0.00282360 -0.00140753 0.02065887
v -0.00282800 -0.00153214 0.02076229
v -0.00283859 -0.00172965 0.02096170
v -0.00284391 -0.00184912 0.02110983
v -0.00285199 -0.00198102 0.02130884
v -0.00285589 -0.00206553 0.02146521
v -0.00286289 -0.00217149 0.02171879
v -0.00286411 -0.00219959 0.02180449
v -0.00280938 0.00105861 0.02043642
v -0.00279711 0.00061908 0.02026327
v -0.00283945 0.00174527 0.02098062
v -0.00281910 0.00131255 0.02058988
v -0.00282299 0.00140317 0.02065624
v -0.00285826 -0.00173878 0.02398478
v -0.00286438 -0.00000049 0.02180450
v -0.00286903 -0.00218944 0.02318532
v -0.00286987 -0.00229174 0.02226848
v -0.00287131 -0.00228814 0.02272124
v -0.00286433 -0.00200901 0.02360210
v -0.00285626 -0.00163654 0.02409483
v -0.00284994 -0.00123726 0.02441744
v -0.00284536 -0.00079370 0.02463717
v -0.00284293 -0.00033822 0.02475338
v -0.00526106 -0.00095889 0.02547642
v -0.00532793 -0.00054662 0.02547637
v -0.00535037 -0.00029933 0.02547636
v -0.00441745 -0.00281252 0.02547707
v -0.00490403 -0.00202003 0.02547669
v -0.00516685 -0.00133430 0.02547649
v -0.00282656 -0.00395068 0.02547827
v -0.00307047 -0.00395075 0.02547808
v -0.00378334 -0.00347451 0.02547754
v -0.00648900 -0.00306887 0.01850179
v -0.00647263 -0.00286864 0.01980003
v -0.00669845 -0.00212751 0.01992421
v -0.00540575 0.00436858 0.02261960
v -0.00529765 0.00455691 0.02226277
v -0.00571904 0.00401748 0.02244905
v -0.00633740 -0.00247802 0.02253763
v -0.00685580 -0.00136108 0.02002382
v -0.00715035 0.00019602 0.01759828
v -0.00675392 0.00293609 0.01724642
v -0.00677785 0.00284626 0.01735581
v -0.00665979 0.00319731 0.01731704
v -0.00722693 -0.00099309 0.01510350
v -0.00716717 -0.00097041 0.01596364
v -0.00725586 -0.00016606 0.01590645
v -0.00726177 0.00051012 0.01590435
v -0.00719055 0.00131524 0.01595682
v -0.00712507 0.00171202 0.01600468
v -0.00708485 0.00191019 0.01603408
v -0.00703972 0.00210791 0.01606831
v -0.00701304 0.00222061 0.01608853
v -0.00699738 0.00227545 0.01609906
v -0.00716868 -0.00130164 0.01513065
v -0.00704199 -0.00162686 0.01605574
v -0.00701130 -0.00194365 0.01523005
v -0.00700997 -0.00176135 0.01607968
v -0.00684927 -0.00244077 0.01538121
v -0.00677934 -0.00254102 0.01625383
v -0.00666693 -0.00280038 0.01681981
v -0.00646396 -0.00326709 0.01723997
v -0.00664756 -0.00280027 0.01731388
v -0.00676549 -0.00243809 0.01738557
v -0.00678495 -0.00240158 0.01720935
v -0.00675297 -0.00269358 0.01549537
v -0.00664395 -0.00295399 0.01564236
v -0.00668440 -0.00280070 0.01632555
v -0.00638950 -0.00348675 0.01603635
v -0.00699234 -0.00162651 0.01705094
v -0.00697793 -0.00157043 0.01750123
v -0.00699601 -0.00160972 0.01704813
v -0.00713199 -0.00081422 0.01694565
v -0.00710500 -0.00068542 0.01757583
v -0.00717299 -0.00040725 0.01691545
v -0.00719344 -0.00003567 0.01690135
v -0.00717987 0.00078255 0.01691572
v -0.00711436 0.00108364 0.01756279
v -0.00708830 0.00158569 0.01698945
v -0.00700271 0.00203713 0.01705640
v -0.00699195 0.00197469 0.01747818
v -0.00692268 0.00238200 0.01711948
v -0.00683904 0.00267035 0.01718159
v -0.00669593 0.00319757 0.01631783
v -0.00667916 0.00319739 0.01681747
v -0.00677085 0.00301487 0.01611052
v -0.00677480 0.00298913 0.01626073
v -0.00672602 0.00318508 0.01554742
v -0.00671803 0.00250552 0.01989813
v -0.00687452 0.00173791 0.02000369
v -0.00696121 0.00095846 0.02007709
v -0.00636531 -0.00174371 0.02474205
v -0.00651519 -0.00113992 0.02495084
v -0.00617141 -0.00233332 0.02443776
v -0.00661271 -0.00052765 0.02507734
v -0.00665312 0.00009846 0.02512630
v -0.00665351 0.00009849 0.02512035
v -0.00664374 0.00057456 0.02510801
v -0.00665429 0.00016756 0.02512129
v -0.00621467 0.00261873 0.02449779
v -0.00629942 0.00236736 0.02463249
v -0.00645710 0.00180609 0.02486251
v -0.00654602 0.00138574 0.02498246
v -0.00657651 0.00120461 0.02502228
v -0.00592970 0.00332991 0.02397399
v -0.00612021 0.00287349 0.02433715
v -0.00532821 0.00480514 0.02083450
v -0.00504376 0.00532230 0.01930062
v -0.00479600 0.00533909 0.02025982
v -0.00507659 0.00491874 0.02144789
v -0.00572814 0.00375752 0.02352155
v -0.00551787 0.00416470 0.02296026
v -0.00604978 -0.00264997 0.02422276
v -0.00574307 -0.00335052 0.02357533
v -0.00596639 -0.00285156 0.02406277
v -0.00606615 -0.00308545 0.02250323
v -0.00534416 -0.00477737 0.01938138
v -0.00488659 -0.00494870 0.02069188
v -0.00537271 -0.00447035 0.02086390
v -0.00507985 -0.00462668 0.02149097
v -0.00531235 -0.00420854 0.02233854
v -0.00533907 -0.00489031 0.01859968
v -0.00530416 -0.00490550 0.01876520
v -0.00511691 -0.00495015 0.01964005
v -0.00555864 -0.00472473 0.01770728
v -0.00549555 -0.00478353 0.01793412
v -0.00573027 -0.00447730 0.01817700
v -0.00579763 -0.00421064 0.01951887
v -0.00605328 -0.00407386 0.01659307
v -0.00580645 -0.00443287 0.01703796
v -0.00606964 -0.00403616 0.01707551
v -0.00564985 -0.00462719 0.01742228
v -0.00615223 -0.00380712 0.01834229
v -0.00579056 -0.00392954 0.02095719
v -0.00573199 -0.00364958 0.02246872
v -0.00547677 -0.00389412 0.02286114
v -0.00553158 -0.00378590 0.02302115
v -0.00617357 -0.00356850 0.01966156
v 0.00965500 0.00073863 0.00664842
v 0.00969041 0.00000288 0.00668087
v 0.00962560 0.00000287 0.00627035
v 0.00714012 0.00605337 0.00479068
v 0.00795845 0.00511651 0.00538710
v 0.00801520 0.00490734 0.00500618
v 0.00625804 0.00679154 0.00408275
v 0.00611863 0.00676948 0.00346355
v 0.00536107 0.00734904 0.00330832
v 0.00558385 0.00710682 0.00298665
v 0.00725700 0.00581533 0.00442871
v 0.00703411 0.00603399 0.00424823
v 0.00643683 0.00653955 0.00374236
v 0.00919664 0.00279774 0.00627645
v 0.00909875 0.00286123 0.00581380
v 0.00865346 0.00402214 0.00587654
v 0.00866609 0.00384123 0.00548231
v 0.00823927 0.00457801 0.00517006
v 0.00959408 0.00068875 0.00623845
v 0.00956276 0.00097672 0.00620798
v 0.00955574 0.00145330 0.00656202
v 0.00950437 0.00136345 0.00615355
v 0.00917313 0.00265221 0.00587332
v 0.00558771 -0.00710306 0.00298673
v 0.00612226 -0.00676563 0.00346355
v 0.00644045 -0.00653507 0.00374253
v 0.00866883 -0.00383415 0.00548521
v 0.00824137 -0.00457292 0.00517179
v 0.00801839 -0.00490101 0.00500787
v 0.00726027 -0.00581021 0.00442893
v 0.00703704 -0.00602947 0.00424812
v 0.00917431 -0.00264574 0.00587358
v 0.00910010 -0.00285479 0.00581414
v 0.00959492 -0.00068165 0.00624050
v 0.00956371 -0.00097117 0.00621101
v 0.00950598 -0.00135480 0.00615772
v 0.00796228 -0.00510996 0.00538884
v 0.00714363 -0.00604813 0.00479092
v 0.00536510 -0.00734535 0.00330840
v 0.00626187 -0.00678702 0.00408293
v 0.00965652 -0.00073129 0.00665055
v 0.00919812 -0.00279099 0.00627672
v 0.00955860 -0.00144417 0.00656632
v 0.00865711 -0.00401480 0.00587952
v -0.00001621 -0.00154930 0.02572573
v -0.00285576 0.00051850 0.02682039
v -0.00383900 -0.00000075 0.02705415
v -0.00286671 -0.00051209 0.02682351
v -0.00020385 0.00255662 0.02556088
v -0.00048193 0.00233844 0.02576645
v -0.00001705 0.00154985 0.02572573
v -0.00020247 -0.00255617 0.02556088
v -0.00048068 -0.00233814 0.02576645
v -0.00082745 -0.00206720 0.02599009
v -0.00023194 0.00000022 0.02598124
v 0.00052931 0.00075141 0.02557777
v -0.00091369 0.00078875 0.02621456
v -0.00082856 0.00206732 0.02599009
v -0.00143027 -0.00158513 0.02630542
v -0.00091326 -0.00078868 0.02621456
v -0.00198978 -0.00114264 0.02653811
v -0.00178005 -0.00000020 0.02653690
v -0.00143112 0.00158493 0.02630541
v -0.00152183 0.00151080 0.02634625
v -0.00215872 0.00036678 0.02664081
v 0.00112954 0.00000058 0.02528351
v 0.00052971 -0.00075057 0.02557778
v -0.00250659 0.00076043 0.02671670
v -0.00261216 -0.00000042 0.02677030
v -0.00229793 -0.00488822 0.02518357
v -0.00323885 -0.00069045 0.02690680
v -0.00339130 -0.00182832 0.02685554
v -0.00409163 -0.00161925 0.02703719
v -0.00399421 -0.00288274 0.02677920
v -0.00163388 -0.00378025 0.02580958
v -0.00125614 -0.00400004 0.02553087
v -0.00091319 -0.00321031 0.02571682
v -0.00050099 -0.00352081 0.02536821
v -0.00154876 -0.00471751 0.02515052
v -0.00140731 -0.00436812 0.02536963
v -0.00212157 -0.00404720 0.02583940
v -0.00168285 -0.00504502 0.02486390
v -0.00134259 -0.00291163 0.02601311
v -0.00179256 -0.00262266 0.02626480
v -0.00192027 -0.00312087 0.02618045
v -0.00202760 -0.00359444 0.02604252
v -0.00404563 -0.00061122 0.02708879
v -0.00332142 -0.00105542 0.02690663
v -0.00269560 -0.00139525 0.02672144
v -0.00279769 -0.00207220 0.02667428
v -0.00285580 -0.00271857 0.02657409
v -0.00361043 -0.00491310 0.02533177
v -0.00295275 -0.00480582 0.02540177
v -0.00363232 -0.00472108 0.02557402
v -0.00371160 -0.00428921 0.02600660
v -0.00389090 -0.00347083 0.02654349
v -0.00292062 -0.00434793 0.02583876
v -0.00290561 -0.00384708 0.02617089
v -0.00220928 -0.00448002 0.02555741
v -0.00288931 -0.00330487 0.02641139
v -0.00089679 -0.00424865 0.02519931
v -0.00163579 -0.00210196 0.02630454
v -0.00558411 -0.00293009 0.02675332
v -0.00588613 -0.00295469 0.02661946
v -0.00544209 -0.00359343 0.02635314
v -0.00385529 -0.00468943 0.02561976
v -0.00446018 -0.00295186 0.02682194
v -0.00522030 -0.00292261 0.02683290
v -0.00423585 -0.00358907 0.02652386
v -0.00485465 -0.00356416 0.02653468
v -0.00402169 -0.00417085 0.02612667
v -0.00450567 -0.00414945 0.02614537
v -0.00422091 -0.00466982 0.02565153
v -0.00480231 -0.00153304 0.02716220
v -0.00485143 -0.00077549 0.02722129
v -0.00602379 -0.00076146 0.02728505
v -0.00484811 -0.00039006 0.02723042
v -0.00695455 -0.00158284 0.02661897
v -0.00675333 -0.00207752 0.02653543
v -0.00628134 -0.00226199 0.02682600
v -0.00596155 -0.00224102 0.02696522
v -0.00555809 -0.00223398 0.02705235
v -0.00465719 -0.00226374 0.02703109
v -0.00583568 -0.00150963 0.02720085
v -0.00626655 -0.00151503 0.02711208
v -0.00647056 -0.00076442 0.02719752
v -0.00659795 -0.00153024 0.02697061
v -0.00680830 -0.00077243 0.02705566
v -0.00725106 -0.00000167 0.02672392
v -0.00717180 -0.00079970 0.02669858
v -0.00711682 -0.00104874 0.02667961
v -0.00483433 -0.00476686 0.02534877
v -0.00463318 -0.00466752 0.02558950
v -0.00537782 -0.00419228 0.02575963
v -0.00500223 -0.00416721 0.02601692
v -0.00579054 -0.00368190 0.02602156
v -0.00610470 -0.00323367 0.02620678
v -0.00622671 -0.00304510 0.02627527
v -0.00390026 -0.00000077 0.02706674
v -0.00484409 -0.00000102 0.02723238
v -0.00541602 -0.00000118 0.02730577
v -0.00609314 -0.00000136 0.02731163
v -0.00635130 -0.00000143 0.02727352
v -0.00694636 -0.00000159 0.02704540
v -0.00496507 0.00463114 0.02546232
v -0.00558568 0.00292765 0.02675332
v -0.00522187 0.00292036 0.02683291
v -0.00485657 0.00356211 0.02653468
v -0.00422342 0.00466811 0.02565153
v -0.00390562 0.00012688 0.02706760
v -0.00406926 0.00077689 0.02708820
v -0.00485184 0.00077344 0.02722129
v -0.00484832 0.00038802 0.02723042
v -0.00409047 0.00169156 0.02702881
v -0.00399823 0.00286341 0.02678488
v -0.00465841 0.00226179 0.02703108
v -0.00385781 0.00468791 0.02561976
v -0.00402393 0.00416925 0.02612669
v -0.00450790 0.00414759 0.02614538
v -0.00423778 0.00358736 0.02652385
v -0.00446177 0.00295002 0.02682194
v -0.00463569 0.00466559 0.02558950
v -0.00500447 0.00416509 0.02601693
v -0.00534735 0.00422679 0.02573797
v -0.00544402 0.00359106 0.02635314
v -0.00576519 0.00371588 0.02600486
v -0.00588771 0.00295209 0.02661947
v -0.00622835 0.00304231 0.02627527
v -0.00721631 0.00052383 0.02671311
v -0.00680871 0.00076933 0.02705566
v -0.00602420 0.00075878 0.02728505
v -0.00647097 0.00076150 0.02719752
v -0.00659877 0.00152725 0.02697062
v -0.00480313 0.00153102 0.02716220
v -0.00555929 0.00223155 0.02705237
v -0.00583649 0.00150706 0.02720085
v -0.00596275 0.00223838 0.02696523
v -0.00626736 0.00151223 0.02711208
v -0.00628256 0.00225918 0.02682599
v -0.00647117 0.00263426 0.02640292
v -0.00663072 0.00233326 0.02647967
v -0.00696980 0.00153894 0.02662462
v -0.00717223 0.00079641 0.02669858
v -0.00381242 0.00384208 0.02633534
v -0.00372957 0.00421459 0.02606766
v -0.00366053 0.00455973 0.02575022
v -0.00758509 0.00009824 0.02611567
v -0.00673329 0.00318075 0.02521715
v -0.00662659 0.00338721 0.02508566
v -0.00744386 0.00125005 0.02597852
v -0.00727244 0.00188184 0.02580792
v -0.00701076 0.00258331 0.02553454
v -0.00755346 0.00058826 0.02608526
v -0.00641844 0.00376615 0.02480842
v -0.00480849 0.00551761 0.02031673
v -0.00477437 0.00538123 0.02016237
v -0.00475606 0.00553487 0.02007832
v -0.00475511 0.00548847 0.02007401
v -0.00475911 0.00544330 0.02009245
v -0.00482115 0.00569613 0.02037323
v -0.00479439 0.00566764 0.02025296
v -0.00476369 0.00558871 0.02011326
v -0.00540602 0.00547497 0.02261844
v -0.00531708 0.00562207 0.02232795
v -0.00503145 0.00569233 0.02126733
v -0.00484997 0.00570488 0.02049843
v -0.00613461 0.00425421 0.02436214
v -0.00597269 0.00452667 0.02405793
v -0.00585496 0.00472340 0.02381138
v -0.00559233 0.00516253 0.02316889
v -0.00758284 0.00009824 0.02612049
v -0.00672864 0.00009847 0.02522012
v -0.00604800 -0.00439497 0.02421923
v -0.00589141 -0.00465608 0.02390921
v -0.00566733 -0.00502995 0.02338904
v -0.00550577 -0.00513283 0.02294768
v -0.00525961 -0.00524086 0.02215810
v -0.00489880 -0.00512055 0.02074871
v -0.00485136 -0.00514741 0.02054271
v -0.00486453 -0.00521206 0.02060043
v -0.00489233 -0.00527200 0.02072104
v -0.00491190 -0.00529239 0.02080495
v -0.00495044 -0.00530205 0.02096657
v -0.00484849 -0.00510106 0.02053002
v -0.00485065 -0.00505654 0.02053947
v -0.00485955 -0.00500822 0.02057845
v -0.00675629 -0.00313099 0.02525300
v -0.00646563 -0.00367874 0.02488334
v -0.00616763 -0.00419388 0.02443144
v -0.00704298 -0.00250178 0.02557694
v -0.00727639 -0.00186230 0.02582049
v -0.00746077 -0.00116089 0.02600271
v -0.00755881 -0.00051514 0.02609754
v -0.00339229 0.00182705 0.02685554
v -0.00279880 0.00207126 0.02667428
v -0.00285727 0.00271760 0.02657408
v -0.00163591 0.00377993 0.02580957
v -0.00125829 0.00399992 0.02553087
v -0.00140966 0.00436792 0.02536963
v -0.00192194 0.00312040 0.02618046
v -0.00179397 0.00262226 0.02626480
v -0.00134416 0.00291147 0.02601310
v -0.00163692 0.00210164 0.02630455
v -0.00091492 0.00321038 0.02571682
v -0.00050288 0.00352110 0.02536821
v -0.00295533 0.00480479 0.02540177
v -0.00292296 0.00434692 0.02583874
v -0.00290768 0.00384608 0.02617089
v -0.00289109 0.00330388 0.02641139
v -0.00323922 0.00068927 0.02690681
v -0.00269635 0.00139436 0.02672144
v -0.00332199 0.00105419 0.02690663
v -0.00168556 0.00504468 0.02486390
v -0.00155130 0.00471724 0.02515053
v -0.00089907 0.00424873 0.02519932
v -0.00230056 0.00488755 0.02518357
v -0.00221169 0.00447939 0.02555740
v -0.00212374 0.00404662 0.02583940
v -0.00202953 0.00359391 0.02604253
v -0.00343942 -0.00417247 0.01324466
v -0.00319245 -0.00424752 0.01309091
v -0.00299843 -0.00428306 0.01286589
v -0.00297301 -0.00428626 0.01282343
v -0.00414955 -0.00371505 0.01355742
v -0.00461206 -0.00299319 0.01376107
v -0.00473591 -0.00230099 0.01381555
v -0.00162911 0.00289984 0.01066306
v -0.00167063 0.00289983 0.01072472
v -0.00187030 0.00289978 0.01102122
v -0.00187031 0.00291261 0.01102122
v -0.00283282 -0.00026829 0.02085033
v -0.00665217 0.00319424 0.01731617
v -0.00660236 0.00316276 0.01729784
v -0.00694354 0.00202637 0.01704217
v -0.00712415 0.00081677 0.01690529
v -0.00712778 -0.00040481 0.01690392
v -0.00696255 -0.00159344 0.01703559
v -0.00662011 -0.00277952 0.01729852
v -0.00656059 -0.00266815 0.01718218
v -0.00656419 -0.00268647 0.01720371
v -0.00690252 -0.00158713 0.01699841
v -0.00656755 -0.00269828 0.01721723
v -0.00659451 -0.00275094 0.01727281
v -0.00681767 0.00202481 0.01688568
v -0.00655000 0.00295030 0.01705808
v -0.00655192 0.00294528 0.01705149
v -0.00699992 -0.00040504 0.01674209
v -0.00699860 -0.00040704 0.01670446
v -0.00683640 -0.00159332 0.01687818
v -0.00683378 -0.00159878 0.01684189
v -0.00699629 0.00081643 0.01674383
v -0.00701754 0.00002635 0.01668818
v -0.00701377 -0.00011496 0.01669147
v -0.00681480 0.00203026 0.01684960
v -0.00695620 0.00121034 0.01673752
v -0.00699488 0.00081845 0.01670627
v -0.00685977 -0.00158712 0.01694485
v -0.00702221 -0.00040273 0.01681122
v -0.00701868 0.00081419 0.01681281
v -0.00684125 0.00201887 0.01695191
v -0.00653758 0.00302562 0.01715495
v -0.00655604 0.00310263 0.01724239
v -0.00688389 0.00201936 0.01700514
v -0.00706209 0.00081429 0.01686785
v -0.00706562 -0.00040264 0.01686640
v -0.00656732 -0.00258171 0.01707289
v -0.00657190 -0.00256821 0.01705630
v -0.00658212 -0.00256823 0.01681602
v -0.00657307 -0.00261263 0.01681579
v -0.00659625 -0.00256824 0.01646879
v -0.00659512 -0.00257213 0.01646603
v -0.00658042 -0.00268690 0.01681628
v -0.00661460 -0.00275310 0.01681786
v -0.00662287 -0.00274027 0.01635164
v -0.00658949 -0.00265190 0.01640729
v -0.00659665 -0.00268527 0.01638467
v -0.00687490 -0.00156027 0.01624087
v -0.00663602 0.00316092 0.01632632
v -0.00697737 0.00204813 0.01607252
v -0.00704909 0.00206633 0.01606110
v -0.00685401 0.00198983 0.01624842
v -0.00657433 0.00294438 0.01646534
v -0.00686887 0.00200561 0.01617660
v -0.00657229 0.00295102 0.01646064
v -0.00656493 0.00299649 0.01642571
v -0.00699897 -0.00161604 0.01606600
v -0.00715811 0.00086755 0.01593466
v -0.00716983 -0.00036281 0.01592794
v -0.00710928 0.00177216 0.01601461
v -0.00715947 0.00147505 0.01597570
v -0.00722929 0.00087416 0.01592150
v -0.00698736 0.00124613 0.01614288
v -0.00704799 0.00085221 0.01603817
v -0.00703041 0.00084643 0.01610864
v -0.00705711 0.00002596 0.01608816
v -0.00705964 -0.00035056 0.01603118
v -0.00705312 -0.00011991 0.01609171
v -0.00689026 -0.00157560 0.01616947
v -0.00704182 -0.00034581 0.01610144
v -0.00658437 0.00309321 0.01636026
v -0.00690660 0.00202421 0.01611836
v -0.00708711 0.00085893 0.01598079
v -0.00709886 -0.00035597 0.01597397
v -0.00692822 -0.00159340 0.01611161
v -0.00658835 0.00310113 0.01635561
v -0.00691428 0.00202724 0.01611079
v -0.00709489 0.00086002 0.01597329
v -0.00710665 -0.00035685 0.01596649
v -0.00693591 -0.00159629 0.01610408
v -0.00657385 0.00310417 0.01681354
v -0.00661960 0.00316135 0.01681531
v -0.00656142 0.00294494 0.01681291
v -0.00655065 0.00300220 0.01681256
v -0.00656015 0.00307223 0.01681298
v -0.00672584 0.00321256 0.01549511
v -0.00717501 0.00202564 0.01502410
v -0.00635288 -0.00356780 0.01604470
v -0.00635591 -0.00359848 0.01601026
v -0.00591465 -0.00432741 0.01673257
v -0.00574636 -0.00500761 0.01752043
v -0.00570713 -0.00505057 0.01765461
v -0.00565281 -0.00503958 0.01764152
v -0.00574953 -0.00476027 0.01711143
v -0.00572064 -0.00471754 0.01712210
v -0.00594421 -0.00440757 0.01668279
v -0.00507022 -0.00530727 0.02045280
v -0.00704337 -0.00230549 0.01512606
v -0.00686296 -0.00282052 0.01532370
v -0.00645511 -0.00372224 0.01592597
v -0.00709283 -0.00171892 0.01510633
v -0.00676067 -0.00273345 0.01541922
v -0.00693981 -0.00224127 0.01522582
v -0.00591675 -0.00428980 0.01676500
v -0.00570171 -0.00458023 0.01718868
v -0.00552699 -0.00477417 0.01768292
v -0.00526760 -0.00495174 0.01875299
v -0.00525061 -0.00506329 0.01873912
v -0.00525065 -0.00500605 0.01874434
v -0.00551575 -0.00482446 0.01766449
v -0.00538475 -0.00523702 0.01875265
v -0.00533454 -0.00521032 0.01874408
v -0.00529429 -0.00516964 0.01873899
v -0.00649511 -0.00374526 0.01592385
v -0.00646855 -0.00389482 0.01604529
v -0.00605117 -0.00450513 0.01666240
v -0.00526573 -0.00511923 0.01873733
v -0.00551963 -0.00487704 0.01764995
v -0.00569516 -0.00462458 0.01716164
v -0.00553695 -0.00492839 0.01763982
v -0.00556604 -0.00497495 0.01763467
v -0.00560522 -0.00501319 0.01763505
v -0.00609771 -0.00452229 0.01667452
v -0.00602183 -0.00463807 0.01681871
v -0.00583176 -0.00482355 0.01711287
v -0.00588195 -0.00483822 0.01712682
v -0.00579245 -0.00495346 0.01737411
v -0.00578710 -0.00479659 0.01710805
v -0.00600910 -0.00447874 0.01666048
v -0.00713546 -0.00173946 0.01504544
v -0.00698103 -0.00227324 0.01516482
v -0.00679997 -0.00277795 0.01535963
v -0.00639072 -0.00366343 0.01595519
v -0.00688352 -0.00139599 0.01663476
v -0.00670708 0.00252178 0.01651806
v -0.00696037 0.00121379 0.01665445
v 0.00101415 -0.00552744 0.01127971
v -0.00286155 -0.00471584 0.02372714
v -0.00285606 -0.00468073 0.02405909
v -0.00284867 -0.00457061 0.02443870
v -0.00284224 -0.00446568 0.02477165
v -0.00283963 -0.00440911 0.02490697
v -0.00283298 -0.00421026 0.02523168
v -0.00286305 -0.00495049 0.02180450
v -0.00284375 -0.00504031 0.02112621
v -0.00279757 -0.00515269 0.02028811
v -0.00266585 -0.00531407 0.01906160
v -0.00246830 -0.00543918 0.01802024
v -0.00223954 -0.00552132 0.01719634
v -0.00190382 -0.00558874 0.01628057
v -0.00145181 -0.00562994 0.01528514
v -0.00081749 -0.00563843 0.01409105
v -0.00054182 -0.00563156 0.01361507
v -0.00014583 -0.00561432 0.01296536
v -0.00023293 -0.00561876 0.01310502
v 0.00028203 -0.00558780 0.01230539
v -0.00581945 -0.00050709 0.02509780
v -0.00580299 -0.00075460 0.02501158
v -0.00568734 -0.00041634 0.02533814
v -0.00348933 -0.00413060 0.02532198
v -0.00348833 -0.00421162 0.02522971
v -0.00406772 -0.00381423 0.02520798
v -0.00535220 -0.00223450 0.02502955
v -0.00536214 -0.00221370 0.02502923
v -0.00535126 -0.00223404 0.02503863
v -0.00541675 -0.00209457 0.02502733
v -0.00564369 -0.00147500 0.02502779
v -0.00565364 -0.00144290 0.02501820
v -0.00580177 -0.00076281 0.02501165
v -0.00519995 -0.00252642 0.02503436
v -0.00480874 -0.00311413 0.02505216
v -0.00483059 -0.00308760 0.02504291
v -0.00410009 -0.00385308 0.02505576
v -0.00404586 -0.00389955 0.02504646
v -0.00443153 -0.00354851 0.02504730
v -0.00457201 -0.00339942 0.02504635
v -0.00391103 -0.00400505 0.02504497
v -0.00339491 -0.00433942 0.02504163
v -0.00338822 -0.00434427 0.02503313
v -0.00348281 -0.00411010 0.02534281
v -0.00324930 -0.00396425 0.02546813
v -0.00534105 -0.00138564 0.02544173
v -0.00506555 -0.00209727 0.02544293
v -0.00455681 -0.00291987 0.02544452
v -0.00389581 -0.00360882 0.02544529
v -0.00332714 -0.00398367 0.02545346
v -0.00552678 -0.00040293 0.02544079
v -0.00579715 -0.00042553 0.02518202
v -0.00560070 -0.00146222 0.02518811
v -0.00530878 -0.00221361 0.02519578
v -0.00476926 -0.00308356 0.02520534
v -0.00549452 -0.00143089 0.02534126
v -0.00520850 -0.00216566 0.02534520
v -0.00468084 -0.00301543 0.02535016
v -0.00399602 -0.00372854 0.02535173
v -0.00342608 -0.00403565 0.02541136
v -0.00328891 0.00439989 0.02492394
v -0.00311526 0.00450096 0.02466807
v -0.00298698 0.00456588 0.02445175
v -0.00294054 0.00458662 0.02437820
v -0.00305515 -0.00457235 0.02443258
v -0.00321295 -0.00446684 0.02476854
v -0.00321455 -0.00446572 0.02477151
v 0.00288415 -0.00652590 0.00488450
v 0.00138298 -0.00717154 0.00488337
v 0.00420984 -0.00557046 0.00488550
v -0.00185574 -0.00742696 0.00488092
v -0.00343955 -0.00702462 0.00487972
v -0.00022238 -0.00747672 0.00488216
v -0.00113954 -0.00749264 0.00061436
v -0.00066894 -0.00749863 0.00126989
v -0.00408936 -0.00674340 -0.00213925
v -0.00478389 -0.00635834 -0.00262132
v -0.00502092 -0.00620369 -0.00277703
v -0.00821928 -0.00112998 -0.00455603
v -0.00828790 -0.00050422 -0.00458839
v -0.00829507 -0.00050406 0.00487606
v 0.00484483 0.00492447 0.00488599
v 0.00359389 0.00606948 0.00488504
v 0.00211768 0.00690417 0.00488393
v 0.00049169 0.00738588 0.00488270
v -0.00120096 0.00748997 0.00488142
v -0.00067288 0.00749882 0.00126991
v -0.00087323 0.00749979 0.00097649
v -0.00287373 0.00721112 0.00488015
v -0.00277249 0.00723808 -0.00109019
v -0.00208682 0.00739024 -0.00044843
v -0.00170516 0.00744625 -0.00004966
v -0.00143509 0.00747385 0.00025614
v -0.00118984 0.00749038 0.00055467
v -0.00444109 0.00656360 0.00487896
v -0.00344678 0.00702018 -0.00165157
v -0.00286694 0.00721176 -0.00117255
v -0.00542691 0.00590749 -0.00303407
v -0.00479641 0.00635061 -0.00262730
v -0.00443257 0.00656527 -0.00237994
v -0.00412235 0.00672736 -0.00216068
v -0.00601208 0.00539863 -0.00338861
v -0.00581505 0.00558201 -0.00327160
v -0.00654461 0.00482844 -0.00369343
v -0.00694852 0.00431208 0.00487707
v -0.00582290 0.00558050 0.00487792
v -0.00774484 0.00284430 -0.00432391
v -0.00742472 0.00352596 -0.00416288
v -0.00776041 0.00282321 0.00487646
v -0.00701759 0.00420223 -0.00395080
v -0.00694130 0.00431290 -0.00391012
v -0.00801166 0.00207702 -0.00445495
v -0.00821704 0.00119000 0.00487612
v -0.00819285 0.00129169 -0.00454263
v -0.00829808 -0.00031902 -0.00459314
v -0.00828873 0.00049192 -0.00458854
v -0.00820989 0.00119013 -0.00455082
v -0.00747164 -0.00343627 -0.00418614
v -0.00799053 -0.00217233 0.00487628
v -0.00731147 -0.00373076 -0.00410363
v -0.00731896 -0.00372955 0.00487679
v -0.00705998 -0.00413872 -0.00397177
v -0.00780270 -0.00269862 -0.00435318
v -0.00798327 -0.00217301 -0.00444221
v -0.00805337 -0.00192622 -0.00447634
v -0.00657619 -0.00479052 -0.00370941
v -0.00630692 -0.00509760 -0.00355806
v -0.00604546 -0.00536609 -0.00340727
v -0.00544327 -0.00589452 -0.00304476
v -0.00696486 -0.00026722 0.02019053
v -0.00615908 -0.00047198 0.02022440
v -0.00617673 -0.00005138 0.02017627
v -0.00617801 -0.00000138 0.02017578
v -0.00617743 0.00002717 0.02017591
v -0.00692343 -0.00072042 0.02029038
v -0.00517307 0.00409701 0.01707987
v -0.00452920 0.00474996 0.01520880
v -0.00485222 0.00447181 0.01696310
v -0.00237578 0.00543745 0.01643274
v -0.00528300 0.00337243 0.02092291
v -0.00517804 0.00302839 0.02309159
v -0.00415962 0.00412618 0.02306477
v -0.00352804 0.00448365 0.02308037
v -0.00158301 0.00554887 0.01466563
v 0.00025918 0.00559633 0.01154420
v -0.00065853 0.00556614 0.01298923
v -0.00245488 0.00566451 0.01175432
v -0.00227032 0.00582069 0.01048056
v -0.00112741 0.00599199 0.01047956
v -0.00311248 0.00546190 0.01181290
v -0.00289174 0.00562920 0.01048024
v -0.00246547 0.00576837 0.01048070
v -0.00359875 0.00526326 0.01339527
v -0.00413212 0.00496408 0.01348844
v -0.00348290 0.00537376 0.01048176
v -0.00413928 0.00499255 0.01048587
v -0.00477157 0.00450722 0.01048869
v -0.00531387 0.00396908 0.01048043
v -0.00409121 0.00506314 0.01510121
v -0.00371874 0.00524948 0.01048295
v -0.00529578 0.00375029 0.01890722
v -0.00525212 0.00393160 0.01797802
v -0.00479358 0.00400869 0.02077659
v -0.00471437 0.00363536 0.02307086
v -0.00352681 0.00479297 0.02059559
v -0.00420291 0.00448905 0.02065993
v -0.00345603 0.00497159 0.01942518
v -0.00416652 0.00469274 0.01952673
v -0.00331985 0.00514996 0.01836741
v -0.00407459 0.00489667 0.01849549
v -0.00311235 0.00531086 0.01739647
v -0.00464394 0.00461780 0.01774590
v -0.00449822 0.00479122 0.01684875
v -0.00411497 0.00505081 0.01674026
v -0.00362337 0.00530722 0.01499676
v -0.00303536 0.00548498 0.01330329
v -0.00552687 0.00335111 0.01902095
v -0.00392160 0.00508533 0.01754232
v -0.00370683 0.00524686 0.01664100
v -0.00327812 0.00537727 0.01655440
v -0.00313229 0.00547872 0.01489823
v -0.00262436 0.00557616 0.01480835
v -0.00245097 0.00562615 0.01321462
v -0.00185434 0.00568603 0.01313131
v -0.00177812 0.00577876 0.01169698
v -0.00109309 0.00580435 0.01164205
v -0.00014938 0.00596288 0.01048029
v 0.00022671 0.00590872 0.01048058
v 0.00152750 0.00552335 0.01048156
v -0.00041044 0.00574297 0.01159074
v -0.00125401 0.00566567 0.01305550
v -0.00210585 0.00559954 0.01472991
v -0.00283303 0.00544110 0.01648384
v -0.00474053 0.00442244 0.01868531
v -0.00636355 -0.00125782 0.01567639
v -0.00644534 -0.00061719 0.01570762
v -0.00517149 -0.00412799 0.01527395
v -0.00551106 -0.00363043 0.01537723
v -0.00580113 -0.00308508 0.01547214
v -0.00604052 -0.00250142 0.01555564
v -0.00622830 -0.00188912 0.01562471
v -0.00066685 -0.00575699 0.01301578
v -0.00159487 -0.00573380 0.01470424
v 0.00025632 -0.00573696 0.01155907
v 0.00093974 -0.00573722 0.01048111
v 0.00157321 -0.00550361 0.01048159
v -0.00046493 -0.00772657 0.00160199
v -0.00041143 -0.00798445 0.00169548
v 0.00121066 -0.00781726 0.00164706
v 0.00123661 -0.00812894 0.00183490
v -0.00030958 -0.00822487 0.00186913
v 0.00125285 -0.00832523 0.00207227
v -0.00019936 -0.00838518 0.00207434
v 0.00126292 -0.00844865 0.00240818
v -0.00007354 -0.00848953 0.00232811
v 0.00276927 -0.00759736 0.00164879
v 0.00283085 -0.00790489 0.00183817
v 0.00286942 -0.00809796 0.00207726
v 0.00289329 -0.00821819 0.00241522
v -0.00692596 -0.00628420 -0.00389901
v -0.00710719 0.00609408 -0.00399540
v -0.00759717 0.00551300 -0.00424980
v -0.00808699 0.00481370 -0.00449099
v -0.00852703 0.00404254 -0.00469974
v -0.00887049 0.00329131 -0.00485745
v -0.00904098 0.00283818 -0.00493383
v -0.00917893 0.00240733 -0.00499485
v -0.00933794 -0.00178525 -0.00506469
v -0.00914378 -0.00252416 -0.00498004
v -0.00883613 -0.00337469 -0.00484274
v -0.00844678 -0.00419604 -0.00466337
v -0.00797157 -0.00499093 -0.00443755
v -0.00746908 -0.00567469 -0.00418495
v -0.00950379 0.00070031 -0.00513529
v -0.00953431 -0.00007175 -0.00514867
v -0.00948116 -0.00092454 -0.00512595
v -0.00938953 0.00153081 -0.00508609
v -0.00728311 -0.00118361 0.00832571
v -0.00670019 0.00362105 0.00707534
v -0.00703752 0.00252860 0.00779795
v -0.00719531 0.00178849 0.00813609
v -0.00742846 -0.00200174 0.00707478
v -0.00770910 -0.00046447 0.00707457
v -0.00763719 0.00109655 0.00707463
v -0.00721642 0.00260151 0.00707494
v -0.00729874 0.00104201 0.00835789
v -0.00734715 0.00030169 0.00846193
v -0.00734209 -0.00043968 0.00845152
v -0.00094097 0.00290003 0.00971607
v -0.00256306 0.00324715 0.01211968
v -0.00267810 0.00338464 0.01231105
v -0.00281307 0.00363471 0.01253855
v -0.00288266 0.00388733 0.01265728
v -0.00247592 0.00316739 0.01197619
v -0.00220013 0.00300104 0.01153175
v -0.00289809 -0.00310050 0.01268701
v -0.00557633 0.00522280 0.01735308
v -0.00532542 0.00563883 0.01871671
v -0.00514568 0.00550711 0.01867925
v -0.00517451 0.00555982 0.01868223
v -0.00521713 0.00560166 0.01869012
v -0.00526947 0.00562891 0.01870207
v -0.00558867 0.00549101 0.01781281
v -0.00515986 0.00533360 0.01869976
v -0.00513313 0.00544819 0.01868138
v -0.00513791 0.00538858 0.01868840
v -0.00540068 0.00525349 0.01780949
v -0.00540046 0.00530903 0.01779543
v -0.00541565 0.00536367 0.01778676
v -0.00569297 0.00533462 0.01735589
v -0.00564567 0.00530730 0.01734737
v -0.00560572 0.00526908 0.01734638
v -0.00544506 0.00541277 0.01778429
v -0.00548640 0.00545237 0.01778819
v -0.00553606 0.00547929 0.01779809
v -0.00574277 0.00534855 0.01737090
v -0.00590592 0.00569385 0.01958766
v -0.00612234 0.00562129 0.01855293
v -0.00646536 0.00535537 0.01738912
v -0.00633354 0.00547700 0.01775694
v -0.00629714 0.00550681 0.01787425
v -0.00570974 0.00570520 0.02056136
v -0.00557868 0.00569501 0.02116724
v -0.00605004 -0.00658920 0.00759019
v -0.00923393 0.00201102 0.00271829
v -0.00931214 0.00194599 -0.00001734
v -0.00950838 0.00097910 0.00011195
v -0.00686772 0.00614658 0.00149740
v -0.00705533 0.00605357 -0.00079052
v -0.00761680 0.00537746 -0.00072038
v -0.00668688 -0.00522055 0.01587409
v -0.00841380 -0.00238449 0.01368788
v -0.00916523 -0.00000218 0.01058661
v -0.00841508 0.00238054 0.01368789
v -0.00729670 0.00446602 0.01445010
v -0.00739144 0.00450954 0.01278596
v -0.00794867 0.00349261 0.01326892
v -0.00613531 0.00572887 0.01762131
v -0.00547056 0.00573137 0.02140755
v -0.00573374 0.00454786 0.02454085
v -0.00573129 -0.00455038 0.02454085
v -0.00904667 0.00284280 -0.00289962
v -0.00714915 -0.00602934 -0.00324975
v -0.00771084 -0.00533846 -0.00322941
v -0.00822303 -0.00456908 -0.00314890
v -0.00867228 -0.00373426 -0.00303127
v -0.00932819 -0.00192067 -0.00277702
v -0.00715239 0.00602605 -0.00324975
v -0.00771371 0.00533488 -0.00322942
v -0.00822549 0.00456522 -0.00314890
v -0.00867428 0.00373017 -0.00303128
v -0.00534045 -0.00540084 0.02304018
v -0.00546748 -0.00573374 0.02140754
v -0.00515793 -0.00505033 0.02437966
v -0.00572984 -0.00516763 0.02275278
v -0.00629784 -0.00394332 0.02470656
v -0.00697652 -0.00243189 0.02581042
v -0.00654590 -0.00316467 0.02563796
v -0.00606140 -0.00382831 0.02541529
v -0.00732115 -0.00164946 0.02592673
v -0.00654760 0.00316171 0.02563796
v -0.00697782 0.00242871 0.02581043
v -0.00732204 0.00164609 0.02592672
v -0.00606345 0.00382561 0.02541529
v -0.00629996 0.00394049 0.02470656
v -0.00534335 0.00539853 0.02304018
v -0.00556987 0.00601815 0.01956126
v -0.00613741 0.00593163 0.01571222
v -0.00668969 0.00521752 0.01587409
v -0.00874826 0.00229602 0.01010600
v -0.00905298 0.00116075 0.01045466
v -0.00913623 0.00058101 0.01055214
v -0.00905235 -0.00116506 0.01045465
v -0.00856884 -0.00236343 0.01205914
v -0.00794679 -0.00349632 0.01326892
v -0.00729430 -0.00446938 0.01445010
v -0.00738902 -0.00451295 0.01278596
v -0.00613422 -0.00593437 0.01571222
v -0.00562492 -0.00626345 0.01760258
v -0.00556664 -0.00602058 0.01956125
v -0.00660858 0.00628991 0.00361988
v -0.00605358 0.00658650 0.00759020
v -0.00742664 0.00549052 0.00164299
v -0.00814121 0.00461410 -0.00057757
v -0.00584715 0.00666889 0.00954991
v -0.00658526 0.00600563 0.00796035
v -0.00716184 0.00565786 0.00385469
v -0.00796749 0.00473182 0.00187899
v -0.00861056 0.00377803 -0.00039252
v -0.00810401 0.00346426 0.01156870
v -0.00944166 -0.00000226 0.00571375
v -0.00941838 0.00053054 0.00568860
v -0.00935099 0.00106077 0.00561757
v -0.00910046 0.00210332 0.00536465
v -0.00941809 -0.00053504 0.00568860
v -0.00913591 -0.00058536 0.01055215
v -0.00935042 -0.00106524 0.00561756
v -0.00874703 -0.00230016 0.01010600
v -0.00810215 -0.00346806 0.01156872
v -0.00904514 -0.00284710 -0.00289962
v -0.00900531 -0.00288809 -0.00019564
v -0.00860853 -0.00378210 -0.00039252
v -0.00846342 -0.00389158 0.00216429
v -0.00796495 -0.00473554 0.00187899
v -0.00771813 -0.00490624 0.00420003
v -0.00715880 -0.00566115 0.00385469
v -0.00658203 -0.00600861 0.00796035
v -0.00584356 -0.00667147 0.00954991
v -0.00761391 -0.00538099 -0.00072037
v -0.00705207 -0.00605680 -0.00079052
v -0.00686441 -0.00614971 0.00149741
v -0.00813873 -0.00461791 -0.00057758
v -0.00742369 -0.00549395 0.00164298
v -0.00660520 -0.00629290 0.00361988
v -0.00554757 -0.00440389 0.02517460
v -0.00909933 -0.00210765 0.00536465
v -0.00829830 -0.00337977 0.00961144
v -0.00754236 -0.00448155 0.01100288
v -0.00679587 -0.00540264 0.01229869
v -0.00671536 -0.00534984 0.01410144
v -0.00615618 -0.00607098 0.01379495
v -0.00622289 -0.00613341 0.01186649
v -0.00694339 -0.00537351 0.01043136
v -0.00775520 -0.00437619 0.00904179
v -0.00872151 -0.00310896 0.00500846
v -0.00923285 -0.00201543 0.00271829
v -0.00945425 -0.00101743 0.00290476
v -0.00516065 0.00504811 0.02437965
v -0.00554994 0.00440147 0.02517459
v -0.00562829 0.00626098 0.01760258
v -0.00565297 0.00645703 0.01559783
v -0.00567561 0.00659689 0.01357221
v -0.00572930 0.00667077 0.01154862
v -0.00636244 0.00611075 0.00992380
v -0.00716959 0.00525842 0.00846782
v -0.00772077 0.00490265 0.00420002
v -0.00846551 0.00388760 0.00216429
v -0.00900686 0.00288381 -0.00019563
v -0.00889591 0.00297496 0.00245776
v -0.00872318 0.00310484 0.00500846
v -0.00825225 0.00404479 0.00460244
v -0.00830011 0.00337587 0.00961144
v -0.00775755 0.00437258 0.00904178
v -0.00754477 0.00447805 0.01100288
v -0.00694628 0.00537034 0.01043136
v -0.00679877 0.00539954 0.01229870
v -0.00622619 0.00613063 0.01186649
v -0.00671824 0.00534679 0.01410143
v -0.00615944 0.00606824 0.01379496
v -0.00957762 -0.00000229 0.00016180
v -0.00950785 -0.00098365 0.00011194
v -0.00931109 -0.00195043 -0.00001734
v -0.00889431 -0.00297918 0.00245776
v -0.00825007 -0.00404867 0.00460243
v -0.00716676 -0.00526171 0.00846782
v -0.00635916 -0.00611361 0.00992380
v -0.00572571 -0.00667328 0.01154862
v -0.00567206 -0.00659937 0.01357220
v -0.00564950 -0.00645951 0.01559783
f 1 2 3
f 4 3 5
f 5 3 2
f 5 2 6
f 6 2 7
f 2 8 7
f 7 8 9
f 7 9 10
f 10 9 11
f 10 11 12
f 12 11 13
f 12 13 14
f 14 13 15
f 14 15 16
f 16 15 17
f 16 17 18
f 18 17 19
f 18 19 20
f 21 22 23
f 23 22 24
f 23 24 3
f 3 24 25
f 3 25 1
f 26 27 28
f 28 29 26
f 26 29 30
f 26 30 31
f 31 30 32
f 31 32 21
f 21 32 33
f 21 33 22
f 34 35 36
f 36 35 37
f 36 37 38
f 38 37 39
f 38 39 40
f 40 39 41
f 40 41 27
f 27 41 42
f 27 42 28
f 43 44 45
f 46 47 48
f 46 48 49
f 50 51 52
f 52 51 53
f 52 53 54
f 54 53 55
f 54 55 56
f 50 52 57
f 57 52 58
f 57 58 59
f 59 58 60
f 59 60 61
f 62 63 29
f 29 28 62
f 62 28 42
f 62 42 41
f 41 39 62
f 62 39 37
f 62 37 35
f 61 60 64
f 64 60 62
f 64 62 65
f 65 62 35
f 65 35 66
f 2 1 67
f 67 1 68
f 1 25 68
f 68 25 24
f 68 24 63
f 63 24 22
f 63 22 33
f 33 32 63
f 63 32 30
f 63 30 29
f 69 70 71
f 71 70 19
f 71 19 72
f 72 19 73
f 72 73 74
f 19 17 73
f 73 17 15
f 73 15 13
f 2 67 8
f 8 67 75
f 8 75 76
f 13 11 73
f 73 11 9
f 73 9 77
f 77 9 8
f 77 8 78
f 78 8 76
f 56 55 79
f 79 55 80
f 79 80 81
f 81 80 82
f 81 82 83
f 83 82 84
f 83 84 85
f 85 84 49
f 85 49 86
f 86 49 48
f 86 48 45
f 45 48 87
f 45 87 43
f 72 88 71
f 71 88 89
f 71 89 90
f 72 74 91
f 72 91 88
f 88 91 92
f 88 92 93
f 92 91 94
f 95 96 97
f 98 99 100
f 99 98 101
f 102 103 104
f 104 103 105
f 104 105 106
f 106 107 104
f 104 107 108
f 104 108 109
f 109 108 110
f 111 112 95
f 90 89 113
f 113 89 88
f 114 115 116
f 116 115 117
f 116 117 118
f 118 117 110
f 93 92 119
f 119 92 94
f 119 94 120
f 120 94 121
f 120 121 122
f 122 121 123
f 122 123 111
f 111 123 124
f 111 124 112
f 112 124 125
f 112 125 126
f 95 97 111
f 111 97 127
f 111 127 122
f 122 127 128
f 122 128 120
f 120 128 113
f 120 113 119
f 119 113 88
f 119 88 93
f 115 90 117
f 117 90 113
f 117 113 110
f 110 113 128
f 110 128 109
f 109 128 127
f 109 127 104
f 104 127 97
f 104 97 129
f 129 97 96
f 129 96 130
f 130 98 129
f 129 98 100
f 129 100 104
f 104 100 131
f 104 131 102
f 75 132 76
f 76 132 133
f 76 133 78
f 78 133 101
f 78 101 98
f 95 77 96
f 96 77 78
f 96 78 130
f 130 78 98
f 95 112 77
f 77 112 126
f 77 126 73
f 134 135 136
f 137 138 139
f 140 141 142
f 143 144 140
f 140 142 143
f 143 142 145
f 143 145 146
f 146 145 147
f 146 147 148
f 148 147 149
f 148 149 150
f 150 149 151
f 151 149 152
f 151 152 153
f 154 155 153
f 153 155 156
f 153 156 151
f 157 158 154
f 154 158 159
f 154 159 155
f 155 159 160
f 155 160 161
f 161 160 162
f 161 162 163
f 164 165 166
f 166 165 167
f 167 168 166
f 166 168 169
f 166 169 170
f 139 45 137
f 137 45 171
f 137 171 166
f 166 171 172
f 166 172 164
f 138 173 139
f 139 173 174
f 139 174 175
f 175 174 176
f 175 176 177
f 176 178 177
f 177 178 179
f 177 179 180
f 180 179 181
f 180 181 182
f 136 135 183
f 183 135 184
f 183 184 182
f 182 184 180
f 180 184 185
f 180 185 186
f 187 188 189
f 189 188 190
f 190 188 191
f 190 191 136
f 136 191 192
f 136 192 134
f 158 193 159
f 159 193 194
f 159 194 195
f 195 194 196
f 195 196 197
f 197 196 198
f 197 198 199
f 199 198 200
f 199 200 201
f 201 200 187
f 201 187 202
f 202 187 189
f 203 204 205
f 205 204 206
f 205 206 207
f 207 206 208
f 207 208 209
f 209 208 210
f 209 210 211
f 211 210 212
f 211 212 213
f 213 212 214
f 213 214 215
f 215 214 216
f 215 216 217
f 217 216 218
f 217 218 219
f 219 218 220
f 219 220 221
f 221 220 222
f 221 222 223
f 223 222 224
f 223 224 225
f 225 224 226
f 225 226 203
f 203 226 204
f 65 66 227
f 35 34 66
f 66 34 228
f 66 228 227
f 227 229 65
f 65 229 230
f 65 230 64
f 94 91 74
f 73 126 74
f 74 126 125
f 94 74 121
f 125 124 74
f 74 124 123
f 74 123 121
f 166 231 232
f 166 170 233
f 234 231 235
f 235 231 166
f 235 166 236
f 236 166 233
f 237 197 238
f 238 197 199
f 238 199 239
f 239 199 201
f 239 201 240
f 240 201 241
f 242 173 243
f 243 173 138
f 243 138 232
f 232 138 137
f 232 137 166
f 244 178 245
f 245 178 176
f 245 176 242
f 242 176 174
f 242 174 173
f 246 182 247
f 247 182 181
f 247 181 244
f 244 181 179
f 244 179 178
f 190 136 246
f 246 136 183
f 246 183 182
f 246 248 190
f 190 248 249
f 190 249 189
f 241 201 249
f 249 201 202
f 249 202 189
f 162 250 251
f 250 162 252
f 252 162 160
f 252 160 253
f 253 160 159
f 253 159 254
f 255 256 257
f 258 259 260
f 260 259 261
f 260 261 262
f 262 261 263
f 263 264 262
f 262 264 265
f 262 265 266
f 260 267 258
f 258 267 268
f 258 268 251
f 251 268 163
f 251 163 162
f 195 257 159
f 159 257 269
f 159 269 254
f 195 197 257
f 257 197 237
f 257 237 270
f 270 271 257
f 257 271 272
f 257 272 255
f 273 274 275
f 275 274 276
f 276 277 275
f 275 277 278
f 275 278 265
f 265 278 279
f 265 279 266
f 280 281 282
f 283 284 280
f 280 282 283
f 283 282 285
f 283 285 286
f 286 285 287
f 286 287 288
f 288 287 289
f 289 287 290
f 289 290 291
f 291 290 292
f 291 292 293
f 280 284 294
f 294 284 295
f 294 295 296
f 297 281 280
f 280 294 297
f 297 294 298
f 297 298 299
f 300 301 302
f 303 304 305
f 306 300 305
f 305 300 302
f 305 302 303
f 307 308 251
f 251 308 258
f 309 310 307
f 307 310 308
f 310 309 311
f 311 309 312
f 311 312 313
f 313 312 314
f 313 314 315
f 315 314 316
f 315 316 317
f 317 316 318
f 317 318 319
f 319 318 320
f 319 320 321
f 321 320 322
f 321 322 323
f 323 322 293
f 323 293 324
f 325 326 292
f 292 326 327
f 328 329 330
f 330 329 331
f 330 331 292
f 292 331 332
f 292 332 333
f 333 334 292
f 292 334 335
f 292 335 336
f 337 330 338
f 338 330 292
f 338 292 339
f 339 292 327
f 324 293 340
f 340 293 292
f 340 292 341
f 341 292 336
f 341 336 342
f 343 344 345
f 345 344 346
f 346 344 347
f 346 347 348
f 348 347 349
f 348 349 350
f 350 349 351
f 350 351 352
f 345 353 343
f 343 353 354
f 343 354 355
f 355 354 356
f 355 356 357
f 357 356 358
f 357 358 359
f 359 358 360
f 360 361 359
f 359 361 362
f 359 362 363
f 363 362 364
f 363 364 365
f 366 367 368
f 369 370 371
f 371 370 372
f 371 372 365
f 365 372 373
f 365 373 363
f 369 371 374
f 374 371 375
f 374 375 376
f 376 375 377
f 376 377 378
f 352 351 379
f 379 351 380
f 379 380 381
f 381 380 382
f 381 382 383
f 383 382 384
f 383 384 385
f 385 384 386
f 385 386 368
f 368 386 387
f 368 387 366
f 377 388 378
f 378 388 389
f 378 389 390
f 390 389 368
f 390 368 391
f 391 368 367
f 392 386 384
f 386 392 387
f 382 393 384
f 384 393 394
f 384 394 392
f 395 392 394
f 236 395 235
f 235 395 234
f 234 395 396
f 396 395 394
f 396 394 397
f 397 394 393
f 397 393 398
f 399 400 397
f 249 255 272
f 271 240 272
f 272 240 241
f 272 241 249
f 401 255 402
f 402 255 403
f 401 404 255
f 255 404 405
f 255 405 256
f 405 406 256
f 256 406 407
f 256 407 408
f 408 407 409
f 408 409 410
f 409 411 410
f 410 411 412
f 410 412 413
f 413 412 414
f 413 414 415
f 415 414 416
f 415 416 417
f 416 418 417
f 417 418 419
f 417 419 420
f 420 419 421
f 420 421 422
f 421 423 422
f 422 423 424
f 422 424 425
f 424 426 425
f 425 426 427
f 425 427 428
f 427 429 428
f 428 429 430
f 428 430 431
f 430 432 431
f 431 432 433
f 431 433 434
f 434 433 435
f 435 436 434
f 434 436 437
f 434 437 438
f 438 437 439
f 438 439 440
f 439 441 440
f 440 441 442
f 440 442 443
f 443 442 444
f 443 444 445
f 445 444 446
f 445 446 447
f 397 400 396
f 396 400 448
f 396 448 449
f 446 450 447
f 447 450 451
f 447 451 452
f 452 451 453
f 452 453 398
f 398 453 454
f 398 454 397
f 397 454 455
f 397 455 399
f 244 456 247
f 247 456 457
f 458 246 459
f 459 246 247
f 459 247 460
f 460 247 457
f 458 461 246
f 246 461 462
f 246 462 248
f 248 462 463
f 248 463 249
f 249 463 464
f 249 464 255
f 255 464 465
f 255 465 403
f 245 242 466
f 466 467 245
f 245 467 468
f 245 468 244
f 244 468 469
f 244 469 456
f 234 396 231
f 231 396 449
f 231 449 232
f 232 449 470
f 232 470 243
f 470 471 243
f 243 471 472
f 243 472 242
f 242 472 473
f 242 473 466
f 452 398 393
f 452 393 447
f 447 393 474
f 447 474 445
f 445 474 475
f 445 475 443
f 443 475 440
f 440 475 476
f 440 476 438
f 438 476 434
f 434 476 477
f 434 477 431
f 431 477 428
f 428 477 478
f 428 478 425
f 425 478 422
f 422 478 479
f 422 479 420
f 420 479 417
f 417 479 480
f 417 480 415
f 415 480 413
f 413 480 481
f 413 481 410
f 257 256 481
f 481 256 408
f 481 408 410
f 257 359 269
f 269 359 363
f 482 254 363
f 363 254 269
f 483 307 251
f 483 251 484
f 251 250 484
f 484 250 252
f 484 252 485
f 485 252 253
f 485 253 486
f 486 253 254
f 486 254 482
f 487 488 489
f 490 491 492
f 295 284 283
f 490 296 295
f 490 493 491
f 491 493 494
f 491 494 492
f 492 494 495
f 496 497 498
f 499 497 500
f 500 497 496
f 500 496 501
f 502 503 504
f 504 503 505
f 504 505 506
f 488 507 489
f 489 507 508
f 489 508 509
f 493 487 494
f 494 487 489
f 494 489 495
f 495 489 509
f 495 509 498
f 498 509 508
f 498 508 496
f 496 508 507
f 496 507 501
f 293 505 291
f 291 505 503
f 291 503 289
f 289 503 502
f 289 502 288
f 490 295 493
f 493 295 283
f 493 283 487
f 487 283 286
f 487 286 488
f 488 286 288
f 488 288 507
f 507 288 502
f 507 502 501
f 501 502 504
f 501 504 500
f 500 504 506
f 500 506 499
f 363 373 482
f 482 373 510
f 482 510 486
f 486 510 511
f 486 511 485
f 485 511 512
f 485 512 484
f 484 512 483
f 483 512 309
f 483 309 307
f 513 514 318
f 515 516 517
f 370 369 518
f 370 516 372
f 372 516 515
f 372 515 373
f 373 515 510
f 519 511 510
f 512 511 520
f 520 511 519
f 520 519 513
f 370 518 516
f 516 518 521
f 516 521 517
f 517 521 522
f 517 522 523
f 510 515 519
f 519 515 517
f 519 517 513
f 513 517 523
f 513 523 514
f 309 512 312
f 312 512 520
f 312 520 314
f 314 520 513
f 314 513 316
f 316 513 318
f 369 374 518
f 518 374 524
f 514 523 525
f 525 523 522
f 525 522 524
f 524 522 521
f 524 521 518
f 526 525 527
f 527 525 524
f 527 524 528
f 528 524 374
f 528 374 376
f 526 322 525
f 525 322 320
f 525 320 514
f 514 320 318
f 528 376 378
f 527 506 526
f 526 506 505
f 526 505 322
f 322 505 293
f 529 506 530
f 530 506 527
f 530 527 531
f 531 527 528
f 531 528 532
f 532 528 378
f 533 534 535
f 378 536 532
f 532 536 537
f 532 537 531
f 531 537 530
f 390 391 533
f 529 530 535
f 535 530 537
f 535 537 533
f 533 537 536
f 533 536 390
f 390 536 378
f 359 257 481
f 359 481 357
f 357 481 480
f 357 480 355
f 355 480 479
f 355 479 343
f 343 479 478
f 343 478 344
f 344 478 477
f 344 477 347
f 347 477 476
f 347 476 349
f 349 476 475
f 349 475 351
f 351 475 474
f 351 474 380
f 380 474 393
f 380 393 382
f 538 377 539
f 539 377 375
f 539 375 540
f 540 375 371
f 540 371 541
f 541 371 365
f 541 365 542
f 542 365 364
f 542 364 543
f 543 364 362
f 543 362 544
f 544 362 361
f 544 361 545
f 545 361 360
f 545 360 546
f 546 360 358
f 546 358 547
f 547 358 356
f 547 356 548
f 548 356 354
f 548 354 549
f 549 354 353
f 549 353 550
f 550 353 345
f 550 345 551
f 551 345 346
f 551 346 552
f 552 346 348
f 552 348 553
f 553 348 350
f 553 350 554
f 554 350 352
f 554 352 555
f 555 352 379
f 555 379 556
f 556 379 381
f 556 381 557
f 557 381 383
f 557 383 558
f 558 383 385
f 558 385 559
f 559 385 368
f 559 368 560
f 560 368 389
f 560 389 561
f 561 389 388
f 561 388 538
f 538 388 377
f 435 433 562
f 448 400 563
f 563 400 399
f 563 399 564
f 564 399 455
f 564 455 565
f 563 566 448
f 448 566 567
f 448 567 449
f 567 568 449
f 449 568 569
f 449 569 470
f 470 569 570
f 470 570 471
f 471 570 571
f 471 571 472
f 472 571 572
f 472 572 473
f 473 572 573
f 473 573 466
f 466 573 574
f 466 574 467
f 467 574 468
f 468 574 575
f 468 575 469
f 575 576 469
f 469 576 577
f 469 577 456
f 456 577 578
f 456 578 457
f 457 578 579
f 457 579 460
f 460 579 459
f 459 579 580
f 459 580 458
f 580 581 458
f 458 581 582
f 458 582 461
f 461 582 583
f 461 583 462
f 462 583 463
f 463 583 584
f 463 584 464
f 584 585 464
f 464 585 586
f 464 586 465
f 465 586 587
f 465 587 403
f 403 587 588
f 403 588 402
f 402 588 401
f 401 588 589
f 401 589 404
f 404 589 590
f 404 590 405
f 405 590 406
f 406 590 591
f 406 591 407
f 591 592 407
f 407 592 593
f 407 593 409
f 409 593 594
f 409 594 411
f 594 595 411
f 411 595 596
f 411 596 412
f 412 596 597
f 412 597 598
f 599 429 600
f 600 429 427
f 600 427 601
f 601 427 426
f 601 426 602
f 602 426 424
f 602 424 603
f 603 424 423
f 603 423 604
f 604 423 421
f 604 421 605
f 605 421 419
f 605 419 606
f 606 419 418
f 606 418 607
f 607 418 416
f 607 416 598
f 598 416 414
f 598 414 412
f 562 433 608
f 608 433 432
f 608 432 599
f 599 432 430
f 599 430 429
f 609 444 610
f 610 444 442
f 610 442 611
f 611 442 441
f 611 441 612
f 612 441 439
f 612 439 613
f 613 439 437
f 613 437 562
f 562 437 436
f 562 436 435
f 609 614 444
f 444 614 615
f 444 615 446
f 446 615 616
f 446 616 450
f 450 616 617
f 450 617 451
f 451 617 618
f 451 618 453
f 453 618 619
f 453 619 454
f 454 619 620
f 454 620 455
f 455 620 621
f 455 621 565
f 622 559 560
f 622 560 623
f 559 622 558
f 558 622 624
f 558 624 557
f 557 624 556
f 556 624 625
f 556 625 555
f 555 625 554
f 554 625 626
f 554 626 553
f 553 626 552
f 552 626 627
f 552 627 551
f 551 627 550
f 550 627 628
f 550 628 549
f 629 630 545
f 545 546 629
f 629 546 547
f 629 547 628
f 628 547 548
f 628 548 549
f 631 632 541
f 541 542 631
f 631 542 543
f 631 543 630
f 630 543 544
f 630 544 545
f 560 561 623
f 623 561 538
f 623 538 633
f 633 538 539
f 633 539 632
f 632 539 540
f 632 540 541
f 577 576 634
f 565 621 635
f 635 621 620
f 635 620 636
f 636 620 619
f 566 563 637
f 637 563 635
f 635 563 564
f 635 564 565
f 570 569 638
f 638 569 568
f 638 568 637
f 637 568 567
f 637 567 566
f 570 638 571
f 571 638 639
f 571 639 572
f 576 575 634
f 634 575 574
f 634 574 639
f 639 574 573
f 639 573 572
f 640 579 634
f 634 579 578
f 634 578 577
f 641 583 640
f 640 583 582
f 582 581 640
f 640 581 580
f 640 580 579
f 587 586 642
f 642 586 585
f 642 585 641
f 641 585 584
f 641 584 583
f 587 642 588
f 588 642 643
f 588 643 589
f 589 643 590
f 590 643 644
f 590 644 591
f 595 594 645
f 645 594 593
f 645 593 644
f 644 593 592
f 644 592 591
f 607 598 646
f 646 598 597
f 646 597 645
f 645 597 596
f 645 596 595
f 603 604 647
f 647 604 605
f 647 605 646
f 646 605 606
f 646 606 607
f 603 647 602
f 602 647 648
f 602 648 601
f 562 608 649
f 649 608 599
f 649 599 648
f 648 599 600
f 648 600 601
f 615 614 650
f 650 614 609
f 650 609 651
f 651 609 610
f 610 611 651
f 651 611 612
f 651 612 649
f 649 612 613
f 649 613 562
f 619 618 636
f 636 618 617
f 636 617 650
f 650 617 616
f 650 616 615
f 652 627 653
f 653 627 626
f 653 626 654
f 654 626 625
f 654 625 655
f 655 625 624
f 655 624 656
f 656 624 622
f 656 622 657
f 657 622 623
f 657 623 658
f 658 623 633
f 658 633 659
f 659 633 632
f 659 632 660
f 660 632 631
f 660 631 661
f 661 631 630
f 661 630 662
f 662 630 629
f 662 629 663
f 663 629 628
f 663 628 652
f 652 628 627
f 658 634 657
f 657 634 639
f 657 639 656
f 660 642 659
f 659 642 641
f 659 641 658
f 658 641 640
f 658 640 634
f 662 645 661
f 661 645 644
f 661 644 660
f 660 644 643
f 660 643 642
f 652 648 663
f 663 648 647
f 663 647 662
f 662 647 646
f 662 646 645
f 639 638 656
f 656 638 637
f 656 637 655
f 655 637 635
f 655 635 654
f 635 636 654
f 654 636 650
f 654 650 653
f 653 650 651
f 653 651 652
f 652 651 649
f 652 649 648
f 664 70 114
f 114 70 69
f 114 69 115
f 115 69 71
f 115 71 90
f 20 19 665
f 665 19 70
f 665 70 666
f 666 70 664
f 667 668 669
f 669 668 670
f 669 670 671
f 671 670 672
f 671 672 673
f 673 672 674
f 673 674 675
f 675 674 676
f 675 676 677
f 677 676 678
f 677 678 679
f 679 678 680
f 679 680 681
f 681 680 682
f 681 682 683
f 683 682 684
f 683 684 685
f 685 684 686
f 685 686 687
f 687 686 688
f 687 688 689
f 689 688 690
f 689 690 691
f 691 690 692
f 691 692 693
f 693 692 694
f 693 694 695
f 695 694 696
f 695 696 697
f 697 696 698
f 697 698 699
f 699 698 700
f 699 700 701
f 701 700 702
f 701 702 703
f 703 702 704
f 703 704 705
f 705 704 706
f 705 706 707
f 707 706 708
f 707 708 709
f 709 708 710
f 709 710 711
f 711 710 712
f 711 712 713
f 713 712 714
f 713 714 667
f 667 714 668
f 223 715 221
f 221 715 716
f 221 716 219
f 219 716 717
f 219 717 217
f 217 717 718
f 217 718 215
f 215 718 719
f 215 719 213
f 213 719 720
f 213 720 211
f 211 720 721
f 211 721 209
f 209 721 722
f 209 722 207
f 207 722 723
f 207 723 205
f 205 723 724
f 205 724 203
f 203 724 725
f 203 725 225
f 225 725 726
f 225 726 223
f 223 726 715
f 727 728 711
f 729 707 728
f 728 707 709
f 728 709 711
f 730 703 729
f 729 703 705
f 729 705 707
f 731 699 730
f 730 699 701
f 730 701 703
f 732 695 731
f 731 695 697
f 731 697 699
f 733 691 732
f 732 691 693
f 732 693 695
f 734 687 733
f 733 687 689
f 733 689 691
f 735 683 734
f 734 683 685
f 734 685 687
f 736 679 735
f 735 679 681
f 735 681 683
f 737 675 736
f 736 675 677
f 736 677 679
f 738 671 737
f 737 671 673
f 737 673 675
f 711 713 727
f 727 713 667
f 727 667 738
f 738 667 669
f 738 669 671
f 720 738 721
f 721 738 737
f 721 737 722
f 722 737 736
f 722 736 723
f 723 736 735
f 723 735 724
f 724 735 734
f 724 734 725
f 725 734 733
f 725 733 726
f 726 733 732
f 726 732 715
f 715 732 731
f 715 731 716
f 716 731 730
f 716 730 717
f 717 730 729
f 717 729 718
f 718 729 728
f 718 728 719
f 719 728 727
f 719 727 720
f 720 727 738
f 222 739 224
f 224 739 740
f 224 740 226
f 226 740 741
f 226 741 204
f 204 741 742
f 204 742 206
f 206 742 743
f 206 743 208
f 208 743 744
f 208 744 210
f 210 744 745
f 210 745 212
f 212 745 746
f 212 746 214
f 214 746 747
f 214 747 216
f 216 747 748
f 216 748 218
f 218 748 749
f 218 749 220
f 220 749 750
f 220 750 222
f 222 750 739
f 751 752 741
f 186 745 753
f 753 745 744
f 743 754 744
f 744 754 755
f 755 756 744
f 744 756 757
f 744 757 753
f 758 759 742
f 742 759 760
f 742 760 743
f 743 760 761
f 743 761 754
f 741 752 742
f 742 752 762
f 742 762 758
f 763 740 157
f 157 740 739
f 157 739 158
f 763 764 740
f 740 764 765
f 740 765 741
f 741 765 766
f 741 766 751
f 158 739 193
f 193 739 750
f 193 750 194
f 194 750 196
f 196 750 749
f 196 749 198
f 198 749 200
f 200 749 748
f 200 748 187
f 747 191 748
f 748 191 188
f 748 188 187
f 746 134 747
f 747 134 192
f 747 192 191
f 186 185 745
f 745 185 184
f 745 184 746
f 746 184 135
f 746 135 134
f 767 534 768
f 768 534 533
f 768 533 769
f 769 533 770
f 770 533 391
f 770 391 367
f 164 172 771
f 771 772 164
f 164 772 773
f 164 773 774
f 774 775 164
f 164 775 776
f 164 776 165
f 45 44 777
f 45 777 171
f 777 778 171
f 171 778 779
f 171 779 172
f 172 779 780
f 172 780 771
f 776 781 165
f 165 781 767
f 165 767 768
f 768 769 165
f 165 769 770
f 165 770 167
f 167 770 367
f 167 367 168
f 395 236 233
f 387 392 395
f 367 366 168
f 168 366 387
f 168 387 169
f 169 387 395
f 169 395 170
f 170 395 233
f 782 4 5
f 782 5 783
f 784 785 7
f 7 785 786
f 7 786 6
f 6 786 787
f 6 787 5
f 5 787 788
f 5 788 783
f 10 118 7
f 7 118 789
f 7 789 784
f 10 12 118
f 118 12 14
f 118 14 116
f 14 16 116
f 116 16 18
f 116 18 20
f 664 114 666
f 666 114 116
f 666 116 665
f 665 116 20
f 790 303 791
f 791 303 792
f 790 793 303
f 303 793 794
f 303 794 795
f 795 796 303
f 303 796 797
f 303 797 304
f 304 797 798
f 304 798 799
f 800 801 802
f 802 803 800
f 800 803 804
f 800 804 805
f 806 807 808
f 808 809 806
f 806 809 810
f 806 810 811
f 812 813 814
f 814 813 815
f 814 815 816
f 817 818 819
f 819 818 820
f 819 820 821
f 821 820 822
f 821 822 823
f 823 822 824
f 823 824 825
f 817 819 826
f 826 819 806
f 826 806 805
f 805 806 811
f 805 811 800
f 807 806 827
f 827 806 819
f 827 819 828
f 828 819 821
f 828 821 814
f 814 821 823
f 814 823 812
f 812 823 825
f 812 825 813
f 829 830 831
f 832 772 771
f 829 831 833
f 833 831 834
f 833 834 835
f 832 771 836
f 836 771 780
f 836 780 834
f 834 780 779
f 834 779 835
f 499 506 529
f 499 529 497
f 490 492 776
f 492 495 529
f 529 495 498
f 529 498 497
f 492 529 776
f 776 529 535
f 776 535 781
f 781 535 534
f 781 534 767
f 298 776 837
f 837 776 838
f 298 294 776
f 776 294 296
f 776 296 490
f 825 824 839
f 840 87 48
f 825 839 813
f 48 47 840
f 840 47 841
f 840 841 842
f 842 841 843
f 843 841 844
f 843 844 845
f 846 847 848
f 848 847 849
f 848 849 850
f 850 849 843
f 850 843 851
f 851 843 845
f 852 853 854
f 854 853 855
f 854 855 856
f 848 857 816
f 813 839 815
f 815 839 858
f 815 858 816
f 816 858 856
f 816 856 848
f 848 856 855
f 848 855 846
f 792 303 302
f 842 843 859
f 859 792 842
f 842 792 302
f 842 302 840
f 840 302 301
f 840 301 860
f 861 862 863
f 861 863 864
f 862 865 863
f 863 865 866
f 863 866 867
f 837 838 866
f 866 838 868
f 866 868 867
f 306 869 870
f 829 871 863
f 863 871 872
f 863 872 864
f 873 860 301
f 870 871 306
f 306 871 829
f 306 829 300
f 300 829 833
f 300 833 301
f 301 833 835
f 301 835 873
f 866 874 837
f 837 874 299
f 837 299 298
f 87 840 43
f 43 840 860
f 43 860 44
f 44 860 873
f 44 873 777
f 777 873 835
f 777 835 778
f 778 835 779
f 875 876 877
f 877 878 875
f 875 878 879
f 875 879 880
f 880 879 881
f 880 881 882
f 882 881 883
f 882 883 884
f 884 883 885
f 884 885 886
f 887 878 877
f 888 885 883
f 889 890 891
f 892 893 891
f 891 893 894
f 891 894 889
f 892 895 896
f 896 895 897
f 896 897 898
f 891 899 892
f 892 899 900
f 892 900 895
f 895 900 901
f 902 903 904
f 904 903 905
f 904 905 901
f 901 905 906
f 901 906 895
f 907 908 909
f 909 908 910
f 909 910 911
f 904 912 902
f 902 912 909
f 902 909 913
f 913 909 911
f 907 914 908
f 908 914 915
f 908 915 916
f 879 917 881
f 881 917 918
f 881 918 883
f 883 918 908
f 883 908 888
f 888 908 916
f 878 887 879
f 887 919 879
f 879 919 920
f 879 920 921
f 921 922 879
f 879 922 923
f 879 923 917
f 924 925 926
f 926 927 924
f 924 927 928
f 924 928 929
f 929 928 930
f 929 930 931
f 931 932 929
f 929 932 933
f 929 933 934
f 934 935 929
f 929 935 936
f 929 936 937
f 929 937 938
f 938 937 939
f 939 940 938
f 938 940 941
f 938 941 942
f 942 941 943
f 942 943 944
f 944 943 945
f 929 938 924
f 924 938 946
f 924 946 925
f 925 946 947
f 947 946 948
f 947 948 949
f 949 948 950
f 949 950 951
f 951 950 952
f 951 952 953
f 953 952 954
f 954 952 955
f 954 955 956
f 957 958 959
f 959 958 960
f 959 960 961
f 961 960 962
f 961 962 956
f 956 962 963
f 956 963 954
f 964 965 966
f 966 965 967
f 966 967 957
f 957 967 968
f 957 968 958
f 966 969 964
f 964 969 970
f 964 970 971
f 971 970 972
f 971 972 973
f 973 972 974
f 975 976 977
f 977 978 975
f 975 978 979
f 975 979 974
f 974 979 980
f 974 980 973
f 981 982 983
f 983 982 984
f 983 984 985
f 985 984 986
f 985 986 945
f 945 986 987
f 945 987 944
f 988 989 990
f 990 989 991
f 983 992 981
f 981 992 993
f 981 993 994
f 994 993 995
f 994 995 991
f 991 995 996
f 991 996 990
f 988 997 989
f 989 997 998
f 989 998 999
f 999 998 1000
f 1001 977 976
f 1002 1003 1004
f 1004 1003 1005
f 1004 1005 1006
f 1006 1005 1007
f 1006 1007 1008
f 1008 1007 1009
f 1008 1009 1010
f 1009 1011 1010
f 1010 1011 1012
f 1010 1012 1013
f 1013 1012 1014
f 1013 1014 1015
f 1015 1014 1016
f 1015 1016 1017
f 1017 1016 1018
f 1019 1020 1021
f 1021 1020 1022
f 1021 1022 1023
f 1023 1022 1024
f 1023 1024 1025
f 1021 1026 1019
f 1019 1026 1027
f 1019 1027 1028
f 1028 1027 1029
f 1028 1029 1018
f 1018 1029 1030
f 1018 1030 1017
f 1031 1032 1033
f 1024 1034 1025
f 1025 1034 1035
f 1025 1035 1036
f 1036 1035 1037
f 1036 1037 1038
f 1038 1037 1039
f 1038 1039 1033
f 1033 1039 1040
f 1033 1040 1031
f 1032 1031 1041
f 1041 1031 1042
f 1041 1042 1043
f 1043 1042 898
f 1043 898 1044
f 1044 898 897
f 1044 897 1045
f 1045 897 895
f 1045 895 1046
f 1046 895 906
f 1046 906 905
f 905 903 1046
f 1046 903 902
f 1046 902 1047
f 1047 902 913
f 1047 913 1048
f 918 1049 908
f 908 1049 1050
f 908 1050 910
f 910 1050 1048
f 910 1048 911
f 911 1048 913
f 917 1051 918
f 918 1051 1052
f 918 1052 1049
f 1053 1054 922
f 922 1054 1055
f 922 1055 923
f 923 1055 1056
f 923 1056 917
f 917 1056 1057
f 917 1057 1051
f 887 877 876
f 922 921 1053
f 1053 921 920
f 1053 920 1058
f 1058 920 919
f 1058 919 1059
f 1059 919 1060
f 919 887 1060
f 1060 887 876
f 1060 876 1061
f 1061 876 1001
f 1061 1001 1062
f 1062 1001 976
f 1063 1064 1065
f 1066 1067 1068
f 1069 1070 1071
f 1072 1073 1074
f 1074 1073 1075
f 1074 1075 1076
f 1077 1078 1072
f 1072 1078 1079
f 1072 1079 1073
f 1071 1080 1069
f 1069 1080 1081
f 1069 1081 1082
f 1082 1081 1083
f 1082 1083 1084
f 1084 1083 1085
f 1084 1085 1077
f 1077 1085 1086
f 1077 1086 1078
f 1087 1088 1089
f 1089 1088 1090
f 1089 1090 1091
f 1091 1090 1092
f 1091 1092 1070
f 1070 1092 1093
f 1070 1093 1071
f 1094 1095 1096
f 1096 1095 1097
f 1098 1099 1100
f 1100 1099 1101
f 1100 1101 1094
f 1094 1101 1102
f 1094 1102 1095
f 1065 1103 1063
f 1063 1103 1104
f 1063 1104 1098
f 1098 1104 1105
f 1098 1105 1099
f 1106 1107 1108
f 1108 1107 1109
f 1108 1109 1064
f 1064 1109 1110
f 1064 1110 1065
f 1075 1111 1076
f 1076 1111 1112
f 1076 1112 1113
f 1113 1112 1114
f 1113 1114 1115
f 1115 1114 1116
f 1115 1116 1117
f 1117 1116 1118
f 1117 1118 1119
f 1119 1118 1120
f 1119 1120 1106
f 1106 1120 1121
f 1106 1121 1107
f 1096 1122 1123
f 1096 1123 1094
f 1094 1123 1124
f 1094 1124 1100
f 1100 1124 1125
f 1100 1125 1098
f 1098 1125 1126
f 1098 1126 1063
f 1063 1126 1127
f 1063 1127 1064
f 1064 1127 1128
f 1064 1128 1108
f 1108 1128 1129
f 1108 1129 1106
f 1106 1129 1130
f 1106 1130 1119
f 1119 1130 1131
f 1119 1131 1117
f 1117 1131 1132
f 1117 1132 1115
f 1115 1132 1133
f 1115 1133 1113
f 1113 1133 1134
f 1113 1134 1076
f 1076 1134 1135
f 1076 1135 1074
f 1074 1135 1136
f 1074 1136 1072
f 1072 1136 1137
f 1072 1137 1077
f 1077 1137 1138
f 1077 1138 1084
f 1084 1138 1139
f 1084 1139 1082
f 1082 1139 1140
f 1082 1140 1069
f 1069 1140 1141
f 1069 1141 1070
f 1070 1141 1142
f 1070 1142 1091
f 1091 1142 1143
f 1091 1143 1089
f 1122 1144 1145
f 1122 1145 1123
f 1123 1145 1146
f 1123 1146 1124
f 1124 1146 1147
f 1124 1147 1125
f 1125 1147 1148
f 1125 1148 1126
f 1126 1148 1149
f 1126 1149 1127
f 1127 1149 1150
f 1127 1150 1128
f 1128 1150 1151
f 1128 1151 1129
f 1129 1151 1152
f 1129 1152 1130
f 1130 1152 1153
f 1130 1153 1131
f 1131 1153 1154
f 1131 1154 1132
f 1132 1154 1155
f 1132 1155 1133
f 1133 1155 1156
f 1133 1156 1134
f 1134 1156 1157
f 1134 1157 1135
f 1135 1157 1158
f 1135 1158 1136
f 1136 1158 1159
f 1136 1159 1137
f 1137 1159 1160
f 1137 1160 1138
f 1138 1160 1161
f 1138 1161 1139
f 1139 1161 1162
f 1139 1162 1140
f 1140 1162 1163
f 1140 1163 1141
f 1141 1163 1164
f 1141 1164 1142
f 1142 1164 1165
f 1142 1165 1143
f 1144 1166 1167
f 1144 1167 1145
f 1145 1167 1168
f 1145 1168 1146
f 1146 1168 1169
f 1146 1169 1147
f 1147 1169 1170
f 1147 1170 1148
f 1148 1170 1171
f 1148 1171 1149
f 1149 1171 1172
f 1149 1172 1150
f 1150 1172 1173
f 1150 1173 1151
f 1151 1173 1174
f 1151 1174 1152
f 1152 1174 1175
f 1152 1175 1153
f 1153 1175 1176
f 1153 1176 1154
f 1154 1176 1177
f 1154 1177 1155
f 1155 1177 1178
f 1155 1178 1156
f 1156 1178 1179
f 1156 1179 1157
f 1157 1179 1180
f 1157 1180 1158
f 1158 1180 1181
f 1158 1181 1159
f 1159 1181 1182
f 1159 1182 1160
f 1160 1182 1183
f 1160 1183 1161
f 1161 1183 1184
f 1161 1184 1162
f 1162 1184 1185
f 1162 1185 1163
f 1163 1185 1186
f 1163 1186 1164
f 1164 1186 1187
f 1164 1187 1165
f 1188 1187 1189
f 1189 1187 1186
f 1189 1186 1190
f 1190 1186 1185
f 1190 1185 1191
f 1191 1185 1184
f 1191 1184 1192
f 1192 1184 1183
f 1192 1183 1193
f 1193 1183 1182
f 1193 1182 1194
f 1194 1182 1181
f 1194 1181 1195
f 1195 1181 1180
f 1195 1180 1196
f 1196 1180 1179
f 1196 1179 1197
f 1197 1179 1178
f 1188 1198 1187
f 1187 1198 1199
f 1187 1199 1165
f 1165 1199 1200
f 1165 1200 1143
f 1143 1200 1201
f 1143 1201 1089
f 1089 1201 1202
f 1089 1202 1087
f 1087 1202 1203
f 1198 1204 1199
f 1199 1204 1205
f 1199 1205 1200
f 1200 1205 1206
f 1200 1206 1201
f 1201 1206 1207
f 1201 1207 1202
f 1202 1207 1068
f 1202 1068 1203
f 1203 1068 1067
f 1204 1208 1205
f 1205 1208 1166
f 1205 1166 1206
f 1206 1166 1144
f 1206 1144 1207
f 1207 1144 1122
f 1207 1122 1068
f 1068 1122 1096
f 1068 1096 1066
f 1066 1096 1097
f 1208 1209 1166
f 1166 1209 1210
f 1166 1210 1167
f 1167 1210 1211
f 1167 1211 1168
f 1168 1211 1212
f 1168 1212 1169
f 1169 1212 1213
f 1169 1213 1170
f 1170 1213 1214
f 1170 1214 1171
f 1171 1214 1215
f 1171 1215 1172
f 1172 1215 1216
f 1172 1216 1173
f 1173 1216 1217
f 1173 1217 1174
f 1174 1217 1218
f 1174 1218 1175
f 1175 1218 1219
f 1175 1219 1176
f 1176 1219 1220
f 1176 1220 1177
f 1177 1220 1221
f 1177 1221 1178
f 1178 1221 1222
f 1178 1222 1197
f 1220 1219 1223
f 1224 1212 1211
f 1224 1211 1225
f 1225 1211 1210
f 1225 1210 1226
f 1226 1210 1227
f 1227 1210 1209
f 1227 1209 1228
f 1208 1229 1209
f 1209 1229 1230
f 1209 1230 1228
f 1204 1231 1208
f 1208 1231 1232
f 1208 1232 1229
f 1233 1234 1188
f 1188 1234 1235
f 1188 1235 1198
f 1198 1235 1236
f 1198 1236 1204
f 1204 1236 1237
f 1204 1237 1231
f 1188 1189 1233
f 1233 1189 1190
f 1233 1190 1191
f 1192 1193 1238
f 1238 1193 1194
f 1238 1194 1239
f 1239 1194 1195
f 1239 1195 1240
f 1241 1242 1243
f 1242 1244 1243
f 1243 1244 1233
f 1243 1233 1238
f 1238 1233 1191
f 1238 1191 1192
f 1245 1246 1247
f 1248 1249 1245
f 1245 1249 1250
f 1245 1250 1246
f 1247 1251 1245
f 1245 1251 1252
f 1245 1252 1253
f 1253 1254 1245
f 1245 1254 1255
f 1245 1255 1256
f 1238 1257 1243
f 1243 1257 1248
f 1243 1248 1241
f 1241 1248 1245
f 1241 1245 1258
f 1258 1245 1256
f 1220 1223 1221
f 1221 1223 1259
f 1221 1259 1222
f 1222 1259 1260
f 1222 1260 1197
f 1197 1260 1261
f 1197 1261 1196
f 1196 1261 1262
f 1196 1262 1195
f 1195 1262 1263
f 1195 1263 1240
f 1217 1216 1264
f 1217 1264 1218
f 1218 1264 1219
f 1219 1264 1265
f 1219 1265 1223
f 1215 1214 1266
f 1266 1214 1213
f 1224 1267 1212
f 1212 1267 1268
f 1212 1268 1213
f 1213 1268 1269
f 1213 1269 1266
f 1216 1215 1264
f 1264 1215 1266
f 1264 1266 1270
f 1271 1272 1270
f 1270 1272 1273
f 1270 1273 1264
f 1266 1274 1270
f 1270 1274 1275
f 1270 1275 1271
f 1276 1277 1278
f 1278 1277 1279
f 1278 1279 1280
f 1281 1282 1278
f 1275 1276 1271
f 1271 1276 1278
f 1271 1278 1283
f 1283 1278 1282
f 1280 1284 1278
f 1278 1284 1285
f 1278 1285 1281
f 1065 1110 1286
f 1287 1107 1121
f 1287 1121 1288
f 1286 1110 1287
f 1287 1110 1109
f 1287 1109 1107
f 1065 1286 1103
f 1103 1286 1289
f 1103 1289 1104
f 1104 1289 1105
f 1105 1289 1290
f 1105 1290 1099
f 1099 1290 1101
f 1101 1290 1291
f 1101 1291 1102
f 1292 1097 1291
f 1291 1097 1095
f 1291 1095 1102
f 1293 1067 1292
f 1292 1067 1066
f 1292 1066 1097
f 1090 1088 1294
f 1294 1088 1087
f 1294 1087 1293
f 1293 1087 1203
f 1293 1203 1067
f 1295 1093 1294
f 1294 1093 1092
f 1294 1092 1090
f 1083 1081 1296
f 1296 1081 1080
f 1296 1080 1295
f 1295 1080 1071
f 1295 1071 1093
f 1083 1296 1085
f 1085 1296 1297
f 1085 1297 1086
f 1086 1297 1298
f 1086 1298 1078
f 1078 1298 1079
f 1079 1298 1299
f 1079 1299 1073
f 1073 1299 1075
f 1075 1299 1300
f 1075 1300 1111
f 1301 1114 1300
f 1300 1114 1112
f 1300 1112 1111
f 1121 1120 1288
f 1288 1120 1118
f 1288 1118 1301
f 1301 1118 1116
f 1301 1116 1114
f 1302 1260 1259
f 1303 1304 1305
f 1306 1307 1308
f 1309 976 975
f 1227 1310 1226
f 1226 1310 1311
f 1226 1311 1225
f 1225 1311 1224
f 1224 1311 1312
f 1224 1312 1267
f 1274 1266 1313
f 1313 1266 1269
f 1313 1269 1312
f 1312 1269 1268
f 1312 1268 1267
f 1274 1313 1275
f 1275 1313 1314
f 1275 1314 1276
f 1314 1315 1276
f 1276 1315 1316
f 1276 1316 1277
f 1316 1317 1277
f 1277 1317 1318
f 1277 1318 1279
f 1279 1318 1319
f 1279 1319 1280
f 1280 1319 1284
f 1284 1319 1320
f 1284 1320 1285
f 1283 1282 1321
f 1321 1282 1281
f 1321 1281 1322
f 1322 1281 1285
f 1322 1285 1323
f 1323 1285 1320
f 1321 1324 1283
f 1283 1324 1325
f 1283 1325 1271
f 1271 1325 1326
f 1271 1326 1272
f 1272 1326 1327
f 1328 1302 1329
f 1329 1302 1259
f 1329 1259 1330
f 1330 1259 1223
f 1330 1223 1331
f 1331 1223 1265
f 1331 1265 1332
f 1332 1265 1264
f 1332 1264 1327
f 1327 1264 1273
f 1327 1273 1272
f 1333 1334 1335
f 1335 1334 1336
f 1335 1336 1337
f 1337 1336 1338
f 1337 1338 1339
f 986 984 1340
f 1340 984 982
f 1340 982 1341
f 1339 1338 1000
f 1000 1338 1342
f 1000 1342 999
f 999 1342 1343
f 999 1343 989
f 982 981 1341
f 1341 981 994
f 1341 994 1344
f 1344 994 991
f 1344 991 1345
f 1345 991 989
f 1345 989 1346
f 1346 989 1343
f 1336 1347 1338
f 1338 1347 1348
f 1338 1348 1342
f 1342 1348 1349
f 1342 1349 1343
f 1343 1349 1350
f 1343 1350 1346
f 1346 1350 1351
f 1346 1351 1345
f 1345 1351 1352
f 1345 1352 1344
f 1344 1352 1353
f 1344 1353 1341
f 1341 1353 1354
f 1341 1354 1340
f 1340 1354 1355
f 1340 1355 986
f 986 1355 1356
f 986 1356 987
f 1347 1328 1348
f 1348 1328 1329
f 1348 1329 1349
f 1349 1329 1330
f 1349 1330 1350
f 1350 1330 1331
f 1350 1331 1351
f 1351 1331 1332
f 1351 1332 1352
f 1352 1332 1327
f 1352 1327 1353
f 1353 1327 1326
f 1353 1326 1354
f 1354 1326 1325
f 1354 1325 1355
f 1355 1325 1324
f 1355 1324 1356
f 1356 1324 1321
f 1356 1321 1357
f 1357 1321 1322
f 1357 1322 1358
f 1358 1322 1323
f 1358 1323 1359
f 1359 1323 1320
f 1359 1320 1360
f 1360 1320 1319
f 1360 1319 1361
f 1361 1319 1318
f 1361 1318 1362
f 1362 1318 1317
f 1362 1317 1363
f 1363 1317 1316
f 1363 1316 1364
f 1364 1316 1315
f 1364 1315 1365
f 1365 1315 1314
f 1365 1314 1366
f 1366 1314 1313
f 1366 1313 1367
f 1367 1313 1312
f 1367 1312 1305
f 1305 1312 1311
f 1305 1311 1303
f 1303 1311 1310
f 1368 1369 972
f 1307 1309 1308
f 1308 1309 975
f 1308 975 1369
f 1369 975 974
f 1369 974 972
f 972 970 1368
f 1368 970 969
f 1368 969 1370
f 969 966 1370
f 1370 966 957
f 1370 957 1371
f 1371 957 959
f 1371 959 1372
f 1372 959 961
f 1372 961 1373
f 961 956 1373
f 1373 956 955
f 1373 955 1374
f 955 952 1374
f 1374 952 950
f 1374 950 1375
f 1375 950 948
f 1375 948 1376
f 1376 948 946
f 1376 946 1377
f 1377 946 938
f 1377 938 942
f 1304 1306 1305
f 1305 1306 1308
f 1305 1308 1367
f 1367 1308 1369
f 1367 1369 1366
f 1366 1369 1368
f 1366 1368 1365
f 1365 1368 1370
f 1365 1370 1364
f 1364 1370 1371
f 1364 1371 1363
f 1363 1371 1372
f 1363 1372 1362
f 1362 1372 1373
f 1362 1373 1361
f 1361 1373 1374
f 1361 1374 1360
f 1360 1374 1375
f 1360 1375 1359
f 1359 1375 1376
f 1359 1376 1358
f 1358 1376 1377
f 1358 1377 1357
f 1357 1377 942
f 1357 942 1356
f 1356 942 944
f 1356 944 987
f 1378 1379 1380
f 1306 1304 1381
f 1328 1347 1382
f 1336 1334 1383
f 1310 1384 1303
f 1303 1384 1304
f 1385 1309 1307
f 976 1309 1062
f 1062 1309 1385
f 1062 1385 1061
f 1307 1386 1385
f 1385 1386 1387
f 1385 1387 1061
f 1061 1387 1388
f 1061 1388 1060
f 1060 1388 1059
f 1059 1388 1389
f 1059 1389 1058
f 1056 1055 1390
f 1390 1055 1054
f 1390 1054 1389
f 1389 1054 1053
f 1389 1053 1058
f 1056 1390 1057
f 1057 1390 1391
f 1057 1391 1051
f 1392 1049 1391
f 1391 1049 1052
f 1391 1052 1051
f 1393 1047 1394
f 1394 1047 1048
f 1394 1048 1392
f 1392 1048 1050
f 1392 1050 1049
f 1032 1041 1395
f 1395 1041 1043
f 1395 1043 1396
f 1396 1043 1044
f 1396 1044 1397
f 1397 1044 1045
f 1397 1045 1393
f 1393 1045 1046
f 1393 1046 1047
f 1032 1395 1033
f 1033 1395 1398
f 1033 1398 1038
f 1038 1398 1399
f 1038 1399 1036
f 1036 1399 1400
f 1036 1400 1025
f 1025 1400 1023
f 1023 1400 1401
f 1023 1401 1021
f 1021 1401 1402
f 1021 1402 1026
f 1403 1030 1404
f 1404 1030 1029
f 1404 1029 1402
f 1402 1029 1027
f 1402 1027 1026
f 1405 1015 1403
f 1403 1015 1017
f 1403 1017 1030
f 1004 1006 1406
f 1406 1006 1008
f 1406 1008 1407
f 1407 1008 1010
f 1407 1010 1405
f 1405 1010 1013
f 1405 1013 1015
f 1406 1408 1004
f 1004 1408 1383
f 1004 1383 1002
f 1002 1383 1334
f 1002 1334 1409
f 1409 1334 1333
f 1304 1384 1381
f 1381 1384 1410
f 1381 1410 1411
f 1411 1410 1412
f 1411 1412 1413
f 1413 1412 1414
f 1413 1414 1415
f 1415 1414 1416
f 1415 1416 1417
f 1380 1379 1418
f 1418 1379 1419
f 1418 1419 1420
f 1420 1419 1421
f 1420 1421 1422
f 1422 1421 1423
f 1422 1423 1424
f 1310 1227 1384
f 1384 1227 1228
f 1384 1228 1410
f 1410 1228 1230
f 1410 1230 1412
f 1412 1230 1229
f 1412 1229 1414
f 1414 1229 1232
f 1414 1232 1416
f 1416 1232 1231
f 1416 1231 1237
f 1237 1236 1416
f 1416 1236 1424
f 1416 1424 1417
f 1417 1424 1423
f 1236 1235 1424
f 1424 1235 1234
f 1424 1234 1422
f 1422 1234 1233
f 1422 1233 1420
f 1233 1244 1420
f 1420 1244 1242
f 1420 1242 1418
f 1418 1242 1241
f 1418 1241 1380
f 1380 1241 1425
f 1380 1425 1378
f 1378 1425 1426
f 1260 1302 1261
f 1261 1302 1427
f 1261 1427 1262
f 1262 1427 1428
f 1262 1428 1263
f 1263 1428 1240
f 1240 1428 1429
f 1240 1429 1239
f 1239 1429 1430
f 1239 1430 1238
f 1238 1430 1431
f 1238 1431 1257
f 1257 1431 1432
f 1257 1432 1248
f 1248 1432 1433
f 1248 1433 1249
f 1247 1434 1435
f 1247 1246 1434
f 1434 1246 1250
f 1434 1250 1436
f 1436 1250 1249
f 1436 1249 1437
f 1437 1249 1433
f 1241 1258 1425
f 1425 1258 1256
f 1425 1256 1426
f 1426 1256 1255
f 1426 1255 1438
f 1438 1255 1254
f 1438 1254 1439
f 1439 1254 1440
f 1439 1440 1441
f 1441 1440 1435
f 1441 1435 1442
f 1442 1435 1434
f 1442 1434 1443
f 1443 1434 1436
f 1443 1436 1444
f 1444 1436 1437
f 1444 1437 1445
f 1445 1437 1433
f 1445 1433 1446
f 1446 1433 1432
f 1446 1432 1447
f 1447 1432 1431
f 1447 1431 1448
f 1448 1431 1430
f 1448 1430 1449
f 1449 1430 1429
f 1449 1429 1450
f 1450 1429 1428
f 1450 1428 1382
f 1382 1428 1427
f 1382 1427 1328
f 1328 1427 1302
f 1254 1253 1440
f 1440 1253 1252
f 1440 1252 1435
f 1435 1252 1251
f 1435 1251 1247
f 1307 1306 1386
f 1386 1306 1381
f 1386 1381 1387
f 1387 1381 1411
f 1387 1411 1388
f 1388 1411 1413
f 1388 1413 1389
f 1389 1413 1415
f 1389 1415 1390
f 1390 1415 1417
f 1390 1417 1391
f 1391 1417 1423
f 1391 1423 1392
f 1392 1423 1421
f 1392 1421 1394
f 1394 1421 1419
f 1394 1419 1393
f 1393 1419 1379
f 1393 1379 1397
f 1397 1379 1378
f 1397 1378 1396
f 1396 1378 1426
f 1396 1426 1395
f 1395 1426 1438
f 1395 1438 1398
f 1398 1438 1439
f 1398 1439 1399
f 1399 1439 1441
f 1399 1441 1400
f 1400 1441 1442
f 1400 1442 1401
f 1401 1442 1443
f 1401 1443 1402
f 1402 1443 1444
f 1402 1444 1404
f 1404 1444 1445
f 1404 1445 1403
f 1403 1445 1446
f 1403 1446 1405
f 1405 1446 1447
f 1405 1447 1407
f 1407 1447 1448
f 1407 1448 1406
f 1406 1448 1449
f 1406 1449 1408
f 1408 1449 1450
f 1408 1450 1383
f 1383 1450 1382
f 1383 1382 1336
f 1336 1382 1347
f 1451 1452 1453
f 1453 1452 1454
f 1453 1454 1455
f 1455 1454 1456
f 1455 1456 1457
f 1457 1456 1458
f 1457 1458 1459
f 1459 1458 1460
f 1459 1460 1461
f 1461 1460 1462
f 1461 1462 1463
f 1463 1462 1464
f 1463 1464 1465
f 1465 1464 1466
f 1465 1466 1467
f 1467 1466 1468
f 1467 1468 1469
f 1469 1468 1470
f 1469 1470 1471
f 1471 1470 1472
f 1471 1472 1473
f 1473 1472 1474
f 1473 1474 1451
f 1451 1474 1452
f 1466 1475 1468
f 1468 1475 1476
f 1468 1476 1470
f 1476 1477 1470
f 1470 1477 1478
f 1470 1478 1472
f 1478 1479 1472
f 1472 1479 1480
f 1472 1480 1474
f 1474 1480 1481
f 1474 1481 1452
f 1464 1482 1466
f 1466 1482 1483
f 1466 1483 1475
f 1481 1484 1452
f 1452 1484 1485
f 1452 1485 1454
f 1454 1485 1486
f 1454 1486 1456
f 1456 1486 1487
f 1456 1487 1458
f 1458 1487 1488
f 1458 1488 1460
f 1460 1488 1489
f 1460 1489 1462
f 1462 1489 1490
f 1462 1490 1464
f 1464 1490 1491
f 1464 1491 1482
f 1461 1290 1459
f 1459 1290 1289
f 1459 1289 1457
f 1457 1289 1286
f 1457 1286 1455
f 1286 1287 1455
f 1455 1287 1288
f 1455 1288 1453
f 1453 1288 1301
f 1453 1301 1451
f 1451 1301 1300
f 1451 1300 1473
f 1467 1294 1465
f 1465 1294 1293
f 1465 1293 1463
f 1463 1293 1292
f 1463 1292 1461
f 1461 1292 1291
f 1461 1291 1290
f 1300 1299 1473
f 1473 1299 1298
f 1473 1298 1471
f 1471 1298 1297
f 1471 1297 1469
f 1469 1297 1296
f 1469 1296 1467
f 1467 1296 1295
f 1467 1295 1294
f 1492 1493 1494
f 1494 1493 1495
f 1496 1497 1498
f 1499 1500 1501
f 1501 1500 1502
f 1501 1502 1503
f 1503 1502 1504
f 1505 1506 1507
f 1507 1508 1505
f 1505 1508 1504
f 1505 1504 1498
f 1498 1504 1502
f 1498 1502 1496
f 1496 1502 1500
f 1496 1500 1509
f 1510 1511 1512
f 1497 1513 1498
f 1498 1513 1510
f 1498 1510 1505
f 1505 1510 1512
f 1505 1512 1506
f 1514 1477 1515
f 1515 1477 1476
f 1515 1476 1516
f 1516 1476 1475
f 1517 1518 1519
f 1520 1521 1522
f 1522 1521 1523
f 1524 1525 1526
f 1527 1528 1529
f 904 901 1530
f 1530 901 900
f 1530 900 899
f 907 909 1531
f 1531 909 912
f 914 1532 915
f 915 1532 1533
f 1534 1535 1536
f 1536 1535 886
f 1536 886 1537
f 1537 886 885
f 1537 885 1538
f 1538 885 888
f 1538 888 1533
f 1533 888 916
f 1533 916 915
f 1539 1540 1534
f 1534 1540 1541
f 1534 1541 1535
f 1542 1543 1544
f 1544 1543 1545
f 1544 1545 1540
f 1540 1545 1546
f 1540 1546 1547
f 1548 1549 1544
f 1544 1549 1550
f 1544 1550 1542
f 1551 1552 1553
f 1553 1552 1554
f 1553 1554 1555
f 1555 1554 1556
f 1555 1556 1557
f 1494 1495 1554
f 1495 1558 1554
f 1554 1558 1559
f 1554 1559 1556
f 1527 1529 1560
f 1495 1561 1558
f 1558 1561 1562
f 1558 1562 1563
f 1563 1562 1564
f 1563 1564 1565
f 1565 1564 1566
f 1565 1566 1529
f 1529 1566 1567
f 1529 1567 1560
f 1568 1569 1570
f 1570 1571 1572
f 1572 1571 1573
f 1572 1573 1574
f 1574 1573 1575
f 1574 1575 1492
f 1570 1569 1525
f 1524 1526 1576
f 1576 1526 1577
f 1577 1526 1578
f 1577 1578 1579
f 1580 1499 1579
f 1580 1523 1499
f 1499 1523 1521
f 1499 1521 1500
f 1500 1521 1581
f 1500 1581 1509
f 1582 1583 1584
f 1585 1586 1587
f 1587 1586 1588
f 1587 1588 1589
f 1589 1588 1590
f 1589 1590 1591
f 1518 1517 1592
f 1592 1517 1593
f 1592 1593 1594
f 1595 1596 1597
f 1597 1596 1598
f 1597 1598 914
f 914 1598 1599
f 914 1599 1532
f 1539 1600 1540
f 1540 1600 1601
f 1540 1601 1544
f 1544 1601 1602
f 1544 1602 1548
f 1602 1603 1548
f 1548 1603 1604
f 1548 1604 1605
f 1605 1604 1606
f 1605 1606 1568
f 890 1591 891
f 891 1591 1590
f 891 1590 899
f 899 1590 1588
f 899 1588 1530
f 1530 1588 1531
f 1530 1531 904
f 904 1531 912
f 1594 1595 1592
f 1592 1595 1597
f 1592 1597 1607
f 1494 1554 1608
f 1608 1554 1552
f 1608 1552 1548
f 1548 1552 1551
f 1548 1551 1549
f 1568 1570 1605
f 1605 1570 1572
f 1605 1572 1548
f 1548 1572 1574
f 1548 1574 1608
f 1608 1574 1492
f 1608 1492 1494
f 1585 1609 1586
f 1586 1609 1610
f 1586 1610 1588
f 1588 1610 1607
f 1588 1607 1531
f 1531 1607 1597
f 1531 1597 907
f 907 1597 914
f 1579 1578 1580
f 1580 1578 1611
f 1580 1611 1523
f 1523 1611 1584
f 1523 1584 1522
f 1522 1584 1583
f 1522 1583 1520
f 1569 1612 1525
f 1525 1612 1519
f 1525 1519 1526
f 1526 1519 1518
f 1526 1518 1578
f 1578 1518 1592
f 1578 1592 1611
f 1611 1592 1607
f 1611 1607 1584
f 1584 1607 1610
f 1584 1610 1582
f 1582 1610 1609
f 1478 1613 1479
f 1479 1613 1614
f 1479 1614 1480
f 1480 1614 1615
f 1599 1598 1616
f 1532 1599 1617
f 1599 1616 1617
f 1617 1616 1618
f 1617 1618 1619
f 1619 1618 1620
f 1619 1620 1621
f 1621 1620 1622
f 1621 1622 1623
f 1532 1617 1624
f 1624 1617 1619
f 1624 1619 1625
f 1625 1619 1621
f 1625 1621 1626
f 1626 1621 1623
f 1626 1623 1627
f 1628 1622 1620
f 1629 1630 1628
f 1630 1629 1613
f 1628 1620 1629
f 1629 1620 1618
f 1629 1618 1631
f 1631 1618 1616
f 1631 1616 1632
f 1632 1616 1598
f 1632 1598 1596
f 1613 1629 1633
f 1633 1629 1631
f 1633 1631 1634
f 1634 1631 1632
f 1634 1632 1635
f 1635 1632 1596
f 1635 1596 1595
f 1594 1593 1636
f 1595 1594 1637
f 1594 1636 1637
f 1637 1636 1638
f 1637 1638 1639
f 1639 1638 1640
f 1639 1640 1641
f 1641 1640 1615
f 1641 1615 1614
f 1595 1637 1635
f 1635 1637 1639
f 1635 1639 1634
f 1634 1639 1641
f 1634 1641 1633
f 1633 1641 1614
f 1633 1614 1613
f 1642 1624 1625
f 1643 1644 1645
f 1646 1647 1648
f 1649 1650 1651
f 1651 1650 1652
f 1651 1652 1653
f 1653 1652 1654
f 1655 1656 1657
f 1657 1656 1658
f 1657 1658 1659
f 1659 1658 1660
f 1659 1660 1654
f 1654 1660 1661
f 1654 1661 1653
f 1662 1663 1655
f 1655 1663 1664
f 1655 1664 1656
f 1665 1666 1667
f 1667 1666 1668
f 1667 1668 1662
f 1662 1668 1669
f 1662 1669 1663
f 1645 1670 1643
f 1643 1670 1671
f 1643 1671 1665
f 1665 1671 1672
f 1665 1672 1666
f 1627 1673 1674
f 1674 1673 1675
f 1674 1675 1676
f 1676 1675 1677
f 1676 1677 1678
f 1678 1677 1679
f 1678 1679 1644
f 1644 1679 1680
f 1644 1680 1645
f 1650 1681 1682
f 1650 1682 1652
f 1652 1682 1683
f 1652 1683 1654
f 1654 1683 1684
f 1654 1684 1659
f 1659 1684 1685
f 1659 1685 1657
f 1657 1685 1686
f 1657 1686 1655
f 1655 1686 1687
f 1655 1687 1662
f 1662 1687 1688
f 1662 1688 1667
f 1667 1688 1689
f 1667 1689 1665
f 1665 1689 1690
f 1665 1690 1643
f 1643 1690 1691
f 1643 1691 1644
f 1644 1691 1692
f 1644 1692 1678
f 1678 1692 1693
f 1678 1693 1676
f 1676 1693 1694
f 1676 1694 1674
f 1674 1694 1626
f 1674 1626 1627
f 1517 1519 1695
f 1695 1519 1696
f 1695 1696 1681
f 1681 1696 1682
f 1682 1696 1697
f 1682 1697 1683
f 1683 1697 1698
f 1683 1698 1684
f 1684 1698 1699
f 1684 1699 1685
f 1685 1699 1700
f 1685 1700 1686
f 1686 1700 1701
f 1686 1701 1687
f 1687 1701 1702
f 1687 1702 1688
f 1688 1702 1703
f 1688 1703 1689
f 1689 1703 1704
f 1689 1704 1690
f 1690 1704 1705
f 1690 1705 1691
f 1691 1705 1706
f 1691 1706 1692
f 1692 1706 1707
f 1692 1707 1693
f 1693 1707 1642
f 1693 1642 1694
f 1694 1642 1625
f 1694 1625 1626
f 1593 1708 1636
f 1636 1708 1709
f 1636 1709 1638
f 1638 1709 1648
f 1638 1648 1640
f 1640 1648 1647
f 1640 1647 1615
f 1593 1517 1708
f 1708 1517 1695
f 1708 1695 1709
f 1709 1695 1681
f 1709 1681 1648
f 1648 1681 1650
f 1648 1650 1646
f 1646 1650 1649
f 1519 1612 1696
f 1696 1612 1569
f 1696 1569 1697
f 1697 1569 1568
f 1697 1568 1698
f 1698 1568 1606
f 1698 1606 1699
f 1699 1606 1604
f 1699 1604 1700
f 1700 1604 1603
f 1700 1603 1701
f 1701 1603 1602
f 1701 1602 1702
f 1702 1602 1601
f 1702 1601 1703
f 1703 1601 1600
f 1703 1600 1704
f 1704 1600 1539
f 1704 1539 1705
f 1705 1539 1534
f 1705 1534 1706
f 1532 1624 1533
f 1533 1624 1642
f 1533 1642 1538
f 1538 1642 1707
f 1538 1707 1537
f 1537 1707 1706
f 1537 1706 1536
f 1536 1706 1534
f 1675 1483 1677
f 1677 1483 1482
f 1677 1482 1679
f 1679 1482 1491
f 1679 1491 1680
f 1680 1491 1645
f 1645 1491 1670
f 1670 1491 1490
f 1670 1490 1671
f 1658 1656 1487
f 1487 1656 1664
f 1487 1664 1488
f 1664 1663 1488
f 1488 1663 1710
f 1488 1710 1489
f 1489 1710 1711
f 1489 1711 1490
f 1490 1711 1712
f 1490 1712 1671
f 1658 1487 1660
f 1660 1487 1486
f 1660 1486 1661
f 1661 1486 1485
f 1661 1485 1653
f 1647 1646 1484
f 1484 1646 1649
f 1484 1649 1485
f 1485 1649 1651
f 1485 1651 1653
f 1484 1481 1647
f 1647 1481 1480
f 1647 1480 1615
f 1675 1673 1483
f 1483 1673 1713
f 1483 1713 1475
f 1475 1713 1516
f 1613 1478 1630
f 1630 1478 1477
f 1630 1477 1628
f 1628 1477 1514
f 1714 1715 1716
f 1717 1718 1715
f 1716 1719 1714
f 1714 1719 1720
f 1714 1720 1721
f 1721 1720 1722
f 1721 1722 1723
f 1715 1714 1717
f 1717 1714 1721
f 1717 1721 1724
f 1724 1721 1723
f 1724 1723 1725
f 1726 1727 1728
f 1728 1727 1729
f 1729 1727 1730
f 1729 1730 1731
f 1731 1730 1732
f 1731 1732 1733
f 1732 1734 1733
f 1733 1734 1735
f 1733 1735 1736
f 1737 1738 1739
f 1739 1738 1740
f 1739 1740 1741
f 1742 1743 1744
f 1744 1743 1745
f 1744 1745 1746
f 1746 1745 1747
f 1746 1747 1748
f 1748 1747 1749
f 1748 1749 1750
f 1749 1751 1750
f 1750 1751 1752
f 1750 1752 1753
f 1728 1754 1726
f 1726 1754 1755
f 1726 1755 1756
f 1756 1755 1757
f 1756 1757 1758
f 1758 1757 1759
f 1758 1759 1737
f 1737 1759 1760
f 1737 1760 1738
f 1735 1761 1736
f 1736 1761 1762
f 1736 1762 1763
f 1763 1762 1764
f 1740 1765 1741
f 1741 1765 1766
f 1741 1766 1767
f 1767 1766 1768
f 1767 1768 1769
f 1769 1768 1770
f 1769 1770 1771
f 1771 1770 1772
f 1771 1772 1742
f 1742 1772 1773
f 1742 1773 1743
f 1753 1774 1750
f 1750 1774 1775
f 1750 1775 1722
f 1764 1776 1763
f 1763 1776 1777
f 1763 1777 1778
f 1779 1780 1725
f 1775 1781 1722
f 1722 1781 1779
f 1722 1779 1723
f 1723 1779 1725
f 1782 1771 1783
f 1783 1771 1742
f 1783 1742 1784
f 1784 1742 1744
f 1784 1744 1785
f 1785 1744 1746
f 1763 1786 1787
f 1787 1786 1788
f 1787 1788 1789
f 1789 1788 1790
f 1789 1790 1791
f 1790 1792 1791
f 1791 1792 1793
f 1791 1793 1794
f 1795 1796 1797
f 1798 1799 1800
f 1800 1801 1802
f 1802 1801 1803
f 1802 1803 1804
f 1805 1795 1806
f 1806 1795 1797
f 1806 1797 1807
f 1807 1797 1808
f 1807 1808 1798
f 1803 1794 1809
f 1809 1794 1793
f 1809 1793 1810
f 1803 1809 1804
f 1804 1809 1810
f 1804 1810 1802
f 1802 1810 1811
f 1802 1811 1812
f 1798 1800 1807
f 1807 1800 1802
f 1807 1802 1806
f 1806 1802 1812
f 1806 1812 1805
f 1813 1814 1815
f 1813 1815 1816
f 1816 1815 1817
f 1816 1817 1818
f 1818 1817 1819
f 1818 1819 1820
f 1820 1819 1821
f 1820 1821 1745
f 1745 1821 1747
f 1745 1743 1820
f 1820 1743 1822
f 1820 1822 1818
f 1818 1822 1823
f 1818 1823 1816
f 1816 1823 1824
f 1816 1824 1813
f 1813 1824 1825
f 1743 1773 1822
f 1822 1773 1826
f 1822 1826 1823
f 1823 1826 1827
f 1823 1827 1824
f 1824 1827 1828
f 1824 1828 1825
f 1825 1828 1829
f 1830 1831 1832
f 1833 1834 1835
f 1836 1837 1838
f 1839 1840 1841
f 1842 1843 1844
f 1845 1846 1847
f 1848 1849 1850
f 1851 1852 1853
f 1854 1855 1856
f 1857 1858 1859
f 1738 1760 1860
f 1860 1760 1861
f 1860 1861 1862
f 1862 1861 1863
f 1862 1863 1864
f 1864 1863 1847
f 1773 1772 1826
f 1826 1772 1865
f 1826 1865 1827
f 1827 1865 1866
f 1827 1866 1828
f 1828 1866 1859
f 1828 1859 1829
f 1829 1859 1858
f 1772 1770 1865
f 1865 1770 1867
f 1865 1867 1866
f 1866 1867 1868
f 1866 1868 1859
f 1859 1868 1856
f 1859 1856 1857
f 1857 1856 1855
f 1869 1854 1870
f 1870 1854 1856
f 1870 1856 1871
f 1871 1856 1868
f 1871 1868 1872
f 1872 1868 1867
f 1872 1867 1768
f 1768 1867 1770
f 1768 1766 1872
f 1872 1766 1873
f 1872 1873 1871
f 1871 1873 1874
f 1871 1874 1870
f 1870 1874 1853
f 1870 1853 1869
f 1869 1853 1852
f 1766 1765 1873
f 1873 1765 1875
f 1873 1875 1874
f 1874 1875 1876
f 1874 1876 1853
f 1853 1876 1850
f 1853 1850 1851
f 1851 1850 1849
f 1877 1848 1878
f 1878 1848 1850
f 1878 1850 1879
f 1879 1850 1876
f 1879 1876 1880
f 1880 1876 1875
f 1880 1875 1740
f 1740 1875 1765
f 1740 1738 1880
f 1880 1738 1860
f 1880 1860 1879
f 1879 1860 1862
f 1879 1862 1878
f 1878 1862 1864
f 1878 1864 1877
f 1877 1864 1881
f 1847 1846 1864
f 1864 1846 1882
f 1864 1882 1881
f 1843 1845 1844
f 1844 1845 1847
f 1844 1847 1883
f 1883 1847 1863
f 1883 1863 1884
f 1884 1863 1861
f 1884 1861 1759
f 1759 1861 1760
f 1885 1842 1886
f 1886 1842 1844
f 1886 1844 1887
f 1887 1844 1883
f 1887 1883 1888
f 1888 1883 1884
f 1888 1884 1757
f 1757 1884 1759
f 1757 1755 1888
f 1888 1755 1889
f 1888 1889 1887
f 1887 1889 1890
f 1887 1890 1886
f 1886 1890 1841
f 1886 1841 1885
f 1885 1841 1840
f 1755 1754 1889
f 1889 1754 1891
f 1889 1891 1890
f 1890 1891 1892
f 1890 1892 1841
f 1841 1892 1838
f 1841 1838 1839
f 1839 1838 1837
f 1893 1836 1894
f 1894 1836 1838
f 1894 1838 1895
f 1895 1838 1892
f 1895 1892 1896
f 1896 1892 1891
f 1896 1891 1728
f 1728 1891 1754
f 1728 1729 1896
f 1896 1729 1897
f 1896 1897 1895
f 1895 1897 1898
f 1895 1898 1894
f 1894 1898 1835
f 1894 1835 1893
f 1893 1835 1834
f 1729 1731 1897
f 1897 1731 1899
f 1897 1899 1898
f 1898 1899 1900
f 1898 1900 1835
f 1835 1900 1832
f 1835 1832 1833
f 1833 1832 1831
f 1901 1830 1902
f 1902 1830 1832
f 1902 1832 1903
f 1903 1832 1900
f 1903 1900 1904
f 1904 1900 1899
f 1904 1899 1733
f 1733 1899 1731
f 1733 1736 1904
f 1904 1736 1905
f 1904 1905 1903
f 1903 1905 1906
f 1903 1906 1902
f 1902 1906 1907
f 1902 1907 1901
f 1901 1907 1908
f 1794 1908 1907
f 1794 1907 1791
f 1791 1907 1906
f 1791 1906 1789
f 1789 1906 1905
f 1789 1905 1787
f 1787 1905 1736
f 1787 1736 1763
f 1909 1910 1911
f 1911 1910 1912
f 1911 1912 1913
f 1911 1914 1909
f 1909 1914 1915
f 1909 1915 1916
f 1916 1915 1917
f 1918 1919 1920
f 1920 1919 1921
f 1920 1921 1922
f 1922 1921 1923
f 1922 1923 1924
f 1924 1923 1925
f 1924 1925 1926
f 1926 1925 1927
f 1926 1927 1928
f 1928 1927 1929
f 1928 1929 1930
f 1930 1929 1931
f 1930 1931 1917
f 1917 1931 1932
f 1917 1932 1916
f 1933 1934 1935
f 1935 1934 1936
f 1935 1936 1937
f 1937 1936 1938
f 1937 1938 1918
f 1918 1938 1939
f 1918 1939 1919
f 1935 1940 1933
f 1933 1940 1941
f 1933 1941 1942
f 1942 1941 1943
f 1942 1943 1944
f 1944 1943 1945
f 1944 1945 1946
f 1946 1945 1947
f 1946 1947 1948
f 1947 1949 1948
f 1948 1949 1950
f 1948 1950 1951
f 1951 1950 1952
f 1951 1952 1953
f 1954 1955 1956
f 1956 1955 1957
f 1956 1957 1958
f 1958 1957 1959
f 1958 1959 1960
f 1960 1959 1961
f 1960 1961 1953
f 1953 1961 1962
f 1953 1962 1951
f 1763 1778 1963
f 1964 1793 1792
f 1964 1792 1965
f 1792 1790 1965
f 1965 1790 1788
f 1965 1788 1963
f 1963 1788 1786
f 1963 1786 1763
f 1805 1812 1966
f 1793 1964 1810
f 1810 1964 1967
f 1966 1812 1967
f 1967 1812 1811
f 1967 1811 1810
f 1968 1969 1796
f 1968 1796 1966
f 1966 1796 1795
f 1966 1795 1805
f 1970 1971 1972
f 1972 1971 1973
f 1972 1973 331
f 1974 1971 1970
f 1975 1976 1977
f 1796 1969 1797
f 1797 1969 1978
f 1979 1980 1974
f 1974 1980 1981
f 1974 1981 1971
f 1982 1983 1984
f 1976 1985 1977
f 1977 1985 1979
f 1977 1979 1984
f 1984 1979 1974
f 1984 1974 1982
f 1982 1974 1970
f 1978 1975 1797
f 1797 1975 1977
f 1797 1977 1808
f 1808 1977 1984
f 1808 1984 1798
f 1798 1984 1983
f 1798 1983 1799
f 1986 1908 1794
f 1794 1803 1986
f 1986 1803 1801
f 1986 1801 1987
f 1987 1801 1800
f 1987 1800 1799
f 1908 1986 1901
f 1901 1986 1988
f 1901 1988 1830
f 1830 1988 1831
f 1831 1988 1989
f 1831 1989 1833
f 1833 1989 1834
f 1834 1989 1990
f 1834 1990 1893
f 1991 1837 1990
f 1990 1837 1836
f 1990 1836 1893
f 1842 1885 1992
f 1992 1885 1840
f 1992 1840 1991
f 1991 1840 1839
f 1991 1839 1837
f 1842 1992 1843
f 1843 1992 1993
f 1843 1993 1845
f 1845 1993 1846
f 1846 1993 1994
f 1846 1994 1882
f 1995 1877 1994
f 1994 1877 1881
f 1994 1881 1882
f 1996 1849 1995
f 1995 1849 1848
f 1995 1848 1877
f 1854 1869 1997
f 1997 1869 1852
f 1997 1852 1996
f 1996 1852 1851
f 1996 1851 1849
f 1854 1997 1855
f 1855 1997 1998
f 1855 1998 1857
f 1857 1998 1858
f 1858 1998 1999
f 1858 1999 1829
f 2000 2001 2002
f 2003 1913 1912
f 2004 2003 2005
f 2004 2005 2006
f 2006 2005 2007
f 2006 2007 2008
f 2009 2010 2007
f 2007 2010 2011
f 2007 2011 2008
f 2012 2013 2014
f 2015 2016 2017
f 2014 2015 2012
f 2012 2015 2017
f 2012 2017 2009
f 2009 2017 2018
f 2009 2018 2010
f 2002 2001 2012
f 2012 2001 2019
f 2012 2019 2020
f 2020 2021 2012
f 2012 2021 2022
f 2012 2022 2013
f 2023 2024 2025
f 2025 2024 2026
f 2026 2027 2025
f 2025 2027 2028
f 2025 2028 2002
f 2002 2028 2029
f 2002 2029 2000
f 1961 1959 2030
f 2030 1959 1957
f 2030 1957 2023
f 2023 1957 1955
f 2023 1955 2024
f 1946 1948 2031
f 2031 1948 1951
f 2031 1951 2030
f 2030 1951 1962
f 2030 1962 1961
f 1934 1933 2032
f 2032 1933 1942
f 2032 1942 2031
f 2031 1942 1944
f 2031 1944 1946
f 1921 1919 2033
f 1919 1939 2033
f 2033 1939 1938
f 2033 1938 2032
f 2032 1938 1936
f 2032 1936 1934
f 1916 1932 2034
f 2034 1932 1931
f 2034 1931 1929
f 1929 1927 2034
f 2034 1927 1925
f 2034 1925 2033
f 2033 1925 1923
f 2033 1923 1921
f 2003 1912 2005
f 2005 1912 1910
f 2005 1910 2034
f 2034 1910 1909
f 2034 1909 1916
f 2035 2036 2037
f 2037 2038 2035
f 2035 2038 2039
f 2035 2039 2040
f 2040 2041 2035
f 2035 2041 2042
f 2035 2042 2043
f 2044 2045 2046
f 337 2047 2048
f 2036 2049 2037
f 2037 2049 2050
f 2037 2050 2051
f 2051 2050 2052
f 2053 2054 2049
f 2049 2054 2055
f 2049 2055 2050
f 2050 2055 2056
f 2050 2056 2052
f 2048 2047 2057
f 2047 2058 2057
f 2057 2058 2059
f 2057 2059 2060
f 2060 2059 2061
f 2047 2062 2058
f 2058 2062 2063
f 2058 2063 2059
f 2059 2063 2064
f 2059 2064 2061
f 2061 2064 2046
f 2061 2046 2065
f 2065 2046 2045
f 2036 2044 2049
f 2049 2044 2046
f 2049 2046 2053
f 2053 2046 2064
f 2053 2064 2066
f 2066 2064 2063
f 2051 2052 2067
f 2051 2067 2037
f 2068 2069 2040
f 2070 2071 2068
f 2067 2071 2037
f 2037 2071 2070
f 2037 2070 2038
f 2068 2040 2070
f 2070 2040 2039
f 2070 2039 2038
f 2067 2072 2071
f 2071 2072 2073
f 2074 1780 1779
f 1779 2075 2074
f 2074 2075 2076
f 2074 2076 2072
f 2072 2076 2077
f 2072 2077 2073
f 1771 1782 2078
f 1771 2078 1769
f 1769 2078 2079
f 1769 2079 1767
f 1767 2079 2080
f 1767 2080 1741
f 1741 2080 2081
f 1741 2081 1739
f 1739 2081 2082
f 1739 2082 1737
f 1737 2082 2083
f 1737 2083 1758
f 1758 2083 2084
f 1758 2084 1756
f 1756 2084 2085
f 1756 2085 1726
f 1726 2085 2086
f 1726 2086 1727
f 1727 2086 275
f 1727 275 1730
f 2087 2088 2089
f 2090 1918 2091
f 2091 1918 1920
f 2091 1920 2092
f 2092 1920 1922
f 2092 1922 2093
f 2093 1922 1924
f 2093 1924 1926
f 1926 1928 2093
f 2093 1928 1930
f 2093 1930 1917
f 1917 1915 2093
f 2093 1915 1914
f 2093 1914 1911
f 1947 1945 2094
f 1945 1943 2094
f 2094 1943 1941
f 2094 1941 2095
f 2095 1941 1940
f 2095 1940 2096
f 2096 1940 1935
f 2096 1935 2090
f 2090 1935 1937
f 2090 1937 1918
f 2097 2098 2089
f 2089 2098 2099
f 2099 2100 2089
f 2089 2100 2101
f 2089 2101 1954
f 1960 2102 1958
f 1958 2102 1956
f 2103 1950 2094
f 2094 1950 1949
f 2094 1949 1947
f 1960 1953 2102
f 2102 1953 1952
f 2102 1952 2104
f 2104 1952 1950
f 2104 1950 2105
f 2105 1950 2103
f 2106 2107 2108
f 2109 2110 2097
f 2097 2110 2111
f 2097 2111 2098
f 2106 2108 2097
f 2097 2108 2112
f 2097 2112 2109
f 2113 2089 2102
f 2102 2089 1954
f 2102 1954 1956
f 2113 2114 2089
f 2089 2114 2115
f 2089 2115 2116
f 2116 2117 2089
f 2089 2117 2118
f 2089 2118 2087
f 1911 2119 2093
f 2093 2119 2120
f 2093 2120 2121
f 2122 2123 2120
f 2120 2123 2124
f 2120 2124 2121
f 1730 275 1732
f 1732 275 265
f 264 2125 265
f 265 2125 1732
f 2125 264 263
f 261 2126 263
f 263 2126 2127
f 263 2127 2125
f 2128 2129 261
f 261 2129 2130
f 261 2130 2126
f 261 259 2128
f 2128 259 258
f 2128 258 308
f 308 310 2131
f 1732 2125 1734
f 1734 2125 2132
f 2133 2129 2131
f 2131 2129 2128
f 2131 2128 308
f 2125 2127 2132
f 2132 2127 2126
f 2132 2126 2133
f 2133 2126 2130
f 2133 2130 2129
f 2133 2131 2134
f 1734 2132 1735
f 1735 2132 2135
f 1735 2135 1761
f 1761 2135 2136
f 1761 2136 1762
f 1762 2136 2137
f 1762 2137 1764
f 1764 2137 2138
f 2132 2133 2135
f 2135 2133 2134
f 2135 2134 2136
f 2136 2134 2139
f 2136 2139 2137
f 2137 2139 2140
f 2137 2140 2138
f 2138 2140 2141
f 2131 310 2134
f 2134 310 311
f 2134 311 2139
f 2139 311 313
f 2139 313 2140
f 2140 313 315
f 2140 315 2141
f 2141 315 317
f 1776 1764 2138
f 1777 1776 2142
f 2142 1776 2143
f 2142 2143 2144
f 2144 2143 2145
f 2145 2143 2146
f 2145 2146 2147
f 2147 2146 2148
f 2148 2146 319
f 2148 319 321
f 1776 2138 2143
f 2143 2138 2141
f 2143 2141 2146
f 2146 2141 317
f 2146 317 319
f 1778 1777 2149
f 2149 1777 2142
f 2149 2142 2150
f 2150 2142 2144
f 2150 2144 2151
f 2151 2144 2145
f 2151 2145 2152
f 2152 2145 2147
f 2152 2147 2153
f 2153 2147 2148
f 2153 2148 323
f 323 2148 321
f 2149 2150 2154
f 340 341 2155
f 2156 2157 2158
f 2158 2157 324
f 2158 324 340
f 2150 2151 2157
f 2157 2151 2152
f 2157 2152 324
f 324 2152 2153
f 324 2153 323
f 1965 1963 2154
f 2154 1963 1778
f 2154 1778 2149
f 340 2155 2158
f 2158 2155 2159
f 2158 2159 2156
f 2156 2159 2160
f 2156 2160 2161
f 2150 2157 2154
f 2154 2157 2156
f 2154 2156 1965
f 1965 2156 2161
f 1965 2161 1964
f 1966 1967 2162
f 2163 336 335
f 2155 341 342
f 342 2164 2155
f 2155 2164 2165
f 2155 2165 2159
f 2159 2165 2160
f 2160 2165 2162
f 2160 2162 2161
f 2161 2162 1967
f 2161 1967 1964
f 2166 1969 1968
f 335 2167 2163
f 2163 2167 2168
f 2163 2168 2169
f 2169 2168 2166
f 2169 2166 2170
f 2170 2166 1968
f 2170 1968 1966
f 1966 2162 2170
f 2170 2162 2165
f 2170 2165 2169
f 2169 2165 2164
f 2169 2164 2163
f 2163 2164 342
f 2163 342 336
f 1978 1969 2166
f 335 334 2167
f 2167 334 2171
f 2172 1985 2173
f 2173 1985 1976
f 2173 1976 1975
f 2174 2175 1971
f 2173 2176 2172
f 2172 2176 2177
f 2172 2177 2174
f 2174 2177 2178
f 2174 2178 2175
f 1978 2166 1975
f 1971 1981 2174
f 2174 1981 1980
f 2174 1980 2172
f 2172 1980 1979
f 2172 1979 1985
f 334 333 2171
f 2171 333 2179
f 2171 2179 2180
f 1975 2166 2173
f 2173 2166 2168
f 2173 2168 2176
f 2176 2168 2167
f 2176 2167 2177
f 2177 2167 2171
f 2177 2171 2178
f 2178 2171 2180
f 2178 2180 2175
f 1971 2175 1973
f 1973 2175 2181
f 1973 2181 331
f 332 331 2181
f 333 332 2179
f 2179 332 2181
f 2179 2181 2180
f 2180 2181 2175
f 331 329 1972
f 1972 329 2182
f 1972 2182 1970
f 1970 2182 1982
f 1982 2182 2183
f 1982 2183 1983
f 1983 2183 1987
f 1983 1987 1799
f 2184 2185 2186
f 2187 328 330
f 2187 330 337
f 2187 337 2048
f 2186 2188 2189
f 2189 2190 2186
f 2186 2190 2191
f 2186 2191 2184
f 2060 2061 2192
f 2192 2061 2065
f 2192 2065 2186
f 2186 2065 2045
f 2186 2045 2188
f 2048 2057 2187
f 2187 2057 2060
f 2187 2060 2193
f 2193 2060 2192
f 2194 2195 2062
f 2062 2195 2196
f 2062 2196 2063
f 2063 2196 2066
f 2197 2198 2199
f 2052 2056 2200
f 2200 2056 2197
f 2200 2197 2201
f 2201 2197 2199
f 2202 2203 2198
f 2204 2205 2203
f 2203 2205 2206
f 2203 2206 2198
f 2198 2206 2207
f 2198 2207 2199
f 338 339 2208
f 2047 337 2209
f 2208 2210 338
f 338 2210 2209
f 338 2209 337
f 2056 2055 2197
f 2197 2055 2054
f 2197 2054 2053
f 2053 2066 2197
f 2197 2066 2196
f 2197 2196 2198
f 2198 2196 2195
f 2198 2195 2202
f 2202 2195 2194
f 2062 2047 2194
f 2194 2047 2209
f 2194 2209 2202
f 2202 2209 2210
f 2202 2210 2203
f 2203 2210 2208
f 2203 2208 2204
f 2204 2208 339
f 2204 339 327
f 2067 2052 2200
f 2067 2200 2211
f 2200 2201 2211
f 2211 2201 2199
f 2211 2199 2212
f 2212 2199 2207
f 2212 2207 2206
f 2206 2205 2212
f 2212 2205 2204
f 2212 2204 2213
f 2213 2204 327
f 2213 327 326
f 2214 2215 2216
f 2217 2215 2218
f 2218 2215 2214
f 2218 2214 2219
f 2219 2214 2220
f 2219 2220 2221
f 2222 2212 2213
f 2211 2212 2223
f 2223 2212 2222
f 2223 2222 2224
f 2216 2224 2214
f 2214 2224 2222
f 2214 2222 2220
f 2220 2222 2213
f 2220 2213 2221
f 2221 2213 326
f 2221 326 325
f 2216 1780 2224
f 2224 1780 2074
f 2224 2074 2223
f 2223 2074 2072
f 2223 2072 2211
f 2211 2072 2067
f 2215 2217 1718
f 1718 1717 2215
f 2215 1717 1724
f 2215 1724 2216
f 2216 1724 1725
f 2216 1725 1780
f 2086 2225 275
f 275 2225 2226
f 275 2226 273
f 2122 2225 2123
f 2123 2225 2086
f 2123 2086 2124
f 2124 2086 2085
f 2124 2085 2121
f 2084 2092 2085
f 2085 2092 2093
f 2085 2093 2121
f 2083 2090 2084
f 2084 2090 2091
f 2084 2091 2092
f 2094 2095 2083
f 2083 2095 2096
f 2083 2096 2090
f 2094 2083 2103
f 2103 2083 2082
f 2103 2082 2105
f 2105 2082 2081
f 2105 2081 2104
f 2080 2113 2081
f 2081 2113 2102
f 2081 2102 2104
f 2117 2116 2079
f 2079 2116 2115
f 2079 2115 2080
f 2080 2115 2114
f 2080 2114 2113
f 2079 2078 2117
f 2117 2078 1782
f 2117 1782 2118
f 2227 2228 2229
f 2229 2228 2230
f 2229 2230 2231
f 2232 2233 2234
f 2227 2229 2235
f 2235 2229 2236
f 2235 2236 2237
f 2237 2236 2232
f 2237 2232 2238
f 2238 2232 2239
f 2239 2232 2234
f 2239 2234 2240
f 2241 2235 2237
f 2230 2228 2242
f 2241 2237 2243
f 2243 2237 2238
f 2243 2238 2244
f 2244 2238 2239
f 2244 2239 2245
f 2245 2239 2240
f 2245 2240 2246
f 2246 2240 2234
f 2246 2234 2247
f 2247 2234 2233
f 2247 2233 2248
f 2248 2233 2232
f 2248 2232 2249
f 2249 2232 2236
f 2249 2236 2250
f 2250 2236 2229
f 2250 2229 2251
f 2251 2229 2231
f 2251 2231 2252
f 2252 2231 2230
f 2252 2230 2253
f 2253 2230 2242
f 2253 2242 2254
f 2255 147 2256
f 2257 2258 2259
f 2259 2258 2260
f 2259 2260 2261
f 2261 2260 2262
f 2261 2262 2263
f 2263 2262 2264
f 2263 2264 2265
f 2265 2264 2266
f 2265 2266 2267
f 2267 2266 2268
f 2267 2268 2269
f 2269 2268 2270
f 2269 2270 2271
f 2271 2270 2272
f 2271 2272 2273
f 2273 2272 2274
f 2273 2274 2275
f 2275 2274 2276
f 2275 2276 2277
f 2277 2276 2278
f 2277 2278 2279
f 2279 2278 2280
f 2279 2280 2281
f 2281 2280 2282
f 2281 2282 2283
f 2283 2282 2284
f 2283 2284 2285
f 2285 2284 2286
f 2285 2286 2287
f 2287 2286 2288
f 2287 2288 2289
f 2289 2288 2290
f 2289 2290 2291
f 2291 2290 2292
f 2291 2292 2293
f 2293 2292 2294
f 2293 2294 2295
f 2295 2294 2296
f 2295 2296 2297
f 2297 2296 2298
f 2297 2298 2299
f 2299 2298 2300
f 2299 2300 2301
f 2301 2300 2302
f 2301 2302 2303
f 2303 2302 2304
f 2303 2304 2257
f 2257 2304 2258
f 2305 2306 2307
f 2307 2306 2308
f 2307 2308 2309
f 2309 2308 2310
f 2309 2310 2311
f 2311 2310 2312
f 2311 2312 2313
f 2313 2312 2314
f 2313 2314 2315
f 2315 2314 2316
f 2315 2316 2317
f 2317 2316 2318
f 2317 2318 2319
f 2319 2318 2320
f 2319 2320 2321
f 2321 2320 2322
f 2321 2322 2323
f 2323 2322 2324
f 2323 2324 2325
f 2325 2324 2326
f 2325 2326 2327
f 2327 2326 2328
f 2327 2328 2305
f 2305 2328 2306
f 2329 2330 2258
f 2331 2262 2330
f 2330 2262 2260
f 2330 2260 2258
f 2332 2266 2331
f 2331 2266 2264
f 2331 2264 2262
f 2333 2270 2332
f 2332 2270 2268
f 2332 2268 2266
f 2334 2274 2333
f 2333 2274 2272
f 2333 2272 2270
f 2335 2278 2334
f 2334 2278 2276
f 2334 2276 2274
f 2336 2282 2335
f 2335 2282 2280
f 2335 2280 2278
f 2337 2286 2336
f 2336 2286 2284
f 2336 2284 2282
f 2338 2290 2337
f 2337 2290 2288
f 2337 2288 2286
f 2339 2294 2338
f 2338 2294 2292
f 2338 2292 2290
f 2340 2298 2339
f 2339 2298 2296
f 2339 2296 2294
f 2258 2304 2329
f 2329 2304 2302
f 2329 2302 2340
f 2340 2302 2300
f 2340 2300 2298
f 2329 2324 2330
f 2330 2324 2322
f 2330 2322 2331
f 2331 2322 2320
f 2331 2320 2332
f 2332 2320 2318
f 2332 2318 2333
f 2333 2318 2316
f 2333 2316 2334
f 2334 2316 2314
f 2334 2314 2335
f 2335 2314 2312
f 2335 2312 2336
f 2336 2312 2310
f 2336 2310 2337
f 2337 2310 2308
f 2337 2308 2338
f 2338 2308 2306
f 2338 2306 2339
f 2339 2306 2328
f 2339 2328 2340
f 2340 2328 2326
f 2340 2326 2329
f 2329 2326 2324
f 2325 2341 2323
f 2323 2341 2342
f 2323 2342 2321
f 2321 2342 2343
f 2321 2343 2319
f 2319 2343 2344
f 2319 2344 2317
f 2317 2344 2345
f 2317 2345 2315
f 2315 2345 2346
f 2315 2346 2313
f 2313 2346 2347
f 2313 2347 2311
f 2311 2347 2348
f 2311 2348 2309
f 2309 2348 2349
f 2309 2349 2307
f 2307 2349 2350
f 2307 2350 2305
f 2305 2350 2351
f 2305 2351 2327
f 2327 2351 2352
f 2327 2352 2325
f 2325 2352 2341
f 2353 2352 2351
f 2341 2352 2353
f 2353 2349 2348
f 2350 2349 2353
f 2351 2350 2353
f 2353 2346 2345
f 2347 2346 2353
f 2348 2347 2353
f 2353 2343 2342
f 2344 2343 2353
f 2345 2344 2353
f 2342 2341 2353
f 1711 1710 2354
f 2354 1710 1663
f 2354 1663 2355
f 2355 1663 2356
f 2355 2356 2357
f 2357 2356 2358
f 2357 2358 2359
f 2359 2358 2360
f 2359 2360 2361
f 2354 2362 1711
f 1711 2362 2363
f 1711 2363 1712
f 1712 2363 2364
f 1712 2364 1671
f 1671 2364 2365
f 2364 2366 2365
f 2365 2366 2367
f 2365 2367 2368
f 2368 2367 2369
f 2368 2369 1673
f 1673 2369 2370
f 1673 2370 1713
f 2371 2372 2373
f 2373 2372 2374
f 2373 2374 2375
f 2375 2374 1628
f 2375 1628 2376
f 1628 1514 2376
f 2376 1514 1515
f 2376 1515 2370
f 2370 1515 1516
f 2370 1516 1713
f 2361 2360 2377
f 2377 2360 2378
f 2377 2378 2379
f 2379 2378 2380
f 2379 2380 2371
f 2371 2380 2381
f 2371 2381 2372
f 2382 2377 2379
f 2382 2379 2383
f 2383 2379 2371
f 2383 2371 2384
f 2385 2386 2373
f 2373 2386 2387
f 2373 2387 2371
f 2371 2387 2388
f 2371 2388 2384
f 2385 2373 2389
f 2389 2373 2375
f 2389 2375 2390
f 2390 2375 2391
f 2391 2375 2376
f 2391 2376 2392
f 2392 2376 2393
f 2393 2376 2370
f 2393 2370 2394
f 2395 2396 2369
f 2369 2396 2397
f 2369 2397 2370
f 2370 2397 2398
f 2370 2398 2394
f 2395 2369 2399
f 2399 2369 2367
f 2399 2367 2400
f 2366 2401 2367
f 2367 2401 2402
f 2367 2402 2400
f 2403 1750 1722
f 1719 1716 2404
f 2403 1722 2405
f 2404 2406 1719
f 1719 2406 2405
f 1719 2405 1720
f 1720 2405 1722
f 2217 2218 1718
f 1718 2218 2219
f 292 290 325
f 325 290 287
f 325 287 2221
f 2221 287 285
f 1715 2407 1716
f 1716 2407 2408
f 1716 2408 2404
f 297 299 2407
f 2407 299 874
f 2407 874 866
f 2219 2221 1718
f 1718 2221 285
f 1718 285 1715
f 1715 285 282
f 1715 282 2407
f 2407 282 281
f 2407 281 297
f 304 799 305
f 305 799 2409
f 869 306 2410
f 2410 306 305
f 2410 305 2411
f 2411 305 2409
f 2411 2409 2412
f 2413 2414 871
f 2413 871 2415
f 869 2410 2416
f 871 870 2415
f 2415 870 869
f 2415 869 2417
f 2417 869 2416
f 872 871 2414
f 2418 2419 864
f 872 2414 864
f 864 2414 2420
f 864 2420 2418
f 2405 2406 2421
f 2405 2421 2403
f 2403 2421 2422
f 2403 2422 1750
f 1750 2422 1748
f 1748 2422 2423
f 1748 2423 1746
f 2423 2424 1746
f 1746 2424 2425
f 1746 2425 1785
f 1785 2425 2426
f 1785 2426 2427
f 2428 2429 2430
f 2430 2431 2428
f 2428 2431 2419
f 2428 2419 2432
f 2429 2428 2407
f 2407 2428 2421
f 2407 2421 2408
f 2408 2421 2406
f 2408 2406 2404
f 2419 2418 2432
f 2432 2418 2420
f 2432 2420 2433
f 2415 2434 2413
f 2413 2434 2433
f 2413 2433 2414
f 2414 2433 2420
f 2429 2407 866
f 861 864 2419
f 861 2419 862
f 862 2419 865
f 865 2419 2431
f 865 2431 866
f 866 2431 2430
f 866 2430 2429
f 2435 2436 2437
f 2437 2436 2438
f 2439 2440 2441
f 2439 2441 2442
f 2442 2441 2443
f 2442 2443 2444
f 2444 2443 2445
f 2444 2445 2446
f 2446 2445 2437
f 2446 2437 2438
f 2043 2042 2447
f 2447 2042 2073
f 2447 2073 2077
f 2040 2069 2041
f 2041 2069 2042
f 2042 2069 2073
f 2073 2069 2068
f 2073 2068 2071
f 2447 2077 2076
f 2075 1779 1781
f 1753 2448 1774
f 1774 2448 2449
f 1774 2449 1775
f 2043 2447 2450
f 2450 2447 2076
f 2450 2076 2449
f 2449 2076 2075
f 2449 2075 1781
f 2449 1781 1775
f 1753 1752 1821
f 1752 1751 1821
f 1821 1751 1749
f 1821 1749 1747
f 1819 1817 2451
f 1821 2449 2448
f 1821 2448 1753
f 2449 1821 1819
f 2449 1819 2450
f 2450 1819 2451
f 2450 2451 2043
f 2452 2453 1815
f 1817 1815 2451
f 2451 1815 2453
f 2451 2453 2043
f 1814 2454 1815
f 1815 2454 2185
f 1815 2185 2452
f 2452 2185 2184
f 2452 2184 2191
f 2452 2191 2190
f 2455 2453 2452
f 2452 2190 2455
f 2455 2190 2189
f 2455 2189 2044
f 2044 2189 2188
f 2044 2188 2045
f 2044 2036 2455
f 2455 2036 2035
f 2455 2035 2453
f 2453 2035 2043
f 2456 2457 2243
f 2458 2459 2254
f 2254 2459 2253
f 2243 2244 2456
f 2456 2244 2245
f 2456 2245 2460
f 2460 2245 2246
f 2460 2246 2461
f 2461 2246 2247
f 2461 2247 2462
f 2462 2247 2248
f 2462 2248 2463
f 2463 2248 2249
f 2463 2249 2464
f 2464 2249 2250
f 2251 2465 2250
f 2250 2465 2466
f 2250 2466 2464
f 2252 2467 2251
f 2251 2467 2468
f 2251 2468 2465
f 2459 2469 2253
f 2253 2469 2470
f 2253 2470 2252
f 2252 2470 2471
f 2252 2471 2467
f 2472 2473 2474
f 2474 2473 2475
f 2474 2475 2476
f 2477 2478 2479
f 2479 2478 2474
f 2479 2474 2480
f 2480 2474 2476
f 2474 2481 2472
f 2472 2481 2482
f 2482 2481 2483
f 2483 2481 2484
f 2483 2484 2485
f 2485 2484 2486
f 2486 2484 2487
f 2486 2487 2488
f 2488 2487 2489
f 2488 2489 2490
f 2490 2489 2491
f 2490 2491 2492
f 2492 2491 2493
f 2493 2491 2494
f 2493 2494 2495
f 141 2496 142
f 142 2496 145
f 145 2496 2497
f 145 2497 147
f 147 2497 2498
f 147 2498 2256
f 2499 2500 2501
f 2502 2503 2500
f 2504 2505 2506
f 2502 2500 2507
f 2508 2509 2510
f 2510 2509 2511
f 2510 2511 2506
f 2506 2511 2499
f 2506 2499 2504
f 2504 2499 2501
f 2500 2499 2507
f 2507 2499 2511
f 2507 2511 2512
f 2512 2511 2509
f 2512 2509 2513
f 2513 2509 2508
f 2513 2508 2514
f 2514 2508 2515
f 2514 2515 2516
f 2503 1627 2500
f 2500 1627 1623
f 2500 1623 2501
f 2501 1623 1622
f 2517 2435 2437
f 2437 2445 2443
f 2518 2517 2440
f 2440 2517 2437
f 2440 2437 2441
f 2441 2437 2443
f 2519 2520 2521
f 2522 2519 2523
f 2523 2519 2521
f 2523 2521 2524
f 2524 2521 2525
f 2440 2439 2518
f 2518 2439 2526
f 2518 2526 2523
f 2523 2526 2527
f 2523 2527 2522
f 2528 2526 2436
f 2436 2526 2439
f 2436 2439 2438
f 2442 2444 2439
f 2439 2444 2446
f 2439 2446 2438
f 2521 1813 2525
f 2525 1813 1825
f 2525 1825 2529
f 2529 1825 2530
f 2530 1825 1829
f 2530 1829 1999
f 2435 1986 2436
f 2436 1986 1987
f 2436 1987 2183
f 2183 2182 2436
f 2436 2182 329
f 2436 329 2528
f 2528 329 328
f 2528 328 2186
f 2187 2193 328
f 328 2193 2192
f 328 2192 2186
f 2030 2023 1997
f 2531 2532 2533
f 2533 2532 2528
f 2533 2528 2534
f 2534 2528 2186
f 2033 1990 2034
f 2034 1990 1989
f 2034 1989 2005
f 2005 1989 1988
f 2005 1988 2007
f 2007 1988 1986
f 2007 1986 2009
f 2009 1986 2435
f 2009 2435 2012
f 2031 1993 2032
f 2032 1993 1992
f 2032 1992 2033
f 2033 1992 1991
f 2033 1991 1990
f 1997 2023 1998
f 1998 2023 2025
f 1998 2025 1999
f 1997 1996 2030
f 2030 1996 1995
f 2030 1995 2031
f 2031 1995 1994
f 2031 1994 1993
f 2012 2435 2002
f 2002 2435 2517
f 2002 2517 2535
f 1999 2025 2530
f 2530 2025 2002
f 2530 2002 2529
f 2529 2002 2535
f 2529 2535 2536
f 2517 2518 2535
f 2535 2518 2523
f 2535 2523 2536
f 2536 2523 2524
f 2536 2524 2529
f 2529 2524 2525
f 1813 2521 1814
f 1814 2521 2520
f 2520 2534 1814
f 1814 2534 2186
f 1814 2186 2454
f 2454 2186 2185
f 2534 2520 2519
f 2534 2519 2533
f 2533 2519 2522
f 2533 2522 2531
f 2531 2522 2527
f 2531 2527 2532
f 2532 2527 2526
f 2532 2526 2528
f 2267 676 2265
f 2265 676 674
f 2265 674 2263
f 2263 674 672
f 2263 672 2261
f 2261 672 670
f 2261 670 2259
f 2259 670 668
f 2259 668 2257
f 2257 668 714
f 2257 714 2303
f 2303 714 712
f 2303 712 2301
f 2301 712 710
f 2301 710 2299
f 2299 710 708
f 2299 708 2297
f 2297 708 706
f 2297 706 2295
f 2295 706 704
f 2295 704 2293
f 2293 704 702
f 2293 702 2291
f 2291 702 700
f 2291 700 2289
f 2289 700 698
f 2289 698 2287
f 2287 698 696
f 2287 696 2285
f 2285 696 694
f 2285 694 2283
f 2283 694 692
f 2283 692 2281
f 2281 692 690
f 2281 690 2279
f 2279 690 688
f 2279 688 2277
f 2277 688 686
f 2277 686 2275
f 2275 686 684
f 2275 684 2273
f 2273 684 682
f 2273 682 2271
f 2271 682 680
f 2271 680 2269
f 2269 680 678
f 2269 678 2267
f 2267 678 676
f 2377 2382 2537
f 2538 2539 2363
f 2363 2539 2540
f 2363 2540 2364
f 2364 2540 2541
f 2364 2541 2366
f 2366 2541 2542
f 2366 2542 2401
f 2362 2354 2543
f 2543 2544 2362
f 2362 2544 2545
f 2362 2545 2363
f 2363 2545 2546
f 2363 2546 2538
f 2547 2548 2355
f 2355 2548 2549
f 2355 2549 2354
f 2354 2549 2550
f 2354 2550 2543
f 2547 2355 2551
f 2551 2355 2357
f 2551 2357 2552
f 2359 2553 2357
f 2357 2553 2554
f 2357 2554 2552
f 2377 2537 2361
f 2361 2537 2555
f 2361 2555 2359
f 2359 2555 2556
f 2359 2556 2553
f 2553 2556 2557
f 2553 2557 2558
f 2387 2386 2559
f 2560 2561 2562
f 2562 2561 2563
f 2562 2563 2564
f 2564 2563 2565
f 2564 2565 2566
f 2566 2565 2567
f 2566 2567 2568
f 2568 2567 2569
f 2568 2569 2570
f 2571 2383 2572
f 2572 2383 2384
f 2559 2386 2573
f 2387 2559 2388
f 2388 2559 2570
f 2388 2570 2384
f 2384 2570 2569
f 2384 2569 2572
f 2386 2385 2573
f 2573 2385 2389
f 2573 2389 2574
f 2389 2390 2574
f 2574 2390 2391
f 2574 2391 2575
f 2575 2391 2392
f 2575 2392 2576
f 2398 2577 2394
f 2394 2577 2576
f 2394 2576 2393
f 2393 2576 2392
f 2398 2397 2577
f 2577 2397 2396
f 2577 2396 2578
f 2578 2396 2395
f 2578 2395 2579
f 2395 2399 2579
f 2579 2399 2400
f 2579 2400 2580
f 2580 2400 2402
f 2580 2402 2581
f 2402 2401 2581
f 2581 2401 2542
f 2581 2542 2582
f 2542 2541 2582
f 2582 2541 2540
f 2582 2540 2583
f 2540 2539 2583
f 2583 2539 2538
f 2583 2538 2584
f 2584 2538 2546
f 2584 2546 2585
f 2546 2545 2585
f 2585 2545 2544
f 2585 2544 2586
f 2586 2544 2543
f 2586 2543 2587
f 2587 2543 2550
f 2587 2550 2588
f 2554 2589 2552
f 2552 2589 2590
f 2552 2590 2551
f 2550 2549 2588
f 2588 2549 2548
f 2588 2548 2590
f 2590 2548 2547
f 2590 2547 2551
f 2558 2591 2553
f 2553 2591 2592
f 2554 2553 2589
f 2589 2553 2592
f 2589 2592 2593
f 2593 2592 2594
f 2593 2594 2560
f 2560 2594 2595
f 2560 2595 2561
f 2571 2596 2383
f 2383 2596 2597
f 2383 2597 2382
f 2382 2597 2598
f 2382 2598 2537
f 2599 2600 2016
f 2599 2016 2601
f 2016 2015 2601
f 2601 2015 2014
f 2601 2014 2602
f 2014 2013 2602
f 2602 2013 2022
f 2602 2022 2107
f 2107 2022 2021
f 2107 2021 2108
f 2108 2021 2020
f 2108 2020 2112
f 2020 2019 2112
f 2112 2019 2001
f 2112 2001 2109
f 2109 2001 2110
f 2110 2001 2000
f 2110 2000 2111
f 2111 2000 2029
f 2111 2029 2098
f 2098 2029 2028
f 2098 2028 2099
f 2099 2028 2027
f 2099 2027 2026
f 1955 1954 2024
f 2024 1954 2101
f 2024 2101 2026
f 2026 2101 2100
f 2026 2100 2099
f 2603 2600 2599
f 2087 2118 1782
f 1785 2427 1784
f 1784 2427 2604
f 1784 2604 2605
f 2088 2087 2606
f 2606 2087 1782
f 2606 1782 2607
f 2607 1782 1783
f 2607 1783 2608
f 2608 1783 1784
f 2608 1784 2609
f 2609 1784 2605
f 2610 2605 2604
f 2611 2612 2613
f 2613 2612 2610
f 2610 2604 2613
f 2613 2604 2427
f 2613 2427 2426
f 2614 268 267
f 2433 2434 2615
f 2428 2432 2613
f 2613 2432 2433
f 2613 2433 2611
f 2426 2425 2613
f 2613 2425 2424
f 2613 2424 2423
f 2423 2422 2613
f 2613 2422 2421
f 2613 2421 2428
f 2611 2433 2616
f 2616 2433 2615
f 2616 2615 2617
f 2617 2615 2618
f 2617 2618 2619
f 2619 2618 2620
f 2619 2620 2621
f 2621 2620 2622
f 2621 2622 2623
f 2623 2622 2624
f 2623 2624 2625
f 2626 2627 2628
f 2625 2624 2629
f 2629 2624 2626
f 2629 2626 2630
f 2630 2626 2628
f 2630 2628 2631
f 2632 2516 2633
f 2633 2516 2515
f 2505 2634 2506
f 2506 2634 2635
f 2506 2635 2510
f 2510 2635 2636
f 2510 2636 2508
f 2508 2636 2637
f 2508 2637 2515
f 2515 2637 2638
f 2515 2638 2633
f 2639 2640 2641
f 2641 2642 2639
f 2639 2642 2643
f 2639 2643 2505
f 2505 2643 2644
f 2505 2644 2634
f 2645 2488 2490
f 2632 2646 2516
f 2516 2646 2647
f 2516 2647 2648
f 2648 2647 2649
f 2648 2649 2650
f 2650 2649 2651
f 2649 2645 2651
f 2651 2645 2490
f 2651 2490 2652
f 2652 2490 2492
f 2652 2492 2493
f 2653 2654 2655
f 2434 2656 2615
f 2615 2656 2618
f 2653 2655 2657
f 2657 2655 2658
f 2657 2658 2659
f 2660 2622 2661
f 2661 2622 2620
f 2661 2620 2662
f 2662 2620 2618
f 2662 2618 2659
f 2659 2618 2656
f 2659 2656 2657
f 2660 2663 2622
f 2622 2663 2664
f 2622 2664 2624
f 2664 2665 2624
f 2624 2665 2666
f 2624 2666 2626
f 2626 2666 2667
f 2626 2667 2627
f 2668 2669 2670
f 2671 2672 2673
f 2673 2672 2674
f 2673 2674 2675
f 2668 2670 2675
f 2671 2673 2676
f 2676 2673 2677
f 2676 2677 2678
f 2678 2677 2679
f 2678 2679 2680
f 2680 2679 2681
f 2680 2681 2682
f 2681 2654 2682
f 2682 2654 2653
f 2682 2653 2683
f 2415 2417 2434
f 2434 2417 2416
f 2434 2416 2656
f 2656 2416 2683
f 2656 2683 2657
f 2657 2683 2653
f 2675 2670 2673
f 2673 2670 2684
f 2673 2684 2685
f 2685 2684 2686
f 2686 2684 2687
f 2686 2687 2688
f 2688 2687 2689
f 2689 2687 2690
f 2689 2690 2691
f 2690 2692 2691
f 2691 2692 2693
f 2691 2693 2694
f 2694 2695 2691
f 2691 2695 2696
f 2691 2696 2697
f 2590 2698 2588
f 2588 2698 2699
f 2588 2699 2587
f 2587 2699 2700
f 2587 2700 2586
f 2586 2700 2701
f 2586 2701 2585
f 2585 2701 2702
f 2585 2702 2584
f 2584 2702 2703
f 2584 2703 2583
f 2583 2703 2704
f 2583 2704 2582
f 2582 2704 2581
f 2590 2589 2698
f 2698 2589 2593
f 2698 2593 2560
f 2697 2705 2691
f 2691 2705 2698
f 2691 2698 2562
f 2562 2698 2560
f 2574 2575 2706
f 2562 2564 2691
f 2691 2564 2566
f 2691 2566 2568
f 2574 2706 2573
f 2568 2570 2691
f 2691 2570 2559
f 2691 2559 2707
f 2707 2559 2573
f 2707 2573 2708
f 2708 2573 2706
f 2575 2576 2706
f 2706 2576 2577
f 2706 2577 2578
f 2581 2704 2580
f 2580 2704 2709
f 2580 2709 2710
f 2491 2579 2494
f 2494 2579 2580
f 2494 2580 2711
f 2711 2580 2710
f 2712 2713 2489
f 2487 2478 2489
f 2489 2478 2714
f 2489 2714 2712
f 2713 2715 2489
f 2489 2715 2706
f 2489 2706 2491
f 2491 2706 2578
f 2491 2578 2579
f 2487 2484 2478
f 2478 2484 2481
f 2478 2481 2474
f 2716 2717 2718
f 2478 2477 2714
f 2714 2477 2719
f 2720 2715 2713
f 2713 2712 2720
f 2720 2712 2714
f 2720 2714 2718
f 2718 2714 2719
f 2718 2719 2716
f 2721 2722 2723
f 2716 2719 2724
f 2486 2488 2645
f 2486 2645 2485
f 2473 2472 2482
f 2717 2716 2725
f 2725 2716 2724
f 2725 2724 2726
f 2726 2724 2727
f 2727 2724 2728
f 2728 2724 2729
f 2728 2729 2730
f 2723 2722 2729
f 2729 2722 2731
f 2729 2731 2730
f 2723 2732 2721
f 2721 2732 2733
f 2721 2733 2734
f 2734 2733 2735
f 2734 2735 2736
f 2736 2735 2737
f 2737 2735 2647
f 2737 2647 2646
f 2475 2473 2738
f 2719 2477 2724
f 2724 2477 2479
f 2724 2479 2729
f 2729 2479 2480
f 2729 2480 2723
f 2723 2480 2476
f 2723 2476 2732
f 2476 2475 2732
f 2732 2475 2738
f 2732 2738 2733
f 2733 2738 2739
f 2733 2739 2735
f 2735 2739 2740
f 2473 2482 2738
f 2738 2482 2483
f 2738 2483 2739
f 2739 2483 2485
f 2739 2485 2740
f 2740 2485 2645
f 2740 2645 2735
f 2735 2645 2649
f 2735 2649 2647
f 1628 2741 2640
f 2741 1628 2742
f 2742 1628 2374
f 2742 2374 2743
f 1622 1628 2501
f 2501 1628 2640
f 2501 2640 2504
f 2504 2640 2639
f 2504 2639 2505
f 2743 2374 2372
f 2743 2372 2744
f 2744 2372 2381
f 2744 2381 2745
f 2746 2747 2380
f 2748 2749 2365
f 2365 2749 1671
f 2749 2750 1671
f 1671 2750 2751
f 1671 2751 1672
f 1672 2751 2752
f 1672 2752 1666
f 1666 2752 2753
f 1666 2753 1668
f 1668 2753 2754
f 1668 2754 1669
f 2748 2365 2755
f 2755 2365 2368
f 2755 2368 2756
f 2756 2368 1673
f 2756 1673 2757
f 2757 1673 1627
f 2757 1627 2503
f 2380 2747 2381
f 2381 2747 2758
f 2381 2758 2745
f 2746 2380 2759
f 2759 2380 2378
f 2759 2378 2760
f 2760 2378 2360
f 2760 2360 2761
f 2761 2360 2762
f 2762 2360 2358
f 2762 2358 2763
f 2754 2764 1669
f 1669 2764 2765
f 1669 2765 1663
f 1663 2765 2766
f 1663 2766 2356
f 2356 2766 2767
f 2356 2767 2358
f 2358 2767 2768
f 2358 2768 2763
f 2516 2769 2514
f 2648 2650 2770
f 2771 2772 2773
f 2773 2772 2774
f 2773 2774 2775
f 2775 2774 2776
f 2775 2776 2777
f 2495 2778 2779
f 2779 2778 2780
f 2779 2780 2781
f 2781 2780 2782
f 2781 2782 2771
f 2771 2782 2783
f 2771 2783 2772
f 2495 2779 2493
f 2493 2779 2784
f 2493 2784 2652
f 2770 2650 2784
f 2784 2650 2651
f 2784 2651 2652
f 2507 2512 2502
f 2502 2512 2785
f 2502 2785 2503
f 2786 2787 2766
f 2766 2765 2786
f 2786 2765 2764
f 2786 2764 2788
f 2764 2754 2788
f 2788 2754 2753
f 2788 2753 2789
f 2789 2753 2752
f 2789 2752 2790
f 2513 2514 2791
f 2791 2514 2769
f 2791 2769 2792
f 2777 2793 2775
f 2775 2793 2794
f 2775 2794 2773
f 2773 2794 2795
f 2773 2795 2771
f 2771 2795 2796
f 2771 2796 2781
f 2781 2796 2797
f 2781 2797 2779
f 2779 2797 2798
f 2779 2798 2784
f 2784 2798 2792
f 2784 2792 2770
f 2770 2792 2769
f 2770 2769 2648
f 2648 2769 2516
f 2799 2756 2785
f 2785 2756 2757
f 2785 2757 2503
f 2800 2748 2799
f 2799 2748 2755
f 2799 2755 2756
f 2752 2751 2790
f 2790 2751 2750
f 2790 2750 2800
f 2800 2750 2749
f 2800 2749 2748
f 2793 2787 2794
f 2794 2787 2786
f 2794 2786 2795
f 2795 2786 2788
f 2795 2788 2796
f 2796 2788 2789
f 2796 2789 2797
f 2797 2789 2790
f 2797 2790 2798
f 2798 2790 2800
f 2798 2800 2792
f 2792 2800 2799
f 2792 2799 2791
f 2791 2799 2785
f 2791 2785 2513
f 2513 2785 2512
f 2801 2802 2772
f 2772 2802 2803
f 2772 2803 2774
f 2804 2805 2783
f 2783 2805 2806
f 2783 2806 2772
f 2772 2806 2807
f 2772 2807 2801
f 2783 2782 2804
f 2804 2782 2780
f 2804 2780 2808
f 2808 2780 2778
f 67 68 2809
f 83 2810 2811
f 2812 761 760
f 2813 153 152
f 764 763 2814
f 2814 763 2815
f 2815 763 157
f 2815 157 2816
f 2816 157 154
f 2816 154 153
f 2813 2817 153
f 153 2817 2818
f 153 2818 2816
f 2819 2820 152
f 152 2820 2821
f 152 2821 2813
f 152 149 2819
f 2819 149 147
f 2819 147 2255
f 2822 759 758
f 186 753 2823
f 2823 753 757
f 757 756 2823
f 2823 756 755
f 2823 755 2812
f 2812 755 754
f 2812 754 761
f 2824 180 186
f 2825 177 180
f 175 2826 139
f 139 2826 86
f 139 86 45
f 2810 83 2826
f 2826 83 85
f 2826 85 86
f 56 79 2811
f 2811 79 81
f 2811 81 83
f 2827 62 60
f 2828 63 62
f 75 67 132
f 132 67 2809
f 132 2809 133
f 133 2809 101
f 101 2809 99
f 99 2809 2829
f 99 2829 100
f 100 2829 2830
f 100 2830 131
f 131 2830 2831
f 131 2831 102
f 2832 2833 2831
f 2831 2833 2834
f 2831 2834 102
f 102 2834 2835
f 102 2835 103
f 2836 2837 2838
f 2838 2837 2839
f 2840 2841 2842
f 2842 2841 2843
f 2844 2845 2846
f 2844 2846 2847
f 2847 2846 2848
f 2847 2848 2849
f 2844 2850 2851
f 2845 2844 2852
f 2852 2844 2851
f 2852 2851 2853
f 2853 2851 2822
f 2853 2822 2854
f 2854 2822 758
f 2854 758 2855
f 2855 758 762
f 2855 762 2856
f 2856 762 752
f 2856 752 2857
f 2857 752 751
f 2857 751 2858
f 2858 751 766
f 2858 766 2814
f 2814 766 765
f 2814 765 764
f 2848 2840 2849
f 2849 2840 2842
f 2849 2842 2847
f 2847 2842 2859
f 2843 2860 2842
f 2842 2860 2861
f 2842 2861 2859
f 2859 2861 2862
f 2859 2862 2863
f 2863 2862 58
f 2863 58 2864
f 2864 58 52
f 2864 52 54
f 2860 2865 2861
f 2861 2865 2827
f 2861 2827 2862
f 2862 2827 60
f 2862 60 58
f 62 2827 2828
f 2828 2827 2865
f 2828 2865 2866
f 2866 2865 2860
f 2866 2860 2836
f 2836 2860 2843
f 2836 2843 2837
f 2839 2832 2838
f 2838 2832 2831
f 2838 2831 2836
f 2836 2831 2830
f 2836 2830 2866
f 2866 2830 2829
f 2866 2829 2828
f 2828 2829 2809
f 2828 2809 63
f 63 2809 68
f 2850 2823 2851
f 2851 2823 2812
f 2851 2812 2822
f 2822 2812 760
f 2822 760 759
f 180 2824 2825
f 2825 2824 2867
f 2825 2867 2868
f 2868 2867 2869
f 2868 2869 2870
f 2870 2869 2871
f 2870 2871 2872
f 2873 2811 2874
f 2874 2811 2810
f 2874 2810 2875
f 2875 2810 2826
f 2875 2826 2876
f 2876 2826 175
f 2876 175 177
f 177 2825 2876
f 2876 2825 2868
f 2876 2868 2875
f 2875 2868 2870
f 2875 2870 2874
f 2874 2870 2872
f 2874 2872 2873
f 186 2823 2824
f 2824 2823 2850
f 2824 2850 2867
f 2867 2850 2844
f 2867 2844 2869
f 2869 2844 2847
f 2869 2847 2871
f 2871 2847 2859
f 2871 2859 2872
f 2872 2859 2863
f 2872 2863 2873
f 2873 2863 2864
f 2873 2864 2811
f 2811 2864 54
f 2811 54 56
f 2778 2495 2494
f 2694 2877 2695
f 2695 2877 2878
f 2695 2878 2696
f 2696 2878 2879
f 2696 2879 2697
f 2697 2879 2880
f 2697 2880 2705
f 2705 2880 2698
f 2698 2880 2881
f 2698 2881 2699
f 2699 2881 2882
f 2699 2882 2883
f 2802 2801 2884
f 2884 2801 2701
f 2884 2701 2883
f 2883 2701 2700
f 2883 2700 2699
f 2778 2494 2808
f 2808 2494 2711
f 2808 2711 2804
f 2804 2711 2710
f 2804 2710 2805
f 2805 2710 2709
f 2805 2709 2806
f 2806 2709 2704
f 2806 2704 2807
f 2807 2704 2703
f 2807 2703 2801
f 2801 2703 2702
f 2801 2702 2701
f 2692 2690 2885
f 2885 2886 2692
f 2692 2886 2887
f 2692 2887 2693
f 2877 2694 2888
f 2888 2694 2693
f 2888 2693 2889
f 2889 2693 2887
f 2670 2669 2890
f 2890 2669 2891
f 2885 2690 2892
f 2670 2890 2684
f 2684 2890 2893
f 2684 2893 2687
f 2687 2893 2894
f 2687 2894 2690
f 2690 2894 2895
f 2690 2895 2892
f 2896 2897 2898
f 2898 2897 2899
f 2898 2899 2900
f 2900 2899 2901
f 2892 2902 2885
f 2885 2902 2903
f 2885 2903 2904
f 2904 2903 2905
f 2904 2905 2906
f 2906 2905 2900
f 2906 2900 2907
f 2907 2900 2901
f 2901 2899 2908
f 2909 2910 2907
f 2907 2910 2911
f 2907 2911 2906
f 2912 2913 2909
f 2909 2913 2914
f 2909 2914 2910
f 2915 2916 2917
f 2917 2916 2918
f 2917 2918 2919
f 2919 2918 2920
f 2919 2920 2921
f 2921 2920 2912
f 2921 2912 2922
f 2922 2912 2909
f 2907 2901 2909
f 2909 2901 2908
f 2909 2908 2922
f 2922 2908 2923
f 2922 2923 2921
f 2921 2923 2924
f 2921 2924 2919
f 2919 2924 2925
f 2919 2925 2917
f 2917 2925 2926
f 2917 2926 2915
f 2915 2926 2927
f 2928 2929 2930
f 2410 2931 2932
f 2416 2410 2683
f 2683 2410 2932
f 2683 2932 2682
f 2682 2932 2680
f 2933 2671 2676
f 2933 2676 2934
f 2934 2676 2932
f 2932 2676 2678
f 2932 2678 2680
f 2935 2927 2936
f 2936 2927 2937
f 2936 2937 2412
f 2412 2937 2931
f 2412 2931 2411
f 2411 2931 2410
f 2935 2928 2927
f 2927 2928 2930
f 2927 2930 2915
f 2915 2930 2916
f 797 796 2938
f 2928 2939 2940
f 2935 2936 2941
f 2942 2943 2944
f 2944 2943 2945
f 796 795 2938
f 2938 795 2946
f 2938 2946 2947
f 2947 2946 2948
f 2949 2941 798
f 798 2941 799
f 799 2941 2409
f 2409 2941 2936
f 2409 2936 2412
f 2945 2950 2944
f 2944 2950 2951
f 2944 2951 2952
f 2952 2951 2953
f 2952 2953 2954
f 2954 2953 2955
f 2954 2955 2956
f 2956 2955 2957
f 2956 2957 2958
f 2958 2957 2959
f 2958 2959 2960
f 2960 2959 2929
f 2961 2942 2962
f 2962 2942 2944
f 2962 2944 2963
f 2963 2944 2952
f 2963 2952 2964
f 2964 2952 2954
f 2964 2954 2965
f 2965 2954 2956
f 2965 2956 2966
f 2966 2956 2958
f 2966 2958 2940
f 2940 2958 2960
f 2940 2960 2928
f 2928 2960 2929
f 2938 2967 797
f 797 2967 2968
f 797 2968 798
f 798 2968 2969
f 798 2969 2949
f 2948 2961 2947
f 2947 2961 2962
f 2947 2962 2938
f 2938 2962 2963
f 2938 2963 2967
f 2967 2963 2964
f 2967 2964 2968
f 2968 2964 2965
f 2968 2965 2969
f 2969 2965 2966
f 2969 2966 2949
f 2949 2966 2940
f 2949 2940 2941
f 2941 2940 2939
f 2941 2939 2935
f 2935 2939 2928
f 2970 2971 50
f 2972 801 800
f 64 230 2973
f 2973 230 2974
f 801 2972 2975
f 2975 2972 2976
f 2975 2976 230
f 230 2976 2977
f 230 2977 2974
f 2973 2978 64
f 64 2978 2979
f 64 2979 61
f 61 2979 2980
f 61 2980 59
f 59 2980 2970
f 59 2970 57
f 57 2970 50
f 2981 2982 809
f 809 2982 2983
f 809 2983 810
f 810 2983 2972
f 810 2972 811
f 811 2972 800
f 2984 2985 791
f 859 843 849
f 847 846 2986
f 2987 855 853
f 859 849 792
f 795 794 2946
f 2946 794 2988
f 2946 2988 2948
f 2948 2988 2961
f 2989 2990 2991
f 2991 2990 2992
f 2991 2992 2945
f 853 852 2987
f 2987 852 2993
f 2987 2993 2994
f 2994 2993 2995
f 2994 2995 2996
f 2996 2995 2997
f 2996 2997 2998
f 2998 2997 2999
f 2998 2999 3000
f 3000 2999 3001
f 3000 3001 2991
f 2991 3001 3002
f 2991 3002 2989
f 846 855 2986
f 2986 855 2987
f 2986 2987 3003
f 3003 2987 2994
f 3003 2994 3004
f 3004 2994 2996
f 3004 2996 3005
f 3005 2996 2998
f 3005 2998 3006
f 3006 2998 3000
f 3006 3000 3007
f 3007 3000 2991
f 3007 2991 2943
f 2943 2991 2945
f 791 2985 790
f 790 2985 3008
f 790 3008 793
f 793 3008 3009
f 793 3009 794
f 794 3009 3010
f 794 3010 2988
f 2943 2942 3007
f 3007 2942 2961
f 3007 2961 3006
f 3006 2961 2988
f 3006 2988 3005
f 3005 2988 3010
f 3005 3010 3004
f 3004 3010 3009
f 3004 3009 3003
f 3003 3009 3008
f 3003 3008 2986
f 2986 3008 2985
f 2986 2985 847
f 847 2985 2984
f 847 2984 849
f 849 2984 791
f 849 791 792
f 772 832 773
f 773 832 3011
f 776 775 3011
f 3011 775 774
f 3011 774 773
f 3012 868 3011
f 3011 868 838
f 3011 838 776
f 830 829 3013
f 3013 829 863
f 3013 863 3012
f 3012 863 867
f 3012 867 868
f 3014 3015 3016
f 3017 2971 2970
f 2983 2982 3014
f 3014 3016 2983
f 2983 3016 3018
f 2983 3018 2972
f 3018 3019 2972
f 2972 3019 3020
f 2972 3020 2976
f 3021 3017 3022
f 3022 3017 2970
f 3022 2970 3023
f 3023 2970 2980
f 3023 2980 3024
f 3024 2980 2979
f 3024 2979 3025
f 3025 2979 2978
f 3025 2978 3026
f 3026 2978 2973
f 3026 2973 3027
f 3027 2973 2974
f 3027 2974 3028
f 3028 2974 2977
f 3028 2977 3029
f 3029 2977 2976
f 3029 2976 3030
f 3030 2976 3020
f 3031 3032 3021
f 3015 3033 3016
f 3016 3033 3034
f 3035 3019 3034
f 3034 3019 3018
f 3034 3018 3016
f 3021 3022 3031
f 3031 3022 3023
f 3031 3023 3036
f 3036 3023 3024
f 3036 3024 3037
f 3037 3024 3025
f 3037 3025 3038
f 3038 3025 3026
f 3038 3026 3039
f 3039 3026 3027
f 3039 3027 3040
f 3040 3027 3028
f 3040 3028 3041
f 3041 3028 3029
f 3041 3029 3042
f 3042 3029 3030
f 3042 3030 3035
f 3035 3030 3020
f 3035 3020 3019
f 3043 3044 3045
f 3046 3047 3048
f 3048 3047 3032
f 3048 3032 3049
f 3049 3032 3031
f 3049 3031 3050
f 3050 3031 3036
f 3050 3036 3051
f 3051 3036 3037
f 3051 3037 3052
f 3052 3037 3038
f 3052 3038 3053
f 3053 3038 3039
f 3053 3039 3054
f 3054 3039 3040
f 3054 3040 3055
f 3055 3040 3041
f 3055 3041 3056
f 3056 3041 3042
f 3056 3042 3057
f 3057 3042 3035
f 3057 3035 3045
f 3045 3035 3034
f 3045 3034 3043
f 3043 3034 3033
f 3058 3046 3048
f 3056 3057 3058
f 3058 3057 3045
f 3058 3045 3044
f 3048 3049 3050
f 3056 3058 3055
f 3055 3058 3048
f 3055 3048 3054
f 3053 3054 3052
f 3052 3054 3048
f 3052 3048 3051
f 3051 3048 3050
f 3059 828 3060
f 3060 828 814
f 3060 814 3061
f 3061 814 816
f 3061 816 857
f 809 808 2981
f 2981 808 807
f 2981 807 3059
f 3059 807 827
f 3059 827 828
f 3062 2457 2456
f 2896 2898 3063
f 3063 2898 2459
f 3063 2459 2458
f 2900 2905 2467
f 2467 2471 2900
f 2900 2471 2470
f 2900 2470 2898
f 2898 2470 2469
f 2898 2469 2459
f 2464 2466 2903
f 2903 2466 2465
f 2903 2465 2905
f 2905 2465 2468
f 2905 2468 2467
f 2903 2902 2464
f 2464 2902 2892
f 2464 2892 2463
f 2463 2892 2895
f 2463 2895 2462
f 2462 2895 2894
f 2462 2894 2461
f 2461 2894 2893
f 2461 2893 2460
f 2460 2893 2890
f 2460 2890 2456
f 2456 2890 2891
f 2456 2891 3062
f 2932 3064 2934
f 2934 3064 3065
f 2934 3065 2933
f 2933 3065 2672
f 2933 2672 2671
f 2931 3066 2932
f 2932 3066 3067
f 2932 3067 3064
f 3068 3069 2937
f 2937 3069 3070
f 2937 3070 2931
f 2931 3070 3071
f 2931 3071 3066
f 3068 2937 3072
f 3072 2937 2927
f 3072 2927 3073
f 2899 2897 2908
f 2908 2897 3074
f 2927 2926 3073
f 3073 2926 2925
f 3073 2925 3075
f 3075 2925 2924
f 3075 2924 3074
f 3074 2924 2923
f 3074 2923 2908
f 1535 1541 967
f 967 1541 1540
f 3076 967 3077
f 3077 967 1540
f 3077 1540 3078
f 3078 1540 1547
f 962 960 3079
f 3079 960 958
f 3079 958 3076
f 3076 958 968
f 3076 968 967
f 978 875 979
f 979 875 980
f 978 977 875
f 875 977 1001
f 875 1001 876
f 980 875 973
f 973 875 880
f 973 880 971
f 886 1535 884
f 884 1535 967
f 884 967 882
f 882 967 965
f 882 965 880
f 880 965 964
f 880 964 971
f 3079 3080 962
f 962 3080 3081
f 962 3081 963
f 963 3081 3082
f 963 3082 954
f 954 3082 3083
f 3084 947 3085
f 3085 947 949
f 3085 949 3086
f 3086 949 951
f 3086 951 3083
f 3083 951 953
f 3083 953 954
f 927 926 3084
f 3084 926 925
f 3084 925 947
f 1560 3087 1527
f 1527 3087 3088
f 1527 3088 1528
f 1512 1511 3089
f 3089 1511 3090
f 3089 3090 3091
f 3091 3090 3092
f 3092 3093 3091
f 3091 3093 3094
f 3091 3094 3089
f 3089 3094 3095
f 3089 3095 3096
f 1566 1564 3097
f 3097 3098 1566
f 1566 3098 3099
f 1566 3099 1567
f 1567 3099 3100
f 1567 3100 1560
f 1560 3100 3087
f 1493 3101 3102
f 3101 1493 3103
f 3103 1493 3104
f 3103 3104 3105
f 3097 1564 1562
f 3098 3097 3106
f 3106 3097 1562
f 3106 1562 3107
f 1495 1493 1561
f 1561 1493 3102
f 1561 3102 1562
f 1562 3102 3108
f 1562 3108 3107
f 1571 1570 3109
f 1508 1507 3110
f 3111 1504 3112
f 3112 1504 1508
f 3112 1508 3113
f 3113 1508 3110
f 3114 1501 3111
f 3111 1501 1503
f 3111 1503 1504
f 1577 1579 3114
f 3114 1579 1499
f 3114 1499 1501
f 1525 1524 3115
f 3115 1524 1576
f 1575 1573 3116
f 3105 3104 3117
f 3117 3104 1493
f 3117 1493 1492
f 1492 1575 3117
f 3117 1575 3116
f 3117 3116 3118
f 3118 3116 3119
f 1573 1571 3116
f 3116 1571 3109
f 3116 3109 3119
f 3119 3109 3120
f 3119 3120 3121
f 3121 3120 3122
f 3123 3124 3125
f 3125 3124 3126
f 1570 1525 3109
f 3109 1525 3115
f 3109 3115 3120
f 3120 3115 3127
f 3120 3127 3122
f 3122 3127 3128
f 3122 3128 3129
f 3129 3128 3125
f 3129 3125 3130
f 3130 3125 3126
f 3110 3123 3113
f 3113 3123 3125
f 3113 3125 3112
f 3112 3125 3128
f 3112 3128 3111
f 3111 3128 3127
f 3111 3127 3114
f 3114 3127 3115
f 3114 3115 1577
f 1577 3115 1576
f 1506 1512 3089
f 3131 3126 3124
f 3089 3096 3124
f 3124 3096 3132
f 3124 3132 3131
f 1507 1506 3110
f 3110 1506 3089
f 3110 3089 3123
f 3123 3089 3124
f 3133 3134 3135
f 3135 3134 3136
f 3135 3136 3137
f 3137 3136 3138
f 3137 3138 3139
f 3140 3141 3142
f 3143 3139 3138
f 3144 3145 3146
f 3146 3145 3147
f 3147 3148 3146
f 3146 3148 3149
f 3146 3149 3150
f 3141 3143 3142
f 3142 3143 3138
f 3142 3138 3151
f 3151 3138 3136
f 3151 3152 3142
f 3142 3152 3150
f 3142 3150 3140
f 3140 3150 3149
f 3152 3153 3150
f 3150 3153 3154
f 3150 3154 3146
f 3146 3154 3155
f 3146 3155 3144
f 3156 3157 3158
f 3158 3157 3159
f 3158 3159 3160
f 3160 3159 3161
f 3160 3161 3162
f 3162 3161 3163
f 3163 3161 3164
f 3164 3161 3165
f 3164 3165 3166
f 3167 3168 3144
f 3169 3147 3168
f 3168 3147 3145
f 3168 3145 3144
f 3169 3170 3147
f 3147 3170 3171
f 3147 3171 3172
f 3173 3157 3174
f 3174 3157 3156
f 3174 3156 3175
f 3175 3156 3176
f 3175 3176 3177
f 3178 3179 3180
f 3180 3179 3181
f 3180 3181 3176
f 3176 3181 3182
f 3176 3182 3177
f 3178 3180 3183
f 3183 3180 3167
f 3183 3167 3184
f 3184 3167 3144
f 3184 3144 3155
f 3170 3169 3185
f 3186 3187 3185
f 3185 3187 3188
f 3185 3188 3170
f 3170 3188 3189
f 3170 3189 3171
f 3171 3189 3190
f 3171 3190 3172
f 3191 3192 3193
f 3193 3192 3186
f 3193 3186 3194
f 3194 3186 3185
f 826 805 3195
f 3002 3001 3195
f 856 858 3196
f 3196 858 839
f 856 3196 3197
f 3197 3196 839
f 3197 839 3198
f 3198 839 824
f 3198 824 822
f 2993 852 854
f 2993 3199 2995
f 2995 3199 3200
f 2995 3200 2997
f 3195 3001 3200
f 3200 3001 2999
f 3200 2999 2997
f 803 3201 3202
f 3002 3195 2989
f 2989 3195 3203
f 2989 3203 2990
f 3202 3203 803
f 803 3203 3195
f 803 3195 804
f 804 3195 805
f 817 3204 818
f 818 3204 3198
f 818 3198 820
f 820 3198 822
f 854 856 2993
f 2993 856 3197
f 2993 3197 3199
f 3199 3197 3198
f 3199 3198 3200
f 3200 3198 3204
f 3200 3204 3195
f 3195 3204 817
f 3195 817 826
f 3205 3206 3207
f 3205 3207 3208
f 3208 3207 3209
f 3208 3209 3210
f 3205 3163 3164
f 3206 3205 3211
f 3211 3205 3164
f 3211 3164 3166
f 3212 3161 3159
f 3213 3214 3215
f 3215 3214 3216
f 3215 3216 3217
f 3218 3219 3215
f 3215 3219 3220
f 3215 3220 3213
f 3216 3221 3217
f 3217 3221 3212
f 3217 3212 3222
f 3222 3212 3159
f 3222 3159 3157
f 3218 3215 3223
f 3223 3215 3217
f 3223 3217 3224
f 3224 3217 3222
f 3224 3222 3225
f 3225 3222 3157
f 3225 3157 3173
f 3226 3227 3228
f 3228 3227 3218
f 3218 3227 3219
f 3219 3227 3229
f 3219 3229 3220
f 3226 3228 3230
f 3231 3226 3232
f 3232 3226 3230
f 3232 3230 3233
f 3233 3230 3234
f 3228 3218 3235
f 3228 3235 3230
f 3230 3235 3236
f 3230 3236 3234
f 3237 3238 2088
f 2088 3238 3239
f 2088 3239 2089
f 2089 3239 3240
f 2089 3240 2097
f 2097 3240 3241
f 2097 3241 2106
f 3237 2088 3242
f 3242 2088 2606
f 3242 2606 3243
f 3244 3245 3246
f 3246 3245 3247
f 3246 3247 3248
f 3248 3247 3249
f 3248 3249 3250
f 3250 3249 3251
f 3252 3253 3249
f 3249 3253 3254
f 3249 3254 3251
f 3255 3256 3257
f 3257 3256 3258
f 3257 3258 3252
f 3252 3258 3259
f 3252 3259 3253
f 2606 3260 3243
f 3243 3260 3231
f 3243 3231 3261
f 3261 3231 3232
f 3261 3232 3262
f 3262 3232 3233
f 3262 3233 3263
f 3263 3233 3264
f 3263 3264 3265
f 3265 3264 3266
f 3265 3266 3267
f 3267 3266 3268
f 3244 3246 3269
f 3269 3246 3270
f 3269 3270 3271
f 3271 3270 3272
f 3271 3272 3273
f 3273 3272 3274
f 3273 3274 3275
f 3275 3274 3276
f 3275 3276 3268
f 3268 3276 3277
f 3268 3277 3267
f 3244 3269 3278
f 3279 3136 3280
f 3280 3136 3134
f 3280 3134 3133
f 3281 3279 3278
f 3278 3279 3280
f 3278 3280 3244
f 3244 3280 3133
f 3244 3133 3245
f 3153 3152 3282
f 3152 3151 3282
f 3282 3151 3136
f 3282 3136 3283
f 3279 3281 3284
f 3284 3281 3285
f 3284 3285 3286
f 3286 3285 3287
f 3286 3287 3288
f 3136 3279 3283
f 3283 3279 3284
f 3283 3284 3282
f 3282 3284 3286
f 3282 3286 3153
f 3153 3286 3288
f 3153 3288 3154
f 3154 3288 3287
f 3154 3287 3155
f 3289 3290 3291
f 3184 3155 3287
f 3174 3175 3292
f 3174 3292 3173
f 3175 3177 3293
f 3293 3177 3182
f 3293 3182 3294
f 3294 3182 3181
f 3294 3181 3295
f 3181 3179 3295
f 3295 3179 3178
f 3295 3178 3296
f 3296 3178 3183
f 3296 3183 3184
f 3296 3290 3295
f 3295 3290 3289
f 3295 3289 3294
f 3294 3289 3297
f 3294 3297 3293
f 3293 3297 3298
f 3173 3292 3299
f 3299 3292 3300
f 3299 3300 3301
f 3301 3300 3302
f 3301 3302 3236
f 3175 3293 3292
f 3292 3293 3298
f 3292 3298 3300
f 3300 3298 3303
f 3300 3303 3302
f 3291 3304 3289
f 3289 3304 3305
f 3289 3305 3297
f 3297 3305 3306
f 3297 3306 3298
f 3298 3306 3307
f 3298 3307 3303
f 3184 3287 3296
f 3296 3287 3285
f 3296 3285 3290
f 3290 3285 3281
f 3290 3281 3291
f 3163 3205 3162
f 3162 3205 3308
f 3162 3308 3160
f 3208 3309 3310
f 3208 3310 3205
f 3205 3310 3311
f 3205 3311 3308
f 3158 3160 3312
f 3313 3314 3011
f 3011 832 3313
f 3313 832 836
f 3313 836 3315
f 3169 3168 3316
f 3316 3168 3167
f 3316 3167 3315
f 3315 3167 3180
f 3315 3180 3176
f 3312 3313 3158
f 3158 3313 3315
f 3158 3315 3156
f 3156 3315 3176
f 3317 3318 3194
f 3194 3318 3319
f 3194 3319 3193
f 3317 3194 3320
f 3320 3194 3185
f 3320 3185 3169
f 3316 3321 3169
f 3169 3321 3322
f 3169 3322 3320
f 3323 3324 3325
f 3325 3324 3326
f 3325 3326 3327
f 3328 3329 3330
f 3330 3329 3331
f 3330 3331 3323
f 3323 3331 3332
f 3323 3332 3324
f 3333 3334 3335
f 3335 3334 3336
f 3335 3336 3337
f 3328 3338 3329
f 3329 3338 3339
f 3329 3339 3340
f 3340 3339 3335
f 3340 3335 3341
f 3341 3335 3337
f 3335 3342 3333
f 3333 3342 3343
f 3333 3343 3344
f 3343 3345 3344
f 3344 3345 3346
f 3344 3346 3347
f 3347 3346 3348
f 3349 3350 3351
f 3352 3353 3354
f 3354 3353 3349
f 3350 3355 3351
f 3351 3355 3356
f 3351 3356 3326
f 3326 3356 3357
f 3326 3357 3327
f 3349 3351 3354
f 3354 3351 3358
f 3354 3358 3359
f 3359 3358 3360
f 3359 3360 3361
f 3361 3360 3362
f 3361 3362 3363
f 3364 3365 3366
f 3367 3365 3368
f 3368 3365 3364
f 3368 3364 3369
f 3370 3371 3372
f 3370 3372 3373
f 3362 3374 3363
f 3363 3374 3371
f 3363 3371 3366
f 3366 3371 3370
f 3366 3370 3364
f 3372 3375 3373
f 3373 3375 3376
f 3373 3376 3377
f 3377 3376 3378
f 3377 3378 3379
f 3379 3378 3380
f 3379 3380 3381
f 3381 3380 3382
f 3381 3382 3383
f 3192 3191 3384
f 3384 3191 3383
f 3384 3383 3385
f 3385 3383 3382
f 3386 3387 3388
f 3389 3390 3391
f 3392 3393 3394
f 3395 3396 3397
f 3398 3399 3400
f 3400 3399 3401
f 3400 3401 3402
f 3402 3401 3403
f 3386 3388 3404
f 3405 3406 3396
f 3396 3406 3407
f 3396 3407 3397
f 3408 3409 3410
f 3410 3409 3411
f 3412 3413 3414
f 3414 3415 3412
f 3412 3415 3416
f 3412 3416 3408
f 3408 3416 3417
f 3408 3417 3409
f 3407 3418 3397
f 3397 3418 3419
f 3397 3419 3413
f 3413 3419 3420
f 3413 3420 3414
f 3393 3395 3394
f 3394 3395 3397
f 3394 3397 3421
f 3421 3397 3413
f 3421 3413 3422
f 3422 3413 3412
f 3422 3412 3423
f 3423 3412 3408
f 3423 3408 3424
f 3424 3408 3410
f 3424 3410 3425
f 3425 3410 3411
f 3425 3411 3426
f 3424 3404 3423
f 3423 3404 3388
f 3423 3388 3422
f 3422 3388 3427
f 3422 3427 3421
f 3421 3427 3428
f 3421 3428 3394
f 3394 3428 3398
f 3394 3398 3392
f 3392 3398 3400
f 3386 3389 3387
f 3387 3389 3391
f 3387 3391 3388
f 3388 3391 3429
f 3388 3429 3427
f 3427 3429 3430
f 3427 3430 3428
f 3428 3430 3431
f 3428 3431 3398
f 3398 3431 3432
f 3398 3432 3399
f 3433 3434 4
f 3435 3436 789
f 789 3436 3077
f 789 118 3435
f 3435 118 110
f 3435 110 3437
f 3437 110 3438
f 3437 3438 3439
f 3439 3438 3440
f 3439 3440 3441
f 3441 3440 3442
f 3441 3442 3443
f 3443 3442 3444
f 3443 3444 3445
f 3445 3444 3446
f 3445 3446 3447
f 3446 3448 3447
f 3447 3448 3449
f 3447 3449 3450
f 3450 3449 3451
f 3450 3451 3452
f 3452 3451 3453
f 3452 3453 3454
f 3454 3453 3455
f 3454 3455 3456
f 3456 3455 3457
f 3458 2721 2734
f 3457 3458 3456
f 3456 3458 2734
f 3456 2734 3459
f 3459 2734 2736
f 3459 2736 3460
f 2646 2632 3461
f 3461 2632 2633
f 3461 2633 3462
f 3460 2736 3461
f 3461 2736 2737
f 3461 2737 2646
f 3463 3464 2636
f 2636 3464 3465
f 2636 3465 2637
f 2637 3465 3462
f 2637 3462 2638
f 2638 3462 2633
f 2636 2635 3463
f 3463 2635 2634
f 3463 2634 3466
f 3466 2634 2644
f 3466 2644 3467
f 2642 3468 3469
f 3467 2644 3469
f 3469 2644 2643
f 3469 2643 2642
f 2642 2641 3468
f 3468 2641 2640
f 3468 2640 2741
f 3077 3078 789
f 789 3078 1547
f 789 1547 784
f 784 1547 1546
f 784 1546 785
f 785 1546 1545
f 785 1545 786
f 786 1545 1543
f 786 1543 787
f 3470 3 4
f 2774 3434 2776
f 2776 3434 2777
f 2774 2803 3434
f 3434 2803 2802
f 3434 2802 4
f 4 2802 2884
f 4 2884 3470
f 787 1543 788
f 788 1543 1542
f 788 1542 783
f 783 1542 1550
f 783 1550 782
f 782 1550 3471
f 782 3471 4
f 4 3471 3472
f 4 3472 3433
f 2767 2766 3473
f 3473 2766 2787
f 3473 2787 3434
f 3434 2787 2793
f 3434 2793 2777
f 3224 3474 3223
f 3223 3474 3218
f 3301 3236 3475
f 3475 3236 3235
f 3235 3476 3475
f 3475 3476 3477
f 3475 3477 3301
f 3301 3477 3478
f 3301 3478 3299
f 3173 3299 3225
f 3225 3299 3478
f 3225 3478 3224
f 3224 3478 3477
f 3224 3477 3474
f 3474 3477 3476
f 3474 3476 3218
f 3218 3476 3235
f 3273 3281 3271
f 3271 3281 3278
f 3271 3278 3269
f 3233 3234 3264
f 3264 3234 3236
f 3264 3236 3266
f 3236 3302 3266
f 3266 3302 3303
f 3266 3303 3268
f 3303 3307 3268
f 3268 3307 3306
f 3268 3306 3275
f 3306 3305 3275
f 3275 3305 3304
f 3275 3304 3273
f 3273 3304 3291
f 3273 3291 3281
f 3479 3480 3481
f 3482 3483 3484
f 3485 3486 3487
f 3488 3489 3490
f 3490 3489 3258
f 3490 3258 3256
f 3491 3253 3492
f 3492 3253 3259
f 3480 3491 3481
f 3481 3491 3492
f 3481 3492 3489
f 3489 3492 3259
f 3489 3259 3258
f 3493 3485 3494
f 3494 3485 3487
f 3494 3487 3483
f 3495 3479 3493
f 3493 3479 3481
f 3493 3481 3485
f 3485 3481 3489
f 3485 3489 3486
f 3486 3489 3488
f 3496 3497 3498
f 3483 3482 3494
f 3494 3482 3496
f 3494 3496 3493
f 3493 3496 3498
f 3493 3498 3495
f 3484 3499 3482
f 3482 3499 3500
f 3482 3500 3496
f 3496 3500 3501
f 3496 3501 3497
f 3497 3501 3502
f 3497 3502 3503
f 3497 3503 3504
f 3505 3251 3254
f 3498 3497 3506
f 3506 3497 3504
f 3506 3504 3507
f 3507 3504 3508
f 3498 3506 3495
f 3495 3506 3507
f 3495 3507 3479
f 3479 3507 3509
f 3479 3509 3480
f 3480 3509 3505
f 3480 3505 3491
f 3491 3505 3254
f 3491 3254 3253
f 3250 3251 3505
f 3250 3505 3510
f 3510 3505 3509
f 3510 3509 3511
f 3511 3509 3507
f 3511 3507 3512
f 3512 3507 3508
f 3512 3508 3513
f 3250 3510 3514
f 3250 3514 3248
f 3248 3514 3515
f 3248 3515 3246
f 3246 3515 3516
f 3246 3516 3270
f 3270 3516 3517
f 3270 3517 3272
f 3272 3517 3518
f 3272 3518 3274
f 3274 3518 3519
f 3274 3519 3276
f 3276 3519 3520
f 3276 3520 3277
f 3277 3520 3521
f 3277 3521 3267
f 3267 3521 3522
f 3267 3522 3265
f 3265 3522 3523
f 3265 3523 3263
f 3263 3523 3524
f 3263 3524 3262
f 3262 3524 3525
f 3262 3525 3261
f 3261 3525 3526
f 3261 3526 3243
f 3242 3243 3527
f 3527 3243 3526
f 3527 3526 3528
f 3529 3528 3530
f 3531 3532 3533
f 3533 3532 3534
f 3533 3534 3535
f 3535 3534 3536
f 3535 3536 3529
f 3531 3533 3537
f 3537 3533 3538
f 3537 3538 3539
f 3539 3538 3540
f 3539 3540 3541
f 3541 3540 3542
f 3541 3542 3543
f 3543 3542 3544
f 3543 3544 3545
f 3546 3547 3548
f 3548 3547 3549
f 3548 3549 3550
f 3550 3549 3551
f 3550 3551 3552
f 3552 3551 3553
f 3552 3553 3554
f 3554 3553 3555
f 3554 3555 3544
f 3544 3555 3556
f 3544 3556 3545
f 3546 3548 3557
f 3557 3548 3558
f 3557 3558 3559
f 3559 3558 3560
f 3559 3560 3561
f 3561 3560 3562
f 3561 3562 3563
f 3563 3562 3512
f 3563 3512 3513
f 3529 3530 3535
f 3535 3530 3564
f 3535 3564 3533
f 3533 3564 3565
f 3533 3565 3538
f 3538 3565 3566
f 3538 3566 3540
f 3540 3566 3567
f 3540 3567 3542
f 3542 3567 3568
f 3542 3568 3544
f 3544 3568 3569
f 3544 3569 3554
f 3554 3569 3570
f 3554 3570 3552
f 3552 3570 3571
f 3552 3571 3550
f 3550 3571 3572
f 3550 3572 3548
f 3548 3572 3573
f 3548 3573 3558
f 3558 3573 3574
f 3558 3574 3560
f 3560 3574 3575
f 3560 3575 3562
f 3562 3575 3511
f 3562 3511 3512
f 3528 3526 3530
f 3530 3526 3525
f 3530 3525 3564
f 3564 3525 3524
f 3564 3524 3565
f 3565 3524 3523
f 3565 3523 3566
f 3566 3523 3522
f 3566 3522 3567
f 3567 3522 3521
f 3567 3521 3568
f 3568 3521 3520
f 3568 3520 3569
f 3569 3520 3519
f 3569 3519 3570
f 3570 3519 3518
f 3570 3518 3571
f 3571 3518 3517
f 3571 3517 3572
f 3572 3517 3516
f 3572 3516 3573
f 3573 3516 3515
f 3573 3515 3574
f 3574 3515 3514
f 3574 3514 3575
f 3575 3514 3510
f 3575 3510 3511
f 3237 3242 3527
f 3237 3527 3576
f 3576 3527 3528
f 3576 3528 3577
f 3577 3528 3529
f 3577 3529 3578
f 3578 3529 3536
f 3578 3536 3579
f 3238 3237 3576
f 3580 3581 3582
f 3582 3581 3583
f 3582 3583 3578
f 3578 3583 3577
f 3238 3576 3239
f 3578 3579 3582
f 3582 3579 3584
f 3582 3584 3580
f 3580 3584 3585
f 3583 3586 3577
f 3577 3586 3587
f 3577 3587 3576
f 3576 3587 3588
f 3576 3588 3239
f 3589 3590 3591
f 3592 3593 3594
f 3595 3596 3597
f 3597 3596 3598
f 3599 3600 3601
f 3602 3603 3604
f 3605 3606 3607
f 3608 3606 3609
f 3609 3606 3605
f 3609 3605 3610
f 3611 3612 3613
f 3614 3615 3585
f 3616 3617 3618
f 3619 3620 3621
f 3621 3620 3616
f 3621 3616 3622
f 3622 3616 3618
f 3620 3623 3616
f 3616 3623 3624
f 3616 3624 3625
f 3625 3624 3626
f 3626 3624 3627
f 3626 3627 3628
f 3628 3627 3629
f 3628 3629 3630
f 3631 3632 3629
f 3629 3632 3633
f 3629 3633 3630
f 3634 3635 3636
f 3636 3635 3637
f 3638 3639 3634
f 3640 3641 3642
f 3642 3641 3643
f 3642 3643 3638
f 3638 3643 3644
f 3638 3644 3639
f 3645 3646 3640
f 3640 3646 3647
f 3640 3647 3641
f 3640 3648 3645
f 3645 3648 3649
f 3645 3649 3650
f 3651 3652 3653
f 3653 3652 3654
f 3653 3654 3655
f 3655 3654 3656
f 3655 3656 3657
f 3657 3656 3658
f 3657 3658 3659
f 3607 3660 3605
f 3605 3660 3661
f 3605 3661 3610
f 3610 3661 3599
f 3607 3662 3660
f 3660 3662 3663
f 3660 3663 3661
f 3661 3663 3664
f 3661 3664 3599
f 3599 3664 3665
f 3599 3665 3600
f 3666 3595 3667
f 3667 3595 3597
f 3667 3597 3668
f 3651 3653 3669
f 3669 3653 3670
f 3669 3670 3671
f 3672 3673 3674
f 3674 3673 3675
f 3674 3675 3676
f 3676 3675 3677
f 3676 3677 3678
f 3678 3677 3679
f 3678 3679 3680
f 3680 3679 3681
f 3680 3681 3682
f 3683 3671 3672
f 3672 3671 3670
f 3672 3670 3673
f 3673 3670 3653
f 3673 3653 3675
f 3675 3653 3655
f 3675 3655 3677
f 3677 3655 3657
f 3677 3657 3679
f 3679 3657 3659
f 3679 3659 3681
f 3684 3666 3685
f 3685 3666 3667
f 3685 3667 3686
f 3686 3667 3668
f 3686 3668 3687
f 3592 3594 3688
f 3591 3590 3594
f 3594 3590 3689
f 3594 3689 3688
f 3690 3691 3692
f 3692 3691 3687
f 3692 3687 3693
f 3693 3687 3668
f 3693 3668 3694
f 3694 3668 3597
f 3694 3597 3695
f 3695 3597 3598
f 3695 3598 3696
f 3603 3697 3698
f 3698 3697 3699
f 3698 3699 3700
f 3700 3699 3701
f 3700 3701 3702
f 3603 3602 3697
f 3697 3602 3703
f 3697 3703 3699
f 3699 3703 3704
f 3699 3704 3701
f 3705 3706 3707
f 3704 3708 3701
f 3701 3708 3709
f 3701 3709 3702
f 3702 3709 3710
f 3702 3710 3711
f 3711 3710 3712
f 3711 3712 3713
f 3713 3712 3714
f 3713 3714 3715
f 3715 3714 3716
f 3715 3716 3707
f 3707 3716 3717
f 3707 3717 3705
f 3718 3719 3720
f 3708 3690 3709
f 3709 3690 3692
f 3709 3692 3710
f 3710 3692 3693
f 3710 3693 3712
f 3712 3693 3694
f 3712 3694 3714
f 3714 3694 3695
f 3714 3695 3716
f 3716 3695 3696
f 3716 3696 3717
f 3634 3636 3638
f 3638 3636 3721
f 3638 3721 3642
f 3642 3721 3719
f 3642 3719 3640
f 3640 3719 3718
f 3640 3718 3648
f 3722 3723 3724
f 3722 3725 3726
f 3726 3725 3727
f 3726 3727 3728
f 3728 3727 3729
f 3728 3729 3730
f 3730 3729 3731
f 3730 3731 3732
f 3732 3731 3733
f 3732 3733 3734
f 3734 3733 3735
f 3734 3735 3736
f 3736 3735 3737
f 3736 3737 3738
f 3738 3737 3739
f 3738 3739 3740
f 3722 3724 3725
f 3725 3724 3741
f 3725 3741 3727
f 3727 3741 3742
f 3727 3742 3729
f 3729 3742 3743
f 3729 3743 3731
f 3731 3743 3744
f 3731 3744 3733
f 3733 3744 3745
f 3733 3745 3735
f 3735 3745 3611
f 3735 3611 3737
f 3737 3611 3613
f 3737 3613 3739
f 3723 3746 3724
f 3724 3746 3747
f 3724 3747 3741
f 3741 3747 3748
f 3741 3748 3742
f 3742 3748 3749
f 3742 3749 3743
f 3743 3749 3750
f 3743 3750 3744
f 3744 3750 3751
f 3744 3751 3745
f 3745 3751 3614
f 3745 3614 3611
f 3611 3614 3585
f 3611 3585 3612
f 3619 3615 3620
f 3620 3615 3614
f 3620 3614 3623
f 3623 3614 3751
f 3623 3751 3624
f 3624 3751 3750
f 3624 3750 3627
f 3627 3750 3749
f 3627 3749 3629
f 3629 3749 3748
f 3629 3748 3631
f 3631 3748 3747
f 3631 3747 3752
f 3752 3747 3746
f 3752 3746 3753
f 3753 3746 3723
f 3682 3604 3680
f 3680 3604 3603
f 3680 3603 3678
f 3678 3603 3698
f 3678 3698 3676
f 3676 3698 3700
f 3676 3700 3674
f 3674 3700 3702
f 3674 3702 3672
f 3672 3702 3711
f 3672 3711 3683
f 3683 3711 3713
f 3683 3713 3720
f 3720 3713 3715
f 3720 3715 3718
f 3718 3715 3707
f 3718 3707 3648
f 3648 3707 3706
f 3648 3706 3649
f 3754 3608 3755
f 3755 3608 3609
f 3755 3609 3756
f 3756 3609 3610
f 3756 3610 3757
f 3757 3610 3599
f 3757 3599 3758
f 3758 3599 3601
f 3758 3601 3759
f 3759 3601 3760
f 3759 3760 3761
f 3761 3760 3762
f 3761 3762 3763
f 3763 3762 3764
f 3763 3764 3765
f 3765 3764 3589
f 3765 3589 3766
f 3766 3589 3591
f 3593 3684 3594
f 3594 3684 3685
f 3594 3685 3591
f 3591 3685 3686
f 3591 3686 3766
f 3766 3686 3687
f 3766 3687 3765
f 3765 3687 3691
f 3765 3691 3763
f 3763 3691 3690
f 3763 3690 3761
f 3761 3690 3708
f 3761 3708 3759
f 3759 3708 3704
f 3759 3704 3758
f 3758 3704 3703
f 3758 3703 3757
f 3757 3703 3602
f 3757 3602 3756
f 3756 3602 3604
f 3756 3604 3755
f 3755 3604 3682
f 3755 3682 3754
f 3754 3682 3681
f 3754 3681 3767
f 3767 3681 3659
f 3767 3659 3740
f 3740 3659 3658
f 3740 3658 3738
f 3738 3658 3656
f 3738 3656 3736
f 3736 3656 3654
f 3736 3654 3734
f 3734 3654 3652
f 3734 3652 3732
f 3732 3652 3651
f 3732 3651 3730
f 3730 3651 3669
f 3730 3669 3728
f 3728 3669 3671
f 3728 3671 3726
f 3726 3671 3683
f 3726 3683 3722
f 3722 3683 3720
f 3722 3720 3723
f 3723 3720 3719
f 3723 3719 3753
f 3753 3719 3721
f 3753 3721 3752
f 3752 3721 3636
f 3752 3636 3631
f 3631 3636 3637
f 3631 3637 3632
f 3768 3769 3770
f 3771 3772 3773
f 3774 3775 3776
f 3777 3778 3779
f 3780 3781 3782
f 3783 3784 3785
f 3785 3784 3786
f 3786 3787 3785
f 3785 3787 3788
f 3785 3788 3789
f 3790 3791 3792
f 3791 3790 3793
f 3781 3793 3782
f 3782 3793 3790
f 3782 3790 3794
f 3794 3790 3795
f 3794 3795 3796
f 3797 3798 3799
f 3799 3798 3800
f 3799 3800 3801
f 3801 3800 3802
f 3801 3802 3803
f 3789 3804 3785
f 3785 3804 3617
f 3785 3617 3805
f 3805 3617 3616
f 3805 3616 3806
f 3806 3616 3625
f 3806 3625 3807
f 3645 3650 3776
f 3776 3650 3808
f 3776 3808 3774
f 3809 3641 3810
f 3810 3641 3647
f 3810 3647 3776
f 3776 3647 3646
f 3776 3646 3645
f 3634 3811 3635
f 3635 3811 3812
f 3635 3812 3637
f 3813 3633 3812
f 3812 3633 3632
f 3812 3632 3637
f 3634 3639 3811
f 3811 3639 3644
f 3811 3644 3809
f 3809 3644 3643
f 3809 3643 3641
f 3792 3783 3790
f 3790 3783 3785
f 3790 3785 3795
f 3795 3785 3805
f 3795 3805 3796
f 3796 3805 3806
f 3796 3806 3814
f 3814 3806 3807
f 3814 3807 3815
f 3815 3807 3813
f 3815 3813 3816
f 3816 3813 3812
f 3816 3812 3817
f 3817 3812 3811
f 3817 3811 3818
f 3818 3811 3809
f 3818 3809 3819
f 3819 3809 3810
f 3819 3810 3779
f 3779 3810 3776
f 3779 3776 3777
f 3777 3776 3775
f 3820 3821 3822
f 3822 3821 3823
f 3822 3823 3824
f 3825 3826 3827
f 3827 3826 3828
f 3822 3829 3820
f 3820 3829 3830
f 3820 3830 3831
f 3831 3830 3832
f 3831 3832 3833
f 3833 3832 3834
f 3833 3834 3770
f 3770 3769 3833
f 3833 3769 3835
f 3833 3835 3831
f 3831 3835 3836
f 3831 3836 3820
f 3820 3836 3827
f 3820 3827 3821
f 3821 3827 3828
f 3821 3828 3823
f 3837 3838 3839
f 3839 3838 3840
f 3839 3840 3841
f 3841 3840 3842
f 3841 3842 3843
f 3843 3842 3844
f 3843 3844 3845
f 3845 3844 3846
f 3845 3846 3802
f 3802 3846 3847
f 3802 3847 3803
f 3824 3771 3822
f 3822 3771 3773
f 3822 3773 3829
f 3829 3773 3848
f 3829 3848 3830
f 3830 3848 3849
f 3830 3849 3832
f 3832 3849 3850
f 3832 3850 3834
f 3834 3850 3851
f 3834 3851 3770
f 3770 3851 3852
f 3770 3852 3768
f 3768 3852 3853
f 3851 3837 3852
f 3852 3837 3839
f 3852 3839 3853
f 3853 3839 3841
f 3853 3841 3854
f 3854 3841 3843
f 3854 3843 3855
f 3855 3843 3845
f 3855 3845 3856
f 3856 3845 3802
f 3856 3802 3857
f 3857 3802 3800
f 3857 3800 3858
f 3858 3800 3798
f 3858 3798 3859
f 3859 3798 3797
f 3859 3797 3860
f 3625 3626 3807
f 3807 3626 3628
f 3807 3628 3813
f 3813 3628 3630
f 3813 3630 3633
f 3858 3780 3857
f 3857 3780 3782
f 3857 3782 3856
f 3856 3782 3794
f 3856 3794 3855
f 3855 3794 3796
f 3855 3796 3854
f 3854 3796 3814
f 3854 3814 3853
f 3853 3814 3815
f 3853 3815 3768
f 3768 3815 3816
f 3768 3816 3769
f 3769 3816 3817
f 3769 3817 3835
f 3835 3817 3818
f 3835 3818 3836
f 3836 3818 3819
f 3836 3819 3827
f 3827 3819 3779
f 3827 3779 3825
f 3825 3779 3778
f 3861 3862 3863
f 3864 3865 3866
f 3867 3868 3869
f 3870 3871 3872
f 3870 3872 3873
f 3874 3875 3876
f 3876 3875 3877
f 3878 3879 3880
f 3880 3879 3881
f 3880 3881 3874
f 3882 3883 3884
f 3883 3885 3884
f 3884 3885 3886
f 3884 3886 3887
f 3888 3889 3890
f 3890 3889 3891
f 3890 3891 3892
f 3892 3891 3893
f 3892 3893 3884
f 3884 3893 3894
f 3884 3894 3882
f 3874 3876 3880
f 3880 3876 3895
f 3880 3895 3896
f 3897 3895 3898
f 3898 3895 3876
f 3898 3876 3899
f 3899 3876 3877
f 3899 3877 3900
f 3900 3877 3873
f 3901 3902 3903
f 3903 3902 3904
f 3903 3904 3872
f 3905 3906 3907
f 3907 3906 3908
f 3907 3908 3869
f 3869 3908 3909
f 3869 3909 3867
f 3910 3911 3868
f 3868 3911 3912
f 3868 3912 3869
f 3869 3912 3913
f 3869 3913 3907
f 3911 3866 3912
f 3912 3866 3865
f 3912 3865 3913
f 3913 3865 3914
f 3913 3914 3915
f 3916 3905 3917
f 3917 3905 3907
f 3917 3907 3918
f 3918 3907 3913
f 3918 3913 3919
f 3919 3913 3915
f 3873 3872 3900
f 3900 3872 3904
f 3900 3904 3899
f 3899 3904 3902
f 3899 3902 3898
f 3898 3902 3920
f 3898 3920 3897
f 3897 3920 3921
f 3897 3921 3922
f 3922 3921 3923
f 3922 3923 3924
f 3924 3923 3925
f 3924 3925 3926
f 3926 3925 3927
f 3926 3927 3928
f 3928 3927 3862
f 3928 3862 3929
f 3929 3862 3861
f 3929 3861 3930
f 3931 3932 3864
f 3864 3932 3933
f 3864 3933 3865
f 3865 3933 3934
f 3865 3934 3914
f 3896 3895 3935
f 3935 3895 3897
f 3935 3897 3936
f 3936 3897 3922
f 3936 3922 3937
f 3937 3922 3924
f 3937 3924 3938
f 3938 3924 3926
f 3938 3926 3939
f 3939 3926 3928
f 3939 3928 3940
f 3940 3928 3929
f 3940 3929 3941
f 3941 3929 3930
f 3941 3930 3942
f 3943 3944 3945
f 3946 3947 3948
f 3948 3947 3949
f 3946 3948 3950
f 3950 3948 3943
f 3950 3943 3951
f 3951 3943 3945
f 3951 3945 3952
f 3947 3953 3949
f 3949 3953 3954
f 3949 3954 3955
f 3955 3954 3956
f 3955 3956 3957
f 3957 3956 3958
f 3958 3959 3957
f 3957 3959 3960
f 3957 3960 3961
f 3960 3962 3961
f 3961 3962 3963
f 3961 3963 3888
f 3888 3963 3964
f 3888 3964 3889
f 3910 3942 3911
f 3911 3942 3930
f 3911 3930 3866
f 3866 3930 3861
f 3866 3861 3864
f 3864 3861 3863
f 3864 3863 3931
f 3931 3863 3862
f 3931 3862 3965
f 3965 3862 3927
f 3965 3927 3966
f 3966 3927 3925
f 3966 3925 3967
f 3967 3925 3923
f 3967 3923 3968
f 3968 3923 3921
f 3968 3921 3969
f 3969 3921 3920
f 3969 3920 3970
f 3970 3920 3902
f 3970 3902 3971
f 3971 3902 3901
f 3887 3878 3884
f 3884 3878 3880
f 3884 3880 3892
f 3892 3880 3896
f 3892 3896 3890
f 3890 3896 3935
f 3890 3935 3888
f 3888 3935 3936
f 3888 3936 3961
f 3961 3936 3937
f 3961 3937 3957
f 3957 3937 3938
f 3957 3938 3955
f 3955 3938 3939
f 3955 3939 3949
f 3949 3939 3940
f 3949 3940 3948
f 3948 3940 3941
f 3948 3941 3943
f 3943 3941 3942
f 3943 3942 3944
f 3944 3942 3910
f 3972 3973 3974
f 3975 3976 3977
f 3962 3960 3975
f 3978 3979 3980
f 3981 3979 3982
f 3982 3979 3978
f 3982 3978 3983
f 3662 3984 3985
f 3985 3984 3986
f 3950 3951 3987
f 3987 3951 3952
f 3953 3947 3988
f 3988 3947 3946
f 3989 3954 3953
f 3990 3958 3956
f 3991 3964 3963
f 3964 3991 3889
f 3501 3500 3992
f 3992 3500 3499
f 3992 3499 3484
f 3882 3894 3993
f 3993 3894 3484
f 3503 3502 3994
f 3994 3502 3501
f 3995 3996 3997
f 3997 3996 3998
f 3997 3998 3999
f 4000 4001 4002
f 4002 4001 4003
f 4002 4003 4004
f 4004 4003 4005
f 4004 4005 4006
f 4006 4005 4007
f 4006 4007 4008
f 4001 4009 4003
f 4003 4009 4010
f 4003 4010 4005
f 4005 4010 4011
f 4005 4011 4007
f 4007 4011 4012
f 4007 4012 4008
f 3980 4013 3978
f 3978 4013 4014
f 3978 4014 3983
f 3983 4014 4015
f 4016 3981 4017
f 4017 3981 3982
f 4017 3982 4018
f 4018 3982 3983
f 4018 3983 4019
f 4019 3983 4015
f 4019 4015 4020
f 4021 4020 4022
f 4022 4020 4015
f 4022 4015 4023
f 4023 4015 4014
f 4023 4014 4024
f 4024 4014 4013
f 4024 4013 3994
f 3994 4013 3980
f 3994 3980 3503
f 4025 4026 4027
f 4027 4026 4028
f 4027 4028 4029
f 4029 4028 4030
f 4031 4032 4033
f 4033 4032 4034
f 4033 4034 4035
f 4036 4037 4038
f 4038 4037 4039
f 4040 4034 4041
f 4041 4034 4032
f 4041 4032 4039
f 4039 4032 4031
f 4039 4031 4038
f 3952 4042 3987
f 3987 4042 4043
f 3987 4043 4044
f 4044 4043 4045
f 4044 4045 4028
f 4028 4045 4046
f 4028 4046 4030
f 4035 4034 4047
f 4047 4034 4040
f 4047 4040 4048
f 4048 4040 3988
f 4048 3988 4049
f 4049 3988 3946
f 4049 3946 3950
f 3950 3987 4049
f 4049 3987 4044
f 4049 4044 4048
f 4048 4044 4028
f 4048 4028 4047
f 4047 4028 4026
f 4047 4026 4035
f 3953 3988 3989
f 3989 3988 4040
f 3989 4040 4050
f 4050 4040 4041
f 4050 4041 4051
f 4051 4041 4039
f 4051 4039 4052
f 4052 4039 4037
f 4052 4037 4012
f 4012 4037 4036
f 4012 4036 4008
f 4009 4053 4010
f 4010 4053 4054
f 4010 4054 4011
f 4011 4054 4055
f 4011 4055 4012
f 4012 4055 4056
f 4012 4056 4052
f 4052 4056 4057
f 4052 4057 4051
f 4051 4057 4058
f 4051 4058 4050
f 4050 4058 3990
f 4050 3990 3989
f 3989 3990 3956
f 3989 3956 3954
f 3501 3992 3994
f 3994 3992 4059
f 3994 4059 4024
f 4024 4059 4060
f 4024 4060 4023
f 4023 4060 4061
f 4023 4061 4022
f 4022 4061 4062
f 4022 4062 4021
f 3891 3889 3977
f 3977 3889 3991
f 3977 3991 3975
f 3975 3991 3963
f 3975 3963 3962
f 3484 3894 3992
f 3992 3894 3893
f 3992 3893 4059
f 4059 3893 3891
f 4059 3891 4060
f 4060 3891 3977
f 4060 3977 4061
f 4061 3977 3976
f 4061 3976 4062
f 4000 4063 4001
f 4001 4063 4064
f 4001 4064 4009
f 4009 4064 4016
f 4009 4016 4053
f 4053 4016 4017
f 4053 4017 4054
f 4054 4017 4018
f 4054 4018 4055
f 4055 4018 4019
f 4055 4019 4056
f 4056 4019 4020
f 4056 4020 4057
f 4057 4020 4021
f 4057 4021 4058
f 4058 4021 4062
f 4058 4062 3990
f 3990 4062 3976
f 3990 3976 3958
f 3958 3976 3975
f 3958 3975 3959
f 3959 3975 3960
f 4065 4066 4067
f 4065 4067 4068
f 4068 4067 3688
f 4068 3688 3689
f 4069 4065 4070
f 4070 4065 4068
f 4070 4068 3590
f 3590 4068 3689
f 4071 4072 4073
f 3973 4066 3974
f 3974 4066 4065
f 3974 4065 4074
f 4074 4065 4069
f 4074 4069 4075
f 4072 3589 4073
f 4073 3589 3764
f 4073 3764 4076
f 4076 3764 3762
f 4076 3762 4077
f 4077 3762 3760
f 4077 3760 4078
f 4078 3760 3601
f 4078 3601 4079
f 4079 3601 3600
f 4079 3600 4080
f 4080 3600 3665
f 4080 3665 4081
f 4081 3665 3664
f 4081 3664 3985
f 3985 3664 3663
f 3985 3663 3662
f 4082 4083 4084
f 4084 4083 4085
f 4084 4085 4086
f 4086 4085 4087
f 4086 4087 4088
f 4088 4087 4089
f 4088 4089 4090
f 4090 4089 4091
f 4090 4091 4092
f 4092 4091 4093
f 4092 4093 4094
f 4094 4093 4095
f 4094 4095 4096
f 4096 4095 4097
f 4096 4097 4098
f 4098 4097 4071
f 4071 4073 4098
f 4098 4073 4076
f 4098 4076 4096
f 4096 4076 4077
f 4096 4077 4094
f 4094 4077 4078
f 4094 4078 4092
f 4092 4078 4079
f 4092 4079 4090
f 4090 4079 4080
f 4090 4080 4088
f 4088 4080 4081
f 4088 4081 4086
f 4086 4081 3985
f 4086 3985 4084
f 4084 3985 3986
f 4084 3986 4082
f 4099 3972 4100
f 4100 3972 3974
f 4100 3974 4101
f 4101 3974 4074
f 4101 4074 4102
f 4102 4074 4075
f 4102 4075 4103
f 4103 4075 4104
f 4103 4104 4105
f 4105 4104 4106
f 4105 4106 4107
f 4107 4106 4108
f 4107 4108 3998
f 3998 4108 4109
f 3998 4109 3999
f 3996 4110 3998
f 3998 4110 4111
f 3998 4111 4107
f 4107 4111 4112
f 4107 4112 4105
f 3590 3589 4070
f 4070 3589 4072
f 4070 4072 4069
f 4069 4072 4071
f 4069 4071 4075
f 4075 4071 4097
f 4075 4097 4104
f 4104 4097 4095
f 4104 4095 4106
f 4106 4095 4093
f 4106 4093 4108
f 4108 4093 4091
f 4108 4091 4109
f 4109 4091 4089
f 4109 4089 3999
f 3999 4089 4087
f 3999 4087 3997
f 3997 4087 4085
f 3997 4085 3995
f 3995 4085 4083
f 4082 4063 4083
f 4083 4063 4000
f 4083 4000 3995
f 3995 4000 4002
f 3995 4002 3996
f 3996 4002 4004
f 3996 4004 4110
f 4110 4004 4006
f 4110 4006 4111
f 4111 4006 4008
f 4111 4008 4112
f 4112 4008 4036
f 4112 4036 4105
f 4105 4036 4038
f 4105 4038 4103
f 4103 4038 4031
f 4103 4031 4102
f 4102 4031 4033
f 4102 4033 4101
f 4101 4033 4035
f 4101 4035 4100
f 4100 4035 4026
f 4100 4026 4099
f 4099 4026 4025
f 4113 3367 3368
f 3369 2675 2674
f 4113 3368 4114
f 4114 3368 3369
f 4114 3369 4115
f 4115 3369 2674
f 4115 2674 2672
f 3309 4116 3067
f 3070 4117 3071
f 3071 4117 3066
f 3066 4117 3067
f 3067 4117 3310
f 3067 3310 3309
f 4115 2672 3065
f 4115 3065 4118
f 4118 3065 3064
f 4118 3064 4119
f 4119 3064 3067
f 4119 3067 4120
f 4120 3067 4116
f 3160 3308 3311
f 4121 3312 3160
f 4121 3160 4122
f 4122 3160 3311
f 4122 3311 4123
f 3310 4124 3311
f 3311 4124 4125
f 3311 4125 4123
f 3310 4117 4126
f 4126 4117 4127
f 4126 4127 4128
f 4129 3313 4130
f 4130 3313 3312
f 4130 3312 4131
f 4131 3312 4121
f 4131 4121 4132
f 4132 4121 4122
f 4132 4122 4133
f 4133 4122 4123
f 4133 4123 4134
f 4134 4123 4125
f 4134 4125 4135
f 4135 4125 4124
f 4135 4124 4136
f 4136 4124 3310
f 4136 3310 4137
f 4137 3310 4126
f 4129 4138 3313
f 3313 4138 4139
f 3313 4139 3314
f 857 848 4140
f 857 4140 3061
f 3061 4140 4141
f 3061 4141 3060
f 3060 4141 4142
f 3060 4142 3059
f 3366 3365 4143
f 4143 3365 3367
f 4144 3325 3327
f 3349 3353 4145
f 4145 3353 3352
f 4145 3352 4146
f 4146 3352 4147
f 4147 4148 4149
f 4149 4148 4150
f 4149 4150 4151
f 4151 4150 4152
f 4152 4153 4154
f 4154 4153 4155
f 4154 4155 4156
f 4156 4155 4157
f 4156 4157 4158
f 4158 4157 4159
f 4158 4159 4160
f 4161 3355 4162
f 4162 3355 3350
f 4162 3350 3349
f 4144 3327 4163
f 4161 4164 3355
f 3355 4164 4165
f 3355 4165 3356
f 3356 4165 4163
f 3356 4163 3357
f 3357 4163 3327
f 3338 3328 4166
f 3325 4167 3323
f 3323 4167 4168
f 3323 4168 3330
f 4160 4169 4167
f 4167 4169 4170
f 4167 4170 4168
f 3330 4168 3328
f 3328 4168 4171
f 3328 4171 4166
f 4172 3335 4166
f 4166 3335 3339
f 4166 3339 3338
f 3335 4172 4173
f 3335 4173 3342
f 3342 4173 4174
f 3342 4174 4175
f 4175 3348 3342
f 3342 3348 3346
f 3342 3346 3343
f 3343 3346 3345
f 3399 3344 3401
f 3401 3344 3403
f 4176 4177 3344
f 3344 4177 4178
f 3344 4178 3403
f 3399 3432 3344
f 3344 3432 3431
f 3344 3431 3430
f 4179 4180 3344
f 3344 4180 4181
f 3344 4181 4176
f 3390 3333 3391
f 3391 3333 3344
f 3391 3344 3429
f 3429 3344 3430
f 4182 4183 3344
f 3344 4183 4184
f 3344 4184 4179
f 4185 4186 4187
f 4188 4189 4190
f 3464 3463 4191
f 2758 4192 4187
f 2760 2761 4193
f 4194 4195 4196
f 3131 3132 4197
f 3129 3130 4198
f 4198 3130 3126
f 3131 4197 3126
f 3129 4198 3122
f 3122 4198 4199
f 3122 4199 3121
f 3121 4199 4200
f 3121 4200 3119
f 4200 4201 3119
f 3119 4201 4202
f 3119 4202 3118
f 3118 4202 4203
f 3118 4203 4204
f 4204 4205 3118
f 3118 4205 4206
f 3118 4206 3117
f 3126 4197 4198
f 4198 4197 4207
f 4198 4207 4208
f 4208 4207 4209
f 4208 4209 4210
f 4210 4209 4211
f 4210 4211 4212
f 4213 4214 4215
f 4215 4214 4216
f 4215 4216 4217
f 4211 4218 4212
f 4212 4218 4219
f 4212 4219 4220
f 4220 4219 4221
f 4217 4216 4222
f 4222 4216 4223
f 4222 4223 4224
f 4224 4223 4225
f 4225 4223 4226
f 4225 4226 4227
f 4227 4226 4228
f 4228 4226 4193
f 4228 4193 4229
f 4230 4231 4229
f 4231 4230 4232
f 4232 4230 4233
f 4232 4233 4234
f 4195 4194 4233
f 4233 4194 4235
f 4233 4235 4234
f 1555 1557 4236
f 4236 4237 1555
f 1555 4237 4196
f 1555 4196 1553
f 1553 4196 4195
f 1553 4195 1551
f 3102 3101 4238
f 4238 3101 4239
f 3108 3102 4240
f 4240 3102 4238
f 4240 4238 1557
f 1557 4238 4239
f 1557 4239 4236
f 1549 4241 4242
f 1550 1549 3471
f 3471 1549 3472
f 2767 4242 2768
f 2768 4242 4243
f 2768 4243 2763
f 2767 3473 4242
f 4242 3473 3434
f 4242 3434 1549
f 1549 3434 3433
f 1549 3433 3472
f 4229 4193 4230
f 4230 4193 2761
f 4230 2761 2762
f 2760 4193 2759
f 2759 4193 4226
f 2759 4226 2746
f 2746 4226 4223
f 2746 4223 2747
f 3467 3469 4186
f 4191 3463 4186
f 4186 3463 3466
f 4186 3466 3467
f 3469 3468 4186
f 4186 3468 2741
f 4186 2741 2742
f 2742 2743 4186
f 4186 2743 2744
f 4186 2744 4187
f 4187 2744 2745
f 4187 2745 2758
f 4244 4245 3456
f 3456 3459 4244
f 4244 3459 3460
f 4244 3460 4246
f 3460 3461 4246
f 4246 3461 3462
f 4246 3462 3465
f 4247 4248 4249
f 4250 3445 4251
f 4251 3445 3447
f 4251 3447 4249
f 4249 3447 3450
f 4249 3450 4247
f 4247 3450 3452
f 4247 3452 4245
f 4245 3452 3454
f 4245 3454 3456
f 4252 3436 4253
f 4253 3436 3435
f 4253 3435 4254
f 4254 3435 3437
f 4254 3437 4255
f 4255 3437 3439
f 4255 3439 4256
f 4256 3439 3441
f 4256 3441 4250
f 4250 3441 3443
f 4250 3443 3445
f 4257 3080 3079
f 4257 3079 4258
f 4258 3079 3076
f 4258 3076 4252
f 4252 3076 3077
f 4252 3077 3436
f 3084 3085 4259
f 4259 3085 3086
f 4189 3083 4190
f 4190 3083 3082
f 4190 3082 3081
f 930 928 4260
f 4260 928 927
f 4260 927 4261
f 4261 927 3084
f 4261 3084 4262
f 4262 3084 4259
f 4262 4259 4189
f 4189 4259 3086
f 4189 3086 3083
f 3080 4257 3081
f 3081 4257 4263
f 3081 4263 4190
f 4190 4263 4264
f 4190 4264 4188
f 3465 3464 4246
f 4246 3464 4191
f 4246 4191 4265
f 4266 4267 4268
f 4269 4270 4271
f 4271 4270 4272
f 4271 4272 4273
f 4274 4275 4269
f 4269 4275 4276
f 4269 4276 4270
f 4277 4278 4279
f 4279 4278 4274
f 4279 4274 4280
f 4281 4282 4283
f 4283 4282 4284
f 4283 4284 4285
f 4281 4214 4221
f 4221 4214 4213
f 4221 4213 4220
f 4274 4269 4280
f 4280 4269 4271
f 4280 4271 4286
f 4286 4271 4273
f 4286 4273 4287
f 4287 4273 4288
f 4287 4288 4289
f 1549 1551 4241
f 4241 1551 4195
f 4241 4195 4242
f 4242 4195 4233
f 4242 4233 4243
f 4243 4233 4230
f 4243 4230 2763
f 2763 4230 2762
f 4289 4266 4287
f 4287 4266 4268
f 4287 4268 4286
f 4286 4268 4290
f 4286 4290 4280
f 4280 4290 4285
f 4280 4285 4279
f 4279 4285 4284
f 4279 4284 4277
f 2758 2747 4192
f 4192 2747 4223
f 4192 4223 4187
f 4187 4223 4216
f 4187 4216 4185
f 4185 4216 4214
f 4281 4283 4214
f 4214 4283 4285
f 4214 4285 4185
f 4185 4285 4290
f 4185 4290 4186
f 4186 4290 4268
f 4186 4268 4191
f 4191 4268 4267
f 4191 4267 4265
f 3503 3980 3504
f 3504 3980 3508
f 4291 4292 4293
f 4294 4295 4296
f 4297 4298 4299
f 4299 4298 4300
f 4299 4300 3508
f 3508 4300 3513
f 4296 4301 4294
f 4294 4301 4302
f 4294 4302 4297
f 4297 4302 4303
f 4297 4303 4298
f 4304 4305 4306
f 4306 4305 4307
f 4306 4307 4295
f 4295 4307 4308
f 4295 4308 4296
f 4293 4309 4291
f 4291 4309 4310
f 4291 4310 4311
f 4311 4310 4312
f 4311 4312 4304
f 4304 4312 4313
f 4304 4313 4305
f 3662 4292 3984
f 3984 4292 4291
f 3984 4291 3986
f 3986 4291 4311
f 3986 4311 4082
f 4082 4311 4304
f 4082 4304 4063
f 4063 4304 4306
f 4063 4306 4064
f 4064 4306 4295
f 4064 4295 4016
f 4016 4295 4294
f 4016 4294 3981
f 3981 4294 4297
f 3981 4297 3979
f 3979 4297 4299
f 3979 4299 3980
f 3980 4299 3508
f 3563 3513 4300
f 3536 3534 4314
f 4314 3534 3532
f 4314 3532 4315
f 4315 3532 3531
f 4315 3531 4316
f 3543 4317 3541
f 3541 4317 4318
f 3541 4318 3539
f 3539 4318 4319
f 3539 4319 3537
f 3537 4319 4320
f 3537 4320 3531
f 3531 4320 4321
f 3531 4321 4316
f 3545 4322 3543
f 3543 4322 4323
f 3543 4323 4317
f 3555 4324 3556
f 3556 4324 4325
f 3556 4325 3545
f 3545 4325 4326
f 3545 4326 4322
f 3553 4309 3555
f 3555 4309 4293
f 3555 4293 4324
f 3549 4313 3551
f 3551 4313 4312
f 3551 4312 3553
f 3553 4312 4310
f 3553 4310 4309
f 3557 4296 3546
f 3546 4296 4308
f 3546 4308 3547
f 3547 4308 4307
f 3547 4307 3549
f 3549 4307 4305
f 3549 4305 4313
f 4298 4303 3559
f 3559 4303 4302
f 3559 4302 3557
f 3557 4302 4301
f 3557 4301 4296
f 4298 3559 4300
f 4300 3559 3561
f 4300 3561 3563
f 4327 4328 4320
f 3579 3536 4329
f 4329 3536 4314
f 4329 4314 4330
f 4331 4324 4292
f 4292 4324 4293
f 4332 4322 4333
f 4333 4322 4326
f 4333 4326 4331
f 4331 4326 4325
f 4331 4325 4324
f 4320 4319 4327
f 4327 4319 4318
f 4327 4318 4334
f 4334 4318 4317
f 4334 4317 4332
f 4332 4317 4323
f 4332 4323 4322
f 4314 4315 4330
f 4330 4315 4316
f 4330 4316 4328
f 4328 4316 4321
f 4328 4321 4320
f 3612 3579 3613
f 3613 3579 4329
f 3613 4329 3739
f 3739 4329 4330
f 3739 4330 3740
f 3740 4330 4328
f 3740 4328 3767
f 3767 4328 4327
f 3767 4327 3754
f 3754 4327 4334
f 3754 4334 3608
f 3608 4334 4332
f 3608 4332 3606
f 3606 4332 4333
f 3606 4333 3607
f 3607 4333 4331
f 3607 4331 3662
f 3662 4331 4292
f 3579 3612 3584
f 3584 3612 3585
f 4335 3595 3666
f 4336 4337 4338
f 4339 4340 4341
f 3595 4335 3596
f 3598 3596 4342
f 4342 3596 4335
f 4342 4335 4343
f 4343 4335 4344
f 4345 4346 4347
f 4347 4346 4341
f 4347 4341 4348
f 4348 4341 4340
f 4349 4350 4351
f 4351 4350 4352
f 4351 4352 4338
f 4348 4353 4347
f 4347 4353 4354
f 4347 4354 4355
f 3688 4067 3592
f 3592 4067 4356
f 3592 4356 3593
f 4349 4344 4350
f 4350 4344 4335
f 4350 4335 4357
f 4357 4335 3666
f 4357 3666 4356
f 4356 3666 3684
f 4356 3684 3593
f 4066 3973 4346
f 4346 3973 3972
f 4346 3972 4341
f 4341 3972 4099
f 4341 4099 4339
f 4339 4099 4025
f 4354 4358 4355
f 4355 4358 4336
f 4355 4336 4359
f 4359 4336 4338
f 4359 4338 4355
f 4355 4338 4352
f 4355 4352 4347
f 4347 4352 4350
f 4347 4350 4345
f 4345 4350 4357
f 4345 4357 4346
f 4346 4357 4356
f 4346 4356 4066
f 4066 4356 4067
f 3778 3777 4360
f 4361 4338 4337
f 4362 4363 4364
f 4365 4366 4367
f 4367 4366 4368
f 4367 4368 4342
f 4369 4370 4371
f 3775 3774 4372
f 4372 3774 3808
f 4373 4374 4375
f 4342 4343 4367
f 4367 4343 4373
f 4367 4373 4365
f 4365 4373 4375
f 4365 4375 4376
f 4377 4363 4378
f 4378 4363 4362
f 4378 4362 4379
f 4374 4380 4375
f 4375 4380 4381
f 4375 4381 4376
f 3826 3825 4382
f 4382 3825 4383
f 4382 4383 4384
f 4384 4383 4385
f 4386 4385 4387
f 4387 4385 4383
f 4387 4383 4360
f 4360 4383 3825
f 4360 3825 3778
f 4364 4386 4388
f 4388 4386 4387
f 4388 4387 4389
f 4389 4387 4360
f 4389 4360 4372
f 4372 4360 3777
f 4372 3777 3775
f 4369 3706 3705
f 4381 4390 4376
f 4376 4390 4371
f 4376 4371 4365
f 4365 4371 4370
f 4365 4370 4366
f 4366 4370 4391
f 4366 4391 4368
f 4369 3705 4370
f 4370 3705 3717
f 4370 3717 4391
f 4391 3717 3696
f 4391 3696 4368
f 4368 3696 3598
f 4368 3598 4342
f 4337 4377 4361
f 4361 4377 4378
f 4361 4378 4338
f 4338 4378 4379
f 4338 4379 4351
f 4351 4379 4392
f 4351 4392 4349
f 4349 4392 4344
f 3650 3649 3808
f 3808 3649 3706
f 3808 3706 4372
f 4372 3706 4369
f 4372 4369 4389
f 4389 4369 4371
f 4389 4371 4388
f 4388 4371 4390
f 4388 4390 4364
f 4364 4390 4381
f 4364 4381 4362
f 4362 4381 4380
f 4362 4380 4379
f 4379 4380 4374
f 4379 4374 4392
f 4392 4374 4373
f 4392 4373 4344
f 4344 4373 4343
f 4393 4394 4395
f 4396 3823 3828
f 4397 4398 4399
f 4399 4398 4400
f 4399 4400 4401
f 4401 4400 4402
f 4401 4402 4396
f 4396 4402 4403
f 4396 4403 3823
f 3823 4403 3824
f 4404 4405 4406
f 4406 4405 4407
f 4408 4409 4410
f 4410 4409 4394
f 4410 4394 4411
f 4411 4394 4393
f 4411 4393 4412
f 4413 4404 4414
f 4414 4404 4406
f 4414 4406 4415
f 4415 4406 4416
f 4415 4416 4417
f 4417 4416 4418
f 4419 4420 4418
f 4418 4420 4421
f 4418 4421 4417
f 4421 4408 4417
f 4417 4408 4410
f 4417 4410 4415
f 4415 4410 4411
f 4415 4411 4414
f 4414 4411 4412
f 4414 4412 4413
f 3772 3771 4422
f 4422 3771 4423
f 4422 4423 4424
f 4424 4423 4425
f 4424 4425 4426
f 4426 4425 4395
f 4426 4395 4427
f 4427 4395 4394
f 4427 4394 4428
f 4428 4394 4409
f 4337 4429 4377
f 4377 4429 4430
f 4364 4397 4386
f 4386 4397 4399
f 4386 4399 4385
f 4385 4399 4401
f 4385 4401 4384
f 4384 4401 4396
f 4384 4396 4382
f 4382 4396 3828
f 4382 3828 3826
f 4407 4431 4406
f 4406 4431 4432
f 4406 4432 4416
f 4416 4432 4433
f 4416 4433 4418
f 4418 4433 4434
f 4418 4434 4419
f 3771 3824 4423
f 4423 3824 4403
f 4423 4403 4425
f 4425 4403 4402
f 4425 4402 4395
f 4395 4402 4400
f 4395 4400 4393
f 4393 4400 4398
f 4393 4398 4412
f 4412 4398 4397
f 4412 4397 4413
f 4413 4397 4364
f 4413 4364 4404
f 4404 4364 4363
f 4404 4363 4405
f 4405 4363 4377
f 4405 4377 4407
f 4407 4377 4430
f 4407 4430 4431
f 3905 3916 4435
f 4436 4437 4438
f 3909 3908 4439
f 4440 4441 4442
f 4443 4432 4431
f 4337 4440 4429
f 4429 4440 4443
f 4429 4443 4430
f 4430 4443 4431
f 4444 4445 4446
f 3867 3909 4447
f 4447 3909 4439
f 4447 4439 4448
f 4448 4439 4449
f 4448 4449 4450
f 4450 4449 4438
f 4450 4438 4451
f 4451 4438 4437
f 3906 3905 4452
f 4452 3905 4435
f 4452 4435 4453
f 4453 4435 4454
f 4453 4454 4455
f 4455 4454 4456
f 4455 4456 4457
f 4457 4456 4458
f 4419 4434 4459
f 4459 4434 4460
f 4440 4442 4443
f 4443 4442 4461
f 4443 4461 4432
f 4432 4461 4462
f 4432 4462 4433
f 4434 4433 4460
f 4460 4433 4462
f 4460 4462 4463
f 4444 4446 4464
f 4464 4446 4465
f 4464 4465 4466
f 4466 4465 4467
f 4466 4467 4468
f 4468 4467 4469
f 4468 4469 4463
f 4463 4462 4468
f 4468 4462 4461
f 4468 4461 4466
f 4466 4461 4442
f 4466 4442 4464
f 4464 4442 4441
f 4464 4441 4444
f 4458 4470 4469
f 4469 4470 4471
f 4469 4471 4463
f 4463 4471 4472
f 4463 4472 4460
f 4460 4472 4473
f 4460 4473 4459
f 3908 3906 4439
f 4439 3906 4452
f 4439 4452 4449
f 4449 4452 4453
f 4449 4453 4438
f 4438 4453 4455
f 4438 4455 4436
f 4436 4455 4457
f 4458 4469 4457
f 4457 4469 4467
f 4457 4467 4436
f 4436 4467 4465
f 4436 4465 4437
f 4437 4465 4446
f 4437 4446 4451
f 4451 4446 4445
f 4451 4445 4450
f 4450 4445 4474
f 4450 4474 4448
f 4448 4474 4475
f 4448 4475 4447
f 4447 4475 4476
f 4447 4476 3867
f 4251 4249 4477
f 4478 4479 4250
f 4480 4481 4250
f 4250 4481 4482
f 4250 4482 4478
f 4251 4477 4250
f 4250 4477 4483
f 4250 4483 4480
f 4253 4254 4479
f 4257 4258 4484
f 4484 4258 4479
f 4479 4258 4252
f 4479 4252 4253
f 4254 4255 4479
f 4479 4255 4256
f 4479 4256 4250
f 4485 4261 4262
f 4261 4485 4486
f 4487 4488 4485
f 4485 4488 4489
f 4485 4489 4486
f 4490 4491 4485
f 4485 4491 4492
f 4485 4492 4487
f 4493 4494 4262
f 4262 4494 4495
f 4262 4495 4485
f 4485 4495 4496
f 4485 4496 4490
f 4484 4497 4257
f 4257 4497 4498
f 4257 4498 4263
f 4263 4498 4499
f 4263 4499 4264
f 4264 4499 4500
f 4264 4500 4188
f 4188 4500 4493
f 4188 4493 4189
f 4189 4493 4262
f 4501 4477 4502
f 4502 4477 4249
f 4502 4249 4248
f 4265 4267 4503
f 4503 4267 4266
f 4503 4266 4504
f 4504 4266 4289
f 4504 4289 4505
f 4505 4289 4288
f 4505 4288 4506
f 4506 4288 4273
f 4506 4273 4507
f 4507 4273 4272
f 4272 4270 4508
f 4508 4509 4510
f 4510 4511 4508
f 4508 4511 4512
f 4508 4512 4272
f 4272 4512 4513
f 4272 4513 4507
f 4514 4509 4515
f 4515 4509 4508
f 4515 4508 4516
f 4516 4508 4270
f 4502 4248 4247
f 4517 4247 4245
f 4245 4244 4517
f 4517 4244 4246
f 4517 4246 4518
f 4518 4246 4265
f 4518 4265 4519
f 4519 4265 4503
f 4247 4517 4502
f 4502 4517 4520
f 4502 4520 4521
f 4521 4522 4502
f 4502 4522 4523
f 4502 4523 4501
f 4524 4525 4526
f 3868 3867 4476
f 4527 4528 4529
f 4530 4531 4532
f 4354 4353 4533
f 4533 4353 4348
f 4531 4533 4532
f 4532 4533 4348
f 4532 4348 4534
f 4534 4348 4340
f 4534 4340 4535
f 4535 4340 4339
f 4535 4339 4027
f 4027 4339 4025
f 3910 3868 4536
f 4536 3868 4476
f 4536 4476 4537
f 4537 4476 4475
f 4537 4475 4538
f 4538 4475 4474
f 4538 4474 4539
f 4539 4474 4445
f 4336 4358 4540
f 4540 4358 4541
f 4525 4524 4541
f 4541 4524 4542
f 4541 4542 4540
f 4530 4526 4531
f 4531 4526 4525
f 4531 4525 4533
f 4533 4525 4541
f 4533 4541 4354
f 4354 4541 4358
f 3952 3945 4042
f 4042 3945 4543
f 4042 4543 4043
f 4043 4543 4544
f 4043 4544 4045
f 4045 4544 4529
f 4045 4529 4545
f 4545 4529 4528
f 4029 4030 4545
f 4545 4030 4046
f 4545 4046 4045
f 4027 4029 4535
f 4535 4029 4545
f 4535 4545 4534
f 4534 4545 4528
f 4534 4528 4532
f 4532 4528 4527
f 4532 4527 4530
f 3944 3910 4546
f 4546 3910 4536
f 4546 4536 4547
f 4547 4536 4537
f 4547 4537 4548
f 4548 4537 4538
f 4548 4538 4549
f 4549 4538 4539
f 4337 4336 4440
f 4440 4336 4540
f 4440 4540 4441
f 4441 4540 4542
f 4441 4542 4444
f 4444 4542 4524
f 4444 4524 4445
f 4445 4524 4526
f 4445 4526 4539
f 4539 4526 4530
f 4539 4530 4549
f 4549 4530 4527
f 4549 4527 4548
f 4548 4527 4529
f 4548 4529 4547
f 4547 4529 4544
f 4547 4544 4546
f 4546 4544 4543
f 4546 4543 3944
f 3944 4543 3945
f 3068 4550 3069
f 3069 4550 4551
f 3069 4551 3070
f 3070 4551 4552
f 3070 4552 4553
f 4553 4128 3070
f 3070 4128 4127
f 3070 4127 4117
f 3068 3072 4550
f 4550 3072 3073
f 4550 3073 4554
f 4554 3073 3075
f 4554 3075 4555
f 4555 3075 3074
f 4555 3074 4556
f 4557 4138 4558
f 4558 4138 4129
f 4129 4130 4558
f 4558 4130 4559
f 4558 4559 4560
f 2981 3059 4142
f 4556 3074 2897
f 2227 3058 2228
f 2228 3058 3044
f 2228 3044 2242
f 2242 3044 3043
f 2242 3043 2254
f 2254 3043 3033
f 2254 3033 2458
f 2458 3033 3015
f 2458 3015 3063
f 3063 3015 3014
f 3063 3014 2896
f 2896 3014 2982
f 2896 2982 2897
f 2897 2982 2981
f 2897 2981 4556
f 4556 2981 4142
f 4158 4160 4167
f 4158 4167 4156
f 4164 4561 4165
f 4165 4561 4163
f 4147 4149 4561
f 4561 4149 4151
f 4561 4151 4152
f 3325 4144 4167
f 4167 4144 4163
f 4167 4163 4156
f 4156 4163 4561
f 4156 4561 4154
f 4154 4561 4152
f 4164 4161 4561
f 4561 4161 4162
f 4561 4162 3349
f 3349 4145 4561
f 4561 4145 4146
f 4561 4146 4147
f 4562 4563 4235
f 4235 4563 4564
f 4235 4564 4234
f 4565 4231 4564
f 4564 4231 4232
f 4564 4232 4234
f 4566 4228 4565
f 4565 4228 4229
f 4565 4229 4231
f 4222 4224 4567
f 4567 4224 4225
f 4567 4225 4566
f 4566 4225 4227
f 4566 4227 4228
f 4222 4567 4217
f 4217 4567 4568
f 4217 4568 4215
f 4569 4570 4571
f 4571 4570 4572
f 4571 4572 4573
f 4574 4575 4576
f 4577 4578 4579
f 4579 4578 4580
f 4581 4582 4577
f 4577 4582 4583
f 4577 4583 4578
f 4576 4584 4574
f 4574 4584 4585
f 4574 4585 4581
f 4581 4585 4586
f 4581 4586 4582
f 4579 4587 4577
f 4577 4587 4588
f 4577 4588 4581
f 4581 4588 4589
f 4581 4589 4574
f 4574 4589 4590
f 4574 4590 4575
f 4575 4590 4591
f 4592 4591 4593
f 4593 4591 4590
f 4593 4590 4594
f 4594 4590 4589
f 4594 4589 4595
f 4595 4589 4588
f 4595 4588 4571
f 4571 4588 4587
f 4571 4587 4569
f 4569 4587 4579
f 4569 4579 4596
f 4596 4579 4580
f 4596 4580 4597
f 4573 4568 4571
f 4571 4568 4567
f 4571 4567 4595
f 4595 4567 4566
f 4595 4566 4594
f 4594 4566 4565
f 4594 4565 4593
f 4593 4565 4564
f 4593 4564 4592
f 4592 4564 4563
f 4597 4598 4599
f 4599 4598 4600
f 4599 4600 4601
f 4602 4569 4599
f 4599 4569 4596
f 4599 4596 4597
f 4568 4573 4603
f 4603 4573 4572
f 4603 4572 4602
f 4602 4572 4570
f 4602 4570 4569
f 4604 4220 4213
f 4601 4605 4599
f 4599 4605 4606
f 4599 4606 4602
f 4602 4606 4604
f 4602 4604 4603
f 4603 4604 4213
f 4603 4213 4568
f 4568 4213 4215
f 4601 4600 4607
f 4239 3101 3103
f 4608 4236 4239
f 4239 3103 4608
f 4608 3103 3105
f 4608 3105 4609
f 4609 3105 3117
f 4609 3117 4206
f 4206 4205 4609
f 4609 4205 4204
f 4609 4204 4610
f 4611 4612 4613
f 4613 4612 4614
f 4613 4614 4615
f 4220 4616 4212
f 4212 4616 4210
f 4617 4199 4618
f 4618 4199 4198
f 4618 4198 4616
f 4616 4198 4208
f 4616 4208 4210
f 4610 4619 4609
f 4609 4619 4620
f 4609 4620 4617
f 4617 4620 4621
f 4617 4621 4199
f 4611 4613 4622
f 4622 4613 4623
f 4622 4623 4624
f 4624 4623 4625
f 4625 4623 4626
f 4625 4626 4627
f 4605 4601 4628
f 4628 4601 4607
f 4628 4607 4626
f 4626 4607 4629
f 4626 4629 4627
f 4615 4630 4613
f 4613 4630 4631
f 4613 4631 4623
f 4623 4631 4632
f 4623 4632 4626
f 4626 4632 4633
f 4626 4633 4628
f 4628 4633 4634
f 4628 4634 4605
f 4605 4634 4606
f 4630 4635 4631
f 4631 4635 4636
f 4631 4636 4632
f 4632 4636 4637
f 4632 4637 4633
f 4633 4637 4638
f 4633 4638 4634
f 4634 4638 4639
f 4634 4639 4606
f 4606 4639 4604
f 4635 4608 4636
f 4636 4608 4609
f 4636 4609 4637
f 4637 4609 4617
f 4637 4617 4638
f 4638 4617 4618
f 4638 4618 4639
f 4639 4618 4616
f 4639 4616 4604
f 4604 4616 4220
f 4610 4204 4203
f 4610 4203 4619
f 4619 4203 4202
f 4619 4202 4620
f 4620 4202 4201
f 4620 4201 4621
f 4621 4201 4200
f 4621 4200 4199
f 4635 4640 4641
f 4614 4612 4642
f 4614 4643 4615
f 4615 4643 4644
f 4615 4644 4630
f 4635 4641 4608
f 4608 4641 4237
f 4608 4237 4236
f 4196 4237 4562
f 4562 4237 4641
f 4562 4641 4563
f 4563 4641 4640
f 4563 4640 4592
f 4575 4591 4643
f 4643 4591 4592
f 4643 4592 4644
f 4644 4592 4640
f 4644 4640 4630
f 4630 4640 4635
f 4614 4642 4643
f 4643 4642 4576
f 4643 4576 4575
f 4196 4562 4194
f 4194 4562 4235
f 3108 4240 4645
f 1563 1565 3098
f 3099 4646 3100
f 3100 4646 3088
f 3100 3088 3087
f 1528 3088 1529
f 1529 3088 4646
f 1529 4646 1565
f 1565 4646 3099
f 1565 3099 3098
f 1558 4645 1559
f 1559 4645 4240
f 1559 4240 1556
f 1556 4240 1557
f 1563 3098 1558
f 1558 3098 3106
f 1558 3106 4645
f 4645 3106 3107
f 4645 3107 3108
f 4647 4648 4649
f 4650 4651 4652
f 4653 4654 4655
f 4656 4513 4512
f 3090 4657 3092
f 4657 3090 4658
f 4658 3090 1511
f 4658 1511 4659
f 4660 3096 3095
f 4661 4211 4662
f 4662 4211 4209
f 4662 4209 4660
f 4660 4209 4207
f 4660 4207 3096
f 3096 4207 4197
f 3096 4197 3132
f 4647 4221 4648
f 4648 4221 4219
f 4648 4219 4661
f 4661 4219 4218
f 4661 4218 4211
f 4281 4663 4282
f 4282 4663 4664
f 4282 4664 4284
f 4284 4664 4665
f 4275 4274 4666
f 4666 4274 4278
f 4666 4278 4665
f 4665 4278 4277
f 4665 4277 4284
f 4275 4666 4276
f 4276 4666 4516
f 4276 4516 4270
f 4514 4515 4667
f 4667 4515 4668
f 4667 4668 4669
f 1589 1591 4670
f 4670 1591 890
f 4670 890 4671
f 894 4656 889
f 889 4656 4512
f 889 4512 890
f 890 4512 4511
f 890 4511 4671
f 4671 4511 4510
f 4671 4510 4672
f 4673 1510 1513
f 1513 1497 4673
f 4673 1497 4674
f 4673 4674 4675
f 4509 4514 4676
f 4676 4514 4667
f 4676 4667 4677
f 4677 4667 4669
f 4677 4669 4678
f 4679 4654 4680
f 4680 4654 4653
f 4680 4653 4681
f 4674 4682 4675
f 4675 4682 4683
f 4675 4683 4684
f 4684 4683 4685
f 4684 4685 4686
f 4651 1589 4652
f 4652 1589 4670
f 4652 4670 4681
f 4681 4670 4671
f 4681 4671 4680
f 4680 4671 4672
f 4680 4672 4679
f 4684 4687 4675
f 4675 4687 4688
f 4675 4688 4673
f 4673 4688 4659
f 4673 4659 1510
f 1510 4659 1511
f 3094 3093 4689
f 4689 3093 3092
f 4689 3092 4690
f 4690 3092 4657
f 4690 4657 4691
f 4691 4657 4658
f 4691 4658 4692
f 4692 4658 4659
f 4692 4659 4655
f 4655 4659 4688
f 4655 4688 4653
f 4653 4688 4687
f 4653 4687 4681
f 4681 4687 4684
f 4681 4684 4652
f 4652 4684 4686
f 4652 4686 4650
f 4515 4516 4668
f 4668 4516 4666
f 4668 4666 4669
f 4669 4666 4665
f 4669 4665 4678
f 4678 4665 4664
f 4678 4664 4649
f 4649 4664 4663
f 4649 4663 4647
f 4647 4663 4281
f 4647 4281 4221
f 4510 4509 4672
f 4672 4509 4676
f 4672 4676 4679
f 4679 4676 4677
f 4679 4677 4654
f 4654 4677 4678
f 4654 4678 4655
f 4655 4678 4649
f 4655 4649 4692
f 4692 4649 4648
f 4692 4648 4691
f 4691 4648 4661
f 4691 4661 4690
f 4690 4661 4662
f 4690 4662 4689
f 4689 4662 4660
f 4689 4660 3094
f 3094 4660 3095
f 4578 4693 4580
f 4584 4694 4695
f 4612 4694 4642
f 4642 4694 4584
f 4642 4584 4576
f 4582 4586 4695
f 4695 4586 4585
f 4695 4585 4584
f 4693 4600 4580
f 4580 4600 4598
f 4580 4598 4597
f 4612 4611 4694
f 4694 4611 4622
f 4694 4622 4695
f 4695 4622 4624
f 4695 4624 4582
f 4582 4624 4625
f 4582 4625 4583
f 4583 4625 4627
f 4583 4627 4578
f 4578 4627 4629
f 4578 4629 4693
f 4693 4629 4607
f 4693 4607 4600
f 3208 3210 4696
f 4147 3352 3354
f 4174 4173 4182
f 3347 3348 4175
f 4174 4182 4175
f 4175 4182 3344
f 4175 3344 3347
f 4697 4698 4171
f 4171 4698 4699
f 4171 4699 4166
f 4166 4699 4700
f 4166 4700 4701
f 4173 4172 4182
f 4182 4172 4166
f 4182 4166 4702
f 4702 4166 4701
f 4171 4168 4697
f 4697 4168 4170
f 4697 4170 4703
f 4703 4170 4169
f 4703 4169 4704
f 4704 4169 4160
f 4704 4160 4159
f 4159 4157 4704
f 4704 4157 4155
f 4704 4155 4705
f 4705 4155 4153
f 4705 4153 4706
f 4153 4152 4706
f 4706 4152 4150
f 4706 4150 4148
f 4147 3354 4148
f 4148 3354 4706
f 4706 3354 3359
f 4706 3359 4707
f 4707 3359 3361
f 4707 3361 4708
f 4708 3361 3363
f 4708 3363 4709
f 3366 4143 3363
f 3363 4143 3367
f 3363 3367 4709
f 4709 3367 4113
f 4709 4113 4710
f 4710 4113 4114
f 4710 4114 4711
f 4711 4114 4115
f 4711 4115 4712
f 4712 4115 4118
f 4119 4713 4118
f 4118 4713 4714
f 4118 4714 4712
f 4116 3309 3208
f 4116 3208 4120
f 4120 3208 4696
f 4120 4696 4119
f 4119 4696 4715
f 4119 4715 4713
f 3405 4716 4717
f 3395 3393 4718
f 4719 4720 4721
f 4722 4723 4724
f 4724 4723 4725
f 4724 4725 4726
f 4726 4725 4727
f 4726 4727 4716
f 4716 4727 4728
f 4716 4728 4717
f 4722 4724 4729
f 4729 4724 4730
f 4729 4730 4731
f 4732 4733 4734
f 4732 4734 4730
f 4730 4734 4735
f 4730 4735 4731
f 4733 4732 4736
f 4736 4732 4737
f 4736 4737 4738
f 4719 4721 4739
f 4184 4183 4740
f 4176 4181 4741
f 4741 4181 4180
f 4741 4180 4742
f 4742 4180 4179
f 4742 4179 4743
f 4743 4179 4184
f 4743 4184 4744
f 4744 4184 4740
f 4744 4740 4745
f 3392 3400 4746
f 4746 3400 3402
f 4176 4741 4177
f 4177 4741 4746
f 4177 4746 4178
f 4178 4746 3402
f 4178 3402 3403
f 3405 3396 4716
f 4716 3396 4747
f 4716 4747 4726
f 4726 4747 4748
f 4726 4748 4724
f 4724 4748 4749
f 4724 4749 4730
f 4730 4749 4750
f 4730 4750 4732
f 4732 4750 4721
f 4732 4721 4737
f 4737 4721 4720
f 3396 3395 4747
f 4747 3395 4718
f 4747 4718 4748
f 4748 4718 4751
f 4748 4751 4749
f 4749 4751 4752
f 4749 4752 4750
f 4750 4752 4753
f 4750 4753 4721
f 4721 4753 4754
f 4721 4754 4739
f 4739 4754 4755
f 3393 3392 4718
f 4718 3392 4746
f 4718 4746 4751
f 4751 4746 4741
f 4751 4741 4752
f 4752 4741 4742
f 4752 4742 4753
f 4753 4742 4743
f 4753 4743 4754
f 4754 4743 4744
f 4754 4744 4755
f 4755 4744 4745
f 3334 3333 3390
f 3424 3336 3404
f 3404 3336 3334
f 3404 3334 3386
f 3386 3334 3390
f 3386 3390 3389
f 3424 3425 3336
f 3336 3425 3426
f 3336 3426 3337
f 3337 3426 4756
f 3337 4756 4757
f 4757 4758 3337
f 3337 4758 4759
f 3337 4759 3341
f 4183 4182 4702
f 4698 4760 4699
f 4699 4760 4761
f 4699 4761 4700
f 4700 4761 4762
f 4700 4762 4701
f 4701 4762 4738
f 4701 4738 4702
f 4702 4738 4737
f 4183 4702 4740
f 4739 4702 4719
f 4719 4702 4737
f 4719 4737 4720
f 4739 4755 4702
f 4702 4755 4745
f 4702 4745 4740
f 3226 3231 3260
f 2612 2611 4763
f 4763 2611 2616
f 4763 2616 4764
f 2609 2605 4765
f 2606 2607 3260
f 3260 2607 2608
f 3260 2608 2609
f 4765 2605 4763
f 4763 2605 2610
f 4763 2610 2612
f 2609 4765 3260
f 3260 4765 3227
f 3260 3227 3226
f 4766 2629 4767
f 4767 2629 2630
f 4767 2630 2631
f 4768 2623 4766
f 4766 2623 2625
f 4766 2625 2629
f 2616 2617 4764
f 4764 2617 2619
f 4764 2619 4768
f 4768 2619 2621
f 4768 2621 2623
f 2008 2011 4769
f 4769 2011 2010
f 4769 2010 4770
f 4770 2010 2018
f 4770 2018 2017
f 2003 2004 4769
f 4769 2004 2006
f 4769 2006 2008
f 2226 2225 4771
f 4772 4773 276
f 4774 4775 4776
f 3133 3135 4777
f 3245 3133 3247
f 3247 3133 4777
f 3247 4777 3249
f 3249 4777 4778
f 3249 4778 3252
f 3252 4778 4779
f 3252 4779 3257
f 3257 4779 4780
f 3257 4780 3255
f 3255 4780 4781
f 3255 4781 4782
f 4782 4781 4783
f 4784 4785 4786
f 4786 4787 4784
f 4784 4787 4788
f 4784 4788 4781
f 4781 4788 4789
f 4781 4789 4783
f 4790 4791 4784
f 4784 4791 4792
f 4784 4792 4785
f 4790 240 271
f 4793 4794 270
f 270 4794 271
f 271 4794 4795
f 271 4795 4790
f 4790 4795 4796
f 4790 4796 4791
f 237 4797 270
f 270 4797 4798
f 270 4798 4793
f 4799 4797 4800
f 4800 4797 237
f 4800 237 4801
f 4801 237 238
f 4801 238 4790
f 4790 238 239
f 4790 239 240
f 4802 4803 4804
f 4804 4803 4805
f 4804 4805 4800
f 4800 4805 4806
f 4800 4806 4799
f 4802 4804 4807
f 4807 4804 4808
f 4807 4808 4809
f 4775 4810 4776
f 4776 4810 4811
f 4776 4811 4808
f 4808 4811 4812
f 4808 4812 4809
f 4813 4814 4815
f 4815 4814 4816
f 4815 4816 4817
f 4813 4818 4814
f 4814 4818 4819
f 4814 4819 4776
f 4776 4819 4820
f 4776 4820 4774
f 4816 266 279
f 4817 4816 4821
f 4821 4816 279
f 4821 279 4822
f 4822 279 4823
f 4823 279 278
f 4823 278 4824
f 4824 278 4773
f 4773 278 277
f 4773 277 276
f 2226 4771 273
f 4772 276 4771
f 4771 276 274
f 4771 274 273
f 2557 2556 4825
f 2572 2569 4826
f 4826 4827 2558
f 2558 4827 4828
f 2558 4828 2591
f 2591 4828 4829
f 2591 4829 2592
f 2571 2572 4830
f 4830 2572 4826
f 4830 4826 4825
f 4825 4826 2558
f 4825 2558 2557
f 2889 227 2888
f 2888 227 228
f 2888 228 2877
f 228 34 2877
f 2877 34 36
f 2877 36 2878
f 2878 36 38
f 2878 38 2879
f 2879 38 40
f 2879 40 2880
f 2880 40 27
f 2880 27 2881
f 2881 27 26
f 2881 26 2882
f 2882 26 31
f 2882 31 2883
f 2883 31 21
f 2883 21 2884
f 2884 21 23
f 2884 23 3470
f 3470 23 3
f 2841 4831 2843
f 2840 4832 4833
f 4832 2840 2848
f 3374 3362 4834
f 3415 3414 2834
f 3438 110 3419
f 3419 110 3420
f 3420 110 108
f 3420 108 3414
f 3414 108 107
f 3414 107 106
f 106 105 3414
f 3414 105 103
f 3414 103 2834
f 2834 103 2835
f 3448 3446 3418
f 3405 3449 3406
f 3406 3449 3448
f 3406 3448 3407
f 3407 3448 3418
f 3446 3444 3418
f 3418 3444 3442
f 3418 3442 3419
f 3419 3442 3440
f 3419 3440 3438
f 2833 4835 2834
f 2834 4835 4836
f 4837 3409 3417
f 3340 3341 4759
f 4758 4838 4759
f 4759 4838 3329
f 4759 3329 3340
f 3426 3411 4756
f 4756 3411 4838
f 4756 4838 4757
f 4757 4838 4758
f 3324 3332 4838
f 4838 3332 3331
f 4838 3331 3329
f 3376 3375 4839
f 4839 3375 3372
f 4839 3372 4834
f 4834 3372 3371
f 4834 3371 3374
f 3384 3385 4840
f 4840 3385 3382
f 4840 3382 4841
f 4841 3382 3380
f 4841 3380 4839
f 4839 3380 3378
f 4839 3378 3376
f 4842 4843 4844
f 4845 4846 4847
f 4848 4849 4845
f 4845 4849 4850
f 4845 4850 4846
f 2853 2854 4851
f 4851 2854 2855
f 4851 2855 4852
f 4852 2855 2856
f 4852 2856 4853
f 4853 2856 2857
f 4853 2857 2858
f 4854 2846 4848
f 4848 2846 2845
f 4848 2845 4849
f 4849 2845 2852
f 4849 2852 4850
f 4850 2852 2853
f 4850 2853 4855
f 4855 2853 4851
f 2833 2832 4835
f 4835 2832 2839
f 4835 2839 4856
f 2837 2843 4857
f 4857 2843 4831
f 4857 4831 4833
f 4833 4831 2841
f 4833 2841 2840
f 4858 4837 4859
f 4859 4837 3417
f 4859 3417 3416
f 3324 4838 4860
f 4860 4838 4861
f 4860 4861 4862
f 4862 4861 4863
f 4862 4863 4864
f 4864 4863 4865
f 4864 4865 4866
f 4867 4868 4869
f 4869 4868 4854
f 4869 4854 4870
f 4870 4854 4848
f 4870 4848 4871
f 4871 4848 4845
f 4871 4845 4842
f 4842 4845 4847
f 4842 4847 4843
f 4856 2839 4872
f 4872 2839 2837
f 4872 2837 4856
f 4856 2837 4857
f 4856 4857 4867
f 4867 4857 4833
f 4867 4833 4868
f 4868 4833 4832
f 4868 4832 4854
f 4854 4832 2848
f 4854 2848 2846
f 4873 4874 4875
f 4875 4874 4876
f 4875 4876 4877
f 4877 4876 4878
f 4877 4878 4879
f 4879 4878 4880
f 4879 4880 4881
f 4881 4880 4882
f 4881 4882 4883
f 3192 3384 4884
f 4884 3384 4840
f 4884 4840 4885
f 4885 4840 4841
f 4885 4841 4886
f 4886 4841 4839
f 4886 4839 4887
f 4887 4839 4834
f 4887 4834 4888
f 4888 4834 3362
f 4888 3362 4866
f 4866 3362 3360
f 4866 3360 4864
f 4864 3360 3358
f 4864 3358 4862
f 4862 3358 3351
f 4862 3351 4860
f 4860 3351 3326
f 4860 3326 3324
f 3411 3409 4838
f 4838 3409 4837
f 4838 4837 4861
f 4861 4837 4858
f 4861 4858 4863
f 4863 4858 4889
f 4863 4889 4865
f 4865 4889 4873
f 4865 4873 4866
f 4866 4873 4875
f 4866 4875 4888
f 4888 4875 4877
f 4888 4877 4887
f 4887 4877 4879
f 4887 4879 4886
f 4886 4879 4881
f 4886 4881 4885
f 4885 4881 4883
f 4885 4883 4884
f 3415 2834 3416
f 3416 2834 4836
f 3416 4836 4859
f 4859 4836 4835
f 4859 4835 4858
f 4858 4835 4856
f 4858 4856 4889
f 4889 4856 4867
f 4889 4867 4873
f 4873 4867 4869
f 4873 4869 4874
f 4874 4869 4870
f 4874 4870 4876
f 4876 4870 4871
f 4876 4871 4878
f 4878 4871 4842
f 4878 4842 4880
f 4880 4842 4844
f 4880 4844 4882
f 4827 2595 4828
f 4828 2595 2594
f 4828 2594 4829
f 4829 2594 2592
f 801 4890 802
f 802 4890 4891
f 802 4891 803
f 2911 4890 2906
f 2906 4890 801
f 2906 801 2904
f 2904 801 2975
f 2904 2975 2885
f 2885 2975 230
f 2885 230 2886
f 2886 230 229
f 2886 229 2887
f 2887 229 227
f 2887 227 2889
f 2950 2945 3201
f 3201 2945 2992
f 3201 2992 3202
f 3202 2992 2990
f 3202 2990 3203
f 2930 2929 4892
f 4892 2929 2959
f 4892 2959 4893
f 4893 2959 2957
f 4893 2957 4894
f 4894 2957 2955
f 4894 2955 4895
f 4895 2955 2953
f 4895 2953 4896
f 4896 2953 2951
f 4896 2951 4890
f 4890 2951 2950
f 4890 2950 4891
f 4891 2950 3201
f 4891 3201 803
f 2911 2910 4890
f 4890 2910 2914
f 4890 2914 4896
f 4896 2914 2913
f 4896 2913 4895
f 4895 2913 2912
f 4895 2912 4894
f 4894 2912 2920
f 4894 2920 4893
f 4893 2920 2918
f 4893 2918 4892
f 4892 2918 2916
f 4892 2916 2930
f 3451 3449 3405
f 4714 4713 4897
f 4898 2677 2673
f 2720 2718 4761
f 4703 4704 2707
f 2707 4704 4705
f 2707 4705 4706
f 4761 4760 2720
f 2720 4760 4698
f 2720 4698 2715
f 2715 4698 4697
f 2715 4697 2706
f 2706 4697 4703
f 2706 4703 2708
f 2708 4703 2707
f 2686 2688 4707
f 4707 2688 2689
f 4707 2689 4706
f 4706 2689 2691
f 4706 2691 2707
f 4707 4708 2686
f 2686 4708 4709
f 2686 4709 2685
f 2685 4709 4710
f 2685 4710 2673
f 2677 4898 2679
f 2679 4898 4897
f 2679 4897 2681
f 2681 4897 2654
f 2654 4897 4899
f 2654 4899 2655
f 2658 4900 2659
f 2659 4900 2662
f 2658 2655 4900
f 4900 2655 4899
f 4900 4899 4901
f 4901 4899 4696
f 4901 4696 3210
f 4897 4713 4899
f 4899 4713 4715
f 4899 4715 4696
f 2673 4710 4898
f 4898 4710 4711
f 4898 4711 4897
f 4897 4711 4712
f 4897 4712 4714
f 4725 4723 2722
f 2722 4723 4722
f 2722 4722 2731
f 2731 4722 4729
f 2731 4729 2730
f 2730 4729 4731
f 2730 4731 2728
f 2728 4731 4735
f 2728 4735 2727
f 2727 4735 4734
f 2727 4734 2726
f 2726 4734 4733
f 2726 4733 2725
f 2725 4733 4736
f 2725 4736 2717
f 2717 4736 4738
f 2717 4738 2718
f 2718 4738 4762
f 2718 4762 4761
f 4725 2722 4727
f 4727 2722 2721
f 4727 2721 3458
f 3451 3405 3453
f 3458 3457 4727
f 4727 3457 3455
f 4727 3455 4728
f 4728 3455 3453
f 4728 3453 4717
f 4717 3453 3405
f 2595 4827 2561
f 2561 4827 4826
f 2561 4826 2563
f 2569 2567 4826
f 4826 2567 2565
f 4826 2565 2563
f 4825 2556 2555
f 2596 2571 4830
f 2555 2537 4825
f 4825 2537 2598
f 4825 2598 4830
f 4830 2598 2597
f 4830 2597 2596
f 4902 2603 2599
f 4902 2599 4903
f 4903 2599 2601
f 4903 2601 2602
f 2602 2107 4904
f 4904 2107 2106
f 2602 4904 4903
f 4903 4904 4905
f 4903 4905 4906
f 4906 4905 4907
f 4906 4907 4908
f 4908 4907 4909
f 4908 4909 4910
f 4910 4909 3621
f 4910 3621 3622
f 3240 3239 3588
f 3241 3240 4911
f 3240 3588 4911
f 4911 3588 3587
f 4911 3587 4912
f 4912 3587 3586
f 4912 3586 4913
f 3580 4914 3581
f 3581 4914 4913
f 3581 4913 3583
f 3583 4913 3586
f 2106 3241 4904
f 4904 3241 4911
f 4904 4911 4905
f 4905 4911 4912
f 4905 4912 4907
f 4907 4912 4913
f 4907 4913 4909
f 4909 4913 4914
f 3580 3585 4914
f 4914 3585 3615
f 4914 3615 4909
f 4909 3615 3619
f 4909 3619 3621
f 3256 3255 4782
f 4795 4794 3875
f 2122 3793 3781
f 3793 2122 3791
f 3791 2122 2120
f 3791 2120 3792
f 4915 4823 3860
f 3860 4823 4824
f 2225 2122 4771
f 4771 2122 3781
f 4771 3781 4772
f 4772 3781 3780
f 4772 3780 4773
f 4773 3780 3858
f 4773 3858 4824
f 4824 3858 3859
f 4824 3859 3860
f 4916 3871 4799
f 4916 4799 4917
f 4917 4799 4806
f 4917 4806 4918
f 4918 4806 4805
f 4918 4805 4919
f 4919 4805 4803
f 4919 4803 4920
f 4920 4803 4802
f 4920 4802 4921
f 4921 4802 4807
f 4921 4807 4922
f 4922 4807 4809
f 4922 4809 4812
f 4811 4810 4923
f 4810 4775 4923
f 4923 4775 4774
f 4923 4774 4924
f 4774 4820 4924
f 4924 4820 4819
f 4924 4819 4925
f 4925 4819 4818
f 4925 4818 4926
f 4818 4813 4926
f 4926 4813 4815
f 4926 4815 4927
f 4927 4815 4817
f 4927 4817 4928
f 4928 4817 4821
f 4928 4821 4915
f 4915 4821 4822
f 4915 4822 4823
f 3875 4794 3877
f 3877 4794 4793
f 3877 4793 3873
f 3873 4793 3870
f 3870 4793 4798
f 3870 4798 3871
f 3871 4798 4797
f 3871 4797 4799
f 4786 4785 3881
f 3881 4785 4792
f 3881 4792 3874
f 3874 4792 4791
f 3874 4791 3875
f 3875 4791 4796
f 3875 4796 4795
f 3886 3885 4782
f 4782 4783 3886
f 3886 4783 4789
f 3886 4789 3887
f 3881 3879 4786
f 4786 3879 3878
f 4786 3878 4787
f 4787 3878 3887
f 4787 3887 4788
f 4788 3887 4789
f 3883 3882 3483
f 3483 3882 3993
f 3483 3993 3484
f 3483 3487 3883
f 3883 3487 3486
f 3883 3486 3885
f 3885 3486 3488
f 3885 3488 4782
f 4782 3488 3490
f 4782 3490 3256
f 4929 4923 4930
f 4930 4923 4931
f 4812 4811 4922
f 4922 4811 4923
f 4922 4923 4932
f 4932 4923 4929
f 3792 2120 3783
f 3783 2120 2119
f 3783 2119 3784
f 3784 2119 1911
f 3784 1911 3786
f 2003 3789 1913
f 1913 3789 3788
f 1913 3788 1911
f 1911 3788 3787
f 1911 3787 3786
f 2017 2016 4770
f 4770 2016 3789
f 4770 3789 4769
f 4769 3789 2003
f 2016 2600 3789
f 3789 2600 2603
f 3789 2603 4902
f 4902 4903 3789
f 3789 4903 4906
f 3789 4906 3804
f 3804 4906 4908
f 3804 4908 3617
f 3617 4908 4910
f 3617 4910 3618
f 3618 4910 3622
f 140 144 4933
f 262 266 4816
f 3137 4777 3135
f 3186 3192 4884
f 4801 4852 4853
f 4853 2858 4801
f 4801 2858 2814
f 4801 2814 4800
f 4852 4801 4851
f 4851 4801 4790
f 4851 4790 4855
f 4784 4847 4846
f 4784 4846 4790
f 4790 4846 4850
f 4790 4850 4855
f 4780 4882 4781
f 4781 4882 4844
f 4781 4844 4784
f 4784 4844 4843
f 4784 4843 4847
f 3187 3186 4779
f 4779 3186 4884
f 4779 4884 4780
f 4780 4884 4883
f 4780 4883 4882
f 4777 3137 4778
f 3137 3139 4778
f 4778 3139 3143
f 4778 3143 3172
f 3172 3143 3141
f 3172 3141 3140
f 3140 3149 3172
f 3172 3149 3148
f 3172 3148 3147
f 3172 3190 4778
f 4778 3190 3189
f 4778 3189 4779
f 4779 3189 3188
f 4779 3188 3187
f 4814 267 4816
f 4816 267 260
f 4816 260 262
f 2815 2816 4934
f 4934 2816 2818
f 4934 2818 4935
f 4935 2818 2817
f 4935 2817 4936
f 2614 267 4937
f 4937 267 4814
f 4937 4814 4938
f 4938 4814 4776
f 4938 4776 4939
f 4939 4776 4808
f 4939 4808 4940
f 4940 4808 4804
f 4940 4804 4934
f 4934 4804 4800
f 4934 4800 2815
f 2815 4800 2814
f 2820 4941 2821
f 2821 4941 4936
f 2821 4936 2813
f 2813 4936 2817
f 2819 2255 2256
f 2820 2819 4941
f 4941 2819 2256
f 4941 2256 4942
f 4942 2256 4943
f 141 140 2496
f 2496 140 4933
f 2496 4933 2497
f 2497 4933 4943
f 2497 4943 2498
f 2498 4943 2256
f 2660 2661 4768
f 2661 2662 4900
f 3229 3227 4765
f 2628 2627 2667
f 4767 2631 2628
f 3166 4763 3211
f 3211 4763 3206
f 3166 3214 4763
f 4763 3214 3213
f 4763 3213 4765
f 4765 3213 3220
f 4765 3220 3229
f 3161 3212 3165
f 3165 3212 3221
f 3165 3221 3166
f 3166 3221 3216
f 3166 3216 3214
f 4901 3210 4764
f 4764 3210 3209
f 4764 3209 4763
f 4763 3209 3207
f 4763 3207 3206
f 4768 2661 4764
f 4764 2661 4900
f 4764 4900 4901
f 4766 2664 4768
f 4768 2664 2663
f 4768 2663 2660
f 2628 2667 4767
f 4767 2667 2666
f 4767 2666 4766
f 4766 2666 2665
f 4766 2665 2664
f 4934 155 4940
f 4940 155 161
f 4940 161 163
f 2614 4937 268
f 268 4937 4938
f 268 4938 163
f 163 4938 4939
f 163 4939 4940
f 155 4934 156
f 156 4934 4935
f 156 4935 151
f 151 4935 4936
f 151 4936 150
f 150 4936 4941
f 150 4941 148
f 148 4941 4942
f 148 4942 146
f 146 4942 4943
f 146 4943 143
f 143 4943 4933
f 143 4933 144
f 831 830 4139
f 831 4139 834
f 3011 3314 3012
f 3012 3314 4139
f 3012 4139 3013
f 3013 4139 830
f 834 4139 4944
f 4944 4139 4138
f 4944 4138 4557
f 4557 4558 3315
f 836 834 3315
f 3315 834 4944
f 3315 4944 4557
f 2675 3369 2668
f 2668 3369 3364
f 2668 3364 2669
f 53 51 3370
f 3370 51 50
f 3364 3370 2669
f 2669 3370 50
f 2669 50 2891
f 2891 50 2971
f 2891 2971 3062
f 3062 2971 3017
f 3062 3017 2457
f 2457 3017 3021
f 2457 3021 2243
f 2243 3021 3032
f 2243 3032 2241
f 2241 3032 3047
f 2241 3047 2235
f 2235 3047 3046
f 2235 3046 2227
f 2227 3046 3058
f 3191 3193 49
f 53 3370 55
f 55 3370 3373
f 55 3373 80
f 80 3373 3377
f 80 3377 82
f 82 3377 3379
f 82 3379 84
f 84 3379 3381
f 84 3381 49
f 49 3381 3383
f 49 3383 3191
f 49 3193 46
f 46 3193 3319
f 46 3319 47
f 47 3319 3318
f 3318 3317 4945
f 4945 4946 3318
f 3318 4946 4947
f 3318 4947 47
f 47 4947 4948
f 47 4948 841
f 3317 3320 4945
f 4945 3320 3322
f 4945 3322 4949
f 4949 3322 4950
f 3316 3315 4558
f 3322 3321 4950
f 4950 3321 3316
f 4950 3316 4560
f 4560 3316 4558
f 844 841 4948
f 844 4948 4951
f 4134 4135 4951
f 4948 4947 4951
f 4951 4947 4946
f 4951 4946 4945
f 4134 4951 4133
f 4133 4951 4945
f 4133 4945 4132
f 4135 4136 4951
f 4951 4136 4137
f 4951 4137 4126
f 4950 4560 4559
f 4945 4949 4132
f 4132 4949 4950
f 4132 4950 4131
f 4131 4950 4559
f 4131 4559 4130
f 845 844 4951
f 845 4951 4553
f 4553 4951 4126
f 4553 4126 4128
f 4550 850 4551
f 4551 850 851
f 4551 851 4552
f 4552 851 845
f 4552 845 4553
f 4140 848 850
f 4141 4140 4142
f 4142 4140 850
f 4142 850 4556
f 4556 850 4550
f 4556 4550 4555
f 4555 4550 4554
f 935 4952 936
f 4490 4496 4953
f 4488 4487 4954
f 4954 4487 4492
f 4954 4492 4955
f 4955 4492 4491
f 4955 4491 4956
f 4956 4491 4490
f 4956 4490 4957
f 4957 4490 4953
f 4957 4953 4958
f 4959 930 4260
f 4954 4960 4488
f 4488 4960 4961
f 4488 4961 4489
f 4489 4961 4959
f 4489 4959 4486
f 4486 4959 4260
f 4486 4260 4261
f 4962 932 931
f 932 4962 933
f 933 4962 4963
f 933 4963 934
f 934 4963 4964
f 934 4964 935
f 936 4952 937
f 941 940 4965
f 4965 940 939
f 4965 939 4966
f 4966 939 937
f 4966 937 4967
f 4967 937 4952
f 935 4964 4952
f 4952 4964 4968
f 4952 4968 4967
f 4967 4968 4969
f 4967 4969 4966
f 4966 4969 4970
f 4966 4970 4965
f 4965 4970 4971
f 4965 4971 941
f 930 4959 931
f 931 4959 4961
f 931 4961 4962
f 4962 4961 4960
f 4962 4960 4963
f 4963 4960 4954
f 4963 4954 4964
f 4964 4954 4955
f 4964 4955 4968
f 4968 4955 4956
f 4968 4956 4969
f 4969 4956 4957
f 4969 4957 4970
f 4970 4957 4958
f 4970 4958 4971
f 4972 4973 4953
f 4953 4973 4958
f 943 941 4974
f 4974 941 4971
f 4974 4971 4975
f 4975 4971 4958
f 4975 4958 4976
f 4976 4958 4973
f 4972 4953 4977
f 4977 4953 4496
f 4977 4496 4978
f 4978 4496 4495
f 4978 4495 4494
f 4979 3846 3844
f 4980 4981 4982
f 4983 4984 4985
f 1022 1020 4986
f 1003 4987 1005
f 1333 1335 4988
f 998 997 4989
f 4990 4991 4992
f 4976 4973 4993
f 4494 4994 4978
f 4500 4499 4995
f 4503 4504 4996
f 4922 4932 4997
f 4915 3860 4998
f 4915 4998 4928
f 4928 4998 4999
f 4928 4999 4927
f 4927 4999 5000
f 4927 5000 4926
f 4926 5000 5001
f 4926 5001 4925
f 4931 4923 5002
f 3871 4916 5003
f 5003 4916 4917
f 5003 4917 5004
f 5004 4917 4918
f 5004 4918 5005
f 5005 4918 4919
f 5005 4919 5006
f 5006 4919 4920
f 5006 4920 4997
f 4997 4920 4921
f 4997 4921 4922
f 892 896 5007
f 5007 896 5008
f 4996 4504 5009
f 5009 4504 4505
f 5009 4505 5007
f 5007 4505 5010
f 5007 5010 892
f 4503 4996 4519
f 4519 4996 5011
f 4519 5011 4518
f 5012 4517 5013
f 5013 4517 4518
f 5013 4518 5014
f 5015 4521 5012
f 5012 4521 4520
f 5012 4520 4517
f 4408 4421 4522
f 4522 4421 4523
f 4483 4477 4501
f 5016 4482 5017
f 5017 4482 4481
f 5017 4481 5018
f 5018 4481 4480
f 5019 4479 5016
f 5016 4479 4478
f 5016 4478 4482
f 4499 4498 4995
f 4995 4498 4497
f 4995 4497 5020
f 5020 4497 4484
f 5021 3934 4494
f 4494 3934 3933
f 4494 3933 4994
f 4994 3933 3932
f 4994 3932 3931
f 4972 4977 5022
f 5022 4977 4978
f 5023 4974 4993
f 4993 4974 4975
f 4993 4975 4976
f 983 985 5024
f 5024 985 945
f 5024 945 943
f 990 996 4992
f 4992 996 995
f 4992 995 4990
f 4990 995 993
f 4990 993 992
f 4989 997 4992
f 4992 997 988
f 4992 988 990
f 5025 5026 1000
f 1000 5026 5027
f 1000 5027 1339
f 4988 1335 5027
f 5027 1335 1337
f 5027 1337 1339
f 1002 5028 1003
f 1003 5028 5029
f 1003 5029 4987
f 4987 5029 5030
f 5030 1009 4987
f 4987 1009 1007
f 4987 1007 1005
f 1028 1018 5031
f 5031 1018 1016
f 5031 1016 5032
f 1014 1012 5030
f 5030 1012 1011
f 5030 1011 1009
f 1035 1034 5033
f 5033 1034 1024
f 1037 5034 1039
f 1039 5034 5035
f 1039 5035 1040
f 896 898 5008
f 5008 898 1042
f 5008 1042 5035
f 5035 1042 1031
f 5035 1031 1040
f 3971 5036 3970
f 3970 5036 5037
f 3970 5037 3969
f 3901 3903 4983
f 4983 3903 3872
f 4983 3872 4984
f 3971 3901 5036
f 5036 3901 4983
f 5036 4983 5038
f 5038 4983 4985
f 5038 4985 5039
f 3968 3969 5040
f 5040 3969 5037
f 5040 5037 5041
f 5041 5037 5036
f 5041 5036 5042
f 5042 5036 5038
f 5042 5038 5043
f 5043 5038 5039
f 5043 5039 5044
f 4991 5045 4992
f 4992 5045 5025
f 4992 5025 4989
f 4989 5025 1000
f 4989 1000 998
f 5046 4988 5047
f 5047 4988 5027
f 5047 5027 5048
f 5048 5027 5026
f 5048 5026 5049
f 5049 5026 5025
f 5050 5028 5051
f 5051 5028 1002
f 5051 1002 1409
f 5050 5052 5028
f 5028 5052 5053
f 5028 5053 5029
f 5029 5053 5054
f 5029 5054 5030
f 5030 5054 5032
f 5030 5032 1014
f 1014 5032 1016
f 4923 4924 5002
f 5002 4924 5055
f 5002 5055 5056
f 5056 5055 5057
f 5056 5057 5058
f 5058 5057 5059
f 5058 5059 5060
f 5060 5059 5061
f 5060 5061 5062
f 5062 5061 4979
f 5062 4979 5063
f 5063 4979 3844
f 5063 3844 3842
f 5064 5065 5066
f 5066 5065 3797
f 5066 3797 3799
f 5067 5064 5068
f 5068 5064 5066
f 5068 5066 5069
f 5069 5066 3799
f 3860 3797 4998
f 4998 3797 5065
f 4998 5065 4999
f 4999 5065 5064
f 4999 5064 5000
f 5000 5064 5067
f 5000 5067 5001
f 3799 3801 5069
f 5069 3801 3803
f 5069 3803 3847
f 4924 4925 5055
f 5055 4925 5001
f 5055 5001 5057
f 5057 5001 5067
f 5057 5067 5059
f 5059 5067 5068
f 5059 5068 5061
f 5061 5068 5069
f 5061 5069 4979
f 4979 5069 3847
f 4979 3847 3846
f 5014 4428 5013
f 5013 4428 4409
f 5013 4409 5012
f 5012 4409 4408
f 5012 4408 5015
f 5015 4408 4522
f 5015 4522 4521
f 4422 4424 5070
f 5070 4424 4426
f 5070 4426 5014
f 5014 4426 4427
f 5014 4427 4428
f 4518 5011 5014
f 5014 5011 4996
f 5014 4996 5070
f 5070 4996 5009
f 5070 5009 4422
f 3772 4422 3773
f 3773 4422 5009
f 3773 5009 3848
f 3848 5009 5007
f 5052 5071 5053
f 5053 5071 5072
f 5053 5072 5054
f 5054 5072 5073
f 5054 5073 5032
f 5032 5073 5074
f 5032 5074 5031
f 5031 5074 5075
f 5031 5075 1028
f 1028 5075 4986
f 1028 4986 1019
f 1019 4986 1020
f 1024 1022 5033
f 5033 1022 4986
f 5033 4986 5076
f 5076 4986 5075
f 5076 5075 5077
f 5077 5075 5074
f 5077 5074 5078
f 5078 5074 5073
f 5078 5073 5079
f 5079 5073 5072
f 5079 5072 5080
f 5080 5072 5071
f 5080 5071 5081
f 5081 5071 5052
f 5081 5052 5082
f 5082 5052 5050
f 5082 5050 5046
f 5046 5050 5051
f 5046 5051 4988
f 4988 5051 1409
f 4988 1409 1333
f 3840 3838 5034
f 5034 3838 3837
f 5034 3837 5035
f 5035 3837 3851
f 5035 3851 5008
f 5008 3851 3850
f 5008 3850 5007
f 5007 3850 3849
f 5007 3849 3848
f 3917 3918 5083
f 3918 3919 5083
f 5083 3919 3915
f 5083 3915 5021
f 5021 3915 3914
f 5021 3914 3934
f 5019 4454 5084
f 5084 4454 4435
f 5084 4435 5083
f 5083 4435 3916
f 5083 3916 3917
f 4494 4493 5021
f 5021 4493 4500
f 5021 4500 5083
f 5083 4500 4995
f 5083 4995 5084
f 5084 4995 5020
f 5084 5020 5019
f 5019 5020 4484
f 5019 4484 4479
f 4421 4420 4523
f 4523 4420 4419
f 4523 4419 4501
f 4501 4419 4459
f 4501 4459 4483
f 4483 4459 4473
f 4483 4473 4480
f 4480 4473 4472
f 4480 4472 5018
f 5018 4472 4471
f 5018 4471 5017
f 5017 4471 4470
f 5017 4470 5016
f 5016 4470 4458
f 5016 4458 5019
f 5019 4458 4456
f 5019 4456 4454
f 4978 4994 5022
f 5022 4994 3931
f 5022 3931 5085
f 5085 3931 3965
f 5085 3965 5086
f 3965 3966 5086
f 5086 3966 3967
f 5086 3967 5087
f 5087 3967 3968
f 5087 3968 5088
f 5088 3968 5040
f 5088 5040 5089
f 5089 5040 5041
f 5089 5041 5090
f 5090 5041 5042
f 5090 5042 5091
f 5091 5042 5043
f 5091 5043 5092
f 5092 5043 5044
f 5092 5044 5093
f 4981 4980 5094
f 5094 4980 5095
f 5094 5095 5096
f 5096 5095 5097
f 5096 5097 5098
f 5098 5097 5099
f 5098 5099 5100
f 5100 5099 5101
f 5100 5101 5102
f 5102 5101 5103
f 5102 5103 5104
f 5104 5103 5024
f 5104 5024 5023
f 5023 5024 943
f 5023 943 4974
f 4972 5022 4973
f 4973 5022 5085
f 4973 5085 4993
f 4993 5085 5086
f 4993 5086 5023
f 5023 5086 5087
f 5023 5087 5104
f 5104 5087 5088
f 5104 5088 5102
f 5102 5088 5089
f 5102 5089 5100
f 5100 5089 5090
f 5100 5090 5098
f 5098 5090 5091
f 5098 5091 5096
f 5096 5091 5092
f 5096 5092 5094
f 5094 5092 5093
f 5094 5093 4981
f 983 5024 992
f 992 5024 5103
f 992 5103 4990
f 4990 5103 5101
f 4990 5101 4991
f 4991 5101 5099
f 4991 5099 5045
f 5045 5099 5097
f 5045 5097 5025
f 5025 5097 5095
f 5025 5095 5049
f 5049 5095 4980
f 5049 4980 5048
f 5048 4980 4982
f 5048 4982 5047
f 5047 4982 5105
f 5047 5105 5046
f 5046 5105 5106
f 5046 5106 5082
f 5082 5106 5107
f 5082 5107 5081
f 5081 5107 5108
f 5081 5108 5080
f 5080 5108 5109
f 5080 5109 5079
f 5079 5109 5110
f 5079 5110 5078
f 5078 5110 5111
f 5078 5111 5077
f 5077 5111 5112
f 5077 5112 5076
f 5076 5112 5113
f 5076 5113 5033
f 5033 5113 5114
f 5033 5114 1035
f 1037 1035 5034
f 5034 1035 5114
f 5034 5114 3840
f 3840 5114 5113
f 3840 5113 3842
f 3842 5113 5112
f 3842 5112 5063
f 5063 5112 5111
f 5063 5111 5062
f 5062 5111 5110
f 5062 5110 5060
f 5060 5110 5109
f 5060 5109 5058
f 5058 5109 5108
f 5058 5108 5056
f 5056 5108 5107
f 5056 5107 5002
f 5002 5107 5106
f 5002 5106 4931
f 4931 5106 5105
f 4931 5105 4930
f 4930 5105 4982
f 4930 4982 4929
f 4929 4982 4981
f 4929 4981 4932
f 4932 4981 5093
f 4932 5093 4997
f 4997 5093 5044
f 4997 5044 5006
f 5006 5044 5039
f 5006 5039 5005
f 5005 5039 4985
f 5005 4985 5004
f 5004 4985 4984
f 5004 4984 5003
f 5003 4984 3872
f 5003 3872 3871
f 1587 1589 4651
f 4674 1497 1496
f 1496 1509 1581
f 1496 1581 4674
f 4674 1581 1521
f 4674 1521 4682
f 1587 4651 1585
f 1521 1520 4682
f 4682 1520 1583
f 4682 1583 4683
f 4683 1583 1582
f 4683 1582 4685
f 4685 1582 1609
f 4685 1609 4686
f 4686 1609 1585
f 4686 1585 4650
f 4650 1585 4651
f 4507 4513 893
f 893 4513 4656
f 893 4656 894
f 893 892 4507
f 4507 892 5010
f 4507 5010 4506
f 4506 5010 4505

