x_m,y_m,full_sequence_ik,first_failed_frame,evaluated_frames,max_evaluated_position_error_m,max_evaluated_orientation_error_rad,max_reference_path_speed_rad_s,min_joint_margin_rad,reference_speed_screen_pass
0.3,-0.74,False,0,1,0.09644947602718597,1.0094404478848185,,,False
0.32,-0.74,False,0,1,0.0989244989992005,1.0101351705794976,,,False
0.34,-0.74,False,0,1,0.10182189486344727,1.0119377265355918,,,False
0.36,-0.74,False,0,1,0.10516040538146784,1.0146842248232988,,,False
0.38,-0.74,False,0,1,0.10895753034310018,1.0181997228050423,,,False
0.4,-0.74,False,0,1,0.11322885318964596,1.0223014400091395,,,False
0.42,-0.74,False,0,1,0.1179872650047823,1.0268040810444197,,,False
0.44,-0.74,False,0,1,0.12324229020643523,1.031525706670627,,,False
0.46,-0.74,False,0,1,0.12899962908818663,1.036293138963794,,,False
0.48,-0.74,False,0,1,0.13526085324671425,1.0409477291041027,,,False
0.5,-0.74,False,0,1,0.1420233800343291,1.0453498722683303,,,False
0.52,-0.74,False,0,1,0.1492807012424654,1.049382022649389,,,False
0.54,-0.74,False,0,1,0.15702279939014477,1.0529503690336504,,,False
0.56,-0.74,False,0,1,0.16523667624038216,1.0559854908397357,,,False
0.58,-0.74,False,0,1,0.17390706305649395,1.0584400946335217,,,False
0.6,-0.74,False,0,1,0.1830169890079551,1.0602880316112815,,,False
0.62,-0.74,False,0,1,0.19254841890097563,1.061521056656314,,,False
0.64,-0.74,False,0,1,0.20248278363661779,1.0621457493486068,,,False
0.66,-0.74,False,0,1,0.212801450224768,1.062179779531508,,,False
0.68,-0.74,False,0,1,0.22348598150470758,1.0616505731872434,,,False
0.7000000000000001,-0.74,False,0,1,0.23451854628657337,1.0605894819649173,,,False
0.72,-0.74,False,0,1,0.24588181202912957,1.0590355116943615,,,False
0.74,-0.74,False,0,1,0.25755935467852026,1.057027137879085,,,False
0.76,-0.74,False,0,1,0.26953550119090197,1.0546056663643322,,,False
0.78,-0.74,False,0,1,0.2817956460853091,1.0518067343503865,,,False
0.8,-0.74,False,0,1,0.2943256741442223,1.0486742206152857,,,False
0.8200000000000001,-0.74,False,0,1,0.30711266469894966,1.045240579047943,,,False
0.84,-0.74,False,0,1,0.32014422495150047,1.0415434369231429,,,False
0.86,-0.74,False,0,1,0.3334088405369359,1.0376144984045257,,,False
0.88,-0.74,False,0,1,0.34689562631573173,1.033485359921458,,,False
0.9,-0.74,False,0,1,0.3605943992097665,1.029183821802072,,,False
0.92,-0.74,False,0,1,0.37449562045169077,1.0247340279523105,,,False
0.9400000000000001,-0.74,False,0,1,0.3885902258919941,1.0201610730501636,,,False
0.96,-0.74,False,0,1,0.40286975357457955,1.0154851226518558,,,False
0.98,-0.74,False,0,1,0.4173261812129554,1.0107260582361244,,,False
1.0,-0.74,False,0,1,0.4319519490995367,1.005901483739007,,,False
0.3,-0.72,False,0,1,0.08418387199285261,0.9395431062939075,,,False
0.32,-0.72,False,0,1,0.08636740641730181,0.9419341944467677,,,False
0.34,-0.72,False,0,1,0.08896033334515249,0.9456568395500645,,,False
0.36,-0.72,False,0,1,0.09198566221229927,0.950539777840077,,,False
0.38,-0.72,False,0,1,0.09546612153011094,0.9563930600342414,,,False
0.4,-0.72,False,0,1,0.09942323124976918,0.9630114748627462,,,False
0.42,-0.72,False,0,1,0.10387623840113379,0.9701800181514525,,,False
0.44,-0.72,False,0,1,0.10884118256876964,0.9776794341534284,,,False
0.46,-0.72,False,0,1,0.11432991166218856,0.9852943956611425,,,False
0.48,-0.72,False,0,1,0.12034940664809297,0.99282117011841,,,False
0.5,-0.72,False,0,1,0.12690139182929497,1.0000751214784607,,,False
0.52,-0.72,False,0,1,0.13398235337735925,1.0068963183834079,,,False
0.54,-0.72,False,0,1,0.14158383827923696,1.0131540560514352,,,False
0.56,-0.72,False,0,1,0.14969306242215571,1.0187489604152618,,,False
0.58,-0.72,False,0,1,0.15829379558534173,1.023611642760113,,,False
0.6,-0.72,False,0,1,0.16736715319668338,1.0277020390947587,,,False
0.62,-0.72,False,0,1,0.1768925603043115,1.0310047343194324,,,False
0.64,-0.72,False,0,1,0.18684852992555276,1.0335249114724148,,,False
0.66,-0.72,False,0,1,0.1972132627472077,1.035285080852437,,,False
0.68,-0.72,False,0,1,0.20796523682773096,1.036319653645557,,,False
0.7000000000000001,-0.72,False,0,1,0.21908359995560894,1.0366707297876876,,,False
0.72,-0.72,False,0,1,0.23054829874882457,1.0363874468170102,,,False
0.74,-0.72,False,0,1,0.242340307892659,1.035522066549444,,,False
0.76,-0.72,False,0,1,0.25444184888952376,1.0341244904621998,,,False
0.78,-0.72,False,0,1,0.2668361286560739,1.0322471665900321,,,False
0.8,-0.72,False,0,1,0.27950751888949377,1.0299394839026978,,,False
0.8200000000000001,-0.72,False,0,1,0.29244145367480173,1.0272483193622,,,False
0.84,-0.72,False,0,1,0.3056243023442199,1.0242195894142343,,,False
0.86,-0.72,False,0,1,0.31904347464288807,1.020893087094936,,,False
0.88,-0.72,False,0,1,0.33268713756516616,1.0173086352272909,,,False
0.9,-0.72,False,0,1,0.3465443373380994,1.0135003791482118,,,False
0.92,-0.72,False,0,1,0.36060485581430085,1.009499068177356,,,False
0.9400000000000001,-0.72,False,0,1,0.37485910559145896,1.0053337887981595,,,False
0.96,-0.72,False,0,1,0.3892981101351741,1.0010310262517201,,,False
0.98,-0.72,False,0,1,0.40391346738002437,0.9966142731990767,,,False
1.0,-0.72,False,0,1,0.4186972913469738,0.9921046239795539,,,False
0.3,-0.7000000000000001,False,0,1,0.07302613008179612,0.8641323805631659,,,False
0.32,-0.7000000000000001,False,0,1,0.0749104199258671,0.8680805648433448,,,False
0.34,-0.7000000000000001,False,0,1,0.07718375063250152,0.8736036857246423,,,False
0.36,-0.7000000000000001,False,0,1,0.07987233783370044,0.8805334365220518,,,False
0.38,-0.7000000000000001,False,0,1,0.08300330727547335,0.8886769425125459,,,False
0.4,-0.7000000000000001,False,0,1,0.08660386213293658,0.8978175591117951,,,False
0.42,-0.7000000000000001,False,0,1,0.09070007624996061,0.9077188500897776,,,False
0.44,-0.7000000000000001,False,0,1,0.09531560317094855,0.9181299990600305,,,False
0.46,-0.7000000000000001,False,0,1,0.10047025938296576,0.9287941302291622,,,False
0.48,-0.7000000000000001,False,0,1,0.10617878206406303,0.9394577108352792,,,False
0.5,-0.7000000000000001,False,0,1,0.11244979628999631,0.9498815772682091,,,False
0.52,-0.7000000000000001,False,0,1,0.11928529753258581,0.9598506851348104,,,False
0.54,-0.7000000000000001,False,0,1,0.12668063434400526,0.969182256815962,,,False
0.56,-0.7000000000000001,False,0,1,0.1346249813878922,0.9777313653826243,,,False
0.58,-0.7000000000000001,False,0,1,0.14310220895076153,0.9853934957453058,,,False
0.6,-0.7000000000000001,False,0,1,0.15209213819365155,0.9921020793920623,,,False
0.62,-0.7000000000000001,False,0,1,0.16157166237146983,0.9978265281468468,,,False
0.64,-0.7000000000000001,False,0,1,0.17151599302706869,1.002566012757179,,,False
0.66,-0.7000000000000001,False,0,1,0.18189964106294604,1.0063440184030712,,,False
0.68,-0.7000000000000001,False,0,1,0.19269722933107608,1.0092023241720407,,,False
0.7000000000000001,-0.7000000000000001,False,0,1,0.20388417797518657,1.011193687833276,,,False
0.72,-0.7000000000000001,False,0,1,0.21543696070463977,1.0123796825417428,,,False
0.74,-0.7000000000000001,False,0,1,0.22733329941013572,1.0128281206082277,,,False
0.76,-0.7000000000000001,False,0,1,0.2395525314347763,1.0126046855167752,,,False
0.78,-0.7000000000000001,False,0,1,0.25207543403749644,1.0117748021641808,,,False
0.8,-0.7000000000000001,False,0,1,0.2648841919811638,1.0104022979053153,,,False
0.8200000000000001,-0.7000000000000001,False,0,1,0.27796235832059646,1.0085477590534928,,,False
0.84,-0.7000000000000001,False,0,1,0.2912948338375176,1.0062659098690083,,,False
0.86,-0.7000000000000001,False,0,1,0.3048675963109079,1.0036100076010182,,,False
0.88,-0.7000000000000001,False,0,1,0.3186677379962173,1.000628051924768,,,False
0.9,-0.7000000000000001,False,0,1,0.33268333846915316,0.9973635483826864,,,False
0.92,-0.7000000000000001,False,0,1,0.3469034558670411,0.9938526965309319,,,False
0.9400000000000001,-0.7000000000000001,False,0,1,0.36131778146963217,0.9901333982177685,,,False
0.96,-0.7000000000000001,False,0,1,0.3759168471240982,0.9862360196242621,,,False
0.98,-0.7000000000000001,False,0,1,0.39069184119705314,0.9821873137118639,,,False
1.0,-0.7000000000000001,False,0,1,0.40563434285756483,0.9780191476022961,,,False
0.3,-0.68,False,0,1,0.06293543048544147,0.7839381721296215,,,False
0.32,-0.68,False,0,1,0.06453157209066501,0.7892464675992037,,,False
0.34,-0.68,False,0,1,0.06649067929984452,0.7963727618641039,,,False
0.36,-0.68,False,0,1,0.06884028612148677,0.805162887455883,,,False
0.38,-0.68,False,0,1,0.07161022845739445,0.8154337418978511,,,False
0.4,-0.68,False,0,1,0.07483194823744628,0.8269723070429831,,,False
0.42,-0.68,False,0,1,0.07853748854876569,0.8395360395072804,,,False
0.44,-0.68,False,0,1,0.08275808866624756,0.8528561209448355,,,False
0.46,-0.68,False,0,1,0.08752248599510622,0.8666438064933804,,,False
0.48,-0.68,False,0,1,0.09285505443636574,0.8806002537418306,,,False
0.5,-0.68,False,0,1,0.09877406238722997,0.8944288132828511,,,False
0.52,-0.68,False,0,1,0.10529020904955776,0.9078497081022598,,,False
0.54,-0.68,False,0,1,0.11240590563310342,0.9206128314650652,,,False
0.56,-0.68,False,0,1,0.1201151581311183,0.9325097091821116,,,False
0.58,-0.68,False,0,1,0.12840428787715927,0.9433803180479272,,,False
0.6,-0.68,False,0,1,0.1372531944259156,0.9531155791708448,,,False
0.62,-0.68,False,0,1,0.14663698640870776,0.9616548981258863,,,False
0.64,-0.68,False,0,1,0.15652762628402236,0.9689811086962837,,,False
0.66,-0.68,False,0,1,0.166895522723942,0.9751121157913374,,,False
0.68,-0.68,False,0,1,0.17771074544867127,0.9800935617023868,,,False
0.7000000000000001,-0.68,False,0,1,0.18894406469429537,0.9839894908382089,,,False
0.72,-0.68,False,0,1,0.2005675306743691,0.9868766204598632,,,False
0.74,-0.68,False,0,1,0.212554910167982,0.9888378488814019,,,False
0.76,-0.68,False,0,1,0.22488186986396072,0.9899579490688285,,,False
0.78,-0.68,False,0,1,0.2375260110800569,0.990320608276409,,,False
0.8,-0.68,False,0,1,0.25046672932338493,0.9900085774025262,,,False
0.8200000000000001,-0.68,False,0,1,0.2636854086139711,0.989094908114468,,,False
0.84,-0.68,False,0,1,0.277164957391115,0.9876499531389012,,,False
0.86,-0.68,False,0,1,0.29088964967198616,0.9857421638028026,,,False
0.88,-0.68,False,0,1,0.30484536965493353,0.9834268708304411,,,False
0.9,-0.68,False,0,1,0.31901905529479374,0.9807580426564906,,,False
0.92,-0.68,False,0,1,0.33339866306130805,0.9777865353664109,,,False
0.9400000000000001,-0.68,False,0,1,0.347973285463558,0.9745525948891259,,,False
0.96,-0.68,False,0,1,0.3627327782189007,0.9710949069921163,,,False
0.98,-0.68,False,0,1,0.37766775821861737,0.9674482756070097,,,False
1.0,-0.68,False,0,1,0.3927695459359432,0.9636431419605596,,,False
0.3,-0.66,False,0,1,0.05381423716054819,0.6998109190324514,,,False
0.32,-0.66,False,0,1,0.055149659321655393,0.7062661458332525,,,False
0.34,-0.66,False,0,1,0.05681895572659588,0.7147639932386091,,,False
0.36,-0.66,False,0,1,0.058848962574772914,0.7251712941367771,,,False
0.38,-0.66,False,0,1,0.061269910536547414,0.7373257217648554,,,False
0.4,-0.66,False,0,1,0.0641151777648528,0.7510319213050959,,,False
0.42,-0.66,False,0,1,0.06742062225005484,0.7660589354477987,,,False
0.44,-0.66,False,0,1,0.07122346676388118,0.7821393906445796,,,False
0.46,-0.66,False,0,1,0.0755606600311146,0.7989718464345167,,,False
0.48,-0.66,False,0,1,0.08046673849160417,0.8162275898237272,,,False
0.5,-0.66,False,0,1,0.08597140488061572,0.8335620993194136,,,False
0.52,-0.66,False,0,1,0.09209715565479897,0.8506305578020351,,,False
0.54,-0.66,False,0,1,0.09885724625167948,0.8671069671043992,,,False
0.56,-0.66,False,0,1,0.10625459054855645,0.8827019637939566,,,False
0.58,-0.66,False,0,1,0.11428163667440797,0.8971782029569366,,,False
0.6,-0.66,False,0,1,0.12292129236745658,0.910360131456919,,,False
0.62,-0.66,False,0,1,0.13214873107572236,0.9221361115729054,,,False
0.64,-0.66,False,0,1,0.14193356684629727,0.9324550404934109,,,False
0.66,-0.66,False,0,1,0.15224213648126478,0.9413174557197289,,,False
0.68,-0.66,False,0,1,0.16303944603770468,0.9487653373028223,,,False
0.7000000000000001,-0.66,False,0,1,0.1742907621182547,0.9548704806770854,,,False
0.72,-0.66,False,0,1,0.18596271567134753,0.9597241536321658,,,False
0.74,-0.66,False,0,1,0.19802400450049407,0.9634281053653357,,,False
0.76,-0.66,False,0,1,0.2104457117250492,0.9660884802898999,,,False
0.78,-0.66,False,0,1,0.22320135551997594,0.9678124379114463,,,False
0.8,-0.66,False,0,1,0.2362671000055341,0.9686990102959453,,,False
0.8200000000000001,-0.66,False,0,1,0.2496212533179003,0.9688450214822618,,,False
0.84,-0.66,False,0,1,0.26324436348516306,0.9683372750731772,,,False
0.86,-0.66,False,0,1,0.27711868654562166,0.9672604552669753,,,False
0.88,-0.66,False,0,1,0.29122852818620953,0.9656820030928204,,,False
0.9,-0.66,False,0,1,0.3055593292320062,0.9636725081695403,,,False
0.92,-0.66,False,0,1,0.3200981124079241,0.9612881684321475,,,False
0.9400000000000001,-0.66,False,0,1,0.3348328868161861,0.9585845354912224,,,False
0.96,-0.66,False,0,1,0.349752936402994,0.9556028732512372,,,False
0.98,-0.66,False,0,1,0.3648481826241161,0.952388395938095,,,False
1.0,-0.66,False,0,1,0.3801095192867137,0.9489754640742905,,,False
0.3,-0.64,False,0,1,0.04552407805498158,0.612590963436921,,,False
0.32,-0.64,False,0,1,0.04663757955143874,0.6200015741727575,,,False
0.34,-0.64,False,0,1,0.0480557939033963,0.6296489411895975,,,False
0.36,-0.64,False,0,1,0.049803096805178804,0.6414230939733817,,,False
0.38,-0.64,False,0,1,0.051907950927556235,0.6551876189305561,,,False
0.4,-0.64,False,0,1,0.05440306930467254,0.6707744351811372,,,False
0.42,-0.64,False,0,1,0.05732527766943585,0.687978456203123,,,False
0.44,-0.64,False,0,1,0.06071491918795563,0.7065530755627918,,,False
0.46,-0.64,False,0,1,0.06461469539395241,0.7262074012821711,,,False
0.48,-0.64,False,0,1,0.06906775378141715,0.7466075885429084,,,False
0.5,-0.64,False,0,1,0.07411511807455604,0.7673832219542437,,,False
0.52,-0.64,False,0,1,0.07979258177563198,0.7881405159007865,,,False
0.54,-0.64,False,0,1,0.08612754647197218,0.8084815200124137,,,False
0.56,-0.64,False,0,1,0.09313622731735327,0.8280288911762536,,,False
0.58,-0.64,False,0,1,0.1008221027907769,0.8464494383349773,,,False
0.6,-0.64,False,0,1,0.10917566888959793,0.8634751168874785,,,False
0.62,-0.64,False,0,1,0.11817576735695726,0.8789149778287063,,,False
0.64,-0.64,False,0,1,0.1277919743545346,0.892658194742878,,,False
0.66,-0.64,False,0,1,0.13798762183735133,0.9046672057469725,,,False
0.68,-0.64,False,0,1,0.14872264768666313,0.9149668619028931,,,False
0.7000000000000001,-0.64,False,0,1,0.15995623821969238,0.9236273609306068,,,False
0.72,-0.64,False,0,1,0.17164852939944583,0.9307520002023136,,,False
0.74,-0.64,False,0,1,0.18376193424897122,0.9364625520669028,,,False
0.76,-0.64,False,0,1,0.19626180724979858,0.9408889903928521,,,False
0.78,-0.64,False,0,1,0.2091167055725632,0.9441618853796574,,,False
0.8,-0.64,False,0,1,0.22229832059038818,0.9464085382047583,,,False
0.8200000000000001,-0.64,False,0,1,0.23578131881420814,0.947749692165266,,,False
0.84,-0.64,False,0,1,0.24954333071924703,0.9482914606851706,,,False
0.86,-0.64,False,0,1,0.26356414617100726,0.9481372455025496,,,False
0.88,-0.64,False,0,1,0.27782580615910396,0.9473786099446295,,,False
0.9,-0.64,False,0,1,0.2923124425258643,0.9460915113940985,,,False
0.92,-0.64,False,0,1,0.30700950917706743,0.9443522801112377,,,False
0.9400000000000001,-0.64,False,0,1,0.321904127606724,0.9422217192264479,,,False
0.96,-0.64,False,0,1,0.3369845233970238,0.9397573596264007,,,False
0.98,-0.64,False,0,1,0.3522400808165746,0.9370072361207389,,,False
1.0,-0.64,False,0,1,0.3676610561949499,0.9340157742059604,,,False
0.3,-0.62,False,0,1,0.03790420342214463,0.5230164925377258,,,False
0.32,-0.62,False,0,1,0.03884088389355512,0.5312354459629116,,,False
0.34,-0.62,False,0,1,0.04005534690972501,0.5418509348955506,,,False
0.36,-0.62,False,0,1,0.04156831846044013,0.5547740001982989,,,False
0.38,-0.62,False,0,1,0.043404841071148684,0.5698940182933491,,,False
0.4,-0.62,False,0,1,0.045594795835579766,0.5870730369829001,,,False
0.42,-0.62,False,0,1,0.048173236734708386,0.6061392336367804,,,False
0.44,-0.62,False,0,1,0.05118040015625258,0.6268798881347207,,,False
0.46,-0.62,False,0,1,0.05466122069276921,0.6490346318303891,,,False
0.48,-0.62,False,0,1,0.05866414007246947,0.67229049237883,,,False
0.5,-0.62,False,0,1,0.06323899380793359,0.6962811588327906,,,False
0.52,-0.62,False,0,1,0.06843393355184763,0.7205928280774078,,,False
0.54,-0.62,False,0,1,0.07429154825491498,0.7447788620987387,,,False
0.56,-0.62,False,0,1,0.08084469815098037,0.7683836545798708,,,False
0.58,-0.62,False,0,1,0.08811287735870761,0.790973195927535,,,False
0.6,-0.62,False,0,1,0.09609996684868605,0.8121670958837403,,,False
0.62,-0.62,False,0,1,0.10479396037894811,0.8316654138807693,,,False
0.64,-0.62,False,0,1,0.11416874023943788,0.8492642218045697,,,False
0.66,-0.62,False,0,1,0.12418735378066194,0.8648577612681762,,,False
0.68,-0.62,False,0,1,0.1348059326469962,0.8784289397172046,,,False
0.7000000000000001,-0.62,False,0,1,0.1459774463504078,0.8900323130725272,,,False
0.72,-0.62,False,0,1,0.15765480598152393,0.8997733779739389,,,False
0.74,-0.62,False,0,1,0.1697929010760652,0.9077914452907037,,,False
0.76,-0.62,False,0,1,0.1823500639890962,0.9142406414484412,,,False
0.78,-0.62,False,0,1,0.1952884487509787,0.9192819409895936,,,False
0.8,-0.62,False,0,1,0.20857435626067553,0.9230710102498891,,,False
0.8200000000000001,-0.62,False,0,1,0.22217786442021326,0.9257571029468621,,,False
0.84,-0.62,False,0,1,0.23607276361566723,0.9274741588938497,,,False
0.86,-0.62,False,0,1,0.2502357119434112,0.9283505314392739,,,False
0.88,-0.62,False,0,1,0.26464648320056755,0.9284925191774779,,,False
0.9,-0.62,False,0,1,0.2792868884458995,0.928003205767587,,,False
0.92,-0.62,False,0,1,0.29414107309431126,0.9269659050031758,,,False
0.9400000000000001,-0.62,False,0,1,0.3091946387161432,0.9254623267148954,,,False
0.96,-0.62,False,0,1,0.3244350158387192,0.9235541773327915,,,False
0.98,-0.62,False,0,1,0.33985058461548084,0.921305938049835,,,False
1.0,-0.62,False,0,1,0.35543111562898194,0.9187648084218234,,,False
0.3,-0.6,False,0,1,0.030786904978266146,0.43168564384448377,,,False
0.32,-0.6,False,0,1,0.031594559906985585,0.4406167415268289,,,False
0.34,-0.6,False,0,1,0.032656627931540186,0.4520722566872391,,,False
0.36,-0.6,False,0,1,0.03398952604573509,0.46597976208399167,,,False
0.38,-0.6,False,0,1,0.035613915058915646,0.4822503023356987,,,False
0.4,-0.6,False,0,1,0.03755541350256006,0.5007734474847029,,,False
0.42,-0.6,False,0,1,0.039845261732345406,0.5214108954508753,,,False
0.44,-0.6,False,0,1,0.04252083479895309,0.5439886107359776,,,False
0.46,-0.6,False,0,1,0.045625855760434215,0.5682877184103723,,,False
0.48,-0.6,False,0,1,0.04921002653616832,0.5940354659980829,,,False
0.5,-0.6,False,0,1,0.053327868359928435,0.6208973914285686,,,False
0.52,-0.6,False,0,1,0.05803638632127126,0.6484742523706334,,,False
0.54,-0.6,False,0,1,0.06339145169454026,0.6763068323920441,,,False
0.56,-0.6,False,0,1,0.06944305506562905,0.703891830504943,,,False
0.58,-0.6,False,0,1,0.07622995889827018,0.7307109409387542,,,False
0.6,-0.6,False,0,1,0.08377496362134586,0.7562692402266288,,,False
0.62,-0.6,False,0,1,0.0920819240341294,0.7801366903554889,,,False
0.64,-0.6,False,0,1,0.1011354655874417,0.8019823294838715,,,False
0.66,-0.6,False,0,1,0.11090340193614315,0.8215936288323651,,,False
0.68,-0.6,False,0,1,0.12134113584255331,0.838877137078315,,,False
0.7000000000000001,-0.6,False,0,1,0.13239675721498192,0.8538438497503897,,,False
0.72,-0.6,False,0,1,0.14401570500063254,0.8665859988788552,,,False
0.74,-0.6,False,0,1,0.15614444130501143,0.8772501447997058,,,False
0.76,-0.6,False,0,1,0.16873275874000485,0.8860144759468646,,,False
0.78,-0.6,False,0,1,0.18173502825966492,0.8930704441575896,,,False
0.8,-0.6,False,0,1,0.19511068413575097,0.898608639248405,,,False
0.8200000000000001,-0.6,False,0,1,0.2088240789646009,0.902811418071149,,,False
0.84,-0.6,False,0,1,0.22284418315857396,0.9058463426695168,,,False
0.86,-0.6,False,0,1,0.23714401352809827,0.9078652313219613,,,False
0.88,-0.6,False,0,1,0.2516999747015146,0.9090070982052101,,,False
0.9,-0.6,False,0,1,0.26649163943376253,0.9093912449915645,,,False
0.92,-0.6,False,0,1,0.2815010344748907,0.9091250682558597,,,False
0.9400000000000001,-0.6,False,0,1,0.2967124663487079,0.9082990179207295,,,False
0.96,-0.6,False,0,1,0.31211196188343504,0.9069947076411019,,,False
0.98,-0.6,False,0,1,0.3276871015648611,0.9052830777527705,,,False
1.0,-0.6,False,0,1,0.3434268839080122,0.9032219054447262,,,False
0.3,-0.58,False,0,1,0.02400703908907992,0.3390628520893035,,,False
0.32,-0.58,False,0,1,0.024734432960058474,0.3486549607783008,,,False
0.34,-0.58,False,0,1,0.025696859378497215,0.3608735057126952,,,False
0.36,-0.58,False,0,1,0.026906173784264315,0.3756572559072016,,,False
0.38,-0.58,False,0,1,0.028378212531349478,0.3929332884594341,,,False
0.4,-0.58,False,0,1,0.03013360674731817,0.41261303472386135,,,False
0.42,-0.58,False,0,1,0.03219861359625177,0.4345869134250214,,,False
0.44,-0.58,False,0,1,0.03460594876807624,0.45871698965863733,,,False
0.46,-0.58,False,0,1,0.03739548485248155,0.4848277289415636,,,False
0.48,-0.58,False,0,1,0.04061463945186016,0.5126950218844558,,,False
0.5,-0.58,False,0,1,0.0443182159503437,0.5420340419733292,,,False
0.52,-0.58,False,0,1,0.04856722839128459,0.5724886586581864,,,False
0.54,-0.58,False,0,1,0.05342638282521558,0.6036252090745126,,,False
0.56,-0.58,False,0,1,0.058959861084882284,0.634935878971385,,,False
0.58,-0.58,False,0,1,0.06522552855048538,0.6658563019422375,,,False
0.6,-0.58,False,0,1,0.07226825072510713,0.6958003501298565,,,False
0.62,-0.58,False,0,1,0.08011382748079811,0.7242085056330988,,,False
0.64,-0.58,False,0,1,0.08876523923805123,0.7506004500013352,,,False
0.66,-0.58,False,0,1,0.09820245981826144,0.7746180144859909,,,False
0.68,-0.58,False,0,1,0.10838584076245943,0.7960475724819875,,,False
0.7000000000000001,-0.58,False,0,1,0.11926194035076362,0.8148176338840318,,,False
0.72,-0.58,False,0,1,0.13076998692768677,0.8309773811379625,,,False
0.74,-0.58,False,0,1,0.14284760477940578,0.8446640842383708,,,False
0.76,-0.58,False,0,1,0.15543482062485237,0.8560718370175536,,,False
0.78,-0.58,False,0,1,0.16847662338934227,0.8654217346131748,,,False
0.8,-0.58,False,0,1,0.18192400866916156,0.8729417685376426,,,False
0.8200000000000001,-0.58,False,0,1,0.19573415614311557,0.8788529298708933,,,False
0.84,-0.58,False,0,1,0.2098699891967563,0.8833629215076921,,,False
0.86,-0.58,False,0,1,0.22429976908047328,0.8866573442208203,,,False
0.88,-0.58,False,0,1,0.23899618348041995,0.8889030813346287,,,False
0.9,-0.58,False,0,1,0.2539357342568706,0.8902473422305508,,,False
0.92,-0.58,False,0,1,0.26909812514342385,0.8908190089903008,,,False
0.9400000000000001,-0.58,False,0,1,0.28446576417666763,0.8907294135683679,,,False
0.96,-0.58,False,0,1,0.300023278885306,0.8900753097624954,,,False
0.98,-0.58,False,0,1,0.31575719495497107,0.8889391246003782,,,False
1.0,-0.58,False,0,1,0.33165547017788327,0.8873964350244804,,,False
0.3,-0.56,False,0,1,0.017406116797193727,0.2455123184577851,,,False
0.32,-0.56,False,0,1,0.018102871925333584,0.255746349030429,,,False
0.34,-0.56,False,0,1,0.019019066425783493,0.2686902450564783,,,False
0.36,-0.56,False,0,1,0.02016192370340886,0.2842891573153639,,,False
0.38,-0.56,False,0,1,0.021542358533188706,0.30248035927227135,,,False
0.4,-0.56,False,0,1,0.023175790728253896,0.32319054629976385,,,False
0.42,-0.56,False,0,1,0.0250830333356854,0.3463317646792711,,,False
0.44,-0.56,False,0,1,0.027291256279907746,0.3717954496833465,,,False
0.46,-0.56,False,0,1,0.029834954471807125,0.39944431986643497,,,False
0.48,-0.56,False,0,1,0.032756846543945374,0.42910158135740484,,,False
0.5,-0.56,False,0,1,0.036108482406939924,0.4605376442373711,,,False
0.52,-0.56,False,0,1,0.03995022977848737,0.49345518851048775,,,False
0.54,-0.56,False,0,1,0.044350172347468894,0.5274747555783181,,,False
0.56,-0.56,False,0,1,0.04938132945820782,0.5621253113262156,,,False
0.58,-0.56,False,0,1,0.05511676540595646,0.5968458424661183,,,False
0.6,-0.56,False,0,1,0.06162255585205791,0.6310052443584416,,,False
0.62,-0.56,False,0,1,0.06894953613616148,0.663944270583823,,,False
0.64,-0.56,False,0,1,0.0771257256935913,0.6950361569232407,,,False
0.66,-0.56,False,0,1,0.0861518206916428,0.7237524326994659,,,False
0.68,-0.56,False,0,1,0.09600138862046564,0.7497151408445618,,,False
0.7000000000000001,-0.56,False,0,1,0.10662562492478007,0.7727210988982439,,,False
0.72,-0.56,False,0,1,0.11796099428354662,0.7927336086958537,,,False
0.74,-0.56,False,0,1,0.12993726323993102,0.8098510093050997,,,False
0.76,-0.56,False,0,1,0.14248411390196425,0.8242652747390047,,,False
0.78,-0.56,False,0,1,0.15553562091013023,0.8362212384025419,,,False
0.8,-0.56,False,0,1,0.16903255583650006,0.8459851728717674,,,False
0.8200000000000001,-0.56,False,0,1,0.18292318943980904,0.8538222095854447,,,False
0.84,-0.56,False,0,1,0.19716313095059196,0.8599820899767409,,,False
0.86,-0.56,False,0,1,0.2117146125072115,0.8646925011532185,,,False
0.88,-0.56,False,0,1,0.22654550733473142,0.8681590207671973,,,False
0.9,-0.56,False,0,1,0.24162875178237908,0.8705572409122703,,,False
0.92,-0.56,False,0,1,0.25694116184227905,0.872043340856326,,,False
0.9400000000000001,-0.56,False,0,1,0.2724629316075757,0.8727512578404414,,,False
0.96,-0.56,False,0,1,0.28817693611086553,0.8727982653224213,,,False
0.98,-0.56,False,0,1,0.30406842579822035,0.8722817049123177,,,False
1.0,-0.56,False,0,1,0.3201244710237979,0.8712860981009166,,,False
0.3,-0.54,False,0,1,0.010832769816760767,0.15134330177191993,,,False
0.32,-0.54,False,0,1,0.011550328457841076,0.16221538967101815,,,False
0.34,-0.54,False,0,1,0.012474919753323474,0.17586978432339326,,,False
0.36,-0.54,False,0,1,0.013609121060158796,0.1922540598768774,,,False
0.38,-0.54,False,0,1,0.014958967382662088,0.21131060158989542,,,False
0.4,-0.54,False,0,1,0.01653472315198239,0.23297507941607137,,,False
0.42,-0.54,False,0,1,0.0183517488888419,0.2571737195798337,,,False
0.44,-0.54,False,0,1,0.020431460458016807,0.2838190485875667,,,False
0.46,-0.54,False,0,1,0.022802394007360876,0.31280347038066453,,,False
0.48,-0.54,False,0,1,0.025501335840847388,0.3439901131865589,,,False
0.5,-0.54,False,0,1,0.028574410514231666,0.37720044403045283,,,False
0.52,-0.54,False,0,1,0.032077905057248196,0.4121985210763074,,,False
0.54,-0.54,False,0,1,0.03607844235012361,0.4486726301625358,,,False
0.56,-0.54,False,0,1,0.040651904079178375,0.4862168590787494,,,False
0.58,-0.54,False,0,1,0.04588035457529046,0.5243178067165327,,,False
0.6,-0.54,False,0,1,0.05184628387163319,0.5623547657685045,,,False
0.62,-0.54,False,0,1,0.05862411221051815,0.5996226665391456,,,False
0.64,-0.54,False,0,1,0.06627006353512126,0.6353837235142716,,,False
0.66,-0.54,False,0,1,0.07481295814464636,0.6689431276049708,,,False
0.68,-0.54,False,0,1,0.08424912195503005,0.6997301441081094,,,False
0.7000000000000001,-0.54,False,0,1,0.09454341496996659,0.7273595963508616,,,False
0.72,-0.54,False,0,1,0.10563596548526297,0.7516547557914184,,,False
0.74,-0.54,False,0,1,0.11745201435501255,0.7726291311831346,,,False
0.76,-0.54,False,0,1,0.12991151747959212,0.7904430648004356,,,False
0.78,-0.54,False,0,1,0.14293663645266172,0.8053497582744781,,,False
0.8,-0.54,False,0,1,0.15645616407279903,0.8176493237981939,,,False
0.8200000000000001,-0.54,False,0,1,0.17040757707108906,0.8276529579221141,,,False
0.84,-0.54,False,0,1,0.1847373744234418,0.8356596679524443,,,False
0.86,-0.54,False,0,1,0.19940034726792083,0.8419457289365301,,,False
0.88,-0.54,False,0,1,0.21435860855611258,0.8467577191222305,,,False
0.9,-0.54,False,0,1,0.22958043083353769,0.8503118898441833,,,False
0.92,-0.54,False,0,1,0.24503926996837871,0.8527929082468458,,,False
0.9400000000000001,-0.54,False,0,1,0.2607124693797335,0.8543667849711163,,,False
0.96,-0.54,False,0,1,0.2765811462879123,0.8551649185877395,,,False
0.98,-0.54,False,0,1,0.29262874413296786,0.8553114393454425,,,False
1.0,-0.54,False,0,1,0.3088413499370439,0.8549001627597458,,,False
0.3,-0.52,False,0,1,0.004141509475843572,0.056857964522732174,,,False
0.32,-0.52,False,0,1,0.0049346326232082745,0.068360438048314,,,False
0.34,-0.52,False,0,1,0.0059247748122020815,0.08271433041023306,,,False
0.36,-0.52,False,0,1,0.007109801156660785,0.09986671601859655,,,False
0.38,-0.52,False,0,1,0.008490923546009416,0.11976094167123691,,,False
0.4,-0.52,False,0,1,0.010073413842565415,0.14233615734766697,,,False
0.42,-0.52,False,0,1,0.01186739143298254,0.16752595695850334,,,False
0.44,-0.52,False,0,1,0.013888713991185096,0.19525572576610156,,,False
0.46,-0.52,False,0,1,0.01616000443641845,0.22543811993743237,,,False
0.48,-0.52,False,0,1,0.01871181495607604,0.2579660894947818,,,False
0.5,-0.52,False,0,1,0.021583918872226177,0.2927025500709168,,,False
0.52,-0.52,False,0,1,0.024826594798050942,0.32946618376415265,,,False
0.54,-0.52,False,0,1,0.028501691075932888,0.36801276510469394,,,False
0.56,-0.52,False,0,1,0.03268298052993766,0.4080129023399772,,,False
0.58,-0.52,False,0,1,0.0374550687310058,0.4490290506516613,,,False
0.6,-0.52,False,0,1,0.042909882162472636,0.49049822973083257,,,False
0.62,-0.52,False,0,1,0.04913984535093058,0.5317309264588612,,,False
0.64,-0.52,False,0,1,0.056227530163990624,0.5719393826594028,,,False
0.66,-0.52,False,0,1,0.06423336030735255,0.6103021527659668,,,False
0.68,-0.52,False,0,1,0.07318473010741762,0.6460585328537888,,,False
0.7000000000000001,-0.52,False,0,1,0.0830706944618501,0.6786071034667656,,,False
0.72,-0.52,False,0,1,0.09384461759794316,0.7075740915701579,,,False
0.74,-0.52,False,0,1,0.10543362253284864,0.732829470417388,,,False
0.76,-0.52,False,0,1,0.11775081170769561,0.7544557797361546,,,False
0.78,-0.52,False,0,1,0.13070655519565313,0.7726866811850985,,,False
0.8,-0.52,False,0,1,0.1442163264555402,0.7878424916612794,,,False
0.8200000000000001,-0.52,False,0,1,0.1582047873344766,0.8002792291504005,,,False
0.84,-0.52,False,0,1,0.17260730264777963,0.8103502889603196,,,False
0.86,-0.52,False,0,1,0.18736957349013184,0.8183860719738262,,,False
0.88,-0.52,False,0,1,0.20244652118195186,0.8246832301746316,,,False
0.9,-0.52,False,0,1,0.2178007971004391,0.8295035261199717,,,False
0.92,-0.52,False,0,1,0.23340159605659985,0.8330699317925199,,,False
0.9400000000000001,-0.52,False,0,1,0.24922318956575917,0.8355758879682553,,,False
0.96,-0.52,False,0,1,0.26524407300526875,0.8371849227052246,,,False
0.98,-0.52,False,0,1,0.28144608184303427,0.8380360952164977,,,False
1.0,-0.52,False,0,1,0.2978137810049932,0.8382461101391773,,,False
0.3,-0.5,False,14,15,0.0009715410036122926,0.013480027863321076,,,False
0.32,-0.5,False,13,14,0.0005393101350269793,0.00753130908779249,,,False
0.34,-0.5,False,13,14,0.0021447486421135287,0.030145774557606267,,,False
0.36,-0.5,False,0,1,0.0005350302385043913,0.0074188565085464685,,,False
0.38,-0.5,False,0,1,0.0020113485323222323,0.028125487942233095,,,False
0.4,-0.5,False,0,1,0.0036659986487636576,0.05158097400112331,,,False
0.42,-0.5,False,0,1,0.005504139513865429,0.07772025590532618,,,False
0.44,-0.5,False,0,1,0.007536445106713773,0.10647407514446133,,,False
0.46,-0.5,False,0,1,0.009780012623281776,0.13776632947564832,,,False
0.48,-0.5,False,0,1,0.012259446205221267,0.1715092486815722,,,False
0.5,-0.5,False,0,1,0.015008132710187071,0.20759564713406795,,,False
0.52,-0.5,False,0,1,0.018069694397901848,0.24588727033128235,,,False
0.54,-0.5,False,0,1,0.021499515272056357,0.2861982023387588,,,False
0.56,-0.5,False,0,1,0.02536603252878552,0.32827293492236936,,,False
0.58,-0.5,False,0,1,0.029751276586081562,0.3717594444298713,,,False
0.6,-0.5,False,0,1,0.034749686675184965,0.4161810266336083,,,False
0.62,-0.5,False,0,1,0.040463975752905064,0.4609147837714609,,,False
0.64,-0.5,False,0,1,0.04699684200914123,0.5051907106940213,,,False
0.66,-0.5,False,0,1,0.054438344197407416,0.5481281013419578,,,False
0.68,-0.5,False,0,1,0.06285107648857412,0.5888181504962253,,,False
0.7000000000000001,-0.5,False,0,1,0.07225772550278689,0.6264418455874994,,,False
0.72,-0.5,False,0,1,0.08263637314468393,0.6603857314453048,,,False
0.74,-0.5,False,0,1,0.09392577982729046,0.690312849456899,,,False
0.76,-0.5,False,0,1,0.10603823429575367,0.7161657762833868,,,False
0.78,-0.5,False,0,1,0.11887450879785431,0.7381134876844365,,,False
0.8,-0.5,False,0,1,0.13233619382308692,0.7564731760897275,,,False
0.8200000000000001,-0.5,False,0,1,0.14633340433915218,0.7716358430927794,,,False
0.84,-0.5,False,0,1,0.16078824091270771,0.784009940791519,,,False
0.86,-0.5,False,0,1,0.175635297898346,0.7939866024539036,,,False
0.88,-0.5,False,0,1,0.190820653129745,0.8019208137117646,,,False
0.9,-0.5,False,0,1,0.20630013906456815,0.8081261606423489,,,False
0.92,-0.5,False,0,1,0.2220378253330944,0.8128689142985456,,,False
0.9400000000000001,-0.5,False,0,1,0.23800395988824907,0.8163837160175302,,,False
0.96,-0.5,False,0,1,0.2541743047140119,0.8188605281459741,,,False
0.98,-0.5,False,0,1,0.2705285290999467,0.8204639244349967,,,False
1.0,-0.5,False,0,1,0.2870495497805891,0.8213330059051855,,,False
0.3,-0.48,True,-1,38,2.1470691453433183e-15,3.8199803634429406e-14,2.3254100493356384,1.7104209556343306,True
0.32,-0.48,True,-1,38,1.7953373930619496e-15,3.615668911734878e-14,2.756964035906863,1.7265036693639364,True
0.34,-0.48,True,-1,38,5.38293611324664e-15,3.3404313392194033e-14,3.572951137404367,1.7481059893790407,True
0.36,-0.48,False,15,16,0.00032245391603578336,0.004521031833237522,,,False
0.38,-0.48,False,14,15,0.0011561585652732395,0.01630172308678696,,,False
0.4,-0.48,False,13,14,0.0018226535894659262,0.025751814457210837,,,False
0.42,-0.48,False,11,12,0.0003178740077205224,0.004491694616406794,,,False
0.44,-0.48,False,0,1,0.001260365080295492,0.017776972198079964,,,False
0.46,-0.48,False,0,1,0.0035470352098161692,0.050121371688685225,,,False
0.48,-0.48,False,0,1,0.006027042052999805,0.08499702249095233,,,False
0.5,-0.48,False,0,1,0.008727889243512255,0.12231504542485815,,,False
0.52,-0.48,False,0,1,0.011686756628541751,0.1619672786600526,,,False
0.54,-0.48,False,0,1,0.014952150872961336,0.20381283430278563,,,False
0.56,-0.48,False,0,1,0.018585676736185067,0.24765875948562718,,,False
0.58,-0.48,False,0,1,0.022663611708712405,0.29323382914489626,,,False
0.6,-0.48,False,0,1,0.027277569729277848,0.34015634105237336,,,False
0.62,-0.48,False,0,1,0.03253311824178236,0.38789986764386547,,,False
0.64,-0.48,False,0,1,0.038544679128397374,0.43576792072876486,,,False
0.66,-0.48,False,0,1,0.04542528694302721,0.4828951178088254,,,False
0.68,-0.48,False,0,1,0.053271047050332115,0.5282971411204439,,,False
0.7000000000000001,-0.48,False,0,1,0.06214353428394815,0.5709778657142361,,,False
0.72,-0.48,False,0,1,0.07205628429721876,0.6100751048439021,,,False
0.74,-0.48,False,0,1,0.08297193601222105,0.6449917652462258,,,False
0.76,-0.48,False,0,1,0.09481151281449275,0.6754605923436283,,,False
0.78,-0.48,False,0,1,0.1074713467444768,0.7015239400999019,,,False
0.8,-0.48,False,0,1,0.12084042931741769,0.7234544421344873,,,False
0.8200000000000001,-0.48,False,0,1,0.13481315898853818,0.7416589637559216,,,False
0.84,-0.48,False,0,1,0.14929625630202778,0.7565965033821203,,,False
0.86,-0.48,False,0,1,0.1642110070411713,0.7687226081587243,,,False
0.88,-0.48,False,0,1,0.1794927244080075,0.7784583277798547,,,False
0.9,-0.48,False,0,1,0.19508895779356156,0.7861765823301652,,,False
0.92,-0.48,False,0,1,0.2109573755496016,0.7921989572617328,,,False
0.9400000000000001,-0.48,False,0,1,0.22706378274763334,0.7967976835640005,,,False
0.96,-0.48,False,0,1,0.24338033389574754,0.8002029490072481,,,False
0.98,-0.48,False,0,1,0.2598842681935626,0.8026055140333621,,,False
1.0,-0.48,False,0,1,0.27655657402427286,0.8041703786042687,,,False
0.3,-0.46,True,-1,38,3.4139358007223564e-15,2.311388913214922e-14,1.6888051290765227,1.5830609294592484,True
0.32,-0.46,True,-1,38,6.00964297517974e-15,2.3201643380120086e-14,1.7502846410950945,1.5977718996894295,True
0.34,-0.46,True,-1,38,4.409643873433691e-15,3.44433570027474e-14,1.8778495691536168,1.6174394561114545,True
0.36,-0.46,True,-1,38,6.9493221641753535e-15,6.078606704416035e-14,2.078670401096436,1.6422597928276028,True
0.38,-0.46,True,-1,38,4.76234644036934e-15,3.831254295952109e-14,2.446727321983129,1.6725099721666727,True
0.4,-0.46,True,-1,38,4.181891230892293e-15,3.07220811222692e-14,3.090204465383142,1.7085777519820389,True
0.42,-0.46,False,15,16,0.00037952893830645593,0.00536076882606281,,,False
0.44,-0.46,False,13,14,0.0007615884007558123,0.010755515668936207,,,False
0.46,-0.46,False,12,13,0.0018480216555201482,0.026025499368555458,,,False
0.48,-0.46,False,10,11,0.0010691852047286902,0.015016060254714922,,,False
0.5,-0.46,False,0,1,0.0026366463985467397,0.03720522334208025,,,False
0.52,-0.46,False,0,1,0.005568475818232876,0.07810497838274215,,,False
0.54,-0.46,False,0,1,0.0087479723324766,0.12132354345611439,,,False
0.56,-0.46,False,0,1,0.012229699011827418,0.16671555533427942,,,False
0.58,-0.46,False,0,1,0.01608279856024101,0.21407748587060363,,,False
0.6,-0.46,False,0,1,0.020392844023805444,0.2631163415038772,,,False
0.62,-0.46,False,0,1,0.025262597723262302,0.3134108499378093,,,False
0.64,-0.46,False,0,1,0.030810179625419085,0.36437065083421805,,,False
0.66,-0.46,False,0,1,0.03716255797430999,0.4152076996746513,,,False
0.68,-0.46,False,0,1,0.044442560511302784,0.4649439334485942,,,False
0.7000000000000001,-0.46,False,0,1,0.05274978469558092,0.5124817546648092,,,False
0.72,-0.46,False,0,1,0.06214007279002464,0.5567450568281659,,,False
0.74,-0.46,False,0,1,0.07261210999287813,0.5968550058598385,,,False
0.76,-0.46,False,0,1,0.08410818632943726,0.6322704653331127,,,False
0.78,-0.46,False,0,1,0.09652900856727611,0.6628323827741407,,,False
0.8,-0.46,False,0,1,0.109754891955054,0.6887097190654098,,,False
0.8200000000000001,-0.46,False,0,1,0.12366471627929726,0.7102907380669747,,,False
0.84,-0.46,False,0,1,0.13814806978364602,0.7280717781998275,,,False
0.86,-0.46,False,0,1,0.15311058845809172,0.742573184419438,,,False
0.88,-0.46,False,0,1,0.1684747031200038,0.7542873623112668,,,False
0.9,-0.46,False,0,1,0.18417786489388302,0.7636563863580964,,,False
0.92,-0.46,False,0,1,0.2001701366637236,0.7710626204889005,,,False
0.9400000000000001,-0.46,False,0,1,0.21641181268884194,0.7768265192130599,,,False
0.96,-0.46,False,0,1,0.23287078076493006,0.7812245576491483,,,False
0.98,-0.46,False,0,1,0.24952146378791576,0.7844767770270431,,,False
1.0,-0.46,False,0,1,0.2663426570320421,0.7867762065699723,,,False
0.3,-0.44,True,-1,38,6.38529066861312e-15,3.9049048359710976e-14,1.5610468652016374,1.4691832285859445,True
0.32,-0.44,True,-1,38,7.257379812792243e-15,5.4682402061553204e-14,1.6016227293335727,1.483030851852502,True
0.34,-0.44,True,-1,38,8.576427953177086e-15,5.2134579401877764e-14,1.647797236656663,1.5014880148933845,True
0.36,-0.44,True,-1,38,1.2175178682861158e-14,7.376998394276954e-14,1.702061499956713,1.5246854054275756,True
0.38,-0.44,True,-1,38,2.155127062120528e-15,6.0370348989925174e-15,1.7683257013152098,1.5528059064672068,True
0.4,-0.44,True,-1,38,3.6541561940379045e-15,1.2928213239483201e-14,1.9134760895564806,1.5861017174787428,True
0.42,-0.44,True,-1,38,5.674640840630761e-15,1.651554963845357e-14,2.2147024059861278,1.6249200686432803,True
0.44,-0.44,True,-1,38,1.941353215716136e-15,8.026307839083338e-15,2.6997081011824404,1.6697429248352593,True
0.46,-0.44,True,-1,38,7.11107651574821e-15,2.8764771042399943e-14,3.8865966712962363,1.721250945641812,True
0.48,-0.44,False,13,14,0.0007576317232680928,0.010654098733779982,,,False
0.5,-0.44,False,11,12,0.0005129892878958142,0.007185549610130289,,,False
0.52,-0.44,False,9,10,0.0006072597013477433,0.008448469834096906,,,False
0.54,-0.44,False,0,1,0.002787328573966274,0.039099385097258445,,,False
0.56,-0.44,False,0,1,0.0061952533747774655,0.08587861066375836,,,False
0.58,-0.44,False,0,1,0.00990439129029826,0.1348034855096719,,,False
0.6,-0.44,False,0,1,0.013992930005168405,0.18565508995530605,,,False
0.62,-0.44,False,0,1,0.01855744169836098,0.23811017172715596,,,False
0.64,-0.44,False,0,1,0.023713618813510945,0.2916944032344901,,,False
0.66,-0.44,False,0,1,0.029593633687827737,0.34573448285086067,,,False
0.68,-0.44,False,0,1,0.03633748215462708,0.39932847757939016,,,False
0.7000000000000001,-0.44,False,0,1,0.04407628244871302,0.45136644459687736,,,False
0.72,-0.44,False,0,1,0.05290885555599682,0.500633068286391,,,False
0.74,-0.44,False,0,1,0.06287882485506151,0.5459912521001102,,,False
0.76,-0.44,False,0,1,0.07396320084187355,0.5865876880286559,,,False
0.78,-0.44,False,0,1,0.08607927782343196,0.6219872509198262,,,False
0.8,-0.44,False,0,1,0.09910610033779294,0.6521800201940379,,,False
0.8200000000000001,-0.44,False,0,1,0.11290942740697175,0.677483249120696,,,False
0.84,-0.44,False,0,1,0.12736087960910483,0.6984045907714387,,,False
0.86,-0.44,False,0,1,0.14234828181043999,0.7155218235533789,,,False
0.88,-0.44,False,0,1,0.15777872825435102,0.729404369928336,,,False
0.9,-0.44,False,0,1,0.17357760465996497,0.740570676626843,,,False
0.92,-0.44,False,0,1,0.18968586262753187,0.7494719027331249,,,False
0.9400000000000001,-0.44,False,0,1,0.20605703244613316,0.7564886842256747,,,False
0.96,-0.44,False,0,1,0.22265434287243202,0.7619399373203717,,,False
0.98,-0.44,False,0,1,0.23944842435171923,0.7660931047179279,,,False
1.0,-0.44,False,0,1,0.2564159134353141,0.7691617025303729,,,False
0.3,-0.42,True,-1,38,1.0094027827277985e-14,6.17167487470634e-14,1.508894104172177,1.3651555973978766,True
0.32,-0.42,True,-1,38,3.815356980893987e-15,5.1163696485924816e-14,1.5321483521535229,1.3784427774348487,True
0.34,-0.42,True,-1,38,3.831073859923122e-15,2.184781586852598e-14,1.5658160230211227,1.3961139677972638,True
0.36,-0.42,True,-1,38,8.460352922256878e-15,4.937063546251328e-14,1.6031682568931949,1.4182584395112847,True
0.38,-0.42,True,-1,38,5.748822300757344e-15,3.257001339119889e-14,1.6459398843470863,1.445001416678851,True
0.4,-0.42,True,-1,38,7.556656170496563e-15,4.288426011305287e-14,1.696711512067537,1.476515385567424,True
0.42,-0.42,True,-1,38,3.4021815010030383e-16,1.560880660580283e-15,1.7595215209825188,1.5130363178138364,True
0.44,-0.42,True,-1,38,2.1398810798208136e-15,6.70111369409792e-15,1.894952464030314,1.5548873883429342,True
0.46,-0.42,True,-1,38,2.002445041496576e-15,6.06595614601847e-15,2.193528637833413,1.6025147705683638,True
0.48,-0.42,True,-1,38,1.1925800869633348e-14,5.336403116184573e-14,2.6781114520135247,1.6565440475092923,True
0.5,-0.42,True,-1,38,1.175110235852735e-14,6.144543569940484e-14,3.9762231769813154,1.7178741948464522,True
0.52,-0.42,False,12,13,0.00023900517327280282,0.003333750577728613,,,False
0.54,-0.42,False,10,11,0.0003847696368946553,0.005328040196999441,,,False
0.56,-0.42,False,0,1,0.0003918581600184642,0.0054931349766877335,,,False
0.58,-0.42,False,0,1,0.0040339721318978245,0.05582186406585743,,,False
0.6,-0.42,False,0,1,0.0079810312440833,0.10825985274050996,,,False
0.62,-0.42,False,0,1,0.01232200309632781,0.1625660416044342,,,False
0.64,-0.42,False,0,1,0.017166430684275282,0.21837509585451256,,,False
0.66,-0.42,False,0,1,0.022644920312328967,0.2751412564138926,,,False
0.68,-0.42,False,0,1,0.028905107456828234,0.33208342970731114,,,False
0.7000000000000001,-0.42,False,0,1,0.03609977695182062,0.3881589586193212,,,False
0.72,-0.42,False,0,1,0.044365192224538864,0.4421081818140242,,,False
0.74,-0.42,False,0,1,0.05379287808317108,0.49260403717476065,,,False
0.76,-0.42,False,0,1,0.06440577750559491,0.5384863079520412,,,False
0.78,-0.42,False,0,1,0.07615197549333044,0.578986664614479,,,False
0.8,-0.42,False,0,1,0.08892032731306836,0.6138339000667834,,,False
0.8200000000000001,-0.42,False,0,1,0.10256892042909078,0.6432037496726829,,,False
0.84,-0.42,False,0,1,0.1169522097250639,0.6675725829075418,,,False
0.86,-0.42,False,0,1,0.13193843647496253,0.6875604815361765,,,False
0.88,-0.42,False,0,1,0.14741700744153335,0.7038120110379561,,,False
0.9,-0.42,False,0,1,0.16329896702833166,0.7169293782959737,,,False
0.92,-0.42,False,0,1,0.17951437412537868,0.7274418288068302,,,False
0.9400000000000001,-0.42,False,0,1,0.19600871422171298,0.7357987076987628,,,False
0.96,-0.42,False,0,1,0.212739544013828,0.742372513121895,,,False
0.98,-0.42,False,0,1,0.22967347500910504,0.7474729341637579,,,False
1.0,-0.42,False,0,1,0.24678419014376038,0.7513504224467038,,,False
0.3,-0.4,True,-1,38,5.729560287497577e-15,4.701843440936831e-14,1.48966694633769,1.268753880808762,True
0.32,-0.4,True,-1,38,6.8851732021151925e-15,6.096650008034924e-14,1.5087289530928083,1.2816817994457783,True
0.34,-0.4,True,-1,38,8.542587237410317e-15,4.6430729110884976e-14,1.5280121619952391,1.2988454401094998,True
0.36,-0.4,True,-1,38,6.6005186506798495e-15,3.771322657407542e-14,1.554542148271808,1.3203048708887977,True
0.38,-0.4,True,-1,38,3.0216632307970734e-15,3.0355694219773286e-14,1.5855354883800032,1.3461457255893354,True
0.4,-0.4,True,-1,38,3.7200755648761925e-15,4.189491737849622e-14,1.620558937532356,1.376487496834752,True
0.42,-0.4,True,-1,38,5.1338062003693174e-15,2.746001152186576e-14,1.6616067027129822,1.411494978186211,True
0.44,-0.4,True,-1,38,6.78622404803935e-15,3.773369582876043e-14,1.7116673577001895,1.451394262818349,True
0.46,-0.4,True,-1,38,9.93680618371921e-15,5.4543484794388294e-14,1.7754984896736037,1.4964956959986835,True
0.48,-0.4,True,-1,38,1.9531723000908643e-15,6.082618665132344e-15,1.9593544834408716,1.5472280000812106,True
0.5,-0.4,True,-1,38,2.2079207130766657e-15,7.83248380811786e-15,2.295170167833085,1.6041913447837925,True
0.52,-0.4,True,-1,38,2.2023310314175786e-15,9.992664471888948e-15,2.877922924365946,1.668244581734421,True
0.54,-0.4,False,14,15,0.0009297658158617545,0.012888822179618347,,,False
0.56,-0.4,False,11,12,0.0007875680232785924,0.010818396732993604,,,False
0.58,-0.4,False,8,9,0.00037055825114037726,0.005030688674628703,,,False
0.6,-0.4,False,0,1,0.0022705970203477474,0.03132110551241731,,,False
0.62,-0.4,False,0,1,0.0064668028259052815,0.08724572393354134,,,False
0.64,-0.4,False,0,1,0.011079929416238109,0.14496003996336898,,,False
0.66,-0.4,False,0,1,0.016234755525478425,0.2040401167228086,,,False
0.68,-0.4,False,0,1,0.02207892140526199,0.2638438142969372,,,False
0.7000000000000001,-0.4,False,0,1,0.028776541215398688,0.3234505767144027,,,False
0.72,-0.4,False,0,1,0.036491581349050596,0.38164716191507775,,,False
0.74,-0.4,False,0,1,0.045359814495959404,0.4370132185810199,,,False
0.76,-0.4,False,0,1,0.055456125302055466,0.48813528142671697,,,False
0.78,-0.4,False,0,1,0.06677276995199617,0.5338925662971724,,,False
0.8,-0.4,False,0,1,0.07922240045468132,0.5736778210067295,,,False
0.8200000000000001,-0.4,False,0,1,0.09266448581367416,0.6074412430955132,,,False
0.84,-0.4,False,0,1,0.1069394849829514,0.6355679414351754,,,False
0.86,-0.4,False,0,1,0.12189542275741204,0.6586898064930525,,,False
0.88,-0.4,False,0,1,0.13740170742741048,0.6775202777954847,,,False
0.9,-0.4,False,0,1,0.15335264104449467,0.6927495679054751,,,False
0.92,-0.4,False,0,1,0.16966538428083505,0.7049939520309942,,,False
0.9400000000000001,-0.4,False,0,1,0.18627595075061731,0.7147794656660823,,,False
0.96,-0.4,False,0,1,0.20313518611048167,0.7225406134850085,,,False
0.98,-0.4,False,0,1,0.22020489630598583,0.7286389180078194,,,False
1.0,-0.4,False,0,1,0.23745552811761314,0.7333619597750518,,,False
0.3,-0.38,True,-1,38,5.760602686678698e-15,5.516052228885781e-14,1.4961975373116232,1.1779657653843305,True
0.32,-0.38,True,-1,38,4.492632392838105e-15,2.5500708176191083e-14,1.5038387803288944,1.1906568330987748,True
0.34,-0.38,True,-1,38,5.552780207937452e-15,2.9202410709006964e-14,1.519474927585921,1.2074883494543638,True
0.36,-0.38,True,-1,38,6.726018437506577e-15,3.6435389349928894e-14,1.5349306055749445,1.228497695249731,True
0.38,-0.38,True,-1,38,1.1951023582763002e-14,6.951080748975079e-14,1.5568339094152561,1.253740480060353,True
0.4,-0.38,True,-1,38,7.865217109889325e-15,3.200694967902211e-14,1.5825778084952058,1.2832971481731161,True
0.42,-0.38,True,-1,38,2.9717914383385164e-15,1.5546702092756586e-14,1.611566926886815,1.3172817665092411,True
0.44,-0.38,True,-1,38,3.772716880578163e-15,2.021944534977273e-14,1.6455030158691564,1.3558538224234618,True
0.46,-0.38,True,-1,38,5.041745112359459e-15,2.7536845514138447e-14,1.686856761819634,1.3992344143952775,True
0.48,-0.38,True,-1,38,7.57396718711802e-15,3.9807719221467717e-14,1.7394244784558033,1.447729186074798,True
0.5,-0.38,True,-1,38,1.22156069063769e-15,3.4562142284926208e-15,1.830131881235667,1.5017621230404128,True
0.52,-0.38,True,-1,38,5.755518659813419e-15,1.7164991995514414e-14,2.1006157621420343,1.5619277606512834,True
0.54,-0.38,True,-1,38,1.7145668453322772e-15,9.03604462237492e-15,2.530257496724604,1.6290764850136026,True
0.56,-0.38,True,-1,38,3.604913992420251e-15,1.5477070590274337e-14,3.4305004646549513,1.7044637985657456,True
0.58,-0.38,False,12,13,0.0014413847039187566,0.019577942775469852,,,False
0.6,-0.38,False,9,10,0.0009783597693537951,0.013130588749211391,,,False
0.62,-0.38,False,0,1,0.0009124643744420607,0.012525291788916064,,,False
0.64,-0.38,False,0,1,0.0053715034398495376,0.0719017620574076,,,False
0.66,-0.38,False,0,1,0.010281348210190144,0.13296174883660858,,,False
0.68,-0.38,False,0,1,0.015784589290628738,0.1951994655064726,,,False
0.7000000000000001,-0.38,False,0,1,0.022047958329262794,0.2578430315040886,,,False
0.72,-0.38,False,0,1,0.02925210697635742,0.31979369591392437,,,False
0.74,-0.38,False,0,1,0.03756820609020965,0.37963899005723656,,,False
0.76,-0.38,False,0,1,0.04712239826452997,0.43580360291380354,,,False
0.78,-0.38,False,0,1,0.057960617161128415,0.48684344450448847,,,False
0.8,-0.38,False,0,1,0.07003409846287863,0.5317678522474316,,,False
0.8200000000000001,-0.38,False,0,1,0.08321619877075073,0.5702146224758003,,,False
0.84,-0.38,False,0,1,0.0973396745403797,0.6024003811215219,,,False
0.86,-0.38,False,0,1,0.11223332490383935,0.6289230040948232,,,False
0.88,-0.38,False,0,1,0.12774477515327937,0.6505486389566059,,,False
0.9,-0.38,False,0,1,0.14374912139609786,0.6680561832481812,,,False
0.92,-0.38,False,0,1,0.16014842304933383,0.682156965308508,,,False
0.9400000000000001,-0.38,False,0,1,0.17686766689786576,0.6934605948481496,,,False
0.96,-0.38,False,0,1,0.19384965788748915,0.7024765831969403,,,False
0.98,-0.38,False,0,1,0.21105088422804016,0.7096183058711929,,,False
1.0,-0.38,False,0,1,0.22843785159840294,0.7152216537215403,,,False
0.3,-0.36,True,-1,38,7.446981800341621e-15,6.421895915543575e-14,1.5499544335749493,1.0918365754809598,True
0.32,-0.36,True,-1,38,3.090231550588025e-15,2.6154483184856586e-14,1.5249157193198704,1.1044248560888,True
0.34,-0.36,True,-1,38,3.676749578859415e-15,2.578220751258126e-14,1.5248481968856997,1.1210984476474746,True
0.36,-0.36,True,-1,38,5.229256517172181e-15,3.785300142628527e-14,1.5367951456474394,1.1418758618288147,True
0.38,-0.36,True,-1,38,1.0269112877503683e-14,6.215466863242566e-14,1.5482967435046047,1.1667883140136996,True
0.4,-0.36,True,-1,38,7.593876794287644e-15,3.987827122859219e-14,1.5670576884989784,1.1958853958858113,True
0.42,-0.36,True,-1,38,1.9060624982125015e-15,1.0265076240768439e-14,1.5880857862059172,1.229242354552816,True
0.44,-0.36,True,-1,38,2.400496280690018e-15,1.2615766395801435e-14,1.611930377368559,1.2669694848268993,True
0.46,-0.36,True,-1,38,6.311510484640569e-15,4.0560191312906e-14,1.6401441437842812,1.3092244872647554,True
0.48,-0.36,True,-1,38,4.8793007286431175e-15,2.2155152508773937e-14,1.6749263681715876,1.3562292207978646,True
0.5,-0.36,True,-1,38,6.020081338445623e-15,3.197409531992117e-14,1.7195733096513266,1.408293277786807,True
0.52,-0.36,True,-1,38,9.588175547900553e-15,4.96040511552659e-14,1.7793934198454586,1.4658486317013162,True
0.54,-0.36,True,-1,38,5.399440445653255e-15,1.695359438440547e-14,1.9911274175265936,1.529503139019181,True
0.56,-0.36,True,-1,38,7.633855593488862e-15,3.208190900584504e-14,2.350731063393247,1.6001280286497028,True
0.58,-0.36,True,-1,38,1.6282471984084e-14,1.4871362866343814e-13,3.012008983872647,1.6790112175460923,True
0.6,-0.36,False,12,13,0.0007528227716345743,0.010135403148794771,,,False
0.62,-0.36,False,9,10,0.0006858217977727896,0.009096681698499464,,,False
0.64,-0.36,False,4,5,0.0002696495920826142,0.003556007430006959,,,False
0.66,-0.36,False,0,1,0.004708481846225989,0.062348556376632065,,,False
0.68,-0.36,False,0,1,0.009947154734163959,0.12666770867063942,,,False
0.7000000000000001,-0.36,False,0,1,0.015847439410076408,0.1919039079129421,,,False
0.72,-0.36,False,0,1,0.022596746768606856,0.25711184009557037,,,False
0.74,-0.36,False,0,1,0.030390370059008468,0.3209708049375411,,,False
0.76,-0.36,False,0,1,0.039398921892839174,0.38185107881984454,,,False
0.78,-0.36,False,0,1,0.0497254129058512,0.4380598299705839,,,False
0.8,-0.36,False,0,1,0.06137243376933383,0.48821845326365076,,,False
0.8200000000000001,-0.36,False,0,1,0.0742419288080799,0.5315795945351749,,,False
0.84,-0.36,False,0,1,0.08816869672574869,0.5681027242354612,,,False
0.86,-0.36,False,0,1,0.10296561182096044,0.5982890628986317,,,False
0.88,-0.36,False,0,1,0.11845775055751412,0.6229278034980595,,,False
0.9,-0.36,False,0,1,0.13449865210382883,0.6428817394053016,,,False
0.92,-0.36,False,0,1,0.15097296234455426,0.6589625562678826,,,False
0.9400000000000001,-0.36,False,0,1,0.16779269244743372,0.6718755231385569,,,False
0.96,-0.36,False,0,1,0.18489155648896363,0.6822081987129993,,,False
0.98,-0.36,False,0,1,0.2022196447732362,0.6904393162653736,,,False
1.0,-0.36,False,0,1,0.21973905466941301,0.6969569390774085,,,False
0.3,-0.34,True,-1,38,9.125339346646776e-15,4.8441856714073547e-14,1.5991686136919059,1.010107314880423,True
0.32,-0.34,True,-1,38,7.161799095124133e-15,4.187083597658369e-14,1.5769308091561252,1.0226852366849877,True
0.34,-0.34,True,-1,38,2.9945166256120486e-15,3.236419419829005e-14,1.5518752939131986,1.0393251847064686,True
0.36,-0.34,True,-1,38,5.067350270360846e-15,4.8978317314759985e-14,1.5499511460459936,1.0600288945468535,True
0.38,-0.34,True,-1,38,9.236436714910938e-15,6.218130459667818e-14,1.5578673291244793,1.084806385803147,True
0.4,-0.34,True,-1,38,5.538332841775481e-15,3.048793590876772e-14,1.5667373660414063,1.1136811667603719,True
0.42,-0.34,True,-1,38,7.504688837633764e-15,3.964332795863308e-14,1.5817978265336374,1.1466966757466448,True
0.44,-0.34,True,-1,38,5.117273128126382e-15,4.1354491348888176e-14,1.5983780846063067,1.1839242668737933,True
0.46,-0.34,True,-1,38,3.3385238915062165e-15,1.719453667203514e-14,1.6175968937438667,1.2254732847959766,True
0.48,-0.34,True,-1,38,2.899893189269637e-15,1.4578774760545623e-14,1.6409375887167377,1.2715041512600103,True
0.5,-0.34,True,-1,38,3.740726748098543e-15,1.9529998889866006e-14,1.6704616488376867,1.3222460103940645,True
0.52,-0.34,True,-1,38,5.577144338622734e-15,2.8269912170525783e-14,1.7363909291849788,1.3780215598163,True
0.54,-0.34,True,-1,38,8.60906192542735e-15,4.341238338555132e-14,1.822343032112721,1.4392836708624264,True
0.56,-0.34,True,-1,38,1.4794008208736585e-15,1.6530493344839324e-14,1.9296116939562413,1.5066722533228052,True
0.58,-0.34,True,-1,38,1.7028447152542777e-15,3.918336755939395e-14,2.254320854188756,1.5811079030672912,True
0.6,-0.34,True,-1,38,3.2292034762291225e-15,2.7602800425428286e-14,2.8255691862811343,1.6639574223974678,True
0.62,-0.34,False,12,13,0.0005025796198976681,0.006685465998128554,,,False
0.64,-0.34,False,9,10,0.0008525371610717926,0.011132113223216254,,,False
0.66,-0.34,False,4,5,0.00025773681173664735,0.0033455648425458687,,,False
0.68,-0.34,False,0,1,0.00449638957116962,0.05868462121659365,,,False
0.7000000000000001,-0.34,False,0,1,0.010106919536953186,0.1261388398519149,,,False
0.72,-0.34,False,0,1,0.01646713969016828,0.19414462844150931,,,False
0.74,-0.34,False,0,1,0.02378539049744043,0.2615287551870101,,,False
0.76,-0.34,False,0,1,0.03226614350160735,0.3267067956678249,,,False
0.78,-0.34,False,0,1,0.042066278307250335,0.3878412312527946,,,False
0.8,-0.34,False,0,1,0.05324782357099553,0.4432093423309411,,,False
0.8200000000000001,-0.34,False,0,1,0.06575609972425998,0.49163646003406675,,,False
0.84,-0.34,False,0,1,0.07944073162924976,0.5327361404116405,,,False
0.86,-0.34,False,0,1,0.09410481917142456,0.5668348695731648,,,False
0.88,-0.34,False,0,1,0.1095515568351971,0.5947014297195614,,,False
0.9,-0.34,False,0,1,0.12561099765658867,0.6172695176816604,,,False
0.92,-0.34,False,0,1,0.14214798395874126,0.6354542613174943,,,False
0.9400000000000001,-0.34,False,0,1,0.15905961877033456,0.6500641157554947,,,False
0.96,-0.34,False,0,1,0.17626905357590225,0.6617754550116045,,,False
0.98,-0.34,False,0,1,0.1937190319737648,0.6711409806442545,,,False
1.0,-0.34,False,0,1,0.21136688022065467,0.6786004178085563,,,False
0.3,-0.32,True,-1,38,8.675027248540498e-15,4.7291347303042965e-14,1.6448082912771156,0.932222439226561,True
0.32,-0.32,True,-1,38,6.0976416042895e-15,3.633208850660716e-14,1.6252608882543873,0.9448689701117652,True
0.34,-0.32,True,-1,38,7.641004610003055e-15,4.503060521598482e-14,1.6029378089032975,0.9615804728638859,True
0.36,-0.32,True,-1,38,5.379715090996536e-15,6.093724145902413e-14,1.5775085265387978,0.9823428555453964,True
0.38,-0.32,True,-1,38,9.164216907457372e-15,6.506920104038007e-14,1.5770656025459617,1.007146582083748,True
0.4,-0.32,True,-1,38,4.493661122171018e-15,2.5371625108708924e-14,1.5805761724211898,1.0359917341113287,True
0.42,-0.32,True,-1,38,5.7614050176587034e-15,5.0534740902471465e-14,1.5879470373985372,1.0688940524687844,True
0.44,-0.32,True,-1,38,7.84633971825463e-15,4.2138351578155953e-14,1.5986980457106148,1.105892128859416,True
0.46,-0.32,True,-1,38,1.9086877908141225e-15,8.249878230016124e-15,1.6109890318039877,1.147056096469234,True
0.48,-0.32,True,-1,38,2.2623773823576646e-15,1.0652608165996081e-14,1.6259426853197956,1.192498440064083,True
0.5,-0.32,True,-1,38,2.597186369366252e-15,1.4088889233373098e-14,1.6450211210690358,1.2423879717494364,True
0.52,-0.32,True,-1,38,3.7055512587877174e-15,1.889690425604155e-14,1.705638844272801,1.2969687179866733,True
0.54,-0.32,True,-1,38,5.468623243234534e-15,3.15109679776734e-14,1.7925907992010104,1.3565866790728642,True
0.56,-0.32,True,-1,38,8.388063749895444e-15,4.1473424221520505e-14,1.8833742356872918,1.4217296671750075,True
0.58,-0.32,True,-1,38,5.611913828864253e-15,4.722592793512709e-14,1.9865620922491134,1.4930898585211192,True
0.6,-0.32,True,-1,38,4.664588528445916e-15,4.155371990094817e-14,2.208901096964242,1.5716681284160696,True
0.62,-0.32,True,-1,38,2.002445041496576e-15,1.8476238644208743e-14,2.745211537440062,1.6589612875119153,True
0.64,-0.32,False,12,13,0.0007112783652699753,0.009311338289039791,,,False
0.66,-0.32,False,9,10,0.0015079649946519009,0.01929032874559086,,,False
0.68,-0.32,False,4,5,0.0007299825744933739,0.009281351100768758,,,False
0.7000000000000001,-0.32,False,0,1,0.004761891654214628,0.06098035710766896,,,False
0.72,-0.32,False,0,1,0.010802335341416685,0.13138565517133396,,,False
0.74,-0.32,False,0,1,0.017703652566727766,0.2018263300392583,,,False
0.76,-0.32,False,0,1,0.02569243230430277,0.27083937326317664,,,False
0.78,-0.32,False,0,1,0.034971003814927175,0.3365530602203766,,,False
0.8,-0.32,False,0,1,0.04566271477682485,0.3969850803821801,,,False
0.8200000000000001,-0.32,False,0,1,0.05776853307253364,0.45053433016195005,,,False
0.84,-0.32,False,0,1,0.07116748428659365,0.49639448566744265,,,False
0.86,-0.32,False,0,1,0.0856620631623338,0.5346293475116907,,,False
0.88,-0.32,False,0,1,0.10103620725239716,0.5659288844871118,,,False
0.9,-0.32,False,0,1,0.11709531193074367,0.5912742441920926,,,False
0.92,-0.32,False,0,1,0.13368212124833584,0.6116825228589073,,,False
0.9400000000000001,-0.32,False,0,1,0.15067673161324413,0.6280731595952121,,,False
0.96,-0.32,False,0,1,0.16799020081553626,0.6412210146928798,,,False
0.98,-0.32,False,0,1,0.1855570918695268,0.6517563449526825,,,False
1.0,-0.32,False,0,1,0.20332910324816822,0.6601833181024488,,,False
0.3,-0.3,True,-1,38,8.601945017923553e-15,4.839746617381923e-14,1.6876629535984988,0.8569450078424405,True
0.32,-0.3,True,-1,38,5.380287858109258e-15,3.5649890529616744e-14,1.6707541363367073,0.8697588060170953,True
0.34,-0.3,True,-1,38,6.6543956360702904e-15,5.4200838386235664e-14,1.6510484464985509,0.8866632710503204,True
0.36,-0.3,True,-1,38,5.513867073306801e-15,4.166262346389616e-14,1.6282461606403253,0.9076284051046466,True
0.38,-0.3,True,-1,38,3.356474311340335e-15,1.765697512965961e-14,1.6045704055725984,0.932625470577441,True
0.4,-0.3,True,-1,38,3.939336634497564e-15,2.2099715908619857e-14,1.6044155711523733,0.9616321741794851,True
0.42,-0.3,True,-1,38,4.952951166691113e-15,3.4466243138552265e-14,1.6039069190259214,0.994638632771639,True
0.44,-0.3,True,-1,38,6.626320339684609e-15,3.612771312921122e-14,1.609546181907544,1.0316541855172532,True
0.46,-0.3,True,-1,38,8.441163721105384e-15,4.7596142737838967e-14,1.6159726302630617,1.0727152658296355,True
0.48,-0.3,True,-1,38,1.685565737062797e-15,8.685754778337287e-15,1.624118977866017,1.1178947607327916,True
0.5,-0.3,True,-1,38,2.243914268996476e-15,1.2117610985122414e-14,1.6351293327161465,1.1673136003118918,True
0.52,-0.3,True,-1,38,2.813051893495439e-15,2.4819206548459327e-14,1.6907692547869901,1.2211558083533585,True
0.54,-0.3,True,-1,38,4.101068277698489e-15,1.932289669470905e-14,1.7816598298095876,1.279689051608311,True
0.56,-0.3,True,-1,38,5.806423962686947e-15,3.183877455057582e-14,1.8762747249895373,1.3432941441294015,True
0.58,-0.3,True,-1,38,8.700210862173681e-15,4.3970353144657943e-14,1.9747994012669978,1.4125096256217031,True
0.6,-0.3,True,-1,38,1.0087920413118926e-15,7.719801368047167e-15,2.0780012192245056,1.488102882743349,True
0.62,-0.3,True,-1,38,3.260069294525275e-15,9.53764541046766e-15,2.20613892337163,1.571190921099355,True
0.64,-0.3,True,-1,38,4.161855781720583e-15,2.1201018403444454e-14,2.737603972031293,1.6634618304550628,True
0.66,-0.3,False,12,13,0.001409257113723695,0.018065125793992293,,,False
0.68,-0.3,False,8,9,0.0010552535441626482,0.013229363429752058,,,False
0.7000000000000001,-0.3,False,3,4,0.0006848513134113428,0.008627128390913712,,,False
0.72,-0.3,False,0,1,0.005543513737498907,0.06926505638408044,,,False
0.74,-0.3,False,0,1,0.012091750002640175,0.14234191874652502,,,False
0.76,-0.3,False,0,1,0.019637356795690973,0.21472510776123999,,,False
0.78,-0.3,False,0,1,0.028416886875131605,0.28460542240054565,,,False
0.8,-0.3,False,0,1,0.03861081215579899,0.34984870032891335,,,False
0.8200000000000001,-0.3,False,0,1,0.05028337224443918,0.40847311313327467,,,False
0.84,-0.3,False,0,1,0.06335738158723385,0.45920828573680056,,,False
0.86,-0.3,False,0,1,0.07764658797088374,0.5017660532808421,,,False
0.88,-0.3,False,0,1,0.09292057999004567,0.5366862361464559,,,False
0.9,-0.3,False,0,1,0.1089600045444688,0.5649626724344677,,,False
0.92,-0.3,False,0,1,0.12558346039461812,0.5877076774957969,,,False
0.9400000000000001,-0.3,False,0,1,0.14265194301382986,0.6059568144482299,,,False
0.96,-0.3,False,0,1,0.1600628432013177,0.6205917176794975,,,False
0.98,-0.3,False,0,1,0.17774141587059297,0.6323304851413802,,,False
1.0,-0.3,False,0,1,0.19563325624533445,0.6417433234298536,,,False
0.3,-0.28,True,-1,38,6.24673128837944e-15,3.962878397743807e-14,1.7284180820204798,0.7842925488232224,True
0.32,-0.28,True,-1,38,6.080435178209936e-15,5.3153021235304326e-14,1.714136986552952,0.797316140016463,True
0.34,-0.28,True,-1,38,6.2108643554758805e-15,7.005801641124225e-14,1.696974724404856,0.81447700545406,True
0.36,-0.28,True,-1,38,7.725279719511386e-15,4.9718437879220466e-14,1.676662670699569,0.8357285489178046,True
0.38,-0.28,True,-1,38,2.921068302113665e-15,1.6503723800358507e-14,1.6529300685885695,0.8610223788006179,True
0.4,-0.28,True,-1,38,5.463267511859146e-15,5.417144556936882e-14,1.6357944203548742,0.8903138469612222,True
0.42,-0.28,True,-1,38,4.533259630617859e-15,2.5757380630756545e-14,1.6303750173722698,0.9235681980743327,True
0.44,-0.28,True,-1,38,5.6340400221699405e-15,3.300675636547248e-14,1.6289823393945724,0.9607673024251455,True
0.46,-0.28,True,-1,38,7.309998759575168e-15,4.351529295579631e-14,1.6300459421428237,1.0019170841601686,True
0.48,-0.28,True,-1,38,1.5283219021373867e-15,8.04584306347606e-15,1.6321923646499226,1.047055942774486,True
0.5,-0.28,True,-1,38,1.709166621382058e-15,1.6525489813340226e-14,1.6363912744191678,1.0962647180106109,True
0.52,-0.28,True,-1,38,2.5395972510939554e-15,2.8677225431313334e-14,1.6791439043552736,1.1496791126569847,True
0.54,-0.28,True,-1,38,3.1333082332430004e-15,1.5672014264989606e-14,1.7740660557190258,1.2075060554893042,True
0.56,-0.28,True,-1,38,4.429080270389173e-15,2.161453499200427e-14,1.872961435866587,1.2700464397481823,True
0.58,-0.28,True,-1,38,6.239759591180766e-15,3.1141765876763926e-14,1.9759113028302466,1.3377283843938867,True
0.6,-0.28,True,-1,38,9.72665625197699e-15,4.937768644818979e-14,2.0832122698293576,1.4111584468101575,True
0.62,-0.28,True,-1,38,6.407872222066844e-16,1.075997365858889e-15,2.1960928469912733,1.4912049644155243,True
0.64,-0.28,True,-1,38,2.8375919212413465e-15,9.097180872722147e-15,2.3294433964273042,1.5791427904366122,True
0.66,-0.28,True,-1,38,3.260069294525275e-15,1.698348883325953e-14,2.7941733034407568,1.6769261696241555,True
0.68,-0.28,False,11,12,0.0012397532067627655,0.01559129402317601,,,False
0.7000000000000001,-0.28,False,7,8,0.0010600778182314034,0.012970180977143263,,,False
0.72,-0.28,False,0,1,0.0006372268531021256,0.00814745283131662,,,False
0.74,-0.28,False,0,1,0.006896796971988457,0.08350216667353783,,,False
0.76,-0.28,False,0,1,0.014055610025115822,0.15882086929173692,,,False
0.78,-0.28,False,0,1,0.022372785137903622,0.23242837832344473,,,False
0.8,-0.28,False,0,1,0.03207724916563071,0.30214839251529435,,,False
0.8200000000000001,-0.28,False,0,1,0.043298358044045145,0.3657011969189517,,,False
0.84,-0.28,False,0,1,0.05601491578253791,0.42134582799711195,,,False
0.86,-0.28,False,0,1,0.07006528790864414,0.4683655472980296,,,False
0.88,-0.28,False,0,1,0.0852120934900344,0.5070687124007008,,,False
0.9,-0.28,False,0,1,0.10121252537846008,0.538415624182935,,,False
0.92,-0.28,False,0,1,0.11785947129271569,0.5635998697020621,,,False
0.9400000000000001,-0.28,False,0,1,0.13499275033741676,0.5837764172468219,,,False
0.96,-0.28,False,0,1,0.15249445681209012,0.5999418768327694,,,False
0.98,-0.28,False,0,1,0.17027952185139866,0.6129085955450122,,,False
1.0,-0.28,False,0,1,0.18828661064448657,0.6233241689530106,,,False
0.3,-0.26,True,-1,38,6.128453722717042e-15,4.672998692089623e-14,1.767708470535736,0.7144923574703743,True
0.32,-0.26,True,-1,38,6.239636128154979e-15,6.318104554693857e-14,1.7560719910272993,0.7277908823138131,True
0.34,-0.26,True,-1,38,6.109505959255637e-15,3.834918928639827e-14,1.7414021636559518,0.7452923058535068,True
0.36,-0.26,True,-1,38,7.37964334175094e-15,6.128392404642279e-14,1.7234662729312156,0.7669322134884178,True
0.38,-0.26,True,-1,38,4.193664493037859e-15,2.1099154036069025e-14,1.7020398314749907,0.7926415268681561,True
0.4,-0.26,True,-1,38,4.257383221254243e-15,4.319050903368325e-14,1.6768859978207584,0.8223526348352834,True
0.42,-0.26,True,-1,38,4.322034210484767e-15,2.4838787341898853e-14,1.6644337398398312,0.8560059652187624,True
0.44,-0.26,True,-1,38,5.242204611656492e-15,3.194613214185255e-14,1.65584030910932,0.8935568849778563,True
0.46,-0.26,True,-1,38,6.8710607830764344e-15,4.1819281836774223e-14,1.6516845027300486,0.9349829618655203,True
0.48,-0.26,True,-1,38,9.018982003928369e-15,5.539280859500308e-14,1.6481784699337965,0.9802917989876982,True
0.5,-0.26,True,-1,38,1.7589240639276204e-15,2.1006058902007872e-14,1.646199089428545,1.0295298732990352,True
0.52,-0.26,True,-1,38,2.25555681398038e-15,2.9663003456558656e-14,1.670731896953932,1.0827930992434813,True
0.54,-0.26,True,-1,38,2.7024297121509745e-15,2.2366848952041075e-14,1.7697720236419934,1.1402402612350893,True
0.56,-0.26,True,-1,38,3.799169563893628e-15,1.862706765598021e-14,1.8730956146966071,1.202111134239162,True
0.58,-0.26,True,-1,38,5.14310142114581e-15,2.5063654331099122e-14,1.9807571839244154,1.2687522787971337,True
0.6,-0.26,True,-1,38,7.392784968456964e-15,3.69086515751583e-14,2.092869509747226,1.340655650089555,True
0.62,-0.26,True,-1,38,3.554447978966673e-16,6.846599077293436e-16,2.2098975578272984,1.4185193983691997,True
0.64,-0.26,True,-1,38,5.095246377785861e-16,2.4258598208469964e-15,2.333872071555232,1.5033492082856856,True
0.66,-0.26,True,-1,38,4.481386737171022e-15,1.308918759198706e-14,2.479954832236937,1.5966392868280106,True
0.68,-0.26,True,-1,38,8.101122229539182e-15,4.0190216495679616e-14,2.9844305132385465,1.7007260557088781,True
0.7000000000000001,-0.26,False,10,11,0.0015392841595802734,0.01886429760860198,,,False
0.72,-0.26,False,6,7,0.0015547545293109497,0.018495161551558222,,,False
0.74,-0.26,False,0,1,0.0020696476365719466,0.025676059378164768,,,False
0.76,-0.26,False,0,1,0.008900781796406182,0.10354553107403747,,,False
0.78,-0.26,False,0,1,0.016801987684579196,0.18044797381520478,,,False
0.8,-0.26,False,0,1,0.026039657904456944,0.25426019613335815,,,False
0.8200000000000001,-0.26,False,0,1,0.036804714201316764,0.322507618665137,,,False
0.84,-0.26,False,0,1,0.04914009915406658,0.3830128447275626,,,False
0.86,-0.26,False,0,1,0.06292230736022009,0.43457625135115324,,,False
0.88,-0.26,False,0,1,0.07791647595711607,0.4771912603318218,,,False
0.9,-0.26,False,0,1,0.0938592646215559,0.5117276807727411,,,False
0.92,-0.26,False,0,1,0.1105169095588639,0.5394396407230646,,,False
0.9400000000000001,-0.26,False,0,1,0.12770617396615816,0.561600852896669,,,False
0.96,-0.26,False,0,1,0.14529223505241498,0.5793301013973786,,,False
0.98,-0.26,False,0,1,0.16317854533391735,0.5935439218066467,,,False
1.0,-0.26,False,0,1,0.18129647914079958,0.6049656916756947,,,False
0.3,-0.24,True,-1,38,7.29021209385107e-15,6.498012578120291e-14,1.8061606070089997,0.6460955182560466,True
0.32,-0.24,True,-1,38,7.101211270823754e-15,8.67308815221352e-14,1.797201199933236,0.6598579330570387,True
0.34,-0.24,True,-1,38,5.560544011081149e-15,4.55823148798526e-14,1.7849792821918542,0.6779068142554052,True
0.36,-0.24,True,-1,38,7.205980348890142e-15,4.973416615966844e-14,1.7693082501120472,0.7001573148523856,True
0.38,-0.24,True,-1,38,9.217024477503503e-15,7.881401629111154e-14,1.7500197276689322,0.7265173074019635,True
0.4,-0.24,True,-1,38,4.6636800970857696e-15,3.394132098848853e-14,1.7269386871154402,0.7568943961117047,True
0.42,-0.24,True,-1,38,4.251588889584791e-15,2.490218166926668e-14,1.7049534332577532,0.791203163853545,True
0.44,-0.24,True,-1,38,5.2221803887383344e-15,3.242308750998266e-14,1.6894100131722878,0.8293724590471907,True
0.46,-0.24,True,-1,38,6.807306016767015e-15,4.237903308032593e-14,1.679919094036929,0.8713526971613925,True
0.48,-0.24,True,-1,38,8.675915237165196e-15,5.646557486756612e-14,1.670800297276125,0.9171233394914835,True
0.5,-0.24,True,-1,38,1.1308617501499619e-14,7.537691318092658e-14,1.6628881180699862,0.9667009186779099,True
0.52,-0.24,True,-1,38,2.59852080711732e-15,3.317003759146405e-14,1.6655675115711333,1.0201337418854382,True
0.54,-0.24,True,-1,38,2.424763686264159e-15,1.4700823256409316e-14,1.7688039943415346,1.0774621576675025,True
0.56,-0.24,True,-1,38,3.3325189318763902e-15,1.714342108621927e-14,1.8766889921318142,1.1389725087049731,True
0.58,-0.24,True,-1,38,4.436032213563267e-15,2.215003078736731e-14,1.989291711890837,1.2049491027617636,True
0.6,-0.24,True,-1,38,6.158986619944145e-15,3.079225746870737e-14,2.1066591058285233,1.2757990973322884,True
0.62,-0.24,True,-1,38,8.910361161446791e-15,4.525471315662198e-14,2.228941741505319,1.3520987920741538,True
0.64,-0.24,True,-1,38,1.0835344452754878e-15,5.152474839934514e-15,2.3568973918313385,1.4346684072667064,True
0.66,-0.24,True,-1,38,5.88581833457845e-15,2.2556485811327303e-14,2.4941129773026915,1.5247002857277896,True
0.68,-0.24,True,-1,38,5.9432102245382795e-15,2.4596785582611946e-14,2.666868253112773,1.623995911401951,True
0.7000000000000001,-0.24,False,13,14,0.0007404376669192315,0.009073950237030589,,,False
0.72,-0.24,False,8,9,0.0006641518325678634,0.007921716029097515,,,False
0.74,-0.24,False,4,5,0.0009549713411301777,0.01123184480262258,,,False
0.76,-0.24,False,0,1,0.004128437110094173,0.049270469319214055,,,False
0.78,-0.24,False,0,1,0.01166527231587777,0.1290673966370825,,,False
0.8,-0.24,False,0,1,0.02047002459616984,0.20656892455937328,,,False
0.8200000000000001,-0.24,False,0,1,0.030787564178512528,0.2792114853236144,,,False
0.84,-0.24,False,0,1,0.04272826068681176,0.34444864371383843,,,False
0.86,-0.24,False,0,1,0.056218729784198215,0.4005741735337072,,,False
0.88,-0.24,False,0,1,0.07103752718758165,0.44718931481380736,,,False
0.9,-0.24,False,0,1,0.08690536492768026,0.4850086416613166,,,False
0.92,-0.24,False,0,1,0.10356174459054626,0.5153180477102469,,,False
0.9400000000000001,-0.24,False,0,1,0.12079870777102164,0.5395066966361463,,,False
0.96,-0.24,False,0,1,0.13846297503401156,0.5588213950839682,,,False
0.98,-0.24,False,0,1,0.1564455552079736,0.5742882171179071,,,False
1.0,-0.24,False,0,1,0.174669747712504,0.5867172753501322,,,False
0.3,-0.22,True,-1,38,7.70657186082309e-15,6.348688614394661e-14,1.8444305658988047,0.5766309454501122,True
0.32,-0.22,True,-1,38,4.5766410939877975e-15,3.3255348540975704e-14,1.8381821220985395,0.594083409713225,True
0.34,-0.22,True,-1,38,6.896129561628402e-15,6.07002938677307e-14,1.828351854910626,0.6126553926341711,True
0.36,-0.22,True,-1,38,7.271378132737402e-15,5.264725274435076e-14,1.814816629833469,0.6355093243708032,True
0.38,-0.22,True,-1,38,9.438079328752258e-15,7.044390507509349e-14,1.7974805502403624,0.6625275455022346,True
0.4,-0.22,True,-1,38,3.353259516844832e-15,2.610236156055184e-14,1.776243660384893,0.6935906573488875,True
0.42,-0.22,True,-1,38,5.8993494952456505e-15,3.034287227558033e-14,1.7517432928061167,0.728585682354792,True
0.44,-0.22,True,-1,38,5.2984078024786e-15,3.41777258191186e-14,1.7301486853357595,0.767413919249428,True
0.46,-0.22,True,-1,38,6.90193607739536e-15,4.48029578658163e-14,1.7141076992438276,0.8099984231105737,True
0.48,-0.22,True,-1,38,8.718653230918677e-15,6.020167326218593e-14,1.699186328843234,0.8562912523769175,True
0.5,-0.22,True,-1,38,1.1611919157593358e-14,8.097728587523995e-14,1.6853207626286892,0.9062808308381227,True
0.52,-0.22,True,-1,38,2.3088902282403703e-15,2.2951073068827968e-14,1.673356009533279,0.95999998753926,True
0.54,-0.22,True,-1,38,2.4369648287393233e-15,1.3294675967434112e-14,1.7712270920718187,1.0175354989841383,True
0.56,-0.22,True,-1,38,3.2766864747744728e-15,1.6355425099678267e-14,1.8837986250022087,1.079040334129452,True
0.58,-0.22,True,-1,38,4.0477489080834906e-15,2.1152970576499255e-14,2.0015508182951747,1.144750414010709,True
0.6,-0.22,True,-1,38,5.172972164944831e-15,2.7969993132974437e-14,2.1245250545940353,1.2150087705655819,True
0.62,-0.22,True,-1,38,7.18156411701063e-15,3.913889507341216e-14,2.252737706927017,1.2903019809350913,True
0.64,-0.22,True,-1,38,1.0825706378979356e-14,5.812605927085899e-14,2.386403467318725,1.3713176658355204,True
0.66,-0.22,True,-1,38,5.951160469465242e-15,2.8078627741184294e-14,2.526858887088279,1.4590400580298295,True
0.68,-0.22,True,-1,38,2.872266267214299e-15,8.049931866706287e-15,2.6810854890364477,1.5549194333547203,True
0.7000000000000001,-0.22,True,-1,38,4.161578117962918e-15,2.9889249534731355e-14,2.9114447830891987,1.661199170362392,True
0.72,-0.22,False,11,12,0.0013318765133716868,0.015864760576848706,,,False
0.74,-0.22,False,7,8,0.001854735150827711,0.02126334928853574,,,False
0.76,-0.22,False,2,3,0.0009312917525530766,0.010961535851093987,,,False
0.78,-0.22,False,0,1,0.006923660519820041,0.07865486693369038,,,False
0.8,-0.22,False,0,1,0.01533690713235966,0.15945127385685687,,,False
0.8200000000000001,-0.22,False,0,1,0.025226956375882587,0.2361487212803659,,,False
0.84,-0.22,False,0,1,0.036770182958725084,0.30591987384480496,,,False
0.86,-0.22,False,0,1,0.04995242055390507,0.36656109573322976,,,False
0.88,-0.22,False,0,1,0.06457699201280362,0.41721803817062614,,,False
0.9,-0.22,False,0,1,0.08035468903002814,0.4583822993184125,,,False
0.92,-0.22,False,0,1,0.09699911346331566,0.4913364430050424,,,False
0.9400000000000001,-0.22,False,0,1,0.1142763152261601,0.5175774695234264,,,False
0.96,-0.22,False,0,1,0.13201314374423095,0.5384847800697801,,,False
0.98,-0.22,False,0,1,0.15008720502865344,0.5552007270267598,,,False
1.0,-0.22,False,0,1,0.16841320107563115,0.5686272655492527,,,False
0.3,-0.2,True,-1,38,7.853699941487666e-15,6.558340264267461e-14,1.8973491640730697,0.5073835896278913,True
0.32,-0.2,True,-1,38,5.637935630542858e-15,4.7654034841992836e-14,1.8960394525062239,0.53080888802126,True
0.34,-0.2,True,-1,38,5.942286594600881e-15,4.327579865634814e-14,1.8877398403112642,0.5499928860360899,True
0.36,-0.2,True,-1,38,7.581134572107521e-15,5.693787658642951e-14,1.8733860999380714,0.573553216221022,True
0.38,-0.2,True,-1,38,9.720318015768943e-15,7.811485643248175e-14,1.8540336002603715,0.6013434376753013,True
0.4,-0.2,True,-1,38,3.469891012745392e-15,2.2085307036656795e-14,1.830784423053023,0.6332144249267049,True
0.42,-0.2,True,-1,38,4.364691127433966e-15,2.8522968291741327e-14,1.8047281620202116,0.6690237003095658,True
0.44,-0.2,True,-1,38,6.581993508126868e-15,4.0522593460652064e-14,1.7769003317905352,0.7086440211211535,True
0.46,-0.2,True,-1,38,6.882767178110976e-15,5.061851016445795e-14,1.7537984879785091,0.7519711315967956,True
0.48,-0.2,True,-1,38,9.145704339017057e-15,6.825668986841791e-14,1.7326968102362672,0.7989308397577706,True
0.5,-0.2,True,-1,38,1.1904521369118137e-14,9.246443465931164e-14,1.7126584324037841,0.8494857921858807,True
0.52,-0.2,True,-1,38,1.9430885370915906e-15,1.6467506738133412e-14,1.6944956254031651,0.9036425112582738,True
0.54,-0.2,True,-1,38,2.654251633995637e-15,1.3548521832072908e-14,1.7771228218225699,0.9614594662368385,True
0.56,-0.2,True,-1,38,3.2959088668107566e-15,1.691636525888015e-14,1.8945011699533287,1.0230572315187407,True
0.58,-0.2,True,-1,38,4.1660185173424294e-15,2.1354768671131066e-14,2.0176069940468833,1.0886322376423998,True
0.6,-0.2,True,-1,38,4.95575005935792e-15,2.7126714688056278e-14,2.1465130333641946,1.1584764093850235,True
0.62,-0.2,True,-1,38,6.65699992641958e-15,3.622895267830417e-14,2.2811903792258126,1.233006430019597,True
0.64,-0.2,True,-1,38,9.029610125007876e-15,5.0622183235777506e-14,2.4215962102693145,1.3128091424775987,True
0.66,-0.2,True,-1,38,1.3905958879851564e-14,7.757982769063723e-14,2.5680950830058324,1.3987152264630676,True
0.68,-0.2,True,-1,38,3.521787733787174e-16,6.248523486584504e-16,2.723309345038245,1.4919255906805169,True
0.7000000000000001,-0.2,True,-1,38,8.851374477315529e-16,2.315358349229952e-15,2.902813619244271,1.5942445021876195,True
0.72,-0.2,True,-1,38,2.6783770938487313e-15,9.69468990166683e-15,3.328815837323744,1.7085543217449652,True
0.74,-0.2,False,9,10,0.0016692130084616026,0.01915175848512802,,,False
0.76,-0.2,False,5,6,0.0016781883604929915,0.01872917826892964,,,False
0.78,-0.2,False,0,1,0.002540548516388009,0.02953822523571565,,,False
0.8,-0.2,False,0,1,0.010607673256008707,0.11326285863758326,,,False
0.8200000000000001,-0.2,False,0,1,0.020099289805507223,0.1936587525843305,,,False
0.84,-0.2,False,0,1,0.03125261281397468,0.2677122754868799,,,False
0.86,-0.2,False,0,1,0.044118099257219545,0.33276075857677984,,,False
0.88,-0.2,False,0,1,0.058534480721779344,0.3874514338187306,,,False
0.9,-0.2,False,0,1,0.07420974065853189,0.4319865084224525,,,False
0.92,-0.2,False,0,1,0.09083331605291191,0.46760571964623365,,,False
0.9400000000000001,-0.2,False,0,1,0.10814440487350799,0.4959035741726556,,,False
0.96,-0.2,False,0,1,0.12594883916020233,0.5183937325772437,,,False
0.98,-0.2,False,0,1,0.14410994371077676,0.5363417636008927,,,False
1.0,-0.2,False,0,1,0.16253348391952344,0.5507435341452143,,,False
0.3,-0.18,True,-1,38,8.30912191620579e-15,7.090149230268136e-14,1.9913946689633861,0.44008820681078076,True
0.32,-0.18,True,-1,38,8.112228783000026e-15,7.058062311845934e-14,1.9865305196289202,0.46709589683422914,True
0.34,-0.18,True,-1,38,6.354814666525635e-15,4.7796218868604704e-14,1.973376667109771,0.4888116803530518,True
0.36,-0.18,True,-1,38,7.976046509580995e-15,6.360958587770311e-14,1.9531698004659825,0.5134718927321384,True
0.38,-0.18,True,-1,38,1.0474301144611404e-14,9.017933068537159e-14,1.9272718732348002,0.5424287703331165,True
0.4,-0.18,True,-1,38,3.7063827524050014e-15,2.4446548223057936e-14,1.8970675629431686,0.5754989063276836,True
0.42,-0.18,True,-1,38,4.622532590148771e-15,3.195218331313492e-14,1.8638855126595166,0.6125027047786165,True
0.44,-0.18,True,-1,38,5.78522346790177e-15,4.3610811257141584e-14,1.8289470471892606,0.6530375330252651,True
0.46,-0.18,True,-1,38,7.792152321324947e-15,5.978803146521863e-14,1.7986367569712092,0.6972312444293902,True
0.48,-0.18,True,-1,38,1.0244627702430958e-14,8.187602987858677e-14,1.7708121196539006,0.7449843228259982,True
0.5,-0.18,True,-1,38,2.139341001299659e-15,1.0110008502323814e-14,1.744223177862357,0.7962356326848301,True
0.52,-0.18,True,-1,38,2.370300156892887e-15,1.2536929227764005e-14,1.7196602004904005,0.8509684877068329,True
0.54,-0.18,True,-1,38,2.8527547341127496e-15,1.5416713086485337e-14,1.7865660938181116,0.9092173894825386,True
0.56,-0.18,True,-1,38,3.341752861827898e-15,1.884577450383166e-14,1.90886885294564,0.9710764089813626,True
0.58,-0.18,True,-1,38,4.108200249337199e-15,2.303032498476861e-14,2.0375386200623935,1.0367105150330127,True
0.6,-0.18,True,-1,38,4.9938443772189615e-15,2.88202373856809e-14,2.1727061571338946,1.106371743347302,True
0.62,-0.18,True,-1,38,6.252155190273278e-15,3.669630435516384e-14,2.3143493137839366,1.1804231809832955,True
0.64,-0.18,True,-1,38,8.428057202516486e-15,4.818301308154214e-14,2.4623039779081335,1.2593757873918452,True
0.66,-0.18,True,-1,38,1.1788247487872778e-14,6.79891893121946e-14,2.6164453164538637,1.3439471241126173,True
0.68,-0.18,True,-1,38,1.8972006939344357e-14,1.0768480598187518e-13,2.777546891689162,1.4351596077755728,True
0.7000000000000001,-0.18,True,-1,38,5.438959822042073e-16,1.479396071871982e-15,2.951451869168771,1.5345154944653168,True
0.72,-0.18,True,-1,38,5.548495072362913e-15,2.486407212342912e-14,3.1811342615941585,1.6443360307929997,True
0.74,-0.18,False,11,12,0.0007865726055602077,0.009065231589356796,,,False
0.76,-0.18,False,7,8,0.0017698555163486072,0.019499647760424364,,,False
0.78,-0.18,False,2,3,0.00014825913121694,0.0016855499759336093,,,False
0.8,-0.18,False,0,1,0.006250442040843677,0.06833018544549699,,,False
0.8200000000000001,-0.18,False,0,1,0.015378923578495829,0.15207282791356677,,,False
0.84,-0.18,False,0,1,0.02615907187056915,0.23012168828874124,,,False
0.86,-0.18,False,0,1,0.03870759940026327,0.2994141296977856,,,False
0.88,-0.18,False,0,1,0.05290758032946599,0.35807937350115254,,,False
0.9,-0.18,False,0,1,0.06847171612592995,0.4059714685018666,,,False
0.92,-0.18,False,0,1,0.0850678171900297,0.44424579245181256,,,False
0.9400000000000001,-0.18,False,0,1,0.10240789366545543,0.4745805373213701,,,False
0.96,-0.18,False,0,1,0.1202757712384805,0.4986262235243552,,,False
0.98,-0.18,False,0,1,0.13851992297165053,0.5177747216339775,,,False
1.0,-0.18,False,0,1,0.15703680041225,0.5331216969624712,,,False
0.3,-0.16,True,-1,38,7.24666400494823e-15,5.783376816007164e-14,2.099268162378478,0.37436026887029605,True
0.32,-0.16,True,-1,38,8.524667678777685e-15,6.63798070839306e-14,2.0898599332727876,0.4023434597459503,True
0.34,-0.16,True,-1,38,6.80645720079441e-15,5.254571231752937e-14,2.070593608675704,0.4293305600755142,True
0.36,-0.16,True,-1,38,8.652130153573532e-15,7.309169285326057e-14,2.0431327353809654,0.4549535499860111,True
0.38,-0.16,True,-1,38,3.692013241362374e-15,4.5297321573602426e-14,2.009259845283716,0.4849548824688181,True
0.4,-0.16,True,-1,38,4.005274780182743e-15,2.8056192565664466e-14,1.970732973097455,0.519112722311974,True
0.42,-0.16,True,-1,38,4.99916366308871e-15,3.79065350219845e-14,1.9291834476584637,0.5572163412097364,True
0.44,-0.16,True,-1,38,6.7007731159520885e-15,5.3075935081624485e-14,1.8860566473145803,0.5990764432612767,True
0.46,-0.16,True,-1,38,8.750712804614062e-15,7.423031635367884e-14,1.8482918896091312,0.6445333620639773,True
0.48,-0.16,True,-1,38,1.8914564400730272e-15,9.690174297218937e-15,1.8130515350208842,0.6934635262229101,True
0.5,-0.16,True,-1,38,2.457896875288685e-15,2.272926603402874e-14,1.7794042719550829,0.7457848041188455,True
0.52,-0.16,True,-1,38,2.662799970567832e-15,1.4878241546734442e-14,1.7481162372331593,0.8014614599943606,True
0.54,-0.16,True,-1,38,3.1249376297809592e-15,1.772259370949864e-14,1.799598700906433,0.8605095428743843,True
0.56,-0.16,True,-1,38,3.7902370164902975e-15,2.2124576313327102e-14,1.9269434011313025,0.9229867796402367,True
0.58,-0.16,True,-1,38,4.880326878012175e-15,2.679325147769876e-14,2.061402293603336,0.988833604634817,True
0.6,-0.16,True,-1,38,5.387513805631606e-15,3.222568617485964e-14,2.2031863136101104,1.0584934821140308,True
0.62,-0.16,True,-1,38,6.327358162135608e-15,3.95077547530522e-14,2.3523158060991656,1.1322880963020643,True
0.64,-0.16,True,-1,38,8.139911121304886e-15,4.946127303669202e-14,2.508581464752937,1.2106704834107496,True
0.66,-0.16,True,-1,38,1.0510388200354011e-14,6.494658597630955e-14,2.6715902978650874,1.2942731593663914,True
0.68,-0.16,True,-1,38,5.162835502930473e-16,1.685351957232489e-15,2.8411635964662874,1.3839871319241517,True
0.7000000000000001,-0.16,True,-1,38,2.7476618026966064e-16,6.045520907132976e-16,3.019272797958996,1.48109883888521,True
0.72,-0.16,True,-1,38,3.7197649243541795e-15,1.1262933784513511e-14,3.2211710215095324,1.5875455902169175,True
0.74,-0.16,True,-1,38,7.899375304297577e-16,2.2827764629806883e-15,3.635636834718272,1.7064433910364272,True
0.76,-0.16,False,8,9,0.00028051510793947605,0.0031082721806247986,,,False
0.78,-0.16,False,5,6,0.002174937005626985,0.02310715698370207,,,False
0.8,-0.16,False,0,1,0.0022355495750397284,0.02494732864919215,,,False
0.8200000000000001,-0.16,False,0,1,0.011039731966724737,0.11170529781794145,,,False
0.84,-0.16,False,0,1,0.021470905463553874,0.19344493254215267,,,False
0.86,-0.16,False,0,1,0.03371035668007223,0.2667734534168658,,,False
0.88,-0.16,False,0,1,0.04769201971342371,0.3293049435422529,,,False
0.9,-0.16,False,0,1,0.06314060217357366,0.38049793115629355,,,False
0.92,-0.16,False,0,1,0.07970535488811839,0.42138346257913917,,,False
0.9400000000000001,-0.16,False,0,1,0.0970711926743697,0.45370923908517324,,,False
0.96,-0.16,False,0,1,0.11499937058192165,0.47926182748523677,,,False
0.98,-0.16,False,0,1,0.13332307719418343,0.49956348352462854,,,False
1.0,-0.16,False,0,1,0.15192934416226977,0.5158117715030519,,,False
0.3,-0.14,True,-1,38,4.893253666079439e-15,3.638246824991837e-14,2.223166725322014,0.31013663866188157,True
0.32,-0.14,True,-1,38,9.35235230358305e-15,6.392701070862122e-14,2.2078450088101067,0.33881965765684896,True
0.34,-0.14,True,-1,38,7.439167410804675e-15,6.017818717593708e-14,2.18076530530351,0.37116150902212564,True
0.36,-0.14,True,-1,38,9.924083591148187e-15,8.87063648488977e-14,2.1442011948379545,0.3991405763692639,True
0.38,-0.14,True,-1,38,3.5192712720626463e-15,3.299292317387303e-14,2.100512477187544,0.43031002598958557,True
0.4,-0.14,True,-1,38,4.6818152337592315e-15,3.3769320135797325e-14,2.051946253029558,0.4656781896723823,True
0.42,-0.14,True,-1,38,6.003679213215509e-15,4.656184716909148e-14,2.000509147331909,0.504995443935413,True
0.44,-0.14,True,-1,38,7.971409048162984e-15,6.736886175778117e-14,1.9479061120271308,0.5480387753229099,True
0.46,-0.14,True,-1,38,1.531343299291801e-15,9.383574946674751e-15,1.9023908433966508,0.594619995625477,True
0.48,-0.14,True,-1,38,2.2557275795341683e-15,1.2043934304241167e-14,1.866802078090326,0.6445916068964828,True
0.5,-0.14,True,-1,38,2.7048516914496868e-15,1.628460793403043e-14,1.8286884251051538,0.6978511502469726,True
0.52,-0.14,True,-1,38,2.9083817348740073e-15,1.8140964405366818e-14,1.7855826425202004,0.7543449249450205,True
0.54,-0.14,True,-1,38,3.769039568616951e-15,2.2389940487324565e-14,1.8161962611747717,0.814071972178493,True
0.56,-0.14,True,-1,38,4.301666526553699e-15,2.7325267869988114e-14,1.948704779585444,0.877089256989803,True
0.58,-0.14,True,-1,38,5.1338062003693174e-15,3.2538424596325605e-14,2.0892026778588924,0.9435191229574036,True
0.6,-0.14,True,-1,38,5.850569862466858e-15,3.83247717941545e-14,2.2380015797060926,1.0135604225360297,True
0.62,-0.14,True,-1,38,6.737748160707565e-15,4.535385231975681e-14,2.3951928983198867,1.087505379554381,True
0.64,-0.14,True,-1,38,8.195230283076215e-15,5.410753478709506e-14,2.5605715664337803,1.1657654840915925,True
0.66,-0.14,True,-1,38,3.3422138886441676e-16,6.893985795736415e-16,2.7335934721616195,1.2489121104631096,True
0.68,-0.14,True,-1,38,3.387999773988765e-16,6.53079040050975e-16,2.9135182681121585,1.3377423426174213,True
0.7000000000000001,-0.14,True,-1,38,4.660953740672398e-16,5.715086942087904e-16,3.100355883513244,1.4333591877798746,True
0.72,-0.14,True,-1,38,4.577566798522237e-16,8.233877171318647e-16,3.299859237197522,1.53723191108021,True
0.74,-0.14,True,-1,38,3.2310220153306e-15,1.3337575087503461e-14,3.562867715735185,1.652173902691736,True
0.76,-0.14,False,10,11,0.0003881965575084568,0.004294518858822666,,,False
0.78,-0.14,False,6,7,0.0008279274883427334,0.00877231052047703,,,False
0.8,-0.14,False,2,3,0.000747913480433881,0.008069329676507862,,,False
0.8200000000000001,-0.14,False,0,1,0.007056446333357276,0.07284813219533745,,,False
0.84,-0.14,False,0,1,0.017168385061104012,0.1579721955572298,,,False
0.86,-0.14,False,0,1,0.029114052437473403,0.2350961107673656,,,False
0.88,-0.14,False,0,1,0.04288204139588162,0.3013399257234115,,,False
0.9,-0.14,False,0,1,0.05821537936432354,0.3557344058386144,,,False
0.92,-0.14,False,0,1,0.07474805351921485,0.39915071540602537,,,False
0.9400000000000001,-0.14,False,0,1,0.09213837582675756,0.43339246221569894,,,False
0.96,-0.14,False,0,1,0.11012478611348117,0.4603816964274514,,,False
0.98,-0.14,False,0,1,0.12852508258141918,0.4817731330274859,,,False
1.0,-0.14,False,0,1,0.14721697462319486,0.4988671163291464,,,False
0.3,-0.12,True,-1,38,5.4344963438380735e-15,3.8920149465907774e-14,2.365751316755056,0.2477684964806257,True
0.32,-0.12,True,-1,38,6.562770492126068e-15,5.009712922820782e-14,2.3426146721571093,0.27720909583466957,True
0.34,-0.12,True,-1,38,8.111089131569692e-15,7.261349210978203e-14,2.305419309550504,0.31097943003207984,True
0.36,-0.12,True,-1,38,6.937408821690989e-15,5.833866764689807e-14,2.2573173872520895,0.3441718128258664,True
0.38,-0.12,True,-1,38,4.038698538515146e-15,2.994648423925108e-14,2.2014602432632304,0.377113818565435,True
0.4,-0.12,True,-1,38,5.355387787997892e-15,4.175366965103415e-14,2.14072761893969,0.41426899300512243,True
0.42,-0.12,True,-1,38,7.013982784369202e-15,6.12300724621034e-14,2.0775781200497487,0.4553444915390523,True
0.44,-0.12,True,-1,38,1.7308889685617573e-15,9.064866216273982e-15,2.0152644644492494,0.5000826805308209,True
0.46,-0.12,True,-1,38,6.468299785250241e-15,2.3415739174617242e-14,1.9604499236533546,0.5480998084432289,True
0.48,-0.12,True,-1,38,2.480671553895456e-15,1.4864161888269652e-14,1.9254466528524883,0.5991953554367684,True
0.5,-0.12,True,-1,38,3.2393265826401967e-15,1.89956816024455e-14,1.887609678606672,0.653471246704723,True
0.52,-0.12,True,-1,38,3.862315753177849e-15,2.4045816153728078e-14,1.8501276802170086,0.7108589445753755,True
0.54,-0.12,True,-1,38,4.452067004847936e-15,2.966947493431966e-14,1.9218880743866507,0.7713441471633393,True
0.56,-0.12,True,-1,38,5.123967932556229e-15,3.558104010875968e-14,1.9951602042985872,0.8349704238391669,True
0.58,-0.12,True,-1,38,6.114610633260166e-15,4.1885554780995436e-14,2.1208561342750465,0.9018449884277899,True
0.6,-0.12,True,-1,38,6.963718493428284e-15,4.820499636308962e-14,2.2771316808839326,0.9721478334829725,True
0.62,-0.12,True,-1,38,2.618455766672135e-16,6.565794095703856e-16,2.443047024073819,1.046145966151482,True
0.64,-0.12,True,-1,38,2.5438405243138006e-16,6.225268209234175e-16,2.618438986791942,1.1242154878014712,True
0.66,-0.12,True,-1,38,3.815760786470701e-16,5.281210200817237e-16,2.8026829460293268,1.2068761688012049,True
0.68,-0.12,True,-1,38,3.3537189618722464e-16,4.813193849965949e-16,2.994670264121728,1.2948469244810197,True
0.7000000000000001,-0.12,True,-1,38,2.9057317281871776e-15,9.552470571228616e-15,3.1932275735584192,1.389138428134866,True
0.72,-0.12,True,-1,38,3.5652682413747997e-16,5.9014488674148e-16,3.399620982091227,1.491216806317824,True
0.74,-0.12,True,-1,38,3.5388086795394242e-15,9.918809826428379e-15,3.633349642061343,1.603316957013045,True
0.76,-0.12,True,-1,38,3.927683650008203e-15,1.725419715402206e-14,4.214993044385998,1.7291138958034185,True
0.78,-0.12,False,8,9,0.0023299761649825715,0.02419571969871008,,,False
0.8,-0.12,False,4,5,0.0017855189472127237,0.01822450503654168,,,False
0.8200000000000001,-0.12,False,0,1,0.003405673943898413,0.035768608546896355,,,False
0.84,-0.12,False,0,1,0.013231774512637708,0.12398114746862215,,,False
0.86,-0.12,False,0,1,0.024905363525482394,0.20463870200933443,,,False
0.88,-0.12,False,0,1,0.038470819484018655,0.27440084746608323,,,False
0.9,-0.12,False,0,1,0.053694305041150636,0.3318538709245785,,,False
0.92,-0.12,False,0,1,0.07019758657572583,0.3776825559904043,,,False
0.9400000000000001,-0.12,False,0,1,0.08761321070006724,0.4137346982221316,,,False
0.96,-0.12,False,0,1,0.10565694773071925,0.4420670584576767,,,False
0.98,-0.12,False,0,1,0.12413143349941719,0.4644675547532772,,,False
1.0,-0.12,False,0,1,0.14290536043426072,0.48233956281477436,,,False
0.3,-0.1,True,-1,38,5.53360148292245e-15,4.335745990149497e-14,2.530166923323913,0.1863171572627138,True
0.32,-0.1,True,-1,38,6.850526456694193e-15,6.202838112257614e-14,2.49656466337614,0.2177100086994912,True
0.34,-0.1,True,-1,38,9.420432087830715e-15,9.642804894278223e-14,2.4461354174974432,0.2521883943398886,True
0.36,-0.1,True,-1,38,3.707447831068869e-15,2.7096832653461048e-14,2.3833048091866975,0.29082182221842157,True
0.38,-0.1,True,-1,38,4.747440907919932e-15,3.781111976771643e-14,2.312304076035045,0.3261474738469894,True
0.4,-0.1,True,-1,38,6.545271444023091e-15,5.564398355466285e-14,2.236814555439611,0.36494321059383017,True
0.42,-0.1,True,-1,38,1.7066858081941314e-15,9.112112881790498e-15,2.159815021944035,0.4075214599396104,True
0.44,-0.1,True,-1,38,1.9573093381923792e-15,1.1746147031674821e-14,2.0880501452273186,0.4537032611215355,True
0.46,-0.1,True,-1,38,2.531736054156349e-15,1.5232982426022998e-14,2.024646815449338,0.5032462549492642,True
0.48,-0.1,True,-1,38,3.775574535931792e-15,2.003552125640916e-14,1.9924712448186677,0.555962572958788,True
0.5,-0.1,True,-1,38,4.050436301346149e-15,2.5983522265741986e-14,2.025206878663217,0.6117197579577556,True
0.52,-0.1,True,-1,38,4.9684999998160686e-15,3.289148247679676e-14,2.0929947063383203,0.6704410439137065,True
0.54,-0.1,True,-1,38,5.871862416337601e-15,4.058948732453354e-14,2.1675750170792596,0.732106057412049,True
0.56,-0.1,True,-1,38,6.549198470458751e-15,4.88560962018985e-14,2.2441275329469157,0.7966645268573367,True
0.58,-0.1,True,-1,38,7.775240393411127e-15,5.660914038072579e-14,2.3251961929023612,0.8640513207739886,True
0.6,-0.1,True,-1,38,9.682678848994769e-16,6.652645030394006e-15,2.412616677487882,0.9346983188313289,True
0.62,-0.1,True,-1,38,2.482534153247273e-16,5.13742350642961e-16,2.507152681520277,1.0088537737168264,True
0.64,-0.1,True,-1,38,4.484050470211362e-16,4.559460047248098e-16,2.682325422220262,1.0868669744022987,True
0.66,-0.1,True,-1,38,3.7341307954279784e-16,5.287304736886899e-16,2.8791589831847997,1.1692182446162493,True
0.68,-0.1,True,-1,38,3.4219371797089426e-16,5.434329084696421e-16,3.0849982321577674,1.256566763854909,True
0.7000000000000001,-0.1,True,-1,38,1.5396215689421248e-15,5.360106737012278e-15,3.297842796262702,1.3498293524967153,True
0.72,-0.1,True,-1,38,3.480531475248531e-16,4.0818543506949e-16,3.516325670389262,1.4503169995109355,True
0.74,-0.1,True,-1,38,4.518280359883027e-16,1.1348226658564186e-15,3.7474572982471965,1.5599889913684823,True
0.76,-0.1,True,-1,38,1.4970010298222869e-15,1.1392686432744081e-14,4.080077051363647,1.6819760410860418,True
0.78,-0.1,False,9,10,0.0014454017458773196,0.015013060653911127,,,False
0.8,-0.1,False,5,6,0.0011687272111919032,0.011742297033467604,,,False
0.8200000000000001,-0.1,False,1,2,0.0011150162320477794,0.01158412822980805,,,False
0.84,-0.1,False,0,1,0.009642257931708328,0.09173313092570023,,,False
0.86,-0.1,False,0,1,0.02107075197704171,0.17565181656558584,,,False
0.88,-0.1,False,0,1,0.034451014348793135,0.24870414142466896,,,False
0.9,-0.1,False,0,1,0.04957523978346412,0.30903052139101383,,,False
0.92,-0.1,False,0,1,0.06605542796757137,0.35711362637850896,,,False
0.9400000000000001,-0.1,False,0,1,0.08349934406512038,0.3948388317904948,,,False
0.96,-0.1,False,0,1,0.10160066710758359,0.42439686778511526,,,False
0.98,-0.1,False,0,1,0.12014745168800839,0.44770880978356825,,,False
1.0,-0.1,False,0,1,0.13899997071758977,0.4662789836627627,,,False
0.3,-0.08,True,-1,38,5.804051898136375e-15,5.734183671589879e-14,2.719974411630749,0.12685442181484063,True
0.32,-0.08,True,-1,38,7.870308689713656e-15,8.880315981107182e-14,2.672205317061101,0.1593765326813239,True
0.34,-0.08,True,-1,38,3.536631084920855e-15,2.6022764029589176e-14,2.6043313727050466,0.19582731063986714,True
0.36,-0.08,True,-1,38,4.300323165298887e-15,3.63749684389e-14,2.522629875744216,0.23623105342975892,True
0.38,-0.08,True,-1,38,5.915780439253078e-15,5.2739860926836677e-14,2.4327873969460057,0.27550885818687654,True
0.4,-0.08,True,-1,38,8.434224826614889e-15,7.945708689728172e-14,2.339465949685485,0.31705395178589635,True
0.42,-0.08,True,-1,38,2.258671253123692e-15,1.2202728827832159e-14,2.2478800115461057,0.36181023690493364,True
0.44,-0.08,True,-1,38,2.6255072761184257e-15,1.627945390584252e-14,2.164683687989795,0.41002403151410727,True
0.46,-0.08,True,-1,38,3.4452988297449396e-15,2.1952662010549485e-14,2.1922999314021197,0.4614610137414994,True
0.48,-0.08,True,-1,38,4.652537417791657e-15,2.884739926003912e-14,2.2518548888973977,0.5158619641880433,True
0.5,-0.08,True,-1,38,5.51535134933616e-15,3.749946677845414e-14,2.321023201005261,0.5727875312625694,True
0.52,-0.08,True,-1,38,6.48245714544832e-15,4.761513345322086e-14,2.3991393232839586,0.6325400727907295,True
0.54,-0.08,True,-1,38,7.97035799839747e-15,5.854691605572616e-14,2.4758771444904215,0.6950935216968974,True
0.56,-0.08,True,-1,38,3.3537189618722464e-16,5.750476632637049e-16,2.5552867854191175,0.7604804539044001,True
0.58,-0.08,True,-1,38,2.391654643720554e-16,6.770395096664493e-16,2.6408420214590733,0.8287948759322028,True
0.6,-0.08,True,-1,38,8.496108186436517e-16,3.681147313609232e-15,2.735029367135675,0.9001982395884989,True
0.62,-0.08,True,-1,38,2.618455766672135e-16,6.44469576380532e-16,2.8388604142468576,0.9749299448507964,True
0.64,-0.08,True,-1,38,3.3422138886441676e-16,5.190402332010546e-16,2.9512358280661166,1.0533243244116106,True
0.66,-0.08,True,-1,38,3.8956806801599406e-16,5.995680724057284e-16,3.0681202435028565,1.1358145176228758,True
0.68,-0.08,True,-1,38,3.521787733787174e-16,6.606582534594381e-16,3.1850590839658754,1.2227233008138068,True
0.7000000000000001,-0.08,True,-1,38,4.335559509131367e-16,4.101075271148057e-15,3.4148011857046834,1.3152110092677307,True
0.72,-0.08,True,-1,38,3.4219371797089426e-16,4.669908750365124e-16,3.6493480747437324,1.4144715320702164,True
0.74,-0.08,True,-1,38,3.8956806801599406e-16,6.116200592851265e-16,3.8890644269155272,1.522260538070568,True
0.76,-0.08,True,-1,38,4.557326905135504e-15,2.081521255441879e-14,4.1692941372546,1.6413203336007558,True
0.78,-0.08,False,10,11,0.00019997540288252996,0.002083475698503754,,,False
0.8,-0.08,False,6,7,0.0008990058522011131,0.008909783721305818,,,False
0.8200000000000001,-0.08,False,3,4,0.0025387546277012034,0.02459623550572548,,,False
0.84,-0.08,False,0,1,0.006382678214714807,0.06147130392576607,,,False
0.86,-0.08,False,0,1,0.017597214201706304,0.14837601104336123,,,False
0.88,-0.08,False,0,1,0.030815345639299538,0.22446190108659766,,,False
0.9,-0.08,False,0,1,0.04585606249893487,0.2874356796306119,,,False
0.92,-0.08,False,0,1,0.06232308022276241,0.33757557756769374,,,False
0.9400000000000001,-0.08,False,0,1,0.07980043334531566,0.3768040840361926,,,False
0.96,-0.08,False,0,1,0.09796068501668824,0.40744670158068136,,,False
0.98,-0.08,False,0,1,0.11657832112681236,0.43155574150690396,,,False
1.0,-0.08,False,0,1,0.13550606799415602,0.4507327217426051,,,False
0.3,-0.06,True,-1,38,9.391766624922179e-15,1.3000603535592463e-13,2.9388626898109123,0.06917290798757314,True
0.32,-0.06,True,-1,38,2.8877805767053584e-15,2.8421352961332796e-14,2.8717836465599085,0.10313624615147798,True
0.34,-0.06,True,-1,38,4.105597577243966e-15,4.1835381907888353e-14,2.7808401754853476,0.14199623540512807,True
0.36,-0.06,True,-1,38,6.042959960361473e-15,6.030096765806324e-14,2.6749947930287146,0.18332606740727098,True
0.38,-0.06,True,-1,38,1.569356305267353e-15,1.029486798843328e-14,2.5618482974317396,0.22492035588171122,True
0.4,-0.06,True,-1,38,2.078937081346955e-15,1.454998224514466e-14,2.4491067173674437,0.2690462659017818,True
0.42,-0.06,True,-1,38,3.0634725437001327e-15,1.9685310046257394e-14,2.4195100798798874,0.3167463849243899,True
0.44,-0.06,True,-1,38,4.243086814233987e-15,5.2035588260261454e-14,2.488118038851279,0.36772618392011847,True
0.46,-0.06,True,-1,38,5.127800341738166e-15,4.753848873730558e-14,2.5418633686989867,0.4213300166744398,True
0.48,-0.06,True,-1,38,6.425700498134742e-15,4.386196728872643e-14,2.6305088932238774,0.47763324795579853,True
0.5,-0.06,True,-1,38,8.162074339303091e-15,5.63457058611744e-14,2.717707982574027,0.5362303680771392,True
0.52,-0.06,True,-1,38,9.488033538385094e-15,7.076816184581263e-14,2.7968713743229956,0.5974798089499713,True
0.54,-0.06,True,-1,38,5.016719519194698e-15,1.9847781041079134e-14,2.8740499442069933,0.6613593014008989,True
0.56,-0.06,True,-1,38,4.0125770192081414e-16,5.344844190944855e-16,2.9550315401841587,0.7279052319537123,True
0.58,-0.06,True,-1,38,3.6874198848753157e-16,7.294067322468304e-16,3.0447226330944344,0.7970211512740439,True
0.6,-0.06,True,-1,38,7.301351988545593e-16,2.880913896568144e-15,3.146558474965533,0.8688792202929105,True
0.62,-0.06,True,-1,38,2.5438405243138006e-16,5.567719556710649e-16,3.2618299483887747,0.9439049013901042,True
0.64,-0.06,True,-1,38,3.3335590258932494e-16,5.529457008325533e-16,3.388801800546004,1.0224173988198282,True
0.66,-0.06,True,-1,38,3.57874756446653e-16,6.647384323342846e-16,3.5215617894372286,1.104849020633509,True
0.68,-0.06,True,-1,38,3.521787733787174e-16,7.262635294277263e-16,3.6487319780710603,1.191783181148624,True
0.7000000000000001,-0.06,True,-1,38,7.731808680624463e-16,5.967070286956198e-15,3.7525468764726266,1.2840158840281937,True
0.72,-0.06,True,-1,38,2.665835984225005e-16,7.322685076314692e-16,3.896229494053838,1.3826592996016174,True
0.74,-0.06,True,-1,38,3.387999773988765e-16,9.796025606061427e-16,4.0546419205375654,1.489327062696283,True
0.76,-0.06,True,-1,38,9.053594779595603e-16,3.269667264388365e-15,4.323600853007379,1.6064950165092111,True
0.78,-0.06,True,-1,38,6.665153446786783e-15,5.4346535535439436e-14,4.891515517063712,1.737906754930139,True
0.8,-0.06,False,7,8,0.001094815180569444,0.010694452488432659,,,False
0.8200000000000001,-0.06,False,4,5,0.00277682358039025,0.026042656607505613,,,False
0.84,-0.06,False,0,1,0.0034380827435827165,0.0334203102845326,,,False
0.86,-0.06,False,0,1,0.014472980725251704,0.1230386449717316,,,False
0.88,-0.06,False,0,1,0.027557203983170558,0.20187762157999614,,,False
0.9,-0.06,False,0,1,0.042535103351149385,0.2672338098868444,,,False
0.92,-0.06,False,0,1,0.059002379543882225,0.3191931389024886,,,False
0.9400000000000001,-0.06,False,0,1,0.076520300463451,0.35972341710549277,,,False
0.96,-0.06,False,0,1,0.09474175682145548,0.39128660161973505,,,False
0.98,-0.06,False,0,1,0.1134291191643287,0.4160625229392297,,,False
1.0,-0.06,False,0,1,0.1324287234037154,0.43574421733894286,,,False
0.3,-0.04,True,-1,38,7.373181288914699e-15,1.0457153938189982e-13,3.190605544736479,0.012754185413749841,True
0.32,-0.04,True,-1,38,3.816764058338737e-14,5.48900932772634e-13,3.0964548812822037,0.04967587604897572,True
0.34,-0.04,True,-1,38,6.3227336801326164e-15,8.511854500408098e-14,2.9757214263344007,0.08945753637181753,True
0.36,-0.04,True,-1,38,1.1833001385185966e-15,9.713601033343752e-15,2.8423999200514416,0.13297711100443532,True
0.38,-0.04,True,-1,38,1.7809181847197557e-15,1.39068348900254e-14,2.705300843723844,0.17622054657864972,True
0.4,-0.04,True,-1,38,3.1098633102975672e-15,2.0223718979969607e-14,2.7447244904180756,0.223351222810257,True
0.42,-0.04,True,-1,38,4.647215082646886e-15,3.1665701871392016e-14,2.8669479019623068,0.27389181914997973,True
0.44,-0.04,True,-1,38,5.605526935861305e-15,3.9134152411063436e-14,2.955624306579514,0.32687647476693105,True
0.46,-0.04,True,-1,38,2.738393841554962e-15,3.5163223225153006e-14,3.0606293474468727,0.3826075518785146,True
0.48,-0.04,True,-1,38,2.7830760782526492e-15,4.6793137841630113e-14,3.1699283499085706,0.440958012678196,True
0.5,-0.04,True,-1,38,2.4375969856445713e-15,1.3218278751665327e-14,3.2585592591849566,0.501797459903865,True
0.52,-0.04,True,-1,38,4.588597728828869e-15,1.435314151772841e-14,3.3349540197919048,0.5647288063926359,True
0.54,-0.04,True,-1,38,4.577566798522237e-16,1.6448227703928958e-15,3.408364140436322,0.6299949702009275,True
0.56,-0.04,True,-1,38,3.966717490021657e-16,1.8059889932090114e-15,3.494191194483647,0.6976643458699914,True
0.58,-0.04,True,-1,38,4.910462595695867e-16,1.99253541821371e-15,3.600189659655757,0.7676171077451701,True
0.6,-0.04,True,-1,38,9.428728770778955e-16,4.722708835812241e-15,3.70557950935698,0.8403457495020741,True
0.62,-0.04,True,-1,38,5.649129063713848e-16,2.0928910638509296e-15,3.819663942075564,0.916080623610118,True
0.64,-0.04,True,-1,38,4.484050470211362e-16,2.12378050449036e-15,3.965706152472739,0.9951364466497956,True
0.66,-0.04,True,-1,38,5.3533015581491455e-16,2.4172974995175655e-15,4.118784584983748,1.077934476185095,True
0.68,-0.04,True,-1,38,7.447602459741819e-16,3.003389601736048e-15,4.261495644967579,1.1647115799298602,True
0.7000000000000001,-0.04,True,-1,38,8.993834424997154e-16,3.2052448839204816e-15,4.367546491853136,1.2564945636431943,True
0.72,-0.04,True,-1,38,5.3533015581491455e-16,2.5114795486412806e-15,4.487786847842048,1.3543720107207577,True
0.74,-0.04,True,-1,38,5.087681048627601e-16,2.425363029877292e-15,4.604960919539585,1.4598347045655566,True
0.76,-0.04,True,-1,38,4.770084562664331e-15,1.7153322864836613e-14,4.599635731072218,1.5751344302654238,True
0.78,-0.04,True,-1,38,3.3221290682800174e-15,1.465359395445745e-14,4.9009547742391035,1.7039442848914867,True
0.8,-0.04,False,8,9,0.0015789919342692913,0.015184516314724304,,,False
0.8200000000000001,-0.04,False,4,5,0.00037654831490877873,0.0035544014826705784,,,False
0.84,-0.04,False,0,1,0.000796093077262231,0.007787060003828683,,,False
0.86,-0.04,False,0,1,0.011688125537848672,0.09985168884943704,,,False
0.88,-0.04,False,0,1,0.024671250565159494,0.18114229099684434,,,False
0.9,-0.04,False,0,1,0.039611606681633105,0.24857813601642176,,,False
0.92,-0.04,False,0,1,0.05609574332782492,0.3020811309676077,,,False
0.9400000000000001,-0.04,False,0,1,0.07366307983844449,0.3436808160501207,,,False
0.96,-0.04,False,0,1,0.09194871948900259,0.3759790869007447,,,False
0.98,-0.04,False,0,1,0.11070481520812668,0.4012778484063597,,,False
1.0,-0.04,False,0,1,0.129772784171285,0.4213528877058986,,,False
0.3,-0.02,False,0,1,0.002283031578728604,0.032110736867035417,,,False
0.32,-0.02,False,2,3,0.0002442850027571435,0.0034238560418792348,,,False
0.34,-0.02,True,-1,38,1.6478959984131287e-15,1.0064448550506057e-14,3.2132319858191587,0.04031165659757363,True
0.36,-0.02,True,-1,38,1.9985941820837785e-15,1.2480714653516829e-14,3.036695681587599,0.0852930295498453,True
0.38,-0.02,True,-1,38,1.813269864377029e-15,1.5875090249054083e-14,3.1488620415301782,0.13122714861828655,True
0.4,-0.02,True,-1,38,2.62231441029382e-15,2.086272697267982e-14,3.381751948153604,0.18086358993810903,True
0.42,-0.02,True,-1,38,3.913437736538976e-15,2.843114516006208e-14,3.5629794546781635,0.23369164313502067,True
0.44,-0.02,True,-1,38,5.463267511859146e-15,3.996422115375255e-14,3.6826796072978385,0.28932955993004583,True
0.46,-0.02,True,-1,38,8.012905371086174e-15,5.650428902558795e-14,3.837355491906862,0.34750395079985674,True
0.48,-0.02,True,-1,38,3.1705810094876326e-15,2.675496440037663e-14,3.9563527717284597,0.4074915509087127,True
0.5,-0.02,True,-1,38,3.7635168636531295e-15,4.866198703143065e-14,4.040842755734473,0.469688544858899,True
0.52,-0.02,True,-1,38,2.5517399062166988e-15,1.1874840934241751e-14,4.104839229009354,0.5341302348561769,True
0.54,-0.02,True,-1,38,2.7482575321289347e-15,1.183669554623255e-14,4.198879050316142,0.6008214653602448,True
0.56,-0.02,True,-1,38,2.8757592613860082e-15,1.2047991647880077e-14,4.315308319746552,0.6698225477881623,True
0.58,-0.02,True,-1,38,2.826447515445292e-15,1.2609159187344966e-14,4.427839309248041,0.7409557288048982,True
0.6,-0.02,True,-1,38,3.115061063895963e-15,1.3298052381541999e-14,4.53865582623743,0.8145881970444349,True
0.62,-0.02,True,-1,38,3.1701026163298257e-15,1.3515983915551037e-14,4.643602863239152,0.8910724479108092,True
0.64,-0.02,True,-1,38,3.2275629314075537e-15,1.2824247932694171e-14,4.761126197742478,0.9705861923873422,True
0.66,-0.02,True,-1,38,4.972277936930701e-15,1.497237140865606e-14,4.940405375127694,1.0534308290183472,True
0.68,-0.02,True,-1,38,3.3879997739887654e-15,1.5012747996850846e-14,5.098413133162318,1.1404010489932455,True
0.7000000000000001,-0.02,True,-1,38,1.3352278268217991e-15,4.347827365255556e-15,5.193972876970745,1.2322211139560382,True
0.72,-0.02,True,-1,38,1.3183898417423734e-15,6.377742844625125e-15,5.269753311420556,1.329884000699183,True
0.74,-0.02,True,-1,38,2.347931402919179e-15,7.400615052384633e-15,5.375114193807098,1.4347990820250909,True
0.76,-0.02,True,-1,38,3.3074658323810556e-15,1.5707907058073474e-14,5.300922385061167,1.548968846374143,True
0.78,-0.02,True,-1,38,2.659045347504068e-15,1.3524301386666399e-14,5.112050871320253,1.6754979820203946,True
0.8,-0.02,False,9,10,0.0019018882522228817,0.018030040218950286,,,False
0.8200000000000001,-0.02,False,5,6,0.0013912550946819154,0.012707167417223044,,,False
0.84,-0.02,False,2,3,0.0024784032072138287,0.022454016145134797,,,False
0.86,-0.02,False,0,1,0.009235071571713632,0.0790103676198659,,,False
0.88,-0.02,False,0,1,0.022153983683315864,0.16243074776294927,,,False
0.9,-0.02,False,0,1,0.03708616238990864,0.23160648190246574,,,False
0.92,-0.02,False,0,1,0.05360648196428512,0.286339860767704,,,False
0.9400000000000001,-0.02,False,0,1,0.07123334922855967,0.32874847011360114,,,False
0.96,-0.02,False,0,1,0.08958652968957671,0.361577457489561,,,False
0.98,-0.02,False,0,1,0.10841029537206,0.38724311373265846,,,False
1.0,-0.02,False,0,1,0.1275428514435147,0.4075935153334794,,,False
0.3,0.0,False,0,1,0.007596992549846508,0.10649663249265451,,,False
0.32,0.0,False,0,1,0.0041615511416352525,0.05879040894853571,,,False
0.34,0.0,False,0,1,0.00019784780759581918,0.002752146754388192,,,False
0.36,0.0,True,-1,38,5.6812212377266924e-15,9.278025210516354e-14,3.7775751562981053,0.04173088926329216,True
0.38,0.0,True,-1,38,3.825747685566031e-15,2.3953932611209215e-14,4.1440978770750085,0.09051639055084548,True
0.4,0.0,True,-1,38,4.065220740230227e-15,1.995113045803527e-14,4.458160188583253,0.14274072139028116,True
0.42,0.0,True,-1,38,4.1888855961130316e-15,2.3790424375020692e-14,4.689785759896273,0.19788015997144237,True
0.44,0.0,True,-1,38,2.6012246488174904e-15,1.8427891366467228e-14,4.8568154722927375,0.25556098877900313,True
0.46,0.0,True,-1,38,2.3263411494723065e-15,2.0418747523085577e-14,5.0734613692525565,0.3155277561983443,True
0.48,0.0,True,-1,38,1.1226435567921847e-15,9.46911066492565e-15,5.2074950901709665,0.3776183800291335,True
0.5,0.0,True,-1,38,4.137187111402224e-15,2.1607113110826925e-14,5.273735374522581,0.4417459518764586,True
0.52,0.0,True,-1,38,5.6572415179217816e-15,5.24582217046828e-14,5.338199463266062,0.5073972879054187,True
0.54,0.0,True,-1,38,3.3450938666784586e-16,1.3261566250328936e-15,5.481049378711189,0.5750361330166083,True
0.56,0.0,True,-1,38,3.9686591041810096e-15,1.5747146604167633e-14,5.601060307018709,0.6448340421655645,True
0.58,0.0,True,-1,38,3.782607400040566e-15,1.403887939215844e-14,5.7112329024872,0.7169149189565562,True
0.6,0.0,True,-1,38,3.975986206938842e-15,1.5497481394823664e-14,5.81562432680187,0.791458073826697,True
0.62,0.0,True,-1,38,1.588036780880486e-15,4.954396794066562e-15,5.9059052686516305,0.8687055755549273,True
0.64,0.0,True,-1,38,2.8907885043608476e-15,1.3304029133326399e-14,5.959575845621257,0.9487080445950684,True
0.66,0.0,True,-1,38,3.708778749273438e-15,1.4870240038051717e-14,6.140170061581913,1.0320237849215803,True
0.68,0.0,True,-1,38,1.3592441265831078e-15,4.589516373231976e-15,6.303975981012373,1.1193097239879357,True
0.7000000000000001,0.0,True,-1,38,6.1110346576206466e-15,2.5021766801361493e-14,6.35136484030195,1.2112709715237724,True
0.72,0.0,True,-1,38,2.817507088371548e-15,1.6909818665258012e-14,6.346994080694968,1.3086700998806624,True
0.74,0.0,True,-1,38,8.686430990988366e-15,2.875813936992141e-14,6.403452013819615,1.412825506089247,True
0.76,0.0,True,-1,38,3.5205912711286304e-15,1.0054553825852855e-14,6.186725263557549,1.5259069066505375,True
0.78,0.0,True,-1,38,6.5368689618477294e-15,2.4313186508784092e-14,5.920845129309562,1.651025756352799,True
0.8,0.0,False,9,10,0.000280958438929107,0.0026612423203898504,,,False
0.8200000000000001,0.0,False,6,7,0.0027999841015799005,0.024773867686316738,,,False
0.84,0.0,False,2,3,0.000513543795793594,0.004646738095328444,,,False
0.86,0.0,False,0,1,0.0071090477018873515,0.06069178750792789,,,False
0.88,0.0,False,0,1,0.020004265058458776,0.14589802812672173,,,False
0.9,0.0,False,0,1,0.034961105903560864,0.2164369170863641,,,False
0.92,0.0,False,0,1,0.051538964733390376,0.2720524508382905,,,False
0.9400000000000001,0.0,False,0,1,0.06923621387244444,0.3149842602671873,,,False
0.96,0.0,False,0,1,0.087660256631512,0.3481246913134672,,,False
0.98,0.0,False,0,1,0.10655031247189092,0.3739922801615911,,,False
1.0,0.0,False,0,1,0.1257433026808506,0.39449399492869386,,,False
0.3,0.02,False,0,1,0.012547218190645424,0.17547347889349146,,,False
0.32,0.02,False,0,1,0.00873150136834967,0.12337683769736797,,,False
0.34,0.02,False,0,1,0.004510288731963296,0.0628637189331788,,,False
0.36,0.02,True,-1,38,1.9567426688833562e-13,2.6330569113410795e-12,5.249269857114759,0.0008673816700190962,True
0.38,0.02,True,-1,38,3.674653728732517e-15,3.6986819101151425e-14,5.778439622656032,0.05414481633149437,True
0.4,0.02,True,-1,38,3.4246376435092387e-15,1.7890939780695644e-14,6.281497882413961,0.10957519644341618,True
0.42,0.02,True,-1,38,4.308212557422826e-15,2.251193145413739e-14,6.660158584719875,0.16695452322630144,True
0.44,0.02,True,-1,38,2.5123012585567537e-15,1.3492260550566272e-14,6.89177464000717,0.22657825096699513,True
0.46,0.02,True,-1,38,6.018865528812212e-16,5.6574235574909085e-15,7.284503849981488,0.2882241381124242,True
0.48,0.02,True,-1,38,2.2928982745271344e-15,1.0431672077069465e-14,7.478692374675496,0.35176179988450595,True
0.5,0.02,True,-1,38,4.692570652096164e-15,2.866644822330081e-14,7.496293643214005,0.4171323494859651,True
0.52,0.02,True,-1,38,4.144349869043371e-15,2.0917631682913514e-14,7.590032672974183,0.48433524518289417,True
0.54,0.02,True,-1,38,6.458112468200042e-16,3.4431107326886627e-15,7.766119561193057,0.5534205439658111,True
0.56,0.02,True,-1,38,5.332687815266592e-16,2.104274356993748e-15,7.872959413523093,0.6240403487511912,True
0.58,0.02,True,-1,38,4.0568799687696176e-16,1.746027920959686e-15,7.945125687353996,0.696708219125791,True
0.6,0.02,True,-1,38,3.4134844607150005e-16,1.1862591817166957e-15,7.994023411000917,0.7717185186512701,True
0.62,0.02,True,-1,38,3.394388883480595e-16,1.3264129210543793e-15,8.00178954938988,0.8493159198897613,True
0.64,0.02,True,-1,38,4.809330545634715e-15,1.9582243226623087e-14,7.9229426959442,0.9298163356507854,True
0.66,0.02,True,-1,38,1.0532500405730103e-15,4.4622324583244976e-15,8.0488518793502,1.0136259954995457,True
0.68,0.02,True,-1,38,6.050082834085387e-16,2.743735958476943e-15,8.169301985173973,1.1012709483492618,True
0.7000000000000001,0.02,True,-1,38,5.066818149359798e-16,2.0003499927400845e-15,8.050545892335462,1.1931893578808024,True
0.72,0.02,True,-1,38,8.170529156506484e-16,2.664880679608864e-15,7.91169798580289,1.2904164563425244,True
0.74,0.02,True,-1,38,3.342818889848683e-15,1.3089155288229553e-14,7.818000161863108,1.3943781860209763,True
0.76,0.02,True,-1,38,2.73417074670429e-15,8.793701525809133e-15,7.3017200025031705,1.5069582794751093,True
0.78,0.02,True,-1,38,1.341061303271015e-15,6.747020943598618e-15,6.947007447890389,1.6311012807535987,True
0.8,0.02,False,10,11,0.00023885599946511525,0.002234398636650663,,,False
0.8200000000000001,0.02,False,6,7,0.0014400183255602538,0.01269227231276421,,,False
0.84,0.02,False,3,4,0.002366119201862232,0.020191336543806625,,,False
0.86,0.02,False,0,1,0.005308479722173856,0.045053598966237535,,,False
0.88,0.02,False,0,1,0.01822378675758439,0.13167557283131986,,,False
0.9,0.02,False,0,1,0.03324085272675302,0.20316329976662237,,,False
0.92,0.02,False,0,1,0.049898797705387035,0.25928084334522433,,,False
0.9400000000000001,0.02,False,0,1,0.06767731417509085,0.3024300209634975,,,False
0.96,0.02,False,0,1,0.08617509303088154,0.33565127441482834,,,False
0.98,0.02,False,0,1,0.10512944667173109,0.36155109469135743,,,False
1.0,0.02,False,0,1,0.1243781367887843,0.3820784036660668,,,False
0.3,0.04,False,0,1,0.016979056832149026,0.23729544358380042,,,False
0.32,0.04,False,0,1,0.012791990859894313,0.1807543621417039,,,False
0.34,0.04,False,0,1,0.008309043517981953,0.11580040335860342,,,False
0.36,0.04,False,0,1,0.00325546184635843,0.043474884899214875,,,False
0.38,0.04,True,-1,38,2.089528973758075e-15,1.8829937797462508e-14,8.59500297127825,0.02185631282199152,True
0.4,0.04,True,-1,38,4.0354127669942815e-15,2.5750612429131628e-14,9.463894694644631,0.08064623532724458,True
0.42,0.04,True,-1,38,3.1470465751267364e-15,1.7814489036274375e-14,10.564470103868954,0.14141940458714908,False
0.44,0.04,True,-1,38,3.138413463811582e-15,1.942850744846276e-14,11.15602421443115,0.20280699055395823,False
0.46,0.04,True,-1,38,4.159577523613544e-15,2.9177051359609485e-14,11.787411025051895,0.26593664505255976,False
0.48,0.04,True,-1,38,1.6690295999013937e-15,1.7197864694903007e-14,12.541201288393077,0.33073863118988145,False
0.5,0.04,True,-1,38,3.645296024714182e-15,1.3452408860842477e-14,12.568989654304714,0.39718584908740695,False
0.52,0.04,True,-1,38,3.789017310258718e-15,2.548308763471113e-14,12.196877672512889,0.46530332497533866,False
0.54,0.04,True,-1,38,4.619198271115595e-15,1.9322479265614637e-14,12.632697284294904,0.5351612766338278,False
0.56,0.04,True,-1,38,1.0311672620366654e-15,4.860478792326274e-15,12.719011454291547,0.6068723618766545,False
0.58,0.04,True,-1,38,7.198078238591021e-16,3.467455439854774e-15,12.603072831501608,0.6805924111106192,False
0.6,0.04,True,-1,38,1.197376464964327e-15,3.9690145946101845e-15,12.356507165879737,0.7561151401999899,False
0.62,0.04,True,-1,38,5.036743249531999e-15,1.9028602239299054e-14,11.956668568509743,0.8340123354718836,False
0.64,0.04,True,-1,38,5.630774521278122e-16,2.935607009888424e-15,11.323534993184193,0.9147171826440004,False
0.66,0.04,True,-1,38,1.329970755006984e-15,7.343171212392238e-15,11.510026157545541,0.9986318798421969,False
0.68,0.04,True,-1,38,3.444376352465766e-16,2.7223628711296743e-15,11.34203342196292,1.0862732121120453,False
0.7000000000000001,0.04,True,-1,38,4.475989973903898e-16,3.6366524841974255e-15,10.645107424581264,1.1783166521052153,False
0.72,0.04,True,-1,38,1.9499927750540747e-15,1.4684905992862554e-14,10.341540190779702,1.2756674224284597,False
0.74,0.04,True,-1,38,3.5551252101777283e-16,8.298929374134914e-16,9.80390321723892,1.3795808708554214,True
0.76,0.04,True,-1,38,3.64354550155689e-15,9.293482179578305e-15,8.869845830676795,1.491618208965845,True
0.78,0.04,True,-1,38,5.978733960281817e-16,2.8523250251348203e-15,8.240528810645987,1.6146508965641997,True
0.8,0.04,True,-1,38,9.022806261216156e-15,3.144458506253732e-14,7.1224293475331315,1.7536026834961056,True
0.8200000000000001,0.04,False,6,7,0.00041401040516396,0.003622377098579311,,,False
0.84,0.04,False,3,4,0.0011350888319881227,0.009597725824829362,,,False
0.86,0.04,False,0,1,0.0038353728121469973,0.03223185159346273,,,False
0.88,0.04,False,0,1,0.01681748193401027,0.11986681108272743,,,False
0.9,0.04,False,0,1,0.03193212139215453,0.19185099194325342,,,False
0.92,0.04,False,0,1,0.048692872127820454,0.24806279661785666,,,False
0.9400000000000001,0.04,False,0,1,0.06656280011938184,0.2911095149241992,,,False
0.96,0.04,False,0,1,0.08513623104709024,0.32417576368055206,,,False
0.98,0.04,False,0,1,0.10415205044536875,0.3499363669324412,,,False
1.0,0.04,False,0,1,0.12345100995184015,0.37036394891402913,,,False
0.3,0.06,False,0,1,0.020702900775052442,0.2897077363946253,,,False
0.32,0.06,False,0,1,0.01620681421900681,0.22898023939675044,,,False
0.34,0.06,False,0,1,0.01149672024700255,0.15987225216230405,,,False
0.36,0.06,False,0,1,0.006276097183289545,0.08336099173723348,,,False
0.38,0.06,False,21,22,0.0005275855315714642,0.00569949324990113,,,False
0.4,0.06,True,-1,38,5.276936431389225e-15,2.8297669699523036e-14,16.676798414027775,0.05713597795409209,False
0.42,0.06,True,-1,38,3.0802749667884713e-15,1.751236298903456e-14,18.40882382691037,0.11984557096378268,False
0.44,0.06,True,-1,38,2.3692029931849653e-15,1.3558810013255885e-14,22.354529477666816,0.1839726747951751,False
0.46,0.06,True,-1,38,3.3907290415301834e-15,1.4658205124685167e-14,25.05329877349392,0.2489875566737223,False
0.48,0.06,True,-1,38,2.7562834560814574e-15,1.9380281384153395e-14,25.08658353255701,0.31480456287309844,False
0.5,0.06,True,-1,38,5.187267588241172e-15,1.613007533922932e-14,30.190603811344015,0.3821096517394329,False
0.52,0.06,True,-1,38,4.311683727638324e-15,3.224930448264196e-14,29.820799099576593,0.4509518070005294,False
0.54,0.06,True,-1,38,1.0518090645666817e-15,4.328430158288031e-15,26.12810598553367,0.521419684840037,False
0.56,0.06,True,-1,38,2.502202568392619e-15,8.338086505092572e-15,24.636717290046864,0.5936399166291437,False
0.58,0.06,True,-1,38,8.064654625088228e-16,3.725455260815103e-15,24.301130352680914,0.6677785951695225,False
0.6,0.06,True,-1,38,1.1644944284293733e-15,5.951768529286701e-15,22.47384439026898,0.7440458328432187,False
0.62,0.06,True,-1,38,1.880888278140122e-15,9.860973622665802e-15,19.962212980042743,0.8227037875313663,False
0.64,0.06,True,-1,38,2.7200464103316335e-15,1.531640051094003e-14,19.99377676717471,0.9036967408708558,False
0.66,0.06,True,-1,38,2.556528086932065e-15,9.643229388740249e-15,19.229829225166363,0.9877002418666418,False
0.68,0.06,True,-1,38,5.836925621952896e-16,8.288717776227092e-16,17.279728434409126,1.0753513572790516,False
0.7000000000000001,0.06,True,-1,38,1.44619350716613e-15,6.351375757432884e-15,14.932573551038624,1.1673142725540657,False
0.72,0.06,True,-1,38,3.469446951953614e-16,4.560810160884924e-16,14.40158554552048,1.2644749025950832,False
0.74,0.06,True,-1,38,3.7910753368918623e-16,1.49609330286266e-15,12.516539534911862,1.368055875715924,False
0.76,0.06,True,-1,38,3.3422138886441676e-16,7.101102482837662e-16,11.309236037096678,1.479823547893592,False
0.78,0.06,True,-1,38,4.992629397945716e-16,2.2797835815255827e-15,9.794193671770982,1.6024962157909002,True
0.8,0.06,True,-1,38,3.983505314517574e-15,2.6145783170545552e-14,8.429683256876341,1.7406598191526315,True
0.8200000000000001,0.06,False,7,8,0.0031318667170665755,0.02624610483666018,,,False
0.84,0.06,False,3,4,0.00024556913985083177,0.002049217296303351,,,False
0.86,0.06,False,0,1,0.0026956862652729725,0.02233777399021596,,,False
0.88,0.06,False,0,1,0.015793827709691417,0.11054232294063192,,,False
0.9,0.06,False,0,1,0.031044032993193683,0.1825324911916851,,,False
0.92,0.06,False,0,1,0.04792926656353491,0.2384100357110419,,,False
0.9400000000000001,0.06,False,0,1,0.06589918973192498,0.2810279156376689,,,False
0.96,0.06,False,0,1,0.08454877463645455,0.3137038832911272,,,False
0.98,0.06,False,0,1,0.10362212159043707,0.3391570429122198,,,False
1.0,0.06,False,0,1,0.12296512423301165,0.35936240266847475,,,False
0.3,0.08,False,0,1,0.02351053253800704,0.32993177998845213,,,False
0.32,0.08,False,0,1,0.01882305919045932,0.26577260539745146,,,False
0.34,0.08,False,0,1,0.01395848243818125,0.19317381920298674,,,False
0.36,0.08,False,0,1,0.008600514207058922,0.11306702814494816,,,False
0.38,0.08,False,0,1,0.002245845479387008,0.02698655575465374,,,False
0.4,0.08,True,-1,38,4.307622637887617e-15,2.664483210402793e-14,37.347536380413004,0.040403178611518875,False
0.42,0.08,True,-1,38,9.05040333547567e-16,5.780379110121652e-15,40.907634053389415,0.10458389478253105,False
0.44,0.08,True,-1,38,3.009432764406106e-16,9.018032481554978e-16,21.714758836077756,0.16991370683679463,False
0.46,0.08,True,-1,38,3.3422138886441676e-16,7.1756241404907e-16,5.07860701283509,0.23638334630222335,True
0.48,0.08,True,-1,38,3.983674527587667e-16,1.9424421315552603e-15,14.61557944040127,0.30402748150530723,False
0.5,0.08,True,-1,38,1.3557860034576945e-15,1.0448662230295501e-14,31.194967892393027,0.37207219725585405,False
0.52,0.08,True,-1,38,3.925231146709438e-16,1.811819458481112e-15,42.52653589586312,0.4414134124415403,False
0.54,0.08,True,-1,38,2.830524433501838e-16,6.954076172524559e-16,28.210532724977394,0.5123000782286717,False
0.56,0.08,True,-1,38,1.825984136834653e-15,1.2440942245533324e-14,21.645041212159718,0.5848693268597374,False
0.58,0.08,True,-1,38,7.783400934483315e-16,5.24991642310671e-15,12.366637733467831,0.6592949377950905,False
0.6,0.08,True,-1,38,3.4618057540754037e-16,1.8942804142226462e-15,4.924781646606484,0.7357923426561912,True
0.62,0.08,True,-1,38,1.4988010832439613e-15,5.041747680890499e-15,23.725827889322023,0.8146268899489781,False
0.64,0.08,True,-1,38,5.667848928154234e-16,1.1902404971392814e-15,39.422594392514156,0.8961263653388434,False
0.66,0.08,True,-1,38,1.5908085827417539e-15,1.0948474808614295e-14,39.65177580417318,0.9806995807032417,False
0.68,0.08,True,-1,38,2.498001805406602e-16,6.119307309879645e-16,26.11044931222095,1.0684993202570359,False
0.7000000000000001,0.08,True,-1,38,1.387848167985848e-15,7.531237441971447e-15,26.0379256107193,1.1604174452904634,False
0.72,0.08,True,-1,38,3.4050107584574765e-16,5.370195216768605e-16,21.218910313074517,1.2574654062085344,False
0.74,0.08,True,-1,38,1.3413619579722565e-15,6.428157555386938e-15,16.91074551528469,1.360846135791787,False
0.76,0.08,True,-1,38,2.8402037905872067e-15,2.0498451345595323e-14,14.762417868547793,1.4722915039914901,False
0.78,0.08,True,-1,38,2.352939941091603e-15,8.905788519885462e-15,11.688926018920093,1.5944550105726762,False
0.8,0.08,True,-1,38,2.7095470005157953e-15,2.1639117318508846e-14,9.948461766240742,1.7317852879251188,True
0.8200000000000001,0.08,False,7,8,0.0028696842948032135,0.023672198955413497,,,False
0.84,0.08,False,4,5,0.003911946528097055,0.030520843902692472,,,False
0.86,0.08,False,0,1,0.001899716112267173,0.015452870047146298,,,False
0.88,0.08,False,0,1,0.015165035518409755,0.10373405870562842,,,False
0.9,0.08,False,0,1,0.030588001760844148,0.1752040372204859,,,False
0.92,0.08,False,0,1,0.04761705502717277,0.23030652109322436,,,False
0.9400000000000001,0.08,False,0,1,0.0656931751774608,0.27217152784408677,,,False
0.96,0.08,False,0,1,0.08441756654625802,0.30422935783854776,,,False
0.98,0.08,False,0,1,0.10354322183769991,0.3292137945167203,,,False
1.0,0.08,False,0,1,0.12292312876875398,0.34908124097389237,,,False
0.3,0.1,False,0,1,0.02520272400774562,0.35490676982044284,,,False
0.32,0.1,False,0,1,0.020487156871556472,0.2886873663408041,,,False
0.34,0.1,False,0,1,0.015571026064336111,0.2137174937349015,,,False
0.36,0.1,False,0,1,0.010123052472186998,0.13095523310635446,,,False
0.38,0.1,False,0,1,0.0035995178742980064,0.04211790303530136,,,False
0.4,0.1,True,-1,38,2.811408275538296e-15,2.2748109955431628e-14,25.762501953566208,0.030985110698391605,False
0.42,0.1,True,-1,38,4.465133746853626e-15,4.595969391051017e-14,45.06321470789489,0.0960302851164272,False
0.44,0.1,True,-1,38,2.6148584353291813e-15,1.3280106838378289e-14,35.3001620249196,0.16205931682497798,False
0.46,0.1,True,-1,38,1.2827761084789717e-15,8.949142457717356e-15,29.950644761292644,0.22910176038057983,False
0.48,0.1,True,-1,38,1.4341872892358123e-15,1.3216866314212808e-14,27.723253133900418,0.2972196338137505,False
0.5,0.1,True,-1,38,1.2948057833470968e-15,1.0574881944914727e-14,23.521968434127505,0.3665015159086007,False
0.52,0.1,True,-1,38,3.379462171739212e-16,3.2812806045194013e-15,25.421043086113894,0.43678198092498244,False
0.54,0.1,True,-1,38,1.3380375466713835e-15,1.511210391409425e-14,25.46360739300264,0.484877077934212,False
0.56,0.1,True,-1,38,1.5940136058484822e-15,9.11819353304193e-15,24.943607038640906,0.44173886317226607,False
0.58,0.1,True,-1,38,2.822074681157481e-15,2.8120742852976026e-14,24.786523324902667,0.3906641590234834,False
0.6,0.1,True,-1,38,1.3575427668343072e-15,9.22587080358393e-15,28.482573267070634,0.33310514943360836,False
0.62,0.1,True,-1,38,2.340208193699771e-15,8.068724609151965e-15,32.76636337471664,0.271692173921382,False
0.64,0.1,True,-1,38,1.8965407362188667e-15,8.730360231062567e-15,36.92160642010667,0.2097125117902907,False
0.66,0.1,True,-1,38,3.4219371797089426e-16,6.695864686736127e-16,30.805799535068378,0.9768894933643426,False
0.68,0.1,True,-1,38,8.968100940422724e-16,6.0082783176150946e-15,10.56335520951603,1.0650622873466495,False
0.7000000000000001,0.1,True,-1,38,8.1773032027145e-16,2.7170116355336148e-15,41.77989261008335,1.1574642873752958,False
0.72,0.1,True,-1,38,4.496231915753894e-15,1.6379593975428942e-14,30.236408128370126,1.2546193361101086,False
0.74,0.1,True,-1,38,1.5396215689421248e-15,8.479672983892339e-15,27.03545585018408,1.3579204954329993,False
0.76,0.1,True,-1,38,1.2913242404985195e-15,5.4104700345448065e-15,18.63293941178821,1.4692373787858535,False
0.78,0.1,True,-1,38,6.474192531711275e-15,2.823566266691846e-14,15.318750354142512,1.5911978454473943,False
0.8,0.1,True,-1,38,3.2212016652765893e-15,1.8579185803207887e-14,11.395835789787785,1.7281965008201232,False
0.8200000000000001,0.1,False,7,8,0.002982469541773167,0.024120703213986436,,,False
0.84,0.1,False,4,5,0.003899554639751475,0.02976639928513094,,,False
0.86,0.1,False,0,1,0.0014624567467387735,0.01162201152944548,,,False
0.88,0.1,False,0,1,0.014947047723001166,0.09942911425502464,,,False
0.9,0.1,False,0,1,0.030577437853792012,0.16982270543913267,,,False
0.92,0.1,False,0,1,0.047765928556448956,0.22370885958801742,,,False
0.9400000000000001,0.1,False,0,1,0.06595132280489796,0.2645092793738784,,,False
0.96,0.1,False,0,1,0.08474700729379916,0.2957347562015697,,,False
0.98,0.1,False,0,1,0.10391829176621085,0.32010178953863994,,,False
1.0,0.1,False,0,1,0.12332707762048913,0.33952295754647266,,,False
0.3,0.12,False,0,1,0.025358118835146673,0.3643417140950503,,,False
0.32,0.12,False,0,1,0.021070128353521712,0.2955549775972394,,,False
0.34,0.12,False,0,1,0.016216524847208667,0.21973266390455398,,,False
0.36,0.12,False,0,1,0.010728307245293917,0.13559616665294622,,,False
0.38,0.12,False,0,1,0.0040134226643041854,0.04526663423702887,,,False
0.4,0.12,True,-1,38,8.206080387097779e-15,2.3616189048621858e-14,24.84381476263154,0.027841600122362475,False
0.42,0.12,True,-1,38,2.963257058617211e-15,1.845626198686385e-14,22.98427213488941,0.0944246703284013,False
0.44,0.12,True,-1,38,7.297394258384774e-16,1.027382412610078e-14,18.533760860419285,0.16058703471584623,False
0.46,0.12,True,-1,38,2.41110338582419e-15,1.483813670491164e-14,18.356077242862444,0.22773832258057292,False
0.48,0.12,True,-1,38,5.043960206559463e-16,2.524017816188448e-15,16.499193321285556,0.29594598040365483,False
0.5,0.12,True,-1,38,2.2914745035407573e-15,1.6279898733359224e-14,16.437626040076893,0.3653024489794787,False
0.52,0.12,True,-1,38,4.982493048981751e-16,1.9526821920061222e-15,16.27004533662021,0.43592351087117853,False
0.54,0.12,True,-1,38,3.815356980893987e-15,1.85406912452357e-14,15.763856645292105,0.507948975410196,False
0.56,0.12,True,-1,38,2.021446403693751e-15,1.262617881041294e-14,16.49503685157747,0.5809139288116767,False
0.58,0.12,True,-1,38,1.4169622320385584e-15,5.691462411854316e-15,17.83649403032395,0.6148348496079477,False
0.6,0.12,True,-1,38,4.458205583648681e-16,2.13146649732626e-15,19.58924306200609,0.5572505536872212,False
0.62,0.12,True,-1,38,3.947248820392849e-16,3.999876277239312e-15,22.167785889371984,0.4917969470468675,False
0.64,0.12,True,-1,38,1.2190354978790368e-15,1.4048418187329226e-14,26.144438059129648,0.4212243637492401,False
0.66,0.12,True,-1,38,3.298712504264032e-15,7.634722070854116e-14,32.006756897314936,0.3489815759315311,False
0.68,0.12,True,-1,38,1.976695897494813e-15,1.2539002219749904e-14,37.84540057789875,0.27851512229896436,False
0.7000000000000001,0.12,True,-1,38,3.785381272637602e-15,1.6884716016724627e-14,38.06710166021126,1.1577304345178436,False
0.72,0.12,True,-1,38,2.3301462827935277e-15,8.034386122399428e-15,14.523449523045567,1.2552485121408623,False
0.74,0.12,True,-1,38,9.364165225365838e-16,4.759503383346372e-15,39.743340400390665,1.3590941939155514,False
0.76,0.12,True,-1,38,6.790082630180204e-15,2.349114566477262e-14,28.449028110116704,1.4706425550453623,False
0.78,0.12,True,-1,38,1.2456812418081906e-15,1.0432824227552976e-14,19.37525896821744,1.5926961956997396,False
0.8,0.12,True,-1,38,7.995969590866424e-15,6.517876415566734e-14,14.186861998101678,1.7298469832155892,False
0.8200000000000001,0.12,False,7,8,0.003487923786823501,0.027542101643224258,,,False
0.84,0.12,False,4,5,0.0042928833912213625,0.03191870589342782,,,False
0.86,0.12,False,0,1,0.001403885019429284,0.010844267895917022,,,False
0.88,0.12,False,0,1,0.015159259026996129,0.09756369205212337,,,False
0.9,0.12,False,0,1,0.031027177267932006,0.16630564239274515,,,False
0.92,0.12,False,0,1,0.04838570194375739,0.21854800590618043,,,False
0.9400000000000001,0.12,False,0,1,0.06667973474285606,0.25799493564068327,,,False
0.96,0.12,False,0,1,0.08554080587420179,0.2881943648669448,,,False
0.98,0.12,False,0,1,0.1047495961641527,0.3118096651173148,,,False
1.0,0.12,False,0,1,0.12417828718119946,0.3306881377667685,,,False
0.3,0.14,False,0,1,0.024761368492016402,0.34982710198885236,,,False
0.32,0.14,False,0,1,0.020500558463654263,0.28514223256719,,,False
0.34,0.14,False,0,1,0.015802149718747244,0.21012125360740833,,,False
0.36,0.14,False,0,1,0.010300920725118073,0.12611276562863635,,,False
0.38,0.14,False,0,1,0.0033432186427684264,0.0359270960246426,,,False
0.4,0.14,True,-1,38,3.2935706791818916e-15,1.9350529950883504e-14,15.183921736312955,0.03121246658126786,False
0.42,0.14,True,-1,38,2.0428650460793295e-15,1.3172807996563162e-14,14.24500425606487,0.09810813843646526,False
0.44,0.14,True,-1,38,4.971658164663554e-15,3.2322396166747335e-14,13.782570413442429,0.16553110152162898,False
0.46,0.14,True,-1,38,2.734875048703737e-15,2.5893898598220092e-14,13.062845448581104,0.23231873156328797,False
0.48,0.14,True,-1,38,4.775249788392736e-16,2.383190332799531e-15,12.622266507545215,0.30022611807111454,False
0.5,0.14,True,-1,38,2.2058262423635985e-15,1.2590065381497593e-14,12.520591591462345,0.36933295984606485,False
0.52,0.14,True,-1,38,4.062661642740952e-16,3.0878155092703216e-15,12.140473898728414,0.4397457920234862,False
0.54,0.14,True,-1,38,1.2734335527125286e-15,6.16927879073412e-15,12.494309517202904,0.511597647679225,False
0.56,0.14,True,-1,38,2.82684780723185e-15,5.072555475887651e-14,12.966415145512151,0.5850499913853029,False
0.58,0.14,True,-1,38,5.426552206482569e-16,4.404592271869214e-15,13.522455693825504,0.6601520599484967,False
0.6,0.14,True,-1,38,2.1579848483083323e-15,1.2274214950812072e-14,14.313464009555142,0.7202891820883037,False
0.62,0.14,True,-1,38,2.642033400704294e-15,1.461670803934082e-14,15.531858255362568,0.6562826635759151,False
0.64,0.14,True,-1,38,2.230009800292878e-15,1.2271747600118342e-14,17.48126103456334,0.5845332528860929,False
0.66,0.14,True,-1,38,2.981916491158233e-15,2.8420399040928197e-14,20.71817072780016,0.5077982075916987,False
0.68,0.14,True,-1,38,1.0362907589042387e-15,6.609779307852574e-15,26.290160224781413,0.42940013741849015,False
0.7000000000000001,0.14,True,-1,38,1.1443916996305594e-15,1.3586442829822459e-14,35.40783151657102,0.3526083861442517,False
0.72,0.14,True,-1,38,2.1315848387522293e-15,2.838235471212914e-14,42.756756120992264,0.2800654181325761,False
0.74,0.14,True,-1,38,1.3991811135337787e-15,7.664331854421057e-15,8.050780955029198,1.3636472902581565,True
0.76,0.14,True,-1,38,5.9625411027019865e-15,3.578709162885957e-14,45.74475149158741,1.4757683609101127,False
0.78,0.14,True,-1,38,3.401190704879974e-15,1.992607997163334e-14,25.669843053843085,1.598754267787765,False
0.8,0.14,True,-1,38,2.798671915539306e-15,1.3931535540941625e-14,17.14170378350605,1.736757998067091,False
0.8200000000000001,0.14,False,6,7,0.0006378662089756405,0.005078994195379761,,,False
0.84,0.14,False,3,4,0.0003874748550512981,0.0029351406680974182,,,False
0.86,0.14,False,0,1,0.0017490465065712363,0.013061778632540077,,,False
0.88,0.14,False,0,1,0.015823878329070742,0.09801829247324907,,,False
0.9,0.14,False,0,1,0.031952666263801326,0.16453176893021434,,,False
0.92,0.14,False,0,1,0.049485715816209044,0.2147328827901801,,,False
0.9400000000000001,0.14,False,0,1,0.0678836866527298,0.25257026023515317,,,False
0.96,0.14,False,0,1,0.0868018014035877,0.2815756044390827,,,False
0.98,0.14,False,0,1,0.10603854310664584,0.3043228828262284,,,False
1.0,0.14,False,0,1,0.125477319219983,0.3225745183311331,,,False
0.3,0.16,False,0,1,0.022676070432745048,0.3192911514380738,,,False
0.32,0.16,False,0,1,0.018787711334792925,0.2577049052875187,,,False
0.34,0.16,False,0,1,0.014277208204275388,0.18489824640941233,,,False
0.36,0.16,False,0,1,0.008736238720764832,0.10255389779568685,,,False
0.38,0.16,False,0,1,0.0014345201774040928,0.014502765718286832,,,False
0.4,0.16,True,-1,38,2.1032060993323034e-15,1.085487273155646e-14,10.21946088764858,0.04219505314807215,False
0.42,0.16,True,-1,38,3.4603589760657435e-15,1.791920867898108e-14,10.472137501658306,0.10806038549615726,False
0.44,0.16,True,-1,38,1.8720101834143464e-15,9.984990475099495e-15,10.285857794509976,0.17480611203792007,False
0.46,0.16,True,-1,38,3.9883371459390815e-15,2.7230618680112466e-14,10.32056340233714,0.2424970645819733,False
0.48,0.16,True,-1,38,1.3903438010727666e-15,1.0028873523392416e-14,10.286712156103661,0.30999472806261963,False
0.5,0.16,True,-1,38,1.8413058067847638e-15,1.4620901521865417e-14,10.00217449508512,0.37854261337780626,False
0.52,0.16,True,-1,38,1.803258195074518e-15,1.1990371501181987e-14,10.264007022902769,0.44848803358469924,False
0.54,0.16,True,-1,38,1.0792601309996586e-15,7.113370391864728e-15,10.444682001690065,0.5199495261824438,False
0.56,0.16,True,-1,38,1.641103419724397e-15,5.1294019497041075e-15,10.619096392253189,0.5930778687525908,False
0.58,0.16,True,-1,38,2.9080175021498605e-15,1.1884634528045588e-14,10.948124332844493,0.6680592859814116,False
0.6,0.16,True,-1,38,1.344928772749134e-15,6.578335732726056e-15,11.723818088767125,0.7451213407103396,False
0.62,0.16,True,-1,38,5.271879156568682e-15,3.897851708617167e-14,12.721386334392616,0.7766050953988302,False
0.64,0.16,True,-1,38,4.165648664845488e-16,1.7000888935468336e-15,14.059518926894793,0.7068057535419241,False
0.66,0.16,True,-1,38,1.601246556581068e-15,9.364128571759438e-15,15.868485898363556,0.6301034721007879,False
0.68,0.16,True,-1,38,7.221785298249066e-16,3.913205489569239e-15,18.171457397805728,0.5491863253845315,False
0.7000000000000001,0.16,True,-1,38,2.5294528792307707e-15,1.2852793270351728e-14,22.442007013694404,0.467107550840705,False
0.72,0.16,True,-1,38,2.602668015786644e-15,1.6682274636569028e-14,32.67935448699487,0.38673945377743024,False
0.74,0.16,True,-1,38,9.900690440241441e-15,3.473499827842996e-14,45.24217215708793,1.3724948236177046,False
0.76,0.16,True,-1,38,3.25158078720222e-15,1.0966727646080878e-14,15.049013063818123,1.485018795095016,False
0.78,0.16,True,-1,38,1.1067899029479861e-14,5.641117463641957e-14,39.376845637922386,1.608642241585418,False
0.8,0.16,True,-1,38,4.3738595454800894e-15,2.1502918358686643e-14,20.985686431100394,1.7481132841833669,False
0.8200000000000001,0.16,False,6,7,0.001874307348026579,0.014462931505435556,,,False
0.84,0.16,False,3,4,0.0014566777177663223,0.0106426543567538,,,False
0.86,0.16,False,0,1,0.002527768193706269,0.018147707527893447,,,False
0.88,0.16,False,0,1,0.01696483780108401,0.10061610693866653,,,False
0.9,0.16,False,0,1,0.03336894504459436,0.16434654783403407,,,False
0.92,0.16,False,0,1,0.05107417324421347,0.21215627817641852,,,False
0.9400000000000001,0.16,False,0,1,0.06956725707737275,0.2481694497808927,,,False
0.96,0.16,False,0,1,0.08853174628859334,0.2758423975432822,,,False
0.98,0.16,False,0,1,0.10778555990537404,0.2976261581900173,,,False
1.0,0.16,False,0,1,0.12722386866943602,0.31518002664371175,,,False
0.3,0.18,False,0,1,0.019555243093261735,0.27288830059858304,,,False
0.32,0.18,False,0,1,0.01600821614686089,0.21498149709716963,,,False
0.34,0.18,False,0,1,0.011631109387492166,0.14533887151630118,,,False
0.36,0.18,False,0,1,0.005943886947044813,0.06612351188387555,,,False
0.38,0.18,False,19,20,0.0004967426598807114,0.0025979035974459577,,,False
0.4,0.18,True,-1,38,3.4769882724719616e-15,3.0602494504742694e-14,7.703515329090598,0.060406389892792234,True
0.42,0.18,True,-1,38,7.300824415150739e-15,4.547854412669263e-14,7.956871994784902,0.12464299361565434,True
0.44,0.18,True,-1,38,3.468558659817963e-15,2.1774699008166917e-14,8.34574851185773,0.1900681943686937,True
0.46,0.18,True,-1,38,4.591367050485004e-15,3.020847323328775e-14,8.364730172763917,0.2566753435818492,True
0.48,0.18,True,-1,38,5.135550335790045e-15,3.692642080263751e-14,8.565904423909041,0.3245014353050224,True
0.5,0.18,True,-1,38,4.332359964963697e-15,2.0284904071093685e-14,8.733749310064853,0.39282009834124487,True
0.52,0.18,True,-1,38,2.034504518667149e-15,1.2211921688380423e-14,8.796320017053288,0.4620634234172427,True
0.54,0.18,True,-1,38,1.3922125900994124e-15,7.743368510410412e-15,8.895715231874593,0.532936876224789,True
0.56,0.18,True,-1,38,3.5240838034000627e-15,2.2304700919703094e-14,9.267890962687906,0.6055763739177027,True
0.58,0.18,True,-1,38,1.7958200611075785e-15,5.8959704243016516e-15,9.685671211877231,0.6801573528408733,True
0.6,0.18,True,-1,38,1.8064594370673625e-15,1.475439121498094e-14,10.207248285928326,0.7569000127978873,False
0.62,0.18,True,-1,38,1.6328678498303803e-15,9.318986173653912e-15,10.903926829511198,0.8360781235905221,False
0.64,0.18,True,-1,38,2.6176097805338498e-15,1.571092298821395e-14,11.874152583064395,0.797681822400536,False
0.66,0.18,True,-1,38,2.9961883546896355e-15,9.852298521554761e-15,13.26673525992122,0.7228179351120039,False
0.68,0.18,True,-1,38,2.4014989524185886e-15,1.2860207299490704e-14,15.311217627813397,0.6421493100794029,False
0.7000000000000001,0.18,True,-1,38,1.1373861013942918e-15,5.802472171615435e-15,18.2977960279844,0.5582097112824531,False
0.72,0.18,True,-1,38,2.1083278472869773e-15,8.071651454427693e-15,22.064442634502846,0.4736590135544301,False
0.74,0.18,True,-1,38,1.0867291483613812e-15,6.9537371025686634e-15,32.00538400751,0.3907673223794319,False
0.76,0.18,True,-1,38,1.1896105762541543e-15,8.596926095111594e-15,33.874217592337175,1.4988232945575368,False
0.78,0.18,True,-1,38,8.194713253122048e-15,4.974916307793425e-14,44.15568362434883,1.6234331694257769,False
0.8,0.18,False,9,10,0.0006908722003909654,0.0055194432175441266,,,False
0.8200000000000001,0.18,False,6,7,0.0035639853058580468,0.026534469345882966,,,False
0.84,0.18,False,3,4,0.0029958015361964555,0.021006005793327818,,,False
0.86,0.18,False,0,1,0.0037737666482914184,0.025895636050358058,,,False
0.88,0.18,False,0,1,0.01860625481636029,0.10512629783604688,,,False
0.9,0.18,False,0,1,0.0352894943261883,0.16557069340269956,,,False
0.92,0.18,False,0,1,0.05315754720200539,0.21070119126812303,,,False
0.9400000000000001,0.18,False,0,1,0.0717330278650964,0.24472340243646287,,,False
0.96,0.18,False,0,1,0.09073116181305259,0.27095760983123707,,,False
0.98,0.18,False,0,1,0.10999007460948992,0.29170303784024765,,,False
1.0,0.18,False,0,1,0.1294167900508719,0.30850114428667336,,,False
0.3,0.2,False,0,1,0.015581492214812599,0.2138553075037004,,,False
0.32,0.2,False,0,1,0.012253817275945256,0.15961953551752753,,,False
0.34,0.2,False,0,1,0.00786353369348964,0.09373732686904088,,,False
0.36,0.2,False,0,1,0.0018394030289542367,0.019143789727532532,,,False
0.38,0.2,True,-1,38,6.237289866329941e-15,5.899775037294268e-14,6.309344898903029,0.02275877103257118,True
0.4,0.2,True,-1,38,3.691074156203761e-15,2.3973519242601595e-14,6.1473563580642265,0.08527437469651211,True
0.42,0.2,True,-1,38,3.918749163261928e-15,2.1019411352108914e-14,6.4794643393913365,0.14743604458508663,True
0.44,0.2,True,-1,38,3.248351116999021e-15,2.2161786576124564e-14,6.9023302401051545,0.21115098070711236,True
0.46,0.2,True,-1,38,4.232429514916292e-15,2.8394387916601283e-14,7.168894246364954,0.2763370531691831,True
0.48,0.2,True,-1,38,2.7149436611389984e-15,1.9638685391549516e-14,7.275746321487335,0.342975365833897,True
0.5,0.2,True,-1,38,2.4712206013744476e-15,1.377897834121096e-14,7.534081713828407,0.41109592957865226,True
0.52,0.2,True,-1,38,2.911161645680568e-15,1.489017992824777e-14,7.781179103981968,0.48034471733612394,True
0.54,0.2,True,-1,38,3.4084027673594867e-15,1.7473148829829338e-14,7.996517230386879,0.5504600701740401,True
0.56,0.2,True,-1,38,5.350422664927685e-15,1.6693466342796155e-14,8.218216069467932,0.6224681456173842,True
0.58,0.2,True,-1,38,4.684364995852737e-15,2.3340161064185832e-14,8.48380543771357,0.6965320073954622,True
0.6,0.2,True,-1,38,9.297082117745284e-16,4.582174017158927e-15,8.936414052682169,0.7728635487939575,True
0.62,0.2,True,-1,38,9.825826586711784e-16,4.429808984528924e-15,9.886465624201932,0.8517320621162723,True
0.64,0.2,True,-1,38,1.4360660794162128e-15,6.870491876032718e-15,12.540903399231933,0.8652192769352745,False
0.66,0.2,True,-1,38,3.2846703865772127e-15,1.8460955434677694e-14,17.069480557367797,0.7926035640337847,False
0.68,0.2,True,-1,38,1.5920187834361761e-15,9.38761571214598e-15,18.657403970133668,0.7132941012495086,False
0.7000000000000001,0.2,True,-1,38,2.140241056453829e-15,1.6584735098024e-14,17.792851980180625,0.629251600031453,False
0.72,0.2,True,-1,38,4.304888883220069e-15,2.4052049594289243e-14,18.599776442417852,0.5427060257720226,False
0.74,0.2,True,-1,38,2.4145755584882908e-15,8.572919114899355e-15,24.523707673852876,0.455680694504931,False
0.76,0.2,True,-1,38,5.79553433516819e-16,3.412596275139614e-15,33.695051293352954,0.3693068593767981,False
0.78,0.2,True,-1,38,2.955805913743028e-15,1.434544346775924e-14,12.04481693836678,1.6432724790723432,False
0.8,0.2,False,8,9,0.0004555006698865285,0.003596170195937532,,,False
0.8200000000000001,0.2,False,5,6,0.0015145223612679564,0.011247496276785106,,,False
0.84,0.2,False,3,4,0.0050365016404922665,0.03372836774883813,,,False
0.86,0.2,False,0,1,0.0055229328169959496,0.036014168074614605,,,False
0.88,0.2,False,0,1,0.02077051494906858,0.1112743230199246,,,False
0.9,0.2,False,0,1,0.037725147687596675,0.1680112124940213,,,False
0.92,0.2,False,0,1,0.055740039026290725,0.21024913937451326,,,False
0.9400000000000001,0.2,False,0,1,0.07438184346888138,0.24216453765968463,,,False
0.96,0.2,False,0,1,0.09339921648986022,0.2668862069696688,,,False
0.98,0.2,False,0,1,0.11265042298765864,0.28653893935843655,,,False
1.0,0.2,False,0,1,0.13205398355012168,0.30253749910008254,,,False
0.3,0.22,False,0,1,0.010869841815539653,0.14527539151436125,,,False
0.32,0.22,False,0,1,0.0075702945657246095,0.09453653979112692,,,False
0.34,0.22,False,0,1,0.002942192436581084,0.033015494016495756,,,False
0.36,0.22,False,19,20,0.0008302367556251988,0.005015700130246048,,,False
0.38,0.22,True,-1,38,8.14889708724539e-15,6.937339156221795e-14,5.834266419327217,0.054234027201897295,True
0.4,0.22,True,-1,38,4.567542394940664e-15,2.2553473066067548e-14,5.330521570916036,0.11450002714137275,True
0.42,0.22,True,-1,38,4.140537475491782e-15,3.052482014104804e-14,5.526780209636821,0.17593112617527584,True
0.44,0.22,True,-1,38,5.484167428473426e-15,4.440785079179188e-14,5.8955804398679135,0.23766491125858114,True
0.46,0.22,True,-1,38,2.9069245301509697e-15,2.0135089310849293e-14,6.219354676351143,0.30118053990495186,True
0.48,0.22,True,-1,38,3.287161382254389e-15,1.132049770107144e-14,6.446276636140857,0.36640698286609963,True
0.5,0.22,True,-1,38,2.4032225692241746e-15,1.2544274349783487e-14,6.602780165538085,0.433333485219364,True
0.52,0.22,True,-1,38,1.8914564400730272e-15,7.304461216190499e-15,6.873064817489931,0.5019994928462808,True
0.54,0.22,True,-1,38,2.9074545072802868e-15,9.25052108675224e-15,7.157798563408817,0.5723951244549124,True
0.56,0.22,True,-1,38,1.2050523549074438e-15,9.293580414790279e-15,7.449665571570083,0.6436568241688665,True
0.58,0.22,True,-1,38,3.614411155190773e-15,3.568267627208377e-14,7.775872864001174,0.7171100568276518,True
0.6,0.22,True,-1,38,6.2771797742463404e-15,2.503883278941873e-14,10.089155719680551,0.7929587212691336,False
0.62,0.22,True,-1,38,1.5154137605576044e-15,1.3998121554102696e-14,15.359673213047996,0.8714684502438841,False
0.64,0.22,True,-1,38,6.093597404471837e-16,3.601386667857286e-15,32.83186395061167,0.9152734339855488,False
0.66,0.22,True,-1,38,2.539748918641709e-15,1.4212482670719328e-13,91.35512849603569,0.035871427340231854,False
0.68,0.22,True,-1,38,2.1900538654339014e-15,1.2178531119185638e-14,36.758918170845945,0.7669846548419024,False
0.7000000000000001,0.22,True,-1,38,6.058413396272323e-15,3.739642282266246e-14,29.182377530577508,0.6835440634604257,False
0.72,0.22,True,-1,38,2.35726389603414e-15,5.6456241601494896e-15,22.847724873033005,0.5961056836211043,False
0.74,0.22,True,-1,38,2.094212899721185e-15,1.3386090727065062e-14,18.910899878649367,0.5062269645004482,False
0.76,0.22,True,-1,38,1.8149684782055937e-15,9.523394385064105e-15,28.33650121629993,0.4144216941559318,False
0.78,0.22,True,-1,38,1.0571814197040487e-14,3.0909594641368435e-14,45.4299535998206,0.3173226446921973,False
0.8,0.22,False,8,9,0.002941310690292169,0.02223486203455405,,,False
0.8200000000000001,0.22,False,5,6,0.004030756519763603,0.028634923882918488,,,False
0.84,0.22,False,2,3,0.0020281955261483003,0.013638375035343707,,,False
0.86,0.22,False,0,1,0.007810697150201557,0.04813156447680779,,,False
0.88,0.22,False,0,1,0.02347625579746378,0.11875906958071655,,,False
0.9,0.22,False,0,1,0.04068315100457449,0.1714752181727182,,,False
0.92,0.22,False,0,1,0.05882323307586053,0.21068768517525902,,,False
0.9400000000000001,0.22,False,0,1,0.07751269034655814,0.24043060341914838,,,False
0.96,0.22,False,0,1,0.09653368517806657,0.2635973234822327,,,False
0.98,0.22,False,0,1,0.11576384200777864,0.28212215985178013,,,False
1.0,0.22,False,0,1,0.13513246878172055,0.2972896244697743,,,False
0.3,0.24,False,0,1,0.00543157546469817,0.06980597435743587,,,False
0.32,0.24,False,0,1,0.001917304397833376,0.022632619154352076,,,False
0.34,0.24,False,18,19,0.0028059332700489338,0.018233536312721225,,,False
0.36,0.24,True,-1,38,1.2213241756093729e-15,9.70897379784389e-15,5.387599246102099,0.036577885034779545,True
0.38,0.24,True,-1,38,1.5592607100143473e-15,1.3891183743508548e-14,5.272879624385243,0.09134082532920385,True
0.4,0.24,True,-1,38,2.920573767378018e-15,1.9475214957853133e-14,5.028654775537523,0.14870395352270327,True
0.42,0.24,True,-1,38,3.3285867547761e-15,2.817327978310594e-14,4.962537073966147,0.2083023431999016,True
0.44,0.24,True,-1,38,4.882220740986031e-15,3.8551259944163407e-14,5.186101748500853,0.2691845318478556,True
0.46,0.24,True,-1,38,6.9420573184332705e-15,5.384460077418494e-14,5.501029717125681,0.3308694724032666,True
0.48,0.24,True,-1,38,7.411310411386368e-16,3.44904172070561e-15,5.760363929050887,0.39452960143545246,True
0.5,0.24,True,-1,38,1.4707836392670892e-15,7.53612811226137e-15,5.976673416911336,0.4601191715825528,True
0.52,0.24,True,-1,38,2.396802836721921e-15,1.0206233724140901e-14,6.166946302256928,0.5276492957545513,True
0.54,0.24,True,-1,38,3.4404600619980974e-15,2.05913192331453e-14,6.424952404488207,0.597182098093104,True
0.56,0.24,True,-1,38,1.1339095338133984e-15,3.92226080838274e-15,7.1281304958752,0.6688287486555222,True
0.58,0.24,True,-1,38,2.6250671117168662e-15,5.0237897032326995e-15,8.670886403121148,0.7418098353876976,True
0.6,0.24,True,-1,38,6.557603510298423e-15,1.1371332491753535e-14,11.718967293530316,0.8171272704929049,False
0.62,0.24,True,-1,38,3.595498874802339e-15,3.489287883169066e-14,20.140620336934173,0.895250303694682,False
0.64,0.24,True,-1,38,2.4913624836163812e-15,6.098883503255518e-14,91.17194489755863,0.09111031301938066,False
0.66,0.24,True,-1,38,2.814455057070598e-15,3.8725874494498444e-14,90.93231249764624,0.019111172177900926,False
0.68,0.24,True,-1,38,4.9192402426834916e-15,2.6285700840875852e-14,90.80865224398299,0.0575577254737345,False
0.7000000000000001,0.24,True,-1,38,4.926751493134316e-15,7.674936981356574e-15,90.64593122697944,0.10074608528224971,False
0.72,0.24,True,-1,38,1.608147608064378e-15,8.465215864270075e-15,28.977748087644166,0.6358833304312723,False
0.74,0.24,True,-1,38,1.2634885559048723e-14,5.692072492304695e-14,21.647904130106415,0.5435930990136022,False
0.76,0.24,True,-1,38,2.5112277893296666e-15,1.875373657475075e-14,19.790847001457017,0.4463378232587676,False
0.78,0.24,True,-1,38,5.2399263028369195e-15,1.5673363536170287e-14,34.819231436295006,0.3354064019342067,False
0.8,0.24,False,7,8,0.002442311859470236,0.01833084846536981,,,False
0.8200000000000001,0.24,False,4,5,0.0022619765448857053,0.01588666683850715,,,False
0.84,0.24,False,2,3,0.004881900775927064,0.030994691169399197,,,False
0.86,0.24,False,0,1,0.010668667000582726,0.06181447412922087,,,False
0.88,0.24,False,0,1,0.026736578226154977,0.12727560466449978,,,False
0.9,0.24,False,0,1,0.04416660785426778,0.17578260561782988,,,False
0.92,0.24,False,0,1,0.062405970617452754,0.21191638336635463,,,False
0.9400000000000001,0.24,False,0,1,0.08112266265276034,0.23946824318033144,,,False
0.96,0.24,False,0,1,0.10013098792516247,0.26106487616987206,,,False
0.98,0.24,False,0,1,0.11932648923993933,0.27844476739088825,,,False
1.0,0.24,False,0,1,0.13864839793129144,0.2927595517371794,,,False
0.3,0.26,False,16,17,0.004121465183243521,0.035670919873314486,,,False
0.32,0.26,False,17,18,0.0004384941860198658,0.0031248578031186996,,,False
0.34,0.26,True,-1,38,5.55867337192707e-15,4.204134773741968e-14,4.961958924761684,0.033257300435257875,True
0.36,0.26,True,-1,38,7.0961513742273475e-15,6.007435767132378e-14,5.030695519195661,0.08183467707514858,True
0.38,0.26,True,-1,38,1.2670655869532562e-15,1.3915255458647572e-14,5.0468568941213965,0.1332792329542647,True
0.4,0.26,True,-1,38,1.935938963856444e-15,1.8682367272304964e-14,5.01928337986159,0.18774716880743902,True
0.42,0.26,True,-1,38,2.702999784873728e-15,2.631993677973261e-14,4.96874922269677,0.2448358686352905,True
0.44,0.26,True,-1,38,4.6830491629627734e-15,3.536659616032675e-14,5.000620560519513,0.3042666120154034,True
0.46,0.26,True,-1,38,6.342923343242401e-15,4.859424610272772e-14,5.121852447243462,0.3650588647721369,True
0.48,0.26,True,-1,38,9.22692355975851e-15,6.650620200020375e-14,5.267356018077272,0.4270649602529599,True
0.5,0.26,True,-1,38,5.33167196845001e-16,3.240134492490046e-15,5.615081985388239,0.4912294226375242,True
0.52,0.26,True,-1,38,2.5392938888219427e-15,1.3208912053235156e-14,6.077885321785166,0.5575408439661409,True
0.54,0.26,True,-1,38,2.0062885096040707e-15,8.975924584208633e-15,6.726364527391877,0.6260430359768396,True
0.56,0.26,True,-1,38,2.9433999493496533e-15,1.875441988108506e-14,7.6989101295987705,0.6968331975009154,True
0.58,0.26,True,-1,38,3.632588829879262e-15,1.777276879918687e-14,9.30593163864998,0.7700636480314615,True
0.6,0.26,True,-1,38,5.455082836833558e-15,1.9647774020349627e-14,12.428455217958412,0.8453115074081294,False
0.62,0.26,True,-1,38,4.580679159045093e-15,1.4385080118009402e-14,20.91104192502506,0.9230441435485941,False
0.64,0.26,True,-1,38,2.6068086266114595e-15,4.088255363788845e-14,91.36803388067271,0.09442510951795935,False
0.66,0.26,True,-1,38,7.103854048878698e-06,0.0004983665325447494,93.06965034101714,8.881784197001252e-16,False
0.68,0.26,True,-1,38,3.2578531781717262e-15,6.367856915608909e-14,90.51946088407827,0.025027010547445272,False
0.7000000000000001,0.26,True,-1,38,1.9813671034512868e-15,9.072405754075874e-15,90.29712968545027,0.10817359600246412,False
0.72,0.26,True,-1,38,3.9826107831415716e-15,1.4177337583067797e-14,89.62834849837617,0.016726475836210675,False
0.74,0.26,True,-1,38,6.217558702233406e-15,2.0545534876174896e-14,22.760593757915345,0.5686012343645919,False
0.76,0.26,True,-1,38,1.7739699910451538e-15,7.711414228373873e-15,19.51093184471591,0.4643979395742148,False
0.78,0.26,True,-1,38,1.6720286801584809e-15,1.1999392186033248e-14,23.90152373809492,0.3183627239078053,False
0.8,0.26,False,6,7,0.001823861793207598,0.013565375089839685,,,False
0.8200000000000001,0.26,False,3,4,0.0002725417770456828,0.001888652836179009,,,False
0.84,0.26,False,1,2,0.0030553848776981966,0.019318878639792574,,,False
0.86,0.26,False,0,1,0.014121104002130689,0.07660153146761481,,,False
0.88,0.26,False,0,1,0.030557870270468898,0.1365394209581068,,,False
0.9,0.26,False,0,1,0.048174305011812316,0.18077729054307617,,,False
0.92,0.26,False,0,1,0.06648439170281088,0.2138518175330417,,,False
0.9400000000000001,0.26,False,0,1,0.08520706768758196,0.23923410430898884,,,False
0.96,0.26,False,0,1,0.10418622301295237,0.2592695260132308,,,False
0.98,0.26,False,0,1,0.12333355431221199,0.2755002933435903,,,False
1.0,0.26,False,0,1,0.14259707230486393,0.2889519290586109,,,False
0.3,0.28,True,-1,38,4.3583324627089234e-15,3.2430948546845233e-14,4.624144584770393,0.003183831376656787,True
0.32,0.28,True,-1,38,4.7487997330714025e-15,3.4817595102526643e-14,4.749973715681191,0.04120182638040104,True
0.34,0.28,True,-1,38,6.16505006196164e-15,4.690812762130723e-14,4.812093994816027,0.08421953369398949,True
0.36,0.28,True,-1,38,7.759061110571915e-15,6.513248047396534e-14,4.820355112698429,0.1310135597352664,True
0.38,0.28,True,-1,38,1.575969306897117e-15,1.4357366167673808e-14,4.9059424148381074,0.17936261966592504,True
0.4,0.28,True,-1,38,2.110884061083012e-15,1.9157944538218242e-14,4.986590823372497,0.231049710884474,True
0.42,0.28,True,-1,38,2.602520014989516e-15,2.5689050077664728e-14,5.052747662114889,0.28566978864442305,True
0.44,0.28,True,-1,38,4.902926390826577e-15,3.4990689239931634e-14,5.1176600342228795,0.34292720036153934,True
0.46,0.28,True,-1,38,6.4011362079577184e-15,4.6470279331068517e-14,5.193841364658565,0.4026182863409269,True
0.48,0.28,True,-1,38,8.724438829523339e-15,6.206603884715079e-14,5.395652772244164,0.4637405916359527,True
0.5,0.28,True,-1,38,1.2041442279275153e-14,8.437887440089164e-14,5.71843374438358,0.5264426987304103,True
0.52,0.28,True,-1,38,8.335919409008911e-16,4.7360995434486465e-15,6.144555193355639,0.5914962384349707,True
0.54,0.28,True,-1,38,2.3003663002222862e-15,1.1815176754760991e-14,6.735456867468401,0.658932080872024,True
0.56,0.28,True,-1,38,6.229009153276547e-15,3.0586364973969626e-14,7.670878367959335,0.7288376964380245,True
0.58,0.28,True,-1,38,2.3270033587511542e-15,1.0924453095224104e-14,9.29916000976109,0.8013595198880248,True
0.6,0.28,True,-1,38,2.831068712794149e-15,3.9251681179613686e-14,12.143075035000468,0.8767093079920001,False
0.62,0.28,True,-1,38,4.220308060520364e-15,2.850816084534976e-14,17.33661266659905,0.9548257741569037,False
0.64,0.28,True,-1,38,6.275768268723677e-15,1.3234723052502479e-14,39.25487883621759,0.995035814808273,False
0.66,0.28,True,-1,38,3.1032918157843187e-15,8.108354163647164e-15,90.95252261575261,0.03818999001605761,False
0.68,0.28,True,-1,38,6.590882724009204e-15,2.2696798506558602e-14,82.16871866133164,0.0006458134052156339,False
0.7000000000000001,0.28,True,-1,38,1.5044674154403867e-14,5.3777830921122857e-14,90.99038913796863,0.009351793475484094,False
0.72,0.28,True,-1,38,5.9950115828244306e-15,1.9306019486436574e-13,89.2560716684536,0.038427855331674365,False
0.74,0.28,True,-1,38,1.2514656330781522e-15,4.626683771427042e-15,32.34621171971236,0.5813721177935989,False
0.76,0.28,True,-1,38,3.4526418846702353e-15,1.1570042927624199e-14,22.77556504431933,0.46553755419949194,False
0.78,0.28,False,8,9,0.000642043175624093,0.0049565546635818025,,,False
0.8,0.28,False,5,6,0.0013016420278283874,0.00952561973456643,,,False
0.8200000000000001,0.28,False,3,4,0.004048308137432393,0.02639998249707983,,,False
0.84,0.28,False,0,1,0.0030763480589684976,0.019100100989226668,,,False
0.86,0.28,False,0,1,0.018182109282581873,0.09204665178262968,,,False
0.88,0.28,False,0,1,0.034939479018394164,0.14630730775724038,,,False
0.9,0.28,False,0,1,0.05270096407626854,0.1863341089966844,,,False
0.92,0.28,False,0,1,0.07105220265466464,0.21642878762483722,,,False
0.9400000000000001,0.28,False,0,1,0.0897595642357573,0.23969617749446193,,,False
0.96,0.28,False,0,1,0.10869330115660684,0.25819775626611885,,,False
0.98,0.28,False,0,1,0.1277792144485787,0.27328868924837857,,,False
1.0,0.28,False,0,1,0.14697302767165338,0.28587238661292036,,,False
0.3,0.3,True,-1,38,4.303188495673226e-15,3.1139542324217825e-14,4.415579228542231,0.06388431594553623,True
0.32,0.3,True,-1,38,5.5213367859347865e-15,4.0455242232198213e-14,4.561811495526487,0.09859026432414364,True
0.34,0.3,True,-1,38,6.880920123996195e-15,5.29168765955244e-14,4.672178156626415,0.13833497547769769,True
0.36,0.3,True,-1,38,8.555788432298207e-15,7.161435262843008e-14,4.749883899472148,0.18243691727009992,True
0.38,0.3,True,-1,38,1.683736582170148e-15,1.5147530692300014e-14,4.802314175068588,0.2290308587552463,True
0.4,0.3,True,-1,38,2.3610191932795496e-15,1.9900176287559486e-14,4.896092911477252,0.2781165109596535,True
0.42,0.3,True,-1,38,2.8581505299953848e-15,2.6278750432754193e-14,5.040163474658711,0.33037722549492665,True
0.44,0.3,True,-1,38,3.665838073340989e-15,3.4840161260015417e-14,5.193324704438356,0.38552059046861054,True
0.46,0.3,True,-1,38,6.679354907155439e-15,4.6844843503977633e-14,5.368751783348609,0.44333639853174267,True
0.48,0.3,True,-1,38,8.6728957048951e-15,6.21631158261526e-14,5.582261597861198,0.5036873714684957,True
0.5,0.3,True,-1,38,1.1781056701341895e-14,8.300665088523425e-14,5.854342503462746,0.5655515144065775,True
0.52,0.3,True,-1,38,1.9610939564301533e-15,1.3521512806896968e-14,6.272049072940766,0.6293483164361353,True
0.54,0.3,True,-1,38,2.0525994120484193e-15,6.909178054740201e-15,6.980011090516922,0.6957182300081677,True
0.56,0.3,True,-1,38,2.7427508750844547e-15,1.2643547147043624e-14,8.00813288113444,0.7647440572021105,True
0.58,0.3,True,-1,38,7.634347539182656e-15,3.0726570127558895e-14,9.612321927407033,0.8365708941072656,True
0.6,0.3,True,-1,38,4.0226438312062325e-15,1.3824677460111504e-14,12.355206916334058,0.91141365046128,False
0.62,0.3,True,-1,38,1.8914564400730272e-15,3.898165243459907e-15,17.47248618361126,0.9895700352362249,False
0.64,0.3,True,-1,38,4.81421239152948e-15,1.0057563340139796e-14,25.1206229929325,1.0046452387109532,False
0.66,0.3,True,-1,38,5.856097588132977e-15,2.1325846331972693e-14,56.79516962190543,0.6664286269403741,False
0.68,0.3,True,-1,38,1.140092153936227e-14,4.052018182573299e-14,91.23848179905264,0.08407920848571848,False
0.7000000000000001,0.3,True,-1,38,5.103706232910402e-15,1.863820069016978e-14,84.2623946616047,0.016598081718265156,False
0.72,0.3,True,-1,38,2.465720107482118e-15,8.820731684277854e-15,92.2429930209613,0.0258953594876985,False
0.74,0.3,True,-1,38,2.1305003386368745e-15,8.935908741210189e-15,35.73920298378057,0.5806460280013397,False
0.76,0.3,True,-1,38,5.541025578832276e-07,3.9308969800213195e-05,85.59546805795104,8.881784197001252e-16,False
0.78,0.3,False,7,8,0.001423035543040171,0.010836345259130272,,,False
0.8,0.3,False,4,5,0.0006909397833445468,0.004939289935542699,,,False
0.8200000000000001,0.3,False,2,3,0.002411271515354086,0.015418087194307746,,,False
0.84,0.3,False,0,1,0.0072492834823723535,0.0418199899451797,,,False
0.86,0.3,False,0,1,0.02285431881812816,0.10776172229241528,,,False
0.88,0.3,False,0,1,0.03987425296323456,0.15639033224733662,,,False
0.9,0.3,False,0,1,0.05773780327967776,0.1923611819275468,,,False
0.92,0.3,False,0,1,0.07610099510865029,0.2196012032207245,,,False
0.9400000000000001,0.3,False,0,1,0.0947724278241219,0.2408313124210021,,,False
0.96,0.3,False,0,1,0.11364510195248527,0.2578402776072874,,,False
0.98,0.3,False,0,1,0.13265688918609658,0.27180855827138867,,,False
1.0,0.3,False,0,1,0.15177011655760428,0.28352606749577625,,,False
0.3,0.32,True,-1,38,5.1628355029304724e-15,3.688775631501307e-14,4.257474120478345,0.12623909312130888,True
0.32,0.32,True,-1,38,6.297091138849562e-15,4.7204210693861746e-14,4.413041299316371,0.15818770691874873,True
0.34,0.32,True,-1,38,7.932658106267456e-15,6.150969173114452e-14,4.5506309926686805,0.1951218825106773,True
0.36,0.32,True,-1,38,9.87614990001178e-15,8.046162646368343e-14,4.671474147491075,0.23647739704513127,True
0.38,0.32,True,-1,38,2.1563778095984344e-15,1.716309816911409e-14,4.779793643324784,0.2817598675187898,True
0.4,0.32,True,-1,38,3.590674786123899e-15,2.170220852861283e-14,4.881936848103793,0.32854329224097967,True
0.42,0.32,True,-1,38,3.2225167587052165e-15,2.7900043630730504e-14,4.985612682673791,0.37859762452286816,True
0.44,0.32,True,-1,38,3.9401187920818616e-15,3.687334038683843e-14,5.186254257253633,0.43173299056005954,True
0.46,0.32,True,-1,38,7.0378858105064965e-15,5.040710281778597e-14,5.428768155953727,0.4877451895311098,True
0.48,0.32,True,-1,38,9.285640163081854e-15,6.598370346435688e-14,5.72107302920422,0.5464964951744489,True
0.5,0.32,True,-1,38,1.2333098749942666e-14,8.828178011693021e-14,6.08795465649675,0.607911422978423,True
0.52,0.32,True,-1,38,1.0310738718936457e-15,4.968091534663543e-15,6.566419011204063,0.6709495978382709,True
0.54,0.32,True,-1,38,6.106226635438361e-16,3.819901766699773e-15,7.215952751544883,0.7362878302606839,True
0.56,0.32,True,-1,38,3.089732925082466e-15,1.3718365173382967e-14,8.140191822085852,0.8044705693553393,True
0.58,0.32,True,-1,38,8.106338859342884e-16,2.9274373608824476e-15,9.53684199071835,0.875646790595398,True
0.6,0.32,True,-1,38,1.3136335981433192e-15,6.732914178768711e-15,11.824284616280654,0.950039928389999,False
0.62,0.32,True,-1,38,4.1888855961130316e-15,3.326123329298215e-14,15.979587146953769,1.0279629379173671,False
0.64,0.32,True,-1,38,3.1662044385232674e-15,7.815738240790911e-15,24.10212019010893,1.0074540870985347,False
0.66,0.32,True,-1,38,6.634511564009923e-15,6.325544210032906e-14,34.33327765101406,0.7526607538935002,False
0.68,0.32,True,-1,38,5.780094456950877e-15,1.9129335182719386e-14,63.128266344587736,0.4843431192482148,False
0.7000000000000001,0.32,True,-1,38,3.787797211270312e-15,1.591573418104978e-14,90.70122922665412,0.027919748162909208,False
0.72,0.32,True,-1,38,4.74630487500572e-15,3.6551499669204913e-13,82.01379399387254,0.008952560613932015,False
0.74,0.32,True,-1,38,2.234280737922546e-15,8.524406357093511e-15,89.17446718412492,0.1602814773871568,False
0.76,0.32,False,35,36,0.0013374942471888408,0.013030988504581847,,,False
0.78,0.32,False,6,7,0.002035905220838318,0.015247167788870634,,,False
0.8,0.32,False,4,5,0.005351829115736875,0.035909854546717815,,,False
0.8200000000000001,0.32,False,1,2,0.001661127377529865,0.010406390285892624,,,False
0.84,0.32,False,0,1,0.012095924180770093,0.06464214579029622,,,False
0.86,0.32,False,0,1,0.028129445595918113,0.12344719427873121,,,False
0.88,0.32,False,0,1,0.04534969182509121,0.1666582296261889,,,False
0.9,0.32,False,0,1,0.06327328673993222,0.19879769212296344,,,False
0.92,0.32,False,0,1,0.08162070601655347,0.22333844116885443,,,False
0.9400000000000001,0.32,False,0,1,0.10023677223418793,0.24262411038126475,,,False
0.96,0.32,False,0,1,0.11903358668273031,0.25819239055787513,,,False
0.98,0.32,False,0,1,0.13795922737317795,0.271061262647463,,,False
1.0,0.32,False,0,1,0.15698149188511137,0.28192167416937475,,,False
0.3,0.34,True,-1,38,6.252340013082651e-15,4.514808870959276e-14,4.134796521693587,0.19007853557362298,True
0.32,0.34,True,-1,38,7.607661003539111e-15,5.7039741542277e-14,4.294630218575103,0.21972101133051147,True
0.34,0.34,True,-1,38,9.570000115120839e-15,7.253976158270148e-14,4.447978334534718,0.2542475220234235,True
0.36,0.34,True,-1,38,1.192353168112159e-14,9.38262424853956e-14,4.595841400969368,0.29319572993644494,True
0.38,0.34,True,-1,38,2.19251479839716e-15,1.9670677153088974e-14,4.7413785774245065,0.336146457695345,True
0.4,0.34,True,-1,38,2.9717914383385164e-15,2.4578948630856554e-14,4.889674285035285,0.38201374404218713,True
0.42,0.34,True,-1,38,3.584662409342285e-15,3.1432116589361626e-14,5.047534085411994,0.4300400168499263,True
0.44,0.34,True,-1,38,4.5008556438795835e-15,4.0988726273952743e-14,5.223491502954818,0.4813051380563311,True
0.46,0.34,True,-1,38,3.067713167858721e-15,2.1396122840846593e-14,5.428183354089067,0.5356198683655062,True
0.48,0.34,True,-1,38,1.0479117481786987e-14,7.478073665134915e-14,5.751990763216495,0.5928545315631601,True
0.5,0.34,True,-1,38,1.4178508678245931e-14,9.987766464346449e-14,6.172708664744153,0.6529377269586985,True
0.52,0.34,True,-1,38,9.006673595595123e-16,5.0046493166429155e-15,6.71331828872447,0.7158558667426309,True
0.54,0.34,True,-1,38,6.628005886499562e-16,2.4086780496887797e-15,7.433273983134927,0.7805520556063321,True
0.56,0.34,True,-1,38,1.5740127955196998e-15,9.704181280672465e-15,8.430415021402489,0.8479593488880992,True
0.58,0.34,True,-1,38,3.951442678963747e-15,3.1082858561593393e-14,9.872396489412122,0.9185604224152519,True
0.6,0.34,True,-1,38,9.733029935870001e-15,4.346175745321143e-14,12.045992609570911,0.9925934801619043,False
0.62,0.34,True,-1,38,1.7895352222091343e-15,1.4752252190252202e-14,15.35025171037376,1.064967731858074,False
0.64,0.34,True,-1,38,1.0994151322850842e-15,4.331795087328318e-15,19.57521292416331,1.0038337045486907,False
0.66,0.34,True,-1,38,5.2183434794654904e-15,6.629068047179217e-14,29.09213743008536,0.7920933364778735,False
0.68,0.34,True,-1,38,3.4192345831206546e-15,1.2136255730770682e-14,45.47103183096293,0.5608662655489782,False
0.7000000000000001,0.34,True,-1,38,1.866033584759964e-15,6.771488665336806e-15,53.835983556018114,0.3716161151513644,False
0.72,0.34,True,-1,38,8.000541662143798e-15,2.702030346360193e-14,91.39910526096685,0.05592941132892637,False
0.74,0.34,True,-1,38,1.6389708529052907e-14,4.276625629371495e-14,27.597821572918555,0.46788105518786605,False
0.76,0.34,False,8,9,0.0023350987289286512,0.017825593854197828,,,False
0.78,0.34,False,5,6,0.0027200537246517666,0.01985598202364562,,,False
0.8,0.34,False,3,4,0.004907534628420343,0.03180640572504602,,,False
0.8200000000000001,0.34,False,0,1,0.0028335353403128416,0.017192597220044036,,,False
0.84,0.34,False,0,1,0.01761181944333255,0.08706910449248308,,,False
0.86,0.34,False,0,1,0.03399033201776362,0.1389040965298001,,,False
0.88,0.34,False,0,1,0.051349454255038854,0.17703405094451563,,,False
0.9,0.34,False,0,1,0.06929389922062756,0.20560892269512102,,,False
0.92,0.34,False,0,1,0.08760001336512942,0.22762255109045149,,,False
0.9400000000000001,0.34,False,0,1,0.10614277307601164,0.24506545310695724,,,False
0.96,0.34,False,0,1,0.12485003572920428,0.25924867370061316,,,False
0.98,0.34,False,0,1,0.1436782930598955,0.2710459450095365,,,False
1.0,0.34,False,0,1,0.16259995880538974,0.28105551576517174,,,False
0.3,0.36,True,-1,38,8.185965802092733e-15,5.68262424405743e-14,4.037848951413686,0.25532230333378436,True
0.32,0.36,True,-1,38,9.705883109113745e-15,7.056946690606124e-14,4.199525510077198,0.2830273608915288,True
0.34,0.36,True,-1,38,1.1917586135908703e-14,8.887575050186432e-14,4.362159764807569,0.31549321783739437,True
0.36,0.36,True,-1,38,1.439109867285034e-14,1.1352925376983297e-13,4.5270759232302105,0.352343246381722,True
0.38,0.36,True,-1,38,3.080743865682491e-15,2.3831649028138104e-14,4.697241328370643,0.3932268105133061,True
0.4,0.36,True,-1,38,3.606516390149036e-15,2.947081322015919e-14,4.877331878578701,0.4378334819312819,True
0.42,0.36,True,-1,38,4.5522528710086676e-15,3.7567917999347966e-14,5.073840127464128,0.48448186312475894,True
0.44,0.36,True,-1,38,5.757392244657089e-15,4.8578746509510325e-14,5.2953622524793165,0.5340348316812285,True
0.46,0.36,True,-1,38,2.77833173273172e-15,2.464580929962785e-14,5.553223321922454,0.586783283004479,True
0.48,0.36,True,-1,38,1.7859262529286312e-15,9.063296689454095e-15,5.862665042926035,0.6426120047621666,True
0.5,0.36,True,-1,38,8.41868291085074e-16,4.704410992777719e-15,6.244977510319973,0.7014600538061737,True
0.52,0.36,True,-1,38,1.8496545496955604e-15,8.223227371520168e-15,6.7313040786858425,0.7633224527095142,True
0.54,0.36,True,-1,38,8.92612580010499e-16,5.559567973737264e-15,7.428157785966194,0.8282533298649373,True
0.56,0.36,True,-1,38,3.8283582482295026e-16,4.083891119484533e-15,8.385431805696962,0.8951837065391448,True
0.58,0.36,True,-1,38,5.474255194514172e-16,5.281712193752757e-15,9.680570131582785,0.9653170381576766,True
0.6,0.36,True,-1,38,2.947845977841313e-15,1.606577236644161e-14,11.418779846667944,1.0391141240221742,False
0.62,0.36,True,-1,38,5.597825521321478e-15,3.631275087788816e-14,14.242951490235978,1.0565702642529402,False
0.64,0.36,True,-1,38,1.7284950456185633e-15,1.283330865267137e-14,19.060449975855157,0.9937776268406893,False
0.66,0.36,True,-1,38,3.0421174482208188e-15,3.307232597486778e-14,26.090765242592564,0.798643883562117,False
0.68,0.36,True,-1,38,5.842993662341562e-15,2.1728749495861257e-14,29.30629644550714,0.6021303257690054,False
0.7000000000000001,0.36,True,-1,38,2.532306526238824e-15,1.1194784033797464e-14,49.31784208140659,0.4301596158531966,False
0.72,0.36,True,-1,38,7.070266421043647e-15,1.631516299069877e-14,46.150484749073236,0.6132985598889382,False
0.74,0.36,False,34,35,0.0011255712797995769,0.011316890145965413,,,False
0.76,0.36,False,6,7,0.0005887164078225073,0.004599901506018323,,,False
0.78,0.36,False,4,5,0.0033253184953880204,0.02343623863578403,,,False
0.8,0.36,False,2,3,0.004421164912005802,0.02764101643857749,,,False
0.8200000000000001,0.36,False,0,1,0.008467610189620103,0.047300911992496565,,,False
0.84,0.36,False,0,1,0.023776928193962255,0.10876193016865586,,,False
0.86,0.36,False,0,1,0.04041381269555468,0.15402648304346817,,,False
0.88,0.36,False,0,1,0.05785481725918154,0.18748392523164373,,,False
0.9,0.36,False,0,1,0.07578486902398854,0.21277924730016698,,,False
0.92,0.36,False,0,1,0.09402676230449562,0.23244249729607938,,,False
0.9400000000000001,0.36,False,0,1,0.11247993861489365,0.24814821963338277,,,False
0.96,0.36,False,0,1,0.1310851052102613,0.261005361644806,,,False
0.98,0.36,False,0,1,0.14980562029027716,0.2717606803388831,,,False
1.0,0.36,False,0,1,0.1686176376213412,0.280933379201286,,,False
0.3,0.38,True,-1,38,1.046116445105177e-14,7.422399987106868e-14,3.9601243963472266,0.32195315385066126,True
0.32,0.38,True,-1,38,2.5614952927027672e-15,1.6618486969908232e-14,4.122413705230552,0.3480250023995075,True
0.34,0.38,True,-1,38,3.696392484228482e-15,3.0038595441656095e-14,4.29051684782277,0.37872866620695866,True
0.36,0.38,True,-1,38,7.771759423958949e-15,6.34092844482459e-14,4.466174864823672,0.4137586717637851,True
0.38,0.38,True,-1,38,4.094676510282286e-15,2.985903201669625e-14,4.652457222249819,0.4528248883699111,True
0.4,0.38,True,-1,38,4.735397293626952e-15,3.7374391346335245e-14,4.853960382827376,0.49566570455135217,True
0.42,0.38,True,-1,38,5.860042771209283e-15,4.762853951782259e-14,5.077071801237293,0.5417659320101578,True
0.44,0.38,True,-1,38,7.277255749166883e-15,6.117393639812034e-14,5.330403486543642,0.5897772718265548,True
0.46,0.38,True,-1,38,6.241240956989121e-15,4.881084243469354e-14,5.6255359263475,0.6411086967870581,True
0.48,0.38,True,-1,38,9.852251986074894e-16,6.702826772398963e-15,5.978282018442094,0.6956641684682654,True
0.5,0.38,True,-1,38,4.243631457253663e-15,2.4312144455345738e-14,6.410816295300967,0.7533984206583955,True
0.52,0.38,True,-1,38,1.9856878846243655e-15,4.6870393767987526e-15,6.95527485246648,0.814320597664312,True
0.54,0.38,True,-1,38,3.6821932062951477e-16,1.4808257680159478e-15,7.659908121365855,0.87849933243125,True
0.56,0.38,True,-1,38,7.949198794554405e-16,3.128046236219065e-15,8.599645589830534,0.946070363209073,True
0.58,0.38,True,-1,38,9.375470263503235e-16,6.9980232038059315e-15,9.89364021773481,1.015962725470382,True
0.6,0.38,True,-1,38,2.623195589028991e-15,1.6455000902158293e-14,11.729339926787073,1.0896862980607942,False
0.62,0.38,True,-1,38,2.6604844918946567e-15,2.2776374750867627e-14,14.363192318819108,1.0421644536251868,False
0.64,0.38,True,-1,38,2.1729265637981758e-15,2.7170399121593285e-14,17.903375528701144,0.9751514520264752,False
0.66,0.38,True,-1,38,9.557756490002001e-15,5.1884757937029914e-14,21.15780949856876,0.7925850214067323,False
0.68,0.38,True,-1,38,3.656158442683102e-15,1.9575594772851413e-14,27.972240249084756,0.6178361054310715,False
0.7000000000000001,0.38,True,-1,38,7.908342344768172e-15,1.7540659786724122e-14,37.02984476077499,0.4584916019695493,False
0.72,0.38,False,35,36,0.0004968936434517068,0.005218864240701002,,,False
0.74,0.38,False,8,9,0.00192261887899801,0.015102424259401384,,,False
0.76,0.38,False,5,6,0.0020544827441625925,0.015564731795045228,,,False
0.78,0.38,False,3,4,0.0036694313957592356,0.024796005175519806,,,False
0.8,0.38,False,0,1,0.0008033070171627444,0.0050583416274005985,,,False
0.8200000000000001,0.38,False,0,1,0.014829732876726296,0.07620351911499937,,,False
0.84,0.38,False,0,1,0.0305603283745657,0.1295420495745076,,,False
0.86,0.38,False,0,1,0.047373487770491884,0.1687828412675434,,,False
0.88,0.38,False,0,1,0.06484593040028921,0.19800381751430607,,,False
0.9,0.38,False,0,1,0.08273077289142584,0.22030452871846393,,,False
0.92,0.38,False,0,1,0.10088824333484131,0.2377917987717153,,,False
0.9400000000000001,0.38,False,0,1,0.11923733128898092,0.25186370154521404,,,False
0.96,0.38,False,0,1,0.13772905705950317,0.2634542895789228,,,False
0.98,0.38,False,0,1,0.15633230780766155,0.2732017877008287,,,False
1.0,0.38,False,0,1,0.17502626017714915,0.28155836689307906,,,False
0.3,0.4,True,-1,38,2.992457830851237e-15,1.9312637609117238e-14,3.89707535198813,0.3900018125591376,True
0.32,0.4,True,-1,38,3.662894806649413e-15,2.2663368674985016e-14,4.059289525632551,0.41469462643731303,True
0.34,0.4,True,-1,38,3.936597859131341e-15,2.9813834154877805e-14,4.230484854696842,0.4438940509850964,True
0.36,0.4,True,-1,38,4.901119121014644e-15,3.304888871445893e-14,4.412748220760859,0.47735353009183257,True
0.38,0.4,True,-1,38,5.556386179928925e-15,4.061644272886218e-14,4.60929035827805,0.5148355723154028,True
0.4,0.4,True,-1,38,6.9789682562378405e-15,5.0682310790132365e-14,4.8246920758395255,0.5561234885317146,True
0.42,0.4,True,-1,38,8.494838662402981e-15,6.441458686246808e-14,5.065226528426825,0.6010304424815178,True
0.44,0.4,True,-1,38,1.0917788941633709e-14,8.360403836376966e-14,5.339335039282519,0.6484446498743925,True
0.46,0.4,True,-1,38,4.079219866531555e-16,2.2974411340155607e-15,5.658365480024748,0.6985217255457237,True
0.48,0.4,True,-1,38,1.011842062001899e-15,6.043973120389477e-15,6.03773100012445,0.7519547645767233,True
0.5,0.4,True,-1,38,2.8313748239171496e-15,1.5182940492322836e-14,6.498722801093728,0.8087185327177309,True
0.52,0.4,True,-1,38,1.7289406776067908e-15,8.88942682574898e-15,7.071310889816651,0.868841353423627,True
0.54,0.4,True,-1,38,4.982493048981751e-16,3.219067466997969e-15,7.798319394683255,0.9324121454199026,True
0.56,0.4,True,-1,38,1.6401643046719713e-15,9.541209550149774e-15,8.740992543420797,0.9995903416586243,True
0.58,0.4,True,-1,38,1.6026892296478617e-15,6.3595480803930706e-15,9.983564123760345,1.0705949435831343,True
0.6,0.4,True,-1,38,4.335559509131367e-16,1.1507891361319664e-15,11.623727147618045,1.081226292808739,False
0.62,0.4,True,-1,38,8.125323285481904e-16,6.531881092767996e-15,13.696035731982104,1.0210852901143337,False
0.64,0.4,True,-1,38,3.1985215122904828e-15,5.908910629303367e-14,15.870200509512804,0.9395720030586618,False
0.66,0.4,True,-1,38,7.930569880903095e-15,4.502251065982065e-14,19.260528505322636,0.7735656278268799,False
0.68,0.4,True,-1,38,5.382292063005783e-15,4.118908275400512e-14,25.200693180733957,0.6145287104478765,False
0.7000000000000001,0.4,False,37,38,0.0008248196433687151,0.008902452873192428,,,False
0.72,0.4,False,33,34,0.0019679417004044917,0.02014755930246336,,,False
0.74,0.4,False,6,7,0.0011362330963642423,0.009094931762913006,,,False
0.76,0.4,False,4,5,0.003451396860002298,0.025090661907203163,,,False
0.78,0.4,False,2,3,0.0039616874239872465,0.02561049366563969,,,False
0.8,0.4,False,0,1,0.007246120192007995,0.04179453787944499,,,False
0.8200000000000001,0.4,False,0,1,0.021884954522603625,0.10355113062310141,,,False
0.84,0.4,False,0,1,0.03792543955120885,0.1493628990311595,,,False
0.86,0.4,False,0,1,0.0548420200973106,0.18319102138364093,,,False
0.88,0.4,False,0,1,0.07230273456511177,0.20860714275801534,,,False
0.9,0.4,False,0,1,0.0901159833457449,0.22818567341972082,,,False
0.92,0.4,False,0,1,0.1081714838202902,0.2436637816357419,,,False
0.9400000000000001,0.4,False,0,1,0.12640369091104256,0.2562014768717105,,,False
0.96,0.4,False,0,1,0.14477183314382694,0.26658361512594475,,,False
0.98,0.4,False,0,1,0.16324922487360083,0.2753563827482972,,,False
1.0,0.4,False,0,1,0.18181746795473736,0.2829157500697029,,,False
0.3,0.42,True,-1,38,4.454834735312168e-15,2.861356707663152e-14,3.845397207551393,0.45953870142553566,True
0.32,0.42,True,-1,38,5.153575875552599e-15,3.333057744226576e-14,4.007088380618722,0.48306806632820587,True
0.34,0.42,True,-1,38,5.9599565033899725e-15,3.9478780064383796e-14,4.179793784820643,0.51098832313173,True
0.36,0.42,True,-1,38,7.011401216338505e-15,4.807860891571539e-14,4.365828653333467,0.543101914433747,True
0.38,0.42,True,-1,38,8.444266117371776e-15,5.925060636259705e-14,4.568481352469687,0.5792169796285758,True
0.4,0.42,True,-1,38,1.0488229376190095e-14,7.423742827083127e-14,4.792260172702557,0.6191576491167152,True
0.42,0.42,True,-1,38,1.3537780228231265e-14,9.556572059804182e-14,5.043211889234133,0.6627726486619079,True
0.44,0.42,True,-1,38,1.7321169345070186e-14,1.2555193998179716e-13,5.329363892752464,0.709942412974049,True
0.46,0.42,True,-1,38,3.236828524569469e-16,1.844184577743914e-15,5.661358417647247,0.7590024460380214,True
0.48,0.42,True,-1,38,3.1432500083045447e-16,9.024776816050855e-16,6.053362767818451,0.8114799970390538,True
0.5,0.42,True,-1,38,1.5784725430154835e-15,9.923463481701317e-15,6.524337781515216,0.8674374129092548,True
0.52,0.42,True,-1,38,4.423597925552465e-15,2.4037977182571824e-14,7.099668135585872,0.9269271044918639,True
0.54,0.42,True,-1,38,2.663414681224369e-15,2.3770740088884658e-14,7.812801917036114,0.9900643479960856,True
0.56,0.42,True,-1,38,4.509747244882934e-16,9.54672081857812e-16,8.705278494892209,1.0570398648168329,True
0.58,0.42,True,-1,38,3.6848074723016415e-16,9.945255908505258e-16,9.819449746064342,1.1120855519164952,True
0.6,0.42,True,-1,38,4.079219866531555e-16,8.663211471943887e-16,11.166451251656637,1.0562936135900225,False
0.62,0.42,True,-1,38,3.769065117876672e-15,6.313571661045674e-14,12.625680496200111,0.991898787958096,False
0.64,0.42,True,-1,38,1.4602703977091186e-15,1.2407367534582397e-14,14.828063669801264,0.8986183661607994,False
0.66,0.42,True,-1,38,2.2562397986482602e-15,1.1173058378635958e-14,18.413850793824356,0.7473260027864912,False
0.68,0.42,True,-1,38,2.766661520853722e-15,1.5221057966427212e-14,21.00471904293974,1.5607465517489516,False
0.7000000000000001,0.42,False,33,34,0.0005125983314089521,0.005487192034485144,,,False
0.72,0.42,False,7,8,0.0005605358111761641,0.004657982249138367,,,False
0.74,0.42,False,5,6,0.00338961656051275,0.02616701107809488,,,False
0.76,0.42,False,3,4,0.004601444955418027,0.03184907708992229,,,False
0.78,0.42,False,0,1,0.001065749425864182,0.006859700191526141,,,False
0.8,0.42,False,0,1,0.01446919579899153,0.07642224320858214,,,False
0.8200000000000001,0.42,False,0,1,0.02958620445625799,0.12922234856621262,,,False
0.84,0.42,False,0,1,0.045834357272484416,0.16826738907244154,,,False
0.86,0.42,False,0,1,0.06279262367626212,0.19729685179626857,,,False
0.88,0.42,False,0,1,0.08020558503586636,0.21931390485281768,,,False
0.9,0.42,False,0,1,0.09792498255659733,0.2364234963896312,,,False
0.92,0.42,False,0,1,0.11586347543259139,0.2500473487945772,,,False
0.9400000000000001,0.42,False,0,1,0.13396761302128357,0.26114595769114707,,,False
0.96,0.42,False,0,1,0.15220315261544926,0.27037727634991054,,,False
0.98,0.42,False,0,1,0.17054702637795038,0.2782049612197701,,,False
1.0,0.42,False,0,1,0.1889827988067714,0.28497542887679733,,,False
0.3,0.44,True,-1,38,7.239950258007355e-15,4.4486101192572606e-14,3.802601927725561,0.5306702365622029,True
0.32,0.44,True,-1,38,8.3581158950323e-15,5.21540438750423e-14,3.963418019629185,0.5532222173278263,True
0.34,0.44,True,-1,38,9.741416251850941e-15,6.240142406527712e-14,4.136493499294457,0.5800623471363942,True
0.36,0.44,True,-1,38,1.1795172643697204e-14,7.58161688119861e-14,4.324252180783482,0.6110342171109822,True
0.38,0.44,True,-1,38,4.972820174300706e-16,2.0148411199004253e-15,4.529962356135176,0.6459856981761689,True
0.4,0.44,True,-1,38,7.443877727095875e-15,4.0110686660599205e-14,4.75795653100817,0.6847779652111867,True
0.42,0.44,True,-1,38,1.6671838818017823e-15,1.0235751500696744e-14,5.013906433944224,0.7272935675106953,True
0.44,0.44,True,-1,38,4.0125770192081414e-16,7.7018268661926385e-16,5.3051792221158935,0.7734436498578496,True
0.46,0.44,True,-1,38,2.7755575615628914e-16,4.906190370474202e-16,5.641298931433205,0.8225886071759316,True
0.48,0.44,True,-1,38,4.484050470211362e-16,1.585083623293506e-15,6.034515619257126,0.8742936501185972,True
0.5,0.44,True,-1,38,1.0085056289535023e-15,4.9671713255665634e-15,6.500407747749438,0.9296304051197448,True
0.52,0.44,True,-1,38,4.764266990059458e-15,1.4828594103800034e-14,7.058214783691015,0.9886805409624078,True
0.54,0.44,True,-1,38,1.2003283681543526e-15,1.2830997846303249e-14,7.729964129223532,1.0515925242996593,True
0.56,0.44,True,-1,38,2.1139838795402726e-15,2.47977496481285e-14,8.535794704803896,1.1185974407251733,True
0.58,0.44,True,-1,38,2.606217513536601e-15,3.5975479517696944e-14,9.4788644327042,1.0833191101711561,True
0.6,0.44,True,-1,38,2.1050824708406534e-15,3.197484692352036e-14,10.5053399221294,1.0229218370061064,False
0.62,0.44,True,-1,38,1.2959208739370123e-15,1.499818375488759e-14,12.157353343259519,0.9514651440084441,False
0.64,0.44,True,-1,38,2.812641079050971e-15,1.1187475826792887e-14,14.459973076647179,0.8554831638464755,False
0.66,0.44,True,-1,38,1.967320211922957e-15,1.0317282858635814e-14,16.65559058066877,1.5297700371102323,False
0.68,0.44,False,34,35,0.001814291122637478,0.01989622297878594,,,False
0.7000000000000001,0.44,False,9,10,0.001279090176628704,0.010543143064443887,,,False
0.72,0.44,False,6,7,0.0035689511591974286,0.0287519698472679,,,False
0.74,0.44,False,3,4,0.0002773734876405277,0.0021006504619781687,,,False
0.76,0.44,False,1,2,0.00010412711535489176,0.0007119444332973332,,,False
0.78,0.44,False,0,1,0.008356874028920599,0.0490633238096256,,,False
0.8,0.44,False,0,1,0.022420636548001534,0.10862906097192485,,,False
0.8200000000000001,0.44,False,0,1,0.03788237993817034,0.15326204447394112,,,False
0.84,0.44,False,0,1,0.054250652479534596,0.18634784835616566,,,False
0.86,0.44,False,0,1,0.07119995914389754,0.21115575283026494,,,False
0.88,0.44,False,0,1,0.08853559205538307,0.23014347202245494,,,False
0.9,0.44,False,0,1,0.1061425740713536,0.24501473546107438,,,False
0.92,0.44,False,0,1,0.12395125789873744,0.2569276372431046,,,False
0.9400000000000001,0.44,False,0,1,0.1419176217133262,0.26667716388563684,,,False
0.96,0.44,False,0,1,0.1600126239362213,0.2748131749109292,,,False
0.98,0.44,False,0,1,0.17821610013019037,0.281728881177694,,,False
1.0,0.44,False,0,1,0.19651311782269582,0.28773381502033407,,,False
0.3,0.46,True,-1,38,2.3210366736525247e-15,1.4677671620576127e-14,3.766759170034508,0.6035385154964965,True
0.32,0.46,True,-1,38,3.825942753011439e-15,2.4700163947497928e-14,3.9263737489099984,0.6252769627393449,True
0.34,0.46,True,-1,38,8.386594157882081e-16,3.3980337852063935e-15,4.098924510722486,0.6512160675749255,True
0.36,0.46,True,-1,38,3.040470972244059e-16,8.349922060098962e-16,4.286836459035837,0.6812344881267123,True
0.38,0.46,True,-1,38,2.2943303432590505e-15,8.226637982478219e-15,4.493255770463803,0.7152150856630184,True
0.4,0.46,True,-1,38,6.888752704931532e-16,4.8696866625334886e-15,4.722225607411719,0.7530529224375528,True
0.42,0.46,True,-1,38,4.2847992921319714e-15,2.5062081238261127e-14,4.978892391590621,0.7946628584397126,True
0.44,0.46,True,-1,38,3.2168939642427596e-15,2.447495536349254e-14,5.269743103784439,0.83998683181568,True
0.46,0.46,True,-1,38,1.3600232051658168e-15,1.0466168401896735e-14,5.602853987617068,0.8890011154095208,True
0.48,0.46,True,-1,38,4.47545209131181e-16,2.0918525607402136e-15,5.98807660713728,0.9405144152004961,True
0.5,0.46,True,-1,38,5.915585101198027e-16,3.367893898842244e-15,6.436952676011093,0.9954407364367226,True
0.52,0.46,True,-1,38,5.428255500356165e-15,1.98168871724214e-14,6.961829863977499,1.0542767770001462,True
0.54,0.46,True,-1,38,6.044409900480431e-16,6.787010695753932e-15,7.572923016613187,1.117212485969341,True
0.56,0.46,True,-1,38,8.345155887641791e-16,1.0249658384855728e-14,8.270522981299422,1.1027292507265214,True
0.58,0.46,True,-1,38,9.992007221626409e-16,1.2238417216598455e-14,9.049999511800296,1.0454142569429319,True
0.6,0.46,True,-1,38,1.389997453310356e-15,9.273479230104014e-15,10.365525784989797,0.9772629262008445,False
0.62,0.46,True,-1,38,4.429775955663296e-15,1.723082997772954e-14,11.946683733485033,0.8911184778103021,False
0.64,0.46,True,-1,38,8.249338096293323e-15,4.066255259674306e-14,13.590206782450132,0.7424178679292153,False
0.66,0.46,False,34,35,0.0015928362578973155,0.01796454680585803,,,False
0.68,0.46,False,31,32,0.00047578685583985256,0.005122061532766239,,,False
0.7000000000000001,0.46,False,6,7,0.0006385323752988904,0.005500638947977924,,,False
0.72,0.46,False,4,5,0.0021502710110913193,0.017103632543771122,,,False
0.74,0.46,False,2,3,0.0016463956668869894,0.011827673684458246,,,False
0.76,0.46,False,0,1,0.0035346375875759018,0.02287849315129194,,,False
0.78,0.46,False,0,1,0.01646802250338556,0.08822133829392753,,,False
0.8,0.46,False,0,1,0.03103653260407927,0.13839150090751018,,,False
0.8200000000000001,0.46,False,0,1,0.04672399865982774,0.17581169576667696,,,False
0.84,0.46,False,0,1,0.06314083430528862,0.20371429879574082,,,False
0.86,0.46,False,0,1,0.08004048699091436,0.22482157030503358,,,False
0.88,0.46,False,0,1,0.09727476676177958,0.24111060819827548,,,False
0.9,0.46,False,0,1,0.11475398461638786,0.25395060019288385,,,False
0.92,0.46,False,0,1,0.1324220269674381,0.2642848286274448,,,False
0.9400000000000001,0.46,False,0,1,0.1502423077778031,0.2727675442441528,,,False
0.96,0.46,False,0,1,0.16818983690162476,0.27986181540363986,,,False
0.98,0.46,False,0,1,0.18624686538457558,0.2858961341769122,,,False
1.0,0.46,False,0,1,0.2044001955416031,0.2911110411646496,,,False
0.3,0.48,True,-1,38,2.7274001938111796e-15,1.659994989718499e-14,3.736337390054756,0.6783239146791009,True
0.32,0.48,True,-1,38,4.2833607158644205e-15,2.6485476942683543e-14,3.8944158182089295,0.6993965438489247,True
0.34,0.48,True,-1,38,1.390274538422908e-15,4.072382565704304e-15,4.065680627064957,0.7245993004327416,True
0.36,0.48,True,-1,38,3.6506759942727966e-16,8.671865248824309e-16,4.252466294948881,0.7538413296876318,True
0.38,0.48,True,-1,38,6.4018582627671775e-16,3.2084201236067574e-15,4.457702610239991,0.7870368743242455,True
0.4,0.48,True,-1,38,2.372087040039161e-15,1.4033498085627159e-14,4.685036380413486,0.8241125125208815,True
0.42,0.48,True,-1,38,1.7713624884240054e-15,1.4494958037700136e-14,4.938954258869469,0.8650144295667337,True
0.44,0.48,True,-1,38,4.2001807449902774e-16,2.2305403341661264e-15,5.224883867773852,0.9097158367688287,True
0.46,0.48,True,-1,38,3.775166431889533e-16,2.40065207736394e-15,5.549215078588534,0.9582248518873457,True
0.48,0.48,True,-1,38,2.0480906764290002e-15,9.006796318951573e-15,5.919105476353173,1.010336807060074,True
0.5,0.48,True,-1,38,1.28044686014565e-15,4.508161647576691e-15,6.3417682992802735,1.0650932842615022,True
0.52,0.48,True,-1,38,3.793487649177394e-15,1.8860621161493285e-14,6.822601231427905,1.123980631530933,True
0.54,0.48,True,-1,38,3.226369283950393e-15,9.643177468287588e-15,7.3608637178844365,1.1872410965730178,True
0.56,0.48,True,-1,38,1.3802644315448593e-15,6.566987427461342e-15,8.096999182069778,1.059549656514566,True
0.58,0.48,True,-1,38,2.1130726402723043e-15,9.368684956834422e-15,9.074053181316897,0.9933362165922528,True
0.6,0.48,True,-1,38,4.207877081940309e-15,1.571881449507069e-14,10.221461814813457,0.9077989353388638,False
0.62,0.48,False,37,38,0.0002861438466384303,0.003415842566719354,,,False
0.64,0.48,False,34,35,0.0019295733836431296,0.022235431572554833,,,False
0.66,0.48,False,31,32,0.0004776444436623525,0.005291740529498087,,,False
0.68,0.48,False,7,8,0.0017626056281152885,0.015431341209450626,,,False
0.7000000000000001,0.48,False,5,6,0.003962503597211399,0.032700858928305425,,,False
0.72,0.48,False,3,4,0.004411077335972816,0.03316065069628641,,,False
0.74,0.48,False,1,2,0.0038955579369710854,0.026509937408347235,,,False
0.76,0.48,False,0,1,0.011728339139866354,0.06900595527502933,,,False
0.78,0.48,False,0,1,0.025328814137575623,0.12412473656708553,,,False
0.8,0.48,False,0,1,0.040251803624452825,0.16587329169732085,,,False
0.8200000000000001,0.48,False,0,1,0.05606617882438211,0.19705206837274925,,,False
0.84,0.48,False,0,1,0.07247480722391737,0.22047463397529984,,,False
0.86,0.48,False,0,1,0.08929252943793446,0.23833995351229637,,,False
0.88,0.48,False,0,1,0.10640610486827366,0.2522215739517638,,,False
0.9,0.48,False,0,1,0.12374491279780903,0.2632164633444322,,,False
0.92,0.48,False,0,1,0.14126324907259252,0.27209151105690005,,,False
0.9400000000000001,0.48,False,0,1,0.1589303151732589,0.279386173372557,,,False
0.96,0.48,False,0,1,0.17672434968829556,0.2854908034621711,,,False
0.98,0.48,False,0,1,0.1946293842503409,0.2906902165428634,,,False
1.0,0.48,False,0,1,0.21263365742932025,0.29516659417309987,,,False
0.3,0.5,True,-1,38,2.861383123522437e-15,1.778644023016107e-14,3.710107939917066,0.7552506376730506,True
0.32,0.5,True,-1,38,4.8448388817600404e-15,2.783076413488585e-14,3.8662925454024966,0.7757943449492812,True
0.34,0.5,True,-1,38,7.449257298660085e-15,4.409847309043822e-14,4.035580984542221,0.8004162103258112,True
0.36,0.5,True,-1,38,3.964289135040461e-16,2.3696851681417677e-15,4.220140618518608,0.829052587052528,True
0.38,0.5,True,-1,38,2.7200464103316335e-15,2.1792283810192683e-14,4.422602900054157,0.8616465936669593,True
0.4,0.5,True,-1,38,8.78147111669024e-16,8.130843252109951e-15,4.646125551965988,0.8981548671619886,True
0.42,0.5,True,-1,38,7.596108288712161e-16,2.1036273258429988e-15,4.89442534143511,0.9385547217982493,True
0.44,0.5,True,-1,38,5.828670879282072e-16,2.6484994732449064e-15,5.171738810999895,0.9828518932163912,True
0.46,0.5,True,-1,38,1.6422765583542515e-15,6.620558806683463e-15,5.482622972375302,1.0310892589445497,True
0.48,0.5,True,-1,38,4.163336342344337e-16,8.685177151810391e-16,5.8314190614520935,1.0833572058262728,True
0.5,0.5,True,-1,38,1.0781889047992172e-15,3.2274653026462517e-15,6.22103464603417,1.1389150545236113,True
0.52,0.5,True,-1,38,2.0787054681284703e-15,1.187710316323288e-14,6.698534441065451,1.198172280060422,True
0.54,0.5,True,-1,38,6.496835633920955e-15,2.990938380005817e-14,7.3394059654540245,1.2621289682644523,True
0.56,0.5,True,-1,38,4.680416387399542e-15,2.0217647492844516e-14,8.095200991472646,0.9988380057310673,True
0.58,0.5,True,-1,38,2.8306605131362286e-15,1.148009439543865e-14,8.965385902765028,0.9092867940676541,True
0.6,0.5,False,36,37,0.000678273821517508,0.008246256301914914,,,False
0.62,0.5,False,33,34,0.0008076907404932379,0.009556643763573515,,,False
0.64,0.5,False,31,32,0.0010348778062209314,0.011718288190821427,,,False
0.66,0.5,False,7,8,0.00036941155441570057,0.003390251056618746,,,False
0.68,0.5,False,5,6,0.002213030772038429,0.019285756154828415,,,False
0.7000000000000001,0.5,False,3,4,0.002240277478580627,0.017965641600555724,,,False
0.72,0.5,False,1,2,0.001215902088807772,0.008921879078357033,,,False
0.74,0.5,False,0,1,0.008157552629351526,0.052216948996526236,,,False
0.76,0.5,False,0,1,0.02076390154284695,0.11118908654962263,,,False
0.78,0.5,False,0,1,0.034859126652671636,0.15689089654148108,,,False
0.8,0.5,False,0,1,0.0500066824141664,0.1913280488507692,,,False
0.8200000000000001,0.5,False,0,1,0.06586958273358555,0.21716642627008806,,,False
0.84,0.5,False,0,1,0.08222576069388453,0.23672443934912982,,,False
0.86,0.5,False,0,1,0.09893616685664779,0.25174537104733896,,,False
0.88,0.5,False,0,1,0.11591352012835247,0.26347502466378425,,,False
0.9,0.5,False,0,1,0.13310157084811064,0.27279104348827765,,,False
0.92,0.5,False,0,1,0.15046263225718998,0.2803164871405959,,,False
0.9400000000000001,0.5,False,0,1,0.16797040900977978,0.28649844790971074,,,False
0.96,0.5,False,0,1,0.18560583345019288,0.29165968657128877,,,False
0.98,0.5,False,0,1,0.20335450818104248,0.296037826940074,,,False
1.0,0.5,False,0,1,0.22120461336505712,0.2998517295804482,,,False
0.3,0.52,True,-1,38,3.2935706791818916e-15,1.8637532077325868e-14,3.6870926458085354,0.834344794987314,True
0.32,0.52,True,-1,38,4.952095633958572e-15,2.8262277126166303e-14,3.8409993407799115,0.8547415995807608,True
0.34,0.52,True,-1,38,6.247409533636639e-15,2.672953468266222e-14,4.007659321458484,0.8789340590245749,True
0.36,0.52,True,-1,38,1.3371736463036914e-15,1.1341488627363724e-14,4.189010047223698,0.9071345908038035,True
0.38,0.52,True,-1,38,3.2775092460303214e-15,1.896722922203614e-14,4.387316792488748,0.939313801603975,True
0.4,0.52,True,-1,38,3.6506759942727966e-16,1.932604616704488e-15,4.605173740046285,0.9754579989905148,True
0.42,0.52,True,-1,38,9.570644082560845e-16,3.3271797709562704e-15,4.845446890101766,1.0155765148345335,True
0.44,0.52,True,-1,38,2.0193015817991764e-15,1.5906220821274484e-14,5.111101372602936,1.0597100780495712,True
0.46,0.52,True,-1,38,3.3422138886441676e-16,7.984192594439989e-16,5.404806539860963,1.1079407682190503,True
0.48,0.52,True,-1,38,3.815760786470701e-16,7.276222255131434e-16,5.747415113390125,1.1604044428007407,True
0.5,0.52,True,-1,38,8.309307342148466e-16,2.301717953480373e-15,6.198454434319132,1.2173070952067202,True
0.52,0.52,True,-1,38,1.875094052700647e-15,8.214284386021537e-15,6.72171595806528,1.2773867508860897,True
0.54,0.52,True,-1,38,3.649409644233792e-15,9.179293970072608e-15,7.325562939325151,1.3425115972168424,True
0.56,0.52,True,-1,38,4.766934258812063e-15,5.126526642902201e-14,8.009403054269484,0.8831831784554822,True
0.58,0.52,False,35,36,0.001181196285145787,0.014572963281975094,,,False
0.6,0.52,False,33,34,0.0021722177729505895,0.025983206943033618,,,False
0.62,0.52,False,31,32,0.002109935610350836,0.02427549452656138,,,False
0.64,0.52,False,8,9,0.0019319390109738357,0.017715032161105166,,,False
0.66,0.52,False,5,6,0.0012835905451042521,0.01168926157593052,,,False
0.68,0.52,False,3,4,0.0009743180902447886,0.00823866487590421,,,False
0.7000000000000001,0.52,False,2,3,0.004746244931241582,0.035815604754229693,,,False
0.72,0.52,False,0,1,0.005676007792922091,0.039088493250036924,,,False
0.74,0.52,False,0,1,0.017315210262358098,0.10049167076509016,,,False
0.76,0.52,False,0,1,0.030551492668759006,0.14939872270601673,,,False
0.78,0.52,False,0,1,0.04498187142472577,0.18682113368770556,,,False
0.8,0.52,False,0,1,0.060249298315461566,0.21503035036220325,,,False
0.8200000000000001,0.52,False,0,1,0.07610022797955913,0.23632091905121735,,,False
0.84,0.52,False,0,1,0.09236984162113894,0.2525419338647283,,,False
0.86,0.52,False,0,1,0.10895303957299728,0.26506142023361423,,,False
0.88,0.52,False,0,1,0.1257817840530347,0.27486257705834477,,,False
0.9,0.52,False,0,1,0.14281067170454223,0.2826475557172676,,,False
0.92,0.52,False,0,1,0.16000816689353062,0.2889249013013903,,,False
0.9400000000000001,0.52,False,0,1,0.17735158688168065,0.29406242710726616,,,False
0.96,0.52,False,0,1,0.19482394582346238,0.298331066254599,,,False
0.98,0.52,False,0,1,0.21241199918386922,0.301937863135183,,,False
1.0,0.52,False,0,1,0.23010502129352964,0.30505002780679447,,,False
0.3,0.54,True,-1,38,3.293921513135966e-15,1.8785720494361136e-14,3.6665466368088975,0.9161348050052982,True
0.32,0.54,True,-1,38,5.333116670269899e-15,2.968892157030775e-14,3.8177705010747456,0.9365811949378162,True
0.34,0.54,True,-1,38,7.977253739379427e-15,4.796826529903994e-14,3.981177323167188,0.9604975205164967,True
0.36,0.54,True,-1,38,2.6050348849953745e-15,1.441412405256517e-14,4.15842494146294,0.9884374511571954,True
0.38,0.54,True,-1,38,4.1910000110727263e-16,2.457635311916051e-15,4.351360120743849,1.0203989139364307,True
0.4,0.54,True,-1,38,7.130536482749599e-16,4.319963665046862e-15,4.561960610667635,1.0563988152124664,True
0.42,0.54,True,-1,38,8.438425365424546e-15,5.0906287808011716e-14,4.792194625243047,1.096480898899637,True
0.44,0.54,True,-1,38,8.340354195317842e-15,4.0038620923004716e-14,5.051305972230812,1.1407252131341514,True
0.46,0.54,True,-1,38,5.20740757162067e-16,1.9873851770861602e-15,5.388036140561869,1.189259949631736,True
0.48,0.54,True,-1,38,1.5151595604785607e-15,7.448670604386468e-15,5.771377462040448,1.2422769284417696,True
0.5,0.54,True,-1,38,3.8218127502839276e-15,1.7172409753764474e-14,6.208190858969645,1.3000528483021436,True
0.52,0.54,True,-1,38,1.815870220523864e-15,9.401770006372999e-15,6.703570243043773,1.3623772575421609,True
0.54,0.54,False,36,37,0.0005904122308770166,0.007550443206359129,,,False
0.56,0.54,False,34,35,0.0017579412038965319,0.021950820191386944,,,False
0.58,0.54,False,32,33,0.0017543441067135975,0.021330558337294244,,,False
0.6,0.54,False,30,31,0.0005489735750201296,0.006443218312437649,,,False
0.62,0.54,False,8,9,0.0018326242640230748,0.017334336724423947,,,False
0.64,0.54,False,5,6,0.001086555930348938,0.010242976013543386,,,False
0.66,0.54,False,3,4,0.0005113484009089666,0.004510593904069242,,,False
0.68,0.54,False,2,3,0.0037538363963653307,0.029850312740188234,,,False
0.7000000000000001,0.54,False,0,1,0.004185875699800734,0.03065079490123094,,,False
0.72,0.54,False,0,1,0.01492866196934865,0.09297859235211407,,,False
0.74,0.54,False,0,1,0.02731237755770167,0.1440586702162617,,,False
0.76,0.54,False,0,1,0.04099686608965783,0.18392818610987377,,,False
0.78,0.54,False,0,1,0.055629378834743295,0.2142830813591394,,,False
0.8,0.54,False,0,1,0.07093582924321033,0.2372371573160135,,,False
0.8200000000000001,0.54,False,0,1,0.08672882317142898,0.2546562426412972,,,False
0.84,0.54,False,0,1,0.10288571410224645,0.26798789702128895,,,False
0.86,0.54,False,0,1,0.11933801066371637,0.27799509459078536,,,False
0.88,0.54,False,0,1,0.13599647485457536,0.28636893075714204,,,False
0.9,0.54,False,0,1,0.15285935416809013,0.29275788443296935,,,False
0.92,0.54,False,0,1,0.16988816090588274,0.2978780491239219,,,False
0.9400000000000001,0.54,False,0,1,0.18706299945383842,0.302035774172181,,,False
0.96,0.54,False,0,1,0.20436856864750452,0.30545859822438354,,,False
0.98,0.54,False,0,1,0.22179257311705097,0.3083272974541324,,,False
1.0,0.54,False,0,1,0.23932513220568075,0.3107697087963957,,,False
0.3,0.56,True,-1,38,3.808182306722708e-15,2.0709332646822215e-14,3.647977727897153,1.0011203861221531,True
0.32,0.56,True,-1,38,5.623159061146113e-15,3.257562284614471e-14,3.7961086868536187,1.0217487619335888,True
0.34,0.56,True,-1,38,8.295760356277053e-15,5.458366944502285e-14,3.9556738225959442,1.045550966733881,True
0.36,0.56,True,-1,38,6.938893903907228e-16,3.305893313108047e-15,4.128015366104134,1.0734191326699762,True
0.38,0.56,True,-1,38,1.2063302474774457e-15,5.5855142089392514e-15,4.31452743971285,1.10537981070866,True
0.4,0.56,True,-1,38,2.2867629927476573e-15,1.151983733193612e-14,4.516545049333296,1.1414831883502021,True
0.42,0.56,True,-1,38,9.302880628116477e-15,4.6530384584484525e-14,4.777426593779438,1.1818120107089976,True
0.44,0.56,True,-1,38,2.762202756439953e-15,1.1933299413020534e-14,5.072246203698999,1.2264928729856777,True
0.46,0.56,True,-1,38,7.49544445604855e-15,6.303624574724052e-14,5.4031751589811075,1.2757110387267367,True
0.48,0.56,True,-1,38,1.6885338876288103e-15,7.183139695314047e-15,5.774792145123153,1.3297307209156843,True
0.5,0.56,False,36,37,0.0001764751489839297,0.0023228473987351905,,,False
0.52,0.56,False,34,35,0.0007927458498271066,0.010261449207377909,,,False
0.54,0.56,False,32,33,0.00024488210260748076,0.003112279329835968,,,False
0.56,0.56,False,31,32,0.001459362851350375,0.0179534525586913,,,False
0.58,0.56,False,30,31,0.0025870744525075067,0.030560199359111223,,,False
0.6,0.56,False,7,8,0.00046541720238681524,0.004664253634282817,,,False
0.62,0.56,False,5,6,0.001555356913573717,0.015050917088768155,,,False
0.64,0.56,False,3,4,0.0007701371126100417,0.007018619100333797,,,False
0.66,0.56,False,2,3,0.00357716584247502,0.02965329541567592,,,False
0.68,0.56,False,0,1,0.003589176730661771,0.02762451377433609,,,False
0.7000000000000001,0.56,False,0,1,0.013533058823083494,0.08948827171153433,,,False
0.72,0.56,False,0,1,0.02510521462357468,0.1415719790077956,,,False
0.74,0.56,False,0,1,0.03804102719165704,0.1831310950916934,,,False
0.76,0.56,False,0,1,0.05201431256445387,0.2152196149704059,,,False
0.78,0.56,False,0,1,0.06674499083231021,0.23963855095977854,,,False
0.8,0.56,False,0,1,0.0820295349260405,0.25817143851565544,,,False
0.8200000000000001,0.56,False,0,1,0.0977299467797435,0.2722873619677978,,,False
0.84,0.56,False,0,1,0.11376251084658787,0.2828427588553004,,,False
0.86,0.56,False,0,1,0.130039818612525,0.29146660685773623,,,False
0.88,0.56,False,0,1,0.14654385543882975,0.29797548976928057,,,False
0.9,0.56,False,0,1,0.16323529670471848,0.3030870045994226,,,False
0.92,0.56,False,0,1,0.18009121475702916,0.3071361314317173,,,False
0.9400000000000001,0.56,False,0,1,0.1970939780343071,0.3103765274323489,,,False
0.96,0.56,False,0,1,0.21422951917993266,0.3130087686750348,,,False
0.98,0.56,False,0,1,0.2314869829167536,0.3151440869985926,,,False
1.0,0.56,False,0,1,0.24885628755941333,0.3169396556994062,,,False
0.3,0.58,True,-1,38,4.43481641018909e-15,2.4513553417025087e-14,3.6312158604910216,1.0898423003239865,True
0.32,0.58,True,-1,38,6.361357529606935e-15,3.999057904093273e-14,3.775869943855963,1.110804962023123,True
0.34,0.58,True,-1,38,9.251729011616737e-15,6.719020983135171e-14,3.931075004289486,1.1346730550432202,True
0.36,0.58,True,-1,38,1.4087150935148696e-15,8.678877844721974e-15,4.097838705091412,1.1626832314292221,True
0.38,0.58,True,-1,38,3.484844882821638e-15,1.7676267038784075e-14,4.296656750355662,1.1948939555314442,True
0.4,0.58,True,-1,38,7.508588603726681e-15,2.7011375607312954e-14,4.532577948358828,1.2313939374419152,True
0.42,0.58,True,-1,38,3.664576962791656e-15,1.6251286852303168e-14,4.79369027446895,1.2723129377453004,True
0.44,0.58,True,-1,38,2.4577401566431156e-15,1.104927760761258e-14,5.083388700085146,1.3178361094866686,True
0.46,0.58,False,36,37,0.0009189708315539378,0.012321101916111925,,,False
0.48,0.58,False,34,35,0.0010470657978232873,0.013876368986459907,,,False
0.5,0.58,False,33,34,0.002130641233209552,0.02768236127340856,,,False
0.52,0.58,False,31,32,0.0006671074765100285,0.008524930769787761,,,False
0.54,0.58,False,30,31,0.001142871044068957,0.01417472326237985,,,False
0.56,0.58,False,29,30,0.0015088834679759437,0.018036847578369684,,,False
0.58,0.58,False,7,8,0.0017360356832334996,0.01765361968450948,,,False
0.6,0.58,False,5,6,0.002642868399877752,0.02605558166318883,,,False
0.62,0.58,False,3,4,0.0016908335705281886,0.015783324731534328,,,False
0.64,0.58,False,2,3,0.0041416834972853745,0.03543916298930294,,,False
0.66,0.58,False,0,1,0.003800364918781351,0.030413748909182834,,,False
0.68,0.58,False,0,1,0.013052739022449146,0.0906515797070196,,,False
0.7000000000000001,0.58,False,0,1,0.023879678546066284,0.14257942166919638,,,False
0.72,0.58,False,0,1,0.036089368536428905,0.1849382488833534,,,False
0.74,0.58,False,0,1,0.049397089124154386,0.2181881903219135,,,False
0.76,0.58,False,0,1,0.06353163081445244,0.24374146938649832,,,False
0.78,0.58,False,0,1,0.07828217708825903,0.26320934651396505,,,False
0.8,0.58,False,0,1,0.09349949551080343,0.2780182318952028,,,False
0.8200000000000001,0.58,False,0,1,0.10908133060281598,0.2893050838776408,,,False
0.84,0.58,False,0,1,0.12495755980979861,0.2979355055604854,,,False
0.86,0.58,False,0,1,0.14107914623759324,0.3045587553150536,,,False
0.88,0.58,False,0,1,0.15741084058254523,0.30966026855066914,,,False
0.9,0.58,False,0,1,0.17392654895655746,0.3136016234291611,,,False
0.92,0.58,False,0,1,0.19060624033579093,0.316658355613346,,,False
0.9400000000000001,0.58,False,0,1,0.2074341302544061,0.3190389408544266,,,False
0.96,0.58,False,0,1,0.22439740602097266,0.3209035187006454,,,False
0.98,0.58,False,0,1,0.2414840212005735,0.32248220487219437,,,False
1.0,0.58,False,0,1,0.2586887150033244,0.3235832125718329,,,False
0.3,0.6,True,-1,38,6.7042212575459915e-15,3.318603311714215e-14,3.6165687368693344,1.1830048432365974,True
0.32,0.6,True,-1,38,8.577595590109092e-15,5.687811600497485e-14,3.7574488244858295,1.204486094304027,True
0.34,0.6,True,-1,38,1.69177917785806e-14,1.136529285758056e-13,3.9079229886966416,1.2286315898131566,True
0.36,0.6,True,-1,38,5.894189094422783e-15,3.315173967731823e-14,4.100435231757709,1.2570396031087379,True
0.38,0.6,False,37,38,0.00011429006806632625,0.0015849584259895824,,,False
0.4,0.6,False,36,37,0.0009129675096436049,0.012557971459425858,,,False
0.42,0.6,False,34,35,0.00035213260623040687,0.004816542039851902,,,False
0.44,0.6,False,33,34,0.0007017963468126662,0.009492779618183522,,,False
0.46,0.6,False,32,33,0.0009625613824813804,0.012838213642627811,,,False
0.48,0.6,False,31,32,0.0011017207012202195,0.014434995069661274,,,False
0.5,0.6,False,30,31,0.0010314362669197013,0.013217838460924036,,,False
0.52,0.6,False,29,30,0.000793595886098491,0.009896833302400373,,,False
0.54,0.6,False,28,29,0.0005861152980020347,0.007062861445171689,,,False
0.56,0.6,False,6,7,0.001264722232622652,0.013353972519675338,,,False
0.58,0.6,False,4,5,0.001033343733944765,0.010525015552134687,,,False
0.6,0.6,False,3,4,0.0032331125356490683,0.030673154143030963,,,False
0.62,0.6,False,1,2,0.000788210848512825,0.007104826365301981,,,False
0.64,0.6,False,0,1,0.004752367613696609,0.03915472653564551,,,False
0.66,0.6,False,0,1,0.013418221962894817,0.09685567447639619,,,False
0.68,0.6,False,0,1,0.023580062887410717,0.14758282939945483,,,False
0.7000000000000001,0.6,False,0,1,0.03510657148339639,0.18981759449104044,,,False
0.72,0.6,False,0,1,0.0477603241184444,0.22355049128219975,,,False
0.74,0.6,False,0,1,0.061291042854004,0.24979365185546826,,,False
0.76,0.6,False,0,1,0.07549015926580242,0.26992445061131176,,,False
0.78,0.6,False,0,1,0.09020280556013438,0.28526626212466766,,,False
0.8,0.6,False,0,1,0.10531940320139307,0.2969274742675571,,,False
0.8200000000000001,0.6,False,0,1,0.12076323822108777,0.30577962740370873,,,False
0.84,0.6,False,0,1,0.13647995363744514,0.31249224601997283,,,False
0.86,0.6,False,0,1,0.1524303087394148,0.3175688846964014,,,False
0.88,0.6,False,0,1,0.16858499475325547,0.3213961726628429,,,False
0.9,0.6,False,0,1,0.18492159117644133,0.3242671806614937,,,False
0.92,0.6,False,0,1,0.2014224568141126,0.3264040251018343,,,False
0.9400000000000001,0.6,False,0,1,0.2180732395898629,0.32798126914863135,,,False
0.96,0.6,False,0,1,0.23486205867422583,0.329132754211992,,,False
0.98,0.6,False,0,1,0.2517785223502083,0.32998746745864826,,,False
1.0,0.6,False,0,1,0.26881493318679656,0.33055029967651206,,,False
0.3,0.62,False,35,36,0.000438280183430805,0.006176384765278923,,,False
0.32,0.62,False,35,36,0.0011221660093670169,0.01575493596309985,,,False
0.34,0.62,False,34,35,0.0007369975504721074,0.010314232466736567,,,False
0.36,0.62,False,33,34,0.00022142597468291546,0.003086082847120395,,,False
0.38,0.62,False,33,34,0.001559136325807106,0.021526442201112998,,,False
0.4,0.62,False,32,33,0.0011478433320974233,0.01572490755195117,,,False
0.42,0.62,False,31,32,0.0005796619198605808,0.007861751005584748,,,False
0.44,0.62,False,31,32,0.0026529013508846976,0.035305093548966694,,,False
0.46,0.62,False,30,31,0.0020957978410566973,0.027430672126053556,,,False
0.48,0.62,False,29,30,0.0013365767841464135,0.017142180002148857,,,False
0.5,0.62,False,28,29,0.0005562959301767869,0.006955135992256203,,,False
0.52,0.62,False,7,8,0.0008060591974286504,0.008892736727781486,,,False
0.54,0.62,False,5,6,0.0011409523723592363,0.01234440283666683,,,False
0.56,0.62,False,4,5,0.003363780340918051,0.034424170442996956,,,False
0.58,0.62,False,2,3,0.0008887330625006601,0.008704908997415956,,,False
0.6,0.62,False,1,2,0.002776011649363709,0.025359149737626506,,,False
0.62,0.62,False,0,1,0.0063979162099693804,0.05377849905525227,,,False
0.64,0.62,False,0,1,0.014572860222318375,0.10825622865558181,,,False
0.66,0.62,False,0,1,0.02415320346920837,0.1569033903893522,,,False
0.68,0.62,False,0,1,0.035052519266355116,0.19813903532639793,,,False
0.7000000000000001,0.62,False,0,1,0.04707903034715499,0.2316350021272646,,,False
0.72,0.62,False,0,1,0.06001084230732721,0.2580460461181967,,,False
0.74,0.62,False,0,1,0.0736502108543813,0.2784883536657049,,,False
0.76,0.62,False,0,1,0.08784278512320409,0.294136882274488,,,False
0.78,0.62,False,0,1,0.10247533376114498,0.3060312248664969,,,False
0.8,0.62,False,0,1,0.11746656308274663,0.31501901888833395,,,False
0.8200000000000001,0.62,False,0,1,0.1327579042432803,0.32176709482683163,,,False
0.84,0.62,False,0,1,0.1483064926989656,0.3267907033638462,,,False
0.86,0.62,False,0,1,0.16409135400032934,0.33013537199549575,,,False
0.88,0.62,False,0,1,0.18005430744456827,0.33316106916657523,,,False
0.9,0.62,False,0,1,0.196209307915668,0.33504904484392334,,,False
0.92,0.62,False,0,1,0.21252935825545322,0.3363352150479937,,,False
0.9400000000000001,0.62,False,0,1,0.2290013608806177,0.3371609072603796,,,False
0.96,0.62,False,0,1,0.24561415921365135,0.3376408997036908,,,False
0.98,0.62,False,0,1,0.2623582205307391,0.33785956221006436,,,False
1.0,0.62,False,0,1,0.27922509624877084,0.33789049026642054,,,False
0.3,0.64,False,32,33,0.0019074335157282132,0.026797136390691492,,,False
0.32,0.64,False,31,32,0.00027097305535755945,0.0037976660539282255,,,False
0.34,0.64,False,31,32,0.0011544854280061355,0.01607582828101563,,,False
0.36,0.64,False,31,32,0.002269757827485657,0.03132195974751939,,,False
0.38,0.64,False,30,31,0.0007843207562682653,0.010748060427792807,,,False
0.4,0.64,False,30,31,0.002375588727919291,0.032081907525528336,,,False
0.42,0.64,False,29,30,0.0008857223940335334,0.011823184894119527,,,False
0.44,0.64,False,29,30,0.0030149161422364373,0.03935336976980257,,,False
0.46,0.64,False,28,29,0.0017273390933860626,0.022118860910535873,,,False
0.48,0.64,False,8,9,0.0008774480872037892,0.009958530942938167,,,False
0.5,0.64,False,6,7,0.0020027621769982853,0.022503511118166807,,,False
0.52,0.64,False,4,5,0.0013089833970801237,0.014349625093938228,,,False
0.54,0.64,False,3,4,0.002596347634650424,0.02701091576863788,,,False
0.56,0.64,False,2,3,0.0036934489584228535,0.03623349525653603,,,False
0.58,0.64,False,0,1,0.002186893613023564,0.020599278012571918,,,False
0.6,0.64,False,0,1,0.008708446917679863,0.07406463968964067,,,False
0.62,0.64,False,0,1,0.01647570806678042,0.12481270843596445,,,False
0.64,0.64,False,0,1,0.02555422304514557,0.1706747848739566,,,False
0.66,0.64,False,0,1,0.03588781002647387,0.21013865486612768,,,False
0.68,0.64,False,0,1,0.04732428249977185,0.24269696204712957,,,False
0.7000000000000001,0.64,False,0,1,0.05967294950206791,0.26871982448416554,,,False
0.72,0.64,False,0,1,0.07275320739306666,0.2890684603713916,,,False
0.74,0.64,False,0,1,0.08641700423928768,0.30474333969577144,,,False
0.76,0.64,False,0,1,0.10055151367388437,0.31668234296813386,,,False
0.78,0.64,False,0,1,0.11507332608138941,0.32568256595402056,,,False
0.8,0.64,False,0,1,0.1299211119720501,0.33238800054998596,,,False
0.8200000000000001,0.64,False,0,1,0.14504927571302836,0.33730809607599793,,,False
0.84,0.64,False,0,1,0.16042325599951882,0.34084320008000446,,,False
0.86,0.64,False,0,1,0.1760163657023707,0.3433018813706484,,,False
0.88,0.64,False,0,1,0.19180733572443673,0.3449293614626116,,,False
0.9,0.64,False,0,1,0.2077789206492708,0.34591621189768706,,,False
0.92,0.64,False,0,1,0.22391677431383464,0.3464134969043676,,,False
0.9400000000000001,0.64,False,0,1,0.24020877561998907,0.3465381960705194,,,False
0.96,0.64,False,0,1,0.2566444381204224,0.3463847812223266,,,False
0.98,0.64,False,0,1,0.2732145791938912,0.34602849828777416,,,False
1.0,0.64,False,0,1,0.28991107054885507,0.3455280736892492,,,False
0.3,0.66,False,30,31,0.0032224762583730306,0.04495396112510793,,,False
0.32,0.66,False,29,30,0.0006461268598044361,0.008985834083917007,,,False
0.34,0.66,False,29,30,0.0015440530614919165,0.021286838962721655,,,False
0.36,0.66,False,29,30,0.002683171615791839,0.03656743938910878,,,False
0.38,0.66,False,28,29,0.00044030829127400913,0.00595149159361913,,,False
0.4,0.66,False,28,29,0.002071659549932509,0.027511836373396308,,,False
0.42,0.66,False,28,29,0.004003382730728276,0.05200172254507752,,,False
0.44,0.66,False,8,9,0.000981834010437717,0.01156603666625139,,,False
0.46,0.66,False,6,7,0.0018094822783046702,0.021186505186373383,,,False
0.48,0.66,False,4,5,0.0008506713455340492,0.009777615036353677,,,False
0.5,0.66,False,3,4,0.0016000492119721916,0.01764135289154217,,,False
0.52,0.66,False,2,3,0.0020921042009750253,0.022023087839057348,,,False
0.54,0.66,False,0,1,0.0001475317942701838,0.001507400101007732,,,False
0.56,0.66,False,0,1,0.005399594986119751,0.05077804758768754,,,False
0.58,0.66,False,0,1,0.011672111835418204,0.09967907300779746,,,False
0.6,0.66,False,0,1,0.01910177664878389,0.1463272296136594,,,False
0.62,0.66,False,0,1,0.02774964971042278,0.1888587582200361,,,False
0.64,0.66,False,0,1,0.037578119287918064,0.22590555432167983,,,False
0.66,0.66,False,0,1,0.048466987151490996,0.25689041499460524,,,False
0.68,0.66,False,0,1,0.06025606968090327,0.28197866799246485,,,False
0.7000000000000001,0.66,False,0,1,0.0727855818710814,0.30180540530670563,,,False
0.72,0.66,False,0,1,0.08591839150095391,0.31719047517675186,,,False
0.74,0.66,False,0,1,0.09954589475667404,0.32895007568226947,,,False
0.76,0.66,False,0,1,0.11358530910302526,0.33780662429114616,,,False
0.78,0.66,False,0,1,0.1279742282797932,0.34436379195846556,,,False
0.8,0.66,False,0,1,0.1426654272548091,0.34910962231480847,,,False
0.8200000000000001,0.66,False,0,1,0.15762258797747983,0.3524359769829269,,,False
0.84,0.66,False,0,1,0.17281735940224646,0.35465079376824615,,,False
0.86,0.66,False,0,1,0.18822702749689302,0.3560001528346278,,,False
0.88,0.66,False,0,1,0.20383307948233226,0.35667730853614166,,,False
0.9,0.66,False,0,1,0.21962005427192235,0.35683718493907457,,,False
0.92,0.66,False,0,1,0.23557480729717722,0.35660410694754996,,,False
0.9400000000000001,0.66,False,0,1,0.2516860506941993,0.3560730974568062,,,False
0.96,0.66,False,0,1,0.2679437975921457,0.3553261007178959,,,False
0.98,0.66,False,0,1,0.28433922830599745,0.3544263957120922,,,False
1.0,0.66,False,0,1,0.30086448543515515,0.35342019693785653,,,False
0.3,0.68,False,28,29,0.002958868024228235,0.04089667152168697,,,False
0.32,0.68,False,28,29,0.0036686232999409187,0.050232655794474446,,,False
0.34,0.68,False,27,28,0.0007573693061087319,0.010309951314737921,,,False
0.36,0.68,False,27,28,0.0019344961450509783,0.025961267867674675,,,False
0.38,0.68,False,27,28,0.003383137040615638,0.0445972531232552,,,False
0.4,0.68,False,6,7,0.0001683887280820935,0.002098195422310204,,,False
0.42,0.68,False,5,6,0.0010623785480955471,0.012956103078326411,,,False
0.44,0.68,False,4,5,0.0017486327672018612,0.020733365534561225,,,False
0.46,0.68,False,3,4,0.0020749043521429023,0.02378611990418588,,,False
0.48,0.68,False,2,3,0.002102248106678873,0.0232220118474177,,,False
0.5,0.68,False,1,2,0.0024866602673969183,0.02637505173138652,,,False
0.52,0.68,False,0,1,0.004109640024015112,0.04150730988533292,,,False
0.54,0.68,False,0,1,0.00921910397904536,0.08600492431080582,,,False
0.56,0.68,False,0,1,0.01529162820937398,0.1301973497932787,,,False
0.58,0.68,False,0,1,0.022440795433740834,0.1724776198097421,,,False
0.6,0.68,False,0,1,0.030718286033552825,0.21127054982393204,,,False
0.62,0.68,False,0,1,0.04009679062179612,0.24538767946665244,,,False
0.64,0.68,False,0,1,0.05048091876958684,0.2742564359770665,,,False
0.66,0.68,False,0,1,0.061738247559607676,0.29790838469715625,,,False
0.68,0.68,False,0,1,0.07373104993087326,0.31679342982367686,,,False
0.7000000000000001,0.68,False,0,1,0.08633623385968907,0.33155971825867475,,,False
0.72,0.68,False,0,1,0.09945261500766957,0.3428927562784471,,,False
0.74,0.68,False,0,1,0.11300056419684362,0.35142571393355987,,,False
0.76,0.68,False,0,1,0.12691842330133457,0.35770614722572147,,,False
0.78,0.68,False,0,1,0.14115852093496206,0.36218899113946074,,,False
0.8,0.68,False,0,1,0.15568363123090292,0.3652454010376233,,,False
0.8200000000000001,0.68,False,0,1,0.1704642475266599,0.36717485084900453,,,False
0.84,0.68,False,0,1,0.1854765437804291,0.3682184059447082,,,False
0.86,0.68,False,0,1,0.20070091496370965,0.3685698759853684,,,False
0.88,0.68,False,0,1,0.21612098110091973,0.3683820643116193,,,False
0.9,0.68,False,0,1,0.2317226866110189,0.36778247251996726,,,False
0.92,0.68,False,0,1,0.24749387852303034,0.3668731140952279,,,False
0.9400000000000001,0.68,False,0,1,0.2634239251763238,0.3657335911520342,,,False
0.96,0.68,False,0,1,0.2795033410100673,0.364430217613608,,,False
0.98,0.68,False,0,1,0.29572362097030175,0.3630156225066462,,,False
1.0,0.68,False,0,1,0.31207706011641445,0.3615321248753457,,,False
0.3,0.7000000000000001,False,26,27,0.0018874646537202686,0.025767791021234117,,,False
0.32,0.7000000000000001,False,7,8,0.0004886148943631757,0.006367975825990769,,,False
0.34,0.7000000000000001,False,6,7,0.0010780556158032496,0.013906699835700632,,,False
0.36,0.7000000000000001,False,5,6,0.0014049120382338906,0.017868070813797467,,,False
0.38,0.7000000000000001,False,4,5,0.0015073499492473813,0.01880793477199006,,,False
0.4,0.7000000000000001,False,3,4,0.0012338102461255356,0.015044682328095743,,,False
0.42,0.7000000000000001,False,2,3,0.0006264812227397524,0.007451203223951476,,,False
0.44,0.7000000000000001,False,1,2,0.000269789250195254,0.003123944311394284,,,False
0.46,0.7000000000000001,False,0,1,0.0009245857906760598,0.01036404842518286,,,False
0.48,0.7000000000000001,False,0,1,0.004462604222868491,0.04731063660823343,,,False
0.5,0.7000000000000001,False,0,1,0.008670626929844421,0.08607508228840201,,,False
0.52,0.7000000000000001,False,0,1,0.013670980087298473,0.1257416117568768,,,False
0.54,0.7000000000000001,False,0,1,0.0195821046390333,0.16511796685585975,,,False
0.56,0.7000000000000001,False,0,1,0.026495192035458845,0.2028426696805023,,,False
0.58,0.7000000000000001,False,0,1,0.03445047650761796,0.23760594103067662,,,False
0.6,0.7000000000000001,False,0,1,0.04342578468906821,0.26840766431675944,,,False
0.62,0.7000000000000001,False,0,1,0.05334467701047803,0.2947240693536141,,,False
0.64,0.7000000000000001,False,0,1,0.0640988985668554,0.3165085761451302,,,False
0.66,0.7000000000000001,False,0,1,0.07557232732396112,0.3340665071735849,,,False
0.68,0.7000000000000001,False,0,1,0.08765744186465217,0.34789393793374435,,,False
0.7000000000000001,0.7000000000000001,False,0,1,0.10026274584683897,0.3585472093975691,,,False
0.72,0.7000000000000001,False,0,1,0.11331385054863174,0.3665640816812092,,,False
0.74,0.7000000000000001,False,0,1,0.1267515757431885,0.3724245155205908,,,False
0.76,0.7000000000000001,False,0,1,0.14052905648671005,0.37653930774854905,,,False
0.78,0.7000000000000001,False,0,1,0.15460900034553515,0.3792509723626101,,,False
0.8,0.7000000000000001,False,0,1,0.16896134192698248,0.38084319702706876,,,False
0.8200000000000001,0.7000000000000001,False,0,1,0.18356157767909292,0.3815451837914914,,,False
0.84,0.7000000000000001,False,0,1,0.1983893249789179,0.38154466764109013,,,False
0.86,0.7000000000000001,False,0,1,0.2134273342565983,0.38099653513090664,,,False
0.88,0.7000000000000001,False,0,1,0.22866088058613493,0.3800232739557917,,,False
0.9,0.7000000000000001,False,0,1,0.24407707047456287,0.3787291731920947,,,False
0.92,0.7000000000000001,False,0,1,0.25966465579484144,0.3771922318754454,,,False
0.9400000000000001,0.7000000000000001,False,0,1,0.27541347659667337,0.37548432292064343,,,False
0.96,0.7000000000000001,False,0,1,0.2913144518165678,0.37366066900332867,,,False
0.98,0.7000000000000001,False,0,1,0.3073593870362339,0.3717624729431047,,,False
1.0,0.7000000000000001,False,0,1,0.3235407265838596,0.3698279051066599,,,False
0.3,0.72,False,3,4,0.00035281129878792135,0.004635183390462608,,,False
0.32,0.72,False,3,4,0.0014928041205648187,0.01925361724559144,,,False
0.34,0.72,False,2,3,0.00022206300248712695,0.0028242253937953267,,,False
0.36,0.72,False,2,3,0.0018269004879043838,0.022649383128620963,,,False
0.38,0.72,False,1,2,0.0009107452575820741,0.011089678350662617,,,False
0.4,0.72,False,0,1,0.0008582806085274384,0.010226115538355448,,,False
0.42,0.72,False,0,1,0.003304948529747556,0.03785401594028151,,,False
0.44,0.72,False,0,1,0.006231280515880732,0.06810659810572138,,,False
0.46,0.72,False,0,1,0.009721781856446149,0.10056169275482622,,,False
0.48,0.72,False,0,1,0.0138739119027878,0.1346009391564593,,,False
0.5,0.72,False,0,1,0.018790949751059834,0.16938390575729223,,,False
0.52,0.72,False,0,1,0.024568687477155966,0.2038709078454913,,,False
0.54,0.72,False,0,1,0.03127756682312067,0.23692206661874604,,,False
0.56,0.72,False,0,1,0.03894634442093881,0.26746641186987274,,,False
0.58,0.72,False,0,1,0.04755521057293087,0.2946845875652874,,,False
0.6,0.72,False,0,1,0.05704238982531975,0.31812202125158107,,,False
0.62,0.72,False,0,1,0.06732018945433876,0.33769224187312985,,,False
0.64,0.72,False,0,1,0.07829250775639005,0.35359245837126535,,,False
0.66,0.72,False,0,1,0.08986767466599911,0.3661894369100413,,,False
0.68,0.72,False,0,1,0.10196510306785138,0.37592072642637,,,False
0.7000000000000001,0.72,False,0,1,0.1145172183132311,0.38322735507270766,,,False
0.72,0.72,False,0,1,0.1274686872019003,0.3885175197295242,,,False
0.74,0.72,False,0,1,0.14077460611349654,0.3921503254660474,,,False
0.76,0.72,False,0,1,0.15439846408865,0.39443311303027856,,,False
0.78,0.72,False,0,1,0.16831030484789622,0.3956258825226957,,,False
0.8,0.72,False,0,1,0.18248535481018166,0.3959426763749263,,,False
0.8200000000000001,0.72,False,0,1,0.1969027661574974,0.3955617249858856,,,False
0.84,0.72,False,0,1,0.21154476546011777,0.39463044974184236,,,False
0.86,0.72,False,0,1,0.2263960031456342,0.39327005097798484,,,False
0.88,0.72,False,0,1,0.2414430099365203,0.39158254616531873,,,False
0.9,0.72,False,0,1,0.2566739197504791,0.38964871034534304,,,False
0.92,0.72,False,0,1,0.2720781307724325,0.3875335933919413,,,False
0.9400000000000001,0.72,False,0,1,0.2876459591524065,0.38529827578075776,,,False
0.96,0.72,False,0,1,0.30336873039245066,0.3829841927572503,,,False
0.98,0.72,False,0,1,0.3192383982090723,0.38063240774269624,,,False
1.0,0.72,False,0,1,0.33524755844894455,0.37827721022916716,,,False
0.3,0.74,False,0,1,0.0010502939334192044,0.01350737270442337,,,False
0.32,0.74,False,0,1,0.002027523527805145,0.02555768563384101,,,False
0.34,0.74,False,0,1,0.00330319544301161,0.040649566587883317,,,False
0.36,0.74,False,0,1,0.004910078912560366,0.0587177164040757,,,False
0.38,0.74,False,0,1,0.00689024118181325,0.07964547058580292,,,False
0.4,0.74,False,0,1,0.009296584881255104,0.10324188986250955,,,False
0.42,0.74,False,0,1,0.012193773733853917,0.12921277958335423,,,False
0.44,0.74,False,0,1,0.01565770428123985,0.15712862408905418,,,False
0.46,0.74,False,0,1,0.019772326831106676,0.18639792432712365,,,False
0.48,0.74,False,0,1,0.024622655949403542,0.21626138153043584,,,False
0.5,0.74,False,0,1,0.03028377391942223,0.24582638959199277,,,False
0.52,0.74,False,0,1,0.03680781508157591,0.27415357810084906,,,False
0.54,0.74,False,0,1,0.0442133436589274,0.30038283772318397,,,False
0.56,0.74,False,0,1,0.05248191054110021,0.3238570301769947,,,False
0.58,0.74,False,0,1,0.06156342526911668,0.344195382018497,,,False
0.6,0.74,False,0,1,0.07138752781949585,0.3612946887202315,,,False
0.62,0.74,False,0,1,0.08187598562960287,0.37527325929628,,,False
0.64,0.74,False,0,1,0.0929522794067455,0.38639212860199423,,,False
0.66,0.74,False,0,1,0.10454712020317257,0.39498325421629654,,,False
0.68,0.74,False,0,1,0.11660060709486521,0.4013968682608192,,,False
0.7000000000000001,0.74,False,0,1,0.12906229894195345,0.4059680474372165,,,False
0.72,0.74,False,0,1,0.14189014267003108,0.409002086919333,,,False
0.74,0.74,False,0,1,0.1550491986047904,0.4107660773031616,,,False
0.76,0.74,False,0,1,0.16851024390452743,0.41149091414116906,,,False
0.78,0.74,False,0,1,0.18224865473685908,0.4113728447847578,,,False
0.8,0.74,False,0,1,0.1962435094734826,0.4105749665490409,,,False
0.8200000000000001,0.74,False,0,1,0.21047672446031468,0.40923634875103115,,,False
0.84,0.74,False,0,1,0.22493253764162574,0.4074734007693254,,,False
0.86,0.74,False,0,1,0.23959708860153023,0.40538154251696723,,,False
0.88,0.74,False,0,1,0.25445802171705906,0.4030407185742656,,,False
0.9,0.74,False,0,1,0.2695041774136969,0.40052101459040496,,,False
0.92,0.74,False,0,1,0.2847255767139319,0.397872235581468,,,False
0.9400000000000001,0.74,False,0,1,0.30011291845787397,0.3951486394293852,,,False
0.96,0.74,False,0,1,0.3156579045121777,0.39237822257992094,,,False
0.98,0.74,False,0,1,0.3313526418974876,0.3896009551153365,,,False
1.0,0.74,False,0,1,0.347190095309404,0.38682701626705396,,,False
