# https://github.com/mikedh/trimesh
v 0.01089501 0.00041078 -0.01927372
v 0.01079867 0.00130541 -0.01924096
v 0.01078491 0.00107782 -0.01863488
v 0.01081047 0.00042479 -0.01839572
v 0.01081244 -0.00043133 -0.01839245
v 0.01089501 -0.00041032 -0.01927372
v 0.01081833 0.00041078 -0.02001085
v 0.01078098 0.00123363 -0.01985687
v 0.01074952 0.00167482 -0.01971928
v 0.01073969 0.00162580 -0.01894611
v 0.01074952 0.00167482 -0.01949322
v 0.01070037 0.00130541 -0.01839572
v 0.01056078 0.00123363 -0.01762911
v 0.01023441 0.00123363 -0.01598122
v 0.01073379 0.00071016 -0.01808449
v 0.01075542 0.00016218 -0.01796655
v 0.01073379 -0.00072020 -0.01808121
v 0.01078491 -0.00107735 -0.01862833
v 0.01075542 -0.00017046 -0.01796655
v 0.01079867 -0.00130320 -0.01924424
v 0.01074952 -0.00167611 -0.01971928
v 0.01078098 -0.00123317 -0.01985687
v 0.01081833 -0.00041032 -0.02000758
v 0.01072200 -0.00041032 -0.02042037
v 0.01072200 0.00041078 -0.02042037
v 0.01068661 0.00123363 -0.02026639
v 0.01038383 0.00205648 -0.02091834
v 0.01060797 0.00199171 -0.02003378
v 0.01035827 0.00287933 -0.02009603
v 0.01037794 0.00287933 -0.01927372
v 0.01065515 0.00199171 -0.01924096
v 0.01053325 0.00205648 -0.01845142
v 0.01037007 0.00205648 -0.01762911
v 0.00997293 0.00182538 -0.01536203
v 0.01003584 0.00126340 -0.01511632
v 0.01015970 0.00041078 -0.01515891
v 0.01034451 0.00041078 -0.01598122
v 0.01067678 0.00042479 -0.01766842
v 0.01050966 0.00041078 -0.01680680
v 0.01067874 -0.00043133 -0.01766842
v 0.01051163 -0.00041032 -0.01680680
v 0.01034451 -0.00041032 -0.01598122
v 0.01023835 -0.00123317 -0.01598122
v 0.01073969 -0.00162533 -0.01894939
v 0.01056274 -0.00123317 -0.01762911
v 0.01070037 -0.00130320 -0.01839245
v 0.01074952 -0.00167611 -0.01949650
v 0.01065319 -0.00199299 -0.01924424
v 0.01037597 -0.00287887 -0.01927372
v 0.01036024 -0.00287887 -0.02009603
v 0.01060797 -0.00199299 -0.02003378
v 0.01038383 -0.00205602 -0.02091834
v 0.01068661 -0.00123317 -0.02026639
v 0.01059027 -0.00041032 -0.02091834
v 0.01051949 -0.00123317 -0.02091834
v 0.01059027 0.00041078 -0.02091834
v 0.01051949 0.00123363 -0.02091834
v 0.01018526 0.00287933 -0.02091834
v 0.00991591 0.00162230 -0.02296592
v 0.01015970 0.00205648 -0.02174392
v 0.00993164 0.00251693 -0.02220586
v 0.00999455 0.00349034 -0.02091834
v 0.01007516 0.00365491 -0.02009603
v 0.01007320 0.00360939 -0.01927372
v 0.01025407 0.00287933 -0.01845142
v 0.00994540 0.00253619 -0.01625969
v 0.00989035 0.00237512 -0.01570930
v 0.01003191 0.00208274 -0.01598449
v 0.00983137 0.00208274 -0.01511632
v 0.00963280 0.00205648 -0.01433988
v 0.00990215 0.00155927 -0.01481164
v 0.00995523 0.00100954 -0.01461179
v 0.00999062 0.00041078 -0.01447092
v 0.01015970 -0.00041032 -0.01515891
v 0.00995326 -0.00101082 -0.01461507
v 0.01003387 -0.00126468 -0.01511632
v 0.00997293 -0.00182667 -0.01536203
v 0.01037204 -0.00205602 -0.01762911
v 0.01053129 -0.00205602 -0.01845142
v 0.01025407 -0.00287887 -0.01845142
v 0.01007320 -0.00361068 -0.01927372
v 0.01007516 -0.00365445 -0.02009603
v 0.00999455 -0.00348988 -0.02091834
v 0.01018526 -0.00287887 -0.02091834
v 0.00993164 -0.00251646 -0.02220586
v 0.01015970 -0.00205602 -0.02174392
v 0.00991591 -0.00162183 -0.02296592
v 0.00995130 -0.00107385 -0.02310024
v 0.01037007 -0.00041032 -0.02174392
v 0.01029733 -0.00123317 -0.02174392
v 0.01037007 0.00041078 -0.02174392
v 0.00995130 0.00107431 -0.02310024
v 0.01029929 0.00123363 -0.02174392
v 0.00998866 0.00282681 -0.02168495
v 0.00993164 0.00332402 -0.02137372
v 0.00984316 0.00130191 -0.02337871
v 0.00970357 0.00205648 -0.02338854
v 0.00986872 0.00205648 -0.02279884
v 0.00998276 0.00205648 -0.02238932
v 0.00948927 0.00287933 -0.02338854
v 0.00975469 0.00282681 -0.02251381
v 0.00985300 0.00306491 -0.02192083
v 0.00983923 0.00390177 -0.02091834
v 0.00989821 0.00406634 -0.02009603
v 0.00987069 0.00402082 -0.01927372
v 0.01000635 0.00346583 -0.01845142
v 0.00994933 0.00335028 -0.01789447
v 0.00989035 0.00322423 -0.01735064
v 0.01006926 0.00292135 -0.01762583
v 0.00976452 0.00283732 -0.01598449
v 0.00955022 0.00287933 -0.01515891
v 0.00911965 0.00252568 -0.01301960
v 0.00941063 0.00205648 -0.01351757
v 0.00920026 0.00204073 -0.01272475
v 0.00913145 0.00175711 -0.01217436
v 0.00940080 0.00123363 -0.01269526
v 0.00962297 0.00123363 -0.01351757
v 0.00951680 0.00041078 -0.01269526
v 0.00974093 0.00041078 -0.01351757
v 0.00988445 0.00041078 -0.01405813
v 0.00998866 -0.00041032 -0.01447420
v 0.00988445 -0.00041032 -0.01406468
v 0.00990215 -0.00155881 -0.01481164
v 0.00973896 -0.00041032 -0.01351757
v 0.00951680 -0.00041032 -0.01269526
v 0.00939883 -0.00123317 -0.01269526
v 0.00962100 -0.00123317 -0.01351757
v 0.00983334 -0.00126468 -0.01433988
v 0.00989035 -0.00237465 -0.01570930
v 0.01003191 -0.00208228 -0.01598449
v 0.01020689 -0.00205602 -0.01680680
v 0.00941260 -0.00205602 -0.01351757
v 0.00963280 -0.00205602 -0.01433988
v 0.00983137 -0.00208228 -0.01511632
v 0.00994737 -0.00253922 -0.01625641
v 0.01007123 -0.00292439 -0.01762256
v 0.00989232 -0.00322727 -0.01734408
v 0.00994933 -0.00335157 -0.01789120
v 0.01000635 -0.00346712 -0.01845142
v 0.01000438 -0.00267928 -0.01680680
v 0.00987069 -0.00402210 -0.01927372
v 0.00989821 -0.00406587 -0.02009603
v 0.00983923 -0.00390130 -0.02091834
v 0.00972324 -0.00363869 -0.02168495
v 0.00992967 -0.00332356 -0.02137044
v 0.00998866 -0.00282635 -0.02168495
v 0.00998276 -0.00205602 -0.02238932
v 0.00985300 -0.00306445 -0.02192083
v 0.00975469 -0.00282635 -0.02251381
v 0.00948927 -0.00287887 -0.02338854
v 0.00970357 -0.00205602 -0.02338854
v 0.00986872 -0.00205602 -0.02279884
v 0.00984316 -0.00130145 -0.02337871
v 0.00986479 -0.00041032 -0.02361131
v 0.00997882 -0.00041032 -0.02319852
v 0.00997882 0.00041078 -0.02319852
v 0.00986676 0.00041078 -0.02360804
v 0.00921796 0.00369693 -0.02335578
v 0.00944602 0.00370218 -0.02256623
v 0.00972324 0.00363916 -0.02168495
v 0.00945782 0.00123363 -0.02421412
v 0.00930250 0.00202147 -0.02426327
v 0.00923368 0.00287933 -0.02403394
v 0.00914521 0.00342031 -0.02388979
v 0.00911965 0.00416438 -0.02306093
v 0.00930053 0.00457230 -0.02176686
v 0.00954826 0.00452503 -0.02091834
v 0.00921599 0.00511503 -0.02091834
v 0.00962887 0.00452503 -0.02009603
v 0.00934772 0.00458806 -0.01842848
v 0.00979401 0.00387726 -0.01845142
v 0.00955219 0.00452503 -0.01927372
v 0.00953056 0.00370218 -0.01680680
v 0.00931233 0.00376346 -0.01595173
v 0.00923565 0.00354987 -0.01515891
v 0.00983334 0.00308592 -0.01680680
v 0.00915308 0.00339405 -0.01454627
v 0.00907640 0.00324524 -0.01400244
v 0.00918847 0.00268325 -0.01351757
v 0.00889945 0.00283206 -0.01272475
v 0.00904298 0.00230509 -0.01247248
v 0.00900955 0.00309468 -0.01351757
v 0.00894467 0.00204073 -0.01188933
v 0.00866549 0.00205648 -0.01104737
v 0.00831553 0.00177286 -0.00969760
v 0.00904298 0.00138245 -0.01162724
v 0.00917274 0.00115835 -0.01188933
v 0.00909803 0.00083446 -0.01145361
v 0.00926907 0.00041078 -0.01187295
v 0.00927104 -0.00041032 -0.01187295
v 0.00913145 -0.00175664 -0.01217436
v 0.00909999 -0.00083750 -0.01145361
v 0.00917470 -0.00116139 -0.01188933
v 0.00955219 -0.00287887 -0.01515891
v 0.00976452 -0.00284035 -0.01598449
v 0.00912162 -0.00252697 -0.01301960
v 0.00920026 -0.00204026 -0.01272475
v 0.00983530 -0.00309071 -0.01680680
v 0.00931429 -0.00376474 -0.01595173
v 0.00953253 -0.00370172 -0.01680680
v 0.00979401 -0.00387854 -0.01845142
v 0.00934772 -0.00458935 -0.01842848
v 0.00955022 -0.00452457 -0.01927372
v 0.00962887 -0.00452457 -0.02009603
v 0.00921599 -0.00511632 -0.02091834
v 0.00954826 -0.00452457 -0.02091834
v 0.00930053 -0.00457184 -0.02176686
v 0.00911965 -0.00416391 -0.02306093
v 0.00944602 -0.00370172 -0.02256623
v 0.00921796 -0.00369822 -0.02335578
v 0.00914521 -0.00341985 -0.02388979
v 0.00923368 -0.00287887 -0.02403394
v 0.00930250 -0.00202100 -0.02426327
v 0.00945782 -0.00123317 -0.02421412
v 0.00952663 -0.00041032 -0.02421412
v 0.00952663 0.00041078 -0.02421412
v 0.00903708 0.00396830 -0.02361131
v 0.00913931 0.00123363 -0.02465640
v 0.00911179 0.00172384 -0.02463674
v 0.00903118 0.00227182 -0.02457122
v 0.00892698 0.00287933 -0.02444673
v 0.00829391 0.00415037 -0.02463674
v 0.00845906 0.00446551 -0.02419774
v 0.00834502 0.00505201 -0.02391600
v 0.00886996 0.00447251 -0.02335578
v 0.00906657 0.00487868 -0.02205843
v 0.00914914 0.00502400 -0.02151132
v 0.00844136 0.00597990 -0.02174392
v 0.00892698 0.00552646 -0.02091834
v 0.00923958 0.00513429 -0.02009603
v 0.00907247 0.00490495 -0.01813691
v 0.00929267 0.00441124 -0.01762911
v 0.00913538 0.00498723 -0.01868730
v 0.00913735 0.00417839 -0.01620399
v 0.00907640 0.00408034 -0.01565688
v 0.00918847 0.00505901 -0.01927372
v 0.00900759 0.00396129 -0.01515891
v 0.00868712 0.00370218 -0.01351757
v 0.00845119 0.00372144 -0.01273785
v 0.00834896 0.00342382 -0.01187295
v 0.00827818 0.00329951 -0.01144378
v 0.00861241 0.00287933 -0.01187295
v 0.00831357 0.00255720 -0.01051664
v 0.00822116 0.00232085 -0.00996625
v 0.00840007 0.00205123 -0.01023489
v 0.00811696 0.00205123 -0.00941586
v 0.00779846 0.00205648 -0.00858045
v 0.00821526 0.00137719 -0.00914722
v 0.00835879 0.00115485 -0.00941586
v 0.00861831 0.00123363 -0.01022506
v 0.00874217 0.00041078 -0.01022506
v 0.00898596 0.00041078 -0.01098185
v 0.00827425 0.00082746 -0.00898996
v 0.00898793 -0.00041032 -0.01098185
v 0.00904298 -0.00138723 -0.01162724
v 0.00831553 -0.00177240 -0.00969760
v 0.00866549 -0.00205602 -0.01104737
v 0.00894467 -0.00204026 -0.01188933
v 0.00904298 -0.00230462 -0.01247248
v 0.00862027 -0.00123317 -0.01022506
v 0.00874217 -0.00041032 -0.01022506
v 0.00827425 -0.00082875 -0.00898996
v 0.00919043 -0.00268629 -0.01351757
v 0.00907640 -0.00324827 -0.01399588
v 0.00915308 -0.00339534 -0.01454627
v 0.00923565 -0.00354940 -0.01515891
v 0.00861241 -0.00287887 -0.01187295
v 0.00889945 -0.00283335 -0.01272475
v 0.00900955 -0.00309771 -0.01351757
v 0.00907640 -0.00407988 -0.01565688
v 0.00929267 -0.00441252 -0.01762911
v 0.00913931 -0.00417792 -0.01620399
v 0.00920419 -0.00427946 -0.01680680
v 0.00907247 -0.00490448 -0.01813691
v 0.00913342 -0.00498677 -0.01868730
v 0.00918650 -0.00505679 -0.01927372
v 0.00923762 -0.00513208 -0.02009603
v 0.00892894 -0.00552775 -0.02091834
v 0.00844333 -0.00598119 -0.02174392
v 0.00914914 -0.00502528 -0.02151132
v 0.00906657 -0.00487822 -0.02205843
v 0.00886996 -0.00447380 -0.02335578
v 0.00903708 -0.00396958 -0.02361131
v 0.00834502 -0.00505329 -0.02391600
v 0.00845906 -0.00446504 -0.02419774
v 0.00829391 -0.00415166 -0.02463674
v 0.00892698 -0.00287887 -0.02444673
v 0.00903118 -0.00227311 -0.02457122
v 0.00911179 -0.00172338 -0.02463674
v 0.00913931 -0.00123317 -0.02465640
v 0.00916880 -0.00041032 -0.02467933
v 0.00916880 0.00041078 -0.02467933
v 0.00235639 0.00617073 -0.02784735
v 0.00837255 0.00370218 -0.02468589
v 0.00292458 0.00617073 -0.02750008
v 0.00334925 0.00659441 -0.02710694
v 0.00737969 0.00567002 -0.02457450
v 0.00811696 0.00470011 -0.02446311
v 0.00786727 0.00536189 -0.02424361
v 0.00761955 0.00597290 -0.02402411
v 0.00818577 0.00562625 -0.02338854
v 0.00844529 0.00521483 -0.02338854
v 0.00855932 0.00541791 -0.02262520
v 0.00826048 0.00574005 -0.02293971
v 0.00834896 0.00586435 -0.02238932
v 0.00888373 0.00531812 -0.02176686
v 0.00810910 0.00639133 -0.02174392
v 0.00851607 0.00603418 -0.02091834
v 0.00891518 0.00554572 -0.02009603
v 0.00841384 0.00510628 -0.01598122
v 0.00892305 0.00468960 -0.01680680
v 0.00920223 0.00427818 -0.01680680
v 0.00884637 0.00547044 -0.01927372
v 0.00881098 0.00529536 -0.01842848
v 0.00851017 0.00521833 -0.01680680
v 0.00886996 0.00448127 -0.01595173
v 0.00856915 0.00459156 -0.01511632
v 0.00836272 0.00424316 -0.01351757
v 0.00829391 0.00414337 -0.01303925
v 0.00820740 0.00400856 -0.01249214
v 0.00810713 0.00383524 -0.01187295
v 0.00837845 0.00285132 -0.01112272
v 0.00763527 0.00371794 -0.01026765
v 0.00754680 0.00345358 -0.00956001
v 0.00808354 0.00285132 -0.01023489
v 0.00771588 0.00295111 -0.00933395
v 0.00755270 0.00268500 -0.00858045
v 0.00746423 0.00249942 -0.00813489
v 0.00754484 0.00205648 -0.00795798
v 0.00744063 0.00160129 -0.00736828
v 0.00807764 0.00115485 -0.00866235
v 0.00845316 0.00041078 -0.00940603
v 0.00845512 -0.00041032 -0.00940603
v 0.00764904 0.00128966 -0.00768934
v 0.00750158 0.00105156 -0.00723068
v 0.00781222 0.00041078 -0.00775814
v 0.00812876 0.00041078 -0.00854113
v 0.00828801 0.00041078 -0.00895392
v 0.00822116 -0.00232038 -0.00996625
v 0.00840007 -0.00205077 -0.01023489
v 0.00835879 -0.00115438 -0.00941586
v 0.00821526 -0.00137673 -0.00914722
v 0.00779846 -0.00205602 -0.00858045
v 0.00811696 -0.00205077 -0.00941586
v 0.00831357 -0.00255673 -0.01051664
v 0.00828801 -0.00041032 -0.00895392
v 0.00812876 -0.00041032 -0.00854113
v 0.00781222 -0.00041032 -0.00775814
v 0.00750158 -0.00105284 -0.00723068
v 0.00764904 -0.00128919 -0.00768934
v 0.00807764 -0.00115438 -0.00866235
v 0.00834896 -0.00342335 -0.01187295
v 0.00845119 -0.00372098 -0.01273785
v 0.00868712 -0.00370172 -0.01351757
v 0.00892108 -0.00368246 -0.01429729
v 0.00900759 -0.00396083 -0.01515891
v 0.00837845 -0.00285086 -0.01112272
v 0.00827818 -0.00329905 -0.01144706
v 0.00829391 -0.00414466 -0.01303925
v 0.00836272 -0.00424270 -0.01351757
v 0.00848068 -0.00440727 -0.01433988
v 0.00856915 -0.00459285 -0.01511632
v 0.00886800 -0.00448255 -0.01595173
v 0.00892305 -0.00469089 -0.01680680
v 0.00901545 -0.00482395 -0.01762911
v 0.00841384 -0.00510582 -0.01598122
v 0.00881098 -0.00529490 -0.01842848
v 0.00884637 -0.00546822 -0.01927372
v 0.00851017 -0.00521786 -0.01680680
v 0.00891518 -0.00554350 -0.02009603
v 0.00851804 -0.00603546 -0.02091834
v 0.00810910 -0.00639261 -0.02174392
v 0.00834896 -0.00586564 -0.02239260
v 0.00888569 -0.00531766 -0.02176686
v 0.00826048 -0.00574134 -0.02294299
v 0.00855932 -0.00541920 -0.02262520
v 0.00844529 -0.00521611 -0.02338854
v 0.00761955 -0.00597594 -0.02402411
v 0.00786727 -0.00536142 -0.02424361
v 0.00811696 -0.00469964 -0.02446311
v 0.00818577 -0.00562754 -0.02338854
v 0.00334532 -0.00741155 -0.02710039
v 0.00292458 -0.00699312 -0.02749353
v 0.00837255 -0.00370172 -0.02468589
v 0.00737969 -0.00567131 -0.02457450
v 0.00236032 -0.00699312 -0.02784735
v 0.00235049 -0.00617027 -0.02785718
v 0.00235049 0.00534788 -0.02785718
v 0.00194548 0.00617073 -0.02799805
v 0.00186094 0.00672047 -0.02797184
v 0.00089560 0.00741201 -0.02792270
v 0.00572622 0.00734723 -0.02458432
v 0.00659719 0.00655240 -0.02460726
v 0.00711230 0.00626177 -0.02431568
v 0.00684688 0.00680100 -0.02405687
v 0.00739541 0.00652088 -0.02365718
v 0.00773554 0.00621625 -0.02338199
v 0.00804618 0.00615148 -0.02262520
v 0.00758809 0.00672572 -0.02256623
v 0.00769622 0.00680100 -0.02174392
v 0.00812482 0.00644560 -0.02091834
v 0.00850231 0.00599216 -0.02009603
v 0.00843350 0.00591863 -0.01927372
v 0.00805011 0.00551771 -0.01598122
v 0.00833519 0.00500999 -0.01536203
v 0.00815235 0.00562975 -0.01680680
v 0.00834699 0.00583284 -0.01845142
v 0.00828997 0.00577682 -0.01796655
v 0.00822509 0.00570854 -0.01741616
v 0.00825458 0.00491195 -0.01481164
v 0.00818577 0.00481916 -0.01433988
v 0.00806584 0.00465459 -0.01351757
v 0.00796557 0.00446026 -0.01273785
v 0.00765100 0.00454079 -0.01194175
v 0.00755663 0.00426242 -0.01104737
v 0.00747602 0.00414862 -0.01056578
v 0.00737969 0.00400331 -0.01001539
v 0.00729318 0.00371794 -0.00933395
v 0.00744260 0.00327325 -0.00901289
v 0.00716735 0.00281631 -0.00782038
v 0.00676824 0.00284257 -0.00697514
v 0.00666404 0.00254494 -0.00645096
v 0.00707888 0.00205648 -0.00693583
v 0.00736002 0.00205648 -0.00754519
v 0.00735413 0.00309643 -0.00858045
v 0.00675644 0.00205648 -0.00627405
v 0.00661882 0.00161179 -0.00571383
v 0.00731677 0.00128966 -0.00694893
v 0.00686261 0.00129666 -0.00603817
v 0.00735609 0.00041078 -0.00672616
v 0.00754484 0.00041078 -0.00713567
v 0.00808354 -0.00285086 -0.01023489
v 0.00746423 -0.00249721 -0.00813489
v 0.00755270 -0.00267928 -0.00858045
v 0.00771588 -0.00294890 -0.00934051
v 0.00744063 -0.00160082 -0.00736828
v 0.00754287 -0.00205602 -0.00795798
v 0.00818577 -0.00310646 -0.01089667
v 0.00754484 -0.00041032 -0.00713567
v 0.00735609 -0.00041032 -0.00672616
v 0.00668173 -0.00106334 -0.00560245
v 0.00686064 -0.00129619 -0.00603817
v 0.00731677 -0.00128919 -0.00694893
v 0.00763527 -0.00371747 -0.01026765
v 0.00810713 -0.00383477 -0.01187295
v 0.00820740 -0.00400810 -0.01249214
v 0.00754680 -0.00345486 -0.00956984
v 0.00747406 -0.00414641 -0.01056905
v 0.00755467 -0.00425845 -0.01104737
v 0.00764904 -0.00453857 -0.01194503
v 0.00796557 -0.00446154 -0.01273785
v 0.00806388 -0.00465412 -0.01351757
v 0.00825458 -0.00491148 -0.01481164
v 0.00833519 -0.00500952 -0.01536203
v 0.00805011 -0.00551724 -0.01598122
v 0.00815235 -0.00562929 -0.01680680
v 0.00822509 -0.00570807 -0.01741944
v 0.00828997 -0.00577635 -0.01796655
v 0.00834502 -0.00583237 -0.01845142
v 0.00843546 -0.00591991 -0.01927372
v 0.00850427 -0.00599344 -0.02009603
v 0.00812286 -0.00644689 -0.02091834
v 0.00769622 -0.00680054 -0.02174392
v 0.00758809 -0.00672526 -0.02256623
v 0.00804815 -0.00615276 -0.02262520
v 0.00773554 -0.00621754 -0.02338526
v 0.00739738 -0.00652392 -0.02365718
v 0.00684885 -0.00680054 -0.02405687
v 0.00711427 -0.00626306 -0.02431568
v 0.00659719 -0.00655193 -0.02460726
v 0.00630818 -0.00707365 -0.02432223
v 0.00601917 -0.00757437 -0.02403721
v 0.00505383 -0.00826066 -0.02386685
v 0.00086808 -0.00822739 -0.02791615
v 0.00186487 -0.00753760 -0.02797512
v 0.00194941 -0.00699312 -0.02799805
v -0.00790057 0.00040903 -0.03133642
v -0.00790451 0.00205648 -0.03133642
v -0.00792810 0.00287758 -0.03131021
v -0.00694900 0.00452503 -0.03083518
v -0.00625105 0.00534788 -0.03053377
v -0.00634738 0.00592213 -0.03048135
v -0.00479223 0.00746454 -0.02961646
v -0.00283599 0.00836442 -0.02812909
v -0.00234251 0.00830664 -0.02797839
v -0.00204563 0.00846946 -0.02749025
v 0.00505383 0.00826112 -0.02386685
v 0.00539003 0.00781468 -0.02422395
v 0.00601917 0.00757308 -0.02403721
v 0.00630818 0.00707412 -0.02432223
v 0.00656573 0.00734899 -0.02365063
v 0.00703562 0.00699008 -0.02337543
v 0.00749568 0.00663118 -0.02310679
v 0.00714769 0.00713715 -0.02256623
v 0.00667387 0.00744353 -0.02310024
v 0.00673482 0.00748029 -0.02256623
v 0.00716932 0.00721243 -0.02174392
v 0.00771195 0.00678525 -0.02091834
v 0.00806781 0.00640358 -0.02009603
v 0.00798720 0.00633005 -0.01927372
v 0.00763921 0.00593613 -0.01598122
v 0.00752321 0.00582759 -0.01515891
v 0.00745833 0.00576631 -0.01471991
v 0.00799113 0.00530937 -0.01511632
v 0.00765297 0.00516756 -0.01351757
v 0.00781222 0.00630554 -0.01840555
v 0.00774144 0.00602892 -0.01680680
v 0.00752714 0.00502400 -0.01269526
v 0.00745636 0.00494346 -0.01226281
v 0.00736199 0.00482441 -0.01171570
v 0.00724993 0.00467385 -0.01104737
v 0.00705135 0.00454254 -0.01019230
v 0.00662668 0.00493471 -0.00981555
v 0.00685081 0.00441474 -0.00940603
v 0.00671909 0.00424141 -0.00878029
v 0.00693535 0.00375996 -0.00853786
v 0.00676824 0.00350610 -0.00775814
v 0.00666011 0.00334328 -0.00727655
v 0.00652445 0.00309468 -0.00672616
v 0.00634750 0.00284257 -0.00615284
v 0.00594249 0.00287933 -0.00547140
v 0.00580093 0.00246091 -0.00488170
v 0.00653624 0.00205648 -0.00586454
v 0.00645563 0.00129666 -0.00531087
v 0.00668173 0.00106381 -0.00560245
v 0.00612337 0.00213527 -0.00520931
v 0.00590514 0.00191292 -0.00471789
v 0.00600737 0.00123363 -0.00456064
v 0.00704545 0.00041078 -0.00611025
v 0.00736002 -0.00205602 -0.00754519
v 0.00707888 -0.00205602 -0.00693583
v 0.00666404 -0.00254623 -0.00645096
v 0.00676431 -0.00284385 -0.00698170
v 0.00665421 -0.00333581 -0.00728638
v 0.00734430 -0.00309071 -0.00858045
v 0.00743867 -0.00326928 -0.00901945
v 0.00661882 -0.00161308 -0.00571383
v 0.00675644 -0.00205602 -0.00627405
v 0.00704545 -0.00041032 -0.00611025
v 0.00672892 -0.00041032 -0.00552382
v 0.00648316 -0.00041032 -0.00511430
v 0.00579700 -0.00070794 -0.00406594
v 0.00600737 -0.00123317 -0.00456064
v 0.00645563 -0.00129619 -0.00531087
v 0.00737969 -0.00400285 -0.01001866
v 0.00729121 -0.00371747 -0.00934051
v 0.00662668 -0.00493599 -0.00981555
v 0.00724599 -0.00466988 -0.01104737
v 0.00736002 -0.00482220 -0.01171897
v 0.00745636 -0.00494300 -0.01226936
v 0.00752517 -0.00502353 -0.01269526
v 0.00765297 -0.00516534 -0.01351757
v 0.00737379 -0.00568181 -0.01417935
v 0.00798917 -0.00530890 -0.01511632
v 0.00745636 -0.00576585 -0.01472646
v 0.00752124 -0.00582712 -0.01515891
v 0.00763724 -0.00593567 -0.01598122
v 0.00774144 -0.00602671 -0.01680680
v 0.00798523 -0.00633134 -0.01927372
v 0.00806584 -0.00640487 -0.02009603
v 0.00771195 -0.00678128 -0.02091834
v 0.00717128 -0.00721196 -0.02174392
v 0.00673875 -0.00748158 -0.02256623
v 0.00714966 -0.00713668 -0.02256623
v 0.00667387 -0.00744481 -0.02310024
v 0.00749568 -0.00663247 -0.02311007
v 0.00656573 -0.00735027 -0.02365063
v 0.00703562 -0.00699137 -0.02337871
v 0.00626099 -0.00765315 -0.02337871
v 0.00552372 -0.00809609 -0.02338854
v 0.00511281 -0.00828167 -0.02338854
v 0.00457018 -0.00844099 -0.02338854
v 0.00374640 -0.00863007 -0.02338854
v -0.00036661 -0.00880689 -0.02585874
v -0.00082077 -0.00877188 -0.02631412
v -0.00119039 -0.00874211 -0.02668105
v -0.00283599 -0.00836745 -0.02813565
v -0.00406478 -0.00822914 -0.02874173
v -0.00479419 -0.00746407 -0.02961318
v 0.00292458 -0.00877188 -0.02338854
v -0.00634542 -0.00592166 -0.03048135
v -0.00624908 -0.00534917 -0.03053377
v -0.00694900 -0.00452457 -0.03083518
v -0.00792613 -0.00287887 -0.03131021
v -0.00790254 -0.00205602 -0.03133642
v -0.00859656 0.00040903 -0.03144453
v -0.00834687 0.00287758 -0.03131021
v -0.00802837 0.00342206 -0.03126107
v -0.00671111 0.00592213 -0.03048135
v -0.00503405 0.00746454 -0.02961646
v -0.00351232 0.00833291 -0.02813565
v -0.00283599 0.00856575 -0.02750663
v -0.00201221 0.00875658 -0.02668105
v 0.00457018 0.00832765 -0.02398479
v 0.00374640 0.00863403 -0.02338854
v 0.00457018 0.00844145 -0.02338854
v 0.00511281 0.00828213 -0.02338854
v 0.00552372 0.00809480 -0.02338854
v 0.00626099 0.00765187 -0.02337871
v 0.00621577 0.00777967 -0.02256623
v 0.00675841 0.00748379 -0.02174392
v 0.00711820 0.00719667 -0.02091834
v 0.00765690 0.00673798 -0.02009603
v 0.00757433 0.00667670 -0.01927372
v 0.00750355 0.00662243 -0.01864471
v 0.00727155 0.00644035 -0.01680680
v 0.00716538 0.00634756 -0.01598122
v 0.00698451 0.00628979 -0.01514908
v 0.00686458 0.00597290 -0.01351757
v 0.00673482 0.00585735 -0.01269526
v 0.00727548 0.00557898 -0.01351757
v 0.00743474 0.00656990 -0.01809759
v 0.00737575 0.00652439 -0.01762911
v 0.00714572 0.00543542 -0.01269526
v 0.00683705 0.00516931 -0.01104737
v 0.00672105 0.00504325 -0.01036593
v 0.00636913 0.00532863 -0.01014643
v 0.00581470 0.00576981 -0.00978934
v 0.00607029 0.00536714 -0.00947155
v 0.00595625 0.00509753 -0.00858045
v 0.00584615 0.00498198 -0.00807265
v 0.00654018 0.00482616 -0.00940603
v 0.00640255 0.00451978 -0.00853786
v 0.00605456 0.00454779 -0.00778435
v 0.00593266 0.00428693 -0.00707998
v 0.00659916 0.00407334 -0.00823318
v 0.00649692 0.00391753 -0.00775814
v 0.00580093 0.00410836 -0.00653287
v 0.00595036 0.00351836 -0.00611025
v 0.00582649 0.00332577 -0.00566142
v 0.00564365 0.00213527 -0.00445253
v 0.00568887 0.00287933 -0.00505861
v 0.00527010 0.00289159 -0.00443942
v 0.00506759 0.00262723 -0.00394145
v 0.00579700 0.00070841 -0.00406594
v 0.00648316 0.00041078 -0.00511430
v 0.00672892 0.00041078 -0.00552382
v 0.00573999 0.00123363 -0.00414785
v 0.00652445 -0.00309421 -0.00673599
v 0.00653624 -0.00205602 -0.00586454
v 0.00580093 -0.00246044 -0.00488170
v 0.00594249 -0.00287887 -0.00547140
v 0.00634750 -0.00284385 -0.00615284
v 0.00649496 -0.00391006 -0.00775814
v 0.00675644 -0.00349863 -0.00775814
v 0.00622757 -0.00372273 -0.00690634
v 0.00692552 -0.00375949 -0.00853786
v 0.00590514 -0.00191246 -0.00471789
v 0.00612337 -0.00213480 -0.00520931
v 0.00581273 -0.00015996 -0.00403973
v 0.00602507 -0.00042432 -0.00439028
v 0.00573999 -0.00123317 -0.00414785
v 0.00555518 -0.00042432 -0.00371540
v 0.00508725 -0.00041032 -0.00309949
v 0.00504203 -0.00104934 -0.00315846
v 0.00671909 -0.00423570 -0.00878029
v 0.00684688 -0.00440902 -0.00940603
v 0.00659916 -0.00407113 -0.00823318
v 0.00581470 -0.00576935 -0.00978934
v 0.00636716 -0.00532816 -0.01014643
v 0.00644384 -0.00557852 -0.01104737
v 0.00671909 -0.00504104 -0.01036593
v 0.00571836 -0.00483095 -0.00754519
v 0.00583632 -0.00497276 -0.00809230
v 0.00537233 -0.00532991 -0.00780400
v 0.00555321 -0.00549798 -0.00858045
v 0.00569673 -0.00564855 -0.00923895
v 0.00714572 -0.00543496 -0.01269526
v 0.00683509 -0.00516709 -0.01104737
v 0.00727352 -0.00557677 -0.01351757
v 0.00673285 -0.00585689 -0.01269526
v 0.00686261 -0.00597243 -0.01351757
v 0.00716342 -0.00634709 -0.01598122
v 0.00698254 -0.00628932 -0.01514908
v 0.00726959 -0.00643813 -0.01680680
v 0.00737379 -0.00652217 -0.01762911
v 0.00781025 -0.00630333 -0.01840883
v 0.00750355 -0.00662196 -0.01865126
v 0.00757433 -0.00667623 -0.01927372
v 0.00765493 -0.00673226 -0.02009603
v 0.00711623 -0.00719270 -0.02091834
v 0.00676038 -0.00748508 -0.02174392
v 0.00621577 -0.00778270 -0.02256623
v 0.00551192 -0.00811710 -0.02256623
v 0.00510102 -0.00827116 -0.02256623
v 0.00457018 -0.00842523 -0.02256623
v 0.00374640 -0.00861431 -0.02256623
v 0.00292458 -0.00876137 -0.02256623
v -0.00036661 -0.00894345 -0.02503643
v -0.00082077 -0.00892594 -0.02548854
v -0.00082077 -0.00886467 -0.02585546
v -0.00119039 -0.00891018 -0.02585546
v -0.00201221 -0.00876837 -0.02668105
v -0.00283599 -0.00856879 -0.02750663
v -0.00407068 -0.00822914 -0.02874173
v -0.00503405 -0.00746407 -0.02961318
v 0.00210080 -0.00885766 -0.02256623
v 0.00210080 -0.00885941 -0.02338854
v -0.00670914 -0.00592166 -0.03048135
v -0.00802640 -0.00341985 -0.03126107
v -0.00834491 -0.00287887 -0.03131021
v -0.00859656 -0.00040857 -0.03143798
v -0.00908218 -0.00040857 -0.03131349
v -0.00908415 0.00040903 -0.03131349
v -0.00859656 0.00123188 -0.03138556
v -0.00825250 0.00342206 -0.03126107
v -0.00904286 0.00123188 -0.03125452
v -0.00901140 0.00165731 -0.03121521
v -0.00748377 0.00511854 -0.03055015
v -0.00682121 0.00606044 -0.02997355
v -0.00595614 0.00680100 -0.02978026
v -0.00555309 0.00731572 -0.02915125
v -0.00514219 0.00754857 -0.02915125
v -0.00448159 0.00800376 -0.02832894
v -0.00362832 0.00837667 -0.02750663
v -0.00283599 0.00861653 -0.02668105
v -0.00201221 0.00877934 -0.02585546
v -0.00119039 0.00887213 -0.02585546
v 0.00292458 0.00877409 -0.02338854
v 0.00292458 0.00876534 -0.02256623
v 0.00374640 0.00862178 -0.02256623
v 0.00457018 0.00842920 -0.02256623
v 0.00509905 0.00827163 -0.02256623
v 0.00551192 0.00811581 -0.02256623
v 0.00621577 0.00775866 -0.02174392
v 0.00670729 0.00745053 -0.02091834
v 0.00665617 0.00742252 -0.02033191
v 0.00660702 0.00739451 -0.01978480
v 0.00697468 0.00719317 -0.02007310
v 0.00703759 0.00704261 -0.01927372
v 0.00711230 0.00684827 -0.01840555
v 0.00686064 0.00675023 -0.01680680
v 0.00675448 0.00667495 -0.01598122
v 0.00667387 0.00661717 -0.01541772
v 0.00658539 0.00655240 -0.01486733
v 0.00650085 0.00648762 -0.01433988
v 0.00636913 0.00638433 -0.01351757
v 0.00616859 0.00631780 -0.01266905
v 0.00625510 0.00603067 -0.01190899
v 0.00603686 0.00596415 -0.01104737
v 0.00665224 0.00578382 -0.01221039
v 0.00655590 0.00569103 -0.01166000
v 0.00644777 0.00558073 -0.01104737
v 0.00540969 0.00599216 -0.00947155
v 0.00513837 0.00589762 -0.00858045
v 0.00502434 0.00579783 -0.00807265
v 0.00569673 0.00565251 -0.00923895
v 0.00589334 0.00583984 -0.01022506
v 0.00533891 0.00629329 -0.01023489
v 0.00555124 0.00550895 -0.00858045
v 0.00490048 0.00567878 -0.00752553
v 0.00571836 0.00483667 -0.00752553
v 0.00561219 0.00454779 -0.00685720
v 0.00487295 0.00480865 -0.00589730
v 0.00509315 0.00426067 -0.00552054
v 0.00567904 0.00392978 -0.00611025
v 0.00492014 0.00402082 -0.00497343
v 0.00510298 0.00347284 -0.00469824
v 0.00519342 0.00205648 -0.00377764
v 0.00491424 0.00317521 -0.00415112
v 0.00487492 0.00205648 -0.00336485
v 0.00415337 0.00328200 -0.00323708
v 0.00430476 0.00273402 -0.00306017
v 0.00555518 0.00042479 -0.00371540
v 0.00581273 0.00016043 -0.00403973
v 0.00602507 0.00042479 -0.00439028
v 0.00504203 0.00104980 -0.00315518
v 0.00508725 0.00041078 -0.00309949
v 0.00496929 0.00159779 -0.00325019
v 0.00529566 0.00128791 -0.00357125
v 0.00582649 -0.00332531 -0.00566142
v 0.00595036 -0.00351789 -0.00611025
v 0.00568887 -0.00287887 -0.00505861
v 0.00564365 -0.00213480 -0.00445253
v 0.00506759 -0.00262851 -0.00394145
v 0.00527010 -0.00289287 -0.00443614
v 0.00580093 -0.00410789 -0.00653287
v 0.00593070 -0.00428297 -0.00707998
v 0.00529566 -0.00128744 -0.00357125
v 0.00496929 -0.00159732 -0.00325019
v 0.00519342 -0.00205602 -0.00377764
v 0.00474319 -0.00041032 -0.00268997
v 0.00433228 -0.00041032 -0.00221821
v 0.00425168 -0.00123317 -0.00230994
v 0.00471960 -0.00128744 -0.00285705
v 0.00589137 -0.00583938 -0.01022506
v 0.00665224 -0.00578160 -0.01221367
v 0.00655197 -0.00568881 -0.01166328
v 0.00490638 -0.00568531 -0.00751570
v 0.00502827 -0.00580086 -0.00806609
v 0.00514034 -0.00590065 -0.00858045
v 0.00540969 -0.00599344 -0.00947155
v 0.00533694 -0.00629107 -0.01023817
v 0.00561612 -0.00454383 -0.00685720
v 0.00503220 -0.00499027 -0.00643458
v 0.00516000 -0.00512682 -0.00693583
v 0.00603293 -0.00596193 -0.01104737
v 0.00616662 -0.00631558 -0.01267233
v 0.00636520 -0.00638386 -0.01351757
v 0.00658343 -0.00655193 -0.01487061
v 0.00667387 -0.00661671 -0.01542100
v 0.00675251 -0.00667448 -0.01598122
v 0.00685868 -0.00674801 -0.01680680
v 0.00703759 -0.00704039 -0.01927372
v 0.00697271 -0.00718920 -0.02007637
v 0.00660702 -0.00739404 -0.01979135
v 0.00665421 -0.00742205 -0.02033846
v 0.00670533 -0.00745006 -0.02091834
v 0.00621577 -0.00776170 -0.02174392
v 0.00543721 -0.00809259 -0.02174392
v 0.00502630 -0.00824315 -0.02174392
v 0.00498502 -0.00822914 -0.02131803
v 0.00457018 -0.00837271 -0.02174392
v 0.00441879 -0.00830443 -0.02009603
v 0.00374640 -0.00851627 -0.02091834
v 0.00374640 -0.00856704 -0.02174392
v 0.00292458 -0.00871585 -0.02174392
v 0.00210080 -0.00877188 -0.02091834
v 0.00210080 -0.00881564 -0.02174392
v 0.00127898 -0.00891894 -0.02338854
v 0.00045717 -0.00893820 -0.02338854
v -0.00036661 -0.00894345 -0.02421412
v -0.00201221 -0.00878763 -0.02585546
v -0.00082077 -0.00891894 -0.02466623
v -0.00119039 -0.00889793 -0.02503315
v -0.00283599 -0.00861781 -0.02668105
v -0.00407068 -0.00822914 -0.02870242
v -0.00440098 -0.00805057 -0.02838791
v -0.00517364 -0.00759713 -0.02832894
v -0.00555309 -0.00731876 -0.02915125
v -0.00514219 -0.00754811 -0.02915125
v -0.00363225 -0.00837796 -0.02750663
v -0.00595614 -0.00680229 -0.02978354
v 0.00127898 -0.00890843 -0.02256623
v 0.00127898 -0.00882615 -0.02091834
v 0.00127898 -0.00886817 -0.02174392
v -0.00681924 -0.00605997 -0.02997355
v -0.00748180 -0.00511632 -0.03054688
v -0.00825054 -0.00341985 -0.03126107
v -0.00859656 -0.00123317 -0.03137901
v -0.00900747 -0.00164634 -0.03120538
v -0.00904089 -0.00123317 -0.03125452
v -0.00916082 -0.00040857 -0.03079586
v -0.00916082 0.00040903 -0.03079586
v -0.00829772 0.00369868 -0.03071723
v -0.00818566 0.00411536 -0.03038962
v -0.00908021 0.00123188 -0.03079586
v -0.00901337 0.00166782 -0.03079586
v -0.00890720 0.00207924 -0.02997355
v -0.00867717 0.00287758 -0.02997355
v -0.00754078 0.00520607 -0.02997355
v -0.00723211 0.00561750 -0.02997355
v -0.00648108 0.00652088 -0.02915125
v -0.00606820 0.00690430 -0.02915125
v -0.00558062 0.00730347 -0.02832894
v -0.00516971 0.00759584 -0.02832894
v -0.00448159 0.00798276 -0.02750663
v -0.00403922 0.00821560 -0.02750663
v -0.00397631 0.00819109 -0.02585546
v -0.00353394 0.00833991 -0.02503315
v -0.00349855 0.00832590 -0.02421085
v -0.00345923 0.00830839 -0.02338854
v -0.00283599 0.00858676 -0.02585546
v -0.00201221 0.00868480 -0.02338854
v -0.00119039 0.00885988 -0.02421085
v -0.00119039 0.00888964 -0.02503315
v -0.00036661 0.00894216 -0.02421412
v -0.00036661 0.00888964 -0.02503643
v 0.00210080 0.00886163 -0.02338854
v 0.00210080 0.00886163 -0.02256623
v 0.00210080 0.00881961 -0.02174392
v 0.00210080 0.00877409 -0.02091834
v 0.00292458 0.00871807 -0.02174392
v 0.00292458 0.00866905 -0.02091834
v 0.00374640 0.00857101 -0.02174392
v 0.00374640 0.00851848 -0.02091834
v 0.00442076 0.00830489 -0.02009603
v 0.00461540 0.00831365 -0.02099041
v 0.00498502 0.00822961 -0.02131147
v 0.00502827 0.00824362 -0.02174392
v 0.00543918 0.00809305 -0.02174392
v 0.00621577 0.00769213 -0.02091834
v 0.00628655 0.00757833 -0.02007310
v 0.00612927 0.00756608 -0.01927372
v 0.00654214 0.00735949 -0.01927372
v 0.00621577 0.00701985 -0.01598122
v 0.00627279 0.00681851 -0.01514908
v 0.00608798 0.00677299 -0.01433988
v 0.00595822 0.00668895 -0.01351757
v 0.00586385 0.00662418 -0.01292459
v 0.00577144 0.00655940 -0.01237748
v 0.00568100 0.00649112 -0.01187295
v 0.00553552 0.00637557 -0.01104737
v 0.00492014 0.00654014 -0.00996625
v 0.00479824 0.00645260 -0.00940603
v 0.00402361 0.00648762 -0.00775814
v 0.00460360 0.00603593 -0.00778435
v 0.00434408 0.00592213 -0.00693583
v 0.00503024 0.00661542 -0.01051336
v 0.00421235 0.00580833 -0.00641820
v 0.00475499 0.00552646 -0.00693583
v 0.00515410 0.00511503 -0.00693583
v 0.00502434 0.00498023 -0.00644769
v 0.00405900 0.00566302 -0.00587109
v 0.00432442 0.00511503 -0.00544847
v 0.00414551 0.00492070 -0.00489808
v 0.00462326 0.00458981 -0.00520931
v 0.00434015 0.00433420 -0.00446563
v 0.00418680 0.00414862 -0.00401680
v 0.00475695 0.00372844 -0.00443942
v 0.00433622 0.00370218 -0.00382351
v 0.00406490 0.00224206 -0.00251306
v 0.00441486 0.00200396 -0.00279808
v 0.00341610 0.00421340 -0.00314207
v 0.00355962 0.00363916 -0.00285050
v 0.00335908 0.00332227 -0.00238529
v 0.00394694 0.00295637 -0.00279808
v 0.00400985 0.00370218 -0.00341399
v 0.00471960 0.00128791 -0.00285705
v 0.00425168 0.00123363 -0.00230994
v 0.00433228 0.00041078 -0.00221821
v 0.00474319 0.00041078 -0.00268997
v 0.00417893 0.00169408 -0.00238529
v 0.00510495 -0.00347762 -0.00469496
v 0.00492407 -0.00402736 -0.00496688
v 0.00509512 -0.00426196 -0.00551727
v 0.00567904 -0.00392931 -0.00611025
v 0.00491621 -0.00317825 -0.00414457
v 0.00487492 -0.00205602 -0.00336485
v 0.00430476 -0.00273531 -0.00305690
v 0.00415337 -0.00328329 -0.00323708
v 0.00487492 -0.00480994 -0.00588419
v 0.00418090 -0.00169711 -0.00238529
v 0.00441486 -0.00200525 -0.00279808
v 0.00393121 -0.00041032 -0.00180541
v 0.00384077 -0.00123317 -0.00189715
v 0.00553158 -0.00637336 -0.01104737
v 0.00460557 -0.00604246 -0.00777779
v 0.00476089 -0.00553825 -0.00693583
v 0.00421432 -0.00580786 -0.00642148
v 0.00434801 -0.00592166 -0.00693583
v 0.00454855 -0.00635935 -0.00852147
v 0.00480414 -0.00645389 -0.00940603
v 0.00492014 -0.00653968 -0.00996952
v 0.00432639 -0.00511632 -0.00543536
v 0.00406097 -0.00566430 -0.00587109
v 0.00567707 -0.00648715 -0.01187295
v 0.00576751 -0.00655543 -0.01238730
v 0.00586188 -0.00662371 -0.01293442
v 0.00621577 -0.00701588 -0.01598122
v 0.00595429 -0.00668674 -0.01351757
v 0.00627279 -0.00681629 -0.01514908
v 0.00615089 -0.00719621 -0.01681663
v 0.00642418 -0.00729425 -0.01845142
v 0.00653821 -0.00735727 -0.01927372
v 0.00628655 -0.00757787 -0.02007637
v 0.00621577 -0.00769167 -0.02091834
v 0.00575965 -0.00738354 -0.01655126
v 0.00612730 -0.00756561 -0.01927372
v 0.00539199 -0.00797529 -0.02009603
v 0.00531138 -0.00808033 -0.02099369
v 0.00491817 -0.00820814 -0.02076764
v 0.00461343 -0.00831143 -0.02099369
v 0.00482970 -0.00818188 -0.02009603
v 0.00429296 -0.00826766 -0.01927372
v 0.00374640 -0.00839547 -0.01927372
v 0.00374640 -0.00846024 -0.02009603
v 0.00292458 -0.00866683 -0.02091834
v 0.00292458 -0.00861256 -0.02009603
v 0.00210080 -0.00872286 -0.02009603
v 0.00127898 -0.00878063 -0.02009603
v 0.00045717 -0.00890493 -0.02256623
v -0.00119039 -0.00886467 -0.02421085
v 0.00045717 -0.00883140 -0.02091834
v -0.00036661 -0.00878238 -0.02091834
v -0.00082077 -0.00872286 -0.02055141
v -0.00201221 -0.00872110 -0.02421085
v -0.00283599 -0.00855829 -0.02503315
v -0.00345923 -0.00830793 -0.02338854
v -0.00349855 -0.00832544 -0.02421085
v -0.00353591 -0.00833944 -0.02503315
v -0.00356737 -0.00835345 -0.02585546
v -0.00360079 -0.00836570 -0.02668105
v -0.00406282 -0.00822564 -0.02815203
v -0.00448159 -0.00798754 -0.02750663
v -0.00558455 -0.00730650 -0.02832894
v -0.00515595 -0.00758662 -0.02750663
v -0.00667965 -0.00588665 -0.00199543
v -0.00668358 -0.00590416 -0.00282101
v -0.00607017 -0.00690558 -0.02915125
v -0.00404316 -0.00821689 -0.02750663
v 0.00045717 -0.00878763 -0.02009603
v -0.00648108 -0.00652042 -0.02915125
v -0.00723015 -0.00561528 -0.02997355
v -0.00832328 -0.00359142 -0.03079586
v -0.00754078 -0.00520561 -0.02997355
v -0.00794973 -0.00452457 -0.02997355
v -0.00859656 -0.00287887 -0.03079586
v -0.00868700 -0.00287887 -0.02997355
v -0.00891703 -0.00208228 -0.02997355
v -0.00901140 -0.00165860 -0.03079586
v -0.00907628 -0.00123317 -0.03079586
v -0.00917262 0.00040903 -0.02915125
v -0.00908218 -0.00123317 -0.02997355
v -0.00918638 -0.00040857 -0.02668105
v -0.00832918 0.00378097 -0.03000959
v -0.00818566 0.00411536 -0.03030772
v -0.00799888 0.00444275 -0.03000959
v -0.00918638 0.00040903 -0.02668105
v -0.00908218 0.00123188 -0.02997355
v -0.00908808 0.00123188 -0.02668105
v -0.00901337 0.00166782 -0.02997355
v -0.00901337 0.00166607 -0.02668105
v -0.00890524 0.00207749 -0.02668105
v -0.00890327 0.00207399 -0.02585546
v -0.00865751 0.00287758 -0.02668105
v -0.00836260 0.00368993 -0.02915125
v -0.00793990 0.00452503 -0.02915125
v -0.00753292 0.00519557 -0.02915125
v -0.00724981 0.00560699 -0.02915125
v -0.00683890 0.00610946 -0.02915125
v -0.00681531 0.00608145 -0.02750663
v -0.00644175 0.00647887 -0.02668105
v -0.00603085 0.00686753 -0.02668105
v -0.00554916 0.00728071 -0.02668105
v -0.00513629 0.00757308 -0.02668105
v -0.00512056 0.00756083 -0.02585546
v -0.00448159 0.00793549 -0.02585546
v -0.00448159 0.00791098 -0.02503315
v -0.00394485 0.00817884 -0.02503315
v -0.00390946 0.00816483 -0.02421085
v -0.00387014 0.00815083 -0.02338854
v -0.00382689 0.00813507 -0.02256623
v -0.00336879 0.00827338 -0.02174392
v -0.00283599 0.00852374 -0.02421085
v -0.00119039 0.00882662 -0.02338854
v -0.00283599 0.00849047 -0.02338854
v -0.00283599 0.00845546 -0.02256623
v -0.00201221 0.00864804 -0.02256623
v -0.00082077 0.00882662 -0.02256623
v -0.00036661 0.00887038 -0.02256623
v 0.00045717 0.00891240 -0.02256623
v 0.00045717 0.00894216 -0.02338854
v 0.00127898 0.00892291 -0.02338854
v 0.00127898 0.00891240 -0.02256623
v 0.00127898 0.00882662 -0.02091834
v 0.00127898 0.00878110 -0.02009603
v 0.00210080 0.00872332 -0.02009603
v 0.00292458 0.00861302 -0.02009603
v 0.00374640 0.00846246 -0.02009603
v 0.00429886 0.00826988 -0.01927372
v 0.00483166 0.00818234 -0.02009603
v 0.00492014 0.00820860 -0.02076436
v 0.00531335 0.00808080 -0.02099041
v 0.00539199 0.00797575 -0.02009603
v 0.00539199 0.00789347 -0.01927372
v 0.00539199 0.00779543 -0.01845142
v 0.00539199 0.00769388 -0.01762911
v 0.00601720 0.00751356 -0.01845142
v 0.00583632 0.00742252 -0.01709182
v 0.00576161 0.00738400 -0.01654143
v 0.00615286 0.00719667 -0.01681008
v 0.00567314 0.00733848 -0.01598122
v 0.00553945 0.00726495 -0.01515891
v 0.00539199 0.00703560 -0.01351757
v 0.00545491 0.00682376 -0.01266905
v 0.00527010 0.00676774 -0.01187295
v 0.00512264 0.00667845 -0.01104737
v 0.00438733 0.00672747 -0.00940603
v 0.00425168 0.00664168 -0.00878029
v 0.00412978 0.00656290 -0.00823318
v 0.00345935 0.00665919 -0.00712257
v 0.00373853 0.00637032 -0.00688341
v 0.00461540 0.00679925 -0.01023489
v 0.00457018 0.00700934 -0.01104737
v 0.00376999 0.00602542 -0.00612990
v 0.00351047 0.00589762 -0.00544847
v 0.00332173 0.00574530 -0.00489808
v 0.00382897 0.00543017 -0.00517327
v 0.00358321 0.00518506 -0.00446563
v 0.00340430 0.00500649 -0.00396111
v 0.00399412 0.00474563 -0.00446563
v 0.00368545 0.00445500 -0.00371540
v 0.00348688 0.00287933 -0.00225752
v 0.00322932 0.00223331 -0.00168092
v 0.00370904 0.00196369 -0.00203474
v 0.00289902 0.00449877 -0.00285050
v 0.00261394 0.00423441 -0.00230994
v 0.00316248 0.00387201 -0.00259496
v 0.00318214 0.00476138 -0.00341399
v 0.00231903 0.00384750 -0.00175955
v 0.00251957 0.00329951 -0.00157936
v 0.00305434 0.00287933 -0.00184473
v 0.00384077 0.00123363 -0.00189715
v 0.00393121 0.00041078 -0.00180541
v 0.00335318 0.00168533 -0.00156953
v 0.00476089 -0.00373323 -0.00443614
v 0.00418680 -0.00414991 -0.00401680
v 0.00434211 -0.00434074 -0.00446563
v 0.00415337 -0.00492899 -0.00488825
v 0.00462523 -0.00459635 -0.00520276
v 0.00433818 -0.00370172 -0.00382351
v 0.00406490 -0.00224510 -0.00250978
v 0.00395087 -0.00295765 -0.00279808
v 0.00336105 -0.00332706 -0.00238529
v 0.00356159 -0.00364219 -0.00284722
v 0.00341806 -0.00421644 -0.00314207
v 0.00401182 -0.00370172 -0.00341072
v 0.00335515 -0.00168836 -0.00156626
v 0.00371101 -0.00196673 -0.00203474
v 0.00352030 -0.00041032 -0.00142211
v 0.00342986 -0.00123317 -0.00150074
v 0.00502630 -0.00661321 -0.01051991
v 0.00403148 -0.00649241 -0.00775814
v 0.00373853 -0.00636985 -0.00688341
v 0.00376999 -0.00602321 -0.00613318
v 0.00413961 -0.00656944 -0.00821024
v 0.00425954 -0.00664997 -0.00875736
v 0.00439323 -0.00673401 -0.00940603
v 0.00383290 -0.00543145 -0.00516672
v 0.00332173 -0.00574659 -0.00489808
v 0.00351047 -0.00589715 -0.00544847
v 0.00512068 -0.00667448 -0.01104737
v 0.00545294 -0.00681980 -0.01267233
v 0.00539199 -0.00703164 -0.01351757
v 0.00567117 -0.00733627 -0.01598122
v 0.00553748 -0.00726098 -0.01515891
v 0.00539199 -0.00789125 -0.01927372
v 0.00503220 -0.00743081 -0.01459541
v 0.00512461 -0.00747457 -0.01515891
v 0.00526027 -0.00753585 -0.01598122
v 0.00544901 -0.00756211 -0.01681663
v 0.00539199 -0.00768992 -0.01762911
v 0.00539199 -0.00779146 -0.01845142
v 0.00470584 -0.00814161 -0.01927372
v 0.00420449 -0.00824140 -0.01871678
v 0.00345345 -0.00825716 -0.01680680
v 0.00359894 -0.00829217 -0.01762911
v 0.00336498 -0.00823615 -0.01631210
v 0.00292458 -0.00842698 -0.01762911
v 0.00292458 -0.00849001 -0.01845142
v 0.00210080 -0.00855303 -0.01762911
v 0.00210080 -0.00861081 -0.01845142
v 0.00127898 -0.00867383 -0.01845142
v 0.00127898 -0.00872811 -0.01927372
v -0.00119039 -0.00870535 -0.02092162
v -0.00201221 -0.00857229 -0.02092162
v -0.00201221 -0.00868434 -0.02338854
v -0.00036661 -0.00874211 -0.02009603
v -0.00082077 -0.00870010 -0.02009931
v -0.00119039 -0.00866508 -0.02009931
v -0.00283599 -0.00841998 -0.02174392
v -0.00283599 -0.00852502 -0.02421085
v -0.00336879 -0.00827291 -0.02174392
v -0.00377970 -0.00811885 -0.02174392
v -0.00382689 -0.00813460 -0.02256623
v -0.00387014 -0.00815036 -0.02338854
v -0.00390946 -0.00816437 -0.02421085
v -0.00394682 -0.00817837 -0.02503315
v -0.00397827 -0.00819238 -0.02585546
v -0.00401170 -0.00820463 -0.02668105
v -0.00448159 -0.00793677 -0.02585546
v -0.00510286 -0.00754986 -0.02503315
v -0.00512252 -0.00756211 -0.02585546
v -0.00514022 -0.00757437 -0.02668105
v -0.00612718 -0.00616151 -0.00282101
v -0.00612718 -0.00607923 -0.00199543
v -0.00662853 -0.00583588 -0.00132710
v -0.00736384 -0.00493774 0.00006525
v -0.00737760 -0.00496050 -0.00035081
v -0.00709056 -0.00538243 -0.00199543
v -0.00506354 -0.00752184 -0.02338854
v -0.00504192 -0.00750784 -0.02256623
v -0.00448159 -0.00788600 -0.02421085
v -0.00448159 -0.00782647 -0.02256623
v -0.00487283 -0.00739579 -0.01666593
v -0.00484531 -0.00738003 -0.01598449
v -0.00443440 -0.00757087 -0.01598449
v -0.00439508 -0.00754986 -0.01515891
v -0.00435379 -0.00752710 -0.01433988
v -0.00724981 -0.00560653 -0.02915125
v -0.00683890 -0.00610899 -0.02915125
v 0.00045717 -0.00873511 -0.01927372
v -0.00036661 -0.00843748 -0.01515891
v -0.00036661 -0.00848826 -0.01598122
v -0.00818172 -0.00410964 -0.02997355
v -0.00836457 -0.00369822 -0.02997355
v -0.00738940 -0.00497801 -0.00117312
v -0.00765088 -0.00452457 -0.00117312
v -0.00817976 -0.00410089 -0.02915125
v -0.00868307 -0.00287887 -0.02915125
v -0.00890917 -0.00209628 -0.02668105
v -0.00891113 -0.00210154 -0.02750663
v -0.00891310 -0.00209979 -0.02832894
v -0.00891703 -0.00209103 -0.02915125
v -0.00901927 -0.00169011 -0.02832894
v -0.00909398 -0.00123317 -0.02750663
v -0.00909398 -0.00123317 -0.02668105
v -0.00918442 -0.00040857 -0.02585546
v -0.00818369 0.00411011 -0.02976061
v -0.00918442 0.00040903 -0.02585546
v -0.00908611 0.00123188 -0.02585546
v -0.00901140 0.00166257 -0.02585546
v -0.00900944 0.00165031 -0.02539680
v -0.00837046 0.00205648 0.00047477
v -0.00864768 0.00287758 -0.02585546
v -0.00834884 0.00364791 -0.02668105
v -0.00816599 0.00407334 -0.02750663
v -0.00790844 0.00452503 -0.02750663
v -0.00751523 0.00516581 -0.02750663
v -0.00722818 0.00557723 -0.02750663
v -0.00680154 0.00606744 -0.02668105
v -0.00642603 0.00646136 -0.02585546
v -0.00601315 0.00685352 -0.02585546
v -0.00553343 0.00726670 -0.02585546
v -0.00508124 0.00753632 -0.02421085
v -0.00504192 0.00750830 -0.02256623
v -0.00448159 0.00782694 -0.02256623
v -0.00448159 0.00779543 -0.02174392
v -0.00448159 0.00772890 -0.02009931
v -0.00373055 0.00810181 -0.02092162
v -0.00446783 0.00759059 -0.01680352
v -0.00443440 0.00756783 -0.01598449
v -0.00331768 0.00825412 -0.02092162
v -0.00119039 0.00878985 -0.02256623
v -0.00327639 0.00824011 -0.02031881
v -0.00283599 0.00841869 -0.02174392
v -0.00201221 0.00857276 -0.02092162
v -0.00082077 0.00880561 -0.02211413
v -0.00036661 0.00883187 -0.02174392
v 0.00045717 0.00887564 -0.02174392
v 0.00045717 0.00883537 -0.02091834
v 0.00045717 0.00878985 -0.02009603
v 0.00127898 0.00873032 -0.01927372
v 0.00127898 0.00862178 -0.01762911
v 0.00210080 0.00861127 -0.01845142
v 0.00210080 0.00855350 -0.01762911
v 0.00292458 0.00849047 -0.01845142
v 0.00292458 0.00842744 -0.01762911
v 0.00374640 0.00839768 -0.01927372
v 0.00360484 0.00829264 -0.01762911
v 0.00336695 0.00823661 -0.01630555
v 0.00411405 0.00821736 -0.01815329
v 0.00470977 0.00814207 -0.01927372
v 0.00457018 0.00792498 -0.01680680
v 0.00457018 0.00782344 -0.01598122
v 0.00544901 0.00756433 -0.01681008
v 0.00526223 0.00753807 -0.01598122
v 0.00512854 0.00747679 -0.01515891
v 0.00503614 0.00743127 -0.01458886
v 0.00494176 0.00738575 -0.01403847
v 0.00484739 0.00734023 -0.01351757
v 0.00534088 0.00721768 -0.01432350
v 0.00469994 0.00726320 -0.01269526
v 0.00374640 0.00708287 -0.00940603
v 0.00361074 0.00674848 -0.00775814
v 0.00298750 0.00683077 -0.00688341
v 0.00274370 0.00670821 -0.00611025
v 0.00330403 0.00656290 -0.00657546
v 0.00292458 0.00710388 -0.00775814
v 0.00373067 0.00726845 -0.01016609
v 0.00398626 0.00732448 -0.01104737
v 0.00451120 0.00720718 -0.01188933
v 0.00315461 0.00646486 -0.00611025
v 0.00295014 0.00620050 -0.00525190
v 0.00274764 0.00593613 -0.00446563
v 0.00256479 0.00579958 -0.00398732
v 0.00315658 0.00559649 -0.00446563
v 0.00287346 0.00530412 -0.00370229
v 0.00263360 0.00505026 -0.00310604
v 0.00264343 0.00287933 -0.00147780
v 0.00294228 0.00199871 -0.00135003
v 0.00237015 0.00478239 -0.00255892
v 0.00207131 0.00449527 -0.00202164
v 0.00177050 0.00420640 -0.00152039
v 0.00206738 0.00362515 -0.00141228
v 0.00131241 0.00378272 -0.00092086
v 0.00160732 0.00316996 -0.00081930
v 0.00207327 0.00288809 -0.00104208
v 0.00342986 0.00123363 -0.00150074
v 0.00352030 0.00041078 -0.00142211
v 0.00246059 0.00149099 -0.00079637
v 0.00368741 -0.00445804 -0.00371212
v 0.00340823 -0.00501128 -0.00396111
v 0.00400198 -0.00475217 -0.00446563
v 0.00359108 -0.00518810 -0.00446563
v 0.00322932 -0.00223634 -0.00168092
v 0.00349081 -0.00287887 -0.00225752
v 0.00316641 -0.00387504 -0.00259169
v 0.00305827 -0.00287887 -0.00184473
v 0.00252154 -0.00330430 -0.00157936
v 0.00284397 -0.00358967 -0.00207078
v 0.00261787 -0.00423745 -0.00230666
v 0.00290099 -0.00450181 -0.00284395
v 0.00318607 -0.00476442 -0.00341072
v 0.00246256 -0.00148002 -0.00079637
v 0.00233869 -0.00205602 -0.00088810
v 0.00294228 -0.00199999 -0.00134676
v 0.00299929 0.00041078 -0.00101259
v 0.00299536 -0.00041032 -0.00101259
v 0.00254316 -0.00093029 -0.00074395
v 0.00285970 -0.00121741 -0.00104535
v 0.00461540 -0.00679879 -0.01023817
v 0.00345935 -0.00665873 -0.00712584
v 0.00330207 -0.00656068 -0.00657546
v 0.00315461 -0.00646439 -0.00611025
v 0.00362057 -0.00674977 -0.00775814
v 0.00381914 -0.00684080 -0.00852147
v 0.00374640 -0.00709991 -0.00940603
v 0.00316051 -0.00559953 -0.00446563
v 0.00256872 -0.00580086 -0.00398404
v 0.00274960 -0.00593742 -0.00446563
v 0.00295014 -0.00620003 -0.00525518
v 0.00457018 -0.00700362 -0.01104737
v 0.00526420 -0.00676377 -0.01187295
v 0.00484149 -0.00733802 -0.01351757
v 0.00493980 -0.00738529 -0.01404830
v 0.00534088 -0.00721546 -0.01433005
v 0.00469207 -0.00726098 -0.01269526
v 0.00457018 -0.00792276 -0.01680680
v 0.00442862 -0.00752535 -0.01351757
v 0.00462719 -0.00756386 -0.01433005
v 0.00457018 -0.00770917 -0.01515891
v 0.00457018 -0.00782122 -0.01598122
v 0.00401182 -0.00819063 -0.01762911
v 0.00368348 -0.00811535 -0.01601398
v 0.00323325 -0.00820989 -0.01576172
v 0.00292458 -0.00835870 -0.01680680
v 0.00386436 -0.00814861 -0.01680680
v 0.00210080 -0.00842348 -0.01598122
v 0.00210080 -0.00849001 -0.01680680
v 0.00127898 -0.00843923 -0.01515891
v 0.00127898 -0.00850051 -0.01598122
v 0.00127898 -0.00856179 -0.01680680
v 0.00045717 -0.00846550 -0.01515891
v 0.00045717 -0.00851977 -0.01598122
v 0.00045717 -0.00857404 -0.01680680
v -0.00283599 -0.00838146 -0.02092162
v -0.00201221 -0.00853202 -0.02009931
v -0.00082077 -0.00865107 -0.01927372
v -0.00119039 -0.00861781 -0.01927372
v -0.00081881 -0.00870010 -0.02009603
v -0.00327639 -0.00823965 -0.02031881
v -0.00331768 -0.00825366 -0.02092162
v -0.00373055 -0.00810134 -0.02092162
v -0.00448159 -0.00773018 -0.02009931
v -0.00448159 -0.00776345 -0.02092162
v -0.00429874 -0.00750084 -0.01351757
v -0.00423190 -0.00746932 -0.01269526
v -0.00365977 -0.00771968 -0.01351757
v -0.00365977 -0.00765665 -0.01269526
v -0.00403332 -0.00739579 -0.01076235
v -0.00395468 -0.00737478 -0.01022506
v -0.00354377 -0.00748508 -0.01022506
v -0.00339829 -0.00744481 -0.00940275
v -0.00283599 -0.00757612 -0.00940275
v -0.00201221 -0.00774419 -0.00940275
v -0.00201221 -0.00765140 -0.00858372
v -0.00201221 -0.00754110 -0.00775486
v -0.00162883 -0.00741155 -0.00649683
v -0.00119039 -0.00735552 -0.00597265
v -0.00119039 -0.00720146 -0.00528794
v -0.00612718 -0.00589015 -0.00119278
v -0.00612718 -0.00575184 -0.00077999
v -0.00763909 -0.00452457 -0.00035081
v -0.00694900 -0.00499902 0.00013078
v -0.00743462 -0.00417092 0.00093343
v -0.00819745 -0.00332006 0.00091377
v -0.00365977 -0.00804707 -0.01927372
v -0.00365977 -0.00795953 -0.01762911
v -0.00365977 -0.00787024 -0.01598449
v -0.00007170 -0.00823790 -0.01217763
v -0.00036661 -0.00837971 -0.01433988
v -0.00082077 -0.00833244 -0.01431039
v -0.00119039 -0.00835520 -0.01515891
v -0.00082077 -0.00842348 -0.01561429
v -0.00836260 -0.00368946 -0.02915125
v -0.00803427 -0.00374724 -0.00035081
v -0.00866144 -0.00287887 -0.02668105
v -0.00835277 -0.00287887 0.00047477
v -0.00890327 -0.00208228 -0.02585546
v -0.00901337 -0.00167085 -0.02585546
v -0.00901730 -0.00168486 -0.02668105
v -0.00901927 -0.00169186 -0.02750663
v -0.00908808 -0.00123317 -0.02585546
v -0.00868110 -0.00123317 0.00047477
v -0.00917065 -0.00040857 -0.02503315
v -0.00917065 0.00040903 -0.02503315
v -0.00906645 0.00115660 -0.02421085
v -0.00906252 0.00129491 -0.02508885
v -0.00857887 0.00123188 0.00047477
v -0.00820335 0.00250818 0.00092687
v -0.00821318 0.00253444 0.00047477
v -0.00834097 0.00362515 -0.02585546
v -0.00815813 0.00405934 -0.02668105
v -0.00788878 0.00452503 -0.02668105
v -0.00750343 0.00514830 -0.02668105
v -0.00739726 0.00416788 -0.00117312
v -0.00721442 0.00555972 -0.02668105
v -0.00710039 0.00457931 -0.00199543
v -0.00668948 0.00507302 -0.00199543
v -0.00640833 0.00644210 -0.02503315
v -0.00599546 0.00683777 -0.02503315
v -0.00551377 0.00725094 -0.02503315
v -0.00502029 0.00749255 -0.02174392
v -0.00489250 0.00740501 -0.01722287
v -0.00487873 0.00739626 -0.01680352
v -0.00484531 0.00737875 -0.01598449
v -0.00439311 0.00754682 -0.01515891
v -0.00434790 0.00752581 -0.01433988
v -0.00365977 0.00804578 -0.01927372
v -0.00359489 0.00811056 -0.02006327
v -0.00119039 0.00875133 -0.02174392
v -0.00365977 0.00795825 -0.01762911
v -0.00365977 0.00781994 -0.01515891
v -0.00322724 0.00822436 -0.01976842
v -0.00290677 0.00832065 -0.02006327
v -0.00283599 0.00838017 -0.02092162
v -0.00119039 0.00871107 -0.02092162
v -0.00201221 0.00853074 -0.02009931
v -0.00082077 0.00878810 -0.02174392
v -0.00036661 0.00879160 -0.02091834
v -0.00036661 0.00874608 -0.02009603
v -0.00036661 0.00869706 -0.01927372
v -0.00036661 0.00859552 -0.01762911
v -0.00036661 0.00849047 -0.01598122
v 0.00045717 0.00868480 -0.01845142
v 0.00045717 0.00852374 -0.01598122
v 0.00127898 0.00856400 -0.01680680
v 0.00045717 0.00846771 -0.01515891
v 0.00127898 0.00850448 -0.01598122
v 0.00210080 0.00849047 -0.01680680
v 0.00210080 0.00842394 -0.01598122
v 0.00292458 0.00835917 -0.01680680
v 0.00294621 0.00828388 -0.01601070
v 0.00253923 0.00823311 -0.01469697
v 0.00323522 0.00820860 -0.01575844
v 0.00292458 0.00793899 -0.01269526
v 0.00368348 0.00811756 -0.01601070
v 0.00386829 0.00814908 -0.01680680
v 0.00457018 0.00801427 -0.01762911
v 0.00451709 0.00811756 -0.01843504
v 0.00374640 0.00800201 -0.01515891
v 0.00374640 0.00790222 -0.01433988
v 0.00374640 0.00779368 -0.01351757
v 0.00457018 0.00771139 -0.01515891
v 0.00462916 0.00756608 -0.01432350
v 0.00443452 0.00752756 -0.01351757
v 0.00419859 0.00742427 -0.01217108
v 0.00409439 0.00737700 -0.01162397
v 0.00206148 0.00725094 -0.00696531
v 0.00210080 0.00699008 -0.00611025
v 0.00257855 0.00661893 -0.00560572
v 0.00331779 0.00739801 -0.00985158
v 0.00290885 0.00728246 -0.00852147
v 0.00249008 0.00739801 -0.00821024
v 0.00234263 0.00734899 -0.00775814
v 0.00344559 0.00745228 -0.01039870
v 0.00236818 0.00650338 -0.00505861
v 0.00206344 0.00593964 -0.00368591
v 0.00176264 0.00580658 -0.00316173
v 0.00231117 0.00559999 -0.00344020
v 0.00209687 0.00635631 -0.00446235
v 0.00206738 0.00532688 -0.00286033
v 0.00182162 0.00505376 -0.00228373
v 0.00178033 0.00262022 -0.00070136
v 0.00233673 0.00205648 -0.00089465
v 0.00150508 0.00475613 -0.00173662
v 0.00124949 0.00449877 -0.00134020
v 0.00086414 0.00411011 -0.00076688
v 0.00105878 0.00356037 -0.00063911
v 0.00131241 0.00288809 -0.00051790
v 0.00286363 0.00122313 -0.00104535
v 0.00254906 0.00094126 -0.00073740
v 0.00192582 0.00205648 -0.00061290
v 0.00121607 0.00201622 -0.00018046
v 0.00215192 0.00122313 -0.00055066
v 0.00263754 -0.00505504 -0.00309949
v 0.00287543 -0.00530715 -0.00369902
v 0.00264540 -0.00287887 -0.00147453
v 0.00177247 -0.00420768 -0.00152039
v 0.00232100 -0.00385228 -0.00175955
v 0.00207524 -0.00289112 -0.00103553
v 0.00161518 -0.00317299 -0.00081602
v 0.00206934 -0.00362819 -0.00140900
v 0.00207327 -0.00449656 -0.00201836
v 0.00237408 -0.00478543 -0.00255237
v 0.00215388 -0.00121741 -0.00055066
v 0.00192975 -0.00205602 -0.00061290
v 0.00178230 -0.00262326 -0.00070136
v 0.00258642 0.00041078 -0.00071119
v 0.00258445 -0.00041032 -0.00071446
v 0.00210080 -0.00041032 -0.00041634
v 0.00274174 -0.00670600 -0.00611025
v 0.00298553 -0.00682855 -0.00688341
v 0.00292458 -0.00710692 -0.00775814
v 0.00257855 -0.00661846 -0.00560900
v 0.00322342 -0.00735902 -0.00940603
v 0.00332762 -0.00740104 -0.00983193
v 0.00373067 -0.00727149 -0.01015299
v 0.00231903 -0.00560478 -0.00343693
v 0.00177247 -0.00581312 -0.00315190
v 0.00206738 -0.00594442 -0.00368264
v 0.00209490 -0.00635760 -0.00445908
v 0.00236622 -0.00650291 -0.00506188
v 0.00398232 -0.00732226 -0.01104737
v 0.00408849 -0.00737478 -0.01164362
v 0.00419073 -0.00742030 -0.01219074
v 0.00374640 -0.00790000 -0.01433988
v 0.00374640 -0.00799980 -0.01515891
v 0.00356945 -0.00750259 -0.01104737
v 0.00374640 -0.00778971 -0.01351757
v 0.00292458 -0.00802781 -0.01351757
v 0.00210080 -0.00793677 -0.01104737
v 0.00210080 -0.00802781 -0.01187295
v 0.00221876 -0.00817487 -0.01351757
v 0.00239178 -0.00820639 -0.01415641
v 0.00253727 -0.00823265 -0.01470025
v 0.00210080 -0.00835170 -0.01515891
v 0.00294424 -0.00828342 -0.01601398
v 0.00180589 -0.00824840 -0.01351757
v 0.00169186 -0.00822739 -0.01310150
v 0.00127898 -0.00837096 -0.01433988
v 0.00083465 -0.00822564 -0.01230213
v 0.00045717 -0.00834294 -0.01351757
v 0.00045717 -0.00840772 -0.01433988
v -0.00290677 -0.00832018 -0.02006327
v -0.00322920 -0.00822389 -0.01976842
v -0.00201221 -0.00848475 -0.01927372
v -0.00266691 -0.00828692 -0.01845142
v -0.00276128 -0.00831143 -0.01927372
v -0.00201221 -0.00838671 -0.01762911
v -0.00119039 -0.00841122 -0.01598449
v -0.00168781 -0.00824665 -0.01450696
v -0.00179791 -0.00826941 -0.01515891
v -0.00192963 -0.00829917 -0.01598449
v -0.00359489 -0.00811009 -0.02006327
v -0.00365977 -0.00782297 -0.01515891
v -0.00365977 -0.00777395 -0.01433988
v -0.00283599 -0.00804357 -0.01515891
v -0.00283599 -0.00798929 -0.01433988
v -0.00283599 -0.00793327 -0.01351757
v -0.00283599 -0.00787199 -0.01269526
v -0.00365977 -0.00759012 -0.01187623
v -0.00283599 -0.00765665 -0.01022506
v -0.00283599 -0.00780196 -0.01187623
v -0.00201221 -0.00782472 -0.01022506
v -0.00119039 -0.00787024 -0.00940275
v -0.00119039 -0.00777395 -0.00858372
v -0.00119039 -0.00766190 -0.00775486
v -0.00119039 -0.00753060 -0.00693255
v -0.00119039 -0.00743256 -0.00638872
v -0.00036661 -0.00758662 -0.00693583
v -0.00036661 -0.00745882 -0.00626422
v -0.00082077 -0.00736428 -0.00592023
v -0.00036661 -0.00723472 -0.00528794
v -0.00119039 -0.00699312 -0.00446563
v -0.00036661 -0.00737303 -0.00585143
v -0.00119039 -0.00675502 -0.00364332
v -0.00119039 -0.00660270 -0.00318139
v -0.00082077 -0.00660095 -0.00318139
v -0.00054552 -0.00659920 -0.00318466
v -0.00119039 -0.00644163 -0.00276532
v -0.00119039 -0.00609324 -0.00199543
v -0.00119039 -0.00582187 -0.00148435
v -0.00201221 -0.00558727 -0.00104535
v -0.00201221 -0.00517585 -0.00048186
v -0.00612718 -0.00543496 -0.00035081
v -0.00612718 -0.00503228 0.00015698
v -0.00694900 -0.00461386 0.00054357
v -0.00694900 -0.00420243 0.00095308
v -0.00777278 -0.00257249 0.00174263
v -0.00819155 -0.00248145 0.00171642
v -0.00825840 -0.00280534 0.00123155
v -0.00847073 -0.00205602 0.00129708
v -0.00857297 -0.00205602 0.00047477
v -0.00820138 -0.00332881 0.00047477
v 0.00028612 -0.00823790 -0.01217763
v 0.00045717 -0.00812585 -0.01104737
v 0.00045717 -0.00804182 -0.01022506
v -0.00036661 -0.00794202 -0.00940603
v -0.00036661 -0.00802781 -0.01022506
v -0.00035285 -0.00818538 -0.01188933
v -0.00062023 -0.00821339 -0.01246266
v -0.00035285 -0.00825716 -0.01272147
v -0.00036661 -0.00831843 -0.01351757
v -0.00082077 -0.00823790 -0.01299339
v -0.00085026 -0.00823615 -0.01300977
v -0.00102328 -0.00825541 -0.01351757
v -0.00158164 -0.00822739 -0.01395657
v -0.00820925 -0.00335157 -0.00117312
v -0.00900944 -0.00165510 -0.02530835
v -0.00864768 -0.00123317 0.00129708
v -0.00869683 -0.00040857 0.00129708
v -0.00868110 0.00040903 0.00047477
v -0.00864571 0.00040903 0.00129708
v -0.00847860 0.00123188 0.00129708
v -0.00826430 0.00198645 0.00124138
v -0.00819549 0.00166607 0.00171642
v -0.00743855 0.00335028 0.00093343
v -0.00736974 0.00412236 0.00007508
v -0.00765285 0.00370218 -0.00035081
v -0.00804017 0.00294936 -0.00035081
v -0.00738547 0.00414687 -0.00035081
v -0.00661477 0.00499949 -0.00117312
v -0.00448159 0.00686403 -0.00775486
v -0.00448159 0.00697083 -0.00858372
v -0.00448159 0.00706361 -0.00940275
v -0.00448159 0.00714940 -0.01022506
v -0.00456809 0.00725445 -0.01187623
v -0.00464477 0.00728421 -0.01269526
v -0.00470965 0.00730872 -0.01351757
v -0.00475880 0.00733148 -0.01433988
v -0.00480402 0.00735599 -0.01515891
v -0.00543120 0.00717391 -0.02174392
v -0.00594827 0.00680275 -0.02338854
v -0.00597383 0.00682026 -0.02421085
v -0.00545282 0.00719492 -0.02256623
v -0.00429678 0.00750130 -0.01351757
v -0.00365977 0.00777267 -0.01433988
v -0.00317219 0.00821035 -0.01927372
v -0.00297558 0.00816308 -0.01762911
v -0.00266298 0.00828563 -0.01845142
v -0.00275931 0.00831015 -0.01927372
v -0.00082077 0.00874783 -0.02092162
v -0.00119039 0.00866905 -0.02009931
v -0.00201221 0.00848347 -0.01927372
v -0.00082077 0.00870406 -0.02009931
v -0.00082077 0.00867780 -0.01964393
v -0.00119039 0.00857101 -0.01845142
v -0.00082077 0.00852549 -0.01717700
v -0.00036661 0.00843795 -0.01515891
v 0.00045717 0.00840819 -0.01433988
v -0.00007760 0.00823836 -0.01215142
v 0.00127898 0.00843970 -0.01515891
v 0.00170365 0.00822961 -0.01308512
v 0.00210080 0.00835216 -0.01515891
v 0.00181572 0.00825062 -0.01351757
v 0.00202609 0.00814207 -0.01276406
v 0.00210080 0.00803878 -0.01187295
v 0.00210080 0.00794774 -0.01104737
v 0.00292458 0.00803178 -0.01351757
v 0.00292458 0.00784095 -0.01187295
v 0.00292458 0.00773415 -0.01104737
v 0.00374640 0.00767813 -0.01269526
v 0.00357535 0.00750480 -0.01104737
v 0.00150312 0.00735774 -0.00670978
v 0.00176067 0.00742602 -0.00726017
v 0.00209687 0.00672922 -0.00531415
v 0.00127898 0.00701459 -0.00528794
v 0.00181965 0.00664168 -0.00473427
v 0.00193172 0.00747679 -0.00775814
v 0.00299536 0.00756958 -0.01016609
v 0.00216961 0.00754332 -0.00852147
v 0.00152671 0.00651913 -0.00418388
v 0.00122393 0.00591337 -0.00286033
v 0.00091330 0.00578557 -0.00236891
v 0.00146183 0.00560349 -0.00261134
v 0.00120821 0.00530587 -0.00205440
v 0.00095655 0.00500649 -0.00152039
v 0.00059283 0.00287933 -0.00009200
v 0.00076388 0.00226482 0.00000956
v 0.00053778 0.00457756 -0.00091103
v -0.00003042 0.00488919 -0.00079964
v 0.00031758 0.00433945 -0.00060963
v -0.00021129 0.00385275 -0.00005924
v 0.00046110 0.00370744 -0.00035081
v 0.00005609 0.00330301 0.00006525
v 0.00138712 0.00123363 -0.00010183
v 0.00210080 0.00041078 -0.00041306
v 0.00089953 0.00171684 0.00007508
v 0.00182555 -0.00505679 -0.00228045
v 0.00207131 -0.00532991 -0.00285050
v 0.00150705 -0.00475742 -0.00173334
v 0.00131437 -0.00378050 -0.00092086
v 0.00086021 -0.00410614 -0.00076688
v 0.00125146 -0.00450006 -0.00134020
v 0.00131437 -0.00289112 -0.00051462
v 0.00106665 -0.00355816 -0.00063584
v 0.00138712 -0.00123317 -0.00010183
v 0.00121607 -0.00201750 -0.00018046
v 0.00076584 -0.00226611 0.00000956
v 0.00059479 -0.00287887 -0.00008872
v 0.00146576 -0.00041032 -0.00005269
v 0.00210080 -0.00699487 -0.00611025
v 0.00234459 -0.00735027 -0.00775814
v 0.00249205 -0.00739929 -0.00819714
v 0.00292065 -0.00729075 -0.00851820
v 0.00206148 -0.00725223 -0.00696204
v 0.00209490 -0.00673226 -0.00531742
v 0.00181769 -0.00664297 -0.00473427
v 0.00264540 -0.00745532 -0.00874753
v 0.00300322 -0.00757087 -0.01015299
v 0.00344362 -0.00745181 -0.01037904
v 0.00281055 -0.00751309 -0.00940603
v 0.00147166 -0.00560478 -0.00260151
v 0.00092313 -0.00579211 -0.00236236
v 0.00122983 -0.00592692 -0.00285378
v 0.00153850 -0.00651867 -0.00418388
v 0.00292458 -0.00772843 -0.01104737
v 0.00292458 -0.00782998 -0.01187295
v 0.00292458 -0.00792977 -0.01269526
v 0.00210080 -0.00783348 -0.01022506
v 0.00127898 -0.00787024 -0.00940603
v 0.00127898 -0.00797179 -0.01022506
v 0.00127898 -0.00806633 -0.01104737
v 0.00202019 -0.00813636 -0.01277389
v 0.00211063 -0.00827817 -0.01439229
v 0.00127898 -0.00814861 -0.01187295
v 0.00127898 -0.00824490 -0.01291148
v 0.00051812 -0.00826591 -0.01262319
v 0.00051812 -0.00820288 -0.01188933
v -0.00307782 -0.00818713 -0.01845142
v -0.00248603 -0.00824315 -0.01699026
v -0.00256664 -0.00826241 -0.01762911
v -0.00208692 -0.00831493 -0.01675111
v -0.00240935 -0.00822564 -0.01644315
v -0.00201221 -0.00811009 -0.01351757
v -0.00198272 -0.00816962 -0.01427435
v -0.00221078 -0.00818363 -0.01515891
v -0.00283599 -0.00809609 -0.01598449
v -0.00297755 -0.00816262 -0.01762911
v -0.00279077 -0.00815561 -0.01675111
v -0.00201221 -0.00804532 -0.01269526
v -0.00201221 -0.00797354 -0.01187623
v -0.00201221 -0.00790000 -0.01105064
v -0.00119039 -0.00810134 -0.01187623
v -0.00119039 -0.00794903 -0.01022506
v -0.00082077 -0.00790351 -0.00940275
v -0.00036661 -0.00784048 -0.00858045
v -0.00082077 -0.00768992 -0.00775486
v -0.00082077 -0.00755686 -0.00693255
v -0.00036661 -0.00772318 -0.00775814
v 0.00045717 -0.00757612 -0.00693583
v 0.00045717 -0.00771968 -0.00775814
v 0.00045717 -0.00745181 -0.00631664
v 0.00045717 -0.00735377 -0.00590713
v 0.00045717 -0.00719095 -0.00528794
v -0.00036661 -0.00700888 -0.00446563
v -0.00081881 -0.00666573 -0.00337796
v 0.00000301 -0.00657819 -0.00324036
v -0.00030960 -0.00644339 -0.00287671
v -0.00030960 -0.00671650 -0.00356470
v -0.00081881 -0.00589365 -0.00168747
v -0.00063596 -0.00579386 -0.00153350
v -0.00119039 -0.00552775 -0.00107156
v -0.00201221 -0.00478193 -0.00006907
v -0.00283599 -0.00485371 -0.00001993
v -0.00119039 -0.00511632 -0.00057031
v -0.00283599 -0.00444053 0.00032079
v -0.00647911 -0.00417267 0.00092687
v -0.00729306 -0.00259175 0.00175246
v -0.00777278 -0.00205602 0.00187368
v -0.00827609 -0.00205602 0.00178522
v 0.00045717 -0.00795078 -0.00940603
v -0.00082077 -0.00820113 -0.01255766
v -0.00115107 -0.00818012 -0.01271819
v -0.00143419 -0.00821164 -0.01351757
v -0.00839013 -0.00123317 0.00189006
v -0.00841962 -0.00040857 0.00190971
v -0.00838816 0.00040903 0.00188350
v -0.00828199 0.00123188 0.00179177
v -0.00777278 0.00123188 0.00187695
v -0.00777278 0.00175711 0.00175246
v -0.00694900 0.00338355 0.00095636
v -0.00365977 0.00443750 0.00034372
v -0.00365977 0.00484892 -0.00003958
v -0.00694900 0.00379497 0.00055340
v -0.00694900 0.00418714 0.00014388
v -0.00654202 0.00493821 -0.00075705
v -0.00409624 0.00659441 -0.00481290
v -0.00418471 0.00663993 -0.00528794
v -0.00432627 0.00670821 -0.00611025
v -0.00365977 0.00717391 -0.00775486
v -0.00380330 0.00733323 -0.00940275
v -0.00395075 0.00737175 -0.01022506
v -0.00403136 0.00739451 -0.01076890
v -0.00410017 0.00741551 -0.01131929
v -0.00441671 0.00725269 -0.01105064
v -0.00415719 0.00743652 -0.01187623
v -0.00423386 0.00746979 -0.01269526
v -0.00365977 0.00771839 -0.01351757
v -0.00283599 0.00798801 -0.01433988
v -0.00283599 0.00809480 -0.01598449
v -0.00248407 0.00824362 -0.01700009
v -0.00279077 0.00815433 -0.01675766
v -0.00119039 0.00862003 -0.01927372
v -0.00201221 0.00843445 -0.01845142
v -0.00192570 0.00829964 -0.01598449
v -0.00179398 0.00826988 -0.01515891
v -0.00168584 0.00824537 -0.01450696
v -0.00158164 0.00822611 -0.01395985
v -0.00119039 0.00846596 -0.01680352
v -0.00119039 0.00835391 -0.01515891
v -0.00082077 0.00829439 -0.01376983
v -0.00036661 0.00838017 -0.01433988
v -0.00119039 0.00841169 -0.01598449
v 0.00029005 0.00823836 -0.01215142
v -0.00082077 0.00823836 -0.01298684
v -0.00062810 0.00821385 -0.01245610
v -0.00035678 0.00818934 -0.01187623
v -0.00036661 0.00811406 -0.01104737
v -0.00036661 0.00803178 -0.01022506
v 0.00045717 0.00813507 -0.01104737
v -0.00036661 0.00831890 -0.01351757
v 0.00083662 0.00822611 -0.01229885
v 0.00127898 0.00837142 -0.01433988
v 0.00127898 0.00829964 -0.01351757
v 0.00127898 0.00824537 -0.01289838
v 0.00127898 0.00815433 -0.01187295
v 0.00127898 0.00807555 -0.01104737
v 0.00127898 0.00797925 -0.01022506
v 0.00210080 0.00783744 -0.01022506
v 0.00210080 0.00770789 -0.00940603
v 0.00095458 0.00742602 -0.00643786
v 0.00124949 0.00727195 -0.00614301
v 0.00127898 0.00762210 -0.00775814
v 0.00124949 0.00747504 -0.00696531
v 0.00045717 0.00718792 -0.00528794
v 0.00045717 0.00692881 -0.00446563
v 0.00126326 0.00672747 -0.00446235
v 0.00097818 0.00662068 -0.00396766
v 0.00126326 0.00635281 -0.00367281
v 0.00045717 0.00621625 -0.00281774
v 0.00045717 0.00588186 -0.00221165
v -0.00008547 0.00571904 -0.00163833
v 0.00045717 0.00557548 -0.00180214
v 0.00045717 0.00516406 -0.00135659
v 0.00018192 0.00287933 0.00012422
v 0.00047683 0.00201622 0.00019957
v -0.00058091 0.00502925 -0.00067515
v -0.00076179 0.00412411 0.00006853
v -0.00043739 0.00362690 0.00014060
v -0.00036661 0.00287933 0.00036011
v 0.00097621 0.00123363 0.00011112
v 0.00146576 0.00041078 -0.00005269
v 0.00045717 0.00123363 0.00033717
v 0.00095852 -0.00500952 -0.00151712
v 0.00121607 -0.00530715 -0.00204785
v 0.00046110 -0.00370522 -0.00034754
v -0.00021129 -0.00385403 -0.00005596
v 0.00031365 -0.00434774 -0.00060635
v 0.00053581 -0.00458234 -0.00090448
v 0.00005806 -0.00330430 0.00006853
v 0.00097621 -0.00123317 0.00011112
v 0.00089953 -0.00171637 0.00007508
v 0.00047880 -0.00201750 0.00019957
v 0.00018389 -0.00287887 0.00012422
v 0.00105289 -0.00041032 0.00015043
v 0.00150901 -0.00736253 -0.00670322
v 0.00127898 -0.00702288 -0.00528794
v 0.00176067 -0.00742730 -0.00725034
v 0.00193368 -0.00747632 -0.00775814
v 0.00217158 -0.00754811 -0.00851820
v 0.00126915 -0.00673401 -0.00445908
v 0.00210080 -0.00771443 -0.00940603
v 0.00045717 -0.00623505 -0.00281774
v 0.00126915 -0.00636285 -0.00366298
v 0.00045717 -0.00557852 -0.00179559
v -0.00008743 -0.00572033 -0.00163833
v 0.00045717 -0.00588840 -0.00220838
v 0.00098997 -0.00662721 -0.00395455
v 0.00127898 -0.00775644 -0.00858045
v 0.00045717 -0.00784398 -0.00858045
v 0.00096048 -0.00742555 -0.00643786
v 0.00127898 -0.00762339 -0.00775814
v 0.00045717 -0.00693534 -0.00446563
v -0.00036268 -0.00597243 -0.00194629
v 0.00045717 -0.00668849 -0.00378092
v 0.00045717 -0.00651692 -0.00336813
v -0.00056912 -0.00503053 -0.00067515
v -0.00081881 -0.00506555 -0.00063256
v -0.00119039 -0.00463837 -0.00016080
v -0.00201221 -0.00437050 0.00024872
v -0.00283599 -0.00380501 0.00073358
v -0.00365977 -0.00347412 0.00097929
v -0.00365977 -0.00205602 0.00140191
v -0.00777278 -0.00123317 0.00199489
v -0.00283599 -0.00339184 0.00093343
v -0.00365977 -0.00287887 0.00119879
v -0.00777278 -0.00040857 0.00202438
v -0.00777278 0.00040903 0.00199162
v -0.00448159 0.00123188 0.00159193
v -0.00365977 0.00205648 0.00140191
v -0.00729110 0.00177461 0.00175246
v -0.00365977 0.00347634 0.00097929
v -0.00694900 0.00287758 0.00121190
v -0.00365977 0.00388776 0.00075324
v -0.00283599 0.00444450 0.00032079
v -0.00283599 0.00485417 -0.00001993
v -0.00283599 0.00519732 -0.00042944
v -0.00365977 0.00516231 -0.00045237
v -0.00369320 0.00559824 -0.00120261
v -0.00344350 0.00580133 -0.00149418
v -0.00369320 0.00591162 -0.00194301
v -0.00365977 0.00620225 -0.00282101
v -0.00360472 0.00645436 -0.00370557
v -0.00384262 0.00653839 -0.00426579
v -0.00365977 0.00678350 -0.00528794
v -0.00365977 0.00692706 -0.00611025
v -0.00365977 0.00705486 -0.00693255
v -0.00285369 0.00735424 -0.00767623
v -0.00314073 0.00738225 -0.00835767
v -0.00328622 0.00741551 -0.00890806
v -0.00360079 0.00729821 -0.00861321
v -0.00353984 0.00748379 -0.01022506
v -0.00339239 0.00744353 -0.00940275
v -0.00365977 0.00758709 -0.01187623
v -0.00365977 0.00765362 -0.01269526
v -0.00283599 0.00793198 -0.01351757
v -0.00233661 0.00821035 -0.01598449
v -0.00208495 0.00831540 -0.01675766
v -0.00220488 0.00818234 -0.01515891
v -0.00201221 0.00810881 -0.01351757
v -0.00201221 0.00804403 -0.01269526
v -0.00119039 0.00810356 -0.01187623
v -0.00143419 0.00821035 -0.01351757
v -0.00102328 0.00825587 -0.01351757
v -0.00085026 0.00823661 -0.01300322
v 0.00052008 0.00820510 -0.01187623
v -0.00082077 0.00820335 -0.01255439
v -0.00082077 0.00817709 -0.01225954
v -0.00082077 0.00806679 -0.01105064
v -0.00119039 0.00794949 -0.01022506
v -0.00119039 0.00786896 -0.00940275
v -0.00081881 0.00794249 -0.00977296
v -0.00081881 0.00814207 -0.01187295
v -0.00082077 0.00790222 -0.00940275
v -0.00036661 0.00794249 -0.00940603
v 0.00045717 0.00804753 -0.01022506
v 0.00045717 0.00794949 -0.00940603
v 0.00045717 0.00784445 -0.00858045
v 0.00127898 0.00786896 -0.00940603
v 0.00127898 0.00775341 -0.00858045
v 0.00045717 0.00757833 -0.00693583
v 0.00045717 0.00745053 -0.00631664
v 0.00045717 0.00735424 -0.00590713
v 0.00045717 0.00772540 -0.00775814
v -0.00036661 0.00723694 -0.00528794
v -0.00036661 0.00701109 -0.00446563
v -0.00034892 0.00671522 -0.00357780
v -0.00006580 0.00656990 -0.00326329
v 0.00045717 0.00668370 -0.00380713
v 0.00045717 0.00650338 -0.00339761
v -0.00036268 0.00597115 -0.00194629
v -0.00063400 0.00579432 -0.00153350
v -0.00036661 0.00205648 0.00053702
v -0.00119039 0.00511679 -0.00057031
v -0.00082077 0.00487518 -0.00046876
v -0.00119039 0.00463708 -0.00016080
v -0.00082077 0.00413812 0.00007836
v -0.00082077 0.00406634 0.00011440
v -0.00081881 0.00366542 0.00026837
v -0.00082077 0.00324874 0.00040597
v -0.00082077 0.00284257 0.00053702
v 0.00105289 0.00041078 0.00015043
v -0.00036661 0.00123363 0.00065496
v 0.00045717 0.00041078 0.00040597
v -0.00002059 -0.00489573 -0.00079309
v 0.00045717 -0.00516709 -0.00135003
v -0.00075983 -0.00412540 0.00006853
v -0.00036661 -0.00287887 0.00036011
v -0.00081881 -0.00333231 0.00037649
v -0.00082077 -0.00366670 0.00026837
v -0.00043739 -0.00362819 0.00014060
v 0.00045717 -0.00123317 0.00033717
v -0.00036661 -0.00205602 0.00054029
v 0.00045717 -0.00041032 0.00040597
v 0.00125146 -0.00727674 -0.00614301
v 0.00125146 -0.00747457 -0.00696204
v -0.00082077 -0.00419543 0.00003904
v -0.00119039 -0.00422694 0.00013733
v -0.00207906 -0.00362994 0.00066478
v -0.00239559 -0.00330955 0.00089411
v -0.00283599 -0.00205602 0.00125449
v -0.00365977 -0.00123317 0.00151003
v -0.00283599 -0.00287887 0.00108413
v -0.00448159 -0.00040857 0.00164762
v -0.00365977 0.00040903 0.00155262
v -0.00448159 0.00040903 0.00164107
v -0.00365977 0.00123188 0.00151003
v -0.00283599 0.00205648 0.00125449
v -0.00283599 0.00287758 0.00108413
v -0.00365977 0.00287758 0.00119879
v -0.00283599 0.00339230 0.00093343
v -0.00283599 0.00380373 0.00073358
v -0.00201221 0.00437097 0.00024872
v -0.00201221 0.00478414 -0.00006907
v -0.00201221 0.00517456 -0.00048186
v -0.00201221 0.00558599 -0.00104863
v -0.00283599 0.00560699 -0.00103880
v -0.00283599 0.00604293 -0.00199543
v -0.00283599 0.00633180 -0.00282101
v -0.00283599 0.00582234 -0.00145159
v -0.00283599 0.00652614 -0.00346313
v -0.00329408 0.00659091 -0.00401680
v -0.00360472 0.00663818 -0.00451150
v -0.00283599 0.00695157 -0.00528794
v -0.00283599 0.00710563 -0.00611025
v -0.00283599 0.00724569 -0.00693255
v -0.00242115 0.00740326 -0.00734862
v -0.00259220 0.00744002 -0.00789901
v -0.00285369 0.00747504 -0.00861321
v -0.00283599 0.00757308 -0.00940275
v -0.00283599 0.00765187 -0.01022506
v -0.00283599 0.00786721 -0.01269526
v -0.00201221 0.00797050 -0.01187623
v -0.00115107 0.00818059 -0.01271492
v -0.00201221 0.00782169 -0.01022506
v -0.00201221 0.00774290 -0.00940275
v -0.00119039 0.00777267 -0.00858372
v -0.00081881 0.00784970 -0.00895065
v -0.00036661 0.00784445 -0.00858045
v -0.00036661 0.00772890 -0.00775814
v -0.00036661 0.00758884 -0.00693583
v -0.00036661 0.00745753 -0.00627405
v -0.00036661 0.00737175 -0.00586454
v -0.00082077 0.00721943 -0.00528794
v -0.00119039 0.00699534 -0.00446563
v -0.00119039 0.00675198 -0.00364332
v -0.00061434 0.00659967 -0.00318466
v -0.00034892 0.00643685 -0.00287671
v -0.00082077 0.00624076 -0.00238201
v -0.00119039 0.00608670 -0.00199543
v -0.00081881 0.00580308 -0.00152039
v -0.00119039 0.00581883 -0.00149091
v -0.00119039 0.00552821 -0.00107484
v -0.00081881 0.00205648 0.00070410
v -0.00119039 0.00422566 0.00013733
v -0.00207709 0.00363040 0.00066806
v -0.00119039 0.00370218 0.00038959
v -0.00126314 0.00280755 0.00070737
v -0.00081881 0.00123363 0.00080893
v -0.00082077 0.00056660 0.00086463
v -0.00044722 0.00033025 0.00074996
v -0.00077555 0.00000286 0.00088428
v -0.00119039 -0.00370172 0.00038631
v -0.00082077 -0.00283860 0.00053702
v -0.00126707 -0.00280359 0.00070410
v -0.00036661 -0.00123317 0.00065823
v -0.00081881 -0.00205602 0.00070082
v -0.00077555 -0.00000414 0.00088428
v -0.00044722 -0.00033153 0.00074996
v -0.00184706 -0.00302593 0.00081876
v -0.00207906 -0.00280359 0.00093670
v -0.00283599 -0.00123317 0.00135932
v -0.00159344 -0.00247620 0.00088756
v -0.00201221 -0.00205602 0.00106120
v -0.00365977 -0.00040857 0.00154934
v -0.00283599 -0.00040857 0.00139536
v -0.00283599 0.00040903 0.00139536
v -0.00283599 0.00123188 0.00135605
v -0.00201221 0.00205648 0.00106775
v -0.00158557 0.00248892 0.00089084
v -0.00207709 0.00280755 0.00093670
v -0.00239363 0.00330652 0.00089411
v -0.00201221 0.00582584 -0.00146142
v -0.00119039 0.00643685 -0.00277515
v -0.00119039 0.00660142 -0.00318139
v -0.00167011 0.00658916 -0.00321087
v -0.00222061 0.00656290 -0.00330588
v -0.00201221 0.00690605 -0.00446563
v -0.00283599 0.00662943 -0.00387593
v -0.00201221 0.00710213 -0.00528794
v -0.00194340 0.00729296 -0.00617904
v -0.00223241 0.00736824 -0.00693255
v -0.00209282 0.00751181 -0.00767623
v -0.00201221 0.00764661 -0.00858372
v -0.00182150 0.00744703 -0.00693255
v -0.00082077 0.00780593 -0.00858372
v -0.00119039 0.00766062 -0.00775486
v -0.00082077 0.00774465 -0.00812506
v -0.00082077 0.00769213 -0.00775486
v -0.00119039 0.00752931 -0.00693255
v -0.00082077 0.00750130 -0.00663770
v -0.00082077 0.00739976 -0.00611352
v -0.00082077 0.00727896 -0.00554348
v -0.00119039 0.00720367 -0.00528794
v -0.00197289 0.00667495 -0.00360401
v -0.00081881 0.00654189 -0.00303724
v -0.00107243 0.00205648 0.00078928
v -0.00184509 0.00303690 0.00082204
v -0.00091711 0.00123188 0.00084170
v -0.00132802 0.00123188 0.00096946
v -0.00113928 0.00033025 0.00097274
v -0.00081881 0.00004313 0.00089739
v -0.00081881 -0.00054863 0.00086790
v -0.00082864 -0.00055213 0.00087118
v -0.00081881 -0.00123317 0.00081221
v -0.00081881 -0.00175839 0.00074341
v -0.00107833 -0.00205602 0.00078928
v -0.00082077 -0.00004266 0.00089739
v -0.00201221 -0.00123317 0.00115948
v -0.00201221 -0.00040857 0.00120207
v -0.00148924 -0.00205602 0.00092032
v -0.00201221 0.00040903 0.00120535
v -0.00201221 0.00123188 0.00115948
v -0.00148334 0.00205648 0.00092032
v -0.00162096 0.00740851 -0.00650010
v -0.00119039 0.00742952 -0.00639527
v -0.00119039 0.00735074 -0.00598575
v -0.00091514 -0.00123317 0.00084497
v -0.00113731 -0.00032978 0.00097274
v -0.00132802 -0.00123317 0.00096619
f 1 2 3
f 1 3 4
f 1 4 5
f 1 5 6
f 1 6 7
f 1 7 8
f 1 8 9
f 1 9 2
f 2 10 3
f 2 9 11
f 2 11 10
f 3 10 12
f 3 12 13
f 3 13 14
f 3 14 15
f 3 15 4
f 4 15 16
f 4 16 5
f 5 17 18
f 5 18 6
f 5 16 19
f 5 19 17
f 6 18 20
f 6 20 21
f 6 21 22
f 6 22 23
f 6 23 7
f 7 23 24
f 7 24 25
f 7 25 26
f 7 26 8
f 8 26 9
f 9 26 27
f 9 27 28
f 9 28 29
f 9 29 30
f 9 30 31
f 9 31 11
f 10 11 31
f 10 31 30
f 10 30 32
f 10 32 33
f 10 33 34
f 10 34 14
f 10 14 12
f 12 14 13
f 14 34 35
f 14 35 36
f 14 36 37
f 14 37 15
f 15 38 16
f 15 37 39
f 15 39 38
f 16 38 39
f 16 39 37
f 16 37 42
f 16 42 19
f 17 19 40
f 17 40 41
f 17 41 42
f 17 42 43
f 17 43 18
f 18 44 20
f 18 43 45
f 18 45 46
f 18 46 44
f 19 42 41
f 19 41 40
f 20 44 47
f 20 47 21
f 21 47 48
f 21 48 49
f 21 49 50
f 21 50 51
f 21 51 52
f 21 52 53
f 21 53 22
f 22 53 23
f 23 53 24
f 24 54 56
f 24 56 25
f 24 53 55
f 24 55 54
f 25 56 57
f 25 57 26
f 26 57 27
f 27 58 28
f 27 57 59
f 27 59 60
f 27 60 61
f 27 61 58
f 28 58 29
f 29 58 62
f 29 62 63
f 29 63 30
f 30 64 65
f 30 65 32
f 30 63 64
f 32 65 66
f 32 66 67
f 32 67 33
f 33 67 68
f 33 68 34
f 34 68 67
f 34 67 69
f 34 69 70
f 34 70 71
f 34 71 35
f 35 71 72
f 35 72 36
f 36 72 73
f 36 73 74
f 36 74 42
f 36 42 37
f 42 74 43
f 43 74 75
f 43 75 76
f 43 76 77
f 43 77 44
f 43 44 46
f 43 46 45
f 44 78 79
f 44 79 49
f 44 49 48
f 44 48 47
f 44 77 78
f 49 79 80
f 49 80 81
f 49 81 82
f 49 82 50
f 50 82 83
f 50 83 84
f 50 84 51
f 51 84 52
f 52 55 53
f 52 84 85
f 52 85 86
f 52 86 87
f 52 87 55
f 54 55 88
f 54 88 89
f 54 89 91
f 54 91 56
f 55 87 90
f 55 90 88
f 56 91 92
f 56 92 57
f 57 92 93
f 57 93 59
f 58 61 94
f 58 94 95
f 58 95 62
f 59 92 96
f 59 96 97
f 59 97 98
f 59 98 99
f 59 99 60
f 59 93 92
f 60 99 61
f 61 99 98
f 61 98 97
f 61 97 100
f 61 100 101
f 61 101 102
f 61 102 94
f 62 95 103
f 62 103 63
f 63 103 104
f 63 104 64
f 64 104 105
f 64 105 106
f 64 106 65
f 65 106 107
f 65 107 108
f 65 108 109
f 65 109 66
f 66 110 67
f 66 109 108
f 66 108 110
f 67 70 69
f 67 110 111
f 67 111 112
f 67 112 70
f 70 113 71
f 70 112 113
f 71 113 114
f 71 114 115
f 71 115 116
f 71 116 117
f 71 117 72
f 72 117 116
f 72 116 118
f 72 118 119
f 72 119 120
f 72 120 73
f 73 121 74
f 73 120 122
f 73 122 121
f 74 121 75
f 75 123 76
f 75 121 122
f 75 122 124
f 75 124 125
f 75 125 126
f 75 126 127
f 75 127 128
f 75 128 123
f 76 123 77
f 77 129 130
f 77 130 131
f 77 131 78
f 77 123 132
f 77 132 133
f 77 133 134
f 77 134 129
f 78 131 129
f 78 129 135
f 78 135 79
f 79 135 80
f 80 136 137
f 80 137 138
f 80 138 139
f 80 139 81
f 80 135 140
f 80 140 136
f 81 141 142
f 81 142 82
f 81 139 141
f 82 142 143
f 82 143 83
f 83 143 144
f 83 144 145
f 83 145 84
f 84 145 146
f 84 146 85
f 85 147 86
f 85 146 148
f 85 148 149
f 85 149 150
f 85 150 151
f 85 151 152
f 85 152 147
f 86 147 87
f 87 152 151
f 87 151 153
f 87 153 88
f 87 88 90
f 87 147 152
f 88 153 154
f 88 154 155
f 88 155 89
f 89 155 156
f 89 156 91
f 91 156 92
f 92 156 157
f 92 157 96
f 94 102 95
f 95 102 100
f 95 100 158
f 95 158 159
f 95 159 160
f 95 160 103
f 96 157 161
f 96 161 162
f 96 162 97
f 97 162 163
f 97 163 100
f 100 163 164
f 100 164 158
f 100 102 101
f 103 160 159
f 103 159 165
f 103 165 166
f 103 166 167
f 103 167 104
f 104 167 168
f 104 168 169
f 104 169 105
f 105 170 171
f 105 171 106
f 105 169 172
f 105 172 170
f 106 171 107
f 107 171 173
f 107 173 174
f 107 174 108
f 108 174 175
f 108 175 176
f 108 176 110
f 110 176 175
f 110 175 111
f 111 175 177
f 111 177 178
f 111 178 179
f 111 179 112
f 112 180 181
f 112 181 114
f 112 114 113
f 112 179 182
f 112 182 180
f 114 181 115
f 115 183 184
f 115 184 185
f 115 185 186
f 115 186 187
f 115 187 116
f 115 181 183
f 116 187 188
f 116 188 118
f 118 188 189
f 118 189 190
f 118 190 125
f 118 125 119
f 119 124 122
f 119 122 120
f 119 125 124
f 123 128 127
f 123 127 126
f 123 126 191
f 123 191 132
f 125 190 192
f 125 192 126
f 126 192 193
f 126 193 191
f 129 194 195
f 129 195 135
f 129 131 130
f 129 134 196
f 129 196 194
f 132 191 197
f 132 197 196
f 132 196 133
f 133 196 134
f 135 195 198
f 135 198 137
f 135 137 140
f 136 140 137
f 137 198 199
f 137 199 138
f 138 199 200
f 138 200 201
f 138 201 139
f 139 201 141
f 141 201 202
f 141 202 203
f 141 203 204
f 141 204 142
f 142 204 205
f 142 205 206
f 142 206 143
f 143 206 207
f 143 207 208
f 143 208 209
f 143 209 144
f 144 209 145
f 145 209 210
f 145 210 150
f 145 150 148
f 145 148 146
f 148 150 149
f 150 210 211
f 150 211 212
f 150 212 151
f 151 212 213
f 151 213 153
f 153 213 214
f 153 214 154
f 154 214 215
f 154 215 157
f 154 157 155
f 155 157 156
f 157 215 216
f 157 216 161
f 158 164 217
f 158 217 159
f 159 217 165
f 161 216 218
f 161 218 219
f 161 219 162
f 162 219 220
f 162 220 163
f 163 220 221
f 163 221 164
f 164 221 222
f 164 222 223
f 164 223 224
f 164 224 217
f 165 217 225
f 165 225 226
f 165 226 166
f 166 226 227
f 166 227 167
f 167 227 168
f 168 227 228
f 168 228 229
f 168 229 230
f 168 230 169
f 169 230 172
f 170 231 232
f 170 232 171
f 170 172 233
f 170 233 231
f 171 232 234
f 171 234 235
f 171 235 174
f 171 174 173
f 172 230 236
f 172 236 233
f 174 235 175
f 175 235 237
f 175 237 177
f 177 237 238
f 177 238 239
f 177 239 178
f 178 182 179
f 178 239 240
f 178 240 182
f 180 240 241
f 180 241 242
f 180 242 181
f 180 182 240
f 181 242 243
f 181 243 244
f 181 244 184
f 181 184 183
f 184 244 245
f 184 245 185
f 185 246 247
f 185 247 248
f 185 248 249
f 185 249 250
f 185 250 186
f 185 245 244
f 185 244 246
f 186 188 187
f 186 250 188
f 188 251 252
f 188 252 189
f 188 250 253
f 188 253 251
f 189 252 254
f 189 254 190
f 190 254 192
f 191 193 255
f 191 255 256
f 191 256 257
f 191 257 258
f 191 258 259
f 191 259 197
f 192 260 193
f 192 254 261
f 192 261 262
f 192 262 260
f 193 260 255
f 194 263 264
f 194 264 265
f 194 265 266
f 194 266 195
f 194 196 263
f 195 266 198
f 196 197 259
f 196 259 267
f 196 267 268
f 196 268 269
f 196 269 263
f 198 266 199
f 199 266 270
f 199 270 201
f 199 201 200
f 201 271 202
f 201 270 272
f 201 272 273
f 201 273 271
f 202 271 273
f 202 273 274
f 202 274 275
f 202 275 203
f 203 276 277
f 203 277 204
f 203 275 276
f 204 277 205
f 205 278 279
f 205 279 280
f 205 280 206
f 205 277 278
f 206 280 207
f 207 280 281
f 207 281 208
f 208 281 282
f 208 282 283
f 208 283 209
f 209 283 210
f 210 283 211
f 211 283 284
f 211 284 285
f 211 285 286
f 211 286 287
f 211 287 212
f 212 287 288
f 212 288 213
f 213 288 289
f 213 289 214
f 214 289 290
f 214 290 215
f 215 290 291
f 215 291 292
f 215 292 216
f 216 292 218
f 217 224 225
f 218 292 293
f 218 293 219
f 219 293 294
f 219 294 220
f 220 294 222
f 220 222 221
f 222 294 295
f 222 295 296
f 222 296 297
f 222 297 298
f 222 298 223
f 223 298 224
f 224 298 299
f 224 299 300
f 224 300 301
f 224 301 302
f 224 302 225
f 225 302 226
f 226 302 227
f 227 302 303
f 227 303 304
f 227 304 305
f 227 305 306
f 227 306 228
f 228 306 305
f 228 305 307
f 228 307 229
f 229 307 308
f 229 308 309
f 229 309 230
f 230 309 236
f 231 233 310
f 231 310 311
f 231 311 234
f 231 234 312
f 231 312 232
f 232 312 234
f 233 236 313
f 233 313 314
f 233 314 315
f 233 315 310
f 234 311 316
f 234 316 235
f 235 316 317
f 235 317 318
f 235 318 319
f 235 319 237
f 236 309 313
f 237 319 238
f 238 319 239
f 239 319 320
f 239 320 240
f 240 321 241
f 240 320 321
f 241 322 242
f 241 321 323
f 241 323 324
f 241 324 325
f 241 325 243
f 241 243 322
f 242 322 243
f 243 325 244
f 244 325 326
f 244 326 327
f 244 327 328
f 244 328 246
f 246 328 247
f 247 328 329
f 247 329 330
f 247 330 248
f 248 330 331
f 248 331 253
f 248 253 249
f 249 253 250
f 251 332 333
f 251 333 261
f 251 261 254
f 251 254 252
f 251 253 332
f 253 331 334
f 253 334 335
f 253 335 336
f 253 336 337
f 253 337 338
f 253 338 332
f 255 260 256
f 256 339 340
f 256 340 257
f 256 260 341
f 256 341 342
f 256 342 343
f 256 343 344
f 256 344 339
f 257 340 339
f 257 339 259
f 257 259 258
f 259 339 345
f 259 345 267
f 260 262 341
f 261 333 262
f 262 346 347
f 262 347 348
f 262 348 349
f 262 349 350
f 262 350 351
f 262 351 342
f 262 342 341
f 262 333 346
f 263 269 264
f 264 269 352
f 264 352 353
f 264 353 354
f 264 354 265
f 265 354 355
f 265 355 356
f 265 356 266
f 266 356 270
f 267 357 358
f 267 358 268
f 267 345 357
f 268 358 352
f 268 352 269
f 270 356 359
f 270 359 360
f 270 360 361
f 270 361 362
f 270 362 363
f 270 363 272
f 272 363 364
f 272 364 365
f 272 365 273
f 273 365 274
f 274 365 366
f 274 366 275
f 275 367 368
f 275 368 276
f 275 366 369
f 275 369 367
f 276 368 370
f 276 370 277
f 277 370 278
f 278 371 279
f 278 370 371
f 279 372 373
f 279 373 374
f 279 374 280
f 279 371 372
f 280 374 373
f 280 373 375
f 280 375 376
f 280 376 377
f 280 377 281
f 281 377 282
f 282 377 284
f 282 284 283
f 284 378 379
f 284 379 380
f 284 380 286
f 284 286 285
f 284 377 381
f 284 381 378
f 286 382 383
f 286 383 384
f 286 384 288
f 286 288 287
f 286 380 385
f 286 385 382
f 288 384 383
f 288 383 289
f 289 383 386
f 289 386 290
f 290 386 291
f 291 386 387
f 291 387 388
f 291 388 292
f 292 388 293
f 293 296 295
f 293 295 294
f 293 388 389
f 293 389 390
f 293 390 296
f 296 390 391
f 296 391 392
f 296 392 393
f 296 393 297
f 297 393 394
f 297 394 300
f 297 300 299
f 297 299 298
f 300 395 396
f 300 396 301
f 300 394 395
f 301 397 304
f 301 304 302
f 301 396 397
f 302 304 303
f 304 398 305
f 304 397 398
f 305 398 307
f 307 398 399
f 307 399 400
f 307 400 401
f 307 401 308
f 308 401 402
f 308 402 309
f 309 402 403
f 309 403 313
f 310 404 405
f 310 405 311
f 310 315 406
f 310 406 404
f 311 405 316
f 313 403 407
f 313 407 408
f 313 408 314
f 314 408 409
f 314 409 315
f 315 409 406
f 316 405 317
f 317 410 318
f 317 405 410
f 318 410 411
f 318 411 412
f 318 412 319
f 319 413 414
f 319 414 415
f 319 415 320
f 319 412 413
f 320 415 416
f 320 416 321
f 321 416 417
f 321 417 323
f 323 417 324
f 324 417 418
f 324 418 419
f 324 419 326
f 324 326 325
f 326 419 327
f 327 419 328
f 328 420 421
f 328 421 422
f 328 422 423
f 328 423 424
f 328 424 329
f 328 419 425
f 328 425 420
f 329 424 330
f 330 334 331
f 330 424 423
f 330 423 426
f 330 426 427
f 330 427 428
f 330 428 335
f 330 335 334
f 332 338 333
f 333 338 346
f 335 428 429
f 335 429 430
f 335 430 431
f 335 431 336
f 336 348 347
f 336 347 337
f 336 431 439
f 336 439 348
f 337 347 346
f 337 346 338
f 339 432 345
f 339 344 433
f 339 433 434
f 339 434 435
f 339 435 432
f 342 351 436
f 342 436 343
f 343 436 437
f 343 437 433
f 343 433 344
f 345 432 438
f 345 438 357
f 348 439 349
f 349 439 440
f 349 440 441
f 349 441 442
f 349 442 443
f 349 443 436
f 349 436 350
f 350 436 351
f 352 358 444
f 352 444 445
f 352 445 446
f 352 446 353
f 353 446 359
f 353 359 354
f 354 356 355
f 354 359 356
f 357 438 358
f 358 438 447
f 358 447 444
f 359 446 448
f 359 448 449
f 359 449 450
f 359 450 451
f 359 451 452
f 359 452 360
f 360 452 453
f 360 453 361
f 361 453 362
f 362 453 454
f 362 454 363
f 363 454 364
f 364 454 366
f 364 366 365
f 366 454 455
f 366 455 456
f 366 456 369
f 367 369 457
f 367 457 458
f 367 458 368
f 368 458 459
f 368 459 460
f 368 460 370
f 369 456 457
f 370 460 461
f 370 461 371
f 371 462 372
f 371 461 462
f 372 463 464
f 372 464 465
f 372 465 373
f 372 462 463
f 373 465 375
f 375 465 466
f 375 466 381
f 375 381 377
f 375 377 376
f 378 381 467
f 378 467 468
f 378 468 469
f 378 469 385
f 378 385 379
f 379 385 380
f 381 466 467
f 382 386 383
f 382 385 470
f 382 470 468
f 382 468 471
f 382 471 472
f 382 472 473
f 382 473 474
f 382 474 475
f 382 475 386
f 385 469 470
f 386 475 476
f 386 476 387
f 387 476 388
f 388 476 389
f 389 476 477
f 389 477 478
f 389 478 479
f 389 479 390
f 390 479 480
f 390 480 481
f 390 481 482
f 390 482 483
f 390 483 391
f 391 483 484
f 391 484 485
f 391 485 486
f 391 486 487
f 391 487 488
f 391 488 392
f 392 488 489
f 392 489 490
f 392 490 393
f 393 490 395
f 393 395 394
f 395 489 491
f 395 491 396
f 395 490 489
f 396 491 492
f 396 492 493
f 396 493 397
f 397 493 398
f 398 493 399
f 399 494 400
f 399 493 495
f 399 495 494
f 400 494 496
f 400 496 497
f 400 497 498
f 400 498 401
f 401 499 402
f 401 498 499
f 402 499 403
f 403 500 407
f 403 499 500
f 404 406 501
f 404 501 502
f 404 502 503
f 404 503 504
f 404 504 405
f 405 504 505
f 405 505 410
f 406 409 501
f 407 500 506
f 407 506 507
f 407 507 408
f 408 507 501
f 408 501 409
f 410 505 508
f 410 508 411
f 411 508 412
f 412 508 509
f 412 509 413
f 413 509 414
f 414 509 510
f 414 510 511
f 414 511 415
f 415 511 416
f 416 511 512
f 416 512 417
f 417 512 513
f 417 513 514
f 417 514 515
f 417 515 418
f 418 515 516
f 418 516 419
f 419 516 517
f 419 517 518
f 419 518 425
f 420 425 518
f 420 518 421
f 421 519 422
f 421 518 519
f 422 519 520
f 422 520 521
f 422 521 522
f 422 522 523
f 422 523 426
f 422 426 423
f 426 523 427
f 427 524 525
f 427 525 429
f 427 429 428
f 427 523 526
f 427 526 527
f 427 527 528
f 427 528 524
f 429 525 430
f 430 440 439
f 430 439 431
f 430 525 529
f 430 529 539
f 430 539 440
f 432 435 447
f 432 447 438
f 433 437 530
f 433 530 531
f 433 531 532
f 433 532 533
f 433 533 534
f 433 534 535
f 433 535 536
f 433 536 434
f 434 536 435
f 435 536 447
f 436 530 437
f 436 443 537
f 436 537 538
f 436 538 531
f 436 531 530
f 440 539 441
f 441 537 442
f 441 539 540
f 441 540 541
f 441 541 542
f 441 542 543
f 441 543 544
f 441 544 537
f 442 537 443
f 444 447 545
f 444 545 445
f 445 545 446
f 446 545 448
f 447 536 546
f 447 546 545
f 448 545 547
f 448 547 449
f 449 547 548
f 449 548 549
f 449 549 550
f 449 550 450
f 450 550 451
f 451 550 452
f 452 550 551
f 452 551 453
f 453 551 552
f 453 552 454
f 454 552 553
f 454 553 554
f 454 554 455
f 455 554 555
f 455 555 556
f 455 556 557
f 455 557 456
f 456 557 457
f 457 557 458
f 458 557 558
f 458 558 459
f 459 559 460
f 459 558 559
f 460 559 560
f 460 560 461
f 461 560 462
f 462 560 561
f 462 561 463
f 463 562 563
f 463 563 564
f 463 564 464
f 463 561 562
f 464 564 565
f 464 565 566
f 464 566 465
f 465 566 467
f 465 467 466
f 467 567 468
f 467 566 568
f 467 568 567
f 468 567 472
f 468 472 471
f 468 470 469
f 472 567 569
f 472 569 473
f 473 569 570
f 473 570 571
f 473 571 572
f 473 572 573
f 473 573 474
f 474 574 575
f 474 575 576
f 474 576 577
f 474 577 578
f 474 578 579
f 474 579 475
f 474 573 580
f 474 580 574
f 475 579 581
f 475 581 582
f 475 582 583
f 475 583 584
f 475 584 476
f 476 584 585
f 476 585 477
f 477 585 586
f 477 586 478
f 478 586 479
f 479 586 587
f 479 587 706
f 479 706 588
f 479 588 480
f 480 588 482
f 480 482 481
f 482 588 706
f 482 706 589
f 482 589 590
f 482 590 483
f 483 590 484
f 484 591 592
f 484 592 593
f 484 593 486
f 484 486 485
f 484 590 591
f 486 593 594
f 486 594 487
f 487 489 488
f 487 594 595
f 487 595 596
f 487 596 597
f 487 597 598
f 487 598 599
f 487 599 489
f 489 599 491
f 491 599 495
f 491 495 492
f 492 495 493
f 494 495 496
f 495 599 598
f 495 598 496
f 496 598 600
f 496 600 601
f 496 601 497
f 497 601 602
f 497 602 498
f 498 602 603
f 498 603 499
f 499 603 604
f 499 604 500
f 500 604 605
f 500 605 506
f 501 507 606
f 501 606 607
f 501 607 502
f 502 607 608
f 502 608 609
f 502 609 503
f 503 609 610
f 503 610 611
f 503 611 505
f 503 505 504
f 505 611 508
f 506 605 612
f 506 612 613
f 506 613 507
f 507 613 606
f 508 614 509
f 508 611 614
f 509 614 615
f 509 615 616
f 509 616 513
f 509 513 510
f 510 513 511
f 511 513 512
f 513 616 617
f 513 617 618
f 513 618 619
f 513 619 620
f 513 620 621
f 513 621 622
f 513 622 514
f 514 622 515
f 515 623 624
f 515 624 625
f 515 625 626
f 515 626 516
f 515 622 623
f 516 626 517
f 517 626 627
f 517 627 518
f 518 627 628
f 518 628 629
f 518 629 519
f 519 629 630
f 519 630 520
f 520 630 521
f 521 630 522
f 522 631 527
f 522 527 526
f 522 526 523
f 522 630 632
f 522 632 633
f 522 633 634
f 522 634 631
f 524 528 525
f 525 528 635
f 525 635 636
f 525 636 637
f 525 637 529
f 527 631 638
f 527 638 528
f 528 638 635
f 529 637 540
f 529 540 539
f 531 538 532
f 532 639 533
f 532 538 640
f 532 640 641
f 532 641 642
f 532 642 643
f 532 643 639
f 533 639 534
f 534 644 645
f 534 645 536
f 534 536 535
f 534 639 646
f 534 646 644
f 536 645 647
f 536 647 546
f 537 640 538
f 537 544 543
f 537 543 648
f 537 648 649
f 537 649 640
f 540 637 636
f 540 636 541
f 541 636 765
f 541 765 650
f 541 650 651
f 541 651 542
f 542 652 543
f 542 651 650
f 542 650 653
f 542 653 654
f 542 654 655
f 542 655 652
f 543 652 648
f 545 546 656
f 545 656 657
f 545 657 547
f 546 647 658
f 546 658 656
f 547 659 660
f 547 660 661
f 547 661 662
f 547 662 550
f 547 550 549
f 547 549 548
f 547 657 656
f 547 656 663
f 547 663 664
f 547 664 665
f 547 665 666
f 547 666 667
f 547 667 659
f 550 668 551
f 550 662 669
f 550 669 668
f 551 668 670
f 551 670 552
f 552 670 553
f 553 555 554
f 553 670 671
f 553 671 555
f 555 671 672
f 555 672 556
f 556 673 557
f 556 672 674
f 556 674 673
f 557 673 675
f 557 675 558
f 558 675 676
f 558 676 677
f 558 677 559
f 559 677 676
f 559 676 678
f 559 678 679
f 559 679 560
f 560 679 680
f 560 680 561
f 561 681 562
f 561 680 681
f 562 682 563
f 562 681 682
f 563 683 570
f 563 570 565
f 563 565 564
f 563 682 683
f 565 570 569
f 565 569 567
f 565 567 568
f 565 568 566
f 570 683 684
f 570 684 571
f 571 684 685
f 571 685 572
f 572 685 686
f 572 686 687
f 572 687 573
f 573 687 688
f 573 688 580
f 574 689 690
f 574 690 691
f 574 691 575
f 574 580 689
f 575 691 692
f 575 692 576
f 576 692 693
f 576 693 694
f 576 694 577
f 577 694 578
f 578 695 696
f 578 696 579
f 578 694 695
f 579 696 699
f 579 699 581
f 580 688 697
f 580 697 698
f 580 698 689
f 581 699 839
f 581 839 700
f 581 700 583
f 581 583 582
f 583 700 584
f 584 700 839
f 584 839 701
f 584 701 702
f 584 702 585
f 585 702 586
f 586 702 703
f 586 703 704
f 586 704 705
f 586 705 587
f 587 705 707
f 587 707 708
f 587 708 706
f 589 709 710
f 589 710 711
f 589 711 590
f 589 706 709
f 590 712 713
f 590 713 714
f 590 714 591
f 590 711 712
f 591 714 715
f 591 715 592
f 592 715 716
f 592 716 593
f 593 716 717
f 593 717 718
f 593 718 594
f 594 718 595
f 595 718 719
f 595 719 720
f 595 720 721
f 595 721 722
f 595 722 596
f 596 722 597
f 597 722 723
f 597 723 724
f 597 724 598
f 598 724 600
f 600 724 725
f 600 725 601
f 601 725 726
f 601 726 602
f 602 726 727
f 602 727 728
f 602 728 729
f 602 729 603
f 603 729 730
f 603 730 604
f 604 730 605
f 605 731 732
f 605 732 733
f 605 733 612
f 605 730 731
f 606 613 733
f 606 733 607
f 607 733 734
f 607 734 608
f 608 735 609
f 608 734 735
f 609 735 736
f 609 736 737
f 609 737 610
f 610 738 739
f 610 739 740
f 610 740 741
f 610 741 611
f 610 737 738
f 611 741 614
f 612 733 613
f 614 741 742
f 614 742 615
f 615 742 616
f 616 742 743
f 616 743 617
f 617 743 618
f 618 744 745
f 618 745 746
f 618 746 747
f 618 747 619
f 618 743 742
f 618 742 741
f 618 741 748
f 618 748 749
f 618 749 744
f 619 747 620
f 620 747 750
f 620 750 621
f 621 751 752
f 621 752 624
f 621 624 623
f 621 623 622
f 621 750 751
f 624 752 625
f 625 628 627
f 625 627 626
f 625 752 628
f 628 752 753
f 628 753 754
f 628 754 755
f 628 755 756
f 628 756 630
f 628 630 629
f 630 755 757
f 630 757 758
f 630 758 632
f 630 756 755
f 631 634 759
f 631 759 638
f 632 758 760
f 632 760 633
f 633 760 634
f 634 761 759
f 634 760 762
f 634 762 763
f 634 763 761
f 635 764 765
f 635 765 766
f 635 766 636
f 635 638 767
f 635 767 768
f 635 768 764
f 636 766 765
f 638 759 769
f 638 769 770
f 638 770 767
f 639 643 771
f 639 771 772
f 639 772 646
f 640 649 641
f 641 773 771
f 641 771 642
f 641 649 648
f 641 648 774
f 641 774 775
f 641 775 776
f 641 776 773
f 642 771 643
f 644 658 645
f 644 646 777
f 644 777 778
f 644 778 658
f 645 658 647
f 646 772 777
f 648 652 774
f 650 765 768
f 650 768 654
f 650 654 653
f 652 655 779
f 652 779 780
f 652 780 781
f 652 781 774
f 654 768 922
f 654 922 782
f 654 782 655
f 655 782 783
f 655 783 784
f 655 784 785
f 655 785 780
f 655 780 779
f 656 658 778
f 656 778 663
f 659 786 787
f 659 787 788
f 659 788 661
f 659 661 660
f 659 667 789
f 659 789 790
f 659 790 791
f 659 791 792
f 659 792 793
f 659 793 786
f 661 669 662
f 661 788 669
f 663 665 664
f 663 778 794
f 663 794 795
f 663 795 796
f 663 796 665
f 665 796 789
f 665 789 666
f 666 789 667
f 668 669 788
f 668 788 787
f 668 787 670
f 670 787 671
f 671 787 786
f 671 786 797
f 671 797 798
f 671 798 799
f 671 799 672
f 672 799 800
f 672 800 674
f 673 674 801
f 673 801 802
f 673 802 675
f 674 800 801
f 675 802 676
f 676 802 678
f 678 802 803
f 678 803 804
f 678 804 679
f 679 804 680
f 680 804 805
f 680 805 681
f 681 805 806
f 681 806 807
f 681 807 808
f 681 808 682
f 682 809 683
f 682 808 809
f 683 809 684
f 684 809 810
f 684 810 685
f 685 810 811
f 685 811 686
f 686 811 812
f 686 812 813
f 686 813 814
f 686 814 815
f 686 815 816
f 686 816 687
f 687 816 817
f 687 817 688
f 688 817 818
f 688 818 819
f 688 819 697
f 689 698 820
f 689 820 821
f 689 821 822
f 689 822 690
f 690 692 691
f 690 822 692
f 692 823 693
f 692 822 824
f 692 824 825
f 692 825 823
f 693 823 826
f 693 826 694
f 694 826 695
f 695 827 828
f 695 828 829
f 695 829 830
f 695 830 831
f 695 831 696
f 695 826 832
f 695 832 827
f 696 831 830
f 696 830 833
f 696 833 699
f 697 834 820
f 697 820 698
f 697 819 835
f 697 835 836
f 697 836 834
f 699 833 837
f 699 837 838
f 699 838 839
f 701 703 840
f 701 840 702
f 701 839 841
f 701 841 842
f 701 842 703
f 702 840 703
f 703 842 843
f 703 843 704
f 704 844 707
f 704 707 705
f 704 843 844
f 706 708 845
f 706 845 846
f 706 846 709
f 707 844 708
f 708 844 847
f 708 847 848
f 708 848 849
f 708 849 850
f 708 850 846
f 708 846 845
f 709 846 851
f 709 851 852
f 709 852 710
f 710 852 853
f 710 853 854
f 710 854 712
f 710 712 711
f 712 854 855
f 712 855 856
f 712 856 714
f 712 714 713
f 714 856 857
f 714 857 858
f 714 858 715
f 715 858 859
f 715 859 860
f 715 860 716
f 716 860 861
f 716 861 862
f 716 862 863
f 716 863 717
f 717 863 1035
f 717 1035 864
f 717 864 865
f 717 865 866
f 717 866 718
f 718 866 867
f 718 867 868
f 718 868 869
f 718 869 719
f 719 869 870
f 719 870 720
f 720 870 871
f 720 871 872
f 720 872 873
f 720 873 721
f 721 873 874
f 721 874 875
f 721 875 722
f 722 875 876
f 722 876 877
f 722 877 878
f 722 878 879
f 722 879 880
f 722 880 723
f 723 880 881
f 723 881 724
f 724 881 725
f 725 881 882
f 725 882 726
f 726 882 727
f 727 883 728
f 727 882 883
f 728 883 884
f 728 884 885
f 728 885 730
f 728 730 729
f 730 885 732
f 730 732 731
f 732 885 886
f 732 886 733
f 733 886 734
f 734 886 887
f 734 887 888
f 734 888 889
f 734 889 890
f 734 890 735
f 735 890 736
f 736 890 891
f 736 891 737
f 737 891 738
f 738 891 892
f 738 892 739
f 739 892 893
f 739 893 740
f 740 893 748
f 740 748 741
f 744 749 894
f 744 894 895
f 744 895 745
f 745 896 897
f 745 897 746
f 745 895 896
f 746 897 898
f 746 898 751
f 746 751 750
f 746 750 747
f 748 893 749
f 749 893 899
f 749 899 894
f 751 898 900
f 751 900 901
f 751 901 752
f 752 901 902
f 752 902 903
f 752 903 753
f 753 903 754
f 754 904 905
f 754 905 906
f 754 906 907
f 754 907 755
f 754 903 904
f 755 907 908
f 755 908 757
f 757 908 909
f 757 909 910
f 757 910 758
f 758 910 760
f 759 761 769
f 760 910 909
f 760 909 911
f 760 911 762
f 761 763 912
f 761 912 913
f 761 913 769
f 762 914 915
f 762 915 916
f 762 916 917
f 762 917 763
f 762 911 918
f 762 918 914
f 763 917 912
f 764 768 765
f 767 769 919
f 767 919 920
f 767 920 921
f 767 921 922
f 767 922 768
f 767 770 769
f 769 913 923
f 769 923 919
f 771 773 924
f 771 924 925
f 771 925 926
f 771 926 927
f 771 927 777
f 771 777 772
f 773 776 928
f 773 928 924
f 774 781 775
f 775 928 776
f 775 781 929
f 775 929 930
f 775 930 931
f 775 931 928
f 777 795 794
f 777 794 778
f 777 927 926
f 777 926 932
f 777 932 795
f 780 785 933
f 780 933 934
f 780 934 929
f 780 929 781
f 782 922 921
f 782 921 783
f 783 921 1095
f 783 1095 935
f 783 935 784
f 784 935 936
f 784 936 933
f 784 933 785
f 786 793 937
f 786 937 797
f 789 938 790
f 789 796 939
f 789 939 940
f 789 940 941
f 789 941 938
f 790 938 791
f 791 938 942
f 791 942 792
f 792 943 944
f 792 944 793
f 792 942 943
f 793 944 937
f 795 939 796
f 795 932 945
f 795 945 946
f 795 946 939
f 797 937 798
f 798 937 947
f 798 947 948
f 798 948 799
f 799 948 949
f 799 949 800
f 800 949 801
f 801 950 802
f 801 949 951
f 801 951 952
f 801 952 950
f 802 950 803
f 803 953 954
f 803 954 955
f 803 955 804
f 803 950 953
f 804 955 806
f 804 806 805
f 806 956 957
f 806 957 807
f 806 955 958
f 806 958 959
f 806 959 956
f 807 957 808
f 808 957 809
f 809 957 960
f 809 960 810
f 810 961 812
f 810 812 811
f 810 960 961
f 812 961 962
f 812 962 814
f 812 814 963
f 812 963 813
f 813 963 814
f 814 964 965
f 814 965 966
f 814 966 967
f 814 967 815
f 814 962 964
f 815 968 816
f 815 967 969
f 815 969 968
f 816 968 817
f 817 968 818
f 818 968 970
f 818 970 971
f 818 971 835
f 818 835 819
f 820 834 821
f 821 834 972
f 821 972 822
f 822 973 824
f 822 972 974
f 822 974 975
f 822 975 976
f 822 976 973
f 823 825 973
f 823 973 977
f 823 977 1153
f 823 1153 978
f 823 978 826
f 824 973 825
f 826 978 979
f 826 979 980
f 826 980 981
f 826 981 982
f 826 982 983
f 826 983 832
f 827 984 828
f 827 832 984
f 828 984 985
f 828 985 829
f 829 986 830
f 829 985 987
f 829 987 988
f 829 988 989
f 829 989 986
f 830 990 837
f 830 837 833
f 830 986 990
f 832 983 1161
f 832 1161 991
f 832 991 984
f 834 836 974
f 834 974 972
f 835 971 992
f 835 992 974
f 835 974 836
f 837 990 993
f 837 993 994
f 837 994 838
f 838 995 839
f 838 994 996
f 838 996 997
f 838 997 995
f 839 995 841
f 841 998 999
f 841 999 1000
f 841 1000 1001
f 841 1001 1002
f 841 1002 843
f 841 843 842
f 841 995 998
f 843 1003 844
f 843 1002 1004
f 843 1004 1005
f 843 1005 1003
f 844 1003 847
f 846 1006 1007
f 846 1007 1008
f 846 1008 851
f 846 850 1006
f 847 1003 1009
f 847 1009 1010
f 847 1010 848
f 848 1010 1011
f 848 1011 1012
f 848 1012 849
f 849 1012 1013
f 849 1013 1014
f 849 1014 850
f 850 1014 1015
f 850 1015 1016
f 850 1016 1017
f 850 1017 1006
f 851 1008 1018
f 851 1018 1019
f 851 1019 1020
f 851 1020 852
f 852 1020 1021
f 852 1021 853
f 853 1021 1022
f 853 1022 1023
f 853 1023 1024
f 853 1024 854
f 854 1024 855
f 855 1024 1025
f 855 1025 856
f 856 1025 1026
f 856 1026 857
f 857 1026 1027
f 857 1027 1028
f 857 1028 858
f 858 1028 1029
f 858 1029 859
f 859 1029 1030
f 859 1030 860
f 860 1030 1031
f 860 1031 861
f 861 1031 1032
f 861 1032 1033
f 861 1033 862
f 862 1033 1034
f 862 1034 863
f 863 1034 1035
f 864 1036 865
f 864 1035 1037
f 864 1037 1038
f 864 1038 1227
f 864 1227 1039
f 864 1039 1225
f 864 1225 1036
f 865 1036 867
f 865 867 866
f 867 1036 1040
f 867 1040 1041
f 867 1041 1042
f 867 1042 1043
f 867 1043 1044
f 867 1044 868
f 868 1044 869
f 869 1044 870
f 870 1044 1045
f 870 1045 871
f 871 1045 1046
f 871 1046 872
f 872 1046 1047
f 872 1047 1234
f 872 1234 1048
f 872 1048 874
f 872 874 873
f 874 1048 1236
f 874 1236 1049
f 874 1049 1050
f 874 1050 876
f 874 876 875
f 876 1050 877
f 877 1050 1051
f 877 1051 1052
f 877 1052 1053
f 877 1053 878
f 878 1053 879
f 879 881 880
f 879 1053 1054
f 879 1054 881
f 881 1054 1055
f 881 1055 882
f 882 1055 883
f 883 1055 1056
f 883 1056 884
f 884 1056 1057
f 884 1057 1058
f 884 1058 1059
f 884 1059 885
f 885 1059 1060
f 885 1060 1061
f 885 1061 1062
f 885 1062 886
f 886 1062 1061
f 886 1061 1063
f 886 1063 1064
f 886 1064 1065
f 886 1065 888
f 886 888 887
f 888 1065 889
f 889 1065 1066
f 889 1066 890
f 890 1066 1067
f 890 1067 1068
f 890 1068 891
f 891 1068 899
f 891 899 892
f 892 899 893
f 894 1069 1070
f 894 1070 1071
f 894 1071 895
f 894 899 1069
f 895 1071 896
f 896 1071 1072
f 896 1072 1073
f 896 1073 898
f 896 898 897
f 898 1073 900
f 899 1074 1069
f 899 1068 1075
f 899 1075 1074
f 900 903 902
f 900 902 901
f 900 1073 1076
f 900 1076 904
f 900 904 903
f 904 1077 1078
f 904 1078 1079
f 904 1079 905
f 904 1076 1077
f 905 1079 906
f 906 1079 1080
f 906 1080 1081
f 906 1081 1082
f 906 1082 909
f 906 909 908
f 906 908 907
f 909 1081 1083
f 909 1083 914
f 909 914 918
f 909 918 911
f 909 1082 1081
f 912 923 913
f 912 917 1084
f 912 1084 1085
f 912 1085 1086
f 912 1086 923
f 914 1087 1088
f 914 1088 1089
f 914 1089 915
f 914 1083 1090
f 914 1090 1087
f 915 1089 916
f 916 1089 1088
f 916 1088 1091
f 916 1091 1092
f 916 1092 1093
f 916 1093 1084
f 916 1084 917
f 919 923 920
f 920 1094 1095
f 920 1095 921
f 920 923 1094
f 923 1086 1096
f 923 1096 1094
f 924 928 1097
f 924 1097 925
f 925 1097 1098
f 925 1098 1099
f 925 1099 1100
f 925 1100 1101
f 925 1101 926
f 926 1101 932
f 928 1102 1098
f 928 1098 1097
f 928 931 1102
f 929 934 1103
f 929 1103 930
f 930 1103 1104
f 930 1104 931
f 931 1104 1105
f 931 1105 1106
f 931 1106 1107
f 931 1107 1108
f 931 1108 1102
f 932 1101 1100
f 932 1100 945
f 933 1103 934
f 933 936 1109
f 933 1109 1110
f 933 1110 1103
f 935 1095 1281
f 935 1281 1111
f 935 1111 1112
f 935 1112 936
f 936 1112 1109
f 937 944 1113
f 937 1113 947
f 938 941 1114
f 938 1114 942
f 939 946 940
f 940 1115 941
f 940 946 1116
f 940 1116 1115
f 941 1115 1114
f 942 1114 1117
f 942 1117 943
f 943 1117 1118
f 943 1118 944
f 944 1118 1119
f 944 1119 1113
f 945 1100 1120
f 945 1120 946
f 946 1120 1121
f 946 1121 1122
f 946 1122 1116
f 947 1113 948
f 948 1113 949
f 949 1113 1123
f 949 1123 1124
f 949 1124 1125
f 949 1125 951
f 950 1126 958
f 950 958 953
f 950 952 1125
f 950 1125 1127
f 950 1127 1126
f 951 1125 952
f 953 958 954
f 954 958 955
f 956 959 1128
f 956 1128 960
f 956 960 957
f 958 1126 1129
f 958 1129 1130
f 958 1130 1131
f 958 1131 1132
f 958 1132 959
f 959 1132 1133
f 959 1133 1134
f 959 1134 1128
f 960 964 962
f 960 962 961
f 960 1128 964
f 964 1128 1135
f 964 1135 965
f 965 1135 1136
f 965 1136 1137
f 965 1137 1138
f 965 1138 966
f 966 1138 1137
f 966 1137 1139
f 966 1139 1140
f 966 1140 967
f 967 1140 1141
f 967 1141 969
f 968 969 970
f 969 1141 1142
f 969 1142 1143
f 969 1143 970
f 970 1143 1334
f 970 1334 1144
f 970 1144 1145
f 970 1145 971
f 971 1145 1183
f 971 1183 992
f 973 976 1146
f 973 1146 1147
f 973 1147 1148
f 973 1148 977
f 974 992 1149
f 974 1149 975
f 975 1149 976
f 976 1149 1150
f 976 1150 1151
f 976 1151 1146
f 977 1148 1152
f 977 1152 1153
f 978 1153 1154
f 978 1154 979
f 979 1154 1155
f 979 1155 1156
f 979 1156 980
f 980 1156 1157
f 980 1157 1158
f 980 1158 1159
f 980 1159 981
f 981 1159 1160
f 981 1160 982
f 982 1160 1161
f 982 1161 983
f 984 991 985
f 985 991 1162
f 985 1162 1163
f 985 1163 1164
f 985 1164 1165
f 985 1165 987
f 986 989 990
f 987 1165 988
f 988 1166 1167
f 988 1167 1168
f 988 1168 1169
f 988 1169 1170
f 988 1170 1171
f 988 1171 989
f 988 1165 1164
f 988 1164 1163
f 988 1163 1172
f 988 1172 1173
f 988 1173 1174
f 988 1174 1175
f 988 1175 1176
f 988 1176 1177
f 988 1177 1178
f 988 1178 1179
f 988 1179 1180
f 988 1180 1166
f 989 1171 1181
f 989 1181 1182
f 989 1182 993
f 989 993 990
f 991 1161 1174
f 991 1174 1162
f 992 1183 1184
f 992 1184 1185
f 992 1185 1149
f 993 1182 994
f 994 1182 1181
f 994 1181 996
f 995 997 1186
f 995 1186 1187
f 995 1187 999
f 995 999 998
f 996 1181 1188
f 996 1188 997
f 997 1188 1189
f 997 1189 1190
f 997 1190 1186
f 999 1187 1191
f 999 1191 1192
f 999 1192 1193
f 999 1193 1194
f 999 1194 1195
f 999 1195 1000
f 1000 1195 1196
f 1000 1196 1001
f 1001 1004 1002
f 1001 1196 1004
f 1003 1005 1009
f 1004 1196 1197
f 1004 1197 1005
f 1005 1198 1199
f 1005 1199 1201
f 1005 1201 1009
f 1005 1197 1198
f 1006 1017 1007
f 1007 1017 1200
f 1007 1200 1008
f 1008 1200 1018
f 1009 1201 1202
f 1009 1202 1011
f 1009 1011 1010
f 1011 1202 1013
f 1011 1013 1012
f 1013 1202 1203
f 1013 1203 1015
f 1013 1015 1014
f 1015 1203 1204
f 1015 1204 1205
f 1015 1205 1206
f 1015 1206 1016
f 1016 1206 1017
f 1017 1206 1207
f 1017 1207 1200
f 1018 1200 1208
f 1018 1208 1209
f 1018 1209 1019
f 1019 1209 1210
f 1019 1210 1020
f 1020 1210 1211
f 1020 1211 1021
f 1021 1211 1022
f 1022 1211 1212
f 1022 1212 1023
f 1023 1212 1213
f 1023 1213 1214
f 1023 1214 1024
f 1024 1214 1215
f 1024 1215 1025
f 1025 1215 1027
f 1025 1027 1026
f 1027 1215 1216
f 1027 1216 1028
f 1028 1216 1029
f 1029 1216 1217
f 1029 1217 1218
f 1029 1218 1030
f 1030 1218 1031
f 1031 1218 1219
f 1031 1219 1032
f 1032 1219 1220
f 1032 1220 1033
f 1033 1221 1034
f 1033 1220 1222
f 1033 1222 1223
f 1033 1223 1221
f 1034 1221 1224
f 1034 1224 1037
f 1034 1037 1035
f 1036 1225 1040
f 1037 1224 1226
f 1037 1226 1038
f 1038 1226 1227
f 1039 1227 1228
f 1039 1228 1225
f 1040 1225 1229
f 1040 1229 1041
f 1041 1229 1230
f 1041 1230 1231
f 1041 1231 1042
f 1042 1045 1043
f 1042 1231 1045
f 1043 1045 1044
f 1045 1231 1232
f 1045 1232 1046
f 1046 1232 1233
f 1046 1233 1047
f 1047 1233 1234
f 1048 1234 1235
f 1048 1235 1236
f 1049 1236 1237
f 1049 1237 1238
f 1049 1238 1050
f 1050 1238 1239
f 1050 1239 1240
f 1050 1240 1051
f 1051 1240 1241
f 1051 1241 1242
f 1051 1242 1243
f 1051 1243 1244
f 1051 1244 1052
f 1052 1244 1056
f 1052 1056 1055
f 1052 1055 1053
f 1053 1055 1054
f 1056 1244 1245
f 1056 1245 1057
f 1057 1245 1246
f 1057 1246 1058
f 1058 1247 1059
f 1058 1246 1248
f 1058 1248 1247
f 1059 1247 1060
f 1060 1247 1061
f 1061 1248 1249
f 1061 1249 1063
f 1061 1247 1248
f 1063 1249 1250
f 1063 1250 1251
f 1063 1251 1064
f 1064 1251 1252
f 1064 1252 1253
f 1064 1253 1065
f 1065 1253 1252
f 1065 1252 1254
f 1065 1254 1075
f 1065 1075 1066
f 1066 1075 1067
f 1067 1075 1068
f 1069 1074 1255
f 1069 1255 1256
f 1069 1256 1070
f 1070 1256 1071
f 1071 1256 1072
f 1072 1257 1258
f 1072 1258 1259
f 1072 1259 1073
f 1072 1256 1260
f 1072 1260 1257
f 1073 1259 1076
f 1074 1075 1261
f 1074 1261 1255
f 1075 1262 1261
f 1075 1254 1263
f 1075 1263 1262
f 1076 1264 1077
f 1076 1259 1264
f 1077 1264 1265
f 1077 1265 1266
f 1077 1266 1078
f 1078 1266 1267
f 1078 1267 1268
f 1078 1268 1081
f 1078 1081 1080
f 1078 1080 1079
f 1081 1267 1269
f 1081 1269 1270
f 1081 1270 1090
f 1081 1090 1083
f 1081 1268 1267
f 1084 1093 1085
f 1085 1093 1271
f 1085 1271 1272
f 1085 1272 1096
f 1085 1096 1086
f 1087 1090 1270
f 1087 1270 1273
f 1087 1273 1088
f 1088 1273 1274
f 1088 1274 1275
f 1088 1275 1091
f 1091 1275 1092
f 1092 1275 1276
f 1092 1276 1277
f 1092 1277 1278
f 1092 1278 1279
f 1092 1279 1271
f 1092 1271 1093
f 1094 1096 1280
f 1094 1280 1095
f 1095 1280 1281
f 1096 1272 1282
f 1096 1282 1280
f 1098 1102 1108
f 1098 1108 1107
f 1098 1107 1283
f 1098 1283 1284
f 1098 1284 1285
f 1098 1285 1100
f 1098 1100 1099
f 1100 1121 1120
f 1100 1285 1284
f 1100 1284 1286
f 1100 1286 1121
f 1103 1110 1287
f 1103 1287 1288
f 1103 1288 1104
f 1104 1288 1105
f 1105 1289 1106
f 1105 1288 1290
f 1105 1290 1291
f 1105 1291 1292
f 1105 1292 1293
f 1105 1293 1289
f 1106 1289 1107
f 1107 1289 1293
f 1107 1293 1294
f 1107 1294 1295
f 1107 1295 1283
f 1109 1287 1110
f 1109 1112 1296
f 1109 1296 1297
f 1109 1297 1298
f 1109 1298 1287
f 1111 1281 1299
f 1111 1299 1300
f 1111 1300 1301
f 1111 1301 1302
f 1111 1302 1112
f 1112 1302 1296
f 1113 1303 1123
f 1113 1119 1303
f 1114 1115 1304
f 1114 1304 1117
f 1115 1116 1305
f 1115 1305 1304
f 1116 1122 1306
f 1116 1306 1305
f 1117 1304 1307
f 1117 1307 1118
f 1118 1307 1308
f 1118 1308 1309
f 1118 1309 1119
f 1119 1309 1303
f 1121 1286 1310
f 1121 1310 1311
f 1121 1311 1312
f 1121 1312 1122
f 1122 1312 1313
f 1122 1313 1306
f 1123 1303 1314
f 1123 1314 1315
f 1123 1315 1124
f 1124 1315 1314
f 1124 1314 1125
f 1125 1316 1317
f 1125 1317 1318
f 1125 1318 1127
f 1125 1314 1319
f 1125 1319 1316
f 1126 1127 1317
f 1126 1317 1129
f 1127 1318 1317
f 1128 1134 1320
f 1128 1320 1135
f 1129 1317 1321
f 1129 1321 1322
f 1129 1322 1130
f 1130 1323 1131
f 1130 1322 1323
f 1131 1324 1133
f 1131 1133 1132
f 1131 1323 1324
f 1133 1324 1134
f 1134 1324 1320
f 1135 1320 1325
f 1135 1325 1136
f 1136 1325 1139
f 1136 1139 1137
f 1139 1326 1327
f 1139 1327 1328
f 1139 1328 1140
f 1139 1325 1329
f 1139 1329 1326
f 1140 1328 1330
f 1140 1330 1331
f 1140 1331 1142
f 1140 1142 1141
f 1142 1331 1332
f 1142 1332 1333
f 1142 1333 1334
f 1142 1334 1143
f 1144 1334 1335
f 1144 1335 1336
f 1144 1336 1145
f 1145 1336 1337
f 1145 1337 1183
f 1146 1151 1339
f 1146 1339 1147
f 1147 1338 1152
f 1147 1152 1148
f 1147 1339 1338
f 1149 1340 1341
f 1149 1341 1342
f 1149 1342 1150
f 1149 1185 1340
f 1150 1342 1151
f 1151 1342 1341
f 1151 1341 1529
f 1151 1529 1339
f 1152 1338 1343
f 1152 1343 1153
f 1153 1343 1344
f 1153 1344 1154
f 1154 1344 1345
f 1154 1345 1155
f 1155 1345 1179
f 1155 1179 1178
f 1155 1178 1156
f 1156 1178 1346
f 1156 1346 1157
f 1157 1346 1347
f 1157 1347 1158
f 1158 1347 1159
f 1159 1347 1175
f 1159 1175 1174
f 1159 1174 1160
f 1160 1174 1161
f 1162 1174 1163
f 1163 1174 1172
f 1166 1180 1348
f 1166 1348 1349
f 1166 1349 1350
f 1166 1350 1351
f 1166 1351 1352
f 1166 1352 1353
f 1166 1353 1354
f 1166 1354 1355
f 1166 1355 1356
f 1166 1356 1167
f 1167 1356 1357
f 1167 1357 1358
f 1167 1358 1359
f 1167 1359 1360
f 1167 1360 1361
f 1167 1361 1362
f 1167 1362 1363
f 1167 1363 1168
f 1168 1363 1364
f 1168 1364 1169
f 1169 1365 1170
f 1169 1364 1366
f 1169 1366 1367
f 1169 1367 1368
f 1169 1368 1365
f 1170 1365 1188
f 1170 1188 1171
f 1171 1188 1181
f 1172 1174 1173
f 1175 1347 1176
f 1176 1347 1346
f 1176 1346 1177
f 1177 1346 1178
f 1179 1345 1180
f 1180 1345 1369
f 1180 1369 1370
f 1180 1370 1371
f 1180 1371 1348
f 1183 1337 1184
f 1184 1335 1372
f 1184 1372 1373
f 1184 1373 1374
f 1184 1374 1375
f 1184 1375 1376
f 1184 1376 1341
f 1184 1341 1340
f 1184 1340 1185
f 1184 1337 1336
f 1184 1336 1335
f 1186 1190 1377
f 1186 1377 1187
f 1187 1377 1191
f 1188 1365 1189
f 1189 1365 1378
f 1189 1378 1190
f 1190 1378 1377
f 1191 1377 1379
f 1191 1379 1192
f 1192 1379 1380
f 1192 1380 1381
f 1192 1381 1382
f 1192 1382 1383
f 1192 1383 1384
f 1192 1384 1193
f 1193 1384 1195
f 1193 1195 1194
f 1195 1384 1196
f 1196 1384 1197
f 1197 1384 1198
f 1198 1383 1385
f 1198 1385 1199
f 1198 1384 1383
f 1199 1385 1386
f 1199 1386 1387
f 1199 1387 1388
f 1199 1388 1201
f 1200 1207 1208
f 1201 1388 1202
f 1202 1388 1389
f 1202 1389 1390
f 1202 1390 1204
f 1202 1204 1203
f 1204 1390 1391
f 1204 1391 1205
f 1205 1391 1392
f 1205 1392 1393
f 1205 1393 1206
f 1206 1394 1207
f 1206 1393 1394
f 1207 1394 1395
f 1207 1395 1208
f 1208 1395 1209
f 1209 1395 1396
f 1209 1396 1210
f 1210 1396 1397
f 1210 1397 1211
f 1211 1397 1398
f 1211 1398 1399
f 1211 1399 1212
f 1212 1399 1400
f 1212 1400 1401
f 1212 1401 1213
f 1213 1402 1403
f 1213 1403 1214
f 1213 1401 1402
f 1214 1403 1215
f 1215 1403 1404
f 1215 1404 1217
f 1215 1217 1216
f 1217 1404 1405
f 1217 1405 1218
f 1218 1405 1406
f 1218 1406 1407
f 1218 1407 1219
f 1219 1407 1220
f 1220 1407 1408
f 1220 1408 1222
f 1221 1223 1409
f 1221 1409 1410
f 1221 1410 1411
f 1221 1411 1412
f 1221 1412 1224
f 1222 1408 1223
f 1223 1408 1409
f 1224 1412 1226
f 1225 1228 1413
f 1225 1413 1229
f 1226 1412 1411
f 1226 1411 1414
f 1226 1414 1415
f 1226 1415 1416
f 1226 1416 1417
f 1226 1417 1418
f 1226 1418 1227
f 1227 1418 1228
f 1228 1419 1413
f 1228 1418 1417
f 1228 1417 1420
f 1228 1420 1626
f 1228 1626 1419
f 1229 1413 1421
f 1229 1421 1230
f 1230 1421 1422
f 1230 1422 1232
f 1230 1232 1231
f 1232 1422 1423
f 1232 1423 1233
f 1233 1423 1424
f 1233 1424 1425
f 1233 1425 1426
f 1233 1426 1632
f 1233 1632 1427
f 1233 1427 1234
f 1234 1427 1428
f 1234 1428 1235
f 1235 1429 1237
f 1235 1237 1236
f 1235 1428 1430
f 1235 1430 1429
f 1237 1429 1431
f 1237 1431 1432
f 1237 1432 1239
f 1237 1239 1238
f 1239 1432 1433
f 1239 1433 1434
f 1239 1434 1242
f 1239 1242 1240
f 1240 1242 1241
f 1242 1435 1436
f 1242 1436 1437
f 1242 1437 1438
f 1242 1438 1439
f 1242 1439 1440
f 1242 1440 1243
f 1242 1434 1435
f 1243 1440 1245
f 1243 1245 1441
f 1243 1441 1442
f 1243 1442 1244
f 1244 1442 1441
f 1244 1441 1245
f 1245 1440 1443
f 1245 1443 1444
f 1245 1444 1246
f 1246 1444 1445
f 1246 1445 1446
f 1246 1446 1248
f 1248 1446 1249
f 1249 1446 1447
f 1249 1447 1250
f 1250 1447 1448
f 1250 1448 1449
f 1250 1449 1251
f 1251 1449 1252
f 1252 1449 1450
f 1252 1450 1254
f 1254 1450 1262
f 1254 1262 1263
f 1255 1261 1260
f 1255 1260 1256
f 1257 1260 1451
f 1257 1451 1452
f 1257 1452 1258
f 1258 1452 1453
f 1258 1453 1259
f 1259 1453 1264
f 1260 1261 1454
f 1260 1454 1455
f 1260 1455 1456
f 1260 1456 1457
f 1260 1457 1451
f 1261 1262 1458
f 1261 1458 1454
f 1262 1450 1458
f 1264 1453 1265
f 1265 1459 1266
f 1265 1453 1459
f 1266 1459 1267
f 1267 1460 1461
f 1267 1461 1462
f 1267 1462 1269
f 1267 1459 1463
f 1267 1463 1460
f 1269 1462 1270
f 1270 1464 1465
f 1270 1465 1273
f 1270 1462 1464
f 1271 1279 1466
f 1271 1466 1467
f 1271 1467 1272
f 1272 1467 1282
f 1273 1465 1274
f 1274 1465 1468
f 1274 1468 1275
f 1275 1468 1469
f 1275 1469 1470
f 1275 1470 1277
f 1275 1277 1276
f 1277 1470 1278
f 1278 1470 1471
f 1278 1471 1472
f 1278 1472 1466
f 1278 1466 1279
f 1280 1282 1473
f 1280 1473 1474
f 1280 1474 1281
f 1281 1474 1299
f 1282 1474 1473
f 1282 1467 1475
f 1282 1475 1476
f 1282 1476 1477
f 1282 1477 1474
f 1283 1295 1284
f 1284 1295 1478
f 1284 1478 1479
f 1284 1479 1311
f 1284 1311 1310
f 1284 1310 1286
f 1287 1290 1288
f 1287 1298 1480
f 1287 1480 1290
f 1290 1480 1291
f 1291 1481 1482
f 1291 1482 1292
f 1291 1480 1483
f 1291 1483 1484
f 1291 1484 1485
f 1291 1485 1481
f 1292 1482 1293
f 1293 1482 1481
f 1293 1481 1486
f 1293 1486 1487
f 1293 1487 1294
f 1294 1487 1478
f 1294 1478 1295
f 1296 1302 1301
f 1296 1301 1488
f 1296 1488 1489
f 1296 1489 1297
f 1297 1489 1490
f 1297 1490 1483
f 1297 1483 1480
f 1297 1480 1298
f 1299 1474 1491
f 1299 1491 1300
f 1300 1491 1492
f 1300 1492 1301
f 1301 1492 1493
f 1301 1493 1488
f 1303 1309 1314
f 1304 1305 1494
f 1304 1494 1495
f 1304 1495 1496
f 1304 1496 1307
f 1305 1306 1497
f 1305 1497 1494
f 1306 1313 1497
f 1307 1496 1308
f 1308 1496 1309
f 1309 1498 1499
f 1309 1499 1500
f 1309 1500 1314
f 1309 1496 1498
f 1311 1479 1501
f 1311 1501 1502
f 1311 1502 1503
f 1311 1503 1504
f 1311 1504 1505
f 1311 1505 1312
f 1312 1505 1313
f 1313 1505 1497
f 1314 1500 1506
f 1314 1506 1319
f 1316 1319 1506
f 1316 1506 1317
f 1317 1506 1507
f 1317 1507 1508
f 1317 1508 1321
f 1320 1329 1325
f 1320 1324 1509
f 1320 1509 1510
f 1320 1510 1329
f 1321 1323 1322
f 1321 1508 1511
f 1321 1511 1323
f 1323 1511 1512
f 1323 1512 1324
f 1324 1512 1509
f 1326 1510 1327
f 1326 1329 1510
f 1327 1510 1513
f 1327 1513 1514
f 1327 1514 1515
f 1327 1515 1516
f 1327 1516 1517
f 1327 1517 1518
f 1327 1518 1519
f 1327 1519 1520
f 1327 1520 1328
f 1328 1520 1519
f 1328 1519 1330
f 1330 1519 1521
f 1330 1521 1522
f 1330 1522 1332
f 1330 1332 1331
f 1332 1522 1523
f 1332 1523 1524
f 1332 1524 1525
f 1332 1525 1526
f 1332 1526 1333
f 1333 1526 1334
f 1334 1526 1335
f 1335 1526 1372
f 1338 1339 1527
f 1338 1527 1528
f 1338 1528 1343
f 1339 1529 1530
f 1339 1530 1531
f 1339 1531 1527
f 1341 1532 1529
f 1341 1376 1533
f 1341 1533 1534
f 1341 1534 1535
f 1341 1535 1536
f 1341 1536 1532
f 1343 1528 1371
f 1343 1371 1370
f 1343 1370 1369
f 1343 1369 1537
f 1343 1537 1344
f 1344 1537 1345
f 1345 1537 1369
f 1348 1371 1538
f 1348 1538 1539
f 1348 1539 1350
f 1348 1350 1349
f 1350 1539 1540
f 1350 1540 1541
f 1350 1541 1542
f 1350 1542 1543
f 1350 1543 1351
f 1351 1543 1544
f 1351 1544 1353
f 1351 1353 1352
f 1353 1544 1354
f 1354 1545 1355
f 1354 1544 1543
f 1354 1543 1546
f 1354 1546 1545
f 1355 1545 1356
f 1356 1545 1547
f 1356 1547 1357
f 1357 1547 1548
f 1357 1548 1358
f 1358 1548 1549
f 1358 1549 1359
f 1359 1549 1550
f 1359 1550 1360
f 1360 1550 1551
f 1360 1551 1552
f 1360 1552 1361
f 1361 1552 1553
f 1361 1553 1554
f 1361 1554 1555
f 1361 1555 1362
f 1362 1556 1557
f 1362 1557 1363
f 1362 1555 1558
f 1362 1558 1556
f 1363 1557 1559
f 1363 1559 1560
f 1363 1560 1364
f 1364 1560 1561
f 1364 1561 1562
f 1364 1562 1563
f 1364 1563 1564
f 1364 1564 1565
f 1364 1565 1566
f 1364 1566 1567
f 1364 1567 1568
f 1364 1568 1366
f 1365 1368 1378
f 1366 1568 1569
f 1366 1569 1570
f 1366 1570 1367
f 1367 1570 1571
f 1367 1571 1572
f 1367 1572 1573
f 1367 1573 1368
f 1368 1573 1574
f 1368 1574 1575
f 1368 1575 1576
f 1368 1576 1380
f 1368 1380 1577
f 1368 1577 1378
f 1371 1528 1538
f 1372 1578 1579
f 1372 1579 1580
f 1372 1580 1581
f 1372 1581 1582
f 1372 1582 1583
f 1372 1583 1584
f 1372 1584 1585
f 1372 1585 1586
f 1372 1586 1373
f 1372 1526 1578
f 1373 1586 1587
f 1373 1587 1588
f 1373 1588 1589
f 1373 1589 1374
f 1374 1589 1375
f 1375 1533 1376
f 1375 1589 1590
f 1375 1590 1533
f 1377 1378 1591
f 1377 1591 1577
f 1377 1577 1379
f 1378 1577 1591
f 1379 1577 1380
f 1380 1576 1382
f 1380 1382 1381
f 1382 1576 1592
f 1382 1592 1385
f 1382 1385 1383
f 1385 1592 1576
f 1385 1576 1386
f 1386 1576 1593
f 1386 1593 1594
f 1386 1594 1387
f 1387 1594 1388
f 1388 1594 1595
f 1388 1595 1389
f 1389 1595 1391
f 1389 1391 1390
f 1391 1595 1596
f 1391 1596 1597
f 1391 1597 1392
f 1392 1597 1598
f 1392 1598 1599
f 1392 1599 1600
f 1392 1600 1601
f 1392 1601 1602
f 1392 1602 1393
f 1393 1602 1603
f 1393 1603 1394
f 1394 1603 1395
f 1395 1603 1602
f 1395 1602 1396
f 1396 1602 1398
f 1396 1398 1397
f 1398 1602 1604
f 1398 1604 1399
f 1399 1604 1400
f 1400 1604 1401
f 1401 1604 1601
f 1401 1601 1605
f 1401 1605 1606
f 1401 1606 1607
f 1401 1607 1608
f 1401 1608 1609
f 1401 1609 1610
f 1401 1610 1611
f 1401 1611 1612
f 1401 1612 1613
f 1401 1613 1614
f 1401 1614 1408
f 1401 1408 1407
f 1401 1407 1615
f 1401 1615 1616
f 1401 1616 1617
f 1401 1617 1402
f 1402 1617 1403
f 1403 1617 1404
f 1404 1617 1618
f 1404 1618 1406
f 1404 1406 1405
f 1406 1618 1615
f 1406 1615 1407
f 1408 1614 1409
f 1409 1614 1410
f 1410 1614 1612
f 1410 1612 1619
f 1410 1619 1411
f 1411 1619 1414
f 1413 1419 1625
f 1413 1625 1421
f 1414 1619 1415
f 1415 1619 1620
f 1415 1620 1416
f 1416 1621 1417
f 1416 1620 1621
f 1417 1621 1622
f 1417 1622 1623
f 1417 1623 1624
f 1417 1624 1420
f 1419 1626 1625
f 1420 1624 1623
f 1420 1623 1627
f 1420 1627 1626
f 1421 1625 1422
f 1422 1625 1626
f 1422 1626 1628
f 1422 1628 1423
f 1423 1628 1629
f 1423 1629 1424
f 1424 1629 1630
f 1424 1630 1425
f 1425 1630 1631
f 1425 1631 1426
f 1426 1631 1632
f 1427 1632 1428
f 1428 1632 1430
f 1429 1430 1431
f 1430 1633 1431
f 1430 1632 1634
f 1430 1634 1633
f 1431 1633 1635
f 1431 1635 1432
f 1432 1635 1433
f 1433 1635 1636
f 1433 1636 1637
f 1433 1637 1434
f 1434 1637 1435
f 1435 1637 1638
f 1435 1638 1436
f 1436 1638 1639
f 1436 1639 1437
f 1437 1639 1640
f 1437 1640 1641
f 1437 1641 1642
f 1437 1642 1438
f 1438 1641 1643
f 1438 1643 1443
f 1438 1443 1439
f 1438 1642 1641
f 1439 1443 1440
f 1443 1643 1444
f 1444 1643 1644
f 1444 1644 1445
f 1445 1644 1645
f 1445 1645 1446
f 1446 1645 1448
f 1446 1448 1447
f 1448 1645 1449
f 1449 1645 1646
f 1449 1646 1458
f 1449 1458 1450
f 1451 1647 1452
f 1451 1457 1648
f 1451 1648 1647
f 1452 1649 1453
f 1452 1647 1650
f 1452 1650 1651
f 1452 1651 1649
f 1453 1649 1651
f 1453 1651 1459
f 1454 1458 1456
f 1454 1456 1455
f 1456 1652 1648
f 1456 1648 1457
f 1456 1458 1653
f 1456 1653 1654
f 1456 1654 1652
f 1458 1646 1644
f 1458 1644 1653
f 1459 1651 1463
f 1460 1463 1655
f 1460 1655 1461
f 1461 1656 1657
f 1461 1657 1658
f 1461 1658 1462
f 1461 1655 1656
f 1462 1658 1464
f 1463 1651 1655
f 1464 1658 1465
f 1465 1659 1660
f 1465 1660 1468
f 1465 1658 1659
f 1466 1475 1467
f 1466 1472 1661
f 1466 1661 1662
f 1466 1662 1476
f 1466 1476 1475
f 1468 1660 1469
f 1469 1660 1470
f 1470 1660 1663
f 1470 1663 1664
f 1470 1664 1665
f 1470 1665 1666
f 1470 1666 1667
f 1470 1667 1471
f 1471 1667 1668
f 1471 1668 1472
f 1472 1668 1661
f 1474 1477 1669
f 1474 1669 1670
f 1474 1670 1491
f 1476 1662 1671
f 1476 1671 1477
f 1477 1671 1669
f 1478 1487 1672
f 1478 1672 1673
f 1478 1673 1501
f 1478 1501 1479
f 1481 1674 1486
f 1481 1485 1675
f 1481 1675 1676
f 1481 1676 1677
f 1481 1677 1674
f 1483 1490 1484
f 1484 1490 1678
f 1484 1678 1679
f 1484 1679 1676
f 1484 1676 1675
f 1484 1675 1485
f 1486 1672 1487
f 1486 1674 1672
f 1488 1493 1680
f 1488 1680 1681
f 1488 1681 1489
f 1489 1681 1682
f 1489 1682 1490
f 1490 1682 1683
f 1490 1683 1678
f 1491 1670 1493
f 1491 1493 1492
f 1493 1670 1684
f 1493 1684 1680
f 1494 1497 1685
f 1494 1685 1495
f 1495 1685 1496
f 1496 1686 1687
f 1496 1687 1688
f 1496 1688 1498
f 1496 1685 1689
f 1496 1689 1686
f 1497 1690 1685
f 1497 1505 1691
f 1497 1691 1690
f 1498 1688 1687
f 1498 1687 1692
f 1498 1692 1499
f 1499 1693 1694
f 1499 1694 1500
f 1499 1692 1695
f 1499 1695 1693
f 1500 1694 1506
f 1501 1673 1502
f 1502 1673 1696
f 1502 1696 1697
f 1502 1697 1698
f 1502 1698 1699
f 1502 1699 1503
f 1503 1699 1504
f 1504 1691 1505
f 1504 1699 1691
f 1506 1694 1507
f 1507 1694 1508
f 1508 1694 1511
f 1509 1512 1700
f 1509 1700 1701
f 1509 1701 1510
f 1510 1701 1702
f 1510 1702 1513
f 1511 1694 1700
f 1511 1700 1512
f 1513 1702 1514
f 1514 1700 1703
f 1514 1703 1704
f 1514 1704 1705
f 1514 1705 1706
f 1514 1706 1515
f 1514 1702 1701
f 1514 1701 1700
f 1515 1706 1522
f 1515 1522 1707
f 1515 1707 1516
f 1516 1522 1521
f 1516 1521 1517
f 1516 1707 1522
f 1517 1521 1518
f 1518 1521 1708
f 1518 1708 1519
f 1519 1708 1521
f 1522 1706 1709
f 1522 1709 1710
f 1522 1710 1523
f 1523 1710 1524
f 1524 1711 1525
f 1524 1710 1709
f 1524 1709 1706
f 1524 1706 1579
f 1524 1579 1712
f 1524 1712 1578
f 1524 1578 1711
f 1525 1711 1578
f 1525 1578 1526
f 1527 1531 1713
f 1527 1713 1528
f 1528 1713 1539
f 1528 1539 1538
f 1529 1532 1714
f 1529 1714 1715
f 1529 1715 1530
f 1530 1715 1722
f 1530 1722 1713
f 1530 1713 1531
f 1532 1536 1716
f 1532 1716 1717
f 1532 1717 1714
f 1533 1590 1534
f 1534 1590 1718
f 1534 1718 1719
f 1534 1719 1535
f 1535 1719 1720
f 1535 1720 1536
f 1536 1720 1717
f 1536 1717 1716
f 1539 1721 1540
f 1539 1713 1722
f 1539 1722 1721
f 1540 1721 1723
f 1540 1723 1714
f 1540 1714 1717
f 1540 1717 1541
f 1541 1717 1720
f 1541 1720 1542
f 1542 1720 1718
f 1542 1718 1543
f 1543 1724 1546
f 1543 1718 1724
f 1545 1546 1725
f 1545 1725 1726
f 1545 1726 1547
f 1546 1724 1725
f 1547 1726 1727
f 1547 1727 1728
f 1547 1728 1548
f 1548 1728 1582
f 1548 1582 1729
f 1548 1729 1549
f 1549 1729 1581
f 1549 1581 1730
f 1549 1730 1550
f 1550 1730 1731
f 1550 1731 1551
f 1551 1732 1552
f 1551 1731 1733
f 1551 1733 1732
f 1552 1732 1553
f 1553 1734 1554
f 1553 1732 1733
f 1553 1733 1735
f 1553 1735 1734
f 1554 1558 1555
f 1554 1734 1736
f 1554 1736 1558
f 1556 1558 1737
f 1556 1737 1738
f 1556 1738 1739
f 1556 1739 1557
f 1557 1739 1559
f 1558 1736 1737
f 1559 1739 1740
f 1559 1740 1561
f 1559 1561 1560
f 1561 1740 1562
f 1562 1741 1742
f 1562 1742 1564
f 1562 1564 1563
f 1562 1740 1739
f 1562 1739 1743
f 1562 1743 1741
f 1564 1742 1744
f 1564 1744 1565
f 1565 1744 1745
f 1565 1745 1746
f 1565 1746 1566
f 1566 1746 1567
f 1567 1747 1748
f 1567 1748 1569
f 1567 1569 1568
f 1567 1746 1749
f 1567 1749 1747
f 1569 1748 1571
f 1569 1571 1570
f 1571 1748 1750
f 1571 1750 1751
f 1571 1751 1752
f 1571 1752 1572
f 1572 1752 1753
f 1572 1753 1573
f 1573 1753 1754
f 1573 1754 1575
f 1573 1575 1574
f 1575 1754 1593
f 1575 1593 1576
f 1578 1712 1579
f 1579 1706 1580
f 1580 1706 1755
f 1580 1755 1581
f 1581 1755 1730
f 1581 1729 1582
f 1582 1728 1583
f 1583 1728 1584
f 1584 1727 1756
f 1584 1756 1587
f 1584 1587 1585
f 1584 1728 1727
f 1585 1587 1586
f 1587 1756 1757
f 1587 1757 1588
f 1588 1757 1758
f 1588 1758 1589
f 1589 1758 1590
f 1590 1758 1726
f 1590 1726 1725
f 1590 1725 1724
f 1590 1724 1718
f 1593 1754 1759
f 1593 1759 1594
f 1594 1759 1760
f 1594 1760 1761
f 1594 1761 1596
f 1594 1596 1595
f 1596 1761 1762
f 1596 1762 1597
f 1597 1762 1599
f 1597 1599 1598
f 1599 1762 1763
f 1599 1763 1764
f 1599 1764 1600
f 1600 1764 1765
f 1600 1765 1766
f 1600 1766 1767
f 1600 1767 1768
f 1600 1768 1769
f 1600 1769 1601
f 1601 1769 1770
f 1601 1770 1605
f 1601 1604 1602
f 1605 1770 1771
f 1605 1771 1772
f 1605 1772 1773
f 1605 1773 1606
f 1606 1773 1774
f 1606 1774 1775
f 1606 1775 1607
f 1607 1775 1776
f 1607 1776 1608
f 1608 1776 1609
f 1609 1776 1777
f 1609 1777 1778
f 1609 1778 1779
f 1609 1779 1610
f 1610 1779 1778
f 1610 1778 1780
f 1610 1780 1781
f 1610 1781 1611
f 1611 1781 1619
f 1611 1619 1612
f 1612 1614 1613
f 1615 1618 1616
f 1616 1618 1617
f 1619 1781 1620
f 1620 1781 1782
f 1620 1782 1783
f 1620 1783 1784
f 1620 1784 1622
f 1620 1622 1621
f 1622 1785 1623
f 1622 1784 1786
f 1622 1786 1785
f 1623 1785 1627
f 1626 1627 1787
f 1626 1787 1629
f 1626 1629 1628
f 1627 1785 1788
f 1627 1788 1630
f 1627 1630 1787
f 1629 1787 1630
f 1630 1788 1789
f 1630 1789 1790
f 1630 1790 1791
f 1630 1791 1792
f 1630 1792 1793
f 1630 1793 1631
f 1631 1793 1632
f 1632 1794 1795
f 1632 1795 1796
f 1632 1796 1634
f 1632 1793 1797
f 1632 1797 1794
f 1633 1634 1798
f 1633 1798 1635
f 1634 1799 1800
f 1634 1800 1801
f 1634 1801 1802
f 1634 1802 1803
f 1634 1803 1804
f 1634 1804 1798
f 1634 1796 1805
f 1634 1805 1799
f 1635 1798 1806
f 1635 1806 1807
f 1635 1807 1636
f 1636 1638 1637
f 1636 1807 1808
f 1636 1808 1809
f 1636 1809 1806
f 1636 1806 1810
f 1636 1810 1811
f 1636 1811 1640
f 1636 1640 1639
f 1636 1639 1638
f 1640 1811 1641
f 1641 1811 1812
f 1641 1812 1813
f 1641 1813 1644
f 1641 1644 1643
f 1644 1813 1814
f 1644 1814 1653
f 1644 1646 1645
f 1647 1815 1816
f 1647 1816 1650
f 1647 1648 1815
f 1648 1652 1817
f 1648 1817 1818
f 1648 1818 1815
f 1650 1819 1820
f 1650 1820 1821
f 1650 1821 1651
f 1650 1816 1815
f 1650 1815 1819
f 1651 1821 1655
f 1652 1654 1814
f 1652 1814 1817
f 1653 1814 1654
f 1655 1822 1823
f 1655 1823 1657
f 1655 1657 1656
f 1655 1821 1822
f 1657 1823 1824
f 1657 1824 1825
f 1657 1825 1826
f 1657 1826 1827
f 1657 1827 1660
f 1657 1660 1659
f 1657 1659 1658
f 1660 1827 1828
f 1660 1828 1664
f 1660 1664 1663
f 1661 1668 1662
f 1662 1668 1829
f 1662 1829 1830
f 1662 1830 1671
f 1664 1831 1832
f 1664 1832 1665
f 1664 1828 1826
f 1664 1826 1831
f 1665 1832 1666
f 1666 1832 1668
f 1666 1668 1667
f 1668 1832 1833
f 1668 1833 1834
f 1668 1834 1829
f 1669 1671 1835
f 1669 1835 1836
f 1669 1836 1670
f 1670 1836 1684
f 1671 1830 1837
f 1671 1837 1835
f 1672 1674 1838
f 1672 1838 1839
f 1672 1839 1696
f 1672 1696 1673
f 1674 1677 1838
f 1676 1679 1840
f 1676 1840 1841
f 1676 1841 1842
f 1676 1842 1843
f 1676 1843 1838
f 1676 1838 1677
f 1678 1683 1844
f 1678 1844 1679
f 1679 1844 1840
f 1680 1684 1845
f 1680 1845 1846
f 1680 1846 1681
f 1681 1846 1682
f 1682 1846 1847
f 1682 1847 1848
f 1682 1848 1844
f 1682 1844 1683
f 1684 1836 1956
f 1684 1956 1849
f 1684 1849 1845
f 1685 1850 1689
f 1685 1690 1691
f 1685 1691 1851
f 1685 1851 1850
f 1686 1689 1852
f 1686 1852 1687
f 1687 1852 1853
f 1687 1853 1854
f 1687 1854 1692
f 1689 1850 1852
f 1691 1699 1855
f 1691 1855 1851
f 1692 1854 1856
f 1692 1856 1695
f 1693 1695 1700
f 1693 1700 1694
f 1695 1856 1700
f 1696 1839 1697
f 1697 1857 1858
f 1697 1858 1698
f 1697 1839 1838
f 1697 1838 1859
f 1697 1859 1860
f 1697 1860 1861
f 1697 1861 1857
f 1698 1858 1699
f 1699 1858 1862
f 1699 1862 1855
f 1700 1856 1703
f 1703 1856 1863
f 1703 1863 1704
f 1704 1755 1705
f 1704 1863 1864
f 1704 1864 1755
f 1705 1755 1706
f 1714 1723 1715
f 1715 1723 1722
f 1718 1720 1719
f 1721 1722 1723
f 1726 1758 1727
f 1727 1757 1756
f 1727 1758 1757
f 1730 1864 1733
f 1730 1733 1731
f 1730 1755 1864
f 1733 1864 1735
f 1734 1865 1736
f 1734 1735 1866
f 1734 1866 1865
f 1735 1864 1863
f 1735 1863 1866
f 1736 1865 1737
f 1737 1865 1738
f 1738 1865 1851
f 1738 1851 1867
f 1738 1867 1739
f 1739 1867 1743
f 1741 1857 1868
f 1741 1868 1742
f 1741 1743 1867
f 1741 1867 1869
f 1741 1869 1862
f 1741 1862 1870
f 1741 1870 1857
f 1742 1868 1745
f 1742 1745 1744
f 1745 1868 1860
f 1745 1860 1871
f 1745 1871 1872
f 1745 1872 1749
f 1745 1749 1746
f 1747 1749 1873
f 1747 1873 1874
f 1747 1874 1750
f 1747 1750 1748
f 1749 1872 1873
f 1750 1875 1751
f 1750 1874 1875
f 1751 1876 1752
f 1751 1875 1876
f 1752 1877 1878
f 1752 1878 1753
f 1752 1876 1879
f 1752 1879 1880
f 1752 1880 1877
f 1753 1878 1759
f 1753 1759 1754
f 1759 1878 1881
f 1759 1881 1760
f 1760 1881 1761
f 1761 1881 1882
f 1761 1882 1762
f 1762 1882 1763
f 1763 1882 1883
f 1763 1883 1884
f 1763 1884 1885
f 1763 1885 1764
f 1764 1885 1886
f 1764 1886 1887
f 1764 1887 1765
f 1765 1887 1886
f 1765 1886 1888
f 1765 1888 1766
f 1766 1888 1889
f 1766 1889 1890
f 1766 1890 1767
f 1767 1890 1891
f 1767 1891 1892
f 1767 1892 1770
f 1767 1770 1769
f 1767 1769 1768
f 1770 1892 1893
f 1770 1893 1894
f 1770 1894 1895
f 1770 1895 1896
f 1770 1896 1897
f 1770 1897 1898
f 1770 1898 1771
f 1771 1898 1899
f 1771 1899 1900
f 1771 1900 1901
f 1771 1901 1772
f 1772 1901 1774
f 1772 1774 1773
f 1774 1901 1902
f 1774 1902 1903
f 1774 1903 1904
f 1774 1904 1905
f 1774 1905 1775
f 1775 1906 1776
f 1775 1905 1907
f 1775 1907 1906
f 1776 1906 1908
f 1776 1908 1777
f 1777 1908 1909
f 1777 1909 1782
f 1777 1782 1778
f 1778 1782 1780
f 1780 1782 1781
f 1782 1910 1783
f 1782 1909 2006
f 1782 2006 1910
f 1783 1910 1911
f 1783 1911 1785
f 1783 1785 1784
f 1784 1785 1786
f 1785 1911 1912
f 1785 1912 1788
f 1788 1912 1789
f 1789 1912 1911
f 1789 1911 1913
f 1789 1913 1914
f 1789 1914 1790
f 1790 1914 1791
f 1791 1914 1792
f 1792 1914 1915
f 1792 1915 1916
f 1792 1916 1917
f 1792 1917 1918
f 1792 1918 1794
f 1792 1794 1797
f 1792 1797 1793
f 1794 1918 1795
f 1795 1918 1919
f 1795 1919 1799
f 1795 1799 1796
f 1796 1799 1805
f 1798 1804 1920
f 1798 1920 1806
f 1799 1919 1921
f 1799 1921 1800
f 1800 1921 1801
f 1801 1921 1922
f 1801 1922 1802
f 1802 1923 1924
f 1802 1924 1925
f 1802 1925 1926
f 1802 1926 1803
f 1802 1922 1927
f 1802 1927 1916
f 1802 1916 1923
f 1803 1926 1928
f 1803 1928 1929
f 1803 1929 1930
f 1803 1930 1804
f 1804 1930 1811
f 1804 1811 1810
f 1804 1810 1806
f 1804 1806 1920
f 1806 1809 1808
f 1806 1808 1807
f 1811 1930 1812
f 1812 1930 1931
f 1812 1931 1932
f 1812 1932 1933
f 1812 1933 1813
f 1813 1933 1934
f 1813 1934 1814
f 1814 1934 1817
f 1815 1818 1817
f 1815 1817 1935
f 1815 1935 1936
f 1815 1936 1937
f 1815 1937 1819
f 1817 1938 1935
f 1817 1934 1938
f 1819 1937 1939
f 1819 1939 1940
f 1819 1940 1820
f 1820 1940 1941
f 1820 1941 1942
f 1820 1942 1943
f 1820 1943 1822
f 1820 1822 1821
f 1822 1943 1944
f 1822 1944 1824
f 1822 1824 1823
f 1824 1945 1825
f 1824 1944 1942
f 1824 1942 1945
f 1825 1945 1826
f 1826 1945 1946
f 1826 1946 1831
f 1826 1828 1827
f 1829 1834 1830
f 1830 1834 1947
f 1830 1947 1837
f 1831 1948 1949
f 1831 1949 1832
f 1831 1946 1948
f 1832 1949 1950
f 1832 1950 1951
f 1832 1951 1952
f 1832 1952 1833
f 1833 1952 1953
f 1833 1953 1954
f 1833 1954 1834
f 1834 1954 1955
f 1834 1955 1947
f 1835 1956 1836
f 1835 1837 1956
f 1837 1947 1957
f 1837 1957 1958
f 1837 1958 1956
f 1838 1843 1959
f 1838 1959 1960
f 1838 1960 1859
f 1840 1844 1841
f 1841 1844 1961
f 1841 1961 1842
f 1842 1959 1843
f 1842 1961 1959
f 1844 1848 1962
f 1844 1962 1963
f 1844 1963 1964
f 1844 1964 1965
f 1844 1965 1961
f 1845 1849 1966
f 1845 1966 1846
f 1846 1966 1847
f 1847 1966 1967
f 1847 1967 1962
f 1847 1962 1848
f 1849 1956 1958
f 1849 1958 1968
f 1849 1968 1966
f 1850 1851 1969
f 1850 1969 1865
f 1850 1865 1852
f 1851 1855 1862
f 1851 1862 1867
f 1851 1865 1969
f 1852 1866 1853
f 1852 1865 1970
f 1852 1970 1866
f 1853 1866 1856
f 1853 1856 1854
f 1856 1866 1863
f 1857 1861 1860
f 1857 1860 1868
f 1857 1870 1862
f 1857 1862 1858
f 1859 1960 1860
f 1860 1960 1959
f 1860 1959 1871
f 1862 1869 1867
f 1865 1866 1970
f 1871 1959 1961
f 1871 1961 1971
f 1871 1971 1873
f 1871 1873 1872
f 1873 1971 1972
f 1873 1972 1874
f 1874 1972 1973
f 1874 1973 1875
f 1875 1973 1974
f 1875 1974 1879
f 1875 1879 1876
f 1877 1975 1976
f 1877 1976 1878
f 1877 1880 1977
f 1877 1977 1975
f 1878 1976 1978
f 1878 1978 1881
f 1879 1977 1880
f 1879 1974 1977
f 1881 1978 1979
f 1881 1979 1980
f 1881 1980 1882
f 1882 1980 1981
f 1882 1981 1883
f 1883 1981 1884
f 1884 1981 1982
f 1884 1982 1983
f 1884 1983 1984
f 1884 1984 1885
f 1885 1984 1886
f 1886 1984 1985
f 1886 1985 1986
f 1886 1986 1888
f 1888 1986 1889
f 1889 1986 1987
f 1889 1987 1988
f 1889 1988 1890
f 1890 1988 1989
f 1890 1989 1891
f 1891 1989 1990
f 1891 1990 1991
f 1891 1991 1892
f 1892 1991 1894
f 1892 1894 1893
f 1894 1992 1993
f 1894 1993 1895
f 1894 1991 1994
f 1894 1994 1992
f 1895 1993 1896
f 1896 1993 1995
f 1896 1995 1897
f 1897 1995 1996
f 1897 1996 1898
f 1898 1996 1997
f 1898 1997 1899
f 1899 1998 1999
f 1899 1999 1900
f 1899 1997 1998
f 1900 1999 2000
f 1900 2000 1901
f 1901 2000 1902
f 1902 2000 2001
f 1902 2001 2002
f 1902 2002 1903
f 1903 2002 2003
f 1903 2003 2004
f 1903 2004 1904
f 1904 2004 1907
f 1904 1907 1905
f 1906 1907 2005
f 1906 2005 2006
f 1906 2006 1908
f 1907 2004 2005
f 1908 2006 1909
f 1910 1914 1913
f 1910 1913 1911
f 1910 2006 1915
f 1910 1915 1914
f 1915 2006 2005
f 1915 2005 2007
f 1915 2007 1916
f 1916 1927 1922
f 1916 1922 1921
f 1916 1921 2008
f 1916 2008 1917
f 1916 2007 2009
f 1916 2009 1924
f 1916 1924 1923
f 1917 2008 1919
f 1917 1919 1918
f 1919 2008 1921
f 1924 2009 2010
f 1924 2010 1925
f 1925 1928 1926
f 1925 2010 2068
f 1925 2068 2011
f 1925 2011 2012
f 1925 2012 1928
f 1928 2012 1929
f 1929 2012 2013
f 1929 2013 1930
f 1930 2013 1931
f 1931 2013 1932
f 1932 2013 2014
f 1932 2014 1938
f 1932 1938 1934
f 1932 1934 1933
f 1935 2015 2016
f 1935 2016 1936
f 1935 1938 2015
f 1936 2016 2017
f 1936 2017 1939
f 1936 1939 1937
f 1938 2014 2015
f 1939 2017 2018
f 1939 2018 2019
f 1939 2019 1940
f 1940 2019 2020
f 1940 2020 2021
f 1940 2021 1941
f 1941 2021 1942
f 1942 1944 1943
f 1942 2021 2022
f 1942 2022 1945
f 1945 2022 1946
f 1946 2022 2023
f 1946 2023 2024
f 1946 2024 2025
f 1946 2025 2026
f 1946 2026 2027
f 1946 2027 1948
f 1947 1955 2028
f 1947 2028 1957
f 1948 2027 1989
f 1948 1989 1988
f 1948 1988 1950
f 1948 1950 1949
f 1950 1988 1987
f 1950 1987 2029
f 1950 2029 1951
f 1951 2029 1952
f 1952 2029 2030
f 1952 2030 2031
f 1952 2031 1953
f 1953 2031 1954
f 1954 2031 2032
f 1954 2032 1955
f 1955 2032 2028
f 1957 2028 2033
f 1957 2033 2034
f 1957 2034 2035
f 1957 2035 1958
f 1958 2035 2036
f 1958 2036 2042
f 1958 2042 1968
f 1961 1965 1964
f 1961 1964 2037
f 1961 2037 1973
f 1961 1973 1972
f 1961 1972 1971
f 1962 1967 2038
f 1962 2038 1963
f 1963 2037 1964
f 1963 2038 2039
f 1963 2039 2037
f 1966 1968 2040
f 1966 2040 1967
f 1967 2040 2041
f 1967 2041 2039
f 1967 2039 2038
f 1968 2042 2043
f 1968 2043 2040
f 1973 2037 1974
f 1974 2037 2044
f 1974 2044 2045
f 1974 2045 1977
f 1975 2046 1976
f 1975 1977 2045
f 1975 2045 2047
f 1975 2047 2048
f 1975 2048 2046
f 1976 2046 2049
f 1976 2049 1978
f 1978 2049 1979
f 1979 2049 2050
f 1979 2050 2051
f 1979 2051 2052
f 1979 2052 1981
f 1979 1981 1980
f 1981 2052 1982
f 1982 2052 2053
f 1982 2053 2054
f 1982 2054 2055
f 1982 2055 1983
f 1983 2055 2056
f 1983 2056 1985
f 1983 1985 1984
f 1985 2056 1986
f 1986 2030 1987
f 1986 2056 2030
f 1987 2030 2029
f 1989 2027 1990
f 1990 2027 2026
f 1990 2026 1991
f 1991 2026 2057
f 1991 2057 1994
f 1992 2058 2059
f 1992 2059 2060
f 1992 2060 1993
f 1992 1994 2058
f 1993 2060 2061
f 1993 2061 1995
f 1994 2057 2024
f 1994 2024 2058
f 1995 2061 2062
f 1995 2062 2063
f 1995 2063 1996
f 1996 2063 2062
f 1996 2062 2064
f 1996 2064 1998
f 1996 1998 1997
f 1998 2064 2065
f 1998 2065 1999
f 1999 2065 2066
f 1999 2066 2001
f 1999 2001 2000
f 2001 2067 2068
f 2001 2068 2002
f 2001 2066 2069
f 2001 2069 2067
f 2002 2068 2003
f 2003 2068 2004
f 2004 2010 2009
f 2004 2009 2005
f 2004 2068 2010
f 2005 2009 2007
f 2011 2070 2012
f 2011 2068 2067
f 2011 2067 2071
f 2011 2071 2072
f 2011 2072 2070
f 2012 2070 2013
f 2013 2070 2072
f 2013 2072 2014
f 2014 2072 2073
f 2014 2073 2074
f 2014 2074 2015
f 2015 2074 2075
f 2015 2075 2076
f 2015 2076 2016
f 2016 2076 2017
f 2017 2076 2077
f 2017 2077 2018
f 2018 2077 2078
f 2018 2078 2019
f 2019 2078 2062
f 2019 2062 2079
f 2019 2079 2060
f 2019 2060 2020
f 2020 2060 2059
f 2020 2059 2021
f 2021 2059 2080
f 2021 2080 2024
f 2021 2024 2023
f 2021 2023 2022
f 2024 2026 2025
f 2024 2080 2058
f 2024 2057 2026
f 2028 2032 2054
f 2028 2054 2081
f 2028 2081 2033
f 2030 2056 2031
f 2031 2056 2082
f 2031 2082 2032
f 2032 2082 2054
f 2033 2081 2083
f 2033 2083 2034
f 2034 2083 2084
f 2034 2084 2085
f 2034 2085 2086
f 2034 2086 2035
f 2035 2086 2036
f 2036 2086 2042
f 2037 2039 2044
f 2039 2041 2047
f 2039 2047 2044
f 2040 2043 2087
f 2040 2087 2088
f 2040 2088 2089
f 2040 2089 2090
f 2040 2090 2041
f 2041 2090 2091
f 2041 2091 2047
f 2042 2088 2043
f 2042 2086 2092
f 2042 2092 2088
f 2043 2088 2087
f 2044 2047 2045
f 2046 2048 2093
f 2046 2093 2094
f 2046 2094 2050
f 2046 2050 2049
f 2047 2091 2095
f 2047 2095 2048
f 2048 2095 2093
f 2050 2094 2096
f 2050 2096 2051
f 2051 2096 2052
f 2052 2096 2097
f 2052 2097 2053
f 2053 2097 2084
f 2053 2084 2098
f 2053 2098 2054
f 2054 2082 2055
f 2054 2098 2081
f 2055 2082 2056
f 2058 2080 2059
f 2060 2079 2061
f 2061 2079 2062
f 2062 2078 2064
f 2064 2099 2065
f 2064 2078 2099
f 2065 2099 2069
f 2065 2069 2066
f 2067 2069 2071
f 2069 2099 2071
f 2071 2073 2072
f 2071 2099 2074
f 2071 2074 2073
f 2074 2099 2100
f 2074 2100 2075
f 2075 2100 2101
f 2075 2101 2076
f 2076 2101 2078
f 2076 2078 2077
f 2078 2101 2099
f 2081 2098 2083
f 2083 2098 2084
f 2084 2097 2085
f 2085 2097 2096
f 2085 2096 2086
f 2086 2096 2094
f 2086 2094 2092
f 2088 2102 2089
f 2088 2092 2103
f 2088 2103 2093
f 2088 2093 2104
f 2088 2104 2102
f 2089 2102 2090
f 2090 2102 2091
f 2091 2102 2095
f 2092 2094 2103
f 2093 2095 2104
f 2093 2103 2094
f 2095 2102 2104
f 2099 2101 2100

