scan_index,x_m,y_m,method,strict_pose,coarse_clear,screened_pass,max_speed,max_step,max_acceleration,max_position_error_m,max_rotation_error_rad,joint_limit_ok,max_speed_joint,min_joint_margin_rad
1410,0.42,0.04,baseline,True,True,False,10.564470103868954,0.3521490034622985,96.7981601122764,3.1470465751267364e-15,1.777720330527304e-14,True,3,0.14141940458714908
1410,0.42,0.04,local,True,True,False,10.564470103869342,0.35214900346231137,96.79816011225954,3.1600567714378123e-15,1.7919654780111933e-14,True,3,0.14141940458714908
1410,0.42,0.04,multistart,True,False,False,2.303292155972887,0.07677640519909623,30.360838994857044,3.4022947164737277e-15,2.6270877979897623e-14,True,1,0.14141940458714997
1410,0.42,0.04,graph,True,False,False,2.303292155972887,0.07677640519909623,30.36083899486144,5.003880755372175e-15,2.859055540432734e-14,True,1,0.1414194045871504
1410,0.42,0.04,best,True,False,False,2.303292155972887,0.07677640519909623,30.360838994855843,4.7192845294481275e-15,2.5825174192537218e-14,True,1,0.14141940458714997
1410,0.42,0.04,screened_graph,True,True,True,7.614156650179069,0.25380522167263564,54.56445852007006,4.032930638861069e-15,2.0649112627547832e-14,True,3,0.14141940458714908
1410,0.42,0.04,screened_best,True,True,True,7.614156650179063,0.2538052216726354,54.564458520116624,2.4410807844442014e-15,2.168947536816933e-14,True,3,0.14141940458714997
1410,0.42,0.04,bounded_attempt,True,True,True,7.614156650188029,0.2538052216729343,54.56445852164985,1.20426102975794e-13,4.180863137358576e-12,True,3,0.14141940458689195
1410,0.42,0.04,selected,True,True,True,7.614156650179063,0.2538052216726354,54.564458520116624,2.4410807844442014e-15,2.168947536816933e-14,True,3,0.14141940458714997
1411,0.44,0.04,baseline,True,True,False,11.15602421443115,0.3718674738143717,106.2291801252063,3.138413463811582e-15,1.9426339530949773e-14,True,3,0.20280699055395823
1411,0.44,0.04,local,True,True,False,11.156024214431698,0.3718674738143899,106.22918012518096,3.1833589056123863e-15,1.964037458056976e-14,True,3,0.20280699055395823
1411,0.44,0.04,multistart,True,False,False,2.129441327612933,0.07098137758709777,30.164563637138333,2.9350208863828956e-15,2.3227026975911487e-14,True,1,0.2028069905539578
1411,0.44,0.04,graph,True,False,False,2.129441327612933,0.07098137758709777,30.164563637138333,2.9350208863828956e-15,2.3227026975911487e-14,True,1,0.2028069905539578
1411,0.44,0.04,best,True,False,False,2.129441327612933,0.07098137758709777,30.164563637138333,2.9350208863828956e-15,2.3227026975911487e-14,True,1,0.2028069905539578
1411,0.44,0.04,screened_graph,True,True,True,7.87873275196892,0.26262442506563066,61.63972411757843,6.226415305517767e-15,2.6229270296584268e-14,True,3,0.2028069905539578
1411,0.44,0.04,screened_best,True,True,True,7.87873275196892,0.26262442506563066,61.63972411757843,6.226415305517767e-15,2.6229270296584268e-14,True,3,0.2028069905539578
1411,0.44,0.04,bounded_attempt,True,True,True,7.878732751970259,0.2626244250656753,61.639724121875396,1.2727312885558919e-13,3.448019930056692e-12,True,3,0.20280699055394757
1411,0.44,0.04,selected,True,True,True,7.87873275196892,0.26262442506563066,61.63972411757843,6.226415305517767e-15,2.6229270296584268e-14,True,3,0.2028069905539578
1412,0.46,0.04,baseline,True,True,False,11.787411025051895,0.39291370083506316,110.64673941586047,4.154017676453206e-15,2.921282891091437e-14,True,3,0.26593664505255976
1412,0.46,0.04,local,True,True,False,11.787411025053,0.3929137008351,110.64673941582913,4.077803224757099e-15,2.921282891091437e-14,True,3,0.26593664505255976
1412,0.46,0.04,multistart,True,False,False,1.9861428358817967,0.06620476119605989,29.983600181208914,2.2472269701626448e-15,1.8485369640742463e-14,True,1,0.26593664505255976
1412,0.46,0.04,graph,True,False,False,1.9861428358817967,0.06620476119605989,29.983600181208914,2.2472269701626448e-15,1.8485369640742463e-14,True,1,0.26593664505255976
1412,0.46,0.04,best,True,False,False,1.9861428358817967,0.06620476119605989,29.983600181208914,2.2472269701626448e-15,1.8485369640742463e-14,True,1,0.26593664505255976
1412,0.46,0.04,screened_graph,True,True,True,8.435698397781657,0.2811899465927219,66.85737878672353,2.6576258055101478e-15,1.470452564790945e-14,True,3,0.2659366450525602
1412,0.46,0.04,screened_best,True,True,True,8.435698397781657,0.2811899465927219,66.85737878671314,6.3439707955558585e-15,4.648366062037742e-14,True,3,0.2659366450525602
1412,0.46,0.04,bounded_attempt,True,True,True,8.435698397781284,0.28118994659270946,66.85737878672553,7.047733121814664e-14,1.4855449181389803e-12,True,3,0.26593664505255754
1412,0.46,0.04,selected,True,True,True,8.435698397781284,0.28118994659270946,66.85737878672553,7.047733121814664e-14,1.4855449181389803e-12,True,3,0.26593664505255754
1413,0.48,0.04,baseline,True,True,False,12.541201288393077,0.41804004294643593,126.34184232311944,1.6690295999013937e-15,1.7159719020573255e-14,True,3,0.33073863118988145
1413,0.48,0.04,local,True,True,False,12.541201288394618,0.4180400429464872,126.34184232306613,3.9437403574705793e-16,2.0177160777614643e-15,True,3,0.33073863118988145
1413,0.48,0.04,multistart,True,False,False,1.8596504174521122,0.06198834724840374,29.838993001690508,5.961329711299964e-15,3.917826236948791e-14,True,1,0.330738631189881
1413,0.48,0.04,graph,True,False,False,1.8596504174521122,0.06198834724840374,30.132120461072276,6.438579425245524e-15,3.983781932610254e-14,True,1,0.33073863118988145
1413,0.48,0.04,best,True,False,False,1.8596504174521122,0.06198834724840374,29.838993001690508,5.961329711299964e-15,3.917826236948791e-14,True,1,0.330738631189881
1413,0.48,0.04,screened_graph,True,True,True,8.72979074624668,0.2909930248748893,68.51874545174095,7.473739573472628e-16,3.2813050013083197e-15,True,3,0.330738631189881
1413,0.48,0.04,screened_best,True,True,True,8.72979074624668,0.2909930248748893,68.51874545174095,7.473739573472628e-16,3.2813050013083197e-15,True,3,0.330738631189881
1413,0.48,0.04,bounded_attempt,True,True,True,8.729790746018862,0.2909930248672954,68.51874545671319,5.6725044830581844e-14,1.6074033057183635e-12,True,3,0.33073863118988056
1413,0.48,0.04,selected,True,True,True,8.729790746018862,0.2909930248672954,68.51874545671319,5.6725044830581844e-14,1.6074033057183635e-12,True,3,0.33073863118988056
1414,0.5,0.04,baseline,True,True,False,12.568989654304714,0.41896632181015714,133.53813226270603,3.645296024714182e-15,1.3431444406911904e-14,True,3,0.39718584908740695
1414,0.5,0.04,local,True,True,False,12.568989654308345,0.41896632181027815,133.53813226259564,9.992007221626409e-16,6.310092351646463e-15,True,3,0.39718584908740695
1414,0.5,0.04,multistart,True,False,False,1.7540152989109714,0.058467176630365714,29.743580721079834,7.56420915395694e-15,4.7961494746308423e-14,True,4,0.39718584908740695
1414,0.5,0.04,graph,True,False,False,1.7540152989109714,0.058467176630365714,29.743580721079834,7.56420915395694e-15,4.7961494746308423e-14,True,4,0.39718584908740695
1414,0.5,0.04,best,True,False,False,1.7540152989109714,0.058467176630365714,29.743580721079333,2.1628906287602126e-15,2.8777758322719754e-15,True,4,0.3971858490874074
1414,0.5,0.04,screened_graph,True,True,True,8.745222937838493,0.2915074312612831,70.67255527176931,9.248272748477802e-16,5.709913140567452e-15,True,3,0.39718584908740695
1414,0.5,0.04,screened_best,True,True,True,8.745222937838493,0.2915074312612831,70.67255527176931,9.248272748477802e-16,5.709913140567452e-15,True,3,0.39718584908740695
1414,0.5,0.04,bounded_attempt,True,True,True,8.745222937268935,0.29150743124229783,70.67255527304661,7.333325402547078e-14,3.1007934546760602e-12,True,3,0.3971858490874065
1414,0.5,0.04,selected,True,True,True,8.745222937268935,0.29150743124229783,70.67255527304661,7.333325402547078e-14,3.1007934546760602e-12,True,3,0.3971858490874065
1415,0.52,0.04,baseline,True,True,False,12.196877672512889,0.40656258908376297,130.00668233953684,3.789017310258718e-15,2.5430065239157654e-14,True,3,0.46530332497533866
1415,0.52,0.04,local,True,True,False,12.196877672510913,0.4065625890836971,130.00668233939746,3.789017310258718e-15,2.5430065239157654e-14,True,3,0.46530332497533866
1415,0.52,0.04,multistart,True,False,False,1.7068086788625525,0.05689362262875175,29.70566403104211,7.58404280025702e-15,4.590836042553245e-14,True,4,0.4653033249753382
1415,0.52,0.04,graph,True,False,False,1.7068086788625525,0.05689362262875175,29.70566403104211,7.58404280025702e-15,4.590836042553245e-14,True,4,0.4653033249753382
1415,0.52,0.04,best,True,False,False,1.7068086788625525,0.05689362262875175,29.70566403104211,7.58404280025702e-15,4.590836042553245e-14,True,4,0.4653033249753382
1415,0.52,0.04,screened_graph,True,True,True,8.812964634330603,0.2937654878110201,75.08752564208376,3.99435063477674e-15,3.309741097483852e-14,True,3,0.46530332497533866
1415,0.52,0.04,screened_best,True,True,True,8.812964634093273,0.29376548780310907,75.08752564172394,5.413264467061573e-14,8.82208456028147e-13,True,3,0.4653033249753391
1415,0.52,0.04,bounded_attempt,True,True,True,8.812964634484413,0.2937654878161471,75.08752563218826,1.0760512407381286e-13,2.655894628028379e-12,True,3,0.4653033249753391
1415,0.52,0.04,selected,True,True,True,8.812964634093273,0.29376548780310907,75.08752564172394,5.413264467061573e-14,8.82208456028147e-13,True,3,0.4653033249753391
1416,0.54,0.04,baseline,True,True,False,12.632697284294904,0.4210899094764968,130.67502431790126,4.619198271115595e-15,1.9325297110456877e-14,True,3,0.5351612766338278
1416,0.54,0.04,local,True,True,False,12.632697284294915,0.42108990947649716,130.67502431789407,4.619198271115595e-15,1.9325297110456877e-14,True,3,0.5351612766338278
1416,0.54,0.04,multistart,True,False,False,1.6591424647615582,0.055304748825385275,29.73124989191569,8.331670079869139e-15,4.853760256797873e-14,True,4,0.5351612766338278
1416,0.54,0.04,graph,True,False,False,1.6591424647615582,0.055304748825385275,29.73124989191569,8.331670079869139e-15,4.853760256797873e-14,True,4,0.5351612766338278
1416,0.54,0.04,best,True,False,False,1.6591424647615582,0.055304748825385275,29.73124989191569,8.331670079869139e-15,4.853760256797873e-14,True,4,0.5351612766338278
1416,0.54,0.04,screened_graph,True,True,True,9.03473048297562,0.301157682765854,77.61105206622338,4.557585740768223e-15,3.247407597759859e-14,True,3,0.5351612766338278
1416,0.54,0.04,screened_best,True,True,True,9.03473048297562,0.301157682765854,77.61105206622338,4.557585740768223e-15,3.247407597759859e-14,True,3,0.5351612766338278
1416,0.54,0.04,bounded_attempt,True,True,True,9.03473048145762,0.301157682715254,77.61105211199677,1.0891990017666915e-13,4.901645969310588e-12,True,3,0.5351612766338278
1416,0.54,0.04,selected,True,True,True,9.03473048145762,0.301157682715254,77.61105211199677,1.0891990017666915e-13,4.901645969310588e-12,True,3,0.5351612766338278
1417,0.56,0.04,baseline,True,True,False,12.719011454291547,0.4239670484763849,129.75294611239076,1.0311672620366654e-15,4.89561777969893e-15,True,3,0.6068723618766545
1417,0.56,0.04,local,True,True,False,12.719011454291667,0.4239670484763889,129.75294611238795,1.0311672620366654e-15,4.89561777969893e-15,True,3,0.6068723618766545
1417,0.56,0.04,multistart,True,False,False,1.6179035679775877,0.05393011893258626,29.82547986925068,1.973770779879594e-15,9.613862544949236e-15,True,3,0.6068723618766549
1417,0.56,0.04,graph,True,False,False,1.6179035679775877,0.05393011893258626,29.82547986925068,1.973770779879594e-15,9.613862544949236e-15,True,3,0.6068723618766549
1417,0.56,0.04,best,True,False,False,1.6179035679775877,0.05393011893258626,29.82547986925068,1.973770779879594e-15,9.613862544949236e-15,True,3,0.6068723618766549
1417,0.56,0.04,screened_graph,True,True,True,9.13919093701448,0.3046396979004826,78.81903571881409,2.377523169989872e-15,1.2789609854616648e-14,True,3,0.6068723618766549
1417,0.56,0.04,screened_best,True,True,True,9.13919093701448,0.3046396979004826,78.81903571881409,2.377523169989872e-15,1.2789609854616648e-14,True,3,0.6068723618766549
1417,0.56,0.04,bounded_attempt,True,True,True,9.139190937019174,0.30463969790063916,78.81903571852891,1.8114742728455885e-14,5.553549326644277e-13,True,3,0.6068723618766549
1417,0.56,0.04,selected,True,True,True,9.13919093701448,0.3046396979004826,78.81903571881409,2.377523169989872e-15,1.2789609854616648e-14,True,3,0.6068723618766549
1418,0.58,0.04,baseline,True,True,False,12.603072831501608,0.42010242771672024,127.18340715909213,7.186446629938817e-16,3.452492078014157e-15,True,3,0.6805924111106192
1418,0.58,0.04,local,True,True,False,12.603072831501667,0.42010242771672224,127.18340715908813,7.186446629938817e-16,3.452492078014157e-15,True,3,0.6805924111106192
1418,0.58,0.04,multistart,True,False,False,1.6306073954355416,0.054353579847851385,29.99360699332705,8.867070227625484e-15,5.007286789569856e-14,True,3,0.6805924111106194
1418,0.58,0.04,graph,True,False,False,1.6306073954355416,0.054353579847851385,29.99360699332705,7.602963497468137e-15,4.628784101710996e-14,True,3,0.6805924111106183
1418,0.58,0.04,best,True,False,False,1.6306073954355416,0.054353579847851385,29.99360699332695,1.0061522974134204e-14,5.2764450203773646e-14,True,3,0.6805924111106192
1418,0.58,0.04,screened_graph,True,True,True,9.181371052646284,0.3060457017548761,79.36304212585314,7.426821842439766e-15,4.34362077883553e-14,True,3,0.6805924111106187
1418,0.58,0.04,screened_best,True,True,True,9.181371052646284,0.3060457017548761,79.36304212585314,7.426821842439766e-15,4.34362077883553e-14,True,3,0.6805924111106187
1418,0.58,0.04,bounded_attempt,True,True,True,9.181371052651912,0.30604570175506374,79.36304212547346,3.0003716260329196e-14,9.889026110692785e-13,True,3,0.6805924111106187
1418,0.58,0.04,selected,True,True,True,9.181371052646284,0.3060457017548761,79.36304212585314,7.426821842439766e-15,4.34362077883553e-14,True,3,0.6805924111106187
1419,0.6,0.04,baseline,True,True,False,12.356507165879737,0.41188357219599125,124.02518848937487,1.197376464964327e-15,3.96716280375088e-15,True,3,0.7561151401999899
1419,0.6,0.04,local,True,True,False,12.356507165879664,0.4118835721959888,124.02518848937567,6.245871815029404e-16,2.62410413803071e-15,True,3,0.7561151401999899
1419,0.6,0.04,multistart,True,False,False,1.6465779958610716,0.05488593319536905,30.241747854893486,4.885045374422589e-15,2.790701668986642e-14,True,3,0.7561151401999897
1419,0.6,0.04,graph,True,False,False,1.646577995861065,0.05488593319536883,30.241747854893486,1.0834389585943728e-14,3.8378660244284384e-14,True,3,0.7561151401999904
1419,0.6,0.04,best,True,False,False,1.646577995861065,0.05488593319536883,30.241747854893486,1.0834389585943728e-14,3.8378660244284384e-14,True,3,0.7561151401999904
1419,0.6,0.04,screened_graph,True,True,True,9.181848374213375,0.30606161247377917,79.4915093643131,5.193652289621837e-15,2.86008220186612e-14,True,3,0.7361605535738409
1419,0.6,0.04,screened_best,True,True,True,9.181848374213375,0.30606161247377917,79.4915093643131,5.193652289621837e-15,2.86008220186612e-14,True,3,0.7361605535738409
1419,0.6,0.04,bounded_attempt,True,True,True,9.181848374227284,0.3060616124742428,79.49150936379313,6.198575250114692e-14,1.8991166593169268e-12,True,3,0.7361605535737228
1419,0.6,0.04,selected,True,True,True,9.181848374213375,0.30606161247377917,79.4915093643131,5.193652289621837e-15,2.86008220186612e-14,True,3,0.7361605535738409
1420,0.62,0.04,baseline,True,True,False,11.956668568509743,0.39855561895032476,119.01601700646533,5.036743249531999e-15,1.9138674472377048e-14,True,3,0.8340123354718836
1420,0.62,0.04,local,True,True,False,11.95666856850971,0.39855561895032365,119.01601700646656,5.036743249531999e-15,1.9138674472377048e-14,True,3,0.8340123354718836
1420,0.62,0.04,multistart,True,False,False,1.6665575637959495,0.05555191879319832,30.577562910252087,4.388547321394743e-15,2.663883754645526e-14,True,3,0.8340123354718849
1420,0.62,0.04,graph,True,False,False,1.6665575637959495,0.05555191879319832,30.577562910252087,4.388547321394743e-15,2.663883754645526e-14,True,3,0.8340123354718849
1420,0.62,0.04,best,True,False,False,1.6665575637959495,0.05555191879319832,30.577562910252087,4.388547321394743e-15,2.663883754645526e-14,True,3,0.8340123354718849
1420,0.62,0.04,screened_graph,True,True,True,9.11860512501316,0.3039535041671053,78.8704091936133,4.710277376051325e-16,1.6465742662729683e-15,True,3,0.8340123354718845
1420,0.62,0.04,screened_best,True,True,True,9.11860512501316,0.3039535041671053,78.8704091936133,4.710277376051325e-16,1.6465742662729683e-15,True,3,0.8340123354718845
1420,0.62,0.04,bounded_attempt,True,True,True,9.118605123455625,0.3039535041151875,78.87040924126238,1.0111037109521658e-13,4.88949813429712e-12,True,3,0.8340123354718838
1420,0.62,0.04,selected,True,True,True,9.118605123455625,0.3039535041151875,78.87040924126238,1.0111037109521658e-13,4.88949813429712e-12,True,3,0.8340123354718838
1421,0.64,0.04,baseline,True,True,False,11.323534993184193,0.3774511664394731,112.75385384220633,5.630774521278122e-16,2.9856724070610326e-15,True,3,0.9147171826440004
1421,0.64,0.04,local,True,True,False,11.323534993184172,0.3774511664394724,112.75385384220577,5.630774521278122e-16,2.9856724070610326e-15,True,3,0.9147171826440004
1421,0.64,0.04,multistart,True,False,False,1.6913781718127918,0.05637927239375973,31.010983626785737,9.675717169539017e-15,5.770359315661533e-14,True,3,0.9147171826440015
1421,0.64,0.04,graph,True,False,False,1.6913781718127885,0.056379272393759616,31.010983626786036,5.99321629937303e-15,1.650220259313026e-14,True,3,0.914717182644001
1421,0.64,0.04,best,True,False,False,1.6913781718127885,0.056379272393759616,31.010983626786036,5.99321629937303e-15,1.650220259313026e-14,True,3,0.914717182644001
1421,0.64,0.04,screened_graph,True,True,True,8.933539811187146,0.29778466037290485,76.77303341601132,9.381120239983248e-15,1.4140878127306551e-13,True,3,0.13765999047138422
1421,0.64,0.04,screened_best,True,True,True,8.933539811187146,0.29778466037290485,76.77303341601132,9.381120239983248e-15,1.4140878127306551e-13,True,3,0.13765999047138422
1421,0.64,0.04,bounded_attempt,True,True,True,8.933539812203673,0.2977846604067891,76.77303341199573,6.460123922037558e-14,3.068611094461501e-12,True,3,0.13765999047140998
1421,0.64,0.04,selected,True,True,True,8.933539811187146,0.29778466037290485,76.77303341601132,9.381120239983248e-15,1.4140878127306551e-13,True,3,0.13765999047138422
1422,0.66,0.04,baseline,True,True,False,11.510026157545541,0.38366753858485136,113.82121014319293,1.329970755006984e-15,7.338903483090065e-15,True,3,0.9986318798421969
1422,0.66,0.04,local,True,True,False,11.510026157545575,0.3836675385848525,113.82121014318612,1.329970755006984e-15,7.338903483090065e-15,True,3,0.9986318798421969
1422,0.66,0.04,multistart,True,False,False,1.7220502240067503,0.057401674133558345,31.555095184635864,1.0078391667385244e-14,5.943465412763732e-14,True,3,0.9986318798421971
1422,0.66,0.04,graph,True,False,False,1.7220502240067503,0.057401674133558345,31.555095184635864,1.0078391667385244e-14,5.943465412763732e-14,True,3,0.9986318798421971
1422,0.66,0.04,best,True,False,False,1.7220502240067503,0.057401674133558345,31.555095184635864,1.0078391667385244e-14,5.943465412763732e-14,True,3,0.9986318798421971
1422,0.66,0.04,screened_graph,True,True,True,9.045972569149345,0.30153241897164484,76.36111466447116,4.632855027873338e-15,1.5595508965324696e-14,True,3,0.14074245052825507
1422,0.66,0.04,screened_best,True,True,True,9.045972569145436,0.3015324189715145,76.3611146644728,7.205016082747651e-15,2.7460899308200698e-14,True,3,0.9986318798421965
1422,0.66,0.04,bounded_attempt,True,True,True,9.045972569866253,0.30153241899554173,76.36111464314443,6.102011734548307e-14,2.5439143641589122e-12,True,3,0.9986318798421974
1422,0.66,0.04,selected,True,True,True,9.045972569145436,0.3015324189715145,76.3611146644728,7.205016082747651e-15,2.7460899308200698e-14,True,3,0.9986318798421965
1423,0.68,0.04,baseline,True,True,False,11.34203342196292,0.37806778073209735,108.14196406441249,3.444376352465766e-16,2.7475101381872942e-15,True,3,1.0862732121120453
1423,0.68,0.04,local,True,True,False,11.342033421962947,0.37806778073209824,108.14196406442973,3.444376352465766e-16,5.727425405692821e-16,True,3,1.0862732121120453
1423,0.68,0.04,multistart,True,False,False,1.7598803428335807,0.05866267809445269,32.22728222910468,8.334281752888474e-15,3.959063432152602e-14,True,3,1.0862732121120455
1423,0.68,0.04,graph,True,False,False,1.7598803428335774,0.05866267809445258,32.22728222910498,5.3958009743958056e-15,1.1497819717371042e-14,True,3,1.0862732121120453
1423,0.68,0.04,best,True,False,False,1.7598803428335774,0.05866267809445258,32.22728222910498,5.3958009743958056e-15,1.1497819717371042e-14,True,3,1.0862732121120453
1423,0.68,0.04,screened_graph,True,True,True,9.123840869703075,0.3041280289901025,75.98002770345529,3.661871007402948e-15,2.3000658196813745e-14,True,3,0.635672300587224
1423,0.68,0.04,screened_best,True,True,True,9.123840869703042,0.3041280289901014,75.98002770324905,1.65614768887356e-15,1.370308671586441e-14,True,3,0.14588303432241911
1423,0.68,0.04,bounded_attempt,True,True,True,9.123840869703121,0.30412802899010405,75.9800277034599,4.8029899352543956e-14,8.576114827005777e-13,True,3,0.14588303432242
1423,0.68,0.04,selected,True,True,True,9.123840869703042,0.3041280289901014,75.98002770324905,1.65614768887356e-15,1.370308671586441e-14,True,3,0.14588303432241911
1424,0.7000000000000001,0.04,baseline,True,True,False,10.645107424581264,0.3548369141527088,96.74960798037155,4.475989973903898e-16,3.675371446340639e-15,True,3,1.1783166521052153
1424,0.7000000000000001,0.04,local,True,True,False,10.645107424581234,0.3548369141527078,96.74960798035882,2.61868560698565e-16,3.675371446340639e-15,True,3,1.1783166521052153
1424,0.7000000000000001,0.04,multistart,True,False,False,1.8066498092422156,0.060221660308073854,33.050708175524115,5.585701844806365e-16,6.8604749633081755e-16,True,3,1.1783166521052149
1424,0.7000000000000001,0.04,graph,True,False,False,1.8066498092422156,0.060221660308073854,33.050708175524115,5.585701844806365e-16,6.8604749633081755e-16,True,3,1.1783166521052149
1424,0.7000000000000001,0.04,best,True,False,False,1.8066498092422156,0.060221660308073854,33.050708175524115,6.5449771898804456e-15,5.120519508887223e-14,True,3,1.178316652105213
1424,0.7000000000000001,0.04,screened_graph,True,True,True,8.886332626357351,0.29621108754524506,73.34759892476188,5.640599496620651e-16,2.4373608347735942e-15,True,3,0.5940817206322491
1424,0.7000000000000001,0.04,screened_best,True,True,True,8.886332626357351,0.29621108754524506,73.34759892476188,5.640599496620651e-16,2.4373608347735942e-15,True,3,0.5940817206322491
1424,0.7000000000000001,0.04,bounded_attempt,True,True,True,8.886332626357245,0.2962110875452415,73.3475988983638,4.239099727969785e-14,1.754569086660473e-12,True,3,0.594081720631702
1424,0.7000000000000001,0.04,selected,True,True,True,8.886332626357245,0.2962110875452415,73.3475988983638,4.239099727969785e-14,1.754569086660473e-12,True,3,0.594081720631702
1425,0.72,0.04,baseline,True,True,False,10.341540190779702,0.34471800635932337,93.06137185827713,1.9499927750540747e-15,1.483902012812231e-14,True,3,1.2756674224284597
1425,0.72,0.04,local,True,True,False,10.341540190779321,0.3447180063593107,93.06137185827951,1.9262180756404927e-15,6.79445773195837e-15,True,3,1.2756674224284592
1425,0.72,0.04,multistart,True,False,False,1.8649131252034579,0.06216377084011526,34.05593718156923,6.92983967904791e-15,3.958054934665972e-14,True,3,1.2756674224284583
1425,0.72,0.04,graph,True,False,False,1.8649131252034579,0.06216377084011526,34.05593718156923,6.92983967904791e-15,3.958054934665972e-14,True,3,1.2756674224284583
1425,0.72,0.04,best,True,False,False,1.8649131252034579,0.06216377084011526,34.05593718156923,1.5846328551550124e-14,7.463706271208932e-14,True,3,1.2756674224284585
1425,0.72,0.04,screened_graph,True,True,True,8.685950383399614,0.2895316794466538,72.58062279721128,5.795949711218547e-16,3.0568347912898636e-15,True,3,1.0711612934675774
1425,0.72,0.04,screened_best,True,True,True,8.685950383394099,0.28953167944646996,72.58062279731479,2.5455268685393577e-15,2.5289949750646023e-14,True,3,0.1668350500724971
1425,0.72,0.04,bounded_attempt,True,True,True,8.685950383407501,0.2895316794469167,72.58062280343208,5.306086474963013e-14,1.373649324199793e-12,True,3,0.16683505007249888
1425,0.72,0.04,selected,True,True,True,8.685950383394099,0.28953167944646996,72.58062279731479,2.5455268685393577e-15,2.5289949750646023e-14,True,3,0.1668350500724971
1445,0.4,0.06,baseline,True,True,False,16.676798414027775,0.5558932804675925,175.79505640817655,5.276936431389225e-15,2.8305070496870888e-14,True,3,0.05713597795409209
1445,0.4,0.06,local,True,True,False,16.676798414027857,0.5558932804675952,175.79505640817553,5.276936431389225e-15,2.8305070496870888e-14,True,3,0.05713597795409209
1445,0.4,0.06,multistart,True,False,False,2.589084271768285,0.08630280905894283,31.950513857455267,3.8543047309953736e-14,4.4100567810611953e-13,True,1,0.057135977954376305
1445,0.4,0.06,graph,True,False,False,2.589084271768285,0.08630280905894283,31.950513857455267,3.8543047309953736e-14,4.4100567810611953e-13,True,1,0.057135977954376305
1445,0.4,0.06,best,True,False,False,2.589084271768285,0.08630280905894283,31.950513857455267,3.8543047309953736e-14,4.4100567810611953e-13,True,1,0.057135977954376305
1445,0.4,0.06,screened_graph,True,True,False,10.927930854156891,0.3642643618052297,98.74971193885891,5.444980597958611e-15,5.6543947839743545e-14,True,3,0.05713597795409209
1445,0.4,0.06,screened_best,True,True,False,10.927930854156712,0.3642643618052237,98.74971193886091,5.470102191730777e-15,5.829090435299637e-14,True,3,0.05713597795409209
1445,0.4,0.06,bounded_attempt,False,True,False,9.999999999999991,0.33333333333333304,148.49993063417497,0.0001938960816522306,0.005999406920516161,True,3,0.05713597795409209
1445,0.4,0.06,selected,True,True,False,10.927930854156712,0.3642643618052237,98.74971193886091,5.470102191730777e-15,5.829090435299637e-14,True,3,0.05713597795409209
1446,0.42,0.06,baseline,True,True,False,18.40882382691037,0.6136274608970124,252.75043668761165,3.0739926524619643e-15,1.754898622936783e-14,True,3,0.11984557096378268
1446,0.42,0.06,local,True,True,False,18.40882382691112,0.6136274608970373,252.7504366876109,3.1141953740824235e-15,1.7551751684889728e-14,True,3,0.11984557096378268
1446,0.42,0.06,multistart,True,False,False,2.3370663953680992,0.07790221317893664,31.43802069344468,4.362820920187087e-15,3.654041311389412e-14,True,1,0.11984557096378357
1446,0.42,0.06,graph,True,False,False,2.3370663953680992,0.07790221317893664,31.43802069344468,4.362820920187087e-15,3.654041311389412e-14,True,1,0.11984557096378357
1446,0.42,0.06,best,True,False,False,2.3370663953680992,0.07790221317893664,31.43802069344468,4.362820920187087e-15,3.654041311389412e-14,True,1,0.11984557096378357
1446,0.42,0.06,screened_graph,True,True,False,12.585306042388705,0.4195102014129568,125.04612835396054,1.1211199890982765e-15,1.888251436041862e-14,True,3,0.11984557096378401
1446,0.42,0.06,screened_best,True,True,False,12.58530604238868,0.419510201412956,125.04612835396121,3.332294980281256e-16,1.6966697498900563e-15,True,3,0.11984557096378401
1446,0.42,0.06,bounded_attempt,False,True,False,9.999999999999998,0.33333333333333326,174.26859407553258,0.00035066203927869907,0.011857356744777354,True,3,0.11984557096317738
1446,0.42,0.06,selected,True,True,False,12.58530604238868,0.419510201412956,125.04612835396121,3.332294980281256e-16,1.6966697498900563e-15,True,3,0.11984557096378401
1447,0.44,0.06,baseline,True,True,False,22.354529477666816,0.7451509825888939,313.34960921021946,2.3692029931849653e-15,1.362203718970053e-14,True,3,0.1839726747951751
1447,0.44,0.06,local,True,True,False,22.354529477666436,0.7451509825888811,313.34960921020956,2.243914268996476e-15,1.1792578260200624e-14,True,3,0.1839726747951751
1447,0.44,0.06,multistart,True,False,False,2.1632374180733427,0.07210791393577809,30.985507769754197,3.1347293201329464e-15,2.8263226681702265e-14,True,1,0.1839726747951751
1447,0.44,0.06,graph,True,False,False,2.1632374180733427,0.07210791393577809,30.985507769754197,3.1347293201329464e-15,2.8263226681702265e-14,True,1,0.1839726747951751
1447,0.44,0.06,best,True,False,False,2.1632374180733427,0.07210791393577809,30.985507769754197,3.1347293201329464e-15,2.8263226681702265e-14,True,1,0.1839726747951751
1447,0.44,0.06,screened_graph,True,True,False,13.839244332267409,0.4613081444089136,153.27287945382312,1.2462270837275282e-15,7.89655668948643e-15,True,3,0.18397267479517554
1447,0.44,0.06,screened_best,True,True,False,13.839244332267409,0.4613081444089136,153.27287945382312,1.2462270837275282e-15,7.89655668948643e-15,True,3,0.18397267479517554
1447,0.44,0.06,bounded_attempt,False,True,False,9.999999999999998,0.33333333333333326,128.80925815825915,0.00047607551558238127,0.016899815429260133,True,3,0.18397267479510537
1447,0.44,0.06,selected,True,True,False,13.839244332267409,0.4613081444089136,153.27287945382312,1.2462270837275282e-15,7.89655668948643e-15,True,3,0.18397267479517554
1448,0.46,0.06,baseline,True,True,False,25.05329877349392,0.835109959116464,399.90955268596787,3.4038811058108013e-15,1.470427565274379e-14,True,3,0.2489875566737223
1448,0.46,0.06,local,True,True,False,25.053298773493562,0.835109959116452,399.9095526859454,3.2249363238187374e-15,1.3566047230366805e-14,True,3,0.2489875566737223
1448,0.46,0.06,multistart,True,False,False,2.008737677721739,0.06695792259072464,30.608564493390713,8.7497443622843e-15,7.077771945081736e-14,True,1,0.24898755667372185
1448,0.46,0.06,graph,True,False,False,2.008737677721739,0.06695792259072464,30.608564493390713,8.7497443622843e-15,7.077771945081736e-14,True,1,0.24898755667372185
1448,0.46,0.06,best,True,False,False,2.008737677721739,0.06695792259072464,30.608564493390713,8.7497443622843e-15,7.077771945081736e-14,True,1,0.24898755667372185
1448,0.46,0.06,screened_graph,True,True,False,14.210249720299766,0.47367499067665886,168.82434183745883,3.600612372597865e-15,2.4954670521207313e-14,True,3,0.2489875566737223
1448,0.46,0.06,screened_best,True,True,False,14.210249720299766,0.47367499067665886,168.82434183745883,3.600612372597865e-15,2.4954670521207313e-14,True,3,0.2489875566737223
1448,0.46,0.06,bounded_attempt,False,True,False,9.999999999999991,0.33333333333333304,226.84367683027332,0.0005332141068556509,0.020394319310995432,True,3,0.24898755667371963
1448,0.46,0.06,selected,True,True,False,14.210249720299766,0.47367499067665886,168.82434183745883,3.600612372597865e-15,2.4954670521207313e-14,True,3,0.2489875566737223
1449,0.48,0.06,baseline,True,True,False,25.08658353255701,0.8362194510852337,493.9889578907181,2.7562834560814574e-15,1.9405093201802976e-14,True,3,0.31480456287309844
1449,0.48,0.06,local,True,True,False,25.086583532557007,0.8362194510852335,493.9889578907183,2.7562834560814574e-15,1.9405093201802976e-14,True,3,0.31480456287309844
1449,0.48,0.06,multistart,True,False,False,1.8822187257034084,0.06274062419011361,30.313379659340313,4.9284760937698005e-15,2.3834542070896735e-14,True,1,0.31480456287309844
1449,0.48,0.06,graph,True,False,False,1.8822187257034084,0.06274062419011361,30.313379659340313,4.9284760937698005e-15,2.3834542070896735e-14,True,1,0.31480456287309844
1449,0.48,0.06,best,True,False,False,1.8822187257034084,0.06274062419011361,30.313379659339812,7.55551237560054e-15,1.368105027384604e-14,True,1,0.31480456287309844
1449,0.48,0.06,screened_graph,True,True,False,15.849042205788807,0.5283014068596269,171.76611647532195,1.2486924693357873e-15,9.199165768787751e-15,True,3,0.31480456287309844
1449,0.48,0.06,screened_best,True,True,False,15.849042205788807,0.5283014068596269,171.76611647532195,1.2486924693357873e-15,9.199165768787751e-15,True,3,0.31480456287309844
1449,0.48,0.06,bounded_attempt,False,True,False,9.999999999999998,0.33333333333333326,173.426045400542,0.0005848461794370734,0.02331948458399274,True,3,0.314804562873098
1449,0.48,0.06,selected,True,True,False,15.849042205788807,0.5283014068596269,171.76611647532195,1.2486924693357873e-15,9.199165768787751e-15,True,3,0.31480456287309844
1450,0.5,0.06,baseline,True,True,False,30.190603811344015,1.006353460378134,524.4320496936808,5.187267588241172e-15,1.6141763880194277e-14,True,3,0.3821096517394329
1450,0.5,0.06,local,True,True,False,30.190603811343586,1.0063534603781195,524.4320496936656,1.1631705747361533e-15,5.061791207948796e-15,True,3,0.3821096517394329
1450,0.5,0.06,multistart,True,False,False,1.8249155610708367,0.060830518702361225,30.101841250857532,6.993152087067239e-15,4.4332245752912594e-14,True,4,0.3821096517394329
1450,0.5,0.06,graph,True,False,False,1.8249155610708367,0.060830518702361225,30.101841250857532,6.993152087067239e-15,4.4332245752912594e-14,True,4,0.3821096517394329
1450,0.5,0.06,best,True,False,False,1.8249155610708367,0.060830518702361225,30.101841250857532,6.993152087067239e-15,4.4332245752912594e-14,True,4,0.3821096517394329
1450,0.5,0.06,screened_graph,True,True,False,16.169241877501698,0.5389747292500566,196.55521425414366,7.34385794844326e-15,1.9379721393585395e-14,True,3,0.3821096517394329
1450,0.5,0.06,screened_best,True,True,False,16.169241877501698,0.5389747292500566,196.55521425414366,7.34385794844326e-15,1.9379721393585395e-14,True,3,0.3821096517394329
1450,0.5,0.06,bounded_attempt,False,True,False,9.999999999999998,0.33333333333333326,244.1551730686802,0.0005285656335802831,0.022244094593809452,True,3,0.3821096517394329
1450,0.5,0.06,selected,True,True,False,16.169241877501698,0.5389747292500566,196.55521425414366,7.34385794844326e-15,1.9379721393585395e-14,True,3,0.3821096517394329
1451,0.52,0.06,baseline,True,True,False,29.820799099576593,0.9940266366525531,562.3948227035188,4.311683727638324e-15,3.2241486254597196e-14,True,3,0.4509518070005294
1451,0.52,0.06,local,True,True,False,29.820799099565274,0.9940266366521758,562.3948227028274,4.050436301346149e-15,2.245913450146405e-14,True,3,0.4509518070005294
1451,0.52,0.06,multistart,True,False,False,1.7719425794896715,0.059064752649655716,29.97423025016026,6.039791985233204e-15,3.5372773632625657e-14,True,4,0.4509518070005294
1451,0.52,0.06,graph,True,False,False,1.7719425794896715,0.059064752649655716,29.97423025016026,6.039791985233204e-15,3.5372773632625657e-14,True,4,0.4509518070005294
1451,0.52,0.06,best,True,False,False,1.7719425794896715,0.059064752649655716,29.97423025016026,6.039791985233204e-15,3.5372773632625657e-14,True,4,0.4509518070005294
1451,0.52,0.06,screened_graph,True,True,False,15.420257591176123,0.5140085863725374,207.32331484954912,3.7097133526543587e-16,2.2135622144584786e-15,True,3,0.4509518070005303
1451,0.52,0.06,screened_best,True,True,False,15.420257591176123,0.5140085863725374,207.32331484954912,3.7097133526543587e-16,2.2135622144584786e-15,True,3,0.4509518070005303
1451,0.52,0.06,bounded_attempt,False,True,False,9.999999999999991,0.33333333333333304,216.38628975812023,0.0004765259587620451,0.020946757755431634,True,3,0.45095180700052984
1451,0.52,0.06,selected,True,True,False,15.420257591176123,0.5140085863725374,207.32331484954912,3.7097133526543587e-16,2.2135622144584786e-15,True,3,0.4509518070005303
1452,0.54,0.06,baseline,True,True,False,26.12810598553367,0.8709368661844556,529.7291638217048,1.0518090645666817e-15,4.417674201378695e-15,True,3,0.521419684840037
1452,0.54,0.06,local,True,True,False,26.12810598553351,0.8709368661844503,529.7291638216881,9.037626289101727e-16,4.417674201378695e-15,True,3,0.521419684840037
1452,0.54,0.06,multistart,True,False,False,1.7196950691126567,0.05732316897042189,29.93068844310116,7.931884191510571e-15,4.480969705045908e-14,True,4,0.5214196848400365
1452,0.54,0.06,graph,True,False,False,1.7196950691126567,0.05732316897042189,29.93068844310116,7.931884191510571e-15,4.480969705045908e-14,True,4,0.5214196848400365
1452,0.54,0.06,best,True,False,False,1.7196950691126567,0.05732316897042189,29.930688443100763,4.5353037334123814e-15,3.6238140898013543e-14,True,4,0.5214196848400374
1452,0.54,0.06,screened_graph,True,True,False,15.67022181061766,0.5223407270205886,199.81952119970452,6.49126014640271e-15,8.284291222314282e-14,True,3,0.40034045164547294
1452,0.54,0.06,screened_best,True,True,False,15.67022181061766,0.5223407270205886,199.81952119970452,6.49126014640271e-15,8.284291222314282e-14,True,3,0.40034045164547294
1452,0.54,0.06,bounded_attempt,False,True,False,9.999999999999991,0.33333333333333304,163.90899832421954,0.00047496365354642207,0.021594352213547947,True,3,0.4003404516462208
1452,0.54,0.06,selected,True,True,False,15.67022181061766,0.5223407270205886,199.81952119970452,6.49126014640271e-15,8.284291222314282e-14,True,3,0.40034045164547294
1453,0.56,0.06,baseline,True,True,False,24.636717290046864,0.8212239096682288,507.221202452917,2.502202568392619e-15,8.348817212006607e-15,True,3,0.5936399166291437
1453,0.56,0.06,local,True,True,False,24.63671729004631,0.8212239096682104,507.22120245290165,6.96970358209781e-16,3.137973295952784e-15,True,3,0.5936399166291437
1453,0.56,0.06,multistart,True,False,False,1.6676245420348978,0.055587484734496595,29.97207119803478,7.961473658109297e-15,4.468422858130459e-14,True,4,0.5936399166291433
1453,0.56,0.06,graph,True,False,False,1.6676245420348978,0.055587484734496595,29.97207119803478,7.961473658109297e-15,4.468422858130459e-14,True,4,0.5936399166291433
1453,0.56,0.06,best,True,False,False,1.6676245420348978,0.055587484734496595,29.97207119803478,7.961473658109297e-15,4.468422858130459e-14,True,4,0.5936399166291433
1453,0.56,0.06,screened_graph,True,True,False,15.84612152640833,0.5282040508802777,189.74611433746836,4.639173427539339e-15,4.6286508804355725e-14,True,3,0.4334448859518574
1453,0.56,0.06,screened_best,True,True,False,15.84612152640833,0.5282040508802777,189.74611433746836,4.639173427539339e-15,4.6286508804355725e-14,True,3,0.4334448859518574
1453,0.56,0.06,bounded_attempt,False,True,False,9.999999999999991,0.33333333333333304,146.21524673285361,0.0004430307344745757,0.020825521353171575,True,3,0.4334448859518565
1453,0.56,0.06,selected,True,True,False,15.84612152640833,0.5282040508802777,189.74611433746836,4.639173427539339e-15,4.6286508804355725e-14,True,3,0.4334448859518574
1454,0.58,0.06,baseline,True,True,False,24.301130352680914,0.8100376784226971,471.93651308024033,8.064654625088228e-16,3.685692035248822e-15,True,3,0.6677785951695225
1454,0.58,0.06,local,True,True,False,24.301130352679767,0.8100376784226588,471.9365130802057,1.8127520016158062e-15,1.1170367375127902e-14,True,3,0.6677785951695225
1454,0.58,0.06,multistart,True,False,False,1.6591965319629942,0.05530655106543314,30.100512588797958,8.763744024348757e-15,5.132666014959386e-14,True,3,0.6677785951695228
1454,0.58,0.06,graph,True,False,False,1.6591965319629942,0.05530655106543314,30.100512588797958,8.763744024348757e-15,5.132666014959386e-14,True,3,0.6677785951695228
1454,0.58,0.06,best,True,False,False,1.6591965319629909,0.05530655106543303,30.100512588797756,9.785966132564804e-15,2.104974081554068e-14,True,3,0.6677785951695228
1454,0.58,0.06,screened_graph,True,True,False,15.575596239082536,0.5191865413027512,181.59634907258484,1.5309030502696202e-15,9.06731026085601e-15,True,3,0.08354045012265221
1454,0.58,0.06,screened_best,True,True,False,15.575596239082536,0.5191865413027512,181.59634907258226,2.182502754183344e-15,9.942275526709589e-15,True,3,0.667778595169523
1454,0.58,0.06,bounded_attempt,False,True,False,9.999999999999998,0.33333333333333326,155.24081096050708,0.0004025848750222403,0.019459441574908608,True,3,0.6677785951695221
1454,0.58,0.06,selected,True,True,False,15.575596239082536,0.5191865413027512,181.59634907258226,2.182502754183344e-15,9.942275526709589e-15,True,3,0.667778595169523
1455,0.6,0.06,baseline,True,True,False,22.47384439026898,0.7491281463422993,416.39415423692435,1.1644944284293733e-15,5.923327445591853e-15,True,3,0.7440458328432187
1455,0.6,0.06,local,True,True,False,22.47384439026873,0.749128146342291,416.3941542369179,1.1199813269780021e-15,5.7216097936121865e-15,True,3,0.7440458328432187
1455,0.6,0.06,multistart,True,False,False,1.6713159766654684,0.05571053255551561,30.31989023752848,2.0079317453112916e-15,1.386974731208157e-14,True,3,0.7440458328432189
1455,0.6,0.06,graph,True,False,False,1.6713159766654684,0.05571053255551561,30.31989023752888,3.623810352936944e-15,1.9088290502785527e-14,True,3,0.7440458328432189
1455,0.6,0.06,best,True,False,False,1.6713159766654684,0.05571053255551561,30.31989023752848,2.0079317453112916e-15,1.386974731208157e-14,True,3,0.7440458328432189
1455,0.6,0.06,screened_graph,True,True,False,15.026766098128492,0.5008922032709497,174.5251340489446,2.355302233644972e-15,1.515015570975828e-14,True,3,0.042937430544498945
1455,0.6,0.06,screened_best,True,True,False,15.026766098128492,0.5008922032709497,174.5251340489446,2.355302233644972e-15,1.515015570975828e-14,True,3,0.042937430544498945
1455,0.6,0.06,bounded_attempt,False,True,False,9.999999999999991,0.33333333333333304,186.28975257245136,0.00035961981057186184,0.017823692671281397,True,3,0.042937430544517596
1455,0.6,0.06,selected,True,True,False,15.026766098128492,0.5008922032709497,174.5251340489446,2.355302233644972e-15,1.515015570975828e-14,True,3,0.042937430544498945
1456,0.62,0.06,baseline,True,True,False,19.962212980042743,0.6654070993347581,356.300271306416,1.880888278140122e-15,9.96885286285028e-15,True,3,0.8227037875313663
1456,0.62,0.06,local,True,True,False,19.96221298004269,0.6654070993347563,356.3002713062966,3.652317638029787e-15,1.3103674165080534e-14,True,3,0.8227037875313663
1456,0.62,0.06,multistart,True,False,False,1.6882185779736814,0.05627395259912271,30.636311880306046,4.921940917815784e-15,2.8034876560919702e-14,True,3,0.8227037875313672
1456,0.62,0.06,graph,True,False,False,1.6882185779736814,0.05627395259912271,30.636311880306046,3.558347063789512e-15,2.3356187007844855e-14,True,3,0.8227037875313665
1456,0.62,0.06,best,True,False,False,1.6882185779736814,0.05627395259912271,30.636311880306046,1.1864623935176963e-14,2.067139626437661e-14,True,3,0.8227037875313672
1456,0.62,0.06,screened_graph,True,True,False,14.211779767032878,0.47372599223442924,165.84579578347225,1.4816285293086055e-15,8.652722371383785e-15,True,3,0.08722927192270546
1456,0.62,0.06,screened_best,True,True,False,14.21177976703286,0.4737259922344287,165.8457957834717,3.337954173220125e-15,1.1515466564645103e-14,True,3,0.6678951626710035
1456,0.62,0.06,bounded_attempt,False,True,False,9.999999999999998,0.33333333333333326,238.40934428519893,0.0003071116012062595,0.01560630519011814,True,3,0.6678951626710079
1456,0.62,0.06,selected,True,True,False,14.21177976703286,0.4737259922344287,165.8457957834717,3.337954173220125e-15,1.1515466564645103e-14,True,3,0.6678951626710035
1457,0.64,0.06,baseline,True,True,False,19.99377676717471,0.6664592255724904,298.6591878109085,2.7200464103316335e-15,1.5245251211086832e-14,True,3,0.9036967408708558
1457,0.64,0.06,local,True,True,False,19.99377676717408,0.6664592255724693,298.65918781088334,2.795470146924422e-15,1.5405768797374414e-14,True,3,0.9036967408708558
1457,0.64,0.06,multistart,True,False,False,1.710609123999793,0.05702030413332643,31.058721720134486,8.589050913333966e-15,3.7652944732364596e-14,True,3,0.9036967408708556
1457,0.64,0.06,graph,True,False,False,1.7106091239997845,0.05702030413332615,31.058721720134887,5.776212409583999e-15,1.5744948120765328e-14,True,3,0.9036967408708558
1457,0.64,0.06,best,True,False,False,1.7106091239997845,0.05702030413332615,31.058721720134887,5.776212409583999e-15,1.5744948120765328e-14,True,3,0.9036967408708558
1457,0.64,0.06,screened_graph,True,True,False,13.446148925842243,0.44820496419474143,159.50394480182254,5.106238627537092e-15,4.5095828807382134e-14,True,3,0.09083570758939263
1457,0.64,0.06,screened_best,True,True,False,13.446148925842243,0.44820496419474143,159.50394480182254,5.106238627537092e-15,4.5095828807382134e-14,True,3,0.09083570758939263
1457,0.64,0.06,bounded_attempt,False,True,False,9.999999999999991,0.33333333333333304,193.07280882189812,0.0002893901030975804,0.014540312067130105,True,3,0.089993190506787
1457,0.64,0.06,selected,True,True,False,13.446148925842243,0.44820496419474143,159.50394480182254,5.106238627537092e-15,4.5095828807382134e-14,True,3,0.09083570758939263
1458,0.66,0.06,baseline,True,True,False,19.229829225166363,0.6409943075055454,232.646821477848,2.556528086932065e-15,9.707226288372348e-15,True,3,0.9877002418666418
1458,0.66,0.06,local,True,True,False,19.229829225167045,0.6409943075055682,232.64682147783193,2.556528086932065e-15,9.707226288372348e-15,True,3,0.9877002418666418
1458,0.66,0.06,multistart,True,False,False,1.7394045421451576,0.05798015140483859,31.599725698711502,5.563353117726586e-15,3.31231422480901e-14,True,3,0.9877002418666416
1458,0.66,0.06,graph,True,False,False,1.7394045421451576,0.05798015140483859,31.599725698711502,5.563353117726586e-15,3.31231422480901e-14,True,3,0.9877002418666416
1458,0.66,0.06,best,True,False,False,1.7394045421451576,0.05798015140483859,31.5997256987103,3.9769064423942126e-15,6.81218553960885e-15,True,3,0.9877002418666405
1458,0.66,0.06,screened_graph,True,True,False,13.530419138420973,0.4510139712806991,149.6167828592456,5.058601188578155e-15,3.987583980749792e-14,True,3,0.09690145305965103
1458,0.66,0.06,screened_best,True,True,False,13.530419138420973,0.4510139712806991,149.6167828592456,5.058601188578155e-15,3.987583980749792e-14,True,3,0.09690145305965103
1458,0.66,0.06,bounded_attempt,False,True,False,9.999999999999991,0.33333333333333304,153.49560298207865,0.0002489897633079306,0.012795876721714675,True,3,0.09574816814114673
1458,0.66,0.06,selected,True,True,False,13.530419138420973,0.4510139712806991,149.6167828592456,5.058601188578155e-15,3.987583980749792e-14,True,3,0.09690145305965103
1459,0.68,0.06,baseline,True,True,False,17.279728434409126,0.5759909478136376,211.18242224663166,5.836925621952896e-16,9.127386495686836e-16,True,3,1.0753513572790516
1459,0.68,0.06,local,True,True,False,17.279728434408934,0.5759909478136311,211.18242224663345,3.034328400220752e-16,9.127386495686836e-16,True,3,1.0753513572790516
1459,0.68,0.06,multistart,True,False,False,1.7758445560495728,0.05919481853498576,32.27674781333927,5.244261588236206e-16,1.1453250036096048e-15,True,3,1.0753513572790507
1459,0.68,0.06,graph,True,False,False,1.7758445560495728,0.05919481853498576,32.27674781333927,5.748822300757345e-16,6.533715705749548e-16,True,3,1.0753513572790518
1459,0.68,0.06,best,True,False,False,1.7758445560495728,0.05919481853498576,32.27674781333927,5.9136680042441435e-15,4.341813255158272e-14,True,3,1.0753513572790512
1459,0.68,0.06,screened_graph,True,True,False,13.05561954635909,0.43518731821196965,134.00472379418397,5.735674758739812e-15,4.0324392873277785e-14,True,3,0.1065205466308754
1459,0.68,0.06,screened_best,True,True,False,13.05561954635909,0.43518731821196965,134.00472379418397,5.735674758739812e-15,4.0324392873277785e-14,True,3,0.1065205466308754
1459,0.68,0.06,bounded_attempt,False,True,False,9.999999999999991,0.33333333333333304,192.30107488143545,0.0001985120052869059,0.010495319444120181,True,3,0.10479515216440483
1459,0.68,0.06,selected,True,True,False,13.05561954635909,0.43518731821196965,134.00472379418397,5.735674758739812e-15,4.0324392873277785e-14,True,3,0.1065205466308754
1460,0.7000000000000001,0.06,baseline,True,True,False,14.932573551038624,0.49775245170128746,191.48085746152842,1.4449569726155179e-15,6.3473684298953725e-15,True,3,1.1673142725540657
1460,0.7000000000000001,0.06,local,True,True,False,14.93257355103851,0.4977524517012837,191.48085746156562,6.748943856986671e-16,3.473063405935563e-15,True,3,1.1673142725540664
1460,0.7000000000000001,0.06,multistart,True,False,False,1.821664217156016,0.0607221405718672,33.11361984826582,4.728641100182568e-16,1.0551682808207706e-15,True,3,0.9683018859927728
1460,0.7000000000000001,0.06,graph,True,False,False,1.821664217156016,0.0607221405718672,33.11361984826582,4.5822975916762365e-16,1.0350820392909054e-15,True,3,1.1673142725540648
1460,0.7000000000000001,0.06,best,True,False,False,1.821664217156016,0.0607221405718672,33.11361984826582,4.728641100182568e-16,1.0551682808207706e-15,True,3,0.9683018859927728
1460,0.7000000000000001,0.06,screened_graph,True,True,False,11.886356531879883,0.3962118843959961,119.60360419722645,2.5712885691977362e-15,1.546426150791876e-14,True,3,0.9688434443272254
1460,0.7000000000000001,0.06,screened_best,True,True,False,11.886356531879883,0.3962118843959961,119.60360419722645,2.5712885691977362e-15,1.546426150791876e-14,True,3,0.9688434443272254
1460,0.7000000000000001,0.06,bounded_attempt,False,True,False,9.999999999999991,0.33333333333333304,124.67684246236091,0.0001892772617282633,0.009642537453137041,True,3,0.9688434443272245
1460,0.7000000000000001,0.06,selected,True,True,False,11.886356531879883,0.3962118843959961,119.60360419722645,2.5712885691977362e-15,1.546426150791876e-14,True,3,0.9688434443272254
1461,0.72,0.06,baseline,True,True,False,14.40158554552048,0.4800528515173493,157.50705913496532,3.469446951953614e-16,4.654751537338636e-16,True,3,1.2644749025950832
1461,0.72,0.06,local,True,True,False,14.40158554552033,0.48005285151734434,157.50705913496722,3.5115191112877737e-16,5.463690523629807e-16,True,3,1.2644749025950832
1461,0.72,0.06,multistart,True,False,False,1.879385645316597,0.0626461881772199,34.142521551904714,6.280753146391884e-16,8.591068053145653e-16,True,3,1.2644749025950852
1461,0.72,0.06,graph,True,False,False,1.879385645316597,0.0626461881772199,34.142521551904714,6.280753146391884e-16,8.591068053145653e-16,True,3,1.2644749025950852
1461,0.72,0.06,best,True,False,False,1.879385645316597,0.0626461881772199,34.142521551904714,6.280753146391884e-16,8.591068053145653e-16,True,3,1.2644749025950852
1461,0.72,0.06,screened_graph,True,True,False,11.589539315036985,0.3863179771678995,113.29626078171505,1.1139086155217712e-15,6.043939467390059e-15,True,3,1.2644749025950848
1461,0.72,0.06,screened_best,True,True,False,11.589539315036973,0.38631797716789906,113.29626078171339,2.873003751416767e-15,1.1020710743709254e-14,True,3,0.9642683724599532
1461,0.72,0.06,bounded_attempt,False,True,False,9.999999999999995,0.33333333333333315,141.87366592220764,0.0001124481174850997,0.005939143986447666,True,3,0.9642683724599532
1461,0.72,0.06,selected,True,True,False,11.589539315036973,0.38631797716789906,113.29626078171339,2.873003751416767e-15,1.1020710743709254e-14,True,3,0.9642683724599532
1462,0.74,0.06,baseline,True,True,False,12.516539534911862,0.41721798449706204,130.1920557766427,3.803279846206874e-16,1.5196742018289901e-15,True,3,1.368055875715924
1462,0.74,0.06,local,True,True,False,12.516539534911649,0.41721798449705494,130.1920557766459,3.610892649124533e-16,1.4177138382003162e-15,True,3,1.3680558757159236
1462,0.74,0.06,multistart,True,False,False,1.9528524993252339,0.06509508331084113,35.40508023201756,4.90457592513324e-16,8.685544077468493e-16,True,3,1.3680558757159236
1462,0.74,0.06,graph,True,False,False,1.9528524993252239,0.0650950833108408,35.40508023201756,3.2513808778717616e-15,6.779744107655425e-15,True,3,1.3680558757159242
1462,0.74,0.06,best,True,False,False,1.9528524993252239,0.0650950833108408,35.40508023201756,1.6777304177164457e-14,1.1722876473531544e-13,True,3,1.3680558757159238
1462,0.74,0.06,screened_graph,True,True,False,10.732073238142071,0.3577357746047357,98.71083373023201,4.677967399747455e-16,9.1793593879506e-16,True,3,1.368055875715925
1462,0.74,0.06,screened_best,True,True,False,10.732073238142071,0.3577357746047357,98.71083373023201,4.677967399747455e-16,9.1793593879506e-16,True,3,1.368055875715925
1462,0.74,0.06,bounded_attempt,False,True,False,9.999999999999995,0.33333333333333315,120.67303087455306,5.113912349998013e-05,0.0025611248894962246,True,3,1.3680558757159231
1462,0.74,0.06,selected,True,True,False,10.732073238142071,0.3577357746047357,98.71083373023201,4.677967399747455e-16,9.1793593879506e-16,True,3,1.368055875715925
1463,0.76,0.06,baseline,True,True,False,11.309236037096678,0.3769745345698893,105.65499867291615,3.3422138886441676e-16,6.727303154927428e-16,True,3,1.479823547893592
1463,0.76,0.06,local,True,True,False,11.309236037096483,0.3769745345698827,105.65499867291692,4.0035674044735114e-16,6.516028718229047e-16,True,3,1.4798235478935924
1463,0.76,0.06,multistart,True,False,False,2.0483060557112087,0.06827686852370696,36.94523184964371,4.646469054731874e-16,7.180253125383472e-16,True,3,0.8414383148104765
1463,0.76,0.06,graph,True,False,False,2.0483060557112087,0.06827686852370696,36.94523184964371,4.646469054731874e-16,7.180253125383472e-16,True,3,0.8414383148104765
1463,0.76,0.06,best,True,False,False,2.048306055711202,0.06827686852370674,36.945231849644415,1.9260934652517576e-14,9.470850753105386e-14,True,3,1.4798235478935915
1463,0.76,0.06,screened_graph,True,True,True,9.694645754218152,0.32315485847393843,79.8644645461724,1.7362354958943533e-15,6.9109989916680494e-15,True,3,1.4798235478935917
1463,0.76,0.06,screened_best,True,True,True,9.69464575421815,0.3231548584739383,79.86446454616716,3.2207606899167004e-15,1.444697884520143e-14,True,3,1.4798235478935913
1463,0.76,0.06,bounded_attempt,True,True,True,9.694645755034557,0.3231548585011519,79.86446454608563,8.524301285160734e-14,3.2776036274667053e-12,True,3,1.479823547893592
1463,0.76,0.06,selected,True,True,True,9.69464575421815,0.3231548584739383,79.86446454616716,3.2207606899167004e-15,1.444697884520143e-14,True,3,1.4798235478935913
1481,0.4,0.08,baseline,True,True,False,37.347536380413004,1.2449178793471,727.7035903859302,4.307622637887617e-15,2.661556332249313e-14,True,3,0.040403178611518875
1481,0.4,0.08,local,True,True,False,37.347536380412905,1.2449178793470967,727.7035903859268,4.254328600186865e-15,2.6956674669091684e-14,True,3,0.040403178611518875
1481,0.4,0.08,multistart,True,False,False,2.6859231104687886,0.08953077034895962,33.20993606948406,7.440490870880745e-15,7.871856195285127e-14,True,1,0.04040317861151932
1481,0.4,0.08,graph,True,False,False,2.6859231104687886,0.08953077034895962,33.20993606948406,7.440490870880745e-15,7.871856195285127e-14,True,1,0.04040317861151932
1481,0.4,0.08,best,True,False,False,2.6859231104687886,0.08953077034895962,33.20993606948406,7.440490870880745e-15,7.871856195285127e-14,True,1,0.04040317861151932
1481,0.4,0.08,screened_graph,True,True,False,20.36472331548561,0.678824110516187,274.5724390675085,7.138648255901161e-15,7.277017559748124e-14,True,3,0.04040317861151932
1481,0.4,0.08,screened_best,True,True,False,20.36472331548561,0.678824110516187,274.5724390675085,7.138648255901161e-15,7.277017559748124e-14,True,3,0.04040317861151932
1481,0.4,0.08,bounded_attempt,False,True,False,9.999999999999991,0.33333333333333304,184.53786372070007,0.001726405815872303,0.053051616903223506,True,3,0.04040317861151976
1481,0.4,0.08,selected,True,True,False,20.36472331548561,0.678824110516187,274.5724390675085,7.138648255901161e-15,7.277017559748124e-14,True,3,0.04040317861151932
1482,0.42,0.08,baseline,True,True,False,40.907634053389415,1.3635878017796472,1052.9775519384689,9.302259532034058e-16,5.794755650561005e-15,True,3,0.10458389478253105
1482,0.42,0.08,local,True,True,False,40.907634053389664,1.3635878017796554,1052.9775519384798,9.538644840736758e-16,5.646353186237126e-15,True,3,0.10458389478253105
1482,0.42,0.08,multistart,True,False,False,2.3965793633125143,0.07988597877708381,32.34726968455627,7.737013725108502e-15,7.939105462717346e-14,True,1,0.10458389478253283
1482,0.42,0.08,graph,True,False,False,2.3965793633125143,0.07988597877708381,32.676418201943314,6.508553023601693e-15,3.994813792324689e-14,True,1,0.10458389478253283
1482,0.42,0.08,best,True,False,False,2.3965793633125143,0.07988597877708381,32.34726968455627,7.737013725108502e-15,7.939105462717346e-14,True,1,0.10458389478253283
1482,0.42,0.08,screened_graph,True,True,False,25.85084512809653,0.8616948376032176,390.04512484866854,8.179669850367252e-15,5.989037155985718e-14,True,3,0.1045838947825306
1482,0.42,0.08,screened_best,True,True,False,25.85084512809653,0.8616948376032176,390.04512484866854,8.179669850367252e-15,5.989037155985718e-14,True,3,0.1045838947825306
1482,0.42,0.08,bounded_attempt,False,True,False,9.999999999999991,0.33333333333333304,168.80189380547276,0.0019534192101898075,0.06417845233573732,True,3,0.10458389478163177
1482,0.42,0.08,selected,True,True,False,25.85084512809653,0.8616948376032176,390.04512484866854,8.179669850367252e-15,5.989037155985718e-14,True,3,0.1045838947825306
1483,0.44,0.08,baseline,True,True,False,21.714758836077756,0.7238252945359251,868.9190052909315,3.009432764406106e-16,9.105729634648627e-16,True,5,0.16991370683679463
1483,0.44,0.08,local,True,True,False,21.714758836078207,0.7238252945359402,868.9190052909531,3.009432764406106e-16,7.722325701631217e-16,True,5,0.16991370683679463
1483,0.44,0.08,multistart,True,False,False,2.179403929974568,0.07264679766581894,31.640653539563914,3.800138952361213e-15,4.2351519935426656e-14,True,1,0.1699137068367942
1483,0.44,0.08,graph,True,False,False,2.179403929974555,0.0726467976658185,31.862602549753795,3.4528650028251532e-15,2.1223034084383447e-14,True,1,0.1699137068367942
1483,0.44,0.08,best,True,False,False,2.179403929974555,0.0726467976658185,31.862602549753795,3.4528650028251532e-15,2.1223034084383447e-14,True,1,0.1699137068367942
1483,0.44,0.08,screened_graph,True,True,False,21.714758836077756,0.7238252945359251,868.9190052909315,3.009432764406106e-16,9.105729634648627e-16,True,5,0.16991370683679463
1483,0.44,0.08,screened_best,True,True,False,21.714758836077756,0.7238252945359251,868.9190052909315,3.009432764406106e-16,9.105729634648627e-16,True,5,0.16991370683679463
1483,0.44,0.08,bounded_attempt,False,True,False,9.999999999999991,0.33333333333333304,443.9606086734453,0.0002327147519151639,0.00809494360748426,True,5,0.1699137068367902
1483,0.44,0.08,selected,True,True,False,21.714758836077756,0.7238252945359251,868.9190052909315,3.009432764406106e-16,9.105729634648627e-16,True,5,0.16991370683679463
1485,0.48,0.08,baseline,True,True,False,14.61557944040127,0.487185981346709,635.8587961462574,3.983674527587667e-16,1.886052122101408e-15,True,3,0.30402748150530723
1485,0.48,0.08,local,True,True,False,14.615579440401136,0.48718598134670454,635.858796146251,3.983674527587667e-16,1.886052122101408e-15,True,3,0.30402748150530723
1485,0.48,0.08,multistart,True,False,False,1.9535236603826611,0.0651174553460887,30.64286403389054,6.7964057145859635e-15,4.483654611934934e-14,True,4,0.30402748150530634
1485,0.48,0.08,graph,True,False,False,1.9535236603826611,0.0651174553460887,30.64286403389054,6.7964057145859635e-15,4.483654611934934e-14,True,4,0.30402748150530634
1485,0.48,0.08,best,True,False,False,1.9535236603826611,0.0651174553460887,30.64286403389054,6.7964057145859635e-15,4.483654611934934e-14,True,4,0.30402748150530634
1485,0.48,0.08,screened_graph,True,True,False,14.615579440401222,0.4871859813467074,635.8587961462481,2.486410087150353e-16,4.551728205174435e-16,True,3,0.30402748150530634
1485,0.48,0.08,screened_best,True,True,False,14.615579440401136,0.48718598134670454,635.858796146251,3.983674527587667e-16,1.886052122101408e-15,True,3,0.30402748150530723
1485,0.48,0.08,bounded_attempt,False,True,False,9.999999999999991,0.33333333333333304,497.0109959611917,9.266683513230173e-05,0.0036376975711125727,True,3,0.30402748150530634
1485,0.48,0.08,selected,True,True,False,14.615579440401136,0.48718598134670454,635.858796146251,3.983674527587667e-16,1.886052122101408e-15,True,3,0.30402748150530723
1486,0.5,0.08,baseline,True,True,False,31.194967892393027,1.0398322630797676,1525.73598448356,1.3557860034576945e-15,1.0519719022357469e-14,True,3,0.37207219725585405
1486,0.5,0.08,local,True,True,False,31.19496789239514,1.039832263079838,1525.7359844836637,1.3557860034576945e-15,1.0519719022357469e-14,True,3,0.37207219725585405
1486,0.5,0.08,multistart,True,False,False,1.8920912090876874,0.06306970696958958,30.327355870023087,3.893034871583669e-15,3.1922994127282995e-13,True,4,0.0005625445228085724
1486,0.5,0.08,graph,True,False,False,1.8920912090876807,0.06306970696958936,30.327355870025585,3.657659409880304e-15,2.1969736780349828e-14,True,4,0.3720721972558545
1486,0.5,0.08,best,True,False,False,1.8920912090876807,0.06306970696958936,30.327355870025585,3.657659409880304e-15,2.1969736780349828e-14,True,4,0.3720721972558545
1486,0.5,0.08,screened_graph,True,True,False,31.194967892391716,1.0398322630797239,1525.7359844834673,3.4353131553725688e-15,2.3477509437185087e-14,True,3,0.3720721972558545
1486,0.5,0.08,screened_best,True,True,False,31.194967892391716,1.0398322630797239,1525.7359844834673,3.4353131553725688e-15,2.3477509437185087e-14,True,3,0.3720721972558545
1486,0.5,0.08,bounded_attempt,False,True,False,9.999999999999995,0.33333333333333315,447.9137894139453,0.00018441141360824834,0.007574800502665494,True,3,0.3720721972558545
1486,0.5,0.08,selected,True,True,False,31.194967892391716,1.0398322630797239,1525.7359844834673,3.4353131553725688e-15,2.3477509437185087e-14,True,3,0.3720721972558545
1487,0.52,0.08,baseline,True,True,False,42.52653589586312,1.4175511965287706,2152.6209605649997,3.925231146709438e-16,1.8311097135367525e-15,True,3,0.4414134124415403
1487,0.52,0.08,local,True,True,False,42.52653589586201,1.4175511965287337,2152.620960564934,3.925231146709438e-16,1.8311097135367525e-15,True,3,0.4414134124415403
1487,0.52,0.08,multistart,True,False,False,1.8334264319817706,0.06111421439939235,30.121638731355294,6.598141089499465e-15,3.8045399081077774e-14,True,4,0.4414134124415403
1487,0.52,0.08,graph,True,False,False,1.8334264319817706,0.06111421439939235,30.121638731355695,7.443580185440468e-15,4.621932034379862e-14,True,4,0.4414134124415403
1487,0.52,0.08,best,True,False,False,1.8334264319817706,0.06111421439939235,30.121638731355294,6.598141089499465e-15,3.8045399081077774e-14,True,4,0.4414134124415403
1487,0.52,0.08,screened_graph,True,True,False,42.52653589586195,1.4175511965287315,2152.620960564934,1.3369035629543234e-15,8.762894512131385e-15,True,3,0.4414134124415403
1487,0.52,0.08,screened_best,True,True,False,42.52653589586195,1.4175511965287315,2152.620960564934,1.3369035629543234e-15,8.762894512131385e-15,True,3,0.4414134124415403
1487,0.52,0.08,bounded_attempt,False,True,False,10.0,0.3333333333333333,592.3259950591906,0.00031278841367110826,0.013397470777497764,True,5,0.44141341244153987
1487,0.52,0.08,selected,True,True,False,42.52653589586195,1.4175511965287315,2152.620960564934,1.3369035629543234e-15,8.762894512131385e-15,True,3,0.4414134124415403
1488,0.54,0.08,baseline,True,True,False,28.210532724977394,0.9403510908325798,1253.8718531366133,2.830524433501838e-16,6.781060472260994e-16,True,3,0.5123000782286717
1488,0.54,0.08,local,True,True,False,28.210532724977448,0.9403510908325816,1253.8718531366135,3.411368008432962e-16,6.781060472260994e-16,True,3,0.5123000782286717
1488,0.54,0.08,multistart,True,False,False,1.7766975749992753,0.05922325249997584,30.019588311500335,7.236787322700106e-15,4.048835008831455e-14,True,4,0.5123000782286722
1488,0.54,0.08,graph,True,False,False,1.7766975749992753,0.05922325249997584,30.019588311500335,7.236787322700106e-15,4.048835008831455e-14,True,4,0.5123000782286722
1488,0.54,0.08,best,True,False,False,1.7766975749992753,0.05922325249997584,30.019588311500335,7.236787322700106e-15,4.048835008831455e-14,True,4,0.5123000782286722
1488,0.54,0.08,screened_graph,True,True,False,28.210532724977032,0.9403510908325677,1253.871853136603,5.538198088781402e-16,3.669002486378522e-15,True,3,0.5123000782286722
1488,0.54,0.08,screened_best,True,True,False,28.21053272496799,0.9403510908322663,1253.8718531363302,4.58112060646664e-15,1.8515447602088278e-14,True,3,0.5123000782286717
1488,0.54,0.08,bounded_attempt,False,True,False,9.999999999999991,0.33333333333333304,592.0292057025694,0.00023816045598392646,0.010655823383651012,True,5,0.5123000782286722
1488,0.54,0.08,selected,True,True,False,28.21053272496799,0.9403510908322663,1253.8718531363302,4.58112060646664e-15,1.8515447602088278e-14,True,3,0.5123000782286717
1489,0.56,0.08,baseline,True,True,False,21.645041212159718,0.7215013737386573,957.0557584360976,1.825984136834653e-15,1.2432708813512965e-14,True,3,0.5848693268597374
1489,0.56,0.08,local,True,True,False,21.64504121215948,0.7215013737386493,957.055758436084,1.825984136834653e-15,1.2432708813512965e-14,True,3,0.5848693268597374
1489,0.56,0.08,multistart,True,False,False,1.7210985035819348,0.05736995011939783,30.01766833383588,7.844155624304772e-15,4.2147388391166764e-14,True,4,0.5848693268597374
1489,0.56,0.08,graph,True,False,False,1.7210985035819348,0.05736995011939783,30.01766833383588,7.844155624304772e-15,4.2147388391166764e-14,True,4,0.5848693268597374
1489,0.56,0.08,best,True,False,False,1.7210985035819348,0.05736995011939783,30.01766833383588,7.844155624304772e-15,4.2147388391166764e-14,True,4,0.5848693268597374
1489,0.56,0.08,screened_graph,True,True,False,21.645041212159718,0.7215013737386573,957.0557584360976,1.825984136834653e-15,1.2432708813512965e-14,True,3,0.5848693268597374
1489,0.56,0.08,screened_best,True,True,False,21.645041211901127,0.7215013737300375,957.0557584204794,5.090273439885382e-15,1.4723799346871688e-13,True,3,0.5848693268597382
1489,0.56,0.08,bounded_attempt,False,True,False,9.999999999999991,0.33333333333333304,527.0984104308624,0.00013433651070030597,0.0062540328298628985,True,3,0.5848693268597378
1489,0.56,0.08,selected,True,True,False,21.645041211901127,0.7215013737300375,957.0557584204794,5.090273439885382e-15,1.4723799346871688e-13,True,3,0.5848693268597382
1490,0.58,0.08,baseline,True,True,False,12.366637733467831,0.41222125778226104,628.3043614406693,7.623394242599558e-16,5.228217120134176e-15,True,3,0.6592949377950905
1490,0.58,0.08,local,True,True,False,12.366637733467751,0.4122212577822584,628.3043614406677,7.623394242599558e-16,5.228217120134176e-15,True,3,0.6592949377950905
1490,0.58,0.08,multistart,True,False,False,1.6824520656106934,0.056081735520356446,30.114934432979634,4.352871625246495e-15,1.6245895685224955e-14,True,3,0.6592949377950905
1490,0.58,0.08,graph,True,False,False,1.6824520656106934,0.056081735520356446,30.114934432980036,1.870002941180549e-15,7.131640381261235e-14,True,3,0.04774831126472989
1490,0.58,0.08,best,True,False,False,1.6824520656106934,0.056081735520356446,30.114934432979634,4.352871625246495e-15,1.6245895685224955e-14,True,3,0.6592949377950905
1490,0.58,0.08,screened_graph,True,True,False,12.366637733467677,0.4122212577822559,628.3043614406711,2.0737427450921338e-15,1.3397185987263773e-14,True,3,0.6592949377950903
1490,0.58,0.08,screened_best,True,True,False,12.3666377334675,0.41222125778225,628.3043614406615,1.8578750750735138e-15,1.1614349889393036e-14,True,3,0.659294937795091
1490,0.58,0.08,bounded_attempt,True,True,True,9.999999999999995,0.33333333333333315,486.3060974344358,1.9709597148354318e-05,0.0009454823246995269,True,3,0.6592949377950901
1490,0.58,0.08,selected,True,True,True,9.999999999999995,0.33333333333333315,486.3060974344358,1.9709597148354318e-05,0.0009454823246995269,True,3,0.6592949377950901
1492,0.62,0.08,baseline,True,True,False,23.725827889322023,0.7908609296440674,928.6102383005237,1.4988010832439613e-15,5.004355470990383e-15,True,5,0.8146268899489781
1492,0.62,0.08,local,True,True,False,23.725827889324954,0.7908609296441651,928.6102383007004,3.777716358848215e-16,2.1419227232006495e-15,True,5,0.8146268899489781
1492,0.62,0.08,multistart,True,False,False,1.7052408539148578,0.05684136179716193,30.6169761720807,3.4712228542783452e-15,2.129851125499257e-14,True,3,0.814626889948979
1492,0.62,0.08,graph,True,False,False,1.7052408539148578,0.05684136179716193,30.6169761720807,3.4712228542783452e-15,2.129851125499257e-14,True,3,0.814626889948979
1492,0.62,0.08,best,True,False,False,1.7052408539148578,0.05684136179716193,30.6169761720807,3.1380068853744565e-15,9.237283765769724e-15,True,3,0.8146268899489779
1492,0.62,0.08,screened_graph,True,True,False,23.725827889322023,0.7908609296440674,928.6102383005237,1.4988010832439613e-15,5.004355470990383e-15,True,5,0.8146268899489781
1492,0.62,0.08,screened_best,True,True,False,23.725827889322023,0.7908609296440674,928.6102383005237,1.4988010832439613e-15,5.004355470990383e-15,True,5,0.8146268899489781
1492,0.62,0.08,bounded_attempt,False,True,False,9.999999999999991,0.33333333333333304,418.3045958330423,0.00012115259045358119,0.0062329776920503534,True,5,0.8146268899489784
1492,0.62,0.08,selected,True,True,False,23.725827889322023,0.7908609296440674,928.6102383005237,1.4988010832439613e-15,5.004355470990383e-15,True,5,0.8146268899489781
1493,0.64,0.08,baseline,True,True,False,39.422594392514156,1.3140864797504719,1505.5496461608886,5.667848928154234e-16,1.2674827139807745e-15,True,5,0.8961263653388434
1493,0.64,0.08,local,True,True,False,39.42259439251454,1.3140864797504848,1505.54964616091,5.667848928154234e-16,6.836219262631319e-16,True,5,0.8961263653388434
1493,0.64,0.08,multistart,True,False,False,1.7255031882929162,0.057516772943097205,31.03457796263802,6.25912846566851e-15,2.85956829112708e-14,True,3,0.8961263653388423
1493,0.64,0.08,graph,True,False,False,1.7255031882929162,0.057516772943097205,31.034577962638423,6.575567672563764e-15,4.026555009616237e-14,True,3,0.8961263653388418
1493,0.64,0.08,best,True,False,False,1.7255031882929162,0.057516772943097205,31.03457796263802,6.25912846566851e-15,2.85956829112708e-14,True,3,0.8961263653388423
1493,0.64,0.08,screened_graph,True,True,False,26.883108058829716,0.8961036019609905,473.17509183617017,3.7180300377791816e-15,2.6480674262708295e-14,True,3,0.80527279167252
1493,0.64,0.08,screened_best,True,True,False,26.883108058829716,0.8961036019609905,473.17509183617017,3.7180300377791816e-15,2.6480674262708295e-14,True,3,0.80527279167252
1493,0.64,0.08,bounded_attempt,False,True,False,9.999999999999991,0.33333333333333304,237.70000536537142,0.0009063702846762198,0.04641127480352766,True,3,0.8052727916725209
1493,0.64,0.08,selected,True,True,False,26.883108058829716,0.8961036019609905,473.17509183617017,3.7180300377791816e-15,2.6480674262708295e-14,True,3,0.80527279167252
1494,0.66,0.08,baseline,True,True,False,39.65177580417318,1.321725860139106,936.0228353740677,1.5908085827417539e-15,1.0930570809672336e-14,True,3,0.9806995807032417
1494,0.66,0.08,local,True,True,False,39.65177580417972,1.321725860139324,936.022835374458,1.5908085827417539e-15,1.0930570809672336e-14,True,3,0.9806995807032417
1494,0.66,0.08,multistart,True,False,False,1.7527011172648654,0.058423370575495515,31.57825766729404,5.556802103041971e-15,2.7198217775988455e-14,True,3,0.9806995807032421
1494,0.66,0.08,graph,True,False,False,1.752701117264862,0.058423370575495404,31.57825766729394,4.151291502939415e-15,2.098268395699213e-14,True,3,0.9806995807032417
1494,0.66,0.08,best,True,False,False,1.752701117264862,0.058423370575495404,31.57825766729394,4.151291502939415e-15,2.098268395699213e-14,True,3,0.9806995807032417
1494,0.66,0.08,screened_graph,True,True,False,24.353394744996386,0.8117798248332129,329.95433819281266,1.931569216081982e-15,5.3192300864950744e-14,True,3,0.059152070263776224
1494,0.66,0.08,screened_best,True,True,False,24.353394744996386,0.8117798248332129,329.95433819281266,1.931569216081982e-15,5.3192300864950744e-14,True,3,0.059152070263776224
1494,0.66,0.08,bounded_attempt,False,True,False,9.999999999999991,0.33333333333333304,244.13459625808756,0.0008183795624080798,0.0432664214036258,True,3,0.047284816485912984
1494,0.66,0.08,selected,True,True,False,24.353394744996386,0.8117798248332129,329.95433819281266,1.931569216081982e-15,5.3192300864950744e-14,True,3,0.059152070263776224
1495,0.68,0.08,baseline,True,True,False,26.11044931222095,0.870348310407365,575.2411242289468,3.469446951953614e-16,5.675065065267142e-16,True,3,1.0684993202570359
1495,0.68,0.08,local,True,True,False,26.110449312221046,0.8703483104073682,575.2411242289504,2.486410087150353e-16,5.790547498447947e-16,True,3,1.0684993202570354
1495,0.68,0.08,multistart,True,False,False,1.7880172810942252,0.05960057603647417,32.265698409128476,5.417672226377439e-16,1.1461626639045114e-15,True,3,0.9910821560331868
1495,0.68,0.08,graph,True,False,False,1.7880172810942252,0.05960057603647417,32.26569840912887,6.153453210423258e-15,2.6085651789366732e-14,True,3,1.0684993202570374
1495,0.68,0.08,best,True,False,False,1.7880172810942252,0.05960057603647417,32.265698409128476,1.6149706129721952e-14,1.0173808063948007e-13,True,3,1.068499320257037
1495,0.68,0.08,screened_graph,True,True,False,20.298443991157217,0.6766147997052405,309.04171483267413,3.9968028886505635e-15,3.989263801525928e-14,True,3,0.2197433744747359
1495,0.68,0.08,screened_best,True,True,False,20.298443991157217,0.6766147997052405,309.04171483267413,3.9968028886505635e-15,3.989263801525928e-14,True,3,0.2197433744747359
1495,0.68,0.08,bounded_attempt,False,True,False,9.999999999999991,0.33333333333333304,232.1680547881454,0.0007588261679700186,0.039274160529276285,True,3,0.2197433744747359
1495,0.68,0.08,selected,True,True,False,20.298443991157217,0.6766147997052405,309.04171483267413,3.9968028886505635e-15,3.989263801525928e-14,True,3,0.2197433744747359
1496,0.7000000000000001,0.08,baseline,True,True,False,26.0379256107193,0.8679308536906433,424.56469389406743,1.387848167985848e-15,7.518683901257786e-15,True,3,1.1604174452904634
1496,0.7000000000000001,0.08,local,True,True,False,26.03792561072026,0.8679308536906754,424.5646938941264,1.2237659599594665e-15,7.359199964102727e-15,True,3,1.160417445290463
1496,0.7000000000000001,0.08,multistart,True,False,False,1.8331553715004567,0.061105179050015224,33.12166679274298,5.571136756535021e-16,9.232901719580903e-16,True,3,1.1604174452904623
1496,0.7000000000000001,0.08,graph,True,False,False,1.8331553715004567,0.061105179050015224,33.12166679274298,4.0083750524433855e-16,8.133707532390786e-16,True,3,1.1604174452904632
1496,0.7000000000000001,0.08,best,True,False,False,1.8331553715004567,0.061105179050015224,33.12166679274298,5.571136756535021e-16,9.232901719580903e-16,True,3,1.1604174452904623
1496,0.7000000000000001,0.08,screened_graph,True,True,False,17.816950276161943,0.5938983425387314,247.72351008597704,4.7955789654823316e-15,2.278636193017554e-14,True,3,0.8649290945497281
1496,0.7000000000000001,0.08,screened_best,True,True,False,17.816950276161943,0.5938983425387314,247.72351008597704,4.7955789654823316e-15,2.278636193017554e-14,True,3,0.8649290945497281
1496,0.7000000000000001,0.08,bounded_attempt,False,True,False,9.999999999999998,0.33333333333333326,167.7790704148312,0.0005912684709934459,0.03231603022498262,True,3,0.8649290945497281
1496,0.7000000000000001,0.08,selected,True,True,False,17.816950276161943,0.5938983425387314,247.72351008597704,4.7955789654823316e-15,2.278636193017554e-14,True,3,0.8649290945497281
1497,0.72,0.08,baseline,True,True,False,21.218910313074517,0.7072970104358172,295.3402824390938,3.4050107584574765e-16,5.846918865444319e-16,True,3,1.2574654062085344
1497,0.72,0.08,local,True,True,False,21.21891031307468,0.7072970104358227,295.3402824390978,3.3335590258932494e-16,7.966820258013645e-16,True,3,1.2574654062085342
1497,0.72,0.08,multistart,True,False,False,1.8906294083445003,0.06302098027815001,34.180279126737126,5.004188655705841e-16,9.24931392751273e-16,True,3,1.2574654062085338
1497,0.72,0.08,graph,True,False,False,1.8906294083445003,0.06302098027815001,34.180279126737126,5.004188655705841e-16,9.24931392751273e-16,True,3,1.2574654062085338
1497,0.72,0.08,best,True,False,False,1.8906294083444886,0.06302098027814962,34.18027912673703,6.1182327204971e-15,4.569112489219508e-14,True,3,1.2574654062085342
1497,0.72,0.08,screened_graph,True,True,False,16.472721395853096,0.5490907131951032,183.38480122513099,6.346084149248355e-15,2.5985565496884402e-14,True,3,0.9462801652440103
1497,0.72,0.08,screened_best,True,True,False,16.472721395853096,0.5490907131951032,183.38480122513099,6.346084149248355e-15,2.5985565496884402e-14,True,3,0.9462801652440103
1497,0.72,0.08,bounded_attempt,False,True,False,9.999999999999998,0.33333333333333326,224.76867912529826,0.0005498353036737792,0.02884766813065461,True,3,0.9462801652440103
1497,0.72,0.08,selected,True,True,False,16.472721395853096,0.5490907131951032,183.38480122513099,6.346084149248355e-15,2.5985565496884402e-14,True,3,0.9462801652440103
1498,0.74,0.08,baseline,True,True,False,16.91074551528469,0.5636915171761564,223.48141381216885,1.3413619579722565e-15,6.436451328138069e-15,True,3,1.360846135791787
1498,0.74,0.08,local,True,True,False,16.91074551528538,0.5636915171761794,223.48141381213983,9.558814329538546e-16,4.037977675582732e-15,True,3,1.360846135791786
1498,0.74,0.08,multistart,True,False,False,1.9642950489737965,0.06547650163245988,35.48693427713112,6.742162969878415e-16,1.2585069118924183e-15,True,3,0.871407213389574
1498,0.74,0.08,graph,True,False,False,1.964295048973795,0.06547650163245983,35.48693427713192,1.1344828403584895e-14,3.7346971257391066e-14,True,3,1.360846135791786
1498,0.74,0.08,best,True,False,False,1.9642950489737898,0.06547650163245966,35.48693427713232,1.5499976654213804e-14,7.447306626627525e-14,True,3,1.3608461357917858
1498,0.74,0.08,screened_graph,True,True,False,13.586252717970254,0.45287509059900843,155.23706968729095,2.7389652184037992e-15,1.5120223890346157e-14,True,3,1.0196438614494054
1498,0.74,0.08,screened_best,True,True,False,13.586252717970254,0.45287509059900843,155.23706968729095,2.7389652184037992e-15,1.5120223890346157e-14,True,3,1.0196438614494054
1498,0.74,0.08,bounded_attempt,False,True,False,9.999999999999998,0.33333333333333326,232.61479176706428,0.00038889309625017636,0.019712875862461024,True,3,1.0196438614494054
1498,0.74,0.08,selected,True,True,False,13.586252717970254,0.45287509059900843,155.23706968729095,2.7389652184037992e-15,1.5120223890346157e-14,True,3,1.0196438614494054
1499,0.76,0.08,baseline,True,True,False,14.762417868547793,0.49208059561825973,153.51884001715717,2.8402037905872067e-15,2.05705640367456e-14,True,3,1.4722915039914901
1499,0.76,0.08,local,True,True,False,14.762417868547754,0.49208059561825845,153.518840017159,4.475989973903898e-16,1.3641724022749435e-15,True,3,1.4722915039914897
1499,0.76,0.08,multistart,True,False,False,2.0604134481531635,0.06868044827177211,37.093793856454475,5.209256464834128e-16,8.563913590671102e-16,True,3,1.472291503991489
1499,0.76,0.08,graph,True,False,False,2.0604134481531635,0.06868044827177211,37.093793856454475,5.209256464834128e-16,8.563913590671102e-16,True,3,1.472291503991489
1499,0.76,0.08,best,True,False,False,2.0604134481531635,0.06868044827177211,37.093793856454475,5.209256464834128e-16,8.563913590671102e-16,True,3,1.472291503991489
1499,0.76,0.08,screened_graph,True,True,False,12.456611404020293,0.41522038013400975,122.79592407853761,3.884020682410275e-15,4.2808416504766936e-14,True,3,0.1354206909910154
1499,0.76,0.08,screened_best,True,True,False,12.456611404020293,0.41522038013400975,122.79592407853761,3.884020682410275e-15,4.2808416504766936e-14,True,3,0.1354206909910154
1499,0.76,0.08,bounded_attempt,False,True,False,9.999999999999991,0.33333333333333304,178.82505054981522,0.0002012279290379834,0.010876777701029459,True,3,0.1335458367293727
1499,0.76,0.08,selected,True,True,False,12.456611404020293,0.41522038013400975,122.79592407853761,3.884020682410275e-15,4.2808416504766936e-14,True,3,0.1354206909910154
1500,0.78,0.08,baseline,True,True,False,11.688926018920093,0.3896308672973364,111.40009931156739,2.3555577509431258e-15,8.910934602677027e-15,True,3,1.5944550105726762
1500,0.78,0.08,local,True,True,False,11.688926018919872,0.3896308672973291,111.40009931156864,2.1810462405005095e-15,9.248034724997245e-15,True,3,1.5944550105726758
1500,0.78,0.08,multistart,True,True,True,2.1900484079960636,0.07300161359986879,39.00803919499181,7.817272998649017e-16,7.894497640785698e-16,True,3,1.5374825262980298
1500,0.78,0.08,graph,True,True,True,2.1900484079960503,0.07300161359986834,39.008039194996805,6.894691135383655e-16,9.08336478967432e-16,True,3,0.7758824403560913
1500,0.78,0.08,best,True,True,True,2.1900484079960503,0.07300161359986834,39.008039194996805,6.894691135383655e-16,9.08336478967432e-16,True,3,0.7758824403560913
1500,0.78,0.08,screened_graph,True,True,True,2.1900484079960503,0.07300161359986834,39.008039194996805,6.894691135383655e-16,9.08336478967432e-16,True,3,0.7758824403560913
1500,0.78,0.08,screened_best,True,True,True,2.1900484079960503,0.07300161359986834,39.008039194996805,6.894691135383655e-16,9.08336478967432e-16,True,3,0.7758824403560913
1500,0.78,0.08,bounded_attempt,True,True,True,2.190048407996067,0.0730016135998689,39.008039194990005,9.887644110819978e-14,7.087878855124387e-13,True,3,0.7758824403560913
1500,0.78,0.08,selected,True,True,True,2.1900484079960503,0.07300161359986834,39.008039194996805,6.894691135383655e-16,9.08336478967432e-16,True,3,0.7758824403560913
1517,0.4,0.1,baseline,True,True,False,25.762501953566208,0.8587500651188735,1166.7949690055673,2.818011167417881e-15,2.2786308689473186e-14,True,3,0.030985110698391605
1517,0.4,0.1,local,True,True,False,25.762501953565174,0.8587500651188391,1166.794969005523,2.68828189059828e-15,2.2349647019843627e-14,True,3,0.030985110698391605
1517,0.4,0.1,multistart,True,False,False,2.7753085677627087,0.09251028559209029,35.109440317235666,4.3597527061881495e-14,3.8465396966665854e-13,True,1,0.030985110698390717
1517,0.4,0.1,graph,True,False,False,2.7753085677627087,0.09251028559209029,35.109440317235666,4.3597527061881495e-14,3.8465396966665854e-13,True,1,0.030985110698390717
1517,0.4,0.1,best,True,False,False,2.7753085677627087,0.09251028559209029,35.109440317235666,4.3597527061881495e-14,3.8465396966665854e-13,True,1,0.030985110698390717
1517,0.4,0.1,screened_graph,True,True,False,25.762501953566208,0.8587500651188735,1166.7949690055673,2.818011167417881e-15,2.2786308689473186e-14,True,3,0.030985110698391605
1517,0.4,0.1,screened_best,True,True,False,25.762501953563536,0.8587500651187845,1166.7949690053767,1.015129585838101e-14,8.415433727879337e-14,True,3,0.03098511069839338
1517,0.4,0.1,bounded_attempt,False,True,False,9.999999999999991,0.33333333333333304,425.52559057512394,0.0003362304200316115,0.010315429923854015,True,3,0.030985110698507068
1517,0.4,0.1,selected,True,True,False,25.762501953563536,0.8587500651187845,1166.7949690053767,1.015129585838101e-14,8.415433727879337e-14,True,3,0.03098511069839338
1518,0.42,0.1,baseline,True,True,False,45.06321470789489,1.5021071569298297,1061.9014716636436,4.465133746853626e-15,4.5896212117252636e-14,True,5,0.0960302851164272
1518,0.42,0.1,local,True,True,False,45.06321470789577,1.502107156929859,1061.9014716636968,4.459091088870944e-15,4.559369847004151e-14,True,5,0.0960302851164272
1518,0.42,0.1,multistart,True,False,False,2.457351020321652,0.0819117006773884,32.978461034991604,5.003495853310487e-15,5.6629247992437794e-14,True,1,0.09603028511642586
1518,0.42,0.1,graph,True,False,False,2.457351020321652,0.0819117006773884,32.978461034991604,5.003495853310487e-15,5.6629247992437794e-14,True,1,0.09603028511642586
1518,0.42,0.1,best,True,False,False,2.457351020321652,0.0819117006773884,32.978461034991604,5.003495853310487e-15,5.6629247992437794e-14,True,1,0.09603028511642586
1518,0.42,0.1,screened_graph,True,True,False,10.196702198811987,0.3398900732937329,480.65258649336374,9.71549224380271e-15,5.4058790749864004e-14,True,5,0.0960302851164263
1518,0.42,0.1,screened_best,True,True,False,10.196702198811987,0.3398900732937329,480.65258649336374,9.71549224380271e-15,5.4058790749864004e-14,True,5,0.0960302851164263
1518,0.42,0.1,bounded_attempt,True,True,True,9.999999999999991,0.33333333333333304,468.8683134849698,1.6218042840344945e-06,5.230674787273094e-05,True,5,0.09603028511605816
1518,0.42,0.1,selected,True,True,True,9.999999999999991,0.33333333333333304,468.8683134849698,1.6218042840344945e-06,5.230674787273094e-05,True,5,0.09603028511605816
1519,0.44,0.1,baseline,True,True,False,35.3001620249196,1.1766720674973201,713.3178157740083,2.621543135931853e-15,1.3338162338433165e-14,True,5,0.16205931682497798
1519,0.44,0.1,local,True,True,False,35.30016202491991,1.1766720674973303,713.3178157740211,2.7007276859453914e-15,1.3397065299951043e-14,True,5,0.16205931682497798
1519,0.44,0.1,multistart,True,False,False,2.2025684693098757,0.07341894897699586,32.05189730015352,7.052224240117079e-15,4.1602257001990174e-14,True,1,0.16205931682497843
1519,0.44,0.1,graph,True,False,False,2.2025684693098757,0.07341894897699586,32.05189730015352,7.052224240117079e-15,4.1602257001990174e-14,True,1,0.16205931682497843
1519,0.44,0.1,best,True,False,False,2.2025684693098757,0.07341894897699586,32.051897300144326,3.3743577795206864e-15,1.9128457748921253e-14,True,1,0.16205931682497798
1519,0.44,0.1,screened_graph,True,True,False,22.60529406413763,0.7535098021379211,1032.2875404868958,4.1191555942998253e-16,9.826061603177365e-16,True,3,0.16205931682497798
1519,0.44,0.1,screened_best,True,True,False,22.60529406413763,0.7535098021379211,1032.2875404868958,4.1191555942998253e-16,9.826061603177365e-16,True,3,0.16205931682497798
1519,0.44,0.1,bounded_attempt,False,True,False,9.999999999999996,0.3333333333333332,590.352130582491,0.0003078134084642476,0.010758679669297878,True,3,0.1620593168249571
1519,0.44,0.1,selected,True,True,False,22.60529406413763,0.7535098021379211,1032.2875404868958,4.1191555942998253e-16,9.826061603177365e-16,True,3,0.16205931682497798
1520,0.46,0.1,baseline,True,True,False,29.950644761292644,0.9983548253764214,523.1430419226093,1.2827761084789717e-15,9.01198650249344e-15,True,5,0.22910176038057983
1520,0.46,0.1,local,True,True,False,29.950644761292388,0.998354825376413,523.1430419226009,1.2851760658783268e-15,8.223123963125593e-15,True,5,0.22910176038057983
1520,0.46,0.1,multistart,True,False,False,2.0960730556875617,0.06986910185625206,31.33217571575777,6.782150296239657e-15,4.468213848448444e-14,True,4,0.2291017603805794
1520,0.46,0.1,graph,True,False,False,2.0960730556875617,0.06986910185625206,31.332175715758172,3.300820962978162e-15,1.6370721470136456e-14,True,4,0.22910176038057983
1520,0.46,0.1,best,True,False,False,2.096073055687555,0.06986910185625184,31.332175715762865,5.413991651509324e-15,1.6890145836138624e-14,True,4,0.22910176038057983
1520,0.46,0.1,screened_graph,True,True,False,29.95064476128798,0.998354825376266,523.1430419223324,3.1465569529417232e-15,1.2840595187351433e-14,True,5,0.22910176038057983
1520,0.46,0.1,screened_best,True,True,False,29.95064476128798,0.998354825376266,523.1430419223324,3.1465569529417232e-15,1.2840595187351433e-14,True,5,0.22910176038057983
1520,0.46,0.1,bounded_attempt,False,True,False,9.999999999999995,0.33333333333333315,241.93990945800357,0.0026998387905685607,0.10588223740164647,True,5,0.2291017603805785
1520,0.46,0.1,selected,True,True,False,29.95064476128798,0.998354825376266,523.1430419223324,3.1465569529417232e-15,1.2840595187351433e-14,True,5,0.22910176038057983
1521,0.48,0.1,baseline,True,True,False,27.723253133900418,0.9241084377966806,407.85304197531246,1.4341872892358123e-15,1.3145727891008597e-14,True,5,0.2972196338137505
1521,0.48,0.1,local,True,True,False,27.72325313390047,0.9241084377966824,407.85304197531525,1.4341872892358123e-15,1.2531230434886426e-14,True,5,0.2972196338137505
1521,0.48,0.1,multistart,True,False,False,2.022203762992383,0.0674067920997461,30.785932738103796,7.804451320957209e-15,4.27564891905899e-14,True,4,0.2972196338137505
1521,0.48,0.1,graph,True,False,False,2.0222037629923495,0.06740679209974498,30.785932738103796,5.122257452663877e-15,3.867126293030372e-14,True,4,0.2972196338137505
1521,0.48,0.1,best,True,False,False,2.0222037629923495,0.06740679209974498,30.785932738103796,5.122257452663877e-15,3.867126293030372e-14,True,4,0.2972196338137505
1521,0.48,0.1,screened_graph,True,True,False,27.72325313389208,0.9241084377964026,407.8530419750615,1.6196038355892515e-15,1.2100865976478265e-14,True,5,0.07667249027470646
1521,0.48,0.1,screened_best,True,True,False,27.72325313389208,0.9241084377964026,407.8530419750615,1.6196038355892515e-15,1.2100865976478265e-14,True,5,0.07667249027470646
1521,0.48,0.1,bounded_attempt,False,True,False,9.999999999999995,0.33333333333333315,221.97159663945808,0.0022395107661065277,0.09139755299888913,True,5,0.04752160828104035
1521,0.48,0.1,selected,True,True,False,27.72325313389208,0.9241084377964026,407.8530419750615,1.6196038355892515e-15,1.2100865976478265e-14,True,5,0.07667249027470646
1522,0.5,0.1,baseline,True,True,False,23.521968434127505,0.7840656144709168,375.104836951326,1.2948057833470968e-15,1.0665789399580059e-14,True,5,0.3665015159086007
1522,0.5,0.1,local,True,True,False,23.52196843412761,0.7840656144709204,375.10483695133,1.3127536380592129e-15,1.0997737535206137e-14,True,5,0.3665015159086007
1522,0.5,0.1,multistart,True,False,False,1.954002873075995,0.06513342910253317,30.388982905852245,4.419329177606266e-15,2.145009112074172e-14,True,4,0.36650151590860025
1522,0.5,0.1,graph,True,False,False,1.954002873075995,0.06513342910253317,30.388982905852245,4.419329177606266e-15,2.145009112074172e-14,True,4,0.36650151590860025
1522,0.5,0.1,best,True,False,False,1.954002873075995,0.06513342910253317,30.388982905852245,4.419329177606266e-15,2.145009112074172e-14,True,4,0.36650151590860025
1522,0.5,0.1,screened_graph,True,True,False,23.521968434126418,0.7840656144708806,375.10483695129693,3.032479232980858e-15,1.2716607412344063e-14,True,5,0.07540276470066587
1522,0.5,0.1,screened_best,True,True,False,23.521968434126418,0.7840656144708806,375.10483695129693,3.032479232980858e-15,1.2716607412344063e-14,True,5,0.07540276470066587
1522,0.5,0.1,bounded_attempt,False,True,False,9.999999999999995,0.33333333333333315,176.0932373021529,0.0018477687176917494,0.07826446141134039,True,5,0.05401939441218051
1522,0.5,0.1,selected,True,True,False,23.521968434126418,0.7840656144708806,375.10483695129693,3.032479232980858e-15,1.2716607412344063e-14,True,5,0.07540276470066587
1523,0.52,0.1,baseline,True,True,False,25.421043086113894,0.8473681028704632,329.19340713397366,3.379462171739212e-16,3.269625097701147e-15,True,5,0.43678198092498244
1523,0.52,0.1,local,True,True,False,25.421043086114068,0.8473681028704689,329.1934071339805,2.9010883917888854e-16,3.0608620926711203e-15,True,5,0.43678198092498244
1523,0.52,0.1,multistart,True,False,False,1.890072401879277,0.0630024133959759,30.124080601819927,5.4653117654430765e-15,2.799222624732857e-14,True,4,0.436781980924982
1523,0.52,0.1,graph,True,False,False,1.8900724018792703,0.06300241339597568,30.124080601819525,3.1799520708660347e-15,1.8146338556036955e-14,True,4,0.43678198092498155
1523,0.52,0.1,best,True,False,False,1.8900724018792703,0.06300241339597568,30.124080601819525,3.1799520708660347e-15,1.8146338556036955e-14,True,4,0.43678198092498155
1523,0.52,0.1,screened_graph,True,True,False,25.421043086113894,0.8473681028704632,329.19340713397366,3.379462171739212e-16,3.269625097701147e-15,True,5,0.43678198092498244
1523,0.52,0.1,screened_best,True,True,False,25.421043086113894,0.8473681028704632,329.19340713397366,3.379462171739212e-16,3.269625097701147e-15,True,5,0.43678198092498244
1523,0.52,0.1,bounded_attempt,False,True,False,9.999999999999991,0.33333333333333304,184.04998809410006,0.001637102458778327,0.07157357305609736,True,5,0.43678198092498155
1523,0.52,0.1,selected,True,True,False,25.421043086113894,0.8473681028704632,329.19340713397366,3.379462171739212e-16,3.269625097701147e-15,True,5,0.43678198092498244
1524,0.54,0.1,baseline,True,True,False,25.46360739300264,0.848786913100088,335.73477083127966,1.3380375466713835e-15,1.5149250200170634e-14,True,5,0.484877077934212
1524,0.54,0.1,local,True,True,False,25.46360739300235,0.8487869131000783,335.7347708312684,1.3375336726009194e-15,1.5024786445789805e-14,True,5,0.484877077934212
1524,0.54,0.1,multistart,True,False,False,1.8292216381131876,0.06097405460377292,29.979400117679145,6.65468505199458e-15,3.6039052735534316e-14,True,4,0.5078759430280186
1524,0.54,0.1,graph,True,False,False,1.8292216381131876,0.06097405460377292,29.979400117679145,6.65468505199458e-15,3.6039052735534316e-14,True,4,0.5078759430280186
1524,0.54,0.1,best,True,False,False,1.8292216381131876,0.06097405460377292,29.979400117679145,6.65468505199458e-15,3.6039052735534316e-14,True,4,0.5078759430280186
1524,0.54,0.1,screened_graph,True,True,False,25.463607393002114,0.8487869131000705,335.73477083123385,3.2664727895544647e-15,1.0507518124537324e-14,True,5,0.5078759430280186
1524,0.54,0.1,screened_best,True,True,False,25.463607393002114,0.8487869131000705,335.73477083123385,3.2664727895544647e-15,1.0507518124537324e-14,True,5,0.5078759430280186
1524,0.54,0.1,bounded_attempt,False,True,False,9.999999999999998,0.33333333333333326,245.80500050863773,0.0015316835353443865,0.06967887454215034,True,5,0.5078759430280186
1524,0.54,0.1,selected,True,True,False,25.463607393002114,0.8487869131000705,335.73477083123385,3.2664727895544647e-15,1.0507518124537324e-14,True,5,0.5078759430280186
1525,0.56,0.1,baseline,True,True,False,24.943607038640906,0.8314535679546968,386.66070535600153,1.5940136058484822e-15,9.143579352768252e-15,True,5,0.44173886317226607
1525,0.56,0.1,local,True,True,False,24.94360703864105,0.8314535679547017,386.66070535600113,1.518270578795849e-15,9.345342948759879e-15,True,5,0.44173886317226696
1525,0.56,0.1,multistart,True,False,False,1.770389483140431,0.0590129827713477,29.947544861189314,7.34684699511602e-15,3.816678816859266e-14,True,4,0.5806177653558149
1525,0.56,0.1,graph,True,False,False,1.770389483140431,0.0590129827713477,29.947544861189314,7.34684699511602e-15,3.816678816859266e-14,True,4,0.5806177653558149
1525,0.56,0.1,best,True,False,False,1.770389483140431,0.0590129827713477,29.947544861189314,7.34684699511602e-15,3.816678816859266e-14,True,4,0.5806177653558149
1525,0.56,0.1,screened_graph,True,True,False,24.943607038631093,0.8314535679543698,386.66070535553865,2.3690404071984175e-15,8.512617571040694e-15,True,5,0.5806177653558144
1525,0.56,0.1,screened_best,True,True,False,24.943607038631093,0.8314535679543698,386.66070535553865,2.3690404071984175e-15,8.512617571040694e-15,True,5,0.5806177653558144
1525,0.56,0.1,bounded_attempt,False,True,False,9.999999999999998,0.33333333333333326,155.74961917434297,0.00148315940106367,0.06895645804938362,True,5,0.5806177653558153
1525,0.56,0.1,selected,True,True,False,24.943607038631093,0.8314535679543698,386.66070535553865,2.3690404071984175e-15,8.512617571040694e-15,True,5,0.5806177653558144
1526,0.58,0.1,baseline,True,True,False,24.786523324902667,0.8262174441634222,427.9640439423953,2.822074681157481e-15,2.815347070061958e-14,True,5,0.3906641590234834
1526,0.58,0.1,local,True,True,False,24.786523324903055,0.8262174441634351,427.9640439424088,2.822074681157481e-15,2.8394575977164634e-14,True,5,0.3906641590234834
1526,0.58,0.1,multistart,True,False,False,1.7125779354487758,0.05708593118162586,30.024958329224027,1.0021610275608228e-14,5.386842086238162e-14,True,4,0.6551852244622107
1526,0.58,0.1,graph,True,False,False,1.7125779354487758,0.05708593118162586,30.024958329224027,1.0021610275608228e-14,5.386842086238162e-14,True,4,0.6551852244622107
1526,0.58,0.1,best,True,False,False,1.7125779354487758,0.05708593118162586,30.024958329223526,9.064182315883862e-15,8.709265172287474e-15,True,4,0.6551852244622101
1526,0.58,0.1,screened_graph,True,True,False,24.786523324901882,0.826217444163396,427.96404394234173,1.1003965651368998e-14,3.774055499840208e-14,True,5,0.05446112405468906
1526,0.58,0.1,screened_best,True,True,False,24.786523324899264,0.8262174441633088,427.9640439422638,1.1687042040479822e-15,7.80758040722324e-15,True,5,0.6551852244622101
1526,0.58,0.1,bounded_attempt,False,True,False,9.999999999999998,0.33333333333333326,140.5282921874771,0.0014724927662329366,0.06973230757902889,True,5,0.6551852244622107
1526,0.58,0.1,selected,True,True,False,24.786523324899264,0.8262174441633088,427.9640439422638,1.1687042040479822e-15,7.80758040722324e-15,True,5,0.6551852244622101
1527,0.6,0.1,baseline,True,True,False,28.482573267070634,0.9494191089023545,511.2222398121043,1.3575427668343072e-15,9.190931035034947e-15,True,5,0.33310514943360836
1527,0.6,0.1,local,True,True,False,28.482573267071196,0.9494191089023731,511.2222398121261,1.3575427668343072e-15,9.190931035034947e-15,True,5,0.33310514943360836
1527,0.6,0.1,multistart,True,False,False,1.705329003232956,0.0568443001077652,30.21166320690387,2.140792153365776e-15,9.149168431554199e-15,True,3,0.7317965287968
1527,0.6,0.1,graph,True,False,False,1.705329003232956,0.0568443001077652,30.21166320690417,2.482534153247273e-15,1.2533598004110205e-14,True,3,0.7317965287967987
1527,0.6,0.1,best,True,False,False,1.7053290032329527,0.05684430010776509,30.21166320690417,9.888155106826105e-15,1.3452138569204524e-14,True,3,0.7317965287967996
1527,0.6,0.1,screened_graph,True,True,False,28.482573267070634,0.9494191089023545,511.2222398121043,1.3575427668343072e-15,9.190931035034947e-15,True,5,0.33310514943360836
1527,0.6,0.1,screened_best,True,True,False,28.482573267070634,0.9494191089023545,511.2222398121043,1.3575427668343072e-15,9.190931035034947e-15,True,5,0.33310514943360836
1527,0.6,0.1,bounded_attempt,False,True,False,9.999999999999991,0.33333333333333304,140.709731630681,0.0015894859095336687,0.07641579827623181,True,5,0.3943134635071015
1527,0.6,0.1,selected,True,True,False,28.482573267070634,0.9494191089023545,511.2222398121043,1.3575427668343072e-15,9.190931035034947e-15,True,5,0.33310514943360836
1528,0.62,0.1,baseline,True,True,False,32.76636337471664,1.0922121124905546,671.2423085068243,2.340208193699771e-15,8.133564223085336e-15,True,5,0.271692173921382
1528,0.62,0.1,local,True,True,False,32.76636337471658,1.0922121124905528,671.2423085068458,2.2343238370581275e-15,1.1111943039196624e-14,True,5,0.271692173921382
1528,0.62,0.1,multistart,True,False,False,1.7171830233932317,0.05723943411310772,30.51130059649574,4.118313910115614e-15,1.5455725365416055e-14,True,3,0.8107187262576507
1528,0.62,0.1,graph,True,False,False,1.7171830233932317,0.05723943411310772,30.51130059649574,4.118313910115614e-15,1.5455725365416055e-14,True,3,0.8107187262576507
1528,0.62,0.1,best,True,False,False,1.7171830233932317,0.05723943411310772,30.51130059649574,4.118313910115614e-15,1.5455725365416055e-14,True,3,0.8107187262576507
1528,0.62,0.1,screened_graph,True,True,False,13.508904896750868,0.4502968298916956,608.9548662832266,1.682017652875579e-14,1.6048401749611217e-13,True,3,0.09673367171939073
1528,0.62,0.1,screened_best,True,True,False,13.508904896750868,0.4502968298916956,608.9548662832266,1.682017652875579e-14,1.6048401749611217e-13,True,3,0.09673367171939073
1528,0.62,0.1,bounded_attempt,False,True,False,9.999999999999991,0.33333333333333304,503.53644071968057,4.45911023307733e-05,0.0022919043378966703,True,3,0.09673367171929304
1528,0.62,0.1,selected,True,True,False,13.508904896750868,0.4502968298916956,608.9548662832266,1.682017652875579e-14,1.6048401749611217e-13,True,3,0.09673367171939073
1529,0.64,0.1,baseline,True,True,False,36.92160642010667,1.2307202140035556,892.3917085043508,1.8965407362188667e-15,8.70642089918005e-15,True,5,0.2097125117902907
1529,0.64,0.1,local,True,True,False,36.92160642010669,1.2307202140035565,892.3917085043526,1.8965407362188667e-15,8.70642089918005e-15,True,5,0.2097125117902907
1529,0.64,0.1,multistart,True,False,False,1.7357009988072036,0.05785669996024012,30.931484282018484,5.630825826506995e-15,3.4209473595911814e-14,True,3,0.055429398261690466
1529,0.64,0.1,graph,True,False,False,1.7357009988072036,0.05785669996024012,30.931484282018484,5.630825826506995e-15,3.4209473595911814e-14,True,3,0.055429398261690466
1529,0.64,0.1,best,True,False,False,1.7357009988072036,0.05785669996024012,30.931484282018484,5.630825826506995e-15,3.4209473595911814e-14,True,3,0.055429398261690466
1529,0.64,0.1,screened_graph,True,True,False,12.279691929447129,0.4093230643149043,500.50212926278124,1.0827205667230091e-14,6.847171119643077e-14,True,5,0.8922802625434154
1529,0.64,0.1,screened_best,True,True,False,12.279691929447129,0.4093230643149043,500.50212926278124,1.0827205667230091e-14,6.847171119643077e-14,True,5,0.8922802625434154
1529,0.64,0.1,bounded_attempt,False,True,False,9.999999999999998,0.33333333333333326,432.26742909950565,3.411931690155126e-05,0.0018185637395126458,True,5,0.8922802625434154
1529,0.64,0.1,selected,True,True,False,12.279691929447129,0.4093230643149043,500.50212926278124,1.0827205667230091e-14,6.847171119643077e-14,True,5,0.8922802625434154
1530,0.66,0.1,baseline,True,True,False,30.805799535068378,1.0268599845022792,1554.6453969176353,3.5354328361705813e-16,6.7884453058767e-16,True,3,0.9768894933643426
1530,0.66,0.1,local,True,True,False,30.805799535068978,1.0268599845022992,1554.6453969176662,3.5354328361705813e-16,6.7884453058767e-16,True,3,0.9768894933643426
1530,0.66,0.1,multistart,True,False,False,1.7616398795512778,0.058721329318375926,31.484531288566366,2.748853132455221e-15,1.2826396636300709e-14,True,3,0.9768894933643422
1530,0.66,0.1,graph,True,False,False,1.7616398795512778,0.058721329318375926,31.484531288566366,2.748853132455221e-15,1.2826396636300709e-14,True,3,0.9768894933643422
1530,0.66,0.1,best,True,False,False,1.7616398795512778,0.058721329318375926,31.484531288565567,3.922973489536926e-15,1.2471252219640397e-14,True,3,0.9768894933643426
1530,0.66,0.1,screened_graph,True,True,False,30.805799535068378,1.0268599845022792,1554.6453969176353,3.5354328361705813e-16,6.7884453058767e-16,True,3,0.9768894933643426
1530,0.66,0.1,screened_best,True,True,False,30.805799535068378,1.0268599845022792,1554.6453969176353,3.5354328361705813e-16,6.7884453058767e-16,True,3,0.9768894933643426
1530,0.66,0.1,bounded_attempt,False,True,False,9.999999999999991,0.33333333333333304,438.1300200691877,0.00011878553607006388,0.00626296121237202,True,3,0.9768894933643415
1530,0.66,0.1,selected,True,True,False,30.805799535068378,1.0268599845022792,1554.6453969176353,3.5354328361705813e-16,6.7884453058767e-16,True,3,0.9768894933643426
1531,0.68,0.1,baseline,True,True,False,10.56335520951603,0.352111840317201,392.60619104611186,8.968100940422724e-16,5.968481433611406e-15,True,5,1.0650622873466495
1531,0.68,0.1,local,True,True,False,10.56335520951599,0.35211184031719966,392.6061910461098,8.968100940422724e-16,5.968481433611406e-15,True,5,1.0650622873466495
1531,0.68,0.1,multistart,True,False,False,1.7961399197766603,0.05987133065922201,32.18868326820106,7.922952910902239e-15,4.3409324430194613e-14,True,3,1.0650622873466487
1531,0.68,0.1,graph,True,False,False,1.7961399197766603,0.05987133065922201,32.18868326820106,7.922952910902239e-15,4.3409324430194613e-14,True,3,1.0650622873466487
1531,0.68,0.1,best,True,False,False,1.7961399197766603,0.05987133065922201,32.18868326820106,7.922952910902239e-15,4.3409324430194613e-14,True,3,1.0650622873466487
1531,0.68,0.1,screened_graph,True,True,False,10.563355209515963,0.3521118403171988,392.6061910461102,2.082963028648268e-15,1.0270336688052236e-14,True,5,1.06506228734665
1531,0.68,0.1,screened_best,True,True,False,10.563355209515285,0.35211184031717613,392.6061910460815,2.0102324138173447e-15,7.681831919814017e-15,True,5,1.0650622873466498
1531,0.68,0.1,bounded_attempt,True,True,True,9.999999999999991,0.33333333333333304,358.8048784948721,5.3749353345913176e-06,0.0003041012728916248,True,5,1.0650622873466498
1531,0.68,0.1,selected,True,True,True,9.999999999999991,0.33333333333333304,358.8048784948721,5.3749353345913176e-06,0.0003041012728916248,True,5,1.0650622873466498
1532,0.7000000000000001,0.1,baseline,True,True,False,41.77989261008335,1.3926630870027783,1755.133617669741,7.468261590855957e-16,2.7164955431458127e-15,True,5,1.1574642873752958
1532,0.7000000000000001,0.1,local,True,True,False,41.779892610083685,1.3926630870027894,1755.1336176697585,7.348678496207199e-16,2.442875638810789e-15,True,5,1.1574642873752956
1532,0.7000000000000001,0.1,multistart,True,False,False,1.8408911893063868,0.061363039643546224,33.069979746434,5.164700352369266e-16,8.181612293084714e-16,True,3,1.157464287375297
1532,0.7000000000000001,0.1,graph,True,False,False,1.8408911893063868,0.061363039643546224,33.069979746434,5.164700352369266e-16,8.181612293084714e-16,True,3,1.157464287375297
1532,0.7000000000000001,0.1,best,True,False,False,1.8408911893063868,0.061363039643546224,33.069979746434,5.164700352369266e-16,8.181612293084714e-16,True,3,1.157464287375297
1532,0.7000000000000001,0.1,screened_graph,True,True,False,33.14472765972473,1.1048242553241576,578.1651779232697,1.629857408576994e-15,8.994711055281315e-15,True,3,0.8368628682353823
1532,0.7000000000000001,0.1,screened_best,True,True,False,33.144727659723465,1.1048242553241154,578.1651779232221,1.3750310772830651e-14,5.653027092404284e-14,True,3,0.8368628682353831
1532,0.7000000000000001,0.1,bounded_attempt,False,True,False,10.0,0.3333333333333333,186.95112775240457,0.00126982451059733,0.06660307190788481,True,3,0.8368628682353823
1532,0.7000000000000001,0.1,selected,True,True,False,33.144727659723465,1.1048242553241154,578.1651779232221,1.3750310772830651e-14,5.653027092404284e-14,True,3,0.8368628682353831
1533,0.72,0.1,baseline,True,True,False,30.236408128370126,1.007880270945671,693.7920004662483,4.496231915753894e-15,1.640819724245665e-14,True,3,1.2546193361101086
1533,0.72,0.1,local,True,True,False,30.2364081283703,1.0078802709456767,693.7920004662548,4.496231915753894e-15,1.640819724245665e-14,True,3,1.2546193361101086
1533,0.72,0.1,multistart,True,False,False,1.8984247634416307,0.06328082544805436,34.164882413564015,2.8893140945457822e-15,1.665487908342588e-14,True,3,0.8983120409706116
1533,0.72,0.1,graph,True,False,False,1.8984247634416307,0.06328082544805436,34.164882413564015,2.8893140945457822e-15,1.665487908342588e-14,True,3,0.8983120409706116
1533,0.72,0.1,best,True,False,False,1.8984247634416307,0.06328082544805436,34.164882413564015,2.8893140945457822e-15,1.665487908342588e-14,True,3,0.8983120409706116
1533,0.72,0.1,screened_graph,True,True,False,23.717462535478596,0.7905820845159532,412.6421539224445,6.916653802134305e-16,4.8988683871173186e-15,True,3,0.8977347576800616
1533,0.72,0.1,screened_best,True,True,False,23.717462535478596,0.7905820845159532,412.6421539224445,6.916653802134305e-16,4.8988683871173186e-15,True,3,0.8977347576800616
1533,0.72,0.1,bounded_attempt,False,True,False,9.999999999999998,0.33333333333333326,230.73778488507875,0.0010774511417987963,0.05720034110377804,True,3,0.8977347576800607
1533,0.72,0.1,selected,True,True,False,23.717462535478596,0.7905820845159532,412.6421539224445,6.916653802134305e-16,4.8988683871173186e-15,True,3,0.8977347576800616
1534,0.74,0.1,baseline,True,True,False,27.03545585018408,0.9011818616728026,402.94669658867025,1.5396215689421248e-15,8.464702085811832e-15,True,3,1.3579204954329993
1534,0.74,0.1,local,True,True,False,27.035455850188246,0.9011818616729416,402.9466965889073,3.3564241038562612e-15,2.043229390044033e-14,True,3,1.3579204954329995
1534,0.74,0.1,multistart,True,False,False,1.972650239399587,0.06575500797998624,35.52302395584861,4.753015700338289e-16,1.1376612285196467e-15,True,3,0.8556664789682591
1534,0.74,0.1,graph,True,False,False,1.972650239399587,0.06575500797998624,35.52302395584861,4.753015700338289e-16,1.1376612285196467e-15,True,3,0.8556664789682591
1534,0.74,0.1,best,True,False,False,1.972650239399587,0.06575500797998624,35.52302395584861,4.753015700338289e-16,1.1376612285196467e-15,True,3,0.8556664789682591
1534,0.74,0.1,screened_graph,True,True,False,19.795989776973165,0.6598663258991055,267.9632174725133,3.987564446357633e-15,1.7881872896725188e-14,True,3,0.056516653010170614
1534,0.74,0.1,screened_best,True,True,False,19.79598977697306,0.659866325899102,267.9632174725117,2.4128201416379415e-15,1.8523390029406546e-14,True,3,0.9691992718912807
1534,0.74,0.1,bounded_attempt,False,True,False,9.999999999999998,0.33333333333333326,211.50602431961676,0.000815786854082842,0.04587920187816933,True,3,0.9691992718912807
1534,0.74,0.1,selected,True,True,False,19.79598977697306,0.659866325899102,267.9632174725117,2.4128201416379415e-15,1.8523390029406546e-14,True,3,0.9691992718912807
1535,0.76,0.1,baseline,True,True,False,18.63293941178821,0.6210979803929404,271.37223404912953,1.2913242404985195e-15,5.402552723986257e-15,True,3,1.4692373787858535
1535,0.76,0.1,local,True,True,False,18.632939411790563,0.6210979803930188,271.372234049273,1.2353764754847225e-15,6.083968687362346e-15,True,3,1.4692373787858526
1535,0.76,0.1,multistart,True,False,False,2.069930119857423,0.06899767066191409,37.20487955330102,4.111667916044675e-15,1.8238130000930097e-14,True,3,0.8096619226813839
1535,0.76,0.1,graph,True,False,False,2.069930119857423,0.06899767066191409,37.20487955330102,4.111667916044675e-15,1.8238130000930097e-14,True,3,0.8096619226813839
1535,0.76,0.1,best,True,False,False,2.069930119857423,0.06899767066191409,37.20487955330102,4.111667916044675e-15,1.8238130000930097e-14,True,3,0.8096619226813839
1535,0.76,0.1,screened_graph,True,True,False,16.094018526381614,0.5364672842127205,183.84865831435403,6.107428995834732e-15,5.743742803739044e-14,True,3,0.07996094450287039
1535,0.76,0.1,screened_best,True,True,False,16.094018526381614,0.5364672842127205,183.84865831435403,6.107428995834732e-15,5.743742803739044e-14,True,3,0.07996094450287039
1535,0.76,0.1,bounded_attempt,False,True,False,9.999999999999991,0.33333333333333304,197.71144564358113,0.0006292192507868009,0.034061367356711496,True,3,0.07996094450281177
1535,0.76,0.1,selected,True,True,False,16.094018526381614,0.5364672842127205,183.84865831435403,6.107428995834732e-15,5.743742803739044e-14,True,3,0.07996094450287039
1536,0.78,0.1,baseline,True,True,False,15.318750354142512,0.5106250118047504,165.83434315057025,6.474192531711275e-15,2.820127314511704e-14,True,3,1.5911978454473943
1536,0.78,0.1,local,True,True,False,15.318750354141645,0.5106250118047215,165.83434315057295,7.771561172376096e-16,4.208558481420629e-15,True,3,1.5911978454473934
1536,0.78,0.1,multistart,True,False,False,2.2069476383384967,0.07356492127794989,39.23839505244272,5.454871001296254e-16,9.149899718776017e-16,True,3,1.5296111870063056
1536,0.78,0.1,graph,True,False,False,2.2069476383384803,0.07356492127794934,39.23839505244292,1.887402739056654e-14,1.148950053073811e-13,True,3,0.7591594119521234
1536,0.78,0.1,best,True,False,False,2.2069476383384803,0.07356492127794934,39.23839505244292,1.887402739056654e-14,1.148950053073811e-13,True,3,0.7591594119521234
1536,0.78,0.1,screened_graph,True,True,False,12.891245774785592,0.429708192492853,131.78361957721756,1.658802055639748e-15,7.379152056513993e-15,True,3,1.1696579989423652
1536,0.78,0.1,screened_best,True,True,False,12.891245774785592,0.429708192492853,131.78361957721756,1.658802055639748e-15,7.379152056513993e-15,True,3,1.1696579989423652
1536,0.78,0.1,bounded_attempt,False,True,False,9.999999999999998,0.33333333333333326,125.60437131281489,0.0003241862583128587,0.01684869343849531,True,3,1.1696579989426032
1536,0.78,0.1,selected,True,True,False,12.891245774785592,0.429708192492853,131.78361957721756,1.658802055639748e-15,7.379152056513993e-15,True,3,1.1696579989423652
1537,0.8,0.1,baseline,True,True,False,11.395835789787785,0.3798611929929262,100.13595530301443,3.2212016652765893e-15,1.8520933751283767e-14,True,3,1.7281965008201232
1537,0.8,0.1,local,True,True,False,11.39583578978775,0.379861192992925,100.135955303013,3.4351449630996948e-15,2.0554536942790594e-14,True,3,1.7281965008201232
1537,0.8,0.1,multistart,True,True,True,3.086396389511145,0.10287987965037149,41.20669972333684,5.8745185591244095e-15,1.3555011579722417e-14,True,2,0.7020642293192525
1537,0.8,0.1,graph,True,True,True,3.0863963895105684,0.10287987965035228,41.20669972328548,1.0854559440613483e-14,2.9775679080265754e-14,True,2,1.728196500820123
1537,0.8,0.1,best,True,True,True,3.0863963895105684,0.10287987965035228,41.20669972328548,1.0854559440613483e-14,2.9775679080265754e-14,True,2,1.728196500820123
1537,0.8,0.1,screened_graph,True,True,True,3.0863963895105684,0.10287987965035228,41.20669972328548,1.0854559440613483e-14,2.9775679080265754e-14,True,2,1.728196500820123
1537,0.8,0.1,screened_best,True,True,True,3.0863963895105684,0.10287987965035228,41.20669972328548,1.0854559440613483e-14,2.9775679080265754e-14,True,2,1.728196500820123
1537,0.8,0.1,bounded_attempt,True,True,True,3.086396389519588,0.10287987965065293,41.20669972320235,1.3778143894238094e-13,6.094326336007014e-13,True,2,1.7281965008201245
1537,0.8,0.1,selected,True,True,True,3.0863963895105684,0.10287987965035228,41.20669972328548,1.0854559440613483e-14,2.9775679080265754e-14,True,2,1.728196500820123
1553,0.4,0.12,baseline,True,True,False,24.84381476263154,0.8281271587543846,451.44103026502916,8.206080387097779e-15,2.3650299809789245e-14,True,5,0.027841600122362475
1553,0.4,0.12,local,True,True,False,24.843814762631403,0.8281271587543801,451.44103026502506,8.162074339303091e-15,2.3304374623869448e-14,True,5,0.027841600122362475
1553,0.4,0.12,multistart,True,False,False,2.82896157986257,0.09429871932875233,36.0359661125738,2.935947689772285e-14,2.279653729379826e-13,True,1,0.027841600122524568
1553,0.4,0.12,graph,True,False,False,2.82896157986257,0.09429871932875233,36.0359661125738,2.935947689772285e-14,2.279653729379826e-13,True,1,0.027841600122524568
1553,0.4,0.12,best,True,False,False,2.82896157986257,0.09429871932875233,36.0359661125738,2.935947689772285e-14,2.279653729379826e-13,True,1,0.027841600122524568
1553,0.4,0.12,screened_graph,True,True,False,24.843814762630885,0.8281271587543628,451.44103026499516,3.692247975332243e-15,2.4087475703587018e-14,True,5,0.02784160012236292
1553,0.4,0.12,screened_best,True,True,False,24.843814762630885,0.8281271587543628,451.44103026499516,3.692247975332243e-15,2.4087475703587018e-14,True,5,0.02784160012236292
1553,0.4,0.12,bounded_attempt,False,True,False,9.999999999999991,0.33333333333333304,194.56944710331328,0.003726195048366936,0.11696204098757731,True,5,0.02784160012230341
1553,0.4,0.12,selected,True,True,False,24.843814762630885,0.8281271587543628,451.44103026499516,3.692247975332243e-15,2.4087475703587018e-14,True,5,0.02784160012236292
1554,0.42,0.12,baseline,True,True,False,22.98427213488941,0.7661424044963137,266.45395282836085,2.9972166475915323e-15,1.8533977858251923e-14,True,5,0.0944246703284013
1554,0.42,0.12,local,True,True,False,22.98427213488929,0.7661424044963097,266.4539528283612,3.0228102864967893e-15,1.8533977858251923e-14,True,5,0.0944246703284013
1554,0.42,0.12,multistart,True,False,False,2.5034033891944585,0.08344677963981528,33.516231171090816,7.643486918284898e-15,6.319985097759073e-14,True,1,0.09442467032839996
1554,0.42,0.12,graph,True,False,False,2.5034033891944585,0.08344677963981528,33.516231171090816,7.643486918284898e-15,6.319985097759073e-14,True,1,0.09442467032839996
1554,0.42,0.12,best,True,False,False,2.5034033891944585,0.08344677963981528,33.516231171090816,7.643486918284898e-15,6.319985097759073e-14,True,1,0.09442467032839996
1554,0.42,0.12,screened_graph,True,True,False,22.984272134889103,0.7661424044963034,266.45395282836483,4.1297321264862074e-15,2.3077824066897274e-14,True,5,0.0944246703284013
1554,0.42,0.12,screened_best,True,True,False,22.984272134889103,0.7661424044963034,266.45395282836483,4.1297321264862074e-15,2.3077824066897274e-14,True,5,0.0944246703284013
1554,0.42,0.12,bounded_attempt,False,True,False,9.999999999999991,0.33333333333333304,204.80824963673203,0.0028944088212549952,0.09645344163749249,True,5,0.09442467032840662
1554,0.42,0.12,selected,True,True,False,22.984272134889103,0.7661424044963034,266.45395282836483,4.1297321264862074e-15,2.3077824066897274e-14,True,5,0.0944246703284013
1555,0.44,0.12,baseline,True,True,False,18.533760860419285,0.6177920286806429,252.1345680789933,7.297394258384774e-16,1.0299920456009818e-14,True,5,0.16058703471584623
1555,0.44,0.12,local,True,True,False,18.53376086041934,0.6177920286806446,252.13456807904885,7.978219391693747e-16,5.11249592154575e-15,True,5,0.16058703471584623
1555,0.44,0.12,multistart,True,False,False,2.2556811705551927,0.07518937235183976,32.147714083980716,6.1722465631996166e-15,7.967633956537205e-14,True,4,0.1605870347158458
1555,0.44,0.12,graph,True,False,False,2.2556811705551927,0.07518937235183976,32.147714083980716,6.1722465631996166e-15,7.967633956537205e-14,True,4,0.1605870347158458
1555,0.44,0.12,best,True,False,False,2.2556811705551927,0.07518937235183976,32.147714083980716,6.1722465631996166e-15,7.967633956537205e-14,True,4,0.1605870347158458
1555,0.44,0.12,screened_graph,True,True,False,18.53376086041795,0.6177920286805983,252.13456807900056,3.971624299800895e-15,1.8883156920618827e-14,True,5,0.1605870347158458
1555,0.44,0.12,screened_best,True,True,False,18.53376086041795,0.6177920286805983,252.13456807900056,3.971624299800895e-15,1.8883156920618827e-14,True,5,0.1605870347158458
1555,0.44,0.12,bounded_attempt,False,True,False,10.0,0.3333333333333333,221.76331121191504,0.002031727023456951,0.07376174938882638,True,5,0.16058703471584934
1555,0.44,0.12,selected,True,True,False,18.53376086041795,0.6177920286805983,252.13456807900056,3.971624299800895e-15,1.8883156920618827e-14,True,5,0.1605870347158458
1556,0.46,0.12,baseline,True,True,False,18.356077242862444,0.6118692414287481,196.60838364822385,2.4083460342144773e-15,1.4785817830956247e-14,True,5,0.22773832258057292
1556,0.46,0.12,local,True,True,False,18.356077242862362,0.6118692414287454,196.60838364822388,2.216897873230961e-15,1.4785817830956247e-14,True,5,0.22773832258057292
1556,0.46,0.12,multistart,True,False,False,2.1645024595948925,0.07215008198649642,31.32478553967788,4.671932067756275e-15,1.9983064915583797e-14,True,4,0.22773832258057247
1556,0.46,0.12,graph,True,False,False,2.164502459594886,0.0721500819864962,31.324785539683475,2.9741559544812267e-15,1.8190175482109653e-14,True,4,0.22773832258057336
1556,0.46,0.12,best,True,False,False,2.164502459594886,0.0721500819864962,31.324785539683475,2.9741559544812267e-15,1.8190175482109653e-14,True,4,0.22773832258057336
1556,0.46,0.12,screened_graph,True,True,False,18.356077242856742,0.611869241428558,196.60838364839051,3.492904380555566e-15,4.5197972724476544e-14,True,5,0.14161370609856494
1556,0.46,0.12,screened_best,True,True,False,18.356077242856742,0.611869241428558,196.60838364839051,3.492904380555566e-15,4.5197972724476544e-14,True,5,0.14161370609856494
1556,0.46,0.12,bounded_attempt,False,True,False,9.999999999999991,0.33333333333333304,154.32976064032127,0.001724650411787412,0.06601463582895488,True,5,0.12298632937921194
1556,0.46,0.12,selected,True,True,False,18.356077242856742,0.611869241428558,196.60838364839051,3.492904380555566e-15,4.5197972724476544e-14,True,5,0.14161370609856494
1557,0.48,0.12,baseline,True,True,False,16.499193321285556,0.5499731107095185,168.51862457533633,5.043960206559463e-16,2.5219091059631413e-15,True,5,0.29594598040365483
1557,0.48,0.12,local,True,True,False,16.499193321285542,0.549973110709518,168.51862457532835,3.815760786470701e-16,2.5219091059631413e-15,True,5,0.29594598040365483
1557,0.48,0.12,multistart,True,False,False,2.0831128999762782,0.06943709666587594,30.70717869482492,4.48209578845754e-15,1.5906542916455016e-14,True,4,0.2959459804036553
1557,0.48,0.12,graph,True,False,False,2.0831128999762782,0.06943709666587594,30.70717869482492,4.48209578845754e-15,1.5906542916455016e-14,True,4,0.2959459804036553
1557,0.48,0.12,best,True,False,False,2.0831128999762782,0.06943709666587594,30.70717869482492,4.48209578845754e-15,1.5906542916455016e-14,True,4,0.2959459804036553
1557,0.48,0.12,screened_graph,True,True,False,16.49919332128489,0.5499731107094963,168.51862457532673,2.982949703911125e-15,1.89932560194731e-14,True,5,0.29594598040365483
1557,0.48,0.12,screened_best,True,True,False,16.49919332128489,0.5499731107094963,168.51862457532673,2.982949703911125e-15,1.89932560194731e-14,True,5,0.29594598040365483
1557,0.48,0.12,bounded_attempt,False,True,False,9.999999999999991,0.33333333333333304,120.98936909620156,0.0013560046369395476,0.05419713715814184,True,5,0.29594598040365616
1557,0.48,0.12,selected,True,True,False,16.49919332128489,0.5499731107094963,168.51862457532673,2.982949703911125e-15,1.89932560194731e-14,True,5,0.29594598040365483
1558,0.5,0.12,baseline,True,True,False,16.437626040076893,0.5479208680025631,157.76302636482268,2.2914745035407573e-15,1.628280744523806e-14,True,5,0.3653024489794787
1558,0.5,0.12,local,True,True,False,16.43762604007699,0.5479208680025662,157.76302636482473,1.7253165860342594e-15,1.6324312473552457e-14,True,5,0.3653024489794787
1558,0.5,0.12,multistart,True,False,False,2.0091365298934627,0.06697121766311542,30.260795753436742,4.794750582997618e-15,2.1938228019817075e-14,True,4,0.3653024489794787
1558,0.5,0.12,graph,True,False,False,2.0091365298934627,0.06697121766311542,30.260795753436742,4.794750582997618e-15,2.1938228019817075e-14,True,4,0.3653024489794787
1558,0.5,0.12,best,True,False,False,2.0091365298934627,0.06697121766311542,30.260795753436742,4.794750582997618e-15,2.1938228019817075e-14,True,4,0.3653024489794787
1558,0.5,0.12,screened_graph,True,True,False,16.43762604007074,0.547920868002358,157.76302636483186,3.955948552383785e-15,1.6542468596767635e-14,True,5,0.3653024489794787
1558,0.5,0.12,screened_best,True,True,False,16.43762604007074,0.547920868002358,157.76302636483186,3.955948552383785e-15,1.6542468596767635e-14,True,5,0.3653024489794787
1558,0.5,0.12,bounded_attempt,False,True,False,9.999999999999991,0.33333333333333304,174.24773152720834,0.0011002010085500772,0.04577192651381051,True,5,0.36530244897947917
1558,0.5,0.12,selected,True,True,False,16.43762604007074,0.547920868002358,157.76302636483186,3.955948552383785e-15,1.6542468596767635e-14,True,5,0.3653024489794787
1559,0.52,0.12,baseline,True,True,False,16.27004533662021,0.542334844554007,154.50769449223793,4.996003610813204e-16,1.9008027297380165e-15,True,5,0.43592351087117853
1559,0.52,0.12,local,True,True,False,16.27004533661992,0.5423348445539973,154.50769449222915,5.026748538604307e-16,2.2122071336289264e-15,True,5,0.43592351087117853
1559,0.52,0.12,multistart,True,False,False,1.9407225502053804,0.06469075167351268,29.96209163771611,4.420483888529324e-15,1.9115004174633684e-14,True,4,0.4359235108711781
1559,0.52,0.12,graph,True,False,False,1.9407225502053738,0.06469075167351246,29.96209163771626,2.9032119813434736e-15,2.304731225886436e-14,True,4,0.4359235108711781
1559,0.52,0.12,best,True,False,False,1.9407225502053738,0.06469075167351246,29.96209163771626,2.9032119813434736e-15,2.304731225886436e-14,True,4,0.4359235108711781
1559,0.52,0.12,screened_graph,True,True,False,16.27004533662008,0.5423348445540026,154.50769449222855,3.084523710115937e-15,1.1509866209643184e-14,True,5,0.4359235108711781
1559,0.52,0.12,screened_best,True,True,False,16.27004533661992,0.5423348445539973,154.50769449222915,5.026748538604307e-16,2.2122071336289264e-15,True,5,0.43592351087117853
1559,0.52,0.12,bounded_attempt,False,True,False,9.999999999999991,0.33333333333333304,168.6624856721651,0.0009989862631249974,0.043725414077141346,True,5,0.435923510871179
1559,0.52,0.12,selected,True,True,False,16.27004533661992,0.5423348445539973,154.50769449222915,5.026748538604307e-16,2.2122071336289264e-15,True,5,0.43592351087117853
1560,0.54,0.12,baseline,True,True,False,15.763856645292105,0.5254618881764035,156.1429786886155,3.815356980893987e-15,1.859047984276477e-14,True,5,0.507948975410196
1560,0.54,0.12,local,True,True,False,15.763856645291998,0.5254618881763999,156.14297868861468,3.3551256208894704e-15,1.859047984276477e-14,True,5,0.507948975410196
1560,0.54,0.12,multistart,True,False,False,1.8763669986113407,0.06254556662037802,29.795152200108667,6.453753276140645e-15,3.471681961023055e-14,True,4,0.5079489754101951
1560,0.54,0.12,graph,True,False,False,1.8763669986113407,0.06254556662037802,29.795152200108667,6.453753276140645e-15,3.471681961023055e-14,True,4,0.5079489754101951
1560,0.54,0.12,best,True,False,False,1.8763669986113407,0.06254556662037802,29.795152200108667,6.453753276140645e-15,3.471681961023055e-14,True,4,0.5079489754101951
1560,0.54,0.12,screened_graph,True,True,False,15.763856645291991,0.5254618881763997,156.14297868860413,1.8107721364984796e-15,6.4317847617025374e-15,True,5,0.507948975410196
1560,0.54,0.12,screened_best,True,True,False,15.763856645291991,0.5254618881763997,156.14297868860413,1.8107721364984796e-15,6.4317847617025374e-15,True,5,0.507948975410196
1560,0.54,0.12,bounded_attempt,False,True,False,9.999999999999998,0.33333333333333326,119.25806117800417,0.0009251863970342534,0.04167443345504522,True,5,0.507948975410196
1560,0.54,0.12,selected,True,True,False,15.763856645291991,0.5254618881763997,156.14297868860413,1.8107721364984796e-15,6.4317847617025374e-15,True,5,0.507948975410196
1561,0.56,0.12,baseline,True,True,False,16.49503685157747,0.549834561719249,158.43227711231307,2.021446403693751e-15,1.2595239972482914e-14,True,5,0.5809139288116767
1561,0.56,0.12,local,True,True,False,16.495036851577886,0.5498345617192628,158.43227711231143,2.1620862982352715e-15,1.3277741150111958e-14,True,5,0.5809139288116767
1561,0.56,0.12,multistart,True,False,False,1.8147872556644984,0.060492908522149946,29.749905378643604,6.916709491554253e-15,3.467173529612684e-14,True,4,0.5809139288116758
1561,0.56,0.12,graph,True,False,False,1.8147872556644984,0.060492908522149946,29.749905378643604,6.916709491554253e-15,3.467173529612684e-14,True,4,0.5809139288116758
1561,0.56,0.12,best,True,False,False,1.8147872556644984,0.060492908522149946,29.749905378643604,6.916709491554253e-15,3.467173529612684e-14,True,4,0.5809139288116758
1561,0.56,0.12,screened_graph,True,True,False,16.495036851571854,0.5498345617190618,158.43227711231106,4.842552590922831e-15,3.337695676554032e-14,True,5,0.5809139288116771
1561,0.56,0.12,screened_best,True,True,False,16.49503685157146,0.5498345617190487,158.4322771123752,6.245004513516506e-16,2.4587233090257852e-15,True,5,0.5809139288116771
1561,0.56,0.12,bounded_attempt,False,True,False,9.999999999999998,0.33333333333333326,187.51760553587826,0.000874439019677811,0.04043369591453493,True,5,0.5809139288116767
1561,0.56,0.12,selected,True,True,False,16.49503685157146,0.5498345617190487,158.4322771123752,6.245004513516506e-16,2.4587233090257852e-15,True,5,0.5809139288116771
1562,0.58,0.12,baseline,True,True,False,17.83649403032395,0.5945498010107984,172.813204914974,1.4169622320385584e-15,5.774327172645801e-15,True,5,0.6148348496079477
1562,0.58,0.12,local,True,True,False,17.836494030323912,0.594549801010797,172.8132049149764,1.384513659610701e-15,6.0083876632873935e-15,True,5,0.6148348496079477
1562,0.58,0.12,multistart,True,False,False,1.7548256730945688,0.058494189103152294,29.821066387537787,9.965140712529699e-15,5.015630096248189e-14,True,4,0.6554714479977661
1562,0.58,0.12,graph,True,False,False,1.7548256730945688,0.058494189103152294,29.821066387537787,9.965140712529699e-15,5.015630096248189e-14,True,4,0.6554714479977661
1562,0.58,0.12,best,True,False,False,1.7548256730945688,0.058494189103152294,29.821066387537787,9.965140712529699e-15,5.015630096248189e-14,True,4,0.6554714479977661
1562,0.58,0.12,screened_graph,True,True,False,17.836494030323912,0.594549801010797,172.81320491498758,1.7406530350733312e-15,1.043828770994417e-14,True,5,0.6554714479977666
1562,0.58,0.12,screened_best,True,True,False,17.836494030321656,0.5945498010107219,172.81320491508947,1.9355907420775936e-15,9.669742025362541e-15,True,5,0.6554714479977666
1562,0.58,0.12,bounded_attempt,False,True,False,9.999999999999998,0.33333333333333326,128.2986378451137,0.0009339729978468394,0.04417332855277678,True,5,0.655471447997767
1562,0.58,0.12,selected,True,True,False,17.836494030321656,0.5945498010107219,172.81320491508947,1.9355907420775936e-15,9.669742025362541e-15,True,5,0.6554714479977666
1563,0.6,0.12,baseline,True,True,False,19.58924306200609,0.6529747687335363,191.63028597769755,4.458205583648681e-16,2.15339491857619e-15,True,5,0.5572505536872212
1563,0.6,0.12,local,True,True,False,19.589243062006076,0.6529747687335359,191.63028597770193,4.458205583648681e-16,2.15339491857619e-15,True,5,0.5572505536872221
1563,0.6,0.12,multistart,True,False,False,1.7136377914840573,0.05712125971613524,30.007604129461598,3.9350319887992495e-16,8.096551204595346e-16,True,3,0.012946878542745566
1563,0.6,0.12,graph,True,False,False,1.7136377914840573,0.05712125971613524,30.007604129461598,3.9350319887992495e-16,8.096551204595346e-16,True,3,0.012946878542745566
1563,0.6,0.12,best,True,False,False,1.7136377914840573,0.05712125971613524,30.007604129461598,3.9350319887992495e-16,8.096551204595346e-16,True,3,0.012946878542745566
1563,0.6,0.12,screened_graph,True,True,False,19.589243062005924,0.6529747687335308,191.63028597770193,4.60315991989724e-15,1.5472533832937774e-14,True,5,0.732074768664662
1563,0.6,0.12,screened_best,True,True,False,19.589243062005924,0.6529747687335308,191.63028597770193,4.60315991989724e-15,1.5472533832937774e-14,True,5,0.732074768664662
1563,0.6,0.12,bounded_attempt,False,True,False,9.999999999999995,0.33333333333333315,219.17715552060125,0.0010586071195834463,0.050777967996314205,True,5,0.7320747686646614
1563,0.6,0.12,selected,True,True,False,19.589243062005924,0.6529747687335308,191.63028597770193,4.60315991989724e-15,1.5472533832937774e-14,True,5,0.732074768664662
1564,0.62,0.12,baseline,True,True,False,22.167785889371984,0.7389261963123994,221.62273604807314,3.947248820392849e-16,3.973893057379956e-15,True,5,0.4917969470468675
1564,0.62,0.12,local,True,True,False,22.16778588937209,0.738926196312403,221.62273604807393,3.8459253727671276e-16,3.806207873814383e-15,True,5,0.4917969470468666
1564,0.62,0.12,multistart,True,False,False,1.7237209032789291,0.05745736344263097,30.31262835828974,5.712732817301996e-15,2.578740339482668e-14,True,3,0.8109908170342928
1564,0.62,0.12,graph,True,False,False,1.7237209032789291,0.05745736344263097,30.31262835828974,5.712732817301996e-15,2.578740339482668e-14,True,3,0.8109908170342928
1564,0.62,0.12,best,True,False,False,1.7237209032789291,0.05745736344263097,30.31262835828974,8.03744394441472e-15,3.9626552294293585e-14,True,3,0.8109908170342932
1564,0.62,0.12,screened_graph,True,True,False,22.167785889371984,0.7389261963123994,221.62273604807314,3.947248820392849e-16,3.973893057379956e-15,True,5,0.4917969470468675
1564,0.62,0.12,screened_best,True,True,False,22.167785889371984,0.7389261963123994,221.62273604807314,3.947248820392849e-16,3.973893057379956e-15,True,5,0.4917969470468675
1564,0.62,0.12,bounded_attempt,False,True,False,9.999999999999991,0.33333333333333304,144.18275859398895,0.0012063865332337632,0.05849830757051042,True,5,0.4917969470468666
1564,0.62,0.12,selected,True,True,False,22.167785889371984,0.7389261963123994,221.62273604807314,3.947248820392849e-16,3.973893057379956e-15,True,5,0.4917969470468675
1565,0.64,0.12,baseline,True,True,False,26.144438059129648,0.871481268637655,330.9130290322502,1.2190354978790368e-15,1.4065085150549255e-14,True,5,0.4212243637492401
1565,0.64,0.12,local,True,True,False,26.144438059129595,0.8714812686376532,330.9130290322438,1.177651116822486e-15,1.4243926689728928e-14,True,5,0.4212243637492392
1565,0.64,0.12,multistart,True,False,False,1.7409413827773257,0.058031379425910856,30.743676577392478,6.4240817902895424e-15,2.5645123029519397e-14,True,3,0.8925479901147688
1565,0.64,0.12,graph,True,False,False,1.7409413827773257,0.058031379425910856,30.743676577392478,6.4240817902895424e-15,2.5645123029519397e-14,True,3,0.8925479901147688
1565,0.64,0.12,best,True,False,False,1.7409413827773257,0.058031379425910856,30.743676577392076,7.80283478864696e-15,3.629959505499336e-14,True,3,0.8925479901147695
1565,0.64,0.12,screened_graph,True,True,False,26.144438059129513,0.8714812686376504,330.91302903210544,2.898730714358799e-15,1.2262534390762982e-14,True,5,0.8925479901147686
1565,0.64,0.12,screened_best,True,True,False,26.144438059129513,0.8714812686376504,330.91302903210544,2.898730714358799e-15,1.2262534390762982e-14,True,5,0.8925479901147686
1565,0.64,0.12,bounded_attempt,False,True,False,9.999999999999998,0.33333333333333326,238.8234485310829,0.0014279121332344583,0.06920120375801771,True,5,0.8925479901147693
1565,0.64,0.12,selected,True,True,False,26.144438059129513,0.8714812686376504,330.91302903210544,2.898730714358799e-15,1.2262534390762982e-14,True,5,0.8925479901147686
1566,0.66,0.12,baseline,True,True,False,32.006756897314936,1.0668918965771645,552.9242253603387,3.298712504264032e-15,7.638566320389713e-14,True,5,0.3489815759315311
1566,0.66,0.12,local,True,True,False,32.006756897315285,1.066891896577176,552.9242253603396,3.2050479784830365e-15,7.511877922689506e-14,True,5,0.3489815759315311
1566,0.66,0.12,multistart,True,False,False,1.7660036893662046,0.05886678964554015,31.31344951595416,2.3782900692873595e-15,1.0035047100074165e-14,True,3,0.9771546729203848
1566,0.66,0.12,graph,True,False,False,1.7660036893662046,0.05886678964554015,31.31344951595416,2.3782900692873595e-15,1.0035047100074165e-14,True,3,0.9771546729203848
1566,0.66,0.12,best,True,False,False,1.7660036893662046,0.05886678964554015,31.313449515953362,4.379777944039093e-15,1.6884637753467876e-14,True,3,0.9771546729203855
1566,0.66,0.12,screened_graph,True,True,False,32.00675689731307,1.0668918965771022,552.9242253591561,3.0196548348613238e-15,1.6510373738578747e-14,True,5,0.9771546729203833
1566,0.66,0.12,screened_best,True,True,False,32.00675689731307,1.0668918965771022,552.9242253591561,3.0196548348613238e-15,1.6510373738578747e-14,True,5,0.9771546729203833
1566,0.66,0.12,bounded_attempt,False,True,False,9.999999999999998,0.33333333333333326,152.99175590570667,0.001749125995927503,0.08447013800053002,True,5,0.9771546729203844
1566,0.66,0.12,selected,True,True,False,32.00675689731307,1.0668918965771022,552.9242253591561,3.0196548348613238e-15,1.6510373738578747e-14,True,5,0.9771546729203833
1567,0.68,0.12,baseline,True,True,False,37.84540057789875,1.2615133525966251,855.9729459945447,1.976695897494813e-15,1.2527885815074594e-14,True,5,0.27851512229896436
1567,0.68,0.12,local,True,True,False,37.84540057789846,1.2615133525966153,855.9729459945463,2.0518955751755343e-15,1.2368119125210107e-14,True,5,0.27851512229896436
1567,0.68,0.12,multistart,True,False,False,1.8000247022235216,0.06000082340745072,32.041118044896734,3.160024393680115e-15,1.5135882930364533e-14,True,3,0.9609034906830614
1567,0.68,0.12,graph,True,False,False,1.8000247022235083,0.06000082340745028,32.04111804489753,8.932132785466319e-15,6.663974680622098e-14,True,3,0.9609034906830614
1567,0.68,0.12,best,True,False,False,1.8000247022235083,0.06000082340745028,32.04111804489753,8.932132785466319e-15,6.663974680622098e-14,True,3,0.9609034906830614
1567,0.68,0.12,screened_graph,True,True,False,15.404367832016508,0.5134789277338836,691.689067485111,3.9496876521487886e-15,3.86553623130896e-14,True,3,0.2612307298183971
1567,0.68,0.12,screened_best,True,True,False,15.404367832016508,0.5134789277338836,691.689067485111,3.9496876521487886e-15,3.86553623130896e-14,True,3,0.2612307298183971
1567,0.68,0.12,bounded_attempt,False,True,False,9.999999999999964,0.33333333333333215,529.3484651473398,7.802529700925829e-05,0.004269801708624425,True,3,0.2612307298184877
1567,0.68,0.12,selected,True,True,False,15.404367832016508,0.5134789277338836,691.689067485111,3.9496876521487886e-15,3.86553623130896e-14,True,3,0.2612307298183971
1568,0.7000000000000001,0.12,baseline,True,True,False,38.06710166021126,1.2689033886737087,1916.5886349950213,3.785381272637602e-15,1.6781735264797397e-14,True,3,1.1577304345178436
1568,0.7000000000000001,0.12,local,True,True,False,38.067101660211684,1.2689033886737229,1916.5886349951957,3.1701253985934114e-15,8.269100746864529e-15,True,3,1.157730434517843
1568,0.7000000000000001,0.12,multistart,True,False,False,1.8447012418690223,0.061490041395634076,32.95439923874972,6.275768268723677e-16,1.0434733015853716e-15,True,3,1.1577304345178427
1568,0.7000000000000001,0.12,graph,True,False,False,1.8447012418690223,0.061490041395634076,32.95439923874972,6.275768268723677e-16,1.0434733015853716e-15,True,3,1.1577304345178427
1568,0.7000000000000001,0.12,best,True,False,False,1.8447012418690223,0.061490041395634076,32.954399238749325,6.516652152274091e-16,8.581044243272507e-16,True,3,1.157730434517843
1568,0.7000000000000001,0.12,screened_graph,True,True,False,34.66004773732322,1.1553349245774407,1703.4272275118262,2.9350454933867154e-15,1.4330521297180802e-14,True,5,0.21531856198488963
1568,0.7000000000000001,0.12,screened_best,True,True,False,34.66004773732322,1.1553349245774407,1703.4272275118262,2.9350454933867154e-15,1.4330521297180802e-14,True,5,0.21531856198488963
1568,0.7000000000000001,0.12,bounded_attempt,False,True,False,9.999999999999991,0.33333333333333304,589.0440689060117,0.00026284998160337454,0.013851502857361041,True,5,0.21531856198488963
1568,0.7000000000000001,0.12,selected,True,True,False,34.66004773732322,1.1553349245774407,1703.4272275118262,2.9350454933867154e-15,1.4330521297180802e-14,True,5,0.21531856198488963
1569,0.72,0.12,baseline,True,True,False,14.523449523045567,0.4841149841015189,537.7489659735949,2.3301462827935277e-15,8.08617352307595e-15,True,5,1.2552485121408623
1569,0.72,0.12,local,True,True,False,14.523449523045594,0.48411498410151976,537.748965973592,2.075228167851501e-15,7.697468048481423e-15,True,5,1.2552485121408616
1569,0.72,0.12,multistart,True,False,False,1.9026077795704872,0.06342025931901624,34.092593061682685,5.559781974809366e-16,7.418128695028437e-16,True,3,1.2552485121408616
1569,0.72,0.12,graph,True,False,False,1.9026077795704872,0.06342025931901624,34.092593061682685,5.559781974809366e-16,7.418128695028437e-16,True,3,1.2552485121408616
1569,0.72,0.12,best,True,False,False,1.9026077795704872,0.06342025931901624,34.092593061682685,5.559781974809366e-16,7.418128695028437e-16,True,3,1.2552485121408616
1569,0.72,0.12,screened_graph,True,True,False,14.523449523045567,0.4841149841015189,537.7489659735949,2.3301462827935277e-15,8.08617352307595e-15,True,5,1.2552485121408623
1569,0.72,0.12,screened_best,True,True,False,14.523449523044807,0.48411498410149356,537.7489659735464,4.599413778096491e-15,1.7202820905409136e-14,True,5,1.2552485121408608
1569,0.72,0.12,bounded_attempt,False,True,False,9.999999999999991,0.33333333333333304,365.8075872904694,5.44592629030636e-05,0.003088147726393687,True,5,1.2552485121408612
1569,0.72,0.12,selected,True,True,False,14.523449523044807,0.48411498410149356,537.7489659735464,4.599413778096491e-15,1.7202820905409136e-14,True,5,1.2552485121408608
1570,0.74,0.12,baseline,True,True,False,39.743340400390665,1.3247780133463554,989.1640536578112,9.364165225365838e-16,4.741502655204044e-15,True,3,1.3590941939155514
1570,0.74,0.12,local,True,True,False,39.74334040039089,1.3247780133463631,989.1640536578188,1.0039119183961511e-15,3.77822653596416e-15,True,3,1.359094193915552
1570,0.74,0.12,multistart,True,False,False,1.9820901341324992,0.06606967113774997,35.51018509154371,5.393176891694564e-16,8.214904776256825e-16,True,3,1.3590941939155508
1570,0.74,0.12,graph,True,False,False,1.9820901341324992,0.06606967113774997,35.51018509154401,4.742874840267547e-16,8.577975178215626e-16,True,3,1.3590941939155519
1570,0.74,0.12,best,True,False,False,1.9820901341324926,0.06606967113774975,35.51018509154381,7.479921647278225e-15,3.834786584396189e-14,True,3,1.3590941939155512
1570,0.74,0.12,screened_graph,True,True,False,31.290557263804253,1.0430185754601418,565.9379555001248,7.596919578716472e-15,3.639903639918192e-14,True,3,0.05549803791793284
1570,0.74,0.12,screened_best,True,True,False,31.290557263804253,1.0430185754601418,565.9379555001248,7.596919578716472e-15,3.639903639918192e-14,True,3,0.05549803791793284
1570,0.74,0.12,bounded_attempt,False,True,False,9.999999999999991,0.33333333333333304,165.11869929624606,0.0014642751114812588,0.07897362185973493,True,3,0.033921507349552016
1570,0.74,0.12,selected,True,True,False,31.290557263804253,1.0430185754601418,565.9379555001248,7.596919578716472e-15,3.639903639918192e-14,True,3,0.05549803791793284
1571,0.76,0.12,baseline,True,True,False,28.449028110116704,0.9483009370038901,513.3670694921246,6.790082630180204e-15,2.3567607008979382e-14,True,3,1.4706425550453623
1571,0.76,0.12,local,True,True,False,28.449028110117844,0.9483009370039281,513.3670694921976,1.510895351466206e-15,7.340477264159838e-15,True,3,1.4706425550453623
1571,0.76,0.12,multistart,True,False,False,2.088997211013508,0.06963324036711693,37.276490952996554,4.815412394636862e-16,8.407880964603905e-16,True,3,1.470642555045362
1571,0.76,0.12,graph,True,False,False,2.0889972110134813,0.06963324036711604,37.276490952997456,7.27619706984544e-15,1.874576770440151e-14,True,3,1.4706425550453617
1571,0.76,0.12,best,True,False,False,2.0889972110134813,0.06963324036711604,37.276490952997456,7.27619706984544e-15,1.874576770440151e-14,True,3,1.4706425550453617
1571,0.76,0.12,screened_graph,True,True,False,20.330224377470934,0.6776741459156977,326.1177112338472,1.859830685874248e-15,9.529858421278589e-15,True,3,1.0075762598580766
1571,0.76,0.12,screened_best,True,True,False,20.330224377470653,0.6776741459156884,326.11771123384085,3.144750812295629e-15,2.0585985654016535e-14,True,3,1.0075762598580775
1571,0.76,0.12,bounded_attempt,False,True,False,10.0,0.3333333333333333,240.86696541746994,0.0010596643095413388,0.05759545954914377,True,3,1.0075762598580784
1571,0.76,0.12,selected,True,True,False,20.330224377470653,0.6776741459156884,326.11771123384085,3.144750812295629e-15,2.0585985654016535e-14,True,3,1.0075762598580775
1572,0.78,0.12,baseline,True,True,False,19.37525896821744,0.645841965607248,261.9622916319835,1.2456812418081906e-15,1.0490002554344324e-14,True,3,1.5926961956997396
1572,0.78,0.12,local,True,True,False,19.375258968217576,0.6458419656072525,261.962291631993,3.541256872903044e-15,1.4195599934454756e-14,True,3,1.5926961956997396
1572,0.78,0.12,multistart,True,False,False,2.2375989509967065,0.07458663169989022,39.43809777020131,6.281902941027859e-16,1.1874546492074332e-15,True,3,1.5185387769209981
1572,0.78,0.12,graph,True,False,False,2.2375989509967065,0.07458663169989022,39.43809777020131,6.281902941027859e-16,1.1874546492074332e-15,True,3,1.5185387769209981
1572,0.78,0.12,best,True,False,False,2.2375989509967065,0.07458663169989022,39.43809777020131,6.281902941027859e-16,1.1874546492074332e-15,True,3,1.5185387769209981
1572,0.78,0.12,screened_graph,True,True,False,16.64768220099217,0.5549227400330723,173.53392646416617,4.101373517161361e-15,1.8155998774499392e-14,True,3,1.1284831442284782
1572,0.78,0.12,screened_best,True,True,False,16.64768220099217,0.5549227400330723,173.53392646416617,4.101373517161361e-15,1.8155998774499392e-14,True,3,1.1284831442284782
1572,0.78,0.12,bounded_attempt,False,True,False,9.999999999999998,0.33333333333333326,253.29823239509105,0.0007103951100031567,0.03748345633151985,True,3,1.1284831442284782
1572,0.78,0.12,selected,True,True,False,16.64768220099217,0.5549227400330723,173.53392646416617,4.101373517161361e-15,1.8155998774499392e-14,True,3,1.1284831442284782
1573,0.8,0.12,baseline,True,True,False,14.186861998101678,0.4728953999367226,151.7374863971794,7.995969590866424e-15,6.508384354115707e-14,True,3,1.7298469832155892
1573,0.8,0.12,local,True,True,False,14.18686199810166,0.472895399936722,151.73748639718175,7.892057678545134e-15,6.42985575002652e-14,True,3,1.7298469832155892
1573,0.8,0.12,multistart,True,True,True,3.1277453214154374,0.10425817738051457,42.15203119085626,5.792812885574162e-15,2.0376817867213943e-14,True,2,0.6708539480579017
1573,0.8,0.12,graph,True,True,True,3.127745321414548,0.10425817738048493,42.152031190817894,7.78286582563944e-15,1.962419424659062e-14,True,2,1.7298469832155914
1573,0.8,0.12,best,True,True,True,3.127745321414548,0.10425817738048493,42.152031190817894,7.78286582563944e-15,1.962419424659062e-14,True,2,1.7298469832155914
1573,0.8,0.12,screened_graph,True,True,True,3.127745321414548,0.10425817738048493,42.152031190817894,7.78286582563944e-15,1.962419424659062e-14,True,2,1.7298469832155914
1573,0.8,0.12,screened_best,True,True,True,3.127745321414548,0.10425817738048493,42.152031190817894,7.78286582563944e-15,1.962419424659062e-14,True,2,1.7298469832155914
1573,0.8,0.12,bounded_attempt,True,True,True,3.1277453214213424,0.10425817738071141,42.152031190829085,4.3267139868511363e-13,1.7579475122546165e-12,True,2,1.729846983215591
1573,0.8,0.12,selected,True,True,True,3.127745321414548,0.10425817738048493,42.152031190817894,7.78286582563944e-15,1.962419424659062e-14,True,2,1.7298469832155914
1589,0.4,0.14,baseline,True,True,False,15.183921736312955,0.5061307245437652,174.94298174579964,3.2935706791818916e-15,1.9249878667827933e-14,True,5,0.03121246658126786
1589,0.4,0.14,local,True,True,False,15.183921736297995,0.5061307245432665,174.9429817462461,4.627862503744446e-15,4.304270836496918e-14,True,5,0.03121246658126786
1589,0.4,0.14,multistart,True,False,False,2.843865043320428,0.09479550144401427,38.088865198331504,1.0145982235717631e-14,8.844754277342481e-14,True,1,0.031212466581268306
1589,0.4,0.14,graph,True,False,False,2.843865043320428,0.09479550144401427,39.44893145093103,8.984259995986553e-15,6.353526542231842e-14,True,1,0.031212466581268306
1589,0.4,0.14,best,True,False,False,2.843865043320428,0.09479550144401427,38.088865198331504,1.0145982235717631e-14,8.844754277342481e-14,True,1,0.031212466581268306
1589,0.4,0.14,screened_graph,True,True,False,15.183921736312769,0.506130724543759,174.94298174579447,4.174146981226517e-15,1.5715717919609743e-14,True,5,0.03121246658126786
1589,0.4,0.14,screened_best,True,True,False,15.183921736297995,0.5061307245432665,174.9429817462461,4.627862503744446e-15,4.304270836496918e-14,True,5,0.03121246658126786
1589,0.4,0.14,bounded_attempt,False,True,False,9.999999999999991,0.33333333333333304,193.71560661632685,0.0015840370823245185,0.04834590692588558,True,5,0.03121246658126786
1589,0.4,0.14,selected,True,True,False,15.183921736297995,0.5061307245432665,174.9429817462461,4.627862503744446e-15,4.304270836496918e-14,True,5,0.03121246658126786
1590,0.42,0.14,baseline,True,True,False,14.24500425606487,0.47483347520216235,136.79956101085193,2.0428650460793295e-15,1.3281117251267063e-14,True,5,0.09810813843646526
1590,0.42,0.14,local,True,True,False,14.245004256064737,0.4748334752021579,136.79956101085233,2.0428650460793295e-15,1.3281117251267063e-14,True,5,0.09810813843646526
1590,0.42,0.14,multistart,True,False,False,2.521873293643422,0.0840624431214474,35.19404970219031,5.797544478694448e-15,2.4943984722037736e-14,True,1,0.09810813843647193
1590,0.42,0.14,graph,True,False,False,2.521873293643422,0.0840624431214474,35.19404970219031,5.797544478694448e-15,2.4943984722037736e-14,True,1,0.09810813843647193
1590,0.42,0.14,best,True,False,False,2.521873293643422,0.0840624431214474,35.19404970219031,5.797544478694448e-15,2.4943984722037736e-14,True,1,0.09810813843647193
1590,0.42,0.14,screened_graph,True,True,False,14.245004256059556,0.47483347520198516,136.79956101093345,2.736598766892935e-14,3.2986278038068913e-13,True,5,0.059216249188675185
1590,0.42,0.14,screened_best,True,True,False,14.245004256059556,0.47483347520198516,136.79956101093345,2.736598766892935e-14,3.2986278038068913e-13,True,5,0.059216249188675185
1590,0.42,0.14,bounded_attempt,False,True,False,9.999999999999991,0.33333333333333304,138.79307847886056,0.00108229101808181,0.0365206594253152,True,5,0.059216249188675185
1590,0.42,0.14,selected,True,True,False,14.245004256059556,0.47483347520198516,136.79956101093345,2.736598766892935e-14,3.2986278038068913e-13,True,5,0.059216249188675185
1591,0.44,0.14,baseline,True,True,False,13.782570413442429,0.45941901378141425,138.15406398293874,4.96142074462569e-15,3.223443894520895e-14,True,5,0.16553110152162898
1591,0.44,0.14,local,True,True,False,13.782570413442429,0.45941901378141425,138.15406398293874,4.96142074462569e-15,3.223443894520895e-14,True,5,0.16553110152162898
1591,0.44,0.14,multistart,True,False,False,2.3199629737431104,0.07733209912477035,32.84225278120609,4.8830885160387465e-15,2.972593277564169e-14,True,4,0.16553110152163253
1591,0.44,0.14,graph,True,False,False,2.3199629737431104,0.07733209912477035,32.84225278120609,4.8830885160387465e-15,2.972593277564169e-14,True,4,0.16553110152163253
1591,0.44,0.14,best,True,False,False,2.3199629737431104,0.07733209912477035,32.84225278120609,4.8830885160387465e-15,2.972593277564169e-14,True,4,0.16553110152163253
1591,0.44,0.14,screened_graph,True,True,False,13.782570413439297,0.4594190137813099,138.15406398309142,7.436422664907996e-15,1.0838874807285989e-13,True,5,0.05418338920775856
1591,0.44,0.14,screened_best,True,True,False,13.782570413439297,0.4594190137813099,138.15406398309142,7.436422664907996e-15,1.0838874807285989e-13,True,5,0.05418338920775856
1591,0.44,0.14,bounded_attempt,False,True,False,9.999999999999991,0.33333333333333304,158.07914887039044,0.0009597885384315243,0.03404527824749541,True,5,0.05418338920775856
1591,0.44,0.14,selected,True,True,False,13.782570413439297,0.4594190137813099,138.15406398309142,7.436422664907996e-15,1.0838874807285989e-13,True,5,0.05418338920775856
1592,0.46,0.14,baseline,True,True,False,13.062845448581104,0.43542818161937014,119.9021833961692,2.734875048703737e-15,2.5923323174387582e-14,True,5,0.23231873156328797
1592,0.46,0.14,local,True,True,False,13.062845448581157,0.4354281816193719,119.9021833961692,3.1333082332430004e-15,2.5115192783043342e-14,True,5,0.23231873156328797
1592,0.46,0.14,multistart,True,False,False,2.2214515710940663,0.07404838570313554,31.020511891854685,4.577903371942679e-15,3.940266788768062e-14,True,4,0.23231873156328842
1592,0.46,0.14,graph,True,False,False,2.2214515710940663,0.07404838570313554,31.020511891854685,4.577903371942679e-15,3.940266788768062e-14,True,4,0.23231873156328842
1592,0.46,0.14,best,True,False,False,2.2214515710940663,0.07404838570313554,31.020511891854685,4.577903371942679e-15,3.940266788768062e-14,True,4,0.23231873156328842
1592,0.46,0.14,screened_graph,True,True,False,13.062845448580598,0.43542818161935326,119.9021833961832,1.7746212680631347e-15,1.6238559568469033e-14,True,5,0.04993885469890991
1592,0.46,0.14,screened_best,True,True,False,13.06284544857984,0.43542818161932795,119.90218339624433,3.972151618002263e-15,1.99714681680392e-14,True,5,0.04993885469890991
1592,0.46,0.14,bounded_attempt,False,True,False,9.999999999999991,0.33333333333333304,178.26823679450962,0.0006494622995222699,0.024291720344347654,True,5,0.04993885469890902
1592,0.46,0.14,selected,True,True,False,13.06284544857984,0.43542818161932795,119.90218339624433,3.972151618002263e-15,1.99714681680392e-14,True,5,0.04993885469890991
1593,0.48,0.14,baseline,True,True,False,12.622266507545215,0.4207422169181738,106.66752837023894,4.775249788392736e-16,2.400538902759795e-15,True,5,0.30022611807111454
1593,0.48,0.14,local,True,True,False,12.622266507545108,0.42074221691817026,106.66752837023729,3.3422138886441676e-16,2.400538902759795e-15,True,5,0.30022611807111454
1593,0.48,0.14,multistart,True,False,False,2.134460852900306,0.07114869509667687,30.382784259428544,4.290638548329224e-15,2.1106383312443683e-14,True,4,0.30022611807111454
1593,0.48,0.14,graph,True,False,False,2.134460852900306,0.07114869509667687,30.382784259428544,4.290638548329224e-15,2.1106383312443683e-14,True,4,0.30022611807111454
1593,0.48,0.14,best,True,False,False,2.134460852900306,0.07114869509667687,30.382784259428544,4.290638548329224e-15,2.1106383312443683e-14,True,4,0.30022611807111454
1593,0.48,0.14,screened_graph,True,True,False,12.622266507544655,0.42074221691815517,106.6675283702537,4.617050529228602e-15,3.639298177926696e-14,True,5,0.04631090787226011
1593,0.48,0.14,screened_best,True,True,False,12.622266507544655,0.42074221691815517,106.6675283702537,4.617050529228602e-15,3.639298177926696e-14,True,5,0.04631090787226011
1593,0.48,0.14,bounded_attempt,False,True,False,9.999999999999991,0.33333333333333304,103.51885758244217,0.000581368927407227,0.02324514835254337,True,5,0.04631090787226011
1593,0.48,0.14,selected,True,True,False,12.622266507544655,0.42074221691815517,106.6675283702537,4.617050529228602e-15,3.639298177926696e-14,True,5,0.04631090787226011
1594,0.5,0.14,baseline,True,True,False,12.520591591462345,0.4173530530487448,104.25521520416723,2.2058262423635985e-15,1.2501642388330456e-14,True,5,0.36933295984606485
1594,0.5,0.14,local,True,True,False,12.520591591462358,0.41735305304874526,104.25521520416842,1.7217407965198576e-15,1.2880894408468827e-14,True,5,0.36933295984606485
1594,0.5,0.14,multistart,True,False,False,2.056149337790494,0.06853831125968313,29.925660647526087,6.761616549081599e-15,7.028411218440981e-14,True,4,0.3693329598460653
1594,0.5,0.14,graph,True,False,False,2.056149337790494,0.06853831125968313,29.925660647526488,4.911168522004512e-15,2.4475797473996478e-14,True,4,0.36933295984606485
1594,0.5,0.14,best,True,False,False,2.056149337790494,0.06853831125968313,29.925660647526087,6.761616549081599e-15,7.028411218440981e-14,True,4,0.3693329598460653
1594,0.5,0.14,screened_graph,True,True,False,12.520591591462304,0.4173530530487435,104.25521520417125,8.27069582276897e-15,7.634376463656651e-14,True,5,0.043174311165414814
1594,0.5,0.14,screened_best,True,True,False,12.520591591462304,0.4173530530487435,104.25521520417125,8.27069582276897e-15,7.634376463656651e-14,True,5,0.043174311165414814
1594,0.5,0.14,bounded_attempt,False,True,False,9.999999999999991,0.33333333333333304,123.66576771285489,0.0004750200974272671,0.019769415277585266,True,5,0.043174311165414814
1594,0.5,0.14,selected,True,True,False,12.520591591462304,0.4173530530487435,104.25521520417125,8.27069582276897e-15,7.634376463656651e-14,True,5,0.043174311165414814
1595,0.52,0.14,baseline,True,True,False,12.140473898728414,0.40468246329094715,98.13281274069574,4.062661642740952e-16,3.08767524372394e-15,True,5,0.4397457920234862
1595,0.52,0.14,local,True,True,False,12.140473898728402,0.4046824632909467,98.13281274069735,4.062661642740952e-16,3.08767524372394e-15,True,5,0.4397457920234862
1595,0.52,0.14,multistart,True,False,False,1.9843482545519375,0.06614494181839792,29.62295089673197,7.024135058162834e-15,5.417729326706541e-14,True,4,0.43974579202348707
1595,0.52,0.14,graph,True,False,False,1.9843482545519375,0.06614494181839792,29.62295089673197,7.024135058162834e-15,5.417729326706541e-14,True,4,0.43974579202348707
1595,0.52,0.14,best,True,False,False,1.9843482545519375,0.06614494181839792,29.62295089673197,7.024135058162834e-15,5.417729326706541e-14,True,4,0.43974579202348707
1595,0.52,0.14,screened_graph,True,True,False,12.140473898728388,0.40468246329094626,98.13281274069654,2.3689997589582836e-15,2.6012303733041697e-14,True,5,0.4397457920234866
1595,0.52,0.14,screened_best,True,True,False,12.140473898728388,0.40468246329094626,98.13281274069654,2.3689997589582836e-15,2.6012303733041697e-14,True,5,0.4397457920234866
1595,0.52,0.14,bounded_attempt,False,True,False,9.999999999999991,0.33333333333333304,155.22094400487535,0.0003960112614610808,0.017130213288405388,True,5,0.43974579202348973
1595,0.52,0.14,selected,True,True,False,12.140473898728388,0.40468246329094626,98.13281274069654,2.3689997589582836e-15,2.6012303733041697e-14,True,5,0.4397457920234866
1596,0.54,0.14,baseline,True,True,False,12.494309517202904,0.41647698390676346,93.97727396395528,1.2734335527125286e-15,6.2095996797063456e-15,True,5,0.511597647679225
1596,0.54,0.14,local,True,True,False,12.494309517202957,0.41647698390676524,93.97727396395688,9.50197851991224e-16,6.685206728495361e-15,True,5,0.511597647679225
1596,0.54,0.14,multistart,True,False,False,1.9173307541100826,0.06391102513700275,29.45709978321872,5.326558190964353e-15,3.399504148482357e-14,True,4,0.511597647679225
1596,0.54,0.14,graph,True,False,False,1.9173307541100826,0.06391102513700275,29.457099783218773,5.617213549250144e-15,2.8877772472941786e-14,True,4,0.511597647679225
1596,0.54,0.14,best,True,False,False,1.9173307541100826,0.06391102513700275,29.45709978321872,5.326558190964353e-15,3.399504148482357e-14,True,4,0.511597647679225
1596,0.54,0.14,screened_graph,True,True,False,12.494309517202892,0.416476983906763,93.97727396395685,2.3672105453865106e-15,1.466670115964956e-14,True,5,0.17390350457188664
1596,0.54,0.14,screened_best,True,True,False,12.494309517202892,0.416476983906763,93.97727396395685,2.3672105453865106e-15,1.466670115964956e-14,True,5,0.17390350457188664
1596,0.54,0.14,bounded_attempt,False,True,False,9.999999999999991,0.33333333333333304,101.90393055354014,0.00042410656403602095,0.019091371959437716,True,5,0.17212749942855687
1596,0.54,0.14,selected,True,True,False,12.494309517202892,0.416476983906763,93.97727396395685,2.3672105453865106e-15,1.466670115964956e-14,True,5,0.17390350457188664
1597,0.56,0.14,baseline,True,True,False,12.966415145512151,0.4322138381837384,100.30849905466965,2.82684780723185e-15,5.0700841772092355e-14,True,5,0.5850499913853029
1597,0.56,0.14,local,True,True,False,12.966415145498416,0.4322138381832805,100.30849905466646,3.477763656540197e-16,7.714787291053783e-16,True,5,0.5850499913853029
1597,0.56,0.14,multistart,True,False,False,1.8536543016755758,0.06178847672251919,29.417046109823232,7.175567858937755e-15,3.616661220356625e-14,True,4,0.5850499913853024
1597,0.56,0.14,graph,True,False,False,1.8536543016755758,0.06178847672251919,29.417046109823232,7.175567858937755e-15,3.616661220356625e-14,True,4,0.5850499913853024
1597,0.56,0.14,best,True,False,False,1.8536543016755758,0.06178847672251919,29.417046109823232,7.175567858937755e-15,3.616661220356625e-14,True,4,0.5850499913853024
1597,0.56,0.14,screened_graph,True,True,False,12.966415145498376,0.4322138381832792,100.30849905466825,5.755518659813419e-16,2.798570840430395e-15,True,5,0.5850499913853024
1597,0.56,0.14,screened_best,True,True,False,12.966415145498376,0.4322138381832792,100.30849905466825,5.755518659813419e-16,2.798570840430395e-15,True,5,0.5850499913853024
1597,0.56,0.14,bounded_attempt,False,True,False,9.999999999999998,0.33333333333333326,138.476452225432,0.0004652148222798261,0.021508911259937154,True,5,0.5850499913853033
1597,0.56,0.14,selected,True,True,False,12.966415145498376,0.4322138381832792,100.30849905466825,5.755518659813419e-16,2.798570840430395e-15,True,5,0.5850499913853024
1598,0.58,0.14,baseline,True,True,False,13.522455693825504,0.4507485231275168,108.79036538972535,5.426552206482569e-16,4.390164793872436e-15,True,5,0.6601520599484967
1598,0.58,0.14,local,True,True,False,13.522455693825504,0.4507485231275168,108.79036538972136,6.08252531697804e-16,4.470984535014315e-15,True,5,0.6601520599484967
1598,0.58,0.14,multistart,True,False,False,1.792043905328049,0.0597347968442683,29.496971381864334,8.67755777656664e-15,4.401291883950863e-14,True,4,0.6601520599484962
1598,0.58,0.14,graph,True,False,False,1.792043905328029,0.059734796844267635,29.496971381863936,2.4390582209569606e-15,1.642357050907396e-14,True,4,0.6601520599484971
1598,0.58,0.14,best,True,False,False,1.792043905328029,0.059734796844267635,29.496971381863936,2.4390582209569606e-15,1.642357050907396e-14,True,4,0.6601520599484971
1598,0.58,0.14,screened_graph,True,True,False,13.522455693825371,0.45074852312751235,108.79036538972419,5.780377670375848e-15,3.2187853510155825e-14,True,5,0.660152059948496
1598,0.58,0.14,screened_best,True,True,False,13.522455693825371,0.45074852312751235,108.79036538972419,5.780377670375848e-15,3.2187853510155825e-14,True,5,0.660152059948496
1598,0.58,0.14,bounded_attempt,False,True,False,9.999999999999991,0.33333333333333304,127.21976984687814,0.0005125669383819148,0.024284126432060203,True,5,0.6601520599484973
1598,0.58,0.14,selected,True,True,False,13.522455693825371,0.45074852312751235,108.79036538972419,5.780377670375848e-15,3.2187853510155825e-14,True,5,0.660152059948496
1599,0.6,0.14,baseline,True,True,False,14.313464009555142,0.4771154669851714,122.61330432481286,2.1579848483083323e-15,1.2238255728960157e-14,True,5,0.7202891820883037
1599,0.6,0.14,local,True,True,False,14.313464009555062,0.4771154669851687,122.61330432481286,1.9295615482511576e-15,1.258616057445273e-14,True,5,0.7202891820883028
1599,0.6,0.14,multistart,True,False,False,1.7312950793010495,0.05770983597670165,29.695662288187634,1.191593766079438e-14,6.126944900762242e-14,True,4,0.7366259081159785
1599,0.6,0.14,graph,True,False,False,1.7312950793010495,0.05770983597670165,29.695662288187634,1.191593766079438e-14,6.126944900762242e-14,True,4,0.7366259081159785
1599,0.6,0.14,best,True,False,False,1.7312950793010495,0.05770983597670165,29.695662288187634,1.191593766079438e-14,6.126944900762242e-14,True,4,0.7366259081159785
1599,0.6,0.14,screened_graph,True,True,False,14.313464009554632,0.4771154669851544,122.61330432482842,2.3610191932795496e-15,8.812522871597268e-15,True,5,0.7366259081159783
1599,0.6,0.14,screened_best,True,True,False,14.313464009554632,0.4771154669851544,122.61330432482842,2.3610191932795496e-15,8.812522871597268e-15,True,5,0.7366259081159783
1599,0.6,0.14,bounded_attempt,False,True,False,9.999999999999998,0.33333333333333326,152.67244594854668,0.0006122589785783763,0.029346055223841656,True,5,0.7366259081159792
1599,0.6,0.14,selected,True,True,False,14.313464009554632,0.4771154669851544,122.61330432482842,2.3610191932795496e-15,8.812522871597268e-15,True,5,0.7366259081159783
1600,0.62,0.14,baseline,True,True,False,15.531858255362568,0.5177286085120856,146.24111204993577,2.642033400704294e-15,1.4588891285626833e-14,True,5,0.6562826635759151
1600,0.62,0.14,local,True,True,False,15.531858255362595,0.5177286085120865,146.24111204993096,4.579333533000842e-15,2.6358577151605565e-14,True,5,0.6562826635759151
1600,0.62,0.14,multistart,True,False,False,1.7299479871380719,0.057664932904602395,30.016356268095823,1.821377042022605e-15,9.548357355688118e-15,True,3,0.815442348510198
1600,0.62,0.14,graph,True,False,False,1.7299479871380719,0.057664932904602395,30.016356268095823,1.821377042022605e-15,9.548357355688118e-15,True,3,0.815442348510198
1600,0.62,0.14,best,True,False,False,1.7299479871380719,0.057664932904602395,30.016356268095823,1.821377042022605e-15,9.548357355688118e-15,True,3,0.815442348510198
1600,0.62,0.14,screened_graph,True,True,False,15.531858255356779,0.5177286085118926,146.2411120501079,3.65829121182998e-15,1.7319738409099572e-14,True,5,0.815442348510198
1600,0.62,0.14,screened_best,True,True,False,15.531858255356779,0.5177286085118926,146.2411120501079,3.65829121182998e-15,1.7319738409099572e-14,True,5,0.815442348510198
1600,0.62,0.14,bounded_attempt,False,True,False,9.999999999999998,0.33333333333333326,126.33521302676313,0.0007849905730038648,0.03802345977579496,True,5,0.8154423485101987
1600,0.62,0.14,selected,True,True,False,15.531858255356779,0.5177286085118926,146.2411120501079,3.65829121182998e-15,1.7319738409099572e-14,True,5,0.815442348510198
1601,0.64,0.14,baseline,True,True,False,17.48126103456334,0.5827087011521113,185.12229377203724,2.230009800292878e-15,1.2243860054948734e-14,True,5,0.5845332528860929
1601,0.64,0.14,local,True,True,False,17.481261034563417,0.5827087011521139,185.1222937720421,2.230009800292878e-15,1.2243860054948734e-14,True,5,0.584533252886092
1601,0.64,0.14,multistart,True,False,False,1.748031014518236,0.0582677004839412,30.46703796891367,6.464666226590919e-15,3.07821671628983e-14,True,3,0.8969290396703149
1601,0.64,0.14,graph,True,False,False,1.7480310145182276,0.05826770048394092,30.46703796891417,3.6405593111896475e-15,7.927789172220569e-15,True,3,0.8969290396703142
1601,0.64,0.14,best,True,False,False,1.7480310145182276,0.05826770048394092,30.46703796891297,3.3711600390421455e-15,1.1705458591634223e-14,True,3,0.8969290396703153
1601,0.64,0.14,screened_graph,True,True,False,17.48126103456325,0.5827087011521084,185.12229377201166,3.684702937273541e-15,1.8389054703906894e-14,True,5,0.8969290396703151
1601,0.64,0.14,screened_best,True,True,False,17.48126103456325,0.5827087011521084,185.12229377201166,3.684702937273541e-15,1.8389054703906894e-14,True,5,0.8969290396703151
1601,0.64,0.14,bounded_attempt,False,True,False,9.999999999999998,0.33333333333333326,206.57380350485667,0.0009898938847350042,0.04827844975610035,True,5,0.8969290396703149
1601,0.64,0.14,selected,True,True,False,17.48126103456325,0.5827087011521084,185.12229377201166,3.684702937273541e-15,1.8389054703906894e-14,True,5,0.8969290396703151
1602,0.66,0.14,baseline,True,True,False,20.71817072780016,0.690605690926672,240.97589749972448,2.981916491158233e-15,2.853275927295948e-14,True,5,0.5077982075916987
1602,0.66,0.14,local,True,True,False,20.718170727800082,0.6906056909266693,240.9758974996893,3.527033696576492e-15,2.6959690334345895e-14,True,5,0.5077982075916996
1602,0.66,0.14,multistart,True,False,False,1.7744766621221642,0.059149222070738805,31.061238890529808,8.535742074426881e-15,3.371016158667261e-14,True,3,0.981494898178705
1602,0.66,0.14,graph,True,False,False,1.7744766621221642,0.059149222070738805,31.061238890529808,8.535742074426881e-15,3.371016158667261e-14,True,3,0.981494898178705
1602,0.66,0.14,best,True,False,False,1.7744766621221642,0.059149222070738805,31.061238890529808,8.535742074426881e-15,3.371016158667261e-14,True,3,0.981494898178705
1602,0.66,0.14,screened_graph,True,True,False,20.718170727798856,0.6906056909266285,240.9758974989797,5.716435825967708e-15,2.2161016541025952e-14,True,5,0.9814948981787055
1602,0.66,0.14,screened_best,True,True,False,20.718170727798856,0.6906056909266285,240.9758974989797,5.716435825967708e-15,2.2161016541025952e-14,True,5,0.9814948981787055
1602,0.66,0.14,bounded_attempt,False,True,False,9.999999999999995,0.33333333333333315,139.998802704809,0.001244670270359333,0.06042522737140222,True,5,0.9814948981787044
1602,0.66,0.14,selected,True,True,False,20.718170727798856,0.6906056909266285,240.9758974989797,5.716435825967708e-15,2.2161016541025952e-14,True,5,0.9814948981787055
1603,0.68,0.14,baseline,True,True,False,26.290160224781413,0.8763386741593804,331.72684791880175,1.0362907589042387e-15,6.6300477663628954e-15,True,5,0.42940013741849015
1603,0.68,0.14,local,True,True,False,26.290160224781147,0.8763386741593715,331.7268479187929,1.0412040941600139e-15,6.6887952237015714e-15,True,5,0.42940013741849015
1603,0.68,0.14,multistart,True,False,False,1.810580366546115,0.0603526788848705,31.81948337824845,2.839220381588441e-15,1.1338933980776036e-14,True,3,0.9454811664400342
1603,0.68,0.14,graph,True,False,False,1.810580366546115,0.0603526788848705,31.81948337824845,2.839220381588441e-15,1.1338933980776036e-14,True,3,0.9454811664400342
1603,0.68,0.14,best,True,False,False,1.810580366546115,0.0603526788848705,31.81948337824845,2.839220381588441e-15,1.1338933980776036e-14,True,3,0.9454811664400342
1603,0.68,0.14,screened_graph,True,True,False,26.29016022478115,0.8763386741593716,331.72684791879016,2.423532246824406e-15,1.4164723694399753e-14,True,5,1.069657980985789
1603,0.68,0.14,screened_best,True,True,False,26.290160224781147,0.8763386741593715,331.7268479187929,1.0412040941600139e-15,6.6887952237015714e-15,True,5,0.42940013741849015
1603,0.68,0.14,bounded_attempt,False,True,False,9.999999999999991,0.33333333333333304,227.1733926061942,0.0016440745635771124,0.07851946538726533,True,5,0.4294001374191989
1603,0.68,0.14,selected,True,True,False,26.290160224781147,0.8763386741593715,331.7268479187929,1.0412040941600139e-15,6.6887952237015714e-15,True,5,0.42940013741849015
1604,0.7000000000000001,0.14,baseline,True,True,False,35.40783151657102,1.1802610505523674,620.8215619597448,1.1443916996305594e-15,1.3537365849062449e-14,True,5,0.3526083861442517
1604,0.7000000000000001,0.14,local,True,True,False,35.40783151657081,1.1802610505523603,620.8215619597303,1.1151560272405104e-15,1.3806605807923712e-14,True,5,0.3526083861442517
1604,0.7000000000000001,0.14,multistart,True,False,False,1.8583405962075394,0.061944686540251315,32.771626577961975,4.980559976921029e-16,1.1264768534566868e-15,True,3,1.162088318445758
1604,0.7000000000000001,0.14,graph,True,False,False,1.8583405962075394,0.061944686540251315,32.771626577961975,4.980559976921029e-16,1.1264768534566868e-15,True,3,1.162088318445758
1604,0.7000000000000001,0.14,best,True,False,False,1.8583405962075394,0.061944686540251315,32.771626577961975,4.980559976921029e-16,1.1264768534566868e-15,True,3,1.162088318445758
1604,0.7000000000000001,0.14,screened_graph,True,True,False,35.40783151655173,1.1802610505517244,620.8215619585897,4.5015402367261745e-15,2.5049845208923643e-14,True,5,0.02573975772085113
1604,0.7000000000000001,0.14,screened_best,True,True,False,35.40783151655173,1.1802610505517244,620.8215619585897,4.5015402367261745e-15,2.5049845208923643e-14,True,5,0.02573975772085113
1604,0.7000000000000001,0.14,bounded_attempt,False,True,False,9.999999999999991,0.33333333333333304,196.43036917753324,0.0021297674442670375,0.10033580651934249,True,5,0.02573975772085113
1604,0.7000000000000001,0.14,selected,True,True,False,35.40783151655173,1.1802610505517244,620.8215619585897,4.5015402367261745e-15,2.5049845208923643e-14,True,5,0.02573975772085113
1605,0.72,0.14,baseline,True,True,False,42.756756120992264,1.4252252040330755,1060.272276648803,2.1315848387522293e-15,2.843219251450652e-14,True,5,0.2800654181325761
1605,0.72,0.14,local,True,True,False,42.75675612098826,1.4252252040329418,1060.2722766486781,2.1315848387522293e-15,2.8157052057019637e-14,True,5,0.2800654181325761
1605,0.72,0.14,multistart,True,False,False,1.9208506316995433,0.06402835438998478,33.960379059653725,4.3709524189038457e-16,9.257655397117878e-16,True,3,1.2596762625136415
1605,0.72,0.14,graph,True,False,False,1.9208506316995333,0.06402835438998444,33.960379059653526,6.293006791785826e-15,3.2933399306674484e-14,True,3,1.2596762625136402
1605,0.72,0.14,best,True,False,False,1.9208506316995333,0.06402835438998444,33.960379059653526,6.293006791785826e-15,3.2933399306674484e-14,True,3,1.2596762625136402
1605,0.72,0.14,screened_graph,True,True,True,6.8578114148320894,0.2285937138277363,264.03301866192305,1.923012762884826e-15,1.012525995428108e-14,True,3,1.2596762625136413
1605,0.72,0.14,screened_best,True,True,True,6.8578114148320894,0.2285937138277363,264.03301866192305,1.923012762884826e-15,1.012525995428108e-14,True,3,1.2596762625136413
1605,0.72,0.14,bounded_attempt,True,True,True,6.8578114147267,0.22859371382422333,264.03301866134956,4.8819808923122397e-14,1.580509650975997e-12,True,3,1.2596762625136417
1605,0.72,0.14,selected,True,True,True,6.8578114147267,0.22859371382422333,264.03301866134956,4.8819808923122397e-14,1.580509650975997e-12,True,3,1.2596762625136417
1607,0.76,0.14,baseline,True,True,False,45.74475149158741,1.5248250497195803,1125.979130587917,5.9625411027019865e-15,3.5805420275956474e-14,True,3,1.4757683609101127
1607,0.76,0.14,local,True,True,False,45.74475149158725,1.524825049719575,1125.979130587916,3.6907871658572345e-15,1.4625339231960425e-14,True,3,1.4757683609101122
1607,0.76,0.14,multistart,True,False,False,2.113310138505043,0.07044367128350143,37.307095440374106,1.5103216300285983e-15,1.445364937764388e-14,True,3,0.775588886594706
1607,0.76,0.14,graph,True,False,False,2.113310138505043,0.07044367128350143,37.307095440374106,1.5103216300285983e-15,1.445364937764388e-14,True,3,0.775588886594706
1607,0.76,0.14,best,True,False,False,2.113310138505043,0.07044367128350143,37.307095440374106,1.5103216300285983e-15,1.445364937764388e-14,True,3,0.775588886594706
1607,0.76,0.14,screened_graph,True,True,False,33.60793011525466,1.1202643371751553,588.1096314602987,5.051514762044462e-15,3.029914007961568e-14,True,3,0.9512841788930153
1607,0.76,0.14,screened_best,True,True,False,33.60793011525131,1.1202643371750436,588.1096314602037,4.619469274365294e-15,2.763323087879559e-14,True,3,0.9512841788930153
1607,0.76,0.14,bounded_attempt,False,True,False,10.0,0.3333333333333333,253.2285554897576,0.0016591649284755372,0.08703500337646104,True,3,0.9512841788930171
1607,0.76,0.14,selected,True,True,False,33.60793011525131,1.1202643371750436,588.1096314602037,4.619469274365294e-15,2.763323087879559e-14,True,3,0.9512841788930153
1608,0.78,0.14,baseline,True,True,False,25.669843053843085,0.8556614351281028,444.06044316517955,3.403539838095089e-15,1.9896143682627607e-14,True,3,1.598754267787765
1608,0.78,0.14,local,True,True,False,25.669843053843252,0.8556614351281083,444.06044316518415,3.5211587869594445e-15,2.2602093953562445e-14,True,3,1.5987542677877646
1608,0.78,0.14,multistart,True,False,False,2.267157657237422,0.07557192190791406,39.60850895656218,4.514015818715853e-16,5.70386469966769e-16,True,3,1.5987542677877629
1608,0.78,0.14,graph,True,False,False,2.267157657237412,0.07557192190791373,39.60850895656378,2.3565284640008394e-15,5.361533844333634e-15,True,3,1.503915189716131
1608,0.78,0.14,best,True,False,False,2.267157657237412,0.07557192190791373,39.60850895656378,2.3565284640008394e-15,5.361533844333634e-15,True,3,1.503915189716131
1608,0.78,0.14,screened_graph,True,True,False,19.508546974637486,0.6502848991545829,312.6181965546018,1.8914182562161918e-15,9.752133139185879e-15,True,3,1.598754267787765
1608,0.78,0.14,screened_best,True,True,False,19.508546974637234,0.6502848991545744,312.61819655459584,3.9029967507511316e-15,1.3963649481204602e-14,True,3,1.5987542677877662
1608,0.78,0.14,bounded_attempt,False,True,False,9.999999999999991,0.33333333333333304,203.95622245460277,0.0011143429528224892,0.05966568862024972,True,3,1.598754267787764
1608,0.78,0.14,selected,True,True,False,19.508546974637234,0.6502848991545744,312.61819655459584,3.9029967507511316e-15,1.3963649481204602e-14,True,3,1.5987542677877662
1609,0.8,0.14,baseline,True,True,False,17.14170378350605,0.5713901261168683,195.50431373325597,2.798671915539306e-15,1.3944492413902477e-14,True,3,1.736757998067091
1609,0.8,0.14,local,True,True,False,17.14170378350601,0.571390126116867,195.50431373325105,2.8769561221886204e-15,1.3999985405757318e-14,True,3,1.7367579980670922
1609,0.8,0.14,multistart,True,True,True,3.2345243290034422,0.10781747763344807,53.67876318011135,2.1722426525955975e-14,1.096608227231791e-14,True,2,0.6642302799695026
1609,0.8,0.14,graph,True,True,True,3.234524329003372,0.10781747763344574,53.67876318011125,3.604192681017133e-15,1.103564269362456e-14,True,2,1.400748555551556
1609,0.8,0.14,best,True,True,True,3.234524329003372,0.10781747763344574,53.67876318011125,3.604192681017133e-15,1.103564269362456e-14,True,2,1.400748555551556
1609,0.8,0.14,screened_graph,True,True,True,3.234524329003372,0.10781747763344574,53.67876318011125,3.604192681017133e-15,1.103564269362456e-14,True,2,1.400748555551556
1609,0.8,0.14,screened_best,True,True,True,3.234524329003372,0.10781747763344574,53.67876318011125,3.604192681017133e-15,1.103564269362456e-14,True,2,1.400748555551556
1609,0.8,0.14,bounded_attempt,True,True,True,3.2345243290094605,0.10781747763364868,53.678763180104504,3.9380520143427764e-13,2.015007440757124e-12,True,2,1.4007485555515586
1609,0.8,0.14,selected,True,True,True,3.234524329003372,0.10781747763344574,53.67876318011125,3.604192681017133e-15,1.103564269362456e-14,True,2,1.400748555551556
1625,0.4,0.16,baseline,True,True,False,10.21946088764858,0.34064869625495264,76.22584346391648,2.1032060993323034e-15,1.0919693927068564e-14,True,5,0.04219505314807215
1625,0.4,0.16,local,True,True,False,10.219460887648607,0.34064869625495353,76.22584346391328,2.1045334621020702e-15,1.0907078235121416e-14,True,5,0.04219505314807215
1625,0.4,0.16,multistart,True,False,False,2.821604384117249,0.09405347947057496,39.41708485015874,1.1167748249609267e-14,7.527075337786939e-14,True,1,0.042195053148127215
1625,0.4,0.16,graph,True,False,False,2.821604384117249,0.09405347947057496,39.41708485015874,1.1167748249609267e-14,7.527075337786939e-14,True,1,0.042195053148127215
1625,0.4,0.16,best,True,False,False,2.821604384117249,0.09405347947057496,39.41708485015874,1.1167748249609267e-14,7.527075337786939e-14,True,1,0.042195053148127215
1625,0.4,0.16,screened_graph,True,True,False,10.21946088764858,0.34064869625495264,76.22584346391648,2.1032060993323034e-15,1.0919693927068564e-14,True,5,0.04219505314807215
1625,0.4,0.16,screened_best,True,True,False,10.219460887648529,0.340648696254951,76.22584346391608,3.711990462558335e-15,1.3213742511558249e-14,True,5,0.04219505314807259
1625,0.4,0.16,bounded_attempt,False,True,False,9.999999999999998,0.33333333333333326,82.89382446446379,3.925513543694422e-05,0.00118855051830289,True,5,0.04219505314807215
1625,0.4,0.16,selected,True,True,False,10.219460887648529,0.340648696254951,76.22584346391608,3.711990462558335e-15,1.3213742511558249e-14,True,5,0.04219505314807259
1626,0.42,0.16,baseline,True,True,False,10.472137501658306,0.34907125005527684,88.82171397130605,3.4603589760657435e-15,1.793763784499845e-14,True,5,0.10806038549615726
1626,0.42,0.16,local,True,True,False,10.472137501658318,0.3490712500552773,88.82171397130526,3.4603589760657435e-15,1.793763784499845e-14,True,5,0.10806038549615726
1626,0.42,0.16,multistart,True,False,False,2.5134741967437346,0.08378247322479115,36.349584160975915,6.740620258477728e-15,6.45580728283776e-14,True,1,0.10806038549615637
1626,0.42,0.16,graph,True,False,False,2.5134741967437346,0.08378247322479115,36.349584160975915,6.740620258477728e-15,6.45580728283776e-14,True,1,0.10806038549615637
1626,0.42,0.16,best,True,False,False,2.5134741967437346,0.08378247322479115,36.349584160975915,6.740620258477728e-15,6.45580728283776e-14,True,1,0.10806038549615637
1626,0.42,0.16,screened_graph,True,True,False,10.472137501658306,0.34907125005527684,88.82171397130605,3.4603589760657435e-15,1.793763784499845e-14,True,5,0.10806038549615726
1626,0.42,0.16,screened_best,True,True,False,10.472137501657466,0.34907125005524886,88.82171397133163,6.742277230754847e-15,2.8782967701616575e-14,True,5,0.10806038549615682
1626,0.42,0.16,bounded_attempt,False,True,False,9.999999999999964,0.33333333333333215,88.82171397081642,8.342892491560781e-05,0.0027413870029304706,True,5,0.10806038549615682
1626,0.42,0.16,selected,True,True,False,10.472137501657466,0.34907125005524886,88.82171397133163,6.742277230754847e-15,2.8782967701616575e-14,True,5,0.10806038549615682
1627,0.44,0.16,baseline,True,True,False,10.285857794509976,0.34286192648366587,87.31077349410921,1.8720101834143464e-15,9.928129048455085e-15,True,5,0.17480611203792007
1627,0.44,0.16,local,True,True,False,10.285857794510296,0.3428619264836765,87.31077349411001,1.8720101834143464e-15,9.928129048455085e-15,True,5,0.17480611203792007
1627,0.44,0.16,multistart,True,False,False,2.3676505515561974,0.07892168505187325,33.86989410232344,3.402973930198639e-15,4.7648816045659606e-14,True,4,0.1748061120379214
1627,0.44,0.16,graph,True,False,False,2.367650551556184,0.0789216850518728,33.869894102317446,1.9991722838696e-15,1.2095881529650409e-14,True,4,0.17480611203792007
1627,0.44,0.16,best,True,False,False,2.3676505515561708,0.07892168505187236,33.86989410231944,9.331034846030526e-15,7.288941926917583e-14,True,4,0.1748061120379214
1627,0.44,0.16,screened_graph,True,True,False,10.285857794509976,0.34286192648366587,87.31077349410921,1.8720101834143464e-15,9.928129048455085e-15,True,5,0.17480611203792007
1627,0.44,0.16,screened_best,True,True,False,10.285857794509976,0.34286192648366587,87.31077349410921,1.8720101834143464e-15,9.928129048455085e-15,True,5,0.17480611203792007
1627,0.44,0.16,bounded_attempt,False,True,False,9.999999999999991,0.33333333333333304,87.31077349408406,4.485933899868698e-05,0.0015800630636649956,True,5,0.17480611203804308
1627,0.44,0.16,selected,True,True,False,10.285857794509976,0.34286192648366587,87.31077349410921,1.8720101834143464e-15,9.928129048455085e-15,True,5,0.17480611203792007
1628,0.46,0.16,baseline,True,True,False,10.32056340233714,0.34401878007790465,79.59012710732013,3.9883371459390815e-15,2.711072290673083e-14,True,5,0.2424970645819733
1628,0.46,0.16,local,True,True,False,10.3205634023371,0.3440187800779033,79.5901271073197,3.9883371459390815e-15,2.711072290673083e-14,True,5,0.2424970645819733
1628,0.46,0.16,multistart,True,False,False,2.2650988486357537,0.07550329495452512,31.811053682696055,9.415687843806791e-15,7.8192444372904e-14,True,4,0.24249706458197373
1628,0.46,0.16,graph,True,False,False,2.2650988486357537,0.07550329495452512,31.811053682696055,9.415687843806791e-15,7.8192444372904e-14,True,4,0.24249706458197373
1628,0.46,0.16,best,True,False,False,2.2650988486357537,0.07550329495452512,31.811053682696055,9.415687843806791e-15,7.8192444372904e-14,True,4,0.24249706458197373
1628,0.46,0.16,screened_graph,True,True,False,10.3205634023371,0.3440187800779033,79.59012710731892,2.661678662128178e-15,7.055733496209151e-15,True,5,0.2424970645819733
1628,0.46,0.16,screened_best,True,True,False,10.320563402337074,0.34401878007790243,79.59012710731973,7.808152042546453e-15,2.7187066481663736e-14,True,5,0.1278251707159237
1628,0.46,0.16,bounded_attempt,False,True,False,9.999999999999979,0.3333333333333326,79.59012712046001,4.9073052326028814e-05,0.0018412791085668438,True,5,0.1278251707159237
1628,0.46,0.16,selected,True,True,False,10.320563402337074,0.34401878007790243,79.59012710731973,7.808152042546453e-15,2.7187066481663736e-14,True,5,0.1278251707159237
1629,0.48,0.16,baseline,True,True,False,10.286712156103661,0.3428904052034554,81.69884625094296,1.3903438010727666e-15,1.0033938698728891e-14,True,5,0.30999472806261963
1629,0.48,0.16,local,True,True,False,10.286712156103675,0.3428904052034558,81.69884625094417,1.3903438010727666e-15,1.0033938698728891e-14,True,5,0.30999472806261963
1629,0.48,0.16,multistart,True,False,False,2.1748897889989216,0.07249632629996405,30.06214800366802,4.714854588435918e-15,3.1000879955613277e-14,True,4,0.3099947280626205
1629,0.48,0.16,graph,True,False,False,2.1748897889989216,0.07249632629996405,30.06214800366802,4.714854588435918e-15,3.1000879955613277e-14,True,4,0.3099947280626205
1629,0.48,0.16,best,True,False,False,2.1748897889989216,0.07249632629996405,30.06214800366802,4.714854588435918e-15,3.1000879955613277e-14,True,4,0.3099947280626205
1629,0.48,0.16,screened_graph,True,True,False,10.286712156103635,0.3428904052034545,81.69884625094338,5.313145090513748e-15,7.478461809485949e-14,True,5,0.20373481772342572
1629,0.48,0.16,screened_best,True,True,False,10.286712156103635,0.3428904052034545,81.69884625094338,5.313145090513748e-15,7.478461809485949e-14,True,5,0.20373481772342572
1629,0.48,0.16,bounded_attempt,False,True,False,9.999999999999991,0.33333333333333304,81.69884625092978,3.970358308862995e-05,0.0015719607982839913,True,5,0.20373481772342572
1629,0.48,0.16,selected,True,True,False,10.286712156103635,0.3428904052034545,81.69884625094338,5.313145090513748e-15,7.478461809485949e-14,True,5,0.20373481772342572
1630,0.5,0.16,baseline,True,True,False,10.00217449508512,0.3334058165028373,79.26194177125905,1.8413058067847638e-15,1.460625717578411e-14,True,5,0.37854261337780626
1630,0.5,0.16,local,True,True,False,10.002174495084146,0.3334058165028049,79.26194177128862,2.0101246288040005e-15,1.5042346118459142e-14,True,5,0.37854261337780626
1630,0.5,0.16,multistart,True,False,False,2.09400486076464,0.069800162025488,29.377946061628446,7.682129634931413e-15,7.46595386769715e-14,True,4,0.3785426133778067
1630,0.5,0.16,graph,True,False,False,2.09400486076464,0.069800162025488,29.377946061628847,4.680169488758384e-15,2.5175206943142056e-14,True,4,0.37854261337780626
1630,0.5,0.16,best,True,False,False,2.09400486076464,0.069800162025488,29.377946061628347,2.1680018517697465e-15,1.4472542256407e-14,True,4,0.37854261337780626
1630,0.5,0.16,screened_graph,True,True,False,10.002174495084107,0.33340581650280354,79.26194177128822,4.047011346668488e-15,2.241469427915996e-14,True,5,0.1969822762655431
1630,0.5,0.16,screened_best,True,True,False,10.002174495084107,0.33340581650280354,79.26194177128822,4.047011346668488e-15,2.241469427915996e-14,True,5,0.1969822762655431
1630,0.5,0.16,bounded_attempt,True,True,True,9.99999999170969,0.33333333305698964,79.26194177128542,2.7801004805402345e-07,1.1593616280672162e-05,True,5,0.1969822762655431
1630,0.5,0.16,selected,True,True,True,9.99999999170969,0.33333333305698964,79.26194177128542,2.7801004805402345e-07,1.1593616280672162e-05,True,5,0.1969822762655431
1631,0.52,0.16,baseline,True,True,False,10.264007022902769,0.34213356743009227,75.58370085282694,1.803258195074518e-15,1.2024780810920995e-14,True,5,0.44848803358469924
1631,0.52,0.16,local,True,True,False,10.264007022902755,0.3421335674300918,75.58370085282694,1.803258195074518e-15,1.2024780810920995e-14,True,5,0.44848803358469924
1631,0.52,0.16,multistart,True,False,False,2.0201413591505357,0.06733804530501786,29.102456145617683,6.720805024080279e-15,4.1127918673090866e-14,True,4,0.44848803358469924
1631,0.52,0.16,graph,True,False,False,2.0201413591505357,0.06733804530501786,29.102456145617683,6.720805024080279e-15,4.1127918673090866e-14,True,4,0.44848803358469924
1631,0.52,0.16,best,True,False,False,2.020141359150529,0.06733804530501764,29.102456145617882,5.464113502652437e-15,1.518010004453169e-14,True,4,0.4484880335846988
1631,0.52,0.16,screened_graph,True,True,False,10.264007022902742,0.3421335674300914,75.58370085280974,1.279167729717802e-15,1.1849214411302356e-14,True,5,0.10363000873819406
1631,0.52,0.16,screened_best,True,True,False,10.264007022902742,0.3421335674300914,75.58370085280895,2.195543226130338e-15,1.1184107063313321e-14,True,5,0.18770040286833645
1631,0.52,0.16,bounded_attempt,False,True,False,9.999999999999991,0.33333333333333304,75.58370085280895,3.157355020124849e-05,0.0013700439633519542,True,5,0.18770040286833645
1631,0.52,0.16,selected,True,True,False,10.264007022902742,0.3421335674300914,75.58370085280895,2.195543226130338e-15,1.1184107063313321e-14,True,5,0.18770040286833645
1632,0.54,0.16,baseline,True,True,False,10.444682001690065,0.34815606672300214,73.32409554217614,1.0792601309996586e-15,7.196188025721299e-15,True,5,0.5199495261824438
1632,0.54,0.16,local,True,True,False,10.444682001690078,0.3481560667230026,73.32409554217494,8.8470216988485605e-16,6.289934054912568e-15,True,5,0.5199495261824438
1632,0.54,0.16,multistart,True,False,False,1.951470313206185,0.06504901044020617,28.96192543642912,5.103102422647076e-15,2.4701266357417324e-14,True,4,0.5199495261824438
1632,0.54,0.16,graph,True,False,False,1.951470313206185,0.06504901044020617,28.96192543642912,5.103102422647076e-15,2.4701266357417324e-14,True,4,0.5199495261824438
1632,0.54,0.16,best,True,False,False,1.951470313206185,0.06504901044020617,28.96192543642912,5.103102422647076e-15,2.4701266357417324e-14,True,4,0.5199495261824438
1632,0.54,0.16,screened_graph,True,True,False,10.444682001690065,0.34815606672300214,73.32409554217614,1.0792601309996586e-15,7.196188025721299e-15,True,5,0.5199495261824438
1632,0.54,0.16,screened_best,True,True,False,10.444682001690065,0.34815606672300214,73.32409554217614,1.0792601309996586e-15,7.196188025721299e-15,True,5,0.5199495261824438
1632,0.54,0.16,bounded_attempt,False,True,False,9.999999999999964,0.33333333333333215,73.32409554408899,4.838256950348641e-05,0.002183886681499663,True,5,0.5199495261824465
1632,0.54,0.16,selected,True,True,False,10.444682001690065,0.34815606672300214,73.32409554217614,1.0792601309996586e-15,7.196188025721299e-15,True,5,0.5199495261824438
1633,0.56,0.16,baseline,True,True,False,10.619096392253189,0.35396987974177296,76.7729443467338,1.641103419724397e-15,5.084638744863845e-15,True,5,0.5930778687525908
1633,0.56,0.16,local,True,True,False,10.619096392253203,0.3539698797417734,76.77294434673259,1.641103419724397e-15,5.084638744863845e-15,True,5,0.5930778687525908
1633,0.56,0.16,multistart,True,False,False,1.8864702207039197,0.06288234069013066,28.946190027863228,7.385486951647639e-15,3.944318858485474e-14,True,4,0.5930778687525895
1633,0.56,0.16,graph,True,False,False,1.8864702207039197,0.06288234069013066,28.946190027863228,7.385486951647639e-15,3.944318858485474e-14,True,4,0.5930778687525895
1633,0.56,0.16,best,True,False,False,1.886470220703913,0.06288234069013043,28.946190027863228,2.542174368800419e-15,1.639181872863213e-14,True,4,0.5930778687525908
1633,0.56,0.16,screened_graph,True,True,False,10.619096392253189,0.35396987974177296,76.7729443467338,1.641103419724397e-15,5.084638744863845e-15,True,5,0.5930778687525908
1633,0.56,0.16,screened_best,True,True,False,10.619096392253189,0.35396987974177296,76.7729443467338,1.641103419724397e-15,5.084638744863845e-15,True,5,0.5930778687525908
1633,0.56,0.16,bounded_attempt,False,True,False,9.999999999999991,0.33333333333333304,96.19041118229568,9.390206012123603e-05,0.0043489953966244915,True,5,0.5930778687525922
1633,0.56,0.16,selected,True,True,False,10.619096392253189,0.35396987974177296,76.7729443467338,1.641103419724397e-15,5.084638744863845e-15,True,5,0.5930778687525908
1634,0.58,0.16,baseline,True,True,False,10.948124332844493,0.3649374777614831,80.2941371900118,2.9080175021498605e-15,1.1790442663555693e-14,True,5,0.6680592859814116
1634,0.58,0.16,local,True,True,False,10.948124332844587,0.3649374777614862,80.29413719001302,2.9080175021498605e-15,1.1790442663555693e-14,True,5,0.6680592859814116
1634,0.58,0.16,multistart,True,False,False,1.8238036531307422,0.060793455104358074,29.050212760526062,8.7634246781956e-15,4.5171370558348136e-14,True,4,0.6680592859814121
1634,0.58,0.16,graph,True,False,False,1.8238036531307356,0.06079345510435785,29.050212760526062,2.2862576121397515e-15,1.0007542942009292e-14,True,4,0.6680592859814114
1634,0.58,0.16,best,True,False,False,1.8238036531307356,0.06079345510435785,29.050212760526062,2.2862576121397515e-15,1.0007542942009292e-14,True,4,0.6680592859814114
1634,0.58,0.16,screened_graph,True,True,False,10.948124332844493,0.3649374777614831,80.2941371900118,2.9080175021498605e-15,1.1790442663555693e-14,True,5,0.6680592859814116
1634,0.58,0.16,screened_best,True,True,False,10.948124332844493,0.3649374777614831,80.2941371900118,2.9080175021498605e-15,1.1790442663555693e-14,True,5,0.6680592859814116
1634,0.58,0.16,bounded_attempt,False,True,False,9.999999999999991,0.33333333333333304,80.29413718995826,0.00016685218827749838,0.007931590546454549,True,5,0.6680592859814132
1634,0.58,0.16,selected,True,True,False,10.948124332844493,0.3649374777614831,80.2941371900118,2.9080175021498605e-15,1.1790442663555693e-14,True,5,0.6680592859814116
1635,0.6,0.16,baseline,True,True,False,11.723818088767125,0.39079393629223746,84.93416033690782,1.3463600052204709e-15,6.602151449837215e-15,True,5,0.7451213407103396
1635,0.6,0.16,local,True,True,False,11.723818088767072,0.3907939362922357,84.93416033690825,1.2300449440205884e-15,8.381263986375841e-15,True,5,0.7451213407103401
1635,0.6,0.16,multistart,True,False,False,1.7622149284035071,0.05874049761345024,29.273544545405596,1.2085027509888037e-14,5.99152291855254e-14,True,4,0.745121340710341
1635,0.6,0.16,graph,True,False,False,1.7622149284035071,0.05874049761345024,29.273544545405695,1.6106008326382946e-15,1.9099163982089432e-14,True,4,0.7451213407103399
1635,0.6,0.16,best,True,False,False,1.7622149284035071,0.05874049761345024,29.273544545405596,1.2085027509888037e-14,5.99152291855254e-14,True,4,0.745121340710341
1635,0.6,0.16,screened_graph,True,True,False,11.723818088767084,0.39079393629223613,84.93416033690782,3.0752376166597408e-15,2.068615551251136e-14,True,5,0.13540642761997734
1635,0.6,0.16,screened_best,True,True,False,11.723818088767072,0.3907939362922357,84.93416033690825,1.2300449440205884e-15,8.381263986375841e-15,True,5,0.7451213407103401
1635,0.6,0.16,bounded_attempt,False,True,False,9.999999999999991,0.33333333333333304,137.59874438257853,0.00024586360201638794,0.01196102098333562,True,5,0.7451213407103412
1635,0.6,0.16,selected,True,True,False,11.723818088767072,0.3907939362922357,84.93416033690825,1.2300449440205884e-15,8.381263986375841e-15,True,5,0.7451213407103401
1636,0.62,0.16,baseline,True,True,False,12.721386334392616,0.4240462111464205,96.03217485642458,5.271879156568682e-15,3.909252218136673e-14,True,5,0.7766050953988302
1636,0.62,0.16,local,True,True,False,12.721386334392642,0.4240462111464214,96.03217485642777,5.271879156568682e-15,3.909252218136673e-14,True,5,0.7766050953988302
1636,0.62,0.16,multistart,True,False,False,1.7419876880482132,0.058066256268273775,29.620258027967044,5.720426827789084e-15,2.745418971398416e-14,True,3,0.8240602554414866
1636,0.62,0.16,graph,True,False,False,1.7419876880482132,0.058066256268273775,29.620258027967044,5.720426827789084e-15,2.745418971398416e-14,True,3,0.8240602554414866
1636,0.62,0.16,best,True,False,False,1.7419876880482132,0.058066256268273775,29.620258027967044,5.720426827789084e-15,2.745418971398416e-14,True,3,0.8240602554414866
1636,0.62,0.16,screened_graph,True,True,False,12.721386334392562,0.4240462111464187,96.03217485642936,3.780977755977622e-15,2.5728893131103437e-14,True,5,0.12322290096081812
1636,0.62,0.16,screened_best,True,True,False,12.721386334392562,0.4240462111464187,96.03217485642656,1.6844799158985882e-15,9.360632333535307e-15,True,5,0.12322290096081812
1636,0.62,0.16,bounded_attempt,False,True,False,9.999999999999991,0.33333333333333304,102.89378384237402,0.00041602244513683337,0.020179028261626177,True,5,0.12322290096081812
1636,0.62,0.16,selected,True,True,False,12.721386334392562,0.4240462111464187,96.03217485642656,1.6844799158985882e-15,9.360632333535307e-15,True,5,0.12322290096081812
1637,0.64,0.16,baseline,True,True,False,14.059518926894793,0.46865063089649306,112.95628084458419,4.165648664845488e-16,1.6781527030943497e-15,True,5,0.7068057535419241
1637,0.64,0.16,local,True,True,False,14.059518926894725,0.46865063089649084,112.95628084458897,4.571251458474092e-16,1.4933310683785607e-15,True,5,0.706805753541925
1637,0.64,0.16,multistart,True,False,False,1.759773602179635,0.0586591200726545,30.099342246646767,3.338437358282239e-15,1.7454161434729986e-14,True,3,0.9054153126955351
1637,0.64,0.16,graph,True,False,False,1.759773602179635,0.0586591200726545,30.099342246646767,4.2013040055814314e-15,1.8457395177725512e-14,True,3,0.9054153126955347
1637,0.64,0.16,best,True,False,False,1.759773602179635,0.0586591200726545,30.099342246646767,3.338437358282239e-15,1.7454161434729986e-14,True,3,0.9054153126955351
1637,0.64,0.16,screened_graph,True,True,False,14.059518926894699,0.46865063089648995,112.95628084458738,3.850554723265875e-15,5.3364248723545215e-14,True,5,0.07514578872265254
1637,0.64,0.16,screened_best,True,True,False,14.059518926894699,0.46865063089648995,112.95628084458738,3.850554723265875e-15,5.3364248723545215e-14,True,5,0.07514578872265254
1637,0.64,0.16,bounded_attempt,False,True,False,9.999999999999991,0.33333333333333304,160.29610395132013,0.0006062546713689376,0.02960906364162984,True,5,0.07514578872265254
1637,0.64,0.16,selected,True,True,False,14.059518926894699,0.46865063089648995,112.95628084458738,3.850554723265875e-15,5.3364248723545215e-14,True,5,0.07514578872265254
1638,0.66,0.16,baseline,True,True,False,15.868485898363556,0.5289495299454519,141.43690666924982,1.601246556581068e-15,9.41532322166629e-15,True,5,0.6301034721007879
1638,0.66,0.16,local,True,True,False,15.86848589836261,0.5289495299454203,141.4369066692786,1.601246556581068e-15,9.41532322166629e-15,True,5,0.630103472100787
1638,0.66,0.16,multistart,True,False,False,1.7863220036485183,0.059544066788283945,30.72563400167466,8.369088507029405e-15,3.291972687681152e-14,True,3,0.9899067544499731
1638,0.66,0.16,graph,True,False,False,1.7863220036485183,0.059544066788283945,30.72563400167466,8.369088507029405e-15,3.291972687681152e-14,True,3,0.9899067544499731
1638,0.66,0.16,best,True,False,False,1.7863220036485183,0.059544066788283945,30.72563400167466,8.369088507029405e-15,3.291972687681152e-14,True,3,0.9899067544499731
1638,0.66,0.16,screened_graph,True,True,False,15.868485898362584,0.5289495299454194,141.43690666925383,1.7030709017087858e-15,1.0827022784082945e-14,True,5,0.07185233019843906
1638,0.66,0.16,screened_best,True,True,False,15.86848589836247,0.5289495299454157,141.43690666925616,3.8952109949111974e-15,1.5708373092766817e-14,True,5,0.9899067544499727
1638,0.66,0.16,bounded_attempt,False,True,False,9.999999999999998,0.33333333333333326,150.96241599711175,0.0008242087447292934,0.0403255562403842,True,5,0.9899067544499738
1638,0.66,0.16,selected,True,True,False,15.86848589836247,0.5289495299454157,141.43690666925616,3.8952109949111974e-15,1.5708373092766817e-14,True,5,0.9899067544499727
1639,0.68,0.16,baseline,True,True,False,18.171457397805728,0.6057152465935243,196.58560683302954,7.221785298249066e-16,3.916149677349445e-15,True,5,0.5491863253845315
1639,0.68,0.16,local,True,True,False,18.171457397805703,0.6057152465935234,196.5856068330319,6.050779143449325e-16,2.6115695878261632e-15,True,5,0.5491863253845315
1639,0.68,0.16,multistart,True,False,False,1.822966608148715,0.06076555360495717,31.521464352990126,1.5275656190879576e-15,5.203597937694654e-15,True,3,1.0780569206133586
1639,0.68,0.16,graph,True,False,False,1.8229666081487084,0.060765553604956946,31.521464352990325,6.321267603429601e-15,1.8322554092367284e-14,True,3,1.0780569206133597
1639,0.68,0.16,best,True,False,False,1.8229666081487084,0.060765553604956946,31.521464352989927,6.423062394583121e-15,7.869668730141662e-15,True,3,0.9298476032578114
1639,0.68,0.16,screened_graph,True,True,False,18.171457397804875,0.6057152465934958,196.58560683303153,2.2837290315185457e-15,2.346456730009653e-14,True,5,0.09932269004274463
1639,0.68,0.16,screened_best,True,True,False,18.171457397804875,0.6057152465934958,196.58560683303153,2.2837290315185457e-15,2.346456730009653e-14,True,5,0.09932269004274463
1639,0.68,0.16,bounded_attempt,False,True,False,9.999999999999995,0.33333333333333315,140.83370021190171,0.0011792267182248728,0.05619878471750117,True,5,0.09778679189782746
1639,0.68,0.16,selected,True,True,False,18.171457397804875,0.6057152465934958,196.58560683303153,2.2837290315185457e-15,2.346456730009653e-14,True,5,0.09932269004274463
1640,0.7000000000000001,0.16,baseline,True,True,False,22.442007013694404,0.7480669004564802,302.14099014434424,2.5294528792307707e-15,1.2859393130730665e-14,True,5,0.467107550840705
1640,0.7000000000000001,0.16,local,True,True,False,22.442007013694433,0.748066900456481,302.1409901443463,2.5294528792307707e-15,1.2859393130730665e-14,True,5,0.467107550840705
1640,0.7000000000000001,0.16,multistart,True,False,False,1.8717862239139738,0.06239287413046579,32.51932854046844,5.650833432153205e-16,9.98116549197426e-15,True,3,0.0005573587010161418
1640,0.7000000000000001,0.16,graph,True,False,False,1.8717862239139738,0.06239287413046579,32.51932854046844,5.650833432153205e-16,9.98116549197426e-15,True,3,0.0005573587010161418
1640,0.7000000000000001,0.16,best,True,False,False,1.8717862239139738,0.06239287413046579,32.51932854046844,9.555539684570352e-16,7.269431945904116e-15,True,3,1.1705441942442085
1640,0.7000000000000001,0.16,screened_graph,True,True,False,22.442007013694248,0.748066900456475,302.14099014433856,2.905864285917599e-15,1.4840719807223684e-14,True,5,1.170544194244208
1640,0.7000000000000001,0.16,screened_best,True,True,False,22.44200701369378,0.7480669004564593,302.1409901443209,2.359876909330258e-15,9.46405670377161e-15,True,5,1.1705441942442096
1640,0.7000000000000001,0.16,bounded_attempt,False,True,False,9.999999999999998,0.33333333333333326,234.40590903739303,0.0016657631231497619,0.07816351811155015,True,5,1.1705441942442112
1640,0.7000000000000001,0.16,selected,True,True,False,22.44200701369378,0.7480669004564593,302.1409901443209,2.359876909330258e-15,9.46405670377161e-15,True,5,1.1705441942442096
1641,0.72,0.16,baseline,True,True,False,32.67935448699487,1.0893118162331623,521.2336745861123,2.602668015786644e-15,1.6603833594611803e-14,True,5,0.38673945377743024
1641,0.72,0.16,local,True,True,False,32.679354486995,1.0893118162331668,521.2336745861163,1.7289406776067908e-15,1.2032388168757654e-14,True,5,0.38673945377743024
1641,0.72,0.16,multistart,True,False,False,1.9360202655345304,0.06453400885115101,33.76599490725037,7.153457808806092e-16,9.176211684285906e-16,True,3,0.8498768390077771
1641,0.72,0.16,graph,True,False,False,1.9360202655345304,0.06453400885115101,33.76599490725037,7.153457808806092e-16,9.176211684285906e-16,True,3,0.8498768390077771
1641,0.72,0.16,best,True,False,False,1.9360202655345304,0.06453400885115101,33.76599490725037,7.153457808806092e-16,9.176211684285906e-16,True,3,0.8498768390077771
1641,0.72,0.16,screened_graph,True,True,False,32.67935448699283,1.0893118162330944,521.2336745860525,2.738815792892871e-15,1.1903336767107246e-14,True,5,1.2682734296585787
1641,0.72,0.16,screened_best,True,True,False,32.67935448699283,1.0893118162330944,521.2336745860525,2.738815792892871e-15,1.1903336767107246e-14,True,5,1.2682734296585787
1641,0.72,0.16,bounded_attempt,False,True,False,10.0,0.3333333333333333,194.47193003941373,0.0022579339263459675,0.10392281859744303,True,5,1.2682734296585803
1641,0.72,0.16,selected,True,True,False,32.67935448699283,1.0893118162330944,521.2336745860525,2.738815792892871e-15,1.1903336767107246e-14,True,5,1.2682734296585787
1642,0.74,0.16,baseline,True,True,False,45.24217215708793,1.5080724052362642,2009.3603128866166,9.900690440241441e-15,3.469204628913413e-14,True,3,1.3724948236177046
1642,0.74,0.16,local,True,True,False,49.56973312573806,1.652324437524602,1185.9655549847682,5.542399969957738e-15,2.7242988232239657e-14,True,5,0.3102727152994822
1642,0.74,0.16,multistart,True,False,False,2.0208711309726946,0.06736237103242315,35.32812168586182,5.097135955591513e-16,1.0294514186536514e-15,True,3,0.8056682170743308
1642,0.74,0.16,graph,True,False,False,2.0208711309726946,0.06736237103242315,35.32812168586182,5.097135955591513e-16,1.0294514186536514e-15,True,3,0.8056682170743308
1642,0.74,0.16,best,True,False,False,2.0208711309726914,0.06736237103242304,35.32812168586267,1.3907094506733264e-14,7.126695795022331e-14,True,3,1.3724948236177048
1642,0.74,0.16,screened_graph,True,True,False,11.111742843196138,0.3703914281065379,493.98665202802795,3.959938661165765e-15,1.688496834100501e-14,True,3,0.2413525452420764
1642,0.74,0.16,screened_best,True,True,False,11.111742843196138,0.3703914281065379,493.98665202802795,3.959938661165765e-15,1.688496834100501e-14,True,3,0.2413525452420764
1642,0.74,0.16,bounded_attempt,True,True,True,9.999999999999991,0.33333333333333304,442.1974243169444,1.5926612787837617e-05,0.000808662649848111,True,3,0.24135254524207284
1642,0.74,0.16,selected,True,True,True,9.999999999999991,0.33333333333333304,442.1974243169444,1.5926612787837617e-05,0.000808662649848111,True,3,0.24135254524207284
1643,0.76,0.16,baseline,True,True,False,15.049013063818123,0.5016337687939374,697.1307525574999,3.25158078720222e-15,1.0939641139325205e-14,True,5,1.485018795095016
1643,0.76,0.16,local,True,True,False,15.049013063818363,0.5016337687939454,697.1307525575191,4.509426938959388e-15,1.6530356131874804e-14,True,5,1.4850187950950156
1643,0.76,0.16,multistart,True,False,False,2.1351911291494785,0.07117303763831595,37.295761529325326,2.272908815334289e-15,8.288330319961263e-15,True,3,0.7576474231229886
1643,0.76,0.16,graph,True,False,False,2.1351911291494785,0.07117303763831595,37.29576152932652,6.846687874175755e-16,5.822711577836951e-16,True,3,1.4850187950950142
1643,0.76,0.16,best,True,False,False,2.1351911291494785,0.07117303763831595,37.295761529325326,5.087681048627601e-16,9.433658491700993e-16,True,3,0.7576474231229877
1643,0.76,0.16,screened_graph,True,True,False,15.049013063817656,0.5016337687939219,697.130752557471,3.4535621541526818e-15,1.799536549734566e-14,True,5,0.058934098365773124
1643,0.76,0.16,screened_best,True,True,False,15.049013063817416,0.5016337687939139,697.1307525574622,1.684937189043326e-15,9.545929587556048e-15,True,5,1.4850187950950164
1643,0.76,0.16,bounded_attempt,False,True,False,9.999999999999991,0.33333333333333304,394.2322406179995,2.2817332494802723e-05,0.0013067967166785369,True,5,1.4850187950950149
1643,0.76,0.16,selected,True,True,False,15.049013063817416,0.5016337687939139,697.1307525574622,1.684937189043326e-15,9.545929587556048e-15,True,5,1.4850187950950164
1644,0.78,0.16,baseline,True,True,False,39.376845637922386,1.3125615212640795,849.2599849063523,1.1067899029479861e-14,5.6429212619919295e-14,True,3,1.608642241585418
1644,0.78,0.16,local,True,True,False,39.37684563792243,1.3125615212640809,849.2599849063557,4.806545311747926e-15,2.3555516012866854e-14,True,3,1.608642241585419
1644,0.78,0.16,multistart,True,True,True,2.2955058366878833,0.07651686122292944,39.75114029470848,5.662749647834299e-16,1.4500840246871048e-15,True,3,1.4852002337254993
1644,0.78,0.16,graph,True,True,True,2.2955058366878833,0.07651686122292944,39.75114029470848,5.662749647834299e-16,1.4500840246871048e-15,True,3,1.4852002337254993
1644,0.78,0.16,best,True,True,True,2.295505836687875,0.07651686122292917,39.751140294708975,3.941145138342796e-15,8.512925646369978e-15,True,3,1.4852002337254966
1644,0.78,0.16,screened_graph,True,True,True,2.2955058366878833,0.07651686122292944,39.75114029470848,5.662749647834299e-16,1.4500840246871048e-15,True,3,1.4852002337254993
1644,0.78,0.16,screened_best,True,True,True,2.295505836687875,0.07651686122292917,39.751140294708975,3.941145138342796e-15,8.512925646369978e-15,True,3,1.4852002337254966
1644,0.78,0.16,bounded_attempt,True,True,True,2.2955058366879,0.07651686122293,39.751140294710275,3.8560522479082083e-13,2.248493311692196e-12,True,3,1.485200233727765
1644,0.78,0.16,selected,True,True,True,2.295505836687875,0.07651686122292917,39.751140294708975,3.941145138342796e-15,8.512925646369978e-15,True,3,1.4852002337254966
1645,0.8,0.16,baseline,True,True,False,20.985686431100394,0.6995228810366798,289.5937061029243,4.3738595454800894e-15,2.1503541525473533e-14,True,3,1.7481132841833669
1645,0.8,0.16,local,True,True,False,20.985686431100525,0.6995228810366841,289.5937061029237,4.35187599790324e-15,2.1625967627404455e-14,True,3,1.748113284183367
1645,0.8,0.16,multistart,True,True,True,3.6582695986559406,0.12194231995519801,129.35586267680853,2.100889905366243e-14,3.589207200870476e-14,True,2,1.3717230247943206
1645,0.8,0.16,graph,True,True,True,3.6582695986559406,0.12194231995519801,129.35586267680853,2.100889905366243e-14,3.589207200870476e-14,True,2,1.3717230247943206
1645,0.8,0.16,best,True,True,True,3.6582695986559406,0.12194231995519801,129.35586267680853,2.100889905366243e-14,3.589207200870476e-14,True,2,1.3717230247943206
1645,0.8,0.16,screened_graph,True,True,True,3.6582695986559406,0.12194231995519801,129.35586267680853,2.100889905366243e-14,3.589207200870476e-14,True,2,1.3717230247943206
1645,0.8,0.16,screened_best,True,True,True,3.6582695986559406,0.12194231995519801,129.35586267680853,2.100889905366243e-14,3.589207200870476e-14,True,2,1.3717230247943206
1645,0.8,0.16,bounded_attempt,True,True,True,3.6582695986566685,0.12194231995522228,129.35586270362853,2.904053143503067e-13,2.226693496238548e-12,True,2,1.3717230247943082
1645,0.8,0.16,selected,True,True,True,3.6582695986559406,0.12194231995519801,129.35586267680853,2.100889905366243e-14,3.589207200870476e-14,True,2,1.3717230247943206
1671,0.6,0.18,baseline,True,True,False,10.207248285928326,0.3402416095309442,74.36576789253353,1.8064594370673625e-15,1.4688833975724567e-14,True,5,0.7569000127978873
1671,0.6,0.18,local,True,True,False,10.207248285928259,0.34024160953094196,74.36576789253233,1.7308889685617573e-15,1.3274707965569239e-14,True,5,0.7569000127978871
1671,0.6,0.18,multistart,True,False,False,1.787844200840163,0.0595948066946721,28.742151473853905,1.0770450891691211e-14,6.393337677281795e-14,True,4,0.7569000127978875
1671,0.6,0.18,graph,True,False,False,1.787844200840163,0.0595948066946721,28.742151473853905,1.0770450891691211e-14,6.393337677281795e-14,True,4,0.7569000127978875
1671,0.6,0.18,best,True,False,False,1.787844200840163,0.0595948066946721,28.742151473853905,1.0770450891691211e-14,6.393337677281795e-14,True,4,0.7569000127978875
1671,0.6,0.18,screened_graph,True,True,False,10.207248285928232,0.34024160953094107,74.36576789256031,4.749124171121454e-15,8.326609413361763e-14,True,5,0.10791461453475737
1671,0.6,0.18,screened_best,True,True,False,10.207248285928232,0.34024160953094107,74.36576789250715,8.978274479895282e-15,2.564652828605375e-14,True,5,0.13282683893579605
1671,0.6,0.18,bounded_attempt,False,True,False,9.999999999999979,0.3333333333333326,74.36576789248677,2.04634198971846e-05,0.001006238909201108,True,5,0.13282683893579605
1671,0.6,0.18,selected,True,True,False,10.207248285928232,0.34024160953094107,74.36576789250715,8.978274479895282e-15,2.564652828605375e-14,True,5,0.13282683893579605
1672,0.62,0.18,baseline,True,True,False,10.903926829511198,0.36346422765037323,82.08954905790335,1.6328678498303803e-15,9.318976209832685e-15,True,5,0.8360781235905221
1672,0.62,0.18,local,True,True,False,10.903926829511583,0.3634642276503861,82.08954905790455,4.484050470211362e-16,2.2773952973155154e-15,True,5,0.8360781235905219
1672,0.62,0.18,multistart,True,False,False,1.7481237447142295,0.058270791490474316,29.124628359024964,1.783714177812049e-15,1.4250045828029222e-14,True,3,0.836078123590523
1672,0.62,0.18,graph,True,False,False,1.7481237447142295,0.058270791490474316,29.124628359024964,1.783714177812049e-15,1.4250045828029222e-14,True,3,0.836078123590523
1672,0.62,0.18,best,True,False,False,1.7481237447142295,0.058270791490474316,29.124628359024964,1.783714177812049e-15,1.4250045828029222e-14,True,3,0.836078123590523
1672,0.62,0.18,screened_graph,True,True,False,10.903926829511198,0.36346422765037323,82.08954905790335,1.6328678498303803e-15,9.318976209832685e-15,True,5,0.8360781235905221
1672,0.62,0.18,screened_best,True,True,False,10.903926829511198,0.36346422765037323,82.08954905790335,1.6328678498303803e-15,9.318976209832685e-15,True,5,0.8360781235905221
1672,0.62,0.18,bounded_attempt,False,True,False,9.999999999999979,0.3333333333333326,102.66455994512339,0.00010786625462565221,0.005255962621098636,True,5,0.8360781235905252
1672,0.62,0.18,selected,True,True,False,10.903926829511198,0.36346422765037323,82.08954905790335,1.6328678498303803e-15,9.318976209832685e-15,True,5,0.8360781235905221
1673,0.64,0.18,baseline,True,True,False,11.874152583064395,0.3958050861021465,109.02889709942939,2.6176097805338498e-15,1.5758704052008372e-14,True,5,0.797681822400536
1673,0.64,0.18,local,True,True,False,11.874152583064475,0.39580508610214915,109.02889709942579,2.648658606809293e-15,1.5758704052008372e-14,True,5,0.797681822400536
1673,0.64,0.18,multistart,True,False,False,1.7661477596613517,0.058871591988711724,29.64036411253126,2.757876454153462e-15,1.636302743969178e-14,True,3,0.9179922980478712
1673,0.64,0.18,graph,True,False,False,1.7661477596613517,0.058871591988711724,29.64036411253166,6.792181231964577e-15,7.387805107672418e-14,True,3,0.9179922980478705
1673,0.64,0.18,best,True,False,False,1.7661477596613508,0.0588715919887117,29.640364112531557,3.3472809927562375e-15,1.0095757559110914e-14,True,3,0.9179922980478707
1673,0.64,0.18,screened_graph,True,True,False,11.874152583064395,0.3958050861021465,109.02889709942939,2.6176097805338498e-15,1.5758704052008372e-14,True,5,0.797681822400536
1673,0.64,0.18,screened_best,True,True,False,11.874152583064395,0.3958050861021465,109.02889709942939,2.6176097805338498e-15,1.5758704052008372e-14,True,5,0.797681822400536
1673,0.64,0.18,bounded_attempt,False,True,False,9.999999999999991,0.33333333333333304,109.02889721921836,0.0002647793266910578,0.01299849816168386,True,5,0.797681822401274
1673,0.64,0.18,selected,True,True,False,11.874152583064395,0.3958050861021465,109.02889709942939,2.6176097805338498e-15,1.5758704052008372e-14,True,5,0.797681822400536
1674,0.66,0.18,baseline,True,True,False,13.26673525992122,0.4422245086640406,120.14541896971387,2.9961883546896355e-15,9.870180846109465e-15,True,5,0.7228179351120039
1674,0.66,0.18,local,True,True,False,13.266735259920832,0.44222450866402774,120.14541896971805,2.9031124727838194e-15,9.809397272332652e-15,True,5,0.7228179351120039
1674,0.66,0.18,multistart,True,False,False,1.7932544084172086,0.05977514694724029,30.30596118346951,7.297605391511525e-15,2.729788663972544e-14,True,3,1.0023847244446162
1674,0.66,0.18,graph,True,False,False,1.7932544084172086,0.05977514694724029,30.30596118346951,7.297605391511525e-15,2.729788663972544e-14,True,3,1.0023847244446162
1674,0.66,0.18,best,True,False,False,1.7932544084172086,0.05977514694724029,30.30596118346871,4.76499457506197e-15,1.0093838761725153e-14,True,3,0.9510644371403663
1674,0.66,0.18,screened_graph,True,True,False,13.26673525992082,0.4422245086640273,120.14541896970785,4.483470598604712e-15,6.204893888304775e-14,True,5,0.11545529967996959
1674,0.66,0.18,screened_best,True,True,False,13.26673525992082,0.4422245086640273,120.14541896970785,4.483470598604712e-15,6.204893888304775e-14,True,5,0.11545529967996959
1674,0.66,0.18,bounded_attempt,False,True,False,9.999999999999991,0.33333333333333304,137.20249783643644,0.0004908420380827825,0.024184726234834794,True,5,0.11545529967996959
1674,0.66,0.18,selected,True,True,False,13.26673525992082,0.4422245086640273,120.14541896970785,4.483470598604712e-15,6.204893888304775e-14,True,5,0.11545529967996959
1675,0.68,0.18,baseline,True,True,False,15.311217627813397,0.5103739209271132,138.14345085064215,2.4014989524185886e-15,1.2855238750342891e-14,True,5,0.6421493100794029
1675,0.68,0.18,local,True,True,False,15.311217627813303,0.5103739209271101,138.14345085064298,1.1433814963738287e-15,5.096668350321752e-15,True,5,0.6421493100794029
1675,0.68,0.18,multistart,True,False,False,1.8308434926275163,0.06102811642091721,31.146012390421696,1.7664085322772195e-15,6.9352986254465836e-15,True,3,1.0905272120471643
1675,0.68,0.18,graph,True,False,False,1.8308434926275163,0.06102811642091721,31.146012390422044,2.202549644597599e-15,1.4220863543502707e-14,True,3,0.9140008255505112
1675,0.68,0.18,best,True,False,False,1.8308434926275163,0.06102811642091721,31.146012390421298,5.667848928154234e-16,1.4841976146065126e-15,True,3,1.0905272120471652
1675,0.68,0.18,screened_graph,True,True,False,15.311217627812663,0.5103739209270888,138.14345085064335,1.0477500027681815e-15,8.44539341481925e-15,True,5,0.08034374985044224
1675,0.68,0.18,screened_best,True,True,False,15.311217627812663,0.5103739209270888,138.14345085064335,1.0477500027681815e-15,8.44539341481925e-15,True,5,0.08034374985044224
1675,0.68,0.18,bounded_attempt,False,True,False,9.999999999999991,0.33333333333333304,181.0176001080081,0.0008286053572246537,0.039485359415696565,True,5,0.08020990952869766
1675,0.68,0.18,selected,True,True,False,15.311217627812663,0.5103739209270888,138.14345085064335,1.0477500027681815e-15,8.44539341481925e-15,True,5,0.08034374985044224
1676,0.7000000000000001,0.18,baseline,True,True,False,18.2977960279844,0.6099265342661466,191.71490840579716,1.1373861013942918e-15,5.87110625403011e-15,True,5,0.5582097112824531
1676,0.7000000000000001,0.18,local,True,True,False,18.297796027981043,0.6099265342660347,191.7149084058951,1.8354390915315477e-15,7.846605304654388e-15,True,5,0.5582097112824531
1676,0.7000000000000001,0.18,multistart,True,False,False,1.8811045821544958,0.06270348607181653,32.196181332469735,2.5711387621264606e-15,9.260525855384827e-15,True,3,0.8747693515470809
1676,0.7000000000000001,0.18,graph,True,False,False,1.8811045821544958,0.06270348607181653,32.196181332469735,2.5711387621264606e-15,9.260525855384827e-15,True,3,0.8747693515470809
1676,0.7000000000000001,0.18,best,True,False,False,1.8811045821544958,0.06270348607181653,32.19618133246933,8.903441835098303e-16,3.149347741254625e-15,True,3,1.1831113497681962
1676,0.7000000000000001,0.18,screened_graph,True,True,False,18.297796027984106,0.6099265342661369,191.71490840579827,2.548454621621236e-15,8.597175438061682e-15,True,5,1.1831113497681958
1676,0.7000000000000001,0.18,screened_best,True,True,False,18.297796027981043,0.6099265342660347,191.7149084058951,1.8354390915315477e-15,7.846605304654388e-15,True,5,0.5582097112824531
1676,0.7000000000000001,0.18,bounded_attempt,False,True,False,9.999999999999991,0.33333333333333304,143.40453026448597,0.0012424648924904687,0.05822833480765049,True,5,0.5582097112823989
1676,0.7000000000000001,0.18,selected,True,True,False,18.297796027981043,0.6099265342660347,191.7149084058951,1.8354390915315477e-15,7.846605304654388e-15,True,5,0.5582097112824531
1677,0.72,0.18,baseline,True,True,False,22.064442634502846,0.7354814211500948,304.3679060295537,2.1083278472869773e-15,8.08632375087954e-15,True,5,0.4736590135544301
1677,0.72,0.18,local,True,True,False,22.064442634502978,0.7354814211500993,304.36790602955375,1.5133789643923629e-15,7.657143614551946e-15,True,5,0.4736590135544301
1677,0.72,0.18,multistart,True,False,False,1.947464419626348,0.0649154806542116,33.50801359487772,4.272916553455145e-16,9.169059760813197e-16,True,3,0.8329706524758054
1677,0.72,0.18,graph,True,False,False,1.947464419626348,0.0649154806542116,33.50801359487772,4.272916553455145e-16,9.169059760813197e-16,True,3,0.8329706524758054
1677,0.72,0.18,best,True,False,False,1.947464419626348,0.0649154806542116,33.50801359487692,5.36049202688126e-16,2.467908607139321e-15,True,3,0.8329706524758063
1677,0.72,0.18,screened_graph,True,True,False,22.064442634495226,0.7354814211498408,304.367906029781,7.117992991917306e-15,6.001064192049814e-15,True,5,0.10209062370854394
1677,0.72,0.18,screened_best,True,True,False,22.064442634495226,0.7354814211498408,304.367906029781,7.117992991917306e-15,6.001064192049814e-15,True,5,0.10209062370854394
1677,0.72,0.18,bounded_attempt,False,True,False,9.999999999999998,0.33333333333333326,218.92712963234024,0.0017385325600975153,0.0794806012744829,True,5,0.10209062370854483
1677,0.72,0.18,selected,True,True,False,22.064442634495226,0.7354814211498408,304.367906029781,7.117992991917306e-15,6.001064192049814e-15,True,5,0.10209062370854394
1678,0.74,0.18,baseline,True,True,False,32.00538400751,1.0668461335836668,600.4021144979093,1.0867291483613812e-15,6.971237901675132e-15,True,5,0.3907673223794319
1678,0.74,0.18,local,True,True,False,32.005384007509605,1.0668461335836534,600.4021144978952,1.9374266577527955e-14,8.068669594411246e-14,True,5,0.3907673223794319
1678,0.74,0.18,multistart,True,False,False,2.035455337495997,0.06784851124986657,35.15581131922829,6.093597404471837e-16,1.0115880399209442e-15,True,3,1.3856758484919018
1678,0.74,0.18,graph,True,False,False,2.035455337495997,0.06784851124986657,35.15581131922829,6.093597404471837e-16,1.0115880399209442e-15,True,3,1.3856758484919018
1678,0.74,0.18,best,True,False,False,2.035455337495997,0.06784851124986657,35.15581131922829,6.093597404471837e-16,1.0115880399209442e-15,True,3,1.3856758484919018
1678,0.74,0.18,screened_graph,True,True,False,32.00538400751,1.0668461335836668,600.4021144979093,1.0867291483613812e-15,6.971237901675132e-15,True,5,0.3907673223794319
1678,0.74,0.18,screened_best,True,True,False,32.005384007509605,1.0668461335836534,600.4021144978952,1.9374266577527955e-14,8.068669594411246e-14,True,5,0.3907673223794319
1678,0.74,0.18,bounded_attempt,False,True,False,9.999999999999991,0.33333333333333304,220.69388076566378,0.0025317977866256237,0.10947034454096527,True,5,0.390767322379431
1678,0.74,0.18,selected,True,True,False,32.005384007509605,1.0668461335836534,600.4021144978952,1.9374266577527955e-14,8.068669594411246e-14,True,5,0.3907673223794319
1679,0.76,0.18,baseline,True,True,False,33.874217592337175,1.1291405864112392,1443.7572161821763,1.1896105762541543e-15,8.606114221358778e-15,True,3,1.4988232945575368
1679,0.76,0.18,local,True,True,False,33.87421759233739,1.1291405864112463,1443.757216182183,3.3702744140510337e-15,1.469604654196443e-14,True,3,1.4988232945575368
1679,0.76,0.18,multistart,True,False,False,2.154554432460443,0.07181848108201477,37.24224758012418,5.558049685633556e-16,9.542492938265331e-16,True,3,1.498823294557538
1679,0.76,0.18,graph,True,False,False,2.154554432460438,0.0718184810820146,37.24224758012418,3.625796160898634e-15,9.127400126920195e-15,True,3,1.4988232945575373
1679,0.76,0.18,best,True,False,False,2.154554432460438,0.0718184810820146,37.24224758012418,3.625796160898634e-15,9.127400126920195e-15,True,3,1.4988232945575373
1679,0.76,0.18,screened_graph,True,True,False,10.330325975166508,0.3443441991722169,93.57456141829188,2.2545746610439034e-15,4.4332815532588166e-14,True,3,0.36063375301922207
1679,0.76,0.18,screened_best,True,True,False,10.330325975166508,0.3443441991722169,93.57456141829188,2.2545746610439034e-15,4.4332815532588166e-14,True,3,0.36063375301922207
1679,0.76,0.18,bounded_attempt,False,True,False,9.999999999999964,0.33333333333333215,99.86181973707815,5.780450091221894e-05,0.0021932873808198786,True,3,0.36063375301927625
1679,0.76,0.18,selected,True,True,False,10.330325975166508,0.3443441991722169,93.57456141829188,2.2545746610439034e-15,4.4332815532588166e-14,True,3,0.36063375301922207
1680,0.78,0.18,baseline,True,True,False,44.15568362434883,1.4718561208116276,2107.3801577499153,8.194713253122048e-15,4.970002028295751e-14,True,5,1.6234331694257769
1680,0.78,0.18,local,True,True,False,50.66199899102082,1.688733299700694,1381.5926484532795,9.312409254798829e-15,4.8711430412506326e-14,True,3,1.6234331694257769
1680,0.78,0.18,multistart,True,True,True,2.3226151263873973,0.07742050421291324,39.867959453536805,1.7244233337941968e-15,3.4935772028901654e-15,True,3,0.6845984722791902
1680,0.78,0.18,graph,True,True,True,2.322615126387384,0.0774205042129128,39.8679594535372,1.7079266652198235e-15,2.6072980406835412e-15,True,3,0.6845984722791902
1680,0.78,0.18,best,True,True,True,2.322615126387384,0.0774205042129128,39.8679594535372,1.7079266652198235e-15,2.6072980406835412e-15,True,3,0.6845984722791902
1680,0.78,0.18,screened_graph,True,True,True,2.322615126387384,0.0774205042129128,39.8679594535372,1.7079266652198235e-15,2.6072980406835412e-15,True,3,0.6845984722791902
1680,0.78,0.18,screened_best,True,True,True,2.322615126387384,0.0774205042129128,39.8679594535372,1.7079266652198235e-15,2.6072980406835412e-15,True,3,0.6845984722791902
1680,0.78,0.18,bounded_attempt,True,True,True,2.3226151263874106,0.07742050421291369,39.867959453538006,4.1631621169507453e-13,2.2175083191732503e-12,True,3,0.6845984722791902
1680,0.78,0.18,selected,True,True,True,2.322615126387384,0.0774205042129128,39.8679594535372,1.7079266652198235e-15,2.6072980406835412e-15,True,3,0.6845984722791902
1709,0.64,0.2,baseline,True,True,False,12.540903399231933,0.4180301133077311,221.08774231593685,1.4360660794162128e-15,6.827496852249953e-15,True,5,0.8652192769352745
1709,0.64,0.2,local,True,True,False,12.540903399231027,0.4180301133077009,221.08774231592588,9.805224261780596e-16,6.941059626536374e-15,True,5,0.8652192769352745
1709,0.64,0.2,multistart,True,False,False,1.763881520757621,0.058796050691920704,28.661270321582183,3.820300658137586e-15,4.1525780856307796e-14,True,3,0.9334778463094962
1709,0.64,0.2,graph,True,False,False,1.7638815207576153,0.05879605069192051,28.661270321581835,3.4981936576805603e-15,6.253492650486537e-15,True,3,0.9334778463094957
1709,0.64,0.2,best,True,False,False,1.7638815207576153,0.05879605069192051,28.661270321581835,3.4981936576805603e-15,6.253492650486537e-15,True,3,0.9334778463094957
1709,0.64,0.2,screened_graph,True,True,False,11.5275323561902,0.38425107853967333,143.83859185053265,3.586059038089369e-15,2.1218073968338714e-14,True,5,0.06420416668536966
1709,0.64,0.2,screened_best,True,True,False,11.5275323561902,0.38425107853967333,143.83859185053265,3.586059038089369e-15,2.1218073968338714e-14,True,5,0.06420416668536966
1709,0.64,0.2,bounded_attempt,False,True,False,9.999999999999991,0.33333333333333304,143.8385918570075,0.00020578850526441602,0.010029073715760926,True,5,0.06420416668537499
1709,0.64,0.2,selected,True,True,False,11.5275323561902,0.38425107853967333,143.83859185053265,3.586059038089369e-15,2.1218073968338714e-14,True,5,0.06420416668536966
1710,0.66,0.2,baseline,True,True,False,17.069480557367797,0.5689826852455933,305.7381825040704,3.2846703865772127e-15,1.8462861236889493e-14,True,5,0.7926035640337847
1710,0.66,0.2,local,True,True,False,17.06948055737585,0.5689826852458617,305.73818250432544,2.576488954432742e-15,1.787846802564707e-14,True,5,0.792603564033783
1710,0.66,0.2,multistart,True,False,False,1.7919779851757323,0.05973259950585774,29.395142160232314,7.871678936971414e-15,7.759834143537672e-14,True,3,1.018532996205167
1710,0.66,0.2,graph,True,False,False,1.7919779851757323,0.05973259950585774,29.395142160232314,7.408607336813087e-15,3.5104895683380874e-14,True,3,1.0185329962051655
1710,0.66,0.2,best,True,False,False,1.791977985175719,0.0597325995058573,29.395142160232314,4.637175111538528e-15,1.2201278783573437e-14,True,3,1.018532996205166
1710,0.66,0.2,screened_graph,True,True,False,12.848938405537208,0.42829794685124023,166.99379485198514,3.973727094433702e-15,1.7213872843366713e-14,True,5,0.7350000884607981
1710,0.66,0.2,screened_best,True,True,False,12.848938405537208,0.42829794685124023,166.99379485198514,3.973727094433702e-15,1.7213872843366713e-14,True,5,0.7350000884607981
1710,0.66,0.2,bounded_attempt,False,True,False,9.999999999999991,0.33333333333333304,195.26194705477624,0.00045142192206124385,0.0219844925912712,True,5,0.7350000884611347
1710,0.66,0.2,selected,True,True,False,12.848938405537208,0.42829794685124023,166.99379485198514,3.973727094433702e-15,1.7213872843366713e-14,True,5,0.7350000884607981
1711,0.68,0.2,baseline,True,True,False,18.657403970133668,0.6219134656711223,291.3738745419703,1.5920187834361761e-15,9.323347293146249e-15,True,5,0.7132941012495086
1711,0.68,0.2,local,True,True,False,18.65740397013584,0.6219134656711947,291.37387454202076,1.5920187834361761e-15,9.323347293146249e-15,True,5,0.7132941012495086
1711,0.68,0.2,multistart,True,False,False,1.8310160485579008,0.06103386828526336,30.30983083449752,6.978361113457811e-15,7.444093922457828e-14,True,3,1.1070767654803644
1711,0.68,0.2,graph,True,False,False,1.8310160485579008,0.06103386828526336,30.30983083449752,6.978361113457811e-15,7.444093922457828e-14,True,3,1.1070767654803644
1711,0.68,0.2,best,True,False,False,1.8310160485579008,0.06103386828526336,30.30983083449752,6.978361113457811e-15,7.444093922457828e-14,True,3,1.1070767654803644
1711,0.68,0.2,screened_graph,True,True,False,14.677000601109924,0.4892333533703308,160.11515947226158,5.4410132083227695e-15,1.2726537391589444e-13,True,5,0.9982877781721236
1711,0.68,0.2,screened_best,True,True,False,14.677000601109924,0.4892333533703308,160.11515947226158,5.4410132083227695e-15,1.2726537391589444e-13,True,5,0.9982877781721236
1711,0.68,0.2,bounded_attempt,False,True,False,9.999999999999998,0.33333333333333326,167.46691032206053,0.0007313544510248414,0.035369632733232945,True,5,0.998287778172128
1711,0.68,0.2,selected,True,True,False,14.677000601109924,0.4892333533703308,160.11515947226158,5.4410132083227695e-15,1.2726537391589444e-13,True,5,0.9982877781721236
1712,0.7000000000000001,0.2,baseline,True,True,False,17.792851980180625,0.5930950660060208,223.17687805824045,2.140241056453829e-15,1.6511551676141655e-14,True,5,0.629251600031453
1712,0.7000000000000001,0.2,local,True,True,False,17.792851980170106,0.5930950660056702,223.1768780582777,1.5555508291689229e-15,6.340129291053348e-15,True,5,0.6292516000314539
1712,0.7000000000000001,0.2,multistart,True,False,False,1.883354471554135,0.06277848238513783,31.446737824947714,3.3120264467915076e-15,5.881688665741217e-14,True,3,0.851383132780053
1712,0.7000000000000001,0.2,graph,True,False,False,1.883354471554135,0.06277848238513783,31.446737824947714,3.3120264467915076e-15,5.881688665741217e-14,True,3,0.851383132780053
1712,0.7000000000000001,0.2,best,True,False,False,1.883354471554135,0.06277848238513783,31.446737824947714,3.3120264467915076e-15,5.881688665741217e-14,True,3,0.851383132780053
1712,0.7000000000000001,0.2,screened_graph,True,True,False,17.076444367606808,0.5692148122535603,183.08454143157473,4.173777849020169e-15,4.8780092497771184e-14,True,5,0.4979880187135217
1712,0.7000000000000001,0.2,screened_best,True,True,False,17.076444367606808,0.5692148122535603,183.08454143157473,4.173777849020169e-15,4.8780092497771184e-14,True,5,0.4979880187135217
1712,0.7000000000000001,0.2,bounded_attempt,False,True,False,9.999999999999998,0.33333333333333326,209.19767082601672,0.001125965564148604,0.05210415347421167,True,5,0.4959960215164587
1712,0.7000000000000001,0.2,selected,True,True,False,17.076444367606808,0.5692148122535603,183.08454143157473,4.173777849020169e-15,4.8780092497771184e-14,True,5,0.4979880187135217
1713,0.72,0.2,baseline,True,True,False,18.599776442417852,0.619992548080595,198.8416678986518,4.304888883220069e-15,2.3946989490020465e-14,True,5,0.5427060257720226
1713,0.72,0.2,local,True,True,False,18.599776442417905,0.6199925480805968,198.84166789868453,4.365750004481915e-15,2.3860261144842542e-14,True,5,0.5427060257720218
1713,0.72,0.2,multistart,True,False,False,1.9527008013739433,0.06509002671246478,32.866237542697,2.8477883353262425e-15,5.4954813133102186e-15,True,3,1.2980898391657962
1713,0.72,0.2,graph,True,False,False,1.9527008013739433,0.06509002671246478,32.866237542697,2.8477883353262425e-15,5.4954813133102186e-15,True,3,1.2980898391657962
1713,0.72,0.2,best,True,False,False,1.9527008013739433,0.06509002671246478,32.866237542697,2.8477883353262425e-15,5.4954813133102186e-15,True,3,1.2980898391657962
1713,0.72,0.2,screened_graph,True,True,False,18.59977644241761,0.619992548080587,198.84166789948702,2.5172027167143303e-15,8.180216872778994e-14,True,5,0.46842497759939317
1713,0.72,0.2,screened_best,True,True,False,18.59977644241761,0.619992548080587,198.84166789948702,2.5172027167143303e-15,8.180216872778994e-14,True,5,0.46842497759939317
1713,0.72,0.2,bounded_attempt,False,True,False,9.999999999999991,0.33333333333333304,219.9754327471224,0.0013279762182820255,0.060809482018319864,True,5,0.46842497759939405
1713,0.72,0.2,selected,True,True,False,18.59977644241761,0.619992548080587,198.84166789948702,2.5172027167143303e-15,8.180216872778994e-14,True,5,0.46842497759939317
1714,0.74,0.2,baseline,True,True,False,24.523707673852876,0.8174569224617625,315.91964939617577,2.4145755584882908e-15,8.538639148237814e-15,True,5,0.455680694504931
1714,0.74,0.2,local,True,True,False,24.52370767385277,0.8174569224617589,315.9196493961694,2.132668787380004e-15,8.6488873932082e-15,True,5,0.455680694504931
1714,0.74,0.2,multistart,True,False,False,2.0450834377571248,0.06816944792523749,34.657374659670914,4.050792900924367e-16,9.190536693926185e-16,True,3,1.403252614609055
1714,0.74,0.2,graph,True,False,False,2.0450834377571248,0.06816944792523749,34.657374659670914,4.050792900924367e-16,9.190536693926185e-16,True,3,1.403252614609055
1714,0.74,0.2,best,True,False,False,2.0450834377571248,0.06816944792523749,34.657374659670914,4.050792900924367e-16,9.190536693926185e-16,True,3,1.403252614609055
1714,0.74,0.2,screened_graph,True,True,False,24.523707673852783,0.8174569224617594,315.9196493958444,1.2927544831337301e-14,1.0057297613684452e-13,True,5,0.1352054707920729
1714,0.74,0.2,screened_best,True,True,False,24.52370767385277,0.8174569224617589,315.9196493961694,2.132668787380004e-15,8.6488873932082e-15,True,5,0.455680694504931
1714,0.74,0.2,bounded_attempt,False,True,False,9.999999999999995,0.33333333333333315,177.38310852357912,0.002033599572510926,0.0871574501617784,True,5,0.45568069450496207
1714,0.74,0.2,selected,True,True,False,24.52370767385277,0.8174569224617589,315.9196493961694,2.132668787380004e-15,8.6488873932082e-15,True,5,0.455680694504931
1715,0.76,0.2,baseline,True,True,False,33.695051293352954,1.1231683764450984,734.6035950286968,5.79553433516819e-16,3.4596353601764666e-15,True,5,0.3693068593767981
1715,0.76,0.2,local,True,True,False,33.69505129335308,1.1231683764451028,734.603595028699,1.7488215322573458e-15,6.132449234807863e-15,True,5,0.3693068593767981
1715,0.76,0.2,multistart,True,False,False,2.170933876988861,0.07236446256629536,36.94914328474752,3.8659043403122315e-16,8.175758597617371e-16,True,3,1.5172759572991679
1715,0.76,0.2,graph,True,False,False,2.170933876988861,0.07236446256629536,36.94914328474752,3.8659043403122315e-16,8.175758597617371e-16,True,3,1.5172759572991679
1715,0.76,0.2,best,True,False,False,2.1709338769888475,0.07236446256629492,36.94914328474792,1.759703494030873e-14,3.2490006182199746e-14,True,3,1.5172759572991685
1715,0.76,0.2,screened_graph,True,True,False,33.69505129335288,1.1231683764450962,734.6035950286911,9.312853892745432e-15,2.8739879978701155e-14,True,5,0.04137886788086753
1715,0.76,0.2,screened_best,True,True,False,33.69505129335288,1.1231683764450962,734.6035950286911,9.312853892745432e-15,2.8739879978701155e-14,True,5,0.04137886788086753
1715,0.76,0.2,bounded_attempt,False,True,False,9.999999999999998,0.33333333333333326,197.444523606335,0.0030847550024783008,0.12518348341112592,True,5,0.027223060166880586
1715,0.76,0.2,selected,True,True,False,33.69505129335288,1.1231683764450962,734.6035950286911,9.312853892745432e-15,2.8739879978701155e-14,True,5,0.04137886788086753
1716,0.78,0.2,baseline,True,True,False,12.04481693836678,0.40149389794555934,325.26195207516486,2.9468004569792587e-15,1.4367274125303873e-14,True,3,1.6432724790723432
1716,0.78,0.2,local,True,True,False,12.044816938366717,0.40149389794555723,325.2619520752044,2.074810500188957e-15,1.412900391685555e-14,True,3,1.643272479072343
1716,0.78,0.2,multistart,True,True,True,2.4489282193064112,0.08163094064354703,39.88883055168295,5.3533015581491455e-16,2.7551281067111405e-15,True,2,0.654965378872296
1716,0.78,0.2,graph,True,True,True,2.4489282193064112,0.08163094064354703,39.88883055168295,5.3533015581491455e-16,2.7551281067111405e-15,True,2,0.654965378872296
1716,0.78,0.2,best,True,True,True,2.4489282193064112,0.08163094064354703,39.88883055168295,5.3533015581491455e-16,2.7551281067111405e-15,True,2,0.654965378872296
1716,0.78,0.2,screened_graph,True,True,True,2.4489282193064112,0.08163094064354703,39.88883055168295,5.3533015581491455e-16,2.7551281067111405e-15,True,2,0.654965378872296
1716,0.78,0.2,screened_best,True,True,True,2.4489282193064112,0.08163094064354703,39.88883055168295,5.3533015581491455e-16,2.7551281067111405e-15,True,2,0.654965378872296
1716,0.78,0.2,bounded_attempt,True,True,True,2.448928219236034,0.08163094064120113,39.88883055168295,1.5589089967816964e-13,1.6860934753410009e-12,True,2,0.6549653788722969
1716,0.78,0.2,selected,True,True,True,2.448928219236034,0.08163094064120113,39.88883055168295,1.5589089967816964e-13,1.6860934753410009e-12,True,2,0.6549653788722969
1743,0.6,0.22,baseline,True,True,False,10.089155719680551,0.3363051906560184,141.04116953403954,6.2771797742463404e-15,2.502774563316101e-14,True,5,0.7929587212691336
1743,0.6,0.22,local,True,True,False,10.089155719680578,0.33630519065601927,141.04116953404073,6.781965712966703e-15,2.5088075719734794e-14,True,5,0.7929587212691329
1743,0.6,0.22,multistart,True,False,False,1.8225482261095483,0.06075160753698494,27.37028916742266,2.137764992939231e-15,2.4642772462859478e-14,True,4,0.7929587212691334
1743,0.6,0.22,graph,True,False,False,1.8225482261095483,0.06075160753698494,27.370289167423458,7.631521572941402e-16,9.239782764749914e-15,True,4,0.7929587212691327
1743,0.6,0.22,best,True,False,False,1.8225482261095483,0.06075160753698494,27.37028916742266,2.137764992939231e-15,2.4642772462859478e-14,True,4,0.7929587212691334
1743,0.6,0.22,screened_graph,True,True,True,9.109483463230879,0.3036494487743626,134.55429207076097,2.2039045623040506e-15,1.728053883307292e-14,True,5,0.0727725343412926
1743,0.6,0.22,screened_best,True,True,True,9.109483463230879,0.3036494487743626,134.55429207076097,2.2039045623040506e-15,1.728053883307292e-14,True,5,0.0727725343412926
1743,0.6,0.22,bounded_attempt,True,True,True,9.10948346067539,0.30364944868917965,134.55429207201516,1.0582474857495045e-13,5.079556256717784e-12,True,5,0.0727725343412926
1743,0.6,0.22,selected,True,True,True,9.10948346067539,0.30364944868917965,134.55429207201516,1.0582474857495045e-13,5.079556256717784e-12,True,5,0.0727725343412926
1744,0.62,0.22,baseline,True,True,False,15.359673213047996,0.5119891071015998,245.60960521459717,1.5154137605576044e-15,1.3997182878139935e-14,True,5,0.8714684502438841
1744,0.62,0.22,local,True,True,False,15.359673213047662,0.5119891071015887,245.609605214596,1.5798750608595155e-15,9.086618385081863e-15,True,5,0.871468450243883
1744,0.62,0.22,multistart,True,False,False,1.7608858799368,0.05869619599789333,27.84799257011675,3.801627400952947e-15,2.5962210694732088e-14,True,4,0.8714684502438828
1744,0.62,0.22,graph,True,False,False,1.7608858799368,0.05869619599789333,27.84799257011675,3.801627400952947e-15,2.5962210694732088e-14,True,4,0.8714684502438828
1744,0.62,0.22,best,True,False,False,1.7608858799368,0.05869619599789333,27.84799257011675,3.801627400952947e-15,2.5962210694732088e-14,True,4,0.8714684502438828
1744,0.62,0.22,screened_graph,True,True,False,11.94695719154074,0.3982319063846913,197.2788216794024,2.10887586822435e-15,7.568220797420364e-15,True,5,0.8714684502438821
1744,0.62,0.22,screened_best,True,True,False,11.94695719154074,0.3982319063846913,197.2788216794024,2.10887586822435e-15,7.568220797420364e-15,True,5,0.8714684502438821
1744,0.62,0.22,bounded_attempt,False,True,False,9.999999999999991,0.33333333333333304,205.19633215435337,6.09235322960098e-05,0.003347267762582012,True,5,0.8714684502438856
1744,0.62,0.22,selected,True,True,False,11.94695719154074,0.3982319063846913,197.2788216794024,2.10887586822435e-15,7.568220797420364e-15,True,5,0.8714684502438821
1745,0.64,0.22,baseline,True,True,False,32.83186395061167,1.0943954650203889,884.1772536405501,6.093597404471837e-16,3.522205118144672e-15,True,5,0.9152734339855488
1745,0.64,0.22,local,True,True,False,32.83186395061149,1.094395465020383,884.1772536405421,4.0125770192081414e-16,3.0488726205717503e-15,True,5,0.9152734339855488
1745,0.64,0.22,multistart,True,False,False,1.7555541027150312,0.05851847009050104,27.947791211862462,7.846585170260302e-15,7.909543959336372e-14,True,3,0.9529805900463355
1745,0.64,0.22,graph,True,False,False,1.7555541027150312,0.05851847009050104,27.947791211862462,7.846585170260302e-15,7.909543959336372e-14,True,3,0.9529805900463355
1745,0.64,0.22,best,True,False,False,1.7555541027150312,0.05851847009050104,27.94779121186206,3.954658205256443e-15,8.840543903974876e-15,True,3,0.9529805900463351
1745,0.64,0.22,screened_graph,True,True,False,17.74585986758495,0.5915286622528317,381.3922211393618,3.4713338180074325e-15,2.199555189074207e-14,True,5,0.9529805900463346
1745,0.64,0.22,screened_best,True,True,False,17.74585986758495,0.5915286622528317,381.3922211393618,3.4713338180074325e-15,2.199555189074207e-14,True,5,0.9529805900463346
1745,0.64,0.22,bounded_attempt,False,True,False,9.999999999999998,0.33333333333333326,313.0329822153339,0.0001949029485665695,0.010260531178043174,True,5,0.9529805900463375
1745,0.64,0.22,selected,True,True,False,17.74585986758495,0.5915286622528317,381.3922211393618,3.4713338180074325e-15,2.199555189074207e-14,True,5,0.9529805900463346
1746,0.66,0.22,baseline,True,True,False,91.35512849603569,3.045170949867856,2860.8260274985364,2.539748918641709e-15,1.4215599209287494e-13,True,3,0.035871427340231854
1746,0.66,0.22,local,False,False,False,,,,,,,,
1746,0.66,0.22,multistart,True,False,False,1.7849173994874867,0.05949724664958289,28.73051466170322,7.663768797205953e-15,7.554742598151469e-14,True,3,1.037933913575284
1746,0.66,0.22,graph,True,False,False,1.7849173994874867,0.05949724664958289,28.73051466170322,7.663768797205953e-15,7.554742598151469e-14,True,3,1.037933913575284
1746,0.66,0.22,best,True,False,False,1.7849173994874867,0.05949724664958289,28.73051466170322,7.663768797205953e-15,7.554742598151469e-14,True,3,1.037933913575284
1746,0.66,0.22,screened_graph,True,True,False,10.195419307059142,0.33984731023530473,145.99168818098673,1.071379599794019e-15,5.749479726089717e-15,True,3,0.8447058050194185
1746,0.66,0.22,screened_best,True,True,False,10.195419307059142,0.33984731023530473,145.99168818098673,1.1116099371267112e-15,6.0733528569449116e-15,True,3,0.8447058050194194
1746,0.66,0.22,bounded_attempt,True,True,True,9.999999999999998,0.33333333333333326,140.1291089852338,1.7499164365980492e-05,0.0008897922084143457,True,3,0.8447058050195979
1746,0.66,0.22,selected,True,True,True,9.999999999999998,0.33333333333333326,140.1291089852338,1.7499164365980492e-05,0.0008897922084143457,True,3,0.8447058050195979
1747,0.68,0.22,baseline,True,True,False,36.758918170845945,1.2252972723615314,1074.2500884570632,2.1900538654339014e-15,1.2098773386596428e-14,True,5,0.7669846548419024
1747,0.68,0.22,local,True,True,False,36.758918170845476,1.2252972723615159,1074.2500884570509,2.0388543822366052e-15,1.1977249595933e-14,True,5,0.7669846548419024
1747,0.68,0.22,multistart,True,False,False,1.825441243497199,0.06084804144990663,29.69728904750304,6.839651917251781e-16,7.678067178508748e-15,True,3,1.126898226547276
1747,0.68,0.22,graph,True,False,False,1.825441243497199,0.06084804144990663,29.69728904750344,4.552252871008668e-16,2.0542876366617482e-15,True,3,1.126898226547276
1747,0.68,0.22,best,True,False,False,1.825441243497199,0.06084804144990663,29.69728904750264,5.978733960281817e-16,7.710267262630892e-15,True,3,1.1268982265472762
1747,0.68,0.22,screened_graph,True,True,False,22.165447384487127,0.7388482461495709,469.3927893105687,4.3596579493314324e-15,1.541431980384876e-14,True,5,0.03595798265721406
1747,0.68,0.22,screened_best,True,True,False,22.16544738448684,0.7388482461495613,469.3927893105531,1.6326319374041212e-15,1.0872540845554785e-14,True,5,0.7167177362899588
1747,0.68,0.22,bounded_attempt,False,True,False,9.999999999999991,0.33333333333333304,280.35106443635453,0.0005335354554497867,0.02513797892335965,True,5,0.7167177362900468
1747,0.68,0.22,selected,True,True,False,22.16544738448684,0.7388482461495613,469.3927893105531,1.6326319374041212e-15,1.0872540845554785e-14,True,5,0.7167177362899588
1748,0.7000000000000001,0.22,baseline,True,True,False,29.182377530577508,0.9727459176859169,636.7963324826635,6.058413396272323e-15,3.742158320692015e-14,True,5,0.6835440634604257
1748,0.7000000000000001,0.22,local,True,True,False,29.18237753057715,0.9727459176859049,636.7963324826595,6.1686103353369026e-15,3.5711707322789584e-14,True,5,0.6835440634604257
1748,0.7000000000000001,0.22,multistart,True,False,False,1.8796381032820264,0.06265460344273421,30.89363267019798,1.3271258169978185e-15,6.466900213424596e-15,True,3,0.8353910610224489
1748,0.7000000000000001,0.22,graph,True,False,False,1.8796381032820264,0.06265460344273421,30.89363267019798,1.3271258169978185e-15,6.466900213424596e-15,True,3,0.8353910610224489
1748,0.7000000000000001,0.22,best,True,False,False,1.8796381032820264,0.06265460344273421,30.89363267019798,1.2268090012305021e-14,6.025757195508905e-14,True,3,1.220627500466227
1748,0.7000000000000001,0.22,screened_graph,True,True,False,20.521348104360754,0.6840449368120252,317.06418442737083,3.055131238175915e-15,1.8753028406547097e-14,True,5,0.6325103429222114
1748,0.7000000000000001,0.22,screened_best,True,True,False,20.521348104360754,0.6840449368120252,317.06418442737083,3.055131238175915e-15,1.8753028406547097e-14,True,5,0.6325103429222114
1748,0.7000000000000001,0.22,bounded_attempt,False,True,False,9.999999999999995,0.33333333333333315,310.7571471195669,0.0007844523673229745,0.036249503436631664,True,5,0.6325103429222052
1748,0.7000000000000001,0.22,selected,True,True,False,20.521348104360754,0.6840449368120252,317.06418442737083,3.055131238175915e-15,1.8753028406547097e-14,True,5,0.6325103429222114
1749,0.72,0.22,baseline,True,True,False,22.847724873033005,0.7615908291011002,301.1462184540481,2.35726389603414e-15,5.635394660135834e-15,True,5,0.5961056836211043
1749,0.72,0.22,local,True,True,False,22.84772487303304,0.7615908291011013,301.14621845404383,1.102214411500534e-15,5.483905134634843e-15,True,5,0.5961056836211052
1749,0.72,0.22,multistart,True,False,False,1.9514615539804137,0.06504871846601379,32.3862060830062,1.8107189559191205e-15,3.3835913693012522e-15,True,3,1.3194083068775813
1749,0.72,0.22,graph,True,False,False,1.9514615539804137,0.06504871846601379,32.3862060830062,1.8107189559191205e-15,3.3835913693012522e-15,True,3,1.3194083068775813
1749,0.72,0.22,best,True,False,False,1.9514615539804137,0.06504871846601379,32.386206083005796,4.344434768182728e-16,1.8123302989435326e-15,True,3,1.3194083068775815
1749,0.72,0.22,screened_graph,True,True,False,18.104265914614786,0.6034755304871595,215.61122775804566,6.758810364029288e-15,1.4956823576137152e-13,True,5,0.5937703180990734
1749,0.72,0.22,screened_best,True,True,False,18.10426591461416,0.6034755304871386,215.61122776169398,5.095038481444582e-15,2.1054297593011426e-14,True,5,0.5456559352118262
1749,0.72,0.22,bounded_attempt,False,True,False,9.999999999999995,0.33333333333333315,252.4404788389952,0.0013039174462280082,0.05846987654194374,True,5,0.5456559352118298
1749,0.72,0.22,selected,True,True,False,18.10426591461416,0.6034755304871386,215.61122776169398,5.095038481444582e-15,2.1054297593011426e-14,True,5,0.5456559352118262
1750,0.74,0.22,baseline,True,True,False,18.910899878649367,0.6303633292883122,239.69433951776566,2.094212899721185e-15,1.3355856738727647e-14,True,5,0.5062269645004482
1750,0.74,0.22,local,True,True,False,18.91089987864942,0.630363329288314,239.69433951776685,1.9165923361345715e-15,1.0475045799449151e-14,True,5,0.5062269645004482
1750,0.74,0.22,multistart,True,False,False,2.047377701333817,0.0682459233777939,34.27443292069321,1.3575321266308876e-14,2.0081935792095554e-14,True,3,1.4253159998411673
1750,0.74,0.22,graph,True,False,False,2.047377701333817,0.0682459233777939,34.27443292069321,1.3575321266308876e-14,2.0081935792095554e-14,True,3,1.4253159998411673
1750,0.74,0.22,best,True,False,False,2.047377701333817,0.0682459233777939,34.27443292069321,1.3575321266308876e-14,2.0081935792095554e-14,True,3,1.4253159998411673
1750,0.74,0.22,screened_graph,True,True,False,18.910899878649367,0.6303633292883122,239.69433951776566,2.094212899721185e-15,1.3355856738727647e-14,True,5,0.5062269645004482
1750,0.74,0.22,screened_best,True,True,False,18.910899878649367,0.6303633292883122,239.69433951776566,2.094212899721185e-15,1.3355856738727647e-14,True,5,0.5062269645004482
1750,0.74,0.22,bounded_attempt,False,True,False,9.999999999999998,0.33333333333333326,233.6034151183343,0.0014825384312500058,0.06306248904993962,True,5,0.506226964500577
1750,0.74,0.22,selected,True,True,False,18.910899878649367,0.6303633292883122,239.69433951776566,2.094212899721185e-15,1.3355856738727647e-14,True,5,0.5062269645004482
1751,0.76,0.22,baseline,True,True,False,28.33650121629993,0.9445500405433309,402.75664442739617,1.8149684782055937e-15,9.479317031139788e-15,True,5,0.4144216941559318
1751,0.76,0.22,local,True,True,False,28.33650121629945,0.9445500405433149,402.75664442737695,1.86293471699515e-15,9.492224256317565e-15,True,5,0.4144216941559309
1751,0.76,0.22,multistart,True,False,False,2.1786923083415877,0.07262307694471959,36.704980830063015,5.640599496620651e-16,6.304043349257917e-16,True,3,1.5405136793243885
1751,0.76,0.22,graph,True,False,False,2.1786923083415877,0.07262307694471959,36.704980830063015,5.640599496620651e-16,6.304043349257917e-16,True,3,1.5405136793243885
1751,0.76,0.22,best,True,False,False,2.1786923083415743,0.07262307694471914,36.70498083006342,5.782226546457897e-16,9.202409649701649e-16,True,3,1.5405136793243883
1751,0.76,0.22,screened_graph,True,True,False,28.336501216299222,0.9445500405433074,402.75664442735973,1.8843153784524256e-15,2.0704925743102053e-14,True,5,0.18560769617803974
1751,0.76,0.22,screened_best,True,True,False,28.336501216299222,0.9445500405433074,402.75664442735973,1.8843153784524256e-15,2.0704925743102053e-14,True,5,0.18560769617803974
1751,0.76,0.22,bounded_attempt,False,True,False,9.999999999999995,0.33333333333333315,204.87081043918047,0.0024862485669172145,0.0997615587073846,True,5,0.18560769618009765
1751,0.76,0.22,selected,True,True,False,28.336501216299222,0.9445500405433074,402.75664442735973,1.8843153784524256e-15,2.0704925743102053e-14,True,5,0.18560769617803974
1752,0.78,0.22,baseline,True,True,False,45.4299535998206,1.5143317866606867,1155.6277177099234,1.0571814197040487e-14,3.091061973017356e-14,True,5,0.3173226446921973
1752,0.78,0.22,local,True,True,False,45.42995359982007,1.514331786660669,1155.6277177099082,1.0218312323909714e-14,3.125940994525578e-14,True,5,0.31732264469219906
1752,0.78,0.22,multistart,True,True,True,2.624262878486583,0.0874754292828861,40.03492242656082,2.0554891822918263e-14,4.022283498401463e-14,True,2,1.3922714748010812
1752,0.78,0.22,graph,True,True,True,2.624262878486583,0.0874754292828861,40.03492242656082,2.0554891822918263e-14,4.022283498401463e-14,True,2,1.3922714748010812
1752,0.78,0.22,best,True,True,True,2.624262878486583,0.0874754292828861,40.03492242656082,2.0554891822918263e-14,4.022283498401463e-14,True,2,1.3922714748010812
1752,0.78,0.22,screened_graph,True,True,True,2.624262878486583,0.0874754292828861,40.03492242656082,2.0554891822918263e-14,4.022283498401463e-14,True,2,1.3922714748010812
1752,0.78,0.22,screened_best,True,True,True,2.624262878486583,0.0874754292828861,40.03492242656082,2.0554891822918263e-14,4.022283498401463e-14,True,2,1.3922714748010812
1752,0.78,0.22,bounded_attempt,True,True,True,2.6242628784867628,0.08747542928289209,40.03492242656242,4.785805781093769e-14,8.206544008533594e-13,True,2,1.392271474801075
1752,0.78,0.22,selected,True,True,True,2.624262878486583,0.0874754292828861,40.03492242656082,2.0554891822918263e-14,4.022283498401463e-14,True,2,1.3922714748010812
1779,0.6,0.24,baseline,True,True,False,11.718967293530316,0.3906322431176772,165.26923669430576,6.557603510298423e-15,1.139373470553293e-14,True,5,0.8171272704929049
1779,0.6,0.24,local,True,True,False,11.718967293530357,0.3906322431176785,165.26923669430934,1.6138858871646712e-15,7.84685515859867e-15,True,5,0.8171272704929045
1779,0.6,0.24,multistart,True,False,False,1.8314964359071606,0.06104988119690535,26.545444569711886,7.575797802392804e-16,8.332848900899342e-15,True,4,0.817127270492904
1779,0.6,0.24,graph,True,False,False,1.8314964359071606,0.06104988119690535,26.545444569711886,7.575797802392804e-16,8.332848900899342e-15,True,4,0.817127270492904
1779,0.6,0.24,best,True,False,False,1.8314964359071606,0.06104988119690535,26.54544456971186,2.5931789359437717e-15,9.376835645744287e-15,True,4,0.8171272704929053
1779,0.6,0.24,screened_graph,True,True,False,11.06734386739364,0.36891146224645466,169.6034831150532,3.0319711097814165e-15,1.600514842654076e-14,True,5,0.06194127584729525
1779,0.6,0.24,screened_best,True,True,False,11.06734386739364,0.36891146224645466,169.6034831150532,3.0319711097814165e-15,1.600514842654076e-14,True,5,0.06194127584729525
1779,0.6,0.24,bounded_attempt,False,True,False,9.999999999999991,0.33333333333333304,161.46177404635523,5.079092097140061e-05,0.0033067639020435834,True,5,0.061851149196178845
1779,0.6,0.24,selected,True,True,False,11.06734386739364,0.36891146224645466,169.6034831150532,3.0319711097814165e-15,1.600514842654076e-14,True,5,0.06194127584729525
1780,0.62,0.24,baseline,True,True,False,20.140620336934173,0.6713540112311391,350.363872759431,3.595498874802339e-15,3.4846802557141136e-14,True,5,0.895250303694682
1780,0.62,0.24,local,True,True,False,20.14062033693383,0.6713540112311276,350.36387275941905,4.0683463399843314e-15,3.5037963834444907e-14,True,5,0.8952503036946822
1780,0.62,0.24,multistart,True,False,False,1.7704968631102869,0.05901656210367623,27.078650925868743,7.582569776057155e-15,9.375569385621354e-14,True,4,0.8952503036946811
1780,0.62,0.24,graph,True,False,False,1.7704968631102802,0.05901656210367601,27.078650925868896,3.0867394805640034e-15,8.722125983666066e-15,True,4,0.895250303694682
1780,0.62,0.24,best,True,False,False,1.7704968631102802,0.05901656210367601,27.078650925868896,3.0867394805640034e-15,8.722125983666066e-15,True,4,0.895250303694682
1780,0.62,0.24,screened_graph,True,True,False,20.140620336921465,0.6713540112307155,350.3638727590506,2.523163495330108e-15,1.0745544304655127e-14,True,5,0.03457500805028335
1780,0.62,0.24,screened_best,True,True,False,20.140620336921465,0.6713540112307155,350.3638727590506,2.523163495330108e-15,1.0745544304655127e-14,True,5,0.03457500805028335
1780,0.62,0.24,bounded_attempt,False,True,False,9.999999999999991,0.33333333333333304,227.94886428292455,0.0003111523559381174,0.02115814988300831,True,5,0.03392971607061401
1780,0.62,0.24,selected,True,True,False,20.140620336921465,0.6713540112307155,350.3638727590506,2.523163495330108e-15,1.0745544304655127e-14,True,5,0.03457500805028335
1781,0.64,0.24,baseline,True,True,False,91.17194489755863,3.039064829918621,2832.2081569427196,2.4913624836163812e-15,6.096255030375653e-14,True,5,0.09111031301938066
1781,0.64,0.24,local,False,False,False,,,,,,,,
1781,0.64,0.24,multistart,True,False,False,1.742518780553004,0.0580839593517668,27.155274258846475,7.637638975532477e-15,7.588361627779992e-14,True,3,0.9765239276808328
1781,0.64,0.24,graph,True,False,False,1.742518780553004,0.0580839593517668,27.155274258846475,7.637638975532477e-15,7.588361627779992e-14,True,3,0.9765239276808328
1781,0.64,0.24,best,True,False,False,1.742518780553004,0.0580839593517668,27.155274258846475,7.637638975532477e-15,7.588361627779992e-14,True,3,0.9765239276808328
1781,0.64,0.24,screened_graph,True,True,False,22.222839326273395,0.7407613108757798,1114.3099327120594,2.1323526926153247e-15,1.3821963584217592e-14,True,3,0.9519002774382388
1781,0.64,0.24,screened_best,True,True,False,22.222839326273395,0.7407613108757798,1114.3099327120594,2.1323526926153247e-15,1.3821963584217592e-14,True,3,0.9519002774382388
1781,0.64,0.24,bounded_attempt,True,True,True,9.999999999999991,0.33333333333333304,380.9395731256372,1.9793857850849996e-05,0.00096766691932165,True,3,0.9519002774383472
1781,0.64,0.24,selected,True,True,True,9.999999999999991,0.33333333333333304,380.9395731256372,1.9793857850849996e-05,0.00096766691932165,True,3,0.9519002774383472
1782,0.66,0.24,baseline,True,True,False,90.93231249764624,3.0310770832548743,2839.333432454227,2.814455057070598e-15,3.872812271127248e-14,True,5,0.019111172177900926
1782,0.66,0.24,local,False,False,False,,,,,,,,
1782,0.66,0.24,multistart,True,False,False,1.7733991695876616,0.059113305652922055,27.989308906519874,1.1146723484154351e-14,6.423658620168674e-14,True,3,1.061397349617477
1782,0.66,0.24,graph,True,False,False,1.7733991695876616,0.059113305652922055,27.989308906519874,1.1146723484154351e-14,6.423658620168674e-14,True,3,1.061397349617477
1782,0.66,0.24,best,True,False,False,1.7733991695876616,0.059113305652922055,27.989308906519874,1.1146723484154351e-14,6.423658620168674e-14,True,3,1.061397349617477
1782,0.66,0.24,screened_graph,True,True,False,90.93231249764624,3.0310770832548743,2831.0547241641816,2.814455057070598e-15,3.872812271127248e-14,True,5,0.019111172177900926
1782,0.66,0.24,screened_best,True,True,False,90.93231249764624,3.0310770832548743,2831.0547241641816,2.814455057070598e-15,3.872812271127248e-14,True,5,0.019111172177900926
1782,0.66,0.24,bounded_attempt,False,True,False,9.999999999999998,0.33333333333333326,570.1730446151795,0.000534850973925628,0.025145473039677638,True,3,0.8829473814747946
1782,0.66,0.24,selected,True,True,False,90.93231249764624,3.0310770832548743,2831.0547241641816,2.814455057070598e-15,3.872812271127248e-14,True,5,0.019111172177900926
1783,0.68,0.24,baseline,True,True,False,90.80865224398299,3.026955074799433,2832.4142638003696,4.9192402426834916e-15,2.6201761090832865e-14,True,5,0.0575577254737345
1783,0.68,0.24,local,False,False,False,,,,,,,,
1783,0.68,0.24,multistart,True,False,False,1.8156188861676403,0.060520629538921344,29.010595353937152,9.887375990478772e-16,7.81220309229462e-15,True,3,1.1504601203283396
1783,0.68,0.24,graph,True,False,False,1.8156188861676403,0.060520629538921344,29.010595353937152,9.887375990478772e-16,7.81220309229462e-15,True,3,1.1504601203283396
1783,0.68,0.24,best,True,False,False,1.8156188861676403,0.060520629538921344,29.010595353936754,2.2107102539403598e-15,7.313692924913553e-15,True,3,1.1504601203283398
1783,0.68,0.24,screened_graph,True,True,False,19.10675901413537,0.6368919671378457,696.7464679952544,1.8610729195778454e-15,1.1196780310206504e-14,True,3,0.7631847200678408
1783,0.68,0.24,screened_best,True,True,False,19.10675901413537,0.6368919671378457,696.7464679952544,1.8610729195778454e-15,1.1196780310206504e-14,True,3,0.7631847200678408
1783,0.68,0.24,bounded_attempt,False,True,False,9.999999999999995,0.33333333333333315,314.97938241224057,0.0005853828387245167,0.028218261361063906,True,3,0.7631847200679349
1783,0.68,0.24,selected,True,True,False,19.10675901413537,0.6368919671378457,696.7464679952544,1.8610729195778454e-15,1.1196780310206504e-14,True,3,0.7631847200678408
1784,0.7000000000000001,0.24,baseline,True,True,False,90.64593122697944,3.0215310408993146,2834.6285115677188,4.926751493134316e-15,7.70582288295196e-15,True,3,0.10074608528224971
1784,0.7000000000000001,0.24,local,False,False,False,,,,,,,,
1784,0.7000000000000001,0.24,multistart,True,False,False,1.8718642108922623,0.06239547369640874,30.26922862819923,1.2139693544093743e-15,7.522280270744644e-15,True,3,1.244499844970803
1784,0.7000000000000001,0.24,graph,True,False,False,1.8718642108922623,0.06239547369640874,30.26922862819923,1.2139693544093743e-15,7.522280270744644e-15,True,3,1.244499844970803
1784,0.7000000000000001,0.24,best,True,False,False,1.8718642108922623,0.06239547369640874,30.26922862819923,1.2994827337208943e-15,1.2048465674546679e-14,True,3,1.2444998449708018
1784,0.7000000000000001,0.24,screened_graph,True,True,False,25.19230747694502,0.8397435825648341,1039.8481725253541,1.752177195476443e-15,4.8676505638394815e-15,True,3,1.244499844970803
1784,0.7000000000000001,0.24,screened_best,True,True,False,25.19230747694502,0.8397435825648341,1039.8481725253541,1.752177195476443e-15,4.8676505638394815e-15,True,3,1.244499844970803
1784,0.7000000000000001,0.24,bounded_attempt,False,True,False,9.999999999999998,0.33333333333333326,366.6794555956801,0.0014011517667994395,0.0650157586684843,True,3,1.2444998449708027
1784,0.7000000000000001,0.24,selected,True,True,False,25.19230747694502,0.8397435825648341,1039.8481725253541,1.752177195476443e-15,4.8676505638394815e-15,True,3,1.244499844970803
1785,0.72,0.24,baseline,True,True,False,28.977748087644166,0.9659249362548055,663.5003628933349,1.608147608064378e-15,8.420527155339118e-15,True,5,0.6358833304312723
1785,0.72,0.24,local,True,True,False,28.977748087644116,0.9659249362548038,663.5003628933325,1.6055107092660194e-15,8.30477499121574e-15,True,5,0.6358833304312723
1785,0.72,0.24,multistart,True,False,False,1.9463684062268838,0.06487894687422946,31.839017575952646,1.9133237149764433e-15,7.56531663020935e-15,True,3,1.3445981529369855
1785,0.72,0.24,graph,True,False,False,1.9463684062268838,0.06487894687422946,31.839017575952646,1.9133237149764433e-15,7.56531663020935e-15,True,3,1.3445981529369855
1785,0.72,0.24,best,True,False,False,1.9463684062268838,0.06487894687422946,31.839017575952244,8.688869536365456e-16,6.1278929387673975e-15,True,3,0.7744056941380668
1785,0.72,0.24,screened_graph,True,True,False,23.95504074241468,0.7985013580804894,419.4947226466561,1.3150988898405085e-15,6.3782147067457814e-15,True,5,0.5914269724706225
1785,0.72,0.24,screened_best,True,True,False,23.95504074241468,0.7985013580804894,419.4947226466561,1.3150988898405085e-15,6.3782147067457814e-15,True,5,0.5914269724706225
1785,0.72,0.24,bounded_attempt,False,True,False,9.999999999999998,0.33333333333333326,188.57327592268535,0.0010841387679311279,0.046801637963819157,True,5,0.5914269724707033
1785,0.72,0.24,selected,True,True,False,23.95504074241468,0.7985013580804894,419.4947226466561,1.3150988898405085e-15,6.3782147067457814e-15,True,5,0.5914269724706225
1786,0.74,0.24,baseline,True,True,False,21.647904130106415,0.7215968043368804,290.59288331501574,1.2634885559048723e-14,5.687497844206275e-14,True,5,0.5435930990136022
1786,0.74,0.24,local,True,True,False,21.64790413010632,0.7215968043368773,290.59288331501045,1.2649845284877426e-14,5.6791503824371717e-14,True,5,0.5435930990136013
1786,0.74,0.24,multistart,True,False,False,2.046104527059782,0.06820348423532607,33.83145242456642,1.058540489341073e-14,1.2472982193272866e-14,True,3,1.451993513876393
1786,0.74,0.24,graph,True,False,False,2.046104527059782,0.06820348423532607,33.83145242456642,1.058540489341073e-14,1.2472982193272866e-14,True,3,1.451993513876393
1786,0.74,0.24,best,True,False,False,2.046104527059782,0.06820348423532607,33.83145242456522,7.122104499604962e-15,1.4390571195770633e-14,True,3,1.4519935138763909
1786,0.74,0.24,screened_graph,True,True,False,19.258639788229257,0.6419546596076419,236.81310547105454,3.008120551226129e-15,1.2382745369733445e-14,True,5,0.13740276428011988
1786,0.74,0.24,screened_best,True,True,False,19.258639788229257,0.6419546596076419,236.81310547105454,3.008120551226129e-15,1.2382745369733445e-14,True,5,0.13740276428011988
1786,0.74,0.24,bounded_attempt,False,True,False,9.999999999999998,0.33333333333333326,271.63197639174444,0.0014573970695380832,0.06234666784023614,True,5,0.1374027642819451
1786,0.74,0.24,selected,True,True,False,19.258639788229257,0.6419546596076419,236.81310547105454,3.008120551226129e-15,1.2382745369733445e-14,True,5,0.13740276428011988
1787,0.76,0.24,baseline,True,True,False,19.790847001457017,0.6596949000485672,284.13150448369413,2.5112277893296666e-15,1.8706831035349257e-14,True,5,0.4463378232587676
1787,0.76,0.24,local,True,True,False,19.790847001457298,0.6596949000485766,284.1315044837037,2.377601642993505e-15,1.8691123741364666e-14,True,5,0.4463378232587676
1787,0.76,0.24,multistart,True,False,False,2.1834226004789636,0.07278075334929879,36.413988342556934,5.417672226377439e-16,1.1799588573531462e-15,True,3,0.672423289768572
1787,0.76,0.24,graph,True,False,False,2.1834226004789636,0.07278075334929879,36.413988342556934,5.417672226377439e-16,1.1799588573531462e-15,True,3,0.672423289768572
1787,0.76,0.24,best,True,False,False,2.1834226004789636,0.07278075334929879,36.413988342556934,5.417672226377439e-16,1.1799588573531462e-15,True,3,0.672423289768572
1787,0.76,0.24,screened_graph,True,True,False,19.79084700145694,0.6596949000485646,284.13150448369294,9.104505742017336e-16,2.1392591900175242e-14,True,5,0.054544680376412025
1787,0.76,0.24,screened_best,True,True,False,19.79084700145657,0.6596949000485524,284.1315044836825,1.7172605890911651e-15,1.3377039397640241e-14,True,5,1.5687282918273553
1787,0.76,0.24,bounded_attempt,False,True,False,9.999999999999998,0.33333333333333326,171.87048541750104,0.0017360707167724245,0.06860263647604777,True,5,1.5687282918273893
1787,0.76,0.24,selected,True,True,False,19.79084700145657,0.6596949000485524,284.1315044836825,1.7172605890911651e-15,1.3377039397640241e-14,True,5,1.5687282918273553
1788,0.78,0.24,baseline,True,True,False,34.819231436295006,1.1606410478765001,666.6178602672197,5.2399263028369195e-15,1.5717709252453022e-14,True,5,0.3354064019342067
1788,0.78,0.24,local,True,True,False,34.81923143629482,1.160641047876494,666.6178602672062,5.242792401601901e-15,1.5751398310292085e-14,True,5,0.3354064019342067
1788,0.78,0.24,multistart,True,True,True,2.8610942790607696,0.09536980930202565,46.03912834899739,8.17428797281748e-15,1.3142783016515488e-14,True,2,0.6186537529625085
1788,0.78,0.24,graph,True,True,True,2.861094279060683,0.09536980930202277,46.03912834899753,1.433918689684953e-15,2.2958827637302014e-15,True,2,1.3371738655177827
1788,0.78,0.24,best,True,True,True,2.861094279060683,0.09536980930202277,46.03912834899753,1.433918689684953e-15,2.2958827637302014e-15,True,2,1.3371738655177827
1788,0.78,0.24,screened_graph,True,True,True,2.861094279060683,0.09536980930202277,46.03912834899753,1.433918689684953e-15,2.2958827637302014e-15,True,2,1.3371738655177827
1788,0.78,0.24,screened_best,True,True,True,2.861094279060683,0.09536980930202277,46.03912834899753,1.433918689684953e-15,2.2958827637302014e-15,True,2,1.3371738655177827
1788,0.78,0.24,bounded_attempt,True,True,True,2.861094279061113,0.09536980930203709,46.03912833888608,2.101051242071503e-13,3.380053778896759e-12,True,2,1.3371738655177863
1788,0.78,0.24,selected,True,True,True,2.861094279060683,0.09536980930202277,46.03912834899753,1.433918689684953e-15,2.2958827637302014e-15,True,2,1.3371738655177827
1815,0.6,0.26,baseline,True,True,False,12.428455217958412,0.4142818405986137,147.85924683003824,5.455082836833558e-15,1.9691133791506382e-14,True,5,0.8453115074081294
1815,0.6,0.26,local,True,True,False,12.42845521795864,0.4142818405986213,147.85924683003788,5.254827606177622e-15,1.9847543734593494e-14,True,5,0.8453115074081294
1815,0.6,0.26,multistart,True,False,False,1.834876447412963,0.06116254824709877,25.641238719844807,2.1050367255813264e-15,2.460005165397038e-14,True,4,0.8453115074081294
1815,0.6,0.26,graph,True,False,False,1.834876447412943,0.0611625482470981,25.641238719845607,2.584698394608246e-15,1.0076243155474058e-14,True,4,0.8453115074081297
1815,0.6,0.26,best,True,False,False,1.834876447412943,0.0611625482470981,25.641238719845607,2.584698394608246e-15,1.0076243155474058e-14,True,4,0.8453115074081297
1815,0.6,0.26,screened_graph,True,True,False,12.4284552179584,0.4142818405986133,147.85924683004384,2.282716815011031e-15,2.981099513166093e-14,True,5,0.07288062320773303
1815,0.6,0.26,screened_best,True,True,False,12.428455217951377,0.41428184059837925,147.85924683027608,8.407328333243984e-15,4.6046008491003053e-14,True,5,0.3234495449647703
1815,0.6,0.26,bounded_attempt,False,True,False,9.999999999999991,0.33333333333333304,149.5443910784337,9.076738153224455e-05,0.0058097225306868875,True,5,0.3234495449647703
1815,0.6,0.26,selected,True,True,False,12.428455217951377,0.41428184059837925,147.85924683027608,8.407328333243984e-15,4.6046008491003053e-14,True,5,0.3234495449647703
1816,0.62,0.26,baseline,True,True,False,20.91104192502506,0.6970347308341687,354.52757417002437,4.59000357817299e-15,1.439638567956678e-14,True,5,0.9230441435485941
1816,0.62,0.26,local,True,True,False,20.911041925024076,0.6970347308341358,354.52757416999805,5.4259133334288565e-15,1.25976034470419e-14,True,5,0.9230441435485943
1816,0.62,0.26,multistart,True,False,False,1.7747440235850132,0.05915813411950044,26.232108692642075,1.8825258804773316e-15,2.0312503487363626e-14,True,4,0.923044143548595
1816,0.62,0.26,graph,True,False,False,1.7747440235850132,0.05915813411950044,26.232108692642875,7.431292971304495e-15,9.385014669194375e-14,True,4,0.9230441435485945
1816,0.62,0.26,best,True,False,False,1.7747440235849998,0.059158134119499994,26.232108692642303,3.615050515640691e-15,1.4290884468894015e-14,True,4,0.9230441435485945
1816,0.62,0.26,screened_graph,True,True,False,20.911041925020804,0.6970347308340268,354.527574169898,4.2039390506613e-15,1.3958289329728335e-14,True,5,0.9230441435485945
1816,0.62,0.26,screened_best,True,True,False,20.911041925020804,0.6970347308340268,354.527574169898,4.2039390506613e-15,1.3958289329728335e-14,True,5,0.9230441435485945
1816,0.62,0.26,bounded_attempt,False,True,False,10.0,0.3333333333333333,248.381273091443,0.0004960917936343516,0.03226885779203783,True,5,0.9230441435485948
1816,0.62,0.26,selected,True,True,False,20.911041925020804,0.6970347308340268,354.527574169898,4.2039390506613e-15,1.3958289329728335e-14,True,5,0.9230441435485945
1817,0.64,0.26,baseline,True,True,False,91.36803388067271,3.045601129355757,2844.7384702678396,2.5954060517554467e-15,4.0851523755763515e-14,True,5,0.09442510951795935
1817,0.64,0.26,local,False,False,False,,,,,,,,
1817,0.64,0.26,multistart,True,False,False,1.7309174502100788,0.05769724834033596,26.29045252762734,7.454697576179683e-15,7.262343023693074e-14,True,4,1.004097931828042
1817,0.64,0.26,graph,True,False,False,1.7309174502100788,0.05769724834033596,26.29045252762774,4.494432514646436e-15,4.8817303798829816e-14,True,4,0.9222695558504022
1817,0.64,0.26,best,True,False,False,1.7309174502100455,0.05769724834033485,26.29045252762774,5.2901865002927636e-15,1.506694835277751e-14,True,4,1.004097931828042
1817,0.64,0.26,screened_graph,True,True,False,22.835969856581208,0.7611989952193736,753.8403110096983,2.5954060517554467e-15,1.0585381155636246e-14,True,3,0.9778652174184437
1817,0.64,0.26,screened_best,True,True,False,22.835969856581208,0.7611989952193736,753.8403110096983,2.5954060517554467e-15,1.0585381155636246e-14,True,3,0.9778652174184437
1817,0.64,0.26,bounded_attempt,False,True,False,9.999999999999996,0.3333333333333332,277.5780900196201,0.00010509587255581243,0.0056139995511849455,True,3,0.9778652174185201
1817,0.64,0.26,selected,True,True,False,22.835969856581208,0.7611989952193736,753.8403110096983,2.5954060517554467e-15,1.0585381155636246e-14,True,3,0.9778652174184437
1818,0.66,0.26,baseline,True,False,False,93.06965034101714,3.1023216780339045,3086.1217889973154,7.103854048878698e-06,0.0004983665325447635,True,5,8.881784197001252e-16
1818,0.66,0.26,local,False,False,False,,,,,,,,
1818,0.66,0.26,multistart,True,False,False,1.7577145267230954,0.05859048422410318,27.176476022091123,1.85817308243808e-15,9.144493406545545e-15,True,3,1.0889375195414883
1818,0.66,0.26,graph,True,False,False,1.7577145267230954,0.05859048422410318,27.176476022090725,1.85817308243808e-15,9.144493406545545e-15,True,3,1.0889375195414897
1818,0.66,0.26,best,True,False,False,1.7577145267230954,0.05859048422410318,27.176476022090725,2.637363946661314e-15,8.693348580264196e-15,True,3,0.8846209840253154
1818,0.66,0.26,screened_graph,True,True,False,73.05175590034828,2.4350585300116094,2766.9339958784153,1.0753270844771355e-15,6.05536886357993e-15,True,5,1.0734188638305193
1818,0.66,0.26,screened_best,True,True,False,73.05175590034828,2.4350585300116094,2766.9339958784153,1.0753270844771355e-15,6.05536886357993e-15,True,5,1.0734188638305193
1818,0.66,0.26,bounded_attempt,False,True,False,9.999999999999998,0.33333333333333326,576.8404521065913,0.0006443893532734197,0.0325529447714563,True,3,0.8737862183142768
1818,0.66,0.26,selected,True,True,False,73.05175590034828,2.4350585300116094,2766.9339958784153,1.0753270844771355e-15,6.05536886357993e-15,True,5,1.0734188638305193
1819,0.68,0.26,baseline,True,True,False,90.51946088407827,3.017315362802609,2918.785603154358,3.2578531781717262e-15,6.367625075392072e-14,True,5,0.025027010547445272
1819,0.68,0.26,local,False,False,False,,,,,,,,
1819,0.68,0.26,multistart,True,False,False,1.8017619935396478,0.06005873311798826,28.253143188567442,5.042050700450315e-16,6.253318724841571e-16,True,3,1.1781794339871576
1819,0.68,0.26,graph,True,False,False,1.8017619935396478,0.06005873311798826,28.253143188567844,5.721958498152797e-16,8.163666919623755e-15,True,3,1.1781794339871565
1819,0.68,0.26,best,True,False,False,1.8017619935396478,0.06005873311798826,28.253143188567442,5.042050700450315e-16,6.253318724841571e-16,True,3,1.1781794339871576
1819,0.68,0.26,screened_graph,True,True,False,61.02303738988924,2.0341012463296413,2813.744922769488,3.69933513024062e-15,1.589825222059061e-14,True,5,0.7965544624942655
1819,0.68,0.26,screened_best,True,True,False,61.02303738988924,2.0341012463296413,2813.744922769488,3.69933513024062e-15,1.589825222059061e-14,True,5,0.7965544624942655
1819,0.68,0.26,bounded_attempt,False,True,False,10.0,0.3333333333333333,582.0570669650381,0.0018142653624221214,0.08729648901471725,True,5,0.7965544624943695
1819,0.68,0.26,selected,True,True,False,61.02303738988924,2.0341012463296413,2813.744922769488,3.69933513024062e-15,1.589825222059061e-14,True,5,0.7965544624942655
1820,0.7000000000000001,0.26,baseline,True,True,False,90.29712968545027,3.0099043228483424,2836.213502527776,1.9813671034512868e-15,9.028766848771114e-15,True,5,0.10817359600246412
1820,0.7000000000000001,0.26,local,False,False,False,,,,,,,,
1820,0.7000000000000001,0.26,multistart,True,False,False,1.8601705069109187,0.06200568356369729,29.57558435169694,4.526797389797801e-16,8.516767962700655e-16,True,3,1.272655974978478
1820,0.7000000000000001,0.26,graph,True,False,False,1.8601705069109187,0.06200568356369729,29.57558435169694,4.526797389797801e-16,8.516767962700655e-16,True,3,1.272655974978478
1820,0.7000000000000001,0.26,best,True,False,False,1.8601705069109187,0.06200568356369729,29.575584351696538,3.115061063895963e-15,9.571349001145543e-15,True,3,0.8022725083388247
1820,0.7000000000000001,0.26,screened_graph,True,True,False,18.90695566954415,0.6302318556514717,498.93772550864446,4.145255958782632e-15,2.4470523494405423e-14,True,3,0.7130292435400154
1820,0.7000000000000001,0.26,screened_best,True,True,False,18.90695566954415,0.6302318556514717,498.93772550864446,4.145255958782632e-15,2.4470523494405423e-14,True,3,0.7130292435400154
1820,0.7000000000000001,0.26,bounded_attempt,False,True,False,9.999999999999998,0.33333333333333326,401.0834050976707,0.001756193096770117,0.08119387765676693,True,3,0.7130292435401344
1820,0.7000000000000001,0.26,selected,True,True,False,18.90695566954415,0.6302318556514717,498.93772550864446,4.145255958782632e-15,2.4470523494405423e-14,True,3,0.7130292435400154
1821,0.72,0.26,baseline,True,True,False,89.62834849837617,2.987611616612539,2839.320192770512,3.9826107831415716e-15,1.4172628168333219e-14,True,3,0.016726475836210675
1821,0.72,0.26,local,False,False,False,,,,,,,,
1821,0.72,0.26,multistart,True,False,False,1.9374838203393052,0.06458279401131017,31.225726469561632,7.065416064076988e-16,1.5063154436343043e-15,True,3,1.373522864475947
1821,0.72,0.26,graph,True,False,False,1.9374838203393052,0.06458279401131017,31.22572646956243,1.1648251567599352e-15,7.687608666855368e-15,True,3,1.3735228644759474
1821,0.72,0.26,best,True,False,False,1.937483820339292,0.06458279401130973,31.22572646956243,5.087681048627601e-16,1.6553225964296782e-15,True,3,1.3735228644759467
1821,0.72,0.26,screened_graph,True,True,False,34.51178982518073,1.150392994172691,1325.7184649598253,3.9826107831415716e-15,1.4172628168333219e-14,True,3,0.6636181370881538
1821,0.72,0.26,screened_best,True,True,False,34.51178982518073,1.150392994172691,1325.7184649598253,3.9826107831415716e-15,1.4172628168333219e-14,True,3,0.6636181370881538
1821,0.72,0.26,bounded_attempt,False,True,False,9.999999999999998,0.33333333333333326,514.891085018342,0.0025058511260261426,0.10804349035219064,True,3,0.6636181370884948
1821,0.72,0.26,selected,True,True,False,34.51178982518073,1.150392994172691,1325.7184649598253,3.9826107831415716e-15,1.4172628168333219e-14,True,3,0.6636181370881538
1822,0.74,0.26,baseline,True,True,False,22.760593757915345,0.7586864585971782,464.5653343006215,6.217558702233406e-15,2.0507216614108763e-14,True,5,0.5686012343645919
1822,0.74,0.26,local,True,True,False,22.76059375791542,0.7586864585971806,464.5653343006039,6.494804694057166e-15,2.0321759933039345e-14,True,5,0.5686012343645919
1822,0.74,0.26,multistart,True,False,False,2.0412527331678154,0.06804175777226051,33.32917184407829,7.73439880124002e-15,8.130444441446026e-15,True,3,1.4824522568011396
1822,0.74,0.26,graph,True,False,False,2.0412527331678154,0.06804175777226051,33.32917184407829,7.73439880124002e-15,8.130444441446026e-15,True,3,1.4824522568011396
1822,0.74,0.26,best,True,False,False,2.0412527331678154,0.06804175777226051,33.32917184407829,7.73439880124002e-15,8.130444441446026e-15,True,3,1.4824522568011396
1822,0.74,0.26,screened_graph,True,True,False,20.9428717531644,0.69809572510548,330.58707929087655,3.1270323812910657e-15,4.7926452073215246e-14,True,5,0.20944509456673366
1822,0.74,0.26,screened_best,True,True,False,20.9428717531644,0.69809572510548,330.58707929087655,3.1270323812910657e-15,4.7926452073215246e-14,True,5,0.20944509456673366
1822,0.74,0.26,bounded_attempt,False,True,False,9.999999999999995,0.33333333333333315,257.7073296731716,0.002005162189579537,0.07952011907245117,True,3,0.20944509456700455
1822,0.74,0.26,selected,True,True,False,20.9428717531644,0.69809572510548,330.58707929087655,3.1270323812910657e-15,4.7926452073215246e-14,True,5,0.20944509456673366
1823,0.76,0.26,baseline,True,True,False,19.51093184471591,0.6503643948238637,277.04298233294094,1.7739699910451538e-15,7.714933173078854e-15,True,3,0.4643979395742148
1823,0.76,0.26,local,True,True,False,19.51093184471625,0.650364394823875,277.0429823329525,2.6693014858301447e-15,7.625512917366096e-15,True,3,0.46439793957421394
1823,0.76,0.26,multistart,True,False,False,2.2950944721609448,0.07650314907203148,36.07807473290601,2.4382289786512095e-15,9.129639856578017e-15,True,2,1.6020101372316058
1823,0.76,0.26,graph,True,False,False,2.295094472160938,0.07650314907203126,36.627928728295956,5.074414582634863e-16,9.088378371110072e-16,True,2,0.6566727076801921
1823,0.76,0.26,best,True,False,False,2.295094472160938,0.07650314907203126,36.627928728295956,5.074414582634863e-16,9.088378371110072e-16,True,2,0.6566727076801921
1823,0.76,0.26,screened_graph,True,True,False,19.51093184471591,0.6503643948238637,277.04298233294094,1.7739699910451538e-15,7.714933173078854e-15,True,3,0.4643979395742148
1823,0.76,0.26,screened_best,True,True,False,19.51093184471591,0.6503643948238637,277.04298233294094,1.7739699910451538e-15,7.714933173078854e-15,True,3,0.4643979395742148
1823,0.76,0.26,bounded_attempt,False,True,False,9.999999999999998,0.33333333333333326,211.2391923101396,0.0021601259106245837,0.08065289127870039,True,5,0.4643979395742148
1823,0.76,0.26,selected,True,True,False,19.51093184471591,0.6503643948238637,277.04298233294094,1.7739699910451538e-15,7.714933173078854e-15,True,3,0.4643979395742148
1824,0.78,0.26,baseline,True,True,False,23.90152373809492,0.7967174579364973,315.99750481317074,1.6720286801584809e-15,1.1950114299036692e-14,True,5,0.3183627239078053
1824,0.78,0.26,local,True,True,False,23.901523738094973,0.7967174579364991,315.99750481316437,1.8444410139024814e-15,6.91653987943628e-15,True,5,0.3183627239078062
1824,0.78,0.26,multistart,True,True,True,3.3445219920280835,0.11148406640093611,86.3110702348188,6.937943487909204e-14,6.120296554048676e-14,True,2,0.593992572369193
1824,0.78,0.26,graph,True,True,True,3.344521992023582,0.11148406640078606,86.31107023440593,1.7312093914765917e-14,4.307230032120128e-14,True,2,1.7356913932445996
1824,0.78,0.26,best,True,True,True,3.344521992023582,0.11148406640078606,86.31107023440593,1.7312093914765917e-14,4.307230032120128e-14,True,2,1.7356913932445996
1824,0.78,0.26,screened_graph,True,True,True,3.344521992023582,0.11148406640078606,86.31107023440593,1.7312093914765917e-14,4.307230032120128e-14,True,2,1.7356913932445996
1824,0.78,0.26,screened_best,True,True,True,3.344521992023582,0.11148406640078606,86.31107023440593,1.7312093914765917e-14,4.307230032120128e-14,True,2,1.7356913932445996
1824,0.78,0.26,bounded_attempt,True,True,True,3.3445219920283646,0.11148406640094549,86.31107025891272,7.993406132229297e-13,4.331800852298108e-12,True,2,1.7356913932445988
1824,0.78,0.26,selected,True,True,True,3.344521992023582,0.11148406640078606,86.31107023440593,1.7312093914765917e-14,4.307230032120128e-14,True,2,1.7356913932445996
1851,0.6,0.28,baseline,True,True,False,12.143075035000468,0.40476916783334893,157.69680934476477,2.831068712794149e-15,3.9238445899045735e-14,True,5,0.8767093079920001
1851,0.6,0.28,local,True,True,False,12.143075035000376,0.4047691678333458,157.69680934475713,2.831068712794149e-15,3.9238445899045735e-14,True,5,0.8767093079919999
1851,0.6,0.28,multistart,True,False,False,1.8327718896096812,0.061092396320322706,25.346937108036048,3.190442750164218e-15,2.3634774105291453e-14,True,4,0.8767093079919992
1851,0.6,0.28,graph,True,False,False,1.8327718896096812,0.061092396320322706,25.346937108036048,3.190442750164218e-15,2.3634774105291453e-14,True,4,0.8767093079919992
1851,0.6,0.28,best,True,False,False,1.8327718896096812,0.061092396320322706,25.346937108036048,3.190442750164218e-15,2.3634774105291453e-14,True,4,0.8767093079919992
1851,0.6,0.28,screened_graph,True,True,False,12.143075035000322,0.40476916783334405,157.69680934442758,3.2780968133511588e-15,1.6579033512523733e-14,True,5,0.08986720984785723
1851,0.6,0.28,screened_best,True,True,False,12.143075035000322,0.40476916783334405,157.69680934442758,3.2780968133511588e-15,1.6579033512523733e-14,True,5,0.08986720984785723
1851,0.6,0.28,bounded_attempt,False,True,False,9.999999999999991,0.33333333333333304,140.60483625417777,0.00017230714858372097,0.010700721579326737,True,5,0.08948852347778757
1851,0.6,0.28,selected,True,True,False,12.143075035000322,0.40476916783334405,157.69680934442758,3.2780968133511588e-15,1.6579033512523733e-14,True,5,0.08986720984785723
1852,0.62,0.28,baseline,True,True,False,17.33661266659905,0.577887088886635,331.51500473069984,4.220308060520364e-15,2.852103181566665e-14,True,5,0.9548257741569037
1852,0.62,0.28,local,True,True,False,17.336612666578947,0.5778870888859649,331.51500473129374,4.595035926552277e-15,2.954026903762362e-14,True,5,0.9548257741569035
1852,0.62,0.28,multistart,True,False,False,1.7736142564595347,0.059120475215317825,25.316852090833475,5.730098085014894e-15,4.4890471582373347e-14,True,4,0.9451316821086992
1852,0.62,0.28,graph,True,False,False,1.773614256459528,0.0591204752153176,25.316852090833475,1.149228314419285e-14,6.254308068227558e-14,True,4,0.9548257741569042
1852,0.62,0.28,best,True,False,False,1.773614256459528,0.0591204752153176,25.316852090833475,1.149228314419285e-14,6.254308068227558e-14,True,4,0.9548257741569042
1852,0.62,0.28,screened_graph,True,True,False,17.336612666598292,0.5778870888866097,331.51500473071235,2.7111102964946756e-15,7.029691596656652e-15,True,5,0.35156803515494683
1852,0.62,0.28,screened_best,True,True,False,17.336612666578947,0.5778870888859649,331.51500473129374,4.595035926552277e-15,2.954026903762362e-14,True,5,0.9548257741569035
1852,0.62,0.28,bounded_attempt,False,True,False,9.999999999999991,0.33333333333333304,238.48278769117871,0.0007021520998967167,0.04390798686287972,True,5,0.9548257741569042
1852,0.62,0.28,selected,True,True,False,17.336612666578947,0.5778870888859649,331.51500473129374,4.595035926552277e-15,2.954026903762362e-14,True,5,0.9548257741569035
1853,0.64,0.28,baseline,True,True,False,39.25487883621759,1.308495961207253,888.6639434860045,6.275768268723677e-15,1.3167187004032558e-14,True,5,0.995035814808273
1853,0.64,0.28,local,True,True,False,39.25487883621782,1.3084959612072606,888.6639434860126,4.555720739103156e-15,1.433610076464842e-14,True,5,0.995035814808273
1853,0.64,0.28,multistart,True,False,False,1.7234978725170569,0.057449929083901896,26.091031819398182,4.892860061427375e-15,2.1393220116832104e-14,True,3,0.9091176772481608
1853,0.64,0.28,graph,True,False,False,1.7234978725170569,0.057449929083901896,26.091031819398182,4.892860061427375e-15,2.1393220116832104e-14,True,3,0.9091176772481608
1853,0.64,0.28,best,True,False,False,1.7234978725170569,0.057449929083901896,26.091031819398182,4.892860061427375e-15,2.1393220116832104e-14,True,3,0.9091176772481608
1853,0.64,0.28,screened_graph,True,True,False,39.25487883621759,1.308495961207253,888.6639434860045,6.275768268723677e-15,1.3167187004032558e-14,True,5,0.995035814808273
1853,0.64,0.28,screened_best,True,True,False,39.25487883621759,1.308495961207253,888.6639434860045,6.275768268723677e-15,1.3167187004032558e-14,True,5,0.995035814808273
1853,0.64,0.28,bounded_attempt,False,True,False,9.999999999999991,0.33333333333333304,322.5013055170258,0.0020965529093293967,0.13080805607450657,True,5,0.995035814808336
1853,0.64,0.28,selected,True,True,False,39.25487883621759,1.308495961207253,888.6639434860045,6.275768268723677e-15,1.3167187004032558e-14,True,5,0.995035814808273
1854,0.66,0.28,baseline,True,True,False,90.95252261575261,3.0317507538584203,2847.333976030075,3.1032918157843187e-15,8.227702021496204e-15,True,5,0.03818999001605761
1854,0.66,0.28,local,False,False,False,,,,,,,,
1854,0.66,0.28,multistart,True,False,False,1.7381713391548859,0.057939044638496195,26.297216994950023,8.798999020591313e-16,9.42254846144829e-15,True,3,1.1205854879581698
1854,0.66,0.28,graph,True,False,False,1.7381713391548859,0.057939044638496195,26.297216994950023,8.798999020591313e-16,9.42254846144829e-15,True,3,1.1205854879581698
1854,0.66,0.28,best,True,False,False,1.7381713391548859,0.057939044638496195,26.297216994950023,8.798999020591313e-16,9.42254846144829e-15,True,3,1.1205854879581698
1854,0.66,0.28,screened_graph,True,True,False,21.587816743484087,0.7195938914494695,1206.7420210780522,2.9439233600320783e-15,1.4108601415059252e-13,True,5,0.00947939316052171
1854,0.66,0.28,screened_best,True,True,False,21.587816743484087,0.7195938914494695,1206.7420210780522,2.9439233600320783e-15,1.4108601415059252e-13,True,5,0.00947939316052171
1854,0.66,0.28,bounded_attempt,False,True,False,9.999999999999991,0.33333333333333304,511.4730164690128,0.0003418441703689956,0.016213078950927728,True,5,0.00947939316052171
1854,0.66,0.28,selected,True,True,False,21.587816743484087,0.7195938914494695,1206.7420210780522,2.9439233600320783e-15,1.4108601415059252e-13,True,5,0.00947939316052171
1855,0.68,0.28,baseline,True,True,False,82.16871866133164,2.7389572887110547,2606.939676435608,6.590882724009204e-15,2.2777777539113845e-14,True,5,0.0006458134052156339
1855,0.68,0.28,local,False,False,False,,,,,,,,
1855,0.68,0.28,multistart,True,False,False,1.7840912705932732,0.059469709019775774,27.428478512923117,9.046146325204653e-16,8.453447578063969e-15,True,3,1.2101192541402008
1855,0.68,0.28,graph,True,False,False,1.7840912705932732,0.059469709019775774,27.428478512923515,7.28550816809042e-16,6.427217666488042e-15,True,3,0.8285178404260458
1855,0.68,0.28,best,True,False,False,1.7840912705932732,0.059469709019775774,27.428478512923117,7.29950531484273e-15,2.3056687347287398e-14,True,3,0.8285178404260449
1855,0.68,0.28,screened_graph,True,True,False,47.488720260366335,1.5829573420122112,1934.2016266699832,6.590882724009204e-15,2.2777777539113845e-14,True,5,0.8528305981662658
1855,0.68,0.28,screened_best,True,True,False,47.488720260366335,1.5829573420122112,1934.2016266699832,6.590882724009204e-15,2.2777777539113845e-14,True,5,0.8528305981662658
1855,0.68,0.28,bounded_attempt,False,True,False,9.999999999999995,0.33333333333333315,573.9794786004906,0.001057430105830456,0.06947702303444574,True,3,0.8528305981664026
1855,0.68,0.28,selected,True,True,False,47.488720260366335,1.5829573420122112,1934.2016266699832,6.590882724009204e-15,2.2777777539113845e-14,True,5,0.8528305981662658
1856,0.7000000000000001,0.28,baseline,True,True,False,90.99038913796863,3.033012971265621,2913.6637546109746,1.5044674154403867e-14,5.3744797689884945e-14,True,5,0.009351793475484094
1856,0.7000000000000001,0.28,local,False,False,False,,,,,,,,
1856,0.7000000000000001,0.28,multistart,True,False,False,1.8446900525863072,0.06148966841954357,28.814798272623275,4.1540741810552243e-16,2.018612968575067e-15,True,3,0.7850235219783528
1856,0.7000000000000001,0.28,graph,True,False,False,1.8446900525863072,0.06148966841954357,28.814798272623275,4.1540741810552243e-16,2.018612968575067e-15,True,3,0.7850235219783528
1856,0.7000000000000001,0.28,best,True,False,False,1.8446900525862953,0.061489668419543175,28.81479827262332,2.9032119813434736e-15,1.4716720021637845e-14,True,3,1.305197735549157
1856,0.7000000000000001,0.28,screened_graph,True,True,False,41.573910760274984,1.3857970253424994,1930.7352253615081,4.497773686596906e-15,2.946608810572904e-14,True,5,0.735292274940714
1856,0.7000000000000001,0.28,screened_best,True,True,False,41.573910760274984,1.3857970253424994,1930.7352253615081,4.497773686596906e-15,2.946608810572904e-14,True,5,0.735292274940714
1856,0.7000000000000001,0.28,bounded_attempt,False,True,False,9.999999999999998,0.33333333333333326,527.3523387745742,0.0030143781363526547,0.13533032593123656,True,5,0.7352922749409654
1856,0.7000000000000001,0.28,selected,True,True,False,41.573910760274984,1.3857970253424994,1930.7352253615081,4.497773686596906e-15,2.946608810572904e-14,True,5,0.735292274940714
1857,0.72,0.28,baseline,True,True,False,89.2560716684536,2.9752023889484533,2840.6484313962374,5.9950115828244306e-15,1.930387150756373e-13,True,5,0.038427855331674365
1857,0.72,0.28,local,False,False,False,,,,,,,,
1857,0.72,0.28,multistart,True,False,False,1.924847978064248,0.06416159926880827,30.547350766566474,7.716848701410009e-16,7.700184077401792e-15,True,3,1.4070740743440402
1857,0.72,0.28,graph,True,False,False,1.924847978064248,0.06416159926880827,30.547350766566474,7.716848701410009e-16,7.700184077401792e-15,True,3,1.4070740743440402
1857,0.72,0.28,best,True,False,False,1.9248479780642347,0.06416159926880782,30.547350766567273,9.516884610033234e-15,2.4381828077910208e-14,True,3,1.4070740743440389
1857,0.72,0.28,screened_graph,True,True,False,30.305089754898326,1.010169658496611,1769.2984385006869,4.778878245001001e-15,7.402459884852098e-14,True,5,1.4070740743440378
1857,0.72,0.28,screened_best,True,True,False,30.305089754898326,1.010169658496611,1769.2984385006869,4.778878245001001e-15,7.402459884852098e-14,True,5,1.4070740743440378
1857,0.72,0.28,bounded_attempt,False,True,False,10.0,0.3333333333333333,551.212914872931,0.0032230122955941498,0.14161770218600792,True,3,1.4069798473833766
1857,0.72,0.28,selected,True,True,False,30.305089754898326,1.010169658496611,1769.2984385006869,4.778878245001001e-15,7.402459884852098e-14,True,5,1.4070740743440378
1858,0.74,0.28,baseline,True,True,False,32.34621171971236,1.0782070573237452,639.0096620943609,1.2425077236865807e-15,4.615156346310089e-15,True,5,0.5813721177935989
1858,0.74,0.28,local,True,True,False,32.34621171971225,1.0782070573237417,639.0096620943593,1.3574718305694992e-15,4.610322832087094e-15,True,5,0.5813721177935989
1858,0.74,0.28,multistart,True,False,False,2.032763066346619,0.06775876887822063,32.768413710840825,4.4848235157252885e-15,1.1697181099271695e-14,True,3,1.5175893908566025
1858,0.74,0.28,graph,True,False,False,2.032763066346619,0.06775876887822063,32.768413710840825,4.4848235157252885e-15,1.1697181099271695e-14,True,3,1.5175893908566025
1858,0.74,0.28,best,True,False,False,2.032763066346619,0.06775876887822063,32.768413710840825,4.4848235157252885e-15,1.1697181099271695e-14,True,3,1.5175893908566025
1858,0.74,0.28,screened_graph,True,True,False,24.24738014981471,0.8082460049938236,452.6676855183528,1.237537672871711e-15,9.250409042709081e-15,True,5,0.05584795604589221
1858,0.74,0.28,screened_best,True,True,False,24.24738014981471,0.8082460049938236,452.6676855183528,1.237537672871711e-15,9.250409042709081e-15,True,5,0.05584795604589221
1858,0.74,0.28,bounded_attempt,False,True,False,9.999999999999998,0.33333333333333326,258.0125807301556,0.0026492794686735,0.10755185805597825,True,3,0.046468189365445944
1858,0.74,0.28,selected,True,True,False,24.24738014981471,0.8082460049938236,452.6676855183528,1.237537672871711e-15,9.250409042709081e-15,True,5,0.05584795604589221
1859,0.76,0.28,baseline,True,True,False,22.77556504431933,0.759185501477311,363.7836353998804,3.4526418846702353e-15,1.1676351167969765e-14,True,3,0.46553755419949194
1859,0.76,0.28,local,True,True,False,22.77556504432011,0.759185501477337,363.78363539990426,8.023858005779376e-15,1.8312787469730397e-14,True,3,0.4655375541994893
1859,0.76,0.28,multistart,True,True,True,2.488575274718058,0.0829525091572686,35.971126996409176,1.6398354873435426e-14,1.970558392154576e-14,True,2,1.639627157543189
1859,0.76,0.28,graph,True,True,True,2.488575274718048,0.08295250915726826,36.38670411047799,2.4149344638310556e-15,3.0847734539545834e-15,True,2,1.6396271575431918
1859,0.76,0.28,best,True,True,True,2.488575274718048,0.08295250915726826,36.38670411047799,2.4149344638310556e-15,3.0847734539545834e-15,True,2,1.6396271575431918
1859,0.76,0.28,screened_graph,True,True,True,2.488575274718048,0.08295250915726826,36.38670411047799,2.4149344638310556e-15,3.0847734539545834e-15,True,2,1.6396271575431918
1859,0.76,0.28,screened_best,True,True,True,2.488575274718048,0.08295250915726826,36.38670411047799,2.4149344638310556e-15,3.0847734539545834e-15,True,2,1.6396271575431918
1859,0.76,0.28,bounded_attempt,True,True,True,2.4885752747181145,0.08295250915727048,36.38670411047848,5.775766729050642e-14,1.446622254801817e-12,True,2,1.6396271575431907
1859,0.76,0.28,selected,True,True,True,2.488575274718048,0.08295250915726826,36.38670411047799,2.4149344638310556e-15,3.0847734539545834e-15,True,2,1.6396271575431918
1887,0.6,0.3,baseline,True,True,False,12.355206916334058,0.4118402305444686,152.9671833854885,4.0226438312062325e-15,1.3724284925245477e-14,True,5,0.91141365046128
1887,0.6,0.3,local,True,True,False,12.355206916334232,0.4118402305444744,152.96718338547174,3.4134844607150002e-15,1.2062224775871581e-14,True,5,0.91141365046128
1887,0.6,0.3,multistart,True,False,False,1.8252801140219166,0.06084267046739722,25.56774911962556,5.214651481239399e-15,4.1316222036782394e-14,True,4,0.9114136504612802
1887,0.6,0.3,graph,True,False,False,1.8252801140219166,0.06084267046739722,25.56774911962556,5.214651481239399e-15,4.1316222036782394e-14,True,4,0.9114136504612802
1887,0.6,0.3,best,True,False,False,1.8252801140219166,0.06084267046739722,25.56774911962556,5.214651481239399e-15,4.1316222036782394e-14,True,4,0.9114136504612802
1887,0.6,0.3,screened_graph,True,True,False,12.355206916333819,0.4118402305444606,152.96718338547774,1.27675647831893e-15,5.838614920926309e-15,True,5,0.10636854749508107
1887,0.6,0.3,screened_best,True,True,False,12.355206916333819,0.4118402305444606,152.96718338547774,1.27675647831893e-15,5.838614920926309e-15,True,5,0.10636854749508107
1887,0.6,0.3,bounded_attempt,False,True,False,9.999999999999991,0.33333333333333304,173.94238344617568,0.000172473549483972,0.010880129006022981,True,5,0.10636854749507574
1887,0.6,0.3,selected,True,True,False,12.355206916333819,0.4118402305444606,152.96718338547774,1.27675647831893e-15,5.838614920926309e-15,True,5,0.10636854749508107
1888,0.62,0.3,baseline,True,True,False,17.47248618361126,0.5824162061203753,221.37245247075788,1.8914564400730272e-15,3.863470648208196e-15,True,5,0.9895700352362249
1888,0.62,0.3,local,True,True,False,17.472486183611498,0.5824162061203833,221.37245247075467,1.6016674704581467e-15,3.851538134073782e-15,True,5,0.9895700352362247
1888,0.62,0.3,multistart,True,False,False,1.7670900146121493,0.058903000487071644,24.658561134958568,5.451780797753705e-15,4.319496637181756e-14,True,4,0.9299060351241675
1888,0.62,0.3,graph,True,False,False,1.7670900146121493,0.058903000487071644,24.658561134959367,1.688305753616065e-15,1.3931736929234672e-14,True,4,0.9299060351241684
1888,0.62,0.3,best,True,False,False,1.7670900146121493,0.058903000487071644,24.658561134958568,5.451780797753705e-15,4.319496637181756e-14,True,4,0.9299060351241675
1888,0.62,0.3,screened_graph,True,True,False,17.472486183611217,0.5824162061203739,221.3724524707567,3.1738594772174458e-15,2.026789629268444e-14,True,5,0.07798162959851229
1888,0.62,0.3,screened_best,True,True,False,17.472486183611217,0.5824162061203739,221.3724524707567,3.1738594772174458e-15,2.026789629268444e-14,True,5,0.07798162959851229
1888,0.62,0.3,bounded_attempt,False,True,False,9.999999999999991,0.33333333333333304,195.95169666333456,0.0007312669204212836,0.04710418671336295,True,5,0.0778108161304889
1888,0.62,0.3,selected,True,True,False,17.472486183611217,0.5824162061203739,221.3724524707567,3.1738594772174458e-15,2.026789629268444e-14,True,5,0.07798162959851229
1889,0.64,0.3,baseline,True,True,False,25.1206229929325,0.8373540997644167,513.7722988133426,4.79593537694451e-15,1.00556765274515e-14,True,5,1.0046452387109532
1889,0.64,0.3,local,True,True,False,25.12062299293218,0.837354099764406,513.7722988133252,5.136881481408579e-15,1.057959494214028e-14,True,5,1.0046452387109532
1889,0.64,0.3,multistart,True,False,False,1.704903654575407,0.056830121819180235,25.16905050970304,4.870134746710576e-15,1.645825807000401e-14,True,4,0.8931519714422178
1889,0.64,0.3,graph,True,False,False,1.704903654575407,0.056830121819180235,25.16905050970304,4.870134746710576e-15,1.645825807000401e-14,True,4,0.8931519714422178
1889,0.64,0.3,best,True,False,False,1.704903654575407,0.056830121819180235,25.16905050970304,4.870134746710576e-15,1.645825807000401e-14,True,4,0.8931519714422178
1889,0.64,0.3,screened_graph,True,True,False,25.1206229929325,0.8373540997644167,513.7722988133426,4.79593537694451e-15,1.00556765274515e-14,True,5,1.0046452387109532
1889,0.64,0.3,screened_best,True,True,False,25.12062299293218,0.837354099764406,513.7722988133252,5.136881481408579e-15,1.057959494214028e-14,True,5,1.0046452387109532
1889,0.64,0.3,bounded_attempt,False,True,False,9.999999999999991,0.33333333333333304,321.9383085765232,0.0019265468136306391,0.11544687940621379,True,5,1.0046452387110163
1889,0.64,0.3,selected,True,True,False,25.12062299293218,0.837354099764406,513.7722988133252,5.136881481408579e-15,1.057959494214028e-14,True,5,1.0046452387109532
1890,0.66,0.3,baseline,True,True,False,56.79516962190543,1.893172320730181,1444.5707234223787,5.856097588132977e-15,2.1279737048306366e-14,True,5,0.6664286269403741
1890,0.66,0.3,local,False,False,False,,,,,,,,
1890,0.66,0.3,multistart,True,False,False,1.715067319081986,0.0571689106360662,25.35652627781574,7.108895957933346e-16,3.886339684514589e-15,True,3,1.1563964545020478
1890,0.66,0.3,graph,True,False,False,1.715067319081986,0.0571689106360662,25.35652627781574,7.108895957933346e-16,3.886339684514589e-15,True,3,1.1563964545020478
1890,0.66,0.3,best,True,False,False,1.7150673190819798,0.057168910636065995,25.356526277815572,2.839898631133863e-15,5.819626779359039e-15,True,3,1.1563964545020469
1890,0.66,0.3,screened_graph,True,True,False,13.836744893158311,0.4612248297719437,149.07245225223187,2.2650998591337196e-15,1.211339914313656e-14,True,3,0.9084195378049342
1890,0.66,0.3,screened_best,True,True,False,13.836744893158311,0.4612248297719437,149.07245225223187,2.2650998591337196e-15,1.211339914313656e-14,True,3,0.9084195378049342
1890,0.66,0.3,bounded_attempt,False,True,False,9.999999999999991,0.33333333333333304,141.70589961757074,0.0003945508983062911,0.01838359363313505,True,3,0.9084195378050532
1890,0.66,0.3,selected,True,True,False,13.836744893158311,0.4612248297719437,149.07245225223187,2.2650998591337196e-15,1.211339914313656e-14,True,3,0.9084195378049342
1891,0.68,0.3,baseline,True,True,False,91.23848179905264,3.041282726635088,2851.879357869659,1.1301564617159352e-14,4.045999062723884e-14,True,5,0.08407920848571848
1891,0.68,0.3,local,False,False,False,,,,,,,,
1891,0.68,0.3,multistart,True,False,False,1.7628091405295838,0.05876030468431946,26.53989475217263,5.640599496620651e-16,3.2579141415290015e-15,True,3,1.2463737046024803
1891,0.68,0.3,graph,True,False,False,1.7628091405295838,0.05876030468431946,26.53989475217263,5.640599496620651e-16,3.2579141415290015e-15,True,3,1.2463737046024803
1891,0.68,0.3,best,True,False,False,1.7628091405295838,0.05876030468431946,26.53989475217263,5.640599496620651e-16,3.2579141415290015e-15,True,3,1.2463737046024803
1891,0.68,0.3,screened_graph,True,True,False,33.76631705060865,1.1255439016869548,1907.8245144225789,3.968173789706046e-15,2.3312030959196877e-14,True,5,0.20214313969038855
1891,0.68,0.3,screened_best,True,True,False,33.76631705060865,1.1255439016869548,1907.8245144225789,3.968173789706046e-15,2.3312030959196877e-14,True,5,0.20214313969038855
1891,0.68,0.3,bounded_attempt,False,True,False,9.999999999999991,0.33333333333333304,481.84549138637243,0.0006038844599844342,0.02778876642867214,True,5,0.20214313969038855
1891,0.68,0.3,selected,True,True,False,33.76631705060865,1.1255439016869548,1907.8245144225789,3.968173789706046e-15,2.3312030959196877e-14,True,5,0.20214313969038855
1892,0.7000000000000001,0.3,baseline,True,True,False,84.2623946616047,2.8087464887201565,2609.556120924611,5.103706232910402e-15,1.866906878699811e-14,True,5,0.016598081718265156
1892,0.7000000000000001,0.3,local,False,False,False,,,,,,,,
1892,0.7000000000000001,0.3,multistart,True,False,False,1.825523272998577,0.060850775766619236,27.988644192877743,1.0371267395744221e-15,7.616112532133235e-15,True,3,1.342268119072806
1892,0.7000000000000001,0.3,graph,True,False,False,1.825523272998577,0.060850775766619236,27.988644192877743,1.0371267395744221e-15,7.616112532133235e-15,True,3,1.342268119072806
1892,0.7000000000000001,0.3,best,True,False,False,1.825523272998577,0.060850775766619236,27.988644192877743,1.0371267395744221e-15,7.616112532133235e-15,True,3,1.342268119072806
1892,0.7000000000000001,0.3,screened_graph,True,True,False,36.48008716654964,1.2160029055516546,1466.6112002323468,5.103706232910402e-15,1.866906878699811e-14,True,5,0.7788843779026609
1892,0.7000000000000001,0.3,screened_best,True,True,False,36.48008716654964,1.2160029055516546,1466.6112002323468,5.103706232910402e-15,1.866906878699811e-14,True,5,0.7788843779026609
1892,0.7000000000000001,0.3,bounded_attempt,False,True,False,9.999999999999995,0.33333333333333315,574.1864064252849,0.001287137200596741,0.05594736141337616,True,3,0.7788843779033492
1892,0.7000000000000001,0.3,selected,True,True,False,36.48008716654964,1.2160029055516546,1466.6112002323468,5.103706232910402e-15,1.866906878699811e-14,True,5,0.7788843779026609
1893,0.72,0.3,baseline,True,True,False,92.2429930209613,3.074766434032043,2926.7204274225824,2.465720107482118e-15,8.813460624952675e-15,True,5,0.0258953594876985
1893,0.72,0.3,local,False,False,False,,,,,,,,
1893,0.72,0.3,multistart,True,False,False,1.9084441587830892,0.06361480529276964,29.80457493119606,9.053594779595603e-16,9.719273419542798e-15,True,3,1.445461340880497
1893,0.72,0.3,graph,True,False,False,1.9084441587830892,0.06361480529276964,29.80457493119606,8.144263458698792e-16,8.536831380680235e-15,True,3,1.4454613408804966
1893,0.72,0.3,best,True,False,False,1.9084441587830892,0.06361480529276964,29.80457493119486,8.231388472639258e-15,1.1648560027238804e-14,True,3,1.4454613408804957
1893,0.72,0.3,screened_graph,True,True,False,30.409848244974278,1.0136616081658092,625.098040013142,1.5403719328412455e-15,8.6578768857449e-15,True,3,0.7419097924115858
1893,0.72,0.3,screened_best,True,True,False,30.409848244974278,1.0136616081658092,625.098040013142,1.5403719328412455e-15,8.6578768857449e-15,True,3,0.7419097924115858
1893,0.72,0.3,bounded_attempt,False,True,False,9.999999999999996,0.3333333333333332,254.39578576980645,0.0036490074272283843,0.15255076984272564,True,3,0.7419097924115832
1893,0.72,0.3,selected,True,True,False,30.409848244974278,1.0136616081658092,625.098040013142,1.5403719328412455e-15,8.6578768857449e-15,True,3,0.7419097924115858
1894,0.74,0.3,baseline,True,True,False,35.73920298378057,1.191306766126019,726.1223653353768,2.1305003386368745e-15,8.930325606390061e-15,True,3,0.5806460280013397
1894,0.74,0.3,local,True,True,False,35.73920298378074,1.1913067661260248,726.1223653353827,2.2596516254855392e-15,8.691253665494107e-15,True,3,0.5806460280013379
1894,0.74,0.3,multistart,True,False,False,2.160863549426315,0.07202878498087717,32.15001998809557,8.473409486550036e-16,5.744768261478695e-15,True,2,1.558020761887339
1894,0.74,0.3,graph,True,False,False,2.1608635494262654,0.0720287849808755,32.987430785407476,1.1048392671299229e-14,1.869881697833481e-14,True,2,1.5580207618873385
1894,0.74,0.3,best,True,False,False,2.1608635494262654,0.0720287849808755,32.987430785407476,1.1048392671299229e-14,1.869881697833481e-14,True,2,1.5580207618873385
1894,0.74,0.3,screened_graph,True,True,False,29.960415519180962,0.998680517306032,521.3979306077988,2.7605288630897186e-15,9.597594754307503e-15,True,3,0.5495353536945089
1894,0.74,0.3,screened_best,True,True,False,29.960415519180486,0.9986805173060161,521.3979306077708,1.2513178861609778e-14,9.429837436336265e-14,True,3,0.5495353536945107
1894,0.74,0.3,bounded_attempt,False,True,False,10.0,0.3333333333333333,273.98796207454404,0.003241299776254892,0.12336135985364843,True,5,0.5495353536945071
1894,0.74,0.3,selected,True,True,False,29.960415519180486,0.9986805173060161,521.3979306077708,1.2513178861609778e-14,9.429837436336265e-14,True,3,0.5495353536945107
1895,0.76,0.3,baseline,True,True,False,85.59546805795104,2.853182268598368,2866.6538080391606,5.541025578832276e-07,3.930896980020692e-05,True,3,8.881784197001252e-16
1895,0.76,0.3,local,False,False,False,,,,,,,,
1895,0.76,0.3,multistart,True,True,True,2.752075239502102,0.09173584131673673,47.58423829281806,2.1368350534449908e-14,1.9188246467220944e-14,True,2,1.2572338143501094
1895,0.76,0.3,graph,True,True,True,2.752075239502102,0.09173584131673673,47.58423829281806,2.1368350534449908e-14,1.9188246467220944e-14,True,2,1.2572338143501094
1895,0.76,0.3,best,True,True,True,2.752075239502102,0.09173584131673673,47.58423829281806,2.1368350534449908e-14,1.9188246467220944e-14,True,2,1.2572338143501094
1895,0.76,0.3,screened_graph,True,True,True,2.752075239502102,0.09173584131673673,47.58423829281806,2.1368350534449908e-14,1.9188246467220944e-14,True,2,1.2572338143501094
1895,0.76,0.3,screened_best,True,True,True,2.752075239502102,0.09173584131673673,47.58423829281806,2.1368350534449908e-14,1.9188246467220944e-14,True,2,1.2572338143501094
1895,0.76,0.3,bounded_attempt,True,True,True,2.752075239502182,0.0917358413167394,47.58423829931986,4.4868951703473796e-13,2.9814772609102764e-12,True,2,1.2572338143500845
1895,0.76,0.3,selected,True,True,True,2.752075239502102,0.09173584131673673,47.58423829281806,2.1368350534449908e-14,1.9188246467220944e-14,True,2,1.2572338143501094
1923,0.6,0.32,baseline,True,True,False,11.824284616280654,0.39414282054268845,126.39733150278234,1.3136335981433192e-15,6.785479919286601e-15,True,5,0.950039928389999
1923,0.6,0.32,local,True,True,False,11.824284616280668,0.3941428205426889,126.39733150277995,2.830524433501838e-16,1.0647132958353058e-15,True,5,0.950039928389999
1923,0.6,0.32,multistart,True,False,False,1.8124804521144533,0.06041601507048178,25.708749173232004,3.0017112872195495e-15,2.0476835802989792e-14,True,4,0.9500399283899983
1923,0.6,0.32,graph,True,False,False,1.8124804521144533,0.06041601507048178,25.708749173232803,4.682576195200057e-15,3.691188440635559e-14,True,4,0.9500399283899981
1923,0.6,0.32,best,True,False,False,1.8124804521144533,0.06041601507048178,25.708749173232004,3.0017112872195495e-15,2.0476835802989792e-14,True,4,0.9500399283899983
1923,0.6,0.32,screened_graph,True,True,False,11.824284616280627,0.39414282054268757,126.39733150277478,3.555856475012888e-15,8.074789943422283e-15,True,5,0.4515591635006002
1923,0.6,0.32,screened_best,True,True,False,11.824284616280401,0.39414282054268,126.39733150278315,3.102174518964744e-15,3.0359005610108475e-14,True,5,0.9500399283899974
1923,0.6,0.32,bounded_attempt,False,True,False,9.999999999999991,0.33333333333333304,126.39733150292463,0.00022000709918255693,0.012607615392840088,True,5,0.9500399283899983
1923,0.6,0.32,selected,True,True,False,11.824284616280401,0.39414282054268,126.39733150278315,3.102174518964744e-15,3.0359005610108475e-14,True,5,0.9500399283899974
1924,0.62,0.32,baseline,True,True,False,15.979587146953769,0.532652904898459,195.68371168394395,4.1888855961130316e-15,3.3268318280333625e-14,True,5,1.0279629379173671
1924,0.62,0.32,local,True,True,False,15.979587146953676,0.5326529048984558,195.68371168394395,1.5891733499134015e-15,2.8505500623350376e-14,True,5,1.0279629379173685
1924,0.62,0.32,multistart,True,False,False,1.7551181445505826,0.058503938151686086,24.843893207233858,1.981804464519366e-15,1.8277233910507136e-14,True,4,0.9144438047011763
1924,0.62,0.32,graph,True,False,False,1.7551181445505826,0.058503938151686086,24.843893207233858,1.981804464519366e-15,1.8277233910507136e-14,True,4,0.9144438047011763
1924,0.62,0.32,best,True,False,False,1.7551181445505826,0.058503938151686086,24.843893207233858,1.981804464519366e-15,1.8277233910507136e-14,True,4,0.9144438047011763
1924,0.62,0.32,screened_graph,True,True,False,15.97958714695321,0.5326529048984403,195.68371168361145,4.081957313209021e-15,6.111649181147739e-15,True,5,0.432708587624858
1924,0.62,0.32,screened_best,True,True,False,15.97958714695321,0.5326529048984403,195.68371168361145,4.081957313209021e-15,6.111649181147739e-15,True,5,0.432708587624858
1924,0.62,0.32,bounded_attempt,False,True,False,9.999999999999991,0.33333333333333304,207.52253133460692,0.0008294101902598229,0.04865106363814994,True,5,0.4327085876248571
1924,0.62,0.32,selected,True,True,False,15.97958714695321,0.5326529048984403,195.68371168361145,4.081957313209021e-15,6.111649181147739e-15,True,5,0.432708587624858
1925,0.64,0.32,baseline,True,True,False,24.10212019010893,0.8034040063369643,302.987773250989,3.1662044385232674e-15,7.78919666918553e-15,True,5,1.0074540870985347
1925,0.64,0.32,local,True,True,False,24.102120190108703,0.8034040063369567,302.98777325098456,2.2557275795341683e-15,7.899727532164813e-15,True,5,1.0074540870985347
1925,0.64,0.32,multistart,True,False,False,1.6929230972686005,0.05643076990895335,24.190630860910005,5.714144372096617e-15,2.591858838517275e-14,True,4,1.1098422036833338
1925,0.64,0.32,graph,True,False,False,1.6929230972686005,0.05643076990895335,24.190630860910005,5.714144372096617e-15,2.591858838517275e-14,True,4,1.1098422036833338
1925,0.64,0.32,best,True,False,False,1.6929230972686005,0.05643076990895335,24.190630860910005,5.714144372096617e-15,2.591858838517275e-14,True,4,1.1098422036833338
1925,0.64,0.32,screened_graph,True,True,False,24.102120190108636,0.8034040063369545,302.98777325098496,3.69190891036295e-15,3.4630242692783826e-14,True,5,0.07334539061329526
1925,0.64,0.32,screened_best,True,True,False,24.102120190108636,0.8034040063369545,302.98777325098496,3.69190891036295e-15,3.4630242692783826e-14,True,5,0.07334539061329526
1925,0.64,0.32,bounded_attempt,False,True,False,9.999999999999991,0.33333333333333304,342.45001980140177,0.0018375725607683742,0.10414411013650454,True,5,0.0677660761296126
1925,0.64,0.32,selected,True,True,False,24.102120190108636,0.8034040063369545,302.98777325098496,3.69190891036295e-15,3.4630242692783826e-14,True,5,0.07334539061329526
1926,0.66,0.32,baseline,True,True,False,34.33327765101406,1.1444425883671352,768.1507906594646,6.634511564009923e-15,6.33207264290222e-14,True,5,0.7526607538935002
1926,0.66,0.32,local,True,True,False,34.333277651014214,1.1444425883671405,768.1507906594678,6.922276171053289e-15,6.303493116521499e-14,True,5,0.752660753893502
1926,0.66,0.32,multistart,True,False,False,1.6886631375606242,0.05628877125202081,24.358744242795094,1.279845075663982e-15,1.0715782180375365e-14,True,3,1.1962554091559383
1926,0.66,0.32,graph,True,False,False,1.6886631375606242,0.05628877125202081,24.358744242795094,1.279845075663982e-15,1.0715782180375365e-14,True,3,1.1962554091559383
1926,0.66,0.32,best,True,False,False,1.6886631375606242,0.05628877125202081,24.358744242795094,8.068474699729642e-15,1.779431821301625e-14,True,3,1.1962554091559379
1926,0.66,0.32,screened_graph,True,True,False,34.333277651002106,1.1444425883667368,768.1507906583312,2.927390968173784e-15,1.3472205612727105e-14,True,5,1.1962554091559376
1926,0.66,0.32,screened_best,True,True,False,34.333277651002106,1.1444425883667368,768.1507906583312,2.927390968173784e-15,1.3472205612727105e-14,True,5,1.1962554091559376
1926,0.66,0.32,bounded_attempt,False,True,False,9.999999999999991,0.33333333333333304,276.5967906260913,0.0031118597687030637,0.16406099831100088,True,3,1.196255409155938
1926,0.66,0.32,selected,True,True,False,34.333277651002106,1.1444425883667368,768.1507906583312,2.927390968173784e-15,1.3472205612727105e-14,True,5,1.1962554091559376
1927,0.68,0.32,baseline,True,True,False,63.128266344587736,2.104275544819591,1733.4999522101184,5.780094456950877e-15,1.910255770165271e-14,True,5,0.4843431192482148
1927,0.68,0.32,local,False,False,False,,,,,,,,
1927,0.68,0.32,multistart,True,False,False,1.7380714993929471,0.05793571664643157,25.59002134929484,8.150173236313187e-16,6.112094278192762e-15,True,3,0.7946324642963418
1927,0.68,0.32,graph,True,False,False,1.7380714993929471,0.05793571664643157,25.59002134929484,8.150173236313187e-16,6.112094278192762e-15,True,3,0.7946324642963418
1927,0.68,0.32,best,True,False,False,1.7380714993929471,0.05793571664643157,25.59002134929484,8.150173236313187e-16,6.112094278192762e-15,True,3,0.7946324642963418
1927,0.68,0.32,screened_graph,True,True,False,15.927518695765537,0.5309172898588512,195.19314794115527,3.870683947750989e-15,2.2096681024128248e-14,True,3,0.901973743038929
1927,0.68,0.32,screened_best,True,True,False,15.927518695765517,0.5309172898588506,195.19314794116428,4.811651384656606e-15,1.4085647092702195e-14,True,3,0.8356226744782509
1927,0.68,0.32,bounded_attempt,False,True,False,9.999999999999995,0.33333333333333315,137.80895993272205,0.0006322297820106137,0.028416865604918202,True,3,0.8356226744787509
1927,0.68,0.32,selected,True,True,False,15.927518695765517,0.5309172898588506,195.19314794116428,4.811651384656606e-15,1.4085647092702195e-14,True,3,0.8356226744782509
1928,0.7000000000000001,0.32,baseline,True,True,False,90.70122922665412,3.0233743075551374,2857.5439620575476,3.787797211270312e-15,1.5935057015471373e-14,True,5,0.027919748162909208
1928,0.7000000000000001,0.32,local,False,False,False,,,,,,,,
1928,0.7000000000000001,0.32,multistart,True,False,False,1.802704425589935,0.060090147519664495,27.098202888354507,1.2037731057624424e-15,9.145404911398732e-15,True,3,0.7487264242316565
1928,0.7000000000000001,0.32,graph,True,False,False,1.802704425589935,0.060090147519664495,27.098202888354507,1.2037731057624424e-15,9.145404911398732e-15,True,3,0.7487264242316565
1928,0.7000000000000001,0.32,best,True,False,False,1.8027044255899272,0.06009014751966424,27.098202888353786,5.3533015581491455e-16,8.276744563766058e-16,True,3,1.3840658145128237
1928,0.7000000000000001,0.32,screened_graph,True,True,False,15.912885319911974,0.5304295106637325,429.7178791279235,1.2358557695365805e-14,6.667842139427586e-14,True,3,0.37019094953486764
1928,0.7000000000000001,0.32,screened_best,True,True,False,15.912885319911881,0.5304295106637293,429.71787912793235,4.308466452925209e-15,3.8816249249802044e-14,True,3,0.77805838008676
1928,0.7000000000000001,0.32,bounded_attempt,False,True,False,9.999999999999998,0.33333333333333326,429.71787822902775,0.0005186001125578531,0.022678452120126473,True,3,0.7780583800867609
1928,0.7000000000000001,0.32,selected,True,True,False,15.912885319911881,0.5304295106637293,429.71787912793235,4.308466452925209e-15,3.8816249249802044e-14,True,3,0.77805838008676
1929,0.72,0.32,baseline,True,True,False,82.01379399387254,2.7337931331290846,2519.9088876604346,4.74630487500572e-15,3.655270775704657e-13,True,5,0.008952560613932015
1929,0.72,0.32,local,False,False,False,,,,,,,,
1929,0.72,0.32,multistart,True,False,False,1.971038551369989,0.0657012850456663,28.997511505898885,2.547471990151654e-15,2.0543463478359357e-14,True,2,0.6987832882108567
1929,0.72,0.32,graph,True,False,False,1.9710385513699857,0.06570128504566619,28.997511505898956,3.510833468576701e-16,1.1300897991012877e-15,True,2,0.6987832882108567
1929,0.72,0.32,best,True,False,False,1.971038551369939,0.06570128504566464,28.997511505898956,3.3306690738754696e-16,7.247594962971176e-16,True,2,1.4889720052412276
1929,0.72,0.32,screened_graph,True,True,False,29.91441529405566,0.997147176468522,1267.6346293688887,1.2325475812854657e-15,6.869928995297549e-15,True,5,0.680776166095594
1929,0.72,0.32,screened_best,True,True,False,29.91441529405566,0.997147176468522,1267.6346293688887,1.2325475812854657e-15,6.869928995297549e-15,True,5,0.680776166095594
1929,0.72,0.32,bounded_attempt,False,True,False,9.999999999999991,0.33333333333333304,577.3388015922195,0.0006559546858242369,0.030161112101300576,True,3,0.6807761660955931
1929,0.72,0.32,selected,True,True,False,29.91441529405566,0.997147176468522,1267.6346293688887,1.2325475812854657e-15,6.869928995297549e-15,True,5,0.680776166095594
1930,0.74,0.32,baseline,True,True,False,89.17446718412492,2.9724822394708306,2861.2164733818618,2.2239127899237465e-15,8.556310782358904e-15,True,5,0.1602814773871568
1930,0.74,0.32,local,False,False,False,,,,,,,,
1930,0.74,0.32,multistart,True,False,False,2.344092984404924,0.07813643281349747,33.47838814840751,1.665491811106405e-14,2.6837071413643342e-14,True,2,1.6041729547276142
1930,0.74,0.32,graph,True,False,False,2.344092984404924,0.07813643281349747,33.47838814840751,1.665491811106405e-14,2.6837071413643342e-14,True,2,1.6041729547276142
1930,0.74,0.32,best,True,False,False,2.344092984404924,0.07813643281349747,33.47838814840751,1.665491811106405e-14,2.6837071413643342e-14,True,2,1.6041729547276142
1930,0.74,0.32,screened_graph,True,True,False,32.58079450112737,1.0860264833709123,728.6104630609658,1.9782541917041054e-15,7.282926372430809e-15,True,3,0.6452834022206551
1930,0.74,0.32,screened_best,True,True,False,32.58079450112737,1.0860264833709123,728.6104630609658,1.9782541917041054e-15,7.282926372430809e-15,True,3,0.6452834022206551
1930,0.74,0.32,bounded_attempt,False,True,False,9.999999999999998,0.33333333333333326,253.01325539334638,0.003614171763865175,0.13815660535331015,True,3,0.6452834022206506
1930,0.74,0.32,selected,True,True,False,32.58079450112737,1.0860264833709123,728.6104630609658,1.9782541917041054e-15,7.282926372430809e-15,True,3,0.6452834022206551
1959,0.6,0.34,baseline,True,True,False,12.045992609570911,0.401533086985697,128.24277016105495,9.733029935870001e-15,4.349039150383591e-14,True,5,0.9925934801619043
1959,0.6,0.34,local,True,True,False,12.04599260957087,0.4015330869856957,128.24277016105455,1.5664082319591336e-15,2.3407781364996995e-14,True,5,0.9925934801619043
1959,0.6,0.34,multistart,True,False,False,1.7943990543984079,0.05981330181328026,25.775366583791115,4.400900123012995e-15,3.2155997051116906e-14,True,4,0.9352123112423527
1959,0.6,0.34,graph,True,False,False,1.7943990543984079,0.05981330181328026,25.775366583792614,3.062686598583602e-15,1.8427199229939577e-14,True,4,0.9925934801619032
1959,0.6,0.34,best,True,False,False,1.7943990543984079,0.05981330181328026,25.775366583791115,4.400900123012995e-15,3.2155997051116906e-14,True,4,0.9352123112423527
1959,0.6,0.34,screened_graph,True,True,False,12.045992609570884,0.4015330869856961,128.24277016105415,3.1465569529417232e-15,2.2228214582392918e-14,True,5,0.15085872311974757
1959,0.6,0.34,screened_best,True,True,False,12.045992609570725,0.4015330869856908,128.24277016108132,2.3709500883986285e-15,1.8352926470875276e-14,True,5,0.9925934801619043
1959,0.6,0.34,bounded_attempt,False,True,False,9.999999999999991,0.33333333333333304,163.42499212629744,0.00021779527783650438,0.013103947709053761,True,5,0.9925934801619045
1959,0.6,0.34,selected,True,True,False,12.045992609570725,0.4015330869856908,128.24277016108132,2.3709500883986285e-15,1.8352926470875276e-14,True,5,0.9925934801619043
1960,0.62,0.34,baseline,True,True,False,15.35025171037376,0.5116750570124586,185.39615576311036,1.7895352222091343e-15,1.48715091646634e-14,True,5,1.064967731858074
1960,0.62,0.34,local,True,True,False,15.350251710379474,0.5116750570126491,185.39615576294847,2.72093132938319e-15,1.9751252822149153e-14,True,5,1.064967731858074
1960,0.62,0.34,multistart,True,False,False,1.73757211696687,0.057919070565562336,24.95705224549516,2.515365789164858e-15,1.719431622316198e-14,True,4,0.8986696542488781
1960,0.62,0.34,graph,True,False,False,1.73757211696686,0.057919070565562,24.957052245496058,9.39209472443843e-15,2.564058757146866e-14,True,4,1.0703941037170028
1960,0.62,0.34,best,True,False,False,1.73757211696686,0.057919070565562,24.957052245496058,9.39209472443843e-15,2.564058757146866e-14,True,4,1.0703941037170028
1960,0.62,0.34,screened_graph,True,True,False,15.350251710373586,0.5116750570124529,185.39615576311115,1.7064601008853095e-15,7.086033163493617e-15,True,5,1.070394103717004
1960,0.62,0.34,screened_best,True,True,False,15.350251710365086,0.5116750570121695,185.39615576302205,3.480448472713308e-15,3.023738607733948e-14,True,5,1.064967731858074
1960,0.62,0.34,bounded_attempt,False,True,False,9.999999999999991,0.33333333333333304,243.73777753033218,0.0007469941800541162,0.04095607730058543,True,5,1.0649677318581352
1960,0.62,0.34,selected,True,True,False,15.350251710365086,0.5116750570121695,185.39615576302205,3.480448472713308e-15,3.023738607733948e-14,True,5,1.064967731858074
1961,0.64,0.34,baseline,True,True,False,19.57521292416331,0.6525070974721103,301.47693760623406,1.0994151322850842e-15,4.314636368304475e-15,True,5,1.0038337045486907
1961,0.64,0.34,local,True,True,False,19.57521292416323,0.6525070974721077,301.4769376062325,1.2316096882532984e-15,4.408247404119846e-15,True,5,1.0038337045486898
1961,0.64,0.34,multistart,True,False,False,1.6749052725626612,0.05583017575208871,24.12565625080607,8.804075585419882e-15,2.5419933926654644e-14,True,4,1.152423214679506
1961,0.64,0.34,graph,True,False,False,1.6749052725626612,0.05583017575208871,24.12565625080607,8.804075585419882e-15,2.5419933926654644e-14,True,4,1.152423214679506
1961,0.64,0.34,best,True,False,False,1.6749052725626612,0.05583017575208871,24.12565625080607,8.804075585419882e-15,2.5419933926654644e-14,True,4,1.152423214679506
1961,0.64,0.34,screened_graph,True,True,False,19.57521292416331,0.6525070974721103,301.47693760623406,1.0994151322850842e-15,4.314636368304475e-15,True,5,1.0038337045486907
1961,0.64,0.34,screened_best,True,True,False,19.57521292416323,0.6525070974721077,301.4769376062325,1.2316096882532984e-15,4.408247404119846e-15,True,5,1.0038337045486898
1961,0.64,0.34,bounded_attempt,False,True,False,9.999999999999991,0.33333333333333304,321.16683913526583,0.0015874058900364506,0.08664885536226621,True,5,1.0038337045488266
1961,0.64,0.34,selected,True,True,False,19.57521292416323,0.6525070974721077,301.4769376062325,1.2316096882532984e-15,4.408247404119846e-15,True,5,1.0038337045486898
1962,0.66,0.34,baseline,True,True,False,29.09213743008536,0.9697379143361786,558.8090883676522,5.2183434794654904e-15,6.626181417336967e-14,True,5,0.7920933364778735
1962,0.66,0.34,local,True,True,False,29.09213743008545,0.9697379143361817,558.8090883676573,4.038984649752663e-15,6.662049210899673e-14,True,5,0.7920933364778744
1962,0.66,0.34,multistart,True,False,False,1.6591554896890814,0.05530518298963605,23.749728644625844,1.1640841948032095e-14,4.7817523572845145e-14,True,3,1.2393115254018086
1962,0.66,0.34,graph,True,False,False,1.6591554896890814,0.05530518298963605,23.749728644625844,1.1640841948032095e-14,4.7817523572845145e-14,True,3,1.2393115254018086
1962,0.66,0.34,best,True,False,False,1.6591554896890814,0.05530518298963605,23.749728644625844,1.1640841948032095e-14,4.7817523572845145e-14,True,3,1.2393115254018086
1962,0.66,0.34,screened_graph,True,True,False,29.092137430085184,0.9697379143361728,558.8090883676434,1.8092292650409306e-15,9.308572764785409e-15,True,5,1.2393115254018097
1962,0.66,0.34,screened_best,True,True,False,29.092137430085184,0.9697379143361728,558.8090883676434,1.8092292650409306e-15,9.308572764785409e-15,True,5,1.2393115254018097
1962,0.66,0.34,bounded_attempt,False,True,False,10.0,0.3333333333333333,330.99668728209673,0.0027729453479924237,0.14259645307320556,True,5,1.2393115254018086
1962,0.66,0.34,selected,True,True,False,29.092137430085184,0.9697379143361728,558.8090883676434,1.8092292650409306e-15,9.308572764785409e-15,True,5,1.2393115254018097
1963,0.68,0.34,baseline,True,True,False,45.47103183096293,1.5157010610320976,1045.7871165620725,3.4192345831206546e-15,1.2130009994918911e-14,True,5,0.5608662655489782
1963,0.68,0.34,local,True,True,False,45.471031830963035,1.5157010610321011,1045.7871165620759,4.012673012725439e-15,1.12661678583452e-14,True,5,0.5608662655489782
1963,0.68,0.34,multistart,True,False,False,1.709956246167561,0.0569985415389187,24.58043426233605,2.1112945924915967e-15,1.4275293608316315e-14,True,3,1.3319323323394907
1963,0.68,0.34,graph,True,False,False,1.709956246167561,0.0569985415389187,24.58043426233605,2.1112945924915967e-15,1.4275293608316315e-14,True,3,1.3319323323394907
1963,0.68,0.34,best,True,False,False,1.709956246167561,0.0569985415389187,24.58043426233565,4.509747244882934e-16,7.067992379136257e-16,True,3,1.3319323323394914
1963,0.68,0.34,screened_graph,True,True,False,31.657826405758602,1.0552608801919534,1249.0302791540807,1.3822165187958571e-15,1.136547826536839e-14,True,3,0.9759051072497442
1963,0.68,0.34,screened_best,True,True,False,31.657826405758602,1.0552608801919534,1249.0302791540807,1.3822165187958571e-15,1.136547826536839e-14,True,3,0.9759051072497442
1963,0.68,0.34,bounded_attempt,False,True,False,10.0,0.3333333333333333,525.5197110590535,0.0003925410871350982,0.02446543490188752,True,3,0.9759051072497442
1963,0.68,0.34,selected,True,True,False,31.657826405758602,1.0552608801919534,1249.0302791540807,1.3822165187958571e-15,1.136547826536839e-14,True,3,0.9759051072497442
1964,0.7000000000000001,0.34,baseline,True,True,False,53.835983556018114,1.7945327852006037,1520.9911260899648,1.866033584759964e-15,6.763882050363903e-15,True,5,0.3716161151513644
1964,0.7000000000000001,0.34,local,False,False,False,,,,,,,,
1964,0.7000000000000001,0.34,multistart,True,False,False,1.8487136585350306,0.06162378861783435,26.143545894883662,3.4560150080846467e-15,2.4710333813386313e-14,True,2,1.4308655822964083
1964,0.7000000000000001,0.34,graph,True,False,False,1.848713658535014,0.0616237886178338,26.1435458948843,4.871083751574258e-16,4.957797509669041e-16,True,2,1.430865582296409
1964,0.7000000000000001,0.34,best,True,False,False,1.848713658535014,0.0616237886178338,26.1435458948843,4.871083751574258e-16,4.957797509669041e-16,True,2,1.430865582296409
1964,0.7000000000000001,0.34,screened_graph,True,True,False,13.858738035725853,0.4619579345241951,230.21271357438576,3.863512319247711e-15,2.8369792043812072e-14,True,3,0.7407218481186444
1964,0.7000000000000001,0.34,screened_best,True,True,False,13.858738035725853,0.4619579345241951,230.21271357438576,3.863512319247711e-15,2.8369792043812072e-14,True,3,0.7407218481186444
1964,0.7000000000000001,0.34,bounded_attempt,False,True,False,9.999999999999995,0.33333333333333315,230.21271357440935,0.00030813345086456144,0.013482117458938087,True,3,0.7407218481186444
1964,0.7000000000000001,0.34,selected,True,True,False,13.858738035725853,0.4619579345241951,230.21271357438576,3.863512319247711e-15,2.8369792043812072e-14,True,3,0.7407218481186444
1965,0.72,0.34,baseline,True,True,False,91.39910526096685,3.0466368420322283,2872.3184861820405,7.902105480750097e-15,2.7011727222976743e-14,True,5,0.05592941132892637
1965,0.72,0.34,local,False,False,False,,,,,,,,
1965,0.72,0.34,multistart,True,False,False,2.117036065631838,0.07056786885439459,28.293759761148696,2.3155537059576192e-15,4.7131492695056365e-15,True,2,1.5380020470891622
1965,0.72,0.34,graph,True,False,False,2.117036065631838,0.07056786885439459,28.293759761148696,2.3155537059576192e-15,4.7131492695056365e-15,True,2,1.5380020470891622
1965,0.72,0.34,best,True,False,False,2.117036065631838,0.07056786885439459,28.293759761148696,2.3155537059576192e-15,4.7131492695056365e-15,True,2,1.5380020470891622
1965,0.72,0.34,screened_graph,True,True,True,7.870079353277435,0.26233597844258116,77.09359052203632,4.724974065043832e-15,1.9386073277860843e-14,True,3,1.5380020470891613
1965,0.72,0.34,screened_best,True,True,True,7.870079353277435,0.26233597844258116,77.09359052203632,4.724974065043832e-15,1.9386073277860843e-14,True,3,1.5380020470891613
1965,0.72,0.34,bounded_attempt,True,True,True,7.8700793532779345,0.2623359784425978,77.09359052205959,2.474804915292996e-13,2.9257302592955234e-12,True,3,1.5380020470891613
1965,0.72,0.34,selected,True,True,True,7.870079353277435,0.26233597844258116,77.09359052203632,4.724974065043832e-15,1.9386073277860843e-14,True,3,1.5380020470891613
1966,0.74,0.34,baseline,True,True,False,27.597821572918555,0.9199273857639518,1290.695784519548,1.641047087976591e-14,4.280327614392745e-14,True,5,0.46788105518786605
1966,0.74,0.34,local,True,True,False,27.597821572918356,0.9199273857639452,1290.6957845195288,1.54305025164011e-14,4.349740217374536e-14,True,5,0.4678810551878554
1966,0.74,0.34,multistart,True,True,True,3.743167211511087,0.1247722403837029,43.226563660093966,7.200632999314395e-15,1.5109993574777437e-14,True,2,0.6201860260709529
1966,0.74,0.34,graph,True,True,True,3.743167211453485,0.12477224038178283,43.22656366012474,1.862026806145243e-14,2.2542624176062292e-14,True,2,1.17872849377183
1966,0.74,0.34,best,True,True,True,3.743167211453485,0.12477224038178283,43.22656366012474,1.862026806145243e-14,2.2542624176062292e-14,True,2,1.17872849377183
1966,0.74,0.34,screened_graph,True,True,True,3.743167211453485,0.12477224038178283,43.22656366012474,1.862026806145243e-14,2.2542624176062292e-14,True,2,1.17872849377183
1966,0.74,0.34,screened_best,True,True,True,3.743167211453485,0.12477224038178283,43.22656366012474,1.862026806145243e-14,2.2542624176062292e-14,True,2,1.17872849377183
1966,0.74,0.34,bounded_attempt,True,True,True,3.7431672116672345,0.12477224038890782,43.226563660552095,7.511616708910328e-14,4.018453796984437e-13,True,2,1.1787284937707607
1966,0.74,0.34,selected,True,True,True,3.743167211453485,0.12477224038178283,43.22656366012474,1.862026806145243e-14,2.2542624176062292e-14,True,2,1.17872849377183
1995,0.6,0.36,baseline,True,True,False,11.418779846667944,0.38062599488893145,120.72605244374009,2.947845977841313e-15,1.6047334404096494e-14,True,5,1.0391141240221742
1995,0.6,0.36,local,True,True,False,11.418779846667997,0.38062599488893323,120.7260524437393,2.648295014812466e-15,1.553709364677484e-14,True,5,1.039114124022174
1995,0.6,0.36,multistart,True,False,False,1.7709692181221648,0.059032307270738826,25.772784992259368,3.53055394988784e-15,1.8266321566953333e-14,True,4,0.9199305040042818
1995,0.6,0.36,graph,True,False,False,1.7709692181221648,0.059032307270738826,25.772784992259368,3.53055394988784e-15,1.8266321566953333e-14,True,4,0.9199305040042818
1995,0.6,0.36,best,True,False,False,1.7709692181221648,0.059032307270738826,25.77278499225847,5.551115123125783e-16,7.237789401045502e-16,True,4,1.039114124022175
1995,0.6,0.36,screened_graph,True,True,False,11.418779846667904,0.3806259948889301,120.72605244374931,5.0319564947292484e-15,2.3499667703149578e-14,True,5,1.0391141240221748
1995,0.6,0.36,screened_best,True,True,False,11.41877984666789,0.3806259948889297,120.72605244374171,3.953099488851505e-15,2.3958538675291896e-14,True,5,1.0391141240221724
1995,0.6,0.36,bounded_attempt,False,True,False,9.999999999999991,0.33333333333333304,190.65327770161812,0.0002730732257660761,0.015207777838448564,True,5,1.0391141240221744
1995,0.6,0.36,selected,True,True,False,11.41877984666789,0.3806259948889297,120.72605244374171,3.953099488851505e-15,2.3958538675291896e-14,True,5,1.0391141240221724
1996,0.62,0.36,baseline,True,True,False,14.242951490235978,0.4747650496745326,168.90524251777086,5.597825521321478e-15,3.6277323720230833e-14,True,5,1.0565702642529402
1996,0.62,0.36,local,True,True,False,14.242951490237377,0.4747650496745792,168.9052425178568,1.778090716669452e-15,1.4079489941262623e-14,True,5,1.0565702642529393
1996,0.62,0.36,multistart,True,False,False,1.714204778022257,0.05714015926740856,25.00103203176236,3.7337181614916474e-15,1.6723820094894635e-14,True,4,0.8825002625583203
1996,0.62,0.36,graph,True,False,False,1.714204778022257,0.05714015926740856,25.00103203176316,4.75098925995612e-16,4.887311787120603e-15,True,4,0.0912900268312331
1996,0.62,0.36,best,True,False,False,1.714204778022257,0.05714015926740856,25.00103203176236,3.7337181614916474e-15,1.6723820094894635e-14,True,4,0.8825002625583203
1996,0.62,0.36,screened_graph,True,True,False,14.242951490235978,0.4747650496745326,168.90524251777086,5.597825521321478e-15,3.6277323720230833e-14,True,5,1.0565702642529402
1996,0.62,0.36,screened_best,True,True,False,14.242951490231022,0.4747650496743674,168.90524251765575,3.2976614195499345e-15,2.0525084588377867e-14,True,5,1.0565702642529402
1996,0.62,0.36,bounded_attempt,False,True,False,9.999999999999991,0.33333333333333304,258.55663585673403,0.000723504390589442,0.04213248645673426,True,5,1.0565702642530521
1996,0.62,0.36,selected,True,True,False,14.242951490231022,0.4747650496743674,168.90524251765575,3.2976614195499345e-15,2.0525084588377867e-14,True,5,1.0565702642529402
1997,0.64,0.36,baseline,True,True,False,19.060449975855157,0.6353483325285052,246.13781219951542,1.7284950456185633e-15,1.2803852401895297e-14,True,5,0.9937776268406893
1997,0.64,0.36,local,True,True,False,19.060449975855196,0.6353483325285065,246.13781219951701,1.903281805828541e-15,1.1025437336035711e-14,True,5,0.9937776268406893
1997,0.64,0.36,multistart,True,False,False,1.6503649651120667,0.055012165503735555,24.20660041605328,4.651212580855382e-15,2.7096976846690043e-14,True,4,1.1993086467278642
1997,0.64,0.36,graph,True,False,False,1.6503649651120667,0.055012165503735555,24.20660041605328,4.651212580855382e-15,2.7096976846690043e-14,True,4,1.1993086467278642
1997,0.64,0.36,best,True,False,False,1.6503649651120667,0.055012165503735555,24.20660041605328,4.651212580855382e-15,2.7096976846690043e-14,True,4,1.1993086467278642
1997,0.64,0.36,screened_graph,True,True,False,19.060449975854922,0.6353483325284974,246.1378121995092,3.2746874553685468e-15,1.9845217932810408e-14,True,5,1.1993086467278635
1997,0.64,0.36,screened_best,True,True,False,19.060449975854922,0.6353483325284974,246.1378121995092,3.2746874553685468e-15,1.9845217932810408e-14,True,5,1.1993086467278635
1997,0.64,0.36,bounded_attempt,False,True,False,9.999999999999991,0.33333333333333304,318.0052376553328,0.0015267092530974402,0.07819423800621716,True,5,1.1993086467278633
1997,0.64,0.36,selected,True,True,False,19.060449975854922,0.6353483325284974,246.1378121995092,3.2746874553685468e-15,1.9845217932810408e-14,True,5,1.1993086467278635
1998,0.66,0.36,baseline,True,True,False,26.090765242592564,0.8696921747530855,375.33969107726637,3.0421174482208188e-15,3.3151313166659696e-14,True,5,0.798643883562117
1998,0.66,0.36,local,True,True,False,26.09076524257831,0.8696921747526103,375.33969107640866,2.711536493520364e-15,3.612537736735431e-14,True,5,0.7986438835621179
1998,0.66,0.36,multistart,True,False,False,1.6266491217072998,0.05422163739024333,23.822764903636617,2.260503777578842e-15,1.4154826538904342e-14,True,3,0.8035003687277849
1998,0.66,0.36,graph,True,False,False,1.6266491217072998,0.05422163739024333,23.822764903636617,2.260503777578842e-15,1.4154826538904342e-14,True,3,0.8035003687277849
1998,0.66,0.36,best,True,False,False,1.6266491217072998,0.05422163739024333,23.822764903636617,2.260503777578842e-15,1.4154826538904342e-14,True,3,0.8035003687277849
1998,0.66,0.36,screened_graph,True,True,False,26.09076524257815,0.869692174752605,375.33969107640087,1.0923855516905794e-15,5.576281400824922e-15,True,5,1.2869148354285338
1998,0.66,0.36,screened_best,True,True,False,26.09076524257815,0.869692174752605,375.33969107640087,1.0923855516905794e-15,5.576281400824922e-15,True,5,1.2869148354285338
1998,0.66,0.36,bounded_attempt,False,True,False,10.0,0.3333333333333333,388.48693888032693,0.002419507293921543,0.12100918135869103,True,5,1.2869148354285338
1998,0.66,0.36,selected,True,True,False,26.09076524257815,0.869692174752605,375.33969107640087,1.0923855516905794e-15,5.576281400824922e-15,True,5,1.2869148354285338
1999,0.68,0.36,baseline,True,True,False,29.30629644550714,0.9768765481835713,632.4800061906819,5.9257341416946675e-15,2.1749781416298867e-14,True,5,0.6021303257690054
1999,0.68,0.36,local,True,True,False,29.306296445507325,0.9768765481835775,632.4800061906949,3.310717822390884e-15,1.0901408149403629e-14,True,5,0.6021303257690063
1999,0.68,0.36,multistart,True,False,False,1.7650900486814503,0.05883633495604834,24.556698287387313,4.153170015172329e-15,3.450063335754243e-14,True,2,0.7563230818979259
1999,0.68,0.36,graph,True,False,False,1.7650900486814503,0.05883633495604834,24.556698287387313,4.153170015172329e-15,3.450063335754243e-14,True,2,0.7563230818979259
1999,0.68,0.36,best,True,False,False,1.7650900486814503,0.05883633495604834,23.51133636055156,3.554447978966673e-16,9.76461263950045e-16,True,2,1.3807444741795774
1999,0.68,0.36,screened_graph,True,True,False,29.30629644550714,0.9768765481835713,632.4800061906819,5.9257341416946675e-15,2.1749781416298867e-14,True,5,0.6021303257690054
1999,0.68,0.36,screened_best,True,True,False,29.30629644550714,0.9768765481835713,632.4800061906819,5.9257341416946675e-15,2.1749781416298867e-14,True,5,0.6021303257690054
1999,0.68,0.36,bounded_attempt,False,True,False,9.999999999999991,0.33333333333333304,390.1849686021619,0.0031147155355879534,0.14626168504575068,True,5,0.6021303257690089
1999,0.68,0.36,selected,True,True,False,29.30629644550714,0.9768765481835713,632.4800061906819,5.9257341416946675e-15,2.1749781416298867e-14,True,5,0.6021303257690054
2000,0.7000000000000001,0.36,baseline,True,True,False,49.31784208140659,1.6439280693802196,1177.38505031363,2.532306526238824e-15,1.1200605724969142e-14,True,5,0.4301596158531966
2000,0.7000000000000001,0.36,local,True,True,False,49.31784208140665,1.6439280693802216,1177.3850503136339,2.7274001938111796e-15,1.1013477427615514e-14,True,5,0.43015961585319573
2000,0.7000000000000001,0.36,multistart,True,False,False,1.9736553910147248,0.06578851303382416,25.589833343968305,1.3665217429949162e-15,4.2351190916344885e-15,True,2,0.7092313996893447
2000,0.7000000000000001,0.36,graph,True,False,False,1.973655391014708,0.0657885130338236,25.5898333439727,4.552252871008668e-16,5.780977370651047e-16,True,2,1.4822199808916408
2000,0.7000000000000001,0.36,best,True,False,False,1.973655391014708,0.0657885130338236,25.5898333439727,4.552252871008668e-16,5.780977370651047e-16,True,2,1.4822199808916408
2000,0.7000000000000001,0.36,screened_graph,True,True,False,30.528475692941107,1.0176158564313702,1265.9635420781187,2.631954563432281e-15,1.6805636546948388e-14,True,3,1.4822199808916308
2000,0.7000000000000001,0.36,screened_best,True,True,False,30.528475692941072,1.017615856431369,1265.9635420781224,2.4405974948771956e-15,1.6441032626464527e-14,True,3,0.7193525145537851
2000,0.7000000000000001,0.36,bounded_attempt,False,True,False,10.0,0.3333333333333333,582.4025538363109,0.0005222308917599752,0.03219231775548811,True,3,0.719352514553786
2000,0.7000000000000001,0.36,selected,True,True,False,30.528475692941072,1.017615856431369,1265.9635420781224,2.4405974948771956e-15,1.6441032626464527e-14,True,3,0.7193525145537851
2001,0.72,0.36,baseline,True,True,False,46.150484749073236,1.5383494916357745,2292.576608890625,7.070266421043647e-15,1.632207660811604e-14,True,3,0.6132985598889382
2001,0.72,0.36,local,True,True,False,48.806549673833146,1.6268849891277715,1361.1986758953537,1.760018671080631e-15,6.917601331333205e-15,True,5,1.5931035310743762
2001,0.72,0.36,multistart,True,True,True,2.30649147263743,0.07688304908791432,33.81759400454507,2.2549897796059244e-14,4.714787089808197e-14,True,2,0.6541724335072043
2001,0.72,0.36,graph,True,True,True,2.30649147263743,0.07688304908791432,33.81759400454507,2.2549897796059244e-14,4.714787089808197e-14,True,2,0.6541724335072043
2001,0.72,0.36,best,True,True,True,2.30649147263743,0.07688304908791432,33.81759400454507,2.2549897796059244e-14,4.714787089808197e-14,True,2,0.6541724335072043
2001,0.72,0.36,screened_graph,True,True,True,2.30649147263743,0.07688304908791432,33.81759400454507,2.2549897796059244e-14,4.714787089808197e-14,True,2,0.6541724335072043
2001,0.72,0.36,screened_best,True,True,True,2.30649147263743,0.07688304908791432,33.81759400454507,2.2549897796059244e-14,4.714787089808197e-14,True,2,0.6541724335072043
2001,0.72,0.36,bounded_attempt,True,True,True,2.3064914726060284,0.0768830490868676,33.81759400454008,5.576933851875259e-13,3.705770274703919e-12,True,2,0.6541724335072043
2001,0.72,0.36,selected,True,True,True,2.3064914726060284,0.0768830490868676,33.81759400454008,5.576933851875259e-13,3.705770274703919e-12,True,2,0.6541724335072043
2031,0.6,0.38,baseline,True,True,False,11.729339926787073,0.3909779975595691,120.69293947027971,2.623195589028991e-15,1.64288992276543e-14,True,5,1.0896862980607942
2031,0.6,0.38,local,True,True,False,11.729339926787086,0.3909779975595695,120.6929394702805,2.530214166456589e-15,1.6118612931477322e-14,True,5,1.0896862980607942
2031,0.6,0.38,multistart,True,False,False,1.7419839785270064,0.05806613261756688,25.70533731966993,4.745655591241427e-15,2.4463368392891928e-14,True,4,0.9042322923582011
2031,0.6,0.38,graph,True,False,False,1.7419839785270064,0.05806613261756688,25.70533731966993,4.745655591241427e-15,2.4463368392891928e-14,True,4,0.9042322923582011
2031,0.6,0.38,best,True,False,False,1.7419839785270064,0.05806613261756688,25.70533731966993,4.745655591241427e-15,2.4463368392891928e-14,True,4,0.9042322923582011
2031,0.6,0.38,screened_graph,True,True,False,11.729339926787073,0.3909779975595691,120.69293947027971,2.623195589028991e-15,1.64288992276543e-14,True,5,1.0896862980607942
2031,0.6,0.38,screened_best,True,True,False,11.72933992678702,0.3909779975595673,120.69293947030728,9.630824789273724e-16,8.853200147229056e-15,True,5,1.0896862980607929
2031,0.6,0.38,bounded_attempt,False,True,False,9.999999999999991,0.33333333333333304,149.95457100949486,0.00022854407619618276,0.011987318233212712,True,5,1.0896862980607942
2031,0.6,0.38,selected,True,True,False,11.72933992678702,0.3909779975595673,120.69293947030728,9.630824789273724e-16,8.853200147229056e-15,True,5,1.0896862980607929
2032,0.62,0.38,baseline,True,True,False,14.363192318819108,0.47877307729397023,155.65508445857228,2.6424707389809187e-15,2.2789203109659348e-14,True,5,1.0421644536251868
2032,0.62,0.38,local,True,True,False,14.36319231881928,0.478773077293976,155.65508445856548,2.235142562732966e-15,2.253174485810949e-14,True,5,1.042164453625186
2032,0.62,0.38,multistart,True,False,False,1.6845855837132473,0.056152852790441576,24.977846137117034,6.5957900457620994e-15,2.864118965633098e-14,True,4,1.1677366146002843
2032,0.62,0.38,graph,True,False,False,1.684585583713244,0.056152852790441465,24.977846137118732,1.0190492755571723e-15,2.1781064173615238e-14,True,4,0.13738789947216112
2032,0.62,0.38,best,True,False,False,1.684585583713244,0.056152852790441465,24.977846137118732,1.0190492755571723e-15,2.1781064173615238e-14,True,4,0.13738789947216112
2032,0.62,0.38,screened_graph,True,True,False,14.363192318819006,0.4787730772939669,155.65508445857228,4.999471853931928e-15,2.481615095473107e-14,True,5,1.1677366146002837
2032,0.62,0.38,screened_best,True,True,False,14.363192318816576,0.47877307729388585,155.6550844585743,1.875094052700647e-15,1.563644717779314e-14,True,5,1.0421644536251868
2032,0.62,0.38,bounded_attempt,False,True,False,9.999999999999991,0.33333333333333304,220.2752755307932,0.0007163438636787177,0.039013899279513264,True,5,1.042164453625463
2032,0.62,0.38,selected,True,True,False,14.363192318816576,0.47877307729388585,155.6550844585743,1.875094052700647e-15,1.563644717779314e-14,True,5,1.0421644536251868
2033,0.64,0.38,baseline,True,True,False,17.903375528701144,0.5967791842900381,216.21059096497973,2.1729265637981758e-15,2.7120731640381206e-14,True,5,0.9751514520264752
2033,0.64,0.38,local,True,True,False,17.90337552870113,0.5967791842900376,216.21059096498172,2.2623773823576646e-15,2.739807863100747e-14,True,5,0.9751514520264752
2033,0.64,0.38,multistart,True,False,False,1.6185501191695995,0.05395167063898665,24.216855616087052,5.81678002472067e-15,3.133664736951686e-14,True,4,1.2506834106403875
2033,0.64,0.38,graph,True,False,False,1.6185501191695995,0.05395167063898665,24.21685561608955,3.643917041945845e-15,2.119970094457679e-14,True,4,0.8253085251534982
2033,0.64,0.38,best,True,False,False,1.6185501191695995,0.05395167063898665,24.216855616087052,5.81678002472067e-15,3.133664736951686e-14,True,4,1.2506834106403875
2033,0.64,0.38,screened_graph,True,True,False,17.90337552870093,0.596779184290031,216.21059096497976,7.040129397448362e-15,3.856008101329302e-14,True,5,1.2506834106403875
2033,0.64,0.38,screened_best,True,True,False,17.903375528698746,0.5967791842899581,216.21059096498055,7.337820428521185e-15,2.5407506508338102e-14,True,5,0.5235160949880493
2033,0.64,0.38,bounded_attempt,False,True,False,9.999999999999991,0.33333333333333304,314.1149324034495,0.001334528567355086,0.06510320972275302,True,5,0.5291422377182977
2033,0.64,0.38,selected,True,True,False,17.903375528698746,0.5967791842899581,216.21059096498055,7.337820428521185e-15,2.5407506508338102e-14,True,5,0.5235160949880493
2034,0.66,0.38,baseline,True,True,False,21.15780949856876,0.7052603166189586,332.10164138130585,9.557756490002001e-15,5.183877260255429e-14,True,5,0.7925850214067323
2034,0.66,0.38,local,True,True,False,21.157809498583095,0.7052603166194364,332.10164138173997,4.501732759706499e-15,1.874549219488469e-14,True,5,0.7925850214067305
2034,0.66,0.38,multistart,True,False,False,1.7059081973376333,0.05686360657792111,23.81791742712952,3.387999773988765e-16,7.653256311169417e-16,True,2,1.339321988601179
2034,0.66,0.38,graph,True,False,False,1.7059081973376333,0.05686360657792111,23.81791742712952,3.387999773988765e-16,7.653256311169417e-16,True,2,1.339321988601179
2034,0.66,0.38,best,True,False,False,1.7059081973376333,0.05686360657792111,23.81791742712952,3.387999773988765e-16,7.653256311169417e-16,True,2,1.339321988601179
2034,0.66,0.38,screened_graph,True,True,False,21.15780949856876,0.7052603166189586,332.10164138130585,9.557756490002001e-15,5.183877260255429e-14,True,5,0.7925850214067323
2034,0.66,0.38,screened_best,True,True,False,21.15780949856876,0.7052603166189586,332.10164138130585,9.557756490002001e-15,5.183877260255429e-14,True,5,0.7925850214067323
2034,0.66,0.38,bounded_attempt,False,True,False,9.999999999999991,0.33333333333333304,334.23751737315655,0.0020507307387485673,0.0993404103269699,True,5,0.7925850214067349
2034,0.66,0.38,selected,True,True,False,21.15780949856876,0.7052603166189586,332.10164138130585,9.557756490002001e-15,5.183877260255429e-14,True,5,0.7925850214067323
2035,0.68,0.38,baseline,True,True,False,27.972240249084756,0.9324080083028252,525.3803348815907,3.656158442683102e-15,1.9629395564285735e-14,True,5,0.6178361054310715
2035,0.68,0.38,local,True,True,False,27.972240249084557,0.9324080083028186,525.380334881583,3.8909317787439015e-15,1.9674347929228833e-14,True,5,0.6178361054310741
2035,0.68,0.38,multistart,True,False,False,1.876828210673982,0.0625609403557994,23.985765635457092,6.304854800243424e-16,1.6619630953507803e-15,True,2,1.434784897390178
2035,0.68,0.38,graph,True,False,False,1.876828210673982,0.0625609403557994,23.985765635457092,6.304854800243424e-16,1.6619630953507803e-15,True,2,1.434784897390178
2035,0.68,0.38,best,True,False,False,1.876828210673982,0.0625609403557994,23.985765635457092,6.304854800243424e-16,1.6619630953507803e-15,True,2,1.434784897390178
2035,0.68,0.38,screened_graph,True,True,False,27.972240249084756,0.9324080083028252,525.3803348815907,3.656158442683102e-15,1.9629395564285735e-14,True,5,0.6178361054310715
2035,0.68,0.38,screened_best,True,True,False,27.972240249084557,0.9324080083028186,525.380334881583,3.8909317787439015e-15,1.9674347929228833e-14,True,5,0.6178361054310741
2035,0.68,0.38,bounded_attempt,False,True,False,9.999999999999991,0.33333333333333304,321.06604427259225,0.0027542751193649654,0.1241458170673703,True,5,0.6178361054310741
2035,0.68,0.38,selected,True,True,False,27.972240249084557,0.9324080083028186,525.380334881583,3.8909317787439015e-15,1.9674347929228833e-14,True,5,0.6178361054310741
2036,0.7000000000000001,0.38,baseline,True,True,False,37.02984476077499,1.2343281586924997,780.0038438260189,7.908342344768172e-15,1.7573263202124696e-14,True,5,0.4584916019695493
2036,0.7000000000000001,0.38,local,True,True,False,37.02984476077507,1.2343281586925023,780.0038438260164,4.732793638560772e-15,1.7778380505680653e-14,True,5,0.4584916019695484
2036,0.7000000000000001,0.38,multistart,True,True,True,2.1321260874007653,0.07107086958002551,29.629030936500023,4.468302871054467e-15,1.1640502778930629e-14,True,2,1.3532535625512256
2036,0.7000000000000001,0.38,graph,True,True,True,2.1321260874007253,0.07107086958002418,29.629030936498722,2.159947382989604e-15,2.722143603603e-15,True,2,1.538744269578521
2036,0.7000000000000001,0.38,best,True,True,True,2.1321260874007253,0.07107086958002418,29.629030936498722,2.159947382989604e-15,2.722143603603e-15,True,2,1.538744269578521
2036,0.7000000000000001,0.38,screened_graph,True,True,True,2.1321260874007253,0.07107086958002418,29.629030936498722,2.159947382989604e-15,2.722143603603e-15,True,2,1.538744269578521
2036,0.7000000000000001,0.38,screened_best,True,True,True,2.1321260874007253,0.07107086958002418,29.629030936498722,2.159947382989604e-15,2.722143603603e-15,True,2,1.538744269578521
2036,0.7000000000000001,0.38,bounded_attempt,True,True,True,2.132126087387456,0.07107086957958186,29.629030936486934,2.50974239409357e-13,2.0331786307771e-12,True,2,1.5387442695785196
2036,0.7000000000000001,0.38,selected,True,True,True,2.132126087387456,0.07107086957958186,29.629030936486934,2.50974239409357e-13,2.0331786307771e-12,True,2,1.5387442695785196
2067,0.6,0.4,baseline,True,True,False,11.623727147618045,0.3874575715872681,124.20195172472974,4.335559509131367e-16,1.1552373535521743e-15,True,5,1.081226292808739
2067,0.6,0.4,local,True,True,False,11.623727147617977,0.3874575715872659,124.20195172472974,4.335559509131367e-16,1.1552373535521743e-15,True,5,1.081226292808739
2067,0.6,0.4,multistart,True,False,False,1.7070344053104758,0.056901146843682526,25.575873072828315,3.1626744630406633e-15,7.768537983584995e-15,True,4,1.1444517586305651
2067,0.6,0.4,graph,True,False,False,1.7070344053104691,0.056901146843682304,25.575873072829115,6.591583993652515e-16,8.079268570863601e-16,True,4,1.1444517586305647
2067,0.6,0.4,best,True,False,False,1.7070344053104691,0.056901146843682304,25.575873072829115,6.591583993652515e-16,8.079268570863601e-16,True,4,1.1444517586305647
2067,0.6,0.4,screened_graph,True,True,False,11.623727147617965,0.38745757158726546,124.20195172477611,1.6912690955031143e-15,4.760794272574205e-15,True,5,1.1444517586305643
2067,0.6,0.4,screened_best,True,True,False,11.623727147617965,0.38745757158726546,124.20195172473217,5.421652255836384e-15,4.821599631596183e-14,True,5,1.08122629280874
2067,0.6,0.4,bounded_attempt,False,True,False,9.999999999999991,0.33333333333333304,130.51421261147775,0.00018473205527193238,0.009173164259227559,True,5,1.081226292809018
2067,0.6,0.4,selected,True,True,False,11.623727147617965,0.38745757158726546,124.20195172473217,5.421652255836384e-15,4.821599631596183e-14,True,5,1.08122629280874
2068,0.62,0.4,baseline,True,True,False,13.696035731982104,0.45653452439940345,158.63945251538607,8.125323285481904e-16,6.549007396846243e-15,True,5,1.0210852901143337
2068,0.62,0.4,local,True,True,False,13.696035731982024,0.4565345243994008,158.6394525153853,8.125323285481904e-16,6.526087402870949e-15,True,5,1.0210852901143346
2068,0.62,0.4,multistart,True,False,False,1.6480106173592168,0.05493368724530723,24.887782191383735,1.2160141827715793e-14,2.9835844881065006e-14,True,4,1.2229737020959244
2068,0.62,0.4,graph,True,False,False,1.6480106173592102,0.054933687245307006,24.887782191384034,4.871083751574258e-16,9.031230987235317e-16,True,4,0.8485963566103996
2068,0.62,0.4,best,True,False,False,1.6480106173592102,0.054933687245307006,24.887782191384034,4.871083751574258e-16,9.031230987235317e-16,True,4,0.8485963566103996
2068,0.62,0.4,screened_graph,True,True,False,13.696035731982017,0.45653452439940057,158.6394525153833,1.1411052692018427e-15,4.735998422601886e-15,True,5,1.2229737020959237
2068,0.62,0.4,screened_best,True,True,False,13.696035731981837,0.45653452439939457,158.6394525153929,1.685565737062797e-15,1.518702682711828e-14,True,5,1.0210852901143337
2068,0.62,0.4,bounded_attempt,False,True,False,9.999999999999991,0.33333333333333304,206.74476655884072,0.0006076352047160909,0.03127242637292139,True,5,1.0210852901153338
2068,0.62,0.4,selected,True,True,False,13.696035731981837,0.45653452439939457,158.6394525153929,1.685565737062797e-15,1.518702682711828e-14,True,5,1.0210852901143337
2069,0.64,0.4,baseline,True,True,False,15.870200509512804,0.5290066836504268,212.32170646838665,3.1985215122904828e-15,5.917628109767765e-14,True,5,0.9395720030586618
2069,0.64,0.4,local,True,True,False,15.870200509514643,0.5290066836504881,212.32170646834632,3.4855356377735003e-15,5.902094466390909e-14,True,5,0.939572003058661
2069,0.64,0.4,multistart,True,False,False,1.6632137417800186,0.05544045805933395,24.50705339805266,5.88418203051333e-15,3.422604775757504e-14,True,2,0.811675803775632
2069,0.64,0.4,graph,True,False,False,1.6632137417800186,0.05544045805933395,24.50705339805266,5.88418203051333e-15,3.422604775757504e-14,True,2,0.811675803775632
2069,0.64,0.4,best,True,False,False,1.6632137417800186,0.05544045805933395,24.50705339805266,5.88418203051333e-15,3.422604775757504e-14,True,2,0.811675803775632
2069,0.64,0.4,screened_graph,True,True,False,15.870200509512804,0.5290066836504268,212.32170646838665,3.1985215122904828e-15,5.917628109767765e-14,True,5,0.9395720030586618
2069,0.64,0.4,screened_best,True,True,False,15.870200509512804,0.5290066836504268,212.32170646838665,3.1985215122904828e-15,5.917628109767765e-14,True,5,0.9395720030586618
2069,0.64,0.4,bounded_attempt,False,True,False,9.999999999999991,0.33333333333333304,318.94954043593674,0.00110945245393664,0.05400968606487751,True,5,0.9395720030586627
2069,0.64,0.4,selected,True,True,False,15.870200509512804,0.5290066836504268,212.32170646838665,3.1985215122904828e-15,5.917628109767765e-14,True,5,0.9395720030586618
2070,0.66,0.4,baseline,True,True,False,19.260528505322636,0.6420176168440879,289.1611954413246,7.930569880903095e-15,4.5033214760888636e-14,True,5,0.7735656278268799
2070,0.66,0.4,local,True,True,False,19.26052850532265,0.6420176168440883,289.1611954413114,3.337139090662053e-15,4.503889130506397e-14,True,5,0.7735656278268817
2070,0.66,0.4,multistart,True,False,False,1.8089422034648728,0.06029807344882909,23.343458153084118,1.336885555457667e-15,5.5888001126439584e-15,True,2,1.3968936468901496
2070,0.66,0.4,graph,True,False,False,1.8089422034648728,0.06029807344882909,23.343458153084118,1.336885555457667e-15,5.5888001126439584e-15,True,2,1.3968936468901496
2070,0.66,0.4,best,True,False,False,1.8089422034648728,0.06029807344882909,23.343458153084118,1.336885555457667e-15,5.5888001126439584e-15,True,2,1.3968936468901496
2070,0.66,0.4,screened_graph,True,True,False,19.260528505322466,0.6420176168440822,289.161195441313,7.333567243233316e-15,4.885542609457303e-14,True,5,1.3968936468901496
2070,0.66,0.4,screened_best,True,True,False,19.260528505322466,0.6420176168440822,289.161195441313,7.333567243233316e-15,4.885542609457303e-14,True,5,1.3968936468901496
2070,0.66,0.4,bounded_attempt,False,True,False,9.999999999999998,0.33333333333333326,327.2396410135868,0.0019001583303896704,0.0868127645831097,True,5,1.3968936468901498
2070,0.66,0.4,selected,True,True,False,19.260528505322466,0.6420176168440822,289.161195441313,7.333567243233316e-15,4.885542609457303e-14,True,5,1.3968936468901496
2071,0.68,0.4,baseline,True,True,False,25.200693180733957,0.8400231060244652,335.0673805708713,5.382292063005783e-15,4.1175200687910836e-14,True,5,0.6145287104478765
2071,0.68,0.4,local,True,True,False,25.200693180733744,0.8400231060244581,335.06738057085846,5.382292063005783e-15,4.1173228010020524e-14,True,5,0.6145287104478747
2071,0.68,0.4,multistart,True,False,False,2.0167914368083206,0.06722638122694402,27.31485847351196,1.2863983201076304e-14,2.2204640241696105e-14,True,2,1.4945508846037199
2071,0.68,0.4,graph,True,False,False,2.016791436808271,0.06722638122694236,27.31485847351086,5.926969055564841e-16,8.926019277556702e-16,True,2,1.3782203971560625
2071,0.68,0.4,best,True,False,False,2.016791436808271,0.06722638122694236,27.31485847351086,5.926969055564841e-16,8.926019277556702e-16,True,2,1.3782203971560625
2071,0.68,0.4,screened_graph,True,True,False,25.200693180733754,0.8400231060244585,335.067380570861,4.942051515589571e-15,1.8919351997862187e-14,True,5,1.4945508846037194
2071,0.68,0.4,screened_best,True,True,False,25.200693180733637,0.8400231060244545,335.0673805708576,9.392381802113267e-15,5.535769962812181e-14,True,5,1.4945508846037199
2071,0.68,0.4,bounded_attempt,False,True,False,9.999999999999995,0.33333333333333315,247.85359340126593,0.002373991082285072,0.10203653766840992,True,5,1.4945508846037203
2071,0.68,0.4,selected,True,True,False,25.200693180733637,0.8400231060244545,335.0673805708576,9.392381802113267e-15,5.535769962812181e-14,True,5,1.4945508846037199
2103,0.6,0.42,baseline,True,True,False,11.166451251656637,0.3722150417218879,120.46086427793021,4.079219866531555e-16,8.497475318350931e-16,True,5,1.0562936135900225
2103,0.6,0.42,local,True,True,False,11.16645125165661,0.372215041721887,120.46086427792864,3.5652682413747997e-16,1.058295422029371e-15,True,5,1.0562936135900225
2103,0.6,0.42,multistart,True,False,False,1.6639085984685797,0.05546361994895266,25.644578361060677,1.4876425381473667e-14,1.6094847799277077e-14,True,4,1.203626415102592
2103,0.6,0.42,graph,True,False,False,1.6639085984685797,0.05546361994895266,25.644578361060677,1.4876425381473667e-14,1.6094847799277077e-14,True,4,1.203626415102592
2103,0.6,0.42,best,True,False,False,1.663908598468573,0.055463619948952436,25.644578361061875,5.558049685633556e-16,5.745471194497211e-16,True,4,1.203626415102593
2103,0.6,0.42,screened_graph,True,True,False,11.166451251656577,0.3722150417218859,120.46086427792984,4.236704743275018e-16,2.2500105777673354e-15,True,5,1.2036264151025922
2103,0.6,0.42,screened_best,True,True,False,11.166451251656571,0.3722150417218857,120.46086427796182,3.667938960712334e-15,1.8674514151637054e-14,True,5,1.2036264151025928
2103,0.6,0.42,bounded_attempt,False,True,False,9.999999999999991,0.33333333333333304,144.75444048398515,0.00015574881705810746,0.008111419741628345,True,5,1.2036264151025926
2103,0.6,0.42,selected,True,True,False,11.166451251656571,0.3722150417218857,120.46086427796182,3.667938960712334e-15,1.8674514151637054e-14,True,5,1.2036264151025928
2104,0.62,0.42,baseline,True,True,False,12.625680496200111,0.4208560165400037,148.5809442558141,3.769065117876672e-15,6.315946544394024e-14,True,5,0.991898787958096
2104,0.62,0.42,local,True,True,False,12.625680496200138,0.4208560165400046,148.58094425581172,3.769065117876672e-15,6.315946544394024e-14,True,5,0.991898787958096
2104,0.62,0.42,multistart,True,False,False,1.641553992210415,0.05471846640701383,24.728426242176482,9.568551029921598e-15,4.929861639387916e-14,True,2,1.2829380712689307
2104,0.62,0.42,graph,True,False,False,1.641553992210415,0.05471846640701383,24.728426242176482,9.568551029921598e-15,4.929861639387916e-14,True,2,1.2829380712689307
2104,0.62,0.42,best,True,False,False,1.641553992210415,0.05471846640701383,24.728426242176482,9.568551029921598e-15,4.929861639387916e-14,True,2,1.2829380712689307
2104,0.62,0.42,screened_graph,True,True,False,12.625680496200085,0.4208560165400028,148.58094425581493,1.3299526536404359e-15,4.596251578106787e-15,True,5,0.60951816543745
2104,0.62,0.42,screened_best,True,True,False,12.625680496200085,0.4208560165400028,148.58094425581493,1.3299526536404359e-15,4.596251578106787e-15,True,5,0.60951816543745
2104,0.62,0.42,bounded_attempt,False,True,False,9.999999999999991,0.33333333333333304,173.05359472386638,0.0005869772743601406,0.028300851978233205,True,5,0.6123440248231207
2104,0.62,0.42,selected,True,True,False,12.625680496200085,0.4208560165400028,148.58094425581493,1.3299526536404359e-15,4.596251578106787e-15,True,5,0.60951816543745
2105,0.64,0.42,baseline,True,True,False,14.828063669801264,0.49426878899337545,183.6588774532122,1.4602703977091186e-15,1.2455915656101908e-14,True,5,0.8986183661607994
2105,0.64,0.42,local,True,True,False,14.82806366980137,0.494268788993379,183.65887745321982,1.5029073952766851e-15,1.223819516253256e-14,True,5,0.8986183661608003
2105,0.64,0.42,multistart,True,False,False,1.7604836872288354,0.058682789574294514,24.009695492662075,1.1457372517703787e-15,3.569785295357125e-15,True,2,0.20741793604620273
2105,0.64,0.42,graph,True,False,False,1.760483687228822,0.05868278957429407,24.009695492660477,5.495323605393213e-16,8.360187902776879e-16,True,2,1.368075903730805
2105,0.64,0.42,best,True,False,False,1.760483687228822,0.05868278957429407,24.009695492660477,5.495323605393213e-16,8.360187902776879e-16,True,2,1.368075903730805
2105,0.64,0.42,screened_graph,True,True,False,14.828063669801198,0.49426878899337323,183.65887745320623,1.0605390551611693e-15,4.391162028706923e-15,True,5,1.3680759037308052
2105,0.64,0.42,screened_best,True,True,False,14.82806366979928,0.4942687889933093,183.6588774531531,6.830578925738829e-15,4.737313636269543e-14,True,5,0.8986183661607994
2105,0.64,0.42,bounded_attempt,False,True,False,9.999999999999991,0.33333333333333304,299.0544026795413,0.0010029128135135167,0.049206146599782966,True,5,0.8986183661607994
2105,0.64,0.42,selected,True,True,False,14.82806366979928,0.4942687889933093,183.6588774531531,6.830578925738829e-15,4.737313636269543e-14,True,5,0.8986183661607994
2106,0.66,0.42,baseline,True,True,False,18.413850793824356,0.6137950264608119,223.8553883884611,2.2562397986482602e-15,1.1242318727886861e-14,True,5,0.7473260027864912
2106,0.66,0.42,local,True,True,False,18.413850793824917,0.6137950264608305,223.8553883884643,2.4487906147411006e-15,1.1645922097708607e-14,True,5,0.7473260027864921
2106,0.66,0.42,multistart,True,False,False,1.937261559142851,0.0645753853047617,25.932619986731375,7.333567243233316e-15,1.9448146662956282e-14,True,2,0.7414394558244153
2106,0.66,0.42,graph,True,False,False,1.9372615591428344,0.06457538530476115,25.93261998672568,4.335559509131367e-16,7.139330284050598e-16,True,2,1.4601365490987863
2106,0.66,0.42,best,True,False,False,1.9372615591428344,0.06457538530476115,25.93261998672568,4.335559509131367e-16,7.139330284050598e-16,True,2,1.4601365490987863
2106,0.66,0.42,screened_graph,True,True,False,18.413850793824302,0.6137950264608101,223.85538838846668,2.5379283098639078e-15,1.164548594854493e-14,True,5,1.4601365490987845
2106,0.66,0.42,screened_best,True,True,False,18.413850793824224,0.6137950264608074,223.85538838846028,1.572340497427855e-14,1.0018781074659195e-13,True,5,1.4601365490987843
2106,0.66,0.42,bounded_attempt,False,True,False,9.999999999999991,0.33333333333333304,299.4217731162302,0.0016700080486393809,0.07207469609130192,True,5,1.4601365490987848
2106,0.66,0.42,selected,True,True,False,18.413850793824224,0.6137950264608074,223.85538838846028,1.572340497427855e-14,1.0018781074659195e-13,True,5,1.4601365490987843
2107,0.68,0.42,baseline,True,True,False,21.00471904293974,0.7001573014313247,322.75025451269414,2.758295425132583e-15,1.523224649941989e-14,True,5,1.5607465517489516
2107,0.68,0.42,local,True,True,False,21.004719042940415,0.7001573014313471,322.7502545126716,6.510738673604022e-16,3.836689131465495e-15,True,5,1.5607465517489512
2107,0.68,0.42,multistart,True,True,True,2.8362189772266433,0.09454063257422145,32.623183585958024,4.3174866236892016e-15,1.1657181192279461e-14,True,2,1.20673194225812
2107,0.68,0.42,graph,True,True,True,2.836218977226126,0.0945406325742042,32.62318358595833,2.4212090815959604e-14,3.6977579377144186e-14,True,2,0.6903323701143362
2107,0.68,0.42,best,True,True,True,2.836218977226126,0.0945406325742042,32.62318358595833,2.4212090815959604e-14,3.6977579377144186e-14,True,2,0.6903323701143362
2107,0.68,0.42,screened_graph,True,True,True,2.836218977226126,0.0945406325742042,32.62318358595833,2.4212090815959604e-14,3.6977579377144186e-14,True,2,0.6903323701143362
2107,0.68,0.42,screened_best,True,True,True,2.836218977226126,0.0945406325742042,32.62318358595833,2.4212090815959604e-14,3.6977579377144186e-14,True,2,0.6903323701143362
2107,0.68,0.42,bounded_attempt,True,True,True,2.836218977228052,0.0945406325742684,32.62318358593724,5.982570586841575e-14,6.365717089430129e-13,True,2,0.6903323701143371
2107,0.68,0.42,selected,True,True,True,2.836218977226126,0.0945406325742042,32.62318358595833,2.4212090815959604e-14,3.6977579377144186e-14,True,2,0.6903323701143362
2139,0.6,0.44,baseline,True,True,False,10.5053399221294,0.3501779974043133,118.03312414154612,2.1050824708406534e-15,3.2039232622019595e-14,True,5,1.0229218370061064
2139,0.6,0.44,local,True,True,False,10.5053399221294,0.3501779974043133,118.03312414154492,2.1050824708406534e-15,3.2039232622019595e-14,True,5,1.0229218370061055
2139,0.6,0.44,multistart,True,False,False,1.6924282157077264,0.05641427385692421,25.130304367864177,8.794795509533033e-15,3.977813044450929e-14,True,2,1.266373035220502
2139,0.6,0.44,graph,True,False,False,1.6924282157077264,0.05641427385692421,25.130304367864177,8.794795509533033e-15,3.977813044450929e-14,True,2,1.266373035220502
2139,0.6,0.44,best,True,False,False,1.6924282157077264,0.05641427385692421,25.130304367864177,8.794795509533033e-15,3.977813044450929e-14,True,2,1.266373035220502
2139,0.6,0.44,screened_graph,True,True,False,10.505339922129373,0.35017799740431244,118.03312414158329,3.0892342190950223e-15,1.7640153538465462e-14,True,5,0.2699414680154648
2139,0.6,0.44,screened_best,True,True,False,10.505339922129373,0.35017799740431244,118.03312414158329,3.0892342190950223e-15,1.7640153538465462e-14,True,5,0.2699414680154648
2139,0.6,0.44,bounded_attempt,False,True,False,9.999999999999991,0.33333333333333304,141.8852296494553,0.00011674496099538186,0.005732440986913986,True,5,0.26972831876518377
2139,0.6,0.44,selected,True,True,False,10.505339922129373,0.35017799740431244,118.03312414158329,3.0892342190950223e-15,1.7640153538465462e-14,True,5,0.2699414680154648
2140,0.62,0.44,baseline,True,True,False,12.157353343259519,0.40524511144198394,141.2573543623476,1.2959208739370123e-15,1.497379260730864e-14,True,5,0.9514651440084441
2140,0.62,0.44,local,True,True,False,12.157353343259466,0.40524511144198216,141.25735436235001,1.3472180148700993e-15,1.497379260730864e-14,True,5,0.9514651440084441
2140,0.62,0.44,multistart,True,False,False,1.8015217396288319,0.060050724654294396,24.74465343173895,1.1457372517703787e-15,3.499142824143963e-15,True,2,0.8186710205521335
2140,0.62,0.44,graph,True,False,False,1.8015217396288319,0.060050724654294396,24.74465343173895,1.1457372517703787e-15,3.499142824143963e-15,True,2,0.8186710205521335
2140,0.62,0.44,best,True,False,False,1.8015217396288319,0.060050724654294396,24.74465343173895,1.1457372517703787e-15,3.499142824143963e-15,True,2,0.8186710205521335
2140,0.62,0.44,screened_graph,True,True,False,12.157353343259466,0.40524511144198216,141.25735436235001,2.407546211524885e-15,8.90988364552501e-15,True,5,0.6403103112112012
2140,0.62,0.44,screened_best,True,True,False,12.157353343259418,0.4052451114419806,141.25735436234362,5.55666346546344e-15,3.6536291545765605e-14,True,5,1.3480343172638087
2140,0.62,0.44,bounded_attempt,False,True,False,9.999999999999991,0.33333333333333304,160.31386509637483,0.0004859906814784603,0.022095498320435395,True,5,1.348034317263809
2140,0.62,0.44,selected,True,True,False,12.157353343259418,0.4052451114419806,141.25735436234362,5.55666346546344e-15,3.6536291545765605e-14,True,5,1.3480343172638087
2141,0.64,0.44,baseline,True,True,False,14.459973076647179,0.48199910255490597,176.0413773543564,2.812641079050971e-15,1.123596562055686e-14,True,5,0.8554831638464755
2141,0.64,0.44,local,True,True,False,14.459973076647232,0.48199910255490774,176.04137735435557,2.778886234629813e-15,1.1273419766910135e-14,True,5,0.8554831638464755
2141,0.64,0.44,multistart,True,False,False,1.9675065700323013,0.06558355233441004,25.106373491644018,8.094355809086864e-15,2.269683837821817e-14,True,2,0.7670839778648908
2141,0.64,0.44,graph,True,False,False,1.9675065700323013,0.06558355233441004,25.106373491644018,8.094355809086864e-15,2.269683837821817e-14,True,2,0.7670839778648908
2141,0.64,0.44,best,True,False,False,1.9675065700323013,0.06558355233441004,25.106373491644018,8.094355809086864e-15,2.269683837821817e-14,True,2,0.7670839778648908
2141,0.64,0.44,screened_graph,True,True,False,14.459973076647119,0.48199910255490397,176.04137735435677,3.2368285245694686e-15,1.4330629302154737e-14,True,5,1.4350017791477618
2141,0.64,0.44,screened_best,True,True,False,14.459973076647099,0.4819991025549033,176.0413773543548,5.499685189500132e-15,2.5152376325611988e-14,True,5,0.8554831638465403
2141,0.64,0.44,bounded_attempt,False,True,False,9.999999999999991,0.33333333333333304,299.4001677832075,0.0008712478915368336,0.040007895532672554,True,5,0.8554831638464764
2141,0.64,0.44,selected,True,True,False,14.459973076647099,0.4819991025549033,176.0413773543548,5.499685189500132e-15,2.5152376325611988e-14,True,5,0.8554831638465403
2142,0.66,0.44,baseline,True,True,False,16.65559058066877,0.5551863526889589,228.07793578321437,1.967320211922957e-15,1.0317096915285241e-14,True,5,1.5297700371102323
2142,0.66,0.44,local,True,True,False,16.65559058066876,0.5551863526889587,228.07793578317683,2.0145271352882748e-15,9.062899395419948e-15,True,5,1.529770037110232
2142,0.66,0.44,multistart,True,False,False,2.3351229406318557,0.07783743135439519,30.46935601875814,1.0507455941564563e-14,2.879904344747912e-14,True,2,1.5297700371102319
2142,0.66,0.44,graph,True,False,False,2.3351229406318557,0.07783743135439519,30.46935601875814,1.0507455941564563e-14,2.879904344747912e-14,True,2,1.5297700371102319
2142,0.66,0.44,best,True,False,False,2.3351229406318423,0.07783743135439475,30.46935601876094,7.366831736073818e-14,2.1913326847822385e-13,True,2,0.7180907505961205
2142,0.66,0.44,screened_graph,True,True,False,16.65559058066861,0.5551863526889536,228.07793578311956,4.081202338899478e-15,1.2359369972994396e-14,True,5,0.5980199969803106
2142,0.66,0.44,screened_best,True,True,False,16.655590580668342,0.5551863526889447,228.0779357831168,7.523553112560488e-15,2.705307551167268e-14,True,5,0.5980199969803106
2142,0.66,0.44,bounded_attempt,False,True,False,9.999999999999991,0.33333333333333304,254.16639102275937,0.001367448672224845,0.055562009310603164,True,5,0.5985033551623458
2142,0.66,0.44,selected,True,True,False,16.655590580668342,0.5551863526889447,228.0779357831168,7.523553112560488e-15,2.705307551167268e-14,True,5,0.5980199969803106
2175,0.6,0.46,baseline,True,True,False,10.365525784989797,0.3455175261663266,121.89721881326791,1.389997453310356e-15,9.378212890972923e-15,True,5,0.9772629262008445
2175,0.6,0.46,local,True,True,False,10.365525784989797,0.3455175261663266,121.89721881326751,1.389997453310356e-15,9.378212890972923e-15,True,5,0.9772629262008445
2175,0.6,0.46,multistart,True,False,False,1.863257956605261,0.0621085985535087,24.993101697612996,1.767661942163674e-15,5.048180354206383e-15,True,2,0.8427546403473629
2175,0.6,0.46,graph,True,False,False,1.863257956605261,0.0621085985535087,24.993101697612996,1.767661942163674e-15,5.048180354206383e-15,True,2,0.8427546403473629
2175,0.6,0.46,best,True,False,False,1.863257956605261,0.0621085985535087,24.993101697612996,1.767661942163674e-15,5.048180354206383e-15,True,2,0.8427546403473629
2175,0.6,0.46,screened_graph,True,True,False,10.365525784989744,0.3455175261663248,121.8972188132923,3.872275839221848e-15,2.3956592349494904e-14,True,5,0.28905128918881484
2175,0.6,0.46,screened_best,True,True,False,10.365525784989744,0.3455175261663248,121.8972188132923,3.872275839221848e-15,2.3956592349494904e-14,True,5,0.28905128918881484
2175,0.6,0.46,bounded_attempt,False,True,False,9.999999999999964,0.33333333333333215,132.8629923651144,5.724962047463721e-05,0.0026502580310339935,True,5,0.2890512891888086
2175,0.6,0.46,selected,True,True,False,10.365525784989744,0.3455175261663248,121.8972188132923,3.872275839221848e-15,2.3956592349494904e-14,True,5,0.28905128918881484
2176,0.62,0.46,baseline,True,True,False,11.946683733485033,0.39822279111616776,144.5251521126393,4.429775955663296e-15,1.7229733264615322e-14,True,5,0.8911184778103021
2176,0.62,0.46,local,True,True,False,11.946683733485113,0.3982227911161704,144.5251521126377,4.0614289095942324e-15,1.7020342066920476e-14,True,5,0.8911184778103021
2176,0.62,0.46,multistart,True,False,False,2.0285680800493044,0.06761893600164348,24.659533746446318,1.2023899879876974e-14,3.4503345031906806e-14,True,2,0.7912635880124528
2176,0.62,0.46,graph,True,False,False,2.0285680800493044,0.06761893600164348,24.659533746446318,1.2023899879876974e-14,3.4503345031906806e-14,True,2,0.7912635880124528
2176,0.62,0.46,best,True,False,False,2.0285680800493044,0.06761893600164348,24.659533746446318,1.2023899879876974e-14,3.4503345031906806e-14,True,2,0.7912635880124528
2176,0.62,0.46,screened_graph,True,True,False,11.946683733485013,0.3982227911161671,144.52515211264205,4.052314039881821e-15,1.5602059981429207e-14,True,5,1.4177485393189613
2176,0.62,0.46,screened_best,True,True,False,11.946683733485013,0.3982227911161671,144.52515211264205,4.052314039881821e-15,1.5602059981429207e-14,True,5,1.4177485393189613
2176,0.62,0.46,bounded_attempt,False,True,False,9.999999999999991,0.33333333333333304,163.47981324521223,0.0003195370562518075,0.013706256131138544,True,5,1.4177485393189626
2176,0.62,0.46,selected,True,True,False,11.946683733485013,0.3982227911161671,144.52515211264205,4.052314039881821e-15,1.5602059981429207e-14,True,5,1.4177485393189613
2177,0.64,0.46,baseline,True,True,False,13.590206782450132,0.4530068927483377,175.23207143253438,8.249338096293323e-15,4.0650220465015423e-14,True,5,0.7424178679292153
2177,0.64,0.46,local,True,True,False,13.590206782450105,0.45300689274833683,175.2320714325388,8.473773144389588e-15,4.011922907083049e-14,True,5,0.7424178679292144
2177,0.64,0.46,multistart,True,False,False,2.378815656684339,0.0792938552228113,29.258195479271,5.4565654553252555e-15,1.6981525223373933e-14,True,2,0.7512292223452119
2177,0.64,0.46,graph,True,False,False,2.378815656684339,0.0792938552228113,29.258195479271,5.4565654553252555e-15,1.6981525223373933e-14,True,2,0.7512292223452119
2177,0.64,0.46,best,True,False,False,2.378815656684339,0.0792938552228113,29.258195479271,5.4565654553252555e-15,1.6981525223373933e-14,True,2,0.7512292223452119
2177,0.64,0.46,screened_graph,True,True,False,13.590206782450078,0.45300689274833594,175.23207143255277,8.602258464800051e-15,4.1559648661985675e-14,True,5,0.6476059971015813
2177,0.64,0.46,screened_best,True,True,False,13.590206782450078,0.45300689274833594,175.23207143255277,8.602258464800051e-15,4.1559648661985675e-14,True,5,0.6476059971015813
2177,0.64,0.46,bounded_attempt,False,True,False,9.999999999999964,0.33333333333333215,257.6191976256605,0.0006532776712124996,0.028043658016280285,True,5,0.6485147674608296
2177,0.64,0.46,selected,True,True,False,13.590206782450078,0.45300689274833594,175.23207143255277,8.602258464800051e-15,4.1559648661985675e-14,True,5,0.6476059971015813
2211,0.6,0.48,baseline,True,True,False,10.221461814813457,0.34071539382711524,122.37793417884025,4.207877081940309e-15,1.5742667925946544e-14,True,5,0.9077989353388638
2211,0.6,0.48,local,True,True,False,10.221461814813404,0.34071539382711347,122.37793417892058,4.905616417342659e-15,1.5715811030464614e-14,True,5,0.9077989353388638
2211,0.6,0.48,multistart,True,False,False,2.1136775481147843,0.0704559182704928,24.50488320691496,2.3062528501479064e-14,8.151006790523236e-14,True,2,1.3658496844177135
2211,0.6,0.48,graph,True,False,False,2.1136775481147843,0.0704559182704928,24.50488320691496,2.3062528501479064e-14,8.151006790523236e-14,True,2,1.3658496844177135
2211,0.6,0.48,best,True,False,False,2.1136775481147843,0.0704559182704928,24.50488320691496,2.3062528501479064e-14,8.151006790523236e-14,True,2,1.3658496844177135
2211,0.6,0.48,screened_graph,True,True,False,10.221461814813404,0.34071539382711347,122.37793417884184,4.077330901453869e-15,1.5777975735264498e-14,True,5,0.7216383455893691
2211,0.6,0.48,screened_best,True,True,False,10.221461814813377,0.3407153938271126,122.37793417884144,2.0007207729449758e-14,9.056034624376436e-14,True,5,0.9077989353388229
2211,0.6,0.48,bounded_attempt,False,True,False,9.999999999999964,0.33333333333333215,129.02178865422906,3.752448569980308e-05,0.0016292546974641846,True,5,0.9077989353388691
2211,0.6,0.48,selected,True,True,False,10.221461814813377,0.3407153938271126,122.37793417884144,2.0007207729449758e-14,9.056034624376436e-14,True,5,0.9077989353388229
