episode,physics_step,command_id,reference_frame,time_s,region,interpolation_step,A_ik_position_m,A_ik_rotation_rad,B_command_position_m,B_command_rotation_rad,C_tracking_position_m,C_tracking_rotation_rad,total_position_m,total_rotation_rad,FK_runtime_consistency_position_m,FK_runtime_consistency_rotation_rad
0,1,0,0,0.008333333333333333,startup,1,1.8410966031475738e-16,0.0,0.0052433366734722,0.020515551947584625,0.001044312457156776,0.001158713071174338,0.006236447527538474,0.021430751089451094,2.1757581653075504e-07,7.907449699295572e-07
0,2,0,0,0.016666666666666666,startup,2,1.8410966031475738e-16,0.0,0.0034991678943190893,0.013656150310114147,0.0015115853045913818,0.0012540212173327999,0.004824395237908447,0.014049523590692678,2.583324852060997e-07,4.5491270787935796e-07
0,3,0,0,0.025,startup,3,1.8410966031475738e-16,0.0,0.0017513771768039755,0.006817660005833748,0.0018352028263733957,0.0020872293416731406,0.0031846562089568107,0.005812377997464566,2.33749602201542e-07,2.920019319991088e-07
0,4,0,0,0.03333333333333333,startup,4,1.8410966031475738e-16,0.0,2.2576216586125924e-08,1.5196262340524156e-07,0.002371077195800734,0.004312748668822603,0.002371096866370382,0.004312901001330139,2.8257180488305197e-07,6.251387883246874e-07
0,5,1,1,0.041666666666666664,work,1,1.1102230246251565e-16,0.0,0.005051680069850256,0.015187535868650806,0.0032996181693162392,0.008529560258890942,0.0063279483939289,0.007534682845557822,2.580618817164928e-07,4.042583693936634e-07
0,6,1,1,0.05,work,2,1.1102230246251565e-16,0.0,0.0033691942346418093,0.01012116961323129,0.00452651905547816,0.012211279533474634,0.005568725791447949,0.0037706478762141917,1.7955377113945414e-07,3.9085379387748307e-07
0,7,1,1,0.058333333333333334,work,3,1.1102230246251565e-16,0.0,0.0016852837160902072,0.00505855576587885,0.005753804688559247,0.015538493288228554,0.005786735062466858,0.010760664282145406,1.6649670073362499e-07,4.519745972187261e-07
0,8,1,1,0.06666666666666667,work,4,1.1102230246251565e-16,0.0,7.750761518421388e-09,7.300048299977715e-08,0.006942227041164981,0.018656454843628878,0.006942220323271596,0.018656514592413503,1.9074064201039987e-07,6.093099206763789e-07
0,9,2,2,0.075,work,1,2.7894008272968645e-16,0.0,0.005709158021458817,0.01745517549989527,0.008582215135482598,0.02318185234469992,0.010586068132587568,0.013091394946447215,3.3260732349398166e-07,7.60981162476765e-07
0,10,2,2,0.08333333333333333,work,2,2.7894008272968645e-16,0.0,0.003804339577036935,0.011624645256022114,0.00993468445374644,0.0266454239917824,0.010728524497408328,0.018482537351173955,2.1592458050438886e-07,6.049210766012823e-07
0,11,2,2,0.09166666666666666,work,3,2.7894008272968645e-16,0.0,0.001901280850417492,0.005806248053687237,0.01102482767603757,0.029334119164818633,0.011181924846953049,0.024961424324883765,1.9576180803512889e-07,5.144678503761327e-07
0,12,2,2,0.1,work,4,2.7894008272968645e-16,0.0,1.8384610538041966e-08,1.1920928955078128e-07,0.011876277862167215,0.031362433063419945,0.01187627036026241,0.03136247875891878,2.251006225531173e-07,9.093371809954935e-07
0,13,3,3,0.10833333333333334,work,1,1.3877787807814457e-16,0.0,0.006195483615412979,0.020999586242907122,0.01234283213889621,0.03287728644174629,0.014627588585950263,0.020246812268098626,2.032031734739665e-07,6.093099206763789e-07
0,14,3,3,0.11666666666666667,work,2,1.3877787807814457e-16,0.0,0.004130113982256964,0.013969331389338018,0.011719556789558787,0.031873598886589874,0.013107883834276014,0.02244005450319456,3.381734066191402e-07,8.565251745700851e-07
0,15,3,3,0.125,work,3,1.3877787807814457e-16,0.0,0.0020649574479691406,0.006969436205430865,0.010761315302904383,0.02959947027804469,0.01136877153485338,0.024362602045636762,2.397711154182038e-07,6.293866658789802e-07
0,16,3,3,0.13333333333333333,work,4,1.3877787807814457e-16,0.0,3.0406796911372045e-08,0.0,0.009939254279466438,0.027256278818769457,0.009939226816457624,0.02725629382673687,6.622642168054397e-08,5.5595511514478e-07
0,17,4,4,0.14166666666666666,work,1,2.3714374201337736e-16,0.0,0.006208919010945388,0.024808892887125063,0.00925020163021004,0.025119487612634363,0.012249447464429741,0.010659064818339106,1.6139012897981683e-07,6.822063411628993e-07
0,18,4,4,0.15,work,2,2.3714374201337736e-16,0.0,0.004142435225219936,0.016514246294884412,0.008547369763979632,0.023110356999974012,0.010341488255179082,0.010662848608532576,9.46580839153263e-08,3.8628224721001805e-07
0,19,4,4,0.15833333333333333,work,3,2.3714374201337736e-16,0.0,0.002072814382647581,0.008244616145724441,0.007851527655257358,0.02123496115695628,0.008611032646011662,0.014183162447409468,1.728816341991378e-07,2.4575624618635555e-07
0,20,4,4,0.16666666666666666,work,4,2.3714374201337736e-16,0.0,4.892494803117531e-08,8.429369702178807e-08,0.007349755146303379,0.01980431392811641,0.007349801814865603,0.019804324427003018,2.397891311292155e-07,6.963802245585908e-07
0,21,5,5,0.175,work,1,1.1443916996305594e-16,0.0,0.005760616972413208,0.0287468407292017,0.0068668785210271276,0.01832791034477314,0.010101593743398656,0.013084728758037149,2.624204031273805e-07,7.777207106769067e-07
0,22,5,5,0.18333333333333332,work,2,1.1443916996305594e-16,0.0,0.003846175892181114,0.019154419313460555,0.0065201073159144324,0.017315129533041856,0.00842952641628728,0.006544751497548623,3.011300731683977e-07,8.760057959973327e-07
0,23,5,5,0.19166666666666665,work,3,1.1443916996305594e-16,0.0,0.0019259628898194976,0.009572050021352118,0.0062161908312858205,0.016453220339560523,0.007010997560817353,0.007975256213082139,1.4910118364265055e-07,6.063875540904964e-07
0,24,5,5,0.2,work,4,1.1443916996305594e-16,0.0,3.577780755449149e-08,1.264405455326821e-07,0.0058348232043949014,0.01575393382950023,0.0058347882729414095,0.015753807070854657,2.758583982398634e-07,7.06509923406229e-07
0,25,6,6,0.20833333333333334,work,1,1.2719202621569003e-16,0.0,0.005676847222585212,0.03138490429578163,0.00527785863816236,0.014062360908166554,0.008587718679649905,0.020244523573451825,3.6119591499536857e-07,1.0864571412538534e-06
0,26,6,6,0.21666666666666667,work,2,1.2719202621569003e-16,0.0,0.003790565952647708,0.020924206546584962,0.0050925861121772975,0.013320360141757071,0.00701889144227601,0.011610872313924728,5.146474855055833e-07,1.2072699725943446e-06
0,27,6,6,0.225,work,3,1.2719202621569003e-16,0.0,0.0018982873386034663,0.010462584157513822,0.00510832451332869,0.013244486509472029,0.005845735092852511,0.006989220440958444,3.928556877006658e-07,7.432677694165705e-07
0,28,6,6,0.23333333333333334,work,4,1.2719202621569003e-16,0.0,3.839014975280743e-08,1.976862424823881e-07,0.005200412157899645,0.013447917751040912,0.005200385203405502,0.013447735045345797,2.7550020273214726e-07,8.344650268554748e-07
0,29,7,7,0.24166666666666667,work,1,1.6883057536160649e-16,0.0,0.005073100075866121,0.031340277322385,0.004950344942190444,0.012774988641840557,0.007243091633292291,0.023349915216017533,2.3999806534633166e-07,4.3597039098524516e-07
0,30,7,7,0.25,work,2,1.6883057536160649e-16,0.0,0.0033862068019344972,0.020892952294240315,0.0049016759849789876,0.012474997783496897,0.006040099210637731,0.014364648862339313,2.6951241354556593e-07,5.5595511514478e-07
0,31,7,7,0.2583333333333333,work,3,1.6883057536160649e-16,0.0,0.001695158463580305,0.01044634529965428,0.005071380123492203,0.012752684211135346,0.005368007076970687,0.008817227174294617,1.1926449500174735e-07,5.5595511514478e-07
0,32,7,7,0.26666666666666666,work,4,1.6883057536160649e-16,0.0,5.217618013503995e-08,1.032382731180714e-07,0.0054164498932179036,0.013542156238776262,0.005416488139376576,0.013542180583812347,2.0471434925058677e-07,4.380028979986637e-07
0,33,8,8,0.275,work,1,4.3056493655060505e-15,0.0,0.005303017739140927,0.03235592451705597,0.00538106010206846,0.01330445480335182,0.00626576220013594,0.02583085807455966,2.7827094721250305e-07,6.570043469979972e-07
0,34,8,8,0.2833333333333333,work,2,4.3056493655060505e-15,0.0,0.0035386612219902506,0.021564327804156517,0.005712945015898205,0.013905020877318914,0.005618759146069989,0.016478059792085834,2.6580681789728563e-07,6.107658604359411e-07
0,35,8,8,0.2916666666666667,work,3,4.3056493655060505e-15,0.0,0.0017709921236171826,0.010779179963330655,0.006204749517836786,0.015388002987929682,0.005815128138156081,0.011358959995467358,2.5042041731077826e-07,6.697238997889858e-07
0,36,8,8,0.3,work,4,4.3056493655060505e-15,0.0,2.0124092659262937e-08,5.960464477539063e-08,0.00637752619136986,0.016671440004804472,0.0063775076284161925,0.016671376118503393,1.9285022905072303e-07,4.107966647175028e-07
0,37,9,9,0.30833333333333335,work,1,5.551115123125783e-17,0.0,0.00656986450046282,0.029764224901921252,0.005183853411250696,0.016165636689879966,0.005267567943265222,0.01938266096827606,3.6174147466556456e-07,9.734918457902214e-07
0,38,9,9,0.31666666666666665,work,2,5.551115123125783e-17,0.0,0.004385369016092228,0.019827778745536342,0.004388008156159427,0.014333710058681186,0.0038360524972601783,0.011050051584663548,3.4419200343496966e-07,1.0319524820554839e-06
0,39,9,9,0.325,work,3,5.551115123125783e-17,0.0,0.002195397842958292,0.009906229880265316,0.003905884504350882,0.014106817444019953,0.003061616200049222,0.007312587080665806,4.232136140812012e-07,9.852811846027796e-07
0,40,9,9,0.3333333333333333,work,4,5.551115123125783e-17,0.0,1.0999523714984535e-08,1.2287812309317772e-07,0.0034857126049589217,0.015012149205734402,0.003485707075417477,0.015012258560321177,2.744228610400496e-07,5.372690074837208e-07
0,41,10,10,0.3416666666666667,work,1,7.850462293418876e-17,0.0,0.00490400503132353,0.029565613207405417,0.003097588970403973,0.01523122602878407,0.0020060523190550874,0.02045899585349334,6.129936878919739e-08,5.347835554160599e-07
0,42,10,10,0.35,work,2,7.850462293418876e-17,0.0,0.0032578051235181557,0.01968348421382126,0.003118962520885332,0.016095966536037933,0.0003743034897684318,0.012384478390244799,1.6859898629631967e-07,7.873681076540346e-07
0,43,10,10,0.35833333333333334,work,3,7.850462293418876e-17,0.0,0.0016232990480141672,0.009828225911683081,0.0031204125261238857,0.01818465370315937,0.0015150201482900991,0.011880250999401482,1.543356935997403e-07,3.8857474358097666e-07
0,44,10,10,0.36666666666666664,work,4,7.850462293418876e-17,0.0,1.2103288476759602e-08,1.032382731180714e-07,0.002931395976911792,0.01967689820353022,0.0029313965407802085,0.01967681938505518,1.1727120971101806e-07,4.960094981519366e-07
0,45,11,11,0.375,work,1,6.359601310784502e-17,0.0,0.004576866652482971,0.03410718918029594,0.0034434351397369563,0.019640512734507294,0.005208637382703172,0.02364419297488901,2.3162978636817974e-07,6.750077994409906e-07
0,46,11,11,0.3833333333333333,work,2,6.359601310784502e-17,0.0,0.0030510229208106352,0.022759006755001924,0.00404208906354018,0.020558230762237797,0.0047107499082045465,0.01702078651683162,3.0433705116015083e-07,7.952251472548497e-07
0,47,11,11,0.39166666666666666,work,3,6.359601310784502e-17,0.0,0.0015257221372397352,0.011390106621277499,0.004341896462785907,0.02237549693554604,0.004373229435715268,0.01673728482224456,2.3074329595401554e-07,8.637533632629843e-07
0,48,11,11,0.4,work,4,6.359601310784502e-17,0.0,4.944199168638242e-08,1.3328003749250115e-07,0.00445334966619041,0.024089331098568586,0.0044533215986254275,0.02408922046343804,3.4229213623632245e-07,8.007901217069919e-07
0,49,12,12,0.4083333333333333,work,1,1.1857187100668868e-16,0.0,0.006498863289846581,0.034916990718027605,0.004154197056205168,0.02446123361830465,0.006994583730302948,0.024209260049819444,3.463914146662583e-07,9.281880558966146e-07
0,50,12,12,0.4166666666666667,work,2,1.1857187100668868e-16,0.0,0.004339708174209269,0.023308164016037577,0.00394175101316062,0.024649727416141003,0.005420852441819283,0.017826874707545487,1.8440747649678922e-07,7.714139882054844e-07
0,51,12,12,0.425,work,3,1.1857187100668868e-16,0.0,0.0021736587921472265,0.011669206464564135,0.003779803243594631,0.02528631989946553,0.004103421282673957,0.01856062318178871,3.049284004141295e-07,7.06509923406229e-07
0,52,12,12,0.43333333333333335,work,4,1.1857187100668868e-16,0.0,8.203756208559903e-09,4.2146848510894035e-08,0.003649486207192928,0.026954702802994446,0.003649486219012301,0.026954677124059197,2.673170714226505e-07,5.144678503761327e-07
0,53,13,13,0.44166666666666665,work,1,1.415262216750919e-16,2.9802322387695312e-08,0.006904533798141384,0.03204130973737645,0.0032190557641407123,0.02890756482380104,0.0070074233136083195,0.020000636054166514,2.951322404231533e-07,8.820681921809234e-07
0,54,13,13,0.45,work,2,1.415262216750919e-16,2.9802322387695312e-08,0.004606690610118321,0.021390469293234984,0.0028501917474577066,0.031057430854957338,0.005199355708449448,0.018689896562564968,3.5822487457971537e-07,7.80570557934575e-07
0,55,13,13,0.4583333333333333,work,3,1.415262216750919e-16,2.9802322387695312e-08,0.002305411569577321,0.01071004264063646,0.002610784120736061,0.033379822945957933,0.0036275288831240492,0.02535396488154001,1.837265719488694e-07,3.4240261593687747e-07
0,56,13,13,0.4666666666666667,work,4,1.415262216750919e-16,2.9802322387695312e-08,3.98753683863294e-08,1.3328003749250115e-07,0.00259143305581701,0.03588722682657432,0.0025914093416004955,0.03588716170914138,2.0291394482158532e-07,3.251049552749314e-07
0,57,14,14,0.475,work,1,1.7772239894833365e-16,0.0,0.005863655333412863,0.03587553644006131,0.003083499471253154,0.03786212364060458,0.00797628703521457,0.03085662112923018,3.1391301541316495e-07,6.782893345797716e-07
0,58,14,14,0.48333333333333334,work,2,1.7772239894833365e-16,0.0,0.003915408614877761,0.023987330024827072,0.0036778042470368686,0.039040019884408056,0.006598945099272043,0.03060731435932745,4.526223610775693e-07,1.2956300448944889e-06
0,59,14,14,0.49166666666666664,work,3,1.7772239894833365e-16,0.0,0.0019612499601588352,0.012028888067895739,0.00425755271561995,0.0407773173120292,0.005430783783546709,0.03504403691023441,3.93733625471283e-07,1.1542389828585001e-06
0,60,14,14,0.5,work,4,1.7772239894833365e-16,0.0,1.528961857050518e-08,1.3657139822709086e-07,0.004772324738329254,0.04251732085723085,0.004772313223613929,0.042517216740253085,4.1848856967333834e-07,1.3287959581380107e-06
0,61,15,15,0.5083333333333333,work,1,2.237726045655905e-16,0.0,0.010587430881405147,0.046655770368713594,0.0071053207895703414,0.0465762830269036,0.01659081413509015,0.056776308537756136,3.31861329529608e-07,6.861009855998394e-07
0,62,15,15,0.5166666666666666,work,2,2.237726045655905e-16,0.0,0.007076637341265486,0.031178617519991923,0.009387703650552645,0.05057772329606328,0.015215580736105239,0.05505303008289866,2.5744690228113675e-07,5.583463309763449e-07
0,63,15,15,0.525,work,3,2.237726045655905e-16,0.0,0.0035474826030835404,0.015626519150428054,0.01138635190443871,0.054275643434442626,0.0139343449925844,0.05531171951168481,2.0311601556097714e-07,3.5513565802016856e-07
0,64,15,15,0.5333333333333333,work,4,2.237726045655905e-16,0.0,4.7170885662232446e-08,1.976862424823881e-07,0.01303756780733979,0.05740964160669355,0.013037604175052297,0.05740983700348965,1.653519833637373e-07,1.8848643661548975e-07
0,65,16,16,0.5416666666666666,work,1,7.850462293418876e-17,0.0,0.01951305816129442,0.04473156322569915,0.01846515811808467,0.07099193221577264,0.03685676830032044,0.0969101760087629,3.0798996054361315e-07,5.07515262541963e-07
0,66,16,16,0.55,work,2,7.850462293418876e-17,0.0,0.012978845254659364,0.02969000662138175,0.022670253015361495,0.08048444359141026,0.03453053927929937,0.09715072659692481,2.4536208962069984e-07,7.702617635321716e-07
0,67,16,16,0.5583333333333333,work,3,7.850462293418876e-17,0.0,0.006474149649040937,0.014779228147644525,0.025407552891352367,0.08711646832664151,0.031115158898744572,0.09495013134129422,1.510567781328663e-07,5.247240323322731e-07
0,68,16,16,0.5666666666666667,work,4,7.850462293418876e-17,0.0,2.6250476522763678e-08,7.300048299977715e-08,0.02680788569708581,0.09044587013657325,0.026807909745847937,0.09044591897495398,2.490916789610166e-07,7.515859730791191e-07
0,69,17,17,0.575,work,1,1.1102230246251565e-16,0.0,0.019411507064178102,0.028573035798404367,0.028193599442956564,0.09422993464188373,0.04637258059565617,0.11708507190551941,1.202924108058143e-07,1.7881393432617193e-07
0,70,17,17,0.5833333333333334,work,2,1.1102230246251565e-16,0.0,0.012907699026292418,0.01895219762701098,0.02838154769372416,0.09401211249727226,0.04030584442936231,0.10901851442331287,2.6188547349708633e-07,3.99840112477504e-07
0,71,17,17,0.5916666666666667,work,3,1.1102230246251565e-16,0.0,0.0064368852722671704,0.009427779891201735,0.027576634313536724,0.09097784187662603,0.033435498126435856,0.09833697329262729,2.617723594917386e-07,5.724839184373204e-07
0,72,17,17,0.6,work,4,1.1102230246251565e-16,0.0,3.472553045987256e-08,1.9082797281243954e-07,0.026059357786796796,0.08597124964434412,0.026059328452487783,0.08597108463341839,2.032680501809747e-07,5.092623081992598e-07
0,73,18,18,0.6083333333333333,work,1,1.4946834900704541e-16,0.0,0.011774807269405918,0.024373442894395303,0.021922296810055846,0.07412753935715294,0.03181728398928255,0.08902982501467013,3.36016214639908e-07,7.80570557934575e-07
0,74,18,18,0.6166666666666667,work,2,1.4946834900704541e-16,0.0,0.007822874080346792,0.016252137474998263,0.0182744770563823,0.06317472891403404,0.024826368551929035,0.07230550010921029,1.9638528656805685e-07,4.214684851089411e-07
0,75,18,18,0.625,work,3,1.4946834900704541e-16,0.0,0.003897835684954104,0.008127527546967184,0.015139818966427666,0.05364473948642054,0.018348014711211526,0.05769177720577295,1.5262545968623208e-07,6.329047853230056e-07
0,76,18,18,0.6333333333333333,work,4,1.4946834900704541e-16,0.0,4.8702429011406684e-08,1.3328003749250115e-07,0.01253133850830301,0.04563919059052062,0.012531381969346231,0.045639310879875376,1.6555920987882204e-07,8.25906184944577e-07
0,77,19,19,0.6416666666666666,work,1,1.2412670766236366e-16,0.0,0.012497964142710215,0.023469792474357837,0.011285130690926392,0.041801772005269404,0.022801308932639094,0.05021177035463439,3.225198594641337e-07,7.856742338218779e-07
0,78,19,19,0.65,work,2,1.2412670766236366e-16,0.0,0.008308281433332789,0.0157112452045519,0.0102920036842972,0.038389372211579974,0.017819197481117568,0.0428280726266137,2.412885088859477e-07,3.9311963195422116e-07
0,79,19,19,0.6583333333333333,work,3,1.2412670766236366e-16,0.0,0.0041422314132340396,0.007887810055293367,0.009507822981242671,0.03560552988828688,0.01314617798036799,0.03708918887993246,1.4682982064762065e-07,1.8848643661548975e-07
0,80,19,19,0.6666666666666666,work,4,1.2412670766236366e-16,0.0,1.489632543936141e-08,7.300048299977715e-08,0.008919795941709774,0.03341841273823274,0.008919803570630208,0.03341847011897442,1.6100803193676477e-07,2.563692708922217e-07
0,81,20,20,0.675,work,1,2.237726045655905e-16,0.0,0.01080239743897446,0.023816356657370155,0.008774506350128788,0.03265902356317905,0.019005648930840623,0.03556820124281102,1.522242795372565e-07,8.05214410192155e-07
0,82,20,20,0.6833333333333333,work,2,2.237726045655905e-16,0.0,0.0072007867765140916,0.015953565960247183,0.008659543915023238,0.031660904696610266,0.015325683378899408,0.03144456623117469,2.2055402881792053e-07,4.98688236793326e-07
0,83,20,20,0.6916666666666667,work,3,2.237726045655905e-16,0.0,0.003600048575590437,0.008015338803244836,0.008568348701807466,0.03079492068931884,0.011802476285145982,0.029607587088888526,2.931695819969449e-07,8.269808844036882e-07
0,84,20,20,0.7,work,4,2.237726045655905e-16,0.0,2.420193694530082e-08,9.884312124119402e-08,0.008528261750203329,0.030138502073616555,0.008528285432348877,0.030138607224692936,6.94190351477997e-08,7.077659420393693e-07
0,85,21,21,0.7083333333333334,work,1,1.8619006149354548e-16,0.0,0.009910253907826507,0.02045318533447305,0.008536618907043617,0.029513805839482547,0.018006700133006096,0.032227919103884894,1.0346128275329777e-07,6.763223241514129e-07
0,86,21,21,0.7166666666666667,work,2,1.8619006149354548e-16,0.0,0.006618324284790288,0.013649036366902354,0.008496398282105197,0.02874741507944224,0.014726335222304529,0.028827236482473914,1.258703603336466e-07,9.8843121241195e-07
0,87,21,21,0.725,work,3,1.8619006149354548e-16,0.0,0.0033150574580730705,0.00683291627968461,0.00846321870829876,0.028130573159430145,0.011525754326118685,0.027334923431615303,7.72876139428994e-08,7.80570557934575e-07
0,88,21,21,0.7333333333333333,work,4,1.8619006149354548e-16,0.0,1.4901962651675552e-08,8.940696716308595e-08,0.008484191011582709,0.027747061351807344,0.008484199215649059,0.027746992795693978,1.6849932898260889e-07,5.670278546345386e-07
0,89,22,22,0.7416666666666667,work,1,1.7554167342883506e-16,0.0,0.009828884513605326,0.015549822315141716,0.008435205590517747,0.026925738094188408,0.017817335039409358,0.03253914246210168,1.596800608795319e-07,3.9311963195422116e-07
0,90,22,22,0.75,work,2,1.7554167342883506e-16,0.0,0.006566765356007477,0.010417606183587972,0.008481847856495143,0.026563526772203392,0.01466899300525007,0.02985763400717185,1.3288391839066272e-07,2.289159818848554e-07
0,91,22,22,0.7583333333333333,work,3,1.7554167342883506e-16,0.0,0.0032904786046576997,0.0052351871544038045,0.008617158539162475,0.026569486066157413,0.011666897439478685,0.02792025572616849,9.41492212554774e-08,6.899736465686728e-07
0,92,22,22,0.7666666666666666,work,4,1.7554167342883506e-16,0.0,3.049356278805285e-08,7.300048299977715e-08,0.00882411666051335,0.026830267334820707,0.008824145185761157,0.026830336104027654,1.694716649367197e-07,2.563692708922217e-07
0,93,23,23,0.775,work,1,1.2412670766236366e-16,0.0,0.009291477998693686,0.017038067935473487,0.008830383102188434,0.02637214798711123,0.017660989875145396,0.03835595872673395,1.9442473333179218e-07,2.0647654623614288e-07
0,94,23,23,0.7833333333333333,work,2,1.2412670766236366e-16,0.0,0.006205556879896449,0.011406626960511515,0.008937269252211789,0.026347063547104234,0.014768445000332229,0.034093427999891006,6.310688886217513e-08,5.204751848153182e-07
0,95,23,23,0.7916666666666666,work,3,1.2412670766236366e-16,0.0,0.00310845283580421,0.005727536189758943,0.009114260182096153,0.026582435859697606,0.011992571151389015,0.03024718536215856,1.2693480462967545e-07,3.674277068954101e-07
0,96,23,23,0.8,work,4,1.2412670766236366e-16,0.0,2.1471679053680844e-08,9.424321830774485e-08,0.00933669175444667,0.026965874162821226,0.00933667538624198,0.02696592450790759,2.018159774622684e-07,6.114925303662798e-07
0,97,24,24,0.8083333333333333,work,1,1.2412670766236366e-16,0.0,0.009591051112828422,0.02000060102812872,0.009638953424996776,0.02774068704588951,0.018706001875258605,0.042828935593659766,1.5656484582083673e-07,3.3585511653377587e-07
0,98,24,24,0.8166666666666667,work,2,1.2412670766236366e-16,0.0,0.0064070026429137,0.01337996389804628,0.009941938521619167,0.02835131229314116,0.015950289157860464,0.03790160630484413,7.700635838525424e-08,3.9085379387748307e-07
0,99,24,24,0.825,work,3,1.2412670766236366e-16,0.0,0.0032100723596350566,0.00671353598111884,0.010219988155251455,0.02885918841079967,0.013189802662227964,0.033321972784096515,6.741450122169342e-08,4.933162140025762e-07
0,100,24,24,0.8333333333333334,work,4,1.2412670766236366e-16,0.0,1.1661171027052379e-08,5.960464477539063e-08,0.010462364782794881,0.029254659003565962,0.01046235362273669,0.02925465707129553,1.6922762542834755e-07,4.400260168383548e-07
0,101,25,25,0.8416666666666667,work,1,1.1775693440128312e-16,0.0,0.00944133098449598,0.02292267280282001,0.010665292512746378,0.02961312740810374,0.019564025973177017,0.045399829890371154,9.397067437805657e-08,3.039252468104833e-07
0,102,25,25,0.85,work,2,1.1775693440128312e-16,0.0,0.006312981184805808,0.015323210680037211,0.010812266502646977,0.029675398854767256,0.01670528771020011,0.039397681820835626,1.1552803570577437e-07,9.757700886574424e-07
0,103,25,25,0.8583333333333333,work,3,1.1775693440128312e-16,0.0,0.0031660451395110656,0.0076829821693097855,0.01090679676529842,0.029614310916348602,0.013818423615808914,0.03397952902445247,1.6257588220024654e-07,8.910844557122097e-07
0,104,25,25,0.8666666666666667,work,4,1.1775693440128312e-16,0.0,1.7712517332362953e-08,2.9802322387695312e-08,0.010963843613588443,0.029472919709485606,0.010963860467184927,0.029472934595254036,1.49200941111874e-07,2.1283115233608642e-07
0,105,26,26,0.875,work,1,1.249000902703301e-16,0.0,0.009968431306738555,0.02606834408212901,0.011181652904811327,0.029929770650706886,0.020561602790911706,0.046637248665886165,1.5836041535610236e-07,2.598106231415675e-07
0,106,26,26,0.8833333333333333,work,2,1.249000902703301e-16,0.0,0.006672301432098981,0.01743766413916027,0.011339204745970624,0.03006611029218784,0.01755413847293159,0.04019728477335465,1.1586387970452992e-07,4.951133646320162e-07
0,107,26,26,0.8916666666666666,work,3,1.249000902703301e-16,0.0,0.0033497535301406237,0.00874939718952431,0.011433749568391393,0.03003029080858775,0.014505743148705397,0.03444291566459152,1.3164941956048033e-07,9.424321830774485e-08
0,108,26,26,0.9,work,4,1.249000902703301e-16,0.0,2.7202207953164542e-08,4.2146848510894035e-08,0.011477164272904905,0.029865791081670565,0.011477189719091592,0.029865823088061388,1.0979909278020495e-07,5.479090306416241e-07
0,109,27,27,0.9083333333333333,work,1,6.206335383118183e-17,0.0,0.009482542136019283,0.025416458667060906,0.011300019863466347,0.0289887702877703,0.020181282786156794,0.04306124768244999,6.480163699421182e-08,5.196212462831361e-07
0,110,27,27,0.9166666666666666,work,2,6.206335383118183e-17,0.0,0.006354992398308722,0.016996796033777233,0.011112955452903287,0.02811846725856537,0.017000407266450517,0.03632338466432052,2.0098320837590685e-07,7.238958955699912e-07
0,111,27,27,0.9249999999999999,work,3,6.206335383118183e-17,0.0,0.00319465048842119,0.00852664898387788,0.010938360484762887,0.027359351921404665,0.01385109881318741,0.03067680697004645,5.712784892856106e-08,7.039911634336578e-07
0,112,27,27,0.9333333333333333,work,4,6.206335383118183e-17,0.0,2.4069578605307887e-08,1.264405455326821e-07,0.010794558069353918,0.026734102497209537,0.010794535464692813,0.02673400846815795,1.329272713562173e-07,5.778884717722352e-07
1,113,28,1,0.008333333333333333,startup,1,1.249000902703301e-16,0.0,0.009226673724438033,0.029757120719203004,0.0019967885255534512,0.004991133224281552,0.011178581691651788,0.03301654284839683,1.320129322527196e-07,1.3328003749250115e-07
1,114,28,1,0.016666666666666666,startup,2,1.249000902703301e-16,0.0,0.006167652521425237,0.019842555095617168,0.0029831144650306852,0.007652467928136396,0.009065386341989017,0.02479455093017233,1.56722663482224e-07,7.839767001847022e-07
1,115,28,1,0.025,startup,3,1.249000902703301e-16,0.0,0.003092017502685561,0.009923221478185947,0.003298726073532633,0.008295743141921873,0.006281251094662349,0.015498438959254552,2.1953312995812744e-07,2.7797755757238933e-07
1,116,28,1,0.03333333333333333,startup,4,1.249000902703301e-16,0.0,4.1614242720089545e-08,1.1151007970493858e-07,0.0032274971121059653,0.007597608723192496,0.0032274991309008986,0.0075975549406543455,1.629385012017355e-07,8.554875906948706e-07
1,117,29,2,0.041666666666666664,work,1,2.5066604164831255e-16,0.0,0.005886617773022908,0.02061392168579387,0.003049824268141469,0.0068376924250793105,0.008451568888473683,0.016250871113231414,2.22764189346489e-07,3.5638394186202926e-07
1,118,29,2,0.05,work,2,2.5066604164831255e-16,0.0,0.003927665776108081,0.013738023813884344,0.004090469550041984,0.009867802472987882,0.006694085513960041,0.004185001822118293,1.695672972515866e-07,3.053829302179697e-07
1,119,29,2,0.058333333333333334,work,3,2.5066604164831255e-16,0.0,0.001965446977844363,0.006866626160035995,0.005559842899033524,0.013971557712048695,0.006232803803955044,0.007293577712471904,2.4900898581986617e-07,7.232821643061437e-07
1,120,29,2,0.06666666666666667,work,4,2.5066604164831255e-16,0.0,5.3638961357474386e-08,1.1151007970493858e-07,0.007036470669722465,0.017954443792466367,0.00703652026369324,0.017954492069552967,1.044686468616051e-07,4.4404460268471747e-07
1,121,30,3,0.075,work,1,1.5091097240551817e-16,0.0,0.006141926046772161,0.022176462987750462,0.008799612814332648,0.022682647164505545,0.011883205831727934,0.010042965679911612,1.304697764728143e-07,6.151130032703392e-07
1,122,30,3,0.08333333333333333,work,2,1.5091097240551817e-16,0.0,0.0040973353209284346,0.014763126568060463,0.010221686790977007,0.026312799698088994,0.01178454939611486,0.01523209452058057,2.0197279249254314e-07,1.7881393432617193e-07
1,123,30,3,0.09166666666666666,work,3,1.5091097240551817e-16,0.0,0.002050004340531474,0.007371069266517758,0.010095395782007134,0.0262575644966424,0.010723148509539709,0.020263036755314007,9.965666472777141e-08,4.539354506649926e-07
1,124,30,3,0.1,work,4,1.5091097240551817e-16,0.0,1.4707826357336556e-08,4.2146848510894035e-08,0.007853951703227753,0.020323900799189554,0.007853965406245571,0.02032391618224152,1.7878044917216538e-07,4.91512492372712e-07
1,125,31,4,0.10833333333333334,work,1,1.5716250041522723e-16,0.0,0.006331972964696136,0.02569231047642694,0.006224403562517416,0.01563199492223525,0.010033446087924043,0.013590688211064234,1.9262990494556887e-07,7.492187672839527e-07
1,126,31,4,0.11666666666666667,work,2,1.5716250041522723e-16,0.0,0.004226297768033716,0.017113631888338202,0.00522560484059068,0.012711409318588655,0.007699022602601076,0.007777653903316852,1.1384651994233583e-07,3.601028315304097e-07
1,127,31,4,0.125,work,3,1.5716250041522723e-16,0.0,0.002115609809451883,0.008549605216636117,0.004731415089524513,0.0112458856386856,0.0058052798172356455,0.004933723630308863,6.679325265510805e-08,4.995779578161315e-07
1,128,31,4,0.13333333333333333,work,4,1.5716250041522723e-16,0.0,4.7780369848110244e-08,1.4600096599955432e-07,0.004601566764287868,0.010899857307231966,0.004601522056348442,0.010899720611823911,2.5760078583278995e-07,8.150812584863566e-07
1,129,32,5,0.14166666666666666,work,1,6.206335383118183e-17,0.0,0.00549786288994104,0.02802737659018879,0.004806331655414314,0.011531161525648552,0.008504365423418,0.019597720049999115,1.0857111694677152e-07,4.430433734452288e-07
1,130,32,5,0.15,work,2,6.206335383118183e-17,0.0,0.003670345868487612,0.018673043009179893,0.0053084700866525576,0.01282605411259529,0.007324484042182264,0.01168902982629086,1.0119580232965792e-07,6.019774042583773e-07
1,131,32,5,0.15833333333333333,work,3,6.206335383118183e-17,0.0,0.0018376809774525232,0.009330802996412205,0.005439235586465679,0.012978149160621722,0.006226100812467157,0.00810361904895851,2.128250894454045e-07,4.097141946812732e-07
1,132,32,5,0.16666666666666666,work,4,6.206335383118183e-17,0.0,3.5187664354154775e-08,1.3657139822709086e-07,0.004941565889083477,0.01170876042942025,0.004941531131917897,0.011708627334196687,2.668325854540187e-07,3.4498682328433513e-07
1,133,33,6,0.175,work,1,1.4033044459902308e-16,0.0,0.00541757158757129,0.03057515289166762,0.004433742555752873,0.010246717803528921,0.008171873648706845,0.024541667296545836,1.2607393018110761e-07,1.264405455326821e-07
1,134,33,6,0.18333333333333332,work,2,1.4033044459902308e-16,0.0,0.0036155828873925744,0.020382324242564965,0.004061155125338717,0.009194148914062552,0.006415456557209682,0.015578499744771056,6.603694427680357e-08,5.057621821307297e-07
1,135,33,6,0.19166666666666665,work,3,1.4033044459902308e-16,0.0,0.0018097352887624881,0.010190351351551911,0.003919846403581788,0.008680307332039429,0.004948322112392014,0.00798325702057937,7.682312276708311e-08,4.842304232499588e-07
1,136,33,6,0.2,work,4,1.4033044459902308e-16,0.0,3.2888980694923655e-08,1.032382731180714e-07,0.003622244002195507,0.007676993927945042,0.0036222162824620114,0.007677004544405726,9.268349149298406e-08,3.601028315304097e-07
1,137,34,7,0.20833333333333334,work,1,7.88106850030428e-17,0.0,0.005336659646185244,0.0293552129552572,0.0025074398092615586,0.004791917662029491,0.006366924446076707,0.027984383365421066,8.22700876163549e-08,3.009887021291878e-07
1,138,34,7,0.21666666666666667,work,2,7.88106850030428e-17,0.0,0.0035635818764202898,0.019564683994657692,0.002151865211268345,0.004480583268181862,0.004808064888637508,0.02001337212214274,7.472452017712753e-08,3.153981341200582e-07
1,139,34,7,0.225,work,3,7.88106850030428e-17,0.0,0.0017846841517868764,0.009779760466352665,0.0022988800039742724,0.005498967576942468,0.00346826742424792,0.012170486347519424,2.156874498300992e-07,4.693274422891038e-07
1,140,34,7,0.23333333333333334,work,4,7.88106850030428e-17,0.0,4.3319726446677576e-08,1.1920928955078128e-07,0.0026815944440048015,0.006903019207274892,0.002681599767039685,0.006903004868008475,2.989731412640659e-07,5.144678503761327e-07
1,141,35,8,0.24166666666666667,work,1,1.3597399555105182e-16,0.0,0.006164975649800106,0.0295535108809454,0.0031616336119226814,0.008621178531429602,0.008067979292472445,0.03392577775657356,2.1967981319191816e-07,3.8857474358097666e-07
1,142,35,8,0.25,work,2,1.3597399555105182e-16,0.0,0.004114925005118753,0.01967182908259331,0.003458925394959736,0.009546313323942356,0.006442322130313107,0.0252799224636148,2.550729144428591e-07,3.964941112890867e-07
1,143,35,8,0.2583333333333333,work,3,1.3597399555105182e-16,0.0,0.0020599414689314397,0.009820673556335984,0.003552809781960307,0.009696009220541623,0.004790027624367709,0.01655125774205891,7.95676495346896e-08,3.964941112890867e-07
1,144,35,8,0.26666666666666666,work,4,1.3597399555105182e-16,0.0,2.933420635091256e-08,4.2146848510894035e-08,0.0035449707361345294,0.009448348237984041,0.003544971009299698,0.009448360496744614,8.585200488142002e-08,4.380028979986637e-07
1,145,36,9,0.275,work,1,1.1123893155135927e-16,0.0,0.0064730670561931195,0.029607141375869683,0.003068117199242709,0.00826774078509311,0.007478119236088767,0.033404533168364295,2.3687692879708062e-07,5.118716966306483e-07
1,146,36,9,0.2833333333333333,work,2,1.1123893155135927e-16,0.0,0.004319783612353813,0.019707746199948816,0.002598379023953085,0.006858059775414774,0.005148155755713456,0.023179714713879796,2.4095413207996955e-07,5.511415603431162e-07
1,147,36,9,0.2916666666666667,work,3,1.1123893155135927e-16,0.0,0.0021622001707074954,0.009838756938968398,0.001943911005694462,0.004606391781658318,0.0028572931917570338,0.011921047489032808,8.911884338056767e-08,5.543552409928541e-07
1,148,36,9,0.3,work,4,1.1123893155135927e-16,0.0,4.1789544258099296e-08,1.7631291696726137e-07,0.001087124610039746,0.0031679071606857665,0.0010871164486153445,0.003167856686670956,1.1158479416453016e-07,8.439899837080479e-07
1,149,37,10,0.30833333333333335,work,1,1.6725469333392293e-16,0.0,0.005460033577793348,0.03516450402234891,0.0005749488806830334,0.0058530998102657664,0.005585532183511477,0.031245223278227905,3.3943068310102446e-07,1.0088867473489605e-06
1,150,37,10,0.31666666666666665,work,2,1.6725469333392293e-16,0.0,0.003632211822653876,0.023415606265096853,0.0012234505117659535,0.008550982834639844,0.004219855624784197,0.018040873173885922,3.6796389734225173e-07,8.81060689633763e-07
1,151,37,10,0.325,work,3,1.6725469333392293e-16,0.0,0.0018124778209329345,0.011694156625066019,0.0018135831085462808,0.01124282478311177,0.003076563876354958,0.007290250662010781,2.5372339280468765e-07,1.0418032582371672e-06
1,152,37,10,0.3333333333333333,work,4,1.6725469333392293e-16,0.0,2.2595969416428382e-08,8.429369702178807e-08,0.0021792220188181174,0.012980488445565529,0.002179206351630108,0.012980507303609496,9.684617963465101e-08,7.598131170262121e-07
1,153,38,11,0.3416666666666667,work,1,7.88106850030428e-17,0.0,0.0035888972397156538,0.03466123852620957,0.002771128213634737,0.014356947706793282,0.0061310759589003885,0.020890458221002856,7.235537269391008e-08,2.0212918469683143e-07
1,154,38,11,0.35,work,2,7.88106850030428e-17,0.0,0.0023781246958862632,0.02312374057551153,0.002996692472912315,0.016113910140427793,0.0050965360854536715,0.009057850941700165,4.971819737410316e-08,3.588674836990926e-07
1,155,38,11,0.35833333333333334,work,3,7.88106850030428e-17,0.0,0.001182456720441259,0.011570098331752019,0.003001892727379246,0.0181604848438114,0.00399063236552403,0.008326777231760495,1.988331666999008e-07,4.674311620401787e-07
1,156,38,11,0.36666666666666664,work,4,7.88106850030428e-17,0.0,1.5415545662124634e-08,2.9802322387695312e-08,0.0028174853043019,0.019052972237745686,0.0028174889650357223,0.01905296692599749,1.7326393087343512e-07,2.40274004587488e-07
1,157,39,12,0.375,work,1,1.0031442548020353e-16,0.0,0.006078845430743386,0.03396629108150393,0.0031124558886334603,0.02004792695704731,0.008936101968709299,0.018174678119294223,1.3498446001232302e-07,2.9351883535969594e-07
1,158,39,12,0.3833333333333333,work,2,1.0031442548020353e-16,0.0,0.0040550669042498195,0.02271145959064294,0.0030501654030554385,0.020320551977113514,0.006894793511071483,0.010698995311286196,2.4492154410870163e-07,1.4292691717483762e-07
1,159,39,12,0.39166666666666666,work,3,1.0031442548020353e-16,0.0,0.002029196186447128,0.01138950059889406,0.0027678975564610834,0.020892918003480587,0.004619526238883613,0.01248813061687367,1.6837337241316056e-07,4.878850443287176e-07
1,160,39,12,0.4,work,4,1.0031442548020353e-16,0.0,4.713946906533723e-08,8.429369702178807e-08,0.0024169898021180153,0.021613539978489818,0.0024169930768611733,0.0216134960678336,1.6655946525872065e-07,2.1283115233608642e-07
1,161,40,13,0.4083333333333333,work,1,1.1443916996305594e-16,0.0,0.009032005892162593,0.03226055494584436,0.002058193425328655,0.021199322911051293,0.010782643618403469,0.01875346846313386,1.6400754645224385e-07,4.5783196376971154e-07
1,162,40,13,0.4166666666666667,work,2,1.1443916996305594e-16,0.0,0.006021496739272751,0.021639628922260415,0.00186699604738543,0.021389492640750248,0.007818787669545267,0.011753332300286906,2.89437122068513e-07,9.730355571099918e-07
1,163,40,13,0.425,work,3,1.1443916996305594e-16,0.0,0.0030114611721896475,0.010886892028494882,0.0018420036142046139,0.023396735945612965,0.004850427433549549,0.015035852030338763,3.5427665603299576e-07,7.656355249086146e-07
1,164,40,13,0.43333333333333335,work,4,1.1443916996305594e-16,0.0,5.2922755051865225e-08,1.6858739404357617e-07,0.002339842635634476,0.0275031885521247,0.002339809675382426,0.027503224103851285,1.9861099663481248e-07,3.2098083538618743e-07
1,165,41,14,0.44166666666666665,work,1,1.7677164180852906e-16,0.0,0.00666687251549216,0.03884544531149211,0.002584118084524225,0.03131883599081682,0.009079579025451158,0.02522645494419382,3.0895960684650507e-07,6.460989531480936e-07
1,166,41,14,0.45,work,2,1.7677164180852906e-16,0.0,0.004452560146300322,0.02604189773050233,0.0028143658966046743,0.033527846896432185,0.007146620785582847,0.022551064705746943,2.0005904821922483e-07,5.975347058702557e-07
1,167,41,14,0.4583333333333333,work,3,1.7677164180852906e-16,0.0,0.0022312240465513656,0.013093918326473683,0.0028486449940599875,0.034858801699007964,0.005041663963861501,0.027185022886860106,1.9986122659694847e-07,1.976862424823881e-07
1,168,41,14,0.4666666666666667,work,4,1.7677164180852906e-16,0.0,2.2447242474977004e-08,5.960464477539063e-08,0.0029090611162568172,0.03655317130066377,0.0029090460566763847,0.03655310645864765,1.4232837330622563e-07,4.7215758316978504e-07
1,169,42,15,0.475,work,1,2.0816681711721685e-16,0.0,0.011308362869090965,0.04710878619394371,0.003562270214037018,0.040974587242495704,0.014601688224054417,0.049797730634948634,1.0112660041329466e-07,5.314515382089335e-07
1,170,42,15,0.48333333333333334,work,2,2.0816681711721685e-16,0.0,0.00755097971067703,0.03147364142880776,0.005564804623472391,0.04342767685757726,0.012589907682324675,0.04846417403687075,4.809880310365882e-08,8.232132981379766e-07
1,171,42,15,0.49166666666666664,work,3,2.0816681711721685e-16,0.0,0.003781461418243336,0.015770629173882073,0.00763844775122326,0.04647651232802008,0.010643037063889624,0.0484076163099233,1.297239113023106e-07,4.256623046721735e-07
1,172,42,15,0.5,work,4,2.0816681711721685e-16,0.0,3.101974790927644e-08,1.4292691717483762e-07,0.009497408048369642,0.049555931385915124,0.009497386063125689,0.04955599992187462,4.457993701787756e-08,3.734220292014386e-07
1,173,43,16,0.5083333333333333,work,1,1.2118257228641695e-16,4.2146848510894035e-08,0.025263182649606416,0.05080493745787854,0.017394006779227107,0.0692506996180909,0.0416820934641926,0.10629406155680525,1.35636186475901e-07,5.717076686993523e-07
1,174,43,16,0.5166666666666666,work,2,1.2118257228641695e-16,4.2146848510894035e-08,0.016764966815952922,0.03374737040714273,0.02322943293367654,0.08335266166068617,0.03885718986062688,0.10832916390082481,2.5260834657189316e-07,9.315311675124123e-07
1,175,43,16,0.525,work,3,1.2118257228641695e-16,4.2146848510894035e-08,0.008343352501047464,0.01681221337550266,0.026974763319553147,0.09261773186394211,0.03445936541570279,0.10501189620295398,3.775758697422957e-07,7.557107408705974e-07
1,176,43,16,0.5333333333333333,work,4,1.2118257228641695e-16,4.2146848510894035e-08,2.83920346643421e-08,5.960464477539063e-08,0.028843222621080338,0.09707102930485083,0.028843196323069295,0.0970709875337131,1.9665084122970786e-07,3.746093836419747e-07
1,177,44,17,0.5416666666666666,work,1,1.689731085869606e-16,0.0,0.01691530917807556,0.025736622595671894,0.027769311473625446,0.0929263354392338,0.04308864393248834,0.11221991598308968,1.8361087477072008e-07,5.623090941939733e-07
1,178,44,17,0.55,work,2,1.689731085869606e-16,0.0,0.011240905153186678,0.017127860500124617,0.025880046191106728,0.0864302577537462,0.03581677521220494,0.09914287397082759,1.1024634582890675e-07,3.4755181639464544e-07
1,179,44,17,0.5583333333333333,work,3,1.689731085869606e-16,0.0,0.00560225599537336,0.00854926371588183,0.02352407008852503,0.07874383689414105,0.028344119672465532,0.08497147073473725,2.4968447561230067e-07,5.004660971089217e-07
1,180,44,17,0.5666666666666667,work,4,1.689731085869606e-16,0.0,3.803244192471886e-08,7.300048299977715e-08,0.020938348070889724,0.07081552632481337,0.02093838310942048,0.07081557298632558,2.8533918160457515e-07,7.714139882054844e-07
1,181,45,18,0.575,work,1,1.1443916996305594e-16,0.0,0.008886657011420518,0.024082769291015327,0.016071267092512727,0.0568503533261355,0.02270115006120474,0.05496059393806011,2.899238893081614e-07,7.557107408705974e-07
1,182,45,18,0.5833333333333334,work,2,1.1443916996305594e-16,0.0,0.005908306791742817,0.016133246741363284,0.01219640349049926,0.04554898941242684,0.016688287113358655,0.04169850442720923,2.162107223176728e-07,7.17115963430168e-07
1,183,45,18,0.5916666666666667,work,3,1.1443916996305594e-16,0.0,0.0029459482720939176,0.008105992991006538,0.009275869141025397,0.036790535944857324,0.011486635017100103,0.03331344965430225,3.402282231839729e-08,5.07515262541963e-07
1,184,45,18,0.6,work,4,1.1443916996305594e-16,0.0,3.005648275334959e-08,1.1151007970493858e-07,0.007153415140060719,0.030175736724276956,0.007153438565174108,0.030175697535273313,1.3262483571675838e-07,6.00500156867801e-07
1,185,46,19,0.6083333333333333,work,1,1.6079679568759646e-16,0.0,0.006918153012434997,0.03673930078855308,0.005796900382462699,0.024724431064176728,0.011893096292840253,0.020978530861361627,1.376858687630194e-07,4.730972011800879e-07
1,186,46,19,0.6166666666666667,work,2,1.6079679568759646e-16,0.0,0.0045948834425352135,0.02458884013549946,0.0050188071769312545,0.02137954363725876,0.008835888417847848,0.010251660206268203,1.7737157051802585e-07,3.686343692795336e-07
1,187,46,19,0.625,work,3,1.6079679568759646e-16,0.0,0.0022888247201881093,0.01234271454327905,0.004546107197998966,0.019275414182736986,0.0062569073483736215,0.00865598183530055,1.5637058959759179e-07,4.66480131223755e-07
1,188,46,19,0.6333333333333333,work,4,1.6079679568759646e-16,0.0,3.08439833807267e-08,1.4600096599955432e-07,0.004224048036098968,0.018011749589233614,0.004224035156258623,0.018011632745710673,7.495567136887402e-08,2.528810910653644e-07
1,189,47,20,0.6416666666666666,work,1,1.8001047556827141e-16,0.0,0.0034504832702967566,0.018812906091040256,0.003339650818319817,0.011790160201674752,0.005724497610788579,0.01246723061100636,2.682868228910596e-08,3.2236140449023185e-07
1,190,47,20,0.65,work,2,1.8001047556827141e-16,0.0,0.0023067961466066273,0.01255659584703842,0.0038596382968581555,0.010281899562787154,0.005671986789020477,0.012527864696844243,1.5649866020775232e-07,6.597025281542168e-07
1,191,47,20,0.6583333333333333,work,3,1.8001047556827141e-16,0.0,0.0011566559365077669,0.006285653170371819,0.004065409040773783,0.010144248335489976,0.004973795865270873,0.010573420661562121,2.622457493297831e-07,3.601028315304097e-07
1,192,47,20,0.6666666666666666,work,4,1.8001047556827141e-16,0.0,3.7636594375061144e-08,6.664001874625056e-08,0.0037486245054153024,0.00955122261677756,0.0037486340042578816,0.009551225331382834,1.6484510611203872e-07,1.0280721372759659e-06
1,193,48,21,0.675,work,1,1.389512421408389e-16,0.0,0.004139689202390988,0.01449328390917534,0.0020347732744020407,0.010892481414491945,0.0041292289758249594,0.013148117380250136,1.946565148987376e-07,7.504033036240485e-07
1,194,48,21,0.6833333333333333,work,2,1.389512421408389e-16,0.0,0.002759584222730052,0.009668309037315347,0.004013308692319821,0.01694550895355021,0.005828692308058788,0.012362128415977294,1.0448655096733435e-07,2.1490760299348777e-07
1,195,48,21,0.6916666666666667,work,3,1.389512421408389e-16,0.0,0.001379788746242275,0.004837871087946498,0.006470641973798868,0.02330806974906812,0.007355501394637688,0.02001815567020577,1.193574142499004e-07,6.873942968053134e-07
1,196,48,21,0.7,work,4,1.389512421408389e-16,0.0,2.05995133277708e-08,9.424321830774485e-08,0.008570195457743643,0.02865368455179682,0.008570177716647939,0.02865368019616524,1.4829048612804618e-07,2.920019319991088e-07
1,197,49,22,0.7083333333333334,work,1,2.237726045655905e-16,0.0,0.004627255555196681,0.02537357050579683,0.01085389842357623,0.03449926504327461,0.014984826338460919,0.03406095463034898,7.082445292365335e-08,5.144678503761327e-07
1,198,49,22,0.7166666666666667,work,2,2.237726045655905e-16,0.0,0.0031017597196036275,0.016933542927196166,0.012474880354558463,0.03838455403471186,0.01519966946246939,0.03518929841285856,1.9501848425582578e-07,2.3084779657169695e-07
1,199,49,22,0.725,work,3,2.237726045655905e-16,0.0,0.0015596261331226474,0.008476565103099158,0.013510250194240854,0.04063429786354897,0.01485583829715844,0.03800071901132616,2.8035125901691414e-07,4.107966647175028e-07
1,200,49,22,0.7333333333333333,work,4,2.237726045655905e-16,0.0,5.1351157237714484e-08,1.0745380149674385e-07,0.014063483799668652,0.041577394185286796,0.014063434764098853,0.04157728892337087,1.6529026813857293e-07,4.0205531010723307e-07
1,201,50,23,0.7416666666666667,work,1,1.2432050435751766e-16,0.0,0.0054365161935919625,0.029578778376869532,0.014620242902811775,0.042386808179157444,0.019763434691155206,0.042986674085633024,1.4429453608823573e-07,2.3654860059004356e-07
1,202,50,23,0.75,work,2,1.2432050435751766e-16,0.0,0.0036633914202678147,0.019759836648964912,0.014763074674142944,0.042118004019771164,0.018203412765226617,0.040303832784557875,1.0672951502961369e-07,6.049210766012823e-07
1,203,50,23,0.7583333333333333,work,3,1.2432050435751766e-16,0.0,0.0018519231755298163,0.009902086157731685,0.014596910576051874,0.04112870735074984,0.0163232430864243,0.03910706002878964,1.1413795027244828e-07,4.204134935041043e-07
1,204,50,23,0.7666666666666666,work,4,1.2432050435751766e-16,0.0,8.929132500435922e-09,1.0745380149674385e-07,0.014221217197463488,0.03966067216021868,0.01422120936502736,0.039660639695482676,1.445966408982141e-07,3.5513565802016856e-07
1,205,51,24,0.775,work,1,6.206335383118183e-17,0.0,0.006008872374001944,0.03211669347426677,0.013816991638091126,0.038038487750907124,0.019569226078757652,0.04055864364082084,1.582573080936612e-07,9.281880558966146e-07
1,206,51,24,0.7833333333333333,work,2,6.206335383118183e-17,0.0,0.004060425210012282,0.021448925780215334,0.013303724685006695,0.0361880994477221,0.01718109423797844,0.0352489378276207,1.540734983800193e-07,4.6169559314339464e-07
1,207,51,24,0.7916666666666666,work,3,6.206335383118183e-17,0.0,0.0020587651707762423,0.010746562284766819,0.012751059842915967,0.034330233212014276,0.014709330280211081,0.03235387626474893,1.454314272656782e-07,5.487189483500131e-07
1,208,51,24,0.8,work,4,6.206335383118183e-17,0.0,6.120792939386492e-08,1.632340423778195e-07,0.012211818366053385,0.032574480067792906,0.012211878244937116,0.032574635538115286,1.822118994962059e-07,8.079672880009443e-07
1,209,52,25,0.8083333333333333,work,1,2.407706197318431e-16,0.0,0.006648551372019263,0.03485818927808106,0.011723621327043889,0.031125487248685444,0.01805566947243141,0.038003995614632136,2.2132613742910816e-07,1.032382731180714e-07
1,210,52,25,0.8166666666666667,work,2,2.407706197318431e-16,0.0,0.004508093848468035,0.023292603752910777,0.01131305982415253,0.029758773005516898,0.015596745143415032,0.031121002960651768,2.071078981330299e-07,7.615645133960673e-07
1,211,52,25,0.825,work,3,2.407706197318431e-16,0.0,0.002294141724600643,0.011679127115047771,0.010983751181676962,0.02860447431086165,0.013152588896471341,0.027228298712276337,1.2752539125579197e-07,8.226736630107378e-07
1,212,52,25,0.8333333333333334,work,4,2.407706197318431e-16,0.0,4.5638665598173614e-08,1.1151007970493858e-07,0.01073787038222719,0.027673598677372593,0.010737825272991637,0.027673513330676018,9.607533721779993e-08,8.32333567367139e-07
1,213,53,26,0.8416666666666667,work,1,1.1775693440128312e-16,0.0,0.008042351435710299,0.03941060300306914,0.010656205229615981,0.027605546966067405,0.018249849552361117,0.04093300505805442,1.3765512970467634e-07,3.526258339345231e-07
1,214,53,26,0.85,work,2,1.1775693440128312e-16,0.0,0.005473293690792104,0.026380974334770727,0.01064708517903068,0.027386433727652603,0.015807108127607647,0.032259068869370223,1.4428057968028697e-07,3.3717478808715265e-07
1,215,53,26,0.8583333333333333,work,3,1.1775693440128312e-16,0.0,0.002796628640208884,0.01325653070763011,0.010682355883102894,0.027167368375661548,0.013300321200483588,0.02698467183979211,2.2820644954758416e-07,4.730972011800879e-07
1,216,53,26,0.8666666666666667,work,4,1.1775693440128312e-16,0.0,5.2150144876123037e-08,1.1151007970493858e-07,0.01075106895709359,0.026989067835007804,0.01075112085834755,0.026989170423362047,3.648087002304586e-08,2.8115454709698594e-07
1,217,54,27,0.875,work,1,1.249000902703301e-16,0.0,0.00862460546152561,0.03908817137815184,0.010517390477810203,0.026067369598737452,0.018681760906264444,0.04314855100949518,3.1027913364843964e-07,8.910844557122097e-07
1,218,54,27,0.8833333333333333,work,2,1.249000902703301e-16,0.0,0.005890521574703907,0.02628422607066597,0.010403667784314497,0.02536734141845515,0.015942143426606714,0.03394466584761869,5.2998363785054556e-08,3.08277619862217e-07
1,219,54,27,0.8916666666666666,work,3,1.249000902703301e-16,0.0,0.0030198943022508714,0.013270082455676343,0.010389168790949324,0.024952577235580805,0.013198677247525912,0.027071278465200705,1.2306275686674183e-07,5.372690074837208e-07
1,220,54,27,0.9,work,4,1.249000902703301e-16,0.0,5.6957166440129865e-08,1.264405455326821e-07,0.010452862400245202,0.024771163342745796,0.010452918459415149,0.02477128121158223,1.1204552566180784e-07,2.7476383618393225e-07
2,221,55,1,0.008333333333333333,startup,1,1.4946834900704541e-16,0.0,0.009210016415148861,0.029695779019422875,0.001920912108662117,0.004007755661205261,0.011049632434550209,0.030829182577851923,1.3801557240292883e-07,3.1256939416234273e-07
2,222,55,1,0.016666666666666666,startup,2,1.4946834900704541e-16,0.0,0.006145460733878294,0.019760831807721438,0.002901113035371107,0.006533376180066138,0.008869239655622,0.021455572300293897,2.0506566453448096e-07,3.3585511653377587e-07
2,223,55,1,0.025,startup,3,1.4946834900704541e-16,0.0,0.0030753973676485927,0.009862169889637206,0.0032655024400800375,0.007574258688739928,0.006096437348982186,0.012147554377985951,1.8910176916071109e-07,5.575503985246947e-07
2,224,55,1,0.03333333333333333,startup,4,1.4946834900704541e-16,0.0,4.803021797801077e-08,1.8848643661548975e-07,0.0033200422384121464,0.007820850455593602,0.0033200492056986632,0.007820842254496042,1.2981543554355363e-07,3.7932163659804686e-07
2,225,56,2,0.041666666666666664,work,1,1.3018518929051675e-16,0.0,0.005860246019688082,0.020634671823471673,0.003664179121739106,0.009505377199236347,0.008632354467895271,0.012979213162139272,2.7302051233327035e-07,7.414731564894199e-07
2,226,56,2,0.05,work,2,1.3018518929051675e-16,0.0,0.00390683784294306,0.013731851576662653,0.005005637947312811,0.013168674367217966,0.007194521642190331,0.002947978366323015,2.7733556375633374e-07,9.95593851118698e-07
2,227,56,2,0.058333333333333334,work,3,1.3018518929051675e-16,0.0,0.0019534056514313135,0.00685371801764946,0.006706583376295927,0.017542898504151874,0.0071897897797252855,0.01110057174474319,2.2565060497613644e-07,6.440336342148305e-07
2,228,56,2,0.06666666666666667,work,4,1.3018518929051675e-16,0.0,2.2765544716864322e-08,5.960464477539063e-08,0.008434374216416353,0.02190851783917351,0.008434394660510998,0.021908506328528688,2.8601385774740156e-07,8.850838187287819e-07
2,229,57,3,0.075,work,1,1.2719202621569003e-16,0.0,0.0061184986934459075,0.022135016191246318,0.010432511441597877,0.027064280756329055,0.01293392828031203,0.012179294232547558,3.8249991647814507e-07,1.1103115087865233e-06
2,230,57,3,0.08333333333333333,work,2,1.2719202621569003e-16,0.0,0.004080077519181868,0.014719359411913165,0.01174476438802347,0.030557163321785923,0.012977752113592162,0.01900715800087498,2.967632296570794e-07,7.782915149450706e-07
2,231,57,3,0.09166666666666666,work,3,1.2719202621569003e-16,0.0,0.00204057211694223,0.007341085876846461,0.010978269337346549,0.030467310506239187,0.011505523835642484,0.02469200481636033,3.0370659289360635e-07,6.322027276634131e-07
2,232,57,3,0.1,work,4,1.2719202621569003e-16,0.0,1.1710808628869038e-08,9.424321830774485e-08,0.0093363302851994,0.026999268520525466,0.009336322767105729,0.026999325548810117,3.634292057801611e-07,1.2251618380007022e-06
2,233,58,4,0.10833333333333334,work,1,7.850462293418876e-17,0.0,0.006200776702038564,0.025266885425563077,0.008283426990043764,0.02374068044544814,0.011529913074533871,0.008776777444394422,1.3413427829967862e-07,3.7932163659804686e-07
2,234,58,4,0.11666666666666667,work,2,7.850462293418876e-17,0.0,0.004137233055466172,0.016814045841872235,0.007640313306791395,0.021560502039130427,0.009614277770790425,0.008039858187734308,3.8490435457183335e-07,7.788619008882083e-07
2,235,58,4,0.125,work,3,7.850462293418876e-17,0.0,0.0020703039816480427,0.008391833129938657,0.007337402587241243,0.020389938640707324,0.008141535576263728,0.012815035952495987,2.033621478120857e-07,3.5513565802016856e-07
2,236,58,4,0.13333333333333333,work,4,7.850462293418876e-17,0.0,4.1037921487494644e-08,1.976862424823881e-07,0.007333645230274749,0.02002716112896948,0.007333682531398054,0.02002734071917985,4.2173630015367405e-07,9.300998767809495e-07
2,237,59,5,0.14166666666666666,work,1,1.7772239894833365e-16,0.0,0.005786341152925686,0.02798183277853588,0.0071761231062353326,0.019749944223804963,0.010942179225398457,0.01005967133017127,2.32290596130336e-07,3.3717478808715265e-07
2,238,59,5,0.15,work,2,1.7772239894833365e-16,0.0,0.003863484767279461,0.01863699238863843,0.006483701775175162,0.017932622086089107,0.00885808694243075,0.003676027777661289,3.3777748291675193e-07,5.990192664337711e-07
2,239,59,5,0.15833333333333333,work,3,1.7772239894833365e-16,0.0,0.0019346898911850566,0.009309873353464976,0.005831411045000172,0.01590528015481656,0.006926269828302497,0.0069101256497164695,1.6286099143352672e-07,4.860611686199943e-07
2,240,59,5,0.16666666666666666,work,4,1.7772239894833365e-16,0.0,4.726851194498711e-09,0.0,0.00566623349800161,0.015005262280359612,0.005666233496490628,0.015005262275653873,3.5872171525980533e-07,8.890887433395637e-07
2,241,60,6,0.175,work,1,6.206335383118183e-17,0.0,0.00582603919332605,0.03176508954290076,0.005011852146726572,0.012918492023970456,0.008258722241481409,0.021430826651189824,3.219670233210414e-07,9.310543150790602e-07
2,242,60,6,0.18333333333333332,work,2,6.206335383118183e-17,0.0,0.003890097437959234,0.02117690541661864,0.004832582358941193,0.01218249685242564,0.006668618790700701,0.012421368206246276,2.8351931216687876e-07,6.703866648198394e-07
2,243,60,6,0.19166666666666665,work,3,6.206335383118183e-17,0.0,0.001948072116212379,0.010588313066164382,0.004946533436744053,0.012359616382845521,0.005579115090256528,0.0066135125631087074,2.4089010764055225e-07,8.739756523737488e-07
2,244,60,6,0.2,work,4,6.206335383118183e-17,0.0,4.881027477255687e-08,1.5485740967710712e-07,0.005159472509771076,0.012893219920489198,0.005159510602267418,0.01289336969427487,2.712428853474414e-07,4.860611686199943e-07
2,245,61,7,0.20833333333333334,work,1,2.0770370905276122e-16,0.0,0.004910128263884264,0.03133759847942238,0.0051791894851201765,0.013096379736772119,0.007263189349935865,0.023146176058770264,7.028510416820898e-08,4.318766816314896e-07
2,246,61,7,0.21666666666666667,work,2,2.0770370905276122e-16,0.0,0.00327624282448115,0.02089396251508279,0.005333438023986425,0.01333784408679123,0.006279780729743958,0.014026683674779343,2.4807204277758643e-07,6.357052626520881e-07
2,247,61,7,0.225,work,3,2.0770370905276122e-16,0.0,0.0016395486124335123,0.010448068811824775,0.005656457818382133,0.01397735355104268,0.005865791264455536,0.00940512965847068,1.7618440663087567e-07,3.588674836990926e-07
2,248,61,7,0.23333333333333334,work,4,2.0770370905276122e-16,0.0,1.8278393986281835e-08,0.0,0.0061275765751138125,0.015046746683836041,0.00612759214975399,0.015046750858330567,3.449299965951905e-07,9.386548845782141e-07
2,249,62,8,0.24166666666666667,work,1,2.7755575615628914e-17,0.0,0.0053836206618282775,0.03155511966811161,0.006220135018275785,0.015144413858839485,0.006768128841032466,0.02371121556765232,4.7285786401639273e-07,8.534086384341992e-07
2,250,62,8,0.25,work,2,2.7755575615628914e-17,0.0,0.0035928350665105553,0.021037631641470208,0.006562598919179033,0.01597918620060853,0.006328399279031142,0.014853236725307683,3.0631675425316013e-07,8.376520468327582e-07
2,251,62,8,0.2583333333333333,work,3,2.7755575615628914e-17,0.0,0.0017982823874596171,0.010519281703550824,0.00660746585607709,0.016718453272199472,0.006247723954598437,0.011071223838753764,4.642912828179422e-07,1.148066537634044e-06
2,252,62,8,0.26666666666666666,work,4,2.7755575615628914e-17,0.0,1.9077105410548948e-08,7.884953353001448e-08,0.005802038169378068,0.01781044308241166,0.005802054968422958,0.01781037469528442,3.7352550685716535e-07,1.0982469184809035e-06
2,253,63,9,0.275,work,1,1.6939998869943826e-16,2.9802322387695312e-08,0.0065116251862108055,0.030075801138996303,0.004334017313364518,0.013981484534533403,0.004858203838086408,0.020466855549687833,2.765202666524707e-07,8.226736630107378e-07
2,254,63,9,0.2833333333333333,work,2,1.6939998869943826e-16,2.9802322387695312e-08,0.004344704061555471,0.02003324735892788,0.003596468278567092,0.011785243814183229,0.003235173644916291,0.01224586841893428,1.5599422341265743e-07,6.129432857395176e-07
2,255,63,9,0.2916666666666667,work,3,1.6939998869943826e-16,2.9802322387695312e-08,0.0021741730309663247,0.010007859808629688,0.0032564702146288295,0.011556256895353171,0.002339969384088899,0.005917960631749197,1.496639400520563e-07,6.322027276634131e-07
2,256,63,9,0.3,work,4,1.6939998869943826e-16,2.9802322387695312e-08,5.1243222557489904e-08,1.1920928955078128e-07,0.0028641143672363447,0.01259192099529551,0.0028640732666164975,0.01259191760325199,1.8893975915413125e-07,5.893027762557644e-07
2,257,64,10,0.30833333333333335,work,1,1.1274368112207335e-16,0.0,0.006378020375972666,0.02915321780315344,0.002150658223840059,0.012768151957806725,0.0043399653996771025,0.01804313133819838,1.9874572146810002e-07,3.31864617039563e-07
2,258,64,10,0.31666666666666665,work,2,1.1274368112207335e-16,0.0,0.004249482188892701,0.019417053681529343,0.001845141418013867,0.01407853527157974,0.002647020956151285,0.007373336997282688,3.849844119903819e-07,8.606630014296629e-07
2,259,64,10,0.325,work,3,1.1274368112207335e-16,0.0,0.0021235804723686432,0.009699437382186387,0.001765914820483306,0.016312656663312976,0.0013302538465629033,0.007388604261573785,1.7589051301485593e-07,5.824810351637641e-07
2,260,64,10,0.3333333333333333,work,4,1.1274368112207335e-16,0.0,5.018695047448146e-08,1.1151007970493858e-07,0.0017809799766348668,0.01921516030531797,0.0017809926256737176,0.019215194639090875,2.0679147655266165e-07,6.730311984203021e-07
2,261,65,11,0.3416666666666667,work,1,1.0103182026100663e-16,0.0,0.0036413327705635506,0.033096878256712425,0.00270807867344032,0.022236847211606826,0.004563830343780851,0.017896219154826056,3.7798914584404857e-07,9.142077952729524e-07
2,262,65,11,0.35,work,2,1.0103182026100663e-16,0.0,0.0024194426763656483,0.022068400527358152,0.0033024438979718236,0.02445555601132193,0.004133578371644344,0.01307015105641088,1.0653753830515425e-07,3.526258339345231e-07
2,263,65,11,0.35833333333333334,work,3,1.0103182026100663e-16,0.0,0.0012060265723741596,0.011036277351349768,0.0036239164168894653,0.026452096804843134,0.003839466561128646,0.01829195784641331,2.8289935967594196e-07,5.040030039932671e-07
2,264,65,11,0.36666666666666664,work,4,1.0103182026100663e-16,0.0,1.5003799573142755e-08,1.1542389828584842e-07,0.0037470607692639576,0.0276549895721499,0.0037470588951818316,0.02765490308285636,2.417998799229832e-07,4.3084717675450407e-07
2,265,66,12,0.375,work,1,1.0007415106216802e-16,0.0,0.0061887957553723024,0.03681996994647692,0.004245703529672481,0.027781217644900467,0.008992433718326375,0.02495570240566321,1.4327454404782732e-07,6.049210766012823e-07
2,266,66,12,0.3833333333333333,work,2,1.0007415106216802e-16,0.0,0.00413233043260229,0.02459513304008917,0.004548381779345369,0.028260511845251503,0.007488937319199652,0.020433768007713366,1.3365159015750097e-07,5.809542146211266e-07
2,267,66,12,0.39166666666666666,work,3,1.0007415106216802e-16,0.0,0.002069834377267829,0.012321957588655,0.004671510030551466,0.02935144018273188,0.005923396808915985,0.022655179724551278,1.8040190625720783e-07,3.153981341200582e-07
2,268,66,12,0.4,work,4,1.0007415106216802e-16,0.0,3.674745059722697e-08,1.3978528260658475e-07,0.004667770508050184,0.030730316996473685,0.0046677898076277705,0.03073044345260378,1.8585110059850777e-07,4.430433734452288e-07
2,269,67,13,0.4083333333333333,work,1,1.8619006149354548e-16,0.0,0.007430882460038662,0.032887943078943396,0.0041614817889049,0.03138590341693284,0.009388876906758858,0.022780205807462338,2.781935176265048e-07,9.712082586765578e-07
2,270,67,13,0.4166666666666667,work,2,1.8619006149354548e-16,0.0,0.004957498193667123,0.021974288538715712,0.0036811301478383907,0.03245773035586851,0.007131065907589302,0.020987981758985225,4.334859066753061e-07,9.573923590307929e-07
2,271,67,13,0.425,work,3,1.8619006149354548e-16,0.0,0.002480844131775287,0.011011865548945256,0.003351022017408705,0.03427851059786268,0.005005750435620182,0.02658846610059567,3.2004480927113697e-07,5.960464477539085e-07
2,272,67,13,0.43333333333333335,work,4,1.8619006149354548e-16,0.0,3.2706985682780184e-08,9.884312124119402e-08,0.0032353547514028824,0.03687430754723957,0.003235370673228094,0.03687438325171088,2.6162239859861915e-07,5.646734035461092e-07
2,273,68,14,0.44166666666666665,work,1,8.326672684688674e-17,0.0,0.004962497386011516,0.031793735031528915,0.003258995473573758,0.04099341568109067,0.0076047270758110444,0.03198579869028836,2.2681506633214013e-07,6.07119464500649e-07
2,274,68,14,0.45,work,2,8.326672684688674e-17,0.0,0.0033139159994138123,0.02125508250670525,0.0035550587362117507,0.04321085647907619,0.006234861171418584,0.03442288997724379,2.2487177054091944e-07,3.734220292014386e-07
2,275,68,14,0.4583333333333333,work,3,8.326672684688674e-17,0.0,0.0016600804522161044,0.010657190548494755,0.003956365251498425,0.045099055115853326,0.005106807880027113,0.039736854057776064,1.3786564952543166e-07,2.40274004587488e-07
2,276,68,14,0.4666666666666667,work,4,8.326672684688674e-17,0.0,1.8148963729442213e-08,8.429369702178807e-08,0.004396978767500212,0.046505889038730874,0.004396972642224905,0.04650583351868677,1.846385251684227e-07,4.860611686199943e-07
2,277,69,15,0.475,work,1,1.4946834900704541e-16,0.0,0.010584628562021423,0.04233076073745321,0.006860922939424596,0.0505462968475154,0.016632013087013422,0.05640990300344022,3.557187108276563e-07,8.960542904360911e-07
2,278,69,15,0.48333333333333334,work,2,1.4946834900704541e-16,0.0,0.007068926081184897,0.028270577467786363,0.009342100775273709,0.05419651357915318,0.015462828076309242,0.056811332861358345,1.6380085934822916e-07,8.890887433395637e-07
2,279,69,15,0.49166666666666664,work,3,1.4946834900704541e-16,0.0,0.003540642616714156,0.014160195834487943,0.011575375827858739,0.05768115594378218,0.01432749068320614,0.05835663240930951,2.855808099545001e-07,5.430241572346883e-07
2,280,69,15,0.5,work,4,1.4946834900704541e-16,0.0,1.6079140478464364e-08,4.2146848510894035e-08,0.013492660205116217,0.06077211343010174,0.013492672317269786,0.06077212492439906,2.0218558715966965e-07,3.839760639287575e-07
2,281,70,16,0.5083333333333333,work,1,1.1188630228279524e-16,0.0,0.018861860715529297,0.03988897308483531,0.0185797611978012,0.07273194967807109,0.0364569376513373,0.0950117153611816,3.764221007371858e-07,4.91512492372712e-07
2,282,70,16,0.5166666666666666,work,2,1.1188630228279524e-16,0.0,0.012546288379804095,0.026463576242693722,0.02249728314234697,0.08137616858307077,0.03406338243122559,0.09588375903761062,2.569248913315909e-07,8.471411707134248e-07
2,283,70,16,0.525,work,3,1.1188630228279524e-16,0.0,0.006258689416672535,0.013167017189295974,0.02521379250631324,0.0872387408603888,0.03080038779332914,0.09422807399725634,4.768426268668102e-07,1.2693130635647303e-06
2,284,70,16,0.5333333333333333,work,4,1.1188630228279524e-16,0.0,1.3727291108787758e-08,1.032382731180714e-07,0.02674135878982167,0.09041408066631204,0.026741348516543167,0.09041413231360536,4.934159201271544e-07,7.974557972109163e-07
2,285,71,17,0.5416666666666666,work,1,1.0385185452638061e-16,0.0,0.016169603697396506,0.026486818214460493,0.027179193299197678,0.09138968950835205,0.04211853224651467,0.11030590895634446,3.3183416189695403e-07,5.732591170570675e-07
2,286,71,17,0.55,work,2,1.0385185452638061e-16,0.0,0.010756464983582561,0.017569594987756766,0.026831888355224726,0.08970561755470886,0.03661150037702432,0.1020707251253324,2.867112815480253e-07,6.925433897150939e-07
2,287,71,17,0.5583333333333333,work,3,1.0385185452638061e-16,0.0,0.005366489304872598,0.00874069355924959,0.02587331006702055,0.08632838476773161,0.030666059885456048,0.09235456105876604,1.950490559613073e-07,2.475566823160076e-07
2,288,71,17,0.5666666666666667,work,4,1.0385185452638061e-16,0.0,4.731894327390904e-08,8.429369702178807e-08,0.02446728702008655,0.08189414972186294,0.024467331488113246,0.08189420063200617,1.3667300419503668e-07,4.204134935041043e-07
2,289,72,18,0.575,work,1,1.7109685898544713e-16,0.0,0.013315068929552119,0.026794334776973135,0.021915324389822872,0.07474258469094026,0.03343478959340748,0.08831916515530794,1.756420641111226e-07,7.251217997429673e-07
2,290,72,18,0.5833333333333334,work,2,1.7109685898544713e-16,0.0,0.008849336053064892,0.017852975457345086,0.019573580984952314,0.06768346751339376,0.027178707985344625,0.07582193908361354,1.7338217247024559e-07,6.522556730580147e-07
2,291,72,18,0.5916666666666667,work,3,1.7109685898544713e-16,0.0,0.004410873295318242,0.008921471981765097,0.017423414551543503,0.061094671032738294,0.0211428880828316,0.0646092583039025,2.962845387820925e-07,8.970449533040844e-07
2,292,72,18,0.6,work,4,1.7109685898544713e-16,0.0,1.939772366838957e-08,1.1542389828584842e-07,0.015484608485507444,0.055119654964585395,0.015484624554020837,0.05511959319520217,4.4484715434035157e-07,1.1550082191870433e-06
2,293,73,19,0.6083333333333333,work,1,6.798699777552591e-17,0.0,0.00942078847509012,0.032536194022458574,0.01352336660713279,0.049232205692162884,0.021655239394775667,0.04613979529765907,5.186511740133221e-07,1.2495669897339922e-06
2,294,73,19,0.6166666666666667,work,2,6.798699777552591e-17,0.0,0.006259550619443133,0.02173142160386788,0.012047735455263397,0.044255605530413494,0.01742156088842808,0.03842913742791898,3.845787035090666e-07,7.533564960816272e-07
2,295,73,19,0.625,work,3,6.798699777552591e-17,0.0,0.0031192413960319473,0.010886017444756372,0.010843904769904905,0.040106285423941374,0.013448739794102143,0.03536066328444178,2.3043990178822753e-07,4.172325134277351e-07
2,296,73,19,0.6333333333333333,work,4,6.798699777552591e-17,0.0,5.065603427522543e-08,1.1542389828584842e-07,0.009859933924994919,0.03672405411932369,0.009859893747569747,0.03672396568786547,2.504417120914352e-07,5.91559208669641e-07
2,297,74,20,0.6416666666666666,work,1,8.777083671441753e-17,0.0,0.0052196632741243676,0.04107940265683538,0.008244553878272106,0.031120934953113626,0.012313435612737319,0.019318494756592346,1.6324395248763855e-07,6.194296387084308e-07
2,298,74,20,0.65,work,2,8.777083671441753e-17,0.0,0.0034522874853269623,0.027411268256098832,0.007269026138651383,0.027114081848246492,0.010150710543627008,0.009777230122477618,2.751327571973795e-07,4.6169559314339464e-07
2,299,74,20,0.6583333333333333,work,3,8.777083671441753e-17,0.0,0.001712690911255843,0.013718405867290093,0.006620652188908281,0.024289486455422202,0.008085633640169291,0.011906903352550322,2.45580020899114e-07,3.039252468104833e-07
2,300,74,20,0.6666666666666666,work,4,8.777083671441753e-17,0.0,4.115950881441705e-08,2.346637211445515e-07,0.006153484216846191,0.022409181973736352,0.006153515393005588,0.02240940770475278,2.4324172665123743e-07,6.034510353599985e-07
2,301,75,21,0.675,work,1,1.1775693440128312e-16,0.0,0.003109689667722239,0.02440714564407059,0.0051138485170966926,0.019113944031778404,0.0077596358049928866,0.010521023473093227,1.2781677386114103e-07,4.607327232879502e-07
2,302,75,21,0.6833333333333333,work,2,1.1775693440128312e-16,0.0,0.0020636358956068594,0.016284960660954757,0.004530958684456361,0.01740892075157579,0.00616371706185755,0.008025241176545827,5.992896068756376e-08,4.4203987640712727e-07
2,303,75,21,0.6916666666666667,work,3,1.1775693440128312e-16,0.0,0.0010272378969878582,0.008149287313505808,0.004349415271773776,0.017033254842199603,0.005052811948117401,0.010995626459711624,3.484424466338727e-07,9.029661063875702e-07
2,304,75,21,0.7,work,4,1.1775693440128312e-16,0.0,4.7201065024230963e-08,8.429369702178807e-08,0.004570880900239311,0.017730508322260165,0.004570913544581319,0.017730536006424002,2.3866920725878354e-07,3.769728732309799e-07
2,305,76,22,0.7083333333333334,work,1,3.925231146709438e-17,0.0,0.007174343031557808,0.018940894394208863,0.006634139485147617,0.023738948253962364,0.013173872610131013,0.033398287210470536,7.231394235911137e-08,6.47472172451035e-07
2,306,76,22,0.7166666666666667,work,2,3.925231146709438e-17,0.0,0.004780159464977594,0.012631546691960425,0.009059002399001452,0.029808135609199562,0.013368692015133792,0.036022010862016784,2.007388276242628e-07,3.039252468104833e-07
2,307,76,22,0.725,work,3,3.925231146709438e-17,0.0,0.0023886782294869255,0.006317861175422958,0.011201063412276115,0.03509927254344097,0.013303650162101544,0.03796819696549461,1.0461781165972319e-07,3.5513565802016856e-07
2,308,76,22,0.7333333333333333,work,4,3.925231146709438e-17,0.0,1.6575853114980575e-08,1.1920928955078128e-07,0.01291460214826423,0.03925756057942853,0.012914617145907801,0.03925767431955319,2.452830487498557e-07,5.960464477539063e-08
2,309,77,23,0.7416666666666667,work,1,1.0385185452638061e-16,0.0,0.009080058286458534,0.024030398922763114,0.014778809674776468,0.04388519070635409,0.023207880946166867,0.060964034690257345,3.105242124542978e-07,8.820681921809234e-07
2,310,77,23,0.75,work,2,1.0385185452638061e-16,0.0,0.0060525977450242895,0.015995334312166726,0.016041702888125897,0.04683448446903553,0.021594750347070396,0.057449970386049085,1.324941892937817e-07,7.090197356564034e-07
2,311,77,23,0.7583333333333333,work,3,1.0385185452638061e-16,0.0,0.003025872915075687,0.007985302946011198,0.016772481510666924,0.04834974486133824,0.019506866116351704,0.05327787829996726,1.5549833006067346e-07,5.975347058702557e-07
2,312,77,23,0.7666666666666666,work,4,1.0385185452638061e-16,0.0,9.275201571144001e-09,8.429369702178807e-08,0.017058880252709473,0.04869092942164001,0.017058883214473748,0.04869088725240563,1.8616841175509531e-07,6.697238997889858e-07
2,313,78,24,0.775,work,1,5.721958498152797e-17,0.0,0.010285768085270972,0.02462509622866613,0.017520023375147395,0.04965755379024564,0.026993947643015843,0.06504182789521516,6.809254891514068e-08,2.528810910653644e-07
2,314,78,24,0.7833333333333333,work,2,5.721958498152797e-17,0.0,0.006865282329899182,0.01640790615583945,0.01757057278486768,0.04935781720904759,0.02383443392229114,0.058807599106436695,6.207309888509909e-08,6.976544803809931e-07
2,315,78,24,0.7916666666666666,work,3,5.721958498152797e-17,0.0,0.003436604900504702,0.008199834140537864,0.0172921566854728,0.04819499070823318,0.02038459860155948,0.05247763346299319,1.453275385172787e-07,1.5196262340524156e-07
2,316,78,24,0.8,work,4,5.721958498152797e-17,0.0,2.833033667227894e-08,1.5485740967710712e-07,0.016780783753305748,0.0464440064629842,0.016780758546163285,0.046443878338113434,1.4429756047519142e-07,5.732591170570675e-07
2,317,79,25,0.8083333333333333,work,1,3.3103687685155823e-16,0.0,0.009390792412353839,0.02665714699040772,0.016087922780710105,0.04425597789821137,0.024780504875984013,0.05681718433313543,1.3480005691292966e-07,6.049210766012823e-07
2,318,79,25,0.8166666666666667,work,2,3.3103687685155823e-16,0.0,0.006279568934874246,0.017809338863583792,0.015337427381071304,0.04185235934515092,0.021081130987004107,0.04929993082744068,6.43108437103854e-08,5.975347058702557e-07
2,319,79,25,0.825,work,3,3.3103687685155823e-16,0.0,0.0031495486501502876,0.00892439252393797,0.014571747671478104,0.03947329005981502,0.017409641253107386,0.042553124696575746,1.3782211630134798e-07,3.4110317058144843e-07
2,320,79,25,0.8333333333333334,work,4,3.3103687685155823e-16,0.0,3.141417557791025e-08,1.8848643661548975e-07,0.01383615367199368,0.03722294349310274,0.013836123564943395,0.03722280019314239,3.973953997465409e-08,4.674311620401787e-07
2,321,80,26,0.8416666666666667,work,1,1.3597399555105182e-16,0.0,0.010204614536440271,0.024420060584630136,0.0133264901340702,0.035627286893060196,0.022717287257455414,0.046825223812876036,8.532975139033267e-08,7.74860382080083e-07
2,322,80,26,0.85,work,2,1.3597399555105182e-16,0.0,0.006827331854382597,0.01634136488088782,0.01284593182777567,0.03405519951258977,0.01906355323225182,0.04044081756726745,1.0056734187850534e-07,6.677316576960141e-07
2,323,80,26,0.8583333333333333,work,3,1.3597399555105182e-16,0.0,0.0034262229419794914,0.008203152253205389,0.012412124213096091,0.03264158581686106,0.015481904029986514,0.03512775796480901,2.5325524055154844e-07,8.481889647697099e-07
2,324,80,26,0.8666666666666667,work,4,1.3597399555105182e-16,0.0,2.3134977473962766e-08,9.884312124119402e-08,0.012041070053706748,0.03141775021491289,0.012041092470366766,0.031417745113374945,1.1294918361830662e-07,8.172577143193593e-07
3,325,81,1,0.008333333333333333,startup,1,1.6184142622847344e-16,0.0,0.009207638428467438,0.029705085359111004,0.0018989796651885512,0.004465225685738704,0.011001823013154683,0.030511613509496358,1.8458395994669158e-07,4.4802714521804273e-07
3,326,81,1,0.016666666666666666,startup,2,1.6184142622847344e-16,0.0,0.006142250658156958,0.019772864746746617,0.0029397338441290236,0.007508396888717497,0.008848977575637995,0.021103926650556725,2.4734626694923563e-07,3.6983709472390636e-07
3,327,81,1,0.025,startup,3,1.6184142622847344e-16,0.0,0.003072990784625035,0.009871266823429245,0.003355775856404454,0.008799013185811982,0.006133014433652962,0.012322892173853149,2.1799673336010018e-07,5.809542146211266e-07
3,328,81,1,0.03333333333333333,startup,4,1.6184142622847344e-16,0.0,3.277683707296098e-08,1.5769906706002898e-07,0.003448912845721791,0.00912786557769181,0.003448911985489676,0.0091278377865392,2.1318416913508303e-07,6.802506572314132e-07
3,329,82,2,0.041666666666666664,work,1,2.618455766672135e-16,0.0,0.0058881383179567245,0.02096100951182345,0.0037309676860515927,0.010342475309237995,0.00872553540319796,0.013165670405596328,3.090462674704102e-07,6.690604782296345e-07
3,330,82,2,0.05,work,2,2.618455766672135e-16,0.0,0.003923981857986641,0.01395257193600729,0.004879064590862207,0.013482163776168114,0.007124161131463334,0.004300768235392151,1.4109280826920242e-07,1.5769906706002898e-07
3,331,82,2,0.058333333333333334,work,3,2.618455766672135e-16,0.0,0.0019612609265123285,0.006965744895223092,0.006391777322633322,0.017475915144573185,0.006884714318189879,0.011217326374117124,3.117301048791941e-07,6.307962682401184e-07
3,332,82,2,0.06666666666666667,work,4,2.618455766672135e-16,0.0,1.3654710819696113e-08,1.4292691717483762e-07,0.007952865390073558,0.02154535296327025,0.00795287510165805,0.02154546485074733,1.846350786518051e-07,6.899736465686728e-07
3,333,83,3,0.075,work,1,2.4196749845665633e-16,0.0,0.006137332462645634,0.02214741797764577,0.009820000419358583,0.0265687048897081,0.012367214811625754,0.013386698965664122,1.7896800325750734e-07,1.2010003137356155e-06
3,334,83,3,0.08333333333333333,work,2,2.4196749845665633e-16,0.0,0.0040912060783773185,0.014729564925302264,0.011338286733738524,0.03043852934424328,0.012509033054646958,0.019779337528985128,1.6586216395335405e-07,5.230286352272122e-07
3,335,83,3,0.09166666666666666,work,3,2.4196749845665633e-16,0.0,0.002045428344171763,0.007347069389876018,0.011205955217827322,0.031764484502373624,0.011670977983214065,0.02610642446478891,1.339188325901751e-07,2.920019319991088e-07
3,336,83,3,0.1,work,4,2.4196749845665633e-16,0.0,3.55352873872099e-08,8.940696716308595e-08,0.010162441826069879,0.029662698051139438,0.01016241421879085,0.029662706451694047,2.155488763196191e-07,4.645722290313223e-07
3,337,84,4,0.10833333333333334,work,1,1.7772239894833365e-16,0.0,0.0061808646985010976,0.024837289483220868,0.009025962625143975,0.02693277897677288,0.012086061875740978,0.011875079064222176,3.632858231071267e-07,1.126196600657191e-06
3,338,84,4,0.11666666666666667,work,2,1.7772239894833365e-16,0.0,0.004123623210745911,0.01652734982685596,0.008122076174301428,0.02416347154140546,0.010017859030695611,0.011770805669726613,3.5035413732899065e-07,9.414892792064821e-07
3,339,84,4,0.125,work,3,1.7772239894833365e-16,0.0,0.0020633278581558296,0.008248337733719418,0.007570449707903743,0.02219226808130942,0.00836689989664251,0.015163684155765703,2.232656066902945e-07,6.976544803809931e-07
3,340,84,4,0.13333333333333333,work,4,1.7772239894833365e-16,0.0,4.818235734075461e-08,1.2990531157078367e-07,0.007256610711984753,0.020987985915788814,0.007256654135990715,0.02098811710764186,2.3559429289174058e-07,5.824810351637641e-07
3,341,85,5,0.14166666666666666,work,1,1.594436429147036e-16,0.0,0.0058444763220618185,0.028192620493811743,0.0069516931779048845,0.01976938709778695,0.010218002114355577,0.010356070126836031,3.318313172865812e-07,9.419608491229567e-07
3,342,85,5,0.15,work,2,1.594436429147036e-16,0.0,0.0039020014763686507,0.018784371919569505,0.006803493283495247,0.019192068206697038,0.008676810390967446,0.005206959927849511,4.096998408379427e-07,1.3940352873238011e-06
3,343,85,5,0.15833333333333333,work,3,1.594436429147036e-16,0.0,0.001953827464599121,0.009387018726205771,0.00673992129829298,0.018960589414127652,0.007473994238108671,0.010316840417945743,3.1880538542870044e-07,7.140128940767647e-07
3,344,85,5,0.16666666666666666,work,4,1.594436429147036e-16,0.0,3.59254386779374e-08,2.9802322387695312e-08,0.006321227960377102,0.018624181874070556,0.006321262516786969,0.01862421075548142,2.4895283013230343e-07,6.136673772923374e-07
3,345,86,6,0.175,work,1,6.206335383118183e-17,0.0,0.005672218392998193,0.031080418206436148,0.005349068528261945,0.015735275516366647,0.008606126453725636,0.01672865208223007,2.679104077151241e-07,4.298152059869762e-07
3,346,86,6,0.18333333333333332,work,2,6.206335383118183e-17,0.0,0.0037872749519066535,0.020722626957565337,0.004829593534314569,0.013955319705235524,0.006833214291567578,0.008626173061201173,3.7346091727582887e-07,1.1619084292422654e-06
3,347,86,6,0.19166666666666665,work,3,6.206335383118183e-17,0.0,0.0018965137737664676,0.010362553967868926,0.004703848820647026,0.013253520243691964,0.00549741004299253,0.004940927153545697,2.4305708519911047e-07,7.574716226541347e-07
3,348,86,6,0.2,work,4,6.206335383118183e-17,0.0,2.9312463431630685e-08,4.2146848510894035e-08,0.0048902132510970425,0.013430948885579245,0.004890186199799331,0.01343092178763638,2.340696955644718e-07,6.419616707723769e-07
3,349,87,7,0.20833333333333334,work,1,1.3877787807814457e-16,0.0,0.005289510087092476,0.03158548715580616,0.004657413564693977,0.012708936795455907,0.0065276561425323,0.021588078731512084,2.913613464621413e-07,6.828569911354575e-07
3,350,87,7,0.21666666666666667,work,2,1.3877787807814457e-16,0.0,0.0035308649649820447,0.021055543927160702,0.0046382549403359945,0.012541973116755317,0.005325065778382351,0.011961048332274469,3.1621662691085645e-07,7.238958955699912e-07
3,351,87,7,0.225,work,3,1.3877787807814457e-16,0.0,0.0017676924409988546,0.010526913863669485,0.0048163975196369975,0.012943981946171091,0.004798287797507082,0.006623933350268131,3.042390197433208e-07,5.95300923449941e-07
3,352,87,7,0.23333333333333334,work,4,1.3877787807814457e-16,0.0,2.2480186054853278e-08,0.0,0.005093544013720148,0.014122225456734699,0.0050935623614690095,0.014122213567418593,3.312770326003611e-07,9.396006328126545e-07
3,353,88,8,0.24166666666666667,work,1,1.9072746207504078e-15,0.0,0.005007953486383379,0.033442257032224844,0.0050963184568721155,0.014184306612334179,0.006027151619991643,0.024544964844326212,6.36175989025109e-07,1.6426460480119058e-06
3,354,88,8,0.25,work,2,1.9072746207504078e-15,0.0,0.00333955197978234,0.022287668340211442,0.005350136167222838,0.014599537355750113,0.005361168652259623,0.014955489018335986,2.689829070750725e-07,6.815550700443582e-07
3,355,88,8,0.2583333333333333,work,3,1.9072746207504078e-15,0.0,0.0016702388094868056,0.011140171174645346,0.005786357708495418,0.01575876445957281,0.0054743052784430824,0.010601721669294352,3.682107375285056e-07,9.348623240803638e-07
3,356,88,8,0.26666666666666666,work,4,1.9072746207504078e-15,0.0,3.18488157906072e-08,7.884953353001448e-08,0.006181948537016593,0.01736926802589045,0.0061819774482021845,0.0173693463416409,2.920049282924149e-07,8.199701602576792e-07
3,357,89,9,0.275,work,1,3.906443204162413e-15,4.2146848510894035e-08,0.005845425575226581,0.02847325509469707,0.005681729060794881,0.016797208727437993,0.004789794863984741,0.02068649041291972,2.724751520138939e-07,5.960464477539085e-07
3,358,89,9,0.2833333333333333,work,2,3.906443204162413e-15,4.2146848510894035e-08,0.003899388992637292,0.01896212103505765,0.005227370082849257,0.016324847988835732,0.003963854721935167,0.013080503406245978,2.066387733816939e-07,6.027146701859462e-07
3,359,89,9,0.2916666666666667,work,3,3.906443204162413e-15,4.2146848510894035e-08,0.0019509604044026985,0.009471143936985029,0.004862391329220685,0.01605596911532761,0.003834416324007344,0.010804259497915044,2.3466175213417096e-07,4.969040155569645e-07
3,360,89,9,0.3,work,4,3.906443204162413e-15,4.2146848510894035e-08,3.0669450324209576e-08,1.3328003749250115e-07,0.004592969798019095,0.016523969484901087,0.004592941654580403,0.016523842946720223,1.868384734188818e-07,4.380028979986637e-07
3,361,90,10,0.30833333333333335,work,1,1.9229626863835638e-16,0.0,0.004631941254330317,0.029699241088572553,0.0042915777438781244,0.017033844263401144,0.001194947813582009,0.02013367261693579,1.788639301270574e-07,4.786961795153931e-07
3,362,90,10,0.31666666666666665,work,2,1.9229626863835638e-16,0.0,0.0030804224187813848,0.01978192727016247,0.004176182027908745,0.017910253817144742,0.0013750330827546051,0.012310060028045215,4.5353008977950054e-08,2.2696772533249593e-07
3,363,90,10,0.325,work,3,1.9229626863835638e-16,0.0,0.001536596560698445,0.009882151280274112,0.004112789421931362,0.018137495636245202,0.00264362784474365,0.011804036437237202,2.804621810978148e-07,3.576278686523442e-07
3,364,90,10,0.3333333333333333,work,4,1.9229626863835638e-16,0.0,2.0799756171926085e-08,1.490116119384766e-07,0.004100496079047604,0.018652798710045673,0.004100483558534147,0.01865264745529363,2.1448412131724914e-07,4.636153336198354e-07
3,365,91,11,0.3416666666666667,work,1,7.850462293418876e-17,0.0,0.00508450786322115,0.03315011308428033,0.004279050018562745,0.019482124755754632,0.0047303426205556115,0.022718147064683926,3.119481915211108e-07,8.560065398421992e-07
3,366,91,11,0.35,work,2,7.850462293418876e-17,0.0,0.0033917417962574356,0.022109009431244428,0.004366456152981038,0.020048358952568946,0.004161703670835679,0.015215287712531765,2.984990694679716e-07,1.0062422165950722e-06
3,367,91,11,0.35833333333333334,work,3,7.850462293418876e-17,0.0,0.0016970787759835201,0.011058866956977187,0.0043573782734849615,0.02085515375096207,0.003927115517537951,0.014553395091139398,1.91192175290241e-07,6.47472172451035e-07
3,368,91,11,0.36666666666666664,work,4,7.850462293418876e-17,0.0,2.9382642270078885e-08,0.0,0.00435303869611111,0.022033282065666543,0.004353060913081267,0.022033319803580725,2.552665995999345e-07,4.5976783694450694e-07
3,369,92,12,0.375,work,1,1.7109685898544713e-16,0.0,0.00605387700677297,0.033887872894541884,0.00418257806232159,0.023389103138685283,0.006005292318291817,0.021209441582192394,2.4087796781385044e-07,7.656355249086146e-07
3,370,92,12,0.3833333333333333,work,2,1.7109685898544713e-16,0.0,0.004042152968964796,0.022603339996284076,0.004016567934619564,0.02439969246864466,0.004722933640095465,0.015092261471914184,7.572164979942565e-08,5.885487096944919e-07
3,371,92,12,0.39166666666666666,work,3,1.7109685898544713e-16,0.0,0.002024319895507074,0.01130735422764806,0.003878108794872998,0.025972786722136595,0.0038616742124597367,0.018172205884495415,2.38204286104e-07,6.322027276634131e-07
3,372,92,12,0.4,work,4,1.7109685898544713e-16,0.0,3.502801105112319e-08,1.032382731180714e-07,0.0037782860112485343,0.027896365381976505,0.0037783149257761117,0.027896431061472944,2.1547057448826193e-07,6.107658604359411e-07
3,373,93,13,0.4083333333333333,work,1,1.9229626863835638e-16,0.0,0.006450193299960165,0.03333171045091342,0.0035593361591228154,0.029718062050824536,0.006773000950396745,0.019020799007464055,3.459893095774804e-07,6.419616707723769e-07
3,374,93,13,0.4166666666666667,work,2,1.9229626863835638e-16,0.0,0.00430492562243978,0.022238148943486455,0.003471063178094944,0.0317742497884002,0.005322965978825459,0.018281886778677505,2.913211565278648e-07,6.83507021735893e-07
3,375,93,13,0.425,work,3,1.9229626863835638e-16,0.0,0.002154985390152327,0.01112774504780455,0.0034746884005960343,0.033865208137413866,0.004143488639072991,0.025406476792998525,2.042891064056426e-07,7.685301875011745e-07
3,376,93,13,0.43333333333333335,work,4,1.9229626863835638e-16,0.0,1.4982547566747826e-08,0.0,0.00353117454313666,0.03624718100567925,0.003531160660153315,0.03624717396163735,3.6727440684103434e-07,1.2334705642804626e-06
3,377,94,14,0.44166666666666665,work,1,8.886119947416683e-17,0.0,0.005834367828937277,0.0357140589094322,0.004139037440815797,0.03801598407996849,0.0084980115498477,0.03153275811570556,3.7671096245646255e-07,1.0306606570357546e-06
3,378,94,14,0.45,work,2,8.886119947416683e-17,0.0,0.00389725895118182,0.023870176377150564,0.004808443580410996,0.03905592536965508,0.007371279005799805,0.030995770787544896,3.8478939934713897e-07,8.965497587020069e-07
3,379,94,14,0.4583333333333333,work,3,8.886119947416683e-17,0.0,0.0019527883872954034,0.011965424499059407,0.005393810830780419,0.04037845023188153,0.006420174297641547,0.03482420590780068,8.615000066197764e-08,2.4211521162497896e-07
3,380,94,14,0.4666666666666667,work,4,8.886119947416683e-17,0.0,2.6927290436344725e-08,0.0,0.005965057446477083,0.041847525526587596,0.005965039832563412,0.04184754682775515,2.601633320305316e-07,4.869739603509973e-07
3,381,95,15,0.475,work,1,1.1188630228279524e-16,0.0,0.010272180255245341,0.04643913200235427,0.008232802409247985,0.045788912364465126,0.01726709196151485,0.05636905474853756,2.391089343059832e-07,3.7223088731756253e-07
3,382,95,15,0.48333333333333334,work,2,1.1188630228279524e-16,0.0,0.006868202320248532,0.031029536097099387,0.010400622886454722,0.049703087953474764,0.01596789818091572,0.054102863047124757,1.3480349202669298e-07,4.814712530792817e-07
3,383,95,15,0.49166666666666664,work,3,1.1188630228279524e-16,0.0,0.0034441474086898687,0.015549660106552966,0.012266906374842923,0.053466969896373284,0.014725545863591647,0.05426871181783369,2.3133449914317356e-07,9.329602624475163e-07
3,384,95,15,0.5,work,4,1.1188630228279524e-16,0.0,1.2648526906419397e-08,4.2146848510894035e-08,0.013774611359924725,0.056576472712462425,0.013774602844850487,0.056576446565319335,2.9266449632606044e-07,8.652944052790456e-07
3,385,96,16,0.5083333333333333,work,1,3.1031676915590914e-17,0.0,0.018836255155276052,0.04534153115410145,0.01872855941412496,0.06956683367379178,0.0364331244769539,0.09395952852053224,2.773272710484465e-07,9.127493400045447e-07
3,386,96,16,0.5166666666666666,work,2,3.1031676915590914e-17,0.0,0.012535576626994019,0.030105056355470117,0.02254275064609124,0.07853335172035628,0.033974944265800076,0.09376120015925292,2.522547043305547e-07,3.009887021291878e-07
3,387,96,16,0.525,work,3,3.1031676915590914e-17,0.0,0.006256448959464058,0.014990868671744473,0.02512785209415146,0.08429832496778537,0.030633026858379764,0.09133270132478775,2.8444528700530427e-07,4.951133646320162e-07
3,388,96,16,0.5333333333333333,work,4,3.1031676915590914e-17,0.0,3.3359610486642144e-08,9.424321830774485e-08,0.02649545318404698,0.08735283089098717,0.026495422738527428,0.08735274611892381,4.791166689258334e-07,1.177851727328884e-06
3,389,97,17,0.5416666666666666,work,1,1.1443916996305594e-16,0.0,0.02027371142151137,0.030139783360108648,0.028273060526780008,0.09254461082429746,0.04732616965824861,0.11320080230091961,1.8999725875830494e-07,8.940696716308668e-07
3,390,97,17,0.55,work,2,1.1443916996305594e-16,0.0,0.013481910396432692,0.019945981227758952,0.02884777464260969,0.09354149907826614,0.041350167097072614,0.10688883577698766,2.2867502316825722e-07,8.194283893625508e-07
3,391,97,17,0.5583333333333333,work,3,1.1443916996305594e-16,0.0,0.0067236571049333164,0.009899172696030327,0.028437844700718737,0.09165511834984429,0.03458080474971824,0.09809897551948284,1.9125328029320777e-07,8.835772919877597e-07
3,392,97,17,0.5666666666666667,work,4,1.1443916996305594e-16,0.0,2.460764366262785e-08,1.2287812309317772e-07,0.027281719899049692,0.08777099491272584,0.027281698586947643,0.08777089315841148,3.8056858785377034e-07,8.285903200184073e-07
3,393,98,18,0.575,work,1,1.6883057536160649e-16,2.9802322387695312e-08,0.0113163066520454,0.0245480726513627,0.023375937430522072,0.07709965659920999,0.03307789936143892,0.08225512732303769,3.4774416246319835e-07,6.848052318737575e-07
3,394,98,18,0.5833333333333334,work,2,1.6883057536160649e-16,2.9802322387695312e-08,0.007520491982316044,0.01637965629449502,0.019861732711668693,0.06668114513562264,0.026268805677236665,0.0689783947292217,1.6950973295969894e-07,2.995096332168847e-07
3,395,98,18,0.5916666666666667,work,3,1.6883057536160649e-16,2.9802322387695312e-08,0.0037483132694458195,0.008196883355989962,0.016753968248702962,0.057193045275572334,0.019892377009374324,0.05765679350660766,3.386138662906997e-07,9.65705618025053e-07
3,396,98,18,0.6,work,4,1.6883057536160649e-16,2.9802322387695312e-08,4.135126683186435e-08,1.1151007970493858e-07,0.014080707898395646,0.048941083649296925,0.014080737052022134,0.04894115528108847,4.494235239194038e-07,1.3562512699345316e-06
3,397,99,19,0.6083333333333333,work,1,1.4946834900704541e-16,0.0,0.010450403479179915,0.033848588762421125,0.012120853211948336,0.04255486659207306,0.021497498437602448,0.04035151821177502,8.087627417720673e-08,4.172325134277351e-07
3,398,99,19,0.6166666666666667,work,2,1.4946834900704541e-16,0.0,0.006938249142576095,0.022614060266628613,0.010832644502761307,0.03783599539150004,0.01711304883855181,0.03110746890257914,1.7077267401469216e-07,8.487123767076879e-07
3,399,99,19,0.625,work,3,1.4946834900704541e-16,0.0,0.0034546925917655806,0.011331444134157822,0.009831441139075671,0.0341513112786476,0.012904631107898995,0.028237952517188553,2.1565787154007085e-07,5.638864019043613e-07
3,400,99,19,0.6333333333333333,work,4,1.4946834900704541e-16,0.0,1.3420704159414163e-08,1.6858739404357617e-07,0.008970990340907212,0.031175857325500576,0.008971000160762552,0.031176013035311163,3.079484320631289e-07,6.049210766012823e-07
3,401,100,20,0.6416666666666666,work,1,2.7755575615628914e-17,0.0,0.004912808826230158,0.02986545754251433,0.006902747581730352,0.024733112318508978,0.011016175158651583,0.012145681639575086,3.69990410940452e-07,8.990230041145374e-07
3,402,100,20,0.65,work,2,2.7755575615628914e-17,0.0,0.0032605299342053423,0.019936874100755626,0.005663271990580186,0.020293164143343864,0.00837900256499823,0.004973607287089926,3.848042700763197e-07,6.886851792509198e-07
3,403,100,20,0.6583333333333333,work,3,2.7755575615628914e-17,0.0,0.0016230903136356732,0.009981720497253167,0.0049595379412718105,0.01752824926230994,0.006247891953488842,0.007737412049885772,1.8866933333859284e-07,4.70272715033875e-07
3,404,100,20,0.6666666666666666,work,4,2.7755575615628914e-17,0.0,1.4380596681940892e-08,1.264405455326821e-07,0.004514204300594916,0.015895257873589728,0.00451419260008622,0.015895281361692676,2.311221612687824e-07,2.7957056521316965e-07
3,405,101,21,0.675,work,1,1.2412670766236366e-16,0.0,0.002495371004040498,0.013864149115522547,0.003450590716332096,0.011880861537594482,0.004733959437293518,0.0067419033875350835,2.092748125696221e-07,3.5513565802016856e-07
3,406,101,21,0.6833333333333333,work,2,1.2412670766236366e-16,0.0,0.0016646667460140335,0.0092466953634683,0.0030812189943067677,0.009489245797218762,0.0037970424384364118,0.00502664232321263,4.516870459927581e-08,5.297776709387073e-07
3,407,101,21,0.6916666666666667,work,3,1.2412670766236366e-16,0.0,0.0008328243411873452,0.004625156101804834,0.002852975579991238,0.0086563671839145,0.003032894678654166,0.005107986929892692,8.319790879769919e-08,2.7637536810325715e-07
3,408,101,21,0.7,work,4,1.2412670766236366e-16,0.0,1.6897722506327666e-08,1.264405455326821e-07,0.002777166400118724,0.009151887462401838,0.00277717832524573,0.009151995272141404,1.4959894546688191e-07,7.372687385590703e-07
3,409,102,22,0.7083333333333334,work,1,1.1102230246251565e-16,0.0,0.004146071534542455,0.025942465542700053,0.004564520868200133,0.01604940378367407,0.00833983193083436,0.02983770031385213,1.4226831110362866e-07,5.179091452653055e-07
3,410,102,22,0.7166666666666667,work,2,1.1102230246251565e-16,0.0,0.002767990551019177,0.017286572351960655,0.007002165000744536,0.02309450529345469,0.009630145251094971,0.029683624876587964,2.4877101929835556e-07,1.7377590819732256e-07
3,411,102,22,0.725,work,3,1.1102230246251565e-16,0.0,0.0013860160858871655,0.008639151111745855,0.009203473980398214,0.029109431540816123,0.01053380696533591,0.031263053405788256,3.0202614406107727e-07,8.360600554410005e-07
3,412,102,22,0.7333333333333333,work,4,1.1102230246251565e-16,0.0,8.233126005526793e-09,9.424321830774485e-08,0.011007661969914382,0.03388946167466974,0.011007669030000604,0.033889546800502796,2.3294744082986855e-07,2.563692708922217e-07
3,413,103,23,0.7416666666666667,work,1,1.1102230246251565e-16,0.0,0.009914814542951985,0.028543219099035025,0.014183831793401014,0.042766312149072686,0.023873524597926785,0.06087749366316003,2.446924601858733e-07,1.3978528260658475e-07
3,414,103,23,0.75,work,2,1.1102230246251565e-16,0.0,0.006626986687093942,0.019064274746462846,0.016486789050856713,0.048827766972913134,0.022942866838534814,0.05982349628966731,2.355128781410664e-07,3.4240261593687747e-07
3,415,103,23,0.7583333333333333,work,3,1.1102230246251565e-16,0.0,0.0033221126357983904,0.009550045557603323,0.01796458240725071,0.052492073944624344,0.021185816730789016,0.05746919268103398,1.1587331306996826e-07,3.3585511653377587e-07
3,416,103,23,0.7666666666666666,work,4,1.1102230246251565e-16,0.0,2.4669425533601746e-08,1.2990531157078367e-07,0.01872873870572169,0.05412983151448564,0.018728761469051086,0.05412993475156193,2.6603940577821383e-07,4.086288571596775e-07
3,417,104,24,0.775,work,1,1.594436429147036e-16,0.0,0.01129247747018074,0.02489889892874014,0.01894584149625931,0.05480442622097579,0.02902052148579914,0.06956708432145978,2.1029080228935038e-07,1.7377590819732256e-07
3,418,104,24,0.7833333333333333,work,2,1.594436429147036e-16,0.0,0.0075297214121386935,0.01662592442310075,0.018756128663607503,0.05395909364205577,0.025434150209755046,0.06298408336201547,1.705228004326403e-07,9.443151663395766e-07
3,419,104,24,0.7916666666666666,work,3,1.594436429147036e-16,0.0,0.0037655903409573033,0.008327049271406926,0.018206720866007144,0.052040132030628815,0.021493435387524934,0.0561264621102681,9.269910456596654e-08,2.698715072315163e-07
3,420,104,24,0.8,work,4,1.594436429147036e-16,0.0,5.35283286966719e-08,9.424321830774485e-08,0.017393114274659366,0.04937399143749815,0.01739316280123783,0.0493740482141573,1.5000625717166e-07,9.620197052698809e-07
3,421,105,25,0.8083333333333333,work,1,5.551115123125783e-17,0.0,0.011428437225376563,0.02653480822429986,0.01651214525310669,0.046574752433784505,0.026839916013026974,0.06255446388094854,1.7191404993056602e-07,9.214654465759065e-07
3,422,105,25,0.8166666666666667,work,2,5.551115123125783e-17,0.0,0.007626323371922748,0.01772466004081501,0.015509022006680247,0.043344762468068065,0.02229838088696312,0.05321403563590305,1.1134243924454176e-07,2.5463115409962945e-07
3,423,105,25,0.825,work,3,5.551115123125783e-17,0.0,0.0038169209776420417,0.008880691211032405,0.014463374743518413,0.040048044797943376,0.017783687900859924,0.04445006377461638,9.421095167043819e-08,6.515744659029109e-07
3,424,105,25,0.8333333333333334,work,4,5.551115123125783e-17,0.0,2.4089342014461067e-08,4.2146848510894035e-08,0.01344317008203367,0.03687394148344212,0.013443147651229094,0.03687395598556575,8.606413853891305e-08,3.097148193542145e-07
3,425,106,26,0.8416666666666667,work,1,1.1102230246251565e-16,0.0,0.00863865221583882,0.023764119668072393,0.012247060685975199,0.03218285294005662,0.02060594696282564,0.041700905149923896,2.325422504753589e-07,5.397430144630339e-07
3,426,106,26,0.85,work,2,1.1102230246251565e-16,0.0,0.005791801754580338,0.015924095239324046,0.01121831230315074,0.028419674175663892,0.016704066254606516,0.03414868787880297,6.699917386366241e-08,3.526258339345231e-07
3,427,106,26,0.8583333333333333,work,3,1.1102230246251565e-16,0.0,0.002912635632662654,0.008003713611759552,0.010325568747758853,0.025490936698736453,0.013026540176019561,0.027673421628576146,6.616843771772961e-08,3.053829302179697e-07
3,428,106,26,0.8666666666666667,work,4,1.1102230246251565e-16,0.0,4.939571096070408e-09,5.960464477539063e-08,0.009610909573089103,0.023353101905664694,0.00961090979246783,0.023353069351496777,1.6679069339095976e-07,7.760057786876928e-07
3,429,107,27,0.875,work,1,2.1677797545656835e-16,0.0,0.00904255616661039,0.025930057435199227,0.009326286736220601,0.02206521028567942,0.01795702625800991,0.03476219389189364,4.7829912828954786e-08,9.396006328126545e-07
3,430,107,27,0.8833333333333333,work,2,2.1677797545656835e-16,0.0,0.006061152346225149,0.017415192318421126,0.00914443135128225,0.021487797165311684,0.014879017088783017,0.02854828637010181,1.681577442030778e-07,6.848052318737575e-07
3,431,107,27,0.8916666666666666,work,3,2.1677797545656835e-16,0.0,0.0030473315021923224,0.00877256026333782,0.009057670773079295,0.0213364059438181,0.01191493981432869,0.023709770281747547,7.799328244927246e-08,6.377975511262652e-07
3,432,107,27,0.9,work,4,2.1677797545656835e-16,0.0,1.8798469743948456e-08,4.2146848510894035e-08,0.009079592079206774,0.021519617879244144,0.009079608767647903,0.021519616923158093,1.3615822005758897e-07,5.615187788431893e-07
3,433,108,28,0.9083333333333333,work,1,6.206335383118183e-17,0.0,0.01080589183132294,0.02502559396270508,0.0093740302879166,0.023097454326611404,0.019460105010798506,0.03718698971203038,1.6433719616428508e-07,6.861009855998394e-07
3,434,108,28,0.9166666666666666,work,2,6.206335383118183e-17,0.0,0.007227704797416508,0.016762633800971347,0.009869222353766385,0.02464954948368481,0.016634171151980924,0.03231615902485465,1.2540858463218532e-07,3.9311963195422116e-07
3,435,108,28,0.9249999999999999,work,3,6.206335383118183e-17,0.0,0.0036262826690468554,0.008422598361783551,0.010369215629634207,0.025966036387228143,0.013735571702372107,0.028803640772020713,8.429553285182674e-08,5.575503985246947e-07
3,436,108,28,0.9333333333333333,work,4,6.206335383118183e-17,0.0,1.943948994946304e-08,4.2146848510894035e-08,0.010806208682709742,0.026993069819003845,0.010806225984717364,0.026993084748662705,1.54247339990331e-07,2.1696418193818693e-07
3,437,109,29,0.9416666666666667,work,1,7.850462293418876e-17,0.0,0.011041791708408638,0.022856992691925353,0.011049357616892056,0.027492333628725763,0.02151777329724467,0.03880211944084013,2.1313045721584207e-07,3.9311963195422116e-07
3,438,109,29,0.95,work,2,7.850462293418876e-17,0.0,0.007391489051895165,0.015307081829622088,0.011212658427259145,0.027681215223342097,0.018166709484133858,0.03396567882127253,1.0303681978398085e-07,5.65459309846471e-07
3,439,109,29,0.9583333333333334,work,3,7.850462293418876e-17,0.0,0.003711553172980402,0.007691061955947043,0.011305738101929383,0.027669855700153314,0.014747846767941657,0.030089288514766957,1.1419480692604013e-07,4.842304232499588e-07
3,440,109,29,0.9666666666666667,work,4,7.850462293418876e-17,0.0,4.6961857579274746e-08,1.264405455326821e-07,0.011347143239460311,0.0275277116773766,0.011347185971559067,0.02752782707271519,1.0355659679541953e-07,2.598106231415675e-07
4,441,110,1,0.008333333333333333,startup,1,1.3597399555105182e-16,0.0,0.00920016067667965,0.029653215891151146,0.0019926625082533453,0.0033808358048262243,0.011065627793219592,0.029676884137584028,1.552479529930681e-07,5.479090306416241e-07
4,442,110,1,0.016666666666666666,startup,2,1.3597399555105182e-16,0.0,0.006132338522108021,0.019703942793459984,0.003154334714107802,0.005996885741610316,0.008954143645063013,0.0195744300189614,1.646737601433644e-07,8.554875906948706e-07
4,443,110,1,0.025,startup,3,1.3597399555105182e-16,0.0,0.003065573672334784,0.009819377278746027,0.0038130005782202525,0.007834463344970045,0.006388880645841744,0.010413759501013774,2.957829008277056e-07,8.09614521694554e-07
4,444,110,1,0.03333333333333333,startup,4,1.3597399555105182e-16,0.0,7.535842154680236e-09,4.2146848510894035e-08,0.00426864237599775,0.009316867303692671,0.004268649784189953,0.009316838807312601,1.9405590446366101e-07,6.697238997889858e-07
4,445,111,2,0.041666666666666664,work,1,2.7755575615628914e-17,0.0,0.0058482249109593504,0.020612728423038,0.005284041059685826,0.012181266004374622,0.009755005255666152,0.011449177747982785,2.605964578605389e-07,5.930587274471662e-07
4,446,111,2,0.05,work,2,2.7755575615628914e-17,0.0,0.0038970518728796417,0.01370737452199447,0.007099642333533787,0.01639358228452609,0.008987763390981349,0.00607782260848513,4.0345493220682027e-07,5.763494850937659e-07
4,447,111,2,0.058333333333333334,work,3,2.7755575615628914e-17,0.0,0.0019476396428341322,0.0068364277448907445,0.009297684539418268,0.021399620792141045,0.009715346109653597,0.015280731470876234,2.9294839940091044e-07,7.662153322805476e-07
4,448,111,2,0.06666666666666667,work,4,2.7755575615628914e-17,0.0,2.4318383820242482e-08,8.429369702178807e-08,0.011607318519793892,0.026657216385705545,0.011607306809625673,0.02665724684043035,2.719791670190833e-07,4.558878702157255e-07
4,449,112,3,0.075,work,1,1.2412670766236366e-16,0.0,0.0060949786571709505,0.022101929511326744,0.013673404620927287,0.03274706109912625,0.01594845199022667,0.01755196246609827,2.81703791222813e-07,7.644745909202539e-07
4,450,112,3,0.08333333333333333,work,2,1.2412670766236366e-16,0.0,0.004062794192584577,0.014690518964939414,0.013172020526421751,0.03537209440043609,0.014729290420506533,0.024812694162256035,2.959734677372423e-07,8.840797528142599e-07
4,451,112,3,0.09166666666666666,work,3,1.2412670766236366e-16,0.0,0.0020311532919062877,0.007323179665463177,0.01252236743075345,0.03456944541532801,0.013316113796863267,0.028915070805831486,3.514961293030874e-07,8.269808844036882e-07
4,452,112,3,0.1,work,4,1.2412670766236366e-16,0.0,3.152803177204164e-08,9.424321830774485e-08,0.012341660799225766,0.03303515643523165,0.01234167318950222,0.03303521161541353,3.850250368405843e-07,9.396006328126545e-07
4,453,113,4,0.10833333333333334,work,1,6.206335383118183e-17,0.0,0.006147676447929298,0.024927599546515664,0.01163214250929597,0.03261237545739374,0.01532109710626366,0.013191872877338211,2.20297817952804e-07,6.690604782296345e-07
4,454,113,4,0.11666666666666667,work,2,6.206335383118183e-17,0.0,0.004100712512879375,0.016580016082554862,0.010596439007675611,0.030581200664396936,0.013095805064966182,0.01675048390552898,2.9749412037038756e-07,4.4604031881975524e-07
4,455,113,4,0.125,work,3,6.206335383118183e-17,0.0,0.0020515157960872203,0.008270846834920024,0.010019333371899215,0.028326435907753893,0.011212837420346027,0.02090507823012574,2.445584474299708e-07,4.730972011800879e-07
4,456,113,4,0.13333333333333333,work,4,6.206335383118183e-17,0.0,1.8748273562591817e-08,1.1920928955078128e-07,0.009742727815208223,0.02697837818141499,0.009742743593744746,0.02697850085913484,2.0209463693279306e-07,7.47438442944558e-07
4,457,114,5,0.14166666666666666,work,1,3.925231146709438e-17,2.9802322387695312e-08,0.005769880868903182,0.028621514241256127,0.00933788946890245,0.025880956620241587,0.013162729715891204,0.00408168295446496,1.9936196882677578e-07,6.495265578539212e-07
4,458,114,5,0.15,work,2,3.925231146709438e-17,2.9802322387695312e-08,0.0038505445371776223,0.019065055202145124,0.008824334254720297,0.025569264975355756,0.011214808034875587,0.007107024023498262,3.2416858501623214e-07,5.638864019043613e-07
4,459,114,5,0.15833333333333333,work,3,3.925231146709438e-17,2.9802322387695312e-08,0.0019272402208928784,0.00952443189704005,0.007822178899754435,0.02494035395992356,0.009010995662594595,0.015865201855993882,3.091713555109232e-07,9.019819468511155e-07
4,460,114,5,0.16666666666666666,work,4,3.925231146709438e-17,2.9802322387695312e-08,8.891825642884001e-09,1.264405455326821e-07,0.007125069101756091,0.02334779105875021,0.0071250615463814065,0.0233476675168746,3.319326746366328e-07,1.0770148634667914e-06
4,461,115,6,0.175,work,1,1.2719202621569003e-16,0.0,0.0060474984818901685,0.03232032895989402,0.006401999142853721,0.020430348774861423,0.011006258187595284,0.01708103916999992,4.1517501631830965e-07,9.248328595866584e-07
4,462,115,6,0.18333333333333332,work,2,1.2719202621569003e-16,0.0,0.004035978752031703,0.021548898200950177,0.006088557417437277,0.018731152190030458,0.009085401431338035,0.011155389501169616,2.594023917208855e-07,8.596304119739573e-07
4,463,115,6,0.19166666666666665,work,3,1.2719202621569003e-16,0.0,0.0020201495577483117,0.010775512700689703,0.006036830164248393,0.01791013214040289,0.007385001677700167,0.010534575435776211,3.1092393733086607e-07,7.360630652444684e-07
4,464,115,6,0.2,work,4,1.2719202621569003e-16,0.0,1.4298889121608043e-08,5.960464477539063e-08,0.0062176552786363136,0.017806456704250156,0.0062176533988881535,0.017806442929320543,2.3763505745434153e-07,7.263456348749403e-07
4,465,116,7,0.20833333333333334,work,1,1.3597399555105182e-16,0.0,0.004938291141598576,0.029037241987629248,0.005923323156600464,0.017631261070811387,0.008170292145706935,0.01707952182933636,2.9367518921355377e-07,7.232821643061437e-07
4,466,116,7,0.21666666666666667,work,2,1.3597399555105182e-16,0.0,0.0032950422545959847,0.019359155178758882,0.005830289465010183,0.01825368437261355,0.006824592955465741,0.009486422658125581,9.661790167968014e-08,3.601028315304097e-07
4,467,116,7,0.225,work,3,1.3597399555105182e-16,0.0,0.0016489425542053624,0.00968020253968821,0.005692099020596146,0.01955746363570528,0.00593279505538261,0.01163194553813809,2.449454727663068e-07,2.2696772533249593e-07
4,468,116,7,0.23333333333333334,work,4,1.3597399555105182e-16,0.0,1.697584703875253e-08,5.16191365590357e-08,0.005309824979487682,0.021658319352844364,0.005309831649968636,0.021658263295395316,2.985689021467537e-07,3.976125736274229e-07
4,469,117,8,0.24166666666666667,work,1,4.3513449035050985e-15,0.0,0.005122917358501696,0.03368416053445083,0.004919424129525491,0.021755960316596705,0.007682713313991948,0.020505364643138214,2.6494826222796144e-07,4.5295608501346993e-07
4,470,117,8,0.25,work,2,4.3513449035050985e-15,0.0,0.0034144605128494615,0.02245297017959028,0.004796547578488726,0.02118036216650537,0.006419763034889235,0.014126175518227384,1.716041470151706e-07,5.004660971089217e-07
4,471,117,8,0.2583333333333333,work,3,4.3513449035050985e-15,0.0,0.0017068130343563471,0.011225043197228684,0.004806236739253184,0.021807926681103585,0.005429477117584967,0.014761147671034737,2.596933049630588e-07,5.763494850937659e-07
4,472,117,8,0.26666666666666666,work,4,4.3513449035050985e-15,0.0,2.5208881033645915e-08,1.032382731180714e-07,0.00482243185650644,0.02296340494739966,0.0048224124131590745,0.022963499997036545,3.906493404224074e-07,8.085167387873309e-07
4,473,118,9,0.275,work,1,1.1534169999720318e-14,0.0,0.004420915211035191,0.029717693761355385,0.0043631055005733015,0.022787541954352387,0.006167103760669173,0.021337913073937724,3.3382769018830866e-07,7.052516678690489e-07
4,474,118,9,0.2833333333333333,work,2,1.1534169999720318e-14,0.0,0.0029393129462422464,0.01979489844281168,0.004105702646164515,0.022835818452135608,0.004918505881744525,0.01642052966087857,2.4912197977433526e-07,8.429369702178869e-07
4,475,118,9,0.2916666666666667,work,3,1.1534169999720318e-14,0.0,0.001465667206993209,0.009888983065249784,0.003943019856854133,0.02363601622872208,0.004043911870649512,0.017758746855641324,3.454725774218807e-07,6.822063411628993e-07
4,476,118,9,0.3,work,4,1.1534169999720318e-14,0.0,2.1279562803413188e-08,0.0,0.00403906004849206,0.023253999239516817,0.00403904725834428,0.023254033741822836,4.240197706184574e-07,7.598131170262121e-07
4,477,119,10,0.30833333333333335,work,1,2.435541875787129e-16,0.0,0.004167556645624218,0.029852008904161734,0.003679460810963254,0.022722650241896875,0.000712559154849949,0.014641705811400889,5.745021774917676e-07,1.275943197525025e-06
4,478,119,10,0.31666666666666665,work,2,2.435541875787129e-16,0.0,0.002774855792689541,0.019892273474002315,0.003868276610744247,0.022762239624701315,0.0012647461158664186,0.010621005865419407,3.259470479987169e-07,8.565251745700851e-07
4,479,119,10,0.325,work,3,2.435541875787129e-16,0.0,0.0013857602243589106,0.00994155859631621,0.0044328351791515725,0.02301231755327396,0.003141213471489555,0.015193101650130639,3.578521667592629e-07,8.518460946057177e-07
4,480,119,10,0.3333333333333333,work,4,2.435541875787129e-16,0.0,1.0052311642298572e-08,9.424321830774485e-08,0.005257397433401006,0.0246684461631402,0.005257403967090106,0.024668539797372272,3.5727626552591565e-07,7.974557972109163e-07
4,481,120,11,0.3416666666666667,work,1,1.1443916996305594e-16,0.0,0.006887757120937479,0.03364390738324398,0.005356867226146721,0.02601356212628358,0.005716260751532133,0.018793765108539234,4.666489869121565e-07,9.702933189928452e-07
4,482,120,11,0.35,work,2,1.1443916996305594e-16,0.0,0.004595825840034385,0.022435542659791956,0.005181382086938194,0.027109221962661186,0.004792533140942121,0.0146143731339846,3.114096063006915e-07,6.293866658789802e-07
4,483,120,11,0.35833333333333334,work,3,1.1443916996305594e-16,0.0,0.002300045274495709,0.01122086613858161,0.005020008110275246,0.028532639195929375,0.004385477745199292,0.01998908689276926,3.696881572634381e-07,6.670662547826616e-07
4,484,120,11,0.36666666666666664,work,4,1.1443916996305594e-16,0.0,3.379911828037668e-08,8.429369702178807e-08,0.004853808004371612,0.030527664269414508,0.004853778140446355,0.03052763761883832,2.854978571247598e-07,5.230286352272122e-07
4,485,121,12,0.375,work,1,9.873692491307602e-15,0.0,0.006262037736260984,0.03330829613693671,0.004698743708627265,0.03339086076288889,0.005917612153972848,0.015763028115611696,4.6567428543646967e-07,1.1804880094730048e-06
4,486,121,12,0.3833333333333333,work,2,9.873692491307602e-15,0.0,0.004180156682517273,0.02220346591471916,0.004456732345268644,0.035272505547000746,0.004530937011238212,0.018341251039773417,3.144828754893787e-07,6.251387883246874e-07
4,487,121,12,0.39166666666666666,work,3,9.873692491307602e-15,0.0,0.00209289104290277,0.011100743460508449,0.0042174033528457186,0.036711297281722184,0.003757487309563097,0.027182801578597784,4.779720495153374e-07,1.1573128604261797e-06
4,488,121,12,0.4,work,4,9.873692491307602e-15,0.0,1.2392796245674085e-08,9.884312124119402e-08,0.0040249006739352024,0.03847916929382047,0.004024896750557064,0.03847906469594584,4.290733354490106e-07,9.624812163087905e-07
4,489,122,13,0.4083333333333333,work,1,5.551115123125783e-17,0.0,0.006020944098377024,0.03234392236239415,0.003761159910819434,0.04080482423537889,0.005253869015688698,0.017977967360038063,2.097744361412869e-07,5.487189483500131e-07
4,490,122,13,0.4166666666666667,work,2,5.551115123125783e-17,0.0,0.0040190313772917935,0.021557694104978296,0.003511776883087124,0.04239780170376908,0.003816528181306729,0.024599896554765487,1.817179519662025e-07,2.665600749850024e-07
4,491,122,13,0.425,work,3,5.551115123125783e-17,0.0,0.0020120949825158402,0.010776380667491342,0.003255744214974768,0.0442414906598009,0.0029333773279728186,0.03473207905803979,2.554005975663217e-07,7.996802249550121e-07
4,492,122,13,0.43333333333333335,work,4,5.551115123125783e-17,0.0,9.638341986461227e-09,4.2146848510894035e-08,0.003050623972698571,0.04580128333678061,0.0030506146712313163,0.04580122824610984,2.7336263256990386e-07,8.183437715617463e-07
4,493,123,14,0.44166666666666665,work,1,1.7554167342883506e-16,0.0,0.0050688225429703915,0.03283691908213116,0.0036778357097436857,0.046818519355710984,0.006635666646778341,0.03350168252785993,8.358600564884432e-08,4.674311620401787e-07
4,494,123,14,0.45,work,2,1.7554167342883506e-16,0.0,0.0033883040548397052,0.021916847775435795,0.004493813317036863,0.047699419168487085,0.0060243701308039625,0.036564818439012756,4.5845204371164805e-07,1.2017396184001121e-06
4,495,123,14,0.4583333333333333,work,3,1.7554167342883506e-16,0.0,0.0016989200492343458,0.010971167883256036,0.005323599459578708,0.04936933965878052,0.005829787228164032,0.04296594946421975,3.952576279987603e-07,7.052516678690489e-07
4,496,123,14,0.4666666666666667,work,4,1.7554167342883506e-16,0.0,2.7706820879612134e-08,7.884953353001448e-08,0.006100275000970488,0.051080413493388696,0.006100251312711172,0.05108036790141514,2.764826003821176e-07,2.7957056521316965e-07
4,497,124,15,0.475,work,1,2.3221980631040627e-16,0.0,0.010422902573474627,0.044714441614031965,0.009162801270196204,0.05282536121106416,0.01855259600645929,0.056728574650534096,3.071257705772008e-07,6.481576910892618e-07
4,498,124,15,0.48333333333333334,work,2,2.3221980631040627e-16,0.0,0.006971300198603777,0.029884047651730822,0.012220186180906431,0.05647095358164659,0.018042099620012558,0.05716307447261945,1.7858314250018062e-07,2.2302015940987725e-07
4,499,124,15,0.49166666666666664,work,3,2.3221980631040627e-16,0.0,0.0034970308467191253,0.014979150277259039,0.014055611289822306,0.05702287713116106,0.016835012703372614,0.05632364308580119,2.907231397386446e-07,3.2373608622551644e-07
4,500,124,15,0.5,work,4,2.3221980631040627e-16,0.0,1.8694805263946624e-08,5.960464477539063e-08,0.014670563759224011,0.05548492705600537,0.014670546135598863,0.05548497013781652,4.0278694067742443e-07,1.1014770634518005e-06
4,501,125,16,0.5083333333333333,work,1,1.2719202621569003e-16,0.0,0.01575241875690742,0.042377927458134755,0.017841963425807145,0.061465717999849664,0.03305589839234526,0.07472361298579246,2.109063702238684e-07,4.2774379534743284e-07
4,502,125,16,0.5166666666666666,work,2,1.2719202621569003e-16,0.0,0.010502132161057848,0.028228715458972837,0.020711907003461424,0.06750747365741028,0.03064734139597088,0.07470522637046319,5.546626630008181e-07,1.1174877440484116e-06
4,503,125,16,0.525,work,3,1.2719202621569003e-16,0.0,0.00525114441645058,0.014102638595834993,0.023156461140975585,0.07294333580592653,0.027987125615167426,0.07571258928557213,2.406635531939523e-07,2.475566823160076e-07
4,504,125,16,0.5333333333333333,work,4,1.2719202621569003e-16,0.0,3.1511706508556884e-08,1.032382731180714e-07,0.025102282492786357,0.077283863332078,0.02510225302420262,0.07728376498582536,3.378007042446396e-07,4.712160915387253e-07
4,505,126,17,0.5416666666666666,work,1,1.6184142622847344e-16,0.0,0.015009883422846749,0.026793646514265166,0.027064646203323776,0.08277799240904286,0.04134520329310684,0.0930354748388486,2.3316778124282305e-07,3.068336886461678e-07
4,506,126,17,0.55,work,2,1.6184142622847344e-16,0.0,0.009996547882940517,0.017819386760102442,0.02845792031216639,0.08562137166054963,0.03783099990555648,0.09195601212438691,2.3658216007920255e-07,8.237525797537179e-07
4,507,126,17,0.5583333333333333,work,3,1.6184142622847344e-16,0.0,0.004993198817146732,0.008888160251984389,0.02926972848717398,0.08687291884828374,0.033879446654232856,0.0897684047985458,3.732304901112188e-07,9.049312144928637e-07
4,508,126,17,0.5666666666666667,work,4,1.6184142622847344e-16,0.0,2.1777256179869815e-08,7.300048299977715e-08,0.029569750349667523,0.08678090480228767,0.029569735782731383,0.08678083804942696,3.894247317139446e-07,8.344650268554748e-07
4,509,127,18,0.575,work,1,1.2412670766236366e-16,0.0,0.013224040229006915,0.008184186767667799,0.029463972334115733,0.08579808081774389,0.04134475165636851,0.0879865204308672,3.226915854661241e-07,7.679521278575185e-07
4,510,127,18,0.5833333333333334,work,2,1.2412670766236366e-16,0.0,0.008797713453644676,0.005462274154029237,0.029103341206100104,0.08376551392840596,0.03690732927854657,0.08512755666381748,7.106443506566215e-08,5.945544643181586e-07
4,511,127,18,0.5916666666666667,work,3,1.2412670766236366e-16,0.0,0.004389664306551133,0.0027344515363596847,0.028454719416567263,0.08116752198670815,0.03228492543927125,0.08179749611594515,2.626688086357554e-07,2.4575624618635555e-07
4,512,127,18,0.6,work,4,1.2412670766236366e-16,0.0,2.384069691872186e-08,4.2146848510894035e-08,0.02757699659457437,0.0781500779717904,0.027577011223926785,0.07815006138301427,2.571998339665637e-07,7.598131170262121e-07
4,513,128,19,0.6083333333333333,work,1,5.551115123125783e-17,0.0,0.012462494604557839,0.019535097873697414,0.026876950514527768,0.07620107829825107,0.038499601823979886,0.08154836470004607,9.189793869123314e-08,5.057621821307297e-07
4,514,128,19,0.6166666666666667,work,2,5.551115123125783e-17,0.0,0.00829611219432586,0.013059058479436393,0.02606010353044202,0.07334696026260501,0.03371876609918822,0.0761875861307126,1.6728831995751437e-07,3.964941112890867e-07
4,515,128,19,0.625,work,3,5.551115123125783e-17,0.0,0.0041418939867135735,0.0065472092274205815,0.025111831676151723,0.07016554265654873,0.028885439930012226,0.07120995273339954,2.593184325757185e-07,5.662441253662128e-07
4,516,128,19,0.6333333333333333,work,4,5.551115123125783e-17,0.0,1.3716771134965893e-08,7.300048299977715e-08,0.02408686317524136,0.06681947631892793,0.024086852646506736,0.06681952945525708,2.3222372522327244e-07,5.778884717722352e-07
4,517,129,20,0.6416666666666666,work,1,7.850462293418876e-17,0.0,0.010169371911865538,0.020977132210904657,0.02277735793833136,0.06343785826681159,0.03241302405806166,0.06792004316064505,4.066427532396177e-07,7.77149487161957e-07
4,518,129,20,0.65,work,2,7.850462293418876e-17,0.0,0.006776254966641713,0.014007899858649211,0.021552521105865922,0.059703987823833723,0.027927926418117494,0.06172426662550302,4.7333576349437047e-07,1.149226396361536e-06
4,519,129,20,0.6583333333333333,work,3,7.850462293418876e-17,0.0,0.003386498069516844,0.007015526826674989,0.020412199347139597,0.05608380867495098,0.023569000087598078,0.05656667696102219,2.9297218032195863e-07,7.929882225781773e-07
4,520,129,20,0.6666666666666666,work,4,7.850462293418876e-17,0.0,1.639928294610815e-08,1.264405455326821e-07,0.019383242416033588,0.05280113791854585,0.019383257583030968,0.05280127051581894,3.288428426934396e-07,4.906081447945347e-07
4,521,130,21,0.675,work,1,1.6653345369377348e-16,0.0,0.010056552539879296,0.021545825206246264,0.01848560197613298,0.04998102893211165,0.028034961913840955,0.055761610232586356,4.6381743903159984e-07,9.461944023601825e-07
4,522,130,21,0.6833333333333333,work,2,1.6653345369377348e-16,0.0,0.0067013833381652736,0.014382689894301722,0.017722618980819855,0.04742626654316076,0.024046113265800535,0.05027687680509373,4.6808408834829963e-07,8.248300852238026e-07
4,523,130,21,0.6916666666666667,work,3,1.6653345369377348e-16,0.0,0.0033492052535010397,0.007200800186728559,0.01709890878902464,0.0452521655554032,0.020232297322474505,0.0461249414397905,2.3883490368091287e-07,3.6983709472390636e-07
4,524,130,21,0.7,work,4,1.6653345369377348e-16,0.0,1.6414228299607634e-08,8.429369702178807e-08,0.016613558868755846,0.043489348476791,0.01661355294733122,0.043489297416315444,2.5971163034934923e-07,5.607273495860947e-07
4,525,131,22,0.7083333333333334,work,1,1.0007415106216802e-16,0.0,0.010443402793222287,0.020067840925569274,0.016305340402789133,0.04222861385931314,0.02629244333346165,0.05011245121272008,3.90501949856801e-07,7.794318694247069e-07
4,526,131,22,0.7166666666666667,work,2,1.0007415106216802e-16,0.0,0.006960101150502863,0.013400803354843963,0.016105202908644065,0.04130647615874158,0.022722810604725155,0.04595308912443556,1.5974084107234567e-07,2.632069845893339e-07
4,527,131,22,0.725,work,3,1.0007415106216802e-16,0.0,0.0034789668191336246,0.0067115006812866205,0.01601579979011599,0.040667022945924454,0.01929779563229094,0.042639703904814946,3.0188247373783105e-07,6.782893345797716e-07
4,528,131,22,0.7333333333333333,work,4,1.0007415106216802e-16,0.0,2.203375581084308e-08,5.960464477539063e-08,0.016026873694628154,0.04027953064778787,0.016026893162668036,0.040279544172277935,3.5844378484697396e-07,5.07515262541963e-07
4,529,132,23,0.7416666666666667,work,1,2.2887833992611187e-16,0.0,0.009765675755092882,0.018047157509308534,0.015902115839253803,0.039667429845457444,0.0253227522018438,0.04943714672094898,1.6155409539827946e-07,4.568609510885455e-07
4,530,132,23,0.75,work,2,2.2887833992611187e-16,0.0,0.006510780461314641,0.012050302750121377,0.015847536246542473,0.03922419287775763,0.022087665097062108,0.045339446389480564,2.2944127273932178e-07,4.042583693936634e-07
4,531,132,23,0.7583333333333333,work,3,2.2887833992611187e-16,0.0,0.0032555789865237835,0.006034631168897723,0.015875197049262785,0.0389559450315853,0.018971801650595553,0.041770441878993446,3.2494432272530574e-07,5.945544643181586e-07
4,532,132,23,0.7666666666666666,work,4,2.2887833992611187e-16,0.0,1.8567203298569097e-08,5.960464477539063e-08,0.015977930503437935,0.03885699803336048,0.01597791398154376,0.03885695262917943,2.6814555310561457e-07,5.778884717722352e-07
4,533,133,24,0.775,work,1,1.415262216750919e-16,0.0,0.009454201618903103,0.019727285075136238,0.016108428439489182,0.038985124785022814,0.025208694896033446,0.050781320479383274,4.533094580440952e-07,9.780430246247114e-07
4,534,133,24,0.7833333333333333,work,2,1.415262216750919e-16,0.0,0.006305216124892373,0.013170173373922189,0.0162894938315379,0.03909340592861389,0.02232488106699639,0.04642007091456119,3.302963950257477e-07,9.807635946216882e-07
4,535,133,24,0.7916666666666666,work,3,1.415262216750919e-16,0.0,0.003153798428199852,0.006594456140846978,0.01649456738639746,0.039248574284197764,0.01949210254202222,0.042596902156776466,3.5938948505617e-07,5.840038639982192e-07
4,536,133,24,0.8,work,4,1.415262216750919e-16,0.0,1.0298881858122706e-08,0.0,0.016725753539146324,0.03947072540455895,0.016725746980256122,0.03947072917657849,3.9907763620499314e-07,8.376520468327582e-07
4,537,134,25,0.8083333333333333,work,1,2.7755575615628914e-17,0.0,0.009435378822865008,0.02318097240990325,0.0170394525642495,0.040125102951515175,0.026055902821089903,0.05374844791142032,3.466763485600608e-07,8.734673791976548e-07
4,538,134,25,0.8166666666666667,work,2,2.7755575615628914e-17,0.0,0.006295663661264038,0.015473348230948215,0.01733664739263159,0.04052073548303518,0.02332040450877048,0.048775184382117524,5.15455379281463e-07,1.0728836059570442e-06
4,539,134,25,0.825,work,3,2.7755575615628914e-17,0.0,0.003150584840837164,0.007746509744851004,0.017598564923925315,0.0408181260030061,0.0205708819018391,0.04446730464973654,1.0572951275322444e-07,2.980232238769534e-07
4,540,134,25,0.8333333333333334,work,4,2.7755575615628914e-17,0.0,1.6940840585328977e-08,1.0745380149674385e-07,0.017821617952880613,0.041047589255212305,0.017821634567855935,0.04104766706823714,1.160857308055941e-07,3.111453804049063e-07
4,541,135,26,0.8416666666666667,work,1,1.594436429147036e-16,0.0,0.009898909154254915,0.026130781024631948,0.01817608362797795,0.041752695810364775,0.027589332758897897,0.0569586442111805,9.827283927434654e-08,4.712160915387253e-07
4,542,135,26,0.85,work,2,1.594436429147036e-16,0.0,0.006607396639337073,0.017445175600265733,0.01846337262912842,0.04215296373027823,0.02470708824428413,0.05133079600745767,1.5256252487072526e-07,4.693274422891038e-07
4,543,135,26,0.8583333333333333,work,3,1.594436429147036e-16,0.0,0.003307871724554064,0.008735072205692281,0.01867239289783842,0.042360164802034785,0.02177129461548008,0.046381394840806514,2.9478169285667255e-07,4.814712530792817e-07
4,544,135,26,0.8666666666666667,work,4,1.594436429147036e-16,0.0,1.7250220521089183e-08,1.264405455326821e-07,0.018808350532383604,0.04242447690029049,0.018808365589499873,0.042424552500846605,3.4344178641451154e-07,7.127678837240613e-07
4,545,136,27,0.875,work,1,1.1443916996305594e-16,0.0,0.009768131123682258,0.026967397477918046,0.018860597106703715,0.042427583060710344,0.02813479122485131,0.05734254948314674,2.2476652257016512e-07,7.55122867782116e-07
4,546,136,27,0.8833333333333333,work,2,1.1443916996305594e-16,0.0,0.00652468038902142,0.018007512007155956,0.018841463267610978,0.042184729664455446,0.02499321967734763,0.05112346527897992,1.2964648371647674e-07,4.256623046721735e-07
4,547,136,27,0.8916666666666666,work,3,1.1443916996305594e-16,0.0,0.003268768218302587,0.009018597908761337,0.01876778723756527,0.04180519395939708,0.021822994284062154,0.04566116734350608,4.1394789803178425e-07,7.621474178161919e-07
4,548,136,27,0.9,work,4,1.1443916996305594e-16,0.0,1.8912417811402945e-08,4.2146848510894035e-08,0.01865845065087612,0.04135916360110956,0.018658466688400308,0.041359207468809056,7.230401609599077e-08,6.697238997889858e-07
4,549,137,28,0.9083333333333333,work,1,1.2719202621569003e-16,0.0,0.009390390749129318,0.025806187314415762,0.01840539654108588,0.04065357491429648,0.02734102229219901,0.05377657400167951,9.413060431651916e-08,4.3597039098524516e-07
4,550,137,28,0.9166666666666666,work,2,1.2719202621569003e-16,0.0,0.006277492183420287,0.017236236485672563,0.018136507385226493,0.03989273067474462,0.02407097635459389,0.04765813118719287,1.368201248438956e-07,6.440336342148305e-07
4,551,137,28,0.9249999999999999,work,3,1.2719202621569003e-16,0.0,0.0031475535846374656,0.008634564055974132,0.01787631915191942,0.03915619452924321,0.020828850770490095,0.042426010308550824,3.2773625765284246e-07,8.678567277527542e-07
4,552,137,28,0.9333333333333333,work,4,1.2719202621569003e-16,0.0,1.5926283858714852e-08,5.960464477539063e-08,0.01764472632929131,0.0384993093724669,0.017644713300137026,0.03849930058650459,3.494624455491592e-07,7.817075877549698e-07
4,553,138,29,0.9416666666666667,work,1,2.3055512673781017e-16,0.0,0.008734624247212493,0.023160822390723992,0.017192333528560453,0.03734354335308077,0.0255055939300053,0.04756252678016552,2.7615555242206304e-07,4.2878075152451354e-07
4,554,138,29,0.95,work,2,2.3055512673781017e-16,0.0,0.005842650842083236,0.015467526113782321,0.016792331110011504,0.036347193136289355,0.022321782697137957,0.04222447739306282,2.103481333582797e-07,2.3084779657169695e-07
4,555,138,29,0.9583333333333334,work,3,2.3055512673781017e-16,0.0,0.002931348662710126,0.00774781358333266,0.016470873047426605,0.03552223850748222,0.01922642880061274,0.03787961516933738,7.758800472690889e-08,3.31864617039563e-07
4,556,138,29,0.9666666666666667,work,4,2.3055512673781017e-16,0.0,9.094074275442699e-09,0.0,0.016240736719007273,0.034915760228175066,0.016240741865174876,0.03491579880290151,1.1655816803060053e-07,1.8371385344770487e-07
4,557,139,30,0.975,work,1,1.1443916996305594e-16,0.0,0.00790689567993948,0.01989231328238728,0.015746440781626868,0.033673478985298565,0.023262897476247026,0.041226753385109595,1.787773392670143e-07,2.2696772533249593e-07
4,558,139,30,0.9833333333333333,work,2,1.1443916996305594e-16,0.0,0.005289693127061049,0.013280709736946492,0.015372555880791389,0.032773422764684826,0.020374802455000673,0.03699191926829345,2.3512857171138644e-07,4.097141946812732e-07
4,559,139,30,0.9916666666666667,work,3,1.1443916996305594e-16,0.0,0.0026542574056000233,0.00665051947765181,0.015130636821602029,0.032186142110788386,0.01762462569161037,0.03380177155158277,2.102028384006783e-07,2.980232238769534e-07
4,560,139,30,1.0,work,4,1.1443916996305594e-16,0.0,1.5017849862274128e-08,0.0,0.01501444522482594,0.03187839907115499,0.015014458416826562,0.03187840705045389,1.783532122398571e-07,3.153981341200582e-07
4,561,140,31,1.0083333333333333,work,1,5.551115123125783e-17,0.0,0.007110599013709535,0.015775975964688473,0.014686793602329957,0.031029556668056863,0.021496963942519154,0.036007277454577595,1.9671039425198425e-07,4.0644948771553874e-07
4,562,140,31,1.0166666666666666,work,2,5.551115123125783e-17,0.0,0.004755424036617955,0.010533992003891103,0.014498228528439409,0.030612332749587665,0.019026232379464058,0.03338420763458349,1.6741188148083788e-07,5.575503985246947e-07
4,563,140,31,1.025,work,3,5.551115123125783e-17,0.0,0.0023853525303958218,0.005275708895689456,0.014445012006894263,0.030500104538757927,0.01670180797015731,0.03156609494980811,1.5434315489575529e-07,7.269567798167786e-07
4,564,140,31,1.0333333333333332,work,4,5.551115123125783e-17,0.0,1.1781528643350969e-08,0.0,0.014514854821454811,0.03066480669147318,0.014514857443929387,0.03066482395363104,7.716310322633095e-08,3.2917740992269735e-07
4,565,141,32,1.0416666666666667,work,1,5.551115123125783e-17,0.0,0.006394801203600101,0.011652723231564292,0.014392002964173123,0.030315648140437607,0.020549392817558486,0.03277275005048426,8.900871599510099e-08,1.3328003749250115e-07
4,566,141,32,1.05,work,2,5.551115123125783e-17,0.0,0.004272877730444164,0.007777620199410434,0.014375391058432668,0.03032841260006885,0.018468562719582842,0.03164226497754895,2.5186675972226117e-07,5.179091452653055e-07
4,567,141,32,1.0583333333333333,work,3,5.551115123125783e-17,0.0,0.002141333220609004,0.0038936819230583983,0.014464026681409723,0.03057939179902532,0.016505152049928445,0.03105998384366723,1.91808317425993e-07,2.1490760299348777e-07
4,568,141,32,1.0666666666666667,work,4,5.551115123125783e-17,0.0,2.0258716889861582e-08,8.429369702178807e-08,0.014644070012533405,0.031023404805913632,0.014644051312324166,0.031023341163292743,1.7527553337857596e-07,5.255696799918546e-07
4,569,142,33,1.075,work,1,2.0014830212433605e-16,2.9802322387695312e-08,0.005794961225669206,0.00871938648035335,0.014628570393587033,0.030923643528386044,0.02020708034926746,0.031545983244810685,2.0042556819469523e-07,3.6500241499888623e-07
4,570,142,33,1.0833333333333333,work,2,2.0014830212433605e-16,2.9802322387695312e-08,0.003867922719109761,0.005809950448872789,0.014689215360046316,0.031095221605193433,0.018399868394279973,0.031299175055640206,2.0184969470439593e-07,2.7957056521316965e-07
4,571,142,33,1.0916666666666666,work,3,2.0014830212433605e-16,2.9802322387695312e-08,0.0019363165951554575,0.0029037428892278987,0.014827093624692991,0.03144312709258525,0.01667846720690206,0.03144127124901577,1.5867074156138145e-07,1.264405455326821e-07
4,572,142,33,1.1,work,4,2.0014830212433605e-16,2.9802322387695312e-08,1.5732127652013255e-08,4.2146848510894035e-08,0.015031051850522411,0.0319300219974597,0.01503106694984424,0.031930045696156976,3.0268521398578956e-07,4.730972011800879e-07
4,573,143,34,1.1083333333333334,work,1,6.206335383118183e-17,0.0,0.0054084428619869266,0.0067366554283822275,0.015104944398495156,0.03206570886464647,0.020357063161006588,0.032014888383077526,2.815890389356877e-07,6.919018486883615e-07
4,574,143,34,1.1166666666666667,work,2,6.206335383118183e-17,0.0,0.003606670151880529,0.004482044525588053,0.015235557150742577,0.03239284164746696,0.018729462050484383,0.03222279259332847,2.9669253310740655e-07,4.887944301026096e-07
4,575,143,34,1.125,work,3,6.206335383118183e-17,0.0,0.0018039133994370133,0.002236666982573134,0.015419138253513069,0.03283777189496821,0.017162593076415097,0.03268938455311207,2.064062468158162e-07,3.039252468104833e-07
4,576,143,34,1.1333333333333333,work,4,6.206335383118183e-17,0.0,7.763375070491138e-09,0.0,0.01564261578838558,0.03337062363322045,0.015642613892266972,0.033370648399197095,1.840763104609078e-07,3.5388297101968327e-07
4,577,144,35,1.1416666666666666,work,1,1.2719202621569003e-16,0.0,0.004868056586015421,0.005503776723703146,0.01565116680630164,0.03336085567430616,0.02039333356925748,0.033098764150718836,1.2770186480184657e-07,2.528810910653644e-07
4,578,144,35,1.15,work,2,1.2719202621569003e-16,0.0,0.003244226930674793,0.0036540478755337164,0.015714333486303876,0.03350478713950665,0.018869264537180207,0.03322359729915358,1.9130352702363035e-07,4.4604031881975524e-07
4,579,144,35,1.1583333333333332,work,3,1.2719202621569003e-16,0.0,0.001621566648671068,0.0018195357464576918,0.015828325938152584,0.033773285463577635,0.017402568887033117,0.033584605042862516,2.0858225837440745e-07,5.5595511514478e-07
4,580,144,35,1.1666666666666667,work,4,1.2719202621569003e-16,0.0,9.43277174376876e-09,0.0,0.015980374243267457,0.03412750632791505,0.015980372552432103,0.034127474188848594,2.6895942640055307e-07,4.693274422891038e-07
4,581,145,36,1.175,work,1,1.2719202621569003e-16,0.0,0.004341871336623146,0.004555469865920611,0.0159209523100575,0.03399334996653885,0.020156854666775047,0.03471300743157817,1.6535157602948806e-07,7.384724434235059e-07
4,582,145,36,1.1833333333333333,work,2,1.2719202621569003e-16,0.0,0.0028933670069341798,0.003022391321957336,0.01594043021618428,0.03402798869807121,0.018759396296872254,0.03443150962448691,2.3337696000111342e-07,4.7590492435310335e-07
4,583,145,36,1.1916666666666667,work,3,1.2719202621569003e-16,0.0,0.001446073813250732,0.0015038279883558318,0.016022167785474408,0.03421997091059132,0.017428860224004677,0.034386316752580144,1.7894646579293135e-07,5.110033809984414e-07
4,584,145,36,1.2,work,4,1.2719202621569003e-16,0.0,2.16932204233647e-08,5.16191365590357e-08,0.016145036415098468,0.03450923077278446,0.016145057209323122,0.03450928344963036,1.7241330708449334e-07,3.9198835009234925e-07
4,585,146,37,1.2083333333333333,work,1,2.5805223067653003e-15,0.0,0.003997339673884172,0.00512435952504977,0.016117092600573767,0.0344606352417758,0.020024858763053193,0.036666839355903806,2.0049157695787967e-07,6.556510925292998e-07
4,586,146,37,1.2166666666666666,work,2,2.5805223067653003e-15,0.0,0.0026641444882581165,0.0034062874408575974,0.016157913680538746,0.03458365081849082,0.018758493660623165,0.03596919512586834,2.5420663310772884e-07,7.287871396921605e-07
4,587,146,37,1.225,work,3,2.5805223067653003e-15,0.0,0.0013317278572033478,0.0016981844836928058,0.016249114400719262,0.03481044657224227,0.01754677889737328,0.035462565941417716,1.0366866133189202e-07,5.519467347101031e-07
4,588,146,37,1.2333333333333334,work,4,2.5805223067653003e-15,0.0,2.952805711269709e-09,4.2146848510894035e-08,0.016370276829904808,0.03511018373913428,0.016370274415208275,0.035110150343245584,1.8982418803396556e-07,7.300048299977715e-08
5,589,147,1,0.008333333333333333,startup,1,1.3597399555105182e-16,0.0,0.009212034342643664,0.029712855972684072,0.0019007389128566407,0.004420448721950569,0.011031465285865145,0.03104911627591666,1.2247424943926622e-07,7.896209537680064e-07
5,590,147,1,0.016666666666666666,startup,2,1.3597399555105182e-16,0.0,0.006148109217562588,0.019783281098848766,0.0028839641544867287,0.0071957929523544985,0.008859480773077593,0.02189550055508686,2.3067067815565375e-07,5.847637912734942e-07
5,591,147,1,0.025,startup,3,1.3597399555105182e-16,0.0,0.003077356754050114,0.009878822965979897,0.0032385040479122906,0.0082181538146152,0.006092729726588272,0.01283113982392034,1.3450785193726183e-07,2.1490760299348777e-07
5,592,147,1,0.03333333333333333,startup,4,1.3597399555105182e-16,0.0,4.559597415096171e-08,1.4292691717483762e-07,0.003263343098273341,0.008245522379228832,0.0032633512812784453,0.008245546619341477,2.2959821006075964e-07,3.976125736274229e-07
5,593,148,2,0.041666666666666664,work,1,1.8410966031475738e-16,0.0,0.005860297846603349,0.02063999645610387,0.003456323970457828,0.009289292524417275,0.00854183116458711,0.013515891283503157,1.329945879680301e-07,1.7377590819732256e-07
5,594,148,2,0.05,work,2,1.8410966031475738e-16,0.0,0.003906893500025106,0.013738857086232781,0.004642983555595893,0.012574080070587051,0.006951804660459698,0.0032424137225760693,8.423814516622487e-08,4.4604031881975524e-07
5,595,148,2,0.058333333333333334,work,3,1.8410966031475738e-16,0.0,0.001953453796443445,0.006858802004304063,0.006195732102258447,0.016679073587707226,0.006725812334462961,0.010271570036252451,1.8988804893479025e-07,2.615143176136055e-07
5,596,148,2,0.06666666666666667,work,4,1.8410966031475738e-16,0.0,4.2098509618962845e-08,7.300048299977715e-08,0.007770656431539176,0.020773202801044267,0.007770689822711489,0.020773251616803632,9.81129237311913e-08,7.468440584028805e-07
5,597,149,3,0.075,work,1,1.1443916996305594e-16,0.0,0.006118225497058334,0.022142224085311912,0.009604493160398868,0.025654103729318537,0.012234689330162864,0.01166798241798875,1.8415384933157163e-07,5.495276723678658e-07
5,598,149,3,0.08333333333333333,work,2,1.1443916996305594e-16,0.0,0.004079863067622479,0.014726663683713169,0.011100883154314883,0.029411008777632613,0.01234456431057591,0.01820911808623694,1.6105702450316665e-07,4.2670431921709716e-07
5,599,149,3,0.09166666666666666,work,3,1.1443916996305594e-16,0.0,0.0020404596106428402,0.00734598649490694,0.010803750496453657,0.029923840259738963,0.011322907398596626,0.023855621490326058,2.7010650590785357e-07,4.558878702157255e-07
5,600,149,3,0.1,work,4,1.1443916996305594e-16,0.0,3.600358325973173e-08,1.8848643661548975e-07,0.009420947289615119,0.026962845450739393,0.009420913326495162,0.02696266071110262,3.057799602015471e-07,9.17117747868851e-07
5,601,150,4,0.10833333333333334,work,1,1.6184142622847344e-16,0.0,0.006230333891344449,0.0250018517526502,0.008458552167455101,0.024006360434160254,0.01187587604430637,0.005631637576380944,3.641443506293743e-07,8.699011516169631e-07
5,602,150,4,0.11666666666666667,work,2,1.6184142622847344e-16,0.0,0.004157661089115451,0.0166387985523981,0.007809247040522584,0.021807264509161376,0.00994231290664536,0.006411378960900007,2.8579495846325434e-07,8.637533632629843e-07
5,603,150,4,0.125,work,3,1.6184142622847344e-16,0.0,0.0020808985256760447,0.00830486783835121,0.007447878675639406,0.020446913196889446,0.00836151859762473,0.012397072280956701,3.673548496823754e-07,9.522763078612452e-07
5,604,150,4,0.13333333333333333,work,4,1.6184142622847344e-16,0.0,3.757331444601818e-08,5.16191365590357e-08,0.007165116966074062,0.019573389496330557,0.007165143952701808,0.019573382647403922,3.7023001277503567e-07,8.865877855207704e-07
5,605,151,5,0.14166666666666666,work,1,1.1775693440128312e-16,0.0,0.0057540676478044245,0.028442786019550248,0.006736369841789081,0.018450331840857894,0.010411426625070178,0.01225414397056651,3.1300659995505714e-07,5.908080220699036e-07
5,606,151,5,0.15,work,2,1.1775693440128312e-16,0.0,0.003842275649885232,0.018948265014686258,0.0063936774763441355,0.017515874561396493,0.0086322838766715,0.005547026194937678,2.395945902053205e-07,5.862806908162258e-07
5,607,151,5,0.15833333333333333,work,3,1.1775693440128312e-16,0.0,0.0019242346216915924,0.009467576138262872,0.006023988005879992,0.016532622425402838,0.00700919138859759,0.008007291587698345,2.386600025925904e-07,3.8628224721001805e-07
5,608,151,5,0.16666666666666666,work,4,1.1775693440128312e-16,0.0,2.0727949961001057e-08,1.1151007970493858e-07,0.005701588613282658,0.015467478245332893,0.0057015979549062444,0.015467417651434154,2.6301310904978666e-07,8.074174633112048e-07
5,609,152,6,0.175,work,1,1.798766884999431e-16,0.0,0.005431617254724357,0.029938790006557817,0.004818041411868933,0.013057946029426889,0.008202637753074593,0.01949933620065593,1.5413484786425604e-07,1.8371385344770487e-07
5,610,152,6,0.18333333333333332,work,2,1.798766884999431e-16,0.0,0.0036267933980764487,0.019958718371841423,0.004198024313787386,0.011408895532300964,0.0063891731413550775,0.01184077867669627,3.225771816926542e-07,8.487123767076879e-07
5,611,152,6,0.19166666666666665,work,3,1.798766884999431e-16,0.0,0.0018162344925202185,0.009979088342572745,0.0037885104904064643,0.010427565265211249,0.004812845035924909,0.007011367910835397,1.9147438627167026e-07,4.2878075152451354e-07
5,612,152,6,0.2,work,4,1.798766884999431e-16,0.0,5.1573426848714776e-08,1.976862424823881e-07,0.0037336754104852848,0.010382280064437987,0.003733652026685312,0.010382143269769297,4.464244062765706e-07,1.1371841447555525e-06
5,613,153,7,0.20833333333333334,work,1,2.486410087150353e-16,0.0,0.0056329914311120215,0.030336826517673558,0.003645213617101118,0.010372052113945127,0.00787330574167156,0.029506962568380708,3.4347976444723e-07,8.622095669203725e-07
5,614,153,7,0.21666666666666667,work,2,2.486410087150353e-16,0.0,0.0037613040017838648,0.020221431267701425,0.003915825089223794,0.011244115590412952,0.006587290973432809,0.022358710711440178,2.0088771467567044e-07,5.21327724591969e-07
5,615,153,7,0.225,work,3,2.486410087150353e-16,0.0,0.0018836239453143596,0.01010922800807944,0.0043613886709699505,0.012499799897155479,0.005535360492163027,0.016433827801099525,4.547423740695847e-07,1.385727874942172e-06
5,616,153,7,0.23333333333333334,work,4,2.486410087150353e-16,0.0,4.955203679915144e-08,8.940696716308595e-08,0.004756122183232585,0.0134922818320134,0.004756107485376686,0.013492216936185717,3.24240387725493e-07,9.485382117533504e-07
5,617,154,8,0.24166666666666667,work,1,1.7772239894833365e-16,0.0,0.005979321927134655,0.02914426933469548,0.004992136859296343,0.013927563135076856,0.009253481226799419,0.033360312682339535,2.3777270523430912e-07,6.364034564513776e-07
5,618,154,8,0.25,work,2,1.7772239894833365e-16,0.0,0.003990848927233226,0.019414322668474836,0.005056754389978335,0.0140273388076449,0.007616647216406583,0.025373041692371447,1.65692266938497e-07,4.172325134277351e-07
5,619,154,8,0.2583333333333333,work,3,1.7772239894833365e-16,0.0,0.0019977610047445886,0.00969977897476585,0.004967671788493378,0.013557424207473807,0.00601234541754548,0.01774179183964066,1.8750847619104483e-07,5.945544643181586e-07
5,620,154,8,0.26666666666666666,work,4,1.7772239894833365e-16,0.0,1.4796378684086855e-08,2.9802322387695312e-08,0.004994833125655589,0.013645561490192155,0.004994824056749416,0.013645541002514713,2.2517716326919108e-07,1.032382731180714e-07
5,621,155,9,0.275,work,1,1.2719202621569003e-16,0.0,0.006049821541327132,0.03105147328961923,0.004863972339123633,0.012881910382607895,0.007859309064398494,0.03246389648946528,3.7477887717008207e-07,7.127678837240613e-07
5,622,155,9,0.2833333333333333,work,2,1.2719202621569003e-16,0.0,0.004039937923585425,0.020700964435413118,0.00451050895634478,0.011358012861925936,0.0058354015765294965,0.022246643452612673,1.798919115146319e-07,5.110033809984414e-07
5,623,155,9,0.2916666666666667,work,3,1.2719202621569003e-16,0.0,0.0020233674014178923,0.01035039931600121,0.0041530531919915245,0.009569505058135957,0.00411038556076425,0.012464555799909093,3.0283347643763374e-07,5.794233708150282e-07
5,624,155,9,0.3,work,4,1.2719202621569003e-16,0.0,1.1229257377873901e-08,4.2146848510894035e-08,0.004194993898842663,0.008501359468101143,0.004194990262731832,0.008501331797385738,1.9028622685888335e-07,4.674311620401787e-07
5,625,156,10,0.30833333333333335,work,1,2.4394924734781536e-16,0.0,0.005286322754296242,0.03151345052613931,0.0048276995241808805,0.00913279683126677,0.0032477862249874283,0.028425013802305204,3.337157745607387e-07,7.108962799237147e-07
5,626,156,10,0.31666666666666665,work,2,2.4394924734781536e-16,0.0,0.003527830298972969,0.021003144618779387,0.006081977579524609,0.011919393591600444,0.0034723071750123314,0.018385765315680362,3.2131244125761954e-07,7.001960351747746e-07
5,627,156,10,0.325,work,3,2.4394924734781536e-16,0.0,0.001765776862254588,0.010498526053126579,0.007464949548400543,0.015196838988834845,0.005960346248066942,0.013567142787493087,4.186986093003278e-07,7.275674114068609e-07
5,628,156,10,0.3333333333333333,work,4,2.4394924734781536e-16,0.0,1.268423873767686e-08,1.5196262340524156e-07,0.008173281704682255,0.016613060118067763,0.00817327074849281,0.016612967055510627,2.7366711549850457e-07,6.151130032703392e-07
5,629,157,11,0.3416666666666667,work,1,6.206335383118183e-17,0.0,0.005033901999848359,0.030361240719627768,0.008026595050700363,0.013546765445487852,0.004319261616963587,0.030376059008928268,8.948407501621147e-08,2.4575624618635555e-07
5,630,157,11,0.35,work,2,6.206335383118183e-17,0.0,0.003358619720088874,0.020242732454255938,0.006877538040800563,0.009833388793543875,0.004462119508177817,0.022652839600366372,1.6041323525987516e-07,6.570043469979972e-07
5,631,157,11,0.35833333333333334,work,3,6.206335383118183e-17,0.0,0.0016806474637833157,0.010122274494068021,0.006063318659710161,0.009570728592158186,0.004889431621906026,0.014901496422818973,2.0235066088141274e-07,2.528810910653644e-07
5,632,157,11,0.36666666666666664,work,4,6.206335383118183e-17,0.0,1.1782269306992034e-08,7.300048299977715e-08,0.004917453195395613,0.010156367278808925,0.004917444820869057,0.010156331227161024,1.6241618994870487e-07,3.4240261593687747e-07
5,633,158,12,0.375,work,1,2.2073972817097756e-16,0.0,0.006885020750183026,0.02902921728070246,0.003823332958804654,0.011616265650859187,0.006565160615235461,0.035750191680792305,1.6416319208716164e-07,4.823927300047483e-07
5,634,158,12,0.3833333333333333,work,2,2.2073972817097756e-16,0.0,0.004588925999790218,0.019374995200138828,0.003399187123760043,0.01421128798992758,0.00571822996819544,0.02775970625882873,1.8949881795804243e-07,2.9351883535969594e-07
5,635,158,12,0.39166666666666666,work,3,2.2073972817097756e-16,0.0,0.0022941688816775956,0.009698684977174249,0.00361388027755581,0.01759189482703848,0.004918911872216717,0.02229035308543493,1.9318121360043746e-07,4.0205531010723307e-07
5,636,158,12,0.4,work,4,2.2073972817097756e-16,0.0,3.852459252501062e-08,1.4600096599955432e-07,0.004199802751749447,0.021328275044222366,0.004199805676219936,0.021328368470809076,3.3287549541081523e-07,7.737132898418456e-07
5,637,159,13,0.4083333333333333,work,1,7.850462293418876e-17,0.0,0.008001352772906208,0.028363442416154946,0.0054409419313943925,0.02540413100255291,0.012885617941673718,0.036865262034535835,3.0723395338567943e-07,5.07515262541963e-07
5,638,159,13,0.4166666666666667,work,2,7.850462293418876e-17,0.0,0.005327485531415511,0.019000772509345128,0.00640189048669452,0.02817373802464928,0.011342408898186935,0.03221679749081429,2.6975948000110196e-07,6.617189440481251e-07
5,639,159,13,0.425,work,3,7.850462293418876e-17,0.0,0.002660776905208457,0.009546548355489431,0.007282596079080558,0.03109964887105929,0.009720422926450319,0.03103546522985732,5.18076831109266e-07,1.0645729958708264e-06
5,640,159,13,0.43333333333333335,work,4,7.850462293418876e-17,0.0,1.0316590005604993e-08,5.960464477539063e-08,0.008131300058424494,0.034177316436240675,0.008131290432216352,0.03417728666622546,3.6932148642270233e-07,8.719407819704955e-07
5,641,160,14,0.44166666666666665,work,1,1.0007415106216802e-16,0.0,0.007742301533866518,0.03716118451457278,0.00863476196357831,0.035004117867302,0.01578497558658958,0.036092196097841894,1.8030113402905202e-07,2.615143176136055e-07
5,642,160,14,0.45,work,2,1.0007415106216802e-16,0.0,0.0051650254551520594,0.024933621663170827,0.008743352977370392,0.034822890462532556,0.013439656134415326,0.03166274290918401,2.302852044654026e-07,6.529361695112807e-07
5,643,160,14,0.4583333333333333,work,3,1.0007415106216802e-16,0.0,0.002584905946989093,0.012546583392889043,0.008721386400231262,0.03451731397878338,0.010990920164614485,0.030761387198053287,2.2028251946963603e-07,3.2917740992269735e-07
5,644,160,14,0.4666666666666667,work,4,1.0007415106216802e-16,0.0,1.6615704922021204e-08,6.664001874625056e-08,0.00859885459759959,0.03388729546341902,0.008598851234585151,0.03388727419908519,2.6254675600374226e-07,7.293962389540962e-07
5,645,161,15,0.475,work,1,2.7755575615628914e-17,0.0,0.013642478286323662,0.056976356358191795,0.009028103571941207,0.03252706887681378,0.020602784907718077,0.05474008620954833,3.033274803798481e-07,8.418826396361374e-07
5,646,161,15,0.48333333333333334,work,2,2.7755575615628914e-17,0.0,0.009115053980339958,0.03801257595077604,0.010780009944691794,0.03416740537425118,0.018585277825696505,0.04713399049482175,1.7746152077952462e-07,6.093099206763789e-07
5,647,161,15,0.49166666666666664,work,3,2.7755575615628914e-17,0.0,0.004567307959650738,0.019020115611106055,0.01283548858626583,0.037187703636473904,0.016525831999838238,0.04220084691956523,2.5392932615947406e-07,5.809542146211266e-07
5,648,161,15,0.5,work,4,2.7755575615628914e-17,0.0,4.23644845558983e-08,1.032382731180714e-07,0.014705453900352142,0.04084352314545354,0.014705422138532145,0.04084342140560626,1.4609331214629053e-07,6.208618478774947e-07
5,649,162,16,0.5083333333333333,work,1,7.850462293418876e-17,0.0,0.02229969492450101,0.05946612257364418,0.019827133541889978,0.05363883704305909,0.04097412243348678,0.09230288643493832,1.0267832663960364e-07,1.264405455326821e-07
5,650,162,16,0.5166666666666666,work,2,7.850462293418876e-17,0.0,0.014842507753698697,0.039497441821341316,0.023713436551385244,0.06372023767461318,0.037529431721694775,0.08718757634797168,2.428880631084553e-07,5.717076686993523e-07
5,651,162,16,0.525,work,3,7.850462293418876e-17,0.0,0.007408833508788408,0.01967485193357297,0.02626245843440626,0.07070370685737552,0.03299137179101045,0.08113298419109216,2.1658070269797445e-07,7.071382115903338e-07
5,652,162,16,0.5333333333333333,work,4,7.850462293418876e-17,0.0,3.983780555250796e-08,1.032382731180714e-07,0.02746442399962281,0.07426361653280857,0.02746445856137922,0.07426363596261415,1.1284712409349128e-07,4.768371582031262e-07
5,653,163,17,0.5416666666666666,work,1,1.6653345369377348e-16,0.0,0.013840055679565269,0.03314532336514979,0.02591890592630678,0.07042979638023258,0.03886593376968371,0.09166612370742942,2.745395360951814e-07,6.502099105498649e-07
5,654,163,17,0.55,work,2,1.6653345369377348e-16,0.0,0.009219559509339215,0.022060750693332676,0.023928900594364828,0.06503381422069555,0.03243811014023977,0.0785376382607047,2.2180084581045956e-07,3.9198835009234925e-07
5,655,163,17,0.5583333333333333,work,3,1.6653345369377348e-16,0.0,0.004606128420607564,0.011012215610164003,0.02168374750123399,0.05896884732187304,0.025875763020887593,0.0652741923921572,2.010370172387891e-07,2.950279395762585e-07
5,656,163,17,0.5666666666666667,work,4,1.6653345369377348e-16,0.0,3.1145735732677125e-08,9.424321830774485e-08,0.019389191757806234,0.052855522459494195,0.01938916692923227,0.0528554601358819,5.02649044895245e-07,1.2545326459318122e-06
5,657,164,18,0.575,work,1,1.1102230246251565e-16,0.0,0.011270737536027819,0.02231881390432116,0.01645882567477388,0.04582063463533232,0.026093193901296177,0.06198997338294854,1.852151449658247e-07,8.063166891615853e-07
5,658,164,18,0.5833333333333334,work,2,1.1102230246251565e-16,0.0,0.007493578569310137,0.014886362146837835,0.014073693876536652,0.03955665476336581,0.02049741560182212,0.04983269358836221,9.96816592529668e-08,3.9085379387748307e-07
5,659,164,18,0.5916666666666667,work,3,1.1102230246251565e-16,0.0,0.0037365841441693885,0.007446673315743657,0.012135368039038382,0.03437907284632254,0.015298239124238194,0.03914970477804392,2.1490217221330928e-07,4.4604031881975524e-07
5,660,164,18,0.6,work,4,1.1102230246251565e-16,0.0,4.4493857044625446e-08,1.7377590819732256e-07,0.010609173791509068,0.03033931392919009,0.010609212176255687,0.03033948808152863,2.1430705477176838e-07,5.847637912734942e-07
5,661,165,19,0.6083333333333333,work,1,1.3877787807814457e-16,0.0,0.01112770859732849,0.02204412730619008,0.009817342318400287,0.028585469867325224,0.020009863989321346,0.03954006802305336,2.6766010661645445e-07,8.221336736758839e-07
5,662,165,19,0.6166666666666667,work,2,1.3877787807814457e-16,0.0,0.0073986533527262985,0.014736280711422047,0.009277591645880656,0.02716701863489279,0.01597059591534704,0.03288522184947186,1.6559017637847694e-07,3.8857474358097666e-07
5,663,165,19,0.625,work,3,1.3877787807814457e-16,0.0,0.0036893139585851163,0.007388328443296105,0.008892087625057051,0.02618493747154568,0.012129497688783812,0.028140312770360873,2.833989540481254e-07,6.034510353599985e-07
5,664,165,19,0.6333333333333333,work,4,1.3877787807814457e-16,0.0,8.851256450798227e-09,7.884953353001448e-08,0.008643985324361591,0.025625524561068813,0.008643978123066219,0.02562558832958929,2.093424694803365e-07,3.039252468104833e-07
5,665,166,20,0.6416666666666666,work,1,1.7772239894833365e-16,0.0,0.008580607664124378,0.019951402856225493,0.00816631879505608,0.02426059224596595,0.015989955629982525,0.025913509587028843,2.1948537633696521e-07,3.674277068954101e-07
5,666,166,20,0.65,work,2,1.7772239894833365e-16,0.0,0.005708967641955063,0.01331571654966956,0.007825654478457605,0.023083748125371496,0.01290578128676903,0.021658678549470973,1.3983344364807597e-07,4.4504357943141784e-07
5,667,166,20,0.6583333333333333,work,3,1.7772239894833365e-16,0.0,0.002848718500554338,0.006665919478774673,0.007591151126238342,0.022243492408602624,0.010022750744312305,0.020369450694503622,2.0494250033902133e-07,2.0647654623614288e-07
5,668,166,20,0.6666666666666666,work,4,1.7772239894833365e-16,0.0,4.329575123690806e-08,1.5196262340524156e-07,0.007484559634045174,0.021834386994202752,0.007484596578737105,0.02183451686767268,1.0450533356706743e-07,3.8857474358097666e-07
5,669,167,21,0.675,work,1,2.237726045655905e-16,0.0,0.007846158671662344,0.013379744645719586,0.007514421557848579,0.02161451676310297,0.014640081934827385,0.018819185894359165,1.4581762905175995e-07,6.208618478774947e-07
5,670,167,21,0.6833333333333333,work,2,2.237726045655905e-16,0.0,0.005228989744667087,0.008927919752051624,0.007637523355239501,0.021641352092751746,0.012201893812273696,0.01904370088170455,1.3195387604710919e-07,2.1696418193818693e-07
5,671,167,21,0.6916666666666667,work,3,2.237726045655905e-16,0.0,0.002613602319890259,0.00446897965369934,0.007849853213025986,0.022050211211565897,0.010016899809497475,0.02044810016854671,3.095460861925212e-07,5.511415603431162e-07
5,672,167,21,0.7,work,4,2.237726045655905e-16,0.0,4.758515752242868e-08,9.424321830774485e-08,0.008149141338842716,0.022787302515915556,0.008149185973781024,0.022787340494511078,1.4194579068105425e-07,1.7377590819732256e-07
5,673,168,22,0.7083333333333334,work,1,1.3877787807814457e-16,0.0,0.008576734789227804,0.010317635976809,0.009085206015878032,0.0250388810663051,0.017066283832904608,0.029054647668571198,1.2595204993566654e-07,4.318766816314896e-07
5,674,168,22,0.7166666666666667,work,2,1.3877787807814457e-16,0.0,0.005727747742521077,0.00695663748842652,0.010049353518171239,0.027517172183121226,0.015265566114241581,0.030288286488411437,1.2509338427918554e-07,2.1696418193818693e-07
5,675,168,22,0.725,work,3,1.3877787807814457e-16,0.0,0.0028688715271980737,0.0035180114914226744,0.010888735445654591,0.02976860772095985,0.013444893986823452,0.031104518312656797,4.667280761049727e-08,5.623090941939733e-07
5,676,168,22,0.7333333333333333,work,4,1.3877787807814457e-16,0.0,1.8554244510761228e-08,9.884312124119402e-08,0.011577012839701107,0.031626068319448156,0.011576996274091967,0.0316259907346072,5.452433200454738e-08,6.976544803809931e-07
5,677,169,23,0.7416666666666667,work,1,1.0007415106216802e-16,0.0,0.008863686332235507,0.011759778996350565,0.012178577428761474,0.03314680084083356,0.020426323150208946,0.040635590957801386,1.496759572671246e-07,7.656355249086146e-07
5,678,169,23,0.75,work,2,1.0007415106216802e-16,0.0,0.005920254728954657,0.007921119347255973,0.01260967473292791,0.03423842835926111,0.018066414315558527,0.03904843771918774,6.449162488890896e-08,7.275674114068609e-07
5,679,169,23,0.7583333333333333,work,3,1.0007415106216802e-16,0.0,0.0029657285555445205,0.004001608981640123,0.012894035238000067,0.03494157212649037,0.015596196550891844,0.03723337898600602,1.0942784366102571e-07,1.0053591605087028e-06
5,680,169,23,0.7666666666666666,work,4,1.0007415106216802e-16,0.0,2.7410909603591444e-08,5.16191365590357e-08,0.013054160233784574,0.03529897651188126,0.013054134430878725,0.035298940302956223,1.4069376010408376e-07,5.511415603431162e-07
5,681,170,24,0.775,work,1,1.8619006149354548e-16,0.0,0.009807918288496729,0.01804295245750646,0.013333117147906314,0.03625537558997272,0.02242538983966791,0.047402421284488516,1.6937608139488504e-07,2.346637211445515e-07
5,682,170,24,0.7833333333333333,work,2,1.8619006149354548e-16,0.0,0.00655574886974439,0.012103966741816475,0.013507824777147832,0.03664503578438985,0.01955714956081232,0.043490609605038484,1.5843303522012832e-07,1.3328003749250115e-07
5,683,170,24,0.7916666666666666,work,3,1.8619006149354548e-16,0.0,0.0032865862919006076,0.006090559189514064,0.013571310787356516,0.03666498575122445,0.016571847475973872,0.039771574863741346,1.330113908254483e-07,3.332000937312532e-07
5,684,170,24,0.8,work,4,1.8619006149354548e-16,0.0,1.8427901227894303e-08,1.931411236050088e-07,0.013536392378236088,0.036392498162635394,0.013536376193533078,0.03639238610189747,1.5676483898836718e-07,5.230286352272122e-07
5,685,171,25,0.8083333333333333,work,1,1.1188630228279524e-16,0.0,0.01042295895017663,0.02232119732739824,0.01358787928242234,0.03636141266750555,0.023370255445175566,0.04898675517800862,2.1181106974588554e-07,7.384724434235059e-07
5,686,171,25,0.8166666666666667,work,2,1.1188630228279524e-16,0.0,0.006975641398254884,0.014953971145681316,0.013533629597293564,0.035936356066457086,0.020031050882135942,0.04351293329094671,2.750003014041068e-07,8.167141441133509e-07
5,687,171,25,0.825,work,3,1.1188630228279524e-16,0.0,0.0035015337243776267,0.007515083203858357,0.013398660743781099,0.035313808283533844,0.016619519380404877,0.038608040846253695,8.084503528692892e-08,5.331201499700061e-07
5,688,171,25,0.8333333333333334,work,4,1.1188630228279524e-16,0.0,1.1870843307709307e-08,9.424321830774485e-08,0.0132128854107603,0.03457908458408491,0.013212883990977892,0.034579127935159416,1.9521444296509391e-07,2.2302015940987725e-07
5,689,172,26,0.8416666666666667,work,1,1.6939998869943826e-16,0.0,0.01064264992567914,0.025217068755539813,0.013014961023063865,0.033849695818039933,0.023032612718489037,0.04717195570194763,7.162195802766294e-08,3.769728732309799e-07
5,690,172,26,0.85,work,2,1.6939998869943826e-16,0.0,0.007131946042340215,0.016904772601569713,0.012805375575453463,0.033027233961961354,0.019458584850562025,0.04089596847083917,5.0067961800402936e-08,5.430241572346883e-07
5,691,172,26,0.8583333333333333,work,3,1.6939998869943826e-16,0.0,0.0035849163554397827,0.008501447066278246,0.012598330760619838,0.032233566433711905,0.015896643150513846,0.03551264651198829,1.3723732112595528e-07,5.196212462831361e-07
5,692,172,26,0.8666666666666667,work,4,1.6939998869943826e-16,0.0,3.322491278873315e-08,8.429369702178807e-08,0.012407593305609855,0.031501850794802326,0.012407623186910783,0.031501907916683544,3.001734471981093e-07,7.74860382080083e-07
5,693,173,27,0.875,work,1,1.594436429147036e-16,0.0,0.009812980794407462,0.023858919245807318,0.011900287049971257,0.029660604129865428,0.021135537361291888,0.041015994779425254,1.7988201134163034e-07,4.0205531010723307e-07
5,694,173,27,0.8833333333333333,work,2,1.594436429147036e-16,0.0,0.006583238458408009,0.015995356558696657,0.011484209317185088,0.02820992431977237,0.017608341219013238,0.03478615570068443,3.358163202890915e-07,3.2098083538618743e-07
5,695,173,27,0.8916666666666666,work,3,1.594436429147036e-16,0.0,0.0033128346114123337,0.008045389181406777,0.011171348965472826,0.02713732837196374,0.014204860274575381,0.02972213109791547,2.4269374423643176e-07,4.009492411337415e-07
5,696,173,27,0.9,work,4,1.594436429147036e-16,0.0,2.2663685906657756e-08,2.9802322387695312e-08,0.010964603320681094,0.026408401323025583,0.010964624420758837,0.026408437483930125,1.788229668026517e-07,3.576278686523442e-07
5,697,174,28,0.9083333333333333,work,1,7.772800161809615e-16,0.0,0.009101759024553537,0.021785723239429598,0.01056531356252549,0.024859511833029847,0.019139148092256014,0.03411151639724992,5.399770619466799e-08,5.127385417844444e-07
5,698,174,28,0.9166666666666666,work,2,7.772800161809615e-16,0.0,0.006112042727635244,0.014601984741684207,0.010300399925086693,0.02386609371260487,0.015986906675354143,0.029045222416165428,6.250948148463049e-08,3.2098083538618743e-07
5,699,174,28,0.9249999999999999,work,3,7.772800161809615e-16,0.0,0.003078842677850124,0.007343999747364797,0.010169057139858105,0.02335240414158862,0.012989780417375672,0.025240450312754365,2.0429240019757698e-07,2.950279395762585e-07
5,700,174,28,0.9333333333333333,work,4,7.772800161809615e-16,0.0,2.0478650084325176e-08,7.300048299977715e-08,0.010159941165390462,0.023223592387637566,0.010159961422880066,0.023223655559475448,2.451249179401832e-07,5.870376707193935e-07
5,701,175,29,0.9416666666666667,work,1,6.206335383118183e-17,2.9802322387695312e-08,0.008135418716855582,0.018027800054175126,0.009861495125125238,0.02193217319313243,0.017524255990005146,0.027586416174785817,2.1491551487939239e-07,2.889442358861168e-07
5,702,175,29,0.95,work,2,6.206335383118183e-17,2.9802322387695312e-08,0.005462889236880603,0.012053466949346494,0.009702833630935555,0.021282058149546833,0.014790590780430754,0.024136537235844135,1.0588748197092479e-07,1.032382731180714e-07
5,703,175,29,0.9583333333333334,work,3,6.206335383118183e-17,2.9802322387695312e-08,0.0027517563000816845,0.006048474888477032,0.009676204496330231,0.02111846268752339,0.012206171096569952,0.021952460758004697,1.2691017831860716e-07,2.904771073105625e-07
5,704,175,29,0.9666666666666667,work,4,6.206335383118183e-17,2.9802322387695312e-08,2.8201620838138408e-08,4.2146848510894035e-08,0.009772791647040055,0.02134472609965628,0.009772763843113097,0.02134467417100269,9.954055911965101e-08,2.7797755757238933e-07
5,705,176,30,0.975,work,1,5.551115123125783e-17,0.0,0.007170873900263521,0.014675626117782914,0.009594087906588996,0.02056694274986715,0.016368312878447765,0.02307985163006794,8.788370444159011e-08,5.591411304263407e-07
5,706,176,30,0.9833333333333333,work,2,5.551115123125783e-17,0.0,0.004810730993501014,0.009783360477945289,0.00955048373442632,0.020366330842680903,0.014053849565385407,0.02128715553526025,1.843212598569557e-07,3.964941112890867e-07
5,707,176,30,0.9916666666666667,work,3,5.551115123125783e-17,0.0,0.0024209714634725885,0.004895178142084137,0.009634531257771204,0.020586469408432718,0.011879113694056864,0.020618076473726918,1.4112054333267348e-07,6.114925303662798e-07
5,708,176,30,1.0,work,4,5.551115123125783e-17,0.0,4.4276211837944386e-08,1.1920928955078128e-07,0.009825022544874594,0.02111139828255743,0.009825066379622351,0.02111150709131663,8.95420108439509e-08,5.670278546345386e-07
5,709,177,31,1.0083333333333333,work,1,1.2719202621569003e-16,0.0,0.006485544288684517,0.011527723193485133,0.009799289206301121,0.02092952974248085,0.015941223220832433,0.02077028674695103,1.2988260127844062e-07,4.182955279236503e-07
5,710,177,31,1.0166666666666666,work,2,1.2719202621569003e-16,0.0,0.004345725814680801,0.007669337661188332,0.00988730636244762,0.02115580487505722,0.013978458318988824,0.020543969559842914,7.866634543242734e-08,2.7314279645418187e-07
5,711,177,31,1.025,work,3,1.2719202621569003e-16,0.0,0.0021843209050828724,0.0038297289557290308,0.010070943829984287,0.021651958935035194,0.012113912741211805,0.021100144211752946,1.6467365983202081e-07,4.6838026182358703e-07
5,712,177,31,1.0333333333333332,work,4,1.2719202621569003e-16,0.0,2.744991304566664e-08,9.884312124119402e-08,0.010326839049936278,0.02233495501286059,0.010326812080270331,0.022334892599627475,1.24157389311603e-07,5.380949403425408e-07
5,713,178,32,1.0416666666666667,work,1,2.7755575615628914e-17,0.0,0.005868235976346483,0.009195831050126387,0.010358462231877585,0.022302454862673095,0.015924074517387938,0.019998116335032592,2.2338302774241948e-07,4.5491270787935796e-07
5,714,178,32,1.05,work,2,2.7755575615628914e-17,0.0,0.0039244692385465825,0.006095020080261565,0.010464523239345954,0.02256711199397411,0.014167781348418505,0.020736187767078324,2.656824518701294e-07,4.3495057580847895e-07
5,715,178,32,1.0583333333333333,work,3,2.7755575615628914e-17,0.0,0.001968640050197059,0.003031831723701646,0.010634922016626809,0.02301826999933073,0.012482079109832078,0.021976709354271273,7.025244174270924e-08,3.8857474358097666e-07
5,716,178,32,1.0666666666666667,work,4,2.7755575615628914e-17,0.0,4.887481953054804e-08,1.2990531157078367e-07,0.010851272481081937,0.023592872007036265,0.010851321033231758,0.023592978601345384,1.5694734070516464e-07,2.3654860059004356e-07
5,717,179,33,1.075,work,1,4.163336342344337e-17,0.0,0.005145566581561846,0.00802193676161321,0.010808571563185496,0.023378143456397504,0.015689777165663867,0.019563512372460786,3.21253417223051e-08,5.204751848153182e-07
5,718,179,33,1.0833333333333333,work,2,4.163336342344337e-17,0.0,0.0034331707746678313,0.005304207745309089,0.010831567473694993,0.023450776703754093,0.01407200507372411,0.020703717244715595,7.102239904291882e-08,1.5196262340524156e-07
5,719,179,33,1.0916666666666666,work,3,4.163336342344337e-17,0.0,0.001718160143332154,0.002631249778502704,0.010913172158422909,0.02369074749942162,0.012526098605286943,0.02223448314717702,5.481230667896565e-08,2.8272965492323474e-07
5,720,179,33,1.1,work,4,4.163336342344337e-17,0.0,3.79031316430509e-08,5.960464477539063e-08,0.011041890345608908,0.024062379873440613,0.011041852701185571,0.024062310888559212,1.1997441986076928e-07,4.1509831777763796e-07
5,721,180,34,1.1083333333333334,work,1,1.6243534171511178e-16,0.0,0.004675621897190275,0.007594056194823595,0.011007314313339275,0.02404386756208172,0.015411790340465085,0.020274847592995776,9.214815951878753e-08,3.3717478808715265e-07
5,722,180,34,1.1166666666666667,work,2,1.6243534171511178e-16,0.0,0.0031155482688852995,0.005026204158023302,0.011048004836022073,0.02422236483752185,0.01396946634995835,0.021508375503526887,1.335976429554654e-07,5.46285592908365e-07
5,723,180,34,1.125,work,3,1.6243534171511178e-16,0.0,0.001557177496233976,0.0024953268574097274,0.011146992142076978,0.024532722335352232,0.01259916410844058,0.023094838898862376,6.851598408167462e-08,3.2373608622551644e-07
5,724,180,34,1.1333333333333333,work,4,1.6243534171511178e-16,0.0,2.1656668067988708e-08,1.2287812309317772e-07,0.011285950043460747,0.024930906978218512,0.011285929326809939,0.0249308503291394,1.84906681601962e-07,3.839760639287575e-07
5,725,181,35,1.1416666666666666,work,1,1.1443916996305594e-16,0.0,0.004035764373183536,0.006738314140992272,0.011184503922405045,0.024751780892765758,0.014972893035429244,0.02156096975472634,1.0786562018278294e-07,2.346637211445515e-07
5,726,181,35,1.15,work,2,1.1443916996305594e-16,0.0,0.002686317553279461,0.004464386092568663,0.011160957299157363,0.02476132367145048,0.013668696994688461,0.022448088662432333,1.634033153402796e-07,1.4292691717483762e-07
5,727,181,35,1.1583333333333332,work,3,1.1443916996305594e-16,0.0,0.0013411032090322845,0.002218643663574931,0.011202012826971695,0.02491283254336324,0.012446167915024517,0.023678159173116466,1.49165766301506e-07,1.8848643661548975e-07
5,728,181,35,1.1666666666666667,work,4,1.1443916996305594e-16,0.0,5.709843845664366e-09,5.960464477539063e-08,0.011289118492072885,0.02516603609795647,0.011289114601077451,0.025166037540091214,2.2280205361045714e-07,5.693725697559972e-07
5,729,182,36,1.175,work,1,1.249000902703301e-16,0.0,0.0035852884428958635,0.005201730057139109,0.011201253652959016,0.02514086054113821,0.014546137810299543,0.023633705596037974,1.7094092613130876e-07,2.2696772533249593e-07
5,730,182,36,1.1833333333333333,work,2,1.249000902703301e-16,0.0,0.0023867449306340066,0.0034454415850434504,0.011204804005883242,0.02525094371262548,0.013419068410774178,0.02410816379750666,1.1316906753132358e-07,4.860611686199943e-07
5,731,182,36,1.1916666666666667,work,3,1.249000902703301e-16,0.0,0.0011916336032123426,0.0017116233944704754,0.01127351095259264,0.025469610850805232,0.01237176990507759,0.024838408047446033,1.37213828727923e-07,2.665600749850024e-07
5,732,182,36,1.2,work,4,1.249000902703301e-16,0.0,1.333324540772165e-08,0.0,0.01138364411714128,0.02575934245405523,0.011383655093632834,0.025759339190670544,1.6957392926903075e-07,4.042583693936634e-07
5,733,183,37,1.2083333333333333,work,1,1.7554167342883506e-16,0.0,0.0034635296192270576,0.004813987769248373,0.01139835471100314,0.02597153136124559,0.014541551541082876,0.026773986806982713,7.533479841593992e-08,1.931411236050088e-07
5,734,183,37,1.2166666666666666,work,2,1.7554167342883506e-16,0.0,0.002307013522804277,0.0031909708231075947,0.011479990643405134,0.026228714275195304,0.013560172511682914,0.026665554842875448,7.881254324685827e-08,5.347835554160599e-07
5,735,183,37,1.225,work,3,1.7554167342883506e-16,0.0,0.0011524785395065178,0.0015863247822910603,0.011599529801150435,0.026534376278888168,0.012629701740650779,0.026704994967343177,2.1120190201861114e-08,1.5485740967710712e-07
5,736,183,37,1.2333333333333334,work,4,1.7554167342883506e-16,0.0,2.6917670149725842e-08,4.2146848510894035e-08,0.011734060549647615,0.026851443509644538,0.011734033802361245,0.026851392542512776,4.3421288814959146e-08,4.2774379534743284e-07
6,737,184,1,0.008333333333333333,startup,1,1.3597399555105182e-16,0.0,0.009206022612214504,0.02966793657728249,0.0019479984995491733,0.003335499729768129,0.011070303807297177,0.030406935728768063,3.5614500470160047e-07,7.782915149450706e-07
6,738,184,1,0.016666666666666666,startup,2,1.3597399555105182e-16,0.0,0.006140164765504763,0.019723578659883282,0.002951284150743735,0.005601911389902065,0.008884410970993446,0.02066235380161709,2.3278430930194526e-07,4.400260168383548e-07
6,739,184,1,0.025,startup,3,1.3597399555105182e-16,0.0,0.003071450689961011,0.009834304513935098,0.0033643735827321468,0.006823657507770224,0.006122863825033507,0.01106716656394954,3.238851297202864e-07,8.845819282326669e-07
6,740,184,1,0.03333333333333333,startup,4,1.3597399555105182e-16,0.0,4.161420690403771e-08,1.7631291696726137e-07,0.0035139392211471594,0.00757042993447106,0.003513923877327846,0.0075703646433697555,2.697505599268709e-07,8.328669436265362e-07
6,741,185,2,0.041666666666666664,work,1,1.3877787807814457e-16,0.0,0.005859786014792192,0.02062310193523959,0.004181593672247844,0.010172559148475388,0.008895363067806682,0.012071085501346968,3.595033067629414e-07,6.17994110385412e-07
6,742,185,2,0.05,work,2,1.3877787807814457e-16,0.0,0.003906203068710825,0.013717640192172302,0.005825350249765549,0.014339634672282716,0.007798748417986494,0.0029377563804609324,3.532484401957326e-07,7.115206948705545e-07
6,743,185,2,0.058333333333333334,work,3,1.3877787807814457e-16,0.0,0.0019529482573553882,0.006843259962878974,0.007829800070165337,0.019146621197560932,0.008241316493370813,0.012642201214827438,3.4109886389406547e-07,7.140128940767647e-07
6,744,185,2,0.06666666666666667,work,4,1.3877787807814457e-16,0.0,1.3698020256715678e-08,5.960464477539063e-08,0.009885332274993051,0.02401502127200878,0.009885324536446655,0.024014954307334354,1.0708172265465947e-07,2.563692708922217e-07
6,745,186,3,0.075,work,1,1.2719202621569003e-16,0.0,0.006117662166843985,0.022122082771504712,0.012216881362630477,0.029652568383095164,0.01450974941838364,0.013213116923978873,3.8344377471266126e-07,7.907449699295572e-07
6,746,186,3,0.08333333333333333,work,2,1.2719202621569003e-16,0.0,0.004079395106568043,0.014705361181010096,0.012138961892064372,0.0320733091636805,0.013529390541153178,0.020178296155467214,1.9276292934858005e-07,3.2373608622551644e-07
6,747,186,3,0.09166666666666666,work,3,1.2719202621569003e-16,0.0,0.002040171964425557,0.007331534277989995,0.011237994535524933,0.028942311932034483,0.01189615293810879,0.022516705605606195,2.4206479547362934e-07,6.286806794920288e-07
6,748,186,3,0.1,work,4,1.2719202621569003e-16,0.0,1.970146877841653e-08,5.16191365590357e-08,0.010704180308320354,0.027125361908074297,0.010704191743568452,0.027125403560729615,2.8585511801536774e-07,9.348623240803638e-07
6,749,187,4,0.10833333333333334,work,1,1.5700924586837752e-16,0.0,0.006121111722940163,0.024954925717280967,0.009915397168961601,0.025658287622509067,0.013321128315361632,0.005078536056883585,2.6863347300617825e-07,7.627298767608288e-07
6,750,187,4,0.11666666666666667,work,2,1.5700924586837752e-16,0.0,0.004084241485859603,0.01659893174329116,0.008799075738411568,0.023207980904151267,0.011048527874212701,0.007740071026665074,2.0070805256316497e-08,3.4240261593687747e-07
6,751,187,4,0.125,work,3,1.5700924586837752e-16,0.0,0.0020438894399923773,0.008280669217413498,0.008146611608093463,0.021301645787853977,0.009182784494120867,0.013248154753648824,2.643733953327849e-07,6.00500156867801e-07
6,752,187,4,0.13333333333333333,work,4,1.5700924586837752e-16,0.0,1.0842960052252002e-08,4.2146848510894035e-08,0.00787868884837605,0.020250636742741118,0.007878684654132963,0.02025059252599004,1.9409606286486583e-07,6.664001874625087e-07
6,753,188,5,0.14166666666666666,work,1,7.850462293418876e-17,0.0,0.005828895776884014,0.028713393445894613,0.007591426839813142,0.0193464748893847,0.011085160665123031,0.010868217356953995,1.721269374862653e-07,5.495276723678658e-07
6,754,188,5,0.15,work,2,7.850462293418876e-17,0.0,0.003890508860294275,0.01912769864028789,0.00742117065324214,0.018880261833525914,0.009461589071418555,0.004301034925685947,1.9474210068964991e-07,5.794233708150282e-07
6,755,188,5,0.15833333333333333,work,3,7.850462293418876e-17,0.0,0.001947542743714144,0.009556610323210677,0.006954537734597422,0.01870525705153102,0.007848148100504587,0.009350747641560702,3.471410241982477e-07,5.623090941939733e-07
6,756,188,5,0.16666666666666666,work,4,7.850462293418876e-17,0.0,1.4650174638174076e-08,0.0,0.006235517619130973,0.017411357759002665,0.006235517136875169,0.017411351405701547,3.8843861692584053e-07,7.929882225781773e-07
6,757,189,6,0.175,work,1,1.2719202621569003e-16,0.0,0.005814439651671222,0.031551452797700656,0.005475217771429037,0.015235499778479447,0.009327302522734863,0.019363294352588767,1.8345996334608467e-07,4.969040155569645e-07
6,758,189,6,0.18333333333333332,work,2,1.2719202621569003e-16,0.0,0.0038807966511691487,0.021035439413405924,0.005173619752719576,0.014090426885002711,0.0075552156536367165,0.011245969592312834,2.564618168478754e-07,5.923094425902325e-07
6,759,189,6,0.19166666666666665,work,3,1.2719202621569003e-16,0.0,0.0019426333200224875,0.01051848816365882,0.005209649732356164,0.01377109203855747,0.006185723201493812,0.007346199720068598,1.4372662673514574e-07,3.804905812383808e-07
6,760,189,6,0.2,work,4,1.2719202621569003e-16,0.0,1.948560108201273e-08,7.300048299977715e-08,0.005412214781859096,0.014548798270195376,0.005412232928251857,0.014548756339824465,5.44861282757813e-08,5.004660971089217e-07
6,761,190,7,0.20833333333333334,work,1,1.5700924586837752e-16,2.9802322387695312e-08,0.005262862472516847,0.03218509728683049,0.005297966476098454,0.014146937134803049,0.008093774148714003,0.024021138953866546,2.6182859849405763e-08,6.136673772923374e-07
6,762,190,7,0.21666666666666667,work,2,1.5700924586837752e-16,2.9802322387695312e-08,0.0035104721924074725,0.0214554589684909,0.005504526259010784,0.01434430771604255,0.006879318667471005,0.015007768900815378,9.714387195806992e-08,6.17994110385412e-07
6,763,190,7,0.225,work,3,1.5700924586837752e-16,2.9802322387695312e-08,0.0017561709502305941,0.010727026594475808,0.005881641488378616,0.015402053941123412,0.006262179204991057,0.010646198927986157,1.3880741004516002e-07,5.855227322694233e-07
6,764,190,7,0.23333333333333334,work,4,1.5700924586837752e-16,2.9802322387695312e-08,1.8579165379309646e-08,8.429369702178807e-08,0.006249895726149834,0.01658816742328759,0.006249904410791261,0.016588110555330948,3.133283234103584e-07,7.1027131604034e-07
6,765,191,8,0.24166666666666667,work,1,1.249000902703301e-16,0.0,0.0048258976232808766,0.03068038279250671,0.006031855575808667,0.016338143517617965,0.006526186743449265,0.0241154925861826,3.5181484607489034e-07,8.935728282073184e-07
6,766,191,8,0.25,work,2,1.249000902703301e-16,0.0,0.0032161059482836373,0.020446387398767335,0.006114799237146805,0.01647709993492433,0.00588001497450466,0.016130257396350125,2.719172440251184e-07,8.007901217069919e-07
6,767,191,8,0.2583333333333333,work,3,1.249000902703301e-16,0.0,0.00160747102760437,0.010219532299235468,0.006351238118538091,0.017542292803724862,0.005952610190916006,0.01324257478076429,4.5263894290338174e-07,1.1441918504507976e-06
6,768,191,8,0.26666666666666666,work,4,1.249000902703301e-16,0.0,3.245969069541772e-08,8.429369702178807e-08,0.006473090731328996,0.018974107407073545,0.006473066566419873,0.01897405908846572,3.1299729076553226e-07,6.208618478774947e-07
6,769,192,9,0.275,work,1,6.218735665977104e-16,0.0,0.005550340064169955,0.02839167440652855,0.005728754273261453,0.0179573909399108,0.0040062773986958905,0.02198336358913918,4.3024228487688704e-07,8.632390712475986e-07
6,770,192,9,0.2833333333333333,work,2,6.218735665977104e-16,0.0,0.003697795652263209,0.01890880223531478,0.0053716374569274345,0.017194152628352086,0.0034696462037032525,0.01519889651545927,2.4438302583165563e-07,6.350063011843742e-07
6,771,192,9,0.2916666666666667,work,3,6.218735665977104e-16,0.0,0.0018477030170287651,0.00944484515749524,0.005278284593946706,0.017704646674312385,0.004004523540674648,0.013364905720621644,1.8334019932993014e-07,6.982907363092924e-07
6,772,192,9,0.3,work,4,6.218735665977104e-16,0.0,1.2771257187620723e-08,6.664001874625056e-08,0.005038273317107285,0.01948109231760786,0.005038266393235497,0.01948110183404505,1.350040533869277e-07,6.329047853230056e-07
6,773,193,10,0.30833333333333335,work,1,1.3092278833360675e-16,0.0,0.004266324856244569,0.029809023437578994,0.004813583968412694,0.019608485692889265,0.0008345983501986739,0.019136386445614124,1.5891337541987328e-07,6.925433897150939e-07
6,774,193,10,0.31666666666666665,work,2,1.3092278833360675e-16,0.0,0.002834709475446454,0.019858765016289692,0.00481764318361988,0.018784181338396634,0.0021315224887790024,0.012975490412448283,1.5722584501478321e-07,4.2252084251516616e-07
6,775,193,10,0.325,work,3,1.3092278833360675e-16,0.0,0.0014127339732216088,0.009922571104257056,0.005044628750485202,0.019387064843639255,0.003671273635198536,0.013379269080709296,1.3989003115565802e-07,6.350063011843742e-07
6,776,193,10,0.3333333333333333,work,4,1.3092278833360675e-16,0.0,2.061030572284032e-08,8.940696716308595e-08,0.00501970575340866,0.020598123215417652,0.005019718652366085,0.020598038544391663,3.3970245981082364e-07,6.563280685408514e-07
6,777,194,11,0.3416666666666667,work,1,1.8619006149354548e-16,0.0,0.006134998569285393,0.03296555715641464,0.004501046234965364,0.020171725692197065,0.00405983426825381,0.02068340005784755,1.974421871891099e-07,4.4404460268471747e-07
6,778,194,11,0.35,work,2,1.8619006149354548e-16,0.0,0.004092490175347619,0.021988002290199104,0.0042079684902898915,0.019764642220977728,0.003183662091552047,0.013110154071823196,3.172601982800708e-07,9.305772182939134e-07
6,779,194,11,0.35833333333333334,work,3,1.8619006149354548e-16,0.0,0.0020476803383497693,0.01099951706597311,0.004029003400757429,0.020442182440955706,0.003015473410069295,0.013122976975136248,1.8639826401185185e-07,9.96485560971538e-07
6,780,194,11,0.36666666666666664,work,4,1.8619006149354548e-16,0.0,2.8248125695254612e-08,1.1920928955078128e-07,0.0038680892701147334,0.021968449653952955,0.0038681077229669697,0.021968552850520854,1.5765660057572498e-07,4.558878702157255e-07
6,781,195,12,0.375,work,1,1.3947004136484323e-16,0.0,0.005884413503181325,0.033270843390541684,0.003691114230782126,0.023976261680365003,0.0043609012023255326,0.017982382302055844,3.367328338175355e-07,6.107658604359411e-07
6,782,195,12,0.3833333333333333,work,2,1.3947004136484323e-16,0.0,0.003927740451939291,0.022186507419439037,0.003492687330211171,0.025407244430608704,0.003043129621782484,0.012923461603406945,2.0354945359143643e-07,3.2917740992269735e-07
6,783,195,12,0.39166666666666666,work,3,1.3947004136484323e-16,0.0,0.001966406520503313,0.011096059147867803,0.00331964798072419,0.02693333384696722,0.002516635420477516,0.01817121207418894,2.4301669461312203e-07,2.0212918469683143e-07
6,784,195,12,0.4,work,4,1.3947004136484323e-16,0.0,1.9458240119433477e-08,7.300048299977715e-08,0.003183376512130586,0.028656244865021985,0.0031833895582392344,0.028656169649721758,2.2813987114040597e-07,5.990192664337711e-07
6,785,196,13,0.4083333333333333,work,1,1.6653345369377348e-16,0.0,0.006275191405458498,0.0342662307166515,0.0028510759848086723,0.03010549084621076,0.005147539873410556,0.01761962220483592,1.5435570170352088e-07,7.574716226541347e-07
6,786,196,13,0.4166666666666667,work,2,1.6653345369377348e-16,0.0,0.004187017075600258,0.022854465098761743,0.002674038313795143,0.031489534737867954,0.0036824343805361326,0.016583744408054785,1.8371029949602937e-07,5.013526630777349e-07
6,787,196,13,0.425,work,3,1.6653345369377348e-16,0.0,0.002095491035147138,0.0114323192470547,0.0025925959396468305,0.033363364509624405,0.0026178053664100438,0.024226247392668418,3.772140759410495e-07,9.127493400045447e-07
6,788,196,13,0.43333333333333335,work,4,1.6653345369377348e-16,0.0,3.6447736165366887e-09,6.664001874625056e-08,0.002572863530399571,0.03557686767059884,0.0025728660667478885,0.03557681347228703,1.5738443384617338e-07,8.460920790778694e-07
6,789,197,14,0.44166666666666665,work,1,1.6883057536160649e-16,0.0,0.0061260872730686915,0.03650968456593243,0.0033465362949400925,0.03687335389153668,0.007782130225158888,0.032545067047606416,1.655195359112948e-07,4.5295608501346993e-07
6,790,197,14,0.45,work,2,1.6883057536160649e-16,0.0,0.00409291391273369,0.02441054750581632,0.004150721226653305,0.03798195335230697,0.0066402036445195305,0.031075948012648177,1.524423121745534e-07,4.4604031881975524e-07
6,791,197,14,0.4583333333333333,work,3,1.6883057536160649e-16,0.0,0.002051348237052742,0.012240803259584843,0.004859212209919073,0.039318383684177165,0.005753334014607589,0.03420860164024457,1.6669214320066032e-07,3.6500241499888623e-07
6,792,197,14,0.4666666666666667,work,4,1.6883057536160649e-16,0.0,2.1533781943762183e-08,7.300048299977715e-08,0.005519275655025211,0.04076390918758448,0.005519264425966979,0.040763864206520666,2.39441840071814e-07,6.886851792509198e-07
6,793,198,15,0.475,work,1,2.1898779786837934e-16,0.0,0.010549474261070689,0.04656529072267487,0.00825506812991079,0.04468760799239896,0.017598112452396796,0.057476025767413064,2.830239120429908e-07,7.420718430274012e-07
6,794,198,15,0.48333333333333334,work,2,2.1898779786837934e-16,0.0,0.007056011684552857,0.031139654735217407,0.010843103078263519,0.0487706332533975,0.01652662222882794,0.05500941531418398,5.536865764375349e-07,1.3767253711761624e-06
6,795,198,15,0.49166666666666664,work,3,2.1898779786837934e-16,0.0,0.0035395313795312305,0.015617770592552338,0.013181682638102045,0.0526891272756138,0.015670644531991223,0.05468136733504466,1.9435590694837785e-07,2.493441183966625e-07
6,796,198,15,0.5,work,4,2.1898779786837934e-16,0.0,2.246783732348875e-08,5.960464477539063e-08,0.0152601726165902,0.056145434453115824,0.01526015222256419,0.0561454108362018,1.9871154933620497e-07,5.022376640544164e-07
6,797,199,16,0.5083333333333333,work,1,1.2719202621569003e-16,0.0,0.019530065980293942,0.04070403636725292,0.02148355447439959,0.07001178309589058,0.04012979608441534,0.0975427910078451,2.7950167695485196e-07,8.15625916922337e-07
6,798,199,16,0.5166666666666666,work,2,1.2719202621569003e-16,0.0,0.012996727247029336,0.027079375075107114,0.02645677787380997,0.08091236761814823,0.03855193894402648,0.09903677607329336,2.7476535590142946e-07,7.09645801770134e-07
6,799,199,16,0.525,work,3,1.2719202621569003e-16,0.0,0.006486483438265402,0.013511347757611812,0.030105136065412905,0.08883998245444079,0.035978551965571655,0.09773999108746508,4.1393937905878365e-07,6.165552397244359e-07
6,800,199,16,0.5333333333333333,work,4,1.2719202621569003e-16,0.0,1.405910085905315e-08,7.300048299977715e-08,0.03252607353795696,0.0940008791750804,0.03252606110535548,0.09400081166632074,3.1883039466540113e-07,5.630983003285898e-07
6,801,200,17,0.5416666666666666,work,1,1.4946834900704541e-16,0.0,0.01612794055100064,0.02951510869038143,0.033546694406955235,0.09704119900581087,0.04854583389637491,0.12270513639615398,1.2343839950179152e-07,4.969040155569645e-07
6,802,200,17,0.55,work,2,1.4946834900704541e-16,0.0,0.010733626384385879,0.019662714431220068,0.03364488287044354,0.09684133906310112,0.043497938041372135,0.11380274484515235,2.339829588425484e-07,7.691078126766694e-07
6,803,200,17,0.5583333333333333,work,3,1.4946834900704541e-16,0.0,0.0053575331059902915,0.009824287469460206,0.03299313915497955,0.09460240721029492,0.0378459305199969,0.10299858509427409,3.89622036138945e-07,1.1523136454332752e-06
6,804,200,17,0.5666666666666667,work,4,1.4946834900704541e-16,0.0,2.4328560691172573e-08,5.960464477539063e-08,0.03176774841656041,0.09092539332548959,0.03176776764136206,0.0909254568197507,2.6017739607875455e-07,7.468440584028805e-07
6,805,201,18,0.575,work,1,1.4946834900704541e-16,0.0,0.013706254694545915,0.02224606659556696,0.029282276620134134,0.08420477455207691,0.041030069464962036,0.09642621530101496,1.987544866690827e-07,5.945544643181586e-07
6,806,201,18,0.5833333333333334,work,2,1.4946834900704541e-16,0.0,0.009111791646642218,0.0148235743930878,0.026777735308033044,0.07731565479397322,0.03451676411227572,0.08501983935722733,5.467936962477487e-07,9.518098487062134e-07
6,807,201,18,0.5916666666666667,work,3,1.4946834900704541e-16,0.0,0.00454297181471125,0.007408232783823512,0.024309317918542322,0.07057607215866762,0.02810251219927862,0.07415394653011191,2.6014454145115194e-07,4.951133646320162e-07
6,808,201,18,0.6,work,4,1.4946834900704541e-16,0.0,1.5647633652770544e-08,5.960464477539063e-08,0.021952682599889823,0.06422142078000165,0.021952694324371146,0.06422149173925928,3.14508100972768e-07,4.3290373821061784e-07
6,809,202,19,0.6083333333333333,work,1,2.387624894196368e-16,0.0,0.011211404333171512,0.022198053601819003,0.01992908939563529,0.05921448547640114,0.0300172356507465,0.047246497223313345,2.730174321718911e-07,4.519745972187261e-07
6,810,202,19,0.6166666666666667,work,2,2.387624894196368e-16,0.0,0.007460209207610494,0.014844746066625931,0.01813200303999527,0.05418649708611289,0.02476137708353026,0.04516584031975545,6.312999368029825e-08,6.293866658789802e-07
6,811,202,19,0.625,work,3,2.387624894196368e-16,0.0,0.003723036936981224,0.0074457260155603115,0.01653926552087334,0.04962201382132345,0.019782445805766196,0.044639573755970295,1.7484204441324255e-07,2.7637536810325715e-07
6,812,202,19,0.6333333333333333,work,4,2.387624894196368e-16,0.0,4.011087943253007e-08,1.8848643661548975e-07,0.015170573620310032,0.04564552719766851,0.015170537581429644,0.04564534794964478,9.108481910515877e-08,8.301966355552804e-07
6,813,203,20,0.6416666666666666,work,1,2.1677797545656835e-16,0.0,0.011138610782921552,0.028257367403355514,0.014642078735600141,0.04415517818792211,0.02522466036543083,0.020888774586115672,4.217035017497166e-07,1.0119632986992495e-06
6,814,203,20,0.65,work,2,2.1677797545656835e-16,0.0,0.007426974284071807,0.018827527241316328,0.014176951385055621,0.04244495326194148,0.02114834538179123,0.02590423445664023,3.6690066956511076e-07,9.03949194437458e-07
6,815,203,20,0.6583333333333333,work,3,2.1677797545656835e-16,0.0,0.00371429158763237,0.009409753545310625,0.013788597424635297,0.04089909461079664,0.01722436103560625,0.03235300794368252,3.6000533093976204e-07,6.963802245585908e-07
6,816,203,20,0.6666666666666666,work,4,2.1677797545656835e-16,0.0,1.7994487244227394e-08,1.264405455326821e-07,0.013497735521829505,0.039637089634805896,0.013497748278707915,0.039637171834221475,3.080573731152142e-07,6.377975511262652e-07
6,817,204,21,0.675,work,1,1.8410966031475738e-16,0.0,0.01021666052806605,0.018972011386619147,0.012902617688056695,0.03772855269101791,0.022710029256985374,0.029305199578105838,3.7071189957416183e-07,1.0712266418702389e-06
6,818,204,21,0.6833333333333333,work,2,1.8410966031475738e-16,0.0,0.0068156105021071,0.012699302985596276,0.012461410125726121,0.03617790165752086,0.018950589828212048,0.0295907505029567,2.34728110637294e-07,4.3597039098524516e-07
6,819,204,21,0.6916666666666667,work,3,1.8410966031475738e-16,0.0,0.0034101501912082483,0.006375817061899978,0.012144773146332442,0.034928335398827254,0.015359642201015537,0.03121576542488348,3.8238846563736044e-07,1.0880909123139922e-06
6,820,204,21,0.7,work,4,1.8410966031475738e-16,0.0,5.0256902297459204e-08,1.8848643661548975e-07,0.01196403535371572,0.03414073223956543,0.01196407997888146,0.03414091367949914,3.1266249874710175e-07,6.795975119466444e-07
6,821,205,22,0.7083333333333334,work,1,6.206335383118183e-17,0.0,0.008978561212424609,0.019707794895883958,0.01120244930143546,0.03191614935834823,0.019671825202817423,0.040811865192248734,2.7639007736044684e-07,7.06509923406229e-07
6,822,205,22,0.7166666666666667,work,2,6.206335383118183e-17,0.0,0.005979576397526017,0.013134573820655242,0.010728618192120029,0.030387239090151282,0.01632514063646816,0.03537658786565023,1.2186159254713089e-07,4.4802714521804273e-07
6,823,205,22,0.725,work,3,6.206335383118183e-17,0.0,0.0029866575773893744,0.006565438278903096,0.010526752510647141,0.02952092372366949,0.01328288564638275,0.03148426834536088,3.877362212119246e-07,7.354594873936853e-07
6,824,205,22,0.7333333333333333,work,4,6.206335383118183e-17,0.0,1.1375630844345824e-08,1.2990531157078367e-07,0.010546676717388893,0.029256709240783097,0.010546684218061096,0.02925665326657371,4.4594386926179707e-07,6.100383249061942e-07
6,825,206,23,0.7416666666666667,work,1,1.0385185452638061e-16,2.9802322387695312e-08,0.00740899321378676,0.0186914450722845,0.01016369405309799,0.028039259861802047,0.01695957586857823,0.03932975207760902,2.2676568701270267e-07,6.623897186187795e-07
6,826,206,23,0.75,work,2,1.0385185452638061e-16,2.9802322387695312e-08,0.004930785879271942,0.012424937260876505,0.009996071930707017,0.027383026033373028,0.01443333786720084,0.03422465155693172,1.511557528307466e-07,5.551557543932562e-07
6,827,206,23,0.7583333333333333,work,3,1.0385185452638061e-16,2.9802322387695312e-08,0.002461071751393782,0.006194449305223799,0.010013242958119624,0.027219588878075667,0.012166576070310253,0.030251184147832517,1.2049516186156064e-07,4.400260168383548e-07
6,828,206,23,0.7666666666666666,work,4,1.0385185452638061e-16,2.9802322387695312e-08,1.9630755458893748e-08,1.8611544365878105e-07,0.010180944480421852,0.027451973814233158,0.010180963581320686,0.02745211390174868,2.736562794459094e-07,5.575503985246947e-07
6,829,207,24,0.775,work,1,2.603703785810335e-16,0.0,0.006668326029380486,0.019063101303781426,0.01045661478932823,0.02806577111718834,0.01640007365681911,0.04034203832800306,2.511196956520021e-07,8.709215638758285e-07
6,830,207,24,0.7833333333333333,work,2,2.603703785810335e-16,0.0,0.004441500706858192,0.012686167351727113,0.010869908037729978,0.02889317927625327,0.014713331073131216,0.036703730168899586,3.949857612395459e-07,7.884953353001498e-07
6,831,207,24,0.7916666666666666,work,3,2.603703785810335e-16,0.0,0.0022187459768243274,0.006331772789312062,0.011347720440207772,0.02989726772765688,0.013201053814263184,0.03352995961517055,2.1763267528988846e-07,4.878850443287176e-07
6,832,207,24,0.8,work,4,2.603703785810335e-16,0.0,9.566502016559083e-09,4.2146848510894035e-08,0.011842425933842824,0.030957750398084707,0.011842432391428076,0.030957756341759977,2.3061738898375472e-07,5.479090306416241e-07
6,833,208,25,0.8083333333333333,work,1,6.206335383118183e-17,0.0,0.007392503008780234,0.024548693990601726,0.012840708102091017,0.03342239697676597,0.01947145746257723,0.04856804474043,2.811620024499976e-07,1.7881393432617193e-07
6,834,208,25,0.8166666666666667,work,2,6.206335383118183e-17,0.0,0.004931716528080009,0.01636430642841555,0.013665190535621015,0.03526476435673434,0.018004192906914067,0.04433086088859004,2.2399030573331727e-07,2.920019319991088e-07
6,835,208,25,0.825,work,3,6.206335383118183e-17,0.0,0.0024675521731625186,0.00818135234733683,0.014304072971305449,0.03664818611268224,0.01642810828595371,0.04058715287443753,2.252320644669765e-07,3.686343692795336e-07
6,836,208,25,0.8333333333333334,work,4,6.206335383118183e-17,0.0,4.1650358586678816e-08,1.264405455326821e-07,0.01477053347990797,0.037612224873485256,0.014770496484739146,0.03761211484256465,9.283574762304618e-08,2.475566823160076e-07
6,837,209,26,0.8416666666666667,work,1,1.4946834900704541e-16,0.0,0.008291792627739223,0.028936996992043124,0.015490593913164992,0.039306283464019154,0.023002739898961223,0.055624259307578944,2.755924232481473e-07,1.8611544365878105e-07
6,838,209,26,0.85,work,2,1.4946834900704541e-16,0.0,0.005539345237851728,0.019306520464201712,0.01596819124253761,0.04026457361283473,0.02092643584042377,0.049788665396778356,2.0968873688074755e-07,5.092623081992598e-07
6,839,209,26,0.8583333333333333,work,3,1.4946834900704541e-16,0.0,0.002775546130266728,0.009661080244371397,0.016227515402165132,0.04068745337153188,0.018674838506781567,0.04465600342336609,1.5431999419306795e-07,3.5513565802016856e-07
6,840,209,26,0.8666666666666667,work,4,1.4946834900704541e-16,0.0,1.5033240987910283e-08,8.429369702178807e-08,0.01630731739378365,0.04067733779803188,0.016307313634515777,0.04067734753137687,1.7080672440178622e-07,7.656355249086146e-07
6,841,210,27,0.875,work,1,2.5438405243138006e-16,0.0,0.008394556152008178,0.030192062039307157,0.016352907018063703,0.0405760971433497,0.02405967843010914,0.05513147956819503,1.0714341813856782e-07,4.7590492435310335e-07
6,842,210,27,0.8833333333333333,work,2,2.5438405243138006e-16,0.0,0.005617807335776436,0.020158024744499365,0.016241193605779154,0.04005123837863371,0.021349840759161746,0.048286227853849055,1.2293851526011786e-07,1.931411236050088e-07
6,843,210,27,0.8916666666666666,work,3,2.5438405243138006e-16,0.0,0.0028199891093221865,0.010094729076361272,0.016019497185287113,0.039289216943423584,0.018554519865212202,0.04249285757862056,2.5930502693061437e-07,8.312657881368073e-07
6,844,210,27,0.9,work,4,2.5438405243138006e-16,0.0,3.760687617461983e-08,7.300048299977715e-08,0.015732126298220996,0.038392576631222294,0.01573216024749998,0.03839264900839878,3.24227935625548e-07,4.318766816314896e-07
6,845,211,28,0.9083333333333333,work,1,1.1102230246251565e-16,0.0,0.008532024248743149,0.028876436091490498,0.015453507047502807,0.03745828852345705,0.023423357186098896,0.04907491612545545,2.4293308581521425e-07,4.7590492435310335e-07
6,846,211,28,0.9166666666666666,work,2,1.1102230246251565e-16,0.0,0.005720332870801786,0.01928859509167481,0.015125304070772935,0.03642114632493311,0.02043126404445207,0.04266418410383723,2.189626965137195e-07,5.990192664337711e-07
6,847,211,28,0.9249999999999999,work,3,1.1102230246251565e-16,0.0,0.002876941219778914,0.00966464866479252,0.014787695050601046,0.035411577766494125,0.017433652293448485,0.03757786078409903,1.1807251755521598e-07,4.539354506649926e-07
6,848,211,28,0.9333333333333333,work,4,1.1102230246251565e-16,0.0,3.3946160350843035e-08,6.664001874625056e-08,0.01447215984068876,0.03448835229700159,0.014472189263993561,0.03448838921252574,1.5182391267818645e-07,7.742870483855402e-07
6,849,212,29,0.9416666666666667,work,1,1.2412670766236366e-16,0.0,0.008665391240633737,0.02460320716045142,0.01407138966220981,0.033278849724106545,0.022236022219234482,0.04224955457207368,1.8699005868236276e-07,5.297776709387073e-07
6,850,212,29,0.95,work,2,1.2412670766236366e-16,0.0,0.005813155653731256,0.016446736948321567,0.013714607680513764,0.03223707933685633,0.019164856390616415,0.036966806461143184,2.388320457224768e-07,8.150812584863566e-07
6,851,212,29,0.9583333333333334,work,3,1.2412670766236366e-16,0.0,0.0029252596108819374,0.008247823325244482,0.013426084326721818,0.03140469668753875,0.01614953957721441,0.03298488960280548,2.0766238486018436e-07,7.027283979983126e-07
6,852,212,29,0.9666666666666667,work,4,1.2412670766236366e-16,0.0,1.6725194839156767e-08,0.0,0.01321649884058589,0.030788442903327384,0.013216515140442326,0.03078847371064697,8.905991446164907e-08,8.307313838461909e-07
6,853,213,30,0.975,work,1,2.118352371637509e-16,0.0,0.008123522897368212,0.019570938863044812,0.012735719982377283,0.02937907373153108,0.020446626025881473,0.03507726637135243,1.4039052227197523e-07,5.670278546345386e-07
6,854,213,30,0.9833333333333333,work,2,2.118352371637509e-16,0.0,0.005450621781826814,0.013088906870489183,0.012364878752526063,0.028331853261574932,0.01751195385404376,0.031227516680356546,1.4164161453658303e-07,2.698715072315163e-07
6,855,213,30,0.9916666666666667,work,3,2.118352371637509e-16,0.0,0.0027432567176291756,0.0065678336076001355,0.012119807104558204,0.0276440874441968,0.01469253225025738,0.02853363231066888,2.5164848853396187e-07,5.031211082975321e-07
6,856,213,30,1.0,work,4,2.118352371637509e-16,0.0,2.6377322441480972e-08,4.2146848510894035e-08,0.012001058759955637,0.027288946262490284,0.012001084882240056,0.027288988620370845,8.70855871877912e-08,4.318766816314896e-07
7,857,214,1,0.008333333333333333,startup,1,5.551115123125783e-17,0.0,0.009201624882532454,0.029663209266061762,0.001976151267460586,0.003595308068682661,0.011054392734160581,0.02982618025330612,3.6421227912258056e-07,1.2080054402060242e-06
7,858,214,1,0.016666666666666666,startup,2,5.551115123125783e-17,0.0,0.006134274444429991,0.019717206622678708,0.003114416433881896,0.006310367571892905,0.00893692791458806,0.01982944571795358,3.914919564506295e-07,7.269567798167786e-07
7,859,214,1,0.025,startup,3,5.551115123125783e-17,0.0,0.0030670275271477546,0.009829318561703089,0.003716120628658884,0.008046712377460961,0.006335706480680099,0.010743834070624474,2.4404151393149086e-07,4.897021271334596e-07
7,860,214,1,0.03333333333333333,startup,4,5.551115123125783e-17,0.0,2.059628573637437e-08,0.0,0.004080029962655913,0.009311027551274697,0.004080021156250064,0.009310997225125543,4.414981375821676e-07,1.2693130635647303e-06
7,861,215,2,0.041666666666666664,work,1,1.7772239894833365e-16,0.0,0.0058484554211275215,0.020618162727032364,0.004925391926534633,0.011929463041890392,0.009505788356710631,0.011610505701794557,1.735656140352298e-07,7.856742338218779e-07
7,862,215,2,0.05,work,2,1.7772239894833365e-16,0.0,0.0038972808592329803,0.013713681794517062,0.006573199026287187,0.015944147494767212,0.008532418247550393,0.0057394996668434,2.990334420164935e-07,9.499417215889321e-07
7,863,215,2,0.058333333333333334,work,3,1.7772239894833365e-16,0.0,0.0019477987726957294,0.00684099898146933,0.008587455445824402,0.020722081720680015,0.009020439759676577,0.014608234563194579,2.889629171592341e-07,1.174831589724261e-06
7,864,215,2,0.06666666666666667,work,4,1.7772239894833365e-16,0.0,2.474861632459451e-08,4.2146848510894035e-08,0.010691431382287996,0.025692665804314292,0.010691450479333014,0.02569270842975483,3.485044388501012e-07,9.03949194437458e-07
7,865,216,3,0.075,work,1,1.8410966031475738e-16,0.0,0.006098295714110082,0.02210818817530277,0.013014124982548987,0.031420620444659195,0.015234457604345861,0.016085192190957914,1.4467149189299636e-07,6.515744659029109e-07
7,866,216,3,0.08333333333333333,work,2,1.8410966031475738e-16,0.0,0.004065023118363082,0.014696859770159137,0.012855152695642908,0.03433163690300919,0.014260457250755575,0.023864432908870133,2.7599991161117485e-07,8.57561503049032e-07
7,867,216,3,0.09166666666666666,work,3,1.8410966031475738e-16,0.0,0.0020322607221688383,0.007327689485428628,0.01211013243852924,0.03220159466064564,0.012834826761238568,0.026543798447829288,3.2616200006826536e-07,6.617189440481251e-07
7,868,216,3,0.1,work,4,1.8410966031475738e-16,0.0,2.31153674416498e-08,0.0,0.011565082642803103,0.03078747344099217,0.011565094955321414,0.0307874449540903,3.564735782273596e-07,8.402986633701198e-07
7,869,217,4,0.10833333333333334,work,1,1.2719202621569003e-16,0.0,0.006174477295447486,0.024954671335199307,0.010897351415542343,0.029505865129658887,0.01452131235874741,0.009868413025307754,2.790019812447648e-07,5.389196074016445e-07
7,870,217,4,0.11666666666666667,work,2,1.2719202621569003e-16,0.0,0.004118614773921754,0.016600386135323237,0.010200048905364075,0.027755107025636886,0.012573670145555741,0.013139645510070165,2.788587651685753e-07,6.873942968053134e-07
7,871,217,4,0.125,work,3,1.2719202621569003e-16,0.0,0.0020604448943608105,0.008282217756170862,0.009765795559037732,0.026160804239137893,0.010868689103446546,0.01841762636903176,2.759431056231207e-07,8.002353657542254e-07
7,872,217,4,0.13333333333333333,work,4,1.2719202621569003e-16,0.0,8.856688843929355e-09,0.0,0.009431477232022631,0.02520945349407091,0.009431473529836734,0.025209432195708554,2.647078102356004e-07,5.022376640544164e-07
7,873,218,5,0.14166666666666666,work,1,7.850462293418876e-17,0.0,0.005764217137591102,0.028493104663892016,0.00876346285688575,0.024039792197689085,0.012665389992592592,0.005197201897079437,1.5471079739417633e-07,7.539457464619632e-07
7,874,218,5,0.15,work,2,7.850462293418876e-17,0.0,0.003847235477356931,0.018979837402747588,0.007877529293082124,0.023148308593129295,0.010465419703298114,0.005418247775289854,2.533892519865375e-07,2.920019319991088e-07
7,875,218,5,0.15833333333333333,work,3,7.850462293418876e-17,0.0,0.0019258241051125383,0.009482127411148936,0.007079056175464828,0.021871077659099018,0.008361382773278728,0.01282611989905312,2.1238521135852933e-07,7.562981570034979e-07
7,876,218,5,0.16666666666666666,work,4,7.850462293418876e-17,0.0,9.573403205275712e-09,8.940696716308595e-08,0.0065825502308996305,0.020595391813681536,0.006582552109779523,0.02059547089429359,2.6059082303418064e-07,1.0027053261554776e-06
7,877,219,6,0.175,work,1,8.326672684688674e-17,0.0,0.006106881610625834,0.032367651512485884,0.005928980953027691,0.01812746071977603,0.010550299113947535,0.018157548276183384,4.0964523614499674e-07,1.1861174548943454e-06
7,878,219,6,0.18333333333333332,work,2,8.326672684688674e-17,0.0,0.004075994578900892,0.021581362602542432,0.005639598263284184,0.01679260846324899,0.00857738782361553,0.010694003448141568,3.2589477031739453e-07,6.122183377794688e-07
7,879,219,6,0.19166666666666665,work,3,8.326672684688674e-17,0.0,0.002040364182249115,0.010792000637704462,0.005641536956421072,0.01630957178361992,0.006902376288846781,0.008706528673755758,3.1102087963501054e-07,8.269808844036882e-07
7,880,219,6,0.2,work,4,8.326672684688674e-17,0.0,2.1380717748132157e-08,1.7377590819732256e-07,0.005910550061544925,0.01668772055308327,0.005910551732551453,0.0166878907658061,4.2706307793939215e-07,8.86086746890463e-07
7,881,220,7,0.20833333333333334,work,1,5.551115123125783e-17,0.0,0.004722581635619502,0.02791112065757135,0.005852361544266158,0.01702269568570691,0.007995381158095114,0.01499278420280749,2.6869106604367726e-07,5.77119491429244e-07
7,882,220,7,0.21666666666666667,work,2,5.551115123125783e-17,0.0,0.0031511207819304153,0.018608488965470713,0.006031270017380443,0.017313053393864616,0.006942474068369812,0.008133902427521583,2.452642683918746e-07,3.3717478808715265e-07
7,883,220,7,0.225,work,3,5.551115123125783e-17,0.0,0.0015769366545461238,0.009304777000493902,0.006355915105719305,0.01813910812912875,0.006528936518022916,0.01040693804137078,3.0994151710729163e-07,2.3654860059004356e-07
7,884,220,7,0.23333333333333334,work,4,5.551115123125783e-17,0.0,1.6730564809159162e-08,7.300048299977715e-08,0.00654958994208612,0.019668685568466147,0.00654960566868838,0.019668761926681076,2.985266423352772e-07,3.601028315304097e-07
7,885,221,8,0.24166666666666667,work,1,2.0206364052201326e-16,0.0,0.00511687064433964,0.0304113072382477,0.006089845182206715,0.019922025120252665,0.007116895060564856,0.015920175942702338,2.313081357581679e-07,4.318766816314896e-07
7,886,221,8,0.25,work,2,2.0206364052201326e-16,0.0,0.0034135132637738226,0.020272864726929306,0.005697203260049082,0.01967713973940929,0.006060376577608265,0.009663635293615903,2.653909819805905e-07,8.264437093652574e-07
7,887,221,8,0.2583333333333333,work,3,2.0206364052201326e-16,0.0,0.001707890119847379,0.010135753905062229,0.00544804158464146,0.019766045884007495,0.00540248564275637,0.011783994450063834,3.202785147289643e-07,8.15625916922337e-07
7,888,221,8,0.26666666666666666,work,4,2.0206364052201326e-16,0.0,9.326761715688738e-09,1.5769906706002898e-07,0.00525503193294972,0.02071623489512813,0.005255023226626109,0.020716074267141806,4.140241749430411e-07,1.1530841661783082e-06
7,889,222,9,0.275,work,1,7.08398200187801e-15,0.0,0.005204760662590466,0.03337226507310828,0.004558182299307394,0.019629831485996917,0.005296235500377961,0.02173238409095528,3.365631571380616e-07,8.668327076583565e-07
7,890,222,9,0.2833333333333333,work,2,7.08398200187801e-15,0.0,0.003463553569284803,0.022232206638296337,0.004204491265780465,0.01943024466811911,0.004092471090490782,0.01354643607094487,3.7484701121049934e-07,7.052516678690489e-07
7,891,222,9,0.2916666666666667,work,3,7.08398200187801e-15,0.0,0.0017286326440758921,0.011108023043379888,0.0038855586499029495,0.021016527136662706,0.003459250619228305,0.013588246754151649,5.430054842268298e-07,1.3764027641720435e-06
7,892,222,9,0.3,work,4,7.08398200187801e-15,0.0,1.052217223179371e-08,4.2146848510894035e-08,0.003516132317259516,0.02258079647999679,0.003516133049918805,0.022580732699226166,2.7103011516336534e-07,4.942156062059712e-07
7,893,223,10,0.30833333333333335,work,1,5.551115123125783e-17,0.0,0.0030639747606865677,0.03011306848925673,0.0033317377472716716,0.021304627367465363,0.0007157346620634504,0.016934142519105508,2.180556743860502e-07,6.364034564513776e-07
7,894,223,10,0.31666666666666665,work,2,5.551115123125783e-17,0.0,0.0020348215588665555,0.020064969168764248,0.00392850864007307,0.02125049294686937,0.0020409105098550865,0.01212615199794932,1.9006404510894035e-07,5.824810351637641e-07
7,895,223,10,0.325,work,3,5.551115123125783e-17,0.0,0.00101362433650706,0.01002722561728755,0.004996673992740966,0.02236920262503383,0.004066539705571201,0.01567713758999621,1.1811759394771072e-07,4.749708607944627e-07
7,896,223,10,0.3333333333333333,work,4,5.551115123125783e-17,0.0,7.503534243958443e-09,8.429369702178807e-08,0.005990644346455722,0.025689020404519595,0.005990639354587231,0.02568910196602606,4.032126565500668e-07,8.930757083756817e-07
7,897,224,11,0.3416666666666667,work,1,1.249000902703301e-16,2.9802322387695312e-08,0.007045564791124375,0.03318150478767274,0.006022932079499954,0.02630092864931345,0.007090875988852227,0.02142589376300626,4.824111720096344e-07,1.0741246516072938e-06
7,898,224,11,0.35,work,2,1.249000902703301e-16,2.9802322387695312e-08,0.004701743769194384,0.0221308133159522,0.0059334180896963434,0.026435762310304915,0.006254491857924137,0.01703714298355961,4.6055700636565235e-07,1.0088867473489605e-06
7,899,224,11,0.35833333333333334,work,3,1.249000902703301e-16,2.9802322387695312e-08,0.002353357017265222,0.011070345437364187,0.005765080039140762,0.026972995774377763,0.005579960719685485,0.019729066033885547,3.438942301459254e-07,5.040030039932671e-07
7,900,224,11,0.36666666666666664,work,4,1.249000902703301e-16,2.9802322387695312e-08,1.9859519870371017e-08,7.300048299977715e-08,0.00556424011674073,0.028165548128824946,0.005564254827747866,0.02816562684451461,3.0968820210357975e-07,6.107658604359411e-07
7,901,225,12,0.375,work,1,2.3714374201337736e-16,0.0,0.0063269644426044245,0.033382736388597026,0.005328318314345422,0.03051201053913779,0.006980933399123191,0.018664366909445056,2.665884757717864e-07,8.523672608181953e-07
7,902,225,12,0.3833333333333333,work,2,2.3714374201337736e-16,0.0,0.004223674638868391,0.02225615123061815,0.005014799488043873,0.03255579714656933,0.005472982654431451,0.01806785105774096,3.174586439935849e-07,9.03949194437458e-07
7,903,225,12,0.39166666666666666,work,3,2.3714374201337736e-16,0.0,0.0021147828168096147,0.011128661297797639,0.004739343302381664,0.03470948193306191,0.004575480794694898,0.025848595023694045,4.908553120386387e-07,1.1281665105073424e-06
7,904,225,12,0.4,work,4,2.3714374201337736e-16,0.0,1.9401118100652016e-08,9.884312124119402e-08,0.004515867750142681,0.036944302778427904,0.004515855919741517,0.03694421163041064,4.221049379017698e-07,1.0494480646645553e-06
7,905,226,13,0.4083333333333333,work,1,9.614813431917819e-17,0.0,0.006633394316206684,0.03336558709520213,0.004193668506084807,0.03950859803343268,0.006851082115570862,0.01852834936333606,3.0005591985811756e-07,6.623897186187795e-07
7,906,226,13,0.4166666666666667,work,2,9.614813431917819e-17,0.0,0.0044284515296231204,0.022242069565706013,0.003936985797951635,0.0414037269331351,0.005351314575341209,0.023962060697186618,2.468861211903541e-07,4.951133646320162e-07
7,907,226,13,0.425,work,3,9.614813431917819e-17,0.0,0.0022174158523742,0.011120099869923268,0.0037584373627858104,0.04343701088368585,0.004199460525146,0.03391211007691678,1.0813134773928495e-07,7.679521278575185e-07
7,908,226,13,0.43333333333333335,work,4,9.614813431917819e-17,0.0,2.6304508356809534e-08,0.0,0.003686476782671131,0.04537400075882222,0.0036864624245275235,0.04537402213739875,1.2561552992435908e-07,5.21327724591969e-07
7,909,227,14,0.44166666666666665,work,1,2.6766507790745728e-16,0.0,0.005345456984043931,0.0344187481740474,0.004384462492933939,0.047077446255045244,0.008263299417666367,0.03297632702216366,2.5808661992139e-07,4.339283638763745e-07
7,910,227,14,0.45,work,2,2.6766507790745728e-16,0.0,0.0035724271010020648,0.02297411164409617,0.005226684842826429,0.048410093552312655,0.007473255405619596,0.036500186342890845,2.438073279862461e-07,4.0205531010723307e-07
7,911,227,14,0.4583333333333333,work,3,2.6766507790745728e-16,0.0,0.0017908229394556227,0.011501296484596808,0.006046702885804935,0.049922835094202915,0.006944471224785476,0.04308419868555513,2.33122672928918e-07,5.930587274471662e-07
7,912,227,14,0.4666666666666667,work,4,2.6766507790745728e-16,0.0,1.3922801087082262e-08,1.1920928955078128e-07,0.00681859484009323,0.051184881334301914,0.006818581981078508,0.05118479284927113,3.135144038547626e-07,4.4604031881975524e-07
7,913,228,15,0.475,work,1,2.242025235105681e-16,0.0,0.010211501325498718,0.046769147627281585,0.009393222343590264,0.05296776556521894,0.018548749314463427,0.05729290438971947,4.115910559113203e-07,5.380949403425408e-07
7,914,228,15,0.48333333333333334,work,2,2.242025235105681e-16,0.0,0.0068317421842523296,0.0312595449714611,0.011986574356322242,0.05629603835529409,0.01766875668452701,0.05691081378121813,4.0855307811834933e-07,8.990230041145374e-07
7,915,228,15,0.49166666666666664,work,3,2.242025235105681e-16,0.0,0.003427993938120562,0.01566981680708093,0.014456496979874204,0.06049968182828259,0.016997355820269733,0.05971855745542724,4.3356710676397255e-07,8.418826396361374e-07
7,916,228,15,0.5,work,4,2.242025235105681e-16,0.0,2.0242537874293405e-08,8.429369702178807e-08,0.016722133645042093,0.06484408102053002,0.016722124254297262,0.06484399947457983,2.8948199919289806e-07,6.683963981868597e-07
7,917,229,16,0.5083333333333333,work,1,1.249000902703301e-16,0.0,0.016736581645775375,0.04273076525758048,0.021818988526753087,0.07687859413815108,0.03743767612723015,0.09256249704760469,3.4682232842164305e-07,7.133906604996852e-07
7,918,229,16,0.5166666666666666,work,2,1.249000902703301e-16,0.0,0.011152134904205515,0.028455321627614615,0.026130033559173232,0.08651283878847535,0.036223357269197135,0.09587124320579739,1.9401377999115753e-07,1.5196262340524156e-07
7,919,229,16,0.525,work,3,1.249000902703301e-16,0.0,0.005573078131265302,0.014211580195192166,0.029440601463066783,0.0938726981281343,0.03431347128638923,0.09799899381301654,2.9856756945377776e-07,5.778884717722352e-07
7,920,229,16,0.5333333333333333,work,4,1.249000902703301e-16,0.0,2.623497546687387e-08,9.884312124119402e-08,0.03172221396266109,0.09890388011574755,0.0317222306239972,0.09890382861263602,1.5204969422357968e-07,5.748063779469126e-07
7,921,230,17,0.5416666666666666,work,1,1.4946834900704541e-16,0.0,0.01632164258985089,0.028579399407518823,0.03379264342352069,0.10471994389145384,0.049057555824550965,0.1198469807458889,1.082873657772485e-07,1.812804499357409e-07
7,922,230,17,0.55,work,2,1.4946834900704541e-16,0.0,0.010867295908417004,0.019007567358496243,0.034855557395884175,0.10679209025463518,0.044880738822200054,0.11647953256889804,3.734821514408934e-07,6.47472172451035e-07
7,923,230,17,0.5583333333333333,work,3,1.4946834900704541e-16,0.0,0.0054266603249333144,0.009481122059217535,0.03500738900242871,0.10621812357142141,0.039945471608561434,0.11085173923794042,3.840469938312153e-07,9.224288189734399e-07
7,924,230,17,0.5666666666666667,work,4,1.4946834900704541e-16,0.0,1.0642203184998286e-08,0.0,0.03441875358856173,0.10382032561708031,0.03441875876648293,0.10382033537376986,1.861420905081481e-07,6.756653814765625e-07
7,925,231,18,0.575,work,1,0.0,0.0,0.013422578589713149,0.021447915289887744,0.03269640316383454,0.09956345289943892,0.044563276316989454,0.11377827604637568,2.184065402569527e-07,5.638864019043613e-07
7,926,231,18,0.5833333333333334,work,2,0.0,0.0,0.00892839597524428,0.014289130320654465,0.030749266553296586,0.09409282905923964,0.038571523393207616,0.10326187056245216,3.4451107835847107e-07,5.900558791525186e-07
7,927,231,18,0.5916666666666667,work,3,0.0,0.0,0.0044541216042382715,0.007139835694082647,0.028636165548958262,0.08819702038756828,0.03248576534070486,0.09260499011534774,7.990013804654453e-08,4.107966647175028e-07
7,928,231,18,0.6,work,4,0.0,0.0,1.886683544583891e-08,2.9802322387695312e-08,0.026453954530521955,0.08221648309568916,0.02645394019626625,0.08221643087741899,1.3554343522350412e-07,3.08277619862217e-07
7,929,232,19,0.6083333333333333,work,1,2.0955000055363631e-16,0.0,0.011713510527597917,0.020012817916023377,0.0244309118819552,0.0773844979508584,0.035138245919082746,0.08716287883275922,3.5073080397677597e-07,6.114925303662798e-07
7,930,232,19,0.6166666666666667,work,2,2.0955000055363631e-16,0.0,0.00779386534601793,0.013355834082448542,0.022524513511125437,0.07207010454701612,0.029589618648561095,0.07792448441753447,3.0107573627925896e-07,4.539354506649926e-07
7,931,232,19,0.625,work,3,2.0955000055363631e-16,0.0,0.0038893082654409593,0.00668485506515902,0.020735046047406006,0.06695934885905178,0.024212789419025108,0.06952295567969798,4.353326998669903e-07,7.650552781220385e-07
7,932,232,19,0.6333333333333333,work,4,2.0955000055363631e-16,0.0,1.5977487456213664e-08,4.2146848510894035e-08,0.019097823958307416,0.06229647395706682,0.019097812831811025,0.06229652311848878,4.5583089381321043e-07,6.957422214704043e-07
7,933,233,20,0.6416666666666666,work,1,2.1677797545656835e-16,0.0,0.009437868387297637,0.018755683318679776,0.017392526902755917,0.05817181235748007,0.026284184056140462,0.06560527443209584,3.861563229018363e-07,5.670278546345386e-07
7,934,233,20,0.65,work,2,2.1677797545656835e-16,0.0,0.006286963330717984,0.012518128548481632,0.01592354519248331,0.05402769469098863,0.021784838053628634,0.05833437146673535,3.9846545704713387e-07,7.251217997429673e-07
7,935,233,20,0.6583333333333333,work,3,2.1677797545656835e-16,0.0,0.003140977570574294,0.0062663527924147885,0.014693590117280607,0.05035953858050972,0.017583250318614525,0.05214280094977267,2.1196055711001635e-07,4.2357058535671e-07
7,936,233,20,0.6666666666666666,work,4,2.1677797545656835e-16,0.0,1.1711592389614428e-08,4.2146848510894035e-08,0.013727527399273623,0.047440370733158266,0.01372752771069706,0.04744037489527953,2.7785113591207026e-07,2.980232238769534e-07
7,937,234,21,0.675,work,1,7.850462293418876e-17,0.0,0.009211095832216663,0.017772306090611895,0.013031682801856294,0.0453964004438459,0.021818197536260544,0.052020555089659096,1.776587092448329e-07,6.019774042583773e-07
7,938,234,21,0.6833333333333333,work,2,7.850462293418876e-17,0.0,0.006140660021768391,0.011869794624763152,0.012553773212142287,0.04383860692997622,0.018367621609475485,0.04774691094010458,2.7042246705967004e-07,2.4575624618635555e-07
7,939,234,21,0.6916666666666667,work,3,7.850462293418876e-17,0.0,0.0030703257002153324,0.005945725014987899,0.012286220020673715,0.04275556223563609,0.015168254211200046,0.0444185421082311,3.790195671898636e-07,5.247240323322731e-07
7,940,234,21,0.7,work,4,7.850462293418876e-17,0.0,7.76904744204797e-09,2.9802322387695312e-08,0.012224491519030267,0.04214619013959011,0.012224495949270152,0.04214618021667813,1.8628327213424486e-07,1.8371385344770487e-07
7,941,235,22,0.7083333333333334,work,1,7.850462293418876e-17,2.9802322387695312e-08,0.009843121908037737,0.015929680590078175,0.012470517709118577,0.04225313894320035,0.02194900433192739,0.0498243351388823,3.0282123978978925e-07,5.732591170570675e-07
7,942,235,22,0.7166666666666667,work,2,7.850462293418876e-17,2.9802322387695312e-08,0.006563051989757745,0.010648180093326636,0.012823193893943588,0.04263914079623677,0.01911332297932261,0.04738128793095109,1.4534128175987526e-07,4.842304232499588e-07
7,943,235,22,0.725,work,3,7.850462293418876e-17,2.9802322387695312e-08,0.003281991418998652,0.005338298224091307,0.013258402121217218,0.043231875117929364,0.0163826380375126,0.045424712153285786,3.334063842539363e-07,7.74860382080083e-07
7,944,235,22,0.7333333333333333,work,4,7.850462293418876e-17,2.9802322387695312e-08,2.822958796639652e-08,1.1151007970493858e-07,0.01374449674789894,0.04395941882656849,0.013744523013362563,0.043959527983842096,3.1142583121252834e-07,6.460989531480936e-07
7,945,236,23,0.7416666666666667,work,1,2.7755575615628914e-17,4.2146848510894035e-08,0.009317368238643212,0.014498652164029267,0.014084685075354089,0.04431502528384055,0.0231034121641829,0.05287980762700336,2.1044113109128355e-07,7.140128940767647e-07
7,946,236,23,0.75,work,2,2.7755575615628914e-17,4.2146848510894035e-08,0.006214005659355185,0.009691211132482266,0.014432735396846327,0.04474120517199496,0.020412414567848605,0.050211912577237554,3.597278135646512e-07,8.950625310946305e-07
7,947,236,23,0.7583333333333333,work,3,2.7755575615628914e-17,4.2146848510894035e-08,0.0031082042959315265,0.004858317725723979,0.014775640638379576,0.045131559884715976,0.01774658483350592,0.04772867089255949,2.8016428603622466e-07,4.91512492372712e-07
7,948,236,23,0.7666666666666666,work,4,2.7755575615628914e-17,4.2146848510894035e-08,2.1917223636331062e-08,6.664001874625056e-08,0.015114268634920937,0.04548481386362748,0.015114247411089885,0.04548479866842674,3.041326286424289e-07,5.004660971089217e-07
7,949,237,24,0.775,work,1,7.850462293418876e-17,0.0,0.009280362282644753,0.017711563996037245,0.01548329804310085,0.04609115330709573,0.02440417490066598,0.056814554576231795,4.121860893986035e-07,7.263456348749403e-07
7,950,237,24,0.7833333333333333,work,2,7.850462293418876e-17,0.0,0.00619052146838876,0.011831849224438605,0.015830851146893782,0.0464588808608819,0.021753729373576024,0.05318676149852236,2.2761307846751786e-07,7.269567798167786e-07
7,951,237,24,0.7916666666666666,work,3,7.850462293418876e-17,0.0,0.00309709349226617,0.005928244243435451,0.016137265582607516,0.04672324690856412,0.01908079143166244,0.049854272499386836,2.823862272991712e-07,8.107108180961333e-07
7,952,237,24,0.8,work,4,7.850462293418876e-17,0.0,2.1941146925376382e-08,1.4292691717483762e-07,0.01639316387003271,0.04689646271831902,0.016393180644166408,0.04689656035376292,1.691857974519993e-07,7.480323551899914e-07
7,953,238,25,0.8083333333333333,work,1,1.6653345369377348e-16,0.0,0.009286611744916665,0.021801675822206365,0.016662261715663842,0.04734808972249787,0.025493909385258296,0.059910745903304065,2.6112265643029464e-07,7.527667844483354e-07
7,954,238,25,0.8166666666666667,work,2,1.6653345369377348e-16,0.0,0.006196922802905343,0.014554866762680502,0.01686883635596522,0.04737184282001738,0.022732134073347766,0.055053259920437345,2.3007783224087788e-07,7.828429661133159e-07
7,955,238,25,0.825,work,3,1.6653345369377348e-16,0.0,0.0031014645545242537,0.007287804129592265,0.01700930722776515,0.04720228694132616,0.01992087770041897,0.05065376036895815,2.734202077642855e-07,4.645722290313223e-07
7,956,238,25,0.8333333333333334,work,4,1.6653345369377348e-16,0.0,2.8338859601699947e-08,5.960464477539063e-08,0.0170881140650253,0.046927292027874115,0.01708813994547119,0.04692732437030198,1.6038508956926852e-07,3.897159347123516e-07
7,957,239,26,0.8416666666666667,work,1,2.7755575615628914e-16,0.0,0.009734625119388744,0.024927513883117973,0.017277266054656636,0.04713380991358017,0.026488836246246955,0.0612960878318586,3.1275735954425187e-07,5.855227322694233e-07
7,958,239,26,0.85,work,2,2.7755575615628914e-16,0.0,0.006497906925444347,0.016644274699298606,0.01739156556284827,0.04697648719760159,0.02349680532034445,0.05560610305850791,2.5088265864173857e-07,6.657334537413353e-07
7,959,239,26,0.8583333333333333,work,3,2.7755575615628914e-16,0.0,0.0032531260565362976,0.008335286844026273,0.017434025343813688,0.04664780063668887,0.020459919012966336,0.05048810399928529,2.912375905483005e-07,6.350063011843742e-07
7,960,239,26,0.8666666666666667,work,4,2.7755575615628914e-16,0.0,2.4628377099560436e-08,6.664001874625056e-08,0.01740863035373643,0.04618637054701912,0.017408653132850064,0.046186401892168286,3.1233726904155924e-07,5.21327724591969e-07
7,961,240,27,0.875,work,1,1.1443916996305594e-16,0.0,0.009650326757486767,0.025551563713216017,0.0173255280234325,0.0457002204996304,0.02644705080558206,0.059573742550532834,2.644978329891608e-07,8.800520336767149e-07
7,962,240,27,0.8833333333333333,work,2,1.1443916996305594e-16,0.0,0.006446113216974905,0.017064511705929746,0.01718592552078201,0.04499044053246874,0.023229858438405627,0.053382578601505956,2.2296961156269967e-07,6.00500156867801e-07
7,963,240,27,0.8916666666666666,work,3,1.1443916996305594e-16,0.0,0.0032295195599019613,0.008547686343365347,0.01701168568025272,0.04420175373213819,0.020008409439878815,0.047877322296476246,2.216385183661472e-07,2.980232238769534e-07
7,964,240,27,0.9,work,4,1.1443916996305594e-16,0.0,4.62232278611732e-09,4.2146848510894035e-08,0.01682199077735673,0.043403238491302204,0.01682199451813056,0.04340321697603261,2.0937591686078206e-07,5.040030039932671e-07
7,965,241,28,0.9083333333333333,work,1,9.614813431917819e-17,0.0,0.00935627181512703,0.02443099117195341,0.016539330925206673,0.04243715479077558,0.02541145760718005,0.05478037571636599,1.0950915458494297e-07,3.769728732309799e-07
7,966,241,28,0.9166666666666666,work,2,9.614813431917819e-17,0.0,0.006254876212254462,0.016320185863218224,0.016252954712755438,0.04142712089020645,0.022137834727545457,0.04881126071056696,6.994255239694703e-08,3.251049552749314e-07
7,967,241,28,0.9249999999999999,work,3,9.614813431917819e-17,0.0,0.0031362966853600905,0.0081770857789906,0.015988480945207856,0.04049617058317624,0.018911309959249188,0.04366278687715439,8.814501596002102e-08,2.950279395762585e-07
7,968,241,28,0.9333333333333333,work,4,9.614813431917819e-17,0.0,1.1270609579062725e-08,5.16191365590357e-08,0.01576470606733839,0.03968236394625494,0.01576471026371692,0.039682368486422766,1.2382265478867092e-07,5.930587274471662e-07
7,969,242,29,0.9416666666666667,work,1,1.6653345369377348e-16,0.0,0.00883707327374413,0.022038134049281538,0.015387661251053397,0.038483058664101885,0.02378737326264178,0.048201658786487765,2.0028932057937278e-07,4.0644948771553874e-07
7,970,242,29,0.95,work,2,1.6653345369377348e-16,0.0,0.005911493395106073,0.014719574836962785,0.015065744169852128,0.037448771011198534,0.020646672642309363,0.043102932627570645,2.6733874204690143e-07,2.965293637235823e-07
7,971,242,29,0.9583333333333334,work,3,1.6653345369377348e-16,0.0,0.002966038940748374,0.007374291232275039,0.014816441708661048,0.03661755909078124,0.017594091315685234,0.038937246944387556,2.61359360052135e-07,4.400260168383548e-07
7,972,242,29,0.9666666666666667,work,4,1.6653345369377348e-16,0.0,1.7785708667805382e-08,5.960464477539063e-08,0.014650317648014017,0.03600795491893176,0.01465030050920398,0.03600791178330879,1.3209410899034363e-07,2.665600749850024e-07
7,973,243,30,0.975,work,1,1.4946834900704541e-16,0.0,0.008141890665967358,0.018941680206857218,0.014269461780412784,0.034823963876213275,0.022017115637682126,0.0417944020347479,2.407602002963067e-07,2.475566823160076e-07
7,974,243,30,0.9833333333333333,work,2,1.4946834900704541e-16,0.0,0.005447192374910543,0.012646524877119779,0.013994515471777755,0.03397020666429,0.01914631830510839,0.03789050466421492,1.9130959976423557e-07,5.048833592563111e-07
7,975,243,30,0.9916666666666667,work,3,1.4946834900704541e-16,0.0,0.0027334621774476537,0.006333378883715701,0.013832086784288563,0.033413647183244126,0.016398425345748795,0.034939183687639264,1.677633918879496e-07,4.042583693936634e-07
7,976,243,30,1.0,work,4,1.4946834900704541e-16,0.0,4.1649493883179375e-09,7.300048299977715e-08,0.013779962250655425,0.03314720103825021,0.013779959801384259,0.03314716375656673,2.0959550311258422e-07,5.607273495860947e-07
7,977,244,31,1.0083333333333333,work,1,1.594436429147036e-16,0.0,0.007313548433560389,0.015610787433277607,0.013499265637760454,0.03227366041393789,0.020507696228871608,0.036959855824550275,2.8475379847665786e-07,4.4703483581543064e-07
7,978,244,31,1.0166666666666666,work,2,1.594436429147036e-16,0.0,0.0048914525039166525,0.010423279195877544,0.013348289526449935,0.031814532232663,0.01800614912064027,0.034411047889493215,1.6563239133545766e-07,5.670278546345386e-07
7,979,244,31,1.025,work,3,1.594436429147036e-16,0.0,0.002453754642676033,0.005220279548186678,0.01331939745528614,0.03166118477920193,0.015640165437757925,0.03264951196400258,1.969480616352865e-07,3.769728732309799e-07
7,980,244,31,1.0333333333333332,work,4,1.594436429147036e-16,0.0,1.9660042378219715e-08,4.2146848510894035e-08,0.013397651516042396,0.031762592515115685,0.013397669807673387,0.03176261591057902,2.9903391386926513e-07,1.1876141336662511e-06
7,981,245,32,1.0416666666666667,work,1,1.594436429147036e-16,0.0,0.0066014996256939466,0.012537838670468354,0.013286179740834273,0.03131946203260813,0.019657093267819337,0.034032685576202516,6.378219613885261e-08,1.7631291696726137e-07
7,982,245,32,1.05,work,2,1.594436429147036e-16,0.0,0.004411477572937118,0.008369431455111561,0.013275878533385386,0.03125273438855073,0.01751117456173665,0.03267597155845148,1.4921149710436084e-07,7.001960351747746e-07
7,983,245,32,1.0583333333333333,work,3,1.594436429147036e-16,0.0,0.002211085166473195,0.004190520420804463,0.01335814777257067,0.03140484659529531,0.015470604711139826,0.031900470632061785,1.0249460857593567e-07,4.1187628987685676e-07
7,984,245,32,1.0666666666666667,work,4,1.594436429147036e-16,0.0,4.4119034471464146e-09,4.2146848510894035e-08,0.013520532051815262,0.03173949559921047,0.013520535874893389,0.03173952011799595,5.651955027285684e-08,4.2774379534743284e-07
7,985,246,33,1.075,work,1,1.1443916996305594e-16,0.0,0.006035130485986863,0.010219792762076725,0.013508081604663678,0.03155314039483477,0.019363443127024222,0.03260388433828492,1.4835077194986393e-07,4.182955279236503e-07
7,986,246,33,1.0833333333333333,work,2,1.1443916996305594e-16,0.0,0.004029000030769238,0.006816013620954127,0.013562345089727326,0.031619555156517404,0.017459724694317193,0.03200502107873669,2.2501969921794537e-07,6.034510353599985e-07
7,987,246,33,1.0916666666666666,work,3,1.1443916996305594e-16,0.0,0.0020173686759194097,0.0034097401325157897,0.013681133451950211,0.031859580684957395,0.015627520095635603,0.0318919823140406,2.439741434942275e-07,3.964941112890867e-07
7,988,246,33,1.1,work,4,1.1443916996305594e-16,0.0,1.8842718650084597e-08,5.960464477539063e-08,0.013856967145506332,0.03222958564139351,0.013856985325359566,0.03222960653882419,2.1090192596423442e-07,2.7797755757238933e-07
7,989,247,34,1.1083333333333334,work,1,1.6883057536160649e-16,0.0,0.00560113653423981,0.008660371603461184,0.013890118513870956,0.032207770089346735,0.01937508418066077,0.032464951489653865,2.485606812791309e-07,3.99840112477504e-07
7,990,247,34,1.1166666666666667,work,2,1.6883057536160649e-16,0.0,0.0037358814721782504,0.005775474790474787,0.013978863871094292,0.032401391068869904,0.017631081355823888,0.0323308692739688,3.7153061166236863e-07,8.585965806775119e-07
7,991,247,34,1.125,work,3,1.6883057536160649e-16,0.0,0.001868849819035896,0.0028889211763072947,0.014116636849583353,0.03271577099458884,0.015941050775822738,0.03256167003310096,2.815707928991024e-07,4.693274422891038e-07
7,992,247,34,1.1333333333333333,work,4,1.6883057536160649e-16,0.0,1.0316073017355263e-08,2.9802322387695312e-08,0.014292758365272875,0.033110142911241126,0.014292748269490462,0.03311015029659777,1.3997001703849885e-07,4.860611686199943e-07
7,993,248,35,1.1416666666666666,work,1,7.850462293418876e-17,0.0,0.0050762930956363495,0.006573401606064281,0.01425666330101236,0.032932008405049173,0.01925136871382671,0.032526002292260034,3.1123956307854524e-07,3.976125736274229e-07
7,994,248,35,1.15,work,2,7.850462293418876e-17,0.0,0.0033835661137708328,0.004378803656435362,0.014272517807476832,0.03293379376780954,0.017598872060086923,0.032511920932890716,3.853861466416771e-07,7.195887844353736e-07
7,995,248,35,1.1583333333333332,work,3,7.850462293418876e-17,0.0,0.0016915275233661334,0.0021878384705522045,0.01434062023928241,0.033076667520354784,0.01600225294179161,0.032793657244913295,1.861996695459511e-07,3.839760639287575e-07
7,996,248,35,1.1666666666666667,work,4,7.850462293418876e-17,0.0,2.5801119842011576e-08,5.960464477539063e-08,0.014448974866455747,0.033321793075722486,0.014448999594795125,0.033321832306473335,2.308853926818162e-07,3.182017282256878e-07
7,997,249,36,1.175,work,1,2.0770370905276122e-16,0.0,0.004557360176173103,0.0041566430797660755,0.014329953296737625,0.032991188304487,0.018803136614840028,0.03318848103667567,1.8158550510914207e-07,3.2098083538618743e-07
7,998,249,36,1.1833333333333333,work,2,2.0770370905276122e-16,0.0,0.003037120974792146,0.002760878917990112,0.014296444580141808,0.032877838394364034,0.017275437007208787,0.03294438212608917,2.576061138551891e-07,5.990192664337711e-07
7,999,249,36,1.1916666666666667,work,3,2.0770370905276122e-16,0.0,0.001518022152385242,0.0013753044840858258,0.014332411617075772,0.03295249051029906,0.01581980743498059,0.032954946121455164,1.4525014001855186e-07,6.677316576960141e-07
7,1000,249,36,1.2,work,4,2.0770370905276122e-16,0.0,2.3130558855184212e-08,5.960464477539063e-08,0.01441918028310357,0.03315346805041498,0.014419201130461702,0.03315352818830466,2.1242735809054393e-07,8.940696716308595e-08
7,1001,250,37,1.2083333333333333,work,1,4.875193971289143e-15,0.0,0.004183793232377312,0.0038338151462882844,0.014326790138112139,0.03291688931290632,0.018409247832516483,0.03455477916640838,2.164028756265441e-07,1.7377590819732256e-07
7,1002,250,37,1.2166666666666666,work,2,4.875193971289143e-15,0.0,0.0027881956181736115,0.002542365153523469,0.014319790006313634,0.032925153941672045,0.017036114462083755,0.033959818109064434,3.024936909040942e-07,6.027146701859462e-07
7,1003,250,37,1.225,work,3,4.875193971289143e-15,0.0,0.0013935720853116504,0.001264425484739976,0.014377966062411728,0.033093983830810254,0.015732672112783612,0.03358456912956537,2.037575895461795e-07,2.858538343496754e-07
7,1004,250,37,1.2333333333333334,work,4,4.875193971289143e-15,0.0,2.0685764199085375e-08,5.16191365590357e-08,0.014479330968850778,0.033357621595285984,0.014479313972942508,0.03335760639516661,2.4140788611379284e-07,3.976125736274229e-07
8,1005,251,1,0.008333333333333333,startup,1,1.415262216750919e-16,0.0,0.009202283325498667,0.029677315936694107,0.0019600783878710166,0.0039811779477412195,0.011033615156077241,0.02990372060984018,3.086825750323362e-07,6.343065695104853e-07
8,1006,251,1,0.016666666666666666,startup,2,1.415262216750919e-16,0.0,0.0061351577630724356,0.01973599361712957,0.003107808705712967,0.00696616606784732,0.008929871413818086,0.020028491550086434,4.544668188998862e-07,1.5013982913267963e-06
8,1007,251,1,0.025,startup,3,1.415262216750919e-16,0.0,0.003067682329264737,0.00984354256794768,0.003685443719313208,0.008680486835738166,0.006327925172982346,0.011226500643264792,3.20723909490231e-07,1.160378595228914e-06
8,1008,251,1,0.03333333333333333,startup,4,1.415262216750919e-16,0.0,2.1541488129785688e-08,5.960464477539063e-08,0.00398548812370635,0.009739086912306004,0.003985493770991435,0.009739124320602019,3.8916674092308863e-07,9.693775157505723e-07
8,1009,252,2,0.041666666666666664,work,1,1.1443916996305594e-16,0.0,0.00584585096246656,0.020624624331796418,0.004647771515745768,0.011944249595440186,0.00934872929508356,0.01191953733872736,2.2622107294584526e-07,7.708380911575343e-07
8,1010,252,2,0.05,work,2,1.1443916996305594e-16,0.0,0.0038951565131655538,0.013721568124816145,0.006084120897373952,0.015631072752511615,0.0081451193465281,0.006017660433522832,1.8388391352342582e-07,3.526258339345231e-07
8,1011,252,2,0.058333333333333334,work,3,1.1443916996305594e-16,0.0,0.0019465392744871534,0.006846707460514816,0.00787583759583336,0.02009902639704706,0.00833907022316327,0.014136082247302777,2.9466542939405123e-07,6.357052626520881e-07
8,1012,252,2,0.06666666666666667,work,4,1.1443916996305594e-16,0.0,1.9511965242125835e-08,9.424321830774485e-08,0.00974445882733689,0.024725999941004197,0.009744440524865032,0.02472591670677018,1.9460434269308893e-07,5.389196074016445e-07
8,1013,253,3,0.075,work,1,6.042816540784768e-16,0.0,0.006097432497830037,0.022114005981611215,0.011908948838475106,0.030226223204288544,0.014177532552090057,0.01606005137924842,3.2573502618775503e-07,8.285903200184073e-07
8,1014,253,3,0.08333333333333333,work,2,6.042816540784768e-16,0.0,0.00406391237281332,0.014704008662487124,0.01245573169047286,0.03389914927306563,0.013704744270763658,0.023271336141839887,3.59933628396245e-07,1.1913476044718611e-06
8,1015,253,3,0.09166666666666666,work,3,6.042816540784768e-16,0.0,0.0020314348692969304,0.007332680667451069,0.011414794815218753,0.03333871283186798,0.012055519486721268,0.027794270728709845,1.861542906461875e-07,6.307962682401184e-07
8,1016,253,3,0.1,work,4,6.042816540784768e-16,0.0,2.234003473314933e-08,2.9802322387695312e-08,0.010797605719223854,0.030997722425693514,0.010797586739498832,0.030997702718295342,1.6487251521814964e-07,4.6169559314339464e-07
8,1017,254,4,0.10833333333333334,work,1,8.326672684688674e-17,0.0,0.006161016974911642,0.024802547616607218,0.010370868121581247,0.02937753186297322,0.013781686070032925,0.00897393593033423,2.929060507283254e-07,8.78031245628378e-07
8,1018,254,4,0.11666666666666667,work,2,8.326672684688674e-17,0.0,0.004109619300087613,0.01650047741466884,0.010088870569263862,0.028179680070203553,0.012170491688614556,0.013086121692599022,9.915271288643416e-08,7.777207106769067e-07
8,1019,254,4,0.125,work,3,8.326672684688674e-17,0.0,0.002055944833647281,0.008233031883592116,0.009698039794748326,0.027323471903051417,0.010631297452883517,0.01957554006486279,3.328032327913316e-07,8.172577143193593e-07
8,1020,254,4,0.13333333333333333,work,4,8.326672684688674e-17,0.0,2.0685151928906554e-08,7.300048299977715e-08,0.008898888857404518,0.026240641967836237,0.008898876325245454,0.02624071062162207,4.024089684681694e-07,3.9085379387748307e-07
8,1021,255,5,0.14166666666666666,work,1,1.6184142622847344e-16,0.0,0.005811185101768686,0.02874583088184649,0.007770440489732076,0.02343588602776166,0.011614854625426732,0.006771016443289229,1.653162477900779e-07,1.7120130796843858e-07
8,1022,255,5,0.15,work,2,1.6184142622847344e-16,0.0,0.0038788809305385775,0.01914967197021668,0.00704600535936209,0.020995337095013934,0.009527572392914617,0.00423715493869441,4.1593512556647224e-07,1.0000444493033106e-06
8,1023,255,5,0.15833333333333333,work,3,1.6184142622847344e-16,0.0,0.0019418375585246157,0.00956770214047785,0.006723751946208869,0.019573870089741232,0.007834987993710851,0.010339770141980599,4.4483864511178544e-07,1.0293672108155927e-06
8,1024,255,5,0.16666666666666666,work,4,1.6184142622847344e-16,0.0,1.2754316716908863e-08,5.960464477539063e-08,0.006642412434503754,0.019108765144031935,0.006642421240223281,0.01910873471228818,4.558820610131124e-07,1.2120425348081032e-06
8,1025,256,6,0.175,work,1,1.2719202621569003e-16,0.0,0.005619415214655093,0.031009471337717177,0.006220612748861951,0.01780634662377926,0.00973747148267924,0.016873416448779783,3.0006911605304023e-07,1.053671212772363e-06
8,1026,256,6,0.18333333333333332,work,2,1.2719202621569003e-16,0.0,0.003751137247750978,0.02067402039391677,0.006051787507540764,0.017086137190223807,0.008143163325204336,0.00945403174040408,2.1374283160118998e-07,8.139908482878063e-07
8,1027,256,6,0.19166666666666665,work,3,1.2719202621569003e-16,0.0,0.0018779902936069493,0.010337474924741418,0.006066657525545528,0.016933480834520724,0.006925730056313713,0.0092584374133206,3.8534448252854447e-07,8.663202437012641e-07
8,1028,256,6,0.2,work,4,1.2719202621569003e-16,0.0,9.872545621699446e-09,5.16191365590357e-08,0.006206401008349837,0.01710858331008019,0.006206403216451243,0.01710862457341958,3.8712407763335963e-07,9.200184965391915e-07
8,1029,257,7,0.20833333333333334,work,1,1.1443916996305594e-16,0.0,0.005000914915009786,0.03118918845899202,0.006072060912411515,0.016711786125521225,0.008685285218455888,0.021633557205443164,1.6679605815293228e-07,6.893297139537593e-07
8,1030,257,7,0.21666666666666667,work,2,1.1443916996305594e-16,0.0,0.003337214086766385,0.020794543949397688,0.006099662118837878,0.01642349071117877,0.007529840021070331,0.013951878736976083,1.7530296111422875e-07,4.693274422891038e-07
8,1031,257,7,0.225,work,3,1.1443916996305594e-16,0.0,0.0016702301248336586,0.010398217110846215,0.006281214417508667,0.016502363166828384,0.006789647742256757,0.011275283728653825,2.024341748354397e-07,8.429369702178807e-08
8,1032,257,7,0.23333333333333334,work,4,1.1443916996305594e-16,0.0,2.7604258723621434e-09,1.032382731180714e-07,0.006618378297159939,0.017000058225060857,0.006618379866521799,0.01699996235999417,1.5281009871975281e-07,8.663202437012641e-07
8,1033,258,8,0.24166666666666667,work,1,1.3597399555105182e-16,0.0,0.005389744378551883,0.03190565430782011,0.006441616956143878,0.016422611888844443,0.007417244850338745,0.023978740289539512,3.1438468672253646e-07,8.719407819704955e-07
8,1034,258,8,0.25,work,2,1.3597399555105182e-16,0.0,0.003596575787917752,0.0212693012340323,0.006641457932852688,0.01651108745087251,0.0066546800674134095,0.015165833045916276,4.342896047705754e-07,9.45255251357189e-07
8,1035,258,8,0.2583333333333333,work,3,1.3597399555105182e-16,0.0,0.001799979875532375,0.010634022712326005,0.006921976754579526,0.017960248142645678,0.006608258976202641,0.01194365981082083,2.0041342085461924e-07,3.9198835009234925e-07
8,1036,258,8,0.26666666666666666,work,4,1.3597399555105182e-16,0.0,1.3615802959331913e-08,5.960464477539063e-08,0.0067199095205665565,0.019274980372509957,0.006719905092597732,0.01927503015544856,2.846975222429686e-07,5.824810351637641e-07
8,1037,259,9,0.275,work,1,1.0477500027681816e-16,0.0,0.006611406944307915,0.03038268310659313,0.005347076899061436,0.017293799808193143,0.005105372739224431,0.01923788611320789,2.787131233777363e-07,6.576799300525787e-07
8,1038,259,9,0.2833333333333333,work,2,1.0477500027681816e-16,0.0,0.004412734370234575,0.02024654653134513,0.004459387969513618,0.01514140296872258,0.003644183852391156,0.01173136264928379,3.477021295124964e-07,1.0228754461843193e-06
8,1039,259,9,0.2916666666666667,work,3,1.0477500027681816e-16,0.0,0.0022089297809886215,0.010118912608479441,0.0039027563219720105,0.01457904027814032,0.002916687830572391,0.008340315457150084,3.2161087822187693e-07,9.991559156322709e-07
8,1040,259,9,0.3,work,4,1.0477500027681816e-16,0.0,1.6760942964003984e-08,1.032382731180714e-07,0.0034096541546045165,0.015861157726785226,0.0034096556144450575,0.015861083521143474,9.396966365663987e-08,6.93824692179136e-07
8,1041,260,10,0.30833333333333335,work,1,1.3597399555105182e-16,0.0,0.005195517632156948,0.029285278407421535,0.0029650083522083878,0.01613752465458468,0.0026189901859142626,0.01769990912309125,1.7963999131106788e-07,3.9537248496477665e-07
8,1042,260,10,0.31666666666666665,work,2,1.3597399555105182e-16,0.0,0.003457862765818213,0.019506724554465688,0.0028620802233265434,0.017102253109062823,0.0010135153936876636,0.00916845941547534,1.9319561630879154e-07,3.9311963195422116e-07
8,1043,260,10,0.325,work,3,1.3597399555105182e-16,0.0,0.0017260915435704611,0.009744977427703598,0.0027922969121108917,0.019741013695418516,0.001184308801156376,0.011668065630133144,1.684816214923838e-07,5.809542146211266e-07
8,1044,260,10,0.3333333333333333,work,4,1.3597399555105182e-16,0.0,1.444925361496904e-08,4.2146848510894035e-08,0.002576619599617256,0.022548110496737796,0.002576623387348644,0.022548139022786295,1.6040530782178807e-07,6.100383249061942e-07
8,1045,261,11,0.3416666666666667,work,1,1.2719202621569003e-16,0.0,0.004296205001792392,0.03404161504293295,0.003356853207428253,0.022813127525321646,0.005432534493458445,0.01784058212009289,4.0430856914669154e-07,7.189713765272429e-07
8,1046,261,11,0.35,work,2,1.2719202621569003e-16,0.0,0.00286391345019446,0.02270246811351929,0.004133893021033577,0.02321401673673837,0.005135824092780468,0.012956901116870935,4.800793042340228e-07,7.293962389540962e-07
8,1047,261,11,0.35833333333333334,work,3,1.2719202621569003e-16,0.0,0.0014320500468216824,0.011355256357037753,0.004595002830279985,0.02468290219866167,0.004850853598588542,0.016637460122381088,2.113838398548452e-07,6.925433897150939e-07
8,1048,261,11,0.36666666666666664,work,4,1.2719202621569003e-16,0.0,2.3941558608904075e-08,6.664001874625056e-08,0.00479881814135776,0.026249795347394193,0.004798831796047891,0.026249784636178275,1.1987063965184626e-07,4.4802714521804273e-07
8,1049,262,12,0.375,work,1,8.326672684688674e-17,4.2146848510894035e-08,0.007198914987001808,0.03595354592074678,0.004529495412044052,0.026757764544892808,0.008292121203770953,0.021637542495644167,1.9803106799440918e-07,3.513641989991549e-07
8,1050,262,12,0.3833333333333333,work,2,8.326672684688674e-17,4.2146848510894035e-08,0.004807600293517301,0.023990490629891125,0.004369543286932529,0.027205703170260456,0.006571764541465385,0.016648153783875148,3.453155333986911e-07,2.8272965492323474e-07
8,1051,262,12,0.39166666666666666,work,3,8.326672684688674e-17,4.2146848510894035e-08,0.0024081375581387087,0.012005887340891806,0.004215458603240302,0.02816560207265155,0.004969936222584178,0.019988011811810275,1.1163823861231141e-07,3.182017282256878e-07
8,1052,262,12,0.4,work,4,8.326672684688674e-17,4.2146848510894035e-08,6.993827352315597e-09,1.3328003749250115e-07,0.004041810619081497,0.029640860185820257,0.004041808688767687,0.029640983000866906,1.6652960712262525e-07,1.2990531157078367e-07
8,1053,263,13,0.4083333333333333,work,1,6.798699777552591e-17,0.0,0.006970735434139759,0.03341053484225643,0.0035178550360634034,0.03213792525682008,0.007510200258111352,0.017099695373285307,1.1795856732510217e-07,6.165552397244359e-07
8,1054,263,13,0.4166666666666667,work,2,6.798699777552591e-17,0.0,0.004652610121138922,0.02228489398818692,0.0030620740323968132,0.034686031039867816,0.00546999889161188,0.018717510734421548,1.5421104086911837e-07,4.7590492435310335e-07
8,1055,263,13,0.425,work,3,6.798699777552591e-17,0.0,0.002329172760423368,0.011148010238683559,0.0027005461287451225,0.03740124043055433,0.0036975081408205436,0.028109979176929065,1.8649473751520078e-07,5.809542146211266e-07
8,1056,263,13,0.43333333333333335,work,4,6.798699777552591e-17,0.0,2.212425153293441e-08,2.0212918469683143e-07,0.0025217946728662973,0.04006132135716425,0.0025217974955963336,0.04006117265109352,2.971234821076046e-07,8.063166891615853e-07
8,1057,264,14,0.44166666666666665,work,1,2.7894008272968645e-16,0.0,0.0056525488319203645,0.03405458415887204,0.0030872928951014476,0.04266456278401425,0.007890677367563489,0.031526596703958375,2.877972968988451e-07,6.136673772923374e-07
8,1058,264,14,0.45,work,2,2.7894008272968645e-16,0.0,0.003776337399194313,0.022751966592776108,0.0037649795211118107,0.04434348962935112,0.006620831052730148,0.03397162553783807,3.0200301334652076e-07,7.521766104772113e-07
8,1059,264,14,0.4583333333333333,work,3,2.7894008272968645e-16,0.0,0.0018923912424803526,0.011400539206285793,0.004443712449973416,0.04644985080081605,0.0056046996364446,0.040234359576565175,4.044116281115947e-07,9.87532229768101e-07
8,1060,264,14,0.4666666666666667,work,4,2.7894008272968645e-16,0.0,3.047472793256445e-08,8.429369702178807e-08,0.005086026677743469,0.0487468480160803,0.005086045443273049,0.04874679648799737,2.056768691744513e-07,4.519745972187261e-07
8,1061,265,15,0.475,work,1,8.777083671441753e-17,0.0,0.011291623725727267,0.045812031990902925,0.00800865893578749,0.05288195257756775,0.018515002820665385,0.05806880943271519,2.2541417745188296e-07,2.2302015940987725e-07
8,1062,265,15,0.48333333333333334,work,2,8.777083671441753e-17,0.0,0.007546064917660588,0.030605152403083567,0.010838579993177052,0.057314445947589124,0.01743115211091622,0.05860115938352755,2.0071670309793428e-07,4.860611686199943e-07
8,1063,265,15,0.49166666666666664,work,3,8.777083671441753e-17,0.0,0.003782171060626704,0.015334396148880648,0.01336243170211601,0.06166766862204808,0.016362404686596502,0.061304027705305394,4.0398160030750274e-07,9.583196157702017e-07
8,1064,265,15,0.5,work,4,8.777083671441753e-17,0.0,1.4122655275788835e-08,8.429369702178807e-08,0.015531261456414548,0.06520639596012501,0.015531275510478818,0.06520646042951432,2.572994068572981e-07,6.398829982752794e-07
8,1065,266,16,0.5083333333333333,work,1,1.0007415106216802e-16,0.0,0.02087299348243976,0.042377932876577915,0.02149131794259636,0.07893784675625942,0.04155170734750406,0.09954297878588309,3.0705803589305263e-07,7.251217997429673e-07
8,1066,266,16,0.5166666666666666,work,2,1.0007415106216802e-16,0.0,0.013895312299139095,0.028139871249772998,0.026255454103289083,0.08981911557547537,0.039320795707464704,0.10278393227786382,1.7933797514202046e-07,6.447228089804658e-07
8,1067,266,16,0.525,work,3,1.0007415106216802e-16,0.0,0.006937324704048779,0.014013779197368457,0.029651104553585363,0.09764090615186664,0.03601520306374906,0.10368130165168846,2.4087618973736284e-07,8.429369702178807e-08
8,1068,266,16,0.5333333333333333,work,4,1.0007415106216802e-16,0.0,2.5934624223948572e-08,6.664001874625056e-08,0.031751226621292095,0.10206008319043586,0.03175124480464983,0.10206014445957716,3.292813151698904e-07,8.018984822674871e-07
8,1069,267,17,0.5416666666666666,work,1,7.850462293418876e-17,0.0,0.015740715381274667,0.029867813073347894,0.03201824290770029,0.10324907472196578,0.0469066868932032,0.1253212798625389,2.008682812602902e-07,6.556510925292998e-07
8,1070,267,17,0.55,work,2,7.850462293418876e-17,0.0,0.010481357581363576,0.019882300899286626,0.03151642525598887,0.10133834414941122,0.04131883659310554,0.11572706093891486,2.1478204579344252e-07,9.476013836613175e-07
8,1071,267,17,0.5583333333333333,work,3,7.850462293418876e-17,0.0,0.005234365005011933,0.009926391826808984,0.03042346008747394,0.09754595999511792,0.03526162147617257,0.10455705958659033,2.9653226008674704e-07,1.0612305292347111e-06
8,1072,267,17,0.5666666666666667,work,4,7.850462293418876e-17,0.0,1.1322862498240609e-08,8.429369702178807e-08,0.02892771578195471,0.09263606662505192,0.02892770475433409,0.09263613280864444,4.476839356933742e-07,8.041106202144702e-07
8,1073,268,18,0.575,work,1,5.551115123125783e-17,0.0,0.01252438334354795,0.024414667565377118,0.026170627230520382,0.08482265705995064,0.03704731686303662,0.09927077555553712,2.3338489530089666e-07,4.558878702157255e-07
8,1074,268,18,0.5833333333333334,work,2,5.551115123125783e-17,0.0,0.008327916066707327,0.016265576183778125,0.023593447345785442,0.07703779510732116,0.03077845843466913,0.08610632685295826,2.577391268241403e-07,5.331201499700061e-07
8,1075,268,18,0.5916666666666667,work,3,5.551115123125783e-17,0.0,0.00415307331876072,0.008127366541703766,0.021194900645726492,0.06979476685955315,0.02472237176799154,0.07398345167493843,2.5147992412751e-07,5.21327724591969e-07
8,1076,268,18,0.6,work,4,5.551115123125783e-17,0.0,2.3872620810240793e-08,5.960464477539063e-08,0.01900757102988221,0.06325659991016275,0.01900759131872142,0.06325659034842661,2.9623495171964503e-07,5.945544643181586e-07
8,1077,269,19,0.6083333333333333,work,1,9.614813431917819e-17,0.0,0.011441438111497743,0.01817927032004587,0.017413784706492737,0.05889243032064447,0.0278490710721204,0.06160360021493984,9.279184275734297e-08,4.41034096090459e-07
8,1078,269,19,0.6166666666666667,work,2,9.614813431917819e-17,0.0,0.007609678575898231,0.012141520925542094,0.016043694222165075,0.05456904746101101,0.022888765151660186,0.05551774697235481,3.2749951379800914e-07,6.995615121308305e-07
8,1079,269,19,0.625,work,3,9.614813431917819e-17,0.0,0.0037958114793101043,0.006081656628197292,0.014853692966051999,0.05070252476375825,0.018192949683738507,0.05072581024738041,2.649030461600607e-07,8.041106202144702e-07
8,1080,269,19,0.6333333333333333,work,4,9.614813431917819e-17,0.0,5.5303771298607445e-09,1.1151007970493858e-07,0.013847728252329569,0.04740243651289675,0.013847732286400663,0.0474023392518042,2.3253166293186533e-07,5.701519986900406e-07
8,1081,270,20,0.6416666666666666,work,1,1.3597399555105182e-16,0.0,0.010343695393389602,0.01848984475940316,0.01330037005806999,0.045853332623532424,0.023012161389718098,0.03491662803224748,3.4167875453389154e-07,6.782893345797716e-07
8,1082,270,20,0.65,work,2,1.3597399555105182e-16,0.0,0.006887696676108647,0.012333226438359319,0.01285577085238672,0.043986858890489464,0.019221324518784503,0.03588954200566345,1.3755201647325472e-07,3.31864617039563e-07
8,1083,270,20,0.6583333333333333,work,3,1.3597399555105182e-16,0.0,0.0034398118035722887,0.006170294288427561,0.012493298039828685,0.04229557261713438,0.015609893504856578,0.03792569611731686,1.5710958915751525e-07,6.822063411628993e-07
8,1084,270,20,0.6666666666666666,work,4,1.3597399555105182e-16,0.0,2.5269595621857166e-08,1.632340423778195e-07,0.012233388312816156,0.04090804210603169,0.012233363542479612,0.040907879434679946,4.82914150560357e-07,1.1238281509259372e-06
8,1085,271,21,0.675,work,1,1.415262216750919e-16,0.0,0.010313612400862099,0.023169247073579254,0.012297948411668721,0.040563603876987,0.022063373085160345,0.02451831004961465,2.352017922543347e-07,5.630983003285898e-07
8,1086,271,21,0.6833333333333333,work,2,1.415262216750919e-16,0.0,0.00687549190199121,0.015454956664760091,0.012419899733679305,0.040280154383923815,0.01886017896604971,0.028710566948661427,2.3405171544915474e-07,8.248300852238026e-07
8,1087,271,21,0.6916666666666667,work,3,1.415262216750919e-16,0.0,0.0034377501751354203,0.00773214708960557,0.012577055889388117,0.04007257134697955,0.01575516115262547,0.0339856991674488,2.64772807269485e-07,6.9125971226354e-07
8,1088,271,21,0.7,work,4,1.415262216750919e-16,0.0,3.408047576893841e-08,1.032382731180714e-07,0.012776285756219282,0.04000372568434502,0.012776318983056128,0.0400037969058022,1.5609487637583765e-07,4.2774379534743284e-07
8,1089,272,22,0.7083333333333334,work,1,2.7755575615628914e-17,0.0,0.010517320931015168,0.017390259202967797,0.012918437023368992,0.03981545105637767,0.02297191685502371,0.035999419174670415,1.3313888533765072e-07,2.043144285798385e-07
8,1090,272,22,0.7166666666666667,work,2,2.7755575615628914e-17,0.0,0.0070135837636209515,0.011645011013451091,0.013036539904710766,0.03967575254092608,0.019697425071070883,0.03649457687166028,3.041701268673355e-07,7.127678837240613e-07
8,1091,272,22,0.725,work,3,2.7755575615628914e-17,0.0,0.00350781424354769,0.005848416198083805,0.013193067391689666,0.03962825740510454,0.016494311602755322,0.03771884402147019,4.514819389947239e-07,1.023309511744355e-06
8,1092,272,22,0.7333333333333333,work,4,2.7755575615628914e-17,0.0,4.10043807387259e-08,5.960464477539063e-08,0.013361515750167629,0.039645285414195215,0.013361551260500525,0.039645346765346534,4.857764802716164e-07,8.150812584863566e-07
8,1093,273,23,0.7416666666666667,work,1,2.618455766672135e-16,0.0,0.009346582224698445,0.015626002739433594,0.013038518333667008,0.038528508740722126,0.022004612969079473,0.0454345497453489,1.906811310485638e-07,1.0745380149674385e-07
8,1094,273,23,0.75,work,2,2.618455766672135e-16,0.0,0.006234086905174801,0.010443618002822154,0.012803364952032313,0.03746441353951631,0.018752258213771956,0.041450690775520015,1.649829143371405e-07,7.300048299977754e-07
8,1095,273,23,0.7583333333333333,work,3,2.618455766672135e-16,0.0,0.0031185731030491325,0.005235121866659281,0.012665819306854441,0.03666038228738164,0.01561864331876894,0.038325607415534986,2.9443459147753515e-07,6.841564347296388e-07
8,1096,273,23,0.7666666666666666,work,4,2.618455766672135e-16,0.0,1.2244347359292695e-08,4.2146848510894035e-08,0.012607082863665285,0.03612592815474593,0.012607078578825774,0.03612595279256709,1.5009530655433838e-07,5.607273495860947e-07
8,1097,274,24,0.775,work,1,2.3714374201337736e-16,0.0,0.008905803308271256,0.017700457203795976,0.012447463050297274,0.03548495585778585,0.020916358499949043,0.04583043425887573,1.8117840757312595e-07,4.693274422891038e-07
8,1098,274,24,0.7833333333333333,work,2,2.3714374201337736e-16,0.0,0.005938953877638139,0.011814824109079048,0.012386825726797335,0.034998233176527574,0.017996797012389962,0.04134117358823847,2.822158439486687e-07,4.969040155569645e-07
8,1099,274,24,0.7916666666666666,work,3,2.3714374201337736e-16,0.0,0.002970388478146902,0.0059148255528308925,0.012405978708406845,0.03473066423974484,0.015181235363962048,0.03759592935243977,3.081615252831606e-07,6.034510353599985e-07
8,1100,274,24,0.8,work,4,2.3714374201337736e-16,0.0,1.4800679902280954e-08,5.16191365590357e-08,0.012487976409431547,0.03466152721570199,0.012487961880016643,0.034661480049115345,4.911489313233611e-07,9.97821631597482e-07
8,1101,275,25,0.8083333333333333,work,1,2.7755575615628914e-17,2.9802322387695312e-08,0.009190022409492807,0.021707778629566864,0.012827167542715862,0.035546237837351766,0.02152786063250444,0.04902516028449868,4.0555581756140614e-07,1.013717135888048e-06
8,1102,275,25,0.8166666666666667,work,2,2.7755575615628914e-17,2.9802322387695312e-08,0.006131917727065107,0.014489051165202672,0.01315186056403032,0.03611777533744585,0.018895862029855708,0.044445285253447306,3.5044369484747125e-07,9.771344846937158e-07
8,1103,275,25,0.825,work,3,2.7755575615628914e-17,2.9802322387695312e-08,0.003068616967345686,0.0072533919697537735,0.013442650053873214,0.03659095658037455,0.016275011931632208,0.0403693422512676,3.0203672225711245e-07,8.800520336767149e-07
8,1104,275,25,0.8333333333333334,work,4,2.7755575615628914e-17,2.9802322387695312e-08,4.4364170157528204e-08,1.1151007970493858e-07,0.013695934385733846,0.03697858987820811,0.013695975469086349,0.036978705419904924,1.7420113001177874e-07,7.633118912497625e-07
8,1105,276,26,0.8416666666666667,work,1,1.2412670766236366e-16,0.0,0.009410602142611232,0.026553010106825932,0.014017120829871853,0.037789138089623586,0.02282075311489126,0.05564185298257657,9.631054814028647e-08,6.963802245585908e-07
8,1106,276,26,0.85,work,2,1.2412670766236366e-16,0.0,0.006281912099359837,0.017722592085927476,0.014272840673160873,0.03819841954413879,0.020080649123417473,0.04929775805387723,1.4772705974242233e-07,2.1490760299348777e-07
8,1107,276,26,0.8583333333333333,work,3,1.2412670766236366e-16,0.0,0.0031450927054642035,0.008871785092323024,0.014457332959889147,0.03840033344595307,0.017318985652153406,0.04344807625350154,2.4180577281821327e-07,5.040030039932671e-07
8,1108,276,26,0.8666666666666667,work,4,1.2412670766236366e-16,0.0,5.7664756149865634e-09,4.2146848510894035e-08,0.01457910079160052,0.03845232770818187,0.014579098926123704,0.038452313784887796,2.1031878768350065e-07,3.278255462646488e-07
8,1109,277,27,0.875,work,1,1.2719202621569003e-16,0.0,0.00909356335402968,0.028028627016097953,0.014555365960237661,0.038245795680640064,0.022966121515072893,0.05699875594276965,3.9121757871414516e-07,6.502099105498649e-07
8,1110,277,27,0.8833333333333333,work,2,1.2719202621569003e-16,0.0,0.006073806904132413,0.018708595219642424,0.014488775217666006,0.03784388294280933,0.020038048962810827,0.04945989435157229,1.8109961083698784e-07,4.539354506649926e-07
8,1111,277,27,0.8916666666666666,work,3,1.2719202621569003e-16,0.0,0.0030427799223505486,0.009366086206641177,0.014392985442041104,0.03737126024894232,0.01712810628402928,0.04260346470723037,2.0463359043237535e-07,3.1680303253932776e-07
8,1112,277,27,0.9,work,4,1.2719202621569003e-16,0.0,2.3473098509277206e-08,8.940696716308595e-08,0.014283683728358037,0.03688177573557214,0.014283661780432907,0.03688168758991854,2.2328587024151192e-07,6.963802245585908e-07
8,1113,278,28,0.9083333333333333,work,1,1.1443916996305594e-16,0.0,0.008542156566723995,0.02645215779772996,0.014012380224868365,0.035959561815058404,0.021920259920937928,0.052905907695163505,3.1841507007773526e-07,1.0375318041759374e-06
8,1114,278,28,0.9166666666666666,work,2,1.1443916996305594e-16,0.0,0.005710097218188409,0.017662093731421556,0.01375517594942618,0.03511085843961096,0.018975262424714298,0.04557290039611871,1.342372617789944e-07,6.100383249061942e-07
8,1115,278,28,0.9249999999999999,work,3,1.1443916996305594e-16,0.0,0.0028629061593124414,0.008845138039968375,0.013532680995343658,0.03439204879352401,0.016109305930491515,0.03905873134035058,2.052500285719544e-07,3.5388297101968327e-07
8,1116,278,28,0.9333333333333333,work,4,1.1443916996305594e-16,0.0,4.861381653536169e-08,1.264405455326821e-07,0.013358984201668854,0.03381808438575981,0.013359030766887667,0.03381820973898534,1.684634928817734e-07,4.814712530792817e-07
8,1117,279,29,0.9416666666666667,work,1,6.206335383118183e-17,0.0,0.007678322254880982,0.023004128781388734,0.01292147277245856,0.03246311569700252,0.01997421646218466,0.04605284342274514,1.384201382677888e-07,5.847637912734942e-07
8,1118,279,29,0.95,work,2,6.206335383118183e-17,0.0,0.0051349244058098075,0.015359883781685473,0.012571068120652142,0.03144507938487438,0.017231221357815393,0.03972106886530651,1.990352985054125e-07,3.4369714840265545e-07
8,1119,279,29,0.9583333333333334,work,3,6.206335383118183e-17,0.0,0.0025756063643418274,0.007692199085375833,0.012324037041394087,0.030746663080525462,0.014626366983694947,0.034360772278512364,1.800252602592484e-07,4.214684851089411e-07
8,1120,279,29,0.9666666666666667,work,4,6.206335383118183e-17,0.0,3.3912337198373996e-08,1.1151007970493858e-07,0.01218235993764306,0.03033248529413694,0.012182390945534161,0.03033259298356303,1.3410438595096774e-07,3.2098083538618743e-07
8,1121,280,30,0.975,work,1,2.5438405243138006e-16,0.0,0.006751838233018926,0.018967916011263335,0.011760234369449483,0.029097407930450955,0.017864829018160184,0.03918176053284067,1.1205265160773757e-07,5.495276723678658e-07
8,1122,280,30,0.9833333333333333,work,2,2.5438405243138006e-16,0.0,0.004514647621352616,0.01266220015500583,0.011483387543740176,0.028347539064344725,0.01551179741089177,0.03441412777299736,1.4444154162847165e-07,7.480323551899914e-07
8,1123,280,30,0.9916666666666667,work,3,2.5438405243138006e-16,0.0,0.002264147957461655,0.006340015129050879,0.011350281610622438,0.028008242864239672,0.013336927118777007,0.030618609580633598,5.783620039951599e-08,4.674311620401787e-07
8,1124,280,30,1.0,work,4,2.5438405243138006e-16,0.0,1.4550017474655133e-08,0.0,0.011344644636211735,0.028006239287909445,0.011344657967617675,0.028006252902060148,1.0588278466923797e-07,5.732591170570675e-07
8,1125,281,31,1.0083333333333333,work,1,6.206335383118183e-17,0.0,0.006030715363548706,0.013828584637453102,0.011193874238508827,0.027433391518893856,0.01668558483146526,0.03350360540081278,1.0682801248819384e-07,3.39798755973321e-07
8,1126,281,31,1.0166666666666666,work,2,6.206335383118183e-17,0.0,0.004031291475800709,0.009230055503516476,0.011148691348227933,0.027330559462216436,0.01476497201433904,0.03099036309829511,1.903310572988229e-07,2.632069845893339e-07
8,1127,281,31,1.025,work,3,6.206335383118183e-17,0.0,0.0020211197226747777,0.004620942398199682,0.011207544671069488,0.027546109468189917,0.012991757244455482,0.029139338223839496,2.160759451596428e-07,8.291261043097767e-07
8,1128,281,31,1.0333333333333332,work,4,6.206335383118183e-17,0.0,1.655445598641419e-08,5.960464477539063e-08,0.011358295082574984,0.027997711967469755,0.011358280589718533,0.027997656869262044,1.338717912584529e-07,5.247240323322731e-07
8,1129,282,32,1.0416666666666667,work,1,7.850462293418876e-17,0.0,0.005466360201332023,0.009901901029554414,0.011395438623890437,0.027908088990762046,0.016441269734926107,0.030947302498101275,2.2145842120218286e-07,4.380028979986637e-07
8,1130,282,32,1.05,work,2,7.850462293418876e-17,0.0,0.0036515853250892864,0.006599023734407279,0.011474987736281257,0.02815558279183981,0.014807561925003113,0.029940525171364318,2.9200850443034955e-07,4.042583693936634e-07
8,1131,282,32,1.0583333333333333,work,3,7.850462293418876e-17,0.0,0.001829514065218419,0.003298695763499593,0.01160549016129679,0.028596709221990382,0.013257569239242184,0.0293582147935345,2.342238610265469e-07,4.0205531010723307e-07
8,1132,282,32,1.0666666666666667,work,4,7.850462293418876e-17,0.0,4.8993574519839345e-08,9.424321830774485e-08,0.011789671199310904,0.02917966907958216,0.011789623241058879,0.029179573523055734,2.400374064274149e-07,4.823927300047483e-07
8,1133,283,33,1.075,work,1,1.594436429147036e-16,0.0,0.005045581940524918,0.008483114335819065,0.011852836867661263,0.029247854253524146,0.016560139150240766,0.030873815359568336,2.3046008941172643e-07,4.2252084251516616e-07
8,1134,283,33,1.0833333333333333,work,2,1.594436429147036e-16,0.0,0.0033675373273798844,0.0056406747975065105,0.011938120400092456,0.029564037048096615,0.015058899313883729,0.0304394042536102,1.6654848541696092e-07,5.380949403425408e-07
8,1135,283,33,1.0916666666666666,work,3,1.594436429147036e-16,0.0,0.0016857077937187162,0.002813163870161527,0.012059836155861195,0.029996754524831238,0.013611989131700409,0.030329063748742634,1.2266544277526346e-07,4.4703483581543064e-07
8,1136,283,33,1.1,work,4,1.594436429147036e-16,0.0,4.8914435437874423e-08,8.429369702178807e-08,0.01221834934944461,0.030535058549929557,0.012218301731807888,0.030534984697062346,6.00430599348641e-08,4.369878261868718e-07
8,1137,284,34,1.1083333333333334,work,1,6.206335383118183e-17,0.0,0.005031724685584023,0.007468696227089565,0.012361619908226094,0.03085299630449653,0.017150182551639102,0.031751416212070414,1.7504116313381177e-07,2.1900144899933154e-07
8,1138,284,34,1.1166666666666667,work,2,6.206335383118183e-17,0.0,0.00335527417841095,0.004959240123397574,0.012506517684429924,0.031315459082854574,0.015685931312653566,0.03173090428652509,1.2125484055362728e-07,2.0647654623614288e-07
8,1139,284,34,1.125,work,3,6.206335383118183e-17,0.0,0.0016779947083658496,0.0024697653439951974,0.012656978268606628,0.031831912995270224,0.01424012808935425,0.03195370948041691,9.787983934621922e-08,4.712160915387253e-07
8,1140,284,34,1.1333333333333333,work,4,6.206335383118183e-17,0.0,1.2730047884639905e-08,7.884953353001448e-08,0.012818370087009723,0.03236586065330162,0.012818365982636607,0.032365857435633985,1.4301958340625012e-07,2.4211521162497896e-07
8,1141,285,35,1.1416666666666666,work,1,1.8410966031475738e-16,0.0,0.004741613188201219,0.007017656415019012,0.012848114591514574,0.032469081710495416,0.017405279634899892,0.03375397011394504,1.4887711534314965e-07,7.1027131604034e-07
8,1142,285,35,1.15,work,2,1.8410966031475738e-16,0.0,0.003160000753428542,0.004659908175674119,0.012897924024070275,0.03273318816861379,0.01592541831228434,0.03343205812231688,2.8690050496420676e-07,4.655271575395269e-07
8,1143,285,35,1.1583333333333332,work,3,1.8410966031475738e-16,0.0,0.0015794802147452154,0.0023207533033423673,0.012975853974644689,0.03307478736319303,0.014483985199310268,0.03334815321883159,7.695412421740238e-08,4.400260168383548e-07
8,1144,285,35,1.1666666666666667,work,4,1.8410966031475738e-16,0.0,1.189089312320526e-08,2.9802322387695312e-08,0.013072232408991023,0.03345684807513388,0.013072230159228664,0.033456845648506796,1.0077571182627388e-07,4.1509831777763796e-07
8,1145,286,36,1.175,work,1,1.4946834900704541e-16,0.0,0.004340335837908034,0.006029807550698744,0.01300380704024767,0.03342125930423678,0.01719489126472715,0.03555621599473797,1.192290275638451e-07,3.053829302179697e-07
8,1146,286,36,1.1833333333333333,work,2,1.4946834900704541e-16,0.0,0.0028922501844649974,0.00400546642645289,0.01299705989174493,0.03357730690951741,0.015782724775062356,0.03489280178128584,1.3883852264692872e-07,4.558878702157255e-07
8,1147,286,36,1.1916666666666667,work,3,1.4946834900704541e-16,0.0,0.0014454861374777323,0.0019954984941268758,0.013037495192808014,0.03384114020437778,0.014425547691213044,0.03444691939152103,1.345266522751847e-07,7.052516678690489e-07
8,1148,286,36,1.2,work,4,1.4946834900704541e-16,0.0,2.4793580410425423e-08,7.300048299977715e-08,0.013106292801092415,0.034163664946925375,0.013106268725406137,0.0341636028845179,3.520398558712851e-08,4.1187628987685676e-07
8,1149,287,37,1.2083333333333333,work,1,2.7823493677931487e-15,0.0,0.004005587972380136,0.005917159151663938,0.013022947729457205,0.034086314006146395,0.01688830777120176,0.037166119336194264,8.090013245928395e-08,6.795975119466444e-07
8,1150,287,37,1.2166666666666666,work,2,2.7823493677931487e-15,0.0,0.002669538380872199,0.003934744695316403,0.013005396335158391,0.03421146743255639,0.015574536329888023,0.036173066629000925,1.1316885284145789e-07,8.554875906948706e-07
8,1151,287,37,1.225,work,3,2.7823493677931487e-15,0.0,0.0013343294773906923,0.0019623296437698947,0.013035633649542836,0.03443381179421919,0.014315539262632945,0.03537019621412059,1.2851022607834822e-07,4.98688236793326e-07
8,1152,287,37,1.2333333333333334,work,4,2.7823493677931487e-15,0.0,1.949269310383542e-08,7.300048299977715e-08,0.013094283111345445,0.03470698466867593,0.013094264269821005,0.03470691033573553,1.3758577646267285e-07,1.0941958278826503e-06
9,1153,288,1,0.008333333333333333,startup,1,1.2586013583571652e-16,0.0,0.009229551331126584,0.029756834244297137,0.002056136060225655,0.0049077226177259205,0.011251063702341845,0.033557044647875914,1.8439877404262348e-07,4.588009213906731e-07
9,1154,288,1,0.016666666666666666,startup,2,1.2586013583571652e-16,0.0,0.006171521872328081,0.019842362567407543,0.003063821157078761,0.007391629067113642,0.009162104729771236,0.02541346083766866,1.1554169327289563e-07,5.824810351637641e-07
9,1155,288,1,0.025,startup,3,1.2586013583571652e-16,0.0,0.003094959303988191,0.009923477474962292,0.0033754089820513568,0.007881536856168743,0.006370931403849755,0.01588361210475107,1.1758626786771354e-07,3.816559456248795e-07
9,1156,288,1,0.03333333333333333,startup,4,1.2586013583571652e-16,0.0,1.7599591123821858e-08,8.429369702178807e-08,0.00328418117261189,0.007006485572194762,0.0032841798137179233,0.007006507365168498,9.407229831249799e-08,2.528810910653644e-07
9,1157,289,2,0.041666666666666664,work,1,1.2432050435751766e-16,0.0,0.00587507118535816,0.02067155251983899,0.003090248833701593,0.006066677714953669,0.00848646043859666,0.016882287557104303,1.2051525328294657e-07,5.144678503761327e-07
9,1158,289,2,0.05,work,2,1.2432050435751766e-16,0.0,0.0039204254357633524,0.013781873156227396,0.004178469332357746,0.009484744526745244,0.006774189943744152,0.004904807652000372,1.4333349047245775e-07,3.053829302179697e-07
9,1159,289,2,0.058333333333333334,work,3,1.2432050435751766e-16,0.0,0.0019620751507876434,0.006891124736787313,0.005699504848544887,0.01385366801468757,0.006378005776918236,0.0073651417144617645,7.230995129936839e-08,3.39798755973321e-07
9,1160,289,2,0.06666666666666667,work,4,1.2432050435751766e-16,0.0,4.1743177969874184e-08,8.429369702178807e-08,0.007223453516213144,0.018013531865286165,0.007223492872734039,0.018013607580077636,1.134586356400554e-07,6.556510925292998e-07
9,1161,290,3,0.075,work,1,1.2432050435751766e-16,0.0,0.00614430347180751,0.022206517511486445,0.009047700165004781,0.02287111938557045,0.012184888056712482,0.011114313748424197,9.409410128037682e-08,4.786961795153931e-07
9,1162,290,3,0.08333333333333333,work,2,1.2432050435751766e-16,0.0,0.004098343817580881,0.014790375605258888,0.010509314303695609,0.026600724533861916,0.012125386726269146,0.015964191365827163,1.7508242105050513e-07,2.632069845893339e-07
9,1163,290,3,0.09166666666666666,work,3,1.2432050435751766e-16,0.0,0.002050213725390196,0.007388337225523908,0.010148426537211893,0.02504054047099296,0.010836658420236319,0.018950500196047344,1.2881533471679557e-07,7.468440584028805e-07
9,1164,290,3,0.1,work,4,1.2432050435751766e-16,0.0,1.8486335429809024e-08,5.960464477539063e-08,0.008579799450486841,0.020135471593059773,0.008579781444541778,0.02013543722948395,3.166957254162243e-07,4.4504357943141784e-07
9,1165,291,4,0.10833333333333334,work,1,1.3947004136484323e-16,0.0,0.006035593598712845,0.025419230628572324,0.0075488659537654365,0.01723338894964702,0.011291417679440637,0.015352231977358577,5.1414499384725955e-08,4.129530924722863e-07
9,1166,291,4,0.11666666666666667,work,2,1.3947004136484323e-16,0.0,0.00402734367291004,0.01692591159462533,0.006945149733035373,0.015614858574029274,0.00927294432071174,0.010521805395951158,1.8588760036691427e-07,5.27256906418627e-07
9,1167,291,4,0.125,work,3,1.3947004136484323e-16,0.0,0.002015441967826037,0.008453072938049934,0.006681773886830786,0.014980899078403973,0.0076818455147754545,0.009934998746639535,1.489045103499724e-07,4.5783196376971154e-07
9,1168,291,4,0.13333333333333333,work,4,1.3947004136484323e-16,0.0,5.427419843971113e-08,1.3328003749250115e-07,0.006676066549894653,0.015022962720286645,0.006676118328553604,0.015023030062395663,2.2882787653863862e-07,1.0088867473489605e-06
9,1169,292,5,0.14166666666666666,work,1,1.496293273509629e-16,0.0,0.005858699295262514,0.028357837122281307,0.006764228729246708,0.015371930770518287,0.010544943755733557,0.02326256518429366,1.2026068292769632e-07,4.897021271334596e-07
9,1170,292,5,0.15,work,2,1.496293273509629e-16,0.0,0.003910214755875252,0.01889651363664392,0.006887538582567568,0.015560424309740938,0.009084366280721796,0.01629104584607093,1.0284075160495817e-07,4.2461773302480677e-07
9,1171,292,5,0.15833333333333333,work,3,1.496293273509629e-16,0.0,0.0019572921767153566,0.009443768047684126,0.0063272948952897805,0.014040187340192176,0.007280954321287298,0.011125198506888973,2.0231688228325835e-07,7.456538679121063e-07
9,1172,292,5,0.16666666666666666,work,4,1.496293273509629e-16,0.0,3.279708974299357e-08,1.264405455326821e-07,0.005375908988251479,0.011705327278280692,0.005375940945874121,0.011705348562655378,5.70267227072979e-08,7.60981162476765e-07
9,1173,293,6,0.175,work,1,2.242025235105681e-16,0.0,0.006026898863682015,0.03171428088162304,0.004225293787085371,0.0086781952823196,0.00819529685627497,0.02926537231730681,7.925920600900176e-08,5.46285592908365e-07
9,1174,293,6,0.18333333333333332,work,2,2.242025235105681e-16,0.0,0.004023817960401826,0.021139413311209655,0.0036480283510608716,0.007227788912621477,0.006210524122410453,0.019692061848956374,7.52010155151083e-08,1.8611544365878105e-07
9,1175,293,6,0.19166666666666665,work,3,2.242025235105681e-16,0.0,0.0020148644297536583,0.01056789266703811,0.0035316942691321516,0.007021596337394257,0.004601238005317329,0.010671002402633412,6.930396257030798e-08,5.607273495860947e-07
9,1176,293,6,0.2,work,4,2.242025235105681e-16,0.0,3.726007065775773e-08,9.884312124119402e-08,0.0037516725014870565,0.007690957585042041,0.0037517067715889256,0.007690997813758237,1.638318586469185e-07,4.730972011800879e-07
9,1177,294,7,0.20833333333333334,work,1,1.249000902703301e-16,0.0,0.0051973096777468706,0.030152585571271512,0.0035408701029684127,0.007457845642950614,0.006093538198379687,0.02964806558508918,2.6348947118836337e-07,5.824810351637641e-07
9,1178,294,7,0.21666666666666667,work,2,1.249000902703301e-16,0.0,0.0034682323414375557,0.020096229986756677,0.0036721876599220167,0.007883136582162307,0.004749638754575962,0.019944012954130046,1.8463410825372722e-07,4.2357058535671e-07
9,1179,294,7,0.225,work,3,1.249000902703301e-16,0.0,0.0017357868633588094,0.01004543540960744,0.003676505797229371,0.007826613920887873,0.003842773329379361,0.010330711007812928,2.9979668938101525e-07,7.84542952840821e-07
9,1180,294,7,0.23333333333333334,work,4,1.249000902703301e-16,0.0,3.5904016179653094e-08,7.884953353001448e-08,0.003432707207673453,0.007389423249321844,0.0034327409902317214,0.007389482550753569,1.1999916776918333e-07,4.0205531010723307e-07
9,1181,295,8,0.24166666666666667,work,1,5.366470743179884e-15,0.0,0.005119092095448878,0.03303643520170785,0.0030226998080369162,0.006562477908657287,0.005690795767231959,0.03142697420589872,7.874554867776496e-08,5.153303285178731e-07
9,1182,295,8,0.25,work,2,5.366470743179884e-15,0.0,0.0034089075242232083,0.022009764416806448,0.002897662194123392,0.00614227747910695,0.004273246743807715,0.020937810598956785,1.469040868617831e-07,5.930587274471662e-07
9,1183,295,8,0.2583333333333333,work,3,5.366470743179884e-15,0.0,0.0017025476481004045,0.010997442365906412,0.003059090554886693,0.006607990218047273,0.003352951681805272,0.01106952960550498,8.299326193168788e-08,1.0933838086035473e-06
9,1184,295,8,0.26666666666666666,work,4,5.366470743179884e-15,0.0,4.3970558059917055e-08,8.429369702178807e-08,0.0033340209248286508,0.007479081136323388,0.0033339828763359588,0.007479011209850297,1.8069729355374768e-07,8.139908482878063e-07
9,1185,296,9,0.275,work,1,8.121767085755589e-17,2.9802322387695312e-08,0.004852032589113175,0.029138535603557093,0.0033122591738163377,0.007635388387450246,0.004820121928850485,0.029862829784416768,2.410423345804227e-07,5.230286352272122e-07
9,1186,296,9,0.2833333333333333,work,2,8.121767085755589e-17,2.9802322387695312e-08,0.00322036597952232,0.019378034195795552,0.0035130303681648765,0.008450377538047124,0.0037675156023293803,0.02057904853117348,1.2533138629600474e-07,5.930587274471662e-07
9,1187,296,9,0.2916666666666667,work,3,8.121767085755589e-17,2.9802322387695312e-08,0.001603166948828498,0.0096653534504055,0.0036711185310855377,0.0094511283266895,0.00337482541465723,0.012401416353085221,1.5008019378868198e-07,5.5595511514478e-07
9,1188,296,9,0.3,work,4,8.121767085755589e-17,2.9802322387695312e-08,1.577797119249198e-08,5.960464477539063e-08,0.0036886427881492123,0.01029846979214254,0.0036886301069393116,0.010298491448187867,2.817288335957603e-07,9.94701341884065e-07
9,1189,297,10,0.30833333333333335,work,1,6.245004513516506e-17,0.0,0.0033917029635574985,0.027422003673771803,0.003406472740928399,0.010472935870253865,0.0009816537169916122,0.023940932320438375,3.228643717006228e-07,9.508762439217548e-07
9,1190,297,10,0.31666666666666665,work,2,6.245004513516506e-17,0.0,0.0022476565221628496,0.018260195532326697,0.0035736145986886357,0.010459399014896672,0.0014402644687639143,0.01657140743283175,3.629605593629859e-07,9.176018427813522e-07
9,1191,297,10,0.325,work,3,6.245004513516506e-17,0.0,0.0011173644584211147,0.009119668335022646,0.004147203647658723,0.011567798964692205,0.0030649614723782877,0.012015315329831536,1.556651597552226e-07,2.980232238769534e-07
9,1192,297,10,0.3333333333333333,work,4,6.245004513516506e-17,0.0,3.512376409941548e-09,4.2146848510894035e-08,0.004967896636780323,0.013580905644403033,0.00496789917428951,0.013580866960606654,1.0614451150533648e-07,5.678105021493946e-07
9,1193,298,11,0.3416666666666667,work,1,1.5515838457795457e-17,0.0,0.004777316238001002,0.0220790064172645,0.00534930445999965,0.015761047211800463,0.004228402610451125,0.022778090520640393,8.79521144910365e-08,6.502099105498649e-07
9,1194,298,11,0.35,work,2,1.5515838457795457e-17,0.0,0.003188349110583845,0.014736290783879547,0.005152911053970646,0.017142042070991268,0.004264154978068727,0.017215264420988162,9.079308548829613e-08,5.057621821307297e-07
9,1195,298,11,0.35833333333333334,work,3,1.5515838457795457e-17,0.0,0.001596087860370257,0.007376837576616695,0.004742061495598951,0.01693803788542699,0.0042012655813809556,0.014905783512473476,1.0487070144035746e-07,3.5009801758738595e-07
9,1196,298,11,0.36666666666666664,work,4,1.5515838457795457e-17,0.0,2.2530636535563687e-08,4.2146848510894035e-08,0.004530380766989468,0.016371845653634164,0.004530361709155778,0.01637186430141443,1.6098126937407368e-07,7.468440584028805e-07
9,1197,299,12,0.375,work,1,2.2301825219878386e-16,0.0,0.005308807615902513,0.02430601971608793,0.00456755335704796,0.017372698491159713,0.006065077829761635,0.022805299466236995,1.4996846341484354e-07,4.204134935041043e-07
9,1198,299,12,0.3833333333333333,work,2,2.2301825219878386e-16,0.0,0.00353992042693416,0.016238599075178193,0.0045061729860773475,0.018432058447393665,0.005184760818698117,0.017812628566758183,1.006538936026199e-07,8.079672880009443e-07
9,1199,299,12,0.39166666666666666,work,3,2.2301825219878386e-16,0.0,0.0017704509684394402,0.008136538812243774,0.0043934797583504775,0.019888604060203336,0.00453680323310236,0.017104246704693276,1.3213372960409194e-07,2.632069845893339e-07
9,1200,299,12,0.4,work,4,2.2301825219878386e-16,0.0,3.355691336052182e-08,5.960464477539063e-08,0.004224462988648371,0.021144440425202544,0.004224440425870787,0.02114444580756636,1.2912943426417497e-07,3.816559456248795e-07
9,1201,300,13,0.4083333333333333,work,1,6.798699777552591e-17,0.0,0.005785706867987975,0.0271020766429708,0.003942611153575767,0.021478053903998325,0.00710744776955179,0.022044200128305862,6.139453733327201e-08,6.433437211788593e-07
9,1202,300,13,0.4166666666666667,work,2,6.798699777552591e-17,0.0,0.003857044789520764,0.018111145308579938,0.0038092002112761454,0.022057752372186896,0.005710495617222814,0.01773951536580201,1.1478515696021324e-07,6.995615121308305e-07
9,1203,300,13,0.425,work,3,6.798699777552591e-17,0.0,0.0019287345694608317,0.009077022723419948,0.003726819818071641,0.023374011099619407,0.004499100036303193,0.018827893091759643,2.4466698673556527e-07,8.955585480521228e-07
9,1204,300,13,0.43333333333333335,work,4,6.798699777552591e-17,0.0,5.0496822438949945e-08,1.2990531157078367e-07,0.003690601787427734,0.024942223999471904,0.003690570554850084,0.024942221255177574,3.6006736153316624e-07,9.527425386396606e-07
9,1205,301,14,0.44166666666666665,work,1,2.0206364052201326e-16,0.0,0.005895833781450154,0.035171426189015774,0.003920212186311876,0.024849247874051246,0.008452315380987232,0.029430870775575727,2.1804492846461895e-07,4.740349567111404e-07
9,1206,301,14,0.45,work,2,2.0206364052201326e-16,0.0,0.003940874324071838,0.02351564782191731,0.004241265661133073,0.025122803569012208,0.006811516798749498,0.024245599281964767,1.8970876484740518e-07,7.498112693672894e-07
9,1207,301,14,0.4583333333333333,work,3,2.0206364052201326e-16,0.0,0.0019759573894140643,0.011791734589432137,0.004656938271225568,0.026161075890583644,0.005540067639578031,0.023430972624345972,3.216409331488475e-07,8.560065398421992e-07
9,1208,301,14,0.4666666666666667,work,4,2.0206364052201326e-16,0.0,2.7750052706338962e-08,4.2146848510894035e-08,0.0051614932037540775,0.027258466557613936,0.0051615099481534974,0.027258502970965093,2.300724493610701e-07,1.7881393432617193e-07
9,1209,302,15,0.475,work,1,4.23897704418565e-16,0.0,0.008988197131836318,0.04370168328091053,0.007164151490854087,0.031463364137922764,0.01433279150376567,0.05187520057405998,8.197652342951624e-08,7.127678837240613e-07
9,1210,302,15,0.48333333333333334,work,2,4.23897704418565e-16,0.0,0.006011429960170846,0.029167376972197304,0.009156955079438209,0.03581049460109525,0.013316633810489033,0.04746027797572788,1.5448209643788808e-07,4.805480091749769e-07
9,1211,302,15,0.49166666666666664,work,3,4.23897704418565e-16,0.0,0.003015325067126609,0.014600142022715971,0.010942248718071836,0.03987688662988329,0.012628869136546955,0.044543704111414985,4.3828067136957316e-07,1.1534692335345684e-06
9,1212,302,15,0.5,work,4,4.23897704418565e-16,0.0,3.879154274029758e-08,1.5769906706002898e-07,0.01243929268764266,0.04343997944472635,0.012439327682123236,0.04344012476822404,3.3798653625114845e-07,5.599348016993998e-07
9,1213,303,16,0.5083333333333333,work,1,1.7010907505015192e-16,0.0,0.013455599486004858,0.041653035332586665,0.016062064226962554,0.05335829259445089,0.02762845284329927,0.07945527765419402,2.482901782062209e-07,7.384724434235059e-07
9,1214,303,16,0.5166666666666666,work,2,1.7010907505015192e-16,0.0,0.008950425137132166,0.02765931138736977,0.018700380347954623,0.06037094979260823,0.025963327283973735,0.07667036655477599,2.112128751182511e-07,4.140270945265838e-07
9,1215,303,16,0.525,work,3,1.7010907505015192e-16,0.0,0.004465028728039341,0.013774625565945792,0.020403540139319436,0.06490838425100703,0.023792459065983533,0.07242768023537441,6.768400898583732e-08,6.034510353599985e-07
9,1216,303,16,0.5333333333333333,work,4,1.7010907505015192e-16,0.0,3.120395301758062e-08,9.424321830774485e-08,0.021264176482481485,0.06729776059285077,0.021264149417464715,0.06729766522632162,1.0812754827525244e-07,9.666249001161463e-07
9,1217,304,17,0.5416666666666666,work,1,7.850462293418876e-17,0.0,0.014456547460310049,0.03222778909007139,0.02244150409620463,0.0711243923223898,0.034834184156716394,0.09525783612135214,1.1961153871714666e-07,4.204134935041043e-07
9,1218,304,17,0.55,work,2,7.850462293418876e-17,0.0,0.009604813511176072,0.021401246049314353,0.02278188470838583,0.07208115637933095,0.03077016961037953,0.08770494267254825,1.3289616680557094e-07,3.182017282256878e-07
9,1219,304,17,0.5583333333333333,work,3,7.850462293418876e-17,0.0,0.004785823406869237,0.010658523348286124,0.022425601936087603,0.07088911592346515,0.026260486578137565,0.0784396579029471,1.8812832992724348e-07,2.086162567138673e-07
9,1220,304,17,0.5666666666666667,work,4,7.850462293418876e-17,0.0,3.5456315749569956e-08,1.1151007970493858e-07,0.021553561798969573,0.06825098089810937,0.02155352863894554,0.0682508861224986,2.0611700507269367e-07,4.969040155569645e-07
9,1221,305,18,0.575,work,1,3.925231146709438e-16,0.0,0.012976254124526994,0.023767281368564985,0.020508587908558876,0.06583981471224631,0.03151606422397454,0.08441939921055998,2.645668995264213e-07,2.698715072315163e-07
9,1222,305,18,0.5833333333333334,work,2,3.925231146709438e-16,0.0,0.008621990376603104,0.015870924796707996,0.019209193488883225,0.06212137109774612,0.026377787788218542,0.07408324489682114,1.1592673885822268e-07,3.7223088731756253e-07
9,1223,305,18,0.5916666666666667,work,3,3.925231146709438e-16,0.0,0.004296438576514634,0.007948274603705483,0.017754817710219743,0.057854699083977654,0.02121654414520486,0.06360201370522704,2.2248178837740386e-07,8.985288996506609e-07
9,1224,305,18,0.6,work,4,3.925231146709438e-16,0.0,4.5552176672106336e-08,9.424321830774485e-08,0.016251821360007825,0.05344954970187563,0.016251779511104292,0.05344946435774679,1.376723904010063e-07,4.2357058535671e-07
9,1225,306,19,0.6083333333333333,work,1,1.3092278833360675e-16,0.0,0.010817096287161654,0.020515828966185083,0.01485771827745074,0.049513846735805805,0.024419363466481103,0.06116236427679141,6.770872481893467e-08,5.551557543932562e-07
9,1226,306,19,0.6166666666666667,work,2,1.3092278833360675e-16,0.0,0.0072009633727883465,0.013700613670259742,0.013512200520370785,0.04534687907587218,0.01975196560129147,0.05232017232212754,1.167847449677086e-07,6.83507021735893e-07
9,1227,306,19,0.625,work,3,1.3092278833360675e-16,0.0,0.0035951651188693427,0.006862373671103227,0.012277442012688176,0.04149516863200347,0.015297222954368058,0.04453616319142209,4.413450557615343e-08,5.778884717722352e-07
9,1228,306,19,0.6333333333333333,work,4,1.3092278833360675e-16,0.0,5.807341811215987e-08,1.5196262340524156e-07,0.011207833664637075,0.038185961880071215,0.011207783063775477,0.03818595120215016,1.5422215678903358e-07,5.110033809984414e-07
9,1229,307,20,0.6416666666666666,work,1,1.3877787807814457e-16,0.0,0.008383909255465727,0.017549862777847095,0.010076496780120448,0.034162351196010514,0.017813323875311596,0.040183885607541193,1.2621213061332257e-07,5.07515262541963e-07
9,1230,307,20,0.65,work,2,1.3877787807814457e-16,0.0,0.005595605092743057,0.01168427568013948,0.009152484176987184,0.030871996612853125,0.014191398064567236,0.033988005398198,6.59903076388514e-08,4.107966647175028e-07
9,1231,307,20,0.6583333333333333,work,3,1.3877787807814457e-16,0.0,0.0028009793997530235,0.005834943847674201,0.008450695959131145,0.028476456424508276,0.010894868830436161,0.029495240298871708,8.050241910374084e-08,5.127385417844444e-07
9,1232,307,20,0.6666666666666666,work,4,1.3877787807814457e-16,0.0,3.487246938420699e-08,6.664001874625056e-08,0.007981738969335987,0.0269119853483059,0.007981772387476863,0.02691206022141471,2.5953658633932654e-07,9.414892792064821e-07
9,1233,308,21,0.675,work,1,1.1527756336890508e-16,0.0,0.009239730490201572,0.016143954430730682,0.00810531162241231,0.02695185734791948,0.016761455988841736,0.02887442312284666,1.3311503958253332e-07,2.920019319991088e-07
9,1234,308,21,0.6833333333333333,work,2,1.1527756336890508e-16,0.0,0.006173323212420066,0.010801007725466456,0.008301782099763271,0.027117201651011818,0.014013119715612579,0.0274213138116668,1.5646529753178723e-07,9.176018427813522e-07
9,1235,308,21,0.6916666666666667,work,3,1.1527756336890508e-16,0.0,0.0030933617021372834,0.00542108618899987,0.008568137289615611,0.027478112024154122,0.011377136483282847,0.0271544521189768,2.2546267027256986e-07,2.665600749850024e-07
9,1236,308,21,0.7,work,4,1.1527756336890508e-16,0.0,5.8592281944730104e-08,1.6049041769309358e-07,0.008896136860559789,0.02800391047263717,0.008896083949898152,0.028003799676463548,9.842931483800667e-08,3.6256089987148215e-07
9,1237,309,22,0.7083333333333334,work,1,1.0007415106216802e-16,0.0,0.009908728416945409,0.014304291846795283,0.009418784282628241,0.029176722231388702,0.018700644054464133,0.03160192348097836,1.042563029913617e-07,7.360630652444684e-07
9,1238,309,22,0.7166666666666667,work,2,1.0007415106216802e-16,0.0,0.006625070062708365,0.009677865369470417,0.009962879125343979,0.03026270071962608,0.016083343932360463,0.03152758482838603,1.0779869300469636e-07,4.878850443287176e-07
9,1239,309,22,0.725,work,3,1.0007415106216802e-16,0.0,0.0033223454419269876,0.004911639171684027,0.010475148474145232,0.031242409291079368,0.013482977502820114,0.03164527541236242,2.403740551875734e-07,7.47438442944558e-07
9,1240,309,22,0.7333333333333333,work,4,1.0007415106216802e-16,0.0,1.4451758866215769e-08,8.429369702178807e-08,0.010927790105414927,0.032046555148994155,0.010927800138392525,0.032046567641816785,2.2452448649188828e-07,9.508762439217548e-07
9,1241,310,23,0.7416666666666667,work,1,1.249000902703301e-16,0.0,0.010270930760973148,0.01634491055534978,0.011400337243882402,0.033146759815301415,0.020850541528838754,0.03412934769189077,2.0123785286428585e-07,4.0205531010723307e-07
9,1242,310,23,0.75,work,2,1.249000902703301e-16,0.0,0.006877885752156765,0.011137834612214025,0.011822224503666526,0.0339271179748952,0.01805569657753136,0.034161600836140005,1.376048451822251e-07,7.782915149450706e-07
9,1243,310,23,0.7583333333333333,work,3,1.249000902703301e-16,0.0,0.003455043094874087,0.005695173831138791,0.012157160244462626,0.03441924658374116,0.01522015339860127,0.03426089912232338,8.355626670615021e-08,6.488424854599636e-07
9,1244,310,23,0.7666666666666666,work,4,1.249000902703301e-16,0.0,3.8431846909025535e-08,8.429369702178807e-08,0.012426853230274164,0.03451328021966848,0.012426816439350875,0.03451321259858027,1.5506551638408363e-07,5.092623081992598e-07
9,1245,311,24,0.775,work,1,5.928593550334434e-17,0.0,0.011551985849916145,0.025884506434927238,0.012954852661429997,0.03579913221976295,0.023557260500253436,0.0374243297264037,1.7937228624530408e-07,7.396741894478159e-07
9,1246,311,24,0.7833333333333333,work,2,5.928593550334434e-17,0.0,0.0077741823783690055,0.017625706023889926,0.013358144704681952,0.03649724190404393,0.02040455104765967,0.036012087584961196,6.316851011828119e-08,4.942156062059712e-07
9,1247,311,24,0.7916666666666666,work,3,5.928593550334434e-17,0.0,0.003926078668292119,0.00901209408953075,0.01362453273767055,0.036697335301716275,0.017110571090518657,0.03565914103049083,8.678610796301959e-08,6.736907097969871e-07
9,1248,311,24,0.8,work,4,5.928593550334434e-17,0.0,4.7818374776983685e-08,9.424321830774485e-08,0.013753731839219506,0.036501969001707456,0.01375377883712902,0.03650206575834331,7.968043545970246e-08,4.730972011800879e-07
9,1249,312,25,0.8083333333333333,work,1,2.3561606619023687e-16,0.0,0.010683036786375912,0.026276738373903652,0.013337108244576852,0.03390414538622632,0.023444600225199435,0.03777650221585385,1.408352154266844e-07,5.144678503761327e-07
9,1250,312,25,0.8166666666666667,work,2,2.3561606619023687e-16,0.0,0.007212026559103453,0.017754772174800544,0.01286364739105597,0.0316450871813959,0.01961454560855195,0.03222629823546366,9.362013127774656e-08,4.823927300047483e-07
9,1251,312,25,0.825,work,3,2.3561606619023687e-16,0.0,0.003653364582435451,0.009010564561291004,0.012395379473377093,0.02979702055227897,0.01576442128268482,0.028913803717159445,9.052664570189933e-08,2.1900144899933154e-07
9,1252,312,25,0.8333333333333334,work,4,2.3561606619023687e-16,0.0,1.7563641648502955e-08,0.0,0.011986065602818148,0.028358969257292033,0.01198604846711526,0.02835895054320869,4.457493168401311e-08,2.950279395762585e-07
9,1253,313,26,0.8416666666666667,work,1,6.938893903907228e-18,0.0,0.01031274604413557,0.027530422765545355,0.011189908398244668,0.02586445292026281,0.02094087289757316,0.030043852374481407,1.3117333847366407e-07,9.348623240803638e-07
9,1254,313,26,0.85,work,2,6.938893903907228e-18,0.0,0.006981490355766149,0.018541236503696212,0.010577655565728485,0.024023508659594996,0.01713571786563473,0.024268182566877246,1.23894299617733e-07,1.8371385344770487e-07
9,1255,313,26,0.8583333333333333,work,3,6.938893903907228e-18,0.0,0.0035473897345669756,0.009386074129387889,0.010170343433898504,0.022801803401062103,0.013464255489656166,0.021325205985767166,4.966067560953035e-08,3.264680847556393e-07
9,1256,313,26,0.8666666666666667,work,4,6.938893903907228e-18,0.0,2.404807274269825e-08,4.2146848510894035e-08,0.009958364866317836,0.022121467369175404,0.0099583885222859,0.022121506132674475,9.894282148013032e-08,3.5009801758738595e-07
9,1257,314,27,0.875,work,1,2.355394223065532e-16,0.0,0.009921560701491501,0.027322737338803568,0.009369059788510548,0.020285363999381714,0.018832735963436823,0.025696179459253364,2.914063515796421e-07,7.55122867782116e-07
9,1258,314,27,0.8833333333333333,work,2,2.355394223065532e-16,0.0,0.00675594112907219,0.01843178426524955,0.009072420224703974,0.019221975636137666,0.015469053445034043,0.02050885790705715,1.1918522119659293e-07,2.904771073105625e-07
9,1259,314,27,0.8916666666666666,work,3,2.355394223065532e-16,0.0,0.003453804155744232,0.009359341145879366,0.00903968186284648,0.018895688089723944,0.01227540616068661,0.01799823477276004,2.026613177061017e-07,3.746093836419747e-07
9,1260,314,27,0.9,work,4,2.355394223065532e-16,0.0,4.773003524114065e-08,1.032382731180714e-07,0.009230713644457718,0.01918557121139659,0.009230666667142225,0.01918546750390591,1.3478293329217273e-07,2.8272965492323474e-07
9,1261,315,28,0.9083333333333333,work,1,1.5716250041522723e-16,0.0,0.00964837216620165,0.025806645612040373,0.0089804551912488,0.017978611834539165,0.018225539978784087,0.024535287368652417,2.550309068427391e-07,3.816559456248795e-07
9,1262,315,28,0.9166666666666666,work,2,1.5716250041522723e-16,0.0,0.006632230318146488,0.017452629929108492,0.009066066522053984,0.017785706769366152,0.015376916687985144,0.020870544898909004,7.73575188083711e-08,4.298152059869762e-07
9,1263,315,28,0.9249999999999999,work,3,1.5716250041522723e-16,0.0,0.0034236630832784683,0.008913128111436878,0.00942497745668433,0.018471168356978977,0.012656151172200527,0.019144854294053628,1.5473646917289655e-07,7.189713765272429e-07
9,1264,315,28,0.9333333333333333,work,4,1.5716250041522723e-16,0.0,1.1902816813132305e-08,2.9802322387695312e-08,0.009986862448707917,0.01980545959493445,0.009986873996995844,0.019805472366494086,5.962353645968452e-08,4.969040155569645e-07
9,1265,316,29,0.9416666666666667,work,1,7.867692934960096e-17,0.0,0.009244163985516701,0.022849147931495315,0.010073276779397837,0.019369515301175602,0.018909425087453628,0.02503718856946699,1.1545656845991938e-07,4.3290373821061784e-07
9,1266,316,29,0.95,work,2,7.867692934960096e-17,0.0,0.006385504519983387,0.015446185864731605,0.010481095036690098,0.02023863739166661,0.016551549467374266,0.023682091019949184,1.4951981891664196e-07,2.7797755757238933e-07
9,1267,316,29,0.9583333333333334,work,3,7.867692934960096e-17,0.0,0.003312681504805043,0.007908497860676435,0.011121625784607401,0.02190998344393416,0.014255898153027805,0.023405283570720255,1.8514200892035856e-07,3.674277068954101e-07
9,1268,316,29,0.9666666666666667,work,4,7.867692934960096e-17,0.0,5.1795188977531755e-08,1.3328003749250115e-07,0.011914393808336742,0.024100213133539095,0.011914445389326983,0.024100320273237188,7.822611626282871e-08,4.655271575395269e-07
9,1269,317,30,0.975,work,1,7.850462293418876e-17,0.0,0.008466838992657552,0.019429453276261967,0.012013615541652412,0.023340128926980893,0.02007696178443348,0.02650567533775837,1.0509469704947144e-07,4.400260168383548e-07
9,1270,317,30,0.9833333333333333,work,2,7.850462293418876e-17,0.0,0.005787172019761993,0.013213157936075668,0.012250257548143326,0.023702999559612768,0.017757223924452347,0.026694254388832446,5.959808248394023e-08,3.305237444165179e-07
9,1271,317,30,0.9916666666666667,work,3,7.850462293418876e-17,0.0,0.002972979693665308,0.006790734463150607,0.012629564193783385,0.024863098514546413,0.015451389235336987,0.02677845277927101,1.0267834205233626e-07,5.092623081992598e-07
9,1272,317,30,1.0,work,4,7.850462293418876e-17,0.0,1.5712978493232185e-08,4.2146848510894035e-08,0.01309435610470875,0.026586792981016644,0.013094371702444428,0.026586832774378566,6.160140931747991e-08,2.920019319991088e-07
9,1273,318,31,1.0083333333333333,work,1,1.1102230246251565e-16,0.0,0.0074033817762022705,0.0159184599330366,0.013013939882342602,0.026570279059416443,0.020056599744770788,0.028857604129780338,1.0078139143794122e-07,7.504033036240485e-07
9,1274,318,31,1.0166666666666666,work,2,1.1102230246251565e-16,0.0,0.0049789647548434905,0.011016392453007609,0.013069622158077394,0.027523409773991737,0.017814093877337175,0.028276918625999212,1.046950095854073e-07,3.804905812383808e-07
9,1275,318,31,1.025,work,3,1.1102230246251565e-16,0.0,0.002517974340674006,0.005741542224928756,0.013241998884334392,0.02885799024318748,0.01564691988768534,0.028845965438927822,1.0711927031422479e-07,7.214378378933829e-07
9,1276,318,31,1.0333333333333332,work,4,1.1102230246251565e-16,0.0,1.6798446892437535e-08,4.2146848510894035e-08,0.013487703091253666,0.030416733619390585,0.01348768678823936,0.030416709244100098,1.1905964500636559e-07,2.8740318897345554e-07
9,1277,319,32,1.0416666666666667,work,1,1.796423213795642e-16,2.9802322387695312e-08,0.006646362235968461,0.011905391240730045,0.012790329029490602,0.030461654568932187,0.019171541592475992,0.026524493746323537,9.565100096626722e-08,4.5491270787935796e-07
9,1278,319,32,1.05,work,2,1.796423213795642e-16,2.9802322387695312e-08,0.004437232591917249,0.008215885040999649,0.012284611135235327,0.03010735161985885,0.01655430268448501,0.027221196287746392,1.620954908578546e-07,8.497582333912469e-07
9,1279,319,32,1.0583333333333333,work,3,1.796423213795642e-16,2.9802322387695312e-08,0.002225311328728091,0.0042670303571034985,0.0120087825690814,0.030171554498482012,0.014152542451222801,0.02861201094840284,1.8260264092022644e-07,4.339283638763745e-07
9,1280,319,32,1.0666666666666667,work,4,1.796423213795642e-16,2.9802322387695312e-08,2.60170256536134e-08,5.960464477539063e-08,0.01190153387598097,0.030507253547880645,0.0119015598494122,0.03050731092350754,6.848441658780306e-08,5.27256906418627e-07
9,1281,320,33,1.075,work,1,9.617066639799062e-16,0.0,0.005987290771479455,0.008723394049265497,0.011119866573085514,0.03027440791671815,0.01688587846216804,0.023998673586804457,1.9229129929187907e-07,9.262722890329476e-07
9,1282,320,33,1.0833333333333333,work,2,9.617066639799062e-16,0.0,0.0039883199253965326,0.005880072838002631,0.01059810225403216,0.02943740731882593,0.014433709892314092,0.02522495671613671,1.732833131537491e-07,1.0302296887304662e-06
9,1283,320,33,1.0916666666666666,work,3,9.617066639799062e-16,0.0,0.0019936190282297457,0.0029818160901803224,0.01034061346703234,0.029020173216889437,0.012253460923963636,0.02691209574787049,5.403548457401036e-08,1.3978528260658475e-07
9,1284,320,33,1.1,work,4,9.617066639799062e-16,0.0,8.395832238348001e-09,0.0,0.01028656485374887,0.028995851951065015,0.010286557301914924,0.028995822537490126,1.0339744652055486e-07,1.5769906706002898e-07
9,1285,321,34,1.1083333333333334,work,1,2.5020943278529207e-16,0.0,0.005410953977452926,0.007070209589701283,0.009847334099776249,0.029041254429698876,0.015065402859450567,0.022699313606294538,1.9392475014996886e-07,6.623897186187795e-07
9,1286,321,34,1.1166666666666667,work,2,2.5020943278529207e-16,0.0,0.0036039169729547844,0.004686001553776564,0.009665272997831814,0.02866219749957805,0.013125947071297809,0.02444776746710471,2.5042170565354657e-07,4.2774379534743284e-07
9,1287,321,34,1.125,work,3,2.5020943278529207e-16,0.0,0.0018005573928977067,0.0023315976970728902,0.009705260237304843,0.028620255953799318,0.011426241504005456,0.02653302816167529,1.4358189828695843e-07,7.918673906079834e-07
9,1288,321,34,1.1333333333333333,work,4,2.5020943278529207e-16,0.0,1.0145044848691893e-08,0.0,0.00990674596497575,0.028914975284420174,0.009906738444691879,0.02891495701570004,1.293908083032123e-07,5.511415603431162e-07
9,1289,322,35,1.1416666666666666,work,1,1.249000902703301e-16,0.0,0.00484909473810319,0.0057882984327570774,0.009812809962500231,0.029264919354834256,0.014473864423799285,0.0244623226715285,2.3310553639167037e-07,6.83507021735893e-07
9,1290,322,35,1.15,work,2,1.249000902703301e-16,0.0,0.0032309582949450457,0.0038288192078051253,0.009909153651967432,0.029354943380575385,0.013000459444162131,0.026145445041120083,1.6387071075272401e-07,5.446573162823057e-07
9,1291,322,35,1.1583333333333332,work,3,1.249000902703301e-16,0.0,0.0016145390777904276,0.001899656236785611,0.010153412220399624,0.02969868394181677,0.01169086516883037,0.028102612002237175,1.3710278969657418e-07,6.542950391799285e-07
9,1292,322,35,1.1666666666666667,work,4,1.249000902703301e-16,0.0,4.419924226560612e-08,8.429369702178807e-08,0.010492766647269055,0.030270115389736205,0.010492722643088485,0.030270038373031907,1.0503497151651741e-07,5.870376707193935e-07
9,1293,323,36,1.175,work,1,1.2432050435751766e-16,0.0,0.004356618728856397,0.004678074514009847,0.010613890843864677,0.030835576828028864,0.014763788885094775,0.02888671764706486,1.6103550009887143e-07,3.674277068954101e-07
9,1294,323,36,1.1833333333333333,work,2,1.2432050435751766e-16,0.0,0.002904006877633855,0.0031048932320494687,0.010863649359757362,0.03127542913421113,0.013618974193740306,0.029955681762336803,1.6116067018682314e-07,5.247240323322731e-07
9,1295,323,36,1.1916666666666667,work,3,1.2432050435751766e-16,0.0,0.0014517699635409672,0.001545532164847994,0.011194262299733405,0.03185658698370531,0.012565451727818384,0.031193297358949705,1.3314970473085053e-07,3.264680847556393e-07
9,1296,323,36,1.2,work,4,1.2432050435751766e-16,0.0,1.7235845088513348e-08,0.0,0.011561705401766301,0.03253604950885527,0.011561722328060102,0.03253608856039908,2.5936844887821414e-07,6.322027276634131e-07
9,1297,324,37,1.2083333333333333,work,1,2.4416329982421312e-15,0.0,0.004025934058751199,0.005103131195511445,0.011741012443214495,0.033182711624804,0.0155409863926463,0.03396915437277298,1.2819821739090262e-07,4.749708607944627e-07
9,1298,324,37,1.2166666666666666,work,2,2.4416329982421312e-15,0.0,0.002684652983564849,0.0034040649870338406,0.011999029859563429,0.033701436376882145,0.014521612410002228,0.03417874613889522,1.2169764116057524e-07,4.878850443287176e-07
9,1299,324,37,1.225,work,3,2.4416329982421312e-15,0.0,0.001342637870723416,0.0017029963978328435,0.012292589102148975,0.03425390606159902,0.013547403572151019,0.034472909362757945,2.714856629339983e-07,7.98568785606286e-07
9,1300,324,37,1.2333333333333334,work,4,2.4416329982421312e-15,0.0,2.8842536366143104e-08,5.960464477539063e-08,0.012588639247143086,0.03481305030257536,0.012588610634445913,0.03481299417084489,1.5947963953781942e-07,5.748063779469126e-07
10,1301,325,1,0.008333333333333333,startup,1,1.249000902703301e-16,0.0,0.00922038834091194,0.029725663448296528,0.001986602337207354,0.004232790006962646,0.011162405692610363,0.032333677263129225,2.4233089114969087e-07,5.013526630777349e-07
10,1302,325,1,0.016666666666666666,startup,2,1.249000902703301e-16,0.0,0.006159302592673459,0.019800784624632403,0.0029528370511107366,0.006519175001986406,0.009018201099031998,0.023626659469984126,1.0215877294061458e-07,5.732591170570675e-07
10,1303,325,1,0.025,startup,3,1.249000902703301e-16,0.0,0.0030857878885453957,0.009892267291962744,0.0032503511257674397,0.0070832129587990135,0.006204545217778405,0.014033400111095778,1.9726744401719083e-08,7.214378378933829e-07
10,1304,325,1,0.03333333333333333,startup,4,1.249000902703301e-16,0.0,2.02350623354228e-08,5.16191365590357e-08,0.003180036991477969,0.006568291896807551,0.003180040770523053,0.006568276165017846,8.416332554014449e-08,3.6500241499888623e-07
10,1305,326,2,0.041666666666666664,work,1,1.7010907505015192e-16,0.0,0.005871007051500358,0.020652583164756204,0.0032005624848840688,0.007213113761305191,0.00843592333687297,0.015073180642833948,2.1412375143659584e-07,3.746093836419747e-07
10,1306,326,2,0.05,work,2,1.7010907505015192e-16,0.0,0.003916177190202078,0.013754999371446351,0.0044417693248625535,0.010946415463004242,0.00684181944587915,0.002924887065587816,2.6913018333118983e-07,4.7215758316978504e-07
10,1307,326,2,0.058333333333333334,work,3,1.7010907505015192e-16,0.0,0.0019591576586426166,0.0068707869852430705,0.006078581188489117,0.015377475079318496,0.006652598510533041,0.008710223279546098,3.2072988110958254e-07,9.784969782461028e-07
10,1308,326,2,0.06666666666666667,work,4,1.7010907505015192e-16,0.0,1.5751425982349395e-08,8.429369702178807e-08,0.007718928319673275,0.019651706218897575,0.00771894328162461,0.019651689603309867,1.390844569087731e-07,4.933162140025762e-07
10,1309,327,3,0.075,work,1,1.5011122659325205e-16,0.0,0.006136802368901705,0.022172233159438455,0.00964118387756728,0.024642940231159146,0.012488357342878462,0.010595555153421338,1.5307247575764724e-07,4.214684851089411e-07
10,1310,327,3,0.08333333333333333,work,2,1.5011122659325205e-16,0.0,0.004093294344026092,0.014753825344142737,0.011070332424288105,0.02816927290486392,0.012510389257687831,0.01669217309158365,2.08318923355117e-07,6.165552397244359e-07
10,1311,327,3,0.09166666666666666,work,3,1.5011122659325205e-16,0.0,0.0020476922989186622,0.007363176472406302,0.010512269920325288,0.0269406096225353,0.011121622696712697,0.02073315689029743,1.798740633484554e-07,4.2252084251516616e-07
10,1312,327,3,0.1,work,4,1.5011122659325205e-16,0.0,3.2527914409873484e-08,0.0,0.009287047357748286,0.0236214202866537,0.009287017143788073,0.0236213689810325,2.827820686062129e-07,8.248300852238026e-07
10,1313,328,4,0.10833333333333334,work,1,1.0221629003393125e-16,0.0,0.006173014484869227,0.025113542916448895,0.008475324805179792,0.02133966618119477,0.011830402468221759,0.011731675493976133,5.3485175500942304e-08,7.533564960816272e-07
10,1314,328,4,0.11666666666666667,work,2,1.0221629003393125e-16,0.0,0.004119365163660038,0.016716601047904192,0.007978160774459807,0.01983306332893702,0.00998683237915423,0.009632997987856586,2.61426681876384e-07,7.673736327638514e-07
10,1315,328,4,0.125,work,3,1.0221629003393125e-16,0.0,0.0020617091801431943,0.008345396601392488,0.007732705692748595,0.01905917449441298,0.008555549345492389,0.012583718468276323,3.060052623179498e-07,6.093099206763789e-07
10,1316,328,4,0.13333333333333333,work,4,1.0221629003393125e-16,0.0,1.2822845236551925e-08,8.429369702178807e-08,0.007504419729012751,0.018411506615018905,0.00750443224712162,0.018411478691444515,1.360571277377916e-07,3.5388297101968327e-07
10,1317,329,5,0.14166666666666666,work,1,1.7772239894833365e-16,0.0,0.0058195223817527385,0.028453779717430943,0.00689770753654318,0.017009898522455522,0.010306631158255307,0.018046563386862648,1.7262856277384269e-07,3.345302391148161e-07
10,1318,329,5,0.15,work,2,1.7772239894833365e-16,0.0,0.0038846795343081913,0.01895659384771024,0.0064361730075764585,0.01609944295373799,0.008428704615537415,0.011401146399570777,1.624003915778433e-07,4.086288571596775e-07
10,1319,329,5,0.15833333333333333,work,3,1.7772239894833365e-16,0.0,0.0019448074755393484,0.009472160650870995,0.005901012691251754,0.014866469502011604,0.006717031695580717,0.009152764651071826,9.044128432230856e-08,6.583548198453969e-07
10,1320,329,5,0.16666666666666666,work,4,1.7772239894833365e-16,0.0,4.001918119907397e-08,1.3328003749250115e-07,0.005676839315781466,0.014185812017153222,0.005676800159807312,0.014185678565738448,2.4927769145857645e-07,4.768371582031262e-07
10,1321,330,6,0.175,work,1,1.3329179921125024e-16,0.0,0.0058086380125799844,0.030722191405212925,0.005168812632911017,0.012726498194274708,0.008086743683949692,0.023881883848593324,3.055513906047312e-07,7.444617746351282e-07
10,1322,330,6,0.18333333333333332,work,2,1.3329179921125024e-16,0.0,0.003877977309337547,0.020480495672736496,0.005022581462987772,0.0122422651963643,0.006602934512127059,0.015165205817138563,2.8665249148038555e-07,7.714139882054844e-07
10,1323,330,6,0.19166666666666665,work,3,1.3329179921125024e-16,0.0,0.0019417663807944489,0.01023974748883615,0.004988368001135938,0.012083626264248469,0.005518907908560631,0.009113848953704753,1.67682868967547e-07,4.91512492372712e-07
10,1324,330,6,0.2,work,4,1.3329179921125024e-16,0.0,2.3028377652142724e-08,7.300048299977715e-08,0.005064614742175392,0.012213320347633897,0.005064596851620339,0.012213264003772272,3.0572384776879537e-07,3.4882724019049525e-07
10,1325,331,7,0.20833333333333334,work,1,2.8609792490763984e-17,0.0,0.0049671684107291635,0.030214742887951257,0.005031654045066943,0.012236109611738946,0.007068208946370294,0.024935944479794313,2.2300117636236107e-07,2.1490760299348777e-07
10,1326,331,7,0.21666666666666667,work,2,2.8609792490763984e-17,0.0,0.003314390981660069,0.020140734949403005,0.005165360049362628,0.012471092410275164,0.006082712936782634,0.016504219460752215,1.356166901920086e-07,3.039252468104833e-07
10,1327,331,7,0.225,work,3,2.8609792490763984e-17,0.0,0.0016586646317056193,0.010069171512406971,0.005484632149168758,0.013206405732049536,0.005680594606332224,0.01129899472440887,2.098624319002269e-07,3.576278686523442e-07
10,1328,331,7,0.23333333333333334,work,4,2.8609792490763984e-17,0.0,2.283577665423428e-08,5.16191365590357e-08,0.006009323951996008,0.01441890447405605,0.006009302054076042,0.01441887116758764,2.3915888320681353e-07,4.91512492372712e-07
10,1329,332,8,0.24166666666666667,work,1,2.6837018776829734e-15,0.0,0.005322178868039642,0.031393160552364095,0.006092593411559252,0.014665463388067915,0.006583464915558684,0.027481546433135277,3.336711192872146e-07,7.856742338218779e-07
10,1330,332,8,0.25,work,2,2.6837018776829734e-15,0.0,0.0035502410430651764,0.02092004037968567,0.006210519239244212,0.01512172807186645,0.00600827474004688,0.01832536557053184,4.3191500485869204e-07,1.0864571412538534e-06
10,1331,332,8,0.2583333333333333,work,3,2.6837018776829734e-15,0.0,0.0017761690508165822,0.010455458672800953,0.00601457906349977,0.015164958932265528,0.005669004048484948,0.012236965174127522,2.88190234613211e-07,9.262722890329476e-07
10,1332,332,8,0.26666666666666666,work,4,2.6837018776829734e-15,0.0,3.814222546169019e-09,1.2287812309317772e-07,0.005461472482340308,0.015009686180202961,0.005461470504348615,0.015009762868666888,1.484413358625309e-07,7.691078126766694e-07
10,1333,333,9,0.275,work,1,1.1210126175528405e-16,0.0,0.005997426952001112,0.031410824374587275,0.0044198799967746,0.012388500567919509,0.004430266079269731,0.026620368982339136,1.0532954771345697e-07,4.539354506649926e-07
10,1334,333,9,0.2833333333333333,work,2,1.1210126175528405e-16,0.0,0.003991996419942608,0.020902289796764627,0.00405967714269005,0.011337693251542427,0.0031732205133234255,0.017428440617322388,2.466028789930387e-07,4.400260168383548e-07
10,1335,333,9,0.2916666666666667,work,3,1.1210126175528405e-16,0.0,0.001992957714602425,0.010431835063164085,0.004168453624022411,0.011811480683265763,0.0031291297322174443,0.010582376786706097,1.1537751386866174e-07,1.3328003749250115e-07
10,1336,333,9,0.3,work,4,1.1210126175528405e-16,0.0,2.0749299214678756e-08,6.664001874625056e-08,0.00409253606296838,0.013359131811757168,0.004092516995546499,0.013359082696895907,3.657111091350842e-07,6.976544803809931e-07
10,1337,334,10,0.30833333333333335,work,1,1.1123893155135927e-16,0.0,0.005219318768959244,0.029618714257565956,0.003713865517322529,0.012979630701765475,0.0022441817185308746,0.025398023250109134,2.781223961940282e-07,7.001960351747746e-07
10,1338,334,10,0.31666666666666665,work,2,1.1123893155135927e-16,0.0,0.0034640151251372413,0.019727693303300972,0.0036619551490361026,0.014452126816859917,0.0015090240986896598,0.01604576554614585,1.0129998345316405e-07,5.732591170570675e-07
10,1339,334,10,0.325,work,3,1.1123893155135927e-16,0.0,0.0017245943550082553,0.009855129247289549,0.00327244140366482,0.015148408585225282,0.0019059434713010084,0.010994011944221883,3.1632768433474757e-07,6.502099105498649e-07
10,1340,334,10,0.3333333333333333,work,4,1.1123893155135927e-16,0.0,4.325407772351697e-08,1.490116119384766e-07,0.003041155591721413,0.014104514901938913,0.0030411860704832256,0.014104661330551882,3.4073209113313327e-07,3.734220292014386e-07
10,1341,335,11,0.3416666666666667,work,1,0.0,0.0,0.004851052841945274,0.033099350968158796,0.003643690973735851,0.016018058716304222,0.004684361148350386,0.02677449475859468,3.212839302849702e-07,5.960464477539085e-07
10,1342,335,11,0.35,work,2,0.0,0.0,0.00323315714080178,0.022093763033707248,0.0038103679880987507,0.01722334815995563,0.0038983761106259575,0.01788407586093504,2.326268549253985e-07,6.307962682401184e-07
10,1343,335,11,0.35833333333333334,work,3,0.0,0.0,0.0016166719280968787,0.01106081647826508,0.00383364272677272,0.018289927152225945,0.0035082469418985197,0.014334979207949301,2.3514177492465836e-07,3.576278686523442e-07
10,1344,335,11,0.36666666666666664,work,4,0.0,0.0,9.526271039176122e-09,5.960464477539063e-08,0.0038340034335549466,0.019636310723684325,0.0038340063708245187,0.019636358477702162,2.885712533004311e-07,6.384934570082617e-07
10,1345,336,12,0.375,work,1,2.172217384091364e-16,0.0,0.00636702676339875,0.03405534673708918,0.0034423753512055925,0.019891137761758614,0.006010803731336872,0.025062051417456984,2.906884750771805e-07,8.150812584863566e-07
10,1346,336,12,0.3833333333333333,work,2,2.172217384091364e-16,0.0,0.00425075108728794,0.022742669653767665,0.0032176472093395263,0.0202664330887384,0.004505512668146009,0.016890030817319716,2.3404823267552974e-07,7.480323551899914e-07
10,1347,336,12,0.39166666666666666,work,3,2.172217384091364e-16,0.0,0.0021288043933575173,0.011390913003575812,0.003103303735619991,0.021481830627352066,0.003333033305803162,0.015628778451662245,2.9209952077516176e-07,5.397430144630339e-07
10,1348,336,12,0.4,work,4,2.172217384091364e-16,0.0,1.4525895152792414e-08,4.2146848510894035e-08,0.0030307608270908138,0.023206618431291008,0.003030770640892252,0.023206586766020217,2.712943081915872e-07,7.360630652444684e-07
10,1349,337,13,0.4083333333333333,work,1,6.206335383118183e-17,0.0,0.006885799050066324,0.03504448210308428,0.0027107318669143963,0.024585998320981753,0.007134720661487712,0.022306415205039138,3.394609447639555e-07,7.834100382384658e-07
10,1350,337,13,0.4166666666666667,work,2,6.206335383118183e-17,0.0,0.004592844378752338,0.023403945771927087,0.0025943743973027055,0.026081513636504145,0.005417401958092697,0.016316554327918953,4.6142758311761904e-07,8.079672880009443e-07
10,1351,337,13,0.425,work,3,6.206335383118183e-17,0.0,0.0022980173981711196,0.011722371983456782,0.0026235248892309,0.028108676073267704,0.0038643608826839735,0.02008923775628867,2.3616108665094467e-07,7.164964246852024e-07
10,1352,337,13,0.43333333333333335,work,4,6.206335383118183e-17,0.0,5.820232534547473e-08,1.5196262340524156e-07,0.0028028729256838482,0.030493958403856963,0.0028028424873700344,0.030493969815354727,2.508736817359672e-07,5.615187788431893e-07
10,1353,338,14,0.44166666666666665,work,1,1.0007415106216802e-16,0.0,0.006265010519489121,0.03672513559257938,0.003166460318233085,0.03248468930960312,0.008374420761398379,0.03031091289666768,2.652009282637135e-07,4.4604031881975524e-07
10,1354,338,14,0.45,work,2,1.0007415106216802e-16,0.0,0.004182775676090134,0.024571920425808753,0.0036333450630459912,0.033980370034160774,0.006801589695095606,0.027702126892620256,3.5835818588931283e-07,7.737132898418456e-07
10,1355,338,14,0.4583333333333333,work,3,1.0007415106216802e-16,0.0,0.0020950805433656208,0.012330302249222597,0.004055263796911014,0.03560758285756698,0.00538871638831209,0.030366078988006136,2.0240163630278468e-07,6.795975119466444e-07
10,1356,338,14,0.4666666666666667,work,4,1.0007415106216802e-16,0.0,2.725833433826316e-08,7.300048299977715e-08,0.0044563553049557615,0.037050871530201056,0.004456338394985224,0.037050842341578134,1.4401215811445294e-07,4.730972011800879e-07
10,1357,339,15,0.475,work,1,1.5218182408308987e-16,0.0,0.010191444504981993,0.046978328645496274,0.006154216038719837,0.04016926905409626,0.015084230264290342,0.05443689013216503,2.5608756607653856e-07,1.6858739404357617e-07
10,1358,339,15,0.48333333333333334,work,2,1.5218182408308987e-16,0.0,0.0068172325549154845,0.03141770940422588,0.007931229864467338,0.042727511354999324,0.013324563513487018,0.05037100748798758,2.2519996914402048e-07,3.097148193542145e-07
10,1359,339,15,0.49166666666666664,work,3,1.5218182408308987e-16,0.0,0.003420135032645897,0.015758251366893343,0.009604031321809611,0.04538224022162795,0.011830447487774055,0.04815708021161865,1.7484553669142406e-07,2.598106231415675e-07
10,1360,339,15,0.5,work,4,1.5218182408308987e-16,0.0,4.7689499083201043e-08,2.0647654623614288e-07,0.011099667890750892,0.04793358946658545,0.011099705287214975,0.04793378699700801,3.2833377412214205e-07,5.885487096944919e-07
10,1361,340,16,0.5083333333333333,work,1,1.3738309013483032e-16,0.0,0.02032405134580008,0.045811691902161424,0.017426904762384267,0.06331084885864825,0.036474275633135496,0.09814335088957094,7.752940108102356e-08,5.331201499700061e-07
10,1362,340,16,0.5166666666666666,work,2,1.3738309013483032e-16,0.0,0.013499863422566247,0.03046336381480505,0.022321020763802223,0.07462881197919306,0.03451231305817923,0.09806510515228518,1.490602547797118e-07,7.627298767608288e-07
10,1363,340,16,0.525,work,3,1.3738309013483032e-16,0.0,0.006724837162435003,0.015192574879648387,0.025579088674598644,0.08235515241735121,0.031388939845223396,0.09400310064792092,1.8553412002657763e-07,6.194296387084308e-07
10,1364,340,16,0.5333333333333333,work,4,1.3738309013483032e-16,0.0,2.2101771059254453e-08,8.940696716308595e-08,0.027383755171882084,0.08661319785853439,0.027383739147614553,0.0866132601416681,1.363656270506711e-07,4.693274422891038e-07
10,1365,341,17,0.5416666666666666,work,1,2.7755575615628914e-17,0.0,0.02026338890599054,0.02934579374191502,0.029354111449851797,0.09169758680256508,0.04826147315416994,0.11861071610864977,1.6591680515996225e-07,5.535535699429145e-07
10,1366,341,17,0.55,work,2,2.7755575615628914e-17,0.0,0.013471929531448932,0.01957180692749003,0.029972375916486105,0.09254296032742552,0.042326443918106034,0.11049317079874073,2.614031095506058e-07,7.996802249550121e-07
10,1367,341,17,0.5583333333333333,work,3,2.7755575615628914e-17,0.0,0.006717238918644285,0.009790444885666437,0.02949268359779015,0.09056849022074531,0.035538566171559975,0.09952378218339603,2.3169923885411e-07,1.490116119384766e-07
10,1368,341,17,0.5666666666666667,work,4,2.7755575615628914e-17,0.0,1.4893480986497697e-08,9.884312124119402e-08,0.028128736175473543,0.08632852713213504,0.02812874673921708,0.08632857462789928,1.5780524644420043e-07,4.655271575395269e-07
10,1369,342,18,0.575,work,1,7.850462293418876e-17,0.0,0.010802472316677516,0.02019909262115298,0.02331960240163062,0.07317860300156723,0.031896467945322554,0.08362469965610525,2.7692355883822577e-07,4.777675730550717e-07
10,1370,342,18,0.5833333333333334,work,2,7.850462293418876e-17,0.0,0.007179938798394191,0.01349296698913737,0.01897054786275802,0.06089972347481861,0.02461083368264082,0.06717605833609386,2.4938980819516844e-07,6.690604782296345e-07
10,1371,342,18,0.5916666666666667,work,3,7.850462293418876e-17,0.0,0.003579000319954886,0.006759833586374246,0.015199641405422105,0.05013854361600864,0.017943926948520792,0.05282822077005421,2.142022767024592e-07,7.828429661133159e-07
10,1372,342,18,0.6,work,4,7.850462293418876e-17,0.0,7.142673504831425e-09,1.032382731180714e-07,0.012072423147014346,0.041178808427077176,0.012072428246674882,0.04117885393489694,2.57771876351274e-07,7.60981162476765e-07
10,1373,343,19,0.6083333333333333,work,1,1.4304896245381993e-16,0.0,0.0066724768662861185,0.03949537876883642,0.009259347846753944,0.03247034550140236,0.01472021634102302,0.024549833084024093,3.8446423241716917e-07,6.122183377794688e-07
10,1374,343,19,0.6166666666666667,work,2,1.4304896245381993e-16,0.0,0.004431872520380551,0.02638567264087672,0.007731315080555254,0.027256505354683963,0.01159074272821415,0.011657004504829468,1.6083604838511651e-07,9.127493400045447e-07
10,1375,343,19,0.625,work,3,1.4304896245381993e-16,0.0,0.0022079829871921096,0.013221249156011299,0.006996242552636087,0.024247865974103378,0.008919659189389688,0.011869064179979379,2.72058794253977e-07,4.042583693936634e-07
10,1376,343,19,0.6333333333333333,work,4,1.4304896245381993e-16,0.0,2.8798475849099804e-08,8.429369702178807e-08,0.006496123400457508,0.022176845315158556,0.00649611500490494,0.022176859534849738,1.3725440440812896e-07,4.7590492435310335e-07
10,1377,344,20,0.6416666666666666,work,1,8.355534721610419e-17,0.0,0.0036896474865039737,0.041083848097556525,0.005377875630459724,0.0164347915319819,0.008453479622866711,0.025689789912012692,2.1751438654162727e-07,4.107966647175028e-07
10,1378,344,20,0.65,work,2,8.355534721610419e-17,0.0,0.002469384203227801,0.027445584463029714,0.005312078973661146,0.014456979525146633,0.007617972027443819,0.01764133502203182,1.2100713118225382e-07,6.610474888330381e-07
10,1379,344,20,0.6583333333333333,work,3,8.355534721610419e-17,0.0,0.0012401719230794013,0.013750983662078359,0.00530495991916019,0.013775652616500227,0.006498170779952688,0.010634116329033695,1.4795704384329174e-07,4.878850443287176e-07
10,1380,344,20,0.6666666666666666,work,4,8.355534721610419e-17,0.0,2.1624857421214504e-08,1.1542389828584842e-07,0.0049910580052841364,0.012994228556452285,0.004991055908366919,0.01299429238068095,7.968251390134255e-08,3.182017282256878e-07
10,1381,345,21,0.675,work,1,3.2487068343022356e-16,0.0,0.00287020052721699,0.01698804618623549,0.0030575115862140805,0.010501660359088684,0.004001320736832041,0.00922016623102228,1.6662164611785498e-07,4.805480091749769e-07
10,1382,345,21,0.6833333333333333,work,2,3.2487068343022356e-16,0.0,0.0019139518682777014,0.011331605419607685,0.0030726583177336938,0.012053710263200684,0.004354635155676925,0.00797224496163622,7.242385347666685e-08,6.265579474457718e-07
10,1383,345,21,0.6916666666666667,work,3,3.2487068343022356e-16,0.0,0.0009571809472713687,0.00566905366129665,0.004700305091095694,0.016336688297038913,0.0054131505759576455,0.013584708195429894,1.7415826785347422e-07,7.468440584028805e-07
10,1384,345,21,0.7,work,4,3.2487068343022356e-16,0.0,5.075820644405316e-08,1.2990531157078367e-07,0.006606200014827077,0.021083894652902512,0.006606153112757262,0.021083824905655777,1.7425501017279036e-07,2.40274004587488e-07
10,1385,346,22,0.7083333333333334,work,1,8.326672684688674e-17,0.0,0.009180365163229407,0.019473247474413386,0.010312401060791893,0.03125275360050812,0.018894881735598116,0.041166242290277544,1.1158601445148597e-07,3.4498682328433513e-07
10,1386,346,22,0.7166666666666667,work,2,8.326672684688674e-17,0.0,0.006123057557860066,0.01301028390177408,0.013300500376226609,0.03905350498620911,0.01893600617935484,0.04469806467965155,1.279049703743254e-07,5.430241572346883e-07
10,1387,346,22,0.725,work,3,8.326672684688674e-17,0.0,0.003062885291341123,0.006519502368954875,0.01549570710840147,0.0446021583713763,0.018254616010864026,0.0470460979853724,1.8895079291195132e-07,4.805480091749769e-07
10,1388,346,22,0.7333333333333333,work,4,8.326672684688674e-17,0.0,4.40900541026714e-08,5.960464477539063e-08,0.016946260522180717,0.04809798586418283,0.016946219297886762,0.04809792690786147,8.294772529779834e-08,2.715120786173435e-07
10,1389,347,23,0.7416666666666667,work,1,1.1775693440128312e-16,0.0,0.009758871004005647,0.023324680102533735,0.017992399833620405,0.05031888608781203,0.027123179722434686,0.06427170488715309,6.918749216909911e-08,8.215933294350099e-07
10,1390,347,23,0.75,work,2,1.1775693440128312e-16,0.0,0.006513158359754337,0.015501485436611097,0.018375707496852585,0.05083692005665271,0.024393787167923103,0.05931040632091083,1.1884521883664895e-07,5.07515262541963e-07
10,1391,347,23,0.7583333333333333,work,3,1.1775693440128312e-16,0.0,0.003260045268869517,0.0077267926728147905,0.018248174084647736,0.05006439297716447,0.021216402429334195,0.05386934735104328,5.663024588625994e-08,7.077659420393693e-07
10,1392,347,23,0.7666666666666666,work,4,1.1775693440128312e-16,0.0,2.1963682896302887e-08,1.5485740967710712e-07,0.017752621987102108,0.04838421543811026,0.017752642437156817,0.04838429614628714,1.4140386809971734e-07,6.019774042583773e-07
10,1393,348,24,0.775,work,1,2.7755575615628914e-17,0.0,0.010419948519241698,0.0214222031229703,0.017135617291135906,0.04632428961512089,0.02673178169248214,0.058857822626433985,2.7912688297636673e-07,1.2921979062962042e-06
10,1394,348,24,0.7833333333333333,work,2,2.7755575615628914e-17,0.0,0.006954524182200411,0.014181098805518485,0.016300021981905576,0.043790557269563185,0.02265397354124512,0.051280661532208,2.2152031326935736e-07,6.841564347296388e-07
10,1395,348,24,0.7916666666666666,work,3,2.7755575615628914e-17,0.0,0.00348097799760632,0.007040577937739916,0.01536185736334284,0.04106448304556394,0.018500376375895754,0.044327927078794876,1.950251051101978e-07,6.151130032703392e-07
10,1396,348,24,0.8,work,4,2.7755575615628914e-17,0.0,4.7875200935649965e-08,9.424321830774485e-08,0.014411264250554933,0.038362916655621276,0.014411217696238428,0.038362816854600953,8.852743374831649e-08,2.3084779657169695e-07
10,1397,349,25,0.8083333333333333,work,1,1.1102230246251565e-16,0.0,0.010364846116038665,0.02400245159919567,0.013602053210453893,0.03607496238930977,0.023170164889213363,0.045341357699861175,1.4758052927286654e-07,1.5769906706002898e-07
10,1398,349,25,0.8166666666666667,work,2,1.1102230246251565e-16,0.0,0.006926485039993936,0.015936827404602,0.012862250820042434,0.03395596263076445,0.019189694613332323,0.03881822985751192,4.336254991916114e-08,5.196212462831361e-07
10,1399,349,25,0.825,work,3,1.1102230246251565e-16,0.0,0.0034715007098394214,0.007936506099138584,0.012213117448997378,0.03208591167881743,0.015329424250375354,0.03369255369029255,4.7269061058651606e-08,4.768371582031262e-07
10,1400,349,25,0.8333333333333334,work,4,1.1102230246251565e-16,0.0,2.635003181623823e-08,1.6858739404357617e-07,0.011670482678059776,0.030501530283036697,0.011670457791646813,0.030501452606884322,2.3978254230954147e-07,5.65459309846471e-07
10,1401,350,26,0.8416666666666667,work,1,3.6088919696935627e-16,0.0,0.009554909122478816,0.0254627410586509,0.011081042319194783,0.028514610048325707,0.02004142711640554,0.035508871344841014,2.757155852232763e-07,7.991246985073097e-07
10,1402,350,26,0.85,work,2,3.6088919696935627e-16,0.0,0.006403290187329566,0.01701396235900101,0.010643780074806423,0.027027878749421787,0.0165568845868558,0.03004969038805109,1.7582597972217847e-07,3.7223088731756253e-07
10,1403,350,26,0.8583333333333333,work,3,3.6088919696935627e-16,0.0,0.003218743790628848,0.008528206177785717,0.010348168582979538,0.02602259574995938,0.013262050752778871,0.02639841896533286,1.4171613969840688e-07,2.528810910653644e-07
10,1404,350,26,0.8666666666666667,work,4,3.6088919696935627e-16,0.0,3.263810229985558e-08,8.429369702178807e-08,0.010178869453121485,0.025407483153034816,0.010178837540690723,0.025407435743755973,1.859288930090803e-07,4.6169559314339464e-07
11,1405,351,1,0.008333333333333333,startup,1,5.755936923587804e-16,0.0,0.009243318266423318,0.029808277895995234,0.0021152932346339462,0.00627859172691814,0.011321501147783027,0.0350468574818444,1.2499341157682332e-07,4.5976783694450694e-07
11,1406,351,1,0.016666666666666666,startup,2,5.755936923587804e-16,0.0,0.006189841340445607,0.019910808444026814,0.003182316748163965,0.009457557921575243,0.009298412776570288,0.027741861829300198,1.3168394881614203e-07,5.527507362065157e-07
11,1407,351,1,0.025,startup,3,5.755936923587804e-16,0.0,0.0031086646247918716,0.00997457704727137,0.0035423513371824677,0.01021510289992845,0.006561488989120877,0.018617299176762463,1.3661030304136365e-07,2.8740318897345554e-07
11,1408,351,1,0.03333333333333333,startup,4,5.755936923587804e-16,0.0,5.1203806444866784e-08,1.1542389828584842e-07,0.003471980812775229,0.009284337165444509,0.003471980575266087,0.009284245893778305,2.402497730051638e-07,4.842304232499588e-07
11,1409,352,2,0.041666666666666664,work,1,2.5172027167143304e-16,0.0,0.0058965947094675635,0.020723891217872607,0.0030580232035737143,0.006078164759206936,0.008623512501789214,0.019178170971530944,9.84904142488396e-08,5.495276723678658e-07
11,1410,352,2,0.05,work,2,2.5172027167143304e-16,0.0,0.003937501790442471,0.013838221164430937,0.00389184478497378,0.007924812853541727,0.00674743999790754,0.00718673124464976,8.734947230554059e-08,5.470979139413201e-07
11,1411,352,2,0.058333333333333334,work,3,2.5172027167143304e-16,0.0,0.001971972742061596,0.006930356867582653,0.005209976093867382,0.011783891306572406,0.006037467963980152,0.0055078529017402985,3.326192376493283e-08,3.7814907850174724e-07
11,1412,352,2,0.06666666666666667,work,4,2.5172027167143304e-16,0.0,1.9383311090189668e-08,8.429369702178807e-08,0.00654862384540308,0.015610649827799567,0.006548642637511597,0.015610663944805436,1.80702587388557e-07,6.412695286080273e-07
11,1413,353,3,0.075,work,1,1.1295700899707568e-16,0.0,0.006158754329023229,0.022244190441675627,0.008224473955670395,0.020248436904883982,0.01172134079019099,0.011304616318998751,7.482087772246141e-08,3.99840112477504e-07
11,1414,353,3,0.08333333333333333,work,2,1.1295700899707568e-16,0.0,0.004108885261971341,0.014833788626732606,0.00954437613277399,0.023774792769987667,0.011392772934788999,0.01401676933850823,1.2933048752288689e-07,5.289387509017855e-07
11,1415,353,3,0.09166666666666666,work,3,1.1295700899707568e-16,0.0,0.002055953570313985,0.007419040685953113,0.010095486001596,0.02506416821272224,0.01082816046506599,0.01924954232802736,2.1589771166512177e-07,5.870376707193935e-07
11,1416,353,3,0.1,work,4,1.1295700899707568e-16,0.0,2.64665363682234e-08,4.2146848510894035e-08,0.008260024510495892,0.019949154217948642,0.008259999438811364,0.019949107101812427,2.3823640752792425e-08,4.097141946812732e-07
11,1417,354,4,0.10833333333333334,work,1,2.0026854743534788e-16,0.0,0.0062643626110202785,0.025580453505922158,0.007143244321101418,0.0167136611805445,0.011041896112887833,0.015732292649236576,1.9081939940006478e-07,2.7957056521316965e-07
11,1418,354,4,0.11666666666666667,work,2,2.0026854743534788e-16,0.0,0.004181429207207171,0.017051146383348804,0.006463704339078982,0.014748267895194574,0.008910704611732616,0.010495021854621063,1.8126882535465445e-07,6.17994110385412e-07
11,1419,354,4,0.125,work,3,2.0026854743534788e-16,0.0,0.0020933410576201177,0.008524306686318602,0.006082600915349421,0.013752630098918148,0.007143879575433334,0.008833843940473499,2.555772101136522e-07,5.430241572346883e-07
11,1420,354,4,0.13333333333333333,work,4,2.0026854743534788e-16,0.0,3.313506551066135e-08,1.3978528260658475e-07,0.005905201433490704,0.013326152867826943,0.005905233791245317,0.013326251086694826,4.0476700222328946e-08,3.674277068954101e-07
11,1421,355,5,0.14166666666666666,work,1,1.665695898455916e-16,0.0,0.005434292260628593,0.028135541606174864,0.005873865959519149,0.013578936249625839,0.009629502969369342,0.0229129884250554,9.606870532422048e-08,3.674277068954101e-07
11,1422,355,5,0.15,work,2,1.665695898455916e-16,0.0,0.0036274605642484825,0.018744818904806504,0.005772571684120482,0.013409707517622318,0.008018382257520868,0.015369419099592416,2.1481832895955522e-07,5.110033809984414e-07
11,1423,355,5,0.15833333333333333,work,3,1.665695898455916e-16,0.0,0.0018160130906763447,0.009366443127710827,0.005521197393387962,0.012413949897222883,0.006485002309691778,0.010804808112977503,2.2968456142517097e-07,4.66480131223755e-07
11,1424,355,5,0.16666666666666666,work,4,1.665695898455916e-16,0.0,4.679238684108379e-08,9.424321830774485e-08,0.004617100335854736,0.009951794749638896,0.004617146853502416,0.009951884750296756,2.0286310850131635e-07,7.760057786876928e-07
11,1425,356,6,0.175,work,1,5.594315114139762e-17,0.0,0.005314833446854647,0.029197517353746764,0.0038045860101071907,0.007660544260444516,0.0074871599357188585,0.02783874015309143,1.1198951385488638e-07,5.339525004377654e-07
11,1426,356,6,0.18333333333333332,work,2,5.594315114139762e-17,0.0,0.003549022764480023,0.019462037356206982,0.0033692784376761877,0.006481016297928031,0.005723525254239475,0.01896772803257839,8.24964501269457e-08,5.930587274471662e-07
11,1427,356,6,0.19166666666666665,work,3,5.594315114139762e-17,0.0,0.0017774066991881174,0.00972943854655787,0.0029306101380429258,0.005311429667488585,0.004022564756685574,0.010376480525450298,9.735023402568765e-08,2.7957056521316965e-07
11,1428,356,6,0.2,work,4,5.594315114139762e-17,0.0,2.456325232285785e-08,7.300048299977715e-08,0.0023805961380166996,0.004196491277872924,0.002380616130239473,0.00419651818989066,2.3076134297305828e-07,5.470979139413201e-07
11,1429,357,7,0.20833333333333334,work,1,3.053901726594225e-16,0.0,0.005249872704719694,0.028759683602583595,0.0019079495168843545,0.004397118030862156,0.006544591936489328,0.0314638354973809,9.645267213248462e-08,4.031583445807906e-07
11,1430,357,7,0.21666666666666667,work,2,3.053901726594225e-16,0.0,0.0035058507226026743,0.01916530623177446,0.0022433658248811198,0.006541777235646949,0.005135018823525957,0.0235955748221125,1.7253908073922887e-07,1.976862424823881e-07
11,1431,357,7,0.225,work,3,3.053901726594225e-16,0.0,0.0017558874865127572,0.009578644002349767,0.003134527313763666,0.009420845945391233,0.0042660127292333625,0.016584068588866248,1.7216073169292463e-07,4.0205531010723307e-07
11,1432,357,7,0.23333333333333334,work,4,3.053901726594225e-16,0.0,7.453543220836246e-09,0.0,0.0039043474855830693,0.0115711876763292,0.0039043503971731,0.01157118509452895,2.5411111788556926e-07,6.515744659029109e-07
11,1433,358,8,0.24166666666666667,work,1,1.2417518519112547e-16,0.0,0.006194627066427442,0.02919631344110523,0.004906327818396021,0.014452439049232454,0.009610051887608936,0.03811119844471221,1.8618507050580364e-07,5.339525004377654e-07
11,1434,358,8,0.25,work,2,1.2417518519112547e-16,0.0,0.004134551745635244,0.019422835434951387,0.005806105057947874,0.016938313509393094,0.008603767906896228,0.030938219978787186,1.7122351086261335e-07,6.515744659029109e-07
11,1435,358,8,0.2583333333333333,work,3,1.2417518519112547e-16,0.0,0.0020697189521431416,0.009690802451234723,0.006672903613492576,0.01929206022014412,0.007855085800400787,0.02507671664976087,1.502237455402164e-07,5.930587274471662e-07
11,1436,358,8,0.26666666666666666,work,4,1.2417518519112547e-16,0.0,4.149467037131597e-08,8.940696716308595e-08,0.007457444765835022,0.021408817172844156,0.007457473787557385,0.02140889189969079,4.9821891925040793e-08,5.127385417844444e-07
11,1437,359,9,0.275,work,1,5.721958498152797e-17,2.9802322387695312e-08,0.006300556810491281,0.031083763455109263,0.008402923515952648,0.02351574080843915,0.012773702340445113,0.04090896747193931,9.212918037204154e-08,3.5009801758738595e-07
11,1438,359,9,0.2833333333333333,work,2,5.721958498152797e-17,2.9802322387695312e-08,0.004207275379335136,0.020700144413515868,0.008805251167292931,0.024637888250521645,0.011445569715949401,0.034076315063338504,1.6117888698270108e-07,7.127678837240613e-07
11,1439,359,9,0.2916666666666667,work,3,5.721958498152797e-17,2.9802322387695312e-08,0.002107414487727451,0.010339675100824477,0.0093376667939717,0.02676801934368556,0.0104892363100967,0.030392608154297923,1.8256997898980567e-07,2.289159818848554e-07
11,1440,359,9,0.3,work,4,5.721958498152797e-17,2.9802322387695312e-08,2.9629109196161794e-08,1.1920928955078128e-07,0.009849522499566402,0.02811559533503246,0.009849499220290957,0.028115552991247916,1.9184770965195024e-07,6.258487701416041e-07
11,1441,360,10,0.30833333333333335,work,1,3.1676639673831405e-16,0.0,0.00618596393175242,0.033387023835168055,0.010029120097148646,0.02835981335911089,0.013986459813084683,0.04932148807992237,1.2006360622071107e-07,2.920019319991088e-07
11,1442,360,10,0.31666666666666665,work,2,3.1676639673831405e-16,0.0,0.0041318268835516085,0.022263737051788652,0.010420118300557129,0.030113387398965952,0.013083193350136147,0.0431368820736452,1.6812362999044323e-07,2.858538343496754e-07
11,1443,360,10,0.325,work,3,3.1676639673831405e-16,0.0,0.0020698784397968533,0.011134939757830304,0.010929096259639922,0.032240481834446034,0.012294253467531078,0.03781772635251043,1.8818728455080323e-07,2.2302015940987725e-07
11,1444,360,10,0.3333333333333333,work,4,3.1676639673831405e-16,0.0,5.2247636267259226e-08,1.1920928955078128e-07,0.011472553417558685,0.03479918632123672,0.011472603398825141,0.0347992383453557,2.658974595536375e-07,2.346637211445515e-07
11,1445,361,11,0.3416666666666667,work,1,2.8177377798042847e-16,0.0,0.004445089680403019,0.03335563305679279,0.011507902206637645,0.036050930688133725,0.014800538169388342,0.05340225282026327,1.255826765917162e-07,4.2774379534743284e-07
11,1446,361,11,0.35,work,2,2.8177377798042847e-16,0.0,0.002961694043753017,0.02223538219529829,0.011322117399300854,0.03661276447249039,0.013530793108782408,0.04605301669771043,1.1883494974740957e-07,2.965293637235823e-07
11,1447,361,11,0.35833333333333334,work,3,2.8177377798042847e-16,0.0,0.0014801538846266212,0.011116843083171653,0.011296597272919717,0.037593136840695894,0.01239730058861875,0.04079607446259006,1.5549175318141387e-07,8.429369702178807e-08
11,1448,361,11,0.36666666666666664,work,4,2.8177377798042847e-16,0.0,3.127018572678385e-08,5.960464477539063e-08,0.011504898672242695,0.039149283985628704,0.011504928998502311,0.039149342388374794,2.2431831781767838e-07,4.009492411337415e-07
11,1449,362,12,0.375,work,1,1.389512421408389e-16,0.0,0.006399212489596426,0.0316447951579173,0.012325095601163231,0.04227978702218171,0.01769011512262692,0.049739282577742516,1.808686148337008e-07,5.364418029785172e-07
11,1450,362,12,0.3833333333333333,work,2,1.389512421408389e-16,0.0,0.004265773131260154,0.021135827181587085,0.01278461000469573,0.04439784081320003,0.016303203163495584,0.04645416546823172,4.5819008060839615e-08,6.107658604359411e-07
11,1451,362,12,0.39166666666666666,work,3,1.389512421408389e-16,0.0,0.0021332438565156773,0.010588227001975275,0.013296485179132539,0.046920640768435745,0.015018708619724529,0.04641413347521994,2.7813705948368292e-08,5.161913655903584e-07
11,1452,362,12,0.4,work,4,1.389512421408389e-16,0.0,5.289683763999156e-08,1.3978528260658475e-07,0.013791198363317563,0.049218265090925174,0.013791247185811572,0.04921838282242411,1.343913598655855e-07,4.3597039098524516e-07
11,1453,363,13,0.4083333333333333,work,1,7.525101673057029e-16,0.0,0.00793676880190074,0.028299459871640086,0.014923262310624878,0.05305192092754171,0.022144636110307397,0.05102496869795317,2.11548217541078e-07,3.182017282256878e-07
11,1454,363,13,0.4166666666666667,work,2,7.525101673057029e-16,0.0,0.005289125754524098,0.018977948114365446,0.015853169209458746,0.056555414520769676,0.020614338951038876,0.05286956759678765,3.4399002735671293e-07,6.529361695112807e-07
11,1455,363,13,0.425,work,3,7.525101673057029e-16,0.0,0.002644375528976221,0.009546256366541724,0.01666975003898203,0.05978820622046653,0.0190251558711289,0.0569123439995302,2.858038542842571e-07,5.013526630777349e-07
11,1456,363,13,0.43333333333333335,work,4,7.525101673057029e-16,0.0,3.3002676170281055e-08,1.3657139822709086e-07,0.01755481248317142,0.06315827252718949,0.017554841630036948,0.06315833313700131,1.5848181476079572e-07,4.4203987640712727e-07
11,1457,364,14,0.44166666666666665,work,1,1.1464934308770758e-16,0.0,0.007272559012574367,0.035882896520061686,0.018174770198608903,0.06494747113244757,0.024520249568261855,0.046372846057796235,1.236926429940237e-07,5.161913655903584e-07
11,1458,364,14,0.45,work,2,1.1464934308770758e-16,0.0,0.004852469109963577,0.0240608632990715,0.018018906179241494,0.06488018644840665,0.0222100773350918,0.05038797168831255,1.4649460389087877e-07,4.645722290313223e-07
11,1459,364,14,0.4583333333333333,work,3,1.1464934308770758e-16,0.0,0.002429277794829004,0.012100722086451084,0.01764420584020746,0.06474648655270052,0.019709848521404557,0.056523449052911345,1.654379108779089e-07,3.345302391148161e-07
11,1460,364,14,0.4666666666666667,work,4,1.1464934308770758e-16,0.0,2.599478056625333e-08,1.264405455326821e-07,0.017336619268161976,0.06493918223172625,0.017336643282685752,0.06493923655534885,1.9223639388336865e-07,6.093099206763789e-07
11,1461,365,15,0.475,work,1,8.121767085755589e-17,0.0,0.010975902020295141,0.05395200489856223,0.015439159093015103,0.058736091372773205,0.020685034297666896,0.023699768805702577,3.1728930141020494e-07,7.408739861641004e-07
11,1462,365,15,0.48333333333333334,work,2,8.121767085755589e-17,0.0,0.007351723635864573,0.036068635207173065,0.013192185291582401,0.0517966119356494,0.0168277504827542,0.024176841852440664,2.1045138198536395e-07,7.777207106769067e-07
11,1463,365,15,0.49166666666666664,work,3,8.121767085755589e-17,0.0,0.0036931573711964697,0.018084597221221233,0.010574197818850613,0.044038028908794206,0.012364333603250989,0.02886705055267546,2.6960479402108864e-07,2.528810910653644e-07
11,1464,365,15,0.5,work,4,8.121767085755589e-17,0.0,2.11996548818633e-08,1.032382731180714e-07,0.007875706068077155,0.036337165322715984,0.007875692344331327,0.036337137934571564,2.6103559134703496e-07,4.91512492372712e-07
11,1465,366,16,0.5083333333333333,work,1,3.1031676915590914e-17,0.0,0.03367097776864774,0.08248945004067675,0.008132366201302744,0.02524731318065398,0.04138621522917452,0.0878652442580041,2.1017943169782422e-07,4.0644948771553874e-07
11,1466,366,16,0.5166666666666666,work,2,3.1031676915590914e-17,0.0,0.022268541482931302,0.05492670663613858,0.01597053795462638,0.04378678908934193,0.03751252722413604,0.08955469424931028,1.388490262646303e-07,4.256623046721735e-07
11,1467,366,16,0.525,work,3,3.1031676915590914e-17,0.0,0.011043301209262878,0.027429555865342032,0.02166104279477785,0.06050283740578479,0.03176965558403565,0.08346575376138919,2.5372513874043197e-07,4.951133646320162e-07
11,1468,366,16,0.5333333333333333,work,4,3.1031676915590914e-17,0.0,1.9824183951145782e-08,1.8371385344770487e-07,0.02496854993416841,0.07064127330548736,0.02496856393803973,0.07064134534658438,1.6157856886912888e-07,4.768371582031262e-07
11,1469,367,17,0.5416666666666666,work,1,1.3877787807814457e-16,0.0,0.015932370788246417,0.035116050960950475,0.023196599144786802,0.0622534138586119,0.03805458633339918,0.09508521522288403,9.848909812889593e-08,1.812804499357409e-07
11,1470,367,17,0.55,work,2,1.3877787807814457e-16,0.0,0.01059289235250636,0.023294121218910967,0.020983060570598042,0.05316175860931165,0.030380879330454847,0.07450580090413274,1.0665265931170634e-07,3.4882724019049525e-07
11,1471,367,17,0.5583333333333333,work,3,1.3877787807814457e-16,0.0,0.005281867058625076,0.011589493686689859,0.018369436518455295,0.044201240526369596,0.0227917348451029,0.0545412803083475,1.7587827897155945e-07,6.529361695112807e-07
11,1472,367,17,0.5666666666666667,work,4,1.3877787807814457e-16,0.0,1.0300322497625503e-08,1.1920928955078128e-07,0.015643068223966168,0.035995680339638736,0.01564305914546187,0.035995681362097624,9.507213639459765e-08,2.1073424255447025e-07
11,1473,368,18,0.575,work,1,1.1123893155135927e-16,0.0,0.009206490221405706,0.012452692274467771,0.011337035432868932,0.024172373542959952,0.017719614479963123,0.03520327508973122,1.043910928457437e-07,5.809542146211266e-07
11,1474,368,18,0.5833333333333334,work,2,1.1123893155135927e-16,0.0,0.006122455116692333,0.008456542281122189,0.007997959441721908,0.01534577845850271,0.011965532846813088,0.02310982478885309,1.1424958561931355e-07,5.967910407334822e-07
11,1475,368,18,0.5916666666666667,work,3,1.1123893155135927e-16,0.0,0.003053714350708335,0.004305891337357971,0.005568649996643069,0.00931603956580283,0.007226507030226545,0.013432386310760581,1.068692689186005e-07,4.1509831777763796e-07
11,1476,368,18,0.6,work,4,1.1123893155135927e-16,0.0,4.4249888978885524e-08,9.884312124119402e-08,0.00395449707272985,0.005736566323793353,0.003954456348854426,0.00573658769184053,2.2306676561555006e-07,8.15625916922337e-07
11,1477,369,19,0.6083333333333333,work,1,1.5871724440836618e-15,0.0,0.011949816202863141,0.017799452358578053,0.004099737540486271,0.0063325655653397065,0.01465183830886509,0.02138721424738675,1.5620085644915668e-07,8.161702118891029e-07
11,1478,369,19,0.6166666666666667,work,2,1.5871724440836618e-15,0.0,0.007976605836472753,0.012230615339264306,0.004613021034075871,0.008277887928241023,0.011541645352430541,0.016228462095894364,3.2661020359319536e-07,7.438650115936254e-07
11,1479,369,19,0.625,work,3,1.5871724440836618e-15,0.0,0.003993794674096233,0.0062994712863349645,0.005221280818316233,0.010366125160800597,0.00851203235696603,0.012953705239783753,8.70463962415241e-08,8.018984822674871e-07
11,1480,369,19,0.6333333333333333,work,4,1.5871724440836618e-15,0.0,6.205869208496463e-08,1.7881393432617193e-07,0.0058341172485890345,0.012298217751427636,0.0058341780355640315,0.012298319346396289,1.2540553215729307e-07,3.3717478808715265e-07
11,1481,370,20,0.6416666666666666,work,1,1.9540102647498285e-16,0.0,0.010488231943630374,0.016898239994756398,0.006406023370303575,0.012523374138641023,0.015991208166252265,0.014999591147405962,1.287359451648674e-07,2.68220901489258e-07
11,1482,370,20,0.65,work,2,1.9540102647498285e-16,0.0,0.0070278213769780495,0.011430801491137153,0.006796012305613346,0.012947507964510427,0.012973346699402376,0.011524928387078205,1.6590686225209178e-07,9.127493400045447e-07
11,1483,370,20,0.6583333333333333,work,3,1.9540102647498285e-16,0.0,0.0035327523832577516,0.005809850265685586,0.007071275752842951,0.013497451665346829,0.010019061039389507,0.01134822632663639,5.1656532342846485e-08,5.870376707193935e-07
11,1484,370,20,0.6666666666666666,work,4,1.9540102647498285e-16,0.0,3.5915679391750524e-08,1.1920928955078128e-07,0.0073000138994855695,0.014171974783742243,0.007299979550430603,0.01417186628626839,7.263929134267671e-08,8.349970415903331e-07
11,1485,371,21,0.675,work,1,1.2586013583571652e-16,0.0,0.010159187002336516,0.013280695725466848,0.0074224324213499416,0.013315103945405145,0.01679329472259334,0.012792657804108208,1.8360239003032623e-07,5.646734035461092e-07
11,1486,371,21,0.6833333333333333,work,2,1.2586013583571652e-16,0.0,0.006811197672895959,0.008922727828080675,0.007436518725394164,0.012949999660786773,0.013549346306472683,0.010817361674104567,1.3563023609919827e-07,2.615143176136055e-07
11,1487,371,21,0.6916666666666667,work,3,1.2586013583571652e-16,0.0,0.003425446633857181,0.0045061889891712115,0.00743357441531316,0.01304630646068203,0.01040683593428577,0.011190190369211367,1.307725375348545e-07,2.493441183966625e-07
11,1488,371,21,0.7,work,4,1.2586013583571652e-16,0.0,2.7788012626784146e-08,8.429369702178807e-08,0.007471816853446711,0.013496692191883566,0.0074718426776189065,0.013496737625254796,7.208946627251764e-08,6.576799300525787e-07
11,1489,372,22,0.7083333333333334,work,1,8.326672684688674e-17,0.0,0.009224526507315683,0.015370228546596683,0.007172586770667956,0.012385069626137387,0.01568899095870471,0.018775795217800526,1.428440516369835e-07,8.513246093443517e-07
11,1490,372,22,0.7166666666666667,work,2,8.326672684688674e-17,0.0,0.006180869633432574,0.010332401974348716,0.007021654109712113,0.012073213711970891,0.01261851380401779,0.015272416244814948,3.9067814966422813e-08,5.685920723777704e-07
11,1491,372,22,0.725,work,3,8.326672684688674e-17,0.0,0.0031062258782907294,0.005211330973244228,0.007014766425543422,0.012400256189189806,0.009762142322647334,0.013243350373845986,1.204902790487054e-07,4.1509831777763796e-07
11,1492,372,22,0.7333333333333333,work,4,8.326672684688674e-17,0.0,2.2361729483405758e-08,1.1920928955078128e-07,0.00713688705581339,0.013145696999683326,0.007136865709539777,0.013145641548523832,6.746412256525868e-08,4.655271575395269e-07
11,1493,373,23,0.7416666666666667,work,1,1.7085044840333034e-16,0.0,0.008428656658160184,0.018382851319933197,0.006997510477676016,0.013092108091988174,0.014783884180728554,0.0240117828421769,1.5580880582722923e-07,8.940696716308595e-08
11,1494,373,23,0.75,work,2,1.7085044840333034e-16,0.0,0.005643386394347071,0.012307454881224873,0.007043161754406034,0.013503103096497396,0.012191484859307404,0.019766408970211813,1.3982362916905483e-07,3.9311963195422116e-07
11,1495,373,23,0.7583333333333333,work,3,1.7085044840333034e-16,0.0,0.002833921280222466,0.006180548951710462,0.007225993335469396,0.014254063409805149,0.009764399929591296,0.01663672311013491,2.3696771614629642e-07,4.4404460268471747e-07
11,1496,373,23,0.7666666666666666,work,4,1.7085044840333034e-16,0.0,6.479721959619848e-08,1.7377590819732256e-07,0.007501993215637039,0.015201055950724022,0.007501929237860877,0.015200909633280125,7.457107603209981e-08,5.567533282121857e-07
11,1497,374,24,0.775,work,1,4.895240886109506e-16,0.0,0.009097298374882008,0.020513056250900916,0.007981606096597347,0.01665136224911298,0.016530107691731827,0.02711631408052439,4.4504205261104294e-08,5.77119491429244e-07
11,1498,374,24,0.7833333333333333,work,2,4.895240886109506e-16,0.0,0.00609958250401729,0.013748523050558265,0.008431094087891637,0.017995188521692292,0.014118440182226308,0.02335430180602468,1.9737214966546165e-07,8.492354660496184e-07
11,1499,374,24,0.7916666666666666,work,3,4.895240886109506e-16,0.0,0.0030672802935496676,0.00691234069739734,0.008830660172517494,0.01912237606346387,0.011651013212990214,0.020873379508324564,1.71449530471461e-07,3.6983709472390636e-07
11,1500,374,24,0.8,work,4,4.895240886109506e-16,0.0,5.8068649652350245e-08,1.3978528260658475e-07,0.009175670548907973,0.020056325387769764,0.009175612888067872,0.02005620769311441,8.441562625678978e-08,5.91559208669641e-07
11,1501,375,25,0.8083333333333333,work,1,1.7772239894833365e-16,0.0,0.009224534549910745,0.02310612115219866,0.009445838857672893,0.020254257319163943,0.01824671557810671,0.026412957069519533,6.623725501624958e-08,4.749708607944627e-07
11,1502,375,25,0.8166666666666667,work,2,1.7772239894833365e-16,0.0,0.006201738584851364,0.01546847702301351,0.009607716085586686,0.020492956320994873,0.015483576439330935,0.022111884288514804,2.355088242438986e-07,5.809542146211266e-07
11,1503,375,25,0.825,work,3,1.7772239894833365e-16,0.0,0.003127698690617398,0.0077714755578475615,0.009703170213054915,0.020675025934308536,0.01263365080352366,0.02012297840111104,1.7825340275625537e-07,6.322027276634131e-07
11,1504,375,25,0.8333333333333334,work,4,1.7772239894833365e-16,0.0,2.868778379284123e-08,1.1920928955078128e-07,0.009767461558339243,0.020840975786303746,0.00976749017460786,0.020841016077487687,1.314845885562628e-07,7.318275664930787e-07
11,1505,376,26,0.8416666666666667,work,1,1.6667795129466247e-16,4.2146848510894035e-08,0.009850381136746623,0.02630569165448025,0.009717644489333179,0.020611809344573594,0.019159903935724115,0.025833687046916555,2.1437645891934207e-07,6.165552397244359e-07
11,1506,376,26,0.85,work,2,1.6667795129466247e-16,4.2146848510894035e-08,0.006668242131683658,0.01770978854546331,0.009694869241220478,0.02053869495964144,0.01605830044371556,0.021311235740970273,3.527888689324298e-08,4.204134935041043e-07
11,1507,376,26,0.8583333333333333,work,3,1.6667795129466247e-16,4.2146848510894035e-08,0.003387828143016268,0.008962208635819386,0.009714899973310352,0.020565459122107017,0.012920447287938926,0.01940269582525009,1.137548118970454e-07,6.861009855998394e-07
11,1508,376,26,0.8666666666666667,work,4,1.6667795129466247e-16,4.2146848510894035e-08,2.1387506366243508e-08,1.6858739404357617e-07,0.009781165545971594,0.020708049949669696,0.009781185783960727,0.02070811265564869,1.460097748269344e-07,5.638864019043613e-07
12,1509,377,1,0.008333333333333333,startup,1,7.850462293418876e-17,0.0,0.009198586050740183,0.029677634124674706,0.0020017018191222143,0.004150157208446378,0.011041281607101466,0.029583056848759285,3.214173177928307e-07,8.596304119739573e-07
12,1510,377,1,0.016666666666666666,startup,2,7.850462293418876e-17,0.0,0.006130241523617279,0.019736400988713255,0.0032715501867373446,0.007451227866502246,0.009013585907148089,0.019575464631909043,1.4096947179771944e-07,7.31220492505155e-07
12,1511,377,1,0.025,startup,3,7.850462293418876e-17,0.0,0.003063994264752657,0.00984371688834348,0.003996092562184589,0.009520105773898934,0.006548325487438794,0.011233407065008336,3.0135388303444156e-07,1.1123095516277411e-06
12,1512,377,1,0.03333333333333333,startup,4,7.850462293418876e-17,0.0,2.2095094683771854e-08,5.960464477539063e-08,0.00444628514114785,0.010938919856426326,0.00444627126353704,0.0109388998336206,2.6997673237199876e-07,9.320077759690303e-07
12,1513,378,2,0.041666666666666664,work,1,5.551115123125783e-17,0.0,0.005823029368550968,0.020612613225589292,0.0052180210408843755,0.013214478480994805,0.009834027100451241,0.012107992134551396,3.1050823662869416e-07,4.693274422891038e-07
12,1514,378,2,0.05,work,2,5.551115123125783e-17,0.0,0.0038784841194059835,0.013714568435747356,0.006662904540010316,0.01689107082138042,0.008714414245497085,0.00824047787859672,3.206940580653453e-07,6.951036327892935e-07
12,1515,378,2,0.058333333333333334,work,3,5.551115123125783e-17,0.0,0.001937483217253911,0.006843657253643864,0.008459989261978546,0.02140288989767666,0.00893931012736322,0.01590514969784925,4.331228393577228e-07,7.444617746351282e-07
12,1516,378,2,0.06666666666666667,work,4,5.551115123125783e-17,0.0,9.462049913052488e-09,0.0,0.010355021285698806,0.02614078189422045,0.010355030584455702,0.026140788350475792,1.79775313931753e-07,8.007901217069919e-07
12,1517,379,3,0.075,work,1,1.2719202621569003e-16,0.0,0.006074298400651525,0.022100428040375767,0.012552567883716158,0.03176396300621722,0.014744586109270628,0.019068974325467482,2.8205073536567326e-07,6.976544803809931e-07
12,1518,379,3,0.08333333333333333,work,2,1.2719202621569003e-16,0.0,0.0040467125996653044,0.014697105418717297,0.013042398286897303,0.03605059807643135,0.014248668867774828,0.026633179643469142,3.0481623825999884e-07,7.24509106942611e-07
12,1519,379,3,0.09166666666666666,work,3,1.2719202621569003e-16,0.0,0.0020219667624985214,0.00733033687882007,0.011995010112805333,0.03645417548947487,0.012631270765179912,0.03153715334826965,3.2985584025032223e-07,3.3585511653377587e-07
12,1520,379,3,0.1,work,4,1.2719202621569003e-16,0.0,1.8914347466082402e-08,4.2146848510894035e-08,0.011505209403416504,0.034055056332760375,0.011505225244176237,0.034055013170568,3.1168924940607033e-07,4.805480091749769e-07
12,1521,380,4,0.10833333333333334,work,1,1.3018518929051675e-16,0.0,0.006098763834672198,0.02449663326491297,0.011212877720992335,0.03265294531877448,0.014684687716921774,0.01406376263648326,3.980689600298094e-07,7.633118912497625e-07
12,1522,380,4,0.11666666666666667,work,2,1.3018518929051675e-16,0.0,0.004066856741580862,0.016297566761955946,0.010931475710079566,0.03159373466594489,0.013095572676581397,0.017776329479155098,3.2559060850811577e-07,8.719407819704955e-07
12,1523,380,4,0.125,work,3,1.3018518929051675e-16,0.0,0.002033953052447612,0.008132214830459783,0.009932231966124494,0.03093971827247236,0.011007960612108934,0.02405206349050128,3.763981648927037e-07,9.310543150790602e-07
12,1524,380,4,0.13333333333333333,work,4,1.3018518929051675e-16,0.0,1.3527020256319087e-08,8.429369702178807e-08,0.009185531303030028,0.02846573883363419,0.009185538519033311,0.028465820489655878,3.8554748109853246e-07,1.1733186057227737e-06
12,1525,381,5,0.14166666666666666,work,1,7.850462293418876e-17,2.9802322387695312e-08,0.005884288049811347,0.02901267338244865,0.00836237075892749,0.025692345214215206,0.01224266460059098,0.008078524281377222,2.7801538392831516e-07,5.794233708150282e-07
12,1526,381,5,0.15,work,2,7.850462293418876e-17,2.9802322387695312e-08,0.003926746653322703,0.019327764099445886,0.007881033913779133,0.02387640263037649,0.010312280253371586,0.0072493557067653406,2.3484650317584034e-07,6.093099206763789e-07
12,1527,381,5,0.15833333333333333,work,3,7.850462293418876e-17,2.9802322387695312e-08,0.001965320528259226,0.009656767792837915,0.007671943897182933,0.022928230010568717,0.008726824399058811,0.01372786820845782,3.64769815186835e-07,9.300998767809495e-07
12,1528,381,5,0.16666666666666666,work,4,7.850462293418876e-17,2.9802322387695312e-08,2.4769489822525374e-08,8.940696716308595e-08,0.0075572316999605186,0.02258689222908812,0.007557236243067058,0.02258682750613037,2.4745989211473945e-07,7.638934622988924e-07
12,1529,382,6,0.175,work,1,1.0385185452638061e-16,0.0,0.005372182349687961,0.03064310870241436,0.007234111967803506,0.021728160035214914,0.010661258277574765,0.012907289209443468,1.3753231335586794e-07,1.931411236050088e-07
12,1530,382,6,0.18333333333333332,work,2,1.0385185452638061e-16,0.0,0.003585676101813073,0.020428020170807894,0.007135800648187503,0.02115617635492304,0.00915250619157948,0.0071812689462037735,2.5391997547852073e-07,3.39798755973321e-07
12,1531,382,6,0.19166666666666665,work,3,1.0385185452638061e-16,0.0,0.0017949312495248123,0.010213504415694984,0.007133919155477159,0.020859724664824553,0.007961300950709274,0.01156995411113492,1.40938107972661e-07,4.878850443287176e-07
12,1532,382,6,0.2,work,4,1.0385185452638061e-16,0.0,8.56468990073721e-09,0.0,0.0070258906313582425,0.020468043203358786,0.007025898828316248,0.020468051870259286,9.45483873196696e-08,3.264680847556393e-07
12,1533,383,7,0.20833333333333334,work,1,2.435541875787129e-16,0.0,0.00517016062286921,0.030357563211612076,0.006461064355002615,0.018721524931728736,0.008973257243967206,0.016612055947269506,3.520142690779005e-07,1.504353220954449e-06
12,1534,383,7,0.21666666666666667,work,2,2.435541875787129e-16,0.0,0.003450397129933079,0.020240134531423228,0.00623839996895176,0.017472081591226898,0.00764640113040562,0.010079762725603514,3.2410106255471503e-07,8.167141441133509e-07
12,1535,383,7,0.225,work,3,2.435541875787129e-16,0.0,0.0017270084490652086,0.010120823959081279,0.006240496344737811,0.01713560371496646,0.006738296786271938,0.0098693784098563,1.5382024044535678e-07,7.77149487161957e-07
12,1536,383,7,0.23333333333333334,work,4,2.435541875787129e-16,0.0,9.239868352779448e-09,7.300048299977715e-08,0.006318426509296563,0.017090487616204516,0.0063184254764536985,0.017090434203379207,1.977708872610846e-07,6.710487752674672e-07
12,1537,384,8,0.24166666666666667,work,1,5.595778051425903e-15,0.0,0.005671004688277292,0.03076945528503368,0.005705028394698138,0.015617615253657452,0.007025494570283019,0.020586156182972742,5.179803842136345e-07,1.310624684530283e-06
12,1538,384,8,0.25,work,2,5.595778051425903e-15,0.0,0.003784383958249883,0.020511747730804726,0.005359908290202893,0.01483940350775298,0.005761982426240795,0.012476898270698504,4.3766970256824143e-07,9.320077759690303e-07
12,1539,384,8,0.2583333333333333,work,3,5.595778051425903e-15,0.0,0.0018940381820195056,0.010255183583164684,0.005170294003148166,0.01494660792659094,0.005046329941084335,0.009160324052911926,3.7362826492634254e-07,5.397430144630339e-07
12,1540,384,8,0.26666666666666666,work,4,5.595778051425903e-15,0.0,3.361327447244267e-08,1.032382731180714e-07,0.005033347751439231,0.015446181155658548,0.00503335792264049,0.015446119954771366,4.33100840817442e-07,6.488424854599636e-07
12,1541,385,9,0.275,work,1,1.2719202621569003e-16,0.0,0.005651992496513388,0.033270151674343246,0.004217249487060224,0.014913449916202677,0.00499108417229431,0.023700129906897287,4.6223470214575625e-07,8.960542904360911e-07
12,1542,385,9,0.2833333333333333,work,2,1.2719202621569003e-16,0.0,0.003768276739162198,0.02216953621486232,0.003632674519997088,0.015081229024568247,0.0036404008122187825,0.013815764811914433,2.472012280083239e-07,4.539354506649926e-07
12,1543,385,9,0.2916666666666667,work,3,1.2719202621569003e-16,0.0,0.00188429749920774,0.011079443060501702,0.003179536852235733,0.016515451105163382,0.002747494181309483,0.00991595071845807,2.02101042207454e-07,4.400260168383548e-07
12,1544,385,9,0.3,work,4,1.2719202621569003e-16,0.0,1.7301857370205903e-08,9.424321830774485e-08,0.0028334727967190953,0.0178789502345831,0.002833461557376142,0.017879022056089853,2.663786569197504e-07,6.364034564513776e-07
12,1545,386,10,0.30833333333333335,work,1,5.551115123125783e-17,0.0,0.0036901070603848228,0.03006327618808917,0.0024758758549644788,0.01911736667446231,0.0020888923822061085,0.016997971388701193,1.9410713005822764e-07,6.151130032703392e-07
12,1546,386,10,0.31666666666666665,work,2,5.551115123125783e-17,0.0,0.00245312386842902,0.020029132750042426,0.0024041857915783876,0.020214673396341504,0.0011854973742140317,0.009775923779038928,2.2760835463408542e-07,7.603973640306681e-07
12,1547,386,10,0.325,work,3,5.551115123125783e-17,0.0,0.0012231332218479486,0.010007968437173394,0.002408920455662645,0.02148904701429131,0.0014411306942242138,0.013212238625918638,2.2769566411138311e-07,5.161913655903584e-07
12,1548,386,10,0.3333333333333333,work,4,5.551115123125783e-17,0.0,1.2560750704029489e-08,6.664001874625056e-08,0.00257831762992571,0.021023672128739034,0.0025783222407461657,0.021023664592462375,4.002942200307589e-07,8.355287175700836e-07
12,1549,387,11,0.3416666666666667,work,1,8.326672684688674e-17,0.0,0.004972828680609927,0.03394353690314192,0.003365681255581026,0.02106132180283501,0.005216856087547224,0.017771814488000432,2.322287376018006e-07,4.3495057580847895e-07
12,1550,387,11,0.35,work,2,8.326672684688674e-17,0.0,0.003319714792992282,0.022631683781274135,0.004378568887585171,0.022965464414616055,0.005009415694180459,0.012567325726267954,2.742338167520528e-07,3.6256089987148215e-07
12,1551,387,11,0.35833333333333334,work,3,8.326672684688674e-17,0.0,0.0016622226917052969,0.011316988970386037,0.005153263957518726,0.026264418239145146,0.005167887325874445,0.018108558032607764,2.7894103185108146e-07,8.596304119739573e-07
12,1552,387,11,0.36666666666666664,work,4,8.326672684688674e-17,0.0,1.6394187295182725e-08,5.960464477539063e-08,0.005511183475258991,0.02938114679316873,0.005511197394714427,0.02938119155985015,1.5549423960603545e-07,6.623897186187795e-07
12,1553,388,12,0.375,work,1,2.3263411494723067e-16,0.0,0.006782358079490019,0.03509561352872126,0.005383893568983054,0.030834359017450602,0.007891763362505771,0.019793488916090566,3.919952651340347e-07,1.1014770634518005e-06
12,1554,388,12,0.3833333333333333,work,2,2.3263411494723067e-16,0.0,0.004529465085879265,0.02340264075016167,0.005244560600945757,0.03188144986742353,0.006418068093134181,0.018152267213676482,3.072907312691376e-07,7.202056630608224e-07
12,1555,388,12,0.39166666666666666,work,3,2.3263411494723067e-16,0.0,0.002268760020423754,0.011704101167454935,0.005098071479221334,0.032940026658532635,0.00528180433760297,0.024145437101323435,1.598969047823028e-07,6.00500156867801e-07
12,1556,388,12,0.4,work,4,2.3263411494723067e-16,0.0,2.121215459891298e-08,6.664001874625056e-08,0.004927987136250488,0.034632684468981836,0.004927974241118993,0.03463266117297518,3.6313738479686434e-07,8.139908482878063e-07
12,1557,389,13,0.4083333333333333,work,1,1.2719202621569003e-16,0.0,0.00593341855223025,0.030196321695579474,0.004709114395035011,0.03815851565677559,0.006432818128181702,0.01845598461562722,2.56270343764346e-07,9.377081824870359e-07
12,1558,389,13,0.4166666666666667,work,2,1.2719202621569003e-16,0.0,0.003961443748919004,0.02012979885215596,0.004418933739323509,0.04104340969936425,0.004938628766412595,0.025080742888056236,3.878144118730597e-07,7.586432731960971e-07
12,1559,389,13,0.425,work,3,1.2719202621569003e-16,0.0,0.0019836685036665504,0.010064458690050952,0.004091498077648953,0.0436596774308524,0.0039838300627767645,0.03502877758842877,3.9259980976223087e-07,7.839767001847022e-07
12,1560,389,13,0.43333333333333335,work,4,1.2719202621569003e-16,0.0,1.1052277219386451e-08,4.2146848510894035e-08,0.003812088589622214,0.045614929408171086,0.003812084227474819,0.045614897607534455,3.6877439596206055e-07,1.0819515502853137e-06
12,1561,390,14,0.44166666666666665,work,1,1.594436429147036e-16,0.0,0.0043907135734859324,0.029526038588115325,0.0044901602694387074,0.04793801654475526,0.007045474826017578,0.03462039609401872,4.72520226471807e-07,1.297000357329209e-06
12,1562,390,14,0.45,work,2,1.594436429147036e-16,0.0,0.0029362441672372507,0.019700592952653757,0.005341151131850577,0.04940708424025338,0.006713564712795008,0.038939060759571896,2.3708043474511698e-07,6.690604782296345e-07
12,1563,390,14,0.4583333333333333,work,3,1.594436429147036e-16,0.0,0.0014727692517560948,0.00985859587106815,0.006187965898728168,0.05108040058639341,0.006698261514640484,0.04526680320285416,3.1843765362777227e-07,8.074174633112048e-07
12,1564,390,14,0.4666666666666667,work,4,1.594436429147036e-16,0.0,2.5608478620579017e-08,1.3328003749250115e-07,0.006983118143868836,0.052355305034821206,0.006983140062095432,0.052355412585578597,2.588179014007814e-07,6.384934570082617e-07
12,1565,391,15,0.475,work,1,1.576213700060856e-16,0.0,0.01031938863580449,0.04234373837226447,0.00989007197913528,0.05426796157890139,0.019155059455936915,0.05644418736611274,2.2244677532028188e-07,5.479090306416241e-07
12,1566,391,15,0.48333333333333334,work,2,1.576213700060856e-16,0.0,0.0069001914990773116,0.028265777415221686,0.012601117550466657,0.05831894268315697,0.018456732839537398,0.0576433699153523,2.7508145433096233e-07,4.2670431921709716e-07
12,1567,391,15,0.49166666666666664,work,3,1.576213700060856e-16,0.0,0.0034603990660476637,0.014151040480902353,0.015024651327733115,0.06268395102242325,0.01773679390358097,0.06137131400472168,1.4979950331895007e-07,4.1187628987685676e-07
12,1568,391,15,0.5,work,4,1.576213700060856e-16,0.0,2.099602477163721e-08,8.429369702178807e-08,0.01710701457402149,0.06676740155997714,0.01710702634831937,0.06676737096794165,2.2243385565769696e-07,3.097148193542145e-07
12,1569,392,16,0.5083333333333333,work,1,1.4946834900704541e-16,0.0,0.01524973260945308,0.042057935701185246,0.021043761571501913,0.0764487075864571,0.03542148680892483,0.0866689597874296,3.0331362065889347e-07,3.9872789860545616e-07
12,1570,392,16,0.5166666666666666,work,2,1.4946834900704541e-16,0.0,0.01017184467478217,0.027976676750499575,0.02418919272000794,0.08395651795883521,0.033531381118563346,0.08910563347077415,2.2004934627292664e-07,8.25906184944577e-07
12,1571,392,16,0.525,work,3,1.4946834900704541e-16,0.0,0.00508837145426877,0.013957136091108178,0.026485573136326927,0.08935618876095876,0.03102643875201493,0.09113749994118318,1.4409652714895617e-07,2.7957056521316965e-07
12,1572,392,16,0.5333333333333333,work,4,1.4946834900704541e-16,0.0,1.597468454528333e-08,5.960464477539063e-08,0.02795688490936948,0.09265874588706528,0.02795689729577271,0.0926588096841177,2.1982021519739992e-07,4.558878702157255e-07
12,1573,393,17,0.5416666666666666,work,1,5.551115123125783e-17,0.0,0.014936017248827631,0.02998929720662504,0.02923785871917741,0.09661380912990908,0.04328615045301053,0.1083355949635472,3.030587058215618e-07,9.267516020218343e-07
12,1574,393,17,0.55,work,2,5.551115123125783e-17,0.0,0.009950744783732491,0.019934912101019657,0.029816210961785487,0.09737962814283929,0.03905447617751883,0.10453371956293762,1.9869410682920376e-07,5.740332688170161e-07
12,1575,393,17,0.5583333333333333,work,3,5.551115123125783e-17,0.0,0.004971951774135821,0.009938333810449979,0.02975325631374374,0.09619331407854806,0.03430333563406905,0.09942753892580639,3.047595392225304e-07,7.052516678690489e-07
12,1576,393,17,0.5666666666666667,work,4,5.551115123125783e-17,0.0,2.7341584222113602e-08,4.2146848510894035e-08,0.02916201663841863,0.09370631404976269,0.02916199569014382,0.0937062629648538,2.4757697080846904e-07,6.570043469979972e-07
12,1577,394,18,0.575,work,1,1.3597399555105182e-16,0.0,0.013096394536500926,0.021704930319680443,0.0279944551433555,0.09066544429567236,0.03979434965278158,0.10308959519922259,2.123776059090706e-07,5.101335873789709e-07
12,1578,394,18,0.5833333333333334,work,2,1.3597399555105182e-16,0.0,0.008713699601855909,0.014449414200736456,0.026695221329468406,0.08649817878986465,0.03447200437439257,0.09435330616442841,3.9056419842720346e-07,1.3311333319024864e-06
12,1579,394,18,0.5916666666666667,work,3,1.3597399555105182e-16,0.0,0.004348164028110571,0.007214317798637008,0.025249213712213354,0.08192646912795035,0.029071880239108516,0.08562249219619751,2.713076435875765e-07,8.502806793264874e-07
12,1580,394,18,0.6,work,4,1.3597399555105182e-16,0.0,2.9673678486577678e-08,7.884953353001448e-08,0.02371164024874387,0.07723481981039408,0.023711618402698413,0.07723478505359385,7.358700839780476e-08,8.434636412909633e-07
12,1581,395,19,0.6083333333333333,work,1,1.0007415106216802e-16,0.0,0.011367480098644448,0.018740433199156175,0.022262195882447575,0.07362034052580187,0.03270525052200783,0.08327449517199985,9.940411399806084e-08,8.264437093652574e-07
12,1582,395,19,0.6166666666666667,work,2,1.0007415106216802e-16,0.0,0.007562739146994844,0.012498443253432053,0.02087858105512485,0.06937773782209639,0.0277516160168011,0.075211464972777,9.29872115377542e-08,9.527425386396606e-07
12,1583,395,19,0.625,work,3,1.0007415106216802e-16,0.0,0.0037735431084462505,0.006251560282151672,0.01953924397663006,0.06513905615086646,0.022913447678077722,0.0677376850621794,1.2163107339574003e-07,5.519467347101031e-07
12,1584,395,19,0.6333333333333333,work,4,1.0007415106216802e-16,0.0,2.6616614860040374e-08,8.429369702178807e-08,0.018275061907799,0.061158535298177635,0.01827504080406281,0.061158463998485124,3.1116736237307255e-07,7.287871396921605e-07
12,1585,396,20,0.6416666666666666,work,1,1.8410966031475738e-16,0.0,0.009208042900594822,0.017717714982341124,0.016940703233551513,0.05776839967463756,0.025598567160547234,0.06556487965172263,4.805559465470612e-07,1.2587733317579762e-06
12,1586,396,20,0.65,work,2,1.8410966031475738e-16,0.0,0.006131999751751203,0.011823073050442204,0.015763023270249046,0.05419353334519039,0.02145628431359745,0.058806378671786556,1.5701462560781848e-07,2.9351883535969594e-07
12,1587,396,20,0.6583333333333333,work,3,1.8410966031475738e-16,0.0,0.003062638213154539,0.005917243323080453,0.014748953243244956,0.05092224789845388,0.017549979088894607,0.05290403730372467,2.6017026026523134e-07,6.078504936209683e-07
12,1588,396,20,0.6666666666666666,work,4,1.8410966031475738e-16,0.0,9.396974080939058e-09,5.960464477539063e-08,0.013918727563995847,0.048143635785096166,0.013918720848711291,0.04814358747657669,3.088803767117958e-07,6.488424854599636e-07
12,1589,397,21,0.675,work,1,1.2719202621569003e-16,0.0,0.009474398603213795,0.018042855156147813,0.013502272478112105,0.04665710345219379,0.02244959228827654,0.05109611562190757,3.750675452237311e-07,1.2990531157078593e-06
12,1590,397,21,0.6833333333333333,work,2,1.2719202621569003e-16,0.0,0.006312273609734604,0.012050151175308978,0.01322103663796333,0.04542091135472301,0.019137318563275177,0.047798906510523015,3.18315196878052e-07,6.597025281542168e-07
12,1591,397,21,0.6916666666666667,work,3,1.2719202621569003e-16,0.0,0.003154156072997123,0.0060358432855977875,0.01306030121176168,0.04449177474426675,0.015987796491961446,0.045361455779529596,4.4516111971843564e-07,9.821210535338073e-07
12,1592,397,21,0.7,work,4,1.2719202621569003e-16,0.0,9.376998887019207e-09,8.429369702178807e-08,0.013013223590898739,0.04386056803413349,0.013013232776936895,0.04386065232647232,2.5537610729449807e-07,6.623897186187795e-07
12,1593,398,22,0.7083333333333334,work,1,6.206335383118183e-17,0.0,0.010647290488573295,0.01756574366501261,0.013415931573998594,0.04440827144977572,0.02359500387521114,0.04919832923330499,2.419962904796206e-07,5.511415603431162e-07
12,1594,398,22,0.7166666666666667,work,2,6.206335383118183e-17,0.0,0.00709546648247448,0.011746118146335228,0.013826015872680257,0.04496681907245084,0.02057212762459834,0.04770169926415272,2.5824164647203055e-07,6.822063411628993e-07
12,1595,398,22,0.725,work,3,6.206335383118183e-17,0.0,0.003546356781775202,0.005890752256260069,0.014216211613478384,0.04549153414499837,0.01756032757279169,0.04659952257704959,7.038433534666027e-08,7.55122867782116e-07
12,1596,398,22,0.7333333333333333,work,4,6.206335383118183e-17,0.0,1.4067176393464321e-08,5.16191365590357e-08,0.014575632028728263,0.045909286089965334,0.01457562328085414,0.04590924346470881,2.6130154551353234e-07,9.821210535338073e-07
12,1597,399,23,0.7416666666666667,work,1,6.206335383118183e-17,0.0,0.00998682752684127,0.016605319225932856,0.014720026670393752,0.04581446233147459,0.024335264154390416,0.05306348995514037,3.1179079730147744e-07,6.9125971226354e-07
12,1598,399,23,0.75,work,2,6.206335383118183e-17,0.0,0.0066578088524455355,0.011100320397860446,0.014823870293888892,0.045613356922294526,0.021191594064096382,0.05001150122411349,2.6278271276459363e-07,8.663202437012641e-07
12,1599,399,23,0.7583333333333333,work,3,6.206335383118183e-17,0.0,0.0033289002164705547,0.005565131977866783,0.01490400513642096,0.045323467184546086,0.0180626690412125,0.047274509334920764,1.648593038148997e-07,7.214378378933829e-07
12,1600,399,23,0.7666666666666666,work,4,6.206335383118183e-17,0.0,1.3180952751484461e-08,5.960464477539063e-08,0.01496673102307124,0.0450266415913013,0.014966737939806582,0.04502662912054754,3.263650651587349e-07,8.734673791976548e-07
12,1601,400,24,0.775,work,1,2.7755575615628914e-17,0.0,0.009662817812548435,0.01942481152859896,0.014958744014855738,0.04472360436874352,0.024233824017910185,0.05608306986124272,3.114467248553426e-07,8.585965806775119e-07
12,1602,400,24,0.7833333333333333,work,2,2.7755575615628914e-17,0.0,0.006443142793669188,0.012972665468084975,0.014954301411449914,0.044264161610873674,0.021107682053540914,0.0512847030044198,1.2927644533227144e-07,5.701519986900406e-07
12,1603,400,24,0.7916666666666666,work,3,2.7755575615628914e-17,0.0,0.0032221889827936602,0.0064977528848647464,0.014947705424618303,0.043793006671934295,0.01800272882722538,0.04698778291517851,2.830616141032195e-07,5.110033809984414e-07
12,1604,400,24,0.8,work,4,2.7755575615628914e-17,0.0,2.609668006467078e-08,4.2146848510894035e-08,0.014938754929101987,0.04334556135701434,0.014938772368482553,0.04334558896313624,2.4112885375592345e-07,4.031583445807906e-07
12,1605,401,25,0.8083333333333333,work,1,5.551115123125783e-17,0.0,0.009691339812954714,0.023022560789347946,0.014985726228946582,0.043269351284595234,0.024244486279550694,0.058171012475923815,3.1758210309875316e-07,7.1027131604034e-07
12,1606,401,25,0.8166666666666667,work,2,5.551115123125783e-17,0.0,0.006463630319280273,0.015365341514443973,0.015022291128732199,0.04292647408992873,0.021165245273157097,0.05215310592440592,1.9241231789848305e-07,6.322027276634131e-07
12,1607,401,25,0.825,work,3,5.551115123125783e-17,0.0,0.0032332081532803715,0.007691263781506658,0.015035346861571836,0.04252101579719572,0.018082750228267778,0.04672459220541365,2.802056186085534e-07,8.632390712475986e-07
12,1608,401,25,0.8333333333333334,work,4,5.551115123125783e-17,0.0,2.4681399094074953e-08,1.032382731180714e-07,0.015027307640929105,0.04210093666608467,0.015027328449928868,0.04210103922793825,3.616614335797941e-07,9.938080311139369e-07
12,1609,402,26,0.8416666666666667,work,1,1.1443916996305594e-16,0.0,0.010009213530280444,0.025989089690501697,0.01511682809599899,0.0421326732280214,0.024646660737069764,0.06001771020020356,2.1021426652881568e-07,4.860611686199943e-07
12,1610,402,26,0.85,work,2,1.1443916996305594e-16,0.0,0.006676667462415837,0.017344201037651618,0.01516985966047452,0.04190118693337941,0.021479445360483688,0.053114233091277115,1.2194040569165638e-07,4.4404460268471747e-07
12,1611,402,26,0.8583333333333333,work,3,1.1443916996305594e-16,0.0,0.00334031025006272,0.008681251269363319,0.015183851166157744,0.04157169080628061,0.018306358638746464,0.04674165409470683,2.3561495732653865e-07,5.748063779469126e-07
12,1612,402,26,0.8666666666666667,work,4,1.1443916996305594e-16,0.0,1.1790184039359938e-08,2.9802322387695312e-08,0.015164862570911262,0.041186698122344975,0.015164856345174336,0.04118667935561422,2.2952655328642473e-07,7.77149487161957e-07
12,1613,403,27,0.875,work,1,1.1443916996305594e-16,0.0,0.009829068122003848,0.02610940426393976,0.015080172554053561,0.04074171349373015,0.024409498805053442,0.05897322214357544,1.5113426159189217e-07,2.980232238769534e-07
12,1614,403,27,0.8833333333333333,work,2,1.1443916996305594e-16,0.0,0.006559240780060573,0.01742551694678443,0.01496619895765724,0.04014009522129841,0.021135609289746234,0.05161285261573764,1.883814228535992e-07,3.6983709472390636e-07
12,1615,403,27,0.8916666666666666,work,3,1.1443916996305594e-16,0.0,0.0032829247690342586,0.008722490100043076,0.014837813515155649,0.03950991817759856,0.017888617067461934,0.04481030086138756,2.143863875079162e-07,5.187659020879644e-07
12,1616,403,27,0.9,work,4,1.1443916996305594e-16,0.0,1.3144560939424892e-08,5.960464477539063e-08,0.014707726662335672,0.03889919223374072,0.01470773405557228,0.03889922299134499,2.3070404042458324e-07,6.886851792509198e-07
12,1617,404,28,0.9083333333333333,work,1,1.942890293094024e-16,0.0,0.009433319317179462,0.024170912761688774,0.014479581891663674,0.03809167257524453,0.023436338383850636,0.054656390226117756,2.195499468467716e-07,7.426700469480267e-07
12,1618,404,28,0.9166666666666666,work,2,1.942890293094024e-16,0.0,0.006298859542850629,0.01613433055533412,0.014253042803064116,0.03725370369315426,0.020178181979200085,0.04766677863169605,1.4775815151066109e-07,2.889442358861168e-07
12,1619,404,28,0.9249999999999999,work,3,1.942890293094024e-16,0.0,0.0031544854002773137,0.008077566147096302,0.01405146711480501,0.03649054180464303,0.016984597245471453,0.04128545304286153,1.522627396069572e-07,4.740349567111404e-07
12,1620,404,28,0.9333333333333333,work,4,1.942890293094024e-16,0.0,8.837317043751427e-09,4.2146848510894035e-08,0.013888787552693634,0.03587958772227715,0.01388878268282808,0.03587955807289863,8.00344233398896e-08,3.332000937312532e-07
12,1621,405,29,0.9416666666666667,work,1,1.2412670766236366e-16,0.0,0.008833203130189772,0.02079501555959821,0.013579032268218619,0.03485910783998435,0.021967368092836247,0.04814045222350849,1.5923123501609589e-07,3.769728732309799e-07
12,1622,405,29,0.95,work,2,1.2412670766236366e-16,0.0,0.005900970314432379,0.013881004555489245,0.013314455936928768,0.03396813827484296,0.01887073217342498,0.04223721793071186,2.2146785226102e-07,6.899736465686728e-07
12,1623,405,29,0.9583333333333334,work,3,1.2412670766236366e-16,0.0,0.0029566365404951256,0.0069495787313618345,0.01311699636503994,0.03327789786305464,0.01587207881457718,0.037037812789022295,1.9450629639679036e-07,5.26413969178669e-07
12,1624,405,29,0.9666666666666667,work,4,1.2412670766236366e-16,0.0,6.456004820037817e-09,5.16191365590357e-08,0.012995833805807936,0.032808453606847386,0.01299583632324674,0.03280848589978402,1.8996070760668246e-07,4.256623046721735e-07
12,1625,406,30,0.975,work,1,1.8619006149354548e-16,0.0,0.00801483033258279,0.017500394795926404,0.01268481093805893,0.03179900006307701,0.020294895624261126,0.04132629973687209,4.334254427654722e-08,4.214684851089411e-07
12,1626,406,30,0.9833333333333333,work,2,1.8619006149354548e-16,0.0,0.005355355583596537,0.011678980851322199,0.012463997536691845,0.031088916063390704,0.01750735166129928,0.03690449862555245,2.290191960213659e-07,5.740332688170161e-07
12,1627,406,30,0.9916666666666667,work,3,1.8619006149354548e-16,0.0,0.002683797539053513,0.005845691798822399,0.01234364929810961,0.030655722457743916,0.014846265729647323,0.033229169039048156,9.080139763844613e-08,6.809031759974908e-07
12,1628,406,30,1.0,work,4,1.8619006149354548e-16,0.0,8.032224330590895e-09,0.0,0.012320878722537381,0.03048403979277017,0.012320885390968256,0.03048403968438061,1.6751199681731796e-07,2.493441183966625e-07
12,1629,407,31,1.0083333333333333,work,1,1.2412670766236366e-16,4.2146848510894035e-08,0.007142208477449149,0.01479061656419009,0.012110533358271582,0.02977166658166614,0.018942770530555465,0.036672224137201774,1.524461188539947e-07,3.039252468104833e-07
12,1630,407,31,1.0166666666666666,work,2,1.2412670766236366e-16,4.2146848510894035e-08,0.004772044962456536,0.009870884904719263,0.012002334890157253,0.029440584670161963,0.016531076683179248,0.033611916529858434,1.7454966714363497e-07,2.8115454709698594e-07
12,1631,407,31,1.025,work,3,1.2412670766236366e-16,4.2146848510894035e-08,0.002391349407479658,0.004940885487600375,0.01199691135372547,0.02937829934242037,0.014247143584495999,0.031197979579517032,1.7260629268719328e-07,2.528810910653644e-07
12,1632,407,31,1.0333333333333332,work,4,1.2412670766236366e-16,4.2146848510894035e-08,7.645137000618604e-09,4.2146848510894035e-08,0.012083339479284952,0.029542234572640033,0.012083335215372495,0.02954224401675519,2.8303551096412375e-07,5.380949403425408e-07
12,1633,408,32,1.0416666666666667,work,1,9.614813431917819e-17,4.2146848510894035e-08,0.006446180441450823,0.012350838043971154,0.01201323506410165,0.029211767243724242,0.018229554518445552,0.03398651203737037,1.847468547474672e-07,3.8857474358097666e-07
12,1634,408,32,1.05,work,2,9.614813431917819e-17,4.2146848510894035e-08,0.004305080119690624,0.00824163311431713,0.012018787833163524,0.02922300936836344,0.016145839921063748,0.03204120640965162,2.5421202269325525e-07,3.9085379387748307e-07
12,1635,408,32,1.0583333333333333,work,3,9.614813431917819e-17,4.2146848510894035e-08,0.002156371444682145,0.0041248729240539374,0.012099426902098694,0.029438169369350058,0.014155213104333216,0.030636524477026302,2.485484257977729e-07,3.6983709472390636e-07
12,1636,408,32,1.0666666666666667,work,4,9.614813431917819e-17,4.2146848510894035e-08,6.993237932736806e-09,0.0,0.01224698475013884,0.029811309959302233,0.012246991009990734,0.029811338772836524,1.9816544566656183e-07,1.7377590819732256e-07
12,1637,409,33,1.075,work,1,1.3597399555105182e-16,0.0,0.0059655228749754385,0.010524642677306573,0.0122682266374816,0.029739578068397256,0.018062287836454423,0.032514880698504015,2.961267866044237e-07,4.2357058535671e-07
12,1638,409,33,1.0833333333333333,work,2,1.3597399555105182e-16,0.0,0.003981985494055311,0.007019344422381626,0.012334291040691144,0.029932833182123836,0.016189691966426535,0.03145658839162848,2.0328172339542768e-07,4.693274422891038e-07
12,1639,409,33,1.0916666666666666,work,3,1.3597399555105182e-16,0.0,0.001993473750815967,0.0035111428780092223,0.012448975350294218,0.030269682050412396,0.01437372546334639,0.030859844416990287,8.906724113179527e-08,3.964941112890867e-07
12,1640,409,33,1.1,work,4,1.3597399555105182e-16,0.0,1.6583804119071913e-08,8.429369702178807e-08,0.012608040259159377,0.030718538420325493,0.012608027187124143,0.030718471490568798,2.8249536085254934e-08,7.342508432123058e-07
12,1641,410,34,1.1083333333333334,work,1,1.2412670766236366e-16,0.0,0.005632000499603716,0.009168062162203788,0.01266815493642724,0.030848991544724546,0.01819822652674556,0.03211902335700628,7.437796725681767e-08,5.057621821307297e-07
12,1642,410,34,1.1166666666666667,work,2,1.2412670766236366e-16,0.0,0.00375736869093944,0.00611542800407737,0.012756296903471862,0.031199965543634592,0.01643971259991469,0.03179339965740818,1.5521642402116813e-07,3.6133395591325035e-07
12,1643,410,34,1.125,work,3,1.2412670766236366e-16,0.0,0.0018800412074860904,0.003059475529736414,0.012875239024321751,0.031645572222578564,0.014715860121888889,0.031815737400180705,2.4361002925908583e-07,8.800520336767149e-07
12,1644,410,34,1.1333333333333333,work,4,1.2412670766236366e-16,0.0,5.6282798873277286e-09,8.429369702178807e-08,0.01302062945698502,0.03214597438533594,0.013020625657073367,0.03214600938609903,1.2330426245276098e-07,7.492187672839527e-07
12,1645,411,35,1.1416666666666666,work,1,1.2412670766236366e-16,0.0,0.005090371469855275,0.007181595479325528,0.012956524440748709,0.031941425046933244,0.017980847771414336,0.031745493623324475,1.1178552124125586e-07,4.318766816314896e-07
12,1646,411,35,1.15,work,2,1.2412670766236366e-16,0.0,0.0033943262497792685,0.0047885603278728425,0.012936087717067586,0.03199297909994326,0.016283919496850874,0.031701537634003095,3.4532481069998835e-07,4.933162140025762e-07
12,1647,411,35,1.1583333333333332,work,3,1.2412670766236366e-16,0.0,0.0016975525079462675,0.002394729979329165,0.012964740597477285,0.03218873858748438,0.014637933515899863,0.03196440076961436,1.2859316240106732e-07,4.2357058535671e-07
12,1648,411,35,1.1666666666666667,work,4,1.2412670766236366e-16,0.0,5.315251211034758e-09,7.300048299977715e-08,0.013034914953662654,0.03248528069215197,0.013034912491926915,0.03248525585706097,1.3926793058638845e-07,3.31864617039563e-07
12,1649,412,36,1.175,work,1,5.715492397398368e-15,2.9802322387695312e-08,0.0043465631328662895,0.004263880668572262,0.012775913007441197,0.03183143187610712,0.01704736765728773,0.03245094459344695,5.637080563519229e-08,3.8857474358097666e-07
12,1650,412,36,1.1833333333333333,work,2,5.715492397398368e-15,2.9802322387695312e-08,0.002897037156129632,0.0028368929014022763,0.012633531947692272,0.03159785658636225,0.015477725784454617,0.03195146859590203,1.677085907812999e-07,5.297776709387073e-07
12,1651,412,36,1.1916666666666667,work,3,5.715492397398368e-15,2.9802322387695312e-08,0.0014481513989926804,0.0014156602239623834,0.01259090323380804,0.03162904857035461,0.014010675208287545,0.03177735483210911,8.9667069667095e-08,1.4292691717483762e-07
12,1652,412,36,1.2,work,4,5.715492397398368e-15,2.9802322387695312e-08,2.3650349230094467e-08,6.664001874625056e-08,0.012624474406732837,0.0318416778088528,0.012624497322484624,0.03184170197705846,7.84184397633358e-08,5.161913655903584e-07
12,1653,413,37,1.2083333333333333,work,1,2.556528086932065e-15,0.0,0.00394702451002511,0.004194220494130421,0.012491973463089103,0.03157431094657903,0.01634733572416677,0.03326776073330193,1.0837955300869599e-07,2.889442358861168e-07
12,1654,413,37,1.2166666666666666,work,2,2.556528086932065e-15,0.0,0.002630500333496018,0.0027881473741498855,0.012460273899205275,0.031654296112905565,0.015024966428269044,0.03271633244860128,1.0846892886512105e-07,5.26413969178669e-07
12,1655,413,37,1.225,work,3,2.556528086932065e-15,0.0,0.001314793415509668,0.0013900022599177852,0.012508945882669058,0.031930608555580546,0.013787846925820572,0.03243119536051508,1.8581683984441842e-07,3.264680847556393e-07
12,1656,413,37,1.2333333333333334,work,4,2.556528086932065e-15,0.0,2.5068223217553873e-08,7.300048299977715e-08,0.012614116588792742,0.03233025783536854,0.012614092973650088,0.03233019420040159,2.817201631193556e-08,5.930587274471662e-07
13,1657,414,1,0.008333333333333333,startup,1,5.721958498152797e-17,0.0,0.009227499916985122,0.029739432992462775,0.002096825281943035,0.004369742222217005,0.011304053992781187,0.03365620968011216,8.13414582418824e-08,5.322864979354085e-07
13,1658,414,1,0.016666666666666666,startup,2,5.721958498152797e-17,0.0,0.00616880038034417,0.019819125045066388,0.003082188672607244,0.006322808958470175,0.00919887838684621,0.025314446656058715,5.975506266787024e-08,3.8743019104003964e-07
13,1659,414,1,0.025,startup,3,5.721958498152797e-17,0.0,0.003092922883281596,0.009905958893760435,0.0033414007504437436,0.006416539378066243,0.006351682910745587,0.015343555065949407,6.670486426327462e-08,2.086162567138673e-07
13,1660,414,1,0.03333333333333333,startup,4,5.721958498152797e-17,0.0,2.4600279021952816e-08,5.960464477539063e-08,0.0031947636238411994,0.005206629267457198,0.0031947597331288247,0.005206671803650152,2.1134706076267492e-07,7.014633593523431e-07
13,1661,415,2,0.041666666666666664,work,1,1.1150912609939193e-16,0.0,0.005877408117459174,0.020678237454594454,0.0031217424611418754,0.004926465160373664,0.008432562721783096,0.017021841897450655,1.0476395840649231e-07,7.020961635941152e-07
13,1662,415,2,0.05,work,2,1.1150912609939193e-16,0.0,0.003921137007871807,0.013789058734680273,0.0044556509379488525,0.009644616703742483,0.006893017268637637,0.005701572485876607,1.8401999671790784e-07,3.769728732309799e-07
13,1663,415,2,0.058333333333333334,work,3,1.1150912609939193e-16,0.0,0.0019620186101361094,0.006896180342204887,0.0061827626238380165,0.014691785114671299,0.0067836525849212775,0.008799740467534622,7.08898663544652e-08,7.884953353001448e-08
13,1664,415,2,0.06666666666666667,work,4,1.1150912609939193e-16,0.0,2.6143592664496243e-08,9.424321830774485e-08,0.007887617136373155,0.019345227051835806,0.007887641420482655,0.01934524368059459,1.1344648208465582e-07,6.610474888330381e-07
13,1665,416,3,0.075,work,1,5.721958498152797e-17,0.0,0.006153946670094145,0.02222374879242001,0.009902067585543527,0.024610060153005778,0.012914224250267184,0.01401428737416318,1.5322144208607907e-07,3.31864617039563e-07
13,1666,416,3,0.08333333333333333,work,2,5.721958498152797e-17,0.0,0.0041024841833255795,0.01481098817379482,0.010946241886192089,0.02653763838540003,0.012565516104238339,0.016674603909136474,9.012456942187924e-08,5.794233708150282e-07
13,1667,416,3,0.09166666666666666,work,3,5.721958498152797e-17,0.0,0.0020511820742008086,0.007403145705491753,0.009733576525394924,0.022685382928948603,0.010454992902444508,0.016999684677428396,2.1201893354500062e-07,4.2774379534743284e-07
13,1668,416,3,0.1,work,4,5.721958498152797e-17,0.0,2.4058681918636402e-08,1.5196262340524156e-07,0.008486916140424048,0.019297704274438818,0.008486939787004094,0.019297783394184944,1.8427855205114935e-07,6.012392342636612e-07
13,1669,417,4,0.10833333333333334,work,1,2.633125101432526e-16,0.0,0.006228409921963083,0.02548323951374248,0.007674709376227618,0.01725238090061458,0.011274835424632902,0.017715920113348063,1.9588875424781275e-07,6.322027276634131e-07
13,1670,417,4,0.11666666666666667,work,2,2.633125101432526e-16,0.0,0.004153844881816345,0.016980254839906117,0.007250230315058258,0.016222375859263352,0.009394649579368098,0.012857908554041463,3.8415399868666356e-08,6.982907363092924e-07
13,1671,417,4,0.125,work,3,2.633125101432526e-16,0.0,0.002077685364137245,0.008485697100215848,0.007115589913467984,0.015934681016393934,0.00797871468386327,0.011854636639262738,4.7932165129322276e-08,7.673736327638514e-07
13,1672,417,4,0.13333333333333333,work,4,2.633125101432526e-16,0.0,4.1159390997911985e-08,1.8848643661548975e-07,0.0069597001902676064,0.015284724974940586,0.006959740648804365,0.015284829808515565,8.387594613250717e-08,6.158345436981889e-07
13,1673,418,5,0.14166666666666666,work,1,6.938893903907228e-18,0.0,0.005757173801316318,0.02851326916350657,0.005799744646228328,0.012231023841213348,0.009474904289492657,0.024515874543546198,2.6562697309165284e-07,4.2461773302480677e-07
13,1674,418,5,0.15,work,2,6.938893903907228e-18,0.0,0.0038402340512350966,0.01899979615104709,0.004981479610637057,0.010521829191501603,0.007232770160738374,0.016920028117482173,2.626186015752725e-07,8.870885411582791e-07
13,1675,418,5,0.15833333333333333,work,3,6.938893903907228e-18,0.0,0.001921165035985828,0.009495306107757841,0.0046739228070580684,0.009933312311315955,0.005591134898026417,0.010352403053782594,1.9117737497948246e-07,7.456538679121063e-07
13,1676,418,5,0.16666666666666666,work,4,6.938893903907228e-18,0.0,4.830562293777656e-09,7.300048299977715e-08,0.004751476567279679,0.01016845261073155,0.004751472030550857,0.010168441655029345,2.047698915259631e-07,5.247240323322731e-07
13,1677,419,6,0.175,work,1,1.1464934308770758e-16,2.9802322387695312e-08,0.005835451212753041,0.031194355100708986,0.004626035572985408,0.009897192650900848,0.00788422597722477,0.02983863901848609,2.192554631632612e-07,6.063875540904964e-07
13,1678,419,6,0.18333333333333332,work,2,1.1464934308770758e-16,2.9802322387695312e-08,0.003893555090290088,0.02079685345061623,0.004728333082458402,0.010089205145957117,0.006491444037708854,0.02034296740662226,8.504931828167136e-08,3.804905812383808e-07
13,1679,419,6,0.19166666666666665,work,3,1.1464934308770758e-16,2.9802322387695312e-08,0.0019483726762946148,0.01039898639707536,0.004873477527212323,0.010365626070677427,0.005476320770992542,0.012394773779703357,1.0944297253180901e-07,6.697238997889858e-07
13,1680,419,6,0.2,work,4,1.1464934308770758e-16,2.9802322387695312e-08,1.6865190745653443e-08,5.960464477539063e-08,0.004988914777369087,0.01055137891489983,0.004988899217684611,0.010551358213418849,2.484464254627798e-07,9.03949194437458e-07
13,1681,420,7,0.20833333333333334,work,1,5.594315114139762e-17,0.0,0.004857171527967352,0.030279503832809012,0.0048195115688365806,0.010323024433118616,0.006762675589702234,0.029183031382907978,2.2530905718475675e-07,3.9311963195422116e-07
13,1682,420,7,0.21666666666666667,work,2,5.594315114139762e-17,0.0,0.00323883855421991,0.020195421190948935,0.004851262857424299,0.010400205165749417,0.005691506803496159,0.020161517832333817,1.5174044413089108e-07,7.115206948705545e-07
13,1683,420,7,0.225,work,3,5.594315114139762e-17,0.0,0.0016197675455137891,0.010102211281405636,0.005024990246452821,0.010793095613789164,0.0051779333719151254,0.012679858128853501,1.3066485479407257e-07,5.13603923905317e-07
13,1684,420,7,0.23333333333333334,work,4,5.594315114139762e-17,0.0,3.210881841369818e-08,5.960464477539063e-08,0.005183950930750396,0.011159666633111763,0.005183920683369606,0.011159593835982778,2.3215295607057166e-07,5.685920723777704e-07
13,1685,421,8,0.24166666666666667,work,1,2.868542432559516e-16,0.0,0.005277885599538631,0.03271374778280988,0.004809135870643249,0.010200880319389437,0.00596871574913155,0.03256734636353801,1.4197486952323427e-07,5.430241572346883e-07
13,1686,421,8,0.25,work,2,2.868542432559516e-16,0.0,0.003516381476132894,0.021809742922550977,0.0048295232385797415,0.010217414811649454,0.005068057553159678,0.02270949842206151,1.1309357691211098e-07,4.730972011800879e-07
13,1687,421,8,0.2583333333333333,work,3,2.868542432559516e-16,0.0,0.0017570831770275892,0.01090525390262818,0.005087224585134122,0.010935291330396028,0.004869850779547355,0.014084809096033945,2.518945630681458e-07,4.5976783694450694e-07
13,1688,421,8,0.26666666666666666,work,4,2.868542432559516e-16,0.0,3.3474036067521494e-08,1.3978528260658475e-07,0.005247973560414818,0.011432538381543827,0.005248004262708393,0.011432561194916011,3.121606975522802e-07,7.133906604996852e-07
13,1689,422,9,0.275,work,1,7.88106850030428e-17,0.0,0.005751702544304985,0.02831449579948331,0.004465701809041497,0.00983269903654426,0.004193515665929911,0.028412847200321525,1.7590717680461191e-07,7.901831617094838e-07
13,1690,422,9,0.2833333333333333,work,2,7.88106850030428e-17,0.0,0.0038278978075414424,0.018859792922728772,0.0039929585057347046,0.008895613135457227,0.0030084955990579156,0.018840825062501943,4.026184671715505e-08,4.009492411337415e-07
13,1691,422,9,0.2916666666666667,work,3,7.88106850030428e-17,0.0,0.0019107890095610197,0.009421680563320753,0.0037181054520688,0.008656697600856644,0.002697361404922688,0.010389743676169681,1.9055360547713265e-07,8.333999785250225e-07
13,1692,422,9,0.3,work,4,7.88106850030428e-17,0.0,5.582408338113981e-08,1.264405455326821e-07,0.0034319424306911185,0.00891906238797771,0.0034318935155937336,0.008919020103759572,3.483835301954228e-07,6.542950391799285e-07
13,1693,423,10,0.30833333333333335,work,1,1.249000902703301e-16,0.0,0.004445335483232592,0.029772063363860228,0.0031721555952145446,0.009385947788341021,0.0012975150535431727,0.02671113648056307,4.021516910307036e-07,7.991246985073097e-07
13,1694,423,10,0.31666666666666665,work,2,1.249000902703301e-16,0.0,0.0029442448785519494,0.01982795731113934,0.0031152358062270635,0.010149889623250703,0.00042728666444734136,0.016509805523606806,3.397353685202765e-07,8.840797528142599e-07
13,1695,423,10,0.325,work,3,1.249000902703301e-16,0.0,0.0014629887295009964,0.009904504686829699,0.003092352921971056,0.01041627200282016,0.0016656882721335963,0.0093316308091961,3.2235814874351286e-07,7.164964246852024e-07
13,1696,423,10,0.3333333333333333,work,4,1.249000902703301e-16,0.0,7.486024341957264e-09,1.1920928955078128e-07,0.003186768515108763,0.01106871911753498,0.003186770476669852,0.01106860908558775,2.9662405280499454e-07,1.055355740167259e-06
13,1697,424,11,0.3416666666666667,work,1,1.6768594809361232e-16,0.0,0.004787905563276619,0.03286810006204672,0.003336215541222994,0.012142945029448148,0.003575685930335217,0.027915129941395056,2.09694636167829e-07,7.862392639084461e-07
13,1698,424,11,0.35,work,2,1.6768594809361232e-16,0.0,0.003194667829414845,0.02193898925663798,0.0033976849852423137,0.012958957307026049,0.0029582576817874713,0.017972675381229444,1.069012339048714e-07,4.833124500580697e-07
13,1699,424,11,0.35833333333333334,work,3,1.6768594809361232e-16,0.0,0.0015992489718996091,0.01098320661042342,0.003384432591149037,0.013582429790178738,0.0027843026636864177,0.011440840464155848,1.3719134128968666e-07,8.183437715617463e-07
13,1700,424,11,0.36666666666666664,work,4,1.6768594809361232e-16,0.0,4.2605696857688423e-08,1.7377590819732256e-07,0.003411894002110496,0.014388682106964066,0.003411922899009479,0.014388842239456646,3.166971351537419e-07,5.847637912734942e-07
13,1701,425,12,0.375,work,1,7.88106850030428e-17,0.0,0.006214503376306814,0.03406438105863397,0.0030771627085735198,0.014627968083227359,0.005338851063914499,0.027110993181467365,3.125988563634987e-07,6.391886052348407e-07
13,1702,425,12,0.3833333333333333,work,2,7.88106850030428e-17,0.0,0.0041487414623230775,0.022750428718874515,0.0028924517232219765,0.014946549415324197,0.003801594263365852,0.017099441716451426,1.9453953002473223e-07,2.598106231415675e-07
13,1703,425,12,0.39166666666666666,work,3,7.88106850030428e-17,0.0,0.0020776911797906095,0.011395751920553117,0.0027622897753588247,0.015976986663558467,0.002663096370873119,0.011697871516811977,3.1516200422362627e-07,5.347835554160599e-07
13,1704,425,12,0.4,work,4,7.88106850030428e-17,0.0,4.297302229161916e-08,9.424321830774485e-08,0.002671072177690899,0.017345716403218178,0.002671039035043715,0.017345698749346706,1.1425891012283396e-07,3.039252468104833e-07
13,1705,426,13,0.4083333333333333,work,1,1.8631931528314482e-16,4.2146848510894035e-08,0.0066886441577356116,0.03331481232972681,0.002281947732917347,0.018650349011965116,0.006289291141639921,0.022407682157931038,2.578841037505825e-07,1.1379649097941542e-06
13,1706,426,13,0.4166666666666667,work,2,1.8631931528314482e-16,4.2146848510894035e-08,0.004460770944655647,0.02224891663055309,0.0020492744197297148,0.01985553416409507,0.004551874974274237,0.013767724876253164,1.5766908839542707e-07,7.760057786876928e-07
13,1707,426,13,0.425,work,3,1.8631931528314482e-16,4.2146848510894035e-08,0.0022316472034402146,0.011143862221365304,0.0019459348802728287,0.021463628030475582,0.0029651993058603335,0.014107932551620659,1.074421700429604e-07,3.6983709472390636e-07
13,1708,426,13,0.43333333333333335,work,4,1.8631931528314482e-16,4.2146848510894035e-08,1.114983713054768e-08,1.8371385344770487e-07,0.001983706916859726,0.023355176224390845,0.0019837001283693626,0.023355304484882364,2.022370862420049e-07,7.74860382080083e-07
13,1709,427,14,0.44166666666666665,work,1,1.5704757352569647e-16,0.0,0.006586471521674627,0.036118823433483854,0.0021777869190305176,0.024659596863457152,0.007793334696558467,0.02753454521314019,1.9286565633751235e-07,6.034510353599985e-07
13,1710,427,14,0.45,work,2,1.5704757352569647e-16,0.0,0.004401734361838901,0.02415393188328174,0.002494613589336722,0.02571871046965318,0.005939139662613821,0.021741808318611295,2.9822382025362196e-07,5.717076686993523e-07
13,1711,427,14,0.4583333333333333,work,3,1.5704757352569647e-16,0.0,0.002206885176941184,0.012114470362313518,0.002822209921521274,0.027279178383885175,0.004249590771204657,0.022274183230818426,1.8682840064675024e-07,6.244279992508009e-07
13,1712,427,14,0.4666666666666667,work,4,1.5704757352569647e-16,0.0,5.780535882508861e-08,1.5769906706002898e-07,0.0031387790147452835,0.02851776876688666,0.00313875542944982,0.028517737367580964,2.780415632810601e-07,5.255696799918546e-07
13,1713,428,15,0.475,work,1,1.496293273509629e-16,0.0,0.009665029132483788,0.044911124913735515,0.00477614478418178,0.03184884940938187,0.013427006186169392,0.0482560287070619,7.810162661422623e-08,4.172325134277351e-07
13,1714,428,15,0.48333333333333334,work,2,1.496293273509629e-16,0.0,0.006469473313753171,0.029998818093241057,0.006462552066249546,0.033884717783891495,0.011667705322754622,0.04305866568351025,4.4632169195771605e-07,5.997601687162573e-07
13,1715,428,15,0.49166666666666664,work,3,1.496293273509629e-16,0.0,0.0032478362438751918,0.015028219803927177,0.008016148794990066,0.03594146125329121,0.010129175155985715,0.03955478549916468,3.2204636273873326e-07,1.1111111570779973e-06
13,1716,428,15,0.5,work,4,1.496293273509629e-16,0.0,3.58602172198278e-08,9.424321830774485e-08,0.009411660009164623,0.03800144159643604,0.00941168808440555,0.03800145973075037,1.5557992819325454e-07,7.432677694165705e-07
13,1717,429,16,0.5083333333333333,work,1,2.6811440687559774e-16,0.0,0.019699774161568928,0.043543996001095965,0.015813118943966472,0.052121470720923366,0.034255827977673986,0.09031452637120001,1.4708042418591565e-07,7.862392639084461e-07
13,1718,429,16,0.5166666666666666,work,2,2.6811440687559774e-16,0.0,0.013076932218367738,0.029021558885257044,0.02059423110818197,0.06362093726915764,0.032334525321253464,0.08961219268907326,9.952239644645667e-08,7.402743308767255e-07
13,1719,429,16,0.525,work,3,2.6811440687559774e-16,0.0,0.006510048950521815,0.014506717139566477,0.023725850845445026,0.07139504331201105,0.02927735183775667,0.08451703717697362,3.598212755752565e-07,6.77634298855193e-07
13,1720,429,16,0.5333333333333333,work,4,2.6811440687559774e-16,0.0,2.976050006076171e-08,2.9802322387695312e-08,0.025592384236842267,0.07588682269421967,0.025592358363656587,0.07588680676273746,1.5936998633743125e-07,7.714139882054844e-07
13,1721,430,17,0.5416666666666666,work,1,1.249000902703301e-16,0.0,0.016583290123818352,0.01569498782901043,0.027051049343777576,0.0793571524445013,0.042236520890712295,0.09480252498927043,1.5410151727154146e-07,3.99840112477504e-07
13,1722,430,17,0.55,work,2,1.249000902703301e-16,0.0,0.011027905315291226,0.01058838192397427,0.027365345024771115,0.0797102097735941,0.0372118740821898,0.09004522412233516,1.2517009222832267e-07,1.5196262340524156e-07
13,1723,430,17,0.5583333333333333,work,3,1.249000902703301e-16,0.0,0.005500145552625898,0.005361476743183455,0.026715299345367753,0.07755508866072221,0.031498678029250625,0.08274488911929107,2.2078361280136876e-07,5.535535699429145e-07
13,1724,430,17,0.5666666666666667,work,4,1.249000902703301e-16,0.0,3.596114545997189e-08,1.8611544365878105e-07,0.025436983391588994,0.07384672575220008,0.025436949720744378,0.07384657923799953,1.4574894991629387e-07,4.339283638763745e-07
13,1725,431,18,0.575,work,1,2.7755575615628914e-17,0.0,0.014371191403138313,0.024877606230983167,0.022637420646256373,0.06655016174152822,0.034675289039865484,0.08587029059579986,3.383785548248156e-07,5.022376640544164e-07
13,1726,431,18,0.5833333333333334,work,2,2.7755575615628914e-17,0.0,0.009549000848634075,0.01661424850149791,0.01989781530026353,0.059210279510870885,0.027783133268740032,0.07152152408438778,1.9405148332719795e-07,5.127385417844444e-07
13,1727,431,18,0.5916666666666667,work,3,2.7755575615628914e-17,0.0,0.004758461606332515,0.008321840293899194,0.01730572686159169,0.052136086156524784,0.021127971368039948,0.05794699889082578,2.3321539990551883e-07,4.500051996273259e-07
13,1728,431,18,0.6,work,4,2.7755575615628914e-17,0.0,5.861757068553054e-08,1.5769906706002898e-07,0.014940850887152012,0.04563536965014189,0.0149407968919018,0.04563531359765927,2.209553123813716e-07,4.951133646320162e-07
13,1729,432,19,0.6083333333333333,work,1,1.893949450598201e-16,0.0,0.009707863355425362,0.031088571288507,0.012451302760672247,0.03800242229744517,0.02066240269044806,0.0377553495158398,1.0402912285495267e-07,2.920019319991088e-07
13,1730,432,19,0.6166666666666667,work,2,1.893949450598201e-16,0.0,0.00645742942362551,0.02073135975902411,0.010548590027453028,0.03243913241379163,0.015957290148854632,0.027392930813235163,1.3126606052804265e-07,5.413860715802016e-07
13,1731,432,19,0.625,work,3,1.893949450598201e-16,0.0,0.003221397387876087,0.010370280990981291,0.00902891782498263,0.02800771598339792,0.011626963936821298,0.022870356509657495,1.6119731762916741e-07,6.237164001600872e-07
13,1732,432,19,0.6333333333333333,work,4,1.893949450598201e-16,0.0,3.1008385426716064e-08,1.1542389828584842e-07,0.00786273988865011,0.024622850209401963,0.007862710570264636,0.02462273809510139,8.551169734437524e-08,6.488424854599636e-07
13,1733,433,20,0.6416666666666666,work,1,1.1150912609939193e-16,0.0,0.0049904759311060745,0.04215385686096106,0.006355289987788208,0.01776068020869963,0.010780326853369257,0.024671412351116126,1.4986466112188856e-07,6.657334537413353e-07
13,1734,433,20,0.65,work,2,1.1150912609939193e-16,0.0,0.0033475214337302713,0.028179631465573698,0.005706652097465019,0.01441933768810778,0.008790978797175438,0.014375295240916828,5.249532232851609e-08,8.554875906948706e-07
13,1735,433,20,0.6583333333333333,work,3,1.1150912609939193e-16,0.0,0.0016862108279998636,0.014130409716986515,0.0053978983538519884,0.013141493661062546,0.0069400657784386465,0.006419578728370772,7.306476306609836e-08,6.576799300525787e-07
13,1736,433,20,0.6666666666666666,work,4,1.1150912609939193e-16,0.0,1.8842576000993023e-08,4.2146848510894035e-08,0.005110502885521188,0.012558389858883861,0.0051105072757907126,0.012558389428207781,9.833747729196885e-08,8.344650268554748e-07
13,1737,434,21,0.675,work,1,1.2432050435751766e-16,0.0,0.003089069754073597,0.023356085853978494,0.004306489657244127,0.010032651196322835,0.0072053170041828,0.014310489596722462,1.1370822271042556e-07,4.869739603509973e-07
13,1738,434,21,0.6833333333333333,work,2,1.2432050435751766e-16,0.0,0.002067477248670187,0.01555469207261402,0.0037118407838387887,0.008443134216635045,0.005593991320348133,0.008215567496877517,5.11034027878871e-08,5.543552409928541e-07
13,1739,434,21,0.6916666666666667,work,3,1.2432050435751766e-16,0.0,0.0010385849963143146,0.0077700651136290684,0.003255177092785502,0.007559272520872588,0.0041634741377068385,0.0015691825829664914,1.3098406163252777e-07,6.717102330675541e-07
13,1740,434,21,0.7,work,4,1.2432050435751766e-16,0.0,1.1028789994590712e-08,0.0,0.003181362050988556,0.007872114226130073,0.003181371752283241,0.007872145460534097,1.0163214361593004e-07,4.3290373821061784e-07
13,1741,435,22,0.7083333333333334,work,1,2.238801616996866e-16,0.0,0.006226385134451143,0.013339500593879386,0.004730810445243814,0.014081795156019285,0.010335393479134708,0.02022762603872383,9.140254440619466e-08,5.127385417844444e-07
13,1742,435,22,0.7166666666666667,work,2,2.238801616996866e-16,0.0,0.0041464003235088245,0.008782331903317455,0.007461597723300412,0.021444910240289505,0.011176344597574774,0.024880084957579693,9.061132387034652e-08,6.350063011843742e-07
13,1743,435,22,0.725,work,3,2.238801616996866e-16,0.0,0.0020709546807256315,0.004335954496580203,0.00998385215063021,0.028037604503916583,0.011786378470172639,0.029430843315958733,1.6596264034184395e-07,6.377975511262652e-07
13,1744,435,22,0.7333333333333333,work,4,2.238801616996866e-16,0.0,3.586701441512755e-08,1.1151007970493858e-07,0.01206542371179608,0.03340063489629399,0.012065457747328314,0.03340073828584119,7.32323103119825e-08,9.610960183499607e-07
13,1745,436,23,0.7416666666666667,work,1,1.2412670766236366e-16,0.0,0.007681242872875991,0.02032522270951885,0.014517684626129193,0.039483403821515634,0.021741419830708375,0.04623340770288003,1.0048636670741076e-07,6.570043469979972e-07
13,1746,436,23,0.75,work,2,1.2412670766236366e-16,0.0,0.005116794884461254,0.01329975525254473,0.016256308065831435,0.043860508908308976,0.020995506112123637,0.04681342825447772,7.801012596401626e-08,3.94247667650073e-07
13,1747,436,23,0.7583333333333333,work,3,1.2412670766236366e-16,0.0,0.00255639055538146,0.0065248326494620635,0.017341022026679417,0.046539996086466286,0.019669684644214917,0.047354116589317596,8.6902488848386e-08,8.930757083756817e-07
13,1748,436,23,0.7666666666666666,work,4,1.2412670766236366e-16,0.0,5.088304196541224e-08,1.2990531157078367e-07,0.01787271967092849,0.04779206244646346,0.01787267070248738,0.0477919607764369,2.4611018232314794e-07,7.667947012346199e-07
13,1749,437,24,0.775,work,1,2.498001805406602e-16,0.0,0.008241918453115145,0.02604549492943679,0.018425394562414845,0.04887364882509095,0.02610958365088307,0.05419335736971865,2.2022360526400733e-07,6.307962682401184e-07
13,1750,437,24,0.7833333333333333,work,2,2.498001805406602e-16,0.0,0.005484724909556529,0.016918349123170678,0.0184872745431835,0.048895829093181443,0.02353506851007498,0.05033863333152649,2.2890248870485287e-07,9.098254157587219e-07
13,1751,437,24,0.7916666666666666,work,3,2.498001805406602e-16,0.0,0.0027379137577399006,0.008238118410052855,0.01816955366015728,0.04798016009750707,0.020650223461374666,0.047701111189724484,1.0611751843428927e-07,7.633118912497625e-07
13,1752,437,24,0.8,work,4,2.498001805406602e-16,0.0,3.113181994179932e-08,1.1151007970493858e-07,0.017590391309739835,0.046417446526634314,0.017590362182309822,0.046417390967962574,2.100711077588775e-07,1.0323827311807255e-06
13,1753,438,25,0.8083333333333333,work,1,2.2929868617541516e-16,4.2146848510894035e-08,0.009470181188152528,0.028351675724400283,0.017580813482221014,0.04582705129043604,0.026495986842650178,0.04921504297658348,1.2700733895928896e-07,7.372687385590703e-07
13,1754,438,25,0.8166666666666667,work,2,2.2929868617541516e-16,4.2146848510894035e-08,0.006303138037744026,0.018194047904813312,0.01721856421311471,0.04470252582369795,0.023077138486641714,0.04402166864972967,1.6908899331744713e-07,6.251387883246874e-07
13,1755,438,25,0.825,work,3,2.2929868617541516e-16,4.2146848510894035e-08,0.003148472541409505,0.008753321870996651,0.016621457978047392,0.043105044642490514,0.01949981154183343,0.04139744910232073,3.6297973931163104e-07,1.623884764412123e-06
13,1756,438,25,0.8333333333333334,work,4,2.2929868617541516e-16,4.2146848510894035e-08,4.568834096522417e-08,9.884312124119402e-08,0.015903799147371327,0.04126653846746951,0.015903754777559335,0.0412664417474422,9.854948969934423e-08,5.380949403425408e-07
13,1757,439,26,0.8416666666666667,work,1,1.7785780651003303e-16,0.0,0.00991250229589928,0.028309281887254185,0.015694526876201074,0.04020288503835187,0.025008424952519134,0.040251042189621895,2.9582384088724056e-07,9.424321830774572e-07
13,1758,439,26,0.85,work,2,1.7785780651003303e-16,0.0,0.006609668004526568,0.017999383375963036,0.01528261787631265,0.03901249436466603,0.02138233950016501,0.03552550806321998,1.9085758887425996e-07,9.771344846937158e-07
13,1759,439,26,0.8583333333333333,work,3,1.7785780651003303e-16,0.0,0.003311368235182046,0.008596948687863438,0.014757906197582524,0.03768003214998565,0.017742321793877736,0.034390194299789595,1.7911970172754837e-07,8.627244726497078e-07
13,1760,439,26,0.8666666666666667,work,4,1.7785780651003303e-16,0.0,2.811217379805925e-08,1.6858739404357617e-07,0.014206494917359652,0.03634472684973789,0.014206522518325677,0.03634476925969038,1.3549361931158036e-07,1.0224411963467974e-06
14,1761,440,1,0.008333333333333333,startup,1,1.3597399555105182e-16,0.0,0.009200048840115967,0.02967795136042686,0.0019820862398084328,0.004111393109545994,0.01103462656844718,0.029701630377934732,1.8180994566615946e-07,2.858538343496754e-07
14,1762,440,1,0.016666666666666666,startup,2,1.3597399555105182e-16,0.0,0.006132195913967341,0.019737010941020525,0.003202132673587164,0.007309892970884621,0.008975248369430552,0.01974927153527486,3.8274317373398133e-07,9.69835525469371e-07
14,1763,440,1,0.025,startup,3,1.3597399555105182e-16,0.0,0.003065482649545114,0.009844380477561728,0.0038622988670816653,0.009234944344075159,0.006450810040892397,0.011239772603763814,1.606034639611817e-07,9.638644235608809e-07
14,1764,440,1,0.03333333333333333,startup,4,1.3597399555105182e-16,0.0,2.2952496773465934e-08,1.264405455326821e-07,0.004244438201119371,0.010492282679670405,0.004244429891401948,0.010492237834296808,3.1347439631974273e-07,1.0909441243245216e-06
14,1765,441,2,0.041666666666666664,work,1,1.942890293094024e-16,0.0,0.005839667559220585,0.020624281223666836,0.004958430934046242,0.012701965300481257,0.009619035828165742,0.011984276553789263,2.783947168933374e-07,8.74991312974889e-07
14,1766,441,2,0.05,work,2,1.942890293094024e-16,0.0,0.003890158136739786,0.01372214772900151,0.0063806739044485125,0.016347352337403035,0.008443434864004118,0.007303878852971365,3.22248833666459e-07,8.413549788888221e-07
14,1767,441,2,0.058333333333333334,work,3,1.942890293094024e-16,0.0,0.0019436127936412952,0.006847480481984943,0.008156528813749689,0.020808342474049595,0.008630504125140446,0.015109940899740609,4.210742121705685e-07,1.1214546991722004e-06
14,1768,441,2,0.06666666666666667,work,4,1.942890293094024e-16,0.0,1.226114393638441e-08,8.429369702178807e-08,0.010021834145456925,0.02546759391340753,0.010021826502994461,0.025467662501697765,3.268144659121641e-07,7.1027131604034e-07
14,1769,442,3,0.075,work,1,5.551115123125783e-17,0.0,0.006089382243499946,0.022109096734215475,0.01218895398124926,0.031016678609263763,0.014417547711127934,0.017762425416860943,1.4207607956796958e-07,4.380028979986637e-07
14,1770,442,3,0.08333333333333333,work,2,5.551115123125783e-17,0.0,0.004057453517226177,0.014702101070499176,0.012756865101010076,0.03497488479021135,0.013970373757120312,0.025043210511979143,1.536359582017196e-07,5.65459309846471e-07
14,1771,442,3,0.09166666666666666,work,3,5.551115123125783e-17,0.0,0.002027665123721043,0.007332380371967155,0.011755708777618945,0.034964941251038426,0.012386004532174607,0.029757289622797025,3.125299189417628e-07,7.952251472548497e-07
14,1772,442,3,0.1,work,4,5.551115123125783e-17,0.0,1.3699449536392508e-08,9.424321830774485e-08,0.01122402928730766,0.03272853083937057,0.01122403971775125,0.03272862680287997,2.519172393654309e-07,2.715120786173435e-07
14,1773,443,4,0.10833333333333334,work,1,1.6184142622847344e-16,2.9802322387695312e-08,0.006154086347023093,0.024623448557720282,0.010869062818078468,0.03127417201794095,0.014316864039026017,0.011790469131546705,2.9078023483503606e-07,5.397430144630339e-07
14,1774,443,4,0.11666666666666667,work,2,1.6184142622847344e-16,2.9802322387695312e-08,0.004104394677119601,0.01638161586083633,0.010590797111496943,0.030212640595390035,0.01270344828369392,0.01588222012102645,3.2217132407687805e-07,8.616943535090132e-07
14,1775,443,4,0.125,work,3,1.6184142622847344e-16,2.9802322387695312e-08,0.0020530509592436375,0.008173863196284461,0.00992951458181878,0.02908622535915666,0.010910924371377131,0.02177227680970957,2.7999622650569666e-07,8.950625310946305e-07
14,1776,443,4,0.13333333333333333,work,4,1.6184142622847344e-16,2.9802322387695312e-08,9.319290496895987e-09,1.032382731180714e-07,0.00889287682668486,0.027106889798386914,0.008892870087379028,0.027106984800416466,1.352418933915585e-07,6.279738994153012e-07
14,1777,444,5,0.14166666666666666,work,1,7.850462293418876e-17,0.0,0.00585941523455842,0.028981683413355126,0.007733322122975253,0.023745359112952284,0.011682167239237552,0.008104929349647542,2.35398093229594e-07,4.860611686199943e-07
14,1778,444,5,0.15,work,2,7.850462293418876e-17,0.0,0.003910462043242474,0.019308029509459354,0.007037676410489811,0.02132585679200594,0.009631213945221222,0.005804811970590486,9.670016352306281e-08,3.6256089987148215e-07
14,1779,444,5,0.15833333333333333,work,3,7.850462293418876e-17,0.0,0.0019573121883977953,0.009647530239459093,0.0066643289944539365,0.019858605464638336,0.007863477658984413,0.01099933601199705,3.814889785610651e-08,5.709303635557914e-07
14,1780,444,5,0.16666666666666666,work,4,7.850462293418876e-17,0.0,1.3806392240814105e-08,7.884953353001448e-08,0.0065553644603109675,0.019009656071838202,0.00655537590821656,0.019009745215225974,1.9711931077893652e-07,3.2917740992269735e-07
14,1781,445,6,0.175,work,1,1.594436429147036e-16,0.0,0.005467202939123064,0.030474279841842478,0.006226452687916421,0.01779828269926357,0.009712910552513295,0.01584701058740153,2.385898654897587e-07,4.951133646320162e-07
14,1782,445,6,0.18333333333333332,work,2,1.594436429147036e-16,0.0,0.003649422578161008,0.02031581876414984,0.00598722144742388,0.01735925663275673,0.008080244729895122,0.008786853733221408,2.9843592586897164e-07,8.709215638758285e-07
14,1783,445,6,0.19166666666666665,work,3,1.594436429147036e-16,0.0,0.0018270185228332605,0.01015781063636999,0.005887446862692103,0.016936977022919072,0.0067952284229272795,0.00938269559706503,2.74454324189759e-07,1.0712266418702389e-06
14,1784,445,6,0.2,work,4,1.594436429147036e-16,0.0,2.7472333583706726e-08,6.664001874625056e-08,0.005993776362109327,0.01682730418861213,0.005993793233889396,0.016827292300250537,2.3422989650234472e-07,4.129530924722863e-07
14,1785,446,7,0.20833333333333334,work,1,1.1102230246251565e-16,0.0,0.004882328413878392,0.029508876152103066,0.005969695265080737,0.01673404226659672,0.008914697911896268,0.017968759149982253,4.144506735738242e-07,1.138745139512006e-06
14,1786,446,7,0.21666666666666667,work,2,1.1102230246251565e-16,0.0,0.0032582615960848327,0.019673711531908777,0.005968842219427178,0.016572485783695808,0.007623037797489925,0.010192478482734258,3.103273094002202e-07,5.446573162823057e-07
14,1787,446,7,0.225,work,3,1.1102230246251565e-16,0.0,0.001630808479784642,0.009837465457488535,0.006108178203312644,0.01650183008537089,0.006737628075356709,0.009536600128780793,2.2665973659641778e-07,4.796229880878663e-07
14,1788,446,7,0.23333333333333334,work,4,1.1102230246251565e-16,0.0,5.9098406723084855e-09,0.0,0.006397719045692518,0.016835530350245865,0.006397718272309498,0.016835557299142444,2.939119093707234e-07,6.222907608098144e-07
14,1789,447,8,0.24166666666666667,work,1,8.777083671441753e-17,0.0,0.005608770453895883,0.031238949278625996,0.005951115904884694,0.015658094669001248,0.007297523814238595,0.020855813099941542,2.478602527180645e-07,4.805480091749769e-07
14,1790,447,8,0.25,work,2,8.777083671441753e-17,0.0,0.0037431760265658914,0.02082488825199978,0.0058694732339376445,0.01519357716585132,0.006181694504505688,0.012151366326369204,3.4206913293379786e-08,4.519745972187261e-07
14,1791,447,8,0.2583333333333333,work,3,8.777083671441753e-17,0.0,0.001873579902337313,0.010411981209060919,0.006153623365487919,0.015605374866081313,0.005907283392484292,0.008967970929929417,1.9615147363058613e-07,3.9872789860545616e-07
14,1792,447,8,0.26666666666666666,work,4,8.777083671441753e-17,0.0,1.4353076159750016e-08,0.0,0.006391371853878942,0.017264740275658517,0.0063913616018893655,0.017264733469086108,2.3627221210293445e-07,1.1920928955078128e-07
14,1793,448,9,0.275,work,1,8.777083671441753e-17,2.9802322387695312e-08,0.007102748831061349,0.03412596076683168,0.0049958835445598985,0.01707761256204633,0.005615786613471424,0.02085744279435709,2.685626328992565e-07,7.714139882054844e-07
14,1794,448,9,0.2833333333333333,work,2,8.777083671441753e-17,2.9802322387695312e-08,0.004741831882794063,0.022743338899198655,0.003860470817063822,0.01534551064874363,0.004012446317477113,0.012305372307134422,5.504438778517544e-07,1.0770148634667914e-06
14,1795,448,9,0.2916666666666667,work,3,8.777083671441753e-17,2.9802322387695312e-08,0.002374226653498464,0.011367999659041327,0.0031122014083322155,0.014841201952390254,0.002747435571664512,0.008121457717329441,3.111260710455303e-07,6.963802245585908e-07
14,1796,448,9,0.3,work,4,8.777083671441753e-17,2.9802322387695312e-08,1.4237862701191452e-08,5.16191365590357e-08,0.002578359635976307,0.01579681019245927,0.0025783716991871768,0.01579680241272388,1.6965600491476306e-07,5.967910407334822e-07
14,1797,449,10,0.30833333333333335,work,1,1.0007415106216802e-16,0.0,0.005620203865736876,0.02899892726955106,0.001880929724749811,0.01650090421214811,0.004298241696844622,0.01574858615093642,2.0054394759872992e-07,5.885487096944919e-07
14,1798,449,10,0.31666666666666665,work,2,1.0007415106216802e-16,0.0,0.0037446622818969448,0.019323264108279635,0.0015981769656313435,0.018357754741526795,0.002871297386010314,0.00652297511779649,2.8812204526263524e-07,5.717076686993523e-07
14,1799,449,10,0.325,work,3,1.0007415106216802e-16,0.0,0.001871315764827629,0.009656987026719284,0.0016117251207009866,0.020549369661861792,0.0017365924691606384,0.011542501822516128,4.820897432828224e-07,8.840797528142599e-07
14,1800,449,10,0.3333333333333333,work,4,1.0007415106216802e-16,0.0,2.0437009061225195e-08,8.940696716308595e-08,0.001788346281579945,0.02424071552092857,0.0017883573147174578,0.024240616581556372,3.796778846012068e-07,8.018984822674871e-07
14,1801,450,11,0.3416666666666667,work,1,1.760893866893587e-16,0.0,0.004052293770616523,0.03337810532169032,0.002795327550556635,0.02630492507481232,0.0058830185941434335,0.01167582783826988,1.306303162102762e-07,4.749708607944627e-07
14,1802,450,11,0.35,work,2,1.760893866893587e-16,0.0,0.0027000470926334436,0.022254506818133325,0.003452306792692667,0.027943785079734617,0.005289863410477048,0.010381923737827828,3.0332531756647606e-07,6.899736465686728e-07
14,1803,450,11,0.35833333333333334,work,3,1.760893866893587e-16,0.0,0.0013494695492661528,0.01112834341107456,0.003903233380710104,0.02980437575045294,0.004661516841825014,0.020011863037056165,1.5979424813814147e-07,7.828429661133159e-07
14,1804,450,11,0.36666666666666664,work,4,1.760893866893587e-16,0.0,1.7869100361309204e-08,9.884312124119402e-08,0.004113092512560329,0.03189006784809135,0.004113085030281585,0.0318901433319179,3.316376526972902e-07,9.620197052698809e-07
14,1805,451,12,0.375,work,1,1.1188630228279524e-16,0.0,0.006502263145770677,0.03706780156608881,0.004624994984134881,0.03258079678101823,0.009897691363086067,0.020102137564742915,1.2708388650984847e-07,5.347835554160599e-07
14,1806,451,12,0.3833333333333333,work,2,1.1188630228279524e-16,0.0,0.004342006572322049,0.024735434214376455,0.004863044251836052,0.033244949604951175,0.008188244089119754,0.019011887651091876,3.537162973799991e-07,8.565251745700851e-07
14,1807,451,12,0.39166666666666666,work,3,1.1188630228279524e-16,0.0,0.002174768138309241,0.012379404795586255,0.00489789335978113,0.0344819306413878,0.006376740764444388,0.025469280081797583,2.5854597973453873e-07,8.622095669203725e-07
14,1808,451,12,0.4,work,4,1.1188630228279524e-16,0.0,9.202480483157118e-09,8.429369702178807e-08,0.004813363596056567,0.03593446125774447,0.004813362497869216,0.035934547614877806,2.7882263248967003e-07,7.24509106942611e-07
14,1809,452,13,0.4083333333333333,work,1,1.3092278833360675e-16,0.0,0.007702659945179971,0.03675246287223113,0.004301721290704938,0.0369844156037525,0.010095364585217228,0.019808792518667056,1.4188862322272842e-07,5.65459309846471e-07
14,1810,452,13,0.4166666666666667,work,2,1.3092278833360675e-16,0.0,0.005143463083301518,0.024520903748031214,0.003789565146495245,0.03780313880628342,0.00751572248954429,0.02094272443851927,3.237889250494124e-07,5.591411304263407e-07
14,1811,452,13,0.425,work,3,1.3092278833360675e-16,0.0,0.0025760305944682316,0.012269996163214152,0.0033191530485169995,0.039450419254991945,0.005002858863781439,0.029571207601641992,1.614417946653214e-07,3.097148193542145e-07
14,1812,452,13,0.43333333333333335,work,4,1.3092278833360675e-16,0.0,1.327312180297808e-08,7.300048299977715e-08,0.002986313009131132,0.04234610099941492,0.0029863019328581902,0.042346160610637534,4.0497560587528653e-07,9.973764735866597e-07
14,1813,453,14,0.44166666666666665,work,1,7.850462293418876e-17,0.0,0.005699842209361708,0.03427111680041571,0.003014070298958888,0.04653368393013376,0.00793168716140206,0.03352624297986924,2.711879810761213e-07,7.31220492505155e-07
14,1814,453,14,0.45,work,2,7.850462293418876e-17,0.0,0.003808770507471011,0.022891080227990798,0.003277344026418845,0.049674573068304036,0.006264387202200354,0.03802347759238502,4.64114280456634e-07,8.775253215036139e-07
14,1815,453,14,0.4583333333333333,work,3,7.850462293418876e-17,0.0,0.0019090522006296826,0.011467396508015707,0.003690234073256227,0.052185096076645246,0.004949895063374106,0.045417426309007636,2.679255981036777e-07,7.941074725672195e-07
14,1816,453,14,0.4666666666666667,work,4,7.850462293418876e-17,0.0,1.879616910804953e-08,1.7631291696726137e-07,0.004196059437046081,0.05431529841182546,0.00419606298259248,0.05431545267839925,1.0766596779985952e-07,2.7314279645418187e-07
14,1817,454,15,0.475,work,1,8.441528768080324e-17,0.0,0.011052932428085456,0.04308322324118501,0.007188360131621182,0.05887633710668344,0.017688027481712484,0.05984830077721148,7.026911143066138e-08,5.670278546345386e-07
14,1818,454,15,0.48333333333333334,work,2,8.441528768080324e-17,0.0,0.0073844353518361895,0.028768511733390817,0.010235186092055417,0.06325316719871103,0.016880813298403668,0.06235257458866617,2.376261910844336e-07,6.47472172451035e-07
14,1819,454,15,0.49166666666666664,work,3,8.441528768080324e-17,0.0,0.0037000596466842885,0.014407345774533443,0.01302652167207401,0.06763227993733283,0.016082568730539724,0.06651587024142995,2.728143156421744e-07,7.817075877549698e-07
14,1820,454,15,0.5,work,4,8.441528768080324e-17,0.0,1.4662952012103406e-08,7.300048299977715e-08,0.015380361569634187,0.07157324602938697,0.015380375338150684,0.07157318749136406,1.5966861323026932e-07,6.364034564513776e-07
14,1821,455,16,0.5083333333333333,work,1,1.249000902703301e-16,0.0,0.021570688329628482,0.042703730742811766,0.0213461370146949,0.08536295201872128,0.0421776904810892,0.10631140235664209,1.3784579636348974e-07,7.189713765272429e-07
14,1822,455,16,0.5166666666666666,work,2,1.249000902703301e-16,0.0,0.014359830285308595,0.02837945463121183,0.026172318252658065,0.0957641187365953,0.03977877354980263,0.10912752322646471,3.6066333351122543e-07,6.590290185062909e-07
14,1823,455,16,0.525,work,3,1.249000902703301e-16,0.0,0.007169279510243984,0.014144707728030568,0.029718528316853083,0.10307519580851378,0.036362328812107304,0.10942966143284164,5.152648591064775e-07,8.226736630107378e-07
14,1824,455,16,0.5333333333333333,work,4,1.249000902703301e-16,0.0,1.1144573072796747e-08,1.032382731180714e-07,0.0319430551416282,0.10771810823421844,0.03194304647760884,0.10771801334135081,2.660421315512591e-07,4.5976783694450694e-07
14,1825,456,17,0.5416666666666666,work,1,1.1102230246251565e-16,0.0,0.015343573441482294,0.027881889293046837,0.03188745422643123,0.10797463596477803,0.04641157735041575,0.1270866782646544,1.8980611794978654e-07,4.256623046721735e-07
14,1826,456,17,0.55,work,2,1.1102230246251565e-16,0.0,0.01021818433528088,0.018551299006708852,0.031130123516011833,0.10505169484417508,0.040693227842981,0.11752605981519688,2.1066068270165194e-07,2.0212918469683143e-07
14,1827,456,17,0.5583333333333333,work,3,1.1102230246251565e-16,0.0,0.0051035757708179676,0.009257349248435045,0.029804416817340067,0.10054299569392224,0.03452517173017684,0.10660970845753985,2.644512008212355e-07,2.7637536810325715e-07
14,1828,456,17,0.5666666666666667,work,4,1.1102230246251565e-16,0.0,1.2437351383723225e-08,5.960464477539063e-08,0.028091237600295586,0.09503204934682144,0.028091238578683005,0.09503207003940703,2.7336108236619364e-07,4.823927300047483e-07
14,1829,457,18,0.575,work,1,1.6653345369377348e-16,0.0,0.01173689071113659,0.024264671847197654,0.025156753991784235,0.08636604661658218,0.03544575706545032,0.09604551817836104,5.019849515172839e-08,7.765778434750714e-07
14,1830,457,18,0.5833333333333334,work,2,1.6653345369377348e-16,0.0,0.007806224805385566,0.01616414279680136,0.022499440327103847,0.078089860574159,0.02930080230919646,0.08380171692842518,1.659885117051365e-07,6.623897186187795e-07
14,1831,457,18,0.5916666666666667,work,3,1.6653345369377348e-16,0.0,0.003893867441371003,0.008075843952373082,0.020087176194949877,0.0705945050194625,0.02342789090182471,0.07299935698185038,1.217071623288884e-07,8.455670451588161e-07
14,1832,457,18,0.6,work,4,1.6653345369377348e-16,0.0,3.5360038003719685e-08,1.5769906706002898e-07,0.017936393577136465,0.06393068890591042,0.01793642610612633,0.06393083740666955,1.0495869570520026e-07,4.558878702157255e-07
14,1833,458,19,0.6083333333333333,work,1,7.850462293418876e-17,0.0,0.009382261035993687,0.030629777375873926,0.016158891632175983,0.05836171627422697,0.02436218950145846,0.052628544679854186,4.4109478578814535e-07,9.518098487062134e-07
14,1834,458,19,0.6166666666666667,work,2,7.850462293418876e-17,0.0,0.0062360365655682,0.020441128488014947,0.014795895837937181,0.05357247150968128,0.020201486223646453,0.04713661435030616,2.788241077517658e-07,4.539354506649926e-07
14,1835,458,19,0.625,work,3,7.850462293418876e-17,0.0,0.003108555360997646,0.010231331206490838,0.013674573643375413,0.04964459423795507,0.016303144509932588,0.045174128020832795,2.0041023729264728e-07,3.976125736274229e-07
14,1836,458,19,0.6333333333333333,work,4,7.850462293418876e-17,0.0,1.191239701375889e-08,1.032382731180714e-07,0.012746017852050817,0.04642922481948667,0.012746026946955149,0.04642932536753252,4.2260208298425225e-07,4.906081447945347e-07
14,1837,459,20,0.6416666666666666,work,1,0.0,0.0,0.0047485645593573315,0.04107025391364288,0.010930837849843519,0.04099178125722464,0.014275738294570395,0.023691222883507303,2.4272031363648207e-07,3.1256939416234273e-07
14,1838,459,20,0.65,work,2,0.0,0.0,0.00314288315970252,0.027389900954072628,0.009728721849701746,0.03665096644098908,0.012114516589949432,0.01825089424066414,2.4271555406657495e-07,4.380028979986637e-07
14,1839,459,20,0.6583333333333333,work,3,0.0,0.0,0.0015601732574893222,0.013699779343390645,0.008908242695062647,0.03333604505079767,0.010135951608211402,0.0217436381463218,1.7473665821729245e-07,4.519745972187261e-07
14,1840,459,20,0.6666666666666666,work,4,0.0,0.0,1.7487150163358428e-08,0.0,0.008339655810700841,0.030974730219944492,0.008339660811441793,0.030974730389975495,3.963638176341203e-07,7.794318694247069e-07
14,1841,460,21,0.675,work,1,1.1443916996305594e-16,0.0,0.0028522252435393726,0.02229260587180056,0.00707457024026051,0.0272747523567684,0.008985143751200264,0.013175989917728765,3.0388828859948824e-07,7.468440584028805e-07
14,1842,460,21,0.6833333333333333,work,2,1.1443916996305594e-16,0.0,0.0018957766890825099,0.014871584458985999,0.006251499366266166,0.024851976228829904,0.007431289302605689,0.013998798924164758,2.49141198292344e-07,3.7932163659804686e-07
14,1843,460,21,0.6916666666666667,work,3,1.1443916996305594e-16,0.0,0.0009451023850822583,0.007440718740070503,0.005834751503687476,0.023665952158803506,0.006334687799160201,0.017756339040879827,2.545270302624388e-07,6.809031759974908e-07
14,1844,460,21,0.7,work,4,1.1443916996305594e-16,0.0,1.922418538787571e-08,2.9802322387695312e-08,0.0058088711455131945,0.023571141379400414,0.005808882380772682,0.023571101694395243,1.4889461772334252e-07,2.858538343496754e-07
14,1845,461,22,0.7083333333333334,work,1,1.942890293094024e-16,0.0,0.007477671457931527,0.017794152953089205,0.007672143396614451,0.028714206826983623,0.014483829546035595,0.03653433267783296,2.934961079456904e-07,3.1256939416234273e-07
14,1846,461,22,0.7166666666666667,work,2,1.942890293094024e-16,0.0,0.004979255196318917,0.011864346151063942,0.009992683634756963,0.03432611168805799,0.014541786158536414,0.03963299714890895,2.9896314919538997e-07,3.4498682328433513e-07
14,1847,461,22,0.725,work,3,1.942890293094024e-16,0.0,0.00248668871384155,0.005932967147672095,0.01218087052969577,0.03954900911612498,0.01442019554664581,0.042124724186188484,2.86744791788112e-07,6.426530674948667e-07
14,1848,461,22,0.7333333333333333,work,4,1.942890293094024e-16,0.0,1.8696085236861003e-08,1.4600096599955432e-07,0.014040129266952556,0.04394621584013515,0.014040115721969944,0.04394609563067467,4.88273298823036e-07,8.930757083756817e-07
14,1849,462,23,0.7416666666666667,work,1,1.2412670766236366e-16,0.0,0.009380496605688222,0.02276358830148404,0.01607887458187105,0.04887660260442762,0.0248577719591353,0.06514571437046933,3.4941778776060153e-07,3.5388297101968327e-07
14,1850,462,23,0.75,work,2,1.2412670766236366e-16,0.0,0.006247715700945032,0.015165279784384466,0.017577679921498415,0.05235761139509198,0.02336616582271842,0.06262766417117221,2.1680437173728613e-07,3.153981341200582e-07
14,1851,462,23,0.7583333333333333,work,3,1.2412670766236366e-16,0.0,0.0031208151786929358,0.007577384809966631,0.018569504736051616,0.05451523987598893,0.021423957725950928,0.059369720842205896,3.355632305711109e-07,6.951036327892935e-07
14,1852,462,23,0.7666666666666666,work,4,1.2412670766236366e-16,0.0,3.305814632622706e-08,2.1073424255447025e-07,0.019108121380339606,0.05549569013270324,0.019108149359317983,0.05549587582019549,2.386447846516915e-07,5.748063779469126e-07
14,1853,463,24,0.775,work,1,2.0770370905276122e-16,4.2146848510894035e-08,0.010340101427302182,0.02383385125561251,0.019776397194448393,0.05702848847828852,0.029334888122544055,0.07386576524780439,5.578590985354515e-08,7.336457744295144e-07
14,1854,463,24,0.7833333333333333,work,2,2.0770370905276122e-16,4.2146848510894035e-08,0.0068902930562178485,0.015885953016044434,0.02002540651140837,0.057219896943118555,0.02633424112312824,0.06793024241376387,3.3250752337167665e-07,8.57561503049032e-07
14,1855,463,24,0.7916666666666666,work,3,2.0770370905276122e-16,4.2146848510894035e-08,0.003443509769954592,0.007941289296387556,0.019903604384500246,0.05644711823257367,0.0230159890826054,0.06152083931906965,1.4730115356982538e-07,6.495265578539212e-07
14,1856,463,24,0.8,work,4,2.0770370905276122e-16,4.2146848510894035e-08,2.2697357393706684e-08,7.300048299977715e-08,0.019490408787127652,0.05493482526957285,0.019490392152825803,0.05493478377218495,3.926495141581462e-07,1.059555341877424e-06
14,1857,464,25,0.8083333333333333,work,1,6.206335383118183e-17,0.0,0.008986444843565202,0.024499189040369098,0.018814294862833175,0.052914038296729825,0.027220164149437093,0.06723154807177381,2.3243779979526263e-07,8.800520336767149e-07
14,1858,464,25,0.8166666666666667,work,2,6.206335383118183e-17,0.0,0.0059958479708097125,0.01635631284520156,0.01801254716843875,0.05038980516077407,0.0235573101438749,0.059414571929811984,1.7823049231804058e-07,3.5638394186202926e-07
14,1859,464,25,0.825,work,3,6.206335383118183e-17,0.0,0.00300043584197772,0.008190014701495482,0.017138503707288925,0.04770617201873064,0.019878821845775566,0.05185367908836913,2.78361729951914e-07,6.085806446272795e-07
14,1860,464,25,0.8333333333333334,work,4,6.206335383118183e-17,0.0,2.4702308351532438e-08,2.9802322387695312e-08,0.016257007062968693,0.04504033135961831,0.016256986209516777,0.04504035815221726,2.2775832188028642e-07,2.1900144899933154e-07
14,1861,465,26,0.8416666666666667,work,1,1.1775693440128312e-16,0.0,0.010120186204458636,0.025901924490904806,0.01575641785528174,0.04353683396460546,0.025106062830898526,0.05976064022070985,8.471972502714135e-08,4.086288571596775e-07
14,1862,465,26,0.85,work,2,1.1775693440128312e-16,0.0,0.00675371584050382,0.01729685278900879,0.015255241330914968,0.04189969711891757,0.021453328812063733,0.05188169739291193,9.841933442811815e-08,4.0644948771553874e-07
14,1863,465,26,0.8583333333333333,work,3,1.1775693440128312e-16,0.0,0.0033804093723444144,0.008663166924520795,0.01475982607526753,0.04029457940182451,0.017826500881126084,0.04475051942966498,2.6516188424585706e-07,7.98568785606286e-07
14,1864,465,26,0.8666666666666667,work,4,1.1775693440128312e-16,0.0,3.327857191009557e-08,1.1920928955078128e-07,0.01428905408955396,0.03877594074215716,0.014289082784312129,0.0387760495345342,2.7463034043859465e-07,4.519745972187261e-07
14,1865,466,27,0.875,work,1,2.3714374201337736e-16,0.0,0.009877898821581885,0.02683937183062138,0.01378331497207176,0.037223920996694346,0.02296636308877335,0.05395952984319031,2.0644541386812733e-07,2.858538343496754e-07
14,1866,466,27,0.8833333333333333,work,2,2.3714374201337736e-16,0.0,0.0065957331068425785,0.017920992114460837,0.013329637580092861,0.03575625927030393,0.019406568151548325,0.0459251689271272,1.656338748041233e-07,3.068336886461678e-07
14,1867,466,27,0.8916666666666666,work,3,2.3714374201337736e-16,0.0,0.003303268868466627,0.008974916913628754,0.012939046838348432,0.034474645886437415,0.01593978425520325,0.03890140027243794,1.605143425129059e-07,8.429369702178807e-08
14,1868,466,27,0.9,work,4,2.3714374201337736e-16,0.0,4.150863455028769e-08,1.1920928955078128e-07,0.012620557346055668,0.03340091999911527,0.012620593568387703,0.03340102569148272,1.3438766443013672e-07,1.264405455326821e-07
15,1869,467,1,0.008333333333333333,startup,1,1.2719202621569003e-16,0.0,0.009230783967684328,0.02974828145696279,0.0021529306020529725,0.004730898915453746,0.011378388682432784,0.03431910968925995,1.66964714791911e-07,8.460920790778694e-07
15,1870,467,1,0.016666666666666666,startup,2,1.2719202621569003e-16,0.0,0.006173174901027302,0.01983074594067698,0.003136979614564042,0.006661530046756658,0.009290597470680137,0.026276656938754254,2.3546375586032653e-07,1.0856393337301736e-06
15,1871,467,1,0.025,startup,3,1.2719202621569003e-16,0.0,0.003096201118863468,0.00991460284481233,0.003354900515235118,0.006538796669237229,0.0064117685385631385,0.016258931289748164,1.21726396423753e-07,6.730311984203021e-07
15,1872,467,1,0.03333333333333333,startup,4,1.2719202621569003e-16,0.0,4.614702516177531e-08,8.429369702178807e-08,0.00313890602925998,0.004895997056328373,0.003138911941996445,0.004895920721338195,1.5728681719405993e-07,6.976544803809931e-07
15,1873,468,2,0.041666666666666664,work,1,2.237726045655905e-16,0.0,0.005899214246818271,0.020681444613273176,0.0030741414260788517,0.002978217165862679,0.008422454494234748,0.01881736363836048,1.9224693220573756e-07,7.691078126766694e-07
15,1874,468,2,0.05,work,2,2.237726045655905e-16,0.0,0.003935821479492359,0.013796758370824017,0.004636086455359175,0.009191206041011,0.007029424113563127,0.008569826392846158,1.8220822153617362e-07,7.115206948705545e-07
15,1875,468,2,0.058333333333333334,work,3,2.237726045655905e-16,0.0,0.001969426309104783,0.006902953192439928,0.006552945416526836,0.015109353591213839,0.007133419346305415,0.010637410607655228,1.5806416411664762e-07,5.21327724591969e-07
15,1876,468,2,0.06666666666666667,work,4,2.237726045655905e-16,0.0,3.6505105837504565e-09,8.429369702178807e-08,0.008401837708050955,0.02040433389171414,0.00840183937478953,0.020404324563979417,1.576917824817931e-07,6.143906154658909e-07
15,1877,469,3,0.075,work,1,1.8410966031475738e-16,0.0,0.006175941958966054,0.022245694693369636,0.01062213519985448,0.026317333733572066,0.013640417595289615,0.019239335907203964,2.3278902130948528e-07,8.460920790778694e-07
15,1878,469,3,0.08333333333333333,work,2,1.8410966031475738e-16,0.0,0.004114511093012021,0.014841134952128562,0.010493742160963888,0.022839700798336533,0.012241180717953172,0.016360539075904217,3.5632350651488276e-07,1.0254770835688973e-06
15,1879,469,3,0.09166666666666666,work,3,1.8410966031475738e-16,0.0,0.0020559129267519152,0.007425906339654154,0.00808385587290895,0.015842716954509995,0.00894495006997822,0.012055125833591113,1.7436648162500402e-07,8.734673791976548e-07
15,1880,469,3,0.1,work,4,1.8410966031475738e-16,0.0,2.7012222842632775e-08,1.032382731180714e-07,0.006373377174355065,0.011637304530296832,0.006373350855350049,0.011637253216627648,2.118359745942181e-07,8.301966355552804e-07
15,1881,470,4,0.10833333333333334,work,1,2.0206364052201326e-16,0.0,0.006145473071808723,0.02612908364058822,0.005112359847742596,0.008775559247754777,0.009312737911906519,0.023778588195480104,3.4302294514091595e-07,9.839280855190363e-07
15,1882,470,4,0.11666666666666667,work,2,2.0206364052201326e-16,0.0,0.004097300333573287,0.01742323064920764,0.004466905538962536,0.007469521486111279,0.007094363386457623,0.01604485345295223,4.3398186030554913e-07,1.242438768486748e-06
15,1883,470,4,0.125,work,3,2.0206364052201326e-16,0.0,0.002048808790889009,0.008713440302923326,0.004344335440557369,0.0075282764008928965,0.0054089932471299415,0.009051485804750443,2.5403611899329067e-07,6.151130032703392e-07
15,1884,470,4,0.13333333333333333,work,4,2.0206364052201326e-16,0.0,2.2587292874839516e-08,1.6858739404357617e-07,0.004644188845136259,0.008651271939652528,0.004644210946478227,0.008651293049154336,2.8351387897251756e-07,8.123524886631431e-07
15,1885,471,5,0.14166666666666666,work,1,1.798766884999431e-16,2.9802322387695312e-08,0.005463808259731501,0.02796612630864408,0.00516896810846929,0.010774172946708396,0.008756821582172359,0.027721650832893463,2.2758279245192455e-07,7.354594873936853e-07
15,1886,471,5,0.15,work,2,1.798766884999431e-16,2.9802322387695312e-08,0.003642352414139864,0.018635922103260004,0.0058384515531940484,0.012328948145046916,0.0077649835029158995,0.020094839817760887,3.768797793968465e-07,1.0224411963467974e-06
15,1887,471,5,0.15833333333333333,work,3,1.798766884999431e-16,2.9802322387695312e-08,0.0018210996302278199,0.009313734902037836,0.00560669657746212,0.011095362670278738,0.006364381164236792,0.013417108711910255,2.4937718871076736e-07,9.386548845782141e-07
15,1888,471,5,0.16666666666666666,work,4,1.798766884999431e-16,2.9802322387695312e-08,2.824397961950289e-08,7.300048299977715e-08,0.004707275906660298,0.008722203120559047,0.004707249271531727,0.008722171224926257,2.388454659728414e-07,7.760057786876928e-07
15,1889,472,6,0.175,work,1,1.594436429147036e-16,0.0,0.005593883309386615,0.029684760025321145,0.0037795085669448175,0.006849457477770125,0.007279018344707793,0.03195219321380909,3.070187063511016e-07,8.139908482878063e-07
15,1890,472,6,0.18333333333333332,work,2,1.594436429147036e-16,0.0,0.0037287778410604222,0.01979681434479289,0.00341002761085206,0.0060551268900972885,0.005493244880539441,0.02219310149494785,2.4370193484785634e-07,8.565251745700851e-07
15,1891,472,6,0.19166666666666665,work,3,1.594436429147036e-16,0.0,0.0018641268510543759,0.009902020703723197,0.003426217391822334,0.006050847274168651,0.00420333543930409,0.013004214454184062,3.577087592000403e-07,1.0749512193722518e-06
15,1892,472,6,0.2,work,4,1.594436429147036e-16,0.0,4.4125266886302035e-08,1.4600096599955432e-07,0.003216004899398848,0.00563062487595262,0.003215962911178272,0.005630476886031456,2.1041867257914446e-07,7.627298767608288e-07
15,1893,473,7,0.20833333333333334,work,1,1.1443916996305594e-16,0.0,0.005065825894175746,0.027358653131187807,0.0023844603908378227,0.0048455794194211055,0.0054076984891400105,0.031008085028837208,2.5820326369088084e-07,5.519467347101031e-07
15,1894,473,7,0.21666666666666667,work,2,1.1443916996305594e-16,0.0,0.0033789981617141376,0.018264700121552853,0.0020133166869511555,0.004733063912866958,0.0037443525136943863,0.022216145851208565,4.495071390468538e-07,1.188361766182016e-06
15,1895,473,7,0.225,work,3,1.1443916996305594e-16,0.0,0.0016904007710110012,0.009145238156178067,0.0019094110725785451,0.004231198414943152,0.0023975554832978475,0.012834505910607396,3.980253142067666e-07,1.2032168649546298e-06
15,1896,473,7,0.23333333333333334,work,4,1.1443916996305594e-16,0.0,3.4402934435393364e-08,7.300048299977715e-08,0.0015731884693725373,0.0037114105700822735,0.001573219235179328,0.003711424535968193,3.253505699263932e-07,1.0864571412538534e-06
15,1897,474,8,0.24166666666666667,work,1,2.7755575615628914e-17,4.2146848510894035e-08,0.0054704229697714836,0.0349688719508138,0.0006391373260541588,0.0045061365533100705,0.0053025570505219185,0.03661905383734123,4.006648878161227e-07,1.3055322238093554e-06
15,1898,474,8,0.25,work,2,2.7755575615628914e-17,4.2146848510894035e-08,0.0036569248660399093,0.023478840439040152,0.000549269895042916,0.005161708397677167,0.003680902735326845,0.025497538371604976,4.1844833447936113e-07,1.282192752617557e-06
15,1899,474,8,0.2583333333333333,work,3,2.7755575615628914e-17,4.2146848510894035e-08,0.0018335798785786906,0.011822923521824198,0.0007740859590569537,0.005668649360796131,0.002097066955952479,0.014266385249977857,8.735103798952594e-08,5.670278546345386e-07
15,1900,474,8,0.26666666666666666,work,4,2.7755575615628914e-17,4.2146848510894035e-08,5.447960687747941e-08,1.3978528260658475e-07,0.0010772777133049116,0.006481037909006473,0.0010773083308833525,0.006481130248718855,2.9291247765182794e-07,1.034531292778848e-06
15,1901,475,9,0.275,work,1,2.498001805406602e-16,0.0,0.004964390166300144,0.032600982176987356,0.0011964304055918427,0.007851122107135266,0.005375919775150421,0.03001470225281663,3.080085727615216e-07,7.737132898418456e-07
15,1902,475,9,0.2833333333333333,work,2,2.498001805406602e-16,0.0,0.003303177285629039,0.021844129683571984,0.0013991454236539416,0.008745225187805577,0.003959960865802704,0.018931602993739163,2.8111161815628414e-07,9.068920644940776e-07
15,1903,475,9,0.2916666666666667,work,3,2.498001805406602e-16,0.0,0.001648477187864852,0.01097758199102797,0.0016387274394390266,0.009789556485753706,0.002677149133282084,0.00947627212293255,3.520296695454577e-07,1.1611437641846199e-06
15,1904,475,9,0.3,work,4,2.498001805406602e-16,0.0,3.865533994386875e-08,1.032382731180714e-07,0.0018823009344337129,0.010791684775668813,0.0018823344543265608,0.010791756873001677,1.911181445724608e-07,8.78031245628378e-07
15,1905,476,10,0.30833333333333335,work,1,1.798766884999431e-16,0.0,0.0032768760112075416,0.03073906597486199,0.002342906285702803,0.011894804723927722,0.004825560482352179,0.021214916587121734,1.6528171070709177e-07,7.220531368008723e-07
15,1906,476,10,0.31666666666666665,work,2,1.798766884999431e-16,0.0,0.002170552932622515,0.020487961077375046,0.002639385050628326,0.012995677200195977,0.0039878758896166175,0.010280656832794085,3.6605735074705474e-07,9.343871716613189e-07
15,1907,476,10,0.325,work,3,1.798766884999431e-16,0.0,0.0010785321508370153,0.010241332914602237,0.002833075429366653,0.014048495579512562,0.0033525340823515595,0.005974201818714589,1.5684667795631136e-07,7.468440584028805e-07
15,1908,476,10,0.3333333333333333,work,4,1.798766884999431e-16,0.0,4.869877093995676e-08,1.0745380149674385e-07,0.002884406499108948,0.014676532179152182,0.002884446045841552,0.014676602333421822,4.118937572884224e-07,1.3055322238093554e-06
15,1909,477,11,0.3416666666666667,work,1,2.622130794118103e-16,0.0,0.002836310003494778,0.02311909338130051,0.0028074085486248556,0.015996202205964146,0.004169353013311087,0.007535237533549264,4.0562051347105165e-07,1.1174877440484116e-06
15,1910,477,11,0.35,work,2,2.622130794118103e-16,0.0,0.0018976818803563594,0.015431083854184936,0.0028192748793404885,0.0172516949123174,0.003501615144413752,0.0027506093506518593,2.1995200241391805e-07,7.127678837240613e-07
15,1911,477,11,0.35833333333333334,work,3,2.622130794118103e-16,0.0,0.000952515983623046,0.007724915168431442,0.0026925470179948816,0.017582400393557726,0.0028708022477393503,0.009995498192634684,2.674236823393282e-07,6.208618478774947e-07
15,1912,477,11,0.36666666666666664,work,4,2.622130794118103e-16,0.0,3.201977795770938e-08,7.300048299977715e-08,0.002472571138251818,0.01773071441860353,0.0024725909140084095,0.017730783569794198,2.963925495963489e-07,9.969311168001833e-07
15,1913,478,12,0.375,work,1,5.721958498152797e-17,0.0,0.0035354883533298283,0.01871817627356386,0.0022785808310138715,0.01908308471782795,0.0041280310075842526,0.005650109149758212,3.7047546505824054e-07,1.2069020707200108e-06
15,1914,478,12,0.3833333333333333,work,2,5.721958498152797e-17,0.0,0.0023616623004694727,0.01249281609575839,0.002195527266870808,0.02028470841855913,0.003256903545891808,0.009288290740846224,2.35065967592624e-07,7.300048299977754e-07
15,1915,478,12,0.39166666666666666,work,3,5.721958498152797e-17,0.0,0.0011832111952524238,0.006253700132005606,0.002108196061981645,0.020857592517466873,0.0024791770114582943,0.015081483556671072,3.8651355339315326e-07,8.770191055275369e-07
15,1916,478,12,0.4,work,4,5.721958498152797e-17,0.0,1.8198533996726377e-08,1.3328003749250115e-07,0.002003681486587667,0.021428033847596974,0.0020036952592309286,0.021427946001928926,3.1206768522020504e-07,8.714313219316936e-07
15,1917,479,13,0.4083333333333333,work,1,2.7755575615628914e-17,0.0,0.005457348570884496,0.021598187529294034,0.00219465473948371,0.0219115370499969,0.006837572310192042,0.0050212837910774055,2.976450726196022e-07,9.784969782461028e-07
15,1918,479,13,0.4166666666666667,work,2,2.7755575615628914e-17,0.0,0.00363928077071379,0.014414833370850328,0.0022056855760074255,0.022374328863531107,0.005293082823072639,0.00923980509389213,2.712442299161174e-07,9.127493400045447e-07
15,1919,479,13,0.425,work,3,2.7755575615628914e-17,0.0,0.0018202671206082799,0.007215322068352342,0.00220956632601087,0.023357596600642454,0.003710126588609048,0.016561945798716178,2.109595681815552e-07,8.317998490901567e-07
15,1920,479,13,0.43333333333333335,work,4,2.7755575615628914e-17,0.0,8.902482573674735e-09,2.9802322387695312e-08,0.0022712081752489168,0.024492282662813364,0.0022712168463898982,0.024492313335135057,2.455199873784455e-07,4.3495057580847895e-07
15,1921,480,14,0.44166666666666665,work,1,9.309503074677274e-17,0.0,0.00607501113761105,0.027897868621071447,0.002271741325546121,0.02410664763837194,0.00804049157215547,0.00932138074155652,3.219414125258523e-07,8.800520336767149e-07
15,1922,480,14,0.45,work,2,9.309503074677274e-17,0.0,0.00405795352211503,0.018614658757238434,0.0019520835270864035,0.023654707100535844,0.005896903941178583,0.009790060691837426,1.2842480307529322e-07,8.905859468867814e-07
15,1923,480,14,0.4583333333333333,work,3,9.309503074677274e-17,0.0,0.0020329713043453147,0.009315431131659035,0.0016509644739902494,0.023447933670662263,0.0036313904698425242,0.015762023227190638,1.283401117007416e-07,6.854534149169956e-07
15,1924,480,14,0.4666666666666667,work,4,9.309503074677274e-17,0.0,5.65161336805636e-08,1.6858739404357617e-07,0.0015350377291453688,0.023550441732173535,0.0015350447665953184,0.02355055985453949,1.5879377305904284e-07,7.257339752844564e-07
15,1925,481,15,0.475,work,1,7.473417450352271e-17,0.0,0.00748225361791439,0.0339235444897567,0.0026486145715203,0.023816261208573317,0.009782147330940441,0.028769285079849275,3.185543447657195e-07,7.090197356564034e-07
15,1926,481,15,0.48333333333333334,work,2,7.473417450352271e-17,0.0,0.004999248259663454,0.022617675767650603,0.003949375641168538,0.024047597905850423,0.008127488225675166,0.025749217442510394,2.5569147238805965e-07,6.063875540904964e-07
15,1927,481,15,0.49166666666666664,work,3,7.473417450352271e-17,0.0,0.002505139604742,0.011309837113475522,0.005196487549413176,0.024700460451971804,0.006848933525839787,0.02453875725469154,2.0952349598258372e-07,5.022376640544164e-07
15,1928,481,15,0.5,work,4,7.473417450352271e-17,0.0,1.1863079124382979e-08,5.16191365590357e-08,0.006325491703184428,0.025541352775923037,0.00632548604023955,0.02554134886012712,4.1829857062977004e-07,1.3744655320168056e-06
15,1929,482,16,0.5083333333333333,work,1,2.254873622441467e-16,0.0,0.01149063937073018,0.03896505342254423,0.009017859818023864,0.02936603526101659,0.018917709793230764,0.05598497454617669,2.177317628918543e-07,6.756653814765625e-07
15,1930,482,16,0.5166666666666666,work,2,2.254873622441467e-16,0.0,0.00765026304334918,0.025963128255649334,0.01113827034078071,0.03300463377311096,0.017213777959246137,0.05076720509365817,3.7631253952914425e-07,1.1596129213776584e-06
15,1931,482,16,0.525,work,3,2.254873622441467e-16,0.0,0.003819965074142434,0.012974648645587297,0.01275181482728887,0.03610395924526264,0.015473421983704806,0.04482963936092668,4.3236427998145967e-07,1.4167862324720576e-06
15,1932,482,16,0.5333333333333333,work,4,2.254873622441467e-16,0.0,4.05603488675454e-08,8.940696716308595e-08,0.013950711654584193,0.038618831404998,0.013950675795549277,0.03861880582534133,2.3282858063761147e-07,7.702617635321716e-07
15,1933,483,17,0.5416666666666666,work,1,2.482534153247273e-16,0.0,0.01417431569090527,0.038977365940052244,0.01588033831802397,0.04338272085862296,0.027362047684982765,0.0780537471770496,3.2071325330591877e-07,8.596304119739573e-07
15,1934,483,17,0.55,work,2,2.482534153247273e-16,0.0,0.009418840449941549,0.025984271988138487,0.0171718848571453,0.04669916456668572,0.02434004867538315,0.0698089539413039,3.186489296735693e-07,9.1953567388902e-07
15,1935,483,17,0.5583333333333333,work,3,2.482534153247273e-16,0.0,0.00469396560072574,0.012991909287365249,0.017837627413194772,0.04852407355218437,0.02112182684509425,0.060002685461885516,3.2887289281104576e-07,7.98568785606286e-07
15,1936,483,17,0.5666666666666667,work,4,2.482534153247273e-16,0.0,1.770335737188881e-08,0.0,0.017964011465593812,0.049004389217406435,0.017963995798414515,0.04900436339847093,1.6865706396423509e-07,3.6621706865562575e-07
15,1937,484,18,0.575,work,1,1.8253379971363983e-16,0.0,0.015173640374957284,0.019174274028321264,0.01957067511783493,0.05305206617097121,0.032519595687140954,0.07021024653229113,2.0857660969183622e-07,6.848052318737575e-07
15,1938,484,18,0.5833333333333334,work,2,1.8253379971363983e-16,0.0,0.010076944380382957,0.012820165552302101,0.020325425625419714,0.055086734949056415,0.028598407438865634,0.0664768278432695,1.5805030698385795e-07,5.847637912734942e-07
15,1939,484,18,0.5916666666666667,work,3,1.8253379971363983e-16,0.0,0.005018892476158044,0.006428812306881369,0.020336898259145343,0.055172653140919375,0.024262082371545604,0.06084147745984322,4.025494444172382e-07,1.008006007986542e-06
15,1940,484,18,0.6,work,4,1.8253379971363983e-16,0.0,4.262272165966355e-08,7.300048299977715e-08,0.01978253793500589,0.0537695867970686,0.019782577808015938,0.05376967030175345,2.4048102163200044e-07,8.387116956395144e-07
15,1941,485,19,0.6083333333333333,work,1,1.7772239894833365e-16,0.0,0.011025916494628033,0.017768554429403643,0.01878434016971261,0.049887244745779394,0.028501927643833212,0.05680626171336886,1.8156242101133218e-07,4.951133646320162e-07
15,1942,485,19,0.6166666666666667,work,2,1.7772239894833365e-16,0.0,0.007340988634890904,0.011627824475639537,0.01743718833872999,0.04572826274398361,0.023719514185532593,0.04930166824674611,3.342521142459069e-07,9.300998767809495e-07
15,1943,485,19,0.625,work,3,1.7772239894833365e-16,0.0,0.0036655726707628,0.0057060222304022535,0.015914094721589483,0.04143985313936333,0.018944561792533003,0.04271844235002901,2.9065287547926874e-07,1.0071244984099853e-06
15,1944,485,19,0.6333333333333333,work,4,1.7772239894833365e-16,0.0,1.6912354487913205e-08,7.300048299977715e-08,0.014397473401218773,0.0373974286500016,0.014397457283215127,0.03739741261319405,1.9965608281329907e-07,9.471326221269877e-07
15,1945,486,20,0.6416666666666666,work,1,3.1031676915590914e-17,0.0,0.010412047164908553,0.022111517600108228,0.013529442869113352,0.034312540726237954,0.023073670340349697,0.03550221920210996,3.174582731041673e-07,1.2921979062962042e-06
15,1946,486,20,0.65,work,2,3.1031676915590914e-17,0.0,0.006940370443006391,0.014278965424573267,0.012617834473270802,0.031721688983738665,0.018864699510165873,0.030293402675230667,1.0073393481349123e-07,7.515859730791191e-07
15,1947,486,20,0.6583333333333333,work,3,3.1031676915590914e-17,0.0,0.003470081032713333,0.006912737035989279,0.011758958317745571,0.029505721170764967,0.014810278998053128,0.027707914250875543,1.2116041060126966e-07,5.91559208669641e-07
15,1948,486,20,0.6666666666666666,work,4,3.1031676915590914e-17,0.0,3.72628450639999e-08,1.1542389828584842e-07,0.01103254929749389,0.027752123078220524,0.011032584013426234,0.027752194005740454,2.0533387116750083e-07,8.376520468327582e-07
15,1949,487,21,0.675,work,1,2.0206364052201326e-16,0.0,0.01039837356505067,0.022017082821822586,0.010802423880925992,0.02670287958311155,0.020533270075201927,0.025669461714377007,1.3656308873861176e-07,5.778884717722352e-07
15,1950,487,21,0.6833333333333333,work,2,2.0206364052201326e-16,0.0,0.006937461965640344,0.01407291466556282,0.010573519440428414,0.02604997311324196,0.016957436345710057,0.02243822933933964,1.9425747420168714e-07,7.84542952840821e-07
15,1951,487,21,0.6916666666666667,work,3,2.0206364052201326e-16,0.0,0.0034729620636823424,0.006746196803641563,0.010391957684031781,0.025672840415866944,0.01351547031532732,0.022626742269165813,1.4899821121220763e-07,7.090197356564034e-07
15,1952,487,21,0.7,work,4,2.0206364052201326e-16,0.0,5.2216738148527505e-08,1.8371385344770487e-07,0.010290343449370368,0.02556341545407949,0.01029039338194305,0.025563489611812134,2.084253159328551e-07,5.93807066833119e-07
15,1953,488,22,0.7083333333333334,work,1,2.3055512673781017e-16,0.0,0.010342951088531978,0.017649129794148823,0.010327517889247738,0.0255762369513165,0.020083252158144004,0.025388311620593594,2.501836661937479e-07,8.709215638758285e-07
15,1954,488,22,0.7166666666666667,work,2,2.3055512673781017e-16,0.0,0.006898436269152099,0.011089806302332934,0.010426574235535802,0.025844250159982356,0.016816890498363775,0.02388391361981237,1.5694515128136322e-07,7.384724434235059e-07
15,1955,488,22,0.725,work,3,2.3055512673781017e-16,0.0,0.0034525637867740076,0.005218391791896553,0.01057693416608583,0.026328816908891387,0.013698407078144329,0.02454545626331062,2.628661737424674e-07,1.3190684304434735e-06
15,1956,488,22,0.7333333333333333,work,4,2.3055512673781017e-16,0.0,6.329200648091243e-09,7.300048299977715e-08,0.010764867186229016,0.026934538587713778,0.01076486175201161,0.026934523570006755,3.4405762495872566e-07,1.356905989388517e-06
15,1957,489,23,0.7416666666666667,work,1,1.1188630228279524e-16,0.0,0.00959403758957365,0.014468358076482963,0.010796903732882534,0.026911293272158503,0.0198685818007976,0.027713803903924836,6.663696119764747e-08,5.153303285178731e-07
15,1958,489,23,0.75,work,2,1.1188630228279524e-16,0.0,0.006397287233074546,0.00899924314455139,0.010862007788887827,0.02703280182932841,0.0168015054732528,0.026290244623376334,1.0224713420835811e-07,6.251387883246874e-07
15,1959,489,23,0.7583333333333333,work,3,1.1188630228279524e-16,0.0,0.0032009970816135537,0.004185740576412396,0.010964781255342395,0.027340673982363943,0.013871255088703191,0.02638667301892431,1.2614423549679435e-07,3.3717478808715265e-07
15,1960,489,23,0.7666666666666666,work,4,1.1188630228279524e-16,0.0,2.3590736572764385e-08,1.032382731180714e-07,0.011103646844547689,0.027777137286590047,0.01110362417452172,0.027777102574753125,8.048576194460617e-08,6.789437383350475e-07
15,1961,490,24,0.775,work,1,2.0396099332657776e-16,0.0,0.009408473961843437,0.01604870129574228,0.011610040414365239,0.02863592129125184,0.02045416433983411,0.027957098226616885,1.1171471260338254e-07,6.515744659029109e-07
15,1962,490,24,0.7833333333333333,work,2,2.0396099332657776e-16,0.0,0.0062800862047921275,0.009927784916482019,0.011975561174438648,0.02950254535994069,0.017772751354101578,0.02714255897350443,1.447931737515156e-07,6.322027276634131e-07
15,1963,490,24,0.7916666666666666,work,3,2.0396099332657776e-16,0.0,0.0031480514292463505,0.0046101585358986055,0.012228653155695018,0.030210429231544458,0.015070585600104706,0.028310243464236856,1.0631888252943126e-07,7.177349673981881e-07
15,1964,490,24,0.8,work,4,2.0396099332657776e-16,0.0,3.532649259696318e-08,2.086162567138673e-07,0.01241226789863621,0.03079559479813473,0.012412232904609096,0.03079549823705032,1.577383984779435e-07,4.814712530792817e-07
15,1965,491,25,0.8083333333333333,work,1,7.97218214573518e-17,0.0,0.009782919842501271,0.0199381932864434,0.01358707213956433,0.0329141251339243,0.022693120806628934,0.028879363567836217,9.978066774006111e-08,4.3290373821061784e-07
15,1966,491,25,0.8166666666666667,work,2,7.97218214573518e-17,0.0,0.006557292747087785,0.012338065907513062,0.014296128204997045,0.034596113656539834,0.020238273092652272,0.0290496734308097,5.758580347266523e-08,6.279738994153012e-07
15,1967,491,25,0.825,work,3,7.97218214573518e-17,0.0,0.0033096793545817835,0.005797045819121915,0.014620169338689112,0.03553597017081695,0.017519582212389858,0.03185650194507305,1.9305251621805542e-07,9.461944023601825e-07
15,1968,491,25,0.8333333333333334,work,4,7.97218214573518e-17,0.0,3.8757162399759694e-08,1.2287812309317772e-07,0.01469346525593786,0.035928144698937195,0.014693503302942147,0.035928210064897645,1.798704214981787e-07,8.460920790778694e-07
15,1969,492,26,0.8416666666666667,work,1,8.886119947416683e-17,0.0,0.010194895983912721,0.023461637887567645,0.015073321672513598,0.03538258837733067,0.024374466175337766,0.03343926900330102,2.2776167313129003e-07,5.862806908162258e-07
15,1970,492,26,0.85,work,2,8.886119947416683e-17,0.0,0.00680836736319786,0.014956269038950582,0.014876695722964501,0.03385406918332124,0.02078092208330945,0.031051713187857884,1.8902299771977284e-07,2.7314279645418187e-07
15,1971,492,26,0.8583333333333333,work,3,8.886119947416683e-17,0.0,0.0034318430798397767,0.007278855625654914,0.014301312664994098,0.031782347263327265,0.01706054177109948,0.029754163264552203,1.2237260093029426e-07,4.298152059869762e-07
15,1972,492,26,0.8666666666666667,work,4,8.886119947416683e-17,0.0,2.4866191177337105e-08,0.0,0.013482979416881884,0.02953154970740331,0.013483002680751494,0.029531581222985253,2.0092609871743113e-07,5.717076686993523e-07
15,1973,493,27,0.875,work,1,1.249000902703301e-16,0.0,0.009541795322980235,0.026046145439990016,0.012599336527498542,0.028686926536794114,0.02084716867595211,0.04482275923076911,2.1562544853918257e-07,7.348554137908234e-07
15,1974,493,27,0.8833333333333333,work,2,1.249000902703301e-16,0.0,0.006217192066516031,0.017610394039031457,0.011338248092115739,0.02823021320861822,0.016287936635320934,0.03996192849656726,2.49745588096739e-07,1.1649620703275406e-06
15,1975,493,27,0.8916666666666666,work,3,1.249000902703301e-16,0.0,0.0030546481876890267,0.009031720355486161,0.009881442932118569,0.029501994163492168,0.011986248651718651,0.03599269758114456,1.326073054879201e-07,5.778884717722352e-07
15,1976,493,27,0.9,work,4,1.249000902703301e-16,0.0,1.3850279966446303e-08,5.16191365590357e-08,0.008320576894385244,0.03276465348042469,0.008320589209170975,0.0327646785426234,2.4827470879974555e-07,8.167141441133509e-07
16,1977,494,1,0.008333333333333333,startup,1,2.237726045655905e-16,0.0,0.009198911632985777,0.02966368350385362,0.002012845977897345,0.0037618561829772966,0.011062305072479487,0.02957377859441295,3.1414776803101935e-07,7.146345858741917e-07
16,1978,494,1,0.016666666666666666,startup,2,2.237726045655905e-16,0.0,0.006130697031674046,0.0197179254367942,0.003270983623774699,0.006775300579812901,0.009019731467877289,0.019470825531856754,2.539433564464339e-07,7.856742338218779e-07
16,1979,494,1,0.025,startup,3,2.237726045655905e-16,0.0,0.0030643575980930323,0.009829870715355567,0.004020703920922453,0.008832910987557435,0.006556033219757184,0.010784693505543596,1.8632628567346517e-07,2.528810910653644e-07
16,1980,494,1,0.03333333333333333,startup,4,2.237726045655905e-16,0.0,1.4828453494559143e-08,1.1151007970493858e-07,0.004538616850333688,0.010410093548690632,0.0045386169182570464,0.010410160610423389,3.095345754000721e-07,6.989264130329271e-07
16,1981,495,2,0.041666666666666664,work,1,2.1677797545656835e-16,0.0,0.005823766874190534,0.020609772727748367,0.005489707495480171,0.013055299573890325,0.010003867226224167,0.011765884481238442,2.444534274162895e-07,7.001960351747746e-07
16,1982,495,2,0.05,work,2,2.1677797545656835e-16,0.0,0.0038797350490195667,0.013708742387791073,0.0071524391262379585,0.01704040497117538,0.009122834777825063,0.007704801201239392,3.733994922984285e-07,1.0349604698530157e-06
16,1983,495,2,0.058333333333333334,work,3,2.1677797545656835e-16,0.0,0.00193849681935309,0.006838877866957796,0.009183846253526175,0.021853862432654653,0.009643807865788803,0.016101804126288727,2.853381760686232e-07,5.013526630777349e-07
16,1984,495,2,0.06666666666666667,work,4,2.1677797545656835e-16,0.0,2.742641514916632e-08,1.264405455326821e-07,0.011327191734701711,0.026929686084239422,0.01132717682063012,0.02692958554846692,1.2476756193158056e-07,6.041865030739715e-07
16,1985,496,3,0.075,work,1,1.3597399555105182e-16,0.0,0.006074750303968677,0.022101983499710858,0.013620064358061696,0.03272970362836481,0.015824466932950445,0.01866918513081419,2.6523605098556633e-07,3.1256939416234273e-07
16,1986,496,3,0.08333333333333333,work,2,1.3597399555105182e-16,0.0,0.0040480338927087545,0.014694552010098262,0.013669162474512558,0.03610082572158977,0.01503402427381384,0.026533014119482733,1.4528022170279244e-07,2.889442358861168e-07
16,1987,496,3,0.09166666666666666,work,3,1.3597399555105182e-16,0.0,0.002023128411301693,0.0073272354146718165,0.0129174703384244,0.03587130562589971,0.013624033288375234,0.030966503789567487,1.8170142847884404e-07,4.558878702157255e-07
16,1988,496,3,0.1,work,4,1.3597399555105182e-16,0.0,2.1143527763950095e-08,9.424321830774485e-08,0.012094606865274346,0.033625374389988305,0.012094602797294511,0.033625403196560114,2.0785584540475292e-07,5.110033809984414e-07
16,1989,497,4,0.10833333333333334,work,1,3.002224531865041e-16,0.0,0.006092822645083925,0.024951629154015133,0.011569859555110553,0.03203887139591511,0.015097339283205264,0.014663218326349004,1.6028526210472247e-07,3.3717478808715265e-07
16,1990,497,4,0.11666666666666667,work,2,3.002224531865041e-16,0.0,0.004062990507475194,0.01659865334921246,0.010999136978054014,0.030953258805332194,0.013219238544677445,0.018009772093023044,2.893114204104524e-07,7.164964246852024e-07
16,1991,497,4,0.125,work,3,3.002224531865041e-16,0.0,0.002032050164633773,0.008281562929172223,0.010088163576124588,0.029598107233398854,0.011142230579792531,0.022857773403172344,3.3700713675092654e-07,8.460920790778694e-07
16,1992,497,4,0.13333333333333333,work,4,3.002224531865041e-16,0.0,1.988436270768698e-08,5.960464477539063e-08,0.00954790260642358,0.02773263231173476,0.009547883314153615,0.027732663932787806,1.3253484178167284e-07,5.709303635557914e-07
16,1993,498,5,0.14166666666666666,work,1,1.1443916996305594e-16,0.0,0.005755721299243852,0.028412089578216254,0.008906249266437233,0.025936968922831916,0.012673254639709683,0.005210314495292441,4.6668928692122875e-07,1.0620671320680184e-06
16,1994,498,5,0.15,work,2,1.1443916996305594e-16,0.0,0.003840996702629793,0.018925227120797684,0.008331245425568762,0.024908315668016903,0.010712095926850242,0.007395185251655559,5.214849326961777e-07,1.0958180612832585e-06
16,1995,498,5,0.15833333333333333,work,3,1.1443916996305594e-16,0.0,0.0019224144998172608,0.00945448177843096,0.007758895509527232,0.023931916082441558,0.008884530096088512,0.014907576982245022,3.3396174813513907e-07,1.0097667185126303e-06
16,1996,498,5,0.16666666666666666,work,4,1.1443916996305594e-16,0.0,7.728618917027353e-09,4.2146848510894035e-08,0.007308730170770501,0.023100774844962473,0.007308731248416276,0.023100755573969137,1.96080975052922e-07,3.4240261593687747e-07
16,1997,499,6,0.175,work,1,8.326672684688674e-17,0.0,0.005863919612920897,0.031742757219649365,0.006671788012060559,0.02075338860377494,0.010612686306208112,0.013493720456256407,3.929690668214249e-07,5.975347058702557e-07
16,1998,499,6,0.18333333333333332,work,2,8.326672684688674e-17,0.0,0.003913685180017903,0.021163254321984085,0.006418712716819895,0.019414280724271787,0.0088382663019085,0.006805079764750035,1.5832353979278647e-07,2.3841857910156266e-07
16,1999,499,6,0.19166666666666665,work,3,8.326672684688674e-17,0.0,0.001959039773451365,0.010582287807909546,0.006449997883203134,0.019070185795541525,0.007451561854569383,0.009717788836070957,1.293712791046884e-07,4.70272715033875e-07
16,2000,499,6,0.2,work,4,8.326672684688674e-17,0.0,1.824765353125255e-08,5.960464477539063e-08,0.006643443527383754,0.019300966205562042,0.006643459471853076,0.01930098949717654,1.9277652664268551e-07,6.286806794920288e-07
16,2001,500,7,0.20833333333333334,work,1,1.7772239894833365e-16,0.0,0.00492891965620832,0.03042608691520523,0.006576507914944417,0.019163807533524063,0.009061438211060495,0.01565137413169029,2.46101387026273e-07,3.674277068954101e-07
16,2002,500,7,0.21666666666666667,work,2,1.7772239894833365e-16,0.0,0.0032886746919493053,0.020285851722264485,0.006682373762739349,0.018997628968515926,0.007950058252732949,0.00886502567956558,2.0551859327561826e-07,6.405766385854712e-07
16,2003,500,7,0.225,work,3,1.7772239894833365e-16,0.0,0.0016457032555192153,0.01014394439491528,0.006979795189136705,0.01919552672204925,0.007374727829678915,0.010975471985023744,1.8400608860280268e-07,2.8429603618888453e-07
16,2004,500,7,0.23333333333333334,work,4,1.7772239894833365e-16,0.0,1.6091874693054116e-08,5.16191365590357e-08,0.007432868210080717,0.019920507361014316,0.0074328537984023856,0.019920460875757755,1.5240084206594323e-07,4.6169559314339464e-07
16,2005,501,8,0.24166666666666667,work,1,5.551115123125783e-17,0.0,0.005299087048929887,0.031572011711139575,0.007423494030411749,0.020003615797880243,0.00795507873688892,0.01765425385299211,1.4521046781047436e-07,1.6858739404357617e-07
16,2006,501,8,0.25,work,2,5.551115123125783e-17,0.0,0.0035353067147451786,0.021047841075898948,0.007455061548263662,0.020912019276905443,0.007303398121089527,0.010284992724250753,2.5727765188034065e-07,4.730972011800879e-07
16,2007,501,8,0.2583333333333333,work,3,5.551115123125783e-17,0.0,0.0017689437865945792,0.010523844961417164,0.007247407753859028,0.022318981114663402,0.006956442610601443,0.013728427930250392,2.864950629942382e-07,4.256623046721735e-07
16,2008,501,8,0.26666666666666666,work,4,5.551115123125783e-17,0.0,1.6613987291187317e-08,4.2146848510894035e-08,0.006822013627943664,0.024094777183005733,0.006822025485293772,0.024094727982308082,3.8104812742382905e-07,6.467859272423625e-07
16,2009,502,9,0.275,work,1,5.074414582634863e-16,0.0,0.005741558535164788,0.0314345503727586,0.005776197754303532,0.02191758635713726,0.004934722397996754,0.018447155248284067,1.4638675619300851e-07,4.5783196376971154e-07
16,2010,502,9,0.2833333333333333,work,2,5.074414582634863e-16,0.0,0.0038262375283529856,0.020943455049664886,0.005271523121218972,0.020520145217379236,0.00394406788015049,0.012096788754740557,3.258039847840765e-07,7.817075877549698e-07
16,2011,502,9,0.2916666666666667,work,3,5.074414582634863e-16,0.0,0.001912371765832125,0.010465156643751911,0.005038886108220265,0.02121073136310015,0.003948433398047194,0.013588325067199192,1.5344854746958883e-07,7.968987200928346e-07
16,2012,502,9,0.3,work,4,5.074414582634863e-16,0.0,1.9527081193582335e-08,1.1920928955078128e-07,0.004795676425874617,0.02294198831882956,0.0047956838750974435,0.02294210212990759,1.4267696719232443e-07,1.931411236050088e-07
16,2013,503,10,0.30833333333333335,work,1,9.309503074677274e-17,0.0,0.004107401866387187,0.030122779861966348,0.0045465592657937814,0.02377480030343951,0.000589621724158181,0.01624629327003593,2.2429179434046429e-07,7.384724434235059e-07
16,2014,503,10,0.31666666666666665,work,2,9.309503074677274e-17,0.0,0.002730380766645043,0.020069859088157324,0.004822101135281296,0.022978120575495625,0.0022517005720053764,0.012237733581814056,2.3923213949896533e-07,3.6256089987148215e-07
16,2015,503,10,0.325,work,3,9.309503074677274e-17,0.0,0.001361301909684059,0.010028779740897841,0.005539598736065133,0.023638272211879013,0.004262917045126997,0.016339625091315355,2.1961643553772499e-07,3.182017282256878e-07
16,2016,503,10,0.3333333333333333,work,4,9.309503074677274e-17,0.0,1.0279077924684395e-08,4.2146848510894035e-08,0.006097393868773898,0.02579240030453293,0.006097393947801019,0.02579235533166516,2.656286025881751e-07,8.339326727171734e-07
16,2017,504,11,0.3416666666666667,work,1,2.7755575615628914e-17,0.0,0.006479834665392257,0.033536650905924406,0.006318617494376937,0.027045827831601296,0.007018047981822129,0.02032666958833316,3.623795136213193e-07,7.539457464619632e-07
16,2018,504,11,0.35,work,2,2.7755575615628914e-17,0.0,0.004324929648121967,0.022360999398063422,0.006367243429352452,0.027530340814084224,0.006454879786814358,0.016727596362730846,2.002329113547074e-07,5.794233708150282e-07
16,2019,504,11,0.35833333333333334,work,3,2.7755575615628914e-17,0.0,0.0021650635912769545,0.01118217901049225,0.006280646462921892,0.028155612122358176,0.006032927312677877,0.02037865484182111,2.3230591976506397e-07,6.583548198453969e-07
16,2020,504,11,0.36666666666666664,work,4,2.7755575615628914e-17,0.0,1.7517255416943735e-08,7.884953353001448e-08,0.006151330362856049,0.029472163572807752,0.006151329361390804,0.029472226622712944,3.1832682046860507e-07,5.591411304263407e-07
16,2021,505,12,0.375,work,1,7.850462293418876e-17,0.0,0.006155725594576232,0.03359042472412974,0.005962395219743551,0.032080883319638424,0.007065951676571242,0.018037895513563034,9.627678714817905e-08,2.7957056521316965e-07
16,2022,505,12,0.3833333333333333,work,2,7.850462293418876e-17,0.0,0.004109925095015726,0.02238974822107597,0.005720867451527242,0.034181739913139414,0.005880135035337418,0.018830434377645755,2.397679366878775e-07,4.214684851089411e-07
16,2023,505,12,0.39166666666666666,work,3,7.850462293418876e-17,0.0,0.002058060426114109,0.011192817567487948,0.005496141558321656,0.03676974766896367,0.00526025562915685,0.02767954817026296,4.708588197857998e-07,9.518098487062134e-07
16,2024,505,12,0.4,work,4,7.850462293418876e-17,0.0,2.3188735108762205e-08,8.429369702178807e-08,0.005313916600629016,0.03926069085875213,0.005313929792615901,0.03926077384376994,2.7367512737147377e-07,6.307962682401184e-07
16,2025,506,13,0.4083333333333333,work,1,7.473417450352271e-17,0.0,0.006474439227843546,0.03286497702595264,0.005079139872449109,0.04168907022069489,0.00725565819494064,0.02120199872621046,5.520337489338703e-07,1.0358182905306197e-06
16,2026,506,13,0.4166666666666667,work,2,7.473417450352271e-17,0.0,0.004321719008216769,0.021908528927313067,0.0049502434794217965,0.044120457237066577,0.006073904848411947,0.027506030147020848,1.6445712857322604e-07,5.543552409928541e-07
16,2027,506,13,0.425,work,3,7.473417450352271e-17,0.0,0.002163638025149455,0.010953507407670702,0.004918380379854049,0.046848437485655016,0.005262904806408919,0.037818004922679116,3.1254345984764463e-07,6.657334537413353e-07
16,2028,506,13,0.43333333333333335,work,4,7.473417450352271e-17,0.0,1.873921904876737e-08,9.884312124119402e-08,0.004937741371432456,0.0492331612252882,0.004937725234774943,0.04923324597890237,4.602608494538898e-07,1.0293672108155927e-06
16,2029,507,14,0.44166666666666665,work,1,2.486410087150353e-16,0.0,0.005876651122902502,0.03587623214486594,0.005748537123702637,0.05063387267032136,0.009996989282398993,0.03801394767172063,4.6362229552957647e-07,8.502806793264874e-07
16,2030,507,14,0.45,work,2,2.486410087150353e-16,0.0,0.003927548002300757,0.02395150149968626,0.006614803308301848,0.051371092498856595,0.009170815210519422,0.04035722322418891,4.0114612941798223e-07,6.717102330675541e-07
16,2031,507,14,0.4583333333333333,work,3,2.486410087150353e-16,0.0,0.0019689211865749944,0.01199273252270793,0.007313613524306591,0.052218459021468176,0.008402864792272969,0.04569884046008398,5.243165339770553e-07,8.018984822674871e-07
16,2032,507,14,0.4666666666666667,work,4,2.486410087150353e-16,0.0,2.7413961963923412e-08,7.300048299977715e-08,0.007916267942909878,0.053550620221555406,0.007916257241279768,0.05355059919972384,4.669811774110141e-07,6.886851792509198e-07
16,2033,508,15,0.475,work,1,2.0770370905276122e-16,0.0,0.01045174269037803,0.047204044719199555,0.01042663018250353,0.05633216312791102,0.01988884853426945,0.06013017790969481,3.7568493700954336e-07,4.0205531010723307e-07
16,2034,508,15,0.48333333333333334,work,2,2.0770370905276122e-16,0.0,0.006992132182085118,0.03153813564757053,0.01296841417934065,0.059881428201659266,0.0189127059344741,0.059918115191965965,4.5414954237160363e-07,6.279738994153012e-07
16,2035,508,15,0.49166666666666664,work,3,2.0770370905276122e-16,0.0,0.003508248049944811,0.015803231148360426,0.015365271298188933,0.06386076736185621,0.018082191461860842,0.06270426571178908,2.811980476931571e-07,6.114925303662798e-07
16,2036,508,15,0.5,work,4,2.0770370905276122e-16,0.0,2.177664745766102e-08,8.429369702178807e-08,0.01751022323690558,0.06765794161643537,0.01751021312414319,0.06765786394726321,2.8618268251727024e-07,7.996802249550121e-07
16,2037,509,16,0.5083333333333333,work,1,1.3092278833360675e-16,0.0,0.019174271068410704,0.04528045627474098,0.023130433481203017,0.07998723693907354,0.04148566069414661,0.10094576103126192,3.7681406727782213e-07,1.0097667185126303e-06
16,2038,509,16,0.5166666666666666,work,2,1.3092278833360675e-16,0.0,0.012778009005694856,0.030152677724980998,0.02793742270588371,0.08955668807763159,0.03992175433255754,0.1026272019641746,4.5145573691073203e-07,9.775888602052263e-07
16,2039,509,16,0.525,work,3,1.3092278833360675e-16,0.0,0.006386335183344307,0.015059111020123625,0.03169972941738866,0.0971609537349318,0.03754949976671003,0.10318164313969781,5.578902943262729e-07,1.1649620703275406e-06
16,2040,509,16,0.5333333333333333,work,4,1.3092278833360675e-16,0.0,1.4877978734113907e-08,9.424321830774485e-08,0.03430781510383236,0.10276628441673959,0.034307806463715916,0.10276634377012335,1.1582430038798792e-07,4.636153336198354e-07
16,2041,510,17,0.5416666666666666,work,1,0.0,0.0,0.017887682798972713,0.02920878945091823,0.036544044508415176,0.10909595048223135,0.05373020957551587,0.1320886370603949,1.5923353086458344e-07,5.623090941939733e-07
16,2042,510,17,0.55,work,2,0.0,0.0,0.011913718992341787,0.019440813476473896,0.03772900781612336,0.11145498388859043,0.049069205210293544,0.12652868461944594,1.3036486869570738e-07,4.645722290313223e-07
16,2043,510,17,0.5583333333333333,work,3,0.0,0.0,0.0059510346042020235,0.009704470428598138,0.037980316802590904,0.11109183853207232,0.043593037303355925,0.11849761563076754,5.283475994675637e-07,1.0815410203709768e-06
16,2044,510,17,0.5666666666666667,work,4,0.0,0.0,1.37396614704103e-08,7.300048299977715e-08,0.03749121357580999,0.10879189511950205,0.03749122485355031,0.10879196637210371,1.7126565652604678e-07,5.21327724591969e-07
16,2045,511,18,0.575,work,1,0.0,0.0,0.012616751834901978,0.022578241656245026,0.03480631323633235,0.10144125918400747,0.04582271748451504,0.11497838937229103,1.577436371317805e-07,6.93824692179136e-07
16,2046,511,18,0.5833333333333334,work,2,0.0,0.0,0.008391618805282051,0.01504437945126367,0.03211223968038138,0.0936871260861269,0.03938860535362555,0.10223396004787823,3.424604693701251e-07,3.839760639287575e-07
16,2047,511,18,0.5916666666666667,work,3,0.0,0.0,0.004185959464074686,0.007518349567443819,0.029414822558284467,0.0860969224115574,0.032996160183366464,0.09009615232827808,2.6668305228336657e-07,3.182017282256878e-07
16,2048,511,18,0.6,work,4,0.0,0.0,2.129725270056395e-08,7.884953353001448e-08,0.026776486962763336,0.07884522551685309,0.02677650275360985,0.07884516119149021,3.5144369956654593e-07,3.251049552749314e-07
16,2049,512,19,0.6083333333333333,work,1,1.1102230246251565e-16,0.0,0.011527170579550824,0.018548972163871913,0.024529852191447165,0.07316360978231057,0.035015510269167945,0.07692223655773107,3.5127011348715277e-07,4.1935584781975493e-07
16,2050,512,19,0.6166666666666667,work,2,1.1102230246251565e-16,0.0,0.007668473170379945,0.012377887541109186,0.022460537159641893,0.0674391124663281,0.029359343280452557,0.06918151609069946,1.442561734746365e-07,2.7957056521316965e-07
16,2051,512,19,0.625,work,3,1.1102230246251565e-16,0.0,0.003826042161238029,0.006194775931239252,0.02056382802903747,0.062106435921516774,0.02394802642023422,0.06256694210825174,9.15960051044187e-08,3.2917740992269735e-07
16,2052,512,19,0.6333333333333333,work,4,1.1102230246251565e-16,0.0,1.0769854760177229e-08,5.960464477539063e-08,0.018866864963016736,0.05732350679172818,0.018866854409439384,0.057323514381935906,1.5047421922381287e-07,4.318766816314896e-07
16,2053,513,20,0.6416666666666666,work,1,2.237726045655905e-16,0.0,0.010285105547333638,0.018148647072760416,0.0175389716408952,0.05401315604115247,0.027186677148736772,0.04385324930149347,1.261307789731873e-07,4.539354506649926e-07
16,2054,513,20,0.65,work,2,2.237726045655905e-16,0.0,0.006848841764723966,0.012110097257385256,0.016402303907342004,0.050636777738415455,0.022744930052265428,0.04318722209155209,2.2279620948931473e-07,6.650660516149253e-07
16,2055,513,20,0.6583333333333333,work,3,2.237726045655905e-16,0.0,0.003420444547483488,0.0060607422268840645,0.015453398274173805,0.04762281811748184,0.018571652023627934,0.04359614314155172,2.827458331722015e-07,3.976125736274229e-07
16,2056,513,20,0.6666666666666666,work,4,2.237726045655905e-16,0.0,8.16672730844572e-09,5.960464477539063e-08,0.014704296745368538,0.04510457585165829,0.014704303481222676,0.045104615572936185,4.885941579610882e-07,1.106705941416465e-06
16,2057,514,21,0.675,work,1,1.2412670766236366e-16,0.0,0.010853930868587686,0.023984241338278745,0.01454574828816461,0.0442963054714245,0.02482303998609687,0.02881337344535594,1.6106571898626426e-07,6.272663229658984e-07
16,2058,514,21,0.6833333333333333,work,2,1.2412670766236366e-16,0.0,0.007232942908066502,0.016003479102702875,0.014502566622589374,0.04367472534130833,0.021302539364573558,0.0324193538215531,3.111806056707785e-07,4.042583693936634e-07
16,2059,514,21,0.6916666666666667,work,3,1.2412670766236366e-16,0.0,0.003614963532475338,0.008008971047705222,0.014534242905500656,0.04313528983483364,0.017902341958073914,0.03715984406432076,1.87171386316641e-07,6.597025281542168e-07
16,2060,514,21,0.7,work,4,1.2412670766236366e-16,0.0,1.3087695334270706e-08,1.264405455326821e-07,0.014631455795622628,0.042885265329885056,0.014631447229180873,0.04288517215615194,2.6043271087881515e-07,4.645722290313223e-07
16,2061,515,22,0.7083333333333334,work,1,1.3597399555105182e-16,2.9802322387695312e-08,0.011391407802289746,0.02108440942033924,0.014923341341176616,0.04331758743211967,0.025872791271081674,0.038433335515454206,3.0265826690678016e-07,4.730972011800879e-07
16,2062,515,22,0.7166666666666667,work,2,1.3597399555105182e-16,2.9802322387695312e-08,0.007595452070265267,0.014103104775590224,0.015243841602635585,0.043815596164565984,0.02251563503112583,0.03976075149723308,2.425033582031358e-07,4.693274422891038e-07
16,2063,515,22,0.725,work,3,1.3597399555105182e-16,2.9802322387695312e-08,0.0037983230396788034,0.0070750411561263105,0.0155805813676808,0.04428045230580818,0.019195584441223403,0.041866708585136886,4.2743185182470585e-07,8.865877855207704e-07
16,2064,515,22,0.7333333333333333,work,4,1.3597399555105182e-16,2.9802322387695312e-08,1.1293351702547553e-08,0.0,0.01591622784952441,0.04473190976650996,0.015916219843570965,0.044731903729093046,3.8738193980796706e-07,5.724839184373204e-07
16,2065,516,23,0.7416666666666667,work,1,2.830524433501838e-16,0.0,0.00947315386131386,0.017139619706999967,0.015435416055362418,0.043380030798038274,0.02454371402702205,0.050673135314602734,4.11608304828416e-07,8.910844557122097e-07
16,2066,516,23,0.75,work,2,2.830524433501838e-16,0.0,0.006314826865700082,0.011442059421314259,0.01506790205108161,0.04211304650385408,0.021113965978924815,0.046299480699110954,3.02621373547373e-07,3.9198835009234925e-07
16,2067,516,23,0.7583333333333333,work,3,2.830524433501838e-16,0.0,0.003157112758649888,0.005728890479057647,0.014837256163599034,0.04106355769537967,0.01784125099073551,0.04278878266136051,3.667014978947656e-07,5.543552409928541e-07
16,2068,516,23,0.7666666666666666,work,4,2.830524433501838e-16,0.0,1.2561247284629363e-08,4.2146848510894035e-08,0.014732796676230403,0.040357221899112325,0.014732809161154875,0.040357229414797365,8.122244849139926e-08,5.567533282121857e-07
16,2069,517,24,0.775,work,1,1.798766884999431e-16,0.0,0.008352071899923675,0.019710713464952918,0.013867952276811363,0.03782026252503897,0.021383905340992326,0.05068764978858145,2.5279704050163366e-07,6.610474888330381e-07
16,2070,517,24,0.7833333333333333,work,2,1.798766884999431e-16,0.0,0.005556680395667969,0.013119898666258196,0.013298205719602305,0.035946310742255655,0.018303090271636124,0.04361565641561285,3.2168994185102434e-07,5.21327724591969e-07
16,2071,517,24,0.7916666666666666,work,3,1.798766884999431e-16,0.0,0.002772606279962745,0.006549695048080156,0.012963373461950289,0.034694342606685885,0.015434204367635679,0.0380440835125793,2.1220859069076496e-07,2.1073424255447025e-07
16,2072,517,24,0.8,work,4,1.798766884999431e-16,0.0,1.674912675525014e-08,5.960464477539063e-08,0.012800554330976498,0.03398534994364338,0.012800570602196613,0.03398537653356719,2.1318123119018936e-07,5.519467347101031e-07
16,2073,518,25,0.8083333333333333,work,1,8.326672684688674e-17,0.0,0.005521500734755627,0.020782788126878258,0.0114085083992719,0.03048971065428112,0.015038888987472286,0.04604752903024687,1.7191211163680696e-07,3.2373608622551644e-07
16,2074,518,25,0.8166666666666667,work,2,8.326672684688674e-17,0.0,0.00367193078341995,0.013815237464853759,0.010461594937398719,0.028030693037981426,0.012736592454453502,0.03793185384698837,2.2748956238178134e-07,8.237525797537179e-07
16,2075,518,25,0.825,work,3,8.326672684688674e-17,0.0,0.0018314655792722428,0.0068877054266986044,0.009919856002695812,0.02661401211182306,0.010940287410179167,0.031260331897092465,3.6403258122870446e-07,1.0426554491839468e-06
16,2076,518,25,0.8333333333333334,work,4,8.326672684688674e-17,0.0,1.200662742047508e-08,0.0,0.009734776178452923,0.026084475000804675,0.009734783616486886,0.026084459898038703,3.166976067946459e-07,9.127493400045447e-07
16,2077,519,26,0.8416666666666667,work,1,1.4946834900704541e-16,0.0,0.006292475083777579,0.030725603907843783,0.011097153389540152,0.030004874588709183,0.016540413341082482,0.054113907039418194,1.7607026074011508e-07,4.897021271334596e-07
16,2078,519,26,0.85,work,2,1.4946834900704541e-16,0.0,0.004190951815981114,0.02048407258505469,0.01249617224629807,0.03345854454866941,0.01595726941255392,0.048863089256505274,3.464462107278444e-07,5.960464477539085e-07
16,2079,519,26,0.8583333333333333,work,3,1.4946834900704541e-16,0.0,0.0020934726989132635,0.010242065749516157,0.013795189941348781,0.03676130702601979,0.015444674796021598,0.044002321831295085,2.1850778705571392e-07,4.204134935041043e-07
16,2080,519,26,0.8666666666666667,work,4,1.4946834900704541e-16,0.0,1.0736294578471315e-08,5.960464477539063e-08,0.01494268251345455,0.039536161500625146,0.014942672898031141,0.03953610340131375,1.921971508747869e-07,5.870376707193935e-07
16,2081,520,27,0.875,work,1,2.7755575615628914e-17,0.0,0.008672398545548257,0.03420437760473671,0.01708405647475398,0.04498047814920887,0.0251592462154679,0.06845009523841582,2.41899535101383e-07,7.527667844483354e-07
16,2082,520,27,0.8833333333333333,work,2,2.7755575615628914e-17,0.0,0.005793608073092145,0.022824362367992086,0.0187240861339239,0.048906570366984675,0.024063587823811086,0.06317843256081095,3.8118411663328697e-07,7.55122867782116e-07
16,2083,520,27,0.8916666666666666,work,3,2.7755575615628914e-17,0.0,0.0029030280070898662,0.011422977636996852,0.01989275318098085,0.05162415323222632,0.022543078601535465,0.058006414583789134,2.4782503622752407e-07,3.7579298653955785e-07
16,2084,520,27,0.9,work,4,2.7755575615628914e-17,0.0,1.1783078246092721e-08,4.2146848510894035e-08,0.020656438327777294,0.05329869838948289,0.020656450063157417,0.05329871382082614,3.2167196991388607e-07,8.349970415903331e-07
16,2085,521,28,0.9083333333333333,work,1,2.2887833992611187e-16,0.0,0.0094691071204692,0.030504259579399912,0.021340702984006525,0.0547589541946994,0.030328375012344335,0.07285321759257538,2.0123095589862483e-07,5.446573162823057e-07
16,2086,521,28,0.9166666666666666,work,2,2.2887833992611187e-16,0.0,0.006332069222867364,0.020363631906286112,0.021646148494174268,0.05530856571541845,0.02762893462875602,0.06639631658390927,2.3132547886161475e-07,8.940696716308668e-07
16,2087,521,28,0.9249999999999999,work,3,2.2887833992611187e-16,0.0,0.0031759200331643485,0.010195864721338942,0.021653872522349456,0.05512155675008087,0.02464017612872152,0.060098478582662825,3.5503868828245424e-07,9.146934302582109e-07
16,2088,521,28,0.9333333333333333,work,4,2.2887833992611187e-16,0.0,7.250161183965734e-09,5.960464477539063e-08,0.02143357014372199,0.054360970701643745,0.021433570633449833,0.054360976798103984,3.6825468926496323e-07,8.408269870082133e-07
16,2089,522,29,0.9416666666666667,work,1,1.7554167342883506e-16,0.0,0.008877461875868086,0.0248847740362325,0.020745425546734957,0.052376166119944494,0.0291869782278804,0.06526433041348019,1.9050351190639254e-07,5.022376640544164e-07
16,2090,522,29,0.95,work,2,1.7554167342883506e-16,0.0,0.00593620224190188,0.016612636430096014,0.019987654104651316,0.05035259307776535,0.025614724771337114,0.058239272865578826,2.7726949979606483e-07,9.522763078612452e-07
16,2091,522,29,0.9583333333333334,work,3,1.7554167342883506e-16,0.0,0.0029772533258547542,0.008318086381186677,0.019209204869770454,0.048333018177591835,0.022020143890573583,0.0518407671776787,3.1149397942954817e-07,9.424321830774572e-07
16,2092,522,29,0.9666666666666667,work,4,1.7554167342883506e-16,0.0,1.4866776214344683e-08,0.0,0.018457825474124202,0.04637487670185773,0.01845783821264301,0.04637490812917913,2.0149950588942642e-07,6.802506572314132e-07
16,2093,523,30,0.975,work,1,1.7554167342883506e-16,0.0,0.008244443552455799,0.01673751185704183,0.017363389693109556,0.04344040927433499,0.025162014756458326,0.050719904782109825,1.4168687733891408e-07,5.289387509017855e-07
16,2094,523,30,0.9833333333333333,work,2,1.7554167342883506e-16,0.0,0.005508788022713821,0.01118188848194445,0.016424876218604823,0.041006137884716284,0.02161796475528193,0.04543519314440648,1.6749216512492793e-07,5.607273495860947e-07
16,2095,523,30,0.9916666666666667,work,3,1.7554167342883506e-16,0.0,0.0027607619197598707,0.005603152574267308,0.015658851663527085,0.03901389182984427,0.018246880602091026,0.040959960103146925,2.2169329801202966e-07,1.812804499357409e-07
16,2096,523,30,1.0,work,4,1.7554167342883506e-16,0.0,2.5707973341528554e-08,6.664001874625056e-08,0.015056083046687405,0.03748864165303525,0.015056106829144563,0.037488705294841565,9.811107705390805e-08,4.129530924722863e-07
16,2097,524,31,1.0083333333333333,work,1,1.2412670766236366e-16,0.0,0.007445030131703381,0.0115074869897692,0.014224562512389398,0.035355024618661926,0.021273247730666814,0.039790267925223256,1.2169507679208223e-07,2.346637211445515e-07
16,2098,524,31,1.0166666666666666,work,2,1.2412670766236366e-16,0.0,0.004971974565472373,0.00769916622347108,0.013596253838968961,0.03387682323376171,0.018272408767307596,0.03661083508678656,1.7514858628127863e-07,3.4755181639464544e-07
16,2099,524,31,1.025,work,3,1.2412670766236366e-16,0.0,0.0024903216565294217,0.003863622678293438,0.013174938335928288,0.03287601429740962,0.015495998050700427,0.034101185449259636,2.768500012301045e-07,2.858538343496754e-07
16,2100,524,31,1.0333333333333332,work,4,1.2412670766236366e-16,0.0,1.285076271967339e-08,0.0,0.012938808922108346,0.03232160356510151,0.01293879673999384,0.0323216117671804,5.282330117949246e-08,5.204751848153182e-07
16,2101,525,32,1.0416666666666667,work,1,1.2412670766236366e-16,0.0,0.007347761980855492,0.008189885184787478,0.012828886877039373,0.031983187293114876,0.019906359522961468,0.03485359375073851,7.823395889169189e-08,2.7957056521316965e-07
16,2102,525,32,1.05,work,2,1.2412670766236366e-16,0.0,0.00490672329343779,0.0054860334508424384,0.012811041733712654,0.03198987494493573,0.017503352776953286,0.03379889218092393,8.184765733698402e-08,3.332000937312532e-07
16,2103,525,32,1.0583333333333333,work,3,1.2412670766236366e-16,0.0,0.00245746873050415,0.0027563091778411136,0.0128840472312296,0.03223164453454062,0.015217051409437852,0.033073082777712114,3.7652050364117476e-08,5.91559208669641e-07
16,2104,525,32,1.0666666666666667,work,4,1.2412670766236366e-16,0.0,2.8007934685262284e-08,5.960464477539063e-08,0.013047432178469001,0.03266933474410698,0.013047405583926202,0.032669303815181745,1.56365124724288e-07,1.264405455326821e-07
16,2105,526,33,1.075,work,1,1.594436429147036e-16,0.0,0.007442101454543705,0.0073412185948172485,0.013331432001815462,0.033308815475424164,0.020602893210352673,0.0344648044669938,1.5314289280211412e-07,4.645722290313223e-07
16,2106,526,33,1.0833333333333333,work,2,1.594436429147036e-16,0.0,0.004968652099366515,0.004898002979541222,0.013582147555029974,0.033963632390844475,0.01841939809708507,0.03461111442832101,1.1076833304217922e-07,4.539354506649926e-07
16,2107,526,33,1.0916666666666666,work,3,1.594436429147036e-16,0.0,0.0024879793753949434,0.00245139748627897,0.013823683026416641,0.03457221230802038,0.01623850802025542,0.034832622478888325,3.1920900550089627e-07,6.508925458145634e-07
16,2108,526,33,1.1,work,4,1.594436429147036e-16,0.0,2.849167768476106e-08,7.300048299977715e-08,0.01406790472689742,0.035183248439995124,0.01406787801337056,0.03518317382493698,1.445344361095214e-07,7.456538679121063e-07
16,2109,527,34,1.1083333333333334,work,1,1.6653345369377348e-16,0.0,0.007884528062648792,0.008660660096656211,0.01444977325326392,0.03599926361911937,0.022264241783886786,0.03731414809972132,1.4728851531067012e-07,3.746093836419747e-07
16,2110,527,34,1.1166666666666667,work,2,1.6653345369377348e-16,0.0,0.005260506118050514,0.00576668554798778,0.014709329399460755,0.03659760279119198,0.019916186689034457,0.037260912554399665,1.488014213733718e-07,4.256623046721735e-07
16,2111,527,34,1.125,work,3,1.6653345369377348e-16,0.0,0.002632394853673916,0.0028802531721448645,0.014886342519128846,0.03696248173343455,0.017489328966575478,0.037189969614369996,9.689354989273196e-08,2.3084779657169695e-07
16,2112,527,34,1.1333333333333333,work,4,1.6653345369377348e-16,0.0,1.7319799850556417e-08,4.2146848510894035e-08,0.015012480973360037,0.037145676887276574,0.015012491431611904,0.037145680986496094,1.0670847627807636e-07,6.194296387084308e-07
16,2113,528,35,1.1416666666666666,work,1,7.850462293418876e-17,0.0,0.004535595750829832,0.010712692054470016,0.013855379883950063,0.03416969828775742,0.018271524243905587,0.03995891277507995,1.8480783541853762e-07,6.041865030739715e-07
16,2114,528,35,1.15,work,2,7.850462293418876e-17,0.0,0.003024049945177439,0.0071339830521558595,0.01297987064135493,0.03193644020757753,0.015922246500849616,0.03560763302289558,2.2781792708713193e-07,1.0798973400589024e-06
16,2115,528,35,1.1583333333333332,work,3,7.850462293418876e-17,0.0,0.0015121893698881845,0.0035630750162739134,0.012373699795060207,0.030368224029179575,0.013842941146442186,0.03208055931207589,1.411326427066288e-07,5.967910407334822e-07
16,2116,528,35,1.1666666666666667,work,4,7.850462293418876e-17,0.0,1.2962650205848193e-08,4.2146848510894035e-08,0.011998347481773594,0.029367445095424854,0.011998350819492794,0.029367438251344954,2.011107282960165e-07,3.9311963195422116e-07
16,2117,529,36,1.175,work,1,6.206335383118183e-17,0.0,0.001408121159900933,0.011203875938648529,0.01049610862656554,0.025657512912867605,0.011131116561475475,0.03408718200979389,2.041921843680609e-07,3.4110317058144843e-07
16,2118,529,36,1.1833333333333333,work,2,6.206335383118183e-17,0.0,0.0009388192632582032,0.007469483796689024,0.009528696324413681,0.02324671848968748,0.009949667889641998,0.02874454256904857,2.1150439477098767e-07,6.495265578539212e-07
16,2119,529,36,1.1916666666666667,work,3,6.206335383118183e-17,0.0,0.00046944794227693005,0.0037347714188909063,0.00900504188721493,0.02191825681863832,0.009210117212875766,0.024564755456663378,1.3098704132659756e-07,6.384934570082617e-07
16,2120,529,36,1.2,work,4,6.206335383118183e-17,0.0,1.2387242643718428e-08,5.960464477539063e-08,0.008831518944764595,0.02144017605655446,0.008831528472341501,0.021440224006542996,1.6354452849423942e-07,7.306129140932162e-07
16,2121,530,37,1.2083333333333333,work,1,0.0,0.0,0.0019995608072516666,0.009445283460106525,0.008834890500645034,0.021169907453944883,0.009898072312261402,0.02374737680336656,1.811910706108703e-07,5.430241572346883e-07
16,2122,530,37,1.2166666666666666,work,2,0.0,0.0,0.001332557711950405,0.006296957476533265,0.009080314766024817,0.02172212733701871,0.009757746557741436,0.0230054863731449,1.7578734070494132e-07,4.0205531010723307e-07
16,2123,530,37,1.225,work,3,0.0,0.0,0.0006660359264795047,0.003148465840293749,0.009507829910475456,0.022724805317963406,0.009827505330706776,0.023128192323220116,1.9345417042742332e-07,5.26413969178669e-07
16,2124,530,37,1.2333333333333334,work,4,0.0,0.0,2.1446111260261505e-08,5.960464477539063e-08,0.010055362072106942,0.02401760730918962,0.01005537703959788,0.024017641498851282,2.2562995472640705e-07,7.673736327638514e-07
17,2125,531,1,0.008333333333333333,startup,1,6.206335383118183e-17,0.0,0.009223751635125264,0.029728887305258665,0.002083396897846929,0.003923711576959513,0.011290094354790215,0.03328263863112629,1.186961895265066e-07,3.9198835009234925e-07
17,2126,531,1,0.016666666666666666,startup,2,6.206335383118183e-17,0.0,0.006163815417096259,0.019805077259180816,0.003040161559958482,0.0056163878778896096,0.00915793654767588,0.02472994817917581,1.512367971520427e-07,1.8371385344770487e-07
17,2127,531,1,0.025,startup,3,6.206335383118183e-17,0.0,0.0030891994179358673,0.009895615151756647,0.003263137263287465,0.0055734958495324725,0.006273993123488111,0.01460721580116379,2.2202475370300625e-07,1.4600096599955432e-07
17,2128,531,1,0.03333333333333333,startup,4,6.206335383118183e-17,0.0,4.057590859173695e-08,1.3978528260658475e-07,0.0030859866582158813,0.004315753472444355,0.0030859796770653617,0.004315831611678947,7.090968376900969e-08,2.2696772533249593e-07
17,2129,532,2,0.041666666666666664,work,1,2.7755575615628914e-17,0.0,0.0058775941459005224,0.020674613424909893,0.0031125206754657646,0.004987836180223956,0.008343764538262629,0.01657532538143715,2.5329516285090955e-07,5.031211082975321e-07
17,2130,532,2,0.05,work,2,2.7755575615628914e-17,0.0,0.003920307560653651,0.013782337267120968,0.004607491953522821,0.0101508435773248,0.006911490674265495,0.005504136829114626,1.5287249003668468e-07,2.3841857910156266e-07
17,2131,532,2,0.058333333333333334,work,3,2.7755575615628914e-17,0.0,0.0019611172576931273,0.0068908000075253665,0.00647611035196222,0.01542934080293028,0.007005910281275409,0.009578752209698846,1.318527284823897e-07,3.7223088731756253e-07
17,2132,532,2,0.06666666666666667,work,4,2.7755575615628914e-17,0.0,4.645917280805075e-08,1.1920928955078128e-07,0.008314351938860166,0.02030521327331709,0.008314395328968738,0.02030528394902565,1.3542683488243415e-07,3.4369714840265545e-07
17,2133,533,3,0.075,work,1,1.1443916996305594e-16,0.0,0.006155836854896845,0.022216702314360535,0.010456821582488993,0.025775418804355344,0.013309392213115905,0.014699437671997995,2.9308914626637334e-07,8.560065398421992e-07
17,2134,533,3,0.08333333333333333,work,2,1.1443916996305594e-16,0.0,0.0041030027203725564,0.014803718402744328,0.011012522340508918,0.026022798889642804,0.012596215439324729,0.01604462375816085,2.413598504116493e-07,6.454112478407565e-07
17,2135,533,3,0.09166666666666666,work,3,1.1443916996305594e-16,0.0,0.0020510327993668817,0.007398231906795859,0.009782940544337907,0.022469893002000224,0.01048311638258529,0.016813143711553173,1.5745323454375235e-07,7.195887844353736e-07
17,2136,533,3,0.1,work,4,1.1443916996305594e-16,0.0,1.921297439512789e-08,1.032382731180714e-07,0.008853058463867908,0.020153365711692035,0.008853076200388848,0.020153360657414562,1.7730323020974198e-07,7.708380911575343e-07
17,2137,534,4,0.10833333333333334,work,1,7.850462293418876e-17,0.0,0.006231580232829602,0.025309050397988656,0.008219564878301267,0.018628316008915135,0.011630313828875073,0.017424504594472232,2.12198826841064e-07,4.140270945265838e-07
17,2138,534,4,0.11666666666666667,work,2,7.850462293418876e-17,0.0,0.0041552153511590405,0.016860638250442803,0.007745009387936553,0.017359202668931636,0.009762174949709733,0.012948252788008457,1.4908549014260815e-07,6.677316576960141e-07
17,2139,534,4,0.125,work,3,7.850462293418876e-17,0.0,0.0020780079605314263,0.008424331495858604,0.007256652073128888,0.015962520379210622,0.008088911670217322,0.011688772350139882,4.948912516759188e-08,4.626564591008442e-07
17,2140,534,4,0.13333333333333333,work,4,7.850462293418876e-17,0.0,4.476625252083128e-09,8.940696716308595e-08,0.006684225338717049,0.014359665920862965,0.006684226175909539,0.014359675820746027,2.0668024053738326e-07,6.650660516149253e-07
17,2141,535,5,0.14166666666666666,work,1,7.97218214573518e-17,0.0,0.005739986926509613,0.02855184463158756,0.006160204486167069,0.013331568176543875,0.009633299828457717,0.024394018731220275,3.462221491824844e-07,1.055355740167259e-06
17,2142,535,5,0.15,work,2,7.97218214573518e-17,0.0,0.0038281701726514852,0.019025191248882377,0.005894587388760319,0.012737974429625057,0.007914145283642045,0.01666518499794017,2.495421491492433e-07,6.529361695112807e-07
17,2143,535,5,0.15833333333333333,work,3,7.97218214573518e-17,0.0,0.001914822718069965,0.0095080419058161,0.005555663032949837,0.011776143265323256,0.0063815725811374015,0.010437974754047365,2.2061609573999598e-07,6.623897186187795e-07
17,2144,535,5,0.16666666666666666,work,4,7.97218214573518e-17,0.0,4.6215062794070876e-08,1.2287812309317772e-07,0.005030957332321094,0.010466212620107173,0.005031002005221564,0.010466276847793282,1.8467878527634442e-07,5.701519986900406e-07
17,2145,536,6,0.175,work,1,1.1102230246251565e-16,0.0,0.005815197101574215,0.031381142441408785,0.004238694655171689,0.008569062992578168,0.00785771287381555,0.029001976336441165,1.6330785044380382e-07,1.129739965261526e-06
17,2146,536,6,0.18333333333333332,work,2,1.1102230246251565e-16,0.0,0.003878889092999676,0.020923198306509037,0.00404225050393436,0.00811798924540994,0.006153899212419836,0.0193123031029812,1.1014592974471223e-07,8.418826396361374e-07
17,2147,536,6,0.19166666666666665,work,3,1.1102230246251565e-16,0.0,0.0019404837371491811,0.010462633190407113,0.004264752175442808,0.008694369852584568,0.005013102134880234,0.01096087227386082,3.6215679667049543e-07,9.929139166449221e-07
17,2148,536,6,0.2,work,4,1.1102230246251565e-16,0.0,4.8688493220570915e-09,1.3978528260658475e-07,0.004559601651920278,0.009405092362032045,0.0045596060132984334,0.009405129809568088,2.5815646968048116e-07,1.1793588958626787e-06
17,2149,537,7,0.20833333333333334,work,1,1.0103182026100663e-16,0.0,0.005036416203452584,0.031054785617069935,0.004331955468754989,0.009057674320306559,0.006408936707444443,0.029263397601056035,3.3424756011233267e-07,1.0141551212771974e-06
17,2150,537,7,0.21666666666666667,work,2,1.0103182026100663e-16,0.0,0.003357983340402011,0.02071203348266928,0.004299181644175381,0.008987254740592037,0.005177055257418567,0.019427513734104982,3.724248488911589e-07,1.012402042833758e-06
17,2151,537,7,0.225,work,3,1.0103182026100663e-16,0.0,0.0016791806200408353,0.010360602936813023,0.004292420750182063,0.008993938747647477,0.004420576657777604,0.01063365320076532,2.514497189643995e-07,8.83074545265983e-07
17,2152,537,7,0.23333333333333334,work,4,1.0103182026100663e-16,0.0,3.664562312422966e-08,8.429369702178807e-08,0.0042061039546806,0.00889551597079028,0.004206136951156631,0.008895602916927856,3.766163921939369e-07,8.301966355552804e-07
17,2153,538,8,0.24166666666666667,work,1,1.389512421408389e-16,0.0,0.005145387358453839,0.031436592330748754,0.0038684176249419557,0.008062682947764065,0.00568195897753227,0.030439779890072932,2.2392786656556198e-07,5.693725697559972e-07
17,2154,538,8,0.25,work,2,1.389512421408389e-16,0.0,0.003423737505955685,0.020945022502783434,0.00395609092124451,0.008143247060054303,0.004644987300013909,0.020890624219289475,1.2589840344156276e-07,6.230039882769273e-07
17,2155,538,8,0.2583333333333333,work,3,1.389512421408389e-16,0.0,0.0017086160249349016,0.010466150591447948,0.004344332752230153,0.0089870454428587,0.004316483758358176,0.012802327408619196,1.5845384688161415e-07,8.301966355552804e-07
17,2156,538,8,0.26666666666666666,work,4,1.389512421408389e-16,0.0,1.8497019845024863e-08,5.960464477539063e-08,0.004898496811414579,0.010562314957705798,0.004898483288130506,0.010562274054180148,2.137710363278461e-07,6.677316576960141e-07
17,2157,539,9,0.275,work,1,1.798766884999431e-16,0.0,0.005065995376387266,0.028916581997024172,0.004754730028921184,0.010534897724384509,0.004369042761431002,0.03040228964740952,3.2157575838320566e-07,7.834100382384658e-07
17,2158,539,9,0.2833333333333333,work,2,1.798766884999431e-16,0.0,0.0033660495816435353,0.0192572887268531,0.004755222501762118,0.010909543453112297,0.0037077732251017113,0.02092447738192077,2.2624905408464373e-07,8.275177107402635e-07
17,2159,539,9,0.2916666666666667,work,3,1.798766884999431e-16,0.0,0.0016774869819633892,0.009618537622835028,0.004622152551220962,0.011276719197337111,0.003756718313450236,0.012908506506808253,4.1285314642394287e-07,7.725644944200397e-07
17,2160,539,9,0.3,work,4,1.798766884999431e-16,0.0,1.6444910703698757e-08,1.3328003749250115e-07,0.0043553340990026305,0.011582076335835113,0.004355346403826679,0.011581998324797312,3.490378298392312e-07,1.3361282212412542e-06
17,2161,540,10,0.30833333333333335,work,1,6.938893903907228e-17,0.0,0.003589899335841284,0.02955458009124894,0.004120299404028882,0.011086955144295814,0.0005568678158935637,0.026383943128678273,3.3314601154045024e-07,7.817075877549698e-07
17,2162,540,10,0.31666666666666665,work,2,6.938893903907228e-17,0.0,0.002379246220430668,0.019687387702091733,0.004487404215322004,0.011516312900462705,0.0021093186371435864,0.018599740872813107,3.2565902665598327e-07,8.188862600346912e-07
17,2163,540,10,0.325,work,3,6.938893903907228e-17,0.0,0.0011829704402437414,0.009836054537785806,0.005185995088830064,0.013090831034016082,0.004006104145350038,0.013807247328967145,3.9812495250665237e-07,9.419608491229567e-07
17,2164,540,10,0.3333333333333333,work,4,6.938893903907228e-17,0.0,5.92513891290501e-09,1.1920928955078128e-07,0.0055638846460234455,0.014852679276919795,0.00556389013652782,0.01485260305183014,1.9332732634973415e-07,7.725644944200397e-07
17,2165,541,11,0.3416666666666667,work,1,2.119488522092825e-16,0.0,0.005095722197203407,0.029120218264285354,0.0052541572296766845,0.015150931365415092,0.003812787154247476,0.026604945103813955,2.382220725723525e-07,1.0058007854632368e-06
17,2166,541,11,0.35,work,2,2.119488522092825e-16,0.0,0.003399836387473463,0.019428305200324663,0.005113710415580604,0.015031339497643507,0.003870828430787588,0.018895715372152636,1.6583438318538392e-07,5.397430144630339e-07
17,2167,541,11,0.35833333333333334,work,3,2.119488522092825e-16,0.0,0.001701524292964691,0.00972150357823191,0.005105442936352503,0.015291420352030651,0.004289288860599684,0.014197283855796116,6.808148398949133e-08,4.98688236793326e-07
17,2168,541,11,0.36666666666666664,work,4,2.119488522092825e-16,0.0,1.7680847105623267e-08,1.3328003749250115e-07,0.005038415012167043,0.015666524205928307,0.005038400507459438,0.015666597026533505,9.06645873838377e-08,7.226679118265037e-07
17,2169,542,12,0.375,work,1,1.6883057536160649e-16,0.0,0.006005239921115181,0.027663348077962623,0.004790045434270621,0.016000836495688182,0.0056620431536037194,0.02519996212940029,1.0233008605598663e-07,6.730311984203021e-07
17,2170,542,12,0.3833333333333333,work,2,1.6883057536160649e-16,0.0,0.004006722912511637,0.018478329478353078,0.004612077787902792,0.01716258170476937,0.004712742202800094,0.017961498106226867,1.7685301435363207e-07,9.320077759690303e-07
17,2171,542,12,0.39166666666666666,work,3,1.6883057536160649e-16,0.0,0.00200520594765741,0.00925722340451828,0.004431649013781366,0.01862453635078508,0.004197591151166907,0.01561893540532355,3.0998856159431993e-07,1.02026717475795e-06
17,2172,542,12,0.4,work,4,1.6883057536160649e-16,0.0,2.1228923374512097e-08,4.2146848510894035e-08,0.004249908597977146,0.02003186626196802,0.0042498922969036595,0.02003184665595428,2.396817882826221e-07,5.840038639982192e-07
17,2173,543,13,0.4083333333333333,work,1,1.249000902703301e-16,0.0,0.006499086208504075,0.02915260624815378,0.003787780909127366,0.020923011868589678,0.00673481944651466,0.022641069657112253,3.244694936994671e-07,5.380949403425408e-07
17,2174,543,13,0.4166666666666667,work,2,1.249000902703301e-16,0.0,0.004334756555198168,0.019476724656119583,0.003571500091620861,0.021936615017670646,0.005332845091412125,0.017183325710708415,2.644974082022636e-07,5.127385417844444e-07
17,2175,543,13,0.425,work,3,1.249000902703301e-16,0.0,0.002168763411795902,0.009759250677059557,0.003471901272459957,0.02363899169480465,0.004168854845159101,0.01837786196442081,1.569776051219776e-07,3.251049552749314e-07
17,2176,543,13,0.43333333333333335,work,4,1.249000902703301e-16,0.0,5.4932816461583366e-08,1.1151007970493858e-07,0.0034815987827823656,0.025539483219039722,0.003481571722699548,0.025539456012976424,2.7238574441543375e-07,4.318766816314896e-07
17,2177,544,14,0.44166666666666665,work,1,2.615696107623295e-16,0.0,0.0056015704821105435,0.0356904568500374,0.0037918426663256454,0.026350892523849215,0.007868761592435849,0.028238694503668005,1.8630314662696378e-07,4.0205531010723307e-07
17,2178,544,14,0.45,work,2,2.615696107623295e-16,0.0,0.0037482800401611874,0.023834248540048748,0.0042482997774509436,0.026983954943988527,0.006486008386008411,0.02375172244251731,1.516766592182202e-07,5.487189483500131e-07
17,2179,544,14,0.4583333333333333,work,3,2.615696107623295e-16,0.0,0.0018814519140469865,0.01193752674340985,0.004696744256426374,0.028013560163400054,0.0054566926780504595,0.024041436152812873,3.024203656426517e-07,6.717102330675541e-07
17,2180,544,14,0.4666666666666667,work,4,2.615696107623295e-16,0.0,7.1546420033669595e-09,0.0,0.0051390787714591666,0.028811882863641135,0.005139083914407271,0.02881191033314572,1.3936650657460702e-07,3.068336886461678e-07
17,2181,545,15,0.475,work,1,8.441528768080324e-17,0.0,0.009572850748242094,0.04393702095327422,0.00728252919271132,0.03200730618747508,0.015278360809646096,0.051782642589788964,1.2203876868247737e-07,4.842304232499588e-07
17,2182,545,15,0.48333333333333334,work,2,8.441528768080324e-17,0.0,0.006404287043117405,0.02932515190991272,0.009471788381947961,0.03560151835206008,0.014207947150198701,0.047690868783034496,6.217454059719984e-08,2.7637536810325715e-07
17,2183,545,15,0.49166666666666664,work,3,8.441528768080324e-17,0.0,0.0032132982949294483,0.014679387486743613,0.011546365651197325,0.039584773727906926,0.013495559739563222,0.04495958869225105,2.648355798855729e-07,8.085167387873309e-07
17,2184,545,15,0.5,work,4,8.441528768080324e-17,0.0,3.4347406043561714e-08,5.16191365590357e-08,0.013404921434574673,0.043560511818240125,0.013404949552024594,0.04356052087090772,2.3400101428806942e-07,4.400260168383548e-07
17,2185,546,16,0.5083333333333333,work,1,9.309503074677274e-17,0.0,0.014664916807350629,0.041281419451856066,0.01785214847769633,0.05443341174543596,0.030802654560581403,0.08355888954004292,2.360380735276695e-07,8.990230041145374e-07
17,2186,546,16,0.5166666666666666,work,2,9.309503074677274e-17,0.0,0.009754489186207093,0.02747696450124403,0.021278628113201338,0.06286609044657136,0.029441716168636663,0.08201920161277898,1.93485940693601e-07,5.153303285178731e-07
17,2187,546,16,0.525,work,3,9.309503074677274e-17,0.0,0.004866098513911244,0.013716588692987954,0.02368078733393529,0.06896956777072977,0.027514180175912558,0.07831313117584646,2.1791049755117482e-07,4.655271575395269e-07
17,2188,546,16,0.5333333333333333,work,4,9.309503074677274e-17,0.0,3.833040181497954e-08,2.1696418193818693e-07,0.025119538249691497,0.07279813353375449,0.025119571226560347,0.0727982924143925,9.710248667877051e-08,2.598106231415675e-07
17,2189,547,17,0.5416666666666666,work,1,2.8609792490763984e-17,0.0,0.015556039352492917,0.029729177245959096,0.02681751871866621,0.07747886850485781,0.04035268964522849,0.10241580776997922,1.6309368342031864e-07,2.5463115409962945e-07
17,2190,547,17,0.55,work,2,2.8609792490763984e-17,0.0,0.010338717283510044,0.01979246259144782,0.02753490563990194,0.07930760070954057,0.036287378502063636,0.09583756766933012,1.4169396572874075e-07,2.1900144899933154e-07
17,2191,547,17,0.5583333333333333,work,3,2.8609792490763984e-17,0.0,0.005153235884699982,0.009882754606081857,0.02742323320950639,0.07895670028048414,0.03165071282543587,0.08714774393071435,5.58217599010756e-08,3.462716948575456e-07
17,2192,547,17,0.5666666666666667,work,4,2.8609792490763984e-17,0.0,1.59532781512766e-08,1.032382731180714e-07,0.026654894032529432,0.07697395987270161,0.026654908453614467,0.07697404343307082,3.517691551667538e-07,4.4802714521804273e-07
17,2193,548,18,0.575,work,1,1.789373782233265e-16,0.0,0.013847043159484953,0.022391031418832173,0.025445590894863993,0.07415004324008653,0.03713299144787225,0.0920982529718277,1.9290353015697917e-07,4.161667836835672e-07
17,2194,548,18,0.5833333333333334,work,2,1.789373782233265e-16,0.0,0.009202954927363755,0.014931605140269602,0.023899727445582157,0.07017832684371335,0.031520433176431786,0.08177753496866833,3.3331569130527577e-07,7.324341373112546e-07
17,2195,548,18,0.5916666666666667,work,3,1.789373782233265e-16,0.0,0.004587133860990843,0.007467928074893773,0.022142691313414065,0.0655810029724267,0.02583785806401228,0.07118372682326912,2.385466190090101e-07,3.576278686523442e-07
17,2196,548,18,0.6,work,4,1.789373782233265e-16,0.0,3.590201354927246e-08,7.300048299977715e-08,0.020297502121741,0.060781214866620505,0.020297534569324333,0.06078127841768207,1.464475436911883e-07,3.068336886461678e-07
17,2197,549,19,0.6083333333333333,work,1,2.4835037038225095e-16,0.0,0.011204902388737255,0.02092787925668358,0.018468029573256408,0.05585663376698155,0.028416879690834295,0.065336997917915,1.266028334849168e-07,2.563692708922217e-07
17,2198,549,19,0.6166666666666667,work,2,2.4835037038225095e-16,0.0,0.007460601862505014,0.013864060563697333,0.01668300021883277,0.05094641968716294,0.023190800095724728,0.05635221124821114,2.101475212583939e-07,1.0868658142573055e-06
17,2199,549,19,0.625,work,3,2.4835037038225095e-16,0.0,0.003725469484771133,0.006888264971998435,0.015030731580882301,0.04642695318762648,0.01820028774321178,0.04862524464998011,1.4172036173252162e-07,7.60981162476765e-07
17,2200,549,19,0.6333333333333333,work,4,2.4835037038225095e-16,0.0,5.006856845528114e-08,1.632340423778195e-07,0.013580801281767536,0.042528543964857085,0.013580849484975349,0.042528700097656545,1.0867059954527887e-07,3.6621706865562575e-07
17,2201,550,20,0.6416666666666666,work,1,2.0026854743534788e-16,0.0,0.008617726747959261,0.018831672492578812,0.011995152545808543,0.0378016274074732,0.0200385501210463,0.04293632172876143,1.4743392155551354e-07,5.347835554160599e-07
17,2202,550,20,0.65,work,2,2.0026854743534788e-16,0.0,0.0057492911821916005,0.012445887727331385,0.01068170430801641,0.03391944604303673,0.01595327080220984,0.03642194406177398,1.9147225969213595e-07,7.046216975174516e-07
17,2203,550,20,0.6583333333333333,work,3,2.0026854743534788e-16,0.0,0.0028766320027175715,0.006168874352018079,0.00966990060511432,0.0310561492268682,0.012250542583928964,0.03174487261817962,2.676293022980538e-07,9.248328595866584e-07
17,2204,550,20,0.6666666666666666,work,4,2.0026854743534788e-16,0.0,3.602954175036844e-08,2.1073424255447025e-07,0.008972612957977242,0.029171745519482074,0.008972581838623027,0.029171797367254258,3.4002235057392545e-08,5.748063779469126e-07
17,2205,551,21,0.675,work,1,1.1150912609939193e-16,0.0,0.008413492681971427,0.015278764721893302,0.008616504266214558,0.02780104803472885,0.016638794018743342,0.030245319403943892,1.763331911140127e-07,7.644745909202539e-07
17,2206,551,21,0.6833333333333333,work,2,1.1150912609939193e-16,0.0,0.005615407126566308,0.01009106163881756,0.00846913305703788,0.02708486626771156,0.013766250911651231,0.02775753352612514,9.988399015189903e-08,1.5485740967710712e-07
17,2207,551,21,0.6916666666666667,work,3,1.1150912609939193e-16,0.0,0.002810782968620007,0.004998449073563511,0.008526631506055118,0.02698676691640667,0.011144939195763948,0.02681240272726117,1.1066966616049652e-07,4.298152059869762e-07
17,2208,551,21,0.7,work,4,1.1150912609939193e-16,0.0,4.748569566460869e-09,5.960464477539063e-08,0.008775679663456052,0.027410257467567575,0.008775679551385125,0.027410293759646005,1.812210975913571e-07,8.739756523737488e-07
17,2209,552,22,0.7083333333333334,work,1,1.8670653977139892e-16,0.0,0.00940440936768214,0.012867928420806654,0.009413314544459027,0.029022007676611235,0.01836062828205956,0.03134164466034436,7.589136443126856e-08,6.703866648198394e-07
17,2210,552,22,0.7166666666666667,work,2,1.8670653977139892e-16,0.0,0.006278008130123325,0.008555914524906014,0.010182371405948224,0.03076923254267514,0.01610731927774762,0.03181460584038772,1.2769546863217596e-07,5.5595511514478e-07
17,2211,552,22,0.725,work,3,1.8670653977139892e-16,0.0,0.003143081697595724,0.004266949333621088,0.010987460679002517,0.0325537214740916,0.013913728775271984,0.03281499297857687,6.587731816243719e-08,7.014633593523431e-07
17,2212,552,22,0.7333333333333333,work,4,1.8670653977139892e-16,0.0,8.896601375735364e-09,5.16191365590357e-08,0.011767311451335328,0.03425263750258824,0.011767320256468658,0.034252641191731104,2.1304796740556062e-07,9.049312144928637e-07
17,2213,553,23,0.7416666666666667,work,1,1.7388818282700985e-16,0.0,0.009504651920257567,0.012949864724465611,0.012503867030370711,0.035902618699217785,0.021480192027097764,0.03685639840783092,9.980005237176061e-08,6.00500156867801e-07
17,2214,553,23,0.75,work,2,1.7388818282700985e-16,0.0,0.006349583308421225,0.008684664233968683,0.013173516227972647,0.037329165326767125,0.01910098520259238,0.03751702070521942,1.0528644542398617e-07,6.136673772923374e-07
17,2215,553,23,0.7583333333333333,work,3,1.7388818282700985e-16,0.0,0.003181389562193103,0.004368613041779877,0.01374426418381503,0.0385043398871985,0.016669500587574954,0.03836380394746503,1.5335376799073914e-07,5.519467347101031e-07
17,2216,553,23,0.7666666666666666,work,4,1.7388818282700985e-16,0.0,9.025027859922383e-09,4.2146848510894035e-08,0.014203088360085428,0.03939999543814286,0.014203095976104235,0.039400020583475304,1.6652739119830448e-07,4.031583445807906e-07
17,2217,554,24,0.775,work,1,2.0014830212433605e-16,0.0,0.010479930799951374,0.023572952574600074,0.014913223474078634,0.041110049386562195,0.024503799222825418,0.0373082227012249,1.3175897092468708e-07,6.690604782296345e-07
17,2218,554,24,0.7833333333333333,work,2,2.0014830212433605e-16,0.0,0.007018339788299777,0.01582289333455111,0.01551605916503211,0.04252612701881484,0.02186383336200386,0.03833786344362833,5.634671795330297e-08,4.4802714521804273e-07
17,2219,554,24,0.7916666666666666,work,3,2.0014830212433605e-16,0.0,0.0035255649331376784,0.007968196784764075,0.0159429978336833,0.043385179506972835,0.019072160435059157,0.04058278604031158,1.310204789127348e-07,8.429369702178869e-07
17,2220,554,24,0.8,work,4,2.0014830212433605e-16,0.0,4.613641675328062e-08,1.1151007970493858e-07,0.016201324472864636,0.04377408484653863,0.01620136899207386,0.043774191951468935,2.1733791681464034e-07,8.221336736758839e-07
17,2221,555,25,0.8083333333333333,work,1,2.498001805406602e-16,0.0,0.010919591445701647,0.02726395479658488,0.01652340817402285,0.04379983015714759,0.026859495672630483,0.042613279033390204,2.147401676646631e-07,9.348623240803638e-07
17,2222,555,25,0.8166666666666667,work,2,2.498001805406602e-16,0.0,0.007315819265939854,0.018171427721818685,0.01656603174352405,0.04340755617146102,0.023417502441098435,0.04022874996179148,2.483174063744802e-07,1.0641557616804443e-06
17,2223,555,25,0.825,work,3,2.498001805406602e-16,0.0,0.0036762065573032834,0.009084476768006477,0.016415859574471114,0.04270138259918435,0.019813857644931755,0.04000618147998557,2.857790329823686e-07,1.0009321942178513e-06
17,2224,555,25,0.8333333333333334,work,4,2.498001805406602e-16,0.0,3.587258128457823e-08,5.960464477539063e-08,0.016149870546100852,0.04182540408950689,0.016149905221373724,0.04182546894838818,2.239977568144077e-07,6.063875540904964e-07
17,2225,556,26,0.8416666666666667,work,1,1.6667795129466247e-16,2.9802322387695312e-08,0.010793036130809432,0.028318701183074352,0.01574737131341282,0.040226845647566685,0.025990796942759523,0.03770490502261742,1.7995319312324992e-07,7.456538679121063e-07
17,2226,556,26,0.85,work,2,1.6667795129466247e-16,2.9802322387695312e-08,0.00721899861656805,0.018749496742207297,0.015239051746626871,0.03870878711331943,0.022040751191588947,0.03415538357640784,8.294850398908035e-08,3.9311963195422116e-07
17,2227,556,26,0.8583333333333333,work,3,1.6667795129466247e-16,2.9802322387695312e-08,0.0036211561609688324,0.009310321136669445,0.014714485283588832,0.03732074782235341,0.01809143161623645,0.03369384556526426,7.49590124752791e-08,2.4211521162497896e-07
17,2228,556,26,0.8666666666666667,work,4,1.6667795129466247e-16,2.9802322387695312e-08,3.372521921321383e-08,8.429369702178807e-08,0.014231637439771535,0.036121068463710104,0.014231670669924422,0.03612114141861749,2.090978678642284e-07,9.893293781696559e-07
17,2229,557,27,0.875,work,1,7.97218214573518e-17,0.0,0.010027100672157618,0.027564612123441058,0.01367181657520682,0.034264357625939275,0.023269134108773532,0.030467804855103333,2.3788312528115712e-07,1.2887566274666802e-06
17,2230,557,27,0.8833333333333333,work,2,7.97218214573518e-17,0.0,0.006689267577100716,0.018157357276719938,0.013144215277925048,0.03281210887116593,0.019486364256986344,0.02708391199190422,2.4957134252116034e-07,9.000103992546575e-07
17,2231,557,27,0.8916666666666666,work,3,7.97218214573518e-17,0.0,0.003347060528681514,0.008972845771676969,0.012704177232759378,0.031738041204217804,0.01583842757975266,0.027398892360818293,1.1276294508772274e-07,4.92415179069589e-07
17,2232,557,27,0.9,work,4,7.97218214573518e-17,0.0,1.6718375749364845e-08,7.884953353001448e-08,0.012381002568221005,0.0310277540355525,0.012380986580000659,0.031027722147030652,1.567916659990375e-07,1.018960535364088e-06
17,2233,558,28,0.9083333333333333,work,1,2.7755575615628914e-17,0.0,0.009362068085480083,0.025379371715429005,0.012593267661537438,0.030911750477082646,0.02156980954844673,0.024631946418397693,1.9619390422313525e-07,9.405454300677565e-07
17,2234,558,28,0.9166666666666666,work,2,2.7755575615628914e-17,0.0,0.0062158021096670275,0.0165770588313958,0.012702161299556149,0.031125054142464324,0.018562975303365682,0.023166705658287743,3.9959315360379166e-07,1.488625257461365e-06
17,2235,558,28,0.9249999999999999,work,3,2.7755575615628914e-17,0.0,0.0031011430372832488,0.008163479165289762,0.012770001052764266,0.031462691549630065,0.015630828377523116,0.026074426721422725,9.940710109049203e-08,4.0205531010723307e-07
17,2236,558,28,0.9333333333333333,work,4,2.7755575615628914e-17,0.0,2.0905963959612073e-08,1.264405455326821e-07,0.012842662496093641,0.03191509829257794,0.01284264172330175,0.03191506370826036,6.06942680798729e-08,4.860611686199943e-07
17,2237,559,29,0.9416666666666667,work,1,3.469446951953614e-17,0.0,0.009420696539817986,0.026165191181243625,0.009566261675531377,0.025587209219909306,0.018925115844140257,0.027493415984686964,1.4770249484294713e-07,6.944644568998279e-07
17,2238,559,29,0.95,work,2,3.469446951953614e-17,0.0,0.006820534391066001,0.0206302672935115,0.007733759310186033,0.02061003936639597,0.014528446464502345,0.027033182488745318,1.4357965554003754e-07,8.429369702178869e-07
17,2239,559,29,0.9583333333333334,work,3,3.469446951953614e-17,0.0,0.0037569838809139206,0.012194989540439806,0.007300052485583959,0.02015422104218307,0.01102797985405059,0.026173033503998855,1.5597947755564417e-07,3.39798755973321e-07
17,2240,559,29,0.9666666666666667,work,4,3.469446951953614e-17,0.0,1.938204206617685e-08,0.0,0.008145212914257915,0.02516683204036249,0.008145194111992424,0.025166796453934295,2.119160133561663e-07,6.019774042583773e-07
17,2241,560,30,0.975,work,1,1.594436429147036e-16,0.0,0.008383288659605439,0.018649007717757994,0.010916148186150918,0.03736623423107648,0.01874145895043555,0.025519521847420578,1.7619977759632582e-07,7.691078126766694e-07
17,2242,560,30,0.9833333333333333,work,2,1.594436429147036e-16,0.0,0.005465030669816823,0.012818812715109162,0.013090791660290663,0.05420922003761688,0.018073792322585488,0.042792571706084824,1.7905348564900948e-07,6.17994110385412e-07
17,2243,560,30,0.9916666666666667,work,3,1.594436429147036e-16,0.0,0.0026939331774571457,0.00677410907642071,0.014718497405316718,0.0697222992126867,0.01707918222248006,0.06337603821656304,2.0282346907992412e-07,4.4802714521804273e-07
17,2244,560,30,1.0,work,4,1.594436429147036e-16,0.0,4.243117692459128e-08,8.429369702178807e-08,0.015892647137189454,0.08287882275335814,0.015892604792532527,0.08287879584266429,1.849157121939247e-07,2.3084779657169695e-07
17,2245,561,31,1.0083333333333333,work,1,1.1188630228279524e-16,0.0,0.007452493680269706,0.01912846398145504,0.014767553490279696,0.08937318288920283,0.0216424608601123,0.07597246001199243,2.0980240276907134e-07,6.136673772923374e-07
17,2246,561,31,1.0166666666666666,work,2,1.1188630228279524e-16,0.0,0.004962328296502347,0.012704671369345498,0.013897274358463269,0.09707391529652604,0.01836378330062069,0.08799763989143106,2.5462912277346733e-07,8.139908482878063e-07
17,2247,561,31,1.025,work,3,1.1188630228279524e-16,0.0,0.0024782739694062367,0.006329476477546688,0.013334518982059783,0.10352871672573995,0.01550535091688536,0.09892201829150317,1.7374158602312572e-07,5.347835554160599e-07
17,2248,561,31,1.0333333333333332,work,4,1.1188630228279524e-16,0.0,1.173534214626543e-08,0.0,0.013004989459819092,0.1088075745677004,0.01300500104994472,0.10880758389953493,1.692404739327682e-07,9.647854600095035e-07
17,2249,562,32,1.0416666666666667,work,1,1.1857187100668868e-16,0.0,0.006065357399561224,0.01921877158965286,0.011998830472934955,0.11171932410378714,0.017033934465442095,0.09822095968328644,1.5112184574048035e-07,1.6858739404357617e-07
17,2250,562,32,1.05,work,2,1.1857187100668868e-16,0.0,0.00404708679834259,0.01278446045008284,0.011342002756959055,0.1143587882353835,0.014636509386653335,0.10525571892399468,7.34615843568498e-08,5.701519986900406e-07
17,2251,562,32,1.0583333333333333,work,3,1.1857187100668868e-16,0.0,0.002025270068590148,0.006378387812757801,0.010985952809471311,0.11627513623600502,0.012594243209254728,0.11166351231570439,1.1492353283948521e-07,4.1935584781975493e-07
17,2252,562,32,1.0666666666666667,work,4,1.1857187100668868e-16,0.0,4.50357651464796e-08,9.424321830774485e-08,0.010864633822791752,0.11759149993910796,0.010864678583692734,0.11759154875816856,1.273353066494456e-07,4.2774379534743284e-07
17,2253,563,33,1.075,work,1,1.576213700060856e-16,0.0,0.004969669982460384,0.013302250301521434,0.010795963065495462,0.11892255344937717,0.014597108976375471,0.11045012370759537,1.882827791290155e-07,4.4404460268471747e-07
17,2254,563,33,1.0833333333333333,work,2,1.576213700060856e-16,0.0,0.0033080331435172464,0.008936428455924362,0.010826946888150595,0.11888505410276039,0.013252192002165028,0.11311163808655121,6.24854719224688e-08,3.5388297101968327e-07
17,2255,563,33,1.0916666666666666,work,3,1.576213700060856e-16,0.0,0.0016516945255769086,0.004503187912548033,0.010943941922658944,0.11842416482982472,0.012093714341887774,0.1154592664016247,1.8109223963077854e-07,5.07515262541963e-07
17,2256,563,33,1.1,work,4,1.576213700060856e-16,0.0,5.704296781649669e-08,1.5196262340524156e-07,0.011146261905478166,0.11763548870161825,0.011146205597021166,0.11763554351363326,1.6221852204659154e-07,4.4604031881975524e-07
17,2257,564,34,1.1083333333333334,work,1,1.249000902703301e-16,0.0,0.004066797449263364,0.011047257242231096,0.011679081065672507,0.11722821952100915,0.015159319596531991,0.11029607566233188,1.9605384782240588e-07,5.607273495860947e-07
17,2258,564,34,1.1166666666666667,work,2,1.249000902703301e-16,0.0,0.0027088950045923562,0.0074629869396820574,0.012358458804877487,0.11635261696173435,0.014613131509873128,0.11151877455548045,1.8056036833392578e-07,6.515744659029109e-07
17,2259,564,34,1.125,work,3,1.249000902703301e-16,0.0,0.0013536156453164846,0.003781928483752613,0.013054484636982276,0.11525054268050475,0.014151807284616848,0.11272559350727666,1.6394066086164324e-07,4.860611686199943e-07
17,2260,564,34,1.1333333333333333,work,4,1.249000902703301e-16,0.0,3.9417457603864155e-09,1.1151007970493858e-07,0.013696950872984632,0.11392118658991125,0.013696950903073326,0.11392129135686481,1.780642364560012e-07,5.5595511514478e-07
17,2261,565,35,1.1416666666666666,work,1,4.579669976578771e-16,0.0,0.004402919112882433,0.019998219395670896,0.01486935119276315,0.11342766461729721,0.01887297953501783,0.099176435951572,2.0439355837307588e-07,4.860611686199943e-07
17,2262,565,35,1.15,work,2,4.579669976578771e-16,0.0,0.002936381589743724,0.01354889502159975,0.015774457554532068,0.11223102060964828,0.01840462840560992,0.10219696384722878,1.261821771654706e-07,4.588009213906731e-07
17,2263,565,35,1.1583333333333332,work,3,4.579669976578771e-16,0.0,0.0014701409557620858,0.006886016509811611,0.016409378250515725,0.11067851815919276,0.017704232535891085,0.10542164434998506,1.14481516431303e-07,2.1073424255447025e-07
17,2264,565,35,1.1666666666666667,work,4,4.579669976578771e-16,0.0,5.720338345721879e-09,1.032382731180714e-07,0.01681017836468029,0.10880240800194481,0.016810176592813985,0.10880249428012988,1.1444516993619527e-07,4.823927300047483e-07
18,2265,566,1,0.008333333333333333,startup,1,6.206335383118183e-17,0.0,0.009200630537164993,0.02966031872154318,0.001988290961367483,0.0035699337066994134,0.011058652924094182,0.029721952266487293,1.5244839791389844e-07,3.9085379387748307e-07
18,2266,566,1,0.016666666666666666,startup,2,6.206335383118183e-17,0.0,0.006132972926393012,0.01971328552922914,0.0031600853969887023,0.006326273618489819,0.008959290850389231,0.019667416716933114,3.3291782803778477e-07,7.47438442944558e-07
18,2267,566,1,0.025,startup,3,6.206335383118183e-17,0.0,0.003066049410072134,0.009826358756466064,0.003811145773023535,0.008167612329337222,0.006398402836132279,0.01064603568747689,2.0702244981957254e-07,5.013526630777349e-07
18,2268,566,1,0.03333333333333333,startup,4,6.206335383118183e-17,0.0,2.0276846160439314e-08,0.0,0.004235497899158376,0.009567097303122418,0.004235487350355333,0.009567095475344928,3.4048390010495797e-07,8.194283893625508e-07
18,2269,567,2,0.041666666666666664,work,1,1.3597399555105182e-16,0.0,0.005846481313231655,0.02061617285796566,0.005152480316082218,0.012262531897050236,0.009688101660239907,0.011556599251148304,3.5487127536094167e-07,9.009967123169364e-07
18,2270,567,2,0.05,work,2,1.3597399555105182e-16,0.0,0.0038957262952517327,0.013711824906891946,0.006848132953710813,0.016321189767982604,0.008790348553353334,0.006248070266432593,2.453740288163158e-07,1.0452078531235683e-06
18,2271,567,2,0.058333333333333334,work,3,1.3597399555105182e-16,0.0,0.0019469110674841166,0.0068397404681612905,0.00891460530000322,0.021165100622860315,0.009349385133346478,0.015116099332072372,2.893419824724929e-07,8.596304119739573e-07
18,2272,567,2,0.06666666666666667,work,4,1.3597399555105182e-16,0.0,6.875828817037729e-09,5.16191365590357e-08,0.01108210304692524,0.026233881105222803,0.011082108788186,0.02623391217006801,3.885450268147221e-07,7.071382115903338e-07
18,2273,568,3,0.075,work,1,1.3597399555105182e-16,0.0,0.006094300423730527,0.022105083227684903,0.013394320956350013,0.03204616734951225,0.015611750828760379,0.01685449766403059,4.043629807045072e-07,6.976544803809931e-07
18,2274,568,3,0.08333333333333333,work,2,1.3597399555105182e-16,0.0,0.004062113583547434,0.014694459973605842,0.013254631154260248,0.03457237851588092,0.014664875119466734,0.02429990847145181,3.756376597507886e-07,1.0145929175942769e-06
18,2275,568,3,0.09166666666666666,work,3,1.3597399555105182e-16,0.0,0.002030707048968581,0.007326134306839639,0.01242253890973884,0.03371443019180329,0.01316281734682863,0.02829690176218744,5.796762009622783e-07,1.5013982913267963e-06
18,2276,568,3,0.1,work,4,1.3597399555105182e-16,0.0,1.475472498612059e-08,4.2146848510894035e-08,0.011617998903599797,0.03212457338377152,0.011617993310112219,0.0321245935527158,3.2726767254739035e-07,5.824810351637641e-07
18,2277,569,4,0.10833333333333334,work,1,8.326672684688674e-17,0.0,0.006161507978912739,0.025100753346785357,0.011071293648632064,0.03021930493561317,0.014687287871750068,0.011171033673331476,4.594826264215813e-07,1.2513427004347658e-06
18,2278,569,4,0.11666666666666667,work,2,8.326672684688674e-17,0.0,0.004109402756938686,0.016697558108078398,0.010683607212430678,0.02879586218215827,0.01294816975424662,0.01428611671662187,4.1415316968404316e-07,1.0897222339381246e-06
18,2279,569,4,0.125,work,3,8.326672684688674e-17,0.0,0.0020555773881383898,0.008330729377034366,0.010057414796687912,0.028027227938667833,0.011093513532531333,0.020739382661189174,4.3247764349227167e-07,9.16633397294869e-07
18,2280,569,4,0.13333333333333333,work,4,8.326672684688674e-17,0.0,1.916391032691739e-08,5.960464477539063e-08,0.008856315956001408,0.026668175487515745,0.008856331526701988,0.0266681581783728,3.9049211509791436e-07,9.969311168001833e-07
18,2281,570,5,0.14166666666666666,work,1,2.7566191591466308e-15,0.0,0.005815384238326603,0.028798829725997902,0.007938956497690388,0.023830479728888236,0.01197122738737728,0.006206477079902712,4.485193400310534e-07,9.739479207020017e-07
18,2282,570,5,0.15,work,2,2.7566191591466308e-15,0.0,0.003881130215250323,0.019184834165992516,0.007463469808671261,0.022140175264462266,0.009965261779628368,0.0038847451980153487,3.973099195476311e-07,1.0732974472862079e-06
18,2283,570,5,0.15833333333333333,work,3,2.7566191591466308e-15,0.0,0.0019426762501673083,0.009585332600738844,0.007290025825204635,0.021345694854517133,0.008372593953190148,0.011847363547851961,2.9521207113251857e-07,8.880892053694404e-07
18,2284,570,5,0.16666666666666666,work,4,2.7566191591466308e-15,0.0,2.2846120057201816e-08,5.16191365590357e-08,0.007311779463680924,0.021247514813009304,0.007311787137165782,0.021247535664595703,3.125888392632055e-07,4.339283638763745e-07
18,2285,571,6,0.175,work,1,2.7755575615628914e-17,0.0,0.005462747971041432,0.02988274839038364,0.007068621560585872,0.02058648019983279,0.010500702148956109,0.010582369719222906,5.351820423546565e-07,1.1484532873629307e-06
18,2286,571,6,0.18333333333333332,work,2,2.7755575615628914e-17,0.0,0.0036456841172901556,0.01992164250975681,0.006916850598189651,0.019849736179558413,0.00896706085398007,0.004301333706059055,3.6023943063353337e-07,7.650552781220385e-07
18,2287,571,6,0.19166666666666665,work,3,2.7755575615628914e-17,0.0,0.0018247554127202668,0.009960639719230498,0.006915995574693821,0.019315458883610036,0.0077834838268446335,0.01001199273985899,4.798932121717413e-07,1.2724579596644374e-06
18,2288,571,6,0.2,work,4,2.7755575615628914e-17,0.0,2.547297393144007e-08,9.424321830774485e-08,0.0070486768925121564,0.019185747649160315,0.007048687026064122,0.019185831003722995,3.04453876660224e-07,8.057657381651321e-07
18,2289,572,7,0.20833333333333334,work,1,9.614813431917819e-17,0.0,0.005152038002316621,0.030098343834261253,0.0067500054459720075,0.018097586941560127,0.009156645720843931,0.016321334918394277,1.6821871646286947e-07,7.586432731960971e-07
18,2290,572,7,0.21666666666666667,work,2,9.614813431917819e-17,0.0,0.0034379032042533906,0.020067197939664924,0.006642966156915238,0.017392443909953786,0.007970799363043981,0.009686373226470939,1.526038377736764e-07,5.110033809984414e-07
18,2291,572,7,0.225,work,3,9.614813431917819e-17,0.0,0.0017205568055141166,0.010034325224628732,0.006672111003312968,0.017044497877562573,0.007156031464934969,0.009855626766230759,6.006474764040475e-08,3.839760639287575e-07
18,2292,572,7,0.23333333333333334,work,4,9.614813431917819e-17,0.0,2.6666074197731963e-08,9.884312124119402e-08,0.006806099594378979,0.01716782260191853,0.006806119861209578,0.017167743456202908,2.5299852927774233e-07,8.161702118891029e-07
18,2293,573,8,0.24166666666666667,work,1,3.627495520608034e-15,0.0,0.005617267118585505,0.03284797312092242,0.006341413384912442,0.0160392347684941,0.007968040041448276,0.024054467266744282,1.8924259648926572e-07,8.376520468327582e-07
18,2294,573,8,0.25,work,2,3.627495520608034e-15,0.0,0.0037461895299854358,0.02189513636632839,0.00613765129838122,0.015483860887822169,0.006817034551422592,0.015514087486108089,1.6875869033915326e-07,7.794318694247069e-07
18,2295,573,8,0.2583333333333333,work,3,3.627495520608034e-15,0.0,0.001873737284979898,0.01094571224386914,0.006138936956802133,0.015670637811812094,0.006180463737163668,0.011000693267305323,2.2693335907670883e-07,4.539354506649926e-07
18,2296,573,8,0.26666666666666666,work,4,3.627495520608034e-15,0.0,1.2933551434486152e-08,5.960464477539063e-08,0.0062067475772003885,0.016618787708955713,0.006206755926823699,0.01661885238931227,2.1807037445905022e-07,5.893027762557644e-07
18,2297,574,9,0.275,work,1,6.90026162236759e-15,0.0,0.005577972765112894,0.03175136926086441,0.005403795135856261,0.016580962035234764,0.005101014836387434,0.022442691503583828,2.354117229915533e-07,3.8857474358097666e-07
18,2298,574,9,0.2833333333333333,work,2,6.90026162236759e-15,0.0,0.003717463875497052,0.021154927570517876,0.004765624178745455,0.016790880678394328,0.003971925568561732,0.013397438559475186,2.858481568456031e-07,6.9125971226354e-07
18,2299,574,9,0.2916666666666667,work,3,6.90026162236759e-15,0.0,0.0018581621922285807,0.010571256992768698,0.004294335386648123,0.01751066451988262,0.003498072140308731,0.01104507237721345,3.832709612311574e-07,7.557107408705974e-07
18,2300,574,9,0.3,work,4,6.90026162236759e-15,0.0,2.504936806237581e-08,4.2146848510894035e-08,0.003947139348846951,0.01900628467303893,0.003947132752164589,0.019006286706559117,3.0009795222308797e-07,7.884953353001498e-07
18,2301,575,10,0.30833333333333335,work,1,3.925231146709438e-17,0.0,0.0039813808139052345,0.03003109536117519,0.0035741945544316813,0.01983266585711218,0.0016909648867265382,0.017349349774708842,2.996092173987503e-07,8.397700073483869e-07
18,2302,575,10,0.31666666666666665,work,2,3.925231146709438e-17,0.0,0.002645201592219251,0.020008518440475614,0.0034667012377559256,0.020242774984034047,0.0014858339093842563,0.010440156457197394,2.3178384044703141e-07,4.712160915387253e-07
18,2303,575,10,0.325,work,3,3.925231146709438e-17,0.0,0.0013182038751778727,0.009998128804104459,0.0036846096482387072,0.019909957741112656,0.002497552973892238,0.012330172897433257,1.0544579424236169e-07,3.278255462646488e-07
18,2304,575,10,0.3333333333333333,work,4,3.925231146709438e-17,0.0,7.506095416334157e-09,2.9802322387695312e-08,0.004156838959392392,0.021241701695420154,0.004156837047684406,0.021241684986849772,1.9998109616577348e-07,4.70272715033875e-07
18,2305,576,11,0.3416666666666667,work,1,2.3592239273284576e-16,0.0,0.0060176447259141,0.03334364134661383,0.004416317552695666,0.02281286467015611,0.0055838752965169484,0.017970989237757275,3.7439984862602405e-07,8.360600554410005e-07
18,2306,576,11,0.35,work,2,2.3592239273284576e-16,0.0,0.004015234632470114,0.022235412052375485,0.004438578714128357,0.023781686241242963,0.004797575444683422,0.01199328050778445,3.4329696403929344e-07,1.0128405969123012e-06
18,2307,576,11,0.35833333333333334,work,3,2.3592239273284576e-16,0.0,0.0020095168499735957,0.01112081346338697,0.004403752680940332,0.024481102533982564,0.0042108157071989475,0.015931269431132596,3.5458273392071624e-07,8.523672608181953e-07
18,2308,576,11,0.36666666666666664,work,4,2.3592239273284576e-16,0.0,2.5189716680632006e-08,1.5769906706002898e-07,0.00440993797252264,0.02628270497040399,0.004409931088470687,0.026282589242998148,4.956013733658126e-07,7.839767001847022e-07
18,2309,577,12,0.375,work,1,1.4946834900704541e-16,0.0,0.006435470666954443,0.03408228367900327,0.00421913267929505,0.028495878298595276,0.0064300701412735185,0.016650995191331123,3.429079325288425e-07,8.134450950596497e-07
18,2310,577,12,0.3833333333333333,work,2,1.4946834900704541e-16,0.0,0.004296395910598086,0.022725005251767894,0.004026459443873248,0.03005957171128263,0.004852741336069281,0.014936978394333295,2.5431092012609886e-07,7.324341373112546e-07
18,2311,577,12,0.39166666666666666,work,3,1.4946834900704541e-16,0.0,0.0021513291836195007,0.011364146175096252,0.0038262036012067413,0.031727722812519794,0.0037446734626917417,0.022393384913648725,3.2022104159267055e-07,4.969040155569645e-07
18,2312,577,12,0.4,work,4,1.4946834900704541e-16,0.0,2.6483028970089423e-08,8.429369702178807e-08,0.003650439356823358,0.033690794299426376,0.0036504616221837605,0.03369074118249793,2.2600495290610532e-07,1.7377590819732256e-07
18,2313,578,13,0.4083333333333333,work,1,3.6188843062238402e-16,0.0,0.006356289081186051,0.034231704462717644,0.0033347161940897037,0.036106081161508,0.006028640191449576,0.016123658348029347,3.220751964515959e-07,2.889442358861168e-07
18,2314,578,13,0.4166666666666667,work,2,3.6188843062238402e-16,0.0,0.00424336880211722,0.022819801060880465,0.003092094646907875,0.038212030032025106,0.004398951686993664,0.020433542029886363,2.847783687137076e-07,3.6256089987148215e-07
18,2315,578,13,0.425,work,3,3.6188843062238402e-16,0.0,0.0021246826389631473,0.011409226805317177,0.0029133266692529043,0.04050304838418781,0.0031532298472716444,0.03070310413416692,3.472406010157206e-07,5.46285592908365e-07
18,2316,578,13,0.43333333333333335,work,4,3.6188843062238402e-16,0.0,1.2291392779076293e-08,9.424321830774485e-08,0.0028239125830338114,0.0428887688874496,0.002823911512742197,0.04288883718040325,2.709724774871491e-07,2.563692708922217e-07
18,2317,579,14,0.44166666666666665,work,1,5.551115123125783e-17,0.0,0.005993592753421506,0.036187943466896993,0.0035469598898665404,0.0442002472210623,0.00790131922262109,0.03258771178685001,3.13404916364575e-07,4.214684851089411e-07
18,2318,579,14,0.45,work,2,5.551115123125783e-17,0.0,0.004005317452127425,0.024167498920969754,0.004430509303673227,0.04562370072960034,0.006880198859458435,0.03469273022914915,1.9764826110199681e-07,6.222907608098144e-07
18,2319,579,14,0.4583333333333333,work,3,5.551115123125783e-17,0.0,0.0020077285231533426,0.012104864184938672,0.005280775622688383,0.04753136990359301,0.006203502679607384,0.0408812586176152,2.8504482004054295e-07,6.677316576960141e-07
18,2320,579,14,0.4666666666666667,work,4,5.551115123125783e-17,0.0,1.6147076909583137e-08,7.884953353001448e-08,0.00603098744900762,0.04958767994874299,0.006030993242239098,0.04958774530652544,2.214454861195472e-07,4.086288571596775e-07
18,2321,580,15,0.475,work,1,8.326672684688674e-17,0.0,0.01097421580432096,0.04774816838655135,0.008949209961902384,0.05276745994872115,0.01890145834614284,0.05879327887729208,1.8061580971111537e-07,6.925433897150939e-07
18,2322,580,15,0.48333333333333334,work,2,8.326672684688674e-17,0.0,0.007339784045096723,0.03192122225188536,0.011759299086827218,0.05668127064135734,0.017944007261190952,0.05807882020964007,2.5785365416878933e-07,5.763494850937659e-07
18,2323,580,15,0.49166666666666664,work,3,8.326672684688674e-17,0.0,0.0036817650181586656,0.01600496321700632,0.014305628145987029,0.06088110711374821,0.01709419484442378,0.060352675560065634,2.1659097294352958e-07,4.172325134277351e-07
18,2324,580,15,0.5,work,4,8.326672684688674e-17,0.0,2.247005008324951e-08,4.2146848510894035e-08,0.016565769218968567,0.06467015087147426,0.016565777602874417,0.06467015091135095,2.8667680191638315e-07,7.027283979983126e-07
18,2325,581,16,0.5083333333333333,work,1,9.614813431917819e-17,0.0,0.0217007542371782,0.04203936409491276,0.023247732781973004,0.07874321570409376,0.04411234661571765,0.09937431458061134,2.5323065993236533e-07,6.377975511262652e-07
18,2326,581,16,0.5166666666666666,work,2,9.614813431917819e-17,0.0,0.01444698885616396,0.02794191578536668,0.028807147712394544,0.09054096411048607,0.04238817018997822,0.10364595410119354,3.3693899613803546e-07,1.0211373388178349e-06
18,2327,581,16,0.525,work,3,9.614813431917819e-17,0.0,0.007213082730148855,0.013928649906340494,0.0330791629072305,0.09944874658360256,0.03969187891216176,0.10567530476482583,4.974286339686656e-07,1.2769869140165398e-06
18,2328,581,16,0.5333333333333333,work,4,9.614813431917819e-17,0.0,3.029680455596694e-08,8.940696716308595e-08,0.036013844715850486,0.10572513629129283,0.03601381805128142,0.10572508659235524,4.3558224665758475e-07,8.09614521694554e-07
18,2329,582,17,0.5416666666666666,work,1,1.1443916996305594e-16,0.0,0.015308123817825082,0.028299654086001717,0.036759157859938676,0.10867718653098446,0.051345248054990085,0.13177950165723631,3.533272091611909e-07,7.342508432123058e-07
18,2330,582,17,0.55,work,2,1.1443916996305594e-16,0.0,0.010195602989117761,0.018851251914489192,0.03664541606969509,0.10784254556665214,0.04625189797750945,0.12301404504310405,2.1393965635127652e-07,6.078504936209683e-07
18,2331,582,17,0.5583333333333333,work,3,1.1443916996305594e-16,0.0,0.005092819159711669,0.009418068103353048,0.03578987035988895,0.10494493351143938,0.040536107316189236,0.11239735308688319,1.936289211103863e-07,5.196212462831361e-07
18,2332,582,17,0.5666666666666667,work,4,1.1443916996305594e-16,0.0,1.4676065685094609e-08,5.960464477539063e-08,0.03439674912812236,0.10059620725307142,0.03439673655104874,0.10059613229466607,2.893040112577879e-07,5.322864979354085e-07
18,2333,583,18,0.575,work,1,8.326672684688674e-17,0.0,0.011770829015119345,0.023204981364085293,0.031580624267171425,0.09271182716229542,0.04183752446503498,0.10352870217414196,1.346989902374974e-07,6.617189440481251e-07
18,2334,583,18,0.5833333333333334,work,2,8.326672684688674e-17,0.0,0.007829388528890927,0.015463133161385603,0.02887371569963939,0.08493650570743179,0.03564997688426616,0.09146657531106868,1.4308031929509323e-07,3.6983709472390636e-07
18,2335,583,18,0.5916666666666667,work,3,8.326672684688674e-17,0.0,0.0039057209590087193,0.007728196944400084,0.02625906608025531,0.0775772793522917,0.02959207043939966,0.08044711612719843,3.229427393871647e-07,3.746093836419747e-07
18,2336,583,18,0.6,work,4,8.326672684688674e-17,0.0,1.428090166320369e-08,2.9802322387695312e-08,0.023774033858318583,0.07067000778087332,0.023774043756643333,0.07067005581055073,2.8098279222527713e-07,9.224288189734399e-07
18,2337,584,19,0.6083333333333333,work,1,6.798699777552591e-17,0.0,0.009572955172480973,0.027780104434116357,0.021496513455997002,0.06432725935828776,0.029673716874806765,0.058397030309664075,2.9435454255666814e-07,7.238958955699912e-07
18,2338,584,19,0.6166666666666667,work,2,6.798699777552591e-17,0.0,0.006365190125834166,0.01853519010889445,0.01957115200092194,0.05866568952217378,0.024972343158285695,0.052674711417791724,3.57203181700671e-07,4.636153336198354e-07
18,2339,584,19,0.625,work,3,6.798699777552591e-17,0.0,0.0031741856485421782,0.0092751068075611,0.017887053289603865,0.05377916758596275,0.020528585740223065,0.049795775282243174,2.513222686281601e-07,2.8272965492323474e-07
18,2340,584,19,0.6333333333333333,work,4,6.798699777552591e-17,0.0,1.632991712833674e-08,5.960464477539063e-08,0.016421518196689744,0.04958947384514438,0.016421526479673525,0.04958950401127504,3.5873144876101114e-07,8.688795409866194e-07
18,2341,585,20,0.6416666666666666,work,1,1.1775693440128312e-16,0.0,0.0056793268165801014,0.034664344675230135,0.014392426583739681,0.04440057229748237,0.018836737916170587,0.026306020988091285,2.5200394308622874e-07,6.617189440481251e-07
18,2342,585,20,0.65,work,2,1.1775693440128312e-16,0.0,0.0037677605963850926,0.023101319479385964,0.012836849141860104,0.039858812764091756,0.01588554987030288,0.0238572330566058,3.033092981848067e-07,7.24509106942611e-07
18,2343,585,20,0.6583333333333333,work,3,1.1775693440128312e-16,0.0,0.0018747585563375893,0.01154658628388945,0.01165418748489176,0.03618380877568952,0.013195035755921227,0.026756635783047645,3.47986687639896e-07,5.364418029785172e-07
18,2344,585,20,0.6666666666666666,work,4,1.1775693440128312e-16,0.0,1.9973207797251606e-08,7.884953353001448e-08,0.010776961437868725,0.0333976201903268,0.010776941768641742,0.03339759838882322,3.88235167611495e-07,4.842304232499588e-07
18,2345,586,21,0.675,work,1,9.614813431917819e-17,0.0,0.0027717051492810747,0.029221196687552357,0.008722082470999074,0.02776299940947912,0.009776286145038346,0.014853223158203034,3.0567448964957404e-07,9.784969782461028e-07
18,2346,586,21,0.6833333333333333,work,2,9.614813431917819e-17,0.0,0.0018417437198327783,0.019499333632917733,0.00728298746500712,0.023810592670084996,0.008021983222165808,0.011484822126131082,2.894999976967801e-07,8.429369702178869e-07
18,2347,586,21,0.6916666666666667,work,3,9.614813431917819e-17,0.0,0.0009179963518551865,0.009758818913187719,0.006367276016259287,0.02129502290827031,0.0067022800379336975,0.01355509704235173,2.3440603679411918e-07,6.377975511262652e-07
18,2348,586,21,0.7,work,4,9.614813431917819e-17,0.0,3.1977996886651705e-08,1.4292691717483762e-07,0.005896714847287069,0.02007733596666067,0.0058967219488411495,0.02007742277469338,3.098621525263544e-07,7.621474178161919e-07
18,2349,587,22,0.7083333333333334,work,1,1.2412670766236366e-16,0.0,0.0066523394489718226,0.02027606257058919,0.00726394113394697,0.024228748317360178,0.013190191800142886,0.03253624949533159,2.646101681263286e-07,6.717102330675541e-07
18,2350,587,22,0.7166666666666667,work,2,1.2412670766236366e-16,0.0,0.004431251545061676,0.013517295564090486,0.009542860523003207,0.029444261771278277,0.013585188971847854,0.03488280637915681,1.9777961831208368e-07,7.691078126766694e-07
18,2351,587,22,0.725,work,3,1.2412670766236366e-16,0.0,0.002213755394041287,0.006758539465019621,0.01194374465229498,0.03486477930527368,0.013950820586339464,0.0373793833571573,4.783870421743234e-07,8.183437715617463e-07
18,2352,587,22,0.7333333333333333,work,4,1.2412670766236366e-16,0.0,2.2973881890340686e-08,1.1542389828584842e-07,0.014152945490494872,0.03986124805121339,0.014152926576422566,0.03986113965286165,2.8956615277855953e-07,6.314998895054215e-07
18,2353,588,23,0.7416666666666667,work,1,1.415262216750919e-16,0.0,0.009093989005411997,0.02547624732200526,0.016746314070563557,0.04582246128091312,0.025311092620864138,0.06401479090738785,4.789741948740707e-07,9.367605236471805e-07
18,2354,588,23,0.75,work,2,1.415262216750919e-16,0.0,0.006056174853388476,0.016958329046759243,0.018818508043954685,0.050531539155944744,0.024467489552236866,0.061825926710320785,3.470731403319275e-07,6.93824692179136e-07
18,2355,588,23,0.7583333333333333,work,3,1.415262216750919e-16,0.0,0.0030248141939666195,0.008466219258712677,0.020364850448701666,0.05397832560347619,0.023153085868554333,0.059220297176573136,1.2823521452123736e-07,7.189713765272429e-07
18,2356,588,23,0.7666666666666666,work,4,1.415262216750919e-16,0.0,1.614529266228438e-08,0.0,0.021410004298610306,0.05621601844030396,0.02141001579109881,0.05621599510641967,2.2115855390409093e-07,3.816559456248795e-07
18,2357,589,24,0.775,work,1,1.1443916996305594e-16,0.0,0.011195225467583848,0.02256789769265578,0.022602293971095273,0.058874254686069126,0.03279770690838093,0.0743757413804988,6.933904264024378e-08,6.405766385854712e-07
18,2358,589,24,0.7833333333333333,work,2,1.1443916996305594e-16,0.0,0.0074567467692539195,0.015028364647275864,0.02327628061723327,0.06018108377327753,0.030005781302628,0.06991754288330755,3.1322510051097434e-07,7.60981162476765e-07
18,2359,589,24,0.7916666666666666,work,3,1.1443916996305594e-16,0.0,0.003724914131433677,0.007505838379515244,0.023476479415217768,0.06034865061300046,0.026793784445189123,0.06492319166934088,5.250941328204924e-07,1.1246181883879575e-06
18,2360,589,24,0.8,work,4,1.1443916996305594e-16,0.0,5.239398845880639e-09,0.0,0.023280250987360994,0.05956758833757911,0.02328024703255791,0.059567592092558304,3.508827787300932e-07,6.963802245585908e-07
18,2361,590,25,0.8083333333333333,work,1,1.942890293094024e-16,0.0,0.010813762901615313,0.0219569806401411,0.022879694271111497,0.058445129807158686,0.03276878447852712,0.07149852970631704,3.9536640661098033e-07,7.360630652444684e-07
18,2362,590,25,0.8166666666666667,work,2,1.942890293094024e-16,0.0,0.007209460387217881,0.01463837222212072,0.02220726428431196,0.05649869140684562,0.02872548993518699,0.06471510098233219,3.2371935945634175e-07,9.024741607741624e-07
18,2363,590,25,0.825,work,3,1.942890293094024e-16,0.0,0.003604829304395219,0.00731959502677606,0.02134690525219462,0.05409568608122519,0.024560327016255726,0.057916090886381645,3.486264556332789e-07,1.0515617587791416e-06
18,2364,590,25,0.8333333333333334,work,4,1.942890293094024e-16,0.0,1.0277204713263365e-08,7.300048299977715e-08,0.020383567990848128,0.05146165797165607,0.020383577637754204,0.05146163009123079,4.479241117323419e-07,1.1111111570779973e-06
18,2365,591,26,0.8416666666666667,work,1,1.2412670766236366e-16,0.0,0.0076462846074169324,0.021540310172141534,0.01891200487420672,0.04761686590796154,0.02639462636021305,0.0545048635042718,3.558341980521098e-07,8.01344493612578e-07
18,2366,591,26,0.85,work,2,1.2412670766236366e-16,0.0,0.005114654125742156,0.014420417834411073,0.01758634122499092,0.04406071633842677,0.022574939194738623,0.0484549030834261,3.821292470169291e-07,7.1027131604034e-07
18,2367,591,26,0.8583333333333333,work,3,1.2412670766236366e-16,0.0,0.0025660117240293174,0.007240492712302733,0.016392522200795522,0.04089743893407468,0.018884681066885383,0.04282681161106988,2.691008062102597e-07,5.5595511514478e-07
18,2368,591,26,0.8666666666666667,work,4,1.2412670766236366e-16,0.0,1.980898909015261e-08,0.0,0.015363783010054394,0.038198850125774717,0.015363770211479078,0.03819884296790503,3.013320417699916e-07,6.951036327892935e-07
18,2369,592,27,0.875,work,1,1.0385185452638061e-16,0.0,0.009805762281114605,0.02497313444370604,0.015114754254977368,0.037557437214743424,0.024440475066164178,0.05090901260036033,3.3502521372624573e-07,1.055355740167259e-06
18,2370,592,27,0.8833333333333333,work,2,1.0385185452638061e-16,0.0,0.006553422160697193,0.016718745470195383,0.015027603565963464,0.037217178429573484,0.021266928775147662,0.045078139368087064,4.0624057532354164e-07,7.839767001847022e-07
18,2371,592,27,0.8916666666666666,work,3,1.0385185452638061e-16,0.0,0.003285046697453075,0.008394658510562682,0.015029550219483698,0.03707972280793054,0.018150632957538493,0.04034662846682604,2.403785583095423e-07,6.201461567486791e-07
18,2372,592,27,0.9,work,4,1.0385185452638061e-16,0.0,2.2707665575169203e-08,1.3328003749250115e-07,0.015080089200344692,0.03705627337742023,0.01508010944590642,0.03705636934521977,1.590111729072474e-07,2.980232238769534e-07
18,2373,593,28,0.9083333333333333,work,1,1.8824747269678055e-16,0.0,0.009882889961852033,0.024956833128419155,0.014985855119908202,0.03670449823918937,0.024341972915336057,0.05022402399737774,2.505591568495213e-07,5.583463309763449e-07
18,2374,593,28,0.9166666666666666,work,2,1.8824747269678055e-16,0.0,0.006606050434740876,0.016678293984147247,0.014959755607320874,0.03645497666334979,0.02122811924935339,0.0442040966353718,1.953913342335705e-07,5.479090306416241e-07
18,2375,593,28,0.9249999999999999,work,3,1.8824747269678055e-16,0.0,0.0033119974584272433,0.008360064122705681,0.014957960844423544,0.03626846587741845,0.018092695829564128,0.03940514318070784,1.4557633879000652e-07,3.39798755973321e-07
18,2376,593,28,0.9333333333333333,work,4,1.8824747269678055e-16,0.0,2.4109316670642e-08,1.0745380149674385e-07,0.014963505359651465,0.03610927056679739,0.014963527958600117,0.03610936320566023,2.2811703499402648e-07,3.2236140449023185e-07
19,2377,594,1,0.008333333333333333,startup,1,1.7785780651003303e-16,0.0,0.009226144956398579,0.029735252698239633,0.002102129011002729,0.00417648545412202,0.011313018326130981,0.033606394303364345,1.3989357160101196e-07,5.280984981855572e-07
19,2378,594,1,0.016666666666666666,startup,2,1.7785780651003303e-16,0.0,0.006166996671600198,0.019813690465398843,0.0030706434518593287,0.0059470069720580125,0.009195532489540074,0.025197177801573246,6.146256358722785e-08,3.2236140449023185e-07
19,2379,594,1,0.025,startup,3,1.7785780651003303e-16,0.0,0.003091575832873571,0.009901892914426334,0.003300740741552113,0.005888685451273556,0.006320487116980705,0.015105301433842628,1.462166938833775e-07,7.952251472548497e-07
19,2380,594,1,0.03333333333333333,startup,4,1.7785780651003303e-16,0.0,1.1171115549800986e-08,1.5485740967710712e-07,0.0031234584200396675,0.004519289932113744,0.0031234575091678577,0.004519297797953031,1.1923327083193325e-07,8.455670451588161e-07
19,2381,595,2,0.041666666666666664,work,1,1.1123893155135927e-16,0.0,0.005878417800178868,0.020680882713960992,0.0031040351413642144,0.004560149547732177,0.008376192297422749,0.017099423380136987,1.5606227732783577e-07,5.740332688170161e-07
19,2382,595,2,0.05,work,2,1.1123893155135927e-16,0.0,0.003921254525012425,0.013790881718914157,0.004561974282544507,0.009802369529488309,0.006918453624669433,0.006133837209425427,8.118836938413312e-08,4.897021271334596e-07
19,2383,595,2,0.058333333333333334,work,3,1.1123893155135927e-16,0.0,0.0019617956207083685,0.006897125613083117,0.006394451973984011,0.015128624785255148,0.006953132376950087,0.009494239655743917,6.631546077780052e-08,6.529361695112807e-07
19,2384,595,2,0.06666666666666667,work,4,1.1123893155135927e-16,0.0,3.223871782115564e-08,1.032382731180714e-07,0.008191669490955771,0.020005521959903166,0.00819169890351248,0.020005600265537177,1.723179961585921e-07,5.397430144630339e-07
19,2385,596,3,0.075,work,1,8.121767085755589e-17,0.0,0.006157497321825278,0.02222875337750798,0.010300452966600142,0.02546883238611269,0.0132323466271145,0.015310519729009956,2.9962674357743166e-07,6.529361695112807e-07
19,2386,596,3,0.08333333333333333,work,2,8.121767085755589e-17,0.0,0.004103775421874636,0.014817910944261667,0.010964757873589361,0.02590995307384383,0.012580759766676101,0.016505247536115375,2.7454018913547214e-07,8.995168371669469e-07
19,2387,596,3,0.09166666666666666,work,3,8.121767085755589e-17,0.0,0.0020512736424348446,0.007408508560964917,0.00966957454423821,0.022137081037398837,0.010396864723041627,0.016704660722987964,3.085694335018343e-07,1.0323827311807255e-06
19,2388,596,3,0.1,work,4,8.121767085755589e-17,0.0,7.668145982398668e-09,0.0,0.008699369612690045,0.019626745338591756,0.008699362350299895,0.019626727334923762,2.836486893975982e-07,1.2748986265783191e-06
19,2389,597,4,0.10833333333333334,work,1,3.383022124450437e-16,0.0,0.006274819920886816,0.025421775556723085,0.007883421154757283,0.017595708763739448,0.011434949550097717,0.01855438039358337,3.1412009986910403e-07,1.414904292877849e-06
19,2390,597,4,0.11666666666666667,work,2,3.383022124450437e-16,0.0,0.004184100421584682,0.016940492534160384,0.007405890972716986,0.01637409369606668,0.009518350660634839,0.013531510658468304,2.6900906650689056e-07,7.946665064080639e-07
19,2391,597,4,0.125,work,3,3.383022124450437e-16,0.0,0.0020925094422503416,0.008466474866348038,0.007021308685091803,0.015395916511103036,0.007890934039332234,0.011667931262794102,2.497113847913125e-07,5.990192664337711e-07
19,2392,597,4,0.13333333333333333,work,4,3.383022124450437e-16,0.0,3.0835967222680374e-08,8.429369702178807e-08,0.006641093362066359,0.01428759114748611,0.006641063382460153,0.014287501770655651,3.230303850163747e-07,9.784969782461028e-07
19,2393,598,5,0.14166666666666666,work,1,1.1188630228279524e-16,0.0,0.005704047839167246,0.028435742656658165,0.006172827950999486,0.013295148242563821,0.009728976695608143,0.025209005735853007,2.4985702055287707e-07,1.1336640478140408e-06
19,2394,598,5,0.15,work,2,1.1188630228279524e-16,0.0,0.0038039439094633785,0.018948856723560305,0.005453220642833547,0.011264633162904852,0.007631958550431929,0.016695800692593826,2.8609398799686095e-07,1.1488399068949609e-06
19,2395,598,5,0.15833333333333333,work,3,1.1188630228279524e-16,0.0,0.001902590389709762,0.009470222958003672,0.004873309908614481,0.00985780272844453,0.005806481906660219,0.009727346705864342,2.211913466902405e-07,7.963412532739327e-07
19,2396,598,5,0.16666666666666666,work,4,1.1188630228279524e-16,0.0,2.891588015735332e-08,8.940696716308595e-08,0.004524705008837596,0.009013406114537688,0.0045247327520063,0.009013461529838632,1.1767593688091481e-07,4.786961795153931e-07
19,2397,599,6,0.175,work,1,1.7567876183194558e-16,0.0,0.005898040650721856,0.0316049563922982,0.004017833729549376,0.007883317339254773,0.007838243267129334,0.030342517731911874,1.0743999182039317e-07,5.65459309846471e-07
19,2398,599,6,0.18333333333333332,work,2,1.7567876183194558e-16,0.0,0.003934399658107522,0.021072955423872497,0.004007204887813191,0.007915864567646412,0.006210904126615706,0.020533494445102753,2.651827249837078e-07,7.667947012346199e-07
19,2399,599,6,0.19166666666666665,work,3,1.7567876183194558e-16,0.0,0.001968367811990499,0.010537972445536604,0.004312195255803408,0.008715263952522827,0.005096585075179163,0.011925513034359325,3.027106304762246e-07,8.074174633112048e-07
19,2400,599,6,0.2,work,4,1.7567876183194558e-16,0.0,3.0208793744213775e-09,0.0,0.00476556736238119,0.009861427805989514,0.004765569271223816,0.009861440501047255,1.1864612791608192e-07,4.655271575395269e-07
19,2401,600,7,0.20833333333333334,work,1,2.3055512673781017e-16,0.0,0.004809094863880166,0.030719476851549958,0.004938194928253441,0.010552993510055002,0.006856839527124579,0.030593000052368556,4.692915251389494e-08,8.544487468499875e-07
19,2402,600,7,0.21666666666666667,work,2,2.3055512673781017e-16,0.0,0.003205741634313408,0.02049623693759568,0.005262727864700003,0.011342579291037613,0.006019617519716267,0.021636526324728473,3.2246403070093787e-07,5.118716966306483e-07
19,2403,600,7,0.225,work,3,2.3055512673781017e-16,0.0,0.001602720576900053,0.010256377764148812,0.0056210572329228,0.012128491936298724,0.005734795315032694,0.014224159756984867,2.528563869647623e-07,6.925433897150939e-07
19,2404,600,7,0.23333333333333334,work,4,2.3055512673781017e-16,0.0,4.15603607160437e-08,1.032382731180714e-07,0.005888936404765618,0.012722445579344046,0.005888973369770488,0.012722536680913565,2.743098897856915e-07,7.918673906079834e-07
19,2405,601,8,0.24166666666666667,work,1,6.546139416680338e-17,0.0,0.005163924501179943,0.03197592433087032,0.005490142367739767,0.011774498669005642,0.006079329257630922,0.03156301029595493,3.925221152517386e-07,1.0430812835693478e-06
19,2406,601,8,0.25,work,2,6.546139416680338e-17,0.0,0.0034421484984751426,0.021346089837546177,0.005232459931486858,0.01113985817888579,0.00515434549598347,0.021423352911173102,2.8431952606681673e-07,6.37100885106088e-07
19,2407,601,8,0.2583333333333333,work,3,6.546139416680338e-17,0.0,0.0017208325558034261,0.010687322103361699,0.005044106871681297,0.01075551807617123,0.004717614143439651,0.012590501134478073,3.3108033347481847e-07,6.690604782296345e-07
19,2408,601,8,0.26666666666666666,work,4,6.546139416680338e-17,0.0,4.7363772613740426e-08,1.8848643661548975e-07,0.004793592115661098,0.010319392795796684,0.004793547875204433,0.010319234159359637,1.7448243609363076e-07,4.4404460268471747e-07
19,2409,602,9,0.275,work,1,2.237726045655905e-16,0.0,0.005595328815215675,0.028447856732572104,0.004115684031465232,0.008707102775158088,0.004326927183782965,0.028877624081807208,2.1073679400471698e-07,5.763494850937659e-07
19,2410,602,9,0.2833333333333333,work,2,2.237726045655905e-16,0.0,0.0037196115664474964,0.018937993668005984,0.004018356049087617,0.008538060840691027,0.003290331008816569,0.020023230934422206,2.569901451634917e-07,9.96485560971538e-07
19,2411,602,9,0.2916666666666667,work,3,2.237726045655905e-16,0.0,0.0018546250689583843,0.009455296271489562,0.004092219392164411,0.009252226865641365,0.0032286629634872446,0.011847379887271303,3.1551635193617004e-07,8.885891148969946e-07
19,2412,602,9,0.3,work,4,2.237726045655905e-16,0.0,5.096082424336559e-08,1.6049041769309358e-07,0.003880595011863512,0.009816114156999548,0.0038805527427475026,0.009815950298502473,3.217408112063164e-07,1.0452078531235683e-06
19,2413,603,10,0.30833333333333335,work,1,6.359601310784502e-17,0.0,0.004354798157191124,0.029980476453848395,0.003554914965795615,0.010043686893286958,0.0011733079349329054,0.027098357273830257,3.634305423414754e-07,9.281880558966146e-07
19,2414,603,10,0.31666666666666665,work,2,6.359601310784502e-17,0.0,0.002884655854586186,0.019972073143380994,0.0034536530610919667,0.010123056390184642,0.0009798240179704119,0.017142622350853325,2.1587588855052754e-07,5.717076686993523e-07
19,2415,603,10,0.325,work,3,6.359601310784502e-17,0.0,0.0014337417771113292,0.009978958572431956,0.003633506003482426,0.010110856803359866,0.0022528543054015906,0.010597255900250352,2.589569027444888e-07,7.046216975174516e-07
19,2416,603,10,0.3333333333333333,work,4,6.359601310784502e-17,0.0,3.406843175049355e-08,1.032382731180714e-07,0.0038869594884090096,0.011808559339118641,0.0038869382901792985,0.011808467695879895,4.405610685595677e-07,1.126984977793055e-06
19,2417,604,11,0.3416666666666667,work,1,4.163336342344337e-17,0.0,0.005143483021808523,0.03289747995246223,0.0037449375350944157,0.012098247944850286,0.003427278422318725,0.028621832471750593,3.1574128254234904e-07,9.620197052698809e-07
19,2418,604,11,0.35,work,2,4.163336342344337e-17,0.0,0.003432418427924683,0.02195862746837426,0.003674779204113269,0.01231642525967907,0.0027943173413580336,0.018601412451213658,5.059508121429012e-07,1.3565786691595627e-06
19,2419,604,11,0.35833333333333334,work,3,4.163336342344337e-17,0.0,0.001718470853968342,0.01099292249560341,0.0036277988536981103,0.012777998884250661,0.0027673589790197057,0.011434326573977298,3.171193129029176e-07,7.504033036240485e-07
19,2420,604,11,0.36666666666666664,work,4,4.163336342344337e-17,0.0,1.9068275824271608e-08,1.1151007970493858e-07,0.0036199600069979623,0.013684987853031695,0.0036199462499423374,0.013684879041262471,4.380993484031928e-07,1.1198696033988107e-06
19,2421,605,12,0.375,work,1,3.1031676915590914e-17,0.0,0.006161786908246092,0.033856008996215645,0.0033178969222172976,0.014329898302189484,0.0049639754906194095,0.02709022127012175,1.4095655029514693e-07,1.1786055525115415e-06
19,2422,605,12,0.3833333333333333,work,2,3.1031676915590914e-17,0.0,0.0041132227663912635,0.022604364147867033,0.003115880703069316,0.01474737103028028,0.003546325748147241,0.01693892134170087,3.157832946733914e-07,8.870885411582791e-07
19,2423,605,12,0.39166666666666666,work,3,3.1031676915590914e-17,0.0,0.0020596565742498235,0.011319053100957406,0.0029600919492076415,0.015690527257767272,0.0026066160072077023,0.011388345134925974,2.528980304861546e-07,5.543552409928541e-07
19,2424,605,12,0.4,work,4,3.1031676915590914e-17,0.0,2.2075798801669575e-08,8.429369702178807e-08,0.0028502047699270963,0.016914140091495194,0.0028501902161073155,0.01691411650217963,1.1405166796224259e-07,6.982907363092924e-07
19,2425,606,13,0.4083333333333333,work,1,3.1062693092164517e-16,0.0,0.006480221085413541,0.03206633241193132,0.002470348920632248,0.018270131942747375,0.005756757196181657,0.021932314360414585,1.5977602314741713e-07,8.041106202144702e-07
19,2426,606,13,0.4166666666666667,work,2,3.1062693092164517e-16,0.0,0.004321981654636818,0.02141154555543958,0.002190898125653373,0.019532258771686836,0.0040957163379025455,0.013726006332115242,2.0820499167455573e-07,8.429369702178869e-07
19,2427,606,13,0.425,work,3,3.1062693092164517e-16,0.0,0.0021622251702671305,0.010722747459755669,0.002004515974250117,0.021095807186879614,0.002649360062692564,0.014115809696984682,2.3084430019116925e-07,1.1091109553532978e-06
19,2428,606,13,0.43333333333333335,work,4,3.1062693092164517e-16,0.0,2.5141583541811822e-08,1.264405455326821e-07,0.0019426762046425555,0.022822232108431543,0.0019426701735242278,0.022822142594954832,3.5797817915045787e-07,8.719407819704955e-07
19,2429,607,14,0.44166666666666665,work,1,2.2473876566261383e-16,0.0,0.00640886845015467,0.03624974845258847,0.0021666082389056743,0.023701199109938436,0.007354251357349353,0.02814235831298686,3.264117842090671e-07,8.980345233273202e-07
19,2430,607,14,0.45,work,2,2.2473876566261383e-16,0.0,0.004285882595163668,0.024229451164555618,0.002536654763994695,0.024703544968507473,0.005559669226857844,0.02192731253798972,2.1643699972751598e-07,6.00500156867801e-07
19,2431,607,14,0.4583333333333333,work,3,2.2473876566261383e-16,0.0,0.0021501985253811755,0.012146280492236958,0.0028741127389617723,0.02586914467224485,0.003989593834009406,0.02143699752199439,4.354216986643725e-07,1.1135066564243822e-06
19,2432,607,14,0.4666666666666667,work,4,2.2473876566261383e-16,0.0,2.110361369298598e-08,6.664001874625056e-08,0.003194303032133856,0.027081568352556276,0.003194290990898934,0.02708157392500129,1.5738787594472094e-07,4.7215758316978504e-07
19,2433,608,15,0.475,work,1,7.757919228897728e-17,0.0,0.009730941465496306,0.04426641540496098,0.005218882034953849,0.030766502025052666,0.01383318190774915,0.04884825313819739,4.270691205499524e-08,3.024605383006403e-07
19,2434,608,15,0.48333333333333334,work,2,7.757919228897728e-17,0.0,0.00651168587781996,0.02955540392064316,0.007051964734618589,0.03328567128804845,0.012238506369685122,0.04352954190367615,1.7052427191975864e-07,4.860611686199943e-07
19,2435,608,15,0.49166666666666664,work,3,7.757919228897728e-17,0.0,0.003268026863111261,0.014799929214582539,0.008674792153129161,0.03536078847868733,0.01081952119537287,0.03962974393631779,2.938560341805825e-07,5.794233708150282e-07
19,2436,608,15,0.5,work,4,7.757919228897728e-17,0.0,2.667604843250472e-08,1.032382731180714e-07,0.010116942890914409,0.037415435362759576,0.01011692263889698,0.037415484474035,1.9186668432527934e-07,4.042583693936634e-07
19,2437,609,16,0.5083333333333333,work,1,1.249000902703301e-16,0.0,0.01868864619077684,0.040511384444287306,0.01616978607510715,0.050515678237503865,0.03363907742059411,0.08636452285173471,2.6087655302914697e-07,6.165552397244359e-07
19,2438,609,16,0.5166666666666666,work,2,1.249000902703301e-16,0.0,0.012410795526069418,0.026997985562417677,0.02066750575090715,0.061231944004129554,0.031797652051404786,0.08564452756842254,1.0992976352391158e-07,5.847637912734942e-07
19,2439,609,16,0.525,work,3,1.249000902703301e-16,0.0,0.006181010934737471,0.013494131209198918,0.02381298453486758,0.06888330294540299,0.029084236194919042,0.08126482687735764,3.0691776129709334e-07,8.704115072792977e-07
19,2440,609,16,0.5333333333333333,work,4,1.249000902703301e-16,0.0,9.222575200922576e-09,8.429369702178807e-08,0.025681921580815635,0.07357141760809369,0.025681914151959594,0.07357137433242547,3.669213929850262e-07,7.189713765272429e-07
19,2441,610,17,0.5416666666666666,work,1,2.5020943278529207e-16,0.0,0.017088049409617972,0.01908397216295627,0.027288934330832987,0.07740337196653149,0.04273945928715408,0.09629023821826364,2.377529627337565e-07,5.127385417844444e-07
19,2442,610,17,0.55,work,2,2.5020943278529207e-16,0.0,0.011358735059093539,0.012833951992700094,0.02774102356585269,0.07829460594654884,0.03775688680602974,0.09093320809945753,1.1601200889480468e-07,7.396741894478159e-07
19,2443,610,17,0.5583333333333333,work,3,2.5020943278529207e-16,0.0,0.005662632493494646,0.006474912821947866,0.027332120671293522,0.07703966517558587,0.03218969310672678,0.08337307012449181,7.926471658869936e-08,4.1509831777763796e-07
19,2444,610,17,0.5666666666666667,work,4,2.5020943278529207e-16,0.0,4.4039721479831006e-08,9.424321830774485e-08,0.026205531520925505,0.07399868370379083,0.026205490407284985,0.07399862144142832,2.763316575482434e-07,6.690604782296345e-07
19,2445,611,18,0.575,work,1,1.2586013583571652e-16,0.0,0.012644298059503487,0.024201741115715658,0.02310388351071299,0.06569129038968993,0.033552383793612695,0.083604278864671,1.9469188060921852e-07,3.6256089987148215e-07
19,2446,611,18,0.5833333333333334,work,2,1.2586013583571652e-16,0.0,0.008403921198920685,0.01611480015921487,0.020079197434450448,0.057653560135565295,0.026905572228367022,0.0687738343120069,1.855971551465852e-07,4.4802714521804273e-07
19,2447,611,18,0.5916666666666667,work,3,1.2586013583571652e-16,0.0,0.004188996479832746,0.008047755796102922,0.017245244638167963,0.050042944904225936,0.020549205304429028,0.05512594171103008,1.8648422151204923e-07,7.760057786876928e-07
19,2448,611,18,0.6,work,4,1.2586013583571652e-16,0.0,4.786337453345891e-08,2.2696772533249593e-07,0.014710554614007533,0.04323985606933156,0.014710509564595584,0.04323967522250296,4.1889078609419123e-07,9.310543150790602e-07
19,2449,612,19,0.6083333333333333,work,1,7.850462293418876e-17,0.0,0.010958638432367352,0.031479811388667775,0.012964428043241195,0.03806750062448408,0.022427617258704416,0.043439693930482255,3.3306745077118757e-07,7.052516678690489e-07
19,2450,612,19,0.6166666666666667,work,2,7.850462293418876e-17,0.0,0.007283374718954781,0.02087333543717499,0.011494151517724361,0.033939841929197544,0.017662979403309326,0.03387172516834147,7.982896291336901e-08,5.495276723678658e-07
19,2451,612,19,0.625,work,3,7.850462293418876e-17,0.0,0.00363034560466457,0.010382479075039844,0.01026065951999177,0.03046434010636286,0.013219360895895106,0.028356992073509696,8.761686750234798e-08,8.172577143193593e-07
19,2452,612,19,0.6333333333333333,work,4,7.850462293418876e-17,0.0,2.4539462292122636e-08,1.6593230851978133e-07,0.00928251274301972,0.02768407323163553,0.009282533045979764,0.027684040244561774,3.257456032689637e-08,4.786961795153931e-07
19,2453,613,20,0.6416666666666666,work,1,3.632164660233972e-16,0.0,0.011008387689052233,0.03088387633543702,0.009406084363385348,0.02694734154339235,0.019808213301942972,0.028471986009222246,5.817329455138666e-08,6.650660516149253e-07
19,2454,613,20,0.65,work,2,3.632164660233972e-16,0.0,0.007329586073226853,0.020434192607173305,0.009422891346250765,0.026359075751391858,0.01617943649938447,0.02309641507331384,5.634732958526447e-08,5.93807066833119e-07
19,2455,613,20,0.6583333333333333,work,3,3.632164660233972e-16,0.0,0.0036602693478206606,0.010144763596624466,0.009402006378017512,0.025935191064007136,0.01267501798387546,0.02216795972584777,5.185558643560566e-08,5.306152646173509e-07
19,2456,613,20,0.6666666666666666,work,4,3.632164660233972e-16,0.0,1.5886082179044256e-08,7.300048299977715e-08,0.009408202633141738,0.02574474039031812,0.009408218432390158,0.02574480053100869,1.2030850867201504e-07,5.280984981855572e-07
19,2457,614,21,0.675,work,1,1.9478403400799703e-16,0.0,0.010756793086255887,0.03161003848364219,0.009771441068228599,0.025327724632375925,0.02007554243829969,0.032160246331123625,2.500343340573565e-07,1.0150305250839343e-06
19,2458,614,21,0.6833333333333333,work,2,1.9478403400799703e-16,0.0,0.007148497920186443,0.020649092434557426,0.009895161706716471,0.025098252666634763,0.016621418857526937,0.025097604749323477,2.183434089048759e-07,9.27230667239677e-07
19,2459,614,21,0.6916666666666667,work,3,1.9478403400799703e-16,0.0,0.0035651690215924947,0.010126704177139286,0.00990628662262643,0.024978343565576322,0.013188966690171118,0.022570405321317707,2.6160196651028266e-07,9.848303581391854e-07
19,2460,614,21,0.7,work,4,1.9478403400799703e-16,0.0,4.473323441888101e-08,1.8371385344770487e-07,0.009910164692077708,0.02505096039044655,0.009910208227850981,0.02505110103791392,1.7477343496531013e-07,6.165552397244359e-07
19,2461,615,22,0.7083333333333334,work,1,2.7755575615628914e-17,0.0,0.005719087080605247,0.025062656507583186,0.008346726250213207,0.019752757085568506,0.013770514789930348,0.028087909703917276,1.9390545950756987e-07,3.4498682328433513e-07
19,2462,615,22,0.7166666666666667,work,2,2.7755575615628914e-17,0.0,0.0037807484690678232,0.016342228487630294,0.007209419476358602,0.016000984335116205,0.01071246346820222,0.01989025538169578,7.275364493081686e-08,5.230286352272122e-07
19,2463,615,22,0.725,work,3,2.7755575615628914e-17,0.0,0.0018768110759238652,0.00799282734656153,0.006458521426442601,0.01389300791551201,0.008144461240477536,0.014072485127364025,2.526379154709743e-07,8.301966355552804e-07
19,2464,615,22,0.7333333333333333,work,4,2.7755575615628914e-17,0.0,2.625719819738863e-08,7.300048299977715e-08,0.006062066603415601,0.013118426537646798,0.006062092701219545,0.013118486175846782,1.6897790177084858e-07,5.161913655903584e-07
19,2465,616,23,0.7416666666666667,work,1,1.1188630228279524e-16,0.0,0.005546777141936701,0.011196572699058882,0.005458266629895753,0.01306387535082281,0.01017981195318858,0.019640964512989374,4.5965542040351765e-08,6.93824692179136e-07
19,2466,616,23,0.75,work,2,1.1188630228279524e-16,0.0,0.00369198281910208,0.00723010444690552,0.005487022798526373,0.013775768983743952,0.008504421523014073,0.017593504726626324,2.258959163270646e-07,6.893297139537593e-07
19,2467,616,23,0.7583333333333333,work,3,1.1188630228279524e-16,0.0,0.001843434315887166,0.0034985653286841167,0.005982672255487987,0.015368033937358163,0.007384179439637563,0.016913632912188108,2.813380038585448e-07,1.0477540392426936e-06
19,2468,616,23,0.7666666666666666,work,4,1.1188630228279524e-16,0.0,3.8816492074525777e-08,1.6049041769309358e-07,0.00676400340864444,0.017510018002640824,0.006763964900733154,0.017509923139654927,1.6083651841433336e-07,8.760057959973327e-07
19,2469,617,24,0.775,work,1,2.7088361131887196e-16,0.0,0.007213699160564601,0.014567554719062457,0.008709646892106591,0.02251615978190545,0.01521644490525491,0.027357260908537278,2.4752714506005047e-07,7.027283979983126e-07
19,2470,617,24,0.7833333333333333,work,2,2.7088361131887196e-16,0.0,0.004813185590435339,0.009368432147967233,0.010487366317629528,0.027168405130117826,0.014681570122422166,0.028789971950242695,1.2200589306556837e-07,8.068672639537438e-07
19,2471,617,24,0.7916666666666666,work,3,2.7088361131887196e-16,0.0,0.0024092932565491147,0.004516452997092926,0.012001059928996487,0.03109631545655564,0.014020491252160356,0.03126842371701145,6.169233891795409e-08,2.0647654623614288e-07
19,2472,617,24,0.8,work,4,2.7088361131887196e-16,0.0,5.082116959178848e-09,0.0,0.013225792001909596,0.034264000154186125,0.01322579043721851,0.03426400599374407,1.5740557082610343e-07,8.900871588628413e-07
19,2473,618,25,0.8083333333333333,work,1,1.2177709378935645e-16,0.0,0.009036883795425108,0.02246626124328587,0.015278299572725943,0.03913779392528535,0.023521328158467053,0.039516973485675545,1.7135340517763295e-07,9.127493400045447e-07
19,2474,618,25,0.8166666666666667,work,2,1.2177709378935645e-16,0.0,0.0060417966208632864,0.01447866391921874,0.016745831376130293,0.04290191845027084,0.022129061764498574,0.04065193696179832,1.0635174951905102e-07,5.255696799918546e-07
19,2475,618,25,0.825,work,3,1.2177709378935645e-16,0.0,0.0030318722118649844,0.007006533286797977,0.017677601656185905,0.04534168196498879,0.020304578018591236,0.043253752511164034,1.6590698710636151e-07,8.269808844036882e-07
19,2476,618,25,0.8333333333333334,work,4,1.2177709378935645e-16,0.0,8.177911716806388e-09,1.3657139822709086e-07,0.018168500461691724,0.04667014562331724,0.018168503127211796,0.046670166884488225,2.6976299336178355e-07,1.2211681156485199e-06
19,2477,619,26,0.8416666666666667,work,1,1.2412670766236366e-16,0.0,0.010250376403691629,0.027368799437432683,0.01930639539284268,0.04927263771262743,0.02867030931419105,0.046392218101791505,2.687125766711821e-07,1.2388592774168765e-06
19,2478,619,26,0.85,work,2,1.2412670766236366e-16,0.0,0.006864907124419906,0.017493457052334863,0.01987632768834816,0.05076508879979396,0.025990637538388133,0.045873327808436344,2.5791168865191996e-07,7.287871396921605e-07
19,2479,619,26,0.8583333333333333,work,3,1.2412670766236366e-16,0.0,0.0034545062873715345,0.00841311455973762,0.01996985094713671,0.05108491601666279,0.022951873920613926,0.04747586715951862,2.2040167416100842e-07,1.1898556219147101e-06
19,2480,619,26,0.8666666666666667,work,4,1.2412670766236366e-16,0.0,4.474739653045626e-08,1.8371385344770487e-07,0.01971370617704081,0.0505137990234702,0.019713750433292366,0.050513919185648466,2.118958311319415e-07,7.164964246852024e-07
19,2481,620,27,0.875,work,1,1.7772239894833365e-16,0.0,0.009468907783060226,0.02743699074373243,0.019432471212330302,0.04959681815009868,0.02801598928776803,0.043681013020478124,2.457929154015502e-07,6.522556730580147e-07
19,2482,620,27,0.8833333333333333,work,2,1.7772239894833365e-16,0.0,0.0063489155587226455,0.01761573696592428,0.018832182559960407,0.04801236745409652,0.024403733098440704,0.0412810681249008,1.7936702264949488e-07,7.444617746351282e-07
19,2483,620,27,0.8916666666666666,work,3,1.7772239894833365e-16,0.0,0.0032016277220806525,0.00852107808742554,0.018035796586700265,0.04599326013510029,0.020735920425460734,0.041464632730178516,9.018086174548193e-08,6.019774042583773e-07
19,2484,620,27,0.9,work,4,1.7772239894833365e-16,0.0,3.760144559917147e-08,1.1151007970493858e-07,0.017157192921305457,0.04377546030667924,0.017157156491062052,0.04377536080339507,1.7401375613904935e-07,6.743495761743077e-07
