scan_index,x_m,y_m,method,strict_pose,coarse_clear,screened_pass,max_speed,max_step,max_acceleration,max_position_error_m,max_rotation_error_rad,joint_limit_ok,max_speed_joint,min_joint_margin_rad
1410,0.42,0.04,baseline,True,True,False,10.564470103868954,0.3521490034622985,96.7981601122764,3.1470465751267364e-15,1.777720330527304e-14,True,3,0.14141940458714908
1410,0.42,0.04,local,True,True,False,10.564470103869342,0.35214900346231137,96.79816011225954,3.1600567714378123e-15,1.7919654780111933e-14,True,3,0.14141940458714908
1410,0.42,0.04,multistart,True,False,False,2.303292155972847,0.0767764051990949,30.360838994859442,5.789699309037163e-15,3.8340277456567226e-14,True,1,0.14141940458714997
1410,0.42,0.04,graph,True,False,False,2.303292155972887,0.07677640519909623,30.36083899486034,3.740192548426524e-15,3.646781951297983e-14,True,1,0.14141940458714997
1410,0.42,0.04,best,True,False,False,2.303292155972847,0.0767764051990949,30.360838994859442,5.789699309037163e-15,3.8340277456567226e-14,True,1,0.14141940458714997
1410,0.42,0.04,screened_graph,True,True,True,7.614156650179109,0.25380522167263697,54.56445852021549,4.5589549480013384e-15,4.621384397241154e-14,True,3,0.14141940458714952
1410,0.42,0.04,screened_best,True,True,True,7.614156650179063,0.2538052216726354,54.564458520116624,2.4410807844442014e-15,2.168947536816933e-14,True,3,0.14141940458714997
1410,0.42,0.04,bounded_attempt,True,True,True,7.614156650188029,0.2538052216729343,54.56445852164985,1.20426102975794e-13,4.180863137358576e-12,True,3,0.14141940458689195
1410,0.42,0.04,selected,True,True,True,7.614156650179063,0.2538052216726354,54.564458520116624,2.4410807844442014e-15,2.168947536816933e-14,True,3,0.14141940458714997
1411,0.44,0.04,baseline,True,True,False,11.15602421443115,0.3718674738143717,106.2291801252063,3.138413463811582e-15,1.9426339530949773e-14,True,3,0.20280699055395823
1411,0.44,0.04,local,True,True,False,11.156024214431698,0.3718674738143899,106.22918012518096,3.1833589056123863e-15,1.964037458056976e-14,True,3,0.20280699055395823
1411,0.44,0.04,multistart,True,False,False,2.12944132761292,0.07098137758709733,30.164563637135135,8.422939789386488e-15,8.153086678692988e-14,True,1,0.20280699055395823
1411,0.44,0.04,graph,True,False,False,2.12944132761292,0.07098137758709733,30.164563637135135,8.422939789386488e-15,8.153086678692988e-14,True,1,0.20280699055395823
1411,0.44,0.04,best,True,False,False,2.12944132761292,0.07098137758709733,30.164563637135135,8.422939789386488e-15,8.153086678692988e-14,True,1,0.20280699055395823
1411,0.44,0.04,screened_graph,True,True,True,7.8787327519689665,0.2626244250656322,61.63972411741256,4.437943444923987e-15,2.2073421681819476e-14,True,3,0.2028069905539578
1411,0.44,0.04,screened_best,True,True,True,7.878732751968873,0.2626244250656291,61.63972411755165,3.091127802939458e-15,1.9656079134475387e-14,True,3,0.20280699055395823
1411,0.44,0.04,bounded_attempt,True,True,True,7.8787327519702925,0.2626244250656764,61.63972412187739,1.2729887185192417e-13,3.448419286935397e-12,True,3,0.20280699055394757
1411,0.44,0.04,selected,True,True,True,7.878732751968873,0.2626244250656291,61.63972411755165,3.091127802939458e-15,1.9656079134475387e-14,True,3,0.20280699055395823
1412,0.46,0.04,baseline,True,True,False,11.787411025051895,0.39291370083506316,110.64673941586047,4.154017676453206e-15,2.921282891091437e-14,True,3,0.26593664505255976
1412,0.46,0.04,local,True,True,False,11.787411025053,0.3929137008351,110.64673941582913,4.077803224757099e-15,2.921282891091437e-14,True,3,0.26593664505255976
1412,0.46,0.04,multistart,True,False,False,1.9861428358817967,0.06620476119605989,29.983600181208914,4.911168522004512e-15,3.4536260758853824e-14,True,1,0.2659366450525602
1412,0.46,0.04,graph,True,False,False,1.98614283588181,0.06620476119606034,29.983600181208516,5.238019295114249e-15,3.431961492603095e-14,True,1,0.2659366450525602
1412,0.46,0.04,best,True,False,False,1.9861428358817967,0.06620476119605989,29.983600181208914,4.911168522004512e-15,3.4536260758853824e-14,True,1,0.2659366450525602
1412,0.46,0.04,screened_graph,True,True,True,8.435698397781684,0.2811899465927228,66.85737878653369,3.8538356876474664e-15,1.4427226159782974e-14,True,3,0.26593664505255976
1412,0.46,0.04,screened_best,True,True,True,8.435698397781657,0.2811899465927219,66.85737878671314,6.3439707955558585e-15,4.648366062037742e-14,True,3,0.2659366450525602
1412,0.46,0.04,bounded_attempt,True,True,True,8.435698397781284,0.28118994659270946,66.85737878672553,7.047733121814664e-14,1.4855449181389803e-12,True,3,0.26593664505255754
1412,0.46,0.04,selected,True,True,True,8.435698397781284,0.28118994659270946,66.85737878672553,7.047733121814664e-14,1.4855449181389803e-12,True,3,0.26593664505255754
1413,0.48,0.04,baseline,True,True,False,12.541201288393077,0.41804004294643593,126.34184232311944,1.6690295999013937e-15,1.7159719020573255e-14,True,3,0.33073863118988145
1413,0.48,0.04,local,True,True,False,12.541201288394618,0.4180400429464872,126.34184232306613,3.9437403574705793e-16,2.0177160777614643e-15,True,3,0.33073863118988145
1413,0.48,0.04,multistart,True,False,False,1.8596504174521122,0.06198834724840374,29.838993001690508,5.961329711299964e-15,3.917826236948791e-14,True,1,0.330738631189881
1413,0.48,0.04,graph,True,False,False,1.8596504174521522,0.061988347248405073,29.838993001691705,5.597825521321478e-15,3.500476937342618e-14,True,1,0.33073863118988056
1413,0.48,0.04,best,True,False,False,1.8596504174521122,0.06198834724840374,29.838993001690508,5.961329711299964e-15,3.917826236948791e-14,True,1,0.330738631189881
1413,0.48,0.04,screened_graph,True,True,True,8.729790746246719,0.29099302487489065,68.5187454514598,2.8273337236144954e-15,1.402814240514851e-14,True,3,0.17501194890846605
1413,0.48,0.04,screened_best,True,True,True,8.729790746246646,0.2909930248748882,68.51874545173278,2.649022148901238e-15,1.6919591785793792e-14,True,3,0.330738631189881
1413,0.48,0.04,bounded_attempt,True,True,True,8.729790746018855,0.29099302486729517,68.51874545671359,5.6837673251829086e-14,1.6072415175086622e-12,True,3,0.330738631189881
1413,0.48,0.04,selected,True,True,True,8.729790746018855,0.29099302486729517,68.51874545671359,5.6837673251829086e-14,1.6072415175086622e-12,True,3,0.330738631189881
1414,0.5,0.04,baseline,True,True,False,12.568989654304714,0.41896632181015714,133.53813226270603,3.645296024714182e-15,1.3431444406911904e-14,True,3,0.39718584908740695
1414,0.5,0.04,local,True,True,False,12.568989654308345,0.41896632181027815,133.53813226259564,9.992007221626409e-16,6.310092351646463e-15,True,3,0.39718584908740695
1414,0.5,0.04,multistart,True,False,False,1.7540152989109514,0.05846717663036505,29.743580721078633,5.2494784659543976e-15,2.72359676380576e-14,True,4,0.3971858490874074
1414,0.5,0.04,graph,True,False,False,1.7540152989109914,0.05846717663036638,29.743580721079432,5.144599077454642e-15,3.410071544561179e-14,True,4,0.39718584908740606
1414,0.5,0.04,best,True,False,False,1.7540152989109514,0.05846717663036505,29.743580721078633,5.2494784659543976e-15,2.72359676380576e-14,True,4,0.3971858490874074
1414,0.5,0.04,screened_graph,True,True,True,8.745222937838586,0.2915074312612862,70.67255527224235,6.7836631573032534e-15,5.1330758979309803e-14,True,3,0.16174320468248737
1414,0.5,0.04,screened_best,True,True,True,8.745222937838493,0.2915074312612831,70.67255527176931,9.248272748477802e-16,5.709913140567452e-15,True,3,0.39718584908740695
1414,0.5,0.04,bounded_attempt,True,True,True,8.745222937268935,0.29150743124229783,70.67255527304661,7.333325402547078e-14,3.1007934546760602e-12,True,3,0.3971858490874065
1414,0.5,0.04,selected,True,True,True,8.745222937268935,0.29150743124229783,70.67255527304661,7.333325402547078e-14,3.1007934546760602e-12,True,3,0.3971858490874065
1415,0.52,0.04,baseline,True,True,False,12.196877672512889,0.40656258908376297,130.00668233953684,3.789017310258718e-15,2.5430065239157654e-14,True,3,0.46530332497533866
1415,0.52,0.04,local,True,True,False,12.196877672510913,0.4065625890836971,130.00668233939746,3.789017310258718e-15,2.5430065239157654e-14,True,3,0.46530332497533866
1415,0.52,0.04,multistart,True,False,False,1.7068086788625525,0.05689362262875175,29.70566403104211,7.58404280025702e-15,4.590836042553245e-14,True,4,0.4653033249753382
1415,0.52,0.04,graph,True,False,False,1.7068086788625791,0.05689362262875264,29.705664031041312,9.620820813592286e-15,5.711738868879157e-14,True,4,0.4653033249753391
1415,0.52,0.04,best,True,False,False,1.7068086788625525,0.05689362262875175,29.705664031041312,3.5374223192501824e-15,2.143050668004616e-14,True,4,0.46530332497533866
1415,0.52,0.04,screened_graph,True,True,True,8.812964634330603,0.2937654878110201,75.08752564208376,3.99435063477674e-15,3.309741097483852e-14,True,3,0.46530332497533866
1415,0.52,0.04,screened_best,True,True,True,8.812964634093273,0.29376548780310907,75.08752564172394,5.413264467061573e-14,8.82208456028147e-13,True,3,0.4653033249753391
1415,0.52,0.04,bounded_attempt,True,True,True,8.812964634484413,0.2937654878161471,75.08752563218826,1.0760512407381286e-13,2.655894628028379e-12,True,3,0.4653033249753391
1415,0.52,0.04,selected,True,True,True,8.812964634093273,0.29376548780310907,75.08752564172394,5.413264467061573e-14,8.82208456028147e-13,True,3,0.4653033249753391
1416,0.54,0.04,baseline,True,True,False,12.632697284294904,0.4210899094764968,130.67502431790126,4.619198271115595e-15,1.9325297110456877e-14,True,3,0.5351612766338278
1416,0.54,0.04,local,True,True,False,12.632697284294915,0.42108990947649716,130.67502431789407,4.619198271115595e-15,1.9325297110456877e-14,True,3,0.5351612766338278
1416,0.54,0.04,multistart,True,False,False,1.6591424647615582,0.055304748825385275,29.73124989191529,5.6872691558437285e-15,3.1446886934145323e-14,True,4,0.5351612766338274
1416,0.54,0.04,graph,True,False,False,1.659142464761585,0.05530474882538616,29.731249891914892,5.91760735171531e-15,3.502978809297842e-14,True,4,0.5351612766338278
1416,0.54,0.04,best,True,False,False,1.6591424647615582,0.055304748825385275,29.73124989191529,5.6872691558437285e-15,3.1446886934145323e-14,True,4,0.5351612766338274
1416,0.54,0.04,screened_graph,True,True,True,9.034730482976226,0.3011576827658742,77.61105206621619,3.650702371894223e-15,2.14402930462259e-14,True,3,0.5351612766338278
1416,0.54,0.04,screened_best,True,True,True,9.03473048297562,0.301157682765854,77.61105206622338,4.557585740768223e-15,3.247407597759859e-14,True,3,0.5351612766338278
1416,0.54,0.04,bounded_attempt,True,True,True,9.03473048145762,0.301157682715254,77.61105211199677,1.0891990017666915e-13,4.901645969310588e-12,True,3,0.5351612766338278
1416,0.54,0.04,selected,True,True,True,9.03473048145762,0.301157682715254,77.61105211199677,1.0891990017666915e-13,4.901645969310588e-12,True,3,0.5351612766338278
1417,0.56,0.04,baseline,True,True,False,12.719011454291547,0.4239670484763849,129.75294611239076,1.0311672620366654e-15,4.89561777969893e-15,True,3,0.6068723618766545
1417,0.56,0.04,local,True,True,False,12.719011454291667,0.4239670484763889,129.75294611238795,1.0311672620366654e-15,4.89561777969893e-15,True,3,0.6068723618766545
1417,0.56,0.04,multistart,True,False,False,1.6179035679775877,0.05393011893258626,29.82547986925068,1.973770779879594e-15,9.613862544949236e-15,True,3,0.6068723618766549
1417,0.56,0.04,graph,True,False,False,1.617903567977601,0.0539301189325867,29.82547986925148,6.724199930949755e-15,3.879370083632261e-14,True,3,0.6068723618766549
1417,0.56,0.04,best,True,False,False,1.6179035679775877,0.05393011893258626,29.82547986925068,1.973770779879594e-15,9.613862544949236e-15,True,3,0.6068723618766549
1417,0.56,0.04,screened_graph,True,True,True,9.139190937017956,0.3046396979005985,78.81903571853091,6.4612430058583125e-15,1.2167579450996294e-13,True,3,0.6068723618766545
1417,0.56,0.04,screened_best,True,True,True,9.13919093701448,0.3046396979004826,78.81903571881409,2.377523169989872e-15,1.2789609854616648e-14,True,3,0.6068723618766549
1417,0.56,0.04,bounded_attempt,True,True,True,9.139190937019174,0.30463969790063916,78.81903571852891,1.8114742728455885e-14,5.553549326644277e-13,True,3,0.6068723618766549
1417,0.56,0.04,selected,True,True,True,9.13919093701448,0.3046396979004826,78.81903571881409,2.377523169989872e-15,1.2789609854616648e-14,True,3,0.6068723618766549
1418,0.58,0.04,baseline,True,True,False,12.603072831501608,0.42010242771672024,127.18340715909213,7.186446629938817e-16,3.452492078014157e-15,True,3,0.6805924111106192
1418,0.58,0.04,local,True,True,False,12.603072831501667,0.42010242771672224,127.18340715908813,7.186446629938817e-16,3.452492078014157e-15,True,3,0.6805924111106192
1418,0.58,0.04,multistart,True,False,False,1.6306073954355282,0.05435357984785094,29.99360699332705,1.0495610909487557e-14,6.114628141853312e-14,True,3,0.6805924111106187
1418,0.58,0.04,graph,True,False,False,1.6306073954355482,0.05435357984785161,29.99360699332715,9.774534908688085e-15,2.806746131113669e-14,True,3,0.6805924111106192
1418,0.58,0.04,best,True,False,False,1.6306073954355282,0.05435357984785094,29.99360699332665,3.473734274109515e-15,2.3282663125305335e-14,True,3,0.6805924111106192
1418,0.58,0.04,screened_graph,True,True,True,9.181371052651226,0.30604570175504087,79.36304212549524,3.3109577755840916e-15,2.1045387598628265e-14,True,3,0.13436627000593848
1418,0.58,0.04,screened_best,True,True,True,9.181371052646284,0.3060457017548761,79.36304212585314,7.426821842439766e-15,4.34362077883553e-14,True,3,0.6805924111106187
1418,0.58,0.04,bounded_attempt,True,True,True,9.181371052651912,0.30604570175506374,79.36304212547346,3.0003716260329196e-14,9.889026110692785e-13,True,3,0.6805924111106187
1418,0.58,0.04,selected,True,True,True,9.181371052646284,0.3060457017548761,79.36304212585314,7.426821842439766e-15,4.34362077883553e-14,True,3,0.6805924111106187
1419,0.6,0.04,baseline,True,True,False,12.356507165879737,0.41188357219599125,124.02518848937487,1.197376464964327e-15,3.96716280375088e-15,True,3,0.7561151401999899
1419,0.6,0.04,local,True,True,False,12.356507165879664,0.4118835721959888,124.02518848937567,6.245871815029404e-16,2.62410413803071e-15,True,3,0.7561151401999899
1419,0.6,0.04,multistart,True,False,False,1.646577995861065,0.05488593319536883,30.241747854893585,2.5735346288234137e-15,1.4237137665222747e-14,True,3,0.7561151401999897
1419,0.6,0.04,graph,True,False,False,1.6465779958610716,0.05488593319536905,30.241747854893887,8.345989553845047e-15,4.751676728554082e-14,True,3,0.7561151401999899
1419,0.6,0.04,best,True,False,False,1.6465779958610582,0.05488593319536861,30.241747854893887,1.1488805236995143e-14,5.960581806588876e-14,True,3,0.7561151401999902
1419,0.6,0.04,screened_graph,True,True,True,9.181848374213375,0.30606161247377917,79.4915093643131,5.193652289621837e-15,2.86008220186612e-14,True,3,0.7361605535738409
1419,0.6,0.04,screened_best,True,True,True,9.181848374213375,0.30606161247377917,79.4915093643131,5.193652289621837e-15,2.86008220186612e-14,True,3,0.7361605535738409
1419,0.6,0.04,bounded_attempt,True,True,True,9.181848374227284,0.3060616124742428,79.49150936379313,6.198575250114692e-14,1.8991166593169268e-12,True,3,0.7361605535737228
1419,0.6,0.04,selected,True,True,True,9.181848374213375,0.30606161247377917,79.4915093643131,5.193652289621837e-15,2.86008220186612e-14,True,3,0.7361605535738409
1420,0.62,0.04,baseline,True,True,False,11.956668568509743,0.39855561895032476,119.01601700646533,5.036743249531999e-15,1.9138674472377048e-14,True,3,0.8340123354718836
1420,0.62,0.04,local,True,True,False,11.95666856850971,0.39855561895032365,119.01601700646656,5.036743249531999e-15,1.9138674472377048e-14,True,3,0.8340123354718836
1420,0.62,0.04,multistart,True,False,False,1.6665575637959495,0.05555191879319832,30.577562910252087,4.388547321394743e-15,2.663883754645526e-14,True,3,0.8340123354718849
1420,0.62,0.04,graph,True,False,False,1.6665575637959562,0.05555191879319854,30.57756291025189,1.1741772214962144e-14,2.942457657312029e-14,True,3,0.8340123354718842
1420,0.62,0.04,best,True,False,False,1.6665575637959495,0.05555191879319832,30.577562910252087,4.388547321394743e-15,2.663883754645526e-14,True,3,0.8340123354718849
1420,0.62,0.04,screened_graph,True,True,True,9.118605125013346,0.30395350416711153,78.8704091936141,1.3107715679659264e-15,1.424109467763718e-14,True,3,0.8340123354718834
1420,0.62,0.04,screened_best,True,True,True,9.11860512501316,0.3039535041671053,78.8704091936133,4.710277376051325e-16,1.6465742662729683e-15,True,3,0.8340123354718845
1420,0.62,0.04,bounded_attempt,True,True,True,9.118605123455625,0.3039535041151875,78.87040924126238,1.0111037109521658e-13,4.88949813429712e-12,True,3,0.8340123354718838
1420,0.62,0.04,selected,True,True,True,9.118605123455625,0.3039535041151875,78.87040924126238,1.0111037109521658e-13,4.88949813429712e-12,True,3,0.8340123354718838
1421,0.64,0.04,baseline,True,True,False,11.323534993184193,0.3774511664394731,112.75385384220633,5.630774521278122e-16,2.9856724070610326e-15,True,3,0.9147171826440004
1421,0.64,0.04,local,True,True,False,11.323534993184172,0.3774511664394724,112.75385384220577,5.630774521278122e-16,2.9856724070610326e-15,True,3,0.9147171826440004
1421,0.64,0.04,multistart,True,False,False,1.6913781718127918,0.05637927239375973,31.010983626785737,1.0086089854583783e-14,6.331251419359693e-14,True,3,0.9147171826439995
1421,0.64,0.04,graph,True,False,False,1.6913781718127918,0.05637927239375973,31.010983626786537,9.718715471235477e-15,5.670320947815068e-14,True,3,0.9147171826440004
1421,0.64,0.04,best,True,False,False,1.6913781718127785,0.05637927239375928,31.010983626786537,3.3223609512313023e-15,1.5421906995411713e-14,True,3,0.9147171826440015
1421,0.64,0.04,screened_graph,True,True,True,8.933539811187146,0.29778466037290485,76.77303341601132,9.381120239983248e-15,1.4140878127306551e-13,True,3,0.13765999047138422
1421,0.64,0.04,screened_best,True,True,True,8.933539811187146,0.29778466037290485,76.77303341601132,9.381120239983248e-15,1.4140878127306551e-13,True,3,0.13765999047138422
1421,0.64,0.04,bounded_attempt,True,True,True,8.933539812203673,0.2977846604067891,76.77303341199573,6.460123922037558e-14,3.068611094461501e-12,True,3,0.13765999047140998
1421,0.64,0.04,selected,True,True,True,8.933539811187146,0.29778466037290485,76.77303341601132,9.381120239983248e-15,1.4140878127306551e-13,True,3,0.13765999047138422
1422,0.66,0.04,baseline,True,True,False,11.510026157545541,0.38366753858485136,113.82121014319293,1.329970755006984e-15,7.338903483090065e-15,True,3,0.9986318798421969
1422,0.66,0.04,local,True,True,False,11.510026157545575,0.3836675385848525,113.82121014318612,1.329970755006984e-15,7.338903483090065e-15,True,3,0.9986318798421969
1422,0.66,0.04,multistart,True,False,False,1.7220502240067503,0.057401674133558345,31.555095184635864,1.0078391667385244e-14,5.943465412763732e-14,True,3,0.9986318798421971
1422,0.66,0.04,graph,True,False,False,1.7220502240067603,0.05740167413355868,31.555095184636063,7.545484809869772e-15,2.2882124206833093e-14,True,3,0.998631879842198
1422,0.66,0.04,best,True,False,False,1.7220502240067503,0.057401674133558345,31.555095184635864,1.0078391667385244e-14,5.943465412763732e-14,True,3,0.9986318798421971
1422,0.66,0.04,screened_graph,True,True,True,9.045972569153863,0.3015324189717954,76.36111466450295,5.266949580280172e-15,3.6621348791100484e-14,True,3,0.6714011887017293
1422,0.66,0.04,screened_best,True,True,True,9.045972569145436,0.3015324189715145,76.3611146644728,7.205016082747651e-15,2.7460899308200698e-14,True,3,0.9986318798421965
1422,0.66,0.04,bounded_attempt,True,True,True,9.045972569866253,0.30153241899554173,76.36111464314443,6.102011734548307e-14,2.5439143641589122e-12,True,3,0.9986318798421974
1422,0.66,0.04,selected,True,True,True,9.045972569145436,0.3015324189715145,76.3611146644728,7.205016082747651e-15,2.7460899308200698e-14,True,3,0.9986318798421965
1423,0.68,0.04,baseline,True,True,False,11.34203342196292,0.37806778073209735,108.14196406441249,3.444376352465766e-16,2.7475101381872942e-15,True,3,1.0862732121120453
1423,0.68,0.04,local,True,True,False,11.342033421962947,0.37806778073209824,108.14196406442973,3.444376352465766e-16,5.727425405692821e-16,True,3,1.0862732121120453
1423,0.68,0.04,multistart,True,False,False,1.7598803428335774,0.05866267809445258,32.22728222910498,8.464460859389266e-15,5.019939452779266e-14,True,3,1.0862732121120464
1423,0.68,0.04,graph,True,False,False,1.7598803428335807,0.05866267809445269,32.22728222910468,8.334281752888474e-15,3.959063432152602e-14,True,3,1.0862732121120455
1423,0.68,0.04,best,True,False,False,1.7598803428335774,0.05866267809445258,32.22728222910458,5.033257641773338e-15,1.2009197482364208e-14,True,3,1.086273212112046
1423,0.68,0.04,screened_graph,True,True,True,9.123840869703148,0.30412802899010494,75.9800277034555,6.240308393348608e-15,9.309011360357656e-14,True,3,0.4950657706875745
1423,0.68,0.04,screened_best,True,True,True,9.123840869703042,0.3041280289901014,75.98002770324905,1.65614768887356e-15,1.370308671586441e-14,True,3,0.14588303432241911
1423,0.68,0.04,bounded_attempt,True,True,True,9.123840869703121,0.30412802899010405,75.9800277034599,4.8029899352543956e-14,8.576114827005777e-13,True,3,0.14588303432242
1423,0.68,0.04,selected,True,True,True,9.123840869703042,0.3041280289901014,75.98002770324905,1.65614768887356e-15,1.370308671586441e-14,True,3,0.14588303432241911
1424,0.7000000000000001,0.04,baseline,True,True,False,10.645107424581264,0.3548369141527088,96.74960798037155,4.475989973903898e-16,3.675371446340639e-15,True,3,1.1783166521052153
1424,0.7000000000000001,0.04,local,True,True,False,10.645107424581234,0.3548369141527078,96.74960798035882,2.61868560698565e-16,3.675371446340639e-15,True,3,1.1783166521052153
1424,0.7000000000000001,0.04,multistart,True,False,False,1.8066498092422123,0.06022166030807374,33.05070817552451,4.727113514582965e-16,8.164339249151902e-16,True,3,1.1783166521052146
1424,0.7000000000000001,0.04,graph,True,False,False,1.8066498092422156,0.060221660308073854,33.050708175524115,8.541147051405103e-15,3.454943581920026e-14,True,3,1.1783166521052146
1424,0.7000000000000001,0.04,best,True,False,False,1.8066498092422123,0.06022166030807374,33.050708175524015,2.926996201673685e-15,1.8552723785172626e-14,True,3,1.1783166521052149
1424,0.7000000000000001,0.04,screened_graph,True,True,True,8.886332626357465,0.29621108754524883,73.34759892471672,2.603417140708759e-15,1.5459843160281072e-14,True,3,0.15511446926864902
1424,0.7000000000000001,0.04,screened_best,True,True,True,8.886332626357351,0.29621108754524506,73.34759892476188,5.640599496620651e-16,2.4373608347735942e-15,True,3,0.5940817206322491
1424,0.7000000000000001,0.04,bounded_attempt,True,True,True,8.886332626357245,0.2962110875452415,73.3475988983638,4.239099727969785e-14,1.754569086660473e-12,True,3,0.594081720631702
1424,0.7000000000000001,0.04,selected,True,True,True,8.886332626357245,0.2962110875452415,73.3475988983638,4.239099727969785e-14,1.754569086660473e-12,True,3,0.594081720631702
1425,0.72,0.04,baseline,True,True,False,10.341540190779702,0.34471800635932337,93.06137185827713,1.9499927750540747e-15,1.483902012812231e-14,True,3,1.2756674224284597
1425,0.72,0.04,local,True,True,False,10.341540190779321,0.3447180063593107,93.06137185827951,1.9262180756404927e-15,6.79445773195837e-15,True,3,1.2756674224284592
1425,0.72,0.04,multistart,True,False,False,1.8649131252034579,0.06216377084011526,34.05593718156923,6.991774940128509e-16,9.43983296176396e-16,True,3,1.2756674224284583
1425,0.72,0.04,graph,True,False,False,1.8649131252034612,0.06216377084011537,34.055937181569426,1.5438161414054344e-14,7.397329070909346e-14,True,3,1.2756674224284592
1425,0.72,0.04,best,True,False,False,1.8649131252034579,0.06216377084011526,34.05593718156923,1.5846328551550124e-14,7.463706271208932e-14,True,3,1.2756674224284585
1425,0.72,0.04,screened_graph,True,True,True,8.685950383399774,0.28953167944665914,72.58062279760776,4.778950030402759e-15,7.801107837722307e-14,True,3,0.16683505007250066
1425,0.72,0.04,screened_best,True,True,True,8.685950383394099,0.28953167944646996,72.58062279731479,2.5455268685393577e-15,2.5289949750646023e-14,True,3,0.1668350500724971
1425,0.72,0.04,bounded_attempt,True,True,True,8.685950383407501,0.2895316794469167,72.58062280343208,5.306086474963013e-14,1.373649324199793e-12,True,3,0.16683505007249888
1425,0.72,0.04,selected,True,True,True,8.685950383394099,0.28953167944646996,72.58062279731479,2.5455268685393577e-15,2.5289949750646023e-14,True,3,0.1668350500724971
1445,0.4,0.06,baseline,True,True,False,16.676798414027775,0.5558932804675925,175.79505640817655,5.276936431389225e-15,2.8305070496870888e-14,True,3,0.05713597795409209
1445,0.4,0.06,local,True,True,False,16.676798414027857,0.5558932804675952,175.79505640817553,5.276936431389225e-15,2.8305070496870888e-14,True,3,0.05713597795409209
1445,0.4,0.06,multistart,True,False,False,2.589084271768285,0.08630280905894283,31.950513857455267,3.8543047309953736e-14,4.4100567810611953e-13,True,1,0.057135977954376305
1445,0.4,0.06,graph,True,False,False,2.589084271768285,0.08630280905894283,31.950513857455267,3.8543047309953736e-14,4.4100567810611953e-13,True,1,0.057135977954376305
1445,0.4,0.06,best,True,False,False,2.589084271768285,0.08630280905894283,31.950513857455267,3.8543047309953736e-14,4.4100567810611953e-13,True,1,0.057135977954376305
1445,0.4,0.06,screened_graph,True,True,False,10.927930854160675,0.3642643618053558,98.74971193839409,5.394872873347426e-15,3.4629345841274305e-14,True,3,0.05713597795409209
1445,0.4,0.06,screened_best,True,True,False,10.927930854156712,0.3642643618052237,98.74971193886091,5.470102191730777e-15,5.829090435299637e-14,True,3,0.05713597795409209
1445,0.4,0.06,bounded_attempt,False,True,False,9.999999999999991,0.33333333333333304,148.49993063417497,0.0001938960816522306,0.005999406920516161,True,3,0.05713597795409209
1445,0.4,0.06,selected,True,True,False,10.927930854156712,0.3642643618052237,98.74971193886091,5.470102191730777e-15,5.829090435299637e-14,True,3,0.05713597795409209
1446,0.42,0.06,baseline,True,True,False,18.40882382691037,0.6136274608970124,252.75043668761165,3.0739926524619643e-15,1.754898622936783e-14,True,3,0.11984557096378268
1446,0.42,0.06,local,True,True,False,18.40882382691112,0.6136274608970373,252.7504366876109,3.1141953740824235e-15,1.7551751684889728e-14,True,3,0.11984557096378268
1446,0.42,0.06,multistart,True,False,False,2.3370663953680992,0.07790221317893664,31.43802069344468,4.362820920187087e-15,3.654041311389412e-14,True,1,0.11984557096378357
1446,0.42,0.06,graph,True,False,False,2.337066395368179,0.0779022131789393,31.43802069345717,5.78357535328381e-15,5.665664374135627e-14,True,1,0.11984557096378357
1446,0.42,0.06,best,True,False,False,2.3370663953680992,0.07790221317893664,31.43802069344468,4.362820920187087e-15,3.654041311389412e-14,True,1,0.11984557096378357
1446,0.42,0.06,screened_graph,True,True,False,12.585306042388785,0.41951020141295947,125.04612835338621,1.2634885559048724e-15,3.94669810960418e-14,True,3,0.11984557096378268
1446,0.42,0.06,screened_best,True,True,False,12.58530604238868,0.419510201412956,125.04612835396121,3.332294980281256e-16,1.6966697498900563e-15,True,3,0.11984557096378401
1446,0.42,0.06,bounded_attempt,False,True,False,9.999999999999998,0.33333333333333326,174.26859407553258,0.00035066203927869907,0.011857356744777354,True,3,0.11984557096317738
1446,0.42,0.06,selected,True,True,False,12.58530604238868,0.419510201412956,125.04612835396121,3.332294980281256e-16,1.6966697498900563e-15,True,3,0.11984557096378401
1447,0.44,0.06,baseline,True,True,False,22.354529477666816,0.7451509825888939,313.34960921021946,2.3692029931849653e-15,1.362203718970053e-14,True,3,0.1839726747951751
1447,0.44,0.06,local,True,True,False,22.354529477666436,0.7451509825888811,313.34960921020956,2.243914268996476e-15,1.1792578260200624e-14,True,3,0.1839726747951751
1447,0.44,0.06,multistart,True,False,False,2.1632374180733427,0.07210791393577809,30.985507769754197,3.1347293201329464e-15,2.8263226681702265e-14,True,1,0.1839726747951751
1447,0.44,0.06,graph,True,False,False,2.163237418073356,0.07210791393577853,30.985507769755795,6.207824724910557e-15,5.812161494399624e-14,True,1,0.18397267479517554
1447,0.44,0.06,best,True,False,False,2.1632374180733427,0.07210791393577809,30.985507769754197,3.1347293201329464e-15,2.8263226681702265e-14,True,1,0.1839726747951751
1447,0.44,0.06,screened_graph,True,True,False,13.839244332267453,0.4613081444089151,153.27287945413445,1.882116613473098e-15,3.610695173228235e-14,True,3,0.1839726747951751
1447,0.44,0.06,screened_best,True,True,False,13.839244332267393,0.4613081444089131,153.2728794538243,5.174479785625174e-16,6.73460167670196e-15,True,3,0.067076580993783
1447,0.44,0.06,bounded_attempt,False,True,False,9.999999999999964,0.33333333333333215,128.8092581582581,0.000476075515582433,0.016899815429260456,True,3,0.06707658099329716
1447,0.44,0.06,selected,True,True,False,13.839244332267393,0.4613081444089131,153.2728794538243,5.174479785625174e-16,6.73460167670196e-15,True,3,0.067076580993783
1448,0.46,0.06,baseline,True,True,False,25.05329877349392,0.835109959116464,399.90955268596787,3.4038811058108013e-15,1.470427565274379e-14,True,3,0.2489875566737223
1448,0.46,0.06,local,True,True,False,25.053298773493562,0.835109959116452,399.9095526859454,3.2249363238187374e-15,1.3566047230366805e-14,True,3,0.2489875566737223
1448,0.46,0.06,multistart,True,False,False,2.008737677721739,0.06695792259072464,30.608564493390713,8.7497443622843e-15,7.077771945081736e-14,True,1,0.24898755667372185
1448,0.46,0.06,graph,True,False,False,2.008737677721766,0.06695792259072553,30.60856449339111,4.809134067419744e-15,4.67838938843878e-14,True,1,0.24898755667372274
1448,0.46,0.06,best,True,False,False,2.008737677721739,0.06695792259072464,30.608564493390713,8.7497443622843e-15,7.077771945081736e-14,True,1,0.24898755667372185
1448,0.46,0.06,screened_graph,True,True,False,14.210249720299899,0.4736749906766633,168.8243418378285,3.649701537307892e-15,4.155873574743733e-14,True,3,0.22989108265271696
1448,0.46,0.06,screened_best,True,True,False,14.210249720299766,0.47367499067665886,168.82434183745883,3.600612372597865e-15,2.4954670521207313e-14,True,3,0.2489875566737223
1448,0.46,0.06,bounded_attempt,False,True,False,9.999999999999991,0.33333333333333304,226.84367683027332,0.0005332141068556509,0.020394319310995432,True,3,0.24898755667371963
1448,0.46,0.06,selected,True,True,False,14.210249720299766,0.47367499067665886,168.82434183745883,3.600612372597865e-15,2.4954670521207313e-14,True,3,0.2489875566737223
1449,0.48,0.06,baseline,True,True,False,25.08658353255701,0.8362194510852337,493.9889578907181,2.7562834560814574e-15,1.9405093201802976e-14,True,3,0.31480456287309844
1449,0.48,0.06,local,True,True,False,25.086583532557007,0.8362194510852335,493.9889578907183,2.7562834560814574e-15,1.9405093201802976e-14,True,3,0.31480456287309844
1449,0.48,0.06,multistart,True,False,False,1.882218725703395,0.06274062419011317,30.313379659339912,3.943935693073314e-15,1.5281900620684035e-14,True,1,0.3148045628730989
1449,0.48,0.06,graph,True,False,False,1.8822187257034217,0.06274062419011406,30.313379659339812,5.119541362342567e-15,3.941016508432559e-14,True,1,0.31480456287309844
1449,0.48,0.06,best,True,False,False,1.882218725703395,0.06274062419011317,30.31337965933941,1.634869374935144e-14,1.5532993294171152e-13,True,1,0.3148045628730993
1449,0.48,0.06,screened_graph,True,True,False,15.849042205788807,0.5283014068596269,171.76611647532195,1.2486924693357873e-15,9.199165768787751e-15,True,3,0.31480456287309844
1449,0.48,0.06,screened_best,True,True,False,15.849042205787258,0.5283014068595753,171.7661164753146,4.035192029485324e-15,9.740314840098528e-14,True,3,0.14969613722230246
1449,0.48,0.06,bounded_attempt,False,True,False,9.999999999999964,0.33333333333333215,173.42604540054597,0.0005848461794372038,0.02331948458399262,True,3,0.1496961372213388
1449,0.48,0.06,selected,True,True,False,15.849042205787258,0.5283014068595753,171.7661164753146,4.035192029485324e-15,9.740314840098528e-14,True,3,0.14969613722230246
1450,0.5,0.06,baseline,True,True,False,30.190603811344015,1.006353460378134,524.4320496936808,5.187267588241172e-15,1.6141763880194277e-14,True,3,0.3821096517394329
1450,0.5,0.06,local,True,True,False,30.190603811343586,1.0063534603781195,524.4320496936656,1.1631705747361533e-15,5.061791207948796e-15,True,3,0.3821096517394329
1450,0.5,0.06,multistart,True,False,False,1.82491556107083,0.060830518702361,30.10184125085803,5.425434129268477e-15,3.105352347792461e-14,True,4,0.38210965173943245
1450,0.5,0.06,graph,True,False,False,1.82491556107085,0.06083051870236167,30.10184125085793,6.340706424449984e-15,3.95490583846892e-14,True,4,0.382109651739432
1450,0.5,0.06,best,True,False,False,1.82491556107083,0.060830518702361,30.10184125085793,3.754454609023632e-15,2.3522794114740133e-14,True,4,0.38210965173943245
1450,0.5,0.06,screened_graph,True,True,False,16.169241877501698,0.5389747292500566,196.55521425414366,7.34385794844326e-15,1.9379721393585395e-14,True,3,0.3821096517394329
1450,0.5,0.06,screened_best,True,True,False,16.16924187749751,0.538974729249917,196.55521425384498,3.635980405647388e-15,2.6487222786511565e-14,True,3,0.3179017104005073
1450,0.5,0.06,bounded_attempt,False,True,False,9.999999999999991,0.33333333333333304,244.15517306868298,0.0005285656035910601,0.02224409466507054,True,3,0.3179017104005073
1450,0.5,0.06,selected,True,True,False,16.16924187749751,0.538974729249917,196.55521425384498,3.635980405647388e-15,2.6487222786511565e-14,True,3,0.3179017104005073
1451,0.52,0.06,baseline,True,True,False,29.820799099576593,0.9940266366525531,562.3948227035188,4.311683727638324e-15,3.2241486254597196e-14,True,3,0.4509518070005294
1451,0.52,0.06,local,True,True,False,29.820799099565274,0.9940266366521758,562.3948227028274,4.050436301346149e-15,2.245913450146405e-14,True,3,0.4509518070005294
1451,0.52,0.06,multistart,True,False,False,1.7719425794896715,0.059064752649655716,29.97423025016026,6.039791985233204e-15,3.5372773632625657e-14,True,4,0.4509518070005294
1451,0.52,0.06,graph,True,False,False,1.7719425794896781,0.05906475264965594,29.97423025016026,6.039728210185413e-15,4.646867572877881e-14,True,4,0.4509518070005303
1451,0.52,0.06,best,True,False,False,1.7719425794896648,0.059064752649655494,29.974230250159863,1.1678323356375914e-14,1.1629797479201192e-12,True,4,0.03065499842913777
1451,0.52,0.06,screened_graph,True,True,False,15.42025759117631,0.5140085863725437,207.32331484972178,1.09774968285265e-15,1.6853650355094583e-14,True,3,0.3609565128708736
1451,0.52,0.06,screened_best,True,True,False,15.42025759117555,0.5140085863725183,207.32331484954554,3.394388883480595e-16,6.870728267770388e-16,True,3,0.3609565128708736
1451,0.52,0.06,bounded_attempt,False,True,False,9.999999999999991,0.33333333333333304,216.38628975811983,0.00047652595876196527,0.020946757755432026,True,3,0.3609565128708736
1451,0.52,0.06,selected,True,True,False,15.42025759117555,0.5140085863725183,207.32331484954554,3.394388883480595e-16,6.870728267770388e-16,True,3,0.3609565128708736
1452,0.54,0.06,baseline,True,True,False,26.12810598553367,0.8709368661844556,529.7291638217048,1.0518090645666817e-15,4.417674201378695e-15,True,3,0.521419684840037
1452,0.54,0.06,local,True,True,False,26.12810598553351,0.8709368661844503,529.7291638216881,9.037626289101727e-16,4.417674201378695e-15,True,3,0.521419684840037
1452,0.54,0.06,multistart,True,False,False,1.7196950691126567,0.05732316897042189,29.930688443100763,8.626582930171297e-16,4.736852047140622e-14,True,4,0.04422703579862919
1452,0.54,0.06,graph,True,False,False,1.71969506911267,0.057323168970422334,29.93068844310036,7.191804527567087e-15,4.017689621570702e-14,True,4,0.521419684840037
1452,0.54,0.06,best,True,False,False,1.7196950691126567,0.05732316897042189,29.930688443100763,4.5353037334123814e-15,3.6238140898013543e-14,True,4,0.5214196848400374
1452,0.54,0.06,screened_graph,True,True,False,15.670221810617779,0.5223407270205926,199.81952119976245,4.8635657266006006e-15,3.8960220663977904e-14,True,3,0.4003404516462208
1452,0.54,0.06,screened_best,True,True,False,15.670221810617067,0.5223407270205689,199.8195211996711,3.657422456011335e-15,6.992843568370164e-14,True,3,0.4003404516462208
1452,0.54,0.06,bounded_attempt,False,True,False,9.999999999999991,0.33333333333333304,163.90899832421954,0.00047496365354642207,0.021594352213547947,True,3,0.4003404516462208
1452,0.54,0.06,selected,True,True,False,15.670221810617067,0.5223407270205689,199.8195211996711,3.657422456011335e-15,6.992843568370164e-14,True,3,0.4003404516462208
1453,0.56,0.06,baseline,True,True,False,24.636717290046864,0.8212239096682288,507.221202452917,2.502202568392619e-15,8.348817212006607e-15,True,3,0.5936399166291437
1453,0.56,0.06,local,True,True,False,24.63671729004631,0.8212239096682104,507.22120245290165,6.96970358209781e-16,3.137973295952784e-15,True,3,0.5936399166291437
1453,0.56,0.06,multistart,True,False,False,1.6676245420348978,0.055587484734496595,29.97207119803478,7.961473658109297e-15,4.468422858130459e-14,True,4,0.5936399166291433
1453,0.56,0.06,graph,True,False,False,1.6676245420349245,0.05558748473449748,29.97207119803478,9.678391504385816e-15,5.922200061879542e-14,True,4,0.5936399166291433
1453,0.56,0.06,best,True,False,False,1.6676245420348845,0.05558748473449615,29.972071198034378,3.823450175282962e-15,2.4373396755881242e-14,True,4,0.5936399166291437
1453,0.56,0.06,screened_graph,True,True,False,15.84612152640831,0.528204050880277,189.7461143374676,3.018993046872875e-15,1.9176603450551904e-14,True,3,0.5936399166291437
1453,0.56,0.06,screened_best,True,True,False,15.846121526405499,0.5282040508801833,189.7461143375515,5.9565301818659e-15,2.4708445289150025e-14,True,3,0.4334448859518565
1453,0.56,0.06,bounded_attempt,False,True,False,9.999999999999991,0.33333333333333304,146.2152467328552,0.0004430307493518768,0.020825521321522256,True,3,0.4334448859518574
1453,0.56,0.06,selected,True,True,False,15.846121526405499,0.5282040508801833,189.7461143375515,5.9565301818659e-15,2.4708445289150025e-14,True,3,0.4334448859518565
1454,0.58,0.06,baseline,True,True,False,24.301130352680914,0.8100376784226971,471.93651308024033,8.064654625088228e-16,3.685692035248822e-15,True,3,0.6677785951695225
1454,0.58,0.06,local,True,True,False,24.301130352679767,0.8100376784226588,471.9365130802057,1.8127520016158062e-15,1.1170367375127902e-14,True,3,0.6677785951695225
1454,0.58,0.06,multistart,True,False,False,1.659196531962981,0.055306551065432696,30.10051258879716,9.970193959681552e-15,5.71022470909833e-14,True,3,0.6677785951695223
1454,0.58,0.06,graph,True,False,False,1.6591965319629942,0.05530655106543314,30.100512588797756,9.66166165219578e-15,1.5737041555430353e-14,True,3,0.6677785951695223
1454,0.58,0.06,best,True,False,False,1.659196531962981,0.055306551065432696,30.10051258879716,9.970193959681552e-15,5.71022470909833e-14,True,3,0.6677785951695223
1454,0.58,0.06,screened_graph,True,True,False,15.57559623908266,0.5191865413027553,181.59634907258118,4.021231205249167e-15,2.272461893091572e-14,True,3,0.6677785951695221
1454,0.58,0.06,screened_best,True,True,False,15.575596239081065,0.5191865413027021,181.59634907262384,3.5365289772740896e-15,3.76388598963483e-14,True,3,0.4580668113687505
1454,0.58,0.06,bounded_attempt,False,True,False,9.999999999999991,0.33333333333333304,155.24081096050497,0.0004025848720785758,0.019459441580998615,True,3,0.4580668113687505
1454,0.58,0.06,selected,True,True,False,15.575596239081065,0.5191865413027021,181.59634907262384,3.5365289772740896e-15,3.76388598963483e-14,True,3,0.4580668113687505
1455,0.6,0.06,baseline,True,True,False,22.47384439026898,0.7491281463422993,416.39415423692435,1.1644944284293733e-15,5.923327445591853e-15,True,3,0.7440458328432187
1455,0.6,0.06,local,True,True,False,22.47384439026873,0.749128146342291,416.3941542369179,1.1199813269780021e-15,5.7216097936121865e-15,True,3,0.7440458328432187
1455,0.6,0.06,multistart,True,False,False,1.671315976665465,0.0557105325555155,30.31989023752908,2.7271883431905885e-15,1.7492180832387295e-14,True,3,0.7440458328432189
1455,0.6,0.06,graph,True,False,False,1.6713159766654817,0.05571053255551606,30.31989023752888,1.1641048753609987e-14,6.948087052626029e-14,True,3,0.7440458328432193
1455,0.6,0.06,best,True,False,False,1.671315976665465,0.0557105325555155,30.31989023752908,2.7271883431905885e-15,1.7492180832387295e-14,True,3,0.7440458328432189
1455,0.6,0.06,screened_graph,True,True,False,15.026766098129272,0.5008922032709757,174.52513404895518,2.4217535000277424e-15,1.5124438757566707e-14,True,3,0.08508108624605981
1455,0.6,0.06,screened_best,True,True,False,15.026766098128492,0.5008922032709497,174.5251340489446,2.355302233644972e-15,1.515015570975828e-14,True,3,0.042937430544498945
1455,0.6,0.06,bounded_attempt,False,True,False,9.999999999999991,0.33333333333333304,186.28975257245136,0.00035961981057186184,0.017823692671281397,True,3,0.042937430544517596
1455,0.6,0.06,selected,True,True,False,15.026766098128492,0.5008922032709497,174.5251340489446,2.355302233644972e-15,1.515015570975828e-14,True,3,0.042937430544498945
1456,0.62,0.06,baseline,True,True,False,19.962212980042743,0.6654070993347581,356.300271306416,1.880888278140122e-15,9.96885286285028e-15,True,3,0.8227037875313663
1456,0.62,0.06,local,True,True,False,19.96221298004269,0.6654070993347563,356.3002713062966,3.652317638029787e-15,1.3103674165080534e-14,True,3,0.8227037875313663
1456,0.62,0.06,multistart,True,False,False,1.6882185779736814,0.05627395259912271,30.636311880305445,5.720207984257337e-15,3.575247711460526e-14,True,3,0.8227037875313663
1456,0.62,0.06,graph,True,False,False,1.688218577973688,0.056273952599122934,30.636311880305943,1.1859948041976296e-14,1.9596375366845226e-14,True,3,0.8227037875313659
1456,0.62,0.06,best,True,False,False,1.6882185779736814,0.05627395259912271,30.636311880305247,3.2404263067987906e-15,1.4119251317264666e-14,True,3,0.09231858797707737
1456,0.62,0.06,screened_graph,True,True,False,14.211779767032917,0.47372599223443057,165.84579578317832,5.447894588282858e-15,5.5561334156094436e-14,True,3,0.08722927192270546
1456,0.62,0.06,screened_best,True,True,False,14.21177976703286,0.4737259922344287,165.8457957834717,3.337954173220125e-15,1.1515466564645103e-14,True,3,0.6678951626710035
1456,0.62,0.06,bounded_attempt,False,True,False,9.999999999999998,0.33333333333333326,238.40934428519893,0.0003071116012062595,0.01560630519011814,True,3,0.6678951626710079
1456,0.62,0.06,selected,True,True,False,14.21177976703286,0.4737259922344287,165.8457957834717,3.337954173220125e-15,1.1515466564645103e-14,True,3,0.6678951626710035
1457,0.64,0.06,baseline,True,True,False,19.99377676717471,0.6664592255724904,298.6591878109085,2.7200464103316335e-15,1.5245251211086832e-14,True,3,0.9036967408708558
1457,0.64,0.06,local,True,True,False,19.99377676717408,0.6664592255724693,298.65918781088334,2.795470146924422e-15,1.5405768797374414e-14,True,3,0.9036967408708558
1457,0.64,0.06,multistart,True,False,False,1.710609123999793,0.05702030413332643,31.058721720134486,8.589050913333966e-15,3.7652944732364596e-14,True,3,0.9036967408708556
1457,0.64,0.06,graph,True,False,False,1.7106091239998011,0.057020304133326705,31.058721720134585,9.242630122183835e-15,4.425149983742952e-14,True,3,0.9036967408708554
1457,0.64,0.06,best,True,False,False,1.7106091239997845,0.05702030413332615,31.058721720134887,7.274241416415806e-15,4.82764481328201e-14,True,3,0.9036967408708554
1457,0.64,0.06,screened_graph,True,True,False,13.44614892583345,0.44820496419444833,159.50394480209954,1.0956038859466944e-15,1.8313370514467528e-14,True,3,0.3429172852399134
1457,0.64,0.06,screened_best,True,True,False,13.44614892583345,0.44820496419444833,159.50394480209954,1.0956038859466944e-15,1.8313370514467528e-14,True,3,0.3429172852399134
1457,0.64,0.06,bounded_attempt,False,True,False,9.999999999999964,0.33333333333333215,193.07280882187854,0.0002893901030973773,0.014540312067130376,True,3,0.3429172852399125
1457,0.64,0.06,selected,True,True,False,13.44614892583345,0.44820496419444833,159.50394480209954,1.0956038859466944e-15,1.8313370514467528e-14,True,3,0.3429172852399134
1458,0.66,0.06,baseline,True,True,False,19.229829225166363,0.6409943075055454,232.646821477848,2.556528086932065e-15,9.707226288372348e-15,True,3,0.9877002418666418
1458,0.66,0.06,local,True,True,False,19.229829225167045,0.6409943075055682,232.64682147783193,2.556528086932065e-15,9.707226288372348e-15,True,3,0.9877002418666418
1458,0.66,0.06,multistart,True,False,False,1.7394045421451576,0.05798015140483859,31.599725698710703,5.9069838317412405e-15,3.109363903692804e-14,True,3,0.9877002418666405
1458,0.66,0.06,graph,True,False,False,1.7394045421451643,0.05798015140483881,31.599725698710902,3.750008356648326e-15,1.2807208398859577e-14,True,3,0.9877002418666405
1458,0.66,0.06,best,True,False,False,1.7394045421451576,0.05798015140483859,31.5997256987103,3.9769064423942126e-15,6.81218553960885e-15,True,3,0.9877002418666405
1458,0.66,0.06,screened_graph,True,True,False,13.530419138421399,0.4510139712807133,149.61678285927678,4.315602932936168e-15,3.9871110278111575e-14,True,3,0.9035417704678315
1458,0.66,0.06,screened_best,True,True,False,13.53041913841988,0.4510139712806627,149.61678285928875,1.883168378069149e-15,1.1292639989420136e-14,True,3,0.33122682043790164
1458,0.66,0.06,bounded_attempt,False,True,False,9.999999999999964,0.33333333333333215,153.4956029825075,0.0002489897644625616,0.012795876719431056,True,3,0.33122682043790164
1458,0.66,0.06,selected,True,True,False,13.53041913841988,0.4510139712806627,149.61678285928875,1.883168378069149e-15,1.1292639989420136e-14,True,3,0.33122682043790164
1459,0.68,0.06,baseline,True,True,False,17.279728434409126,0.5759909478136376,211.18242224663166,5.836925621952896e-16,9.127386495686836e-16,True,3,1.0753513572790516
1459,0.68,0.06,local,True,True,False,17.279728434408934,0.5759909478136311,211.18242224663345,3.034328400220752e-16,9.127386495686836e-16,True,3,1.0753513572790516
1459,0.68,0.06,multistart,True,False,False,1.7758445560495595,0.059194818534985316,32.27674781333927,7.251911019408306e-15,3.608259541014352e-14,True,3,1.0753513572790512
1459,0.68,0.06,graph,True,False,False,1.7758445560495761,0.05919481853498587,32.27674781333987,5.2296248032030465e-15,1.9398756534770377e-14,True,3,1.0753513572790516
1459,0.68,0.06,best,True,False,False,1.7758445560495595,0.059194818534985316,32.27674781333927,7.251911019408306e-15,3.608259541014352e-14,True,3,1.0753513572790512
1459,0.68,0.06,screened_graph,True,True,False,13.055619546359113,0.43518731821197043,134.00472379418957,2.939545107110347e-15,1.1706526474481402e-14,True,3,0.8216711110770323
1459,0.68,0.06,screened_best,True,True,False,13.05561954635909,0.43518731821196965,134.00472379418397,5.735674758739812e-15,4.0324392873277785e-14,True,3,0.1065205466308754
1459,0.68,0.06,bounded_attempt,False,True,False,9.999999999999991,0.33333333333333304,192.30107488143545,0.0001985120052869059,0.010495319444120181,True,3,0.10479515216440483
1459,0.68,0.06,selected,True,True,False,13.05561954635909,0.43518731821196965,134.00472379418397,5.735674758739812e-15,4.0324392873277785e-14,True,3,0.1065205466308754
1460,0.7000000000000001,0.06,baseline,True,True,False,14.932573551038624,0.49775245170128746,191.48085746152842,1.4449569726155179e-15,6.3473684298953725e-15,True,3,1.1673142725540657
1460,0.7000000000000001,0.06,local,True,True,False,14.93257355103851,0.4977524517012837,191.48085746156562,6.748943856986671e-16,3.473063405935563e-15,True,3,1.1673142725540664
1460,0.7000000000000001,0.06,multistart,True,False,False,1.821664217156016,0.0607221405718672,33.11361984826582,6.130091585870035e-15,2.7844031328260104e-14,True,3,1.1673142725540657
1460,0.7000000000000001,0.06,graph,True,False,False,1.8216642171560293,0.060722140571867644,33.11361984826622,1.0190769153819897e-14,3.965736613627837e-14,True,3,1.1673142725540662
1460,0.7000000000000001,0.06,best,True,False,False,1.821664217156016,0.0607221405718672,33.11361984826582,1.8850865113412897e-14,1.1278289207555136e-13,True,3,1.1673142725540657
1460,0.7000000000000001,0.06,screened_graph,True,True,False,11.886356531879883,0.3962118843959961,119.60360419722645,2.5712885691977362e-15,1.546426150791876e-14,True,3,0.9688434443272254
1460,0.7000000000000001,0.06,screened_best,True,True,False,11.88635653187988,0.396211884395996,119.603604197223,3.632164660233972e-16,9.348425471558426e-16,True,3,0.11821672037854558
1460,0.7000000000000001,0.06,bounded_attempt,False,True,False,9.999999999999998,0.33333333333333326,124.676842462365,0.000189277261427455,0.009642537453727396,True,3,0.11772340533652503
1460,0.7000000000000001,0.06,selected,True,True,False,11.88635653187988,0.396211884395996,119.603604197223,3.632164660233972e-16,9.348425471558426e-16,True,3,0.11821672037854558
1461,0.72,0.06,baseline,True,True,False,14.40158554552048,0.4800528515173493,157.50705913496532,3.469446951953614e-16,4.654751537338636e-16,True,3,1.2644749025950832
1461,0.72,0.06,local,True,True,False,14.40158554552033,0.48005285151734434,157.50705913496722,3.5115191112877737e-16,5.463690523629807e-16,True,3,1.2644749025950832
1461,0.72,0.06,multistart,True,False,False,1.879385645316597,0.0626461881772199,34.142521551904714,6.280753146391884e-16,8.591068053145653e-16,True,3,1.2644749025950852
1461,0.72,0.06,graph,True,False,False,1.8793856453166036,0.06264618817722012,34.14252155190521,1.6006163318745363e-14,7.514640756618507e-14,True,3,1.2644749025950839
1461,0.72,0.06,best,True,False,False,1.879385645316597,0.0626461881772199,34.142521551904714,6.280753146391884e-16,8.591068053145653e-16,True,3,1.2644749025950852
1461,0.72,0.06,screened_graph,True,True,False,11.589539315037038,0.3863179771679013,113.29626078168909,6.736318800181171e-15,4.513450678883889e-14,True,3,0.3997468186204012
1461,0.72,0.06,screened_best,True,True,False,11.589539315036973,0.38631797716789906,113.29626078171339,2.873003751416767e-15,1.1020710743709254e-14,True,3,0.9642683724599532
1461,0.72,0.06,bounded_attempt,False,True,False,9.999999999999995,0.33333333333333315,141.87366592220764,0.0001124481174850997,0.005939143986447666,True,3,0.9642683724599532
1461,0.72,0.06,selected,True,True,False,11.589539315036973,0.38631797716789906,113.29626078171339,2.873003751416767e-15,1.1020710743709254e-14,True,3,0.9642683724599532
1462,0.74,0.06,baseline,True,True,False,12.516539534911862,0.41721798449706204,130.1920557766427,3.803279846206874e-16,1.5196742018289901e-15,True,3,1.368055875715924
1462,0.74,0.06,local,True,True,False,12.516539534911649,0.41721798449705494,130.1920557766459,3.610892649124533e-16,1.4177138382003162e-15,True,3,1.3680558757159236
1462,0.74,0.06,multistart,True,False,False,1.9528524993252239,0.0650950833108408,35.40508023201756,5.765966151911114e-16,8.166992641051597e-16,True,3,1.368055875715924
1462,0.74,0.06,graph,True,False,False,1.9528524993252272,0.0650950833108409,35.40508023201786,4.620532287466606e-15,2.6470560702426807e-14,True,3,1.368055875715924
1462,0.74,0.06,best,True,False,False,1.9528524993252239,0.0650950833108408,35.40508023201716,4.789626492700044e-15,4.618291662713039e-14,True,3,1.3680558757159236
1462,0.74,0.06,screened_graph,True,True,False,10.732073238142261,0.35773577460474204,98.71083372891869,4.1726702564710725e-15,8.42795227629417e-14,True,3,0.24619938750872983
1462,0.74,0.06,screened_best,True,True,False,10.732073238142071,0.3577357746047357,98.71083373023201,4.677967399747455e-16,9.1793593879506e-16,True,3,1.368055875715925
1462,0.74,0.06,bounded_attempt,False,True,False,9.999999999999995,0.33333333333333315,120.67303087455306,5.113912349998013e-05,0.0025611248894962246,True,3,1.3680558757159231
1462,0.74,0.06,selected,True,True,False,10.732073238142071,0.3577357746047357,98.71083373023201,4.677967399747455e-16,9.1793593879506e-16,True,3,1.368055875715925
1463,0.76,0.06,baseline,True,True,False,11.309236037096678,0.3769745345698893,105.65499867291615,3.3422138886441676e-16,6.727303154927428e-16,True,3,1.479823547893592
1463,0.76,0.06,local,True,True,False,11.309236037096483,0.3769745345698827,105.65499867291692,4.0035674044735114e-16,6.516028718229047e-16,True,3,1.4798235478935924
1463,0.76,0.06,multistart,True,False,False,2.048306055711202,0.06827686852370674,36.945231849643115,5.69665863141938e-16,6.121941206500967e-16,True,3,1.479823547893592
1463,0.76,0.06,graph,True,False,False,2.0483060557112154,0.06827686852370718,36.945231849642816,1.845642605159536e-14,9.388762684702702e-14,True,3,1.4798235478935915
1463,0.76,0.06,best,True,False,False,2.048306055711202,0.06827686852370674,36.945231849642916,5.979136609301385e-16,6.765013230669178e-16,True,3,1.4798235478935913
1463,0.76,0.06,screened_graph,True,True,True,9.694645754218456,0.32315485847394854,79.86446454615516,4.833387896597638e-15,2.364960959272854e-14,True,3,0.34768997781163513
1463,0.76,0.06,screened_best,True,True,True,9.694645754218003,0.32315485847393344,79.86446454615027,1.1986474776075867e-15,4.2852013468325815e-15,True,3,0.16572236292051645
1463,0.76,0.06,bounded_attempt,True,True,True,9.69464575505399,0.3231548585017997,79.86446454612127,8.772161089938667e-14,3.354850420670066e-12,True,3,0.16572236292051645
1463,0.76,0.06,selected,True,True,True,9.694645754218003,0.32315485847393344,79.86446454615027,1.1986474776075867e-15,4.2852013468325815e-15,True,3,0.16572236292051645
1481,0.4,0.08,baseline,True,True,False,37.347536380413004,1.2449178793471,727.7035903859302,4.307622637887617e-15,2.661556332249313e-14,True,3,0.040403178611518875
1481,0.4,0.08,local,True,True,False,37.347536380412905,1.2449178793470967,727.7035903859268,4.254328600186865e-15,2.6956674669091684e-14,True,3,0.040403178611518875
1481,0.4,0.08,multistart,True,False,False,2.6859231104687886,0.08953077034895962,33.20993606948406,7.440490870880745e-15,7.871856195285127e-14,True,1,0.04040317861151932
1481,0.4,0.08,graph,True,False,False,2.6859231104694015,0.08953077034898005,33.20993606948086,6.145216228725685e-15,6.487927851008029e-14,True,1,0.040403178611525536
1481,0.4,0.08,best,True,False,False,2.6859231104687886,0.08953077034895962,33.20993606948406,7.440490870880745e-15,7.871856195285127e-14,True,1,0.04040317861151932
1481,0.4,0.08,screened_graph,True,True,False,20.36472331548561,0.678824110516187,274.5724390675085,7.138648255901161e-15,7.277017559748124e-14,True,3,0.04040317861151932
1481,0.4,0.08,screened_best,True,True,False,20.36472331548561,0.678824110516187,274.5724390675085,7.138648255901161e-15,7.277017559748124e-14,True,3,0.04040317861151932
1481,0.4,0.08,bounded_attempt,False,True,False,9.999999999999991,0.33333333333333304,184.53786372070007,0.001726405815872303,0.053051616903223506,True,3,0.04040317861151976
1481,0.4,0.08,selected,True,True,False,20.36472331548561,0.678824110516187,274.5724390675085,7.138648255901161e-15,7.277017559748124e-14,True,3,0.04040317861151932
1482,0.42,0.08,baseline,True,True,False,40.907634053389415,1.3635878017796472,1052.9775519384689,9.302259532034058e-16,5.794755650561005e-15,True,3,0.10458389478253105
1482,0.42,0.08,local,True,True,False,40.907634053389664,1.3635878017796554,1052.9775519384798,9.538644840736758e-16,5.646353186237126e-15,True,3,0.10458389478253105
1482,0.42,0.08,multistart,True,False,False,2.3965793633124877,0.07988597877708292,32.676418201943314,9.899934196153562e-15,7.738886901876799e-14,True,1,0.10458389478253327
1482,0.42,0.08,graph,True,False,False,2.3965793633125143,0.07988597877708381,32.34726968455627,7.737013725108502e-15,7.939105462717346e-14,True,1,0.10458389478253283
1482,0.42,0.08,best,True,False,False,2.3965793633124877,0.07988597877708292,32.34726968455717,6.166058429150398e-15,4.261214943423513e-14,True,1,0.10458389478253283
1482,0.42,0.08,screened_graph,True,True,False,25.85084512809653,0.8616948376032176,390.04512484866854,8.179669850367252e-15,5.989037155985718e-14,True,3,0.1045838947825306
1482,0.42,0.08,screened_best,True,True,False,25.85084512809653,0.8616948376032176,390.04512484866854,8.179669850367252e-15,5.989037155985718e-14,True,3,0.1045838947825306
1482,0.42,0.08,bounded_attempt,False,True,False,9.999999999999991,0.33333333333333304,168.80189380547276,0.0019534192101898075,0.06417845233573732,True,3,0.10458389478163177
1482,0.42,0.08,selected,True,True,False,25.85084512809653,0.8616948376032176,390.04512484866854,8.179669850367252e-15,5.989037155985718e-14,True,3,0.1045838947825306
1483,0.44,0.08,baseline,True,True,False,21.714758836077756,0.7238252945359251,868.9190052909315,3.009432764406106e-16,9.105729634648627e-16,True,5,0.16991370683679463
1483,0.44,0.08,local,True,True,False,21.714758836078207,0.7238252945359402,868.9190052909531,3.009432764406106e-16,7.722325701631217e-16,True,5,0.16991370683679463
1483,0.44,0.08,multistart,True,False,False,2.179403929974568,0.07264679766581894,31.640653539563914,3.800138952361213e-15,4.2351519935426656e-14,True,1,0.1699137068367942
1483,0.44,0.08,graph,True,False,False,2.179403929974608,0.07264679766582027,31.64065353956711,5.3560755261547836e-15,5.078400543457005e-14,True,1,0.1699137068367933
1483,0.44,0.08,best,True,False,False,2.179403929974555,0.0726467976658185,31.640653539564713,3.7590685216177905e-15,2.286040382832594e-14,True,1,0.1699137068367942
1483,0.44,0.08,screened_graph,True,True,False,21.71475883607765,0.7238252945359216,868.9190052909244,2.774316957018026e-15,1.3076377974760727e-14,True,5,0.1699137068367942
1483,0.44,0.08,screened_best,True,True,False,21.71475883607765,0.7238252945359216,868.9190052909244,2.774316957018026e-15,1.3076377974760727e-14,True,5,0.1699137068367942
1483,0.44,0.08,bounded_attempt,False,True,False,9.999999999999995,0.33333333333333315,443.96060867344966,0.00023271475191529337,0.008094943607483952,True,5,0.1699137068367902
1483,0.44,0.08,selected,True,True,False,21.71475883607765,0.7238252945359216,868.9190052909244,2.774316957018026e-15,1.3076377974760727e-14,True,5,0.1699137068367942
1485,0.48,0.08,baseline,True,True,False,14.61557944040127,0.487185981346709,635.8587961462574,3.983674527587667e-16,1.886052122101408e-15,True,3,0.30402748150530723
1485,0.48,0.08,local,True,True,False,14.615579440401136,0.48718598134670454,635.858796146251,3.983674527587667e-16,1.886052122101408e-15,True,3,0.30402748150530723
1485,0.48,0.08,multistart,True,False,False,1.9535236603826611,0.0651174553460887,30.64286403389054,6.7964057145859635e-15,4.483654611934934e-14,True,4,0.30402748150530634
1485,0.48,0.08,graph,True,False,False,1.9535236603826878,0.06511745534608959,30.642864033890937,4.918931919184726e-15,5.163255898792349e-14,True,4,0.30402748150530634
1485,0.48,0.08,best,True,False,False,1.9535236603826611,0.0651174553460887,30.64286403389054,6.7964057145859635e-15,4.483654611934934e-14,True,4,0.30402748150530634
1485,0.48,0.08,screened_graph,True,True,False,14.615579440401163,0.48718598134670543,635.8587961462455,1.0284789126210025e-15,1.4552212578389052e-14,True,3,0.3040274815053068
1485,0.48,0.08,screened_best,True,True,False,14.615579440401136,0.48718598134670454,635.858796146251,3.983674527587667e-16,1.886052122101408e-15,True,3,0.30402748150530723
1485,0.48,0.08,bounded_attempt,False,True,False,9.999999999999991,0.33333333333333304,497.0109959611917,9.266683513230173e-05,0.0036376975711125727,True,3,0.30402748150530634
1485,0.48,0.08,selected,True,True,False,14.615579440401136,0.48718598134670454,635.858796146251,3.983674527587667e-16,1.886052122101408e-15,True,3,0.30402748150530723
1486,0.5,0.08,baseline,True,True,False,31.194967892393027,1.0398322630797676,1525.73598448356,1.3557860034576945e-15,1.0519719022357469e-14,True,3,0.37207219725585405
1486,0.5,0.08,local,True,True,False,31.19496789239514,1.039832263079838,1525.7359844836637,1.3557860034576945e-15,1.0519719022357469e-14,True,3,0.37207219725585405
1486,0.5,0.08,multistart,True,False,False,1.892091209087674,0.06306970696958913,30.327355870025386,4.205135732129755e-15,1.5892057680888927e-14,True,4,0.3720721972558545
1486,0.5,0.08,graph,True,False,False,1.8920912090876807,0.06306970696958936,30.327355870024288,5.958543586510817e-15,4.964610459660535e-13,True,4,0.0005625445229906489
1486,0.5,0.08,best,True,False,False,1.892091209087674,0.06306970696958913,30.327355870025386,4.205135732129755e-15,1.5892057680888927e-14,True,4,0.3720721972558545
1486,0.5,0.08,screened_graph,True,True,False,31.194967892391716,1.0398322630797239,1525.7359844834673,3.4353131553725688e-15,2.3477509437185087e-14,True,3,0.3720721972558545
1486,0.5,0.08,screened_best,True,True,False,31.194967892391716,1.0398322630797239,1525.7359844834673,3.4353131553725688e-15,2.3477509437185087e-14,True,3,0.3720721972558545
1486,0.5,0.08,bounded_attempt,False,True,False,9.999999999999995,0.33333333333333315,447.9137894139453,0.00018441141360824834,0.007574800502665494,True,3,0.3720721972558545
1486,0.5,0.08,selected,True,True,False,31.194967892391716,1.0398322630797239,1525.7359844834673,3.4353131553725688e-15,2.3477509437185087e-14,True,3,0.3720721972558545
1487,0.52,0.08,baseline,True,True,False,42.52653589586312,1.4175511965287706,2152.6209605649997,3.925231146709438e-16,1.8311097135367525e-15,True,3,0.4414134124415403
1487,0.52,0.08,local,True,True,False,42.52653589586201,1.4175511965287337,2152.620960564934,3.925231146709438e-16,1.8311097135367525e-15,True,3,0.4414134124415403
1487,0.52,0.08,multistart,True,False,False,1.8334264319817706,0.06111421439939235,30.121638731355294,6.598141089499465e-15,3.8045399081077774e-14,True,4,0.4414134124415403
1487,0.52,0.08,graph,True,False,False,1.8334264319817706,0.06111421439939235,30.121638731355695,7.443580185440468e-15,4.621932034379862e-14,True,4,0.4414134124415403
1487,0.52,0.08,best,True,False,False,1.8334264319817706,0.06111421439939235,30.121638731355294,6.598141089499465e-15,3.8045399081077774e-14,True,4,0.4414134124415403
1487,0.52,0.08,screened_graph,True,True,False,42.52653589586195,1.4175511965287315,2152.620960564934,1.3369035629543234e-15,8.762894512131385e-15,True,3,0.4414134124415403
1487,0.52,0.08,screened_best,True,True,False,42.52653589586195,1.4175511965287315,2152.620960564934,1.3369035629543234e-15,8.762894512131385e-15,True,3,0.4414134124415403
1487,0.52,0.08,bounded_attempt,False,True,False,10.0,0.3333333333333333,592.3259950591906,0.00031278841367110826,0.013397470777497764,True,5,0.44141341244153987
1487,0.52,0.08,selected,True,True,False,42.52653589586195,1.4175511965287315,2152.620960564934,1.3369035629543234e-15,8.762894512131385e-15,True,3,0.4414134124415403
1488,0.54,0.08,baseline,True,True,False,28.210532724977394,0.9403510908325798,1253.8718531366133,2.830524433501838e-16,6.781060472260994e-16,True,3,0.5123000782286717
1488,0.54,0.08,local,True,True,False,28.210532724977448,0.9403510908325816,1253.8718531366135,3.411368008432962e-16,6.781060472260994e-16,True,3,0.5123000782286717
1488,0.54,0.08,multistart,True,False,False,1.7766975749992753,0.05922325249997584,30.019588311500335,7.236787322700106e-15,4.048835008831455e-14,True,4,0.5123000782286722
1488,0.54,0.08,graph,True,False,False,1.776697574999302,0.05922325249997673,30.019588311499536,8.044907628021144e-15,4.709053642552661e-14,True,4,0.5123000782286722
1488,0.54,0.08,best,True,False,False,1.7766975749992753,0.05922325249997584,30.019588311500335,7.236787322700106e-15,4.048835008831455e-14,True,4,0.5123000782286722
1488,0.54,0.08,screened_graph,True,True,False,28.21053272490632,0.9403510908302106,1253.8718531325965,3.2647919817680144e-15,2.8766580115387957e-14,True,3,0.5123000782286713
1488,0.54,0.08,screened_best,True,True,False,28.21053272490632,0.9403510908302106,1253.8718531325965,3.2647919817680144e-15,2.8766580115387957e-14,True,3,0.5123000782286713
1488,0.54,0.08,bounded_attempt,False,True,False,9.999999999999991,0.33333333333333304,592.0292057025666,0.00023816045598387364,0.010655823383651376,True,5,0.5123000782286722
1488,0.54,0.08,selected,True,True,False,28.21053272490632,0.9403510908302106,1253.8718531325965,3.2647919817680144e-15,2.8766580115387957e-14,True,3,0.5123000782286713
1489,0.56,0.08,baseline,True,True,False,21.645041212159718,0.7215013737386573,957.0557584360976,1.825984136834653e-15,1.2432708813512965e-14,True,3,0.5848693268597374
1489,0.56,0.08,local,True,True,False,21.64504121215948,0.7215013737386493,957.055758436084,1.825984136834653e-15,1.2432708813512965e-14,True,3,0.5848693268597374
1489,0.56,0.08,multistart,True,False,False,1.7210985035819282,0.057369950119397606,30.017668333836678,5.7713746885107715e-15,3.304760389510814e-14,True,4,0.5848693268597374
1489,0.56,0.08,graph,True,False,False,1.7210985035819415,0.05736995011939805,30.01766833383708,9.17154388189964e-15,5.2087414876309e-14,True,4,0.5848693268597374
1489,0.56,0.08,best,True,False,False,1.7210985035819282,0.057369950119397606,30.017668333836678,5.7713746885107715e-15,3.304760389510814e-14,True,4,0.5848693268597374
1489,0.56,0.08,screened_graph,True,True,False,21.645041212159466,0.7215013737386489,957.0557584360804,2.914335439641036e-16,4.224185595356017e-15,True,3,0.22775555080559773
1489,0.56,0.08,screened_best,True,True,False,21.645041211901127,0.7215013737300375,957.0557584204794,5.090273439885382e-15,1.4723799346871688e-13,True,3,0.5848693268597382
1489,0.56,0.08,bounded_attempt,False,True,False,9.999999999999991,0.33333333333333304,527.0984104308624,0.00013433651070030597,0.0062540328298628985,True,3,0.5848693268597378
1489,0.56,0.08,selected,True,True,False,21.645041211901127,0.7215013737300375,957.0557584204794,5.090273439885382e-15,1.4723799346871688e-13,True,3,0.5848693268597382
1490,0.58,0.08,baseline,True,True,False,12.366637733467831,0.41222125778226104,628.3043614406693,7.623394242599558e-16,5.228217120134176e-15,True,3,0.6592949377950905
1490,0.58,0.08,local,True,True,False,12.366637733467751,0.4122212577822584,628.3043614406677,7.623394242599558e-16,5.228217120134176e-15,True,3,0.6592949377950905
1490,0.58,0.08,multistart,True,False,False,1.6824520656106934,0.056081735520356446,30.114934432979634,4.352871625246495e-15,1.6245895685224955e-14,True,3,0.6592949377950905
1490,0.58,0.08,graph,True,False,False,1.6824520656107067,0.05608173552035689,30.114934432980434,7.694060864859108e-15,4.1921302288498e-14,True,3,0.6592949377950903
1490,0.58,0.08,best,True,False,False,1.6824520656106934,0.056081735520356446,30.114934432979634,4.352871625246495e-15,1.6245895685224955e-14,True,3,0.6592949377950905
1490,0.58,0.08,screened_graph,True,True,False,12.366637733467645,0.4122212577822548,628.3043614406608,6.494819520736618e-15,1.609328697767927e-13,True,3,0.20477555264310698
1490,0.58,0.08,screened_best,True,True,False,12.3666377334675,0.41222125778225,628.3043614406615,1.8578750750735138e-15,1.1614349889393036e-14,True,3,0.659294937795091
1490,0.58,0.08,bounded_attempt,True,True,True,9.999999999999995,0.33333333333333315,486.3060974344358,1.9709597148354318e-05,0.0009454823246995269,True,3,0.6592949377950901
1490,0.58,0.08,selected,True,True,True,9.999999999999995,0.33333333333333315,486.3060974344358,1.9709597148354318e-05,0.0009454823246995269,True,3,0.6592949377950901
1492,0.62,0.08,baseline,True,True,False,23.725827889322023,0.7908609296440674,928.6102383005237,1.4988010832439613e-15,5.004355470990383e-15,True,5,0.8146268899489781
1492,0.62,0.08,local,True,True,False,23.725827889324954,0.7908609296441651,928.6102383007004,3.777716358848215e-16,2.1419227232006495e-15,True,5,0.8146268899489781
1492,0.62,0.08,multistart,True,False,False,1.7052408539148578,0.05684136179716193,30.6169761720807,3.4712228542783452e-15,2.129851125499257e-14,True,3,0.814626889948979
1492,0.62,0.08,graph,True,False,False,1.705240853914873,0.056841361797162426,30.6169761720809,1.1684149584582302e-14,2.097180327234514e-14,True,3,0.8146268899489781
1492,0.62,0.08,best,True,False,False,1.7052408539148578,0.05684136179716193,30.6169761720807,3.1380068853744565e-15,9.237283765769724e-15,True,3,0.8146268899489779
1492,0.62,0.08,screened_graph,True,True,False,23.725827889322023,0.7908609296440674,928.6102383005237,1.4988010832439613e-15,5.004355470990383e-15,True,5,0.8146268899489781
1492,0.62,0.08,screened_best,True,True,False,23.725827889322023,0.7908609296440674,928.6102383005237,1.4988010832439613e-15,5.004355470990383e-15,True,5,0.8146268899489781
1492,0.62,0.08,bounded_attempt,False,True,False,9.999999999999991,0.33333333333333304,418.3045958330423,0.00012115259045358119,0.0062329776920503534,True,5,0.8146268899489784
1492,0.62,0.08,selected,True,True,False,23.725827889322023,0.7908609296440674,928.6102383005237,1.4988010832439613e-15,5.004355470990383e-15,True,5,0.8146268899489781
1493,0.64,0.08,baseline,True,True,False,39.422594392514156,1.3140864797504719,1505.5496461608886,5.667848928154234e-16,1.2674827139807745e-15,True,5,0.8961263653388434
1493,0.64,0.08,local,True,True,False,39.42259439251454,1.3140864797504848,1505.54964616091,5.667848928154234e-16,6.836219262631319e-16,True,5,0.8961263653388434
1493,0.64,0.08,multistart,True,False,False,1.7255031882929162,0.057516772943097205,31.03457796263802,6.25912846566851e-15,2.85956829112708e-14,True,3,0.8961263653388423
1493,0.64,0.08,graph,True,False,False,1.7255031882929246,0.05751677294309748,31.03457796263832,9.549218965752422e-15,5.306490090746705e-14,True,3,0.8961263653388427
1493,0.64,0.08,best,True,False,False,1.7255031882929162,0.057516772943097205,31.03457796263802,7.568040872854358e-15,5.009779524627643e-14,True,3,0.8961263653388436
1493,0.64,0.08,screened_graph,True,True,False,26.883108058837095,0.8961036019612365,473.17509183661144,2.161919271686053e-15,1.0653401985663442e-13,True,3,0.06915707405571947
1493,0.64,0.08,screened_best,True,True,False,26.883108058829716,0.8961036019609905,473.17509183617017,3.7180300377791816e-15,2.6480674262708295e-14,True,3,0.80527279167252
1493,0.64,0.08,bounded_attempt,False,True,False,9.999999999999991,0.33333333333333304,237.70000536537142,0.0009063702846762198,0.04641127480352766,True,3,0.8052727916725209
1493,0.64,0.08,selected,True,True,False,26.883108058829716,0.8961036019609905,473.17509183617017,3.7180300377791816e-15,2.6480674262708295e-14,True,3,0.80527279167252
1494,0.66,0.08,baseline,True,True,False,39.65177580417318,1.321725860139106,936.0228353740677,1.5908085827417539e-15,1.0930570809672336e-14,True,3,0.9806995807032417
1494,0.66,0.08,local,True,True,False,39.65177580417972,1.321725860139324,936.022835374458,1.5908085827417539e-15,1.0930570809672336e-14,True,3,0.9806995807032417
1494,0.66,0.08,multistart,True,False,False,1.7527011172648521,0.05842337057549507,31.578257667294142,8.115388697561159e-15,5.14398374851639e-14,True,3,0.9806995807032413
1494,0.66,0.08,graph,True,False,False,1.752701117264862,0.058423370575495404,31.57825766729404,1.2856555197528229e-14,7.324085454773072e-14,True,3,0.9806995807032421
1494,0.66,0.08,best,True,False,False,1.7527011172648521,0.05842337057549507,31.578257667294142,5.428486113648506e-15,2.0220319019220578e-14,True,3,0.9806995807032426
1494,0.66,0.08,screened_graph,True,True,False,24.35339474500871,0.8117798248336237,329.95433819441945,5.24345358653001e-15,5.258658279338595e-14,True,3,0.05915207026378866
1494,0.66,0.08,screened_best,True,True,False,24.353394744996386,0.8117798248332129,329.95433819281266,1.931569216081982e-15,5.3192300864950744e-14,True,3,0.059152070263776224
1494,0.66,0.08,bounded_attempt,False,True,False,9.999999999999991,0.33333333333333304,244.13459625808756,0.0008183795624080798,0.0432664214036258,True,3,0.047284816485912984
1494,0.66,0.08,selected,True,True,False,24.353394744996386,0.8117798248332129,329.95433819281266,1.931569216081982e-15,5.3192300864950744e-14,True,3,0.059152070263776224
1495,0.68,0.08,baseline,True,True,False,26.11044931222095,0.870348310407365,575.2411242289468,3.469446951953614e-16,5.675065065267142e-16,True,3,1.0684993202570359
1495,0.68,0.08,local,True,True,False,26.110449312221046,0.8703483104073682,575.2411242289504,2.486410087150353e-16,5.790547498447947e-16,True,3,1.0684993202570354
1495,0.68,0.08,multistart,True,False,False,1.7880172810942252,0.05960057603647417,32.26569840912808,3.4762473422221156e-15,2.1107944462857714e-14,True,3,1.0684993202570359
1495,0.68,0.08,graph,True,False,False,1.788017281094227,0.05960057603647423,32.265698409128376,6.560235216250355e-15,3.693368119182244e-14,True,3,0.9910821560331868
1495,0.68,0.08,best,True,False,False,1.7880172810942236,0.05960057603647412,32.265698409128476,1.1710912489631841e-14,6.323308546968145e-14,True,3,1.0684993202570354
1495,0.68,0.08,screened_graph,True,True,False,20.298443991157228,0.676614799705241,309.0417148326756,3.653312813680694e-15,7.682287795801581e-14,True,3,0.06853418087793894
1495,0.68,0.08,screened_best,True,True,False,20.298443991157217,0.6766147997052405,309.04171483267413,3.9968028886505635e-15,3.989263801525928e-14,True,3,0.2197433744747359
1495,0.68,0.08,bounded_attempt,False,True,False,9.999999999999991,0.33333333333333304,232.1680547881454,0.0007588261679700186,0.039274160529276285,True,3,0.2197433744747359
1495,0.68,0.08,selected,True,True,False,20.298443991157217,0.6766147997052405,309.04171483267413,3.9968028886505635e-15,3.989263801525928e-14,True,3,0.2197433744747359
1496,0.7000000000000001,0.08,baseline,True,True,False,26.0379256107193,0.8679308536906433,424.56469389406743,1.387848167985848e-15,7.518683901257786e-15,True,3,1.1604174452904634
1496,0.7000000000000001,0.08,local,True,True,False,26.03792561072026,0.8679308536906754,424.5646938941264,1.2237659599594665e-15,7.359199964102727e-15,True,3,1.160417445290463
1496,0.7000000000000001,0.08,multistart,True,False,False,1.8331553715004567,0.061105179050015224,33.12166679274298,5.571136756535021e-16,9.232901719580903e-16,True,3,1.1604174452904623
1496,0.7000000000000001,0.08,graph,True,False,False,1.8331553715004667,0.06110517905001556,33.121666792743376,8.538900327301179e-15,3.705907488199522e-14,True,3,1.1604174452904636
1496,0.7000000000000001,0.08,best,True,False,False,1.8331553715004567,0.061105179050015224,33.12166679274298,5.571136756535021e-16,9.232901719580903e-16,True,3,1.1604174452904623
1496,0.7000000000000001,0.08,screened_graph,True,True,False,17.8169502761683,0.5938983425389432,247.72351008615396,1.9675159943996248e-15,4.92512586680122e-14,True,3,0.22657523477461883
1496,0.7000000000000001,0.08,screened_best,True,True,False,17.816950276161943,0.5938983425387314,247.72351008597704,4.7955789654823316e-15,2.278636193017554e-14,True,3,0.8649290945497281
1496,0.7000000000000001,0.08,bounded_attempt,False,True,False,9.999999999999998,0.33333333333333326,167.7790704148312,0.0005912684709934459,0.03231603022498262,True,3,0.8649290945497281
1496,0.7000000000000001,0.08,selected,True,True,False,17.816950276161943,0.5938983425387314,247.72351008597704,4.7955789654823316e-15,2.278636193017554e-14,True,3,0.8649290945497281
1497,0.72,0.08,baseline,True,True,False,21.218910313074517,0.7072970104358172,295.3402824390938,3.4050107584574765e-16,5.846918865444319e-16,True,3,1.2574654062085344
1497,0.72,0.08,local,True,True,False,21.21891031307468,0.7072970104358227,295.3402824390978,3.3335590258932494e-16,7.966820258013645e-16,True,3,1.2574654062085342
1497,0.72,0.08,multistart,True,False,False,1.8906294083444937,0.06302098027814979,34.18027912673703,4.463472831408221e-15,1.2976893905744434e-14,True,3,1.2574654062085344
1497,0.72,0.08,graph,True,False,False,1.8906294083445019,0.06302098027815006,34.18027912673693,1.6815320978180083e-14,7.919840387433008e-14,True,3,1.2574654062085329
1497,0.72,0.08,best,True,False,False,1.8906294083444886,0.06302098027814962,34.18027912673703,6.1182327204971e-15,4.569112489219508e-14,True,3,1.2574654062085342
1497,0.72,0.08,screened_graph,True,True,False,16.472721395853096,0.5490907131951032,183.38480122513099,6.346084149248355e-15,2.5985565496884402e-14,True,3,0.9462801652440103
1497,0.72,0.08,screened_best,True,True,False,16.472721395849295,0.5490907131949765,183.38480122517177,3.1291565045965895e-15,1.483726715406109e-14,True,3,0.22807132590245516
1497,0.72,0.08,bounded_attempt,False,True,False,9.999999999999991,0.33333333333333304,224.76867912529892,0.0005498353036738192,0.028847668130654668,True,3,0.22807132590245516
1497,0.72,0.08,selected,True,True,False,16.472721395849295,0.5490907131949765,183.38480122517177,3.1291565045965895e-15,1.483726715406109e-14,True,3,0.22807132590245516
1498,0.74,0.08,baseline,True,True,False,16.91074551528469,0.5636915171761564,223.48141381216885,1.3413619579722565e-15,6.436451328138069e-15,True,3,1.360846135791787
1498,0.74,0.08,local,True,True,False,16.91074551528538,0.5636915171761794,223.48141381213983,9.558814329538546e-16,4.037977675582732e-15,True,3,1.360846135791786
1498,0.74,0.08,multistart,True,False,False,1.964295048973795,0.06547650163245983,35.48693427713082,4.563344992840996e-16,6.896500251572108e-16,True,3,1.3608461357917863
1498,0.74,0.08,graph,True,False,False,1.964295048973795,0.06547650163245983,35.48693427713192,1.1344828403584895e-14,3.7346971257391066e-14,True,3,1.360846135791786
1498,0.74,0.08,best,True,False,False,1.9642950489737898,0.06547650163245966,35.48693427713232,1.5499976654213804e-14,7.447306626627525e-14,True,3,1.3608461357917858
1498,0.74,0.08,screened_graph,True,True,False,13.58625271797044,0.45287509059901465,155.23706968728135,3.3651346236453423e-15,7.104798511472798e-14,True,3,0.22531318020353464
1498,0.74,0.08,screened_best,True,True,False,13.586252717970147,0.4528750905990049,155.23706968729095,1.423149547067619e-14,5.95596274961967e-14,True,3,0.22531318020353464
1498,0.74,0.08,bounded_attempt,False,True,False,9.999999999999991,0.33333333333333304,232.61479176706186,0.0003888930962501489,0.01971287585947598,True,3,0.22531318020353464
1498,0.74,0.08,selected,True,True,False,13.586252717970147,0.4528750905990049,155.23706968729095,1.423149547067619e-14,5.95596274961967e-14,True,3,0.22531318020353464
1499,0.76,0.08,baseline,True,True,False,14.762417868547793,0.49208059561825973,153.51884001715717,2.8402037905872067e-15,2.05705640367456e-14,True,3,1.4722915039914901
1499,0.76,0.08,local,True,True,False,14.762417868547754,0.49208059561825845,153.518840017159,4.475989973903898e-16,1.3641724022749435e-15,True,3,1.4722915039914897
1499,0.76,0.08,multistart,True,False,False,2.0604134481531635,0.06868044827177211,37.093793856454475,5.209256464834128e-16,8.563913590671102e-16,True,3,1.472291503991489
1499,0.76,0.08,graph,True,False,False,2.06041344815317,0.06868044827177233,37.09379385645527,2.0804951676132917e-14,1.0517942057695333e-13,True,3,1.4722915039914908
1499,0.76,0.08,best,True,False,False,2.0604134481531635,0.06868044827177211,37.093793856454475,5.209256464834128e-16,8.563913590671102e-16,True,3,1.472291503991489
1499,0.76,0.08,screened_graph,True,True,False,12.456611404020466,0.4152203801340155,122.79592407853279,6.658981398126023e-15,7.70234676642062e-14,True,3,0.10264975746834715
1499,0.76,0.08,screened_best,True,True,False,12.456611404020267,0.41522038013400886,122.79592407854281,2.39768656917369e-15,1.0865236060582283e-14,True,3,0.21971314628453165
1499,0.76,0.08,bounded_attempt,False,True,False,9.999999999999991,0.33333333333333304,178.8250505498176,0.0002012279288191534,0.010876777701434649,True,3,0.21971314628453165
1499,0.76,0.08,selected,True,True,False,12.456611404020267,0.41522038013400886,122.79592407854281,2.39768656917369e-15,1.0865236060582283e-14,True,3,0.21971314628453165
1500,0.78,0.08,baseline,True,True,False,11.688926018920093,0.3896308672973364,111.40009931156739,2.3555577509431258e-15,8.910934602677027e-15,True,3,1.5944550105726762
1500,0.78,0.08,local,True,True,False,11.688926018919872,0.3896308672973291,111.40009931156864,2.1810462405005095e-15,9.248034724997245e-15,True,3,1.5944550105726758
1500,0.78,0.08,multistart,True,True,True,2.190048407996037,0.0730016135998679,39.0080391949958,8.10663583290587e-16,1.0044814799550403e-15,True,3,1.5374825262980298
1500,0.78,0.08,graph,True,True,True,2.1900484079960636,0.07300161359986879,39.008039194996705,2.1984352034071597e-14,5.0534636743693007e-14,True,3,1.5374825262980298
1500,0.78,0.08,best,True,True,True,2.190048407996037,0.0730016135998679,39.0080391949946,9.751377978443277e-15,2.5889132873636864e-14,True,3,0.13112579933251212
1500,0.78,0.08,screened_graph,True,True,True,2.1900484079960636,0.07300161359986879,39.008039194996705,2.1984352034071597e-14,5.0534636743693007e-14,True,3,1.5374825262980298
1500,0.78,0.08,screened_best,True,True,True,2.190048407996037,0.0730016135998679,39.0080391949946,9.751377978443277e-15,2.5889132873636864e-14,True,3,0.13112579933251212
1500,0.78,0.08,bounded_attempt,True,True,True,2.1900484079960636,0.07300161359986879,39.00803919498941,9.867744420366659e-14,7.086664179419357e-13,True,3,0.13112579933251212
1500,0.78,0.08,selected,True,True,True,2.190048407996037,0.0730016135998679,39.0080391949946,9.751377978443277e-15,2.5889132873636864e-14,True,3,0.13112579933251212
1517,0.4,0.1,baseline,True,True,False,25.762501953566208,0.8587500651188735,1166.7949690055673,2.818011167417881e-15,2.2786308689473186e-14,True,3,0.030985110698391605
1517,0.4,0.1,local,True,True,False,25.762501953565174,0.8587500651188391,1166.794969005523,2.68828189059828e-15,2.2349647019843627e-14,True,3,0.030985110698391605
1517,0.4,0.1,multistart,True,False,False,2.77530856776135,0.092510285592045,35.10944031723646,4.779562555309583e-14,4.2288154269715856e-13,True,1,0.030985110698390717
1517,0.4,0.1,graph,True,False,False,2.7753085677656397,0.09251028559218799,34.1576020776285,3.478667591481006e-14,3.0588266204647816e-13,True,1,0.030985110698391605
1517,0.4,0.1,best,True,False,False,2.77530856776135,0.092510285592045,35.10944031723646,4.779562555309583e-14,4.2288154269715856e-13,True,1,0.030985110698390717
1517,0.4,0.1,screened_graph,True,True,False,25.762501953566208,0.8587500651188735,1166.794969005537,6.223085401529773e-15,4.880242781361311e-14,True,3,0.030985110698384055
1517,0.4,0.1,screened_best,True,True,False,25.762501953563536,0.8587500651187845,1166.7949690053767,1.015129585838101e-14,8.415433727879337e-14,True,3,0.03098511069839338
1517,0.4,0.1,bounded_attempt,False,True,False,9.999999999999991,0.33333333333333304,425.52559057512394,0.0003362304200316115,0.010315429923854015,True,3,0.030985110698507068
1517,0.4,0.1,selected,True,True,False,25.762501953563536,0.8587500651187845,1166.7949690053767,1.015129585838101e-14,8.415433727879337e-14,True,3,0.03098511069839338
1518,0.42,0.1,baseline,True,True,False,45.06321470789489,1.5021071569298297,1061.9014716636436,4.465133746853626e-15,4.5896212117252636e-14,True,5,0.0960302851164272
1518,0.42,0.1,local,True,True,False,45.06321470789577,1.502107156929859,1061.9014716636968,4.459091088870944e-15,4.559369847004151e-14,True,5,0.0960302851164272
1518,0.42,0.1,multistart,True,False,False,2.457351020321652,0.0819117006773884,32.978461034991604,5.003495853310487e-15,5.6629247992437794e-14,True,1,0.09603028511642586
1518,0.42,0.1,graph,True,False,False,2.4573510203216786,0.08191170067738929,32.978461034992804,1.0399094141815321e-14,1.0087463950166561e-13,True,1,0.0960302851164272
1518,0.42,0.1,best,True,False,False,2.457351020321652,0.0819117006773884,32.978461034991604,5.003495853310487e-15,5.6629247992437794e-14,True,1,0.09603028511642586
1518,0.42,0.1,screened_graph,True,True,False,10.196702198811987,0.3398900732937329,480.65258649336374,9.71549224380271e-15,5.4058790749864004e-14,True,5,0.0960302851164263
1518,0.42,0.1,screened_best,True,True,False,10.196702198811987,0.3398900732937329,480.65258649336374,9.71549224380271e-15,5.4058790749864004e-14,True,5,0.0960302851164263
1518,0.42,0.1,bounded_attempt,True,True,True,9.999999999999991,0.33333333333333304,468.8683134849698,1.6218042840344945e-06,5.230674787273094e-05,True,5,0.09603028511605816
1518,0.42,0.1,selected,True,True,True,9.999999999999991,0.33333333333333304,468.8683134849698,1.6218042840344945e-06,5.230674787273094e-05,True,5,0.09603028511605816
1519,0.44,0.1,baseline,True,True,False,35.3001620249196,1.1766720674973201,713.3178157740083,2.621543135931853e-15,1.3338162338433165e-14,True,5,0.16205931682497798
1519,0.44,0.1,local,True,True,False,35.30016202491991,1.1766720674973303,713.3178157740211,2.7007276859453914e-15,1.3397065299951043e-14,True,5,0.16205931682497798
1519,0.44,0.1,multistart,True,False,False,2.2025684693098624,0.07341894897699541,32.05189730015512,7.89402190734152e-15,4.472083363980361e-14,True,1,0.16205931682497843
1519,0.44,0.1,graph,True,False,False,2.2025684693099024,0.07341894897699675,32.05189730015152,7.24207805933704e-15,7.275282538466541e-14,True,1,0.16205931682497798
1519,0.44,0.1,best,True,False,False,2.2025684693098624,0.07341894897699541,32.05189730015512,7.89402190734152e-15,4.472083363980361e-14,True,1,0.16205931682497843
1519,0.44,0.1,screened_graph,True,True,False,22.60529406413763,0.7535098021379211,1032.2875404868958,4.1191555942998253e-16,9.826061603177365e-16,True,3,0.16205931682497798
1519,0.44,0.1,screened_best,True,True,False,22.60529406413763,0.7535098021379211,1032.2875404868958,4.1191555942998253e-16,9.826061603177365e-16,True,3,0.16205931682497798
1519,0.44,0.1,bounded_attempt,False,True,False,9.999999999999996,0.3333333333333332,590.352130582491,0.0003078134084642476,0.010758679669297878,True,3,0.1620593168249571
1519,0.44,0.1,selected,True,True,False,22.60529406413763,0.7535098021379211,1032.2875404868958,4.1191555942998253e-16,9.826061603177365e-16,True,3,0.16205931682497798
1520,0.46,0.1,baseline,True,True,False,29.950644761292644,0.9983548253764214,523.1430419226093,1.2827761084789717e-15,9.01198650249344e-15,True,5,0.22910176038057983
1520,0.46,0.1,local,True,True,False,29.950644761292388,0.998354825376413,523.1430419226009,1.2851760658783268e-15,8.223123963125593e-15,True,5,0.22910176038057983
1520,0.46,0.1,multistart,True,False,False,2.096073055687555,0.06986910185625184,31.33217571575897,6.389150235301569e-15,4.271446613142096e-14,True,4,0.2291017603805794
1520,0.46,0.1,graph,True,False,False,2.0960730556875884,0.06986910185625295,31.33217571575937,5.323597003802044e-15,7.479671662242393e-14,True,4,0.2291017603805794
1520,0.46,0.1,best,True,False,False,2.096073055687555,0.06986910185625184,31.33217571575897,6.389150235301569e-15,4.271446613142096e-14,True,4,0.2291017603805794
1520,0.46,0.1,screened_graph,True,True,False,29.95064476128798,0.998354825376266,523.1430419223324,3.1465569529417232e-15,1.2840595187351433e-14,True,5,0.22910176038057983
1520,0.46,0.1,screened_best,True,True,False,29.95064476128798,0.998354825376266,523.1430419223324,3.1465569529417232e-15,1.2840595187351433e-14,True,5,0.22910176038057983
1520,0.46,0.1,bounded_attempt,False,True,False,9.999999999999995,0.33333333333333315,241.93990945800357,0.0026998387905685607,0.10588223740164647,True,5,0.2291017603805785
1520,0.46,0.1,selected,True,True,False,29.95064476128798,0.998354825376266,523.1430419223324,3.1465569529417232e-15,1.2840595187351433e-14,True,5,0.22910176038057983
1521,0.48,0.1,baseline,True,True,False,27.723253133900418,0.9241084377966806,407.85304197531246,1.4341872892358123e-15,1.3145727891008597e-14,True,5,0.2972196338137505
1521,0.48,0.1,local,True,True,False,27.72325313390047,0.9241084377966824,407.85304197531525,1.4341872892358123e-15,1.2531230434886426e-14,True,5,0.2972196338137505
1521,0.48,0.1,multistart,True,False,False,2.022203762992363,0.06740679209974543,30.785932738103796,5.365160663839586e-15,3.287216017611617e-14,True,4,0.2972196338137505
1521,0.48,0.1,graph,True,False,False,2.022203762992363,0.06740679209974543,30.785932738103995,5.33320695113952e-15,6.472044765332249e-14,True,4,0.2972196338137505
1521,0.48,0.1,best,True,False,False,2.0222037629923495,0.06740679209974498,30.785932738103796,5.122257452663877e-15,3.867126293030372e-14,True,4,0.2972196338137505
1521,0.48,0.1,screened_graph,True,True,False,27.72325313389211,0.9241084377964037,407.85304197506366,6.286500016609089e-16,4.56845546322238e-15,True,5,0.2972196338137505
1521,0.48,0.1,screened_best,True,True,False,27.723253133892058,0.924108437796402,407.8530419750609,2.6325398974912097e-15,4.175765299244907e-14,True,5,0.2972196338137505
1521,0.48,0.1,bounded_attempt,False,True,False,9.999999999999995,0.33333333333333315,221.9715966394579,0.0022395107661065195,0.09139755299888909,True,5,0.29721963381375005
1521,0.48,0.1,selected,True,True,False,27.723253133892058,0.924108437796402,407.8530419750609,2.6325398974912097e-15,4.175765299244907e-14,True,5,0.2972196338137505
1522,0.5,0.1,baseline,True,True,False,23.521968434127505,0.7840656144709168,375.104836951326,1.2948057833470968e-15,1.0665789399580059e-14,True,5,0.3665015159086007
1522,0.5,0.1,local,True,True,False,23.52196843412761,0.7840656144709204,375.10483695133,1.3127536380592129e-15,1.0997737535206137e-14,True,5,0.3665015159086007
1522,0.5,0.1,multistart,True,False,False,1.954002873075995,0.06513342910253317,30.38898290585155,4.4588319348137574e-15,4.041532306747506e-14,True,4,0.3665015159086007
1522,0.5,0.1,graph,True,False,False,1.954002873076015,0.06513342910253384,30.38898290585155,6.850526456694193e-15,3.727011899068469e-14,True,4,0.36650151590860025
1522,0.5,0.1,best,True,False,False,1.954002873075995,0.06513342910253317,30.38898290585155,4.4588319348137574e-15,4.041532306747506e-14,True,4,0.3665015159086007
1522,0.5,0.1,screened_graph,True,True,False,23.52196843412759,0.7840656144709197,375.10483695132797,2.4835037038225095e-16,7.670694439292749e-16,True,5,0.3665015159085998
1522,0.5,0.1,screened_best,True,True,False,23.521968434126418,0.7840656144708806,375.10483695129693,3.032479232980858e-15,1.2716607412344063e-14,True,5,0.07540276470066587
1522,0.5,0.1,bounded_attempt,False,True,False,9.999999999999995,0.33333333333333315,176.0932373021529,0.0018477687176917494,0.07826446141134039,True,5,0.05401939441218051
1522,0.5,0.1,selected,True,True,False,23.521968434126418,0.7840656144708806,375.10483695129693,3.032479232980858e-15,1.2716607412344063e-14,True,5,0.07540276470066587
1523,0.52,0.1,baseline,True,True,False,25.421043086113894,0.8473681028704632,329.19340713397366,3.379462171739212e-16,3.269625097701147e-15,True,5,0.43678198092498244
1523,0.52,0.1,local,True,True,False,25.421043086114068,0.8473681028704689,329.1934071339805,2.9010883917888854e-16,3.0608620926711203e-15,True,5,0.43678198092498244
1523,0.52,0.1,multistart,True,False,False,1.890072401879277,0.0630024133959759,30.124080601819927,5.4653117654430765e-15,2.799222624732857e-14,True,4,0.436781980924982
1523,0.52,0.1,graph,True,False,False,1.890072401879297,0.06300241339597656,30.124080601819127,6.6768314492515586e-15,4.075800434251036e-14,True,4,0.4367819809249829
1523,0.52,0.1,best,True,False,False,1.8900724018792703,0.06300241339597568,30.124080601819525,3.1799520708660347e-15,1.8146338556036955e-14,True,4,0.43678198092498155
1523,0.52,0.1,screened_graph,True,True,False,25.421043086114,0.8473681028704667,329.1934071340202,3.750598927345388e-15,2.474987439828758e-14,True,5,0.07878803923771915
1523,0.52,0.1,screened_best,True,True,False,25.421043086112203,0.8473681028704068,329.19340713396286,1.5359269477680002e-15,1.223046731024138e-14,True,5,0.07878803923771294
1523,0.52,0.1,bounded_attempt,False,True,False,9.999999999999991,0.33333333333333304,184.04998809409926,0.0016371024587782813,0.07157357305609767,True,5,0.054452741343412825
1523,0.52,0.1,selected,True,True,False,25.421043086112203,0.8473681028704068,329.19340713396286,1.5359269477680002e-15,1.223046731024138e-14,True,5,0.07878803923771294
1524,0.54,0.1,baseline,True,True,False,25.46360739300264,0.848786913100088,335.73477083127966,1.3380375466713835e-15,1.5149250200170634e-14,True,5,0.484877077934212
1524,0.54,0.1,local,True,True,False,25.46360739300235,0.8487869131000783,335.7347708312684,1.3375336726009194e-15,1.5024786445789805e-14,True,5,0.484877077934212
1524,0.54,0.1,multistart,True,False,False,1.8292216381131876,0.06097405460377292,29.979400117679145,6.65468505199458e-15,3.6039052735534316e-14,True,4,0.5078759430280186
1524,0.54,0.1,graph,True,False,False,1.829221638113201,0.060974054603773364,29.979400117679546,7.24022956758306e-15,3.938255660916155e-14,True,4,0.5078759430280186
1524,0.54,0.1,best,True,False,False,1.8292216381131876,0.06097405460377292,29.979400117679145,6.65468505199458e-15,3.6039052735534316e-14,True,4,0.5078759430280186
1524,0.54,0.1,screened_graph,True,True,False,25.463607393002203,0.8487869131000734,335.734770831265,1.601246556581068e-15,8.396529161696677e-15,True,5,0.5078759430280182
1524,0.54,0.1,screened_best,True,True,False,25.463607393001162,0.8487869131000387,335.7347708312325,3.815760786470701e-15,3.537217890803038e-14,True,5,0.5078759430280182
1524,0.54,0.1,bounded_attempt,False,True,False,9.999999999999998,0.33333333333333326,245.80500050863822,0.0015316835353444567,0.06967887454214976,True,5,0.5078759430280182
1524,0.54,0.1,selected,True,True,False,25.463607393001162,0.8487869131000387,335.7347708312325,3.815760786470701e-15,3.537217890803038e-14,True,5,0.5078759430280182
1525,0.56,0.1,baseline,True,True,False,24.943607038640906,0.8314535679546968,386.66070535600153,1.5940136058484822e-15,9.143579352768252e-15,True,5,0.44173886317226607
1525,0.56,0.1,local,True,True,False,24.94360703864105,0.8314535679547017,386.66070535600113,1.518270578795849e-15,9.345342948759879e-15,True,5,0.44173886317226696
1525,0.56,0.1,multistart,True,False,False,1.7703894831404177,0.059012982771347255,29.947544861189314,1.653321617250801e-15,5.695596124515418e-14,True,4,0.01576980792360505
1525,0.56,0.1,graph,True,False,False,1.7703894831404376,0.05901298277134792,29.947544861189314,8.253912737652145e-15,4.577774602663573e-14,True,4,0.580617765355814
1525,0.56,0.1,best,True,False,False,1.7703894831404177,0.059012982771347255,29.947544861189314,1.653321617250801e-15,5.695596124515418e-14,True,4,0.01576980792360505
1525,0.56,0.1,screened_graph,True,True,False,24.943607038633566,0.8314535679544521,386.66070535554707,1.3955459533863378e-15,9.234780343128302e-15,True,5,0.5394567351108401
1525,0.56,0.1,screened_best,True,True,False,24.943607038631093,0.8314535679543698,386.66070535553865,2.3690404071984175e-15,8.512617571040694e-15,True,5,0.5806177653558144
1525,0.56,0.1,bounded_attempt,False,True,False,9.999999999999998,0.33333333333333326,155.74961917434297,0.00148315940106367,0.06895645804938362,True,5,0.5806177653558153
1525,0.56,0.1,selected,True,True,False,24.943607038631093,0.8314535679543698,386.66070535553865,2.3690404071984175e-15,8.512617571040694e-15,True,5,0.5806177653558144
1526,0.58,0.1,baseline,True,True,False,24.786523324902667,0.8262174441634222,427.9640439423953,2.822074681157481e-15,2.815347070061958e-14,True,5,0.3906641590234834
1526,0.58,0.1,local,True,True,False,24.786523324903055,0.8262174441634351,427.9640439424088,2.822074681157481e-15,2.8394575977164634e-14,True,5,0.3906641590234834
1526,0.58,0.1,multistart,True,False,False,1.7125779354487758,0.05708593118162586,30.024958329224027,1.0021610275608228e-14,5.386842086238162e-14,True,4,0.6551852244622107
1526,0.58,0.1,graph,True,False,False,1.7125779354488024,0.05708593118162675,30.02495832922363,1.0242070663050926e-14,5.5930366784902154e-14,True,4,0.655185224462211
1526,0.58,0.1,best,True,False,False,1.7125779354487758,0.05708593118162586,30.024958329223526,9.064182315883862e-15,8.709265172287474e-15,True,4,0.6551852244622101
1526,0.58,0.1,screened_graph,True,True,False,24.786523324901896,0.8262174441633965,427.96404394234247,3.151090695224662e-15,3.622379769397893e-14,True,5,0.05446112405468906
1526,0.58,0.1,screened_best,True,True,False,24.786523324899264,0.8262174441633088,427.9640439422638,1.1687042040479822e-15,7.80758040722324e-15,True,5,0.6551852244622101
1526,0.58,0.1,bounded_attempt,False,True,False,9.999999999999998,0.33333333333333326,140.5282921874771,0.0014724927662329366,0.06973230757902889,True,5,0.6551852244622107
1526,0.58,0.1,selected,True,True,False,24.786523324899264,0.8262174441633088,427.9640439422638,1.1687042040479822e-15,7.80758040722324e-15,True,5,0.6551852244622101
1527,0.6,0.1,baseline,True,True,False,28.482573267070634,0.9494191089023545,511.2222398121043,1.3575427668343072e-15,9.190931035034947e-15,True,5,0.33310514943360836
1527,0.6,0.1,local,True,True,False,28.482573267071196,0.9494191089023731,511.2222398121261,1.3575427668343072e-15,9.190931035034947e-15,True,5,0.33310514943360836
1527,0.6,0.1,multistart,True,False,False,1.7053290032329527,0.05684430010776509,30.211663206904273,9.137245519421109e-15,5.4809655429035276e-14,True,3,0.7317965287967998
1527,0.6,0.1,graph,True,False,False,1.7053290032329578,0.056844300107765255,30.21166320690397,1.1321011144918764e-14,6.753297626044119e-14,True,3,0.7317965287967994
1527,0.6,0.1,best,True,False,False,1.7053290032329527,0.05684430010776509,30.21166320690417,9.888155106826105e-15,1.3452138569204524e-14,True,3,0.7317965287967996
1527,0.6,0.1,screened_graph,True,True,False,28.482573267071533,0.9494191089023845,511.22223981209964,3.5235372558691466e-15,1.2962791717918442e-14,True,5,0.7317965287968
1527,0.6,0.1,screened_best,True,True,False,28.482573267070634,0.9494191089023545,511.2222398121043,1.3575427668343072e-15,9.190931035034947e-15,True,5,0.33310514943360836
1527,0.6,0.1,bounded_attempt,False,True,False,9.999999999999991,0.33333333333333304,140.709731630681,0.0015894859095336687,0.07641579827623181,True,5,0.3943134635071015
1527,0.6,0.1,selected,True,True,False,28.482573267070634,0.9494191089023545,511.2222398121043,1.3575427668343072e-15,9.190931035034947e-15,True,5,0.33310514943360836
1528,0.62,0.1,baseline,True,True,False,32.76636337471664,1.0922121124905546,671.2423085068243,2.340208193699771e-15,8.133564223085336e-15,True,5,0.271692173921382
1528,0.62,0.1,local,True,True,False,32.76636337471658,1.0922121124905528,671.2423085068458,2.2343238370581275e-15,1.1111943039196624e-14,True,5,0.271692173921382
1528,0.62,0.1,multistart,True,False,False,1.7171830233932317,0.05723943411310772,30.51130059649574,4.118313910115614e-15,1.5455725365416055e-14,True,3,0.8107187262576507
1528,0.62,0.1,graph,True,False,False,1.7171830233932317,0.05723943411310772,30.51130059649574,4.118313910115614e-15,1.5455725365416055e-14,True,3,0.8107187262576507
1528,0.62,0.1,best,True,False,False,1.7171830233932317,0.05723943411310772,30.51130059649534,1.1736449333572956e-14,1.9750487897701816e-14,True,3,0.8107187262576505
1528,0.62,0.1,screened_graph,True,True,False,13.508904896750868,0.4502968298916956,608.9548662832266,1.682017652875579e-14,1.6048401749611217e-13,True,3,0.09673367171939073
1528,0.62,0.1,screened_best,True,True,False,13.508904896750868,0.4502968298916956,608.9548662832266,1.682017652875579e-14,1.6048401749611217e-13,True,3,0.09673367171939073
1528,0.62,0.1,bounded_attempt,False,True,False,9.999999999999991,0.33333333333333304,503.53644071968057,4.45911023307733e-05,0.0022919043378966703,True,3,0.09673367171929304
1528,0.62,0.1,selected,True,True,False,13.508904896750868,0.4502968298916956,608.9548662832266,1.682017652875579e-14,1.6048401749611217e-13,True,3,0.09673367171939073
1529,0.64,0.1,baseline,True,True,False,36.92160642010667,1.2307202140035556,892.3917085043508,1.8965407362188667e-15,8.70642089918005e-15,True,5,0.2097125117902907
1529,0.64,0.1,local,True,True,False,36.92160642010669,1.2307202140035565,892.3917085043526,1.8965407362188667e-15,8.70642089918005e-15,True,5,0.2097125117902907
1529,0.64,0.1,multistart,True,False,False,1.7357009988072036,0.05785669996024012,30.931484282018484,4.920884308411405e-15,3.109874109275446e-14,True,3,0.8922802625434152
1529,0.64,0.1,graph,True,False,False,1.735700998807217,0.057856699960240565,30.931484282018484,5.786392678640182e-15,3.800942216958733e-14,True,3,0.892280262543415
1529,0.64,0.1,best,True,False,False,1.7357009988072036,0.05785669996024012,30.931484282018484,9.008921241451227e-15,5.695820985636847e-14,True,3,0.8922802625434165
1529,0.64,0.1,screened_graph,True,True,False,12.279691929248525,0.40932306430828413,500.502129250806,4.938973124717526e-15,7.557279605324402e-14,True,5,0.1597781220462995
1529,0.64,0.1,screened_best,True,True,False,12.279691929248525,0.40932306430828413,500.502129250806,4.938973124717526e-15,7.557279605324402e-14,True,5,0.1597781220462995
1529,0.64,0.1,bounded_attempt,False,True,False,9.999999999999991,0.33333333333333304,432.26742909950406,3.411931690152412e-05,0.0018185637395127744,True,5,0.15977812204677466
1529,0.64,0.1,selected,True,True,False,12.279691929248525,0.40932306430828413,500.502129250806,4.938973124717526e-15,7.557279605324402e-14,True,5,0.1597781220462995
1530,0.66,0.1,baseline,True,True,False,30.805799535068378,1.0268599845022792,1554.6453969176353,3.5354328361705813e-16,6.7884453058767e-16,True,3,0.9768894933643426
1530,0.66,0.1,local,True,True,False,30.805799535068978,1.0268599845022992,1554.6453969176662,3.5354328361705813e-16,6.7884453058767e-16,True,3,0.9768894933643426
1530,0.66,0.1,multistart,True,False,False,1.7616398795512778,0.058721329318375926,31.484531288566366,2.748853132455221e-15,1.2826396636300709e-14,True,3,0.9768894933643422
1530,0.66,0.1,graph,True,False,False,1.761639879551291,0.05872132931837637,31.484531288565567,1.2052768828706326e-14,6.572298452661363e-14,True,3,0.9768894933643415
1530,0.66,0.1,best,True,False,False,1.7616398795512778,0.058721329318375926,31.484531288565567,3.922973489536926e-15,1.2471252219640397e-14,True,3,0.9768894933643426
1530,0.66,0.1,screened_graph,True,True,False,30.805799535049957,1.0268599845016653,1554.645396916522,1.86649797117545e-15,1.4638894103367043e-14,True,3,0.9768894933643422
1530,0.66,0.1,screened_best,True,True,False,30.805799535049957,1.0268599845016653,1554.645396916522,1.86649797117545e-15,1.4638894103367043e-14,True,3,0.9768894933643422
1530,0.66,0.1,bounded_attempt,False,True,False,9.999999999999991,0.33333333333333304,438.1300201009403,0.00011878553596970687,0.006262961212562421,True,3,0.9768894933643417
1530,0.66,0.1,selected,True,True,False,30.805799535049957,1.0268599845016653,1554.645396916522,1.86649797117545e-15,1.4638894103367043e-14,True,3,0.9768894933643422
1531,0.68,0.1,baseline,True,True,False,10.56335520951603,0.352111840317201,392.60619104611186,8.968100940422724e-16,5.968481433611406e-15,True,5,1.0650622873466495
1531,0.68,0.1,local,True,True,False,10.56335520951599,0.35211184031719966,392.6061910461098,8.968100940422724e-16,5.968481433611406e-15,True,5,1.0650622873466495
1531,0.68,0.1,multistart,True,False,False,1.7961399197766603,0.05987133065922201,32.18868326820106,7.922952910902239e-15,4.3409324430194613e-14,True,3,1.0650622873466487
1531,0.68,0.1,graph,True,False,False,1.7961399197766603,0.05987133065922201,32.18868326820166,8.905712831649736e-15,3.9044670906767844e-14,True,3,1.0650622873466489
1531,0.68,0.1,best,True,False,False,1.7961399197766603,0.05987133065922201,32.18868326820106,8.553064257539145e-15,5.268860418383148e-14,True,3,1.0650622873466498
1531,0.68,0.1,screened_graph,True,True,False,10.56335520951603,0.352111840317201,392.60619104611186,8.968100940422724e-16,5.968481433611406e-15,True,5,1.0650622873466495
1531,0.68,0.1,screened_best,True,True,False,10.563355209515285,0.35211184031717613,392.6061910460815,2.0102324138173447e-15,7.681831919814017e-15,True,5,1.0650622873466498
1531,0.68,0.1,bounded_attempt,True,True,True,9.999999999999991,0.33333333333333304,358.8048784948721,5.3749353345913176e-06,0.0003041012728916248,True,5,1.0650622873466498
1531,0.68,0.1,selected,True,True,True,9.999999999999991,0.33333333333333304,358.8048784948721,5.3749353345913176e-06,0.0003041012728916248,True,5,1.0650622873466498
1532,0.7000000000000001,0.1,baseline,True,True,False,41.77989261008335,1.3926630870027783,1755.133617669741,7.468261590855957e-16,2.7164955431458127e-15,True,5,1.1574642873752958
1532,0.7000000000000001,0.1,local,True,True,False,41.779892610083685,1.3926630870027894,1755.1336176697585,7.348678496207199e-16,2.442875638810789e-15,True,5,1.1574642873752956
1532,0.7000000000000001,0.1,multistart,True,False,False,1.8408911893063868,0.061363039643546224,33.069979746434,5.164700352369266e-16,8.181612293084714e-16,True,3,1.157464287375297
1532,0.7000000000000001,0.1,graph,True,False,False,1.8408911893063902,0.061363039643546335,33.0699797464339,1.1997580325582812e-14,4.816935417907449e-14,True,3,1.1574642873752956
1532,0.7000000000000001,0.1,best,True,False,False,1.840891189306375,0.061363039643545836,33.0699797464344,8.78354342217387e-15,5.2835587961523654e-14,True,3,1.157464287375296
1532,0.7000000000000001,0.1,screened_graph,True,True,False,33.14472765972473,1.1048242553241576,578.1651779232697,1.629857408576994e-15,8.994711055281315e-15,True,3,0.8368628682353823
1532,0.7000000000000001,0.1,screened_best,True,True,False,33.144727659723465,1.1048242553241154,578.1651779232221,1.3750310772830651e-14,5.653027092404284e-14,True,3,0.8368628682353831
1532,0.7000000000000001,0.1,bounded_attempt,False,True,False,10.0,0.3333333333333333,186.95112775240457,0.00126982451059733,0.06660307190788481,True,3,0.8368628682353823
1532,0.7000000000000001,0.1,selected,True,True,False,33.144727659723465,1.1048242553241154,578.1651779232221,1.3750310772830651e-14,5.653027092404284e-14,True,3,0.8368628682353831
1533,0.72,0.1,baseline,True,True,False,30.236408128370126,1.007880270945671,693.7920004662483,4.496231915753894e-15,1.640819724245665e-14,True,3,1.2546193361101086
1533,0.72,0.1,local,True,True,False,30.2364081283703,1.0078802709456767,693.7920004662548,4.496231915753894e-15,1.640819724245665e-14,True,3,1.2546193361101086
1533,0.72,0.1,multistart,True,False,False,1.8984247634416307,0.06328082544805436,34.164882413563916,5.721958498152797e-16,6.233525514043215e-16,True,3,1.25461933611011
1533,0.72,0.1,graph,True,False,False,1.898424763441644,0.0632808254480548,34.164882413563916,1.8237356388684074e-14,8.707769590030426e-14,True,3,1.2546193361101092
1533,0.72,0.1,best,True,False,False,1.8984247634416307,0.06328082544805436,34.164882413563916,5.721958498152797e-16,6.233525514043215e-16,True,3,1.25461933611011
1533,0.72,0.1,screened_graph,True,True,False,23.717462535482802,0.7905820845160934,412.64215392259894,4.714375875106701e-15,1.557949401088346e-13,True,3,0.024209938455068247
1533,0.72,0.1,screened_best,True,True,False,23.717462535478596,0.7905820845159532,412.6421539224445,6.916653802134305e-16,4.8988683871173186e-15,True,3,0.8977347576800616
1533,0.72,0.1,bounded_attempt,False,True,False,9.999999999999998,0.33333333333333326,230.73778488507875,0.0010774511417987963,0.05720034110377804,True,3,0.8977347576800607
1533,0.72,0.1,selected,True,True,False,23.717462535478596,0.7905820845159532,412.6421539224445,6.916653802134305e-16,4.8988683871173186e-15,True,3,0.8977347576800616
1534,0.74,0.1,baseline,True,True,False,27.03545585018408,0.9011818616728026,402.94669658867025,1.5396215689421248e-15,8.464702085811832e-15,True,3,1.3579204954329993
1534,0.74,0.1,local,True,True,False,27.035455850188246,0.9011818616729416,402.9466965889073,3.3564241038562612e-15,2.043229390044033e-14,True,3,1.3579204954329995
1534,0.74,0.1,multistart,True,False,False,1.972650239399587,0.06575500797998624,35.52302395584821,6.822736016865924e-16,8.991040147267585e-16,True,3,1.357920495432999
1534,0.74,0.1,graph,True,False,False,1.9726502393996004,0.06575500797998668,35.52302395584861,5.6869982383591794e-15,1.4263066472848683e-14,True,3,1.3579204954329995
1534,0.74,0.1,best,True,False,False,1.972650239399587,0.06575500797998624,35.52302395584821,6.822736016865924e-16,8.991040147267585e-16,True,3,1.357920495432999
1534,0.74,0.1,screened_graph,True,True,False,19.79598977697573,0.659866325899191,267.96321747258924,5.864921261172265e-15,3.3332855234364246e-13,True,3,0.05651665301023545
1534,0.74,0.1,screened_best,True,True,False,19.79598977697306,0.659866325899102,267.9632174725117,2.4128201416379415e-15,1.8523390029406546e-14,True,3,0.9691992718912807
1534,0.74,0.1,bounded_attempt,False,True,False,9.999999999999998,0.33333333333333326,211.50602431961676,0.000815786854082842,0.04587920187816933,True,3,0.9691992718912807
1534,0.74,0.1,selected,True,True,False,19.79598977697306,0.659866325899102,267.9632174725117,2.4128201416379415e-15,1.8523390029406546e-14,True,3,0.9691992718912807
1535,0.76,0.1,baseline,True,True,False,18.63293941178821,0.6210979803929404,271.37223404912953,1.2913242404985195e-15,5.402552723986257e-15,True,3,1.4692373787858535
1535,0.76,0.1,local,True,True,False,18.632939411790563,0.6210979803930188,271.372234049273,1.2353764754847225e-15,6.083968687362346e-15,True,3,1.4692373787858526
1535,0.76,0.1,multistart,True,False,False,2.0699301198574194,0.06899767066191398,37.20487955330082,4.537421195513984e-16,5.172926636533007e-16,True,3,1.4692373787858546
1535,0.76,0.1,graph,True,False,False,2.069930119857446,0.06899767066191487,37.20487955330212,9.141357399109873e-15,1.9383876812143675e-14,True,3,1.4692373787858528
1535,0.76,0.1,best,True,False,False,2.0699301198574194,0.06899767066191398,37.20487955330052,5.618790493813394e-16,7.915511096308168e-16,True,3,1.4692373787858535
1535,0.76,0.1,screened_graph,True,True,False,16.09401852638296,0.5364672842127653,183.8486583144851,4.274358644806853e-15,2.328215304248075e-13,True,3,0.0799609445028322
1535,0.76,0.1,screened_best,True,True,False,16.094018526381614,0.5364672842127205,183.84865831435403,6.107428995834732e-15,5.743742803739044e-14,True,3,0.07996094450287039
1535,0.76,0.1,bounded_attempt,False,True,False,9.999999999999991,0.33333333333333304,197.71144564358113,0.0006292192507868009,0.034061367356711496,True,3,0.07996094450281177
1535,0.76,0.1,selected,True,True,False,16.094018526381614,0.5364672842127205,183.84865831435403,6.107428995834732e-15,5.743742803739044e-14,True,3,0.07996094450287039
1536,0.78,0.1,baseline,True,True,False,15.318750354142512,0.5106250118047504,165.83434315057025,6.474192531711275e-15,2.820127314511704e-14,True,3,1.5911978454473943
1536,0.78,0.1,local,True,True,False,15.318750354141645,0.5106250118047215,165.83434315057295,7.771561172376096e-16,4.208558481420629e-15,True,3,1.5911978454473934
1536,0.78,0.1,multistart,True,False,False,2.2069476383384767,0.07356492127794922,39.238395052443224,5.922092897556705e-16,8.565600092092028e-16,True,3,0.09971240554446759
1536,0.78,0.1,graph,True,False,False,2.2069476383384803,0.07356492127794934,39.23839505244292,1.887402739056654e-14,1.148950053073811e-13,True,3,0.7591594119521234
1536,0.78,0.1,best,True,False,False,2.2069476383384767,0.07356492127794922,39.238395052443224,5.922092897556705e-16,8.565600092092028e-16,True,3,0.09971240554446759
1536,0.78,0.1,screened_graph,True,True,False,12.891245774785856,0.42970819249286185,131.78361957721756,7.686753706399037e-15,1.2024140716525432e-13,True,3,0.09654231430860616
1536,0.78,0.1,screened_best,True,True,False,12.89124577478411,0.4297081924928037,131.78361957726275,3.4707789638859578e-15,1.916181485814863e-13,True,3,0.09654231430860616
1536,0.78,0.1,bounded_attempt,False,True,False,9.999999999999991,0.33333333333333304,125.60437131280882,0.00032418625831275705,0.01684869343849612,True,3,0.09654231430860527
1536,0.78,0.1,selected,True,True,False,12.89124577478411,0.4297081924928037,131.78361957726275,3.4707789638859578e-15,1.916181485814863e-13,True,3,0.09654231430860616
1537,0.8,0.1,baseline,True,True,False,11.395835789787785,0.3798611929929262,100.13595530301443,3.2212016652765893e-15,1.8520933751283767e-14,True,3,1.7281965008201232
1537,0.8,0.1,local,True,True,False,11.39583578978775,0.379861192992925,100.135955303013,3.4351449630996948e-15,2.0554536942790594e-14,True,3,1.7281965008201232
1537,0.8,0.1,multistart,True,True,True,3.086396389511125,0.10287987965037082,41.788066827486325,6.5055895746579635e-15,1.5164739505723537e-14,True,2,0.6885624891693354
1537,0.8,0.1,graph,True,True,True,3.086396389511145,0.10287987965037149,41.20669972333684,5.8745185591244095e-15,1.3555011579722417e-14,True,2,0.7020642293192525
1537,0.8,0.1,best,True,True,True,3.086396389510392,0.1028798796503464,41.20669972328358,1.1353050432302224e-14,3.092985708065983e-14,True,2,1.7281965008201223
1537,0.8,0.1,screened_graph,True,True,True,3.086396389511145,0.10287987965037149,41.20669972333684,5.8745185591244095e-15,1.3555011579722417e-14,True,2,0.7020642293192525
1537,0.8,0.1,screened_best,True,True,True,3.086396389510392,0.1028798796503464,41.20669972328358,1.1353050432302224e-14,3.092985708065983e-14,True,2,1.7281965008201223
1537,0.8,0.1,bounded_attempt,True,True,True,3.0863963895196944,0.10287987965065648,41.20669972320364,1.3756850648379087e-13,6.095340022134777e-13,True,2,1.7281965008201234
1537,0.8,0.1,selected,True,True,True,3.086396389510392,0.1028798796503464,41.20669972328358,1.1353050432302224e-14,3.092985708065983e-14,True,2,1.7281965008201223
1553,0.4,0.12,baseline,True,True,False,24.84381476263154,0.8281271587543846,451.44103026502916,8.206080387097779e-15,2.3650299809789245e-14,True,5,0.027841600122362475
1553,0.4,0.12,local,True,True,False,24.843814762631403,0.8281271587543801,451.44103026502506,8.162074339303091e-15,2.3304374623869448e-14,True,5,0.027841600122362475
1553,0.4,0.12,multistart,True,False,False,2.82896157986257,0.09429871932875233,36.0359661125738,2.935947689772285e-14,2.279653729379826e-13,True,1,0.027841600122524568
1553,0.4,0.12,graph,True,False,False,2.8289615798638357,0.09429871932879452,36.0359661125842,3.2742934605354387e-14,2.5724324444091137e-13,True,1,0.027841600122544108
1553,0.4,0.12,best,True,False,False,2.82896157986257,0.09429871932875233,36.0359661125738,2.935947689772285e-14,2.279653729379826e-13,True,1,0.027841600122524568
1553,0.4,0.12,screened_graph,True,True,False,24.843814762630704,0.8281271587543567,451.4410302649807,2.190405596563678e-15,1.1928552812194259e-14,True,5,0.027841600122362475
1553,0.4,0.12,screened_best,True,True,False,24.843814762630704,0.8281271587543567,451.4410302649807,2.190405596563678e-15,1.1928552812194259e-14,True,5,0.027841600122362475
1553,0.4,0.12,bounded_attempt,False,True,False,9.999999999999998,0.33333333333333326,194.5694471033143,0.0037261950483668815,0.1169620409875768,True,5,0.02784160012230341
1553,0.4,0.12,selected,True,True,False,24.843814762630704,0.8281271587543567,451.4410302649807,2.190405596563678e-15,1.1928552812194259e-14,True,5,0.027841600122362475
1554,0.42,0.12,baseline,True,True,False,22.98427213488941,0.7661424044963137,266.45395282836085,2.9972166475915323e-15,1.8533977858251923e-14,True,5,0.0944246703284013
1554,0.42,0.12,local,True,True,False,22.98427213488929,0.7661424044963097,266.4539528283612,3.0228102864967893e-15,1.8533977858251923e-14,True,5,0.0944246703284013
1554,0.42,0.12,multistart,True,False,False,2.5034033891929264,0.08344677963976421,34.82300203483142,5.867925179970579e-15,4.498098368085653e-14,True,1,0.0944246703284013
1554,0.42,0.12,graph,True,False,False,2.503403389194485,0.08344677963981617,33.516231171089814,6.633321269728869e-15,1.2618003802137397e-13,True,1,0.0944246703284013
1554,0.42,0.12,best,True,False,False,2.5034033891929264,0.08344677963976421,34.82300203483142,5.867925179970579e-15,4.498098368085653e-14,True,1,0.0944246703284013
1554,0.42,0.12,screened_graph,True,True,False,22.98427213488909,0.766142404496303,266.4539528283628,5.959374814064025e-16,2.6322563925605973e-15,True,5,0.09442467032840085
1554,0.42,0.12,screened_best,True,True,False,22.98427213488909,0.766142404496303,266.4539528283628,5.959374814064025e-16,2.6322563925605973e-15,True,5,0.09442467032840085
1554,0.42,0.12,bounded_attempt,False,True,False,9.999999999999991,0.33333333333333304,204.8082496367325,0.0028944088212550043,0.09645344163749267,True,5,0.09442467032840707
1554,0.42,0.12,selected,True,True,False,22.98427213488909,0.766142404496303,266.4539528283628,5.959374814064025e-16,2.6322563925605973e-15,True,5,0.09442467032840085
1555,0.44,0.12,baseline,True,True,False,18.533760860419285,0.6177920286806429,252.1345680789933,7.297394258384774e-16,1.0299920456009818e-14,True,5,0.16058703471584623
1555,0.44,0.12,local,True,True,False,18.53376086041934,0.6177920286806446,252.13456807904885,7.978219391693747e-16,5.11249592154575e-15,True,5,0.16058703471584623
1555,0.44,0.12,multistart,True,False,False,2.2556811705551927,0.07518937235183976,32.14771408397832,5.741866573945523e-15,3.6336248616876606e-14,True,4,0.16058703471584712
1555,0.44,0.12,graph,True,False,False,2.2556811705551927,0.07518937235183976,32.147714083980716,6.1722465631996166e-15,7.967633956537205e-14,True,4,0.1605870347158458
1555,0.44,0.12,best,True,False,False,2.2556811705551927,0.07518937235183976,32.14771408396793,2.951796006061783e-15,1.664316877632306e-14,True,4,0.16058703471584623
1555,0.44,0.12,screened_graph,True,True,False,18.533760860419125,0.6177920286806375,252.1345680790357,4.5954602788451485e-15,3.0381610986203144e-14,True,5,0.16058703471584623
1555,0.44,0.12,screened_best,True,True,False,18.53376086041417,0.6177920286804723,252.13456807888818,3.905555678715502e-15,2.3179415477812542e-14,True,5,0.16058703471584534
1555,0.44,0.12,bounded_attempt,False,True,False,9.999999999999991,0.33333333333333304,221.7633112119137,0.0020317270109352532,0.07376174938882644,True,5,0.16058703471584934
1555,0.44,0.12,selected,True,True,False,18.53376086041417,0.6177920286804723,252.13456807888818,3.905555678715502e-15,2.3179415477812542e-14,True,5,0.16058703471584534
1556,0.46,0.12,baseline,True,True,False,18.356077242862444,0.6118692414287481,196.60838364822385,2.4083460342144773e-15,1.4785817830956247e-14,True,5,0.22773832258057292
1556,0.46,0.12,local,True,True,False,18.356077242862362,0.6118692414287454,196.60838364822388,2.216897873230961e-15,1.4785817830956247e-14,True,5,0.22773832258057292
1556,0.46,0.12,multistart,True,False,False,2.164502459594879,0.07215008198649597,31.324785539678025,3.2425652415014313e-15,2.256466658548361e-14,True,4,0.22773832258057292
1556,0.46,0.12,graph,True,False,False,2.164502459594906,0.07215008198649686,31.32478553967868,5.796099239309512e-15,8.673811562656279e-14,True,4,0.22773832258057247
1556,0.46,0.12,best,True,False,False,2.164502459594879,0.07215008198649597,31.324785539678025,3.2425652415014313e-15,2.256466658548361e-14,True,4,0.22773832258057292
1556,0.46,0.12,screened_graph,True,True,False,18.356077242856742,0.611869241428558,196.60838364839051,3.492904380555566e-15,4.5197972724476544e-14,True,5,0.14161370609856494
1556,0.46,0.12,screened_best,True,True,False,18.356077242856742,0.611869241428558,196.60838364839051,3.492904380555566e-15,4.5197972724476544e-14,True,5,0.14161370609856494
1556,0.46,0.12,bounded_attempt,False,True,False,9.999999999999991,0.33333333333333304,154.32976064032127,0.001724650411787412,0.06601463582895488,True,5,0.12298632937921194
1556,0.46,0.12,selected,True,True,False,18.356077242856742,0.611869241428558,196.60838364839051,3.492904380555566e-15,4.5197972724476544e-14,True,5,0.14161370609856494
1557,0.48,0.12,baseline,True,True,False,16.499193321285556,0.5499731107095185,168.51862457533633,5.043960206559463e-16,2.5219091059631413e-15,True,5,0.29594598040365483
1557,0.48,0.12,local,True,True,False,16.499193321285542,0.549973110709518,168.51862457532835,3.815760786470701e-16,2.5219091059631413e-15,True,5,0.29594598040365483
1557,0.48,0.12,multistart,True,False,False,2.0831128999762782,0.06943709666587594,30.70717869482492,4.48209578845754e-15,1.5906542916455016e-14,True,4,0.2959459804036553
1557,0.48,0.12,graph,True,False,False,2.0831128999762982,0.06943709666587661,30.70717869482561,5.9515649839505846e-15,7.696819806547275e-14,True,4,0.2959459804036553
1557,0.48,0.12,best,True,False,False,2.0831128999762782,0.06943709666587594,30.70717869482492,4.48209578845754e-15,1.5906542916455016e-14,True,4,0.2959459804036553
1557,0.48,0.12,screened_graph,True,True,False,16.499193321285507,0.5499731107095169,168.51862457531678,3.387999773988765e-16,1.4164354455169473e-15,True,5,0.2959459804036553
1557,0.48,0.12,screened_best,True,True,False,16.49919332128489,0.5499731107094963,168.51862457532673,2.982949703911125e-15,1.89932560194731e-14,True,5,0.29594598040365483
1557,0.48,0.12,bounded_attempt,False,True,False,9.999999999999991,0.33333333333333304,120.98936909620156,0.0013560046369395476,0.05419713715814184,True,5,0.29594598040365616
1557,0.48,0.12,selected,True,True,False,16.49919332128489,0.5499731107094963,168.51862457532673,2.982949703911125e-15,1.89932560194731e-14,True,5,0.29594598040365483
1558,0.5,0.12,baseline,True,True,False,16.437626040076893,0.5479208680025631,157.76302636482268,2.2914745035407573e-15,1.628280744523806e-14,True,5,0.3653024489794787
1558,0.5,0.12,local,True,True,False,16.43762604007699,0.5479208680025662,157.76302636482473,1.7253165860342594e-15,1.6324312473552457e-14,True,5,0.3653024489794787
1558,0.5,0.12,multistart,True,False,False,2.009136529893456,0.0669712176631152,30.260795753436344,4.9046544605480955e-15,2.8154243072147784e-14,True,4,0.3653024489794787
1558,0.5,0.12,graph,True,False,False,2.009136529893476,0.06697121766311587,30.260795753436742,9.879084337064278e-15,5.39089326914195e-14,True,4,0.3653024489794787
1558,0.5,0.12,best,True,False,False,2.009136529893456,0.0669712176631152,30.260795753436344,4.9046544605480955e-15,2.8154243072147784e-14,True,4,0.3653024489794787
1558,0.5,0.12,screened_graph,True,True,False,16.437626040070572,0.5479208680023524,157.7630263648391,4.982493048981751e-16,4.162402255267333e-15,True,5,0.3653024489794787
1558,0.5,0.12,screened_best,True,True,False,16.43762604007014,0.547920868002338,157.76302636484704,1.2300449440205884e-15,8.649646503459466e-15,True,5,0.13888427762513356
1558,0.5,0.12,bounded_attempt,False,True,False,9.999999999999991,0.33333333333333304,174.24773152772684,0.0011002010085514411,0.045771926513866405,True,5,0.1270147111508697
1558,0.5,0.12,selected,True,True,False,16.43762604007014,0.547920868002338,157.76302636484704,1.2300449440205884e-15,8.649646503459466e-15,True,5,0.13888427762513356
1559,0.52,0.12,baseline,True,True,False,16.27004533662021,0.542334844554007,154.50769449223793,4.996003610813204e-16,1.9008027297380165e-15,True,5,0.43592351087117853
1559,0.52,0.12,local,True,True,False,16.27004533661992,0.5423348445539973,154.50769449222915,5.026748538604307e-16,2.2122071336289264e-15,True,5,0.43592351087117853
1559,0.52,0.12,multistart,True,False,False,1.9407225502053804,0.06469075167351268,29.96209163771586,5.0740540093265666e-15,2.4970124858340706e-14,True,4,0.43592351087117853
1559,0.52,0.12,graph,True,False,False,1.940722550205407,0.06469075167351357,29.96209163771586,6.185711598848149e-15,4.2796470824478546e-14,True,4,0.4359235108711781
1559,0.52,0.12,best,True,False,False,1.9407225502053738,0.06469075167351246,29.96209163771626,2.9032119813434736e-15,2.304731225886436e-14,True,4,0.4359235108711781
1559,0.52,0.12,screened_graph,True,True,False,16.270045336620278,0.5423348445540093,154.50769449223154,2.1085562066537222e-15,1.3227890648791921e-14,True,5,0.4359235108711781
1559,0.52,0.12,screened_best,True,True,False,16.27004533661992,0.5423348445539973,154.50769449222915,5.026748538604307e-16,2.2122071336289264e-15,True,5,0.43592351087117853
1559,0.52,0.12,bounded_attempt,False,True,False,9.999999999999991,0.33333333333333304,168.6624856721651,0.0009989862631249974,0.043725414077141346,True,5,0.435923510871179
1559,0.52,0.12,selected,True,True,False,16.27004533661992,0.5423348445539973,154.50769449222915,5.026748538604307e-16,2.2122071336289264e-15,True,5,0.43592351087117853
1560,0.54,0.12,baseline,True,True,False,15.763856645292105,0.5254618881764035,156.1429786886155,3.815356980893987e-15,1.859047984276477e-14,True,5,0.507948975410196
1560,0.54,0.12,local,True,True,False,15.763856645291998,0.5254618881763999,156.14297868861468,3.3551256208894704e-15,1.859047984276477e-14,True,5,0.507948975410196
1560,0.54,0.12,multistart,True,False,False,1.8763669986113407,0.06254556662037802,29.795152200108667,6.453753276140645e-15,3.471681961023055e-14,True,4,0.5079489754101951
1560,0.54,0.12,graph,True,False,False,1.8763669986113407,0.06254556662037802,29.795152200108667,6.453753276140645e-15,3.471681961023055e-14,True,4,0.5079489754101951
1560,0.54,0.12,best,True,False,False,1.8763669986113407,0.06254556662037802,29.795152200108667,6.453753276140645e-15,3.471681961023055e-14,True,4,0.5079489754101951
1560,0.54,0.12,screened_graph,True,True,False,15.763856645291991,0.5254618881763997,156.14297868860413,1.8107721364984796e-15,6.4317847617025374e-15,True,5,0.507948975410196
1560,0.54,0.12,screened_best,True,True,False,15.763856645291465,0.5254618881763822,156.14297868861928,4.452894260780617e-15,2.6923778880366462e-14,True,5,0.507948975410196
1560,0.54,0.12,bounded_attempt,False,True,False,9.999999999999991,0.33333333333333304,119.25806117800396,0.000925186398637004,0.04167443345148726,True,5,0.5079489754101956
1560,0.54,0.12,selected,True,True,False,15.763856645291465,0.5254618881763822,156.14297868861928,4.452894260780617e-15,2.6923778880366462e-14,True,5,0.507948975410196
1561,0.56,0.12,baseline,True,True,False,16.49503685157747,0.549834561719249,158.43227711231307,2.021446403693751e-15,1.2595239972482914e-14,True,5,0.5809139288116767
1561,0.56,0.12,local,True,True,False,16.495036851577886,0.5498345617192628,158.43227711231143,2.1620862982352715e-15,1.3277741150111958e-14,True,5,0.5809139288116767
1561,0.56,0.12,multistart,True,False,False,1.8147872556644917,0.060492908522149724,29.749905378643906,4.0743303707059524e-15,2.62923333735291e-14,True,4,0.5809139288116767
1561,0.56,0.12,graph,True,False,False,1.8147872556645184,0.06049290852215061,29.749905378643554,1.3297129683182177e-14,5.635167633459162e-14,True,4,0.5809139288116767
1561,0.56,0.12,best,True,False,False,1.8147872556644917,0.060492908522149724,29.749905378643906,4.0743303707059524e-15,2.62923333735291e-14,True,4,0.5809139288116767
1561,0.56,0.12,screened_graph,True,True,False,16.49503685157133,0.5498345617190443,158.43227711232865,2.3910103401949292e-15,1.9730310466294642e-14,True,5,0.5809139288116771
1561,0.56,0.12,screened_best,True,True,False,16.49503685157133,0.5498345617190443,158.43227711232865,2.3910103401949292e-15,1.9730310466294642e-14,True,5,0.5809139288116771
1561,0.56,0.12,bounded_attempt,False,True,False,9.999999999999991,0.33333333333333304,187.51760553587997,0.0008744390196778744,0.040433695914534766,True,5,0.5809139288116767
1561,0.56,0.12,selected,True,True,False,16.49503685157133,0.5498345617190443,158.43227711232865,2.3910103401949292e-15,1.9730310466294642e-14,True,5,0.5809139288116771
1562,0.58,0.12,baseline,True,True,False,17.83649403032395,0.5945498010107984,172.813204914974,1.4169622320385584e-15,5.774327172645801e-15,True,5,0.6148348496079477
1562,0.58,0.12,local,True,True,False,17.836494030323912,0.594549801010797,172.8132049149764,1.384513659610701e-15,6.0083876632873935e-15,True,5,0.6148348496079477
1562,0.58,0.12,multistart,True,False,False,1.7548256730945688,0.058494189103152294,29.821066387537787,9.965140712529699e-15,5.015630096248189e-14,True,4,0.6554714479977661
1562,0.58,0.12,graph,True,False,False,1.7548256730945822,0.05849418910315274,29.821066387537787,9.700325502316601e-15,4.9748055875783796e-14,True,4,0.655471447997767
1562,0.58,0.12,best,True,False,False,1.7548256730945622,0.05849418910315207,29.82106638753819,2.5967414043929347e-15,1.0360866286002051e-14,True,4,0.6554714479977672
1562,0.58,0.12,screened_graph,True,True,False,17.836494030322804,0.5945498010107602,172.81320491500998,9.489809492268385e-16,3.3025362836949275e-15,True,5,0.6554714479977666
1562,0.58,0.12,screened_best,True,True,False,17.836494030321656,0.5945498010107219,172.81320491508947,1.9355907420775936e-15,9.669742025362541e-15,True,5,0.6554714479977666
1562,0.58,0.12,bounded_attempt,False,True,False,9.999999999999998,0.33333333333333326,128.2986378451137,0.0009339729978468394,0.04417332855277678,True,5,0.655471447997767
1562,0.58,0.12,selected,True,True,False,17.836494030321656,0.5945498010107219,172.81320491508947,1.9355907420775936e-15,9.669742025362541e-15,True,5,0.6554714479977666
1563,0.6,0.12,baseline,True,True,False,19.58924306200609,0.6529747687335363,191.63028597769755,4.458205583648681e-16,2.15339491857619e-15,True,5,0.5572505536872212
1563,0.6,0.12,local,True,True,False,19.589243062006076,0.6529747687335359,191.63028597770193,4.458205583648681e-16,2.15339491857619e-15,True,5,0.5572505536872221
1563,0.6,0.12,multistart,True,False,False,1.7136377914840573,0.05712125971613524,30.007604129461598,3.9350319887992495e-16,8.096551204595346e-16,True,3,0.012946878542745566
1563,0.6,0.12,graph,True,False,False,1.713637791484069,0.05712125971613563,30.007604129461896,1.0777815596759369e-14,6.383437172288624e-14,True,3,0.7320747686646614
1563,0.6,0.12,best,True,False,False,1.7136377914840573,0.05712125971613524,30.007604129461598,3.9350319887992495e-16,8.096551204595346e-16,True,3,0.012946878542745566
1563,0.6,0.12,screened_graph,True,True,False,19.58924306200312,0.6529747687334373,191.63028597779865,3.3382931312576942e-15,1.39447191132801e-14,True,5,0.6491325269433048
1563,0.6,0.12,screened_best,True,True,False,19.58924306200312,0.6529747687334373,191.63028597779865,3.3382931312576942e-15,1.39447191132801e-14,True,5,0.6491325269433048
1563,0.6,0.12,bounded_attempt,False,True,False,9.999999999999995,0.33333333333333315,219.17715552060065,0.0010586071195835087,0.050777967996314385,True,5,0.6491325269433048
1563,0.6,0.12,selected,True,True,False,19.58924306200312,0.6529747687334373,191.63028597779865,3.3382931312576942e-15,1.39447191132801e-14,True,5,0.6491325269433048
1564,0.62,0.12,baseline,True,True,False,22.167785889371984,0.7389261963123994,221.62273604807314,3.947248820392849e-16,3.973893057379956e-15,True,5,0.4917969470468675
1564,0.62,0.12,local,True,True,False,22.16778588937209,0.738926196312403,221.62273604807393,3.8459253727671276e-16,3.806207873814383e-15,True,5,0.4917969470468666
1564,0.62,0.12,multistart,True,False,False,1.7237209032789291,0.05745736344263097,30.31262835828974,5.712732817301996e-15,2.578740339482668e-14,True,3,0.8109908170342928
1564,0.62,0.12,graph,True,False,False,1.7237209032789291,0.05745736344263097,30.31262835828974,8.03744394441472e-15,3.9626552294293585e-14,True,3,0.8109908170342932
1564,0.62,0.12,best,True,False,False,1.7237209032789291,0.05745736344263097,30.31262835828974,1.23300532646054e-14,7.523082090187099e-14,True,3,0.8109908170342921
1564,0.62,0.12,screened_graph,True,True,False,22.167785889372055,0.7389261963124019,221.62273604807453,1.2187984928222857e-15,6.3887319769777804e-15,True,5,0.8109908170342914
1564,0.62,0.12,screened_best,True,True,False,22.167785889371984,0.7389261963123994,221.62273604807314,3.947248820392849e-16,3.973893057379956e-15,True,5,0.4917969470468675
1564,0.62,0.12,bounded_attempt,False,True,False,9.999999999999991,0.33333333333333304,144.18275859398895,0.0012063865332337632,0.05849830757051042,True,5,0.4917969470468666
1564,0.62,0.12,selected,True,True,False,22.167785889371984,0.7389261963123994,221.62273604807314,3.947248820392849e-16,3.973893057379956e-15,True,5,0.4917969470468675
1565,0.64,0.12,baseline,True,True,False,26.144438059129648,0.871481268637655,330.9130290322502,1.2190354978790368e-15,1.4065085150549255e-14,True,5,0.4212243637492401
1565,0.64,0.12,local,True,True,False,26.144438059129595,0.8714812686376532,330.9130290322438,1.177651116822486e-15,1.4243926689728928e-14,True,5,0.4212243637492392
1565,0.64,0.12,multistart,True,False,False,1.7409413827773257,0.058031379425910856,30.743676577392478,6.4240817902895424e-15,2.5645123029519397e-14,True,3,0.8925479901147688
1565,0.64,0.12,graph,True,False,False,1.7409413827773257,0.058031379425910856,30.743676577392478,6.4240817902895424e-15,2.5645123029519397e-14,True,3,0.8925479901147688
1565,0.64,0.12,best,True,False,False,1.7409413827773257,0.058031379425910856,30.743676577392076,7.80283478864696e-15,3.629959505499336e-14,True,3,0.8925479901147695
1565,0.64,0.12,screened_graph,True,True,False,26.144438059129648,0.871481268637655,330.9130290322502,1.2190354978790368e-15,1.4065085150549255e-14,True,5,0.4212243637492401
1565,0.64,0.12,screened_best,True,True,False,26.144438059129445,0.8714812686376482,330.9130290321272,2.2705774305515747e-15,1.1110776873292972e-14,True,5,0.06899403730488984
1565,0.64,0.12,bounded_attempt,False,True,False,9.999999999999998,0.33333333333333326,238.8234485319882,0.0014279121332341754,0.06920120375801833,True,5,0.051416574900133405
1565,0.64,0.12,selected,True,True,False,26.144438059129445,0.8714812686376482,330.9130290321272,2.2705774305515747e-15,1.1110776873292972e-14,True,5,0.06899403730488984
1566,0.66,0.12,baseline,True,True,False,32.006756897314936,1.0668918965771645,552.9242253603387,3.298712504264032e-15,7.638566320389713e-14,True,5,0.3489815759315311
1566,0.66,0.12,local,True,True,False,32.006756897315285,1.066891896577176,552.9242253603396,3.2050479784830365e-15,7.511877922689506e-14,True,5,0.3489815759315311
1566,0.66,0.12,multistart,True,False,False,1.7660036893662046,0.05886678964554015,31.31344951595416,1.1963393645417478e-14,6.691726385963102e-14,True,3,0.9771546729203835
1566,0.66,0.12,graph,True,False,False,1.7660036893662097,0.05886678964554032,31.31344951595426,1.1407372747238768e-14,6.185693511251516e-14,True,3,0.9771546729203846
1566,0.66,0.12,best,True,False,False,1.7660036893662046,0.05886678964554015,31.313449515953362,4.379777944039093e-15,1.6884637753467876e-14,True,3,0.9771546729203855
1566,0.66,0.12,screened_graph,True,True,False,32.006756897314936,1.0668918965771645,552.9242253603387,3.298712504264032e-15,7.638566320389713e-14,True,5,0.3489815759315311
1566,0.66,0.12,screened_best,True,True,False,32.00675689731297,1.0668918965770988,552.9242253591638,1.7080958031539752e-15,7.169362660934296e-15,True,5,0.05212958894156561
1566,0.66,0.12,bounded_attempt,False,True,False,9.999999999999991,0.33333333333333304,152.991755984608,0.001749125995802665,0.08447013799441518,True,5,0.03117966597507138
1566,0.66,0.12,selected,True,True,False,32.00675689731297,1.0668918965770988,552.9242253591638,1.7080958031539752e-15,7.169362660934296e-15,True,5,0.05212958894156561
1567,0.68,0.12,baseline,True,True,False,37.84540057789875,1.2615133525966251,855.9729459945447,1.976695897494813e-15,1.2527885815074594e-14,True,5,0.27851512229896436
1567,0.68,0.12,local,True,True,False,37.84540057789846,1.2615133525966153,855.9729459945463,2.0518955751755343e-15,1.2368119125210107e-14,True,5,0.27851512229896436
1567,0.68,0.12,multistart,True,False,False,1.800024702223515,0.0600008234074505,32.04111804489713,4.550433298498609e-15,3.912541968227351e-14,True,3,1.0653268570644248
1567,0.68,0.12,graph,True,False,False,1.8000247022235216,0.06000082340745072,32.04111804489753,5.45411185639073e-15,1.7471826207075145e-14,True,3,1.065326857064425
1567,0.68,0.12,best,True,False,False,1.8000247022235083,0.06000082340745028,32.04111804489753,8.932132785466319e-15,6.663974680622098e-14,True,3,0.9609034906830614
1567,0.68,0.12,screened_graph,True,True,False,15.40436783196892,0.5134789277322973,691.689067482264,5.534715107703884e-15,3.175897555701604e-14,True,3,0.26123072981998074
1567,0.68,0.12,screened_best,True,True,False,15.40436783196892,0.5134789277322973,691.689067482264,5.534715107703884e-15,3.175897555701604e-14,True,3,0.26123072981998074
1567,0.68,0.12,bounded_attempt,False,True,False,9.999999999999964,0.33333333333333215,529.348465147056,7.802529701001139e-05,0.004269801708623073,True,3,0.26123072981848594
1567,0.68,0.12,selected,True,True,False,15.40436783196892,0.5134789277322973,691.689067482264,5.534715107703884e-15,3.175897555701604e-14,True,3,0.26123072981998074
1568,0.7000000000000001,0.12,baseline,True,True,False,38.06710166021126,1.2689033886737087,1916.5886349950213,3.785381272637602e-15,1.6781735264797397e-14,True,3,1.1577304345178436
1568,0.7000000000000001,0.12,local,True,True,False,38.067101660211684,1.2689033886737229,1916.5886349951957,3.1701253985934114e-15,8.269100746864529e-15,True,3,1.157730434517843
1568,0.7000000000000001,0.12,multistart,True,False,False,1.8447012418690223,0.061490041395634076,32.954399238749325,4.611102534756203e-16,7.100954462819917e-16,True,3,0.055397840621107974
1568,0.7000000000000001,0.12,graph,True,False,False,1.8447012418690356,0.06149004139563452,32.95439923874972,1.0759081127791553e-14,3.8843038235645125e-14,True,3,0.9228528567702163
1568,0.7000000000000001,0.12,best,True,False,False,1.8447012418690223,0.061490041395634076,32.954399238749325,6.516652152274091e-16,8.581044243272507e-16,True,3,1.157730434517843
1568,0.7000000000000001,0.12,screened_graph,True,True,False,34.66004773732322,1.1553349245774407,1703.4272275118262,2.9350454933867154e-15,1.4330521297180802e-14,True,5,0.21531856198488963
1568,0.7000000000000001,0.12,screened_best,True,True,False,34.66004773732322,1.1553349245774407,1703.4272275118262,2.9350454933867154e-15,1.4330521297180802e-14,True,5,0.21531856198488963
1568,0.7000000000000001,0.12,bounded_attempt,False,True,False,9.999999999999991,0.33333333333333304,589.0440689060117,0.00026284998160337454,0.013851502857361041,True,5,0.21531856198488963
1568,0.7000000000000001,0.12,selected,True,True,False,34.66004773732322,1.1553349245774407,1703.4272275118262,2.9350454933867154e-15,1.4330521297180802e-14,True,5,0.21531856198488963
1569,0.72,0.12,baseline,True,True,False,14.523449523045567,0.4841149841015189,537.7489659735949,2.3301462827935277e-15,8.08617352307595e-15,True,5,1.2552485121408623
1569,0.72,0.12,local,True,True,False,14.523449523045594,0.48411498410151976,537.748965973592,2.075228167851501e-15,7.697468048481423e-15,True,5,1.2552485121408616
1569,0.72,0.12,multistart,True,False,False,1.9026077795704872,0.06342025931901624,34.092593061682685,5.559781974809366e-16,7.418128695028437e-16,True,3,1.2552485121408616
1569,0.72,0.12,graph,True,False,False,1.9026077795704939,0.06342025931901646,34.092593061682585,1.0731335369077703e-14,3.11125751981576e-14,True,3,0.8825365979582696
1569,0.72,0.12,best,True,False,False,1.9026077795704872,0.06342025931901624,34.092593061682685,5.559781974809366e-16,7.418128695028437e-16,True,3,1.2552485121408616
1569,0.72,0.12,screened_graph,True,True,False,14.523449523045628,0.48411498410152093,537.7489659736001,5.156433945395486e-15,1.4258925203640932e-14,True,5,1.2552485121408614
1569,0.72,0.12,screened_best,True,True,False,14.523449523044807,0.48411498410149356,537.7489659735464,4.599413778096491e-15,1.7202820905409136e-14,True,5,1.2552485121408608
1569,0.72,0.12,bounded_attempt,False,True,False,9.999999999999991,0.33333333333333304,365.8075872904694,5.44592629030636e-05,0.003088147726393687,True,5,1.2552485121408612
1569,0.72,0.12,selected,True,True,False,14.523449523044807,0.48411498410149356,537.7489659735464,4.599413778096491e-15,1.7202820905409136e-14,True,5,1.2552485121408608
1570,0.74,0.12,baseline,True,True,False,39.743340400390665,1.3247780133463554,989.1640536578112,9.364165225365838e-16,4.741502655204044e-15,True,3,1.3590941939155514
1570,0.74,0.12,local,True,True,False,39.74334040039089,1.3247780133463631,989.1640536578188,1.0039119183961511e-15,3.77822653596416e-15,True,3,1.359094193915552
1570,0.74,0.12,multistart,True,False,False,1.982090134132486,0.06606967113774953,35.51018509154411,3.1424533722636385e-15,3.25564509232524e-14,True,3,1.3590941939155523
1570,0.74,0.12,graph,True,False,False,1.9820901341325092,0.06606967113775031,35.51018509154411,7.598149024989325e-15,3.8714135337608025e-14,True,3,1.3590941939155512
1570,0.74,0.12,best,True,False,False,1.982090134132481,0.06606967113774936,35.51018509154411,4.982493048981751e-16,5.886608774924662e-16,True,3,1.3590941939155534
1570,0.74,0.12,screened_graph,True,True,False,31.290557263804253,1.0430185754601418,565.9379555001248,7.596919578716472e-15,3.639903639918192e-14,True,3,0.05549803791793284
1570,0.74,0.12,screened_best,True,True,False,31.290557263804068,1.0430185754601355,565.9379555001256,2.3432101225569956e-15,1.2224163608262039e-14,True,3,0.8829034474810378
1570,0.74,0.12,bounded_attempt,False,True,False,9.999999999999991,0.33333333333333304,165.11869931812964,0.0014642751035653203,0.07897362187440905,True,3,0.8829034474810387
1570,0.74,0.12,selected,True,True,False,31.290557263804068,1.0430185754601355,565.9379555001256,2.3432101225569956e-15,1.2224163608262039e-14,True,3,0.8829034474810378
1571,0.76,0.12,baseline,True,True,False,28.449028110116704,0.9483009370038901,513.3670694921246,6.790082630180204e-15,2.3567607008979382e-14,True,3,1.4706425550453623
1571,0.76,0.12,local,True,True,False,28.449028110117844,0.9483009370039281,513.3670694921976,1.510895351466206e-15,7.340477264159838e-15,True,3,1.4706425550453623
1571,0.76,0.12,multistart,True,False,False,2.088997211013505,0.06963324036711682,37.276490952996355,2.3461261221551412e-15,2.2829290222577556e-14,True,3,1.4706425550453615
1571,0.76,0.12,graph,True,False,False,2.0889972110135213,0.06963324036711738,37.27649095299706,3.901929521322036e-15,4.201629981468856e-14,True,3,1.4706425550453615
1571,0.76,0.12,best,True,False,False,2.0889972110134813,0.06963324036711604,37.276490952997456,7.27619706984544e-15,1.874576770440151e-14,True,3,1.4706425550453617
1571,0.76,0.12,screened_graph,True,True,False,20.330224377473392,0.6776741459157798,326.1177112339246,2.563749932073087e-15,1.3758176453020938e-14,True,3,0.07503231416901279
1571,0.76,0.12,screened_best,True,True,False,20.330224377470653,0.6776741459156884,326.11771123384085,3.144750812295629e-15,2.0585985654016535e-14,True,3,1.0075762598580775
1571,0.76,0.12,bounded_attempt,False,True,False,10.0,0.3333333333333333,240.86696541746994,0.0010596643095413388,0.05759545954914377,True,3,1.0075762598580784
1571,0.76,0.12,selected,True,True,False,20.330224377470653,0.6776741459156884,326.11771123384085,3.144750812295629e-15,2.0585985654016535e-14,True,3,1.0075762598580775
1572,0.78,0.12,baseline,True,True,False,19.37525896821744,0.645841965607248,261.9622916319835,1.2456812418081906e-15,1.0490002554344324e-14,True,3,1.5926961956997396
1572,0.78,0.12,local,True,True,False,19.375258968217576,0.6458419656072525,261.962291631993,3.541256872903044e-15,1.4195599934454756e-14,True,3,1.5926961956997396
1572,0.78,0.12,multistart,True,False,False,2.2375989509967065,0.07458663169989022,39.43809777020131,6.281902941027859e-16,1.1874546492074332e-15,True,3,1.5185387769209981
1572,0.78,0.12,graph,True,False,False,2.237598950996713,0.07458663169989044,39.438097770203704,2.510460744567178e-15,2.872797631074914e-14,True,3,0.7417052306863914
1572,0.78,0.12,best,True,False,False,2.2375989509967065,0.07458663169989022,39.43809777020131,6.281902941027859e-16,1.1874546492074332e-15,True,3,1.5185387769209981
1572,0.78,0.12,screened_graph,True,True,False,16.64768220099217,0.5549227400330723,173.53392646416617,4.101373517161361e-15,1.8155998774499392e-14,True,3,1.1284831442284782
1572,0.78,0.12,screened_best,True,True,False,16.64768220099217,0.5549227400330723,173.53392646416617,4.101373517161361e-15,1.8155998774499392e-14,True,3,1.1284831442284782
1572,0.78,0.12,bounded_attempt,False,True,False,9.999999999999998,0.33333333333333326,253.29823239509105,0.0007103951100031567,0.03748345633151985,True,3,1.1284831442284782
1572,0.78,0.12,selected,True,True,False,16.64768220099217,0.5549227400330723,173.53392646416617,4.101373517161361e-15,1.8155998774499392e-14,True,3,1.1284831442284782
1573,0.8,0.12,baseline,True,True,False,14.186861998101678,0.4728953999367226,151.7374863971794,7.995969590866424e-15,6.508384354115707e-14,True,3,1.7298469832155892
1573,0.8,0.12,local,True,True,False,14.18686199810166,0.472895399936722,151.73748639718175,7.892057678545134e-15,6.42985575002652e-14,True,3,1.7298469832155892
1573,0.8,0.12,multistart,True,True,True,3.127745321415234,0.1042581773805078,42.15203119083908,4.150276520771874e-15,1.0305675500770905e-14,True,2,0.6708539480579008
1573,0.8,0.12,graph,True,True,True,3.127745321414723,0.10425817738049076,41.679786086357474,7.386037812452124e-15,2.0491835461949475e-14,True,2,0.6836627972887168
1573,0.8,0.12,best,True,True,True,3.127745321399097,0.1042581773799699,41.67978608637616,2.7535878558072364e-14,6.636103938141241e-14,True,2,1.7298469832155907
1573,0.8,0.12,screened_graph,True,True,True,3.127745321414723,0.10425817738049076,41.679786086357474,7.386037812452124e-15,2.0491835461949475e-14,True,2,0.6836627972887168
1573,0.8,0.12,screened_best,True,True,True,3.127745321399097,0.1042581773799699,41.67978608637616,2.7535878558072364e-14,6.636103938141241e-14,True,2,1.7298469832155907
1573,0.8,0.12,bounded_attempt,True,True,True,3.127745321421071,0.10425817738070237,41.679786051319226,4.355591195458774e-13,1.779177942220272e-12,True,2,1.7298469832155918
1573,0.8,0.12,selected,True,True,True,3.127745321399097,0.1042581773799699,41.67978608637616,2.7535878558072364e-14,6.636103938141241e-14,True,2,1.7298469832155907
1589,0.4,0.14,baseline,True,True,False,15.183921736312955,0.5061307245437652,174.94298174579964,3.2935706791818916e-15,1.9249878667827933e-14,True,5,0.03121246658126786
1589,0.4,0.14,local,True,True,False,15.183921736297995,0.5061307245432665,174.9429817462461,4.627862503744446e-15,4.304270836496918e-14,True,5,0.03121246658126786
1589,0.4,0.14,multistart,True,False,False,2.843865043320428,0.09479550144401427,38.088865198331504,1.0145982235717631e-14,8.844754277342481e-14,True,1,0.031212466581268306
1589,0.4,0.14,graph,True,False,False,2.843865043320428,0.09479550144401427,38.088865198331504,1.0145982235717631e-14,8.844754277342481e-14,True,1,0.031212466581268306
1589,0.4,0.14,best,True,False,False,2.843865043320428,0.09479550144401427,38.088865198331504,1.0145982235717631e-14,8.844754277342481e-14,True,1,0.031212466581268306
1589,0.4,0.14,screened_graph,True,True,False,15.183921736312943,0.5061307245437647,174.9429817457941,8.765006872878471e-15,1.1829476538481333e-13,True,5,0.03121246658126786
1589,0.4,0.14,screened_best,True,True,False,15.183921736297995,0.5061307245432665,174.9429817462461,4.627862503744446e-15,4.304270836496918e-14,True,5,0.03121246658126786
1589,0.4,0.14,bounded_attempt,False,True,False,9.999999999999991,0.33333333333333304,193.71560661632685,0.0015840370823245185,0.04834590692588558,True,5,0.03121246658126786
1589,0.4,0.14,selected,True,True,False,15.183921736297995,0.5061307245432665,174.9429817462461,4.627862503744446e-15,4.304270836496918e-14,True,5,0.03121246658126786
1590,0.42,0.14,baseline,True,True,False,14.24500425606487,0.47483347520216235,136.79956101085193,2.0428650460793295e-15,1.3281117251267063e-14,True,5,0.09810813843646526
1590,0.42,0.14,local,True,True,False,14.245004256064737,0.4748334752021579,136.79956101085233,2.0428650460793295e-15,1.3281117251267063e-14,True,5,0.09810813843646526
1590,0.42,0.14,multistart,True,False,False,2.521873293643422,0.0840624431214474,35.19404970219031,5.797544478694448e-15,2.4943984722037736e-14,True,1,0.09810813843647193
1590,0.42,0.14,graph,True,False,False,2.5218732936435417,0.08406244312145139,35.19404970219051,8.715891573006115e-15,1.4203764856333644e-13,True,1,0.09810813843647015
1590,0.42,0.14,best,True,False,False,2.521873293643422,0.0840624431214474,35.19404970219031,5.797544478694448e-15,2.4943984722037736e-14,True,1,0.09810813843647193
1590,0.42,0.14,screened_graph,True,True,False,14.245004256059556,0.47483347520198516,136.79956101093345,2.736598766892935e-14,3.2986278038068913e-13,True,5,0.059216249188675185
1590,0.42,0.14,screened_best,True,True,False,14.245004256059556,0.47483347520198516,136.79956101093345,2.736598766892935e-14,3.2986278038068913e-13,True,5,0.059216249188675185
1590,0.42,0.14,bounded_attempt,False,True,False,9.999999999999991,0.33333333333333304,138.79307847886056,0.00108229101808181,0.0365206594253152,True,5,0.059216249188675185
1590,0.42,0.14,selected,True,True,False,14.245004256059556,0.47483347520198516,136.79956101093345,2.736598766892935e-14,3.2986278038068913e-13,True,5,0.059216249188675185
1591,0.44,0.14,baseline,True,True,False,13.782570413442429,0.45941901378141425,138.15406398293874,4.96142074462569e-15,3.223443894520895e-14,True,5,0.16553110152162898
1591,0.44,0.14,local,True,True,False,13.782570413442429,0.45941901378141425,138.15406398293874,4.96142074462569e-15,3.223443894520895e-14,True,5,0.16553110152162898
1591,0.44,0.14,multistart,True,False,False,2.3199629737431104,0.07733209912477035,32.84225278120609,4.8830885160387465e-15,2.972593277564169e-14,True,4,0.16553110152163253
1591,0.44,0.14,graph,True,False,False,2.3199629737431238,0.07733209912477079,32.84225278130002,8.778073780348256e-15,7.244197932888417e-14,True,4,0.16553110152163253
1591,0.44,0.14,best,True,False,False,2.3199629737431104,0.07733209912477035,32.84225278118891,2.2239560899848857e-15,1.449553260056415e-14,True,4,0.16553110152163253
1591,0.44,0.14,screened_graph,True,True,False,13.782570413439297,0.4594190137813099,138.15406398309142,7.436422664907996e-15,1.0838874807285989e-13,True,5,0.05418338920775856
1591,0.44,0.14,screened_best,True,True,False,13.782570413439297,0.4594190137813099,138.15406398309142,7.436422664907996e-15,1.0838874807285989e-13,True,5,0.05418338920775856
1591,0.44,0.14,bounded_attempt,False,True,False,9.999999999999991,0.33333333333333304,158.07914887039044,0.0009597885384315243,0.03404527824749541,True,5,0.05418338920775856
1591,0.44,0.14,selected,True,True,False,13.782570413439297,0.4594190137813099,138.15406398309142,7.436422664907996e-15,1.0838874807285989e-13,True,5,0.05418338920775856
1592,0.46,0.14,baseline,True,True,False,13.062845448581104,0.43542818161937014,119.9021833961692,2.734875048703737e-15,2.5923323174387582e-14,True,5,0.23231873156328797
1592,0.46,0.14,local,True,True,False,13.062845448581157,0.4354281816193719,119.9021833961692,3.1333082332430004e-15,2.5115192783043342e-14,True,5,0.23231873156328797
1592,0.46,0.14,multistart,True,False,False,2.2214515710940663,0.07404838570313554,31.020511891854685,4.577903371942679e-15,3.940266788768062e-14,True,4,0.23231873156328842
1592,0.46,0.14,graph,True,False,False,2.2214515710940863,0.07404838570313621,31.020511891854433,8.473136732927754e-15,1.2383318108071662e-13,True,4,0.23231873156328886
1592,0.46,0.14,best,True,False,False,2.2214515710940663,0.07404838570313554,31.020511891854685,4.577903371942679e-15,3.940266788768062e-14,True,4,0.23231873156328842
1592,0.46,0.14,screened_graph,True,True,False,13.062845448581104,0.43542818161937014,119.9021833961692,2.734875048703737e-15,2.5923323174387582e-14,True,5,0.23231873156328797
1592,0.46,0.14,screened_best,True,True,False,13.06284544857984,0.43542818161932795,119.90218339624433,3.972151618002263e-15,1.99714681680392e-14,True,5,0.04993885469890991
1592,0.46,0.14,bounded_attempt,False,True,False,9.999999999999991,0.33333333333333304,178.26823679450962,0.0006494622995222699,0.024291720344347654,True,5,0.04993885469890902
1592,0.46,0.14,selected,True,True,False,13.06284544857984,0.43542818161932795,119.90218339624433,3.972151618002263e-15,1.99714681680392e-14,True,5,0.04993885469890991
1593,0.48,0.14,baseline,True,True,False,12.622266507545215,0.4207422169181738,106.66752837023894,4.775249788392736e-16,2.400538902759795e-15,True,5,0.30022611807111454
1593,0.48,0.14,local,True,True,False,12.622266507545108,0.42074221691817026,106.66752837023729,3.3422138886441676e-16,2.400538902759795e-15,True,5,0.30022611807111454
1593,0.48,0.14,multistart,True,False,False,2.1344608529002995,0.07114869509667665,30.38278425942865,4.962662768801263e-15,4.045453713608414e-14,True,4,0.30022611807111454
1593,0.48,0.14,graph,True,False,False,2.1344608529003195,0.07114869509667732,30.382784259428398,7.986724154688043e-15,7.683102299479026e-14,True,4,0.30022611807111454
1593,0.48,0.14,best,True,False,False,2.1344608529002995,0.07114869509667665,30.38278425942865,4.962662768801263e-15,4.045453713608414e-14,True,4,0.30022611807111454
1593,0.48,0.14,screened_graph,True,True,False,12.622266507545095,0.4207422169181698,106.66752837023857,3.696392484228482e-15,1.1597339190755592e-14,True,5,0.30022611807111454
1593,0.48,0.14,screened_best,True,True,False,12.622266507544655,0.42074221691815517,106.6675283702537,4.617050529228602e-15,3.639298177926696e-14,True,5,0.04631090787226011
1593,0.48,0.14,bounded_attempt,False,True,False,9.999999999999991,0.33333333333333304,103.51885758244217,0.000581368927407227,0.02324514835254337,True,5,0.04631090787226011
1593,0.48,0.14,selected,True,True,False,12.622266507544655,0.42074221691815517,106.6675283702537,4.617050529228602e-15,3.639298177926696e-14,True,5,0.04631090787226011
1594,0.5,0.14,baseline,True,True,False,12.520591591462345,0.4173530530487448,104.25521520416723,2.2058262423635985e-15,1.2501642388330456e-14,True,5,0.36933295984606485
1594,0.5,0.14,local,True,True,False,12.520591591462358,0.41735305304874526,104.25521520416842,1.7217407965198576e-15,1.2880894408468827e-14,True,5,0.36933295984606485
1594,0.5,0.14,multistart,True,False,False,2.056149337790494,0.06853831125968313,29.925660647526087,6.761616549081599e-15,7.028411218440981e-14,True,4,0.3693329598460653
1594,0.5,0.14,graph,True,False,False,2.056149337790494,0.06853831125968313,29.925660647526087,6.761616549081599e-15,7.028411218440981e-14,True,4,0.3693329598460653
1594,0.5,0.14,best,True,False,False,2.056149337790467,0.06853831125968224,29.925660647525838,2.616837119551627e-15,2.1684050072286996e-14,True,4,0.3693329598460644
1594,0.5,0.14,screened_graph,True,True,False,12.520591591462319,0.4173530530487439,104.25521520416842,4.292074685283655e-15,3.125753903852536e-14,True,5,0.36933295984606485
1594,0.5,0.14,screened_best,True,True,False,12.520591591462304,0.4173530530487435,104.25521520416842,2.017739194665353e-15,3.0442385843867855e-14,True,5,0.19176325711447983
1594,0.5,0.14,bounded_attempt,False,True,False,9.999999999999991,0.33333333333333304,123.66576771276536,0.0004750200974274519,0.019769415277584742,True,5,0.18991205329930327
1594,0.5,0.14,selected,True,True,False,12.520591591462304,0.4173530530487435,104.25521520416842,2.017739194665353e-15,3.0442385843867855e-14,True,5,0.19176325711447983
1595,0.52,0.14,baseline,True,True,False,12.140473898728414,0.40468246329094715,98.13281274069574,4.062661642740952e-16,3.08767524372394e-15,True,5,0.4397457920234862
1595,0.52,0.14,local,True,True,False,12.140473898728402,0.4046824632909467,98.13281274069735,4.062661642740952e-16,3.08767524372394e-15,True,5,0.4397457920234862
1595,0.52,0.14,multistart,True,False,False,1.9843482545519375,0.06614494181839792,29.62295089673197,7.024135058162834e-15,5.417729326706541e-14,True,4,0.43974579202348707
1595,0.52,0.14,graph,True,False,False,1.9843482545519375,0.06614494181839792,29.62295089673197,7.024135058162834e-15,5.417729326706541e-14,True,4,0.43974579202348707
1595,0.52,0.14,best,True,False,False,1.9843482545519375,0.06614494181839792,29.62295089673197,7.024135058162834e-15,5.417729326706541e-14,True,4,0.43974579202348707
1595,0.52,0.14,screened_graph,True,True,False,12.140473898728414,0.40468246329094715,98.13281274069574,4.062661642740952e-16,3.08767524372394e-15,True,5,0.4397457920234862
1595,0.52,0.14,screened_best,True,True,False,12.140473898728382,0.4046824632909461,98.13281274069233,3.0693450304526864e-15,1.054970809004306e-14,True,5,0.18334871263531394
1595,0.52,0.14,bounded_attempt,False,True,False,9.999999999999996,0.3333333333333332,155.2209440048832,0.0003960112595188134,0.0171302132928961,True,5,0.18260958062595734
1595,0.52,0.14,selected,True,True,False,12.140473898728382,0.4046824632909461,98.13281274069233,3.0693450304526864e-15,1.054970809004306e-14,True,5,0.18334871263531394
1596,0.54,0.14,baseline,True,True,False,12.494309517202904,0.41647698390676346,93.97727396395528,1.2734335527125286e-15,6.2095996797063456e-15,True,5,0.511597647679225
1596,0.54,0.14,local,True,True,False,12.494309517202957,0.41647698390676524,93.97727396395688,9.50197851991224e-16,6.685206728495361e-15,True,5,0.511597647679225
1596,0.54,0.14,multistart,True,False,False,1.9173307541100826,0.06391102513700275,29.45709978321872,5.326558190964353e-15,3.399504148482357e-14,True,4,0.511597647679225
1596,0.54,0.14,graph,True,False,False,1.9173307541101092,0.06391102513700364,29.457099783218823,4.826697791687418e-15,4.267370106495192e-14,True,4,0.5115976476792254
1596,0.54,0.14,best,True,False,False,1.917330754110076,0.06391102513700253,29.457099783218922,2.7599706730399138e-15,1.7143725676521216e-14,True,4,0.5115976476792254
1596,0.54,0.14,screened_graph,True,True,False,12.49430951720293,0.41647698390676435,93.9772739640056,1.5995015905350029e-15,7.360624680228212e-15,True,5,0.5115976476792246
1596,0.54,0.14,screened_best,True,True,False,12.494309517202892,0.416476983906763,93.97727396395528,2.2169738875494737e-15,1.3897876977864681e-14,True,5,0.17390350457188664
1596,0.54,0.14,bounded_attempt,False,True,False,9.999999999999991,0.33333333333333304,101.90393055353636,0.0004241065636992116,0.01909137196018647,True,5,0.1721274986236523
1596,0.54,0.14,selected,True,True,False,12.494309517202892,0.416476983906763,93.97727396395528,2.2169738875494737e-15,1.3897876977864681e-14,True,5,0.17390350457188664
1597,0.56,0.14,baseline,True,True,False,12.966415145512151,0.4322138381837384,100.30849905466965,2.82684780723185e-15,5.0700841772092355e-14,True,5,0.5850499913853029
1597,0.56,0.14,local,True,True,False,12.966415145498416,0.4322138381832805,100.30849905466646,3.477763656540197e-16,7.714787291053783e-16,True,5,0.5850499913853029
1597,0.56,0.14,multistart,True,False,False,1.8536543016755758,0.06178847672251919,29.417046109823232,7.175567858937755e-15,3.616661220356625e-14,True,4,0.5850499913853024
1597,0.56,0.14,graph,True,False,False,1.8536543016755824,0.061788476722519414,29.41704610982343,1.8526742769673934e-14,8.140753984365781e-14,True,4,0.585049991385302
1597,0.56,0.14,best,True,False,False,1.8536543016755758,0.06178847672251919,29.417046109823232,7.175567858937755e-15,3.616661220356625e-14,True,4,0.5850499913853024
1597,0.56,0.14,screened_graph,True,True,False,12.966415145498456,0.43221383818328185,100.3084990550927,5.492817194280829e-15,5.853435699659968e-14,True,5,0.5850499913853024
1597,0.56,0.14,screened_best,True,True,False,12.966415145498376,0.4322138381832792,100.30849905466806,2.269856336252304e-15,1.4132026342897327e-14,True,5,0.16017954599400408
1597,0.56,0.14,bounded_attempt,False,True,False,9.999999999999991,0.33333333333333304,138.4764522250925,0.00046521482189008733,0.021508911260791522,True,5,0.15875991165054248
1597,0.56,0.14,selected,True,True,False,12.966415145498376,0.4322138381832792,100.30849905466806,2.269856336252304e-15,1.4132026342897327e-14,True,5,0.16017954599400408
1598,0.58,0.14,baseline,True,True,False,13.522455693825504,0.4507485231275168,108.79036538972535,5.426552206482569e-16,4.390164793872436e-15,True,5,0.6601520599484967
1598,0.58,0.14,local,True,True,False,13.522455693825504,0.4507485231275168,108.79036538972136,6.08252531697804e-16,4.470984535014315e-15,True,5,0.6601520599484967
1598,0.58,0.14,multistart,True,False,False,1.7920439053280224,0.05973479684426741,29.496971381863936,5.7871706345943105e-15,3.2647128039687155e-14,True,4,0.6601520599484965
1598,0.58,0.14,graph,True,False,False,1.792043905328049,0.0597347968442683,29.496971381864434,1.642856365856396e-14,7.767064614448228e-14,True,4,0.6601520599484962
1598,0.58,0.14,best,True,False,False,1.7920439053280224,0.05973479684426741,29.496971381863936,5.7871706345943105e-15,3.2647128039687155e-14,True,4,0.6601520599484965
1598,0.58,0.14,screened_graph,True,True,False,13.522455693825425,0.4507485231275141,108.79036538972295,7.449722655873865e-15,6.808954126155329e-14,True,5,0.033970696659347155
1598,0.58,0.14,screened_best,True,True,False,13.522455693825368,0.45074852312751224,108.79036538972551,3.1919213647586805e-15,1.8729094307214636e-14,True,5,0.14665445351780715
1598,0.58,0.14,bounded_attempt,False,True,False,9.999999999999998,0.33333333333333326,127.21976984687795,0.0005125669350608971,0.024284126439070065,True,5,0.1454154682430744
1598,0.58,0.14,selected,True,True,False,13.522455693825368,0.45074852312751224,108.79036538972551,3.1919213647586805e-15,1.8729094307214636e-14,True,5,0.14665445351780715
1599,0.6,0.14,baseline,True,True,False,14.313464009555142,0.4771154669851714,122.61330432481286,2.1579848483083323e-15,1.2238255728960157e-14,True,5,0.7202891820883037
1599,0.6,0.14,local,True,True,False,14.313464009555062,0.4771154669851687,122.61330432481286,1.9295615482511576e-15,1.258616057445273e-14,True,5,0.7202891820883028
1599,0.6,0.14,multistart,True,False,False,1.7312950793010429,0.05770983597670143,29.695662288186988,1.1674816325972333e-14,5.914220334858649e-14,True,4,0.736625908115979
1599,0.6,0.14,graph,True,False,False,1.7312950793010828,0.05770983597670276,29.695662288187634,1.5544367578509493e-14,7.646752886521204e-14,True,4,0.7366259081159794
1599,0.6,0.14,best,True,False,False,1.7312950793010295,0.057709835976700985,29.695662288187737,2.5005062616304646e-15,1.2904078461994176e-14,True,4,0.7366259081159783
1599,0.6,0.14,screened_graph,True,True,False,14.313464009554632,0.4771154669851544,122.61330432482842,2.3610191932795496e-15,8.812522871597268e-15,True,5,0.7366259081159783
1599,0.6,0.14,screened_best,True,True,False,14.313464009554602,0.4771154669851534,122.61330432482485,2.6315154774461703e-15,1.2076271715534632e-14,True,5,0.1326225365243241
1599,0.6,0.14,bounded_attempt,False,True,False,9.999999999999998,0.33333333333333326,152.6724459485251,0.0006122589785784372,0.029346055223841934,True,5,0.13129336310522977
1599,0.6,0.14,selected,True,True,False,14.313464009554602,0.4771154669851534,122.61330432482485,2.6315154774461703e-15,1.2076271715534632e-14,True,5,0.1326225365243241
1600,0.62,0.14,baseline,True,True,False,15.531858255362568,0.5177286085120856,146.24111204993577,2.642033400704294e-15,1.4588891285626833e-14,True,5,0.6562826635759151
1600,0.62,0.14,local,True,True,False,15.531858255362595,0.5177286085120865,146.24111204993096,4.579333533000842e-15,2.6358577151605565e-14,True,5,0.6562826635759151
1600,0.62,0.14,multistart,True,False,False,1.7299479871380719,0.057664932904602395,30.016356268095823,1.821377042022605e-15,9.548357355688118e-15,True,3,0.815442348510198
1600,0.62,0.14,graph,True,False,False,1.7299479871380852,0.05766493290460284,30.016356268095823,6.439846836025968e-15,2.7009149613298155e-14,True,3,0.8154423485101985
1600,0.62,0.14,best,True,False,False,1.7299479871380719,0.057664932904602395,30.016356268095823,1.821377042022605e-15,9.548357355688118e-15,True,3,0.815442348510198
1600,0.62,0.14,screened_graph,True,True,False,15.531858255356779,0.5177286085118926,146.2411120501079,3.65829121182998e-15,1.7319738409099572e-14,True,5,0.815442348510198
1600,0.62,0.14,screened_best,True,True,False,15.531858255356749,0.5177286085118916,146.24111205010692,2.753543354491385e-15,1.3884635240484233e-14,True,5,0.11766061568167174
1600,0.62,0.14,bounded_attempt,False,True,False,9.999999999999998,0.33333333333333326,126.33521302676374,0.0007849905730038408,0.038023459775795306,True,5,0.11580264136377227
1600,0.62,0.14,selected,True,True,False,15.531858255356749,0.5177286085118916,146.24111205010692,2.753543354491385e-15,1.3884635240484233e-14,True,5,0.11766061568167174
1601,0.64,0.14,baseline,True,True,False,17.48126103456334,0.5827087011521113,185.12229377203724,2.230009800292878e-15,1.2243860054948734e-14,True,5,0.5845332528860929
1601,0.64,0.14,local,True,True,False,17.481261034563417,0.5827087011521139,185.1222937720421,2.230009800292878e-15,1.2243860054948734e-14,True,5,0.584533252886092
1601,0.64,0.14,multistart,True,False,False,1.7480310145182343,0.05826770048394114,30.46703796891337,8.636623573255792e-15,5.438332211842048e-14,True,3,0.8969290396703156
1601,0.64,0.14,graph,True,False,False,1.748031014518241,0.058267700483941365,30.46703796891297,6.7917275351731984e-15,2.6755544408706123e-14,True,3,0.8969290396703147
1601,0.64,0.14,best,True,False,False,1.7480310145182276,0.05826770048394092,30.46703796891297,3.3711600390421455e-15,1.1705458591634223e-14,True,3,0.8969290396703153
1601,0.64,0.14,screened_graph,True,True,False,17.48126103456325,0.5827087011521084,185.12229377201166,3.684702937273541e-15,1.8389054703906894e-14,True,5,0.8969290396703151
1601,0.64,0.14,screened_best,True,True,False,17.481261034561545,0.5827087011520515,185.12229377200484,2.4789629417461635e-15,1.2748846217078924e-14,True,5,0.10165315710764755
1601,0.64,0.14,bounded_attempt,False,True,False,9.999999999999998,0.33333333333333326,206.57380350486144,0.000989893884735041,0.04827844975610032,True,5,0.0984225952735045
1601,0.64,0.14,selected,True,True,False,17.481261034561545,0.5827087011520515,185.12229377200484,2.4789629417461635e-15,1.2748846217078924e-14,True,5,0.10165315710764755
1602,0.66,0.14,baseline,True,True,False,20.71817072780016,0.690605690926672,240.97589749972448,2.981916491158233e-15,2.853275927295948e-14,True,5,0.5077982075916987
1602,0.66,0.14,local,True,True,False,20.718170727800082,0.6906056909266693,240.9758974996893,3.527033696576492e-15,2.6959690334345895e-14,True,5,0.5077982075916996
1602,0.66,0.14,multistart,True,False,False,1.7744766621221626,0.05914922207073875,31.06123889053066,1.031044919231688e-14,5.299618320427251e-14,True,3,0.9814948981787046
1602,0.66,0.14,graph,True,False,False,1.7744766621221693,0.05914922207073897,31.06123889053106,9.989279478501348e-15,5.240864674917091e-14,True,3,0.9814948981787053
1602,0.66,0.14,best,True,False,False,1.7744766621221608,0.059149222070738694,31.061238890530554,7.559981431898646e-15,2.6747646092044446e-14,True,3,0.9814948981787035
1602,0.66,0.14,screened_graph,True,True,False,20.71817072779872,0.690605690926624,240.97589749894277,1.9173458420030423e-15,3.112200381118e-14,True,5,0.08496054219391524
1602,0.66,0.14,screened_best,True,True,False,20.71817072779872,0.690605690926624,240.97589749894277,1.9173458420030423e-15,3.112200381118e-14,True,5,0.08496054219391524
1602,0.66,0.14,bounded_attempt,False,True,False,9.999999999999991,0.33333333333333304,139.99880270482132,0.0012446702703590006,0.06042522737140233,True,5,0.07855942949402728
1602,0.66,0.14,selected,True,True,False,20.71817072779872,0.690605690926624,240.97589749894277,1.9173458420030423e-15,3.112200381118e-14,True,5,0.08496054219391524
1603,0.68,0.14,baseline,True,True,False,26.290160224781413,0.8763386741593804,331.72684791880175,1.0362907589042387e-15,6.6300477663628954e-15,True,5,0.42940013741849015
1603,0.68,0.14,local,True,True,False,26.290160224781147,0.8763386741593715,331.7268479187929,1.0412040941600139e-15,6.6887952237015714e-15,True,5,0.42940013741849015
1603,0.68,0.14,multistart,True,False,False,1.810580366546115,0.0603526788848705,31.81948337824845,2.839220381588441e-15,1.1338933980776036e-14,True,3,0.9454811664400342
1603,0.68,0.14,graph,True,False,False,1.8105803665461284,0.06035267888487095,31.819483378248048,9.475125050868129e-15,2.8421765546281366e-14,True,3,1.069657980985789
1603,0.68,0.14,best,True,False,False,1.810580366546115,0.0603526788848705,31.81948337824845,2.839220381588441e-15,1.1338933980776036e-14,True,3,0.9454811664400342
1603,0.68,0.14,screened_graph,True,True,False,26.290160224781225,0.8763386741593742,331.72684791879476,1.8914564400730272e-15,1.39672598425821e-14,True,5,0.026822952805337863
1603,0.68,0.14,screened_best,True,True,False,26.29016022478114,0.8763386741593713,331.726847918791,1.7581026613218795e-15,9.5775998166437e-15,True,5,0.5250585950329292
1603,0.68,0.14,bounded_attempt,False,True,False,9.999999999999998,0.33333333333333326,227.17339260620037,0.0016440745610033871,0.07851946539265385,True,5,0.5250585950336424
1603,0.68,0.14,selected,True,True,False,26.29016022478114,0.8763386741593713,331.726847918791,1.7581026613218795e-15,9.5775998166437e-15,True,5,0.5250585950329292
1604,0.7000000000000001,0.14,baseline,True,True,False,35.40783151657102,1.1802610505523674,620.8215619597448,1.1443916996305594e-15,1.3537365849062449e-14,True,5,0.3526083861442517
1604,0.7000000000000001,0.14,local,True,True,False,35.40783151657081,1.1802610505523603,620.8215619597303,1.1151560272405104e-15,1.3806605807923712e-14,True,5,0.3526083861442517
1604,0.7000000000000001,0.14,multistart,True,False,False,1.8583405962075394,0.061944686540251315,32.771626577961975,4.980559976921029e-16,1.1264768534566868e-15,True,3,1.162088318445758
1604,0.7000000000000001,0.14,graph,True,False,False,1.8583405962075428,0.061944686540251426,32.77162657796263,1.1251249036111291e-14,5.0593901326515556e-14,True,3,1.162088318445758
1604,0.7000000000000001,0.14,best,True,False,False,1.8583405962075394,0.061944686540251315,32.771626577961975,4.980559976921029e-16,1.1264768534566868e-15,True,3,1.162088318445758
1604,0.7000000000000001,0.14,screened_graph,True,True,False,35.40783151655173,1.1802610505517244,620.8215619585897,4.5015402367261745e-15,2.5049845208923643e-14,True,5,0.02573975772085113
1604,0.7000000000000001,0.14,screened_best,True,True,False,35.40783151655173,1.1802610505517244,620.8215619585897,4.5015402367261745e-15,2.5049845208923643e-14,True,5,0.02573975772085113
1604,0.7000000000000001,0.14,bounded_attempt,False,True,False,9.999999999999991,0.33333333333333304,196.43036917753324,0.0021297674442670375,0.10033580651934249,True,5,0.02573975772085113
1604,0.7000000000000001,0.14,selected,True,True,False,35.40783151655173,1.1802610505517244,620.8215619585897,4.5015402367261745e-15,2.5049845208923643e-14,True,5,0.02573975772085113
1605,0.72,0.14,baseline,True,True,False,42.756756120992264,1.4252252040330755,1060.272276648803,2.1315848387522293e-15,2.843219251450652e-14,True,5,0.2800654181325761
1605,0.72,0.14,local,True,True,False,42.75675612098826,1.4252252040329418,1060.2722766486781,2.1315848387522293e-15,2.8157052057019637e-14,True,5,0.2800654181325761
1605,0.72,0.14,multistart,True,False,False,1.9208506316995333,0.06402835438998444,33.960379059653526,5.28085841456928e-16,7.49561146956248e-16,True,3,1.2596762625136413
1605,0.72,0.14,graph,True,False,False,1.9208506316995333,0.06402835438998444,33.960379059653526,6.293006791785826e-15,3.2933399306674484e-14,True,3,1.2596762625136402
1605,0.72,0.14,best,True,False,False,1.9208506316995333,0.06402835438998444,33.960379059653526,6.293006791785826e-15,3.2933399306674484e-14,True,3,1.2596762625136402
1605,0.72,0.14,screened_graph,True,True,True,6.857811414832309,0.22859371382774363,264.03301865999225,4.175992152822793e-15,2.953912481225767e-14,True,3,0.19415885867787264
1605,0.72,0.14,screened_best,True,True,True,6.8578114148320894,0.2285937138277363,264.03301866192305,1.923012762884826e-15,1.012525995428108e-14,True,3,1.2596762625136413
1605,0.72,0.14,bounded_attempt,True,True,True,6.8578114147267,0.22859371382422333,264.03301866134956,4.8819808923122397e-14,1.580509650975997e-12,True,3,1.2596762625136417
1605,0.72,0.14,selected,True,True,True,6.8578114147267,0.22859371382422333,264.03301866134956,4.8819808923122397e-14,1.580509650975997e-12,True,3,1.2596762625136417
1607,0.76,0.14,baseline,True,True,False,45.74475149158741,1.5248250497195803,1125.979130587917,5.9625411027019865e-15,3.5805420275956474e-14,True,3,1.4757683609101127
1607,0.76,0.14,local,True,True,False,45.74475149158725,1.524825049719575,1125.979130587916,3.6907871658572345e-15,1.4625339231960425e-14,True,3,1.4757683609101122
1607,0.76,0.14,multistart,True,False,False,2.113310138505038,0.07044367128350126,37.307095440372606,5.792625868816888e-16,1.909993569570205e-15,True,3,1.4757683609101127
1607,0.76,0.14,graph,True,False,False,2.1133101385050597,0.07044367128350199,37.30709544037371,3.318213599523368e-15,4.8415024365534203e-14,True,3,1.4757683609101109
1607,0.76,0.14,best,True,False,False,2.113310138505038,0.07044367128350126,37.307095440372606,5.792625868816888e-16,1.909993569570205e-15,True,3,1.4757683609101127
1607,0.76,0.14,screened_graph,True,True,False,33.60793011525466,1.1202643371751553,588.1096314602987,5.051514762044462e-15,3.029914007961568e-14,True,3,0.9512841788930153
1607,0.76,0.14,screened_best,True,True,False,33.60793011525131,1.1202643371750436,588.1096314602037,4.619469274365294e-15,2.763323087879559e-14,True,3,0.9512841788930153
1607,0.76,0.14,bounded_attempt,False,True,False,10.0,0.3333333333333333,253.2285554897576,0.0016591649284755372,0.08703500337646104,True,3,0.9512841788930171
1607,0.76,0.14,selected,True,True,False,33.60793011525131,1.1202643371750436,588.1096314602037,4.619469274365294e-15,2.763323087879559e-14,True,3,0.9512841788930153
1608,0.78,0.14,baseline,True,True,False,25.669843053843085,0.8556614351281028,444.06044316517955,3.403539838095089e-15,1.9896143682627607e-14,True,3,1.598754267787765
1608,0.78,0.14,local,True,True,False,25.669843053843252,0.8556614351281083,444.06044316518415,3.5211587869594445e-15,2.2602093953562445e-14,True,3,1.5987542677877646
1608,0.78,0.14,multistart,True,False,False,2.2671576572374086,0.07557192190791362,39.60850895656378,4.585973723508303e-16,8.275921921288953e-16,True,3,1.598754267787763
1608,0.78,0.14,graph,True,False,False,2.26715765723742,0.07557192190791401,39.608508956563085,2.4520916145970058e-15,4.717101976483615e-15,True,3,1.503915189716138
1608,0.78,0.14,best,True,False,False,2.2671576572374086,0.07557192190791362,39.608508956562986,6.729811376643827e-15,5.091245672260111e-13,True,3,0.03487408698195438
1608,0.78,0.14,screened_graph,True,True,False,19.508546974639497,0.6502848991546499,312.6181965546614,3.1353052529453796e-15,4.9779413798890806e-14,True,3,0.079412077658084
1608,0.78,0.14,screened_best,True,True,False,19.508546974637234,0.6502848991545744,312.61819655459584,3.9029967507511316e-15,1.3963649481204602e-14,True,3,1.5987542677877662
1608,0.78,0.14,bounded_attempt,False,True,False,9.999999999999991,0.33333333333333304,203.95622245460277,0.0011143429528224892,0.05966568862024972,True,3,1.598754267787764
1608,0.78,0.14,selected,True,True,False,19.508546974637234,0.6502848991545744,312.61819655459584,3.9029967507511316e-15,1.3963649481204602e-14,True,3,1.5987542677877662
1609,0.8,0.14,baseline,True,True,False,17.14170378350605,0.5713901261168683,195.50431373325597,2.798671915539306e-15,1.3944492413902477e-14,True,3,1.736757998067091
1609,0.8,0.14,local,True,True,False,17.14170378350601,0.571390126116867,195.50431373325105,2.8769561221886204e-15,1.3999985405757318e-14,True,3,1.7367579980670922
1609,0.8,0.14,multistart,True,True,True,3.2345243290034422,0.10781747763344807,53.67876318011135,2.1722426525955975e-14,1.096608227231791e-14,True,2,0.6642302799695026
1609,0.8,0.14,graph,True,True,True,3.2345243290034023,0.10781747763344673,53.678763179601134,5.771624960970644e-15,1.4837607377433212e-14,True,2,0.6642302799695008
1609,0.8,0.14,best,True,True,True,3.234524329003279,0.10781747763344263,53.67876318009901,3.4951092187883572e-15,9.502951368934797e-15,True,2,1.400748555551556
1609,0.8,0.14,screened_graph,True,True,True,3.2345243290034023,0.10781747763344673,53.678763179601134,5.771624960970644e-15,1.4837607377433212e-14,True,2,0.6642302799695008
1609,0.8,0.14,screened_best,True,True,True,3.234524329003279,0.10781747763344263,53.67876318009901,3.4951092187883572e-15,9.502951368934797e-15,True,2,1.400748555551556
1609,0.8,0.14,bounded_attempt,True,True,True,3.2345243290093872,0.10781747763364624,53.67876318009733,3.9380309946382063e-13,2.0150181070707812e-12,True,2,1.4007485555515586
1609,0.8,0.14,selected,True,True,True,3.234524329003279,0.10781747763344263,53.67876318009901,3.4951092187883572e-15,9.502951368934797e-15,True,2,1.400748555551556
1625,0.4,0.16,baseline,True,True,False,10.21946088764858,0.34064869625495264,76.22584346391648,2.1032060993323034e-15,1.0919693927068564e-14,True,5,0.04219505314807215
1625,0.4,0.16,local,True,True,False,10.219460887648607,0.34064869625495353,76.22584346391328,2.1045334621020702e-15,1.0907078235121416e-14,True,5,0.04219505314807215
1625,0.4,0.16,multistart,True,False,False,2.821604384117249,0.09405347947057496,39.41708485015874,1.1167748249609267e-14,7.527075337786939e-14,True,1,0.042195053148127215
1625,0.4,0.16,graph,True,False,False,2.821604384117249,0.09405347947057496,39.41708485015874,1.1167748249609267e-14,7.527075337786939e-14,True,1,0.042195053148127215
1625,0.4,0.16,best,True,False,False,2.821604384117249,0.09405347947057496,39.41708485015874,1.1167748249609267e-14,7.527075337786939e-14,True,1,0.042195053148127215
1625,0.4,0.16,screened_graph,True,True,False,10.21946088764854,0.3406486962549513,76.22584346393886,2.4030622849295204e-15,1.987064770796981e-14,True,5,0.042195053148073036
1625,0.4,0.16,screened_best,True,True,False,10.219460887648527,0.34064869625495087,76.22584346391331,2.886713301208607e-15,2.46822691388743e-14,True,5,0.04219505314807259
1625,0.4,0.16,bounded_attempt,False,True,False,9.999999999999991,0.33333333333333304,82.89382446446797,3.925513543706941e-05,0.0011885505183024687,True,5,0.04219505314807215
1625,0.4,0.16,selected,True,True,False,10.219460887648527,0.34064869625495087,76.22584346391331,2.886713301208607e-15,2.46822691388743e-14,True,5,0.04219505314807259
1626,0.42,0.16,baseline,True,True,False,10.472137501658306,0.34907125005527684,88.82171397130605,3.4603589760657435e-15,1.793763784499845e-14,True,5,0.10806038549615726
1626,0.42,0.16,local,True,True,False,10.472137501658318,0.3490712500552773,88.82171397130526,3.4603589760657435e-15,1.793763784499845e-14,True,5,0.10806038549615726
1626,0.42,0.16,multistart,True,False,False,2.5134741967437346,0.08378247322479115,36.349584160975915,6.740620258477728e-15,6.45580728283776e-14,True,1,0.10806038549615637
1626,0.42,0.16,graph,True,False,False,2.513474196743828,0.08378247322479426,36.349584160973514,7.31421298727422e-15,4.249130027773007e-14,True,1,0.10806038549615726
1626,0.42,0.16,best,True,False,False,2.5134741967437346,0.08378247322479115,36.349584160975915,6.740620258477728e-15,6.45580728283776e-14,True,1,0.10806038549615637
1626,0.42,0.16,screened_graph,True,True,False,10.472137501658318,0.3490712500552773,88.82171397130766,2.8470578487519947e-14,3.850024136469225e-13,True,5,0.10806038549615682
1626,0.42,0.16,screened_best,True,True,False,10.472137501657466,0.34907125005524886,88.82171397133163,6.742277230754847e-15,2.8782967701616575e-14,True,5,0.10806038549615682
1626,0.42,0.16,bounded_attempt,False,True,False,9.999999999999964,0.33333333333333215,88.82171397081642,8.342892491560781e-05,0.0027413870029304706,True,5,0.10806038549615682
1626,0.42,0.16,selected,True,True,False,10.472137501657466,0.34907125005524886,88.82171397133163,6.742277230754847e-15,2.8782967701616575e-14,True,5,0.10806038549615682
1627,0.44,0.16,baseline,True,True,False,10.285857794509976,0.34286192648366587,87.31077349410921,1.8720101834143464e-15,9.928129048455085e-15,True,5,0.17480611203792007
1627,0.44,0.16,local,True,True,False,10.285857794510296,0.3428619264836765,87.31077349411001,1.8720101834143464e-15,9.928129048455085e-15,True,5,0.17480611203792007
1627,0.44,0.16,multistart,True,False,False,2.3676505515561708,0.07892168505187236,33.86989410235801,4.072037137502106e-15,2.6186338542747315e-14,True,4,0.1748061120379214
1627,0.44,0.16,graph,True,False,False,2.3676505515561974,0.07892168505187325,33.869894102344226,5.155145208101377e-15,4.625330457819191e-14,True,4,0.1748061120379214
1627,0.44,0.16,best,True,False,False,2.3676505515561708,0.07892168505187236,33.86989410231944,9.331034846030526e-15,7.288941926917583e-14,True,4,0.1748061120379214
1627,0.44,0.16,screened_graph,True,True,False,10.285857794510243,0.34286192648367475,87.31077349410883,2.6341854522096147e-15,2.905014568857869e-14,True,5,0.17480611203792096
1627,0.44,0.16,screened_best,True,True,False,10.285857794509976,0.34286192648366587,87.31077349410921,1.8720101834143464e-15,9.928129048455085e-15,True,5,0.17480611203792007
1627,0.44,0.16,bounded_attempt,False,True,False,9.999999999999991,0.33333333333333304,87.31077349408406,4.485933899868698e-05,0.0015800630636649956,True,5,0.17480611203804308
1627,0.44,0.16,selected,True,True,False,10.285857794509976,0.34286192648366587,87.31077349410921,1.8720101834143464e-15,9.928129048455085e-15,True,5,0.17480611203792007
1628,0.46,0.16,baseline,True,True,False,10.32056340233714,0.34401878007790465,79.59012710732013,3.9883371459390815e-15,2.711072290673083e-14,True,5,0.2424970645819733
1628,0.46,0.16,local,True,True,False,10.3205634023371,0.3440187800779033,79.5901271073197,3.9883371459390815e-15,2.711072290673083e-14,True,5,0.2424970645819733
1628,0.46,0.16,multistart,True,False,False,2.2650988486357537,0.07550329495452512,31.811053682696055,9.415687843806791e-15,7.8192444372904e-14,True,4,0.24249706458197373
1628,0.46,0.16,graph,True,False,False,2.2650988486357804,0.07550329495452601,31.811053682694656,7.199736929929317e-15,9.636149223808889e-14,True,4,0.24249706458197373
1628,0.46,0.16,best,True,False,False,2.2650988486357537,0.07550329495452512,31.811053682696055,9.415687843806791e-15,7.8192444372904e-14,True,4,0.24249706458197373
1628,0.46,0.16,screened_graph,True,True,False,10.320563402337127,0.3440187800779042,79.59012710731733,5.650441472935392e-15,3.639733681319721e-14,True,5,0.1278251707159237
1628,0.46,0.16,screened_best,True,True,False,10.320563402337047,0.34401878007790154,79.59012710732092,3.839760942592917e-15,2.1330110482445612e-14,True,5,0.20763410589950038
1628,0.46,0.16,bounded_attempt,False,True,False,9.999999999999964,0.33333333333333215,79.59012712051437,4.907305167639154e-05,0.0018412791102983255,True,5,0.20763410589950038
1628,0.46,0.16,selected,True,True,False,10.320563402337047,0.34401878007790154,79.59012710732092,3.839760942592917e-15,2.1330110482445612e-14,True,5,0.20763410589950038
1629,0.48,0.16,baseline,True,True,False,10.286712156103661,0.3428904052034554,81.69884625094296,1.3903438010727666e-15,1.0033938698728891e-14,True,5,0.30999472806261963
1629,0.48,0.16,local,True,True,False,10.286712156103675,0.3428904052034558,81.69884625094417,1.3903438010727666e-15,1.0033938698728891e-14,True,5,0.30999472806261963
1629,0.48,0.16,multistart,True,False,False,2.1748897889989216,0.07249632629996405,30.06214800366802,4.714854588435918e-15,3.1000879955613277e-14,True,4,0.3099947280626205
1629,0.48,0.16,graph,True,False,False,2.174889788998935,0.0724963262999645,30.06214800366822,9.202396569355124e-15,7.80803710756966e-14,True,4,0.3099947280626205
1629,0.48,0.16,best,True,False,False,2.1748897889989216,0.07249632629996405,30.06214800366802,4.714854588435918e-15,3.1000879955613277e-14,True,4,0.3099947280626205
1629,0.48,0.16,screened_graph,True,True,False,10.286712156103635,0.3428904052034545,81.69884625094338,5.313145090513748e-15,7.478461809485949e-14,True,5,0.20373481772342572
1629,0.48,0.16,screened_best,True,True,False,10.286712156103635,0.3428904052034545,81.69884625094338,5.313145090513748e-15,7.478461809485949e-14,True,5,0.20373481772342572
1629,0.48,0.16,bounded_attempt,False,True,False,9.999999999999991,0.33333333333333304,81.69884625092978,3.970358308862995e-05,0.0015719607982839913,True,5,0.20373481772342572
1629,0.48,0.16,selected,True,True,False,10.286712156103635,0.3428904052034545,81.69884625094338,5.313145090513748e-15,7.478461809485949e-14,True,5,0.20373481772342572
1630,0.5,0.16,baseline,True,True,False,10.00217449508512,0.3334058165028373,79.26194177125905,1.8413058067847638e-15,1.460625717578411e-14,True,5,0.37854261337780626
1630,0.5,0.16,local,True,True,False,10.002174495084146,0.3334058165028049,79.26194177128862,2.0101246288040005e-15,1.5042346118459142e-14,True,5,0.37854261337780626
1630,0.5,0.16,multistart,True,False,False,2.09400486076464,0.069800162025488,29.377946061628446,7.682129634931413e-15,7.46595386769715e-14,True,4,0.3785426133778067
1630,0.5,0.16,graph,True,False,False,2.09400486076464,0.069800162025488,29.377946061628446,7.682129634931413e-15,7.46595386769715e-14,True,4,0.3785426133778067
1630,0.5,0.16,best,True,False,False,2.0940048607646333,0.06980016202548778,29.377946061628847,4.6497009778816265e-15,1.433986967167615e-14,True,4,0.3785426133778067
1630,0.5,0.16,screened_graph,True,True,False,10.002174495084146,0.3334058165028049,79.26194177129582,5.380574218801273e-15,2.4772240104112776e-14,True,5,0.1969822762655431
1630,0.5,0.16,screened_best,True,True,False,10.002174495084107,0.33340581650280354,79.26194177128822,4.047011346668488e-15,2.241469427915996e-14,True,5,0.1969822762655431
1630,0.5,0.16,bounded_attempt,True,True,True,9.99999999170969,0.33333333305698964,79.26194177128542,2.7801004805402345e-07,1.1593616280672162e-05,True,5,0.1969822762655431
1630,0.5,0.16,selected,True,True,True,9.99999999170969,0.33333333305698964,79.26194177128542,2.7801004805402345e-07,1.1593616280672162e-05,True,5,0.1969822762655431
1631,0.52,0.16,baseline,True,True,False,10.264007022902769,0.34213356743009227,75.58370085282694,1.803258195074518e-15,1.2024780810920995e-14,True,5,0.44848803358469924
1631,0.52,0.16,local,True,True,False,10.264007022902755,0.3421335674300918,75.58370085282694,1.803258195074518e-15,1.2024780810920995e-14,True,5,0.44848803358469924
1631,0.52,0.16,multistart,True,False,False,2.020141359150529,0.06733804530501764,29.102456145617683,4.195592889175418e-15,3.6710023265090413e-14,True,4,0.4484880335846997
1631,0.52,0.16,graph,True,False,False,2.0201413591505557,0.06733804530501852,29.102456145617932,7.28320795297511e-15,1.0100521870254794e-13,True,4,0.44848803358470013
1631,0.52,0.16,best,True,False,False,2.0201413591505157,0.06733804530501719,29.102456145617932,2.278663452567752e-15,1.3830629607560438e-14,True,4,0.4484880335846997
1631,0.52,0.16,screened_graph,True,True,False,10.264007022902796,0.34213356743009316,75.58370085280934,3.0855537731635566e-15,4.340914981070307e-14,True,5,0.18770040286833645
1631,0.52,0.16,screened_best,True,True,False,10.264007022902742,0.3421335674300914,75.58370085280895,2.195543226130338e-15,1.1184107063313321e-14,True,5,0.18770040286833645
1631,0.52,0.16,bounded_attempt,False,True,False,9.999999999999991,0.33333333333333304,75.58370085280895,3.157355020124849e-05,0.0013700439633519542,True,5,0.18770040286833645
1631,0.52,0.16,selected,True,True,False,10.264007022902742,0.3421335674300914,75.58370085280895,2.195543226130338e-15,1.1184107063313321e-14,True,5,0.18770040286833645
1632,0.54,0.16,baseline,True,True,False,10.444682001690065,0.34815606672300214,73.32409554217614,1.0792601309996586e-15,7.196188025721299e-15,True,5,0.5199495261824438
1632,0.54,0.16,local,True,True,False,10.444682001690078,0.3481560667230026,73.32409554217494,8.8470216988485605e-16,6.289934054912568e-15,True,5,0.5199495261824438
1632,0.54,0.16,multistart,True,False,False,1.9514703132061784,0.06504901044020595,28.96192543642942,4.835866452841932e-15,2.330267572545087e-14,True,4,0.5199495261824434
1632,0.54,0.16,graph,True,False,False,1.9514703132061983,0.06504901044020661,28.96192543642922,6.589377664333392e-15,8.26175887757289e-14,True,4,0.5199495261824438
1632,0.54,0.16,best,True,False,False,1.9514703132061784,0.06504901044020595,28.96192543642942,4.835866452841932e-15,2.330267572545087e-14,True,4,0.5199495261824434
1632,0.54,0.16,screened_graph,True,True,False,10.444682001690051,0.3481560667230017,73.32409554217652,4.5438047489769635e-15,3.677969304736324e-14,True,5,0.5199495261824438
1632,0.54,0.16,screened_best,True,True,False,10.444682001690051,0.3481560667230017,73.32409554217652,4.5438047489769635e-15,3.677969304736324e-14,True,5,0.5199495261824438
1632,0.54,0.16,bounded_attempt,False,True,False,9.999999999999991,0.33333333333333304,73.32409554409021,4.838256950355283e-05,0.0021838866814993204,True,5,0.5199495261824465
1632,0.54,0.16,selected,True,True,False,10.444682001690051,0.3481560667230017,73.32409554217652,4.5438047489769635e-15,3.677969304736324e-14,True,5,0.5199495261824438
1633,0.56,0.16,baseline,True,True,False,10.619096392253189,0.35396987974177296,76.7729443467338,1.641103419724397e-15,5.084638744863845e-15,True,5,0.5930778687525908
1633,0.56,0.16,local,True,True,False,10.619096392253203,0.3539698797417734,76.77294434673259,1.641103419724397e-15,5.084638744863845e-15,True,5,0.5930778687525908
1633,0.56,0.16,multistart,True,False,False,1.8864702207039197,0.06288234069013066,28.946190027863228,7.385486951647639e-15,3.944318858485474e-14,True,4,0.5930778687525895
1633,0.56,0.16,graph,True,False,False,1.8864702207039263,0.06288234069013088,28.94619002786373,7.155396006760775e-15,7.079634672543462e-14,True,4,0.5930778687525908
1633,0.56,0.16,best,True,False,False,1.886470220703913,0.06288234069013043,28.946190027863228,2.542174368800419e-15,1.639181872863213e-14,True,4,0.5930778687525908
1633,0.56,0.16,screened_graph,True,True,False,10.619096392253242,0.35396987974177474,76.77294434673259,1.47313877870876e-15,1.2428889684070372e-14,True,5,0.5930778687525904
1633,0.56,0.16,screened_best,True,True,False,10.619096392253189,0.35396987974177296,76.7729443467338,1.641103419724397e-15,5.084638744863845e-15,True,5,0.5930778687525908
1633,0.56,0.16,bounded_attempt,False,True,False,9.999999999999991,0.33333333333333304,96.19041118229568,9.390206012123603e-05,0.0043489953966244915,True,5,0.5930778687525922
1633,0.56,0.16,selected,True,True,False,10.619096392253189,0.35396987974177296,76.7729443467338,1.641103419724397e-15,5.084638744863845e-15,True,5,0.5930778687525908
1634,0.58,0.16,baseline,True,True,False,10.948124332844493,0.3649374777614831,80.2941371900118,2.9080175021498605e-15,1.1790442663555693e-14,True,5,0.6680592859814116
1634,0.58,0.16,local,True,True,False,10.948124332844587,0.3649374777614862,80.29413719001302,2.9080175021498605e-15,1.1790442663555693e-14,True,5,0.6680592859814116
1634,0.58,0.16,multistart,True,False,False,1.8238036531307422,0.060793455104358074,29.050212760526062,8.7634246781956e-15,4.5171370558348136e-14,True,4,0.6680592859814121
1634,0.58,0.16,graph,True,False,False,1.8238036531307822,0.060793455104359406,29.050212760525664,8.76216091475426e-15,4.2320744229923e-14,True,4,0.6680592859814118
1634,0.58,0.16,best,True,False,False,1.8238036531307356,0.06079345510435785,29.050212760526062,2.2862576121397515e-15,1.0007542942009292e-14,True,4,0.6680592859814114
1634,0.58,0.16,screened_graph,True,True,False,10.948124332844534,0.36493747776148444,80.29413719001182,2.7141277501780824e-15,2.212016667450956e-14,True,5,0.6680592859814118
1634,0.58,0.16,screened_best,True,True,False,10.948124332844493,0.3649374777614831,80.2941371900118,2.9080175021498605e-15,1.1790442663555693e-14,True,5,0.6680592859814116
1634,0.58,0.16,bounded_attempt,False,True,False,9.999999999999991,0.33333333333333304,80.29413718995826,0.00016685218827749838,0.007931590546454549,True,5,0.6680592859814132
1634,0.58,0.16,selected,True,True,False,10.948124332844493,0.3649374777614831,80.2941371900118,2.9080175021498605e-15,1.1790442663555693e-14,True,5,0.6680592859814116
1635,0.6,0.16,baseline,True,True,False,11.723818088767125,0.39079393629223746,84.93416033690782,1.3463600052204709e-15,6.602151449837215e-15,True,5,0.7451213407103396
1635,0.6,0.16,local,True,True,False,11.723818088767072,0.3907939362922357,84.93416033690825,1.2300449440205884e-15,8.381263986375841e-15,True,5,0.7451213407103401
1635,0.6,0.16,multistart,True,False,False,1.7622149284034871,0.05874049761344957,29.273544545405695,9.744035495386493e-15,5.874984705098991e-14,True,4,0.7451213407103401
1635,0.6,0.16,graph,True,False,False,1.7622149284035138,0.05874049761345046,29.273544545405894,9.73026917855273e-15,5.881830079379901e-14,True,4,0.7451213407103399
1635,0.6,0.16,best,True,False,False,1.7622149284034871,0.05874049761344957,29.273544545405645,2.424763686264159e-15,8.752571290587758e-15,True,4,0.7451213407103405
1635,0.6,0.16,screened_graph,True,True,False,11.723818088767104,0.3907939362922368,84.93416033690941,2.9432690821353368e-15,3.367428409116868e-14,True,5,0.13540642761997024
1635,0.6,0.16,screened_best,True,True,False,11.723818088767072,0.3907939362922357,84.93416033690825,1.2300449440205884e-15,8.381263986375841e-15,True,5,0.7451213407103401
1635,0.6,0.16,bounded_attempt,False,True,False,9.999999999999991,0.33333333333333304,137.59874438257853,0.00024586360201638794,0.01196102098333562,True,5,0.7451213407103412
1635,0.6,0.16,selected,True,True,False,11.723818088767072,0.3907939362922357,84.93416033690825,1.2300449440205884e-15,8.381263986375841e-15,True,5,0.7451213407103401
1636,0.62,0.16,baseline,True,True,False,12.721386334392616,0.4240462111464205,96.03217485642458,5.271879156568682e-15,3.909252218136673e-14,True,5,0.7766050953988302
1636,0.62,0.16,local,True,True,False,12.721386334392642,0.4240462111464214,96.03217485642777,5.271879156568682e-15,3.909252218136673e-14,True,5,0.7766050953988302
1636,0.62,0.16,multistart,True,False,False,1.7419876880482117,0.05806625626827372,29.620258027967093,6.915205719800193e-15,4.99698586165608e-14,True,3,0.8240602554414862
1636,0.62,0.16,graph,True,False,False,1.7419876880482132,0.058066256268273775,29.620258027967395,1.465276878836424e-14,8.558063754915536e-14,True,3,0.824060255441486
1636,0.62,0.16,best,True,False,False,1.7419876880482117,0.05806625626827372,29.620258027967093,6.915205719800193e-15,4.99698586165608e-14,True,3,0.8240602554414862
1636,0.62,0.16,screened_graph,True,True,False,12.721386334392601,0.42404621114642005,96.03217485665178,2.6950077933603723e-15,3.191601750502833e-14,True,5,0.8240602554414866
1636,0.62,0.16,screened_best,True,True,False,12.721386334392562,0.4240462111464187,96.03217485642656,1.6844799158985882e-15,9.360632333535307e-15,True,5,0.12322290096081812
1636,0.62,0.16,bounded_attempt,False,True,False,9.999999999999991,0.33333333333333304,102.89378384237402,0.00041602244513683337,0.020179028261626177,True,5,0.12322290096081812
1636,0.62,0.16,selected,True,True,False,12.721386334392562,0.4240462111464187,96.03217485642656,1.6844799158985882e-15,9.360632333535307e-15,True,5,0.12322290096081812
1637,0.64,0.16,baseline,True,True,False,14.059518926894793,0.46865063089649306,112.95628084458419,4.165648664845488e-16,1.6781527030943497e-15,True,5,0.7068057535419241
1637,0.64,0.16,local,True,True,False,14.059518926894725,0.46865063089649084,112.95628084458897,4.571251458474092e-16,1.4933310683785607e-15,True,5,0.706805753541925
1637,0.64,0.16,multistart,True,False,False,1.759773602179635,0.0586591200726545,30.099342246646366,9.439385219340762e-15,5.609938725028474e-14,True,3,0.9054153126955351
1637,0.64,0.16,graph,True,False,False,1.7597736021796402,0.05865912007265467,30.099342246646465,4.6487896373097e-15,2.2897409170340242e-14,True,3,0.9054153126955349
1637,0.64,0.16,best,True,False,False,1.759773602179635,0.0586591200726545,30.099342246646366,9.439385219340762e-15,5.609938725028474e-14,True,3,0.9054153126955351
1637,0.64,0.16,screened_graph,True,True,False,14.059518926894699,0.46865063089648995,112.95628084458738,3.850554723265875e-15,5.3364248723545215e-14,True,5,0.07514578872265254
1637,0.64,0.16,screened_best,True,True,False,14.059518926894699,0.46865063089648995,112.95628084458498,2.248030287623391e-15,1.3728706391950471e-14,True,5,0.11520589224388456
1637,0.64,0.16,bounded_attempt,False,True,False,9.999999999999998,0.33333333333333326,160.29610394877974,0.0006062546711997303,0.029609063642292842,True,5,0.11520589224388456
1637,0.64,0.16,selected,True,True,False,14.059518926894699,0.46865063089648995,112.95628084458498,2.248030287623391e-15,1.3728706391950471e-14,True,5,0.11520589224388456
1638,0.66,0.16,baseline,True,True,False,15.868485898363556,0.5289495299454519,141.43690666924982,1.601246556581068e-15,9.41532322166629e-15,True,5,0.6301034721007879
1638,0.66,0.16,local,True,True,False,15.86848589836261,0.5289495299454203,141.4369066692786,1.601246556581068e-15,9.41532322166629e-15,True,5,0.630103472100787
1638,0.66,0.16,multistart,True,False,False,1.7863220036485083,0.05954406678828361,30.725634001674607,9.135390485094761e-15,3.9376991155321503e-14,True,3,0.9899067544499731
1638,0.66,0.16,graph,True,False,False,1.7863220036485183,0.059544066788283945,30.72563400167486,7.264236527347468e-15,6.810981017551527e-14,True,3,0.9899067544499722
1638,0.66,0.16,best,True,False,False,1.7863220036485083,0.05954406678828361,30.725634001674607,9.135390485094761e-15,3.9376991155321503e-14,True,3,0.9899067544499731
1638,0.66,0.16,screened_graph,True,True,False,15.868485898362577,0.5289495299454192,141.43690666925178,4.497431116530025e-15,5.892117890072756e-14,True,5,0.7146247273929891
1638,0.66,0.16,screened_best,True,True,False,15.86848589836247,0.5289495299454157,141.43690666925616,3.8952109949111974e-15,1.5708373092766817e-14,True,5,0.9899067544499727
1638,0.66,0.16,bounded_attempt,False,True,False,9.999999999999998,0.33333333333333326,150.96241599711175,0.0008242087447292934,0.0403255562403842,True,5,0.9899067544499738
1638,0.66,0.16,selected,True,True,False,15.86848589836247,0.5289495299454157,141.43690666925616,3.8952109949111974e-15,1.5708373092766817e-14,True,5,0.9899067544499727
1639,0.68,0.16,baseline,True,True,False,18.171457397805728,0.6057152465935243,196.58560683302954,7.221785298249066e-16,3.916149677349445e-15,True,5,0.5491863253845315
1639,0.68,0.16,local,True,True,False,18.171457397805703,0.6057152465935234,196.5856068330319,6.050779143449325e-16,2.6115695878261632e-15,True,5,0.5491863253845315
1639,0.68,0.16,multistart,True,False,False,1.8229666081487068,0.06076555360495689,31.521464352989874,6.4963020177933e-15,6.444572947981963e-14,True,3,1.0780569206133606
1639,0.68,0.16,graph,True,False,False,1.8229666081487068,0.06076555360495689,31.521464352989874,6.4963020177933e-15,6.444572947981963e-14,True,3,1.0780569206133606
1639,0.68,0.16,best,True,False,False,1.8229666081487068,0.06076555360495689,31.521464352989874,6.4963020177933e-15,6.444572947981963e-14,True,3,1.0780569206133606
1639,0.68,0.16,screened_graph,True,True,False,18.171457397805632,0.605715246593521,196.58560683302898,1.1084912873671034e-14,3.8963827269827927e-14,True,5,0.09932269004274463
1639,0.68,0.16,screened_best,True,True,False,18.171457397804875,0.6057152465934958,196.58560683303153,2.2837290315185457e-15,2.346456730009653e-14,True,5,0.09932269004274463
1639,0.68,0.16,bounded_attempt,False,True,False,9.999999999999995,0.33333333333333315,140.83370021190171,0.0011792267182248728,0.05619878471750117,True,5,0.09778679189782746
1639,0.68,0.16,selected,True,True,False,18.171457397804875,0.6057152465934958,196.58560683303153,2.2837290315185457e-15,2.346456730009653e-14,True,5,0.09932269004274463
1640,0.7000000000000001,0.16,baseline,True,True,False,22.442007013694404,0.7480669004564802,302.14099014434424,2.5294528792307707e-15,1.2859393130730665e-14,True,5,0.467107550840705
1640,0.7000000000000001,0.16,local,True,True,False,22.442007013694433,0.748066900456481,302.1409901443463,2.5294528792307707e-15,1.2859393130730665e-14,True,5,0.467107550840705
1640,0.7000000000000001,0.16,multistart,True,False,False,1.8717862239139738,0.06239287413046579,32.51932854046844,3.4806698084087073e-15,1.2738966856207811e-14,True,3,1.1705441942442083
1640,0.7000000000000001,0.16,graph,True,False,False,1.8717862239139837,0.062392874130466125,32.51932854046898,6.207219722905556e-15,6.245660445476969e-14,True,3,1.1705441942442085
1640,0.7000000000000001,0.16,best,True,False,False,1.8717862239139604,0.06239287413046535,32.51932854046924,1.2175228115555453e-13,1.0400035959757635e-11,True,3,0.0005573587012799308
1640,0.7000000000000001,0.16,screened_graph,True,True,False,22.44200701369426,0.7480669004564753,302.1409901443355,2.829707818271062e-15,1.9017441092920214e-14,True,5,1.0182904860338455
1640,0.7000000000000001,0.16,screened_best,True,True,False,22.44200701369377,0.7480669004564591,302.14099014432367,1.2619633398057985e-15,5.178484015027611e-15,True,5,0.07699077948107647
1640,0.7000000000000001,0.16,bounded_attempt,False,True,False,9.999999999999998,0.33333333333333326,234.40590903726553,0.001665763123150144,0.078163518111563,True,5,0.0708090736350746
1640,0.7000000000000001,0.16,selected,True,True,False,22.44200701369377,0.7480669004564591,302.14099014432367,1.2619633398057985e-15,5.178484015027611e-15,True,5,0.07699077948107647
1641,0.72,0.16,baseline,True,True,False,32.67935448699487,1.0893118162331623,521.2336745861123,2.602668015786644e-15,1.6603833594611803e-14,True,5,0.38673945377743024
1641,0.72,0.16,local,True,True,False,32.679354486995,1.0893118162331668,521.2336745861163,1.7289406776067908e-15,1.2032388168757654e-14,True,5,0.38673945377743024
1641,0.72,0.16,multistart,True,False,False,1.9360202655345304,0.06453400885115101,33.76599490725037,7.153457808806092e-16,9.176211684285906e-16,True,3,0.8498768390077771
1641,0.72,0.16,graph,True,False,False,1.9360202655345489,0.06453400885115163,33.765994907250814,7.508601428562355e-15,4.7690096670394014e-14,True,3,1.268273429658578
1641,0.72,0.16,best,True,False,False,1.9360202655345304,0.06453400885115101,33.76599490725037,7.153457808806092e-16,9.176211684285906e-16,True,3,0.8498768390077771
1641,0.72,0.16,screened_graph,True,True,False,32.67935448699593,1.0893118162331978,521.2336745864561,3.737559051790879e-15,3.099879156280188e-14,True,5,0.06350135513014354
1641,0.72,0.16,screened_best,True,True,False,32.67935448699038,1.0893118162330127,521.2336745859784,3.630812288777291e-15,1.9698581223719022e-14,True,5,0.057622458848577196
1641,0.72,0.16,bounded_attempt,False,True,False,10.0,0.3333333333333333,194.4719300400556,0.0022579339263468735,0.10392281859749897,True,5,0.038071313285851005
1641,0.72,0.16,selected,True,True,False,32.67935448699038,1.0893118162330127,521.2336745859784,3.630812288777291e-15,1.9698581223719022e-14,True,5,0.057622458848577196
1642,0.74,0.16,baseline,True,True,False,45.24217215708793,1.5080724052362642,2009.3603128866166,9.900690440241441e-15,3.469204628913413e-14,True,3,1.3724948236177046
1642,0.74,0.16,local,True,True,False,49.56973312573806,1.652324437524602,1185.9655549847682,5.542399969957738e-15,2.7242988232239657e-14,True,5,0.3102727152994822
1642,0.74,0.16,multistart,True,False,False,2.0208711309726946,0.06736237103242315,35.32812168586141,4.685680459230494e-16,6.700637488708164e-16,True,3,0.006711904699777449
1642,0.74,0.16,graph,True,False,False,2.020871130972708,0.0673623710324236,35.328121685862214,3.77682408024309e-15,1.292520611839688e-14,True,3,0.8056682170743308
1642,0.74,0.16,best,True,False,False,2.0208711309726914,0.06736237103242304,35.32812168586267,1.3907094506733264e-14,7.126695795022331e-14,True,3,1.3724948236177048
1642,0.74,0.16,screened_graph,True,True,False,11.111742843196138,0.3703914281065379,493.98665202802795,3.959938661165765e-15,1.688496834100501e-14,True,3,0.2413525452420764
1642,0.74,0.16,screened_best,True,True,False,11.111742843196138,0.3703914281065379,493.98665202802795,3.959938661165765e-15,1.688496834100501e-14,True,3,0.2413525452420764
1642,0.74,0.16,bounded_attempt,True,True,True,9.999999999999991,0.33333333333333304,442.1974243169444,1.5926612787837617e-05,0.000808662649848111,True,3,0.24135254524207284
1642,0.74,0.16,selected,True,True,True,9.999999999999991,0.33333333333333304,442.1974243169444,1.5926612787837617e-05,0.000808662649848111,True,3,0.24135254524207284
1643,0.76,0.16,baseline,True,True,False,15.049013063818123,0.5016337687939374,697.1307525574999,3.25158078720222e-15,1.0939641139325205e-14,True,5,1.485018795095016
1643,0.76,0.16,local,True,True,False,15.049013063818363,0.5016337687939454,697.1307525575191,4.509426938959388e-15,1.6530356131874804e-14,True,5,1.4850187950950156
1643,0.76,0.16,multistart,True,False,False,2.1351911291494785,0.07117303763831595,37.295761529325326,2.272908815334289e-15,8.288330319961263e-15,True,3,0.7576474231229886
1643,0.76,0.16,graph,True,False,False,2.1351911291494887,0.07117303763831628,37.29576152932492,4.726604209672303e-16,7.075992132256859e-16,True,3,1.4850187950950173
1643,0.76,0.16,best,True,False,False,2.135191129149465,0.0711730376383155,37.29576152932612,4.679181763916834e-15,1.3861633353202657e-14,True,3,1.4850187950950167
1643,0.76,0.16,screened_graph,True,True,False,15.049013063817656,0.5016337687939219,697.130752557471,3.4535621541526818e-15,1.799536549734566e-14,True,5,0.058934098365773124
1643,0.76,0.16,screened_best,True,True,False,15.049013063817416,0.5016337687939139,697.1307525574622,1.684937189043326e-15,9.545929587556048e-15,True,5,1.4850187950950164
1643,0.76,0.16,bounded_attempt,False,True,False,9.999999999999991,0.33333333333333304,394.2322406179995,2.2817332494802723e-05,0.0013067967166785369,True,5,1.4850187950950149
1643,0.76,0.16,selected,True,True,False,15.049013063817416,0.5016337687939139,697.1307525574622,1.684937189043326e-15,9.545929587556048e-15,True,5,1.4850187950950164
1644,0.78,0.16,baseline,True,True,False,39.376845637922386,1.3125615212640795,849.2599849063523,1.1067899029479861e-14,5.6429212619919295e-14,True,3,1.608642241585418
1644,0.78,0.16,local,True,True,False,39.37684563792243,1.3125615212640809,849.2599849063557,4.806545311747926e-15,2.3555516012866854e-14,True,3,1.608642241585419
1644,0.78,0.16,multistart,True,True,True,2.295505836687875,0.07651686122292917,39.75114029470968,4.878984946956307e-16,6.074748296847652e-16,True,3,1.6086422415854194
1644,0.78,0.16,graph,True,True,True,2.2955058366879033,0.07651686122293011,39.75114029470848,5.649401797217783e-15,4.238278222937853e-13,True,3,0.0008083228590551883
1644,0.78,0.16,best,True,True,True,2.295505836687867,0.07651686122292889,39.75114029471097,1.9258389700449595e-14,2.5171998972069955e-14,True,3,1.6086422415854194
1644,0.78,0.16,screened_graph,True,True,True,2.2955058366879033,0.07651686122293011,39.75114029470848,5.649401797217783e-15,4.238278222937853e-13,True,3,0.0008083228590551883
1644,0.78,0.16,screened_best,True,True,True,2.295505836687867,0.07651686122292889,39.75114029471097,1.9258389700449595e-14,2.5171998972069955e-14,True,3,1.6086422415854194
1644,0.78,0.16,bounded_attempt,True,True,True,2.2955058366879,0.07651686122293,39.75114029470968,3.8542333856187796e-13,2.2486047067738117e-12,True,3,1.6086422415854196
1644,0.78,0.16,selected,True,True,True,2.295505836687867,0.07651686122292889,39.75114029471097,1.9258389700449595e-14,2.5171998972069955e-14,True,3,1.6086422415854194
1645,0.8,0.16,baseline,True,True,False,20.985686431100394,0.6995228810366798,289.5937061029243,4.3738595454800894e-15,2.1503541525473533e-14,True,3,1.7481132841833669
1645,0.8,0.16,local,True,True,False,20.985686431100525,0.6995228810366841,289.5937061029237,4.35187599790324e-15,2.1625967627404455e-14,True,3,1.748113284183367
1645,0.8,0.16,multistart,True,True,True,3.658269598655814,0.12194231995519379,129.35586267706077,8.298418143508102e-15,2.853827370365708e-14,True,2,1.7481132841833658
1645,0.8,0.16,graph,True,True,True,3.658269598656399,0.12194231995521329,129.3558626749562,1.0733054892483888e-13,4.4608227459488767e-14,True,2,0.6369707903049191
1645,0.8,0.16,best,True,True,True,3.6582695986558083,0.12194231995519361,129.35586267725722,3.0485681130056856e-15,8.318703599300845e-15,True,2,1.3717230247943073
1645,0.8,0.16,screened_graph,True,True,True,3.658269598656399,0.12194231995521329,129.3558626749562,1.0733054892483888e-13,4.4608227459488767e-14,True,2,0.6369707903049191
1645,0.8,0.16,screened_best,True,True,True,3.6582695986558083,0.12194231995519361,129.35586267725722,3.0485681130056856e-15,8.318703599300845e-15,True,2,1.3717230247943073
1645,0.8,0.16,bounded_attempt,True,True,True,3.6582695986564255,0.12194231995521418,129.3558627037517,2.9024388461339215e-13,2.226029574203857e-12,True,2,1.3717230247943073
1645,0.8,0.16,selected,True,True,True,3.6582695986558083,0.12194231995519361,129.35586267725722,3.0485681130056856e-15,8.318703599300845e-15,True,2,1.3717230247943073
1671,0.6,0.18,baseline,True,True,False,10.207248285928326,0.3402416095309442,74.36576789253353,1.8064594370673625e-15,1.4688833975724567e-14,True,5,0.7569000127978873
1671,0.6,0.18,local,True,True,False,10.207248285928259,0.34024160953094196,74.36576789253233,1.7308889685617573e-15,1.3274707965569239e-14,True,5,0.7569000127978871
1671,0.6,0.18,multistart,True,False,False,1.787844200840163,0.0595948066946721,28.742151473853905,1.0770450891691211e-14,6.393337677281795e-14,True,4,0.7569000127978875
1671,0.6,0.18,graph,True,False,False,1.7878442008401763,0.05959480669467254,28.742151473853507,9.890414197158831e-15,5.724009452706655e-14,True,4,0.7569000127978871
1671,0.6,0.18,best,True,False,False,1.787844200840163,0.0595948066946721,28.742151473853905,1.0770450891691211e-14,6.393337677281795e-14,True,4,0.7569000127978875
1671,0.6,0.18,screened_graph,True,True,False,10.207248285928232,0.34024160953094107,74.36576789256031,4.749124171121454e-15,8.326609413361763e-14,True,5,0.10791461453475737
1671,0.6,0.18,screened_best,True,True,False,10.207248285928232,0.34024160953094107,74.36576789250715,8.978274479895282e-15,2.564652828605375e-14,True,5,0.13282683893579605
1671,0.6,0.18,bounded_attempt,False,True,False,9.999999999999979,0.3333333333333326,74.36576789248677,2.04634198971846e-05,0.001006238909201108,True,5,0.13282683893579605
1671,0.6,0.18,selected,True,True,False,10.207248285928232,0.34024160953094107,74.36576789250715,8.978274479895282e-15,2.564652828605375e-14,True,5,0.13282683893579605
1672,0.62,0.18,baseline,True,True,False,10.903926829511198,0.36346422765037323,82.08954905790335,1.6328678498303803e-15,9.318976209832685e-15,True,5,0.8360781235905221
1672,0.62,0.18,local,True,True,False,10.903926829511583,0.3634642276503861,82.08954905790455,4.484050470211362e-16,2.2773952973155154e-15,True,5,0.8360781235905219
1672,0.62,0.18,multistart,True,False,False,1.7481237447142295,0.058270791490474316,29.124628359024964,1.783714177812049e-15,1.4250045828029222e-14,True,3,0.836078123590523
1672,0.62,0.18,graph,True,False,False,1.7481237447142437,0.05827079149047479,29.124628359024463,1.498844771939206e-14,8.749202042787953e-14,True,3,0.8360781235905224
1672,0.62,0.18,best,True,False,False,1.7481237447142295,0.058270791490474316,29.124628359024964,1.783714177812049e-15,1.4250045828029222e-14,True,3,0.836078123590523
1672,0.62,0.18,screened_graph,True,True,False,10.903926829511597,0.36346422765038655,82.08954905790455,1.4602703977091186e-15,9.45155867524139e-15,True,5,0.12648564611958157
1672,0.62,0.18,screened_best,True,True,False,10.903926829511198,0.36346422765037323,82.08954905790335,1.6328678498303803e-15,9.318976209832685e-15,True,5,0.8360781235905221
1672,0.62,0.18,bounded_attempt,False,True,False,9.999999999999979,0.3333333333333326,102.66455994512339,0.00010786625462565221,0.005255962621098636,True,5,0.8360781235905252
1672,0.62,0.18,selected,True,True,False,10.903926829511198,0.36346422765037323,82.08954905790335,1.6328678498303803e-15,9.318976209832685e-15,True,5,0.8360781235905221
1673,0.64,0.18,baseline,True,True,False,11.874152583064395,0.3958050861021465,109.02889709942939,2.6176097805338498e-15,1.5758704052008372e-14,True,5,0.797681822400536
1673,0.64,0.18,local,True,True,False,11.874152583064475,0.39580508610214915,109.02889709942579,2.648658606809293e-15,1.5758704052008372e-14,True,5,0.797681822400536
1673,0.64,0.18,multistart,True,False,False,1.7661477596613517,0.058871591988711724,29.64036411253086,1.1877116414964102e-14,6.750810981895132e-14,True,3,0.9179922980478707
1673,0.64,0.18,graph,True,False,False,1.7661477596613526,0.05887159198871175,29.64036411253131,7.974549290818182e-15,7.31961215206004e-14,True,3,0.9179922980478707
1673,0.64,0.18,best,True,False,False,1.7661477596613508,0.0588715919887117,29.640364112531557,3.3472809927562375e-15,1.0095757559110914e-14,True,3,0.9179922980478707
1673,0.64,0.18,screened_graph,True,True,False,11.874152583064435,0.3958050861021478,109.02889709757507,3.577886408810805e-15,5.886363337592891e-14,True,5,0.0786866580627672
1673,0.64,0.18,screened_best,True,True,False,11.874152583064395,0.3958050861021465,109.02889709942939,2.6176097805338498e-15,1.5758704052008372e-14,True,5,0.797681822400536
1673,0.64,0.18,bounded_attempt,False,True,False,9.999999999999991,0.33333333333333304,109.02889721921836,0.0002647793266910578,0.01299849816168386,True,5,0.797681822401274
1673,0.64,0.18,selected,True,True,False,11.874152583064395,0.3958050861021465,109.02889709942939,2.6176097805338498e-15,1.5758704052008372e-14,True,5,0.797681822400536
1674,0.66,0.18,baseline,True,True,False,13.26673525992122,0.4422245086640406,120.14541896971387,2.9961883546896355e-15,9.870180846109465e-15,True,5,0.7228179351120039
1674,0.66,0.18,local,True,True,False,13.266735259920832,0.44222450866402774,120.14541896971805,2.9031124727838194e-15,9.809397272332652e-15,True,5,0.7228179351120039
1674,0.66,0.18,multistart,True,False,False,1.7932544084172053,0.059775146947240176,30.305961183468963,7.093979803103366e-15,6.699194316670448e-14,True,3,1.0023847244446165
1674,0.66,0.18,graph,True,False,False,1.7932544084172053,0.059775146947240176,30.305961183468963,7.093979803103366e-15,6.699194316670448e-14,True,3,1.0023847244446165
1674,0.66,0.18,best,True,False,False,1.7932544084172053,0.059775146947240176,30.305961183468963,7.093979803103366e-15,6.699194316670448e-14,True,3,1.0023847244446165
1674,0.66,0.18,screened_graph,True,True,False,13.266735259920873,0.44222450866402907,120.14541896972362,5.406640795901783e-15,7.233455376257953e-14,True,5,0.07539937282009124
1674,0.66,0.18,screened_best,True,True,False,13.26673525992082,0.4422245086640273,120.14541896970785,4.483470598604712e-15,6.204893888304775e-14,True,5,0.11545529967996959
1674,0.66,0.18,bounded_attempt,False,True,False,9.999999999999991,0.33333333333333304,137.20249783643644,0.0004908420380827825,0.024184726234834794,True,5,0.11545529967996959
1674,0.66,0.18,selected,True,True,False,13.26673525992082,0.4422245086640273,120.14541896970785,4.483470598604712e-15,6.204893888304775e-14,True,5,0.11545529967996959
1675,0.68,0.18,baseline,True,True,False,15.311217627813397,0.5103739209271132,138.14345085064215,2.4014989524185886e-15,1.2855238750342891e-14,True,5,0.6421493100794029
1675,0.68,0.18,local,True,True,False,15.311217627813303,0.5103739209271101,138.14345085064298,1.1433814963738287e-15,5.096668350321752e-15,True,5,0.6421493100794029
1675,0.68,0.18,multistart,True,False,False,1.8308434926275148,0.061028116420917156,31.146012390421948,2.3159279570237096e-15,1.4946699605465954e-14,True,3,1.0905272120471636
1675,0.68,0.18,graph,True,False,False,1.8308434926275197,0.06102811642091732,31.146012390421696,8.498284072126904e-15,3.3501255188080864e-14,True,3,1.0905272120471632
1675,0.68,0.18,best,True,False,False,1.830843492627513,0.0610281164209171,31.146012390421497,7.480063259917005e-15,2.282750833551379e-14,True,3,1.0905272120471652
1675,0.68,0.18,screened_graph,True,True,False,15.311217627813104,0.5103739209271034,138.1434508506414,1.978448892181099e-15,2.5043101248442645e-14,True,5,0.08034374985044224
1675,0.68,0.18,screened_best,True,True,False,15.311217627812663,0.5103739209270888,138.14345085064335,1.0477500027681815e-15,8.44539341481925e-15,True,5,0.08034374985044224
1675,0.68,0.18,bounded_attempt,False,True,False,9.999999999999991,0.33333333333333304,181.0176001080081,0.0008286053572246537,0.039485359415696565,True,5,0.08020990952869766
1675,0.68,0.18,selected,True,True,False,15.311217627812663,0.5103739209270888,138.14345085064335,1.0477500027681815e-15,8.44539341481925e-15,True,5,0.08034374985044224
1676,0.7000000000000001,0.18,baseline,True,True,False,18.2977960279844,0.6099265342661466,191.71490840579716,1.1373861013942918e-15,5.87110625403011e-15,True,5,0.5582097112824531
1676,0.7000000000000001,0.18,local,True,True,False,18.297796027981043,0.6099265342660347,191.7149084058951,1.8354390915315477e-15,7.846605304654388e-15,True,5,0.5582097112824531
1676,0.7000000000000001,0.18,multistart,True,False,False,1.8811045821544958,0.06270348607181653,32.196181332469735,2.5711387621264606e-15,9.260525855384827e-15,True,3,0.8747693515470809
1676,0.7000000000000001,0.18,graph,True,False,False,1.8811045821545076,0.06270348607181692,32.19618133246988,1.624960361385337e-14,7.671308227897981e-14,True,3,1.1831113497681973
1676,0.7000000000000001,0.18,best,True,False,False,1.8811045821544958,0.06270348607181653,32.19618133246933,8.903441835098303e-16,3.149347741254625e-15,True,3,1.1831113497681962
1676,0.7000000000000001,0.18,screened_graph,True,True,False,18.29779602798435,0.6099265342661451,191.7149084057959,4.04812953236456e-15,7.546924805812305e-14,True,5,0.09409923171402212
1676,0.7000000000000001,0.18,screened_best,True,True,False,18.29779602798067,0.6099265342660223,191.7149084059071,2.657877167216796e-15,2.2030341233802696e-14,True,5,0.09409923171402212
1676,0.7000000000000001,0.18,bounded_attempt,False,True,False,9.999999999999991,0.33333333333333304,143.40453028465353,0.0012424648924905285,0.05822833480765003,True,5,0.09368214353882731
1676,0.7000000000000001,0.18,selected,True,True,False,18.29779602798067,0.6099265342660223,191.7149084059071,2.657877167216796e-15,2.2030341233802696e-14,True,5,0.09409923171402212
1677,0.72,0.18,baseline,True,True,False,22.064442634502846,0.7354814211500948,304.3679060295537,2.1083278472869773e-15,8.08632375087954e-15,True,5,0.4736590135544301
1677,0.72,0.18,local,True,True,False,22.064442634502978,0.7354814211500993,304.36790602955375,1.5133789643923629e-15,7.657143614551946e-15,True,5,0.4736590135544301
1677,0.72,0.18,multistart,True,False,False,1.947464419626348,0.0649154806542116,33.50801359487772,6.235143498781338e-15,1.7272525531280968e-14,True,3,1.2810646521088285
1677,0.72,0.18,graph,True,False,False,1.9474644196263564,0.06491548065421188,33.508013594877866,8.850547614136394e-15,3.289920245587459e-14,True,3,1.2810646521088271
1677,0.72,0.18,best,True,False,False,1.947464419626348,0.0649154806542116,33.50801359487692,5.36049202688126e-16,2.467908607139321e-15,True,3,0.8329706524758063
1677,0.72,0.18,screened_graph,True,True,False,22.064442634502846,0.7354814211500948,304.3679060295537,2.1083278472869773e-15,8.08632375087954e-15,True,5,0.4736590135544301
1677,0.72,0.18,screened_best,True,True,False,22.064442634495226,0.7354814211498408,304.367906029781,7.117992991917306e-15,6.001064192049814e-15,True,5,0.10209062370854394
1677,0.72,0.18,bounded_attempt,False,True,False,9.999999999999998,0.33333333333333326,218.92712963234024,0.0017385325600975153,0.0794806012744829,True,5,0.10209062370854483
1677,0.72,0.18,selected,True,True,False,22.064442634495226,0.7354814211498408,304.367906029781,7.117992991917306e-15,6.001064192049814e-15,True,5,0.10209062370854394
1678,0.74,0.18,baseline,True,True,False,32.00538400751,1.0668461335836668,600.4021144979093,1.0867291483613812e-15,6.971237901675132e-15,True,5,0.3907673223794319
1678,0.74,0.18,local,True,True,False,32.005384007509605,1.0668461335836534,600.4021144978952,1.9374266577527955e-14,8.068669594411246e-14,True,5,0.3907673223794319
1678,0.74,0.18,multistart,True,False,False,2.035455337495997,0.06784851124986657,35.15581131922829,6.093597404471837e-16,1.0115880399209442e-15,True,3,1.3856758484919018
1678,0.74,0.18,graph,True,False,False,2.0354553374960123,0.06784851124986707,35.15581131922849,2.150353256913328e-14,1.1272685605914176e-13,True,3,1.3856758484919005
1678,0.74,0.18,best,True,False,False,2.035455337495997,0.06784851124986657,35.15581131922829,6.093597404471837e-16,1.0115880399209442e-15,True,3,1.3856758484919018
1678,0.74,0.18,screened_graph,True,True,False,32.00538400750563,1.066846133583521,600.4021144977066,3.15010498959333e-15,3.379940253262413e-14,True,5,0.05281063749044179
1678,0.74,0.18,screened_best,True,True,False,32.00538400750563,1.066846133583521,600.4021144977066,3.15010498959333e-15,3.379940253262413e-14,True,5,0.05281063749044179
1678,0.74,0.18,bounded_attempt,False,True,False,9.999999999999991,0.33333333333333304,220.69388076684044,0.0025317977866254116,0.10947034454096538,True,5,0.039845246482957286
1678,0.74,0.18,selected,True,True,False,32.00538400750563,1.066846133583521,600.4021144977066,3.15010498959333e-15,3.379940253262413e-14,True,5,0.05281063749044179
1679,0.76,0.18,baseline,True,True,False,33.874217592337175,1.1291405864112392,1443.7572161821763,1.1896105762541543e-15,8.606114221358778e-15,True,3,1.4988232945575368
1679,0.76,0.18,local,True,True,False,33.87421759233739,1.1291405864112463,1443.757216182183,3.3702744140510337e-15,1.469604654196443e-14,True,3,1.4988232945575368
1679,0.76,0.18,multistart,True,False,False,2.154554432460438,0.0718184810820146,37.242247580123376,5.959374814064025e-16,7.118794516482716e-16,True,3,1.4988232945575393
1679,0.76,0.18,graph,True,False,False,2.154554432460443,0.07181848108201477,37.24224758012403,4.449557262054371e-16,7.119808975140224e-16,True,3,1.498823294557538
1679,0.76,0.18,best,True,False,False,2.1545544324604333,0.07181848108201444,37.24224758012423,3.7902370164902975e-15,1.057583836477093e-14,True,3,1.4988232945575366
1679,0.76,0.18,screened_graph,True,True,False,10.330325975166614,0.3443441991722205,93.57456141798282,3.4411597264679417e-15,3.108387193866075e-14,True,3,0.5008393066800698
1679,0.76,0.18,screened_best,True,True,False,10.330325975166488,0.34434419917221626,93.5745614182752,1.6699540590904642e-15,1.121152211977165e-14,True,3,1.4988232945575375
1679,0.76,0.18,bounded_attempt,False,True,False,9.999999999999991,0.33333333333333304,99.86181973708037,5.780450091217835e-05,0.0021932873808197884,True,3,1.498823294557538
1679,0.76,0.18,selected,True,True,False,10.330325975166488,0.34434419917221626,93.5745614182752,1.6699540590904642e-15,1.121152211977165e-14,True,3,1.4988232945575375
1680,0.78,0.18,baseline,True,True,False,44.15568362434883,1.4718561208116276,2107.3801577499153,8.194713253122048e-15,4.970002028295751e-14,True,5,1.6234331694257769
1680,0.78,0.18,local,True,True,False,50.66199899102082,1.688733299700694,1381.5926484532795,9.312409254798829e-15,4.8711430412506326e-14,True,3,1.6234331694257769
1680,0.78,0.18,multistart,True,True,True,2.3226151263873955,0.07742050421291319,39.8679594535372,6.736090074350496e-16,6.074925641618875e-16,True,3,1.6234331694257762
1680,0.78,0.18,graph,True,True,True,2.322615126387401,0.07742050421291335,39.8679594535386,1.481482286301019e-15,2.378705053566724e-15,True,3,0.6845984722791902
1680,0.78,0.18,best,True,True,True,2.322615126387384,0.0774205042129128,39.8679594535372,1.7079266652198235e-15,2.6072980406835412e-15,True,3,0.6845984722791902
1680,0.78,0.18,screened_graph,True,True,True,2.322615126387401,0.07742050421291335,39.8679594535386,1.481482286301019e-15,2.378705053566724e-15,True,3,0.6845984722791902
1680,0.78,0.18,screened_best,True,True,True,2.322615126387384,0.0774205042129128,39.8679594535372,1.7079266652198235e-15,2.6072980406835412e-15,True,3,0.6845984722791902
1680,0.78,0.18,bounded_attempt,True,True,True,2.3226151263874106,0.07742050421291369,39.867959453538006,4.1631621169507453e-13,2.2175083191732503e-12,True,3,0.6845984722791902
1680,0.78,0.18,selected,True,True,True,2.322615126387384,0.0774205042129128,39.8679594535372,1.7079266652198235e-15,2.6072980406835412e-15,True,3,0.6845984722791902
1709,0.64,0.2,baseline,True,True,False,12.540903399231933,0.4180301133077311,221.08774231593685,1.4360660794162128e-15,6.827496852249953e-15,True,5,0.8652192769352745
1709,0.64,0.2,local,True,True,False,12.540903399231027,0.4180301133077009,221.08774231592588,9.805224261780596e-16,6.941059626536374e-15,True,5,0.8652192769352745
1709,0.64,0.2,multistart,True,False,False,1.7638815207576153,0.05879605069192051,28.661270321581835,7.680876019598778e-15,7.288193741637365e-14,True,3,0.9334778463094959
1709,0.64,0.2,graph,True,False,False,1.7638815207576286,0.058796050691920954,28.661270321581434,8.749172050520842e-15,8.268104595349866e-14,True,3,0.9334778463094962
1709,0.64,0.2,best,True,False,False,1.7638815207576153,0.05879605069192051,28.661270321581835,7.680876019598778e-15,7.288193741637365e-14,True,3,0.9334778463094959
1709,0.64,0.2,screened_graph,True,True,False,11.527532356190243,0.3842510785396748,143.83859185053726,4.94830228805355e-15,1.697563911889753e-14,True,5,0.8806682554066647
1709,0.64,0.2,screened_best,True,True,False,11.5275323561902,0.38425107853967333,143.83859185053265,3.586059038089369e-15,2.1218073968338714e-14,True,5,0.06420416668536966
1709,0.64,0.2,bounded_attempt,False,True,False,9.999999999999991,0.33333333333333304,143.8385918570075,0.00020578850526441602,0.010029073715760926,True,5,0.06420416668537499
1709,0.64,0.2,selected,True,True,False,11.5275323561902,0.38425107853967333,143.83859185053265,3.586059038089369e-15,2.1218073968338714e-14,True,5,0.06420416668536966
1710,0.66,0.2,baseline,True,True,False,17.069480557367797,0.5689826852455933,305.7381825040704,3.2846703865772127e-15,1.8462861236889493e-14,True,5,0.7926035640337847
1710,0.66,0.2,local,True,True,False,17.06948055737585,0.5689826852458617,305.73818250432544,2.576488954432742e-15,1.787846802564707e-14,True,5,0.792603564033783
1710,0.66,0.2,multistart,True,False,False,1.791977985175719,0.0597325995058573,29.395142160232314,8.060068145623366e-15,3.669534371442233e-14,True,3,1.0185329962051657
1710,0.66,0.2,graph,True,False,False,1.7919779851757456,0.059732599505858186,29.395142160232314,8.358622817578675e-15,6.946730567502148e-14,True,3,0.9293415858834635
1710,0.66,0.2,best,True,False,False,1.791977985175719,0.0597325995058573,29.395142160232314,8.060068145623366e-15,3.669534371442233e-14,True,3,1.0185329962051657
1710,0.66,0.2,screened_graph,True,True,False,12.848938405537227,0.4282979468512409,166.99379485197153,3.527033696576492e-15,1.462904639347929e-14,True,5,1.0185329962051672
1710,0.66,0.2,screened_best,True,True,False,12.848938405537208,0.42829794685124023,166.99379485198514,3.973727094433702e-15,1.7213872843366713e-14,True,5,0.7350000884607981
1710,0.66,0.2,bounded_attempt,False,True,False,9.999999999999991,0.33333333333333304,195.26194705477624,0.00045142192206124385,0.0219844925912712,True,5,0.7350000884611347
1710,0.66,0.2,selected,True,True,False,12.848938405537208,0.42829794685124023,166.99379485198514,3.973727094433702e-15,1.7213872843366713e-14,True,5,0.7350000884607981
1711,0.68,0.2,baseline,True,True,False,18.657403970133668,0.6219134656711223,291.3738745419703,1.5920187834361761e-15,9.323347293146249e-15,True,5,0.7132941012495086
1711,0.68,0.2,local,True,True,False,18.65740397013584,0.6219134656711947,291.37387454202076,1.5920187834361761e-15,9.323347293146249e-15,True,5,0.7132941012495086
1711,0.68,0.2,multistart,True,False,False,1.8310160485579008,0.06103386828526336,30.30983083449712,1.209917084237072e-15,9.505892111578774e-15,True,3,1.1070767654803637
1711,0.68,0.2,graph,True,False,False,1.8310160485579008,0.06103386828526336,30.30983083449752,6.978361113457811e-15,7.444093922457828e-14,True,3,1.1070767654803644
1711,0.68,0.2,best,True,False,False,1.8310160485579008,0.06103386828526336,30.30983083449712,1.209917084237072e-15,9.505892111578774e-15,True,3,1.1070767654803637
1711,0.68,0.2,screened_graph,True,True,False,14.677000601109947,0.4892333533703316,160.11515947618565,6.317061694150495e-15,1.2309497109552944e-13,True,5,0.9982877781721431
1711,0.68,0.2,screened_best,True,True,False,14.677000601109905,0.48923335337033014,160.11515947555856,4.05734873934252e-15,2.2961923879707618e-14,True,5,1.1070767654803646
1711,0.68,0.2,bounded_attempt,False,True,False,9.999999999999991,0.33333333333333304,167.4669103068409,0.0007313544510249316,0.035369632733232854,True,5,1.1070767654803693
1711,0.68,0.2,selected,True,True,False,14.677000601109905,0.48923335337033014,160.11515947555856,4.05734873934252e-15,2.2961923879707618e-14,True,5,1.1070767654803646
1712,0.7000000000000001,0.2,baseline,True,True,False,17.792851980180625,0.5930950660060208,223.17687805824045,2.140241056453829e-15,1.6511551676141655e-14,True,5,0.629251600031453
1712,0.7000000000000001,0.2,local,True,True,False,17.792851980170106,0.5930950660056702,223.1768780582777,1.5555508291689229e-15,6.340129291053348e-15,True,5,0.6292516000314539
1712,0.7000000000000001,0.2,multistart,True,False,False,1.883354471554135,0.06277848238513783,31.446737824947714,3.3120264467915076e-15,5.881688665741217e-14,True,3,0.851383132780053
1712,0.7000000000000001,0.2,graph,True,False,False,1.883354471554135,0.06277848238513783,31.446737824948112,6.05187715997422e-15,6.59513098277854e-14,True,3,0.8513831327800538
1712,0.7000000000000001,0.2,best,True,False,False,1.883354471554135,0.06277848238513783,31.446737824947714,3.3120264467915076e-15,5.881688665741217e-14,True,3,0.851383132780053
1712,0.7000000000000001,0.2,screened_graph,True,True,False,17.076444367606538,0.5692148122535512,183.08454143156973,5.371187968684678e-15,9.299588760395434e-14,True,5,0.759408404114831
1712,0.7000000000000001,0.2,screened_best,True,True,False,17.076444367606538,0.5692148122535512,183.08454143156973,5.371187968684678e-15,9.299588760395434e-14,True,5,0.759408404114831
1712,0.7000000000000001,0.2,bounded_attempt,False,True,False,9.999999999999998,0.33333333333333326,209.19767082601672,0.0011259655641483112,0.05210415347421211,True,5,0.7594084041150246
1712,0.7000000000000001,0.2,selected,True,True,False,17.076444367606538,0.5692148122535512,183.08454143156973,5.371187968684678e-15,9.299588760395434e-14,True,5,0.759408404114831
1713,0.72,0.2,baseline,True,True,False,18.599776442417852,0.619992548080595,198.8416678986518,4.304888883220069e-15,2.3946989490020465e-14,True,5,0.5427060257720226
1713,0.72,0.2,local,True,True,False,18.599776442417905,0.6199925480805968,198.84166789868453,4.365750004481915e-15,2.3860261144842542e-14,True,5,0.5427060257720218
1713,0.72,0.2,multistart,True,False,False,1.9527008013739433,0.06509002671246478,32.866237542697,2.8477883353262425e-15,5.4954813133102186e-15,True,3,1.2980898391657962
1713,0.72,0.2,graph,True,False,False,1.9527008013739566,0.06509002671246522,32.866237542697796,6.1647376591874895e-15,2.2150864682294917e-14,True,3,1.2980898391657978
1713,0.72,0.2,best,True,False,False,1.9527008013739433,0.06509002671246478,32.866237542697,2.8477883353262425e-15,5.4954813133102186e-15,True,3,1.2980898391657962
1713,0.72,0.2,screened_graph,True,True,False,18.59977644241761,0.619992548080587,198.84166789948702,2.5172027167143303e-15,8.180216872778994e-14,True,5,0.46842497759939317
1713,0.72,0.2,screened_best,True,True,False,18.59977644241761,0.619992548080587,198.84166789948702,2.5172027167143303e-15,8.180216872778994e-14,True,5,0.46842497759939317
1713,0.72,0.2,bounded_attempt,False,True,False,9.999999999999991,0.33333333333333304,219.9754327471224,0.0013279762182820255,0.060809482018319864,True,5,0.46842497759939405
1713,0.72,0.2,selected,True,True,False,18.59977644241761,0.619992548080587,198.84166789948702,2.5172027167143303e-15,8.180216872778994e-14,True,5,0.46842497759939317
1714,0.74,0.2,baseline,True,True,False,24.523707673852876,0.8174569224617625,315.91964939617577,2.4145755584882908e-15,8.538639148237814e-15,True,5,0.455680694504931
1714,0.74,0.2,local,True,True,False,24.52370767385277,0.8174569224617589,315.9196493961694,2.132668787380004e-15,8.6488873932082e-15,True,5,0.455680694504931
1714,0.74,0.2,multistart,True,False,False,2.0450834377571248,0.06816944792523749,34.657374659670914,4.050792900924367e-16,9.190536693926185e-16,True,3,1.403252614609055
1714,0.74,0.2,graph,True,False,False,2.0450834377571283,0.0681694479252376,34.657374659670715,2.2322110008058505e-15,1.1995038218983942e-14,True,3,1.403252614609055
1714,0.74,0.2,best,True,False,False,2.0450834377571248,0.06816944792523749,34.657374659670914,4.050792900924367e-16,9.190536693926185e-16,True,3,1.403252614609055
1714,0.74,0.2,screened_graph,True,True,False,24.523707673852837,0.8174569224617612,315.9196493961959,9.070437604068843e-15,1.712464657609736e-13,True,5,0.07610885863850037
1714,0.74,0.2,screened_best,True,True,False,24.523707673852634,0.8174569224617545,315.91964939617174,2.5515889514185178e-15,1.7468454452084425e-14,True,5,0.07610885863849948
1714,0.74,0.2,bounded_attempt,False,True,False,9.999999999999995,0.33333333333333315,177.3831085367369,0.002033599572536953,0.08715745016175933,True,5,0.06975725618415662
1714,0.74,0.2,selected,True,True,False,24.523707673852634,0.8174569224617545,315.91964939617174,2.5515889514185178e-15,1.7468454452084425e-14,True,5,0.07610885863849948
1715,0.76,0.2,baseline,True,True,False,33.695051293352954,1.1231683764450984,734.6035950286968,5.79553433516819e-16,3.4596353601764666e-15,True,5,0.3693068593767981
1715,0.76,0.2,local,True,True,False,33.69505129335308,1.1231683764451028,734.603595028699,1.7488215322573458e-15,6.132449234807863e-15,True,5,0.3693068593767981
1715,0.76,0.2,multistart,True,False,False,2.1709338769888475,0.07236446256629492,36.94914328474752,4.526797389797801e-16,6.227904918897553e-16,True,3,1.5172759572991683
1715,0.76,0.2,graph,True,False,False,2.170933876988859,0.0723644625662953,36.949143284748175,3.6130254860790405e-15,5.13467345671494e-15,True,3,1.5172759572991679
1715,0.76,0.2,best,True,False,False,2.1709338769888475,0.07236446256629492,36.94914328474752,4.526797389797801e-16,6.227904918897553e-16,True,3,1.5172759572991683
1715,0.76,0.2,screened_graph,True,True,False,33.69505129335343,1.1231683764451144,734.6035950287159,8.139958441830075e-15,6.903500050016796e-14,True,5,0.04137886788086753
1715,0.76,0.2,screened_best,True,True,False,33.695051293352776,1.1231683764450926,734.6035950286879,2.1517285112920065e-15,9.586629703488486e-15,True,5,0.04137886788086753
1715,0.76,0.2,bounded_attempt,False,True,False,9.999999999999995,0.33333333333333315,197.44452360633042,0.0030847550024782366,0.12518348341112603,True,5,0.027223060166880586
1715,0.76,0.2,selected,True,True,False,33.695051293352776,1.1231683764450926,734.6035950286879,2.1517285112920065e-15,9.586629703488486e-15,True,5,0.04137886788086753
1716,0.78,0.2,baseline,True,True,False,12.04481693836678,0.40149389794555934,325.26195207516486,2.9468004569792587e-15,1.4367274125303873e-14,True,3,1.6432724790723432
1716,0.78,0.2,local,True,True,False,12.044816938366717,0.40149389794555723,325.2619520752044,2.074810500188957e-15,1.412900391685555e-14,True,3,1.643272479072343
1716,0.78,0.2,multistart,True,True,True,2.448928219306288,0.08163094064354293,39.96152330459446,6.955527313080394e-16,7.095789381417534e-16,True,2,0.6637573987995173
1716,0.78,0.2,graph,True,True,True,2.448928219306551,0.0816309406435517,39.8888305516825,4.564442173957054e-15,7.79616768174738e-15,True,2,1.6432724790723419
1716,0.78,0.2,best,True,True,True,2.448928219306288,0.08163094064354293,39.96152330459446,6.955527313080394e-16,7.095789381417534e-16,True,2,0.6637573987995173
1716,0.78,0.2,screened_graph,True,True,True,2.448928219306551,0.0816309406435517,39.8888305516825,4.564442173957054e-15,7.79616768174738e-15,True,2,1.6432724790723419
1716,0.78,0.2,screened_best,True,True,True,2.448928219306288,0.08163094064354293,39.96152330459446,6.955527313080394e-16,7.095789381417534e-16,True,2,0.6637573987995173
1716,0.78,0.2,bounded_attempt,True,True,True,2.4489282192421657,0.08163094064140552,39.96152330459586,1.441767723426921e-13,1.5790019495991255e-12,True,2,0.6637573987995165
1716,0.78,0.2,selected,True,True,True,2.4489282192421657,0.08163094064140552,39.96152330459586,1.441767723426921e-13,1.5790019495991255e-12,True,2,0.6637573987995165
1743,0.6,0.22,baseline,True,True,False,10.089155719680551,0.3363051906560184,141.04116953403954,6.2771797742463404e-15,2.502774563316101e-14,True,5,0.7929587212691336
1743,0.6,0.22,local,True,True,False,10.089155719680578,0.33630519065601927,141.04116953404073,6.781965712966703e-15,2.5088075719734794e-14,True,5,0.7929587212691329
1743,0.6,0.22,multistart,True,False,False,1.8225482261095483,0.06075160753698494,27.37028916742266,2.137764992939231e-15,2.4642772462859478e-14,True,4,0.7929587212691334
1743,0.6,0.22,graph,True,False,False,1.822548226109555,0.060751607536985164,27.370289167423458,1.1276896020444252e-14,6.556231411130198e-14,True,4,0.7929587212691329
1743,0.6,0.22,best,True,False,False,1.8225482261095483,0.06075160753698494,27.37028916742266,2.137764992939231e-15,2.4642772462859478e-14,True,4,0.7929587212691334
1743,0.6,0.22,screened_graph,True,True,True,9.109483463230932,0.3036494487743644,134.55429207039208,4.559354937679021e-15,2.0999028703210453e-14,True,5,0.7929587212691325
1743,0.6,0.22,screened_best,True,True,True,9.109483463230879,0.3036494487743626,134.55429207076097,2.2039045623040506e-15,1.728053883307292e-14,True,5,0.0727725343412926
1743,0.6,0.22,bounded_attempt,True,True,True,9.10948346067539,0.30364944868917965,134.55429207201516,1.0582474857495045e-13,5.079556256717784e-12,True,5,0.0727725343412926
1743,0.6,0.22,selected,True,True,True,9.10948346067539,0.30364944868917965,134.55429207201516,1.0582474857495045e-13,5.079556256717784e-12,True,5,0.0727725343412926
1744,0.62,0.22,baseline,True,True,False,15.359673213047996,0.5119891071015998,245.60960521459717,1.5154137605576044e-15,1.3997182878139935e-14,True,5,0.8714684502438841
1744,0.62,0.22,local,True,True,False,15.359673213047662,0.5119891071015887,245.609605214596,1.5798750608595155e-15,9.086618385081863e-15,True,5,0.871468450243883
1744,0.62,0.22,multistart,True,False,False,1.7608858799368,0.05869619599789333,27.84799257011675,3.801627400952947e-15,2.5962210694732088e-14,True,4,0.8714684502438828
1744,0.62,0.22,graph,True,False,False,1.7608858799368132,0.058696195997893774,27.847992570117075,7.885966681216596e-15,9.394933133423301e-14,True,4,0.871468450243883
1744,0.62,0.22,best,True,False,False,1.7608858799368,0.05869619599789333,27.84799257011675,3.801627400952947e-15,2.5962210694732088e-14,True,4,0.8714684502438828
1744,0.62,0.22,screened_graph,True,True,False,11.946957191540992,0.39823190638469974,197.27882167940996,1.7739699910451538e-15,7.248471000690834e-15,True,5,0.8714684502438832
1744,0.62,0.22,screened_best,True,True,False,11.946957191540664,0.3982319063846888,197.27882167940177,9.965952399648002e-16,4.973923832007796e-15,True,5,0.8714684502438832
1744,0.62,0.22,bounded_attempt,False,True,False,9.999999999999998,0.33333333333333326,205.1963321543415,6.092353229537478e-05,0.0033472677625829665,True,5,0.8714684502438854
1744,0.62,0.22,selected,True,True,False,11.946957191540664,0.3982319063846888,197.27882167940177,9.965952399648002e-16,4.973923832007796e-15,True,5,0.8714684502438832
1745,0.64,0.22,baseline,True,True,False,32.83186395061167,1.0943954650203889,884.1772536405501,6.093597404471837e-16,3.522205118144672e-15,True,5,0.9152734339855488
1745,0.64,0.22,local,True,True,False,32.83186395061149,1.094395465020383,884.1772536405421,4.0125770192081414e-16,3.0488726205717503e-15,True,5,0.9152734339855488
1745,0.64,0.22,multistart,True,False,False,1.7555541027150312,0.05851847009050104,27.947791211862462,7.846585170260302e-15,7.909543959336372e-14,True,3,0.9529805900463355
1745,0.64,0.22,graph,True,False,False,1.7555541027150312,0.05851847009050104,27.947791211862462,7.846585170260302e-15,7.909543959336372e-14,True,3,0.9529805900463355
1745,0.64,0.22,best,True,False,False,1.7555541027150312,0.05851847009050104,27.94779121186206,3.954658205256443e-15,8.840543903974876e-15,True,3,0.9529805900463351
1745,0.64,0.22,screened_graph,True,True,False,17.7458598675872,0.5915286622529067,381.3922211394195,2.5991136706447966e-15,2.361160563473265e-14,True,5,0.9331302491269557
1745,0.64,0.22,screened_best,True,True,False,17.74585986758495,0.5915286622528317,381.3922211393618,3.4713338180074325e-15,2.199555189074207e-14,True,5,0.9529805900463346
1745,0.64,0.22,bounded_attempt,False,True,False,9.999999999999998,0.33333333333333326,313.0329822153339,0.0001949029485665695,0.010260531178043174,True,5,0.9529805900463375
1745,0.64,0.22,selected,True,True,False,17.74585986758495,0.5915286622528317,381.3922211393618,3.4713338180074325e-15,2.199555189074207e-14,True,5,0.9529805900463346
1746,0.66,0.22,baseline,True,True,False,91.35512849603569,3.045170949867856,2860.8260274985364,2.539748918641709e-15,1.4215599209287494e-13,True,3,0.035871427340231854
1746,0.66,0.22,local,False,False,False,,,,,,,,
1746,0.66,0.22,multistart,True,False,False,1.7849173994874867,0.05949724664958289,28.73051466170322,8.795189674037861e-15,6.675595508230236e-14,True,3,0.9146251367001836
1746,0.66,0.22,graph,True,False,False,1.7849173994874867,0.05949724664958289,28.73051466170322,8.795189674037861e-15,6.675595508230236e-14,True,3,0.9146251367001836
1746,0.66,0.22,best,True,False,False,1.7849173994874867,0.05949724664958289,28.73051466170322,8.795189674037861e-15,6.675595508230236e-14,True,3,0.9146251367001836
1746,0.66,0.22,screened_graph,True,True,False,10.195419307059142,0.33984731023530473,145.99168818098673,1.071379599794019e-15,5.749479726089717e-15,True,3,0.8447058050194185
1746,0.66,0.22,screened_best,True,True,False,10.195419307059142,0.33984731023530473,145.99168818098673,1.1116099371267112e-15,6.0733528569449116e-15,True,3,0.8447058050194194
1746,0.66,0.22,bounded_attempt,True,True,True,9.999999999999998,0.33333333333333326,140.1291089852338,1.7499164365980492e-05,0.0008897922084143457,True,3,0.8447058050195979
1746,0.66,0.22,selected,True,True,True,9.999999999999998,0.33333333333333326,140.1291089852338,1.7499164365980492e-05,0.0008897922084143457,True,3,0.8447058050195979
1747,0.68,0.22,baseline,True,True,False,36.758918170845945,1.2252972723615314,1074.2500884570632,2.1900538654339014e-15,1.2098773386596428e-14,True,5,0.7669846548419024
1747,0.68,0.22,local,True,True,False,36.758918170845476,1.2252972723615159,1074.2500884570509,2.0388543822366052e-15,1.1977249595933e-14,True,5,0.7669846548419024
1747,0.68,0.22,multistart,True,False,False,1.825441243497199,0.06084804144990663,29.69728904750304,1.4679000040126846e-15,1.3234692335175832e-14,True,3,1.1268982265472764
1747,0.68,0.22,graph,True,False,False,1.8254412434972123,0.060848041449907075,29.69728904750304,5.8430101429963385e-15,6.524276460501002e-14,True,3,0.8762037086919259
1747,0.68,0.22,best,True,False,False,1.825441243497199,0.06084804144990663,29.69728904750264,5.978733960281817e-16,7.710267262630892e-15,True,3,1.1268982265472762
1747,0.68,0.22,screened_graph,True,True,False,22.165447384487187,0.7388482461495729,469.3927893105673,1.6243534171511178e-15,6.535683215822308e-15,True,5,0.6490686702945707
1747,0.68,0.22,screened_best,True,True,False,22.16544738448684,0.7388482461495613,469.3927893105531,1.6326319374041212e-15,1.0872540845554785e-14,True,5,0.7167177362899588
1747,0.68,0.22,bounded_attempt,False,True,False,9.999999999999991,0.33333333333333304,280.35106443635453,0.0005335354554497867,0.02513797892335965,True,5,0.7167177362900468
1747,0.68,0.22,selected,True,True,False,22.16544738448684,0.7388482461495613,469.3927893105531,1.6326319374041212e-15,1.0872540845554785e-14,True,5,0.7167177362899588
1748,0.7000000000000001,0.22,baseline,True,True,False,29.182377530577508,0.9727459176859169,636.7963324826635,6.058413396272323e-15,3.742158320692015e-14,True,5,0.6835440634604257
1748,0.7000000000000001,0.22,local,True,True,False,29.18237753057715,0.9727459176859049,636.7963324826595,6.1686103353369026e-15,3.5711707322789584e-14,True,5,0.6835440634604257
1748,0.7000000000000001,0.22,multistart,True,False,False,1.8796381032820264,0.06265460344273421,30.89363267019758,2.2048219367168456e-15,1.2895222583444884e-14,True,3,1.2206275004662277
1748,0.7000000000000001,0.22,graph,True,False,False,1.8796381032820264,0.06265460344273421,30.89363267019798,1.2268090012305021e-14,6.025757195508905e-14,True,3,1.220627500466227
1748,0.7000000000000001,0.22,best,True,False,False,1.8796381032820264,0.06265460344273421,30.89363267019758,2.2048219367168456e-15,1.2895222583444884e-14,True,3,1.2206275004662277
1748,0.7000000000000001,0.22,screened_graph,True,True,False,20.521348104361007,0.6840449368120336,317.0641844274777,1.7694043397697121e-15,3.865554599640656e-14,True,5,0.4672532778359004
1748,0.7000000000000001,0.22,screened_best,True,True,False,20.521348104359323,0.6840449368119774,317.06418442793836,3.2235923451850683e-15,4.186140688345429e-14,True,5,0.6874684601827958
1748,0.7000000000000001,0.22,bounded_attempt,False,True,False,9.999999999999995,0.33333333333333315,310.75714711957437,0.0007844523673230081,0.03624950343663143,True,3,0.7003709320311726
1748,0.7000000000000001,0.22,selected,True,True,False,20.521348104359323,0.6840449368119774,317.06418442793836,3.2235923451850683e-15,4.186140688345429e-14,True,5,0.6874684601827958
1749,0.72,0.22,baseline,True,True,False,22.847724873033005,0.7615908291011002,301.1462184540481,2.35726389603414e-15,5.635394660135834e-15,True,5,0.5961056836211043
1749,0.72,0.22,local,True,True,False,22.84772487303304,0.7615908291011013,301.14621845404383,1.102214411500534e-15,5.483905134634843e-15,True,5,0.5961056836211052
1749,0.72,0.22,multistart,True,False,False,1.9514615539804137,0.06504871846601379,32.386206083005796,4.347293175215758e-15,1.19070292219818e-14,True,3,1.319408306877582
1749,0.72,0.22,graph,True,False,False,1.951461553980427,0.06504871846601423,32.386206083005796,4.237977381886035e-15,1.5855512258705276e-14,True,3,1.3194083068775828
1749,0.72,0.22,best,True,False,False,1.9514615539804137,0.06504871846601379,32.386206083005796,4.347293175215758e-15,1.19070292219818e-14,True,3,1.319408306877582
1749,0.72,0.22,screened_graph,True,True,False,18.104265914614786,0.6034755304871595,215.61122775804566,6.758810364029288e-15,1.4956823576137152e-13,True,5,0.5937703180990734
1749,0.72,0.22,screened_best,True,True,False,18.104265914613173,0.6034755304871058,215.61122776169074,1.579143467830771e-15,8.425146182698674e-15,True,5,0.5456559352118253
1749,0.72,0.22,bounded_attempt,False,True,False,9.999999999999995,0.33333333333333315,252.4404788389994,0.0013039174462280325,0.0584698765419438,True,5,0.5456559352118289
1749,0.72,0.22,selected,True,True,False,18.104265914613173,0.6034755304871058,215.61122776169074,1.579143467830771e-15,8.425146182698674e-15,True,5,0.5456559352118253
1750,0.74,0.22,baseline,True,True,False,18.910899878649367,0.6303633292883122,239.69433951776566,2.094212899721185e-15,1.3355856738727647e-14,True,5,0.5062269645004482
1750,0.74,0.22,local,True,True,False,18.91089987864942,0.630363329288314,239.69433951776685,1.9165923361345715e-15,1.0475045799449151e-14,True,5,0.5062269645004482
1750,0.74,0.22,multistart,True,False,False,2.047377701333817,0.0682459233777939,34.27443292069321,1.3575321266308876e-14,2.0081935792095554e-14,True,3,1.4253159998411673
1750,0.74,0.22,graph,True,False,False,2.047377701333817,0.0682459233777939,34.27443292069401,1.4461160986633943e-14,2.53448552108876e-14,True,3,0.744427896010377
1750,0.74,0.22,best,True,False,False,2.047377701333817,0.0682459233777939,34.27443292069321,1.3575321266308876e-14,2.0081935792095554e-14,True,3,1.4253159998411673
1750,0.74,0.22,screened_graph,True,True,False,18.91089987864959,0.6303633292883197,239.69433951776864,3.9775056917833504e-15,6.008692256077826e-14,True,5,0.0924156845427957
1750,0.74,0.22,screened_best,True,True,False,18.910899878649367,0.6303633292883122,239.69433951776566,2.094212899721185e-15,1.3355856738727647e-14,True,5,0.5062269645004482
1750,0.74,0.22,bounded_attempt,False,True,False,9.999999999999998,0.33333333333333326,233.6034151183343,0.0014825384312500058,0.06306248904993962,True,5,0.506226964500577
1750,0.74,0.22,selected,True,True,False,18.910899878649367,0.6303633292883122,239.69433951776566,2.094212899721185e-15,1.3355856738727647e-14,True,5,0.5062269645004482
1751,0.76,0.22,baseline,True,True,False,28.33650121629993,0.9445500405433309,402.75664442739617,1.8149684782055937e-15,9.479317031139788e-15,True,5,0.4144216941559318
1751,0.76,0.22,local,True,True,False,28.33650121629945,0.9445500405433149,402.75664442737695,1.86293471699515e-15,9.492224256317565e-15,True,5,0.4144216941559309
1751,0.76,0.22,multistart,True,False,False,2.1786923083415743,0.07262307694471914,36.70498083006222,4.041272810440265e-16,8.694146306289248e-16,True,3,1.5405136793243879
1751,0.76,0.22,graph,True,False,False,2.1786923083415877,0.07262307694471959,36.70498083006262,7.135936359693696e-16,1.5755303064208682e-15,True,3,1.4950526498036627
1751,0.76,0.22,best,True,False,False,2.178692308341561,0.0726230769447187,36.70498083006222,6.403362282114315e-16,7.896510834759118e-16,True,3,1.4950526498036636
1751,0.76,0.22,screened_graph,True,True,False,28.336501216299368,0.9445500405433123,402.7566444273873,1.699448305951993e-15,7.933356840907459e-15,True,5,0.06517036218195127
1751,0.76,0.22,screened_best,True,True,False,28.336501216299222,0.9445500405433074,402.75664442735973,1.8843153784524256e-15,2.0704925743102053e-14,True,5,0.18560769617803974
1751,0.76,0.22,bounded_attempt,False,True,False,9.999999999999995,0.33333333333333315,204.87081043918047,0.0024862485669172145,0.0997615587073846,True,5,0.18560769618009765
1751,0.76,0.22,selected,True,True,False,28.336501216299222,0.9445500405433074,402.75664442735973,1.8843153784524256e-15,2.0704925743102053e-14,True,5,0.18560769617803974
1752,0.78,0.22,baseline,True,True,False,45.4299535998206,1.5143317866606867,1155.6277177099234,1.0571814197040487e-14,3.091061973017356e-14,True,5,0.3173226446921973
1752,0.78,0.22,local,True,True,False,45.42995359982007,1.514331786660669,1155.6277177099082,1.0218312323909714e-14,3.125940994525578e-14,True,5,0.31732264469219906
1752,0.78,0.22,multistart,True,True,True,2.624262878486583,0.0874754292828861,39.848405814792635,1.1083965931943494e-14,4.371488813550221e-14,True,2,1.6683732885020763
1752,0.78,0.22,graph,True,True,True,2.6242628784867827,0.08747542928289276,39.84840581479278,2.0752137829187677e-14,3.0260646190197266e-14,True,2,1.6683732885020741
1752,0.78,0.22,best,True,True,True,2.624262878486583,0.0874754292828861,39.848405814792635,1.1083965931943494e-14,4.371488813550221e-14,True,2,1.6683732885020763
1752,0.78,0.22,screened_graph,True,True,True,2.6242628784867827,0.08747542928289276,39.84840581479278,2.0752137829187677e-14,3.0260646190197266e-14,True,2,1.6683732885020741
1752,0.78,0.22,screened_best,True,True,True,2.624262878486583,0.0874754292828861,39.848405814792635,1.1083965931943494e-14,4.371488813550221e-14,True,2,1.6683732885020763
1752,0.78,0.22,bounded_attempt,True,True,True,2.6242628784866695,0.08747542928288898,39.84840581479303,4.712201981632081e-14,8.182054437784982e-13,True,2,1.6683732885020768
1752,0.78,0.22,selected,True,True,True,2.624262878486583,0.0874754292828861,39.848405814792635,1.1083965931943494e-14,4.371488813550221e-14,True,2,1.6683732885020763
1779,0.6,0.24,baseline,True,True,False,11.718967293530316,0.3906322431176772,165.26923669430576,6.557603510298423e-15,1.139373470553293e-14,True,5,0.8171272704929049
1779,0.6,0.24,local,True,True,False,11.718967293530357,0.3906322431176785,165.26923669430934,1.6138858871646712e-15,7.84685515859867e-15,True,5,0.8171272704929045
1779,0.6,0.24,multistart,True,False,False,1.8314964359071606,0.06104988119690535,26.545444569711886,9.849788615118506e-15,5.6841443969184985e-14,True,4,0.8171272704929051
1779,0.6,0.24,graph,True,False,False,1.8314964359071872,0.06104988119690624,26.545444569711712,9.771302992896397e-15,8.785359200009029e-14,True,4,0.8171272704929051
1779,0.6,0.24,best,True,False,False,1.8314964359071606,0.06104988119690535,26.54544456971186,2.5931789359437717e-15,9.376835645744287e-15,True,4,0.8171272704929053
1779,0.6,0.24,screened_graph,True,True,False,11.067343867397424,0.3689114622465808,169.60348311509236,7.367837660024574e-15,4.923586344116559e-14,True,5,0.06194127584730502
1779,0.6,0.24,screened_best,True,True,False,11.06734386739364,0.36891146224645466,169.6034831150532,3.0319711097814165e-15,1.600514842654076e-14,True,5,0.06194127584729525
1779,0.6,0.24,bounded_attempt,False,True,False,9.999999999999991,0.33333333333333304,161.46177404635523,5.079092097140061e-05,0.0033067639020435834,True,5,0.061851149196178845
1779,0.6,0.24,selected,True,True,False,11.06734386739364,0.36891146224645466,169.6034831150532,3.0319711097814165e-15,1.600514842654076e-14,True,5,0.06194127584729525
1780,0.62,0.24,baseline,True,True,False,20.140620336934173,0.6713540112311391,350.363872759431,3.595498874802339e-15,3.4846802557141136e-14,True,5,0.895250303694682
1780,0.62,0.24,local,True,True,False,20.14062033693383,0.6713540112311276,350.36387275941905,4.0683463399843314e-15,3.5037963834444907e-14,True,5,0.8952503036946822
1780,0.62,0.24,multistart,True,False,False,1.7704968631102602,0.05901656210367534,27.078650925868743,1.4822620822772736e-15,1.6817059303281816e-14,True,4,0.8952503036946824
1780,0.62,0.24,graph,True,False,False,1.7704968631102869,0.05901656210367623,27.07865092586922,1.6223181433280345e-14,1.3072949780651594e-13,True,4,0.8952503036946813
1780,0.62,0.24,best,True,False,False,1.7704968631102602,0.05901656210367534,27.078650925868743,3.1724027987300005e-15,9.013278615410438e-15,True,4,0.895250303694682
1780,0.62,0.24,screened_graph,True,True,False,20.140620336934173,0.6713540112311391,350.363872759431,3.595498874802339e-15,3.4846802557141136e-14,True,5,0.895250303694682
1780,0.62,0.24,screened_best,True,True,False,20.140620336921465,0.6713540112307155,350.3638727590506,2.523163495330108e-15,1.0745544304655127e-14,True,5,0.03457500805028335
1780,0.62,0.24,bounded_attempt,False,True,False,9.999999999999991,0.33333333333333304,227.94886428292455,0.0003111523559381174,0.02115814988300831,True,5,0.03392971607061401
1780,0.62,0.24,selected,True,True,False,20.140620336921465,0.6713540112307155,350.3638727590506,2.523163495330108e-15,1.0745544304655127e-14,True,5,0.03457500805028335
1781,0.64,0.24,baseline,True,True,False,91.17194489755863,3.039064829918621,2832.2081569427196,2.4913624836163812e-15,6.096255030375653e-14,True,5,0.09111031301938066
1781,0.64,0.24,local,False,False,False,,,,,,,,
1781,0.64,0.24,multistart,True,False,False,1.742518780553004,0.0580839593517668,27.155274258846475,7.637638975532477e-15,7.588361627779992e-14,True,3,0.9765239276808328
1781,0.64,0.24,graph,True,False,False,1.742518780553004,0.0580839593517668,27.155274258846475,7.637638975532477e-15,7.588361627779992e-14,True,3,0.9765239276808328
1781,0.64,0.24,best,True,False,False,1.742518780553004,0.0580839593517668,27.155274258846475,7.637638975532477e-15,7.588361627779992e-14,True,3,0.9765239276808328
1781,0.64,0.24,screened_graph,True,True,False,22.222839326273395,0.7407613108757798,1114.3099327120594,2.1323526926153247e-15,1.3821963584217592e-14,True,3,0.9519002774382388
1781,0.64,0.24,screened_best,True,True,False,22.222839326273395,0.7407613108757798,1114.3099327120594,2.1323526926153247e-15,1.3821963584217592e-14,True,3,0.9519002774382388
1781,0.64,0.24,bounded_attempt,True,True,True,9.999999999999991,0.33333333333333304,380.9395731256372,1.9793857850849996e-05,0.00096766691932165,True,3,0.9519002774383472
1781,0.64,0.24,selected,True,True,True,9.999999999999991,0.33333333333333304,380.9395731256372,1.9793857850849996e-05,0.00096766691932165,True,3,0.9519002774383472
1782,0.66,0.24,baseline,True,True,False,90.93231249764624,3.0310770832548743,2839.333432454227,2.814455057070598e-15,3.872812271127248e-14,True,5,0.019111172177900926
1782,0.66,0.24,local,False,False,False,,,,,,,,
1782,0.66,0.24,multistart,True,False,False,1.7733991695876616,0.059113305652922055,27.989308906519874,1.1146723484154351e-14,6.423658620168674e-14,True,3,1.061397349617477
1782,0.66,0.24,graph,True,False,False,1.7733991695876616,0.059113305652922055,27.989308906519874,1.1146723484154351e-14,6.423658620168674e-14,True,3,1.061397349617477
1782,0.66,0.24,best,True,False,False,1.7733991695876616,0.059113305652922055,27.989308906519874,1.1146723484154351e-14,6.423658620168674e-14,True,3,1.061397349617477
1782,0.66,0.24,screened_graph,True,True,False,21.409074466791154,0.7136358155597051,215.91023300426264,2.6887117062362653e-15,1.3448294419771164e-14,True,3,0.8829473814746747
1782,0.66,0.24,screened_best,True,True,False,21.409074466791154,0.7136358155597051,215.91023300426264,2.6887117062362653e-15,1.3448294419771164e-14,True,3,0.8829473814746747
1782,0.66,0.24,bounded_attempt,False,True,False,9.999999999999995,0.33333333333333315,570.1730445940266,0.0005348509741580944,0.0251454730391832,True,3,1.0613973496174771
1782,0.66,0.24,selected,True,True,False,21.409074466791154,0.7136358155597051,215.91023300426264,2.6887117062362653e-15,1.3448294419771164e-14,True,3,0.8829473814746747
1783,0.68,0.24,baseline,True,True,False,90.80865224398299,3.026955074799433,2832.4142638003696,4.9192402426834916e-15,2.6201761090832865e-14,True,5,0.0575577254737345
1783,0.68,0.24,local,False,False,False,,,,,,,,
1783,0.68,0.24,multistart,True,False,False,1.8156188861676403,0.060520629538921344,29.010595353936353,1.095202798281839e-15,6.828834093583298e-15,True,3,1.1504601203283396
1783,0.68,0.24,graph,True,False,False,1.8156188861676537,0.06052062953892179,29.010595353936353,2.9776506989530385e-15,3.425578103820596e-14,True,3,1.1504601203283393
1783,0.68,0.24,best,True,False,False,1.8156188861676403,0.060520629538921344,29.010595353936353,1.095202798281839e-15,6.828834093583298e-15,True,3,1.1504601203283396
1783,0.68,0.24,screened_graph,True,True,False,19.10675901413537,0.6368919671378457,696.7464679952544,1.8610729195778454e-15,1.1196780310206504e-14,True,3,0.7631847200678408
1783,0.68,0.24,screened_best,True,True,False,19.106759014135356,0.6368919671378452,696.7464679952596,4.801393697075383e-16,2.0120957067740587e-15,True,3,0.7631847200678408
1783,0.68,0.24,bounded_attempt,False,True,False,9.999999999999995,0.33333333333333315,314.9793824122542,0.0005853828387244291,0.02821826136106339,True,3,0.763184720067934
1783,0.68,0.24,selected,True,True,False,19.106759014135356,0.6368919671378452,696.7464679952596,4.801393697075383e-16,2.0120957067740587e-15,True,3,0.7631847200678408
1784,0.7000000000000001,0.24,baseline,True,True,False,90.64593122697944,3.0215310408993146,2834.6285115677188,4.926751493134316e-15,7.70582288295196e-15,True,3,0.10074608528224971
1784,0.7000000000000001,0.24,local,False,False,False,,,,,,,,
1784,0.7000000000000001,0.24,multistart,True,False,False,1.8718642108922623,0.06239547369640874,30.26922862819923,1.1305926340153683e-15,7.610363761749139e-15,True,3,1.2444998449708031
1784,0.7000000000000001,0.24,graph,True,False,False,1.8718642108922756,0.06239547369640919,30.26922862819923,1.2551536537447354e-15,5.459070870895449e-15,True,3,1.244499844970803
1784,0.7000000000000001,0.24,best,True,False,False,1.8718642108922623,0.06239547369640874,30.26922862819923,1.1305926340153683e-15,7.610363761749139e-15,True,3,1.2444998449708031
1784,0.7000000000000001,0.24,screened_graph,True,True,False,25.19230747694502,0.8397435825648341,1039.8481725253541,1.752177195476443e-15,4.8676505638394815e-15,True,3,1.244499844970803
1784,0.7000000000000001,0.24,screened_best,True,True,False,25.19230747694502,0.8397435825648341,1039.8481725253541,1.752177195476443e-15,4.8676505638394815e-15,True,3,1.244499844970803
1784,0.7000000000000001,0.24,bounded_attempt,False,True,False,9.999999999999998,0.33333333333333326,366.6794555956801,0.0014011517667994395,0.0650157586684843,True,3,1.2444998449708027
1784,0.7000000000000001,0.24,selected,True,True,False,25.19230747694502,0.8397435825648341,1039.8481725253541,1.752177195476443e-15,4.8676505638394815e-15,True,3,1.244499844970803
1785,0.72,0.24,baseline,True,True,False,28.977748087644166,0.9659249362548055,663.5003628933349,1.608147608064378e-15,8.420527155339118e-15,True,5,0.6358833304312723
1785,0.72,0.24,local,True,True,False,28.977748087644116,0.9659249362548038,663.5003628933325,1.6055107092660194e-15,8.30477499121574e-15,True,5,0.6358833304312723
1785,0.72,0.24,multistart,True,False,False,1.9463684062268838,0.06487894687422946,31.839017575952244,3.608224830031759e-15,4.767219487386499e-14,True,3,1.3445981529369866
1785,0.72,0.24,graph,True,False,False,1.9463684062268838,0.06487894687422946,31.839017575952244,3.608224830031759e-15,4.767219487386499e-14,True,3,1.3445981529369866
1785,0.72,0.24,best,True,False,False,1.946368406226883,0.06487894687422943,31.83901757595277,2.9893669801409083e-16,2.5932555247937877e-15,True,3,1.3445981529369853
1785,0.72,0.24,screened_graph,True,True,False,23.955040742414795,0.7985013580804932,419.4947226466571,2.7081250392525442e-15,5.537247235107527e-14,True,5,0.3610109891768021
1785,0.72,0.24,screened_best,True,True,False,23.95504074241468,0.7985013580804894,419.4947226466561,1.3150988898405085e-15,6.3782147067457814e-15,True,5,0.5914269724706225
1785,0.72,0.24,bounded_attempt,False,True,False,9.999999999999998,0.33333333333333326,188.57327592268535,0.0010841387679311279,0.046801637963819157,True,5,0.5914269724707033
1785,0.72,0.24,selected,True,True,False,23.95504074241468,0.7985013580804894,419.4947226466561,1.3150988898405085e-15,6.3782147067457814e-15,True,5,0.5914269724706225
1786,0.74,0.24,baseline,True,True,False,21.647904130106415,0.7215968043368804,290.59288331501574,1.2634885559048723e-14,5.687497844206275e-14,True,5,0.5435930990136022
1786,0.74,0.24,local,True,True,False,21.64790413010632,0.7215968043368773,290.59288331501045,1.2649845284877426e-14,5.6791503824371717e-14,True,5,0.5435930990136013
1786,0.74,0.24,multistart,True,False,False,2.046104527059782,0.06820348423532607,33.83145242456642,1.058540489341073e-14,1.2472982193272866e-14,True,3,1.451993513876393
1786,0.74,0.24,graph,True,False,False,2.0461045270597955,0.06820348423532652,33.83145242456522,1.44502094863184e-14,2.8291411742430925e-14,True,3,1.4519935138763915
1786,0.74,0.24,best,True,False,False,2.046104527059782,0.06820348423532607,33.83145242456522,7.122104499604962e-15,1.4390571195770633e-14,True,3,1.4519935138763909
1786,0.74,0.24,screened_graph,True,True,False,19.258639788230564,0.6419546596076855,236.81310547107134,3.837603561956383e-15,8.59036910429591e-14,True,5,0.36178107416365357
1786,0.74,0.24,screened_best,True,True,False,19.258639788219053,0.6419546596073018,236.81310547105272,2.4174453092569908e-15,3.155616417069394e-14,True,5,0.5005387363245521
1786,0.74,0.24,bounded_attempt,False,True,False,9.999999999999995,0.33333333333333315,271.63197639174876,0.0014573971038081986,0.06234666776012762,True,5,0.5005387363249216
1786,0.74,0.24,selected,True,True,False,19.258639788219053,0.6419546596073018,236.81310547105272,2.4174453092569908e-15,3.155616417069394e-14,True,5,0.5005387363245521
1787,0.76,0.24,baseline,True,True,False,19.790847001457017,0.6596949000485672,284.13150448369413,2.5112277893296666e-15,1.8706831035349257e-14,True,5,0.4463378232587676
1787,0.76,0.24,local,True,True,False,19.790847001457298,0.6596949000485766,284.1315044837037,2.377601642993505e-15,1.8691123741364666e-14,True,5,0.4463378232587676
1787,0.76,0.24,multistart,True,False,False,2.1834226004789636,0.07278075334929879,36.413988342556934,5.417672226377439e-16,1.1799588573531462e-15,True,3,0.672423289768572
1787,0.76,0.24,graph,True,False,False,2.183422600478977,0.07278075334929923,36.413988342556934,2.1443764443816677e-15,4.968355943183984e-15,True,3,1.461434381197913
1787,0.76,0.24,best,True,False,False,2.1834226004789636,0.07278075334929879,36.413988342556934,5.417672226377439e-16,1.1799588573531462e-15,True,3,0.672423289768572
1787,0.76,0.24,screened_graph,True,True,False,19.790847001456257,0.6596949000485419,284.1315044836725,2.597186369366252e-15,4.5373676618800714e-14,True,5,0.27881277384156444
1787,0.76,0.24,screened_best,True,True,False,19.790847001456257,0.6596949000485419,284.1315044836725,2.597186369366252e-15,4.5373676618800714e-14,True,5,0.27881277384156444
1787,0.76,0.24,bounded_attempt,False,True,False,9.999999999999995,0.33333333333333315,171.8704854175062,0.0017360707167725145,0.06860263647604789,True,3,0.27881277384156533
1787,0.76,0.24,selected,True,True,False,19.790847001456257,0.6596949000485419,284.1315044836725,2.597186369366252e-15,4.5373676618800714e-14,True,5,0.27881277384156444
1788,0.78,0.24,baseline,True,True,False,34.819231436295006,1.1606410478765001,666.6178602672197,5.2399263028369195e-15,1.5717709252453022e-14,True,5,0.3354064019342067
1788,0.78,0.24,local,True,True,False,34.81923143629482,1.160641047876494,666.6178602672062,5.242792401601901e-15,1.5751398310292085e-14,True,5,0.3354064019342067
1788,0.78,0.24,multistart,True,True,True,2.8610942790607696,0.09536980930202565,46.03912834899739,8.17428797281748e-15,1.3142783016515488e-14,True,2,0.6186537529625085
1788,0.78,0.24,graph,True,True,True,2.8610942790611227,0.09536980930203742,46.03912834907802,3.715335474813363e-15,4.173870135132282e-15,True,2,1.6990378388234042
1788,0.78,0.24,best,True,True,True,2.8610942790606266,0.09536980930202088,46.039128349007676,1.1604353567155542e-15,2.4458099998804815e-15,True,2,1.3371738655177854
1788,0.78,0.24,screened_graph,True,True,True,2.8610942790611227,0.09536980930203742,46.03912834907802,3.715335474813363e-15,4.173870135132282e-15,True,2,1.6990378388234042
1788,0.78,0.24,screened_best,True,True,True,2.8610942790606266,0.09536980930202088,46.039128349007676,1.1604353567155542e-15,2.4458099998804815e-15,True,2,1.3371738655177854
1788,0.78,0.24,bounded_attempt,True,True,True,2.8610942790610796,0.09536980930203598,46.03912833886944,2.1044638558654758e-13,3.4977266632711205e-12,True,2,1.3371738655177854
1788,0.78,0.24,selected,True,True,True,2.8610942790606266,0.09536980930202088,46.039128349007676,1.1604353567155542e-15,2.4458099998804815e-15,True,2,1.3371738655177854
1815,0.6,0.26,baseline,True,True,False,12.428455217958412,0.4142818405986137,147.85924683003824,5.455082836833558e-15,1.9691133791506382e-14,True,5,0.8453115074081294
1815,0.6,0.26,local,True,True,False,12.42845521795864,0.4142818405986213,147.85924683003788,5.254827606177622e-15,1.9847543734593494e-14,True,5,0.8453115074081294
1815,0.6,0.26,multistart,True,False,False,1.8348764474129564,0.06116254824709855,25.64123871984513,1.2243009258828885e-14,6.876095828725801e-14,True,4,0.8453115074081301
1815,0.6,0.26,graph,True,False,False,1.8348764474129964,0.06116254824709988,25.641238719845607,1.3088894998166277e-14,7.322485893031093e-14,True,4,0.8453115074081297
1815,0.6,0.26,best,True,False,False,1.834876447412943,0.0611625482470981,25.641238719845607,2.584698394608246e-15,1.0076243155474058e-14,True,4,0.8453115074081297
1815,0.6,0.26,screened_graph,True,True,False,12.428455217958412,0.4142818405986137,147.85924683003824,5.455082836833558e-15,1.9691133791506382e-14,True,5,0.8453115074081294
1815,0.6,0.26,screened_best,True,True,False,12.428455217951377,0.41428184059837925,147.85924683027608,8.407328333243984e-15,4.6046008491003053e-14,True,5,0.3234495449647703
1815,0.6,0.26,bounded_attempt,False,True,False,9.999999999999991,0.33333333333333304,149.5443910784337,9.076738153224455e-05,0.0058097225306868875,True,5,0.3234495449647703
1815,0.6,0.26,selected,True,True,False,12.428455217951377,0.41428184059837925,147.85924683027608,8.407328333243984e-15,4.6046008491003053e-14,True,5,0.3234495449647703
1816,0.62,0.26,baseline,True,True,False,20.91104192502506,0.6970347308341687,354.52757417002437,4.59000357817299e-15,1.439638567956678e-14,True,5,0.9230441435485941
1816,0.62,0.26,local,True,True,False,20.911041925024076,0.6970347308341358,354.52757416999805,5.4259133334288565e-15,1.25976034470419e-14,True,5,0.9230441435485943
1816,0.62,0.26,multistart,True,False,False,1.7747440235849998,0.059158134119499994,26.232108692642463,3.075895130169801e-15,1.4780756549430912e-14,True,4,0.9230441435485948
1816,0.62,0.26,graph,True,False,False,1.7747440235850465,0.05915813411950155,26.232108692642075,1.017116881748216e-14,1.0245094158139075e-13,True,4,0.923044143548595
1816,0.62,0.26,best,True,False,False,1.7747440235849998,0.059158134119499994,26.232108692642303,3.615050515640691e-15,1.4290884468894015e-14,True,4,0.9230441435485945
1816,0.62,0.26,screened_graph,True,True,False,20.91104192502293,0.6970347308340976,354.5275741699628,3.246453299781888e-15,4.71895696873006e-14,True,5,0.03947326566371956
1816,0.62,0.26,screened_best,True,True,False,20.911041925020804,0.6970347308340268,354.527574169898,4.2039390506613e-15,1.3958289329728335e-14,True,5,0.9230441435485945
1816,0.62,0.26,bounded_attempt,False,True,False,10.0,0.3333333333333333,248.381273091443,0.0004960917936343516,0.03226885779203783,True,5,0.9230441435485948
1816,0.62,0.26,selected,True,True,False,20.911041925020804,0.6970347308340268,354.527574169898,4.2039390506613e-15,1.3958289329728335e-14,True,5,0.9230441435485945
1817,0.64,0.26,baseline,True,True,False,91.36803388067271,3.045601129355757,2844.7384702678396,2.5954060517554467e-15,4.0851523755763515e-14,True,5,0.09442510951795935
1817,0.64,0.26,local,False,False,False,,,,,,,,
1817,0.64,0.26,multistart,True,False,False,1.7309174502100588,0.057697248340335294,26.29045252762734,3.1914084536294408e-15,1.7794298257571575e-14,True,4,1.004097931828042
1817,0.64,0.26,graph,True,False,False,1.7309174502100522,0.05769724834033507,26.29045252762774,2.298873876678878e-14,6.672084953162675e-14,True,4,0.9222695558504022
1817,0.64,0.26,best,True,False,False,1.7309174502100455,0.05769724834033485,26.29045252762774,5.2901865002927636e-15,1.506694835277751e-14,True,4,1.004097931828042
1817,0.64,0.26,screened_graph,True,True,False,22.835969856581208,0.7611989952193736,753.8403110096983,2.5954060517554467e-15,1.0585381155636246e-14,True,3,0.9778652174184437
1817,0.64,0.26,screened_best,True,True,False,22.835969856581208,0.7611989952193736,753.8403110096983,2.5954060517554467e-15,1.0585381155636246e-14,True,3,0.9778652174184437
1817,0.64,0.26,bounded_attempt,False,True,False,9.999999999999996,0.3333333333333332,277.5780900196201,0.00010509587255581243,0.0056139995511849455,True,3,0.9778652174185201
1817,0.64,0.26,selected,True,True,False,22.835969856581208,0.7611989952193736,753.8403110096983,2.5954060517554467e-15,1.0585381155636246e-14,True,3,0.9778652174184437
1818,0.66,0.26,baseline,True,False,False,93.06965034101714,3.1023216780339045,3086.1217889973154,7.103854048878698e-06,0.0004983665325447635,True,5,8.881784197001252e-16
1818,0.66,0.26,local,False,False,False,,,,,,,,
1818,0.66,0.26,multistart,True,False,False,1.7577145267230954,0.05859048422410318,27.176476022090725,1.028848684712243e-14,3.916314178221273e-14,True,3,1.0889375195414883
1818,0.66,0.26,graph,True,False,False,1.7577145267230954,0.05859048422410318,27.176476022091123,1.1850948254065549e-14,5.3196201495398545e-14,True,3,0.8846209840253145
1818,0.66,0.26,best,True,False,False,1.7577145267230954,0.05859048422410318,27.176476022090725,1.1248920818376664e-14,4.965254303681718e-14,True,3,1.0889375195414892
1818,0.66,0.26,screened_graph,True,True,False,37.48568081124387,1.249522693708129,696.2440307813868,7.48685751657021e-15,3.695192049761191e-14,True,3,0.9100186794895535
1818,0.66,0.26,screened_best,True,True,False,37.48568081124387,1.249522693708129,696.2440307813868,7.48685751657021e-15,3.695192049761191e-14,True,3,0.9100186794895535
1818,0.66,0.26,bounded_attempt,False,True,False,10.0,0.3333333333333333,572.6419244684437,0.00041694106282490304,0.022871876781848856,True,3,1.0889375195414885
1818,0.66,0.26,selected,True,True,False,37.48568081124387,1.249522693708129,696.2440307813868,7.48685751657021e-15,3.695192049761191e-14,True,3,0.9100186794895535
1819,0.68,0.26,baseline,True,True,False,90.51946088407827,3.017315362802609,2918.785603154358,3.2578531781717262e-15,6.367625075392072e-14,True,5,0.025027010547445272
1819,0.68,0.26,local,False,False,False,,,,,,,,
1819,0.68,0.26,multistart,True,False,False,1.8017619935396478,0.06005873311798826,28.253143188567044,1.2665334779152618e-15,1.212477946636395e-14,True,3,1.1781794339871579
1819,0.68,0.26,graph,True,False,False,1.8017619935396492,0.0600587331179883,28.25314318856759,2.731949598686637e-14,6.957481138938796e-14,True,3,0.8447610780475623
1819,0.68,0.26,best,True,False,False,1.8017619935396478,0.06005873311798826,28.253143188567044,1.2665334779152618e-15,1.212477946636395e-14,True,3,1.1781794339871579
1819,0.68,0.26,screened_graph,True,True,False,27.829615285826616,0.9276538428608871,415.64886935710314,1.4067997763904868e-15,6.2804963301680795e-15,True,3,0.8346500822311977
1819,0.68,0.26,screened_best,True,True,False,27.829615285826616,0.9276538428608871,415.64886935710314,1.26219223971514e-15,6.2804963301680795e-15,True,3,0.8346500822311977
1819,0.68,0.26,bounded_attempt,False,True,False,9.999999999999998,0.33333333333333326,574.0799233673281,0.0011205205979334999,0.050787889554907345,True,3,1.1781794339871574
1819,0.68,0.26,selected,True,True,False,27.829615285826616,0.9276538428608871,415.64886935710314,1.26219223971514e-15,6.2804963301680795e-15,True,3,0.8346500822311977
1820,0.7000000000000001,0.26,baseline,True,True,False,90.29712968545027,3.0099043228483424,2836.213502527776,1.9813671034512868e-15,9.028766848771114e-15,True,5,0.10817359600246412
1820,0.7000000000000001,0.26,local,False,False,False,,,,,,,,
1820,0.7000000000000001,0.26,multistart,True,False,False,1.8601705069109187,0.06200568356369729,29.575584351696538,2.8389829559661228e-15,4.1509586306391206e-14,True,3,1.2726559749784787
1820,0.7000000000000001,0.26,graph,True,False,False,1.8601705069109187,0.06200568356369729,29.575584351696538,3.115061063895963e-15,9.571349001145543e-15,True,3,0.8022725083388247
1820,0.7000000000000001,0.26,best,True,False,False,1.8601705069109187,0.06200568356369729,29.575584351696538,1.3204771616542362e-14,7.010438183298958e-14,True,3,1.2726559749784776
1820,0.7000000000000001,0.26,screened_graph,True,True,False,18.906955669544264,0.6302318556514754,498.93772550804823,4.1725779438208954e-16,1.4917857889516134e-15,True,3,0.7893006361045689
1820,0.7000000000000001,0.26,screened_best,True,True,False,18.906955669544125,0.6302318556514708,498.93772550826543,2.8582852943837945e-15,3.452811577493221e-14,True,3,0.7893006361045698
1820,0.7000000000000001,0.26,bounded_attempt,False,True,False,9.999999999999998,0.33333333333333326,401.0834050977125,0.0017561930967698203,0.0811938776567687,True,3,0.7893006361046835
1820,0.7000000000000001,0.26,selected,True,True,False,18.906955669544125,0.6302318556514708,498.93772550826543,2.8582852943837945e-15,3.452811577493221e-14,True,3,0.7893006361045698
1821,0.72,0.26,baseline,True,True,False,89.62834849837617,2.987611616612539,2839.320192770512,3.9826107831415716e-15,1.4172628168333219e-14,True,3,0.016726475836210675
1821,0.72,0.26,local,False,False,False,,,,,,,,
1821,0.72,0.26,multistart,True,False,False,1.937483820339292,0.06458279401130973,31.225726469561632,1.3212353694904594e-15,9.634376201029501e-15,True,3,1.3735228644759485
1821,0.72,0.26,graph,True,False,False,1.9374838203393052,0.06458279401131017,31.225726469562034,3.385725185095924e-15,1.3133710009509907e-14,True,3,0.7565615390083265
1821,0.72,0.26,best,True,False,False,1.937483820339292,0.06458279401130973,31.225726469561632,1.3212353694904594e-15,9.634376201029501e-15,True,3,1.3735228644759485
1821,0.72,0.26,screened_graph,True,True,False,34.51178982518073,1.150392994172691,1325.7184649598253,3.9826107831415716e-15,1.4172628168333219e-14,True,3,0.6636181370881538
1821,0.72,0.26,screened_best,True,True,False,34.51178982518073,1.150392994172691,1325.7184649598253,3.9826107831415716e-15,1.4172628168333219e-14,True,3,0.6636181370881538
1821,0.72,0.26,bounded_attempt,False,True,False,9.999999999999998,0.33333333333333326,514.891085018342,0.0025058511260261426,0.10804349035219064,True,3,0.6636181370884948
1821,0.72,0.26,selected,True,True,False,34.51178982518073,1.150392994172691,1325.7184649598253,3.9826107831415716e-15,1.4172628168333219e-14,True,3,0.6636181370881538
1822,0.74,0.26,baseline,True,True,False,22.760593757915345,0.7586864585971782,464.5653343006215,6.217558702233406e-15,2.0507216614108763e-14,True,5,0.5686012343645919
1822,0.74,0.26,local,True,True,False,22.76059375791542,0.7586864585971806,464.5653343006039,6.494804694057166e-15,2.0321759933039345e-14,True,5,0.5686012343645919
1822,0.74,0.26,multistart,True,False,False,2.041252733167802,0.06804175777226007,33.32917184407829,9.742167503148516e-16,1.847011334022414e-15,True,3,1.482452256801139
1822,0.74,0.26,graph,True,False,False,2.0412527331678287,0.06804175777226096,33.32917184407829,9.73623499422337e-15,1.8364111436145198e-14,True,3,1.4824522568011398
1822,0.74,0.26,best,True,False,False,2.041252733167802,0.06804175777226007,33.32917184407829,9.742167503148516e-16,1.847011334022414e-15,True,3,1.482452256801139
1822,0.74,0.26,screened_graph,True,True,False,20.942871753168124,0.6980957251056041,330.5870792909924,2.8441001681421826e-15,1.8390684900474314e-14,True,5,0.6245081612260739
1822,0.74,0.26,screened_best,True,True,False,20.94287175315822,0.698095725105274,330.5870792906903,4.332804487385626e-15,5.862094993278908e-14,True,5,0.0697345960342517
1822,0.74,0.26,bounded_attempt,False,True,False,9.999999999999995,0.33333333333333315,257.7073296731604,0.0020051621895914354,0.07952011907242174,True,3,0.06655001414765938
1822,0.74,0.26,selected,True,True,False,20.94287175315822,0.698095725105274,330.5870792906903,4.332804487385626e-15,5.862094993278908e-14,True,5,0.0697345960342517
1823,0.76,0.26,baseline,True,True,False,19.51093184471591,0.6503643948238637,277.04298233294094,1.7739699910451538e-15,7.714933173078854e-15,True,3,0.4643979395742148
1823,0.76,0.26,local,True,True,False,19.51093184471625,0.650364394823875,277.0429823329525,2.6693014858301447e-15,7.625512917366096e-15,True,3,0.46439793957421394
1823,0.76,0.26,multistart,True,False,False,2.295094472160905,0.07650314907203015,36.62792872829521,8.3820000221454525e-16,1.2678472781504233e-15,True,2,1.6020101372316053
1823,0.76,0.26,graph,True,False,False,2.295094472160998,0.07650314907203326,36.078074732906806,1.324950130393119e-14,2.6322124306871412e-14,True,2,1.4186355294882702
1823,0.76,0.26,best,True,False,False,2.295094472160905,0.07650314907203015,36.62792872829521,8.3820000221454525e-16,1.2678472781504233e-15,True,2,1.6020101372316053
1823,0.76,0.26,screened_graph,True,True,False,19.51093184471591,0.6503643948238637,277.04298233294094,1.7739699910451538e-15,7.714933173078854e-15,True,3,0.4643979395742148
1823,0.76,0.26,screened_best,True,True,False,19.51093184471591,0.6503643948238637,277.04298233294094,1.7739699910451538e-15,7.714933173078854e-15,True,3,0.4643979395742148
1823,0.76,0.26,bounded_attempt,False,True,False,9.999999999999998,0.33333333333333326,211.2391923101396,0.0021601259106245837,0.08065289127870039,True,5,0.4643979395742148
1823,0.76,0.26,selected,True,True,False,19.51093184471591,0.6503643948238637,277.04298233294094,1.7739699910451538e-15,7.714933173078854e-15,True,3,0.4643979395742148
1824,0.78,0.26,baseline,True,True,False,23.90152373809492,0.7967174579364973,315.99750481317074,1.6720286801584809e-15,1.1950114299036692e-14,True,5,0.3183627239078053
1824,0.78,0.26,local,True,True,False,23.901523738094973,0.7967174579364991,315.99750481316437,1.8444410139024814e-15,6.91653987943628e-15,True,5,0.3183627239078062
1824,0.78,0.26,multistart,True,True,True,3.3445219920280835,0.11148406640093611,86.3110702348188,6.937943487909204e-14,6.120296554048676e-14,True,2,0.593992572369193
1824,0.78,0.26,graph,True,True,True,3.344521992023582,0.11148406640078606,86.31107023440593,1.7312093914765917e-14,4.307230032120128e-14,True,2,1.7356913932445996
1824,0.78,0.26,best,True,True,True,3.3445219920234504,0.11148406640078168,86.31107023444832,7.7068217642501e-15,1.5289720063674962e-14,True,2,1.7356913932445985
1824,0.78,0.26,screened_graph,True,True,True,3.344521992023582,0.11148406640078606,86.31107023440593,1.7312093914765917e-14,4.307230032120128e-14,True,2,1.7356913932445996
1824,0.78,0.26,screened_best,True,True,True,3.3445219920234504,0.11148406640078168,86.31107023444832,7.7068217642501e-15,1.5289720063674962e-14,True,2,1.7356913932445985
1824,0.78,0.26,bounded_attempt,True,True,True,3.3445219920281932,0.11148406640093977,86.31107025918836,8.004141351254928e-13,4.336568490007813e-12,True,2,1.7356913932446
1824,0.78,0.26,selected,True,True,True,3.3445219920234504,0.11148406640078168,86.31107023444832,7.7068217642501e-15,1.5289720063674962e-14,True,2,1.7356913932445985
1851,0.6,0.28,baseline,True,True,False,12.143075035000468,0.40476916783334893,157.69680934476477,2.831068712794149e-15,3.9238445899045735e-14,True,5,0.8767093079920001
1851,0.6,0.28,local,True,True,False,12.143075035000376,0.4047691678333458,157.69680934475713,2.831068712794149e-15,3.9238445899045735e-14,True,5,0.8767093079919999
1851,0.6,0.28,multistart,True,False,False,1.8327718896096812,0.061092396320322706,25.346937108036048,3.190442750164218e-15,2.3634774105291453e-14,True,4,0.8767093079919992
1851,0.6,0.28,graph,True,False,False,1.8327718896096945,0.06109239632032315,25.34693710803585,1.2177709378935644e-14,3.0356228431722716e-14,True,4,0.8767093079920001
1851,0.6,0.28,best,True,False,False,1.8327718896096812,0.061092396320322706,25.346937108036048,3.190442750164218e-15,2.3634774105291453e-14,True,4,0.8767093079919992
1851,0.6,0.28,screened_graph,True,True,False,12.143075035000487,0.4047691678333496,157.69680934467132,3.3843596979723905e-15,2.13168560710687e-14,True,5,0.8767093079919996
1851,0.6,0.28,screened_best,True,True,False,12.143075035000232,0.40476916783334105,157.69680934441962,5.5228016183138006e-15,3.135078583216151e-14,True,5,0.08986720984785634
1851,0.6,0.28,bounded_attempt,False,True,False,10.0,0.3333333333333333,140.604836254179,0.00017230714858375892,0.010700721579326647,True,5,0.08948852342630875
1851,0.6,0.28,selected,True,True,False,12.143075035000232,0.40476916783334105,157.69680934441962,5.5228016183138006e-15,3.135078583216151e-14,True,5,0.08986720984785634
1852,0.62,0.28,baseline,True,True,False,17.33661266659905,0.577887088886635,331.51500473069984,4.220308060520364e-15,2.852103181566665e-14,True,5,0.9548257741569037
1852,0.62,0.28,local,True,True,False,17.336612666578947,0.5778870888859649,331.51500473129374,4.595035926552277e-15,2.954026903762362e-14,True,5,0.9548257741569035
1852,0.62,0.28,multistart,True,False,False,1.7736142564595347,0.059120475215317825,25.316852090833475,5.730098085014894e-15,4.4890471582373347e-14,True,4,0.9451316821086992
1852,0.62,0.28,graph,True,False,False,1.773614256459528,0.0591204752153176,25.316852090833475,1.149228314419285e-14,6.254308068227558e-14,True,4,0.9548257741569042
1852,0.62,0.28,best,True,False,False,1.773614256459528,0.0591204752153176,25.316852090833475,1.149228314419285e-14,6.254308068227558e-14,True,4,0.9548257741569042
1852,0.62,0.28,screened_graph,True,True,False,17.336612666599116,0.5778870888866372,331.51500473065386,1.3774178053642734e-14,6.45431903526957e-14,True,5,0.05641852515845258
1852,0.62,0.28,screened_best,True,True,False,17.336612666578947,0.5778870888859649,331.51500473129374,4.595035926552277e-15,2.954026903762362e-14,True,5,0.9548257741569035
1852,0.62,0.28,bounded_attempt,False,True,False,9.999999999999991,0.33333333333333304,238.48278769117871,0.0007021520998967167,0.04390798686287972,True,5,0.9548257741569042
1852,0.62,0.28,selected,True,True,False,17.336612666578947,0.5778870888859649,331.51500473129374,4.595035926552277e-15,2.954026903762362e-14,True,5,0.9548257741569035
1853,0.64,0.28,baseline,True,True,False,39.25487883621759,1.308495961207253,888.6639434860045,6.275768268723677e-15,1.3167187004032558e-14,True,5,0.995035814808273
1853,0.64,0.28,local,True,True,False,39.25487883621782,1.3084959612072606,888.6639434860126,4.555720739103156e-15,1.433610076464842e-14,True,5,0.995035814808273
1853,0.64,0.28,multistart,True,False,False,1.7234978725170569,0.057449929083901896,26.091031819398182,4.892860061427375e-15,2.1393220116832104e-14,True,3,0.9091176772481608
1853,0.64,0.28,graph,True,False,False,1.7234978725170702,0.05744992908390234,26.091031819398182,1.0356252078576214e-14,1.020649643859094e-13,True,3,1.035705250938703
1853,0.64,0.28,best,True,False,False,1.7234978725170569,0.057449929083901896,26.091031819398182,4.892860061427375e-15,2.1393220116832104e-14,True,3,0.9091176772481608
1853,0.64,0.28,screened_graph,True,True,False,39.25487883621698,1.3084959612072327,888.6639434859743,9.085277977504371e-15,3.334759136656765e-14,True,5,0.02693588376407874
1853,0.64,0.28,screened_best,True,True,False,39.25487883621698,1.3084959612072327,888.6639434859743,9.085277977504371e-15,3.334759136656765e-14,True,5,0.02693588376407874
1853,0.64,0.28,bounded_attempt,False,True,False,9.999999999999991,0.33333333333333304,322.50130552073483,0.0020965529093433565,0.13080805607513785,True,5,0.012858064790956192
1853,0.64,0.28,selected,True,True,False,39.25487883621698,1.3084959612072327,888.6639434859743,9.085277977504371e-15,3.334759136656765e-14,True,5,0.02693588376407874
1854,0.66,0.28,baseline,True,True,False,90.95252261575261,3.0317507538584203,2847.333976030075,3.1032918157843187e-15,8.227702021496204e-15,True,5,0.03818999001605761
1854,0.66,0.28,local,False,False,False,,,,,,,,
1854,0.66,0.28,multistart,True,False,False,1.7381713391548859,0.057939044638496195,26.297216994950023,8.798999020591313e-16,9.42254846144829e-15,True,3,1.1205854879581698
1854,0.66,0.28,graph,True,False,False,1.7381713391548992,0.05793904463849664,26.297216994950023,1.1206045118546897e-14,3.7611636900650055e-14,True,3,1.1205854879581687
1854,0.66,0.28,best,True,False,False,1.7381713391548859,0.057939044638496195,26.297216994950023,8.798999020591313e-16,9.42254846144829e-15,True,3,1.1205854879581698
1854,0.66,0.28,screened_graph,True,True,False,21.58781674348418,0.7195938914494726,1206.7420210780576,2.3646056361569095e-15,1.4681364170162998e-13,True,5,0.009479393160573224
1854,0.66,0.28,screened_best,True,True,False,21.587816743483184,0.7195938914494395,1206.7420210779992,1.4977727461875691e-15,3.228912713158172e-15,True,5,1.1205854879581694
1854,0.66,0.28,bounded_attempt,False,True,False,9.999999999999996,0.3333333333333332,511.47301646901036,0.00034184416999454855,0.016213078951716725,True,5,1.1205854879581694
1854,0.66,0.28,selected,True,True,False,21.587816743483184,0.7195938914494395,1206.7420210779992,1.4977727461875691e-15,3.228912713158172e-15,True,5,1.1205854879581694
1855,0.68,0.28,baseline,True,True,False,82.16871866133164,2.7389572887110547,2606.939676435608,6.590882724009204e-15,2.2777777539113845e-14,True,5,0.0006458134052156339
1855,0.68,0.28,local,False,False,False,,,,,,,,
1855,0.68,0.28,multistart,True,False,False,1.784091270593272,0.05946970901977574,27.428478512923267,3.815760786470701e-16,3.502803196051291e-15,True,3,1.210119254140201
1855,0.68,0.28,graph,True,False,False,1.7840912705932732,0.059469709019775774,27.428478512923117,1.2428835502346292e-14,4.634045264138318e-14,True,3,1.2101192541402015
1855,0.68,0.28,best,True,False,False,1.784091270593272,0.05946970901977574,27.428478512923267,3.815760786470701e-16,3.502803196051291e-15,True,3,1.210119254140201
1855,0.68,0.28,screened_graph,True,True,False,47.488720260366335,1.5829573420122112,1934.2016266699832,6.590882724009204e-15,2.2777777539113845e-14,True,5,0.8528305981662658
1855,0.68,0.28,screened_best,True,True,False,47.488720260366335,1.5829573420122112,1934.2016266699832,6.590882724009204e-15,2.2777777539113845e-14,True,5,0.8528305981662658
1855,0.68,0.28,bounded_attempt,False,True,False,9.999999999999995,0.33333333333333315,573.9794786004906,0.001057430105830456,0.06947702303444574,True,3,0.8528305981664026
1855,0.68,0.28,selected,True,True,False,47.488720260366335,1.5829573420122112,1934.2016266699832,6.590882724009204e-15,2.2777777539113845e-14,True,5,0.8528305981662658
1856,0.7000000000000001,0.28,baseline,True,True,False,90.99038913796863,3.033012971265621,2913.6637546109746,1.5044674154403867e-14,5.3744797689884945e-14,True,5,0.009351793475484094
1856,0.7000000000000001,0.28,local,False,False,False,,,,,,,,
1856,0.7000000000000001,0.28,multistart,True,False,False,1.8446900525862953,0.061489668419543175,28.81479827262332,3.284553116708503e-15,4.440840395308547e-14,True,3,1.3051977355491569
1856,0.7000000000000001,0.28,graph,True,False,False,1.8446900525863086,0.06148966841954362,28.814798272623722,1.5619781551832048e-14,6.670732026740994e-14,True,3,1.3051977355491564
1856,0.7000000000000001,0.28,best,True,False,False,1.8446900525862953,0.061489668419543175,28.81479827262332,3.284553116708503e-15,4.440840395308547e-14,True,3,1.3051977355491569
1856,0.7000000000000001,0.28,screened_graph,True,True,False,36.51435204046797,1.2171450680155989,708.1077178212586,1.5044674154403867e-14,5.3744797689884945e-14,True,3,0.7703667084695383
1856,0.7000000000000001,0.28,screened_best,True,True,False,36.51435204046797,1.2171450680155989,708.1077178212586,1.3340618601583416e-14,5.542351406795003e-14,True,3,0.7703667084695374
1856,0.7000000000000001,0.28,bounded_attempt,False,True,False,9.999999999999998,0.33333333333333326,147.84992810554897,0.00364110091550039,0.16859671456412637,True,3,0.7703667084698171
1856,0.7000000000000001,0.28,selected,True,True,False,36.51435204046797,1.2171450680155989,708.1077178212586,1.3340618601583416e-14,5.542351406795003e-14,True,3,0.7703667084695374
1857,0.72,0.28,baseline,True,True,False,89.2560716684536,2.9752023889484533,2840.6484313962374,5.9950115828244306e-15,1.930387150756373e-13,True,5,0.038427855331674365
1857,0.72,0.28,local,False,False,False,,,,,,,,
1857,0.72,0.28,multistart,True,False,False,1.9248479780642465,0.06416159926880821,30.5473507665666,6.206335383118183e-16,2.415213575558083e-15,True,3,1.4070740743440382
1857,0.72,0.28,graph,True,False,False,1.924847978064248,0.06416159926880827,30.547350766566872,3.2634939240730042e-15,5.90695122736455e-15,True,3,1.4070740743440382
1857,0.72,0.28,best,True,False,False,1.9248479780642347,0.06416159926880782,30.547350766567273,9.516884610033234e-15,2.4381828077910208e-14,True,3,1.4070740743440389
1857,0.72,0.28,screened_graph,True,True,False,30.305089755318086,1.0101696585106028,1769.2984385257796,2.553060379972272e-15,3.6807752049044685e-14,True,5,1.407074074344038
1857,0.72,0.28,screened_best,True,True,False,30.305089754898326,1.010169658496611,1769.2984385006869,4.778878245001001e-15,7.402459884852098e-14,True,5,1.4070740743440378
1857,0.72,0.28,bounded_attempt,False,True,False,10.0,0.3333333333333333,551.212914872931,0.0032230122955941498,0.14161770218600792,True,3,1.4069798473833766
1857,0.72,0.28,selected,True,True,False,30.305089754898326,1.010169658496611,1769.2984385006869,4.778878245001001e-15,7.402459884852098e-14,True,5,1.4070740743440378
1858,0.74,0.28,baseline,True,True,False,32.34621171971236,1.0782070573237452,639.0096620943609,1.2425077236865807e-15,4.615156346310089e-15,True,5,0.5813721177935989
1858,0.74,0.28,local,True,True,False,32.34621171971225,1.0782070573237417,639.0096620943593,1.3574718305694992e-15,4.610322832087094e-15,True,5,0.5813721177935989
1858,0.74,0.28,multistart,True,False,False,2.032763066346619,0.06775876887822063,32.768413710840825,1.7258612428786485e-14,3.0603064698252715e-14,True,3,1.4711803991900156
1858,0.74,0.28,graph,True,False,False,2.032763066346619,0.06775876887822063,32.768413710840825,1.7258612428786485e-14,3.0603064698252715e-14,True,3,1.4711803991900156
1858,0.74,0.28,best,True,False,False,2.032763066346619,0.06775876887822063,32.76841371084043,3.6371455293962386e-15,7.573593372921126e-15,True,3,1.4711803991900432
1858,0.74,0.28,screened_graph,True,True,False,24.24738014981504,0.8082460049938347,452.6676855184187,1.9891280697202825e-15,1.2205183502831318e-14,True,5,0.5468098434020767
1858,0.74,0.28,screened_best,True,True,False,24.24738014981471,0.8082460049938236,452.6676855183528,1.237537672871711e-15,9.250409042709081e-15,True,5,0.05584795604589221
1858,0.74,0.28,bounded_attempt,False,True,False,9.999999999999998,0.33333333333333326,258.0125807301556,0.0026492794686735,0.10755185805597825,True,3,0.046468189365445944
1858,0.74,0.28,selected,True,True,False,24.24738014981471,0.8082460049938236,452.6676855183528,1.237537672871711e-15,9.250409042709081e-15,True,5,0.05584795604589221
1859,0.76,0.28,baseline,True,True,False,22.77556504431933,0.759185501477311,363.7836353998804,3.4526418846702353e-15,1.1676351167969765e-14,True,3,0.46553755419949194
1859,0.76,0.28,local,True,True,False,22.77556504432011,0.759185501477337,363.78363539990426,8.023858005779376e-15,1.8312787469730397e-14,True,3,0.4655375541994893
1859,0.76,0.28,multistart,True,True,True,2.488575274717968,0.0829525091572656,36.38670411047834,1.72603978148038e-14,2.0628583584798555e-14,True,2,1.6396271575431918
1859,0.76,0.28,graph,True,True,True,2.4885752747180847,0.08295250915726948,35.971126996404536,1.645547534083821e-14,2.0062906452264435e-14,True,2,1.6396271575431922
1859,0.76,0.28,best,True,True,True,2.488575274717968,0.0829525091572656,36.38670411047834,1.72603978148038e-14,2.0628583584798555e-14,True,2,1.6396271575431918
1859,0.76,0.28,screened_graph,True,True,True,2.4885752747180847,0.08295250915726948,35.971126996404536,1.645547534083821e-14,2.0062906452264435e-14,True,2,1.6396271575431922
1859,0.76,0.28,screened_best,True,True,True,2.488575274717968,0.0829525091572656,36.38670411047834,1.72603978148038e-14,2.0628583584798555e-14,True,2,1.6396271575431918
1859,0.76,0.28,bounded_attempt,True,True,True,2.488575274718018,0.08295250915726726,36.38670411047891,5.775636682050883e-14,1.4467094784421846e-12,True,2,1.6396271575431924
1859,0.76,0.28,selected,True,True,True,2.488575274717968,0.0829525091572656,36.38670411047834,1.72603978148038e-14,2.0628583584798555e-14,True,2,1.6396271575431918
1887,0.6,0.3,baseline,True,True,False,12.355206916334058,0.4118402305444686,152.9671833854885,4.0226438312062325e-15,1.3724284925245477e-14,True,5,0.91141365046128
1887,0.6,0.3,local,True,True,False,12.355206916334232,0.4118402305444744,152.96718338547174,3.4134844607150002e-15,1.2062224775871581e-14,True,5,0.91141365046128
1887,0.6,0.3,multistart,True,False,False,1.8252801140219166,0.06084267046739722,25.56774911962556,5.214651481239399e-15,4.1316222036782394e-14,True,4,0.9114136504612802
1887,0.6,0.3,graph,True,False,False,1.8252801140219632,0.060842670467398774,25.567749119622963,1.0935133213048421e-14,4.932290593644783e-14,True,4,0.9114136504612809
1887,0.6,0.3,best,True,False,False,1.8252801140219166,0.06084267046739722,25.56774911962556,5.214651481239399e-15,4.1316222036782394e-14,True,4,0.9114136504612802
1887,0.6,0.3,screened_graph,True,True,False,12.35520691633418,0.4118402305444726,152.96718338547092,4.223683687123136e-15,6.719924290748533e-15,True,5,0.10636854749508196
1887,0.6,0.3,screened_best,True,True,False,12.355206916333803,0.41184023054446006,152.9671833854769,6.148282896586242e-15,1.8455129889155836e-14,True,5,0.10636854749508196
1887,0.6,0.3,bounded_attempt,False,True,False,9.999999999999998,0.33333333333333326,173.9423834461741,0.00017247354948400436,0.010880129006022811,True,5,0.10636854749507574
1887,0.6,0.3,selected,True,True,False,12.355206916333803,0.41184023054446006,152.9671833854769,6.148282896586242e-15,1.8455129889155836e-14,True,5,0.10636854749508196
1888,0.62,0.3,baseline,True,True,False,17.47248618361126,0.5824162061203753,221.37245247075788,1.8914564400730272e-15,3.863470648208196e-15,True,5,0.9895700352362249
1888,0.62,0.3,local,True,True,False,17.472486183611498,0.5824162061203833,221.37245247075467,1.6016674704581467e-15,3.851538134073782e-15,True,5,0.9895700352362247
1888,0.62,0.3,multistart,True,False,False,1.7670900146121493,0.058903000487071644,24.658561134958568,5.451780797753705e-15,4.319496637181756e-14,True,4,0.9299060351241675
1888,0.62,0.3,graph,True,False,False,1.767090014612176,0.05890300048707253,24.658561134959466,1.0748514640682343e-14,1.0055412390789383e-13,True,4,0.9895700352362242
1888,0.62,0.3,best,True,False,False,1.7670900146121227,0.058903000487070756,24.658561134960166,8.848066560970446e-15,3.980271313804696e-14,True,4,0.9299060351241675
1888,0.62,0.3,screened_graph,True,True,False,17.472486183611217,0.5824162061203739,221.3724524707567,3.1738594772174458e-15,2.026789629268444e-14,True,5,0.07798162959851229
1888,0.62,0.3,screened_best,True,True,False,17.472486183610837,0.5824162061203613,221.37245247074827,6.713178136967714e-16,4.048689995941104e-15,True,5,0.9895700352362244
1888,0.62,0.3,bounded_attempt,False,True,False,9.999999999999991,0.33333333333333304,195.9516966409253,0.000731266920190219,0.04710418671741169,True,5,0.9895700352362247
1888,0.62,0.3,selected,True,True,False,17.472486183610837,0.5824162061203613,221.37245247074827,6.713178136967714e-16,4.048689995941104e-15,True,5,0.9895700352362244
1889,0.64,0.3,baseline,True,True,False,25.1206229929325,0.8373540997644167,513.7722988133426,4.79593537694451e-15,1.00556765274515e-14,True,5,1.0046452387109532
1889,0.64,0.3,local,True,True,False,25.12062299293218,0.837354099764406,513.7722988133252,5.136881481408579e-15,1.057959494214028e-14,True,5,1.0046452387109532
1889,0.64,0.3,multistart,True,False,False,1.704903654575407,0.056830121819180235,25.16905050970304,4.870134746710576e-15,1.645825807000401e-14,True,4,0.8931519714422178
1889,0.64,0.3,graph,True,False,False,1.7049036545754204,0.05683012181918068,25.16905050970264,1.0674472871236563e-14,1.0411827944837332e-13,True,4,1.0713677887961137
1889,0.64,0.3,best,True,False,False,1.704903654575407,0.056830121819180235,25.16905050970304,4.870134746710576e-15,1.645825807000401e-14,True,4,0.8931519714422178
1889,0.64,0.3,screened_graph,True,True,False,25.120622992932926,0.8373540997644309,513.7722988133676,1.0259355855836939e-14,3.717482499488723e-14,True,5,0.04871974323925432
1889,0.64,0.3,screened_best,True,True,False,25.12062299293218,0.837354099764406,513.7722988133252,5.136881481408579e-15,1.057959494214028e-14,True,5,1.0046452387109532
1889,0.64,0.3,bounded_attempt,False,True,False,9.999999999999991,0.33333333333333304,321.9383085765232,0.0019265468136306391,0.11544687940621379,True,5,1.0046452387110163
1889,0.64,0.3,selected,True,True,False,25.12062299293218,0.837354099764406,513.7722988133252,5.136881481408579e-15,1.057959494214028e-14,True,5,1.0046452387109532
1890,0.66,0.3,baseline,True,True,False,56.79516962190543,1.893172320730181,1444.5707234223787,5.856097588132977e-15,2.1279737048306366e-14,True,5,0.6664286269403741
1890,0.66,0.3,local,False,False,False,,,,,,,,
1890,0.66,0.3,multistart,True,False,False,1.7150673190819798,0.057168910636065995,25.356526277815572,1.3382793388391261e-14,3.9304209958958274e-14,True,3,1.1563964545020478
1890,0.66,0.3,graph,True,False,False,1.7150673190819798,0.057168910636065995,25.356526277815572,1.3382793388391261e-14,3.9304209958958274e-14,True,3,1.1563964545020478
1890,0.66,0.3,best,True,False,False,1.7150673190819798,0.057168910636065995,25.356526277815572,1.3382793388391261e-14,3.9304209958958274e-14,True,3,1.1563964545020478
1890,0.66,0.3,screened_graph,True,True,False,13.83674489315843,0.4612248297719477,149.07245225236414,3.062812363355181e-15,1.2789632442423456e-14,True,3,0.3792224853377686
1890,0.66,0.3,screened_best,True,True,False,13.836744893158311,0.4612248297719437,149.07245225223187,2.2650998591337196e-15,1.211339914313656e-14,True,3,0.9084195378049342
1890,0.66,0.3,bounded_attempt,False,True,False,9.999999999999991,0.33333333333333304,141.70589961757074,0.0003945508983062911,0.01838359363313505,True,3,0.9084195378050532
1890,0.66,0.3,selected,True,True,False,13.836744893158311,0.4612248297719437,149.07245225223187,2.2650998591337196e-15,1.211339914313656e-14,True,3,0.9084195378049342
1891,0.68,0.3,baseline,True,True,False,91.23848179905264,3.041282726635088,2851.879357869659,1.1301564617159352e-14,4.045999062723884e-14,True,5,0.08407920848571848
1891,0.68,0.3,local,False,False,False,,,,,,,,
1891,0.68,0.3,multistart,True,False,False,1.7628091405295838,0.05876030468431946,26.53989475217263,5.640599496620651e-16,3.2579141415290015e-15,True,3,1.2463737046024803
1891,0.68,0.3,graph,True,False,False,1.7628091405295843,0.058760304684319475,26.539894752172355,1.3941368960745887e-14,4.860572855997792e-14,True,3,0.8118363988889046
1891,0.68,0.3,best,True,False,False,1.7628091405295838,0.05876030468431946,26.53989475217263,5.640599496620651e-16,3.2579141415290015e-15,True,3,1.2463737046024803
1891,0.68,0.3,screened_graph,True,True,False,33.76631705060865,1.1255439016869548,1907.8245144225789,3.968173789706046e-15,2.3312030959196877e-14,True,5,0.20214313969038855
1891,0.68,0.3,screened_best,True,True,False,33.76631705060865,1.1255439016869548,1907.8245144225789,3.968173789706046e-15,2.3312030959196877e-14,True,5,0.20214313969038855
1891,0.68,0.3,bounded_attempt,False,True,False,9.999999999999991,0.33333333333333304,481.84549138637243,0.0006038844599844342,0.02778876642867214,True,5,0.20214313969038855
1891,0.68,0.3,selected,True,True,False,33.76631705060865,1.1255439016869548,1907.8245144225789,3.968173789706046e-15,2.3312030959196877e-14,True,5,0.20214313969038855
1892,0.7000000000000001,0.3,baseline,True,True,False,84.2623946616047,2.8087464887201565,2609.556120924611,5.103706232910402e-15,1.866906878699811e-14,True,5,0.016598081718265156
1892,0.7000000000000001,0.3,local,False,False,False,,,,,,,,
1892,0.7000000000000001,0.3,multistart,True,False,False,1.825523272998577,0.060850775766619236,27.988644192877743,1.0371267395744221e-15,7.616112532133235e-15,True,3,1.342268119072806
1892,0.7000000000000001,0.3,graph,True,False,False,1.8255232729985904,0.06085077576661968,27.988644192877345,2.125320110679433e-14,7.285039335114814e-14,True,3,1.342268119072806
1892,0.7000000000000001,0.3,best,True,False,False,1.825523272998577,0.060850775766619236,27.988644192877743,1.0371267395744221e-15,7.616112532133235e-15,True,3,1.342268119072806
1892,0.7000000000000001,0.3,screened_graph,True,True,False,36.48008716654964,1.2160029055516546,1466.6112002323468,5.103706232910402e-15,1.866906878699811e-14,True,5,0.7788843779026609
1892,0.7000000000000001,0.3,screened_best,True,True,False,36.48008716654964,1.2160029055516546,1466.6112002323468,5.103706232910402e-15,1.866906878699811e-14,True,5,0.7788843779026609
1892,0.7000000000000001,0.3,bounded_attempt,False,True,False,9.999999999999995,0.33333333333333315,574.1864064252849,0.001287137200596741,0.05594736141337616,True,3,0.7788843779033492
1892,0.7000000000000001,0.3,selected,True,True,False,36.48008716654964,1.2160029055516546,1466.6112002323468,5.103706232910402e-15,1.866906878699811e-14,True,5,0.7788843779026609
1893,0.72,0.3,baseline,True,True,False,92.2429930209613,3.074766434032043,2926.7204274225824,2.465720107482118e-15,8.813460624952675e-15,True,5,0.0258953594876985
1893,0.72,0.3,local,False,False,False,,,,,,,,
1893,0.72,0.3,multistart,True,False,False,1.9084441587830892,0.06361480529276964,29.804574931195262,1.224159340007545e-15,6.073514383459692e-15,True,3,1.4454613408804964
1893,0.72,0.3,graph,True,False,False,1.9084441587831025,0.06361480529277008,29.804574931195262,1.2191144893256048e-15,5.064186416988838e-15,True,3,1.4454613408804957
1893,0.72,0.3,best,True,False,False,1.9084441587830758,0.0636148052927692,29.80457493119606,5.613217783960923e-16,9.234270517694405e-16,True,3,1.4454613408804962
1893,0.72,0.3,screened_graph,True,True,False,30.409848244974278,1.0136616081658092,625.098040013142,1.5403719328412455e-15,8.6578768857449e-15,True,3,0.7419097924115858
1893,0.72,0.3,screened_best,True,True,False,30.409848244974278,1.0136616081658092,625.098040013142,1.5403719328412455e-15,8.6578768857449e-15,True,3,0.7419097924115858
1893,0.72,0.3,bounded_attempt,False,True,False,9.999999999999996,0.3333333333333332,254.39578576980645,0.0036490074272283843,0.15255076984272564,True,3,0.7419097924115832
1893,0.72,0.3,selected,True,True,False,30.409848244974278,1.0136616081658092,625.098040013142,1.5403719328412455e-15,8.6578768857449e-15,True,3,0.7419097924115858
1894,0.74,0.3,baseline,True,True,False,35.73920298378057,1.191306766126019,726.1223653353768,2.1305003386368745e-15,8.930325606390061e-15,True,3,0.5806460280013397
1894,0.74,0.3,local,True,True,False,35.73920298378074,1.1913067661260248,726.1223653353827,2.2596516254855392e-15,8.691253665494107e-15,True,3,0.5806460280013379
1894,0.74,0.3,multistart,True,False,False,2.1608635494263084,0.07202878498087695,32.150019988095735,8.54583310691029e-16,3.89236695347659e-15,True,2,1.5580207618873392
1894,0.74,0.3,graph,True,False,False,2.1608635494263453,0.07202878498087817,32.15001998809557,1.3735953672891363e-14,2.997284564977427e-14,True,2,1.4216764556255033
1894,0.74,0.3,best,True,False,False,2.1608635494262654,0.0720287849808755,32.987430785407476,1.1048392671299229e-14,1.869881697833481e-14,True,2,1.5580207618873385
1894,0.74,0.3,screened_graph,True,True,False,29.960415519180966,0.9986805173060321,521.3979306078019,1.8047528146390834e-15,8.033685239646192e-15,True,3,0.5495353536945098
1894,0.74,0.3,screened_best,True,True,False,29.960415519180486,0.9986805173060161,521.3979306077708,1.2513178861609778e-14,9.429837436336265e-14,True,3,0.5495353536945107
1894,0.74,0.3,bounded_attempt,False,True,False,10.0,0.3333333333333333,273.98796207454404,0.003241299776254892,0.12336135985364843,True,5,0.5495353536945071
1894,0.74,0.3,selected,True,True,False,29.960415519180486,0.9986805173060161,521.3979306077708,1.2513178861609778e-14,9.429837436336265e-14,True,3,0.5495353536945107
1895,0.76,0.3,baseline,True,True,False,85.59546805795104,2.853182268598368,2866.6538080391606,5.541025578832276e-07,3.930896980020692e-05,True,3,8.881784197001252e-16
1895,0.76,0.3,local,False,False,False,,,,,,,,
1895,0.76,0.3,multistart,True,True,True,2.752075239502092,0.0917358413167364,47.584238292475085,2.581029763570671e-14,4.7141515652307884e-14,True,2,1.683267013947645
1895,0.76,0.3,graph,True,True,True,2.752075239502305,0.0917358413167435,47.58423829159858,3.629750191519916e-14,2.2817570354364485e-14,True,2,0.6053170645038932
1895,0.76,0.3,best,True,True,True,2.7520752395020254,0.09173584131673418,47.58423829280662,1.777393576242375e-14,1.8379820185287224e-14,True,2,1.257233814350223
1895,0.76,0.3,screened_graph,True,True,True,2.752075239502305,0.0917358413167435,47.58423829159858,3.629750191519916e-14,2.2817570354364485e-14,True,2,0.6053170645038932
1895,0.76,0.3,screened_best,True,True,True,2.7520752395020254,0.09173584131673418,47.58423829280662,1.777393576242375e-14,1.8379820185287224e-14,True,2,1.257233814350223
1895,0.76,0.3,bounded_attempt,True,True,True,2.7520752395022687,0.09173584131674228,47.58423829922469,4.4844788913182536e-13,2.979803611736245e-12,True,2,1.25723381435008
1895,0.76,0.3,selected,True,True,True,2.7520752395020254,0.09173584131673418,47.58423829280662,1.777393576242375e-14,1.8379820185287224e-14,True,2,1.257233814350223
1923,0.6,0.32,baseline,True,True,False,11.824284616280654,0.39414282054268845,126.39733150278234,1.3136335981433192e-15,6.785479919286601e-15,True,5,0.950039928389999
1923,0.6,0.32,local,True,True,False,11.824284616280668,0.3941428205426889,126.39733150277995,2.830524433501838e-16,1.0647132958353058e-15,True,5,0.950039928389999
1923,0.6,0.32,multistart,True,False,False,1.8124804521144267,0.06041601507048089,25.708749173233404,1.0474126464823377e-14,9.663494142324167e-14,True,4,0.9500399283899994
1923,0.6,0.32,graph,True,False,False,1.81248045211444,0.06041601507048133,25.708749173232803,2.779490515694931e-14,1.1627963896339247e-13,True,4,0.9500399283899981
1923,0.6,0.32,best,True,False,False,1.8124804521144267,0.06041601507048089,25.708749173233404,1.0474126464823377e-14,9.663494142324167e-14,True,4,0.9500399283899994
1923,0.6,0.32,screened_graph,True,True,False,11.824284616280654,0.39414282054268845,126.39733150277877,1.4141731344682325e-15,4.4283097257656e-15,True,5,0.9500399283899987
1923,0.6,0.32,screened_best,True,True,False,11.824284616280401,0.39414282054268,126.39733150278315,3.102174518964744e-15,3.0359005610108475e-14,True,5,0.9500399283899974
1923,0.6,0.32,bounded_attempt,False,True,False,9.999999999999991,0.33333333333333304,126.39733150292463,0.00022000709918255693,0.012607615392840088,True,5,0.9500399283899983
1923,0.6,0.32,selected,True,True,False,11.824284616280401,0.39414282054268,126.39733150278315,3.102174518964744e-15,3.0359005610108475e-14,True,5,0.9500399283899974
1924,0.62,0.32,baseline,True,True,False,15.979587146953769,0.532652904898459,195.68371168394395,4.1888855961130316e-15,3.3268318280333625e-14,True,5,1.0279629379173671
1924,0.62,0.32,local,True,True,False,15.979587146953676,0.5326529048984558,195.68371168394395,1.5891733499134015e-15,2.8505500623350376e-14,True,5,1.0279629379173685
1924,0.62,0.32,multistart,True,False,False,1.7551181445505826,0.058503938151686086,24.843893207233858,1.981804464519366e-15,1.8277233910507136e-14,True,4,0.9144438047011763
1924,0.62,0.32,graph,True,False,False,1.7551181445506159,0.058503938151687196,24.84389320723216,1.0889810869233561e-14,9.928878107828134e-14,True,4,1.0279629379173685
1924,0.62,0.32,best,True,False,False,1.7551181445505826,0.058503938151686086,24.843893207233858,1.981804464519366e-15,1.8277233910507136e-14,True,4,0.9144438047011763
1924,0.62,0.32,screened_graph,True,True,False,15.979587146953742,0.5326529048984581,195.68371168432125,3.79805414435608e-15,6.427485699796344e-14,True,5,1.0279629379173683
1924,0.62,0.32,screened_best,True,True,False,15.979587146952916,0.5326529048984305,195.68371168367142,2.480671553895456e-15,2.000224000353694e-14,True,5,0.09980969857434197
1924,0.62,0.32,bounded_attempt,False,True,False,9.999999999999998,0.33333333333333326,207.52253133460874,0.0008294101902597127,0.04865106363815026,True,5,0.09803747481857172
1924,0.62,0.32,selected,True,True,False,15.979587146952916,0.5326529048984305,195.68371168367142,2.480671553895456e-15,2.000224000353694e-14,True,5,0.09980969857434197
1925,0.64,0.32,baseline,True,True,False,24.10212019010893,0.8034040063369643,302.987773250989,3.1662044385232674e-15,7.78919666918553e-15,True,5,1.0074540870985347
1925,0.64,0.32,local,True,True,False,24.102120190108703,0.8034040063369567,302.98777325098456,2.2557275795341683e-15,7.899727532164813e-15,True,5,1.0074540870985347
1925,0.64,0.32,multistart,True,False,False,1.6929230972686005,0.05643076990895335,24.190630860910005,5.714144372096617e-15,2.591858838517275e-14,True,4,1.1098422036833338
1925,0.64,0.32,graph,True,False,False,1.6929230972686304,0.05643076990895435,24.190630860910513,1.1340666329244638e-14,1.0602865046581215e-13,True,4,1.109842203683334
1925,0.64,0.32,best,True,False,False,1.6929230972686005,0.05643076990895335,24.190630860910005,5.714144372096617e-15,2.591858838517275e-14,True,4,1.1098422036833338
1925,0.64,0.32,screened_graph,True,True,False,24.102120190108543,0.8034040063369514,302.9877732509774,2.219231410598507e-15,8.6364230490107e-15,True,5,0.07334539061329526
1925,0.64,0.32,screened_best,True,True,False,24.102120190108543,0.8034040063369514,302.9877732509774,2.219231410598507e-15,8.6364230490107e-15,True,5,0.07334539061329526
1925,0.64,0.32,bounded_attempt,False,True,False,9.999999999999991,0.33333333333333304,342.4500198014038,0.001837572560768359,0.10414411013650421,True,5,0.0677660761296126
1925,0.64,0.32,selected,True,True,False,24.102120190108543,0.8034040063369514,302.9877732509774,2.219231410598507e-15,8.6364230490107e-15,True,5,0.07334539061329526
1926,0.66,0.32,baseline,True,True,False,34.33327765101406,1.1444425883671352,768.1507906594646,6.634511564009923e-15,6.33207264290222e-14,True,5,0.7526607538935002
1926,0.66,0.32,local,True,True,False,34.333277651014214,1.1444425883671405,768.1507906594678,6.922276171053289e-15,6.303493116521499e-14,True,5,0.752660753893502
1926,0.66,0.32,multistart,True,False,False,1.6886631375606242,0.05628877125202081,24.358744242794696,1.6743083693818858e-14,3.845240772799103e-14,True,3,1.1962554091559394
1926,0.66,0.32,graph,True,False,False,1.6886631375606242,0.05628877125202081,24.358744242794696,1.6743083693818858e-14,3.845240772799103e-14,True,3,1.1962554091559394
1926,0.66,0.32,best,True,False,False,1.6886631375606242,0.05628877125202081,24.358744242794696,1.6743083693818858e-14,3.845240772799103e-14,True,3,1.1962554091559394
1926,0.66,0.32,screened_graph,True,True,False,34.33327765101406,1.1444425883671352,768.1507906594646,6.634511564009923e-15,6.33207264290222e-14,True,5,0.7526607538935002
1926,0.66,0.32,screened_best,True,True,False,34.333277651002106,1.1444425883667368,768.1507906583312,2.927390968173784e-15,1.3472205612727105e-14,True,5,1.1962554091559376
1926,0.66,0.32,bounded_attempt,False,True,False,9.999999999999991,0.33333333333333304,276.5967906260913,0.0031118597687030637,0.16406099831100088,True,3,1.196255409155938
1926,0.66,0.32,selected,True,True,False,34.333277651002106,1.1444425883667368,768.1507906583312,2.927390968173784e-15,1.3472205612727105e-14,True,5,1.1962554091559376
1927,0.68,0.32,baseline,True,True,False,63.128266344587736,2.104275544819591,1733.4999522101184,5.780094456950877e-15,1.910255770165271e-14,True,5,0.4843431192482148
1927,0.68,0.32,local,False,False,False,,,,,,,,
1927,0.68,0.32,multistart,True,False,False,1.7380714993929471,0.05793571664643157,25.590021349294485,7.61257065823444e-16,3.3664310337978387e-15,True,3,1.2870790008197242
1927,0.68,0.32,graph,True,False,False,1.738071499392948,0.0579357166464316,25.590021349294112,2.0857096231822268e-14,6.055153724045144e-14,True,3,1.2870790008197248
1927,0.68,0.32,best,True,False,False,1.7380714993929471,0.05793571664643157,25.590021349294485,7.61257065823444e-16,3.3664310337978387e-15,True,3,1.2870790008197242
1927,0.68,0.32,screened_graph,True,True,False,15.927518695765604,0.5309172898588534,195.1931479411628,1.191874962812805e-15,4.738050407771123e-15,True,3,0.9019737430389307
1927,0.68,0.32,screened_best,True,True,False,15.92751869576533,0.5309172898588443,195.19314794111153,4.2805720985518e-15,2.0069783826526383e-14,True,3,0.6141423621234869
1927,0.68,0.32,bounded_attempt,False,True,False,9.999999999999995,0.33333333333333315,137.8089599327201,0.0006322297831116518,0.028416865602469053,True,3,0.6141423621234869
1927,0.68,0.32,selected,True,True,False,15.92751869576533,0.5309172898588443,195.19314794111153,4.2805720985518e-15,2.0069783826526383e-14,True,3,0.6141423621234869
1928,0.7000000000000001,0.32,baseline,True,True,False,90.70122922665412,3.0233743075551374,2857.5439620575476,3.787797211270312e-15,1.5935057015471373e-14,True,5,0.027919748162909208
1928,0.7000000000000001,0.32,local,False,False,False,,,,,,,,
1928,0.7000000000000001,0.32,multistart,True,False,False,1.802704425589935,0.060090147519664495,27.098202888354507,1.2037731057624424e-15,9.145404911398732e-15,True,3,0.7487264242316565
1928,0.7000000000000001,0.32,graph,True,False,False,1.8027044255899383,0.060090147519664606,27.098202888354084,4.9948469946127735e-15,3.861929843895969e-14,True,3,0.7487264242316565
1928,0.7000000000000001,0.32,best,True,False,False,1.8027044255899272,0.06009014751966424,27.098202888353786,5.3533015581491455e-16,8.276744563766058e-16,True,3,1.3840658145128237
1928,0.7000000000000001,0.32,screened_graph,True,True,False,15.912885319912133,0.5304295106637378,429.71787912794906,1.318316798730503e-15,3.0958505813005696e-14,True,3,0.6149349448938768
1928,0.7000000000000001,0.32,screened_best,True,True,False,15.912885319911881,0.5304295106637293,429.71787912793235,4.308466452925209e-15,3.8816249249802044e-14,True,3,0.77805838008676
1928,0.7000000000000001,0.32,bounded_attempt,False,True,False,9.999999999999998,0.33333333333333326,429.71787822902775,0.0005186001125578531,0.022678452120126473,True,3,0.7780583800867609
1928,0.7000000000000001,0.32,selected,True,True,False,15.912885319911881,0.5304295106637293,429.71787912793235,4.308466452925209e-15,3.8816249249802044e-14,True,3,0.77805838008676
1929,0.72,0.32,baseline,True,True,False,82.01379399387254,2.7337931331290846,2519.9088876604346,4.74630487500572e-15,3.655270775704657e-13,True,5,0.008952560613932015
1929,0.72,0.32,local,False,False,False,,,,,,,,
1929,0.72,0.32,multistart,True,False,False,1.9710385513699857,0.06570128504566619,29.934912627960266,6.206335383118183e-16,7.089988632882086e-16,True,2,1.4889720052412274
1929,0.72,0.32,graph,True,False,False,1.9710385513700024,0.06570128504566675,28.997511505899354,3.981353264191047e-15,1.0419475086845368e-14,True,2,1.4629133422065976
1929,0.72,0.32,best,True,False,False,1.971038551369939,0.06570128504566464,28.997511505898956,3.3306690738754696e-16,7.247594962971176e-16,True,2,1.4889720052412276
1929,0.72,0.32,screened_graph,True,True,False,29.91441529405566,0.997147176468522,1267.6346293688887,1.2325475812854657e-15,6.869928995297549e-15,True,5,0.680776166095594
1929,0.72,0.32,screened_best,True,True,False,29.91441529405566,0.997147176468522,1267.6346293688887,1.2325475812854657e-15,6.869928995297549e-15,True,5,0.680776166095594
1929,0.72,0.32,bounded_attempt,False,True,False,9.999999999999991,0.33333333333333304,577.3388015922195,0.0006559546858242369,0.030161112101300576,True,3,0.6807761660955931
1929,0.72,0.32,selected,True,True,False,29.91441529405566,0.997147176468522,1267.6346293688887,1.2325475812854657e-15,6.869928995297549e-15,True,5,0.680776166095594
1930,0.74,0.32,baseline,True,True,False,89.17446718412492,2.9724822394708306,2861.2164733818618,2.2239127899237465e-15,8.556310782358904e-15,True,5,0.1602814773871568
1930,0.74,0.32,local,False,False,False,,,,,,,,
1930,0.74,0.32,multistart,True,False,False,2.344092984404924,0.07813643281349747,33.47838814840751,1.665491811106405e-14,2.6837071413643342e-14,True,2,1.6041729547276142
1930,0.74,0.32,graph,True,False,False,2.344092984405054,0.0781364328135018,33.478388148426895,2.61622471566106e-14,5.130088537327514e-14,True,2,0.6434263524720452
1930,0.74,0.32,best,True,False,False,2.344092984404924,0.07813643281349747,33.47838814840751,1.665491811106405e-14,2.6837071413643342e-14,True,2,1.6041729547276142
1930,0.74,0.32,screened_graph,True,True,False,32.58079450112797,1.0860264833709323,728.6104630609823,2.5318501588558664e-15,5.963745183738022e-15,True,3,0.02890686000455922
1930,0.74,0.32,screened_best,True,True,False,32.58079450112737,1.0860264833709123,728.6104630609658,1.9782541917041054e-15,7.282926372430809e-15,True,3,0.6452834022206551
1930,0.74,0.32,bounded_attempt,False,True,False,9.999999999999998,0.33333333333333326,253.01325539334638,0.003614171763865175,0.13815660535331015,True,3,0.6452834022206506
1930,0.74,0.32,selected,True,True,False,32.58079450112737,1.0860264833709123,728.6104630609658,1.9782541917041054e-15,7.282926372430809e-15,True,3,0.6452834022206551
1959,0.6,0.34,baseline,True,True,False,12.045992609570911,0.401533086985697,128.24277016105495,9.733029935870001e-15,4.349039150383591e-14,True,5,0.9925934801619043
1959,0.6,0.34,local,True,True,False,12.04599260957087,0.4015330869856957,128.24277016105455,1.5664082319591336e-15,2.3407781364996995e-14,True,5,0.9925934801619043
1959,0.6,0.34,multistart,True,False,False,1.7943990543984012,0.05981330181328004,25.775366583791314,1.7235296186091125e-15,6.4860547558185754e-15,True,4,0.9925934801619052
1959,0.6,0.34,graph,True,False,False,1.7943990543984212,0.059813301813280706,25.775366583792614,9.168755188166227e-15,4.646925816768433e-14,True,4,0.9925934801619045
1959,0.6,0.34,best,True,False,False,1.7943990543984012,0.05981330181328004,25.775366583791314,1.7235296186091125e-15,6.4860547558185754e-15,True,4,0.9925934801619052
1959,0.6,0.34,screened_graph,True,True,False,12.045992609570844,0.4015330869856948,128.24277016105498,3.8862018533397606e-15,5.721892022072328e-14,True,5,0.992593480161905
1959,0.6,0.34,screened_best,True,True,False,12.045992609570725,0.4015330869856908,128.24277016108132,2.3709500883986285e-15,1.8352926470875276e-14,True,5,0.9925934801619043
1959,0.6,0.34,bounded_attempt,False,True,False,9.999999999999991,0.33333333333333304,163.42499212629744,0.00021779527783650438,0.013103947709053761,True,5,0.9925934801619045
1959,0.6,0.34,selected,True,True,False,12.045992609570725,0.4015330869856908,128.24277016108132,2.3709500883986285e-15,1.8352926470875276e-14,True,5,0.9925934801619043
1960,0.62,0.34,baseline,True,True,False,15.35025171037376,0.5116750570124586,185.39615576311036,1.7895352222091343e-15,1.48715091646634e-14,True,5,1.064967731858074
1960,0.62,0.34,local,True,True,False,15.350251710379474,0.5116750570126491,185.39615576294847,2.72093132938319e-15,1.9751252822149153e-14,True,5,1.064967731858074
1960,0.62,0.34,multistart,True,False,False,1.7375721169668668,0.057919070565562225,24.957052245496858,6.853997607491081e-15,1.705664844274068e-14,True,4,1.0703941037170042
1960,0.62,0.34,graph,True,False,False,1.7375721169668767,0.05791907056556256,24.95705224549516,1.1471349517479625e-14,9.767795358030168e-14,True,4,1.0703941037170035
1960,0.62,0.34,best,True,False,False,1.7375721169668534,0.05791907056556178,24.957052245496257,4.509747244882934e-16,5.11975649256e-16,True,4,1.0703941037170042
1960,0.62,0.34,screened_graph,True,True,False,15.35025171037376,0.5116750570124586,185.39615576311036,1.7895352222091343e-15,1.48715091646634e-14,True,5,1.064967731858074
1960,0.62,0.34,screened_best,True,True,False,15.350251710365086,0.5116750570121695,185.39615576302205,3.480448472713308e-15,3.023738607733948e-14,True,5,1.064967731858074
1960,0.62,0.34,bounded_attempt,False,True,False,9.999999999999991,0.33333333333333304,243.73777753033218,0.0007469941800541162,0.04095607730058543,True,5,1.0649677318581352
1960,0.62,0.34,selected,True,True,False,15.350251710365086,0.5116750570121695,185.39615576302205,3.480448472713308e-15,3.023738607733948e-14,True,5,1.064967731858074
1961,0.64,0.34,baseline,True,True,False,19.57521292416331,0.6525070974721103,301.47693760623406,1.0994151322850842e-15,4.314636368304475e-15,True,5,1.0038337045486907
1961,0.64,0.34,local,True,True,False,19.57521292416323,0.6525070974721077,301.4769376062325,1.2316096882532984e-15,4.408247404119846e-15,True,5,1.0038337045486898
1961,0.64,0.34,multistart,True,False,False,1.6749052725626612,0.05583017575208871,24.12565625080607,8.804075585419882e-15,2.5419933926654644e-14,True,4,1.152423214679506
1961,0.64,0.34,graph,True,False,False,1.6749052725626878,0.055830175752089595,24.12565625080587,9.192921513844873e-15,4.7216058441060326e-14,True,4,0.8601990574782405
1961,0.64,0.34,best,True,False,False,1.6749052725626612,0.05583017575208871,24.12565625080607,8.804075585419882e-15,2.5419933926654644e-14,True,4,1.152423214679506
1961,0.64,0.34,screened_graph,True,True,False,19.57521292416302,0.6525070974721006,301.4769376062324,1.137640067256873e-15,4.050133167018534e-15,True,5,0.09946882147086722
1961,0.64,0.34,screened_best,True,True,False,19.57521292416302,0.6525070974721006,301.4769376062324,1.137640067256873e-15,4.050133167018534e-15,True,5,0.09946882147086722
1961,0.64,0.34,bounded_attempt,False,True,False,9.999999999999991,0.33333333333333304,321.16683913526697,0.0015874058900365606,0.0866488553622662,True,5,0.09312137310309154
1961,0.64,0.34,selected,True,True,False,19.57521292416302,0.6525070974721006,301.4769376062324,1.137640067256873e-15,4.050133167018534e-15,True,5,0.09946882147086722
1962,0.66,0.34,baseline,True,True,False,29.09213743008536,0.9697379143361786,558.8090883676522,5.2183434794654904e-15,6.626181417336967e-14,True,5,0.7920933364778735
1962,0.66,0.34,local,True,True,False,29.09213743008545,0.9697379143361817,558.8090883676573,4.038984649752663e-15,6.662049210899673e-14,True,5,0.7920933364778744
1962,0.66,0.34,multistart,True,False,False,1.6591554896890814,0.05530518298963605,23.749728644625844,1.1640841948032095e-14,4.7817523572845145e-14,True,3,1.2393115254018086
1962,0.66,0.34,graph,True,False,False,1.6591554896890814,0.05530518298963605,23.749728644625844,1.1640841948032095e-14,4.7817523572845145e-14,True,3,1.2393115254018086
1962,0.66,0.34,best,True,False,False,1.6591554896890814,0.05530518298963605,23.749728644625044,4.47545209131181e-16,8.679184055912144e-16,True,3,1.239311525401809
1962,0.66,0.34,screened_graph,True,True,False,29.092137430085177,0.9697379143361725,558.8090883676471,3.7975723846381206e-15,7.599710895324295e-14,True,5,0.7985698251116293
1962,0.66,0.34,screened_best,True,True,False,29.092137430085,0.9697379143361666,558.8090883676385,4.711585604760359e-15,1.998388742555298e-14,True,5,0.071280864629653
1962,0.66,0.34,bounded_attempt,False,True,False,9.999999999999991,0.33333333333333304,330.9966872820922,0.0027729453479926835,0.14259645307320554,True,5,0.05745140535333171
1962,0.66,0.34,selected,True,True,False,29.092137430085,0.9697379143361666,558.8090883676385,4.711585604760359e-15,1.998388742555298e-14,True,5,0.071280864629653
1963,0.68,0.34,baseline,True,True,False,45.47103183096293,1.5157010610320976,1045.7871165620725,3.4192345831206546e-15,1.2130009994918911e-14,True,5,0.5608662655489782
1963,0.68,0.34,local,True,True,False,45.471031830963035,1.5157010610321011,1045.7871165620759,4.012673012725439e-15,1.12661678583452e-14,True,5,0.5608662655489782
1963,0.68,0.34,multistart,True,False,False,1.709956246167561,0.0569985415389187,24.58043426233605,5.708006837345918e-15,4.609322907207619e-14,True,3,1.3319323323394907
1963,0.68,0.34,graph,True,False,False,1.7099562461675877,0.05699854153891959,24.580434262340844,4.736129313721201e-15,3.3382519273369775e-13,True,3,0.017142444541574875
1963,0.68,0.34,best,True,False,False,1.709956246167561,0.0569985415389187,24.58043426233565,4.509747244882934e-16,7.067992379136257e-16,True,3,1.3319323323394914
1963,0.68,0.34,screened_graph,True,True,False,31.65782640575232,1.055260880191744,1249.0302791537492,2.7844251801988247e-15,3.007881221897366e-14,True,3,0.7076199059132753
1963,0.68,0.34,screened_best,True,True,False,31.65782640575232,1.055260880191744,1249.0302791537492,2.7844251801988247e-15,3.007881221897366e-14,True,3,0.7076199059132753
1963,0.68,0.34,bounded_attempt,False,True,False,9.999999999999991,0.33333333333333304,525.5197110590648,0.0003925410871349572,0.024465434901887458,True,3,0.7076199059132753
1963,0.68,0.34,selected,True,True,False,31.65782640575232,1.055260880191744,1249.0302791537492,2.7844251801988247e-15,3.007881221897366e-14,True,3,0.7076199059132753
1964,0.7000000000000001,0.34,baseline,True,True,False,53.835983556018114,1.7945327852006037,1520.9911260899648,1.866033584759964e-15,6.763882050363903e-15,True,5,0.3716161151513644
1964,0.7000000000000001,0.34,local,False,False,False,,,,,,,,
1964,0.7000000000000001,0.34,multistart,True,False,False,1.8487136585350106,0.061623788617833686,27.147488009204235,3.3371679465407776e-15,2.5114015882866802e-14,True,2,1.4308655822964105
1964,0.7000000000000001,0.34,graph,True,False,False,1.8487136585350905,0.06162378861783635,26.1435458948843,2.1355566272775288e-15,1.3680106322614233e-14,True,2,1.4308655822964083
1964,0.7000000000000001,0.34,best,True,False,False,1.8487136585350106,0.061623788617833686,27.147488009204235,3.3371679465407776e-15,2.5114015882866802e-14,True,2,1.4308655822964105
1964,0.7000000000000001,0.34,screened_graph,True,True,False,13.8587380357259,0.46195793452419665,230.21271357439986,2.083702585933651e-15,3.6462126125231983e-14,True,3,0.8966293382301309
1964,0.7000000000000001,0.34,screened_best,True,True,False,13.858738035725693,0.46195793452418976,230.2127135744493,7.371496308275493e-15,2.4437776573339916e-14,True,3,0.7407218481186426
1964,0.7000000000000001,0.34,bounded_attempt,False,True,False,9.999999999999995,0.33333333333333315,230.21271357439056,0.00030813345125021394,0.013482117458056078,True,3,0.7407218481186435
1964,0.7000000000000001,0.34,selected,True,True,False,13.858738035725693,0.46195793452418976,230.2127135744493,7.371496308275493e-15,2.4437776573339916e-14,True,3,0.7407218481186426
1965,0.72,0.34,baseline,True,True,False,91.39910526096685,3.0466368420322283,2872.3184861820405,7.902105480750097e-15,2.7011727222976743e-14,True,5,0.05592941132892637
1965,0.72,0.34,local,False,False,False,,,,,,,,
1965,0.72,0.34,multistart,True,False,False,2.1170360656317944,0.07056786885439315,28.293759761151694,4.2142287748594986e-14,7.014485080955178e-14,True,2,0.6776558080877315
1965,0.72,0.34,graph,True,False,False,2.1170360656317944,0.07056786885439315,28.293759761151694,4.2142287748594986e-14,7.014485080955178e-14,True,2,0.6776558080877315
1965,0.72,0.34,best,True,False,False,2.1170360656317944,0.07056786885439315,28.293759761151694,4.2142287748594986e-14,7.014485080955178e-14,True,2,0.6776558080877315
1965,0.72,0.34,screened_graph,True,True,True,7.870079353277435,0.26233597844258116,77.09359052203632,4.724974065043832e-15,1.9386073277860843e-14,True,3,1.5380020470891613
1965,0.72,0.34,screened_best,True,True,True,7.870079353277435,0.26233597844258116,77.09359052203632,4.724974065043832e-15,1.9386073277860843e-14,True,3,1.5380020470891613
1965,0.72,0.34,bounded_attempt,True,True,True,7.8700793532779345,0.2623359784425978,77.09359052205959,2.474804915292996e-13,2.9257302592955234e-12,True,3,1.5380020470891613
1965,0.72,0.34,selected,True,True,True,7.870079353277435,0.26233597844258116,77.09359052203632,4.724974065043832e-15,1.9386073277860843e-14,True,3,1.5380020470891613
1966,0.74,0.34,baseline,True,True,False,27.597821572918555,0.9199273857639518,1290.695784519548,1.641047087976591e-14,4.280327614392745e-14,True,5,0.46788105518786605
1966,0.74,0.34,local,True,True,False,27.597821572918356,0.9199273857639452,1290.6957845195288,1.54305025164011e-14,4.349740217374536e-14,True,5,0.4678810551878554
1966,0.74,0.34,multistart,True,True,True,3.7431672115090833,0.1247722403836361,43.22656366009326,1.6588455939419083e-15,4.276363244737299e-15,True,2,1.1787284937708158
1966,0.74,0.34,graph,True,True,True,3.7431672115118757,0.1247722403837292,43.22656366012254,8.378280718425254e-14,4.166132948254665e-14,True,2,0.6189180844998656
1966,0.74,0.34,best,True,True,True,3.743167211358028,0.12477224037860093,43.22656366009466,2.0064728108967656e-14,4.212233278525064e-14,True,2,1.6566425940445353
1966,0.74,0.34,screened_graph,True,True,True,3.7431672115118757,0.1247722403837292,43.22656366012254,8.378280718425254e-14,4.166132948254665e-14,True,2,0.6189180844998656
1966,0.74,0.34,screened_best,True,True,True,3.743167211358028,0.12477224037860093,43.22656366009466,2.0064728108967656e-14,4.212233278525064e-14,True,2,1.6566425940445353
1966,0.74,0.34,bounded_attempt,True,True,True,3.74316721166679,0.124772240388893,43.226563660552145,7.473559701634051e-14,4.0242972591249793e-13,True,2,1.6566425940445366
1966,0.74,0.34,selected,True,True,True,3.743167211358028,0.12477224037860093,43.22656366009466,2.0064728108967656e-14,4.212233278525064e-14,True,2,1.6566425940445353
1995,0.6,0.36,baseline,True,True,False,11.418779846667944,0.38062599488893145,120.72605244374009,2.947845977841313e-15,1.6047334404096494e-14,True,5,1.0391141240221742
1995,0.6,0.36,local,True,True,False,11.418779846667997,0.38062599488893323,120.7260524437393,2.648295014812466e-15,1.553709364677484e-14,True,5,1.039114124022174
1995,0.6,0.36,multistart,True,False,False,1.7709692181221648,0.059032307270738826,25.772784992259368,3.53055394988784e-15,1.8266321566953333e-14,True,4,0.9199305040042818
1995,0.6,0.36,graph,True,False,False,1.7709692181222048,0.05903230727074016,25.77278499225837,1.1684701761085824e-14,8.549258528733533e-14,True,4,1.0391141240221744
1995,0.6,0.36,best,True,False,False,1.7709692181221648,0.059032307270738826,25.77278499225847,5.551115123125783e-16,7.237789401045502e-16,True,4,1.039114124022175
1995,0.6,0.36,screened_graph,True,True,False,11.418779846667984,0.3806259948889328,120.72605244374049,9.743472170364571e-15,5.471675996355514e-14,True,5,1.039114124022174
1995,0.6,0.36,screened_best,True,True,False,11.41877984666789,0.3806259948889297,120.72605244374171,3.953099488851505e-15,2.3958538675291896e-14,True,5,1.0391141240221724
1995,0.6,0.36,bounded_attempt,False,True,False,9.999999999999991,0.33333333333333304,190.65327770161812,0.0002730732257660761,0.015207777838448564,True,5,1.0391141240221744
1995,0.6,0.36,selected,True,True,False,11.41877984666789,0.3806259948889297,120.72605244374171,3.953099488851505e-15,2.3958538675291896e-14,True,5,1.0391141240221724
1996,0.62,0.36,baseline,True,True,False,14.242951490235978,0.4747650496745326,168.90524251777086,5.597825521321478e-15,3.6277323720230833e-14,True,5,1.0565702642529402
1996,0.62,0.36,local,True,True,False,14.242951490237377,0.4747650496745792,168.9052425178568,1.778090716669452e-15,1.4079489941262623e-14,True,5,1.0565702642529393
1996,0.62,0.36,multistart,True,False,False,1.714204778022247,0.05714015926740823,25.00103203176186,5.766751038125651e-15,1.7314417791949113e-14,True,4,1.1169421542910083
1996,0.62,0.36,graph,True,False,False,1.714204778022267,0.057140159267408897,25.00103203176286,1.2493616730825523e-14,9.716305584016834e-14,True,4,1.1169421542910078
1996,0.62,0.36,best,True,False,False,1.714204778022247,0.05714015926740823,25.00103203176186,5.766751038125651e-15,1.7314417791949113e-14,True,4,1.1169421542910083
1996,0.62,0.36,screened_graph,True,True,False,14.242951490236111,0.47476504967453703,168.90524251780965,2.4732071290884353e-15,3.1457403384599744e-14,True,5,0.0727250905084178
1996,0.62,0.36,screened_best,True,True,False,14.242951490231022,0.4747650496743674,168.90524251765575,3.2976614195499345e-15,2.0525084588377867e-14,True,5,1.0565702642529402
1996,0.62,0.36,bounded_attempt,False,True,False,9.999999999999991,0.33333333333333304,258.55663585673403,0.000723504390589442,0.04213248645673426,True,5,1.0565702642530521
1996,0.62,0.36,selected,True,True,False,14.242951490231022,0.4747650496743674,168.90524251765575,3.2976614195499345e-15,2.0525084588377867e-14,True,5,1.0565702642529402
1997,0.64,0.36,baseline,True,True,False,19.060449975855157,0.6353483325285052,246.13781219951542,1.7284950456185633e-15,1.2803852401895297e-14,True,5,0.9937776268406893
1997,0.64,0.36,local,True,True,False,19.060449975855196,0.6353483325285065,246.13781219951701,1.903281805828541e-15,1.1025437336035711e-14,True,5,0.9937776268406893
1997,0.64,0.36,multistart,True,False,False,1.6503649651120633,0.055012165503735444,24.206600416052083,1.051614038146355e-14,2.12213032992372e-14,True,4,1.1993086467278624
1997,0.64,0.36,graph,True,False,False,1.6503649651124697,0.05501216550374899,24.206600416050783,5.702808379465386e-15,3.5780764325528755e-13,True,4,0.07087135979609105
1997,0.64,0.36,best,True,False,False,1.6503649651120433,0.05501216550373478,24.20660041605398,4.2841699744536696e-16,8.279775363902022e-16,True,4,0.8430452195948703
1997,0.64,0.36,screened_graph,True,True,False,19.060449975855224,0.6353483325285074,246.13781219970173,1.2177709378935644e-15,3.575350245187097e-14,True,5,0.05383247532255453
1997,0.64,0.36,screened_best,True,True,False,19.060449975854922,0.6353483325284974,246.1378121995092,3.2746874553685468e-15,1.9845217932810408e-14,True,5,1.1993086467278635
1997,0.64,0.36,bounded_attempt,False,True,False,9.999999999999991,0.33333333333333304,318.0052376553328,0.0015267092530974402,0.07819423800621716,True,5,1.1993086467278633
1997,0.64,0.36,selected,True,True,False,19.060449975854922,0.6353483325284974,246.1378121995092,3.2746874553685468e-15,1.9845217932810408e-14,True,5,1.1993086467278635
1998,0.66,0.36,baseline,True,True,False,26.090765242592564,0.8696921747530855,375.33969107726637,3.0421174482208188e-15,3.3151313166659696e-14,True,5,0.798643883562117
1998,0.66,0.36,local,True,True,False,26.09076524257831,0.8696921747526103,375.33969107640866,2.711536493520364e-15,3.612537736735431e-14,True,5,0.7986438835621179
1998,0.66,0.36,multistart,True,False,False,1.6266491217072865,0.05422163739024288,23.82276490363702,2.3003663002222862e-15,1.3757577358186676e-13,True,3,0.08354858434988799
1998,0.66,0.36,graph,True,False,False,1.6266491217072865,0.05422163739024288,23.82276490363702,2.3003663002222862e-15,1.3757577358186676e-13,True,3,0.08354858434988799
1998,0.66,0.36,best,True,False,False,1.6266491217072865,0.05422163739024288,23.82276490363702,2.3003663002222862e-15,1.3757577358186676e-13,True,3,0.08354858434988799
1998,0.66,0.36,screened_graph,True,True,False,26.090765242578357,0.8696921747526118,375.33969107641184,1.0072367987046309e-14,3.0969783217194e-14,True,5,0.8024000115465046
1998,0.66,0.36,screened_best,True,True,False,26.09076524257815,0.869692174752605,375.33969107640087,1.0923855516905794e-15,5.576281400824922e-15,True,5,1.2869148354285338
1998,0.66,0.36,bounded_attempt,False,True,False,10.0,0.3333333333333333,388.48693888032693,0.002419507293921543,0.12100918135869103,True,5,1.2869148354285338
1998,0.66,0.36,selected,True,True,False,26.09076524257815,0.869692174752605,375.33969107640087,1.0923855516905794e-15,5.576281400824922e-15,True,5,1.2869148354285338
1999,0.68,0.36,baseline,True,True,False,29.30629644550714,0.9768765481835713,632.4800061906819,5.9257341416946675e-15,2.1749781416298867e-14,True,5,0.6021303257690054
1999,0.68,0.36,local,True,True,False,29.306296445507325,0.9768765481835775,632.4800061906949,3.310717822390884e-15,1.0901408149403629e-14,True,5,0.6021303257690063
1999,0.68,0.36,multistart,True,False,False,1.7650900486814103,0.05883633495604701,23.51133636055156,1.7145668453322772e-15,1.946863486793139e-14,True,2,1.380744474179577
1999,0.68,0.36,graph,True,False,False,1.7650900486814836,0.05883633495604945,23.511336360551674,7.214220863416893e-15,3.2512147401643535e-14,True,2,0.7582367237523231
1999,0.68,0.36,best,True,False,False,1.7650900486814103,0.05883633495604701,23.51133636055156,1.7145668453322772e-15,1.946863486793139e-14,True,2,1.380744474179577
1999,0.68,0.36,screened_graph,True,True,False,29.30629644550698,0.976876548183566,632.4800061906792,1.4266426615375065e-14,1.0139251656001816e-12,True,5,0.012182669436766602
1999,0.68,0.36,screened_best,True,True,False,29.306296445504167,0.9768765481834722,632.4800061905133,2.3288234633381844e-15,1.6452175977429842e-14,True,5,0.6080323138151646
1999,0.68,0.36,bounded_attempt,False,True,False,9.999999999999991,0.33333333333333304,390.1849686021567,0.0031147155355877973,0.14626168504574968,True,5,0.6080323138151664
1999,0.68,0.36,selected,True,True,False,29.306296445504167,0.9768765481834722,632.4800061905133,2.3288234633381844e-15,1.6452175977429842e-14,True,5,0.6080323138151646
2000,0.7000000000000001,0.36,baseline,True,True,False,49.31784208140659,1.6439280693802196,1177.38505031363,2.532306526238824e-15,1.1200605724969142e-14,True,5,0.4301596158531966
2000,0.7000000000000001,0.36,local,True,True,False,49.31784208140665,1.6439280693802216,1177.3850503136339,2.7274001938111796e-15,1.1013477427615514e-14,True,5,0.43015961585319573
2000,0.7000000000000001,0.36,multistart,True,False,False,1.9736553910147248,0.06578851303382416,25.589833343968305,1.3665217429949162e-15,4.2351190916344885e-15,True,2,0.7092313996893447
2000,0.7000000000000001,0.36,graph,True,False,False,1.9736553910147248,0.06578851303382416,25.589833343968603,1.3689099416868976e-14,3.0211377432974054e-14,True,2,1.4347969703699635
2000,0.7000000000000001,0.36,best,True,False,False,1.9736553910146781,0.0657885130338226,25.589833343967904,4.611102534756203e-16,6.084109823058117e-16,True,2,1.482219980891641
2000,0.7000000000000001,0.36,screened_graph,True,True,False,30.528475692894975,1.0176158564298325,1265.9635420753452,2.530480562877076e-15,5.471749736029581e-14,True,3,1.4822199808916408
2000,0.7000000000000001,0.36,screened_best,True,True,False,30.528475692894975,1.0176158564298325,1265.9635420753452,2.530480562877076e-15,5.471749736029581e-14,True,3,1.4822199808916408
2000,0.7000000000000001,0.36,bounded_attempt,False,True,False,10.0,0.3333333333333333,582.4025538363104,0.0005222308917601687,0.0321923177554879,True,3,1.4822199808915912
2000,0.7000000000000001,0.36,selected,True,True,False,30.528475692894975,1.0176158564298325,1265.9635420753452,2.530480562877076e-15,5.471749736029581e-14,True,3,1.4822199808916408
2001,0.72,0.36,baseline,True,True,False,46.150484749073236,1.5383494916357745,2292.576608890625,7.070266421043647e-15,1.632207660811604e-14,True,3,0.6132985598889382
2001,0.72,0.36,local,True,True,False,48.806549673833146,1.6268849891277715,1361.1986758953537,1.760018671080631e-15,6.917601331333205e-15,True,5,1.5931035310743762
2001,0.72,0.36,multistart,True,True,True,2.3064914726374197,0.07688304908791399,33.81759400454717,5.46834149340858e-15,1.369623058148786e-14,True,2,1.3086983150329052
2001,0.72,0.36,graph,True,True,True,2.30649147263747,0.07688304908791566,33.81759400454957,2.363764940754433e-14,8.367981042675835e-14,True,2,0.6550374709527471
2001,0.72,0.36,best,True,True,True,2.3064914726373997,0.07688304908791332,33.81759400455376,2.045712080688917e-14,2.133029490166242e-14,True,2,0.6541724335072052
2001,0.72,0.36,screened_graph,True,True,True,2.30649147263747,0.07688304908791566,33.81759400454957,2.363764940754433e-14,8.367981042675835e-14,True,2,0.6550374709527471
2001,0.72,0.36,screened_best,True,True,True,2.3064914726373997,0.07688304908791332,33.81759400455376,2.045712080688917e-14,2.133029490166242e-14,True,2,0.6541724335072052
2001,0.72,0.36,bounded_attempt,True,True,True,2.3064914726060484,0.07688304908686827,33.81759400453798,5.578409854299625e-13,3.706526513667716e-12,True,2,0.6541724335072043
2001,0.72,0.36,selected,True,True,True,2.3064914726060484,0.07688304908686827,33.81759400453798,5.578409854299625e-13,3.706526513667716e-12,True,2,0.6541724335072043
2031,0.6,0.38,baseline,True,True,False,11.729339926787073,0.3909779975595691,120.69293947027971,2.623195589028991e-15,1.64288992276543e-14,True,5,1.0896862980607942
2031,0.6,0.38,local,True,True,False,11.729339926787086,0.3909779975595695,120.6929394702805,2.530214166456589e-15,1.6118612931477322e-14,True,5,1.0896862980607942
2031,0.6,0.38,multistart,True,False,False,1.7419839785270064,0.05806613261756688,25.70533731966993,4.745655591241427e-15,2.4463368392891928e-14,True,4,0.9042322923582011
2031,0.6,0.38,graph,True,False,False,1.7419839785270397,0.05806613261756799,25.70533731967013,1.2504995756478666e-14,7.898703044034426e-14,True,4,1.0896862980607955
2031,0.6,0.38,best,True,False,False,1.7419839785270064,0.05806613261756688,25.70533731966993,4.745655591241427e-15,2.4463368392891928e-14,True,4,0.9042322923582011
2031,0.6,0.38,screened_graph,True,True,False,11.729339926786153,0.39097799755953844,120.69293947059423,2.531736054156349e-15,8.449166521924222e-14,True,5,0.17086176589643642
2031,0.6,0.38,screened_best,True,True,False,11.729339926786153,0.39097799755953844,120.69293947059423,2.531736054156349e-15,8.449166521924222e-14,True,5,0.17086176589643642
2031,0.6,0.38,bounded_attempt,False,True,False,9.999999999999964,0.33333333333333215,149.95457100948445,0.00022854407476108338,0.011987318235950659,True,5,0.17086176589643642
2031,0.6,0.38,selected,True,True,False,11.729339926786153,0.39097799755953844,120.69293947059423,2.531736054156349e-15,8.449166521924222e-14,True,5,0.17086176589643642
2032,0.62,0.38,baseline,True,True,False,14.363192318819108,0.47877307729397023,155.65508445857228,2.6424707389809187e-15,2.2789203109659348e-14,True,5,1.0421644536251868
2032,0.62,0.38,local,True,True,False,14.36319231881928,0.478773077293976,155.65508445856548,2.235142562732966e-15,2.253174485810949e-14,True,5,1.042164453625186
2032,0.62,0.38,multistart,True,False,False,1.6845855837132473,0.056152852790441576,24.977846137117034,6.5957900457620994e-15,2.864118965633098e-14,True,4,1.1677366146002843
2032,0.62,0.38,graph,True,False,False,1.6845855837132706,0.056152852790442354,24.977846137116632,1.210583063689638e-14,5.4415363881481965e-14,True,4,1.1677366146002826
2032,0.62,0.38,best,True,False,False,1.684585583713244,0.056152852790441465,24.977846137118732,1.0190492755571723e-15,2.1781064173615238e-14,True,4,0.13738789947216112
2032,0.62,0.38,screened_graph,True,True,False,14.363192318819028,0.47877307729396756,155.65508445856352,2.5026619372463654e-15,1.2682734526210807e-14,True,5,0.170629482121897
2032,0.62,0.38,screened_best,True,True,False,14.363192318816576,0.47877307729388585,155.6550844585743,1.875094052700647e-15,1.563644717779314e-14,True,5,1.0421644536251868
2032,0.62,0.38,bounded_attempt,False,True,False,9.999999999999991,0.33333333333333304,220.2752755307932,0.0007163438636787177,0.039013899279513264,True,5,1.042164453625463
2032,0.62,0.38,selected,True,True,False,14.363192318816576,0.47877307729388585,155.6550844585743,1.875094052700647e-15,1.563644717779314e-14,True,5,1.0421644536251868
2033,0.64,0.38,baseline,True,True,False,17.903375528701144,0.5967791842900381,216.21059096497973,2.1729265637981758e-15,2.7120731640381206e-14,True,5,0.9751514520264752
2033,0.64,0.38,local,True,True,False,17.90337552870113,0.5967791842900376,216.21059096498172,2.2623773823576646e-15,2.739807863100747e-14,True,5,0.9751514520264752
2033,0.64,0.38,multistart,True,False,False,1.6185501191695728,0.05395167063898576,24.21685561608935,1.4503742365945736e-14,2.6233628189332564e-14,True,4,1.2506834106403877
2033,0.64,0.38,graph,True,False,False,1.6185501191695995,0.05395167063898665,24.216855616087052,5.81678002472067e-15,3.133664736951686e-14,True,4,1.2506834106403875
2033,0.64,0.38,best,True,False,False,1.6185501191695728,0.05395167063898576,24.21685561608935,1.4503742365945736e-14,2.6233628189332564e-14,True,4,1.2506834106403877
2033,0.64,0.38,screened_graph,True,True,False,17.90337552870097,0.5967791842900323,216.21059096498095,2.6225714513423072e-15,2.637049317911681e-14,True,5,0.1475576410024706
2033,0.64,0.38,screened_best,True,True,False,17.903375528698746,0.5967791842899581,216.21059096498055,7.337820428521185e-15,2.5407506508338102e-14,True,5,0.5235160949880493
2033,0.64,0.38,bounded_attempt,False,True,False,9.999999999999991,0.33333333333333304,314.1149324034495,0.001334528567355086,0.06510320972275302,True,5,0.5291422377182977
2033,0.64,0.38,selected,True,True,False,17.903375528698746,0.5967791842899581,216.21059096498055,7.337820428521185e-15,2.5407506508338102e-14,True,5,0.5235160949880493
2034,0.66,0.38,baseline,True,True,False,21.15780949856876,0.7052603166189586,332.10164138130585,9.557756490002001e-15,5.183877260255429e-14,True,5,0.7925850214067323
2034,0.66,0.38,local,True,True,False,21.157809498583095,0.7052603166194364,332.10164138173997,4.501732759706499e-15,1.874549219488469e-14,True,5,0.7925850214067305
2034,0.66,0.38,multistart,True,False,False,1.7059081973376333,0.05686360657792111,23.81791742712952,3.387999773988765e-16,7.653256311169417e-16,True,2,1.339321988601179
2034,0.66,0.38,graph,True,False,False,1.7059081973377266,0.05686360657792422,23.81791742713002,3.8350374596500156e-14,2.8258529562212768e-14,True,2,0.7855454816228047
2034,0.66,0.38,best,True,False,False,1.70590819733762,0.05686360657792067,23.817917427132418,5.594315114139762e-16,6.219122776417641e-16,True,2,1.3393219886011785
2034,0.66,0.38,screened_graph,True,True,False,21.15780949856876,0.7052603166189586,332.10164138130585,9.557756490002001e-15,5.183877260255429e-14,True,5,0.7925850214067323
2034,0.66,0.38,screened_best,True,True,False,21.15780949856876,0.7052603166189586,332.10164138130585,9.557756490002001e-15,5.183877260255429e-14,True,5,0.7925850214067323
2034,0.66,0.38,bounded_attempt,False,True,False,9.999999999999991,0.33333333333333304,334.23751737315655,0.0020507307387485673,0.0993404103269699,True,5,0.7925850214067349
2034,0.66,0.38,selected,True,True,False,21.15780949856876,0.7052603166189586,332.10164138130585,9.557756490002001e-15,5.183877260255429e-14,True,5,0.7925850214067323
2035,0.68,0.38,baseline,True,True,False,27.972240249084756,0.9324080083028252,525.3803348815907,3.656158442683102e-15,1.9629395564285735e-14,True,5,0.6178361054310715
2035,0.68,0.38,local,True,True,False,27.972240249084557,0.9324080083028186,525.380334881583,3.8909317787439015e-15,1.9674347929228833e-14,True,5,0.6178361054310741
2035,0.68,0.38,multistart,True,False,False,1.8768282106739087,0.06256094035579696,23.985765635451795,9.550499576785472e-16,2.6356090559146416e-15,True,2,1.4347848973901787
2035,0.68,0.38,graph,True,False,False,1.8768282106740686,0.06256094035580229,23.985765635467484,7.796501172498609e-15,2.246564552813047e-14,True,2,1.4347848973901776
2035,0.68,0.38,best,True,False,False,1.8768282106739087,0.06256094035579696,23.985765635451795,9.550499576785472e-16,2.6356090559146416e-15,True,2,1.4347848973901787
2035,0.68,0.38,screened_graph,True,True,False,27.97224024908485,0.9324080083028283,525.3803348820444,3.2643200205105044e-15,8.05905115245513e-14,True,5,0.09789546750385814
2035,0.68,0.38,screened_best,True,True,False,27.972240249084557,0.9324080083028186,525.380334881583,3.8909317787439015e-15,1.9674347929228833e-14,True,5,0.6178361054310741
2035,0.68,0.38,bounded_attempt,False,True,False,9.999999999999991,0.33333333333333304,321.06604427259225,0.0027542751193649654,0.1241458170673703,True,5,0.6178361054310741
2035,0.68,0.38,selected,True,True,False,27.972240249084557,0.9324080083028186,525.380334881583,3.8909317787439015e-15,1.9674347929228833e-14,True,5,0.6178361054310741
2036,0.7000000000000001,0.38,baseline,True,True,False,37.02984476077499,1.2343281586924997,780.0038438260189,7.908342344768172e-15,1.7573263202124696e-14,True,5,0.4584916019695493
2036,0.7000000000000001,0.38,local,True,True,False,37.02984476077507,1.2343281586925023,780.0038438260164,4.732793638560772e-15,1.7778380505680653e-14,True,5,0.4584916019695484
2036,0.7000000000000001,0.38,multistart,True,False,False,2.132126087400742,0.07107086958002473,29.629030936497124,3.9351298739496685e-15,1.100966016873498e-14,True,2,1.3532535625512239
2036,0.7000000000000001,0.38,graph,True,False,False,2.1321260874007986,0.07107086958002662,29.629030936496925,4.0680282069104004e-14,8.916354191347337e-14,True,2,0.6877922792573834
2036,0.7000000000000001,0.38,best,True,True,True,2.1321260874007253,0.07107086958002418,29.629030936498722,2.159947382989604e-15,2.722143603603e-15,True,2,1.538744269578521
2036,0.7000000000000001,0.38,screened_graph,True,True,True,2.1321260874007986,0.07107086958002662,29.629030936499024,4.092949021713554e-14,4.533175637241984e-14,True,2,0.6852692720837466
2036,0.7000000000000001,0.38,screened_best,True,True,True,2.1321260874007253,0.07107086958002418,29.629030936498722,2.159947382989604e-15,2.722143603603e-15,True,2,1.538744269578521
2036,0.7000000000000001,0.38,bounded_attempt,True,True,True,2.132126087387456,0.07107086957958186,29.629030936486934,2.50974239409357e-13,2.0331786307771e-12,True,2,1.5387442695785196
2036,0.7000000000000001,0.38,selected,True,True,True,2.132126087387456,0.07107086957958186,29.629030936486934,2.50974239409357e-13,2.0331786307771e-12,True,2,1.5387442695785196
2067,0.6,0.4,baseline,True,True,False,11.623727147618045,0.3874575715872681,124.20195172472974,4.335559509131367e-16,1.1552373535521743e-15,True,5,1.081226292808739
2067,0.6,0.4,local,True,True,False,11.623727147617977,0.3874575715872659,124.20195172472974,4.335559509131367e-16,1.1552373535521743e-15,True,5,1.081226292808739
2067,0.6,0.4,multistart,True,False,False,1.7070344053104758,0.056901146843682526,25.575873072828315,3.1626744630406633e-15,7.768537983584995e-15,True,4,1.1444517586305651
2067,0.6,0.4,graph,True,False,False,1.7070344053105024,0.056901146843683414,25.575873072829214,6.202625989214073e-15,3.602082417027209e-14,True,4,1.144451758630564
2067,0.6,0.4,best,True,False,False,1.7070344053104691,0.056901146843682304,25.575873072829115,6.591583993652515e-16,8.079268570863601e-16,True,4,1.1444517586305647
2067,0.6,0.4,screened_graph,True,True,False,11.623727147617977,0.3874575715872659,124.20195172472982,2.7982245767451807e-15,1.5079857685297716e-14,True,5,1.1444517586305643
2067,0.6,0.4,screened_best,True,True,False,11.623727147617924,0.3874575715872641,124.20195172467459,7.596108288712161e-16,7.500183624995913e-15,True,5,0.22058776658235946
2067,0.6,0.4,bounded_attempt,False,True,False,9.999999999999964,0.33333333333333215,130.51421261148013,0.00018473205527172476,0.009173164259228327,True,5,0.2205877665823479
2067,0.6,0.4,selected,True,True,False,11.623727147617924,0.3874575715872641,124.20195172467459,7.596108288712161e-16,7.500183624995913e-15,True,5,0.22058776658235946
2068,0.62,0.4,baseline,True,True,False,13.696035731982104,0.45653452439940345,158.63945251538607,8.125323285481904e-16,6.549007396846243e-15,True,5,1.0210852901143337
2068,0.62,0.4,local,True,True,False,13.696035731982024,0.4565345243994008,158.6394525153853,8.125323285481904e-16,6.526087402870949e-15,True,5,1.0210852901143346
2068,0.62,0.4,multistart,True,False,False,1.6480106173592102,0.054933687245307006,24.887782191382836,1.2302202943449419e-14,2.959226923460259e-14,True,4,1.222973702095923
2068,0.62,0.4,graph,True,False,False,1.6480106173592168,0.05493368724530723,24.887782191383735,1.0914401479888617e-14,5.006863752815151e-14,True,4,1.2229737020959228
2068,0.62,0.4,best,True,False,False,1.6480106173592102,0.054933687245307006,24.887782191382836,1.2302202943449419e-14,2.959226923460259e-14,True,4,1.222973702095923
2068,0.62,0.4,screened_graph,True,True,False,13.696035731982077,0.45653452439940256,158.63945251520025,2.4253990232818133e-15,1.86491974736572e-14,True,5,0.5773558088455406
2068,0.62,0.4,screened_best,True,True,False,13.696035731981464,0.45653452439938214,158.63945251542725,4.2841699744536696e-16,7.573178869265222e-15,True,5,0.24924841981718515
2068,0.62,0.4,bounded_attempt,False,True,False,9.999999999999964,0.33333333333333215,206.74476655884072,0.0006076352047161732,0.03127242637292098,True,5,0.24924841981718604
2068,0.62,0.4,selected,True,True,False,13.696035731981464,0.45653452439938214,158.63945251542725,4.2841699744536696e-16,7.573178869265222e-15,True,5,0.24924841981718515
2069,0.64,0.4,baseline,True,True,False,15.870200509512804,0.5290066836504268,212.32170646838665,3.1985215122904828e-15,5.917628109767765e-14,True,5,0.9395720030586618
2069,0.64,0.4,local,True,True,False,15.870200509514643,0.5290066836504881,212.32170646834632,3.4855356377735003e-15,5.902094466390909e-14,True,5,0.939572003058661
2069,0.64,0.4,multistart,True,False,False,1.6632137417800186,0.05544045805933395,24.50705339805266,5.88418203051333e-15,3.422604775757504e-14,True,2,0.811675803775632
2069,0.64,0.4,graph,True,False,False,1.6632137417800386,0.05544045805933462,24.507053398052758,7.879504350097168e-15,3.489183609822653e-14,True,2,1.306813609937265
2069,0.64,0.4,best,True,False,False,1.6632137417800186,0.05544045805933395,24.15347528095335,5.340694943204953e-16,7.375513013056873e-16,True,2,1.3068136099372645
2069,0.64,0.4,screened_graph,True,True,False,15.870200509512804,0.5290066836504268,212.32170646838665,3.1985215122904828e-15,5.917628109767765e-14,True,5,0.9395720030586618
2069,0.64,0.4,screened_best,True,True,False,15.870200509512804,0.5290066836504268,212.32170646838665,3.1985215122904828e-15,5.917628109767765e-14,True,5,0.9395720030586618
2069,0.64,0.4,bounded_attempt,False,True,False,9.999999999999991,0.33333333333333304,318.94954043593674,0.00110945245393664,0.05400968606487751,True,5,0.9395720030586627
2069,0.64,0.4,selected,True,True,False,15.870200509512804,0.5290066836504268,212.32170646838665,3.1985215122904828e-15,5.917628109767765e-14,True,5,0.9395720030586618
2070,0.66,0.4,baseline,True,True,False,19.260528505322636,0.6420176168440879,289.1611954413246,7.930569880903095e-15,4.5033214760888636e-14,True,5,0.7735656278268799
2070,0.66,0.4,local,True,True,False,19.26052850532265,0.6420176168440883,289.1611954413114,3.337139090662053e-15,4.503889130506397e-14,True,5,0.7735656278268817
2070,0.66,0.4,multistart,True,False,False,1.8089422034648328,0.06029807344882776,23.72766304490175,5.9087442009154375e-15,2.1783834928552177e-14,True,2,1.39689364689015
2070,0.66,0.4,graph,True,False,False,1.808942203464986,0.06029807344883287,23.727663044901348,1.2083720646541886e-14,2.4261784983699776e-14,True,2,0.7667329072559159
2070,0.66,0.4,best,True,False,False,1.8089422034648328,0.06029807344882776,23.72766304490175,5.9087442009154375e-15,2.1783834928552177e-14,True,2,1.39689364689015
2070,0.66,0.4,screened_graph,True,True,False,19.260528505322704,0.6420176168440901,289.16119544134256,3.3927998297288435e-15,4.1878385909052505e-14,True,5,0.14412554091244534
2070,0.66,0.4,screened_best,True,True,False,19.260528505322466,0.6420176168440822,289.161195441313,7.333567243233316e-15,4.885542609457303e-14,True,5,1.3968936468901496
2070,0.66,0.4,bounded_attempt,False,True,False,9.999999999999998,0.33333333333333326,327.2396410135868,0.0019001583303896704,0.0868127645831097,True,5,1.3968936468901498
2070,0.66,0.4,selected,True,True,False,19.260528505322466,0.6420176168440822,289.161195441313,7.333567243233316e-15,4.885542609457303e-14,True,5,1.3968936468901496
2071,0.68,0.4,baseline,True,True,False,25.200693180733957,0.8400231060244652,335.0673805708713,5.382292063005783e-15,4.1175200687910836e-14,True,5,0.6145287104478765
2071,0.68,0.4,local,True,True,False,25.200693180733744,0.8400231060244581,335.06738057085846,5.382292063005783e-15,4.1173228010020524e-14,True,5,0.6145287104478747
2071,0.68,0.4,multistart,True,False,False,2.016791436808294,0.06722638122694313,27.314858473509563,1.3521153659095828e-14,2.3160166899401662e-14,True,2,1.4945508846037194
2071,0.68,0.4,graph,True,False,False,2.016791436808414,0.06722638122694713,27.314858473509663,4.446765457693712e-14,6.759340818227214e-14,True,2,0.7180462277251634
2071,0.68,0.4,best,True,False,False,2.016791436808271,0.06722638122694236,27.31485847351086,5.926969055564841e-16,8.926019277556702e-16,True,2,1.3782203971560625
2071,0.68,0.4,screened_graph,True,True,False,25.200693180733957,0.8400231060244652,335.0673805708713,5.382292063005783e-15,4.1175200687910836e-14,True,5,0.6145287104478765
2071,0.68,0.4,screened_best,True,True,False,25.200693180733637,0.8400231060244545,335.0673805708576,9.392381802113267e-15,5.535769962812181e-14,True,5,1.4945508846037199
2071,0.68,0.4,bounded_attempt,False,True,False,9.999999999999995,0.33333333333333315,247.85359340126593,0.002373991082285072,0.10203653766840992,True,5,1.4945508846037203
2071,0.68,0.4,selected,True,True,False,25.200693180733637,0.8400231060244545,335.0673805708576,9.392381802113267e-15,5.535769962812181e-14,True,5,1.4945508846037199
2103,0.6,0.42,baseline,True,True,False,11.166451251656637,0.3722150417218879,120.46086427793021,4.079219866531555e-16,8.497475318350931e-16,True,5,1.0562936135900225
2103,0.6,0.42,local,True,True,False,11.16645125165661,0.372215041721887,120.46086427792864,3.5652682413747997e-16,1.058295422029371e-15,True,5,1.0562936135900225
2103,0.6,0.42,multistart,True,False,False,1.6639085984685664,0.055463619948952214,25.644578361061576,8.513499700774733e-15,3.3722008509331816e-14,True,4,0.8778399569228164
2103,0.6,0.42,graph,True,False,False,1.6639085984685797,0.05546361994895266,25.644578361060677,1.4876425381473667e-14,1.6094847799277077e-14,True,4,1.203626415102592
2103,0.6,0.42,best,True,False,False,1.6639085984685664,0.055463619948952214,25.644578361061576,8.513499700774733e-15,3.3722008509331816e-14,True,4,0.8778399569228164
2103,0.6,0.42,screened_graph,True,True,False,11.166451251656603,0.3722150417218868,120.46086427792969,1.0878353406645661e-14,4.293958213326698e-14,True,5,0.24438236526959756
2103,0.6,0.42,screened_best,True,True,False,11.166451251656571,0.3722150417218857,120.46086427796182,3.667938960712334e-15,1.8674514151637054e-14,True,5,1.2036264151025928
2103,0.6,0.42,bounded_attempt,False,True,False,9.999999999999991,0.33333333333333304,144.75444048398515,0.00015574881705810746,0.008111419741628345,True,5,1.2036264151025926
2103,0.6,0.42,selected,True,True,False,11.166451251656571,0.3722150417218857,120.46086427796182,3.667938960712334e-15,1.8674514151637054e-14,True,5,1.2036264151025928
2104,0.62,0.42,baseline,True,True,False,12.625680496200111,0.4208560165400037,148.5809442558141,3.769065117876672e-15,6.315946544394024e-14,True,5,0.991898787958096
2104,0.62,0.42,local,True,True,False,12.625680496200138,0.4208560165400046,148.58094425581172,3.769065117876672e-15,6.315946544394024e-14,True,5,0.991898787958096
2104,0.62,0.42,multistart,True,False,False,1.641553992210415,0.05471846640701383,24.728426242176482,9.568551029921598e-15,4.929861639387916e-14,True,2,1.2829380712689307
2104,0.62,0.42,graph,True,False,False,1.6415539922104283,0.05471846640701428,25.016281664991048,7.64790771460014e-15,2.997056080407925e-14,True,2,1.2829380712689304
2104,0.62,0.42,best,True,False,False,1.641553992210415,0.05471846640701383,24.728426242176482,9.568551029921598e-15,4.929861639387916e-14,True,2,1.2829380712689307
2104,0.62,0.42,screened_graph,True,True,False,12.625680496200111,0.4208560165400037,148.5809442558141,3.769065117876672e-15,6.315946544394024e-14,True,5,0.991898787958096
2104,0.62,0.42,screened_best,True,True,False,12.625680496200085,0.4208560165400028,148.58094425581493,1.3299526536404359e-15,4.596251578106787e-15,True,5,0.60951816543745
2104,0.62,0.42,bounded_attempt,False,True,False,9.999999999999991,0.33333333333333304,173.05359472386638,0.0005869772743601406,0.028300851978233205,True,5,0.6123440248231207
2104,0.62,0.42,selected,True,True,False,12.625680496200085,0.4208560165400028,148.58094425581493,1.3299526536404359e-15,4.596251578106787e-15,True,5,0.60951816543745
2105,0.64,0.42,baseline,True,True,False,14.828063669801264,0.49426878899337545,183.6588774532122,1.4602703977091186e-15,1.2455915656101908e-14,True,5,0.8986183661607994
2105,0.64,0.42,local,True,True,False,14.82806366980137,0.494268788993379,183.65887745321982,1.5029073952766851e-15,1.223819516253256e-14,True,5,0.8986183661608003
2105,0.64,0.42,multistart,True,False,False,1.7604836872288288,0.05868278957429429,24.32661120569435,7.850462293418876e-16,2.747479033518658e-15,True,2,0.7934004850595011
2105,0.64,0.42,graph,True,False,False,1.7604836872289487,0.05868278957429829,24.32661120569395,1.2904111576730683e-14,5.151067045267404e-14,True,2,1.3680759037308055
2105,0.64,0.42,best,True,False,False,1.760483687228822,0.05868278957429407,24.009695492660477,5.495323605393213e-16,8.360187902776879e-16,True,2,1.368075903730805
2105,0.64,0.42,screened_graph,True,True,False,14.828063669801264,0.49426878899337545,183.6588774532122,1.4602703977091186e-15,1.2455915656101908e-14,True,5,0.8986183661607994
2105,0.64,0.42,screened_best,True,True,False,14.828063669798865,0.4942687889932955,183.65887745314106,5.175652075873454e-15,7.288545129280657e-14,True,5,0.19235613624022996
2105,0.64,0.42,bounded_attempt,False,True,False,9.999999999999991,0.33333333333333304,299.0544026795397,0.0010029128135138194,0.04920614659978271,True,5,0.1912779162839584
2105,0.64,0.42,selected,True,True,False,14.828063669798865,0.4942687889932955,183.65887745314106,5.175652075873454e-15,7.288545129280657e-14,True,5,0.19235613624022996
2106,0.66,0.42,baseline,True,True,False,18.413850793824356,0.6137950264608119,223.8553883884611,2.2562397986482602e-15,1.1242318727886861e-14,True,5,0.7473260027864912
2106,0.66,0.42,local,True,True,False,18.413850793824917,0.6137950264608305,223.8553883884643,2.4487906147411006e-15,1.1645922097708607e-14,True,5,0.7473260027864921
2106,0.66,0.42,multistart,True,False,False,1.937261559142851,0.0645753853047617,25.932619986731375,7.333567243233316e-15,1.9448146662956282e-14,True,2,0.7414394558244153
2106,0.66,0.42,graph,True,False,False,1.9372615591428777,0.06457538530476259,25.93261998672638,7.421500454487588e-14,1.3595090035758407e-13,True,2,0.7463667871922084
2106,0.66,0.42,best,True,False,False,1.9372615591428344,0.06457538530476115,25.93261998672568,4.335559509131367e-16,7.139330284050598e-16,True,2,1.4601365490987863
2106,0.66,0.42,screened_graph,True,True,False,18.41385079382337,0.613795026460779,223.8553883884631,2.0903468271618855e-15,9.851916951580665e-15,True,5,0.3794311390784042
2106,0.66,0.42,screened_best,True,True,False,18.41385079382337,0.613795026460779,223.8553883884631,2.0903468271618855e-15,9.851916951580665e-15,True,5,0.3794311390784042
2106,0.66,0.42,bounded_attempt,False,True,False,9.999999999999964,0.33333333333333215,299.4217731162362,0.0016700080486396795,0.07207469609130251,True,5,0.386844395414105
2106,0.66,0.42,selected,True,True,False,18.41385079382337,0.613795026460779,223.8553883884631,2.0903468271618855e-15,9.851916951580665e-15,True,5,0.3794311390784042
2107,0.68,0.42,baseline,True,True,False,21.00471904293974,0.7001573014313247,322.75025451269414,2.758295425132583e-15,1.523224649941989e-14,True,5,1.5607465517489516
2107,0.68,0.42,local,True,True,False,21.004719042940415,0.7001573014313471,322.7502545126716,6.510738673604022e-16,3.836689131465495e-15,True,5,1.5607465517489512
2107,0.68,0.42,multistart,True,True,True,2.8362189772259874,0.09454063257419958,32.623183585956525,8.617648093045562e-16,3.37573622684824e-15,True,2,0.6946845757417242
2107,0.68,0.42,graph,True,True,True,2.8362189772261717,0.09454063257420572,32.623183585959225,7.736788912175081e-15,1.4873649201890953e-14,True,2,1.560746551748952
2107,0.68,0.42,best,True,True,True,2.8362189771831217,0.09454063257277072,32.62318358595153,1.182074740975302e-14,3.7914970143407296e-14,True,2,1.5607465517489505
2107,0.68,0.42,screened_graph,True,True,True,2.8362189772261717,0.09454063257420572,32.623183585959225,7.736788912175081e-15,1.4873649201890953e-14,True,2,1.560746551748952
2107,0.68,0.42,screened_best,True,True,True,2.8362189771831217,0.09454063257277072,32.62318358595153,1.182074740975302e-14,3.7914970143407296e-14,True,2,1.5607465517489505
2107,0.68,0.42,bounded_attempt,True,True,True,2.8362189772285977,0.09454063257428659,32.62318358593554,5.955361549548556e-14,6.365453370582872e-13,True,2,1.5607465517489516
2107,0.68,0.42,selected,True,True,True,2.8362189771831217,0.09454063257277072,32.62318358595153,1.182074740975302e-14,3.7914970143407296e-14,True,2,1.5607465517489505
2139,0.6,0.44,baseline,True,True,False,10.5053399221294,0.3501779974043133,118.03312414154612,2.1050824708406534e-15,3.2039232622019595e-14,True,5,1.0229218370061064
2139,0.6,0.44,local,True,True,False,10.5053399221294,0.3501779974043133,118.03312414154492,2.1050824708406534e-15,3.2039232622019595e-14,True,5,1.0229218370061055
2139,0.6,0.44,multistart,True,False,False,1.6924282157076997,0.056414273856923325,25.353742163670944,1.9460597736562618e-15,5.271680580703385e-15,True,2,1.2663730352205032
2139,0.6,0.44,graph,True,False,False,1.6924282157077397,0.05641427385692466,25.353742163672344,1.1349417437407496e-14,2.5702922115599022e-14,True,2,0.8612094073900058
2139,0.6,0.44,best,True,False,False,1.6924282157076997,0.056414273856923325,25.353742163670944,1.9460597736562618e-15,5.271680580703385e-15,True,2,1.2663730352205032
2139,0.6,0.44,screened_graph,True,True,False,10.5053399221294,0.3501779974043133,118.03312414154612,2.1050824708406534e-15,3.2039232622019595e-14,True,5,1.0229218370061064
2139,0.6,0.44,screened_best,True,True,False,10.505339922129366,0.3501779974043122,118.03312414157115,9.814059125499787e-16,3.505899749469164e-15,True,5,1.2663730352205023
2139,0.6,0.44,bounded_attempt,False,True,False,9.999999999999995,0.33333333333333315,141.88522964944278,0.00011674496099524266,0.005732440986910976,True,5,1.2663730352205018
2139,0.6,0.44,selected,True,True,False,10.505339922129366,0.3501779974043122,118.03312414157115,9.814059125499787e-16,3.505899749469164e-15,True,5,1.2663730352205023
2140,0.62,0.44,baseline,True,True,False,12.157353343259519,0.40524511144198394,141.2573543623476,1.2959208739370123e-15,1.497379260730864e-14,True,5,0.9514651440084441
2140,0.62,0.44,local,True,True,False,12.157353343259466,0.40524511144198216,141.25735436235001,1.3472180148700993e-15,1.497379260730864e-14,True,5,0.9514651440084441
2140,0.62,0.44,multistart,True,False,False,1.8015217396288086,0.06005072465429362,24.493231855187936,1.0068810866857322e-15,2.7545404180499346e-15,True,2,1.3480343172638083
2140,0.62,0.44,graph,True,False,False,1.8015217396289152,0.06005072465429717,24.74465343173925,1.1659059834257933e-14,4.4148926219195236e-14,True,2,1.348034317263808
2140,0.62,0.44,best,True,False,False,1.8015217396288086,0.06005072465429362,24.493231855187936,1.0068810866857322e-15,2.7545404180499346e-15,True,2,1.3480343172638083
2140,0.62,0.44,screened_graph,True,True,False,12.157353343259519,0.40524511144198394,141.2573543623476,1.2959208739370123e-15,1.497379260730864e-14,True,5,0.9514651440084441
2140,0.62,0.44,screened_best,True,True,False,12.157353343259418,0.4052451114419806,141.25735436234362,5.55666346546344e-15,3.6536291545765605e-14,True,5,1.3480343172638087
2140,0.62,0.44,bounded_attempt,False,True,False,9.999999999999991,0.33333333333333304,160.31386509637483,0.0004859906814784603,0.022095498320435395,True,5,1.348034317263809
2140,0.62,0.44,selected,True,True,False,12.157353343259418,0.4052451114419806,141.25735436234362,5.55666346546344e-15,3.6536291545765605e-14,True,5,1.3480343172638087
2141,0.64,0.44,baseline,True,True,False,14.459973076647179,0.48199910255490597,176.0413773543564,2.812641079050971e-15,1.123596562055686e-14,True,5,0.8554831638464755
2141,0.64,0.44,local,True,True,False,14.459973076647232,0.48199910255490774,176.04137735435557,2.778886234629813e-15,1.1273419766910135e-14,True,5,0.8554831638464755
2141,0.64,0.44,multistart,True,False,False,1.9675065700323013,0.06558355233441004,25.106373491644018,8.094355809086864e-15,2.269683837821817e-14,True,2,0.7670839778648908
2141,0.64,0.44,graph,True,False,False,1.9675065700333905,0.06558355233444635,25.106373491641122,2.0274873299974322e-14,3.556886503369856e-14,True,2,0.7731430209993686
2141,0.64,0.44,best,True,False,False,1.9675065700323013,0.06558355233441004,25.106373491644018,8.094355809086864e-15,2.269683837821817e-14,True,2,0.7670839778648908
2141,0.64,0.44,screened_graph,True,True,False,14.459973076647179,0.48199910255490597,176.0413773543564,2.812641079050971e-15,1.123596562055686e-14,True,5,0.8554831638464755
2141,0.64,0.44,screened_best,True,True,False,14.459973076647099,0.4819991025549033,176.0413773543548,5.499685189500132e-15,2.5152376325611988e-14,True,5,0.8554831638465403
2141,0.64,0.44,bounded_attempt,False,True,False,9.999999999999991,0.33333333333333304,299.4001677832075,0.0008712478915368336,0.040007895532672554,True,5,0.8554831638464764
2141,0.64,0.44,selected,True,True,False,14.459973076647099,0.4819991025549033,176.0413773543548,5.499685189500132e-15,2.5152376325611988e-14,True,5,0.8554831638465403
2142,0.66,0.44,baseline,True,True,False,16.65559058066877,0.5551863526889589,228.07793578321437,1.967320211922957e-15,1.0317096915285241e-14,True,5,1.5297700371102323
2142,0.66,0.44,local,True,True,False,16.65559058066876,0.5551863526889587,228.07793578317683,2.0145271352882748e-15,9.062899395419948e-15,True,5,1.529770037110232
2142,0.66,0.44,multistart,True,False,False,2.335122940631811,0.0778374313543937,30.469356018756244,2.4487906147411006e-15,6.9693415396115115e-15,True,2,1.2380832496322558
2142,0.66,0.44,graph,True,False,False,2.3351229406318907,0.07783743135439636,30.469356018764838,4.31061156953953e-15,1.606263276578902e-14,True,2,1.2380832496324192
2142,0.66,0.44,best,True,False,False,2.3351229406317993,0.0778374313543933,30.46935601876264,1.906660574970342e-14,3.397847639792186e-14,True,2,1.529770037110232
2142,0.66,0.44,screened_graph,True,True,False,16.655590580666903,0.5551863526888967,228.07793578316833,1.3679303834503562e-15,1.0024819129356844e-14,True,5,0.5039921543201054
2142,0.66,0.44,screened_best,True,True,False,16.655590580666903,0.5551863526888967,228.07793578316833,1.3679303834503562e-15,1.0024819129356844e-14,True,5,0.5039921543201054
2142,0.66,0.44,bounded_attempt,False,True,False,9.999999999999964,0.33333333333333215,254.1663910227646,0.0013674486722247458,0.05556200931060366,True,5,0.5039921543201054
2142,0.66,0.44,selected,True,True,False,16.655590580666903,0.5551863526888967,228.07793578316833,1.3679303834503562e-15,1.0024819129356844e-14,True,5,0.5039921543201054
2175,0.6,0.46,baseline,True,True,False,10.365525784989797,0.3455175261663266,121.89721881326791,1.389997453310356e-15,9.378212890972923e-15,True,5,0.9772629262008445
2175,0.6,0.46,local,True,True,False,10.365525784989797,0.3455175261663266,121.89721881326751,1.389997453310356e-15,9.378212890972923e-15,True,5,0.9772629262008445
2175,0.6,0.46,multistart,True,False,False,1.863257956605221,0.062108598553507366,24.804603061871568,1.2337969962857226e-15,3.655150148728633e-15,True,2,1.3341052589316316
2175,0.6,0.46,graph,True,False,False,1.8632579566054042,0.06210859855351347,24.993101697611596,1.4481602907145998e-14,8.806660212392436e-13,True,2,0.030033254126915487
2175,0.6,0.46,best,True,False,False,1.863257956605221,0.062108598553507366,24.804603061871568,1.2337969962857226e-15,3.655150148728633e-15,True,2,1.3341052589316316
2175,0.6,0.46,screened_graph,True,True,False,10.365525784989813,0.34551752616632714,121.8972188132802,3.753704312559989e-15,2.0388285232703988e-14,True,5,1.3341052589316307
2175,0.6,0.46,screened_best,True,True,False,10.365525784989744,0.3455175261663248,121.8972188132923,3.872275839221848e-15,2.3956592349494904e-14,True,5,0.28905128918881484
2175,0.6,0.46,bounded_attempt,False,True,False,9.999999999999964,0.33333333333333215,132.8629923651144,5.724962047463721e-05,0.0026502580310339935,True,5,0.2890512891888086
2175,0.6,0.46,selected,True,True,False,10.365525784989744,0.3455175261663248,121.8972188132923,3.872275839221848e-15,2.3956592349494904e-14,True,5,0.28905128918881484
2176,0.62,0.46,baseline,True,True,False,11.946683733485033,0.39822279111616776,144.5251521126393,4.429775955663296e-15,1.7229733264615322e-14,True,5,0.8911184778103021
2176,0.62,0.46,local,True,True,False,11.946683733485113,0.3982227911161704,144.5251521126377,4.0614289095942324e-15,1.7020342066920476e-14,True,5,0.8911184778103021
2176,0.62,0.46,multistart,True,False,False,2.028568080049288,0.06761893600164293,24.659533746443618,1.3361131656753374e-14,2.8299904132909322e-14,True,2,1.4177485393189606
2176,0.62,0.46,graph,True,False,False,2.0285680800508366,0.06761893600169455,24.659533746446815,4.0301860403048085e-14,7.225402807488221e-14,True,2,0.798644976126373
2176,0.62,0.46,best,True,False,False,2.028568080049288,0.06761893600164293,24.659533746443618,1.3361131656753374e-14,2.8299904132909322e-14,True,2,1.4177485393189606
2176,0.62,0.46,screened_graph,True,True,False,11.94668373348502,0.3982227911161673,144.52515211267564,3.973605926116015e-15,1.5685033107625276e-14,True,5,1.4177485393189617
2176,0.62,0.46,screened_best,True,True,False,11.946683733485013,0.3982227911161671,144.52515211264205,4.052314039881821e-15,1.5602059981429207e-14,True,5,1.4177485393189613
2176,0.62,0.46,bounded_attempt,False,True,False,9.999999999999991,0.33333333333333304,163.47981324521223,0.0003195370562518075,0.013706256131138544,True,5,1.4177485393189626
2176,0.62,0.46,selected,True,True,False,11.946683733485013,0.3982227911161671,144.52515211264205,4.052314039881821e-15,1.5602059981429207e-14,True,5,1.4177485393189613
2177,0.64,0.46,baseline,True,True,False,13.590206782450132,0.4530068927483377,175.23207143253438,8.249338096293323e-15,4.0650220465015423e-14,True,5,0.7424178679292153
2177,0.64,0.46,local,True,True,False,13.590206782450105,0.45300689274833683,175.2320714325388,8.473773144389588e-15,4.011922907083049e-14,True,5,0.7424178679292144
2177,0.64,0.46,multistart,True,False,False,2.378815656684339,0.0792938552228113,29.258195479271,5.4565654553252555e-15,1.6981525223373933e-14,True,2,0.7512292223452119
2177,0.64,0.46,graph,True,False,False,2.378815656684509,0.07929385522281696,29.25819547928089,1.192882847370445e-14,3.7611925271617076e-14,True,2,1.5083480505962865
2177,0.64,0.46,best,True,False,False,2.378815656684319,0.07929385522281063,29.258195479275294,2.2283838334298714e-14,4.0758437534547017e-14,True,2,0.7441698198588975
2177,0.64,0.46,screened_graph,True,True,False,13.590206782450132,0.4530068927483377,175.23207143253438,8.249338096293323e-15,4.0650220465015423e-14,True,5,0.7424178679292153
2177,0.64,0.46,screened_best,True,True,False,13.590206782450078,0.45300689274833594,175.23207143255277,8.602258464800051e-15,4.1559648661985675e-14,True,5,0.6476059971015813
2177,0.64,0.46,bounded_attempt,False,True,False,9.999999999999964,0.33333333333333215,257.6191976256605,0.0006532776712124996,0.028043658016280285,True,5,0.6485147674608296
2177,0.64,0.46,selected,True,True,False,13.590206782450078,0.45300689274833594,175.23207143255277,8.602258464800051e-15,4.1559648661985675e-14,True,5,0.6476059971015813
2211,0.6,0.48,baseline,True,True,False,10.221461814813457,0.34071539382711524,122.37793417884025,4.207877081940309e-15,1.5742667925946544e-14,True,5,0.9077989353388638
2211,0.6,0.48,local,True,True,False,10.221461814813404,0.34071539382711347,122.37793417892058,4.905616417342659e-15,1.5715811030464614e-14,True,5,0.9077989353388638
2211,0.6,0.48,multistart,True,False,False,2.1136775481147843,0.0704559182704928,24.50488320691496,2.3062528501479064e-14,8.151006790523236e-14,True,2,1.3658496844177135
2211,0.6,0.48,graph,True,False,False,2.1136775481148775,0.07045591827049591,24.548583109699074,3.308408729201696e-14,5.2494809643800824e-14,True,2,0.8230564170939134
2211,0.6,0.48,best,True,False,False,2.1136775481147674,0.07045591827049225,24.504883206915462,1.5433697402820017e-15,1.9556948421356038e-15,True,2,1.4075629452028402
2211,0.6,0.48,screened_graph,True,True,False,10.221461814813404,0.34071539382711347,122.37793417883944,5.404859424301949e-15,2.4528952098333282e-14,True,5,0.3116157535605373
2211,0.6,0.48,screened_best,True,True,False,10.22146181481335,0.3407153938271117,122.37793417883984,2.453818937520096e-15,1.8022701321357956e-14,True,5,0.31161575356053817
2211,0.6,0.48,bounded_attempt,False,True,False,9.999999999999964,0.33333333333333215,129.02178865423025,3.752448569970458e-05,0.0016292546974641757,True,5,0.3116157535607691
2211,0.6,0.48,selected,True,True,False,10.22146181481335,0.3407153938271117,122.37793417883984,2.453818937520096e-15,1.8022701321357956e-14,True,5,0.31161575356053817
