v -0.00325056 0.00064992 -0.01415002
v -0.00325056 0.00199992 -0.01415003
v -0.00282556 0.00064992 -0.01426391
v -0.00282556 0.00199992 -0.01426390
v -0.00251444 0.00064992 -0.01457503
v -0.00251444 0.00199992 -0.01457502
v -0.00240056 0.00064992 -0.01500002
v -0.00240056 0.00199992 -0.01500003
v -0.00251443 0.00064992 -0.01542503
v -0.00251443 0.00199992 -0.01542502
v -0.00282555 0.00064992 -0.01573615
v -0.00282555 0.00199992 -0.01573614
v -0.00325055 0.00064992 -0.01585002
v -0.00325055 0.00199992 -0.01585003
v -0.00367555 0.00064992 -0.01573615
v -0.00367555 0.00199992 -0.01573616
v -0.00398668 0.00064992 -0.01542503
v -0.00398668 0.00199992 -0.01542504
v -0.00410056 0.00064992 -0.01500004
v -0.00410056 0.00199992 -0.01500003
v -0.00398668 0.00064992 -0.01457503
v -0.00398668 0.00199992 -0.01457504
v -0.00367556 0.00064992 -0.01426391
v -0.00367556 0.00199992 -0.01426390
v -0.00227155 0.00000343 -0.00486436
v -0.00564562 0.00000342 -0.00486438
v -0.00565722 -0.00021278 -0.00495338
v -0.00226315 -0.00023729 -0.00497132
v -0.00567102 -0.00038674 -0.00514959
v -0.00224536 -0.00040008 -0.00517668
v -0.00568752 -0.00045008 -0.00540584
v -0.00222277 -0.00045008 -0.00540582
v -0.00277803 0.00660759 -0.01994705
v -0.00277767 0.00660679 -0.01994376
v -0.00253674 0.00668736 -0.01994376
v -0.00387447 0.00619362 -0.02046141
v -0.00383957 0.00621239 -0.02045213
v -0.00331441 0.00646770 -0.02046141
v -0.00330407 0.00646418 -0.02028974
v -0.00255724 0.00675235 -0.02046141
v -0.00296485 0.00658327 -0.02014208
v -0.00280375 0.00661520 -0.02001052
v -0.00176043 0.00688697 -0.01994377
v -0.00177382 0.00695379 -0.02046140
v -0.00155142 0.00692574 -0.01994376
v -0.00097325 0.00706969 -0.02046139
v -0.00096714 0.00700181 -0.01994375
v -0.00016610 0.00703056 -0.01994375
v -0.00016487 0.00709869 -0.02046138
v 0.00014337 0.00701850 -0.01994374
v 0.00064194 0.00704047 -0.02046137
v 0.00063338 0.00697286 -0.01994374
v 0.00142199 0.00682940 -0.01994374
v 0.00181501 0.00672431 -0.01994374
v 0.00221342 0.00666604 -0.02046137
v 0.00143779 0.00689569 -0.02046137
v 0.00420379 0.00551123 -0.01994372
v 0.00420097 0.00552035 -0.01996491
v 0.00363219 0.00590596 -0.01994373
v 0.00419798 0.00552942 -0.01998650
v 0.00415603 0.00561383 -0.02021832
v 0.00219057 0.00660184 -0.01994374
v 0.00293017 0.00629283 -0.01994374
v 0.00295980 0.00635420 -0.02046137
v 0.00366826 0.00596379 -0.02046136
v 0.00412204 0.00565723 -0.02046136
v -0.00608754 0.00280508 -0.01821131
v -0.00614058 0.00246179 -0.01809754
v -0.00627419 0.00203345 -0.01781104
v -0.00616055 0.00224992 -0.01805473
v -0.00639840 0.00127452 -0.01754466
v -0.00589641 0.00279992 -0.01862118
v -0.00590626 0.00279992 -0.01860004
v -0.00584179 0.00356554 -0.01873830
v -0.00600292 0.00275816 -0.01839277
v -0.00608532 0.00264053 -0.01821606
v -0.00335856 0.00644815 -0.02406353
v -0.00264914 0.00672269 -0.02558484
v -0.00264914 0.00279992 -0.02558483
v -0.00647517 -0.00024974 -0.01738002
v -0.00646544 0.00051077 -0.01740090
v -0.00642822 -0.00100932 -0.01748072
v -0.00632313 -0.00177429 -0.01770608
v -0.00616055 -0.00253250 -0.01805473
v -0.00403651 0.00610317 -0.02260966
v -0.00512808 0.00513070 -0.02026885
v -0.00490155 0.00552280 -0.02075461
v -0.00552177 0.00434746 -0.01942457
v -0.00608942 0.00224992 -0.01810005
v -0.00608942 -0.00272889 -0.01810004
v -0.00540054 0.00224992 -0.01810004
v -0.00540054 -0.00325008 -0.01810004
v -0.00582793 -0.00325008 -0.01810005
v -0.00502892 -0.00325008 -0.01806521
v -0.00490729 0.00224992 -0.01803825
v -0.00467024 -0.00325008 -0.01796193
v -0.00467024 0.00224992 -0.01796193
v -0.00433700 -0.00325008 -0.01779381
v -0.00444452 0.00224992 -0.01785674
v -0.00404080 -0.00325008 -0.01756670
v -0.00404080 0.00224992 -0.01756670
v -0.00372608 -0.00325008 -0.01736908
v -0.00372608 0.00224992 -0.01736908
v -0.00336093 -0.00325008 -0.01730003
v -0.00336094 0.00224992 -0.01730003
v -0.00050899 -0.00449121 -0.01730001
v -0.00072458 -0.00427458 -0.01730001
v 0.00008726 -0.00350008 -0.01730000
v -0.00097278 -0.00409798 -0.01730002
v -0.00109291 -0.00401447 -0.01730001
v -0.00183221 -0.00325008 -0.01730001
v 0.00008725 0.00224992 -0.01730001
v -0.00156441 -0.00331316 -0.01730001
v 0.00284378 -0.00350008 -0.01729999
v 0.00274112 -0.00374099 -0.01729998
v 0.00269254 -0.00388176 -0.01729998
v 0.00224445 -0.00565008 -0.01729999
v -0.00025966 -0.00565008 -0.01730001
v 0.00224444 -0.00475008 -0.01729999
v -0.00025966 -0.00475008 -0.01730001
v -0.00038176 -0.00461811 -0.01730001
v -0.00135293 -0.00348913 -0.01730002
v -0.00124221 -0.00374099 -0.01730001
v -0.00119484 -0.00387942 -0.01730001
v 0.00224786 -0.00474862 -0.01730000
v 0.00248879 -0.00432574 -0.01729999
v 0.00258284 -0.00411081 -0.01729999
v -0.00084427 0.00274992 -0.02442706
v -0.00090050 0.00274992 -0.02400001
v -0.00260383 0.00274992 -0.02556372
v -0.00585109 0.00274992 -0.01860004
v -0.00084428 0.00274992 -0.02357295
v -0.00067945 0.00274992 -0.02317502
v -0.00370086 0.00274992 -0.01793336
v -0.00420551 0.00274992 -0.01829592
v -0.00041723 0.00274992 -0.02283327
v -0.00478397 0.00274992 -0.01852281
v -0.00540053 0.00274992 -0.01860004
v 0.00423427 0.00274992 -0.01961172
v 0.00423996 0.00274992 -0.01946476
v 0.00157449 0.00274992 -0.02257106
v 0.00415105 0.00274992 -0.01839152
v 0.00407024 0.00274992 -0.01802870
v 0.00025311 0.00274992 -0.02766655
v 0.00032246 0.00274992 -0.02559378
v -0.00091912 0.00274992 -0.02730237
v -0.00007549 0.00274992 -0.02542895
v -0.00190771 0.00274992 -0.02657474
v -0.00041722 0.00274992 -0.02516673
v -0.00067944 0.00274992 -0.02482501
v -0.00354351 0.00274992 -0.01783456
v -0.00007551 0.00274992 -0.02257107
v -0.00336093 0.00274992 -0.01780002
v 0.00032244 0.00274992 -0.02240622
v 0.00338703 0.00274992 -0.01779998
v 0.00415252 0.00274992 -0.01995910
v 0.00191622 0.00274992 -0.02283326
v 0.00403647 0.00274992 -0.02145130
v 0.00217844 0.00274992 -0.02317500
v 0.00429029 0.00274992 -0.02292631
v 0.00234328 0.00274992 -0.02357293
v 0.00444670 0.00274992 -0.02414381
v 0.00239950 0.00274992 -0.02399998
v 0.00419620 0.00274992 -0.02534547
v 0.00074949 0.00274992 -0.02235000
v 0.00117654 0.00274992 -0.02240621
v 0.00353114 0.00274992 -0.01781755
v 0.00366682 0.00274992 -0.01786922
v 0.00234328 0.00274992 -0.02442704
v 0.00217845 0.00274992 -0.02482499
v 0.00356633 0.00274992 -0.02639905
v 0.00191623 0.00274992 -0.02516672
v 0.00262645 0.00274992 -0.02718859
v 0.00157451 0.00274992 -0.02542894
v 0.00147998 0.00274992 -0.02762717
v 0.00117656 0.00274992 -0.02559377
v 0.00074951 0.00274992 -0.02565000
v 0.00419797 0.00279992 -0.01998653
v 0.00433814 0.00279992 -0.02291181
v 0.00408642 0.00279992 -0.02144898
v 0.00419798 0.00541902 -0.01998653
v 0.00408642 0.00568308 -0.02144898
v 0.00416736 0.00562388 -0.02219107
v 0.00433814 0.00549339 -0.02291180
v -0.00258764 0.00674268 -0.02375788
v -0.00422444 0.00599154 -0.02055629
v -0.00259255 0.00674111 -0.02383641
v -0.00259657 0.00673981 -0.02399979
v -0.00257734 0.00674597 -0.02435000
v -0.00248217 0.00677559 -0.02486242
v -0.00256795 0.00674895 -0.02574843
v -0.00246496 0.00678080 -0.02492533
v -0.00228143 0.00683358 -0.02542273
v -0.00227997 0.00683398 -0.02621016
v -0.00201901 0.00690037 -0.02588393
v -0.00194361 0.00691771 -0.02660953
v -0.00166798 0.00697419 -0.02631906
v -0.00149018 0.00700496 -0.02700772
v -0.00127242 0.00703668 -0.02667171
v -0.00097321 0.00706969 -0.02733088
v -0.00085162 0.00707964 -0.02694081
v -0.00094172 0.00707246 -0.02734698
v -0.00036627 0.00709963 -0.02715651
v -0.00036387 0.00709965 -0.02758091
v -0.00031131 0.00709991 -0.02717554
v 0.00024640 0.00707995 -0.02771609
v 0.00018923 0.00708392 -0.02730304
v 0.00064145 0.00704054 -0.02774845
v 0.00069845 0.00703310 -0.02735130
v 0.00107176 0.00697332 -0.02773613
v 0.00090065 0.00700312 -0.02734815
v 0.00148985 0.00688310 -0.02767620
v 0.00140049 0.00690449 -0.02728579
v 0.00221346 0.00666604 -0.02745244
v 0.00188801 0.00677352 -0.02714804
v 0.00196306 0.00675019 -0.02711967
v 0.00221726 0.00666469 -0.02700802
v 0.00265181 0.00649441 -0.02723168
v 0.00243917 0.00658163 -0.02688928
v 0.00265504 0.00649303 -0.02675205
v 0.00316079 0.00625346 -0.02687196
v 0.00329849 0.00617999 -0.02616670
v 0.00360440 0.00600319 -0.02643147
v 0.00293272 0.00636722 -0.02653777
v 0.00287405 0.00639494 -0.02658708
v 0.00367462 0.00595982 -0.02239289
v 0.00352252 0.00605241 -0.02586395
v 0.00360217 0.00600455 -0.02573599
v 0.00399057 0.00575108 -0.02588625
v 0.00385103 0.00584611 -0.02522691
v 0.00424277 0.00556723 -0.02536365
v 0.00441971 0.00542827 -0.02476946
v 0.00399118 0.00575066 -0.02477616
v 0.00449667 0.00536509 -0.02414576
v 0.00371317 0.00593556 -0.02246683
v 0.00406724 0.00569688 -0.02430359
v 0.00408105 0.00568696 -0.02399998
v 0.00446827 0.00538860 -0.02351705
v 0.00406427 0.00569900 -0.02366539
v 0.00398159 0.00575733 -0.02318433
v 0.00383184 0.00585881 -0.02272569
v -0.00209527 0.00688201 -0.02223457
v -0.00233608 0.00681840 -0.02271122
v -0.00250520 0.00676855 -0.02323470
v -0.00039682 0.00709930 -0.02085391
v 0.00009747 0.00708935 -0.02071362
v 0.00060018 0.00704564 -0.02065110
v 0.00067932 0.00703564 -0.02064845
v -0.00047352 0.00709792 -0.02088305
v -0.00090947 0.00707516 -0.02109055
v -0.00134910 0.00702626 -0.02138725
v -0.00175050 0.00695842 -0.02176818
v 0.00119002 0.00695031 -0.02067809
v 0.00168275 0.00683294 -0.02078437
v 0.00209258 0.00670788 -0.02093442
v 0.00339095 0.00612855 -0.02194998
v 0.00304073 0.00631454 -0.02156023
v 0.00259960 0.00651652 -0.02121104
v 0.00218011 0.00667781 -0.02097443
v 0.00424277 0.00279992 -0.02536366
v 0.00449667 0.00279992 -0.02414575
v 0.00360440 0.00279992 -0.02643147
v 0.00265181 0.00279992 -0.02723167
v 0.00148985 0.00279992 -0.02767619
v 0.00024640 0.00279992 -0.02771609
v -0.00094168 0.00279992 -0.02734701
v -0.00194361 0.00279992 -0.02660953
v -0.00586095 0.00274947 -0.01857891
v -0.00608668 0.00232633 -0.01810591
v -0.00605964 0.00249007 -0.01816149
v -0.00600403 0.00263149 -0.01827692
v -0.00593637 0.00271630 -0.01841982
v -0.00540054 0.00271186 -0.01840870
v -0.00540054 0.00260347 -0.01824648
v -0.00540054 0.00244126 -0.01813810
v -0.00383095 0.00271186 -0.01779304
v -0.00429697 0.00271186 -0.01812785
v -0.00483117 0.00271186 -0.01833738
v -0.00487117 0.00260347 -0.01818018
v -0.00489790 0.00244126 -0.01807514
v -0.00442632 0.00244126 -0.01789017
v -0.00437451 0.00260347 -0.01798537
v -0.00394124 0.00260347 -0.01767409
v -0.00401493 0.00244126 -0.01759460
v -0.00336093 0.00271186 -0.01760868
v -0.00361338 0.00271186 -0.01765643
v -0.00367261 0.00260347 -0.01750541
v -0.00371219 0.00244126 -0.01740451
v -0.00336093 0.00260347 -0.01744648
v -0.00336093 0.00244126 -0.01733809
v 0.00018226 0.00249992 -0.01736698
v 0.00009635 0.00232891 -0.01730636
v 0.00011242 0.00238123 -0.01731761
v 0.00338702 0.00249992 -0.01736696
v 0.00338702 0.00260347 -0.01744642
v 0.00338702 0.00263159 -0.01747698
v 0.00338702 0.00271941 -0.01762799
v 0.00378340 0.00268293 -0.01764806
v 0.00386874 0.00249992 -0.01748615
v 0.00363514 0.00249992 -0.01739721
v 0.00357245 0.00271941 -0.01765058
v 0.00360872 0.00263159 -0.01750400
v 0.00036126 0.00289992 -0.02255112
v -0.00000051 0.00289992 -0.02270096
v -0.00031117 0.00289992 -0.02293935
v -0.00054954 0.00289992 -0.02325002
v -0.00069939 0.00289992 -0.02361178
v -0.00075050 0.00289992 -0.02400002
v -0.00069939 0.00289992 -0.02438824
v -0.00054953 0.00289992 -0.02475001
v -0.00031115 0.00289992 -0.02506067
v -0.00000049 0.00289992 -0.02529905
v 0.00036128 0.00289992 -0.02544890
v 0.00074951 0.00289992 -0.02549999
v 0.00113774 0.00289992 -0.02544888
v 0.00149951 0.00289992 -0.02529904
v 0.00181017 0.00289992 -0.02506065
v 0.00204854 0.00289992 -0.02474998
v 0.00219839 0.00289992 -0.02438822
v 0.00224950 0.00289992 -0.02399998
v 0.00219839 0.00289992 -0.02361177
v 0.00204853 0.00289992 -0.02324999
v 0.00181015 0.00289992 -0.02293933
v 0.00149949 0.00289992 -0.02270095
v 0.00113772 0.00289992 -0.02255110
v 0.00074949 0.00289992 -0.02249999
v 0.00353892 0.00593905 -0.02233217
v 0.00374098 0.00581602 -0.02272975
v 0.00376788 0.00579865 -0.02279505
v 0.00331993 0.00606133 -0.02201118
v 0.00323885 0.00610463 -0.02191059
v 0.00296320 0.00624468 -0.02162050
v 0.00254104 0.00643595 -0.02128839
v 0.00237519 0.00650273 -0.02118582
v 0.00203722 0.00662418 -0.02101600
v 0.00155821 0.00676401 -0.02085223
v 0.00018818 0.00698300 -0.02079885
v 0.00049060 0.00695554 -0.02076032
v 0.00099780 0.00688342 -0.02075950
v 0.00105765 0.00687274 -0.02076464
v 0.00131466 0.00682137 -0.02079951
v -0.00000953 0.00699444 -0.02083988
v -0.00007408 0.00699701 -0.02085608
v -0.00055724 0.00699710 -0.02102428
v -0.00087566 0.00697824 -0.02118552
v -0.00100755 0.00696613 -0.02126591
v -0.00142670 0.00691213 -0.02158616
v -0.00176465 0.00685286 -0.02194051
v -0.00206549 0.00678922 -0.02237570
v -0.00223960 0.00674743 -0.02272417
v -0.00230348 0.00673067 -0.02288563
v -0.00244186 0.00668927 -0.02338540
v -0.00249884 0.00666981 -0.02389613
v -0.00250033 0.00666935 -0.02396720
v -0.00246387 0.00668198 -0.02448653
v -0.00233898 0.00671814 -0.02501183
v -0.00230445 0.00672725 -0.02511171
v -0.00213459 0.00677030 -0.02549818
v -0.00174019 0.00685950 -0.02608900
v -0.00185523 0.00683604 -0.02594368
v -0.00192250 0.00682123 -0.02585012
v -0.00149979 0.00690167 -0.02634589
v -0.00109692 0.00695692 -0.02667455
v -0.00087567 0.00697867 -0.02681449
v -0.00065162 0.00699355 -0.02693247
v -0.00059895 0.00699596 -0.02695705
v -0.00011888 0.00699904 -0.02713184
v 0.00018769 0.00698369 -0.02720107
v 0.00037821 0.00696778 -0.02722872
v 0.00043664 0.00696195 -0.02723491
v 0.00094843 0.00689235 -0.02724391
v 0.00131439 0.00682165 -0.02720053
v 0.00142743 0.00679605 -0.02717851
v 0.00190466 0.00666643 -0.02703778
v 0.00276073 0.00633963 -0.02655293
v 0.00237664 0.00650176 -0.02681335
v 0.00374210 0.00581517 -0.02526761
v 0.00350620 0.00595767 -0.02572136
v 0.00346289 0.00598224 -0.02578886
v 0.00323879 0.00610425 -0.02608947
v 0.00314332 0.00615396 -0.02619822
v 0.00376564 0.00579997 -0.02521054
v 0.00380327 0.00577545 -0.02511219
v 0.00390924 0.00570599 -0.02476062
v 0.00397627 0.00566109 -0.02438785
v 0.00399950 0.00564484 -0.02399997
v 0.00398457 0.00565539 -0.02368886
v 0.00390727 0.00570740 -0.02323122
v 0.00380328 0.00577558 -0.02288782
v 0.00149949 0.00309992 -0.02270095
v 0.00074949 0.00309992 -0.02250000
v 0.00204854 0.00309992 -0.02324999
v 0.00224950 0.00309992 -0.02399999
v 0.00204854 0.00309992 -0.02474999
v 0.00149951 0.00309992 -0.02529903
v 0.00074951 0.00309992 -0.02550000
v -0.00000049 0.00309992 -0.02529905
v -0.00075050 0.00309992 -0.02400000
v -0.00054953 0.00309992 -0.02475000
v -0.00054954 0.00309992 -0.02325000
v -0.00000051 0.00309992 -0.02270096
v -0.00087548 0.00489992 -0.02681459
v 0.00380349 0.00489992 -0.02288842
v 0.00399950 0.00489992 -0.02399998
v 0.00323913 0.00489992 -0.02191093
v 0.00237448 0.00489992 -0.02118540
v 0.00131384 0.00489992 -0.02079938
v 0.00018512 0.00489992 -0.02079938
v -0.00087552 0.00489992 -0.02118544
v -0.00174016 0.00489992 -0.02191095
v -0.00230451 0.00489992 -0.02288845
v -0.00250050 0.00489992 -0.02400002
v -0.00230449 0.00489992 -0.02511159
v -0.00174013 0.00489992 -0.02608908
v 0.00018516 0.00489992 -0.02720063
v 0.00131388 0.00489992 -0.02720063
v 0.00237452 0.00489992 -0.02681457
v 0.00380351 0.00489992 -0.02511154
v 0.00323916 0.00489992 -0.02608904
v 0.00142077 0.00489992 -0.02516266
v 0.00191216 0.00489992 -0.02467125
v 0.00209202 0.00489992 -0.02400000
v 0.00191215 0.00489992 -0.02332873
v 0.00142075 0.00489992 -0.02283734
v 0.00074949 0.00489992 -0.02265748
v 0.00007823 0.00489992 -0.02283735
v -0.00041316 0.00489992 -0.02332875
v -0.00059302 0.00489992 -0.02400001
v -0.00041315 0.00489992 -0.02467127
v 0.00007825 0.00489992 -0.02516266
v 0.00074951 0.00489992 -0.02534252
v -0.00424486 0.00114992 -0.00728539
v -0.00403596 0.00114992 -0.00749428
v -0.00375061 0.00114992 -0.00700003
v -0.00375061 0.00114992 -0.00757074
v -0.00346525 0.00114992 -0.00749427
v -0.00403597 0.00114992 -0.00650579
v -0.00424486 0.00114992 -0.00671468
v -0.00432132 0.00114992 -0.00700003
v -0.00325636 0.00114992 -0.00671467
v -0.00346526 0.00114992 -0.00650577
v -0.00375061 0.00114992 -0.00642932
v -0.00325636 0.00114992 -0.00728538
v -0.00317990 0.00114992 -0.00700003
v -0.00335061 0.00092063 -0.00769285
v -0.00305779 0.00092063 -0.00740002
v -0.00295061 0.00092063 -0.00700002
v -0.00305779 0.00092063 -0.00660003
v -0.00335061 0.00092063 -0.00630721
v -0.00375062 0.00092063 -0.00620003
v -0.00415061 0.00092063 -0.00630722
v -0.00444343 0.00092063 -0.00660003
v -0.00455061 0.00092063 -0.00700003
v -0.00444343 0.00092063 -0.00740003
v -0.00415061 0.00092063 -0.00769285
v -0.00375060 0.00092063 -0.00780003
v -0.00284938 -0.00017937 -0.01649721
v -0.00279225 -0.00040008 -0.01671039
v -0.00247555 -0.00017937 -0.01634236
v -0.00236519 -0.00040008 -0.01653350
v -0.00215453 -0.00017937 -0.01609603
v -0.00199847 -0.00040008 -0.01625209
v -0.00190821 -0.00017937 -0.01577502
v -0.00171707 -0.00040008 -0.01588538
v -0.00175337 -0.00017937 -0.01540118
v -0.00154018 -0.00040008 -0.01545830
v -0.00170056 -0.00017937 -0.01500002
v -0.00147985 -0.00040008 -0.01500001
v -0.00175337 -0.00017937 -0.01459884
v -0.00154019 -0.00040008 -0.01454172
v -0.00190822 -0.00017937 -0.01422501
v -0.00171708 -0.00040008 -0.01411465
v -0.00215455 -0.00017937 -0.01390400
v -0.00199848 -0.00040008 -0.01374793
v -0.00247557 -0.00017937 -0.01365768
v -0.00236521 -0.00040008 -0.01346654
v -0.00284940 -0.00017937 -0.01350284
v -0.00279227 -0.00040008 -0.01328964
v -0.00325057 -0.00017937 -0.01345003
v -0.00325057 -0.00040008 -0.01322931
v -0.00365174 -0.00017937 -0.01350284
v -0.00370886 -0.00040008 -0.01328965
v -0.00402557 -0.00017937 -0.01365770
v -0.00413592 -0.00040008 -0.01346655
v -0.00434658 -0.00017937 -0.01390401
v -0.00450265 -0.00040008 -0.01374795
v -0.00459290 -0.00017937 -0.01422504
v -0.00478404 -0.00040008 -0.01411468
v -0.00474775 -0.00017937 -0.01459886
v -0.00496094 -0.00040008 -0.01454174
v -0.00480056 -0.00017937 -0.01500004
v -0.00502127 -0.00040008 -0.01500004
v -0.00474774 -0.00017937 -0.01540120
v -0.00496093 -0.00040008 -0.01545833
v -0.00459289 -0.00017937 -0.01577503
v -0.00478403 -0.00040008 -0.01588539
v -0.00434657 -0.00017937 -0.01609605
v -0.00450263 -0.00040008 -0.01625211
v -0.00402555 -0.00017937 -0.01634238
v -0.00413590 -0.00040008 -0.01653352
v -0.00365172 -0.00017937 -0.01649721
v -0.00370884 -0.00040008 -0.01671040
v -0.00325055 -0.00017937 -0.01655003
v -0.00325055 -0.00040008 -0.01677073
v -0.00448093 0.00064992 -0.01428967
v -0.00467127 0.00064992 -0.01500003
v -0.00448092 0.00064992 -0.01571039
v -0.00396090 0.00064992 -0.01623040
v -0.00325055 0.00064992 -0.01642073
v -0.00254019 0.00064992 -0.01623039
v -0.00202018 0.00064992 -0.01571037
v -0.00182985 0.00064992 -0.01500002
v -0.00202019 0.00064992 -0.01428967
v -0.00254021 0.00064992 -0.01376965
v -0.00325057 0.00064992 -0.01357931
v -0.00396092 0.00064992 -0.01376965
v -0.00325055 0.00052063 -0.01655003
v -0.00402555 0.00052063 -0.01634238
v -0.00459289 0.00052063 -0.01577503
v -0.00480056 0.00052063 -0.01500004
v -0.00459290 0.00052063 -0.01422504
v -0.00402557 0.00052063 -0.01365769
v -0.00325057 0.00052063 -0.01345003
v -0.00247557 0.00052063 -0.01365768
v -0.00190822 0.00052063 -0.01422501
v -0.00170056 0.00052063 -0.01500002
v -0.00190821 0.00052063 -0.01577502
v -0.00247555 0.00052063 -0.01634236
v -0.00485056 0.00199992 -0.01500004
v -0.00464290 0.00199992 -0.01422504
v -0.00407557 0.00199992 -0.01365769
v -0.00330057 0.00199992 -0.01345003
v -0.00252557 0.00199992 -0.01365768
v -0.00195822 0.00199992 -0.01422501
v -0.00175056 0.00199992 -0.01500002
v -0.00195821 0.00199992 -0.01577502
v -0.00252555 0.00199992 -0.01634236
v -0.00330055 0.00199992 -0.01655003
v -0.00407555 0.00199992 -0.01634238
v -0.00464289 0.00199992 -0.01577503
v -0.00471845 0.00372255 -0.01562617
v -0.00473457 0.00368498 -0.01558870
v -0.00482498 0.00354249 -0.01528046
v -0.00407709 0.00467303 -0.01634148
v -0.00429415 0.00441709 -0.01618968
v -0.00453140 0.00407575 -0.01594211
v -0.00464199 0.00388097 -0.01577660
v -0.00398516 0.00476870 -0.01639064
v -0.00366038 0.00506112 -0.01650768
v -0.00252692 0.00566395 -0.01634315
v -0.00273173 0.00559718 -0.01644188
v -0.00306767 0.00544836 -0.01653243
v -0.00330055 0.00531637 -0.01655003
v -0.00242313 0.00569019 -0.01627777
v -0.00215374 0.00571156 -0.01604219
v -0.00180534 0.00563135 -0.01540732
v -0.00194273 0.00568982 -0.01574734
v -0.00195828 0.00569324 -0.01577485
v -0.00180306 0.00540875 -0.01460002
v -0.00194530 0.00533346 -0.01424774
v -0.00177931 0.00544323 -0.01470270
v -0.00175058 0.00553236 -0.01499963
v -0.00175193 0.00555001 -0.01506484
v -0.00252633 0.00510464 -0.01365717
v -0.00245515 0.00513297 -0.01370083
v -0.00216712 0.00524381 -0.01394271
v -0.00195822 0.00532778 -0.01422494
v -0.00345406 0.00464718 -0.01345752
v -0.00330216 0.00473606 -0.01344996
v -0.00312436 0.00483239 -0.01345997
v -0.00277741 0.00499882 -0.01354098
v -0.00440642 0.00393426 -0.01391391
v -0.00415488 0.00415006 -0.01370664
v -0.00407566 0.00421386 -0.01365774
v -0.00381165 0.00441215 -0.01353660
v -0.00485056 0.00348728 -0.01500048
v -0.00485044 0.00348606 -0.01498079
v -0.00482699 0.00350180 -0.01473076
v -0.00475134 0.00358812 -0.01445436
v -0.00465570 0.00370240 -0.01424763
v -0.00464284 0.00371467 -0.01422491
v -0.00461853 0.00373781 -0.01418422
v 0.00390772 0.00249992 -0.01750602
v 0.00392194 0.00254528 -0.01754565
v 0.00394693 0.00260877 -0.01761745
v 0.00398715 0.00268318 -0.01773982
v -0.00375060 -0.00025008 -0.00780002
v -0.00415061 -0.00025008 -0.00769286
v -0.00444343 -0.00025008 -0.00740004
v -0.00455061 -0.00025008 -0.00700004
v -0.00444343 -0.00025008 -0.00660003
v -0.00415061 -0.00025008 -0.00630721
v -0.00375061 -0.00025008 -0.00620002
v -0.00335061 -0.00025008 -0.00630720
v -0.00305779 -0.00025008 -0.00660002
v -0.00295061 -0.00025008 -0.00700002
v -0.00305779 -0.00025008 -0.00740002
v -0.00335060 -0.00025008 -0.00769285
v -0.00325060 -0.00045008 -0.00786605
v -0.00288458 -0.00045008 -0.00750002
v -0.00275061 -0.00045008 -0.00700002
v -0.00288459 -0.00045008 -0.00650003
v -0.00325061 -0.00045008 -0.00613400
v -0.00375062 -0.00045008 -0.00600003
v -0.00425061 -0.00045008 -0.00613401
v -0.00461664 -0.00045008 -0.00650003
v -0.00475061 -0.00045008 -0.00700003
v -0.00461663 -0.00045008 -0.00750003
v -0.00425060 -0.00045008 -0.00786606
v -0.00375060 -0.00045008 -0.00800002
v -0.00203289 -0.00045008 -0.00949325
v -0.00520711 -0.00045008 -0.00809214
v -0.00518632 0.00025868 -0.00810131
v -0.00359856 0.00369992 -0.00880215
v -0.00203150 0.00369992 -0.00949386
v -0.00418489 0.00316842 -0.00854335
v -0.00203155 0.00249992 -0.00949383
v -0.00513787 0.00071909 -0.00812269
v -0.00500687 0.00140565 -0.00818053
v -0.00462744 0.00246803 -0.00834801
v -0.00701980 -0.00050008 0.00101153
v -0.00650053 -0.00050008 0.00047703
v -0.00727204 -0.00050008 0.00124418
v -0.00763015 -0.00050008 0.00158154
v -0.00751610 -0.00050008 0.00147033
v -0.00777506 -0.00050008 0.00170651
v -0.00776757 -0.00050008 0.00170651
v -0.00432471 0.00510582 -0.00457835
v -0.00439144 0.00510374 -0.00428702
v -0.00444468 0.00463597 -0.00406172
v -0.00454818 0.00444438 -0.00364115
v -0.00467811 0.00505904 -0.00314648
v -0.00467907 0.00419001 -0.00314297
v -0.00423980 0.00499215 -0.00496103
v -0.00427250 0.00507256 -0.00481157
v -0.00429628 0.00509688 -0.00470376
v -0.00485507 0.00501321 -0.00266114
v -0.00607870 0.00503844 -0.00290567
v -0.00484659 0.00500897 -0.00262589
v -0.00618709 0.00491319 -0.00203682
v -0.00483819 0.00500463 -0.00259094
v -0.00546254 0.00456566 -0.00099579
v -0.00624369 0.00484460 -0.00174766
v -0.00555753 0.00446966 -0.00081599
v -0.00650210 0.00450640 -0.00088322
v -0.00556226 0.00446471 -0.00080736
v -0.00529296 0.00471969 -0.00135196
v -0.00513886 0.00483792 -0.00172063
v -0.00506084 0.00488937 -0.00192588
v -0.00583170 0.00416163 -0.00036203
v -0.00685719 0.00397274 -0.00013998
v -0.00604809 0.00389567 -0.00005779
v -0.00690340 0.00389689 -0.00005866
v -0.00615461 0.00376019 0.00007840
v -0.00775294 0.00197751 0.00127645
v -0.00730622 0.00197844 0.00127629
v -0.00722096 0.00216080 0.00119707
v -0.00738759 0.00297282 0.00072729
v -0.00692378 0.00268055 0.00091785
v -0.00675877 0.00293351 0.00075290
v -0.00652814 0.00326417 0.00050930
v -0.00799520 0.00091543 0.00158100
v -0.00810066 -0.00040008 0.00170995
v -0.00777884 -0.00040008 0.00170994
v -0.00771674 0.00038560 0.00165546
v -0.00760248 0.00104792 0.00155313
v -0.00744473 0.00161863 0.00140645
v -0.00602043 0.00510283 -0.00502928
v -0.00601792 0.00510567 -0.00467805
v -0.00476604 0.00503816 -0.00289647
v -0.00444338 0.00510301 -0.00502903
v -0.00458892 0.00508864 -0.00556969
v -0.00607055 0.00504808 -0.00627173
v -0.00490596 0.00499581 -0.00673316
v -0.00611673 0.00499538 -0.00673527
v -0.00496650 0.00496182 -0.00694101
v -0.00619157 0.00490668 -0.00720658
v -0.00523812 0.00473084 -0.00775037
v -0.00632694 0.00473619 -0.00774142
v -0.00640611 0.00462938 -0.00795925
v -0.00553775 0.00434790 -0.00837042
v -0.00660455 0.00434727 -0.00837252
v -0.00559030 0.00427192 -0.00845918
v -0.00673012 0.00416050 -0.00858209
v -0.00601769 0.00356634 -0.00913798
v -0.00689173 0.00390801 -0.00882956
v -0.00723325 0.00329467 -0.00935540
v -0.00628330 0.00301390 -0.00954772
v -0.00741629 0.00289573 -0.00962123
v -0.00633398 0.00289466 -0.00962056
v -0.00637944 0.00278310 -0.00968378
v -0.00757556 0.00249193 -0.00982768
v -0.00667381 0.00191377 -0.01001738
v -0.00773207 0.00202100 -0.00999081
v -0.00785017 0.00159154 -0.01008083
v -0.00689235 0.00092694 -0.01015036
v -0.00798090 0.00097564 -0.01014720
v -0.00806424 0.00036053 -0.01017036
v -0.00699465 -0.00040008 -0.01017503
v -0.00810059 -0.00040008 -0.01017505
v -0.00777706 -0.00045074 0.00170834
v -0.00603699 -0.00588536 -0.00568984
v -0.00605066 -0.00587016 -0.00597346
v -0.00485021 -0.00586912 -0.00597132
v -0.00652169 -0.00317285 -0.00987630
v -0.00639372 -0.00352618 -0.00971752
v -0.00748613 -0.00352637 -0.00971579
v -0.00553710 -0.00540727 -0.00800076
v -0.00642315 -0.00540608 -0.00800191
v -0.00561408 -0.00532772 -0.00813024
v -0.00663408 -0.00510426 -0.00842374
v -0.00588572 -0.00501624 -0.00852173
v -0.00672439 -0.00496929 -0.00857135
v -0.00740905 -0.00371315 -0.00961159
v -0.00736043 -0.00382449 -0.00954295
v -0.00619634 -0.00399598 -0.00942546
v -0.00712523 -0.00430448 -0.00919093
v -0.00564550 -0.00501548 -0.00852071
v -0.00567469 -0.00496850 -0.00857126
v -0.00589463 -0.00459408 -0.00894006
v -0.00703261 -0.00447169 -0.00904783
v -0.00605070 -0.00429974 -0.00919379
v -0.00617861 -0.00403467 -0.00939765
v -0.00698943 -0.00080136 -0.01017497
v -0.00801472 -0.00156220 -0.01015780
v -0.00756930 -0.00330877 -0.00981984
v -0.00772115 -0.00285684 -0.00997890
v -0.00669323 -0.00261024 -0.01003869
v -0.00779317 -0.00260975 -0.01003920
v -0.00679271 -0.00221140 -0.01010651
v -0.00795970 -0.00189161 -0.01013874
v -0.00691855 -0.00154032 -0.01016249
v -0.00695976 -0.00121115 -0.01017214
v -0.00499132 -0.00581096 -0.00662905
v -0.00614571 -0.00576225 -0.00694904
v -0.00521697 -0.00568316 -0.00730362
v -0.00618775 -0.00571207 -0.00719170
v -0.00539507 -0.00554137 -0.00772801
v -0.00623357 -0.00565557 -0.00740249
v -0.00633050 -0.00553093 -0.00774759
v -0.00471784 -0.00589628 -0.00536719
v -0.00442828 -0.00590108 -0.00411013
v -0.00604377 -0.00587768 -0.00344244
v -0.00459856 -0.00587683 -0.00342531
v -0.00605557 -0.00586470 -0.00322414
v -0.00470976 -0.00584888 -0.00301502
v -0.00614001 -0.00576880 -0.00233884
v -0.00495234 -0.00574936 -0.00222222
v -0.00620131 -0.00569663 -0.00195597
v -0.00550278 -0.00531464 -0.00089681
v -0.00649741 -0.00531329 -0.00089446
v -0.00544018 -0.00537729 -0.00101907
v -0.00633197 -0.00553414 -0.00139163
v -0.00518346 -0.00560102 -0.00159228
v -0.00504421 -0.00569674 -0.00195779
v -0.00555435 -0.00526101 -0.00080065
v -0.00569858 -0.00510276 -0.00055171
v -0.00663884 -0.00511091 -0.00056303
v -0.00598782 -0.00475999 -0.00012616
v -0.00684964 -0.00478524 -0.00015408
v -0.00628026 -0.00438902 0.00023766
v -0.00707002 -0.00440900 0.00021991
v -0.00635627 -0.00428924 0.00032492
v -0.00733569 -0.00388703 0.00064360
v -0.00665357 -0.00388353 0.00064641
v -0.00680473 -0.00366452 0.00079986
v -0.00739434 -0.00375769 0.00073625
v -0.00711030 -0.00316148 0.00109888
v -0.00775330 -0.00074925 0.00169358
v -0.00808053 -0.00097774 0.00167622
v -0.00805550 -0.00126245 0.00164635
v -0.00767290 -0.00145643 0.00162089
v -0.00801633 -0.00157582 0.00160249
v -0.00761237 -0.00178489 0.00156564
v -0.00798315 -0.00178674 0.00156544
v -0.00754256 -0.00207872 0.00150157
v -0.00785967 -0.00238307 0.00141772
v -0.00735526 -0.00264086 0.00133005
v -0.00776640 -0.00273263 0.00129419
v -0.00725031 -0.00288266 0.00123224
v -0.00772129 -0.00288322 0.00123148
v -0.00755735 -0.00336050 0.00099005
v -0.00809612 -0.00067691 0.00169810
v -0.00809976 -0.00052610 0.00170550
v -0.00436867 -0.00586866 -0.00436293
v -0.00439667 -0.00589578 -0.00424269
v -0.00444442 -0.00587864 -0.00463518
v -0.00465803 -0.00588811 -0.00538037
v -0.00475924 -0.00587387 -0.00579484
v -0.00771706 0.00206300 -0.00172320
v -0.00765948 0.00220972 -0.00242316
v -0.00758285 0.00219414 -0.00242208
v -0.00782202 -0.00256257 -0.00406819
v -0.00784513 -0.00223870 -0.00443868
v -0.00796393 -0.00206319 -0.00461473
v -0.00789673 -0.00204607 -0.00461297
v -0.00808850 -0.00142386 -0.00500184
v -0.00802421 -0.00141187 -0.00499496
v -0.00815704 -0.00070782 -0.00519263
v -0.00771100 -0.00287960 -0.00342964
v -0.00765972 -0.00280155 -0.00359547
v -0.00775094 -0.00254422 -0.00407082
v -0.00781228 -0.00259317 -0.00117833
v -0.00765936 -0.00280189 -0.00160414
v -0.00770079 -0.00290574 -0.00185101
v -0.00762572 -0.00288901 -0.00184774
v -0.00765757 -0.00301550 -0.00257304
v -0.00758087 -0.00299998 -0.00257298
v -0.00765871 -0.00301254 -0.00272871
v -0.00758205 -0.00299698 -0.00272950
v -0.00763629 -0.00286264 -0.00343302
v -0.00800528 -0.00153051 -0.00025849
v -0.00787749 -0.00212094 -0.00065064
v -0.00794513 -0.00213850 -0.00064959
v -0.00784537 -0.00223860 -0.00076145
v -0.00774087 -0.00257493 -0.00117567
v -0.00808488 -0.00085616 -0.00004064
v -0.00802690 -0.00139568 -0.00019794
v -0.00806996 -0.00154370 -0.00025243
v -0.00809600 -0.00014658 -0.00001241
v -0.00815882 -0.00014339 -0.00000237
v -0.00803101 0.00056427 -0.00018597
v -0.00809513 0.00057578 -0.00017883
v -0.00790665 0.00120583 -0.00055523
v -0.00797359 0.00122274 -0.00055312
v -0.00784513 0.00143846 -0.00076164
v -0.00783132 0.00173341 -0.00109056
v -0.00764255 0.00204595 -0.00171975
v -0.00765959 0.00200141 -0.00160478
v -0.00776052 0.00171504 -0.00108820
v -0.00777446 0.00190385 -0.00383527
v -0.00765914 0.00200167 -0.00359594
v -0.00767972 0.00215922 -0.00313889
v -0.00760386 0.00214303 -0.00314144
v -0.00758041 0.00220016 -0.00260030
v -0.00809416 -0.00070399 -0.00518265
v -0.00810063 -0.00040006 -0.00520005
v -0.00815526 -0.00006929 -0.00518899
v -0.00809236 -0.00007339 -0.00517908
v -0.00808906 0.00062128 -0.00500342
v -0.00802478 0.00060927 -0.00499645
v -0.00796991 0.00123744 -0.00463539
v -0.00790287 0.00122037 -0.00463329
v -0.00791128 0.00146507 -0.00442997
v -0.00784273 0.00144696 -0.00442994
v -0.00770187 0.00188587 -0.00383848
v -0.00821630 -0.00013846 0.00002742
v -0.00815341 0.00059432 -0.00015197
v -0.00803360 0.00125289 -0.00053204
v -0.00789372 0.00177179 -0.00107672
v -0.00778176 0.00210588 -0.00171606
v -0.00772551 0.00225426 -0.00242186
v -0.00774527 0.00220320 -0.00314304
v -0.00783797 0.00194461 -0.00384595
v -0.00797228 0.00149922 -0.00444786
v -0.00802999 0.00126779 -0.00465619
v -0.00814744 0.00064063 -0.00502992
v -0.00821279 -0.00006294 -0.00521858
v -0.00821456 -0.00071372 -0.00522231
v -0.00814688 -0.00144328 -0.00502837
v -0.00802411 -0.00209402 -0.00463530
v -0.00788459 -0.00260138 -0.00408152
v -0.00777583 -0.00292269 -0.00343636
v -0.00772476 -0.00305711 -0.00272965
v -0.00772365 -0.00306010 -0.00257282
v -0.00776584 -0.00294913 -0.00184508
v -0.00787506 -0.00263239 -0.00116548
v -0.00800558 -0.00217062 -0.00062993
v -0.00825596 -0.00013322 0.00006680
v -0.00819298 0.00061440 -0.00011500
v -0.00807302 0.00128674 -0.00050035
v -0.00793299 0.00181705 -0.00105293
v -0.00782093 0.00215890 -0.00170203
v -0.00776463 0.00231088 -0.00241898
v -0.00778441 0.00225856 -0.00315169
v -0.00787719 0.00199384 -0.00386554
v -0.00801163 0.00153839 -0.00447639
v -0.00806940 0.00130193 -0.00468769
v -0.00818700 0.00066164 -0.00506662
v -0.00825244 -0.00005618 -0.00525784
v -0.00825421 -0.00072000 -0.00526162
v -0.00818644 -0.00146436 -0.00506506
v -0.00806351 -0.00212875 -0.00466654
v -0.00792385 -0.00264731 -0.00410471
v -0.00781500 -0.00297610 -0.00344965
v -0.00776388 -0.00311380 -0.00273174
v -0.00776278 -0.00311687 -0.00257240
v -0.00780500 -0.00300318 -0.00183307
v -0.00791432 -0.00267903 -0.00114304
v -0.00804497 -0.00220699 -0.00059961
v -0.00828585 -0.00012658 0.00012392
v -0.00822164 0.00064001 -0.00006051
v -0.00809913 0.00133062 -0.00045205
v -0.00795576 0.00187699 -0.00101507
v -0.00784067 0.00223055 -0.00167885
v -0.00778268 0.00238827 -0.00241411
v -0.00780306 0.00233393 -0.00316622
v -0.00789848 0.00205969 -0.00389732
v -0.00803633 0.00158965 -0.00452071
v -0.00809542 0.00134627 -0.00473582
v -0.00821552 0.00068851 -0.00512084
v -0.00828226 -0.00004761 -0.00531486
v -0.00828406 -0.00072798 -0.00531865
v -0.00821496 -0.00149128 -0.00511925
v -0.00808939 -0.00217385 -0.00471426
v -0.00794639 -0.00270822 -0.00414171
v -0.00783456 -0.00304835 -0.00347164
v -0.00778190 -0.00319128 -0.00273529
v -0.00778076 -0.00319447 -0.00257171
v -0.00782427 -0.00307644 -0.00181306
v -0.00793658 -0.00274104 -0.00110712
v -0.00807045 -0.00225432 -0.00055305
v -0.00807177 -0.00230083 -0.00050069
v -0.00793164 -0.00280229 -0.00106610
v -0.00781354 -0.00314919 -0.00178987
v -0.00776754 -0.00327176 -0.00257091
v -0.00776875 -0.00326845 -0.00273946
v -0.00782438 -0.00312007 -0.00349710
v -0.00794198 -0.00276835 -0.00418396
v -0.00809150 -0.00221814 -0.00476782
v -0.00822225 -0.00151764 -0.00517919
v -0.00829400 -0.00073576 -0.00538130
v -0.00830063 -0.00040002 -0.00540006
v -0.00812523 -0.00206702 -0.00031955
v -0.00819627 -0.00161912 -0.00013748
v -0.00816813 -0.00158891 -0.00019081
v -0.00812859 -0.00156532 -0.00022676
v -0.00820283 -0.00164868 -0.00007836
v -0.00827484 -0.00089214 0.00009388
v -0.00824515 -0.00088017 0.00003716
v -0.00820551 -0.00087072 -0.00000185
v -0.00814790 -0.00086188 -0.00003112
v -0.00810049 -0.00039970 -0.00000025
v -0.00828448 -0.00090384 0.00015623
v -0.00830049 -0.00040106 0.00019972
v -0.00829589 -0.00012008 0.00018664
v -0.00822923 0.00066508 -0.00000027
v -0.00810167 0.00137371 -0.00039795
v -0.00795180 0.00193615 -0.00097191
v -0.00783081 0.00230165 -0.00165204
v -0.00776957 0.00246534 -0.00240839
v -0.00779112 0.00240888 -0.00318308
v -0.00789165 0.00212484 -0.00393374
v -0.00803612 0.00164004 -0.00457070
v -0.00809780 0.00138976 -0.00478969
v -0.00822284 0.00071479 -0.00518078
v -0.00829215 -0.00003924 -0.00537746
v -0.00812725 0.00125615 -0.00992731
v -0.00812687 0.00125813 0.00131111
v -0.00821131 0.00079487 0.00140392
v -0.00825582 0.00044837 0.00145175
v -0.00830066 -0.00040009 0.00150987
v -0.00830053 -0.00044484 0.00150846
v -0.00829600 -0.00067230 0.00149838
v -0.00829973 -0.00052072 0.00150565
v -0.00821417 -0.00157329 0.00140507
v -0.00828001 -0.00097454 0.00147697
v -0.00757404 -0.00373140 0.00056883
v -0.00794408 -0.00276177 0.00109073
v -0.00795783 -0.00271683 0.00110838
v -0.00812653 -0.00206009 0.00131070
v -0.00819038 -0.00172367 0.00137995
v -0.00761182 -0.00364772 -0.00946583
v -0.00776072 -0.00328918 -0.00964164
v -0.00794564 -0.00275612 -0.00981402
v -0.00669523 -0.00520731 -0.00089915
v -0.00707794 -0.00465075 -0.00018897
v -0.00738130 -0.00412353 -0.00479372
v -0.00711990 -0.00458310 -0.00012161
v -0.00630740 -0.00568389 -0.00698420
v -0.00627515 -0.00572039 -0.00677839
v -0.00652581 -0.00542471 -0.00665295
v -0.00620713 -0.00579570 -0.00609895
v -0.00616579 -0.00584066 -0.00492147
v -0.00685651 -0.00498505 -0.00838444
v -0.00680747 -0.00505427 -0.00831001
v -0.00650456 -0.00545104 -0.00772042
v -0.00638570 -0.00559348 -0.00734625
v -0.00616693 -0.00583942 -0.00425583
v -0.00624965 -0.00574879 -0.00268801
v -0.00633873 -0.00564817 -0.00207204
v -0.00740046 -0.00408682 -0.00918081
v -0.00641277 -0.00556165 -0.00172747
v -0.00818902 0.00093443 -0.00995146
v -0.00830059 -0.00040008 -0.00997504
v -0.00827537 -0.00103466 -0.00997068
v -0.00812767 -0.00205502 -0.00992726
v -0.00807506 -0.00228682 -0.00990073
v -0.00763655 0.00279163 -0.00949645
v -0.00795174 0.00193508 -0.00982078
v -0.00761199 0.00284833 0.00062622
v -0.00805053 0.00158284 0.00122288
v -0.00795196 0.00193420 0.00110194
v -0.00773230 0.00256220 0.00080263
v -0.00760405 0.00286489 -0.00446522
v -0.00680571 0.00425656 -0.00830787
v -0.00724792 0.00356675 -0.00895956
v -0.00753624 0.00301271 -0.00936726
v -0.00757137 0.00293825 0.00056567
v -0.00722181 0.00361131 0.00003827
v -0.00677861 0.00429452 -0.00072387
v -0.00647007 0.00469280 -0.00151587
v -0.00651555 0.00463724 -0.00577408
v -0.00628124 0.00491340 -0.00243169
v -0.00620318 0.00499992 -0.00324029
v -0.00629465 0.00489816 -0.00690234
v -0.00638385 0.00479558 -0.00733926
v -0.00648594 0.00467362 -0.00767553
v -0.00618800 0.00501653 -0.00351491
v -0.00618551 0.00501908 -0.00569391
v -0.00720064 0.00219992 -0.00260006
v -0.00720063 0.00200201 -0.00359502
v -0.00720063 0.00143839 -0.00443852
v -0.00720064 0.00200201 -0.00160507
v -0.00720065 0.00143840 -0.00076157
v -0.00720066 -0.00040008 -0.00000005
v -0.00720065 0.00059489 -0.00019796
v -0.00720065 -0.00139506 -0.00019797
v -0.00720065 -0.00223856 -0.00076157
v -0.00720064 -0.00280217 -0.00160507
v -0.00720064 -0.00300008 -0.00260005
v -0.00720063 -0.00280217 -0.00359502
v -0.00720063 -0.00223856 -0.00443854
v -0.00720062 -0.00139506 -0.00500213
v -0.00720062 -0.00040008 -0.00520004
v -0.00720062 0.00059490 -0.00500214
v -0.00797401 0.00139258 -0.01009377
v -0.00781851 0.00198243 -0.00998618
v -0.00826429 -0.00039988 -0.01008962
v -0.00828512 -0.00039993 -0.01005148
v -0.00819467 0.00080423 -0.01003431
v -0.00827782 -0.00039917 0.00160214
v -0.00824204 -0.00039888 0.00165122
v -0.00815182 0.00080819 0.00154237
v -0.00821522 -0.00039889 0.00167361
v -0.00817715 -0.00039909 0.00169443
v -0.00808818 0.00080542 0.00158544
v -0.00813550 -0.00039953 0.00170676
v -0.00828520 -0.00039931 0.00158631
v -0.00819481 0.00080446 0.00147863
v -0.00793163 0.00195498 0.00116835
v -0.00754685 0.00296522 0.00062111
v -0.00708289 0.00382543 -0.00009147
v -0.00684315 0.00419103 -0.00050615
v -0.00661985 0.00449570 -0.00097747
v -0.00643757 0.00472371 -0.00150330
v -0.00630703 0.00487715 -0.00206608
v -0.00617222 0.00502728 -0.00323654
v -0.00613442 0.00506808 -0.00441909
v -0.00635301 0.00482387 -0.00735519
v -0.00624374 0.00494859 -0.00678025
v -0.00615081 0.00505033 -0.00560179
v -0.00653129 0.00460796 -0.00788858
v -0.00677437 0.00428687 -0.00834328
v -0.00703358 0.00390400 -0.00873040
v -0.00751208 0.00303766 -0.00942400
v -0.00807904 0.00140359 -0.00998680
v -0.00792096 0.00198737 -0.00988220
v -0.00772906 0.00253585 -0.00969535
v -0.00829742 -0.00040001 -0.01000985
v -0.00819284 -0.00039987 -0.01015220
v -0.00808786 0.00079229 -0.01014231
v -0.00616737 0.00498161 -0.00679563
v -0.00627505 0.00485574 -0.00738389
v -0.00645060 0.00463426 -0.00793757
v -0.00668988 0.00430468 -0.00841167
v -0.00694522 0.00391976 -0.00880629
v -0.00741641 0.00304962 -0.00951289
v -0.00762979 0.00253957 -0.00979303
v -0.00824196 -0.00039985 -0.01011638
v -0.00815192 0.00080031 -0.01009909
v -0.00803659 0.00140167 -0.01005051
v -0.00787880 0.00199011 -0.00994337
v -0.00768722 0.00254408 -0.00975187
v -0.00747070 0.00305049 -0.00947445
v -0.00699397 0.00391843 -0.00877229
v -0.00673586 0.00430189 -0.00838050
v -0.00649370 0.00462634 -0.00791477
v -0.00631617 0.00484429 -0.00737033
v -0.00620744 0.00496922 -0.00678833
v -0.00611499 0.00507060 -0.00560395
v -0.00609869 0.00508827 -0.00441868
v -0.00613629 0.00504769 -0.00323297
v -0.00627039 0.00489793 -0.00205509
v -0.00640029 0.00474427 -0.00148572
v -0.00658176 0.00451516 -0.00095156
v -0.00680415 0.00420869 -0.00047193
v -0.00704292 0.00384186 -0.00005108
v -0.00750521 0.00298011 0.00067049
v -0.00788902 0.00196542 0.00122608
v -0.00782936 0.00196403 0.00126731
v -0.00745076 0.00298112 0.00070826
v -0.00699393 0.00384517 -0.00001814
v -0.00675784 0.00421425 -0.00044312
v -0.00653795 0.00452391 -0.00092903
v -0.00635840 0.00475540 -0.00147011
v -0.00622976 0.00491011 -0.00204520
v -0.00609684 0.00506019 -0.00322970
v -0.00605955 0.00510070 -0.00441831
v -0.00607572 0.00508306 -0.00560593
v -0.00677926 -0.00508041 -0.00835054
v -0.00653518 -0.00540341 -0.00789721
v -0.00819720 -0.00158437 -0.01003452
v -0.00815358 -0.00158052 -0.01009881
v -0.00824053 -0.00052577 0.00164688
v -0.00828539 -0.00044741 0.00158531
v -0.00813846 -0.00052655 0.00170220
v -0.00817591 -0.00052664 0.00169064
v -0.00817218 -0.00067866 0.00168317
v -0.00815624 -0.00098186 0.00166108
v -0.00809064 -0.00158426 0.00158655
v -0.00783494 -0.00274576 0.00127510
v -0.00745515 -0.00377030 0.00071443
v -0.00654056 -0.00532036 -0.00092076
v -0.00676124 -0.00500896 -0.00043498
v -0.00699918 -0.00463655 -0.00000903
v -0.00609650 -0.00586065 -0.00322693
v -0.00623014 -0.00570976 -0.00203943
v -0.00635975 -0.00555374 -0.00146284
v -0.00616745 -0.00578172 -0.00680248
v -0.00607479 -0.00588432 -0.00560951
v -0.00605922 -0.00590101 -0.00441872
v -0.00627657 -0.00565376 -0.00739119
v -0.00645414 -0.00542944 -0.00794709
v -0.00694976 -0.00471235 -0.00881468
v -0.00669437 -0.00509809 -0.00841922
v -0.00742120 -0.00383888 -0.00952086
v -0.00763471 -0.00332540 -0.00979932
v -0.00782432 -0.00276256 -0.00998984
v -0.00797886 -0.00217146 -0.01009686
v -0.00808979 -0.00157280 -0.01014263
v -0.00630767 -0.00567666 -0.00206045
v -0.00643921 -0.00552201 -0.00149627
v -0.00819788 -0.00158295 0.00147992
v -0.00826456 -0.00098016 0.00155330
v -0.00828076 -0.00067618 0.00157508
v -0.00828456 -0.00052373 0.00158246
v -0.00793783 -0.00273740 0.00117553
v -0.00755171 -0.00375397 0.00062749
v -0.00708858 -0.00461730 -0.00008295
v -0.00684691 -0.00498570 -0.00049823
v -0.00662278 -0.00529213 -0.00096952
v -0.00808453 -0.00218299 -0.00998957
v -0.00703854 -0.00469642 -0.00873862
v -0.00751737 -0.00382689 -0.00943166
v -0.00773453 -0.00332200 -0.00970123
v -0.00792740 -0.00276832 -0.00988554
v -0.00804131 -0.00218057 -0.01005306
v -0.00788457 -0.00277033 -0.00994657
v -0.00769211 -0.00332981 -0.00975769
v -0.00747551 -0.00383952 -0.00948208
v -0.00699858 -0.00471078 -0.00878048
v -0.00674046 -0.00509525 -0.00838785
v -0.00649736 -0.00542160 -0.00792383
v -0.00631779 -0.00564228 -0.00737752
v -0.00620760 -0.00576918 -0.00679506
v -0.00823674 -0.00067836 0.00163942
v -0.00822057 -0.00098264 0.00161739
v -0.00815406 -0.00158664 0.00154305
v -0.00789459 -0.00274723 0.00123331
v -0.00750958 -0.00376883 0.00067654
v -0.00704830 -0.00463333 -0.00004232
v -0.00680764 -0.00500326 -0.00046397
v -0.00658447 -0.00531151 -0.00094347
v -0.00640174 -0.00554253 -0.00147861
v -0.00627086 -0.00569746 -0.00204941
v -0.00613603 -0.00584806 -0.00323023
v -0.00617212 -0.00582766 -0.00323383
v -0.00609844 -0.00588852 -0.00441908
v -0.00613432 -0.00586835 -0.00441948
v -0.00611414 -0.00587175 -0.00560762
v -0.00615011 -0.00585144 -0.00560555
v -0.00720063 -0.00040008 -0.00385005
v -0.00680063 -0.00040008 -0.00385005
v -0.00720063 0.00022492 -0.00368259
v -0.00680063 0.00022492 -0.00368258
v -0.00720063 0.00068245 -0.00322506
v -0.00680063 0.00068245 -0.00322505
v -0.00720064 0.00084992 -0.00260005
v -0.00680064 0.00084992 -0.00260004
v -0.00720064 0.00068245 -0.00197505
v -0.00680064 0.00068245 -0.00197505
v -0.00720065 0.00022492 -0.00151753
v -0.00680065 0.00022492 -0.00151752
v -0.00720065 -0.00040008 -0.00135006
v -0.00680065 -0.00040008 -0.00135005
v -0.00720064 -0.00102508 -0.00151752
v -0.00680064 -0.00102508 -0.00151752
v -0.00720064 -0.00148261 -0.00197505
v -0.00680064 -0.00148261 -0.00197505
v -0.00720064 -0.00165008 -0.00260005
v -0.00680064 -0.00165008 -0.00260004
v -0.00720063 -0.00148262 -0.00322505
v -0.00680063 -0.00148261 -0.00322505
v -0.00720063 -0.00102508 -0.00368259
v -0.00680063 -0.00102508 -0.00368258
v -0.00680063 -0.00190008 -0.00333319
v -0.00680065 -0.00178550 -0.00153088
v -0.00680064 -0.00187065 -0.00168939
v -0.00680064 -0.00190008 -0.00186690
v -0.00680063 -0.00187065 -0.00351071
v -0.00680063 -0.00178550 -0.00366921
v -0.00680063 -0.00153615 -0.00393116
v -0.00680065 -0.00083481 -0.00090490
v -0.00680065 -0.00153614 -0.00126894
v -0.00680063 -0.00083481 -0.00429520
v -0.00680063 -0.00004484 -0.00431362
v -0.00680063 0.00067270 -0.00398267
v -0.00680063 0.00117152 -0.00336984
v -0.00680064 0.00134992 -0.00260006
v -0.00680064 0.00117152 -0.00183026
v -0.00680065 0.00067270 -0.00121743
v -0.00680065 -0.00004484 -0.00088649
v -0.00660443 0.00111513 -0.00907011
v -0.00656429 0.00131244 -0.00904088
v -0.00653174 0.00145383 -0.00901641
v -0.00651924 0.00150944 -0.00900681
v -0.00659142 0.00116038 -0.00906237
v -0.00664114 0.00086402 -0.00910081
v -0.00666966 0.00072171 -0.00911762
v -0.00671015 0.00026474 -0.00915418
v -0.00674151 -0.00007666 -0.00917021
v -0.00673437 -0.00076438 -0.00916889
v -0.00631758 0.00207182 -0.00789369
v -0.00613047 0.00259567 -0.00775924
v -0.00623234 0.00233755 -0.00782892
v -0.00613809 0.00259874 -0.00775837
v -0.00649716 -0.00057213 -0.00838697
v -0.00647371 0.00022731 -0.00836844
v -0.00647511 0.00022527 -0.00833087
v -0.00606552 0.00229643 -0.00794880
v -0.00602062 0.00246467 -0.00787622
v -0.00603151 0.00249781 -0.00783991
v -0.00608041 0.00256407 -0.00777804
v -0.00642156 0.00143142 -0.00803243
v -0.00636195 0.00142438 -0.00806948
v -0.00640002 0.00178357 -0.00795556
v -0.00648080 0.00144224 -0.00801827
v -0.00655886 0.00103875 -0.00807915
v -0.00665125 0.00029184 -0.00815298
v -0.00660285 0.00022565 -0.00816934
v -0.00667648 -0.00047738 -0.00817593
v -0.00665340 -0.00099479 -0.00816019
v -0.00660810 -0.00099239 -0.00817174
v -0.00663409 -0.00121380 -0.00814608
v -0.00651447 -0.00202110 -0.00805637
v -0.00644528 -0.00217796 -0.00804188
v -0.00605033 -0.00317120 -0.00801359
v -0.00605191 -0.00316689 -0.00801912
v -0.00631663 -0.00218331 -0.00823579
v -0.00638523 -0.00217172 -0.00807912
v -0.00608008 -0.00335702 -0.00779570
v -0.00630919 -0.00285619 -0.00789993
v -0.00612747 -0.00339885 -0.00776154
v -0.00643742 0.00059575 -0.00833925
v -0.00629297 0.00143527 -0.00822508
v -0.00629582 0.00142982 -0.00818899
v -0.00612367 0.00206720 -0.00809458
v -0.00612191 0.00207229 -0.00808206
v -0.00611269 0.00210769 -0.00804880
v -0.00631935 0.00142388 -0.00812274
v -0.00654596 -0.00099028 -0.00820930
v -0.00650258 -0.00099039 -0.00826452
v -0.00634250 -0.00217173 -0.00813273
v -0.00648036 -0.00099267 -0.00833368
v -0.00631920 -0.00217789 -0.00819946
v -0.00605982 -0.00332615 -0.00782637
v -0.00604035 -0.00326542 -0.00789500
v -0.00647907 -0.00099463 -0.00837133
v -0.00649305 -0.00072400 -0.00838335
v -0.00649745 0.00022301 -0.00826189
v -0.00654082 0.00022313 -0.00820682
v -0.00609488 -0.00335169 -0.00825759
v -0.00614721 -0.00339895 -0.00825559
v -0.00616505 -0.00339926 -0.00874985
v -0.00606068 -0.00328550 -0.00825919
v -0.00605331 -0.00321123 -0.00825969
v -0.00606999 -0.00325025 -0.00866796
v -0.00607673 -0.00316681 -0.00860655
v -0.00606234 -0.00316683 -0.00825944
v -0.00610352 -0.00333891 -0.00872360
v -0.00607722 -0.00328385 -0.00869079
v -0.00603966 0.00247606 -0.00826247
v -0.00610758 0.00255559 -0.00874641
v -0.00617498 0.00259901 -0.00875757
v -0.00615783 0.00259882 -0.00825792
v -0.00604081 0.00247615 -0.00829177
v -0.00605993 0.00248696 -0.00871056
v -0.00605215 0.00250482 -0.00826196
v -0.00609770 0.00256226 -0.00826014
v -0.00630064 -0.00190008 -0.00186690
v -0.00630064 -0.00187065 -0.00168939
v -0.00630064 -0.00178550 -0.00153088
v -0.00638124 -0.00190008 -0.00333319
v -0.00640876 -0.00187026 -0.00351105
v -0.00644679 -0.00178550 -0.00366922
v -0.00605218 -0.00201397 -0.00164189
v -0.00606359 -0.00205449 -0.00188381
v -0.00608949 -0.00199308 -0.00188154
v -0.00605946 -0.00190052 -0.00142512
v -0.00607871 -0.00195678 -0.00166122
v -0.00613384 -0.00194341 -0.00187768
v -0.00612317 -0.00191062 -0.00167666
v -0.00619201 -0.00191127 -0.00187261
v -0.00618109 -0.00188077 -0.00168645
v -0.00625758 -0.00190008 -0.00186690
v -0.00624619 -0.00187036 -0.00168955
v -0.00608518 -0.00185265 -0.00146431
v -0.00612959 -0.00181487 -0.00149735
v -0.00618804 -0.00179165 -0.00152037
v -0.00625402 -0.00178550 -0.00153088
v -0.00630064 -0.00190008 -0.00236599
v -0.00625423 -0.00191169 -0.00260555
v -0.00632050 -0.00190008 -0.00259996
v -0.00619542 -0.00194446 -0.00261051
v -0.00615095 -0.00199506 -0.00261428
v -0.00612573 -0.00205773 -0.00261639
v -0.00631429 -0.00191194 -0.00333862
v -0.00625503 -0.00194536 -0.00334343
v -0.00621054 -0.00199688 -0.00334704
v -0.00618584 -0.00206051 -0.00334904
v -0.00621298 -0.00202162 -0.00359123
v -0.00625035 -0.00190937 -0.00380641
v -0.00627037 -0.00185547 -0.00376058
v -0.00623591 -0.00195974 -0.00356672
v -0.00631385 -0.00181334 -0.00371886
v -0.00627992 -0.00191003 -0.00354331
v -0.00637541 -0.00178897 -0.00368702
v -0.00634001 -0.00187898 -0.00352397
v -0.00634281 -0.00148645 -0.00421687
v -0.00640932 -0.00095671 -0.00447810
v -0.00642202 -0.00093462 -0.00440203
v -0.00613196 -0.00143640 -0.00106413
v -0.00660847 -0.00091105 -0.00427349
v -0.00654087 -0.00139662 -0.00403854
v -0.00646565 -0.00139667 -0.00405700
v -0.00661511 -0.00083491 -0.00429490
v -0.00653016 -0.00090986 -0.00429086
v -0.00663434 -0.00037427 -0.00434990
v -0.00655481 -0.00037400 -0.00436651
v -0.00662553 -0.00004464 -0.00431320
v -0.00653227 0.00015956 -0.00427495
v -0.00661057 0.00016032 -0.00425763
v -0.00654283 0.00064008 -0.00400727
v -0.00646777 0.00064035 -0.00402565
v -0.00644686 0.00101879 -0.00362465
v -0.00637598 0.00102254 -0.00364233
v -0.00639050 0.00117167 -0.00337011
v -0.00627978 0.00127090 -0.00315983
v -0.00634678 0.00126289 -0.00314627
v -0.00630064 0.00133027 -0.00286157
v -0.00620523 0.00136119 -0.00262073
v -0.00626969 0.00135046 -0.00261451
v -0.00623703 0.00127055 -0.00207701
v -0.00617311 0.00128080 -0.00207455
v -0.00623960 0.00117184 -0.00182991
v -0.00618792 0.00103582 -0.00157926
v -0.00625338 0.00102906 -0.00158897
v -0.00630065 0.00067270 -0.00121742
v -0.00623316 0.00065325 -0.00118652
v -0.00630065 0.00065960 -0.00120736
v -0.00627989 0.00017194 -0.00093144
v -0.00635165 0.00017204 -0.00094576
v -0.00630169 0.00065082 -0.00120003
v -0.00628309 -0.00090189 -0.00090935
v -0.00635988 -0.00083488 -0.00090493
v -0.00630119 -0.00036286 -0.00083583
v -0.00637458 -0.00036286 -0.00084985
v -0.00636554 -0.00004459 -0.00088616
v -0.00630065 -0.00143234 -0.00118692
v -0.00623677 -0.00139331 -0.00114398
v -0.00630582 -0.00139143 -0.00115792
v -0.00635525 -0.00090219 -0.00092370
v -0.00646441 -0.00091806 -0.00433602
v -0.00648835 -0.00037312 -0.00441321
v -0.00646652 0.00016934 -0.00431979
v -0.00640388 0.00065844 -0.00406520
v -0.00631455 0.00104755 -0.00367325
v -0.00622070 0.00130055 -0.00317916
v -0.00614770 0.00139240 -0.00262643
v -0.00611588 0.00131008 -0.00206606
v -0.00612968 0.00105998 -0.00155791
v -0.00617298 0.00067011 -0.00115515
v -0.00621771 0.00018067 -0.00089382
v -0.00623800 -0.00036215 -0.00079595
v -0.00622066 -0.00090925 -0.00087114
v -0.00617627 -0.00140886 -0.00111144
v -0.00642436 -0.00073949 -0.00453193
v -0.00644619 -0.00037199 -0.00448263
v -0.00642411 0.00018795 -0.00438522
v -0.00636091 0.00069156 -0.00412023
v -0.00627097 0.00109045 -0.00371341
v -0.00617667 0.00134828 -0.00320202
v -0.00610342 0.00144067 -0.00263105
v -0.00607147 0.00135528 -0.00205246
v -0.00608523 0.00109879 -0.00152717
v -0.00612864 0.00069925 -0.00110966
v -0.00617358 0.00019696 -0.00083776
v -0.00619403 -0.00036102 -0.00073555
v -0.00617658 -0.00092348 -0.00081400
v -0.00635873 -0.00144515 -0.00415330
v -0.00640166 -0.00141357 -0.00409715
v -0.00643314 -0.00050686 -0.00456017
v -0.00643477 -0.00037072 -0.00456311
v -0.00641138 0.00021242 -0.00446056
v -0.00634482 0.00073473 -0.00418239
v -0.00625067 0.00114543 -0.00375737
v -0.00615255 0.00140840 -0.00322570
v -0.00607682 0.00150076 -0.00263406
v -0.00604420 0.00141161 -0.00203518
v -0.00605915 0.00114795 -0.00149052
v -0.00610520 0.00073712 -0.00105571
v -0.00615306 0.00021864 -0.00077091
v -0.00610902 -0.00147236 -0.00100804
v -0.00615646 -0.00094254 -0.00074582
v -0.00617401 -0.00050468 -0.00066642
v -0.00617503 -0.00035953 -0.00066323
v -0.00630064 0.00134992 -0.00260005
v -0.00630064 0.00117152 -0.00183026
v -0.00630065 -0.00153614 -0.00126893
v 0.00360872 -0.00363175 -0.01750401
v 0.00363514 -0.00350008 -0.01739721
v 0.00386874 -0.00350008 -0.01748616
v 0.00338702 -0.00363175 -0.01747699
v 0.00338702 -0.00350008 -0.01736697
v 0.00381744 -0.00363175 -0.01758348
v 0.00374702 -0.00371957 -0.01771707
v 0.00357245 -0.00371957 -0.01765058
v 0.00366682 -0.00375008 -0.01786921
v 0.00353114 -0.00375008 -0.01781754
v 0.00338702 -0.00371957 -0.01762800
v 0.00338703 -0.00375008 -0.01779999
v -0.00571535 -0.00375008 -0.01870798
v -0.00568073 -0.00375008 -0.01860005
v -0.00540053 -0.00375008 -0.01860005
v 0.00428160 -0.00375008 -0.02364396
v 0.00417342 -0.00375008 -0.02306230
v 0.00407175 -0.00375008 -0.02188055
v 0.00397014 -0.00375008 -0.02250670
v 0.00334443 -0.00375008 -0.01836411
v 0.00417977 -0.00375008 -0.01855995
v 0.00334445 -0.00375008 -0.01836909
v 0.00423427 -0.00375008 -0.01961174
v 0.00334447 -0.00375008 -0.02091816
v 0.00405291 -0.00375008 -0.02064421
v 0.00342962 -0.00375008 -0.02148056
v 0.00367742 -0.00375008 -0.02199255
v -0.00370086 -0.00375008 -0.01793336
v -0.00183219 -0.00375008 -0.01991878
v -0.00407111 -0.00375008 -0.01821726
v -0.00267954 -0.00375008 -0.02308122
v -0.00448766 -0.00375008 -0.01842741
v 0.00334415 -0.00375008 -0.01835084
v 0.00334283 -0.00375008 -0.01831428
v 0.00407024 -0.00375008 -0.01802869
v 0.00333779 -0.00375008 -0.01821465
v 0.00311990 -0.00375008 -0.02684098
v 0.00207153 -0.00375008 -0.02745576
v 0.00246176 -0.00375008 -0.02710977
v 0.00436390 -0.00375008 -0.02479128
v 0.00391254 -0.00375008 -0.02591969
v 0.00401915 -0.00375008 -0.02538272
v -0.00354350 -0.00375008 -0.01783455
v -0.00336093 -0.00375008 -0.01780003
v -0.00183221 -0.00375008 -0.01780002
v 0.00333670 -0.00375008 -0.01819559
v 0.00333498 -0.00375008 -0.01816351
v 0.00088051 -0.00375008 -0.02769768
v 0.00134873 -0.00375008 -0.02749906
v 0.00192152 -0.00375008 -0.02735095
v 0.00295444 -0.00375008 -0.02678222
v 0.00338588 -0.00375008 -0.02637739
v 0.00374410 -0.00375008 -0.02590653
v 0.00420338 -0.00375008 -0.02482050
v 0.00429168 -0.00375008 -0.02423551
v 0.00442530 -0.00375008 -0.02357749
v 0.00429029 -0.00375008 -0.02292631
v -0.00269980 -0.00375008 -0.02483956
v -0.00251246 -0.00375008 -0.02540074
v -0.00260383 -0.00375008 -0.02556371
v -0.00032464 -0.00375008 -0.02754066
v 0.00016959 -0.00375008 -0.02750232
v 0.00075930 -0.00375008 -0.02754998
v -0.00226974 -0.00375008 -0.02613873
v -0.00141390 -0.00375008 -0.02700161
v -0.00094557 -0.00375008 -0.02711918
v -0.00040401 -0.00375008 -0.02735736
v 0.00333113 -0.00375008 -0.01806019
v 0.00333113 -0.00375008 -0.01779998
v -0.00279133 -0.00375008 -0.02425506
v -0.00493601 -0.00375008 -0.01855649
v -0.00575012 -0.00375008 -0.01881657
v -0.00223453 -0.00375008 -0.02592302
v -0.00187372 -0.00375008 -0.02639191
v -0.00144005 -0.00375008 -0.02679434
v 0.00333275 -0.00375008 -0.01811502
v -0.00278451 -0.00375008 -0.02366346
v 0.00433814 -0.00380008 -0.02291181
v 0.00412141 -0.00380008 -0.02187468
v 0.00410273 -0.00380008 -0.02064856
v 0.00419798 -0.00380008 -0.01998653
v -0.00179436 -0.00375751 -0.01991878
v -0.00178389 -0.00376348 -0.01993172
v -0.00176148 -0.00377937 -0.01991878
v -0.00176280 -0.00378052 -0.01993736
v -0.00175231 -0.00378992 -0.01991878
v -0.00174854 -0.00380008 -0.01994119
v -0.00173962 -0.00381225 -0.01991877
v -0.00174237 -0.00381330 -0.01994285
v -0.00173386 -0.00383190 -0.01991877
v -0.00173560 -0.00385008 -0.01994466
v -0.00142350 -0.00438890 -0.01864463
v -0.00127021 -0.00450445 -0.01801532
v -0.00125091 -0.00452016 -0.01802305
v -0.00122785 -0.00456438 -0.01803643
v -0.00122558 -0.00458988 -0.01804120
v -0.00149001 -0.00436491 -0.01902809
v -0.00155862 -0.00427582 -0.01928416
v -0.00156028 -0.00424494 -0.01927168
v -0.00167115 -0.00406872 -0.01970415
v -0.00166869 -0.00405227 -0.01968524
v -0.00143658 -0.00437666 -0.01869834
v -0.00142328 -0.00439249 -0.01870590
v -0.00141398 -0.00441109 -0.01871309
v -0.00123647 -0.00454059 -0.01803025
v -0.00170691 -0.00394855 -0.01983098
v -0.00166216 -0.00405903 -0.01962443
v -0.00157277 -0.00421694 -0.01925747
v -0.00153251 -0.00427142 -0.01909218
v 0.00324447 -0.00385008 -0.02091816
v 0.00324445 -0.00385008 -0.01836909
v 0.00325208 -0.00381181 -0.02091817
v 0.00325785 -0.00380008 -0.01836910
v 0.00330640 -0.00375760 -0.01836909
v 0.00330620 -0.00375769 -0.02091817
v 0.00329445 -0.00376348 -0.01836910
v 0.00329447 -0.00376348 -0.02091817
v 0.00327374 -0.00377937 -0.01836909
v 0.00327376 -0.00377937 -0.02091816
v 0.00325787 -0.00380008 -0.02091817
v 0.00339306 -0.00375769 -0.02149189
v 0.00364585 -0.00375769 -0.02201420
v 0.00363618 -0.00376348 -0.02202083
v 0.00336207 -0.00377937 -0.02150149
v 0.00334137 -0.00381181 -0.02150791
v 0.00333410 -0.00385008 -0.02151017
v 0.00361910 -0.00377937 -0.02203254
v 0.00360599 -0.00380008 -0.02204154
v 0.00360122 -0.00381181 -0.02204480
v 0.00359494 -0.00385008 -0.02204911
v 0.00389158 -0.00380008 -0.02254313
v 0.00392478 -0.00376348 -0.02252772
v 0.00412520 -0.00376348 -0.02307552
v 0.00423185 -0.00376348 -0.02364898
v 0.00424179 -0.00376348 -0.02423220
v 0.00415473 -0.00376348 -0.02480896
v 0.00397309 -0.00376348 -0.02536325
v 0.00370192 -0.00376348 -0.02587968
v 0.00334875 -0.00376348 -0.02634391
v 0.00292339 -0.00376348 -0.02674303
v 0.00243764 -0.00376348 -0.02706597
v 0.00190501 -0.00376348 -0.02730376
v 0.00134029 -0.00376348 -0.02744977
v 0.00075916 -0.00376348 -0.02749999
v 0.00017776 -0.00376348 -0.02745299
v -0.00038776 -0.00376348 -0.02731008
v -0.00092170 -0.00376348 -0.02707524
v -0.00140922 -0.00376348 -0.02675499
v -0.00183678 -0.00376348 -0.02635822
v -0.00219250 -0.00376348 -0.02589595
v -0.00246652 -0.00376348 -0.02538102
v -0.00265121 -0.00376348 -0.02482773
v -0.00274146 -0.00376348 -0.02425146
v -0.00273474 -0.00376348 -0.02366820
v -0.00263125 -0.00376348 -0.02309415
v 0.00408989 -0.00380008 -0.02308518
v 0.00419544 -0.00380008 -0.02365266
v 0.00420527 -0.00380008 -0.02422977
v 0.00411912 -0.00380008 -0.02480049
v 0.00393938 -0.00380008 -0.02534899
v 0.00367105 -0.00380008 -0.02586002
v 0.00332157 -0.00380008 -0.02631939
v 0.00290065 -0.00380008 -0.02671434
v 0.00241999 -0.00380008 -0.02703390
v 0.00189293 -0.00380008 -0.02726920
v 0.00133411 -0.00380008 -0.02741370
v 0.00075906 -0.00380008 -0.02746338
v 0.00018374 -0.00380008 -0.02741687
v -0.00037587 -0.00380008 -0.02727546
v -0.00090422 -0.00380008 -0.02704308
v -0.00138664 -0.00380008 -0.02672618
v -0.00180973 -0.00380008 -0.02633356
v -0.00216174 -0.00380008 -0.02587611
v -0.00243289 -0.00380008 -0.02536658
v -0.00261565 -0.00380008 -0.02481908
v -0.00270495 -0.00380008 -0.02424883
v -0.00269830 -0.00380008 -0.02367167
v -0.00259589 -0.00380008 -0.02310363
v 0.00387942 -0.00385008 -0.02254876
v 0.00407697 -0.00385008 -0.02308872
v 0.00418211 -0.00385008 -0.02365400
v 0.00419190 -0.00385008 -0.02422888
v 0.00410608 -0.00385008 -0.02479740
v 0.00392704 -0.00385008 -0.02534378
v 0.00365975 -0.00385008 -0.02585282
v 0.00331162 -0.00385008 -0.02631042
v 0.00289233 -0.00385008 -0.02670385
v 0.00241353 -0.00385008 -0.02702216
v 0.00188851 -0.00385008 -0.02725655
v 0.00133185 -0.00385008 -0.02740049
v 0.00075902 -0.00385008 -0.02744998
v 0.00018592 -0.00385008 -0.02740366
v -0.00037152 -0.00385008 -0.02726279
v -0.00089782 -0.00385008 -0.02703131
v -0.00137838 -0.00385008 -0.02671563
v -0.00179983 -0.00385008 -0.02632453
v -0.00215048 -0.00385008 -0.02586886
v -0.00242058 -0.00385008 -0.02536128
v -0.00260263 -0.00385008 -0.02481590
v -0.00269158 -0.00385008 -0.02424786
v -0.00268496 -0.00385008 -0.02367294
v -0.00258295 -0.00385008 -0.02310709
v 0.00006241 -0.00774115 -0.02533332
v 0.00012071 -0.00788832 -0.02552605
v 0.00050212 -0.00785711 -0.02563184
v -0.00023219 -0.00789977 -0.02532596
v -0.00000034 -0.00774398 -0.02529885
v -0.00014268 -0.00774841 -0.02520583
v 0.00162260 -0.00764922 -0.02539747
v 0.00119637 -0.00759657 -0.02543172
v 0.00125731 -0.00773651 -0.02556925
v 0.00083410 -0.00766160 -0.02549829
v 0.00087855 -0.00780705 -0.02564626
v 0.00074951 -0.00767490 -0.02550000
v 0.00037228 -0.00771928 -0.02545256
v 0.00179033 -0.00744950 -0.02508079
v 0.00155032 -0.00751495 -0.02526803
v 0.00149945 -0.00752783 -0.02529853
v 0.00192073 -0.00756397 -0.02515887
v 0.00215426 -0.00748698 -0.02485346
v 0.00201635 -0.00738097 -0.02480189
v 0.00231647 -0.00742870 -0.02448870
v 0.00224061 -0.00737935 -0.02448867
v 0.00204793 -0.00737092 -0.02474993
v 0.00216763 -0.00733171 -0.02448877
v -0.00178757 -0.00376059 -0.01780001
v -0.00173387 -0.00383190 -0.01780002
v -0.00175232 -0.00378992 -0.01780001
v -0.00154704 -0.00425472 -0.01780002
v -0.00163914 -0.00410876 -0.01780001
v -0.00143528 -0.00437887 -0.01780001
v -0.00119500 -0.00454588 -0.01780002
v -0.00070592 -0.00475008 -0.01740510
v -0.00071028 -0.00470694 -0.01739634
v -0.00066240 -0.00475008 -0.01738470
v -0.00049703 -0.00472809 -0.01732654
v -0.00088592 -0.00469674 -0.01751203
v -0.00113195 -0.00457831 -0.01772747
v -0.00104939 -0.00461881 -0.01763871
v -0.00104342 -0.00462897 -0.01764601
v -0.00118122 -0.00455282 -0.01778411
v -0.00101867 -0.00463221 -0.01760876
v -0.00091566 -0.00466944 -0.01752069
v -0.00089068 -0.00467656 -0.01750215
v -0.00088557 -0.00473202 -0.01752035
v -0.00103556 -0.00468855 -0.01766926
v -0.00103540 -0.00465711 -0.01766047
v -0.00104525 -0.00462067 -0.01763458
v -0.00258295 -0.00565008 -0.02310709
v -0.00122558 -0.00565008 -0.01804119
v -0.00269158 -0.00565008 -0.02424786
v -0.00242058 -0.00565008 -0.02536129
v -0.00179983 -0.00565008 -0.02632452
v -0.00089782 -0.00565008 -0.02703131
v 0.00018592 -0.00565008 -0.02740366
v 0.00133185 -0.00565008 -0.02740050
v 0.00241353 -0.00565008 -0.02702218
v 0.00331162 -0.00565008 -0.02631042
v 0.00392704 -0.00565008 -0.02534377
v 0.00419190 -0.00565008 -0.02422888
v 0.00407697 -0.00565008 -0.02308871
v 0.00359494 -0.00565008 -0.02204911
v 0.00167801 -0.00730957 -0.02282193
v 0.00149957 -0.00734861 -0.02270100
v 0.00149949 -0.00565008 -0.02270095
v 0.00101173 -0.00743132 -0.02252310
v 0.00074972 -0.00746244 -0.02250000
v 0.00074949 -0.00565008 -0.02250001
v -0.00014272 -0.00749864 -0.02520580
v -0.00000049 -0.00565008 -0.02529905
v -0.00039432 -0.00748979 -0.02497040
v -0.00054953 -0.00565008 -0.02475001
v -0.00054953 -0.00747963 -0.02475002
v -0.00075050 -0.00565008 -0.02400002
v -0.00075050 -0.00746262 -0.02400001
v -0.00072047 -0.00746556 -0.02429863
v -0.00060044 -0.00747585 -0.02465396
v -0.00054954 -0.00565008 -0.02325001
v -0.00054954 -0.00748008 -0.02325001
v -0.00067738 -0.00746921 -0.02353738
v -0.00074814 -0.00746278 -0.02391584
v -0.00000051 -0.00565008 -0.02270097
v -0.00030192 -0.00749385 -0.02293017
v -0.00053493 -0.00748114 -0.02322525
v 0.00063535 -0.00747300 -0.02250434
v 0.00031785 -0.00749318 -0.02256345
v 0.00000754 -0.00749956 -0.02269636
v 0.00137394 -0.00737339 -0.02263616
v 0.00224950 -0.00565008 -0.02400000
v 0.00224950 -0.00715518 -0.02399996
v 0.00222954 -0.00716119 -0.02375613
v 0.00204853 -0.00565008 -0.02325000
v 0.00212230 -0.00719416 -0.02339549
v 0.00204839 -0.00721554 -0.02324974
v 0.00192436 -0.00724913 -0.02306742
v 0.00204854 -0.00565008 -0.02475000
v 0.00216767 -0.00717992 -0.02448868
v 0.00224418 -0.00715682 -0.02412620
v 0.00149951 -0.00565008 -0.02529904
v 0.00074951 -0.00565008 -0.02550001
v 0.00323954 -0.00382752 -0.01815720
v 0.00322254 -0.00388580 -0.01808607
v 0.00322391 -0.00387470 -0.01807576
v 0.00322669 -0.00386230 -0.01808652
v 0.00322889 -0.00385187 -0.01808773
v 0.00322993 -0.00384675 -0.01808645
v 0.00323432 -0.00383217 -0.01810329
v 0.00324393 -0.00381139 -0.01813468
v 0.00325930 -0.00379040 -0.01819105
v 0.00322271 -0.00389150 -0.01809118
v 0.00322345 -0.00389716 -0.01809615
v 0.00311571 -0.00417738 -0.01780590
v 0.00311439 -0.00416449 -0.01779404
v 0.00311594 -0.00415242 -0.01778139
v 0.00318828 -0.00399446 -0.01793495
v 0.00313563 -0.00411345 -0.01779998
v 0.00294110 -0.00439745 -0.01756853
v 0.00302267 -0.00429696 -0.01765033
v 0.00304867 -0.00425999 -0.01768046
v 0.00311847 -0.00414547 -0.01777385
v 0.00291700 -0.00443785 -0.01755464
v 0.00292057 -0.00444893 -0.01756176
v 0.00285311 -0.00448584 -0.01749674
v 0.00262496 -0.00465047 -0.01737345
v 0.00251064 -0.00469199 -0.01733418
v 0.00259354 -0.00465773 -0.01735995
v 0.00262322 -0.00464341 -0.01737101
v 0.00239656 -0.00473798 -0.01731168
v 0.00272828 -0.00461538 -0.01742494
v 0.00297984 -0.00440096 -0.01762219
v 0.00311985 -0.00419066 -0.01781664
v 0.00318410 -0.00403988 -0.01795775
v 0.00291505 -0.00442552 -0.01754570
v 0.00323279 -0.00383190 -0.01779999
v 0.00323258 -0.00383308 -0.01807259
v 0.00323183 -0.00383704 -0.01807999
v 0.00322702 -0.00386075 -0.01808110
v 0.00323280 -0.00383190 -0.01806019
v 0.00325125 -0.00378992 -0.01806020
v 0.00324988 -0.00379179 -0.01779999
v 0.00326717 -0.00377321 -0.01806019
v 0.00328858 -0.00375959 -0.01779998
v 0.00328650 -0.00376059 -0.01806019
v 0.00329732 -0.00375597 -0.01806020
v 0.00447497 -0.00380008 -0.02357179
v 0.00441274 -0.00380008 -0.02480197
v 0.00395528 -0.00380008 -0.02594563
v 0.00315194 -0.00380008 -0.02687938
v 0.00208939 -0.00380008 -0.02750246
v 0.00088228 -0.00380008 -0.02774764
v -0.00033915 -0.00380008 -0.02758849
v -0.00144313 -0.00380008 -0.02704218
v -0.00231054 -0.00380008 -0.02616764
v -0.00264914 -0.00380008 -0.02558485
v 0.00441280 -0.00623402 -0.02480329
v 0.00446752 -0.00618938 -0.02448867
v 0.00344363 -0.00689866 -0.02448867
v -0.00064240 -0.00789228 -0.02748247
v -0.00033903 -0.00789998 -0.02758795
v 0.00213245 -0.00749451 -0.02748564
v 0.00227915 -0.00744249 -0.02742381
v -0.00009088 -0.00789715 -0.02765368
v 0.00046699 -0.00786071 -0.02773892
v 0.00087158 -0.00780793 -0.02774762
v 0.00088309 -0.00780610 -0.02774722
v 0.00103235 -0.00778070 -0.02773878
v 0.00159225 -0.00765733 -0.02765326
v 0.00208974 -0.00750901 -0.02750226
v 0.00262631 -0.00730544 -0.02724603
v 0.00388705 -0.00662218 -0.02605280
v 0.00395442 -0.00657631 -0.02594607
v 0.00310407 -0.00708282 -0.02691830
v 0.00315220 -0.00705808 -0.02687899
v 0.00352594 -0.00685055 -0.02652119
v 0.00415552 -0.00643282 -0.02556984
v 0.00435468 -0.00628050 -0.02503450
v -0.00146213 -0.00780957 -0.02669878
v -0.00165323 -0.00777708 -0.02687913
v -0.00144360 -0.00781245 -0.02704221
v -0.00083780 -0.00788081 -0.02605607
v -0.00116774 -0.00784977 -0.02722382
v -0.00575315 -0.00380008 -0.01892840
v -0.00540054 -0.00368309 -0.01835005
v -0.00573251 -0.00343393 -0.01813507
v -0.00564438 -0.00371094 -0.01840612
v -0.00566377 -0.00360069 -0.01824356
v -0.00540054 -0.00360363 -0.01824649
v -0.00540054 -0.00350008 -0.01816702
v -0.00501647 -0.00350008 -0.01813103
v -0.00498246 -0.00368309 -0.01831086
v -0.00457895 -0.00368309 -0.01819468
v -0.00420406 -0.00368309 -0.01800554
v -0.00387083 -0.00368309 -0.01775003
v -0.00464578 -0.00350008 -0.01802430
v -0.00430138 -0.00350008 -0.01785054
v -0.00399526 -0.00350008 -0.01761582
v -0.00363479 -0.00368309 -0.01760181
v -0.00336093 -0.00368309 -0.01755003
v -0.00370162 -0.00350008 -0.01743145
v -0.00336094 -0.00350008 -0.01736702
v -0.00183221 -0.00368309 -0.01755002
v -0.00183221 -0.00350008 -0.01736700
v -0.00167599 -0.00353688 -0.01736700
v -0.00155262 -0.00363953 -0.01736700
v -0.00169882 -0.00374962 -0.01755001
v -0.00148804 -0.00378644 -0.01736701
v -0.00175768 -0.00370065 -0.01755001
v -0.00158987 -0.00380527 -0.01744647
v -0.00166800 -0.00381972 -0.01755001
v -0.00170348 -0.00382628 -0.01762696
v -0.00161168 -0.00409458 -0.01762696
v -0.00121141 -0.00414060 -0.01733091
v -0.00134862 -0.00395880 -0.01733091
v -0.00150901 -0.00404159 -0.01744645
v -0.00118127 -0.00451819 -0.01762695
v -0.00104969 -0.00425300 -0.01733091
v -0.00112992 -0.00441469 -0.01744647
v -0.00133500 -0.00427214 -0.01744646
v -0.00141412 -0.00435634 -0.01762695
v -0.00082770 -0.00438587 -0.01732384
v -0.00099588 -0.00456730 -0.01749921
v -0.00109876 -0.00453225 -0.01755954
v -0.00085790 -0.00461401 -0.01742864
v -0.00066447 -0.00465784 -0.01735509
v -0.00103370 -0.00444225 -0.01742171
v -0.00092112 -0.00448669 -0.01739215
v -0.00078586 -0.00454498 -0.01735863
v -0.00056258 -0.00454864 -0.01730634
v -0.00061482 -0.00460463 -0.01732490
v -0.00044054 -0.00467417 -0.01730685
v -0.00066240 -0.00565008 -0.01738470
v -0.00103954 -0.00565008 -0.01767408
v 0.00324379 -0.00385084 -0.01826355
v 0.00324446 -0.00384975 -0.01829999
v 0.00324445 -0.00565008 -0.01829998
v 0.00259056 -0.00565008 -0.01736179
v 0.00322452 -0.00389229 -0.01810133
v 0.00322701 -0.00388346 -0.01811403
v 0.00323236 -0.00386918 -0.01814496
v 0.00324180 -0.00385305 -0.01822721
v 0.00318264 -0.00565008 -0.01795386
v 0.00295155 -0.00565008 -0.01759288
v 0.00254397 -0.00463135 -0.01733403
v 0.00282946 -0.00395336 -0.01732446
v 0.00299541 -0.00428469 -0.01757701
v 0.00311394 -0.00410211 -0.01764547
v 0.00312712 -0.00410900 -0.01770245
v 0.00285718 -0.00422276 -0.01739702
v 0.00300585 -0.00404559 -0.01744644
v 0.00295807 -0.00426793 -0.01750927
v 0.00305100 -0.00406920 -0.01750609
v 0.00310184 -0.00409578 -0.01760849
v 0.00281844 -0.00447095 -0.01745300
v 0.00272905 -0.00416546 -0.01732527
v 0.00295298 -0.00401794 -0.01739547
v 0.00249208 -0.00460373 -0.01731522
v 0.00277981 -0.00445393 -0.01741407
v 0.00269181 -0.00441518 -0.01735184
v 0.00259302 -0.00437167 -0.01731330
v 0.00320240 -0.00382628 -0.01762693
v 0.00308878 -0.00380527 -0.01744643
v 0.00291130 -0.00377245 -0.01733089
v 0.00311736 -0.00350014 -0.01733746
v 0.00298423 -0.00360120 -0.01733089
v 0.00313088 -0.00370641 -0.01744643
v 0.00333113 -0.00371918 -0.01762692
v 0.00327542 -0.00373162 -0.01762692
v 0.00322476 -0.00377377 -0.01762692
v 0.00333112 -0.00350008 -0.01736697
v 0.00333112 -0.00360363 -0.01744644
v 0.00318531 -0.00350048 -0.01735158
v 0.00322626 -0.00362706 -0.01744643
v -0.00165329 -0.00731551 -0.02687908
v 0.00446752 -0.00602422 -0.02448867
v 0.00449945 -0.00600054 -0.02398091
v 0.00445830 -0.00603145 -0.02344565
v 0.00433814 -0.00611805 -0.02291181
v -0.00264914 -0.00701656 -0.02558484
v -0.00239852 -0.00710631 -0.02603777
v -0.00204042 -0.00721679 -0.02650576
v -0.00327430 0.00109992 -0.00727503
v -0.00347561 0.00109992 -0.00747634
v -0.00375061 0.00109992 -0.00700002
v -0.00375061 0.00109992 -0.00755002
v -0.00402561 0.00109992 -0.00747634
v -0.00347561 0.00109992 -0.00652371
v -0.00327430 0.00109992 -0.00672503
v -0.00320061 0.00109992 -0.00700003
v -0.00422693 0.00109992 -0.00672504
v -0.00402561 0.00109992 -0.00652372
v -0.00375061 0.00109992 -0.00645003
v -0.00422692 0.00109992 -0.00727503
v -0.00430061 0.00109992 -0.00700003
v -0.00375060 0.00089992 -0.00775002
v -0.00337561 0.00089992 -0.00764955
v -0.00310109 0.00089992 -0.00737502
v -0.00300061 0.00089992 -0.00700002
v -0.00310109 0.00089992 -0.00662502
v -0.00337561 0.00089992 -0.00635051
v -0.00375061 0.00089992 -0.00625002
v -0.00412561 0.00089992 -0.00635051
v -0.00440013 0.00089992 -0.00662503
v -0.00450061 0.00089992 -0.00700003
v -0.00440013 0.00089992 -0.00737503
v -0.00412561 0.00089992 -0.00764955
v -0.00325055 -0.00040008 -0.01670002
v -0.00286232 -0.00020008 -0.01644891
v -0.00281055 -0.00040008 -0.01664210
v -0.00250055 -0.00020008 -0.01629906
v -0.00240055 -0.00040008 -0.01647226
v -0.00218989 -0.00020008 -0.01606068
v -0.00204847 -0.00040008 -0.01620211
v -0.00195151 -0.00020008 -0.01575002
v -0.00177831 -0.00040008 -0.01585002
v -0.00180167 -0.00020008 -0.01538825
v -0.00160848 -0.00040008 -0.01544001
v -0.00175056 -0.00020008 -0.01500001
v -0.00155056 -0.00040008 -0.01500002
v -0.00180167 -0.00020008 -0.01461178
v -0.00160849 -0.00040008 -0.01456003
v -0.00195152 -0.00020008 -0.01425002
v -0.00177832 -0.00040008 -0.01415002
v -0.00218990 -0.00020008 -0.01393936
v -0.00204848 -0.00040008 -0.01379793
v -0.00250057 -0.00020008 -0.01370098
v -0.00240057 -0.00040008 -0.01352778
v -0.00286234 -0.00020008 -0.01355114
v -0.00281058 -0.00040008 -0.01335796
v -0.00325057 -0.00020008 -0.01350002
v -0.00325057 -0.00040008 -0.01330002
v -0.00363880 -0.00020008 -0.01355114
v -0.00369056 -0.00040008 -0.01335796
v -0.00400057 -0.00020008 -0.01370099
v -0.00410057 -0.00040008 -0.01352779
v -0.00431123 -0.00020008 -0.01393938
v -0.00445265 -0.00040008 -0.01379795
v -0.00454960 -0.00020008 -0.01425003
v -0.00472281 -0.00040008 -0.01415004
v -0.00469945 -0.00020008 -0.01461181
v -0.00489263 -0.00040008 -0.01456005
v -0.00475056 -0.00020008 -0.01500003
v -0.00495056 -0.00040008 -0.01500004
v -0.00469944 -0.00020008 -0.01538827
v -0.00489263 -0.00040008 -0.01544003
v -0.00454959 -0.00020008 -0.01575003
v -0.00472280 -0.00040008 -0.01585004
v -0.00431121 -0.00020008 -0.01606070
v -0.00445263 -0.00040008 -0.01620211
v -0.00400055 -0.00020008 -0.01629907
v -0.00410055 -0.00040008 -0.01647228
v -0.00363878 -0.00020008 -0.01644891
v -0.00369054 -0.00040008 -0.01664210
v -0.00325055 -0.00020008 -0.01650002
v -0.00388606 0.00059992 -0.01500003
v -0.00465056 0.00059992 -0.01500004
v -0.00380092 0.00059992 -0.01468228
v -0.00446300 0.00059992 -0.01430004
v -0.00356831 0.00059992 -0.01444967
v -0.00395057 0.00059992 -0.01378760
v -0.00325056 0.00059992 -0.01436452
v -0.00325057 0.00059992 -0.01360003
v -0.00293281 0.00059992 -0.01444966
v -0.00255057 0.00059992 -0.01378759
v -0.00270020 0.00059992 -0.01468228
v -0.00203813 0.00059992 -0.01430001
v -0.00261506 0.00059992 -0.01500002
v -0.00185056 0.00059992 -0.01500002
v -0.00270020 0.00059992 -0.01531777
v -0.00203812 0.00059992 -0.01570001
v -0.00293280 0.00059992 -0.01555038
v -0.00255055 0.00059992 -0.01621246
v -0.00325055 0.00059992 -0.01563553
v -0.00325055 0.00059992 -0.01640003
v -0.00356830 0.00059992 -0.01555039
v -0.00395055 0.00059992 -0.01621247
v -0.00380091 0.00059992 -0.01531778
v -0.00446299 0.00059992 -0.01570003
v -0.00325055 0.00049992 -0.01650002
v -0.00250055 0.00049992 -0.01629905
v -0.00195151 0.00049992 -0.01575002
v -0.00175056 0.00049992 -0.01500001
v -0.00195152 0.00049992 -0.01425001
v -0.00250057 0.00049992 -0.01370098
v -0.00325057 0.00049992 -0.01350002
v -0.00400057 0.00049992 -0.01370099
v -0.00454960 0.00049992 -0.01425003
v -0.00475056 0.00049992 -0.01500003
v -0.00454959 0.00049992 -0.01575003
v -0.00400055 0.00049992 -0.01629906
v -0.00325055 -0.00240008 -0.01563553
v -0.00293280 -0.00240008 -0.01555038
v -0.00270020 -0.00240008 -0.01531777
v -0.00261506 -0.00240008 -0.01500002
v -0.00270020 -0.00240008 -0.01468228
v -0.00293281 -0.00240008 -0.01444966
v -0.00325056 -0.00240008 -0.01436452
v -0.00356831 -0.00240008 -0.01444967
v -0.00380092 -0.00240008 -0.01468228
v -0.00388606 -0.00240008 -0.01500003
v -0.00380091 -0.00240008 -0.01531779
v -0.00356830 -0.00240008 -0.01555039
v -0.00325056 -0.00278193 -0.01500003
v -0.00630064 0.00094383 -0.00272950
v -0.00630063 0.00081421 -0.00319022
v -0.00630063 0.00117152 -0.00336983
v -0.00630063 0.00051835 -0.00358954
v -0.00630063 0.00067270 -0.00398267
v -0.00630063 0.00009199 -0.00385716
v -0.00630063 -0.00004484 -0.00431360
v -0.00630063 -0.00040209 -0.00394877
v -0.00630064 0.00089922 -0.00223316
v -0.00630064 0.00067986 -0.00178986
v -0.00630064 0.00031161 -0.00145285
v -0.00630065 -0.00004484 -0.00088648
v -0.00630065 0.00008058 -0.00133852
v -0.00630065 -0.00039897 -0.00125107
v -0.00630065 -0.00083481 -0.00090490
v -0.00630065 -0.00089156 -0.00134251
v -0.00630064 -0.00131702 -0.00160898
v -0.00630063 -0.00147797 -0.00341308
v -0.00630063 -0.00187065 -0.00351070
v -0.00630064 -0.00169805 -0.00297187
v -0.00630063 -0.00190008 -0.00333318
v -0.00630064 -0.00174388 -0.00246989
v -0.00630064 -0.00161371 -0.00200964
v -0.00630063 -0.00088030 -0.00386174
v -0.00630063 -0.00083481 -0.00429519
v -0.00630063 -0.00110913 -0.00374890
v -0.00630063 -0.00153615 -0.00393116
v -0.00630063 -0.00178550 -0.00366921
v -0.00620063 -0.00139804 -0.00335277
v -0.00620063 -0.00102508 -0.00368258
v -0.00620063 -0.00084473 -0.00376829
v -0.00620064 -0.00165008 -0.00260004
v -0.00620063 -0.00160175 -0.00294427
v -0.00620063 -0.00148261 -0.00322504
v -0.00620065 -0.00102508 -0.00151752
v -0.00620064 -0.00124898 -0.00168251
v -0.00620064 -0.00148261 -0.00197505
v -0.00620064 -0.00164426 -0.00247955
v -0.00620064 0.00004498 -0.00143196
v -0.00620065 -0.00040008 -0.00135005
v -0.00620064 -0.00085511 -0.00143581
v -0.00620064 0.00059982 -0.00184993
v -0.00620064 0.00022492 -0.00151752
v -0.00620064 0.00084992 -0.00260004
v -0.00620064 0.00080288 -0.00226035
v -0.00620064 0.00068245 -0.00197504
v -0.00620063 0.00022492 -0.00368258
v -0.00620063 0.00045029 -0.00351621
v -0.00620063 0.00068245 -0.00322505
v -0.00620064 0.00084416 -0.00271988
v -0.00620063 -0.00040008 -0.00385005
v -0.00620063 0.00005555 -0.00376405
v 0.00405439 -0.00374723 -0.01796884
v 0.00390772 -0.00350008 -0.01750601
v 0.00402799 -0.00373132 -0.01787458
v 0.00398715 -0.00368333 -0.01773981
v -0.00541481 -0.00040025 -0.01099969
v -0.00569256 -0.00040008 -0.01113442
v -0.00560253 -0.00117601 -0.01112720
v -0.00481936 -0.00040014 -0.01100249
v -0.00510961 -0.00040026 -0.01095585
v -0.00507307 -0.00173088 -0.01102528
v -0.00518298 -0.00106824 -0.01097703
v -0.00518613 -0.00040027 -0.01095777
v -0.00284641 -0.00453760 -0.01187083
v -0.00292274 -0.00437444 -0.01183318
v -0.00346336 -0.00455762 -0.01172670
v -0.00354292 -0.00376781 -0.01155942
v -0.00277099 -0.00469977 -0.01191667
v -0.00304356 -0.00470004 -0.01184047
v -0.00342630 -0.00470002 -0.01179067
v -0.00378960 -0.00470008 -0.01182452
v -0.00431062 -0.00356922 -0.01135887
v -0.00421486 -0.00427034 -0.01165305
v -0.00391735 -0.00409417 -0.01152996
v -0.00414190 -0.00435194 -0.01168274
v -0.00542875 -0.00194766 -0.01116998
v -0.00517189 -0.00269299 -0.01126120
v -0.00489077 -0.00237608 -0.01110526
v -0.00503194 -0.00301038 -0.01131660
v -0.00463619 -0.00299273 -0.01121672
v -0.00488132 -0.00330753 -0.01137823
v -0.00450938 -0.00389996 -0.01153208
v -0.00471831 -0.00040008 -0.01104060
v -0.00460866 -0.00149946 -0.01108901
v -0.00426226 -0.00260550 -0.01124191
v -0.00418875 -0.00276533 -0.01127436
v -0.00369166 -0.00358154 -0.01149377
v -0.00520686 -0.00050006 -0.00809225
v -0.00203288 -0.00050008 -0.00949324
v -0.00510288 -0.00166364 -0.00813814
v -0.00203257 -0.00199128 -0.00949338
v -0.00480773 -0.00282380 -0.00826843
v -0.00203150 -0.00350008 -0.00949386
v -0.00457830 -0.00337168 -0.00836969
v -0.00428678 -0.00388401 -0.00849838
v -0.00203150 -0.00470008 -0.00949386
v -0.00348369 -0.00470008 -0.00885286
v -0.00392273 -0.00433807 -0.00865907
v -0.00521282 -0.00050009 -0.00808959
v -0.00538070 -0.00136022 -0.00797396
v -0.00545159 -0.00078348 -0.00793327
v -0.00547316 -0.00050008 -0.00791906
v -0.00515706 -0.00237298 -0.00808439
v -0.00534109 -0.00159200 -0.00799474
v -0.00462389 -0.00368523 -0.00832529
v -0.00491585 -0.00307308 -0.00819462
v -0.00498277 -0.00290225 -0.00816435
v -0.00386498 -0.00470008 -0.00865101
v -0.00428836 -0.00421100 -0.00847210
v -0.00075553 -0.00565008 -0.02075000
v -0.00075553 -0.00565008 -0.02045000
v -0.00075553 -0.00505008 -0.02075001
v -0.00075553 -0.00505008 -0.02045001
v -0.00025553 -0.00455008 -0.02045000
v -0.00025553 -0.00455008 -0.02075000
v -0.00050553 -0.00461707 -0.02075001
v -0.00050553 -0.00461707 -0.02045001
v -0.00068855 -0.00480008 -0.02075001
v -0.00068855 -0.00480008 -0.02045001
v 0.00326729 -0.00377479 -0.01811742
v 0.00328946 -0.00376432 -0.01820877
v 0.00332762 -0.00375083 -0.01821456
v 0.00327203 -0.00377673 -0.01820075
v 0.00327080 -0.00378172 -0.01826175
v 0.00324529 -0.00382556 -0.01822284
v 0.00325037 -0.00380949 -0.01821498
v 0.00324445 -0.00384991 -0.01833453
v 0.00323656 -0.00384298 -0.01816362
v -0.00487107 0.00101231 -0.00084857
v -0.00485094 0.00096682 -0.00081624
v -0.00233347 0.00128903 -0.00111361
v -0.00479145 0.00083239 -0.00072073
v -0.00477226 0.00078903 -0.00068994
v -0.00464625 0.00072187 -0.00064973
v -0.00464128 0.00065537 -0.00061294
v -0.00449375 0.00060835 -0.00058867
v -0.00454147 0.00061310 -0.00059106
v -0.00232271 0.00060838 -0.00058867
v -0.00232770 0.00097534 -0.00081937
v -0.00480793 0.00086965 -0.00074720
v -0.00234705 0.00182930 -0.00229609
v -0.00234738 0.00184655 -0.00247698
v -0.00482410 0.00180824 -0.00216897
v -0.00234400 0.00171547 -0.00183389
v -0.00482309 0.00167519 -0.00173069
v -0.00234153 0.00162360 -0.00161656
v -0.00482801 0.00162355 -0.00161645
v -0.00233920 0.00153707 -0.00145550
v -0.00484842 0.00147054 -0.00134972
v -0.00488532 0.00122856 -0.00104759
v -0.00508885 0.00180826 -0.00216908
v -0.00510916 0.00184656 -0.00247714
v -0.00511674 0.00184945 -0.00255417
v -0.00234694 0.00184707 -0.00271332
v -0.00518215 0.00181056 -0.00301902
v -0.00234309 0.00178696 -0.00312856
v -0.00233902 0.00171890 -0.00335662
v -0.00524821 0.00171879 -0.00335694
v -0.00527418 0.00167338 -0.00347368
v -0.00233442 0.00163718 -0.00355505
v -0.00232289 0.00141443 -0.00393045
v -0.00536841 0.00146538 -0.00385803
v -0.00231547 0.00126056 -0.00411817
v -0.00543890 0.00126064 -0.00411810
v -0.00545686 0.00120013 -0.00418176
v -0.00230956 0.00113264 -0.00424721
v -0.00554338 0.00084344 -0.00447529
v -0.00229526 0.00078171 -0.00451466
v -0.00560957 0.00043750 -0.00468862
v -0.00228204 0.00035491 -0.00471956
v -0.00564756 0.00002424 -0.00480969
v -0.00227481 -0.00003848 -0.00482077
v -0.00565090 -0.00003847 -0.00482079
v -0.00222715 -0.00050008 -0.00536362
v -0.00568602 -0.00050008 -0.00536365
v -0.00225234 -0.00043236 -0.00509922
v -0.00567023 -0.00045007 -0.00513449
v -0.00565736 -0.00029363 -0.00493414
v -0.00565276 -0.00008485 -0.00483041
v -0.00226834 -0.00025559 -0.00490627
v -0.00226796 -0.00026275 -0.00491115
v -0.00412561 -0.00030008 -0.00764955
v -0.00440013 -0.00030008 -0.00737503
v -0.00450061 -0.00030008 -0.00700003
v -0.00440013 -0.00030008 -0.00662503
v -0.00412561 -0.00030008 -0.00635052
v -0.00375061 -0.00030008 -0.00625003
v -0.00337561 -0.00030008 -0.00635051
v -0.00310109 -0.00030008 -0.00662502
v -0.00300061 -0.00030008 -0.00700002
v -0.00310109 -0.00030008 -0.00737502
v -0.00337561 -0.00030008 -0.00764955
v -0.00375060 -0.00030008 -0.00775003
v -0.00375060 -0.00050008 -0.00795003
v -0.00327560 -0.00050008 -0.00782275
v -0.00292788 -0.00050008 -0.00747503
v -0.00280061 -0.00050008 -0.00700002
v -0.00292789 -0.00050008 -0.00652503
v -0.00327561 -0.00050008 -0.00617730
v -0.00375062 -0.00050008 -0.00605002
v -0.00422561 -0.00050008 -0.00617731
v -0.00457334 -0.00050008 -0.00652504
v -0.00470061 -0.00050008 -0.00700004
v -0.00457333 -0.00050008 -0.00747504
v -0.00422560 -0.00050008 -0.00782275
v -0.00531342 0.00156599 -0.00355349
v -0.00518550 0.00172079 -0.00275981
v -0.00513697 0.00160903 -0.00194656
v -0.00511182 0.00171299 -0.00205540
v -0.00594873 -0.00096976 -0.00430088
v -0.00589665 -0.00128653 -0.00415718
v -0.00611133 -0.00125690 -0.00412508
v -0.00613794 0.00038501 -0.00416416
v -0.00606966 0.00067508 -0.00398116
v -0.00586629 0.00067579 -0.00403142
v -0.00524236 0.00133642 -0.00171773
v -0.00534719 0.00123425 -0.00172695
v -0.00540493 0.00111369 -0.00157691
v -0.00586752 -0.00179443 -0.00366638
v -0.00594774 -0.00178550 -0.00366921
v -0.00580620 -0.00178922 -0.00369509
v -0.00602759 -0.00157059 -0.00390106
v -0.00572319 -0.00175790 -0.00379543
v -0.00561633 -0.00164608 -0.00409104
v -0.00565729 -0.00162012 -0.00405729
v -0.00557778 -0.00155745 -0.00430912
v -0.00572050 -0.00132369 -0.00427206
v -0.00568160 -0.00066074 -0.00469716
v -0.00562973 -0.00097012 -0.00485427
v -0.00565171 -0.00104182 -0.00460267
v -0.00557408 -0.00141684 -0.00466681
v -0.00560247 -0.00139834 -0.00443330
v -0.00568815 -0.00026984 -0.00471089
v -0.00565774 -0.00039362 -0.00493687
v -0.00565621 -0.00049368 -0.00493442
v -0.00567105 0.00011633 -0.00464462
v -0.00563205 0.00048120 -0.00450166
v -0.00557425 0.00081193 -0.00428659
v -0.00550324 0.00109311 -0.00400940
v -0.00514149 0.00159127 -0.00192861
v -0.00521817 0.00148913 -0.00205985
v -0.00523771 0.00156372 -0.00247705
v -0.00570631 0.00096063 -0.00149960
v -0.00557607 0.00099048 -0.00151335
v -0.00566411 0.00117084 -0.00182956
v -0.00549925 0.00117069 -0.00177027
v -0.00565423 0.00127728 -0.00210156
v -0.00548912 0.00130665 -0.00211024
v -0.00598726 -0.00028655 -0.00439209
v -0.00619426 -0.00004467 -0.00431331
v -0.00596911 0.00005539 -0.00433599
v -0.00618352 0.00007380 -0.00428450
v -0.00592771 0.00037974 -0.00421470
v -0.00582866 -0.00156991 -0.00395453
v -0.00616227 -0.00097571 -0.00425182
v -0.00618030 -0.00083605 -0.00429442
v -0.00598034 -0.00063229 -0.00438063
v -0.00619938 -0.00061460 -0.00433702
v -0.00620581 -0.00028618 -0.00434623
v -0.00576875 -0.00099276 -0.00442411
v -0.00579797 -0.00064075 -0.00450839
v -0.00580439 -0.00028069 -0.00452050
v -0.00578777 0.00007544 -0.00446131
v -0.00574967 0.00041352 -0.00433317
v -0.00569291 0.00072241 -0.00413927
v -0.00528328 0.00155818 -0.00289730
v -0.00534907 0.00147393 -0.00330396
v -0.00546955 0.00135407 -0.00324087
v -0.00533898 0.00137782 -0.00209093
v -0.00535832 0.00144650 -0.00247680
v -0.00540382 0.00143794 -0.00286550
v -0.00542537 0.00131638 -0.00367860
v -0.00554555 0.00120121 -0.00358521
v -0.00570766 0.00113458 -0.00350938
v -0.00587118 0.00116013 -0.00339308
v -0.00555650 0.00136207 -0.00283440
v -0.00572436 0.00133849 -0.00279998
v -0.00550867 0.00137116 -0.00247080
v -0.00569164 0.00134992 -0.00260133
v -0.00565432 0.00128162 -0.00211633
v -0.00579069 0.00093006 -0.00379399
v -0.00605217 0.00073401 -0.00393322
v -0.00589165 0.00112414 -0.00346021
v -0.00594775 -0.00190008 -0.00333318
v -0.00594775 -0.00187065 -0.00351070
v -0.00569379 -0.00182435 -0.00370258
v -0.00564047 -0.00186598 -0.00363278
v -0.00578141 -0.00187263 -0.00353295
v -0.00550553 -0.00169645 -0.00426330
v -0.00553832 -0.00161045 -0.00436110
v -0.00553921 -0.00157066 -0.00446313
v -0.00546014 -0.00183150 -0.00396470
v -0.00545806 -0.00183654 -0.00394955
v -0.00554929 -0.00176084 -0.00400966
v -0.00544827 -0.00185858 -0.00387549
v -0.00542014 -0.00189927 -0.00361804
v -0.00559009 -0.00171363 -0.00403305
v -0.00565689 -0.00190008 -0.00339944
v -0.00541677 -0.00190008 -0.00357806
v -0.00541718 -0.00190007 -0.00358305
v -0.00550330 -0.00170408 -0.00424955
v -0.00558320 -0.00190008 -0.00229045
v -0.00536232 -0.00190008 -0.00291355
v -0.00530931 -0.00190008 -0.00229056
v -0.00541062 -0.00190008 -0.00350142
v -0.00569639 -0.00190008 -0.00186690
v -0.00561602 -0.00190008 -0.00186190
v -0.00556011 -0.00190008 -0.00206593
v -0.00553762 -0.00190008 -0.00184788
v -0.00553736 -0.00190007 -0.00184488
v -0.00557888 -0.00187054 -0.00167553
v -0.00563700 -0.00187105 -0.00168771
v -0.00552842 -0.00187801 -0.00168559
v -0.00569639 -0.00187065 -0.00168939
v -0.00569639 -0.00178550 -0.00153088
v -0.00565578 -0.00178800 -0.00153158
v -0.00561649 -0.00178614 -0.00152183
v -0.00554352 -0.00177106 -0.00147500
v 0.00276659 -0.00565008 -0.02074999
v 0.00276659 -0.00455008 -0.02074998
v 0.00320640 -0.00455008 -0.02014133
v 0.00324446 -0.00455008 -0.01994998
v 0.00324447 -0.00455008 -0.02091817
v 0.00309802 -0.00455008 -0.02030354
v 0.00299713 -0.00455008 -0.02080630
v 0.00317574 -0.00455008 -0.02096258
v 0.00326217 -0.00455008 -0.02118362
v 0.00274447 -0.00455008 -0.02044998
v 0.00293581 -0.00455008 -0.02041193
v 0.00274447 -0.00565008 -0.02044998
v 0.00326217 -0.00565008 -0.02118362
v 0.00333410 -0.00565008 -0.02151017
v 0.00309802 -0.00565008 -0.02030353
v 0.00293581 -0.00565008 -0.02041192
v 0.00320640 -0.00565008 -0.02014132
v 0.00324446 -0.00565008 -0.01994999
v 0.00299713 -0.00565008 -0.02080631
v 0.00317574 -0.00565008 -0.02096260
v -0.00581843 0.00096064 -0.00149963
v -0.00583032 0.00037244 -0.00102978
v -0.00582657 0.00069196 -0.00123258
v -0.00587820 -0.00079939 -0.00089689
v -0.00589362 -0.00019755 -0.00086205
v -0.00588338 -0.00004414 -0.00088701
v -0.00579074 -0.00135718 -0.00113702
v -0.00404984 0.00369992 -0.00855283
v -0.00311771 0.00369992 -0.00987081
v -0.00451307 0.00369992 -0.00805935
v -0.00457407 0.00369992 -0.00792630
v -0.00461989 0.00369992 -0.00886099
v -0.00460144 0.00369752 -0.01250163
v -0.00454587 0.00369992 -0.01223831
v -0.00463178 0.00369993 -0.01034818
v -0.00440545 0.00369992 -0.01201674
v -0.00354565 0.00369992 -0.01171771
v -0.00311771 0.00369992 -0.01178565
v -0.00133755 0.00369992 -0.00912529
v -0.00141118 0.00369992 -0.00931018
v -0.00106610 0.00369992 -0.00983656
v -0.00159505 0.00369992 -0.00947801
v -0.00051785 0.00369992 -0.01101842
v -0.00183706 0.00369992 -0.00953638
v -0.00418542 0.00369992 -0.01184621
v -0.00402963 0.00369992 -0.01177924
v -0.00463874 0.00369992 -0.01007935
v -0.00389165 0.00369992 -0.01174263
v -0.00433229 0.00369992 -0.00830901
v -0.00463503 0.00369992 -0.00955038
v -0.00534848 -0.00045008 -0.00801520
v -0.00547573 -0.00045008 -0.00791650
v -0.00548437 -0.00025111 -0.00790869
v -0.00427247 0.00368161 -0.00837940
v -0.00463866 0.00359469 -0.00793629
v -0.00497394 0.00259894 -0.00808483
v -0.00490867 0.00306620 -0.00794882
v -0.00466797 0.00316165 -0.00821485
v -0.00469028 0.00350531 -0.00794209
v -0.00545330 0.00084277 -0.00789328
v -0.00534065 0.00164895 -0.00790594
v -0.00520633 0.00200703 -0.00798465
v -0.00524304 0.00208730 -0.00791937
v -0.00515577 0.00239878 -0.00793030
v -0.00548749 -0.00005148 -0.00790364
v 0.00005782 0.00558921 -0.01460001
v -0.00052315 0.00559579 -0.01460001
v -0.00109950 0.00539303 -0.01339838
v -0.00348111 0.00462437 -0.01318418
v -0.00225646 0.00456921 -0.00503892
v -0.00271906 0.00454535 -0.00516275
v -0.00278306 0.00425644 -0.00281320
v -0.00204792 0.00475649 -0.00659502
v -0.00190507 0.00483484 -0.00723801
v -0.00243420 0.00485298 -0.00718224
v -0.00160937 0.00493961 -0.00821326
v -0.00219231 0.00498019 -0.00807919
v -0.00188735 0.00507762 -0.00893280
v -0.00234366 0.00428205 -0.00185190
v -0.00234687 0.00432766 -0.00248743
v -0.00232942 0.00443223 -0.00371624
v -0.00270722 0.00407732 -0.00072834
v -0.00264426 0.00410273 -0.00071770
v -0.00232789 0.00422285 -0.00085260
v -0.00341167 0.00372269 -0.00099217
v -0.00336747 0.00374504 -0.00094157
v -0.00317389 0.00385311 -0.00084322
v -0.00347211 0.00374815 -0.00143464
v -0.00342597 0.00371681 -0.00102439
v -0.00358889 0.00388616 -0.00281428
v -0.00368940 0.00395649 -0.00364494
v -0.00358832 0.00424644 -0.00507756
v -0.00380196 0.00411555 -0.00503302
v -0.00388579 0.00421517 -0.00596876
v -0.00340477 0.00462487 -0.00703672
v -0.00384496 0.00437913 -0.00692478
v -0.00437318 0.00403479 -0.00838095
v -0.00432700 0.00407828 -0.00818042
v -0.00399814 0.00438235 -0.00850119
v -0.00412740 0.00421907 -0.00739089
v -0.00399392 0.00425702 -0.00677327
v -0.00439454 0.00392355 -0.01153598
v -0.00472368 0.00356837 -0.01287722
v -0.00381191 0.00442356 -0.01164581
v -0.00414999 0.00422096 -0.01001904
v -0.00451187 0.00387858 -0.00910347
v -0.00441251 0.00399451 -0.00856571
v -0.00473721 0.00354395 -0.01244952
v -0.00467107 0.00361978 -0.01247543
v -0.00272927 0.00500886 -0.01325597
v -0.00192860 0.00526689 -0.01332810
v -0.00131045 0.00551432 -0.01460002
v -0.00133456 0.00502695 -0.00913180
v -0.00095672 0.00508407 -0.01009186
v -0.00113351 0.00518002 -0.01059067
v -0.00042074 0.00510698 -0.01120507
v -0.00027746 0.00520797 -0.01216158
v 0.00037466 0.00511303 -0.01262237
v 0.00056510 0.00525269 -0.01352473
v 0.00094857 0.00514156 -0.01354009
v 0.00140739 0.00535169 -0.01459999
v 0.00154836 0.00523034 -0.01441458
v 0.00168433 0.00526209 -0.01459999
v -0.00211907 0.00470631 -0.00619005
v -0.00260842 0.00470319 -0.00621827
v -0.00293267 0.00478365 -0.00712480
v -0.00319874 0.00410061 -0.00282151
v -0.00316756 0.00443302 -0.00513449
v -0.00351729 0.00470501 -0.00863455
v -0.00299963 0.00493037 -0.00875496
v -0.00303435 0.00493256 -0.01027764
v -0.00241890 0.00512686 -0.01039688
v -0.00247547 0.00509679 -0.01187006
v -0.00175238 0.00525486 -0.01197696
v 0.00036794 0.00556256 -0.01460000
v -0.00026178 0.00538726 -0.01346465
v -0.00101443 0.00529124 -0.01207539
v -0.00178132 0.00520927 -0.01050286
v -0.00245357 0.00505505 -0.00885638
v -0.00272257 0.00493359 -0.00801120
v -0.00361553 0.00462850 -0.01015006
v -0.00316753 0.00481781 -0.01175842
v -0.00543973 0.00163624 -0.00520385
v -0.00554460 0.00127256 -0.00550364
v -0.00546763 0.00118590 -0.00426579
v -0.00516973 0.00185497 -0.00305249
v -0.00501924 0.00226849 -0.00321880
v -0.00524324 0.00175197 -0.00341167
v -0.00504399 0.00229790 -0.00353025
v -0.00526460 0.00171475 -0.00350422
v -0.00511226 0.00226432 -0.00398425
v -0.00530873 0.00180935 -0.00426195
v -0.00515043 0.00222335 -0.00417223
v -0.00507284 0.00187427 -0.00225752
v -0.00506154 0.00192291 -0.00232883
v -0.00510186 0.00189981 -0.00259693
v -0.00502546 0.00210006 -0.00265382
v -0.00501451 0.00224183 -0.00308179
v -0.00544010 0.00128055 -0.00417029
v -0.00536889 0.00148729 -0.00391453
v -0.00521038 0.00214031 -0.00442769
v -0.00532428 0.00192878 -0.00483940
v -0.00538129 0.00179560 -0.00502446
v -0.00559220 0.00105826 -0.00563001
v -0.00560815 0.00044847 -0.00473781
v -0.00554923 0.00083237 -0.00454197
v -0.00562119 0.00090337 -0.00570321
v -0.00568397 0.00044200 -0.00584548
v -0.00571676 -0.00045008 -0.00584451
v -0.00571453 -0.00000789 -0.00588864
v -0.00570777 0.00013832 -0.00588438
v -0.00540699 -0.00045008 -0.00688714
v -0.00533702 -0.00045008 -0.00584450
v -0.00200932 -0.00045008 -0.00679213
v -0.00185169 -0.00045008 -0.00744586
v -0.00201782 -0.00045008 -0.00949959
v -0.00144053 -0.00045008 -0.00881160
v -0.00148018 -0.00045008 -0.00868188
v -0.00160315 -0.00045008 -0.00823659
v -0.00171051 -0.00045008 -0.00791971
v -0.00183217 -0.00045008 -0.00953553
v -0.00159521 -0.00045008 -0.00947651
v -0.00133855 -0.00045008 -0.00912206
v -0.00134721 -0.00045008 -0.00916169
v -0.00142589 -0.00045008 -0.00932922
v -0.00160338 -0.00026456 -0.00823590
v -0.00160352 -0.00010043 -0.00823543
v -0.00160653 0.00236004 -0.00822526
v -0.00228101 0.00045855 -0.00473380
v -0.00233774 0.00174456 -0.00343134
v -0.00232588 0.00152904 -0.00385269
v -0.00231095 0.00123497 -0.00421761
v -0.00229506 0.00087328 -0.00451553
v -0.00232253 0.00232043 -0.00058868
v -0.00232270 0.00071549 -0.00058867
v -0.00232850 0.00110344 -0.00085924
v -0.00232994 0.00118157 -0.00093006
v -0.00233517 0.00142975 -0.00120631
v -0.00232233 0.00390133 -0.00058868
v -0.00234129 0.00167085 -0.00159940
v -0.00234206 0.00169860 -0.00165897
v -0.00232237 0.00395251 -0.00059079
v -0.00232234 0.00392693 -0.00058920
v -0.00232368 0.00402984 -0.00065129
v -0.00232498 0.00409676 -0.00071180
v -0.00234591 0.00183114 -0.00204144
v -0.00234502 0.00186864 -0.00297805
v -0.00234754 0.00189809 -0.00250667
v -0.00481105 0.00187425 -0.00225739
v -0.00479648 0.00095655 -0.00074469
v -0.00482084 0.00099304 -0.00076996
v -0.00487306 0.00120652 -0.00095418
v -0.00458058 0.00073524 -0.00059977
v -0.00470669 0.00082196 -0.00065155
v -0.00447877 0.00071546 -0.00058868
v -0.00477484 0.00092411 -0.00072225
v -0.00486842 0.00129630 -0.00104685
v -0.00482602 0.00156375 -0.00140279
v -0.00480841 0.00169854 -0.00165887
v -0.00480426 0.00174708 -0.00177559
v -0.00480799 0.00186376 -0.00219379
v 0.00419798 -0.00582292 -0.01998653
v 0.00423906 -0.00618728 -0.02254322
v 0.00410094 -0.00611338 -0.02066942
v 0.00407998 -0.00629315 -0.02118675
v 0.00412175 -0.00626619 -0.02187758
v 0.00413088 -0.00501976 -0.01828912
v 0.00413080 -0.00530487 -0.01828873
v 0.00417997 -0.00535917 -0.01856123
v 0.00408859 -0.00470502 -0.01810167
v 0.00386326 -0.00350008 -0.01738730
v 0.00422255 -0.00544693 -0.01891718
v 0.00423698 -0.00565104 -0.01955580
v -0.00563738 -0.00408423 -0.01917664
v -0.00527487 -0.00485595 -0.01995403
v -0.00344161 -0.00666373 -0.02388541
v -0.00409138 -0.00628575 -0.02249202
v -0.00470004 -0.00584462 -0.02118676
v -0.00484271 -0.00561918 -0.02088079
v 0.00027168 -0.00350008 -0.01726349
v 0.00046863 -0.00350008 -0.01712280
v 0.00057184 -0.00350008 -0.01692163
v 0.00057886 -0.00350008 -0.01671021
v 0.00049366 -0.00350008 -0.01650875
v 0.00321036 -0.00350008 -0.01659695
v 0.00037973 -0.00350008 -0.01635172
v 0.00026258 -0.00350008 -0.01619355
v -0.00061703 -0.00350008 -0.01511054
v -0.00111248 -0.00350008 -0.01441612
v 0.00339722 -0.00350008 -0.01688719
v 0.00357649 -0.00350008 -0.01718222
v 0.00360080 -0.00350008 -0.01722377
v 0.00362490 -0.00350008 -0.01726539
v 0.00374306 -0.00350008 -0.01732538
v 0.00318498 -0.00350095 -0.01655862
v -0.00133090 -0.00356889 -0.01409179
v -0.00135304 -0.00358749 -0.01405769
v 0.00296465 -0.00358795 -0.01623538
v -0.00129403 -0.00354520 -0.01414730
v -0.00123669 -0.00352002 -0.01423301
v 0.00308223 -0.00352210 -0.01640594
v 0.00314390 -0.00350597 -0.01649715
v -0.00191657 -0.00430052 -0.01297476
v -0.00208108 -0.00429378 -0.01289931
v -0.00238151 -0.00461215 -0.01239116
v 0.00150573 -0.00461221 -0.01435216
v 0.00171028 -0.00445461 -0.01463187
v 0.00192622 -0.00429948 -0.01491456
v 0.00288869 -0.00365017 -0.01612738
v 0.00281205 -0.00371156 -0.01601994
v -0.00142081 -0.00364847 -0.01395518
v -0.00148773 -0.00371014 -0.01385235
v -0.00227234 -0.00426871 -0.01257803
v -0.00241967 -0.00464683 -0.01232535
v -0.00245669 -0.00422559 -0.01225474
v -0.00245671 -0.00467229 -0.01225473
v -0.00143500 -0.00363120 -0.01393347
v -0.00124342 -0.00342791 -0.01422300
v 0.00026258 -0.00309993 -0.01619354
v 0.00004504 -0.00309999 -0.01594417
v -0.00016745 -0.00310005 -0.01568872
v -0.00062526 -0.00314365 -0.01509948
v -0.00100508 -0.00327288 -0.01457158
v 0.00037889 -0.00309990 -0.01635058
v 0.00049366 -0.00309987 -0.01650874
v 0.00423828 0.00534235 -0.01952470
v -0.00260044 0.00614858 -0.01811110
v 0.00347116 0.00507177 -0.01701019
v 0.00323782 0.00510833 -0.01664126
v 0.00249123 0.00520841 -0.01558868
v 0.00412389 0.00500582 -0.01827848
v 0.00407634 0.00500506 -0.01816424
v 0.00374508 0.00503191 -0.01748488
v 0.00412867 0.00500191 -0.01827849
v 0.00422118 0.00514178 -0.01890112
v 0.00223842 0.00524288 -0.01530105
v 0.00057185 -0.00309984 -0.01667796
v 0.00048886 -0.00309987 -0.01709752
v 0.00057745 -0.00309984 -0.01689670
v 0.00048836 0.00224992 -0.01709852
v 0.00046863 0.00224992 -0.01712281
v 0.00040985 0.00224992 -0.01718077
v 0.00027168 0.00224992 -0.01726348
v 0.00023363 0.00238598 -0.01730410
v 0.00033883 0.00237613 -0.01725949
v 0.00031906 0.00231268 -0.01724847
v 0.00043297 0.00237569 -0.01719394
v 0.00030297 0.00249992 -0.01735174
v 0.00039311 0.00249992 -0.01731642
v 0.00037112 0.00244012 -0.01727888
v 0.00053497 0.00249992 -0.01718847
v 0.00054883 0.00249992 -0.01716697
v 0.00050533 0.00238374 -0.01711788
v 0.00050299 0.00237434 -0.01711523
v 0.00378004 0.00249992 -0.01718222
v 0.00056246 0.00249992 -0.01718222
v -0.00480217 0.00272434 -0.01146064
v -0.00443040 0.00325639 -0.01161673
v -0.00472851 0.00337155 -0.01195521
v -0.00329361 0.00355161 -0.01170778
v -0.00525158 0.00255844 -0.01172257
v -0.00511242 0.00281980 -0.01180035
v -0.00503265 0.00304086 -0.01196476
v -0.00506608 0.00082341 -0.01101076
v -0.00568746 0.00057804 -0.01121460
v -0.00570405 -0.00005153 -0.01115238
v -0.00570140 -0.00022592 -0.01114289
v -0.00510947 0.00214765 -0.01133015
v -0.00559383 0.00134510 -0.01134535
v -0.00534655 0.00153651 -0.01122842
v -0.00551226 0.00090110 -0.01115655
v -0.00475187 0.00352122 -0.01237934
v -0.00483452 0.00339167 -0.01221695
v -0.00544720 0.00198275 -0.01151151
v -0.00356062 0.00324089 -0.01157980
v -0.00366331 0.00347389 -0.01162184
v -0.00376295 0.00287285 -0.01147275
v -0.00406123 0.00302755 -0.01144942
v -0.00388011 0.00248843 -0.01141059
v -0.00440544 0.00253046 -0.01129973
v -0.00419659 0.00194083 -0.01127089
v -0.00469049 0.00199143 -0.01117537
v -0.00426746 0.00179031 -0.01123961
v -0.00458939 0.00081053 -0.01109752
v -0.00491114 0.00141931 -0.01107879
v -0.00460789 0.00072300 -0.01108935
v 0.00378004 0.00314941 -0.01718222
v 0.00393547 0.00383426 -0.01758415
v -0.00386891 -0.00470008 -0.01004070
v -0.00263521 -0.00470008 -0.01202550
v -0.00183144 -0.00470008 -0.00953644
v -0.00158995 -0.00470008 -0.00947526
v -0.00074871 -0.00470008 -0.01054198
v -0.00037397 -0.00470008 -0.01129225
v 0.00030805 -0.00470008 -0.01251214
v 0.00111862 -0.00470008 -0.01379404
v 0.00124808 -0.00470008 -0.01398458
v -0.00092984 -0.00470008 -0.01014648
v -0.00140795 -0.00470008 -0.00930518
v -0.00133650 -0.00470008 -0.00911925
v -0.00265431 -0.00470008 -0.01200770
v -0.00533331 -0.00050008 -0.00583397
v -0.00571747 -0.00050008 -0.00583400
v -0.00540382 -0.00050008 -0.00688384
v -0.00204521 -0.00050008 -0.00661458
v -0.00160309 -0.00050008 -0.00823674
v -0.00148019 -0.00050008 -0.00868185
v -0.00144053 -0.00050008 -0.00881157
v -0.00133853 -0.00050008 -0.00912201
v -0.00134385 -0.00050008 -0.00914800
v -0.00181848 -0.00050010 -0.00953539
v -0.00160783 -0.00050011 -0.00948306
v -0.00151448 -0.00050011 -0.00942267
v -0.00143715 -0.00050010 -0.00934413
v -0.00569965 -0.00080582 -0.00574349
v -0.00568810 -0.00093995 -0.00568854
v -0.00563685 -0.00134331 -0.00545678
v -0.00529568 -0.00205025 -0.00254324
v -0.00531790 -0.00229959 -0.00349650
v -0.00531263 -0.00229573 -0.00342681
v -0.00529181 -0.00221706 -0.00297101
v -0.00535838 -0.00228025 -0.00390018
v -0.00542083 -0.00217279 -0.00434726
v -0.00543536 -0.00213925 -0.00443712
v -0.00549499 -0.00197266 -0.00477393
v -0.00556992 -0.00169178 -0.00514860
v -0.00558757 -0.00161116 -0.00523162
v -0.00184196 0.00102502 -0.00953560
v -0.00183706 0.00249992 -0.00953639
v -0.00159505 0.00249992 -0.00947802
v -0.00201735 0.00102511 -0.00949980
v -0.00201653 0.00249992 -0.00950017
v -0.00166122 0.00102495 -0.00950645
v -0.00150287 0.00102489 -0.00941355
v -0.00142263 0.00102488 -0.00932554
v -0.00134673 0.00102487 -0.00916184
v -0.00133851 -0.00010036 -0.00912236
v -0.00141118 0.00249992 -0.00931017
v -0.00133754 0.00249992 -0.00912521
v -0.00133822 0.00121717 -0.00912363
v -0.00133758 0.00310010 -0.00912546
v -0.00582691 0.00016541 -0.00094279
v -0.00584344 0.00009843 -0.00092223
v -0.00588723 -0.00020932 -0.00086064
v -0.00589468 -0.00032663 -0.00085161
v -0.00587904 -0.00066603 -0.00087043
v -0.00585787 -0.00079830 -0.00089624
v -0.00583390 -0.00090864 -0.00092576
v -0.00572969 -0.00123776 -0.00105820
v -0.00570514 -0.00135222 -0.00112549
v -0.00559315 -0.00154298 -0.00124327
v -0.00292276 -0.00402930 -0.01183316
v -0.00333094 -0.00371511 -0.01165299
v -0.00391711 -0.00230105 -0.01139426
v -0.00391829 0.00209895 -0.01139374
v -0.00379331 -0.00299325 -0.01144891
v -0.00263113 -0.00416855 -0.01202942
v -0.00265493 -0.00415914 -0.01200713
v -0.00246911 -0.00467885 -0.01223345
v -0.00285980 -0.00406426 -0.01186363
v 0.00137869 -0.00467944 -0.01417294
v -0.00140795 -0.00350008 -0.00930518
v -0.00133682 -0.00350008 -0.00912114
v -0.00158996 -0.00350008 -0.00947528
v -0.00167452 -0.00350008 -0.00951178
v -0.00183144 -0.00350008 -0.00953643
v -0.00185795 -0.00199118 -0.00953490
v -0.00133805 -0.00199766 -0.00912119
v -0.00167563 -0.00199109 -0.00951129
v -0.00151414 -0.00199103 -0.00942281
v -0.00139930 -0.00199100 -0.00928904
v -0.00160017 -0.00298836 -0.00824314
v -0.00159718 -0.00546092 -0.00824741
v -0.00170673 -0.00542850 -0.00792539
v -0.00196102 -0.00531678 -0.00700528
v -0.00204576 -0.00526138 -0.00660505
v -0.00216247 -0.00515680 -0.00589634
v -0.00226976 -0.00499858 -0.00487589
v -0.00228356 -0.00496872 -0.00468413
v -0.00233151 0.00022492 -0.00368255
v -0.00232967 0.00010523 -0.00374333
v -0.00234640 0.00082554 -0.00284567
v -0.00234190 0.00068245 -0.00322503
v -0.00233903 0.00057686 -0.00337982
v -0.00232618 -0.00040008 -0.00385002
v -0.00232689 -0.00062641 -0.00382936
v -0.00232891 -0.00084473 -0.00376827
v -0.00233154 -0.00102509 -0.00368255
v -0.00234598 -0.00161265 -0.00290361
v -0.00234207 -0.00473913 -0.00317323
v -0.00234194 -0.00148261 -0.00322503
v -0.00233801 -0.00133502 -0.00342971
v -0.00234765 -0.00165008 -0.00260003
v -0.00234753 -0.00161489 -0.00230553
v -0.00233795 -0.00449911 -0.00139215
v -0.00232246 -0.00390835 -0.00058868
v -0.00232249 -0.00395305 -0.00059028
v -0.00232582 -0.00413072 -0.00074460
v -0.00234678 -0.00156150 -0.00213786
v -0.00234562 -0.00148261 -0.00197501
v -0.00234226 -0.00122108 -0.00165744
v -0.00232776 -0.00421206 -0.00083733
v -0.00233358 -0.00439725 -0.00113516
v -0.00233635 -0.00446501 -0.00129357
v -0.00234036 -0.00102508 -0.00151749
v -0.00233835 -0.00069169 -0.00138451
v -0.00233779 -0.00040008 -0.00135002
v -0.00233812 -0.00017391 -0.00137066
v -0.00234035 0.00022492 -0.00151749
v -0.00234169 0.00036959 -0.00161508
v -0.00234559 0.00068245 -0.00197503
v -0.00234639 0.00073751 -0.00208196
v -0.00234739 0.00084798 -0.00266960
v -0.00234760 0.00084992 -0.00260001
v -0.00636343 -0.00200101 -0.00845792
v -0.00653718 -0.00057250 -0.00898695
v -0.00651111 0.00023739 -0.00896720
v -0.00644245 0.00060001 -0.00843658
v -0.00652151 -0.00095155 -0.00897328
v -0.00649365 -0.00072398 -0.00839421
v -0.00635453 -0.00216233 -0.00883376
v -0.00638138 -0.00203059 -0.00885601
v -0.00646924 0.00063110 -0.00893402
v -0.00633648 0.00137786 -0.00882923
v -0.00622293 0.00179060 -0.00855641
v -0.00617672 0.00197768 -0.00870451
v -0.00614945 0.00202372 -0.00838941
v -0.00636992 -0.00217768 -0.00890512
v -0.00617646 0.00198095 -0.00871432
v -0.00646004 0.00143575 -0.00900501
v -0.00634764 0.00211754 -0.00888240
v -0.00613340 0.00219257 -0.00874396
v -0.00638921 0.00141198 -0.00895921
v -0.00615643 0.00208713 -0.00874474
v -0.00649184 0.00162206 -0.00898701
v -0.00663897 0.00025822 -0.00914106
v -0.00663921 -0.00167143 -0.00909824
v -0.00672803 -0.00091708 -0.00916226
v -0.00664966 -0.00096874 -0.00914671
v -0.00647874 -0.00221818 -0.00900855
v -0.00625132 -0.00316810 -0.00881441
v -0.00645635 -0.00251301 -0.00896530
v -0.00652773 -0.00223008 -0.00901727
v -0.00663335 -0.00170654 -0.00909398
v -0.00641565 -0.00219841 -0.00897052
v -0.00640792 -0.00219550 -0.00896298
v -0.00616589 0.00204059 -0.00874038
v -0.00617245 0.00200609 -0.00873229
v -0.00635142 0.00139352 -0.00890099
v -0.00617559 0.00198766 -0.00872260
v -0.00658645 -0.00096272 -0.00910820
v -0.00657862 -0.00096183 -0.00910069
v -0.00657573 0.00025079 -0.00910249
v -0.00652874 0.00024308 -0.00903760
v -0.00639692 0.00141502 -0.00896679
v -0.00656790 0.00024971 -0.00909496
v -0.00653937 -0.00095635 -0.00904350
v -0.00501960 -0.00058347 -0.00136356
v -0.00541507 -0.00058374 -0.00136360
v -0.00580424 -0.00058400 -0.00136365
v -0.00576669 -0.00087032 -0.00144186
v -0.00574385 -0.00102507 -0.00151751
v -0.00572821 -0.00112512 -0.00158179
v -0.00538940 -0.00112546 -0.00158204
v -0.00494948 -0.00112592 -0.00158236
v -0.00498646 -0.00086797 -0.00144090
v -0.00496452 -0.00102508 -0.00151751
v -0.00689244 -0.00039954 -0.01014695
v -0.00685838 -0.00039942 -0.01012142
v -0.00683068 -0.00113056 -0.01011761
v -0.00515943 -0.00519258 -0.00774841
v -0.00519026 -0.00516822 -0.00790402
v -0.00533839 -0.00496168 -0.00813951
v -0.00541012 -0.00487018 -0.00833284
v -0.00542502 -0.00483769 -0.00829678
v -0.00559077 -0.00458146 -0.00857722
v -0.00571039 -0.00439059 -0.00883031
v -0.00586815 -0.00408963 -0.00903555
v -0.00599143 -0.00385684 -0.00927825
v -0.00612483 -0.00355618 -0.00943125
v -0.00692112 -0.00039966 -0.01016102
v -0.00689323 -0.00113536 -0.01015814
v -0.00558432 -0.00502143 -0.00850633
v -0.00581037 -0.00455267 -0.00894760
v -0.00550672 -0.00503814 -0.00845452
v -0.00543810 -0.00498694 -0.00841562
v -0.00541656 -0.00506618 -0.00835976
v -0.00536863 -0.00508376 -0.00829515
v -0.00525477 -0.00513261 -0.00808868
v -0.00540828 -0.00490745 -0.00836547
v -0.00571236 -0.00442258 -0.00886478
v -0.00599615 -0.00388476 -0.00931299
v -0.00626503 -0.00327395 -0.00968423
v -0.00632381 -0.00306105 -0.00968659
v -0.00649782 -0.00259342 -0.00991450
v -0.00648834 -0.00255777 -0.00984315
v -0.00667692 -0.00186792 -0.01002454
v -0.00664983 -0.00190008 -0.00994438
v -0.00640496 -0.00337596 -0.00978711
v -0.00613616 -0.00401886 -0.00940373
v -0.00585069 -0.00457683 -0.00894885
v -0.00660206 -0.00264701 -0.01001509
v -0.00678266 -0.00189467 -0.01012528
v -0.00672042 -0.00188036 -0.01008472
v -0.00653983 -0.00261972 -0.00997556
v -0.00636757 -0.00335820 -0.00978039
v -0.00630465 -0.00331688 -0.00974407
v -0.00609684 -0.00399749 -0.00940029
v -0.00603266 -0.00394375 -0.00936916
v -0.00574602 -0.00449076 -0.00891947
v -0.00682430 -0.00039936 -0.01007982
v -0.00679834 -0.00039947 -0.00998653
v -0.00678640 -0.00112715 -0.01005838
v -0.00677807 -0.00100318 -0.00998844
v -0.00667939 -0.00175659 -0.00996051
v -0.00631560 -0.00216684 -0.00532960
v -0.00524951 0.00344411 -0.00308487
v -0.00502838 0.00397808 -0.00428418
v -0.00489360 0.00377669 -0.00256382
v -0.00638008 0.00212921 -0.00973614
v -0.00554124 0.00383053 -0.00815056
v -0.00590348 0.00317563 -0.00800988
v -0.00560053 0.00375083 -0.00860321
v -0.00584042 0.00334456 -0.00898556
v -0.00647532 0.00183305 -0.00982601
v -0.00663949 0.00118403 -0.00993726
v -0.00672087 0.00071568 -0.00997147
v -0.00679031 -0.00009186 -0.00998700
v -0.00592212 -0.00392490 -0.00796913
v -0.00595211 -0.00373544 -0.00677408
v -0.00555925 -0.00462358 -0.00811822
v -0.00525840 -0.00502492 -0.00707181
v -0.00506120 -0.00527029 -0.00697865
v -0.00532834 -0.00477761 -0.00581379
v -0.00490527 -0.00530680 -0.00580152
v -0.00468434 -0.00500003 -0.00310486
v -0.00462906 -0.00509930 -0.00330924
v -0.00495730 -0.00502583 -0.00457367
v -0.00476775 -0.00486059 -0.00286995
v -0.00492952 -0.00473437 -0.00310702
v -0.00499563 -0.00446136 -0.00230522
v -0.00528175 -0.00425352 -0.00305965
v -0.00522989 -0.00401626 -0.00182699
v -0.00564725 -0.00307414 -0.00116524
v -0.00582812 -0.00316449 -0.00296190
v -0.00600289 -0.00188770 -0.00072316
v -0.00590920 -0.00227195 -0.00083323
v -0.00584401 -0.00249924 -0.00091176
v -0.00611563 -0.00122237 -0.00059557
v -0.00616439 -0.00056233 -0.00054249
v -0.00614869 0.00009835 -0.00055998
v -0.00588578 0.00156835 -0.00087081
v -0.00597223 0.00123716 -0.00076738
v -0.00609500 0.00059509 -0.00062681
v -0.00602997 0.00177261 -0.00293254
v -0.00579307 0.00187037 -0.00098588
v -0.00582762 0.00236364 -0.00298053
v -0.00559394 0.00240942 -0.00125096
v -0.00546858 0.00269957 -0.00143597
v -0.00556775 0.00292392 -0.00303230
v -0.00536937 0.00291068 -0.00159502
v -0.00513122 0.00336901 -0.00203239
v -0.00515065 0.00408645 -0.00558757
v -0.00528026 0.00396982 -0.00584880
v -0.00525066 0.00408379 -0.00633905
v -0.00564643 0.00339163 -0.00571592
v -0.00538921 0.00399330 -0.00716477
v -0.00561095 0.00363416 -0.00695926
v -0.00553213 0.00384201 -0.00808525
v -0.00594104 0.00275944 -0.00558460
v -0.00594445 -0.00354349 -0.00554776
v -0.00615893 -0.00286683 -0.00542876
v -0.00647008 -0.00074579 -0.00522234
v -0.00642840 0.00067382 -0.00527675
v -0.00647440 -0.00004089 -0.00522921
v -0.00616644 0.00208704 -0.00546236
v -0.00632732 0.00138748 -0.00535710
v -0.00605869 0.00291601 -0.00932255
v -0.00618541 0.00259595 -0.00905355
v -0.00642226 0.00164292 -0.00775485
v -0.00662819 -0.00078048 -0.00760569
v -0.00663078 0.00002223 -0.00761322
v -0.00656342 0.00083496 -0.00766570
v -0.00655824 -0.00158704 -0.00764522
v -0.00641899 -0.00239064 -0.00772443
v -0.00566853 -0.00418460 -0.00567869
v -0.00558149 -0.00372726 -0.00301035
v -0.00545310 -0.00354451 -0.00144836
v -0.00532999 -0.00451707 -0.00447554
v -0.00564072 -0.00440841 -0.00692021
v -0.00468651 -0.00527902 -0.00442622
v -0.00457250 -0.00519894 -0.00352561
v -0.00462845 -0.00516754 -0.00331158
v -0.00468448 -0.00513080 -0.00310435
v -0.00463455 -0.00539050 -0.00328865
v -0.00483368 -0.00501120 -0.00258860
v -0.00498310 -0.00472092 -0.00212561
v -0.00508202 -0.00452702 -0.00184799
v -0.00530971 -0.00407644 -0.00128986
v -0.00553296 -0.00362303 -0.00083738
v -0.00579328 -0.00305234 -0.00040225
v -0.00602169 -0.00248564 -0.00008132
v -0.00623380 -0.00185558 0.00018297
v -0.00639998 -0.00118485 0.00037405
v -0.00649016 -0.00058160 0.00047318
v -0.00646253 -0.00081237 0.00044311
v -0.00652130 0.00010926 0.00049942
v -0.00647632 0.00072474 0.00045076
v -0.00637016 0.00133838 0.00033308
v -0.00630354 0.00161525 0.00025698
v -0.00620256 0.00196902 0.00013782
v -0.00611393 0.00224029 0.00002886
v -0.00599258 0.00257327 -0.00012814
v -0.00573725 0.00318743 -0.00049817
v -0.00550184 0.00369255 -0.00090625
v -0.00545648 0.00378533 -0.00099405
v -0.00526346 0.00417206 -0.00140727
v -0.00502512 0.00464123 -0.00201992
v -0.00446943 0.00500234 -0.00573443
v -0.00431861 0.00498132 -0.00526412
v -0.00456576 0.00507363 -0.00571138
v -0.00488595 0.00496671 -0.00686688
v -0.00506836 0.00483466 -0.00744207
v -0.00528600 0.00460454 -0.00798992
v -0.00553824 0.00426564 -0.00845730
v -0.00578901 0.00387782 -0.00885042
v -0.00620404 0.00297815 -0.00954798
v -0.00641144 0.00246648 -0.00981879
v -0.00684612 0.00073971 -0.01014575
v -0.00659338 0.00191222 -0.01000210
v -0.00673909 0.00072102 -0.01004457
v -0.00555434 0.00384661 -0.00860502
v -0.00559388 0.00376744 -0.00863284
v -0.00565051 0.00371701 -0.00876964
v -0.00559898 0.00375638 -0.00862933
v -0.00560086 0.00375196 -0.00862415
v -0.00549420 0.00395933 -0.00853190
v -0.00568201 0.00378838 -0.00882502
v -0.00543014 0.00416680 -0.00843914
v -0.00458359 0.00491965 -0.00625763
v -0.00474998 0.00484765 -0.00684718
v -0.00476349 0.00484813 -0.00688428
v -0.00492532 0.00472495 -0.00739478
v -0.00494917 0.00472026 -0.00745066
v -0.00509152 0.00455692 -0.00782491
v -0.00517270 0.00449610 -0.00798569
v -0.00526780 0.00432720 -0.00817974
v -0.00545641 0.00402671 -0.00847980
v -0.00648864 0.00185568 -0.00990125
v -0.00610218 0.00287410 -0.00945694
v -0.00630807 0.00238586 -0.00972158
v -0.00678292 0.00072944 -0.01010556
v -0.00653018 0.00188353 -0.00996324
v -0.00634755 0.00242684 -0.00978260
v -0.00613909 0.00292820 -0.00951573
v -0.00449481 0.00494509 -0.00592680
v -0.00479271 0.00489911 -0.00688379
v -0.00497860 0.00476846 -0.00745456
v -0.00520191 0.00453987 -0.00799555
v -0.00545917 0.00420492 -0.00845421
v -0.00571137 0.00382248 -0.00884215
v -0.00574777 0.00385287 -0.00885076
v -0.00549601 0.00423856 -0.00846036
v -0.00524065 0.00457688 -0.00799697
v -0.00501948 0.00480762 -0.00745159
v -0.00483481 0.00493979 -0.00687780
v -0.00451238 0.00504564 -0.00572466
v 0.00574404 0.00482245 -0.02427593
v 0.00652153 0.00453970 -0.02241745
v 0.00574404 0.00482245 -0.02118675
v 0.00729434 0.00425866 -0.02035236
v 0.00515197 0.00503776 -0.02008835
v 0.00585692 0.00478140 -0.01966263
v 0.00458252 0.00524486 -0.01918923
v 0.00444149 0.00520861 -0.01874334
v 0.00443192 0.00525755 -0.01885990
v 0.00593829 0.00471283 -0.01941473
v 0.00448056 0.00527186 -0.01901746
v 0.00644139 0.00398441 -0.01903909
v 0.00598584 0.00417010 -0.01884348
v 0.00600516 0.00439576 -0.01898986
v 0.00500266 0.00456881 -0.01848103
v 0.00470633 0.00488952 -0.01852355
v 0.00451441 0.00510482 -0.01862913
v 0.00598905 0.00458132 -0.01918483
v 0.00739753 0.00417715 -0.02009801
v 0.00743770 0.00410563 -0.01997127
v 0.00746446 0.00402581 -0.01986445
v 0.00748917 0.00381618 -0.01967113
v 0.00747020 0.00356597 -0.01953322
v 0.00500512 -0.00456612 -0.01848103
v 0.00360080 -0.00343942 -0.01722381
v 0.00357645 -0.00337883 -0.01718221
v 0.00417569 -0.00260214 -0.01718222
v 0.00416378 0.00515950 -0.01837953
v 0.00420185 0.00531462 -0.01848103
v 0.00417429 0.00260439 -0.01718222
v 0.00464780 -0.00161414 -0.01718222
v 0.00644354 -0.00398095 -0.01903909
v 0.00598800 -0.00416691 -0.01884344
v 0.00449137 -0.00507230 -0.01848103
v 0.00420470 -0.00531236 -0.01848102
v 0.00416866 -0.00516563 -0.01838502
v 0.00464693 0.00161664 -0.01718222
v 0.00747212 -0.00356195 -0.01953322
v 0.00781954 -0.00271566 -0.01953321
v 0.00791657 -0.00241826 -0.01953321
v 0.00488970 -0.00054619 -0.01718222
v 0.00818707 -0.00122144 -0.01953321
v 0.00818641 0.00122584 -0.01953321
v 0.00822602 0.00092334 -0.01953322
v 0.00488941 0.00054882 -0.01718222
v 0.00827768 0.00000222 -0.01953322
v 0.00822652 -0.00091892 -0.01953322
v 0.00791526 0.00242252 -0.01953322
v 0.00781808 0.00271986 -0.01953321
v 0.00379638 0.00531593 -0.01757980
v 0.00408648 0.00530521 -0.01818820
v 0.00249117 0.00545840 -0.01558867
v 0.00326553 0.00538050 -0.01668474
v 0.00347102 0.00535307 -0.01701027
v 0.00375099 0.00531999 -0.01749503
v 0.00416853 -0.00530796 -0.01838458
v 0.00469938 -0.00489701 -0.01852621
v 0.00449332 -0.00526831 -0.01903794
v 0.00443532 -0.00525638 -0.01886397
v 0.00594075 -0.00470966 -0.01941469
v 0.00444340 -0.00520809 -0.01874608
v 0.00599143 -0.00457813 -0.01918479
v 0.00729663 -0.00425474 -0.02035236
v 0.00585942 -0.00477828 -0.01966260
v 0.00458533 -0.00524239 -0.01918923
v 0.00453123 -0.00508541 -0.01861641
v 0.00600744 -0.00439256 -0.01898983
v 0.00739978 -0.00417317 -0.02009801
v 0.00746662 -0.00402180 -0.01986445
v 0.00749122 -0.00381216 -0.01967114
v 0.00574663 -0.00481936 -0.02427593
v 0.00574663 -0.00481936 -0.02118675
v 0.00652397 -0.00453619 -0.02241746
v 0.00515468 -0.00503499 -0.02008836
v -0.00588649 0.00362099 -0.01898868
v -0.00588454 -0.00362415 -0.01898868
v -0.00589905 0.00360049 -0.01898868
v -0.00639123 -0.00262955 -0.01898867
v -0.00682738 -0.00107200 -0.01898867
v -0.00688956 0.00054428 -0.01898867
v -0.00657436 0.00213074 -0.01898867
v -0.00589491 0.00359796 -0.01897059
v -0.00614283 0.00283056 -0.01843850
v -0.00633110 0.00205190 -0.01803431
v -0.00621550 -0.00255725 -0.01827954
v -0.00637995 -0.00179127 -0.01792733
v -0.00645636 0.00128607 -0.01776522
v -0.00648622 -0.00101843 -0.01769987
v -0.00652393 0.00051539 -0.01761988
v -0.00653368 -0.00025199 -0.01759853
v 0.00681193 -0.00435961 -0.02255600
v 0.00575301 -0.00481174 -0.02448867
v 0.00598066 -0.00467191 -0.02448863
v 0.00621108 -0.00443346 -0.02448868
v 0.00701684 -0.00408238 -0.02267628
v 0.00761426 -0.00405170 -0.02049302
v 0.00782628 -0.00373078 -0.02061118
v 0.00033548 -0.00752311 -0.02448868
v 0.00033547 -0.00749249 -0.02448868
v 0.00076903 -0.00746047 -0.02448868
v 0.00198041 -0.00746842 -0.02448867
v 0.00542088 -0.00643848 -0.02448867
v 0.00507350 -0.00671562 -0.02448868
v 0.00484373 -0.00686285 -0.02448867
v 0.00600322 0.00465516 -0.02448863
v 0.00575043 0.00481483 -0.02448868
v 0.00629248 0.00558970 -0.02448867
v 0.00565354 0.00492824 -0.02448868
v 0.00541742 0.00644139 -0.02448867
v 0.00435321 0.00610733 -0.02448867
v 0.00506989 0.00671834 -0.02448867
v 0.00484004 0.00686546 -0.02448868
v 0.00281443 0.00695190 -0.02448868
v 0.00449275 0.00700965 -0.02448867
v 0.00467010 0.00694657 -0.02448868
v 0.00033144 0.00749267 -0.02448867
v 0.00033143 0.00752329 -0.02448868
v 0.00112150 0.00741567 -0.02448868
v 0.00145657 0.00750397 -0.02448868
v 0.00299741 0.00734573 -0.02448868
v 0.00467384 -0.00694405 -0.02448867
v 0.00449651 -0.00700724 -0.02448867
v 0.00349570 -0.00725467 -0.02448867
v 0.00274138 -0.00738322 -0.02448868
v 0.00620869 0.00443680 -0.02448868
v 0.00703508 0.00462034 -0.02448868
v 0.00672084 0.00361434 -0.02448868
v 0.00762961 0.00355373 -0.02448867
v 0.00729885 0.00222709 -0.02448868
v 0.00806354 0.00241232 -0.02448868
v 0.00759377 0.00075347 -0.02448868
v 0.00832774 0.00122013 -0.02448868
v 0.00759418 -0.00074938 -0.02448867
v 0.00497199 -0.00561509 -0.02448868
v 0.00629548 -0.00558631 -0.02448867
v 0.00703757 -0.00461656 -0.02448868
v 0.00763152 -0.00354963 -0.02448867
v 0.00672278 -0.00361072 -0.02448868
v 0.00806483 -0.00240799 -0.02448867
v 0.00730004 -0.00222316 -0.02448867
v 0.00832839 -0.00121566 -0.02448867
v 0.00841665 0.00000226 -0.02448868
v 0.00701465 0.00408615 -0.02267627
v 0.00761208 0.00405579 -0.02049304
v 0.00680959 0.00436327 -0.02255600
v 0.00782428 0.00373499 -0.02061119
v 0.00753457 0.00410212 -0.02013369
v 0.00757428 0.00410212 -0.02035319
v 0.00779344 0.00386013 -0.02035348
v 0.00784550 0.00374512 -0.02020743
v 0.00773973 0.00386011 -0.02005664
v 0.00772067 0.00368553 -0.01982739
v 0.00758475 0.00386007 -0.01979787
v 0.00859769 0.00128742 -0.02020744
v 0.00831292 0.00254422 -0.02020744
v 0.00829044 0.00253734 -0.02061118
v 0.00818200 -0.00249934 -0.01982738
v 0.00846157 -0.00126239 -0.01982739
v 0.00855522 0.00000230 -0.01982740
v 0.00846089 0.00126694 -0.01982739
v 0.00818065 0.00250374 -0.01982738
v 0.00869355 0.00000234 -0.02020743
v 0.00859838 -0.00128280 -0.02020743
v 0.00772265 -0.00368138 -0.01982739
v 0.00831429 -0.00253975 -0.02020743
v 0.00784751 -0.00374090 -0.02020743
v 0.00829180 -0.00253288 -0.02061119
v 0.00857512 -0.00127933 -0.02061118
v 0.00857443 0.00128394 -0.02061118
v 0.00862767 0.00085605 -0.02061118
v 0.00867003 0.00000233 -0.02061118
v 0.00862813 -0.00085141 -0.02061118
v 0.00056396 -0.00309985 -0.01718222
v 0.00279290 -0.00309925 -0.01718223
v 0.00357639 -0.00315210 -0.01718222
v -0.00121071 -0.00010032 -0.00947506
v -0.00106805 -0.00010029 -0.00983407
v -0.00093552 -0.00430026 -0.01014240
v -0.00106743 -0.00430029 -0.00983431
v -0.00051986 -0.00184388 -0.01101686
v -0.00051963 -0.00430014 -0.01101667
v -0.00066064 -0.00430018 -0.01073324
v -0.00079960 -0.00430022 -0.01044182
v 0.00753677 -0.00409807 -0.02013368
v 0.00779551 -0.00385594 -0.02035347
v 0.00757648 -0.00409805 -0.02035319
v 0.00774181 -0.00385595 -0.02005665
v 0.00758682 -0.00385599 -0.01979787
v 0.00469759 0.00770469 -0.02417691
v 0.00468168 0.00765071 -0.02423092
v 0.00310249 0.00800291 -0.02423382
v 0.00150712 0.00848714 -0.02366291
v 0.00072135 0.00848764 -0.02376284
v 0.00086445 0.00852130 -0.02345240
v 0.00149064 0.00816667 -0.02423532
v 0.00047227 0.00818103 -0.02424287
v 0.00059859 0.00837950 -0.02400844
v 0.00037993 0.00793489 -0.02440434
v 0.00147459 0.00785437 -0.02442302
v 0.00033499 0.00766220 -0.02448028
v 0.00459277 0.00734902 -0.02442183
v 0.00305297 0.00769335 -0.02442260
v 0.00313358 0.00819729 -0.02399570
v 0.00150075 0.00836323 -0.02399844
v 0.00473727 0.00783932 -0.02399036
v 0.00315304 0.00831898 -0.02365866
v 0.00477160 0.00795580 -0.02365046
v 0.00475771 0.00790866 -0.02383595
v 0.00150789 0.00850217 -0.02345196
v 0.00240045 0.00843336 -0.02344996
v 0.00315530 0.00833291 -0.02344700
v 0.00421865 0.00811791 -0.02344117
v 0.00477508 0.00796760 -0.02343743
v 0.00505473 0.00786882 -0.02352781
v 0.00500654 0.00717465 -0.02442353
v 0.00502107 0.00778807 -0.02389858
v 0.00525755 0.00764083 -0.02396188
v 0.00530993 0.00773811 -0.02362167
v 0.00515209 0.00744497 -0.02424099
v 0.00524475 0.00695005 -0.02444562
v 0.00543659 0.00720427 -0.02428203
v 0.00558142 0.00739619 -0.02401675
v 0.00565173 0.00748937 -0.02374749
v 0.00560426 0.00666355 -0.02444562
v 0.00650950 0.00578248 -0.02444561
v 0.00727772 0.00477970 -0.02444562
v 0.00789275 0.00367630 -0.02444561
v 0.00834164 0.00249552 -0.02444562
v 0.00861496 0.00126222 -0.02444561
v 0.00870693 0.00000234 -0.02444562
v 0.00861563 -0.00125758 -0.02444562
v 0.00834299 -0.00249104 -0.02444561
v 0.00789472 -0.00367206 -0.02444561
v 0.00728029 -0.00477578 -0.02444562
v 0.00651261 -0.00577898 -0.02444562
v 0.00560784 -0.00666054 -0.02444561
v 0.00524849 -0.00694723 -0.02444561
v 0.00544046 -0.00720134 -0.02428203
v 0.00558540 -0.00739319 -0.02401674
v 0.00581296 -0.00690417 -0.02428203
v 0.00744460 -0.00571057 -0.02374750
v 0.00701797 -0.00622742 -0.02374750
v 0.00693066 -0.00614995 -0.02401674
v 0.00604300 -0.00717738 -0.02374750
v 0.00596782 -0.00708809 -0.02401675
v 0.00565576 -0.00748633 -0.02374749
v 0.00784522 -0.00514637 -0.02374749
v 0.00774762 -0.00508235 -0.02401674
v 0.00837661 -0.00422672 -0.02374750
v 0.00840150 -0.00390777 -0.02401675
v 0.00850734 -0.00395700 -0.02374750
v 0.00887854 -0.00265094 -0.02401675
v 0.00899038 -0.00268434 -0.02374749
v 0.00916869 -0.00133831 -0.02401674
v 0.00928419 -0.00135517 -0.02374750
v 0.00837433 0.00423122 -0.02374750
v 0.00850521 0.00396157 -0.02374750
v 0.00839940 0.00391229 -0.02401674
v 0.00898894 0.00268917 -0.02374750
v 0.00887711 0.00265571 -0.02401675
v 0.00928346 0.00136016 -0.02374749
v 0.00916797 0.00134324 -0.02401674
v 0.00934134 0.00087865 -0.02374750
v 0.00926585 0.00000249 -0.02401674
v 0.00938257 0.00000252 -0.02374749
v 0.00934181 -0.00087363 -0.02374749
v 0.00784246 0.00515059 -0.02374749
v 0.00774489 0.00508651 -0.02401675
v 0.00744152 0.00571458 -0.02374749
v 0.00692736 0.00615367 -0.02401675
v 0.00701462 0.00623119 -0.02374750
v 0.00596401 0.00709130 -0.02401675
v 0.00603914 0.00718063 -0.02374750
v 0.00675082 -0.00599036 -0.02428203
v 0.00754658 -0.00495047 -0.02428203
v 0.00818349 -0.00380637 -0.02428203
v 0.00864815 -0.00258215 -0.02428203
v 0.00893077 -0.00130358 -0.02428203
v 0.00902541 0.00000243 -0.02428203
v 0.00893007 0.00130839 -0.02428203
v 0.00864676 0.00258680 -0.02428203
v 0.00818145 0.00381077 -0.02428204
v 0.00754392 0.00495452 -0.02428203
v 0.00674760 0.00599399 -0.02428203
v 0.00580925 0.00690729 -0.02428204
v 0.00501039 -0.00717196 -0.02442354
v 0.00515609 -0.00744220 -0.02424100
v 0.00526166 -0.00763801 -0.02396188
v 0.00531409 -0.00773525 -0.02362167
v 0.00477590 -0.00795331 -0.02364996
v 0.00476196 -0.00790610 -0.02383595
v 0.00502525 -0.00778537 -0.02389858
v 0.00474155 -0.00783698 -0.02399000
v 0.00505896 -0.00786610 -0.02352781
v 0.00477936 -0.00796503 -0.02343743
v 0.00470174 -0.00770217 -0.02417691
v 0.00468577 -0.00764809 -0.02423101
v 0.00459670 -0.00734649 -0.02442185
v 0.00356460 -0.00760024 -0.02442240
v 0.00033864 -0.00764741 -0.02448048
v 0.00200941 -0.00781818 -0.02442297
v 0.00038562 -0.00792984 -0.02439982
v 0.00203527 -0.00812988 -0.02423516
v 0.00047683 -0.00817899 -0.02424174
v 0.00205157 -0.00832633 -0.02399760
v 0.00058964 -0.00836047 -0.02403481
v 0.00206180 -0.00844970 -0.02366168
v 0.00072264 -0.00848176 -0.02376939
v 0.00206303 -0.00846445 -0.02345111
v 0.00086902 -0.00852083 -0.02345241
v 0.00362597 -0.00790783 -0.02423312
v 0.00366453 -0.00810109 -0.02399386
v 0.00368850 -0.00822131 -0.02365591
v 0.00369117 -0.00823458 -0.02344438
v 0.00240528 -0.00843170 -0.02345013
v 0.00521849 0.00000140 -0.00393320
v 0.00397502 0.00000107 -0.00242606
v 0.00399874 -0.00057845 -0.00250098
v 0.00279271 -0.00031531 -0.00136634
v 0.00277512 -0.00034687 -0.00135506
v 0.00335573 -0.00047760 -0.00184724
v 0.00169475 -0.00223310 -0.00104017
v 0.00154892 -0.00248154 -0.00103523
v 0.00219823 -0.00293398 -0.00172215
v 0.00122573 -0.00302458 -0.00104383
v 0.00897724 -0.00089461 -0.01255806
v 0.00904276 0.00000243 -0.01254489
v 0.00830666 0.00000223 -0.01020188
v 0.00849216 -0.00264082 -0.01265810
v 0.00809961 -0.00346602 -0.01274144
v 0.00887217 -0.00357063 -0.01570482
v 0.01018975 -0.00187812 -0.01872833
v 0.01033780 -0.00151845 -0.01909662
v 0.01044533 -0.00077333 -0.01901117
v 0.00994854 -0.00290691 -0.01939091
v 0.00989652 -0.00278632 -0.01878464
v 0.00956656 -0.00183391 -0.01556334
v 0.00474142 -0.00773245 -0.01990026
v 0.00497613 -0.00789442 -0.02324789
v 0.00589716 -0.00749926 -0.02243256
v 0.00389263 -0.00799389 -0.02011904
v 0.00050508 -0.00839170 -0.02054779
v 0.00072684 -0.00853297 -0.02376429
v 0.00079831 -0.00852710 -0.02360828
v 0.00216773 -0.00832090 -0.02061586
v -0.00021049 -0.00744578 -0.00873582
v -0.00017472 -0.00757716 -0.00982842
v 0.00107238 -0.00748161 -0.00943384
v -0.00007012 -0.00782257 -0.01240958
v 0.00120674 -0.00766210 -0.01110859
v 0.00004471 -0.00798933 -0.01457536
v 0.00149690 -0.00793378 -0.01444078
v 0.00182880 -0.00814711 -0.01750256
v -0.00028915 -0.00687041 -0.00552346
v -0.00026823 -0.00709452 -0.00654025
v 0.00080779 -0.00697778 -0.00634375
v -0.00025989 -0.00716443 -0.00690832
v 0.00066881 -0.00664029 -0.00502802
v -0.00029616 -0.00678258 -0.00517650
v 0.00032784 -0.00586916 -0.00293533
v -0.00035910 -0.00612577 -0.00316039
v 0.00051283 -0.00626316 -0.00389064
v -0.00031825 -0.00650712 -0.00422459
v -0.00031293 -0.00657048 -0.00442760
v -0.00042387 -0.00575986 -0.00234762
v -0.00038754 -0.00594274 -0.00272590
v -0.00036559 -0.00607981 -0.00304662
v 0.00009895 -0.00548064 -0.00215757
v -0.00017943 -0.00511235 -0.00153880
v -0.00050566 -0.00545928 -0.00183995
v 0.00469140 -0.00576912 -0.00873398
v 0.00509620 -0.00593097 -0.01022453
v 0.00567715 -0.00538612 -0.01010176
v 0.00584391 -0.00616862 -0.01325584
v 0.00648396 -0.00560603 -0.01310358
v 0.00652524 -0.00634582 -0.01622586
v 0.00720296 -0.00576982 -0.01606881
v 0.00711396 -0.00648877 -0.01935329
v 0.00781378 -0.00590235 -0.01920489
v 0.01037267 -0.00094410 -0.01869372
v 0.00975353 -0.00092186 -0.01552658
v 0.01048299 0.00000282 -0.01898043
v 0.01023655 0.00000275 -0.01753210
v 0.00981825 0.00000264 -0.01551406
v 0.00939111 0.00000252 -0.01379603
v 0.00215931 -0.00143109 -0.00110484
v 0.00273432 -0.00196141 -0.00171842
v 0.00341396 -0.00228582 -0.00249440
v 0.00426096 -0.00556618 -0.00730046
v 0.00476161 -0.00504929 -0.00721660
v 0.00380110 -0.00531285 -0.00595419
v 0.00469239 -0.00425218 -0.00581135
v 0.00524282 -0.00446113 -0.00712694
v 0.00569087 -0.00381122 -0.00703644
v 0.00622775 -0.00476315 -0.00998368
v 0.00673409 -0.00407240 -0.00987364
v 0.00708200 -0.00496061 -0.01296594
v 0.00762505 -0.00424327 -0.01284464
v 0.00782762 -0.00510753 -0.01592885
v 0.00838788 -0.00437031 -0.01580711
v 0.00845161 -0.00522671 -0.01907280
v 0.00901779 -0.00447354 -0.01895798
v 0.00330917 -0.00500327 -0.00472020
v 0.00260998 -0.00064067 -0.00126234
v 0.00318914 -0.00096376 -0.00178934
v 0.00385947 -0.00115576 -0.00248893
v 0.00457445 -0.00130339 -0.00335195
v 0.00296669 0.00000080 -0.00149219
v 0.00347355 0.00000093 -0.00192155
v 0.00602583 -0.00151771 -0.00553452
v 0.00530967 -0.00142215 -0.00437337
v 0.00508811 -0.00211284 -0.00441712
v 0.00410952 -0.00255481 -0.00341464
v 0.00284445 -0.00333736 -0.00254937
v 0.00165205 -0.00379144 -0.00177138
v 0.00060367 -0.00402277 -0.00113708
v 0.00755503 -0.00253282 -0.00969258
v 0.00718142 -0.00332519 -0.00977536
v 0.00701746 -0.00245944 -0.00825197
v 0.00609101 -0.00310995 -0.00695064
v 0.00642849 -0.00236774 -0.00687510
v 0.00547153 -0.00296124 -0.00565642
v 0.00784014 -0.00170661 -0.00962895
v 0.00729167 -0.00165694 -0.00818900
v -0.00013552 -0.00505934 -0.00150432
v 0.00061620 -0.00505063 -0.00197866
v 0.00001310 -0.00487092 -0.00140022
v 0.00018583 -0.00463697 -0.00130034
v 0.00668830 -0.00159489 -0.00681499
v 0.00578406 -0.00225370 -0.00558869
v 0.00480376 -0.00277803 -0.00447286
v 0.00410198 -0.00399608 -0.00460238
v 0.00348195 -0.00369135 -0.00351186
v 0.00278589 -0.00464197 -0.00360769
v 0.00223269 -0.00423549 -0.00262289
v 0.00161957 -0.00494298 -0.00270066
v 0.00112838 -0.00449050 -0.00185030
v 0.00026866 -0.00451989 -0.00125936
v 0.00099203 -0.00548154 -0.00280317
v 0.00131874 -0.00590665 -0.00377790
v 0.00206960 -0.00537311 -0.00368859
v 0.00114656 -0.00649657 -0.00496337
v 0.00205083 -0.00606097 -0.00485746
v 0.00160661 -0.00630388 -0.00490689
v 0.00186666 -0.00665372 -0.00619047
v 0.00134588 -0.00684254 -0.00626152
v 0.00153256 -0.00712766 -0.00771868
v 0.00094055 -0.00725707 -0.00782712
v -0.00022976 -0.00735513 -0.00807877
v 0.00248126 -0.00576538 -0.00481243
v 0.00286101 -0.00610635 -0.00607052
v 0.00333717 -0.00574196 -0.00601400
v 0.00321522 -0.00638571 -0.00745674
v 0.00374555 -0.00601058 -0.00737925
v 0.00354872 -0.00660884 -0.00894093
v 0.00412899 -0.00622543 -0.00883644
v 0.00386586 -0.00678631 -0.01048507
v 0.00449153 -0.00639649 -0.01035180
v 0.00446843 -0.00704652 -0.01360112
v 0.00517015 -0.00664736 -0.01342186
v 0.00504684 -0.00724164 -0.01658905
v 0.00580379 -0.00683479 -0.01639938
v 0.00556785 -0.00739821 -0.01970023
v 0.00636201 -0.00698553 -0.01951816
v 0.00682887 -0.00695770 -0.02164102
v 0.00776646 -0.00621756 -0.02091367
v 0.00237129 -0.00640922 -0.00612795
v 0.00266974 -0.00669482 -0.00753668
v 0.00295176 -0.00692281 -0.00905020
v 0.00322186 -0.00710412 -0.01062588
v 0.00374450 -0.00737043 -0.01379314
v 0.00426264 -0.00757133 -0.01679454
v 0.00210892 -0.00694113 -0.00762286
v 0.00233926 -0.00717074 -0.00916706
v 0.00256222 -0.00735360 -0.01077575
v 0.00300411 -0.00762339 -0.01399741
v 0.00345940 -0.00782883 -0.01701550
v 0.00937505 -0.00415303 -0.01979601
v 0.00950265 -0.00365576 -0.01886156
v 0.00926892 -0.00272099 -0.01562317
v 0.00878921 -0.00177969 -0.01259638
v 0.00802197 -0.00085784 -0.00958811
v 0.00746719 -0.00083285 -0.00814790
v 0.00738719 0.00000199 -0.00779746
v 0.00685524 -0.00080161 -0.00677530
v 0.00691413 0.00000186 -0.00676096
v 0.00618182 -0.00076275 -0.00549858
v 0.00633643 0.00000170 -0.00565847
v 0.00545358 -0.00071454 -0.00434498
v 0.00471040 -0.00065423 -0.00333846
v 0.00864077 -0.00526412 -0.02029869
v -0.00381463 -0.00671205 -0.00803667
v -0.00359538 -0.00651890 -0.00630510
v -0.00385035 -0.00646214 -0.00633477
v -0.00344232 -0.00554371 -0.00193634
v -0.00378443 -0.00539103 -0.00176429
v -0.00392384 -0.00574948 -0.00298413
v -0.00098892 -0.00535297 -0.00156854
v -0.00113184 -0.00532762 -0.00150827
v -0.00122320 -0.00575363 -0.00223561
v -0.00156797 -0.00526726 -0.00136331
v -0.00190574 -0.00523579 -0.00127930
v -0.00207435 -0.00569225 -0.00215528
v -0.00393536 -0.00780758 -0.02865956
v -0.00360720 -0.00794436 -0.02843625
v -0.00363794 -0.00782428 -0.02472932
v -0.00172321 -0.00843536 -0.02694293
v -0.00108346 -0.00851227 -0.02631957
v -0.00119618 -0.00840841 -0.02359560
v -0.00101577 -0.00851821 -0.02624857
v -0.00088570 -0.00852847 -0.02610890
v -0.00041414 -0.00855339 -0.02555930
v 0.00012279 -0.00855870 -0.02482423
v -0.00287765 -0.00808038 -0.02437889
v -0.00245099 -0.00829755 -0.02756938
v -0.00220626 -0.00835036 -0.02736721
v -0.00320841 -0.00808726 -0.02815157
v -0.00361383 -0.00768225 -0.02093685
v -0.00294041 -0.00789598 -0.02064005
v -0.00299333 -0.00768100 -0.01716980
v -0.00520591 -0.00681327 -0.02191664
v -0.00469425 -0.00716602 -0.02136981
v -0.00473389 -0.00699805 -0.01792219
v -0.00440947 -0.00719131 -0.01772855
v -0.00463509 -0.00701679 -0.01668559
v -0.00432845 -0.00715536 -0.01584530
v -0.00454451 -0.00699177 -0.01471232
v -0.00428915 -0.00707709 -0.01389474
v -0.00561651 -0.00664378 -0.02601442
v -0.00505387 -0.00713419 -0.02746366
v -0.00557366 -0.00665841 -0.02541681
v -0.00497605 -0.00712220 -0.02526607
v -0.00530683 -0.00676898 -0.02274524
v -0.00527940 -0.00678101 -0.02251543
v -0.00070914 -0.00541193 -0.00171165
v -0.00133032 -0.00614871 -0.00318894
v -0.00156557 -0.00683022 -0.00577390
v -0.00165170 -0.00710619 -0.00737700
v -0.00169336 -0.00733596 -0.00914848
v -0.00145015 -0.00650920 -0.00437202
v -0.00137760 -0.00820548 -0.01995639
v -0.00154425 -0.00796411 -0.01659709
v -0.00305037 -0.00742603 -0.01343212
v -0.00166656 -0.00769003 -0.01293576
v -0.00301626 -0.00710299 -0.00957246
v -0.00291875 -0.00690435 -0.00774515
v -0.00274735 -0.00667423 -0.00606268
v -0.00252412 -0.00640295 -0.00455741
v -0.00228850 -0.00607879 -0.00324985
v -0.00343644 -0.00533404 -0.00143868
v -0.00340673 -0.00510371 -0.00100495
v -0.00356973 -0.00508637 -0.00100880
v -0.00312473 -0.00559856 -0.00206148
v -0.00309028 -0.00537710 -0.00152556
v -0.00294699 -0.00513712 -0.00107378
v -0.00219479 -0.00521518 -0.00121919
v -0.00277745 -0.00515953 -0.00110804
v -0.00279303 -0.00564007 -0.00212362
v -0.00286484 -0.00514680 -0.00108996
v -0.00358859 -0.00589170 -0.00312626
v -0.00399878 -0.00590754 -0.00367679
v -0.00381494 -0.00617336 -0.00457647
v -0.00410829 -0.00609798 -0.00469514
v -0.00404288 -0.00640637 -0.00624112
v -0.00357442 -0.00624042 -0.00472414
v -0.00331398 -0.00629061 -0.00472940
v -0.00330796 -0.00596113 -0.00329239
v -0.00302762 -0.00600499 -0.00332929
v -0.00438575 -0.00653078 -0.00803577
v -0.00444970 -0.00669557 -0.00974137
v -0.00419535 -0.00681797 -0.00997329
v -0.00446916 -0.00676876 -0.01062136
v -0.00452414 -0.00696568 -0.01393481
v -0.00394090 -0.00688492 -0.00989496
v -0.00406920 -0.00664983 -0.00809583
v -0.00375987 -0.00505839 -0.00103405
v -0.00427197 -0.00634180 -0.00638706
v -0.00401652 -0.00716639 -0.01379413
v -0.00405933 -0.00734718 -0.01759729
v -0.00420052 -0.00743743 -0.02118433
v -0.00433831 -0.00750545 -0.02503029
v -0.00458513 -0.00747782 -0.02907703
v -0.00519582 -0.00708286 -0.02944664
v -0.00575422 -0.00663347 -0.02976452
v 0.00059830 -0.00854167 -0.02402061
v -0.00357778 0.00623849 -0.00472414
v -0.00385382 0.00646008 -0.00633478
v -0.00404632 0.00640419 -0.00624111
v -0.00381826 0.00617131 -0.00457647
v -0.00359176 0.00588977 -0.00312626
v -0.00331117 0.00595936 -0.00329239
v -0.00278022 0.00515804 -0.00110804
v -0.00258572 0.00518205 -0.00114620
v -0.00309317 0.00537544 -0.00152556
v -0.00297917 0.00815853 -0.02797615
v -0.00366420 0.00792159 -0.02847126
v -0.00364214 0.00782232 -0.02472932
v -0.00559405 0.00677211 -0.02967264
v -0.00575778 0.00663038 -0.02976451
v -0.00562146 0.00664033 -0.02603536
v -0.00495912 0.00724676 -0.02930338
v -0.00505770 0.00713147 -0.02746366
v -0.00433216 0.00761609 -0.02891643
v -0.00434235 0.00750312 -0.02503030
v -0.00388539 0.00782933 -0.02862265
v -0.00108372 0.00851206 -0.02631434
v -0.00149839 0.00846658 -0.02672822
v -0.00288199 0.00807883 -0.02437890
v -0.00229229 0.00833229 -0.02743550
v 0.00028724 0.00855531 -0.02455964
v 0.00013811 0.00855850 -0.02479417
v -0.00120070 0.00840776 -0.02359561
v 0.00072226 0.00853336 -0.02376430
v -0.00024227 0.00855772 -0.02533266
v -0.00083077 0.00853220 -0.02604262
v -0.00089070 0.00852794 -0.02610851
v -0.00167069 0.00768913 -0.01293576
v -0.00007433 0.00782254 -0.01240958
v -0.00154853 0.00796329 -0.01659710
v 0.00004041 0.00798935 -0.01457536
v -0.00138201 0.00820474 -0.01995640
v 0.00050057 0.00839197 -0.02054779
v 0.00066387 0.00849793 -0.02281221
v -0.00361795 0.00768031 -0.02093685
v -0.00294466 0.00789440 -0.02064005
v -0.00406328 0.00734500 -0.01759728
v -0.00420452 0.00743517 -0.02118433
v -0.00531047 0.00676613 -0.02274522
v -0.00469810 0.00716349 -0.02136981
v -0.00557724 0.00665541 -0.02541682
v -0.00497987 0.00711952 -0.02526607
v -0.00374014 0.00506093 -0.00102735
v -0.00357246 0.00508446 -0.00100879
v -0.00343930 0.00533219 -0.00143868
v -0.00322342 0.00511494 -0.00102632
v -0.00311069 0.00512237 -0.00104477
v -0.00219759 0.00521400 -0.00121920
v -0.00279606 0.00563857 -0.00212362
v -0.00312774 0.00559688 -0.00206148
v -0.00344530 0.00554186 -0.00193634
v -0.00392693 0.00574737 -0.00298412
v -0.00380650 0.00544670 -0.00192931
v -0.00376258 0.00505637 -0.00103406
v -0.00375401 0.00510640 -0.00112199
v -0.00379593 0.00541579 -0.00183942
v -0.00380117 0.00543134 -0.00188420
v -0.00441333 0.00718894 -0.01772856
v -0.00433229 0.00715303 -0.01584530
v -0.00402038 0.00716423 -0.01379412
v -0.00429295 0.00707479 -0.01389474
v -0.00394460 0.00688280 -0.00989495
v -0.00419901 0.00681572 -0.00997329
v -0.00381823 0.00671000 -0.00803667
v -0.00407278 0.00664764 -0.00809584
v -0.00359888 0.00651696 -0.00630509
v -0.00331736 0.00628883 -0.00472940
v -0.00303085 0.00600337 -0.00332929
v -0.00430285 0.00638068 -0.00672128
v -0.00411156 0.00609577 -0.00469514
v -0.00402204 0.00594362 -0.00386267
v -0.00394049 0.00577733 -0.00310776
v -0.00299746 0.00767939 -0.01716980
v -0.00305436 0.00742439 -0.01343211
v -0.00302008 0.00710137 -0.00957245
v -0.00292246 0.00690278 -0.00774514
v -0.00275094 0.00667275 -0.00606269
v -0.00252756 0.00640160 -0.00455741
v -0.00229177 0.00607756 -0.00324985
v -0.00207741 0.00569114 -0.00215527
v -0.00122629 0.00575298 -0.00223561
v -0.00135715 0.00529330 -0.00142792
v -0.00099180 0.00535243 -0.00156853
v -0.00036886 0.00607961 -0.00304662
v -0.00036240 0.00612557 -0.00316039
v -0.00133362 0.00614800 -0.00318893
v -0.00032808 0.00643535 -0.00400530
v -0.00145365 0.00650842 -0.00437202
v -0.00039074 0.00594254 -0.00272589
v -0.00042251 0.00577989 -0.00238650
v -0.00050859 0.00545901 -0.00183995
v -0.00031646 0.00657031 -0.00442760
v -0.00029981 0.00678241 -0.00517650
v -0.00156924 0.00682938 -0.00577390
v -0.00029284 0.00687025 -0.00552346
v -0.00165552 0.00710530 -0.00737700
v -0.00027204 0.00709437 -0.00654024
v -0.00026375 0.00716429 -0.00690833
v -0.00023371 0.00735501 -0.00807876
v -0.00169730 0.00733505 -0.00914849
v -0.00021450 0.00744566 -0.00873582
v -0.00017879 0.00757706 -0.00982841
v -0.00011568 0.00774169 -0.01147478
v -0.00438926 0.00652842 -0.00803577
v -0.00447280 0.00676635 -0.01062138
v -0.00450087 0.00688927 -0.01241639
v -0.00458849 0.00701062 -0.01577418
v -0.00463886 0.00701430 -0.01668559
v -0.00485588 0.00695694 -0.01905619
v -0.00515370 0.00683491 -0.02147218
v 0.00217769 0.00139893 -0.00110941
v 0.00235554 0.00108866 -0.00115987
v 0.00273326 0.00196288 -0.00171842
v 0.00032883 0.00733220 -0.00795106
v 0.00093665 0.00725757 -0.00782711
v 0.00120262 0.00766275 -0.01110858
v 0.00333408 0.00574375 -0.00601400
v 0.00379824 0.00531489 -0.00595419
v 0.00425796 0.00556847 -0.00730046
v 0.00050947 0.00626344 -0.00389064
v 0.00556388 0.00740120 -0.01970022
v 0.00589301 0.00750274 -0.02243267
v 0.00497188 0.00789709 -0.02324788
v 0.00682486 0.00696209 -0.02164123
v 0.00635826 0.00698895 -0.01951815
v 0.00504295 0.00724435 -0.01658906
v 0.01044324 0.00078072 -0.01901335
v 0.01037216 0.00094968 -0.01869372
v 0.01033363 0.00152790 -0.01910101
v 0.00009600 0.00548069 -0.00215757
v 0.00032468 0.00586933 -0.00293534
v 0.00066524 0.00664065 -0.00502802
v 0.00080403 0.00697821 -0.00634375
v 0.00051214 0.00772861 -0.01129436
v 0.00216325 0.00832207 -0.02061586
v 0.00079373 0.00852754 -0.02360829
v 0.00388833 0.00799597 -0.02011905
v 0.00887025 0.00357539 -0.01570482
v 0.00762277 0.00424737 -0.01284465
v 0.00809774 0.00347037 -0.01274144
v 0.00673190 0.00407602 -0.00987364
v 0.00717964 0.00332905 -0.00977537
v 0.00950068 0.00366087 -0.01886156
v 0.00901539 0.00447839 -0.01895799
v 0.00838553 0.00437482 -0.01580712
v 0.00782488 0.00511174 -0.01592885
v 0.00707934 0.00496442 -0.01296594
v 0.00648095 0.00560951 -0.01310358
v 0.00567426 0.00538917 -0.01010176
v 0.00509302 0.00593371 -0.01022453
v 0.00468830 0.00577164 -0.00873398
v 0.00844880 0.00523125 -0.01907280
v 0.00719986 0.00577369 -0.01606881
v 0.00584060 0.00617176 -0.01325586
v 0.00448810 0.00639891 -0.01035180
v 0.00473726 0.00773500 -0.01990026
v 0.00425857 0.00757362 -0.01679452
v 0.00374054 0.00737244 -0.01379314
v 0.00776275 0.00622276 -0.02091394
v 0.00711047 0.00649259 -0.01935330
v 0.00580011 0.00683791 -0.01639939
v 0.00446464 0.00704892 -0.01360112
v 0.00321804 0.00710585 -0.01062588
v 0.00210518 0.00694227 -0.00762286
v 0.00255826 0.00735497 -0.01077576
v 0.00300001 0.00762501 -0.01399741
v 0.00345520 0.00783069 -0.01701549
v 0.00122411 0.00302524 -0.00104382
v 0.00165001 0.00379233 -0.00177138
v 0.00072071 0.00383864 -0.00110822
v 0.00112597 0.00449111 -0.00185030
v 0.00330648 0.00500505 -0.00472020
v 0.00247816 0.00576671 -0.00481242
v 0.00278340 0.00464346 -0.00360769
v 0.00206671 0.00537422 -0.00368860
v 0.00223041 0.00423669 -0.00262290
v 0.00374232 0.00601260 -0.00737926
v 0.00285773 0.00610789 -0.00607052
v 0.00204757 0.00606208 -0.00485746
v 0.00131556 0.00590736 -0.00377791
v -0.00015282 0.00507699 -0.00151556
v 0.00026623 0.00452003 -0.00125936
v 0.00061349 0.00505096 -0.00197867
v 0.00039621 0.00433148 -0.00120393
v 0.00059544 0.00403239 -0.00113873
v 0.00161691 0.00494385 -0.00270066
v 0.00098909 0.00548206 -0.00280317
v 0.00160322 0.00630475 -0.00490689
v 0.00236784 0.00641049 -0.00612795
v 0.00321179 0.00638744 -0.00745674
v 0.00781060 0.00590655 -0.01920490
v 0.00652183 0.00634933 -0.01622586
v 0.00516657 0.00665013 -0.01342187
v 0.00386221 0.00678839 -0.01048507
v 0.00266615 0.00669625 -0.00753667
v 0.00186309 0.00665472 -0.00619046
v 0.00182442 0.00814809 -0.01750255
v 0.00149263 0.00793458 -0.01444077
v 0.00188556 0.00753941 -0.01093619
v 0.00152873 0.00712848 -0.00771869
v 0.00937046 0.00416045 -0.01979908
v 0.00863637 0.00527075 -0.02030052
v 0.00318863 0.00096547 -0.00178934
v 0.00257013 0.00071182 -0.00124356
v 0.00260964 0.00064207 -0.00126235
v 0.00335548 0.00047941 -0.00184724
v 0.00385885 0.00115784 -0.00248892
v 0.00399843 0.00058060 -0.00250098
v 0.00457375 0.00130585 -0.00335195
v 0.00471005 0.00065676 -0.00333846
v 0.00545319 0.00071748 -0.00434498
v 0.00341273 0.00228765 -0.00249439
v 0.00410814 0.00255702 -0.00341465
v 0.00618141 0.00076607 -0.00549859
v 0.00685481 0.00080530 -0.00677530
v 0.00746674 0.00083687 -0.00814791
v 0.00802151 0.00086216 -0.00958810
v 0.00897676 0.00089943 -0.01255806
v 0.00975303 0.00092711 -0.01552658
v 0.00994685 0.00291379 -0.01939122
v 0.00989502 0.00279164 -0.01878465
v 0.01018874 0.00188360 -0.01872833
v 0.00926745 0.00272598 -0.01562316
v 0.00956557 0.00183905 -0.01556334
v 0.00849074 0.00264539 -0.01265810
v 0.00878825 0.00178441 -0.01259638
v 0.00755367 0.00253688 -0.00969258
v 0.00783922 0.00171082 -0.00962895
v 0.00701614 0.00246321 -0.00825197
v 0.00729078 0.00166086 -0.00818899
v 0.00642721 0.00237120 -0.00687511
v 0.00668744 0.00159848 -0.00681499
v 0.00578285 0.00225681 -0.00558870
v 0.00602501 0.00152095 -0.00553452
v 0.00508697 0.00211558 -0.00441712
v 0.00530891 0.00142501 -0.00437336
v 0.00158658 0.00241620 -0.00103595
v 0.00219665 0.00293516 -0.00172217
v 0.00284266 0.00333889 -0.00254937
v 0.00347997 0.00369322 -0.00351186
v 0.00409983 0.00399829 -0.00460238
v 0.00480227 0.00278061 -0.00447286
v 0.00469010 0.00425470 -0.00581135
v 0.00546994 0.00296418 -0.00565642
v 0.00568882 0.00381428 -0.00703645
v 0.00608933 0.00311323 -0.00695065
v 0.00665794 0.00323309 -0.00833231
v 0.00622519 0.00476650 -0.00998368
v 0.00575093 0.00463205 -0.00852647
v 0.00524042 0.00446395 -0.00712694
v 0.00113675 -0.00429969 -0.01382646
v 0.00033503 -0.00429991 -0.01255901
v -0.00040121 -0.00430011 -0.01124268
v -0.00106528 -0.00430029 -0.00983328
v -0.00094853 -0.00430025 -0.01010681
v -0.00082528 -0.00430022 -0.01038082
v -0.00069298 -0.00430019 -0.01066146
v -0.00055162 -0.00430015 -0.01094875
v -0.00191657 -0.00430052 -0.01040006
v 0.00316569 -0.00336274 -0.01652973
v 0.00052618 -0.00309986 -0.01713979
v -0.00391829 0.00209895 -0.00951724
v -0.00383272 0.00267824 -0.00955507
v -0.00352984 0.00328393 -0.00968884
v -0.00260884 -0.00417709 -0.01009450
v -0.00333094 -0.00371511 -0.00977580
v -0.00379331 -0.00299325 -0.00957180
v -0.00391711 -0.00230105 -0.00951724
v -0.00202968 0.00201561 -0.00469576
v -0.00204013 0.00219856 -0.00426242
v -0.00203019 0.00201026 -0.00470521
v -0.00197194 0.00046211 -0.00584167
v -0.00196882 0.00018036 -0.00588155
v -0.00196732 0.00015775 -0.00588330
v -0.00196835 -0.00010053 -0.00588650
v -0.00196839 -0.00031165 -0.00586771
v -0.00197172 -0.00046316 -0.00584167
v -0.00197361 -0.00057417 -0.00581599
v -0.00197531 -0.00072048 -0.00577307
v -0.00198430 -0.00099554 -0.00566231
v -0.00198809 -0.00114783 -0.00558229
v -0.00199574 -0.00131355 -0.00547707
v -0.00199962 -0.00140759 -0.00540807
v -0.00200385 -0.00153010 -0.00530653
v -0.00201439 -0.00172972 -0.00510524
v -0.00201946 -0.00184667 -0.00496050
v -0.00202749 -0.00198039 -0.00475924
v -0.00203131 -0.00206559 -0.00460171
v -0.00203807 -0.00217071 -0.00435053
v -0.00203926 -0.00219965 -0.00426242
v -0.00201532 0.00174704 -0.00508418
v -0.00198692 0.00105859 -0.00563030
v -0.00199518 0.00131249 -0.00547708
v -0.00199916 0.00140650 -0.00540810
v -0.00200136 0.00143106 -0.00538883
v -0.00201546 0.00173464 -0.00509835
v -0.00204286 0.00213887 -0.00274201
v -0.00204653 0.00226598 -0.00319657
v -0.00203179 -0.00173976 -0.00208320
v -0.00203954 -0.00000055 -0.00426242
v -0.00204251 0.00223814 -0.00411692
v -0.00204315 -0.00218992 -0.00288293
v -0.00204671 0.00229950 -0.00365295
v -0.00204467 -0.00229167 -0.00379982
v -0.00204578 -0.00228820 -0.00334566
v -0.00203812 -0.00200907 -0.00246481
v -0.00202969 -0.00163660 -0.00197210
v -0.00203056 0.00163551 -0.00197209
v -0.00203727 0.00193343 -0.00234121
v -0.00202314 -0.00123850 -0.00165025
v -0.00202527 0.00133706 -0.00171764
v -0.00201839 -0.00079646 -0.00143075
v -0.00201587 -0.00034227 -0.00131415
v -0.00201554 -0.00005054 -0.00128922
v -0.00201556 -0.00000054 -0.00128868
v -0.00202014 0.00093534 -0.00148769
v -0.00201662 0.00046991 -0.00133724
v 0.01046837 0.00073857 -0.01942796
v 0.01050381 0.00000282 -0.01939553
v 0.01043869 0.00000280 -0.01980601
v 0.00795209 0.00605331 -0.02128380
v 0.00877086 0.00511645 -0.02068801
v 0.00882733 0.00490727 -0.02106897
v 0.00706947 0.00679147 -0.02199107
v 0.00692959 0.00676942 -0.02261015
v 0.00617192 0.00734898 -0.02276482
v 0.00639445 0.00710676 -0.02308666
v 0.00806869 0.00581527 -0.02164588
v 0.00784567 0.00603393 -0.02182617
v 0.00724801 0.00653949 -0.02233159
v 0.01000973 0.00279768 -0.01979959
v 0.00991149 0.00286116 -0.02026217
v 0.00946625 0.00402208 -0.02019910
v 0.00947858 0.00384117 -0.02059333
v 0.00905152 0.00457795 -0.02090525
v 0.01040714 0.00068869 -0.01983789
v 0.01037580 0.00097666 -0.01986833
v 0.01036905 0.00145324 -0.01951429
v 0.01031736 0.00136339 -0.01992274
v 0.00998591 0.00265215 -0.02020271
v 0.00639831 -0.00710312 -0.02308656
v 0.00693323 -0.00676569 -0.02261015
v 0.00725163 -0.00653513 -0.02233140
v 0.00948132 -0.00383420 -0.02059042
v 0.00905362 -0.00457298 -0.02090351
v 0.00883052 -0.00490107 -0.02106727
v 0.00807197 -0.00581026 -0.02164564
v 0.00784860 -0.00602953 -0.02182627
v 0.00998710 -0.00264580 -0.02020242
v 0.00991284 -0.00285485 -0.02026182
v 0.01040798 -0.00068171 -0.01983582
v 0.01037676 -0.00097123 -0.01986531
v 0.01031898 -0.00135486 -0.01991855
v 0.00877470 -0.00511002 -0.02068624
v 0.00795560 -0.00604818 -0.02128356
v 0.00617595 -0.00734541 -0.02276473
v 0.00707331 -0.00678708 -0.02199088
v 0.01046990 -0.00073135 -0.01942584
v 0.01001121 -0.00279104 -0.01979929
v 0.01037191 -0.00144422 -0.01951000
v 0.00946990 -0.00401486 -0.02019610
v 0.00081160 -0.00154936 -0.00034333
v -0.00202975 0.00051671 0.00075420
v -0.00301019 -0.00000081 0.00098797
v -0.00203138 -0.00051655 0.00075473
v 0.00062384 0.00255656 -0.00050805
v 0.00034590 0.00233839 -0.00030226
v 0.00081076 0.00154979 -0.00034335
v 0.00062521 -0.00255623 -0.00050806
v 0.00034716 -0.00233820 -0.00030227
v 0.00000056 -0.00206726 -0.00007836
v 0.00059606 0.00000016 -0.00008769
v 0.00135701 0.00075136 -0.00049171
v -0.00008551 0.00078869 0.00014618
v -0.00000056 0.00206726 -0.00007836
v -0.00060202 -0.00158519 0.00023742
v -0.00008508 -0.00078874 0.00014618
v -0.00115742 -0.00114569 0.00046905
v -0.00095163 -0.00000026 0.00046916
v -0.00060287 0.00158487 0.00023741
v -0.00070210 0.00150380 0.00028212
v -0.00133022 0.00036672 0.00057336
v -0.00167803 0.00076037 0.00064951
v -0.00178356 -0.00000048 0.00070320
v 0.00195702 0.00000053 -0.00078642
v 0.00135741 -0.00075063 -0.00049171
v -0.00475552 -0.00293015 0.00068845
v -0.00505764 -0.00295475 0.00055483
v -0.00461381 -0.00359349 0.00028817
v -0.00611867 -0.00000164 0.00098083
v -0.00642250 -0.00000173 0.00066033
v -0.00634326 -0.00079976 0.00063492
v -0.00277686 -0.00501759 -0.00088314
v -0.00278699 -0.00486728 -0.00067328
v -0.00363155 -0.00295192 0.00075622
v -0.00439166 -0.00292266 0.00076777
v -0.00340744 -0.00358913 0.00045798
v -0.00402623 -0.00356422 0.00046928
v -0.00319358 -0.00417090 0.00006064
v -0.00367754 -0.00414951 0.00007969
v -0.00302756 -0.00468948 -0.00044641
v -0.00339316 -0.00466988 -0.00041435
v -0.00500675 -0.00150969 0.00113618
v -0.00472927 -0.00223404 0.00098748
v -0.00382840 -0.00226379 0.00096552
v -0.00397341 -0.00153310 0.00109674
v -0.00402248 -0.00077554 0.00115587
v -0.00519480 -0.00076152 0.00122053
v -0.00401916 -0.00039012 0.00116500
v -0.00598352 -0.00155438 0.00074153
v -0.00592768 -0.00207148 0.00047266
v -0.00545270 -0.00226205 0.00076166
v -0.00513280 -0.00224108 0.00090065
v -0.00619691 -0.00078522 0.00082393
v -0.00628907 -0.00104564 0.00061618
v -0.00612606 -0.00158291 0.00055515
v -0.00543769 -0.00151509 0.00104774
v -0.00564164 -0.00076448 0.00113334
v -0.00576920 -0.00153029 0.00090652
v -0.00597948 -0.00077248 0.00099173
v -0.00401446 -0.00475882 -0.00070932
v -0.00380547 -0.00466757 -0.00047608
v -0.00455880 -0.00418234 -0.00029958
v -0.00417420 -0.00416727 -0.00004838
v -0.00496250 -0.00368195 -0.00004314
v -0.00528234 -0.00322492 0.00014562
v -0.00539849 -0.00304516 0.00021089
v -0.00308420 -0.00000083 0.00100322
v -0.00321643 -0.00060917 0.00102276
v -0.00401514 -0.00000108 0.00116696
v -0.00316675 -0.00287462 0.00071575
v -0.00303104 -0.00362067 0.00039997
v -0.00288421 -0.00428625 -0.00005710
v -0.00459613 -0.00000123 0.00124159
v -0.00526413 -0.00000141 0.00124717
v -0.00552642 -0.00000149 0.00120840
v -0.00326300 -0.00161269 0.00097192
v -0.00325366 0.00190512 0.00093462
v -0.00314446 0.00303286 0.00066152
v -0.00363313 0.00294997 0.00075623
v -0.00598436 0.00155116 0.00074152
v -0.00577002 0.00152719 0.00090652
v -0.00545391 0.00225912 0.00076166
v -0.00413597 0.00463261 -0.00060422
v -0.00339567 0.00466805 -0.00041437
v -0.00311283 0.00021305 0.00100835
v -0.00401937 0.00038795 0.00116500
v -0.00519521 0.00075873 0.00122053
v -0.00402290 0.00077338 0.00115587
v -0.00500756 0.00150700 0.00113619
v -0.00397424 0.00153097 0.00109675
v -0.00473047 0.00223150 0.00098748
v -0.00382961 0.00226173 0.00096552
v -0.00439323 0.00292030 0.00076776
v -0.00340937 0.00358730 0.00045798
v -0.00298311 0.00384666 0.00026620
v -0.00319582 0.00416919 0.00006063
v -0.00290151 0.00421453 0.00000140
v -0.00303008 0.00468785 -0.00044640
v -0.00283235 0.00456165 -0.00031815
v -0.00367977 0.00414753 0.00007969
v -0.00402815 0.00356205 0.00046927
v -0.00638868 0.00051657 0.00064978
v -0.00619733 0.00078189 0.00082392
v -0.00613681 0.00155171 0.00055904
v -0.00580234 0.00233320 0.00041560
v -0.00597990 0.00076927 0.00099173
v -0.00380798 0.00466553 -0.00047607
v -0.00417644 0.00416503 -0.00004838
v -0.00451953 0.00422673 -0.00032706
v -0.00461574 0.00359101 0.00028817
v -0.00493220 0.00372244 -0.00006292
v -0.00505923 0.00295203 0.00055483
v -0.00540012 0.00304225 0.00021089
v -0.00563734 0.00264407 0.00033597
v -0.00325129 0.00088908 0.00101993
v -0.00475709 0.00292759 0.00068846
v -0.00513401 0.00223832 0.00090065
v -0.00543850 0.00151217 0.00104774
v -0.00564205 0.00076145 0.00113334
v -0.00787541 0.00090048 -0.01112954
v -0.00781170 0.00117346 -0.01114122
v -0.00773518 0.00157256 -0.01112860
v -0.00794138 0.00020291 -0.01110501
v -0.00794130 0.00019810 -0.01110463
v -0.00787687 0.00019792 -0.01114857
v -0.00794038 0.00022987 -0.01110580
v -0.00780005 0.00019790 -0.01116367
v -0.00774137 0.00116504 -0.01115445
v -0.00768100 0.00157211 -0.01113592
v -0.00759235 0.00204887 -0.01108984
v -0.00756506 0.00212891 -0.01107878
v -0.00449184 0.00562201 -0.00373711
v -0.00455443 0.00564875 -0.00401889
v -0.00420791 0.00569215 -0.00479430
v -0.00483699 0.00570270 -0.00527320
v -0.00402611 0.00570482 -0.00556699
v -0.00414435 0.00570197 -0.00601790
v -0.00499101 0.00570390 -0.00601682
v -0.00428983 0.00568757 -0.00655834
v -0.00513534 0.00568277 -0.00673759
v -0.00460685 0.00559465 -0.00772178
v -0.00532304 0.00560783 -0.00760252
v -0.00535173 0.00559139 -0.00772179
v -0.00466739 0.00556065 -0.00792966
v -0.00549247 0.00549269 -0.00824443
v -0.00493894 0.00532960 -0.00873900
v -0.00565531 0.00534542 -0.00871672
v -0.00523887 0.00494600 -0.00935974
v -0.00581008 0.00517824 -0.00904427
v -0.00643090 0.00435287 -0.00996493
v -0.00529101 0.00487058 -0.00944782
v -0.00605299 0.00487882 -0.00942613
v -0.00600525 0.00494006 -0.00935376
v -0.00754148 0.00219496 -0.01106796
v -0.00658467 0.00157124 -0.01113612
v -0.00731583 0.00275824 -0.01093549
v -0.00637389 0.00251213 -0.01100601
v -0.00706494 0.00328232 -0.01072581
v -0.00607976 0.00338154 -0.01067240
v -0.00695299 0.00349300 -0.01061072
v -0.00603433 0.00349310 -0.01060920
v -0.00675755 0.00383577 -0.01038596
v -0.00598368 0.00361238 -0.01053635
v -0.00571822 0.00416489 -0.01012661
v -0.00669411 0.00019820 -0.01116367
v -0.00659218 0.00152525 -0.01113900
v -0.00590368 0.00009841 -0.00084089
v -0.00599196 0.00009839 -0.00074433
v -0.00465025 -0.00514955 -0.00320540
v -0.00520503 -0.00269284 -0.00187558
v -0.00500384 -0.00316187 -0.00228826
v -0.00477613 -0.00364404 -0.00284813
v -0.00465115 -0.00389406 -0.00320370
v -0.00409732 -0.00489199 -0.00522029
v -0.00406259 -0.00494876 -0.00537350
v -0.00407489 -0.00512071 -0.00531608
v -0.00456291 -0.00406514 -0.00347689
v -0.00443431 -0.00524138 -0.00390764
v -0.00433646 -0.00448476 -0.00426327
v -0.00430726 -0.00527554 -0.00437262
v -0.00412623 -0.00530211 -0.00509878
v -0.00408808 -0.00529265 -0.00525926
v -0.00402751 -0.00514782 -0.00552252
v -0.00404074 -0.00521260 -0.00546432
v -0.00406831 -0.00527207 -0.00534430
v -0.00402461 -0.00510154 -0.00553539
v -0.00402671 -0.00505706 -0.00552616
v -0.00403567 -0.00500817 -0.00548682
v -0.00541737 -0.00212456 -0.00150711
v -0.00453527 -0.00527383 -0.00689988
v -0.00457225 -0.00526303 -0.00707262
v -0.00484859 -0.00508802 -0.00827702
v -0.00507109 -0.00482409 -0.00896353
v -0.00498158 -0.00494053 -0.00872243
v -0.00605998 -0.00481917 -0.00897011
v -0.00510431 -0.00477810 -0.00904178
v -0.00625604 -0.00456416 -0.00934250
v -0.00536334 -0.00438532 -0.00954341
v -0.00545114 -0.00424114 -0.00969274
v -0.00653207 -0.00416141 -0.00977044
v -0.00573275 -0.00373342 -0.01015611
v -0.00679536 -0.00373538 -0.01015371
v -0.00591391 -0.00335530 -0.01044382
v -0.00691533 -0.00352627 -0.01032116
v -0.00693069 -0.00349875 -0.01034228
v -0.00608229 -0.00295362 -0.01069240
v -0.00714634 -0.00302621 -0.01065256
v -0.00613213 -0.00282285 -0.01075889
v -0.00623702 -0.00252501 -0.01088317
v -0.00733098 -0.00253267 -0.01087906
v -0.00638393 -0.00204170 -0.01102088
v -0.00742977 -0.00222613 -0.01097623
v -0.00748424 -0.00203941 -0.01102196
v -0.00749422 -0.00200353 -0.01102970
v -0.00650251 -0.00156480 -0.01110131
v -0.00763882 -0.00139536 -0.01111873
v -0.00661310 -0.00097290 -0.01114973
v -0.00775201 -0.00066345 -0.01115548
v -0.00668879 -0.00020307 -0.01116360
v -0.00665901 -0.00061286 -0.01116076
v -0.00750685 -0.00224469 -0.01095392
v -0.00790702 -0.00063476 -0.01108673
v -0.00782520 -0.00076919 -0.01113436
v -0.00794035 -0.00019834 -0.01109285
v -0.00794322 0.00013416 -0.01110201
v -0.00764249 -0.00175904 -0.01105627
v -0.00693669 -0.00348802 -0.01035085
v -0.00788932 -0.00077586 -0.01108508
v -0.00777361 -0.00139291 -0.01106765
v -0.00762293 -0.00193058 -0.01101265
v -0.00744819 -0.00241573 -0.01090434
v -0.00724623 -0.00288235 -0.01072284
v -0.00698987 -0.00339077 -0.01042105
v -0.00200862 -0.00026709 -0.00521832
v -0.00197481 0.00062035 -0.00580330
v -0.00583072 0.00319418 -0.00874787
v -0.00578093 0.00316270 -0.00876625
v -0.00601770 0.00267029 -0.00888233
v -0.00612151 0.00202985 -0.00902105
v -0.00610139 0.00238194 -0.00894437
v -0.00630247 0.00082403 -0.00915797
v -0.00626672 0.00158802 -0.00907397
v -0.00618068 0.00204064 -0.00900679
v -0.00630740 -0.00039401 -0.00916037
v -0.00637254 -0.00002868 -0.00916243
v -0.00635839 0.00078747 -0.00914766
v -0.00596822 -0.00238699 -0.00885814
v -0.00617358 -0.00161523 -0.00901475
v -0.00614425 -0.00157954 -0.00903052
v -0.00631201 -0.00080478 -0.00911891
v -0.00635268 -0.00039642 -0.00914880
v -0.00582612 -0.00280033 -0.00875018
v -0.00580108 -0.00278175 -0.00876379
v -0.00577330 -0.00275128 -0.00879100
v -0.00574969 -0.00270827 -0.00883576
v -0.00574710 -0.00257845 -0.00899561
v -0.00573938 -0.00261138 -0.00895253
v -0.00604148 -0.00157327 -0.00912136
v -0.00599576 0.00202829 -0.00917762
v -0.00572874 0.00295025 -0.00900604
v -0.00573068 0.00294521 -0.00901264
v -0.00617965 -0.00039425 -0.00932231
v -0.00617836 -0.00039621 -0.00935995
v -0.00601818 -0.00157942 -0.00918810
v -0.00601560 -0.00158485 -0.00922442
v -0.00617473 0.00082369 -0.00931949
v -0.00619657 0.00002629 -0.00937559
v -0.00619253 -0.00012269 -0.00937207
v -0.00599291 0.00203374 -0.00921370
v -0.00613661 0.00119857 -0.00932744
v -0.00617333 0.00082574 -0.00935706
v -0.00571625 0.00302556 -0.00890919
v -0.00601929 0.00202234 -0.00911136
v -0.00619707 0.00082143 -0.00925052
v -0.00620188 -0.00039197 -0.00925315
v -0.00575062 -0.00256835 -0.00900776
v -0.00608421 -0.00157327 -0.00906775
v -0.00624526 -0.00039188 -0.00919793
v -0.00624044 0.00082153 -0.00919545
v -0.00606190 0.00202284 -0.00905812
v -0.00573465 0.00310257 -0.00882174
v -0.00573912 -0.00266739 -0.00888293
v -0.00577545 -0.00256830 -0.00959529
v -0.00577432 -0.00257220 -0.00959806
v -0.00575201 -0.00261270 -0.00924833
v -0.00576105 -0.00256829 -0.00924807
v -0.00579354 -0.00275316 -0.00924622
v -0.00575935 -0.00268697 -0.00924783
v -0.00580216 -0.00274035 -0.00971244
v -0.00586370 -0.00280076 -0.00973847
v -0.00584586 -0.00280044 -0.00924422
v -0.00576873 -0.00265197 -0.00965683
v -0.00577591 -0.00268534 -0.00967944
v -0.00596106 -0.00253427 -0.00981191
v -0.00617771 -0.00161976 -0.00999717
v -0.00605351 -0.00156388 -0.00982240
v -0.00603642 0.00197632 -0.00981787
v -0.00575352 0.00294433 -0.00959877
v -0.00605136 0.00199198 -0.00988961
v -0.00575149 0.00295097 -0.00960347
v -0.00574415 0.00299643 -0.00963840
v -0.00643373 -0.00016603 -0.01015752
v -0.00641676 -0.00037538 -0.01014847
v -0.00634896 -0.00037037 -0.01013533
v -0.00634711 -0.00096807 -0.01010028
v -0.00619061 -0.00175674 -0.00998497
v -0.00640979 0.00086309 -0.01014281
v -0.00633861 0.00085660 -0.01012969
v -0.00634094 0.00146240 -0.01008944
v -0.00616000 0.00203418 -0.00999365
v -0.00629129 0.00175877 -0.01005101
v -0.00619252 0.00222055 -0.00997523
v -0.00621921 0.00210785 -0.00999544
v -0.00623170 0.00205224 -0.01000505
v -0.00604775 0.00271605 -0.00987102
v -0.00581532 0.00316087 -0.00973774
v -0.00587524 0.00319751 -0.00974619
v -0.00616839 0.00123403 -0.00992217
v -0.00622838 0.00084149 -0.01002622
v -0.00621074 0.00083581 -0.00995582
v -0.00623659 0.00002590 -0.00997558
v -0.00623868 -0.00035795 -0.01003213
v -0.00623231 -0.00012790 -0.00997179
v -0.00606890 -0.00157923 -0.00989375
v -0.00622082 -0.00035314 -0.00996191
v -0.00576363 0.00309312 -0.00970383
v -0.00608915 0.00201043 -0.00994783
v -0.00626754 0.00084810 -0.01008359
v -0.00627793 -0.00036344 -0.01008933
v -0.00610689 -0.00159706 -0.00995160
v -0.00576763 0.00310107 -0.00970849
v -0.00609687 0.00201346 -0.00995542
v -0.00627536 0.00084919 -0.01009111
v -0.00628575 -0.00036433 -0.01009683
v -0.00611462 -0.00159997 -0.00995914
v -0.00626425 0.00191071 -0.01002955
v -0.00644660 0.00020517 -0.01016366
v -0.00630439 0.00171314 -0.01005885
v -0.00636980 0.00131754 -0.01010658
v -0.00644121 0.00051489 -0.01015910
v -0.00575279 0.00310412 -0.00925057
v -0.00579854 0.00316130 -0.00924875
v -0.00574035 0.00294488 -0.00925122
v -0.00572958 0.00300210 -0.00925157
v -0.00573906 0.00307213 -0.00925113
v -0.00585809 0.00319732 -0.00924657
v -0.00583835 0.00319725 -0.00874701
v -0.00593253 0.00293603 -0.00881755
v -0.00541197 0.00442111 -0.00983078
v -0.00544837 0.00445149 -0.00983939
v -0.00590441 0.00357665 -0.01053661
v -0.00658901 0.00019834 -0.01113346
v -0.00655779 0.00019845 -0.01110931
v -0.00648269 0.00132777 -0.01109420
v -0.00667512 0.00019820 -0.01116306
v -0.00662055 0.00019826 -0.01114974
v -0.00654589 0.00133804 -0.01113437
v -0.00611167 0.00306492 -0.01080743
v -0.00629347 0.00251061 -0.01099073
v -0.00548961 0.00447642 -0.00983906
v -0.00498680 0.00520328 -0.00897856
v -0.00476921 0.00543346 -0.00843071
v -0.00458684 0.00556556 -0.00785553
v -0.00426667 0.00567256 -0.00670002
v -0.00399738 0.00569608 -0.00569224
v -0.00446435 0.00544701 -0.00787291
v -0.00413129 0.00548595 -0.00672854
v -0.00414214 0.00554673 -0.00672832
v -0.00393158 0.00548842 -0.00599148
v -0.00393253 0.00553483 -0.00598716
v -0.00397235 0.00533934 -0.00580807
v -0.00395073 0.00538127 -0.00590328
v -0.00416392 0.00536944 -0.00671440
v -0.00535107 0.00431566 -0.00975828
v -0.00580252 0.00347262 -0.01044558
v -0.00561946 0.00379566 -0.01009898
v -0.00652015 0.00019863 -0.01106218
v -0.00649612 0.00019885 -0.01097609
v -0.00643886 0.00131937 -0.01103321
v -0.00640115 0.00144463 -0.01095322
v -0.00618871 0.00245410 -0.01088989
v -0.00618551 0.00239734 -0.01082309
v -0.00600828 0.00298433 -0.01071021
v -0.00588714 0.00322947 -0.01049159
v -0.00580077 0.00342492 -0.01037167
v -0.00538259 0.00438701 -0.00981365
v -0.00583945 0.00352672 -0.01050436
v -0.00604777 0.00302530 -0.01077123
v -0.00623026 0.00248193 -0.01095186
v -0.00490269 0.00513864 -0.00898420
v -0.00487346 0.00509488 -0.00897433
v -0.00467943 0.00536728 -0.00844320
v -0.00464999 0.00531909 -0.00843930
v -0.00449357 0.00549799 -0.00787242
v -0.00417032 0.00560131 -0.00672308
v -0.00394013 0.00558869 -0.00595219
v -0.00513082 0.00476551 -0.00942777
v -0.00515986 0.00480362 -0.00944286
v -0.00494144 0.00517564 -0.00898561
v -0.00472032 0.00540643 -0.00844023
v -0.00453569 0.00553865 -0.00786643
v -0.00421328 0.00564459 -0.00671331
v -0.00397080 0.00566770 -0.00581215
v -0.00519671 0.00483725 -0.00944901
v -0.00523894 0.00486431 -0.00944594
v -0.00447183 0.00527827 -0.00784342
v -0.00440373 0.00527814 -0.00746137
v -0.00439624 0.00528079 -0.00743348
v -0.00469059 0.00510502 -0.00841087
v -0.00464780 0.00516057 -0.00839231
v -0.00478310 0.00501987 -0.00865424
v -0.00485921 0.00495546 -0.00890389
v -0.00500302 0.00477096 -0.00910809
v -0.00545875 0.00408956 -0.00984212
v -0.00536103 0.00425381 -0.00968599
v -0.00510273 0.00468553 -0.00937526
v -0.00485086 0.00499985 -0.00893270
v -0.00463344 0.00521138 -0.00841283
v -0.00445290 0.00533214 -0.00785777
v -0.00393556 0.00544328 -0.00597307
v -0.00413869 0.00542494 -0.00672379
v -0.00445041 0.00539003 -0.00786785
v -0.00463426 0.00526565 -0.00842889
v -0.00485578 0.00504745 -0.00895671
v -0.00434262 -0.00529076 -0.00631132
v -0.00429151 -0.00526306 -0.00632213
v -0.00455904 -0.00518919 -0.00753601
v -0.00647085 -0.00099507 -0.01109240
v -0.00653318 -0.00100521 -0.01113302
v -0.00647737 -0.00040484 -0.01097706
v -0.00642697 -0.00098675 -0.01103270
v -0.00573012 -0.00317472 -0.01032755
v -0.00573482 -0.00315048 -0.01028981
v -0.00582558 -0.00294994 -0.01042426
v -0.00557268 -0.00347975 -0.01003381
v -0.00526999 -0.00402437 -0.00959079
v -0.00523820 -0.00406475 -0.00948123
v -0.00462944 -0.00484204 -0.00811127
v -0.00483307 -0.00462183 -0.00865602
v -0.00480129 -0.00467369 -0.00867512
v -0.00498968 -0.00442697 -0.00903598
v -0.00502294 -0.00439290 -0.00916922
v -0.00430582 -0.00494881 -0.00648059
v -0.00452252 -0.00488751 -0.00749257
v -0.00449015 -0.00493267 -0.00752227
v -0.00467873 -0.00477915 -0.00814999
v -0.00423329 -0.00499591 -0.00632842
v -0.00461629 -0.00489425 -0.00812605
v -0.00479271 -0.00472081 -0.00869863
v -0.00501952 -0.00443261 -0.00920036
v -0.00527050 -0.00405812 -0.00962491
v -0.00447402 -0.00498675 -0.00753203
v -0.00421288 -0.00505102 -0.00633445
v -0.00421023 -0.00510993 -0.00633656
v -0.00447458 -0.00504357 -0.00753837
v -0.00540775 -0.00422122 -0.00970508
v -0.00515601 -0.00461734 -0.00926437
v -0.00492959 -0.00492744 -0.00873626
v -0.00536695 -0.00419593 -0.00970494
v -0.00511320 -0.00459062 -0.00926734
v -0.00507665 -0.00455628 -0.00926135
v -0.00488365 -0.00490066 -0.00874196
v -0.00484536 -0.00486341 -0.00874028
v -0.00470441 -0.00508888 -0.00814517
v -0.00466469 -0.00504990 -0.00814713
v -0.00451883 -0.00514891 -0.00754044
v -0.00425126 -0.00522060 -0.00633013
v -0.00475307 -0.00511512 -0.00813809
v -0.00460899 -0.00521569 -0.00752781
v -0.00605470 -0.00279015 -0.01075483
v -0.00624981 -0.00222137 -0.01096132
v -0.00587536 -0.00333171 -0.01045489
v -0.00583631 -0.00331079 -0.01045099
v -0.00641216 -0.00162035 -0.01107906
v -0.00634999 -0.00160077 -0.01103875
v -0.00618750 -0.00219075 -0.01092232
v -0.00599174 -0.00274820 -0.01071871
v -0.00577229 -0.00325861 -0.01041915
v -0.00530261 -0.00413041 -0.00967852
v -0.00573534 -0.00320164 -0.01036248
v -0.00595225 -0.00270449 -0.01065899
v -0.00603034 -0.00243791 -0.01068384
v -0.00614598 -0.00216069 -0.01086129
v -0.00619194 -0.00194194 -0.01083413
v -0.00630703 -0.00158287 -0.01097808
v -0.00634889 -0.00130171 -0.01093300
v -0.00637849 -0.00115822 -0.01094914
v -0.00504786 -0.00451681 -0.00924749
v -0.00481636 -0.00481888 -0.00873199
v -0.00463562 -0.00500195 -0.00814436
v -0.00449010 -0.00509900 -0.00754121
v -0.00422359 -0.00516800 -0.00633502
v -0.00606193 -0.00139989 -0.00942945
v -0.00589049 0.00250649 -0.00954389
v -0.00614076 0.00120187 -0.00940853
v -0.00186625 -0.00010050 -0.00686050
v -0.00180948 -0.00534172 -0.00722294
v -0.00168813 -0.00010045 -0.00787674
v -0.00194894 -0.00519446 -0.00608975
v -0.00203534 -0.00471647 -0.00234504
v -0.00203821 -0.00495055 -0.00426243
v -0.00202518 -0.00501881 -0.00477896
v -0.00202234 -0.00502983 -0.00486166
v -0.00200502 -0.00005054 -0.00082946
v -0.00199894 -0.00395074 -0.00058867
v -0.00199999 -0.00005054 -0.00058868
v -0.00202951 -0.00468079 -0.00200782
v -0.00202173 -0.00456915 -0.00162286
v -0.00201512 -0.00446507 -0.00129352
v -0.00200552 -0.00420964 -0.00083441
v -0.00201240 -0.00440822 -0.00115792
v -0.00498855 -0.00086176 -0.00145568
v -0.00578779 -0.00072278 -0.00140468
v -0.00595637 0.00284620 -0.00870813
v -0.00446461 0.00511126 -0.00670844
v -0.00523226 0.00443919 -0.00902148
v -0.00564541 0.00367536 -0.00885720
v -0.00490817 -0.00447736 -0.00788774
v -0.00533000 -0.00380718 -0.00772212
v -0.00452115 -0.00477743 -0.00668366
v -0.00497452 -0.00421070 -0.00654583
v -0.00556070 -0.00228552 -0.00331804
v -0.00557530 -0.00229966 -0.00349673
v -0.00551200 -0.00247808 -0.00352666
v -0.00529410 0.00286977 -0.00172616
v -0.00510150 0.00333378 -0.00209416
v -0.00524395 0.00345450 -0.00357687
v -0.00487335 0.00485065 -0.00791409
v -0.00425036 0.00492145 -0.00462389
v -0.00448359 0.00453781 -0.00376418
v -0.00567621 0.00346094 -0.00759419
v -0.00534765 0.00393692 -0.00643275
v -0.00531570 0.00368520 -0.00503597
v -0.00552521 0.00284511 -0.00353868
v -0.00547463 0.00235906 -0.00142844
v -0.00568169 0.00217462 -0.00284411
v -0.00569097 0.00226849 -0.00321853
v -0.00569393 0.00227660 -0.00327229
v -0.00573616 0.00229279 -0.00375003
v -0.00569517 0.00198299 -0.00242605
v -0.00572609 0.00173642 -0.00208218
v -0.00562840 0.00181227 -0.00120381
v -0.00571924 0.00138530 -0.00108105
v -0.00577414 0.00137430 -0.00174557
v -0.00574412 0.00123971 -0.00104847
v -0.00581288 0.00063267 -0.00096048
v -0.00605104 0.00173785 -0.00606019
v -0.00604821 0.00142866 -0.00538986
v -0.00589463 0.00250546 -0.00616586
v -0.00597138 0.00176597 -0.00506030
v -0.00596328 0.00179520 -0.00502447
v -0.00588725 0.00202793 -0.00467085
v -0.00580300 0.00221078 -0.00421761
v -0.00579549 0.00222330 -0.00417178
v -0.00616073 0.00018414 -0.00595576
v -0.00615567 0.00017187 -0.00588212
v -0.00613767 0.00095840 -0.00598673
v -0.00614390 0.00062503 -0.00580166
v -0.00610410 0.00106853 -0.00562454
v -0.00603066 -0.00116315 -0.00557383
v -0.00608873 -0.00080597 -0.00574346
v -0.00603231 -0.00136114 -0.00604008
v -0.00609754 -0.00073821 -0.00576755
v -0.00612595 -0.00058536 -0.00597531
v -0.00614020 -0.00028367 -0.00587133
v -0.00615546 0.00013796 -0.00588444
v -0.00560673 -0.00229440 -0.00376936
v -0.00567810 -0.00221659 -0.00420795
v -0.00564930 -0.00286870 -0.00626415
v -0.00572470 -0.00213927 -0.00443728
v -0.00576366 -0.00206196 -0.00461079
v -0.00585990 -0.00182047 -0.00499638
v -0.00592539 -0.00161119 -0.00523160
v -0.00587502 -0.00212757 -0.00613979
v -0.00594914 -0.00152462 -0.00531216
v -0.00599802 -0.00132226 -0.00547173
v -0.00556200 -0.00203069 -0.00250591
v -0.00554653 -0.00220318 -0.00292342
v -0.00490664 -0.00364964 -0.00359604
v -0.00524077 -0.00308550 -0.00356126
v -0.00496636 -0.00392960 -0.00510752
v -0.00454857 -0.00447040 -0.00520111
v -0.00524838 -0.00403621 -0.00898898
v -0.00564257 -0.00326715 -0.00882423
v -0.00595031 0.00301481 -0.00995345
v -0.00560755 0.00303534 -0.00493805
v -0.00566223 0.00324417 -0.00629347
v -0.00628335 -0.00068548 -0.00848787
v -0.00615634 -0.00157049 -0.00856256
v -0.00594399 -0.00243815 -0.00867839
v -0.00617038 0.00197463 -0.00858561
v -0.00629273 0.00108357 -0.00850092
v -0.00632869 0.00019596 -0.00846540
v -0.00535034 -0.00356856 -0.00640285
v -0.00566666 -0.00306893 -0.00756238
v -0.00109379 0.00312034 0.00011283
v -0.00096575 0.00262220 0.00019709
v -0.00051613 0.00291141 -0.00005497
v -0.00080867 0.00210158 0.00023670
v -0.00008712 0.00321032 -0.00035157
v 0.00032466 0.00352104 -0.00070050
v -0.00085840 0.00504462 -0.00120390
v -0.00147316 0.00488749 -0.00088377
v -0.00072393 0.00471718 -0.00091738
v -0.00138401 0.00447934 -0.00051001
v -0.00058212 0.00436786 -0.00069839
v -0.00129585 0.00404657 -0.00022807
v -0.00080804 0.00377987 -0.00025827
v -0.00120149 0.00359386 -0.00002502
v -0.00241051 0.00068921 0.00084016
v -0.00186779 0.00139430 0.00065438
v -0.00256362 0.00182700 0.00078903
v -0.00249329 0.00105413 0.00084006
v -0.00212777 0.00480474 -0.00066509
v -0.00209506 0.00434686 -0.00022812
v -0.00207953 0.00384602 0.00010400
v -0.00206276 0.00330382 0.00034449
v -0.00202881 0.00271754 0.00050717
v -0.00197027 0.00207120 0.00060732
v -0.00043063 0.00399986 -0.00053726
v -0.00007166 0.00424867 -0.00086908
v -0.00481744 0.00184171 -0.00221269
v -0.00270270 0.00447922 -0.00295085
v -0.00333493 0.00411974 -0.00296681
v -0.00338179 0.00448207 -0.00537401
v -0.00246578 0.00537380 -0.00949284
v -0.00202061 0.00543849 -0.00956385
v -0.00229801 0.00530727 -0.00864881
v -0.00330234 0.00504508 -0.00930586
v -0.00289444 0.00524234 -0.00940569
v -0.00310727 0.00507986 -0.00850215
v -0.00506796 0.00290539 -0.01043033
v 0.00225155 0.00556152 -0.01558867
v 0.00188977 0.00540243 -0.01486856
v -0.00000154 0.00543480 -0.01197645
v -0.00030082 0.00543921 -0.01142996
v -0.00077271 0.00554853 -0.01138598
v -0.00067264 0.00542925 -0.01069913
v -0.00111209 0.00537958 -0.00971903
v -0.00156312 0.00543552 -0.00961530
v -0.00144081 0.00529921 -0.00880946
v -0.00300290 0.00406008 -0.00103128
v -0.00488977 0.00319346 -0.00873634
v -0.00464322 0.00366155 -0.00884817
v -0.00553323 -0.00005137 -0.00856979
v -0.00556352 0.00112820 -0.01022721
v -0.00546560 0.00103218 -0.00840235
v -0.00526076 0.00215569 -0.00853980
v -0.00479876 0.00343730 -0.01052330
v -0.00485173 0.00332157 -0.00963055
v -0.00448158 0.00392560 -0.01062427
v -0.00412031 0.00436314 -0.01073046
v -0.00403865 0.00446330 -0.00908181
v -0.00435878 0.00408701 -0.00896447
v -0.00392351 0.00441393 -0.00735566
v -0.00382901 0.00460996 -0.00829758
v -0.00368521 0.00478415 -0.00919675
v -0.00334768 0.00468590 -0.00651126
v -0.00202855 0.00462244 -0.00184343
v -0.00202783 0.00462078 -0.00180934
v -0.00211349 0.00458667 -0.00168902
v -0.00215999 0.00456589 -0.00161529
v -0.00228895 0.00450052 -0.00139751
v -0.00246173 0.00439982 -0.00114261
v -0.00254021 0.00434986 -0.00104566
v -0.00270535 0.00478786 -0.00543806
v -0.00202162 0.00485434 -0.00494602
v -0.00204070 0.00479161 -0.00426242
v -0.00204329 0.00477751 -0.00409916
v -0.00204519 0.00476381 -0.00393610
v -0.00204600 0.00475657 -0.00384800
v -0.00204659 0.00474945 -0.00376008
v -0.00199587 0.00490852 -0.00548652
v -0.00263702 0.00496658 -0.00661298
v -0.00188669 0.00504712 -0.00671266
v -0.00250323 0.00514548 -0.00767474
v -0.00170954 0.00517981 -0.00777941
v -0.00155956 0.00525486 -0.00840390
v 0.00046854 0.00541835 -0.01277917
v 0.00106930 0.00559615 -0.01451657
v 0.00158282 0.00539118 -0.01445861
v 0.00185325 0.00570662 -0.01558868
v 0.00039875 0.00574256 -0.01446919
v 0.00089720 0.00593254 -0.01558867
v -0.00028479 0.00580339 -0.01441697
v 0.00066690 0.00596282 -0.01558868
v -0.00097062 0.00577691 -0.01436110
v -0.00050630 0.00597860 -0.01558868
v -0.00164803 0.00566147 -0.01430280
v -0.00145416 0.00582112 -0.01558868
v -0.00188192 0.00569675 -0.01558679
v -0.00230609 0.00545736 -0.01424328
v -0.00208617 0.00562518 -0.01558663
v -0.00267588 0.00536907 -0.01558463
v -0.00332418 0.00495757 -0.01256284
v -0.00315354 0.00510174 -0.01558150
v -0.00381877 0.00458329 -0.01246986
v -0.00333009 0.00498774 -0.01558002
v -0.00426853 0.00414268 -0.01237993
v -0.00395701 0.00450566 -0.01557679
v -0.00466757 0.00364326 -0.01229518
v -0.00449759 0.00396903 -0.01558463
v -0.00528552 0.00233718 -0.01034813
v -0.00325803 0.00489034 -0.00754612
v 0.00122813 0.00539159 -0.01395556
v 0.00015106 0.00556629 -0.01306666
v -0.00044504 0.00566542 -0.01299972
v -0.00104591 0.00568508 -0.01292316
v -0.00164294 0.00562420 -0.01283907
v -0.00222757 0.00548175 -0.01274957
v -0.00279101 0.00525849 -0.01265680
v -0.00129594 0.00559863 -0.01132121
v -0.00181470 0.00557444 -0.01124218
v -0.00232272 0.00547593 -0.01115167
v -0.00281373 0.00530312 -0.01105247
v -0.00328131 0.00505754 -0.01094734
v -0.00371883 0.00474271 -0.01083907
v -0.00527682 0.00224962 -0.00944427
v -0.00480324 0.00095474 -0.00074236
v -0.00265452 0.00420025 -0.00082441
v -0.00297230 0.00401645 -0.00085863
v -0.00258048 0.00431950 -0.00099342
v -0.00223084 0.00394960 -0.00058868
v -0.00227628 0.00395026 -0.00058916
v -0.00222564 -0.00457466 -0.00164219
v -0.00550100 -0.00070899 -0.00858512
v -0.00541354 -0.00140184 -0.00863583
v -0.00533521 -0.00047511 -0.00583937
v -0.00527073 -0.00208277 -0.00871616
v -0.00507217 -0.00273795 -0.00882024
v -0.00474681 -0.00353227 -0.01029795
v -0.00437081 -0.00411114 -0.01042190
v -0.00393526 -0.00461649 -0.01055279
v -0.00481746 -0.00335356 -0.00894212
v -0.00450644 -0.00391597 -0.00907589
v -0.00414255 -0.00441400 -0.00921566
v -0.00200106 0.00394966 -0.00058868
v -0.00200276 0.00405640 -0.00067424
v -0.00200614 0.00420748 -0.00083308
v -0.00201237 0.00438427 -0.00111054
v -0.00224285 -0.00395080 -0.00058868
v -0.00235358 -0.00712114 -0.02749040
v 0.00565354 0.00492824 -0.02118675
v -0.00026175 0.00749543 -0.02536016
v 0.00013907 0.00749871 -0.02479465
v -0.00063287 0.00747325 -0.02118675
v 0.00435321 0.00610733 -0.02118675
v 0.00281443 0.00695190 -0.02118676
v 0.00112150 0.00741568 -0.02118675
v 0.00023944 0.00749618 -0.02463832
v -0.00220568 0.00716833 -0.02736408
v -0.00152330 0.00734368 -0.02675408
v -0.00235258 0.00712147 -0.02118676
v -0.00084421 0.00745234 -0.02605972
v -0.00062593 0.00747384 -0.02581122
v -0.00394073 0.00638127 -0.02865978
v -0.00354846 0.00660746 -0.02839190
v -0.00394342 0.00637961 -0.02118675
v -0.00287934 0.00692527 -0.02790393
v -0.00234974 0.00712241 -0.02748423
v -0.00420917 0.00620748 -0.02883647
v -0.00531825 0.00528831 -0.02118676
v -0.00482238 0.00574409 -0.02922177
v -0.00640178 0.00390733 -0.02118675
v -0.00640152 0.00390776 -0.03011173
v -0.00635741 0.00397911 -0.03008861
v -0.00590305 0.00462644 -0.02984505
v -0.00538887 0.00521632 -0.02955675
v -0.00531751 0.00528906 -0.02951560
v -0.00674181 0.00328603 -0.03028712
v -0.00713465 0.00231232 -0.02118675
v -0.00705174 0.00255400 -0.03044215
v -0.00747669 0.00059086 -0.03064787
v -0.00743382 0.00099414 -0.03062733
v -0.00747671 0.00059066 -0.02118676
v -0.00728384 0.00178762 -0.03055532
v -0.00713445 0.00231293 -0.03048276
v -0.00736414 -0.00142105 -0.03059527
v -0.00740918 -0.00116364 -0.03061663
v -0.00740922 -0.00116335 -0.02118676
v -0.00747467 -0.00061585 -0.03064737
v -0.00749746 0.00019515 -0.03065783
v -0.00716763 -0.00220797 -0.03050059
v -0.00693590 -0.00285365 -0.02118676
v -0.00693572 -0.00285409 -0.03038617
v -0.00608265 -0.00438763 -0.02118675
v -0.00652854 -0.00369164 -0.03017908
v -0.00688788 -0.00296768 -0.03036223
v -0.00489623 -0.00568128 -0.02118676
v -0.00489461 -0.00568267 -0.02926739
v -0.00505433 -0.00554110 -0.02936300
v -0.00561955 -0.00496695 -0.02968933
v -0.00609426 -0.00437150 -0.02995000
v -0.00444007 -0.00604448 -0.02898652
v -0.00377918 -0.00647825 -0.02855327
v -0.00343805 -0.00666557 -0.02831676
v -0.00307334 -0.00684139 -0.02805258
v 0.00497200 -0.00561509 -0.02118676
v 0.00014307 -0.00749864 -0.02479456
v -0.00575966 -0.00350039 -0.01835004
v -0.00853620 -0.00177255 -0.03112789
v -0.00630029 0.00609573 -0.03005827
v -0.00679043 0.00551502 -0.03031231
v -0.00728203 0.00481364 -0.03055396
v -0.00772110 0.00404470 -0.03076183
v -0.00806366 0.00329656 -0.03091884
v -0.00823637 0.00283811 -0.03099606
v -0.00837214 0.00241482 -0.03105601
v -0.00834479 -0.00250601 -0.03104466
v -0.00803858 -0.00335760 -0.03090837
v -0.00613904 -0.00626541 -0.02997264
v -0.00765481 -0.00417195 -0.03073203
v -0.00717944 -0.00497165 -0.03050680
v -0.00668107 -0.00565348 -0.03025740
v -0.00869826 0.00071237 -0.03119672
v -0.00872994 -0.00006130 -0.03121057
v -0.00867821 -0.00091123 -0.03118850
v -0.00858317 0.00154060 -0.03114725
v -0.00457633 0.00548166 -0.00345891
v -0.00484414 0.00503159 -0.00268910
v -0.00398451 0.00551771 -0.00574989
v -0.00228309 -0.00395135 -0.00058906
v -0.00129367 -0.00404726 -0.00022808
v -0.00119955 -0.00359450 -0.00002503
v -0.00206099 -0.00330493 0.00034449
v -0.00147054 -0.00488828 -0.00088377
v -0.00241014 -0.00069050 0.00084017
v -0.00256264 -0.00182837 0.00078903
v -0.00202735 -0.00271863 0.00050717
v -0.00006938 -0.00424871 -0.00086909
v -0.00085569 -0.00504508 -0.00120390
v -0.00080601 -0.00378030 -0.00025827
v -0.00051457 -0.00291169 -0.00005496
v -0.00109211 -0.00312093 0.00011282
v -0.00096434 -0.00262272 0.00019708
v -0.00196916 -0.00207226 0.00060732
v -0.00057977 -0.00436817 -0.00069839
v -0.00042848 -0.00400010 -0.00053726
v -0.00008539 -0.00321036 -0.00035157
v -0.00249272 -0.00105548 0.00084006
v -0.00186704 -0.00139531 0.00065438
v -0.00072139 -0.00471757 -0.00091739
v -0.00212519 -0.00480588 -0.00066508
v -0.00209273 -0.00434799 -0.00022812
v -0.00207747 -0.00384714 0.00010400
v -0.00138160 -0.00448008 -0.00051001
v 0.00032655 -0.00352087 -0.00070050
v -0.00080754 -0.00210201 0.00023670
v -0.00523595 -0.00658926 -0.01847432
v -0.00597821 -0.00540270 -0.01376524
v -0.00657100 -0.00451301 -0.01327753
v -0.00672569 -0.00448161 -0.01506048
v -0.00842352 0.00201096 -0.02334381
v -0.00850380 0.00194592 -0.02607938
v -0.00869995 0.00097904 -0.02594994
v -0.00605824 0.00614652 -0.02456647
v -0.00624758 0.00605351 -0.02685425
v -0.00680900 0.00537740 -0.02678369
v -0.00571986 0.00316165 -0.00042616
v -0.00523588 0.00382556 -0.00064921
v -0.00490438 -0.00455044 -0.00152389
v -0.00472018 -0.00440395 -0.00089029
v -0.00474349 -0.00602064 -0.00650362
v -0.00643244 -0.00435379 -0.00999924
v -0.00791644 0.00120499 -0.01207938
v -0.00800444 0.00060339 -0.01199680
v -0.00464602 0.00573130 -0.00465739
v -0.00824052 0.00284273 -0.02896185
v -0.00634326 -0.00602940 -0.02931342
v -0.00690494 -0.00533852 -0.02929265
v -0.00741707 -0.00456915 -0.02921174
v -0.00786622 -0.00373433 -0.02909379
v -0.00852194 -0.00192073 -0.02883903
v -0.00634650 0.00602599 -0.02931341
v -0.00690781 0.00533481 -0.02929265
v -0.00741952 0.00456516 -0.02921174
v -0.00786823 0.00373010 -0.02909379
v -0.00451757 0.00539847 -0.00302487
v -0.00433386 0.00504806 -0.00168553
v -0.00474673 0.00601809 -0.00650361
v -0.00531363 0.00572881 -0.00844313
v -0.00531718 0.00593157 -0.01035221
v -0.00586933 0.00521746 -0.01018994
v -0.00643478 0.00435033 -0.00999923
v -0.00647742 0.00446596 -0.01161346
v -0.00702031 0.00345901 -0.01126428
v -0.00759638 0.00238047 -0.01237483
v -0.00803519 -0.00000216 -0.01196760
v -0.00800411 -0.00060770 -0.01199679
v -0.00791579 -0.00120925 -0.01207938
v -0.00759510 -0.00238456 -0.01237483
v -0.00647502 -0.00446944 -0.01161346
v -0.00701845 -0.00346278 -0.01126429
v -0.00586652 -0.00522061 -0.01018994
v -0.00531399 -0.00593442 -0.01035223
v -0.00480326 -0.00626351 -0.00846224
v -0.00482935 -0.00645956 -0.01046698
v -0.00433114 -0.00505038 -0.00168552
v -0.00451467 -0.00540090 -0.00302486
v -0.00571816 -0.00316472 -0.00042617
v -0.00523382 -0.00382837 -0.00064921
v -0.00579750 0.00628984 -0.02244420
v -0.00523949 0.00658644 -0.01847432
v -0.00661705 0.00549046 -0.02442047
v -0.00733330 0.00461404 -0.02664050
v -0.00503158 0.00666883 -0.01651474
v -0.00577089 0.00600557 -0.01810375
v -0.00635058 0.00565780 -0.02220897
v -0.00715772 0.00473176 -0.02418406
v -0.00780251 0.00377797 -0.02645508
v -0.00657342 0.00450948 -0.01327753
v -0.00728691 0.00346420 -0.01449425
v -0.00713028 0.00349255 -0.01279415
v -0.00793227 0.00229595 -0.01595646
v -0.00834888 -0.00000224 -0.01547554
v -0.00831990 0.00058095 -0.01551002
v -0.00823672 0.00116069 -0.01560757
v -0.00862899 -0.00000232 -0.02034819
v -0.00860572 0.00053047 -0.02037336
v -0.00853839 0.00106071 -0.02044444
v -0.00828805 0.00210325 -0.02069754
v -0.00728505 -0.00346812 -0.01449423
v -0.00712840 -0.00349638 -0.01279415
v -0.00775137 -0.00236348 -0.01400345
v -0.00831958 -0.00058542 -0.01551002
v -0.00860544 -0.00053510 -0.02037336
v -0.00823610 -0.00116512 -0.01560757
v -0.00853782 -0.00106530 -0.02044443
v -0.00793104 -0.00230022 -0.01595646
v -0.00828692 -0.00210771 -0.02069754
v -0.00748268 -0.00337983 -0.01645136
v -0.00540557 -0.00613348 -0.01419788
v -0.00612716 -0.00537358 -0.01563246
v -0.00694001 -0.00437625 -0.01702143
v -0.00790937 -0.00310903 -0.02105403
v -0.00842244 -0.00201549 -0.02334381
v -0.00864371 -0.00101749 -0.02315716
v -0.00823899 -0.00284717 -0.02896186
v -0.00819711 -0.00288816 -0.02625789
v -0.00780048 -0.00378216 -0.02645509
v -0.00765343 -0.00389165 -0.02389838
v -0.00715518 -0.00473561 -0.02418406
v -0.00690661 -0.00490630 -0.02186321
v -0.00634754 -0.00566122 -0.02220898
v -0.00576766 -0.00600868 -0.01810374
v -0.00502799 -0.00667153 -0.01651474
v -0.00680611 -0.00538106 -0.02678370
v -0.00624433 -0.00605686 -0.02685425
v -0.00605493 -0.00614978 -0.02456648
v -0.00733082 -0.00461798 -0.02664050
v -0.00661410 -0.00549402 -0.02442046
v -0.00579411 -0.00629296 -0.02244420
v -0.00589635 -0.00534990 -0.01196257
v -0.00533740 -0.00607105 -0.01226948
v -0.00485344 -0.00659944 -0.01249257
v -0.00472254 0.00440141 -0.00089030
v -0.00490682 0.00454780 -0.00152390
v -0.00480662 0.00626092 -0.00846225
v -0.00483282 0.00645697 -0.01046698
v -0.00485699 0.00659682 -0.01249257
v -0.00491222 0.00667070 -0.01451613
v -0.00554659 0.00611069 -0.01614047
v -0.00635484 0.00525836 -0.01759584
v -0.00690924 0.00490259 -0.02186322
v -0.00765552 0.00388754 -0.02389839
v -0.00819866 0.00288375 -0.02625789
v -0.00808570 0.00297490 -0.02360460
v -0.00791104 0.00310478 -0.02105402
v -0.00744042 0.00404473 -0.02146040
v -0.00748450 0.00337581 -0.01645137
v -0.00694236 0.00437252 -0.01702143
v -0.00672810 0.00447799 -0.01506048
v -0.00613004 0.00537028 -0.01563247
v -0.00598112 0.00539948 -0.01376524
v -0.00540887 0.00613057 -0.01419788
v -0.00589922 0.00534673 -0.01196256
v -0.00534066 0.00606817 -0.01226947
v -0.00490863 -0.00667334 -0.01451613
v -0.00554330 -0.00611367 -0.01614046
v -0.00635201 -0.00526177 -0.01759584
v -0.00743824 -0.00404873 -0.02146041
v -0.00808410 -0.00297924 -0.02360459
v -0.00850275 -0.00195049 -0.02607937
v -0.00869942 -0.00098371 -0.02594994
v -0.00876915 -0.00000236 -0.02590003
f 1 2 3
f 3 2 4
f 3 4 5
f 5 4 6
f 5 6 7
f 7 6 8
f 7 8 9
f 9 8 10
f 9 10 11
f 11 10 12
f 11 12 13
f 13 12 14
f 13 14 15
f 15 14 16
f 15 16 17
f 17 16 18
f 17 18 19
f 19 18 20
f 19 20 21
f 21 20 22
f 21 22 23
f 23 22 24
f 23 24 1
f 1 24 2
f 25 26 27
f 25 27 28
f 28 27 29
f 28 29 30
f 30 29 31
f 30 31 32
f 33 34 35
f 36 37 38
f 38 37 39
f 38 39 40
f 40 39 41
f 40 41 42
f 33 35 42
f 42 35 40
f 40 35 43
f 40 43 44
f 44 43 45
f 44 45 46
f 45 47 46
f 46 47 48
f 46 48 49
f 49 48 50
f 49 50 51
f 51 50 52
f 51 52 53
f 54 55 53
f 53 55 56
f 53 56 51
f 57 58 59
f 59 58 60
f 59 60 61
f 54 62 55
f 55 62 63
f 55 63 64
f 64 63 59
f 64 59 65
f 65 59 61
f 65 61 66
f 67 68 69
f 69 68 70
f 69 70 71
f 72 73 74
f 74 73 75
f 74 75 67
f 67 75 76
f 67 76 68
f 77 78 79
f 80 81 82
f 82 81 71
f 82 71 83
f 83 71 70
f 83 70 84
f 77 79 85
f 85 79 86
f 85 86 87
f 72 74 79
f 79 74 88
f 79 88 86
f 70 89 84
f 84 89 90
f 89 91 90
f 90 91 92
f 90 92 93
f 92 91 94
f 94 91 95
f 94 95 96
f 96 95 97
f 96 97 98
f 98 97 99
f 98 99 100
f 100 99 101
f 100 101 102
f 102 101 103
f 102 103 104
f 104 103 105
f 106 107 108
f 108 107 109
f 108 109 110
f 104 105 111
f 111 105 112
f 111 112 113
f 114 115 108
f 108 115 116
f 117 118 119
f 119 118 120
f 119 120 108
f 108 120 121
f 108 121 106
f 113 112 122
f 122 112 108
f 122 108 123
f 123 108 110
f 123 110 124
f 125 119 126
f 126 119 108
f 126 108 127
f 127 108 116
f 128 129 130
f 130 129 131
f 131 129 132
f 131 132 133
f 134 135 136
f 136 135 137
f 136 137 133
f 133 137 138
f 133 138 131
f 139 140 141
f 141 140 142
f 141 142 143
f 144 145 146
f 146 145 147
f 146 147 148
f 148 147 149
f 148 149 130
f 130 149 150
f 130 150 128
f 134 136 151
f 151 136 152
f 151 152 153
f 153 152 154
f 153 154 155
f 139 141 156
f 156 141 157
f 156 157 158
f 158 157 159
f 158 159 160
f 160 159 161
f 160 161 162
f 162 161 163
f 162 163 164
f 154 165 155
f 155 165 166
f 155 166 167
f 167 166 141
f 167 141 168
f 168 141 143
f 163 169 164
f 164 169 170
f 164 170 171
f 171 170 172
f 171 172 173
f 173 172 174
f 173 174 175
f 175 174 176
f 175 176 144
f 144 176 177
f 144 177 145
f 178 156 158
f 156 178 139
f 160 179 158
f 158 179 180
f 158 180 178
f 181 178 180
f 60 181 61
f 61 181 66
f 66 181 182
f 182 181 180
f 182 180 183
f 183 180 179
f 183 179 184
f 40 185 38
f 38 185 77
f 38 77 36
f 36 77 85
f 36 85 186
f 186 85 87
f 185 187 77
f 77 187 188
f 77 188 189
f 190 191 189
f 189 191 78
f 189 78 77
f 190 192 191
f 191 192 193
f 191 193 194
f 194 193 195
f 194 195 196
f 196 195 197
f 196 197 198
f 198 197 199
f 198 199 200
f 200 199 201
f 200 201 202
f 202 201 203
f 202 203 204
f 204 203 205
f 204 205 206
f 206 205 207
f 206 207 208
f 208 207 209
f 208 209 210
f 210 209 211
f 210 211 212
f 212 211 213
f 212 213 214
f 214 213 215
f 215 216 214
f 214 216 217
f 214 217 218
f 217 219 218
f 218 219 220
f 218 220 221
f 222 223 224
f 224 223 221
f 224 221 225
f 225 221 220
f 226 65 66
f 222 227 223
f 223 227 228
f 223 228 229
f 229 228 230
f 229 230 231
f 231 230 232
f 232 230 233
f 232 233 234
f 66 182 226
f 226 182 183
f 226 183 235
f 233 236 234
f 234 236 237
f 234 237 238
f 238 237 239
f 238 239 184
f 184 239 240
f 184 240 183
f 183 240 241
f 183 241 235
f 242 243 40
f 40 243 244
f 40 244 185
f 245 46 246
f 246 46 49
f 246 49 247
f 247 49 51
f 247 51 248
f 245 249 46
f 46 249 250
f 46 250 44
f 44 250 251
f 44 251 40
f 40 251 252
f 40 252 242
f 248 51 253
f 253 51 56
f 253 56 254
f 254 56 55
f 254 55 255
f 226 256 65
f 65 256 257
f 65 257 64
f 64 257 258
f 64 258 55
f 55 258 259
f 55 259 255
f 260 232 261
f 261 232 234
f 261 234 179
f 179 234 238
f 179 238 184
f 262 229 260
f 260 229 231
f 260 231 232
f 263 221 262
f 262 221 223
f 262 223 229
f 264 214 263
f 263 214 218
f 263 218 221
f 206 208 265
f 265 208 210
f 265 210 264
f 264 210 212
f 264 212 214
f 206 265 204
f 204 265 266
f 204 266 202
f 267 198 266
f 266 198 200
f 266 200 202
f 79 78 267
f 267 78 191
f 191 194 267
f 267 194 196
f 267 196 198
f 79 130 72
f 72 130 131
f 268 73 131
f 131 73 72
f 269 89 70
f 269 70 270
f 70 68 270
f 270 68 76
f 270 76 271
f 271 76 75
f 271 75 272
f 272 75 73
f 272 73 268
f 131 138 268
f 268 138 273
f 268 273 272
f 272 273 274
f 272 274 271
f 271 274 275
f 271 275 270
f 270 275 269
f 269 275 91
f 269 91 89
f 135 134 276
f 137 135 277
f 138 137 278
f 138 278 273
f 273 278 279
f 273 279 274
f 274 279 280
f 274 280 275
f 275 280 95
f 275 95 91
f 281 99 97
f 137 277 278
f 278 277 282
f 278 282 279
f 279 282 281
f 279 281 280
f 280 281 97
f 280 97 95
f 135 276 277
f 277 276 283
f 277 283 282
f 282 283 284
f 282 284 281
f 281 284 101
f 281 101 99
f 151 153 285
f 134 151 286
f 134 286 276
f 276 286 287
f 276 287 283
f 283 287 288
f 283 288 284
f 284 288 103
f 284 103 101
f 151 285 286
f 286 285 289
f 286 289 287
f 287 289 290
f 287 290 288
f 288 290 105
f 288 105 103
f 290 289 291
f 285 153 155
f 112 105 292
f 292 105 290
f 292 290 293
f 293 290 291
f 294 291 295
f 295 291 289
f 295 289 296
f 296 289 285
f 296 285 297
f 297 285 155
f 298 299 300
f 155 301 297
f 297 301 302
f 297 302 296
f 296 302 295
f 167 168 298
f 294 295 300
f 300 295 302
f 300 302 298
f 298 302 301
f 298 301 167
f 167 301 155
f 130 79 267
f 130 267 148
f 148 267 266
f 148 266 146
f 146 266 265
f 146 265 144
f 144 265 264
f 144 264 175
f 175 264 263
f 175 263 173
f 173 263 262
f 173 262 171
f 171 262 260
f 171 260 164
f 164 260 261
f 164 261 162
f 162 261 179
f 162 179 160
f 303 154 304
f 304 154 152
f 304 152 305
f 305 152 136
f 305 136 306
f 306 136 133
f 306 133 307
f 307 133 132
f 307 132 308
f 308 132 129
f 308 129 309
f 309 129 128
f 309 128 310
f 310 128 150
f 310 150 311
f 311 150 149
f 311 149 312
f 312 149 147
f 312 147 313
f 313 147 145
f 313 145 314
f 314 145 177
f 314 177 315
f 315 177 176
f 315 176 316
f 316 176 174
f 316 174 317
f 317 174 172
f 317 172 318
f 318 172 170
f 318 170 319
f 319 170 169
f 319 169 320
f 320 169 163
f 320 163 321
f 321 163 161
f 321 161 322
f 322 161 159
f 322 159 323
f 323 159 157
f 323 157 324
f 324 157 141
f 324 141 325
f 325 141 166
f 325 166 326
f 326 166 165
f 326 165 303
f 303 165 154
f 256 226 327
f 327 226 235
f 327 235 328
f 328 235 241
f 328 241 329
f 327 330 256
f 256 330 331
f 256 331 257
f 331 332 257
f 257 332 333
f 257 333 258
f 258 333 334
f 258 334 259
f 259 334 335
f 259 335 255
f 255 335 254
f 254 335 336
f 254 336 253
f 337 246 338
f 338 246 247
f 338 247 339
f 339 247 248
f 339 248 340
f 340 248 253
f 340 253 341
f 341 253 336
f 337 342 246
f 246 342 343
f 246 343 245
f 245 343 344
f 245 344 249
f 249 344 250
f 250 344 345
f 250 345 251
f 345 346 251
f 251 346 347
f 251 347 252
f 252 347 348
f 252 348 242
f 242 348 349
f 242 349 243
f 349 350 243
f 243 350 351
f 243 351 244
f 244 351 352
f 244 352 185
f 185 352 353
f 185 353 187
f 187 353 188
f 188 353 354
f 188 354 189
f 189 354 355
f 189 355 190
f 190 355 192
f 192 355 356
f 192 356 193
f 356 357 193
f 193 357 358
f 193 358 195
f 359 197 360
f 360 197 195
f 360 195 361
f 361 195 358
f 359 362 197
f 197 362 363
f 197 363 199
f 199 363 201
f 363 364 201
f 201 364 365
f 201 365 203
f 203 365 366
f 203 366 205
f 205 366 367
f 205 367 207
f 367 368 207
f 207 368 369
f 207 369 209
f 209 369 370
f 209 370 211
f 211 370 371
f 211 371 213
f 371 372 213
f 213 372 373
f 213 373 215
f 215 373 374
f 215 374 216
f 375 220 376
f 376 220 219
f 376 219 374
f 374 219 217
f 374 217 216
f 222 224 375
f 375 224 225
f 375 225 220
f 377 230 378
f 378 230 228
f 378 228 379
f 379 228 227
f 379 227 380
f 380 227 222
f 380 222 381
f 381 222 375
f 377 382 230
f 230 382 383
f 230 383 233
f 233 383 384
f 233 384 236
f 236 384 385
f 236 385 237
f 237 385 386
f 237 386 239
f 239 386 387
f 239 387 240
f 240 387 388
f 240 388 241
f 241 388 389
f 241 389 329
f 390 324 325
f 390 325 391
f 392 393 320
f 320 321 392
f 392 321 322
f 392 322 390
f 390 322 323
f 390 323 324
f 394 395 316
f 316 317 394
f 394 317 318
f 394 318 393
f 393 318 319
f 393 319 320
f 396 397 312
f 312 313 396
f 396 313 314
f 396 314 395
f 395 314 315
f 395 315 316
f 398 309 399
f 399 309 310
f 399 310 397
f 397 310 311
f 397 311 312
f 400 307 398
f 398 307 308
f 398 308 309
f 401 305 400
f 400 305 306
f 400 306 307
f 325 326 391
f 391 326 303
f 391 303 401
f 401 303 304
f 401 304 305
f 365 364 402
f 329 389 403
f 403 389 388
f 403 388 404
f 404 388 387
f 330 327 405
f 405 327 403
f 403 327 328
f 403 328 329
f 334 333 406
f 406 333 332
f 406 332 405
f 405 332 331
f 405 331 330
f 334 406 335
f 335 406 407
f 335 407 336
f 342 337 408
f 408 337 338
f 338 339 408
f 408 339 340
f 408 340 407
f 407 340 341
f 407 341 336
f 409 344 408
f 408 344 343
f 408 343 342
f 410 348 409
f 409 348 347
f 347 346 409
f 409 346 345
f 409 345 344
f 352 351 411
f 411 351 350
f 411 350 410
f 410 350 349
f 410 349 348
f 352 411 353
f 353 411 412
f 353 412 354
f 354 412 355
f 355 412 413
f 355 413 356
f 360 361 414
f 414 361 358
f 414 358 413
f 413 358 357
f 413 357 356
f 364 363 402
f 402 363 362
f 402 362 414
f 414 362 359
f 414 359 360
f 415 367 402
f 402 367 366
f 402 366 365
f 370 369 415
f 415 369 368
f 415 368 367
f 370 415 371
f 371 415 416
f 371 416 372
f 375 376 417
f 417 376 374
f 417 374 416
f 416 374 373
f 416 373 372
f 383 382 418
f 418 382 377
f 418 377 419
f 419 377 378
f 378 379 419
f 419 379 380
f 419 380 417
f 417 380 381
f 417 381 375
f 387 386 404
f 404 386 385
f 404 385 418
f 418 385 384
f 418 384 383
f 420 395 421
f 421 395 394
f 421 394 422
f 422 394 393
f 422 393 423
f 423 393 392
f 423 392 424
f 424 392 390
f 424 390 425
f 425 390 391
f 425 391 426
f 426 391 401
f 426 401 427
f 427 401 400
f 427 400 428
f 428 400 398
f 428 398 429
f 429 398 399
f 429 399 430
f 430 399 397
f 430 397 431
f 431 397 396
f 431 396 420
f 420 396 395
f 422 418 421
f 421 418 419
f 421 419 420
f 424 405 423
f 423 405 403
f 423 403 422
f 422 403 404
f 422 404 418
f 426 408 425
f 425 408 407
f 425 407 424
f 424 407 406
f 424 406 405
f 419 417 420
f 420 417 416
f 420 416 431
f 431 416 415
f 431 415 430
f 428 411 427
f 427 411 410
f 427 410 426
f 426 410 409
f 426 409 408
f 415 402 430
f 430 402 414
f 430 414 429
f 429 414 413
f 429 413 428
f 428 413 412
f 428 412 411
f 432 433 434
f 434 433 435
f 434 435 436
f 437 438 434
f 434 438 439
f 434 439 432
f 440 441 434
f 434 441 442
f 434 442 437
f 436 443 434
f 434 443 444
f 434 444 440
f 436 445 443
f 443 445 446
f 443 446 444
f 444 446 447
f 444 447 440
f 440 447 448
f 440 448 441
f 441 448 449
f 441 449 442
f 442 449 450
f 442 450 437
f 437 450 451
f 437 451 438
f 438 451 452
f 438 452 439
f 439 452 453
f 439 453 432
f 432 453 454
f 432 454 433
f 433 454 455
f 433 455 435
f 435 455 456
f 435 456 436
f 436 456 445
f 457 458 459
f 459 458 460
f 459 460 461
f 461 460 462
f 461 462 463
f 463 462 464
f 463 464 465
f 465 464 466
f 465 466 467
f 467 466 468
f 467 468 469
f 469 468 470
f 469 470 471
f 471 470 472
f 471 472 473
f 473 472 474
f 473 474 475
f 475 474 476
f 475 476 477
f 477 476 478
f 477 478 479
f 479 478 480
f 479 480 481
f 481 480 482
f 481 482 483
f 483 482 484
f 483 484 485
f 485 484 486
f 485 486 487
f 487 486 488
f 487 488 489
f 489 488 490
f 489 490 491
f 491 490 492
f 491 492 493
f 493 492 494
f 493 494 495
f 495 494 496
f 495 496 497
f 497 496 498
f 497 498 499
f 499 498 500
f 499 500 501
f 501 500 502
f 501 502 503
f 503 502 504
f 503 504 457
f 457 504 458
f 21 505 19
f 19 505 506
f 19 506 17
f 17 506 507
f 17 507 15
f 15 507 508
f 15 508 13
f 13 508 509
f 13 509 11
f 11 509 510
f 11 510 9
f 9 510 511
f 9 511 7
f 7 511 512
f 7 512 5
f 5 512 513
f 5 513 3
f 3 513 514
f 3 514 1
f 1 514 515
f 1 515 23
f 23 515 516
f 23 516 21
f 21 516 505
f 501 517 518
f 519 497 518
f 518 497 499
f 518 499 501
f 520 493 519
f 519 493 495
f 519 495 497
f 521 489 520
f 520 489 491
f 520 491 493
f 522 485 521
f 521 485 487
f 521 487 489
f 523 481 522
f 522 481 483
f 522 483 485
f 524 477 523
f 523 477 479
f 523 479 481
f 525 473 524
f 524 473 475
f 524 475 477
f 526 469 525
f 525 469 471
f 525 471 473
f 527 465 526
f 526 465 467
f 526 467 469
f 528 461 527
f 527 461 463
f 527 463 465
f 501 503 517
f 517 503 457
f 517 457 528
f 528 457 459
f 528 459 461
f 510 528 511
f 511 528 527
f 511 527 512
f 512 527 526
f 512 526 513
f 513 526 525
f 513 525 514
f 514 525 524
f 514 524 515
f 515 524 523
f 515 523 516
f 516 523 522
f 516 522 505
f 505 522 521
f 505 521 506
f 506 521 520
f 506 520 507
f 507 520 519
f 507 519 508
f 508 519 518
f 508 518 509
f 509 518 517
f 509 517 510
f 510 517 528
f 20 529 22
f 22 529 530
f 22 530 24
f 24 530 531
f 24 531 2
f 2 531 532
f 2 532 4
f 4 532 533
f 4 533 6
f 6 533 534
f 6 534 8
f 8 534 535
f 8 535 10
f 10 535 536
f 10 536 12
f 12 536 537
f 12 537 14
f 14 537 538
f 14 538 16
f 16 538 539
f 16 539 18
f 18 539 540
f 18 540 20
f 20 540 529
f 541 542 540
f 540 542 543
f 540 543 529
f 544 545 539
f 539 545 546
f 539 546 540
f 540 546 547
f 540 547 541
f 544 539 548
f 548 539 538
f 548 538 549
f 550 551 537
f 537 551 552
f 537 552 538
f 538 552 553
f 538 553 549
f 550 537 554
f 554 537 536
f 554 536 555
f 556 557 536
f 536 557 558
f 536 558 555
f 559 535 560
f 560 535 534
f 559 561 535
f 535 561 562
f 535 562 536
f 536 562 563
f 536 563 556
f 533 564 534
f 534 564 565
f 565 566 534
f 534 566 567
f 534 567 560
f 568 569 532
f 532 569 570
f 532 570 533
f 533 570 571
f 533 571 564
f 572 573 531
f 531 573 574
f 531 574 532
f 532 574 575
f 532 575 568
f 543 576 529
f 529 576 577
f 529 577 530
f 530 577 578
f 530 578 579
f 579 580 530
f 530 580 581
f 530 581 531
f 531 581 582
f 531 582 572
f 583 299 584
f 584 299 298
f 584 298 585
f 585 298 586
f 586 298 168
f 586 168 143
f 587 456 588
f 588 456 455
f 588 455 589
f 589 455 454
f 589 454 590
f 590 454 453
f 590 453 591
f 591 453 452
f 591 452 592
f 592 452 451
f 592 451 593
f 593 451 450
f 593 450 594
f 594 450 449
f 594 449 595
f 595 449 448
f 595 448 596
f 596 448 447
f 596 447 597
f 597 447 446
f 597 446 598
f 598 446 445
f 598 445 587
f 587 445 456
f 598 599 597
f 597 599 600
f 597 600 596
f 596 600 601
f 596 601 595
f 595 601 602
f 595 602 594
f 594 602 603
f 594 603 593
f 593 603 604
f 593 604 592
f 592 604 605
f 592 605 591
f 591 605 606
f 591 606 590
f 590 606 607
f 590 607 589
f 589 607 608
f 589 608 588
f 588 608 609
f 588 609 587
f 587 609 610
f 587 610 598
f 598 610 599
f 611 612 613
f 614 615 616
f 616 615 617
f 613 618 611
f 611 618 619
f 611 619 617
f 617 619 620
f 617 620 616
f 621 622 623
f 621 623 624
f 623 625 624
f 624 625 626
f 624 626 627
f 628 629 630
f 630 629 631
f 631 629 632
f 631 632 633
f 634 635 630
f 630 635 636
f 630 636 628
f 637 638 639
f 639 638 640
f 639 640 641
f 642 643 644
f 644 643 645
f 644 645 646
f 642 647 643
f 643 647 648
f 643 648 640
f 640 648 649
f 640 649 641
f 646 645 650
f 650 645 651
f 650 651 652
f 652 651 653
f 652 653 654
f 655 656 657
f 655 657 658
f 657 659 658
f 658 659 660
f 658 660 653
f 653 660 661
f 653 661 654
f 662 663 664
f 664 665 662
f 662 665 666
f 662 666 655
f 655 666 667
f 655 667 656
f 668 669 628
f 637 670 638
f 638 670 632
f 638 632 669
f 669 632 629
f 669 629 628
f 628 671 668
f 668 671 672
f 668 672 673
f 673 672 674
f 673 674 675
f 675 674 676
f 675 676 677
f 677 676 678
f 677 678 679
f 679 678 680
f 680 678 681
f 680 681 682
f 682 681 683
f 682 683 684
f 684 683 685
f 684 685 686
f 686 685 687
f 687 685 688
f 687 688 689
f 688 690 689
f 689 690 691
f 689 691 692
f 692 691 693
f 692 693 694
f 694 693 695
f 695 693 696
f 695 696 697
f 697 696 698
f 698 696 699
f 698 699 700
f 701 664 663
f 702 703 704
f 705 706 707
f 708 709 710
f 710 709 711
f 710 711 712
f 712 711 713
f 707 706 714
f 714 706 715
f 715 706 716
f 715 716 717
f 718 712 719
f 719 712 713
f 719 713 720
f 720 713 721
f 720 721 722
f 722 721 717
f 722 717 723
f 723 717 716
f 700 699 724
f 700 724 725
f 707 726 705
f 705 726 727
f 705 727 728
f 728 727 729
f 728 729 730
f 730 729 731
f 730 731 732
f 732 731 725
f 732 725 733
f 733 725 724
f 704 703 734
f 734 703 735
f 734 735 736
f 736 735 737
f 736 737 738
f 738 737 739
f 738 739 708
f 708 739 740
f 708 740 709
f 704 741 702
f 702 741 742
f 702 742 743
f 743 742 744
f 743 744 745
f 745 744 746
f 745 746 747
f 747 746 748
f 747 748 749
f 750 751 752
f 752 751 753
f 752 753 754
f 754 753 749
f 754 749 755
f 755 749 748
f 750 756 751
f 751 756 757
f 751 757 758
f 758 757 759
f 758 759 760
f 760 759 761
f 760 761 762
f 762 761 763
f 762 763 764
f 763 765 764
f 764 765 766
f 764 766 767
f 767 766 768
f 769 627 626
f 770 771 772
f 772 771 773
f 772 773 774
f 774 773 775
f 774 775 776
f 776 775 777
f 776 777 778
f 778 777 779
f 778 779 780
f 780 779 781
f 780 781 768
f 768 781 782
f 768 782 767
f 772 769 770
f 770 769 626
f 770 626 783
f 783 626 701
f 783 701 784
f 784 701 663
f 785 786 787
f 787 786 788
f 787 788 789
f 786 742 788
f 788 742 741
f 788 741 789
f 789 741 704
f 789 704 734
f 790 791 792
f 793 794 795
f 795 794 796
f 795 796 797
f 797 796 798
f 797 798 799
f 800 801 793
f 793 801 802
f 793 802 794
f 803 804 805
f 805 804 806
f 805 806 807
f 807 806 808
f 807 808 809
f 809 808 810
f 809 810 800
f 800 810 811
f 800 811 801
f 812 813 814
f 814 813 815
f 814 815 803
f 803 815 816
f 803 816 804
f 817 818 819
f 820 821 822
f 822 821 823
f 822 823 824
f 824 823 825
f 824 825 826
f 826 825 827
f 792 828 790
f 790 828 829
f 790 829 827
f 827 829 830
f 827 830 826
f 831 832 833
f 833 832 834
f 833 834 791
f 791 834 835
f 791 835 792
f 798 836 799
f 799 836 837
f 799 837 838
f 838 837 839
f 838 839 840
f 840 839 841
f 840 841 842
f 842 841 843
f 842 843 844
f 844 843 845
f 844 845 831
f 831 845 846
f 831 846 832
f 821 847 848
f 821 848 823
f 823 848 849
f 823 849 825
f 825 849 850
f 825 850 827
f 827 850 851
f 827 851 790
f 790 851 852
f 790 852 791
f 791 852 853
f 791 853 833
f 833 853 854
f 833 854 831
f 831 854 855
f 831 855 844
f 844 855 856
f 844 856 842
f 842 856 857
f 842 857 840
f 840 857 858
f 840 858 838
f 838 858 859
f 838 859 799
f 799 859 860
f 799 860 797
f 797 860 861
f 797 861 795
f 795 861 862
f 795 862 793
f 793 862 863
f 793 863 800
f 800 863 864
f 800 864 809
f 809 864 865
f 809 865 807
f 807 865 866
f 807 866 805
f 805 866 867
f 805 867 803
f 803 867 868
f 803 868 814
f 847 869 870
f 847 870 848
f 848 870 871
f 848 871 849
f 849 871 872
f 849 872 850
f 850 872 873
f 850 873 851
f 851 873 874
f 851 874 852
f 852 874 875
f 852 875 853
f 853 875 876
f 853 876 854
f 854 876 877
f 854 877 855
f 855 877 878
f 855 878 856
f 856 878 879
f 856 879 857
f 857 879 880
f 857 880 858
f 858 880 881
f 858 881 859
f 859 881 882
f 859 882 860
f 860 882 883
f 860 883 861
f 861 883 884
f 861 884 862
f 862 884 885
f 862 885 863
f 863 885 886
f 863 886 864
f 864 886 887
f 864 887 865
f 865 887 888
f 865 888 866
f 866 888 889
f 866 889 867
f 867 889 890
f 867 890 868
f 869 891 892
f 869 892 870
f 870 892 893
f 870 893 871
f 871 893 894
f 871 894 872
f 872 894 895
f 872 895 873
f 873 895 896
f 873 896 874
f 874 896 897
f 874 897 875
f 875 897 898
f 875 898 876
f 876 898 899
f 876 899 877
f 877 899 900
f 877 900 878
f 878 900 901
f 878 901 879
f 879 901 902
f 879 902 880
f 880 902 903
f 880 903 881
f 881 903 904
f 881 904 882
f 882 904 905
f 882 905 883
f 883 905 906
f 883 906 884
f 884 906 907
f 884 907 885
f 885 907 908
f 885 908 886
f 886 908 909
f 886 909 887
f 887 909 910
f 887 910 888
f 888 910 911
f 888 911 889
f 889 911 912
f 889 912 890
f 913 912 914
f 914 912 911
f 914 911 915
f 915 911 910
f 915 910 916
f 916 910 909
f 916 909 917
f 917 909 908
f 917 908 918
f 918 908 907
f 918 907 919
f 919 907 906
f 919 906 920
f 920 906 905
f 920 905 921
f 921 905 904
f 921 904 922
f 922 904 903
f 922 903 923
f 923 903 902
f 913 924 912
f 912 924 925
f 912 925 890
f 890 925 926
f 890 926 868
f 868 926 927
f 868 927 814
f 814 927 819
f 814 819 812
f 812 819 818
f 924 928 925
f 925 928 929
f 925 929 926
f 926 929 930
f 926 930 927
f 927 930 931
f 927 931 819
f 819 931 932
f 819 932 817
f 817 932 933
f 928 934 929
f 929 934 891
f 929 891 930
f 930 891 869
f 930 869 931
f 931 869 847
f 931 847 932
f 932 847 821
f 932 821 933
f 933 821 820
f 934 935 891
f 891 935 936
f 891 936 892
f 892 936 937
f 892 937 893
f 893 937 938
f 893 938 894
f 894 938 939
f 894 939 895
f 895 939 940
f 895 940 896
f 896 940 941
f 896 941 897
f 897 941 942
f 897 942 898
f 898 942 943
f 898 943 899
f 899 943 944
f 899 944 900
f 900 944 945
f 900 945 901
f 901 945 946
f 901 946 902
f 902 946 947
f 902 947 923
f 946 945 948
f 949 938 937
f 949 937 950
f 950 937 936
f 950 936 951
f 951 936 952
f 952 936 935
f 952 935 953
f 934 954 935
f 935 954 955
f 935 955 953
f 928 956 934
f 934 956 957
f 934 957 954
f 913 914 958
f 958 959 913
f 913 959 960
f 913 960 924
f 924 960 961
f 924 961 928
f 928 961 962
f 928 962 956
f 914 915 958
f 958 915 916
f 958 916 917
f 963 918 919
f 963 919 964
f 964 919 920
f 964 920 965
f 966 967 968
f 967 969 968
f 968 969 958
f 968 958 963
f 963 958 917
f 963 917 918
f 970 971 972
f 972 971 973
f 972 973 974
f 972 975 976
f 976 977 972
f 972 977 978
f 972 978 970
f 974 979 972
f 972 979 980
f 972 980 981
f 963 982 968
f 968 982 975
f 968 975 966
f 966 975 972
f 966 972 983
f 983 972 981
f 946 948 947
f 947 948 984
f 947 984 923
f 923 984 985
f 923 985 922
f 922 985 986
f 922 986 921
f 921 986 987
f 921 987 920
f 920 987 988
f 920 988 965
f 943 942 989
f 943 989 944
f 944 989 945
f 945 989 990
f 945 990 948
f 941 940 991
f 991 940 939
f 949 992 938
f 938 992 993
f 938 993 939
f 939 993 994
f 939 994 991
f 942 941 989
f 989 941 991
f 989 991 995
f 996 997 995
f 995 997 998
f 995 998 989
f 991 999 995
f 995 999 1000
f 995 1000 996
f 1001 1002 1003
f 1003 1002 1004
f 1003 1004 1005
f 1006 1007 1003
f 1000 1001 996
f 996 1001 1003
f 996 1003 1008
f 1008 1003 1007
f 1005 1009 1003
f 1003 1009 1010
f 1003 1010 1006
f 792 835 1011
f 1012 832 846
f 1012 846 1013
f 1011 835 1012
f 1012 835 834
f 1012 834 832
f 792 1011 828
f 828 1011 1014
f 828 1014 829
f 829 1014 830
f 830 1014 1015
f 830 1015 826
f 1016 820 1017
f 1017 820 822
f 1017 822 1015
f 1015 822 824
f 1015 824 826
f 1018 817 1016
f 1016 817 933
f 1016 933 820
f 815 813 1019
f 1019 813 812
f 1019 812 1018
f 1018 812 818
f 1018 818 817
f 1020 1021 808
f 808 806 1020
f 1020 806 804
f 1020 804 1019
f 1019 804 816
f 1019 816 815
f 1022 811 1021
f 1021 811 810
f 1021 810 808
f 1023 802 1022
f 1022 802 801
f 1022 801 811
f 1024 796 1023
f 1023 796 794
f 1023 794 802
f 1025 836 1024
f 1024 836 798
f 1024 798 796
f 1026 839 1025
f 1025 839 837
f 1025 837 836
f 846 845 1013
f 1013 845 843
f 1013 843 1026
f 1026 843 841
f 1026 841 839
f 1027 1028 695
f 1029 1030 1031
f 1032 1033 1034
f 1035 1036 1037
f 1038 663 662
f 952 1039 951
f 951 1039 1040
f 951 1040 950
f 950 1040 949
f 949 1040 1041
f 949 1041 992
f 999 991 1042
f 1042 991 994
f 1042 994 1041
f 1041 994 993
f 1041 993 992
f 999 1042 1000
f 1000 1042 1043
f 1000 1043 1001
f 1043 1044 1001
f 1001 1044 1045
f 1001 1045 1002
f 1045 1046 1002
f 1002 1046 1047
f 1002 1047 1004
f 1004 1047 1048
f 1004 1048 1005
f 1005 1048 1009
f 1009 1048 1049
f 1009 1049 1010
f 1008 1007 1050
f 1050 1007 1006
f 1050 1006 1051
f 1051 1006 1010
f 1051 1010 1052
f 1052 1010 1049
f 1050 1053 1008
f 1008 1053 1054
f 1008 1054 996
f 996 1054 1055
f 996 1055 997
f 997 1055 1056
f 1031 984 1057
f 1057 984 948
f 1057 948 1058
f 1058 948 990
f 1058 990 1059
f 1059 990 989
f 1059 989 1056
f 1056 989 998
f 1056 998 997
f 1031 1030 984
f 984 1030 1060
f 984 1060 985
f 700 1061 698
f 698 1061 1062
f 1063 677 1064
f 1064 677 679
f 1064 679 1065
f 1065 679 680
f 1065 680 1066
f 1027 695 1062
f 1062 695 697
f 1062 697 698
f 1067 687 1068
f 1068 687 689
f 1068 689 1069
f 1069 689 692
f 1069 692 1028
f 1028 692 694
f 1028 694 695
f 680 682 1066
f 1066 682 684
f 1066 684 1067
f 1067 684 686
f 1067 686 687
f 1070 1029 1071
f 1071 1029 1031
f 1071 1031 1072
f 1072 1031 1057
f 1072 1057 1073
f 1073 1057 1058
f 1073 1058 1074
f 1074 1058 1059
f 1074 1059 1075
f 1075 1059 1056
f 1075 1056 1076
f 1076 1056 1055
f 1076 1055 1077
f 1077 1055 1054
f 1077 1054 1078
f 1078 1054 1053
f 1078 1053 1079
f 1079 1053 1050
f 1079 1050 1080
f 1080 1050 1051
f 1080 1051 1081
f 1081 1051 1052
f 1081 1052 1082
f 1082 1052 1049
f 1082 1049 1083
f 1083 1049 1048
f 1083 1048 1084
f 1084 1048 1047
f 1084 1047 1085
f 1085 1047 1046
f 1085 1046 1086
f 1086 1046 1045
f 1086 1045 1087
f 1087 1045 1044
f 1087 1044 1088
f 1088 1044 1043
f 1088 1043 1089
f 1089 1043 1042
f 1089 1042 1090
f 1090 1042 1041
f 1090 1041 1034
f 1034 1041 1040
f 1034 1040 1032
f 1032 1040 1039
f 1036 1038 1037
f 1037 1038 662
f 1037 662 1091
f 1091 662 655
f 1091 655 1092
f 1092 655 658
f 1092 658 1093
f 658 653 1093
f 1093 653 651
f 1093 651 1094
f 1094 651 645
f 1094 645 1095
f 1095 645 1096
f 1096 645 643
f 1096 643 1097
f 643 640 1097
f 1097 640 638
f 1097 638 1098
f 1098 638 669
f 1098 669 1099
f 1099 669 668
f 1099 668 1100
f 1100 668 673
f 1100 673 1063
f 1063 673 675
f 1063 675 677
f 1061 1070 1062
f 1062 1070 1071
f 1062 1071 1027
f 1027 1071 1072
f 1027 1072 1028
f 1028 1072 1073
f 1028 1073 1069
f 1069 1073 1074
f 1069 1074 1068
f 1068 1074 1075
f 1068 1075 1067
f 1067 1075 1076
f 1067 1076 1066
f 1066 1076 1077
f 1066 1077 1065
f 1065 1077 1078
f 1065 1078 1064
f 1064 1078 1079
f 1064 1079 1063
f 1063 1079 1080
f 1063 1080 1100
f 1100 1080 1081
f 1100 1081 1099
f 1099 1081 1082
f 1099 1082 1098
f 1098 1082 1083
f 1098 1083 1097
f 1097 1083 1084
f 1097 1084 1096
f 1096 1084 1085
f 1096 1085 1095
f 1095 1085 1086
f 1095 1086 1094
f 1094 1086 1087
f 1094 1087 1093
f 1093 1087 1088
f 1093 1088 1092
f 1092 1088 1089
f 1092 1089 1091
f 1091 1089 1090
f 1091 1090 1037
f 1037 1090 1034
f 1037 1034 1035
f 1035 1034 1033
f 1101 1102 977
f 977 1102 978
f 1060 1030 1103
f 1029 1070 1104
f 1035 1033 1105
f 1039 1106 1032
f 1032 1106 1033
f 1107 1038 1036
f 663 1038 784
f 784 1038 1107
f 784 1107 783
f 1036 1108 1107
f 1107 1108 1109
f 1107 1109 783
f 783 1109 1110
f 783 1110 770
f 770 1110 771
f 771 1110 1111
f 771 1111 773
f 781 779 1112
f 1112 779 777
f 1112 777 1111
f 1111 777 775
f 1111 775 773
f 781 1112 782
f 782 1112 1113
f 782 1113 767
f 1114 758 1115
f 1115 758 760
f 1115 760 1116
f 1116 760 762
f 1116 762 1113
f 1113 762 764
f 1113 764 767
f 1117 747 1118
f 1118 747 749
f 1118 749 1119
f 1119 749 753
f 1119 753 1114
f 1114 753 751
f 1114 751 758
f 1120 703 1121
f 1121 703 702
f 1121 702 1122
f 1122 702 743
f 1122 743 1117
f 1117 743 745
f 1117 745 747
f 1123 737 1120
f 1120 737 735
f 1120 735 703
f 1124 740 1123
f 1123 740 739
f 1123 739 737
f 1125 713 1126
f 1126 713 711
f 1126 711 1124
f 1124 711 709
f 1124 709 740
f 714 715 1127
f 1127 715 717
f 1127 717 1125
f 1125 717 721
f 1125 721 713
f 714 1127 707
f 707 1127 1128
f 707 1128 726
f 726 1128 1129
f 726 1129 727
f 727 1129 729
f 729 1129 1130
f 729 1130 731
f 731 1130 1131
f 731 1131 725
f 725 1131 1061
f 725 1061 700
f 1132 1133 983
f 983 1133 966
f 956 1134 957
f 957 1134 1135
f 957 1135 954
f 954 1135 1136
f 954 1136 955
f 955 1136 1137
f 955 1137 953
f 953 1137 1106
f 953 1106 952
f 952 1106 1039
f 956 962 1134
f 1134 962 961
f 1134 961 1138
f 961 960 1138
f 1138 960 959
f 1138 959 1139
f 1139 959 958
f 1139 958 1140
f 958 969 1140
f 1140 969 967
f 1140 967 1141
f 1141 967 966
f 1141 966 1142
f 1142 966 1133
f 1143 987 1103
f 1103 987 986
f 1103 986 1060
f 1060 986 985
f 977 976 1101
f 1101 976 975
f 1101 975 1144
f 1144 975 982
f 1144 982 1145
f 1145 982 963
f 1145 963 1146
f 1146 963 964
f 1146 964 1147
f 1147 964 965
f 1147 965 1143
f 1143 965 988
f 1143 988 987
f 1030 1029 1103
f 1103 1029 1104
f 1103 1104 1143
f 1143 1104 1148
f 1143 1148 1147
f 1147 1148 1149
f 1147 1149 1146
f 1146 1149 1150
f 1146 1150 1145
f 1145 1150 1151
f 1145 1151 1144
f 1144 1151 1152
f 1144 1152 1101
f 1101 1152 1153
f 1101 1153 1102
f 1102 1153 1154
f 1102 1154 978
f 978 1154 1155
f 978 1155 970
f 970 1155 1156
f 1033 1106 1105
f 1105 1106 1137
f 1105 1137 1157
f 1157 1137 1136
f 1157 1136 1158
f 1158 1136 1135
f 1158 1135 1159
f 1159 1135 1134
f 1159 1134 1160
f 1160 1134 1138
f 1160 1138 1161
f 1161 1138 1139
f 1161 1139 1162
f 1162 1139 1140
f 1162 1140 1163
f 1163 1140 1141
f 1163 1141 1164
f 1164 1141 1142
f 1164 1142 1165
f 1165 1142 1133
f 1165 1133 1166
f 1166 1133 1132
f 1166 1132 1167
f 1167 1132 1168
f 1167 1168 1169
f 1169 1168 1170
f 1169 1170 1171
f 1171 1170 1172
f 1171 1172 1156
f 1156 1172 971
f 1156 971 970
f 983 981 1132
f 1132 981 980
f 1132 980 1168
f 1168 980 979
f 1168 979 1170
f 1170 979 974
f 1170 974 1172
f 1172 974 973
f 1172 973 971
f 1036 1035 1108
f 1108 1035 1105
f 1108 1105 1109
f 1109 1105 1157
f 1109 1157 1110
f 1110 1157 1158
f 1110 1158 1111
f 1111 1158 1159
f 1111 1159 1112
f 1112 1159 1160
f 1112 1160 1113
f 1113 1160 1161
f 1113 1161 1116
f 1116 1161 1162
f 1116 1162 1115
f 1115 1162 1163
f 1115 1163 1114
f 1114 1163 1164
f 1114 1164 1119
f 1119 1164 1165
f 1119 1165 1118
f 1118 1165 1166
f 1118 1166 1117
f 1117 1166 1167
f 1117 1167 1122
f 1122 1167 1169
f 1122 1169 1121
f 1121 1169 1171
f 1121 1171 1120
f 1120 1171 1156
f 1120 1156 1123
f 1123 1156 1155
f 1123 1155 1124
f 1124 1155 1154
f 1124 1154 1126
f 1126 1154 1153
f 1126 1153 1125
f 1125 1153 1152
f 1125 1152 1127
f 1127 1152 1151
f 1127 1151 1128
f 1128 1151 1150
f 1128 1150 1129
f 1129 1150 1149
f 1129 1149 1130
f 1130 1149 1148
f 1130 1148 1131
f 1131 1148 1104
f 1131 1104 1061
f 1061 1104 1070
f 1173 1174 1175
f 1175 1174 1176
f 1175 1176 1177
f 1177 1176 1178
f 1177 1178 1179
f 1179 1178 1180
f 1179 1180 1181
f 1181 1180 1182
f 1181 1182 1183
f 1183 1182 1184
f 1183 1184 1185
f 1185 1184 1186
f 1185 1186 1187
f 1187 1186 1188
f 1187 1188 1189
f 1189 1188 1190
f 1189 1190 1191
f 1191 1190 1192
f 1191 1192 1193
f 1193 1192 1194
f 1193 1194 1195
f 1195 1194 1196
f 1195 1196 1173
f 1173 1196 1174
f 1194 1192 1197
f 1188 1198 1190
f 1190 1198 1199
f 1190 1199 1192
f 1192 1199 1200
f 1192 1200 1197
f 1197 1201 1194
f 1194 1201 1202
f 1194 1202 1196
f 1196 1202 1203
f 1196 1203 1174
f 1186 1204 1188
f 1188 1204 1205
f 1188 1205 1198
f 1203 1206 1174
f 1174 1206 1207
f 1174 1207 1176
f 1176 1207 1208
f 1176 1208 1178
f 1178 1208 1209
f 1178 1209 1180
f 1180 1209 1210
f 1180 1210 1182
f 1182 1210 1211
f 1182 1211 1184
f 1184 1211 1212
f 1184 1212 1186
f 1186 1212 1213
f 1186 1213 1204
f 1183 1015 1181
f 1181 1015 1014
f 1181 1014 1179
f 1179 1014 1011
f 1179 1011 1177
f 1195 1023 1193
f 1193 1023 1022
f 1193 1022 1191
f 1191 1022 1021
f 1191 1021 1189
f 1011 1012 1177
f 1177 1012 1013
f 1177 1013 1175
f 1175 1013 1026
f 1175 1026 1173
f 1173 1026 1025
f 1173 1025 1195
f 1195 1025 1024
f 1195 1024 1023
f 1021 1020 1189
f 1189 1020 1019
f 1189 1019 1187
f 1187 1019 1018
f 1187 1018 1185
f 1185 1018 1016
f 1185 1016 1183
f 1183 1016 1017
f 1183 1017 1015
f 1214 1215 1216
f 1216 1215 1217
f 1216 1218 1214
f 1214 1218 1219
f 1214 1219 1220
f 1220 1219 1221
f 1220 1221 1222
f 1222 1221 1223
f 1224 1225 1226
f 1226 1225 1227
f 1228 1229 1230
f 1231 1232 1233
f 1234 1235 1236
f 1237 1238 1235
f 1239 1240 1241
f 1242 1243 1244
f 1245 1246 1247
f 1248 1249 1250
f 1251 1247 1252
f 1246 1253 1247
f 1247 1253 1254
f 1247 1254 1252
f 1237 1235 1224
f 1224 1235 1234
f 1224 1234 1225
f 1255 1256 1257
f 1257 1256 1258
f 1258 1259 1257
f 1257 1259 1260
f 1257 1260 1261
f 1261 1260 1231
f 1261 1231 1236
f 1236 1231 1233
f 1236 1233 1234
f 1243 1245 1244
f 1244 1245 1247
f 1244 1247 1262
f 1262 1247 1251
f 1262 1251 1263
f 1263 1251 1264
f 1263 1264 1265
f 1265 1264 1266
f 1252 1267 1251
f 1251 1267 1268
f 1251 1268 1264
f 1264 1268 1248
f 1264 1248 1266
f 1266 1248 1250
f 1266 1250 1265
f 1265 1250 1269
f 1265 1269 1270
f 1270 1228 1265
f 1265 1228 1230
f 1265 1230 1263
f 1263 1230 1271
f 1263 1271 1262
f 1262 1271 1272
f 1262 1272 1244
f 1244 1272 1241
f 1244 1241 1242
f 1242 1241 1240
f 1229 1255 1230
f 1230 1255 1257
f 1230 1257 1271
f 1271 1257 1261
f 1271 1261 1272
f 1272 1261 1236
f 1272 1236 1241
f 1241 1236 1235
f 1241 1235 1239
f 1239 1235 1238
f 1273 1274 1275
f 1254 1274 1252
f 1252 1274 1273
f 1252 1273 1267
f 1267 1273 1268
f 1273 1276 1268
f 1268 1276 1277
f 1268 1277 1248
f 1248 1277 1249
f 1278 1279 1280
f 1275 1281 1273
f 1273 1281 1282
f 1273 1282 1276
f 1276 1282 1278
f 1276 1278 1277
f 1277 1278 1280
f 1277 1280 1249
f 1232 1283 1233
f 1284 1285 1286
f 1287 1288 1289
f 1289 1288 1284
f 1289 1284 1290
f 1290 1284 1286
f 1290 1286 1225
f 1225 1286 1227
f 1232 1287 1283
f 1283 1287 1289
f 1283 1289 1233
f 1233 1289 1290
f 1233 1290 1234
f 1234 1290 1225
f 1291 1200 1292
f 1292 1200 1199
f 1292 1199 1293
f 1293 1199 1198
f 1197 1294 1201
f 1201 1294 1295
f 1201 1295 1202
f 1202 1295 1296
f 1297 1298 1299
f 1300 1297 1301
f 1297 1299 1301
f 1301 1299 1302
f 1301 1302 1303
f 1303 1302 1304
f 1303 1304 1305
f 1305 1304 1306
f 1305 1306 1307
f 1300 1301 1308
f 1308 1301 1303
f 1308 1303 1309
f 1309 1303 1305
f 1309 1305 1310
f 1310 1305 1307
f 1310 1307 1311
f 1312 1306 1304
f 1313 1314 1312
f 1314 1313 1294
f 1312 1304 1313
f 1313 1304 1302
f 1313 1302 1315
f 1315 1302 1299
f 1315 1299 1316
f 1316 1299 1298
f 1316 1298 1317
f 1294 1313 1318
f 1318 1313 1315
f 1318 1315 1319
f 1319 1315 1316
f 1319 1316 1320
f 1320 1316 1317
f 1320 1317 1321
f 1322 1323 1324
f 1321 1322 1325
f 1322 1324 1325
f 1325 1324 1326
f 1325 1326 1327
f 1327 1326 1328
f 1327 1328 1329
f 1329 1328 1296
f 1329 1296 1295
f 1321 1325 1320
f 1320 1325 1327
f 1320 1327 1319
f 1319 1327 1329
f 1319 1329 1318
f 1318 1329 1295
f 1318 1295 1294
f 1330 1331 1332
f 1333 1308 1309
f 1334 1335 1336
f 1337 1338 1339
f 1339 1338 1340
f 1339 1340 1341
f 1341 1340 1342
f 1341 1342 1343
f 1343 1342 1344
f 1344 1342 1345
f 1344 1345 1346
f 1346 1345 1347
f 1346 1347 1348
f 1348 1347 1349
f 1348 1349 1350
f 1350 1349 1351
f 1351 1349 1352
f 1351 1352 1353
f 1353 1352 1354
f 1354 1352 1355
f 1354 1355 1356
f 1356 1355 1357
f 1356 1357 1358
f 1358 1357 1359
f 1359 1357 1360
f 1359 1360 1361
f 1362 1363 1360
f 1360 1363 1364
f 1360 1364 1361
f 1365 1366 1367
f 1367 1366 1368
f 1367 1368 1362
f 1362 1368 1369
f 1362 1369 1363
f 1311 1370 1371
f 1371 1370 1372
f 1371 1372 1365
f 1365 1372 1373
f 1365 1373 1366
f 1338 1374 1375
f 1338 1375 1340
f 1340 1375 1376
f 1340 1376 1342
f 1342 1376 1377
f 1342 1377 1345
f 1345 1377 1378
f 1345 1378 1347
f 1347 1378 1379
f 1347 1379 1349
f 1349 1379 1380
f 1349 1380 1352
f 1352 1380 1381
f 1352 1381 1355
f 1355 1381 1382
f 1355 1382 1357
f 1357 1382 1383
f 1357 1383 1360
f 1360 1383 1384
f 1360 1384 1362
f 1362 1384 1385
f 1362 1385 1367
f 1367 1385 1386
f 1367 1386 1365
f 1365 1386 1387
f 1365 1387 1371
f 1371 1387 1310
f 1371 1310 1311
f 1331 1388 1332
f 1332 1388 1389
f 1332 1389 1374
f 1374 1389 1375
f 1375 1389 1390
f 1375 1390 1376
f 1376 1390 1391
f 1376 1391 1377
f 1377 1391 1392
f 1377 1392 1378
f 1378 1392 1393
f 1378 1393 1379
f 1379 1393 1394
f 1379 1394 1380
f 1380 1394 1395
f 1380 1395 1381
f 1381 1395 1396
f 1381 1396 1382
f 1382 1396 1397
f 1382 1397 1383
f 1383 1397 1398
f 1383 1398 1384
f 1384 1398 1399
f 1384 1399 1385
f 1385 1399 1400
f 1385 1400 1386
f 1386 1400 1333
f 1386 1333 1387
f 1387 1333 1309
f 1387 1309 1310
f 1323 1401 1324
f 1324 1401 1402
f 1324 1402 1326
f 1326 1402 1336
f 1326 1336 1328
f 1328 1336 1335
f 1328 1335 1296
f 1323 1330 1401
f 1401 1330 1332
f 1401 1332 1402
f 1402 1332 1374
f 1402 1374 1336
f 1336 1374 1338
f 1336 1338 1334
f 1334 1338 1337
f 1388 1403 1389
f 1389 1403 1404
f 1389 1404 1390
f 1390 1404 1405
f 1390 1405 1391
f 1391 1405 1406
f 1391 1406 1392
f 1392 1406 1407
f 1392 1407 1393
f 1393 1407 1408
f 1393 1408 1394
f 1394 1408 1409
f 1394 1409 1395
f 1395 1409 1410
f 1395 1410 1396
f 1396 1410 1411
f 1396 1411 1397
f 1397 1411 1412
f 1397 1412 1398
f 1398 1412 1413
f 1398 1413 1399
f 1300 1308 1414
f 1414 1308 1333
f 1414 1333 1415
f 1415 1333 1400
f 1415 1400 1416
f 1416 1400 1399
f 1416 1399 1417
f 1417 1399 1413
f 1204 1373 1205
f 1205 1373 1372
f 1363 1369 1213
f 1213 1369 1368
f 1213 1368 1204
f 1204 1368 1366
f 1204 1366 1373
f 1363 1213 1364
f 1364 1213 1212
f 1364 1212 1361
f 1346 1348 1209
f 1209 1348 1350
f 1209 1350 1210
f 1350 1351 1210
f 1210 1351 1418
f 1210 1418 1211
f 1211 1418 1419
f 1211 1419 1212
f 1212 1419 1359
f 1212 1359 1361
f 1346 1209 1344
f 1344 1209 1208
f 1344 1208 1343
f 1343 1208 1207
f 1343 1207 1341
f 1335 1334 1206
f 1206 1334 1337
f 1206 1337 1207
f 1207 1337 1339
f 1207 1339 1341
f 1206 1203 1335
f 1335 1203 1202
f 1335 1202 1296
f 1372 1370 1205
f 1205 1370 1420
f 1205 1420 1198
f 1198 1420 1293
f 1294 1197 1314
f 1314 1197 1200
f 1314 1200 1312
f 1312 1200 1291
f 1421 1422 1423
f 1424 1425 1422
f 1423 1426 1421
f 1421 1426 1427
f 1421 1427 1428
f 1428 1427 1429
f 1428 1429 1430
f 1422 1421 1424
f 1424 1421 1428
f 1424 1428 1431
f 1431 1428 1430
f 1431 1430 1432
f 1433 1434 1435
f 1436 1437 1438
f 1438 1437 1439
f 1440 1441 1442
f 1442 1441 1443
f 1442 1443 1444
f 1444 1443 1445
f 1444 1445 1446
f 1446 1445 1438
f 1446 1438 1447
f 1447 1438 1439
f 1448 1449 1450
f 1450 1449 1451
f 1450 1451 1452
f 1440 1453 1441
f 1441 1453 1454
f 1441 1454 1455
f 1455 1454 1456
f 1457 1458 1459
f 1460 1461 1462
f 1448 1463 1449
f 1449 1463 1464
f 1449 1464 1465
f 1456 1466 1455
f 1455 1466 1467
f 1455 1467 1429
f 1468 1469 1458
f 1458 1469 1470
f 1458 1470 1459
f 1459 1471 1457
f 1457 1471 1472
f 1457 1472 1461
f 1461 1472 1473
f 1461 1473 1462
f 1462 1474 1460
f 1460 1474 1475
f 1460 1475 1476
f 1476 1475 1436
f 1476 1436 1477
f 1477 1436 1438
f 1478 1479 1480
f 1481 1482 1468
f 1468 1482 1483
f 1468 1483 1469
f 1480 1479 1484
f 1485 1486 1481
f 1481 1486 1487
f 1481 1487 1482
f 1488 1489 1432
f 1490 1478 1491
f 1491 1478 1480
f 1491 1480 1435
f 1435 1480 1492
f 1435 1492 1433
f 1479 1493 1484
f 1484 1493 1494
f 1484 1494 1485
f 1485 1494 1495
f 1485 1495 1486
f 1467 1496 1429
f 1429 1496 1488
f 1429 1488 1430
f 1430 1488 1432
f 1452 1451 1491
f 1491 1451 1497
f 1491 1497 1490
f 1498 1477 1499
f 1499 1477 1438
f 1499 1438 1500
f 1500 1438 1445
f 1500 1445 1501
f 1501 1445 1443
f 1449 1502 1503
f 1503 1502 1504
f 1503 1504 1505
f 1505 1504 1506
f 1505 1506 1507
f 1507 1506 1508
f 1507 1508 1509
f 1509 1508 1510
f 1509 1510 1511
f 1512 1513 1514
f 1515 1516 1517
f 1517 1518 1519
f 1519 1518 1520
f 1519 1520 1521
f 1522 1512 1523
f 1523 1512 1514
f 1523 1514 1524
f 1524 1514 1525
f 1524 1525 1515
f 1520 1511 1526
f 1526 1511 1510
f 1526 1510 1527
f 1520 1526 1521
f 1521 1526 1527
f 1521 1527 1519
f 1519 1527 1528
f 1519 1528 1529
f 1515 1517 1524
f 1524 1517 1519
f 1524 1519 1523
f 1523 1519 1529
f 1523 1529 1522
f 1530 1531 1532
f 1532 1531 1533
f 1442 1444 1534
f 1534 1444 1535
f 1534 1535 1536
f 1536 1535 1537
f 1536 1537 1538
f 1538 1537 1539
f 1538 1539 1533
f 1533 1539 1540
f 1533 1540 1532
f 1537 1535 1541
f 1535 1444 1446
f 1535 1446 1541
f 1541 1446 1447
f 1541 1447 1542
f 1542 1543 1541
f 1541 1543 1544
f 1541 1544 1537
f 1545 1540 1544
f 1544 1540 1539
f 1544 1539 1537
f 1546 1530 1545
f 1545 1530 1532
f 1545 1532 1540
f 1543 1547 1544
f 1544 1547 1548
f 1544 1548 1545
f 1545 1548 1549
f 1545 1549 1546
f 1546 1549 1550
f 1551 1552 1553
f 1542 1447 1439
f 1542 1439 1543
f 1543 1439 1552
f 1552 1439 1437
f 1552 1437 1553
f 1553 1437 1436
f 1553 1436 1554
f 1554 1436 1475
f 1554 1475 1555
f 1555 1475 1474
f 1555 1474 1556
f 1556 1474 1462
f 1556 1462 1557
f 1557 1462 1473
f 1557 1473 1558
f 1558 1473 1472
f 1558 1472 1559
f 1559 1472 1471
f 1559 1471 1560
f 1560 1471 1459
f 1560 1459 1561
f 1561 1459 1470
f 1561 1470 1562
f 1562 1470 1469
f 1562 1469 1563
f 1563 1469 1483
f 1563 1483 1564
f 1564 1483 1482
f 1564 1482 1565
f 1565 1482 1487
f 1565 1487 1566
f 1566 1487 1486
f 1566 1486 1567
f 1567 1486 1495
f 1567 1495 1568
f 1568 1495 1494
f 1568 1494 1569
f 1569 1494 1493
f 1569 1493 1570
f 1570 1493 1479
f 1570 1479 1571
f 1571 1479 1478
f 1571 1478 1572
f 1572 1478 1490
f 1572 1490 1573
f 1573 1490 1497
f 1573 1497 1574
f 1574 1497 1451
f 1574 1451 1575
f 1551 1553 1576
f 1576 1553 1554
f 1576 1554 1577
f 1577 1554 1555
f 1577 1555 1578
f 1578 1555 1556
f 1578 1556 1579
f 1579 1556 1557
f 1579 1557 1580
f 1580 1557 1558
f 1580 1558 1581
f 1581 1558 1559
f 1581 1559 1582
f 1582 1559 1560
f 1582 1560 1583
f 1583 1560 1561
f 1583 1561 1584
f 1584 1561 1562
f 1584 1562 1585
f 1585 1562 1563
f 1585 1563 1586
f 1586 1563 1564
f 1586 1564 1587
f 1587 1564 1565
f 1587 1565 1588
f 1588 1565 1566
f 1588 1566 1589
f 1589 1566 1567
f 1589 1567 1590
f 1590 1567 1568
f 1590 1568 1591
f 1591 1568 1569
f 1591 1569 1592
f 1592 1569 1570
f 1592 1570 1593
f 1593 1570 1571
f 1593 1571 1594
f 1594 1571 1572
f 1594 1572 1595
f 1595 1572 1573
f 1595 1573 1596
f 1596 1573 1574
f 1596 1574 1597
f 1597 1574 1575
f 1597 1575 1598
f 1550 1549 1551
f 1551 1549 1548
f 1551 1548 1552
f 1552 1548 1547
f 1552 1547 1543
f 1550 1551 1599
f 1599 1551 1576
f 1599 1576 1600
f 1600 1576 1577
f 1600 1577 1601
f 1601 1577 1578
f 1601 1578 1602
f 1602 1578 1579
f 1602 1579 1603
f 1603 1579 1580
f 1603 1580 1604
f 1604 1580 1581
f 1604 1581 1605
f 1605 1581 1582
f 1605 1582 1606
f 1606 1582 1583
f 1606 1583 1607
f 1607 1583 1584
f 1607 1584 1608
f 1608 1584 1585
f 1608 1585 1609
f 1609 1585 1586
f 1609 1586 1610
f 1610 1586 1587
f 1610 1587 1611
f 1611 1587 1588
f 1611 1588 1612
f 1612 1588 1589
f 1612 1589 1613
f 1613 1589 1590
f 1613 1590 1614
f 1614 1590 1591
f 1614 1591 1615
f 1615 1591 1592
f 1615 1592 1616
f 1616 1592 1593
f 1616 1593 1617
f 1617 1593 1594
f 1617 1594 1618
f 1618 1594 1595
f 1618 1595 1619
f 1619 1595 1596
f 1619 1596 1620
f 1620 1596 1597
f 1620 1597 1621
f 1621 1597 1598
f 1621 1598 1622
f 1503 1505 1598
f 1598 1505 1507
f 1598 1507 1622
f 1622 1507 1509
f 1622 1509 1511
f 1598 1575 1503
f 1503 1575 1451
f 1503 1451 1449
f 1623 1624 1625
f 1624 1623 1626
f 1626 1623 1627
f 1626 1627 1628
f 1629 1630 1631
f 1631 1630 1632
f 1631 1632 1633
f 1633 1632 1634
f 1633 1634 1625
f 1625 1634 1635
f 1625 1635 1623
f 1636 1637 1629
f 1629 1637 1638
f 1629 1638 1630
f 1629 1639 1636
f 1636 1639 1640
f 1636 1640 1641
f 1640 1642 1643
f 1641 1640 1644
f 1644 1640 1643
f 1644 1643 1645
f 1449 1465 1646
f 1647 1510 1508
f 1647 1508 1648
f 1508 1506 1648
f 1648 1506 1504
f 1648 1504 1646
f 1646 1504 1502
f 1646 1502 1449
f 1522 1529 1649
f 1510 1647 1527
f 1527 1647 1650
f 1649 1529 1650
f 1650 1529 1528
f 1650 1528 1527
f 1651 1652 1513
f 1651 1513 1649
f 1649 1513 1512
f 1649 1512 1522
f 1653 1654 1655
f 1655 1654 1656
f 1655 1656 120
f 1657 1654 1653
f 1658 1659 1660
f 1513 1652 1514
f 1514 1652 1661
f 1662 1663 1657
f 1657 1663 1664
f 1657 1664 1654
f 1665 1666 1667
f 1659 1668 1660
f 1660 1668 1662
f 1660 1662 1667
f 1667 1662 1657
f 1667 1657 1665
f 1665 1657 1653
f 1661 1658 1514
f 1514 1658 1660
f 1514 1660 1525
f 1525 1660 1667
f 1525 1667 1515
f 1515 1667 1666
f 1515 1666 1516
f 1669 1622 1511
f 1511 1520 1669
f 1669 1520 1518
f 1669 1518 1670
f 1670 1518 1517
f 1670 1517 1516
f 1622 1669 1621
f 1621 1669 1671
f 1621 1671 1620
f 1620 1671 1619
f 1619 1671 1672
f 1619 1672 1618
f 1618 1672 1617
f 1617 1672 1673
f 1617 1673 1616
f 1616 1673 1615
f 1615 1673 1674
f 1615 1674 1614
f 1614 1674 1613
f 1613 1674 1675
f 1613 1675 1612
f 1612 1675 1611
f 1611 1675 1676
f 1611 1676 1610
f 1610 1676 1609
f 1609 1676 1677
f 1609 1677 1608
f 1608 1677 1607
f 1607 1677 1678
f 1607 1678 1606
f 1606 1678 1605
f 1605 1678 1679
f 1605 1679 1604
f 1604 1679 1603
f 1603 1679 1680
f 1603 1680 1602
f 1602 1680 1601
f 1601 1680 1681
f 1601 1681 1600
f 1600 1681 1599
f 1599 1681 1682
f 1599 1682 1550
f 1683 1684 1685
f 1686 1687 1688
f 1628 1627 1689
f 1689 1627 1690
f 1689 1690 1691
f 1691 1690 1692
f 1691 1692 1693
f 1694 1695 1696
f 1694 1696 1692
f 1692 1696 1697
f 1692 1697 1693
f 1698 1699 1700
f 1698 1700 1694
f 1694 1700 1701
f 1694 1701 1695
f 1702 1703 1698
f 1698 1703 1704
f 1698 1704 1699
f 1687 1705 1688
f 1688 1705 1706
f 1688 1706 1702
f 1702 1706 1707
f 1702 1707 1703
f 1685 1684 1688
f 1688 1684 1708
f 1688 1708 1686
f 1709 1710 1711
f 1709 1711 1712
f 1711 1713 1712
f 1712 1713 1714
f 1712 1714 1685
f 1685 1714 1715
f 1685 1715 1683
f 1716 1644 1717
f 1717 1644 1645
f 1716 1717 1709
f 1709 1717 1718
f 1709 1718 1710
f 1638 1637 1719
f 1719 1637 1636
f 1719 1636 1716
f 1716 1636 1641
f 1716 1641 1644
f 1638 1719 1630
f 1630 1719 1720
f 1630 1720 1632
f 1627 1623 1690
f 1690 1623 1635
f 1690 1635 1720
f 1720 1635 1634
f 1720 1634 1632
f 1721 1722 1723
f 1723 1724 1721
f 1721 1724 1725
f 1721 1725 1726
f 1726 1727 1721
f 1721 1727 1728
f 1721 1728 1729
f 1730 1731 1732
f 1722 1733 1723
f 1723 1733 1734
f 1723 1734 1735
f 1735 1734 1736
f 1737 1738 1733
f 1733 1738 1739
f 1733 1739 1734
f 1734 1739 1740
f 1734 1740 1736
f 1741 1742 1743
f 1743 1742 1744
f 1745 1746 1744
f 1744 1746 1747
f 1744 1747 1743
f 125 1745 1748
f 1748 1745 1744
f 1748 1744 1749
f 1749 1744 1742
f 1749 1742 1750
f 1750 1742 1741
f 1750 1741 1751
f 1751 1741 1732
f 1751 1732 1752
f 1752 1732 1731
f 1722 1730 1733
f 1733 1730 1732
f 1733 1732 1737
f 1737 1732 1741
f 1737 1741 1753
f 1753 1741 1743
f 1735 1736 1754
f 1735 1754 1723
f 1755 1756 1726
f 1757 1758 1755
f 1754 1758 1723
f 1723 1758 1757
f 1723 1757 1724
f 1755 1726 1757
f 1757 1726 1725
f 1757 1725 1724
f 1759 1758 1760
f 1760 1758 1754
f 1759 1760 1761
f 1761 1760 1762
f 1761 1762 1763
f 1489 1488 1762
f 1762 1488 1764
f 1762 1764 1763
f 1477 1498 1765
f 1477 1765 1476
f 1476 1765 1766
f 1476 1766 1460
f 1460 1766 1767
f 1460 1767 1461
f 1461 1767 1768
f 1461 1768 1457
f 1457 1768 1769
f 1457 1769 1458
f 1458 1769 1770
f 1458 1770 1468
f 1468 1770 1771
f 1468 1771 1481
f 1481 1771 1772
f 1481 1772 1485
f 1485 1772 1773
f 1485 1773 1484
f 1484 1773 1774
f 1484 1774 1480
f 1775 1776 1777
f 1626 1778 1624
f 1624 1778 1779
f 1624 1779 1625
f 1631 1780 1629
f 1629 1780 1781
f 1629 1781 1639
f 1779 1782 1625
f 1625 1782 1783
f 1625 1783 1633
f 1633 1783 1784
f 1633 1784 1785
f 1785 1786 1633
f 1633 1786 1787
f 1633 1787 1631
f 1631 1787 1788
f 1631 1788 1780
f 1789 1642 1781
f 1781 1642 1640
f 1781 1640 1639
f 1790 1791 1777
f 1789 1792 1642
f 1642 1792 1793
f 1642 1793 1777
f 1777 1793 1794
f 1777 1794 1790
f 1791 1795 1777
f 1777 1795 1796
f 1777 1796 1775
f 1797 1798 1799
f 1626 1800 1778
f 1778 1800 1797
f 1778 1797 1801
f 1801 1797 1799
f 1480 1774 1492
f 1492 1774 1802
f 1803 1435 1434
f 1804 93 92
f 1434 1805 1803
f 1803 1805 1806
f 1803 1806 1807
f 1807 1806 1804
f 1807 1804 1808
f 1808 1804 92
f 1807 1808 1809
f 1435 1803 1491
f 1491 1803 1810
f 1491 1810 1452
f 1452 1810 1811
f 1452 1811 1450
f 1450 1811 1812
f 1450 1812 1448
f 1448 1812 1813
f 1803 1807 1810
f 1810 1807 1809
f 1810 1809 1811
f 1811 1809 1814
f 1811 1814 1812
f 1812 1814 1815
f 1812 1815 1813
f 1813 1815 1816
f 1808 92 1809
f 1809 92 94
f 1809 94 1814
f 1814 94 96
f 1814 96 1815
f 1815 96 98
f 1815 98 1816
f 1816 98 100
f 1463 1448 1813
f 1464 1463 1817
f 1464 1817 1818
f 1818 1817 1819
f 1818 1819 1820
f 1820 1819 102
f 1820 102 104
f 1463 1813 1817
f 1817 1813 1816
f 1817 1816 1819
f 1819 1816 100
f 1819 100 102
f 1465 1464 1821
f 1821 1464 1818
f 1821 1818 1822
f 1822 1818 1820
f 1822 1820 111
f 111 1820 104
f 1823 1824 1825
f 122 123 1826
f 122 1824 113
f 113 1824 1823
f 113 1823 111
f 111 1823 1822
f 1827 1821 1822
f 1465 1821 1646
f 1646 1821 1827
f 1646 1827 1648
f 122 1826 1824
f 1824 1826 1828
f 1824 1828 1825
f 1825 1828 1829
f 1825 1829 1830
f 1822 1823 1827
f 1827 1823 1825
f 1827 1825 1648
f 1648 1825 1830
f 1648 1830 1647
f 1649 1650 1831
f 1832 110 109
f 1826 123 124
f 124 1833 1826
f 1826 1833 1834
f 1826 1834 1828
f 1828 1834 1829
f 1829 1834 1831
f 1829 1831 1830
f 1830 1831 1650
f 1830 1650 1647
f 1835 1652 1651
f 109 1836 1832
f 1832 1836 1837
f 1832 1837 1838
f 1838 1837 1835
f 1838 1835 1839
f 1839 1835 1651
f 1839 1651 1649
f 1649 1831 1839
f 1839 1831 1834
f 1839 1834 1838
f 1838 1834 1833
f 1838 1833 1832
f 1832 1833 124
f 1832 124 110
f 1661 1652 1835
f 109 107 1836
f 1836 107 1840
f 1841 1668 1842
f 1842 1668 1659
f 1842 1659 1658
f 1843 1844 1654
f 1842 1845 1841
f 1841 1845 1846
f 1841 1846 1843
f 1843 1846 1847
f 1843 1847 1844
f 1661 1835 1658
f 1654 1664 1843
f 1843 1664 1663
f 1843 1663 1841
f 1841 1663 1662
f 1841 1662 1668
f 107 106 1840
f 1840 106 1848
f 1840 1848 1849
f 1658 1835 1842
f 1842 1835 1837
f 1842 1837 1845
f 1845 1837 1836
f 1845 1836 1846
f 1846 1836 1840
f 1846 1840 1847
f 1847 1840 1849
f 1847 1849 1844
f 1654 1844 1656
f 1656 1844 1850
f 1656 1850 120
f 121 120 1850
f 106 121 1848
f 1848 121 1850
f 1848 1850 1849
f 1849 1850 1844
f 120 118 1655
f 1655 118 1851
f 1655 1851 1653
f 1653 1851 1665
f 1665 1851 1852
f 1665 1852 1666
f 1666 1852 1670
f 1666 1670 1516
f 1853 1854 1855
f 1856 117 119
f 1856 119 125
f 1856 125 1748
f 1855 1857 1858
f 1858 1859 1855
f 1855 1859 1860
f 1855 1860 1853
f 1750 1751 1861
f 1861 1751 1752
f 1861 1752 1855
f 1855 1752 1731
f 1855 1731 1857
f 1748 1749 1856
f 1856 1749 1750
f 1856 1750 1862
f 1862 1750 1861
f 1863 1746 1745
f 127 116 1864
f 1739 1738 1865
f 1866 1867 1865
f 1868 1869 1870
f 1870 1869 1871
f 1870 1871 1872
f 1873 1870 1865
f 1865 1870 1872
f 1865 1872 1866
f 1739 1865 1740
f 1740 1865 1867
f 1740 1867 1736
f 126 127 1874
f 1874 127 1864
f 1874 1864 1868
f 1868 1864 1875
f 1868 1875 1869
f 1876 125 126
f 1863 1745 1876
f 1876 1745 125
f 1877 1863 1878
f 1878 1863 1876
f 1878 1876 1879
f 1879 1876 126
f 1738 1737 1865
f 1865 1737 1753
f 1865 1753 1873
f 1873 1753 1743
f 1873 1743 1747
f 126 1874 1879
f 1879 1874 1868
f 1879 1868 1878
f 1878 1868 1870
f 1878 1870 1877
f 1877 1870 1873
f 1877 1873 1863
f 1863 1873 1747
f 1863 1747 1746
f 1736 1867 1754
f 1754 1867 1880
f 1867 1866 1880
f 1880 1866 1872
f 1880 1872 1881
f 1881 1872 1871
f 1881 1871 1869
f 1869 1875 1881
f 1881 1875 1864
f 1881 1864 1882
f 1882 1864 116
f 1882 116 115
f 114 1883 1884
f 1885 1881 1882
f 1886 1489 1887
f 1887 1489 1762
f 1887 1762 1888
f 1888 1762 1760
f 1888 1760 1880
f 1880 1760 1754
f 1889 1890 1891
f 1891 1890 1892
f 1891 1892 1883
f 1883 1892 1885
f 1883 1885 1884
f 1884 1885 1882
f 1884 1882 114
f 114 1882 115
f 1890 1886 1892
f 1892 1886 1887
f 1892 1887 1885
f 1885 1887 1888
f 1885 1888 1881
f 1881 1888 1880
f 1890 1889 1425
f 1425 1424 1890
f 1890 1424 1431
f 1890 1431 1886
f 1886 1431 1432
f 1886 1432 1489
f 1794 1793 1768
f 1786 1785 1770
f 1773 1772 1893
f 1798 1893 1799
f 1799 1893 1772
f 1799 1772 1801
f 1801 1772 1771
f 1801 1771 1778
f 1778 1771 1779
f 1785 1784 1770
f 1770 1784 1783
f 1770 1783 1771
f 1771 1783 1782
f 1771 1782 1779
f 1786 1770 1787
f 1787 1770 1769
f 1787 1769 1788
f 1789 1781 1769
f 1769 1781 1780
f 1769 1780 1788
f 1768 1793 1769
f 1769 1793 1792
f 1769 1792 1789
f 1766 1775 1767
f 1767 1775 1796
f 1796 1795 1767
f 1767 1795 1791
f 1767 1791 1768
f 1768 1791 1790
f 1768 1790 1794
f 1776 1775 1894
f 1894 1775 1766
f 1894 1766 1895
f 1895 1766 1765
f 1895 1765 1896
f 1896 1765 1498
f 1896 1498 1897
f 1898 1774 1899
f 1899 1774 1773
f 1899 1773 1900
f 1900 1773 1893
f 1901 1902 1903
f 1903 1902 1904
f 1903 1904 1905
f 1906 1907 1903
f 1903 1907 1908
f 1903 1908 1901
f 1909 1910 1903
f 1903 1910 1911
f 1903 1911 1906
f 1905 1912 1903
f 1903 1912 1913
f 1903 1913 1909
f 1914 1902 1915
f 1915 1902 1901
f 1915 1901 1916
f 1916 1901 1908
f 1916 1908 1917
f 1917 1908 1907
f 1917 1907 1918
f 1918 1907 1906
f 1918 1906 1919
f 1919 1906 1911
f 1919 1911 1920
f 1920 1911 1910
f 1920 1910 1921
f 1921 1910 1909
f 1921 1909 1922
f 1922 1909 1913
f 1922 1913 1923
f 1923 1913 1912
f 1923 1912 1924
f 1924 1912 1905
f 1924 1905 1925
f 1925 1905 1904
f 1925 1904 1914
f 1914 1904 1902
f 1926 1927 1928
f 1928 1927 1929
f 1928 1929 1930
f 1930 1929 1931
f 1930 1931 1932
f 1932 1931 1933
f 1932 1933 1934
f 1934 1933 1935
f 1934 1935 1936
f 1936 1935 1937
f 1936 1937 1938
f 1938 1937 1939
f 1938 1939 1940
f 1940 1939 1941
f 1940 1941 1942
f 1942 1941 1943
f 1942 1943 1944
f 1944 1943 1945
f 1944 1945 1946
f 1946 1945 1947
f 1946 1947 1948
f 1948 1947 1949
f 1948 1949 1950
f 1950 1949 1951
f 1950 1951 1952
f 1952 1951 1953
f 1952 1953 1954
f 1954 1953 1955
f 1954 1955 1956
f 1956 1955 1957
f 1956 1957 1958
f 1958 1957 1959
f 1958 1959 1960
f 1960 1959 1961
f 1960 1961 1962
f 1962 1961 1963
f 1962 1963 1964
f 1964 1963 1965
f 1964 1965 1966
f 1966 1965 1967
f 1966 1967 1968
f 1968 1967 1969
f 1968 1969 1970
f 1970 1969 1971
f 1970 1971 1972
f 1972 1971 1973
f 1972 1973 1926
f 1926 1973 1927
f 1974 1975 1976
f 1976 1975 1977
f 1976 1977 1978
f 1978 1977 1979
f 1978 1979 1980
f 1980 1979 1981
f 1980 1981 1982
f 1982 1981 1983
f 1982 1983 1984
f 1984 1983 1985
f 1984 1985 1986
f 1986 1985 1987
f 1986 1987 1988
f 1988 1987 1989
f 1988 1989 1990
f 1990 1989 1991
f 1990 1991 1992
f 1992 1991 1993
f 1992 1993 1994
f 1994 1993 1995
f 1994 1995 1996
f 1996 1995 1997
f 1996 1997 1974
f 1974 1997 1975
f 1927 1998 1999
f 2000 1931 1999
f 1999 1931 1929
f 1999 1929 1927
f 2001 1935 2000
f 2000 1935 1933
f 2000 1933 1931
f 2002 1939 2001
f 2001 1939 1937
f 2001 1937 1935
f 2003 1943 2002
f 2002 1943 1941
f 2002 1941 1939
f 2004 1947 2003
f 2003 1947 1945
f 2003 1945 1943
f 2005 1951 2004
f 2004 1951 1949
f 2004 1949 1947
f 2006 1955 2005
f 2005 1955 1953
f 2005 1953 1951
f 2007 1959 2006
f 2006 1959 1957
f 2006 1957 1955
f 2008 1963 2007
f 2007 1963 1961
f 2007 1961 1959
f 2009 1967 2008
f 2008 1967 1965
f 2008 1965 1963
f 1927 1973 1998
f 1998 1973 1971
f 1998 1971 2009
f 2009 1971 1969
f 2009 1969 1967
f 1998 1991 1999
f 1999 1991 1989
f 1999 1989 2000
f 2000 1989 1987
f 2000 1987 2001
f 2001 1987 1985
f 2001 1985 2002
f 2002 1985 1983
f 2002 1983 2003
f 2003 1983 1981
f 2003 1981 2004
f 2004 1981 1979
f 2004 1979 2005
f 2005 1979 1977
f 2005 1977 2006
f 2006 1977 1975
f 2006 1975 2007
f 2007 1975 1997
f 2007 1997 2008
f 2008 1997 1995
f 2008 1995 2009
f 2009 1995 1993
f 2009 1993 1998
f 1998 1993 1991
f 1992 2010 1990
f 1990 2010 2011
f 1990 2011 1988
f 1988 2011 2012
f 1988 2012 1986
f 1986 2012 2013
f 1986 2013 1984
f 1984 2013 2014
f 1984 2014 1982
f 1982 2014 2015
f 1982 2015 1980
f 1980 2015 2016
f 1980 2016 1978
f 1978 2016 2017
f 1978 2017 1976
f 1976 2017 2018
f 1976 2018 1974
f 1974 2018 2019
f 1974 2019 1996
f 1996 2019 2020
f 1996 2020 1994
f 1994 2020 2021
f 1994 2021 1992
f 1992 2021 2010
f 2022 2021 2020
f 2010 2021 2022
f 2022 2018 2017
f 2019 2018 2022
f 2020 2019 2022
f 2022 2015 2014
f 2016 2015 2022
f 2017 2016 2022
f 2022 2012 2011
f 2013 2012 2022
f 2014 2013 2022
f 2011 2010 2022
f 1419 1418 2023
f 2023 1418 1351
f 2023 1351 2024
f 2024 1351 2025
f 2024 2025 2026
f 2026 2025 2027
f 2026 2027 2028
f 2028 2027 2029
f 2028 2029 2030
f 2023 2031 1419
f 1419 2031 2032
f 1419 2032 1359
f 1359 2032 2033
f 1359 2033 1361
f 1361 2033 2034
f 2033 2035 2034
f 2034 2035 2036
f 2034 2036 2037
f 2037 2036 2038
f 2037 2038 1370
f 1370 2038 2039
f 1370 2039 1420
f 2040 2041 2042
f 2042 2041 2043
f 2042 2043 2044
f 2044 2043 1312
f 2044 1312 2045
f 1312 1291 2045
f 2045 1291 1292
f 2045 1292 2039
f 2039 1292 1293
f 2039 1293 1420
f 2030 2029 2046
f 2046 2029 2047
f 2046 2047 2048
f 2048 2047 2049
f 2048 2049 2040
f 2040 2049 2050
f 2040 2050 2041
f 2040 2051 2048
f 2048 2051 2052
f 2048 2052 2046
f 2046 2052 2053
f 2044 2054 2042
f 2042 2054 2055
f 2042 2055 2040
f 2040 2055 2056
f 2040 2056 2051
f 2038 2057 2039
f 2039 2057 2058
f 2039 2058 2045
f 2045 2058 2059
f 2045 2059 2044
f 2044 2059 2060
f 2044 2060 2054
f 2035 2061 2036
f 2036 2061 2062
f 2036 2062 2038
f 2038 2062 2063
f 2038 2063 2057
f 2032 2064 2033
f 2033 2064 2065
f 2033 2065 2035
f 2035 2065 2061
f 2023 2066 2031
f 2031 2066 2067
f 2031 2067 2032
f 2032 2067 2068
f 2032 2068 2064
f 2028 2069 2026
f 2026 2069 2070
f 2026 2070 2024
f 2024 2070 2071
f 2024 2071 2023
f 2023 2071 2072
f 2023 2072 2066
f 2046 2053 2030
f 2030 2053 2073
f 2030 2073 2028
f 2028 2073 2074
f 2028 2074 2069
f 2075 1455 1429
f 1426 1423 2076
f 2075 1429 2077
f 2076 2078 1426
f 1426 2078 2077
f 1426 2077 1427
f 1427 2077 1429
f 2079 2080 2081
f 2082 2083 2084
f 2084 2083 2085
f 2085 2083 2086
f 2085 2086 2079
f 2087 2088 2089
f 2089 2088 2090
f 2091 2087 2092
f 2092 2087 2089
f 2092 2089 2093
f 2093 2089 2094
f 2095 2096 2097
f 2097 2096 2098
f 2079 2081 2085
f 2085 2081 2099
f 2085 2099 2084
f 2084 2099 2100
f 2084 2100 2101
f 2101 2100 2102
f 2101 2102 2103
f 2103 2102 2104
f 2103 2104 2095
f 2095 2104 2105
f 2095 2105 2096
f 2106 2082 2107
f 2107 2082 2084
f 2107 2084 2108
f 2108 2084 2101
f 2108 2101 2109
f 2109 2101 2103
f 2109 2103 2110
f 2110 2103 2095
f 2110 2095 2090
f 2090 2095 2097
f 2090 2097 2089
f 2089 2097 2098
f 2089 2098 2094
f 2111 2112 2113
f 2113 2112 2114
f 2113 2114 2115
f 2115 2114 2116
f 2115 2116 2117
f 2117 2116 2118
f 2119 2120 2116
f 2116 2120 2121
f 2116 2121 2118
f 2122 2111 2113
f 2113 2123 2122
f 2122 2123 2124
f 2122 2124 2125
f 2115 2126 2113
f 2113 2126 2127
f 2113 2127 2123
f 2128 2129 2115
f 2115 2129 2130
f 2115 2130 2126
f 2120 2131 2121
f 2121 2131 2132
f 2121 2132 2118
f 2118 2132 2128
f 2118 2128 2117
f 2117 2128 2115
f 2133 2134 2135
f 2135 2134 2136
f 2137 2138 2139
f 2137 2139 2140
f 2140 2139 2141
f 2140 2141 2142
f 2142 2141 2135
f 2142 2135 2136
f 1729 1728 2143
f 2143 1728 1759
f 2143 1759 1761
f 1726 1756 1727
f 1727 1756 1728
f 1728 1756 1759
f 1759 1756 1755
f 1759 1755 1758
f 2143 1761 1763
f 1496 1467 2144
f 2144 1467 1466
f 2144 1466 2145
f 2145 1466 1456
f 1488 1496 1764
f 1764 1496 2144
f 1764 2144 1763
f 1763 2144 2146
f 1763 2146 2143
f 2143 2146 1729
f 2147 1729 2146
f 2145 1456 1534
f 1534 1456 1454
f 1454 1453 1534
f 1534 1453 1440
f 1534 1440 1442
f 1538 2147 1536
f 1536 2147 2146
f 1536 2146 1534
f 1534 2146 2144
f 1534 2144 2145
f 2148 2149 1533
f 1538 1533 2147
f 2147 1533 2149
f 2147 2149 1729
f 1531 2150 1533
f 1533 2150 1854
f 1533 1854 2148
f 2148 1854 1853
f 2148 1853 1860
f 2148 1860 1859
f 2151 2149 2148
f 2148 1859 2151
f 2151 1859 1858
f 2151 1858 1730
f 1730 1858 1857
f 1730 1857 1731
f 1730 1722 2151
f 2151 1722 1721
f 2151 1721 2149
f 2149 1721 1729
f 2152 2153 2154
f 2155 2156 2157
f 2157 2156 2158
f 2157 2158 2159
f 2159 2158 2160
f 2159 2161 2157
f 2157 2161 2162
f 2157 2162 2155
f 2155 2162 2154
f 2155 2154 2163
f 2163 2154 2153
f 2164 2165 2166
f 2164 2166 2167
f 2167 2166 2168
f 2167 2168 2169
f 2169 2168 2170
f 2169 2170 2171
f 2171 2170 2172
f 2171 2172 2154
f 2154 2172 2173
f 2154 2173 2152
f 2174 2166 2175
f 2175 2166 2165
f 2175 2165 2176
f 2176 2165 2177
f 2176 2177 2178
f 2177 2179 2178
f 2178 2179 2180
f 2178 2180 2181
f 2181 2180 2182
f 2180 2183 2182
f 2182 2183 2184
f 2182 2184 2185
f 2185 2184 2186
f 2185 2186 2187
f 2187 2186 2188
f 2188 2186 2189
f 2188 2189 2190
f 2190 2189 2191
f 2190 2191 2192
f 2192 2191 2193
f 2192 2193 2194
f 2194 2193 2195
f 2194 2195 2196
f 2197 2198 2199
f 2199 2198 2200
f 2199 2200 2201
f 2196 2195 2202
f 2202 2195 2203
f 2202 2203 2201
f 2201 2203 2204
f 2201 2204 2199
f 1914 2205 1925
f 1925 2205 2206
f 1925 2206 1924
f 1924 2206 2207
f 1924 2207 1923
f 1923 2207 2208
f 1923 2208 1922
f 1922 2208 2209
f 1922 2209 1921
f 1921 2209 2210
f 1921 2210 1920
f 1920 2210 2211
f 1920 2211 1919
f 1919 2211 2212
f 1919 2212 1918
f 1918 2212 2213
f 1918 2213 1917
f 1917 2213 2214
f 1917 2214 1916
f 1916 2214 2215
f 1916 2215 1915
f 1915 2215 2216
f 1915 2216 1914
f 1914 2216 2205
f 2217 2215 2218
f 2218 2215 2214
f 2218 2214 2219
f 2219 2214 2213
f 2219 2213 2220
f 2220 2213 2212
f 2220 2212 2221
f 2221 2212 2211
f 2221 2211 2222
f 2222 2211 2210
f 2222 2210 2223
f 2223 2210 2209
f 2223 2209 2224
f 2224 2209 2208
f 2224 2208 2225
f 2225 2208 2207
f 2225 2207 2226
f 2226 2207 2206
f 2226 2206 2227
f 2227 2206 2205
f 2227 2205 2228
f 2228 2205 2216
f 2228 2216 2217
f 2217 2216 2215
f 2181 2182 2229
f 2182 2185 2229
f 2229 2185 2187
f 2229 2187 2188
f 2181 2229 2178
f 2178 2229 2230
f 2178 2230 2176
f 2230 2231 2232
f 2232 2174 2230
f 2230 2174 2175
f 2230 2175 2176
f 2233 2234 2235
f 2236 2237 2238
f 2239 2240 2241
f 2242 2243 2244
f 2244 2243 2245
f 2244 2245 2246
f 2247 2248 2249
f 2249 2248 2250
f 2251 2252 2253
f 2253 2252 2254
f 2253 2254 2255
f 2202 2201 2256
f 2256 2201 2257
f 2256 2257 2251
f 2251 2257 2258
f 2251 2258 2252
f 2202 2256 2196
f 2196 2256 2259
f 2196 2259 2194
f 2194 2259 2260
f 2194 2260 2192
f 2192 2260 2261
f 2192 2261 2190
f 2190 2261 2262
f 2190 2262 2188
f 2239 2263 2264
f 2264 2263 2231
f 2264 2231 2265
f 2266 2267 2268
f 2268 2267 2269
f 2268 2269 2270
f 2270 2269 2271
f 2272 2273 2274
f 2274 2273 2275
f 2274 2275 2276
f 2235 2234 2245
f 2245 2234 2277
f 2245 2277 2246
f 2235 2278 2233
f 2233 2278 2279
f 2233 2279 2280
f 2280 2279 2281
f 2280 2281 2272
f 2272 2281 2282
f 2272 2282 2273
f 2247 2246 2248
f 2248 2246 2277
f 2248 2277 2250
f 2250 2277 2234
f 2250 2234 2283
f 2283 2234 2233
f 2283 2233 2284
f 2284 2233 2280
f 2284 2280 2285
f 2285 2280 2272
f 2285 2272 2286
f 2286 2272 2274
f 2286 2274 2287
f 2287 2274 2276
f 2287 2276 2288
f 2289 2290 2291
f 2240 2239 2292
f 2292 2239 2264
f 2292 2264 2293
f 2293 2264 2265
f 2293 2265 2294
f 2289 2230 2290
f 2290 2230 2229
f 2290 2229 2295
f 2291 2290 2296
f 2296 2290 2295
f 2296 2295 2288
f 2254 2249 2255
f 2255 2249 2250
f 2255 2250 2253
f 2253 2250 2283
f 2253 2283 2251
f 2251 2283 2284
f 2251 2284 2256
f 2256 2284 2285
f 2256 2285 2259
f 2259 2285 2286
f 2259 2286 2260
f 2260 2286 2287
f 2260 2287 2261
f 2261 2287 2288
f 2261 2288 2262
f 2262 2288 2295
f 2262 2295 2188
f 2188 2295 2229
f 2297 2298 2299
f 2299 2298 2300
f 2299 2300 2301
f 2301 2300 2302
f 2301 2302 2271
f 2271 2302 2303
f 2271 2303 2270
f 2238 2237 2304
f 2304 2237 2305
f 2304 2305 2297
f 2297 2305 2306
f 2297 2306 2298
f 2267 2241 2269
f 2269 2241 2240
f 2269 2240 2271
f 2271 2240 2292
f 2271 2292 2301
f 2301 2292 2293
f 2301 2293 2299
f 2299 2293 2294
f 2299 2294 2297
f 2231 2230 2265
f 2265 2230 2289
f 2265 2289 2294
f 2294 2289 2291
f 2294 2291 2297
f 2297 2291 2296
f 2297 2296 2304
f 2304 2296 2288
f 2304 2288 2238
f 2238 2288 2276
f 2238 2276 2236
f 2236 2276 2275
f 2307 2043 2041
f 2307 2041 2308
f 2308 2041 2050
f 2308 2050 2243
f 2309 2310 2311
f 2312 2313 2314
f 2315 2316 2317
f 2316 2318 2310
f 2310 2318 2319
f 2316 2310 2317
f 2317 2310 2309
f 2317 2309 2320
f 2311 2308 2243
f 2243 2242 2311
f 2311 2242 2244
f 2311 2244 2309
f 2309 2244 2246
f 2309 2246 2320
f 2320 2246 2247
f 2320 2247 2249
f 2307 2308 2321
f 2321 2308 2311
f 2321 2311 2322
f 2322 2311 2310
f 2322 2310 2323
f 2323 2310 2319
f 2254 2314 2249
f 2249 2314 2313
f 2249 2313 2320
f 2320 2313 2312
f 2320 2312 2317
f 2317 2312 2324
f 2317 2324 2315
f 1312 2043 2325
f 2326 2327 2325
f 2321 2322 2328
f 1306 1312 2329
f 2329 1312 2325
f 2329 2325 2330
f 2330 2325 2331
f 2330 2331 2332
f 2328 2326 2321
f 2321 2326 2325
f 2321 2325 2307
f 2307 2325 2043
f 2333 2334 2335
f 2334 2333 2336
f 2337 2329 2335
f 2335 2329 2330
f 2335 2330 2333
f 2333 2330 2332
f 2338 2337 2339
f 2339 2337 2335
f 2339 2335 2340
f 2340 2335 2334
f 2340 2334 2341
f 2341 2334 2336
f 2338 1311 2337
f 2337 1311 1307
f 2337 1307 2329
f 2329 1307 1306
f 2342 2133 2135
f 2343 2342 2138
f 2138 2342 2135
f 2138 2135 2139
f 2139 2135 2141
f 2344 2345 2346
f 2347 2344 2348
f 2348 2344 2346
f 2348 2346 2349
f 2349 2346 2350
f 2138 2137 2343
f 2343 2137 2351
f 2343 2351 2348
f 2348 2351 2352
f 2348 2352 2347
f 2136 2134 2353
f 2140 2142 2137
f 2137 2142 2136
f 2137 2136 2351
f 2351 2136 2353
f 2346 1530 2350
f 2350 1530 1546
f 2350 1546 2354
f 2354 1546 2355
f 2355 1546 1550
f 2355 1550 1682
f 1716 1709 1680
f 118 117 1855
f 2133 1669 2134
f 2134 1669 1670
f 1670 1852 1851
f 1856 1862 117
f 117 1862 1861
f 117 1861 1855
f 2356 2357 2358
f 2358 2357 2353
f 2358 2353 2359
f 2359 2353 2134
f 2359 2134 1855
f 1855 2134 1670
f 1855 1670 118
f 118 1670 1851
f 1719 1676 1720
f 1720 1676 1675
f 1720 1675 1690
f 1680 1709 1681
f 1681 1709 1712
f 1681 1712 1682
f 1682 1712 2355
f 2355 1712 1685
f 2355 1685 2354
f 1680 1679 1716
f 1716 1679 1678
f 1716 1678 1719
f 1719 1678 1677
f 1719 1677 1676
f 2133 2342 1685
f 2342 2360 1685
f 1685 2360 2361
f 1685 2361 2354
f 1675 1674 1690
f 1690 1674 1673
f 1690 1673 1692
f 1692 1673 1672
f 1692 1672 1694
f 1694 1672 1671
f 1694 1671 1698
f 1698 1671 1669
f 1698 1669 1702
f 1702 1669 2133
f 1702 2133 1688
f 1688 2133 1685
f 2342 2343 2360
f 2360 2343 2348
f 2360 2348 2361
f 2361 2348 2349
f 2361 2349 2354
f 2354 2349 2350
f 1530 2346 1531
f 1531 2346 2345
f 2345 2359 1531
f 1531 2359 1855
f 1531 1855 2150
f 2150 1855 1854
f 2359 2345 2358
f 2358 2345 2344
f 2358 2344 2356
f 2356 2344 2347
f 2356 2347 2357
f 2357 2347 2352
f 2357 2352 2353
f 2353 2352 2351
f 1956 486 1954
f 1954 486 484
f 1954 484 1952
f 1952 484 482
f 1952 482 1950
f 1950 482 480
f 1950 480 1948
f 1948 480 478
f 1948 478 1946
f 1946 478 476
f 1946 476 1944
f 1944 476 474
f 1944 474 1942
f 1942 474 472
f 1942 472 1940
f 1940 472 470
f 1940 470 1938
f 1938 470 468
f 1938 468 1936
f 1936 468 466
f 1936 466 1934
f 1934 466 464
f 1934 464 1932
f 1932 464 462
f 1932 462 1930
f 1930 462 460
f 1930 460 1928
f 1928 460 458
f 1928 458 1926
f 1926 458 504
f 1926 504 1972
f 1972 504 502
f 1972 502 1970
f 1970 502 500
f 1970 500 1968
f 1968 500 498
f 1968 498 1966
f 1966 498 496
f 1966 496 1964
f 1964 496 494
f 1964 494 1962
f 1962 494 492
f 1962 492 1960
f 1960 492 490
f 1960 490 1958
f 1958 490 488
f 1958 488 1956
f 1956 488 486
f 2362 2266 2268
f 2034 2363 1361
f 1361 2363 2364
f 1361 2364 1359
f 2365 2366 2034
f 2034 2366 2367
f 2034 2367 2363
f 2034 2037 2365
f 2365 2037 1370
f 2365 1370 2368
f 2368 1370 1311
f 2368 1311 2338
f 1353 1354 2303
f 1359 2364 1358
f 1358 2364 2362
f 1358 2362 1356
f 1356 2362 2268
f 1356 2268 1354
f 1354 2268 2270
f 1354 2270 2303
f 2243 2050 2245
f 2245 2050 2049
f 2245 2049 2235
f 2235 2049 2278
f 2278 2049 2047
f 2278 2047 2279
f 2029 2273 2282
f 2029 2282 2047
f 2047 2282 2281
f 2047 2281 2279
f 2027 2237 2236
f 2027 2236 2029
f 2029 2236 2275
f 2029 2275 2273
f 2303 2302 1353
f 1353 2302 2300
f 1353 2300 1351
f 1351 2300 2298
f 1351 2298 2025
f 2025 2298 2306
f 2025 2306 2027
f 2027 2306 2305
f 2027 2305 2237
f 614 2369 2370
f 2371 2372 2373
f 2374 2375 2376
f 2376 2375 2377
f 2378 2379 2370
f 2380 2381 2382
f 2382 2381 2383
f 2382 2383 2384
f 2384 2383 2385
f 2384 2385 2370
f 2370 2385 615
f 2370 615 614
f 2377 2386 2376
f 2376 2386 2387
f 2376 2387 2388
f 2378 2370 2389
f 2389 2370 2369
f 2389 2369 2390
f 2388 2387 2391
f 2391 2387 2389
f 2391 2389 2373
f 2373 2389 2390
f 2373 2390 2371
f 613 612 2392
f 2392 2393 2394
f 614 616 2369
f 2369 616 2395
f 2396 2372 2371
f 2397 2398 2399
f 2399 2398 2400
f 2390 2399 2371
f 2371 2399 2400
f 2371 2400 2396
f 2401 2402 2403
f 2403 2402 2404
f 2403 2404 2397
f 2397 2404 2405
f 2397 2405 2398
f 2392 2394 613
f 613 2394 2406
f 613 2406 618
f 618 2406 2401
f 618 2401 619
f 619 2401 2403
f 619 2403 620
f 620 2403 2397
f 620 2397 616
f 616 2397 2399
f 616 2399 2395
f 2395 2399 2390
f 2395 2390 2369
f 2407 2408 2409
f 569 568 2410
f 2411 2412 2413
f 2414 2415 2416
f 2416 2415 2417
f 2416 2417 2418
f 2418 2417 2419
f 2420 2421 2413
f 2413 2421 2422
f 2413 2422 2411
f 2423 2424 2425
f 2426 2427 2428
f 2429 2430 2426
f 2426 2428 2429
f 2429 2428 2431
f 2429 2431 2432
f 2432 2431 2433
f 2432 2433 2434
f 2434 2433 2435
f 2435 2433 2436
f 2435 2436 2437
f 2438 2439 2440
f 2440 2439 2441
f 2440 2441 2437
f 2437 2441 2442
f 2437 2442 2435
f 2388 2443 2376
f 2376 2443 2374
f 573 572 2444
f 572 582 2444
f 2444 582 581
f 2444 581 580
f 568 575 2410
f 2410 575 2443
f 2410 2443 2445
f 2445 2443 2388
f 2445 2388 2446
f 2446 2388 2447
f 2446 2447 2448
f 2449 2450 2444
f 2444 2450 2374
f 2444 2374 573
f 573 2374 2443
f 573 2443 574
f 574 2443 575
f 564 571 2451
f 2451 571 570
f 567 2452 560
f 560 2452 2453
f 560 2453 559
f 567 566 2452
f 2452 566 565
f 2452 565 564
f 2417 2454 2419
f 2419 2454 2455
f 2419 2455 2456
f 2456 2455 2457
f 2456 2457 2458
f 2458 2457 2459
f 2458 2459 2460
f 2460 2459 2461
f 2460 2461 2462
f 2462 2461 2463
f 2462 2463 2464
f 2411 2465 2412
f 2412 2465 2466
f 2412 2466 2467
f 2425 2420 2423
f 2423 2420 2413
f 2423 2413 2468
f 2468 2413 2412
f 2468 2412 2469
f 2469 2412 2467
f 2470 2471 2472
f 2472 2471 2473
f 2472 2473 2474
f 2474 2473 2475
f 2474 2475 2452
f 2452 2475 2409
f 2452 2409 2453
f 2453 2409 2408
f 2462 2476 2460
f 2460 2476 2477
f 2460 2477 2458
f 2458 2477 2478
f 2458 2478 2456
f 2456 2478 2479
f 2456 2479 2419
f 2419 2479 2480
f 2419 2480 2418
f 2418 2480 2481
f 2418 2481 2416
f 2465 2414 2466
f 2466 2414 2416
f 2466 2416 2467
f 2467 2416 2481
f 2467 2481 2471
f 2471 2481 2480
f 2471 2480 2473
f 2473 2480 2479
f 2473 2479 2475
f 2475 2479 2478
f 2475 2478 2409
f 2409 2478 2477
f 2409 2477 2407
f 2407 2477 2476
f 2438 2440 2448
f 2448 2440 2482
f 2448 2482 2446
f 2446 2482 2483
f 2446 2483 2445
f 2445 2483 2451
f 2445 2451 2410
f 2410 2451 570
f 2410 570 569
f 564 2451 2452
f 2452 2451 2483
f 2452 2483 2474
f 2474 2483 2482
f 2474 2482 2472
f 2472 2482 2440
f 2472 2440 2470
f 2470 2440 2437
f 2470 2437 2471
f 2471 2437 2436
f 2471 2436 2467
f 2467 2436 2433
f 2467 2433 2469
f 2469 2433 2431
f 2469 2431 2468
f 2468 2431 2428
f 2468 2428 2423
f 2484 2485 2486
f 2487 2488 2489
f 2489 2488 2490
f 2489 2490 2491
f 2491 2490 2492
f 2491 2492 2493
f 2493 2492 2494
f 2495 2496 2497
f 2497 2496 2498
f 2497 2498 2487
f 2487 2498 2499
f 2487 2499 2488
f 2486 2500 2493
f 2493 2500 2501
f 2493 2501 2491
f 2494 2502 2493
f 2493 2502 2503
f 2493 2503 2486
f 2486 2503 2504
f 2486 2504 2484
f 2505 2506 2485
f 2485 2506 2507
f 2485 2507 2486
f 2505 2508 2506
f 2506 2508 2509
f 2506 2509 26
f 2510 31 2511
f 2511 31 29
f 2509 2512 26
f 26 2512 2511
f 26 2511 27
f 27 2511 29
f 608 607 2513
f 31 2510 2514
f 2513 607 2514
f 2514 607 606
f 2514 606 605
f 605 604 2514
f 2514 604 32
f 2514 32 31
f 604 603 32
f 32 603 602
f 32 602 2515
f 2515 602 601
f 2515 601 2516
f 2516 601 600
f 2517 2518 611
f 611 2518 2519
f 611 2519 2520
f 2513 2393 608
f 608 2393 2392
f 608 2392 609
f 609 2392 612
f 609 612 610
f 610 612 611
f 610 611 599
f 599 611 2520
f 599 2520 600
f 600 2520 2521
f 600 2521 2516
f 2517 2522 2523
f 2524 2518 2525
f 2525 2518 2517
f 2525 2517 2526
f 2526 2517 2523
f 2521 2520 2527
f 2528 2515 2527
f 2527 2515 2516
f 2527 2516 2521
f 2414 2529 2415
f 2415 2529 2417
f 2465 2515 2414
f 2414 2515 2528
f 2414 2528 2529
f 25 28 30
f 30 32 25
f 25 32 2515
f 25 2515 2530
f 2530 2515 2465
f 2530 2465 2411
f 2411 2531 2532
f 2532 2533 2411
f 2411 2533 2534
f 2411 2534 2530
f 2535 2536 2537
f 2537 2538 2535
f 2535 2538 2539
f 2535 2539 2540
f 2540 2539 2541
f 2540 2541 2542
f 2543 2544 2545
f 2545 2544 2546
f 2544 2540 2546
f 2546 2540 2542
f 2546 2542 2425
f 2425 2542 2547
f 2531 2411 2548
f 2548 2411 2422
f 2548 2422 2549
f 2549 2422 2421
f 2549 2421 2547
f 2547 2421 2420
f 2547 2420 2425
f 2550 2495 2497
f 2551 2552 2553
f 2554 2555 2556
f 2556 2555 2557
f 2556 2557 2536
f 2536 2557 2537
f 2537 2557 2538
f 2538 2557 2551
f 2551 2553 2538
f 2538 2553 2558
f 2538 2558 2539
f 2539 2558 2559
f 2539 2559 2541
f 2541 2559 2560
f 2541 2560 2542
f 2542 2560 2561
f 2542 2561 2547
f 2547 2561 2562
f 2547 2562 2549
f 2533 2532 2501
f 2562 2550 2549
f 2549 2550 2497
f 2549 2497 2548
f 2548 2497 2487
f 2548 2487 2531
f 2531 2487 2489
f 2531 2489 2532
f 2532 2489 2491
f 2532 2491 2501
f 2501 2500 2533
f 2533 2500 2486
f 2533 2486 2534
f 2534 2486 2507
f 2534 2507 2530
f 2530 2507 2506
f 2530 2506 25
f 25 2506 26
f 1500 1501 2563
f 1897 1498 2564
f 2564 1498 1499
f 2563 2565 1500
f 1500 2565 2566
f 1500 2566 1499
f 1499 2566 2567
f 1499 2567 2564
f 2568 2569 2570
f 1455 2075 2571
f 1455 2571 1441
f 2076 2572 2078
f 2078 2572 2571
f 2078 2571 2077
f 2077 2571 2075
f 2571 2568 1441
f 1441 2568 2570
f 1441 2570 1443
f 1443 2570 2573
f 2573 2574 1443
f 1443 2574 2563
f 1443 2563 1501
f 2575 1802 1774
f 2575 1774 2576
f 1898 2577 1774
f 1774 2577 2578
f 2578 2579 1774
f 1774 2579 2580
f 1774 2580 2576
f 108 2581 114
f 114 2581 2582
f 114 2582 2583
f 2584 2585 2586
f 2586 2585 2587
f 2587 2588 2586
f 2586 2588 2589
f 2586 2589 2590
f 2591 2592 1889
f 1889 2592 2593
f 1889 2593 1425
f 1425 2593 2594
f 1425 2594 1422
f 1422 2594 2595
f 1422 2595 1423
f 1423 2595 2572
f 1423 2572 2076
f 2583 2584 114
f 114 2584 2586
f 114 2586 1883
f 1883 2586 2591
f 1883 2591 1891
f 1891 2591 1889
f 2596 2586 2590
f 2597 2598 2599
f 2597 2599 2600
f 2600 2599 2601
f 2601 2599 2602
f 2601 2602 2590
f 2590 2602 2603
f 2590 2603 2596
f 2604 2605 2606
f 2606 2607 2604
f 2604 2607 2608
f 2604 2608 2609
f 2610 2599 2598
f 2610 2598 2611
f 2611 2598 2612
f 2611 2612 2613
f 2605 2614 2606
f 2606 2614 2615
f 2615 2614 2616
f 2615 2616 2617
f 2613 2612 2618
f 2618 2612 2598
f 2618 2598 2619
f 2619 2598 2597
f 2620 2621 2588
f 2588 2621 2622
f 2588 2622 2589
f 2589 2622 2623
f 2589 2623 2590
f 2590 2623 2624
f 2590 2624 2601
f 2601 2624 2619
f 2601 2619 2600
f 2600 2619 2597
f 2620 2588 2587
f 2620 2587 2625
f 2625 2587 2585
f 2625 2585 2626
f 2627 57 59
f 2628 554 555
f 45 43 2628
f 2628 43 35
f 2628 35 34
f 2628 555 45
f 45 555 558
f 45 558 557
f 556 563 2453
f 563 562 2453
f 2453 562 561
f 2453 561 559
f 2629 63 2630
f 2630 63 2631
f 2632 59 2633
f 2633 59 63
f 2633 63 2634
f 2634 63 2629
f 2632 2635 59
f 59 2635 2636
f 59 2636 2627
f 2631 63 2637
f 2637 63 62
f 2637 62 54
f 2407 2476 52
f 52 2476 53
f 53 2476 2462
f 53 2462 54
f 54 2462 2464
f 54 2464 2637
f 557 556 45
f 45 556 2453
f 45 2453 47
f 47 2453 2408
f 47 2408 48
f 48 2408 2407
f 48 2407 50
f 50 2407 52
f 2583 2638 2584
f 2584 2638 2626
f 2584 2626 2585
f 2582 2639 2583
f 2583 2639 2640
f 2583 2640 2638
f 2641 2639 2642
f 2642 2639 2582
f 2642 2582 2643
f 2643 2582 2581
f 2643 2581 2644
f 2644 2581 108
f 2644 108 112
f 2645 2646 2647
f 2642 2643 2648
f 2649 2650 2651
f 293 291 2649
f 2650 2652 2651
f 2651 2652 2653
f 2651 2653 2648
f 2648 2653 2654
f 2648 2654 2642
f 2642 2654 2655
f 2642 2655 2641
f 2645 2647 293
f 2644 112 2647
f 2647 112 292
f 2647 292 293
f 293 2649 2645
f 2645 2649 2651
f 2645 2651 2646
f 2646 2651 2648
f 2646 2648 2647
f 2647 2648 2643
f 2647 2643 2644
f 294 300 2656
f 2656 300 299
f 2656 299 583
f 291 294 2649
f 2649 294 2656
f 2649 2656 2650
f 2650 2656 2657
f 2650 2657 2652
f 2652 2657 2653
f 2658 2659 2660
f 2661 2379 2378
f 2662 2663 2664
f 2086 2083 2665
f 2665 2083 2082
f 2666 2667 2079
f 2079 2667 2668
f 2079 2668 2080
f 2669 2670 2671
f 2671 2670 2666
f 2671 2666 2672
f 2672 2666 2079
f 2450 2449 2673
f 2375 2374 2450
f 2450 2673 2375
f 2375 2673 2674
f 2375 2674 2660
f 2389 2387 2659
f 2659 2387 2386
f 2659 2386 2660
f 2660 2386 2377
f 2660 2377 2375
f 2674 2664 2660
f 2660 2664 2663
f 2660 2663 2658
f 2658 2663 2662
f 2658 2662 2669
f 2669 2662 2675
f 2669 2675 2670
f 2676 2677 2678
f 2678 2677 2679
f 2678 2679 2680
f 2680 2679 2681
f 2680 2681 2682
f 2682 2681 2683
f 2682 2683 2684
f 2684 2683 2685
f 2683 2686 2685
f 2685 2686 2665
f 2685 2665 2687
f 2687 2665 2082
f 2687 2082 2106
f 2079 2086 2672
f 2672 2086 2665
f 2672 2665 2671
f 2671 2665 2686
f 2671 2686 2669
f 2669 2686 2683
f 2669 2683 2658
f 2658 2683 2681
f 2658 2681 2659
f 2659 2681 2679
f 2659 2679 2389
f 2389 2679 2677
f 2389 2677 2378
f 2378 2677 2676
f 2378 2676 2661
f 2688 2656 583
f 583 584 2688
f 2688 584 585
f 2688 585 2689
f 2689 585 586
f 2689 586 2635
f 2635 586 143
f 60 58 181
f 181 58 57
f 181 57 178
f 178 57 2627
f 178 2627 139
f 139 2627 2636
f 139 2636 140
f 140 2636 2635
f 140 2635 142
f 142 2635 143
f 2690 2131 2120
f 2691 2692 2693
f 2694 2695 2693
f 2693 2695 2696
f 2693 2696 2691
f 2691 2696 2697
f 2691 2697 2698
f 2694 2693 2699
f 2699 2693 2700
f 2699 2700 2701
f 2690 2120 2094
f 2691 2702 2692
f 2692 2702 2091
f 2692 2091 2119
f 2119 2091 2092
f 2119 2092 2120
f 2120 2092 2093
f 2120 2093 2094
f 2112 2217 2218
f 2217 2112 2228
f 2228 2112 2111
f 2228 2111 2227
f 2197 2221 2222
f 2222 2223 2197
f 2197 2223 2703
f 2197 2703 2198
f 2198 2703 2704
f 2223 2224 2703
f 2703 2224 2225
f 2703 2225 2705
f 2705 2225 2226
f 2705 2226 2125
f 2125 2226 2227
f 2125 2227 2122
f 2122 2227 2111
f 2221 2197 2220
f 2220 2197 2706
f 2220 2706 2219
f 2219 2706 2707
f 2219 2707 2218
f 2218 2707 2112
f 2112 2707 2708
f 2112 2708 2709
f 2709 2710 2711
f 2712 2112 2713
f 2713 2112 2709
f 2713 2709 2714
f 2714 2709 2711
f 2714 2711 2715
f 2252 2258 2200
f 2200 2258 2257
f 2200 2257 2201
f 2198 2704 2716
f 2716 2717 2198
f 2198 2717 2718
f 2198 2718 2200
f 2200 2718 2254
f 2200 2254 2252
f 2719 2327 2326
f 2322 2720 2328
f 2328 2720 2721
f 2328 2721 2326
f 2326 2721 2722
f 2326 2722 2719
f 2322 2323 2720
f 2720 2323 2319
f 2720 2319 2723
f 2319 2318 2723
f 2723 2318 2316
f 2723 2316 2724
f 2724 2316 2315
f 2724 2315 2725
f 2315 2324 2725
f 2725 2324 2312
f 2725 2312 2726
f 2726 2312 2314
f 2726 2314 2727
f 2727 2314 2254
f 2727 2254 2728
f 2728 2254 2718
f 2729 2730 2731
f 2517 611 2732
f 2732 611 617
f 2732 617 2733
f 2733 2730 2732
f 2732 2730 2729
f 2732 2729 2517
f 2517 2729 2522
f 2734 2523 2522
f 2734 2735 2523
f 2523 2735 2736
f 2523 2736 2526
f 2526 2736 2737
f 2526 2737 2525
f 2525 2737 2738
f 2525 2738 2524
f 2522 2729 2734
f 2734 2729 2731
f 2734 2731 2735
f 2735 2731 2739
f 2735 2739 2736
f 2736 2739 2740
f 2736 2740 2737
f 2737 2740 2741
f 2737 2741 2738
f 2381 2380 2742
f 617 615 2733
f 2733 615 2385
f 2733 2385 2730
f 2730 2385 2383
f 2730 2383 2731
f 2731 2383 2381
f 2731 2381 2739
f 2739 2381 2742
f 2739 2742 2740
f 2743 2363 2744
f 2744 2363 2367
f 2744 2367 2745
f 2745 2367 2366
f 2745 2366 2746
f 2746 2366 2365
f 2746 2365 2747
f 2747 2365 2748
f 2748 2365 2749
f 2749 2365 2368
f 2749 2368 2750
f 2750 2368 2751
f 2750 2751 2752
f 2341 2752 2340
f 2340 2752 2751
f 2340 2751 2339
f 2339 2751 2368
f 2339 2368 2338
f 2088 2753 2090
f 2090 2753 2754
f 2684 2755 2682
f 2682 2755 2756
f 2682 2756 2680
f 2684 2685 2755
f 2755 2685 2687
f 2755 2687 2106
f 2106 2107 2755
f 2755 2107 2108
f 2755 2108 2757
f 2757 2108 2109
f 2757 2109 2754
f 2754 2109 2110
f 2754 2110 2090
f 2758 2759 2702
f 2617 2616 2760
f 2760 2616 2758
f 2760 2758 2691
f 2691 2758 2702
f 2091 2702 2087
f 2087 2702 2759
f 2087 2759 2088
f 2088 2759 2761
f 2088 2761 2753
f 2691 2698 2760
f 2760 2698 2762
f 2760 2762 2617
f 2607 2606 2762
f 2762 2606 2615
f 2762 2615 2617
f 2763 2764 2701
f 2701 2700 2763
f 2763 2700 2693
f 2763 2693 2765
f 2765 2693 2766
f 2766 2693 2692
f 2766 2692 2767
f 2767 2692 2119
f 2767 2119 2116
f 2116 2114 2768
f 2711 2710 2769
f 2711 2769 2715
f 2116 2768 2767
f 2767 2768 2770
f 2767 2770 2766
f 2766 2770 2771
f 2766 2771 2765
f 2765 2771 2772
f 2765 2772 2763
f 2764 2763 2769
f 2769 2763 2772
f 2769 2772 2715
f 2715 2772 2771
f 2715 2771 2714
f 2714 2771 2770
f 2714 2770 2713
f 2713 2770 2768
f 2713 2768 2712
f 2712 2768 2114
f 2712 2114 2112
f 2773 2707 2706
f 2774 2773 2775
f 2775 2773 2776
f 2776 2773 2777
f 2777 2773 2706
f 2777 2706 2778
f 2778 2706 2197
f 2778 2197 2779
f 2779 2197 2780
f 2780 2197 2199
f 2780 2199 2204
f 2204 2203 2780
f 2780 2203 2195
f 2780 2195 2193
f 2781 2782 2193
f 2180 2783 2784
f 2785 2184 2784
f 2784 2184 2183
f 2784 2183 2180
f 2193 2191 2781
f 2781 2191 2189
f 2781 2189 2785
f 2785 2189 2186
f 2785 2186 2184
f 2782 2786 2193
f 2193 2786 2787
f 2193 2787 2780
f 2780 2787 2788
f 2780 2788 2789
f 2790 2791 2792
f 2792 2791 2780
f 2792 2780 2793
f 2793 2780 2789
f 2790 2794 2791
f 2791 2794 2795
f 2791 2795 2796
f 2797 2798 2799
f 2799 2800 2797
f 2797 2800 2801
f 2797 2801 2802
f 2799 2803 2800
f 2800 2803 2804
f 2800 2804 2795
f 2795 2804 2805
f 2795 2805 2796
f 2802 2806 2797
f 2797 2806 2807
f 2797 2807 2161
f 2161 2807 2808
f 2808 2809 2161
f 2161 2809 2810
f 2161 2810 2162
f 2162 2810 2811
f 2162 2811 2154
f 2154 2811 2812
f 2813 2169 2812
f 2812 2169 2171
f 2812 2171 2154
f 2180 2179 2783
f 2783 2179 2177
f 2783 2177 2814
f 2814 2177 2165
f 2814 2165 2815
f 2815 2165 2164
f 2815 2164 2813
f 2813 2164 2167
f 2813 2167 2169
f 1280 1279 2816
f 2817 2818 2819
f 2820 2821 2816
f 1279 2822 2816
f 2816 2822 2823
f 2816 2823 2820
f 1228 1270 2821
f 2821 1270 1269
f 2821 1269 2816
f 2816 1269 1250
f 2816 1250 1280
f 1280 1250 1249
f 2820 2817 2821
f 2821 2817 2819
f 2821 2819 1228
f 1228 2819 1229
f 2818 2824 2819
f 2819 2824 2825
f 2819 2825 2826
f 2826 2825 2827
f 2826 2827 2828
f 1229 2819 1255
f 1255 2819 2826
f 1255 2826 1256
f 1256 2826 2828
f 1256 2828 1258
f 2823 2822 2829
f 2830 2827 2825
f 1218 1216 2831
f 2832 1285 1284
f 1288 2833 2834
f 2834 2833 2835
f 1216 1217 2831
f 2831 1217 2836
f 2831 2836 2832
f 2837 1221 1219
f 2838 2839 2840
f 2840 2839 1223
f 2841 1275 2842
f 2842 2843 2841
f 2841 2843 2844
f 2841 2844 2845
f 1281 1275 2846
f 2846 1275 2841
f 2846 2841 2840
f 2840 2841 2845
f 2840 2845 2838
f 2847 1278 2846
f 2846 1278 1282
f 2846 1282 1281
f 2822 1279 1278
f 2848 2849 2850
f 2850 2849 2851
f 2850 2851 2830
f 2847 2846 2852
f 2852 2846 2840
f 2852 2840 2837
f 2837 2840 1223
f 2837 1223 1221
f 2822 1278 2829
f 2829 1278 2847
f 2829 2847 2853
f 2853 2847 2852
f 2853 2852 2854
f 2854 2852 2837
f 2854 2837 2831
f 2831 2837 1219
f 2831 1219 1218
f 2855 2834 2850
f 2850 2834 2835
f 2850 2835 2848
f 1284 1288 2856
f 2856 1288 2834
f 2856 2834 2857
f 2857 2834 2855
f 2857 2855 2858
f 2858 2855 2817
f 2858 2817 2820
f 2830 2825 2850
f 2850 2825 2824
f 2850 2824 2855
f 2855 2824 2818
f 2855 2818 2817
f 2832 1284 2831
f 2831 1284 2856
f 2831 2856 2854
f 2854 2856 2857
f 2854 2857 2853
f 2853 2857 2858
f 2853 2858 2829
f 2829 2858 2820
f 2829 2820 2823
f 2859 2860 2062
f 2062 2860 2861
f 2062 2861 2063
f 2063 2861 2862
f 2063 2862 2057
f 2057 2862 2863
f 2057 2863 2058
f 2058 2863 2864
f 2058 2864 2059
f 2059 2864 2865
f 2059 2865 2866
f 2072 2814 2066
f 2066 2814 2815
f 2066 2815 2067
f 2067 2815 2813
f 2067 2813 2068
f 2068 2813 2812
f 2068 2812 2064
f 2064 2812 2811
f 2064 2811 2065
f 2065 2811 2810
f 2065 2810 2061
f 2061 2810 2809
f 2061 2809 2062
f 2062 2809 2808
f 2062 2808 2859
f 2859 2808 2807
f 2859 2807 2867
f 2867 2807 2806
f 2867 2806 2868
f 2868 2806 2802
f 2868 2802 2866
f 2866 2802 2801
f 2866 2801 2059
f 2059 2801 2800
f 2059 2800 2060
f 2060 2800 2795
f 2060 2795 2054
f 2054 2795 2794
f 2054 2794 2055
f 2055 2794 2790
f 2055 2790 2056
f 2056 2790 2792
f 2056 2792 2051
f 2051 2792 2793
f 2051 2793 2052
f 2052 2793 2789
f 2052 2789 2053
f 2789 2788 2053
f 2053 2788 2787
f 2053 2787 2073
f 2073 2787 2786
f 2073 2786 2074
f 2074 2786 2782
f 2074 2782 2069
f 2069 2782 2781
f 2069 2781 2070
f 2070 2781 2785
f 2070 2785 2071
f 2071 2785 2784
f 2071 2784 2072
f 2072 2784 2783
f 2072 2783 2814
f 2869 2870 2871
f 2872 2873 2874
f 2874 2873 2875
f 2874 2875 2876
f 2876 2875 2877
f 2877 2875 2878
f 2877 2878 2879
f 2880 2881 2879
f 699 2882 724
f 724 2882 2883
f 2884 2885 2886
f 2886 2885 2887
f 2886 2887 2888
f 2888 2887 2889
f 2873 2890 2875
f 2875 2890 2891
f 2875 2891 2878
f 2878 2891 2892
f 2878 2892 2893
f 2879 2878 2880
f 2880 2878 2893
f 2880 2893 2881
f 2881 2893 2894
f 2881 2894 2895
f 2895 2894 2896
f 2895 2896 2897
f 2897 2896 2898
f 2897 2898 2899
f 705 2900 706
f 706 2900 2901
f 706 2901 716
f 719 720 2902
f 2902 720 722
f 2902 722 2901
f 2901 722 723
f 2901 723 716
f 2903 730 2904
f 2904 730 732
f 2904 732 2883
f 2883 732 733
f 2883 733 724
f 2882 2869 2883
f 2883 2869 2871
f 2883 2871 2904
f 2904 2871 2905
f 2904 2905 2903
f 2903 2905 2906
f 2903 2906 2907
f 2907 2906 2908
f 2907 2908 2909
f 2909 2908 2910
f 2909 2910 2885
f 2885 2910 2911
f 2885 2911 2887
f 2912 2913 2914
f 2914 2913 2915
f 2914 2915 2898
f 2898 2915 2916
f 2898 2916 2899
f 718 719 2884
f 2884 719 2902
f 2884 2902 2885
f 2885 2902 2901
f 2885 2901 2909
f 2909 2901 2900
f 2909 2900 2907
f 2907 2900 705
f 2907 705 2903
f 2903 705 728
f 2903 728 730
f 2890 2889 2891
f 2891 2889 2887
f 2891 2887 2892
f 2892 2887 2911
f 2892 2911 2893
f 2893 2911 2910
f 2893 2910 2894
f 2894 2910 2908
f 2894 2908 2896
f 2896 2908 2906
f 2896 2906 2898
f 2898 2906 2905
f 2898 2905 2914
f 2914 2905 2871
f 2914 2871 2912
f 2912 2871 2870
f 1323 1322 2917
f 2918 2919 2920
f 2832 2836 2921
f 2922 2923 2924
f 2924 2923 2925
f 2921 2836 2926
f 2926 2836 1217
f 2926 1217 2927
f 1217 1215 2927
f 2927 1215 1214
f 2927 1214 2928
f 2928 1214 1220
f 2928 1220 2929
f 2929 1220 1222
f 2929 1222 2913
f 2913 1222 2915
f 1222 1223 2915
f 2915 1223 2839
f 2915 2839 2916
f 1275 1274 2930
f 2930 1274 1254
f 2930 1254 2931
f 2874 2876 2932
f 2932 2876 2877
f 2932 2877 2879
f 2872 2933 2934
f 2934 2933 2935
f 2934 2935 2936
f 2937 2938 2939
f 2940 2941 2942
f 2942 2941 2943
f 2942 2943 2944
f 2945 2946 1317
f 2947 2948 1297
f 1317 1298 2945
f 2945 1298 1297
f 2945 1297 2949
f 2949 1297 2948
f 1297 1300 2947
f 2947 1300 1414
f 2947 1414 2950
f 2950 1414 1415
f 2950 1415 2951
f 1415 1416 2951
f 2951 1416 1417
f 2951 1417 2952
f 2952 1417 1413
f 1411 2953 1412
f 1412 2953 2954
f 1412 2954 1413
f 1413 2954 2955
f 1413 2955 2952
f 1411 1410 2953
f 2953 1410 2956
f 2953 2956 2957
f 2957 2956 2958
f 2957 2958 2959
f 2959 2958 2960
f 2960 2958 2961
f 2960 2961 2962
f 2918 2920 2961
f 2961 2920 2963
f 2961 2963 2962
f 2964 2965 2966
f 2966 2965 2967
f 2966 2967 2968
f 2968 2967 2969
f 2968 2969 2970
f 2967 2971 2969
f 2969 2971 2923
f 2969 2923 2970
f 2970 2923 2922
f 2946 2972 2973
f 1323 2917 1330
f 2974 1388 2917
f 2917 1388 1331
f 2917 1331 1330
f 2975 1406 1405
f 2975 1405 2976
f 2976 1405 1404
f 2976 1404 2974
f 2974 1404 1403
f 2974 1403 1388
f 1409 1408 2977
f 2977 1408 1407
f 1406 2975 1407
f 1407 2975 2978
f 1407 2978 2977
f 2977 2978 1226
f 2977 1226 2971
f 2971 1226 1227
f 2971 1227 2923
f 2923 1227 1286
f 2923 1286 2925
f 2925 1286 1285
f 2925 1285 2979
f 2979 1285 2980
f 2979 2980 2921
f 2921 2980 1285
f 2921 1285 2832
f 1239 1238 2981
f 2981 1238 1237
f 2981 1237 1224
f 2982 1240 2983
f 2983 1240 1239
f 2983 1239 2984
f 2984 1239 2981
f 1245 1243 2982
f 2982 1243 1242
f 2982 1242 1240
f 2982 2985 1245
f 1245 2985 2986
f 1245 2986 1246
f 1253 2973 1254
f 1254 2973 2972
f 1254 2972 2931
f 1253 2917 2973
f 2973 2917 1322
f 2973 1322 2946
f 2946 1322 1321
f 2946 1321 1317
f 2987 2988 2943
f 2943 2988 2989
f 2943 2989 2944
f 2940 2937 2941
f 2941 2937 2939
f 2941 2939 2943
f 2943 2939 2990
f 2943 2990 2987
f 2964 2919 2965
f 2965 2919 2918
f 2965 2918 2967
f 2967 2918 2961
f 2967 2961 2971
f 2971 2961 2958
f 2971 2958 2977
f 2977 2958 2956
f 2977 2956 1409
f 1409 2956 1410
f 2874 2932 2872
f 2872 2932 2991
f 2872 2991 2933
f 2933 2991 2987
f 2933 2987 2935
f 2935 2987 2990
f 2935 2990 2936
f 2936 2990 2939
f 2936 2939 2992
f 2992 2939 2938
f 2992 2938 2993
f 2839 2838 2916
f 2916 2838 2845
f 2916 2845 2899
f 2899 2845 2844
f 2899 2844 2897
f 2897 2844 2843
f 2897 2843 2895
f 2895 2843 2842
f 2895 2842 2881
f 2881 2842 1275
f 2881 1275 2879
f 2879 1275 2930
f 2879 2930 2932
f 2932 2930 2931
f 2932 2931 2991
f 2991 2931 2972
f 2991 2972 2987
f 2987 2972 2946
f 2987 2946 2988
f 2988 2946 2945
f 2988 2945 2989
f 1224 1226 2981
f 2981 1226 2978
f 2981 2978 2984
f 2984 2978 2975
f 2984 2975 2983
f 2983 2975 2976
f 2983 2976 2982
f 2982 2976 2974
f 2982 2974 2985
f 2985 2974 2917
f 2985 2917 2986
f 2986 2917 1253
f 2986 1253 1246
f 2993 2938 2994
f 2994 2938 2937
f 2994 2937 2995
f 785 2996 786
f 786 2996 742
f 748 746 2996
f 2996 746 744
f 2996 744 742
f 2996 2997 748
f 748 2997 2998
f 748 2998 755
f 755 2998 754
f 754 2998 2999
f 754 2999 752
f 752 2999 750
f 750 2999 3000
f 750 3000 756
f 756 3000 3001
f 756 3001 757
f 757 3001 759
f 759 3001 3002
f 759 3002 761
f 3002 3003 761
f 761 3003 3004
f 761 3004 763
f 763 3004 765
f 778 780 3004
f 778 3004 776
f 776 3004 3005
f 776 3005 774
f 780 768 3004
f 3004 768 766
f 3004 766 765
f 622 621 3006
f 3006 621 624
f 3006 624 3007
f 624 627 769
f 3005 3007 774
f 774 3007 624
f 774 624 772
f 772 624 769
f 666 665 625
f 665 664 625
f 625 664 701
f 625 701 626
f 622 3008 623
f 623 3008 656
f 623 656 625
f 625 656 667
f 625 667 666
f 3008 3009 656
f 656 3009 3010
f 656 3010 657
f 657 3010 3011
f 657 3011 659
f 659 3011 3012
f 659 3012 660
f 660 3012 661
f 661 3012 3013
f 661 3013 654
f 3013 3014 654
f 654 3014 3015
f 654 3015 652
f 652 3015 3016
f 3017 646 3016
f 3016 646 650
f 3016 650 652
f 648 3018 649
f 649 3018 3019
f 649 3019 641
f 648 647 3018
f 3018 647 642
f 3018 642 3017
f 3017 642 644
f 3017 644 646
f 3020 634 3021
f 628 636 671
f 671 636 3022
f 671 3022 672
f 672 3022 674
f 674 3022 3023
f 674 3023 676
f 676 3023 3024
f 676 3024 678
f 678 3024 3025
f 678 3025 681
f 681 3025 3026
f 681 3026 683
f 683 3026 3027
f 683 3027 685
f 690 3028 691
f 691 3028 3029
f 691 3029 693
f 3030 2869 2882
f 3029 3031 693
f 693 3031 3030
f 693 3030 696
f 696 3030 2882
f 696 2882 699
f 2913 2912 2929
f 2929 2912 3032
f 3033 3034 3035
f 3035 3034 3036
f 3035 3036 2925
f 2925 3036 3037
f 2925 3037 2924
f 3033 3035 3038
f 3038 3035 3039
f 3038 3039 3040
f 3041 3042 3043
f 3043 3042 3044
f 3043 3044 3045
f 3045 3044 3046
f 3045 3046 3047
f 3047 3046 3048
f 3047 3048 3040
f 3040 3048 3049
f 3040 3049 3038
f 3050 2927 3032
f 3032 2927 2928
f 3032 2928 2929
f 3051 2979 3052
f 3052 2979 2921
f 3052 2921 3050
f 3050 2921 2926
f 3050 2926 2927
f 2912 2870 3032
f 3032 2870 3053
f 3032 3053 3050
f 3050 3053 3054
f 3050 3054 3052
f 3052 3054 3055
f 3052 3055 3051
f 3051 3055 3056
f 3021 3057 3020
f 3020 3057 3041
f 3020 3041 3058
f 3058 3041 3043
f 3058 3043 3059
f 3059 3043 3045
f 3059 3045 3060
f 3060 3045 3047
f 3060 3047 3061
f 3061 3047 3040
f 3061 3040 3062
f 3062 3040 3039
f 3062 3039 3056
f 3056 3039 3035
f 3056 3035 3051
f 3051 3035 2925
f 3051 2925 2979
f 690 688 3028
f 3028 688 685
f 3028 685 3063
f 3063 685 3027
f 3063 3027 3064
f 3064 3027 3026
f 3064 3026 3065
f 3065 3026 3025
f 3065 3025 3066
f 3066 3025 3024
f 3066 3024 3067
f 3067 3024 3023
f 3067 3023 3068
f 3068 3023 3022
f 3068 3022 635
f 635 3022 636
f 2870 2869 3053
f 3053 2869 3030
f 3053 3030 3054
f 3054 3030 3031
f 3054 3031 3055
f 3055 3031 3029
f 3055 3029 3056
f 3056 3029 3028
f 3056 3028 3062
f 3062 3028 3063
f 3062 3063 3061
f 3061 3063 3064
f 3061 3064 3060
f 3060 3064 3065
f 3060 3065 3059
f 3059 3065 3066
f 3059 3066 3058
f 3058 3066 3067
f 3058 3067 3020
f 3020 3067 3068
f 3020 3068 634
f 634 3068 635
f 3069 3070 3071
f 3071 3070 3072
f 3071 3072 3073
f 3073 3072 3074
f 3073 3074 3075
f 3076 3077 3078
f 3079 3075 3074
f 3080 3081 3082
f 3082 3081 3083
f 3083 3084 3082
f 3082 3084 3085
f 3082 3085 3086
f 3077 3079 3078
f 3078 3079 3074
f 3078 3074 3087
f 3087 3074 3072
f 3087 3088 3078
f 3078 3088 3086
f 3078 3086 3076
f 3076 3086 3085
f 3088 3089 3086
f 3086 3089 3090
f 3086 3090 3082
f 3082 3090 3091
f 3082 3091 3080
f 2571 2572 3092
f 3093 3094 3095
f 3096 3097 3083
f 3098 2688 2689
f 3099 3100 3095
f 3095 3100 3101
f 2594 3093 2595
f 2595 3093 3095
f 2595 3095 2572
f 2572 3095 3101
f 2572 3101 3092
f 3102 3103 3104
f 3102 3104 3092
f 3092 3104 2568
f 3092 2568 2571
f 2632 3096 2635
f 2635 3096 3083
f 2635 3083 2689
f 2689 3083 3081
f 2689 3081 3098
f 3098 3081 3080
f 3098 3080 3105
f 3106 3100 3107
f 3107 3100 3099
f 3107 3099 3108
f 3108 3099 3109
f 3108 3109 3110
f 3111 3112 3113
f 3113 3112 3114
f 3113 3114 3109
f 3109 3114 3115
f 3109 3115 3110
f 3111 3113 3116
f 3116 3113 3105
f 3116 3105 3117
f 3117 3105 3080
f 3117 3080 3091
f 2634 3118 2633
f 2633 3118 3119
f 3097 3096 3119
f 3119 3096 2632
f 3119 2632 2633
f 2631 3120 2630
f 2630 3120 3121
f 2630 3121 2629
f 2629 3121 3122
f 2629 3122 2634
f 2634 3122 3123
f 2634 3123 3118
f 3103 3124 3104
f 3104 3124 2569
f 3104 2569 2568
f 3125 3092 3101
f 3126 3127 3128
f 3128 3127 3129
f 3128 3129 3130
f 3131 3132 3128
f 3128 3132 3133
f 3128 3133 3126
f 3129 3134 3130
f 3130 3134 3125
f 3130 3125 3135
f 3135 3125 3101
f 3135 3101 3100
f 3131 3128 3136
f 3136 3128 3130
f 3136 3130 3137
f 3137 3130 3135
f 3137 3135 3138
f 3138 3135 3100
f 3138 3100 3106
f 3139 3140 3141
f 3141 3140 3131
f 3131 3140 3132
f 3132 3140 3142
f 3132 3142 3133
f 3143 3144 3145
f 3145 3144 3146
f 3147 3148 3146
f 3146 3148 3149
f 3146 3149 3145
f 3144 3143 3150
f 3150 3151 3144
f 3144 3151 3152
f 3144 3152 3153
f 3153 3152 3154
f 3154 3152 3155
f 3154 3155 3156
f 3156 3155 3157
f 3156 3157 3158
f 3139 3141 3159
f 3160 3139 3161
f 3161 3139 3159
f 3161 3159 3162
f 3162 3159 3163
f 3141 3131 3164
f 3141 3164 3159
f 3159 3164 3165
f 3159 3165 3163
f 3166 3167 3168
f 1717 1645 3168
f 3168 1645 3169
f 3168 3169 3166
f 3170 3171 1642
f 1642 3171 3172
f 1642 1777 3170
f 3170 1777 1776
f 3170 1776 1894
f 3173 3174 3175
f 3175 3174 3176
f 3175 3176 3177
f 3177 3176 3178
f 3177 3178 3179
f 3179 3178 3180
f 3181 3182 3178
f 3178 3182 3183
f 3178 3183 3180
f 3184 3185 3186
f 3186 3185 3187
f 3186 3187 3181
f 3181 3187 3188
f 3181 3188 3182
f 3172 3189 1642
f 1642 3189 3190
f 1642 3190 3191
f 3191 3192 1642
f 1642 3192 3169
f 1642 3169 1643
f 1643 3169 1645
f 3173 3175 3193
f 3193 3175 3194
f 3193 3194 3195
f 3195 3194 3196
f 3195 3196 3197
f 3197 3196 3198
f 3197 3198 3199
f 3199 3198 3200
f 3199 3200 3201
f 1894 3202 3170
f 3170 3202 3160
f 3170 3160 3203
f 3203 3160 3161
f 3203 3161 3204
f 3204 3161 3162
f 3204 3162 3205
f 3205 3162 3206
f 3205 3206 3207
f 3207 3206 3208
f 3207 3208 3209
f 3209 3208 3201
f 3209 3201 3210
f 3210 3201 3200
f 3173 3193 3211
f 3212 3072 3213
f 3213 3072 3070
f 3213 3070 3069
f 3214 3212 3211
f 3211 3212 3213
f 3211 3213 3173
f 3173 3213 3069
f 3173 3069 3174
f 3089 3088 3215
f 3088 3087 3215
f 3215 3087 3072
f 3215 3072 3216
f 3212 3214 3217
f 3217 3214 3218
f 3217 3218 3219
f 3219 3218 3220
f 3219 3220 3221
f 3072 3212 3216
f 3216 3212 3217
f 3216 3217 3215
f 3215 3217 3219
f 3215 3219 3089
f 3089 3219 3221
f 3089 3221 3090
f 3090 3221 3220
f 3090 3220 3091
f 3222 3223 3224
f 3117 3091 3220
f 3107 3108 3225
f 3107 3225 3106
f 3108 3110 3226
f 3226 3110 3115
f 3226 3115 3227
f 3227 3115 3114
f 3227 3114 3228
f 3114 3112 3228
f 3228 3112 3111
f 3228 3111 3229
f 3229 3111 3116
f 3229 3116 3117
f 3229 3223 3228
f 3228 3223 3222
f 3228 3222 3227
f 3227 3222 3230
f 3227 3230 3226
f 3226 3230 3231
f 3106 3225 3232
f 3232 3225 3233
f 3232 3233 3234
f 3234 3233 3235
f 3234 3235 3165
f 3108 3226 3225
f 3225 3226 3231
f 3225 3231 3233
f 3233 3231 3236
f 3233 3236 3235
f 3224 3237 3222
f 3222 3237 3238
f 3222 3238 3230
f 3230 3238 3239
f 3230 3239 3231
f 3231 3239 3240
f 3231 3240 3236
f 3117 3220 3229
f 3229 3220 3218
f 3229 3218 3223
f 3223 3218 3214
f 3223 3214 3224
f 2594 2593 3093
f 3093 2593 2592
f 3093 2592 3094
f 3241 2657 3242
f 3242 2657 2656
f 2688 3098 2656
f 2656 3098 3105
f 2656 3105 3242
f 3242 3105 3113
f 3113 3109 3242
f 3242 3109 3099
f 3242 3099 3243
f 3243 3099 3095
f 3243 3095 3094
f 2742 2380 2382
f 3244 2382 3245
f 3245 2382 3246
f 3245 3246 3247
f 3244 2738 2741
f 3244 2741 2382
f 2382 2741 2740
f 2382 2740 2742
f 3248 3249 3250
f 2382 2384 3246
f 3246 2384 3248
f 3246 3248 3251
f 3251 3248 3250
f 3137 3252 3136
f 3136 3252 3131
f 3234 3165 3253
f 3253 3165 3164
f 3164 3254 3253
f 3253 3254 3255
f 3253 3255 3234
f 3234 3255 3256
f 3234 3256 3232
f 3106 3232 3138
f 3138 3232 3256
f 3138 3256 3137
f 3137 3256 3255
f 3137 3255 3252
f 3252 3255 3254
f 3252 3254 3131
f 3131 3254 3164
f 3197 3214 3195
f 3195 3214 3211
f 3195 3211 3193
f 3162 3163 3206
f 3206 3163 3165
f 3206 3165 3208
f 3165 3235 3208
f 3208 3235 3236
f 3208 3236 3201
f 3236 3240 3201
f 3201 3240 3239
f 3201 3239 3199
f 3239 3238 3199
f 3199 3238 3237
f 3199 3237 3197
f 3197 3237 3224
f 3197 3224 3214
f 3257 3258 3259
f 3260 3261 3262
f 3263 3264 3265
f 3266 3267 3268
f 3268 3267 3187
f 3268 3187 3185
f 3269 3182 3270
f 3270 3182 3188
f 3258 3269 3259
f 3259 3269 3270
f 3259 3270 3267
f 3267 3270 3188
f 3267 3188 3187
f 3271 3263 3272
f 3272 3263 3265
f 3272 3265 3261
f 3273 3257 3271
f 3271 3257 3259
f 3271 3259 3263
f 3263 3259 3267
f 3263 3267 3264
f 3264 3267 3266
f 3274 3275 3276
f 3261 3260 3272
f 3272 3260 3274
f 3272 3274 3271
f 3271 3274 3276
f 3271 3276 3273
f 3262 3277 3260
f 3260 3277 3278
f 3260 3278 3274
f 3274 3278 3279
f 3274 3279 3275
f 3275 3279 3280
f 3275 3280 3281
f 3275 3281 3282
f 3283 3180 3183
f 3276 3275 3284
f 3284 3275 3282
f 3284 3282 3285
f 3285 3282 3286
f 3276 3284 3273
f 3273 3284 3285
f 3273 3285 3257
f 3257 3285 3287
f 3257 3287 3258
f 3258 3287 3283
f 3258 3283 3269
f 3269 3283 3183
f 3269 3183 3182
f 3179 3180 3283
f 3179 3283 3288
f 3288 3283 3287
f 3288 3287 3289
f 3289 3287 3285
f 3289 3285 3290
f 3290 3285 3286
f 3290 3286 3291
f 3179 3288 3292
f 3179 3292 3177
f 3177 3292 3293
f 3177 3293 3175
f 3175 3293 3294
f 3175 3294 3194
f 3194 3294 3295
f 3194 3295 3196
f 3196 3295 3296
f 3196 3296 3198
f 3198 3296 3297
f 3198 3297 3200
f 3200 3297 3298
f 3200 3298 3210
f 3210 3298 3299
f 3210 3299 3209
f 3209 3299 3300
f 3209 3300 3207
f 3207 3300 3301
f 3207 3301 3205
f 3205 3301 3302
f 3205 3302 3204
f 3204 3302 3303
f 3204 3303 3203
f 3203 3303 3304
f 3203 3304 3170
f 3171 3170 3305
f 3305 3170 3304
f 3305 3304 3306
f 3307 3306 3308
f 3309 3310 3311
f 3311 3310 3312
f 3311 3312 3313
f 3313 3312 3314
f 3313 3314 3307
f 3309 3311 3315
f 3315 3311 3316
f 3315 3316 3317
f 3317 3316 3318
f 3317 3318 3319
f 3319 3318 3320
f 3319 3320 3321
f 3321 3320 3322
f 3321 3322 3323
f 3324 3325 3326
f 3326 3325 3327
f 3326 3327 3328
f 3328 3327 3329
f 3328 3329 3330
f 3330 3329 3331
f 3330 3331 3332
f 3332 3331 3333
f 3332 3333 3322
f 3322 3333 3334
f 3322 3334 3323
f 3324 3326 3335
f 3335 3326 3336
f 3335 3336 3337
f 3337 3336 3338
f 3337 3338 3339
f 3339 3338 3340
f 3339 3340 3341
f 3341 3340 3290
f 3341 3290 3291
f 3307 3308 3313
f 3313 3308 3342
f 3313 3342 3311
f 3311 3342 3343
f 3311 3343 3316
f 3316 3343 3344
f 3316 3344 3318
f 3318 3344 3345
f 3318 3345 3320
f 3320 3345 3346
f 3320 3346 3322
f 3322 3346 3347
f 3322 3347 3332
f 3332 3347 3348
f 3332 3348 3330
f 3330 3348 3349
f 3330 3349 3328
f 3328 3349 3350
f 3328 3350 3326
f 3326 3350 3351
f 3326 3351 3336
f 3336 3351 3352
f 3336 3352 3338
f 3338 3352 3353
f 3338 3353 3340
f 3340 3353 3289
f 3340 3289 3290
f 3306 3304 3308
f 3308 3304 3303
f 3308 3303 3342
f 3342 3303 3302
f 3342 3302 3343
f 3343 3302 3301
f 3343 3301 3344
f 3344 3301 3300
f 3344 3300 3345
f 3345 3300 3299
f 3345 3299 3346
f 3346 3299 3298
f 3346 3298 3347
f 3347 3298 3297
f 3347 3297 3348
f 3348 3297 3296
f 3348 3296 3349
f 3349 3296 3295
f 3349 3295 3350
f 3350 3295 3294
f 3350 3294 3351
f 3351 3294 3293
f 3351 3293 3352
f 3352 3293 3292
f 3352 3292 3353
f 3353 3292 3288
f 3353 3288 3289
f 3172 3171 3305
f 3172 3305 3354
f 3354 3305 3306
f 3354 3306 3355
f 3355 3306 3307
f 3355 3307 3356
f 3356 3307 3314
f 3356 3314 3357
f 3189 3172 3354
f 3358 3359 3360
f 3360 3359 3361
f 3360 3361 3356
f 3356 3361 3355
f 3189 3354 3190
f 3356 3357 3360
f 3360 3357 3362
f 3360 3362 3358
f 3358 3362 3363
f 3361 3364 3355
f 3355 3364 3365
f 3355 3365 3354
f 3354 3365 3366
f 3354 3366 3190
f 3192 3191 3367
f 3368 3369 3370
f 3370 3369 3371
f 3370 3371 3372
f 3372 3371 3373
f 3372 3373 3374
f 3374 3373 3375
f 3374 3375 3376
f 3376 3375 3377
f 3376 3377 3378
f 3191 3190 3366
f 3192 3367 3169
f 3191 3366 3367
f 3367 3366 3365
f 3367 3365 3379
f 3379 3365 3364
f 3379 3364 3380
f 3358 3381 3359
f 3359 3381 3380
f 3359 3380 3361
f 3361 3380 3364
f 3381 3375 3380
f 3380 3375 3373
f 3380 3373 3379
f 3379 3373 3371
f 3379 3371 3367
f 3367 3371 3369
f 3367 3369 3169
f 3169 3369 3368
f 3169 3368 3166
f 3358 3363 3381
f 3381 3363 3382
f 3381 3382 3375
f 3375 3382 3383
f 3375 3383 3377
f 3384 3385 3386
f 3387 3388 3389
f 3390 3391 3392
f 3392 3391 3393
f 3394 3395 3396
f 3397 3398 3399
f 3400 3401 3402
f 3403 3401 3404
f 3404 3401 3400
f 3404 3400 3405
f 3406 3407 3408
f 3409 3382 3363
f 3410 3411 3412
f 3383 3413 3377
f 3377 3413 3410
f 3377 3410 3378
f 3378 3410 3412
f 3414 3415 3416
f 3416 3415 3417
f 3416 3417 3418
f 3418 3417 3419
f 3418 3419 3420
f 3420 3419 3410
f 3420 3410 3421
f 3421 3410 3413
f 3422 3423 3424
f 3424 3423 3425
f 3426 3427 3422
f 3428 3429 3430
f 3430 3429 3431
f 3430 3431 3426
f 3426 3431 3432
f 3426 3432 3427
f 3433 3434 3428
f 3428 3434 3435
f 3428 3435 3429
f 3428 3436 3433
f 3433 3436 3437
f 3433 3437 3438
f 3439 3440 3441
f 3441 3440 3442
f 3441 3442 3443
f 3443 3442 3444
f 3443 3444 3445
f 3445 3444 3446
f 3445 3446 3447
f 3402 3448 3400
f 3400 3448 3449
f 3400 3449 3405
f 3405 3449 3394
f 3402 3450 3448
f 3448 3450 3451
f 3448 3451 3449
f 3449 3451 3452
f 3449 3452 3394
f 3394 3452 3453
f 3394 3453 3395
f 3454 3390 3455
f 3455 3390 3392
f 3455 3392 3456
f 3439 3441 3457
f 3457 3441 3458
f 3457 3458 3459
f 3460 3461 3462
f 3462 3461 3463
f 3462 3463 3464
f 3464 3463 3465
f 3464 3465 3466
f 3466 3465 3467
f 3466 3467 3468
f 3468 3467 3469
f 3468 3469 3470
f 3471 3459 3460
f 3460 3459 3458
f 3460 3458 3461
f 3461 3458 3441
f 3461 3441 3463
f 3463 3441 3443
f 3463 3443 3465
f 3465 3443 3445
f 3465 3445 3467
f 3467 3445 3447
f 3467 3447 3469
f 3472 3454 3473
f 3473 3454 3455
f 3473 3455 3474
f 3474 3455 3456
f 3474 3456 3475
f 3387 3389 3476
f 3386 3385 3389
f 3389 3385 3477
f 3389 3477 3476
f 3478 3479 3480
f 3480 3479 3475
f 3480 3475 3481
f 3481 3475 3456
f 3481 3456 3482
f 3482 3456 3392
f 3482 3392 3483
f 3483 3392 3393
f 3483 3393 3484
f 3398 3485 3486
f 3486 3485 3487
f 3486 3487 3488
f 3488 3487 3489
f 3488 3489 3490
f 3398 3397 3485
f 3485 3397 3491
f 3485 3491 3487
f 3487 3491 3492
f 3487 3492 3489
f 3493 3494 3495
f 3495 3494 3496
f 3492 3497 3489
f 3489 3497 3498
f 3489 3498 3490
f 3490 3498 3499
f 3490 3499 3500
f 3500 3499 3501
f 3500 3501 3502
f 3502 3501 3503
f 3502 3503 3504
f 3504 3503 3505
f 3504 3505 3494
f 3494 3505 3506
f 3494 3506 3496
f 3507 3508 3509
f 3497 3478 3498
f 3498 3478 3480
f 3498 3480 3499
f 3499 3480 3481
f 3499 3481 3501
f 3501 3481 3482
f 3501 3482 3503
f 3503 3482 3483
f 3503 3483 3505
f 3505 3483 3484
f 3505 3484 3506
f 3422 3424 3426
f 3426 3424 3510
f 3426 3510 3430
f 3430 3510 3508
f 3430 3508 3428
f 3428 3508 3507
f 3428 3507 3436
f 3511 3512 3513
f 3513 3512 3514
f 3513 3514 3515
f 3515 3514 3516
f 3515 3516 3416
f 3416 3516 3517
f 3416 3517 3414
f 3518 3519 3520
f 3520 3519 3521
f 3520 3521 3522
f 3522 3521 3523
f 3522 3523 3524
f 3524 3523 3525
f 3524 3525 3526
f 3526 3525 3527
f 3526 3527 3528
f 3528 3527 3529
f 3528 3529 3530
f 3530 3529 3531
f 3530 3531 3532
f 3532 3531 3533
f 3532 3533 3534
f 3518 3535 3519
f 3519 3535 3536
f 3519 3536 3521
f 3521 3536 3537
f 3521 3537 3523
f 3523 3537 3538
f 3523 3538 3525
f 3525 3538 3539
f 3525 3539 3527
f 3527 3539 3540
f 3527 3540 3529
f 3529 3540 3406
f 3529 3406 3531
f 3531 3406 3408
f 3531 3408 3533
f 3535 3541 3536
f 3536 3541 3542
f 3536 3542 3537
f 3537 3542 3543
f 3537 3543 3538
f 3538 3543 3544
f 3538 3544 3539
f 3539 3544 3545
f 3539 3545 3540
f 3540 3545 3409
f 3540 3409 3406
f 3406 3409 3363
f 3406 3363 3407
f 3383 3382 3413
f 3413 3382 3409
f 3413 3409 3421
f 3421 3409 3545
f 3421 3545 3420
f 3420 3545 3544
f 3420 3544 3418
f 3418 3544 3543
f 3418 3543 3416
f 3416 3543 3542
f 3416 3542 3515
f 3515 3542 3541
f 3515 3541 3513
f 3513 3541 3535
f 3513 3535 3511
f 3511 3535 3518
f 3470 3399 3468
f 3468 3399 3398
f 3468 3398 3466
f 3466 3398 3486
f 3466 3486 3464
f 3464 3486 3488
f 3464 3488 3462
f 3462 3488 3490
f 3462 3490 3460
f 3460 3490 3500
f 3460 3500 3471
f 3471 3500 3502
f 3471 3502 3509
f 3509 3502 3504
f 3509 3504 3507
f 3507 3504 3494
f 3507 3494 3436
f 3436 3494 3493
f 3436 3493 3437
f 3546 3403 3547
f 3547 3403 3404
f 3547 3404 3548
f 3548 3404 3405
f 3548 3405 3549
f 3549 3405 3394
f 3549 3394 3550
f 3550 3394 3396
f 3550 3396 3551
f 3551 3396 3552
f 3551 3552 3553
f 3553 3552 3554
f 3553 3554 3555
f 3555 3554 3556
f 3555 3556 3557
f 3557 3556 3384
f 3557 3384 3558
f 3558 3384 3386
f 3388 3472 3389
f 3389 3472 3473
f 3389 3473 3386
f 3386 3473 3474
f 3386 3474 3558
f 3558 3474 3475
f 3558 3475 3557
f 3557 3475 3479
f 3557 3479 3555
f 3555 3479 3478
f 3555 3478 3553
f 3553 3478 3497
f 3553 3497 3551
f 3551 3497 3492
f 3551 3492 3550
f 3550 3492 3491
f 3550 3491 3549
f 3549 3491 3397
f 3549 3397 3548
f 3548 3397 3399
f 3548 3399 3547
f 3547 3399 3470
f 3547 3470 3546
f 3546 3470 3469
f 3546 3469 3559
f 3559 3469 3447
f 3559 3447 3534
f 3534 3447 3446
f 3534 3446 3532
f 3532 3446 3444
f 3532 3444 3530
f 3530 3444 3442
f 3530 3442 3528
f 3528 3442 3440
f 3528 3440 3526
f 3526 3440 3439
f 3526 3439 3524
f 3524 3439 3457
f 3524 3457 3522
f 3522 3457 3459
f 3522 3459 3520
f 3520 3459 3471
f 3520 3471 3518
f 3518 3471 3509
f 3518 3509 3511
f 3511 3509 3508
f 3511 3508 3512
f 3512 3508 3510
f 3512 3510 3514
f 3514 3510 3424
f 3514 3424 3516
f 3516 3424 3425
f 3516 3425 3517
f 3560 3561 3562
f 3563 3564 3565
f 3566 3567 3568
f 3569 3570 3571
f 3572 3573 3574
f 3575 3576 3577
f 3577 3576 3578
f 3578 3579 3577
f 3577 3579 3580
f 3577 3580 3581
f 3582 3583 3584
f 3583 3582 3585
f 3573 3585 3574
f 3574 3585 3582
f 3574 3582 3586
f 3586 3582 3587
f 3586 3587 3588
f 3589 3590 3591
f 3591 3590 3592
f 3591 3592 3593
f 3593 3592 3594
f 3593 3594 3595
f 3595 3594 3596
f 3597 3598 3599
f 3599 3598 3600
f 3599 3600 3601
f 3601 3600 3590
f 3601 3590 3602
f 3602 3590 3589
f 3433 3438 3568
f 3568 3438 3603
f 3568 3603 3566
f 3604 3435 3568
f 3568 3435 3434
f 3568 3434 3433
f 3422 3605 3423
f 3423 3605 3606
f 3423 3606 3425
f 3607 3414 3606
f 3606 3414 3517
f 3606 3517 3425
f 3422 3427 3605
f 3605 3427 3432
f 3605 3432 3608
f 3608 3432 3431
f 3608 3431 3604
f 3604 3431 3429
f 3604 3429 3435
f 3584 3575 3582
f 3582 3575 3577
f 3582 3577 3587
f 3587 3577 3609
f 3587 3609 3588
f 3588 3609 3610
f 3588 3610 3611
f 3611 3610 3612
f 3611 3612 3613
f 3613 3612 3607
f 3613 3607 3614
f 3614 3607 3606
f 3614 3606 3615
f 3615 3606 3605
f 3615 3605 3616
f 3616 3605 3608
f 3616 3608 3617
f 3617 3608 3604
f 3617 3604 3571
f 3571 3604 3568
f 3571 3568 3569
f 3569 3568 3567
f 3618 3619 3620
f 3621 3622 3618
f 3618 3622 3623
f 3618 3623 3619
f 3624 3625 3626
f 3626 3625 3627
f 3563 3565 3628
f 3628 3565 3629
f 3628 3629 3630
f 3630 3629 3631
f 3630 3631 3632
f 3562 3561 3633
f 3633 3561 3634
f 3633 3634 3635
f 3635 3634 3636
f 3635 3636 3621
f 3621 3636 3626
f 3621 3626 3622
f 3622 3626 3627
f 3622 3627 3623
f 3637 3638 3639
f 3639 3638 3640
f 3639 3640 3596
f 3596 3640 3641
f 3596 3641 3595
f 3642 3560 3643
f 3643 3560 3562
f 3643 3562 3632
f 3632 3562 3633
f 3632 3633 3630
f 3630 3633 3635
f 3630 3635 3628
f 3628 3635 3621
f 3628 3621 3563
f 3563 3621 3618
f 3563 3618 3564
f 3564 3618 3620
f 3564 3620 3644
f 3631 3645 3632
f 3632 3645 3637
f 3632 3637 3643
f 3643 3637 3639
f 3643 3639 3642
f 3642 3639 3596
f 3642 3596 3646
f 3646 3596 3594
f 3646 3594 3647
f 3647 3594 3592
f 3647 3592 3648
f 3648 3592 3590
f 3648 3590 3649
f 3649 3590 3600
f 3649 3600 3650
f 3650 3600 3598
f 3650 3598 3651
f 3651 3598 3597
f 3651 3597 3652
f 3581 3653 3577
f 3577 3653 3411
f 3577 3411 3609
f 3609 3411 3410
f 3609 3410 3610
f 3610 3410 3419
f 3610 3419 3612
f 3612 3419 3417
f 3612 3417 3607
f 3607 3417 3415
f 3607 3415 3414
f 3650 3572 3649
f 3649 3572 3574
f 3649 3574 3648
f 3648 3574 3586
f 3648 3586 3647
f 3647 3586 3588
f 3647 3588 3646
f 3646 3588 3611
f 3646 3611 3642
f 3642 3611 3613
f 3642 3613 3560
f 3560 3613 3614
f 3560 3614 3561
f 3561 3614 3615
f 3561 3615 3634
f 3634 3615 3616
f 3634 3616 3636
f 3636 3616 3617
f 3636 3617 3626
f 3626 3617 3571
f 3626 3571 3624
f 3624 3571 3570
f 3654 3655 3656
f 3657 3658 3659
f 3660 3661 3662
f 3663 3664 3665
f 3666 3667 3668
f 3666 3668 3669
f 3669 3670 3671
f 3671 3670 3672
f 3671 3672 3673
f 3674 3675 3676
f 3676 3675 3677
f 3676 3677 3663
f 3678 3679 3680
f 3678 3680 3681
f 3679 3682 3680
f 3680 3682 3683
f 3680 3683 3684
f 3685 3686 3687
f 3687 3686 3688
f 3687 3688 3689
f 3689 3688 3690
f 3689 3690 3680
f 3680 3690 3691
f 3680 3691 3681
f 3663 3665 3676
f 3676 3665 3692
f 3676 3692 3693
f 3694 3692 3695
f 3695 3692 3665
f 3695 3665 3672
f 3672 3665 3664
f 3672 3664 3673
f 3696 3697 3698
f 3698 3697 3699
f 3698 3699 3668
f 3700 3701 3702
f 3702 3701 3703
f 3702 3703 3662
f 3662 3703 3704
f 3662 3704 3660
f 3705 3706 3661
f 3661 3706 3707
f 3661 3707 3662
f 3662 3707 3708
f 3662 3708 3702
f 3706 3659 3707
f 3707 3659 3658
f 3707 3658 3708
f 3708 3658 3709
f 3708 3709 3710
f 3711 3700 3712
f 3712 3700 3702
f 3712 3702 3713
f 3713 3702 3708
f 3713 3708 3714
f 3714 3708 3710
f 3669 3668 3670
f 3670 3668 3699
f 3670 3699 3672
f 3672 3699 3697
f 3672 3697 3695
f 3695 3697 3715
f 3695 3715 3694
f 3694 3715 3716
f 3694 3716 3717
f 3717 3716 3718
f 3717 3718 3719
f 3719 3718 3720
f 3719 3720 3721
f 3721 3720 3722
f 3721 3722 3723
f 3723 3722 3655
f 3723 3655 3724
f 3724 3655 3654
f 3724 3654 3725
f 3726 3727 3657
f 3657 3727 3728
f 3657 3728 3658
f 3658 3728 3729
f 3658 3729 3709
f 3693 3692 3730
f 3730 3692 3694
f 3730 3694 3731
f 3731 3694 3717
f 3731 3717 3732
f 3732 3717 3719
f 3732 3719 3733
f 3733 3719 3721
f 3733 3721 3734
f 3734 3721 3723
f 3734 3723 3735
f 3735 3723 3724
f 3735 3724 3736
f 3736 3724 3725
f 3736 3725 3737
f 3738 3739 3740
f 3741 3742 3743
f 3743 3742 3744
f 3743 3744 3745
f 3741 3743 3746
f 3746 3743 3738
f 3746 3738 3747
f 3747 3738 3740
f 3747 3740 3748
f 3744 3749 3745
f 3745 3749 3750
f 3745 3750 3751
f 3751 3750 3752
f 3751 3752 3753
f 3753 3752 3754
f 3754 3755 3753
f 3753 3755 3756
f 3753 3756 3757
f 3756 3758 3757
f 3757 3758 3759
f 3757 3759 3685
f 3685 3759 3760
f 3685 3760 3686
f 3705 3737 3706
f 3706 3737 3725
f 3706 3725 3659
f 3659 3725 3654
f 3659 3654 3657
f 3657 3654 3656
f 3657 3656 3726
f 3726 3656 3655
f 3726 3655 3761
f 3761 3655 3722
f 3761 3722 3762
f 3762 3722 3720
f 3762 3720 3763
f 3763 3720 3718
f 3763 3718 3764
f 3764 3718 3716
f 3764 3716 3765
f 3765 3716 3715
f 3765 3715 3766
f 3766 3715 3697
f 3766 3697 3767
f 3767 3697 3696
f 3684 3674 3680
f 3680 3674 3676
f 3680 3676 3689
f 3689 3676 3693
f 3689 3693 3687
f 3687 3693 3730
f 3687 3730 3685
f 3685 3730 3731
f 3685 3731 3757
f 3757 3731 3732
f 3757 3732 3753
f 3753 3732 3733
f 3753 3733 3751
f 3751 3733 3734
f 3751 3734 3745
f 3745 3734 3735
f 3745 3735 3743
f 3743 3735 3736
f 3743 3736 3738
f 3738 3736 3737
f 3738 3737 3739
f 3739 3737 3705
f 3768 3769 3770
f 3771 3772 3773
f 3774 3775 3776
f 3758 3756 3771
f 3749 3744 3777
f 3778 3779 3780
f 3781 3779 3782
f 3782 3779 3778
f 3782 3778 3783
f 3450 3784 3785
f 3785 3784 3786
f 3746 3747 3787
f 3787 3747 3748
f 3742 3741 3788
f 3788 3741 3746
f 3789 3750 3749
f 3790 3754 3752
f 3791 3760 3759
f 3760 3791 3686
f 3279 3278 3792
f 3792 3278 3277
f 3792 3277 3262
f 3681 3691 3793
f 3793 3691 3262
f 3281 3280 3794
f 3794 3280 3279
f 3795 3796 3797
f 3797 3796 3798
f 3797 3798 3799
f 3800 3801 3802
f 3802 3801 3803
f 3802 3803 3804
f 3804 3803 3805
f 3804 3805 3806
f 3806 3805 3807
f 3806 3807 3808
f 3801 3809 3803
f 3803 3809 3810
f 3803 3810 3805
f 3805 3810 3811
f 3805 3811 3807
f 3807 3811 3812
f 3807 3812 3808
f 3780 3813 3778
f 3778 3813 3814
f 3778 3814 3783
f 3783 3814 3815
f 3816 3781 3817
f 3817 3781 3782
f 3817 3782 3818
f 3818 3782 3783
f 3818 3783 3819
f 3819 3783 3815
f 3819 3815 3820
f 3821 3820 3822
f 3822 3820 3815
f 3822 3815 3823
f 3823 3815 3814
f 3823 3814 3824
f 3824 3814 3813
f 3824 3813 3794
f 3794 3813 3780
f 3794 3780 3281
f 3825 3826 3827
f 3827 3826 3828
f 3775 3774 3829
f 3829 3774 3830
f 3829 3830 3831
f 3831 3830 3832
f 3831 3832 3833
f 3776 3834 3774
f 3774 3834 3835
f 3774 3835 3830
f 3830 3835 3836
f 3830 3836 3832
f 3832 3836 3837
f 3748 3838 3787
f 3787 3838 3839
f 3787 3839 3840
f 3840 3839 3841
f 3840 3841 3828
f 3828 3841 3842
f 3828 3842 3827
f 3833 3832 3843
f 3843 3832 3837
f 3843 3837 3844
f 3844 3837 3777
f 3844 3777 3788
f 3788 3777 3744
f 3788 3744 3742
f 3746 3787 3788
f 3788 3787 3840
f 3788 3840 3844
f 3844 3840 3828
f 3844 3828 3843
f 3843 3828 3826
f 3843 3826 3833
f 3749 3777 3789
f 3789 3777 3837
f 3789 3837 3845
f 3845 3837 3836
f 3845 3836 3846
f 3846 3836 3835
f 3846 3835 3847
f 3847 3835 3834
f 3847 3834 3812
f 3812 3834 3776
f 3812 3776 3808
f 3809 3848 3810
f 3810 3848 3849
f 3810 3849 3811
f 3811 3849 3850
f 3811 3850 3812
f 3812 3850 3851
f 3812 3851 3847
f 3847 3851 3852
f 3847 3852 3846
f 3846 3852 3853
f 3846 3853 3845
f 3845 3853 3790
f 3845 3790 3789
f 3789 3790 3752
f 3789 3752 3750
f 3279 3792 3794
f 3794 3792 3854
f 3794 3854 3824
f 3824 3854 3855
f 3824 3855 3823
f 3823 3855 3856
f 3823 3856 3822
f 3822 3856 3857
f 3822 3857 3821
f 3688 3686 3773
f 3773 3686 3791
f 3773 3791 3771
f 3771 3791 3759
f 3771 3759 3758
f 3262 3691 3792
f 3792 3691 3690
f 3792 3690 3854
f 3854 3690 3688
f 3854 3688 3855
f 3855 3688 3773
f 3855 3773 3856
f 3856 3773 3772
f 3856 3772 3857
f 3800 3858 3801
f 3801 3858 3859
f 3801 3859 3809
f 3809 3859 3816
f 3809 3816 3848
f 3848 3816 3817
f 3848 3817 3849
f 3849 3817 3818
f 3849 3818 3850
f 3850 3818 3819
f 3850 3819 3851
f 3851 3819 3820
f 3851 3820 3852
f 3852 3820 3821
f 3852 3821 3853
f 3853 3821 3857
f 3853 3857 3790
f 3790 3857 3772
f 3790 3772 3754
f 3754 3772 3771
f 3754 3771 3755
f 3755 3771 3756
f 3860 3861 3862
f 3860 3862 3863
f 3863 3862 3476
f 3863 3476 3477
f 3864 3860 3865
f 3865 3860 3863
f 3865 3863 3385
f 3385 3863 3477
f 3866 3867 3868
f 3769 3861 3770
f 3770 3861 3860
f 3770 3860 3869
f 3869 3860 3864
f 3869 3864 3870
f 3867 3384 3868
f 3868 3384 3556
f 3868 3556 3871
f 3871 3556 3554
f 3871 3554 3872
f 3872 3554 3552
f 3872 3552 3873
f 3873 3552 3396
f 3873 3396 3874
f 3874 3396 3395
f 3874 3395 3875
f 3875 3395 3453
f 3875 3453 3876
f 3876 3453 3452
f 3876 3452 3785
f 3785 3452 3451
f 3785 3451 3450
f 3877 3878 3879
f 3879 3878 3880
f 3879 3880 3881
f 3881 3880 3882
f 3881 3882 3883
f 3883 3882 3884
f 3883 3884 3885
f 3885 3884 3886
f 3885 3886 3887
f 3887 3886 3888
f 3887 3888 3889
f 3889 3888 3890
f 3889 3890 3891
f 3891 3890 3892
f 3891 3892 3893
f 3893 3892 3866
f 3866 3868 3893
f 3893 3868 3871
f 3893 3871 3891
f 3891 3871 3872
f 3891 3872 3889
f 3889 3872 3873
f 3889 3873 3887
f 3887 3873 3874
f 3887 3874 3885
f 3885 3874 3875
f 3885 3875 3883
f 3883 3875 3876
f 3883 3876 3881
f 3881 3876 3785
f 3881 3785 3879
f 3879 3785 3786
f 3879 3786 3877
f 3894 3768 3895
f 3895 3768 3770
f 3895 3770 3896
f 3896 3770 3869
f 3896 3869 3897
f 3897 3869 3870
f 3897 3870 3898
f 3898 3870 3899
f 3898 3899 3900
f 3900 3899 3901
f 3900 3901 3902
f 3902 3901 3903
f 3902 3903 3798
f 3798 3903 3904
f 3798 3904 3799
f 3796 3905 3798
f 3798 3905 3906
f 3798 3906 3902
f 3902 3906 3907
f 3902 3907 3900
f 3385 3384 3865
f 3865 3384 3867
f 3865 3867 3864
f 3864 3867 3866
f 3864 3866 3870
f 3870 3866 3892
f 3870 3892 3899
f 3899 3892 3890
f 3899 3890 3901
f 3901 3890 3888
f 3901 3888 3903
f 3903 3888 3886
f 3903 3886 3904
f 3904 3886 3884
f 3904 3884 3799
f 3799 3884 3882
f 3799 3882 3797
f 3797 3882 3880
f 3797 3880 3795
f 3795 3880 3878
f 3877 3858 3878
f 3878 3858 3800
f 3878 3800 3795
f 3795 3800 3802
f 3795 3802 3796
f 3796 3802 3804
f 3796 3804 3905
f 3905 3804 3806
f 3905 3806 3906
f 3906 3806 3808
f 3906 3808 3907
f 3907 3808 3776
f 3907 3776 3900
f 3900 3776 3775
f 3900 3775 3898
f 3898 3775 3829
f 3898 3829 3897
f 3897 3829 3831
f 3897 3831 3896
f 3896 3831 3833
f 3896 3833 3895
f 3895 3833 3826
f 3895 3826 3894
f 3894 3826 3825
f 2609 3908 2604
f 2604 3908 3909
f 2604 3909 3910
f 3911 3247 3912
f 3912 3247 3246
f 3912 3246 3913
f 3913 3246 3251
f 3913 3251 3914
f 3914 3251 3250
f 3914 3250 3915
f 3915 3250 3249
f 3915 3249 3910
f 3910 3249 3916
f 3910 3916 2604
f 2586 2596 3917
f 3917 2596 2603
f 3917 2603 2602
f 2602 2599 3917
f 3917 2599 2610
f 3917 2610 2611
f 3917 3243 3094
f 2586 3917 2591
f 2591 3917 3094
f 2591 3094 2592
f 2611 2613 2618
f 2611 2618 3917
f 2618 2619 3917
f 3917 2619 2624
f 3917 2624 3243
f 2624 2623 3243
f 3243 2623 2622
f 3243 2622 3242
f 2638 2640 3242
f 3241 3242 3918
f 3918 3242 2640
f 3918 2640 2639
f 2620 3242 2621
f 2621 3242 2622
f 2620 2625 3242
f 3242 2625 2626
f 3242 2626 2638
f 2641 2655 2654
f 2657 3241 3918
f 2653 2657 2654
f 2654 2657 3918
f 2654 3918 2641
f 2641 3918 2639
f 2756 3919 2680
f 2680 3919 3920
f 2680 3920 2678
f 2678 3920 3921
f 2678 3921 2676
f 2676 3921 2661
f 2661 3921 2370
f 2661 2370 2379
f 3916 3249 3248
f 3916 3248 3922
f 3248 2384 3919
f 3920 3919 3921
f 3921 3919 2384
f 3921 2384 2370
f 3923 3922 3924
f 3924 3922 3248
f 3924 3248 3925
f 3925 3248 3919
f 3247 3911 3245
f 3926 3927 3928
f 3929 3930 3931
f 3931 3930 3932
f 3931 3932 3933
f 3933 3932 3934
f 3934 3935 3936
f 3936 3935 3937
f 3936 3937 3938
f 3938 3937 3939
f 3939 3940 3941
f 3941 3940 3942
f 3941 3942 3943
f 3943 3942 3944
f 3943 3944 3945
f 3945 3944 3946
f 3945 3946 3947
f 3926 3928 3948
f 3949 3950 3951
f 3949 3951 3952
f 3952 3951 3948
f 3952 3948 3953
f 3953 3948 3928
f 3954 3955 3956
f 3927 3957 3958
f 3958 3957 3959
f 3958 3959 3960
f 3947 3961 3957
f 3957 3961 3962
f 3957 3962 3959
f 3960 3959 3955
f 3955 3959 3963
f 3955 3963 3956
f 3964 3965 3956
f 3956 3965 3966
f 3956 3966 3954
f 3965 3964 3967
f 3965 3967 3968
f 3968 3967 3969
f 3968 3969 3970
f 3970 3971 3968
f 3968 3971 3972
f 3968 3972 3973
f 3973 3972 3974
f 3281 3780 3282
f 3282 3780 3286
f 3975 3976 3977
f 3978 3979 3980
f 3981 3982 3983
f 3983 3982 3984
f 3983 3984 3286
f 3286 3984 3291
f 3980 3985 3978
f 3978 3985 3986
f 3978 3986 3981
f 3981 3986 3987
f 3981 3987 3982
f 3988 3989 3990
f 3990 3989 3991
f 3990 3991 3979
f 3979 3991 3992
f 3979 3992 3980
f 3977 3993 3975
f 3975 3993 3994
f 3975 3994 3995
f 3995 3994 3996
f 3995 3996 3988
f 3988 3996 3997
f 3988 3997 3989
f 3450 3976 3784
f 3784 3976 3975
f 3784 3975 3786
f 3786 3975 3995
f 3786 3995 3877
f 3877 3995 3988
f 3877 3988 3858
f 3858 3988 3990
f 3858 3990 3859
f 3859 3990 3979
f 3859 3979 3816
f 3816 3979 3978
f 3816 3978 3781
f 3781 3978 3981
f 3781 3981 3779
f 3779 3981 3983
f 3779 3983 3780
f 3780 3983 3286
f 3341 3291 3984
f 3314 3312 3998
f 3998 3312 3310
f 3998 3310 3999
f 3999 3310 3309
f 3999 3309 4000
f 3321 4001 3319
f 3319 4001 4002
f 3319 4002 3317
f 3317 4002 4003
f 3317 4003 3315
f 3315 4003 4004
f 3315 4004 3309
f 3309 4004 4005
f 3309 4005 4000
f 3323 4006 3321
f 3321 4006 4007
f 3321 4007 4001
f 3333 4008 3334
f 3334 4008 4009
f 3334 4009 3323
f 3323 4009 4010
f 3323 4010 4006
f 3331 3993 3333
f 3333 3993 3977
f 3333 3977 4008
f 3327 3997 3329
f 3329 3997 3996
f 3329 3996 3331
f 3331 3996 3994
f 3331 3994 3993
f 3335 3980 3324
f 3324 3980 3992
f 3324 3992 3325
f 3325 3992 3991
f 3325 3991 3327
f 3327 3991 3989
f 3327 3989 3997
f 3982 3987 3337
f 3337 3987 3986
f 3337 3986 3335
f 3335 3986 3985
f 3335 3985 3980
f 3982 3337 3984
f 3984 3337 3339
f 3984 3339 3341
f 4011 4012 4004
f 3357 3314 4013
f 4013 3314 3998
f 4013 3998 4014
f 4015 4008 3976
f 3976 4008 3977
f 4016 4006 4017
f 4017 4006 4010
f 4017 4010 4015
f 4015 4010 4009
f 4015 4009 4008
f 4004 4003 4011
f 4011 4003 4002
f 4011 4002 4018
f 4018 4002 4001
f 4018 4001 4016
f 4016 4001 4007
f 4016 4007 4006
f 3998 3999 4014
f 4014 3999 4000
f 4014 4000 4012
f 4012 4000 4005
f 4012 4005 4004
f 3407 3357 3408
f 3408 3357 4013
f 3408 4013 3533
f 3533 4013 4014
f 3533 4014 3534
f 3534 4014 4012
f 3534 4012 3559
f 3559 4012 4011
f 3559 4011 3546
f 3546 4011 4018
f 3546 4018 3403
f 3403 4018 4016
f 3403 4016 3401
f 3401 4016 4017
f 3401 4017 3402
f 3402 4017 4015
f 3402 4015 3450
f 3450 4015 3976
f 3357 3407 3362
f 3362 3407 3363
f 4019 3390 3454
f 4020 4021 4022
f 4023 4024 4025
f 3390 4019 3391
f 3393 3391 4026
f 4026 3391 4019
f 4026 4019 4027
f 4027 4019 4028
f 4029 4030 4031
f 4031 4030 4025
f 4031 4025 4032
f 4032 4025 4024
f 4033 4034 4035
f 4035 4034 4036
f 4035 4036 4022
f 4032 4037 4031
f 4031 4037 4038
f 4031 4038 4039
f 4039 4038 4040
f 4039 4040 4041
f 3476 3862 3387
f 3387 3862 4042
f 3387 4042 3388
f 4033 4028 4034
f 4034 4028 4019
f 4034 4019 4043
f 4043 4019 3454
f 4043 3454 4042
f 4042 3454 3472
f 4042 3472 3388
f 3861 3769 4030
f 4030 3769 3768
f 4030 3768 4025
f 4025 3768 3894
f 4025 3894 4023
f 4023 3894 3825
f 4040 4020 4041
f 4041 4020 4022
f 4041 4022 4039
f 4039 4022 4036
f 4039 4036 4031
f 4031 4036 4034
f 4031 4034 4029
f 4029 4034 4043
f 4029 4043 4030
f 4030 4043 4042
f 4030 4042 3861
f 3861 4042 3862
f 4044 4045 4046
f 4047 4048 4049
f 3625 4050 3627
f 3627 4050 4051
f 3627 4051 3623
f 4052 4053 4054
f 4054 4053 4055
f 4054 4055 4056
f 4056 4055 4057
f 4056 4057 4058
f 4058 4057 4059
f 4060 4061 4062
f 4063 4064 4065
f 4065 4064 4066
f 4067 4068 4069
f 4069 4068 4045
f 4069 4045 4070
f 4070 4045 4044
f 4070 4044 4061
f 4071 4072 4067
f 4067 4072 4073
f 4067 4073 4068
f 4062 4063 4060
f 4060 4063 4065
f 4060 4065 4074
f 4074 4065 4075
f 4074 4075 4076
f 4076 4075 4077
f 4061 4060 4070
f 4070 4060 4074
f 4070 4074 4069
f 4069 4074 4076
f 4069 4076 4067
f 4067 4076 4077
f 4067 4077 4071
f 3644 3620 4078
f 4078 3620 4079
f 4078 4079 4080
f 4080 4079 4081
f 4080 4081 4082
f 4082 4081 4046
f 4082 4046 4083
f 4083 4046 4045
f 4083 4045 4084
f 4084 4045 4068
f 4021 4085 4086
f 4086 4085 4087
f 4088 4052 4089
f 4089 4052 4054
f 4089 4054 4090
f 4090 4054 4056
f 4090 4056 4051
f 4051 4056 4058
f 4051 4058 3623
f 3623 4058 4059
f 3623 4059 3619
f 4066 4091 4065
f 4065 4091 4092
f 4065 4092 4075
f 4075 4092 4093
f 4075 4093 4077
f 4077 4093 4047
f 4077 4047 4071
f 4071 4047 4049
f 4071 4049 4072
f 3620 3619 4079
f 4079 3619 4059
f 4079 4059 4081
f 4081 4059 4057
f 4081 4057 4046
f 4046 4057 4055
f 4046 4055 4044
f 4044 4055 4053
f 4044 4053 4061
f 4061 4053 4052
f 4061 4052 4062
f 4062 4052 4088
f 4062 4088 4063
f 4063 4088 4094
f 4063 4094 4064
f 4064 4094 4086
f 4064 4086 4066
f 4066 4086 4087
f 4066 4087 4091
f 4095 4096 4097
f 4098 4099 4100
f 3700 3711 4101
f 3704 3703 4102
f 4085 4021 4103
f 4087 4104 4091
f 4091 4104 4092
f 4092 4104 4105
f 4105 4104 4106
f 4105 4106 4107
f 4107 4106 4108
f 4107 4108 4109
f 4109 4108 4110
f 4109 4110 4111
f 4112 4113 4114
f 4114 4113 4115
f 4114 4115 4116
f 4116 4115 4117
f 4116 4117 3660
f 3660 3704 4116
f 4116 3704 4102
f 4116 4102 4114
f 4114 4102 4118
f 4114 4118 4112
f 4112 4118 4119
f 4120 4121 4122
f 4122 4121 4098
f 4122 4098 4123
f 4123 4098 4100
f 4099 4098 4124
f 4124 4098 4121
f 4124 4121 4047
f 4047 4121 4120
f 4047 4120 4048
f 3701 3700 4125
f 4125 3700 4101
f 4125 4101 4126
f 4126 4101 4127
f 4126 4127 4128
f 4128 4127 4129
f 4128 4129 4130
f 4130 4129 4131
f 4130 4131 4100
f 4100 4131 4132
f 4100 4132 4123
f 4087 4085 4104
f 4104 4085 4103
f 4104 4103 4106
f 4106 4103 4133
f 4106 4133 4108
f 4108 4133 4095
f 4108 4095 4110
f 4110 4095 4097
f 4110 4097 4111
f 3703 3701 4102
f 4102 3701 4125
f 4102 4125 4118
f 4118 4125 4126
f 4118 4126 4119
f 4119 4126 4128
f 4119 4128 4134
f 4134 4128 4130
f 4134 4130 4135
f 4135 4130 4100
f 4135 4100 4136
f 4136 4100 4099
f 4136 4099 4137
f 4137 4099 4124
f 4137 4124 4093
f 4093 4124 4047
f 4093 4092 4137
f 4137 4092 4105
f 4137 4105 4136
f 4136 4105 4107
f 4136 4107 4135
f 4135 4107 4109
f 4135 4109 4134
f 4134 4109 4111
f 4134 4111 4119
f 4119 4111 4097
f 4119 4097 4112
f 4112 4097 4096
f 4112 4096 4113
f 4138 4139 4140
f 4141 4142 4143
f 4139 4138 4143
f 4143 4138 4144
f 4143 4144 4141
f 4143 4145 4139
f 4139 4145 4146
f 4139 4146 4140
f 4140 4146 4147
f 4140 4147 4148
f 4148 4147 4149
f 4150 4151 4152
f 4152 4151 4153
f 4152 4153 4154
f 4154 4153 4155
f 4155 4153 4156
f 4155 4156 4157
f 4157 4156 4158
f 4157 4158 4159
f 4158 4160 4159
f 4159 4160 4161
f 4159 4161 4162
f 4162 4161 4163
f 4162 4163 4164
f 4164 4163 4165
f 4164 4165 4166
f 4166 4165 4167
f 4168 4169 4170
f 4170 4169 4166
f 4170 4166 4171
f 4171 4166 4167
f 4172 4173 4174
f 4174 4173 4175
f 4174 4175 4176
f 4176 4175 4177
f 4176 4177 4178
f 4178 4177 4179
f 4178 4179 4180
f 4180 4179 4181
f 4180 4181 4168
f 4168 4181 4182
f 4168 4182 4169
f 4145 4183 4146
f 4146 4183 4184
f 4146 4184 4147
f 4147 4184 4173
f 4147 4173 4149
f 4149 4173 4172
f 2744 4185 4186
f 4186 4185 2952
f 4187 2995 2937
f 2944 4188 4189
f 2944 4189 2942
f 2942 4189 4190
f 2942 4190 2940
f 2940 4190 4191
f 2940 4191 2937
f 4192 4193 4194
f 2937 4191 4187
f 4187 4191 4195
f 4187 4195 4196
f 4196 4195 4197
f 4196 4197 4198
f 4198 4197 4192
f 4198 4192 4199
f 4199 4192 4194
f 4199 4194 4200
f 4201 4202 4194
f 4194 4202 4203
f 4194 4203 4200
f 4204 4201 4205
f 4205 4201 4194
f 4205 4194 4206
f 4206 4194 4193
f 2746 4185 2745
f 2745 4185 2744
f 2749 2948 2748
f 2748 2948 2747
f 2749 2750 2948
f 2948 2750 2752
f 2948 2752 2949
f 2949 2752 4207
f 2949 4207 2945
f 2945 4207 4188
f 2945 4188 2989
f 2989 4188 2944
f 2947 4185 2948
f 2948 4185 2746
f 2948 2746 2747
f 2947 2950 4185
f 4185 2950 2951
f 4185 2951 2952
f 2995 4187 2994
f 2994 4187 4196
f 2994 4196 2993
f 2993 4196 2992
f 2992 4196 4198
f 2992 4198 2936
f 2936 4198 4199
f 2936 4199 2934
f 4199 4208 2934
f 2934 4208 4209
f 2934 4209 2872
f 2872 4209 4210
f 2872 4210 2873
f 712 718 4211
f 718 2884 4211
f 4211 2884 2886
f 4211 2886 4212
f 2886 2888 4212
f 4212 2888 2889
f 4212 2889 4210
f 4210 2889 2890
f 4210 2890 2873
f 712 4211 4213
f 4213 4211 4214
f 4213 4214 4215
f 4214 4216 4215
f 4215 4216 4217
f 4215 4217 4218
f 4218 4217 4219
f 4218 4219 4220
f 4220 4219 4221
f 4220 4221 4222
f 4222 4221 4223
f 4223 4221 4224
f 4223 4224 4225
f 4224 4226 4225
f 4225 4226 4227
f 4225 4227 4228
f 4228 4227 4229
f 4228 4229 4230
f 4230 4229 4231
f 4231 4229 4232
f 4232 4229 4233
f 4232 4233 4234
f 4234 4233 4235
f 4234 4235 4236
f 4183 4145 4237
f 4237 4145 4236
f 4237 4236 4238
f 4238 4236 4235
f 4228 4230 4239
f 4240 4241 4242
f 4242 4241 4143
f 4242 4143 4243
f 4243 4143 4142
f 4230 4231 4239
f 4239 4231 4232
f 4239 4232 4244
f 4244 4232 4234
f 4244 4234 4241
f 4241 4234 4236
f 4241 4236 4143
f 4143 4236 4145
f 4245 4223 4225
f 4240 4246 4241
f 4241 4246 4247
f 4241 4247 4244
f 4244 4247 4248
f 4244 4248 4239
f 4239 4248 4249
f 4239 4249 4228
f 4228 4249 4250
f 4228 4250 4225
f 4225 4250 4251
f 4225 4251 4245
f 2605 2604 2614
f 2614 2604 3916
f 2753 2761 3922
f 2753 3922 2754
f 2761 2759 3922
f 3922 2759 2758
f 3922 2758 3916
f 3916 2758 2616
f 3916 2616 2614
f 3922 3923 2754
f 2754 3923 3924
f 2754 3924 2757
f 2757 3924 3925
f 2757 3925 2755
f 3925 3919 2755
f 2755 3919 2756
f 3945 3947 3957
f 3945 3957 3943
f 3950 4252 3951
f 3951 4252 3948
f 3934 3936 4252
f 4252 3936 3938
f 4252 3938 3939
f 3927 3926 3957
f 3957 3926 3948
f 3957 3948 3943
f 3943 3948 4252
f 3943 4252 3941
f 3941 4252 3939
f 3950 3949 4252
f 4252 3949 4253
f 4252 4253 3929
f 3929 3931 4252
f 4252 3931 3933
f 4252 3933 3934
f 4254 4255 4256
f 4256 4255 4257
f 4256 4257 4258
f 4259 4260 4257
f 4257 4260 4261
f 4257 4261 4258
f 4262 4263 4259
f 4259 4263 4264
f 4259 4264 4260
f 4265 4266 4267
f 4267 4266 4268
f 4267 4268 4262
f 4262 4268 4269
f 4262 4269 4263
f 4270 4265 4271
f 4271 4265 4267
f 4271 4267 4272
f 4272 4267 4273
f 4274 4275 4276
f 4277 4278 4279
f 4280 4281 4282
f 4282 4281 4283
f 4284 4285 4280
f 4280 4285 4286
f 4280 4286 4281
f 4279 4287 4277
f 4277 4287 4288
f 4277 4288 4284
f 4284 4288 4289
f 4284 4289 4285
f 4290 4278 4291
f 4291 4278 4277
f 4291 4277 4292
f 4292 4277 4284
f 4292 4284 4293
f 4293 4284 4280
f 4293 4280 4276
f 4276 4280 4282
f 4276 4282 4274
f 4274 4282 4283
f 4274 4283 4294
f 4276 4295 4293
f 4293 4295 4296
f 4293 4296 4292
f 4292 4296 4297
f 4292 4297 4291
f 4291 4297 4298
f 4291 4298 4290
f 4290 4298 4299
f 4275 4300 4276
f 4276 4300 4273
f 4276 4273 4295
f 4295 4273 4267
f 4295 4267 4296
f 4296 4267 4262
f 4296 4262 4297
f 4297 4262 4259
f 4297 4259 4298
f 4298 4259 4257
f 4298 4257 4299
f 4299 4257 4255
f 4301 4302 4303
f 4301 4303 4304
f 4304 4303 4274
f 4304 4274 4294
f 4271 4272 4305
f 4305 4272 4273
f 4305 4273 4306
f 4306 4273 4300
f 4306 4300 4303
f 4303 4300 4275
f 4303 4275 4274
f 4307 4308 4309
f 4302 4310 4303
f 4303 4310 4311
f 4303 4311 4306
f 4306 4311 4307
f 4306 4307 4305
f 4305 4307 4309
f 4305 4309 4271
f 4271 4309 4270
f 4312 4308 4313
f 4302 4301 4314
f 4315 4316 4317
f 4317 4316 4318
f 4317 4318 4319
f 4320 4321 4322
f 4322 4321 4323
f 4322 4323 4313
f 4313 4323 4324
f 4313 4324 4312
f 4320 4322 4325
f 4325 4322 4326
f 4325 4326 4327
f 4327 4326 4328
f 4327 4328 4329
f 4330 4331 4328
f 4328 4331 4332
f 4328 4332 4329
f 4330 4328 4333
f 4333 4328 4334
f 4333 4334 4335
f 4315 4317 4336
f 4336 4317 4337
f 4336 4337 4338
f 4338 4337 4339
f 4339 4337 4340
f 4339 4340 4341
f 4310 4302 4342
f 4342 4302 4314
f 4342 4314 4340
f 4340 4314 4343
f 4340 4343 4341
f 4319 4344 4317
f 4317 4344 4345
f 4317 4345 4337
f 4337 4345 4346
f 4337 4346 4340
f 4340 4346 4347
f 4340 4347 4342
f 4342 4347 4348
f 4342 4348 4310
f 4310 4348 4311
f 4344 4349 4345
f 4345 4349 4350
f 4345 4350 4346
f 4346 4350 4351
f 4346 4351 4347
f 4347 4351 4352
f 4347 4352 4348
f 4348 4352 4353
f 4348 4353 4311
f 4311 4353 4307
f 4349 4334 4350
f 4350 4334 4328
f 4350 4328 4351
f 4351 4328 4326
f 4351 4326 4352
f 4352 4326 4322
f 4352 4322 4353
f 4353 4322 4313
f 4353 4313 4307
f 4307 4313 4308
f 4332 4331 4354
f 4355 4320 4325
f 4332 4354 4329
f 4329 4354 4356
f 4329 4356 4327
f 4327 4356 4357
f 4327 4357 4325
f 4325 4357 4358
f 4325 4358 4355
f 4349 4359 4360
f 4318 4316 4361
f 4318 4362 4319
f 4319 4362 4363
f 4319 4363 4344
f 4349 4360 4334
f 4334 4360 4364
f 4334 4364 4335
f 4365 4364 4254
f 4254 4364 4360
f 4254 4360 4255
f 4255 4360 4359
f 4255 4359 4299
f 4278 4290 4362
f 4362 4290 4299
f 4362 4299 4363
f 4363 4299 4359
f 4363 4359 4344
f 4344 4359 4349
f 4318 4361 4362
f 4362 4361 4279
f 4362 4279 4278
f 4365 4254 4366
f 4366 4254 4256
f 4367 4368 4369
f 4370 4371 4372
f 4373 4374 4375
f 4183 4373 4184
f 4184 4373 4375
f 4184 4375 4173
f 4173 4375 4175
f 4181 4179 4369
f 4369 4179 4177
f 4369 4177 4376
f 4376 4177 4175
f 4376 4175 4377
f 4377 4175 4375
f 4181 4369 4182
f 4182 4369 4368
f 4182 4368 4378
f 4166 4379 4164
f 4164 4379 4380
f 4164 4380 4162
f 4162 4380 4381
f 4162 4381 4159
f 4159 4381 4157
f 4157 4381 4382
f 4157 4382 4155
f 4155 4382 4383
f 4155 4383 4154
f 4384 4385 4386
f 4386 4385 4387
f 4386 4387 4388
f 4389 4390 4391
f 4392 4393 4394
f 4395 4396 4397
f 4397 4396 4398
f 4397 4398 4399
f 4399 4398 4400
f 4399 4400 4401
f 4401 4400 4402
f 4401 4402 4393
f 4393 4402 4403
f 4393 4403 4394
f 4404 4367 4405
f 4405 4367 4369
f 4405 4369 4406
f 4406 4369 4376
f 4406 4376 4407
f 4407 4376 4377
f 4407 4377 4372
f 4372 4377 4375
f 4372 4375 4370
f 4370 4375 4374
f 4408 4409 4410
f 4410 4409 4411
f 4410 4411 4412
f 4412 4411 4384
f 4412 4384 4413
f 4413 4384 4386
f 4413 4386 4414
f 4414 4386 4388
f 4404 4415 4416
f 4417 4408 4418
f 4418 4408 4410
f 4418 4410 4419
f 4419 4410 4412
f 4419 4412 4420
f 4420 4412 4413
f 4420 4413 4421
f 4421 4413 4414
f 4379 4417 4380
f 4380 4417 4418
f 4380 4418 4381
f 4381 4418 4419
f 4381 4419 4382
f 4382 4419 4420
f 4382 4420 4383
f 4383 4420 4421
f 4404 4416 4367
f 4367 4416 4422
f 4367 4422 4368
f 4368 4422 4423
f 4368 4423 4378
f 4378 4423 4169
f 4378 4169 4182
f 4424 4425 4426
f 4425 4424 4427
f 4427 4424 4428
f 4427 4428 4429
f 4429 4428 4430
f 4429 4430 4431
f 4394 4432 4392
f 4392 4432 4433
f 4392 4433 4434
f 4434 4433 4431
f 4434 4431 4435
f 4435 4431 4430
f 4435 4430 4436
f 4436 4430 4428
f 4436 4428 4437
f 4437 4428 4424
f 4437 4424 4391
f 4391 4424 4426
f 4391 4426 4389
f 4438 4387 4439
f 4439 4387 4385
f 4439 4385 4440
f 4440 4385 4384
f 4440 4384 4441
f 4441 4384 4411
f 4441 4411 4442
f 4442 4411 4409
f 4442 4409 4415
f 4415 4409 4408
f 4415 4408 4416
f 4416 4408 4417
f 4416 4417 4422
f 4422 4417 4379
f 4422 4379 4423
f 4423 4379 4166
f 4423 4166 4169
f 4371 4395 4372
f 4372 4395 4397
f 4372 4397 4407
f 4407 4397 4399
f 4407 4399 4406
f 4406 4399 4401
f 4406 4401 4405
f 4405 4401 4393
f 4405 4393 4404
f 4404 4393 4392
f 4404 4392 4415
f 4415 4392 4434
f 4415 4434 4442
f 4442 4434 4435
f 4442 4435 4441
f 4441 4435 4436
f 4441 4436 4440
f 4440 4436 4437
f 4440 4437 4439
f 4439 4437 4391
f 4439 4391 4438
f 4438 4391 4390
f 4443 4444 4445
f 4183 4237 4373
f 4373 4237 4238
f 4373 4238 4374
f 4446 4371 4447
f 4447 4371 4370
f 4447 4370 4374
f 4396 4395 4448
f 4448 4395 4449
f 4450 4451 4452
f 4451 4450 4453
f 4453 4450 4454
f 4453 4454 4455
f 4456 4457 4458
f 4458 4457 4459
f 4458 4459 4460
f 4461 4462 4463
f 4463 4462 4464
f 4463 4465 4461
f 4461 4465 4206
f 4461 4206 4193
f 4202 4444 4203
f 4203 4444 4443
f 4203 4443 4200
f 4200 4443 4199
f 4466 4456 4467
f 4467 4456 4458
f 4467 4458 4468
f 4468 4458 4460
f 4468 4460 4469
f 4463 4470 4465
f 4465 4470 4471
f 4465 4471 4206
f 4206 4471 4205
f 4204 4205 4472
f 4472 4205 4471
f 4472 4471 4473
f 4473 4471 4470
f 4473 4470 4466
f 4466 4470 4463
f 4466 4463 4456
f 4456 4463 4464
f 4456 4464 4457
f 4219 4217 4474
f 4474 4217 4216
f 4474 4216 4475
f 4475 4216 4214
f 4475 4214 4476
f 4477 4478 4479
f 4479 4478 4480
f 4479 4480 4481
f 4481 4480 4482
f 4481 4482 4483
f 4483 4482 4445
f 4483 4445 4484
f 4484 4445 4444
f 4484 4444 4485
f 4485 4444 4202
f 4485 4202 4201
f 4477 4474 4478
f 4478 4474 4475
f 4478 4475 4480
f 4480 4475 4476
f 4480 4476 4482
f 4482 4476 4486
f 4482 4486 4445
f 4445 4486 4487
f 4445 4487 4443
f 4214 4211 4476
f 4476 4211 4212
f 4476 4212 4486
f 4486 4212 4210
f 4486 4210 4487
f 4487 4210 4209
f 4487 4209 4443
f 4443 4209 4208
f 4443 4208 4199
f 4488 4489 4227
f 4224 4221 4490
f 4490 4491 4224
f 4224 4491 4488
f 4224 4488 4226
f 4226 4488 4227
f 4374 4238 4447
f 4447 4238 4235
f 4447 4235 4492
f 4492 4235 4233
f 4492 4233 4489
f 4489 4233 4229
f 4489 4229 4227
f 4446 4447 4493
f 4493 4447 4492
f 4493 4492 4494
f 4494 4492 4489
f 4494 4489 4495
f 4495 4489 4488
f 4495 4488 4496
f 4496 4488 4491
f 4496 4491 4497
f 4459 4455 4460
f 4460 4455 4454
f 4460 4454 4469
f 4469 4454 4450
f 4469 4450 4498
f 4498 4450 4452
f 4498 4452 4499
f 4499 4452 4500
f 4499 4500 4501
f 4501 4500 4502
f 4501 4502 4503
f 4503 4502 4504
f 4503 4504 4449
f 4449 4504 4505
f 4449 4505 4448
f 4221 4219 4490
f 4490 4219 4474
f 4490 4474 4491
f 4491 4474 4477
f 4491 4477 4497
f 4497 4477 4479
f 4497 4479 4506
f 4506 4479 4481
f 4506 4481 4507
f 4507 4481 4483
f 4507 4483 4508
f 4508 4483 4484
f 4508 4484 4509
f 4509 4484 4485
f 4509 4485 4510
f 4510 4485 4201
f 4201 4204 4510
f 4510 4204 4472
f 4510 4472 4509
f 4509 4472 4473
f 4509 4473 4508
f 4508 4473 4466
f 4508 4466 4507
f 4507 4466 4467
f 4507 4467 4506
f 4506 4467 4468
f 4506 4468 4497
f 4497 4468 4469
f 4497 4469 4496
f 4496 4469 4498
f 4496 4498 4495
f 4495 4498 4499
f 4495 4499 4494
f 4494 4499 4501
f 4494 4501 4493
f 4493 4501 4503
f 4493 4503 4446
f 4446 4503 4449
f 4446 4449 4371
f 4371 4449 4395
f 4281 4511 4283
f 4287 4512 4513
f 4316 4512 4361
f 4361 4512 4287
f 4361 4287 4279
f 4285 4289 4513
f 4513 4289 4288
f 4513 4288 4287
f 4511 4301 4283
f 4283 4301 4304
f 4283 4304 4294
f 4316 4315 4512
f 4512 4315 4336
f 4512 4336 4513
f 4513 4336 4338
f 4513 4338 4285
f 4285 4338 4339
f 4285 4339 4286
f 4286 4339 4341
f 4286 4341 4281
f 4281 4341 4343
f 4281 4343 4511
f 4511 4343 4314
f 4511 4314 4301
f 3934 3932 4514
f 2773 2774 4515
f 2528 2527 4516
f 4516 2527 2520
f 2773 4515 2707
f 2710 3244 2769
f 2769 3244 3245
f 2769 3245 2764
f 2764 3245 3911
f 2764 3911 2701
f 2701 3911 2699
f 2699 3911 3912
f 2699 3912 2694
f 2738 3244 2524
f 2524 3244 2710
f 2524 2710 2518
f 2518 2710 2709
f 2518 2709 2519
f 2519 2709 2708
f 2519 2708 2520
f 2520 2708 2707
f 2520 2707 4516
f 2696 2695 3910
f 3912 3913 2694
f 2694 3913 3914
f 2694 3914 2695
f 2695 3914 3915
f 2695 3915 3910
f 3910 3909 2696
f 2696 3909 3908
f 2696 3908 2697
f 2609 2608 3908
f 3908 2608 2607
f 2607 2762 3908
f 3908 2762 2698
f 3908 2698 2697
f 2707 4515 4516
f 4516 4515 4517
f 4516 4517 4514
f 3939 3937 4517
f 4517 3937 4514
f 4514 3937 3935
f 4514 3935 3934
f 4518 3956 3963
f 3963 3959 4518
f 4518 3959 3962
f 4518 3962 4519
f 4519 3962 3961
f 4519 3961 4520
f 4520 3961 3947
f 3947 3946 4520
f 4520 3946 3944
f 4520 3944 4521
f 4521 3944 3942
f 4521 3942 4517
f 4517 3942 3940
f 4517 3940 3939
f 4522 3971 3970
f 3969 4523 3970
f 3970 4523 4524
f 3970 4524 4522
f 4518 4525 3956
f 3956 4525 4526
f 3956 4526 4527
f 3969 3967 4523
f 4523 3967 3964
f 4523 3964 4528
f 4528 3964 3956
f 4528 3956 4529
f 4529 3956 4527
f 2859 2867 4530
f 4530 2867 2868
f 4530 2868 2866
f 2864 2863 4531
f 4531 2863 2862
f 4531 2862 2861
f 4366 4532 4365
f 4425 4533 4426
f 4433 4432 4534
f 4534 4432 4535
f 4457 4536 4537
f 4536 4457 4464
f 4462 4538 4539
f 4540 4541 4542
f 4543 4544 4545
f 3049 3048 4534
f 3044 4546 3046
f 4426 4533 4389
f 4533 3021 4389
f 4389 3021 634
f 4389 634 4547
f 4547 634 630
f 4547 630 4548
f 4548 630 631
f 4548 631 633
f 3042 3041 4533
f 4533 3041 3057
f 4533 3057 3021
f 3042 4533 3044
f 3044 4533 4425
f 3044 4425 4546
f 4546 4425 4427
f 4546 4427 4429
f 3037 4535 2924
f 2924 4535 4549
f 2924 4549 2922
f 3049 4534 3038
f 3037 3036 4535
f 4535 3036 3034
f 4535 3034 4534
f 4534 3034 3033
f 4534 3033 3038
f 2968 4550 2966
f 2966 4550 4551
f 2966 4551 2964
f 2964 4551 4545
f 2964 4545 2919
f 2919 4545 4544
f 2919 4544 2920
f 4552 4553 4543
f 4554 4553 4555
f 4555 4553 4552
f 4555 4552 4556
f 4556 4552 4557
f 4554 4558 4553
f 4553 4558 4559
f 4553 4559 4560
f 4560 4559 4561
f 4559 4562 4561
f 4561 4562 2362
f 4561 2362 4563
f 4563 2362 2364
f 4563 2364 4564
f 4564 2364 2363
f 4564 2363 2743
f 4565 4566 4567
f 4567 4566 4568
f 4567 4568 4569
f 4569 4570 4567
f 4567 4570 4571
f 4567 4571 4572
f 4573 4574 4575
f 4575 4574 4576
f 4575 4576 4565
f 4565 4576 4577
f 4565 4577 4566
f 4578 4579 4580
f 4580 4579 4581
f 4580 4581 4582
f 4582 4581 4583
f 4582 4583 4573
f 4573 4583 4584
f 4573 4584 4574
f 4585 4586 4587
f 4587 4586 4588
f 4588 4589 4587
f 4587 4589 4590
f 4587 4590 4591
f 4592 4593 4580
f 4580 4593 4594
f 4580 4594 4578
f 2752 2341 4207
f 4207 2341 2336
f 4207 2336 4188
f 2336 2333 4188
f 4188 2333 2332
f 4188 2332 4595
f 4595 2332 2331
f 4595 2331 2325
f 4540 4542 4596
f 4195 4191 4597
f 4597 4191 4190
f 4597 4190 4189
f 4595 4596 4188
f 4188 4596 4542
f 4188 4542 4189
f 4189 4542 4598
f 4189 4598 4597
f 4597 4598 4599
f 4597 4599 4195
f 4195 4599 4600
f 4195 4600 4197
f 4461 4193 4600
f 4600 4193 4192
f 4600 4192 4197
f 4459 4601 4455
f 4455 4601 4602
f 4455 4602 4453
f 4312 4324 4500
f 4448 4505 4323
f 4323 4505 4504
f 4323 4504 4324
f 4324 4504 4502
f 4324 4502 4500
f 4323 4321 4448
f 4448 4321 4320
f 4448 4320 4396
f 4320 4355 4396
f 4396 4355 4358
f 4396 4358 4398
f 4358 4357 4398
f 4398 4357 4356
f 4398 4356 4400
f 4400 4356 4354
f 4400 4354 4331
f 4333 4335 4603
f 4331 4330 4400
f 4400 4330 4333
f 4400 4333 4402
f 4402 4333 4603
f 4402 4603 4403
f 3046 4546 3048
f 3048 4546 4429
f 3048 4429 4534
f 4534 4429 4431
f 4534 4431 4433
f 2833 4261 2835
f 2835 4261 2848
f 4366 4256 1288
f 1288 4256 2833
f 2833 4256 4258
f 2833 4258 4261
f 4557 4552 4572
f 4572 4552 4604
f 4572 4604 4567
f 4567 4604 4605
f 4567 4605 4549
f 4606 4266 4607
f 4607 4266 4265
f 4607 4265 4608
f 4608 4265 4270
f 4608 4270 4602
f 4602 4270 4309
f 4602 4309 4453
f 4453 4309 4308
f 4453 4308 4451
f 4451 4308 4312
f 4451 4312 4452
f 4452 4312 4500
f 4609 4264 4610
f 4610 4264 4263
f 4610 4263 4611
f 4611 4263 4269
f 4611 4269 4606
f 4606 4269 4268
f 4606 4268 4266
f 4366 1288 4532
f 4532 1288 1287
f 4532 1287 1232
f 1260 1259 4565
f 4403 4603 4394
f 4394 4603 4335
f 4394 4335 4432
f 4432 4335 4364
f 4432 4364 4535
f 4535 4364 4365
f 4535 4365 4549
f 4549 4365 4532
f 4549 4532 4567
f 4567 4532 1232
f 4567 1232 4565
f 4565 1232 1231
f 4565 1231 1260
f 1258 2828 4609
f 4609 2828 2827
f 4609 2827 4264
f 4264 2827 2830
f 4264 2830 4260
f 4260 2830 2851
f 4260 2851 4261
f 4261 2851 2849
f 4261 2849 2848
f 4541 4585 4542
f 4542 4585 4587
f 4542 4587 4598
f 4598 4587 4612
f 4598 4612 4599
f 4599 4612 4539
f 4599 4539 4600
f 4600 4539 4538
f 4600 4538 4461
f 4461 4538 4462
f 4543 4545 4552
f 4552 4545 4551
f 4552 4551 4604
f 4604 4551 4550
f 4604 4550 4605
f 4605 4550 2968
f 4605 2968 4549
f 4549 2968 2970
f 4549 2970 2922
f 4464 4462 4536
f 4536 4462 4539
f 4536 4539 4537
f 4537 4539 4612
f 4537 4612 4613
f 4613 4612 4587
f 4613 4587 4592
f 4592 4587 4591
f 4592 4591 4593
f 1259 1258 4565
f 4565 1258 4609
f 4565 4609 4575
f 4575 4609 4610
f 4575 4610 4573
f 4573 4610 4611
f 4573 4611 4582
f 4582 4611 4606
f 4582 4606 4580
f 4580 4606 4607
f 4580 4607 4592
f 4592 4607 4608
f 4592 4608 4613
f 4613 4608 4602
f 4613 4602 4537
f 4537 4602 4601
f 4537 4601 4457
f 4457 4601 4459
f 4103 4021 4020
f 3661 3660 4117
f 4614 4615 4616
f 4038 4037 4617
f 4617 4037 4032
f 4615 4617 4616
f 4616 4617 4032
f 4616 4032 4618
f 4618 4032 4024
f 4618 4024 4619
f 4619 4024 4023
f 4619 4023 3827
f 3827 4023 3825
f 3740 3739 4620
f 4620 3739 4621
f 4620 4621 4622
f 4622 4621 4623
f 4622 4623 4624
f 4624 4623 4625
f 4624 4625 4626
f 4626 4625 4627
f 4103 4020 4628
f 4628 4020 4040
f 4628 4040 4629
f 4630 4095 4631
f 4631 4095 4133
f 3705 3661 4632
f 4632 3661 4117
f 4632 4117 4633
f 4633 4117 4115
f 4633 4115 4634
f 4634 4115 4113
f 4634 4113 4635
f 4635 4113 4096
f 4635 4096 4636
f 4636 4096 4095
f 4636 4095 4637
f 4637 4095 4630
f 4637 4630 4629
f 4629 4630 4631
f 4629 4631 4628
f 4628 4631 4133
f 4628 4133 4103
f 4626 4638 4624
f 4624 4638 4639
f 4624 4639 4622
f 4622 4639 3838
f 4622 3838 4620
f 4620 3838 3748
f 4620 3748 3740
f 3842 3841 4639
f 4639 3841 3839
f 4639 3839 3838
f 3827 3842 4619
f 4619 3842 4639
f 4619 4639 4618
f 4618 4639 4638
f 4618 4638 4616
f 4616 4638 4626
f 4616 4626 4614
f 4614 4626 4627
f 3739 3705 4621
f 4621 3705 4632
f 4621 4632 4623
f 4623 4632 4633
f 4623 4633 4625
f 4625 4633 4634
f 4625 4634 4627
f 4627 4634 4635
f 4627 4635 4614
f 4614 4635 4636
f 4614 4636 4615
f 4615 4636 4637
f 4615 4637 4617
f 4617 4637 4629
f 4617 4629 4038
f 4038 4629 4040
f 4640 2550 2562
f 2558 2173 2559
f 2559 2173 2172
f 2559 2172 2560
f 2172 2170 2560
f 2560 2170 2168
f 2560 2168 2561
f 2561 2168 2562
f 2562 2168 2166
f 2562 2166 4640
f 4641 4642 4643
f 4644 4645 4646
f 4647 4648 4649
f 2662 2664 4650
f 4651 3120 4652
f 4653 4654 4655
f 4656 4657 4658
f 4658 4657 4659
f 4642 4641 4660
f 2434 2435 4643
f 2398 4661 4662
f 4663 2667 4664
f 4664 2667 2666
f 2401 2406 4665
f 4665 2406 4663
f 2401 4665 2402
f 2402 4665 4666
f 2402 4666 2404
f 4661 2398 4666
f 4666 2398 2405
f 4666 2405 2404
f 2372 2396 4662
f 4662 2396 2400
f 4662 2400 2398
f 4667 2388 4668
f 4668 2388 2391
f 4667 4669 2388
f 2388 4669 4670
f 2388 4670 2447
f 4671 2439 4672
f 4672 2439 2438
f 4672 2438 2448
f 2442 2441 4673
f 4673 2441 2439
f 4673 2439 4674
f 4674 2439 4671
f 4674 4671 4675
f 2442 4673 2435
f 2435 4673 4676
f 2435 4676 4643
f 2434 4643 2432
f 2432 4643 4642
f 2432 4642 2429
f 2429 4642 4660
f 2429 4660 2430
f 4677 4678 4679
f 4677 4679 4641
f 4641 4679 4680
f 4641 4680 4681
f 4681 4682 4641
f 4641 4682 4683
f 4641 4683 4660
f 4684 4685 4686
f 4641 4687 4688
f 4688 4689 4641
f 4641 4689 4690
f 4641 4690 4677
f 4685 4684 4691
f 4691 4684 4692
f 4691 4692 4693
f 4693 4692 4694
f 4693 4694 4695
f 4695 4694 4696
f 4696 4694 4646
f 4696 4646 4659
f 4659 4646 4645
f 4659 4645 4658
f 4653 4655 4697
f 4698 4652 4699
f 4651 4652 4700
f 4652 4698 4700
f 4700 4698 4701
f 4700 4701 4702
f 4702 4701 4703
f 4702 4703 4704
f 4704 4703 4705
f 4704 4705 4706
f 4706 4705 4707
f 4706 4707 4708
f 4708 4707 4709
f 4709 4707 4710
f 4709 4710 4711
f 4711 4710 4712
f 4712 4710 4713
f 4712 4713 4714
f 4714 4713 4715
f 4714 4715 4716
f 4716 4715 4717
f 4716 4717 4718
f 4718 4717 4719
f 4718 4719 4720
f 2674 2673 4719
f 4719 2673 2449
f 578 577 4720
f 2449 2444 4719
f 4719 2444 580
f 4719 580 4720
f 4720 580 579
f 4720 579 578
f 577 576 4720
f 4720 576 543
f 4720 543 542
f 2662 4650 2675
f 2666 2670 4664
f 4664 2670 2675
f 4664 2675 4721
f 4721 2675 4650
f 4675 4647 4674
f 4674 4647 4649
f 4674 4649 4673
f 4673 4649 4722
f 4673 4722 4676
f 4648 4644 4649
f 4649 4644 4646
f 4649 4646 4722
f 4722 4646 4694
f 4722 4694 4676
f 4676 4694 4692
f 4676 4692 4643
f 4643 4692 4684
f 4643 4684 4641
f 4641 4684 4686
f 4641 4686 4687
f 4699 4723 4698
f 4698 4723 4724
f 4698 4724 4701
f 4701 4724 4725
f 4701 4725 4703
f 4703 4725 4726
f 4703 4726 4705
f 4705 4726 4727
f 4705 4727 4707
f 4707 4727 4728
f 4707 4728 4710
f 4710 4728 4729
f 4710 4729 4713
f 4654 4656 4655
f 4655 4656 4658
f 4655 4658 4730
f 4730 4658 4645
f 4730 4645 4731
f 4731 4645 4644
f 4731 4644 4732
f 4732 4644 4648
f 4732 4648 4733
f 4733 4648 4647
f 4733 4647 4734
f 4734 4647 4675
f 4734 4675 4735
f 4735 4675 4671
f 4735 4671 4670
f 4670 4671 4672
f 4670 4672 2447
f 2447 4672 2448
f 4723 4697 4724
f 4724 4697 4655
f 4724 4655 4725
f 4725 4655 4730
f 4725 4730 4726
f 4726 4730 4731
f 4726 4731 4727
f 4727 4731 4732
f 4727 4732 4728
f 4728 4732 4733
f 4728 4733 4729
f 4729 4733 4734
f 4729 4734 4713
f 4713 4734 4735
f 4713 4735 4715
f 4715 4735 4670
f 4715 4670 4717
f 4717 4670 4669
f 4717 4669 4719
f 4719 4669 4667
f 4719 4667 2674
f 2674 4667 2664
f 2664 4667 4650
f 4650 4667 4668
f 4650 4668 4721
f 4721 4668 4736
f 4721 4736 4664
f 4663 4664 4665
f 4665 4664 4736
f 4665 4736 4666
f 4666 4736 4668
f 4666 4668 4661
f 4661 4668 2391
f 4661 2391 4662
f 4662 2391 2373
f 4662 2373 2372
f 2556 2159 2160
f 2556 2160 2554
f 2554 2160 2158
f 2554 2158 2555
f 2555 2158 2156
f 2555 2156 2557
f 2552 2551 4737
f 4737 2551 2557
f 2156 2155 2557
f 2557 2155 2163
f 2557 2163 4737
f 4737 2163 2153
f 4737 2153 2552
f 2552 2153 2152
f 2552 2152 2553
f 2553 2152 2173
f 2553 2173 2558
f 2426 2430 4660
f 2424 2423 4738
f 4738 4739 4740
f 4740 4739 4660
f 4740 4660 4683
f 4738 2423 4739
f 4739 2423 2428
f 4739 2428 4660
f 4660 2428 2427
f 4660 2427 2426
f 4741 2540 4742
f 4742 2540 2544
f 4742 2544 2543
f 2779 4521 2778
f 2778 4521 4517
f 2774 2775 4515
f 4515 2775 2776
f 4515 2776 4517
f 4517 2776 2777
f 4517 2777 2778
f 2791 2796 4743
f 4743 4525 2791
f 2791 4525 4518
f 2791 4518 2780
f 2780 4518 4519
f 2780 4519 2779
f 2779 4519 4520
f 2779 4520 4521
f 2668 2667 4663
f 2394 2393 4744
f 4744 2393 4745
f 4746 2703 2705
f 2514 4746 2513
f 2513 4746 2705
f 2513 2705 2393
f 2393 2705 2125
f 2393 2125 4745
f 4745 2125 2124
f 2668 4663 2080
f 2406 2394 4663
f 4663 2394 4744
f 4663 4744 2080
f 2080 4744 4745
f 2080 4745 2081
f 2081 4745 4747
f 2081 4747 2099
f 2099 4747 2100
f 2100 4747 4748
f 2100 4748 2102
f 2102 4748 4749
f 2102 4749 2104
f 2104 4749 2105
f 2105 4749 4750
f 2105 4750 2096
f 2096 4750 2098
f 2098 4750 4751
f 2098 4751 2094
f 2130 2129 4752
f 4752 2129 2128
f 4752 2128 4753
f 4753 2128 2132
f 4753 2132 4754
f 4754 2132 2131
f 4754 2131 2690
f 2124 2123 4745
f 4745 2123 2127
f 4745 2127 4747
f 4747 2127 2126
f 4747 2126 4748
f 2126 2130 4748
f 4748 2130 4752
f 4748 4752 4749
f 4749 4752 4753
f 4749 4753 4750
f 4750 4753 4754
f 4750 4754 4751
f 4751 4754 2690
f 4751 2690 2094
f 4738 2425 2424
f 4755 4741 2545
f 2545 4741 4742
f 2545 4742 2543
f 4755 2545 4756
f 4756 2545 2546
f 4756 2546 4757
f 4738 4740 2425
f 2425 4740 4683
f 2425 4683 4682
f 2546 2425 4757
f 4757 2425 4682
f 4757 4682 4758
f 4758 4682 4681
f 4681 4680 4758
f 4758 4680 4679
f 4758 4679 4678
f 2860 2859 4530
f 2866 2865 4530
f 4530 2865 2864
f 4530 2864 2860
f 2860 2864 4531
f 2860 4531 2861
f 2266 2362 4562
f 2166 2174 4640
f 4640 2174 2495
f 4640 2495 2550
f 2232 2231 4562
f 4562 2231 2263
f 4557 2490 4556
f 4556 2490 2488
f 4556 2488 4555
f 4555 2488 2499
f 4555 2499 4554
f 4554 2499 2498
f 4554 2498 4558
f 4558 2498 2496
f 4558 2496 4559
f 4559 2496 2495
f 4559 2495 4562
f 4562 2495 2174
f 4562 2174 2232
f 4584 2512 4574
f 4574 2512 2509
f 4574 2509 4576
f 4576 2509 4577
f 2509 2508 4577
f 4577 2508 2505
f 4577 2505 4566
f 4566 2505 2485
f 4566 2485 4568
f 4568 2485 2484
f 4568 2484 4569
f 4569 2484 2504
f 4569 2504 4570
f 4570 2504 2503
f 4570 2503 4571
f 4571 2503 2502
f 4571 2502 4572
f 4572 2502 2494
f 4572 2494 4557
f 4557 2494 2492
f 4557 2492 2490
f 2704 4584 4583
f 2704 4583 2716
f 4746 2514 2510
f 2703 4746 2704
f 2704 4746 2510
f 2704 2510 4584
f 4584 2510 2511
f 4584 2511 2512
f 4583 4581 2716
f 2716 4581 4579
f 2716 4579 2717
f 2717 4579 4578
f 2717 4578 2718
f 2325 2327 4595
f 4595 2327 2719
f 4595 2719 4596
f 4596 2719 2722
f 4596 2722 4540
f 4540 2722 2721
f 4540 2721 4541
f 4541 2721 2720
f 4541 2720 4585
f 4585 2720 2723
f 4585 2723 4586
f 4586 2723 2724
f 4586 2724 4588
f 4588 2724 2725
f 4588 2725 4589
f 4589 2725 2726
f 4589 2726 4590
f 4590 2726 2727
f 4590 2727 4591
f 4591 2727 2728
f 4591 2728 4593
f 4593 2728 2718
f 4593 2718 4594
f 4594 2718 4578
f 2267 2266 2241
f 2241 2266 4562
f 2241 4562 2239
f 2239 4562 2263
f 2161 4755 4524
f 4523 4759 4524
f 4524 4759 2797
f 4524 2797 2161
f 2540 4741 2535
f 2535 4741 4755
f 2535 4755 2536
f 2536 4755 2161
f 2536 2161 2556
f 2556 2161 2159
f 4760 1900 1893
f 3069 3071 4761
f 4762 4763 4764
f 3174 3069 3176
f 3176 3069 4761
f 3176 4761 3178
f 3178 4761 4765
f 3178 4765 3181
f 3181 4765 4766
f 3181 4766 3186
f 3186 4766 4767
f 3186 4767 3184
f 3184 4767 4764
f 3184 4764 4768
f 4768 4764 4763
f 4769 4770 4771
f 4771 4770 4772
f 4771 4772 4764
f 4764 4772 4773
f 4764 4773 4762
f 4774 4775 4776
f 4776 4775 4777
f 4776 4777 4771
f 4771 4777 4778
f 4771 4778 4769
f 4774 4776 4779
f 4779 4776 4780
f 4779 4780 4781
f 4782 4783 4784
f 4784 4785 4782
f 4782 4785 4786
f 4782 4786 4780
f 4780 4786 4787
f 4780 4787 4781
f 4783 4782 4788
f 4788 4782 4789
f 4788 4789 4790
f 4791 4792 4793
f 4793 4792 4794
f 4793 4794 4789
f 4789 4794 4795
f 4789 4795 4790
f 4796 4797 4798
f 4798 4797 4799
f 4798 4799 4793
f 4793 4799 4800
f 4793 4800 4791
f 4796 4798 4801
f 4801 4798 4802
f 4801 4802 4803
f 4804 4805 4802
f 4802 4805 4806
f 4802 4806 4803
f 4807 4808 4804
f 4804 4808 4809
f 4809 4810 4804
f 4804 4810 4811
f 4804 4811 4805
f 4807 2579 4808
f 4808 2579 2578
f 4808 2578 4812
f 4812 2578 4813
f 1898 1899 4814
f 4813 2578 4814
f 4814 2578 2577
f 4814 2577 1898
f 1900 4760 1899
f 1899 4760 4815
f 1899 4815 4814
f 3139 3160 3202
f 3202 1894 1895
f 1895 1896 4816
f 4816 1896 1897
f 1897 2564 4816
f 4816 2564 2567
f 4816 2567 2566
f 1895 4816 3202
f 3202 4816 3140
f 3202 3140 3139
f 1706 1705 3168
f 1706 3168 1707
f 3167 1704 3168
f 3168 1704 1703
f 3168 1703 1707
f 1701 1700 3167
f 3167 1700 1699
f 3167 1699 1704
f 1693 4817 1691
f 1691 4817 1689
f 1693 1697 4817
f 4817 1697 1696
f 4817 1696 3167
f 3167 1696 1695
f 3167 1695 1701
f 1705 1687 3168
f 3168 1687 1686
f 3168 1686 1708
f 1708 1684 3168
f 3168 1684 1683
f 3168 1683 1715
f 1715 1714 3168
f 3168 1714 1713
f 3168 1713 1711
f 1711 1710 3168
f 3168 1710 1718
f 3168 1718 1717
f 1802 2575 3144
f 3073 4761 3071
f 4708 4709 4771
f 4720 542 541
f 541 547 4720
f 4720 547 546
f 4720 546 4718
f 4718 546 545
f 4718 545 4716
f 4716 545 544
f 4716 544 548
f 548 549 4716
f 4716 549 553
f 4716 553 4714
f 4714 553 552
f 4714 552 4712
f 33 42 4771
f 552 551 4712
f 4712 551 550
f 4712 550 4711
f 4711 550 554
f 4711 554 4709
f 4709 554 2628
f 4709 2628 4771
f 4771 2628 34
f 4771 34 33
f 37 4776 39
f 39 4776 4771
f 39 4771 41
f 41 4771 42
f 4708 4771 4706
f 4706 4771 4764
f 4706 4764 4704
f 4704 4764 4767
f 4704 4767 4702
f 3122 3121 4766
f 4702 4767 4700
f 4700 4767 4766
f 4700 4766 4651
f 4651 4766 3121
f 4651 3121 3120
f 4761 3073 4765
f 3073 3075 4765
f 4765 3075 3079
f 4765 3079 3097
f 3097 3079 3077
f 3097 3077 3076
f 3076 3085 3097
f 3097 3085 3084
f 3097 3084 3083
f 3097 3119 4765
f 4765 3119 3118
f 4765 3118 4766
f 4766 3118 3123
f 4766 3123 3122
f 4804 2576 4807
f 4807 2576 2580
f 4807 2580 2579
f 4802 3144 4804
f 4804 3144 2575
f 4804 2575 2576
f 3153 84 90
f 1806 1805 1434
f 93 1804 4818
f 4818 1804 1806
f 1806 1434 4818
f 4818 1434 1433
f 4818 1433 93
f 1802 3144 1492
f 1492 3144 3153
f 1492 3153 1433
f 1433 3153 90
f 1433 90 93
f 3145 88 3143
f 3143 88 74
f 84 3153 83
f 83 3153 3154
f 83 3154 82
f 82 3154 3156
f 82 3156 80
f 80 3156 3158
f 80 3158 81
f 81 3158 3157
f 81 3157 71
f 71 3157 3155
f 71 3155 69
f 69 3155 3152
f 69 3152 67
f 67 3152 3151
f 67 3151 74
f 74 3151 3150
f 74 3150 3143
f 4782 4780 86
f 37 36 4776
f 4776 36 186
f 4776 186 4780
f 4780 186 87
f 4780 87 86
f 86 88 4782
f 4782 88 3145
f 4782 3145 4789
f 4789 3145 3149
f 4789 3149 4793
f 4793 3149 3148
f 4793 3148 4798
f 4798 3148 3147
f 4798 3147 4802
f 4802 3147 3146
f 4802 3146 3144
f 3134 3129 2570
f 2570 3129 2573
f 2573 3129 3127
f 2573 3127 2574
f 2566 2565 4816
f 4816 2565 2563
f 4816 2563 2574
f 3127 3126 2574
f 2574 3126 3133
f 2574 3133 4816
f 4816 3133 3142
f 4816 3142 3140
f 2569 3124 2570
f 2570 3124 3103
f 2570 3103 3134
f 3134 3103 3102
f 3134 3102 3125
f 3125 3102 3092
f 1628 1689 4817
f 3579 3578 1800
f 1800 3578 3576
f 1800 3576 1797
f 1797 3576 3575
f 1797 3575 1798
f 1798 3575 3584
f 1798 3584 1893
f 1893 3584 4760
f 4760 3584 3583
f 4760 3583 4815
f 3583 3585 4815
f 4815 3585 3573
f 4815 3573 4814
f 4814 3573 3572
f 4814 3572 4813
f 4813 3572 3650
f 4813 3650 4812
f 4812 3650 3651
f 4812 3651 4808
f 4808 3651 3652
f 4808 3652 4809
f 4800 4799 4819
f 4820 4785 4821
f 4821 4785 4784
f 4821 4784 4822
f 4822 4784 4783
f 4822 4783 4823
f 4823 4783 4788
f 4823 4788 4824
f 4824 4788 4790
f 4824 4790 4825
f 4825 4790 4795
f 4825 4795 4826
f 4826 4795 4794
f 4826 4794 4792
f 4800 4819 4791
f 4799 4797 4819
f 4819 4797 4796
f 4819 4796 4827
f 4827 4796 4801
f 4827 4801 4828
f 4829 4811 3652
f 3652 4811 4810
f 3652 4810 4809
f 4801 4803 4828
f 4828 4803 4806
f 4828 4806 4830
f 4830 4806 4805
f 4830 4805 4831
f 4831 4805 4811
f 4831 4811 4832
f 4832 4811 4829
f 4779 4781 3666
f 3666 4781 3667
f 3667 4781 4787
f 3667 4787 4820
f 4820 4787 4786
f 4820 4786 4785
f 4770 4769 3677
f 3677 4769 4778
f 3677 4778 3663
f 3663 4778 4777
f 3663 4777 3664
f 3664 4777 4775
f 3664 4775 3673
f 3673 4775 4774
f 3673 4774 3671
f 3671 4774 4779
f 3671 4779 3669
f 3669 4779 3666
f 3678 3681 3261
f 3261 3681 3793
f 3261 3793 3262
f 3261 3265 3678
f 3678 3265 3264
f 3678 3264 3679
f 3264 3266 3679
f 3679 3266 4763
f 3679 4763 3682
f 3682 4763 4762
f 3682 4762 3683
f 3683 4762 4773
f 3683 4773 3684
f 3684 4773 4772
f 3684 4772 3674
f 3674 4772 4770
f 3674 4770 3675
f 3675 4770 3677
f 3266 3268 4763
f 4763 3268 3185
f 4763 3185 4768
f 4768 3185 3184
f 4833 4819 4834
f 4834 4819 4835
f 4792 4791 4826
f 4826 4791 4819
f 4826 4819 4836
f 4836 4819 4833
f 3579 1800 3580
f 3580 1800 1626
f 3580 1626 3581
f 4817 3167 3166
f 3166 3368 4817
f 4817 3368 3581
f 4817 3581 1628
f 1628 3581 1626
f 3368 3370 3581
f 3581 3370 3372
f 3581 3372 3653
f 3653 3372 3374
f 3653 3374 3411
f 3411 3374 3376
f 3411 3376 3412
f 3412 3376 3378
f 2528 4516 2529
f 2529 4516 4695
f 2529 4695 2417
f 2417 4695 4696
f 2417 4696 2454
f 2454 4696 4659
f 4659 4657 2454
f 2454 4657 4656
f 2454 4656 2455
f 2455 4656 4654
f 2455 4654 2457
f 2457 4654 2459
f 4654 4653 2459
f 2459 4653 4697
f 2459 4697 2461
f 2461 4697 4723
f 2461 4723 2463
f 2463 4723 4699
f 2463 4699 2464
f 2464 4699 4652
f 2464 4652 2637
f 2637 4652 3120
f 2637 3120 2631
f 3929 4253 4693
f 4516 4514 4695
f 4695 4514 3932
f 4695 3932 4693
f 4693 3932 3930
f 4693 3930 3929
f 3952 3953 4685
f 4253 3949 4693
f 4693 3949 3952
f 4693 3952 4691
f 4691 3952 4685
f 3953 3928 4685
f 4685 3928 3927
f 4685 3927 3958
f 4688 4687 3958
f 3958 4687 4686
f 3958 4686 4685
f 3955 4677 3960
f 3960 4677 4690
f 3960 4690 3958
f 3958 4690 4689
f 3958 4689 4688
f 3966 3965 4755
f 4755 4756 3966
f 3966 4756 4757
f 3966 4757 4758
f 3955 3954 4677
f 4677 3954 3966
f 4677 3966 4678
f 4678 3966 4758
f 3965 3968 4755
f 4755 3968 3973
f 4755 3973 4524
f 3973 3974 4524
f 4524 3974 3972
f 4524 3972 4522
f 4522 3972 3971
f 4548 633 4150
f 4150 633 632
f 4150 632 4837
f 4837 632 670
f 4837 670 4838
f 4838 670 637
f 4839 4389 4547
f 4389 4839 4390
f 4388 4387 4839
f 4839 4387 4438
f 4839 4438 4390
f 4383 4421 4839
f 4839 4421 4414
f 4839 4414 4388
f 4548 4150 4547
f 4547 4150 4152
f 4547 4152 4839
f 4839 4152 4154
f 4839 4154 4383
f 4186 2952 2955
f 4560 4561 2953
f 2953 4561 2954
f 2954 4561 4563
f 2954 4563 2955
f 2744 4186 2743
f 2743 4186 2955
f 2743 2955 4564
f 4564 2955 4563
f 2953 2957 4560
f 4560 2957 2959
f 4560 2959 4553
f 4553 2959 2960
f 4553 2960 4543
f 4543 2960 2962
f 4543 2962 4544
f 4544 2962 2963
f 4544 2963 2920
f 2798 2797 4840
f 4840 2797 4759
f 4525 4743 4526
f 4526 4743 2796
f 4526 2796 4527
f 4527 2796 2805
f 4527 2805 4529
f 4529 2805 2804
f 4529 2804 4528
f 4528 2804 2803
f 4528 2803 2799
f 4523 4528 4759
f 4759 4528 2799
f 4759 2799 4840
f 4840 2799 2798
f 4841 4842 4843
f 3570 3569 4844
f 4845 4022 4021
f 4846 4094 4088
f 4843 4842 4847
f 4848 3506 3484
f 3567 3566 4849
f 4849 3566 3603
f 4850 4851 4852
f 4852 4851 4853
f 4852 4853 4854
f 4855 4856 4850
f 4850 4856 4857
f 4850 4857 4851
f 4851 4857 4027
f 4086 4094 4858
f 4858 4094 4846
f 4858 4846 4859
f 4860 4855 4841
f 4841 4855 4850
f 4841 4850 4842
f 4842 4850 4852
f 4842 4852 4847
f 4847 4852 4854
f 3625 3624 4050
f 4050 3624 4861
f 4050 4861 4051
f 4051 4861 4090
f 4089 4090 4862
f 4862 4090 4861
f 4862 4861 4844
f 4844 4861 3624
f 4844 3624 3570
f 4088 4089 4863
f 4863 4089 4862
f 4863 4862 4864
f 4864 4862 4844
f 4864 4844 4849
f 4849 4844 3569
f 4849 3569 3567
f 4848 3484 4865
f 4865 3484 3393
f 4865 3393 4026
f 3496 4855 3495
f 3495 4855 4860
f 3495 4860 3493
f 3496 3506 4855
f 4855 3506 4848
f 4855 4848 4856
f 4856 4848 4865
f 4856 4865 4857
f 4857 4865 4026
f 4857 4026 4027
f 4021 4086 4845
f 4845 4086 4858
f 4845 4858 4022
f 4022 4858 4859
f 4022 4859 4035
f 4035 4859 4866
f 4035 4866 4033
f 4033 4866 4028
f 3438 3437 3603
f 3603 3437 3493
f 3603 3493 4849
f 4849 3493 4860
f 4849 4860 4864
f 4864 4860 4841
f 4864 4841 4863
f 4863 4841 4843
f 4863 4843 4088
f 4088 4843 4847
f 4088 4847 4846
f 4846 4847 4854
f 4846 4854 4859
f 4859 4854 4853
f 4859 4853 4866
f 4866 4853 4851
f 4866 4851 4028
f 4028 4851 4027
f 4867 3591 3593
f 4868 4869 4870
f 4871 4872 4873
f 4874 4875 4876
f 3015 4877 4878
f 4877 3015 3014
f 3008 4048 4120
f 3000 4879 4880
f 734 4881 789
f 4220 4882 4218
f 4140 4883 4884
f 4151 4885 4153
f 4826 4836 4886
f 4829 3652 4887
f 4829 4887 4832
f 4832 4887 4888
f 4832 4888 4831
f 4831 4888 4889
f 4831 4889 4830
f 4830 4889 4890
f 4830 4890 4828
f 4835 4819 4891
f 4892 4821 4893
f 4893 4821 4822
f 4893 4822 4894
f 4894 4822 4823
f 4894 4823 4895
f 4895 4823 4824
f 4895 4824 4886
f 4886 4824 4825
f 4886 4825 4826
f 637 639 4896
f 4896 639 641
f 4896 641 4897
f 3726 4885 3727
f 3727 4885 4151
f 3727 4151 3728
f 3728 4151 4150
f 3728 4150 3729
f 3729 4150 4837
f 3729 4837 4896
f 4896 4837 4838
f 4896 4838 637
f 4158 4156 4898
f 4898 4156 4153
f 4899 4900 4165
f 4165 4163 4899
f 4899 4163 4161
f 4899 4161 4160
f 4167 4901 4171
f 4171 4901 4170
f 4168 4902 4180
f 4180 4902 4903
f 4180 4903 4178
f 4178 4903 4904
f 4178 4904 4176
f 4176 4904 4174
f 4883 4140 4905
f 4905 4140 4148
f 4905 4148 4149
f 4906 4243 4142
f 4142 4141 4906
f 4906 4141 4144
f 4906 4144 4884
f 4884 4144 4138
f 4884 4138 4140
f 4907 4240 4242
f 4908 4247 4907
f 4907 4247 4246
f 4907 4246 4240
f 4909 4249 4248
f 4220 4222 4910
f 4222 4223 4910
f 4910 4223 4245
f 4910 4245 4911
f 4911 4245 4251
f 4911 4251 4250
f 4218 4882 4215
f 4215 4882 4912
f 4215 4912 4213
f 4913 710 4912
f 4912 710 712
f 4912 712 4213
f 4881 734 4914
f 4913 4915 4914
f 734 736 4914
f 4914 736 738
f 4914 738 4913
f 4913 738 708
f 4913 708 710
f 785 3631 3629
f 2999 2998 4916
f 4916 2998 2997
f 4916 2997 4917
f 4917 2997 2996
f 3002 3001 4918
f 4918 3001 4919
f 4084 4068 3003
f 3003 4068 4073
f 3003 4073 3004
f 3004 4073 3005
f 3005 4073 4072
f 3005 4072 3007
f 3007 4072 4049
f 3007 4049 3006
f 4048 3008 4049
f 4049 3008 622
f 4049 622 3006
f 4122 3010 4120
f 4120 3010 3009
f 4120 3009 3008
f 4123 3012 4122
f 4122 3012 3011
f 4122 3011 3010
f 3018 3017 4878
f 4878 3017 3016
f 4878 3016 3015
f 3767 4920 3766
f 3766 4920 4921
f 3766 4921 3765
f 3696 3698 4874
f 4874 3698 3668
f 4874 3668 4875
f 3668 3667 4892
f 4892 3667 4820
f 4892 4820 4821
f 3767 3696 4920
f 4920 3696 4874
f 4920 4874 4922
f 4922 4874 4876
f 4922 4876 4923
f 3764 3765 4924
f 4924 3765 4921
f 4924 4921 4925
f 4925 4921 4920
f 4925 4920 4926
f 4926 4920 4922
f 4926 4922 4927
f 4927 4922 4923
f 4927 4923 4928
f 4929 4930 4931
f 4931 4930 4932
f 4933 4906 4934
f 4934 4906 4884
f 4934 4884 4935
f 4935 4884 4883
f 4935 4883 4932
f 4932 4883 4905
f 4932 4905 4931
f 4936 4933 4937
f 4937 4933 4934
f 4937 4934 4938
f 4938 4934 4935
f 4938 4935 4939
f 4939 4935 4932
f 4870 4869 4940
f 4940 4869 4941
f 4940 4941 4942
f 4942 4941 4909
f 4942 4909 4908
f 4908 4909 4248
f 4908 4248 4247
f 4943 4944 4945
f 4945 4944 4946
f 4945 4946 4947
f 4947 4946 4948
f 4947 4948 4949
f 4907 4943 4908
f 4908 4943 4945
f 4908 4945 4942
f 4942 4945 4947
f 4942 4947 4940
f 4940 4947 4949
f 4940 4949 4870
f 4950 4868 4951
f 4951 4868 4870
f 4951 4870 4952
f 4952 4870 4949
f 4952 4949 4953
f 4953 4949 4948
f 4953 4948 4954
f 4954 4948 4946
f 4954 4946 4955
f 4955 4946 4944
f 4955 4944 4936
f 4936 4944 4943
f 4936 4943 4933
f 4933 4943 4907
f 4933 4907 4906
f 4906 4907 4242
f 4906 4242 4243
f 4819 4827 4891
f 4891 4827 4956
f 4891 4956 4957
f 4957 4956 4958
f 4957 4958 4959
f 4959 4958 4960
f 4959 4960 4961
f 4961 4960 4962
f 4961 4962 4963
f 4963 4962 4867
f 4963 4867 4964
f 4964 4867 3593
f 4964 3593 3595
f 4965 4966 4967
f 4967 4966 3597
f 4967 3597 3599
f 4968 4965 4969
f 4969 4965 4967
f 4969 4967 4970
f 4970 4967 3599
f 3652 3597 4887
f 4887 3597 4966
f 4887 4966 4888
f 4888 4966 4965
f 4888 4965 4889
f 4889 4965 4968
f 4889 4968 4890
f 3599 3601 4970
f 4970 3601 3602
f 4970 3602 3589
f 4827 4828 4956
f 4956 4828 4890
f 4956 4890 4958
f 4958 4890 4968
f 4958 4968 4960
f 4960 4968 4969
f 4960 4969 4962
f 4962 4969 4970
f 4962 4970 4867
f 4867 4970 3589
f 4867 3589 3591
f 4082 4083 4919
f 4919 4083 4084
f 4919 4084 4918
f 4918 4084 3003
f 4918 3003 3002
f 4080 4082 4880
f 4880 4082 4919
f 4880 4919 3000
f 3000 4919 3001
f 3000 2999 4879
f 4879 2999 4916
f 4879 4916 4880
f 4880 4916 4078
f 4880 4078 4080
f 3644 4078 3564
f 3564 4078 4916
f 3564 4916 3565
f 3565 4916 4917
f 3565 4917 3629
f 3629 4917 2996
f 3629 2996 785
f 785 787 3631
f 3631 787 789
f 3631 789 3645
f 3645 789 4881
f 3645 4881 3637
f 3637 4881 4914
f 4220 4910 4882
f 4882 4910 4971
f 4882 4971 4912
f 4912 4971 4972
f 4912 4972 4913
f 4913 4972 4973
f 4913 4973 4915
f 4915 4973 3640
f 4915 3640 4914
f 4914 3640 3638
f 4914 3638 3637
f 4101 3711 4897
f 4897 3711 3712
f 4897 3712 3713
f 3713 3714 4897
f 4897 3714 3710
f 4897 3710 4896
f 4896 3710 3709
f 4896 3709 3729
f 4127 4101 4974
f 4974 4101 4897
f 4974 4897 4975
f 4975 4897 641
f 4129 4127 4878
f 4878 4127 4974
f 4878 4974 3018
f 3018 4974 4975
f 3018 4975 3019
f 3019 4975 641
f 4129 4878 4131
f 4131 4878 4877
f 4131 4877 4132
f 4132 4877 3014
f 4132 3014 4123
f 4123 3014 3013
f 4123 3013 3012
f 4153 4885 4898
f 4898 4885 3726
f 4898 3726 4976
f 4976 3726 3761
f 4976 3761 4977
f 3761 3762 4977
f 4977 3762 3763
f 4977 3763 4978
f 4978 3763 3764
f 4978 3764 4979
f 4979 3764 4924
f 4979 4924 4980
f 4980 4924 4925
f 4980 4925 4981
f 4981 4925 4926
f 4981 4926 4982
f 4982 4926 4927
f 4982 4927 4983
f 4983 4927 4928
f 4983 4928 4984
f 4872 4871 4985
f 4985 4871 4986
f 4985 4986 4987
f 4987 4986 4988
f 4987 4988 4989
f 4989 4988 4990
f 4989 4990 4991
f 4991 4990 4992
f 4991 4992 4993
f 4993 4992 4994
f 4993 4994 4995
f 4995 4994 4901
f 4995 4901 4900
f 4900 4901 4167
f 4900 4167 4165
f 4158 4898 4160
f 4160 4898 4976
f 4160 4976 4899
f 4899 4976 4977
f 4899 4977 4900
f 4900 4977 4978
f 4900 4978 4995
f 4995 4978 4979
f 4995 4979 4993
f 4993 4979 4980
f 4993 4980 4991
f 4991 4980 4981
f 4991 4981 4989
f 4989 4981 4982
f 4989 4982 4987
f 4987 4982 4983
f 4987 4983 4985
f 4985 4983 4984
f 4985 4984 4872
f 4903 4929 4904
f 4904 4929 4931
f 4904 4931 4174
f 4174 4931 4905
f 4174 4905 4172
f 4172 4905 4149
f 4996 4950 4997
f 4997 4950 4951
f 4997 4951 4998
f 4998 4951 4952
f 4998 4952 4999
f 4999 4952 4953
f 4999 4953 5000
f 5000 4953 4954
f 5000 4954 5001
f 5001 4954 4955
f 5001 4955 5002
f 5002 4955 4936
f 5002 4936 5003
f 5003 4936 4937
f 5003 4937 4873
f 4873 4937 4938
f 4873 4938 4871
f 4871 4938 4939
f 4871 4939 4986
f 4986 4939 4932
f 4986 4932 4988
f 4988 4932 4930
f 4988 4930 4990
f 4990 4930 4929
f 4990 4929 4992
f 4992 4929 4903
f 4992 4903 4994
f 4994 4903 4902
f 4994 4902 4901
f 4901 4902 4168
f 4901 4168 4170
f 3668 4892 4875
f 4875 4892 4893
f 4875 4893 4876
f 4876 4893 4894
f 4876 4894 4923
f 4923 4894 4895
f 4923 4895 4928
f 4928 4895 4886
f 4928 4886 4984
f 4984 4886 4836
f 4984 4836 4872
f 4872 4836 4833
f 4872 4833 4873
f 4873 4833 4834
f 4873 4834 5003
f 5003 4834 4835
f 5003 4835 5002
f 5002 4835 4891
f 5002 4891 5001
f 5001 4891 4957
f 5001 4957 5000
f 5000 4957 4959
f 5000 4959 4999
f 4999 4959 4961
f 4999 4961 4998
f 4998 4961 4963
f 4998 4963 4997
f 4997 4963 4964
f 4997 4964 4996
f 4996 4964 3595
f 4996 3595 3641
f 4249 4909 4250
f 4250 4909 4941
f 4250 4941 4911
f 4911 4941 4869
f 4911 4869 4910
f 4910 4869 4868
f 4910 4868 4971
f 4971 4868 4950
f 4971 4950 4972
f 4972 4950 4996
f 4972 4996 4973
f 4973 4996 3641
f 4973 3641 3640

