# https://github.com/mikedh/trimesh
v -0.00324018 -0.00848609 -0.02715610
v -0.00324018 -0.00847281 -0.02668279
v -0.00357926 -0.00838483 -0.02749324
v -0.00324018 -0.00845953 -0.02749324
v -0.00357926 -0.00836158 -0.02668279
v -0.00324018 -0.00841969 -0.02505864
v -0.00357926 -0.00831178 -0.02505864
v -0.00402905 -0.00813581 -0.02505864
v -0.00407948 -0.00816071 -0.02668279
v -0.00410325 -0.00817233 -0.02749324
v -0.00411426 -0.00817565 -0.02830694
v -0.00407079 -0.00815241 -0.02876404
v -0.00324018 -0.00837985 -0.02800221
v -0.00398674 -0.00811589 -0.02381702
v -0.00324018 -0.00839147 -0.02424818
v -0.00357926 -0.00828522 -0.02424818
v -0.00443480 -0.00792663 -0.02505864
v -0.00448522 -0.00795153 -0.02668279
v -0.00450899 -0.00796150 -0.02749324
v -0.00452000 -0.00797312 -0.02830694
v -0.00560101 -0.00729745 -0.02911740
v -0.00506543 -0.00736551 -0.02956801
v -0.00383604 -0.00815241 -0.02876404
v -0.00324018 -0.00827194 -0.02826804
v -0.00364592 -0.00823209 -0.02350256
v -0.00392762 -0.00809265 -0.02262403
v -0.00439074 -0.00773406 -0.01937897
v -0.00439074 -0.00776892 -0.02019267
v -0.00439074 -0.00780212 -0.02100312
v -0.00439074 -0.00786355 -0.02262403
v -0.00440755 -0.00791335 -0.02424818
v -0.00324018 -0.00832838 -0.02262403
v -0.00347840 -0.00822545 -0.02181358
v -0.00352188 -0.00824372 -0.02262403
v -0.00503298 -0.00746512 -0.02181358
v -0.00505500 -0.00748006 -0.02262403
v -0.00486894 -0.00735721 -0.01613391
v -0.00509500 -0.00750828 -0.02424818
v -0.00513325 -0.00753318 -0.02587234
v -0.00515064 -0.00754480 -0.02668279
v -0.00516745 -0.00755643 -0.02749324
v -0.00518310 -0.00756639 -0.02830694
v -0.00601371 -0.00692558 -0.02911740
v -0.00644496 -0.00651885 -0.02962312
v -0.00601371 -0.00671474 -0.02975279
v -0.00558884 -0.00728749 -0.02830694
v -0.00471882 -0.00736551 -0.02956801
v -0.00665073 -0.00586310 -0.03041088
v -0.00324018 -0.00770252 -0.02865382
v -0.00324018 -0.00776062 -0.02861491
v -0.00388415 -0.00807604 -0.02181358
v -0.00480170 -0.00730741 -0.01404294
v -0.00481909 -0.00731903 -0.01451300
v -0.00484575 -0.00733895 -0.01532345
v -0.00324018 -0.00826198 -0.02100312
v -0.00343319 -0.00820719 -0.02100312
v -0.00383893 -0.00805944 -0.02100312
v -0.00653074 -0.00578342 -0.00477457
v -0.00552045 -0.00723602 -0.02505864
v -0.00651567 -0.00576017 -0.00396412
v -0.00553899 -0.00725096 -0.02587234
v -0.00555638 -0.00726424 -0.02668279
v -0.00557319 -0.00727587 -0.02749324
v -0.00645133 -0.00652549 -0.02911740
v -0.00719036 -0.00564895 -0.02992785
v -0.00672724 -0.00611378 -0.02990840
v -0.00627107 -0.00586310 -0.03041088
v -0.00619803 -0.00527376 -0.03044978
v -0.00467766 -0.00689736 -0.02959394
v -0.00739903 -0.00511937 -0.03051786
v -0.00812937 -0.00342604 -0.03120189
v -0.00324018 -0.00689736 -0.02866354
v -0.00427192 -0.00689736 -0.02934757
v -0.00363954 -0.00689736 -0.02893910
v -0.00439074 -0.00755145 -0.01532345
v -0.00439074 -0.00750994 -0.01451300
v -0.00445508 -0.00743690 -0.01374469
v -0.00476866 -0.00728915 -0.01350155
v -0.00324018 -0.00822711 -0.02019267
v -0.00338219 -0.00818727 -0.02019267
v -0.00378793 -0.00804284 -0.02019267
v -0.00723615 -0.00487699 -0.00269657
v -0.00720311 -0.00564231 -0.02911740
v -0.00682983 -0.00608556 -0.02911740
v -0.00647336 -0.00572033 -0.00343246
v -0.00472403 -0.00726756 -0.01289209
v -0.00465969 -0.00723934 -0.01207839
v -0.00458840 -0.00720946 -0.01126794
v -0.00450667 -0.00717792 -0.01045748
v -0.00410093 -0.00734393 -0.01045748
v -0.00403253 -0.00731903 -0.00988692
v -0.00748192 -0.00524388 -0.02992785
v -0.00790621 -0.00342604 -0.03120189
v -0.00682462 -0.00446196 -0.03074479
v -0.00619861 0.00527465 -0.03044978
v -0.00520223 0.00608479 -0.02990192
v -0.00520223 -0.00608556 -0.02990192
v -0.00783375 -0.00284002 -0.03123755
v -0.00742801 -0.00284002 -0.03105600
v -0.00467824 0.00689659 -0.02959394
v -0.00808763 -0.00414322 -0.03049841
v -0.00822037 -0.00367838 -0.03075776
v -0.00889622 -0.00179580 -0.03120189
v -0.00894896 -0.00121642 -0.03126672
v -0.00825225 -0.00284002 -0.03123755
v -0.00844758 -0.00121642 -0.03136398
v -0.00324018 0.00689659 -0.02866030
v -0.00364128 0.00689659 -0.02893910
v -0.00427250 0.00689659 -0.02934432
v -0.00372707 -0.00802458 -0.01937897
v -0.00357926 -0.00794323 -0.01694436
v -0.00357926 -0.00780378 -0.01451300
v -0.00431829 -0.00743856 -0.01289209
v -0.00324018 -0.00814577 -0.01856852
v -0.00332132 -0.00816403 -0.01937897
v -0.00711501 -0.00483217 -0.00215518
v -0.00743091 -0.00452172 -0.00239184
v -0.00748482 -0.00446196 -0.00315366
v -0.00788244 -0.00458647 -0.02911740
v -0.00747670 -0.00523558 -0.02911740
v -0.00394443 -0.00729247 -0.00934554
v -0.00383720 -0.00726424 -0.00883333
v -0.00356651 -0.00723104 -0.00795804
v -0.00357926 -0.00712645 -0.00720918
v -0.00357926 -0.00700361 -0.00639872
v -0.00357926 -0.00686914 -0.00558827
v -0.00403369 -0.00651387 -0.00426885
v -0.00376010 -0.00645078 -0.00372747
v -0.00352535 -0.00635948 -0.00321526
v -0.00357926 -0.00609386 -0.00233997
v -0.00410730 -0.00574689 -0.00175968
v -0.00376242 -0.00563899 -0.00121830
v -0.00425395 -0.00740701 -0.01207839
v -0.00418266 -0.00737547 -0.01126794
v -0.00357926 -0.00775232 -0.01370254
v -0.00357926 -0.00769256 -0.01289209
v -0.00357926 -0.00762615 -0.01207839
v -0.00357926 -0.00749334 -0.01045748
v -0.00363606 -0.00740369 -0.00962758
v -0.00788766 -0.00459311 -0.02992785
v -0.00627165 0.00586566 -0.03041088
v -0.00471824 0.00736475 -0.02956801
v -0.00742975 0.00283925 -0.03105600
v -0.00783549 0.00283925 -0.03123755
v -0.00682462 0.00446285 -0.03074479
v -0.00844758 -0.00040462 -0.03140936
v -0.00782912 -0.00202822 -0.03124403
v -0.00782796 -0.00040462 -0.03124403
v -0.00782796 0.00040552 -0.03124403
v -0.00324018 0.00762538 -0.02865706
v -0.00811082 -0.00418804 -0.02992785
v -0.00835716 -0.00365016 -0.02992785
v -0.00878435 -0.00231210 -0.03074155
v -0.00892056 -0.00190537 -0.03074155
v -0.00904866 -0.00121642 -0.03074155
v -0.00899070 -0.00040462 -0.03131211
v -0.00913155 -0.00040462 -0.03074155
v -0.00324018 -0.00811091 -0.01794284
v -0.00325525 -0.00814079 -0.01856852
v -0.00324018 -0.00808434 -0.01749872
v -0.00324018 -0.00804948 -0.01694436
v -0.00657421 -0.00490521 -0.00189260
v -0.00412701 -0.00494339 -0.00022306
v -0.00725180 -0.00407183 -0.00111132
v -0.00736889 -0.00424448 -0.00152951
v -0.00805343 -0.00326667 -0.00110159
v -0.00788244 -0.00369830 -0.00233997
v -0.00808937 -0.00414322 -0.02668279
v -0.00809575 -0.00415650 -0.02749324
v -0.00810792 -0.00418140 -0.02911740
v -0.00343145 -0.00737215 -0.00883333
v -0.00328713 -0.00733231 -0.00818497
v -0.00324018 -0.00732069 -0.00799046
v -0.00324018 -0.00728583 -0.00770842
v -0.00324018 -0.00708163 -0.00641493
v -0.00324018 -0.00720780 -0.00720918
v -0.00324018 -0.00694052 -0.00558827
v -0.00357926 -0.00671640 -0.00477457
v -0.00324018 -0.00650225 -0.00356213
v -0.00324018 -0.00648897 -0.00350702
v -0.00352535 -0.00655371 -0.00398357
v -0.00324018 -0.00638106 -0.00313745
v -0.00324018 -0.00614034 -0.00233997
v -0.00352651 -0.00579836 -0.00150682
v -0.00324018 -0.00569377 -0.00113401
v -0.00324018 -0.00567219 -0.00108862
v -0.00352651 -0.00543977 -0.00079038
v -0.00324018 -0.00784031 -0.01370254
v -0.00324018 -0.00777888 -0.01289209
v -0.00324018 -0.00771248 -0.01207839
v -0.00324018 -0.00757635 -0.01045748
v -0.00324018 -0.00749998 -0.00963730
v -0.00324018 -0.00754480 -0.01011709
v -0.00790737 0.00342860 -0.03120189
v -0.00665478 0.00586566 -0.03041088
v -0.00505906 0.00736475 -0.02956801
v -0.00384879 0.00814832 -0.02876080
v -0.00324018 0.00770839 -0.02863761
v -0.00782854 0.00121566 -0.03124403
v -0.00782970 0.00202746 -0.03124403
v -0.00844758 0.00040552 -0.03141260
v -0.00844758 0.00121566 -0.03136722
v -0.00835252 -0.00365016 -0.02911740
v -0.00867190 -0.00284002 -0.02992785
v -0.00867016 -0.00284002 -0.02911740
v -0.00883130 -0.00233866 -0.02992785
v -0.00892462 -0.00193359 -0.02992785
v -0.00905562 -0.00121642 -0.02992785
v -0.00899186 0.00040552 -0.03131211
v -0.00913908 0.00040552 -0.02992785
v -0.00913271 0.00040552 -0.03074155
v -0.00914372 -0.00040462 -0.02911740
v -0.00357926 -0.00500482 -0.00015174
v -0.00421338 -0.00414488 0.00057119
v -0.00475475 -0.00403863 0.00048042
v -0.00520223 -0.00346755 0.00067168
v -0.00564507 -0.00328825 0.00053877
v -0.00804532 -0.00243993 -0.00031059
v -0.00811430 -0.00276200 -0.00078714
v -0.00833861 -0.00202822 -0.00071906
v -0.00845280 -0.00202822 -0.00152951
v -0.00821689 -0.00284002 -0.00152951
v -0.00805807 -0.00328161 -0.00152951
v -0.00832354 -0.00365016 -0.02668279
v -0.00324018 -0.00741698 -0.00883333
v -0.00324018 -0.00746180 -0.00926449
v -0.00324018 -0.00734061 -0.00816227
v -0.00324018 -0.00678281 -0.00477457
v -0.00324018 -0.00660186 -0.00397709
v -0.00324018 -0.00501146 -0.00014850
v -0.00813110 0.00342860 -0.03120189
v -0.00739961 0.00512192 -0.03051786
v -0.00672956 0.00611633 -0.02990840
v -0.00644438 0.00651808 -0.02962312
v -0.00601371 0.00671232 -0.02975279
v -0.00559406 0.00729502 -0.02911740
v -0.00406383 0.00814832 -0.02876080
v -0.00357868 0.00824793 -0.02835557
v -0.00324018 0.00825457 -0.02824535
v -0.00895186 0.00121566 -0.03126996
v -0.00865277 -0.00284002 -0.02668279
v -0.00883130 -0.00234198 -0.02911740
v -0.00882492 -0.00232538 -0.02668279
v -0.00892984 -0.00193193 -0.02830694
v -0.00892694 -0.00193691 -0.02911740
v -0.00906953 -0.00121642 -0.02749324
v -0.00906547 -0.00121642 -0.02830694
v -0.00916169 -0.00040462 -0.02668279
v -0.00905272 0.00121566 -0.03074155
v -0.00914488 0.00040552 -0.02911740
v -0.00357926 -0.00460639 0.00025349
v -0.00357926 -0.00419966 0.00061009
v -0.00439074 -0.00302263 0.00121631
v -0.00444697 -0.00372155 0.00079163
v -0.00521440 -0.00282176 0.00109960
v -0.00549378 -0.00234198 0.00126818
v -0.00813284 -0.00202822 -0.00023927
v -0.00572158 -0.00180078 0.00137192
v -0.00853743 -0.00121642 -0.00071906
v -0.00857278 -0.00121642 -0.00152951
v -0.00903823 -0.00121642 -0.02424818
v -0.00905446 -0.00121642 -0.02505864
v -0.00891361 -0.00184229 -0.02424818
v -0.00892172 -0.00187383 -0.02505864
v -0.00881971 -0.00230878 -0.02587234
v -0.00864060 -0.00284002 -0.02587234
v -0.00324018 -0.00459477 0.00025673
v -0.00889912 0.00180002 -0.03120513
v -0.00822269 0.00367928 -0.03076100
v -0.00808937 0.00414577 -0.03050489
v -0.00748192 0.00524643 -0.02992785
v -0.00719384 0.00565150 -0.02992785
v -0.00645017 0.00652472 -0.02911740
v -0.00601371 0.00692315 -0.02911740
v -0.00558420 0.00728506 -0.02830694
v -0.00517846 0.00756562 -0.02830694
v -0.00451189 0.00797069 -0.02830694
v -0.00410614 0.00817156 -0.02830694
v -0.00357926 0.00838240 -0.02749324
v -0.00324018 0.00844382 -0.02749324
v -0.00893042 -0.00192031 -0.02668279
v -0.00893158 -0.00192529 -0.02749324
v -0.00892752 -0.00190371 -0.02587234
v -0.00907127 -0.00121642 -0.02668279
v -0.00916111 -0.00040462 -0.02587234
v -0.00916111 0.00040552 -0.02587234
v -0.00916053 0.00040552 -0.02668279
v -0.00915010 0.00040552 -0.02830694
v -0.00892346 0.00189963 -0.03074155
v -0.00905620 0.00121566 -0.02992785
v -0.00324018 -0.00418970 0.00059712
v -0.00357926 -0.00365016 0.00093427
v -0.00357926 -0.00295955 0.00122928
v -0.00439074 -0.00261756 0.00137840
v -0.00495241 -0.00253954 0.00135247
v -0.00521440 -0.00205478 0.00143675
v -0.00627744 -0.00121642 0.00119362
v -0.00638699 -0.00067522 0.00128763
v -0.00826036 -0.00121642 -0.00013229
v -0.00520223 -0.00121642 0.00162154
v -0.00587170 -0.00121642 0.00144324
v -0.00861394 -0.00040462 -0.00071906
v -0.00914836 -0.00040462 -0.02505864
v -0.00906721 -0.00121642 -0.02587234
v -0.00878145 0.00230636 -0.03074155
v -0.00835890 0.00365105 -0.02992785
v -0.00811198 0.00418893 -0.02992785
v -0.00788766 0.00459400 -0.02992785
v -0.00788244 0.00458570 -0.02911740
v -0.00747670 0.00523647 -0.02911740
v -0.00720369 0.00564320 -0.02911740
v -0.00682925 0.00608479 -0.02911740
v -0.00678520 0.00608479 -0.02749324
v -0.00642061 0.00649318 -0.02702966
v -0.00609080 0.00678536 -0.02672818
v -0.00601371 0.00687667 -0.02749324
v -0.00555464 0.00726348 -0.02668279
v -0.00450319 0.00795907 -0.02749324
v -0.00513267 0.00753242 -0.02587234
v -0.00409745 0.00816990 -0.02749324
v -0.00357926 0.00835916 -0.02668279
v -0.00324018 0.00845710 -0.02620948
v -0.00324018 0.00847039 -0.02668279
v -0.00402789 0.00813504 -0.02505864
v -0.00914894 0.00040552 -0.02505864
v -0.00906489 0.00121566 -0.02587234
v -0.00906489 0.00121566 -0.02668279
v -0.00892404 0.00190295 -0.02992785
v -0.00882145 0.00230802 -0.02992785
v -0.00866263 0.00283925 -0.02992785
v -0.00324018 -0.00365016 0.00090185
v -0.00324018 -0.00287322 0.00120334
v -0.00324018 -0.00256112 0.00129735
v -0.00324018 -0.00247479 0.00132329
v -0.00357926 -0.00255282 0.00134922
v -0.00439074 -0.00202822 0.00152752
v -0.00607573 -0.00040462 0.00146917
v -0.00643916 -0.00013402 0.00132653
v -0.00830789 -0.00040462 -0.00009339
v -0.00439074 -0.00121642 0.00164747
v -0.00520223 -0.00040462 0.00170582
v -0.00829050 0.00040552 -0.00010960
v -0.00858496 0.00040552 -0.00071906
v -0.00862263 0.00040552 -0.00152951
v -0.00864872 0.00283925 -0.02668279
v -0.00835252 0.00365105 -0.02911740
v -0.00810734 0.00418063 -0.02911740
v -0.00809575 0.00415573 -0.02749324
v -0.00808937 0.00414245 -0.02668279
v -0.00787375 0.00457408 -0.02830694
v -0.00746801 0.00522319 -0.02830694
v -0.00745873 0.00520991 -0.02749324
v -0.00718283 0.00561498 -0.02749324
v -0.00669594 0.00616282 -0.02672818
v -0.00641192 0.00648322 -0.02648828
v -0.00599458 0.00684513 -0.02587234
v -0.00553841 0.00725020 -0.02587234
v -0.00511296 0.00752080 -0.02505864
v -0.00448001 0.00794911 -0.02668279
v -0.00443364 0.00792587 -0.02505864
v -0.00400181 0.00812176 -0.02424818
v -0.00398674 0.00811512 -0.02381702
v -0.00357926 0.00831101 -0.02505864
v -0.00324018 0.00843054 -0.02539903
v -0.00905272 0.00121566 -0.02505864
v -0.00853395 0.00121566 -0.00152951
v -0.00892520 0.00189797 -0.02587234
v -0.00892520 0.00190295 -0.02668279
v -0.00882029 0.00230802 -0.02668279
v -0.00881855 0.00230470 -0.02587234
v -0.00324018 -0.00202822 0.00140109
v -0.00357926 -0.00202822 0.00145945
v -0.00607631 0.00040718 0.00146917
v -0.00643916 0.00013658 0.00132653
v -0.00439074 -0.00040462 0.00169934
v -0.00357926 -0.00121642 0.00156318
v -0.00439074 0.00040552 0.00169934
v -0.00520223 0.00040552 0.00170258
v -0.00638757 0.00067778 0.00128763
v -0.00820356 0.00121566 -0.00018092
v -0.00844874 0.00121566 -0.00071906
v -0.00863944 0.00283925 -0.02587234
v -0.00833282 0.00365105 -0.02749324
v -0.00832296 0.00365105 -0.02668279
v -0.00785462 0.00454918 -0.02668279
v -0.00830557 0.00365105 -0.02587234
v -0.00807894 0.00412419 -0.02587234
v -0.00744888 0.00519165 -0.02668279
v -0.00736773 0.00427526 -0.00315366
v -0.00710226 0.00468033 -0.00396412
v -0.00716950 0.00559672 -0.02668279
v -0.00640033 0.00647160 -0.02587234
v -0.00707212 0.00468199 -0.00315366
v -0.00597777 0.00682853 -0.02505864
v -0.00551871 0.00723526 -0.02505864
v -0.00505384 0.00747929 -0.02262403
v -0.00440755 0.00791259 -0.02424818
v -0.00503298 0.00746435 -0.02181358
v -0.00439074 0.00786278 -0.02262403
v -0.00439074 0.00783290 -0.02181358
v -0.00439074 0.00780136 -0.02100312
v -0.00439074 0.00776816 -0.02019267
v -0.00396066 0.00810516 -0.02327888
v -0.00357926 0.00828445 -0.02424818
v -0.00324018 0.00839070 -0.02424818
v -0.00889854 0.00179504 -0.02343773
v -0.00890839 0.00183322 -0.02424818
v -0.00891824 0.00186808 -0.02505864
v -0.00835426 0.00202746 -0.00152951
v -0.00880985 0.00227481 -0.02505864
v -0.00814154 0.00268486 -0.00152951
v -0.00324018 -0.00122140 0.00149835
v -0.00587228 0.00121566 0.00144324
v -0.00357926 -0.00040462 0.00159884
v -0.00357926 0.00040552 0.00159884
v -0.00357926 0.00121566 0.00156318
v -0.00439074 0.00121566 0.00164747
v -0.00520223 0.00121566 0.00162154
v -0.00572100 0.00180002 0.00137192
v -0.00627744 0.00121566 0.00119362
v -0.00810676 0.00176184 -0.00025872
v -0.00820588 0.00203078 -0.00070285
v -0.00810850 0.00259024 -0.00096544
v -0.00771435 0.00365105 -0.00233997
v -0.00798678 0.00310487 -0.00233997
v -0.00736425 0.00424040 -0.00233997
v -0.00638294 0.00645334 -0.02505864
v -0.00669652 0.00514516 -0.00396412
v -0.00666638 0.00506050 -0.00315366
v -0.00595691 0.00681026 -0.02424818
v -0.00545958 0.00718379 -0.02262403
v -0.00486952 0.00735644 -0.01613391
v -0.00484517 0.00733984 -0.01532345
v -0.00439074 0.00773329 -0.01937897
v -0.00480170 0.00730664 -0.01403321
v -0.00392704 0.00809188 -0.02262403
v -0.00364592 0.00823133 -0.02350256
v -0.00352130 0.00824295 -0.02262403
v -0.00324018 0.00834090 -0.02292876
v -0.00794794 0.00308993 -0.00152951
v -0.00324018 -0.00040462 0.00153401
v -0.00324018 0.00040552 0.00153401
v -0.00324018 0.00072592 0.00152104
v -0.00324018 0.00122064 0.00149835
v -0.00324018 0.00167219 0.00144648
v -0.00324018 0.00202746 0.00140109
v -0.00357926 0.00202746 0.00145945
v -0.00439074 0.00202746 0.00152752
v -0.00521440 0.00205402 0.00143675
v -0.00549262 0.00234122 0.00126818
v -0.00741236 0.00338709 -0.00101406
v -0.00564565 0.00328749 0.00053877
v -0.00731672 0.00415739 -0.00180831
v -0.00489155 0.00657121 -0.00720918
v -0.00495820 0.00662931 -0.00802288
v -0.00450319 0.00717715 -0.01045748
v -0.00459188 0.00721367 -0.01126794
v -0.00467186 0.00724688 -0.01207839
v -0.00473562 0.00727344 -0.01289209
v -0.00477388 0.00729170 -0.01349183
v -0.00543872 0.00716553 -0.02181358
v -0.00590590 0.00677872 -0.02262403
v -0.00403369 0.00651476 -0.00426885
v -0.00413513 0.00656291 -0.00477457
v -0.00428351 0.00663429 -0.00558827
v -0.00477214 0.00647658 -0.00607454
v -0.00483648 0.00652472 -0.00661593
v -0.00656436 0.00495425 -0.00260904
v -0.00439074 0.00750586 -0.01451300
v -0.00378735 0.00804374 -0.02019267
v -0.00383836 0.00806034 -0.02100312
v -0.00343261 0.00820809 -0.02100312
v -0.00324018 0.00830769 -0.02208589
v -0.00324018 0.00236280 0.00134922
v -0.00357926 0.00255703 0.00134922
v -0.00439074 0.00261514 0.00137516
v -0.00495183 0.00253877 0.00135247
v -0.00521440 0.00282099 0.00109960
v -0.00520223 0.00346844 0.00067168
v -0.00475707 0.00403952 0.00048042
v -0.00466955 0.00479488 -0.00044999
v -0.00439596 0.00509038 -0.00071906
v -0.00439074 0.00694805 -0.00802288
v -0.00439074 0.00704600 -0.00883333
v -0.00409745 0.00734150 -0.01045748
v -0.00433626 0.00715889 -0.00963406
v -0.00402905 0.00731826 -0.00989665
v -0.00418613 0.00737305 -0.01126794
v -0.00426612 0.00740459 -0.01207839
v -0.00432988 0.00743613 -0.01289209
v -0.00445856 0.00743613 -0.01373820
v -0.00375721 0.00645002 -0.00372747
v -0.00352362 0.00655295 -0.00398357
v -0.00357926 0.00671066 -0.00477457
v -0.00357926 0.00686339 -0.00558827
v -0.00357926 0.00699952 -0.00639872
v -0.00410904 0.00574779 -0.00175968
v -0.00357926 0.00712071 -0.00720918
v -0.00439074 0.00683351 -0.00720918
v -0.00445682 0.00667579 -0.00636631
v -0.00366041 0.00800389 -0.01856852
v -0.00372649 0.00802381 -0.01937897
v -0.00338161 0.00818651 -0.02019267
v -0.00324018 0.00826287 -0.02100312
v -0.00324018 0.00827283 -0.02123653
v -0.00324018 0.00248067 0.00132329
v -0.00324018 0.00287744 0.00120334
v -0.00357926 0.00296210 0.00122603
v -0.00439074 0.00302187 0.00121631
v -0.00444813 0.00372244 0.00079163
v -0.00421627 0.00414577 0.00057119
v -0.00412875 0.00494429 -0.00021982
v -0.00376068 0.00563822 -0.00121830
v -0.00383256 0.00726348 -0.00883333
v -0.00394211 0.00729170 -0.00935526
v -0.00357926 0.00768847 -0.01289209
v -0.00357926 0.00774989 -0.01370254
v -0.00363432 0.00740127 -0.00963406
v -0.00357926 0.00748925 -0.01045748
v -0.00357926 0.00762206 -0.01207839
v -0.00357926 0.00779970 -0.01451300
v -0.00357926 0.00794081 -0.01694436
v -0.00352362 0.00635871 -0.00321850
v -0.00324018 0.00648820 -0.00350702
v -0.00324018 0.00649650 -0.00353944
v -0.00357926 0.00609309 -0.00233997
v -0.00324018 0.00659943 -0.00397709
v -0.00324018 0.00666915 -0.00428182
v -0.00324018 0.00677374 -0.00477457
v -0.00324018 0.00684347 -0.00511496
v -0.00324018 0.00693311 -0.00558827
v -0.00324018 0.00699454 -0.00592218
v -0.00324018 0.00707754 -0.00641818
v -0.00324018 0.00726348 -0.00755930
v -0.00356419 0.00723028 -0.00796128
v -0.00351724 0.00800555 -0.01772564
v -0.00325467 0.00814168 -0.01856852
v -0.00332074 0.00816326 -0.01937897
v -0.00324018 0.00822635 -0.02019267
v -0.00324018 0.00324930 0.00107043
v -0.00324018 0.00365105 0.00090185
v -0.00357926 0.00365105 0.00093427
v -0.00357926 0.00420221 0.00061333
v -0.00357926 0.00460894 0.00025349
v -0.00352535 0.00544066 -0.00079038
v -0.00357926 0.00500571 -0.00015174
v -0.00324018 0.00568470 -0.00111456
v -0.00324018 0.00569466 -0.00113725
v -0.00352535 0.00579759 -0.00150358
v -0.00328423 0.00733154 -0.00819145
v -0.00342682 0.00736973 -0.00883333
v -0.00324018 0.00777646 -0.01289209
v -0.00324018 0.00783788 -0.01370254
v -0.00324018 0.00791591 -0.01489553
v -0.00324018 0.00803377 -0.01669799
v -0.00324018 0.00807528 -0.01733338
v -0.00324018 0.00743945 -0.00906350
v -0.00324018 0.00749756 -0.00963730
v -0.00324018 0.00757226 -0.01045748
v -0.00324018 0.00767021 -0.01160509
v -0.00324018 0.00811180 -0.01794609
v -0.00324018 0.00622590 -0.00262200
v -0.00324018 0.00613792 -0.00233997
v -0.00324018 0.00728506 -0.00771490
v -0.00324018 0.00813670 -0.01839670
v -0.00324018 0.00814666 -0.01859121
v -0.00324018 0.00387185 0.00078839
v -0.00324018 0.00419391 0.00060036
v -0.00324018 0.00436325 0.00046745
v -0.00324018 0.00459898 0.00025673
v -0.00324018 0.00477994 0.00008816
v -0.00324018 0.00566976 -0.00108862
v -0.00324018 0.00501069 -0.00014850
v -0.00324018 0.00518003 -0.00038191
v -0.00324018 0.00594866 -0.00181803
v -0.00324018 0.00734814 -0.00824332
v -0.00324018 0.00741455 -0.00883333
v -0.00035521 -0.00895150 -0.02505935
v 0.00013208 -0.00894975 -0.02478639
v 0.00043387 -0.00894624 -0.02417533
v -0.00032890 -0.00894624 -0.02427769
v -0.00084526 -0.00893923 -0.02505935
v -0.00084803 -0.00893923 -0.02562388
v -0.00064038 -0.00893923 -0.02562388
v 0.00291322 -0.00875348 -0.02343709
v 0.00210200 -0.00884635 -0.02343709
v 0.00091977 -0.00892872 -0.02385274
v 0.00103882 -0.00893397 -0.02343709
v 0.00105405 -0.00893397 -0.02287256
v 0.00074119 -0.00893397 -0.02287256
v -0.00077051 -0.00893047 -0.02456616
v -0.00005757 -0.00893397 -0.02370075
v -0.00033167 -0.00874822 -0.02019258
v -0.00059747 -0.00891645 -0.02402334
v -0.00125088 -0.00888666 -0.02505935
v -0.00195551 -0.00879203 -0.02587202
v -0.00195551 -0.00878327 -0.02668470
v 0.00014869 -0.00812085 -0.02953838
v 0.00372583 -0.00861679 -0.02343709
v 0.00291322 -0.00876750 -0.02262442
v 0.00210200 -0.00886037 -0.02262442
v 0.00144444 -0.00890243 -0.02343709
v 0.00131154 -0.00890769 -0.02261201
v 0.00129077 -0.00883058 -0.02100216
v 0.00047955 -0.00879203 -0.02019258
v 0.00047955 -0.00883409 -0.02100216
v -0.00114428 -0.00867462 -0.02019258
v -0.00114428 -0.00882883 -0.02343709
v -0.00108199 -0.00887615 -0.02427769
v -0.00033167 -0.00869915 -0.01937991
v -0.00114428 -0.00862905 -0.01937991
v -0.00195551 -0.00854494 -0.02019258
v -0.00195551 -0.00858174 -0.02100216
v -0.00195551 -0.00865534 -0.02262442
v -0.00195551 -0.00869214 -0.02343709
v -0.00195551 -0.00872719 -0.02424977
v -0.00195551 -0.00876049 -0.02505935
v -0.00276673 -0.00862905 -0.02668470
v -0.00276673 -0.00853968 -0.02424977
v -0.00276673 -0.00856947 -0.02505935
v -0.00276673 -0.00856421 -0.02749428
v -0.00016971 -0.00812085 -0.02953838
v 0.00044356 -0.00777913 -0.02978343
v 0.00129077 -0.00764069 -0.02983306
v 0.00210200 -0.00752678 -0.02974000
v 0.00129077 -0.00798241 -0.02911653
v 0.00453567 -0.00843979 -0.02343709
v 0.00372583 -0.00862555 -0.02262442
v 0.00291322 -0.00872368 -0.02181484
v 0.00210200 -0.00877801 -0.02100216
v 0.00210200 -0.00882007 -0.02181484
v 0.00129077 -0.00878502 -0.02019258
v 0.00047955 -0.00874121 -0.01937991
v -0.00033167 -0.00849938 -0.01613230
v -0.00195551 -0.00849938 -0.01937991
v -0.00033167 -0.00844855 -0.01532272
v -0.00114428 -0.00842227 -0.01613230
v -0.00195551 -0.00835042 -0.01694497
v -0.00195551 -0.00840124 -0.01775765
v -0.00195551 -0.00845031 -0.01856723
v -0.00276673 -0.00835743 -0.02019258
v -0.00276673 -0.00839773 -0.02100216
v -0.00276673 -0.00846958 -0.02262442
v -0.00324018 -0.00839072 -0.02424977
v -0.00324018 -0.00841876 -0.02505935
v -0.00324018 -0.00844680 -0.02587202
v -0.00324018 -0.00847309 -0.02668470
v -0.00324018 -0.00848711 -0.02715618
v -0.00324018 -0.00846082 -0.02749428
v -0.00324018 -0.00826280 -0.02100216
v -0.00324018 -0.00832764 -0.02262442
v -0.00324018 -0.00838021 -0.02800298
v -0.00039674 -0.00778789 -0.02972139
v -0.00324018 -0.00827156 -0.02826974
v 0.00047955 -0.00689766 -0.03015254
v 0.00129077 -0.00689766 -0.03013703
v 0.00210200 -0.00689766 -0.02995403
v 0.00265712 -0.00740411 -0.02962213
v 0.00210200 -0.00776686 -0.02911653
v 0.00508526 -0.00817868 -0.02394889
v 0.00520985 -0.00822600 -0.02343709
v 0.00524169 -0.00822600 -0.02262442
v 0.00453567 -0.00844154 -0.02262442
v 0.00372583 -0.00853092 -0.02100216
v 0.00291322 -0.00867637 -0.02100216
v 0.00210200 -0.00873069 -0.02019258
v 0.00129077 -0.00873420 -0.01937991
v 0.00047955 -0.00868864 -0.01856723
v -0.00276673 -0.00831187 -0.01937991
v -0.00268644 -0.00818920 -0.01694497
v -0.00309344 -0.00809632 -0.01694497
v 0.00047955 -0.00853092 -0.01613230
v -0.00033167 -0.00839423 -0.01451004
v -0.00114428 -0.00836794 -0.01532272
v -0.00164126 -0.00813137 -0.01289089
v -0.00195551 -0.00829785 -0.01613230
v -0.00239019 -0.00812085 -0.01482022
v -0.00257846 -0.00816291 -0.01613230
v -0.00315296 -0.00811034 -0.01743196
v -0.00324018 -0.00813662 -0.01839353
v -0.00324018 -0.00814539 -0.01856723
v -0.00324018 -0.00822600 -0.02019258
v -0.00033167 -0.00689766 -0.02999435
v -0.00324018 -0.00776160 -0.02861714
v -0.00096570 -0.00757059 -0.02964074
v 0.00047955 0.00608603 -0.03014944
v 0.00129077 0.00608603 -0.03014014
v -0.00033167 0.00608603 -0.02999435
v 0.00210200 0.00608603 -0.02996333
v 0.00278310 -0.00608629 -0.02967796
v 0.00275679 -0.00689766 -0.02967486
v 0.00316240 -0.00689766 -0.02928093
v 0.00907493 -0.00345240 -0.02396130
v 0.00844644 -0.00446179 -0.02415051
v 0.00828862 -0.00503484 -0.02398301
v 0.00757845 -0.00594084 -0.02406986
v 0.00736665 -0.00648058 -0.02381862
v 0.00654850 -0.00728845 -0.02380931
v 0.00561546 -0.00804550 -0.02343709
v 0.00564730 -0.00807354 -0.02262442
v 0.00558362 -0.00805251 -0.02181484
v 0.00517801 -0.00819796 -0.02181484
v 0.00453567 -0.00839072 -0.02181484
v 0.00453567 -0.00833815 -0.02100216
v 0.00372583 -0.00847659 -0.02019258
v 0.00291322 -0.00862380 -0.02019258
v 0.00210200 -0.00867637 -0.01937991
v 0.00129077 -0.00868163 -0.01856723
v -0.00298407 -0.00807178 -0.01613230
v -0.00324018 -0.00783871 -0.01370357
v -0.00324018 -0.00787026 -0.01417505
v 0.00047955 -0.00847659 -0.01532272
v 0.00047955 -0.00842052 -0.01451004
v -0.00033167 -0.00833465 -0.01370357
v -0.00114428 -0.00819445 -0.01289089
v -0.00114428 -0.00831011 -0.01451004
v -0.00155543 -0.00811559 -0.01247214
v -0.00204687 -0.00805251 -0.01289089
v -0.00179492 -0.00816116 -0.01370357
v -0.00200119 -0.00817868 -0.01453486
v -0.00220053 -0.00808230 -0.01370357
v -0.00276673 -0.00796138 -0.01370357
v -0.00270305 -0.00803148 -0.01453486
v -0.00286917 -0.00804550 -0.01532272
v -0.00324018 -0.00808580 -0.01750020
v -0.00324018 -0.00811209 -0.01794376
v -0.00108060 -0.00689766 -0.02969968
v -0.00324018 -0.00770378 -0.02865436
v -0.00033167 0.00689740 -0.02998194
v 0.00047955 0.00689740 -0.03011532
v 0.00129077 0.00689740 -0.03006259
v -0.00107230 0.00689740 -0.02969657
v 0.00215045 0.00695173 -0.02977102
v 0.00269173 0.00671866 -0.02962523
v 0.00278448 0.00608603 -0.02967486
v 0.00318871 0.00527466 -0.02943912
v 0.00318871 -0.00608629 -0.02943912
v 0.00365523 -0.00608629 -0.02903278
v 0.00405946 -0.00608629 -0.02861404
v 0.00897387 -0.00399215 -0.02376278
v 0.00917737 -0.00283905 -0.02410088
v 0.00947639 -0.00283905 -0.02343709
v 0.00883405 -0.00445128 -0.02347121
v 0.00811973 -0.00557634 -0.02364802
v 0.00821110 -0.00571302 -0.02310520
v 0.00797853 -0.00622648 -0.02262442
v 0.00745802 -0.00658398 -0.02327890
v 0.00701503 -0.00693621 -0.02354255
v 0.00666202 -0.00738483 -0.02326959
v 0.00623011 -0.00762141 -0.02349913
v 0.00676446 -0.00744792 -0.02262442
v 0.00615812 -0.00781418 -0.02262442
v 0.00615812 -0.00780016 -0.02181484
v 0.00615812 -0.00773357 -0.02100216
v 0.00550056 -0.00801921 -0.02100216
v 0.00501189 -0.00814013 -0.02019258
v 0.00509495 -0.00816992 -0.02100216
v 0.00453567 -0.00828383 -0.02019258
v 0.00372583 -0.00841351 -0.01937991
v 0.00291322 -0.00844154 -0.01775765
v 0.00291322 -0.00850288 -0.01856723
v 0.00291322 -0.00856421 -0.01937991
v 0.00210200 -0.00856421 -0.01775765
v 0.00210200 -0.00862029 -0.01856723
v 0.00129077 -0.00862730 -0.01775765
v -0.00324018 -0.00781418 -0.01336237
v 0.00047955 -0.00835918 -0.01370357
v -0.00033167 -0.00827331 -0.01289089
v 0.00129077 -0.00857122 -0.01694497
v 0.00129077 -0.00851339 -0.01613230
v 0.00129077 -0.00845206 -0.01532272
v -0.00081066 -0.00812260 -0.01157882
v -0.00110552 -0.00813838 -0.01215266
v -0.00195551 -0.00792984 -0.01126864
v -0.00187798 -0.00802447 -0.01215266
v -0.00135193 -0.00809106 -0.01192932
v -0.00114428 -0.00797891 -0.01045596
v -0.00114428 -0.00790180 -0.00964328
v -0.00195551 -0.00777913 -0.00964328
v -0.00276673 -0.00783345 -0.01207821
v -0.00276673 -0.00790180 -0.01289089
v -0.00324018 -0.00689766 -0.02866367
v -0.00324018 0.00689740 -0.02866057
v -0.00033167 0.00750199 -0.02974620
v -0.00095878 0.00742313 -0.02963764
v 0.00047955 0.00750199 -0.02980204
v 0.00129077 0.00744416 -0.02975241
v 0.00191096 0.00737056 -0.02964074
v -0.00324018 0.00762466 -0.02865746
v 0.00319009 0.00608603 -0.02942982
v 0.00350987 0.00662928 -0.02891181
v 0.00363723 0.00608603 -0.02902348
v 0.00904170 0.00040468 -0.02468403
v 0.00904170 -0.00040494 -0.02468403
v 0.00901955 -0.00103756 -0.02466852
v 0.00898910 -0.00157906 -0.02464991
v 0.00892680 -0.00202768 -0.02461889
v 0.00880221 -0.00283905 -0.02450722
v 0.00905555 -0.00417265 -0.02322307
v 0.00917322 -0.00369423 -0.02347121
v 0.00943901 -0.00365042 -0.02262442
v 0.00975326 -0.00390452 -0.02121308
v 0.00983078 -0.00409904 -0.02067027
v 0.00928673 -0.00202768 -0.02421255
v 0.00976295 -0.00121631 -0.02368214
v 0.00969650 -0.00202067 -0.02341538
v 0.00977817 -0.00228704 -0.02291599
v 0.00985293 -0.00258670 -0.02237627
v 0.00970342 -0.00285132 -0.02263682
v 0.00977679 -0.00312820 -0.02210021
v 0.00891850 -0.00471414 -0.02277640
v 0.00837722 -0.00529244 -0.02339987
v 0.00870669 -0.00519781 -0.02255307
v 0.00882021 -0.00538883 -0.02181484
v 0.00828724 -0.00582167 -0.02262442
v 0.00757292 -0.00670139 -0.02262442
v 0.00841321 -0.00598114 -0.02181484
v 0.00810312 -0.00638595 -0.02181484
v 0.00717007 -0.00710795 -0.02262442
v 0.00722129 -0.00719207 -0.02181484
v 0.00681568 -0.00745668 -0.02181484
v 0.00677554 -0.00742339 -0.02100216
v 0.00615812 -0.00765821 -0.02019258
v 0.00541750 -0.00798416 -0.02019258
v 0.00496066 -0.00812085 -0.01971801
v 0.00457305 -0.00820497 -0.01942023
v 0.00415498 -0.00812260 -0.01726446
v 0.00372583 -0.00827506 -0.01775765
v 0.00372583 -0.00834516 -0.01856723
v 0.00291322 -0.00837495 -0.01694497
v 0.00210200 -0.00843804 -0.01613230
v 0.00210200 -0.00850288 -0.01694497
v -0.00324018 -0.00777913 -0.01289089
v 0.00047955 -0.00829434 -0.01289089
v 0.00001857 -0.00811910 -0.01082197
v -0.00033167 -0.00820847 -0.01207821
v 0.00129077 -0.00838722 -0.01451004
v -0.00110552 -0.00806127 -0.01129345
v -0.00052271 -0.00809807 -0.01103910
v -0.00276673 -0.00769151 -0.01045596
v -0.00276673 -0.00761791 -0.00964328
v -0.00276673 -0.00776336 -0.01126864
v -0.00033167 -0.00797365 -0.00964328
v -0.00114428 -0.00781243 -0.00883370
v -0.00195551 -0.00769326 -0.00883370
v -0.00324018 -0.00771254 -0.01207821
v -0.00324018 -0.00757585 -0.01045596
v -0.00324018 0.00825553 -0.02824802
v -0.00324018 0.00770877 -0.02863885
v -0.00276673 0.00853066 -0.02749428
v -0.00195551 0.00873744 -0.02668470
v -0.00063623 0.00893897 -0.02561457
v 0.00372583 0.00862179 -0.02343709
v 0.00508387 0.00818017 -0.02395200
v 0.00654850 0.00728819 -0.02380931
v 0.00898910 0.00157880 -0.02464991
v 0.00901955 0.00103906 -0.02466852
v 0.00736665 0.00648033 -0.02381862
v 0.00757707 0.00594058 -0.02406986
v 0.00828724 0.00503458 -0.02398301
v 0.00844505 0.00446329 -0.02414741
v 0.00907493 0.00345214 -0.02396130
v 0.00880221 0.00283879 -0.02450722
v 0.00892680 0.00202742 -0.02461889
v 0.00917737 0.00283879 -0.02410088
v 0.00951238 0.00032757 -0.02416912
v 0.00951238 -0.00032783 -0.02416912
v 0.00929919 -0.00127239 -0.02432732
v 0.00932826 -0.00446179 -0.02181484
v 0.00900294 -0.00487537 -0.02223358
v 0.00985293 -0.00336303 -0.02155739
v 0.00967435 -0.00363991 -0.02182414
v 0.00991938 -0.00363991 -0.02096494
v 0.00959267 -0.00440572 -0.02096494
v 0.00906662 -0.00498402 -0.02181484
v 0.01035683 -0.00283905 -0.02019258
v 0.01007165 -0.00365042 -0.02019258
v 0.00985708 -0.00414285 -0.02019258
v 0.00962451 -0.00454942 -0.02019258
v 0.00917598 -0.00514349 -0.02100216
v 0.00979755 -0.00054688 -0.02380001
v 0.00987646 -0.00121631 -0.02327580
v 0.00983770 -0.00174554 -0.02313001
v 0.00991245 -0.00202067 -0.02263682
v 0.01013533 -0.00202768 -0.02181484
v 0.01035683 -0.00202768 -0.02100216
v 0.00993184 -0.00285132 -0.02182414
v 0.01016302 -0.00283905 -0.02100216
v 0.00891158 -0.00555005 -0.02100216
v 0.00850596 -0.00604774 -0.02100216
v 0.00814603 -0.00645255 -0.02100216
v 0.00769751 -0.00678551 -0.02181484
v 0.00774042 -0.00677324 -0.02100216
v 0.00718115 -0.00717980 -0.02100216
v 0.00670078 -0.00738308 -0.02019258
v 0.00662187 -0.00733752 -0.01937991
v 0.00615812 -0.00757234 -0.01937991
v 0.00527768 -0.00796313 -0.01942023
v 0.00453567 -0.00786149 -0.01613230
v 0.00446922 -0.00798416 -0.01697599
v 0.00406084 -0.00809632 -0.01672474
v 0.00376459 -0.00819621 -0.01697599
v 0.00354310 -0.00817342 -0.01613230
v 0.00341574 -0.00814188 -0.01546230
v 0.00291322 -0.00830310 -0.01613230
v 0.00210200 -0.00836969 -0.01532272
v 0.00047955 -0.00822600 -0.01207821
v -0.00028461 -0.00806477 -0.01051179
v -0.00028461 -0.00814013 -0.01129345
v 0.00020268 -0.00811910 -0.01082197
v 0.00047955 -0.00798241 -0.00964328
v -0.00033167 -0.00787902 -0.00883370
v 0.00129077 -0.00831888 -0.01370357
v -0.00276673 -0.00753029 -0.00883370
v -0.00324018 -0.00741813 -0.00883370
v -0.00324018 -0.00750049 -0.00963708
v -0.00114428 -0.00770728 -0.00802103
v -0.00195551 -0.00758987 -0.00802103
v -0.00283733 -0.00740586 -0.00795899
v -0.00324018 0.00844479 -0.02749428
v -0.00276673 0.00862704 -0.02668470
v -0.00195551 0.00878476 -0.02587202
v -0.00083004 0.00893897 -0.02561457
v -0.00035244 0.00895124 -0.02506245
v 0.00013347 0.00894949 -0.02479259
v 0.00291322 0.00876023 -0.02343709
v 0.00291322 0.00877249 -0.02262442
v 0.00372583 0.00863230 -0.02262442
v 0.00453567 0.00843778 -0.02343709
v 0.00520569 0.00822574 -0.02343709
v 0.00561130 0.00804173 -0.02343709
v 0.00623011 0.00761940 -0.02349913
v 0.00666064 0.00738458 -0.02326959
v 0.00701364 0.00693596 -0.02354255
v 0.00928673 0.00202742 -0.02421255
v 0.00929919 0.00127213 -0.02432732
v 0.00745940 0.00658372 -0.02327890
v 0.00797853 0.00622623 -0.02262442
v 0.00821110 0.00571277 -0.02310520
v 0.00811835 0.00557432 -0.02364492
v 0.00883267 0.00445102 -0.02347121
v 0.00897387 0.00399189 -0.02376278
v 0.00947639 0.00283879 -0.02343709
v 0.00969650 0.00202041 -0.02341538
v 0.00976295 0.00121605 -0.02368214
v 0.00981001 0.00000513 -0.02384343
v 0.00981001 -0.00000539 -0.02384343
v 0.01054787 -0.00205747 -0.02021120
v 0.01066415 -0.00180688 -0.01995685
v 0.01058524 -0.00229755 -0.01937991
v 0.01041220 -0.00283905 -0.01937991
v 0.01008134 -0.00365042 -0.01937991
v 0.00984878 -0.00412183 -0.01937991
v 0.00958852 -0.00452839 -0.01937991
v 0.00921890 -0.00517678 -0.02019258
v 0.00989169 -0.00032783 -0.02349293
v 0.01012287 -0.00040494 -0.02262442
v 0.01063093 -0.00088685 -0.02063304
v 0.01005366 -0.00121631 -0.02262442
v 0.01059632 -0.00142660 -0.02049656
v 0.00891850 -0.00558334 -0.02019258
v 0.00851288 -0.00601269 -0.02019258
v 0.00810174 -0.00641750 -0.02019258
v 0.00769612 -0.00672417 -0.02019258
v 0.00710639 -0.00712898 -0.02019258
v 0.00702749 -0.00707641 -0.01937991
v 0.00657481 -0.00730948 -0.01893324
v 0.00619827 -0.00745318 -0.01862616
v 0.00589094 -0.00737782 -0.01694497
v 0.00534690 -0.00763543 -0.01694497
v 0.00534690 -0.00783521 -0.01856723
v 0.00453567 -0.00775460 -0.01532272
v 0.00372583 -0.00783170 -0.01370357
v 0.00372583 -0.00793685 -0.01451004
v 0.00370230 -0.00803323 -0.01524517
v 0.00331607 -0.00811384 -0.01492258
v 0.00299352 -0.00820497 -0.01524517
v 0.00210200 -0.00829434 -0.01451004
v 0.00180021 -0.00813312 -0.01228914
v 0.00162855 -0.00810683 -0.01174632
v 0.00074396 -0.00811034 -0.01090882
v 0.00047540 -0.00814714 -0.01121590
v 0.00047540 -0.00807704 -0.01051179
v 0.00129077 -0.00790706 -0.00964328
v 0.00047955 -0.00788252 -0.00883370
v -0.00033167 -0.00777037 -0.00802103
v 0.00133092 -0.00816466 -0.01204099
v 0.00108728 -0.00813487 -0.01145164
v -0.00315573 -0.00729897 -0.00764570
v -0.00324018 -0.00734102 -0.00816061
v -0.00114428 -0.00758636 -0.00721145
v -0.00195551 -0.00747246 -0.00721145
v -0.00259507 -0.00735154 -0.00721145
v -0.00324018 0.00847108 -0.02668470
v -0.00324018 0.00845706 -0.02621012
v -0.00324018 0.00843077 -0.02539745
v -0.00276673 0.00859901 -0.02587202
v -0.00123150 0.00887764 -0.02505935
v -0.00082588 0.00893897 -0.02505935
v -0.00276673 0.00853767 -0.02424977
v -0.00195551 0.00869188 -0.02343709
v -0.00033029 0.00894598 -0.02428079
v 0.00043387 0.00894598 -0.02417223
v 0.00107066 0.00893372 -0.02343709
v 0.00147628 0.00890568 -0.02343709
v 0.00210200 0.00884960 -0.02343709
v 0.00210200 0.00886537 -0.02262442
v 0.00210200 0.00882331 -0.02181484
v 0.00210200 0.00877950 -0.02100216
v 0.00291322 0.00872693 -0.02181484
v 0.00453567 0.00844479 -0.02262442
v 0.00291322 0.00867786 -0.02100216
v 0.00372583 0.00858323 -0.02181484
v 0.00523753 0.00822574 -0.02262442
v 0.00564315 0.00807153 -0.02262442
v 0.00615812 0.00781041 -0.02262442
v 0.00676169 0.00744591 -0.02262442
v 0.00716731 0.00710594 -0.02262442
v 0.00757292 0.00670113 -0.02262442
v 0.00979755 0.00054663 -0.02380001
v 0.00828724 0.00582142 -0.02262442
v 0.00810312 0.00638745 -0.02181484
v 0.00841321 0.00598089 -0.02181484
v 0.00881882 0.00539032 -0.02181484
v 0.00870669 0.00519755 -0.02255307
v 0.00837584 0.00529218 -0.02339987
v 0.00891850 0.00471389 -0.02277640
v 0.00905555 0.00417239 -0.02322307
v 0.00917460 0.00369398 -0.02347121
v 0.00983078 0.00409703 -0.02067337
v 0.00975326 0.00390427 -0.02121308
v 0.00977679 0.00312794 -0.02210021
v 0.00970342 0.00285106 -0.02263682
v 0.00985293 0.00258820 -0.02237627
v 0.00977817 0.00228678 -0.02291599
v 0.00983770 0.00174528 -0.02313001
v 0.00987646 0.00121605 -0.02327580
v 0.00989169 0.00032757 -0.02349293
v 0.01012287 0.00040468 -0.02262442
v 0.01034022 0.00040468 -0.02181484
v 0.01064477 0.00040468 -0.02067957
v 0.01064477 -0.00040494 -0.02067957
v 0.01034022 -0.00040494 -0.02181484
v 0.01082335 -0.00121631 -0.01937991
v 0.01069322 -0.00189099 -0.01937991
v 0.01070014 -0.00118126 -0.02021120
v 0.01066138 -0.00175430 -0.01856723
v 0.01054371 -0.00215911 -0.01856723
v 0.01031253 -0.00283905 -0.01856723
v 0.00995537 -0.00367846 -0.01862306
v 0.00981832 -0.00407101 -0.01893324
v 0.00918291 -0.00511194 -0.01937991
v 0.00954422 -0.00438995 -0.01862306
v 0.00910815 -0.00501030 -0.01856723
v 0.01077213 -0.00040494 -0.02019258
v 0.01051049 -0.00118126 -0.02094323
v 0.00885897 -0.00551675 -0.01937991
v 0.00845336 -0.00594259 -0.01937991
v 0.00802283 -0.00634915 -0.01937991
v 0.00761722 -0.00667160 -0.01937991
v 0.00752447 -0.00660501 -0.01856723
v 0.00689459 -0.00704662 -0.01862616
v 0.00681153 -0.00667160 -0.01613230
v 0.00629655 -0.00714650 -0.01694497
v 0.00580927 -0.00733401 -0.01634012
v 0.00541473 -0.00748648 -0.01609507
v 0.00453567 -0.00763894 -0.01451004
v 0.00372583 -0.00771604 -0.01289089
v 0.00291322 -0.00765471 -0.01045596
v 0.00291322 -0.00776511 -0.01126864
v 0.00249377 -0.00811209 -0.01332204
v 0.00291322 -0.00786500 -0.01207821
v 0.00210200 -0.00786850 -0.01045596
v 0.00210200 -0.00796664 -0.01126864
v 0.00217537 -0.00819796 -0.01363533
v 0.00196633 -0.00816291 -0.01289089
v 0.00208400 -0.00805426 -0.01204099
v 0.00129077 -0.00800344 -0.01045596
v 0.00133092 -0.00808405 -0.01121590
v 0.00210200 -0.00775810 -0.00964328
v 0.00129077 -0.00779665 -0.00883370
v 0.00047955 -0.00776861 -0.00802103
v -0.00033167 -0.00764419 -0.00721145
v -0.00324018 -0.00728495 -0.00770774
v -0.00324018 -0.00731999 -0.00799001
v -0.00300068 -0.00726567 -0.00721145
v -0.00324018 -0.00708167 -0.00641428
v -0.00324018 -0.00720784 -0.00721145
v -0.00114428 -0.00744792 -0.00639877
v -0.00161773 -0.00731474 -0.00593970
v -0.00191398 -0.00735329 -0.00643599
v -0.00241926 -0.00731474 -0.00673377
v -0.00324018 0.00840273 -0.02458787
v -0.00324018 0.00839047 -0.02424977
v -0.00324018 0.00834140 -0.02292839
v -0.00107783 0.00887414 -0.02428079
v -0.00076359 0.00893021 -0.02457236
v -0.00276673 0.00850613 -0.02343709
v -0.00195551 0.00865683 -0.02262442
v -0.00114428 0.00883032 -0.02343709
v -0.00059885 0.00891794 -0.02402954
v -0.00033167 0.00887238 -0.02262442
v 0.00014869 0.00892320 -0.02310830
v 0.00068997 0.00893372 -0.02286946
v 0.00110527 0.00893372 -0.02286946
v 0.00134200 0.00891094 -0.02260891
v 0.00129077 0.00883032 -0.02100216
v 0.00129077 0.00878651 -0.02019258
v 0.00210200 0.00873044 -0.02019258
v 0.00372583 0.00853241 -0.02100216
v 0.00453567 0.00839397 -0.02181484
v 0.00517662 0.00819770 -0.02181484
v 0.00291322 0.00862354 -0.02019258
v 0.00210200 0.00862179 -0.01856723
v 0.00558223 0.00805225 -0.02181484
v 0.00615812 0.00779815 -0.02181484
v 0.00681430 0.00745467 -0.02181484
v 0.00721991 0.00719181 -0.02181484
v 0.00769751 0.00678525 -0.02181484
v 0.01063093 0.00088660 -0.02063304
v 0.00814603 0.00645229 -0.02100216
v 0.00850319 0.00604748 -0.02100216
v 0.00890881 0.00554804 -0.02100216
v 0.00917322 0.00514148 -0.02100216
v 0.00906662 0.00498376 -0.02181484
v 0.00900294 0.00487686 -0.02223358
v 0.00932826 0.00446329 -0.02181484
v 0.00943901 0.00365017 -0.02262442
v 0.00985293 0.00336277 -0.02156049
v 0.00991938 0.00364140 -0.02096804
v 0.00959129 0.00440546 -0.02096804
v 0.00962313 0.00454741 -0.02019258
v 0.00985708 0.00414260 -0.02019258
v 0.01007027 0.00365017 -0.02019258
v 0.01035544 0.00283879 -0.02019258
v 0.00967435 0.00364140 -0.02182414
v 0.00993322 0.00285106 -0.02182414
v 0.01016440 0.00283879 -0.02100216
v 0.01035683 0.00202742 -0.02100216
v 0.01013533 0.00202742 -0.02181484
v 0.00991245 0.00202041 -0.02263682
v 0.01005366 0.00121605 -0.02262442
v 0.01059770 0.00142809 -0.02049656
v 0.01077213 0.00040468 -0.02019258
v 0.01090226 -0.00040494 -0.01937991
v 0.01085934 -0.00040494 -0.01856723
v 0.01076798 -0.00121631 -0.01856723
v 0.01062262 -0.00162287 -0.01816089
v 0.01046758 -0.00194707 -0.01783830
v 0.01026546 -0.00202768 -0.01694497
v 0.00984047 -0.00250960 -0.01560499
v 0.01015610 -0.00283905 -0.01775765
v 0.00984462 -0.00331396 -0.01719002
v 0.00990415 -0.00343137 -0.01775765
v 0.00976295 -0.00396586 -0.01839042
v 0.00911092 -0.00423048 -0.01613230
v 0.00904309 -0.00492619 -0.01796237
v 0.00919952 -0.00436366 -0.01694497
v 0.00925766 -0.00453014 -0.01771733
v 0.00877314 -0.00541686 -0.01856723
v 0.00836753 -0.00586023 -0.01856723
v 0.00793008 -0.00626679 -0.01856723
v 0.00744140 -0.00654192 -0.01789723
v 0.00691674 -0.00674170 -0.01694497
v 0.00732235 -0.00644904 -0.01694497
v 0.00721714 -0.00636142 -0.01613230
v 0.00669663 -0.00658924 -0.01532272
v 0.00615812 -0.00693972 -0.01532272
v 0.00611105 -0.00711496 -0.01609507
v 0.00572897 -0.00729020 -0.01580040
v 0.00524445 -0.00744967 -0.01532272
v 0.00511017 -0.00738659 -0.01451004
v 0.00460212 -0.00748122 -0.01366014
v 0.00377844 -0.00745318 -0.01126243
v 0.00372583 -0.00759512 -0.01207821
v 0.00357355 -0.00741287 -0.01045596
v 0.00343512 -0.00735329 -0.00977976
v 0.00299490 -0.00747947 -0.00956573
v 0.00280248 -0.00741638 -0.00883370
v 0.00210200 -0.00762842 -0.00883370
v 0.00129077 -0.00766873 -0.00802103
v 0.00047955 -0.00763368 -0.00721145
v -0.00033167 -0.00749699 -0.00639877
v -0.00272105 -0.00720258 -0.00643599
v -0.00324018 -0.00693972 -0.00558609
v -0.00114428 -0.00733752 -0.00583424
v -0.00215762 -0.00726917 -0.00619095
v -0.00114428 -0.00724815 -0.00542790
v -0.00195551 -0.00700806 -0.00477652
v -0.00191398 -0.00720083 -0.00563572
v -0.00276673 -0.00703961 -0.00558609
v -0.00324018 0.00827305 -0.02123790
v -0.00114428 0.00879352 -0.02262442
v -0.00114428 0.00875672 -0.02181484
v -0.00033167 0.00883558 -0.02181484
v -0.00276673 0.00843428 -0.02181484
v -0.00276673 0.00839748 -0.02100216
v -0.00195551 0.00858323 -0.02100216
v 0.00047955 0.00883909 -0.02100216
v 0.00047955 0.00887764 -0.02181484
v 0.00044356 0.00891269 -0.02260891
v 0.00047955 0.00879528 -0.02019258
v 0.00129077 0.00887238 -0.02181484
v 0.00129077 0.00873569 -0.01937991
v 0.00129077 0.00868312 -0.01856723
v 0.00129077 0.00863055 -0.01775765
v 0.00453567 0.00833965 -0.02100216
v 0.00372583 0.00847809 -0.02019258
v 0.00509356 0.00816966 -0.02100216
v 0.00291322 0.00856571 -0.01937991
v 0.00210200 0.00856571 -0.01775765
v 0.00129077 0.00857447 -0.01694497
v 0.00615812 0.00773331 -0.02100216
v 0.00501189 0.00813987 -0.02019258
v 0.00496205 0.00812235 -0.01971490
v 0.00541750 0.00798390 -0.02019258
v 0.00677969 0.00742313 -0.02100216
v 0.00718530 0.00718305 -0.02100216
v 0.00774042 0.00677649 -0.02100216
v 0.01051049 0.00118100 -0.02094323
v 0.01070014 0.00118100 -0.02021120
v 0.01027238 0.00121605 -0.02181484
v 0.00810312 0.00641724 -0.02019258
v 0.00851150 0.00601243 -0.02019258
v 0.00891711 0.00558133 -0.02019258
v 0.00921752 0.00517652 -0.02019258
v 0.00959129 0.00452813 -0.01937991
v 0.00984739 0.00412157 -0.01937991
v 0.01007858 0.00365017 -0.01937991
v 0.01041220 0.00283879 -0.01937991
v 0.01058524 0.00229730 -0.01937991
v 0.01066415 0.00180487 -0.01995685
v 0.01054787 0.00205546 -0.02021120
v 0.01090087 0.00040468 -0.01937991
v 0.01085934 0.00040468 -0.01856723
v 0.01064062 -0.00021568 -0.01725205
v 0.01070153 -0.00045401 -0.01768941
v 0.01061708 -0.00075718 -0.01737613
v 0.01065861 -0.00121631 -0.01797788
v 0.01057832 -0.00121631 -0.01757154
v 0.01029315 -0.00121631 -0.01613230
v 0.01010072 -0.00202768 -0.01613230
v 0.00992076 -0.00203644 -0.01532892
v 0.00977402 -0.00231333 -0.01506527
v 0.00941963 -0.00283905 -0.01451004
v 0.00964943 -0.00280400 -0.01532892
v 0.00973249 -0.00305811 -0.01613230
v 0.00989723 -0.00265154 -0.01613230
v 0.00996644 -0.00288812 -0.01692947
v 0.00978786 -0.00318954 -0.01664720
v 0.00943901 -0.00365042 -0.01613230
v 0.00969373 -0.00383793 -0.01775765
v 0.00904447 -0.00412708 -0.01556156
v 0.00883544 -0.00463528 -0.01613230
v 0.00892819 -0.00476847 -0.01694497
v 0.00898218 -0.00484558 -0.01742266
v 0.00842982 -0.00515751 -0.01613230
v 0.00807959 -0.00556407 -0.01613230
v 0.00814880 -0.00563767 -0.01670303
v 0.00821248 -0.00570601 -0.01724275
v 0.00767397 -0.00595661 -0.01613230
v 0.00756184 -0.00585497 -0.01532272
v 0.00710224 -0.00626153 -0.01532272
v 0.00661080 -0.00652615 -0.01476439
v 0.00603353 -0.00668737 -0.01370357
v 0.00621626 -0.00673293 -0.01450074
v 0.00565007 -0.00724815 -0.01532272
v 0.00551579 -0.00717279 -0.01451004
v 0.00491775 -0.00729196 -0.01335927
v 0.00500912 -0.00733752 -0.01390208
v 0.00408299 -0.00728144 -0.01098947
v 0.00417574 -0.00732700 -0.01152919
v 0.00397778 -0.00723062 -0.01045596
v 0.00331884 -0.00730247 -0.00924004
v 0.00263082 -0.00735154 -0.00818542
v 0.00248823 -0.00729721 -0.00764570
v 0.00217122 -0.00744792 -0.00795899
v 0.00192203 -0.00736906 -0.00721145
v 0.00129077 -0.00752152 -0.00721145
v 0.00095853 -0.00731999 -0.00593040
v 0.00047955 -0.00747421 -0.00639877
v -0.00033167 -0.00736030 -0.00575049
v -0.00324018 -0.00678200 -0.00477652
v -0.00114428 -0.00709393 -0.00477652
v -0.00276673 -0.00687313 -0.00477652
v -0.00195551 -0.00679953 -0.00396384
v -0.00276673 -0.00668036 -0.00396384
v -0.00324018 0.00826254 -0.02100216
v -0.00195551 0.00854468 -0.02019258
v -0.00114428 0.00871642 -0.02100216
v -0.00033167 0.00879528 -0.02100216
v -0.00324018 0.00823450 -0.02037869
v -0.00324018 0.00822574 -0.02019258
v -0.00324018 0.00819244 -0.01949778
v -0.00276673 0.00835717 -0.02019258
v -0.00033167 0.00875146 -0.02019258
v -0.00033167 0.00870415 -0.01937991
v -0.00033167 0.00865508 -0.01856723
v 0.00047955 0.00874445 -0.01937991
v 0.00047955 0.00869188 -0.01856723
v 0.00047955 0.00853416 -0.01613230
v 0.00047955 0.00847984 -0.01532272
v 0.00453567 0.00828357 -0.02019258
v 0.00291322 0.00850437 -0.01856723
v 0.00372583 0.00841500 -0.01937991
v 0.00129077 0.00851489 -0.01613230
v 0.00210200 0.00850437 -0.01694497
v 0.00047955 0.00842201 -0.01451004
v 0.00615812 0.00765971 -0.02019258
v 0.00457443 0.00820646 -0.01941713
v 0.00423527 0.00814863 -0.01775765
v 0.00415775 0.00812410 -0.01725826
v 0.00447199 0.00798566 -0.01696979
v 0.00453567 0.00786474 -0.01613230
v 0.00534690 0.00783845 -0.01856723
v 0.00527768 0.00796463 -0.01941713
v 0.00670632 0.00738458 -0.02019258
v 0.00711193 0.00713573 -0.02019258
v 0.00769751 0.00673092 -0.02019258
v 0.01082197 0.00121605 -0.01937991
v 0.00761860 0.00667485 -0.01937991
v 0.00802421 0.00634889 -0.01937991
v 0.00845336 0.00594409 -0.01937991
v 0.00885897 0.00551825 -0.01937991
v 0.00918429 0.00511344 -0.01937991
v 0.00910954 0.00501180 -0.01856723
v 0.00954422 0.00438969 -0.01862306
v 0.00981832 0.00407075 -0.01893014
v 0.00995537 0.00367820 -0.01862306
v 0.01031253 0.00283879 -0.01856723
v 0.01067384 0.00179961 -0.01870371
v 0.01069184 0.00189249 -0.01937991
v 0.01073752 0.00129666 -0.01848658
v 0.01066969 0.00108112 -0.01792205
v 0.01061570 0.00074465 -0.01738233
v 0.01070153 0.00044674 -0.01769562
v 0.01064062 0.00020315 -0.01725205
v 0.01039974 -0.00040494 -0.01613230
v 0.01056309 -0.00045401 -0.01696669
v 0.01011595 -0.00121631 -0.01532272
v 0.00985431 -0.00177358 -0.01474888
v 0.00970619 -0.00203644 -0.01449143
v 0.00927704 -0.00202768 -0.01289089
v 0.00901263 -0.00246579 -0.01244423
v 0.00907493 -0.00261124 -0.01289089
v 0.00896972 -0.00317902 -0.01340269
v 0.00904447 -0.00333148 -0.01394241
v 0.00912338 -0.00347518 -0.01451004
v 0.00921198 -0.00370300 -0.01530411
v 0.00897110 -0.00400792 -0.01501874
v 0.00825955 -0.00416213 -0.01289089
v 0.00837722 -0.00432861 -0.01370357
v 0.00876760 -0.00442324 -0.01530411
v 0.00832461 -0.00503484 -0.01532272
v 0.00796884 -0.00543965 -0.01532272
v 0.00744002 -0.00574106 -0.01451004
v 0.00678661 -0.00588301 -0.01289089
v 0.00643914 -0.00639647 -0.01370357
v 0.00652359 -0.00646131 -0.01422778
v 0.00590202 -0.00659800 -0.01289089
v 0.00534690 -0.00694673 -0.01289089
v 0.00530675 -0.00712723 -0.01366014
v 0.00453567 -0.00691343 -0.01045596
v 0.00371337 -0.00717279 -0.00956573
v 0.00372583 -0.00698879 -0.00883370
v 0.00320809 -0.00725516 -0.00883370
v 0.00290630 -0.00718331 -0.00795899
v 0.00291322 -0.00697827 -0.00721145
v 0.00232765 -0.00723938 -0.00721145
v 0.00174622 -0.00731999 -0.00673377
v 0.00125340 -0.00736906 -0.00643599
v 0.00149981 -0.00725340 -0.00619095
v 0.00125340 -0.00715527 -0.00562952
v 0.00047955 -0.00705012 -0.00477652
v 0.00047955 -0.00723938 -0.00541859
v 0.00047955 -0.00734628 -0.00582183
v -0.00033167 -0.00726392 -0.00534415
v -0.00324018 -0.00660150 -0.00397625
v -0.00033167 -0.00711496 -0.00477652
v -0.00114428 -0.00687313 -0.00396384
v -0.00321803 -0.00649986 -0.00352958
v -0.00324018 -0.00650337 -0.00356060
v -0.00195551 -0.00658748 -0.00325352
v -0.00276673 -0.00641750 -0.00300848
v -0.00276673 -0.00653316 -0.00341482
v -0.00114428 0.00867611 -0.02019258
v -0.00195551 0.00849912 -0.01937991
v -0.00324018 0.00814688 -0.01859204
v -0.00315296 0.00811008 -0.01743196
v -0.00114428 0.00863055 -0.01937991
v -0.00114428 0.00858148 -0.01856723
v -0.00033167 0.00850262 -0.01613230
v -0.00033167 0.00845005 -0.01532272
v -0.00033167 0.00839397 -0.01451004
v 0.00372583 0.00834666 -0.01856723
v 0.00436401 0.00818718 -0.01856723
v 0.00291322 0.00844129 -0.01775765
v 0.00291322 0.00837645 -0.01694497
v 0.00129077 0.00845355 -0.01532272
v 0.00210200 0.00843953 -0.01613230
v 0.00129077 0.00838871 -0.01451004
v -0.00033167 0.00833439 -0.01370357
v -0.00033167 0.00827305 -0.01289089
v -0.00000912 0.00812235 -0.01079095
v 0.00047955 0.00835717 -0.01370357
v 0.00615812 0.00757384 -0.01937991
v 0.00662603 0.00733901 -0.01937991
v 0.00376598 0.00819770 -0.01696979
v 0.00354587 0.00817492 -0.01613230
v 0.00406223 0.00809606 -0.01671544
v 0.00395010 0.00806276 -0.01613230
v 0.00372583 0.00793834 -0.01451004
v 0.00372583 0.00783495 -0.01370357
v 0.00453567 0.00775784 -0.01532272
v 0.00534690 0.00763692 -0.01694497
v 0.00534690 0.00773857 -0.01775765
v 0.00703164 0.00707965 -0.01937991
v 0.00752585 0.00660650 -0.01856723
v 0.00793146 0.00626653 -0.01856723
v 0.00836753 0.00586172 -0.01856723
v 0.00877314 0.00541661 -0.01856723
v 0.00904309 0.00492593 -0.01796237
v 0.00898218 0.00484532 -0.01742266
v 0.00925628 0.00452988 -0.01771733
v 0.00911092 0.00423022 -0.01613230
v 0.00976156 0.00396560 -0.01839042
v 0.00990276 0.00342936 -0.01775765
v 0.00984324 0.00331195 -0.01719622
v 0.01015333 0.00283879 -0.01775765
v 0.01042605 0.00202742 -0.01775765
v 0.01056033 0.00205371 -0.01848658
v 0.01062124 0.00162261 -0.01816399
v 0.01045096 0.00121605 -0.01694497
v 0.01028899 0.00121605 -0.01613230
v 0.01039836 0.00040468 -0.01613230
v 0.01056171 0.00044674 -0.01696669
v 0.01022255 0.00040468 -0.01532272
v 0.01022255 -0.00040494 -0.01532272
v 0.00983355 -0.00093943 -0.01401685
v 0.00990830 -0.00121281 -0.01449143
v 0.00978371 -0.00147917 -0.01420917
v 0.00948331 -0.00121631 -0.01289089
v 0.00901125 -0.00166318 -0.01163465
v 0.00907354 -0.00197160 -0.01213404
v 0.00892403 -0.00220468 -0.01190141
v 0.00820418 -0.00247280 -0.00999999
v 0.00877176 -0.00277772 -0.01213404
v 0.00889635 -0.00301780 -0.01289089
v 0.00833569 -0.00364867 -0.01214645
v 0.00856411 -0.00365042 -0.01289089
v 0.00889912 -0.00388174 -0.01451004
v 0.00819587 -0.00406925 -0.01245974
v 0.00796607 -0.00456869 -0.01289089
v 0.00808789 -0.00473517 -0.01370357
v 0.00816126 -0.00483331 -0.01419676
v 0.00846305 -0.00452313 -0.01448213
v 0.00824017 -0.00493320 -0.01473648
v 0.00756046 -0.00508040 -0.01289089
v 0.00729605 -0.00559736 -0.01356088
v 0.00737772 -0.00568148 -0.01410060
v 0.00665095 -0.00576034 -0.01207821
v 0.00610967 -0.00621422 -0.01206270
v 0.00630763 -0.00628782 -0.01289089
v 0.00571513 -0.00646306 -0.01178044
v 0.00580650 -0.00652965 -0.01232015
v 0.00507141 -0.00658047 -0.01045596
v 0.00521677 -0.00667160 -0.01126864
v 0.00540504 -0.00672943 -0.01206270
v 0.00498005 -0.00651914 -0.00995656
v 0.00457166 -0.00670314 -0.00966809
v 0.00433910 -0.00663129 -0.00883370
v 0.00378259 -0.00673469 -0.00799001
v 0.00355556 -0.00663655 -0.00721145
v 0.00295198 -0.00670665 -0.00638947
v 0.00205078 -0.00713073 -0.00643599
v 0.00210200 -0.00684334 -0.00558609
v 0.00129077 -0.00686086 -0.00477652
v 0.00047955 -0.00676798 -0.00396384
v -0.00033167 -0.00686962 -0.00396384
v -0.00114428 -0.00662078 -0.00318528
v -0.00195551 -0.00645956 -0.00284718
v -0.00324018 -0.00648935 -0.00350787
v -0.00324018 -0.00638070 -0.00313875
v -0.00276673 -0.00620370 -0.00234159
v -0.00324018 -0.00613886 -0.00234159
v -0.00268505 0.00818894 -0.01694497
v -0.00195551 0.00845005 -0.01856723
v -0.00324018 0.00811183 -0.01794376
v -0.00320418 0.00812410 -0.01797168
v -0.00324018 0.00808554 -0.01750020
v -0.00324018 0.00807503 -0.01733270
v -0.00324018 0.00791556 -0.01489467
v -0.00324018 0.00783670 -0.01370357
v -0.00309067 0.00809431 -0.01694497
v -0.00297992 0.00806977 -0.01613230
v -0.00195551 0.00835016 -0.01694497
v -0.00114428 0.00853066 -0.01775765
v -0.00114428 0.00842552 -0.01613230
v -0.00114428 0.00825378 -0.01370357
v -0.00114428 0.00819419 -0.01289089
v 0.00372583 0.00827656 -0.01775765
v 0.00210200 0.00836944 -0.01532272
v 0.00291322 0.00830460 -0.01613230
v 0.00341851 0.00814162 -0.01545920
v 0.00164655 0.00811008 -0.01172150
v 0.00085194 0.00811358 -0.01087470
v 0.00129077 0.00831862 -0.01370357
v -0.00033167 0.00820997 -0.01207821
v 0.00031066 0.00812235 -0.01079095
v -0.00029983 0.00814338 -0.01129345
v -0.00054902 0.00809781 -0.01104220
v -0.00029983 0.00806627 -0.01049318
v -0.00033167 0.00797514 -0.00964328
v -0.00033167 0.00788051 -0.00883370
v 0.00047955 0.00798215 -0.00964328
v 0.00047955 0.00822574 -0.01207821
v 0.00600307 0.00743540 -0.01775765
v 0.00619965 0.00745467 -0.01862306
v 0.00657619 0.00730922 -0.01893014
v 0.00331745 0.00811358 -0.01491948
v 0.00370368 0.00803472 -0.01524207
v 0.00291322 0.00777361 -0.01126864
v 0.00372583 0.00772279 -0.01289089
v 0.00524861 0.00745117 -0.01532272
v 0.00541611 0.00748797 -0.01608887
v 0.00453567 0.00764218 -0.01451004
v 0.00581065 0.00733551 -0.01633081
v 0.00589371 0.00737932 -0.01694497
v 0.00689597 0.00704811 -0.01862306
v 0.00691812 0.00674319 -0.01694497
v 0.00681291 0.00667134 -0.01613230
v 0.00744279 0.00654341 -0.01789413
v 0.00737496 0.00649084 -0.01735131
v 0.00732374 0.00644878 -0.01694497
v 0.00721853 0.00636291 -0.01613230
v 0.00767397 0.00595635 -0.01613230
v 0.00827201 0.00576709 -0.01775765
v 0.00821248 0.00570576 -0.01724275
v 0.00814880 0.00563741 -0.01670303
v 0.00807959 0.00556381 -0.01613230
v 0.00842982 0.00515725 -0.01613230
v 0.00892819 0.00476821 -0.01694497
v 0.00883544 0.00463503 -0.01613230
v 0.00904447 0.00412682 -0.01556156
v 0.00969373 0.00383592 -0.01775765
v 0.00943763 0.00365017 -0.01613230
v 0.00978648 0.00318753 -0.01665340
v 0.00973249 0.00305609 -0.01613230
v 0.00989584 0.00264953 -0.01613230
v 0.00984047 0.00250934 -0.01560809
v 0.01009796 0.00202742 -0.01613230
v 0.01011595 0.00121605 -0.01532272
v 0.01002597 0.00040468 -0.01451004
v 0.01002320 -0.00040494 -0.01451004
v 0.00986539 -0.00040494 -0.01389898
v 0.00975879 -0.00040494 -0.01349264
v 0.00959682 -0.00040494 -0.01289089
v 0.00970619 -0.00121281 -0.01372838
v 0.00924797 -0.00121631 -0.01207821
v 0.00850596 -0.00202768 -0.01045596
v 0.00881052 -0.00197160 -0.01132447
v 0.00905970 -0.00121631 -0.01148576
v 0.00892819 -0.00121631 -0.01107942
v 0.00872469 -0.00121631 -0.01045596
v 0.00845613 -0.00121631 -0.00964328
v 0.00820279 -0.00166843 -0.00919972
v 0.00827063 -0.00197511 -0.00969601
v 0.00811004 -0.00220993 -0.00946027
v 0.00746355 -0.00261299 -0.00821954
v 0.00758399 -0.00286534 -0.00881819
v 0.00795500 -0.00278122 -0.00969601
v 0.00809481 -0.00304584 -0.01045596
v 0.00828032 -0.00263928 -0.01045596
v 0.00841321 -0.00290039 -0.01121590
v 0.00817095 -0.00321057 -0.01091193
v 0.00826093 -0.00337705 -0.01145164
v 0.00810312 -0.00391679 -0.01192002
v 0.00737911 -0.00406224 -0.01004031
v 0.00744971 -0.00416038 -0.01045596
v 0.00778057 -0.00446004 -0.01208442
v 0.00736388 -0.00485259 -0.01170909
v 0.00745802 -0.00496299 -0.01224881
v 0.00719222 -0.00548521 -0.01289089
v 0.00657481 -0.00569024 -0.01164396
v 0.00596016 -0.00586899 -0.01045596
v 0.00547702 -0.00627555 -0.01045596
v 0.00562238 -0.00639121 -0.01126864
v 0.00535797 -0.00610206 -0.00961846
v 0.00486514 -0.00643677 -0.00941374
v 0.00421312 -0.00654893 -0.00824125
v 0.00408853 -0.00646306 -0.00769844
v 0.00340466 -0.00654542 -0.00665312
v 0.00324685 -0.00644554 -0.00611340
v 0.00266266 -0.00657872 -0.00558609
v 0.00251592 -0.00649636 -0.00517045
v 0.00205355 -0.00658924 -0.00485096
v 0.00175176 -0.00651914 -0.00430814
v 0.00122433 -0.00658748 -0.00400726
v 0.00090870 -0.00649986 -0.00353889
v 0.00047955 -0.00655068 -0.00341482
v -0.00033167 -0.00645605 -0.00283478
v -0.00033167 -0.00661377 -0.00323801
v -0.00114428 -0.00647883 -0.00278204
v -0.00195551 -0.00626504 -0.00234159
v -0.00322079 -0.00568674 -0.00111016
v -0.00324018 -0.00569375 -0.00113497
v -0.00257431 0.00816265 -0.01613230
v -0.00324018 0.00777712 -0.01289089
v -0.00276673 0.00795937 -0.01370357
v -0.00286087 0.00804524 -0.01532272
v -0.00195551 0.00829584 -0.01613230
v -0.00179077 0.00816265 -0.01370357
v -0.00238327 0.00811884 -0.01484194
v -0.00229744 0.00810132 -0.01430532
v -0.00163988 0.00813111 -0.01289089
v -0.00155405 0.00811534 -0.01247525
v -0.00110552 0.00813812 -0.01215266
v -0.00080927 0.00812235 -0.01158192
v 0.00181682 0.00813461 -0.01226432
v 0.00210200 0.00829584 -0.01451004
v 0.00250069 0.00811358 -0.01330964
v 0.00134200 0.00809255 -0.01119419
v 0.00129077 0.00801370 -0.01045596
v 0.00210200 0.00797865 -0.01126864
v 0.00209369 0.00806101 -0.01202858
v 0.00054046 0.00815038 -0.01119419
v 0.00054046 0.00808029 -0.01049318
v 0.00047955 0.00788051 -0.00883370
v 0.00129077 0.00790680 -0.00964328
v -0.00114428 0.00789979 -0.00964328
v -0.00114428 0.00781041 -0.00883370
v -0.00114428 0.00770702 -0.00802103
v -0.00033167 0.00777537 -0.00802103
v 0.00629932 0.00714800 -0.01694497
v 0.00238994 0.00809255 -0.01289089
v 0.00291322 0.00787525 -0.01207821
v 0.00372583 0.00760538 -0.01207821
v 0.00210200 0.00787701 -0.01045596
v 0.00291322 0.00765445 -0.01045596
v 0.00573313 0.00729170 -0.01579110
v 0.00511294 0.00738983 -0.01451004
v 0.00442769 0.00744065 -0.01289089
v 0.00460350 0.00748271 -0.01365704
v 0.00611244 0.00711646 -0.01608887
v 0.00615812 0.00694297 -0.01532272
v 0.00669801 0.00659073 -0.01532272
v 0.00661218 0.00652764 -0.01476129
v 0.00710363 0.00626303 -0.01532272
v 0.00756323 0.00585646 -0.01532272
v 0.00744279 0.00574431 -0.01451004
v 0.00796884 0.00544114 -0.01532272
v 0.00832600 0.00503458 -0.01532272
v 0.00876760 0.00442298 -0.01530411
v 0.00837722 0.00433011 -0.01370357
v 0.00897110 0.00400766 -0.01501874
v 0.00921198 0.00370274 -0.01530411
v 0.00912199 0.00347492 -0.01451004
v 0.00964943 0.00280375 -0.01533203
v 0.00941686 0.00283879 -0.01451004
v 0.00901263 0.00246553 -0.01244113
v 0.00977264 0.00231307 -0.01506527
v 0.00991938 0.00203619 -0.01533203
v 0.00985431 0.00177157 -0.01474888
v 0.00990969 0.00121255 -0.01449143
v 0.00983493 0.00094092 -0.01401375
v 0.00986539 0.00040468 -0.01389588
v 0.00975879 0.00040468 -0.01348954
v 0.00959821 0.00040468 -0.01289089
v 0.00936149 -0.00040494 -0.01207821
v 0.00897941 -0.00059420 -0.01092123
v 0.00857103 -0.00040494 -0.00964328
v 0.00825263 -0.00121631 -0.00906944
v 0.00809481 -0.00121631 -0.00866310
v 0.00783594 -0.00121631 -0.00802103
v 0.00744417 -0.00181739 -0.00746580
v 0.00757707 -0.00206448 -0.00797760
v 0.00797714 -0.00197511 -0.00888954
v 0.00732789 -0.00315449 -0.00853903
v 0.00734865 -0.00235889 -0.00767982
v 0.00684614 -0.00290740 -0.00714321
v 0.00655404 -0.00322459 -0.00682992
v 0.00723237 -0.00286534 -0.00797760
v 0.00744279 -0.00335777 -0.00907875
v 0.00751616 -0.00363640 -0.00972083
v 0.00776257 -0.00365042 -0.01045596
v 0.00727528 -0.00389752 -0.00950060
v 0.00673262 -0.00428130 -0.00883370
v 0.00695689 -0.00444252 -0.00968360
v 0.00663849 -0.00495423 -0.00986661
v 0.00714931 -0.00456519 -0.01045596
v 0.00728774 -0.00475270 -0.01126864
v 0.00674370 -0.00507164 -0.01045596
v 0.00647790 -0.00559561 -0.01110114
v 0.00584526 -0.00576560 -0.00982008
v 0.00523338 -0.00593558 -0.00883370
v 0.00474471 -0.00634039 -0.00883370
v 0.00450522 -0.00623349 -0.00799001
v 0.00454813 -0.00591455 -0.00727038
v 0.00395979 -0.00636843 -0.00721145
v 0.00414113 -0.00569024 -0.00597382
v 0.00370784 -0.00587425 -0.00565744
v 0.00306827 -0.00631936 -0.00558609
v 0.00369538 -0.00622648 -0.00638947
v 0.00287585 -0.00606701 -0.00482925
v 0.00269450 -0.00582343 -0.00413134
v 0.00229304 -0.00636492 -0.00463073
v 0.00211584 -0.00610381 -0.00394833
v 0.00194003 -0.00584095 -0.00331246
v 0.00144997 -0.00638245 -0.00376842
v 0.00047955 -0.00636317 -0.00300848
v 0.00112881 -0.00581817 -0.00254010
v 0.00050724 -0.00595135 -0.00229816
v -0.00033167 -0.00621597 -0.00234159
v -0.00114428 -0.00628607 -0.00234159
v -0.00276673 -0.00568849 -0.00110706
v -0.00324018 -0.00567272 -0.00108845
v -0.00195551 -0.00589528 -0.00152891
v -0.00276673 0.00789804 -0.01289089
v -0.00324018 0.00767022 -0.01160673
v -0.00219638 0.00808204 -0.01370357
v -0.00204549 0.00805225 -0.01289089
v -0.00135055 0.00809080 -0.01193243
v -0.00187660 0.00802071 -0.01215266
v -0.00276673 0.00761414 -0.00964328
v -0.00195551 0.00777712 -0.00964328
v -0.00114428 0.00797689 -0.01045596
v 0.00198433 0.00816440 -0.01289089
v 0.00047955 0.00777186 -0.00802103
v 0.00129077 0.00779289 -0.00883370
v -0.00195551 0.00768950 -0.00883370
v -0.00195551 0.00758610 -0.00802103
v -0.00195551 0.00746694 -0.00721145
v -0.00114428 0.00758610 -0.00721145
v -0.00033167 0.00764744 -0.00721145
v 0.00357217 0.00741261 -0.01045596
v 0.00377982 0.00745818 -0.01125623
v 0.00129077 0.00767548 -0.00802103
v 0.00210200 0.00775434 -0.00964328
v 0.00210200 0.00762291 -0.00883370
v 0.00217260 0.00745292 -0.00795899
v 0.00262390 0.00734953 -0.00818852
v 0.00278448 0.00740911 -0.00883370
v 0.00298382 0.00747395 -0.00958434
v 0.00343097 0.00735128 -0.00981388
v 0.00501189 0.00733901 -0.01389588
v 0.00565422 0.00725139 -0.01532272
v 0.00428095 0.00737581 -0.01207821
v 0.00551994 0.00717429 -0.01451004
v 0.00534690 0.00695173 -0.01289089
v 0.00603630 0.00668711 -0.01370357
v 0.00621765 0.00673443 -0.01449763
v 0.00590479 0.00660124 -0.01289089
v 0.00652635 0.00646280 -0.01422157
v 0.00644191 0.00639796 -0.01370357
v 0.00678800 0.00588450 -0.01289089
v 0.00737911 0.00568297 -0.01409440
v 0.00729743 0.00559886 -0.01355468
v 0.00756184 0.00508189 -0.01289089
v 0.00824017 0.00493294 -0.01473337
v 0.00816126 0.00483305 -0.01419676
v 0.00846305 0.00452287 -0.01448213
v 0.00808928 0.00473491 -0.01370357
v 0.00825955 0.00416187 -0.01289089
v 0.00819587 0.00406899 -0.01245974
v 0.00889912 0.00387973 -0.01451004
v 0.00904309 0.00332947 -0.01394551
v 0.00896833 0.00317701 -0.01340579
v 0.00907354 0.00261098 -0.01289089
v 0.00877314 0.00277746 -0.01213404
v 0.00828032 0.00264077 -0.01045596
v 0.00820418 0.00247254 -0.00999999
v 0.00892403 0.00220442 -0.01190141
v 0.00907354 0.00197135 -0.01213404
v 0.00927566 0.00202742 -0.01289089
v 0.00889635 0.00301579 -0.01289089
v 0.00970480 0.00203619 -0.01449143
v 0.00978233 0.00148067 -0.01421227
v 0.00970619 0.00121255 -0.01372528
v 0.00948331 0.00121605 -0.01289089
v 0.00924797 0.00121605 -0.01207821
v 0.00936149 0.00040468 -0.01207821
v 0.00900433 0.00005244 -0.01084679
v 0.00900433 -0.00005445 -0.01084679
v 0.00909708 -0.00035587 -0.01122211
v 0.00887420 -0.00035587 -0.01052730
v 0.00857103 0.00040468 -0.00964328
v 0.00830662 -0.00040494 -0.00892676
v 0.00815157 -0.00040494 -0.00852042
v 0.00795361 -0.00040494 -0.00802103
v 0.00738188 -0.00084129 -0.00678960
v 0.00749678 -0.00115322 -0.00719904
v 0.00732097 -0.00138104 -0.00692298
v 0.00723652 -0.00206448 -0.00719904
v 0.00668417 -0.00268309 -0.00656937
v 0.00645160 -0.00290740 -0.00633984
v 0.00571236 -0.00317026 -0.00524799
v 0.00586602 -0.00342261 -0.00579081
v 0.00602938 -0.00367671 -0.00638326
v 0.00584111 -0.00417790 -0.00664381
v 0.00640869 -0.00367321 -0.00714321
v 0.00667033 -0.00341735 -0.00736964
v 0.00679353 -0.00367321 -0.00802723
v 0.00650005 -0.00395885 -0.00776047
v 0.00715623 -0.00363640 -0.00881819
v 0.00661772 -0.00413059 -0.00830329
v 0.00652774 -0.00482455 -0.00932379
v 0.00575389 -0.00487011 -0.00761469
v 0.00636577 -0.00547820 -0.01045596
v 0.00573590 -0.00566220 -0.00927726
v 0.00505480 -0.00578487 -0.00802103
v 0.00495651 -0.00569550 -0.00758057
v 0.00425603 -0.00578838 -0.00639877
v 0.00493851 -0.00486485 -0.00599864
v 0.00435986 -0.00526090 -0.00565744
v 0.00396532 -0.00552201 -0.00543410
v 0.00342681 -0.00576735 -0.00502776
v 0.00482777 -0.00556757 -0.00704085
v 0.00509079 -0.00502783 -0.00653835
v 0.00247992 -0.00565870 -0.00358852
v 0.00323577 -0.00560437 -0.00448805
v 0.00167008 -0.00566220 -0.00276964
v 0.00025390 -0.00576384 -0.00181738
v 0.00079518 -0.00562891 -0.00199728
v -0.00033167 -0.00584621 -0.00167779
v -0.00122319 -0.00584971 -0.00147618
v -0.00154574 -0.00567973 -0.00112257
v -0.00195551 -0.00568323 -0.00111636
v -0.00276673 -0.00542563 -0.00070072
v -0.00324018 -0.00501030 -0.00014859
v -0.00324018 0.00757209 -0.01045596
v -0.00276673 0.00782794 -0.01207821
v -0.00276673 0.00768599 -0.01045596
v -0.00324018 0.00749848 -0.00963708
v -0.00324018 0.00743890 -0.00906324
v -0.00324018 0.00741437 -0.00883370
v -0.00276673 0.00752652 -0.00883370
v 0.00047955 0.00763868 -0.00721145
v -0.00315296 0.00729871 -0.00764881
v -0.00257708 0.00734778 -0.00721145
v -0.00239711 0.00730922 -0.00675858
v -0.00215070 0.00726716 -0.00621887
v -0.00190982 0.00734778 -0.00645150
v -0.00161081 0.00731273 -0.00594280
v -0.00114428 0.00744065 -0.00639877
v -0.00033167 0.00749147 -0.00639877
v 0.00397640 0.00723036 -0.01045596
v 0.00408438 0.00728118 -0.01098017
v 0.00418266 0.00732850 -0.01151988
v 0.00129077 0.00752827 -0.00721145
v 0.00191927 0.00737406 -0.00721145
v 0.00248823 0.00729696 -0.00764881
v 0.00330084 0.00729520 -0.00927106
v 0.00491913 0.00729170 -0.01335616
v 0.00483469 0.00724964 -0.01289089
v 0.00530813 0.00712872 -0.01365704
v 0.00468656 0.00716903 -0.01207821
v 0.00448584 0.00711470 -0.01125623
v 0.00453567 0.00691493 -0.01045596
v 0.00521954 0.00667835 -0.01126864
v 0.00540642 0.00673443 -0.01205650
v 0.00581065 0.00653290 -0.01231395
v 0.00631040 0.00628931 -0.01289089
v 0.00611244 0.00621746 -0.01205650
v 0.00665371 0.00576183 -0.01207821
v 0.00719361 0.00548670 -0.01289089
v 0.00745802 0.00496273 -0.01224261
v 0.00796745 0.00456843 -0.01289089
v 0.00778195 0.00446329 -0.01208131
v 0.00745109 0.00416187 -0.01045596
v 0.00738049 0.00406198 -0.01004031
v 0.00810450 0.00391829 -0.01191692
v 0.00833569 0.00364841 -0.01214335
v 0.00856411 0.00365017 -0.01289089
v 0.00880775 0.00362037 -0.01368496
v 0.00817095 0.00321206 -0.01090882
v 0.00795500 0.00278096 -0.00969601
v 0.00758538 0.00287034 -0.00881199
v 0.00811004 0.00220967 -0.00946027
v 0.00827063 0.00197485 -0.00969601
v 0.00850596 0.00202742 -0.01045596
v 0.00809481 0.00304558 -0.01045596
v 0.00881052 0.00197135 -0.01132447
v 0.00901125 0.00166292 -0.01163465
v 0.00826232 0.00337679 -0.01145164
v 0.00905832 0.00121605 -0.01148886
v 0.00897802 0.00059219 -0.01092433
v 0.00887281 0.00035561 -0.01052730
v 0.00845474 0.00121605 -0.00964328
v 0.00825263 0.00121605 -0.00906944
v 0.00830662 0.00040468 -0.00892676
v 0.00815157 0.00040468 -0.00852042
v 0.00795361 0.00040468 -0.00802103
v 0.00761029 -0.00040494 -0.00721145
v 0.00740264 -0.00040494 -0.00674928
v 0.00719914 -0.00040494 -0.00634294
v 0.00656096 -0.00076419 -0.00518596
v 0.00672985 -0.00121631 -0.00568225
v 0.00715069 -0.00115322 -0.00647322
v 0.00664402 -0.00184192 -0.00584354
v 0.00681430 -0.00207850 -0.00633984
v 0.00654435 -0.00238342 -0.00602965
v 0.00603076 -0.00287585 -0.00554577
v 0.00555732 -0.00367671 -0.00554577
v 0.00585080 -0.00263051 -0.00502776
v 0.00555039 -0.00287585 -0.00476411
v 0.00499112 -0.00332272 -0.00430194
v 0.00513786 -0.00361538 -0.00481064
v 0.00498835 -0.00412183 -0.00510841
v 0.00569160 -0.00396411 -0.00610100
v 0.00513371 -0.00430583 -0.00558609
v 0.00539119 -0.00452138 -0.00632123
v 0.00563069 -0.00471940 -0.00707187
v 0.00592970 -0.00445479 -0.00728899
v 0.00583972 -0.00496649 -0.00802103
v 0.00601415 -0.00515575 -0.00883370
v 0.00529429 -0.00521884 -0.00732622
v 0.00546041 -0.00537305 -0.00802103
v 0.00563899 -0.00556232 -0.00883370
v 0.00481392 -0.00471064 -0.00558609
v 0.00423389 -0.00498051 -0.00502466
v 0.00373968 -0.00529244 -0.00475480
v 0.00300182 -0.00536079 -0.00385217
v 0.00330914 -0.00485609 -0.00357301
v 0.00271526 -0.00506813 -0.00315116
v 0.00252561 -0.00488588 -0.00272931
v 0.00216706 -0.00550449 -0.00308602
v 0.00351264 -0.00506463 -0.00411273
v 0.00202724 -0.00503484 -0.00240982
v 0.00170608 -0.00487712 -0.00192594
v 0.00135584 -0.00548170 -0.00229816
v 0.00053631 -0.00531698 -0.00149479
v 0.00027605 -0.00500680 -0.00099849
v -0.00033167 -0.00555531 -0.00127146
v 0.00129077 -0.00503834 -0.00176154
v 0.00081733 -0.00480702 -0.00117220
v -0.00100446 -0.00564643 -0.00117220
v -0.00195551 -0.00497701 -0.00019822
v -0.00276673 -0.00501907 -0.00014239
v -0.00324018 -0.00459498 0.00025774
v -0.00324018 0.00733901 -0.00816681
v 0.00047955 0.00747395 -0.00639877
v 0.00095161 0.00731974 -0.00593040
v -0.00324018 0.00728469 -0.00771394
v -0.00324018 0.00726191 -0.00755885
v -0.00324018 0.00714975 -0.00686094
v -0.00270720 0.00719882 -0.00645150
v -0.00276673 0.00702883 -0.00558609
v -0.00114428 0.00733376 -0.00584665
v -0.00190982 0.00719707 -0.00563882
v -0.00195551 0.00700080 -0.00477652
v -0.00114428 0.00724964 -0.00544031
v -0.00033167 0.00735478 -0.00575980
v 0.00371060 0.00716552 -0.00958434
v 0.00372583 0.00697276 -0.00883370
v 0.00124924 0.00736705 -0.00644530
v 0.00174345 0.00731798 -0.00674618
v 0.00290215 0.00717954 -0.00795899
v 0.00319009 0.00724789 -0.00883370
v 0.00232488 0.00724088 -0.00721145
v 0.00291322 0.00697977 -0.00721145
v 0.00457028 0.00669938 -0.00966809
v 0.00498005 0.00651888 -0.00995656
v 0.00507280 0.00658372 -0.01045596
v 0.00571651 0.00646455 -0.01177423
v 0.00562515 0.00639446 -0.01126864
v 0.00596431 0.00587048 -0.01045596
v 0.00657758 0.00569174 -0.01163465
v 0.00711608 0.00525013 -0.01201618
v 0.00674647 0.00507488 -0.01045596
v 0.00736527 0.00485583 -0.01170289
v 0.00729051 0.00475770 -0.01126864
v 0.00715208 0.00456843 -0.01045596
v 0.00695827 0.00444752 -0.00967740
v 0.00673539 0.00429155 -0.00883370
v 0.00727805 0.00390076 -0.00949749
v 0.00751616 0.00363790 -0.00971772
v 0.00776534 0.00365017 -0.01045596
v 0.00744279 0.00335926 -0.00906944
v 0.00733481 0.00316299 -0.00852972
v 0.00746355 0.00262149 -0.00821954
v 0.00797714 0.00197485 -0.00888954
v 0.00820279 0.00166818 -0.00919972
v 0.00872330 0.00121605 -0.01045596
v 0.00892680 0.00121605 -0.01108253
v 0.00809481 0.00121605 -0.00866310
v 0.00761029 0.00040468 -0.00721145
v 0.00783594 0.00121605 -0.00802103
v 0.00738188 0.00084103 -0.00678960
v 0.00740264 0.00040468 -0.00674928
v 0.00719914 0.00040468 -0.00634294
v 0.00657896 -0.00022269 -0.00515804
v 0.00675616 -0.00045751 -0.00550855
v 0.00636023 -0.00045751 -0.00484166
v 0.00590479 -0.00040494 -0.00414064
v 0.00584387 -0.00121631 -0.00423680
v 0.00619688 -0.00121631 -0.00477652
v 0.00651113 -0.00121631 -0.00527591
v 0.00595047 -0.00199263 -0.00476411
v 0.00640869 -0.00207850 -0.00557989
v 0.00567775 -0.00223972 -0.00448495
v 0.00512540 -0.00283905 -0.00411893
v 0.00481392 -0.00386422 -0.00456559
v 0.00482361 -0.00283905 -0.00371259
v 0.00424773 -0.00342787 -0.00341482
v 0.00453152 -0.00364692 -0.00396694
v 0.00427403 -0.00423749 -0.00417476
v 0.00452460 -0.00444953 -0.00479513
v 0.00405254 -0.00477898 -0.00448495
v 0.00407053 -0.00396936 -0.00363194
v 0.00353064 -0.00431459 -0.00331246
v 0.00329807 -0.00402544 -0.00277274
v 0.00314718 -0.00453540 -0.00308602
v 0.00270696 -0.00446179 -0.00254631
v 0.00248685 -0.00402719 -0.00195696
v 0.00229581 -0.00446179 -0.00213997
v 0.00189019 -0.00446179 -0.00176775
v 0.00162579 -0.00396235 -0.00117840
v 0.00132954 -0.00450736 -0.00134280
v 0.00047401 -0.00445829 -0.00071933
v 0.00013070 -0.00410956 -0.00028197
v -0.00033167 -0.00468085 -0.00044017
v -0.00082450 -0.00483506 -0.00033781
v -0.00033167 -0.00515050 -0.00084651
v -0.00136578 -0.00491918 -0.00026336
v 0.00108451 -0.00426728 -0.00098299
v -0.00194582 -0.00441273 0.00025154
v -0.00276673 -0.00457921 0.00026395
v -0.00324018 -0.00418842 0.00059895
v 0.00047955 0.00734602 -0.00582493
v 0.00047955 0.00723737 -0.00541859
v 0.00047955 0.00704461 -0.00477652
v 0.00129077 0.00685359 -0.00477652
v 0.00124924 0.00714800 -0.00563262
v 0.00149289 0.00724789 -0.00620336
v -0.00324018 0.00699379 -0.00592419
v -0.00324018 0.00693245 -0.00558609
v -0.00324018 0.00684483 -0.00511462
v -0.00276673 0.00686235 -0.00477652
v -0.00324018 0.00666959 -0.00428022
v -0.00276673 0.00667660 -0.00396384
v -0.00195551 0.00679401 -0.00396384
v -0.00114428 0.00709367 -0.00477652
v -0.00033167 0.00726366 -0.00535656
v 0.00432940 0.00662227 -0.00883370
v 0.00377844 0.00672567 -0.00800241
v 0.00204939 0.00713048 -0.00644530
v 0.00355140 0.00663629 -0.00721145
v 0.00295198 0.00670814 -0.00638947
v 0.00340466 0.00654692 -0.00665002
v 0.00547841 0.00627705 -0.01045596
v 0.00420205 0.00653991 -0.00825987
v 0.00408438 0.00645930 -0.00771705
v 0.00486376 0.00643652 -0.00941374
v 0.00584664 0.00576709 -0.00982008
v 0.00648206 0.00559711 -0.01109493
v 0.00636992 0.00547969 -0.01045596
v 0.00663849 0.00495397 -0.00985420
v 0.00653466 0.00483130 -0.00931138
v 0.00643499 0.00469636 -0.00883370
v 0.00628271 0.00442824 -0.00802723
v 0.00661911 0.00413559 -0.00830329
v 0.00716315 0.00363790 -0.00881199
v 0.00724067 0.00287034 -0.00797760
v 0.00667725 0.00342235 -0.00736654
v 0.00655404 0.00322433 -0.00682682
v 0.00734865 0.00235863 -0.00767982
v 0.00757707 0.00206422 -0.00797760
v 0.00744417 0.00181888 -0.00746580
v 0.00732097 0.00138078 -0.00692298
v 0.00749678 0.00115296 -0.00719904
v 0.00715069 0.00115296 -0.00647322
v 0.00672985 0.00121605 -0.00568225
v 0.00656096 0.00076393 -0.00518596
v 0.00675616 0.00045901 -0.00550855
v 0.00657896 0.00022243 -0.00515804
v 0.00590617 0.00040468 -0.00414064
v 0.00562792 -0.00040494 -0.00373430
v 0.00578158 -0.00169823 -0.00432675
v 0.00555593 -0.00121631 -0.00383046
v 0.00536212 -0.00206273 -0.00394523
v 0.00493713 -0.00242548 -0.00356370
v 0.00438616 -0.00280576 -0.00314806
v 0.00402070 -0.00305460 -0.00287200
v 0.00377705 -0.00372753 -0.00309223
v 0.00348080 -0.00348394 -0.00257422
v 0.00298798 -0.00375557 -0.00226404
v 0.00267927 -0.00348745 -0.00178015
v 0.00215599 -0.00372403 -0.00147928
v 0.00236502 -0.00300553 -0.00123734
v 0.00182375 -0.00342086 -0.00102951
v 0.00125617 -0.00360486 -0.00073484
v 0.00067059 -0.00378711 -0.00044017
v -0.00033167 -0.00427429 -0.00017031
v 0.00043248 -0.00356981 -0.00020443
v -0.00033167 -0.00365042 0.00014298
v -0.00111383 -0.00452488 -0.00004313
v -0.00220884 -0.00410956 0.00053381
v -0.00276673 -0.00417265 0.00058033
v -0.00324018 -0.00365042 0.00089982
v -0.00033167 0.00711470 -0.00477652
v -0.00033167 0.00687287 -0.00396384
v 0.00047955 0.00676597 -0.00396384
v 0.00090593 0.00649960 -0.00354199
v 0.00122156 0.00658197 -0.00401037
v 0.00175176 0.00651888 -0.00430814
v 0.00210200 0.00683957 -0.00558609
v -0.00324018 0.00677473 -0.00477652
v -0.00324018 0.00659949 -0.00397625
v -0.00324018 0.00650311 -0.00356681
v -0.00324018 0.00649610 -0.00353889
v -0.00276673 0.00653290 -0.00342102
v -0.00276673 0.00641373 -0.00301468
v -0.00195551 0.00658547 -0.00326593
v -0.00114428 0.00687112 -0.00396384
v 0.00266543 0.00658197 -0.00558609
v 0.00324823 0.00644353 -0.00611030
v 0.00369538 0.00622447 -0.00638947
v 0.00395563 0.00636467 -0.00721145
v 0.00535797 0.00610180 -0.00961846
v 0.00454536 0.00590904 -0.00727659
v 0.00504926 0.00577761 -0.00802103
v 0.00523200 0.00593182 -0.00883370
v 0.00473502 0.00633838 -0.00883370
v 0.00573590 0.00566370 -0.00927726
v 0.00618996 0.00530971 -0.00956573
v 0.00602938 0.00516251 -0.00883370
v 0.00585495 0.00497675 -0.00802103
v 0.00576081 0.00487686 -0.00759918
v 0.00593386 0.00445453 -0.00727969
v 0.00650144 0.00396385 -0.00776047
v 0.00680322 0.00367645 -0.00802723
v 0.00685029 0.00290889 -0.00714321
v 0.00641007 0.00367645 -0.00714321
v 0.00584111 0.00417764 -0.00664381
v 0.00602938 0.00367645 -0.00638326
v 0.00586602 0.00342410 -0.00579081
v 0.00571098 0.00317000 -0.00524799
v 0.00603076 0.00287559 -0.00554577
v 0.00645160 0.00290889 -0.00633984
v 0.00668555 0.00268283 -0.00656937
v 0.00723652 0.00206422 -0.00719904
v 0.00681430 0.00207824 -0.00633984
v 0.00664402 0.00184167 -0.00584354
v 0.00651113 0.00121605 -0.00527591
v 0.00636023 0.00045901 -0.00484166
v 0.00619688 0.00121605 -0.00477652
v 0.00584387 0.00121605 -0.00423680
v 0.00562792 0.00040468 -0.00373430
v 0.00522230 -0.00040494 -0.00320699
v 0.00515032 -0.00121631 -0.00329074
v 0.00504649 -0.00188398 -0.00342412
v 0.00473363 -0.00210479 -0.00315426
v 0.00417297 -0.00251310 -0.00269829
v 0.00369953 -0.00279524 -0.00236640
v 0.00322055 -0.00307738 -0.00203450
v 0.00252561 -0.00246403 -0.00111016
v 0.00209785 -0.00277597 -0.00093646
v 0.00337836 -0.00253588 -0.00187941
v 0.00088516 -0.00324561 -0.00031299
v -0.00106537 -0.00369423 0.00041284
v -0.00166895 -0.00399390 0.00047177
v 0.00047955 -0.00283905 0.00004062
v -0.00074144 -0.00324036 0.00049658
v -0.00194582 -0.00369423 0.00066408
v -0.00276673 -0.00365042 0.00085329
v -0.00324018 -0.00287410 0.00120380
v -0.00114428 0.00662052 -0.00319459
v -0.00033167 0.00661526 -0.00323801
v 0.00047955 0.00655218 -0.00341171
v 0.00144721 0.00638044 -0.00376842
v 0.00047955 0.00635941 -0.00300537
v 0.00050447 0.00594759 -0.00230126
v 0.00111635 0.00581441 -0.00254320
v 0.00229165 0.00636467 -0.00462453
v 0.00251869 0.00649785 -0.00516425
v 0.00205355 0.00658898 -0.00484786
v 0.00193588 0.00584069 -0.00332486
v 0.00211307 0.00610180 -0.00395143
v -0.00324018 0.00648734 -0.00350787
v -0.00324018 0.00642425 -0.00329384
v -0.00324018 0.00622623 -0.00262385
v -0.00324018 0.00613685 -0.00234159
v -0.00276673 0.00619994 -0.00234159
v -0.00195551 0.00645404 -0.00286269
v 0.00307104 0.00631209 -0.00558609
v 0.00370507 0.00586698 -0.00565744
v 0.00414113 0.00568998 -0.00597382
v 0.00425050 0.00578812 -0.00639877
v 0.00495236 0.00568998 -0.00759297
v 0.00563761 0.00556731 -0.00883370
v 0.00545626 0.00538331 -0.00802103
v 0.00482085 0.00555855 -0.00705326
v 0.00508664 0.00501705 -0.00655076
v 0.00562792 0.00471914 -0.00705636
v 0.00538843 0.00451761 -0.00632743
v 0.00513094 0.00429681 -0.00558609
v 0.00569160 0.00396385 -0.00610100
v 0.00555455 0.00367645 -0.00554577
v 0.00498558 0.00411631 -0.00511151
v 0.00513509 0.00361512 -0.00481684
v 0.00498974 0.00331896 -0.00430194
v 0.00554901 0.00287559 -0.00476411
v 0.00585080 0.00263026 -0.00502776
v 0.00654435 0.00238316 -0.00602965
v 0.00640869 0.00207824 -0.00557989
v 0.00595047 0.00199237 -0.00476411
v 0.00578158 0.00169972 -0.00432675
v 0.00555593 0.00121605 -0.00383046
v 0.00515032 0.00121605 -0.00329074
v 0.00522230 0.00040468 -0.00320699
v 0.00489560 -0.00040494 -0.00280066
v 0.00482500 -0.00121631 -0.00288440
v 0.00427818 -0.00202768 -0.00258353
v 0.00389749 -0.00202768 -0.00217719
v 0.00262805 -0.00202768 -0.00102951
v 0.00203140 -0.00196810 -0.00060146
v 0.00158702 -0.00219942 -0.00037813
v 0.00303366 -0.00202768 -0.00136761
v 0.00141121 -0.00283905 -0.00049600
v 0.00349326 -0.00202768 -0.00177395
v 0.00100560 -0.00283905 -0.00024165
v -0.00128272 -0.00345240 0.00058344
v 0.00130600 -0.00196810 -0.00015480
v 0.00040480 -0.00196109 0.00029807
v -0.00003266 -0.00218715 0.00045626
v -0.00031506 -0.00291791 0.00040043
v -0.00057393 -0.00269886 0.00056482
v -0.00106537 -0.00291791 0.00067649
v -0.00195551 -0.00283905 0.00095565
v -0.00283318 -0.00277071 0.00117588
v -0.00314881 -0.00245352 0.00131547
v -0.00324018 -0.00256042 0.00129685
v -0.00114428 0.00647507 -0.00279135
v -0.00033167 0.00645579 -0.00283167
v -0.00033167 0.00621571 -0.00234159
v 0.00024975 0.00576183 -0.00181427
v 0.00079103 0.00562339 -0.00200349
v 0.00165763 0.00565318 -0.00278204
v 0.00269311 0.00582317 -0.00413444
v 0.00287723 0.00606150 -0.00482925
v 0.00247577 0.00565318 -0.00359472
v -0.00324018 0.00594934 -0.00182048
v -0.00195551 0.00625777 -0.00234159
v -0.00324018 0.00569524 -0.00113808
v -0.00321803 0.00568648 -0.00111016
v 0.00341989 0.00576008 -0.00503397
v 0.00493159 0.00485758 -0.00601104
v 0.00323439 0.00560412 -0.00449425
v 0.00395979 0.00551825 -0.00543410
v 0.00422835 0.00497675 -0.00503087
v 0.00435294 0.00525714 -0.00565744
v 0.00480562 0.00470162 -0.00558609
v 0.00452044 0.00444752 -0.00480133
v 0.00427126 0.00423723 -0.00417476
v 0.00481254 0.00386046 -0.00457180
v 0.00406915 0.00396735 -0.00363194
v 0.00424358 0.00342586 -0.00341792
v 0.00482085 0.00283879 -0.00371569
v 0.00512402 0.00283879 -0.00412203
v 0.00567775 0.00223947 -0.00448495
v 0.00536212 0.00206247 -0.00394523
v 0.00504649 0.00188372 -0.00342412
v 0.00482500 0.00121605 -0.00288440
v 0.00489560 0.00040468 -0.00280066
v 0.00414806 -0.00015785 -0.00191663
v 0.00442908 -0.00041896 -0.00226714
v 0.00411622 -0.00069935 -0.00195075
v 0.00441939 -0.00121631 -0.00242533
v 0.00404700 -0.00121631 -0.00202210
v 0.00319424 -0.00121631 -0.00123113
v 0.00278863 -0.00121631 -0.00091785
v 0.00219060 -0.00121631 -0.00051151
v 0.00171300 -0.00165792 -0.00030369
v 0.00364277 -0.00121631 -0.00163437
v 0.00129077 -0.00121631 0.00000650
v 0.00056123 -0.00121631 0.00035700
v 0.00008363 -0.00164565 0.00050279
v -0.00031506 -0.00196109 0.00060205
v -0.00114428 -0.00202768 0.00087811
v -0.00195551 -0.00202768 0.00111385
v -0.00257431 -0.00202768 0.00126584
v -0.00297992 -0.00202768 0.00135579
v -0.00324018 -0.00202768 0.00139921
v -0.00324018 -0.00247455 0.00132167
v -0.00114428 0.00628230 -0.00234159
v -0.00114428 0.00589151 -0.00156923
v -0.00033167 0.00584595 -0.00168090
v -0.00033167 0.00555154 -0.00127456
v 0.00027467 0.00500479 -0.00100160
v 0.00053216 0.00531497 -0.00149479
v 0.00081456 0.00480676 -0.00117220
v 0.00129077 0.00503283 -0.00176465
v 0.00134892 0.00547093 -0.00230126
v 0.00170192 0.00487336 -0.00193214
v 0.00202448 0.00502231 -0.00241603
v 0.00216429 0.00549196 -0.00309223
v 0.00330499 0.00485233 -0.00357611
v 0.00299905 0.00535878 -0.00385528
v 0.00251730 0.00487861 -0.00273552
v 0.00270696 0.00505911 -0.00315116
v -0.00324018 0.00568473 -0.00111326
v -0.00324018 0.00567071 -0.00108845
v -0.00276673 0.00542537 -0.00070382
v -0.00276673 0.00568823 -0.00110706
v 0.00373552 0.00529043 -0.00476101
v 0.00351126 0.00506262 -0.00411583
v 0.00405115 0.00477873 -0.00448805
v 0.00379090 0.00454390 -0.00387389
v 0.00352926 0.00431083 -0.00331866
v 0.00329115 0.00401642 -0.00277894
v 0.00377428 0.00372201 -0.00309843
v 0.00401793 0.00305259 -0.00287820
v 0.00438339 0.00280550 -0.00315116
v 0.00493713 0.00242522 -0.00356370
v 0.00473225 0.00210453 -0.00315426
v 0.00427680 0.00202742 -0.00258353
v 0.00441800 0.00121605 -0.00242844
v 0.00411622 0.00069909 -0.00195075
v 0.00442908 0.00041870 -0.00226714
v 0.00414806 0.00015934 -0.00191663
v 0.00328700 0.00040468 -0.00115048
v 0.00328561 -0.00040494 -0.00115048
v 0.00379782 -0.00041896 -0.00162196
v 0.00288000 -0.00040494 -0.00085891
v 0.00227919 -0.00040494 -0.00045257
v 0.00178498 -0.00121631 -0.00025716
v 0.00187358 -0.00040494 -0.00021063
v 0.00129077 -0.00040494 0.00009645
v 0.00064706 -0.00040494 0.00040043
v 0.00015561 -0.00121631 0.00053381
v -0.00033167 -0.00121631 0.00071061
v -0.00114428 -0.00121631 0.00097427
v -0.00239850 -0.00150721 0.00130306
v -0.00324018 -0.00122157 0.00149847
v -0.00188490 0.00584945 -0.00144826
v -0.00156789 0.00567947 -0.00112567
v -0.00114428 0.00565143 -0.00116289
v -0.00111383 0.00520106 -0.00065109
v -0.00136439 0.00491892 -0.00026336
v -0.00082311 0.00483655 -0.00033781
v -0.00033167 0.00514498 -0.00084651
v -0.00033167 0.00467533 -0.00044017
v 0.00012377 0.00410229 -0.00028508
v 0.00046848 0.00445453 -0.00072243
v 0.00108451 0.00426527 -0.00098299
v 0.00132954 0.00450710 -0.00134590
v 0.00188189 0.00446329 -0.00177085
v 0.00247992 0.00401993 -0.00196006
v 0.00228750 0.00446329 -0.00214927
v 0.00313749 0.00453339 -0.00308912
v 0.00269727 0.00446329 -0.00255561
v -0.00324018 0.00518003 -0.00038123
v -0.00210778 0.00568473 -0.00111636
v -0.00324018 0.00501180 -0.00014859
v -0.00276673 0.00501881 -0.00014239
v 0.00298382 0.00374830 -0.00227024
v 0.00347803 0.00347668 -0.00257732
v 0.00369676 0.00279323 -0.00236640
v 0.00417159 0.00251109 -0.00269829
v 0.00389611 0.00202742 -0.00217719
v 0.00404561 0.00121605 -0.00202210
v 0.00364139 0.00121605 -0.00163747
v 0.00319424 0.00121605 -0.00123113
v 0.00379782 0.00041870 -0.00162196
v 0.00278863 0.00121605 -0.00091475
v 0.00288000 0.00040468 -0.00085581
v 0.00228335 0.00040468 -0.00044947
v 0.00187774 0.00040468 -0.00020753
v 0.00129077 0.00040468 0.00009955
v 0.00064706 0.00040468 0.00040043
v 0.00024144 -0.00040494 0.00056482
v -0.00033167 -0.00040494 0.00076954
v -0.00114428 -0.00040494 0.00103010
v -0.00200950 -0.00122858 0.00121931
v -0.00231543 -0.00096747 0.00132167
v -0.00270859 -0.00122858 0.00139301
v -0.00324018 -0.00040494 0.00153259
v -0.00276673 -0.00040494 0.00143954
v -0.00195551 0.00497675 -0.00019822
v -0.00193751 0.00441597 0.00025154
v -0.00219500 0.00411456 0.00053691
v -0.00165510 0.00400065 0.00047487
v -0.00111383 0.00452462 -0.00004003
v -0.00033167 0.00427052 -0.00017341
v 0.00071212 0.00365017 -0.00041535
v -0.00033167 0.00365017 0.00013987
v 0.00030512 0.00365017 -0.00017961
v 0.00132954 0.00367470 -0.00082479
v 0.00162579 0.00396034 -0.00117840
v 0.00267650 0.00347843 -0.00178015
v -0.00324018 0.00478048 0.00009025
v -0.00276673 0.00458596 0.00026395
v 0.00321778 0.00307362 -0.00203761
v 0.00337559 0.00253387 -0.00188251
v 0.00349049 0.00202742 -0.00177395
v 0.00262251 0.00202742 -0.00103572
v 0.00302812 0.00202742 -0.00137071
v 0.00203001 0.00196784 -0.00060766
v 0.00219475 0.00121605 -0.00050841
v 0.00178775 0.00121605 -0.00025716
v 0.00129077 0.00121605 0.00000650
v 0.00056123 0.00121605 0.00035700
v 0.00015561 0.00121605 0.00053381
v 0.00024144 0.00040468 0.00056482
v -0.00033167 0.00040468 0.00076954
v -0.00114428 0.00040468 0.00103010
v -0.00186968 0.00040468 0.00123172
v -0.00187106 -0.00040494 0.00122862
v -0.00227667 -0.00040494 0.00133097
v -0.00324018 0.00040468 0.00153569
v -0.00276673 0.00040468 0.00144264
v -0.00276673 0.00417940 0.00058654
v -0.00276673 0.00365017 0.00085640
v -0.00193751 0.00369748 0.00066719
v -0.00128410 0.00345915 0.00058654
v -0.00106537 0.00369748 0.00041594
v 0.00087409 0.00322958 -0.00031920
v 0.00055431 0.00291064 -0.00003073
v -0.00074282 0.00323835 0.00049658
v 0.00182236 0.00342060 -0.00103262
v 0.00236226 0.00299301 -0.00124044
v 0.00286754 0.00276344 -0.00155993
v -0.00324018 0.00459823 0.00025774
v -0.00324018 0.00436165 0.00046557
v -0.00324018 0.00419342 0.00060205
v 0.00251730 0.00245151 -0.00111636
v 0.00158702 0.00219741 -0.00037813
v 0.00171161 0.00165591 -0.00030369
v 0.00130600 0.00196784 -0.00015480
v 0.00040341 0.00196083 0.00029807
v 0.00008363 0.00164539 0.00050279
v -0.00033167 0.00121605 0.00071061
v -0.00114428 0.00121605 0.00097737
v -0.00200811 0.00122832 0.00122241
v -0.00231405 0.00096546 0.00132167
v -0.00227529 0.00040468 0.00133097
v -0.00324018 0.00122131 0.00149847
v -0.00270859 0.00122832 0.00139301
v -0.00324018 0.00387097 0.00078816
v -0.00324018 0.00365017 0.00089982
v -0.00324018 0.00324886 0.00107352
v -0.00282903 0.00277395 0.00117278
v -0.00195551 0.00283879 0.00095876
v 0.00130600 0.00291064 -0.00046188
v 0.00104713 0.00268809 -0.00021994
v -0.00031506 0.00291765 0.00039733
v -0.00106537 0.00291765 0.00067959
v -0.00057393 0.00269860 0.00056482
v 0.00209646 0.00276870 -0.00094266
v -0.00003266 0.00218689 0.00045316
v -0.00031506 0.00196083 0.00060205
v -0.00114428 0.00202742 0.00088121
v -0.00239988 0.00150695 0.00130306
v -0.00324018 0.00167168 0.00144574
v -0.00297438 0.00202742 0.00135579
v -0.00324018 0.00287735 0.00120070
v -0.00314189 0.00245852 0.00131857
v -0.00256877 0.00202742 0.00126584
v -0.00195551 0.00202742 0.00111385
v -0.00324018 0.00202742 0.00140232
v -0.00324018 0.00248130 0.00132477
v -0.00324018 0.00236214 0.00134959
f 1 2 3
f 1 3 4
f 1 4 13
f 1 13 24
f 1 24 50
f 1 50 49
f 1 49 72
f 1 72 107
f 1 107 150
f 1 150 198
f 1 198 239
f 1 239 280
f 1 280 323
f 1 323 322
f 1 322 364
f 1 364 405
f 1 405 439
f 1 439 473
f 1 473 505
f 1 505 504
f 1 504 539
f 1 539 566
f 1 566 565
f 1 565 561
f 1 561 556
f 1 556 555
f 1 555 554
f 1 554 553
f 1 553 552
f 1 552 560
f 1 560 559
f 1 559 558
f 1 558 557
f 1 557 577
f 1 577 576
f 1 576 564
f 1 564 534
f 1 534 533
f 1 533 532
f 1 532 531
f 1 531 530
f 1 530 529
f 1 529 528
f 1 528 527
f 1 527 525
f 1 525 524
f 1 524 562
f 1 562 563
f 1 563 575
f 1 575 548
f 1 548 547
f 1 547 572
f 1 572 574
f 1 574 573
f 1 573 571
f 1 571 570
f 1 570 569
f 1 569 568
f 1 568 567
f 1 567 541
f 1 541 540
f 1 540 507
f 1 507 506
f 1 506 474
f 1 474 446
f 1 446 445
f 1 445 444
f 1 444 443
f 1 443 442
f 1 442 441
f 1 441 412
f 1 412 371
f 1 371 334
f 1 334 333
f 1 333 332
f 1 332 331
f 1 331 291
f 1 291 267
f 1 267 230
f 1 230 186
f 1 186 185
f 1 185 183
f 1 183 182
f 1 182 180
f 1 180 179
f 1 179 229
f 1 229 228
f 1 228 177
f 1 177 175
f 1 175 176
f 1 176 174
f 1 174 173
f 1 173 227
f 1 227 225
f 1 225 226
f 1 226 192
f 1 192 193
f 1 193 191
f 1 191 190
f 1 190 189
f 1 189 188
f 1 188 161
f 1 161 160
f 1 160 158
f 1 158 114
f 1 114 79
f 1 79 55
f 1 55 32
f 1 32 15
f 1 15 6
f 1 6 2
f 2 5 3
f 2 6 7
f 2 7 5
f 3 5 8
f 3 8 9
f 3 9 10
f 3 10 11
f 3 11 12
f 3 12 4
f 4 12 13
f 5 7 14
f 5 14 8
f 6 15 16
f 6 16 7
f 7 16 14
f 8 17 18
f 8 18 9
f 8 14 17
f 9 18 10
f 10 18 19
f 10 19 20
f 10 20 11
f 11 20 12
f 12 20 21
f 12 21 22
f 12 22 47
f 12 47 23
f 12 23 13
f 13 23 24
f 14 16 25
f 14 25 26
f 14 26 27
f 14 27 28
f 14 28 29
f 14 29 30
f 14 30 31
f 14 31 17
f 15 32 33
f 15 33 34
f 15 34 16
f 16 34 25
f 17 35 36
f 17 36 18
f 17 31 37
f 17 37 35
f 18 36 38
f 18 38 19
f 19 38 39
f 19 39 40
f 19 40 41
f 19 41 42
f 19 42 20
f 20 42 21
f 21 43 44
f 21 44 45
f 21 45 22
f 21 42 46
f 21 46 43
f 22 45 48
f 22 48 67
f 22 67 47
f 23 47 49
f 23 49 50
f 23 50 24
f 25 34 26
f 26 34 51
f 26 51 52
f 26 52 27
f 27 52 28
f 28 52 53
f 28 53 54
f 28 54 29
f 29 54 37
f 29 37 30
f 30 37 31
f 32 55 56
f 32 56 33
f 33 56 57
f 33 57 34
f 34 57 51
f 35 37 58
f 35 58 36
f 36 59 38
f 36 58 59
f 37 54 60
f 37 60 58
f 38 59 61
f 38 61 39
f 39 61 62
f 39 62 40
f 40 62 63
f 40 63 41
f 41 63 46
f 41 46 42
f 43 64 44
f 43 46 58
f 43 58 64
f 44 65 66
f 44 66 48
f 44 48 45
f 44 64 65
f 46 63 58
f 47 67 68
f 47 68 69
f 47 69 49
f 48 66 70
f 48 70 71
f 48 71 93
f 48 93 67
f 49 69 73
f 49 73 74
f 49 74 72
f 51 57 75
f 51 75 52
f 52 75 76
f 52 76 77
f 52 77 78
f 52 78 60
f 52 60 53
f 53 60 54
f 55 79 80
f 55 80 56
f 56 80 81
f 56 81 57
f 57 81 75
f 58 60 82
f 58 82 83
f 58 83 84
f 58 84 64
f 58 63 62
f 58 62 61
f 58 61 59
f 60 85 82
f 60 78 86
f 60 86 87
f 60 87 88
f 60 88 89
f 60 89 90
f 60 90 91
f 60 91 85
f 64 84 65
f 65 84 83
f 65 83 92
f 65 92 70
f 65 70 66
f 67 93 94
f 67 94 68
f 68 95 96
f 68 96 97
f 68 97 69
f 68 94 98
f 68 98 99
f 68 99 95
f 69 97 96
f 69 96 100
f 69 100 73
f 70 92 101
f 70 101 71
f 71 101 102
f 71 102 103
f 71 103 104
f 71 104 105
f 71 105 106
f 71 106 93
f 72 74 108
f 72 108 107
f 73 100 109
f 73 109 108
f 73 108 74
f 75 81 76
f 76 81 110
f 76 110 111
f 76 111 112
f 76 112 113
f 76 113 77
f 77 113 78
f 78 113 86
f 79 114 115
f 79 115 80
f 80 115 110
f 80 110 81
f 82 85 116
f 82 116 117
f 82 117 118
f 82 118 119
f 82 119 120
f 82 120 83
f 83 120 92
f 85 91 121
f 85 121 122
f 85 122 123
f 85 123 124
f 85 124 125
f 85 125 126
f 85 126 127
f 85 127 128
f 85 128 129
f 85 129 130
f 85 130 131
f 85 131 132
f 85 132 116
f 86 113 87
f 87 113 133
f 87 133 88
f 88 133 134
f 88 134 90
f 88 90 89
f 90 134 135
f 90 135 136
f 90 136 91
f 91 136 137
f 91 137 138
f 91 138 139
f 91 139 121
f 92 140 101
f 92 120 119
f 92 119 140
f 93 106 98
f 93 98 94
f 95 141 142
f 95 142 100
f 95 100 96
f 95 99 143
f 95 143 144
f 95 144 145
f 95 145 141
f 98 106 146
f 98 146 147
f 98 147 99
f 99 147 148
f 99 148 149
f 99 149 143
f 100 142 150
f 100 150 109
f 101 140 151
f 101 151 152
f 101 152 153
f 101 153 103
f 101 103 102
f 103 153 154
f 103 154 155
f 103 155 104
f 104 156 106
f 104 106 105
f 104 155 157
f 104 157 156
f 106 156 146
f 107 108 150
f 108 109 150
f 110 115 111
f 111 158 112
f 111 115 159
f 111 159 114
f 111 114 158
f 112 135 113
f 112 158 160
f 112 160 161
f 112 161 135
f 113 135 133
f 114 159 115
f 116 132 162
f 116 162 163
f 116 163 164
f 116 164 165
f 116 165 166
f 116 166 117
f 117 167 118
f 117 166 167
f 118 167 168
f 118 168 119
f 119 168 169
f 119 169 170
f 119 170 140
f 121 139 171
f 121 171 122
f 122 171 123
f 123 172 173
f 123 173 174
f 123 174 124
f 123 171 172
f 124 174 125
f 125 175 126
f 125 174 176
f 125 176 175
f 126 175 177
f 126 177 178
f 126 178 127
f 127 178 128
f 128 179 180
f 128 180 129
f 128 178 181
f 128 181 179
f 129 180 182
f 129 182 130
f 130 183 184
f 130 184 132
f 130 132 131
f 130 182 183
f 132 184 185
f 132 185 186
f 132 186 187
f 132 187 163
f 132 163 162
f 133 135 134
f 135 161 188
f 135 188 136
f 136 189 190
f 136 190 137
f 136 188 189
f 137 190 138
f 138 190 191
f 138 191 139
f 139 192 171
f 139 191 193
f 139 193 192
f 140 170 151
f 141 145 194
f 141 194 231
f 141 231 195
f 141 195 196
f 141 196 142
f 142 196 237
f 142 237 197
f 142 197 198
f 142 198 150
f 143 149 199
f 143 199 200
f 143 200 144
f 144 194 145
f 144 200 201
f 144 201 202
f 144 202 194
f 146 201 147
f 146 156 201
f 147 201 148
f 148 201 149
f 149 201 199
f 151 170 203
f 151 203 152
f 152 204 153
f 152 203 205
f 152 205 204
f 153 204 154
f 154 204 206
f 154 206 207
f 154 207 155
f 155 207 208
f 155 208 157
f 156 209 201
f 156 157 211
f 156 211 209
f 157 210 211
f 157 208 212
f 157 212 210
f 163 187 213
f 163 213 214
f 163 214 215
f 163 215 164
f 164 215 216
f 164 216 217
f 164 217 218
f 164 218 166
f 164 166 165
f 166 218 219
f 166 219 220
f 166 220 221
f 166 221 222
f 166 222 223
f 166 223 167
f 167 223 224
f 167 224 168
f 168 224 169
f 169 224 170
f 170 224 203
f 171 225 172
f 171 192 226
f 171 226 225
f 172 227 173
f 172 225 227
f 177 228 178
f 178 228 181
f 179 181 229
f 181 228 229
f 183 185 184
f 186 230 213
f 186 213 187
f 194 202 231
f 195 231 232
f 195 232 233
f 195 233 234
f 195 234 235
f 195 235 196
f 196 235 236
f 196 236 237
f 197 237 238
f 197 238 239
f 197 239 198
f 199 201 200
f 201 209 202
f 202 209 240
f 202 240 231
f 203 224 241
f 203 241 205
f 204 205 242
f 204 242 206
f 205 241 243
f 205 243 242
f 206 242 244
f 206 244 245
f 206 245 207
f 207 245 246
f 207 246 247
f 207 247 208
f 208 247 248
f 208 248 212
f 209 211 240
f 210 249 211
f 210 212 248
f 210 248 250
f 210 250 249
f 211 249 240
f 213 230 251
f 213 251 214
f 214 251 252
f 214 252 253
f 214 253 254
f 214 254 215
f 215 254 255
f 215 255 216
f 216 255 256
f 216 256 217
f 217 256 218
f 218 257 220
f 218 220 219
f 218 256 258
f 218 258 257
f 220 257 259
f 220 259 221
f 221 259 260
f 221 260 261
f 221 261 262
f 221 262 263
f 221 263 264
f 221 264 265
f 221 265 222
f 222 265 266
f 222 266 223
f 223 266 224
f 224 266 241
f 230 267 251
f 231 240 268
f 231 268 269
f 231 269 270
f 231 270 232
f 232 270 271
f 232 271 272
f 232 272 233
f 233 272 234
f 234 272 273
f 234 273 274
f 234 274 236
f 234 236 235
f 236 274 275
f 236 275 276
f 236 276 277
f 236 277 237
f 237 277 278
f 237 278 279
f 237 279 280
f 237 280 238
f 238 280 239
f 240 249 268
f 241 266 265
f 241 265 243
f 242 243 281
f 242 281 282
f 242 282 244
f 243 265 283
f 243 283 281
f 244 282 284
f 244 284 246
f 244 246 245
f 246 284 248
f 246 248 247
f 248 284 285
f 248 285 286
f 248 286 287
f 248 287 288
f 248 288 250
f 249 289 268
f 249 250 288
f 249 288 287
f 249 287 290
f 249 290 289
f 251 267 252
f 252 291 292
f 252 292 253
f 252 267 291
f 253 293 294
f 253 294 295
f 253 295 254
f 253 292 293
f 254 295 255
f 255 295 256
f 256 295 296
f 256 296 258
f 257 258 297
f 257 297 298
f 257 298 299
f 257 299 259
f 258 296 300
f 258 300 301
f 258 301 298
f 258 298 297
f 259 299 302
f 259 302 260
f 260 302 303
f 260 303 261
f 261 303 262
f 262 303 285
f 262 285 304
f 262 304 264
f 262 264 263
f 264 304 283
f 264 283 265
f 268 289 305
f 268 305 270
f 268 270 269
f 270 305 306
f 270 306 307
f 270 307 308
f 270 308 271
f 271 308 309
f 271 309 310
f 271 310 311
f 271 311 272
f 272 311 312
f 272 312 273
f 273 312 313
f 273 313 314
f 273 314 274
f 274 314 315
f 274 315 316
f 274 316 275
f 275 316 315
f 275 315 317
f 275 317 276
f 276 318 277
f 276 317 319
f 276 319 318
f 277 318 320
f 277 320 278
f 278 320 279
f 279 321 322
f 279 322 323
f 279 323 280
f 279 320 324
f 279 324 321
f 281 284 282
f 281 283 304
f 281 304 284
f 284 304 285
f 285 303 325
f 285 325 286
f 286 326 327
f 286 327 287
f 286 325 365
f 286 365 326
f 287 327 290
f 289 290 327
f 289 327 328
f 289 328 329
f 289 329 330
f 289 330 305
f 291 331 292
f 292 331 293
f 293 332 333
f 293 333 334
f 293 334 335
f 293 335 294
f 293 331 332
f 294 336 295
f 294 335 336
f 295 336 296
f 296 336 300
f 298 301 337
f 298 337 338
f 298 338 299
f 299 338 339
f 299 339 302
f 300 336 340
f 300 340 341
f 300 341 301
f 301 341 337
f 302 339 342
f 302 342 343
f 302 343 344
f 302 344 325
f 302 325 303
f 305 330 306
f 306 330 345
f 306 345 346
f 306 346 307
f 307 346 347
f 307 347 308
f 308 347 309
f 309 347 348
f 309 348 349
f 309 349 350
f 309 350 310
f 310 350 351
f 310 351 311
f 311 351 352
f 311 352 353
f 311 353 313
f 311 313 312
f 313 353 354
f 313 354 314
f 314 354 355
f 314 355 315
f 315 355 356
f 315 356 317
f 317 356 357
f 317 357 319
f 318 319 358
f 318 358 359
f 318 359 320
f 319 357 358
f 320 359 360
f 320 360 324
f 321 324 361
f 321 361 362
f 321 362 363
f 321 363 322
f 322 363 404
f 322 404 364
f 324 360 397
f 324 397 361
f 325 344 366
f 325 366 365
f 326 367 368
f 326 368 327
f 326 365 367
f 327 368 328
f 328 368 329
f 329 368 369
f 329 369 330
f 330 369 370
f 330 370 345
f 334 371 372
f 334 372 335
f 335 372 336
f 336 372 340
f 337 373 338
f 337 341 373
f 338 373 374
f 338 374 339
f 339 374 342
f 340 375 341
f 340 372 376
f 340 376 375
f 341 375 377
f 341 377 378
f 341 378 373
f 342 374 379
f 342 379 380
f 342 380 343
f 343 381 366
f 343 366 344
f 343 380 381
f 345 370 382
f 345 382 346
f 346 382 383
f 346 383 347
f 347 383 384
f 347 384 348
f 348 384 349
f 349 385 350
f 349 384 386
f 349 386 387
f 349 387 385
f 350 385 351
f 351 385 352
f 352 385 388
f 352 388 353
f 353 388 389
f 353 389 390
f 353 390 391
f 353 391 354
f 354 392 355
f 354 391 393
f 354 393 392
f 355 392 356
f 356 392 394
f 356 394 357
f 357 394 395
f 357 395 396
f 357 396 358
f 358 396 360
f 358 360 359
f 360 396 398
f 360 398 397
f 361 397 362
f 362 399 400
f 362 400 401
f 362 401 402
f 362 402 403
f 362 403 404
f 362 404 363
f 362 397 399
f 364 404 405
f 365 406 407
f 365 407 408
f 365 408 367
f 365 366 406
f 366 381 409
f 366 409 407
f 366 407 406
f 367 370 369
f 367 369 368
f 367 408 370
f 370 408 410
f 370 410 411
f 370 411 382
f 371 412 376
f 371 376 372
f 373 378 413
f 373 413 379
f 373 379 374
f 375 376 414
f 375 414 415
f 375 415 377
f 376 412 414
f 377 415 416
f 377 416 417
f 377 417 378
f 378 417 418
f 378 418 413
f 379 413 419
f 379 419 420
f 379 420 421
f 379 421 380
f 380 421 381
f 381 421 422
f 381 422 423
f 381 423 409
f 382 386 384
f 382 384 383
f 382 411 386
f 385 387 424
f 385 424 389
f 385 389 388
f 386 411 425
f 386 425 387
f 387 425 424
f 389 424 426
f 389 426 390
f 390 426 393
f 390 393 391
f 392 427 394
f 392 393 428
f 392 428 427
f 393 426 429
f 393 429 428
f 394 427 430
f 394 430 461
f 394 461 431
f 394 431 395
f 395 431 398
f 395 398 396
f 397 398 432
f 397 432 399
f 398 431 432
f 399 432 400
f 400 432 433
f 400 433 401
f 401 433 402
f 402 434 403
f 402 433 435
f 402 435 434
f 403 436 437
f 403 437 404
f 403 434 435
f 403 435 436
f 404 437 438
f 404 438 405
f 405 438 439
f 407 409 408
f 408 409 410
f 409 423 411
f 409 411 410
f 411 423 440
f 411 440 425
f 412 441 414
f 413 418 419
f 414 441 442
f 414 442 415
f 415 442 443
f 415 443 416
f 416 443 444
f 416 444 445
f 416 445 446
f 416 446 447
f 416 447 417
f 417 448 418
f 417 447 448
f 418 448 449
f 418 449 419
f 419 449 450
f 419 450 421
f 419 421 420
f 421 451 423
f 421 423 422
f 421 450 452
f 421 452 451
f 423 451 453
f 423 453 440
f 424 425 440
f 424 440 426
f 426 440 453
f 426 453 429
f 427 428 430
f 428 429 454
f 428 454 455
f 428 455 456
f 428 456 457
f 428 457 458
f 428 458 459
f 428 459 460
f 428 460 435
f 428 435 433
f 428 433 461
f 428 461 462
f 428 462 430
f 429 463 464
f 429 464 465
f 429 465 466
f 429 466 467
f 429 467 454
f 429 453 468
f 429 468 463
f 430 462 461
f 431 461 432
f 432 461 433
f 435 460 469
f 435 469 470
f 435 470 471
f 435 471 436
f 436 471 438
f 436 438 437
f 438 471 472
f 438 472 439
f 439 472 473
f 446 474 447
f 447 474 475
f 447 475 448
f 448 475 476
f 448 476 477
f 448 477 449
f 449 477 450
f 450 477 478
f 450 478 479
f 450 479 452
f 451 452 480
f 451 480 453
f 452 479 480
f 453 480 481
f 453 481 482
f 453 482 468
f 454 467 483
f 454 483 484
f 454 484 456
f 454 456 455
f 456 485 457
f 456 484 486
f 456 486 487
f 456 487 485
f 457 485 488
f 457 488 458
f 458 488 489
f 458 489 490
f 458 490 459
f 459 490 491
f 459 491 460
f 460 491 469
f 463 492 493
f 463 493 494
f 463 494 495
f 463 495 496
f 463 496 464
f 463 468 497
f 463 497 492
f 464 496 465
f 465 496 498
f 465 498 499
f 465 499 500
f 465 500 466
f 466 500 499
f 466 499 467
f 467 499 483
f 468 482 497
f 469 491 490
f 469 490 501
f 469 501 502
f 469 502 470
f 470 502 503
f 470 503 472
f 470 472 471
f 472 503 504
f 472 504 505
f 472 505 473
f 474 506 475
f 475 506 507
f 475 507 508
f 475 508 476
f 476 508 509
f 476 509 477
f 477 509 510
f 477 510 478
f 478 510 480
f 478 480 479
f 480 510 511
f 480 511 512
f 480 512 481
f 481 512 482
f 482 512 513
f 482 513 497
f 483 514 515
f 483 515 484
f 483 499 514
f 484 515 487
f 484 487 486
f 485 516 517
f 485 517 488
f 485 487 516
f 487 515 518
f 487 518 519
f 487 519 520
f 487 520 516
f 488 517 489
f 489 517 490
f 490 517 521
f 490 521 522
f 490 522 501
f 492 523 524
f 492 524 525
f 492 525 493
f 492 497 526
f 492 526 523
f 493 527 528
f 493 528 494
f 493 525 527
f 494 528 529
f 494 529 530
f 494 530 531
f 494 531 495
f 495 531 532
f 495 532 496
f 496 532 533
f 496 533 534
f 496 534 498
f 497 513 526
f 498 534 535
f 498 535 514
f 498 514 499
f 501 522 536
f 501 536 537
f 501 537 538
f 501 538 503
f 501 503 502
f 503 538 537
f 503 537 539
f 503 539 504
f 507 540 508
f 508 540 541
f 508 541 542
f 508 542 509
f 509 542 543
f 509 543 511
f 509 511 510
f 511 543 544
f 511 544 512
f 512 545 513
f 512 544 546
f 512 546 545
f 513 545 547
f 513 547 548
f 513 548 549
f 513 549 526
f 514 535 550
f 514 550 551
f 514 551 515
f 515 551 518
f 516 520 552
f 516 552 553
f 516 553 517
f 517 553 554
f 517 554 555
f 517 555 556
f 517 556 521
f 518 551 557
f 518 557 558
f 518 558 559
f 518 559 519
f 519 559 560
f 519 560 552
f 519 552 520
f 521 556 561
f 521 561 522
f 522 561 536
f 523 526 524
f 524 526 562
f 526 549 563
f 526 563 562
f 534 564 535
f 535 564 550
f 536 561 537
f 537 561 565
f 537 565 566
f 537 566 539
f 541 567 542
f 542 567 543
f 543 567 568
f 543 568 569
f 543 569 544
f 544 570 571
f 544 571 546
f 544 569 570
f 545 572 547
f 545 546 572
f 546 571 573
f 546 573 574
f 546 574 572
f 548 575 549
f 549 575 563
f 550 576 551
f 550 564 576
f 551 577 557
f 551 576 577
f 578 579 580
f 578 580 581
f 578 581 582
f 578 582 583
f 578 583 584
f 578 584 579
f 579 584 585
f 579 585 586
f 579 586 587
f 579 587 588
f 579 588 580
f 580 588 589
f 580 589 590
f 580 590 581
f 581 591 582
f 581 590 592
f 581 592 593
f 581 593 594
f 581 594 591
f 582 591 595
f 582 595 583
f 583 596 597
f 583 597 584
f 583 595 596
f 584 597 598
f 584 598 585
f 585 599 600
f 585 600 601
f 585 601 586
f 585 598 599
f 586 601 602
f 586 602 587
f 587 602 588
f 588 602 601
f 588 601 589
f 589 601 603
f 589 603 604
f 589 604 605
f 589 605 590
f 590 605 606
f 590 606 592
f 591 594 593
f 591 593 607
f 591 607 608
f 591 608 609
f 591 609 595
f 592 606 593
f 593 606 605
f 593 605 610
f 593 610 611
f 593 611 607
f 595 609 608
f 595 608 612
f 595 612 613
f 595 613 614
f 595 614 615
f 595 615 616
f 595 616 617
f 595 617 596
f 596 618 597
f 596 617 619
f 596 619 620
f 596 620 618
f 597 618 621
f 597 621 622
f 597 622 598
f 598 622 623
f 598 623 624
f 598 624 625
f 598 625 626
f 598 626 599
f 599 627 628
f 599 628 600
f 599 626 627
f 600 628 629
f 600 629 630
f 600 630 631
f 600 631 601
f 601 631 604
f 601 604 603
f 604 630 632
f 604 632 605
f 604 631 630
f 605 632 667
f 605 667 633
f 605 633 634
f 605 634 610
f 607 611 635
f 607 635 612
f 607 612 608
f 610 634 611
f 611 634 636
f 611 636 637
f 611 637 638
f 611 638 639
f 611 639 640
f 611 640 635
f 612 635 669
f 612 669 641
f 612 641 642
f 612 642 613
f 613 642 614
f 614 642 615
f 615 642 643
f 615 643 619
f 615 619 616
f 616 619 617
f 618 620 644
f 618 644 645
f 618 645 646
f 618 646 647
f 618 647 648
f 618 648 649
f 618 649 621
f 619 643 650
f 619 650 651
f 619 651 644
f 619 644 620
f 621 649 652
f 621 652 622
f 622 653 623
f 622 652 654
f 622 654 653
f 623 653 655
f 623 655 624
f 624 655 656
f 624 656 625
f 625 656 657
f 625 657 658
f 625 658 659
f 625 659 626
f 626 659 660
f 626 660 627
f 627 660 661
f 627 661 662
f 627 662 663
f 627 663 628
f 628 663 664
f 628 664 665
f 628 665 629
f 629 665 630
f 630 665 666
f 630 666 632
f 632 666 667
f 633 667 708
f 633 708 668
f 633 668 636
f 633 636 634
f 635 640 670
f 635 670 671
f 635 671 669
f 636 668 672
f 636 672 673
f 636 673 637
f 637 673 674
f 637 674 675
f 637 675 676
f 637 676 638
f 638 676 677
f 638 677 678
f 638 678 639
f 639 678 670
f 639 670 640
f 641 669 679
f 641 679 680
f 641 680 681
f 641 681 642
f 642 682 650
f 642 650 643
f 642 681 682
f 644 651 650
f 644 650 682
f 644 682 681
f 644 681 680
f 644 680 726
f 644 726 725
f 644 725 711
f 644 711 710
f 644 710 766
f 644 766 833
f 644 833 846
f 644 846 847
f 644 847 916
f 644 916 915
f 644 915 990
f 644 990 1085
f 644 1085 1084
f 644 1084 1088
f 644 1088 1087
f 644 1087 1185
f 644 1185 1283
f 644 1283 1378
f 644 1378 1382
f 644 1382 1482
f 644 1482 1483
f 644 1483 1485
f 644 1485 1606
f 644 1606 1716
f 644 1716 1829
f 644 1829 1939
f 644 1939 2028
f 644 2028 2099
f 644 2099 2166
f 644 2166 2232
f 644 2232 2284
f 644 2284 2283
f 644 2283 2334
f 644 2334 2377
f 644 2377 2410
f 644 2410 2437
f 644 2437 2454
f 644 2454 2460
f 644 2460 2462
f 644 2462 2461
f 644 2461 2456
f 644 2456 2441
f 644 2441 2440
f 644 2440 2439
f 644 2439 2425
f 644 2425 2424
f 644 2424 2423
f 644 2423 2391
f 644 2391 2354
f 644 2354 2352
f 644 2352 2302
f 644 2302 2301
f 644 2301 2244
f 644 2244 2242
f 644 2242 2182
f 644 2182 2181
f 644 2181 2180
f 644 2180 2179
f 644 2179 2110
f 644 2110 2109
f 644 2109 2108
f 644 2108 2039
f 644 2039 2107
f 644 2107 2037
f 644 2037 2036
f 644 2036 2035
f 644 2035 1945
f 644 1945 1944
f 644 1944 1943
f 644 1943 1940
f 644 1940 1835
f 644 1835 1834
f 644 1834 1833
f 644 1833 1830
f 644 1830 1719
f 644 1719 1608
f 644 1608 1493
f 644 1493 1492
f 644 1492 1491
f 644 1491 1490
f 644 1490 1488
f 644 1488 1388
f 644 1388 1294
f 644 1294 1293
f 644 1293 1292
f 644 1292 1288
f 644 1288 1192
f 644 1192 1095
f 644 1095 1094
f 644 1094 1093
f 644 1093 996
f 644 996 995
f 644 995 994
f 644 994 920
f 644 920 848
f 644 848 849
f 644 849 789
f 644 789 783
f 644 783 782
f 644 782 728
f 644 728 684
f 644 684 654
f 644 654 652
f 644 652 649
f 644 649 648
f 644 648 647
f 644 647 646
f 644 646 645
f 653 683 655
f 653 654 684
f 653 684 685
f 653 685 683
f 655 686 687
f 655 687 656
f 655 683 688
f 655 688 686
f 656 687 689
f 656 689 657
f 657 689 690
f 657 690 691
f 657 691 658
f 658 691 692
f 658 692 693
f 658 693 694
f 658 694 695
f 658 695 696
f 658 696 697
f 658 697 698
f 658 698 660
f 658 660 659
f 660 698 699
f 660 699 661
f 661 699 700
f 661 700 662
f 662 700 701
f 662 701 702
f 662 702 663
f 663 702 703
f 663 703 664
f 664 704 758
f 664 758 705
f 664 705 706
f 664 706 665
f 664 703 704
f 665 706 666
f 666 706 707
f 666 707 708
f 666 708 667
f 668 708 672
f 669 671 679
f 670 678 709
f 670 709 671
f 671 709 710
f 671 710 711
f 671 711 679
f 672 712 673
f 672 708 765
f 672 765 712
f 673 713 714
f 673 714 715
f 673 715 716
f 673 716 674
f 673 712 713
f 674 716 717
f 674 717 675
f 675 717 718
f 675 718 721
f 675 721 719
f 675 719 676
f 676 719 720
f 676 720 721
f 676 721 677
f 677 721 722
f 677 722 723
f 677 723 724
f 677 724 709
f 677 709 678
f 679 711 725
f 679 725 726
f 679 726 680
f 683 685 727
f 683 727 688
f 684 728 685
f 685 728 727
f 686 688 729
f 686 729 730
f 686 730 687
f 687 730 731
f 687 731 689
f 688 727 732
f 688 732 729
f 689 733 734
f 689 734 735
f 689 735 690
f 689 731 733
f 690 735 736
f 690 736 737
f 690 737 691
f 691 737 738
f 691 738 692
f 692 738 739
f 692 739 693
f 693 740 694
f 693 739 741
f 693 741 742
f 693 742 740
f 694 740 695
f 695 740 743
f 695 743 744
f 695 744 697
f 695 697 696
f 697 744 745
f 697 745 746
f 697 746 747
f 697 747 748
f 697 748 698
f 698 748 749
f 698 749 750
f 698 750 699
f 699 750 749
f 699 749 751
f 699 751 752
f 699 752 700
f 700 752 753
f 700 753 701
f 701 753 754
f 701 754 755
f 701 755 756
f 701 756 757
f 701 757 702
f 702 757 704
f 702 704 703
f 704 757 758
f 705 758 759
f 705 759 760
f 705 760 761
f 705 761 762
f 705 762 706
f 706 762 763
f 706 763 764
f 706 764 707
f 707 764 769
f 707 769 765
f 707 765 708
f 709 724 722
f 709 722 710
f 710 722 766
f 712 765 769
f 712 769 713
f 713 767 768
f 713 768 714
f 713 769 770
f 713 770 771
f 713 771 767
f 714 768 715
f 715 768 772
f 715 772 773
f 715 773 717
f 715 717 716
f 717 774 775
f 717 775 718
f 717 773 772
f 717 772 776
f 717 776 777
f 717 777 778
f 717 778 779
f 717 779 774
f 718 775 780
f 718 780 781
f 718 781 721
f 719 721 720
f 721 781 722
f 722 781 766
f 722 724 723
f 727 728 782
f 727 782 783
f 727 783 732
f 729 784 730
f 729 732 785
f 729 785 784
f 730 784 786
f 730 786 731
f 731 786 787
f 731 787 788
f 731 788 733
f 732 783 789
f 732 789 785
f 733 788 734
f 734 790 735
f 734 788 791
f 734 791 792
f 734 792 790
f 735 790 736
f 736 790 793
f 736 793 794
f 736 794 737
f 737 794 795
f 737 795 738
f 738 795 796
f 738 796 797
f 738 797 739
f 739 797 798
f 739 798 741
f 740 799 743
f 740 742 800
f 740 800 801
f 740 801 802
f 740 802 803
f 740 803 799
f 741 804 805
f 741 805 806
f 741 806 742
f 741 798 797
f 741 797 804
f 742 806 807
f 742 807 808
f 742 808 809
f 742 809 810
f 742 810 800
f 743 799 811
f 743 811 812
f 743 812 744
f 744 812 745
f 745 813 814
f 745 814 815
f 745 815 746
f 745 812 813
f 746 816 747
f 746 815 817
f 746 817 818
f 746 818 816
f 747 816 819
f 747 819 748
f 748 819 749
f 749 819 751
f 751 819 820
f 751 820 821
f 751 821 752
f 752 821 753
f 753 821 822
f 753 822 754
f 754 822 823
f 754 823 824
f 754 824 755
f 755 824 825
f 755 825 756
f 756 758 757
f 756 825 758
f 758 825 826
f 758 826 827
f 758 827 828
f 758 828 829
f 758 829 759
f 759 829 830
f 759 830 760
f 760 830 831
f 760 831 832
f 760 832 761
f 761 832 763
f 761 763 762
f 763 832 770
f 763 770 769
f 763 769 764
f 766 781 833
f 767 834 835
f 767 835 768
f 767 771 837
f 767 837 834
f 768 835 836
f 768 836 772
f 770 832 771
f 771 832 831
f 771 831 837
f 772 838 776
f 772 836 839
f 772 839 778
f 772 778 777
f 772 777 838
f 774 840 775
f 774 779 841
f 774 841 840
f 775 840 842
f 775 842 780
f 776 838 777
f 778 839 843
f 778 843 844
f 778 844 845
f 778 845 779
f 779 845 841
f 780 846 781
f 780 842 847
f 780 847 846
f 781 846 833
f 784 785 848
f 784 848 786
f 785 789 849
f 785 849 848
f 786 848 850
f 786 850 851
f 786 851 787
f 787 851 852
f 787 852 788
f 788 852 853
f 788 853 854
f 788 854 855
f 788 855 791
f 790 792 856
f 790 856 857
f 790 857 793
f 791 855 858
f 791 858 859
f 791 859 860
f 791 860 861
f 791 861 862
f 791 862 792
f 792 863 864
f 792 864 856
f 792 862 865
f 792 865 863
f 793 857 866
f 793 866 867
f 793 867 794
f 794 867 795
f 795 867 868
f 795 868 796
f 796 868 804
f 796 804 797
f 799 869 870
f 799 870 811
f 799 803 869
f 800 810 801
f 801 810 871
f 801 871 872
f 801 872 802
f 802 871 873
f 802 873 803
f 802 872 871
f 803 874 875
f 803 875 869
f 803 873 876
f 803 876 877
f 803 877 878
f 803 878 879
f 803 879 880
f 803 880 874
f 804 881 805
f 804 868 881
f 805 881 882
f 805 882 883
f 805 883 806
f 806 883 807
f 807 884 885
f 807 885 886
f 807 886 808
f 807 883 884
f 808 887 810
f 808 810 809
f 808 886 888
f 808 888 887
f 810 887 888
f 810 888 871
f 811 870 812
f 812 870 813
f 813 870 814
f 814 875 880
f 814 880 889
f 814 889 817
f 814 817 815
f 814 870 875
f 816 818 819
f 817 889 818
f 818 889 890
f 818 890 891
f 818 891 892
f 818 892 819
f 819 892 820
f 820 892 891
f 820 891 893
f 820 893 894
f 820 894 821
f 821 894 822
f 822 894 895
f 822 895 823
f 823 895 896
f 823 896 897
f 823 897 824
f 824 897 898
f 824 898 825
f 825 898 899
f 825 899 900
f 825 900 901
f 825 901 827
f 825 827 826
f 827 901 902
f 827 902 828
f 828 902 903
f 828 903 829
f 829 903 830
f 830 903 904
f 830 904 905
f 830 905 906
f 830 906 831
f 831 906 837
f 834 837 907
f 834 907 835
f 835 908 839
f 835 839 909
f 835 909 836
f 835 907 910
f 835 910 911
f 835 911 912
f 835 912 843
f 835 843 908
f 836 909 839
f 837 913 907
f 837 906 913
f 839 908 843
f 840 847 842
f 840 841 847
f 841 845 914
f 841 914 915
f 841 915 916
f 841 916 847
f 843 912 844
f 844 912 917
f 844 917 918
f 844 918 845
f 845 918 919
f 845 919 914
f 848 920 850
f 850 920 921
f 850 921 851
f 851 921 922
f 851 922 923
f 851 923 852
f 852 923 924
f 852 924 925
f 852 925 926
f 852 926 853
f 853 926 927
f 853 927 928
f 853 928 929
f 853 929 854
f 854 929 930
f 854 930 931
f 854 931 932
f 854 932 855
f 855 932 933
f 855 933 934
f 855 934 858
f 856 864 935
f 856 935 936
f 856 936 857
f 857 936 866
f 858 934 937
f 858 937 938
f 858 938 939
f 858 939 940
f 858 940 860
f 858 860 859
f 860 940 941
f 860 941 942
f 860 942 861
f 861 942 862
f 862 942 943
f 862 943 865
f 863 865 864
f 864 865 935
f 865 943 944
f 865 944 945
f 865 945 935
f 866 946 947
f 866 947 867
f 866 936 946
f 867 947 868
f 868 947 881
f 869 875 870
f 871 888 873
f 873 888 876
f 874 880 875
f 876 888 948
f 876 948 949
f 876 949 950
f 876 950 951
f 876 951 877
f 877 951 952
f 877 952 878
f 878 952 953
f 878 953 879
f 879 953 954
f 879 954 955
f 879 955 880
f 880 955 889
f 881 947 956
f 881 956 957
f 881 957 958
f 881 958 882
f 882 958 959
f 882 959 883
f 883 885 884
f 883 959 960
f 883 960 886
f 883 886 885
f 886 960 949
f 886 949 948
f 886 948 888
f 889 955 961
f 889 961 890
f 890 961 891
f 891 961 962
f 891 962 963
f 891 963 893
f 893 963 964
f 893 964 894
f 894 964 965
f 894 965 896
f 894 896 895
f 896 965 966
f 896 966 967
f 896 967 897
f 897 967 968
f 897 968 969
f 897 969 970
f 897 970 971
f 897 971 898
f 898 971 899
f 899 971 970
f 899 970 972
f 899 972 973
f 899 973 974
f 899 974 901
f 899 901 900
f 901 974 975
f 901 975 976
f 901 976 904
f 901 904 903
f 901 903 902
f 904 976 905
f 905 976 977
f 905 977 978
f 905 978 906
f 906 978 979
f 906 979 980
f 906 980 913
f 907 981 982
f 907 982 910
f 907 913 981
f 910 983 911
f 910 982 981
f 910 981 983
f 911 984 985
f 911 985 912
f 911 983 981
f 911 981 984
f 912 985 986
f 912 986 917
f 913 980 987
f 913 987 988
f 913 988 981
f 914 919 989
f 914 989 990
f 914 990 915
f 917 986 991
f 917 991 992
f 917 992 918
f 918 992 993
f 918 993 919
f 919 993 989
f 920 994 921
f 921 994 995
f 921 995 996
f 921 996 997
f 921 997 922
f 922 998 999
f 922 999 923
f 922 997 1000
f 922 1000 1001
f 922 1001 998
f 923 999 924
f 924 999 1002
f 924 1002 1003
f 924 1003 925
f 925 1003 1004
f 925 1004 1005
f 925 1005 1006
f 925 1006 926
f 926 1006 1007
f 926 1007 927
f 927 1007 1008
f 927 1008 1009
f 927 1009 1010
f 927 1010 928
f 928 1011 929
f 928 1010 1012
f 928 1012 1013
f 928 1013 1011
f 929 1011 1014
f 929 1014 930
f 930 1014 1015
f 930 1015 931
f 931 1015 1016
f 931 1016 1017
f 931 1017 933
f 931 933 932
f 933 1017 1018
f 933 1018 1019
f 933 1019 934
f 934 1019 937
f 935 945 1020
f 935 1020 936
f 936 1020 946
f 937 1019 938
f 938 1021 939
f 938 1019 1022
f 938 1022 1023
f 938 1023 1021
f 939 1021 1024
f 939 1024 1025
f 939 1025 1026
f 939 1026 940
f 940 1026 941
f 941 1026 1027
f 941 1027 1028
f 941 1028 942
f 942 1029 943
f 942 1028 1030
f 942 1030 1031
f 942 1031 1029
f 943 1029 1032
f 943 1032 1033
f 943 1033 1034
f 943 1034 1035
f 943 1035 944
f 944 1035 1036
f 944 1036 945
f 945 1036 1037
f 945 1037 1020
f 946 1020 1038
f 946 1038 1039
f 946 1039 1040
f 946 1040 1041
f 946 1041 1042
f 946 1042 947
f 947 1042 1043
f 947 1043 957
f 947 957 956
f 949 1044 1045
f 949 1045 950
f 949 960 1046
f 949 1046 1044
f 950 1045 1047
f 950 1047 1048
f 950 1048 951
f 951 1048 1049
f 951 1049 952
f 952 1049 1050
f 952 1050 1051
f 952 1051 953
f 953 1051 954
f 954 1052 955
f 954 1051 1053
f 954 1053 1054
f 954 1054 1052
f 955 1052 961
f 957 1043 958
f 958 1042 1055
f 958 1055 1046
f 958 1046 960
f 958 960 1056
f 958 1056 959
f 958 1043 1042
f 959 1056 960
f 961 1052 1057
f 961 1057 962
f 962 1057 1058
f 962 1058 963
f 963 1058 1059
f 963 1059 1060
f 963 1060 964
f 964 1060 966
f 964 966 965
f 966 1060 1061
f 966 1061 1062
f 966 1062 967
f 967 1062 1063
f 967 1063 1064
f 967 1064 1065
f 967 1065 969
f 967 969 968
f 969 1065 970
f 970 1065 1066
f 970 1066 972
f 972 1066 1067
f 972 1067 1068
f 972 1068 973
f 973 1068 1069
f 973 1069 1070
f 973 1070 974
f 974 1070 976
f 974 976 975
f 976 1071 977
f 976 1070 1072
f 976 1072 1073
f 976 1073 1074
f 976 1074 1071
f 977 1071 978
f 978 1071 1075
f 978 1075 1076
f 978 1076 979
f 979 1077 980
f 979 1076 1071
f 979 1071 1077
f 980 1077 1074
f 980 1074 1073
f 980 1073 984
f 980 984 1078
f 980 1078 1079
f 980 1079 988
f 980 988 987
f 981 988 1079
f 981 1079 1078
f 981 1078 984
f 984 1073 1080
f 984 1080 1081
f 984 1081 985
f 985 1081 1082
f 985 1082 986
f 986 1082 1083
f 986 1083 991
f 989 1084 1085
f 989 1085 990
f 989 993 1086
f 989 1086 1087
f 989 1087 1088
f 989 1088 1084
f 991 1083 1089
f 991 1089 1090
f 991 1090 1091
f 991 1091 992
f 992 1091 1092
f 992 1092 993
f 993 1092 1086
f 996 1093 997
f 997 1093 1094
f 997 1094 1095
f 997 1095 1000
f 998 1096 999
f 998 1001 1096
f 999 1096 1097
f 999 1097 1002
f 1000 1095 1098
f 1000 1098 1001
f 1001 1098 1099
f 1001 1099 1100
f 1001 1100 1096
f 1002 1097 1101
f 1002 1101 1102
f 1002 1102 1103
f 1002 1103 1104
f 1002 1104 1003
f 1003 1104 1105
f 1003 1105 1004
f 1004 1105 1005
f 1005 1105 1007
f 1005 1007 1006
f 1007 1105 1106
f 1007 1106 1008
f 1008 1107 1009
f 1008 1106 1107
f 1009 1012 1010
f 1009 1107 1108
f 1009 1108 1109
f 1009 1109 1012
f 1011 1013 1110
f 1011 1110 1111
f 1011 1111 1112
f 1011 1112 1014
f 1012 1113 1208
f 1012 1208 1110
f 1012 1110 1013
f 1012 1109 1114
f 1012 1114 1113
f 1014 1112 1115
f 1014 1115 1015
f 1015 1115 1116
f 1015 1116 1016
f 1016 1116 1117
f 1016 1117 1017
f 1017 1117 1118
f 1017 1118 1018
f 1018 1118 1119
f 1018 1119 1022
f 1018 1022 1019
f 1020 1037 1120
f 1020 1120 1039
f 1020 1039 1038
f 1021 1023 1024
f 1022 1119 1121
f 1022 1121 1122
f 1022 1122 1123
f 1022 1123 1023
f 1023 1123 1024
f 1024 1123 1124
f 1024 1124 1125
f 1024 1125 1126
f 1024 1126 1025
f 1025 1126 1026
f 1026 1126 1027
f 1027 1126 1028
f 1028 1126 1127
f 1028 1127 1030
f 1029 1031 1128
f 1029 1128 1129
f 1029 1129 1032
f 1030 1130 1031
f 1030 1127 1125
f 1030 1125 1131
f 1030 1131 1124
f 1030 1124 1132
f 1030 1132 1133
f 1030 1133 1134
f 1030 1134 1135
f 1030 1135 1130
f 1031 1130 1129
f 1031 1129 1136
f 1031 1136 1128
f 1032 1137 1034
f 1032 1034 1033
f 1032 1129 1138
f 1032 1138 1137
f 1034 1137 1138
f 1034 1138 1139
f 1034 1139 1035
f 1035 1139 1140
f 1035 1140 1141
f 1035 1141 1036
f 1036 1142 1037
f 1036 1141 1140
f 1036 1140 1139
f 1036 1139 1143
f 1036 1143 1142
f 1037 1142 1120
f 1039 1120 1040
f 1040 1120 1041
f 1041 1120 1144
f 1041 1144 1055
f 1041 1055 1042
f 1044 1046 1145
f 1044 1145 1146
f 1044 1146 1147
f 1044 1147 1045
f 1045 1147 1047
f 1046 1055 1145
f 1047 1147 1148
f 1047 1148 1149
f 1047 1149 1048
f 1048 1149 1150
f 1048 1150 1151
f 1048 1151 1152
f 1048 1152 1049
f 1049 1152 1153
f 1049 1153 1154
f 1049 1154 1050
f 1050 1154 1155
f 1050 1155 1051
f 1051 1155 1156
f 1051 1156 1053
f 1052 1054 1057
f 1053 1157 1054
f 1053 1156 1158
f 1053 1158 1159
f 1053 1159 1157
f 1054 1157 1160
f 1054 1160 1057
f 1055 1144 1145
f 1057 1160 1161
f 1057 1161 1058
f 1058 1161 1059
f 1059 1161 1162
f 1059 1162 1061
f 1059 1061 1060
f 1061 1162 1163
f 1061 1163 1063
f 1061 1063 1164
f 1061 1164 1062
f 1062 1164 1063
f 1063 1165 1166
f 1063 1166 1167
f 1063 1167 1168
f 1063 1168 1169
f 1063 1169 1064
f 1063 1163 1165
f 1064 1169 1065
f 1065 1169 1170
f 1065 1170 1066
f 1066 1170 1171
f 1066 1171 1067
f 1067 1172 1173
f 1067 1173 1174
f 1067 1174 1068
f 1067 1171 1172
f 1068 1174 1175
f 1068 1175 1176
f 1068 1176 1069
f 1069 1176 1177
f 1069 1177 1178
f 1069 1178 1179
f 1069 1179 1180
f 1069 1180 1080
f 1069 1080 1073
f 1069 1073 1070
f 1070 1073 1072
f 1071 1076 1075
f 1071 1074 1077
f 1080 1180 1181
f 1080 1181 1081
f 1081 1181 1082
f 1082 1181 1182
f 1082 1182 1083
f 1083 1182 1183
f 1083 1183 1089
f 1086 1092 1184
f 1086 1184 1087
f 1087 1184 1185
f 1089 1183 1186
f 1089 1186 1090
f 1090 1187 1091
f 1090 1186 1188
f 1090 1188 1189
f 1090 1189 1190
f 1090 1190 1191
f 1090 1191 1187
f 1091 1187 1092
f 1092 1187 1184
f 1095 1192 1098
f 1096 1100 1097
f 1097 1100 1193
f 1097 1193 1194
f 1097 1194 1195
f 1097 1195 1101
f 1098 1192 1196
f 1098 1196 1099
f 1099 1193 1100
f 1099 1196 1197
f 1099 1197 1198
f 1099 1198 1193
f 1101 1195 1102
f 1102 1195 1103
f 1103 1195 1199
f 1103 1199 1200
f 1103 1200 1201
f 1103 1201 1104
f 1104 1201 1200
f 1104 1200 1199
f 1104 1199 1105
f 1105 1199 1202
f 1105 1202 1108
f 1105 1108 1107
f 1105 1107 1203
f 1105 1203 1106
f 1106 1203 1107
f 1108 1202 1299
f 1108 1299 1204
f 1108 1204 1109
f 1109 1204 1205
f 1109 1205 1206
f 1109 1206 1114
f 1110 1207 1111
f 1110 1208 1207
f 1111 1207 1209
f 1111 1209 1112
f 1112 1209 1115
f 1113 1210 1208
f 1113 1114 1211
f 1113 1211 1210
f 1114 1206 1212
f 1114 1212 1211
f 1115 1213 1116
f 1115 1209 1214
f 1115 1214 1215
f 1115 1215 1216
f 1115 1216 1213
f 1116 1213 1217
f 1116 1217 1117
f 1117 1217 1218
f 1117 1218 1118
f 1118 1218 1219
f 1118 1219 1121
f 1118 1121 1119
f 1120 1220 1143
f 1120 1143 1221
f 1120 1221 1144
f 1120 1142 1222
f 1120 1222 1220
f 1121 1219 1223
f 1121 1223 1224
f 1121 1224 1225
f 1121 1225 1122
f 1122 1225 1123
f 1123 1225 1226
f 1123 1226 1124
f 1124 1226 1132
f 1124 1131 1125
f 1125 1127 1126
f 1128 1136 1129
f 1129 1130 1138
f 1130 1135 1138
f 1132 1226 1227
f 1132 1227 1228
f 1132 1228 1133
f 1133 1228 1229
f 1133 1229 1134
f 1134 1229 1230
f 1134 1230 1135
f 1135 1230 1231
f 1135 1231 1232
f 1135 1232 1233
f 1135 1233 1138
f 1138 1233 1139
f 1139 1233 1232
f 1139 1232 1143
f 1142 1143 1222
f 1143 1220 1222
f 1143 1232 1221
f 1144 1234 1145
f 1144 1221 1234
f 1145 1234 1235
f 1145 1235 1146
f 1146 1235 1337
f 1146 1337 1236
f 1146 1236 1237
f 1146 1237 1238
f 1146 1238 1147
f 1147 1238 1239
f 1147 1239 1148
f 1148 1239 1240
f 1148 1240 1241
f 1148 1241 1242
f 1148 1242 1150
f 1148 1150 1149
f 1150 1242 1151
f 1151 1243 1244
f 1151 1244 1245
f 1151 1245 1246
f 1151 1246 1247
f 1151 1247 1248
f 1151 1248 1152
f 1151 1242 1243
f 1152 1248 1249
f 1152 1249 1250
f 1152 1250 1153
f 1153 1250 1251
f 1153 1251 1252
f 1153 1252 1155
f 1153 1155 1154
f 1155 1252 1251
f 1155 1251 1253
f 1155 1253 1156
f 1156 1253 1254
f 1156 1254 1255
f 1156 1255 1256
f 1156 1256 1159
f 1156 1159 1158
f 1157 1159 1256
f 1157 1256 1257
f 1157 1257 1160
f 1160 1257 1258
f 1160 1258 1259
f 1160 1259 1260
f 1160 1260 1161
f 1161 1260 1261
f 1161 1261 1162
f 1162 1261 1165
f 1162 1165 1163
f 1165 1261 1166
f 1166 1261 1262
f 1166 1262 1263
f 1166 1263 1264
f 1166 1264 1167
f 1167 1264 1265
f 1167 1265 1266
f 1167 1266 1168
f 1168 1267 1169
f 1168 1266 1265
f 1168 1265 1268
f 1168 1268 1267
f 1169 1267 1170
f 1170 1267 1269
f 1170 1269 1270
f 1170 1270 1172
f 1170 1172 1171
f 1172 1270 1173
f 1173 1270 1269
f 1173 1269 1271
f 1173 1271 1272
f 1173 1272 1174
f 1174 1272 1271
f 1174 1271 1176
f 1174 1176 1175
f 1176 1271 1177
f 1177 1271 1273
f 1177 1273 1274
f 1177 1274 1178
f 1178 1274 1179
f 1179 1275 1180
f 1179 1274 1275
f 1180 1275 1276
f 1180 1276 1277
f 1180 1277 1278
f 1180 1278 1279
f 1180 1279 1181
f 1181 1279 1182
f 1182 1279 1280
f 1182 1280 1281
f 1182 1281 1183
f 1183 1281 1282
f 1183 1282 1186
f 1184 1187 1191
f 1184 1191 1185
f 1185 1191 1283
f 1186 1282 1188
f 1188 1284 1189
f 1188 1282 1284
f 1189 1285 1190
f 1189 1284 1286
f 1189 1286 1287
f 1189 1287 1285
f 1190 1285 1191
f 1191 1285 1283
f 1192 1288 1196
f 1193 1198 1194
f 1194 1198 1289
f 1194 1289 1290
f 1194 1290 1291
f 1194 1291 1195
f 1195 1291 1199
f 1196 1288 1292
f 1196 1292 1197
f 1197 1292 1293
f 1197 1293 1294
f 1197 1294 1295
f 1197 1295 1289
f 1197 1289 1198
f 1199 1291 1296
f 1199 1296 1202
f 1202 1296 1297
f 1202 1297 1298
f 1202 1298 1299
f 1204 1299 1300
f 1204 1300 1205
f 1205 1300 1301
f 1205 1301 1206
f 1206 1301 1302
f 1206 1302 1212
f 1207 1208 1303
f 1207 1303 1215
f 1207 1215 1214
f 1207 1214 1209
f 1208 1210 1304
f 1208 1304 1305
f 1208 1305 1303
f 1210 1211 1307
f 1210 1307 1304
f 1211 1212 1306
f 1211 1306 1307
f 1212 1302 1308
f 1212 1308 1306
f 1213 1216 1309
f 1213 1309 1217
f 1215 1310 1311
f 1215 1311 1312
f 1215 1312 1313
f 1215 1313 1314
f 1215 1314 1315
f 1215 1315 1316
f 1215 1316 1216
f 1215 1303 1310
f 1216 1316 1309
f 1217 1309 1317
f 1217 1317 1218
f 1218 1317 1318
f 1218 1318 1319
f 1218 1319 1219
f 1219 1319 1223
f 1221 1232 1320
f 1221 1320 1234
f 1223 1319 1321
f 1223 1321 1322
f 1223 1322 1323
f 1223 1323 1224
f 1224 1323 1324
f 1224 1324 1225
f 1225 1324 1325
f 1225 1325 1226
f 1226 1325 1227
f 1227 1325 1326
f 1227 1326 1327
f 1227 1327 1328
f 1227 1328 1228
f 1228 1328 1229
f 1229 1328 1329
f 1229 1329 1330
f 1229 1330 1230
f 1230 1330 1331
f 1230 1331 1231
f 1231 1332 1232
f 1231 1331 1332
f 1232 1332 1320
f 1234 1320 1235
f 1235 1333 1334
f 1235 1334 1335
f 1235 1335 1336
f 1235 1336 1337
f 1235 1320 1333
f 1236 1238 1237
f 1236 1337 1338
f 1236 1338 1339
f 1236 1339 1238
f 1238 1240 1239
f 1238 1339 1338
f 1238 1338 1241
f 1238 1241 1240
f 1241 1338 1438
f 1241 1438 1340
f 1241 1340 1242
f 1242 1340 1243
f 1243 1340 1341
f 1243 1341 1244
f 1244 1341 1342
f 1244 1342 1343
f 1244 1343 1344
f 1244 1344 1245
f 1245 1344 1345
f 1245 1345 1346
f 1245 1346 1347
f 1245 1347 1246
f 1246 1347 1348
f 1246 1348 1247
f 1247 1348 1349
f 1247 1349 1251
f 1247 1251 1250
f 1247 1250 1248
f 1248 1250 1249
f 1251 1349 1253
f 1253 1349 1350
f 1253 1350 1351
f 1253 1351 1352
f 1253 1352 1353
f 1253 1353 1254
f 1254 1353 1354
f 1254 1354 1257
f 1254 1257 1255
f 1255 1257 1256
f 1257 1354 1258
f 1258 1354 1355
f 1258 1355 1356
f 1258 1356 1262
f 1258 1262 1261
f 1258 1261 1259
f 1259 1261 1260
f 1262 1356 1357
f 1262 1357 1263
f 1263 1357 1358
f 1263 1358 1359
f 1263 1359 1264
f 1264 1359 1360
f 1264 1360 1265
f 1265 1360 1361
f 1265 1361 1268
f 1267 1268 1269
f 1268 1361 1362
f 1268 1362 1269
f 1269 1362 1361
f 1269 1361 1363
f 1269 1363 1271
f 1271 1363 1273
f 1273 1363 1364
f 1273 1364 1274
f 1274 1364 1365
f 1274 1365 1366
f 1274 1366 1367
f 1274 1367 1276
f 1274 1276 1275
f 1276 1367 1368
f 1276 1368 1369
f 1276 1369 1370
f 1276 1370 1278
f 1276 1278 1277
f 1278 1370 1279
f 1279 1370 1371
f 1279 1371 1280
f 1280 1372 1373
f 1280 1373 1374
f 1280 1374 1375
f 1280 1375 1376
f 1280 1376 1281
f 1280 1371 1372
f 1281 1376 1282
f 1282 1376 1377
f 1282 1377 1284
f 1283 1285 1378
f 1284 1377 1379
f 1284 1379 1380
f 1284 1380 1286
f 1285 1287 1381
f 1285 1381 1382
f 1285 1382 1378
f 1286 1380 1383
f 1286 1383 1384
f 1286 1384 1385
f 1286 1385 1381
f 1286 1381 1287
f 1289 1386 1290
f 1289 1295 1387
f 1289 1387 1390
f 1289 1390 1386
f 1290 1386 1291
f 1291 1386 1296
f 1294 1388 1295
f 1295 1388 1389
f 1295 1389 1387
f 1296 1386 1390
f 1296 1390 1297
f 1297 1390 1391
f 1297 1391 1298
f 1298 1391 1392
f 1298 1392 1299
f 1299 1392 1300
f 1300 1392 1301
f 1301 1392 1393
f 1301 1393 1302
f 1302 1393 1394
f 1302 1394 1308
f 1303 1305 1395
f 1303 1395 1396
f 1303 1396 1310
f 1304 1307 1397
f 1304 1397 1305
f 1305 1397 1398
f 1305 1398 1395
f 1306 1308 1399
f 1306 1399 1307
f 1307 1399 1401
f 1307 1401 1400
f 1307 1400 1398
f 1307 1398 1397
f 1308 1401 1399
f 1308 1394 1402
f 1308 1402 1403
f 1308 1403 1404
f 1308 1404 1405
f 1308 1405 1401
f 1309 1316 1406
f 1309 1406 1407
f 1309 1407 1317
f 1310 1396 1311
f 1311 1396 1408
f 1311 1408 1312
f 1312 1408 1409
f 1312 1409 1410
f 1312 1410 1313
f 1313 1410 1314
f 1314 1410 1411
f 1314 1411 1412
f 1314 1412 1413
f 1314 1413 1414
f 1314 1414 1415
f 1314 1415 1416
f 1314 1416 1315
f 1315 1416 1406
f 1315 1406 1316
f 1317 1407 1318
f 1318 1407 1417
f 1318 1417 1321
f 1318 1321 1319
f 1320 1332 1331
f 1320 1331 1333
f 1321 1417 1418
f 1321 1418 1322
f 1322 1418 1419
f 1322 1419 1420
f 1322 1420 1323
f 1323 1420 1324
f 1324 1420 1421
f 1324 1421 1326
f 1324 1326 1325
f 1326 1421 1422
f 1326 1422 1327
f 1327 1422 1423
f 1327 1423 1424
f 1327 1424 1425
f 1327 1425 1328
f 1328 1425 1426
f 1328 1426 1329
f 1329 1426 1427
f 1329 1427 1330
f 1330 1427 1428
f 1330 1428 1429
f 1330 1429 1430
f 1330 1430 1431
f 1330 1431 1331
f 1331 1431 1432
f 1331 1432 1333
f 1333 1432 1334
f 1334 1432 1433
f 1334 1433 1434
f 1334 1434 1335
f 1335 1434 1435
f 1335 1435 1436
f 1335 1436 1337
f 1335 1337 1336
f 1337 1436 1435
f 1337 1435 1338
f 1338 1435 1437
f 1338 1437 1438
f 1340 1438 1439
f 1340 1439 1440
f 1340 1440 1441
f 1340 1441 1341
f 1341 1441 1343
f 1341 1343 1342
f 1343 1441 1442
f 1343 1442 1443
f 1343 1443 1444
f 1343 1444 1344
f 1344 1444 1445
f 1344 1445 1446
f 1344 1446 1447
f 1344 1447 1448
f 1344 1448 1345
f 1345 1448 1346
f 1346 1448 1449
f 1346 1449 1450
f 1346 1450 1347
f 1347 1451 1348
f 1347 1450 1451
f 1348 1451 1350
f 1348 1350 1349
f 1350 1451 1452
f 1350 1452 1351
f 1351 1452 1453
f 1351 1453 1454
f 1351 1454 1352
f 1352 1454 1455
f 1352 1455 1456
f 1352 1456 1353
f 1353 1456 1455
f 1353 1455 1457
f 1353 1457 1354
f 1354 1457 1355
f 1355 1457 1458
f 1355 1458 1459
f 1355 1459 1460
f 1355 1460 1356
f 1356 1460 1357
f 1357 1460 1459
f 1357 1459 1461
f 1357 1461 1462
f 1357 1462 1463
f 1357 1463 1358
f 1358 1463 1464
f 1358 1464 1465
f 1358 1465 1360
f 1358 1360 1359
f 1360 1465 1466
f 1360 1466 1467
f 1360 1467 1468
f 1360 1468 1361
f 1361 1468 1467
f 1361 1467 1363
f 1363 1467 1466
f 1363 1466 1469
f 1363 1469 1470
f 1363 1470 1364
f 1364 1470 1365
f 1365 1470 1471
f 1365 1471 1472
f 1365 1472 1367
f 1365 1367 1366
f 1367 1472 1368
f 1368 1472 1473
f 1368 1473 1474
f 1368 1474 1475
f 1368 1475 1369
f 1369 1475 1370
f 1370 1475 1372
f 1370 1372 1371
f 1372 1476 1373
f 1372 1475 1476
f 1373 1476 1477
f 1373 1477 1374
f 1374 1379 1375
f 1374 1477 1478
f 1374 1478 1479
f 1374 1479 1379
f 1375 1379 1376
f 1376 1379 1377
f 1379 1479 1380
f 1380 1479 1480
f 1380 1480 1481
f 1380 1481 1383
f 1381 1482 1382
f 1381 1385 1384
f 1381 1384 1483
f 1381 1483 1482
f 1383 1481 1384
f 1384 1481 1484
f 1384 1484 1485
f 1384 1485 1483
f 1387 1389 1486
f 1387 1486 1487
f 1387 1487 1391
f 1387 1391 1390
f 1388 1488 1489
f 1388 1489 1389
f 1389 1489 1488
f 1389 1488 1490
f 1389 1490 1491
f 1389 1491 1492
f 1389 1492 1493
f 1389 1493 1494
f 1389 1494 1495
f 1389 1495 1486
f 1391 1487 1496
f 1391 1496 1497
f 1391 1497 1392
f 1392 1497 1498
f 1392 1498 1393
f 1393 1498 1394
f 1394 1499 1500
f 1394 1500 1402
f 1394 1498 1499
f 1395 1398 1409
f 1395 1409 1501
f 1395 1501 1396
f 1396 1501 1408
f 1398 1400 1502
f 1398 1502 1503
f 1398 1503 1504
f 1398 1504 1409
f 1400 1401 1505
f 1400 1505 1502
f 1401 1405 1506
f 1401 1506 1507
f 1401 1507 1505
f 1402 1500 1403
f 1403 1500 1508
f 1403 1508 1404
f 1404 1509 1405
f 1404 1508 1510
f 1404 1510 1511
f 1404 1511 1512
f 1404 1512 1513
f 1404 1513 1514
f 1404 1514 1515
f 1404 1515 1509
f 1405 1509 1516
f 1405 1516 1506
f 1406 1416 1415
f 1406 1415 1517
f 1406 1517 1518
f 1406 1518 1519
f 1406 1519 1407
f 1407 1519 1417
f 1408 1501 1409
f 1409 1504 1410
f 1410 1504 1520
f 1410 1520 1521
f 1410 1521 1411
f 1411 1521 1412
f 1412 1521 1520
f 1412 1520 1522
f 1412 1522 1413
f 1413 1522 1523
f 1413 1523 1414
f 1414 1524 1525
f 1414 1525 1415
f 1414 1523 1526
f 1414 1526 1524
f 1415 1525 1527
f 1415 1527 1528
f 1415 1528 1517
f 1417 1519 1529
f 1417 1529 1418
f 1418 1529 1530
f 1418 1530 1531
f 1418 1531 1532
f 1418 1532 1419
f 1419 1532 1533
f 1419 1533 1534
f 1419 1534 1535
f 1419 1535 1536
f 1419 1536 1420
f 1420 1536 1537
f 1420 1537 1538
f 1420 1538 1421
f 1421 1538 1539
f 1421 1539 1540
f 1421 1540 1541
f 1421 1541 1422
f 1422 1541 1423
f 1423 1541 1542
f 1423 1542 1425
f 1423 1425 1424
f 1425 1542 1543
f 1425 1543 1544
f 1425 1544 1426
f 1426 1545 1427
f 1426 1544 1546
f 1426 1546 1545
f 1427 1545 1428
f 1428 1546 1547
f 1428 1547 1429
f 1428 1545 1546
f 1429 1547 1548
f 1429 1548 1549
f 1429 1549 1550
f 1429 1550 1430
f 1430 1432 1431
f 1430 1550 1551
f 1430 1551 1432
f 1432 1551 1434
f 1432 1434 1433
f 1434 1551 1552
f 1434 1552 1435
f 1435 1552 1437
f 1437 1552 1553
f 1437 1553 1438
f 1438 1553 1554
f 1438 1554 1439
f 1439 1555 1556
f 1439 1556 1557
f 1439 1557 1442
f 1439 1442 1558
f 1439 1558 1440
f 1439 1554 1555
f 1440 1558 1441
f 1441 1558 1442
f 1442 1557 1669
f 1442 1669 1559
f 1442 1559 1443
f 1443 1560 1561
f 1443 1561 1445
f 1443 1445 1444
f 1443 1559 1562
f 1443 1562 1563
f 1443 1563 1564
f 1443 1564 1565
f 1443 1565 1566
f 1443 1566 1560
f 1445 1561 1560
f 1445 1560 1446
f 1446 1567 1568
f 1446 1568 1569
f 1446 1569 1570
f 1446 1570 1571
f 1446 1571 1572
f 1446 1572 1573
f 1446 1573 1447
f 1446 1560 1567
f 1447 1573 1574
f 1447 1574 1575
f 1447 1575 1448
f 1448 1575 1576
f 1448 1576 1449
f 1449 1576 1452
f 1449 1452 1450
f 1450 1452 1451
f 1452 1576 1577
f 1452 1577 1578
f 1452 1578 1579
f 1452 1579 1580
f 1452 1580 1453
f 1453 1580 1581
f 1453 1581 1582
f 1453 1582 1454
f 1454 1582 1455
f 1455 1582 1458
f 1455 1458 1457
f 1458 1582 1583
f 1458 1583 1459
f 1459 1583 1461
f 1461 1584 1585
f 1461 1585 1462
f 1461 1583 1584
f 1462 1585 1586
f 1462 1586 1464
f 1462 1464 1463
f 1464 1586 1587
f 1464 1587 1469
f 1464 1469 1466
f 1464 1466 1465
f 1469 1587 1586
f 1469 1586 1588
f 1469 1588 1589
f 1469 1589 1590
f 1469 1590 1471
f 1469 1471 1470
f 1471 1590 1472
f 1472 1591 1473
f 1472 1590 1591
f 1473 1591 1592
f 1473 1592 1474
f 1474 1592 1593
f 1474 1593 1594
f 1474 1594 1476
f 1474 1476 1475
f 1476 1594 1595
f 1476 1595 1596
f 1476 1596 1597
f 1476 1597 1477
f 1477 1597 1598
f 1477 1598 1599
f 1477 1599 1478
f 1478 1599 1600
f 1478 1600 1601
f 1478 1601 1602
f 1478 1602 1479
f 1479 1602 1603
f 1479 1603 1480
f 1480 1603 1481
f 1481 1603 1604
f 1481 1604 1484
f 1484 1604 1605
f 1484 1605 1606
f 1484 1606 1485
f 1486 1495 1607
f 1486 1607 1496
f 1486 1496 1487
f 1493 1608 1609
f 1493 1609 1495
f 1493 1495 1494
f 1495 1610 1607
f 1495 1609 1610
f 1496 1611 1612
f 1496 1612 1498
f 1496 1498 1497
f 1496 1607 1613
f 1496 1613 1614
f 1496 1614 1611
f 1498 1612 1615
f 1498 1615 1616
f 1498 1616 1499
f 1499 1616 1500
f 1500 1616 1617
f 1500 1617 1618
f 1500 1618 1508
f 1502 1505 1619
f 1502 1619 1620
f 1502 1620 1503
f 1503 1620 1621
f 1503 1621 1520
f 1503 1520 1504
f 1505 1506 1622
f 1505 1622 1623
f 1505 1623 1624
f 1505 1624 1625
f 1505 1625 1619
f 1505 1507 1506
f 1506 1516 1626
f 1506 1626 1509
f 1506 1509 1627
f 1506 1627 1515
f 1506 1515 1628
f 1506 1628 1629
f 1506 1629 1623
f 1506 1623 1622
f 1508 1618 1510
f 1509 1626 1516
f 1509 1515 1627
f 1510 1618 1511
f 1511 1618 1630
f 1511 1630 1512
f 1512 1630 1513
f 1513 1630 1631
f 1513 1631 1514
f 1514 1628 1515
f 1514 1631 1632
f 1514 1632 1633
f 1514 1633 1628
f 1517 1519 1518
f 1517 1528 1519
f 1519 1528 1527
f 1519 1527 1634
f 1519 1634 1529
f 1520 1621 1635
f 1520 1635 1624
f 1520 1624 1636
f 1520 1636 1522
f 1522 1637 1523
f 1522 1636 1638
f 1522 1638 1639
f 1522 1639 1637
f 1523 1637 1526
f 1524 1640 1525
f 1524 1526 1641
f 1524 1641 1640
f 1525 1640 1527
f 1526 1637 1642
f 1526 1642 1643
f 1526 1643 1641
f 1527 1640 1644
f 1527 1644 1634
f 1529 1634 1530
f 1530 1634 1531
f 1531 1644 1645
f 1531 1645 1646
f 1531 1646 1535
f 1531 1535 1534
f 1531 1534 1533
f 1531 1533 1532
f 1531 1634 1644
f 1535 1646 1647
f 1535 1647 1648
f 1535 1648 1649
f 1535 1649 1536
f 1536 1649 1540
f 1536 1540 1539
f 1536 1539 1538
f 1536 1538 1537
f 1540 1649 1650
f 1540 1650 1651
f 1540 1651 1652
f 1540 1652 1541
f 1541 1652 1543
f 1541 1543 1542
f 1543 1652 1653
f 1543 1653 1544
f 1544 1653 1654
f 1544 1654 1655
f 1544 1655 1656
f 1544 1656 1546
f 1546 1548 1547
f 1546 1656 1548
f 1548 1656 1657
f 1548 1657 1658
f 1548 1658 1550
f 1548 1550 1549
f 1550 1658 1659
f 1550 1659 1660
f 1550 1660 1661
f 1550 1661 1662
f 1550 1662 1551
f 1551 1662 1552
f 1552 1662 1663
f 1552 1663 1664
f 1552 1664 1665
f 1552 1665 1553
f 1553 1665 1666
f 1553 1666 1555
f 1553 1555 1554
f 1555 1666 1667
f 1555 1667 1556
f 1556 1667 1668
f 1556 1668 1557
f 1557 1668 1669
f 1559 1669 1670
f 1559 1670 1562
f 1560 1566 1567
f 1562 1670 1563
f 1563 1670 1564
f 1564 1670 1565
f 1565 1671 1672
f 1565 1672 1566
f 1565 1670 1671
f 1566 1672 1673
f 1566 1673 1674
f 1566 1674 1675
f 1566 1675 1676
f 1566 1676 1677
f 1566 1677 1568
f 1566 1568 1567
f 1568 1677 1569
f 1569 1678 1570
f 1569 1677 1679
f 1569 1679 1680
f 1569 1680 1681
f 1569 1681 1682
f 1569 1682 1678
f 1570 1678 1683
f 1570 1683 1571
f 1571 1683 1572
f 1572 1575 1573
f 1572 1683 1575
f 1573 1575 1574
f 1575 1683 1684
f 1575 1684 1685
f 1575 1685 1576
f 1576 1685 1577
f 1577 1685 1578
f 1578 1685 1684
f 1578 1684 1683
f 1578 1683 1686
f 1578 1686 1687
f 1578 1687 1688
f 1578 1688 1689
f 1578 1689 1690
f 1578 1690 1579
f 1579 1690 1691
f 1579 1691 1581
f 1579 1581 1580
f 1581 1691 1689
f 1581 1689 1582
f 1582 1689 1692
f 1582 1692 1693
f 1582 1693 1583
f 1583 1693 1584
f 1584 1693 1694
f 1584 1694 1585
f 1585 1694 1586
f 1586 1694 1588
f 1588 1695 1696
f 1588 1696 1589
f 1588 1694 1695
f 1589 1696 1590
f 1590 1696 1591
f 1591 1696 1697
f 1591 1697 1698
f 1591 1698 1699
f 1591 1699 1592
f 1592 1699 1593
f 1593 1700 1701
f 1593 1701 1702
f 1593 1702 1595
f 1593 1595 1594
f 1593 1699 1703
f 1593 1703 1700
f 1595 1704 1705
f 1595 1705 1706
f 1595 1706 1597
f 1595 1597 1596
f 1595 1702 1704
f 1597 1706 1707
f 1597 1707 1708
f 1597 1708 1709
f 1597 1709 1599
f 1597 1599 1598
f 1599 1710 1600
f 1599 1709 1711
f 1599 1711 1712
f 1599 1712 1710
f 1600 1710 1601
f 1601 1713 1714
f 1601 1714 1603
f 1601 1603 1602
f 1601 1710 1713
f 1603 1714 1604
f 1604 1714 1605
f 1605 1715 1716
f 1605 1716 1606
f 1605 1714 1717
f 1605 1717 1715
f 1607 1610 1609
f 1607 1609 1613
f 1608 1718 1609
f 1608 1719 1718
f 1609 1718 1720
f 1609 1720 1614
f 1609 1614 1613
f 1611 1614 1720
f 1611 1720 1612
f 1612 1720 1721
f 1612 1721 1615
f 1615 1721 1616
f 1616 1722 1618
f 1616 1618 1617
f 1616 1721 1723
f 1616 1723 1724
f 1616 1724 1725
f 1616 1725 1630
f 1616 1630 1722
f 1618 1722 1726
f 1618 1726 1630
f 1619 1625 1635
f 1619 1635 1621
f 1619 1621 1727
f 1619 1727 1620
f 1620 1727 1621
f 1623 1638 1624
f 1623 1629 1638
f 1624 1635 1625
f 1624 1638 1636
f 1628 1633 1728
f 1628 1728 1629
f 1629 1728 1729
f 1629 1729 1638
f 1630 1726 1722
f 1630 1725 1730
f 1630 1730 1631
f 1631 1730 1731
f 1631 1731 1632
f 1632 1731 1732
f 1632 1732 1733
f 1632 1733 1633
f 1633 1733 1734
f 1633 1734 1728
f 1637 1639 1735
f 1637 1735 1736
f 1637 1736 1642
f 1638 1729 1737
f 1638 1737 1738
f 1638 1738 1639
f 1639 1738 1739
f 1639 1739 1740
f 1639 1740 1741
f 1639 1741 1742
f 1639 1742 1743
f 1639 1743 1744
f 1639 1744 1735
f 1640 1641 1745
f 1640 1745 1746
f 1640 1746 1644
f 1641 1643 1745
f 1642 1745 1643
f 1642 1736 1747
f 1642 1747 1745
f 1644 1746 1645
f 1645 1746 1748
f 1645 1748 1749
f 1645 1749 1750
f 1645 1750 1751
f 1645 1751 1646
f 1646 1751 1750
f 1646 1750 1752
f 1646 1752 1647
f 1647 1752 1753
f 1647 1753 1648
f 1648 1753 1754
f 1648 1754 1755
f 1648 1755 1650
f 1648 1650 1649
f 1650 1755 1756
f 1650 1756 1651
f 1651 1756 1757
f 1651 1757 1758
f 1651 1758 1652
f 1652 1758 1759
f 1652 1759 1653
f 1653 1759 1760
f 1653 1760 1761
f 1653 1761 1654
f 1654 1762 1763
f 1654 1763 1655
f 1654 1761 1760
f 1654 1760 1762
f 1655 1763 1764
f 1655 1764 1765
f 1655 1765 1657
f 1655 1657 1656
f 1657 1765 1766
f 1657 1766 1658
f 1658 1766 1659
f 1659 1766 1767
f 1659 1767 1768
f 1659 1768 1660
f 1660 1769 1770
f 1660 1770 1771
f 1660 1771 1772
f 1660 1772 1773
f 1660 1773 1774
f 1660 1774 1661
f 1660 1768 1775
f 1660 1775 1769
f 1661 1774 1776
f 1661 1776 1663
f 1661 1663 1662
f 1663 1776 1774
f 1663 1774 1777
f 1663 1777 1664
f 1664 1777 1778
f 1664 1778 1665
f 1665 1778 1779
f 1665 1779 1668
f 1665 1668 1667
f 1665 1667 1666
f 1668 1779 1780
f 1668 1780 1781
f 1668 1781 1782
f 1668 1782 1783
f 1668 1783 1669
f 1669 1783 1784
f 1669 1784 1670
f 1670 1784 1783
f 1670 1783 1785
f 1670 1785 1671
f 1671 1785 1783
f 1671 1783 1782
f 1671 1782 1786
f 1671 1786 1890
f 1671 1890 1787
f 1671 1787 1672
f 1672 1787 1788
f 1672 1788 1673
f 1673 1788 1789
f 1673 1789 1674
f 1674 1789 1790
f 1674 1790 1791
f 1674 1791 1792
f 1674 1792 1675
f 1675 1792 1793
f 1675 1793 1679
f 1675 1679 1676
f 1676 1679 1677
f 1678 1682 1681
f 1678 1681 1683
f 1679 1793 1794
f 1679 1794 1680
f 1680 1794 1681
f 1681 1794 1795
f 1681 1795 1796
f 1681 1796 1797
f 1681 1797 1798
f 1681 1798 1799
f 1681 1799 1800
f 1681 1800 1801
f 1681 1801 1683
f 1683 1801 1802
f 1683 1802 1803
f 1683 1803 1804
f 1683 1804 1686
f 1686 1804 1803
f 1686 1803 1805
f 1686 1805 1687
f 1687 1806 1688
f 1687 1805 1807
f 1687 1807 1806
f 1688 1806 1689
f 1689 1808 1692
f 1689 1691 1690
f 1689 1806 1809
f 1689 1809 1808
f 1692 1808 1693
f 1693 1808 1694
f 1694 1808 1809
f 1694 1809 1695
f 1695 1809 1810
f 1695 1810 1697
f 1695 1697 1696
f 1697 1810 1811
f 1697 1811 1698
f 1698 1811 1812
f 1698 1812 1699
f 1699 1812 1703
f 1700 1813 1814
f 1700 1814 1815
f 1700 1815 1816
f 1700 1816 1701
f 1700 1703 1812
f 1700 1812 1817
f 1700 1817 1818
f 1700 1818 1813
f 1701 1816 1702
f 1702 1816 1704
f 1704 1816 1705
f 1705 1819 1707
f 1705 1707 1706
f 1705 1816 1820
f 1705 1820 1819
f 1707 1819 1708
f 1708 1819 1821
f 1708 1821 1709
f 1709 1821 1711
f 1710 1712 1822
f 1710 1822 1713
f 1711 1821 1823
f 1711 1823 1712
f 1712 1823 1822
f 1713 1822 1824
f 1713 1824 1825
f 1713 1825 1714
f 1714 1825 1826
f 1714 1826 1717
f 1715 1827 1828
f 1715 1828 1716
f 1715 1717 1827
f 1716 1828 1829
f 1717 1826 1827
f 1718 1721 1720
f 1718 1719 1830
f 1718 1830 1831
f 1718 1831 1721
f 1721 1831 1832
f 1721 1832 1724
f 1721 1724 1723
f 1724 1833 1834
f 1724 1834 1835
f 1724 1835 1836
f 1724 1836 1730
f 1724 1730 1725
f 1724 1832 1830
f 1724 1830 1833
f 1728 1734 1837
f 1728 1837 1737
f 1728 1737 1729
f 1730 1836 1838
f 1730 1838 1731
f 1731 1838 1839
f 1731 1839 1732
f 1732 1839 1840
f 1732 1840 1841
f 1732 1841 1842
f 1732 1842 1843
f 1732 1843 1733
f 1733 1843 1844
f 1733 1844 1734
f 1734 1844 1845
f 1734 1845 1837
f 1735 1744 1846
f 1735 1846 1847
f 1735 1847 1736
f 1736 1847 1848
f 1736 1848 1747
f 1737 1837 1849
f 1737 1849 1740
f 1737 1740 1739
f 1737 1739 1738
f 1740 1849 1850
f 1740 1850 1851
f 1740 1851 1741
f 1741 1743 1742
f 1741 1851 1744
f 1741 1744 1743
f 1744 1851 1852
f 1744 1852 1846
f 1745 1747 1848
f 1745 1848 1853
f 1745 1853 1746
f 1746 1853 1748
f 1748 1853 1854
f 1748 1854 1855
f 1748 1855 1749
f 1749 1752 1750
f 1749 1855 1854
f 1749 1854 1856
f 1749 1856 1857
f 1749 1857 1858
f 1749 1858 1859
f 1749 1859 1860
f 1749 1860 1752
f 1752 1860 1861
f 1752 1861 1753
f 1753 1861 1754
f 1754 1861 1862
f 1754 1862 1755
f 1755 1862 1863
f 1755 1863 1864
f 1755 1864 1757
f 1755 1757 1756
f 1757 1864 1865
f 1757 1865 1758
f 1758 1865 1866
f 1758 1866 1762
f 1758 1762 1760
f 1758 1760 1759
f 1762 1866 1867
f 1762 1867 1763
f 1763 1867 1764
f 1764 1868 1869
f 1764 1869 1870
f 1764 1870 1871
f 1764 1871 1872
f 1764 1872 1873
f 1764 1873 1765
f 1764 1867 1868
f 1765 1873 1874
f 1765 1874 1766
f 1766 1874 1873
f 1766 1873 1767
f 1767 1873 1775
f 1767 1775 1768
f 1769 1875 1770
f 1769 1775 1875
f 1770 1875 1771
f 1771 1876 1877
f 1771 1877 1878
f 1771 1878 1879
f 1771 1879 1880
f 1771 1880 1772
f 1771 1875 1881
f 1771 1881 1876
f 1772 1882 1883
f 1772 1883 1773
f 1772 1880 1882
f 1773 1883 1774
f 1774 1779 1777
f 1774 1883 1779
f 1775 1873 1872
f 1775 1872 1884
f 1775 1884 1875
f 1777 1779 1778
f 1779 1883 1780
f 1780 1883 1885
f 1780 1885 1886
f 1780 1886 1781
f 1781 1886 1782
f 1782 1886 1887
f 1782 1887 1786
f 1786 1887 1886
f 1786 1886 1888
f 1786 1888 1889
f 1786 1889 1890
f 1787 1890 1891
f 1787 1891 1788
f 1788 1891 1892
f 1788 1892 1789
f 1789 1892 1986
f 1789 1986 1893
f 1789 1893 1790
f 1790 1894 1895
f 1790 1895 1896
f 1790 1896 1897
f 1790 1897 1898
f 1790 1898 1792
f 1790 1792 1791
f 1790 1893 1894
f 1792 1898 1897
f 1792 1897 1899
f 1792 1899 1900
f 1792 1900 1793
f 1793 1900 1901
f 1793 1901 1794
f 1794 1901 1795
f 1795 1901 1902
f 1795 1902 1796
f 1796 1903 1797
f 1796 1902 1904
f 1796 1904 1905
f 1796 1905 1906
f 1796 1906 1907
f 1796 1907 1908
f 1796 1908 1903
f 1797 1909 1798
f 1797 1903 1909
f 1798 1909 1799
f 1799 1909 1910
f 1799 1910 1911
f 1799 1911 1912
f 1799 1912 1913
f 1799 1913 1803
f 1799 1803 1800
f 1800 1803 1801
f 1801 1803 1802
f 1803 1913 1805
f 1805 1913 1807
f 1806 1807 1914
f 1806 1914 1915
f 1806 1915 1809
f 1807 1913 1912
f 1807 1912 1818
f 1807 1818 1916
f 1807 1916 1917
f 1807 1917 1918
f 1807 1918 1914
f 1809 1915 1918
f 1809 1918 1811
f 1809 1811 1810
f 1811 1916 1817
f 1811 1817 1812
f 1811 1918 1917
f 1811 1917 1916
f 1813 1911 1910
f 1813 1910 1919
f 1813 1919 1920
f 1813 1920 1814
f 1813 1818 1912
f 1813 1912 1911
f 1814 1920 1815
f 1815 1920 1921
f 1815 1921 1820
f 1815 1820 1816
f 1817 1916 1818
f 1819 1820 1922
f 1819 1922 1923
f 1819 1923 1924
f 1819 1924 1925
f 1819 1925 1926
f 1819 1926 1821
f 1820 1921 1927
f 1820 1927 1922
f 1821 1925 1928
f 1821 1928 1929
f 1821 1929 1930
f 1821 1930 1823
f 1821 1926 1925
f 1822 1823 1931
f 1822 1931 1932
f 1822 1932 1933
f 1822 1933 1824
f 1823 1929 1934
f 1823 1934 1935
f 1823 1935 1931
f 1823 1930 1929
f 1824 1933 1936
f 1824 1936 1825
f 1825 1936 1826
f 1826 1936 1937
f 1826 1937 1938
f 1826 1938 1828
f 1826 1828 1827
f 1828 1938 1829
f 1829 1938 1939
f 1830 1832 1831
f 1835 1940 1836
f 1836 1940 1838
f 1837 1845 1941
f 1837 1941 1942
f 1837 1942 1849
f 1838 1940 1943
f 1838 1943 1944
f 1838 1944 1945
f 1838 1945 1946
f 1838 1946 1839
f 1839 1946 1840
f 1840 1946 1841
f 1841 1843 1842
f 1841 1946 1947
f 1841 1947 1843
f 1843 1948 1844
f 1843 1947 1949
f 1843 1949 1950
f 1843 1950 1951
f 1843 1951 1948
f 1844 1948 1845
f 1845 1948 1951
f 1845 1951 1952
f 1845 1952 1941
f 1846 1858 1857
f 1846 1857 1847
f 1846 1852 1953
f 1846 1953 1954
f 1846 1954 1858
f 1847 1857 1856
f 1847 1856 1854
f 1847 1854 1853
f 1847 1853 1848
f 1849 1942 1955
f 1849 1955 1956
f 1849 1956 1850
f 1850 1956 1851
f 1851 1957 1958
f 1851 1958 1852
f 1851 1956 1959
f 1851 1959 1960
f 1851 1960 1957
f 1852 1958 1953
f 1858 1954 1961
f 1858 1961 1962
f 1858 1962 1963
f 1858 1963 1859
f 1859 1861 1860
f 1859 1963 1861
f 1861 1963 1964
f 1861 1964 1862
f 1862 1964 1863
f 1863 1964 1965
f 1863 1965 1966
f 1863 1966 1864
f 1864 1966 1967
f 1864 1967 1865
f 1865 1967 1968
f 1865 1968 1866
f 1866 1968 1969
f 1866 1969 1970
f 1866 1970 1867
f 1867 1970 1868
f 1868 1970 1971
f 1868 1971 1869
f 1869 1972 1870
f 1869 1971 1972
f 1870 1972 1973
f 1870 1973 1974
f 1870 1974 1975
f 1870 1975 1976
f 1870 1976 1977
f 1870 1977 1871
f 1871 1884 1872
f 1871 1977 1884
f 1875 1977 1976
f 1875 1976 1978
f 1875 1978 1881
f 1875 1884 1977
f 1876 1881 1978
f 1876 1978 1877
f 1877 1979 1980
f 1877 1980 1878
f 1877 1978 1979
f 1878 1980 1981
f 1878 1981 1982
f 1878 1982 1879
f 1879 1982 1880
f 1880 1982 1883
f 1880 1883 1882
f 1883 1983 1984
f 1883 1984 1885
f 1883 1982 1888
f 1883 1888 1983
f 1885 1984 1886
f 1886 1984 1983
f 1886 1983 1888
f 1888 1982 1889
f 1889 1982 1985
f 1889 1985 1891
f 1889 1891 1890
f 1891 1985 1892
f 1892 1985 1987
f 1892 1987 1988
f 1892 1988 1986
f 1893 1986 1989
f 1893 1989 1894
f 1894 1989 1990
f 1894 1990 1895
f 1895 1990 2075
f 1895 2075 1991
f 1895 1991 1992
f 1895 1992 1896
f 1896 1991 1993
f 1896 1993 1994
f 1896 1994 1995
f 1896 1995 1996
f 1896 1996 1997
f 1896 1997 1897
f 1896 1992 1991
f 1897 1997 1899
f 1899 1997 1998
f 1899 1998 1999
f 1899 1999 1901
f 1899 1901 1900
f 1901 1999 1904
f 1901 1904 1902
f 1903 1908 1909
f 1904 1999 1998
f 1904 1998 2000
f 1904 2000 1905
f 1905 2000 2001
f 1905 2001 1906
f 1906 2002 1907
f 1906 2001 2003
f 1906 2003 2004
f 1906 2004 2005
f 1906 2005 2002
f 1907 2002 1908
f 1908 2002 2006
f 1908 2006 2007
f 1908 2007 1919
f 1908 1919 1910
f 1908 1910 1909
f 1914 1918 1915
f 1919 2007 1920
f 1920 2007 2008
f 1920 2008 1927
f 1920 1927 1921
f 1922 1927 1923
f 1923 1927 2008
f 1923 2008 2006
f 1923 2006 2009
f 1923 2009 2010
f 1923 2010 2011
f 1923 2011 2012
f 1923 2012 1925
f 1923 1925 1924
f 1925 2012 2011
f 1925 2011 2013
f 1925 2013 2014
f 1925 2014 2015
f 1925 2015 1929
f 1925 1929 1928
f 1929 2015 2014
f 1929 2014 2016
f 1929 2016 2017
f 1929 2017 2018
f 1929 2018 1935
f 1929 1935 1934
f 1931 1935 1932
f 1932 1935 2019
f 1932 2019 2020
f 1932 2020 2021
f 1932 2021 2022
f 1932 2022 2023
f 1932 2023 1933
f 1933 2023 2022
f 1933 2022 2024
f 1933 2024 1936
f 1935 2025 2019
f 1935 2018 2025
f 1936 2024 1937
f 1937 2024 2026
f 1937 2026 2027
f 1937 2027 1938
f 1938 2027 1939
f 1939 2027 2028
f 1941 1952 2029
f 1941 2029 1942
f 1942 2029 2030
f 1942 2030 2031
f 1942 2031 2032
f 1942 2032 2033
f 1942 2033 2034
f 1942 2034 1956
f 1942 1956 1955
f 1945 2035 1946
f 1946 2035 2036
f 1946 2036 1947
f 1947 2037 2038
f 1947 2038 1949
f 1947 2036 2037
f 1949 2038 1950
f 1950 2038 2039
f 1950 2039 2040
f 1950 2040 2041
f 1950 2041 2042
f 1950 2042 1951
f 1951 2042 2043
f 1951 2043 1952
f 1952 2043 2029
f 1953 1958 1954
f 1954 2044 1961
f 1954 1958 1957
f 1954 1957 1960
f 1954 1960 2045
f 1954 2045 2044
f 1956 2034 2046
f 1956 2046 1959
f 1959 2046 1960
f 1960 2047 2045
f 1960 2046 2048
f 1960 2048 2049
f 1960 2049 2047
f 1961 2044 1962
f 1962 2050 1965
f 1962 1965 1964
f 1962 1964 1963
f 1962 2044 2051
f 1962 2051 2052
f 1962 2052 2053
f 1962 2053 2050
f 1965 2050 1966
f 1966 2050 2054
f 1966 2054 1967
f 1967 2054 2055
f 1967 2055 1968
f 1968 2055 1969
f 1969 2055 2056
f 1969 2056 2057
f 1969 2057 1970
f 1970 2057 1971
f 1971 2057 1972
f 1972 2057 2058
f 1972 2058 1973
f 1973 2058 1974
f 1974 2059 2060
f 1974 2060 2061
f 1974 2061 1975
f 1974 2058 2059
f 1975 2061 2062
f 1975 2062 1978
f 1975 1978 1976
f 1978 2062 1979
f 1979 2063 1980
f 1979 2062 2064
f 1979 2064 2065
f 1979 2065 2063
f 1980 2063 2066
f 1980 2066 1981
f 1981 2066 2067
f 1981 2067 1982
f 1982 2067 2068
f 1982 2068 1987
f 1982 1987 1985
f 1986 1988 1989
f 1987 2068 2069
f 1987 2069 2070
f 1987 2070 1988
f 1988 2070 2069
f 1988 2069 2071
f 1988 2071 2072
f 1988 2072 2073
f 1988 2073 1990
f 1988 1990 1989
f 1990 2073 2074
f 1990 2074 2075
f 1991 2075 2076
f 1991 2076 1994
f 1991 1994 1993
f 1994 2076 2077
f 1994 2077 1995
f 1995 2078 1996
f 1995 2077 2079
f 1995 2079 2078
f 1996 2078 1997
f 1997 2078 1998
f 1998 2078 2000
f 2000 2078 2080
f 2000 2080 2081
f 2000 2081 2001
f 2001 2081 2003
f 2002 2005 2009
f 2002 2009 2006
f 2003 2081 2082
f 2003 2082 2004
f 2004 2082 2083
f 2004 2083 2084
f 2004 2084 2009
f 2004 2009 2005
f 2006 2008 2007
f 2009 2084 2011
f 2009 2011 2010
f 2011 2085 2086
f 2011 2086 2014
f 2011 2014 2013
f 2011 2084 2085
f 2014 2087 2088
f 2014 2088 2017
f 2014 2017 2016
f 2014 2086 2087
f 2017 2089 2090
f 2017 2090 2091
f 2017 2091 2092
f 2017 2092 2025
f 2017 2025 2018
f 2017 2088 2089
f 2019 2025 2020
f 2020 2093 2021
f 2020 2025 2092
f 2020 2092 2094
f 2020 2094 2095
f 2020 2095 2093
f 2021 2093 2022
f 2022 2093 2096
f 2022 2096 2026
f 2022 2026 2024
f 2026 2097 2027
f 2026 2096 2097
f 2027 2097 2098
f 2027 2098 2028
f 2028 2098 2099
f 2029 2043 2100
f 2029 2100 2030
f 2030 2100 2101
f 2030 2101 2031
f 2031 2101 2102
f 2031 2102 2032
f 2032 2102 2103
f 2032 2103 2104
f 2032 2104 2105
f 2032 2105 2106
f 2032 2106 2033
f 2033 2106 2034
f 2034 2106 2046
f 2037 2107 2038
f 2038 2107 2039
f 2039 2108 2040
f 2040 2108 2109
f 2040 2109 2110
f 2040 2110 2041
f 2041 2110 2111
f 2041 2111 2112
f 2041 2112 2113
f 2041 2113 2114
f 2041 2114 2042
f 2042 2100 2043
f 2042 2114 2100
f 2044 2045 2051
f 2045 2047 2052
f 2045 2052 2051
f 2046 2106 2048
f 2047 2049 2052
f 2048 2106 2115
f 2048 2115 2116
f 2048 2116 2049
f 2049 2116 2117
f 2049 2117 2118
f 2049 2118 2052
f 2050 2053 2119
f 2050 2119 2054
f 2052 2118 2120
f 2052 2120 2121
f 2052 2121 2122
f 2052 2122 2123
f 2052 2123 2053
f 2053 2123 2122
f 2053 2122 2119
f 2054 2056 2055
f 2054 2119 2122
f 2054 2122 2124
f 2054 2124 2125
f 2054 2125 2056
f 2056 2125 2057
f 2057 2125 2058
f 2058 2125 2126
f 2058 2126 2127
f 2058 2127 2128
f 2058 2128 2059
f 2059 2128 2060
f 2060 2128 2129
f 2060 2129 2061
f 2061 2129 2130
f 2061 2130 2062
f 2062 2130 2131
f 2062 2131 2064
f 2063 2132 2066
f 2063 2065 2132
f 2064 2131 2130
f 2064 2130 2133
f 2064 2133 2065
f 2065 2134 2135
f 2065 2135 2136
f 2065 2136 2137
f 2065 2137 2138
f 2065 2138 2139
f 2065 2139 2140
f 2065 2140 2132
f 2065 2133 2134
f 2066 2132 2140
f 2066 2140 2141
f 2066 2141 2068
f 2066 2068 2067
f 2068 2141 2069
f 2069 2142 2143
f 2069 2143 2072
f 2069 2072 2071
f 2069 2141 2142
f 2072 2143 2144
f 2072 2144 2073
f 2073 2145 2075
f 2073 2075 2074
f 2073 2144 2146
f 2073 2146 2147
f 2073 2147 2076
f 2073 2076 2145
f 2075 2145 2076
f 2076 2148 2077
f 2076 2147 2148
f 2077 2148 2210
f 2077 2210 2149
f 2077 2149 2150
f 2077 2150 2079
f 2078 2079 2151
f 2078 2151 2080
f 2079 2150 2151
f 2080 2151 2081
f 2081 2151 2152
f 2081 2152 2153
f 2081 2153 2082
f 2082 2153 2083
f 2083 2153 2154
f 2083 2154 2155
f 2083 2155 2085
f 2083 2085 2084
f 2085 2155 2086
f 2086 2155 2087
f 2087 2155 2089
f 2087 2089 2088
f 2089 2156 2157
f 2089 2157 2090
f 2089 2155 2158
f 2089 2158 2156
f 2090 2157 2159
f 2090 2159 2091
f 2091 2159 2092
f 2092 2159 2094
f 2093 2095 2160
f 2093 2160 2161
f 2093 2161 2096
f 2094 2162 2163
f 2094 2163 2095
f 2094 2159 2162
f 2095 2163 2160
f 2096 2161 2097
f 2097 2164 2165
f 2097 2165 2098
f 2097 2161 2164
f 2098 2165 2099
f 2099 2165 2166
f 2100 2114 2101
f 2101 2114 2167
f 2101 2167 2168
f 2101 2168 2102
f 2102 2168 2169
f 2102 2169 2103
f 2103 2170 2105
f 2103 2105 2104
f 2103 2169 2171
f 2103 2171 2172
f 2103 2172 2173
f 2103 2173 2170
f 2105 2174 2175
f 2105 2175 2176
f 2105 2176 2106
f 2105 2170 2177
f 2105 2177 2178
f 2105 2178 2174
f 2106 2176 2175
f 2106 2175 2115
f 2110 2179 2111
f 2111 2179 2112
f 2112 2179 2180
f 2112 2180 2181
f 2112 2181 2182
f 2112 2182 2183
f 2112 2183 2113
f 2113 2183 2184
f 2113 2184 2167
f 2113 2167 2114
f 2115 2175 2116
f 2116 2175 2185
f 2116 2185 2186
f 2116 2186 2187
f 2116 2187 2117
f 2117 2188 2118
f 2117 2187 2188
f 2118 2188 2120
f 2120 2189 2121
f 2120 2188 2189
f 2121 2189 2124
f 2121 2124 2122
f 2124 2189 2190
f 2124 2190 2126
f 2124 2126 2125
f 2126 2190 2127
f 2127 2191 2128
f 2127 2190 2191
f 2128 2191 2189
f 2128 2189 2192
f 2128 2192 2187
f 2128 2187 2193
f 2128 2193 2194
f 2128 2194 2129
f 2129 2194 2134
f 2129 2134 2130
f 2130 2134 2133
f 2134 2195 2196
f 2134 2196 2197
f 2134 2197 2135
f 2134 2194 2195
f 2135 2197 2136
f 2136 2197 2198
f 2136 2198 2137
f 2137 2198 2199
f 2137 2199 2200
f 2137 2200 2201
f 2137 2201 2202
f 2137 2202 2203
f 2137 2203 2138
f 2138 2203 2204
f 2138 2204 2139
f 2139 2204 2140
f 2140 2204 2141
f 2141 2204 2142
f 2142 2204 2143
f 2143 2204 2205
f 2143 2205 2206
f 2143 2206 2144
f 2144 2206 2207
f 2144 2207 2146
f 2146 2207 2147
f 2147 2207 2208
f 2147 2208 2148
f 2148 2208 2209
f 2148 2209 2210
f 2149 2210 2264
f 2149 2264 2211
f 2149 2211 2212
f 2149 2212 2150
f 2150 2212 2151
f 2151 2212 2213
f 2151 2213 2152
f 2152 2213 2153
f 2153 2213 2214
f 2153 2214 2158
f 2153 2158 2154
f 2154 2158 2155
f 2156 2215 2216
f 2156 2216 2217
f 2156 2217 2157
f 2156 2158 2218
f 2156 2218 2215
f 2157 2217 2219
f 2157 2219 2159
f 2158 2214 2220
f 2158 2220 2218
f 2159 2219 2221
f 2159 2221 2162
f 2160 2163 2222
f 2160 2222 2161
f 2161 2222 2164
f 2162 2221 2223
f 2162 2223 2224
f 2162 2224 2225
f 2162 2225 2226
f 2162 2226 2163
f 2163 2226 2227
f 2163 2227 2228
f 2163 2228 2229
f 2163 2229 2222
f 2164 2222 2229
f 2164 2229 2230
f 2164 2230 2165
f 2165 2230 2166
f 2166 2230 2231
f 2166 2231 2232
f 2167 2184 2233
f 2167 2233 2168
f 2168 2233 2234
f 2168 2234 2169
f 2169 2234 2171
f 2170 2173 2177
f 2171 2234 2235
f 2171 2235 2236
f 2171 2236 2172
f 2172 2236 2173
f 2173 2236 2237
f 2173 2237 2238
f 2173 2238 2177
f 2174 2178 2239
f 2174 2239 2175
f 2175 2239 2240
f 2175 2240 2185
f 2177 2241 2178
f 2177 2238 2241
f 2178 2241 2239
f 2182 2242 2183
f 2183 2243 2184
f 2183 2242 2244
f 2183 2244 2245
f 2183 2245 2243
f 2184 2243 2233
f 2185 2240 2246
f 2185 2246 2186
f 2186 2246 2187
f 2187 2247 2193
f 2187 2192 2188
f 2187 2246 2248
f 2187 2248 2249
f 2187 2249 2250
f 2187 2250 2251
f 2187 2251 2247
f 2188 2192 2189
f 2189 2191 2190
f 2193 2247 2194
f 2194 2247 2195
f 2195 2247 2196
f 2196 2247 2252
f 2196 2252 2199
f 2196 2199 2197
f 2197 2199 2198
f 2199 2253 2254
f 2199 2254 2255
f 2199 2255 2200
f 2199 2252 2253
f 2200 2255 2201
f 2201 2255 2256
f 2201 2256 2257
f 2201 2257 2258
f 2201 2258 2259
f 2201 2259 2202
f 2202 2259 2260
f 2202 2260 2203
f 2203 2205 2204
f 2203 2260 2206
f 2203 2206 2205
f 2206 2260 2207
f 2207 2260 2261
f 2207 2261 2262
f 2207 2262 2209
f 2207 2209 2208
f 2209 2262 2263
f 2209 2263 2210
f 2210 2263 2264
f 2211 2264 2320
f 2211 2320 2265
f 2211 2265 2266
f 2211 2266 2267
f 2211 2267 2212
f 2212 2267 2268
f 2212 2268 2213
f 2213 2268 2269
f 2213 2269 2214
f 2214 2269 2220
f 2215 2218 2270
f 2215 2270 2271
f 2215 2271 2216
f 2216 2272 2273
f 2216 2273 2217
f 2216 2271 2272
f 2217 2273 2223
f 2217 2223 2221
f 2217 2221 2219
f 2218 2220 2270
f 2220 2269 2274
f 2220 2274 2270
f 2223 2275 2224
f 2223 2273 2275
f 2224 2276 2277
f 2224 2277 2225
f 2224 2275 2276
f 2225 2277 2278
f 2225 2278 2227
f 2225 2227 2226
f 2227 2278 2279
f 2227 2279 2228
f 2228 2279 2229
f 2229 2279 2280
f 2229 2280 2281
f 2229 2281 2231
f 2229 2231 2230
f 2231 2282 2283
f 2231 2283 2284
f 2231 2284 2232
f 2231 2281 2282
f 2233 2243 2285
f 2233 2285 2234
f 2234 2285 2235
f 2235 2285 2286
f 2235 2286 2287
f 2235 2287 2236
f 2236 2287 2288
f 2236 2288 2289
f 2236 2289 2290
f 2236 2290 2237
f 2237 2290 2291
f 2237 2291 2292
f 2237 2292 2293
f 2237 2293 2238
f 2238 2293 2294
f 2238 2294 2295
f 2238 2295 2296
f 2238 2296 2241
f 2239 2241 2248
f 2239 2248 2246
f 2239 2246 2240
f 2241 2297 2298
f 2241 2298 2248
f 2241 2296 2299
f 2241 2299 2300
f 2241 2300 2297
f 2243 2245 2285
f 2244 2301 2245
f 2245 2301 2302
f 2245 2302 2303
f 2245 2303 2304
f 2245 2304 2285
f 2247 2251 2250
f 2247 2250 2252
f 2248 2305 2249
f 2248 2298 2306
f 2248 2306 2305
f 2249 2305 2250
f 2250 2305 2307
f 2250 2307 2252
f 2252 2307 2253
f 2253 2307 2254
f 2254 2308 2256
f 2254 2256 2255
f 2254 2307 2308
f 2256 2308 2297
f 2256 2297 2309
f 2256 2309 2310
f 2256 2310 2311
f 2256 2311 2257
f 2257 2311 2312
f 2257 2312 2313
f 2257 2313 2314
f 2257 2314 2258
f 2258 2314 2259
f 2259 2314 2260
f 2260 2314 2261
f 2261 2314 2262
f 2262 2314 2315
f 2262 2315 2316
f 2262 2316 2263
f 2263 2316 2317
f 2263 2317 2318
f 2263 2318 2264
f 2264 2318 2319
f 2264 2319 2320
f 2265 2267 2266
f 2265 2320 2321
f 2265 2321 2322
f 2265 2322 2323
f 2265 2323 2267
f 2267 2323 2322
f 2267 2322 2270
f 2267 2270 2274
f 2267 2274 2269
f 2267 2269 2268
f 2270 2322 2271
f 2271 2322 2324
f 2271 2324 2272
f 2272 2325 2326
f 2272 2326 2273
f 2272 2324 2325
f 2273 2326 2275
f 2275 2326 2327
f 2275 2327 2328
f 2275 2328 2276
f 2276 2329 2330
f 2276 2330 2277
f 2276 2328 2329
f 2277 2330 2331
f 2277 2331 2278
f 2278 2331 2279
f 2279 2332 2280
f 2279 2331 2332
f 2280 2332 2333
f 2280 2333 2281
f 2281 2333 2282
f 2282 2334 2283
f 2282 2333 2334
f 2285 2335 2336
f 2285 2336 2286
f 2285 2304 2335
f 2286 2336 2337
f 2286 2337 2287
f 2287 2337 2288
f 2288 2337 2338
f 2288 2338 2339
f 2288 2339 2340
f 2288 2340 2341
f 2288 2341 2289
f 2289 2341 2340
f 2289 2340 2342
f 2289 2342 2343
f 2289 2343 2344
f 2289 2344 2291
f 2289 2291 2290
f 2291 2344 2345
f 2291 2345 2346
f 2291 2346 2294
f 2291 2294 2292
f 2292 2294 2293
f 2294 2346 2347
f 2294 2347 2348
f 2294 2348 2349
f 2294 2349 2299
f 2294 2299 2295
f 2295 2299 2296
f 2297 2308 2307
f 2297 2307 2306
f 2297 2306 2298
f 2297 2300 2299
f 2297 2299 2350
f 2297 2350 2309
f 2299 2349 2351
f 2299 2351 2310
f 2299 2310 2350
f 2302 2352 2303
f 2303 2336 2353
f 2303 2353 2304
f 2303 2352 2354
f 2303 2354 2355
f 2303 2355 2336
f 2304 2353 2335
f 2305 2306 2307
f 2309 2350 2310
f 2310 2351 2348
f 2310 2348 2356
f 2310 2356 2357
f 2310 2357 2311
f 2311 2357 2312
f 2312 2357 2358
f 2312 2358 2359
f 2312 2359 2313
f 2313 2359 2314
f 2314 2359 2315
f 2315 2359 2316
f 2316 2359 2360
f 2316 2360 2361
f 2316 2361 2317
f 2317 2361 2318
f 2318 2361 2362
f 2318 2362 2363
f 2318 2363 2321
f 2318 2321 2364
f 2318 2364 2320
f 2318 2320 2319
f 2320 2364 2321
f 2321 2363 2365
f 2321 2365 2366
f 2321 2366 2322
f 2322 2366 2324
f 2324 2366 2367
f 2324 2367 2325
f 2325 2367 2368
f 2325 2368 2327
f 2325 2327 2326
f 2327 2368 2328
f 2328 2368 2369
f 2328 2369 2329
f 2329 2369 2370
f 2329 2370 2404
f 2329 2404 2371
f 2329 2371 2330
f 2330 2371 2331
f 2331 2371 2372
f 2331 2372 2332
f 2332 2373 2374
f 2332 2374 2333
f 2332 2372 2373
f 2333 2374 2375
f 2333 2375 2376
f 2333 2376 2334
f 2334 2376 2378
f 2334 2378 2377
f 2335 2353 2336
f 2336 2355 2379
f 2336 2379 2337
f 2337 2379 2339
f 2337 2339 2338
f 2339 2379 2380
f 2339 2380 2340
f 2340 2380 2381
f 2340 2381 2382
f 2340 2382 2383
f 2340 2383 2384
f 2340 2384 2342
f 2342 2384 2343
f 2343 2385 2345
f 2343 2345 2344
f 2343 2384 2386
f 2343 2386 2387
f 2343 2387 2385
f 2345 2385 2388
f 2345 2388 2389
f 2345 2389 2346
f 2346 2389 2347
f 2347 2389 2348
f 2348 2390 2356
f 2348 2351 2349
f 2348 2389 2390
f 2354 2391 2355
f 2355 2391 2392
f 2355 2392 2379
f 2356 2393 2357
f 2356 2390 2393
f 2357 2393 2358
f 2358 2393 2394
f 2358 2394 2359
f 2359 2394 2360
f 2360 2394 2395
f 2360 2395 2361
f 2361 2395 2362
f 2362 2395 2363
f 2363 2396 2365
f 2363 2395 2397
f 2363 2397 2396
f 2365 2396 2398
f 2365 2398 2399
f 2365 2399 2366
f 2366 2399 2367
f 2367 2399 2400
f 2367 2400 2368
f 2368 2400 2401
f 2368 2401 2369
f 2369 2401 2402
f 2369 2402 2370
f 2370 2402 2403
f 2370 2403 2404
f 2371 2404 2405
f 2371 2405 2372
f 2372 2405 2406
f 2372 2406 2373
f 2373 2406 2407
f 2373 2407 2408
f 2373 2408 2375
f 2373 2375 2374
f 2375 2409 2378
f 2375 2378 2376
f 2375 2408 2409
f 2377 2378 2411
f 2377 2411 2410
f 2378 2409 2411
f 2379 2392 2380
f 2380 2392 2381
f 2381 2412 2413
f 2381 2413 2414
f 2381 2414 2382
f 2381 2392 2412
f 2382 2414 2415
f 2382 2415 2416
f 2382 2416 2384
f 2382 2384 2383
f 2384 2416 2386
f 2385 2387 2417
f 2385 2417 2388
f 2386 2418 2387
f 2386 2416 2419
f 2386 2419 2418
f 2387 2418 2417
f 2388 2420 2389
f 2388 2417 2420
f 2389 2420 2390
f 2390 2421 2422
f 2390 2422 2394
f 2390 2394 2393
f 2390 2420 2421
f 2391 2423 2392
f 2392 2423 2424
f 2392 2424 2425
f 2392 2425 2412
f 2394 2422 2426
f 2394 2426 2397
f 2394 2397 2395
f 2396 2397 2426
f 2396 2426 2427
f 2396 2427 2398
f 2398 2427 2428
f 2398 2428 2399
f 2399 2428 2400
f 2400 2428 2401
f 2401 2428 2429
f 2401 2429 2430
f 2401 2430 2402
f 2402 2430 2431
f 2402 2431 2403
f 2403 2432 2404
f 2403 2431 2432
f 2404 2432 2405
f 2405 2432 2433
f 2405 2433 2406
f 2406 2433 2434
f 2406 2434 2407
f 2407 2434 2435
f 2407 2435 2436
f 2407 2436 2409
f 2407 2409 2408
f 2409 2436 2411
f 2410 2411 2437
f 2411 2436 2435
f 2411 2435 2438
f 2411 2438 2437
f 2412 2425 2439
f 2412 2439 2413
f 2413 2439 2440
f 2413 2440 2441
f 2413 2441 2442
f 2413 2442 2414
f 2414 2442 2443
f 2414 2443 2415
f 2415 2419 2416
f 2415 2443 2419
f 2417 2444 2420
f 2417 2418 2445
f 2417 2445 2444
f 2418 2429 2445
f 2418 2419 2446
f 2418 2446 2430
f 2418 2430 2429
f 2419 2443 2447
f 2419 2447 2448
f 2419 2448 2446
f 2420 2444 2449
f 2420 2449 2421
f 2421 2449 2426
f 2421 2426 2422
f 2426 2449 2427
f 2427 2449 2444
f 2427 2444 2445
f 2427 2445 2429
f 2427 2429 2428
f 2430 2446 2450
f 2430 2450 2431
f 2431 2450 2451
f 2431 2451 2432
f 2432 2451 2452
f 2432 2452 2433
f 2433 2452 2453
f 2433 2453 2434
f 2434 2453 2435
f 2435 2453 2438
f 2437 2438 2453
f 2437 2453 2455
f 2437 2455 2454
f 2441 2456 2442
f 2442 2456 2457
f 2442 2457 2443
f 2443 2457 2458
f 2443 2458 2459
f 2443 2459 2452
f 2443 2452 2447
f 2446 2448 2450
f 2447 2452 2448
f 2448 2452 2451
f 2448 2451 2450
f 2452 2459 2453
f 2453 2459 2458
f 2453 2458 2455
f 2454 2455 2460
f 2455 2458 2457
f 2455 2457 2460
f 2456 2461 2457
f 2457 2461 2462
f 2457 2462 2460

