# https://github.com/mikedh/trimesh

o right_finger4_link4.STL
v -0.00400000 0.00065000 0.00985000
v -0.00400000 0.00200000 0.00985000
v -0.00357500 0.00065000 0.00973612
v -0.00357500 0.00200000 0.00973612
v -0.00326388 0.00065000 0.00942500
v -0.00326388 0.00200000 0.00942500
v -0.00315000 0.00065000 0.00899999
v -0.00315000 0.00200000 0.00900001
v -0.00326388 0.00065000 0.00857500
v -0.00326388 0.00200000 0.00857500
v -0.00357500 0.00065000 0.00826388
v -0.00357500 0.00200000 0.00826388
v -0.00400000 0.00065000 0.00815000
v -0.00400000 0.00200000 0.00815000
v -0.00442500 0.00065000 0.00826387
v -0.00442500 0.00200000 0.00826387
v -0.00473612 0.00065000 0.00857500
v -0.00473612 0.00200000 0.00857500
v -0.00485000 0.00065000 0.00900001
v -0.00485000 0.00200000 0.00900001
v -0.00473612 0.00065000 0.00942500
v -0.00473612 0.00200000 0.00942499
v -0.00442500 0.00065000 0.00973612
v -0.00442500 0.00200000 0.00973612
v -0.00302092 0.00000351 0.01913567
v -0.00639500 0.00000350 0.01913567
v -0.00640650 -0.00021100 0.01904784
v -0.00301243 -0.00023877 0.01902749
v -0.00642028 -0.00038573 0.01885220
v -0.00299457 -0.00040086 0.01882146
v -0.00643689 -0.00045000 0.01859420
v -0.00297215 -0.00045000 0.01859421
v -0.00526966 0.00580036 0.00353862
v -0.00472025 0.00613274 0.00370388
v -0.00503035 0.00595663 0.00353861
v -0.00431667 0.00635121 0.00353862
v -0.00461369 0.00618737 0.00374282
v -0.00439032 0.00628931 0.00384147
v -0.00351652 0.00668282 0.00353861
v -0.00420899 0.00634977 0.00397228
v -0.00417278 0.00635019 0.00403457
v 0.00073566 0.00681414 0.00405626
v -0.00009935 0.00703951 0.00353862
v -0.00010799 0.00697191 0.00405625
v -0.00096341 0.00709950 0.00353862
v -0.00096420 0.00703136 0.00405626
v -0.00182863 0.00705947 0.00353862
v -0.00182156 0.00699169 0.00405626
v -0.00268347 0.00691996 0.00353862
v -0.00266863 0.00685344 0.00405625
v -0.00349410 0.00661846 0.00405625
v -0.00416820 0.00634606 0.00405626
v 0.00139796 0.00661712 0.00405625
v 0.00157939 0.00662398 0.00353862
v 0.00075204 0.00688029 0.00353862
v 0.00345432 0.00551131 0.00405626
v 0.00345150 0.00552043 0.00403507
v 0.00308045 0.00577834 0.00405626
v 0.00344850 0.00552950 0.00401346
v 0.00340655 0.00561391 0.00378165
v 0.00155550 0.00656016 0.00405625
v 0.00234058 0.00621335 0.00405626
v 0.00237167 0.00627399 0.00353862
v 0.00311832 0.00583499 0.00353861
v 0.00337256 0.00565731 0.00353862
v -0.00687857 0.00280973 0.00587789
v -0.00689005 0.00246187 0.00590249
v -0.00706569 0.00203936 0.00627917
v -0.00691001 0.00225000 0.00594531
v -0.00719042 0.00128174 0.00654666
v -0.00664587 0.00280000 0.00537887
v -0.00665573 0.00280000 0.00540000
v -0.00663243 0.00356895 0.00535003
v -0.00675238 0.00275824 0.00560726
v -0.00683478 0.00264061 0.00578398
v -0.00431667 0.00635121 0.00038388
v -0.00339865 0.00672277 -0.00158482
v -0.00339865 0.00280000 -0.00158481
v -0.00691001 -0.00269620 0.00594532
v -0.00695604 -0.00252053 0.00604402
v -0.00711794 -0.00176267 0.00639122
v -0.00722230 -0.00099810 0.00661502
v -0.00725806 0.00051930 0.00669170
v -0.00726848 -0.00023985 0.00671404
v -0.00504720 0.00594605 0.00195051
v -0.00591972 0.00512875 0.00382163
v -0.00572815 0.00546216 0.00341081
v -0.00631204 0.00434971 0.00466296
v -0.00683888 0.00225000 0.00590000
v -0.00683888 -0.00288023 0.00590000
v -0.00615000 0.00225000 0.00590000
v -0.00615000 -0.00325000 0.00590001
v -0.00664821 -0.00325000 0.00590000
v -0.00565675 -0.00325000 0.00596178
v -0.00577838 0.00225000 0.00593483
v -0.00541970 -0.00325000 0.00603811
v -0.00541970 0.00225000 0.00603810
v -0.00519398 -0.00325000 0.00614330
v -0.00508646 0.00225000 0.00620622
v -0.00479026 -0.00325000 0.00643333
v -0.00479026 0.00225000 0.00643334
v -0.00447554 -0.00325000 0.00663095
v -0.00447554 0.00225000 0.00663095
v -0.00411039 -0.00325000 0.00670000
v -0.00411039 0.00225000 0.00669999
v -0.00125845 -0.00449113 0.00670000
v -0.00147404 -0.00427449 0.00670001
v -0.00066220 -0.00350000 0.00669999
v -0.00172223 -0.00409790 0.00670000
v -0.00184237 -0.00401439 0.00669999
v -0.00258166 -0.00325000 0.00670001
v -0.00066220 0.00225000 0.00670000
v -0.00231387 -0.00331308 0.00670000
v 0.00209433 -0.00350000 0.00670001
v 0.00199167 -0.00374091 0.00670000
v 0.00194308 -0.00388168 0.00670001
v 0.00149499 -0.00565000 0.00670000
v -0.00100912 -0.00565000 0.00670000
v 0.00149499 -0.00475000 0.00670000
v -0.00100912 -0.00475000 0.00670000
v -0.00113122 -0.00461803 0.00670000
v -0.00210238 -0.00348905 0.00670000
v -0.00199166 -0.00374091 0.00670000
v -0.00194430 -0.00387934 0.00670000
v 0.00149841 -0.00474854 0.00670000
v 0.00173933 -0.00432567 0.00670000
v 0.00183338 -0.00411073 0.00669999
v 0.00349174 0.00275000 0.00462480
v 0.00338391 0.00275000 0.00569873
v 0.00082500 0.00275000 0.00142894
v 0.00332078 0.00275000 0.00597129
v 0.00344669 0.00275000 -0.00134549
v 0.00369720 0.00275000 -0.00014383
v 0.00165000 0.00275000 0.00000001
v -0.00159378 0.00275000 -0.00042706
v -0.00165000 0.00275000 0.00000000
v -0.00335334 0.00275000 -0.00156368
v 0.00159378 0.00275000 0.00042705
v 0.00354080 0.00275000 0.00107366
v 0.00142894 0.00275000 0.00082501
v 0.00328699 0.00275000 0.00254869
v 0.00116673 0.00275000 0.00116672
v 0.00340304 0.00275000 0.00404087
v 0.00348480 0.00275000 0.00438826
v -0.00660056 0.00275000 0.00540000
v -0.00142894 0.00275000 0.00082500
v -0.00116673 0.00275000 0.00116673
v -0.00568548 0.00275000 0.00544354
v 0.00263757 0.00275000 0.00620001
v 0.00042705 0.00275000 0.00159377
v 0.00278168 0.00275000 0.00618243
v 0.00291736 0.00275000 0.00613077
v 0.00159378 0.00275000 -0.00042706
v 0.00142894 0.00275000 -0.00082501
v 0.00281682 0.00275000 -0.00239907
v 0.00116673 0.00275000 -0.00116672
v 0.00187692 0.00275000 -0.00318859
v 0.00082500 0.00275000 -0.00142894
v 0.00073045 0.00275000 -0.00362718
v 0.00042705 0.00275000 -0.00159378
v -0.00049642 0.00275000 -0.00366655
v -0.00159378 0.00275000 0.00042705
v -0.00615000 0.00275000 0.00540000
v -0.00445033 0.00275000 0.00606667
v -0.00482058 0.00275000 0.00578278
v -0.00523713 0.00275000 0.00557262
v -0.00000000 0.00275000 -0.00165000
v -0.00042705 0.00275000 -0.00159378
v -0.00166865 0.00275000 -0.00330236
v -0.00082500 0.00275000 -0.00142895
v -0.00265722 0.00275000 -0.00257471
v -0.00116673 0.00275000 -0.00116673
v -0.00142894 0.00275000 -0.00082499
v -0.00429297 0.00275000 0.00616548
v -0.00082500 0.00275000 0.00142895
v -0.00411039 0.00275000 0.00620000
v -0.00042705 0.00275000 0.00159378
v 0.00000000 0.00275000 0.00165000
v 0.00344850 0.00280000 0.00401345
v 0.00358865 0.00280000 0.00108818
v 0.00333693 0.00280000 0.00255100
v 0.00344850 0.00541910 0.00401346
v 0.00333693 0.00568316 0.00255100
v 0.00341787 0.00562396 0.00180891
v 0.00358864 0.00549347 0.00108817
v 0.00296368 0.00593564 0.00153315
v 0.00292045 0.00596283 0.00161580
v -0.00550204 0.00563567 0.00347513
v -0.00334607 0.00673989 0.00000022
v -0.00334251 0.00674104 0.00015403
v -0.00333714 0.00674276 0.00024213
v -0.00332632 0.00674621 -0.00035474
v -0.00323167 0.00677567 -0.00086240
v -0.00268966 0.00691857 -0.00199485
v -0.00269313 0.00691779 -0.00260951
v -0.00276852 0.00690046 -0.00188392
v -0.00308860 0.00681763 -0.00212675
v -0.00302888 0.00683423 -0.00142714
v -0.00321171 0.00678171 -0.00093501
v -0.00241414 0.00697490 -0.00232258
v -0.00233843 0.00698850 -0.00239937
v -0.00221987 0.00700820 -0.00302236
v -0.00202194 0.00703676 -0.00267168
v -0.00169120 0.00707254 -0.00334699
v -0.00159684 0.00708004 -0.00294312
v -0.00096341 0.00709950 -0.00362413
v -0.00111579 0.00709971 -0.00315651
v -0.00105168 0.00710000 -0.00317861
v -0.00096479 0.00709952 -0.00320634
v -0.00050313 0.00708004 -0.00371609
v -0.00055564 0.00708369 -0.00330385
v 0.00012335 0.00700765 -0.00374796
v -0.00005107 0.00703318 -0.00335130
v 0.00016054 0.00700166 -0.00334769
v 0.00074032 0.00688318 -0.00367620
v 0.00065556 0.00690350 -0.00328487
v 0.00075351 0.00687993 -0.00326329
v 0.00134793 0.00670633 -0.00349937
v 0.00113849 0.00677360 -0.00314804
v 0.00122275 0.00674735 -0.00311606
v 0.00190229 0.00649449 -0.00323168
v 0.00169388 0.00658005 -0.00288682
v 0.00190552 0.00649311 -0.00275206
v 0.00237167 0.00627399 -0.00290476
v 0.00212453 0.00639502 -0.00258710
v 0.00219056 0.00636378 -0.00253143
v 0.00237776 0.00627087 -0.00235568
v 0.00285488 0.00600327 -0.00243149
v 0.00255207 0.00617838 -0.00216301
v 0.00321512 0.00576918 -0.00193015
v 0.00277300 0.00605249 -0.00186398
v 0.00285265 0.00600463 -0.00173602
v 0.00349326 0.00556731 -0.00136367
v 0.00310152 0.00584619 -0.00122692
v 0.00367020 0.00542835 -0.00076948
v 0.00324167 0.00575074 -0.00077617
v 0.00374717 0.00536517 -0.00014578
v 0.00263853 0.00613029 0.00205386
v 0.00229124 0.00631462 0.00243976
v 0.00331774 0.00569696 -0.00030361
v 0.00333155 0.00568704 0.00000001
v 0.00371877 0.00538868 0.00048292
v 0.00331432 0.00569940 0.00033909
v 0.00323209 0.00575741 0.00081564
v 0.00308235 0.00585889 0.00127430
v -0.00096584 0.00709953 0.00320664
v -0.00114630 0.00709938 0.00314609
v -0.00166321 0.00707489 0.00290704
v -0.00182462 0.00705989 0.00280946
v -0.00209858 0.00702634 0.00261278
v -0.00249998 0.00695850 0.00223184
v -0.00254006 0.00695049 0.00218582
v -0.00269160 0.00691814 0.00199433
v -0.00284731 0.00688146 0.00176125
v -0.00308557 0.00681848 0.00128879
v -0.00325582 0.00676829 0.00076058
v 0.00075377 0.00687986 0.00326333
v 0.00043590 0.00695133 0.00332254
v -0.00007016 0.00703572 0.00335155
v -0.00015870 0.00704685 0.00334846
v -0.00065664 0.00708968 0.00328543
v 0.00185011 0.00651660 0.00278895
v 0.00142623 0.00667943 0.00302765
v 0.00134310 0.00670796 0.00306559
v 0.00093327 0.00683302 0.00321562
v 0.00374717 0.00280000 -0.00014577
v 0.00349326 0.00280000 -0.00136368
v 0.00285488 0.00280000 -0.00243149
v 0.00190229 0.00280000 -0.00323168
v 0.00074032 0.00280000 -0.00367620
v -0.00050312 0.00280000 -0.00371609
v -0.00169120 0.00280000 -0.00334700
v -0.00269313 0.00280000 -0.00260952
v -0.00661041 0.00274955 0.00542112
v -0.00683615 0.00232641 0.00589412
v -0.00680910 0.00249015 0.00583855
v -0.00675349 0.00263157 0.00572311
v -0.00668583 0.00271639 0.00558023
v -0.00615000 0.00268301 0.00565000
v -0.00615000 0.00250000 0.00583301
v -0.00462029 0.00268301 0.00625001
v -0.00495352 0.00268301 0.00599449
v -0.00532842 0.00268301 0.00580536
v -0.00573193 0.00268301 0.00568918
v -0.00474472 0.00250000 0.00638421
v -0.00505084 0.00250000 0.00614949
v -0.00539524 0.00250000 0.00597573
v -0.00576593 0.00250000 0.00586900
v -0.00438425 0.00268301 0.00639822
v -0.00445108 0.00250000 0.00656859
v -0.00411039 0.00250000 0.00663301
v -0.00411039 0.00260355 0.00655355
v -0.00411039 0.00268301 0.00645000
v -0.00056719 0.00250000 0.00663302
v -0.00063703 0.00238131 0.00668240
v 0.00263756 0.00250000 0.00663301
v 0.00263756 0.00260355 0.00655355
v 0.00263757 0.00263167 0.00652300
v 0.00263757 0.00271949 0.00637200
v 0.00303394 0.00268301 0.00635193
v 0.00311928 0.00250000 0.00651382
v 0.00288569 0.00250000 0.00660277
v 0.00282299 0.00271949 0.00634939
v 0.00285926 0.00263167 0.00649597
v -0.00038823 0.00290000 0.00144889
v -0.00075000 0.00290000 0.00129905
v -0.00106066 0.00290000 0.00106066
v -0.00129904 0.00290000 0.00074999
v -0.00144889 0.00290000 0.00038823
v -0.00150000 0.00290000 0.00000000
v -0.00144889 0.00290000 -0.00038822
v -0.00129904 0.00290000 -0.00075000
v -0.00106066 0.00290000 -0.00106066
v -0.00075000 0.00290000 -0.00129904
v -0.00038823 0.00290000 -0.00144890
v 0.00000000 0.00290000 -0.00150000
v 0.00038823 0.00290000 -0.00144888
v 0.00075000 0.00290000 -0.00129904
v 0.00106066 0.00290000 -0.00106067
v 0.00129904 0.00290000 -0.00075000
v 0.00144889 0.00290000 -0.00038822
v 0.00150000 0.00290000 -0.00000001
v 0.00144889 0.00290000 0.00038823
v 0.00129904 0.00290000 0.00075000
v 0.00106066 0.00290000 0.00106067
v 0.00075000 0.00290000 0.00129903
v 0.00038823 0.00290000 0.00144889
v -0.00000000 0.00290000 0.00149999
v 0.00201121 0.00633971 -0.00255295
v 0.00279185 0.00593772 0.00166375
v 0.00299149 0.00581611 0.00127025
v 0.00301839 0.00579873 0.00120493
v 0.00257044 0.00606141 0.00198880
v 0.00248936 0.00610471 0.00208939
v 0.00221727 0.00624302 0.00237617
v 0.00179156 0.00643603 0.00271161
v 0.00162559 0.00650285 0.00281424
v 0.00134139 0.00660627 0.00296027
v 0.00128774 0.00662426 0.00298400
v 0.00081327 0.00676293 0.00314660
v 0.00056517 0.00682145 0.00320048
v 0.00031765 0.00687108 0.00323443
v 0.00024832 0.00688350 0.00324049
v -0.00025421 0.00695510 0.00324004
v -0.00056130 0.00698308 0.00320117
v -0.00074982 0.00699411 0.00316231
v -0.00082356 0.00699709 0.00314393
v -0.00130241 0.00699733 0.00297762
v -0.00162515 0.00697832 0.00281450
v -0.00175703 0.00696621 0.00273410
v -0.00217258 0.00691277 0.00241712
v -0.00248965 0.00685767 0.00208906
v -0.00251414 0.00685294 0.00205952
v -0.00281254 0.00678986 0.00162853
v -0.00298910 0.00674751 0.00127585
v -0.00305297 0.00673075 0.00111439
v -0.00319045 0.00668965 0.00061932
v -0.00324802 0.00666999 0.00011347
v -0.00324983 0.00666943 0.00003281
v -0.00321409 0.00668183 -0.00048178
v -0.00308849 0.00671822 -0.00101180
v -0.00305396 0.00672733 -0.00111168
v -0.00288634 0.00676982 -0.00149385
v -0.00267201 0.00682131 -0.00185010
v -0.00260474 0.00683612 -0.00194365
v -0.00248971 0.00685958 -0.00208899
v -0.00224931 0.00690175 -0.00234587
v -0.00185038 0.00695655 -0.00267182
v -0.00162519 0.00697876 -0.00281447
v -0.00140980 0.00699319 -0.00292830
v -0.00134847 0.00699604 -0.00295704
v -0.00087292 0.00699925 -0.00313057
v -0.00056184 0.00698377 -0.00320108
v -0.00038068 0.00696875 -0.00322762
v -0.00031288 0.00696203 -0.00323490
v 0.00019422 0.00689322 -0.00324419
v 0.00056487 0.00682173 -0.00320054
v 0.00067791 0.00679613 -0.00317851
v 0.00115513 0.00666651 -0.00303779
v 0.00162297 0.00650345 -0.00281576
v 0.00299073 0.00581645 -0.00127203
v 0.00275669 0.00595775 -0.00172139
v 0.00270801 0.00598534 -0.00179699
v 0.00248928 0.00610434 -0.00208950
v 0.00239054 0.00615572 -0.00220178
v 0.00301613 0.00580005 -0.00121056
v 0.00305377 0.00577553 -0.00111221
v 0.00315973 0.00570607 -0.00076064
v 0.00322677 0.00566117 -0.00038788
v 0.00325000 0.00564492 -0.00000000
v 0.00323507 0.00565547 0.00031112
v 0.00315777 0.00570748 0.00076877
v 0.00305378 0.00577566 0.00111216
v 0.00075000 0.00310000 0.00129904
v -0.00000000 0.00310000 0.00150000
v 0.00129904 0.00310000 0.00075000
v 0.00150000 0.00310000 0.00000000
v 0.00129904 0.00310000 -0.00075001
v 0.00075000 0.00310000 -0.00129904
v -0.00000000 0.00310000 -0.00150001
v -0.00129904 0.00310000 -0.00075000
v -0.00075000 0.00310000 -0.00129903
v -0.00150000 0.00310000 -0.00000001
v -0.00129904 0.00310000 0.00075000
v -0.00075000 0.00310000 0.00129904
v -0.00162500 0.00490000 -0.00281458
v 0.00305400 0.00490000 0.00111156
v 0.00325000 0.00490000 -0.00000000
v 0.00248964 0.00490000 0.00208905
v 0.00162500 0.00490000 0.00281459
v 0.00056436 0.00490000 0.00320063
v -0.00056436 0.00490000 0.00320062
v -0.00162500 0.00490000 0.00281459
v -0.00248964 0.00490000 0.00208907
v -0.00305400 0.00490000 0.00111157
v -0.00325000 0.00490000 0.00000000
v -0.00305400 0.00490000 -0.00111156
v -0.00248964 0.00490000 -0.00208907
v -0.00056436 0.00490000 -0.00320062
v 0.00056436 0.00490000 -0.00320062
v 0.00162500 0.00490000 -0.00281459
v 0.00305400 0.00490000 -0.00111157
v 0.00248964 0.00490000 -0.00208906
v 0.00067126 0.00490000 -0.00116266
v 0.00116266 0.00490000 -0.00067126
v 0.00134252 0.00490000 -0.00000000
v 0.00116266 0.00490000 0.00067126
v 0.00067126 0.00490000 0.00116266
v -0.00000000 0.00490000 0.00134252
v -0.00067126 0.00490000 0.00116266
v -0.00116266 0.00490000 0.00067126
v -0.00134252 0.00490000 0.00000000
v -0.00116266 0.00490000 -0.00067126
v -0.00067126 0.00490000 -0.00116266
v 0.00000000 0.00490000 -0.00134252
v -0.00499425 0.00115000 0.01671464
v -0.00478536 0.00115000 0.01650575
v -0.00450000 0.00115000 0.01700000
v -0.00450000 0.00115000 0.01642929
v -0.00421464 0.00115000 0.01650575
v -0.00478536 0.00115000 0.01749425
v -0.00499425 0.00115000 0.01728536
v -0.00507071 0.00115000 0.01700000
v -0.00400575 0.00115000 0.01728536
v -0.00421464 0.00115000 0.01749425
v -0.00450000 0.00115000 0.01757072
v -0.00400575 0.00115000 0.01671465
v -0.00392929 0.00115000 0.01700000
v -0.00410000 0.00092071 0.01630719
v -0.00380718 0.00092071 0.01659999
v -0.00370000 0.00092071 0.01700001
v -0.00380718 0.00092071 0.01739999
v -0.00410000 0.00092071 0.01769282
v -0.00450000 0.00092071 0.01780001
v -0.00490000 0.00092071 0.01769282
v -0.00519282 0.00092071 0.01740000
v -0.00530000 0.00092071 0.01700000
v -0.00519282 0.00092071 0.01660000
v -0.00490000 0.00092071 0.01630718
v -0.00450000 0.00092071 0.01620000
v -0.00327968 -0.00017929 0.00762754
v -0.00317711 -0.00040000 0.00743212
v -0.00272438 -0.00017929 0.00811950
v -0.00254273 -0.00040000 0.00799412
v -0.00246130 -0.00017929 0.00881317
v -0.00224220 -0.00040000 0.00878657
v -0.00255072 -0.00017929 0.00954964
v -0.00234436 -0.00040000 0.00962790
v -0.00297216 -0.00017929 0.01016019
v -0.00282580 -0.00040000 0.01032540
v -0.00362906 -0.00017929 0.01050497
v -0.00357624 -0.00040000 0.01071925
v -0.00437094 -0.00017929 0.01050497
v -0.00442376 -0.00040000 0.01071926
v -0.00502784 -0.00017929 0.01016019
v -0.00517420 -0.00040000 0.01032540
v -0.00544927 -0.00017929 0.00954964
v -0.00565564 -0.00040000 0.00962790
v -0.00553870 -0.00017929 0.00881317
v -0.00575780 -0.00040000 0.00878657
v -0.00527562 -0.00017929 0.00811950
v -0.00545727 -0.00040000 0.00799412
v -0.00472032 -0.00017929 0.00762754
v -0.00482289 -0.00040000 0.00743211
v -0.00400000 -0.00017929 0.00745001
v -0.00400000 -0.00040000 0.00722928
v -0.00305789 0.00065000 0.01006342
v -0.00366000 0.00065000 0.01037942
v -0.00434000 0.00065000 0.01037942
v -0.00494211 0.00065000 0.01006342
v -0.00532839 0.00065000 0.00950380
v -0.00541035 0.00065000 0.00882875
v -0.00516922 0.00065000 0.00819295
v -0.00466024 0.00065000 0.00774202
v -0.00400000 0.00065000 0.00757929
v -0.00333976 0.00065000 0.00774202
v -0.00283078 0.00065000 0.00819294
v -0.00258965 0.00065000 0.00882875
v -0.00267161 0.00065000 0.00950379
v -0.00400000 0.00052071 0.00745001
v -0.00472032 0.00052071 0.00762754
v -0.00527562 0.00052071 0.00811950
v -0.00553870 0.00052071 0.00881317
v -0.00544928 0.00052071 0.00954964
v -0.00502784 0.00052071 0.01016019
v -0.00437094 0.00052071 0.01050497
v -0.00362906 0.00052071 0.01050497
v -0.00297216 0.00052071 0.01016019
v -0.00255072 0.00052071 0.00954964
v -0.00246130 0.00052071 0.00881317
v -0.00272437 0.00052071 0.00811950
v -0.00327968 0.00052071 0.00762755
v -0.00367906 0.00200000 0.00749505
v -0.00442094 0.00200000 0.00749505
v -0.00507784 0.00200000 0.00783981
v -0.00549928 0.00200000 0.00845036
v -0.00558870 0.00200000 0.00918683
v -0.00532563 0.00200000 0.00988050
v -0.00477032 0.00200000 0.01037245
v -0.00405000 0.00200000 0.01054999
v -0.00332968 0.00200000 0.01037246
v -0.00277438 0.00200000 0.00988050
v -0.00251130 0.00200000 0.00918683
v -0.00260073 0.00200000 0.00845037
v -0.00302216 0.00200000 0.00783981
v -0.00254589 0.00562442 0.00862614
v -0.00260029 0.00565914 0.00845084
v -0.00287146 0.00571124 0.00799335
v -0.00302224 0.00570758 0.00783955
v -0.00550942 0.00371933 0.00847743
v -0.00558479 0.00359940 0.00878340
v -0.00539941 0.00395477 0.00823739
v -0.00527714 0.00416504 0.00805310
v -0.00440728 0.00512207 0.00749173
v -0.00473153 0.00483757 0.00760788
v -0.00503094 0.00450807 0.00779989
v -0.00507799 0.00444857 0.00783993
v -0.00405000 0.00536918 0.00745000
v -0.00377603 0.00551832 0.00747441
v -0.00313030 0.00569628 0.00775247
v -0.00343979 0.00563280 0.00757541
v -0.00368062 0.00555541 0.00749466
v -0.00266707 0.00568358 0.00829968
v -0.00255250 0.00540883 0.00940000
v -0.00269304 0.00533429 0.00974931
v -0.00277460 0.00529972 0.00988083
v -0.00291087 0.00524608 0.01005120
v -0.00254594 0.00541756 0.00937458
v -0.00251155 0.00547795 0.00918751
v -0.00250010 0.00553303 0.00899819
v -0.00318688 0.00514001 0.01028746
v -0.00333077 0.00508238 0.01037311
v -0.00386141 0.00483888 0.01053866
v -0.00350929 0.00500664 0.01045271
v -0.00447144 0.00447468 0.01049179
v -0.00417433 0.00466481 0.01054500
v -0.00405136 0.00473628 0.01055009
v -0.00534985 0.00375508 0.00984433
v -0.00514882 0.00394065 0.01009336
v -0.00485498 0.00419010 0.01032478
v -0.00477062 0.00425663 0.01037244
v -0.00451977 0.00444131 0.01047723
v -0.00559773 0.00356161 0.00908394
v -0.00558863 0.00356704 0.00918739
v -0.00556978 0.00358485 0.00930460
v -0.00555942 0.00357725 0.00935233
v -0.00554745 0.00357008 0.00940080
v -0.00549545 0.00361651 0.00955977
v 0.00315826 0.00250000 0.00649396
v 0.00317249 0.00254536 0.00645433
v 0.00319747 0.00260885 0.00638253
v 0.00323769 0.00268326 0.00626016
v -0.00450000 -0.00025000 0.01620000
v -0.00490000 -0.00025000 0.01630718
v -0.00519282 -0.00025000 0.01660000
v -0.00530000 -0.00025000 0.01700000
v -0.00519282 -0.00025000 0.01739999
v -0.00490000 -0.00025000 0.01769282
v -0.00450000 -0.00025000 0.01780000
v -0.00410000 -0.00025000 0.01769282
v -0.00380718 -0.00025000 0.01740001
v -0.00370000 -0.00025000 0.01700000
v -0.00380718 -0.00025000 0.01660001
v -0.00410000 -0.00025000 0.01630718
v -0.00400000 -0.00045000 0.01613398
v -0.00363398 -0.00045000 0.01649999
v -0.00350000 -0.00045000 0.01700000
v -0.00363397 -0.00045000 0.01750000
v -0.00400000 -0.00045000 0.01786603
v -0.00450000 -0.00045000 0.01800000
v -0.00500000 -0.00045000 0.01786602
v -0.00536603 -0.00045000 0.01750000
v -0.00550000 -0.00045000 0.01699999
v -0.00536603 -0.00045000 0.01650000
v -0.00500000 -0.00045000 0.01613398
v -0.00450000 -0.00045000 0.01600000
v -0.00540971 0.00239978 0.01566654
v -0.00278096 0.00250000 0.01450618
v -0.00562510 0.00185924 0.01576161
v -0.00278229 -0.00045000 0.01450677
v -0.00588727 0.00071917 0.01587733
v -0.00595651 -0.00045000 0.01590789
v -0.00434796 0.00370000 0.01519788
v -0.00278091 0.00370000 0.01450615
v -0.00477710 0.00334567 0.01538730
v -0.00513011 0.00290133 0.01554312
v -0.00779836 -0.00050000 0.02503971
v -0.00731144 -0.00050000 0.02454306
v -0.00810604 -0.00050000 0.02532320
v -0.00836399 -0.00050000 0.02556745
v -0.00831014 -0.00050000 0.02551138
v -0.00852439 -0.00050000 0.02570657
v -0.00851690 -0.00050000 0.02570657
v -0.00539842 -0.00542990 0.02076550
v -0.00546239 -0.00584766 0.02099848
v -0.00538373 -0.00586882 0.02071068
v -0.00517766 -0.00590100 0.01988990
v -0.00515732 -0.00590025 0.01980537
v -0.00513781 -0.00589028 0.01972215
v -0.00559881 -0.00579775 0.02146282
v -0.00561402 -0.00502463 0.02151182
v -0.00579318 -0.00569548 0.02204752
v -0.00574324 -0.00477717 0.02190578
v -0.00585965 -0.00565193 0.02222733
v -0.00584913 -0.00457253 0.02219952
v -0.00600515 -0.00554176 0.02258758
v -0.00623960 -0.00532565 0.02308243
v -0.00611098 -0.00406092 0.02282304
v -0.00630762 -0.00525539 0.02320893
v -0.00634209 -0.00359873 0.02327044
v -0.00638960 -0.00516703 0.02335254
v -0.00670635 -0.00479762 0.02383237
v -0.00658005 -0.00309142 0.02365371
v -0.00702968 -0.00438890 0.02423774
v -0.00683042 -0.00248443 0.02399543
v -0.00704518 -0.00185268 0.02425575
v -0.00708323 -0.00431870 0.02429951
v -0.00733149 -0.00398373 0.02457160
v -0.00791908 -0.00305017 0.02515485
v -0.00764527 -0.00352423 0.02489081
v -0.00742204 -0.00385656 0.02466605
v -0.00836424 -0.00177450 0.02556768
v -0.00829535 -0.00206613 0.02550467
v -0.00721050 -0.00118669 0.02444166
v -0.00811184 -0.00262629 0.02533546
v -0.00801033 -0.00286306 0.02524079
v -0.00730082 -0.00058360 0.02453907
v -0.00727337 -0.00081226 0.02450975
v -0.00848717 -0.00093871 0.02567958
v -0.00842422 -0.00144656 0.02562236
v -0.00692656 0.00373164 0.02410599
v -0.00679597 0.00389829 0.02393960
v -0.00768960 0.00383529 0.02400473
v -0.00567060 0.00500333 0.02141993
v -0.00554498 0.00503998 0.02108499
v -0.00682724 0.00503945 0.02108446
v -0.00565348 0.00499346 0.02149462
v -0.00693645 0.00491327 0.02196321
v -0.00563686 0.00498310 0.02156784
v -0.00745711 0.00420747 0.02357829
v -0.00660163 0.00413791 0.02366776
v -0.00728402 0.00446087 0.02319789
v -0.00632637 0.00444968 0.02321869
v -0.00724056 0.00452160 0.02308881
v -0.00625391 0.00452431 0.02308496
v -0.00706351 0.00475667 0.02254284
v -0.00606326 0.00470186 0.02269518
v -0.00700271 0.00483278 0.02229603
v -0.00589411 0.00483352 0.02229569
v -0.00583393 0.00487405 0.02213950
v -0.00851001 0.00195121 0.02528704
v -0.00804602 0.00200028 0.02526738
v -0.00797846 0.00214430 0.02520472
v -0.00813895 0.00296835 0.02473056
v -0.00768753 0.00265861 0.02493136
v -0.00750013 0.00294659 0.02474397
v -0.00729800 0.00323661 0.02453093
v -0.00876288 0.00079670 0.02560206
v -0.00885000 -0.00040000 0.02571001
v -0.00852818 -0.00040000 0.02571000
v -0.00846701 0.00037889 0.02565627
v -0.00835456 0.00103641 0.02555552
v -0.00819938 0.00160344 0.02541133
v -0.00537380 0.00507698 0.02057030
v -0.00676807 0.00510501 0.01958207
v -0.00680498 0.00506438 0.02077315
v -0.00522468 0.00509695 0.02006520
v -0.00507408 0.00510590 0.01942167
v -0.00676898 0.00510382 0.01903863
v -0.00517478 0.00510401 0.01903860
v -0.00678408 0.00508731 0.01839241
v -0.00534922 0.00508712 0.01839000
v -0.00687478 0.00498536 0.01719818
v -0.00563991 0.00500355 0.01732118
v -0.00572053 0.00495903 0.01704343
v -0.00698116 0.00485778 0.01660476
v -0.00599046 0.00472772 0.01624225
v -0.00705770 0.00476070 0.01631779
v -0.00715408 0.00463142 0.01604434
v -0.00626120 0.00438472 0.01567482
v -0.00732865 0.00438420 0.01567346
v -0.00738945 0.00429522 0.01556549
v -0.00633967 0.00427205 0.01554091
v -0.00764113 0.00390808 0.01517050
v -0.00677926 0.00354344 0.01484264
v -0.00810475 0.00303539 0.01446476
v -0.00703270 0.00301399 0.01445233
v -0.00817351 0.00287738 0.01436804
v -0.00709096 0.00287648 0.01436882
v -0.00713711 0.00276239 0.01430502
v -0.00831355 0.00252312 0.01418607
v -0.00742755 0.00189841 0.01397905
v -0.00848607 0.00200578 0.01400521
v -0.00849800 0.00196559 0.01399494
v -0.00865013 0.00137784 0.01388940
v -0.00764342 0.00091668 0.01384907
v -0.00876184 0.00078152 0.01384213
v -0.00774406 -0.00040000 0.01382501
v -0.00885000 -0.00040000 0.01382502
v -0.00852640 -0.00045065 0.02570839
v -0.00723416 -0.00327959 0.01416623
v -0.00719058 -0.00340043 0.01421992
v -0.00828429 -0.00340093 0.01422204
v -0.00686394 -0.00417034 0.01470400
v -0.00641847 -0.00497751 0.01543845
v -0.00672768 -0.00497835 0.01543785
v -0.00816849 -0.00368949 0.01437454
v -0.00810984 -0.00382441 0.01445711
v -0.00690740 -0.00407895 0.01463492
v -0.00794389 -0.00417213 0.01470311
v -0.00779647 -0.00444620 0.01492985
v -0.00741644 -0.00505528 0.01552131
v -0.00831871 -0.00330869 0.01418022
v -0.00847633 -0.00283790 0.01401596
v -0.00747940 -0.00247098 0.01393401
v -0.00857947 -0.00247199 0.01393384
v -0.00751729 -0.00231794 0.01390862
v -0.00871164 -0.00187801 0.01386029
v -0.00770917 -0.00121107 0.01382791
v -0.00876413 -0.00156213 0.01384225
v -0.00773884 -0.00080128 0.01382507
v -0.00737180 -0.00512141 0.01559621
v -0.00660947 -0.00512171 0.01559713
v -0.00710009 -0.00550409 0.01619197
v -0.00643331 -0.00532050 0.01585902
v -0.00706790 -0.00554662 0.01628995
v -0.00621470 -0.00553674 0.01626124
v -0.00698296 -0.00565549 0.01659756
v -0.00690649 -0.00574875 0.01697905
v -0.00601539 -0.00569476 0.01674195
v -0.00687518 -0.00578527 0.01719130
v -0.00584203 -0.00579571 0.01726764
v -0.00579156 -0.00581796 0.01743714
v -0.00679258 -0.00587847 0.01816721
v -0.00677969 -0.00589241 0.02021572
v -0.00680494 -0.00586462 0.02077592
v -0.00685658 -0.00580640 0.02139429
v -0.00551794 -0.00588929 0.01841979
v -0.00550117 -0.00589131 0.01848047
v -0.00677356 -0.00589897 0.01875243
v -0.00544028 -0.00589943 0.01875302
v -0.00729048 -0.00525201 0.02321520
v -0.00701851 -0.00561353 0.02236660
v -0.00693714 -0.00571271 0.02196896
v -0.00762008 -0.00475086 0.02388353
v -0.00766485 -0.00467695 0.02396177
v -0.00776588 -0.00450412 0.02413228
v -0.00809781 -0.00385929 0.02466387
v -0.00814368 -0.00375761 0.02473631
v -0.00822974 -0.00355562 0.02487131
v -0.00847669 -0.00286348 0.02524005
v -0.00851574 -0.00273255 0.02529424
v -0.00854965 -0.00261212 0.02534019
v -0.00873430 -0.00177597 0.02556755
v -0.00877535 -0.00150663 0.02561329
v -0.00882986 -0.00097766 0.02567627
v -0.00884545 -0.00067683 0.02569816
v -0.00884909 -0.00052602 0.02570557
v -0.00514752 -0.00589158 0.01969016
v -0.00846302 0.00207195 0.02225165
v -0.00840828 0.00221109 0.02155653
v -0.00833167 0.00219554 0.02155751
v -0.00863406 -0.00235857 0.01967008
v -0.00850574 -0.00275583 0.02026693
v -0.00843264 -0.00273807 0.02026340
v -0.00875590 -0.00187782 0.01924625
v -0.00877601 -0.00139566 0.01899834
v -0.00886538 -0.00121514 0.01891984
v -0.00880171 -0.00120537 0.01892793
v -0.00891225 -0.00049401 0.01879125
v -0.00856482 -0.00234035 0.01966910
v -0.00859450 -0.00223862 0.01956138
v -0.00868979 -0.00186186 0.01924967
v -0.00841157 -0.00300394 0.02164502
v -0.00833015 -0.00300005 0.02139984
v -0.00842338 -0.00297420 0.02093783
v -0.00834736 -0.00295820 0.02093547
v -0.00840908 -0.00280149 0.02040462
v -0.00860002 -0.00247284 0.02299130
v -0.00840860 -0.00280210 0.02239522
v -0.00847714 -0.00283394 0.02235580
v -0.00840306 -0.00281667 0.02235936
v -0.00833508 -0.00298830 0.02164627
v -0.00872127 -0.00202979 0.02344187
v -0.00859471 -0.00223857 0.02323855
v -0.00852980 -0.00245453 0.02299310
v -0.00890594 -0.00008872 0.02399174
v -0.00884984 -0.00039962 0.02399980
v -0.00890434 -0.00073460 0.02398839
v -0.00884150 -0.00073044 0.02397856
v -0.00883869 -0.00141935 0.02380408
v -0.00877447 -0.00140738 0.02379720
v -0.00865436 -0.00201279 0.02343985
v -0.00857441 0.00175286 0.02288179
v -0.00859449 0.00143852 0.02323843
v -0.00871519 0.00125485 0.02342121
v -0.00864809 0.00123778 0.02341940
v -0.00883808 0.00062035 0.02380289
v -0.00877386 0.00060839 0.02379605
v -0.00884312 -0.00009258 0.02398181
v -0.00838844 0.00205499 0.02225506
v -0.00840896 0.00200146 0.02239536
v -0.00850347 0.00173453 0.02288430
v -0.00852494 0.00190065 0.02015873
v -0.00840850 0.00200175 0.02040412
v -0.00843018 0.00215639 0.02084766
v -0.00835441 0.00214019 0.02084505
v -0.00832977 0.00220024 0.02139977
v -0.00884953 -0.00049282 0.01880151
v -0.00885001 -0.00039996 0.01880001
v -0.00890477 -0.00007290 0.01881060
v -0.00884192 -0.00007695 0.01882053
v -0.00883918 0.00061602 0.01899440
v -0.00877496 0.00060407 0.01900139
v -0.00872157 0.00122779 0.01935692
v -0.00865463 0.00121079 0.01935910
v -0.00866062 0.00146514 0.01957009
v -0.00859211 0.00144704 0.01957012
v -0.00845242 0.00188267 0.02015555
v -0.00872163 0.00149928 0.01955220
v -0.00878162 0.00125796 0.01933601
v -0.00889756 0.00063526 0.01896787
v -0.00896231 -0.00006662 0.01878103
v -0.00896970 -0.00049580 0.01876133
v -0.00892342 -0.00123066 0.01889205
v -0.00881544 -0.00190544 0.01922362
v -0.00869553 -0.00239424 0.01965347
v -0.00856961 -0.00279734 0.02025729
v -0.00848907 -0.00301836 0.02093429
v -0.00847754 -0.00304840 0.02164687
v -0.00854161 -0.00287644 0.02236365
v -0.00866210 -0.00251026 0.02300619
v -0.00878131 -0.00206006 0.02346282
v -0.00889706 -0.00143867 0.02383064
v -0.00896187 -0.00074102 0.02401799
v -0.00896346 -0.00008275 0.02402141
v -0.00889645 0.00063971 0.02382944
v -0.00877533 0.00128553 0.02344189
v -0.00863693 0.00179152 0.02289530
v -0.00852780 0.00211492 0.02225855
v -0.00847433 0.00225561 0.02155767
v -0.00849571 0.00220032 0.02084340
v -0.00858842 0.00194135 0.02014800
v -0.00876103 0.00153849 0.01952366
v -0.00882109 0.00129194 0.01930437
v -0.00893718 0.00065619 0.01893109
v -0.00900201 -0.00005993 0.01874171
v -0.00900941 -0.00049771 0.01872174
v -0.00896307 -0.00124741 0.01885423
v -0.00885495 -0.00193619 0.01919035
v -0.00873491 -0.00243558 0.01962635
v -0.00860887 -0.00284785 0.02023922
v -0.00852826 -0.00307417 0.02092683
v -0.00851673 -0.00310495 0.02165081
v -0.00858084 -0.00292883 0.02237893
v -0.00870144 -0.00255420 0.02303123
v -0.00882078 -0.00209410 0.02349449
v -0.00893668 -0.00145968 0.02386743
v -0.00900157 -0.00074786 0.02405731
v -0.00900316 -0.00007638 0.02406077
v -0.00893607 0.00066074 0.02386621
v -0.00881479 0.00132013 0.02347326
v -0.00867624 0.00183729 0.02291871
v -0.00856702 0.00216823 0.02227221
v -0.00851351 0.00231235 0.02156023
v -0.00853490 0.00225569 0.02083451
v -0.00862770 0.00199056 0.02012829
v -0.00878572 0.00158977 0.01947931
v -0.00884715 0.00133600 0.01925610
v -0.00896570 0.00068292 0.01887683
v -0.00903183 -0.00005145 0.01868467
v -0.00903936 -0.00050015 0.01866445
v -0.00899212 -0.00126873 0.01879883
v -0.00888176 -0.00197583 0.01914021
v -0.00875896 -0.00248982 0.01958395
v -0.00862968 -0.00291552 0.02020980
v -0.00854672 -0.00315012 0.02091432
v -0.00853483 -0.00318211 0.02165748
v -0.00860087 -0.00299939 0.02240411
v -0.00872466 -0.00261217 0.02307076
v -0.00884685 -0.00213816 0.02354273
v -0.00896521 -0.00148649 0.02392166
v -0.00903140 -0.00075653 0.02411432
v -0.00903300 -0.00006832 0.02411781
v -0.00896459 0.00068757 0.02392042
v -0.00884072 0.00136497 0.02352110
v -0.00869885 0.00189789 0.02295598
v -0.00858664 0.00224022 0.02229476
v -0.00853152 0.00238980 0.02156455
v -0.00855357 0.00233095 0.02081963
v -0.00864901 0.00205631 0.02009637
v -0.00904952 -0.00050252 0.01860161
v -0.00900048 -0.00128955 0.01873777
v -0.00888568 -0.00201468 0.01908425
v -0.00875751 -0.00254319 0.01953595
v -0.00862194 -0.00298248 0.02017597
v -0.00853447 -0.00322562 0.02089974
v -0.00852187 -0.00325887 0.02166521
v -0.00859160 -0.00306930 0.02243316
v -0.00872158 -0.00266930 0.02311564
v -0.00884934 -0.00218138 0.02359676
v -0.00897253 -0.00151269 0.02398160
v -0.00904129 -0.00076498 0.02417691
v -0.00904983 -0.00040016 0.02419978
v -0.00904294 -0.00006044 0.02418040
v -0.00897191 0.00071380 0.02398035
v -0.00884291 0.00140899 0.02357473
v -0.00869458 0.00195766 0.02299849
v -0.00857660 0.00231163 0.02232084
v -0.00851838 0.00246687 0.02156962
v -0.00854170 0.00240573 0.02080236
v -0.00864223 0.00212129 0.02005981
v -0.00878550 0.00164012 0.01942937
v -0.00884962 0.00137917 0.01920211
v -0.00897303 0.00070904 0.01881688
v -0.00904171 -0.00004318 0.01862210
v -0.00905001 -0.00039978 0.01860000
v -0.00702413 0.00492079 0.01722828
v -0.00713325 0.00479566 0.01666077
v -0.00725328 0.00465167 0.01704880
v -0.00904907 -0.00052064 0.02550571
v -0.00904533 -0.00067222 0.02549845
v -0.00902935 -0.00097446 0.02547704
v -0.00896350 -0.00157321 0.02540513
v -0.00894169 -0.00171180 0.02538209
v -0.00887588 -0.00205995 0.02531077
v -0.00869956 -0.00274174 0.02509868
v -0.00833496 -0.00370596 0.02458608
v -0.00836129 -0.00364749 0.01453415
v -0.00851356 -0.00328022 0.01435471
v -0.00869504 -0.00275604 0.01418604
v -0.00882373 -0.00228975 0.01409973
v -0.00815773 -0.00407155 0.01480812
v -0.00779839 -0.00469641 0.02376394
v -0.00763052 -0.00494959 0.01557880
v -0.00727954 -0.00541933 0.01621424
v -0.00743202 -0.00522389 0.02049280
v -0.00707293 -0.00566538 0.01692833
v -0.00702454 -0.00572031 0.01722166
v -0.00698564 -0.00576359 0.02118188
v -0.00708809 -0.00564809 0.02192800
v -0.00713171 -0.00559744 0.02214259
v -0.00742555 -0.00523244 0.02305749
v -0.00696133 -0.00579033 0.01783529
v -0.00691442 -0.00584136 0.01954798
v -0.00887708 -0.00205495 0.01407281
v -0.00902342 -0.00105139 0.01402957
v -0.00905000 -0.00040000 0.01402501
v -0.00895958 0.00080358 0.01404198
v -0.00884501 0.00139824 0.01408784
v -0.00836448 0.00284059 0.01453052
v -0.00849979 0.00251614 0.01436929
v -0.00868898 0.00197482 0.01418871
v -0.00904986 -0.00044476 0.02550852
v -0.00905000 -0.00040001 0.02550991
v -0.00896064 0.00079495 0.02540399
v -0.00887563 0.00126092 0.02531052
v -0.00870130 0.00193428 0.02510200
v -0.00832072 0.00293833 0.02456572
v -0.00755200 0.00426099 0.01569707
v -0.00781013 0.00387795 0.01531560
v -0.00762140 0.00416280 0.02345691
v -0.00808092 0.00341657 0.01994067
v -0.00785985 0.00379753 0.02386440
v -0.00828564 0.00301279 0.01463280
v -0.00721770 0.00469497 0.02247821
v -0.00708739 0.00484891 0.02192244
v -0.00728354 0.00461428 0.02151861
v -0.00739930 0.00446693 0.02299492
v -0.00731060 0.00458042 0.01613937
v -0.00695254 0.00500000 0.02075977
v -0.00691468 0.00504114 0.01958053
v -0.00693111 0.00502324 0.01840053
v -0.00795000 0.00200209 0.02040503
v -0.00795000 0.00143848 0.01956153
v -0.00795000 0.00220000 0.02139999
v -0.00795000 0.00200209 0.02239498
v -0.00795000 0.00143848 0.02323847
v -0.00795000 0.00059498 0.02380209
v -0.00795000 -0.00040000 0.02399999
v -0.00795000 -0.00139498 0.02380208
v -0.00795000 -0.00223848 0.02323848
v -0.00795000 -0.00280209 0.02239497
v -0.00795000 -0.00300000 0.02139999
v -0.00795000 -0.00280209 0.02040502
v -0.00795000 -0.00223848 0.01956153
v -0.00795000 -0.00139498 0.01899791
v -0.00795000 -0.00040000 0.01879999
v -0.00795000 0.00059498 0.01899792
v -0.00684806 0.00508835 0.01958136
v -0.00688565 0.00504777 0.02076709
v -0.00710775 0.00475548 0.02252994
v -0.00743928 0.00430476 0.01558838
v -0.00888479 -0.00039945 0.02570683
v -0.00894415 0.00080454 0.02547869
v -0.00902718 -0.00039910 0.02560215
v -0.00899137 -0.00039880 0.02565129
v -0.00868097 0.00195506 0.02516841
v -0.00829620 0.00296530 0.02462116
v -0.00783223 0.00382551 0.02390860
v -0.00759250 0.00419112 0.02349390
v -0.00736920 0.00449578 0.02302257
v -0.00718692 0.00472379 0.02249676
v -0.00705639 0.00487723 0.02193397
v -0.00692159 0.00502736 0.02076350
v -0.00688379 0.00506816 0.01958095
v -0.00690019 0.00505041 0.01839826
v -0.00699313 0.00494867 0.01721980
v -0.00710240 0.00482395 0.01664485
v -0.00728068 0.00460804 0.01611147
v -0.00752377 0.00428695 0.01565677
v -0.00778298 0.00390408 0.01526964
v -0.00826149 0.00303774 0.01457606
v -0.00901368 -0.00039979 0.01391040
v -0.00903453 -0.00039985 0.01394858
v -0.00894408 0.00080431 0.01396574
v -0.00904684 -0.00039993 0.01399025
v -0.00847846 0.00253593 0.01430470
v -0.00867037 0.00198745 0.01411785
v -0.00882845 0.00140367 0.01401326
v -0.00890133 0.00080039 0.01390096
v -0.00899137 -0.00039977 0.01388368
v -0.00883727 0.00079236 0.01385775
v -0.00894221 -0.00039979 0.01384783
v -0.00856792 0.00198251 0.01401387
v -0.00872342 0.00139266 0.01390630
v -0.00816581 0.00304970 0.01448716
v -0.00837920 0.00253965 0.01420702
v -0.00769462 0.00391984 0.01519376
v -0.00720000 0.00463434 0.01606246
v -0.00702445 0.00485581 0.01661616
v -0.00691675 0.00498169 0.01720442
v -0.00682510 0.00508314 0.01839411
v -0.00680893 0.00510078 0.01958174
v -0.00728730 0.00452400 0.02307102
v -0.00892648 -0.00039901 0.02569447
v -0.00883751 0.00080549 0.02558550
v -0.00857870 0.00196411 0.02526738
v -0.00820010 0.00298120 0.02470831
v -0.00774327 0.00384525 0.02398192
v -0.00750719 0.00421432 0.02355693
v -0.00878600 0.00140174 0.01394954
v -0.00862821 0.00199019 0.01405669
v -0.00843663 0.00254416 0.01424819
v -0.00822011 0.00305057 0.01452560
v -0.00774338 0.00391851 0.01522776
v -0.00748526 0.00430197 0.01561955
v -0.00724309 0.00462642 0.01608527
v -0.00706556 0.00484437 0.01662971
v -0.00695682 0.00496930 0.01721172
v -0.00686437 0.00507069 0.01839609
v -0.00701975 0.00489801 0.02194495
v -0.00714965 0.00474436 0.02251431
v -0.00733111 0.00451524 0.02304850
v -0.00755350 0.00420877 0.02352813
v -0.00779227 0.00384194 0.02394896
v -0.00825455 0.00298019 0.02467054
v -0.00863836 0.00196550 0.02522613
v -0.00890115 0.00080827 0.02554242
v -0.00896459 -0.00039881 0.02567365
v -0.00705703 -0.00567659 0.02193960
v -0.00692149 -0.00582758 0.02076622
v -0.00894661 -0.00158429 0.01396553
v -0.00890299 -0.00158044 0.01390125
v -0.00697950 -0.00570967 0.02196062
v -0.00710910 -0.00555366 0.02253719
v -0.00898987 -0.00052569 0.02564694
v -0.00903472 -0.00044733 0.02558536
v -0.00888780 -0.00052647 0.02570226
v -0.00892524 -0.00052655 0.02569071
v -0.00892151 -0.00067858 0.02568323
v -0.00890557 -0.00098178 0.02566113
v -0.00883998 -0.00158418 0.02558660
v -0.00873134 -0.00217604 0.02546300
v -0.00858428 -0.00274568 0.02527515
v -0.00820449 -0.00377022 0.02471448
v -0.00774852 -0.00463647 0.02399101
v -0.00751059 -0.00500888 0.02356506
v -0.00728991 -0.00532028 0.02307929
v -0.00684586 -0.00586057 0.02077311
v -0.00691684 -0.00578163 0.01719758
v -0.00682418 -0.00588424 0.01839053
v -0.00680860 -0.00590094 0.01958133
v -0.00702597 -0.00565368 0.01660884
v -0.00720354 -0.00542936 0.01605295
v -0.00769916 -0.00471227 0.01518536
v -0.00744377 -0.00509801 0.01558084
v -0.00817061 -0.00383879 0.01447919
v -0.00838412 -0.00332532 0.01420073
v -0.00857373 -0.00276248 0.01401022
v -0.00872827 -0.00217138 0.01390320
v -0.00883920 -0.00157272 0.01385742
v -0.00688540 -0.00584798 0.02076983
v -0.00702022 -0.00569738 0.02195065
v -0.00718856 -0.00552193 0.02250376
v -0.00684782 -0.00588844 0.01958095
v -0.00903390 -0.00052365 0.02558253
v -0.00898607 -0.00067828 0.02563948
v -0.00903010 -0.00067610 0.02557514
v -0.00896990 -0.00098256 0.02561745
v -0.00901389 -0.00098007 0.02555335
v -0.00890339 -0.00158656 0.02554310
v -0.00894721 -0.00158287 0.02547998
v -0.00879319 -0.00217873 0.02542000
v -0.00883675 -0.00217253 0.02535878
v -0.00864393 -0.00274715 0.02523337
v -0.00868716 -0.00273732 0.02517558
v -0.00825893 -0.00376875 0.02467659
v -0.00830105 -0.00375389 0.02462755
v -0.00779764 -0.00463325 0.02395773
v -0.00783793 -0.00461722 0.02391709
v -0.00755699 -0.00500318 0.02353609
v -0.00759626 -0.00498562 0.02350182
v -0.00733382 -0.00531143 0.02305657
v -0.00737214 -0.00529204 0.02303053
v -0.00715110 -0.00554245 0.02252144
v -0.00883394 -0.00218291 0.01401049
v -0.00699347 -0.00574840 0.01721313
v -0.00710422 -0.00562184 0.01663775
v -0.00728458 -0.00540332 0.01610283
v -0.00752866 -0.00508033 0.01564949
v -0.00778794 -0.00469634 0.01526142
v -0.00826678 -0.00382681 0.01456838
v -0.00848394 -0.00332192 0.01429882
v -0.00867681 -0.00276824 0.01411452
v -0.00688370 -0.00586827 0.01958056
v -0.00686352 -0.00587167 0.01839243
v -0.00689949 -0.00585137 0.01839450
v -0.00695699 -0.00576910 0.01720498
v -0.00706719 -0.00564220 0.01662252
v -0.00724676 -0.00542152 0.01607621
v -0.00748986 -0.00509517 0.01561221
v -0.00774798 -0.00471070 0.01521957
v -0.00822491 -0.00383944 0.01451798
v -0.00844152 -0.00332973 0.01424236
v -0.00863398 -0.00277025 0.01405350
v -0.00879072 -0.00218050 0.01394700
v -0.00795000 -0.00040000 0.02015000
v -0.00755000 -0.00040000 0.02015000
v -0.00795000 0.00022500 0.02031747
v -0.00755000 0.00022500 0.02031747
v -0.00795000 0.00068253 0.02077500
v -0.00755000 0.00068253 0.02077500
v -0.00795000 0.00085000 0.02140000
v -0.00755000 0.00085000 0.02140000
v -0.00795000 0.00068253 0.02202500
v -0.00755000 0.00068253 0.02202499
v -0.00795000 0.00022500 0.02248253
v -0.00755000 0.00022500 0.02248253
v -0.00795000 -0.00040000 0.02265000
v -0.00755000 -0.00040000 0.02264999
v -0.00795000 -0.00102500 0.02248253
v -0.00755000 -0.00102500 0.02248253
v -0.00795000 -0.00148253 0.02202500
v -0.00755000 -0.00148253 0.02202501
v -0.00795000 -0.00165000 0.02140001
v -0.00755000 -0.00165000 0.02140000
v -0.00795000 -0.00148253 0.02077500
v -0.00755000 -0.00148253 0.02077499
v -0.00795000 -0.00102500 0.02031746
v -0.00755000 -0.00102500 0.02031747
v -0.00755000 -0.00083473 0.02309515
v -0.00755000 -0.00004476 0.01968643
v -0.00755000 0.00067278 0.02001738
v -0.00755000 0.00117160 0.02063022
v -0.00755000 0.00135000 0.02140000
v -0.00755000 0.00117160 0.02216979
v -0.00755000 0.00067278 0.02278262
v -0.00755000 -0.00004476 0.02311357
v -0.00755000 -0.00178542 0.02033083
v -0.00755000 -0.00153607 0.02006888
v -0.00755000 -0.00083473 0.01970486
v -0.00755000 -0.00190000 0.02066685
v -0.00755000 -0.00187057 0.02048934
v -0.00755000 -0.00153606 0.02273111
v -0.00755000 -0.00178542 0.02246917
v -0.00755000 -0.00187057 0.02231065
v -0.00755000 -0.00190000 0.02213315
v -0.00726865 0.00150952 0.01499324
v -0.00729064 0.00141052 0.01497634
v -0.00731330 0.00131435 0.01495945
v -0.00734837 0.00111923 0.01493184
v -0.00735314 0.00111887 0.01493046
v -0.00739630 0.00082517 0.01489479
v -0.00741804 0.00072906 0.01488318
v -0.00746223 0.00023078 0.01484382
v -0.00749032 -0.00006159 0.01483029
v -0.00748377 -0.00076430 0.01483116
v -0.00706698 0.00207190 0.01610635
v -0.00687987 0.00259575 0.01624081
v -0.00698174 0.00233763 0.01617113
v -0.00688749 0.00259882 0.01624167
v -0.00700683 0.00165727 0.01590759
v -0.00704277 0.00144082 0.01581301
v -0.00704745 0.00141550 0.01580029
v -0.00688377 0.00224674 0.01610517
v -0.00680681 0.00254027 0.01620223
v -0.00682888 0.00256334 0.01622166
v -0.00715074 0.00178358 0.01604431
v -0.00722777 0.00145336 0.01598364
v -0.00716851 0.00144245 0.01596949
v -0.00730711 0.00104561 0.01592180
v -0.00739938 0.00030783 0.01584812
v -0.00735051 0.00024836 0.01583207
v -0.00742606 -0.00046326 0.01582405
v -0.00740527 -0.00096102 0.01583808
v -0.00735974 -0.00095875 0.01582652
v -0.00738604 -0.00118810 0.01585208
v -0.00726641 -0.00200796 0.01594176
v -0.00720358 -0.00213470 0.01595118
v -0.00706310 -0.00284091 0.01609668
v -0.00696953 -0.00313723 0.01616802
v -0.00689781 -0.00325053 0.01618900
v -0.00707739 -0.00213465 0.01579340
v -0.00679973 -0.00317112 0.01598645
v -0.00707487 -0.00213997 0.01575697
v -0.00680131 -0.00316681 0.01598093
v -0.00710893 0.00143537 0.01593244
v -0.00706632 0.00143486 0.01587922
v -0.00724656 -0.00057205 0.01561308
v -0.00722134 0.00025009 0.01563304
v -0.00722276 0.00024797 0.01567064
v -0.00705324 0.00138635 0.01576648
v -0.00714342 -0.00212859 0.01591395
v -0.00684142 -0.00324089 0.01615229
v -0.00710064 -0.00212861 0.01586025
v -0.00680003 -0.00324034 0.01610123
v -0.00729757 -0.00095676 0.01578897
v -0.00725417 -0.00095687 0.01573373
v -0.00723195 -0.00095902 0.01566454
v -0.00728850 0.00024576 0.01579463
v -0.00724513 0.00024563 0.01573957
v -0.00687687 -0.00339877 0.01623850
v -0.00682948 -0.00335695 0.01620435
v -0.00678975 -0.00326534 0.01610504
v -0.00723067 -0.00096087 0.01562684
v -0.00689661 -0.00339887 0.01574445
v -0.00680270 -0.00321118 0.01574034
v -0.00681008 -0.00328546 0.01574085
v -0.00684430 -0.00335163 0.01574245
v -0.00691445 -0.00339919 0.01525019
v -0.00681940 -0.00325017 0.01533208
v -0.00682614 -0.00316673 0.01539349
v -0.00681174 -0.00316674 0.01574060
v -0.00685292 -0.00333883 0.01527645
v -0.00682663 -0.00328380 0.01530924
v -0.00688605 0.00257908 0.01524551
v -0.00692438 0.00259909 0.01524248
v -0.00690723 0.00259890 0.01574212
v -0.00683104 0.00254613 0.01572863
v -0.00685337 0.00255211 0.01525513
v -0.00705000 -0.00190000 0.02213314
v -0.00705000 -0.00187057 0.02231066
v -0.00705000 -0.00178542 0.02246916
v -0.00713061 -0.00190000 0.02066685
v -0.00715813 -0.00187018 0.02048900
v -0.00719616 -0.00178542 0.02033084
v -0.00680154 -0.00201389 0.02235815
v -0.00681294 -0.00205441 0.02211624
v -0.00683885 -0.00199300 0.02211850
v -0.00680881 -0.00190044 0.02257492
v -0.00682806 -0.00195669 0.02233882
v -0.00688319 -0.00194333 0.02212236
v -0.00687253 -0.00191054 0.02232338
v -0.00694137 -0.00191119 0.02212743
v -0.00693045 -0.00188069 0.02231359
v -0.00700694 -0.00190000 0.02213314
v -0.00699555 -0.00187028 0.02231049
v -0.00683453 -0.00185256 0.02253573
v -0.00687895 -0.00181479 0.02250269
v -0.00693740 -0.00179157 0.02247968
v -0.00700337 -0.00178542 0.02246917
v -0.00705000 -0.00190000 0.02163406
v -0.00700360 -0.00191161 0.02139449
v -0.00706986 -0.00190000 0.02140009
v -0.00694478 -0.00194438 0.02138953
v -0.00690031 -0.00199498 0.02138577
v -0.00687509 -0.00205765 0.02138364
v -0.00706366 -0.00191186 0.02066142
v -0.00700440 -0.00194528 0.02065662
v -0.00695991 -0.00199680 0.02065301
v -0.00693520 -0.00206043 0.02065100
v -0.00696234 -0.00202154 0.02040881
v -0.00699972 -0.00190929 0.02019363
v -0.00701974 -0.00185540 0.02023946
v -0.00698528 -0.00195966 0.02043332
v -0.00706322 -0.00181326 0.02028118
v -0.00702929 -0.00190995 0.02045673
v -0.00712478 -0.00178889 0.02031303
v -0.00708937 -0.00187890 0.02047606
v -0.00688132 -0.00143632 0.02293591
v -0.00735785 -0.00091097 0.01972657
v -0.00729025 -0.00139654 0.01996150
v -0.00721502 -0.00139659 0.01994305
v -0.00736448 -0.00083483 0.01970515
v -0.00727954 -0.00090978 0.01970919
v -0.00738371 -0.00037419 0.01965016
v -0.00730418 -0.00037392 0.01963353
v -0.00737491 -0.00004456 0.01968685
v -0.00728165 0.00015964 0.01972510
v -0.00735994 0.00016040 0.01974242
v -0.00729221 0.00064016 0.01999278
v -0.00721715 0.00064043 0.01997440
v -0.00719623 0.00101887 0.02037540
v -0.00712535 0.00102261 0.02035771
v -0.00713987 0.00117175 0.02062993
v -0.00702914 0.00127098 0.02084021
v -0.00709614 0.00126297 0.02085378
v -0.00705000 0.00133035 0.02113847
v -0.00695459 0.00136126 0.02137932
v -0.00701905 0.00135054 0.02138554
v -0.00698639 0.00127063 0.02192304
v -0.00692247 0.00128087 0.02192550
v -0.00698896 0.00117191 0.02217014
v -0.00693728 0.00103590 0.02242078
v -0.00700273 0.00102913 0.02241107
v -0.00705000 0.00067278 0.02278261
v -0.00698252 0.00065333 0.02281353
v -0.00705000 0.00065969 0.02279269
v -0.00702924 0.00017202 0.02306861
v -0.00710100 0.00017211 0.02305428
v -0.00705104 0.00065089 0.02280002
v -0.00703244 -0.00090181 0.02309069
v -0.00710923 -0.00083480 0.02309512
v -0.00705054 -0.00036278 0.02316420
v -0.00712393 -0.00036279 0.02315019
v -0.00711489 -0.00004451 0.02311388
v -0.00705000 -0.00143226 0.02281313
v -0.00698613 -0.00139323 0.02285606
v -0.00705517 -0.00139135 0.02284212
v -0.00710461 -0.00090211 0.02307634
v -0.00721378 -0.00091798 0.01966403
v -0.00723773 -0.00037304 0.01958684
v -0.00721589 0.00016942 0.01968026
v -0.00715325 0.00065851 0.01993484
v -0.00706392 0.00104763 0.02032679
v -0.00697006 0.00130063 0.02082088
v -0.00689707 0.00139247 0.02137361
v -0.00686524 0.00131016 0.02193397
v -0.00687904 0.00106005 0.02244213
v -0.00692234 0.00067018 0.02284489
v -0.00696706 0.00018075 0.02310622
v -0.00698735 -0.00036208 0.02320409
v -0.00697001 -0.00090917 0.02312891
v -0.00692563 -0.00140878 0.02288860
v -0.00709218 -0.00148638 0.01978318
v -0.00715870 -0.00095663 0.01952195
v -0.00717139 -0.00093453 0.01959802
v -0.00719556 -0.00037191 0.01951742
v -0.00717349 0.00018803 0.01961482
v -0.00711028 0.00069163 0.01987981
v -0.00702034 0.00109052 0.02028663
v -0.00692604 0.00134836 0.02079802
v -0.00685279 0.00144074 0.02136900
v -0.00682083 0.00135535 0.02194758
v -0.00683459 0.00109887 0.02247287
v -0.00687800 0.00069933 0.02289037
v -0.00692293 0.00019703 0.02316228
v -0.00694338 -0.00036094 0.02326450
v -0.00692593 -0.00092340 0.02318605
v -0.00710810 -0.00144507 0.01984676
v -0.00715103 -0.00141349 0.01990289
v -0.00718251 -0.00050678 0.01943989
v -0.00718415 -0.00037065 0.01943693
v -0.00716075 0.00021249 0.01953948
v -0.00709420 0.00073481 0.01981764
v -0.00700004 0.00114551 0.02024267
v -0.00690192 0.00140848 0.02077435
v -0.00682618 0.00150084 0.02136598
v -0.00679356 0.00141168 0.02196486
v -0.00680851 0.00114803 0.02250951
v -0.00685456 0.00073720 0.02294434
v -0.00690241 0.00021872 0.02322913
v -0.00685837 -0.00147228 0.02299200
v -0.00690581 -0.00094246 0.02325422
v -0.00692336 -0.00050460 0.02333361
v -0.00692438 -0.00035945 0.02333680
v -0.00705000 0.00135000 0.02140000
v -0.00705000 0.00117160 0.02216978
v -0.00705000 -0.00153606 0.02273112
v -0.00278091 -0.00350000 0.01450616
v -0.00278197 -0.00199120 0.01450663
v -0.00260741 -0.00199110 0.01446512
v -0.00210035 -0.00199760 0.01482354
v -0.00214863 -0.00199092 0.01471110
v -0.00210089 -0.00050000 0.01482288
v -0.00220152 -0.00050002 0.01463777
v -0.00226358 -0.00199095 0.01457718
v -0.00242508 -0.00199101 0.01448871
v -0.00236997 -0.00050002 0.01451080
v -0.00257557 -0.00050001 0.01446450
v -0.00278228 -0.00050000 0.01450676
v -0.00259381 -0.00350000 0.01446380
v -0.00236502 -0.00350000 0.01451168
v -0.00226237 -0.00350000 0.01457660
v -0.00218300 -0.00350000 0.01465832
v -0.00209902 -0.00350000 0.01482351
v 0.00285926 -0.00363167 0.00649598
v 0.00288569 -0.00350000 0.00660276
v 0.00311928 -0.00350000 0.00651382
v 0.00263756 -0.00363167 0.00652300
v 0.00263756 -0.00350000 0.00663301
v 0.00306798 -0.00363167 0.00641649
v 0.00299756 -0.00371949 0.00628292
v 0.00282299 -0.00371949 0.00634939
v 0.00291736 -0.00375000 0.00613077
v 0.00278168 -0.00375000 0.00618243
v 0.00263756 -0.00371949 0.00637200
v 0.00263756 -0.00375000 0.00620000
v -0.00411039 -0.00375000 0.00620001
v -0.00258167 -0.00375000 0.00620000
v -0.00258167 -0.00375000 0.00408124
v -0.00615000 -0.00375000 0.00540000
v -0.00553344 -0.00375000 0.00547722
v -0.00335334 -0.00375000 -0.00156369
v -0.00654189 -0.00375000 0.00527418
v -0.00652175 -0.00375000 0.00533721
v -0.00650167 -0.00375000 0.00540001
v 0.00259499 -0.00375000 0.00563089
v 0.00259496 -0.00375000 0.00563588
v 0.00342038 -0.00375000 0.00550199
v -0.00429297 -0.00375000 0.00616547
v 0.00353210 -0.00375000 0.00035602
v 0.00342393 -0.00375000 0.00093767
v 0.00332226 -0.00375000 0.00211942
v 0.00322065 -0.00375000 0.00149328
v -0.00107416 -0.00375000 -0.00354065
v -0.00216342 -0.00375000 -0.00300160
v -0.00169509 -0.00375000 -0.00311915
v -0.00115353 -0.00375000 -0.00335736
v -0.00057993 -0.00375000 -0.00350231
v 0.00013098 -0.00375000 -0.00369769
v 0.00000977 -0.00375000 -0.00354998
v 0.00059921 -0.00375000 -0.00349906
v 0.00132200 -0.00375000 -0.00345576
v 0.00117200 -0.00375000 -0.00335097
v 0.00171224 -0.00375000 -0.00310978
v 0.00237038 -0.00375000 -0.00284101
v 0.00292793 -0.00375000 0.00200743
v 0.00268013 -0.00375000 0.00251941
v 0.00330344 -0.00375000 0.00335578
v 0.00259499 -0.00375000 0.00308181
v 0.00348480 -0.00375000 0.00438825
v 0.00348765 -0.00375000 0.00444752
v 0.00259468 -0.00375000 0.00564914
v 0.00259336 -0.00375000 0.00568572
v 0.00332078 -0.00375000 0.00597130
v 0.00258833 -0.00375000 0.00578535
v -0.00353401 -0.00375000 0.00033657
v -0.00342904 -0.00375000 0.00091880
v -0.00495497 -0.00375000 0.00570411
v -0.00445033 -0.00375000 0.00606667
v -0.00301926 -0.00375000 -0.00213872
v -0.00262324 -0.00375000 -0.00239189
v -0.00218957 -0.00375000 -0.00279433
v 0.00220492 -0.00375000 -0.00278224
v 0.00263637 -0.00375000 -0.00237741
v 0.00316302 -0.00375000 -0.00191971
v 0.00299459 -0.00375000 -0.00190655
v 0.00326964 -0.00375000 -0.00138274
v 0.00361439 -0.00375000 -0.00079130
v 0.00258723 -0.00375000 0.00580439
v 0.00258552 -0.00375000 0.00583648
v -0.00354083 -0.00375000 -0.00025503
v -0.00344930 -0.00375000 -0.00083954
v -0.00326197 -0.00375000 -0.00140072
v -0.00298405 -0.00375000 -0.00192302
v 0.00345387 -0.00375000 -0.00082054
v 0.00354218 -0.00375000 -0.00023553
v 0.00367580 -0.00375000 0.00042248
v 0.00354080 -0.00375000 0.00107367
v 0.00258167 -0.00375000 0.00593979
v 0.00258167 -0.00375000 0.00620000
v 0.00258329 -0.00375000 0.00588497
v 0.00344850 -0.00380000 0.00401345
v 0.00358865 -0.00380000 0.00108818
v 0.00337192 -0.00380000 0.00212530
v 0.00333591 -0.00380000 0.00308434
v 0.00335324 -0.00380000 0.00335141
v -0.00254383 -0.00375743 0.00408124
v -0.00253337 -0.00376340 0.00406829
v -0.00251096 -0.00377929 0.00408125
v -0.00251227 -0.00378044 0.00406265
v -0.00250178 -0.00378984 0.00408124
v -0.00249801 -0.00380000 0.00405882
v -0.00248910 -0.00381217 0.00408123
v -0.00249184 -0.00381322 0.00405718
v -0.00248333 -0.00383182 0.00408124
v -0.00248507 -0.00385000 0.00405536
v -0.00217644 -0.00438562 0.00534112
v -0.00201967 -0.00450437 0.00598470
v -0.00200037 -0.00452008 0.00597698
v -0.00197731 -0.00456430 0.00596358
v -0.00197504 -0.00458981 0.00595881
v -0.00223738 -0.00436728 0.00497976
v -0.00230809 -0.00427573 0.00471586
v -0.00230975 -0.00424486 0.00472833
v -0.00241815 -0.00407460 0.00430510
v -0.00241816 -0.00405219 0.00431476
v -0.00245798 -0.00396285 0.00415647
v -0.00218605 -0.00437657 0.00530168
v -0.00217274 -0.00439241 0.00529410
v -0.00216345 -0.00441101 0.00528692
v -0.00198593 -0.00454051 0.00596976
v -0.00245638 -0.00394847 0.00416904
v -0.00241192 -0.00405832 0.00437441
v -0.00232224 -0.00421686 0.00474255
v -0.00228229 -0.00427095 0.00490656
v 0.00249499 -0.00385000 0.00308182
v 0.00249499 -0.00385000 0.00563089
v 0.00250260 -0.00381173 0.00308181
v 0.00250838 -0.00380000 0.00563089
v 0.00255694 -0.00375752 0.00563089
v 0.00255672 -0.00375761 0.00308181
v 0.00254499 -0.00376340 0.00563089
v 0.00254499 -0.00376340 0.00308182
v 0.00252428 -0.00377929 0.00563089
v 0.00252428 -0.00377929 0.00308181
v 0.00250838 -0.00380000 0.00308181
v 0.00264358 -0.00375761 0.00250808
v 0.00289637 -0.00375761 0.00198578
v 0.00288669 -0.00376340 0.00197915
v 0.00261259 -0.00377929 0.00249849
v 0.00259188 -0.00381173 0.00249207
v 0.00258461 -0.00385000 0.00248982
v 0.00286961 -0.00377929 0.00196744
v 0.00285650 -0.00380000 0.00195845
v 0.00285173 -0.00381173 0.00195517
v 0.00284545 -0.00385000 0.00195088
v 0.00314208 -0.00380000 0.00145685
v 0.00317529 -0.00376340 0.00147225
v 0.00337570 -0.00376340 0.00092447
v 0.00348236 -0.00376340 0.00035100
v 0.00349229 -0.00376340 -0.00023221
v 0.00340522 -0.00376340 -0.00080898
v 0.00322358 -0.00376340 -0.00136327
v 0.00295241 -0.00376340 -0.00187969
v 0.00259923 -0.00376340 -0.00234393
v 0.00217387 -0.00376340 -0.00274304
v 0.00168812 -0.00376340 -0.00306599
v 0.00115549 -0.00376340 -0.00330376
v 0.00059077 -0.00376340 -0.00344978
v 0.00000963 -0.00376340 -0.00349999
v -0.00057177 -0.00376340 -0.00345298
v -0.00113729 -0.00376340 -0.00331008
v -0.00167122 -0.00376340 -0.00307523
v -0.00215873 -0.00376340 -0.00275497
v -0.00258629 -0.00376340 -0.00235819
v -0.00294202 -0.00376340 -0.00189593
v -0.00321603 -0.00376340 -0.00138099
v -0.00340072 -0.00376340 -0.00082770
v -0.00349096 -0.00376340 -0.00025144
v -0.00348424 -0.00376340 0.00033182
v -0.00338074 -0.00376340 0.00090587
v 0.00334040 -0.00380000 0.00091479
v 0.00344594 -0.00380000 0.00034733
v 0.00345577 -0.00380000 -0.00022979
v 0.00336961 -0.00380000 -0.00080051
v 0.00318987 -0.00380000 -0.00134902
v 0.00292153 -0.00380000 -0.00186005
v 0.00257205 -0.00380000 -0.00231941
v 0.00215113 -0.00380000 -0.00271436
v 0.00167047 -0.00380000 -0.00303392
v 0.00114341 -0.00380000 -0.00326922
v 0.00058459 -0.00380000 -0.00341371
v 0.00000953 -0.00380000 -0.00346339
v -0.00056579 -0.00380000 -0.00341688
v -0.00112539 -0.00380000 -0.00327546
v -0.00165374 -0.00380000 -0.00304306
v -0.00213616 -0.00380000 -0.00272617
v -0.00255925 -0.00380000 -0.00233353
v -0.00291125 -0.00380000 -0.00187610
v -0.00318240 -0.00380000 -0.00136655
v -0.00336516 -0.00380000 -0.00081905
v -0.00345445 -0.00380000 -0.00024880
v -0.00344780 -0.00380000 0.00032835
v -0.00334539 -0.00380000 0.00089639
v 0.00312993 -0.00385000 0.00145122
v 0.00332748 -0.00385000 0.00091126
v 0.00343261 -0.00385000 0.00034599
v 0.00344240 -0.00385000 -0.00022890
v 0.00335658 -0.00385000 -0.00079742
v 0.00317753 -0.00385000 -0.00134380
v 0.00291023 -0.00385000 -0.00185285
v 0.00256210 -0.00385000 -0.00231044
v 0.00214281 -0.00385000 -0.00270386
v 0.00166401 -0.00385000 -0.00302218
v 0.00113898 -0.00385000 -0.00325657
v 0.00058233 -0.00385000 -0.00340050
v 0.00000950 -0.00385000 -0.00344998
v -0.00056360 -0.00385000 -0.00340366
v -0.00112104 -0.00385000 -0.00326278
v -0.00164734 -0.00385000 -0.00303129
v -0.00212790 -0.00385000 -0.00271562
v -0.00254934 -0.00385000 -0.00232451
v -0.00289999 -0.00385000 -0.00186885
v -0.00317009 -0.00385000 -0.00136127
v -0.00335214 -0.00385000 -0.00081588
v -0.00344108 -0.00385000 -0.00024784
v -0.00343446 -0.00385000 0.00032708
v -0.00333244 -0.00385000 0.00089293
v -0.00253703 -0.00376051 0.00620000
v -0.00248333 -0.00383182 0.00620000
v -0.00250178 -0.00378984 0.00620000
v -0.00229650 -0.00425464 0.00620000
v -0.00238860 -0.00410868 0.00620000
v -0.00218474 -0.00437879 0.00620000
v -0.00194447 -0.00454580 0.00620000
v -0.00145537 -0.00475000 0.00659491
v -0.00145974 -0.00470686 0.00660366
v -0.00141186 -0.00475000 0.00661531
v -0.00124648 -0.00472801 0.00667347
v -0.00163538 -0.00469666 0.00648797
v -0.00188140 -0.00457823 0.00627255
v -0.00179885 -0.00461872 0.00636130
v -0.00179288 -0.00462889 0.00635402
v -0.00193041 -0.00455287 0.00621620
v -0.00176761 -0.00463235 0.00639176
v -0.00166512 -0.00466936 0.00647933
v -0.00164013 -0.00467648 0.00649784
v -0.00163503 -0.00473194 0.00647967
v -0.00178502 -0.00468847 0.00633076
v -0.00178486 -0.00465703 0.00633954
v -0.00179472 -0.00462059 0.00636543
v -0.00333244 -0.00565000 0.00089292
v -0.00197504 -0.00565000 0.00595882
v -0.00344109 -0.00565000 -0.00024784
v -0.00317009 -0.00565000 -0.00136127
v -0.00254934 -0.00565000 -0.00232450
v -0.00164734 -0.00565000 -0.00303129
v -0.00056360 -0.00565000 -0.00340366
v 0.00058233 -0.00565000 -0.00340051
v 0.00166401 -0.00565000 -0.00302218
v 0.00256210 -0.00565000 -0.00231045
v 0.00317753 -0.00565000 -0.00134380
v 0.00344240 -0.00565000 -0.00022890
v 0.00332748 -0.00565000 0.00091126
v 0.00284545 -0.00565000 0.00195088
v 0.00249008 -0.00382744 0.00584279
v 0.00247308 -0.00388572 0.00591391
v 0.00247445 -0.00387462 0.00592423
v 0.00247722 -0.00386221 0.00591346
v 0.00247943 -0.00385179 0.00591225
v 0.00248047 -0.00384667 0.00591353
v 0.00248505 -0.00383159 0.00589608
v 0.00249446 -0.00381131 0.00586530
v 0.00250984 -0.00379032 0.00580894
v 0.00247325 -0.00389142 0.00590880
v 0.00247399 -0.00389708 0.00590384
v 0.00236625 -0.00417730 0.00619409
v 0.00176118 -0.00469191 0.00666581
v 0.00163318 -0.00474007 0.00669035
v 0.00236493 -0.00416441 0.00620594
v 0.00236648 -0.00415234 0.00621859
v 0.00243882 -0.00399438 0.00606502
v 0.00238617 -0.00411337 0.00620000
v 0.00219165 -0.00439737 0.00643146
v 0.00227321 -0.00429688 0.00634965
v 0.00229921 -0.00425991 0.00631953
v 0.00236901 -0.00414539 0.00622613
v 0.00196402 -0.00462402 0.00658308
v 0.00223377 -0.00439687 0.00637410
v 0.00217111 -0.00444884 0.00643823
v 0.00188581 -0.00463896 0.00662376
v 0.00184409 -0.00465765 0.00664004
v 0.00187376 -0.00464333 0.00662898
v 0.00210365 -0.00448576 0.00650326
v 0.00216754 -0.00443777 0.00644535
v 0.00243461 -0.00403989 0.00604231
v 0.00237039 -0.00419058 0.00618334
v 0.00216559 -0.00442544 0.00645427
v 0.00248333 -0.00383182 0.00620000
v 0.00248311 -0.00383300 0.00592739
v 0.00248228 -0.00383741 0.00591949
v 0.00247756 -0.00386067 0.00591888
v 0.00248333 -0.00383182 0.00593978
v 0.00250179 -0.00378984 0.00593979
v 0.00250042 -0.00379170 0.00620000
v 0.00251771 -0.00377313 0.00593979
v 0.00253911 -0.00375950 0.00619999
v 0.00253703 -0.00376051 0.00593979
v 0.00254785 -0.00375589 0.00593978
v 0.00372547 -0.00380000 0.00042819
v 0.00366324 -0.00380000 -0.00080199
v 0.00320576 -0.00380000 -0.00194566
v 0.00240242 -0.00380000 -0.00287939
v 0.00133987 -0.00380000 -0.00350246
v 0.00013276 -0.00380000 -0.00374766
v -0.00108868 -0.00380000 -0.00358850
v -0.00219265 -0.00380000 -0.00304216
v -0.00306006 -0.00380000 -0.00216762
v -0.00339865 -0.00380000 -0.00158481
v -0.00654485 -0.00380000 0.00516223
v -0.00615000 -0.00371194 0.00559134
v -0.00655312 -0.00343390 0.00586495
v -0.00615000 -0.00344134 0.00586195
v -0.00615000 -0.00360355 0.00575355
v -0.00646676 -0.00371926 0.00557260
v -0.00646547 -0.00371137 0.00559272
v -0.00648449 -0.00360123 0.00575586
v -0.00558063 -0.00371194 0.00566265
v -0.00504644 -0.00371194 0.00587218
v -0.00458041 -0.00371194 0.00620698
v -0.00512397 -0.00360355 0.00601467
v -0.00517578 -0.00344134 0.00610987
v -0.00476439 -0.00344134 0.00640542
v -0.00474472 -0.00350000 0.00638421
v -0.00469070 -0.00360355 0.00632594
v -0.00462029 -0.00368301 0.00625000
v -0.00562064 -0.00360355 0.00581985
v -0.00564737 -0.00344134 0.00592490
v -0.00411039 -0.00360355 0.00655355
v -0.00411039 -0.00368301 0.00645001
v -0.00438425 -0.00368301 0.00639821
v -0.00411039 -0.00371194 0.00639134
v -0.00445108 -0.00350000 0.00656859
v -0.00411039 -0.00350000 0.00663302
v -0.00411039 -0.00344134 0.00666194
v -0.00258167 -0.00371194 0.00639134
v -0.00258167 -0.00368301 0.00645000
v -0.00258167 -0.00360355 0.00655355
v -0.00258167 -0.00350000 0.00663301
v -0.00258167 -0.00344134 0.00666195
v -0.00250713 -0.00370057 0.00645001
v -0.00223750 -0.00378636 0.00663301
v -0.00244827 -0.00374954 0.00645000
v -0.00242545 -0.00353679 0.00663301
v -0.00230208 -0.00363944 0.00663301
v -0.00233933 -0.00380519 0.00655355
v -0.00241746 -0.00381964 0.00645000
v -0.00245294 -0.00382620 0.00637306
v -0.00236114 -0.00409450 0.00637306
v -0.00196087 -0.00414052 0.00666909
v -0.00209808 -0.00395872 0.00666910
v -0.00225847 -0.00404151 0.00655356
v -0.00193073 -0.00451811 0.00637305
v -0.00179915 -0.00425292 0.00666910
v -0.00187937 -0.00441461 0.00655356
v -0.00208446 -0.00427206 0.00655356
v -0.00216358 -0.00435626 0.00637305
v -0.00157716 -0.00438579 0.00667617
v -0.00174534 -0.00456722 0.00650080
v -0.00184822 -0.00453216 0.00644046
v -0.00160736 -0.00461393 0.00657137
v -0.00141393 -0.00465776 0.00664491
v -0.00178315 -0.00444216 0.00657831
v -0.00167058 -0.00448661 0.00660786
v -0.00153532 -0.00454490 0.00664138
v -0.00131204 -0.00454856 0.00669367
v -0.00136428 -0.00460455 0.00667511
v -0.00119000 -0.00467409 0.00669315
v -0.00141186 -0.00565000 0.00661532
v -0.00178900 -0.00565000 0.00632592
v 0.00249432 -0.00385076 0.00573644
v 0.00249500 -0.00384967 0.00570000
v 0.00249499 -0.00565000 0.00569999
v 0.00184110 -0.00565000 0.00663819
v 0.00247506 -0.00389221 0.00589864
v 0.00247755 -0.00388338 0.00588595
v 0.00248290 -0.00386910 0.00585502
v 0.00249234 -0.00385298 0.00577277
v 0.00243318 -0.00565000 0.00604612
v 0.00220209 -0.00565000 0.00640711
v 0.00179452 -0.00463127 0.00666597
v 0.00206898 -0.00447087 0.00654698
v 0.00235244 -0.00409573 0.00639135
v 0.00237765 -0.00410892 0.00629754
v 0.00224595 -0.00428460 0.00642298
v 0.00211264 -0.00397034 0.00666195
v 0.00197959 -0.00416538 0.00667473
v 0.00174262 -0.00460365 0.00668477
v 0.00203036 -0.00445385 0.00658592
v 0.00194235 -0.00441510 0.00664815
v 0.00184356 -0.00437159 0.00668670
v 0.00225639 -0.00404551 0.00655356
v 0.00210772 -0.00422268 0.00660295
v 0.00220861 -0.00426785 0.00649071
v 0.00245294 -0.00382620 0.00637306
v 0.00233933 -0.00380519 0.00655355
v 0.00216184 -0.00377238 0.00666909
v 0.00236642 -0.00350006 0.00666283
v 0.00223477 -0.00360111 0.00666910
v 0.00238143 -0.00370633 0.00655355
v 0.00258167 -0.00371910 0.00637305
v 0.00252597 -0.00373154 0.00637306
v 0.00247530 -0.00377369 0.00637306
v 0.00258167 -0.00350000 0.00663302
v 0.00258166 -0.00360355 0.00655355
v 0.00243195 -0.00350039 0.00664916
v 0.00247680 -0.00362698 0.00655356
v -0.00402369 0.00110000 0.01672501
v -0.00422500 0.00110000 0.01652369
v -0.00450000 0.00110000 0.01700000
v -0.00450000 0.00110000 0.01645000
v -0.00477500 0.00110000 0.01652369
v -0.00422500 0.00110000 0.01747631
v -0.00402369 0.00110000 0.01727500
v -0.00395000 0.00110000 0.01700000
v -0.00497631 0.00110000 0.01727501
v -0.00477500 0.00110000 0.01747631
v -0.00450000 0.00110000 0.01754999
v -0.00497632 0.00110000 0.01672500
v -0.00505000 0.00110000 0.01700000
v -0.00450000 0.00090000 0.01625000
v -0.00412500 0.00090000 0.01635049
v -0.00385048 0.00090000 0.01662500
v -0.00375000 0.00090000 0.01700000
v -0.00385048 0.00090000 0.01737500
v -0.00412500 0.00090000 0.01764952
v -0.00450000 0.00090000 0.01775001
v -0.00487500 0.00090000 0.01764953
v -0.00514952 0.00090000 0.01737500
v -0.00525000 0.00090000 0.01700000
v -0.00514952 0.00090000 0.01662500
v -0.00487500 0.00090000 0.01635047
v -0.00400000 -0.00040000 0.00730000
v -0.00361177 -0.00020000 0.00755112
v -0.00356001 -0.00040000 0.00735793
v -0.00325000 -0.00020000 0.00770097
v -0.00315000 -0.00040000 0.00752775
v -0.00293934 -0.00020000 0.00793934
v -0.00279792 -0.00040000 0.00779791
v -0.00270096 -0.00020000 0.00825000
v -0.00252776 -0.00040000 0.00814999
v -0.00255111 -0.00020000 0.00861176
v -0.00235793 -0.00040000 0.00856001
v -0.00250000 -0.00020000 0.00900000
v -0.00230000 -0.00040000 0.00900000
v -0.00255111 -0.00020000 0.00938822
v -0.00235793 -0.00040000 0.00944000
v -0.00270096 -0.00020000 0.00974999
v -0.00252776 -0.00040000 0.00985000
v -0.00293934 -0.00020000 0.01006065
v -0.00279792 -0.00040000 0.01020209
v -0.00325000 -0.00020000 0.01029904
v -0.00315000 -0.00040000 0.01047225
v -0.00361177 -0.00020000 0.01044889
v -0.00356001 -0.00040000 0.01064207
v -0.00400000 -0.00020000 0.01050000
v -0.00400000 -0.00040000 0.01070000
v -0.00438823 -0.00020000 0.01044888
v -0.00443999 -0.00040000 0.01064207
v -0.00475000 -0.00020000 0.01029903
v -0.00485000 -0.00040000 0.01047225
v -0.00506066 -0.00020000 0.01006066
v -0.00520208 -0.00040000 0.01020209
v -0.00529904 -0.00020000 0.00975000
v -0.00547224 -0.00040000 0.00985001
v -0.00544889 -0.00020000 0.00938824
v -0.00564207 -0.00040000 0.00944000
v -0.00550000 -0.00020000 0.00900000
v -0.00570000 -0.00040000 0.00900000
v -0.00544889 -0.00020000 0.00861178
v -0.00564207 -0.00040000 0.00856000
v -0.00529904 -0.00020000 0.00824999
v -0.00547224 -0.00040000 0.00814999
v -0.00506066 -0.00020000 0.00793935
v -0.00520208 -0.00040000 0.00779791
v -0.00475000 -0.00020000 0.00770096
v -0.00485000 -0.00040000 0.00752776
v -0.00438823 -0.00020000 0.00755111
v -0.00443999 -0.00040000 0.00735793
v -0.00400000 -0.00020000 0.00750000
v -0.00336450 0.00060000 0.00899999
v -0.00260000 0.00060000 0.00900000
v -0.00344964 0.00060000 0.00868224
v -0.00278757 0.00060000 0.00830000
v -0.00368225 0.00060000 0.00844963
v -0.00330000 0.00060000 0.00778757
v -0.00400000 0.00060000 0.00836450
v -0.00400000 0.00060000 0.00760000
v -0.00431775 0.00060000 0.00844964
v -0.00470000 0.00060000 0.00778756
v -0.00455036 0.00060000 0.00868225
v -0.00521243 0.00060000 0.00830001
v -0.00463550 0.00060000 0.00900000
v -0.00540000 0.00060000 0.00900001
v -0.00455036 0.00060000 0.00931775
v -0.00521244 0.00060000 0.00970000
v -0.00431775 0.00060000 0.00955036
v -0.00470000 0.00060000 0.01021244
v -0.00400000 0.00060000 0.00963550
v -0.00400000 0.00060000 0.01040001
v -0.00368225 0.00060000 0.00955036
v -0.00330000 0.00060000 0.01021243
v -0.00344964 0.00060000 0.00931775
v -0.00278756 0.00060000 0.00970000
v -0.00400000 0.00050000 0.00750000
v -0.00325000 0.00050000 0.00770097
v -0.00270096 0.00050000 0.00825000
v -0.00250000 0.00050000 0.00900000
v -0.00270096 0.00050000 0.00974999
v -0.00325000 0.00050000 0.01029904
v -0.00400000 0.00050000 0.01050000
v -0.00475000 0.00050000 0.01029903
v -0.00529904 0.00050000 0.00975000
v -0.00550000 0.00050000 0.00900000
v -0.00529904 0.00050000 0.00824999
v -0.00475000 0.00050000 0.00770096
v -0.00400000 -0.00240000 0.00836450
v -0.00368225 -0.00240000 0.00844964
v -0.00344964 -0.00240000 0.00868225
v -0.00336450 -0.00240000 0.00900000
v -0.00344964 -0.00240000 0.00931775
v -0.00368225 -0.00240000 0.00955036
v -0.00400000 -0.00240000 0.00963550
v -0.00431775 -0.00240000 0.00955037
v -0.00455036 -0.00240000 0.00931776
v -0.00463550 -0.00240000 0.00900001
v -0.00455036 -0.00240000 0.00868225
v -0.00431775 -0.00240000 0.00844964
v -0.00400000 -0.00278185 0.00900001
v -0.00705000 -0.00147757 0.02058654
v -0.00705000 -0.00187057 0.02048934
v -0.00705000 -0.00169781 0.02102764
v -0.00705000 -0.00190000 0.02066685
v -0.00705000 -0.00174385 0.02152962
v -0.00705000 -0.00161355 0.02199055
v -0.00705000 0.00094397 0.02127111
v -0.00705000 0.00081421 0.02080967
v -0.00705000 0.00117160 0.02063021
v -0.00705000 0.00051829 0.02041038
v -0.00705000 0.00067278 0.02001739
v -0.00705000 0.00009190 0.02014282
v -0.00705000 -0.00004476 0.01968644
v -0.00705000 -0.00040221 0.02005127
v -0.00705000 0.00089914 0.02176746
v -0.00705000 0.00067960 0.02221064
v -0.00705000 0.00031120 0.02254749
v -0.00705000 -0.00004476 0.02311356
v -0.00705000 0.00008066 0.02266153
v -0.00705000 -0.00039870 0.02274898
v -0.00705000 -0.00083473 0.02309514
v -0.00705000 -0.00089131 0.02265761
v -0.00705000 -0.00131681 0.02239118
v -0.00705000 -0.00088022 0.02013829
v -0.00705000 -0.00083473 0.01970486
v -0.00705000 -0.00110860 0.02025087
v -0.00705000 -0.00153606 0.02006889
v -0.00705000 -0.00178542 0.02033084
v -0.00307626 -0.00062633 0.02017066
v -0.00695000 -0.00040217 0.02015000
v -0.00695000 -0.00084465 0.02023176
v -0.00307828 -0.00084465 0.02023176
v -0.00695000 -0.00105609 0.02033603
v -0.00308728 -0.00133122 0.02056614
v -0.00695000 -0.00137001 0.02061159
v -0.00308826 -0.00137001 0.02061160
v -0.00309525 -0.00161000 0.02108629
v -0.00695000 -0.00160153 0.02105529
v -0.00309615 -0.00163425 0.02120223
v -0.00695000 -0.00163426 0.02120222
v -0.00309694 -0.00161850 0.02167885
v -0.00695000 -0.00164423 0.02152000
v -0.00309623 -0.00156778 0.02184585
v -0.00695000 -0.00156778 0.02184585
v -0.00309587 -0.00154274 0.02190660
v -0.00695000 -0.00152395 0.02194703
v -0.00309122 -0.00118436 0.02237329
v -0.00695000 -0.00118841 0.02237000
v -0.00308756 -0.00065129 0.02262448
v -0.00695000 -0.00085485 0.02256431
v -0.00308740 -0.00059778 0.02263426
v -0.00695000 -0.00059778 0.02263425
v -0.00695000 -0.00039869 0.02265000
v -0.00308789 -0.00006071 0.02260308
v -0.00695000 0.00004506 0.02256808
v -0.00308844 0.00004585 0.02256779
v -0.00695000 0.00025851 0.02246247
v -0.00309197 0.00045422 0.02231258
v -0.00695000 0.00057001 0.02218841
v -0.00307555 -0.00040000 0.02015001
v -0.00307566 -0.00030928 0.02015329
v -0.00695000 -0.00020222 0.02016575
v -0.00307608 -0.00020222 0.02016574
v -0.00695000 0.00005546 0.02023593
v -0.00308092 0.00022772 0.02031905
v -0.00695000 0.00038841 0.02042999
v -0.00308398 0.00038841 0.02042999
v -0.00695000 0.00072419 0.02085346
v -0.00309045 0.00065357 0.02072734
v -0.00695000 0.00076778 0.02095416
v -0.00309381 0.00076778 0.02095415
v -0.00695000 0.00084429 0.02128066
v -0.00309657 0.00084480 0.02128611
v -0.00695000 0.00083425 0.02159778
v -0.00309706 0.00083425 0.02159777
v -0.00695000 0.00080281 0.02174020
v -0.00309634 0.00077767 0.02181905
v -0.00309339 0.00057001 0.02218841
v 0.00330493 -0.00374715 0.00603115
v 0.00315826 -0.00350000 0.00649395
v 0.00327853 -0.00373125 0.00612540
v 0.00323769 -0.00368326 0.00626017
v -0.00209859 -0.00470000 0.01482497
v -0.00218300 -0.00470000 0.01465831
v -0.00236502 -0.00470000 0.01451167
v -0.00259381 -0.00470000 0.01446379
v -0.00278091 -0.00470000 0.01450617
v -0.00594426 -0.00040022 0.01304168
v -0.00597132 -0.00107219 0.01301827
v -0.00569722 -0.00104222 0.01301879
v -0.00623553 -0.00109741 0.01294220
v -0.00624332 -0.00040019 0.01297242
v -0.00650445 -0.00040000 0.01281841
v -0.00535163 -0.00153120 0.01290818
v -0.00546773 -0.00040000 0.01295942
v -0.00563799 -0.00040011 0.01301671
v -0.00359583 -0.00453751 0.01212919
v -0.00367217 -0.00437436 0.01216684
v -0.00423972 -0.00458298 0.01226470
v -0.00429234 -0.00376773 0.01244061
v -0.00352041 -0.00469969 0.01208336
v -0.00384828 -0.00469993 0.01217122
v -0.00424127 -0.00469989 0.01220991
v -0.00458961 -0.00470000 0.01216262
v -0.00490002 -0.00439848 0.01228323
v -0.00490712 -0.00425925 0.01236975
v -0.00532827 -0.00387824 0.01245272
v -0.00532102 -0.00370999 0.01254634
v -0.00641518 -0.00116577 0.01283197
v -0.00624282 -0.00193111 0.01279587
v -0.00612063 -0.00178881 0.01289209
v -0.00598810 -0.00267155 0.01271156
v -0.00592982 -0.00246248 0.01280908
v -0.00583606 -0.00301517 0.01265420
v -0.00566297 -0.00310697 0.01269348
v -0.00570322 -0.00327716 0.01260204
v -0.00546513 -0.00367832 0.01250740
v -0.00559174 -0.00167939 0.01297230
v -0.00586072 -0.00173878 0.01296975
v -0.00541698 -0.00229944 0.01289531
v -0.00567725 -0.00238790 0.01288933
v -0.00517329 -0.00289155 0.01278802
v -0.00542098 -0.00300837 0.01277724
v -0.00509314 -0.00358848 0.01263434
v -0.00469704 -0.00411672 0.01246239
v -0.00443481 -0.00358973 0.01250348
v -0.00493817 -0.00276525 0.01272568
v -0.00500310 -0.00262484 0.01275434
v -0.00595626 -0.00049998 0.01590779
v -0.00585246 -0.00166247 0.01586197
v -0.00555737 -0.00282303 0.01573172
v -0.00532794 -0.00337111 0.01563045
v -0.00503638 -0.00388363 0.01550175
v -0.00423309 -0.00470000 0.01514717
v -0.00467225 -0.00433786 0.01534102
v -0.00603590 -0.00050012 0.01594748
v -0.00424035 -0.00470000 0.01515038
v -0.00625871 -0.00078055 0.01612151
v -0.00628028 -0.00050000 0.01613745
v -0.00595115 -0.00241827 0.01595557
v -0.00613898 -0.00163816 0.01605004
v -0.00618743 -0.00135863 0.01607692
v -0.00539684 -0.00374535 0.01570085
v -0.00568879 -0.00315444 0.01583330
v -0.00578095 -0.00292493 0.01587564
v -0.00467212 -0.00470000 0.01538738
v -0.00508105 -0.00422890 0.01556119
v -0.00150501 -0.00565000 0.00325000
v -0.00150501 -0.00565000 0.00354999
v -0.00150501 -0.00505000 0.00325000
v -0.00150501 -0.00505000 0.00355000
v -0.00100501 -0.00455000 0.00355000
v -0.00100501 -0.00455000 0.00325000
v -0.00119636 -0.00458806 0.00324999
v -0.00119635 -0.00458806 0.00355000
v -0.00135857 -0.00469645 0.00325000
v -0.00135857 -0.00469645 0.00355000
v -0.00146695 -0.00485866 0.00325000
v -0.00146695 -0.00485866 0.00355001
v 0.00251782 -0.00377476 0.00588188
v 0.00253999 -0.00376424 0.00579122
v 0.00257816 -0.00375075 0.00578543
v 0.00252256 -0.00377665 0.00579923
v 0.00252134 -0.00378164 0.00573824
v 0.00249583 -0.00382547 0.00577714
v 0.00250090 -0.00380940 0.00578501
v 0.00249499 -0.00384982 0.00566545
v 0.00248710 -0.00384290 0.00583636
v -0.00302849 0.00022447 0.01923839
v -0.00302419 -0.00003839 0.01917924
v -0.00640028 -0.00003839 0.01917925
v -0.00307545 0.00147382 0.02015448
v -0.00306624 0.00128951 0.01991404
v -0.00601659 0.00168617 0.02055716
v -0.00564617 0.00076722 0.02332357
v -0.00562518 0.00072266 0.02334990
v -0.00307562 0.00088298 0.02324836
v -0.00307056 0.00046056 0.02347893
v -0.00532087 0.00046384 0.02347757
v -0.00538530 0.00047444 0.02347312
v -0.00549645 0.00054438 0.02344221
v -0.00308136 0.00121783 0.02296369
v -0.00569948 0.00093277 0.02321280
v -0.00567976 0.00085752 0.02326577
v -0.00309619 0.00181174 0.02181319
v -0.00309681 0.00183947 0.02161741
v -0.00563794 0.00178867 0.02192176
v -0.00309288 0.00169068 0.02223158
v -0.00564308 0.00163838 0.02235263
v -0.00308947 0.00156821 0.02249026
v -0.00565117 0.00156813 0.02249040
v -0.00308737 0.00149043 0.02262014
v -0.00567185 0.00142353 0.02271804
v -0.00571115 0.00116379 0.02301774
v -0.00586398 0.00184902 0.02146635
v -0.00309354 0.00180396 0.02094714
v -0.00592649 0.00181599 0.02101029
v -0.00308992 0.00174116 0.02070868
v -0.00598374 0.00174104 0.02070831
v -0.00583545 0.00178873 0.02192149
v -0.00585059 0.00183950 0.02161715
v -0.00309673 0.00184998 0.02139128
v -0.00308626 0.00167528 0.02053067
v -0.00620623 0.00120021 0.01981828
v -0.00617923 0.00128960 0.01991414
v -0.00611885 0.00146260 0.02013778
v -0.00306323 0.00122622 0.01984504
v -0.00304851 0.00088162 0.01955068
v -0.00629204 0.00084717 0.01952717
v -0.00303985 0.00064846 0.01940920
v -0.00635793 0.00044575 0.01931470
v -0.00639622 0.00003683 0.01919279
v -0.00297653 -0.00050000 0.01863640
v -0.00643540 -0.00050000 0.01863640
v -0.00300187 -0.00043133 0.01890252
v -0.00641973 -0.00045085 0.01886366
v -0.00640674 -0.00029355 0.01906590
v -0.00640220 -0.00008675 0.01916912
v -0.00301780 -0.00025379 0.01909489
v -0.00301733 -0.00026267 0.01908887
v -0.00487500 -0.00030000 0.01635048
v -0.00514952 -0.00030000 0.01662501
v -0.00525000 -0.00030000 0.01700000
v -0.00514952 -0.00030000 0.01737499
v -0.00487500 -0.00030000 0.01764952
v -0.00450000 -0.00030000 0.01775000
v -0.00412500 -0.00030000 0.01764951
v -0.00385048 -0.00030000 0.01737501
v -0.00375000 -0.00030000 0.01699999
v -0.00385048 -0.00030000 0.01662500
v -0.00412500 -0.00030000 0.01635048
v -0.00450000 -0.00030000 0.01625000
v -0.00646247 -0.00050000 0.01823156
v -0.00614099 -0.00050000 0.01823176
v -0.00450000 -0.00050000 0.01795000
v -0.00402500 -0.00050000 0.01617728
v -0.00367728 -0.00050000 0.01652499
v -0.00532272 -0.00050000 0.01652501
v -0.00497500 -0.00050000 0.01617727
v -0.00450000 -0.00050000 0.01605000
v -0.00497500 -0.00050000 0.01782272
v -0.00532273 -0.00050000 0.01747500
v -0.00621113 -0.00050000 0.01717782
v -0.00545000 -0.00050000 0.01700000
v -0.00222741 -0.00050000 0.01519693
v -0.00249315 -0.00050000 0.01618519
v -0.00355000 -0.00050000 0.01700000
v -0.00286195 -0.00050000 0.01776323
v -0.00367728 -0.00050000 0.01747500
v -0.00402500 -0.00050000 0.01782272
v -0.00604254 0.00160257 0.02054873
v -0.00618979 0.00125384 0.01988446
v -0.00592294 0.00172149 0.02135040
v -0.00588700 0.00157721 0.02215003
v -0.00586078 0.00168486 0.02204148
v -0.00666753 0.00043470 0.01981322
v -0.00671365 0.00010629 0.01967813
v -0.00692604 0.00013463 0.01973354
v -0.00632345 -0.00141676 0.01933323
v -0.00635474 -0.00138101 0.01955641
v -0.00640409 -0.00101342 0.01938739
v -0.00661685 -0.00179435 0.02033366
v -0.00669712 -0.00178542 0.02033084
v -0.00655553 -0.00178914 0.02030492
v -0.00677906 -0.00156399 0.02009315
v -0.00647250 -0.00175778 0.02020452
v -0.00657992 -0.00156316 0.02003969
v -0.00647271 -0.00130755 0.01971869
v -0.00632770 -0.00155925 0.01969553
v -0.00640841 -0.00161306 0.01993656
v -0.00636313 -0.00164159 0.01989803
v -0.00637502 -0.00166101 0.01994662
v -0.00637910 -0.00097005 0.01914566
v -0.00643276 -0.00062122 0.01929759
v -0.00640559 -0.00049360 0.01906561
v -0.00640712 -0.00039361 0.01906297
v -0.00643663 -0.00022019 0.01929301
v -0.00631011 0.00087346 0.01976466
v -0.00637243 0.00054280 0.01953118
v -0.00641586 0.00017370 0.01937206
v -0.00625934 0.00110173 0.02234982
v -0.00646468 0.00092133 0.02254734
v -0.00635464 0.00089637 0.02259467
v -0.00647690 0.00086785 0.02260626
v -0.00673160 -0.00059732 0.01961496
v -0.00670128 -0.00094458 0.01969072
v -0.00692966 -0.00083610 0.01970557
v -0.00664908 -0.00127109 0.01983407
v -0.00685948 -0.00126239 0.01987806
v -0.00691523 -0.00095048 0.01973955
v -0.00694968 -0.00059830 0.01966096
v -0.00695323 -0.00052175 0.01965385
v -0.00673569 -0.00024262 0.01961120
v -0.00695408 -0.00024169 0.01965718
v -0.00694361 -0.00004435 0.01968660
v -0.00601265 0.00125581 0.02240316
v -0.00590189 0.00152183 0.02220245
v -0.00596751 0.00144382 0.02208312
v -0.00597756 0.00154828 0.02166098
v -0.00623518 0.00114956 0.02006135
v -0.00615494 0.00136302 0.02041220
v -0.00607864 0.00150527 0.02080646
v -0.00601627 0.00156860 0.02122946
v -0.00652106 -0.00096648 0.01956700
v -0.00654908 -0.00060431 0.01948695
v -0.00655291 -0.00023495 0.01948297
v -0.00653270 0.00012847 0.01955360
v -0.00649022 0.00047086 0.01969635
v -0.00642897 0.00078022 0.01990711
v -0.00635492 0.00104149 0.02017691
v -0.00627521 0.00124620 0.02049809
v -0.00619915 0.00138490 0.02086091
v -0.00613682 0.00144894 0.02125169
v -0.00609821 0.00143270 0.02165093
v -0.00608843 0.00133524 0.02204110
v -0.00610604 0.00116163 0.02240161
v -0.00607270 0.00115772 0.02246359
v -0.00618140 0.00102384 0.02253608
v -0.00645636 0.00134720 0.02129781
v -0.00645518 0.00134761 0.02130503
v -0.00628859 0.00137282 0.02127528
v -0.00644085 0.00135014 0.02139947
v -0.00624826 0.00135831 0.02164858
v -0.00641336 0.00133150 0.02165391
v -0.00623904 0.00126640 0.02201309
v -0.00640452 0.00124811 0.02198762
v -0.00641376 0.00117075 0.02217023
v -0.00659325 0.00120436 0.02069999
v -0.00635466 0.00131086 0.02090937
v -0.00643591 0.00117770 0.02056890
v -0.00687649 0.00043982 0.01986433
v -0.00681947 0.00067369 0.02001747
v -0.00660129 0.00073119 0.02001238
v -0.00680547 0.00072132 0.02005577
v -0.00652148 0.00098150 0.02026680
v -0.00677682 0.00081032 0.02013530
v -0.00661765 0.00116522 0.02061635
v -0.00669712 -0.00190000 0.02066685
v -0.00669712 -0.00187057 0.02048934
v -0.00625551 -0.00169427 0.01973302
v -0.00628770 -0.00161036 0.01963894
v -0.00628851 -0.00157089 0.01953736
v -0.00625281 -0.00170353 0.01974965
v -0.00629866 -0.00176076 0.01999039
v -0.00620927 -0.00183201 0.02003707
v -0.00620754 -0.00183622 0.02004974
v -0.00638984 -0.00186590 0.02036726
v -0.00619863 -0.00185641 0.02011687
v -0.00616950 -0.00189919 0.02038200
v -0.00633946 -0.00171355 0.01996700
v -0.00644316 -0.00182427 0.02029747
v -0.00653078 -0.00187255 0.02046709
v -0.00640625 -0.00190000 0.02060061
v -0.00616614 -0.00190000 0.02042199
v -0.00616655 -0.00189999 0.02041699
v -0.00610913 -0.00190000 0.02111704
v -0.00605298 -0.00190000 0.02177523
v -0.00639302 -0.00190000 0.02177516
v -0.00615998 -0.00190000 0.02049861
v -0.00644574 -0.00190000 0.02213314
v -0.00635578 -0.00190000 0.02213917
v -0.00635916 -0.00190000 0.02213876
v -0.00637419 -0.00190000 0.02195949
v -0.00635103 -0.00189747 0.02219244
v -0.00635039 -0.00183935 0.02239477
v -0.00638176 -0.00187100 0.02231270
v -0.00644574 -0.00187057 0.02231065
v -0.00644574 -0.00178542 0.02246917
v -0.00640201 -0.00178799 0.02246863
v -0.00635986 -0.00178554 0.02248017
v 0.00201711 -0.00455000 0.00325000
v 0.00201711 -0.00565000 0.00324999
v 0.00242800 -0.00455000 0.00380000
v 0.00249499 -0.00455000 0.00405000
v 0.00249499 -0.00455000 0.00308182
v 0.00234854 -0.00455000 0.00369645
v 0.00224765 -0.00455000 0.00319368
v 0.00242626 -0.00455000 0.00303740
v 0.00251268 -0.00455000 0.00281637
v 0.00199499 -0.00455000 0.00355000
v 0.00224499 -0.00455000 0.00361699
v 0.00199499 -0.00565000 0.00354999
v 0.00251268 -0.00565000 0.00281636
v 0.00258461 -0.00565000 0.00248981
v 0.00249499 -0.00565000 0.00405000
v 0.00245693 -0.00565000 0.00385866
v 0.00234854 -0.00565000 0.00369645
v 0.00218633 -0.00565000 0.00358806
v 0.00075000 -0.00565000 -0.00129903
v 0.00000000 -0.00565000 -0.00149999
v -0.00075000 -0.00565000 -0.00129904
v 0.00075000 -0.00565000 0.00129904
v 0.00129904 -0.00565000 -0.00074999
v 0.00129904 -0.00565000 0.00075000
v 0.00150000 -0.00565000 -0.00000000
v -0.00129904 -0.00565000 -0.00075001
v -0.00150000 -0.00565000 0.00000001
v -0.00129904 -0.00565000 0.00075000
v -0.00075000 -0.00565000 0.00129904
v -0.00000000 -0.00565000 0.00150000
v 0.00224765 -0.00565000 0.00319368
v 0.00242626 -0.00565000 0.00303740
v -0.00663640 0.00086803 0.02260607
v -0.00665303 -0.00040444 0.02315000
v -0.00665090 -0.00030348 0.02314734
v -0.00664328 -0.00019437 0.02313787
v -0.00663318 -0.00004202 0.02311299
v -0.00664506 0.00035075 0.02298078
v -0.00664088 0.00070923 0.02275355
v -0.00664232 -0.00061440 0.02313681
v -0.00662752 -0.00080499 0.02310226
v -0.00654117 -0.00135510 0.02286519
v -0.00476127 0.00370000 0.01542090
v -0.00392293 0.00370000 0.01419627
v -0.00534920 0.00369933 0.01150270
v -0.00529622 0.00370000 0.01175945
v -0.00535496 0.00369994 0.01252559
v -0.00515821 0.00370000 0.01197963
v -0.00538005 0.00370000 0.01360763
v -0.00210000 0.00370000 0.01482018
v -0.00218607 0.00370000 0.01465438
v -0.00186764 0.00370000 0.01422248
v -0.00236960 0.00370000 0.01450954
v -0.00132239 0.00370000 0.01305025
v -0.00259891 0.00370000 0.01446397
v -0.00494197 0.00370000 0.01214990
v -0.00465385 0.00370000 0.01225472
v -0.00540580 0.00370000 0.01571024
v -0.00392174 0.00370000 0.01222805
v -0.00431359 0.00370000 0.01228302
v -0.00507428 0.00370000 0.01568321
v -0.00526577 0.00370000 0.01594669
v -0.00539079 0.00370000 0.01598104
v -0.00536822 0.00370000 0.01623026
v -0.00537240 0.00370000 0.01625315
v -0.00625458 -0.00045000 0.01611147
v -0.00628272 -0.00045000 0.01614036
v -0.00629129 -0.00025106 0.01614940
v -0.00629462 -0.00005140 0.01615586
v -0.00626030 0.00083951 0.01617318
v -0.00620726 -0.00045000 0.01606765
v -0.00554400 0.00332962 0.01607348
v -0.00545649 0.00320577 0.01584743
v -0.00550279 0.00348604 0.01620036
v -0.00572162 0.00304877 0.01616520
v -0.00596812 0.00238207 0.01616206
v -0.00576758 0.00263289 0.01597778
v -0.00605064 0.00208564 0.01616544
v -0.00600315 0.00203231 0.01607849
v -0.00614948 0.00163908 0.01617090
v -0.00613128 -0.00045000 0.01600770
v -0.00610808 0.00075765 0.01601317
v -0.00583515 0.00194875 0.01589331
v -0.00560977 0.00252047 0.01579472
v -0.00531484 0.00305927 0.01566636
v -0.00493732 0.00354991 0.01550337
v -0.00291402 0.00520513 0.01070137
v -0.00343369 0.00502708 0.01218153
v -0.00266717 0.00522969 0.01206503
v -0.00516686 0.00392756 0.01677764
v -0.00535933 0.00375894 0.01574304
v -0.00343949 0.00407548 0.02337571
v -0.00356221 0.00423588 0.02129250
v -0.00400364 0.00405995 0.02128390
v -0.00309596 0.00431187 0.02171751
v -0.00309551 0.00434225 0.02132097
v -0.00328114 0.00414479 0.02330666
v -0.00312024 0.00420463 0.02323800
v -0.00309921 0.00421282 0.02320914
v -0.00308045 0.00422969 0.02301231
v -0.00307659 0.00422133 0.02317934
v -0.00450096 0.00345612 0.02304369
v -0.00446043 0.00348006 0.02310635
v -0.00441533 0.00381796 0.02129191
v -0.00430296 0.00359123 0.02319593
v -0.00391281 0.00384048 0.02330256
v -0.00479196 0.00382593 0.01963249
v -0.00483257 0.00388691 0.01910874
v -0.00492505 0.00397280 0.01816823
v -0.00472031 0.00428135 0.01716837
v -0.00503717 0.00398800 0.01739885
v -0.00491645 0.00423715 0.01559134
v -0.00510788 0.00396269 0.01703952
v -0.00505882 0.00398247 0.01728207
v -0.00482343 0.00421873 0.01242259
v -0.00511708 0.00401236 0.01406909
v -0.00415907 0.00468740 0.01230225
v -0.00575279 0.00322671 0.01106360
v -0.00555775 0.00345742 0.01157688
v -0.00575081 0.00320551 0.01165143
v -0.00572518 0.00335954 0.00939997
v -0.00203205 0.00537614 0.01062498
v -0.00153182 0.00558062 0.00940000
v -0.00095383 0.00511381 0.01235799
v -0.00020806 0.00512141 0.01108473
v -0.00024782 0.00526605 0.01048720
v 0.00019297 0.00514451 0.01045721
v -0.00028628 0.00555120 0.00940000
v 0.00040118 0.00516656 0.01014630
v 0.00093430 0.00526238 0.00940000
v -0.00109034 0.00521761 0.01186331
v -0.00194514 0.00518483 0.01344650
v -0.00154997 0.00510221 0.01351385
v -0.00269470 0.00507514 0.01511499
v -0.00197765 0.00506085 0.01449539
v -0.00299600 0.00497348 0.01597516
v -0.00249626 0.00489839 0.01620053
v -0.00226928 0.00499277 0.01533127
v -0.00409455 0.00473883 0.01615853
v -0.00387528 0.00488384 0.01531219
v -0.00415183 0.00476364 0.01537663
v -0.00306720 0.00446160 0.01997375
v -0.00340208 0.00468832 0.01785518
v -0.00350728 0.00452768 0.01892424
v -0.00376240 0.00475573 0.01694506
v -0.00398317 0.00439695 0.01895657
v -0.00459258 0.00445970 0.01628966
v -0.00426038 0.00456782 0.01704380
v -0.00442659 0.00418216 0.01902047
v -0.00396382 0.00485287 0.01378981
v -0.00420586 0.00474585 0.01461581
v -0.00441841 0.00461513 0.01544525
v -0.00331457 0.00509162 0.01365923
v -0.00364367 0.00498819 0.01372313
v -0.00038150 0.00556264 0.00940000
v -0.00113533 0.00539526 0.01055270
v -0.00187957 0.00529245 0.01195740
v -0.00263683 0.00520225 0.01354275
v -0.00329735 0.00503783 0.01519963
v -0.00288767 0.00469034 0.01792912
v -0.00323310 0.00484189 0.01688049
v -0.00355962 0.00491099 0.01605101
v -0.00359004 0.00497531 0.01525288
v -0.00297835 0.00516296 0.01359884
v -0.00475540 0.00437388 0.01475870
v -0.00456959 0.00449022 0.01392846
v -0.00465283 0.00363681 0.02130477
v -0.00597961 0.00177319 0.02064679
v -0.00583373 0.00228119 0.02019427
v -0.00601218 0.00171806 0.02050343
v -0.00587757 0.00224065 0.01996381
v -0.00605149 0.00180777 0.01981303
v -0.00581805 0.00185966 0.02182889
v -0.00581497 0.00187254 0.02181098
v -0.00583577 0.00189463 0.02155545
v -0.00576872 0.00208837 0.02143837
v -0.00585375 0.00189978 0.02138133
v -0.00575508 0.00223446 0.02101642
v -0.00591851 0.00185569 0.02095075
v -0.00575715 0.00225416 0.02092691
v -0.00578126 0.00229670 0.02057373
v -0.00621351 0.00119851 0.01974627
v -0.00618135 0.00130681 0.01985824
v -0.00611538 0.00149473 0.02009616
v -0.00592609 0.00217985 0.01974721
v -0.00603467 0.00199689 0.01933805
v -0.00610918 0.00183462 0.01909151
v -0.00615114 0.00172820 0.01896059
v -0.00625865 0.00139111 0.01864640
v -0.00629510 0.00085067 0.01946975
v -0.00632703 0.00110681 0.01846151
v -0.00634190 0.00056916 0.01931412
v -0.00634966 0.00099385 0.01840341
v -0.00635801 0.00044454 0.01926063
v -0.00641429 0.00057503 0.01825035
v -0.00646177 -0.00045000 0.01822104
v -0.00646393 -0.00032341 0.01819952
v -0.00645346 0.00012646 0.01818050
v -0.00645004 0.00018448 0.01818447
v -0.00614469 -0.00045000 0.01822125
v -0.00266007 -0.00045000 0.01447086
v -0.00240293 -0.00045000 0.01580679
v -0.00621427 -0.00045000 0.01717489
v -0.00249321 -0.00045000 0.01618539
v -0.00256975 -0.00045000 0.01644196
v -0.00241396 -0.00045000 0.01449275
v -0.00221011 -0.00045000 0.01462810
v -0.00210091 -0.00045000 0.01482284
v -0.00286503 -0.00045000 0.01778224
v -0.00279474 -0.00045000 0.01738622
v -0.00267284 -0.00045000 0.01683057
v -0.00307598 0.00421278 0.02320928
v -0.00307538 0.00420461 0.02323807
v -0.00249610 0.00223173 0.01619606
v -0.00249342 -0.00026640 0.01618613
v -0.00249356 -0.00010039 0.01618662
v -0.00309341 0.00176806 0.02216816
v -0.00309658 0.00187829 0.02171542
v -0.00309691 0.00189480 0.02155579
v -0.00309618 0.00189515 0.02125013
v -0.00309134 0.00181823 0.02079160
v -0.00308875 0.00177342 0.02064708
v -0.00308303 0.00167190 0.02040137
v -0.00307007 0.00143065 0.02000733
v -0.00306381 0.00130663 0.01985807
v -0.00305451 0.00111044 0.01966530
v -0.00303914 0.00073265 0.01939821
v -0.00302757 0.00035142 0.01922611
v -0.00307038 0.00227353 0.02347893
v -0.00307055 0.00058390 0.02347892
v -0.00307585 0.00098550 0.02323614
v -0.00307018 0.00394244 0.02347888
v -0.00307018 0.00393498 0.02347893
v -0.00309011 0.00165161 0.02243969
v -0.00307748 0.00108262 0.02315848
v -0.00308234 0.00133234 0.02291317
v -0.00308873 0.00160002 0.02253576
v -0.00307019 0.00394991 0.02347874
v -0.00562378 0.00185961 0.02182915
v -0.00564216 0.00088586 0.02330697
v -0.00561148 0.00082182 0.02334863
v -0.00562425 0.00084664 0.02333285
v -0.00563115 0.00086105 0.02332347
v -0.00540294 0.00060730 0.02346768
v -0.00552420 0.00069780 0.02342110
v -0.00530732 0.00058675 0.02347757
v -0.00569927 0.00112240 0.02312403
v -0.00569454 0.00123418 0.02301849
v -0.00565074 0.00151007 0.02268125
v -0.00562480 0.00170233 0.02233284
v -0.00563046 0.00165154 0.02243981
v -0.00562082 0.00183977 0.02192290
v 0.00151214 -0.00737187 -0.00041831
v 0.00144035 -0.00732426 -0.00041839
v 0.00129694 -0.00737171 -0.00075324
v 0.00158674 -0.00742123 -0.00041829
v 0.00152144 -0.00744544 -0.00061838
v 0.00136584 -0.00750029 -0.00091539
v 0.00108474 -0.00743716 -0.00103699
v 0.00111563 -0.00758091 -0.00121333
v 0.00080273 -0.00751417 -0.00126659
v 0.00079625 -0.00766899 -0.00144254
v 0.00074971 -0.00752740 -0.00129822
v 0.00042817 -0.00775301 -0.00159356
v 0.00046333 -0.00759275 -0.00142605
v 0.00011993 -0.00765631 -0.00149627
v 0.00004977 -0.00781910 -0.00165043
v 0.00000048 -0.00767463 -0.00150032
v -0.00034396 -0.00786681 -0.00161447
v -0.00095386 -0.00774942 -0.00115766
v -0.00104385 -0.00790000 -0.00127792
v -0.00074978 -0.00774378 -0.00129875
v -0.00070583 -0.00789209 -0.00149146
v -0.00069899 -0.00774154 -0.00132695
v -0.00037369 -0.00771882 -0.00145340
v 0.00368264 -0.00621825 -0.00070916
v 0.00372675 -0.00618210 -0.00041696
v 0.00270816 -0.00689047 -0.00041759
v 0.00320477 -0.00657632 -0.00194628
v 0.00333183 -0.00648683 -0.00172076
v 0.00354103 -0.00633064 -0.00123692
v 0.00366349 -0.00623378 -0.00080302
v 0.00227933 -0.00712054 -0.00297715
v 0.00179545 -0.00733927 -0.00329191
v 0.00151384 -0.00744817 -0.00343087
v 0.00240259 -0.00705805 -0.00287904
v 0.00266482 -0.00691538 -0.00263902
v 0.00304131 -0.00668579 -0.00219336
v 0.00127730 -0.00752977 -0.00352564
v 0.00134032 -0.00750889 -0.00350224
v 0.00018182 -0.00779815 -0.00374515
v 0.00073896 -0.00768352 -0.00367554
v -0.00037881 -0.00786991 -0.00373030
v 0.00013321 -0.00780608 -0.00374724
v -0.00147448 -0.00788798 -0.00344866
v -0.00108859 -0.00789990 -0.00358794
v -0.00092994 -0.00789904 -0.00363197
v -0.00226329 -0.00780121 -0.00263657
v -0.00246459 -0.00776539 -0.00282636
v -0.00219325 -0.00781235 -0.00304237
v -0.00164539 -0.00787633 -0.00200107
v -0.00198974 -0.00784089 -0.00317974
v 0.00144048 -0.00715859 -0.00041836
v -0.00095390 -0.00749827 -0.00115761
v -0.00115576 -0.00749126 -0.00095614
v -0.00129904 -0.00748314 -0.00075001
v -0.00150000 -0.00746719 -0.00000000
v -0.00146946 -0.00746989 -0.00030114
v -0.00134663 -0.00747986 -0.00066074
v -0.00129904 -0.00748308 0.00075001
v -0.00131411 -0.00748207 0.00072327
v -0.00144828 -0.00747169 0.00039050
v -0.00149992 -0.00746718 0.00001583
v -0.00053430 -0.00749518 0.00140161
v -0.00074998 -0.00749941 0.00129905
v -0.00087231 -0.00749924 0.00122027
v -0.00111918 -0.00749299 0.00099872
v -0.00019187 -0.00747535 0.00148768
v 0.00000026 -0.00745738 0.00150000
v 0.00085652 -0.00731496 0.00123142
v 0.00075009 -0.00733847 0.00129898
v 0.00055934 -0.00737641 0.00139181
v 0.00018427 -0.00743529 0.00148864
v 0.00149896 -0.00714043 -0.00005577
v 0.00150000 -0.00714012 0.00000004
v 0.00146755 -0.00715016 0.00031032
v 0.00134480 -0.00718825 0.00066445
v 0.00129893 -0.00720176 0.00075020
v 0.00113304 -0.00724741 0.00098297
v -0.00339866 -0.00703375 -0.00158482
v -0.00313230 -0.00712667 -0.00206184
v -0.00246465 -0.00731171 -0.00282631
v -0.00280722 -0.00722465 -0.00248637
v 0.00372675 -0.00598251 -0.00041696
v 0.00374982 -0.00596478 0.00003634
v 0.00370784 -0.00599664 0.00056076
v 0.00358865 -0.00608380 0.00108817
v -0.00425236 -0.00665644 0.00024596
v -0.00488587 -0.00628772 0.00160452
v -0.00548035 -0.00585905 0.00287938
v -0.00564428 -0.00560037 0.00323095
v -0.00607482 -0.00483820 0.00415423
v -0.00643617 -0.00406692 0.00492916
v 0.00344850 -0.00581055 0.00401345
v 0.00335214 -0.00610011 0.00333862
v 0.00347062 -0.00616722 0.00154002
v 0.00336348 -0.00623987 0.00220085
v 0.00333074 -0.00626095 0.00288472
v 0.00332335 -0.00469061 0.00596131
v 0.00309182 -0.00350000 0.00666884
v 0.00340492 -0.00531210 0.00559049
v 0.00348166 -0.00546455 0.00496735
v 0.00348608 -0.00564890 0.00441309
v -0.00027711 -0.00350000 0.00688159
v -0.00047238 -0.00350000 0.00673873
v 0.00245332 -0.00350000 0.00740687
v -0.00036972 -0.00350000 0.00764827
v -0.00048687 -0.00350000 0.00780645
v -0.00140712 -0.00350000 0.00894423
v -0.00186192 -0.00350000 0.00958389
v -0.00017905 -0.00350000 0.00707277
v -0.00017094 -0.00350000 0.00729169
v -0.00025579 -0.00350000 0.00749125
v 0.00280000 -0.00350000 0.00684738
v 0.00277567 -0.00350000 0.00688891
v 0.00261765 -0.00350000 0.00714957
v 0.00295656 -0.00350000 0.00673860
v 0.00282414 -0.00350000 0.00680578
v -0.00397371 0.00593427 0.00575580
v 0.00267026 0.00508395 0.00706086
v 0.00293651 0.00504705 0.00660092
v 0.00349042 0.00532293 0.00452856
v 0.00346539 0.00512391 0.00516566
v 0.00336627 0.00499176 0.00578163
v 0.00334727 0.00500721 0.00578181
v 0.00332819 0.00502261 0.00578198
v 0.00326860 0.00502139 0.00592466
v 0.00147978 0.00524136 0.00871850
v 0.00168946 0.00521322 0.00848180
v 0.00242965 0.00511983 0.00744042
v -0.00564501 0.00347888 0.00935037
v 0.00242849 -0.00350085 0.00744472
v -0.00208034 -0.00356881 0.00990821
v -0.00210248 -0.00358741 0.00994233
v 0.00221103 -0.00358787 0.00776669
v -0.00204347 -0.00354512 0.00985270
v -0.00198613 -0.00351993 0.00976701
v 0.00232775 -0.00352178 0.00759591
v 0.00238828 -0.00350581 0.00750551
v -0.00271991 -0.00430045 0.01105246
v -0.00283392 -0.00429723 0.01110638
v -0.00313093 -0.00461206 0.01160886
v 0.00075215 -0.00461213 0.00964993
v 0.00096144 -0.00445378 0.00936698
v 0.00118114 -0.00429940 0.00908323
v -0.00221135 -0.00368617 0.01010788
v -0.00231857 -0.00378627 0.01027410
v -0.00019093 -0.00378951 0.00920433
v 0.00195753 -0.00379275 0.00812407
v 0.00208547 -0.00369126 0.00794585
v -0.00320613 -0.00467221 0.01174530
v -0.00316909 -0.00464675 0.01167466
v -0.00320612 -0.00424001 0.01174529
v -0.00205170 -0.00344242 0.00986508
v -0.00224781 -0.00366473 0.01016413
v -0.00048687 -0.00309985 0.00780645
v -0.00073414 -0.00309992 0.00809087
v -0.00097492 -0.00309998 0.00838303
v -0.00142219 -0.00314307 0.00896463
v -0.00179542 -0.00327100 0.00948733
v -0.00037056 -0.00309982 0.00764943
v -0.00025579 -0.00309979 0.00749126
v -0.00614614 0.00232952 0.01228151
v -0.00611466 0.00226522 0.01238589
v -0.00587824 0.00279282 0.01220638
v -0.00581779 0.00081215 0.01299028
v -0.00650982 0.00038642 0.01275468
v -0.00651613 -0.00005147 0.01279774
v -0.00651342 -0.00022585 0.01280844
v -0.00626412 0.00088909 0.01284455
v -0.00644980 0.00091328 0.01269588
v -0.00644590 0.00107814 0.01264791
v -0.00630839 0.00178678 0.01247506
v -0.00610160 0.00151899 0.01277405
v -0.00586909 0.00212536 0.01267424
v -0.00550123 0.00334194 0.01205412
v -0.00577231 0.00317125 0.01171511
v -0.00583372 0.00305539 0.01186067
v -0.00597363 0.00276456 0.01206709
v -0.00420308 0.00344417 0.01235404
v -0.00444040 0.00344639 0.01239015
v -0.00445252 0.00310305 0.01247985
v -0.00483150 0.00300092 0.01255968
v -0.00459040 0.00281515 0.01255731
v -0.00556749 0.00269829 0.01254612
v -0.00520236 0.00322788 0.01239272
v -0.00477655 0.00363716 0.01226635
v -0.00534119 0.00079973 0.01290357
v -0.00502541 0.00177130 0.01276418
v -0.00544938 0.00197058 0.01282881
v -0.00495555 0.00192143 0.01273334
v -0.00516960 0.00250612 0.01270672
v -0.00470356 0.00237471 0.01262211
v -0.00461156 0.00275735 0.01256973
v -0.00566581 0.00140290 0.01292354
v -0.00535940 0.00071269 0.01291161
v -0.00017871 -0.00309977 0.00732634
v -0.00025609 -0.00309979 0.00690862
v -0.00017091 -0.00309976 0.00710897
v -0.00025659 0.00225000 0.00690763
v -0.00027711 0.00225000 0.00688159
v -0.00041712 0.00225000 0.00676572
v -0.00047238 0.00225000 0.00673874
v -0.00467355 -0.00470000 0.01401345
v -0.00338463 -0.00470000 0.01197453
v -0.00151961 -0.00470000 0.01345508
v -0.00110470 -0.00470000 0.01263738
v -0.00040666 -0.00470000 0.01140849
v 0.00032479 -0.00470000 0.01026206
v 0.00049061 -0.00470000 0.01001948
v -0.00167696 -0.00470000 0.01379221
v -0.00340373 -0.00470000 0.01199233
v -0.00050531 0.00238470 0.00669922
v -0.00039137 0.00237539 0.00675166
v -0.00041062 0.00231224 0.00676237
v -0.00043539 0.00250000 0.00665135
v -0.00035282 0.00250000 0.00668548
v -0.00035984 0.00243943 0.00673266
v -0.00026719 0.00250000 0.00674886
v -0.00017273 0.00250000 0.00688713
v -0.00025202 0.00232074 0.00690242
v -0.00029196 0.00237743 0.00682857
v -0.00023832 0.00238887 0.00688709
v -0.00020862 0.00244419 0.00688711
v -0.00052780 0.00231765 0.00671265
v 0.00299979 0.00250000 0.00688905
v -0.00644725 -0.00077043 0.01830922
v -0.00643346 -0.00093592 0.01837527
v -0.00638293 -0.00133610 0.01860372
v -0.00603645 -0.00209070 0.02143913
v -0.00603718 -0.00223937 0.02100782
v -0.00605855 -0.00229779 0.02060497
v -0.00606226 -0.00229994 0.02055776
v -0.00610427 -0.00227764 0.02014760
v -0.00616826 -0.00216536 0.01969776
v -0.00618269 -0.00213162 0.01960982
v -0.00624231 -0.00196363 0.01927700
v -0.00631673 -0.00168283 0.01890748
v -0.00633675 -0.00159030 0.01881391
v 0.00299979 0.00312463 0.00688905
v 0.00316740 0.00383909 0.00646859
v -0.00663051 -0.00008783 0.02312196
v -0.00663189 -0.00006490 0.02311763
v -0.00663753 -0.00014090 0.02313073
v -0.00642007 -0.00150592 0.02276476
v -0.00645942 -0.00131653 0.02289960
v -0.00649463 -0.00135142 0.02287000
v -0.00658758 -0.00093018 0.02306783
v -0.00276770 0.00102519 0.01450059
v -0.00236959 0.00250000 0.01450955
v -0.00218607 0.00250000 0.01465437
v -0.00225301 0.00102498 0.01458583
v -0.00217037 0.00102496 0.01467684
v -0.00259242 0.00102510 0.01446444
v -0.00241157 0.00102503 0.01449323
v -0.00259890 0.00250000 0.01446398
v -0.00209998 0.00250000 0.01482025
v -0.00210066 0.00121915 0.01482156
v -0.00210090 -0.00010028 0.01482260
v -0.00210005 0.00310001 0.01482002
v -0.00367218 -0.00405985 0.01216685
v -0.00413508 -0.00371504 0.01237119
v -0.00472140 -0.00230099 0.01262998
v -0.00472258 0.00209901 0.01263051
v -0.00459756 -0.00299319 0.01257532
v -0.00337914 -0.00418896 0.01196923
v -0.00340431 -0.00417987 0.01199286
v -0.00321965 -0.00467921 0.01176841
v -0.00360706 -0.00409337 0.01213525
v -0.00249042 -0.00292026 0.01617817
v -0.00305376 -0.00493675 0.01966539
v -0.00303552 -0.00498337 0.01935498
v -0.00291571 -0.00516640 0.01813200
v -0.00286227 -0.00521844 0.01777239
v -0.00273780 -0.00530884 0.01711677
v -0.00248738 -0.00542209 0.01617277
v -0.00307031 -0.00394572 0.02347891
v -0.00307031 -0.00395083 0.02347887
v -0.00307372 -0.00413065 0.02332300
v -0.00309220 -0.00475889 0.02087973
v -0.00308826 -0.00454005 0.02254529
v -0.00308445 -0.00446202 0.02277917
v -0.00308149 -0.00439230 0.02294177
v -0.00307560 -0.00420826 0.02323491
v -0.00307031 -0.00394208 0.02347893
v 0.00062303 -0.00467938 0.00983026
v -0.00711078 -0.00201275 0.01554109
v -0.00726313 0.00020482 0.01503078
v -0.00719588 0.00056348 0.01556603
v -0.00724223 -0.00074764 0.01560557
v -0.00710013 0.00131305 0.01515910
v -0.00707739 0.00134571 0.01545872
v -0.00726943 -0.00097394 0.01502803
v -0.00728658 -0.00057242 0.01501310
v -0.00710160 -0.00217321 0.01516822
v -0.00712846 -0.00204235 0.01514597
v -0.00711692 -0.00218862 0.01509695
v -0.00709885 0.00133418 0.01513672
v -0.00721899 0.00139288 0.01498782
v -0.00724193 0.00162221 0.01501343
v -0.00709702 0.00211768 0.01511766
v -0.00739109 0.00022460 0.01485695
v -0.00739758 -0.00099185 0.01485459
v -0.00747136 -0.00099760 0.01484206
v -0.00701442 -0.00312936 0.01517545
v -0.00722579 -0.00222942 0.01499340
v -0.00725070 -0.00233953 0.01500200
v -0.00740903 -0.00154110 0.01488699
v -0.00716269 -0.00220952 0.01503142
v -0.00715487 -0.00220656 0.01503906
v -0.00733437 -0.00098557 0.01489307
v -0.00732644 -0.00098463 0.01490068
v -0.00732783 0.00021754 0.01489552
v -0.00714803 0.00136965 0.01503373
v -0.00711020 0.00135163 0.01509195
v -0.00728076 0.00021021 0.01496050
v -0.00715585 0.00137264 0.01502605
v -0.00731991 0.00021650 0.01490314
v -0.00728723 -0.00097893 0.01495791
v -0.00700488 0.00192502 0.01514156
v -0.00707902 0.00149328 0.01511368
v -0.00618992 -0.00503435 0.01560003
v -0.00620221 -0.00496488 0.01555940
v -0.00613707 -0.00505586 0.01567063
v -0.00764183 -0.00039946 0.01385312
v -0.00760779 -0.00039934 0.01387863
v -0.00758055 -0.00112555 0.01388236
v -0.00592178 -0.00517706 0.01621824
v -0.00595438 -0.00514987 0.01606233
v -0.00609987 -0.00494471 0.01583779
v -0.00617377 -0.00484923 0.01564279
v -0.00618833 -0.00481707 0.01567904
v -0.00635597 -0.00455556 0.01539643
v -0.00647123 -0.00437046 0.01515100
v -0.00662772 -0.00406994 0.01494808
v -0.00674995 -0.00383796 0.01470791
v -0.00687949 -0.00354416 0.01456128
v -0.00635444 -0.00498454 0.01545460
v -0.00661173 -0.00455590 0.01503224
v -0.00626024 -0.00500911 0.01552354
v -0.00657144 -0.00453184 0.01503358
v -0.00650708 -0.00447021 0.01506181
v -0.00601291 -0.00511466 0.01589632
v -0.00617216 -0.00488614 0.01560997
v -0.00647330 -0.00440233 0.01511654
v -0.00675479 -0.00386567 0.01467312
v -0.00702116 -0.00325668 0.01430780
v -0.00707651 -0.00305189 0.01430983
v -0.00725137 -0.00257927 0.01408234
v -0.00723942 -0.00255197 0.01415557
v -0.00742826 -0.00185807 0.01397466
v -0.00739924 -0.00190000 0.01405567
v -0.00685555 -0.00397761 0.01458558
v -0.00689481 -0.00399887 0.01458203
v -0.00716109 -0.00335776 0.01420465
v -0.00679140 -0.00392421 0.01461685
v -0.00706086 -0.00329915 0.01424787
v -0.00767053 -0.00039958 0.01383904
v -0.00764310 -0.00113030 0.01384186
v -0.00753402 -0.00188450 0.01387394
v -0.00735563 -0.00263228 0.01398171
v -0.00712374 -0.00334011 0.01421143
v -0.00729341 -0.00260527 0.01402129
v -0.00747179 -0.00187036 0.01391450
v -0.00757370 -0.00039929 0.01392025
v -0.00754775 -0.00039939 0.01401351
v -0.00753627 -0.00112219 0.01394161
v -0.00752788 -0.00099766 0.01401158
v -0.00742980 -0.00175109 0.01403912
v -0.00522547 0.00465122 0.02006841
v -0.00511469 0.00484376 0.01960027
v -0.00500116 0.00503245 0.01909398
v -0.00501786 0.00506660 0.01917035
v -0.00504602 0.00509715 0.01929731
v -0.00733251 0.00010489 0.02456538
v -0.00729351 0.00067374 0.02452397
v -0.00719423 0.00127496 0.02441640
v -0.00703265 0.00189844 0.02423354
v -0.00686221 0.00240511 0.02402756
v -0.00681469 0.00253109 0.02396722
v -0.00655079 0.00316220 0.02360110
v -0.00631293 0.00366640 0.02320823
v -0.00583231 0.00460829 0.02214020
v -0.00607167 0.00414433 0.02272596
v -0.00624817 0.00379664 0.02308805
v -0.00710562 0.00191546 0.01620918
v -0.00687391 -0.00216647 0.02111334
v -0.00545015 -0.00528693 0.01946494
v -0.00546434 -0.00529048 0.01937737
v -0.00568292 -0.00505289 0.01942522
v -0.00565467 -0.00530675 0.01819825
v -0.00567560 -0.00530520 0.01805847
v -0.00603519 -0.00484045 0.01817423
v -0.00568183 -0.00530457 0.01801616
v -0.00582477 -0.00525987 0.01693508
v -0.00596022 -0.00509001 0.01691340
v -0.00624022 -0.00473428 0.01585739
v -0.00660181 0.00331366 0.01527660
v -0.00687499 0.00264875 0.01609120
v -0.00665272 0.00322341 0.01490021
v -0.00684137 0.00282528 0.01491024
v -0.00702517 0.00241328 0.01438274
v -0.00729779 0.00157265 0.01411770
v -0.00747028 0.00071576 0.01402858
v -0.00750474 0.00042967 0.01401889
v -0.00659776 -0.00408473 0.01600029
v -0.00573369 -0.00450031 0.02159335
v -0.00551065 -0.00489499 0.02100937
v -0.00565634 -0.00475991 0.02089589
v -0.00531839 -0.00521456 0.02041546
v -0.00595372 -0.00408043 0.02207228
v -0.00599359 -0.00430939 0.02094023
v -0.00601963 -0.00394713 0.02219953
v -0.00652696 -0.00329140 0.02103257
v -0.00616529 -0.00363658 0.02245801
v -0.00658734 -0.00252271 0.02306847
v -0.00639361 -0.00308783 0.02280958
v -0.00672780 -0.00199877 0.02324192
v -0.00675912 -0.00185754 0.02327926
v -0.00686733 -0.00120436 0.02340429
v -0.00689364 -0.00094145 0.02343358
v -0.00691408 -0.00055446 0.02345568
v -0.00652117 0.00249711 0.02101266
v -0.00637624 0.00233366 0.02277376
v -0.00657373 0.00177682 0.02304148
v -0.00674139 0.00115395 0.02324908
v -0.00685241 0.00054003 0.02337823
v -0.00689871 0.00009843 0.02343039
v -0.00689823 0.00009843 0.02343735
v -0.00597052 0.00337907 0.02137737
v -0.00593398 0.00328401 0.02201780
v -0.00615997 0.00283372 0.02243635
v -0.00629561 0.00366054 0.01767391
v -0.00619979 0.00367549 0.01847098
v -0.00633538 0.00349922 0.01826337
v -0.00609507 0.00359548 0.01961746
v -0.00646340 0.00350857 0.01646176
v -0.00662185 0.00312933 0.01715521
v -0.00648228 0.00348540 0.01631299
v -0.00657067 0.00334254 0.01595748
v -0.00701916 -0.00239992 0.01864332
v -0.00720241 -0.00105690 0.01876981
v -0.00722743 -0.00039038 0.01878273
v -0.00702841 0.00162915 0.01861231
v -0.00720934 0.00028102 0.01875691
v -0.00714433 0.00095787 0.01869788
v -0.00685759 0.00228383 0.01850691
v -0.00726575 0.00115723 0.01630435
v -0.00735510 -0.00113436 0.01638386
v -0.00726226 -0.00189773 0.01633002
v -0.00710657 -0.00265293 0.01624353
v -0.00663793 -0.00368880 0.01842706
v -0.00685483 -0.00305630 0.01854307
v -0.00604001 -0.00457667 0.01951746
v -0.00636539 -0.00428710 0.01830194
v -0.00626401 0.00301973 0.02096350
v -0.00662787 0.00291088 0.01838837
v -0.00643393 0.00354246 0.01668653
v -0.00663841 -0.00388860 0.01719667
v -0.00633108 -0.00451564 0.01705682
v -0.00586914 -0.00522769 0.01658853
v -0.00646078 0.00382256 0.01515790
v -0.00643141 0.00378846 0.01517503
v -0.00688850 0.00292828 0.01448431
v -0.00652983 0.00351355 0.01502123
v -0.00685159 0.00287418 0.01454310
v -0.00507815 0.00502392 0.01879408
v -0.00526176 0.00504572 0.01827536
v -0.00531514 0.00507371 0.01828866
v -0.00563534 0.00496679 0.01713316
v -0.00581775 0.00483474 0.01655795
v -0.00603540 0.00460462 0.01601012
v -0.00628764 0.00426572 0.01554274
v -0.00653841 0.00387790 0.01514963
v -0.00695345 0.00297824 0.01445207
v -0.00716085 0.00246656 0.01418125
v -0.00759553 0.00073980 0.01385431
v -0.00749032 0.00133011 0.01389818
v -0.00734279 0.00191230 0.01399794
v -0.00753233 0.00072952 0.01389448
v -0.00748850 0.00072110 0.01395547
v -0.00595131 0.00453995 0.01600448
v -0.00609632 0.00430651 0.01570511
v -0.00620857 0.00420500 0.01554583
v -0.00631105 0.00395249 0.01535338
v -0.00537676 0.00496836 0.01769118
v -0.00521881 0.00500242 0.01826559
v -0.00535909 0.00496450 0.01773491
v -0.00554210 0.00489919 0.01711624
v -0.00558891 0.00485559 0.01693793
v -0.00572799 0.00476854 0.01654547
v -0.00574725 0.00473172 0.01646791
v -0.00591060 0.00455731 0.01606691
v -0.00723805 0.00185576 0.01409879
v -0.00705748 0.00238594 0.01427846
v -0.00727959 0.00188361 0.01403681
v -0.00709696 0.00242692 0.01421745
v -0.00649718 0.00385295 0.01514928
v -0.00624541 0.00423864 0.01553967
v -0.00599005 0.00457697 0.01600307
v -0.00576887 0.00480770 0.01654845
v -0.00558420 0.00493987 0.01712225
v 0.00495010 -0.00481930 -0.00020348
v 0.00495662 -0.00481167 -0.00041622
v 0.00419549 -0.00559735 -0.00041668
v 0.00419350 -0.00559735 0.00288524
v 0.00494824 -0.00481930 0.00288569
v 0.00494751 0.00482252 -0.00020348
v 0.00572388 0.00453977 0.00165546
v 0.00494565 0.00482252 0.00288569
v 0.00649545 0.00425873 0.00372102
v 0.00435292 0.00503783 0.00398374
v 0.00505761 0.00478147 0.00440989
v 0.00378292 0.00524492 0.00488252
v 0.00364162 0.00520868 0.00532832
v 0.00363213 0.00525762 0.00521176
v 0.00513883 0.00471289 0.00465784
v 0.00368085 0.00527192 0.00505423
v 0.00564162 0.00398451 0.00503382
v 0.00518603 0.00417017 0.00522912
v 0.00520543 0.00439583 0.00508275
v 0.00420263 0.00456888 0.00559097
v 0.00390864 0.00488709 0.00554902
v 0.00371693 0.00510189 0.00544489
v 0.00518945 0.00458139 0.00488777
v 0.00659848 0.00417722 0.00397544
v 0.00663857 0.00410570 0.00410219
v 0.00666527 0.00402588 0.00420904
v 0.00668986 0.00381625 0.00440237
v 0.00667081 0.00356603 0.00454028
v 0.00280000 -0.00343935 0.00684735
v 0.00277564 -0.00337876 0.00688892
v 0.00337497 -0.00260192 0.00688928
v 0.00336581 0.00516800 0.00568643
v 0.00340182 0.00531468 0.00559049
v 0.00337345 0.00260449 0.00688928
v 0.00384704 -0.00161393 0.00688956
v 0.00564418 -0.00398074 0.00503364
v 0.00518819 -0.00416685 0.00522916
v 0.00420509 -0.00456606 0.00559097
v 0.00370931 -0.00505627 0.00559068
v 0.00384610 0.00161677 0.00688957
v 0.00667272 -0.00356188 0.00454027
v 0.00702023 -0.00271535 0.00454049
v 0.00711717 -0.00241820 0.00454055
v 0.00408890 -0.00054600 0.00688971
v 0.00738768 -0.00122137 0.00454071
v 0.00738702 0.00122590 0.00454070
v 0.00742661 0.00092357 0.00454073
v 0.00408858 0.00054898 0.00688971
v 0.00747829 0.00000229 0.00454076
v 0.00742715 -0.00091864 0.00454074
v 0.00711587 0.00242258 0.00454055
v 0.00701865 0.00272004 0.00454048
v 0.00299800 0.00531581 0.00648733
v 0.00327779 0.00530504 0.00590324
v 0.00168939 0.00545846 0.00848180
v 0.00245819 0.00538135 0.00739576
v 0.00267010 0.00535314 0.00706079
v 0.00294146 0.00532090 0.00659257
v 0.00390181 -0.00489431 0.00554641
v 0.00369186 -0.00526851 0.00503726
v 0.00363505 -0.00525535 0.00521156
v 0.00514128 -0.00470959 0.00465787
v 0.00364468 -0.00520573 0.00532933
v 0.00519183 -0.00457807 0.00488780
v 0.00649773 -0.00425467 0.00372102
v 0.00506010 -0.00477821 0.00440992
v 0.00378573 -0.00524233 0.00488252
v 0.00373354 -0.00508265 0.00545721
v 0.00520772 -0.00439250 0.00508278
v 0.00660073 -0.00417311 0.00397545
v 0.00666743 -0.00402174 0.00420903
v 0.00669191 -0.00381209 0.00440237
v 0.00572632 -0.00453613 0.00165547
v 0.00435562 -0.00503493 0.00398373
v -0.00668620 0.00362106 0.00507674
v -0.00668426 -0.00362409 0.00507674
v -0.00669472 0.00360717 0.00507673
v -0.00719535 -0.00261876 0.00507643
v -0.00762874 -0.00106142 0.00507617
v -0.00768851 0.00055399 0.00507613
v -0.00737139 0.00213910 0.00507632
v -0.00669193 0.00360546 0.00508900
v -0.00694065 0.00283850 0.00562199
v -0.00712972 0.00206024 0.00602724
v -0.00701845 -0.00254615 0.00579167
v -0.00718217 -0.00178062 0.00614176
v -0.00725572 0.00129487 0.00629747
v -0.00728772 -0.00100829 0.00636731
v -0.00732402 0.00052461 0.00644415
v -0.00733447 -0.00024230 0.00646698
v 0.00601437 -0.00435954 0.00151710
v 0.00518632 -0.00467025 -0.00041605
v 0.00541468 -0.00443339 -0.00041595
v 0.00621935 -0.00408231 0.00139695
v 0.00681545 -0.00405163 0.00358054
v 0.00702754 -0.00373071 0.00346252
v -0.00046092 -0.00752304 -0.00041950
v -0.00046093 -0.00749243 -0.00041951
v 0.00001315 -0.00745611 -0.00041922
v 0.00117080 -0.00746946 -0.00041852
v 0.00192585 -0.00738583 -0.00041806
v 0.00462448 -0.00643841 -0.00041642
v 0.00427711 -0.00671555 -0.00041664
v 0.00370012 -0.00700717 -0.00041698
v 0.00267442 -0.00725959 -0.00041760
v -0.00046495 0.00749274 -0.00041950
v -0.00046496 0.00752335 -0.00041950
v 0.00032828 0.00741526 -0.00041903
v 0.00068921 0.00750258 -0.00041881
v 0.00202005 0.00695116 -0.00041799
v 0.00221521 0.00734352 -0.00041789
v 0.00369635 0.00700972 -0.00041699
v 0.00355774 0.00610675 -0.00041707
v 0.00387371 0.00694663 -0.00041688
v 0.00404365 0.00686552 -0.00041678
v 0.00404734 -0.00686279 -0.00041677
v 0.00387744 -0.00694399 -0.00041687
v 0.00520513 0.00465661 -0.00041602
v 0.00495403 0.00481490 -0.00041623
v 0.00549608 0.00558976 -0.00041589
v 0.00485720 0.00492823 -0.00041629
v 0.00462102 0.00644146 -0.00041642
v 0.00427350 0.00671841 -0.00041663
v 0.00541230 0.00443687 -0.00041594
v 0.00623869 0.00462041 -0.00041544
v 0.00592444 0.00361440 -0.00041563
v 0.00683321 0.00355380 -0.00041509
v 0.00650245 0.00222715 -0.00041528
v 0.00726714 0.00241239 -0.00041483
v 0.00679738 0.00075353 -0.00041511
v 0.00753134 0.00122020 -0.00041466
v 0.00679778 -0.00074932 -0.00041512
v 0.00549908 -0.00558625 -0.00041589
v 0.00624117 -0.00461649 -0.00041545
v 0.00683512 -0.00354957 -0.00041509
v 0.00592639 -0.00361065 -0.00041564
v 0.00726844 -0.00240792 -0.00041482
v 0.00650365 -0.00222310 -0.00041528
v 0.00753200 -0.00121559 -0.00041467
v 0.00762025 0.00000233 -0.00041461
v 0.00621716 0.00408622 0.00139694
v 0.00681327 0.00405585 0.00358055
v 0.00601203 0.00436334 0.00151710
v 0.00702554 0.00373505 0.00346252
v 0.00673554 0.00410218 0.00393984
v 0.00677538 0.00410219 0.00372038
v 0.00699454 0.00386019 0.00372022
v 0.00704651 0.00374518 0.00386628
v 0.00694066 0.00386018 0.00401700
v 0.00692145 0.00368559 0.00424625
v 0.00678552 0.00386013 0.00427568
v 0.00779871 0.00128749 0.00386674
v 0.00751394 0.00254429 0.00386657
v 0.00749170 0.00253741 0.00346280
v 0.00738278 -0.00249928 0.00424653
v 0.00766236 -0.00126232 0.00424669
v 0.00775601 0.00000236 0.00424676
v 0.00766168 0.00126700 0.00424669
v 0.00738144 0.00250381 0.00424653
v 0.00789456 0.00000240 0.00386679
v 0.00779940 -0.00128274 0.00386674
v 0.00692343 -0.00368131 0.00424625
v 0.00751530 -0.00253969 0.00386657
v 0.00704853 -0.00374083 0.00386629
v 0.00749306 -0.00253282 0.00346280
v 0.00777638 -0.00127926 0.00346298
v 0.00777569 0.00128401 0.00346297
v 0.00782892 0.00085611 0.00346301
v 0.00787129 0.00000240 0.00346304
v 0.00782938 -0.00085134 0.00346300
v 0.00199209 -0.00309918 0.00688844
v -0.00023685 -0.00309978 0.00688710
v 0.00277558 -0.00315204 0.00688891
v -0.00174059 -0.00430019 0.01392599
v -0.00187269 -0.00430022 0.01423402
v -0.00187330 -0.00010022 0.01423426
v -0.00132440 -0.00184381 0.01305180
v -0.00132418 -0.00430007 0.01305198
v -0.00146535 -0.00430012 0.01333533
v -0.00160449 -0.00430016 0.01362666
v -0.00199219 -0.00010025 0.01453067
v 0.00673774 -0.00409800 0.00393984
v 0.00699661 -0.00385587 0.00372021
v 0.00677759 -0.00409799 0.00372038
v 0.00694273 -0.00385588 0.00401701
v 0.00678759 -0.00385592 0.00427568
v 0.00390101 0.00770476 -0.00010510
v 0.00388509 0.00765063 -0.00015926
v 0.00232082 0.00800045 -0.00016307
v 0.00074112 0.00848580 0.00040766
v -0.00007420 0.00848844 0.00030927
v 0.00006743 0.00852137 0.00061710
v 0.00072437 0.00816510 -0.00016556
v -0.00032428 0.00818110 -0.00017362
v -0.00019810 0.00837957 0.00006090
v -0.00041587 0.00793739 -0.00033402
v 0.00070784 0.00785278 -0.00035320
v -0.00046099 0.00766763 -0.00041040
v 0.00379628 0.00734891 -0.00035013
v 0.00227108 0.00769091 -0.00035183
v 0.00235205 0.00819526 0.00007576
v 0.00073473 0.00836210 0.00007201
v 0.00394067 0.00783969 0.00008201
v 0.00237141 0.00831671 0.00041293
v 0.00397473 0.00795596 0.00042203
v 0.00396092 0.00790873 0.00023589
v 0.00074179 0.00850070 0.00061798
v 0.00160344 0.00843343 0.00062048
v 0.00237353 0.00833052 0.00062397
v 0.00342162 0.00811798 0.00063035
v 0.00397805 0.00796766 0.00063443
v 0.00425776 0.00786889 0.00054423
v 0.00421010 0.00717472 -0.00035153
v 0.00422432 0.00778814 0.00017344
v 0.00446084 0.00764090 0.00011028
v 0.00451301 0.00773817 0.00045052
v 0.00435554 0.00744504 -0.00016891
v 0.00444833 0.00695012 -0.00037347
v 0.00464007 0.00720434 -0.00020976
v 0.00478474 0.00739626 0.00005561
v 0.00485489 0.00748943 0.00032490
v 0.00480784 0.00666362 -0.00037325
v 0.00571308 0.00578255 -0.00037270
v 0.00648130 0.00477976 -0.00037224
v 0.00709633 0.00367637 -0.00037187
v 0.00754522 0.00249559 -0.00037160
v 0.00781854 0.00126228 -0.00037143
v 0.00791051 0.00000241 -0.00037137
v 0.00781921 -0.00125752 -0.00037144
v 0.00754656 -0.00249097 -0.00037160
v 0.00709830 -0.00367199 -0.00037187
v 0.00648387 -0.00477571 -0.00037223
v 0.00571619 -0.00577891 -0.00037271
v 0.00481142 -0.00666047 -0.00037325
v 0.00445206 -0.00694717 -0.00037347
v 0.00464394 -0.00720128 -0.00020977
v 0.00478872 -0.00739313 0.00005561
v 0.00501644 -0.00690410 -0.00020954
v 0.00664775 -0.00571051 0.00032598
v 0.00622113 -0.00622735 0.00032572
v 0.00613398 -0.00614988 0.00005642
v 0.00524615 -0.00717732 0.00032513
v 0.00517114 -0.00708803 0.00005583
v 0.00485892 -0.00748626 0.00032490
v 0.00704838 -0.00514631 0.00032622
v 0.00695094 -0.00508228 0.00005691
v 0.00757976 -0.00422665 0.00032654
v 0.00760482 -0.00390771 0.00005730
v 0.00771050 -0.00395693 0.00032662
v 0.00808186 -0.00265088 0.00005759
v 0.00819354 -0.00268427 0.00032691
v 0.00837201 -0.00133824 0.00005777
v 0.00848735 -0.00135510 0.00032709
v 0.00757749 0.00423129 0.00032654
v 0.00770837 0.00396164 0.00032662
v 0.00760272 0.00391235 0.00005731
v 0.00819210 0.00268924 0.00032692
v 0.00808043 0.00265578 0.00005759
v 0.00848662 0.00136023 0.00032709
v 0.00837129 0.00134331 0.00005778
v 0.00854450 0.00087872 0.00032713
v 0.00846917 0.00000256 0.00005784
v 0.00858573 0.00000259 0.00032715
v 0.00854497 -0.00087356 0.00032713
v 0.00704561 0.00515065 0.00032622
v 0.00694821 0.00508658 0.00005691
v 0.00664468 0.00571464 0.00032597
v 0.00613068 0.00615374 0.00005642
v 0.00621778 0.00623126 0.00032572
v 0.00516733 0.00709137 0.00005584
v 0.00524230 0.00718070 0.00032513
v 0.00595430 -0.00599030 -0.00020898
v 0.00675006 -0.00495040 -0.00020850
v 0.00738697 -0.00380630 -0.00020811
v 0.00785163 -0.00258209 -0.00020782
v 0.00813425 -0.00130352 -0.00020766
v 0.00822889 0.00000249 -0.00020759
v 0.00813355 0.00130845 -0.00020765
v 0.00785024 0.00258687 -0.00020783
v 0.00738492 0.00381083 -0.00020811
v 0.00674740 0.00495459 -0.00020849
v 0.00595108 0.00599406 -0.00020897
v 0.00501273 0.00690735 -0.00020955
v 0.00421396 -0.00717190 -0.00035154
v 0.00435954 -0.00744213 -0.00016891
v 0.00446495 -0.00763794 0.00011028
v 0.00451717 -0.00773518 0.00045052
v 0.00397903 -0.00795336 0.00042261
v 0.00396517 -0.00790603 0.00023590
v 0.00422850 -0.00778530 0.00017343
v 0.00394494 -0.00783723 0.00008241
v 0.00426199 -0.00786603 0.00054422
v 0.00398233 -0.00796496 0.00063443
v 0.00390515 -0.00770210 -0.00010510
v 0.00388917 -0.00764787 -0.00015935
v 0.00380021 -0.00734624 -0.00035017
v 0.00274252 -0.00760509 -0.00035138
v -0.00045729 -0.00765347 -0.00041047
v 0.00119944 -0.00781905 -0.00035287
v -0.00040998 -0.00793300 -0.00032915
v 0.00122491 -0.00813080 -0.00016512
v -0.00031932 -0.00817974 -0.00017179
v 0.00124093 -0.00832776 0.00007314
v -0.00020552 -0.00836226 0.00003739
v 0.00125083 -0.00845093 0.00040920
v -0.00007302 -0.00848239 0.00030243
v 0.00125190 -0.00846556 0.00061906
v 0.00007201 -0.00852077 0.00061710
v 0.00280314 -0.00791282 -0.00016216
v 0.00284125 -0.00810665 0.00007779
v 0.00286473 -0.00822673 0.00041585
v 0.00286723 -0.00823992 0.00062666
v 0.00160825 -0.00843164 0.00062030
v 0.00197687 -0.00464190 0.02046295
v 0.00250082 -0.00500321 0.01935077
v 0.00329356 -0.00399602 0.01946907
v 0.00088417 -0.00223304 0.02302982
v 0.00073834 -0.00248148 0.02303468
v 0.00138806 -0.00293391 0.02234814
v 0.00041516 -0.00302451 0.02302588
v 0.00817363 -0.00089454 0.01151635
v 0.00823914 0.00000250 0.01152955
v 0.00746337 0.00000229 0.01398303
v -0.00119794 -0.00593796 0.02135336
v -0.00117495 -0.00607975 0.02102212
v -0.00048159 -0.00586909 0.02113383
v -0.00116840 -0.00612570 0.02090837
v -0.00113340 -0.00643546 0.02006348
v -0.00029602 -0.00626310 0.02017865
v 0.00938987 -0.00187805 0.00534681
v 0.00953814 -0.00151839 0.00497861
v 0.00964561 -0.00077326 0.00506411
v 0.00914904 -0.00290687 0.00468405
v 0.00909668 -0.00278625 0.00529031
v 0.00876477 -0.00183385 0.00851141
v 0.00556261 -0.00698547 0.00455466
v 0.00603074 -0.00695765 0.00243206
v 0.00696789 -0.00621751 0.00315998
v 0.00394225 -0.00773238 0.00417158
v 0.00417898 -0.00789435 0.00082410
v 0.00509952 -0.00749920 0.00163996
v 0.00309359 -0.00799382 0.00395228
v -0.00006999 -0.00853290 0.00030511
v 0.00000138 -0.00852704 0.00046117
v -0.00025324 -0.00841872 0.00300308
v 0.00069443 -0.00793371 0.00962910
v -0.00039997 -0.00831640 0.00482009
v 0.00102818 -0.00814704 0.00656752
v 0.00136899 -0.00832084 0.00345443
v -0.00101642 -0.00744571 0.01533302
v -0.00098299 -0.00756760 0.01432558
v 0.00026688 -0.00748155 0.01463579
v -0.00091579 -0.00774169 0.01259412
v 0.00040225 -0.00766204 0.01296111
v -0.00090583 -0.00776233 0.01236345
v -0.00071774 -0.00803523 0.00886388
v -0.00013936 -0.00664023 0.01904136
v -0.00109701 -0.00687035 0.01854532
v 0.00000042 -0.00697771 0.01772572
v -0.00107415 -0.00710601 0.01746970
v -0.00104174 -0.00732532 0.01619048
v -0.00112690 -0.00650705 0.01984417
v -0.00112236 -0.00655964 0.01967633
v -0.00110424 -0.00678251 0.01889228
v -0.00123366 -0.00575980 0.02172108
v 0.00729611 -0.00346595 0.01133242
v 0.00637613 -0.00332512 0.01429795
v 0.00682162 -0.00424321 0.01122893
v 0.00592885 -0.00407234 0.01419941
v 0.00627864 -0.00496054 0.01110731
v 0.00542259 -0.00476309 0.01408906
v 0.00568068 -0.00560596 0.01096932
v 0.00487205 -0.00538605 0.01397063
v 0.00504072 -0.00616855 0.01081665
v 0.00807046 -0.00357056 0.00836952
v 0.00758624 -0.00437024 0.00826693
v 0.00702605 -0.00510747 0.00814486
v 0.00640147 -0.00576975 0.00800452
v 0.00572385 -0.00634576 0.00784705
v 0.00631446 -0.00648871 0.00471997
v 0.00701419 -0.00590229 0.00486880
v 0.00765194 -0.00522665 0.00500128
v 0.00821805 -0.00447347 0.00511644
v 0.00957277 -0.00094404 0.00538152
v 0.00895171 -0.00092180 0.00854829
v 0.00968326 0.00000288 0.00509488
v 0.00938500 0.00000280 0.00681314
v 0.00901643 0.00000270 0.00856086
v 0.00853960 0.00000258 0.01045940
v 0.00134200 -0.00144281 0.02296702
v 0.00192415 -0.00196135 0.02235221
v 0.00260426 -0.00228576 0.02157663
v 0.00345417 -0.00556611 0.01677109
v 0.00388548 -0.00576906 0.01533782
v 0.00429118 -0.00593091 0.01384751
v 0.00388470 -0.00425211 0.01826045
v 0.00299349 -0.00531279 0.01811708
v 0.00395476 -0.00504922 0.01685526
v 0.00466375 -0.00296117 0.01841586
v 0.00179954 -0.00064061 0.02280820
v 0.00237902 -0.00096370 0.02228156
v 0.00304977 -0.00115570 0.02158238
v 0.00376527 -0.00130333 0.02071978
v 0.00215638 0.00000086 0.02257857
v 0.00197265 -0.00033262 0.02271054
v 0.00266351 0.00000100 0.02214953
v 0.00254565 -0.00047754 0.02222376
v 0.00315375 0.00000113 0.02165770
v 0.00318905 -0.00057839 0.02157040
v 0.00438797 0.00000146 0.02016840
v 0.00521797 -0.00151764 0.01853810
v 0.00450111 -0.00142209 0.01969881
v 0.00427957 -0.00211278 0.01965493
v 0.00330038 -0.00255474 0.02065680
v 0.00203479 -0.00333729 0.02152132
v 0.00084192 -0.00379138 0.02229857
v -0.00021781 -0.00403951 0.02292924
v 0.00768861 -0.00264076 0.01141600
v 0.00703476 -0.00170654 0.01444476
v 0.00674969 -0.00253276 0.01438096
v 0.00621125 -0.00245937 0.01582125
v 0.00585351 -0.00322945 0.01574068
v 0.00528400 -0.00310989 0.01712200
v 0.00488392 -0.00381115 0.01703596
v 0.00390122 -0.00065417 0.02073337
v 0.00464500 -0.00071448 0.01972729
v 0.00549901 0.00000176 0.01846630
v 0.00537394 -0.00076268 0.01857412
v 0.00654942 0.00000204 0.01634837
v 0.00443593 -0.00446107 0.01694519
v 0.00562144 -0.00236768 0.01719776
v 0.00648542 -0.00165688 0.01588439
v -0.00080177 -0.00487676 0.02266587
v -0.00094582 -0.00505928 0.02256457
v -0.00019381 -0.00505057 0.02209068
v 0.00033835 -0.00649651 0.01910629
v 0.00011504 -0.00610681 0.02023779
v 0.00588121 -0.00159482 0.01725802
v 0.00497623 -0.00225364 0.01848378
v 0.00399526 -0.00277797 0.01959901
v 0.00267287 -0.00369129 0.02055922
v 0.00142307 -0.00423543 0.02144743
v 0.00080999 -0.00494291 0.02136929
v 0.00031829 -0.00449044 0.02221934
v -0.00054179 -0.00451983 0.02280978
v 0.00018252 -0.00548147 0.02126639
v 0.00050982 -0.00590658 0.02029186
v 0.00126062 -0.00537305 0.02038163
v -0.00071095 -0.00548057 0.02191146
v -0.00098971 -0.00511229 0.02253006
v -0.00131575 -0.00545922 0.02222871
v 0.00124256 -0.00606091 0.01921275
v 0.00079837 -0.00630382 0.01916305
v 0.00105920 -0.00665365 0.01787963
v 0.00053846 -0.00684248 0.01780825
v 0.00072602 -0.00712759 0.01635120
v 0.00013408 -0.00725701 0.01624242
v -0.00103608 -0.00735507 0.01599007
v 0.00167297 -0.00576531 0.01925805
v 0.00156379 -0.00640915 0.01794244
v 0.00205348 -0.00610629 0.01800018
v 0.00186310 -0.00669475 0.01653390
v 0.00240852 -0.00638565 0.01661417
v 0.00214602 -0.00692274 0.01502056
v 0.00274292 -0.00660878 0.01513020
v 0.00241708 -0.00710406 0.01344503
v 0.00306100 -0.00678625 0.01358625
v 0.00294163 -0.00737036 0.01027809
v 0.00366545 -0.00704646 0.01047054
v 0.00346159 -0.00757127 0.00727702
v 0.00424567 -0.00724158 0.00748298
v 0.00476856 -0.00739814 0.00437211
v 0.00130232 -0.00694107 0.01644738
v 0.00153360 -0.00717067 0.01490333
v 0.00175753 -0.00735353 0.01329477
v 0.00220136 -0.00762333 0.01007337
v 0.00265849 -0.00782876 0.00705558
v 0.00500250 -0.00683473 0.00767310
v 0.00436706 -0.00664729 0.01065023
v 0.00368659 -0.00639643 0.01371989
v 0.00332313 -0.00622536 0.01523502
v 0.00293881 -0.00601052 0.01669199
v 0.00252960 -0.00574189 0.01805698
v 0.00209169 -0.00541381 0.01930276
v 0.00857580 -0.00415299 0.00427862
v 0.00870285 -0.00365570 0.00521315
v 0.00846716 -0.00272093 0.00845142
v 0.00798562 -0.00177963 0.01147790
v 0.00721656 -0.00085778 0.01448571
v 0.00666091 -0.00083279 0.01592558
v 0.00604813 -0.00080155 0.01729782
v 0.00784183 -0.00526408 0.00377547
v -0.00424677 -0.00533398 0.02262821
v -0.00425235 -0.00554364 0.02213054
v -0.00393469 -0.00559850 0.02200560
v -0.00179918 -0.00535290 0.02249983
v -0.00194214 -0.00532756 0.02256001
v -0.00203305 -0.00575357 0.02183262
v -0.00237835 -0.00526720 0.02270471
v -0.00271617 -0.00523573 0.02278852
v -0.00288425 -0.00569219 0.02191243
v -0.00285885 -0.00827468 0.00007223
v -0.00199311 -0.00840834 0.00047265
v -0.00217673 -0.00820541 0.00411174
v -0.00475039 -0.00779805 -0.00460702
v -0.00440122 -0.00794429 -0.00436946
v -0.00443418 -0.00782421 -0.00066255
v -0.00023125 -0.00854352 -0.00001360
v -0.00124590 -0.00855209 -0.00153533
v -0.00070892 -0.00855905 -0.00080850
v -0.00296109 -0.00835825 -0.00326586
v -0.00255616 -0.00842947 -0.00290976
v -0.00184588 -0.00851514 -0.00221688
v -0.00165960 -0.00852996 -0.00201690
v -0.00402563 -0.00807959 -0.00410139
v -0.00327603 -0.00829041 -0.00352655
v -0.00367411 -0.00808031 -0.00031167
v -0.00441237 -0.00768218 0.00312993
v -0.00373913 -0.00789592 0.00342713
v -0.00379415 -0.00768093 0.00689736
v -0.00509195 -0.00707703 0.01017163
v -0.00534601 -0.00699094 0.00938096
v -0.00513007 -0.00715529 0.00822105
v -0.00543620 -0.00701672 0.00738058
v -0.00520995 -0.00719125 0.00633775
v -0.00552955 -0.00699927 0.00619474
v -0.00560579 -0.00697574 0.00542936
v -0.00549253 -0.00716595 0.00269631
v -0.00640987 -0.00664439 -0.00191663
v -0.00584846 -0.00713412 -0.00339775
v -0.00636949 -0.00665834 -0.00135121
v -0.00577197 -0.00712213 -0.00120011
v -0.00610428 -0.00676891 0.00132053
v -0.00598616 -0.00682099 0.00229133
v -0.00234542 -0.00796405 0.00747094
v -0.00246994 -0.00768996 0.01113220
v -0.00152619 -0.00541030 0.02236086
v -0.00213960 -0.00614865 0.02087923
v -0.00225871 -0.00650913 0.01969607
v -0.00237329 -0.00683016 0.01829412
v -0.00245844 -0.00710613 0.01669097
v -0.00249903 -0.00733590 0.01491946
v -0.00385345 -0.00742596 0.01063500
v -0.00382167 -0.00710292 0.01449469
v -0.00372527 -0.00690429 0.01632205
v -0.00355489 -0.00667416 0.01800462
v -0.00333257 -0.00640289 0.01951003
v -0.00309774 -0.00607873 0.02081773
v -0.00422100 -0.00510333 0.02306213
v -0.00438032 -0.00508631 0.02305802
v -0.00459361 -0.00538784 0.02231101
v -0.00457045 -0.00505833 0.02303263
v -0.00375754 -0.00513706 0.02299342
v -0.00390056 -0.00537703 0.02254155
v -0.00367715 -0.00514650 0.02297763
v -0.00360295 -0.00564001 0.02194365
v -0.00358799 -0.00515947 0.02295925
v -0.00300526 -0.00521512 0.02284846
v -0.00439791 -0.00589163 0.02094055
v -0.00473324 -0.00574942 0.02108247
v -0.00480318 -0.00589842 0.02043250
v -0.00462338 -0.00617330 0.01949020
v -0.00491665 -0.00609792 0.01937134
v -0.00485031 -0.00640630 0.01782540
v -0.00487551 -0.00664976 0.01597068
v -0.00465772 -0.00646208 0.01773186
v -0.00438277 -0.00624035 0.01934266
v -0.00411718 -0.00596107 0.02077459
v -0.00462097 -0.00671199 0.01602999
v -0.00440277 -0.00651883 0.01776170
v -0.00453208 -0.00649201 0.01772601
v -0.00412232 -0.00629055 0.01933757
v -0.00424583 -0.00626961 0.01931436
v -0.00383681 -0.00600493 0.02073785
v -0.00396165 -0.00598807 0.02073110
v -0.00519209 -0.00653072 0.01603055
v -0.00525149 -0.00668360 0.01445936
v -0.00500052 -0.00681791 0.01409314
v -0.00527394 -0.00676869 0.01344490
v -0.00532692 -0.00696561 0.01013142
v -0.00474612 -0.00688486 0.01417163
v -0.00507295 -0.00633227 0.01775408
v -0.00481939 -0.00716632 0.01027242
v -0.00485989 -0.00734711 0.00646923
v -0.00499891 -0.00743736 0.00288210
v -0.00513438 -0.00750538 -0.00096394
v -0.00539000 -0.00747127 -0.00501789
v -0.00599446 -0.00707899 -0.00538389
v -0.00654742 -0.00663340 -0.00569902
v -0.00462670 0.00617138 0.01949020
v -0.00440107 0.00588983 0.02094054
v -0.00412038 0.00595942 0.02077458
v -0.00424920 0.00626788 0.01931435
v -0.00412570 0.00628889 0.01933756
v -0.00440627 0.00651703 0.01776171
v -0.00359076 0.00515810 0.02295925
v -0.00336968 0.00518482 0.02291623
v -0.00390346 0.00537550 0.02254155
v -0.00299458 0.00807134 0.00375924
v -0.00374338 0.00789447 0.00342714
v -0.00379828 0.00767946 0.00689737
v -0.00226604 0.00847015 -0.00263383
v -0.00298192 0.00835397 -0.00327984
v -0.00286330 0.00827371 0.00007223
v -0.00627083 0.00686790 -0.00554050
v -0.00655099 0.00663045 -0.00569903
v -0.00641691 0.00664039 -0.00196978
v -0.00585230 0.00713154 -0.00339775
v -0.00562249 0.00733098 -0.00515992
v -0.00500707 0.00767660 -0.00477313
v -0.00513841 0.00750318 -0.00096394
v -0.00461393 0.00785754 -0.00451169
v -0.00161004 0.00853337 -0.00195616
v -0.00007458 0.00853342 0.00030512
v -0.00050464 0.00855525 -0.00048320
v -0.00199763 0.00840783 0.00047265
v -0.00064987 0.00855844 -0.00071254
v -0.00102753 0.00855798 -0.00124977
v -0.00364504 0.00819560 -0.00381155
v -0.00367845 0.00807889 -0.00031166
v -0.00433472 0.00796964 -0.00431806
v -0.00443839 0.00782239 -0.00066256
v -0.00441649 0.00768037 0.00312994
v -0.00486384 0.00734506 0.00646924
v -0.00500291 0.00743524 0.00288209
v -0.00610792 0.00676619 0.00132053
v -0.00549638 0.00716356 0.00269632
v -0.00630236 0.00668290 -0.00051530
v -0.00577580 0.00711959 -0.00120011
v -0.00288731 0.00569120 0.02191244
v -0.00360599 0.00563863 0.02194366
v -0.00300806 0.00521406 0.02284845
v -0.00384004 0.00600343 0.02073785
v -0.00396487 0.00598650 0.02073108
v -0.00393770 0.00559694 0.02200560
v -0.00455073 0.00506099 0.02303935
v -0.00438306 0.00508452 0.02305802
v -0.00424964 0.00533226 0.02262820
v -0.00403401 0.00511501 0.02304070
v -0.00392126 0.00512244 0.02302231
v -0.00425533 0.00554192 0.02213055
v -0.00473633 0.00574744 0.02108246
v -0.00462197 0.00546214 0.02209136
v -0.00457316 0.00505643 0.02303264
v -0.00456265 0.00512423 0.02291180
v -0.00460602 0.00541585 0.02222726
v -0.00461124 0.00543140 0.02218247
v -0.00453557 0.00649013 0.01772601
v -0.00438613 0.00623856 0.01934266
v -0.00466120 0.00646014 0.01773187
v -0.00485375 0.00640426 0.01782541
v -0.00462458 0.00671006 0.01602999
v -0.00521382 0.00718901 0.00633775
v -0.00513391 0.00715310 0.00822105
v -0.00482324 0.00716429 0.01027242
v -0.00509576 0.00707485 0.01017164
v -0.00474982 0.00688287 0.01417163
v -0.00500418 0.00681578 0.01409314
v -0.00487909 0.00664770 0.01597067
v -0.00511216 0.00638407 0.01731745
v -0.00491993 0.00609583 0.01937134
v -0.00483657 0.00595415 0.02015139
v -0.00474981 0.00577740 0.02095883
v -0.00385744 0.00742445 0.01063501
v -0.00382549 0.00710143 0.01449469
v -0.00372898 0.00690285 0.01632206
v -0.00355848 0.00667281 0.01800463
v -0.00333601 0.00640166 0.01951003
v -0.00310101 0.00607762 0.02081773
v -0.00203614 0.00575304 0.02183263
v -0.00215884 0.00529456 0.02263739
v -0.00180206 0.00535250 0.02249983
v -0.00117822 0.00607968 0.02102212
v -0.00117169 0.00612564 0.02090836
v -0.00214290 0.00614806 0.02087923
v -0.00113686 0.00643541 0.02006348
v -0.00226221 0.00650848 0.01969608
v -0.00120113 0.00593788 0.02135336
v -0.00123227 0.00577995 0.02168221
v -0.00131869 0.00545907 0.02222872
v -0.00112589 0.00655960 0.01967632
v -0.00110788 0.00678248 0.01889228
v -0.00237696 0.00682944 0.01829412
v -0.00110071 0.00687032 0.01854533
v -0.00246226 0.00710537 0.01669097
v -0.00107796 0.00710600 0.01746969
v -0.00104568 0.00732532 0.01619049
v -0.00250297 0.00733512 0.01491946
v -0.00102042 0.00744573 0.01533302
v -0.00247407 0.00768919 0.01113220
v -0.00091000 0.00776240 0.01236346
v -0.00234970 0.00796335 0.00747095
v -0.00072206 0.00803540 0.00886388
v -0.00218114 0.00820480 0.00411175
v -0.00040444 0.00831675 0.00482009
v -0.00025776 0.00841914 0.00300308
v -0.00519560 0.00652849 0.01603054
v -0.00527758 0.00676642 0.01344490
v -0.00530596 0.00689496 0.01155215
v -0.00539304 0.00701138 0.00822976
v -0.00543997 0.00701436 0.00738058
v -0.00565936 0.00695561 0.00497622
v -0.00595192 0.00683498 0.00259368
v 0.00123930 0.00606214 0.01921275
v 0.00079498 0.00630481 0.01916306
v 0.00050664 0.00590742 0.02029186
v -0.00040851 0.00432306 0.02286750
v -0.00021508 0.00403245 0.02293060
v 0.00031588 0.00449117 0.02221935
v -0.00008983 0.00383870 0.02296118
v 0.00041353 0.00302530 0.02302589
v 0.00083988 0.00379239 0.02229858
v 0.00417474 0.00789716 0.00082409
v 0.00308930 0.00799604 0.00395229
v 0.00393809 0.00773506 0.00417157
v 0.00476458 0.00740127 0.00437212
v 0.00509537 0.00750280 0.00163987
v 0.00555885 0.00698902 0.00455467
v 0.00602675 0.00696215 0.00243188
v 0.00631097 0.00649266 0.00471998
v 0.00696419 0.00622283 0.00315972
v 0.00870088 0.00366094 0.00521316
v 0.00857124 0.00416052 0.00427557
v 0.00821565 0.00447845 0.00511645
v 0.00783744 0.00527081 0.00377369
v 0.00764913 0.00523132 0.00500129
v 0.00701101 0.00590662 0.00486880
v 0.00957226 0.00094975 0.00538151
v 0.00964353 0.00078079 0.00506194
v 0.00953398 0.00152796 0.00497421
v -0.00095436 0.00506643 0.02256009
v -0.00071390 0.00548075 0.02191146
v -0.00048475 0.00586940 0.02113383
v -0.00014293 0.00664071 0.01904135
v -0.00029939 0.00626350 0.02017863
v 0.00033486 0.00649725 0.01910630
v -0.00000333 0.00697828 0.01772572
v -0.00047756 0.00733227 0.01611811
v -0.00000320 0.00852761 0.00046116
v 0.00136452 0.00832213 0.00345442
v 0.00806854 0.00357546 0.00836952
v 0.00681933 0.00424744 0.01122893
v 0.00729424 0.00347043 0.01133242
v 0.00592666 0.00407609 0.01419941
v 0.00637434 0.00332911 0.01429795
v -0.00029224 0.00772868 0.01277493
v 0.00039813 0.00766282 0.01296112
v 0.00069016 0.00793465 0.00962911
v 0.00108097 0.00753947 0.01313391
v 0.00219727 0.00762507 0.01007338
v 0.00175357 0.00735504 0.01329476
v 0.00293767 0.00737251 0.01027810
v 0.00241326 0.00710592 0.01344503
v 0.00366166 0.00704899 0.01047055
v 0.00305735 0.00678846 0.01358624
v 0.00436348 0.00665020 0.01065023
v 0.00368315 0.00639897 0.01371989
v 0.00503741 0.00617182 0.01081665
v 0.00428799 0.00593378 0.01384752
v 0.00567766 0.00560957 0.01096931
v 0.00102380 0.00814815 0.00656752
v 0.00265428 0.00783075 0.00705557
v 0.00345752 0.00757369 0.00727701
v 0.00424177 0.00724442 0.00748297
v 0.00499882 0.00683798 0.00767309
v 0.00572044 0.00634939 0.00784705
v 0.00639837 0.00577376 0.00800452
v 0.00702331 0.00511181 0.00814486
v 0.00249813 0.00500511 0.01935078
v 0.00166987 0.00576677 0.01925804
v 0.00197437 0.00464352 0.02046296
v 0.00125773 0.00537429 0.02038162
v 0.00142079 0.00423676 0.02144743
v 0.00080734 0.00494391 0.02136929
v 0.00758389 0.00437488 0.00826692
v 0.00627597 0.00496448 0.01110732
v 0.00486916 0.00538923 0.01397064
v 0.00388238 0.00577170 0.01533783
v 0.00345117 0.00556853 0.01677109
v 0.00017957 0.00548213 0.02126639
v -0.00019652 0.00505103 0.02209068
v -0.00054421 0.00452010 0.02280978
v 0.00053478 0.00684332 0.01780825
v 0.00105562 0.00665478 0.01787963
v 0.00156034 0.00641055 0.01794245
v 0.00205020 0.00610795 0.01800018
v 0.00252651 0.00574381 0.01805699
v 0.00293558 0.00601266 0.01669198
v 0.00240509 0.00638750 0.01661418
v 0.00185950 0.00669631 0.01653391
v 0.00129859 0.00694233 0.01644738
v 0.00072219 0.00712854 0.01635121
v 0.00013018 0.00725764 0.01624242
v 0.00299064 0.00531496 0.01811708
v 0.00155130 0.00107776 0.02290848
v 0.00175968 0.00071188 0.02282698
v 0.00237850 0.00096554 0.02228156
v 0.00179920 0.00064214 0.02280820
v 0.00254539 0.00047947 0.02222376
v 0.00192310 0.00196294 0.02235221
v 0.00126967 0.00156834 0.02298235
v 0.00136715 0.00139899 0.02296087
v 0.00304914 0.00115790 0.02158238
v 0.00318874 0.00058066 0.02157040
v 0.00376457 0.00130592 0.02071979
v 0.00390086 0.00065682 0.02073336
v 0.00464461 0.00071754 0.01972729
v 0.00260303 0.00228772 0.02157664
v 0.00329900 0.00255708 0.02065680
v 0.00537353 0.00076614 0.01857413
v 0.00895122 0.00092717 0.00854830
v 0.00817315 0.00089950 0.01151635
v 0.00721610 0.00086222 0.01448572
v 0.00666046 0.00083693 0.01592559
v 0.00604770 0.00080536 0.01729783
v 0.00914737 0.00291386 0.00468376
v 0.00909518 0.00279170 0.00529032
v 0.00938886 0.00188366 0.00534681
v 0.00846570 0.00272604 0.00845142
v 0.00876378 0.00183912 0.00851141
v 0.00768719 0.00264545 0.01141601
v 0.00798466 0.00178448 0.01147790
v 0.00674833 0.00253695 0.01438097
v 0.00703384 0.00171089 0.01444476
v 0.00620992 0.00246327 0.01582124
v 0.00648453 0.00166093 0.01588439
v 0.00562016 0.00237126 0.01719775
v 0.00588035 0.00159854 0.01725802
v 0.00497502 0.00225688 0.01848378
v 0.00521715 0.00152101 0.01853810
v 0.00427843 0.00211564 0.01965493
v 0.00450035 0.00142507 0.01969882
v 0.00079003 0.00239242 0.02303363
v 0.00138648 0.00293522 0.02234814
v 0.00203299 0.00333895 0.02152132
v 0.00267089 0.00369329 0.02055923
v 0.00329141 0.00399835 0.01946907
v 0.00399377 0.00278067 0.01959901
v 0.00388241 0.00425476 0.01826046
v 0.00466216 0.00296424 0.01841585
v 0.00488187 0.00381434 0.01703597
v 0.00528233 0.00311329 0.01712201
v 0.00585178 0.00323315 0.01574069
v 0.00542003 0.00476656 0.01408906
v 0.00494488 0.00463212 0.01554598
v 0.00443353 0.00446401 0.01694520
v 0.00040725 -0.00429961 0.01013501
v -0.00187053 -0.00430022 0.01423504
v -0.00038266 -0.00429982 0.01136651
v -0.00112596 -0.00430002 0.01267453
v -0.00128017 -0.00430006 0.01296987
v -0.00168936 -0.00430017 0.01381722
v -0.00156187 -0.00430014 0.01354121
v -0.00142547 -0.00430010 0.01325877
v -0.00272149 -0.00430045 0.01366775
v 0.00230040 -0.00341056 0.00763626
v -0.00024653 -0.00309979 0.00689791
v -0.00472374 0.00209901 0.01454937
v -0.00463712 0.00268168 0.01451113
v -0.00433066 0.00329013 0.01437600
v -0.00341394 -0.00417702 0.01397290
v -0.00413624 -0.00371504 0.01429115
v -0.00459872 -0.00299319 0.01449488
v -0.00472256 -0.00230099 0.01454936
v -0.00283817 0.00201777 0.01937581
v -0.00284876 0.00219862 0.01980532
v -0.00283867 0.00201254 0.01936652
v -0.00284555 -0.00215218 0.01966653
v -0.00284789 -0.00219959 0.01980531
v -0.00283973 -0.00206552 0.01946603
v -0.00283431 -0.00195288 0.01926327
v -0.00283423 -0.00195139 0.01926089
v -0.00282725 -0.00183881 0.01909682
v -0.00282063 -0.00169189 0.01892052
v -0.00281154 -0.00152353 0.01875548
v -0.00280560 -0.00136150 0.01862501
v -0.00280363 -0.00131349 0.01859070
v -0.00279578 -0.00114403 0.01848335
v -0.00279185 -0.00098815 0.01840196
v -0.00278302 -0.00072042 0.01829470
v -0.00278121 -0.00056972 0.01825066
v -0.00277940 -0.00046310 0.01822610
v -0.00277592 -0.00029871 0.01819836
v -0.00277600 -0.00010046 0.01818128
v -0.00277501 0.00016648 0.01818509
v -0.00277660 0.00019955 0.01818781
v -0.00277962 0.00046217 0.01822611
v -0.00278125 0.00062461 0.01826563
v -0.00278281 0.00063493 0.01826861
v -0.00279338 0.00105861 0.01843723
v -0.00279493 0.00106480 0.01844065
v -0.00282374 0.00175273 0.01899018
v -0.00280307 0.00131256 0.01859069
v -0.00280756 0.00141700 0.01866778
v -0.00280988 0.00144444 0.01868960
v -0.00282398 0.00174245 0.01897834
v -0.00285241 0.00213893 0.02132572
v -0.00285578 0.00226528 0.02087544
v -0.00284179 -0.00174254 0.02198126
v -0.00284817 -0.00000048 0.01980532
v -0.00285129 0.00223921 0.01995506
v -0.00285265 -0.00219118 0.02118065
v -0.00285571 0.00229956 0.02041478
v -0.00285354 -0.00229120 0.02026361
v -0.00285496 -0.00228813 0.02072207
v -0.00284784 -0.00200901 0.02160292
v -0.00283970 -0.00163654 0.02209565
v -0.00284058 0.00163557 0.02209564
v -0.00284700 0.00193115 0.02173014
v -0.00283339 -0.00124211 0.02241515
v -0.00283528 0.00132630 0.02235780
v -0.00282880 -0.00080474 0.02263390
v -0.00282632 -0.00035454 0.02275171
v -0.00282597 -0.00005048 0.02277853
v -0.00282598 -0.00000048 0.02277908
v -0.00283036 0.00092748 0.02258356
v -0.00282699 0.00046563 0.02273142
v 0.00966891 0.00073863 0.00464734
v 0.00970433 0.00000289 0.00467980
v 0.00963946 0.00000287 0.00426927
v 0.00715375 0.00605338 0.00278998
v 0.00797217 0.00511652 0.00338628
v 0.00802887 0.00490734 0.00300534
v 0.00627156 0.00679154 0.00208218
v 0.00613206 0.00676948 0.00146302
v 0.00537448 0.00734905 0.00130788
v 0.00559721 0.00710683 0.00098619
v 0.00727058 0.00581534 0.00242799
v 0.00704766 0.00603400 0.00224755
v 0.00645031 0.00653956 0.00174177
v 0.00921051 0.00279775 0.00427545
v 0.00911254 0.00286123 0.00381281
v 0.00866726 0.00402214 0.00387560
v 0.00867983 0.00384124 0.00348138
v 0.00825296 0.00457801 0.00316920
v 0.00960794 0.00068876 0.00423737
v 0.00957661 0.00097672 0.00420692
v 0.00956965 0.00145330 0.00456095
v 0.00951821 0.00136346 0.00415249
v 0.00918693 0.00265221 0.00387231
v 0.00560107 -0.00710306 0.00098626
v 0.00613570 -0.00676562 0.00146301
v 0.00645392 -0.00653508 0.00174193
v 0.00868257 -0.00383416 0.00348426
v 0.00825507 -0.00457292 0.00317092
v 0.00803205 -0.00490102 0.00300703
v 0.00727385 -0.00581022 0.00242821
v 0.00705060 -0.00602947 0.00224743
v 0.00918811 -0.00264575 0.00387257
v 0.00911390 -0.00285478 0.00381312
v 0.00960877 -0.00068164 0.00423944
v 0.00957756 -0.00097116 0.00420994
v 0.00951982 -0.00135480 0.00415667
v 0.00797600 -0.00510997 0.00338800
v 0.00715726 -0.00604814 0.00279021
v 0.00537851 -0.00734535 0.00130798
v 0.00627540 -0.00678703 0.00208236
v 0.00967044 -0.00073129 0.00464947
v 0.00921197 -0.00279100 0.00427570
v 0.00957250 -0.00144417 0.00456524
v 0.00867090 -0.00401482 0.00387857
v 0.00000060 -0.00154929 0.02372612
v -0.00284956 0.00051141 0.02482420
v -0.00382199 -0.00000075 0.02505511
v -0.00282243 -0.00053010 0.02481673
v -0.00018706 0.00255662 0.02356128
v -0.00046512 0.00233845 0.02376690
v -0.00000024 0.00154985 0.02372612
v -0.00018569 -0.00255616 0.02356130
v -0.00046386 -0.00233814 0.02376691
v -0.00081060 -0.00206720 0.02399061
v 0.00054610 0.00075142 0.02357809
v -0.00021509 0.00000022 0.02398164
v -0.00089680 0.00078875 0.02421509
v -0.00081171 0.00206732 0.02399061
v -0.00141337 -0.00158513 0.02430601
v -0.00089638 -0.00078867 0.02421509
v -0.00195680 -0.00115487 0.02453273
v -0.00176312 -0.00000019 0.02453755
v -0.00141422 0.00158493 0.02430602
v -0.00153997 0.00148241 0.02436231
v -0.00214177 0.00036678 0.02464152
v -0.00248963 0.00076044 0.02471747
v -0.00259519 -0.00000042 0.02477108
v 0.00114629 0.00000059 0.02328373
v 0.00054650 -0.00075056 0.02357808
v -0.00607755 -0.00299227 0.02446457
v -0.00620982 -0.00304509 0.02427659
v -0.00577368 -0.00368189 0.02402283
v -0.00679518 -0.00155432 0.02480687
v -0.00693760 -0.00158284 0.02462041
v -0.00674768 -0.00205256 0.02454175
v -0.00647513 -0.00229480 0.02466629
v -0.00383850 -0.00468942 0.02362072
v -0.00444321 -0.00295186 0.02482300
v -0.00520332 -0.00292260 0.02483408
v -0.00421892 -0.00358907 0.02452490
v -0.00483772 -0.00356416 0.02453580
v -0.00400482 -0.00417084 0.02412768
v -0.00448879 -0.00414945 0.02414644
v -0.00420411 -0.00466982 0.02365255
v -0.00478528 -0.00153304 0.02516331
v -0.00532015 -0.00151400 0.02521476
v -0.00464019 -0.00226373 0.02503218
v -0.00554107 -0.00223397 0.02505359
v -0.00483439 -0.00077548 0.02522241
v -0.00547016 -0.00076390 0.02529320
v -0.00483107 -0.00039005 0.02523153
v -0.00581864 -0.00150963 0.02520211
v -0.00594455 -0.00224102 0.02496651
v -0.00556714 -0.00293009 0.02475455
v -0.00586918 -0.00295469 0.02462075
v -0.00542518 -0.00359343 0.02435436
v -0.00710305 -0.00103582 0.02468221
v -0.00700861 -0.00078515 0.02488915
v -0.00715484 -0.00079970 0.02470006
v -0.00693392 -0.00000158 0.02504379
v -0.00723410 -0.00000166 0.02472541
v -0.00635098 -0.00000143 0.02527141
v -0.00679129 -0.00077242 0.02505708
v -0.00658095 -0.00153023 0.02497200
v -0.00645353 -0.00076442 0.02519888
v -0.00626436 -0.00226199 0.02482734
v -0.00624953 -0.00151503 0.02511342
v -0.00600674 -0.00076146 0.02528636
v -0.00543609 -0.00000118 0.02531015
v -0.00482705 -0.00000102 0.02523350
v -0.00486056 -0.00472164 0.02339003
v -0.00461639 -0.00466751 0.02359059
v -0.00498538 -0.00416721 0.02401806
v -0.00550329 -0.00402609 0.02385349
v -0.00489368 -0.00468715 0.02341942
v -0.00402715 -0.00060258 0.02508973
v -0.00393651 -0.00000078 0.02507848
v -0.00398134 -0.00285321 0.02478959
v -0.00381664 -0.00373919 0.02440001
v -0.00369046 -0.00430951 0.02399005
v -0.00360327 -0.00481590 0.02345993
v -0.00358852 -0.00499333 0.02321975
v -0.00407529 -0.00159220 0.02504109
v -0.00406488 0.00191730 0.02499983
v -0.00395606 0.00303292 0.02472859
v -0.00444480 0.00295003 0.02482300
v -0.00719419 0.00056213 0.02471292
v -0.00494224 0.00463740 0.02345848
v -0.00420662 0.00466812 0.02365255
v -0.00547057 0.00076152 0.02529320
v -0.00483480 0.00077344 0.02522242
v -0.00478610 0.00153103 0.02516332
v -0.00393001 0.00022733 0.02507640
v -0.00600715 0.00075879 0.02528635
v -0.00483128 0.00038802 0.02523153
v -0.00581945 0.00150706 0.02520212
v -0.00554228 0.00223156 0.02505359
v -0.00464140 0.00226180 0.02503217
v -0.00520489 0.00292037 0.02483408
v -0.00422085 0.00358736 0.02452489
v -0.00379129 0.00386103 0.02432426
v -0.00400706 0.00416925 0.02412768
v -0.00371271 0.00421459 0.02406861
v -0.00384102 0.00468792 0.02362072
v -0.00364229 0.00456783 0.02374273
v -0.00449102 0.00414759 0.02414645
v -0.00483964 0.00356212 0.02453580
v -0.00647636 0.00229188 0.02466630
v -0.00661380 0.00233326 0.02448106
v -0.00679601 0.00155123 0.02480687
v -0.00693424 0.00159143 0.02461874
v -0.00700903 0.00078195 0.02488914
v -0.00461890 0.00466559 0.02359059
v -0.00498762 0.00416509 0.02401807
v -0.00533054 0.00422679 0.02373917
v -0.00542711 0.00359107 0.02435436
v -0.00572794 0.00374292 0.02399358
v -0.00607916 0.00298956 0.02446457
v -0.00621146 0.00304232 0.02427659
v -0.00643163 0.00267457 0.02439295
v -0.00679170 0.00076933 0.02505708
v -0.00658178 0.00152726 0.02497200
v -0.00626558 0.00225918 0.02482734
v -0.00587077 0.00295209 0.02462075
v -0.00406401 0.00090031 0.02508663
v -0.00556872 0.00292766 0.02475455
v -0.00594575 0.00223838 0.02496652
v -0.00625034 0.00151223 0.02511341
v -0.00645394 0.00076151 0.02519888
v -0.00868084 0.00089423 0.01293485
v -0.00861613 0.00117353 0.01292302
v -0.00854287 0.00156036 0.01293521
v -0.00874586 0.00020297 0.01295915
v -0.00874579 0.00019816 0.01295952
v -0.00868133 0.00019798 0.01291563
v -0.00874487 0.00022993 0.01295837
v -0.00860450 0.00019797 0.01290060
v -0.00854583 0.00116511 0.01290985
v -0.00848641 0.00156680 0.01292806
v -0.00840144 0.00203526 0.01297280
v -0.00836956 0.00212897 0.01298562
v -0.00565971 0.00570366 0.01872404
v -0.00501901 0.00569184 0.01928337
v -0.00535515 0.00564582 0.02008308
v -0.00520138 0.00565432 0.01998093
v -0.00530078 0.00562207 0.02032915
v -0.00724376 0.00434147 0.01408980
v -0.00633404 0.00449974 0.01424095
v -0.00687250 0.00486067 0.01461808
v -0.00609647 0.00487069 0.01461800
v -0.00678139 0.00497733 0.01475671
v -0.00601847 0.00498288 0.01475134
v -0.00662819 0.00516392 0.01499957
v -0.00574780 0.00532646 0.01531957
v -0.00646125 0.00534548 0.01534883
v -0.00571725 0.00535903 0.01539824
v -0.00630054 0.00549127 0.01581505
v -0.00547842 0.00555784 0.01612090
v -0.00613308 0.00560599 0.01644872
v -0.00539797 0.00560238 0.01639872
v -0.00594809 0.00568140 0.01730066
v -0.00510796 0.00568602 0.01746770
v -0.00578501 0.00570467 0.01811676
v -0.00493396 0.00570296 0.01811623
v -0.00483395 0.00570488 0.01849955
v -0.00776773 0.00347478 0.01344335
v -0.00684668 0.00347490 0.01344545
v -0.00756922 0.00382446 0.01367070
v -0.00678851 0.00361244 0.01352899
v -0.00653544 0.00414197 0.01391946
v -0.00787272 0.00327643 0.01333590
v -0.00718276 0.00249676 0.01305548
v -0.00689276 0.00336082 0.01338163
v -0.00812321 0.00275197 0.01312709
v -0.00818694 0.00260366 0.01308428
v -0.00739829 0.00151498 0.01292538
v -0.00834607 0.00219481 0.01299642
v -0.00749857 0.00019827 0.01290125
v -0.00669029 0.00009848 0.02319542
v -0.00663679 0.00009850 0.02312176
v -0.00663640 0.00009847 0.02312770
v -0.00546869 -0.00387780 0.02088705
v -0.00524929 -0.00429596 0.02017920
v -0.00524065 -0.00524226 0.02014988
v -0.00500215 -0.00473216 0.01924745
v -0.00493435 -0.00530205 0.01896770
v -0.00488331 -0.00512095 0.01875226
v -0.00489696 -0.00529320 0.01881088
v -0.00483550 -0.00514882 0.01854456
v -0.00484911 -0.00521405 0.01860424
v -0.00487631 -0.00527204 0.01872232
v -0.00487054 -0.00494870 0.01869301
v -0.00484365 -0.00500777 0.01858011
v -0.00483442 -0.00505844 0.01853972
v -0.00483248 -0.00510280 0.01853122
v -0.00663409 0.00000524 0.02312639
v -0.00629883 -0.00190681 0.02266922
v -0.00568013 -0.00344879 0.02146306
v -0.00590245 -0.00296175 0.02196809
v -0.00602050 -0.00268008 0.02220038
v -0.00609875 -0.00248121 0.02234253
v -0.00565061 -0.00509202 0.01580464
v -0.00572836 -0.00501037 0.01552977
v -0.00599498 -0.00465505 0.01484272
v -0.00690559 -0.00476974 0.01501086
v -0.00578751 -0.00494047 0.01534352
v -0.00590009 -0.00479196 0.01504706
v -0.00640149 -0.00398944 0.01413141
v -0.00729823 -0.00422127 0.01435236
v -0.00623896 -0.00427031 0.01440253
v -0.00712841 -0.00447077 0.01461321
v -0.00699295 -0.00465686 0.01484223
v -0.00670505 -0.00338573 0.01364302
v -0.00769604 -0.00356935 0.01377712
v -0.00730784 -0.00420664 0.01433810
v -0.00702641 -0.00257033 0.01319874
v -0.00810734 -0.00261394 0.01321647
v -0.00693682 -0.00282278 0.01330637
v -0.00795984 -0.00300457 0.01340014
v -0.00672234 -0.00334733 0.01361608
v -0.00777504 -0.00342091 0.01366513
v -0.00773564 -0.00349869 0.01372250
v -0.00840098 -0.00159520 0.01296711
v -0.00830298 -0.00198811 0.01303152
v -0.00729476 -0.00161922 0.01297074
v -0.00823434 -0.00222607 0.01308824
v -0.00814181 -0.00251439 0.01317886
v -0.00844577 -0.00138286 0.01294449
v -0.00746346 -0.00061279 0.01290417
v -0.00855736 -0.00065525 0.01290863
v -0.00749324 -0.00020301 0.01290132
v -0.00546526 -0.00522846 0.01658900
v -0.00537791 -0.00526337 0.01699953
v -0.00501325 -0.00530644 0.01863055
v -0.00870814 -0.00066382 0.01297779
v -0.00862967 -0.00076912 0.01292988
v -0.00874367 -0.00022695 0.01297188
v -0.00874814 0.00011184 0.01296295
v -0.00844701 -0.00175897 0.01300808
v -0.00831143 -0.00224463 0.01311051
v -0.00824975 -0.00242334 0.01316243
v -0.00804904 -0.00288637 0.01334372
v -0.00779502 -0.00339025 0.01364337
v -0.00774164 -0.00348793 0.01371390
v -0.00869383 -0.00077579 0.01297912
v -0.00857380 -0.00141096 0.01299763
v -0.00842296 -0.00194446 0.01305394
v -0.00281641 -0.00026313 0.01884420
v -0.00655286 -0.00257838 0.01506989
v -0.00654679 -0.00260171 0.01510042
v -0.00683262 -0.00153620 0.01487005
v -0.00654497 -0.00266745 0.01518271
v -0.00655515 -0.00264181 0.01517806
v -0.00654315 -0.00264604 0.01515673
v -0.00657917 -0.00275119 0.01527445
v -0.00660698 -0.00278168 0.01530166
v -0.00665298 -0.00265204 0.01526576
v -0.00663664 0.00319425 0.01531757
v -0.00658683 0.00316277 0.01529923
v -0.00682353 0.00267035 0.01518301
v -0.00692480 0.00204087 0.01504608
v -0.00690560 0.00238152 0.01512113
v -0.00698402 0.00205173 0.01506031
v -0.00707123 0.00159544 0.01499216
v -0.00710640 0.00084673 0.01490856
v -0.00713561 0.00111717 0.01494073
v -0.00711531 -0.00036038 0.01490299
v -0.00717887 -0.00000683 0.01490229
v -0.00716302 0.00080292 0.01491833
v -0.00695891 -0.00153629 0.01502776
v -0.00712126 -0.00077536 0.01494360
v -0.00716083 -0.00036267 0.01491454
v -0.00663203 -0.00280027 0.01531527
v -0.00678820 -0.00234164 0.01519645
v -0.00698690 -0.00158019 0.01504473
v -0.00655637 -0.00256829 0.01505774
v -0.00679897 0.00203928 0.01488968
v -0.00653450 0.00295031 0.01505947
v -0.00653643 0.00294528 0.01505286
v -0.00698741 -0.00036062 0.01474110
v -0.00698612 -0.00036247 0.01470339
v -0.00683007 -0.00154152 0.01483362
v -0.00697856 0.00084638 0.01474719
v -0.00700210 0.00002635 0.01468963
v -0.00699718 -0.00014635 0.01469392
v -0.00679607 0.00204476 0.01485356
v -0.00694647 0.00116241 0.01473436
v -0.00697712 0.00084849 0.01470961
v -0.00652207 0.00302563 0.01515632
v -0.00682256 0.00203331 0.01495588
v -0.00700096 0.00084404 0.01481612
v -0.00700968 -0.00035847 0.01481028
v -0.00685592 -0.00153017 0.01493688
v -0.00655514 -0.00270714 0.01522856
v -0.00659657 -0.00264239 0.01522908
v -0.00689873 -0.00153017 0.01499056
v -0.00705311 -0.00035838 0.01486547
v -0.00704437 0.00084414 0.01487114
v -0.00686520 0.00203381 0.01500906
v -0.00654051 0.00310264 0.01524377
v -0.00658085 -0.00256823 0.01447018
v -0.00657972 -0.00257213 0.01446742
v -0.00655761 -0.00261266 0.01481717
v -0.00656666 -0.00256823 0.01481742
v -0.00656497 -0.00268694 0.01481766
v -0.00659917 -0.00275313 0.01481925
v -0.00660752 -0.00274032 0.01435299
v -0.00666901 -0.00280070 0.01432695
v -0.00665147 -0.00280037 0.01482121
v -0.00657410 -0.00265196 0.01440863
v -0.00658127 -0.00268531 0.01438603
v -0.00655972 0.00307000 0.01437592
v -0.00656892 0.00309307 0.01436172
v -0.00690374 0.00196807 0.01411035
v -0.00677359 -0.00251314 0.01424794
v -0.00698052 -0.00163102 0.01406996
v -0.00685644 -0.00157478 0.01424485
v -0.00685095 0.00193479 0.01424016
v -0.00655892 0.00294439 0.01446673
v -0.00686594 0.00195006 0.01416858
v -0.00655689 0.00295103 0.01446202
v -0.00723879 -0.00016596 0.01390756
v -0.00721984 -0.00039868 0.01391790
v -0.00715255 -0.00039349 0.01393105
v -0.00715333 -0.00096061 0.01396405
v -0.00699932 -0.00174222 0.01407761
v -0.00721751 0.00082912 0.01392024
v -0.00714639 0.00082296 0.01393340
v -0.00715178 0.00142353 0.01397124
v -0.00697468 0.00199129 0.01406438
v -0.00710395 0.00171761 0.01400833
v -0.00699769 0.00222061 0.01408998
v -0.00702437 0.00210792 0.01406977
v -0.00704633 0.00200891 0.01405285
v -0.00685298 0.00271612 0.01419430
v -0.00662063 0.00316093 0.01432771
v -0.00668055 0.00319757 0.01431922
v -0.00654953 0.00299649 0.01442710
v -0.00697838 0.00119687 0.01413925
v -0.00703612 0.00080860 0.01403703
v -0.00701853 0.00080321 0.01410732
v -0.00704176 0.00002597 0.01408962
v -0.00704226 -0.00038054 0.01403442
v -0.00703653 -0.00015235 0.01409425
v -0.00687171 -0.00159019 0.01417358
v -0.00702451 -0.00037554 0.01410457
v -0.00707523 0.00081488 0.01397964
v -0.00708144 -0.00038625 0.01397718
v -0.00690962 -0.00160813 0.01411566
v -0.00657296 0.00310114 0.01435699
v -0.00691156 0.00197107 0.01410265
v -0.00708315 0.00081592 0.01397202
v -0.00708936 -0.00038719 0.01396957
v -0.00691744 -0.00161110 0.01410801
v -0.00706899 0.00191260 0.01403592
v -0.00725166 0.00020524 0.01390142
v -0.00710882 0.00171686 0.01400681
v -0.00717386 0.00132491 0.01395930
v -0.00724570 0.00052989 0.01390641
v -0.00654596 0.00294494 0.01481429
v -0.00654464 0.00307208 0.01481436
v -0.00653520 0.00300204 0.01481393
v -0.00667117 0.00319746 0.01460562
v -0.00660418 0.00316139 0.01481672
v -0.00664426 0.00319732 0.01531844
v -0.00665292 0.00319733 0.01510523
v -0.00655842 0.00310422 0.01481492
v -0.00673840 0.00293610 0.01524783
v -0.00621722 0.00442117 0.01423492
v -0.00625363 0.00445155 0.01422627
v -0.00670924 0.00357671 0.01352879
v -0.00739348 0.00019840 0.01293152
v -0.00736227 0.00019851 0.01295570
v -0.00728718 0.00132784 0.01297086
v -0.00747957 0.00019827 0.01290188
v -0.00709802 0.00251068 0.01307443
v -0.00724534 0.00192844 0.01297458
v -0.00735036 0.00133810 0.01293064
v -0.00742501 0.00019833 0.01291522
v -0.00691634 0.00306498 0.01325785
v -0.00629487 0.00447648 0.01422659
v -0.00604444 0.00486438 0.01461987
v -0.00579257 0.00520335 0.01508741
v -0.00557531 0.00543352 0.01563537
v -0.00539329 0.00556562 0.01621068
v -0.00507382 0.00567263 0.01736638
v -0.00480512 0.00569613 0.01837422
v -0.00527079 0.00544707 0.01619336
v -0.00493843 0.00548601 0.01733792
v -0.00494928 0.00554680 0.01733816
v -0.00473916 0.00548848 0.01807511
v -0.00474011 0.00553489 0.01807943
v -0.00478004 0.00533940 0.01825850
v -0.00475837 0.00538134 0.01816330
v -0.00497107 0.00536950 0.01735205
v -0.00615637 0.00431572 0.01430745
v -0.00660741 0.00347268 0.01361988
v -0.00642384 0.00379711 0.01396773
v -0.00732466 0.00019870 0.01300286
v -0.00730068 0.00019892 0.01308894
v -0.00724339 0.00131944 0.01303187
v -0.00718782 0.00155239 0.01311897
v -0.00699333 0.00245416 0.01317534
v -0.00698005 0.00243153 0.01325060
v -0.00696341 0.00248647 0.01326499
v -0.00681300 0.00298439 0.01335514
v -0.00666123 0.00330089 0.01361571
v -0.00660570 0.00342498 0.01369379
v -0.00618786 0.00438708 0.01425206
v -0.00664430 0.00352678 0.01356108
v -0.00685246 0.00302536 0.01329409
v -0.00703484 0.00248200 0.01311335
v -0.00570846 0.00513870 0.01508181
v -0.00567924 0.00509494 0.01509170
v -0.00548553 0.00536735 0.01562294
v -0.00545609 0.00531916 0.01562685
v -0.00530002 0.00549805 0.01619382
v -0.00497746 0.00560137 0.01734337
v -0.00474774 0.00558875 0.01811440
v -0.00593633 0.00476557 0.01463809
v -0.00596535 0.00480368 0.01462299
v -0.00574721 0.00517570 0.01508037
v -0.00552642 0.00540649 0.01562589
v -0.00534214 0.00553871 0.01619980
v -0.00502042 0.00564465 0.01735311
v -0.00477888 0.00566836 0.01825619
v -0.00600220 0.00483731 0.01461682
v -0.00527829 0.00527833 0.01622286
v -0.00521020 0.00527828 0.01660576
v -0.00519976 0.00528197 0.01664475
v -0.00549152 0.00510946 0.01566998
v -0.00545393 0.00516063 0.01567385
v -0.00558895 0.00502005 0.01541213
v -0.00566503 0.00495553 0.01516215
v -0.00579942 0.00478270 0.01497446
v -0.00624343 0.00412511 0.01425666
v -0.00616638 0.00425388 0.01437973
v -0.00590826 0.00468560 0.01469063
v -0.00565666 0.00499991 0.01513334
v -0.00543956 0.00521144 0.01565335
v -0.00525935 0.00533221 0.01620852
v -0.00474315 0.00544334 0.01809353
v -0.00494583 0.00542501 0.01734268
v -0.00525686 0.00539010 0.01619842
v -0.00544037 0.00526572 0.01563728
v -0.00566156 0.00504751 0.01510932
v -0.00621309 -0.00422116 0.01436063
v -0.00668024 -0.00333165 0.01361054
v -0.00664119 -0.00331072 0.01361446
v -0.00685940 -0.00279009 0.01331049
v -0.00733765 -0.00100515 0.01293199
v -0.00515000 -0.00529069 0.01775501
v -0.00509889 -0.00526300 0.01774425
v -0.00536568 -0.00518912 0.01653022
v -0.00715452 -0.00160071 0.01302638
v -0.00727534 -0.00099501 0.01297266
v -0.00728234 -0.00039934 0.01308796
v -0.00723150 -0.00098669 0.01303240
v -0.00653508 -0.00317466 0.01373794
v -0.00653980 -0.00315042 0.01377569
v -0.00663602 -0.00293716 0.01363330
v -0.00638898 -0.00345804 0.01401374
v -0.00607539 -0.00402430 0.01447499
v -0.00606195 -0.00403566 0.01455387
v -0.00543574 -0.00484198 0.01595489
v -0.00565367 -0.00460484 0.01536919
v -0.00560725 -0.00467363 0.01539094
v -0.00580919 -0.00440841 0.01500201
v -0.00582860 -0.00439283 0.01489672
v -0.00504067 -0.00499585 0.01773798
v -0.00514747 -0.00494378 0.01742769
v -0.00529680 -0.00493261 0.01654397
v -0.00534705 -0.00487814 0.01649159
v -0.00550064 -0.00476511 0.01585818
v -0.00542258 -0.00489418 0.01594013
v -0.00559865 -0.00472075 0.01536744
v -0.00582515 -0.00443254 0.01486559
v -0.00607589 -0.00405806 0.01444086
v -0.00528067 -0.00498669 0.01653423
v -0.00502026 -0.00505095 0.01773198
v -0.00501760 -0.00510987 0.01772988
v -0.00528123 -0.00504350 0.01652788
v -0.00596161 -0.00461727 0.01480148
v -0.00573552 -0.00492737 0.01532971
v -0.00617228 -0.00419586 0.01436080
v -0.00591880 -0.00459056 0.01479854
v -0.00588226 -0.00455621 0.01480455
v -0.00568957 -0.00490060 0.01532405
v -0.00565128 -0.00486334 0.01532576
v -0.00551069 -0.00508882 0.01592095
v -0.00547096 -0.00504984 0.01591900
v -0.00532547 -0.00514885 0.01652580
v -0.00505864 -0.00522053 0.01773628
v -0.00555935 -0.00511506 0.01592800
v -0.00541565 -0.00521563 0.01653837
v -0.00721666 -0.00162029 0.01298602
v -0.00699210 -0.00219069 0.01314291
v -0.00705439 -0.00222130 0.01310385
v -0.00679646 -0.00274814 0.01334663
v -0.00657720 -0.00325855 0.01364633
v -0.00610796 -0.00413035 0.01438725
v -0.00654028 -0.00320158 0.01370301
v -0.00675701 -0.00270442 0.01340638
v -0.00683834 -0.00242882 0.01337791
v -0.00695062 -0.00216062 0.01320396
v -0.00699818 -0.00193639 0.01322987
v -0.00711160 -0.00158280 0.01308709
v -0.00715348 -0.00130164 0.01313213
v -0.00718408 -0.00115274 0.01311555
v -0.00503097 -0.00516794 0.01773140
v -0.00529674 -0.00509893 0.01652505
v -0.00544190 -0.00500189 0.01592181
v -0.00562229 -0.00481881 0.01533408
v -0.00585348 -0.00451675 0.01481844
v -0.00686538 -0.00141165 0.01463484
v -0.00670890 0.00245942 0.01452783
v -0.00695030 0.00116531 0.01465930
v -0.00709879 0.00108364 0.01556424
v -0.00527176 0.00511133 0.01735783
v -0.00567976 0.00485071 0.01615193
v -0.00571461 -0.00447730 0.01617826
v -0.00613653 -0.00380711 0.01634363
v -0.00532831 -0.00477736 0.01738258
v -0.00578176 -0.00421064 0.01752014
v -0.00571567 -0.00364957 0.02046997
v -0.00636692 -0.00227944 0.02079424
v -0.00638550 -0.00230003 0.02055732
v -0.00632107 -0.00247802 0.02053898
v -0.00676231 0.00284626 0.01535723
v -0.00675138 -0.00259418 0.01414104
v -0.00505711 0.00492398 0.01943594
v -0.00603800 0.00443926 0.01504433
v -0.00675549 0.00301487 0.01411193
v -0.00708942 -0.00068541 0.01557730
v -0.00696237 -0.00157042 0.01550267
v -0.00674994 -0.00243808 0.01538699
v -0.00644843 -0.00326709 0.01524134
v -0.00713478 0.00019602 0.01559975
v -0.00648282 0.00346100 0.01647135
v -0.00646963 0.00324423 0.01777208
v -0.00641577 0.00303541 0.01912752
v -0.00605299 0.00345457 0.02048893
v -0.00633428 0.00284517 0.02052695
v -0.00630785 0.00228724 0.02267214
v -0.00613200 0.00279912 0.02238801
v -0.00649770 0.00205585 0.02150519
v -0.00649266 0.00222411 0.02105722
v -0.00649665 0.00225415 0.02092653
v -0.00651831 0.00187236 0.02181054
v -0.00652238 0.00184152 0.02185283
v -0.00645878 0.00172809 0.02288916
v -0.00656049 0.00155773 0.02216763
v -0.00652947 0.00138592 0.02298404
v -0.00660112 0.00123246 0.02241775
v -0.00656895 0.00114526 0.02303549
v -0.00662994 0.00052159 0.02311307
v -0.00670211 0.00250552 0.01789954
v -0.00659309 0.00224055 0.01996373
v -0.00656474 0.00227655 0.02015966
v -0.00651643 0.00229500 0.02060423
v -0.00686227 0.00139602 0.01864995
v -0.00678936 0.00172894 0.01896161
v -0.00676021 0.00183431 0.01909118
v -0.00670566 0.00200106 0.01934550
v -0.00663048 0.00217631 0.01973707
v -0.00694525 0.00095846 0.01807852
v -0.00696833 0.00018420 0.01810949
v -0.00696337 0.00018423 0.01818409
v -0.00695401 0.00058011 0.01825135
v -0.00691861 0.00101200 0.01841197
v -0.00685858 0.00173792 0.01800511
v -0.00690712 0.00110646 0.01846109
v -0.00690115 -0.00077045 0.01830893
v -0.00690382 -0.00074964 0.01830166
v -0.00683986 -0.00136108 0.01802523
v -0.00693354 -0.00058530 0.01808995
v -0.00694451 -0.00033369 0.01820069
v -0.00696288 0.00011573 0.01817956
v -0.00668252 -0.00212751 0.01792562
v -0.00657047 -0.00206468 0.01946032
v -0.00667298 -0.00180618 0.01905084
v -0.00673928 -0.00159034 0.01881367
v -0.00676105 -0.00150952 0.01874004
v -0.00684154 -0.00114700 0.01848216
v -0.00640927 -0.00229765 0.02034486
v -0.00647669 -0.00223102 0.01991199
v -0.00645672 -0.00286864 0.01780140
v -0.00653705 -0.00213163 0.01960939
v -0.00637922 -0.00198132 0.02164741
v -0.00635661 -0.00217437 0.02123079
v -0.00604982 -0.00308544 0.02050454
v -0.00535663 -0.00447034 0.01886511
v -0.00577447 -0.00392954 0.01895845
v -0.00605414 -0.00403615 0.01507683
v -0.00615767 -0.00356850 0.01766288
v -0.00647329 -0.00306887 0.01650315
v -0.00190507 0.00312040 0.02418114
v -0.00177708 0.00262226 0.02426547
v -0.00132730 0.00291148 0.02401370
v -0.00048612 0.00352110 0.02336867
v -0.00089811 0.00321038 0.02371734
v -0.00162002 0.00210164 0.02430519
v -0.00166888 0.00504468 0.02286454
v -0.00228383 0.00488755 0.02318431
v -0.00153458 0.00471725 0.02315114
v -0.00219490 0.00447940 0.02355812
v -0.00139290 0.00436792 0.02337022
v -0.00210692 0.00404663 0.02384011
v -0.00161909 0.00377993 0.02381021
v -0.00201268 0.00359392 0.02404322
v -0.00337530 0.00182706 0.02485644
v -0.00330500 0.00105420 0.02490753
v -0.00293857 0.00480480 0.02340261
v -0.00290613 0.00434692 0.02383958
v -0.00289080 0.00384609 0.02417172
v -0.00287417 0.00330389 0.02441221
v -0.00284033 0.00271761 0.02457491
v -0.00278185 0.00207126 0.02467510
v -0.00267939 0.00139436 0.02472223
v -0.00322223 0.00068927 0.02490768
v -0.00124151 0.00399993 0.02353145
v -0.00088234 0.00424874 0.02319984
v -0.00563071 0.00182465 0.02187601
v -0.00570600 0.00118609 0.02301797
v -0.00351174 0.00447749 0.02113312
v -0.00414374 0.00411760 0.02111637
v -0.00418988 0.00447975 0.01870701
v -0.00327346 0.00537280 0.01458166
v -0.00282849 0.00543765 0.01451097
v -0.00310616 0.00530602 0.01542714
v -0.00428829 0.00487261 0.01566979
v -0.00391498 0.00507834 0.01557318
v -0.00406588 0.00488841 0.01653069
v 0.00145138 0.00556094 0.00848167
v 0.00109343 0.00540282 0.00919398
v -0.00147186 0.00542964 0.01335809
v -0.00190989 0.00538096 0.01433083
v -0.00237120 0.00543486 0.01445986
v -0.00223850 0.00530194 0.01523278
v -0.00396341 0.00394794 0.02303891
v -0.00627134 0.00103173 0.01567054
v -0.00634213 -0.00005130 0.01545243
v -0.00590233 0.00268835 0.01544062
v -0.00606667 0.00215489 0.01553316
v -0.00544958 0.00366039 0.01522506
v -0.00516534 0.00408579 0.01510890
v -0.00524290 0.00391962 0.01600991
v -0.00569596 0.00319240 0.01533678
v -0.00473098 0.00441195 0.01672056
v -0.00477737 0.00420400 0.01772900
v -0.00478028 0.00399740 0.01882212
v -0.00283897 0.00462329 0.02220867
v -0.00283794 0.00462085 0.02225841
v -0.00292368 0.00458673 0.02237867
v -0.00297022 0.00456595 0.02245237
v -0.00310154 0.00449938 0.02267373
v -0.00327222 0.00439990 0.02292483
v -0.00335078 0.00434993 0.02302178
v -0.00351375 0.00478585 0.01864388
v -0.00282984 0.00485441 0.01912174
v -0.00284933 0.00479168 0.01980531
v -0.00285202 0.00477758 0.01996858
v -0.00285402 0.00476388 0.02013164
v -0.00285488 0.00475664 0.02021973
v -0.00285552 0.00474951 0.02030765
v -0.00279078 0.00493030 0.01837515
v -0.00344533 0.00496466 0.01746657
v -0.00267152 0.00506784 0.01718644
v -0.00331148 0.00514383 0.01640275
v -0.00248503 0.00519748 0.01614599
v -0.00236569 0.00525492 0.01566412
v -0.00031345 0.00541752 0.01125491
v -0.00080550 0.00543487 0.01209252
v -0.00157964 0.00554845 0.01268768
v -0.00110787 0.00543927 0.01264403
v -0.00121699 0.00543845 0.01285165
v 0.00026604 0.00559616 0.00955428
v 0.00078036 0.00539125 0.00961133
v 0.00105146 0.00570669 0.00848141
v -0.00040448 0.00574251 0.00960128
v 0.00009796 0.00593222 0.00848083
v -0.00108799 0.00580331 0.00965313
v -0.00013488 0.00596289 0.00848070
v -0.00177378 0.00577680 0.00970862
v -0.00130468 0.00597895 0.00848000
v -0.00245115 0.00566132 0.00976655
v -0.00225582 0.00582069 0.00848129
v -0.00267968 0.00569814 0.00848105
v -0.00310916 0.00545720 0.00982573
v -0.00292110 0.00561283 0.00848111
v -0.00547166 0.00364287 0.01177440
v -0.00581399 0.00309215 0.01185169
v -0.00350628 0.00535471 0.00848285
v -0.00412863 0.00495720 0.01150742
v -0.00395101 0.00510447 0.00848553
v -0.00462310 0.00458289 0.01160015
v -0.00415379 0.00497304 0.00848712
v -0.00507273 0.00414229 0.01168986
v -0.00476408 0.00450107 0.00848977
v -0.00529986 0.00396956 0.00848079
v -0.00587304 0.00290479 0.01364089
v -0.00609047 0.00233664 0.01372299
v -0.00625523 0.00174102 0.01379154
v -0.00484542 0.00446205 0.01499173
v -0.00463629 0.00460834 0.01577723
v -0.00370188 0.00524123 0.01466852
v -0.00410956 0.00504388 0.01476811
v -0.00449220 0.00478291 0.01487699
v -0.00415564 0.00468371 0.01756751
v 0.00043830 0.00539143 0.01009531
v -0.00065409 0.00556635 0.01100551
v -0.00125010 0.00566538 0.01107209
v -0.00185085 0.00568495 0.01114833
v -0.00244777 0.00562399 0.01123209
v -0.00303228 0.00548148 0.01132127
v -0.00359559 0.00525817 0.01141374
v -0.00210270 0.00559841 0.01275209
v -0.00262128 0.00557409 0.01283080
v -0.00312912 0.00547546 0.01292101
v -0.00361993 0.00530257 0.01301994
v -0.00408730 0.00505692 0.01312480
v -0.00452461 0.00474204 0.01323283
v -0.00492590 0.00436244 0.01334122
v -0.00528698 0.00392492 0.01344723
v -0.00560399 0.00343664 0.01354804
v -0.00636828 0.00112787 0.01384379
v -0.00563232 0.00084983 0.02332420
v -0.00391457 0.00388397 0.02325542
v -0.00395831 0.00394102 0.02308810
v -0.00346841 0.00416184 0.02328785
v -0.00342981 0.00427757 0.02313941
v -0.00304169 0.00394966 0.02347894
v -0.00305587 0.00394972 0.02347889
v -0.00284684 -0.00495048 0.01980532
v -0.00283909 -0.00499453 0.01947105
v -0.00298407 -0.00494609 0.01968718
v -0.00267392 -0.00529250 0.01723217
v -0.00278982 -0.00513704 0.01840621
v -0.00284537 -0.00471819 0.02170637
v -0.00303512 -0.00457442 0.02242605
v -0.00283950 -0.00468072 0.02205991
v -0.00630981 -0.00070909 0.01543721
v -0.00622203 -0.00140211 0.01538687
v -0.00614288 -0.00047503 0.01822637
v -0.00607872 -0.00208318 0.01530709
v -0.00587951 -0.00273849 0.01520371
v -0.00555067 -0.00353484 0.01370541
v -0.00517253 -0.00411398 0.01358249
v -0.00473464 -0.00461953 0.01345261
v -0.00562403 -0.00335426 0.01508259
v -0.00531217 -0.00391686 0.01494957
v -0.00494737 -0.00441513 0.01481054
v -0.00281356 0.00405646 0.02339352
v -0.00281191 0.00394973 0.02347909
v -0.00281685 0.00420755 0.02323467
v -0.00282291 0.00438433 0.02295721
v -0.00281084 -0.00005047 0.02347908
v -0.00280979 -0.00395068 0.02347909
v -0.00305370 -0.00395074 0.02347894
v -0.00064491 -0.00749841 -0.00071294
v -0.00315835 -0.00711770 -0.00343122
v 0.00485520 0.00492823 0.00288563
v 0.00355574 0.00610674 0.00288485
v 0.00201806 0.00695115 0.00288393
v 0.00032628 0.00741526 0.00288291
v -0.00142702 0.00747368 0.00288185
v -0.00070775 0.00749955 -0.00080202
v -0.00124377 0.00748667 -0.00152847
v -0.00313438 0.00712575 -0.00340847
v -0.00296505 0.00717917 -0.00326657
v -0.00314594 0.00712320 0.00288080
v -0.00246767 0.00731115 -0.00282602
v -0.00183962 0.00742701 -0.00220725
v -0.00166348 0.00744966 -0.00201755
v -0.00141826 0.00747417 -0.00173881
v -0.00380067 0.00687114 -0.00393279
v -0.00473642 0.00638301 0.00287985
v -0.00446419 0.00654068 -0.00440959
v -0.00610509 0.00529492 -0.00544649
v -0.00571125 0.00566273 -0.00521352
v -0.00611144 0.00529360 0.00287900
v -0.00511105 0.00613282 -0.00483989
v -0.00472935 0.00638458 -0.00458968
v -0.00626439 0.00513009 -0.00553815
v -0.00719578 0.00391458 0.00287836
v -0.00676575 0.00453634 -0.00581762
v -0.00793011 0.00232139 0.00287791
v -0.00792436 0.00232180 -0.00641671
v -0.00787561 0.00246655 -0.00639277
v -0.00757785 0.00319601 -0.00624412
v -0.00720645 0.00388818 -0.00605288
v -0.00719026 0.00391478 -0.00604440
v -0.00809674 0.00170337 -0.00650048
v -0.00827426 0.00060120 0.00287770
v -0.00823659 0.00091557 -0.00656770
v -0.00820364 -0.00115222 -0.00655296
v -0.00826174 -0.00068032 -0.00658030
v -0.00820940 -0.00115188 0.00287774
v -0.00829164 0.00012390 -0.00659413
v -0.00826852 0.00060136 -0.00658301
v -0.00773907 -0.00284194 0.00287802
v -0.00794570 -0.00225503 -0.00642875
v -0.00814582 -0.00147696 -0.00652549
v -0.00730475 -0.00372103 -0.00610535
v -0.00766411 -0.00300589 -0.00628906
v -0.00773326 -0.00284253 -0.00632372
v -0.00570572 -0.00567163 0.00287926
v -0.00569941 -0.00567286 -0.00520819
v -0.00688901 -0.00437651 0.00287854
v -0.00583373 -0.00555381 -0.00528872
v -0.00639503 -0.00498693 -0.00561375
v -0.00688360 -0.00437666 -0.00588268
v -0.00689561 -0.00435989 -0.00588914
v -0.00522493 -0.00605088 -0.00491463
v -0.00456942 -0.00648034 -0.00448407
v -0.00424615 -0.00665824 -0.00425980
v -0.00387078 -0.00683988 -0.00398784
v -0.00757816 0.00552174 -0.00624482
v -0.00884948 0.00331302 -0.00685173
v -0.00807476 0.00481370 -0.00648939
v -0.00851018 0.00405165 -0.00669589
v -0.00910969 -0.00259442 -0.00696864
v -0.00880250 -0.00342572 -0.00683125
v -0.00840566 -0.00424981 -0.00664818
v -0.00794043 -0.00501919 -0.00642682
v -0.00743921 -0.00569634 -0.00617414
v -0.00690128 -0.00629675 -0.00589099
v -0.00708844 0.00610107 -0.00599053
v -0.00915770 0.00243805 -0.00698909
v -0.00906917 0.00012187 -0.00695056
v -0.00936970 0.00157128 -0.00708098
v -0.00948718 0.00074992 -0.00713152
v -0.00933701 -0.00173311 -0.00706772
v -0.00947511 -0.00086991 -0.00712672
v -0.00952246 -0.00002884 -0.00714696
v -0.00902883 0.00283816 -0.00693208
v -0.00658024 -0.00350029 0.00565000
v -0.00266592 -0.00010044 0.01715380
v -0.00281573 -0.00005048 0.02323830
v -0.00283163 -0.00456446 0.02246125
v -0.00282544 -0.00446293 0.02277968
v -0.00281616 -0.00420747 0.02323594
v -0.00282278 -0.00440519 0.02291617
v -0.00306202 -0.00395076 0.02347892
v -0.00228121 -0.00488822 0.02318430
v -0.00322186 -0.00069044 0.02490769
v -0.00337432 -0.00182831 0.02485644
v -0.00048423 -0.00352080 0.02336867
v -0.00089638 -0.00321030 0.02371735
v -0.00123936 -0.00400003 0.02353145
v -0.00161706 -0.00378024 0.02381020
v -0.00190339 -0.00312087 0.02418114
v -0.00201074 -0.00359444 0.02404322
v -0.00088006 -0.00424865 0.02319984
v -0.00139055 -0.00436811 0.02337023
v -0.00153204 -0.00471751 0.02315115
v -0.00210474 -0.00404720 0.02384010
v -0.00166617 -0.00504502 0.02286454
v -0.00132574 -0.00291163 0.02401370
v -0.00177567 -0.00262266 0.02426546
v -0.00330443 -0.00105541 0.02490752
v -0.00267864 -0.00139524 0.02472223
v -0.00278073 -0.00207220 0.02467509
v -0.00283887 -0.00271857 0.02457490
v -0.00293599 -0.00480581 0.02340261
v -0.00290379 -0.00434792 0.02383958
v -0.00288874 -0.00384708 0.02417172
v -0.00219250 -0.00448002 0.02355813
v -0.00287240 -0.00330487 0.02441221
v -0.00161889 -0.00210195 0.02430519
v -0.00479223 0.00551776 0.01831662
v -0.00554717 0.00521074 0.02109083
v -0.00703929 -0.00605680 -0.00278905
v -0.00685128 -0.00614971 -0.00050117
v -0.00582921 -0.00667146 0.00755119
v -0.00692891 -0.00537351 0.00843279
v -0.00752779 -0.00448154 0.00900442
v -0.00774092 -0.00437619 0.00704334
v -0.00793187 -0.00349632 0.01127051
v -0.00839882 -0.00238449 0.01168954
v -0.00855410 -0.00236342 0.01006083
v -0.00571466 -0.00455037 0.02254211
v -0.00560934 -0.00626344 0.01560383
v -0.00872034 0.00120506 0.01198480
v -0.00880838 0.00060346 0.01206734
v -0.00667437 0.00521752 0.01387549
v -0.00545441 0.00573137 0.01940875
v -0.00532695 0.00539854 0.02104138
v -0.00931570 -0.00192066 -0.00477522
v -0.00903267 -0.00284710 -0.00489786
v -0.00865983 -0.00373426 -0.00502956
v -0.00821060 -0.00456907 -0.00514726
v -0.00769843 -0.00533846 -0.00522785
v -0.00713673 -0.00602933 -0.00524828
v -0.00949493 -0.00098365 -0.00188622
v -0.00956469 -0.00000229 -0.00183635
v -0.00949546 0.00097910 -0.00188623
v -0.00903421 0.00284280 -0.00489786
v -0.00514404 0.00504812 0.02238083
v -0.00555400 0.00601815 0.01756248
v -0.00612212 0.00593163 0.01371354
v -0.00611973 0.00572887 0.01562262
v -0.00782470 0.00345907 0.01280044
v -0.00728160 0.00446602 0.01245160
v -0.00723994 0.00435040 0.01406583
v -0.00840010 0.00238054 0.01168954
v -0.00883916 -0.00000210 0.01209651
v -0.00880806 -0.00060763 0.01206733
v -0.00871969 -0.00120918 0.01198481
v -0.00827745 -0.00236165 0.01310511
v -0.00782284 -0.00346272 0.01280044
v -0.00727920 -0.00446938 0.01245159
v -0.00667157 -0.00522055 0.01387548
v -0.00723760 -0.00435372 0.01406585
v -0.00611893 -0.00593436 0.01371353
v -0.00563422 -0.00645950 0.01359906
v -0.00555076 -0.00602058 0.01756248
v -0.00532404 -0.00540084 0.02104137
v -0.00514133 -0.00505032 0.02238082
v -0.00652910 -0.00316466 0.02363935
v -0.00604463 -0.00382831 0.02341659
v -0.00553084 -0.00440389 0.02317582
v -0.00653080 0.00316171 0.02363934
v -0.00604669 0.00382562 0.02341660
v -0.00659512 0.00628991 0.00162127
v -0.00603952 0.00658651 0.00559149
v -0.00713997 0.00602606 -0.00524828
v -0.00704254 0.00605358 -0.00278906
v -0.00770129 0.00533488 -0.00522786
v -0.00685458 0.00614659 -0.00050116
v -0.00760401 0.00537747 -0.00271884
v -0.00821306 0.00456522 -0.00514726
v -0.00741348 0.00549053 -0.00035550
v -0.00812839 0.00461410 -0.00257595
v -0.00866184 0.00373017 -0.00502957
v -0.00737660 0.00450955 0.01078746
v -0.00808935 0.00346427 0.00957032
v -0.00793375 0.00349261 0.01127051
v -0.00873382 0.00229602 0.00810771
v -0.00915072 -0.00000218 0.00858839
v -0.00912172 0.00058101 0.00855392
v -0.00903849 0.00116076 0.00845642
v -0.00583279 0.00666889 0.00755119
v -0.00657115 0.00600564 0.00596174
v -0.00714835 0.00565787 0.00185616
v -0.00795430 0.00473183 -0.00011941
v -0.00859771 0.00377804 -0.00239083
v -0.00942789 -0.00000225 0.00371557
v -0.00940461 0.00053054 0.00369041
v -0.00933723 0.00106078 0.00361936
v -0.00908674 0.00210332 0.00336642
v -0.00737417 -0.00451295 0.01078747
v -0.00808749 -0.00346806 0.00957032
v -0.00912141 -0.00058536 0.00855391
v -0.00903786 -0.00116505 0.00845642
v -0.00940432 -0.00053503 0.00369040
v -0.00933666 -0.00106523 0.00361938
v -0.00873259 -0.00230015 0.00810771
v -0.00828393 -0.00337977 0.00761309
v -0.00908560 -0.00210764 0.00336642
v -0.00870784 -0.00310896 0.00301017
v -0.00678109 -0.00540263 0.01030012
v -0.00620819 -0.00613341 0.00986781
v -0.00571105 -0.00667328 0.00954988
v -0.00634474 -0.00611361 0.00792515
v -0.00715257 -0.00526170 0.00646929
v -0.00823647 -0.00404866 0.00260407
v -0.00714531 -0.00566115 0.00185615
v -0.00659174 -0.00629289 0.00162126
v -0.00603598 -0.00658919 0.00559150
v -0.00770459 -0.00490623 0.00220158
v -0.00656792 -0.00600861 0.00596174
v -0.00921953 -0.00201542 0.00072008
v -0.00944090 -0.00101742 0.00090658
v -0.00760112 -0.00538099 -0.00271884
v -0.00741053 -0.00549395 -0.00035550
v -0.00812591 -0.00461791 -0.00257595
v -0.00795176 -0.00473554 -0.00011942
v -0.00859568 -0.00378210 -0.00239083
v -0.00845018 -0.00389158 0.00016596
v -0.00899244 -0.00288809 -0.00219389
v -0.00888103 -0.00297918 0.00045950
v -0.00929818 -0.00195042 -0.00201553
v -0.00670032 -0.00534983 0.01210283
v -0.00614118 -0.00607098 0.01179628
v -0.00565709 -0.00659937 0.01157345
v -0.00553321 0.00440147 0.02317582
v -0.00571711 0.00454786 0.02254210
v -0.00561271 0.00626099 0.01560382
v -0.00563770 0.00645703 0.01359907
v -0.00899399 0.00288382 -0.00219389
v -0.00845227 0.00388760 0.00016595
v -0.00770722 0.00490265 0.00220157
v -0.00715540 0.00525842 0.00646929
v -0.00634803 0.00611076 0.00792516
v -0.00571464 0.00667077 0.00954987
v -0.00566064 0.00659689 0.01157346
v -0.00929923 0.00194599 -0.00201554
v -0.00922061 0.00201103 0.00072008
v -0.00888263 0.00297496 0.00045950
v -0.00870951 0.00310484 0.00301017
v -0.00823864 0.00404480 0.00260407
v -0.00828575 0.00337587 0.00761308
v -0.00774327 0.00437259 0.00704334
v -0.00753020 0.00447805 0.00900442
v -0.00693179 0.00537035 0.00843280
v -0.00678399 0.00539955 0.01030012
v -0.00621148 0.00613063 0.00986781
v -0.00670319 0.00534679 0.01210284
v -0.00614444 0.00606824 0.01179627
f 1 2 3
f 3 2 4
f 3 4 5
f 5 4 6
f 5 6 7
f 7 6 8
f 7 8 9
f 9 8 10
f 9 10 11
f 11 10 12
f 11 12 13
f 13 12 14
f 13 14 15
f 15 14 16
f 15 16 17
f 17 16 18
f 17 18 19
f 19 18 20
f 19 20 21
f 21 20 22
f 21 22 23
f 23 22 24
f 23 24 1
f 1 24 2
f 25 26 27
f 25 27 28
f 28 27 29
f 28 29 30
f 30 29 31
f 30 31 32
f 33 34 35
f 35 34 36
f 34 37 36
f 36 37 38
f 36 38 39
f 39 38 40
f 39 40 41
f 42 43 44
f 44 43 45
f 44 45 46
f 46 45 47
f 46 47 48
f 48 47 49
f 48 49 50
f 50 49 39
f 50 39 51
f 51 39 41
f 51 41 52
f 53 54 42
f 42 54 55
f 42 55 43
f 56 57 58
f 58 57 59
f 58 59 60
f 53 61 54
f 54 61 62
f 54 62 63
f 63 62 58
f 63 58 64
f 64 58 60
f 64 60 65
f 66 67 68
f 68 67 69
f 68 69 70
f 71 72 73
f 73 72 74
f 73 74 66
f 66 74 75
f 66 75 67
f 76 77 78
f 79 80 69
f 69 80 81
f 69 81 70
f 70 81 82
f 70 82 83
f 83 82 84
f 76 78 85
f 85 78 86
f 85 86 87
f 71 73 78
f 78 73 88
f 78 88 86
f 69 89 79
f 79 89 90
f 89 91 90
f 90 91 92
f 90 92 93
f 92 91 94
f 94 91 95
f 94 95 96
f 96 95 97
f 96 97 98
f 98 97 99
f 98 99 100
f 100 99 101
f 100 101 102
f 102 101 103
f 102 103 104
f 104 103 105
f 106 107 108
f 108 107 109
f 108 109 110
f 104 105 111
f 111 105 112
f 111 112 113
f 114 115 108
f 108 115 116
f 117 118 119
f 119 118 120
f 119 120 108
f 108 120 121
f 108 121 106
f 113 112 122
f 122 112 108
f 122 108 123
f 123 108 110
f 123 110 124
f 125 119 126
f 126 119 108
f 126 108 127
f 127 108 116
f 128 129 130
f 130 129 131
f 132 133 134
f 135 136 137
f 134 133 138
f 138 133 139
f 138 139 140
f 140 139 141
f 140 141 142
f 142 141 143
f 142 143 130
f 130 143 144
f 130 144 128
f 137 136 145
f 146 147 148
f 149 150 151
f 151 150 130
f 151 130 152
f 152 130 131
f 134 153 132
f 132 153 154
f 132 154 155
f 155 154 156
f 155 156 157
f 157 156 158
f 157 158 159
f 159 158 160
f 159 160 161
f 136 162 145
f 145 162 146
f 145 146 163
f 163 146 148
f 164 165 147
f 147 165 166
f 147 166 148
f 160 167 161
f 161 167 168
f 161 168 169
f 169 168 170
f 169 170 171
f 171 170 172
f 171 172 137
f 137 172 173
f 137 173 135
f 164 147 174
f 174 147 175
f 174 175 176
f 176 175 177
f 176 177 149
f 149 177 178
f 149 178 150
f 179 143 141
f 143 179 144
f 139 180 141
f 141 180 181
f 141 181 179
f 182 179 181
f 59 182 60
f 60 182 65
f 65 182 183
f 183 182 181
f 183 181 184
f 184 181 180
f 184 180 185
f 186 187 184
f 36 76 85
f 85 87 188
f 188 33 85
f 85 33 35
f 85 35 36
f 189 76 190
f 190 76 191
f 189 192 76
f 76 192 193
f 76 193 77
f 194 195 196
f 196 195 197
f 196 197 198
f 198 197 77
f 198 77 199
f 199 77 193
f 194 200 195
f 195 200 201
f 195 201 202
f 202 201 203
f 202 203 204
f 204 203 205
f 204 205 206
f 206 205 207
f 207 208 206
f 206 208 209
f 206 209 210
f 210 209 211
f 210 211 212
f 211 213 212
f 212 213 214
f 212 214 215
f 214 216 215
f 215 216 217
f 215 217 218
f 217 219 218
f 218 219 220
f 218 220 221
f 220 222 221
f 221 222 223
f 221 223 224
f 224 223 225
f 225 226 224
f 224 226 227
f 224 227 228
f 228 227 229
f 228 229 230
f 229 231 230
f 230 231 232
f 230 232 233
f 233 232 234
f 233 234 235
f 235 234 236
f 235 236 237
f 184 187 183
f 183 187 238
f 183 238 239
f 236 240 237
f 237 240 241
f 237 241 242
f 242 241 243
f 242 243 185
f 185 243 244
f 185 244 184
f 184 244 245
f 184 245 186
f 47 45 246
f 246 247 47
f 47 247 248
f 47 248 49
f 248 249 49
f 49 249 250
f 49 250 251
f 251 252 49
f 49 252 253
f 49 253 39
f 39 253 254
f 39 254 36
f 36 254 255
f 36 255 76
f 76 255 256
f 76 256 191
f 55 257 258
f 55 258 43
f 258 259 43
f 43 259 260
f 43 260 45
f 45 260 261
f 45 261 246
f 65 183 64
f 64 183 239
f 64 239 63
f 63 239 262
f 63 262 54
f 262 263 54
f 54 263 264
f 54 264 55
f 55 264 265
f 55 265 257
f 242 185 180
f 242 180 237
f 237 180 266
f 237 266 235
f 235 266 267
f 235 267 233
f 233 267 230
f 230 267 268
f 230 268 228
f 228 268 224
f 224 268 269
f 224 269 221
f 221 269 218
f 218 269 270
f 218 270 215
f 215 270 212
f 212 270 271
f 212 271 210
f 210 271 206
f 206 271 272
f 206 272 204
f 204 272 202
f 202 272 273
f 202 273 195
f 78 77 273
f 273 77 197
f 273 197 195
f 78 137 71
f 71 137 145
f 274 72 145
f 145 72 71
f 275 89 69
f 275 69 276
f 69 67 276
f 276 67 75
f 276 75 277
f 277 75 74
f 277 74 278
f 278 74 72
f 278 72 274
f 145 163 274
f 274 163 279
f 274 279 278
f 278 279 277
f 277 279 280
f 277 280 276
f 276 280 275
f 275 280 91
f 275 91 89
f 164 281 165
f 165 281 282
f 165 282 166
f 166 282 283
f 166 283 148
f 148 283 284
f 148 284 163
f 163 284 279
f 281 285 282
f 282 285 286
f 282 286 283
f 283 286 287
f 283 287 284
f 284 287 288
f 284 288 279
f 279 288 280
f 285 101 286
f 286 101 99
f 286 99 287
f 287 99 97
f 287 97 288
f 288 97 95
f 288 95 280
f 280 95 91
f 164 174 289
f 164 289 281
f 281 289 290
f 281 290 285
f 291 290 292
f 292 290 289
f 292 289 293
f 293 289 174
f 293 174 176
f 291 105 290
f 290 105 103
f 290 103 285
f 285 103 101
f 293 176 149
f 292 294 291
f 291 294 295
f 291 295 105
f 105 295 112
f 296 294 297
f 297 294 292
f 297 292 298
f 298 292 293
f 298 293 299
f 299 293 149
f 300 301 302
f 149 303 299
f 299 303 304
f 299 304 298
f 298 304 297
f 151 152 300
f 296 297 302
f 302 297 304
f 302 304 300
f 300 304 303
f 300 303 151
f 151 303 149
f 137 78 273
f 137 273 171
f 171 273 272
f 171 272 169
f 169 272 271
f 169 271 161
f 161 271 270
f 161 270 159
f 159 270 269
f 159 269 157
f 157 269 268
f 157 268 155
f 155 268 267
f 155 267 132
f 132 267 266
f 132 266 133
f 133 266 180
f 133 180 139
f 305 177 306
f 306 177 175
f 306 175 307
f 307 175 147
f 307 147 308
f 308 147 146
f 308 146 309
f 309 146 162
f 309 162 310
f 310 162 136
f 310 136 311
f 311 136 135
f 311 135 312
f 312 135 173
f 312 173 313
f 313 173 172
f 313 172 314
f 314 172 170
f 314 170 315
f 315 170 168
f 315 168 316
f 316 168 167
f 316 167 317
f 317 167 160
f 317 160 318
f 318 160 158
f 318 158 319
f 319 158 156
f 319 156 320
f 320 156 154
f 320 154 321
f 321 154 153
f 321 153 322
f 322 153 134
f 322 134 323
f 323 134 138
f 323 138 324
f 324 138 140
f 324 140 325
f 325 140 142
f 325 142 326
f 326 142 130
f 326 130 327
f 327 130 150
f 327 150 328
f 328 150 178
f 328 178 305
f 305 178 177
f 225 223 329
f 238 187 330
f 330 187 186
f 330 186 331
f 331 186 245
f 331 245 332
f 330 333 238
f 238 333 334
f 238 334 239
f 334 335 239
f 239 335 336
f 239 336 262
f 262 336 337
f 262 337 263
f 263 337 338
f 263 338 264
f 264 338 339
f 264 339 265
f 265 339 340
f 265 340 257
f 257 340 341
f 257 341 258
f 258 341 342
f 258 342 259
f 259 342 343
f 259 343 260
f 260 343 344
f 260 344 261
f 344 345 261
f 261 345 346
f 261 346 246
f 246 346 347
f 246 347 247
f 247 347 348
f 247 348 248
f 248 348 349
f 248 349 249
f 249 349 350
f 249 350 250
f 250 350 351
f 250 351 251
f 251 351 252
f 252 351 352
f 252 352 253
f 253 352 353
f 253 353 254
f 254 353 354
f 254 354 255
f 354 355 255
f 255 355 356
f 255 356 256
f 256 356 357
f 256 357 191
f 191 357 358
f 191 358 190
f 190 358 189
f 189 358 359
f 189 359 192
f 192 359 360
f 192 360 193
f 193 360 199
f 199 360 361
f 199 361 198
f 361 362 198
f 198 362 363
f 198 363 196
f 196 363 364
f 196 364 194
f 364 365 194
f 194 365 366
f 194 366 200
f 200 366 367
f 200 367 201
f 201 367 203
f 203 367 368
f 203 368 205
f 368 369 205
f 205 369 370
f 205 370 207
f 207 370 371
f 207 371 208
f 208 371 372
f 208 372 209
f 209 372 211
f 372 373 211
f 211 373 374
f 211 374 213
f 213 374 375
f 213 375 214
f 214 375 376
f 214 376 216
f 216 376 377
f 216 377 217
f 217 377 378
f 217 378 219
f 219 378 379
f 329 223 380
f 380 223 222
f 380 222 379
f 379 222 220
f 379 220 219
f 381 234 382
f 382 234 232
f 382 232 383
f 383 232 231
f 383 231 384
f 384 231 229
f 384 229 385
f 385 229 227
f 385 227 329
f 329 227 226
f 329 226 225
f 381 386 234
f 234 386 387
f 234 387 236
f 236 387 388
f 236 388 240
f 240 388 389
f 240 389 241
f 241 389 390
f 241 390 243
f 243 390 391
f 243 391 244
f 244 391 392
f 244 392 245
f 245 392 393
f 245 393 332
f 394 326 327
f 394 327 395
f 396 324 394
f 394 324 325
f 394 325 326
f 397 398 320
f 320 321 397
f 397 321 322
f 397 322 396
f 396 322 323
f 396 323 324
f 399 400 316
f 316 317 399
f 399 317 318
f 399 318 398
f 398 318 319
f 398 319 320
f 401 313 402
f 402 313 314
f 402 314 400
f 400 314 315
f 400 315 316
f 403 311 401
f 401 311 312
f 401 312 313
f 404 309 403
f 403 309 310
f 403 310 311
f 405 307 404
f 404 307 308
f 404 308 309
f 327 328 395
f 395 328 305
f 395 305 405
f 405 305 306
f 405 306 307
f 370 369 406
f 332 393 407
f 407 393 392
f 407 392 408
f 408 392 391
f 334 333 409
f 409 333 330
f 409 330 407
f 407 330 331
f 407 331 332
f 334 409 335
f 335 409 410
f 335 410 336
f 340 339 411
f 411 339 338
f 411 338 410
f 410 338 337
f 410 337 336
f 346 345 412
f 412 345 344
f 344 343 412
f 412 343 342
f 412 342 411
f 411 342 341
f 411 341 340
f 350 349 413
f 413 349 348
f 413 348 412
f 412 348 347
f 412 347 346
f 354 414 355
f 355 414 415
f 355 415 356
f 356 415 357
f 354 353 414
f 414 353 352
f 414 352 413
f 413 352 351
f 413 351 350
f 357 415 358
f 358 415 416
f 358 416 359
f 359 416 360
f 360 416 417
f 360 417 361
f 365 364 418
f 418 364 363
f 418 363 417
f 417 363 362
f 417 362 361
f 369 368 406
f 406 368 367
f 406 367 418
f 418 367 366
f 418 366 365
f 419 372 406
f 406 372 371
f 406 371 370
f 375 374 419
f 419 374 373
f 419 373 372
f 375 419 376
f 376 419 420
f 376 420 377
f 329 380 421
f 421 380 379
f 421 379 420
f 420 379 378
f 420 378 377
f 387 386 422
f 422 386 381
f 422 381 423
f 423 381 382
f 382 383 423
f 423 383 384
f 423 384 421
f 421 384 385
f 421 385 329
f 391 390 408
f 408 390 389
f 408 389 422
f 422 389 388
f 422 388 387
f 424 399 425
f 425 399 398
f 425 398 426
f 426 398 397
f 426 397 427
f 427 397 396
f 427 396 428
f 428 396 394
f 428 394 429
f 429 394 395
f 429 395 430
f 430 395 405
f 430 405 431
f 431 405 404
f 431 404 432
f 432 404 403
f 432 403 433
f 433 403 401
f 433 401 434
f 434 401 402
f 434 402 435
f 435 402 400
f 435 400 424
f 424 400 399
f 430 412 429
f 429 412 411
f 429 411 428
f 432 415 431
f 431 415 414
f 431 414 430
f 430 414 413
f 430 413 412
f 426 422 425
f 425 422 423
f 425 423 424
f 411 410 428
f 428 410 409
f 428 409 427
f 427 409 407
f 427 407 426
f 426 407 408
f 426 408 422
f 434 418 433
f 433 418 417
f 433 417 432
f 432 417 416
f 432 416 415
f 423 421 424
f 424 421 420
f 424 420 435
f 435 420 419
f 435 419 434
f 434 419 406
f 434 406 418
f 436 437 438
f 438 437 439
f 438 439 440
f 441 442 438
f 438 442 443
f 438 443 436
f 444 445 438
f 438 445 446
f 438 446 441
f 440 447 438
f 438 447 448
f 438 448 444
f 440 449 447
f 447 449 450
f 447 450 448
f 448 450 451
f 448 451 444
f 444 451 452
f 444 452 445
f 445 452 453
f 445 453 446
f 446 453 454
f 446 454 441
f 441 454 455
f 441 455 442
f 442 455 456
f 442 456 443
f 443 456 457
f 443 457 436
f 436 457 458
f 436 458 437
f 437 458 459
f 437 459 439
f 439 459 460
f 439 460 440
f 440 460 449
f 461 462 463
f 463 462 464
f 463 464 465
f 465 464 466
f 465 466 467
f 467 466 468
f 467 468 469
f 469 468 470
f 469 470 471
f 471 470 472
f 471 472 473
f 473 472 474
f 473 474 475
f 475 474 476
f 475 476 477
f 477 476 478
f 477 478 479
f 479 478 480
f 479 480 481
f 481 480 482
f 481 482 483
f 483 482 484
f 483 484 485
f 485 484 486
f 485 486 461
f 461 486 462
f 487 488 1
f 1 488 489
f 1 489 23
f 23 489 490
f 23 490 21
f 21 490 491
f 21 491 19
f 19 491 492
f 19 492 17
f 17 492 493
f 17 493 15
f 15 493 494
f 15 494 13
f 13 494 495
f 13 495 11
f 11 495 496
f 11 496 9
f 9 496 497
f 9 497 7
f 7 497 498
f 7 498 5
f 5 498 499
f 5 499 3
f 3 499 487
f 3 487 1
f 485 500 483
f 483 500 501
f 483 501 481
f 481 501 502
f 481 502 479
f 479 502 503
f 479 503 477
f 477 503 504
f 477 504 475
f 475 504 505
f 475 505 473
f 473 505 506
f 473 506 471
f 471 506 507
f 471 507 469
f 469 507 508
f 469 508 467
f 467 508 509
f 467 509 465
f 465 509 510
f 465 510 463
f 463 510 511
f 463 511 461
f 461 511 512
f 461 512 485
f 485 512 500
f 496 512 497
f 497 512 511
f 497 511 498
f 498 511 510
f 498 510 499
f 499 510 509
f 499 509 487
f 487 509 508
f 487 508 488
f 488 508 507
f 488 507 489
f 489 507 506
f 489 506 490
f 490 506 505
f 490 505 491
f 491 505 504
f 491 504 492
f 492 504 503
f 492 503 493
f 493 503 502
f 493 502 494
f 494 502 501
f 494 501 495
f 495 501 500
f 495 500 496
f 496 500 512
f 513 514 16
f 16 514 515
f 16 515 18
f 18 515 516
f 18 516 20
f 20 516 517
f 20 517 22
f 22 517 518
f 22 518 24
f 24 518 519
f 24 519 2
f 2 519 520
f 2 520 4
f 4 520 521
f 4 521 6
f 6 521 522
f 6 522 8
f 8 522 523
f 8 523 10
f 10 523 524
f 10 524 12
f 12 524 525
f 12 525 14
f 14 525 513
f 14 513 16
f 526 527 524
f 528 529 525
f 516 530 531
f 516 531 517
f 530 516 532
f 532 516 515
f 532 515 533
f 534 535 514
f 514 535 536
f 514 536 515
f 515 536 537
f 515 537 533
f 534 514 538
f 538 514 513
f 538 513 539
f 529 540 525
f 525 540 541
f 525 541 513
f 513 541 542
f 513 542 539
f 524 527 525
f 525 527 543
f 525 543 528
f 544 523 545
f 545 523 522
f 545 522 546
f 546 522 547
f 544 548 523
f 523 548 549
f 523 549 524
f 524 549 550
f 524 550 526
f 547 522 551
f 551 522 521
f 551 521 552
f 520 553 521
f 521 553 554
f 521 554 552
f 555 556 520
f 520 556 557
f 520 557 553
f 518 558 519
f 519 558 559
f 559 560 519
f 519 560 561
f 519 561 520
f 520 561 562
f 520 562 555
f 531 563 517
f 517 563 564
f 517 564 565
f 565 566 517
f 517 566 567
f 517 567 518
f 518 567 568
f 518 568 558
f 569 301 570
f 570 301 300
f 570 300 571
f 571 300 572
f 572 300 152
f 572 152 131
f 573 460 574
f 574 460 459
f 574 459 575
f 575 459 458
f 575 458 576
f 576 458 457
f 576 457 577
f 577 457 456
f 577 456 578
f 578 456 455
f 578 455 579
f 579 455 454
f 579 454 580
f 580 454 453
f 580 453 581
f 581 453 452
f 581 452 582
f 582 452 451
f 582 451 583
f 583 451 450
f 583 450 584
f 584 450 449
f 584 449 573
f 573 449 460
f 584 585 583
f 583 585 586
f 583 586 582
f 582 586 587
f 582 587 581
f 581 587 588
f 581 588 580
f 580 588 589
f 580 589 579
f 579 589 590
f 579 590 578
f 578 590 591
f 578 591 577
f 577 591 592
f 577 592 576
f 576 592 593
f 576 593 575
f 575 593 594
f 575 594 574
f 574 594 595
f 574 595 573
f 573 595 596
f 573 596 584
f 584 596 585
f 597 598 599
f 599 598 600
f 599 600 601
f 601 600 602
f 603 604 605
f 605 604 598
f 605 598 606
f 606 598 597
f 607 608 609
f 607 609 610
f 609 611 610
f 610 611 612
f 610 612 613
f 614 615 616
f 616 617 614
f 614 617 618
f 614 618 619
f 615 614 620
f 620 614 621
f 620 621 622
f 622 621 623
f 622 623 624
f 624 623 625
f 624 625 626
f 626 625 627
f 627 625 628
f 627 628 629
f 629 628 630
f 629 630 631
f 631 630 632
f 632 630 633
f 632 633 634
f 633 635 634
f 634 635 636
f 634 636 637
f 637 636 638
f 639 640 636
f 636 640 641
f 636 641 638
f 642 643 644
f 644 643 645
f 644 645 636
f 636 645 646
f 636 646 639
f 608 607 647
f 647 607 610
f 647 610 648
f 610 613 649
f 644 648 642
f 642 648 610
f 642 610 650
f 650 610 649
f 651 652 653
f 654 655 656
f 654 656 657
f 657 656 658
f 657 658 659
f 653 652 660
f 660 652 661
f 660 661 662
f 662 661 663
f 662 663 664
f 664 663 665
f 664 665 666
f 666 665 667
f 666 667 668
f 668 667 669
f 668 669 658
f 658 669 670
f 658 670 659
f 671 672 673
f 671 673 674
f 673 675 674
f 674 675 676
f 674 676 653
f 653 676 677
f 653 677 651
f 678 679 680
f 680 681 678
f 678 681 682
f 678 682 671
f 671 682 683
f 671 683 672
f 684 685 655
f 655 685 686
f 655 686 656
f 684 687 685
f 685 687 688
f 685 688 689
f 689 688 690
f 689 690 691
f 691 690 692
f 691 692 693
f 692 694 693
f 693 694 695
f 693 695 696
f 696 695 697
f 696 697 698
f 698 697 699
f 699 697 700
f 699 700 701
f 701 700 702
f 702 700 703
f 702 703 704
f 704 703 705
f 704 705 706
f 706 705 707
f 706 707 708
f 707 709 708
f 708 709 710
f 708 710 711
f 711 710 712
f 711 712 713
f 713 712 714
f 714 712 715
f 715 712 716
f 715 716 717
f 717 716 718
f 717 718 719
f 720 680 679
f 721 722 723
f 724 725 726
f 723 722 727
f 727 722 728
f 728 722 729
f 728 729 730
f 730 729 724
f 730 724 731
f 731 724 726
f 731 726 732
f 723 733 721
f 721 733 734
f 721 734 735
f 735 734 736
f 735 736 737
f 737 736 738
f 737 738 739
f 739 738 740
f 739 740 741
f 741 740 719
f 741 719 718
f 732 726 742
f 742 726 743
f 742 743 744
f 744 743 745
f 744 745 746
f 746 745 747
f 746 747 748
f 748 747 749
f 749 747 750
f 749 750 751
f 750 752 751
f 751 752 753
f 751 753 754
f 755 616 756
f 756 616 615
f 756 615 757
f 753 758 754
f 754 758 759
f 754 759 760
f 760 759 761
f 760 761 755
f 755 761 617
f 755 617 616
f 627 762 626
f 626 762 763
f 626 763 624
f 624 763 764
f 624 764 622
f 622 764 757
f 622 757 620
f 620 757 615
f 627 629 762
f 762 629 631
f 762 631 765
f 765 631 632
f 765 632 766
f 632 634 766
f 766 634 637
f 766 637 767
f 767 637 638
f 767 638 768
f 768 638 641
f 768 641 769
f 769 641 640
f 769 640 770
f 770 640 639
f 770 639 771
f 771 639 646
f 771 646 772
f 772 646 645
f 772 645 773
f 773 645 774
f 649 613 612
f 645 643 774
f 774 643 642
f 774 642 775
f 775 642 650
f 775 650 776
f 650 649 776
f 776 649 612
f 776 612 777
f 777 612 720
f 777 720 778
f 778 720 679
f 761 759 779
f 619 618 779
f 779 618 617
f 779 617 761
f 780 781 782
f 783 784 785
f 786 787 788
f 788 787 789
f 788 789 790
f 785 791 783
f 783 791 792
f 783 792 786
f 786 792 793
f 786 793 787
f 794 795 796
f 796 795 797
f 796 797 784
f 784 797 798
f 784 798 785
f 799 800 801
f 801 800 802
f 801 802 794
f 794 802 803
f 794 803 795
f 804 805 799
f 799 805 806
f 799 806 800
f 807 808 809
f 809 808 810
f 809 810 811
f 811 810 812
f 811 812 804
f 804 812 813
f 804 813 805
f 814 815 816
f 816 815 817
f 816 817 818
f 818 817 819
f 818 819 807
f 807 819 820
f 807 820 808
f 782 821 780
f 780 821 822
f 780 822 814
f 814 822 823
f 814 823 815
f 824 825 826
f 826 825 827
f 826 827 781
f 781 827 828
f 781 828 782
f 789 829 790
f 790 829 830
f 790 830 831
f 831 830 832
f 831 832 833
f 833 832 834
f 833 834 835
f 835 834 836
f 835 836 837
f 837 836 838
f 837 838 824
f 824 838 839
f 824 839 825
f 824 840 837
f 837 840 841
f 837 841 835
f 835 841 842
f 835 842 833
f 833 842 843
f 833 843 831
f 831 843 844
f 831 844 790
f 790 844 845
f 790 845 788
f 788 845 846
f 788 846 786
f 786 846 847
f 786 847 783
f 783 847 848
f 783 848 784
f 784 848 849
f 784 849 796
f 796 849 850
f 796 850 794
f 794 850 851
f 794 851 801
f 801 851 852
f 801 852 799
f 799 852 853
f 799 853 804
f 804 853 854
f 804 854 811
f 811 854 855
f 811 855 809
f 809 855 856
f 809 856 807
f 807 856 857
f 807 857 818
f 818 857 858
f 818 858 816
f 816 858 859
f 816 859 814
f 814 859 860
f 814 860 780
f 780 860 861
f 780 861 781
f 781 861 862
f 781 862 826
f 826 862 863
f 826 863 824
f 824 863 840
f 863 864 840
f 840 864 865
f 840 865 841
f 841 865 866
f 841 866 842
f 842 866 867
f 842 867 843
f 843 867 868
f 843 868 844
f 844 868 869
f 844 869 845
f 845 869 870
f 845 870 846
f 846 870 871
f 846 871 847
f 847 871 872
f 847 872 848
f 848 872 873
f 848 873 849
f 849 873 874
f 849 874 850
f 850 874 875
f 850 875 851
f 851 875 876
f 851 876 852
f 852 876 877
f 852 877 853
f 853 877 878
f 853 878 854
f 854 878 879
f 854 879 855
f 855 879 880
f 855 880 856
f 856 880 881
f 856 881 857
f 857 881 882
f 857 882 858
f 858 882 883
f 858 883 859
f 859 883 884
f 859 884 860
f 860 884 885
f 860 885 861
f 861 885 886
f 861 886 862
f 862 886 887
f 862 887 863
f 863 887 864
f 887 888 864
f 864 888 889
f 864 889 865
f 865 889 890
f 865 890 866
f 866 890 891
f 866 891 867
f 867 891 892
f 867 892 868
f 868 892 893
f 868 893 869
f 869 893 894
f 869 894 870
f 870 894 895
f 870 895 871
f 871 895 896
f 871 896 872
f 872 896 897
f 872 897 873
f 873 897 898
f 873 898 874
f 874 898 899
f 874 899 875
f 875 899 900
f 875 900 876
f 876 900 901
f 876 901 877
f 877 901 902
f 877 902 878
f 878 902 903
f 878 903 879
f 879 903 904
f 879 904 880
f 880 904 905
f 880 905 881
f 881 905 906
f 881 906 882
f 882 906 907
f 882 907 883
f 883 907 908
f 883 908 884
f 884 908 909
f 884 909 885
f 885 909 910
f 885 910 886
f 886 910 911
f 886 911 887
f 887 911 888
f 892 912 893
f 893 912 913
f 893 913 894
f 894 913 914
f 894 914 895
f 895 914 915
f 895 915 896
f 896 915 916
f 896 916 897
f 897 916 917
f 897 917 898
f 898 917 918
f 898 918 899
f 899 918 919
f 899 919 900
f 900 919 920
f 900 920 901
f 901 920 921
f 901 921 902
f 902 921 922
f 902 922 903
f 922 923 903
f 903 923 924
f 903 924 904
f 904 924 925
f 904 925 905
f 905 925 926
f 905 926 906
f 906 926 927
f 906 927 907
f 907 927 928
f 907 928 908
f 908 928 929
f 908 929 909
f 909 929 930
f 909 930 910
f 910 930 931
f 910 931 911
f 911 931 932
f 911 932 888
f 888 932 933
f 888 933 889
f 889 933 934
f 889 934 890
f 890 934 935
f 890 935 891
f 891 935 936
f 891 936 892
f 892 936 937
f 892 937 912
f 938 939 940
f 941 924 942
f 942 924 923
f 942 923 943
f 943 923 944
f 944 923 922
f 944 922 945
f 945 922 946
f 946 922 921
f 946 921 947
f 947 921 920
f 947 920 948
f 920 919 948
f 948 919 918
f 948 918 917
f 917 916 949
f 949 916 915
f 949 915 950
f 950 915 914
f 950 914 951
f 951 914 952
f 917 949 948
f 948 949 953
f 948 953 954
f 955 956 957
f 957 956 958
f 957 958 959
f 960 961 957
f 957 961 962
f 953 955 954
f 954 955 957
f 954 957 963
f 963 957 962
f 959 964 957
f 957 964 965
f 957 965 960
f 952 914 966
f 966 914 913
f 966 913 967
f 967 913 912
f 967 912 968
f 968 912 937
f 968 937 969
f 969 937 936
f 969 936 970
f 933 971 934
f 934 971 972
f 936 935 970
f 970 935 934
f 970 934 973
f 973 934 972
f 933 932 971
f 971 932 931
f 971 931 930
f 941 974 924
f 924 974 975
f 924 975 925
f 925 975 976
f 925 976 926
f 926 976 977
f 926 977 927
f 927 977 978
f 927 978 928
f 928 978 979
f 928 979 929
f 980 981 982
f 982 981 983
f 982 983 984
f 984 983 979
f 981 985 983
f 983 985 971
f 983 971 979
f 979 971 930
f 979 930 929
f 986 987 988
f 986 988 989
f 939 990 940
f 940 990 980
f 940 980 988
f 988 980 982
f 988 982 989
f 987 991 988
f 988 991 992
f 988 992 940
f 940 992 993
f 940 993 938
f 994 825 839
f 994 839 995
f 996 828 994
f 994 828 827
f 994 827 825
f 997 821 996
f 996 821 782
f 996 782 828
f 817 815 998
f 998 815 823
f 998 823 997
f 997 823 822
f 997 822 821
f 817 998 819
f 819 998 999
f 819 999 820
f 820 999 1000
f 820 1000 808
f 808 1000 810
f 810 1000 1001
f 810 1001 812
f 812 1001 813
f 813 1001 1002
f 813 1002 805
f 1003 1004 803
f 803 802 1003
f 1003 802 800
f 1003 800 1002
f 1002 800 806
f 1002 806 805
f 785 798 1005
f 1005 798 797
f 1005 797 1004
f 1004 797 795
f 1004 795 803
f 785 1005 791
f 791 1005 1006
f 791 1006 792
f 792 1006 793
f 793 1006 1007
f 793 1007 787
f 787 1007 789
f 789 1007 1008
f 789 1008 829
f 1009 832 1008
f 1008 832 830
f 1008 830 829
f 839 838 995
f 995 838 836
f 995 836 1009
f 1009 836 834
f 1009 834 832
f 1010 1011 686
f 668 658 1012
f 686 1011 656
f 701 702 1013
f 1014 679 678
f 1015 1016 1017
f 975 1016 976
f 976 1016 1015
f 976 1015 977
f 977 1015 1018
f 977 1018 978
f 978 1018 1019
f 978 1019 979
f 979 1019 1020
f 979 1020 984
f 984 1020 1021
f 984 1021 982
f 982 1021 1022
f 982 1022 989
f 989 1022 1023
f 989 1023 986
f 986 1023 1024
f 986 1024 987
f 987 1024 1025
f 987 1025 991
f 991 1025 1026
f 991 1026 992
f 992 1026 1027
f 992 1027 993
f 993 1027 1028
f 993 1028 938
f 938 1028 1029
f 938 1029 939
f 939 1029 1030
f 939 1030 990
f 990 1030 1031
f 990 1031 980
f 980 1031 1032
f 980 1032 981
f 981 1032 1033
f 981 1033 985
f 1034 1035 1036
f 1036 1035 1037
f 985 1033 971
f 971 1033 1038
f 971 1038 972
f 972 1038 1039
f 972 1039 973
f 973 1039 1040
f 973 1040 970
f 970 1040 1036
f 970 1036 969
f 969 1036 1037
f 969 1037 968
f 1041 1042 1034
f 1043 1044 1042
f 1045 714 1046
f 1046 714 715
f 1046 715 1043
f 1043 715 717
f 1043 717 1044
f 1044 717 719
f 1047 708 1048
f 1048 708 711
f 1048 711 1045
f 1045 711 713
f 1045 713 714
f 1013 702 1049
f 1049 702 704
f 1049 704 1047
f 1047 704 706
f 1047 706 708
f 701 1013 699
f 699 1013 1050
f 699 1050 698
f 698 1050 1051
f 698 1051 696
f 696 1051 693
f 693 1051 1052
f 693 1052 691
f 691 1052 1053
f 691 1053 689
f 689 1053 1054
f 689 1054 685
f 1055 664 1012
f 1012 664 666
f 1012 666 668
f 1056 1014 1057
f 1057 1014 678
f 1057 678 1058
f 1058 678 671
f 1058 671 1059
f 1059 671 674
f 1059 674 1060
f 1060 674 653
f 1060 653 1061
f 1061 653 660
f 1061 660 1055
f 1055 660 662
f 1055 662 664
f 1042 1041 1043
f 1043 1041 1062
f 1043 1062 1046
f 1046 1062 1063
f 1046 1063 1045
f 1045 1063 1064
f 1045 1064 1048
f 1048 1064 1065
f 1048 1065 1047
f 1047 1065 1066
f 1047 1066 1049
f 1049 1066 1067
f 1049 1067 1013
f 1013 1067 1068
f 1013 1068 1050
f 1050 1068 1069
f 1050 1069 1051
f 1051 1069 1070
f 1051 1070 1052
f 1052 1070 1071
f 1052 1071 1053
f 1053 1071 1010
f 1053 1010 1054
f 1054 1010 686
f 1054 686 685
f 656 1011 658
f 658 1011 1072
f 658 1072 1012
f 1072 1073 1012
f 1012 1073 1074
f 1012 1074 1055
f 1055 1074 1075
f 1055 1075 1061
f 1061 1075 1076
f 1061 1076 1060
f 1060 1076 1077
f 1060 1077 1059
f 1059 1077 1078
f 1059 1078 1058
f 1058 1078 1079
f 1058 1079 1057
f 1057 1079 1080
f 1057 1080 1056
f 1034 1036 1041
f 1041 1036 1040
f 1041 1040 1062
f 1062 1040 1039
f 1062 1039 1063
f 1063 1039 1038
f 1063 1038 1064
f 1064 1038 1033
f 1064 1033 1065
f 1065 1033 1032
f 1065 1032 1066
f 1066 1032 1031
f 1066 1031 1067
f 1067 1031 1030
f 1067 1030 1068
f 1068 1030 1029
f 1068 1029 1069
f 1069 1029 1028
f 1069 1028 1070
f 1070 1028 1027
f 1070 1027 1071
f 1071 1027 1026
f 1071 1026 1010
f 1010 1026 1025
f 1010 1025 1011
f 1011 1025 1024
f 1011 1024 1072
f 1072 1024 1023
f 1072 1023 1073
f 1073 1023 1022
f 1073 1022 1074
f 1074 1022 1021
f 1074 1021 1075
f 1075 1021 1020
f 1075 1020 1076
f 1076 1020 1019
f 1076 1019 1077
f 1077 1019 1018
f 1077 1018 1078
f 1078 1018 1015
f 1078 1015 1079
f 1079 1015 1017
f 1079 1017 1080
f 962 961 1081
f 1082 960 965
f 1037 1035 1083
f 1034 1042 1084
f 1085 763 1086
f 1086 763 762
f 1080 1017 1087
f 1017 1016 1088
f 1089 1014 1056
f 679 1014 778
f 778 1014 1089
f 778 1089 777
f 1056 1090 1089
f 1089 1090 1091
f 1089 1091 777
f 777 1091 1092
f 777 1092 776
f 776 1092 1093
f 776 1093 775
f 775 1093 774
f 774 1093 1094
f 774 1094 773
f 773 1094 1095
f 773 1095 772
f 768 769 1096
f 1096 769 770
f 1096 770 1095
f 1095 770 771
f 1095 771 772
f 768 1096 767
f 767 1096 1097
f 767 1097 766
f 766 1097 765
f 765 1097 1098
f 765 1098 762
f 762 1098 1099
f 762 1099 1086
f 1100 757 1085
f 1085 757 764
f 1085 764 763
f 1101 754 1102
f 1102 754 760
f 1102 760 1103
f 1103 760 755
f 1103 755 1100
f 1100 755 756
f 1100 756 757
f 1104 749 1101
f 1101 749 751
f 1101 751 754
f 1105 746 1104
f 1104 746 748
f 1104 748 749
f 1106 732 1107
f 1107 732 742
f 1107 742 1105
f 1105 742 744
f 1105 744 746
f 727 728 1108
f 1108 728 730
f 1108 730 1106
f 1106 730 731
f 1106 731 732
f 727 1108 723
f 723 1108 1109
f 723 1109 733
f 733 1109 1110
f 733 1110 734
f 734 1110 736
f 736 1110 1111
f 736 1111 738
f 738 1111 1112
f 738 1112 740
f 740 1112 1044
f 740 1044 719
f 1113 1114 1081
f 1081 1114 1115
f 1081 1115 962
f 962 1115 963
f 1116 1113 1082
f 1082 1113 1081
f 1082 1081 960
f 960 1081 961
f 1017 1088 1087
f 1087 1088 1117
f 1087 1117 1118
f 1118 1117 1119
f 1118 1119 1120
f 1120 1119 1121
f 1120 1121 1122
f 1122 1121 1123
f 1122 1123 1124
f 1124 1123 1125
f 1124 1125 1126
f 1126 1125 1127
f 1126 1127 1128
f 1128 1127 1129
f 1128 1129 1130
f 1130 1129 1131
f 1130 1131 1132
f 1132 1131 1133
f 1132 1133 1134
f 1134 1133 1135
f 1134 1135 1136
f 1016 975 1088
f 1088 975 974
f 1088 974 1117
f 1117 974 941
f 1117 941 1119
f 1119 941 942
f 1119 942 1121
f 1121 942 943
f 1121 943 1123
f 943 944 1123
f 1123 944 945
f 1123 945 1125
f 1125 945 946
f 1125 946 1127
f 1127 946 947
f 1127 947 1129
f 1129 947 948
f 1129 948 1131
f 1131 948 954
f 1131 954 1133
f 1133 954 963
f 1133 963 1135
f 1135 963 1115
f 1135 1115 1136
f 1136 1115 1114
f 1137 966 1083
f 1083 966 967
f 1083 967 1037
f 1037 967 968
f 1138 958 1139
f 1139 958 956
f 1139 956 1140
f 1140 956 1141
f 1141 956 955
f 1141 955 1142
f 1142 955 953
f 1142 953 1143
f 1143 953 949
f 1143 949 1144
f 1144 949 950
f 1144 950 1145
f 1145 950 951
f 1145 951 1137
f 1137 951 952
f 1137 952 966
f 1116 1146 1147
f 1147 1146 1148
f 1147 1148 1149
f 1149 1148 1138
f 1149 1138 1150
f 1150 1138 1139
f 1150 1139 1151
f 1151 1139 1140
f 1151 1140 1152
f 1152 1140 1141
f 1152 1141 1153
f 1153 1141 1142
f 1153 1142 1154
f 1154 1142 1143
f 1154 1143 1155
f 1155 1143 1144
f 1155 1144 1156
f 1156 1144 1145
f 1156 1145 1157
f 1157 1145 1137
f 1157 1137 1084
f 1084 1137 1083
f 1084 1083 1034
f 1034 1083 1035
f 1116 1082 1146
f 1146 1082 965
f 1146 965 1148
f 1148 965 964
f 1148 964 1138
f 1138 964 959
f 1138 959 958
f 1056 1080 1090
f 1090 1080 1087
f 1090 1087 1091
f 1091 1087 1118
f 1091 1118 1092
f 1092 1118 1120
f 1092 1120 1093
f 1093 1120 1122
f 1093 1122 1094
f 1094 1122 1124
f 1094 1124 1095
f 1095 1124 1126
f 1095 1126 1096
f 1096 1126 1128
f 1096 1128 1097
f 1097 1128 1130
f 1097 1130 1098
f 1098 1130 1132
f 1098 1132 1099
f 1099 1132 1134
f 1099 1134 1086
f 1086 1134 1136
f 1086 1136 1085
f 1085 1136 1114
f 1085 1114 1100
f 1100 1114 1113
f 1100 1113 1103
f 1103 1113 1116
f 1103 1116 1102
f 1102 1116 1147
f 1102 1147 1101
f 1101 1147 1149
f 1101 1149 1104
f 1104 1149 1150
f 1104 1150 1105
f 1105 1150 1151
f 1105 1151 1107
f 1107 1151 1152
f 1107 1152 1106
f 1106 1152 1153
f 1106 1153 1108
f 1108 1153 1154
f 1108 1154 1109
f 1109 1154 1155
f 1109 1155 1110
f 1110 1155 1156
f 1110 1156 1111
f 1111 1156 1157
f 1111 1157 1112
f 1112 1157 1084
f 1112 1084 1044
f 1044 1084 1042
f 1158 1159 1160
f 1160 1159 1161
f 1160 1161 1162
f 1162 1161 1163
f 1162 1163 1164
f 1164 1163 1165
f 1164 1165 1166
f 1166 1165 1167
f 1166 1167 1168
f 1168 1167 1169
f 1168 1169 1170
f 1170 1169 1171
f 1170 1171 1172
f 1172 1171 1173
f 1172 1173 1174
f 1174 1173 1175
f 1174 1175 1176
f 1176 1175 1177
f 1176 1177 1178
f 1178 1177 1179
f 1178 1179 1180
f 1180 1179 1181
f 1180 1181 1158
f 1158 1181 1159
f 1173 1171 1182
f 1159 1183 1161
f 1161 1183 1184
f 1161 1184 1163
f 1163 1184 1185
f 1163 1185 1165
f 1165 1185 1186
f 1165 1186 1167
f 1167 1186 1187
f 1167 1187 1169
f 1169 1187 1188
f 1169 1188 1171
f 1171 1188 1189
f 1171 1189 1182
f 1179 1190 1181
f 1181 1190 1191
f 1181 1191 1159
f 1159 1191 1192
f 1159 1192 1183
f 1177 1193 1179
f 1179 1193 1194
f 1179 1194 1190
f 1182 1195 1173
f 1173 1195 1196
f 1173 1196 1175
f 1175 1196 1197
f 1175 1197 1177
f 1177 1197 1198
f 1177 1198 1193
f 1162 995 1160
f 1160 995 1009
f 1160 1009 1158
f 1158 1009 1008
f 1158 1008 1180
f 1174 1002 1172
f 1172 1002 1001
f 1172 1001 1170
f 1170 1001 1000
f 1170 1000 1168
f 1008 1007 1180
f 1180 1007 1006
f 1180 1006 1178
f 1178 1006 1005
f 1178 1005 1176
f 1176 1005 1004
f 1176 1004 1174
f 1174 1004 1003
f 1174 1003 1002
f 1000 999 1168
f 1168 999 998
f 1168 998 1166
f 1166 998 997
f 1166 997 1164
f 1164 997 996
f 1164 996 1162
f 1162 996 994
f 1162 994 995
f 1199 1200 1201
f 1201 1200 1202
f 1201 1202 1203
f 1203 1202 1204
f 1203 1204 1205
f 1205 1204 1206
f 1205 1206 1207
f 1207 1206 1208
f 1209 1210 1211
f 1211 1210 1212
f 1213 1214 1215
f 1216 1217 1218
f 1219 1220 1221
f 1222 1223 1224
f 1225 1226 1227
f 1228 1229 1230
f 1231 1232 1233
f 1234 1235 1236
f 1236 1235 1237
f 1219 1221 1209
f 1210 1209 1218
f 1218 1209 1221
f 1218 1221 1216
f 1216 1221 1238
f 1216 1238 1213
f 1213 1238 1239
f 1213 1239 1214
f 1240 1241 1242
f 1242 1241 1243
f 1229 1231 1230
f 1230 1231 1233
f 1230 1233 1244
f 1244 1233 1245
f 1244 1245 1246
f 1246 1245 1247
f 1226 1228 1227
f 1227 1228 1230
f 1227 1230 1248
f 1248 1230 1244
f 1248 1244 1249
f 1249 1244 1246
f 1249 1246 1250
f 1220 1222 1221
f 1221 1222 1224
f 1221 1224 1238
f 1238 1224 1251
f 1238 1251 1239
f 1239 1251 1252
f 1239 1252 1214
f 1214 1252 1242
f 1214 1242 1215
f 1215 1242 1243
f 1232 1253 1233
f 1233 1253 1254
f 1233 1254 1245
f 1245 1254 1255
f 1245 1255 1247
f 1247 1255 1235
f 1247 1235 1246
f 1246 1235 1234
f 1246 1234 1250
f 1250 1234 1236
f 1250 1236 1256
f 1256 1240 1250
f 1250 1240 1242
f 1250 1242 1249
f 1249 1242 1252
f 1249 1252 1248
f 1248 1252 1251
f 1248 1251 1227
f 1227 1251 1224
f 1227 1224 1225
f 1225 1224 1223
f 1254 1253 1257
f 1237 1235 1258
f 1258 1235 1255
f 1258 1255 1259
f 1259 1255 1254
f 1259 1254 1260
f 1260 1254 1257
f 1260 1257 1261
f 1262 1263 1264
f 1261 1265 1260
f 1260 1265 1266
f 1260 1266 1259
f 1259 1266 1262
f 1259 1262 1258
f 1258 1262 1264
f 1258 1264 1237
f 1267 1268 1269
f 1218 1217 1270
f 1269 1212 1210
f 1271 1267 1270
f 1270 1267 1269
f 1270 1269 1218
f 1218 1269 1210
f 1272 1198 1273
f 1273 1198 1197
f 1273 1197 1274
f 1274 1197 1196
f 1193 1275 1194
f 1194 1275 1276
f 1194 1276 1190
f 1190 1276 1277
f 1278 1279 1280
f 1281 1278 1282
f 1278 1280 1282
f 1282 1280 1283
f 1282 1283 1284
f 1284 1283 1285
f 1284 1285 1286
f 1286 1285 1287
f 1286 1287 1288
f 1281 1282 1289
f 1289 1282 1284
f 1289 1284 1290
f 1290 1284 1286
f 1290 1286 1291
f 1291 1286 1288
f 1291 1288 1292
f 1293 1287 1285
f 1294 1295 1293
f 1295 1294 1275
f 1293 1285 1294
f 1294 1285 1283
f 1294 1283 1296
f 1296 1283 1280
f 1296 1280 1297
f 1297 1280 1279
f 1297 1279 1298
f 1275 1294 1299
f 1299 1294 1296
f 1299 1296 1300
f 1300 1296 1297
f 1300 1297 1301
f 1301 1297 1298
f 1301 1298 1302
f 1303 1304 1305
f 1302 1303 1306
f 1303 1305 1306
f 1306 1305 1307
f 1306 1307 1308
f 1308 1307 1309
f 1308 1309 1310
f 1310 1309 1277
f 1310 1277 1276
f 1302 1306 1301
f 1301 1306 1308
f 1301 1308 1300
f 1300 1308 1310
f 1300 1310 1299
f 1299 1310 1276
f 1299 1276 1275
f 1311 1289 1290
f 1312 1313 1314
f 1315 1316 1317
f 1317 1316 1318
f 1317 1318 1319
f 1319 1318 1320
f 1319 1320 1321
f 1321 1320 1322
f 1322 1320 1323
f 1322 1323 1324
f 1324 1323 1325
f 1324 1325 1326
f 1326 1325 1327
f 1326 1327 1328
f 1328 1327 1329
f 1329 1327 1330
f 1329 1330 1331
f 1331 1330 1332
f 1332 1330 1333
f 1332 1333 1334
f 1334 1333 1335
f 1334 1335 1336
f 1336 1335 1337
f 1337 1335 1338
f 1337 1338 1339
f 1340 1341 1338
f 1338 1341 1342
f 1338 1342 1339
f 1343 1344 1345
f 1345 1344 1346
f 1345 1346 1340
f 1340 1346 1347
f 1340 1347 1341
f 1292 1348 1349
f 1349 1348 1350
f 1349 1350 1343
f 1343 1350 1351
f 1343 1351 1344
f 1316 1352 1353
f 1316 1353 1318
f 1318 1353 1354
f 1318 1354 1320
f 1320 1354 1355
f 1320 1355 1323
f 1323 1355 1356
f 1323 1356 1325
f 1325 1356 1357
f 1325 1357 1327
f 1327 1357 1358
f 1327 1358 1330
f 1330 1358 1359
f 1330 1359 1333
f 1333 1359 1360
f 1333 1360 1335
f 1335 1360 1361
f 1335 1361 1338
f 1338 1361 1362
f 1338 1362 1340
f 1340 1362 1363
f 1340 1363 1345
f 1345 1363 1364
f 1345 1364 1343
f 1343 1364 1365
f 1343 1365 1349
f 1349 1365 1291
f 1349 1291 1292
f 1366 1367 1368
f 1368 1367 1369
f 1368 1369 1352
f 1352 1369 1353
f 1353 1369 1370
f 1353 1370 1354
f 1354 1370 1371
f 1354 1371 1355
f 1355 1371 1372
f 1355 1372 1356
f 1356 1372 1373
f 1356 1373 1357
f 1357 1373 1374
f 1357 1374 1358
f 1358 1374 1375
f 1358 1375 1359
f 1359 1375 1376
f 1359 1376 1360
f 1360 1376 1377
f 1360 1377 1361
f 1361 1377 1378
f 1361 1378 1362
f 1362 1378 1379
f 1362 1379 1363
f 1363 1379 1380
f 1363 1380 1364
f 1364 1380 1311
f 1364 1311 1365
f 1365 1311 1290
f 1365 1290 1291
f 1304 1381 1305
f 1305 1381 1382
f 1305 1382 1307
f 1307 1382 1314
f 1307 1314 1309
f 1309 1314 1313
f 1309 1313 1277
f 1304 1366 1381
f 1381 1366 1368
f 1381 1368 1382
f 1382 1368 1352
f 1382 1352 1314
f 1314 1352 1316
f 1314 1316 1312
f 1312 1316 1315
f 1367 1383 1369
f 1369 1383 1384
f 1369 1384 1370
f 1370 1384 1385
f 1370 1385 1371
f 1371 1385 1386
f 1371 1386 1372
f 1372 1386 1387
f 1372 1387 1373
f 1373 1387 1388
f 1373 1388 1374
f 1374 1388 1389
f 1374 1389 1375
f 1375 1389 1390
f 1375 1390 1376
f 1376 1390 1391
f 1376 1391 1377
f 1377 1391 1392
f 1377 1392 1378
f 1378 1392 1393
f 1378 1393 1379
f 1281 1289 1394
f 1394 1289 1311
f 1394 1311 1395
f 1395 1311 1380
f 1395 1380 1396
f 1396 1380 1379
f 1396 1379 1397
f 1397 1379 1393
f 1182 1351 1195
f 1195 1351 1350
f 1341 1347 1189
f 1189 1347 1346
f 1189 1346 1182
f 1182 1346 1344
f 1182 1344 1351
f 1341 1189 1342
f 1342 1189 1188
f 1342 1188 1339
f 1324 1326 1185
f 1185 1326 1328
f 1185 1328 1186
f 1328 1329 1186
f 1186 1329 1398
f 1186 1398 1187
f 1187 1398 1399
f 1187 1399 1188
f 1188 1399 1337
f 1188 1337 1339
f 1324 1185 1322
f 1322 1185 1184
f 1322 1184 1321
f 1321 1184 1183
f 1321 1183 1319
f 1313 1312 1192
f 1192 1312 1315
f 1192 1315 1183
f 1183 1315 1317
f 1183 1317 1319
f 1192 1191 1313
f 1313 1191 1190
f 1313 1190 1277
f 1350 1348 1195
f 1195 1348 1400
f 1195 1400 1196
f 1196 1400 1274
f 1275 1193 1295
f 1295 1193 1198
f 1295 1198 1293
f 1293 1198 1272
f 1401 1402 1403
f 1404 1405 1406
f 1406 1405 1407
f 1405 1408 1407
f 1407 1408 1409
f 1407 1409 1410
f 1410 1409 1403
f 1410 1403 1411
f 1411 1403 1402
f 1411 1402 1412
f 1401 1403 1413
f 1413 1403 1409
f 1413 1409 1414
f 1414 1409 1408
f 1414 1408 1415
f 1415 1408 1405
f 1415 1405 1416
f 1416 1405 1404
f 1416 1404 1417
f 1418 1419 1420
f 1421 1422 1419
f 1420 1423 1418
f 1418 1423 1424
f 1418 1424 1425
f 1425 1424 1426
f 1425 1426 1427
f 1419 1418 1421
f 1421 1418 1425
f 1421 1425 1428
f 1428 1425 1427
f 1428 1427 1429
f 1430 1431 1432
f 1433 1434 1435
f 1435 1436 1433
f 1433 1436 1437
f 1433 1437 1438
f 1439 1440 1441
f 1430 1432 1442
f 1443 1444 1445
f 1445 1444 1446
f 1447 1448 1449
f 1449 1450 1447
f 1447 1450 1451
f 1447 1451 1452
f 1451 1453 1452
f 1452 1453 1454
f 1452 1454 1455
f 1454 1456 1455
f 1455 1456 1457
f 1455 1457 1458
f 1446 1459 1445
f 1445 1459 1460
f 1445 1460 1461
f 1461 1460 1462
f 1461 1462 1463
f 1463 1462 1439
f 1463 1439 1464
f 1464 1439 1441
f 1440 1465 1441
f 1441 1465 1466
f 1441 1466 1467
f 1467 1466 1468
f 1469 1434 1470
f 1470 1434 1471
f 1470 1471 1432
f 1432 1471 1472
f 1432 1472 1442
f 1473 1474 1448
f 1448 1474 1475
f 1448 1475 1449
f 1457 1476 1458
f 1458 1476 1477
f 1458 1477 1478
f 1477 1479 1478
f 1478 1479 1480
f 1478 1480 1481
f 1468 1482 1467
f 1467 1482 1483
f 1467 1483 1426
f 1469 1484 1434
f 1434 1484 1485
f 1434 1485 1435
f 1435 1485 1486
f 1435 1486 1473
f 1473 1486 1487
f 1473 1487 1474
f 1480 1488 1481
f 1481 1488 1489
f 1481 1489 1490
f 1490 1489 1443
f 1490 1443 1491
f 1491 1443 1445
f 1492 1493 1429
f 1483 1494 1426
f 1426 1494 1492
f 1426 1492 1427
f 1427 1492 1429
f 1461 1463 1495
f 1496 1491 1497
f 1497 1491 1445
f 1497 1445 1498
f 1498 1445 1461
f 1498 1461 1499
f 1499 1461 1495
f 1432 1500 1501
f 1501 1500 1502
f 1501 1502 1503
f 1503 1502 1504
f 1503 1504 1505
f 1505 1504 1506
f 1505 1506 1507
f 1507 1506 1508
f 1507 1508 1509
f 1510 1511 1512
f 1513 1514 1515
f 1515 1516 1517
f 1517 1516 1518
f 1517 1518 1519
f 1519 1518 1520
f 1521 1510 1522
f 1522 1510 1512
f 1522 1512 1523
f 1523 1512 1524
f 1523 1524 1513
f 1520 1509 1525
f 1525 1509 1508
f 1525 1508 1526
f 1520 1525 1519
f 1519 1525 1526
f 1519 1526 1517
f 1517 1526 1527
f 1517 1527 1528
f 1513 1515 1523
f 1523 1515 1517
f 1523 1517 1522
f 1522 1517 1528
f 1522 1528 1521
f 1529 1530 1531
f 1531 1530 1532
f 1439 1462 1533
f 1533 1462 1534
f 1533 1534 1535
f 1535 1534 1536
f 1535 1536 1537
f 1537 1536 1538
f 1537 1538 1532
f 1532 1538 1539
f 1532 1539 1531
f 1536 1534 1540
f 1534 1462 1460
f 1534 1460 1540
f 1540 1460 1459
f 1540 1459 1541
f 1541 1542 1540
f 1540 1542 1543
f 1540 1543 1536
f 1544 1539 1543
f 1543 1539 1538
f 1543 1538 1536
f 1545 1529 1544
f 1544 1529 1531
f 1544 1531 1539
f 1542 1546 1543
f 1543 1546 1547
f 1543 1547 1544
f 1544 1547 1548
f 1544 1548 1545
f 1545 1548 1549
f 1550 1551 1552
f 1541 1459 1446
f 1541 1446 1542
f 1542 1446 1551
f 1551 1446 1444
f 1551 1444 1552
f 1552 1444 1443
f 1552 1443 1553
f 1553 1443 1489
f 1553 1489 1554
f 1554 1489 1488
f 1554 1488 1555
f 1555 1488 1480
f 1555 1480 1556
f 1556 1480 1479
f 1556 1479 1557
f 1557 1479 1477
f 1557 1477 1558
f 1558 1477 1476
f 1558 1476 1559
f 1559 1476 1457
f 1559 1457 1560
f 1560 1457 1456
f 1560 1456 1561
f 1561 1456 1454
f 1561 1454 1562
f 1562 1454 1453
f 1562 1453 1563
f 1563 1453 1451
f 1563 1451 1564
f 1564 1451 1450
f 1564 1450 1565
f 1565 1450 1449
f 1565 1449 1566
f 1566 1449 1475
f 1566 1475 1567
f 1567 1475 1474
f 1567 1474 1568
f 1568 1474 1487
f 1568 1487 1569
f 1569 1487 1486
f 1569 1486 1570
f 1570 1486 1485
f 1570 1485 1571
f 1571 1485 1484
f 1571 1484 1572
f 1572 1484 1469
f 1572 1469 1573
f 1573 1469 1470
f 1573 1470 1574
f 1550 1552 1575
f 1575 1552 1553
f 1575 1553 1576
f 1576 1553 1554
f 1576 1554 1577
f 1577 1554 1555
f 1577 1555 1578
f 1578 1555 1556
f 1578 1556 1579
f 1579 1556 1557
f 1579 1557 1580
f 1580 1557 1558
f 1580 1558 1581
f 1581 1558 1559
f 1581 1559 1582
f 1582 1559 1560
f 1582 1560 1583
f 1583 1560 1561
f 1583 1561 1584
f 1584 1561 1562
f 1584 1562 1585
f 1585 1562 1563
f 1585 1563 1586
f 1586 1563 1564
f 1586 1564 1587
f 1587 1564 1565
f 1587 1565 1588
f 1588 1565 1566
f 1588 1566 1589
f 1589 1566 1567
f 1589 1567 1590
f 1590 1567 1568
f 1590 1568 1591
f 1591 1568 1569
f 1591 1569 1592
f 1592 1569 1570
f 1592 1570 1593
f 1593 1570 1571
f 1593 1571 1594
f 1594 1571 1572
f 1594 1572 1595
f 1595 1572 1573
f 1595 1573 1596
f 1596 1573 1574
f 1596 1574 1597
f 1549 1548 1550
f 1550 1548 1547
f 1550 1547 1551
f 1551 1547 1546
f 1551 1546 1542
f 1549 1550 1598
f 1598 1550 1575
f 1598 1575 1599
f 1599 1575 1576
f 1599 1576 1600
f 1600 1576 1577
f 1600 1577 1601
f 1601 1577 1578
f 1601 1578 1602
f 1602 1578 1579
f 1602 1579 1603
f 1603 1579 1580
f 1603 1580 1604
f 1604 1580 1581
f 1604 1581 1605
f 1605 1581 1582
f 1605 1582 1606
f 1606 1582 1583
f 1606 1583 1607
f 1607 1583 1584
f 1607 1584 1608
f 1608 1584 1585
f 1608 1585 1609
f 1609 1585 1586
f 1609 1586 1610
f 1610 1586 1587
f 1610 1587 1611
f 1611 1587 1588
f 1611 1588 1612
f 1612 1588 1589
f 1612 1589 1613
f 1613 1589 1590
f 1613 1590 1614
f 1614 1590 1591
f 1614 1591 1615
f 1615 1591 1592
f 1615 1592 1616
f 1616 1592 1593
f 1616 1593 1617
f 1617 1593 1594
f 1617 1594 1618
f 1618 1594 1595
f 1618 1595 1619
f 1619 1595 1596
f 1619 1596 1620
f 1620 1596 1597
f 1620 1597 1621
f 1501 1503 1597
f 1597 1503 1505
f 1597 1505 1621
f 1621 1505 1507
f 1621 1507 1509
f 1597 1574 1501
f 1501 1574 1470
f 1501 1470 1432
f 1432 1431 1622
f 1623 1508 1506
f 1623 1506 1624
f 1506 1504 1624
f 1624 1504 1502
f 1624 1502 1622
f 1622 1502 1500
f 1622 1500 1432
f 1521 1528 1625
f 1508 1623 1526
f 1526 1623 1626
f 1625 1528 1626
f 1626 1528 1527
f 1626 1527 1526
f 1627 1628 1511
f 1627 1511 1625
f 1625 1511 1510
f 1625 1510 1521
f 1629 1630 1631
f 1631 1630 1632
f 1631 1632 120
f 1633 1630 1629
f 1634 1635 1636
f 1511 1628 1512
f 1512 1628 1637
f 1638 1639 1633
f 1633 1639 1640
f 1633 1640 1630
f 1641 1642 1643
f 1635 1644 1636
f 1636 1644 1638
f 1636 1638 1643
f 1643 1638 1633
f 1643 1633 1641
f 1641 1633 1629
f 1637 1634 1512
f 1512 1634 1636
f 1512 1636 1524
f 1524 1636 1643
f 1524 1643 1513
f 1513 1643 1642
f 1513 1642 1514
f 1621 1509 1645
f 1645 1509 1520
f 1520 1518 1645
f 1645 1518 1516
f 1645 1516 1646
f 1646 1516 1515
f 1646 1515 1514
f 1621 1645 1620
f 1620 1645 1647
f 1620 1647 1619
f 1619 1647 1618
f 1618 1647 1648
f 1618 1648 1617
f 1617 1648 1616
f 1616 1648 1649
f 1616 1649 1615
f 1615 1649 1614
f 1614 1649 1650
f 1614 1650 1613
f 1613 1650 1612
f 1612 1650 1651
f 1612 1651 1611
f 1611 1651 1610
f 1610 1651 1652
f 1610 1652 1609
f 1609 1652 1608
f 1608 1652 1653
f 1608 1653 1607
f 1607 1653 1606
f 1606 1653 1654
f 1606 1654 1605
f 1605 1654 1604
f 1604 1654 1655
f 1604 1655 1603
f 1603 1655 1602
f 1602 1655 1656
f 1602 1656 1601
f 1601 1656 1600
f 1600 1656 1657
f 1600 1657 1599
f 1599 1657 1598
f 1598 1657 1658
f 1598 1658 1549
f 1659 1660 1661
f 1661 1662 1659
f 1659 1662 1663
f 1659 1663 1664
f 1664 1665 1659
f 1659 1665 1666
f 1659 1666 1667
f 1668 1669 1670
f 125 1671 1672
f 1660 1673 1661
f 1661 1673 1674
f 1661 1674 1675
f 1675 1674 1676
f 1677 1678 1673
f 1673 1678 1679
f 1673 1679 1674
f 1674 1679 1680
f 1674 1680 1676
f 1672 1671 1681
f 1682 1681 1683
f 1683 1681 1684
f 1671 1685 1681
f 1681 1685 1686
f 1681 1686 1684
f 1684 1686 1687
f 1684 1687 1683
f 1683 1687 1688
f 1683 1688 1682
f 1682 1688 1670
f 1669 1689 1670
f 1670 1689 1690
f 1670 1690 1682
f 1660 1668 1673
f 1673 1668 1670
f 1673 1670 1677
f 1677 1670 1688
f 1677 1688 1691
f 1691 1688 1687
f 1675 1676 1692
f 1675 1692 1661
f 1693 1694 1664
f 1695 1696 1693
f 1692 1696 1661
f 1661 1696 1695
f 1661 1695 1662
f 1693 1664 1695
f 1695 1664 1663
f 1695 1663 1662
f 1697 1696 1698
f 1698 1696 1692
f 1697 1698 1699
f 1699 1698 1700
f 1699 1700 1701
f 1493 1492 1700
f 1700 1492 1702
f 1700 1702 1701
f 1491 1496 1703
f 1491 1703 1490
f 1490 1703 1704
f 1490 1704 1481
f 1481 1704 1705
f 1481 1705 1478
f 1478 1705 1706
f 1478 1706 1458
f 1458 1706 1707
f 1458 1707 1455
f 1455 1707 1708
f 1455 1708 1452
f 1452 1708 1709
f 1452 1709 1447
f 1447 1709 1710
f 1447 1710 1448
f 1448 1710 1711
f 1448 1711 1473
f 1473 1711 1712
f 1473 1712 1435
f 1435 1712 1436
f 1436 1712 1713
f 1714 1433 1438
f 93 92 1715
f 1715 92 1716
f 1715 1716 1717
f 1438 1718 1714
f 1714 1718 1719
f 1714 1719 1717
f 1717 1719 1720
f 1717 1720 1715
f 1434 1433 1714
f 1471 1434 1721
f 1471 1722 1472
f 1472 1722 1723
f 1724 1725 1726
f 1726 1727 1724
f 1724 1727 1728
f 1724 1728 1722
f 1722 1728 1729
f 1722 1729 1723
f 100 1726 98
f 98 1726 1725
f 98 1725 96
f 1471 1721 1722
f 1722 1721 1730
f 1722 1730 1724
f 1724 1730 1731
f 1724 1731 1725
f 1725 1731 94
f 1725 94 96
f 1434 1714 1721
f 1721 1714 1717
f 1721 1717 1730
f 1730 1717 1716
f 1730 1716 1731
f 1731 1716 92
f 1731 92 94
f 1732 1733 1734
f 1723 1729 1734
f 1735 1430 1442
f 1472 1723 1442
f 1442 1723 1734
f 1442 1734 1735
f 1735 1734 1733
f 1729 1728 1734
f 1734 1728 1736
f 1734 1736 1732
f 1732 1736 1737
f 1737 1736 1738
f 1738 1736 102
f 1738 102 104
f 100 102 1726
f 1726 102 1736
f 1726 1736 1727
f 1727 1736 1728
f 1431 1430 1739
f 1739 1430 1735
f 1739 1735 1740
f 1740 1735 1733
f 1740 1733 1741
f 1741 1733 1732
f 1741 1732 1742
f 1742 1732 1737
f 1742 1737 1743
f 1743 1737 1738
f 1743 1738 111
f 111 1738 104
f 1739 1740 1744
f 122 123 1745
f 1746 1747 1748
f 1748 1747 113
f 1748 113 122
f 1740 1741 1747
f 1747 1741 1742
f 1747 1742 113
f 113 1742 1743
f 113 1743 111
f 1624 1622 1744
f 1744 1622 1431
f 1744 1431 1739
f 122 1745 1748
f 1748 1745 1749
f 1748 1749 1746
f 1746 1749 1750
f 1746 1750 1751
f 1740 1747 1744
f 1744 1747 1746
f 1744 1746 1624
f 1624 1746 1751
f 1624 1751 1623
f 1625 1626 1752
f 1753 110 109
f 1745 123 124
f 124 1754 1745
f 1745 1754 1755
f 1745 1755 1749
f 1749 1755 1750
f 1750 1755 1752
f 1750 1752 1751
f 1751 1752 1626
f 1751 1626 1623
f 1756 1628 1627
f 109 1757 1753
f 1753 1757 1758
f 1753 1758 1759
f 1759 1758 1756
f 1759 1756 1760
f 1760 1756 1627
f 1760 1627 1625
f 1625 1752 1760
f 1760 1752 1755
f 1760 1755 1759
f 1759 1755 1754
f 1759 1754 1753
f 1753 1754 124
f 1753 124 110
f 1637 1628 1756
f 109 107 1757
f 1757 107 1761
f 1762 1644 1763
f 1763 1644 1635
f 1763 1635 1634
f 1764 1765 1630
f 1763 1766 1762
f 1762 1766 1767
f 1762 1767 1764
f 1764 1767 1768
f 1764 1768 1765
f 1637 1756 1634
f 1630 1640 1764
f 1764 1640 1639
f 1764 1639 1762
f 1762 1639 1638
f 1762 1638 1644
f 107 106 1761
f 1761 106 1769
f 1761 1769 1770
f 1634 1756 1763
f 1763 1756 1758
f 1763 1758 1766
f 1766 1758 1757
f 1766 1757 1767
f 1767 1757 1761
f 1767 1761 1768
f 1768 1761 1770
f 1768 1770 1765
f 1630 1765 1632
f 1632 1765 1771
f 1632 1771 120
f 121 120 1771
f 106 121 1769
f 1769 121 1771
f 1769 1771 1770
f 1770 1771 1765
f 120 118 1631
f 1631 118 1772
f 1631 1772 1629
f 1629 1772 1641
f 1641 1772 1773
f 1641 1773 1642
f 1642 1773 1646
f 1642 1646 1514
f 1774 1775 1776
f 1777 117 119
f 1777 119 125
f 1777 125 1672
f 1776 1778 1779
f 1779 1780 1776
f 1776 1780 1781
f 1776 1781 1774
f 1682 1690 1782
f 1782 1690 1689
f 1782 1689 1776
f 1776 1689 1669
f 1776 1669 1778
f 1672 1681 1777
f 1777 1681 1682
f 1777 1682 1783
f 1783 1682 1782
f 1784 1685 1671
f 1785 1687 1686
f 1786 1787 1788
f 1679 1788 1680
f 1680 1788 1787
f 1680 1787 1676
f 127 116 1789
f 126 127 1790
f 1791 125 126
f 1784 1671 1791
f 1791 1671 125
f 1792 1784 1793
f 1793 1784 1791
f 1793 1791 1794
f 1794 1791 126
f 1679 1678 1788
f 1788 1678 1677
f 1788 1677 1691
f 127 1789 1790
f 1790 1789 1795
f 1790 1795 1796
f 1796 1795 1786
f 1796 1786 1797
f 1797 1786 1788
f 1797 1788 1785
f 1785 1788 1691
f 1785 1691 1687
f 126 1790 1794
f 1794 1790 1796
f 1794 1796 1793
f 1793 1796 1797
f 1793 1797 1792
f 1792 1797 1785
f 1792 1785 1784
f 1784 1785 1686
f 1784 1686 1685
f 1692 1676 1787
f 1692 1787 1798
f 1787 1786 1798
f 1798 1786 1795
f 1798 1795 1799
f 1799 1795 1789
f 1799 1789 1800
f 1800 1789 116
f 1800 116 115
f 114 1801 1802
f 1803 1799 1800
f 1804 1493 1805
f 1805 1493 1700
f 1805 1700 1806
f 1806 1700 1698
f 1806 1698 1798
f 1798 1698 1692
f 1807 1808 1809
f 1809 1808 1810
f 1809 1810 1801
f 1801 1810 1803
f 1801 1803 1802
f 1802 1803 1800
f 1802 1800 114
f 114 1800 115
f 1808 1804 1810
f 1810 1804 1805
f 1810 1805 1803
f 1803 1805 1806
f 1803 1806 1799
f 1799 1806 1798
f 1808 1807 1422
f 1422 1421 1808
f 1808 1421 1428
f 1808 1428 1804
f 1804 1428 1429
f 1804 1429 1493
f 1811 1812 1813
f 1813 1812 1814
f 1813 1814 1815
f 1816 1817 1813
f 1813 1817 1818
f 1813 1818 1811
f 1819 1820 1813
f 1813 1820 1821
f 1813 1821 1816
f 1815 1822 1813
f 1813 1822 1823
f 1813 1823 1819
f 1824 1812 1825
f 1825 1812 1811
f 1825 1811 1826
f 1826 1811 1818
f 1826 1818 1827
f 1827 1818 1817
f 1827 1817 1828
f 1828 1817 1816
f 1828 1816 1829
f 1829 1816 1821
f 1829 1821 1830
f 1830 1821 1820
f 1830 1820 1831
f 1831 1820 1819
f 1831 1819 1832
f 1832 1819 1823
f 1832 1823 1833
f 1833 1823 1822
f 1833 1822 1834
f 1834 1822 1815
f 1834 1815 1835
f 1835 1815 1814
f 1835 1814 1824
f 1824 1814 1812
f 1836 1837 1838
f 1838 1837 1839
f 1838 1839 1840
f 1840 1839 1841
f 1840 1841 1842
f 1842 1841 1843
f 1842 1843 1844
f 1844 1843 1845
f 1844 1845 1846
f 1846 1845 1847
f 1846 1847 1848
f 1848 1847 1849
f 1848 1849 1850
f 1850 1849 1851
f 1850 1851 1852
f 1852 1851 1853
f 1852 1853 1854
f 1854 1853 1855
f 1854 1855 1856
f 1856 1855 1857
f 1856 1857 1858
f 1858 1857 1859
f 1858 1859 1860
f 1860 1859 1861
f 1860 1861 1862
f 1862 1861 1863
f 1862 1863 1864
f 1864 1863 1865
f 1864 1865 1866
f 1866 1865 1867
f 1866 1867 1868
f 1868 1867 1869
f 1868 1869 1870
f 1870 1869 1871
f 1870 1871 1872
f 1872 1871 1873
f 1872 1873 1874
f 1874 1873 1875
f 1874 1875 1876
f 1876 1875 1877
f 1876 1877 1878
f 1878 1877 1879
f 1878 1879 1880
f 1880 1879 1881
f 1880 1881 1882
f 1882 1881 1883
f 1882 1883 1836
f 1836 1883 1837
f 1884 1885 1886
f 1886 1885 1887
f 1886 1887 1888
f 1888 1887 1889
f 1888 1889 1890
f 1890 1889 1891
f 1890 1891 1892
f 1892 1891 1893
f 1892 1893 1894
f 1894 1893 1895
f 1894 1895 1896
f 1896 1895 1897
f 1896 1897 1898
f 1898 1897 1899
f 1898 1899 1900
f 1900 1899 1901
f 1900 1901 1902
f 1902 1901 1903
f 1902 1903 1904
f 1904 1903 1905
f 1904 1905 1906
f 1906 1905 1907
f 1906 1907 1884
f 1884 1907 1885
f 1837 1908 1909
f 1910 1841 1909
f 1909 1841 1839
f 1909 1839 1837
f 1911 1845 1910
f 1910 1845 1843
f 1910 1843 1841
f 1912 1849 1911
f 1911 1849 1847
f 1911 1847 1845
f 1913 1853 1912
f 1912 1853 1851
f 1912 1851 1849
f 1914 1857 1913
f 1913 1857 1855
f 1913 1855 1853
f 1915 1861 1914
f 1914 1861 1859
f 1914 1859 1857
f 1916 1865 1915
f 1915 1865 1863
f 1915 1863 1861
f 1917 1869 1916
f 1916 1869 1867
f 1916 1867 1865
f 1918 1873 1917
f 1917 1873 1871
f 1917 1871 1869
f 1919 1877 1918
f 1918 1877 1875
f 1918 1875 1873
f 1837 1883 1908
f 1908 1883 1881
f 1908 1881 1919
f 1919 1881 1879
f 1919 1879 1877
f 1908 1889 1909
f 1909 1889 1887
f 1909 1887 1910
f 1910 1887 1885
f 1910 1885 1911
f 1911 1885 1907
f 1911 1907 1912
f 1912 1907 1905
f 1912 1905 1913
f 1913 1905 1903
f 1913 1903 1914
f 1914 1903 1901
f 1914 1901 1915
f 1915 1901 1899
f 1915 1899 1916
f 1916 1899 1897
f 1916 1897 1917
f 1917 1897 1895
f 1917 1895 1918
f 1918 1895 1893
f 1918 1893 1919
f 1919 1893 1891
f 1919 1891 1908
f 1908 1891 1889
f 1890 1920 1888
f 1888 1920 1921
f 1888 1921 1886
f 1886 1921 1922
f 1886 1922 1884
f 1884 1922 1923
f 1884 1923 1906
f 1906 1923 1924
f 1906 1924 1904
f 1904 1924 1925
f 1904 1925 1902
f 1902 1925 1926
f 1902 1926 1900
f 1900 1926 1927
f 1900 1927 1898
f 1898 1927 1928
f 1898 1928 1896
f 1896 1928 1929
f 1896 1929 1894
f 1894 1929 1930
f 1894 1930 1892
f 1892 1930 1931
f 1892 1931 1890
f 1890 1931 1920
f 1932 1931 1930
f 1920 1931 1932
f 1932 1928 1927
f 1929 1928 1932
f 1930 1929 1932
f 1932 1925 1924
f 1926 1925 1932
f 1927 1926 1932
f 1932 1922 1921
f 1923 1922 1932
f 1924 1923 1932
f 1921 1920 1932
f 1933 1934 1935
f 1935 1934 1936
f 1935 1936 1937
f 1937 1936 1293
f 1937 1293 1938
f 1399 1398 1939
f 1939 1398 1329
f 1939 1329 1940
f 1940 1329 1941
f 1940 1941 1942
f 1942 1941 1943
f 1942 1943 1944
f 1944 1943 1945
f 1944 1945 1946
f 1939 1947 1399
f 1399 1947 1948
f 1399 1948 1337
f 1337 1948 1949
f 1337 1949 1339
f 1339 1949 1950
f 1949 1951 1950
f 1950 1951 1952
f 1950 1952 1953
f 1953 1952 1954
f 1953 1954 1348
f 1348 1954 1955
f 1348 1955 1400
f 1293 1272 1938
f 1938 1272 1273
f 1938 1273 1955
f 1955 1273 1274
f 1955 1274 1400
f 1946 1945 1956
f 1956 1945 1957
f 1956 1957 1958
f 1958 1957 1959
f 1958 1959 1933
f 1933 1959 1960
f 1933 1960 1934
f 1961 1962 1963
f 1961 1963 1964
f 1964 1963 1965
f 1964 1965 1966
f 1966 1965 1967
f 1966 1967 1968
f 1968 1967 1969
f 1969 1967 1970
f 1969 1970 1971
f 1971 1970 1972
f 1971 1972 1973
f 1973 1972 1974
f 1973 1974 1975
f 1975 1974 1976
f 1975 1976 1977
f 1977 1976 1978
f 1977 1978 1979
f 1979 1978 1980
f 1979 1980 1981
f 1981 1980 1982
f 1981 1982 1983
f 1982 1984 1983
f 1983 1984 1985
f 1983 1985 1986
f 1986 1985 1987
f 1986 1987 1988
f 1988 1987 1989
f 1988 1989 1990
f 1990 1989 1991
f 1961 1992 1962
f 1962 1992 1993
f 1962 1993 1994
f 1994 1993 1995
f 1994 1995 1996
f 1996 1995 1997
f 1996 1997 1998
f 1998 1997 1999
f 1998 1999 2000
f 2000 1999 2001
f 2000 2001 2002
f 2002 2001 2003
f 2002 2003 2004
f 2004 2003 2005
f 2004 2005 2006
f 2006 2005 2007
f 2006 2007 2008
f 2008 2007 2009
f 2008 2009 1991
f 1991 2009 2010
f 1991 2010 1990
f 1952 1951 1987
f 1935 1970 1933
f 1933 1970 1967
f 1933 1967 1958
f 1958 1967 1965
f 1958 1965 1956
f 1956 1965 1963
f 1938 1976 1937
f 1937 1976 1974
f 1937 1974 1935
f 1935 1974 1972
f 1935 1972 1970
f 1987 1985 1952
f 1952 1985 1984
f 1952 1984 1954
f 1954 1984 1982
f 1954 1982 1955
f 1955 1982 1980
f 1955 1980 1938
f 1938 1980 1978
f 1938 1978 1976
f 1946 1956 1963
f 1947 2008 1948
f 1948 2008 1991
f 1948 1991 1949
f 1949 1991 1989
f 1949 1989 1951
f 1951 1989 1987
f 1940 2002 1939
f 1939 2002 2004
f 1939 2004 1947
f 1947 2004 2006
f 1947 2006 2008
f 1963 1962 1946
f 1946 1962 1994
f 1946 1994 1944
f 1944 1994 1996
f 1944 1996 1942
f 1942 1996 1998
f 1942 1998 1940
f 1940 1998 2000
f 1940 2000 2002
f 2011 1467 1426
f 1423 1420 2012
f 2011 1426 2013
f 2012 2014 1423
f 1423 2014 2013
f 1423 2013 1424
f 1424 2013 1426
f 1417 2015 1416
f 1416 2015 2016
f 1416 2016 1415
f 1415 2016 2017
f 1415 2017 1414
f 1414 2017 2018
f 1414 2018 1413
f 1413 2018 2019
f 1413 2019 1401
f 2020 2021 2022
f 2023 2024 2025
f 2026 2027 2028
f 2029 2030 2031
f 2031 2030 2032
f 2033 2029 2034
f 2034 2029 2031
f 2034 2031 2035
f 2035 2031 2036
f 2037 2038 2039
f 2039 2038 2040
f 2025 2041 2023
f 2023 2041 2042
f 2023 2042 2043
f 2043 2042 2044
f 2043 2044 2045
f 2045 2044 2046
f 2045 2046 2047
f 2047 2046 2048
f 2047 2048 2040
f 2040 2048 2049
f 2040 2049 2039
f 2022 2021 2050
f 2050 2021 2051
f 2050 2051 2052
f 2052 2051 2053
f 2052 2053 2054
f 2054 2053 2055
f 2054 2055 2056
f 2020 2024 2021
f 2021 2024 2023
f 2021 2023 2051
f 2051 2023 2043
f 2051 2043 2053
f 2053 2043 2045
f 2053 2045 2055
f 2055 2045 2047
f 2055 2047 2056
f 2056 2047 2040
f 2056 2040 2057
f 2057 2040 2038
f 2037 2036 2038
f 2038 2036 2031
f 2038 2031 2057
f 2057 2031 2032
f 2057 2032 2056
f 2056 2032 2058
f 2056 2058 2054
f 2054 2058 2059
f 2054 2059 2052
f 2052 2059 2060
f 2052 2060 2050
f 2050 2060 2026
f 2050 2026 2022
f 2022 2026 2028
f 2022 2028 2020
f 2061 1412 2062
f 2062 1412 1402
f 2062 1402 2063
f 2063 1402 1401
f 2063 1401 2064
f 2064 1401 2065
f 2019 2066 1401
f 1401 2066 2067
f 1401 2067 2065
f 2068 2061 2062
f 2067 2066 2069
f 2070 2071 2068
f 2063 2072 2062
f 2062 2072 2073
f 2062 2073 2068
f 2068 2073 2074
f 2068 2074 2070
f 2075 2076 2063
f 2063 2076 2077
f 2063 2077 2072
f 2069 2078 2067
f 2067 2078 2079
f 2067 2079 2065
f 2065 2079 2075
f 2065 2075 2064
f 2064 2075 2063
f 2080 2081 2082
f 2082 2081 2083
f 2084 2085 2086
f 2084 2086 2087
f 2087 2086 2088
f 2087 2088 2089
f 2089 2088 2090
f 2089 2090 2091
f 2091 2090 2082
f 2091 2082 2083
f 1667 1666 2092
f 2092 1666 1697
f 2092 1697 1699
f 1664 1694 1665
f 1665 1694 1666
f 1666 1694 1697
f 1697 1694 1693
f 1697 1693 1696
f 2092 1699 1701
f 1494 1483 2093
f 2093 1483 1482
f 2093 1482 2094
f 2094 1482 1468
f 1492 1494 1702
f 1702 1494 2093
f 1702 2093 1701
f 1701 2093 2095
f 1701 2095 2092
f 2092 2095 1667
f 2096 1667 2095
f 2094 1468 1533
f 1533 1468 1466
f 1466 1465 1533
f 1533 1465 1440
f 1533 1440 1439
f 1537 2096 1535
f 1535 2096 2095
f 1535 2095 1533
f 1533 2095 2093
f 1533 2093 2094
f 2097 2098 1532
f 1537 1532 2096
f 2096 1532 2098
f 2096 2098 1667
f 1530 2099 1532
f 1532 2099 1775
f 1532 1775 2097
f 2097 1775 1774
f 2097 1774 1781
f 2097 1781 1780
f 2100 2098 2097
f 2097 1780 2100
f 2100 1780 1779
f 2100 1779 1668
f 1668 1779 1778
f 1668 1778 1669
f 1668 1660 2100
f 2100 1660 1659
f 2100 1659 2098
f 2098 1659 1667
f 2101 2102 2103
f 2104 2105 2106
f 2107 2108 2109
f 2110 2109 2111
f 2111 2109 2108
f 2111 2108 2112
f 2112 2108 2113
f 2114 2115 2109
f 2109 2115 2116
f 2109 2116 2107
f 2117 2118 2119
f 2117 2119 2120
f 2120 2119 2121
f 2120 2121 2122
f 2122 2121 2123
f 2122 2123 2124
f 2124 2123 2125
f 2124 2125 2114
f 2114 2125 2126
f 2114 2126 2115
f 2127 2128 2129
f 2129 2128 2130
f 2129 2130 2131
f 2132 2119 2133
f 2133 2119 2118
f 2133 2118 2127
f 2127 2118 2134
f 2127 2134 2128
f 2131 2130 2106
f 2106 2130 2135
f 2106 2135 2104
f 2136 2137 2105
f 2105 2137 2138
f 2105 2138 2106
f 2105 2139 2136
f 2136 2139 2140
f 2136 2140 2141
f 2141 2140 2142
f 2141 2142 2143
f 2143 2142 2101
f 2143 2101 2144
f 2144 2101 2103
f 2145 2146 2147
f 2147 2146 2148
f 2147 2148 2149
f 2103 2102 2150
f 2150 2102 2151
f 2150 2151 2149
f 2149 2151 2152
f 2149 2152 2147
f 1824 2153 1835
f 1835 2153 2154
f 1835 2154 1834
f 1834 2154 2155
f 1834 2155 1833
f 1833 2155 2156
f 1833 2156 1832
f 1832 2156 2157
f 1832 2157 1831
f 1831 2157 2158
f 1831 2158 1830
f 1830 2158 2159
f 1830 2159 1829
f 1829 2159 2160
f 1829 2160 1828
f 1828 2160 2161
f 1828 2161 1827
f 1827 2161 2162
f 1827 2162 1826
f 1826 2162 2163
f 1826 2163 1825
f 1825 2163 2164
f 1825 2164 1824
f 1824 2164 2153
f 2165 2146 2166
f 2166 2146 2145
f 2166 2145 2167
f 1412 2168 2169
f 2170 2171 2061
f 2061 2171 1412
f 1412 2171 2172
f 1412 2172 2168
f 2167 2173 2166
f 2166 2173 2174
f 2166 2174 2175
f 2175 2174 2176
f 2175 2176 2071
f 2071 2176 2170
f 2071 2170 2068
f 2068 2170 2061
f 1406 1407 2177
f 2177 1407 1410
f 2177 1410 1411
f 1411 1412 2177
f 2177 1412 2169
f 2177 2169 2178
f 2178 2169 2179
f 2178 2179 2180
f 2180 2179 2181
f 2180 2181 2145
f 2145 2181 2182
f 2145 2182 2167
f 2172 2163 2168
f 2168 2163 2162
f 2168 2162 2169
f 2169 2162 2161
f 2169 2161 2179
f 2179 2161 2160
f 2179 2160 2181
f 2181 2160 2159
f 2181 2159 2182
f 2182 2159 2158
f 2182 2158 2167
f 2167 2158 2157
f 2167 2157 2173
f 2173 2157 2156
f 2173 2156 2174
f 2174 2156 2155
f 2174 2155 2176
f 2176 2155 2154
f 2176 2154 2170
f 2170 2154 2153
f 2170 2153 2171
f 2171 2153 2164
f 2171 2164 2172
f 2172 2164 2163
f 2131 2106 2183
f 2106 2138 2183
f 2183 2138 2137
f 2183 2137 2184
f 2184 2137 2136
f 2131 2183 2129
f 2129 2183 2185
f 2129 2185 2127
f 2185 2186 2187
f 2187 2132 2185
f 2185 2132 2133
f 2185 2133 2127
f 2188 2189 2190
f 2191 2192 2193
f 2194 2195 2196
f 2196 2195 2197
f 2196 2197 2198
f 2198 2197 2199
f 2200 2201 2202
f 2202 2201 2203
f 2202 2203 2204
f 2191 2193 2205
f 2205 2193 2206
f 2205 2206 2207
f 2207 2206 2208
f 2208 2206 2209
f 2208 2209 2149
f 2144 2103 2209
f 2209 2103 2150
f 2209 2150 2149
f 2210 2143 2211
f 2211 2143 2144
f 2211 2144 2212
f 2212 2144 2209
f 2213 2214 2215
f 2215 2214 2216
f 2217 2218 2219
f 2199 2197 2220
f 2220 2197 2221
f 2220 2221 2218
f 2218 2221 2222
f 2218 2222 2219
f 2219 2223 2217
f 2217 2223 2224
f 2217 2224 2225
f 2225 2224 2226
f 2225 2226 2189
f 2189 2226 2227
f 2189 2227 2190
f 2228 2229 2230
f 2230 2229 2186
f 2230 2186 2231
f 2231 2186 2185
f 2232 2233 2183
f 2183 2233 2234
f 2183 2234 2185
f 2185 2234 2235
f 2185 2235 2231
f 2183 2184 2232
f 2232 2184 2136
f 2232 2136 2210
f 2210 2136 2141
f 2210 2141 2143
f 2191 2201 2192
f 2192 2201 2200
f 2192 2200 2193
f 2193 2200 2236
f 2193 2236 2206
f 2206 2236 2237
f 2206 2237 2209
f 2209 2237 2238
f 2209 2238 2212
f 2212 2238 2239
f 2212 2239 2211
f 2211 2239 2240
f 2211 2240 2210
f 2210 2240 2241
f 2210 2241 2232
f 2232 2241 2242
f 2232 2242 2233
f 2233 2242 2243
f 2233 2243 2234
f 2234 2243 2244
f 2234 2244 2235
f 2235 2244 2245
f 2235 2245 2231
f 2231 2245 2246
f 2231 2246 2230
f 2230 2246 2247
f 2230 2247 2228
f 2228 2247 2248
f 2228 2248 2249
f 2249 2248 2250
f 2251 2252 2253
f 2253 2252 2254
f 2253 2254 2255
f 2255 2254 2256
f 2255 2256 2257
f 2257 2256 2258
f 2257 2258 2213
f 2213 2258 2259
f 2213 2259 2214
f 2251 2253 2260
f 2260 2253 2261
f 2260 2261 2262
f 2190 2263 2188
f 2188 2263 2264
f 2188 2264 2265
f 2265 2264 2266
f 2265 2266 2267
f 2267 2266 2268
f 2267 2268 2262
f 2262 2268 2269
f 2262 2269 2260
f 2215 2250 2213
f 2213 2250 2248
f 2213 2248 2257
f 2257 2248 2247
f 2257 2247 2255
f 2255 2247 2246
f 2255 2246 2253
f 2253 2246 2245
f 2253 2245 2261
f 2261 2245 2244
f 2261 2244 2262
f 2262 2244 2243
f 2262 2243 2267
f 2267 2243 2242
f 2267 2242 2265
f 2265 2242 2241
f 2265 2241 2188
f 2188 2241 2240
f 2188 2240 2189
f 2189 2240 2239
f 2189 2239 2225
f 2225 2239 2238
f 2225 2238 2217
f 2217 2238 2237
f 2217 2237 2218
f 2218 2237 2236
f 2218 2236 2220
f 2220 2236 2200
f 2220 2200 2199
f 2199 2200 2202
f 2199 2202 2198
f 2198 2202 2204
f 2270 1936 1934
f 2270 1934 2271
f 2271 1934 1960
f 2271 1960 2195
f 2272 2273 2274
f 2272 2275 2276
f 2275 2277 2276
f 2276 2277 2278
f 2276 2278 2279
f 2279 2278 2280
f 2279 2280 2281
f 2273 2272 2282
f 2282 2272 2276
f 2282 2276 2283
f 2283 2276 2279
f 2283 2279 2284
f 2284 2271 2195
f 2195 2194 2284
f 2284 2194 2196
f 2284 2196 2283
f 2283 2196 2198
f 2283 2198 2282
f 2270 2271 2285
f 2285 2271 2284
f 2285 2284 2286
f 2286 2284 2279
f 2286 2279 2287
f 2287 2279 2281
f 2191 2274 2201
f 2201 2274 2273
f 2201 2273 2203
f 2203 2273 2282
f 2203 2282 2204
f 2204 2282 2198
f 2288 2289 2290
f 2285 2286 2291
f 2292 1287 1293
f 2293 2294 2295
f 2295 2294 2292
f 2295 2292 2290
f 2290 2292 1293
f 2290 1293 1936
f 2291 2288 2285
f 2285 2288 2290
f 2285 2290 2270
f 2270 2290 1936
f 2296 2297 2298
f 2296 2298 2293
f 2299 2292 2298
f 2298 2292 2294
f 2298 2294 2293
f 2300 2299 2301
f 2301 2299 2298
f 2301 2298 2302
f 2302 2298 2297
f 2300 1292 2299
f 2299 1292 1288
f 2299 1288 2292
f 2292 1288 1287
f 2303 2304 2085
f 2085 2304 2080
f 2088 2086 2090
f 2090 2086 2085
f 2090 2085 2082
f 2082 2085 2080
f 2305 2306 2307
f 2308 2305 2309
f 2309 2305 2307
f 2309 2307 2310
f 2310 2307 2311
f 2085 2084 2303
f 2303 2084 2312
f 2303 2312 2309
f 2309 2312 2313
f 2309 2313 2308
f 2084 2087 2089
f 2314 2312 2081
f 2081 2312 2084
f 2081 2084 2083
f 2083 2084 2089
f 2083 2089 2091
f 2307 1529 2311
f 2311 1529 1545
f 2311 1545 2315
f 2315 1545 2316
f 2316 1545 1549
f 2316 1549 1658
f 117 1777 1783
f 2080 1645 2081
f 2081 1645 1646
f 2081 1646 2314
f 2314 1646 1776
f 2314 1776 2317
f 1773 1772 1646
f 1646 1772 118
f 1646 118 1776
f 1776 118 117
f 1776 117 1782
f 1782 117 1783
f 2317 2318 2314
f 2314 2318 2319
f 2314 2319 2320
f 2321 1652 2322
f 2322 1652 1651
f 2322 1651 2323
f 2315 2316 2324
f 2080 2304 2324
f 2325 1654 2321
f 2321 1654 1653
f 2321 1653 1652
f 2324 2316 2326
f 2316 1658 2326
f 2326 1658 1657
f 2326 1657 2327
f 2327 1657 1656
f 2327 1656 2325
f 2325 1656 1655
f 2325 1655 1654
f 1651 1650 2323
f 2323 1650 1649
f 2323 1649 2328
f 2328 1649 1648
f 2328 1648 2329
f 2329 1648 1647
f 2329 1647 2330
f 2330 1647 1645
f 2330 1645 2331
f 2331 1645 2080
f 2331 2080 2332
f 2332 2080 2324
f 2304 2333 2324
f 2324 2333 2334
f 2324 2334 2315
f 2304 2303 2333
f 2333 2303 2309
f 2333 2309 2334
f 2334 2309 2310
f 2334 2310 2315
f 2315 2310 2311
f 1529 2307 1530
f 1530 2307 2306
f 2306 2317 1530
f 1530 2317 1776
f 1530 1776 2099
f 2099 1776 1775
f 2317 2306 2305
f 2317 2305 2318
f 2318 2305 2308
f 2318 2308 2319
f 2319 2308 2313
f 2319 2313 2320
f 2320 2313 2312
f 2320 2312 2314
f 1860 474 472
f 484 482 1878
f 1878 1880 484
f 484 1880 1882
f 484 1882 486
f 478 1872 480
f 480 1872 1874
f 480 1874 482
f 482 1874 1876
f 482 1876 1878
f 1842 464 462
f 1882 1836 486
f 486 1836 1838
f 486 1838 462
f 462 1838 1840
f 462 1840 1842
f 1842 1844 464
f 464 1844 1846
f 464 1846 466
f 466 1846 1848
f 466 1848 468
f 1860 1862 474
f 474 1862 1864
f 474 1864 476
f 1864 1866 476
f 476 1866 1868
f 476 1868 478
f 478 1868 1870
f 478 1870 1872
f 1848 1850 468
f 468 1850 1852
f 468 1852 470
f 1852 1854 470
f 470 1854 1856
f 470 1856 472
f 472 1856 1858
f 472 1858 1860
f 2335 2216 2214
f 1950 2336 2337
f 2337 2338 1950
f 1950 2338 2339
f 1950 2339 1339
f 1339 2339 2340
f 1339 2340 1337
f 1337 2340 2341
f 1337 2341 1336
f 1336 2341 2335
f 1336 2335 1334
f 2336 1950 2342
f 2342 1950 1953
f 2342 1953 2343
f 2343 1953 1348
f 2343 1348 2344
f 2344 1348 1292
f 2344 1292 2300
f 2254 1331 2256
f 2256 1331 1332
f 2335 2214 1334
f 1334 2214 2259
f 1334 2259 1332
f 1332 2259 2258
f 1332 2258 2256
f 2195 1960 2197
f 2197 1960 1959
f 2197 1959 2221
f 2221 1959 2222
f 2222 1959 1957
f 2222 1957 2219
f 2227 2226 1945
f 1945 2226 2224
f 1945 2224 1957
f 1957 2224 2223
f 1957 2223 2219
f 2266 2264 1943
f 1943 2264 2263
f 1943 2263 1945
f 1945 2263 2190
f 1945 2190 2227
f 2254 2252 1331
f 1331 2252 2251
f 1331 2251 1329
f 1329 2251 2260
f 1329 2260 1941
f 1941 2260 2269
f 1941 2269 1943
f 1943 2269 2268
f 1943 2268 2266
f 603 2345 2346
f 2347 2348 2349
f 2349 2348 2350
f 2349 2350 2351
f 2352 2353 2354
f 2354 2353 2355
f 2354 2355 2356
f 2356 2355 2357
f 2356 2357 2346
f 2346 2357 604
f 2346 604 603
f 2350 2358 2351
f 2351 2358 2359
f 2351 2359 2360
f 2361 2346 2362
f 2362 2346 2345
f 2362 2345 2359
f 2359 2345 2363
f 2359 2363 2360
f 2360 2363 2364
f 2360 2364 2365
f 2365 2364 2366
f 2365 2366 2367
f 2368 2369 2370
f 2370 2371 2368
f 2368 2371 2372
f 2368 2372 2373
f 2366 2364 2374
f 2374 2364 2363
f 2374 2363 2375
f 2367 2366 2376
f 2376 2366 2374
f 2376 2374 2377
f 2377 2374 2375
f 2377 2375 2378
f 2378 2375 2379
f 2378 2379 2380
f 2380 2379 2381
f 2380 2381 2382
f 2382 2381 2372
f 2383 2373 2384
f 2384 2373 2372
f 2384 2372 2385
f 602 2383 601
f 601 2383 2384
f 601 2384 599
f 599 2384 2385
f 599 2385 597
f 597 2385 2386
f 597 2386 606
f 606 2386 2387
f 606 2387 605
f 605 2387 2388
f 605 2388 603
f 2372 2381 2385
f 2385 2381 2379
f 2385 2379 2386
f 2386 2379 2375
f 2386 2375 2387
f 2387 2375 2363
f 2387 2363 2388
f 2388 2363 2345
f 2388 2345 603
f 2389 2390 2391
f 2392 2393 2360
f 2394 2395 2396
f 2397 2398 2395
f 2399 2400 2401
f 2397 2395 2402
f 2394 2399 2395
f 2395 2399 2401
f 2395 2401 2402
f 2402 2401 2403
f 2404 2405 2406
f 2406 2405 2407
f 2406 2407 2396
f 2396 2407 2408
f 2396 2408 2394
f 2409 2410 2411
f 2411 2410 2412
f 2411 2412 2413
f 2414 2415 2412
f 2412 2415 2416
f 2412 2416 2413
f 2349 2351 2417
f 2417 2351 2418
f 2417 2418 2419
f 560 2347 561
f 561 2347 2349
f 561 2349 562
f 562 2349 2417
f 560 559 2347
f 2347 559 2420
f 2347 2420 2421
f 2421 2420 2422
f 567 2423 568
f 568 2423 2420
f 568 2420 558
f 558 2420 559
f 2419 554 553
f 553 557 2419
f 2419 557 556
f 2419 556 2417
f 2417 556 555
f 2417 555 562
f 545 546 2389
f 2389 546 547
f 2389 547 551
f 2424 2425 544
f 2426 2427 2428
f 2428 2427 2429
f 2428 2429 2430
f 2430 2429 2431
f 2430 2431 2432
f 2428 2433 2426
f 2426 2433 2434
f 2426 2434 2435
f 2435 2434 2436
f 2435 2436 2437
f 2438 2439 2436
f 2436 2439 2440
f 2436 2440 2437
f 2441 2442 2443
f 2444 2445 2446
f 2446 2445 2447
f 2446 2447 2448
f 2443 2449 2441
f 2441 2449 2450
f 2441 2450 2447
f 2447 2450 2451
f 2447 2451 2448
f 2398 2444 2395
f 2395 2444 2446
f 2395 2446 2396
f 2396 2446 2448
f 2396 2448 2406
f 2406 2448 2451
f 2452 2453 2443
f 2443 2453 2454
f 2443 2454 2449
f 2442 2455 2443
f 2443 2455 2456
f 2443 2456 2452
f 2457 2425 2458
f 2458 2425 2424
f 2458 2424 2459
f 2430 2457 2428
f 2428 2457 2458
f 2428 2458 2433
f 2433 2458 2459
f 2433 2459 2434
f 2434 2459 2460
f 2434 2460 2436
f 2436 2460 2461
f 2436 2461 2438
f 2462 2439 2463
f 2463 2439 2438
f 2463 2438 2464
f 2464 2438 2461
f 2464 2461 2465
f 2465 2461 2460
f 2465 2460 2466
f 2466 2460 2459
f 2466 2459 2391
f 2391 2459 2424
f 2391 2424 2389
f 2389 2424 544
f 2389 544 545
f 2351 2360 2418
f 2418 2360 2393
f 2418 2393 2414
f 2414 2393 2392
f 2414 2392 2415
f 2414 2467 2418
f 2418 2467 2468
f 2418 2468 2419
f 2419 2468 2390
f 2419 2390 554
f 554 2390 2389
f 554 2389 552
f 552 2389 551
f 2444 2462 2445
f 2445 2462 2463
f 2445 2463 2447
f 2447 2463 2464
f 2447 2464 2441
f 2441 2464 2465
f 2441 2465 2442
f 2442 2465 2466
f 2442 2466 2455
f 2455 2466 2391
f 2455 2391 2456
f 2456 2391 2390
f 2456 2390 2452
f 2452 2390 2468
f 2452 2468 2453
f 2453 2468 2467
f 2453 2467 2454
f 2454 2467 2414
f 2454 2414 2449
f 2449 2414 2412
f 2449 2412 2450
f 2450 2412 2410
f 2450 2410 2451
f 2451 2410 2409
f 2451 2409 2406
f 2406 2409 2469
f 2406 2469 2404
f 31 29 27
f 2470 2471 2472
f 2472 2471 2473
f 2472 2473 2474
f 2475 2476 2477
f 2477 2476 2478
f 2477 2478 2479
f 2479 2478 2480
f 2479 2480 2481
f 2481 2480 2482
f 2481 2482 2470
f 2470 2482 2483
f 2470 2483 2471
f 2484 2485 2474
f 2474 2485 2486
f 2474 2486 2472
f 2473 2487 2474
f 2474 2487 2488
f 2474 2488 2484
f 2484 2488 2489
f 2489 2490 2484
f 2484 2490 2491
f 2484 2491 2492
f 2492 2491 2493
f 2492 2493 2494
f 2494 2493 2495
f 2494 2495 2496
f 2496 2495 2497
f 2496 2497 26
f 2498 31 2499
f 2499 31 27
f 2499 27 2500
f 2500 27 26
f 2500 26 2501
f 2501 26 2497
f 32 31 2502
f 2502 31 2498
f 2503 2504 600
f 600 2504 586
f 592 2502 593
f 593 2502 2505
f 593 2505 2369
f 2504 2506 586
f 586 2506 2507
f 586 2507 587
f 2503 2508 2504
f 2504 2508 2509
f 2504 2509 2510
f 592 591 2502
f 2502 591 590
f 2502 590 32
f 32 590 589
f 32 589 2511
f 2511 589 588
f 2511 588 2512
f 2512 588 587
f 2512 587 2513
f 2513 587 2507
f 586 585 600
f 600 585 596
f 600 596 602
f 602 596 595
f 602 595 2383
f 2383 595 594
f 2383 594 2373
f 2373 594 593
f 2373 593 2368
f 2368 593 2369
f 2403 2401 2514
f 2514 2401 2400
f 2514 2400 2515
f 2516 2439 2462
f 2507 2506 2517
f 2507 2517 2513
f 2516 2462 2518
f 2518 2462 2511
f 2518 2511 2517
f 2517 2511 2512
f 2517 2512 2513
f 28 30 25
f 25 30 32
f 25 32 2511
f 2519 2520 2397
f 2397 2520 2521
f 2397 2521 2398
f 2398 2521 2522
f 2398 2522 2444
f 2444 2522 2523
f 2523 2524 2444
f 2444 2524 2525
f 2444 2525 2526
f 2526 2527 2444
f 2444 2527 2528
f 2444 2528 2462
f 2462 2528 2529
f 2462 2529 2511
f 2511 2529 2530
f 2511 2530 25
f 2531 2532 2533
f 2534 2535 2536
f 2533 2537 2531
f 2531 2537 2538
f 2531 2538 2535
f 2535 2538 2539
f 2535 2539 2536
f 2514 2515 2540
f 2540 2534 2514
f 2514 2534 2536
f 2514 2536 2403
f 2403 2536 2519
f 2403 2519 2402
f 2402 2519 2397
f 2541 2475 2477
f 2537 2533 2542
f 2543 2544 2533
f 2533 2544 2545
f 2533 2545 2542
f 2546 2547 2548
f 2548 2547 2543
f 2548 2543 2532
f 2532 2543 2533
f 2542 2549 2537
f 2537 2549 2550
f 2537 2550 2538
f 2538 2550 2551
f 2538 2551 2539
f 2519 2536 2552
f 2539 2551 2536
f 2536 2551 2553
f 2536 2553 2552
f 2519 2552 2520
f 2520 2552 2554
f 2520 2554 2521
f 2554 2541 2521
f 2521 2541 2477
f 2521 2477 2522
f 2522 2477 2479
f 2522 2479 2523
f 2523 2479 2481
f 2523 2481 2524
f 2524 2481 2470
f 2524 2470 2525
f 2525 2470 2472
f 2525 2472 2526
f 2526 2472 2486
f 2526 2486 2527
f 2486 2485 2527
f 2527 2485 2484
f 2527 2484 2528
f 2528 2484 2492
f 2528 2492 2529
f 2529 2492 2494
f 2529 2494 2530
f 2530 2494 2496
f 2530 2496 25
f 25 2496 26
f 2555 2556 2557
f 2558 2555 2559
f 2559 2555 2560
f 2555 2557 2560
f 2560 2557 2561
f 2560 2561 2562
f 2562 2561 2563
f 2562 2563 2564
f 2564 2563 2565
f 2564 2565 2566
f 2565 2567 2566
f 2566 2567 2568
f 2566 2568 2569
f 2569 2568 2570
f 2569 2570 2571
f 2572 2573 2574
f 2574 2573 2575
f 2574 2575 2576
f 2576 2575 2571
f 2576 2571 2577
f 2577 2571 2570
f 2578 2579 2580
f 2580 2581 2582
f 2582 2583 2580
f 2580 2583 2584
f 2580 2584 2578
f 2585 2559 2586
f 2586 2559 2587
f 2580 2558 2559
f 2585 2588 2559
f 2559 2588 2589
f 2559 2589 2580
f 2580 2589 2590
f 2580 2590 2581
f 2559 2560 2587
f 2587 2560 2562
f 2587 2562 2564
f 2566 2591 2564
f 2564 2591 2592
f 2564 2592 2587
f 2569 2593 2566
f 2566 2593 2594
f 2566 2594 2591
f 2571 2595 2569
f 2569 2595 2596
f 2569 2596 2593
f 2573 2597 2575
f 2575 2597 2598
f 2575 2598 2571
f 2571 2598 2599
f 2571 2599 2595
f 2600 2601 2602
f 2573 2603 2597
f 2597 2603 2600
f 2597 2600 2604
f 2604 2600 2602
f 2327 2325 2605
f 2556 2605 2557
f 2557 2605 2325
f 2557 2325 2561
f 2561 2325 2321
f 2561 2321 2563
f 2563 2321 2565
f 2565 2321 2567
f 2567 2321 2322
f 2567 2322 2568
f 2574 2576 2323
f 2323 2576 2577
f 2323 2577 2322
f 2322 2577 2570
f 2322 2570 2568
f 2572 2574 2606
f 2606 2574 2323
f 2606 2323 2607
f 2607 2323 2328
f 2607 2328 2608
f 2329 2609 2610
f 2329 2610 2328
f 2328 2610 2611
f 2328 2611 2608
f 2612 2613 2330
f 2330 2613 2614
f 2330 2614 2329
f 2329 2614 2615
f 2329 2615 2609
f 2616 2617 2331
f 2331 2617 2618
f 2331 2618 2330
f 2330 2618 2619
f 2330 2619 2612
f 2616 2331 2620
f 2620 2331 2332
f 2620 2332 2621
f 2622 2623 2324
f 2324 2623 2624
f 2324 2624 2332
f 2332 2624 2625
f 2332 2625 2621
f 2605 2626 2327
f 2327 2626 2627
f 2327 2627 2326
f 2326 2627 2628
f 2628 2629 2326
f 2326 2629 2630
f 2326 2630 2324
f 2324 2630 2631
f 2324 2631 2622
f 2589 2588 1706
f 2632 1712 2633
f 2633 1712 1711
f 1710 2634 1711
f 1711 2634 2635
f 1711 2635 2633
f 2601 2634 2602
f 2602 2634 1710
f 2602 1710 2604
f 2604 1710 1709
f 2604 1709 2597
f 2597 1709 2598
f 1708 2595 1709
f 1709 2595 2599
f 1709 2599 2598
f 2594 2593 1708
f 1708 2593 2596
f 1708 2596 2595
f 2586 2587 1707
f 1707 2587 2592
f 1707 2592 1708
f 1708 2592 2591
f 1708 2591 2594
f 1706 2588 1707
f 1707 2588 2585
f 1707 2585 2586
f 2583 1705 2584
f 2584 1705 1704
f 2584 1704 2578
f 2583 2582 1705
f 1705 2582 2581
f 1705 2581 1706
f 1706 2581 2590
f 1706 2590 2589
f 2579 2578 2636
f 2636 2578 1704
f 2636 1704 2637
f 2637 1704 1703
f 2637 1703 2638
f 2638 1703 1496
f 2638 1496 2639
f 1712 2632 2640
f 2640 2641 1712
f 1712 2641 2642
f 1712 2642 2643
f 2643 2644 1712
f 1712 2644 2645
f 1712 2645 1713
f 1495 2646 1499
f 1499 2646 2647
f 1499 2647 1498
f 2639 1496 2648
f 2648 1496 1497
f 2648 1497 2649
f 2649 1497 1498
f 2649 1498 2650
f 2650 1498 2647
f 1467 2011 2651
f 2012 2652 2014
f 2014 2652 2651
f 2014 2651 2013
f 2013 2651 2011
f 1467 2651 1441
f 1441 2651 2653
f 1441 2653 1464
f 2653 2654 1464
f 1464 2654 2655
f 1464 2655 1463
f 1463 2655 2646
f 1463 2646 1495
f 2656 114 2657
f 2657 114 108
f 2652 2012 1420
f 2658 1801 114
f 2659 2660 2658
f 2658 2660 2661
f 2658 2661 2662
f 2656 2663 114
f 114 2663 2664
f 114 2664 2658
f 2658 2664 2665
f 2658 2665 2659
f 2666 1809 2667
f 2667 1809 1801
f 2667 1801 2668
f 2668 1801 2658
f 2652 1420 2669
f 2669 1420 1419
f 2669 1419 2670
f 2670 1419 1422
f 2670 1422 2666
f 2666 1422 1807
f 2666 1807 1809
f 527 526 2425
f 2425 526 550
f 550 549 2425
f 2425 549 548
f 2425 548 544
f 2671 539 542
f 52 2671 51
f 51 2671 542
f 51 542 50
f 50 542 541
f 50 541 540
f 543 48 528
f 528 48 50
f 528 50 529
f 529 50 540
f 62 2672 2673
f 2674 56 58
f 2674 58 2675
f 2676 2675 2677
f 2677 2675 58
f 2677 58 2678
f 2678 58 62
f 2678 62 2679
f 2679 62 2673
f 543 527 48
f 48 527 2425
f 48 2425 46
f 46 2425 2457
f 46 2457 44
f 44 2457 2430
f 44 2430 42
f 42 2430 2432
f 42 2432 53
f 53 2432 2680
f 53 2680 61
f 61 2680 2681
f 61 2681 62
f 62 2681 2682
f 62 2682 2672
f 2423 567 2683
f 2683 567 566
f 2683 566 565
f 2684 2658 2662
f 2685 2686 2687
f 2685 2687 2688
f 2688 2687 2689
f 2689 2687 2690
f 2689 2690 2662
f 2662 2690 2691
f 2662 2691 2684
f 2692 2693 2694
f 2694 2695 2692
f 2692 2695 2696
f 2692 2696 2697
f 2698 2699 2700
f 2700 2701 2702
f 2698 2700 2686
f 2686 2700 2702
f 2686 2702 2687
f 2703 2704 2705
f 2705 2704 2694
f 2705 2694 2693
f 2686 2685 2706
f 2686 2706 2698
f 2698 2706 2707
f 2698 2707 2699
f 2708 2709 2660
f 2660 2709 2710
f 2660 2710 2661
f 2661 2710 2711
f 2661 2711 2662
f 2662 2711 2712
f 2662 2712 2689
f 2689 2712 2706
f 2689 2706 2688
f 2688 2706 2685
f 2708 2660 2659
f 2708 2659 2713
f 2713 2659 2665
f 2713 2665 2714
f 2715 2716 2717
f 2718 2020 2028
f 2719 2720 2024
f 2024 2720 2721
f 2024 2721 2025
f 2024 2722 2719
f 2719 2722 2723
f 2719 2723 2724
f 2724 2723 2722
f 2724 2722 2725
f 2725 2722 2726
f 2725 2726 2727
f 2728 2421 2422
f 2422 2729 2728
f 2728 2729 2730
f 2728 2730 2717
f 2717 2730 2731
f 2717 2731 2715
f 2347 2421 2348
f 2348 2421 2728
f 2348 2728 2350
f 2350 2728 2358
f 2361 2362 2732
f 2732 2362 2733
f 2732 2733 2734
f 2734 2733 2735
f 2734 2735 2736
f 2715 2725 2716
f 2716 2725 2727
f 2716 2727 2717
f 2717 2727 2737
f 2717 2737 2728
f 2728 2737 2738
f 2728 2738 2358
f 2358 2738 2739
f 2358 2739 2359
f 2740 2741 2742
f 2742 2741 2743
f 2742 2743 2744
f 2744 2743 2745
f 2744 2745 2735
f 2735 2745 2746
f 2735 2746 2736
f 2742 2747 2740
f 2740 2747 2718
f 2740 2718 2748
f 2748 2718 2028
f 2748 2028 2027
f 2362 2359 2733
f 2733 2359 2739
f 2733 2739 2735
f 2735 2739 2738
f 2735 2738 2744
f 2744 2738 2737
f 2744 2737 2742
f 2742 2737 2727
f 2742 2727 2747
f 2747 2727 2726
f 2747 2726 2718
f 2718 2726 2722
f 2718 2722 2020
f 2020 2722 2024
f 2663 2749 2664
f 2664 2749 2714
f 2664 2714 2665
f 2656 2750 2663
f 2663 2750 2751
f 2663 2751 2749
f 2752 2750 2753
f 2753 2750 2656
f 2753 2656 2754
f 2754 2656 2657
f 2754 2657 2755
f 2755 2657 108
f 2755 108 112
f 2756 2078 2069
f 2757 2018 2017
f 2758 2759 2017
f 2017 2759 2760
f 2017 2760 2757
f 2757 2760 2761
f 2757 2761 2762
f 2758 2017 2763
f 2763 2017 2016
f 2763 2016 2015
f 2034 2035 2069
f 2069 2035 2036
f 2069 2036 2756
f 2757 2764 2018
f 2018 2764 2033
f 2018 2033 2019
f 2019 2033 2034
f 2019 2034 2066
f 2066 2034 2069
f 2765 2766 2767
f 2768 2769 2770
f 2770 2769 2771
f 2770 2771 2772
f 295 294 2768
f 2752 2753 2773
f 2773 2753 2774
f 2773 2774 2775
f 2775 2774 2770
f 2775 2770 2776
f 2776 2770 2772
f 2755 112 2777
f 2777 112 295
f 2777 295 2765
f 2765 2767 2777
f 2777 2767 2754
f 2777 2754 2755
f 295 2768 2765
f 2765 2768 2770
f 2765 2770 2766
f 2766 2770 2774
f 2766 2774 2767
f 2767 2774 2753
f 2767 2753 2754
f 2778 2772 2771
f 296 302 2778
f 2778 302 301
f 2778 301 569
f 294 296 2768
f 2768 296 2778
f 2768 2778 2769
f 2769 2778 2771
f 2205 2207 2148
f 2148 2207 2208
f 2148 2208 2149
f 2146 2165 2779
f 2779 2780 2146
f 2146 2780 2781
f 2146 2781 2148
f 2148 2781 2191
f 2148 2191 2205
f 2289 2288 2782
f 2782 2288 2783
f 2783 2288 2784
f 2784 2288 2291
f 2784 2291 2785
f 2291 2286 2785
f 2785 2286 2287
f 2785 2287 2786
f 2287 2281 2786
f 2786 2281 2280
f 2786 2280 2787
f 2280 2278 2787
f 2787 2278 2277
f 2787 2277 2788
f 2277 2275 2788
f 2788 2275 2272
f 2788 2272 2789
f 2789 2272 2274
f 2789 2274 2790
f 2790 2274 2191
f 2790 2191 2791
f 2791 2191 2781
f 2792 2778 569
f 569 570 2792
f 2792 570 571
f 2792 571 2793
f 2793 571 572
f 2793 572 2676
f 2676 572 131
f 59 57 182
f 182 57 56
f 182 56 179
f 179 56 2674
f 179 2674 144
f 144 2674 2675
f 144 2675 128
f 128 2675 2676
f 128 2676 129
f 129 2676 131
f 2794 2795 2796
f 2796 2795 2339
f 2796 2339 2338
f 2797 2798 2799
f 2799 2798 2800
f 2344 2300 2301
f 2302 2797 2301
f 2301 2797 2799
f 2301 2799 2344
f 2344 2799 2800
f 2344 2800 2343
f 2343 2800 2342
f 2801 2503 600
f 2802 2803 2804
f 2804 2803 2805
f 2804 2805 2509
f 2801 2806 2503
f 2503 2806 2807
f 2503 2807 2508
f 600 598 2801
f 2801 598 2808
f 2801 2808 2806
f 2806 2808 2802
f 2806 2802 2807
f 2807 2802 2804
f 2807 2804 2508
f 2508 2804 2509
f 2803 2809 2805
f 2805 2809 2810
f 2805 2810 2509
f 2509 2810 2811
f 2509 2811 2510
f 2808 598 604
f 2353 2352 2812
f 604 2357 2808
f 2808 2357 2355
f 2808 2355 2802
f 2802 2355 2353
f 2802 2353 2803
f 2803 2353 2812
f 2803 2812 2809
f 2030 2813 2032
f 2032 2813 2814
f 2741 2815 2743
f 2743 2815 2816
f 2743 2816 2745
f 2741 2740 2815
f 2815 2740 2748
f 2815 2748 2027
f 2027 2026 2815
f 2815 2026 2060
f 2815 2060 2817
f 2817 2060 2059
f 2817 2059 2814
f 2814 2059 2058
f 2814 2058 2032
f 2818 2819 2764
f 2703 2705 2820
f 2820 2705 2818
f 2820 2818 2757
f 2757 2818 2764
f 2033 2764 2029
f 2029 2764 2819
f 2029 2819 2030
f 2030 2819 2821
f 2030 2821 2813
f 2822 2178 2180
f 2145 2147 2823
f 2823 2824 2145
f 2145 2824 2825
f 2145 2825 2180
f 2180 2825 2826
f 2180 2826 2822
f 2822 2826 2827
f 2822 2827 2828
f 2147 2152 2823
f 2823 2152 2151
f 2823 2151 2140
f 2140 2151 2102
f 2140 2102 2142
f 2142 2102 2101
f 2130 2128 2003
f 2003 2128 2005
f 2140 2139 1999
f 1999 2139 2105
f 1999 2105 2001
f 2001 2105 2104
f 2001 2104 2003
f 2003 2104 2135
f 2003 2135 2130
f 1999 1997 2140
f 2140 1997 1995
f 2140 1995 1993
f 1993 1992 2140
f 2140 1992 1961
f 2140 1961 2823
f 2823 1961 1964
f 2823 1964 1966
f 2829 2830 2831
f 1966 1968 2823
f 2823 1968 1969
f 2823 1969 2832
f 2832 1969 1971
f 2832 1971 2833
f 2833 1971 1973
f 2833 1973 2834
f 2834 1973 1975
f 2834 1975 2835
f 2835 1975 2836
f 2836 1975 1977
f 2836 1977 2831
f 2831 1977 2837
f 2831 2837 2829
f 1977 1979 2837
f 2837 1979 1981
f 2837 1981 2110
f 2110 1981 1983
f 1983 1986 2110
f 2110 1986 1988
f 2110 1988 2109
f 2109 1988 1990
f 2009 2122 2010
f 2010 2122 2124
f 2010 2124 1990
f 1990 2124 2114
f 1990 2114 2109
f 2128 2134 2005
f 2005 2134 2118
f 2005 2118 2007
f 2007 2118 2117
f 2007 2117 2009
f 2009 2117 2120
f 2009 2120 2122
f 2757 2762 2820
f 2820 2762 2838
f 2820 2838 2703
f 2695 2694 2838
f 2838 2694 2704
f 2838 2704 2703
f 1264 1263 2839
f 2840 2841 2842
f 2840 2843 2841
f 2841 2843 2844
f 2841 2844 1243
f 2839 2845 2842
f 2842 2845 2846
f 2842 2846 2840
f 1263 2847 2839
f 2839 2847 2848
f 2839 2848 2845
f 1237 1264 1236
f 1236 1264 2839
f 1236 2839 1256
f 1256 2839 2842
f 1256 2842 1240
f 1240 2842 2841
f 1240 2841 1241
f 1241 2841 1243
f 2848 2847 2849
f 2850 2843 2840
f 1202 1200 2851
f 1200 1199 2851
f 2851 1199 2852
f 2851 2852 2853
f 1268 1267 2853
f 2853 1267 1271
f 2853 1271 2851
f 2854 1206 1204
f 2855 2856 1208
f 1261 2857 2858
f 2858 2857 2859
f 2858 2859 2860
f 1265 1261 2861
f 2861 1261 2858
f 2861 2858 2855
f 2855 2858 2860
f 2855 2860 2856
f 2862 1262 2861
f 2861 1262 1266
f 2861 1266 1265
f 2847 1263 1262
f 2862 2861 2863
f 2863 2861 2855
f 2863 2855 2854
f 2854 2855 1208
f 2854 1208 1206
f 2847 1262 2849
f 2849 1262 2862
f 2849 2862 2864
f 2864 2862 2863
f 2864 2863 2865
f 2865 2863 2854
f 2865 2854 2851
f 2851 2854 1204
f 2851 1204 1202
f 2866 2867 2868
f 2869 2866 2870
f 2870 2866 2868
f 2870 2868 2871
f 2871 2868 2846
f 2871 2846 2845
f 2869 2872 2866
f 2866 2872 2873
f 2866 2873 2867
f 2867 2873 2850
f 2867 2850 2868
f 2868 2850 2840
f 2868 2840 2846
f 1271 2872 2851
f 2851 2872 2869
f 2851 2869 2865
f 2865 2869 2870
f 2865 2870 2864
f 2864 2870 2871
f 2864 2871 2849
f 2849 2871 2845
f 2849 2845 2848
f 2874 2875 2876
f 2877 2878 2879
f 2880 2881 2882
f 2882 2881 2883
f 2882 2883 2884
f 2884 2883 2885
f 2885 2883 2886
f 2885 2886 2887
f 2888 2889 2887
f 2890 725 2891
f 2891 725 724
f 2874 2892 2875
f 2875 2892 2893
f 2875 2893 2894
f 2881 2895 2883
f 2883 2895 2896
f 2883 2896 2886
f 2886 2896 2897
f 2886 2897 2898
f 2887 2886 2888
f 2888 2886 2898
f 2888 2898 2889
f 2889 2898 2899
f 2889 2899 2900
f 2900 2899 2901
f 2900 2901 2902
f 2902 2901 2903
f 2902 2903 2904
f 2905 2906 2907
f 2894 2893 2908
f 2908 2893 2905
f 2908 2905 2909
f 2892 2890 2893
f 2893 2890 2891
f 2893 2891 2905
f 2905 2891 724
f 2905 724 2906
f 2906 724 729
f 2906 729 2907
f 2907 729 722
f 2907 722 721
f 718 2910 741
f 741 2910 2911
f 741 2911 739
f 739 2911 2912
f 739 2912 737
f 737 2912 2913
f 737 2913 735
f 2909 2914 2915
f 2915 2914 2913
f 2915 2913 2916
f 2916 2913 2912
f 2916 2912 2879
f 2879 2912 2911
f 2879 2911 2877
f 2877 2911 2910
f 2917 2918 2919
f 2919 2918 2920
f 2919 2920 2903
f 2903 2920 2921
f 2903 2921 2904
f 2909 2905 2914
f 2914 2905 2907
f 2914 2907 2913
f 2913 2907 721
f 2913 721 735
f 2895 2876 2896
f 2896 2876 2875
f 2896 2875 2897
f 2897 2875 2894
f 2897 2894 2898
f 2898 2894 2908
f 2898 2908 2899
f 2899 2908 2909
f 2899 2909 2901
f 2901 2909 2915
f 2901 2915 2903
f 2903 2915 2916
f 2903 2916 2919
f 2919 2916 2879
f 2919 2879 2917
f 2917 2879 2878
f 2922 2923 687
f 687 2923 688
f 2924 2925 2923
f 2923 2925 2926
f 2923 2926 688
f 681 680 611
f 611 680 720
f 611 720 612
f 609 608 2927
f 2927 672 609
f 609 672 683
f 609 683 611
f 611 683 682
f 611 682 681
f 2927 2928 672
f 672 2928 2929
f 672 2929 673
f 673 2929 2930
f 673 2930 675
f 675 2930 676
f 676 2930 677
f 677 2930 2931
f 677 2931 651
f 2931 2932 651
f 651 2932 2933
f 651 2933 652
f 652 2933 2934
f 2935 667 2936
f 2936 667 665
f 2936 665 2937
f 2937 665 663
f 2937 663 2934
f 2934 663 661
f 2934 661 652
f 659 670 2935
f 2935 670 669
f 2935 669 667
f 1211 2938 1209
f 1302 1298 2939
f 2940 2941 2942
f 2943 2944 2945
f 2946 2947 2948
f 2880 2882 2949
f 2950 2951 2952
f 2952 2951 2953
f 2952 2953 2954
f 1199 1201 2955
f 2955 1201 1203
f 2955 1203 2956
f 2956 1203 1205
f 2956 1205 2957
f 2957 1205 1207
f 2957 1207 2918
f 2918 1207 1208
f 2918 1208 2920
f 2920 1208 2856
f 2920 2856 2921
f 2921 2856 2860
f 2921 2860 2904
f 2904 2860 2859
f 2904 2859 2902
f 2902 2859 2900
f 2900 2859 2857
f 2900 2857 2889
f 2949 2887 2958
f 2958 2887 2889
f 2882 2884 2949
f 2949 2884 2885
f 2949 2885 2887
f 2959 2960 2961
f 2961 2960 2962
f 2963 2964 2965
f 2965 2964 2966
f 2965 2966 2967
f 2939 2968 2966
f 2966 2968 2969
f 2966 2969 2967
f 1298 1279 2939
f 2939 1279 2970
f 2939 2970 2968
f 1279 1278 2970
f 2970 1278 1281
f 2970 1281 2971
f 2971 1281 1394
f 2971 1394 2972
f 2972 1394 2973
f 2973 1394 1395
f 2973 1395 2974
f 2974 1395 1396
f 2974 1396 1397
f 2975 2976 1390
f 1390 2976 2977
f 1390 2977 1391
f 1391 2977 2978
f 1391 2978 1392
f 1392 2978 2979
f 1392 2979 1393
f 1393 2979 2980
f 1393 2980 1397
f 1397 2980 2981
f 1397 2981 2974
f 2982 2983 2975
f 2975 2983 2984
f 2975 2984 2976
f 2985 2986 2987
f 2987 2986 2988
f 2989 2990 2991
f 2991 2990 2992
f 1304 1303 2993
f 1304 2993 1366
f 1366 2993 1367
f 1367 2993 2994
f 1367 2994 1383
f 1383 2994 2995
f 1383 2995 1384
f 1386 2996 1387
f 1387 2996 1388
f 1384 2995 1385
f 1385 2995 2997
f 1385 2997 1386
f 1386 2997 2998
f 1386 2998 2996
f 2996 2999 1388
f 1388 2999 2975
f 1388 2975 1389
f 1389 2975 1390
f 1223 1222 3000
f 3000 1222 1220
f 3000 1220 2938
f 2938 1220 1219
f 2938 1219 1209
f 1226 3001 1228
f 1228 3001 3002
f 1228 3002 1229
f 1229 3002 3003
f 1229 3003 1231
f 3004 1253 3005
f 3005 1253 1232
f 3005 1232 2993
f 2963 2959 2964
f 2964 2959 2961
f 2964 2961 2942
f 2942 2961 2962
f 2942 2962 2940
f 2943 2945 3006
f 3006 2945 3007
f 3006 3007 3004
f 1303 1302 2993
f 2993 1302 2939
f 2993 2939 3005
f 3005 2939 2966
f 3005 2966 3004
f 3004 2966 2964
f 3004 2964 3006
f 3006 2964 2942
f 3006 2942 2943
f 2943 2942 2941
f 2988 3008 2987
f 2987 3008 3009
f 2987 3009 2985
f 2985 3009 2990
f 2985 2990 3010
f 3010 2990 2989
f 2988 2982 3008
f 3008 2982 2975
f 3008 2975 3009
f 3009 2975 2999
f 3009 2999 2990
f 2990 2999 2951
f 2990 2951 2992
f 2992 2951 2950
f 2992 2950 2991
f 2994 1225 2995
f 2995 1225 1223
f 2995 1223 2997
f 2997 1223 3000
f 2997 3000 2998
f 2998 3000 2938
f 2998 2938 2996
f 2996 2938 1211
f 2996 1211 2999
f 2999 1211 1212
f 2999 1212 2951
f 2951 1212 1269
f 2951 1269 2953
f 2953 1269 1268
f 2953 1268 2954
f 2954 1268 2853
f 2954 2853 2955
f 2955 2853 2852
f 2955 2852 1199
f 2958 3011 2949
f 2949 3011 3012
f 2949 3012 2880
f 2880 3012 2948
f 2880 2948 3013
f 3013 2948 2947
f 2857 1261 2889
f 2889 1261 1257
f 2889 1257 2958
f 2958 1257 1253
f 2958 1253 3011
f 3011 1253 3004
f 3011 3004 3012
f 3012 3004 3007
f 3012 3007 2948
f 2948 3007 2945
f 2948 2945 2946
f 2946 2945 2944
f 1226 1225 3001
f 3001 1225 2994
f 3001 2994 3002
f 3002 2994 2993
f 3002 2993 3003
f 3003 2993 1232
f 3003 1232 1231
f 3014 3015 3016
f 3017 2952 3018
f 3018 2952 2954
f 2910 718 716
f 2925 2924 3019
f 2925 3019 3020
f 688 2926 690
f 690 2926 3021
f 690 3021 692
f 692 3021 694
f 694 3021 3022
f 694 3022 695
f 695 3022 3023
f 695 3023 697
f 697 3023 3024
f 697 3024 700
f 700 3024 3025
f 700 3025 703
f 703 3025 3026
f 703 3026 705
f 709 3027 710
f 710 3027 3028
f 710 3028 712
f 2877 2910 3029
f 3029 2910 716
f 3029 716 3030
f 3030 716 712
f 3030 712 3031
f 3031 712 3028
f 3032 2878 2877
f 2918 2917 2957
f 2957 2917 3033
f 2957 3033 2956
f 3034 3035 3036
f 3036 3035 3037
f 3038 3039 3040
f 3038 3040 3041
f 3041 3040 3042
f 3041 3042 3043
f 3043 3042 3044
f 3043 3044 3034
f 3034 3044 3045
f 3034 3045 3035
f 2956 3033 2955
f 2955 3033 3046
f 2955 3046 2954
f 2954 3046 3047
f 2954 3047 3018
f 2917 2878 3033
f 3033 2878 3032
f 3033 3032 3046
f 3046 3032 3048
f 3046 3048 3047
f 3047 3048 3049
f 3047 3049 3018
f 3018 3049 3016
f 3018 3016 3017
f 3017 3016 3015
f 3017 3015 3037
f 3037 3015 3014
f 3037 3014 3036
f 709 707 3027
f 3027 707 705
f 3027 705 3050
f 3050 705 3026
f 3050 3026 3051
f 3051 3026 3025
f 3051 3025 3052
f 3052 3025 3024
f 3052 3024 3053
f 3053 3024 3023
f 3053 3023 3054
f 3054 3023 3022
f 3054 3022 3020
f 3020 3022 3021
f 3020 3021 2925
f 2925 3021 2926
f 2877 3029 3032
f 3032 3029 3030
f 3032 3030 3048
f 3048 3030 3031
f 3048 3031 3049
f 3049 3031 3028
f 3049 3028 3016
f 3016 3028 3027
f 3016 3027 3014
f 3014 3027 3050
f 3014 3050 3036
f 3036 3050 3051
f 3036 3051 3034
f 3034 3051 3052
f 3034 3052 3043
f 3043 3052 3053
f 3043 3053 3041
f 3041 3053 3054
f 3041 3054 3038
f 3038 3054 3020
f 3038 3020 3039
f 3039 3020 3019
f 3039 3019 3040
f 3055 3056 3057
f 3057 2636 2637
f 2637 2638 3058
f 3058 2638 2639
f 2639 2648 3058
f 3058 2648 2649
f 3058 2649 2650
f 2637 3058 3057
f 3057 3058 3059
f 3057 3059 3055
f 3060 3061 3062
f 3062 3061 3063
f 3062 3063 3064
f 3064 3063 3065
f 3064 3065 3066
f 3067 3068 3069
f 3070 3066 3065
f 3071 3072 3073
f 3073 3072 3074
f 3074 3075 3073
f 3073 3075 3076
f 3073 3076 3077
f 3068 3070 3069
f 3069 3070 3065
f 3069 3065 3078
f 3078 3065 3063
f 3078 3079 3069
f 3069 3079 3077
f 3069 3077 3067
f 3067 3077 3076
f 3079 3080 3077
f 3077 3080 3081
f 3077 3081 3073
f 3073 3081 3082
f 3073 3082 3071
f 3083 3084 3085
f 3086 3087 3074
f 2677 2678 3086
f 3088 2792 2793
f 2670 3083 2669
f 2669 3083 3085
f 2669 3085 2652
f 3089 3090 3085
f 3085 3090 3091
f 3085 3091 2652
f 2652 3091 3092
f 2652 3092 2651
f 2651 3092 3093
f 2651 3093 2653
f 2677 3086 2676
f 2676 3086 3074
f 2676 3074 2793
f 2793 3074 3072
f 2793 3072 3088
f 3088 3072 3071
f 3088 3071 3094
f 3095 3090 3096
f 3096 3090 3089
f 3096 3089 3097
f 3097 3089 3098
f 3097 3098 3099
f 3100 3101 3102
f 3102 3101 3103
f 3102 3103 3098
f 3098 3103 3104
f 3098 3104 3099
f 3100 3102 3105
f 3105 3102 3094
f 3105 3094 3106
f 3106 3094 3071
f 3106 3071 3082
f 2673 3107 2679
f 2679 3107 3108
f 3087 3086 3108
f 3108 3086 2678
f 3108 2678 2679
f 2681 3109 2682
f 2682 3109 3110
f 2682 3110 2672
f 2672 3110 3111
f 2672 3111 2673
f 2673 3111 3112
f 2673 3112 3107
f 3113 3092 3091
f 3114 3115 3116
f 3116 3115 3117
f 3116 3117 3118
f 3119 3120 3116
f 3116 3120 3121
f 3116 3121 3114
f 3117 3122 3118
f 3118 3122 3113
f 3118 3113 3123
f 3123 3113 3091
f 3123 3091 3090
f 3119 3116 3124
f 3124 3116 3118
f 3124 3118 3125
f 3125 3118 3123
f 3125 3123 3126
f 3126 3123 3090
f 3126 3090 3095
f 3055 3059 3127
f 3127 3059 3119
f 3119 3059 3120
f 3120 3059 3128
f 3120 3128 3121
f 3129 3130 3131
f 3131 3130 3132
f 3133 3134 3132
f 3132 3134 3135
f 3132 3135 3131
f 3130 3129 3136
f 3136 3137 3130
f 3130 3137 3138
f 3130 3138 3139
f 3139 3138 3140
f 3140 3138 3141
f 3140 3141 3142
f 3142 3141 3143
f 3142 3143 3144
f 3055 3127 3145
f 3056 3055 3146
f 3146 3055 3145
f 3146 3145 3147
f 3147 3145 3148
f 3127 3119 3149
f 3127 3149 3145
f 3145 3149 3150
f 3145 3150 3148
f 3151 3152 3153
f 2605 2556 3153
f 3153 2556 3154
f 3153 3154 3151
f 2556 2555 3154
f 3154 2555 2558
f 3154 2558 3155
f 3155 2558 2580
f 2636 3156 2579
f 2579 3156 3157
f 2579 3158 2580
f 2580 3158 3159
f 2580 3159 3155
f 3160 3161 3162
f 3162 3161 3163
f 3162 3163 3164
f 3163 3165 3164
f 3164 3165 3166
f 3164 3166 3167
f 3167 3166 3168
f 3167 3168 3169
f 3157 3170 2579
f 2579 3170 3171
f 2579 3171 3158
f 3172 3173 3174
f 3174 3173 3175
f 3174 3175 3176
f 3176 3175 3167
f 3176 3167 3177
f 3177 3167 3169
f 3172 3174 3178
f 3178 3174 3179
f 3178 3179 3180
f 3180 3179 3181
f 3180 3181 3182
f 3182 3181 3183
f 3182 3183 3184
f 3184 3183 3185
f 3184 3185 3186
f 2636 3057 3156
f 3156 3057 3056
f 3156 3056 3187
f 3187 3056 3146
f 3187 3146 3188
f 3188 3146 3147
f 3188 3147 3189
f 3189 3147 3190
f 3189 3190 3191
f 3191 3190 3192
f 3191 3192 3193
f 3193 3192 3186
f 3193 3186 3194
f 3194 3186 3185
f 3172 3178 3195
f 3196 3063 3197
f 3197 3063 3061
f 3197 3061 3060
f 3198 3196 3195
f 3195 3196 3197
f 3195 3197 3172
f 3172 3197 3060
f 3172 3060 3173
f 3080 3079 3199
f 3079 3078 3199
f 3199 3078 3063
f 3199 3063 3200
f 3196 3198 3201
f 3201 3198 3202
f 3201 3202 3203
f 3203 3202 3204
f 3203 3204 3205
f 3063 3196 3200
f 3200 3196 3201
f 3200 3201 3199
f 3199 3201 3203
f 3199 3203 3080
f 3080 3203 3205
f 3080 3205 3081
f 3081 3205 3204
f 3081 3204 3082
f 3206 3207 3208
f 3106 3082 3204
f 3096 3097 3209
f 3096 3209 3095
f 3097 3099 3210
f 3210 3099 3104
f 3210 3104 3211
f 3211 3104 3103
f 3211 3103 3212
f 3103 3101 3212
f 3212 3101 3100
f 3212 3100 3213
f 3213 3100 3105
f 3213 3105 3106
f 3213 3207 3212
f 3212 3207 3206
f 3212 3206 3211
f 3211 3206 3214
f 3211 3214 3210
f 3210 3214 3215
f 3095 3209 3216
f 3216 3209 3217
f 3216 3217 3218
f 3218 3217 3219
f 3218 3219 3150
f 3097 3210 3209
f 3209 3210 3215
f 3209 3215 3217
f 3217 3215 3220
f 3217 3220 3219
f 3208 3221 3206
f 3206 3221 3222
f 3206 3222 3214
f 3214 3222 3223
f 3214 3223 3215
f 3215 3223 3224
f 3215 3224 3220
f 3106 3204 3213
f 3213 3204 3202
f 3213 3202 3207
f 3207 3202 3198
f 3207 3198 3208
f 2670 2666 3083
f 3083 2666 2667
f 3083 2667 3084
f 2776 2772 2778
f 2778 2792 3088
f 2776 2778 2775
f 3094 3102 3225
f 3226 2775 3225
f 3225 2775 2778
f 3225 2778 3094
f 3094 2778 3088
f 3102 3098 3225
f 3225 3098 3089
f 3225 3089 3227
f 3227 3089 3085
f 3227 3085 3084
f 3228 3229 3230
f 3230 2356 3231
f 3231 3232 3233
f 3231 3233 3230
f 3230 3233 3234
f 3230 3234 3228
f 2809 3235 2810
f 2810 3235 2811
f 2352 2354 2812
f 2812 2354 2356
f 2812 2356 2809
f 2809 2356 3230
f 2809 3230 3235
f 3125 3236 3124
f 3124 3236 3119
f 3218 3150 3237
f 3237 3150 3149
f 3149 3238 3237
f 3237 3238 3239
f 3237 3239 3218
f 3218 3239 3240
f 3218 3240 3216
f 3095 3216 3126
f 3126 3216 3240
f 3126 3240 3125
f 3125 3240 3239
f 3125 3239 3236
f 3236 3239 3238
f 3236 3238 3119
f 3119 3238 3149
f 3182 3198 3180
f 3180 3198 3195
f 3180 3195 3178
f 3147 3148 3190
f 3190 3148 3150
f 3190 3150 3192
f 3150 3219 3192
f 3192 3219 3220
f 3192 3220 3186
f 3220 3224 3186
f 3186 3224 3223
f 3186 3223 3184
f 3223 3222 3184
f 3184 3222 3221
f 3184 3221 3182
f 3182 3221 3208
f 3182 3208 3198
f 3241 3242 3243
f 3244 3245 3246
f 3247 3248 3249
f 3250 3251 3252
f 3252 3251 3163
f 3252 3163 3161
f 3253 3166 3254
f 3254 3166 3165
f 3242 3253 3243
f 3243 3253 3254
f 3243 3254 3251
f 3251 3254 3165
f 3251 3165 3163
f 3255 3247 3256
f 3256 3247 3249
f 3256 3249 3245
f 3257 3241 3255
f 3255 3241 3243
f 3255 3243 3247
f 3247 3243 3251
f 3247 3251 3248
f 3248 3251 3250
f 3258 3259 3260
f 3245 3244 3256
f 3256 3244 3258
f 3256 3258 3255
f 3255 3258 3260
f 3255 3260 3257
f 3246 3261 3244
f 3244 3261 3262
f 3244 3262 3258
f 3258 3262 3263
f 3258 3263 3259
f 3259 3263 3264
f 3259 3264 3265
f 3259 3265 3266
f 3267 3169 3168
f 3260 3259 3268
f 3268 3259 3266
f 3268 3266 3269
f 3269 3266 3270
f 3260 3268 3257
f 3257 3268 3269
f 3257 3269 3241
f 3241 3269 3271
f 3241 3271 3242
f 3242 3271 3267
f 3242 3267 3253
f 3253 3267 3168
f 3253 3168 3166
f 3177 3169 3267
f 3177 3267 3272
f 3272 3267 3271
f 3272 3271 3273
f 3273 3271 3269
f 3273 3269 3274
f 3274 3269 3270
f 3274 3270 3275
f 3177 3272 3276
f 3177 3276 3176
f 3176 3276 3277
f 3176 3277 3174
f 3174 3277 3278
f 3174 3278 3179
f 3179 3278 3279
f 3179 3279 3181
f 3181 3279 3280
f 3181 3280 3183
f 3183 3280 3281
f 3183 3281 3185
f 3185 3281 3282
f 3185 3282 3194
f 3194 3282 3283
f 3194 3283 3193
f 3193 3283 3284
f 3193 3284 3191
f 3191 3284 3285
f 3191 3285 3189
f 3189 3285 3286
f 3189 3286 3188
f 3188 3286 3287
f 3188 3287 3187
f 3187 3287 3288
f 3187 3288 3156
f 3157 3156 3289
f 3289 3156 3288
f 3289 3288 3290
f 3291 3290 3292
f 3293 3294 3295
f 3295 3294 3296
f 3295 3296 3297
f 3297 3296 3298
f 3297 3298 3291
f 3293 3295 3299
f 3299 3295 3300
f 3299 3300 3301
f 3301 3300 3302
f 3301 3302 3303
f 3303 3302 3304
f 3303 3304 3305
f 3305 3304 3306
f 3305 3306 3307
f 3308 3309 3310
f 3310 3309 3311
f 3310 3311 3312
f 3312 3311 3313
f 3312 3313 3314
f 3314 3313 3315
f 3314 3315 3316
f 3316 3315 3317
f 3316 3317 3306
f 3306 3317 3318
f 3306 3318 3307
f 3308 3310 3319
f 3319 3310 3320
f 3319 3320 3321
f 3321 3320 3322
f 3321 3322 3323
f 3323 3322 3324
f 3323 3324 3325
f 3325 3324 3274
f 3325 3274 3275
f 3291 3292 3297
f 3297 3292 3326
f 3297 3326 3295
f 3295 3326 3327
f 3295 3327 3300
f 3300 3327 3328
f 3300 3328 3302
f 3302 3328 3329
f 3302 3329 3304
f 3304 3329 3330
f 3304 3330 3306
f 3306 3330 3331
f 3306 3331 3316
f 3316 3331 3332
f 3316 3332 3314
f 3314 3332 3333
f 3314 3333 3312
f 3312 3333 3334
f 3312 3334 3310
f 3310 3334 3335
f 3310 3335 3320
f 3320 3335 3336
f 3320 3336 3322
f 3322 3336 3337
f 3322 3337 3324
f 3324 3337 3273
f 3324 3273 3274
f 3290 3288 3292
f 3292 3288 3287
f 3292 3287 3326
f 3326 3287 3286
f 3326 3286 3327
f 3327 3286 3285
f 3327 3285 3328
f 3328 3285 3284
f 3328 3284 3329
f 3329 3284 3283
f 3329 3283 3330
f 3330 3283 3282
f 3330 3282 3331
f 3331 3282 3281
f 3331 3281 3332
f 3332 3281 3280
f 3332 3280 3333
f 3333 3280 3279
f 3333 3279 3334
f 3334 3279 3278
f 3334 3278 3335
f 3335 3278 3277
f 3335 3277 3336
f 3336 3277 3276
f 3336 3276 3337
f 3337 3276 3272
f 3337 3272 3273
f 3170 3157 3289
f 3170 3289 3338
f 3338 3289 3290
f 3338 3290 3339
f 3339 3290 3291
f 3339 3291 3340
f 3340 3291 3298
f 3340 3298 3341
f 3171 3170 3338
f 3342 3343 3344
f 3344 3343 3345
f 3344 3345 3340
f 3340 3345 3339
f 3171 3338 3158
f 3340 3341 3344
f 3344 3341 3346
f 3344 3346 3342
f 3342 3346 3347
f 3345 3348 3339
f 3339 3348 3349
f 3339 3349 3338
f 3338 3349 3350
f 3338 3350 3158
f 3155 3159 3351
f 3352 3353 3354
f 3354 3353 3355
f 3354 3355 3356
f 3356 3355 3357
f 3356 3357 3358
f 3358 3357 3359
f 3358 3359 3360
f 3360 3359 3361
f 3360 3361 3362
f 3159 3158 3350
f 3155 3351 3154
f 3159 3350 3351
f 3351 3350 3349
f 3351 3349 3363
f 3363 3349 3348
f 3363 3348 3364
f 3342 3365 3343
f 3343 3365 3364
f 3343 3364 3345
f 3345 3364 3348
f 3365 3359 3364
f 3364 3359 3357
f 3364 3357 3363
f 3363 3357 3355
f 3363 3355 3351
f 3351 3355 3353
f 3351 3353 3154
f 3154 3353 3352
f 3154 3352 3151
f 3342 3347 3365
f 3365 3347 3366
f 3365 3366 3359
f 3359 3366 3367
f 3359 3367 3361
f 3368 3369 3370
f 3371 3372 3373
f 3373 3372 3374
f 3375 3376 3377
f 3378 3379 3380
f 3381 3382 3383
f 3384 3385 3386
f 3387 3385 3388
f 3388 3385 3384
f 3388 3384 3389
f 3390 3391 3392
f 3393 3394 3395
f 3396 3366 3347
f 3397 3398 3399
f 3399 3398 3362
f 3399 3362 3361
f 3400 3401 3402
f 3402 3401 3399
f 3402 3399 3403
f 3403 3399 3361
f 3403 3361 3367
f 3404 3405 3406
f 3406 3405 3407
f 3406 3407 3408
f 3408 3407 3409
f 3408 3409 3400
f 3400 3409 3410
f 3400 3410 3401
f 3411 3412 3413
f 3413 3412 3414
f 3413 3414 3415
f 3382 3416 3383
f 3383 3416 3417
f 3383 3417 3411
f 3411 3417 3418
f 3411 3418 3412
f 3378 3380 3419
f 3420 3421 3422
f 3422 3421 3423
f 3422 3423 3424
f 3424 3423 3425
f 3424 3425 3426
f 3426 3425 3427
f 3426 3427 3428
f 3429 3420 3430
f 3430 3420 3422
f 3430 3422 3431
f 3431 3422 3424
f 3431 3424 3432
f 3432 3424 3426
f 3432 3426 3433
f 3433 3426 3428
f 3433 3434 3432
f 3432 3434 3435
f 3432 3435 3431
f 3431 3435 3436
f 3431 3436 3430
f 3430 3436 3437
f 3430 3437 3429
f 3386 3438 3384
f 3384 3438 3439
f 3384 3439 3389
f 3389 3439 3375
f 3386 3440 3438
f 3438 3440 3441
f 3438 3441 3439
f 3439 3441 3442
f 3439 3442 3375
f 3375 3442 3443
f 3375 3443 3376
f 3444 3371 3445
f 3445 3371 3373
f 3445 3373 3446
f 3447 3448 3427
f 3427 3448 3449
f 3427 3449 3428
f 3450 3451 3452
f 3453 3370 3450
f 3450 3370 3369
f 3450 3369 3451
f 3454 3444 3455
f 3455 3444 3445
f 3455 3445 3456
f 3456 3445 3446
f 3456 3446 3457
f 3458 3459 3460
f 3460 3459 3461
f 3460 3461 3462
f 3462 3461 3463
f 3462 3463 3464
f 3465 3466 3467
f 3467 3466 3457
f 3467 3457 3468
f 3468 3457 3446
f 3468 3446 3469
f 3469 3446 3373
f 3469 3373 3470
f 3470 3373 3374
f 3470 3374 3471
f 3472 3473 3474
f 3474 3473 3475
f 3474 3475 3476
f 3476 3475 3477
f 3476 3477 3478
f 3463 3479 3464
f 3464 3479 3480
f 3464 3480 3481
f 3481 3480 3482
f 3481 3482 3483
f 3452 3484 3450
f 3450 3484 3478
f 3450 3478 3453
f 3453 3478 3477
f 3453 3477 3485
f 3485 3477 3475
f 3485 3475 3486
f 3486 3475 3473
f 3429 3472 3420
f 3420 3472 3474
f 3420 3474 3421
f 3421 3474 3476
f 3421 3476 3423
f 3423 3476 3478
f 3423 3478 3425
f 3425 3478 3484
f 3425 3484 3427
f 3427 3484 3452
f 3427 3452 3447
f 3447 3452 3451
f 3487 3488 3489
f 3413 3490 3411
f 3411 3490 3491
f 3411 3491 3383
f 3383 3491 3380
f 3383 3380 3381
f 3381 3380 3379
f 3486 3492 3485
f 3485 3492 3493
f 3485 3493 3453
f 3453 3493 3494
f 3453 3494 3370
f 3370 3494 3495
f 3370 3495 3368
f 3368 3495 3496
f 3368 3496 3497
f 3497 3496 3498
f 3497 3498 3489
f 3489 3498 3499
f 3489 3499 3487
f 3500 3501 3502
f 3492 3465 3493
f 3493 3465 3467
f 3493 3467 3494
f 3494 3467 3468
f 3494 3468 3495
f 3495 3468 3469
f 3495 3469 3496
f 3496 3469 3470
f 3496 3470 3498
f 3498 3470 3471
f 3498 3471 3499
f 3490 3501 3491
f 3491 3501 3500
f 3491 3500 3380
f 3380 3500 3503
f 3380 3503 3419
f 3419 3503 3504
f 3419 3504 3505
f 3506 3507 3508
f 3508 3507 3509
f 3508 3509 3510
f 3510 3509 3511
f 3510 3511 3406
f 3406 3511 3512
f 3406 3512 3404
f 3513 3514 3515
f 3515 3514 3516
f 3515 3516 3517
f 3517 3516 3518
f 3517 3518 3519
f 3519 3518 3520
f 3519 3520 3521
f 3521 3520 3522
f 3521 3522 3523
f 3523 3522 3524
f 3523 3524 3525
f 3525 3524 3393
f 3525 3393 3526
f 3526 3393 3395
f 3526 3395 3391
f 3514 3527 3516
f 3516 3527 3528
f 3516 3528 3518
f 3518 3528 3529
f 3518 3529 3520
f 3520 3529 3530
f 3520 3530 3522
f 3522 3530 3531
f 3522 3531 3524
f 3524 3531 3396
f 3524 3396 3393
f 3393 3396 3347
f 3393 3347 3394
f 3367 3366 3403
f 3403 3366 3396
f 3403 3396 3402
f 3402 3396 3531
f 3402 3531 3400
f 3400 3531 3530
f 3400 3530 3408
f 3408 3530 3529
f 3408 3529 3406
f 3406 3529 3528
f 3406 3528 3510
f 3510 3528 3527
f 3510 3527 3508
f 3508 3527 3514
f 3508 3514 3506
f 3506 3514 3513
f 3391 3390 3526
f 3526 3390 3532
f 3526 3532 3525
f 3525 3532 3533
f 3525 3533 3523
f 3523 3533 3534
f 3523 3534 3521
f 3521 3534 3535
f 3521 3535 3519
f 3519 3535 3536
f 3519 3536 3517
f 3517 3536 3537
f 3517 3537 3515
f 3515 3537 3538
f 3515 3538 3513
f 3513 3538 3502
f 3513 3502 3506
f 3506 3502 3501
f 3506 3501 3507
f 3507 3501 3490
f 3507 3490 3509
f 3509 3490 3413
f 3509 3413 3511
f 3511 3413 3415
f 3511 3415 3512
f 3539 3387 3540
f 3540 3387 3388
f 3540 3388 3541
f 3541 3388 3389
f 3541 3389 3542
f 3542 3389 3375
f 3542 3375 3543
f 3543 3375 3377
f 3543 3377 3544
f 3544 3377 3483
f 3544 3483 3545
f 3545 3483 3482
f 3459 3454 3461
f 3461 3454 3455
f 3461 3455 3463
f 3463 3455 3456
f 3463 3456 3479
f 3479 3456 3457
f 3479 3457 3480
f 3480 3457 3466
f 3480 3466 3482
f 3482 3466 3465
f 3482 3465 3545
f 3545 3465 3492
f 3545 3492 3544
f 3544 3492 3486
f 3544 3486 3543
f 3543 3486 3473
f 3543 3473 3542
f 3542 3473 3472
f 3542 3472 3541
f 3541 3472 3429
f 3541 3429 3540
f 3540 3429 3437
f 3540 3437 3539
f 3539 3437 3436
f 3539 3436 3546
f 3546 3436 3435
f 3546 3435 3392
f 3392 3435 3434
f 3392 3434 3390
f 3390 3434 3433
f 3390 3433 3532
f 3532 3433 3428
f 3532 3428 3533
f 3533 3428 3449
f 3533 3449 3534
f 3534 3449 3448
f 3534 3448 3535
f 3535 3448 3447
f 3535 3447 3536
f 3536 3447 3451
f 3536 3451 3537
f 3537 3451 3369
f 3537 3369 3538
f 3538 3369 3368
f 3538 3368 3502
f 3502 3368 3497
f 3502 3497 3500
f 3500 3497 3489
f 3500 3489 3503
f 3503 3489 3488
f 3503 3488 3504
f 3547 3548 3549
f 3550 3551 3552
f 3553 3554 3555
f 3556 3557 3558
f 3559 3560 3561
f 3562 3397 3399
f 3557 3563 3564
f 3565 3566 3556
f 3556 3566 3567
f 3556 3567 3557
f 3557 3567 3568
f 3557 3568 3563
f 3569 3570 3571
f 3560 3569 3561
f 3561 3569 3571
f 3561 3571 3572
f 3572 3571 3573
f 3572 3573 3574
f 3575 3576 3577
f 3577 3576 3578
f 3577 3578 3579
f 3578 3580 3579
f 3579 3580 3581
f 3579 3581 3582
f 3583 3584 3585
f 3585 3584 3586
f 3585 3586 3587
f 3587 3586 3582
f 3587 3582 3588
f 3588 3582 3581
f 3564 3562 3557
f 3557 3562 3399
f 3557 3399 3558
f 3558 3399 3401
f 3558 3401 3589
f 3589 3401 3410
f 3589 3410 3590
f 3419 3505 3552
f 3552 3505 3591
f 3552 3591 3550
f 3592 3593 3382
f 3382 3381 3592
f 3592 3381 3379
f 3592 3379 3552
f 3552 3379 3378
f 3552 3378 3419
f 3412 3594 3414
f 3414 3594 3595
f 3414 3595 3415
f 3596 3404 3595
f 3595 3404 3512
f 3595 3512 3415
f 3412 3418 3594
f 3594 3418 3417
f 3594 3417 3593
f 3593 3417 3416
f 3593 3416 3382
f 3570 3565 3571
f 3571 3565 3556
f 3571 3556 3573
f 3573 3556 3558
f 3573 3558 3574
f 3574 3558 3589
f 3574 3589 3597
f 3597 3589 3590
f 3597 3590 3598
f 3598 3590 3596
f 3598 3596 3599
f 3599 3596 3595
f 3599 3595 3600
f 3600 3595 3594
f 3600 3594 3601
f 3601 3594 3593
f 3601 3593 3602
f 3602 3593 3592
f 3602 3592 3555
f 3555 3592 3552
f 3555 3552 3553
f 3553 3552 3551
f 3547 3603 3604
f 3548 3547 3605
f 3605 3547 3604
f 3605 3604 3606
f 3607 3608 3609
f 3609 3608 3610
f 3609 3610 3611
f 3611 3610 3612
f 3613 3614 3615
f 3613 3615 3616
f 3616 3615 3617
f 3616 3617 3618
f 3619 3620 3618
f 3618 3620 3621
f 3618 3621 3616
f 3616 3621 3622
f 3616 3622 3613
f 3623 3624 3625
f 3625 3624 3626
f 3625 3626 3627
f 3627 3626 3628
f 3627 3628 3629
f 3629 3628 3610
f 3629 3610 3549
f 3549 3610 3608
f 3549 3608 3547
f 3547 3608 3607
f 3547 3607 3603
f 3630 3631 3632
f 3632 3631 3633
f 3632 3633 3575
f 3575 3633 3634
f 3575 3634 3576
f 3605 3614 3548
f 3548 3614 3613
f 3548 3613 3549
f 3549 3613 3622
f 3549 3622 3629
f 3629 3622 3621
f 3629 3621 3627
f 3627 3621 3620
f 3627 3620 3625
f 3625 3620 3619
f 3625 3619 3623
f 3623 3619 3635
f 3617 3636 3618
f 3618 3636 3630
f 3618 3630 3619
f 3619 3630 3632
f 3619 3632 3635
f 3635 3632 3575
f 3635 3575 3637
f 3637 3575 3577
f 3637 3577 3638
f 3638 3577 3579
f 3638 3579 3639
f 3639 3579 3582
f 3639 3582 3640
f 3640 3582 3586
f 3640 3586 3641
f 3641 3586 3584
f 3641 3584 3642
f 3642 3584 3583
f 3642 3583 3643
f 3410 3409 3590
f 3590 3409 3407
f 3590 3407 3596
f 3596 3407 3405
f 3596 3405 3404
f 3641 3559 3640
f 3640 3559 3561
f 3640 3561 3639
f 3639 3561 3572
f 3639 3572 3638
f 3638 3572 3574
f 3638 3574 3637
f 3637 3574 3597
f 3637 3597 3635
f 3635 3597 3598
f 3635 3598 3623
f 3623 3598 3599
f 3623 3599 3624
f 3624 3599 3600
f 3624 3600 3626
f 3626 3600 3601
f 3626 3601 3628
f 3628 3601 3602
f 3628 3602 3610
f 3610 3602 3555
f 3610 3555 3612
f 3612 3555 3554
f 3644 3645 3646
f 3647 3648 3649
f 3650 3651 3652
f 3653 3654 3655
f 3656 3657 3658
f 3659 3660 3661
f 3662 3663 3659
f 3663 3662 3664
f 3664 3662 3665
f 3664 3665 3666
f 3656 3658 3667
f 3668 3669 3670
f 3670 3669 3671
f 3670 3671 3672
f 3657 3673 3658
f 3658 3673 3674
f 3658 3674 3653
f 3673 3675 3674
f 3674 3675 3676
f 3674 3676 3677
f 3678 3677 3679
f 3679 3677 3676
f 3679 3676 3665
f 3665 3676 3675
f 3665 3675 3666
f 3680 3681 3682
f 3682 3681 3683
f 3682 3683 3661
f 3684 3685 3686
f 3684 3687 3685
f 3685 3687 3688
f 3685 3688 3689
f 3690 3691 3692
f 3692 3691 3693
f 3692 3693 3652
f 3652 3693 3694
f 3652 3694 3650
f 3686 3685 3651
f 3651 3685 3689
f 3651 3689 3652
f 3652 3689 3695
f 3652 3695 3692
f 3688 3646 3689
f 3689 3646 3645
f 3689 3645 3695
f 3695 3645 3696
f 3695 3696 3697
f 3698 3690 3699
f 3699 3690 3692
f 3699 3692 3700
f 3700 3692 3695
f 3700 3695 3701
f 3701 3695 3697
f 3647 3702 3703
f 3703 3702 3704
f 3703 3704 3705
f 3647 3649 3702
f 3702 3649 3706
f 3702 3706 3704
f 3659 3661 3662
f 3662 3661 3683
f 3662 3683 3665
f 3665 3683 3681
f 3665 3681 3679
f 3679 3681 3707
f 3679 3707 3678
f 3678 3707 3708
f 3678 3708 3709
f 3709 3708 3710
f 3709 3710 3711
f 3711 3710 3712
f 3711 3712 3706
f 3706 3712 3713
f 3706 3713 3704
f 3714 3715 3644
f 3644 3715 3716
f 3644 3716 3645
f 3645 3716 3717
f 3645 3717 3696
f 3653 3674 3654
f 3654 3674 3677
f 3654 3677 3655
f 3655 3677 3678
f 3655 3678 3718
f 3718 3678 3709
f 3718 3709 3719
f 3719 3709 3711
f 3719 3711 3720
f 3720 3711 3706
f 3720 3706 3721
f 3721 3706 3649
f 3721 3649 3722
f 3722 3649 3648
f 3722 3648 3723
f 3724 3725 3726
f 3727 3728 3729
f 3729 3728 3730
f 3729 3730 3731
f 3727 3729 3732
f 3732 3729 3724
f 3732 3724 3733
f 3733 3724 3726
f 3733 3726 3734
f 3730 3735 3731
f 3731 3735 3736
f 3731 3736 3737
f 3737 3736 3738
f 3737 3738 3739
f 3738 3740 3739
f 3739 3740 3741
f 3739 3741 3742
f 3742 3741 3743
f 3742 3743 3744
f 3744 3743 3745
f 3744 3745 3746
f 3746 3745 3747
f 3746 3747 3748
f 3748 3747 3749
f 3748 3749 3670
f 3670 3749 3750
f 3670 3750 3668
f 3684 3723 3687
f 3687 3723 3648
f 3687 3648 3688
f 3688 3648 3647
f 3688 3647 3646
f 3646 3647 3703
f 3646 3703 3644
f 3644 3703 3705
f 3644 3705 3714
f 3714 3705 3704
f 3714 3704 3751
f 3751 3704 3713
f 3751 3713 3752
f 3752 3713 3712
f 3752 3712 3753
f 3753 3712 3710
f 3753 3710 3754
f 3754 3710 3708
f 3754 3708 3755
f 3755 3708 3707
f 3755 3707 3756
f 3756 3707 3681
f 3756 3681 3757
f 3757 3681 3680
f 3672 3667 3670
f 3670 3667 3658
f 3670 3658 3748
f 3748 3658 3653
f 3748 3653 3746
f 3746 3653 3655
f 3746 3655 3744
f 3744 3655 3718
f 3744 3718 3742
f 3742 3718 3719
f 3742 3719 3739
f 3739 3719 3720
f 3739 3720 3737
f 3737 3720 3721
f 3737 3721 3731
f 3731 3721 3722
f 3731 3722 3729
f 3729 3722 3723
f 3729 3723 3724
f 3724 3723 3684
f 3724 3684 3725
f 3725 3684 3686
f 3758 3759 3760
f 3761 3762 3763
f 3764 3765 3766
f 3767 3265 3768
f 3768 3769 3767
f 3767 3769 3770
f 3767 3770 3771
f 3771 3770 3772
f 3771 3772 3773
f 3773 3772 3774
f 3773 3774 3775
f 3776 3777 3778
f 3778 3777 3779
f 3778 3779 3780
f 3780 3779 3775
f 3780 3775 3781
f 3781 3775 3774
f 3441 3440 3782
f 3782 3440 3783
f 3782 3783 3784
f 3785 3786 3734
f 3734 3786 3733
f 3733 3786 3732
f 3732 3786 3787
f 3732 3787 3727
f 3738 3736 3788
f 3788 3736 3789
f 3788 3789 3790
f 3736 3735 3789
f 3789 3735 3730
f 3789 3730 3787
f 3787 3730 3728
f 3787 3728 3727
f 3740 3791 3792
f 3745 3743 3792
f 3792 3743 3741
f 3792 3741 3740
f 3668 3750 3793
f 3793 3750 3246
f 3265 3264 3768
f 3768 3264 3263
f 3768 3263 3794
f 3794 3263 3262
f 3794 3262 3261
f 3795 3796 3797
f 3797 3796 3798
f 3797 3798 3799
f 3800 3801 3802
f 3802 3801 3803
f 3802 3803 3804
f 3804 3803 3805
f 3804 3805 3806
f 3806 3805 3807
f 3806 3807 3808
f 3808 3807 3809
f 3808 3809 3810
f 3810 3809 3811
f 3810 3811 3812
f 3812 3811 3813
f 3812 3813 3814
f 3815 3802 3816
f 3816 3802 3804
f 3816 3804 3817
f 3817 3804 3806
f 3817 3806 3818
f 3818 3806 3808
f 3818 3808 3819
f 3819 3808 3810
f 3819 3810 3820
f 3820 3810 3812
f 3820 3812 3821
f 3821 3812 3814
f 3821 3814 3822
f 3794 3815 3768
f 3768 3815 3816
f 3768 3816 3769
f 3769 3816 3817
f 3769 3817 3770
f 3770 3817 3818
f 3770 3818 3772
f 3772 3818 3819
f 3772 3819 3774
f 3774 3819 3820
f 3774 3820 3781
f 3781 3820 3821
f 3781 3821 3780
f 3780 3821 3822
f 3780 3822 3778
f 3823 3824 3825
f 3825 3824 3826
f 3825 3826 3827
f 3827 3826 3828
f 3827 3828 3766
f 3766 3828 3763
f 3766 3763 3764
f 3764 3763 3762
f 3776 3778 3829
f 3829 3778 3822
f 3829 3822 3830
f 3830 3822 3814
f 3830 3814 3831
f 3831 3814 3813
f 3831 3813 3832
f 3832 3813 3811
f 3832 3811 3833
f 3824 3758 3826
f 3826 3758 3760
f 3826 3760 3828
f 3828 3760 3834
f 3828 3834 3763
f 3763 3834 3835
f 3763 3835 3761
f 3761 3835 3836
f 3759 3790 3760
f 3760 3790 3789
f 3760 3789 3834
f 3834 3789 3787
f 3834 3787 3835
f 3835 3787 3786
f 3835 3786 3836
f 3836 3786 3785
f 3740 3738 3791
f 3791 3738 3788
f 3791 3788 3837
f 3837 3788 3790
f 3837 3790 3838
f 3838 3790 3759
f 3838 3759 3839
f 3839 3759 3758
f 3839 3758 3840
f 3840 3758 3824
f 3840 3824 3841
f 3841 3824 3823
f 3841 3842 3840
f 3840 3842 3843
f 3840 3843 3839
f 3839 3843 3844
f 3839 3844 3838
f 3838 3844 3845
f 3838 3845 3837
f 3837 3845 3846
f 3837 3846 3791
f 3791 3846 3847
f 3791 3847 3792
f 3823 3848 3841
f 3841 3848 3833
f 3841 3833 3842
f 3842 3833 3811
f 3842 3811 3843
f 3843 3811 3809
f 3843 3809 3844
f 3844 3809 3807
f 3844 3807 3845
f 3845 3807 3805
f 3845 3805 3846
f 3846 3805 3803
f 3846 3803 3847
f 3847 3803 3801
f 3847 3801 3792
f 3792 3801 3800
f 3792 3800 3745
f 3745 3800 3802
f 3745 3802 3747
f 3747 3802 3815
f 3747 3815 3749
f 3749 3815 3794
f 3749 3794 3750
f 3750 3794 3261
f 3750 3261 3246
f 3849 3850 3851
f 3851 3850 3852
f 3851 3852 3853
f 3853 3852 3458
f 3853 3458 3460
f 3854 3855 3856
f 3857 3851 3858
f 3858 3851 3853
f 3858 3853 3462
f 3462 3853 3460
f 3859 3860 3861
f 3856 3849 3854
f 3854 3849 3851
f 3854 3851 3862
f 3862 3851 3857
f 3862 3857 3863
f 3483 3864 3481
f 3481 3864 3861
f 3481 3861 3464
f 3464 3861 3860
f 3441 3782 3442
f 3442 3782 3865
f 3442 3865 3443
f 3443 3865 3866
f 3443 3866 3376
f 3376 3866 3867
f 3376 3867 3377
f 3377 3867 3868
f 3377 3868 3483
f 3483 3868 3869
f 3483 3869 3864
f 3870 3871 3872
f 3872 3871 3873
f 3872 3873 3874
f 3874 3873 3875
f 3874 3875 3876
f 3876 3875 3877
f 3876 3877 3878
f 3878 3877 3879
f 3878 3879 3880
f 3880 3879 3881
f 3880 3881 3882
f 3882 3881 3883
f 3882 3883 3884
f 3884 3883 3885
f 3884 3885 3886
f 3886 3885 3859
f 3859 3861 3886
f 3886 3861 3864
f 3886 3864 3884
f 3884 3864 3869
f 3884 3869 3882
f 3882 3869 3868
f 3882 3868 3880
f 3880 3868 3867
f 3880 3867 3878
f 3878 3867 3866
f 3878 3866 3876
f 3876 3866 3865
f 3876 3865 3874
f 3874 3865 3782
f 3874 3782 3872
f 3872 3782 3784
f 3872 3784 3870
f 3887 3855 3888
f 3888 3855 3854
f 3888 3854 3889
f 3889 3854 3862
f 3889 3862 3890
f 3890 3862 3863
f 3890 3863 3891
f 3891 3863 3892
f 3891 3892 3893
f 3893 3892 3894
f 3893 3894 3895
f 3895 3894 3896
f 3895 3896 3798
f 3798 3896 3897
f 3798 3897 3799
f 3796 3898 3798
f 3798 3898 3899
f 3798 3899 3895
f 3895 3899 3900
f 3895 3900 3893
f 3462 3464 3858
f 3858 3464 3860
f 3858 3860 3857
f 3857 3860 3859
f 3857 3859 3863
f 3863 3859 3885
f 3863 3885 3892
f 3892 3885 3883
f 3892 3883 3894
f 3894 3883 3881
f 3894 3881 3896
f 3896 3881 3879
f 3896 3879 3897
f 3897 3879 3877
f 3897 3877 3799
f 3799 3877 3875
f 3799 3875 3797
f 3797 3875 3873
f 3797 3873 3795
f 3795 3873 3871
f 3870 3777 3871
f 3871 3777 3776
f 3871 3776 3795
f 3795 3776 3829
f 3795 3829 3796
f 3796 3829 3830
f 3796 3830 3898
f 3898 3830 3831
f 3898 3831 3899
f 3899 3831 3832
f 3899 3832 3900
f 3900 3832 3833
f 3900 3833 3893
f 3893 3833 3848
f 3893 3848 3891
f 3891 3848 3823
f 3891 3823 3890
f 3890 3823 3825
f 3890 3825 3889
f 3889 3825 3827
f 3889 3827 3888
f 3888 3827 3766
f 3888 3766 3887
f 3887 3766 3765
f 2692 2697 3901
f 3902 3229 3228
f 3901 3903 2692
f 2692 3903 3904
f 2692 3904 3905
f 3902 3228 3906
f 3906 3228 3234
f 3906 3234 3907
f 3907 3234 3233
f 3907 3233 3908
f 3908 3233 3232
f 3908 3232 3905
f 3905 3232 3909
f 3905 3909 2692
f 2690 2687 3910
f 3910 2687 2702
f 3910 2702 2701
f 2667 2668 3084
f 3084 2668 2658
f 3084 2658 3227
f 3227 2658 2684
f 3227 2684 3910
f 3910 2684 2691
f 3910 2691 2690
f 3910 2701 2700
f 2699 2707 2700
f 2700 2707 2706
f 2700 2706 3910
f 3910 2706 2712
f 3910 2712 3227
f 2712 2711 3227
f 3227 2711 2710
f 3227 2710 3225
f 2749 2751 3225
f 3226 3225 3911
f 3911 3225 2751
f 3911 2751 2750
f 2708 3225 2709
f 2709 3225 2710
f 2708 2713 3225
f 3225 2713 2714
f 3225 2714 2749
f 2775 3226 2773
f 2773 3226 3911
f 2773 3911 2752
f 2752 3911 2750
f 2816 3912 2745
f 2745 3912 3913
f 2745 3913 2746
f 2746 3913 2736
f 2736 3913 3914
f 2736 3914 2734
f 2734 3914 2732
f 2732 3914 2346
f 2732 2346 2361
f 3909 3232 3231
f 3909 3231 3915
f 3231 2356 3912
f 3913 3912 3914
f 3914 3912 2356
f 3914 2356 2346
f 3916 3915 3917
f 3917 3915 3231
f 3917 3231 3918
f 3918 3231 3912
f 3229 3902 3230
f 3919 3920 3921
f 3922 3923 3924
f 3922 3924 3925
f 3925 3924 3926
f 3926 3924 3927
f 3926 3927 3928
f 3928 3927 3929
f 3928 3929 3930
f 3930 3929 3931
f 3931 3932 3933
f 3933 3932 3934
f 3933 3934 3935
f 3935 3934 3936
f 3936 3937 3938
f 3938 3937 3939
f 3938 3939 3940
f 3940 3939 3941
f 3941 3942 3943
f 3943 3942 3944
f 3943 3944 3945
f 3919 3921 3946
f 3944 3947 3945
f 3945 3947 3948
f 3945 3948 3949
f 3949 3948 3946
f 3949 3946 3950
f 3950 3946 3921
f 3951 3952 3953
f 3920 3954 3955
f 3955 3954 3956
f 3955 3956 3957
f 3923 3958 3954
f 3954 3958 3959
f 3954 3959 3956
f 3957 3956 3952
f 3952 3956 3960
f 3952 3960 3953
f 3961 3962 3953
f 3953 3962 3963
f 3953 3963 3951
f 3962 3961 3964
f 3962 3964 3965
f 3965 3964 3966
f 3965 3966 3967
f 3967 3968 3965
f 3965 3968 3969
f 3965 3969 3970
f 3970 3969 3971
f 3265 3767 3266
f 3266 3767 3270
f 3972 3973 3974
f 3975 3976 3977
f 3978 3979 3980
f 3980 3979 3981
f 3980 3981 3270
f 3270 3981 3275
f 3977 3982 3975
f 3975 3982 3983
f 3975 3983 3978
f 3978 3983 3984
f 3978 3984 3979
f 3985 3986 3987
f 3987 3986 3988
f 3987 3988 3976
f 3976 3988 3989
f 3976 3989 3977
f 3974 3990 3972
f 3972 3990 3991
f 3972 3991 3992
f 3992 3991 3993
f 3992 3993 3985
f 3985 3993 3994
f 3985 3994 3986
f 3440 3973 3783
f 3783 3973 3972
f 3783 3972 3784
f 3784 3972 3992
f 3784 3992 3870
f 3870 3992 3985
f 3870 3985 3777
f 3777 3985 3987
f 3777 3987 3779
f 3779 3987 3976
f 3779 3976 3775
f 3775 3976 3975
f 3775 3975 3773
f 3773 3975 3978
f 3773 3978 3771
f 3771 3978 3980
f 3771 3980 3767
f 3767 3980 3270
f 3325 3275 3981
f 3298 3296 3995
f 3995 3296 3294
f 3995 3294 3996
f 3996 3294 3293
f 3996 3293 3997
f 3305 3998 3303
f 3303 3998 3999
f 3303 3999 3301
f 3301 3999 4000
f 3301 4000 3299
f 3299 4000 4001
f 3299 4001 3293
f 3293 4001 4002
f 3293 4002 3997
f 3307 4003 3305
f 3305 4003 4004
f 3305 4004 3998
f 3317 4005 3318
f 3318 4005 4006
f 3318 4006 3307
f 3307 4006 4007
f 3307 4007 4003
f 3315 3990 3317
f 3317 3990 3974
f 3317 3974 4005
f 3311 3994 3313
f 3313 3994 3993
f 3313 3993 3315
f 3315 3993 3991
f 3315 3991 3990
f 3319 3977 3308
f 3308 3977 3989
f 3308 3989 3309
f 3309 3989 3988
f 3309 3988 3311
f 3311 3988 3986
f 3311 3986 3994
f 3979 3984 3321
f 3321 3984 3983
f 3321 3983 3319
f 3319 3983 3982
f 3319 3982 3977
f 3979 3321 3981
f 3981 3321 3323
f 3981 3323 3325
f 4008 4009 4001
f 3341 3298 4010
f 4010 3298 3995
f 4010 3995 4011
f 4012 4005 3973
f 3973 4005 3974
f 4013 4003 4014
f 4014 4003 4007
f 4014 4007 4012
f 4012 4007 4006
f 4012 4006 4005
f 4001 4000 4008
f 4008 4000 3999
f 4008 3999 4015
f 4015 3999 3998
f 4015 3998 4013
f 4013 3998 4004
f 4013 4004 4003
f 3995 3996 4011
f 4011 3996 3997
f 4011 3997 4009
f 4009 3997 4002
f 4009 4002 4001
f 3394 3341 3395
f 3395 3341 4010
f 3395 4010 3391
f 3391 4010 4011
f 3391 4011 3392
f 3392 4011 4009
f 3392 4009 3546
f 3546 4009 4008
f 3546 4008 3539
f 3539 4008 4015
f 3539 4015 3387
f 3387 4015 4013
f 3387 4013 3385
f 3385 4013 4014
f 3385 4014 3386
f 3386 4014 4012
f 3386 4012 3440
f 3440 4012 3973
f 3341 3394 3346
f 3346 3394 3347
f 4016 3371 3444
f 4017 4018 4019
f 4020 4021 4022
f 3371 4016 3372
f 3374 3372 4023
f 4023 3372 4016
f 4023 4016 4024
f 4024 4016 4025
f 3850 3849 4026
f 4027 4026 4028
f 4028 4026 4022
f 4028 4022 4029
f 4029 4022 4021
f 4030 4031 4032
f 4032 4031 4033
f 4032 4033 4019
f 4029 4034 4028
f 4028 4034 4035
f 4028 4035 4036
f 4036 4035 4037
f 4036 4037 4038
f 3458 3852 3459
f 3459 3852 4039
f 4030 4025 4031
f 4031 4025 4016
f 4031 4016 4040
f 4040 4016 3444
f 4040 3444 4039
f 4039 3444 3454
f 4039 3454 3459
f 3765 4020 3887
f 3887 4020 4022
f 3887 4022 3855
f 3855 4022 4026
f 3855 4026 3856
f 3856 4026 3849
f 4037 4017 4038
f 4038 4017 4019
f 4038 4019 4036
f 4036 4019 4033
f 4036 4033 4028
f 4028 4033 4031
f 4028 4031 4027
f 4027 4031 4040
f 4027 4040 4026
f 4026 4040 4039
f 4026 4039 3850
f 3850 4039 3852
f 4041 4042 4043
f 4044 4045 4046
f 4047 4046 4042
f 4048 3607 3609
f 4049 4050 4051
f 4051 4050 4052
f 4051 4052 4053
f 4053 4052 4054
f 4053 4054 4048
f 4048 4054 4055
f 4048 4055 3607
f 3607 4055 3603
f 4056 4057 4058
f 4058 4057 4059
f 4056 4060 4061
f 4061 4060 4062
f 4057 4063 4059
f 4059 4063 4064
f 4059 4064 4065
f 4065 4064 4066
f 4065 4066 4067
f 4068 4069 4070
f 4070 4069 4071
f 4070 4071 4072
f 4073 4071 4074
f 4074 4071 4069
f 4074 4069 4044
f 4044 4069 4068
f 4044 4068 4045
f 4046 4047 4044
f 4044 4047 4075
f 4044 4075 4074
f 4074 4075 4076
f 4074 4076 4073
f 4042 4041 4047
f 4047 4041 4077
f 4047 4077 4075
f 4075 4077 4078
f 4075 4078 4076
f 4076 4078 4079
f 4076 4079 4073
f 4073 4079 4061
f 4073 4061 4080
f 4080 4061 4062
f 4080 4062 4081
f 3606 3604 4082
f 4082 3604 4083
f 4056 4061 4057
f 4057 4061 4079
f 4057 4079 4063
f 4063 4079 4078
f 4063 4078 4064
f 4064 4078 4077
f 4064 4077 4066
f 4066 4077 4041
f 4066 4041 4067
f 4067 4041 4043
f 4067 4043 4084
f 4084 4043 4085
f 4084 4085 4083
f 4083 4085 4086
f 4083 4086 4082
f 4087 4018 4088
f 4089 4049 4090
f 4090 4049 4051
f 4090 4051 4091
f 4091 4051 4053
f 4091 4053 4092
f 4092 4053 4048
f 4092 4048 4093
f 4093 4048 3609
f 4093 3609 3611
f 3604 3603 4083
f 4083 3603 4055
f 4083 4055 4084
f 4084 4055 4054
f 4084 4054 4067
f 4067 4054 4052
f 4067 4052 4065
f 4065 4052 4050
f 4065 4050 4059
f 4059 4050 4049
f 4059 4049 4058
f 4058 4049 4089
f 4058 4089 4056
f 4056 4089 4094
f 4056 4094 4060
f 4060 4094 4087
f 4060 4087 4062
f 4062 4087 4088
f 4062 4088 4081
f 4095 4096 4097
f 4098 4072 4071
f 3690 3698 4099
f 3694 3693 4100
f 4101 4102 4103
f 4088 4018 4104
f 4105 4073 4101
f 4101 4073 4080
f 4080 4081 4101
f 4101 4081 4106
f 4101 4106 4102
f 4105 4101 4107
f 4107 4101 4103
f 4107 4103 4108
f 4108 4103 4109
f 4108 4109 4110
f 4111 4112 4113
f 4113 4112 4114
f 4113 4114 4115
f 4115 4114 4116
f 4115 4116 3650
f 3650 3694 4115
f 4115 3694 4100
f 4115 4100 4113
f 4113 4100 4117
f 4113 4117 4111
f 4111 4117 4118
f 4119 4120 4121
f 4121 4120 4122
f 4121 4122 4123
f 3691 3690 4124
f 4124 3690 4099
f 4124 4099 4125
f 4125 4099 4126
f 4125 4126 4127
f 4127 4126 4128
f 4127 4128 4129
f 4129 4128 4130
f 4129 4130 4119
f 4119 4130 4131
f 4119 4131 4120
f 4123 4132 4121
f 4121 4132 4133
f 4121 4133 4119
f 4119 4133 4134
f 4119 4134 4129
f 4129 4134 4135
f 4129 4135 4127
f 4081 4088 4106
f 4106 4088 4104
f 4106 4104 4102
f 4102 4104 4136
f 4102 4136 4103
f 4103 4136 4095
f 4103 4095 4109
f 4109 4095 4097
f 4109 4097 4110
f 3693 3691 4100
f 4100 3691 4124
f 4100 4124 4117
f 4117 4124 4125
f 4117 4125 4118
f 4118 4125 4127
f 4118 4127 4137
f 4137 4127 4135
f 4137 4135 4138
f 4138 4135 4134
f 4138 4134 4139
f 4139 4134 4133
f 4139 4133 4140
f 4140 4133 4132
f 4122 4098 4123
f 4123 4098 4071
f 4123 4071 4132
f 4132 4071 4073
f 4132 4073 4140
f 4140 4073 4105
f 4140 4105 4139
f 4139 4105 4107
f 4139 4107 4138
f 4138 4107 4108
f 4138 4108 4137
f 4137 4108 4110
f 4137 4110 4118
f 4118 4110 4097
f 4118 4097 4111
f 4111 4097 4096
f 4111 4096 4112
f 4141 4142 4143
f 4144 4145 4146
f 4142 4141 4146
f 4146 4141 4147
f 4146 4147 4144
f 4146 4148 4142
f 4142 4148 4149
f 4142 4149 4143
f 4143 4149 4150
f 4143 4150 4151
f 4151 4150 4152
f 4153 4154 4155
f 4155 4154 4156
f 4155 4156 4157
f 4158 4159 4160
f 4160 4159 4161
f 4160 4161 4162
f 4162 4161 4163
f 4162 4163 4164
f 4164 4163 4165
f 4164 4165 4166
f 4166 4165 4167
f 4166 4167 4168
f 4168 4167 4169
f 4168 4169 4170
f 4170 4169 4171
f 4170 4171 4172
f 4172 4171 4173
f 4172 4173 4174
f 4174 4173 4175
f 4174 4175 4153
f 4153 4175 4176
f 4153 4176 4154
f 4177 4178 4179
f 4179 4178 4180
f 4179 4180 4158
f 4158 4180 4181
f 4158 4181 4159
f 4182 4183 4177
f 4177 4183 4184
f 4177 4184 4178
f 4182 4185 4183
f 4183 4185 4186
f 4183 4186 4187
f 4187 4186 4188
f 4187 4188 4152
f 4148 4189 4149
f 4149 4189 4187
f 4149 4187 4150
f 4150 4187 4152
f 2981 2980 4190
f 4190 2980 4191
f 4190 4191 4192
f 4193 4194 2962
f 2962 4194 4195
f 4195 4194 4196
f 4195 4196 4197
f 4198 4199 4197
f 4200 4201 4198
f 4198 4201 4202
f 4198 4202 4199
f 4197 4196 4198
f 4198 4196 4203
f 4198 4203 4204
f 4204 4205 4198
f 4198 4205 4206
f 4198 4206 4200
f 4192 4207 4190
f 4190 4207 2794
f 4190 2794 2796
f 2796 2338 4190
f 4190 2338 2337
f 4190 2337 2336
f 2342 2800 2971
f 2971 2800 2798
f 2971 2798 2970
f 2970 2798 4208
f 2962 2960 4193
f 4193 2960 2959
f 4193 2959 4209
f 4209 2959 2963
f 4209 2963 4210
f 4210 2963 2965
f 4210 2965 4211
f 4211 2965 2967
f 4211 2967 4212
f 4212 2967 2969
f 4212 2969 4208
f 4208 2969 2968
f 4208 2968 2970
f 2972 4190 2971
f 2971 4190 2336
f 2971 2336 2342
f 2972 2973 4190
f 4190 2973 2974
f 4190 2974 2981
f 2895 4213 2876
f 2876 4213 4214
f 2876 4214 2874
f 2890 4215 725
f 725 4215 4216
f 725 4216 726
f 2874 4214 2892
f 2892 4214 4217
f 2892 4217 2890
f 2890 4217 4218
f 2890 4218 4215
f 4219 4220 4221
f 4221 4220 4222
f 4221 4222 4215
f 4215 4222 4223
f 4215 4223 4216
f 4224 4225 4219
f 4219 4225 4226
f 4219 4226 4220
f 4227 4228 4229
f 4229 4228 4230
f 4229 4230 4231
f 4231 4230 4232
f 4231 4232 4224
f 4224 4232 4233
f 4224 4233 4225
f 4234 4235 4236
f 4236 4235 4237
f 4236 4237 4227
f 4227 4237 4238
f 4227 4238 4228
f 4234 4236 4239
f 4239 4236 4240
f 4239 4240 4241
f 4240 4242 4241
f 4241 4242 4189
f 4241 4189 4148
f 2895 2881 4213
f 4213 2881 2880
f 4213 2880 4243
f 4243 2880 3013
f 4243 3013 4244
f 4244 3013 2947
f 4244 2947 4245
f 4245 2947 2946
f 2946 2944 4245
f 4245 2944 2943
f 4245 2943 4197
f 2943 2941 4197
f 4197 2941 2940
f 4197 2940 4195
f 4195 2940 2962
f 4246 4247 4248
f 4248 4247 4146
f 4248 4146 4249
f 4249 4146 4145
f 4148 4146 4241
f 4241 4146 4247
f 4241 4247 4239
f 4239 4247 4250
f 4238 4237 4251
f 4251 4237 4235
f 4251 4235 4250
f 4250 4235 4234
f 4250 4234 4239
f 4228 4252 4253
f 4228 4253 4230
f 4230 4253 4254
f 4230 4254 4232
f 4232 4254 4255
f 4232 4255 4233
f 4246 4256 4247
f 4247 4256 4257
f 4247 4257 4250
f 4250 4257 4258
f 4250 4258 4251
f 4251 4258 4252
f 4251 4252 4238
f 4238 4252 4228
f 2813 2821 3915
f 2813 3915 2814
f 2693 2692 2705
f 2705 2692 3909
f 2705 3909 2818
f 2818 3909 3915
f 2818 3915 2819
f 2819 3915 2821
f 3915 3916 2814
f 2814 3916 3917
f 2814 3917 2817
f 2817 3917 3918
f 2817 3918 2815
f 3918 3912 2815
f 2815 3912 2816
f 3924 3923 3954
f 3924 3954 3927
f 3947 4259 3948
f 3948 4259 3946
f 3936 3934 4259
f 4259 3934 3932
f 4259 3932 3931
f 3920 3919 3954
f 3954 3919 3946
f 3954 3946 3927
f 3927 3946 4259
f 3927 4259 3929
f 3929 4259 3931
f 3947 3944 4259
f 4259 3944 3942
f 4259 3942 3941
f 3941 3939 4259
f 4259 3939 3937
f 4259 3937 3936
f 4260 4261 4262
f 4263 4264 4265
f 4266 4267 4268
f 4269 4270 4271
f 4271 4270 4272
f 4271 4272 4273
f 4273 4272 4274
f 4274 4272 4275
f 4275 4272 4276
f 4275 4276 4277
f 4278 4279 4276
f 4276 4279 4280
f 4276 4280 4277
f 4281 4282 4278
f 4278 4282 4283
f 4278 4283 4279
f 4267 4284 4268
f 4268 4284 4285
f 4268 4285 4281
f 4281 4285 4286
f 4281 4286 4282
f 4260 4262 4287
f 4288 4289 4290
f 4291 4292 4262
f 4262 4292 4293
f 4262 4293 4287
f 4294 4295 4291
f 4291 4295 4296
f 4291 4296 4292
f 4290 4297 4288
f 4288 4297 4298
f 4288 4298 4294
f 4294 4298 4299
f 4294 4299 4295
f 4300 4289 4301
f 4301 4289 4288
f 4301 4288 4302
f 4302 4288 4294
f 4302 4294 4303
f 4303 4294 4291
f 4303 4291 4304
f 4304 4291 4262
f 4304 4262 4264
f 4264 4262 4261
f 4264 4261 4265
f 4263 4305 4264
f 4264 4305 4306
f 4264 4306 4304
f 4304 4306 4307
f 4304 4307 4303
f 4303 4307 4308
f 4303 4308 4302
f 4302 4308 4309
f 4302 4309 4301
f 4301 4309 4310
f 4301 4310 4300
f 4300 4310 4311
f 4305 4266 4306
f 4306 4266 4268
f 4306 4268 4307
f 4307 4268 4281
f 4307 4281 4308
f 4308 4281 4278
f 4308 4278 4309
f 4309 4278 4276
f 4309 4276 4310
f 4310 4276 4272
f 4310 4272 4311
f 4311 4272 4270
f 4312 4313 4314
f 4312 4314 4315
f 4315 4314 4260
f 4315 4260 4287
f 4316 4265 4314
f 4314 4265 4261
f 4314 4261 4260
f 4267 4266 4317
f 4317 4266 4305
f 4317 4305 4316
f 4316 4305 4263
f 4316 4263 4265
f 4318 4319 4320
f 4313 4321 4314
f 4314 4321 4322
f 4314 4322 4316
f 4316 4322 4318
f 4316 4318 4317
f 4317 4318 4320
f 4317 4320 4267
f 4267 4320 4284
f 4323 4324 4325
f 4326 4319 4327
f 4313 4312 4328
f 4329 4330 4331
f 4331 4330 4332
f 4333 4334 4335
f 4335 4334 4336
f 4335 4336 4327
f 4327 4336 4337
f 4327 4337 4326
f 4333 4335 4338
f 4338 4335 4339
f 4338 4339 4340
f 4340 4339 4341
f 4340 4341 4342
f 4343 4344 4341
f 4341 4344 4345
f 4341 4345 4342
f 4343 4341 4346
f 4346 4341 4347
f 4346 4347 4348
f 4323 4325 4349
f 4329 4331 4350
f 4350 4331 4351
f 4350 4351 4352
f 4352 4351 4353
f 4353 4351 4354
f 4353 4354 4355
f 4321 4313 4356
f 4356 4313 4328
f 4356 4328 4354
f 4354 4328 4357
f 4354 4357 4355
f 4332 4349 4331
f 4331 4349 4325
f 4331 4325 4351
f 4351 4325 4358
f 4351 4358 4354
f 4354 4358 4359
f 4354 4359 4356
f 4356 4359 4360
f 4356 4360 4321
f 4321 4360 4322
f 4324 4361 4325
f 4325 4361 4362
f 4325 4362 4358
f 4358 4362 4363
f 4358 4363 4359
f 4359 4363 4364
f 4359 4364 4360
f 4360 4364 4365
f 4360 4365 4322
f 4322 4365 4318
f 4361 4347 4362
f 4362 4347 4341
f 4362 4341 4363
f 4363 4341 4339
f 4363 4339 4364
f 4364 4339 4335
f 4364 4335 4365
f 4365 4335 4327
f 4365 4327 4318
f 4318 4327 4319
f 4345 4344 4366
f 4367 4333 4338
f 4345 4366 4342
f 4342 4366 4368
f 4342 4368 4340
f 4340 4368 4369
f 4340 4369 4338
f 4338 4369 4370
f 4338 4370 4367
f 4332 4330 4371
f 4324 4323 4372
f 4372 4323 4349
f 4372 4349 4373
f 4373 4349 4332
f 4348 4347 4374
f 4374 4347 4375
f 4374 4375 2952
f 4269 4376 4377
f 2952 4375 4377
f 4377 4375 4270
f 4377 4270 4269
f 4347 4361 4375
f 4375 4361 4378
f 4375 4378 4270
f 4270 4378 4311
f 4289 4300 4373
f 4373 4300 4311
f 4373 4311 4372
f 4372 4311 4378
f 4372 4378 4324
f 4324 4378 4361
f 4332 4371 4373
f 4373 4371 4290
f 4373 4290 4289
f 4376 4269 4379
f 4379 4269 4271
f 4380 4381 4382
f 4383 4384 4385
f 4187 4189 4386
f 4387 4183 4388
f 4388 4183 4187
f 4388 4187 4389
f 4389 4187 4386
f 4389 4386 4390
f 4180 4178 4382
f 4382 4178 4184
f 4382 4184 4391
f 4180 4382 4181
f 4181 4382 4381
f 4181 4381 4392
f 4393 4161 4159
f 4163 4394 4165
f 4165 4394 4395
f 4165 4395 4167
f 4167 4395 4169
f 4169 4395 4396
f 4169 4396 4171
f 4171 4396 4397
f 4171 4397 4173
f 4173 4397 4175
f 4175 4397 4398
f 4175 4398 4176
f 4399 4400 4401
f 4401 4400 4402
f 4401 4402 4403
f 4404 4405 4406
f 4407 4408 4409
f 4410 4411 4412
f 4412 4411 4413
f 4412 4413 4414
f 4413 4415 4414
f 4414 4415 4416
f 4414 4416 4417
f 4417 4416 4418
f 4417 4418 4408
f 4408 4418 4419
f 4408 4419 4409
f 4420 4380 4421
f 4421 4380 4382
f 4421 4382 4422
f 4422 4382 4391
f 4422 4391 4423
f 4390 4383 4389
f 4389 4383 4385
f 4389 4385 4388
f 4388 4385 4423
f 4388 4423 4387
f 4387 4423 4391
f 4387 4391 4183
f 4183 4391 4184
f 4424 4425 4426
f 4426 4425 4427
f 4426 4427 4428
f 4428 4427 4399
f 4428 4399 4429
f 4429 4399 4401
f 4429 4401 4430
f 4430 4401 4403
f 4420 4431 4432
f 4433 4424 4434
f 4434 4424 4426
f 4434 4426 4435
f 4435 4426 4428
f 4435 4428 4436
f 4436 4428 4429
f 4436 4429 4437
f 4437 4429 4430
f 4394 4433 4395
f 4395 4433 4434
f 4395 4434 4396
f 4396 4434 4435
f 4396 4435 4397
f 4397 4435 4436
f 4397 4436 4398
f 4398 4436 4437
f 4420 4432 4380
f 4380 4432 4438
f 4380 4438 4381
f 4381 4438 4393
f 4381 4393 4392
f 4392 4393 4159
f 4392 4159 4181
f 4439 4440 4441
f 4440 4439 4442
f 4442 4439 4443
f 4442 4443 4444
f 4444 4443 4445
f 4444 4445 4446
f 4409 4447 4407
f 4407 4447 4448
f 4407 4448 4449
f 4449 4448 4446
f 4449 4446 4450
f 4450 4446 4445
f 4450 4445 4451
f 4451 4445 4443
f 4451 4443 4452
f 4452 4443 4439
f 4452 4439 4406
f 4406 4439 4441
f 4406 4441 4404
f 4453 4402 4454
f 4454 4402 4400
f 4454 4400 4455
f 4455 4400 4399
f 4455 4399 4456
f 4456 4399 4427
f 4456 4427 4457
f 4457 4427 4425
f 4457 4425 4431
f 4431 4425 4424
f 4431 4424 4432
f 4432 4424 4433
f 4432 4433 4438
f 4438 4433 4394
f 4438 4394 4393
f 4393 4394 4163
f 4393 4163 4161
f 4384 4410 4385
f 4385 4410 4412
f 4385 4412 4423
f 4423 4412 4414
f 4423 4414 4422
f 4422 4414 4417
f 4422 4417 4421
f 4421 4417 4408
f 4421 4408 4420
f 4420 4408 4407
f 4420 4407 4431
f 4431 4407 4449
f 4431 4449 4457
f 4457 4449 4450
f 4457 4450 4456
f 4456 4450 4451
f 4456 4451 4455
f 4455 4451 4452
f 4455 4452 4454
f 4454 4452 4406
f 4454 4406 4453
f 4453 4406 4405
f 4219 4221 4458
f 4459 4460 4461
f 4462 4240 4236
f 4463 4464 4465
f 4466 4467 4462
f 4462 4467 4384
f 4189 4242 4386
f 4386 4242 4240
f 4386 4240 4390
f 4390 4240 4462
f 4390 4462 4383
f 4383 4462 4384
f 4411 4410 4468
f 4468 4410 4469
f 4470 4471 4472
f 4471 4470 4473
f 4473 4470 4474
f 4473 4474 4475
f 4476 4477 4478
f 4478 4477 4479
f 4478 4479 4480
f 4204 4203 4481
f 4481 4203 4482
f 4481 4482 4483
f 4483 4482 4484
f 4483 4484 4485
f 4201 4464 4202
f 4202 4464 4463
f 4202 4463 4199
f 4199 4463 4245
f 4199 4245 4197
f 4486 4476 4487
f 4487 4476 4478
f 4487 4478 4488
f 4488 4478 4480
f 4488 4480 4489
f 4483 4490 4481
f 4481 4490 4491
f 4481 4491 4204
f 4204 4491 4205
f 4206 4205 4492
f 4492 4205 4491
f 4492 4491 4493
f 4493 4491 4490
f 4493 4490 4486
f 4486 4490 4483
f 4486 4483 4476
f 4476 4483 4485
f 4476 4485 4477
f 4458 4221 4494
f 4221 4215 4494
f 4494 4215 4218
f 4494 4218 4495
f 4496 4497 4498
f 4498 4497 4499
f 4498 4499 4500
f 4500 4499 4501
f 4500 4501 4502
f 4502 4501 4465
f 4502 4465 4503
f 4503 4465 4464
f 4503 4464 4504
f 4504 4464 4201
f 4504 4201 4200
f 4496 4458 4497
f 4497 4458 4494
f 4497 4494 4499
f 4499 4494 4495
f 4499 4495 4501
f 4501 4495 4505
f 4501 4505 4465
f 4465 4505 4506
f 4465 4506 4463
f 4463 4506 4244
f 4463 4244 4245
f 4218 4217 4495
f 4495 4217 4214
f 4495 4214 4505
f 4505 4214 4213
f 4505 4213 4506
f 4506 4213 4243
f 4506 4243 4244
f 4466 4507 4508
f 4508 4507 4509
f 4508 4509 4510
f 4510 4509 4461
f 4510 4461 4511
f 4511 4461 4460
f 4511 4460 4512
f 4479 4475 4480
f 4480 4475 4474
f 4480 4474 4489
f 4489 4474 4470
f 4489 4470 4513
f 4513 4470 4472
f 4513 4472 4514
f 4514 4472 4515
f 4514 4515 4516
f 4516 4515 4517
f 4516 4517 4518
f 4518 4517 4519
f 4518 4519 4469
f 4469 4519 4520
f 4469 4520 4468
f 4466 4462 4507
f 4507 4462 4236
f 4507 4236 4509
f 4509 4236 4227
f 4509 4227 4461
f 4461 4227 4229
f 4461 4229 4459
f 4459 4229 4231
f 4459 4231 4224
f 4200 4521 4504
f 4504 4521 4522
f 4504 4522 4503
f 4503 4522 4523
f 4503 4523 4502
f 4502 4523 4524
f 4502 4524 4500
f 4500 4524 4525
f 4500 4525 4498
f 4498 4525 4512
f 4498 4512 4496
f 4496 4512 4460
f 4496 4460 4458
f 4458 4460 4459
f 4458 4459 4219
f 4219 4459 4224
f 4200 4206 4521
f 4521 4206 4492
f 4521 4492 4522
f 4522 4492 4493
f 4522 4493 4523
f 4523 4493 4486
f 4523 4486 4524
f 4524 4486 4487
f 4524 4487 4525
f 4525 4487 4488
f 4525 4488 4512
f 4512 4488 4489
f 4512 4489 4511
f 4511 4489 4513
f 4511 4513 4510
f 4510 4513 4514
f 4510 4514 4508
f 4508 4514 4516
f 4508 4516 4466
f 4466 4516 4518
f 4466 4518 4467
f 4467 4518 4469
f 4467 4469 4384
f 4384 4469 4410
f 4292 4526 4293
f 4297 4527 4528
f 4330 4527 4371
f 4371 4527 4297
f 4371 4297 4290
f 4295 4299 4528
f 4528 4299 4298
f 4528 4298 4297
f 4526 4312 4293
f 4293 4312 4315
f 4293 4315 4287
f 4330 4329 4527
f 4527 4329 4350
f 4527 4350 4528
f 4528 4350 4352
f 4528 4352 4295
f 4295 4352 4353
f 4295 4353 4296
f 4296 4353 4355
f 4296 4355 4292
f 4292 4355 4357
f 4292 4357 4526
f 4526 4357 4328
f 4526 4328 4312
f 1243 2844 4529
f 4440 4530 4441
f 4444 4531 4442
f 4477 4532 4533
f 4532 4477 4485
f 4484 4534 4535
f 4534 4484 4482
f 4194 4193 4536
f 4536 4193 4209
f 4537 4538 4539
f 4540 4379 4271
f 4319 4326 4541
f 4541 4326 4337
f 3044 3042 4531
f 4441 4530 4404
f 4530 3019 4404
f 4404 3019 2924
f 4404 2924 4542
f 4542 2924 2923
f 4542 2923 2922
f 4442 4531 4440
f 4440 4531 3042
f 4440 3042 4530
f 4530 3042 3040
f 4530 3040 3019
f 3035 4543 3037
f 3037 4543 4447
f 3037 4447 3017
f 4346 4348 4544
f 4346 4544 4343
f 4343 4544 4418
f 4343 4418 4416
f 4413 4368 4415
f 4415 4368 4366
f 4415 4366 4416
f 4416 4366 4344
f 4416 4344 4343
f 4411 4370 4413
f 4413 4370 4369
f 4413 4369 4368
f 4336 4334 4468
f 4468 4334 4333
f 4468 4333 4411
f 4411 4333 4367
f 4411 4367 4370
f 4545 4286 4546
f 4546 4286 4285
f 4546 4285 4547
f 4547 4285 4284
f 4547 4284 4548
f 4548 4284 4320
f 4549 4283 4545
f 4545 4283 4282
f 4545 4282 4286
f 2844 4277 4529
f 4529 4277 4280
f 4529 4280 4549
f 4549 4280 4279
f 4549 4279 4283
f 2989 2991 4550
f 4550 2991 2950
f 2952 4377 2950
f 2950 4377 4376
f 2950 4376 4550
f 2989 4550 3010
f 3010 4550 4551
f 3010 4551 2985
f 2986 4552 2988
f 2988 4552 4553
f 2988 4553 2982
f 4554 4555 4556
f 4557 4555 4558
f 4558 4555 4554
f 4558 4554 4559
f 4557 4560 4555
f 4555 4560 4561
f 4555 4561 4562
f 4562 4561 4563
f 4562 4563 4564
f 4207 4192 4191
f 4563 4565 4564
f 4564 4565 2335
f 4564 2335 4566
f 4566 2335 2341
f 4566 2341 4567
f 4567 2341 2340
f 4567 2340 4191
f 4191 2340 2339
f 4191 2339 4207
f 4207 2339 2795
f 4207 2795 2794
f 2986 2985 4552
f 4552 2985 4551
f 4552 4551 4568
f 4568 4551 4550
f 4568 4550 4540
f 4540 4550 4376
f 4540 4376 4379
f 4569 4570 4554
f 4554 4570 4571
f 4554 4571 4559
f 4572 4573 4568
f 4568 4573 4574
f 4568 4574 4575
f 2983 2982 4556
f 4556 2982 4553
f 4556 4553 4554
f 4554 4553 4552
f 4554 4552 4569
f 4569 4552 4568
f 4569 4568 4576
f 4576 4568 4575
f 4577 4578 4579
f 4579 4580 4577
f 4577 4580 4581
f 4577 4581 4582
f 4582 4581 4583
f 4584 4585 4586
f 4586 4585 4587
f 4587 4585 4588
f 4587 4588 4578
f 4578 4588 4589
f 4578 4589 4579
f 4590 4591 4592
f 4592 4593 4590
f 4590 4593 4594
f 4590 4594 4586
f 4586 4594 4595
f 4586 4595 4584
f 4596 4597 4598
f 4598 4597 4599
f 2798 2797 4208
f 4208 2797 2302
f 4208 2302 4212
f 4212 2302 2297
f 4212 2297 2296
f 2290 4600 2295
f 2295 4600 4212
f 2295 4212 2293
f 2293 4212 2296
f 4537 4539 4601
f 4539 4602 4210
f 4600 4601 4212
f 4212 4601 4539
f 4212 4539 4211
f 4211 4539 4210
f 4203 4196 4603
f 4603 4196 4194
f 4603 4194 4604
f 4604 4194 4536
f 4604 4536 4602
f 4602 4536 4209
f 4602 4209 4210
f 4320 4473 4548
f 4548 4473 4475
f 4548 4475 4605
f 4605 4475 4479
f 4320 4319 4473
f 4473 4319 4541
f 4473 4541 4471
f 4471 4541 4472
f 4468 4520 4336
f 4336 4520 4519
f 4336 4519 4337
f 4337 4519 4517
f 4337 4517 4541
f 4541 4517 4515
f 4541 4515 4472
f 2952 3017 4374
f 4374 3017 4447
f 4374 4447 4348
f 4348 4447 4409
f 4348 4409 4544
f 4544 4409 4419
f 4544 4419 4418
f 3044 4531 3045
f 3045 4531 4444
f 3045 4444 3035
f 3035 4444 4446
f 3035 4446 4543
f 4543 4446 4448
f 4543 4448 4447
f 2844 2843 4277
f 4277 2843 2850
f 4277 2850 4275
f 4275 2850 2873
f 4275 2873 4274
f 4274 2873 2872
f 4274 2872 4273
f 4273 2872 1271
f 4273 1271 4271
f 4271 1271 1270
f 4271 1270 4540
f 4540 1270 1217
f 4540 1217 4568
f 4568 1217 4582
f 4568 4582 4572
f 4572 4582 4583
f 1217 1216 4582
f 4582 1216 1213
f 4582 1213 4577
f 4577 1213 1215
f 4538 4596 4539
f 4539 4596 4598
f 4539 4598 4602
f 4602 4598 4606
f 4602 4606 4604
f 4604 4606 4535
f 4604 4535 4603
f 4603 4535 4534
f 4603 4534 4203
f 4203 4534 4482
f 4485 4484 4532
f 4532 4484 4535
f 4532 4535 4533
f 4533 4535 4606
f 4533 4606 4607
f 4607 4606 4598
f 4607 4598 4590
f 4590 4598 4599
f 4590 4599 4591
f 1215 1243 4577
f 4577 1243 4529
f 4577 4529 4578
f 4578 4529 4549
f 4578 4549 4587
f 4587 4549 4545
f 4587 4545 4586
f 4586 4545 4546
f 4586 4546 4590
f 4590 4546 4547
f 4590 4547 4607
f 4607 4547 4548
f 4607 4548 4533
f 4533 4548 4605
f 4533 4605 4477
f 4477 4605 4479
f 3651 3650 4116
f 4608 4609 4610
f 3765 3764 4020
f 4020 3764 4611
f 4020 4611 4021
f 4021 4611 4612
f 4021 4612 4029
f 4029 4612 4610
f 4029 4610 4613
f 4613 4610 4609
f 3726 3725 4614
f 4614 3725 4615
f 4614 4615 4616
f 4616 4615 4617
f 4616 4617 4618
f 4618 4617 4619
f 4618 4619 4620
f 4620 4619 4621
f 4622 4095 4623
f 4623 4095 4136
f 4037 4035 4613
f 4613 4035 4034
f 4613 4034 4029
f 3686 3651 4624
f 4624 3651 4116
f 4624 4116 4625
f 4625 4116 4114
f 4625 4114 4626
f 4626 4114 4112
f 4626 4112 4627
f 4627 4112 4096
f 4627 4096 4628
f 4628 4096 4095
f 4628 4095 4629
f 4629 4095 4622
f 4629 4622 4630
f 4630 4622 4623
f 4630 4623 4631
f 4631 4623 4136
f 4631 4136 4104
f 4620 4632 4618
f 4618 4632 4633
f 4618 4633 4616
f 4616 4633 3785
f 4616 3785 4614
f 4614 3785 3734
f 4614 3734 3726
f 3762 3761 4633
f 4633 3761 3836
f 4633 3836 3785
f 3764 3762 4611
f 4611 3762 4633
f 4611 4633 4612
f 4612 4633 4632
f 4612 4632 4610
f 4610 4632 4620
f 4610 4620 4608
f 4608 4620 4621
f 3725 3686 4615
f 4615 3686 4624
f 4615 4624 4617
f 4617 4624 4625
f 4617 4625 4619
f 4619 4625 4626
f 4619 4626 4621
f 4621 4626 4627
f 4621 4627 4608
f 4608 4627 4628
f 4608 4628 4609
f 4609 4628 4629
f 4609 4629 4613
f 4613 4629 4630
f 4613 4630 4037
f 4037 4630 4631
f 4037 4631 4017
f 4017 4631 4104
f 4017 4104 4018
f 4634 2541 2554
f 2551 2550 2125
f 2125 2550 4635
f 2125 4635 2126
f 2551 2125 2553
f 2553 2125 2123
f 2553 2123 2552
f 2552 2123 2121
f 2552 2121 2554
f 2554 2121 2119
f 2554 2119 4634
f 4636 4637 4638
f 4639 4640 4641
f 4642 4643 4644
f 4645 3109 4646
f 4647 4648 4649
f 4649 4648 4650
f 4637 4636 4651
f 2365 2367 2376
f 2382 2372 4652
f 2720 2719 4653
f 4653 2719 4652
f 4653 4652 2371
f 2371 4652 2372
f 4654 2377 4655
f 4655 2377 2378
f 4655 2378 2380
f 4656 4657 2360
f 2360 4657 4658
f 2360 4658 2392
f 4654 4659 2377
f 2377 4659 4656
f 2377 4656 2376
f 2376 4656 2360
f 2376 2360 2365
f 2416 4660 2413
f 2413 4660 4661
f 2413 4661 2411
f 2411 4661 4662
f 2411 4662 2409
f 4663 4664 4665
f 4663 4665 4636
f 4636 4665 4666
f 4636 4666 4667
f 4667 4668 4636
f 4636 4668 4669
f 4636 4669 4651
f 4670 4671 4672
f 4636 4673 4674
f 4674 4675 4636
f 4636 4675 4676
f 4636 4676 4663
f 4671 4670 4677
f 4677 4670 4678
f 4677 4678 4679
f 4679 4678 4680
f 4679 4680 4681
f 4681 4680 4682
f 4682 4680 4641
f 4682 4641 4650
f 4650 4641 4640
f 4650 4640 4649
f 4683 4684 4685
f 4685 4684 4686
f 4685 4686 4687
f 4688 4646 4689
f 4645 4646 4690
f 4646 4688 4690
f 4690 4688 4691
f 4690 4691 4692
f 4692 4691 4693
f 4692 4693 4694
f 4694 4693 4695
f 4694 4695 4696
f 4696 4695 4697
f 4696 4697 4698
f 4698 4697 4699
f 4699 4697 4700
f 4699 4700 4701
f 2683 565 4702
f 2731 2730 4703
f 4703 2730 2729
f 4703 2729 4702
f 2423 2683 2420
f 2420 2683 4702
f 2420 4702 2422
f 2422 4702 2729
f 4701 4700 4704
f 4704 4700 4705
f 4704 4705 4706
f 4706 4705 4707
f 4706 4707 4708
f 4708 4707 4709
f 4708 4709 4710
f 4710 4709 4702
f 4710 4702 4711
f 4711 4702 565
f 4711 565 564
f 564 563 4711
f 4711 563 531
f 4711 531 530
f 4712 4713 2715
f 2715 4713 4714
f 2715 4714 2725
f 4657 4715 4658
f 4658 4715 4716
f 4658 4716 2392
f 2392 4716 4660
f 2392 4660 2415
f 2415 4660 2416
f 4717 4643 4718
f 4718 4643 4642
f 4718 4642 4719
f 4715 4719 4716
f 4716 4719 4642
f 4716 4642 4660
f 4660 4642 4644
f 4660 4644 4661
f 4661 4644 4720
f 4661 4720 4662
f 4662 4720 4638
f 4662 4638 2409
f 2409 4638 4637
f 2409 4637 2469
f 2469 4637 4651
f 2469 4651 2404
f 4717 4639 4643
f 4643 4639 4641
f 4643 4641 4644
f 4644 4641 4680
f 4644 4680 4720
f 4720 4680 4678
f 4720 4678 4638
f 4638 4678 4670
f 4638 4670 4636
f 4636 4670 4672
f 4636 4672 4673
f 4689 4721 4688
f 4688 4721 4722
f 4688 4722 4691
f 4691 4722 4723
f 4691 4723 4693
f 4693 4723 4724
f 4693 4724 4695
f 4695 4724 4725
f 4695 4725 4697
f 4697 4725 4726
f 4697 4726 4700
f 4700 4726 4727
f 4700 4727 4705
f 4721 4683 4722
f 4722 4683 4685
f 4722 4685 4723
f 4723 4685 4728
f 4723 4728 4724
f 4724 4728 4729
f 4724 4729 4725
f 4725 4729 4730
f 4725 4730 4726
f 4726 4730 4731
f 4726 4731 4727
f 4727 4731 4732
f 4727 4732 4705
f 4705 4732 4733
f 4705 4733 4707
f 4707 4733 4734
f 4707 4734 4709
f 4709 4734 4735
f 4709 4735 4702
f 4702 4735 4736
f 4702 4736 4703
f 4703 4736 4712
f 4703 4712 2731
f 2731 4712 2715
f 2380 2382 4655
f 4655 2382 4652
f 4655 4652 4737
f 4737 4652 2719
f 4737 2719 2724
f 4687 4647 4685
f 4685 4647 4649
f 4685 4649 4728
f 4728 4649 4640
f 4728 4640 4729
f 4729 4640 4639
f 4729 4639 4730
f 4730 4639 4717
f 4730 4717 4731
f 4731 4717 4718
f 4731 4718 4732
f 4732 4718 4719
f 4732 4719 4733
f 4733 4719 4715
f 4733 4715 4734
f 4734 4715 4657
f 4734 4657 4735
f 4735 4657 4656
f 4735 4656 4736
f 4736 4656 4659
f 4736 4659 4712
f 4712 4659 4654
f 4712 4654 4713
f 4713 4654 4655
f 4713 4655 4714
f 4714 4655 4737
f 4714 4737 2725
f 2725 4737 2724
f 4635 2550 2549
f 2542 2545 4738
f 4738 2545 2544
f 2548 2111 2546
f 2546 2111 2112
f 2546 2112 2547
f 2547 2112 2113
f 2547 2113 2543
f 2113 2108 2543
f 2543 2108 2544
f 2544 2108 2107
f 2544 2107 4738
f 4738 2107 2116
f 4738 2116 2542
f 2542 2116 2115
f 2542 2115 2549
f 2549 2115 2126
f 2549 2126 4635
f 4739 4740 4741
f 4741 4740 4742
f 4651 4669 4742
f 4742 4740 4651
f 4651 4740 2405
f 4651 2405 2404
f 4741 2394 4739
f 4739 2394 2408
f 4739 2408 4740
f 4740 2408 2407
f 4740 2407 2405
f 4743 2535 4744
f 4744 2535 2534
f 4744 2534 2540
f 4745 4746 4747
f 2828 2827 4748
f 4748 2827 2826
f 4748 2826 4749
f 4749 2826 2825
f 4749 2825 4746
f 4745 4747 4750
f 4751 4752 4750
f 4747 2823 2832
f 4750 4747 4751
f 4751 4747 2832
f 4751 2832 2833
f 4746 2825 4747
f 4747 2825 2824
f 4747 2824 2823
f 2370 2369 4753
f 4753 2369 4754
f 4755 2166 2175
f 2502 4755 2505
f 2505 4755 2175
f 2505 2175 2369
f 2369 2175 2071
f 2369 2071 4754
f 4754 2071 2070
f 2041 2025 4653
f 4653 2025 2721
f 4653 2721 2720
f 2371 2370 4653
f 4653 2370 4753
f 4653 4753 2041
f 2041 4753 4754
f 2041 4754 2042
f 2042 4754 4756
f 2042 4756 2044
f 2044 4756 4757
f 2044 4757 2046
f 2046 4757 4758
f 2046 4758 2048
f 2048 4758 2049
f 2049 4758 2039
f 2039 4758 4759
f 2039 4759 2037
f 2037 4759 4760
f 2037 4760 2036
f 2077 2076 4761
f 4761 2076 2075
f 4761 2075 4762
f 4762 2075 2079
f 4762 2079 4763
f 4763 2079 2078
f 4763 2078 2756
f 2070 2074 4754
f 4754 2074 2073
f 4754 2073 4756
f 4756 2073 2072
f 4756 2072 4757
f 2072 2077 4757
f 4757 2077 4761
f 4757 4761 4758
f 4758 4761 4762
f 4758 4762 4759
f 4759 4762 4763
f 4759 4763 4760
f 4760 4763 2756
f 4760 2756 2036
f 4764 4765 4743
f 4743 4744 4764
f 4764 4744 2540
f 4764 2540 4766
f 4766 2540 2515
f 2394 4741 2399
f 2399 4741 4742
f 2399 4742 2400
f 2400 4742 2515
f 2515 4742 4766
f 4766 4742 4669
f 4766 4669 4767
f 4767 4669 4668
f 4767 4668 4667
f 4667 4666 4767
f 4767 4666 4665
f 4767 4665 4664
f 2216 2335 4565
f 4634 2119 2132
f 2541 4634 2475
f 2475 4634 2132
f 2475 2132 4565
f 4565 2132 2187
f 2187 2186 4565
f 4565 2186 2229
f 4565 2229 2228
f 2779 2165 4588
f 4755 2502 2498
f 2165 2166 4755
f 4755 2498 2165
f 2165 2498 4589
f 2165 4589 4588
f 4565 4563 2475
f 2475 4563 4561
f 2475 4561 2476
f 2476 4561 4560
f 2476 4560 2478
f 2478 4560 4557
f 2478 4557 2480
f 2480 4557 4558
f 2480 4558 2482
f 2482 4558 4559
f 2482 4559 2483
f 2483 4559 4571
f 2483 4571 2471
f 2471 4571 4570
f 2471 4570 2473
f 2473 4570 4569
f 2473 4569 2487
f 2487 4569 4576
f 2487 4576 2488
f 2488 4576 4575
f 2488 4575 2489
f 2489 4575 4574
f 2489 4574 2490
f 2490 4574 4573
f 2490 4573 2491
f 2491 4573 4572
f 2491 4572 2493
f 2493 4572 4583
f 2493 4583 2495
f 2495 4583 4581
f 2495 4581 2497
f 2497 4581 4580
f 2497 4580 2501
f 2501 4580 4579
f 2501 4579 2500
f 2500 4579 4589
f 2500 4589 2499
f 2499 4589 2498
f 4588 4585 2779
f 2779 4585 4584
f 2779 4584 2780
f 2780 4584 4595
f 2780 4595 2781
f 2781 4595 4594
f 2781 4594 2791
f 2791 4594 4593
f 2791 4593 2790
f 2790 4593 4592
f 2790 4592 2789
f 2789 4592 4591
f 2789 4591 2788
f 2788 4591 4599
f 2788 4599 2787
f 2787 4599 4597
f 2787 4597 2786
f 2786 4597 4596
f 2786 4596 2785
f 2785 4596 4538
f 2785 4538 2784
f 2784 4538 4537
f 2784 4537 2783
f 2783 4537 4601
f 2783 4601 2782
f 2782 4601 2289
f 2289 4601 4600
f 2289 4600 2290
f 2215 2216 2250
f 2250 2216 4565
f 2250 4565 2249
f 2249 4565 2228
f 2110 2111 2548
f 4768 4769 4770
f 4768 2532 2531
f 2535 4743 2531
f 2531 4743 4765
f 2531 4765 4768
f 2548 2532 2110
f 2110 2532 4768
f 2110 4768 2837
f 2837 4768 4770
f 3152 2619 2618
f 2616 2620 3153
f 3152 2618 3153
f 3153 2618 2617
f 3153 2617 2616
f 2614 2613 3152
f 3152 2613 2612
f 3152 2612 2619
f 2606 2607 4771
f 4771 2607 2608
f 4771 2608 2611
f 2611 2610 4771
f 4771 2610 2609
f 4771 2609 3152
f 3152 2609 2615
f 3152 2615 2614
f 2620 2621 3153
f 3153 2621 2625
f 3153 2625 2624
f 2624 2623 3153
f 3153 2623 2622
f 3153 2622 2631
f 2631 2630 3153
f 3153 2630 2629
f 3153 2629 2628
f 2628 2627 3153
f 3153 2627 2626
f 3153 2626 2605
f 4772 2635 2634
f 3060 3062 4773
f 3173 3060 3175
f 3175 3060 4773
f 3175 4773 3167
f 3167 4773 4774
f 3167 4774 3164
f 3164 4774 4775
f 3164 4775 3162
f 3162 4775 4776
f 3162 4776 3160
f 3160 4776 4777
f 3160 4777 4778
f 4778 4777 4779
f 4780 4781 4782
f 4782 4781 4783
f 4783 4784 4782
f 4782 4784 4785
f 4782 4785 4777
f 4777 4785 4786
f 4777 4786 4779
f 4780 4782 4787
f 4787 4782 4788
f 4787 4788 4789
f 4790 4791 4792
f 4792 4791 4793
f 4792 4793 4788
f 4788 4793 4794
f 4788 4794 4789
f 4790 4792 4795
f 4795 4792 4796
f 4795 4796 4797
f 4798 4799 4800
f 4800 4801 4798
f 4798 4801 4802
f 4798 4802 4796
f 4796 4802 4803
f 4796 4803 4797
f 4799 4798 4804
f 4804 4798 4805
f 4804 4805 4806
f 4807 4808 4809
f 4809 4808 4810
f 4809 4810 4805
f 4805 4810 4811
f 4805 4811 4806
f 4812 4813 4809
f 4809 4813 4814
f 4809 4814 4807
f 4815 4816 4812
f 4812 4816 4817
f 4812 4817 4813
f 4818 4819 4820
f 4820 4819 4821
f 4821 4822 4820
f 4820 4822 4823
f 4820 4823 4812
f 4812 4823 4824
f 4812 4824 4815
f 4818 2642 4819
f 4819 2642 2641
f 4819 2641 4825
f 4825 2641 4826
f 2632 2633 4827
f 4826 2641 4827
f 4827 2641 2640
f 4827 2640 2632
f 2635 4772 2633
f 2633 4772 4828
f 2633 4828 4827
f 2572 2606 4771
f 3161 3160 4778
f 2634 2601 3565
f 3565 2601 3566
f 3566 2601 2600
f 3566 2600 3567
f 3567 2600 2603
f 3567 2603 3568
f 2634 3565 4772
f 4772 3565 3570
f 4772 3570 4828
f 4822 4821 3643
f 3643 4821 4819
f 3643 4819 3642
f 3642 4819 4825
f 3642 4825 3641
f 3641 4825 4826
f 3641 4826 3559
f 3559 4826 4827
f 3559 4827 3560
f 3560 4827 4828
f 3560 4828 3569
f 3569 4828 3570
f 4829 4797 4803
f 4799 4804 4830
f 4829 4803 4831
f 4831 4803 4802
f 4831 4802 4832
f 4832 4802 4801
f 4832 4801 4830
f 4830 4801 4800
f 4830 4800 4799
f 4804 4806 4830
f 4830 4806 4811
f 4830 4811 4810
f 4833 4808 4807
f 4807 4814 4833
f 4833 4814 4813
f 4833 4813 4834
f 4813 4817 4834
f 4834 4817 4816
f 4834 4816 4835
f 4835 4816 4815
f 4835 4815 4836
f 4815 4824 4836
f 4836 4824 4823
f 4836 4823 4837
f 4837 4823 4822
f 4837 4822 4838
f 4838 4822 3643
f 4829 4839 4797
f 4797 4839 3660
f 4797 3660 4795
f 4795 3660 4790
f 4790 3660 4791
f 4791 3660 3659
f 4791 3659 4793
f 4793 3659 3663
f 4793 3663 4794
f 4794 3663 3664
f 4794 3664 4789
f 4789 3664 3666
f 4789 3666 4787
f 4787 3666 3675
f 4787 3675 4780
f 4780 3675 3673
f 4780 3673 4781
f 4781 3673 3657
f 4781 3657 4783
f 4783 3657 3656
f 4783 3656 4784
f 4784 3656 3667
f 4784 3667 4785
f 3671 4778 3672
f 3672 4778 4779
f 3672 4779 3667
f 3667 4779 4786
f 3667 4786 4785
f 3669 3668 3245
f 3245 3668 3793
f 3245 3793 3246
f 3245 3249 3669
f 3669 3249 3248
f 3669 3248 3671
f 3671 3248 3250
f 3671 3250 4778
f 4778 3250 3252
f 4778 3252 3161
f 4840 4841 4842
f 4842 4841 4843
f 4841 4833 4844
f 4844 4845 4841
f 4841 4845 4846
f 4841 4846 4843
f 4840 4847 4841
f 4841 4847 4830
f 4841 4830 4833
f 4833 4830 4810
f 4833 4810 4808
f 3568 2603 3563
f 3563 2603 2573
f 3563 2573 3564
f 4771 3152 3151
f 3151 3352 4771
f 4771 3352 3564
f 4771 3564 2572
f 2572 3564 2573
f 3352 3354 3564
f 3564 3354 3356
f 3564 3356 3562
f 3562 3356 3358
f 3562 3358 3397
f 3397 3358 3360
f 3397 3360 3398
f 3398 3360 3362
f 3064 4773 3062
f 4698 4699 4782
f 52 41 4782
f 4699 539 4782
f 4782 539 2671
f 4782 2671 52
f 4699 4701 539
f 539 4701 4704
f 539 4704 538
f 538 4704 4706
f 538 4706 534
f 534 4706 4708
f 534 4708 535
f 535 4708 4710
f 535 4710 536
f 530 532 4711
f 4711 532 533
f 4711 533 4710
f 4710 533 537
f 4710 537 536
f 4698 4782 4696
f 4696 4782 4777
f 4696 4777 4694
f 4694 4777 4776
f 4694 4776 4692
f 3111 3110 4775
f 4692 4776 4690
f 4690 4776 4775
f 4690 4775 4645
f 4645 4775 3110
f 4645 3110 3109
f 4773 3064 4774
f 3064 3066 4774
f 4774 3066 3070
f 4774 3070 3087
f 3087 3070 3068
f 3087 3068 3067
f 3067 3076 3087
f 3087 3076 3075
f 3087 3075 3074
f 3087 3108 4774
f 4774 3108 3107
f 4774 3107 4775
f 4775 3107 3112
f 4775 3112 3111
f 4820 2644 4818
f 4818 2644 2643
f 4818 2643 2642
f 4812 3130 4820
f 4820 3130 2645
f 4820 2645 2644
f 4848 1438 1437
f 1438 4848 1718
f 1715 1720 4848
f 4848 1720 1719
f 4848 1719 1718
f 1715 4848 93
f 93 4848 1437
f 93 1437 90
f 90 1437 1436
f 90 1436 79
f 80 79 3139
f 3139 79 1436
f 3139 1436 3130
f 3130 1436 1713
f 3130 1713 2645
f 3131 88 3129
f 3129 88 73
f 80 3139 81
f 81 3139 3140
f 81 3140 82
f 82 3140 3142
f 82 3142 84
f 84 3142 3144
f 84 3144 83
f 83 3144 3143
f 83 3143 70
f 70 3143 3141
f 70 3141 68
f 68 3141 3138
f 68 3138 66
f 66 3138 3137
f 66 3137 73
f 73 3137 3136
f 73 3136 3129
f 4796 4792 86
f 41 40 4782
f 4782 40 38
f 4782 38 4788
f 4788 38 37
f 4788 37 34
f 34 33 4788
f 4788 33 188
f 4788 188 4792
f 4792 188 87
f 4792 87 86
f 86 88 4796
f 4796 88 3131
f 4796 3131 4798
f 4798 3131 3135
f 4798 3135 4805
f 4805 3135 3134
f 4805 3134 4809
f 4809 3134 3133
f 4809 3133 4812
f 4812 3133 3132
f 4812 3132 3130
f 2650 2647 3058
f 3058 2647 2646
f 3058 2646 2655
f 3114 3121 2654
f 2654 3121 2655
f 2655 3121 3058
f 3058 3121 3128
f 3058 3128 3059
f 3092 3113 3093
f 3093 3113 3122
f 3093 3122 2653
f 2653 3122 3117
f 2653 3117 2654
f 2654 3117 3115
f 2654 3115 3114
f 4679 4849 3938
f 2439 4679 4681
f 2439 4681 2440
f 4679 2439 4849
f 4849 2439 2516
f 4849 2516 2518
f 4681 4682 2440
f 2440 4682 4650
f 2440 4650 2437
f 4650 4648 2437
f 2437 4648 4647
f 2437 4647 2435
f 2435 4647 4687
f 2435 4687 2426
f 4687 4686 2426
f 2426 4686 4684
f 2426 4684 2427
f 2427 4684 4683
f 2427 4683 2429
f 2429 4683 4721
f 2429 4721 2431
f 2431 4721 2432
f 4721 4689 2432
f 2432 4689 4646
f 2432 4646 2680
f 2680 4646 3109
f 2680 3109 2681
f 3938 3940 4679
f 4679 3940 3941
f 4679 3941 3943
f 3949 3950 4671
f 3943 3945 4679
f 4679 3945 3949
f 4679 3949 4677
f 4677 3949 4671
f 3950 3921 4671
f 4671 3921 3920
f 4671 3920 3955
f 4674 4673 3955
f 3955 4673 4672
f 3955 4672 4671
f 3952 4663 3957
f 3957 4663 4676
f 3957 4676 3955
f 3955 4676 4675
f 3955 4675 4674
f 3963 3962 4765
f 4765 4764 3963
f 3963 4764 4766
f 3963 4766 4767
f 3952 3951 4663
f 4663 3951 3963
f 4663 3963 4664
f 4664 3963 4767
f 3962 3965 4765
f 4765 3965 3970
f 4765 3970 4768
f 3970 3971 4768
f 4768 3971 3969
f 4768 3969 4850
f 4850 3969 3968
f 3936 3938 4849
f 2510 2811 3235
f 3901 2697 2696
f 2696 2695 3901
f 3901 2695 2838
f 3901 2838 2762
f 2762 2761 3901
f 3901 2761 2760
f 3901 2760 3903
f 3903 2760 3904
f 3904 2760 2759
f 3904 2759 3905
f 3905 2759 3908
f 3908 2759 2758
f 3908 2758 3907
f 3907 2758 3906
f 3906 2758 2763
f 3906 2763 3902
f 2763 2015 3902
f 3902 2015 1417
f 3902 1417 3230
f 3230 1417 1404
f 3230 1404 3235
f 3235 1404 1406
f 3235 1406 2510
f 2510 1406 2177
f 2510 2177 2504
f 2504 2177 2178
f 2504 2178 2506
f 4849 2518 2517
f 2517 2506 4849
f 4849 2506 2178
f 4849 2178 4748
f 4748 2178 2822
f 4748 2822 2828
f 4746 3922 4749
f 4749 3922 3925
f 4749 3925 4748
f 3925 3926 4748
f 4748 3926 3928
f 4748 3928 3930
f 3930 3931 4748
f 4748 3931 3933
f 4748 3933 4849
f 4849 3933 3935
f 4849 3935 3936
f 4750 3953 3960
f 3960 3956 4750
f 4750 3956 3959
f 4750 3959 4745
f 4745 3959 3958
f 4745 3958 4746
f 4746 3958 3923
f 4746 3923 3922
f 4850 3968 3967
f 3966 4769 3967
f 3967 4769 4768
f 3967 4768 4850
f 4750 4752 3953
f 3953 4752 4851
f 3953 4851 4852
f 3966 3964 4769
f 4769 3964 3961
f 4769 3961 4853
f 4853 3961 3953
f 4853 3953 4854
f 4854 3953 4852
f 2830 2829 4855
f 4855 2829 2837
f 4855 2837 4770
f 4752 4751 4851
f 4851 4751 2833
f 4851 2833 4852
f 4852 2833 2834
f 4852 2834 4854
f 4854 2834 2835
f 4854 2835 4853
f 4853 2835 2836
f 4853 2836 2831
f 4769 4853 4770
f 4770 4853 2831
f 4770 2831 4855
f 4855 2831 2830
f 3554 3553 4856
f 4857 4019 4018
f 4858 4094 4089
f 4859 4860 4861
f 4861 4860 4862
f 4863 4864 4862
f 4865 4866 4867
f 4867 4866 4868
f 3551 3550 4869
f 4869 3550 3591
f 4870 4871 4863
f 4863 4862 4870
f 4870 4862 4860
f 4870 4860 4024
f 4087 4094 4872
f 4872 4094 4858
f 4872 4858 4873
f 4871 4874 4863
f 4863 4874 4875
f 4863 4875 4864
f 3611 3612 4093
f 4093 3612 4876
f 4093 4876 4092
f 4092 4876 4091
f 4090 4091 4877
f 4877 4091 4876
f 4877 4876 4856
f 4856 4876 3612
f 4856 3612 3554
f 4089 4090 4878
f 4878 4090 4877
f 4878 4877 4879
f 4879 4877 4856
f 4879 4856 4869
f 4869 4856 3553
f 4869 3553 3551
f 4024 4860 4023
f 4023 4860 4859
f 4023 4859 3374
f 3471 4865 3499
f 3499 4865 4867
f 3499 4867 3487
f 3487 4867 3488
f 4875 4880 4864
f 4864 4880 4868
f 4864 4868 4862
f 4862 4868 4866
f 4862 4866 4861
f 4861 4866 4865
f 4861 4865 4859
f 4859 4865 3471
f 4859 3471 3374
f 4018 4087 4857
f 4857 4087 4872
f 4857 4872 4019
f 4019 4872 4873
f 4019 4873 4032
f 4032 4873 4881
f 4032 4881 4030
f 4030 4881 4025
f 3505 3504 3591
f 3591 3504 3488
f 3591 3488 4869
f 4869 3488 4867
f 4869 4867 4879
f 4879 4867 4868
f 4879 4868 4878
f 4878 4868 4880
f 4878 4880 4089
f 4089 4880 4875
f 4089 4875 4858
f 4858 4875 4874
f 4858 4874 4873
f 4873 4874 4871
f 4873 4871 4881
f 4881 4871 4870
f 4881 4870 4025
f 4025 4870 4024
f 4882 4404 4542
f 655 654 4883
f 4542 2922 687
f 4404 4882 4405
f 4403 4402 4882
f 4882 4402 4453
f 4882 4453 4405
f 4398 4437 4882
f 4882 4437 4430
f 4882 4430 4403
f 655 4883 684
f 684 4883 4157
f 684 4157 687
f 687 4157 4156
f 687 4156 4542
f 4542 4156 4154
f 4542 4154 4882
f 4882 4154 4176
f 4882 4176 4398
f 4191 2980 4567
f 4567 2980 2979
f 4567 2979 4566
f 4566 2979 2978
f 4566 2978 4564
f 4564 2978 4562
f 4562 2978 2977
f 4562 2977 4555
f 4555 2977 2976
f 4555 2976 4556
f 4556 2976 2984
f 4556 2984 2983
f 4884 3583 4885
f 4886 3578 3576
f 4887 4888 4889
f 4890 4891 4892
f 625 4893 628
f 4894 750 747
f 4143 4895 4896
f 4162 4164 4897
f 4155 4898 4153
f 4883 4899 4157
f 4845 4844 4900
f 4900 4844 4833
f 4900 4833 4901
f 4901 4833 4834
f 4901 4834 4902
f 4902 4834 4835
f 4902 4835 4903
f 4903 4835 4836
f 4903 4836 4904
f 4904 4836 4837
f 4904 4837 4905
f 4905 4837 4838
f 4905 4838 3643
f 4900 4906 4845
f 4845 4906 4907
f 4845 4907 4846
f 4846 4907 4908
f 4846 4908 4843
f 4909 4847 4840
f 659 4910 657
f 657 4910 4899
f 657 4899 654
f 654 4899 4883
f 4899 3717 4157
f 4157 3717 3716
f 4157 3716 4155
f 4155 3716 3715
f 4155 3715 4898
f 4898 3715 3714
f 4172 4174 4911
f 4911 4174 4153
f 4912 4166 4913
f 4913 4166 4168
f 4913 4168 4170
f 4914 4177 4915
f 4915 4177 4179
f 4915 4179 4916
f 4916 4179 4158
f 4916 4158 4160
f 4186 4185 4914
f 4914 4185 4182
f 4914 4182 4177
f 4895 4143 4917
f 4917 4143 4151
f 4917 4151 4152
f 4918 4249 4145
f 4145 4144 4918
f 4918 4144 4147
f 4918 4147 4896
f 4896 4147 4141
f 4896 4141 4143
f 4257 4256 4919
f 4919 4256 4246
f 4919 4246 4248
f 4257 4920 4258
f 4258 4920 4921
f 4922 4253 4921
f 4921 4253 4252
f 4921 4252 4258
f 4226 4225 4923
f 4225 4233 4923
f 4923 4233 4255
f 4923 4255 4922
f 4922 4255 4254
f 4922 4254 4253
f 4924 726 4216
f 4216 4223 4924
f 4924 4223 4222
f 4924 4222 4925
f 4925 4222 4220
f 4925 4220 4226
f 726 4924 743
f 743 4924 4926
f 743 4926 745
f 745 4926 747
f 747 4926 4927
f 747 4927 4894
f 759 758 4928
f 4928 758 753
f 4928 753 4894
f 4894 753 752
f 4894 752 750
f 3615 619 3617
f 3617 619 779
f 3617 779 3636
f 614 4929 621
f 621 4929 4930
f 621 4930 623
f 635 633 4931
f 4931 633 630
f 4931 630 4932
f 4932 630 628
f 4932 628 4933
f 4933 628 4893
f 4933 4893 4930
f 4930 4893 625
f 4930 625 623
f 4070 648 4068
f 4068 648 644
f 4068 644 4045
f 4045 644 636
f 4045 636 635
f 2927 608 4070
f 4070 608 647
f 4070 647 648
f 4122 2928 4098
f 4098 2928 2927
f 4098 2927 4072
f 4072 2927 4070
f 4120 2930 4122
f 4122 2930 2929
f 4122 2929 2928
f 4131 2932 4120
f 4120 2932 2931
f 4120 2931 2930
f 2933 4934 2934
f 2934 4934 4935
f 2934 4935 2937
f 2937 4935 2936
f 3757 4936 3756
f 3756 4936 4937
f 3756 4937 3755
f 3661 3660 4938
f 4938 3660 4839
f 4938 4839 4829
f 3682 3661 4939
f 4939 3661 4938
f 4939 4938 4940
f 4940 4938 4829
f 4940 4829 4831
f 3680 3682 4941
f 4941 3682 4939
f 4941 4939 4942
f 4942 4939 4940
f 4942 4940 4943
f 4943 4940 4831
f 4943 4831 4832
f 3757 3680 4936
f 4936 3680 4941
f 4936 4941 4944
f 4944 4941 4942
f 4944 4942 4945
f 4945 4942 4943
f 4945 4943 4946
f 4946 4943 4832
f 4946 4832 4830
f 4947 4948 4949
f 4949 4948 4950
f 4951 4918 4952
f 4952 4918 4896
f 4952 4896 4953
f 4953 4896 4895
f 4953 4895 4950
f 4950 4895 4917
f 4950 4917 4949
f 3754 3755 4954
f 4954 3755 4937
f 4954 4937 4955
f 4955 4937 4936
f 4955 4936 4956
f 4956 4936 4944
f 4956 4944 4957
f 4957 4944 4945
f 4957 4945 4958
f 4958 4945 4946
f 4958 4946 4909
f 4909 4946 4830
f 4909 4830 4847
f 4959 4951 4960
f 4960 4951 4952
f 4960 4952 4961
f 4961 4952 4953
f 4961 4953 4962
f 4962 4953 4950
f 4963 4890 4964
f 4257 4919 4920
f 4920 4919 4965
f 4920 4965 4966
f 4966 4965 4967
f 4966 4967 4968
f 4890 4892 4964
f 4964 4892 4969
f 4964 4969 4970
f 4970 4969 4971
f 4970 4971 4972
f 4963 4888 4973
f 4973 4888 4887
f 4973 4887 4974
f 4975 4974 4976
f 4976 4974 4887
f 4976 4887 4977
f 4977 4887 4889
f 4977 4889 4978
f 4979 4980 4981
f 4982 4979 4983
f 4983 4979 4981
f 4983 4981 4886
f 4886 4981 3580
f 4886 3580 3578
f 4963 4964 4888
f 4888 4964 4970
f 4888 4970 4889
f 4889 4970 4972
f 4889 4972 4978
f 4984 4968 4985
f 4985 4968 4967
f 4985 4967 4959
f 4959 4967 4965
f 4959 4965 4951
f 4951 4965 4919
f 4951 4919 4918
f 4918 4919 4248
f 4918 4248 4249
f 4884 4885 4986
f 4986 4885 4987
f 4986 4987 4988
f 4988 4987 4989
f 4988 4989 4990
f 4990 4989 4991
f 4990 4991 4992
f 4992 4991 4993
f 4992 4993 4994
f 3643 3583 4905
f 4905 3583 4884
f 4905 4884 4904
f 4904 4884 4986
f 4904 4986 4903
f 4903 4986 4988
f 4903 4988 4902
f 4902 4988 4990
f 4902 4990 4901
f 4901 4990 4992
f 4901 4992 4900
f 4900 4992 4994
f 4900 4994 4906
f 3585 3587 4980
f 4980 3587 3588
f 4980 3588 4981
f 4981 3588 3581
f 4981 3581 3580
f 4930 3605 3606
f 3606 4082 4930
f 4930 4082 4086
f 4930 4086 4933
f 4933 4086 4085
f 4933 4085 4932
f 4932 4085 4043
f 4932 4043 4931
f 4931 4043 4042
f 4931 4042 635
f 635 4042 4046
f 635 4046 4045
f 3605 4930 3614
f 3614 4930 4929
f 3614 4929 3615
f 3615 4929 614
f 3615 614 619
f 779 759 3636
f 3636 759 4928
f 3636 4928 3630
f 3630 4928 4894
f 4226 4923 4925
f 4925 4923 4995
f 4925 4995 4924
f 4924 4995 4996
f 4924 4996 4926
f 4926 4996 4997
f 4926 4997 4927
f 4927 4997 3633
f 4927 3633 4894
f 4894 3633 3631
f 4894 3631 3630
f 4099 3698 4910
f 4910 3698 3699
f 4910 3699 3700
f 3700 3701 4910
f 4910 3701 3697
f 4910 3697 4899
f 4899 3697 3696
f 4899 3696 3717
f 4126 4099 4998
f 4998 4099 4910
f 4998 4910 4999
f 4999 4910 659
f 4128 4126 4935
f 4935 4126 4998
f 4935 4998 2936
f 2936 4998 4999
f 2936 4999 2935
f 2935 4999 659
f 4128 4935 4130
f 4130 4935 4934
f 4130 4934 4131
f 4131 4934 2933
f 4131 2933 2932
f 4153 4898 4911
f 4911 4898 3714
f 4911 3714 5000
f 5000 3714 3751
f 5000 3751 5001
f 4840 4842 4909
f 4909 4842 5002
f 4909 5002 4958
f 4958 5002 5003
f 4958 5003 4957
f 4957 5003 5004
f 4957 5004 4956
f 4956 5004 5005
f 4956 5005 4955
f 4955 5005 5006
f 4955 5006 4954
f 4954 5006 5007
f 4954 5007 3754
f 3754 5007 5008
f 3754 5008 3753
f 3753 5008 5001
f 3753 5001 3752
f 3752 5001 3751
f 4843 4908 5009
f 5009 4908 5010
f 5009 5010 5011
f 5011 5010 5012
f 5011 5012 5013
f 5013 5012 5014
f 5013 5014 5015
f 5015 5014 5016
f 5015 5016 5017
f 5017 5016 5018
f 5017 5018 5019
f 5019 5018 5020
f 5019 5020 5021
f 5021 5020 4897
f 5021 4897 4912
f 4912 4897 4164
f 4912 4164 4166
f 4172 4911 4170
f 4170 4911 5000
f 4170 5000 4913
f 4913 5000 5001
f 4913 5001 4912
f 4912 5001 5008
f 4912 5008 5021
f 5021 5008 5007
f 5021 5007 5019
f 5019 5007 5006
f 5019 5006 5017
f 5017 5006 5005
f 5017 5005 5015
f 5015 5005 5004
f 5015 5004 5013
f 5013 5004 5003
f 5013 5003 5011
f 5011 5003 5002
f 5011 5002 5009
f 5009 5002 4842
f 5009 4842 4843
f 4915 4947 4914
f 4914 4947 4949
f 4914 4949 4186
f 4186 4949 4917
f 4186 4917 4188
f 4188 4917 4152
f 4993 4984 4994
f 4994 4984 4985
f 4994 4985 4906
f 4906 4985 4959
f 4906 4959 4907
f 4907 4959 4960
f 4907 4960 4908
f 4908 4960 4961
f 4908 4961 5010
f 5010 4961 4962
f 5010 4962 5012
f 5012 4962 4950
f 5012 4950 5014
f 5014 4950 4948
f 5014 4948 5016
f 5016 4948 4947
f 5016 4947 5018
f 5018 4947 4915
f 5018 4915 5020
f 5020 4915 4916
f 5020 4916 4897
f 4897 4916 4160
f 4897 4160 4162
f 4978 4982 4977
f 4977 4982 4983
f 4977 4983 4976
f 4976 4983 4886
f 4976 4886 4975
f 4975 4886 3576
f 4975 3576 3634
f 3583 3585 4885
f 4885 3585 4980
f 4885 4980 4987
f 4987 4980 4979
f 4987 4979 4989
f 4989 4979 4982
f 4989 4982 4991
f 4991 4982 4978
f 4991 4978 4993
f 4993 4978 4972
f 4993 4972 4984
f 4984 4972 4971
f 4984 4971 4968
f 4968 4971 4969
f 4968 4969 4966
f 4966 4969 4892
f 4966 4892 4920
f 4920 4892 4891
f 4920 4891 4921
f 4921 4891 4890
f 4921 4890 4922
f 4922 4890 4963
f 4922 4963 4923
f 4923 4963 4973
f 4923 4973 4995
f 4995 4973 4974
f 4995 4974 4996
f 4996 4974 4975
f 4996 4975 4997
f 4997 4975 3634
f 4997 3634 3633

