# https://github.com/mikedh/trimesh

o right_finger1_link4.STL
v -0.00150000 -0.00733624 0.00000000
v -0.00149017 -0.00733706 0.00017143
v -0.00163893 -0.00747681 0.00018748
v -0.00119221 -0.00734897 -0.00091030
v -0.00129904 -0.00734641 -0.00074999
v -0.00125592 -0.00749714 -0.00106989
v -0.00158000 -0.00748123 -0.00047455
v -0.00139344 -0.00734225 -0.00055526
v -0.00142548 -0.00734057 -0.00046692
v -0.00149857 -0.00733641 -0.00006555
v -0.00066926 -0.00734014 -0.00134242
v -0.00074989 -0.00734414 -0.00129910
v -0.00072917 -0.00749315 -0.00148010
v -0.00082990 -0.00734702 -0.00124950
v -0.00113517 -0.00734955 -0.00098051
v -0.00007674 -0.00743676 -0.00164907
v -0.00000016 -0.00727371 -0.00150000
v -0.00043248 -0.00732320 -0.00143630
v 0.00075017 -0.00712817 -0.00129894
v 0.00057108 -0.00732269 -0.00154682
v 0.00091027 -0.00708563 -0.00119223
v 0.00113061 -0.00717650 -0.00119940
v 0.00055702 -0.00717363 -0.00139274
v 0.00046087 -0.00719383 -0.00142745
v 0.00006192 -0.00726436 -0.00149872
v 0.00136826 -0.00694840 -0.00061470
v 0.00129883 -0.00697129 -0.00075036
v 0.00150491 -0.00705159 -0.00065858
v 0.00124400 -0.00698883 -0.00083813
v 0.00097352 -0.00706793 -0.00114116
v 0.00156947 -0.00695143 0.00000000
v 0.00150000 -0.00690319 -0.00000000
v 0.00144764 -0.00692208 -0.00039286
v 0.00164055 -0.00700078 -0.00000000
v 0.00143396 -0.00692667 -0.00044017
v -0.00740693 -0.00069991 0.02465043
v -0.00742207 -0.00010000 0.02466609
v -0.00851690 -0.00010000 0.02570657
v -0.00645488 -0.00236250 0.02346058
v -0.00664688 -0.00172879 0.02375010
v -0.00638960 -0.00476703 0.02335253
v -0.00664688 -0.00356007 0.02375010
v -0.00649233 -0.00465142 0.02352022
v -0.00691249 -0.00294917 0.02409784
v -0.00719651 -0.00376796 0.02442632
v -0.00675392 -0.00433929 0.02389616
v -0.00714254 -0.00225295 0.02436652
v -0.00718611 -0.00208919 0.02441488
v -0.00731280 -0.00149539 0.02455180
v -0.00603798 -0.00511422 0.02266288
v -0.00585949 -0.00377648 0.02222691
v -0.00631303 -0.00484968 0.02321869
v -0.00610673 -0.00324386 0.02281398
v -0.00623728 -0.00293764 0.02307798
v -0.00599845 -0.00514727 0.02257195
v -0.00579318 -0.00529548 0.02204751
v -0.00561548 -0.00426093 0.02151651
v -0.00551569 -0.00444937 0.02118519
v -0.00507636 -0.00531528 0.01945499
v -0.00507647 -0.00527662 0.01945547
v -0.00512964 -0.00532175 0.01968713
v -0.00508161 -0.00523114 0.01947809
v -0.00508532 -0.00521364 0.01949443
v -0.00509168 -0.00519184 0.01952231
v -0.00511392 -0.00514767 0.01961518
v -0.00525163 -0.00491969 0.02019601
v -0.00512261 -0.00547484 0.01965684
v -0.00510323 -0.00544158 0.01957281
v -0.00508204 -0.00536846 0.01948000
v -0.00517765 -0.00550101 0.01988990
v -0.00514625 -0.00549582 0.01975827
v -0.00566666 -0.00536630 0.02167710
v -0.00551199 -0.00543152 0.02117246
v -0.00541557 -0.00546090 0.02082892
v -0.00799126 -0.00250387 0.02522290
v -0.00787030 -0.00274277 0.02510855
v -0.00768905 -0.00305465 0.02493377
v -0.00733149 -0.00358373 0.02457159
v -0.00845127 -0.00085966 0.02564696
v -0.00831672 -0.00158266 0.02552425
v -0.00811184 -0.00222629 0.02533547
v -0.00498078 0.00527518 0.01900060
v -0.00498697 0.00522762 0.01902887
v -0.00518723 0.00522605 0.01826489
v -0.00551707 0.00545099 0.01776692
v -0.00563535 0.00536679 0.01713315
v -0.00570443 0.00536883 0.01709773
v -0.00581775 0.00523474 0.01655796
v -0.00588194 0.00523599 0.01653628
v -0.00602589 0.00508813 0.01615544
v -0.00603540 0.00500462 0.01601012
v -0.00623913 0.00481557 0.01571417
v -0.00628764 0.00466572 0.01554274
v -0.00642957 0.00453732 0.01539557
v -0.00653841 0.00427790 0.01514962
v -0.00684949 0.00380669 0.01473120
v -0.00734279 0.00231230 0.01399794
v -0.00741665 0.00233706 0.01398824
v -0.00735151 0.00255560 0.01404847
v -0.00716085 0.00286656 0.01418126
v -0.00759553 0.00113979 0.01385431
v -0.00764218 0.00000054 0.01385291
v -0.00767053 0.00000042 0.01383903
v -0.00756875 0.00172100 0.01388273
v -0.00761680 0.00147399 0.01385968
v -0.00774406 -0.00000000 0.01382502
v -0.00742209 0.00141402 0.01404710
v -0.00754606 0.00000060 0.01401258
v -0.00748850 0.00112110 0.01395547
v -0.00757392 0.00000072 0.01391989
v -0.00760779 0.00000066 0.01387863
v -0.00500889 0.00516017 0.01912937
v -0.00502092 0.00514040 0.01918060
v -0.00521248 0.00517056 0.01827427
v -0.00550996 0.00505588 0.01731705
v -0.00498017 0.00532015 0.01899761
v -0.00519065 0.00534784 0.01826036
v -0.00521881 0.00540242 0.01826560
v -0.00498581 0.00537528 0.01902370
v -0.00500672 0.00544584 0.01911990
v -0.00526176 0.00544572 0.01827536
v -0.00531514 0.00547371 0.01828866
v -0.00504645 0.00549753 0.01930051
v -0.00526414 0.00549764 0.01870483
v -0.00507458 0.00550590 0.01942169
v -0.00685159 0.00327418 0.01454310
v -0.00639991 0.00411709 0.01523039
v -0.00676872 0.00339809 0.01473589
v -0.00640989 0.00405525 0.01530268
v -0.00684985 0.00322648 0.01461701
v -0.00713992 0.00249880 0.01425315
v -0.00723805 0.00225576 0.01409880
v -0.00722473 0.00223313 0.01417405
v -0.00753233 0.00112952 0.01389448
v -0.00554210 0.00529920 0.01711625
v -0.00551289 0.00524821 0.01711576
v -0.00572799 0.00516854 0.01654548
v -0.00569856 0.00512034 0.01654937
v -0.00595131 0.00493995 0.01600448
v -0.00592209 0.00489619 0.01601435
v -0.00620857 0.00460500 0.01554583
v -0.00617954 0.00456688 0.01556089
v -0.00646078 0.00422256 0.01515789
v -0.00643141 0.00418846 0.01517502
v -0.00688850 0.00332828 0.01448431
v -0.00724666 0.00287039 0.01416422
v -0.00699016 0.00351027 0.01451513
v -0.00695345 0.00337824 0.01445206
v -0.00649718 0.00425295 0.01514928
v -0.00624541 0.00463864 0.01553967
v -0.00599005 0.00497696 0.01600307
v -0.00576887 0.00520770 0.01654845
v -0.00558420 0.00533987 0.01712224
v -0.00709696 0.00282692 0.01421745
v -0.00727959 0.00228361 0.01403682
v -0.00592871 0.00471873 0.01611623
v -0.00590788 0.00475677 0.01608479
v -0.00582903 0.00482384 0.01634108
v -0.00569641 0.00496182 0.01659636
v -0.00552041 0.00507947 0.01714526
v -0.00589952 0.00480115 0.01605599
v -0.00568204 0.00501262 0.01657585
v -0.00550147 0.00513334 0.01713091
v -0.00517982 0.00528706 0.01826013
v -0.00623940 0.00431767 0.01557008
v -0.00615147 0.00448690 0.01561341
v -0.00621444 0.00435363 0.01560970
v -0.00590442 0.00484875 0.01603196
v -0.00568285 0.00506689 0.01655979
v -0.00549896 0.00519123 0.01712082
v -0.00711949 0.00508453 0.02273796
v -0.00712619 0.00507578 0.02275965
v -0.00608154 0.00507618 0.02275974
v -0.00885000 -0.00000000 0.02571001
v -0.00852818 -0.00000000 0.02571000
v -0.00845171 0.00088511 0.02564387
v -0.00871678 0.00147681 0.02554878
v -0.00830999 0.00161447 0.02551694
v -0.00851170 0.00234544 0.02528933
v -0.00811247 0.00223695 0.02533153
v -0.00806882 0.00234446 0.02529011
v -0.00851001 0.00235121 0.02528705
v -0.00630585 0.00485733 0.02320558
v -0.00724056 0.00492160 0.02308881
v -0.00633716 0.00482425 0.02326132
v -0.00662246 0.00450404 0.02370911
v -0.00749124 0.00455524 0.02364565
v -0.00665042 0.00447142 0.02374791
v -0.00754494 0.00447144 0.02374783
v -0.00700212 0.00403910 0.02419239
v -0.00768960 0.00423529 0.02400472
v -0.00720530 0.00376885 0.02442560
v -0.00798105 0.00370239 0.02447879
v -0.00747491 0.00339075 0.02471310
v -0.00807201 0.00351492 0.02462405
v -0.00784860 0.00279361 0.02508205
v -0.00813895 0.00336836 0.02473055
v -0.00841872 0.00264451 0.02515921
v -0.00605548 0.00509917 0.02270214
v -0.00577481 0.00530743 0.02199289
v -0.00688809 0.00537017 0.02165078
v -0.00561794 0.00539012 0.02151878
v -0.00680498 0.00546438 0.02077315
v -0.00550971 0.00543308 0.02115688
v -0.00677392 0.00549873 0.02000144
v -0.00518073 0.00550111 0.01988445
v -0.00676803 0.00550504 0.01957729
v -0.00678666 0.00548451 0.01832476
v -0.00681727 0.00545111 0.01776371
v -0.00689860 0.00535733 0.01703451
v -0.00698117 0.00525778 0.01660477
v -0.00699854 0.00523620 0.01653235
v -0.00711700 0.00508198 0.01614089
v -0.00730839 0.00481355 0.01571141
v -0.00749434 0.00453807 0.01539468
v -0.00792583 0.00380720 0.01473096
v -0.00805012 0.00355458 0.01454415
v -0.00833275 0.00287058 0.01416318
v -0.00842457 0.00260289 0.01406282
v -0.00849801 0.00236559 0.01399494
v -0.00866266 0.00172095 0.01388282
v -0.00871086 0.00148299 0.01386051
v -0.00885000 -0.00000000 0.01382501
v -0.00744593 -0.00219803 0.01395880
v -0.00726730 -0.00278395 0.01412798
v -0.00836373 -0.00278283 0.01412853
v -0.00852640 -0.00005065 0.02570839
v -0.00852439 -0.00010000 0.02570657
v -0.00884909 -0.00012602 0.02570556
v -0.00884545 -0.00027683 0.02569816
v -0.00882986 -0.00057766 0.02567627
v -0.00876566 -0.00117574 0.02560255
v -0.00870952 -0.00151559 0.02553936
v -0.00851574 -0.00233255 0.02529424
v -0.00840928 -0.00267326 0.02514351
v -0.00788071 -0.00389616 0.02431905
v -0.00797317 -0.00371806 0.02446654
v -0.00814368 -0.00335761 0.02473631
v -0.00707186 -0.00514619 0.02257453
v -0.00717375 -0.00501275 0.02290474
v -0.00724345 -0.00491780 0.02309698
v -0.00742876 -0.00465043 0.02352171
v -0.00759367 -0.00439374 0.02383643
v -0.00693714 -0.00531271 0.02196897
v -0.00692095 -0.00533186 0.02187292
v -0.00683458 -0.00543145 0.02117332
v -0.00677940 -0.00549270 0.01851691
v -0.00679767 -0.00547262 0.02064766
v -0.00689407 -0.00536337 0.01705773
v -0.00567540 -0.00544298 0.01767265
v -0.00545095 -0.00549824 0.01870553
v -0.00748887 -0.00454635 0.01540484
v -0.00621342 -0.00489379 0.01582105
v -0.00711880 -0.00507907 0.01613862
v -0.00610013 -0.00505279 0.01608067
v -0.00698296 -0.00525549 0.01659755
v -0.00590740 -0.00527940 0.01668417
v -0.00580425 -0.00536915 0.01709236
v -0.00711789 -0.00319069 0.01431737
v -0.00696836 -0.00354580 0.01453936
v -0.00806729 -0.00351813 0.01451869
v -0.00688954 -0.00371686 0.01466325
v -0.00764597 -0.00430052 0.01516236
v -0.00666043 -0.00416439 0.01503306
v -0.00644066 -0.00454148 0.01540037
v -0.00718288 -0.00302120 0.01422979
v -0.00843634 -0.00256587 0.01405322
v -0.00850392 -0.00234552 0.01399201
v -0.00758886 -0.00159318 0.01386862
v -0.00869010 -0.00158985 0.01386961
v -0.00770917 -0.00081107 0.01382791
v -0.00871087 -0.00148215 0.01386060
v -0.00773884 -0.00040128 0.01382507
v -0.00758345 -0.00120346 0.01385566
v -0.00730041 -0.00241969 0.01402735
v -0.00552593 -0.00524237 0.01745030
v -0.00554147 -0.00529779 0.01744748
v -0.00568697 -0.00520070 0.01684432
v -0.00552536 -0.00518555 0.01745664
v -0.00752111 -0.00119333 0.01389627
v -0.00536568 -0.00514380 0.01847963
v -0.00554147 -0.00513147 0.01746640
v -0.00560205 -0.00507068 0.01735879
v -0.00568074 -0.00504080 0.01687740
v -0.00577719 -0.00493565 0.01665356
v -0.00585255 -0.00487240 0.01631355
v -0.00595809 -0.00473368 0.01613135
v -0.00607412 -0.00459155 0.01581946
v -0.00616438 -0.00445232 0.01572101
v -0.00632107 -0.00422295 0.01539788
v -0.00651128 -0.00388778 0.01513828
v -0.00678097 -0.00337318 0.01466112
v -0.00682829 -0.00325843 0.01463582
v -0.00678620 -0.00340010 0.01462619
v -0.00702410 -0.00279260 0.01437005
v -0.00700298 -0.00290289 0.01432968
v -0.00719657 -0.00235903 0.01412739
v -0.00745926 -0.00118001 0.01402791
v -0.00741394 -0.00143473 0.01404600
v -0.00747723 -0.00118502 0.01395599
v -0.00739924 -0.00150000 0.01405567
v -0.00721321 -0.00224017 0.01417708
v -0.00752114 -0.00068176 0.01401236
v -0.00566039 -0.00541445 0.01746087
v -0.00566760 -0.00509301 0.01686262
v -0.00584397 -0.00491953 0.01629004
v -0.00607070 -0.00463126 0.01578832
v -0.00645889 -0.00441977 0.01528360
v -0.00620725 -0.00481595 0.01572430
v -0.00641807 -0.00439449 0.01528375
v -0.00612788 -0.00475491 0.01572732
v -0.00616443 -0.00478925 0.01572134
v -0.00589667 -0.00506211 0.01624839
v -0.00593496 -0.00509935 0.01624671
v -0.00571604 -0.00524864 0.01684154
v -0.00575578 -0.00528761 0.01684351
v -0.00557021 -0.00534770 0.01744823
v -0.00561043 -0.00538796 0.01745268
v -0.00586766 -0.00501759 0.01625669
v -0.00580444 -0.00531384 0.01685058
v -0.00598092 -0.00512612 0.01625240
v -0.00692626 -0.00353013 0.01453380
v -0.00688720 -0.00350922 0.01453769
v -0.00710545 -0.00298853 0.01423386
v -0.00723809 -0.00238909 0.01406636
v -0.00704248 -0.00294659 0.01426996
v -0.00682317 -0.00345706 0.01456953
v -0.00635372 -0.00432899 0.01531016
v -0.00609908 -0.00471546 0.01574119
v -0.00632159 -0.00425670 0.01536376
v -0.00879711 0.00155789 0.01926655
v -0.00873673 0.00153074 0.01928639
v -0.00865368 0.00186245 0.01957094
v -0.00875465 0.00112858 0.02374193
v -0.00877559 0.00099685 0.02380086
v -0.00883324 0.00100709 0.02380612
v -0.00890377 0.00019063 0.02400127
v -0.00875249 0.00114289 0.01906440
v -0.00867706 0.00151666 0.01928819
v -0.00875094 -0.00115154 0.01906900
v -0.00884101 -0.00035568 0.01882403
v -0.00889748 -0.00035957 0.01881615
v -0.00852230 -0.00228464 0.02013551
v -0.00853645 -0.00203262 0.01977848
v -0.00865822 -0.00184595 0.01955434
v -0.00859674 -0.00183071 0.01955349
v -0.00880909 -0.00116308 0.01906465
v -0.00841919 -0.00256257 0.02089290
v -0.00835699 -0.00253461 0.02082108
v -0.00845726 -0.00226959 0.02013184
v -0.00847216 -0.00242425 0.02237226
v -0.00835693 -0.00253462 0.02197962
v -0.00840106 -0.00260786 0.02155435
v -0.00833214 -0.00259537 0.02155511
v -0.00835091 -0.00254953 0.02089033
v -0.00861585 -0.00199466 0.02308401
v -0.00853681 -0.00203239 0.02302127
v -0.00840561 -0.00240999 0.02237600
v -0.00887929 -0.00061291 0.02393534
v -0.00875485 -0.00112909 0.02374223
v -0.00877231 -0.00136311 0.02362518
v -0.00871342 -0.00135008 0.02362223
v -0.00855332 -0.00197919 0.02308590
v -0.00884743 0.00018856 0.02399315
v -0.00884984 0.00000038 0.02399980
v -0.00882252 -0.00060638 0.02392825
v -0.00862988 0.00170878 0.02335966
v -0.00869058 0.00172367 0.02335981
v -0.00858559 0.00186965 0.02320675
v -0.00864732 0.00188499 0.02320562
v -0.00853649 0.00203239 0.02302144
v -0.00849874 0.00235153 0.02253519
v -0.00843300 0.00233682 0.02253893
v -0.00835677 0.00253460 0.02197949
v -0.00840905 0.00258713 0.02176397
v -0.00834041 0.00257440 0.02176597
v -0.00833921 0.00257752 0.02105787
v -0.00840789 0.00259024 0.02105960
v -0.00835663 0.00253467 0.02082035
v -0.00850026 0.00234670 0.02025408
v -0.00843455 0.00233196 0.02025043
v -0.00859211 0.00184704 0.01957013
v -0.00853664 0.00203232 0.01977855
v -0.00883903 0.00037851 0.01882808
v -0.00881061 0.00115439 0.01905992
v -0.00886986 0.00117522 0.01903662
v -0.00891607 0.00120237 0.01899619
v -0.00871547 0.00189478 0.01955505
v -0.00856513 0.00238545 0.02024579
v -0.00847495 0.00263144 0.02105749
v -0.00847608 0.00262831 0.02176620
v -0.00856362 0.00239039 0.02254340
v -0.00870923 0.00191768 0.02322127
v -0.00875173 0.00175392 0.02337754
v -0.00889213 0.00102539 0.02383052
v -0.00896170 0.00019414 0.02402889
v -0.00893754 -0.00062415 0.02396184
v -0.00883212 -0.00138754 0.02364674
v -0.00867836 -0.00202891 0.02309817
v -0.00853765 -0.00246390 0.02237899
v -0.00846831 -0.00264922 0.02155530
v -0.00848596 -0.00260356 0.02088969
v -0.00858666 -0.00232273 0.02012606
v -0.00871995 -0.00187806 0.01953819
v -0.00886835 -0.00118410 0.01904138
v -0.00885001 0.00000003 0.01880001
v -0.00889552 0.00038262 0.01882025
v -0.00895356 0.00038967 0.01879304
v -0.00899983 0.00039860 0.01874879
v -0.00902946 0.00040863 0.01869117
v -0.00884328 0.00159415 0.01922980
v -0.00876162 0.00193929 0.01952302
v -0.00861127 0.00244250 0.02022541
v -0.00852114 0.00269509 0.02105139
v -0.00852226 0.00269189 0.02177276
v -0.00860977 0.00244758 0.02256363
v -0.00875537 0.00196280 0.02325296
v -0.00879789 0.00179499 0.02341180
v -0.00893836 0.00104905 0.02387205
v -0.00900797 0.00019858 0.02407350
v -0.00898380 -0.00063848 0.02400541
v -0.00887831 -0.00141975 0.02368535
v -0.00872450 -0.00207681 0.02312781
v -0.00858381 -0.00252303 0.02239635
v -0.00851450 -0.00271337 0.02155806
v -0.00853214 -0.00266645 0.02088057
v -0.00863280 -0.00237814 0.02010358
v -0.00876610 -0.00192219 0.01950582
v -0.00891456 -0.00121148 0.01900100
v -0.00894397 0.00123325 0.01894226
v -0.00886959 0.00163584 0.01917965
v -0.00878602 0.00199107 0.01947809
v -0.00863172 0.00251070 0.02019529
v -0.00853889 0.00277263 0.02104202
v -0.00854005 0.00276930 0.02178282
v -0.00863019 0.00251591 0.02259349
v -0.00877962 0.00201530 0.02329741
v -0.00882315 0.00184245 0.02345916
v -0.00896675 0.00107581 0.02392700
v -0.00903777 0.00020357 0.02413140
v -0.00901312 -0.00065459 0.02406236
v -0.00890541 -0.00145650 0.02373739
v -0.00874797 -0.00213287 0.02316979
v -0.00860348 -0.00259406 0.02242229
v -0.00853203 -0.00279161 0.02156231
v -0.00855024 -0.00274285 0.02086667
v -0.00865387 -0.00244404 0.02007064
v -0.00879059 -0.00197347 0.01946058
v -0.00894244 -0.00124257 0.01894717
v -0.00899259 0.00095867 0.01876037
v -0.00903875 0.00041808 0.01863023
v -0.00903144 -0.00038398 0.01868686
v -0.00900178 -0.00037456 0.01874452
v -0.00895551 -0.00036617 0.01878884
v -0.00904077 -0.00039287 0.01862588
v -0.00899234 -0.00095926 0.01876094
v -0.00894840 -0.00127192 0.01888969
v -0.00879024 -0.00202208 0.01941145
v -0.00864719 -0.00250684 0.02003429
v -0.00853811 -0.00281605 0.02085112
v -0.00851886 -0.00286668 0.02156704
v -0.00859421 -0.00266192 0.02245108
v -0.00874572 -0.00218609 0.02321559
v -0.00890992 -0.00149121 0.02379317
v -0.00899236 -0.00096095 0.02403892
v -0.00902181 -0.00066977 0.02412272
v -0.00904736 0.00020828 0.02419263
v -0.00897368 0.00110106 0.02398554
v -0.00882424 0.00188741 0.02351040
v -0.00877881 0.00206510 0.02334573
v -0.00862230 0.00258110 0.02262654
v -0.00852734 0.00284352 0.02179413
v -0.00852612 0.00284696 0.02103155
v -0.00862389 0.00257574 0.02016200
v -0.00878550 0.00204012 0.01942936
v -0.00887262 0.00167520 0.01912574
v -0.00894999 0.00126236 0.01888474
v -0.00702928 0.00531497 0.01719275
v -0.00724854 0.00505752 0.01628902
v -0.00762528 0.00455689 0.01558473
v -0.00812119 0.00374148 0.02426559
v -0.00776936 0.00434122 0.02371675
v -0.00904534 -0.00027222 0.02549844
v -0.00904907 -0.00012064 0.02550572
v -0.00902935 -0.00057446 0.02547704
v -0.00899306 -0.00095308 0.02543642
v -0.00896350 -0.00117321 0.02540513
v -0.00890925 -0.00149388 0.02534738
v -0.00870716 -0.00231675 0.02510843
v -0.00859854 -0.00264940 0.02496495
v -0.00854276 -0.00280336 0.02488781
v -0.00832557 -0.00332655 0.02457214
v -0.00814564 -0.00369484 0.02430290
v -0.00762713 -0.00455428 0.02346822
v -0.00786543 -0.00418923 0.02387237
v -0.00731448 -0.00497558 0.01613126
v -0.00715607 -0.00516878 0.01657686
v -0.00752241 -0.00470190 0.01741151
v -0.00699399 -0.00535436 0.01747199
v -0.00691952 -0.00543585 0.01879459
v -0.00691769 -0.00543785 0.01983893
v -0.00695250 -0.00540007 0.02076245
v -0.00702304 -0.00532187 0.02151284
v -0.00725038 -0.00505519 0.02258694
v -0.00740226 -0.00486302 0.02300267
v -0.00854317 -0.00280218 0.01432349
v -0.00846633 -0.00299984 0.01440726
v -0.00803533 -0.00389936 0.01498409
v -0.00747365 -0.00476815 0.01582294
v -0.00880236 -0.00197542 0.01411205
v -0.00899320 -0.00095083 0.01403472
v -0.00896193 -0.00118341 0.01404207
v -0.00899403 0.00095015 0.01403328
v -0.00905000 -0.00000000 0.01402502
v -0.00902948 -0.00057275 0.01402875
v -0.00854168 0.00280660 0.01432406
v -0.00862589 0.00256979 0.01424190
v -0.00868898 0.00237482 0.01418871
v -0.00891124 0.00148509 0.01405836
v -0.00781013 0.00427795 0.01531559
v -0.00823901 0.00350984 0.01469556
v -0.00694924 0.00540361 0.02070670
v -0.00692315 0.00543182 0.01864564
v -0.00736998 0.00490487 0.02118116
v -0.00739929 0.00486693 0.02299493
v -0.00733877 0.00494479 0.02284321
v -0.00707500 0.00526314 0.02185377
v -0.00857942 0.00270295 0.02494076
v -0.00832072 0.00333833 0.02456572
v -0.00905000 -0.00000001 0.02550992
v -0.00904733 0.00020712 0.02550216
v -0.00899333 0.00095328 0.02543907
v -0.00896064 0.00119495 0.02540398
v -0.00870130 0.00233428 0.02510199
v -0.00889880 0.00154856 0.02533646
v -0.00795000 -0.00253481 0.02197855
v -0.00795000 0.00112810 0.01905748
v -0.00795000 0.00203276 0.01977892
v -0.00795000 0.00253481 0.02082144
v -0.00795000 0.00253481 0.02197856
v -0.00795000 0.00203276 0.02302108
v -0.00795000 0.00112810 0.02374252
v -0.00795000 -0.00000000 0.02400000
v -0.00795000 -0.00112810 0.02374252
v -0.00795000 -0.00203276 0.02302107
v -0.00795000 -0.00253481 0.02082145
v -0.00795000 -0.00203276 0.01977893
v -0.00795000 0.00000000 0.01880000
v -0.00795000 -0.00112810 0.01905748
v -0.00901406 0.00000021 0.01391096
v -0.00903453 0.00000015 0.01394858
v -0.00894408 0.00120431 0.01396574
v -0.00710240 0.00522396 0.01664485
v -0.00902683 0.00000091 0.02560282
v -0.00896403 0.00000119 0.02567404
v -0.00892648 0.00000099 0.02569448
v -0.00883752 0.00120550 0.02558551
v -0.00888546 0.00000056 0.02570670
v -0.00894415 0.00120454 0.02547868
v -0.00868096 0.00235506 0.02516841
v -0.00829620 0.00336530 0.02462115
v -0.00783224 0.00422551 0.02390859
v -0.00736921 0.00489578 0.02302257
v -0.00718692 0.00512379 0.02249675
v -0.00705639 0.00527722 0.02193397
v -0.00692159 0.00542736 0.02076350
v -0.00688379 0.00546816 0.01958095
v -0.00690019 0.00545040 0.01839825
v -0.00699313 0.00534866 0.01721980
v -0.00728068 0.00500804 0.01611147
v -0.00752377 0.00468695 0.01565677
v -0.00778298 0.00430408 0.01526964
v -0.00826149 0.00343774 0.01457606
v -0.00847846 0.00293593 0.01430470
v -0.00867037 0.00238745 0.01411785
v -0.00904672 0.00000007 0.01398958
v -0.00894287 0.00000022 0.01384818
v -0.00883727 0.00119237 0.01385776
v -0.00684621 0.00546027 0.02077033
v -0.00680893 0.00550079 0.01958174
v -0.00682510 0.00548314 0.01839411
v -0.00702445 0.00525581 0.01661615
v -0.00720000 0.00503434 0.01606247
v -0.00743928 0.00470476 0.01558837
v -0.00691675 0.00538169 0.01720442
v -0.00769462 0.00431984 0.01519376
v -0.00816581 0.00344970 0.01448716
v -0.00837920 0.00293965 0.01420702
v -0.00856792 0.00238251 0.01401388
v -0.00899137 0.00000023 0.01388368
v -0.00890133 0.00120039 0.01390096
v -0.00862821 0.00239019 0.01405668
v -0.00843663 0.00294416 0.01424819
v -0.00822011 0.00345057 0.01452560
v -0.00774337 0.00431851 0.01522776
v -0.00748526 0.00470197 0.01561955
v -0.00724310 0.00502642 0.01608527
v -0.00706556 0.00524438 0.01662971
v -0.00695682 0.00536930 0.01721171
v -0.00686437 0.00547069 0.01839608
v -0.00684806 0.00548835 0.01958136
v -0.00688565 0.00544777 0.02076708
v -0.00701975 0.00529801 0.02194495
v -0.00714964 0.00514436 0.02251431
v -0.00733111 0.00491524 0.02304850
v -0.00779227 0.00424194 0.02394896
v -0.00825455 0.00338019 0.02467054
v -0.00863836 0.00236550 0.02522614
v -0.00890116 0.00120827 0.02554242
v -0.00899137 0.00000119 0.02565128
v -0.00820010 0.00338120 0.02470832
v -0.00857870 0.00236411 0.02526737
v -0.00774328 0.00424525 0.02398192
v -0.00728731 0.00492400 0.02307102
v -0.00710775 0.00515548 0.02252993
v -0.00697912 0.00531019 0.02195485
v -0.00718857 -0.00512193 0.02250377
v -0.00737214 -0.00489204 0.02303053
v -0.00890299 -0.00118044 0.01390125
v -0.00883920 -0.00117272 0.01385743
v -0.00697950 -0.00530967 0.02196062
v -0.00710911 -0.00515366 0.02253719
v -0.00898987 -0.00012569 0.02564694
v -0.00888780 -0.00012647 0.02570225
v -0.00888411 -0.00027796 0.02569480
v -0.00892151 -0.00027858 0.02568323
v -0.00890557 -0.00058178 0.02566113
v -0.00883998 -0.00118418 0.02558660
v -0.00858428 -0.00234568 0.02527515
v -0.00820449 -0.00337022 0.02471448
v -0.00774852 -0.00423647 0.02399102
v -0.00728991 -0.00492028 0.02307929
v -0.00684587 -0.00546057 0.02077311
v -0.00680860 -0.00550094 0.01958133
v -0.00817061 -0.00343880 0.01447919
v -0.00769916 -0.00431226 0.01518536
v -0.00744377 -0.00469801 0.01558084
v -0.00720354 -0.00502936 0.01605296
v -0.00702597 -0.00525368 0.01660885
v -0.00691684 -0.00538164 0.01719757
v -0.00682418 -0.00548424 0.01839053
v -0.00857372 -0.00236248 0.01401022
v -0.00838412 -0.00292532 0.01420073
v -0.00894661 -0.00118429 0.01396553
v -0.00705703 -0.00527659 0.02193961
v -0.00692148 -0.00542758 0.02076622
v -0.00783793 -0.00421722 0.02391710
v -0.00830105 -0.00335389 0.02462754
v -0.00894721 -0.00118287 0.02547998
v -0.00901389 -0.00058007 0.02555335
v -0.00903390 -0.00012365 0.02558252
v -0.00903010 -0.00027610 0.02557514
v -0.00868716 -0.00233732 0.02517558
v -0.00774798 -0.00431070 0.01521957
v -0.00748986 -0.00469517 0.01561220
v -0.00752866 -0.00468033 0.01564950
v -0.00728458 -0.00500332 0.01610283
v -0.00867681 -0.00236824 0.01411452
v -0.00863398 -0.00237026 0.01405350
v -0.00848394 -0.00292192 0.01429882
v -0.00844152 -0.00292973 0.01424236
v -0.00826678 -0.00342680 0.01456839
v -0.00822491 -0.00343944 0.01451798
v -0.00778794 -0.00429634 0.01526143
v -0.00898607 -0.00027828 0.02563948
v -0.00896990 -0.00058256 0.02561744
v -0.00890339 -0.00118656 0.02554311
v -0.00864393 -0.00234715 0.02523337
v -0.00825893 -0.00336875 0.02467659
v -0.00779764 -0.00423325 0.02395773
v -0.00733382 -0.00491143 0.02305658
v -0.00715110 -0.00514244 0.02252144
v -0.00702022 -0.00529738 0.02195064
v -0.00688539 -0.00544799 0.02076982
v -0.00684782 -0.00548844 0.01958096
v -0.00688370 -0.00546827 0.01958056
v -0.00686352 -0.00547167 0.01839243
v -0.00689949 -0.00545137 0.01839450
v -0.00695699 -0.00536910 0.01720498
v -0.00699347 -0.00534840 0.01721312
v -0.00706719 -0.00524220 0.01662252
v -0.00710422 -0.00522184 0.01663775
v -0.00724676 -0.00502152 0.01607621
v -0.00795000 -0.00000000 0.02015000
v -0.00755000 -0.00000000 0.02015000
v -0.00795000 0.00062500 0.02031747
v -0.00755000 0.00062500 0.02031747
v -0.00795000 0.00108253 0.02077500
v -0.00755000 0.00108253 0.02077500
v -0.00795000 0.00125000 0.02140000
v -0.00755000 0.00125000 0.02140000
v -0.00795000 0.00108253 0.02202500
v -0.00755000 0.00108253 0.02202500
v -0.00795000 0.00062500 0.02248253
v -0.00755000 0.00062500 0.02248253
v -0.00795000 -0.00000000 0.02265000
v -0.00755000 -0.00000000 0.02265000
v -0.00795000 -0.00062500 0.02248253
v -0.00755000 -0.00062500 0.02248253
v -0.00795000 -0.00108253 0.02202500
v -0.00755000 -0.00108253 0.02202500
v -0.00795000 -0.00125000 0.02140000
v -0.00755000 -0.00125000 0.02140000
v -0.00795000 -0.00108253 0.02077500
v -0.00755000 -0.00108253 0.02077500
v -0.00795000 -0.00062500 0.02031747
v -0.00755000 -0.00062500 0.02031747
v -0.00755000 -0.00138542 0.02246917
v -0.00755000 -0.00147057 0.02231066
v -0.00755000 0.00169627 0.02183030
v -0.00755000 0.00128605 0.02258683
v -0.00755000 0.00056481 0.02305635
v -0.00755000 -0.00029303 0.02312529
v -0.00755000 -0.00107999 0.02277700
v -0.00755000 -0.00150000 0.02213314
v -0.00755000 -0.00150000 0.02066685
v -0.00755000 -0.00147057 0.02048934
v -0.00755000 -0.00138542 0.02033083
v -0.00755000 -0.00107999 0.02002300
v -0.00755000 -0.00029302 0.01967471
v -0.00755000 0.00056481 0.01974365
v -0.00755000 0.00128605 0.02021317
v -0.00755000 0.00169627 0.02096970
v -0.00748377 -0.00036430 0.01483116
v -0.00749642 0.00009121 0.01482539
v -0.00748498 -0.00023355 0.01482746
v -0.00749359 0.00024402 0.01482772
v -0.00740624 0.00115493 0.01488710
v -0.00742477 0.00108056 0.01487822
v -0.00726865 0.00190952 0.01499324
v -0.00688748 0.00299882 0.01624168
v -0.00695224 0.00282265 0.01619333
v -0.00687987 0.00299575 0.01624081
v -0.00698174 0.00273763 0.01617113
v -0.00706698 0.00247190 0.01610636
v -0.00730744 -0.00107759 0.01586458
v -0.00738416 -0.00080674 0.01585344
v -0.00725011 -0.00168985 0.01595409
v -0.00679973 -0.00277112 0.01598646
v -0.00680133 -0.00276679 0.01598040
v -0.00691268 -0.00240727 0.01588967
v -0.00691555 -0.00289288 0.01620910
v -0.00687687 -0.00299877 0.01623850
v -0.00682947 -0.00295695 0.01620435
v -0.00702944 -0.00255160 0.01612228
v -0.00736762 0.00029562 0.01581494
v -0.00742219 0.00031037 0.01582886
v -0.00740651 -0.00054336 0.01583719
v -0.00682997 0.00296430 0.01622231
v -0.00714837 0.00218286 0.01604482
v -0.00720216 0.00167113 0.01594048
v -0.00723514 0.00181923 0.01597789
v -0.00737444 0.00096634 0.01586835
v -0.00678384 0.00290424 0.01616700
v -0.00714116 0.00166489 0.01590083
v -0.00707673 0.00167533 0.01574808
v -0.00677988 0.00274675 0.01597604
v -0.00708435 0.00166785 0.01580680
v -0.00677814 0.00275124 0.01598217
v -0.00676534 0.00282670 0.01607897
v -0.00711392 0.00166424 0.01586922
v -0.00730442 0.00029439 0.01577475
v -0.00727664 0.00029426 0.01574216
v -0.00724499 -0.00107387 0.01582451
v -0.00703737 -0.00240064 0.01607724
v -0.00718820 -0.00107640 0.01572824
v -0.00695158 -0.00239199 0.01600701
v -0.00692176 -0.00239710 0.01594647
v -0.00678975 -0.00286534 0.01610504
v -0.00697830 -0.00239266 0.01603787
v -0.00721739 -0.00107367 0.01579223
v -0.00724763 0.00029495 0.01567738
v -0.00724656 -0.00017205 0.01561308
v -0.00724199 0.00029640 0.01561639
v -0.00713337 -0.00141943 0.01570854
v -0.00718189 -0.00108158 0.01566804
v -0.00689661 -0.00299887 0.01574445
v -0.00680197 -0.00282465 0.01574036
v -0.00681447 -0.00289849 0.01574108
v -0.00684934 -0.00295787 0.01574269
v -0.00691445 -0.00299918 0.01525020
v -0.00681939 -0.00285017 0.01533209
v -0.00682614 -0.00276673 0.01539349
v -0.00681174 -0.00276674 0.01574061
v -0.00685292 -0.00293883 0.01527645
v -0.00683107 -0.00289671 0.01530094
v -0.00692643 0.00237676 0.01529529
v -0.00680277 0.00274566 0.01539086
v -0.00711505 0.00153032 0.01553555
v -0.00678956 0.00274642 0.01573746
v -0.00728658 -0.00017242 0.01501310
v -0.00720828 0.00110770 0.01507425
v -0.00713070 0.00156655 0.01513556
v -0.00713620 -0.00160255 0.01513955
v -0.00714037 -0.00142557 0.01557332
v -0.00728547 -0.00022477 0.01501412
v -0.00680122 0.00275071 0.01538655
v -0.00713664 -0.00160393 0.01513112
v -0.00724193 0.00202221 0.01501344
v -0.00709702 0.00251768 0.01511766
v -0.00704695 0.00245491 0.01511786
v -0.00733586 0.00114388 0.01489935
v -0.00741493 -0.00023159 0.01484040
v -0.00717799 -0.00221354 0.01505366
v -0.00732925 -0.00159332 0.01494271
v -0.00726218 -0.00165353 0.01496467
v -0.00745874 -0.00073932 0.01485023
v -0.00719857 -0.00163551 0.01500268
v -0.00715477 -0.00161796 0.01506241
v -0.00730638 -0.00022690 0.01493805
v -0.00694148 0.00239969 0.01521628
v -0.00679408 0.00282679 0.01532901
v -0.00698359 0.00242671 0.01515548
v -0.00682599 0.00291818 0.01527150
v -0.00692438 0.00299909 0.01524248
v -0.00688874 0.00298085 0.01524502
v -0.00727215 0.00113099 0.01493775
v -0.00735124 -0.00022923 0.01487886
v -0.00722785 0.00111855 0.01499742
v -0.00728621 -0.00022497 0.01500581
v -0.00690723 0.00299890 0.01574212
v -0.00685381 0.00296800 0.01574016
v -0.00680622 0.00291319 0.01573827
v -0.00678189 0.00284853 0.01573727
v -0.00678178 0.00277626 0.01573719
v -0.00705000 -0.00150000 0.02213314
v -0.00705000 -0.00147057 0.02231066
v -0.00705000 -0.00138542 0.02246917
v -0.00630490 0.00328687 0.02120382
v -0.00658724 0.00267212 0.02125082
v -0.00671460 0.00306602 0.01857026
v -0.00700581 0.00265587 0.01622149
v -0.00669341 -0.00156111 0.02375105
v -0.00629222 0.00280185 0.02317328
v -0.00643677 0.00242019 0.02342349
v -0.00606332 0.00332717 0.02270911
v -0.00588998 0.00368280 0.02229220
v -0.00569886 0.00404441 0.02175996
v -0.00581205 0.00383368 0.02208494
v -0.00595256 0.00385400 0.02115600
v -0.00556971 0.00427406 0.02135222
v -0.00550517 0.00494161 0.01814756
v -0.00531276 0.00470037 0.02042182
v -0.00669195 0.00348682 0.01607247
v -0.00629423 -0.00424534 0.01594078
v -0.00669138 -0.00347490 0.01610547
v -0.00556550 -0.00500414 0.01817159
v -0.00595145 -0.00469421 0.01700882
v -0.00557028 -0.00440144 0.02113596
v -0.00657533 -0.00270286 0.02126463
v -0.00596834 -0.00388700 0.02117728
v -0.00699972 -0.00150929 0.02019363
v -0.00696235 -0.00162154 0.02040881
v -0.00693105 -0.00234036 0.01872675
v -0.00693520 -0.00166043 0.02065100
v -0.00687509 -0.00165765 0.02138365
v -0.00681294 -0.00165441 0.02211624
v -0.00680154 -0.00161389 0.02235814
v -0.00680881 -0.00150044 0.02257492
v -0.00676826 -0.00124159 0.02375256
v -0.00685838 -0.00107326 0.02299103
v -0.00684905 -0.00075249 0.02375421
v -0.00690582 -0.00054315 0.02325362
v -0.00689556 0.00009342 0.02375528
v -0.00692336 -0.00010460 0.02333362
v -0.00692440 0.00003975 0.02333609
v -0.00683301 0.00087958 0.02375387
v -0.00690244 0.00061801 0.02322851
v -0.00677933 0.00119350 0.02375278
v -0.00685459 0.00113655 0.02294377
v -0.00665310 0.00171292 0.02375022
v -0.00680854 0.00154744 0.02250903
v -0.00649417 0.00225269 0.02351512
v -0.00670351 -0.00308610 0.01859990
v -0.00734598 0.00088838 0.01642857
v -0.00738268 -0.00000203 0.01646405
v -0.00733720 -0.00088628 0.01644159
v -0.00720923 -0.00177394 0.01636696
v -0.00721854 -0.00001370 0.01891441
v -0.00718251 -0.00010678 0.01943988
v -0.00708950 -0.00156897 0.01882844
v -0.00715869 -0.00055666 0.01952191
v -0.00709218 -0.00108638 0.01978316
v -0.00710739 0.00155015 0.01880798
v -0.00716071 0.00061238 0.01953944
v -0.00718414 0.00002934 0.01943685
v -0.00690199 0.00180794 0.02077389
v -0.00699979 0.00154386 0.02024307
v -0.00709422 0.00113489 0.01981732
v -0.00679361 0.00181116 0.02196441
v -0.00682625 0.00190037 0.02136555
v -0.00694934 0.00232274 0.01870029
v -0.00722209 0.00178204 0.01634395
v -0.00640203 -0.00378998 0.01845835
v -0.00602293 -0.00443531 0.01831234
v -0.00553289 0.00436113 0.02111063
v -0.00599293 0.00439451 0.01828447
v -0.00591353 0.00467147 0.01698243
v -0.00639689 0.00376267 0.01842834
v -0.00636651 0.00401254 0.01714438
v -0.00627536 0.00425180 0.01590819
v -0.00671708 -0.00328156 0.01733588
v -0.00637718 -0.00402232 0.01717534
v -0.00699517 -0.00264396 0.01625123
v -0.00713061 -0.00150000 0.02066685
v -0.00715813 -0.00147018 0.02048899
v -0.00719616 -0.00138542 0.02033083
v -0.00683885 -0.00159300 0.02211850
v -0.00682806 -0.00155669 0.02233882
v -0.00688319 -0.00154333 0.02212236
v -0.00687253 -0.00151054 0.02232338
v -0.00694136 -0.00151119 0.02212743
v -0.00693045 -0.00148069 0.02231360
v -0.00700694 -0.00150000 0.02213315
v -0.00699555 -0.00147028 0.02231049
v -0.00683454 -0.00145256 0.02253572
v -0.00687895 -0.00141479 0.02250270
v -0.00693740 -0.00139157 0.02247968
v -0.00700337 -0.00138542 0.02246917
v -0.00705000 -0.00150000 0.02163406
v -0.00700360 -0.00151161 0.02139450
v -0.00706986 -0.00150000 0.02140009
v -0.00694478 -0.00154438 0.02138953
v -0.00690031 -0.00159498 0.02138578
v -0.00706366 -0.00151186 0.02066142
v -0.00700440 -0.00154528 0.02065661
v -0.00695991 -0.00159680 0.02065300
v -0.00701975 -0.00145539 0.02023946
v -0.00698527 -0.00155965 0.02043333
v -0.00706322 -0.00141326 0.02028119
v -0.00702929 -0.00150995 0.02045674
v -0.00712478 -0.00138889 0.02031303
v -0.00708937 -0.00147890 0.02047607
v -0.00688131 -0.00103727 0.02293494
v -0.00707604 0.00169658 0.02096918
v -0.00709621 0.00166247 0.02085337
v -0.00702920 0.00167048 0.02083981
v -0.00712505 0.00142122 0.02035824
v -0.00705000 -0.00103225 0.02281314
v -0.00698612 -0.00099414 0.02285514
v -0.00705518 -0.00099224 0.02284125
v -0.00703245 -0.00050244 0.02309013
v -0.00735784 -0.00051098 0.01972653
v -0.00729024 -0.00099654 0.01996149
v -0.00721501 -0.00099660 0.01994303
v -0.00737421 -0.00029330 0.01967481
v -0.00727953 -0.00050980 0.01970915
v -0.00738370 0.00002580 0.01965008
v -0.00730417 0.00002607 0.01963345
v -0.00735990 0.00056030 0.01974239
v -0.00728161 0.00055955 0.01972505
v -0.00729224 0.00104023 0.01999248
v -0.00721718 0.00104050 0.01997404
v -0.00723506 0.00128564 0.02021401
v -0.00719595 0.00141741 0.02037576
v -0.00705000 0.00173035 0.02113848
v -0.00695465 0.00176083 0.02137892
v -0.00701912 0.00175010 0.02138515
v -0.00698846 0.00169637 0.02183007
v -0.00692251 0.00168039 0.02192509
v -0.00698644 0.00167015 0.02192263
v -0.00700278 0.00142859 0.02241065
v -0.00693731 0.00143535 0.02242033
v -0.00702052 0.00128590 0.02258704
v -0.00698254 0.00105273 0.02281301
v -0.00705000 0.00105969 0.02279268
v -0.00710462 -0.00050273 0.02307580
v -0.00711710 -0.00029315 0.02312498
v -0.00705055 0.00003649 0.02316353
v -0.00712396 0.00003649 0.02314955
v -0.00702926 0.00057137 0.02306803
v -0.00710103 0.00057147 0.02305374
v -0.00705107 0.00105029 0.02279950
v -0.00721377 -0.00051799 0.01966399
v -0.00723772 0.00002695 0.01958674
v -0.00721585 0.00056932 0.01968021
v -0.00715329 0.00105858 0.01993448
v -0.00706361 0.00144621 0.02032737
v -0.00697012 0.00170012 0.02082047
v -0.00689712 0.00179202 0.02137320
v -0.00686528 0.00170966 0.02193354
v -0.00687907 0.00145950 0.02244168
v -0.00692236 0.00106956 0.02284435
v -0.00696707 0.00058008 0.02310562
v -0.00698736 0.00003717 0.02320339
v -0.00697002 -0.00050981 0.02312832
v -0.00692562 -0.00100971 0.02288765
v -0.00717138 -0.00053455 0.01959798
v -0.00719556 0.00002808 0.01951732
v -0.00717345 0.00058792 0.01961478
v -0.00711031 0.00109170 0.01987946
v -0.00702006 0.00148902 0.02028716
v -0.00692610 0.00174784 0.02079759
v -0.00685284 0.00184029 0.02136858
v -0.00682087 0.00175484 0.02194714
v -0.00683462 0.00149830 0.02247239
v -0.00687802 0.00109869 0.02288983
v -0.00692295 0.00059635 0.02316167
v -0.00694339 0.00003829 0.02326378
v -0.00692594 -0.00052406 0.02318545
v -0.00710810 -0.00104507 0.01984673
v -0.00715103 -0.00101350 0.01990287
v -0.00705000 0.00128605 0.02258683
v -0.00705000 0.00169627 0.02183030
v -0.00705000 -0.00107999 0.02277700
v -0.00689005 -0.00306187 0.00590249
v -0.00683478 -0.00324061 0.00578398
v -0.00660341 -0.00428239 0.00528779
v -0.00675238 -0.00335824 0.00560727
v -0.00698911 0.00347340 0.00611494
v -0.00664697 0.00433076 0.00538121
v -0.00660327 0.00388024 0.00528749
v -0.00664588 0.00320000 0.00537887
v -0.00665573 0.00320000 0.00540000
v -0.00675238 0.00315824 0.00560727
v -0.00683478 0.00304061 0.00578398
v -0.00725530 0.00259818 0.00668578
v -0.00689005 0.00286187 0.00590250
v -0.00691001 0.00265000 0.00594531
v -0.00744003 0.00173399 0.00708194
v -0.00565646 0.00510211 0.00325706
v -0.00495028 0.00574896 0.00174266
v -0.00339865 0.00320000 -0.00158482
v -0.00416931 0.00629400 0.00006785
v -0.00339865 0.00669639 -0.00158482
v -0.00339865 -0.00709876 -0.00158482
v -0.00416931 -0.00669638 0.00006785
v -0.00339865 -0.00340000 -0.00158482
v -0.00495028 -0.00615134 0.00174266
v -0.00661291 -0.00440602 0.00530817
v -0.00698273 -0.00349152 0.00610126
v -0.00691001 -0.00285000 0.00594532
v -0.00725307 -0.00260680 0.00668099
v -0.00743856 -0.00174262 0.00707879
v -0.00754998 -0.00086996 0.00731773
v -0.00616060 0.00451716 0.00433818
v -0.00665573 -0.00340000 0.00540000
v -0.00664588 -0.00340000 0.00537887
v -0.00616068 -0.00491943 0.00433836
v -0.00565646 -0.00550449 0.00325707
v -0.00758679 -0.00000430 0.00739667
v -0.00755071 0.00086138 0.00731929
v -0.00683888 -0.00285000 0.00590000
v -0.00683888 0.00265000 0.00590000
v -0.00615000 -0.00285000 0.00590000
v -0.00615000 0.00265000 0.00590000
v -0.00479026 0.00265000 0.00643333
v -0.00479026 -0.00285000 0.00643334
v -0.00508646 0.00265000 0.00620622
v -0.00519398 -0.00285000 0.00614329
v -0.00565675 -0.00285000 0.00596178
v -0.00577838 0.00265000 0.00593483
v -0.00541971 0.00265000 0.00603810
v -0.00447554 -0.00285000 0.00663095
v -0.00447554 0.00265000 0.00663095
v -0.00411039 -0.00285000 0.00670000
v -0.00411039 0.00265000 0.00670000
v -0.00258167 -0.00285000 0.00670000
v -0.00066220 0.00265000 0.00670000
v -0.00231387 -0.00291308 0.00670000
v -0.00125845 -0.00409113 0.00670000
v -0.00147404 -0.00387450 0.00670000
v -0.00066220 -0.00310000 0.00670000
v -0.00172223 -0.00369790 0.00670000
v 0.00209433 -0.00310000 0.00670000
v 0.00199167 -0.00334091 0.00670000
v 0.00194308 -0.00348168 0.00670000
v 0.00149499 -0.00525000 0.00670000
v -0.00100912 -0.00525000 0.00670000
v 0.00149499 -0.00435000 0.00670000
v -0.00100912 -0.00435000 0.00670000
v -0.00113122 -0.00421803 0.00670000
v -0.00210238 -0.00308905 0.00670000
v -0.00199167 -0.00334091 0.00670000
v -0.00189909 -0.00355121 0.00670000
v 0.00149841 -0.00434854 0.00669999
v 0.00173933 -0.00392566 0.00670000
v 0.00183338 -0.00371073 0.00670000
v -0.00025579 -0.00000000 0.00749126
v -0.00025579 -0.00310000 0.00749126
v -0.00016769 -0.00310000 0.00727224
v -0.00016769 0.00265000 0.00727224
v -0.00025579 0.00265000 0.00749126
v -0.00016732 -0.00310000 0.00713086
v -0.00016732 0.00265000 0.00713086
v -0.00025774 -0.00310000 0.00690635
v -0.00025774 0.00265000 0.00690635
v -0.00029607 0.00265000 0.00686023
v -0.00044340 -0.00310000 0.00675187
v -0.00044340 0.00265000 0.00675187
v -0.00035686 0.00290000 0.00763067
v -0.00024978 0.00277644 0.00748288
v -0.00023233 0.00289996 0.00745846
v -0.00035686 -0.00310000 0.00763067
v -0.00048687 0.00290000 0.00780645
v -0.00048687 -0.00310000 0.00780645
v -0.00260658 -0.00159110 0.01446507
v -0.00278197 -0.00159120 0.01450663
v -0.00278228 -0.00010000 0.01450677
v -0.00208736 -0.00159097 0.01504995
v -0.00207903 -0.00310000 0.01495783
v -0.00209031 -0.00159093 0.01486382
v -0.00214886 -0.00310000 0.01470867
v -0.00214978 -0.00159092 0.01470914
v -0.00233390 -0.00310000 0.01452777
v -0.00226299 -0.00159095 0.01457766
v -0.00242323 -0.00310000 0.01448847
v -0.00242433 -0.00159101 0.01448895
v -0.00258458 -0.00310000 0.01446361
v -0.00278091 -0.00310000 0.01450616
v -0.00208062 -0.00010000 0.01498455
v -0.00211844 -0.00010000 0.01515554
v -0.00211815 -0.00159101 0.01515544
v -0.00261858 -0.00010000 0.01446597
v -0.00245068 -0.00010000 0.01448132
v -0.00229804 -0.00010000 0.01455184
v -0.00217711 -0.00010000 0.01466832
v -0.00210217 -0.00010000 0.01481867
v -0.00211712 -0.00310000 0.01515506
v -0.00427852 -0.00338407 0.01243450
v -0.00367217 -0.00397436 0.01216685
v -0.00367218 -0.00310000 0.01216685
v -0.00367217 0.00391909 0.01216685
v -0.00402273 0.00361564 0.01232160
v -0.00367218 0.00290000 0.01216685
v -0.00435859 0.00325210 0.01246984
v -0.00479822 0.00261777 0.01266390
v -0.00497439 0.00228226 0.01274166
v -0.00530169 0.00136791 0.01288614
v -0.00534687 0.00117335 0.01290608
v -0.00546773 -0.00000000 0.01295942
v -0.00543129 -0.00063098 0.01294335
v -0.00533210 -0.00122234 0.01289956
v -0.00512767 -0.00191796 0.01280932
v -0.00493183 -0.00237838 0.01272288
v -0.00453049 -0.00305931 0.01254572
v -0.00320629 -0.00000000 0.01174470
v -0.00320612 0.00290000 0.01174528
v -0.00340546 0.00290000 0.01199331
v -0.00340546 -0.00310000 0.01199331
v -0.00320612 -0.00310000 0.01174528
v -0.00208034 -0.00316881 0.00990822
v -0.00204347 -0.00314512 0.00985271
v -0.00198619 0.00291995 0.00976709
v -0.00210248 -0.00318741 0.00994233
v -0.00198613 -0.00311993 0.00976700
v -0.00186192 -0.00310000 0.00958389
v -0.00192703 0.00290527 0.00967943
v -0.00185048 0.00290000 0.00956720
v -0.00186192 0.00290000 0.00958389
v -0.00188697 0.00290077 0.00962054
v -0.00320613 -0.00427221 0.01174530
v -0.00316909 -0.00424675 0.01167467
v -0.00210248 0.00298741 0.00994233
v -0.00313093 -0.00421206 0.01160886
v -0.00226192 -0.00333310 0.01018596
v -0.00316861 0.00404638 0.01167383
v -0.00320613 0.00407221 0.01174530
v -0.00212678 0.00300880 0.00997856
v -0.00312952 0.00401138 0.01160737
v -0.00185048 -0.00310000 0.00956720
v 0.00333118 -0.00340000 0.00273788
v 0.00344850 -0.00340000 0.00401345
v 0.00344850 -0.00592950 0.00401344
v 0.00343403 -0.00596131 0.00393917
v 0.00337256 -0.00605730 0.00353862
v 0.00333083 -0.00608879 0.00276424
v 0.00333695 -0.00608468 0.00255060
v 0.00338761 -0.00604779 0.00200322
v 0.00358865 -0.00340000 0.00108817
v 0.00353059 -0.00593888 0.00129261
v 0.00358865 -0.00589347 0.00108817
v 0.00263756 -0.00323167 0.00652300
v 0.00263757 -0.00310000 0.00663301
v 0.00311928 -0.00310000 0.00651382
v 0.00306798 -0.00323167 0.00641650
v 0.00299756 -0.00331949 0.00628292
v 0.00263756 -0.00331949 0.00637199
v 0.00291736 -0.00335000 0.00613077
v 0.00263757 -0.00335000 0.00620000
v -0.00354995 -0.00335000 -0.00001832
v -0.00341937 -0.00335000 -0.00095415
v -0.00660056 -0.00335000 0.00540000
v 0.00354201 -0.00335000 0.00023797
v 0.00335377 -0.00335000 0.00116392
v 0.00328118 -0.00335000 0.00273711
v 0.00292793 -0.00335000 0.00200742
v 0.00259499 -0.00335000 0.00563089
v 0.00259496 -0.00335000 0.00563588
v 0.00332078 -0.00335000 0.00597129
v 0.00259468 -0.00335000 0.00564915
v -0.00067903 -0.00335000 -0.00363716
v 0.00012821 -0.00335000 -0.00354768
v 0.00066990 -0.00335000 -0.00363885
v 0.00105954 -0.00335000 -0.00338820
v 0.00192980 -0.00335000 -0.00315688
v -0.00335334 -0.00335000 -0.00156369
v -0.00304654 -0.00335000 -0.00182238
v -0.00293883 -0.00335000 -0.00224794
v -0.00245788 -0.00335000 -0.00256151
v -0.00193771 -0.00335000 -0.00315203
v -0.00169509 -0.00335000 -0.00311916
v -0.00081221 -0.00335000 -0.00345584
v 0.00191582 -0.00335000 -0.00298867
v 0.00263637 -0.00335000 -0.00237741
v 0.00293319 -0.00335000 -0.00225530
v 0.00317014 -0.00335000 -0.00159772
v 0.00354671 -0.00335000 -0.00105397
v 0.00347932 -0.00335000 -0.00070484
v 0.00368882 -0.00335000 0.00028746
v 0.00354080 -0.00335000 0.00107366
v 0.00348503 -0.00335000 0.00490857
v 0.00348479 -0.00335000 0.00438825
v 0.00259499 -0.00335000 0.00308181
v 0.00268013 -0.00335000 0.00251941
v 0.00259336 -0.00335000 0.00568572
v 0.00258833 -0.00335000 0.00578534
v 0.00258724 -0.00335000 0.00580439
v -0.00615000 -0.00335000 0.00540000
v -0.00553344 -0.00335000 0.00547722
v -0.00342904 -0.00335000 0.00091880
v -0.00495497 -0.00335000 0.00570411
v -0.00258167 -0.00335000 0.00408124
v -0.00445033 -0.00335000 0.00606667
v -0.00429297 -0.00335000 0.00616548
v -0.00411039 -0.00335000 0.00620000
v -0.00258166 -0.00335000 0.00620000
v 0.00258552 -0.00335000 0.00583648
v 0.00258329 -0.00335000 0.00588496
v 0.00258167 -0.00335000 0.00593979
v 0.00258167 -0.00335000 0.00620000
v -0.00254383 -0.00335743 0.00408124
v -0.00253337 -0.00336340 0.00406830
v -0.00251095 -0.00337929 0.00408124
v -0.00251227 -0.00338044 0.00406265
v -0.00250178 -0.00338984 0.00408124
v -0.00249801 -0.00340000 0.00405883
v -0.00248910 -0.00341217 0.00408124
v -0.00249185 -0.00341321 0.00405718
v -0.00248333 -0.00343182 0.00408124
v -0.00248507 -0.00345000 0.00405536
v -0.00215760 -0.00400266 0.00541847
v -0.00201967 -0.00410437 0.00598470
v -0.00200038 -0.00412008 0.00597697
v -0.00197732 -0.00416430 0.00596359
v -0.00197504 -0.00418980 0.00595882
v -0.00226927 -0.00392845 0.00486077
v -0.00241901 -0.00367256 0.00430191
v -0.00230975 -0.00384486 0.00472833
v -0.00218605 -0.00397658 0.00530168
v -0.00217274 -0.00399241 0.00529411
v -0.00216345 -0.00401101 0.00528692
v -0.00198593 -0.00414051 0.00596977
v -0.00245266 -0.00358025 0.00417632
v -0.00245638 -0.00354847 0.00416904
v -0.00240744 -0.00366807 0.00439280
v -0.00232224 -0.00381686 0.00474255
v -0.00228117 -0.00387237 0.00491117
v 0.00249499 -0.00345000 0.00308182
v 0.00249499 -0.00345000 0.00563089
v 0.00250260 -0.00341173 0.00308182
v 0.00250838 -0.00340000 0.00563089
v 0.00255694 -0.00335752 0.00563089
v 0.00255672 -0.00335761 0.00308182
v 0.00254499 -0.00336340 0.00563089
v 0.00254499 -0.00336340 0.00308182
v 0.00252428 -0.00337929 0.00563089
v 0.00252428 -0.00337929 0.00308182
v 0.00250838 -0.00340000 0.00308181
v 0.00264358 -0.00335761 0.00250809
v 0.00261259 -0.00337929 0.00249849
v 0.00259188 -0.00341173 0.00249207
v 0.00258461 -0.00345000 0.00248982
v 0.00289636 -0.00335761 0.00198578
v 0.00286961 -0.00337929 0.00196744
v 0.00285173 -0.00341173 0.00195518
v 0.00284545 -0.00345000 0.00195087
v -0.00343199 -0.00345000 -0.00035211
v -0.00332305 -0.00345000 -0.00092727
v -0.00333038 -0.00341173 -0.00092932
v 0.00118825 -0.00345000 -0.00323892
v 0.00186185 -0.00345000 -0.00290448
v 0.00186596 -0.00341173 -0.00291089
v -0.00351169 -0.00335761 -0.00001812
v -0.00167682 -0.00335761 -0.00308554
v 0.00344182 -0.00335761 -0.00069724
v 0.00350383 -0.00335761 0.00023540
v 0.00347146 -0.00337929 0.00023323
v -0.00080346 -0.00335761 -0.00341858
v -0.00079603 -0.00337929 -0.00338700
v 0.00331762 -0.00335761 0.00115138
v 0.00328697 -0.00337929 0.00114074
v 0.00326649 -0.00341173 0.00113363
v 0.00012682 -0.00335761 -0.00350944
v 0.00012565 -0.00337929 -0.00347702
v 0.00012487 -0.00341173 -0.00345535
v -0.00339207 -0.00335761 0.00090890
v -0.00338074 -0.00336340 0.00090587
v -0.00347924 -0.00337929 -0.00001795
v 0.00341002 -0.00337929 -0.00069080
v 0.00338878 -0.00341173 -0.00068650
v 0.00344983 -0.00341173 0.00023178
v 0.00308764 -0.00341173 -0.00155614
v 0.00310700 -0.00337929 -0.00156590
v 0.00313597 -0.00335761 -0.00158050
v 0.00260795 -0.00335761 -0.00235178
v 0.00258385 -0.00337929 -0.00233005
v 0.00256775 -0.00341173 -0.00231553
v -0.00166133 -0.00337929 -0.00305703
v -0.00165098 -0.00341173 -0.00303798
v -0.00079108 -0.00341173 -0.00336590
v -0.00239392 -0.00341173 -0.00249484
v -0.00240893 -0.00337929 -0.00251048
v -0.00243139 -0.00335761 -0.00253389
v -0.00301370 -0.00335761 -0.00180273
v -0.00298586 -0.00337929 -0.00178608
v -0.00296726 -0.00341173 -0.00177495
v 0.00325930 -0.00345000 0.00113114
v 0.00335359 -0.00345000 0.00080991
v 0.00226359 -0.00345000 -0.00260359
v 0.00256210 -0.00345000 -0.00231044
v 0.00308084 -0.00345000 -0.00155271
v 0.00338132 -0.00345000 -0.00068499
v 0.00342218 -0.00345000 -0.00043720
v 0.00344224 -0.00345000 0.00023127
v 0.00189517 -0.00335761 -0.00295645
v 0.00187766 -0.00337929 -0.00292914
v 0.00102970 -0.00345000 -0.00329275
v 0.00103197 -0.00341173 -0.00330002
v 0.00103844 -0.00337929 -0.00332071
v 0.00104812 -0.00335761 -0.00335167
v 0.00012460 -0.00345000 -0.00344775
v -0.00004283 -0.00345000 -0.00344974
v -0.00308171 -0.00345000 -0.00155098
v -0.00296073 -0.00345000 -0.00177105
v -0.00238865 -0.00345000 -0.00248935
v -0.00164735 -0.00345000 -0.00303129
v -0.00126830 -0.00345000 -0.00320841
v -0.00078934 -0.00345000 -0.00335849
v -0.00338251 -0.00335761 -0.00094386
v -0.00335126 -0.00337929 -0.00093514
v -0.00344996 -0.00345000 -0.00001780
v -0.00345757 -0.00341173 -0.00001784
v -0.00336074 -0.00337929 0.00090051
v -0.00334539 -0.00340000 0.00089639
v -0.00333980 -0.00341173 0.00089489
v -0.00333245 -0.00345000 0.00089293
v -0.00137615 -0.00734255 0.00059684
v -0.00139088 -0.00741596 0.00073710
v 0.00148203 -0.00690941 0.00023145
v 0.00147328 -0.00698608 0.00054331
v 0.00100756 -0.00705882 0.00111122
v 0.00107893 -0.00703810 0.00104207
v 0.00120006 -0.00707696 0.00101623
v 0.00131737 -0.00696497 0.00071732
v 0.00136936 -0.00694795 0.00061225
v 0.00074999 -0.00712710 0.00129904
v 0.00074512 -0.00720442 0.00138643
v 0.00067100 -0.00714636 0.00134155
v 0.00000030 -0.00727493 0.00150000
v 0.00018602 -0.00732044 0.00156256
v -0.00029131 -0.00731128 0.00147144
v -0.00038527 -0.00739410 0.00152564
v 0.00011095 -0.00725805 0.00149589
v 0.00020015 -0.00724338 0.00148659
v 0.00059077 -0.00716523 0.00137876
v -0.00129904 -0.00734580 0.00074999
v -0.00114350 -0.00734936 0.00097078
v -0.00103914 -0.00742387 0.00118257
v -0.00084101 -0.00734738 0.00124206
v -0.00090501 -0.00742243 0.00128743
v -0.00075804 -0.00734471 0.00129436
v -0.00038469 -0.00732018 0.00144983
v -0.00145848 -0.00748873 0.00077142
v -0.00108887 -0.00749979 0.00123986
v -0.00094728 -0.00749910 0.00135040
v -0.00039685 -0.00747126 0.00160089
v 0.00020768 -0.00739369 0.00163633
v 0.00079389 -0.00726997 0.00144580
v 0.00126419 -0.00713411 0.00105472
v 0.00154307 -0.00703754 0.00056202
v -0.00253703 -0.00336051 0.00620000
v -0.00248333 -0.00343182 0.00620000
v -0.00250178 -0.00338984 0.00620000
v -0.00229818 -0.00385242 0.00620000
v -0.00194446 -0.00414580 0.00620000
v -0.00145537 -0.00435000 0.00659490
v -0.00124648 -0.00432801 0.00667347
v -0.00145974 -0.00430685 0.00660367
v -0.00163538 -0.00429666 0.00648798
v -0.00193445 -0.00415082 0.00621154
v -0.00177550 -0.00422900 0.00638423
v -0.00166512 -0.00426936 0.00647932
v -0.00164016 -0.00427647 0.00649783
v -0.00163503 -0.00433195 0.00647966
v -0.00178502 -0.00428847 0.00633075
v -0.00178486 -0.00425703 0.00633954
v -0.00188141 -0.00417823 0.00627254
v -0.00179880 -0.00421875 0.00636135
v -0.00179288 -0.00422889 0.00635401
v -0.00333244 -0.00525000 0.00089292
v -0.00197504 -0.00525000 0.00595882
v -0.00343199 -0.00525000 -0.00035210
v -0.00308171 -0.00525000 -0.00155098
v -0.00232754 -0.00525000 -0.00254658
v -0.00126830 -0.00525000 -0.00320841
v -0.00004283 -0.00525000 -0.00344973
v 0.00118825 -0.00525000 -0.00323892
v 0.00226359 -0.00525000 -0.00260358
v 0.00304225 -0.00525000 -0.00162702
v 0.00342219 -0.00525000 -0.00043720
v 0.00335359 -0.00525000 0.00080991
v 0.00284545 -0.00525000 0.00195088
v 0.00075000 -0.00525000 0.00129904
v -0.00150000 -0.00525000 0.00000000
v -0.00129904 -0.00525000 0.00075000
v -0.00075000 -0.00525000 0.00129904
v -0.00000000 -0.00525000 0.00150000
v 0.00129904 -0.00525000 0.00075000
v 0.00150000 -0.00525000 0.00000000
v 0.00129904 -0.00525000 -0.00075000
v 0.00075000 -0.00525000 -0.00129904
v 0.00000000 -0.00525000 -0.00150000
v -0.00075000 -0.00525000 -0.00129904
v -0.00129904 -0.00525000 -0.00075000
v 0.00249447 -0.00341131 0.00586530
v 0.00250983 -0.00339031 0.00580894
v 0.00249008 -0.00342744 0.00584279
v 0.00247308 -0.00348572 0.00591391
v 0.00247445 -0.00347462 0.00592423
v 0.00248047 -0.00344667 0.00591354
v 0.00247943 -0.00345179 0.00591225
v 0.00247722 -0.00346221 0.00591346
v 0.00176118 -0.00429191 0.00666581
v 0.00164748 -0.00433783 0.00668825
v 0.00236493 -0.00376441 0.00620593
v 0.00236648 -0.00375234 0.00621859
v 0.00243882 -0.00359438 0.00606503
v 0.00238617 -0.00371337 0.00620000
v 0.00219165 -0.00399737 0.00643146
v 0.00227321 -0.00389688 0.00634965
v 0.00229921 -0.00385991 0.00631952
v 0.00236901 -0.00374539 0.00622613
v 0.00216754 -0.00403777 0.00644535
v 0.00217110 -0.00404884 0.00643823
v 0.00210365 -0.00408576 0.00650326
v 0.00187415 -0.00424634 0.00662811
v 0.00184409 -0.00425765 0.00664004
v 0.00197922 -0.00421506 0.00657483
v 0.00247325 -0.00349142 0.00590880
v 0.00247399 -0.00349708 0.00590384
v 0.00236625 -0.00377730 0.00619409
v 0.00237039 -0.00379058 0.00618335
v 0.00223028 -0.00400099 0.00637789
v 0.00216559 -0.00402544 0.00645428
v 0.00248333 -0.00343182 0.00620000
v 0.00248310 -0.00343307 0.00592717
v 0.00248225 -0.00343758 0.00591932
v 0.00247756 -0.00346066 0.00591889
v 0.00248333 -0.00343182 0.00593979
v 0.00250179 -0.00338984 0.00620000
v 0.00250178 -0.00338984 0.00593979
v 0.00251771 -0.00337313 0.00593978
v 0.00253703 -0.00336051 0.00620000
v 0.00253703 -0.00336051 0.00593979
v 0.00254785 -0.00335589 0.00593978
v 0.00373867 -0.00340000 0.00029135
v 0.00359464 -0.00340000 -0.00106821
v 0.00297283 -0.00340000 -0.00228578
v 0.00195588 -0.00340000 -0.00319954
v 0.00067896 -0.00340000 -0.00368802
v -0.00068820 -0.00340000 -0.00368631
v -0.00196389 -0.00340000 -0.00319462
v -0.00297855 -0.00340000 -0.00227832
v -0.00661041 -0.00334955 0.00542113
v -0.00674579 -0.00324481 0.00570680
v -0.00667733 -0.00332290 0.00556239
v -0.00682791 -0.00300004 0.00587696
v -0.00679599 -0.00313361 0.00581178
v -0.00676773 -0.00320391 0.00575320
v -0.00615000 -0.00304134 0.00586194
v -0.00615000 -0.00331194 0.00559134
v -0.00615000 -0.00320355 0.00575355
v -0.00558063 -0.00331194 0.00566265
v -0.00504644 -0.00331194 0.00587218
v -0.00458042 -0.00331194 0.00620699
v -0.00476439 -0.00304134 0.00640542
v -0.00474472 -0.00310000 0.00638421
v -0.00512397 -0.00320355 0.00601466
v -0.00469070 -0.00320355 0.00632594
v -0.00462029 -0.00328301 0.00625000
v -0.00517578 -0.00304134 0.00610986
v -0.00562064 -0.00320355 0.00581986
v -0.00564736 -0.00304134 0.00592489
v -0.00411039 -0.00320355 0.00655355
v -0.00411039 -0.00328301 0.00645000
v -0.00438425 -0.00328301 0.00639821
v -0.00411039 -0.00331194 0.00639134
v -0.00445108 -0.00310000 0.00656859
v -0.00411039 -0.00310000 0.00663301
v -0.00411039 -0.00304134 0.00666194
v -0.00258167 -0.00331194 0.00639134
v -0.00258167 -0.00328301 0.00645000
v -0.00258167 -0.00320355 0.00655355
v -0.00258166 -0.00310000 0.00663301
v -0.00258167 -0.00304134 0.00666194
v -0.00250714 -0.00330057 0.00645000
v -0.00223750 -0.00338636 0.00663301
v -0.00244827 -0.00334954 0.00645000
v -0.00242545 -0.00313680 0.00663302
v -0.00230208 -0.00323944 0.00663301
v -0.00233933 -0.00340519 0.00655355
v -0.00241746 -0.00341964 0.00645000
v -0.00245294 -0.00342620 0.00637306
v -0.00203722 -0.00365547 0.00666909
v -0.00218129 -0.00376420 0.00655356
v -0.00227351 -0.00383380 0.00637305
v -0.00193073 -0.00411811 0.00637306
v -0.00187937 -0.00401461 0.00655355
v -0.00179915 -0.00385292 0.00666910
v -0.00157716 -0.00398579 0.00667616
v -0.00160736 -0.00421393 0.00657138
v -0.00141393 -0.00425776 0.00664491
v -0.00184822 -0.00413216 0.00644047
v -0.00178315 -0.00404217 0.00657830
v -0.00174534 -0.00416722 0.00650079
v -0.00167058 -0.00408661 0.00660785
v -0.00153532 -0.00414490 0.00664138
v -0.00131204 -0.00414857 0.00669367
v -0.00136428 -0.00420455 0.00667511
v -0.00118999 -0.00427409 0.00669315
v -0.00141186 -0.00525000 0.00661531
v -0.00178900 -0.00525000 0.00632592
v 0.00249432 -0.00345076 0.00573644
v 0.00249500 -0.00344967 0.00570000
v 0.00249499 -0.00525000 0.00570000
v 0.00184111 -0.00525000 0.00663820
v 0.00247506 -0.00349221 0.00589864
v 0.00247755 -0.00348338 0.00588596
v 0.00248290 -0.00346910 0.00585502
v 0.00249234 -0.00345297 0.00577277
v 0.00220209 -0.00525000 0.00640711
v 0.00243318 -0.00525000 0.00604612
v 0.00197712 -0.00376427 0.00667561
v 0.00179421 -0.00423111 0.00666610
v 0.00202987 -0.00405364 0.00658636
v 0.00206876 -0.00407077 0.00654723
v 0.00224576 -0.00388452 0.00642340
v 0.00220811 -0.00386762 0.00649149
v 0.00235198 -0.00369549 0.00639259
v 0.00237755 -0.00370886 0.00629811
v 0.00236448 -0.00370203 0.00635451
v 0.00194122 -0.00401460 0.00664876
v 0.00210632 -0.00382205 0.00660408
v 0.00208000 -0.00355328 0.00667553
v 0.00220352 -0.00361786 0.00660451
v 0.00225491 -0.00364474 0.00655521
v 0.00230154 -0.00366912 0.00649389
v 0.00174199 -0.00420331 0.00668495
v 0.00184172 -0.00397078 0.00668716
v 0.00244591 -0.00342490 0.00639134
v 0.00233933 -0.00340519 0.00655355
v 0.00217982 -0.00337570 0.00666194
v 0.00247167 -0.00322946 0.00655356
v 0.00258167 -0.00320355 0.00655355
v 0.00258167 -0.00331194 0.00639134
v 0.00258167 -0.00310000 0.00663301
v 0.00248279 -0.00310000 0.00664064
v 0.00237021 -0.00310000 0.00666204
v 0.00225523 -0.00320416 0.00666194
v 0.00210737 -0.00310000 0.00669989
v 0.00238480 -0.00330174 0.00655355
v 0.00247138 -0.00336694 0.00639134
v 0.00252005 -0.00332645 0.00639134
v -0.00329577 -0.00714352 -0.00178895
v -0.00318141 -0.00719077 -0.00198523
v -0.00276985 -0.00730014 -0.00252860
v -0.00226489 -0.00740095 -0.00298774
v -0.00196403 -0.00744409 -0.00319377
v -0.00041488 -0.00747306 -0.00372659
v -0.00068775 -0.00749125 -0.00368559
v -0.00105337 -0.00750000 -0.00359834
v -0.00166950 -0.00747437 -0.00335769
v 0.00022308 -0.00739116 -0.00374308
v 0.00068009 -0.00729772 -0.00368733
v 0.00203512 -0.00683608 -0.00314989
v 0.00195681 -0.00687089 -0.00319902
v 0.00146953 -0.00706413 -0.00345014
v 0.00085674 -0.00725358 -0.00365059
v 0.00336143 -0.00606542 -0.00166213
v 0.00359577 -0.00588785 -0.00106444
v 0.00372055 -0.00578722 -0.00046393
v 0.00301257 -0.00630441 -0.00223385
v 0.00297267 -0.00632994 -0.00228662
v 0.00255437 -0.00657712 -0.00274558
v 0.00374894 -0.00576370 0.00008472
v 0.00368670 -0.00581495 0.00068457
v -0.00402369 0.00150000 0.01672500
v -0.00422500 0.00150000 0.01652369
v -0.00450000 0.00150000 0.01700000
v -0.00450000 0.00150000 0.01645000
v -0.00477500 0.00150000 0.01652369
v -0.00422500 0.00150000 0.01747631
v -0.00402369 0.00150000 0.01727500
v -0.00395000 0.00150000 0.01700000
v -0.00497631 0.00150000 0.01727500
v -0.00477500 0.00150000 0.01747631
v -0.00450000 0.00150000 0.01755000
v -0.00497631 0.00150000 0.01672500
v -0.00505000 0.00150000 0.01700000
v -0.00450000 0.00130000 0.01625000
v -0.00412500 0.00130000 0.01635048
v -0.00385048 0.00130000 0.01662500
v -0.00375000 0.00130000 0.01700000
v -0.00385048 0.00130000 0.01737500
v -0.00412500 0.00130000 0.01764952
v -0.00450000 0.00130000 0.01775000
v -0.00487500 0.00130000 0.01764952
v -0.00514952 0.00130000 0.01737500
v -0.00525000 0.00130000 0.01700000
v -0.00514952 0.00130000 0.01662500
v -0.00487500 0.00130000 0.01635048
v -0.00705000 -0.00000000 0.00940000
v -0.00695484 -0.00000000 0.01085924
v -0.00695775 -0.00000000 0.01078415
v -0.00686934 -0.00000000 0.01211107
v -0.00400000 -0.00000000 0.00730000
v -0.00325000 0.00020000 0.00770096
v -0.00315000 -0.00000000 0.00752775
v -0.00270096 0.00020000 0.00825000
v -0.00252776 -0.00000000 0.00815000
v -0.00250000 0.00020000 0.00900000
v -0.00230000 0.00000000 0.00900000
v -0.00270096 0.00020000 0.00975000
v -0.00252776 -0.00000000 0.00985000
v -0.00325000 0.00020000 0.01029904
v -0.00315000 -0.00000000 0.01047224
v -0.00400000 0.00020000 0.01050000
v -0.00400000 -0.00000000 0.01070000
v -0.00475000 0.00020000 0.01029904
v -0.00485000 -0.00000000 0.01047224
v -0.00529904 0.00020000 0.00975000
v -0.00547224 -0.00000000 0.00985000
v -0.00550000 0.00020000 0.00900000
v -0.00570000 -0.00000000 0.00900000
v -0.00529904 0.00020000 0.00825000
v -0.00547224 -0.00000000 0.00815000
v -0.00475000 0.00020000 0.00770096
v -0.00485000 -0.00000000 0.00752775
v -0.00400000 0.00020000 0.00750000
v -0.00455036 0.00100000 0.00931775
v -0.00521244 0.00100000 0.00970000
v -0.00431775 0.00100000 0.00955036
v -0.00470000 0.00100000 0.01021244
v -0.00400000 0.00100000 0.00963550
v -0.00400000 0.00100000 0.01040000
v -0.00368225 0.00100000 0.00955036
v -0.00330000 0.00100000 0.01021244
v -0.00344964 0.00100000 0.00931775
v -0.00278756 0.00100000 0.00970000
v -0.00336450 0.00100000 0.00900000
v -0.00260000 0.00100000 0.00900000
v -0.00344964 0.00100000 0.00868225
v -0.00278756 0.00100000 0.00830000
v -0.00368225 0.00100000 0.00844964
v -0.00330000 0.00100000 0.00778756
v -0.00400000 0.00100000 0.00836450
v -0.00400000 0.00100000 0.00760000
v -0.00431775 0.00100000 0.00844964
v -0.00470000 0.00100000 0.00778757
v -0.00455036 0.00100000 0.00868225
v -0.00521244 0.00100000 0.00830000
v -0.00463550 0.00100000 0.00900000
v -0.00540000 0.00100000 0.00900000
v -0.00400000 0.00090000 0.00750000
v -0.00475000 0.00090000 0.00770096
v -0.00529904 0.00090000 0.00825000
v -0.00550000 0.00090000 0.00900000
v -0.00529904 0.00090000 0.00975000
v -0.00475000 0.00090000 0.01029904
v -0.00400000 0.00090000 0.01050000
v -0.00325000 0.00090000 0.01029904
v -0.00270096 0.00090000 0.00975000
v -0.00250000 0.00090000 0.00900000
v -0.00270096 0.00090000 0.00825000
v -0.00325000 0.00090000 0.00770096
v -0.00400000 -0.00200000 0.00836450
v -0.00368225 -0.00200000 0.00844964
v -0.00344964 -0.00200000 0.00868225
v -0.00336450 -0.00200000 0.00900000
v -0.00344964 -0.00200000 0.00931775
v -0.00368225 -0.00200000 0.00955036
v -0.00400000 -0.00200000 0.00963550
v -0.00431775 -0.00200000 0.00955036
v -0.00455036 -0.00200000 0.00931775
v -0.00463550 -0.00200000 0.00900000
v -0.00455036 -0.00200000 0.00868225
v -0.00431775 -0.00200000 0.00844964
v -0.00400000 -0.00238185 0.00900000
v -0.00705000 -0.00029302 0.02312529
v -0.00705000 -0.00049396 0.02265658
v -0.00705000 -0.00091878 0.02238936
v -0.00705000 -0.00121476 0.02198806
v -0.00705000 -0.00134301 0.02153791
v -0.00705000 -0.00150000 0.02066685
v -0.00705000 -0.00130017 0.02103595
v -0.00705000 -0.00147057 0.02048934
v -0.00705000 -0.00108255 0.02059318
v -0.00705000 -0.00138542 0.02033083
v -0.00705000 -0.00107999 0.02002300
v -0.00705000 -0.00071563 0.02025524
v -0.00705000 -0.00029302 0.01967471
v -0.00705000 -0.00048022 0.02013830
v -0.00705000 0.00000094 0.02005128
v -0.00705000 0.00056481 0.01974365
v -0.00705000 0.00049470 0.02014391
v -0.00705000 0.00128605 0.02021317
v -0.00705000 0.00092038 0.02041232
v -0.00705000 0.00169627 0.02096970
v -0.00705000 0.00121549 0.02081230
v -0.00705000 0.00134310 0.02126240
v -0.00705000 0.00130164 0.02175852
v -0.00705000 0.00108494 0.02220348
v -0.00705000 0.00071876 0.02254277
v -0.00705000 0.00056481 0.02305635
v -0.00705000 0.00048066 0.02266154
v -0.00705000 -0.00000168 0.02274897
v -0.00307608 0.00019778 0.02016575
v -0.00695087 0.00022579 0.02017056
v -0.00307554 -0.00000000 0.02015000
v -0.00695087 -0.00014663 0.02015863
v -0.00307626 -0.00022633 0.02017066
v -0.00307828 -0.00044465 0.02023176
v -0.00694984 -0.00123426 0.02120222
v -0.00309615 -0.00123425 0.02120222
v -0.00694984 -0.00119605 0.02103674
v -0.00309536 -0.00121319 0.02109889
v -0.00695000 -0.00044465 0.02023176
v -0.00694995 -0.00070705 0.02036919
v -0.00308742 -0.00093671 0.02057230
v -0.00694988 -0.00097950 0.02062342
v -0.00308826 -0.00097001 0.02061159
v -0.00694987 -0.00100840 0.02066133
v -0.00694983 -0.00118134 0.02099141
v -0.00694974 -0.00124999 0.02140546
v -0.00694979 -0.00124887 0.02145311
v -0.00309684 -0.00121073 0.02171085
v -0.00695047 -0.00117772 0.02181889
v -0.00309640 -0.00117918 0.02181478
v -0.00695046 -0.00116089 0.02186350
v -0.00309205 -0.00085920 0.02230790
v -0.00694975 -0.00097268 0.02218510
v -0.00694988 -0.00078841 0.02237000
v -0.00309126 -0.00078841 0.02237001
v -0.00694983 -0.00085061 0.02231595
v -0.00694972 -0.00094206 0.02222160
v -0.00694989 -0.00065800 0.02246280
v -0.00694987 -0.00061705 0.02248709
v -0.00308787 -0.00033353 0.02260468
v -0.00695043 -0.00026918 0.02262067
v -0.00308740 -0.00019778 0.02263425
v -0.00695059 -0.00022250 0.02263004
v -0.00308748 0.00022618 0.02262937
v -0.00695072 0.00014996 0.02264098
v -0.00308844 0.00044585 0.02256778
v -0.00695000 0.00044506 0.02256808
v -0.00309114 0.00077909 0.02237751
v -0.00694998 0.00070429 0.02243270
v -0.00309339 0.00097001 0.02218841
v -0.00694994 0.00097742 0.02217920
v -0.00694994 0.00100642 0.02214136
v -0.00309582 0.00114232 0.02190754
v -0.00309381 0.00116778 0.02095415
v -0.00309628 0.00123865 0.02123194
v -0.00694988 0.00124901 0.02135021
v -0.00309665 0.00124633 0.02130424
v -0.00694990 0.00118024 0.02181174
v -0.00694990 0.00119508 0.02176644
v -0.00309706 0.00123425 0.02159778
v -0.00694988 0.00123425 0.02159778
v -0.00694988 0.00125000 0.02139786
v -0.00308967 0.00102510 0.02068469
v -0.00694992 0.00094423 0.02058090
v -0.00308398 0.00078841 0.02042999
v -0.00694996 0.00085218 0.02048551
v -0.00694988 0.00117883 0.02098423
v -0.00694988 0.00116212 0.02093959
v -0.00694992 0.00097475 0.02061747
v -0.00695001 0.00078841 0.02043000
v -0.00695002 0.00066081 0.02033895
v -0.00308076 0.00061814 0.02031354
v -0.00694998 0.00061994 0.02031456
v -0.00695071 0.00027243 0.02018005
v 0.00330493 -0.00334715 0.00603114
v 0.00315826 -0.00310000 0.00649396
v 0.00327853 -0.00333125 0.00612540
v 0.00323769 -0.00328325 0.00626017
v 0.00285177 -0.00310000 0.00720585
v -0.00258458 -0.00430000 0.01446361
v -0.00278091 -0.00430000 0.01450616
v -0.00211712 -0.00311714 0.01515507
v -0.00233390 -0.00430000 0.01452777
v -0.00214886 -0.00430000 0.01470867
v -0.00207903 -0.00430000 0.01495783
v -0.00211712 -0.00430000 0.01515506
v -0.00359583 -0.00413752 0.01212919
v -0.00338463 -0.00430000 0.01197452
v -0.00340368 -0.00430000 0.01199228
v -0.00352041 -0.00429969 0.01208336
v -0.00516022 -0.00430000 0.01166729
v -0.00520116 -0.00429950 0.01143091
v -0.00521883 -0.00430000 0.01257403
v -0.00504341 -0.00430000 0.01187670
v 0.00122059 -0.00430000 0.00965118
v 0.00046161 -0.00430010 0.01062619
v -0.00044856 -0.00430009 0.01199414
v -0.00046757 -0.00430007 0.01202483
v -0.00191436 -0.00430004 0.01469118
v -0.00146434 -0.00430001 0.01377129
v -0.00126056 -0.00430000 0.01338863
v -0.00527574 -0.00430000 0.01631858
v -0.00520177 -0.00430000 0.01599503
v -0.00528324 -0.00430000 0.01510569
v -0.00503126 -0.00430000 0.01571259
v -0.00527143 -0.00430000 0.01448230
v -0.00472448 -0.00430000 0.01542458
v -0.00526592 -0.00430000 0.01426367
v -0.00373154 -0.00430000 0.01214503
v -0.00423310 -0.00430000 0.01514717
v -0.00398176 -0.00430000 0.01219341
v -0.00420220 -0.00430000 0.01220986
v -0.00425820 -0.00430000 0.01220955
v -0.00462817 -0.00430000 0.01215111
v -0.00526405 -0.00430000 0.01419385
v -0.00486587 -0.00430000 0.01203855
v -0.00685617 -0.00040805 0.01210573
v -0.00682865 -0.00072572 0.01209405
v -0.00668318 -0.00073173 0.01254617
v -0.00678773 -0.00000001 0.01244174
v -0.00672443 -0.00000001 0.01256362
v -0.00634898 -0.00071126 0.01288246
v -0.00638921 -0.00000003 0.01289980
v -0.00658993 -0.00000002 0.01273912
v -0.00578717 -0.00133153 0.01297709
v -0.00593550 -0.00000002 0.01304228
v -0.00596858 -0.00000002 0.01303962
v -0.00623105 -0.00141621 0.01283121
v -0.00630863 -0.00000003 0.01294354
v -0.00561714 -0.00000000 0.01301149
v -0.00462500 -0.00369169 0.01246898
v -0.00498413 -0.00393303 0.01229821
v -0.00681610 -0.00083145 0.01208869
v -0.00656205 -0.00145688 0.01249412
v -0.00603515 -0.00210299 0.01274632
v -0.00534763 -0.00259296 0.01278432
v -0.00544283 -0.00403284 0.01152460
v -0.00527712 -0.00405476 0.01195861
v -0.00579894 -0.00356683 0.01166603
v -0.00571628 -0.00347566 0.01213788
v -0.00605260 -0.00316109 0.01176888
v -0.00607846 -0.00284109 0.01228871
v -0.00647011 -0.00225936 0.01194208
v -0.00636059 -0.00216391 0.01240807
v -0.00651014 -0.00214713 0.01195891
v -0.00660706 -0.00184235 0.01199980
v -0.00540961 -0.00337413 0.01247802
v -0.00576105 -0.00275987 0.01262819
v -0.00595626 -0.00009998 0.01590779
v -0.00585418 -0.00125186 0.01586274
v -0.00555976 -0.00241635 0.01573277
v -0.00503832 -0.00348073 0.01550260
v -0.00467345 -0.00393663 0.01534155
v -0.00630021 -0.00135291 0.01625956
v -0.00610755 -0.00130478 0.01602654
v -0.00579930 -0.00252576 0.01589104
v -0.00651553 -0.00010000 0.01655523
v -0.00641296 -0.00139160 0.01654126
v -0.00655005 -0.00009511 0.01688910
v -0.00643623 -0.00141696 0.01683811
v -0.00547007 -0.00396074 0.01614960
v -0.00546153 -0.00404281 0.01644619
v -0.00609574 -0.00275644 0.01669305
v -0.00527554 -0.00430056 0.01638049
v -0.00614060 -0.00010000 0.01601467
v -0.00524755 -0.00366425 0.01565030
v -0.00485407 -0.00417061 0.01548071
v -0.00637249 -0.00010000 0.01625152
v -0.00597902 -0.00262515 0.01611942
v -0.00539686 -0.00382994 0.01587277
v -0.00608066 -0.00270472 0.01639787
v 0.00150528 -0.00424704 0.00931692
v 0.00156155 -0.00421213 0.00924159
v 0.00144264 -0.00427305 0.00940000
v 0.00133090 -0.00429317 0.00952426
v 0.00260341 -0.00327992 0.00767186
v 0.00268353 -0.00318787 0.00752833
v 0.00215802 -0.00372392 0.00839385
v 0.00272012 -0.00531896 0.00746081
v 0.00283436 -0.00310091 0.00724082
v 0.00280623 -0.00310613 0.00729642
v 0.00276380 -0.00312271 0.00737849
v 0.00260254 -0.00533150 0.00767332
v 0.00324203 -0.00533233 0.00624608
v 0.00306641 -0.00530527 0.00673171
v 0.00330253 -0.00535468 0.00603924
v 0.00344078 -0.00547332 0.00536991
v 0.00348538 -0.00559687 0.00490738
v 0.00349121 -0.00564893 0.00474254
v 0.00345432 -0.00591130 0.00405626
v 0.00210510 -0.00539303 0.00847386
v 0.00144264 -0.00545773 0.00940000
v -0.00150501 -0.00525000 0.00325000
v -0.00150501 -0.00525000 0.00355000
v -0.00150501 -0.00465000 0.00325000
v -0.00150501 -0.00465000 0.00355000
v -0.00100501 -0.00415000 0.00355000
v -0.00100501 -0.00415000 0.00325000
v -0.00119635 -0.00418806 0.00325000
v -0.00119635 -0.00418806 0.00355000
v -0.00135857 -0.00429645 0.00325000
v -0.00135857 -0.00429645 0.00355000
v -0.00146695 -0.00445866 0.00325000
v -0.00146695 -0.00445866 0.00355000
v 0.00251797 -0.00337411 0.00589161
v 0.00253999 -0.00336424 0.00579122
v 0.00257816 -0.00335075 0.00578543
v 0.00252256 -0.00337665 0.00579923
v 0.00252134 -0.00338164 0.00573824
v 0.00249583 -0.00342547 0.00577714
v 0.00250090 -0.00340941 0.00578500
v 0.00249499 -0.00344982 0.00566544
v 0.00248710 -0.00344290 0.00583636
v -0.00609051 0.00036204 0.02362060
v -0.00306736 0.00036161 0.02362075
v -0.00607984 0.00052014 0.02358905
v -0.00307058 0.00083722 0.02348843
v -0.00583477 0.00217966 0.02195820
v -0.00584752 0.00200932 0.02241248
v -0.00308924 0.00196359 0.02249856
v -0.00308463 0.00177136 0.02278736
v -0.00586601 0.00189578 0.02261183
v -0.00588909 0.00177117 0.02278760
v -0.00308197 0.00164578 0.02293424
v -0.00592523 0.00158434 0.02299762
v -0.00307568 0.00127077 0.02325678
v -0.00595555 0.00142448 0.02314165
v -0.00307232 0.00100578 0.02341268
v -0.00602501 0.00100741 0.02341187
v -0.00605551 0.00077201 0.02351341
v -0.00309299 0.00219504 0.02090573
v -0.00594325 0.00219708 0.02091487
v -0.00589721 0.00224074 0.02119604
v -0.00309456 0.00215450 0.02204856
v -0.00309570 0.00219504 0.02189425
v -0.00584620 0.00223275 0.02167809
v -0.00309691 0.00224491 0.02155120
v -0.00309454 0.00222085 0.02103899
v -0.00610009 0.00190994 0.02021062
v -0.00604125 0.00203930 0.02044935
v -0.00307269 0.00181982 0.02007684
v -0.00308654 0.00208055 0.02054337
v -0.00305526 0.00144392 0.01967443
v -0.00620623 0.00160021 0.01981829
v -0.00615233 0.00177150 0.02001281
v -0.00302419 0.00036161 0.01917925
v -0.00640028 0.00036161 0.01917924
v -0.00302621 0.00050632 0.01920771
v -0.00639044 0.00052382 0.01921182
v -0.00303819 0.00100491 0.01938688
v -0.00633883 0.00098296 0.01937607
v -0.00629811 0.00121706 0.01950757
v -0.00300069 -0.00003848 0.01888915
v -0.00297653 -0.00010000 0.01863640
v -0.00643540 -0.00010000 0.01863640
v -0.00641906 -0.00004576 0.01887457
v -0.00640674 0.00010645 0.01906590
v -0.00301645 0.00012155 0.01907756
v -0.00487500 0.00010000 0.01635048
v -0.00514952 0.00010000 0.01662500
v -0.00525000 0.00010000 0.01700000
v -0.00514952 0.00010000 0.01737500
v -0.00487500 0.00010000 0.01764952
v -0.00450000 0.00010000 0.01775000
v -0.00412500 0.00010000 0.01764951
v -0.00385048 0.00010000 0.01737500
v -0.00375000 0.00010000 0.01700000
v -0.00385048 0.00010000 0.01662500
v -0.00412500 0.00010000 0.01635048
v -0.00450000 0.00010000 0.01625000
v -0.00545000 -0.00010000 0.01700000
v -0.00532273 -0.00010000 0.01747500
v -0.00497500 -0.00010000 0.01782273
v -0.00450000 -0.00010000 0.01795000
v -0.00402500 -0.00010000 0.01782273
v -0.00532272 -0.00010000 0.01652500
v -0.00497500 -0.00010000 0.01617727
v -0.00367728 -0.00010000 0.01747500
v -0.00283945 -0.00010000 0.01762944
v -0.00355000 -0.00010000 0.01700000
v -0.00266019 -0.00010000 0.01677959
v -0.00367728 -0.00010000 0.01652500
v -0.00402500 -0.00010000 0.01617727
v -0.00450000 -0.00010000 0.01605000
v -0.00305497 -0.00010000 0.02416360
v -0.00517128 -0.00010000 0.02416360
v -0.00305213 -0.00010000 0.02429521
v -0.00516635 -0.00010000 0.02440000
v -0.00305000 -0.00010000 0.02440000
v -0.00609456 0.00013856 0.02371027
v -0.00609348 0.00010095 0.02373856
v -0.00515562 0.00012621 0.02371901
v -0.00609511 0.00018239 0.02368310
v -0.00306532 0.00013857 0.02371027
v -0.00306504 0.00012150 0.02372248
v -0.00517180 -0.00002902 0.02389333
v -0.00306073 -0.00003795 0.02390982
v -0.00609409 0.00027246 0.02364305
v -0.00517199 -0.00009871 0.02412591
v -0.00517251 -0.00004549 0.02392487
v -0.00456198 -0.00369300 0.02370665
v -0.00502814 -0.00317645 0.02371635
v -0.00442146 -0.00419750 0.02187185
v -0.00542103 -0.00258579 0.02372450
v -0.00555394 -0.00337212 0.01980193
v -0.00506277 -0.00408978 0.01963791
v -0.00578029 -0.00369112 0.00940000
v 0.00137331 -0.00548886 0.00940000
v 0.00068979 -0.00553625 0.01031713
v -0.00283990 -0.00535697 0.01763803
v -0.00292064 -0.00529003 0.01816732
v -0.00314412 -0.00541803 0.01719577
v -0.00308060 -0.00467966 0.02298078
v -0.00333465 -0.00453627 0.02347480
v -0.00377467 -0.00458402 0.02188208
v -0.00342782 -0.00447187 0.02367252
v -0.00216795 -0.00558369 0.01528277
v -0.00229778 -0.00556138 0.01561771
v -0.00260362 -0.00563565 0.01531282
v -0.00240203 -0.00553890 0.01591018
v -0.00272343 -0.00542669 0.01705016
v -0.00181735 -0.00573935 0.01355927
v -0.00116320 -0.00563977 0.01321353
v -0.00183476 -0.00562033 0.01452183
v -0.00198247 -0.00560722 0.01484482
v -0.00046618 -0.00561892 0.01202479
v -0.00152695 -0.00584689 0.01196983
v -0.00025499 -0.00560754 0.01168889
v -0.00070062 -0.00588337 0.01051502
v 0.00000125 -0.00574550 0.01046434
v 0.00133801 -0.00550431 0.00940000
v -0.00212887 -0.00586988 0.01063077
v -0.00158946 -0.00597570 0.00940000
v -0.00014760 -0.00593175 0.00940000
v -0.00395859 -0.00529494 0.01233860
v -0.00326772 -0.00557510 0.00940000
v -0.00237680 -0.00585146 0.00940000
v -0.00450528 -0.00494316 0.01243807
v -0.00500941 -0.00451479 0.01253536
v -0.00386928 -0.00529638 0.00940000
v -0.00464945 -0.00480041 0.00940000
v -0.00616652 -0.00313388 0.00940000
v -0.00658141 -0.00232454 0.00940000
v -0.00681068 -0.00167765 0.00940000
v -0.00699697 -0.00079594 0.00940000
v -0.00486040 -0.00472692 0.01415140
v -0.00557375 -0.00373009 0.01783016
v -0.00531025 -0.00413703 0.01770860
v -0.00514940 -0.00446356 0.01589643
v -0.00620724 -0.00143695 0.02005199
v -0.00620992 -0.00143041 0.02003238
v -0.00617572 -0.00157858 0.02010424
v -0.00626944 -0.00124458 0.01964910
v -0.00627893 -0.00174765 0.01825522
v -0.00625290 -0.00130325 0.01974913
v -0.00624823 -0.00131893 0.01977812
v -0.00637095 -0.00065413 0.01917221
v -0.00640558 -0.00009360 0.01906561
v -0.00640725 0.00001447 0.01906300
v -0.00632345 -0.00101676 0.01933323
v -0.00628944 -0.00116710 0.01953191
v -0.00616655 -0.00149999 0.02041699
v -0.00616950 -0.00149919 0.02038200
v -0.00619443 -0.00146503 0.02014988
v -0.00608948 -0.00150000 0.02134998
v -0.00615998 -0.00150000 0.02049861
v -0.00616614 -0.00150000 0.02042199
v -0.00574312 -0.00190093 0.02373106
v -0.00599509 -0.00148023 0.02249002
v -0.00592615 -0.00252119 0.01996668
v -0.00600823 -0.00150000 0.02228602
v -0.00600039 -0.00125585 0.02304902
v -0.00599590 -0.00131261 0.02294790
v -0.00596340 -0.00117097 0.02373561
v -0.00599263 -0.00136441 0.02284299
v -0.00599100 -0.00143516 0.02266354
v -0.00610006 0.00003793 0.02366318
v -0.00609867 -0.00009006 0.02366123
v -0.00607848 -0.00040585 0.02373814
v -0.00607117 -0.00060971 0.02356124
v -0.00601874 -0.00105406 0.02334526
v -0.00446422 -0.00463892 0.01950255
v -0.00343317 -0.00446931 0.02368237
v -0.00403746 -0.00412100 0.02369572
v -0.00434009 -0.00389073 0.02370203
v -0.00461672 -0.00496798 0.01490253
v -0.00479019 -0.00483001 0.01577307
v -0.00501498 -0.00449617 0.01758990
v -0.00599700 -0.00279601 0.01806387
v -0.00369924 -0.00518773 0.01827439
v -0.00396154 -0.00523841 0.01729562
v -0.00356256 -0.00536142 0.01723308
v -0.00353997 -0.00553219 0.01544920
v -0.00307916 -0.00562161 0.01537032
v -0.00290209 -0.00572319 0.01371650
v -0.00236289 -0.00577242 0.01363008
v -0.00215342 -0.00584236 0.01205258
v -0.00141472 -0.00592567 0.01057099
v -0.00303940 -0.00512261 0.01943043
v -0.00377146 -0.00499092 0.01942378
v -0.00306952 -0.00503989 0.02004799
v -0.00309518 -0.00486904 0.02135634
v -0.00516318 -0.00436827 0.00940000
v -0.00441340 -0.00508953 0.01403595
v -0.00393378 -0.00537889 0.01392276
v -0.00337836 -0.00556417 0.01223951
v -0.00173141 -0.00596118 0.00940000
v -0.00277363 -0.00574756 0.01214332
v -0.00342789 -0.00559121 0.01381517
v -0.00398148 -0.00536828 0.01554535
v -0.00439955 -0.00513297 0.01565468
v -0.00433824 -0.00505087 0.01737893
v -0.00469018 -0.00480216 0.01747851
v -0.00602908 0.00202419 0.02061905
v -0.00592626 0.00212171 0.02131744
v -0.00616230 0.00173464 0.01999770
v -0.00588621 0.00201726 0.02202648
v -0.00591651 0.00171945 0.02267403
v -0.00599119 0.00125927 0.02319350
v -0.00603169 0.00098169 0.02338925
v -0.00606597 0.00068091 0.02353480
v -0.00596674 0.00187734 0.02198288
v -0.00600501 0.00197146 0.02132799
v -0.00612556 0.00185244 0.02134274
v -0.00640637 -0.00059171 0.01938008
v -0.00648350 -0.00136397 0.02022276
v -0.00650897 -0.00137568 0.02025877
v -0.00661830 -0.00101398 0.01992357
v -0.00662579 -0.00139414 0.02033533
v -0.00669712 -0.00138542 0.02033083
v -0.00656306 -0.00139047 0.02031025
v -0.00682193 -0.00101747 0.01997647
v -0.00632112 -0.00113307 0.01963117
v -0.00632564 -0.00114120 0.01966156
v -0.00633601 -0.00118413 0.01975646
v -0.00644412 -0.00105696 0.01981349
v -0.00638644 -0.00127757 0.01998855
v -0.00643821 0.00001324 0.01928454
v -0.00641213 0.00061702 0.01938621
v -0.00633431 0.00116054 0.01967333
v -0.00615190 0.00003472 0.02346403
v -0.00612330 0.00062408 0.02335197
v -0.00612729 -0.00055810 0.02337497
v -0.00606355 -0.00110438 0.02309242
v -0.00605467 -0.00117433 0.02303483
v -0.00618521 -0.00103539 0.02296511
v -0.00612428 -0.00126586 0.02280373
v -0.00653304 -0.00100078 0.02283533
v -0.00644574 -0.00138542 0.02246917
v -0.00634829 -0.00099968 0.02287607
v -0.00642252 -0.00138740 0.02246741
v -0.00625510 -0.00135654 0.02256588
v -0.00625888 -0.00135819 0.02256130
v -0.00635263 -0.00138456 0.02248359
v -0.00622159 0.00159067 0.02011799
v -0.00652330 -0.00054639 0.01956043
v -0.00634144 0.00148068 0.02022857
v -0.00645280 0.00107418 0.01982444
v -0.00652906 0.00056850 0.01956621
v -0.00655442 0.00001162 0.01947535
v -0.00637774 0.00167796 0.02080387
v -0.00622077 0.00175090 0.02074849
v -0.00610032 0.00187070 0.02068459
v -0.00624864 -0.00052176 0.02321885
v -0.00627302 0.00003228 0.02329795
v -0.00624475 0.00058342 0.02319860
v -0.00618056 0.00108952 0.02292568
v -0.00650702 0.00141889 0.02031533
v -0.00662705 0.00102946 0.01993420
v -0.00670971 0.00054459 0.01968997
v -0.00673739 0.00000994 0.01960390
v -0.00670371 -0.00052539 0.01968447
v -0.00641944 -0.00050556 0.02311385
v -0.00644698 0.00003099 0.02318830
v -0.00641475 0.00056438 0.02309506
v -0.00634259 0.00105093 0.02283943
v -0.00626880 0.00144332 0.02243809
v -0.00691797 -0.00053123 0.01973318
v -0.00694338 -0.00029366 0.01967467
v -0.00695607 0.00000898 0.01964977
v -0.00692435 0.00054936 0.01973840
v -0.00683080 0.00103304 0.01998715
v -0.00674933 0.00128695 0.02021368
v -0.00669651 0.00141323 0.02036758
v -0.00655357 0.00165981 0.02084490
v -0.00652291 0.00169610 0.02096884
v -0.00627676 0.00177612 0.02136036
v -0.00608756 0.00176678 0.02194845
v -0.00599302 0.00159589 0.02257767
v -0.00644366 0.00174983 0.02137926
v -0.00623783 0.00169590 0.02192644
v -0.00611439 0.00150062 0.02249627
v -0.00605885 0.00116179 0.02304848
v -0.00640315 0.00167130 0.02191886
v -0.00644021 0.00142980 0.02240882
v -0.00647271 0.00128554 0.02258704
v -0.00652561 0.00105061 0.02279944
v -0.00661030 0.00056962 0.02305458
v -0.00664890 0.00003142 0.02314989
v -0.00663786 -0.00029353 0.02312523
v -0.00661633 -0.00051108 0.02307346
v -0.00669712 -0.00150000 0.02066686
v -0.00669712 -0.00147057 0.02048935
v -0.00640626 -0.00150000 0.02060060
v -0.00638984 -0.00146590 0.02036726
v -0.00629866 -0.00136076 0.01999039
v -0.00633946 -0.00131355 0.01996699
v -0.00628770 -0.00121037 0.01963894
v -0.00644316 -0.00142427 0.02029747
v -0.00644574 -0.00150000 0.02213315
v -0.00621482 -0.00150000 0.02217404
v -0.00616352 -0.00146297 0.02242014
v -0.00644574 -0.00147057 0.02231066
v -0.00605327 -0.00136367 0.02275178
v -0.00621237 -0.00141787 0.02249654
v 0.00201711 -0.00415000 0.00325000
v 0.00201711 -0.00525000 0.00325000
v 0.00242800 -0.00415000 0.00380000
v 0.00249499 -0.00415000 0.00405000
v 0.00249499 -0.00415000 0.00308182
v 0.00234854 -0.00415000 0.00369644
v 0.00224765 -0.00415000 0.00319368
v 0.00242626 -0.00415000 0.00303740
v 0.00251268 -0.00415000 0.00281636
v 0.00199499 -0.00415000 0.00355000
v 0.00224499 -0.00415000 0.00361699
v 0.00199499 -0.00525000 0.00355000
v 0.00251268 -0.00525000 0.00281636
v 0.00258461 -0.00525000 0.00248982
v 0.00234854 -0.00525000 0.00369645
v 0.00218633 -0.00525000 0.00358806
v 0.00245693 -0.00525000 0.00385866
v 0.00249499 -0.00525000 0.00405000
v 0.00224765 -0.00525000 0.00319368
v 0.00242626 -0.00525000 0.00303740
v -0.00488536 0.00000000 0.00746652
v -0.00553348 -0.00000000 0.00811464
v -0.00577071 -0.00000000 0.00900000
v -0.00553348 -0.00000000 0.00988535
v -0.00488535 -0.00000000 0.01053348
v -0.00400000 0.00000000 0.01077071
v -0.00311465 0.00000000 0.01053348
v -0.00246652 -0.00000000 0.00988535
v -0.00222929 0.00000000 0.00900000
v -0.00246652 -0.00000000 0.00811465
v -0.00311464 -0.00000000 0.00746652
v -0.00400000 0.00000000 0.00722929
v -0.00306664 0.00176329 0.01992325
v -0.00306899 0.00180955 0.01998025
v -0.00614705 0.00180963 0.01998041
v -0.00602516 0.00097846 0.02348149
v -0.00307592 0.00138940 0.02323293
v -0.00306988 0.00091896 0.02350865
v -0.00605705 0.00072491 0.02358277
v -0.00306635 0.00040351 0.02366432
v -0.00608447 0.00040351 0.02366433
v -0.00595374 0.00140607 0.02322015
v -0.00592048 0.00157718 0.02307407
v -0.00308302 0.00176362 0.02287635
v -0.00587365 0.00180935 0.02281994
v -0.00585526 0.00190287 0.02269193
v -0.00309021 0.00205527 0.02243287
v -0.00583345 0.00202390 0.02249263
v -0.00309547 0.00223815 0.02193028
v -0.00581371 0.00220952 0.02203877
v -0.00581550 0.00224369 0.02190582
v -0.00309676 0.00230000 0.02139872
v -0.00582167 0.00227289 0.02175211
v -0.00309256 0.00223884 0.02087247
v -0.00586826 0.00229612 0.02126644
v -0.00591589 0.00225854 0.02096526
v -0.00308212 0.00205574 0.02036800
v -0.00601483 0.00211325 0.02049217
v -0.00307126 0.00185333 0.02003778
v -0.00607241 0.00199708 0.02025910
v -0.00618360 0.00169963 0.01985040
v -0.00623372 0.00152347 0.01967691
v -0.00304868 0.00137745 0.01955780
v -0.00631958 0.00111484 0.01938825
v -0.00303206 0.00091692 0.01929055
v -0.00635379 0.00087917 0.01927466
v -0.00302092 0.00040351 0.01913567
v -0.00639499 0.00040350 0.01913567
v -0.00307817 0.00462084 0.02317939
v -0.00327904 0.00453213 0.02349208
v -0.00307157 0.00455443 0.02341516
v -0.00317219 0.00450822 0.02356938
v -0.00306641 0.00448204 0.02364722
v -0.00400000 0.00105000 0.00985000
v -0.00400000 0.00240000 0.00985000
v -0.00357500 0.00105000 0.00973612
v -0.00357500 0.00240000 0.00973612
v -0.00326388 0.00105000 0.00942500
v -0.00326388 0.00240000 0.00942500
v -0.00315000 0.00105000 0.00900000
v -0.00315000 0.00240000 0.00900000
v -0.00326388 0.00105000 0.00857500
v -0.00326388 0.00240000 0.00857500
v -0.00357500 0.00105000 0.00826387
v -0.00357500 0.00240000 0.00826388
v -0.00400000 0.00105000 0.00815000
v -0.00400000 0.00240000 0.00815000
v -0.00442500 0.00105000 0.00826388
v -0.00442500 0.00240000 0.00826388
v -0.00473612 0.00105000 0.00857500
v -0.00473612 0.00240000 0.00857500
v -0.00485000 0.00105000 0.00900000
v -0.00485000 0.00240000 0.00900000
v -0.00473612 0.00105000 0.00942500
v -0.00473612 0.00240000 0.00942500
v -0.00442500 0.00105000 0.00973612
v -0.00442500 0.00240000 0.00973612
v -0.00640802 0.00016420 0.01902979
v -0.00301255 0.00016315 0.01902898
v -0.00642052 0.00001233 0.01884853
v -0.00299709 0.00001259 0.01884901
v -0.00643690 -0.00005000 0.01859421
v -0.00297215 -0.00005000 0.01859420
v -0.00215161 -0.00005000 0.01470673
v -0.00218059 0.00142496 0.01466279
v -0.00209999 0.00142495 0.01482419
v -0.00276249 -0.00005000 0.01449855
v -0.00278229 -0.00005000 0.01450677
v -0.00278182 0.00142520 0.01450656
v -0.00276202 0.00142519 0.01449834
v -0.00258612 0.00142510 0.01446432
v -0.00254239 -0.00005000 0.01446585
v -0.00240594 0.00142503 0.01449529
v -0.00240644 -0.00005000 0.01449549
v -0.00224863 0.00142497 0.01458964
v -0.00231521 -0.00005000 0.01454058
v -0.00210048 -0.00005000 0.01482433
v -0.00208019 0.00142498 0.01498543
v -0.00208238 -0.00005000 0.01491922
v -0.00211801 0.00142503 0.01515541
v -0.00211845 -0.00005000 0.01515554
v -0.00211726 0.00290000 0.01515521
v -0.00211401 0.00290000 0.01514739
v -0.00208036 0.00290000 0.01500046
v -0.00211194 0.00290000 0.01478508
v -0.00223206 0.00290000 0.01460354
v -0.00278096 0.00290000 0.01450618
v -0.00263433 0.00290000 0.01446665
v -0.00241793 0.00290000 0.01449023
v 0.00340655 0.00601391 0.00378165
v 0.00337256 0.00605731 0.00353862
v 0.00243499 0.00664115 0.00353862
v 0.00345432 0.00591131 0.00405626
v 0.00345150 0.00592043 0.00403507
v 0.00240332 0.00658080 0.00405626
v 0.00344850 0.00592950 0.00401346
v 0.00053723 0.00726038 0.00405626
v 0.00009783 0.00739488 0.00379555
v 0.00005812 0.00734877 0.00405626
v -0.00006154 0.00736582 0.00405626
v 0.00194270 0.00680266 0.00405625
v 0.00151640 0.00704724 0.00353862
v 0.00149308 0.00698320 0.00405625
v 0.00055179 0.00732695 0.00353862
v 0.00014515 0.00740416 0.00353862
v 0.00142894 0.00315000 -0.00082500
v 0.00356162 0.00315000 -0.00100244
v 0.00165000 0.00315000 -0.00000000
v 0.00368350 0.00315000 0.00034901
v 0.00142894 0.00315000 0.00082500
v 0.00000000 0.00315000 -0.00165000
v 0.00069863 0.00315000 -0.00363345
v 0.00082500 0.00315000 -0.00142894
v 0.00196158 0.00315000 -0.00313723
v 0.00296070 0.00315000 -0.00221906
v -0.00411039 0.00315000 0.00620000
v -0.00082500 0.00315000 0.00142894
v 0.00263756 0.00315000 0.00620000
v 0.00000000 0.00315000 0.00165000
v 0.00291736 0.00315000 0.00613077
v 0.00082500 0.00315000 0.00142894
v 0.00348480 0.00315000 0.00438825
v 0.00348503 0.00315000 0.00490857
v 0.00332078 0.00315000 0.00597129
v -0.00429296 0.00315000 0.00616547
v -0.00445033 0.00315000 0.00606666
v -0.00142894 0.00315000 0.00082500
v -0.00482058 0.00315000 0.00578278
v -0.00523713 0.00315000 0.00557263
v -0.00568548 0.00315000 0.00544354
v 0.00354080 0.00315000 0.00107366
v 0.00328699 0.00315000 0.00254868
v 0.00343492 0.00315000 0.00418750
v -0.00615000 0.00315000 0.00540000
v -0.00660056 0.00315000 0.00540000
v -0.00165000 0.00315000 0.00000000
v -0.00335334 0.00315000 -0.00156369
v -0.00142894 0.00315000 -0.00082500
v -0.00293591 0.00315000 -0.00225176
v -0.00082500 0.00315000 -0.00142894
v -0.00192667 0.00315000 -0.00315879
v -0.00065829 0.00315000 -0.00364097
v 0.00358865 0.00320000 0.00108817
v 0.00333693 0.00320000 0.00255100
v 0.00344850 0.00320000 0.00401345
v 0.00344850 0.00581910 0.00401346
v 0.00358864 0.00589347 0.00108817
v 0.00353486 0.00593541 0.00127665
v 0.00339077 0.00604397 0.00198423
v 0.00333082 0.00608756 0.00276641
v -0.00661041 0.00314955 0.00542113
v -0.00682169 0.00283334 0.00586486
v -0.00677311 0.00299231 0.00576446
v -0.00669896 0.00310347 0.00560921
v -0.00051965 0.00271669 0.00671513
v -0.00039589 0.00271159 0.00677125
v -0.00013967 0.00286377 0.00720593
v -0.00015773 0.00275739 0.00722928
v -0.00015147 0.00282500 0.00707795
v -0.00016730 0.00273719 0.00709519
v -0.00019742 0.00279576 0.00695512
v -0.00021265 0.00272211 0.00696775
v -0.00027447 0.00277844 0.00684693
v -0.00049765 0.00278291 0.00670212
v -0.00037726 0.00277422 0.00676088
v -0.00046223 0.00284772 0.00668024
v -0.00034665 0.00283800 0.00674234
v -0.00024729 0.00284587 0.00682802
v -0.00017167 0.00287149 0.00693225
v -0.00063703 0.00278131 0.00668240
v -0.00056719 0.00290000 0.00663301
v -0.00036923 0.00289998 0.00667699
v -0.00022167 0.00290000 0.00680139
v -0.00015259 0.00289992 0.00694151
v -0.00013489 0.00289990 0.00701540
v -0.00012858 0.00290002 0.00717504
v -0.00021516 0.00290002 0.00743285
v -0.00615000 0.00290000 0.00583301
v -0.00615000 0.00300355 0.00575356
v -0.00615000 0.00308301 0.00565000
v -0.00476439 0.00284134 0.00640542
v -0.00469070 0.00300355 0.00632594
v -0.00474472 0.00290000 0.00638421
v -0.00505084 0.00290000 0.00614949
v -0.00462030 0.00308301 0.00625000
v -0.00495352 0.00308301 0.00599450
v -0.00532841 0.00308301 0.00580536
v -0.00573193 0.00308301 0.00568918
v -0.00539524 0.00290000 0.00597574
v -0.00576593 0.00290000 0.00586901
v -0.00411039 0.00311194 0.00639134
v -0.00436284 0.00311194 0.00634360
v -0.00442207 0.00300355 0.00649462
v -0.00446164 0.00284134 0.00659552
v -0.00411039 0.00300355 0.00655356
v -0.00411039 0.00284134 0.00666194
v 0.00263756 0.00290000 0.00663301
v 0.00263756 0.00300355 0.00655355
v 0.00263756 0.00303167 0.00652300
v 0.00263756 0.00311949 0.00637200
v 0.00311928 0.00290000 0.00651382
v 0.00306798 0.00303167 0.00641649
v 0.00303394 0.00308301 0.00635192
v -0.00297558 0.00320000 -0.00228219
v -0.00195270 0.00320000 -0.00320148
v -0.00066718 0.00320000 -0.00369017
v 0.00070807 0.00320000 -0.00368255
v 0.00198809 0.00320000 -0.00317963
v 0.00300071 0.00320000 -0.00224905
v 0.00360975 0.00320000 -0.00101598
v 0.00373328 0.00320000 0.00035374
v -0.00075000 0.00330000 0.00129904
v -0.00129904 0.00330000 0.00075000
v -0.00150000 0.00330000 0.00000000
v -0.00129904 0.00330000 -0.00075000
v -0.00075000 0.00330000 -0.00129904
v 0.00000000 0.00330000 -0.00150000
v 0.00075000 0.00330000 -0.00129904
v 0.00129904 0.00330000 -0.00075000
v 0.00150000 0.00330000 0.00000000
v 0.00129904 0.00330000 0.00075000
v 0.00075000 0.00330000 0.00129904
v -0.00000000 0.00330000 0.00150000
v -0.00000000 0.00350000 0.00150000
v 0.00075000 0.00350000 0.00129904
v 0.00129904 0.00350000 0.00075000
v 0.00150000 0.00350000 0.00000000
v 0.00129904 0.00350000 -0.00075000
v 0.00075000 0.00350000 -0.00129904
v -0.00000000 0.00350000 -0.00150000
v -0.00075000 0.00350000 -0.00129904
v -0.00129904 0.00350000 -0.00075000
v -0.00150000 0.00350000 -0.00000000
v -0.00129904 0.00350000 0.00075000
v -0.00075000 0.00350000 0.00129904
v 0.00067126 0.00530000 -0.00116265
v 0.00116266 0.00530000 -0.00067126
v 0.00134252 0.00530000 0.00000000
v 0.00116266 0.00530000 0.00067126
v 0.00067126 0.00530000 0.00116266
v 0.00000000 0.00530000 0.00134252
v -0.00067126 0.00530000 0.00116266
v -0.00116266 0.00530000 0.00067126
v -0.00134252 0.00530000 -0.00000000
v -0.00116266 0.00530000 -0.00067126
v -0.00067126 0.00530000 -0.00116266
v 0.00000000 0.00530000 -0.00134252
v 0.00229810 0.00530000 0.00229810
v 0.00300261 0.00530000 0.00124372
v 0.00325000 0.00530000 0.00000000
v -0.00229810 0.00530000 0.00229809
v -0.00124372 0.00530000 0.00300261
v 0.00000000 0.00530000 0.00325000
v 0.00124372 0.00530000 0.00300261
v 0.00300261 0.00530000 -0.00124372
v 0.00229810 0.00530000 -0.00229810
v 0.00124372 0.00530000 -0.00300261
v -0.00000000 0.00530000 -0.00325000
v -0.00124372 0.00530000 -0.00300261
v -0.00229810 0.00530000 -0.00229809
v -0.00300261 0.00530000 -0.00124372
v -0.00325000 0.00530000 0.00000000
v -0.00300261 0.00530000 0.00124372
v -0.00499425 0.00155000 0.01671465
v -0.00478536 0.00155000 0.01650575
v -0.00450000 0.00155000 0.01700000
v -0.00450000 0.00155000 0.01642929
v -0.00421465 0.00155000 0.01650575
v -0.00478536 0.00155000 0.01749425
v -0.00499425 0.00155000 0.01728536
v -0.00507071 0.00155000 0.01700000
v -0.00400575 0.00155000 0.01728536
v -0.00421465 0.00155000 0.01749425
v -0.00450000 0.00155000 0.01757071
v -0.00400575 0.00155000 0.01671464
v -0.00392929 0.00155000 0.01700000
v -0.00410000 0.00132071 0.01630718
v -0.00380718 0.00132071 0.01660000
v -0.00370000 0.00132071 0.01700000
v -0.00380718 0.00132071 0.01740000
v -0.00410000 0.00132071 0.01769282
v -0.00450000 0.00132071 0.01780000
v -0.00490000 0.00132071 0.01769282
v -0.00519282 0.00132071 0.01740000
v -0.00530000 0.00132071 0.01700000
v -0.00519282 0.00132071 0.01660000
v -0.00490000 0.00132071 0.01630718
v -0.00450000 0.00132071 0.01620000
v -0.00322500 0.00022071 0.00765766
v -0.00265766 0.00022071 0.00822500
v -0.00245000 0.00022071 0.00900000
v -0.00265766 0.00022071 0.00977500
v -0.00322500 0.00022071 0.01034234
v -0.00400000 0.00022071 0.01055000
v -0.00477500 0.00022071 0.01034234
v -0.00534234 0.00022071 0.00977500
v -0.00555000 0.00022071 0.00900000
v -0.00534234 0.00022071 0.00822500
v -0.00477500 0.00022071 0.00765766
v -0.00400000 0.00022071 0.00745000
v -0.00400000 0.00105000 0.00757929
v -0.00328964 0.00105000 0.00776963
v -0.00276963 0.00105000 0.00828964
v -0.00257929 0.00105000 0.00900000
v -0.00276963 0.00105000 0.00971036
v -0.00328964 0.00105000 0.01023037
v -0.00400000 0.00105000 0.01042071
v -0.00471035 0.00105000 0.01023037
v -0.00523037 0.00105000 0.00971035
v -0.00542071 0.00105000 0.00900000
v -0.00523037 0.00105000 0.00828964
v -0.00471036 0.00105000 0.00776963
v -0.00400000 0.00092071 0.00745000
v -0.00477500 0.00092071 0.00765766
v -0.00534234 0.00092071 0.00822500
v -0.00555000 0.00092071 0.00900000
v -0.00534234 0.00092071 0.00977500
v -0.00477500 0.00092071 0.01034234
v -0.00400000 0.00092071 0.01055000
v -0.00322500 0.00092071 0.01034234
v -0.00265766 0.00092071 0.00977500
v -0.00245000 0.00092071 0.00900000
v -0.00265766 0.00092071 0.00822500
v -0.00322500 0.00092071 0.00765766
v -0.00539234 0.00240000 0.00977500
v -0.00482500 0.00240000 0.01034234
v -0.00405000 0.00240000 0.01055000
v -0.00327500 0.00240000 0.01034234
v -0.00270766 0.00240000 0.00977500
v -0.00250000 0.00240000 0.00900000
v -0.00270766 0.00240000 0.00822500
v -0.00327500 0.00240000 0.00765766
v -0.00405000 0.00240000 0.00745000
v -0.00482500 0.00240000 0.00765766
v -0.00539234 0.00240000 0.00822500
v -0.00560000 0.00240000 0.00900000
v -0.00348961 0.00541527 0.01044515
v -0.00327626 0.00550452 0.01034307
v -0.00254692 0.00581623 0.00937846
v -0.00250010 0.00593241 0.00900041
v -0.00405000 0.00579163 0.00745000
v -0.00364838 0.00596712 0.00750294
v -0.00345163 0.00602947 0.00757066
v -0.00257446 0.00604497 0.00852584
v -0.00272163 0.00609612 0.00820142
v -0.00295271 0.00611105 0.00790567
v -0.00327285 0.00607230 0.00765948
v -0.00250093 0.00594655 0.00894842
v -0.00304858 0.00559346 0.01018307
v -0.00277326 0.00570027 0.00987889
v -0.00271112 0.00572637 0.00978096
v -0.00255250 0.00580883 0.00940000
v -0.00313541 0.00556007 0.01025141
v -0.00448472 0.00486559 0.01048779
v -0.00408440 0.00511747 0.01054962
v -0.00398406 0.00517369 0.01054860
v -0.00359056 0.00537027 0.01048035
v -0.00508542 0.00439678 0.01015343
v -0.00495249 0.00451037 0.01026016
v -0.00482501 0.00461401 0.01034234
v -0.00458942 0.00479199 0.01045311
v -0.00559896 0.00405208 0.00905671
v -0.00554745 0.00397008 0.00940080
v -0.00553541 0.00397951 0.00944277
v -0.00539949 0.00410787 0.00976249
v -0.00533374 0.00417032 0.00986863
v -0.00539144 0.00458627 0.00822361
v -0.00545519 0.00447912 0.00834618
v -0.00556772 0.00423379 0.00868528
v -0.00560000 0.00407469 0.00899757
v -0.00525831 0.00477833 0.00802927
v -0.00493897 0.00514261 0.00772984
v -0.00422687 0.00569346 0.00746003
v -0.00457084 0.00546185 0.00754023
v -0.00482692 0.00524896 0.00765868
v 0.00315826 0.00290000 0.00649396
v 0.00317249 0.00294536 0.00645432
v 0.00319747 0.00300885 0.00638252
v 0.00323769 0.00308326 0.00626016
v 0.00260348 0.00307985 0.00767173
v 0.00268353 0.00298787 0.00752833
v 0.00260245 0.00533155 0.00767337
v 0.00269832 0.00297166 0.00750120
v 0.00272376 0.00294875 0.00745405
v 0.00276489 0.00292215 0.00737640
v 0.00285177 0.00290000 0.00720585
v 0.00324216 0.00533227 0.00624593
v 0.00311653 0.00530908 0.00660544
v 0.00279198 0.00531261 0.00732398
v 0.00144264 0.00407305 0.00940000
v 0.00147665 0.00406031 0.00935499
v 0.00144263 0.00545773 0.00940000
v 0.00150620 0.00404657 0.00931570
v 0.00227317 0.00537225 0.00821691
v 0.00156155 0.00401213 0.00924159
v 0.00211366 0.00356380 0.00846090
v 0.00332909 0.00536778 0.00593873
v 0.00345282 0.00549512 0.00527852
v 0.00349164 0.00569493 0.00460753
v -0.00550000 -0.00005000 0.01700000
v -0.00536603 -0.00005000 0.01750000
v -0.00500000 -0.00005000 0.01786603
v -0.00450000 -0.00005000 0.01800000
v -0.00400000 -0.00005000 0.01786603
v -0.00283947 -0.00005000 0.01762959
v -0.00363397 -0.00005000 0.01750000
v -0.00270636 -0.00005000 0.01697095
v -0.00350000 -0.00005000 0.01700000
v -0.00248783 -0.00005000 0.01616814
v -0.00363398 -0.00005000 0.01650000
v -0.00400000 -0.00005000 0.01613397
v -0.00655055 -0.00005000 0.01688932
v -0.00653388 -0.00005000 0.01663011
v -0.00536603 -0.00005000 0.01650000
v -0.00633611 -0.00005000 0.01620212
v -0.00500000 -0.00005000 0.01613397
v -0.00595650 -0.00005000 0.01590790
v -0.00450000 -0.00005000 0.01600000
v -0.00228038 -0.00005000 0.01556569
v -0.00229669 -0.00005000 0.01560945
v -0.00450000 0.00015000 0.01620000
v -0.00490000 0.00015000 0.01630718
v -0.00519282 0.00015000 0.01660000
v -0.00530000 0.00015000 0.01700000
v -0.00519282 0.00015000 0.01740000
v -0.00490000 0.00015000 0.01769282
v -0.00450000 0.00015000 0.01780000
v -0.00410000 0.00015000 0.01769282
v -0.00380718 0.00015000 0.01740000
v -0.00370000 0.00015000 0.01700000
v -0.00380718 0.00015000 0.01660000
v -0.00410000 0.00015000 0.01630718
v -0.00211712 0.00410000 0.01515507
v -0.00211688 0.00304497 0.01515447
v -0.00208036 0.00410000 0.01500046
v -0.00211665 0.00304227 0.01515390
v -0.00211620 0.00303283 0.01515282
v -0.00211536 0.00299921 0.01515075
v -0.00278091 0.00410000 0.01450616
v -0.00263433 0.00410000 0.01446665
v -0.00241793 0.00410000 0.01449023
v -0.00223206 0.00410000 0.01460354
v -0.00211194 0.00410000 0.01478508
v -0.00211687 0.00357358 0.01515518
v -0.00181679 0.00554769 0.01360473
v -0.00233674 0.00559860 0.01366887
v -0.00305272 0.00544272 0.01539882
v -0.00306832 0.00486027 0.01998698
v -0.00304112 0.00491484 0.01944671
v -0.00374422 0.00480601 0.01944050
v -0.00672666 0.00138671 0.01204829
v -0.00529582 0.00416829 0.01263291
v -0.00535087 0.00409760 0.01149840
v -0.00538311 0.00410000 0.01372479
v -0.00540852 0.00410000 0.01547961
v -0.00538877 0.00411400 0.01599312
v -0.00528047 0.00425916 0.01512284
v -0.00573757 0.00192035 0.02373114
v -0.00564565 0.00214057 0.02372922
v -0.00374919 0.00449816 0.02189267
v -0.00333376 0.00450320 0.02358488
v -0.00339446 0.00446934 0.02368229
v -0.00370243 0.00431500 0.02368872
v -0.00438043 0.00414610 0.02188022
v -0.00432583 0.00389150 0.02370171
v -0.00493522 0.00365971 0.02189076
v -0.00482581 0.00341359 0.02371213
v -0.00588178 0.00263889 0.01993280
v -0.00501957 0.00318302 0.02371617
v -0.00539947 0.00305606 0.02191665
v -0.00542200 0.00258330 0.02372456
v -0.00581799 0.00169938 0.02373281
v -0.00600686 0.00096867 0.02373675
v -0.00608902 0.00030326 0.02369219
v -0.00609025 0.00020996 0.02373849
v -0.00629140 0.00216264 0.01677668
v -0.00641628 0.00160405 0.01682918
v -0.00600072 0.00302157 0.01666064
v -0.00546769 0.00395088 0.01687825
v -0.00538388 0.00409980 0.01644239
v -0.00485860 0.00463107 0.01664674
v -0.00538478 0.00410000 0.01638631
v -0.00506774 0.00448541 0.01587661
v -0.00484752 0.00460254 0.01254291
v -0.00560022 0.00380449 0.01159318
v -0.00552892 0.00389259 0.01156585
v -0.00618698 0.00289882 0.01182441
v -0.00578513 0.00368492 0.00940000
v -0.00593043 0.00349019 0.00940000
v -0.00658445 0.00231729 0.00940000
v -0.00627926 0.00271389 0.01186186
v -0.00664576 0.00216505 0.00940000
v -0.00670226 0.00149669 0.01203785
v -0.00699801 0.00078814 0.00940000
v -0.00334279 0.00546102 0.01079155
v -0.00396518 0.00517670 0.01085232
v -0.00454747 0.00481198 0.01091197
v -0.00173922 0.00596028 0.00940000
v -0.00201973 0.00577329 0.01067153
v -0.00143358 0.00598772 0.00940000
v -0.00038150 0.00596264 0.00940000
v 0.00136612 0.00549203 0.00940000
v 0.00007900 0.00589282 0.00940000
v -0.00066410 0.00573697 0.01056165
v -0.00015537 0.00593293 0.00940000
v 0.00079198 0.00540022 0.01018186
v -0.00149806 0.00566361 0.01201488
v 0.00003553 0.00539515 0.01124354
v -0.00088240 0.00542984 0.01271961
v -0.00165955 0.00543354 0.01415820
v -0.00146254 0.00543905 0.01377085
v -0.00111729 0.00543674 0.01313186
v -0.00296370 0.00501768 0.01852517
v -0.00283882 0.00512746 0.01763174
v -0.00353501 0.00515748 0.01725374
v -0.00278091 0.00516629 0.01732151
v -0.00250138 0.00529568 0.01621707
v -0.00309435 0.00469183 0.02199854
v -0.00413660 0.00509343 0.01644380
v -0.00433124 0.00505840 0.01565445
v -0.00471394 0.00480166 0.01576260
v -0.00551200 0.00377206 0.01779343
v -0.00495536 0.00443894 0.01757165
v -0.00428910 0.00490827 0.01738197
v -0.00332876 0.00531511 0.01629824
v -0.00259703 0.00543806 0.01534776
v -0.00229639 0.00535314 0.01561461
v -0.00212593 0.00538658 0.01518018
v -0.00442021 0.00450666 0.01950716
v -0.00501139 0.00403068 0.01962665
v -0.00550204 0.00339836 0.01977614
v -0.00594398 0.00294399 0.01801796
v -0.00435534 0.00497101 0.01245000
v -0.00384618 0.00531092 0.01393524
v -0.00326602 0.00548598 0.01226378
v -0.00431186 0.00506964 0.01403956
v -0.00382543 0.00526686 0.01235625
v -0.00474814 0.00475979 0.01414710
v -0.00514907 0.00438571 0.01425512
v -0.00500209 0.00449812 0.01339263
v -0.00268597 0.00562529 0.01217466
v -0.00209386 0.00568417 0.01209100
v -0.00335759 0.00548021 0.01383686
v -0.00285239 0.00557611 0.01374716
v -0.00392400 0.00525199 0.01555554
v -0.00349643 0.00538040 0.01546920
v -0.00470720 0.00355479 0.01250573
v -0.00409196 0.00410000 0.01226178
v -0.00362882 0.00400985 0.01214646
v -0.00358606 0.00409978 0.01212372
v -0.00580408 0.00127840 0.01298425
v -0.00624949 0.00135969 0.01283817
v -0.00658076 0.00139855 0.01250029
v -0.00510665 0.00410000 0.01203180
v -0.00519537 0.00410000 0.01193487
v -0.00536234 0.00391301 0.01199886
v -0.00528112 0.00410000 0.01179425
v -0.00506802 0.00379251 0.01233672
v -0.00485791 0.00410000 0.01219088
v -0.00477985 0.00410000 0.01222041
v -0.00454764 0.00410000 0.01227263
v -0.00539272 0.00249225 0.01280406
v -0.00639388 0.00208050 0.01242050
v -0.00606789 0.00202160 0.01275951
v -0.00612629 0.00273478 0.01230846
v -0.00580807 0.00265546 0.01264821
v -0.00578026 0.00334959 0.01216648
v -0.00547253 0.00324965 0.01250605
v -0.00554515 0.00248198 0.01572632
v -0.00580941 0.00157190 0.01584296
v -0.00588727 0.00111917 0.01587733
v -0.00434796 0.00410000 0.01519787
v -0.00500379 0.00348017 0.01548736
v -0.00513010 0.00330133 0.01554311
v -0.00532484 0.00410000 0.01607740
v -0.00556437 0.00377821 0.01619388
v -0.00495908 0.00398156 0.01552824
v -0.00633267 0.00120415 0.01627142
v -0.00644670 0.00123671 0.01655096
v -0.00613987 0.00116365 0.01604018
v -0.00549096 0.00364848 0.01591563
v -0.00604612 0.00245684 0.01614717
v -0.00614954 0.00253235 0.01642431
v -0.00514760 0.00410000 0.01576818
v -0.00589940 0.00316677 0.01632284
v -0.00534074 0.00348382 0.01569183
v -0.00586523 0.00236270 0.01591972
v -0.00480941 0.00410000 0.01545401
v -0.00338463 0.00410000 0.01197452
v 0.00122027 0.00410000 0.00965135
v 0.00036143 0.00409991 0.01076653
v -0.00152019 0.00410003 0.01387970
v -0.00063825 0.00410011 0.01230463
v -0.00340373 0.00410000 0.01199232
v -0.00338173 0.00410000 0.01197173
v 0.00133074 0.00409317 0.00952434
v -0.00736911 0.00070606 0.02460385
v -0.00742222 -0.00010000 0.02465904
v -0.00723319 0.00149409 0.02445899
v -0.00718603 0.00169002 0.02440736
v -0.00702247 0.00224448 0.02422164
v -0.00676156 0.00291391 0.02389799
v -0.00665310 0.00314762 0.02375023
v -0.00503348 0.00531896 0.01924079
v -0.00306579 -0.00447187 0.02367544
v -0.00306601 -0.00214279 0.02367544
v -0.00305686 -0.00214272 0.02407684
v -0.00305000 -0.00214271 0.02440000
v -0.00313972 -0.00214841 0.02440000
v -0.00516732 -0.00027876 0.02440000
v -0.00412469 -0.00192675 0.02440000
v -0.00486684 -0.00124241 0.02440000
v -0.00508053 -0.00078036 0.02440000
v -0.00305401 -0.00005000 0.02420580
v -0.00516718 -0.00005000 0.02420580
v -0.00305973 0.00001208 0.02395196
v -0.00516744 -0.00000009 0.02397686
v -0.00514758 0.00016485 0.02376970
v -0.00513167 0.00024495 0.02371851
v -0.00306393 0.00016461 0.02376990
v -0.00321751 0.00447071 0.02367861
v -0.00305000 -0.00005000 0.02440000
v -0.00516314 -0.00005000 0.02440000
v -0.00305192 -0.00005000 0.02430404
v -0.00329727 0.00174841 0.02440000
v -0.00426113 0.00144799 0.02440000
v -0.00465223 0.00112204 0.02440000
v -0.00305000 0.00174271 0.02440000
v -0.00494562 0.00070600 0.02440000
v -0.00306577 0.00444809 0.02367544
v -0.00306602 0.00174279 0.02367545
v -0.00305682 0.00174272 0.02407793
v -0.00195250 0.00744550 -0.00320061
v -0.00239897 0.00737769 -0.00288162
v -0.00198269 0.00744210 -0.00270112
v -0.00302383 0.00723561 -0.00221788
v -0.00280329 0.00729219 -0.00183141
v -0.00286338 0.00727748 -0.00242162
v -0.00244428 0.00736980 -0.00229134
v -0.00212190 0.00742377 -0.00259432
v -0.00063076 0.00748827 -0.00369551
v -0.00126899 0.00749680 -0.00352848
v -0.00085558 0.00749705 -0.00323721
v -0.00186320 0.00745578 -0.00325359
v -0.00143675 0.00748850 -0.00302225
v -0.00127839 0.00749499 -0.00309238
v 0.00001264 0.00742434 -0.00374959
v -0.00024713 0.00745760 -0.00334297
v 0.00055250 0.00732680 -0.00370824
v 0.00037371 0.00736403 -0.00333042
v 0.00055428 0.00732663 -0.00330419
v 0.00243212 0.00664265 -0.00285471
v 0.00198874 0.00685683 -0.00317892
v 0.00155031 0.00703386 -0.00296531
v 0.00187997 0.00690400 -0.00324430
v 0.00100292 0.00721293 -0.00319366
v 0.00131188 0.00711839 -0.00351307
v 0.00066546 0.00730118 -0.00368964
v 0.00208573 0.00681450 -0.00262017
v 0.00216449 0.00677805 -0.00255594
v 0.00289747 0.00637711 -0.00238060
v 0.00253312 0.00659074 -0.00218828
v 0.00300020 0.00631236 -0.00225000
v 0.00326152 0.00613684 -0.00185109
v 0.00288082 0.00638764 -0.00168799
v 0.00351574 0.00595013 -0.00130481
v 0.00312665 0.00622966 -0.00116153
v 0.00360920 0.00587723 -0.00101783
v 0.00328118 0.00612373 -0.00058514
v 0.00368167 0.00581904 -0.00071074
v 0.00374838 0.00576416 -0.00010754
v 0.00333155 0.00608704 0.00000000
v 0.00371884 0.00578862 0.00048594
v 0.00332743 0.00609011 0.00016684
v 0.00324753 0.00614727 0.00075253
v 0.00306253 0.00627166 0.00132097
v 0.00014309 0.00740449 0.00334949
v 0.00074342 0.00728222 0.00326556
v 0.00132304 0.00711323 0.00307284
v 0.00187400 0.00690619 0.00277261
v 0.00236288 0.00667995 0.00237188
v 0.00275699 0.00646248 0.00188857
v 0.00300019 0.00631200 0.00145833
v -0.00269099 0.00721686 -0.00182214
v -0.00274946 0.00720377 -0.00173290
v 0.00000043 0.00732483 0.00325198
v -0.00017483 0.00734862 0.00324530
v -0.00001655 0.00737653 0.00330078
v 0.00027001 0.00728105 0.00324012
v 0.00086880 0.00714615 0.00312930
v 0.00124346 0.00703460 0.00299845
v 0.00146903 0.00695761 0.00289492
v 0.00200201 0.00674526 0.00256112
v 0.00229980 0.00660541 0.00230045
v 0.00244820 0.00652936 0.00214159
v 0.00279605 0.00633406 0.00165458
v 0.00300116 0.00620850 0.00124417
v 0.00304372 0.00618159 0.00113787
v 0.00319869 0.00608028 0.00057534
v 0.00325000 0.00604492 -0.00000000
v 0.00321445 0.00606969 -0.00048012
v 0.00308652 0.00615444 -0.00101869
v 0.00285627 0.00629821 -0.00154788
v 0.00300092 0.00620890 -0.00124560
v 0.00208888 0.00670709 -0.00249360
v 0.00230115 0.00660559 -0.00230083
v 0.00252470 0.00648912 -0.00205158
v 0.00269359 0.00639452 -0.00182025
v 0.00124305 0.00703516 -0.00299928
v 0.00130975 0.00701320 -0.00297079
v 0.00156552 0.00692305 -0.00284551
v 0.00099964 0.00710985 -0.00308958
v 0.00046900 0.00724248 -0.00321644
v 0.00041726 0.00725319 -0.00322384
v 0.00000107 0.00732534 -0.00325203
v -0.00012299 0.00734210 -0.00324966
v -0.00123816 0.00739576 -0.00300058
v -0.00072797 0.00739254 -0.00316623
v -0.00034202 0.00736637 -0.00323334
v -0.00235758 0.00728445 -0.00223805
v -0.00229901 0.00729476 -0.00229872
v -0.00205095 0.00733263 -0.00252291
v -0.00187604 0.00735366 -0.00265395
v -0.00132810 0.00739291 -0.00296192
v -0.00124243 0.00739565 -0.00299881
v -0.00239770 0.00702072 0.00219398
v -0.00229817 0.00704697 0.00229802
v -0.00146743 0.00721638 0.00289986
v -0.00124412 0.00724591 0.00300245
v -0.00092003 0.00727717 0.00311706
v -0.00046383 0.00729799 0.00321673
v -0.00195492 0.00712735 0.00259630
v -0.00320414 0.00675908 0.00054403
v -0.00304316 0.00681653 0.00114091
v -0.00300248 0.00683100 0.00124403
v -0.00275801 0.00691419 0.00171926
v -0.00324960 0.00674528 -0.00005110
v -0.00318309 0.00677747 -0.00065610
v -0.00302180 0.00684269 -0.00119635
v -0.00274966 0.00693964 -0.00173259
v -0.00300256 0.00685006 -0.00124385
v -0.00640769 -0.00463546 0.00535202
v -0.00521790 0.00554448 0.00590558
v -0.00552624 0.00534157 0.00578310
v -0.00614443 0.00484770 0.00554737
v -0.00485437 0.00575366 0.00604987
v -0.00460862 0.00593525 0.00596530
v -0.00385918 0.00640157 0.00570219
v -0.00364920 0.00651121 0.00562753
v -0.00303746 0.00678443 0.00540839
v -0.00225440 0.00704334 0.00512468
v -0.00217924 0.00706321 0.00509729
v -0.00187464 0.00713520 0.00498612
v -0.00025077 0.00733169 0.00426799
v -0.00043791 0.00729799 0.00446021
v -0.00136216 0.00722614 0.00479882
v -0.00399687 -0.00674405 0.00432526
v -0.00407971 -0.00669651 0.00436175
v -0.00619194 -0.00485253 0.00540626
v -0.00553449 -0.00558769 0.00505327
v -0.00536183 -0.00575137 0.00496561
v -0.00479448 -0.00622248 0.00468918
v -0.00377961 -0.00686210 0.00423086
v -0.00336704 -0.00706143 0.00405625
v -0.00277584 -0.00722869 0.00405625
v -0.00197596 -0.00737394 0.00405625
v -0.00189402 -0.00738377 0.00405626
v -0.00116500 -0.00743096 0.00405626
v -0.00035266 -0.00739906 0.00405626
v 0.00006775 -0.00734731 0.00405626
v 0.00199602 -0.00677895 0.00405626
v 0.00271823 -0.00640569 0.00405626
v 0.00045133 -0.00727863 0.00405626
v 0.00123736 -0.00707110 0.00405626
v -0.00308792 0.00682518 -0.00212773
v -0.00302383 0.00684942 -0.00221787
v 0.00275278 -0.00646443 0.00353862
v 0.00308566 -0.00625670 -0.00082870
v 0.00202395 -0.00684112 0.00353862
v 0.00125833 -0.00713594 0.00353862
v -0.00198445 -0.00744156 0.00353862
v -0.00116605 -0.00749910 0.00353862
v -0.00275853 -0.00730280 0.00353862
v -0.00295597 -0.00725378 0.00077512
v 0.00046510 -0.00734537 0.00353862
v -0.00034627 -0.00746691 0.00353862
v -0.00275827 -0.00730273 0.00356159
v -0.00279396 -0.00728969 0.00367421
v -0.00296813 -0.00722573 0.00384761
v -0.00058053 0.00727981 0.01942272
v -0.00059512 0.00727981 0.01872288
v -0.00058053 0.00727747 0.01942273
v -0.00059512 0.00727747 0.01872288
v 0.00037993 0.00728920 0.01980279
v 0.00056366 0.00727706 0.01979896
v 0.00060326 0.00727706 0.02169855
v -0.00062272 0.00727795 0.01858495
v -0.00060318 0.00727932 0.01865104
v -0.00118160 0.00721465 0.01833502
v -0.00067138 0.00727420 0.01849603
v -0.00071819 0.00727026 0.01844249
v -0.00100337 0.00723959 0.01833130
v -0.00081672 0.00726096 0.01837311
v -0.00111074 0.00721465 0.02173428
v -0.00053000 0.00728309 0.01960923
v -0.00045750 0.00728750 0.01970307
v -0.00040046 0.00729053 0.01974864
v -0.00031123 0.00729445 0.01979248
v -0.00086107 0.00724836 0.02172907
v -0.00024514 0.00729669 0.01980923
v -0.00017228 0.00729699 0.01981430
v 0.00001185 0.00729992 0.01981046
v 0.00019595 0.00729682 0.01980662
v -0.00308673 0.00665901 0.01837473
v -0.00274404 0.00677293 0.02176832
v -0.00385110 0.00626704 0.01839066
v -0.00444178 0.00582977 0.02180371
v -0.00456564 0.00579020 0.01840556
v -0.00449478 0.00579020 0.02180482
v -0.00262533 0.00684508 0.01836511
v -0.00215262 0.00700014 0.01835526
v -0.00167067 0.00712351 0.01834521
v -0.00455861 0.00578271 0.01840541
v -0.00378739 0.00629400 0.01838934
v -0.00290770 0.00672791 0.01837100
v -0.00244847 0.00690079 0.01836142
v -0.00197892 0.00704326 0.01835163
v -0.00149435 0.00715603 0.01834153
v -0.00124953 0.00720030 0.01833643
v -0.00100337 0.00723642 0.01833130
v 0.00083047 -0.00790582 0.00939878
v -0.00033280 -0.00770037 0.00950261
v -0.00022187 -0.00770119 0.00950029
v 0.00434285 -0.00615134 0.00940514
v 0.00584277 -0.00879273 0.00850223
v 0.00352732 -0.00669638 0.00942214
v 0.00322260 -0.00832883 0.00904536
v 0.00264764 -0.00713029 0.00944048
v 0.00235241 -0.00817488 0.00919308
v 0.00171885 -0.00744563 0.00945984
v 0.00075686 -0.00763702 0.00947989
v 0.00508028 0.00510211 0.00938977
v 0.00434285 0.00574896 0.00940514
v 0.00616740 0.00815095 0.00849547
v 0.00473279 0.00819377 0.00874768
v 0.00584277 0.00839035 0.00850224
v -0.00033280 0.00729799 0.00950261
v -0.00021786 0.00731828 0.00949460
v -0.00022187 0.00729881 0.00950029
v 0.00083047 0.00750344 0.00939878
v 0.00075687 0.00723465 0.00947989
v 0.00192019 0.00769606 0.00925878
v 0.00171886 0.00704325 0.00945984
v 0.00235241 0.00777250 0.00919307
v 0.00264764 0.00672791 0.00944047
v 0.00352732 0.00629400 0.00942214
v 0.00670572 -0.00307131 0.00935589
v 0.00927335 -0.00470535 0.00843072
v 0.00627191 -0.00395119 0.00936493
v 0.00887519 -0.00546501 0.00843902
v 0.00572699 -0.00476690 0.00937629
v 0.00811029 -0.00661001 0.00845496
v 0.00508028 -0.00550449 0.00938977
v 0.00720252 -0.00764535 0.00847389
v 0.00616740 -0.00855333 0.00849547
v 0.00721236 -0.00118014 0.00934533
v 0.01002922 -0.00250940 0.00841497
v 0.00702100 -0.00214233 0.00934931
v 0.00992667 -0.00292594 0.00841710
v 0.00948412 -0.00422994 0.00842633
v 0.00702100 0.00173995 0.00934931
v 0.01002919 0.00210716 0.00841497
v 0.00721235 0.00077776 0.00934533
v 0.01019527 0.00117294 0.00841151
v 0.00727650 -0.00020119 0.00934399
v 0.01028532 -0.00020119 0.00840963
v 0.01019527 -0.00157532 0.00841150
v 0.00627191 0.00354881 0.00936493
v 0.00927328 0.00430310 0.00843072
v 0.00670572 0.00266894 0.00935589
v 0.00948412 0.00382756 0.00842633
v 0.00992668 0.00252356 0.00841710
v 0.00720252 0.00724297 0.00847389
v 0.00805440 0.00627983 0.00845613
v 0.00572699 0.00436452 0.00937629
v 0.00811029 0.00620763 0.00845496
v 0.00887519 0.00506263 0.00843902
v -0.00202474 -0.00743621 0.01835259
v -0.00133021 -0.00759050 0.01833811
v -0.00197892 -0.00744563 0.01835164
v -0.00062417 -0.00767825 0.01832340
v -0.00455992 -0.00618410 0.01840543
v -0.00456563 -0.00619020 0.01840556
v -0.00437282 -0.00632107 0.01840154
v -0.00427644 -0.00639756 0.01839953
v -0.00418157 -0.00645219 0.01839755
v -0.00397773 -0.00659096 0.01839330
v -0.00270153 -0.00721679 0.01836670
v -0.00290770 -0.00713029 0.01837100
v -0.00303137 -0.00708323 0.01837358
v -0.00313283 -0.00703267 0.01837569
v -0.00335449 -0.00693418 0.01838031
v -0.00335464 -0.00692774 0.01838031
v -0.00367018 -0.00676997 0.01838689
v -0.00378739 -0.00669638 0.01838933
v -0.00398637 -0.00657733 0.01839348
v -0.00449478 -0.00619020 0.02180482
v -0.00444179 -0.00622976 0.02180371
v -0.00328363 -0.00693418 0.02177957
v -0.00195388 -0.00743621 0.02175185
v -0.00274404 -0.00717293 0.02176833
v -0.00055331 -0.00767826 0.02172266
v -0.00086107 -0.00764836 0.02172907
v 0.00027857 0.00729337 0.01980490
v 0.00013584 0.00729745 0.01980788
v -0.00000694 0.00729881 0.01981086
v -0.00008961 0.00729835 0.01981258
v -0.00057278 0.00727794 0.01949307
v -0.00055292 0.00727930 0.01956064
v -0.00050379 0.00728256 0.01965023
v -0.00045750 0.00728541 0.01970307
v -0.00035792 0.00729063 0.01977299
v -0.00488286 -0.00646174 0.01541152
v -0.00462244 -0.00618410 0.01540609
v -0.00473852 -0.00609453 0.01540851
v -0.00507441 -0.00592106 0.01541551
v -0.00556124 -0.00590142 0.01542566
v -0.00579744 -0.00598263 0.01543059
v -0.00543068 -0.00724624 0.02444702
v -0.00542343 -0.00724582 0.02477585
v -0.00540271 -0.00722396 0.02478349
v -0.00445518 -0.00619020 0.02370441
v -0.00545038 -0.00719476 0.02118472
v -0.00537316 -0.00719348 0.02482151
v -0.00532715 -0.00714744 0.02496612
v -0.00538210 -0.00704016 0.01750063
v -0.00540339 -0.00706425 0.01756382
v -0.00545292 -0.00711852 0.01763308
v -0.00550284 -0.00717222 0.01765313
v -0.00549266 -0.00716825 0.01796330
v -0.00376671 -0.00543679 0.02281598
v -0.00314526 -0.00479367 0.02367710
v -0.00500395 -0.00683367 0.02634613
v -0.00443482 -0.00621359 0.02573430
v -0.00442442 -0.00619020 0.02517995
v -0.00490061 -0.00672943 0.02661117
v -0.00482166 -0.00664732 0.02670177
v -0.00475484 -0.00657654 0.02672122
v -0.00469046 -0.00650732 0.02669354
v -0.00460785 -0.00641689 0.02658569
v -0.00450692 -0.00630247 0.02627649
v 0.00341122 -0.00759865 0.00157031
v 0.00280449 -0.00723975 0.00089125
v 0.00216516 -0.00749719 0.00090458
v 0.00358649 -0.00682808 0.00087496
v 0.00455458 -0.00768919 0.00231868
v 0.00431641 -0.00632985 0.00085973
v 0.00551414 -0.00776926 0.00303111
v 0.00498474 -0.00575157 0.00084581
v 0.00612812 -0.00782340 0.00352313
v 0.00558273 -0.00510080 0.00083334
v 0.00739194 -0.00653639 0.00349678
v 0.00610259 -0.00438603 0.00082250
v 0.00753516 -0.00635728 0.00349380
v 0.00653751 -0.00361660 0.00081344
v 0.00862645 -0.00461732 0.00347105
v 0.00688181 -0.00280257 0.00080626
v 0.00869292 -0.00447960 0.00346966
v 0.00713101 -0.00195455 0.00080106
v 0.00939386 -0.00246829 0.00345505
v 0.00728184 -0.00108363 0.00079792
v 0.00941091 -0.00239371 0.00345469
v 0.00733234 -0.00020119 0.00079687
v 0.00965417 -0.00020112 0.00344962
v 0.00728184 0.00068125 0.00079792
v 0.00941088 0.00199147 0.00345469
v 0.00713101 0.00155217 0.00080107
v 0.00939386 0.00206591 0.00345505
v 0.00688181 0.00240019 0.00080626
v 0.00869286 0.00407735 0.00346966
v 0.00653751 0.00321423 0.00081344
v 0.00862646 0.00421494 0.00347104
v 0.00610259 0.00398365 0.00082250
v 0.00753507 0.00595501 0.00349379
v 0.00558273 0.00469842 0.00083334
v 0.00739194 0.00613400 0.00349678
v 0.00498474 0.00534920 0.00084581
v 0.00612812 0.00742101 0.00352312
v 0.00431641 0.00592747 0.00085974
v 0.00551364 0.00736651 0.00303212
v 0.00358648 0.00642570 0.00087495
v 0.00455453 0.00728687 0.00231848
v 0.00280449 0.00683737 0.00089125
v 0.00341174 0.00719669 0.00156926
v 0.00216515 0.00709480 0.00090458
v 0.00556221 0.00834697 0.00684826
v 0.00572452 0.00787453 0.00439384
v 0.00528855 0.00815988 0.00423558
v 0.00540800 0.00803596 0.00393815
v 0.00583103 0.00767098 0.00357729
v 0.00557235 0.00788943 0.00373393
v 0.00528952 0.00830471 0.00526523
v 0.00523585 0.00825645 0.00467239
v 0.00526079 -0.00859972 0.00436956
v 0.00523790 -0.00867563 0.00480147
v 0.00572452 -0.00827691 0.00439385
v 0.00528952 -0.00870709 0.00526523
v 0.00556221 -0.00874935 0.00684826
v 0.00536797 -0.00847688 0.00401417
v 0.00580077 -0.00809871 0.00358927
v 0.00554889 -0.00831208 0.00375617
v 0.00127965 0.00494148 0.02358486
v 0.00086083 0.00534197 0.02359359
v 0.00145943 0.00522144 0.02358111
v -0.00445518 0.00579020 0.02370440
v -0.00536152 0.00498441 0.02372330
v -0.00093304 -0.00474847 0.02363099
v -0.00074821 -0.00534149 0.02362714
v -0.00200491 -0.00540646 0.02365333
v 0.00146448 0.00434847 0.02358101
v -0.00232772 0.00152675 0.02366006
v -0.00059896 -0.00576145 0.02362402
v -0.00029170 -0.00576262 0.02361762
v -0.00023033 -0.00579263 0.02361633
v -0.00649161 0.00345358 0.02374686
v -0.00649161 -0.00385357 0.02374686
v -0.00536153 -0.00538441 0.02372330
v 0.00031417 0.00310098 0.02360499
v 0.00082313 -0.00363738 0.02359438
v -0.00029170 0.00323738 0.02361762
v 0.00021726 -0.00350098 0.02360701
v -0.00074821 0.00365852 0.02362714
v -0.00093304 0.00425153 0.02363099
v 0.00224766 0.00495348 0.02356468
v 0.00349738 0.00421790 0.02353863
v 0.00132810 0.00374246 0.02358385
v -0.00158589 0.00084241 0.02364459
v -0.00216356 0.00143009 0.02365663
v 0.00086082 -0.00574197 0.02359359
v 0.00090706 -0.00571415 0.02359263
v 0.00224766 -0.00535348 0.02356468
v 0.00132810 -0.00525754 0.02358385
v 0.00349738 -0.00461790 0.02353863
v 0.00146448 -0.00465153 0.02358101
v 0.00451632 -0.00358596 0.02351739
v 0.00127965 -0.00405852 0.02358486
v -0.00079667 -0.00414246 0.02362814
v -0.00219134 -0.00184799 0.02365722
v -0.00037563 -0.00368585 0.02361936
v -0.00216356 -0.00183008 0.02365663
v -0.00151788 -0.00112618 0.02364318
v 0.00090706 0.00328585 0.02359262
v 0.00560852 -0.00092519 0.02349463
v 0.00523613 -0.00232691 0.02350239
v 0.00451632 0.00318597 0.02351739
v 0.00523613 0.00192691 0.02350239
v 0.00560852 0.00052519 0.02349463
v -0.00079667 0.00485754 0.02362814
v -0.00200491 0.00500646 0.02365333
v -0.00037563 0.00531415 0.02361936
v -0.00059896 0.00536145 0.02362402
v -0.00023033 0.00539263 0.02361634
v -0.00150714 -0.00110600 0.02364295
v -0.00128394 -0.00020000 0.02363830
v -0.00128553 -0.00012124 0.02363834
v -0.00151789 0.00072619 0.02364318
v -0.00703936 0.00169714 0.03138003
v -0.00718382 0.00098244 0.03162676
v -0.00723818 0.00053494 0.03173847
v -0.00635715 0.00344993 0.03038112
v -0.00661465 0.00292364 0.03077937
v -0.00680930 0.00244237 0.03105343
v -0.00442442 0.00579020 0.02517995
v -0.00447773 0.00574637 0.02539942
v -0.00502230 0.00525330 0.02734527
v -0.00507383 0.00520081 0.02750347
v -0.00620525 0.00371904 0.03012180
v -0.00583772 0.00428216 0.02941896
v -0.00561168 0.00458283 0.02892696
v -0.00704062 -0.00208943 0.03138160
v -0.00718382 -0.00138244 0.03162676
v -0.00726795 -0.00043330 0.03179964
v -0.00727124 -0.00019899 0.03180642
v -0.00698374 -0.00230173 0.03129740
v -0.00654186 -0.00348010 0.03066937
v -0.00634237 -0.00387258 0.03035522
v -0.00620238 -0.00411937 0.03011875
v -0.00603653 -0.00438794 0.02981853
v -0.00499483 -0.00567341 0.02726631
v -0.00553024 -0.00508455 0.02873658
v -0.00577889 -0.00476326 0.02930057
v -0.00478540 0.00620904 0.02671781
v -0.00472406 0.00614362 0.02671544
v -0.00500005 0.00588149 0.02757050
v -0.00442864 0.00580502 0.02564469
v -0.00494271 0.00535715 0.02740889
v -0.00489856 0.00548268 0.02746774
v -0.00577002 0.00562206 0.02865506
v -0.00556767 0.00586592 0.02811679
v -0.00561550 0.00561727 0.02861893
v -0.00500394 0.00643367 0.02634613
v -0.00495345 0.00638337 0.02650395
v -0.00521878 0.00623683 0.02707202
v -0.00522648 0.00605707 0.02755182
v -0.00611646 0.00515334 0.02947569
v -0.00605210 0.00503144 0.02962219
v -0.00637787 0.00475036 0.03002512
v -0.00651391 0.00427802 0.03051358
v -0.00664328 0.00428461 0.03053090
v -0.00695702 0.00334872 0.03122558
v -0.00701350 0.00349981 0.03114631
v -0.00744262 0.00177370 0.03191938
v -0.00735896 0.00236639 0.03171442
v -0.00723197 0.00224967 0.03171390
v -0.00717652 0.00294702 0.03145513
v -0.00685934 0.00329680 0.03121212
v -0.00729375 0.00109630 0.03195523
v -0.00743052 0.00114906 0.03206281
v -0.00746006 0.00115774 0.03207685
v -0.00444838 0.00583218 0.02592057
v -0.00489361 0.00561959 0.02751694
v -0.00453673 0.00593694 0.02639817
v -0.00492851 0.00575624 0.02755212
v -0.00465196 0.00606547 0.02665622
v -0.00669967 0.00317139 0.03112353
v -0.00624828 0.00405307 0.03044254
v -0.00617412 0.00387387 0.03030183
v -0.00661236 0.00303836 0.03096918
v -0.00697568 0.00207137 0.03145292
v -0.00707235 0.00216268 0.03161282
v -0.00617645 0.00379095 0.03021426
v -0.00532655 0.00533275 0.02860467
v -0.00528687 0.00520684 0.02856138
v -0.00528282 0.00508062 0.02850307
v -0.00531452 0.00496389 0.02843444
v -0.00594129 0.00496315 0.02963091
v -0.00641063 0.00421537 0.03051167
v -0.00549726 0.00554627 0.02863473
v -0.00584678 0.00487443 0.02961753
v -0.00720672 0.00103826 0.03180392
v -0.00486071 0.00628818 0.02666762
v -0.00510203 0.00598469 0.02757049
v -0.00539857 0.00544890 0.02862976
v -0.00577463 0.00477138 0.02958314
v -0.00572989 0.00466112 0.02953006
v -0.00571575 0.00455104 0.02946173
v -0.00573302 0.00444874 0.02938297
v -0.00696837 0.00384546 0.03090787
v -0.00689000 0.00465834 0.03014870
v -0.00687167 0.00475298 0.03003658
v -0.00669493 0.00526717 0.02931098
v -0.00648452 0.00562027 0.02866306
v -0.00634863 0.00579626 0.02827816
v -0.00584394 0.00631772 0.02679430
v -0.00532559 0.00674595 0.02497361
v -0.00532862 0.00674910 0.02495890
v -0.00590304 0.00633273 0.02677972
v -0.00537104 0.00679141 0.02483023
v -0.00595627 0.00636499 0.02677194
v -0.00540084 0.00682215 0.02479140
v -0.00599822 0.00641157 0.02677188
v -0.00542189 0.00684434 0.02478352
v -0.00602507 0.00646783 0.02677943
v -0.00546475 0.00691628 0.02478586
v -0.00603394 0.00652812 0.02679388
v -0.00547444 0.00700310 0.02479318
v -0.00602390 0.00658674 0.02681390
v -0.00546394 0.00704761 0.02479870
v -0.00599627 0.00663787 0.02683741
v -0.00543694 0.00709850 0.02480648
v -0.00707579 0.00351355 0.03115126
v -0.00703154 0.00385597 0.03091452
v -0.00695254 0.00467136 0.03015087
v -0.00640740 0.00581328 0.02826512
v -0.00675528 0.00528387 0.02930433
v -0.00680950 0.00531569 0.02930857
v -0.00700850 0.00469832 0.03016606
v -0.00685201 0.00535965 0.02932354
v -0.00705192 0.00473667 0.03019294
v -0.00687888 0.00541134 0.02934759
v -0.00707872 0.00478243 0.03022870
v -0.00688726 0.00546554 0.02937837
v -0.00708592 0.00483083 0.03026960
v -0.00687620 0.00551705 0.02941294
v -0.00707269 0.00487711 0.03031167
v -0.00684718 0.00556074 0.02944780
v -0.00704076 0.00491651 0.03035052
v -0.00646031 0.00584644 0.02826100
v -0.00650200 0.00589271 0.02826646
v -0.00652868 0.00594749 0.02828081
v -0.00653751 0.00600534 0.02830268
v -0.00652755 0.00606076 0.02833001
v -0.00650013 0.00610830 0.02836005
v -0.00713143 0.00353668 0.03117281
v -0.00708790 0.00387767 0.03093685
v -0.00717449 0.00356699 0.03120905
v -0.00713137 0.00390850 0.03097287
v -0.00720091 0.00360135 0.03125616
v -0.00715781 0.00394520 0.03101872
v -0.00720775 0.00363618 0.03130922
v -0.00716423 0.00398391 0.03106958
v -0.00719420 0.00366801 0.03136305
v -0.00714987 0.00402075 0.03112039
v -0.00716204 0.00369361 0.03141203
v -0.00711660 0.00405189 0.03116583
v -0.00711414 0.00371022 0.03145106
v -0.00707263 0.00401715 0.03124303
v -0.00706743 0.00407397 0.03120103
v -0.00538866 0.00714573 0.02481603
v -0.00595338 0.00667633 0.02686216
v -0.00597744 0.00665399 0.02693987
v -0.00603854 0.00659606 0.02713466
v -0.00699296 0.00494486 0.03038210
v -0.00696108 0.00511666 0.03017197
v -0.00680265 0.00559210 0.02947943
v -0.00645754 0.00614315 0.02838985
v -0.00643134 0.00617517 0.02831377
v -0.00541957 0.00713317 0.02346661
v -0.00543552 0.00708060 0.02118025
v -0.00546153 0.00705274 0.02118088
v -0.00550184 0.00677106 0.01764898
v -0.00549164 0.00676707 0.01795903
v -0.00551637 0.00678849 0.01764845
v -0.00548494 0.00684715 0.02118543
v -0.00553672 0.00682250 0.01764523
v -0.00550287 0.00691784 0.02118389
v -0.00555337 0.00687399 0.01763542
v -0.00549471 0.00698806 0.02118233
v -0.00554931 0.00696451 0.01760610
v -0.00552376 0.00702138 0.01757978
v -0.00551392 0.00703521 0.01757212
v -0.00550147 0.00704966 0.01756331
v -0.00544916 0.00679350 0.02118650
v -0.00542919 0.00684482 0.02445481
v -0.00552597 -0.00720208 0.01765211
v -0.00551507 -0.00743625 0.01757644
v -0.00550247 -0.00745080 0.01756745
v -0.00543676 -0.00748183 0.02117846
v -0.00552485 -0.00742264 0.01758417
v -0.00548616 -0.00724841 0.02118363
v -0.00546004 -0.00730163 0.02477730
v -0.00550408 -0.00731910 0.02118210
v -0.00547680 -0.00739545 0.02478448
v -0.00549593 -0.00738932 0.02118053
v -0.00546339 -0.00745465 0.02479174
v -0.00546275 -0.00745400 0.02117908
v -0.00545077 -0.00748094 0.02479563
v -0.00542086 -0.00753451 0.02346652
v -0.00539030 -0.00754715 0.02480827
v -0.00555455 -0.00727500 0.01763988
v -0.00555081 -0.00736462 0.01761126
v -0.00677380 -0.00606039 0.02936364
v -0.00690680 -0.00573133 0.02988134
v -0.00695256 -0.00570129 0.02984956
v -0.00691292 -0.00492711 0.03029477
v -0.00680038 -0.00542047 0.02968607
v -0.00686164 -0.00543605 0.02968302
v -0.00662737 -0.00580224 0.02908051
v -0.00652016 -0.00597412 0.02875663
v -0.00657940 -0.00599139 0.02874586
v -0.00559634 -0.00734770 0.02530756
v -0.00541346 -0.00708038 0.02529951
v -0.00600711 -0.00656731 0.02728703
v -0.00547334 -0.00709360 0.02528656
v -0.00701751 -0.00389022 0.03115243
v -0.00693510 -0.00471087 0.03051354
v -0.00699827 -0.00472147 0.03051924
v -0.00612286 -0.00645048 0.02762961
v -0.00606596 -0.00658300 0.02727242
v -0.00611898 -0.00661564 0.02726523
v -0.00552732 -0.00712454 0.02527887
v -0.00616076 -0.00666226 0.02726635
v -0.00556990 -0.00717044 0.02527731
v -0.00618750 -0.00671824 0.02727555
v -0.00559721 -0.00722671 0.02528194
v -0.00619637 -0.00677796 0.02729195
v -0.00560635 -0.00728772 0.02529234
v -0.00618640 -0.00683577 0.02731403
v -0.00663271 -0.00602432 0.02874487
v -0.00667466 -0.00606990 0.02875397
v -0.00670144 -0.00612359 0.02877218
v -0.00671019 -0.00618003 0.02879767
v -0.00669998 -0.00623387 0.02882810
v -0.00667216 -0.00627978 0.02886038
v -0.00615893 -0.00688596 0.02733953
v -0.00556850 -0.00740072 0.02532599
v -0.00705468 -0.00474509 0.03053914
v -0.00691660 -0.00546627 0.02969170
v -0.00709827 -0.00477949 0.03057142
v -0.00695954 -0.00550829 0.02971150
v -0.00712488 -0.00482105 0.03061267
v -0.00698647 -0.00555784 0.02974033
v -0.00713152 -0.00486538 0.03065855
v -0.00699448 -0.00560987 0.02977526
v -0.00711741 -0.00490808 0.03070451
v -0.00698266 -0.00565935 0.02981296
v -0.00708439 -0.00494471 0.03074574
v -0.00552518 -0.00744139 0.02534591
v -0.00598203 -0.00705319 0.02694277
v -0.00611625 -0.00692344 0.02736598
v -0.00662906 -0.00631311 0.02889132
v -0.00707975 -0.00390404 0.03115733
v -0.00713535 -0.00392721 0.03117885
v -0.00717839 -0.00395750 0.03121506
v -0.00720482 -0.00399179 0.03126216
v -0.00721170 -0.00402650 0.03131525
v -0.00719823 -0.00405820 0.03136913
v -0.00716617 -0.00408366 0.03141821
v -0.00707519 -0.00441722 0.03124294
v -0.00711836 -0.00410013 0.03145734
v -0.00696488 -0.00551446 0.03017463
v -0.00697567 -0.00546260 0.03023998
v -0.00703544 -0.00497134 0.03077785
v -0.00535459 -0.00648813 0.02750004
v -0.00595180 -0.00578694 0.02909851
v -0.00616976 -0.00548036 0.02959267
v -0.00648565 -0.00497113 0.03023642
v -0.00662102 -0.00472579 0.03048758
v -0.00695678 -0.00374545 0.03122405
v -0.00685909 -0.00369371 0.03121043
v -0.00640710 -0.00461819 0.03050703
v -0.00509748 -0.00637715 0.02756433
v -0.00746015 -0.00155777 0.03207689
v -0.00723070 -0.00265115 0.03171131
v -0.00744281 -0.00217562 0.03191888
v -0.00735927 -0.00276877 0.03171359
v -0.00717911 -0.00334318 0.03145719
v -0.00651062 -0.00468075 0.03050840
v -0.00605039 -0.00543673 0.02962309
v -0.00561484 -0.00601234 0.02861890
v -0.00522204 -0.00644890 0.02754600
v -0.00489422 -0.00587773 0.02746164
v -0.00493853 -0.00575292 0.02740298
v -0.00528235 -0.00547753 0.02850202
v -0.00531400 -0.00536134 0.02843338
v -0.00571394 -0.00495431 0.02946343
v -0.00573132 -0.00485144 0.02938459
v -0.00669943 -0.00356874 0.03112169
v -0.00707093 -0.00256389 0.03161070
v -0.00697436 -0.00247200 0.03145109
v -0.00743052 -0.00154906 0.03206281
v -0.00729374 -0.00149630 0.03195523
v -0.00720672 -0.00143826 0.03180392
v -0.00617316 -0.00419181 0.03021109
v -0.00617053 -0.00427530 0.03029851
v -0.00661216 -0.00343623 0.03096737
v -0.00624449 -0.00445545 0.03043872
v -0.00572803 -0.00506492 0.02953178
v -0.00577277 -0.00517566 0.02958480
v -0.00528639 -0.00560326 0.02856037
v -0.00532603 -0.00572871 0.02860377
v -0.00488912 -0.00601397 0.02751067
v -0.00492394 -0.00614997 0.02754577
v -0.00499546 -0.00627458 0.02756417
v -0.00539801 -0.00584449 0.02862906
v -0.00549665 -0.00594155 0.02863432
v -0.00584495 -0.00527913 0.02961905
v -0.00593951 -0.00536820 0.02963218
v -0.00560694 -0.00440773 0.03204252
v -0.00491540 -0.00430123 0.03234941
v -0.00573080 -0.00388864 0.03241025
v -0.00546586 -0.00060589 0.03368214
v -0.00594798 -0.00020119 0.03361434
v -0.00605858 -0.00057845 0.03357482
v -0.00252042 -0.00346531 0.03298447
v -0.00307454 -0.00306260 0.03321029
v -0.00373993 -0.00328797 0.03315811
v -0.00092828 -0.00371558 0.03251064
v -0.00182542 -0.00315592 0.03294965
v -0.00239521 -0.00276868 0.03318141
v -0.00739985 -0.00290875 0.03210566
v -0.00732991 -0.00300802 0.03210671
v -0.00722115 -0.00260379 0.03245240
v -0.00681631 -0.00291358 0.03256832
v -0.00561845 -0.00303088 0.03303754
v -0.00629875 -0.00249364 0.03307601
v -0.00692682 -0.00219539 0.03286057
v -0.00537149 -0.00067327 0.03368904
v -0.00573484 -0.00115166 0.03361278
v -0.00605204 -0.00158721 0.03346550
v -0.00646371 -0.00143371 0.03333260
v -0.00686751 -0.00210796 0.03293239
v -0.00564000 -0.00187436 0.03350209
v -0.00472061 -0.00256251 0.03341239
v -0.00524601 -0.00150498 0.03363309
v -0.00420145 -0.00227310 0.03351070
v -0.00473590 -0.00113447 0.03369228
v -0.00331565 -0.00215349 0.03345928
v -0.00659702 -0.00227948 0.03302976
v -0.00714160 -0.00321385 0.03211579
v -0.00672243 -0.00362393 0.03209844
v -0.00627972 -0.00336926 0.03255606
v -0.00623235 -0.00408763 0.03201177
v -0.00582674 -0.00442390 0.03193293
v -0.00491687 -0.00362707 0.03284605
v -0.00435032 -0.00421384 0.03252850
v -0.00363685 -0.00410913 0.03267288
v -0.00293477 -0.00400367 0.03273401
v -0.00211922 -0.00387613 0.03271357
v -0.00373993 0.00288559 0.03315811
v -0.00491687 0.00322469 0.03284605
v -0.00561845 0.00262850 0.03303754
v -0.00252042 0.00306294 0.03298448
v -0.00330106 0.00324496 0.03296715
v -0.00307454 0.00266022 0.03321029
v -0.00245686 0.00232512 0.03320320
v -0.00152045 0.00296409 0.03280622
v -0.00739467 0.00249203 0.03212074
v -0.00717406 0.00213703 0.03252473
v -0.00681632 0.00251119 0.03256832
v -0.00629876 0.00209126 0.03307602
v -0.00659702 0.00187710 0.03302976
v -0.00671613 0.00146932 0.03310145
v -0.00420144 0.00187072 0.03351069
v -0.00472061 0.00216013 0.03341240
v -0.00564000 0.00147198 0.03350208
v -0.00116656 0.00333694 0.03257260
v -0.00201631 0.00345745 0.03270496
v -0.00234742 0.00350974 0.03272826
v -0.00621652 0.00054012 0.03349767
v -0.00573484 0.00074927 0.03361278
v -0.00530896 0.00031556 0.03369280
v -0.00524601 0.00110260 0.03363309
v -0.00477097 0.00070620 0.03369432
v -0.00400626 0.00126774 0.03360556
v -0.00642383 0.00095716 0.03336315
v -0.00605204 0.00118484 0.03346549
v -0.00488662 0.00389427 0.03236007
v -0.00538924 0.00397515 0.03214736
v -0.00573080 0.00348625 0.03241025
v -0.00582674 0.00402152 0.03193292
v -0.00597584 0.00390935 0.03195708
v -0.00625159 0.00366742 0.03201612
v -0.00627972 0.00296689 0.03255606
v -0.00672243 0.00322155 0.03209844
v -0.00715654 0.00279633 0.03211517
v -0.00739985 0.00250637 0.03210566
v -0.00293477 0.00360129 0.03273399
v -0.00356124 0.00369563 0.03268312
v -0.00369273 0.00371495 0.03266470
v -0.00435032 0.00381146 0.03252850
v -0.00092828 0.00331320 0.03251064
v 0.00406501 0.00136833 0.02990521
v 0.00434097 0.00069703 0.02968997
v 0.00488610 0.00228068 0.02897377
v 0.00392187 0.00335662 0.02957250
v 0.00426608 0.00371129 0.02900856
v 0.00378148 0.00409497 0.02924033
v 0.00193712 0.00391408 0.03087180
v 0.00099412 0.00368889 0.03153723
v 0.00130492 0.00334731 0.03152939
v 0.00058823 0.00312396 0.03197497
v 0.00035768 0.00354793 0.03190933
v 0.00360977 0.00164942 0.03026925
v 0.00413668 0.00241580 0.02969356
v 0.00340214 0.00290155 0.03022173
v 0.00337693 0.00381030 0.02983764
v 0.00271538 0.00344534 0.03057369
v 0.00244135 0.00371702 0.03064506
v 0.00222717 0.00399097 0.03063086
v 0.00306870 0.00425743 0.02979357
v 0.00308219 0.00426211 0.02977819
v 0.00343399 0.00436900 0.02935971
v 0.00170542 0.00300578 0.03140977
v -0.00007420 0.00278356 0.03235651
v 0.00046987 0.00241254 0.03218842
v 0.00110469 0.00273931 0.03181302
v 0.00112849 0.00197295 0.03190225
v 0.00265362 0.00231666 0.03092272
v 0.00167232 0.00160292 0.03161779
v 0.00275283 0.00082086 0.03094194
v 0.00502861 0.00272278 0.02868352
v 0.00510558 0.00311143 0.02842325
v 0.00499559 0.00320018 0.02850494
v 0.00474699 0.00337380 0.02869035
v 0.00451930 0.00297112 0.02913972
v 0.00406534 -0.00020119 0.02994349
v 0.00378864 0.00085460 0.03016399
v 0.00366953 0.00015138 0.03026341
v 0.00656785 0.00884393 0.00317275
v 0.00576880 0.00930963 0.00309855
v 0.00594212 0.00932596 0.00649963
v 0.00529837 0.00400952 0.02762944
v 0.00862310 0.00473332 0.02014392
v 0.00787027 0.00569525 0.02049415
v 0.00769850 0.00465413 0.02289255
v 0.00732580 0.00562949 0.02220955
v 0.00740890 0.00456891 0.02367749
v 0.00678711 0.00544451 0.02380163
v 0.00691232 0.00431607 0.02495635
v 0.00628743 0.00508020 0.02522898
v 0.00611763 0.00374147 0.02673163
v 0.00580462 0.00457964 0.02649524
v 0.00566565 0.00342110 0.02756049
v 0.00537516 0.00324409 0.02803065
v 0.00431137 0.00479343 0.02804113
v 0.00472190 0.00551478 0.02675222
v 0.00396956 0.00581567 0.02709247
v 0.00723699 0.00855147 0.00662591
v 0.00603416 0.00927144 0.00804230
v 0.00741677 0.00837858 0.00995768
v 0.00484448 0.00444468 0.02780057
v 0.00531477 0.00512323 0.02656398
v 0.00512010 0.00618074 0.02530288
v 0.00574909 0.00571134 0.02522639
v 0.00553534 0.00670304 0.02373039
v 0.00619905 0.00614667 0.02375780
v 0.00597551 0.00702448 0.02208302
v 0.00668913 0.00639044 0.02215711
v 0.00640958 0.00720551 0.02038188
v 0.00718565 0.00650587 0.02045547
v 0.00679936 0.00732816 0.01864306
v 0.00764427 0.00657491 0.01869001
v 0.00710675 0.00747427 0.01688268
v 0.00802070 0.00667930 0.01689779
v 0.00730910 0.00768974 0.01511709
v 0.00828696 0.00686397 0.01510945
v 0.00741768 0.00794138 0.01336316
v 0.00845094 0.00709290 0.01334149
v 0.00744830 0.00818547 0.01163785
v 0.00852524 0.00731928 0.01160848
v 0.00852257 0.00749661 0.00992464
v 0.00835869 0.00764235 0.00659998
v 0.00785519 0.00788657 0.00329887
v 0.00991141 0.00536380 0.00342112
v 0.00898954 0.00671559 0.00338817
v 0.01020961 0.00538213 0.00777583
v 0.00932458 0.00659084 0.00661150
v 0.01027330 0.00531641 0.00971093
v 0.00946976 0.00647326 0.00991719
v 0.01026254 0.00524760 0.01079051
v 0.00944445 0.00632069 0.01159525
v 0.00999211 0.00495259 0.01409543
v 0.00933051 0.00612514 0.01332437
v 0.00911949 0.00593155 0.01509373
v 0.00946752 0.00475659 0.01701150
v 0.00880303 0.00578518 0.01689212
v 0.00837712 0.00572086 0.01870514
v 0.00363890 0.00502483 0.02846439
v 0.00356346 0.00481439 0.02877979
v 0.00351648 0.00467179 0.02898031
v 0.00613035 0.00913841 0.00985395
v 0.00613651 0.00912504 0.00999162
v 0.00619280 0.00892274 0.01170670
v 0.00620288 0.00870408 0.01324745
v 0.00615503 0.00844974 0.01497558
v 0.00601502 0.00819986 0.01684639
v 0.00585152 0.00805858 0.01815851
v 0.00556284 0.00788658 0.01987918
v 0.00505332 0.00752811 0.02233397
v 0.00472725 0.00717563 0.02378100
v 0.00453060 0.00689198 0.02464916
v 0.00402535 0.00593724 0.02685554
v 0.00950747 -0.00641890 0.00341205
v 0.00991141 -0.00576618 0.00342112
v 0.01020961 -0.00578451 0.00777583
v 0.00723699 -0.00895384 0.00662591
v 0.00594214 -0.00972833 0.00650003
v 0.00730117 -0.00874028 0.00324645
v 0.00576880 -0.00971201 0.00309855
v 0.00431137 -0.00519581 0.02804112
v 0.00356346 -0.00521677 0.02877979
v 0.00363890 -0.00542720 0.02846441
v 0.00472189 -0.00591716 0.02675221
v 0.00396955 -0.00621802 0.02709253
v 0.00402534 -0.00633962 0.02685554
v 0.00512009 -0.00658312 0.02530288
v 0.00453060 -0.00729436 0.02464916
v 0.00553534 -0.00710542 0.02373039
v 0.00473821 -0.00759211 0.02373270
v 0.00597552 -0.00742686 0.02208302
v 0.00505331 -0.00793049 0.02233397
v 0.00640958 -0.00760789 0.02038188
v 0.00556284 -0.00828896 0.01987918
v 0.00679936 -0.00773053 0.01864306
v 0.00585152 -0.00846095 0.01815850
v 0.00710675 -0.00787665 0.01688268
v 0.00379916 -0.00448254 0.02923369
v 0.00355534 -0.00468175 0.02931955
v 0.00351647 -0.00507417 0.02898032
v 0.00343399 -0.00477138 0.02935972
v 0.00880303 -0.00618756 0.01689212
v 0.00837712 -0.00612323 0.01870513
v 0.00764427 -0.00697729 0.01869000
v 0.00862310 -0.00513570 0.02014392
v 0.00946752 -0.00515898 0.01701150
v 0.00999211 -0.00535497 0.01409543
v 0.00611763 -0.00414385 0.02673163
v 0.00566565 -0.00382348 0.02756049
v 0.00580463 -0.00498202 0.02649524
v 0.00529837 -0.00441190 0.02762944
v 0.00476564 -0.00376366 0.02867661
v 0.00426608 -0.00411368 0.02900855
v 0.00484448 -0.00484706 0.02780057
v 0.00531477 -0.00552560 0.02656398
v 0.00628744 -0.00548257 0.02522897
v 0.00574909 -0.00611372 0.02522639
v 0.00678711 -0.00584689 0.02380163
v 0.00619905 -0.00654905 0.02375781
v 0.00732580 -0.00603186 0.02220954
v 0.00668912 -0.00679282 0.02215710
v 0.00787027 -0.00609762 0.02049415
v 0.00718565 -0.00690825 0.02045547
v 0.00691232 -0.00471845 0.02495635
v 0.00737980 -0.00496032 0.02375483
v 0.00769850 -0.00505650 0.02289255
v 0.00846596 -0.00770662 0.00335097
v 0.00911255 -0.00696114 0.00339394
v 0.00835870 -0.00804473 0.00659999
v 0.00932458 -0.00699322 0.00661150
v 0.00852257 -0.00789898 0.00992464
v 0.00946976 -0.00687565 0.00991720
v 0.00852524 -0.00772165 0.01160848
v 0.00944445 -0.00672307 0.01159525
v 0.00845093 -0.00749527 0.01334149
v 0.00933051 -0.00652752 0.01332438
v 0.00828696 -0.00726635 0.01510945
v 0.00911949 -0.00633393 0.01509373
v 0.00802069 -0.00708168 0.01689779
v 0.00601502 -0.00860224 0.01684639
v 0.00602488 -0.00861394 0.01674925
v 0.00730910 -0.00809212 0.01511709
v 0.00615503 -0.00885212 0.01497558
v 0.00741768 -0.00834375 0.01336316
v 0.00620287 -0.00910642 0.01324774
v 0.00744830 -0.00858785 0.01163785
v 0.00619280 -0.00932512 0.01170670
v 0.00741677 -0.00878096 0.00995768
v 0.00613037 -0.00954076 0.00985428
v 0.00603416 -0.00967382 0.00804230
v 0.00510558 -0.00351381 0.02842325
v 0.00537517 -0.00364647 0.02803066
v 0.00565804 -0.00381849 0.02757339
v 0.01027419 -0.00570509 0.00996005
v 0.01026254 -0.00564998 0.01079051
v 0.00413669 -0.00281818 0.02969356
v 0.00482296 -0.00249371 0.02908274
v 0.00433976 -0.00109599 0.02969118
v 0.00130492 -0.00374969 0.03152938
v 0.00121487 -0.00414202 0.03139506
v 0.00222717 -0.00439335 0.03063086
v -0.00044356 -0.00344005 0.03243396
v -0.00009351 -0.00385502 0.03214633
v 0.00244135 -0.00411940 0.03064505
v 0.00255969 -0.00449025 0.03032816
v 0.00337694 -0.00421268 0.02983764
v 0.00340214 -0.00330392 0.03022172
v 0.00271538 -0.00384771 0.03057370
v -0.00018835 -0.00326505 0.03238310
v 0.00058823 -0.00352634 0.03197497
v 0.00340706 -0.00074575 0.03046587
v 0.00282351 -0.00117125 0.03089283
v 0.00326425 -0.00161807 0.03056574
v 0.00157835 -0.00207041 0.03166973
v 0.00265362 -0.00271904 0.03092272
v 0.00081387 -0.00258516 0.03204758
v 0.00170543 -0.00340816 0.03140978
v 0.00509994 -0.00343140 0.02847240
v 0.00392187 -0.00375899 0.02957250
v 0.00451930 -0.00337350 0.02913973
v 0.00501441 -0.00307866 0.02871633
v 0.00360977 -0.00205179 0.03026926
v 0.00378864 -0.00125697 0.03016400
v -0.00754559 -0.00242945 0.03217737
v -0.00733599 -0.00188619 0.03258090
v -0.00755249 -0.00201839 0.03228272
v -0.00753737 -0.00160789 0.03236650
v -0.00686025 -0.00020119 0.03312265
v -0.00748686 -0.00020119 0.03246647
v -0.00748708 -0.00041068 0.03246431
v -0.00694894 -0.00066995 0.03306708
v -0.00749042 -0.00061585 0.03245936
v -0.00749839 -0.00082323 0.03245197
v -0.00706928 -0.00112545 0.03295003
v -0.00750807 -0.00103501 0.03243904
v -0.00752207 -0.00132246 0.03241004
v -0.00749537 -0.00282271 0.03205598
v -0.00747070 -0.00291878 0.03202318
v -0.00743563 -0.00291347 0.03206462
v -0.00751544 -0.00272333 0.03208809
v -0.00754319 -0.00246885 0.03216608
v -0.00753223 -0.00259563 0.03212836
v -0.00613711 -0.00020119 0.03355440
v -0.00658973 -0.00073374 0.03332675
v -0.00676410 -0.00121740 0.03318635
v -0.00754429 -0.00244906 0.03217179
v -0.00720591 -0.00373527 0.03166487
v -0.00727109 -0.00352555 0.03176939
v -0.00731227 -0.00351717 0.03172673
v -0.00733300 -0.00334200 0.03185369
v -0.00741449 -0.00310538 0.03195246
v -0.00723485 -0.00336387 0.03146435
v -0.00741226 -0.00278532 0.03172277
v -0.00728375 -0.00339005 0.03148689
v -0.00745927 -0.00280594 0.03174587
v -0.00732126 -0.00341945 0.03152307
v -0.00749642 -0.00282902 0.03178124
v -0.00734428 -0.00344944 0.03156952
v -0.00752097 -0.00285276 0.03182599
v -0.00735055 -0.00347729 0.03162203
v -0.00753084 -0.00287523 0.03187656
v -0.00733945 -0.00350055 0.03167607
v -0.00752518 -0.00289469 0.03192905
v -0.00750468 -0.00290963 0.03197927
v -0.00733220 0.00293899 0.03185491
v -0.00726770 0.00312966 0.03176739
v -0.00730893 0.00312137 0.03172479
v -0.00720385 0.00333526 0.03166476
v -0.00750394 0.00250718 0.03198018
v -0.00746997 0.00251629 0.03202405
v -0.00741377 0.00270255 0.03195352
v -0.00741189 0.00238299 0.03172369
v -0.00723219 0.00296785 0.03146236
v -0.00745880 0.00240362 0.03174684
v -0.00728100 0.00299415 0.03148497
v -0.00749587 0.00242670 0.03178222
v -0.00731840 0.00302363 0.03152117
v -0.00752034 0.00245042 0.03182699
v -0.00734128 0.00305369 0.03156764
v -0.00753014 0.00247286 0.03187753
v -0.00734743 0.00308156 0.03162016
v -0.00752445 0.00249228 0.03193000
v -0.00733621 0.00310479 0.03167417
v -0.00743527 0.00251104 0.03206506
v -0.00749472 0.00242009 0.03205686
v -0.00694893 0.00026757 0.03306709
v -0.00706928 0.00072306 0.03295004
v -0.00750794 0.00063265 0.03243924
v -0.00749832 0.00042176 0.03245205
v -0.00749037 0.00021348 0.03245945
v -0.00748703 0.00000766 0.03246435
v -0.00754515 0.00202577 0.03217841
v -0.00755210 0.00161661 0.03228309
v -0.00733599 0.00148381 0.03258090
v -0.00753722 0.00120792 0.03236648
v -0.00752191 0.00092079 0.03241025
v -0.00753151 0.00219389 0.03212891
v -0.00754265 0.00206660 0.03216672
v -0.00751477 0.00232107 0.03208884
v -0.00658973 0.00033136 0.03332675
v -0.00676409 0.00081503 0.03318635
v -0.00711237 0.00157692 0.03278141
v -0.00754373 0.00204632 0.03217257
v -0.00228604 0.00152675 0.02565962
v -0.00327058 0.00174841 0.02568015
v -0.00423403 0.00144799 0.02570023
v -0.00491822 0.00070600 0.02571449
v -0.00513983 -0.00027876 0.02571911
v -0.00483947 -0.00124241 0.02571285
v -0.00409764 -0.00192675 0.02569739
v -0.00311310 -0.00214841 0.02567687
v -0.00214965 -0.00184799 0.02565678
v -0.00146546 -0.00110600 0.02564251
v -0.00124385 -0.00012124 0.02563790
v -0.00154420 0.00084241 0.02564416
v -0.00729704 -0.00044423 0.03197934
v -0.00745415 -0.00088684 0.03217439
v -0.00745077 -0.00020117 0.03220117
v -0.00745415 0.00048566 0.03217450
v -0.00735392 0.00060535 0.03207072
v -0.00745828 0.00091074 0.03212337
v -0.00745022 -0.00046137 0.03219668
v -0.00738687 -0.00045558 0.03213394
v -0.00726508 0.00056948 0.03191726
v -0.00757640 0.00184887 0.03218249
v -0.00757087 0.00118936 0.03227920
v -0.00748856 0.00177895 0.03193667
v -0.00750449 0.00116069 0.03210662
v -0.00752871 0.00178703 0.03196419
v -0.00752702 0.00116373 0.03212988
v -0.00756051 0.00179747 0.03200036
v -0.00759041 0.00183617 0.03213691
v -0.00759242 0.00182282 0.03208944
v -0.00758220 0.00180965 0.03204299
v -0.00755974 0.00117227 0.03218543
v -0.00756611 0.00117558 0.03220494
v -0.00759090 -0.00223766 0.03213650
v -0.00757692 -0.00225041 0.03218210
v -0.00756141 -0.00159759 0.03231978
v -0.00749649 -0.00155990 0.03209986
v -0.00748880 -0.00218074 0.03193618
v -0.00753327 -0.00156483 0.03213771
v -0.00756949 -0.00159127 0.03228901
v -0.00759288 -0.00222429 0.03208901
v -0.00757040 -0.00157910 0.03222503
v -0.00758261 -0.00221115 0.03204255
v -0.00756622 -0.00157556 0.03220497
v -0.00756087 -0.00219904 0.03199991
v -0.00752901 -0.00218869 0.03196371
v -0.00023943 -0.00239584 0.03254690
v 0.00038730 -0.00110845 0.03232686
v -0.00166406 0.00197426 0.03305646
v -0.00094600 0.00242053 0.03275564
v -0.00094884 0.00154683 0.03286204
v -0.00297489 0.00112822 0.03346870
v -0.00417242 -0.00065917 0.03368279
v -0.00297489 -0.00153060 0.03346870
v -0.00166406 -0.00237664 0.03305644
v -0.00094600 -0.00282291 0.03275564
v -0.00417242 0.00025679 0.03368280
v -0.00477749 -0.00020119 0.03371428
v -0.00353588 -0.00020119 0.03361271
v -0.00229185 -0.00109242 0.03333222
v -0.00094884 -0.00194921 0.03286204
v -0.00229185 0.00069004 0.03333222
v -0.00094634 -0.00020119 0.03290788
v 0.00038730 0.00070607 0.03232687
v 0.00161978 -0.00020119 0.03166926
v 0.00224554 0.00028081 0.03128082
v 0.00285562 -0.00020119 0.03086603
v -0.00161510 -0.00064796 0.03314190
v -0.00291986 0.00024981 0.03349527
v 0.01015030 0.00365291 0.01664792
v 0.00537113 0.00093908 0.02864480
v 0.00530389 0.00037438 0.02874412
v 0.00916597 0.00045093 0.02286995
v 0.00915716 -0.00020119 0.02296132
v 0.01016699 -0.00020119 0.02033072
v 0.00801070 -0.00020119 0.02517704
v 0.01015054 0.00491424 0.00342135
v 0.01052052 0.00409045 0.00341553
v 0.00966683 0.00113656 0.02138495
v 0.01031279 0.00047149 0.01975006
v 0.01019523 0.00113888 0.01980297
v 0.01110908 0.00046737 0.01656810
v 0.01101248 0.00113144 0.01657751
v 0.00614093 0.00087620 0.02775617
v 0.00615495 0.00033923 0.02778066
v 0.00736479 0.00090760 0.02608017
v 0.00744620 0.00035514 0.02604042
v 0.00829792 0.00100803 0.02449709
v 0.00840939 0.00040541 0.02442896
v 0.00904138 0.00109803 0.02294735
v 0.00537104 -0.00020119 0.02867437
v 0.00668971 -0.00020119 0.02712686
v 0.00747612 -0.00020119 0.02602449
v 0.00549673 0.00265911 0.02815277
v 0.00547366 0.00191010 0.02839682
v 0.00593527 0.00271915 0.02756380
v 0.00607449 0.00187068 0.02766459
v 0.00670808 0.00298118 0.02631860
v 0.00708987 0.00198312 0.02619223
v 0.00739156 0.00329183 0.02495988
v 0.00791189 0.00218516 0.02471373
v 0.00802655 0.00353253 0.02347508
v 0.00860892 0.00235704 0.02319459
v 0.00863652 0.00363661 0.02186644
v 0.00923027 0.00243074 0.02161019
v 0.00920724 0.00364941 0.02016707
v 0.00978085 0.00243662 0.01997257
v 0.00971853 0.00363398 0.01841496
v 0.01096694 0.00271541 0.00339598
v 0.01076604 0.00341093 0.00340677
v 0.01125151 0.00273311 0.00666373
v 0.01076319 0.00411456 0.00651120
v 0.01141267 0.00269717 0.00994149
v 0.01091642 0.00405912 0.00981357
v 0.01136811 0.00263827 0.01157143
v 0.01087378 0.00397121 0.01146769
v 0.01122340 0.00255844 0.01323311
v 0.01073064 0.00385226 0.01316395
v 0.01098538 0.00248058 0.01491608
v 0.01048875 0.00373500 0.01489388
v 0.01066143 0.00242812 0.01660885
v 0.01131855 0.00115698 0.01493776
v 0.01161885 -0.00020119 0.01370627
v 0.01154789 0.00119582 0.01329438
v 0.01166479 -0.00020119 0.01332080
v 0.01168933 0.00123590 0.01166111
v 0.01184343 -0.00020119 0.01058994
v 0.01173225 0.00126543 0.01005059
v 0.01184539 -0.00020119 0.01009676
v 0.01156211 0.00128310 0.00679055
v 0.01173058 -0.00020119 0.00756005
v 0.01118738 0.00163081 0.00337918
v 0.01132631 -0.00020119 0.00336423
v 0.01107698 -0.00020119 0.01688048
v 0.01035464 -0.00020119 0.01973042
v 0.00655599 0.00876804 0.00284766
v 0.00648580 0.00860748 0.00256329
v 0.00576131 0.00923473 0.00277223
v 0.00570208 0.00907027 0.00248659
v 0.00984908 0.00532471 0.00310455
v 0.00970217 0.00523839 0.00282779
v 0.00894322 0.00665826 0.00306777
v 0.00881877 0.00653951 0.00278764
v 0.00782801 0.00781551 0.00297593
v 0.00773183 0.00767027 0.00269357
v 0.00710312 0.00817938 0.00262805
v 0.00931431 -0.00626981 0.00281484
v 0.00945188 -0.00637135 0.00309342
v 0.00882592 -0.00693086 0.00278678
v 0.00842897 -0.00764181 0.00302924
v 0.00576131 -0.00963711 0.00277224
v 0.00570208 -0.00947265 0.00248660
v 0.00728169 -0.00866571 0.00292255
v 0.00719781 -0.00851200 0.00263933
v 0.00831796 -0.00750921 0.00274795
v 0.00984908 -0.00572709 0.00310454
v 0.00970217 -0.00564076 0.00282779
v 0.01098538 -0.00288295 0.01491608
v 0.01066143 -0.00283050 0.01660884
v 0.01015030 -0.00405529 0.01664793
v 0.01154789 -0.00159820 0.01329438
v 0.01131856 -0.00155937 0.01493776
v 0.00904138 -0.00150041 0.02294735
v 0.00923027 -0.00283312 0.02161019
v 0.00978085 -0.00283900 0.01997257
v 0.01019523 -0.00154126 0.01980297
v 0.01131009 -0.00083220 0.00336632
v 0.00593527 -0.00312153 0.02756380
v 0.00549674 -0.00306149 0.02815277
v 0.00971853 -0.00403636 0.01841495
v 0.00920724 -0.00405179 0.02016707
v 0.00607449 -0.00227306 0.02766459
v 0.00547367 -0.00231248 0.02839682
v 0.00863652 -0.00403898 0.02186644
v 0.00802655 -0.00393491 0.02347507
v 0.00537114 -0.00134145 0.02864480
v 0.00614093 -0.00127858 0.02775616
v 0.00736480 -0.00130998 0.02608016
v 0.00829792 -0.00141041 0.02449709
v 0.00791189 -0.00258755 0.02471373
v 0.00708987 -0.00238550 0.02619223
v 0.00670808 -0.00338356 0.02631861
v 0.00744620 -0.00075751 0.02604042
v 0.00615495 -0.00074161 0.02778066
v 0.00530389 -0.00077676 0.02874412
v 0.01108969 -0.00258069 0.00338739
v 0.01123680 -0.00167574 0.00337443
v 0.01125151 -0.00313549 0.00666372
v 0.01156210 -0.00168548 0.00679054
v 0.01141267 -0.00309954 0.00994149
v 0.01173225 -0.00166781 0.01005059
v 0.01136812 -0.00304065 0.01157143
v 0.01168933 -0.00163828 0.01166111
v 0.01122341 -0.00296081 0.01323311
v 0.01101249 -0.00153382 0.01657751
v 0.01062608 -0.00421768 0.00341229
v 0.01076319 -0.00451694 0.00651120
v 0.01091642 -0.00446150 0.00981357
v 0.01087378 -0.00437359 0.01146769
v 0.01073064 -0.00425463 0.01316395
v 0.01048875 -0.00413738 0.01489388
v 0.00739156 -0.00369421 0.02495988
v 0.00860892 -0.00275942 0.02319459
v 0.00966684 -0.00153894 0.02138494
v 0.01031279 -0.00087387 0.01975006
v 0.01110908 -0.00086975 0.01656810
v -0.00751608 -0.00020118 0.03239965
v -0.00752059 -0.00020118 0.03237228
v -0.00753328 -0.00088990 0.03230176
v -0.00748273 -0.00088684 0.03220001
v -0.00749678 -0.00020117 0.03225775
v -0.00750594 -0.00088737 0.03223059
v -0.00750693 -0.00020117 0.03227913
v -0.00751973 -0.00020117 0.03232690
v -0.00753327 0.00048964 0.03230182
v -0.00748273 0.00048592 0.03220010
v -0.00750594 0.00048669 0.03223068
v -0.00319184 -0.00020000 0.02567851
v 0.01111005 0.00162037 0.00307787
v 0.01124828 -0.00020119 0.00306609
v 0.01108379 -0.00020119 0.00280548
v 0.01008467 0.00488029 0.00310646
v 0.00993296 0.00480360 0.00283119
v 0.01094555 0.00159579 0.00281449
v 0.01083637 0.00219363 0.00281969
v 0.01069244 0.00338986 0.00309842
v 0.01053119 0.00333989 0.00282890
v 0.01008685 0.00448206 0.00283224
v 0.01055404 -0.00419365 0.00310214
v 0.01106755 -0.00081977 0.00280678
v 0.01123211 -0.00082838 0.00306776
v 0.01084898 -0.00253524 0.00281916
v 0.01101306 -0.00256723 0.00308419
v 0.01039455 -0.00413716 0.00283103
v 0.01008681 -0.00488452 0.00283224
v -0.00093215 0.00724530 0.01833612
v -0.00086451 0.00725308 0.01835310
v -0.00077458 0.00726241 0.01839736
v -0.00071819 0.00726768 0.01844249
v -0.00064559 0.00727380 0.01853647
v 0.00116276 -0.00416543 0.02608784
v 0.00131679 -0.00465961 0.02608463
v 0.00031782 -0.00470000 0.02610545
v 0.00120314 -0.00516461 0.02608700
v 0.00085227 -0.00554512 0.02609432
v -0.00021663 -0.00385488 0.02611659
v 0.00027744 -0.00370082 0.02610630
v 0.00078233 -0.00381448 0.02609577
v -0.00052712 -0.00523457 0.02612307
v -0.00068114 -0.00474039 0.02612627
v -0.00056750 -0.00423539 0.02612391
v 0.00035820 -0.00569918 0.02610461
v -0.00014669 -0.00558551 0.02611514
v 0.00053805 -0.00586824 0.02351157
v 0.00031227 -0.00589901 0.02350017
v 0.00036211 -0.00589902 0.02590449
v 0.00019811 -0.00589821 0.02350740
v -0.00011670 -0.00583769 0.02357365
v -0.00024376 -0.00576262 0.02591712
v -0.00070028 -0.00534148 0.02592664
v -0.00088511 -0.00474847 0.02593049
v -0.00074873 -0.00414247 0.02592764
v -0.00032769 -0.00368585 0.02591886
v 0.00026519 -0.00350098 0.02590651
v 0.00087107 -0.00363738 0.02589388
v 0.00132758 -0.00405851 0.02588436
v 0.00151241 -0.00465153 0.02588051
v 0.00137604 -0.00525754 0.02588335
v 0.00095500 -0.00571415 0.02589213
v 0.00009906 0.00548863 0.02352072
v 0.00021487 0.00549901 0.02350580
v 0.00026520 0.00549902 0.02590651
v 0.00087107 0.00536262 0.02589388
v 0.00132758 0.00494148 0.02588436
v 0.00151241 0.00434847 0.02588051
v 0.00137604 0.00374246 0.02588335
v 0.00095500 0.00328585 0.02589213
v 0.00036211 0.00310098 0.02590449
v -0.00024376 0.00323738 0.02591712
v -0.00070028 0.00365852 0.02592664
v -0.00088511 0.00425153 0.02593049
v -0.00074873 0.00485754 0.02592764
v -0.00032769 0.00531415 0.02591886
v 0.00043985 0.00548698 0.02350236
v 0.00075019 0.00539744 0.02355559
v 0.00082310 0.00536247 0.02357932
v 0.00116276 0.00483457 0.02608784
v 0.00131679 0.00434039 0.02608463
v 0.00031782 0.00430000 0.02610545
v 0.00120314 0.00383539 0.02608700
v 0.00085227 0.00345488 0.02609431
v -0.00021663 0.00514512 0.02611659
v 0.00027744 0.00529918 0.02610630
v 0.00078233 0.00518551 0.02609577
v -0.00052712 0.00376543 0.02612307
v -0.00068114 0.00425961 0.02612627
v -0.00056750 0.00476461 0.02612391
v 0.00035820 0.00330082 0.02610461
v -0.00014669 0.00341449 0.02611514
v 0.00474694 0.00972589 0.00987080
v 0.00207119 0.00427904 0.03052174
v 0.00125308 0.01034224 0.01217132
v 0.00194263 0.01015428 0.01323367
v 0.00181082 0.01046820 0.00987123
v 0.00292886 0.00914262 0.01943196
v 0.00318289 0.00888750 0.02033289
v 0.00342133 0.00939195 0.01669997
v 0.00378582 0.00760860 0.02389141
v 0.00412460 0.00808952 0.02204178
v 0.00374515 0.00796741 0.02296750
v 0.00441400 0.00841018 0.02023709
v 0.00333016 0.00865015 0.02116341
v 0.00364952 0.00814344 0.02255223
v 0.00341173 0.00981938 0.01320961
v 0.00188919 0.00999359 0.01495750
v 0.00246093 0.00958075 0.01741286
v 0.00216690 0.01065178 0.00297999
v 0.00160472 0.01076571 0.00299209
v 0.00169435 0.01070862 0.00654113
v 0.00092213 0.01086460 0.00300750
v 0.00039427 0.01070114 0.00846692
v 0.00033639 0.01086461 0.00585695
v 0.00028731 0.01091126 0.00301395
v 0.00457238 0.00993463 0.00653852
v 0.00402751 0.01009181 0.00298950
v 0.00286255 0.00515313 0.02902351
v 0.00294737 0.00561512 0.02834151
v 0.00308045 0.00606748 0.02755494
v 0.00341813 0.00691539 0.02577745
v 0.00478889 0.00885248 0.01670453
v 0.00285576 0.00468343 0.02956825
v 0.00290331 0.00445415 0.02975782
v 0.00000990 0.00392862 0.03184134
v 0.00081846 0.00405457 0.03140111
v -0.00003387 0.00434655 0.03155110
v 0.00072891 0.00442316 0.03116060
v -0.00000039 0.00511224 0.03080548
v 0.00068824 0.00512913 0.03048303
v 0.00009551 0.00578574 0.02994394
v 0.00074586 0.00577375 0.02965138
v 0.00022193 0.00638839 0.02900610
v 0.00085948 0.00636265 0.02872111
v 0.00067872 0.00741227 0.02692803
v 0.00114922 0.00738261 0.02670737
v 0.00155934 0.00757081 0.02603288
v -0.00089117 0.00379151 0.03223995
v -0.00085210 0.00415854 0.03196584
v -0.00081011 0.00449968 0.03167637
v -0.00021733 0.00725156 0.02767631
v -0.00042221 0.00649664 0.02909487
v -0.00068335 0.00530623 0.03082599
v -0.00071953 0.00510312 0.03106591
v 0.00327802 0.01017545 0.00987407
v 0.00312937 0.01040200 0.00655812
v 0.00310960 0.01040199 0.00297237
v 0.00486050 0.00932263 0.01322696
v 0.00239024 0.00772096 0.02503198
v 0.00234218 0.00719953 0.02619749
v 0.00203850 0.00625090 0.02812554
v 0.00193438 0.00572047 0.02899340
v 0.00189787 0.00515850 0.02974658
v 0.00197116 0.00457255 0.03032789
v 0.00321714 0.00787105 0.02385832
v -0.00563201 0.00624569 0.00651915
v -0.00549838 0.00624569 0.01292985
v -0.00567517 0.00621429 0.00648625
v -0.00587619 0.00600726 0.01317631
v -0.00606239 0.00598647 0.00627057
v -0.00591802 0.00598647 0.01319616
v -0.00317880 -0.00706834 0.01233274
v -0.00328957 -0.00706834 0.00701908
v -0.00326660 -0.00755825 0.00812076
v -0.00324460 -0.00770002 0.00917602
v -0.00322377 -0.00770002 0.01017581
v -0.00319780 -0.00750099 0.01142158
v -0.00374641 -0.00770003 0.00918648
v -0.00372557 -0.00770003 0.01018626
v -0.00630900 0.00639706 0.01277206
v -0.00641526 0.00650809 0.01263197
v -0.00653202 0.00658996 0.01068610
v -0.00657534 0.00661206 0.00958883
v -0.00660947 0.00661090 0.00790107
v -0.00661605 0.00659727 0.00698136
v -0.00317883 0.00666592 0.01233645
v -0.00319788 0.00710061 0.01142261
v -0.00322387 0.00729998 0.01017580
v -0.00324472 0.00729998 0.00917602
v -0.00326671 0.00715821 0.00812076
v -0.00328975 0.00666592 0.00701538
v -0.00374652 0.00729998 0.00918649
v -0.00372568 0.00729997 0.01018627
v -0.00375307 0.00729824 0.00907019
v -0.00412484 0.00713783 0.00838606
v -0.00385426 0.00725893 0.00862000
v -0.00409368 0.00715514 0.00812754
v -0.00391613 0.00720912 0.01103638
v -0.00419465 0.00707186 0.01152792
v -0.00418696 0.00707974 0.01113679
v -0.00463362 0.00683001 0.01208699
v -0.00376043 0.00728191 0.01056355
v -0.00516102 0.00657182 0.00691435
v -0.00500471 0.00667007 0.00705762
v -0.00449522 0.00695901 0.00758546
v -0.00520755 0.00645974 0.01267048
v -0.00437657 -0.00737566 0.01177814
v -0.00481268 -0.00718448 0.00724238
v -0.00489375 -0.00707026 0.01236722
v -0.00516086 -0.00697195 0.00691309
v -0.00529021 -0.00680084 0.01274673
v -0.00537156 -0.00683183 0.00673087
v -0.00549829 -0.00664577 0.01292985
v -0.00563192 -0.00664577 0.00651915
v -0.00414156 -0.00749893 0.01144711
v -0.00400826 -0.00756496 0.01122175
v -0.00405468 -0.00754546 0.01098228
v -0.00380671 -0.00766033 0.01074661
v -0.00372687 -0.00769854 0.01029313
v -0.00400607 -0.00759434 0.00828020
v -0.00432435 -0.00744578 0.00779501
v -0.00428825 -0.00745958 0.00821461
v -0.00381334 -0.00767545 0.00874899
v -0.00554004 -0.00661437 0.01296452
v -0.00601967 -0.00640734 0.00628865
v -0.00591793 -0.00638656 0.01319616
v -0.00606230 -0.00638656 0.00627056
v -0.00755617 0.00173995 0.00526503
v -0.00694451 0.00329995 0.00525228
v -0.00818126 0.00329994 0.00527806
v -0.00818187 -0.00370006 0.00527807
v -0.00694571 -0.00370005 0.00525230
v -0.00843702 -0.00249703 0.00528328
v -0.00755617 -0.00214233 0.00526503
v -0.00838774 0.00238568 0.00528228
v -0.00854420 0.00120886 0.00528553
v -0.00781167 -0.00020119 0.00527035
v -0.00860262 -0.00020119 0.00528684
v -0.00856976 -0.00127252 0.00528609
v -0.00661693 -0.00699845 0.00698296
v -0.00660439 -0.00701578 0.00835501
v -0.00653290 -0.00699112 0.01068644
v -0.00641628 -0.00690935 0.01263042
v -0.00631031 -0.00679862 0.01277029
v 0.00192176 -0.01110619 0.00298507
v 0.00300691 -0.01083418 0.00297286
v 0.00312938 -0.01080436 0.00655853
v 0.00350476 -0.01067746 0.00297667
v 0.00442049 -0.01034023 0.00300609
v 0.00457240 -0.01033700 0.00653893
v 0.00523535 -0.00998147 0.00305575
v 0.00002699 -0.00844817 0.02580035
v 0.00078223 -0.00864361 0.02490569
v -0.00008834 -0.00808365 0.02672165
v 0.00050787 -0.00782646 0.02699479
v -0.00003388 -0.00474891 0.03155111
v -0.00081011 -0.00490206 0.03167637
v -0.00000040 -0.00551460 0.03080550
v -0.00071954 -0.00550547 0.03106594
v 0.00009551 -0.00618809 0.02994399
v -0.00068335 -0.00570861 0.03082599
v 0.00022192 -0.00679073 0.02900616
v -0.00042221 -0.00689903 0.02909487
v -0.00013629 -0.00792713 0.02708406
v 0.00000990 -0.00433099 0.03184135
v -0.00089117 -0.00419388 0.03223996
v -0.00085210 -0.00456092 0.03196584
v 0.00144337 -0.00858989 0.02462172
v 0.00019787 -0.00897001 0.02423249
v 0.00167767 -0.00918580 0.02257721
v 0.00029239 -0.00925401 0.02320400
v 0.00184555 -0.00961509 0.02059097
v 0.00081847 -0.00445695 0.03140111
v 0.00072891 -0.00482553 0.03116061
v 0.00068824 -0.00553149 0.03048306
v 0.00074586 -0.00617610 0.02965143
v 0.00085947 -0.00676499 0.02872117
v 0.00114920 -0.00778494 0.02670747
v 0.00308044 -0.00646983 0.02755500
v 0.00341812 -0.00731773 0.02577754
v 0.00378580 -0.00801094 0.02389154
v 0.00412457 -0.00849187 0.02204194
v 0.00441397 -0.00881253 0.02023727
v 0.00478887 -0.00925483 0.01670477
v 0.00486050 -0.00972497 0.01322724
v 0.00474695 -0.01012824 0.00987113
v 0.00290332 -0.00485653 0.02975782
v 0.00207119 -0.00468142 0.03052175
v 0.00285576 -0.00508580 0.02956825
v 0.00197117 -0.00497492 0.03032789
v 0.00286255 -0.00555549 0.02902353
v 0.00189787 -0.00556086 0.02974661
v 0.00294737 -0.00601748 0.02834155
v 0.00193438 -0.00612282 0.02899344
v 0.00203849 -0.00665324 0.02812560
v 0.00234216 -0.00760186 0.02619759
v 0.00267742 -0.00836112 0.02418204
v 0.00296230 -0.00890803 0.02222397
v 0.00318286 -0.00928984 0.02033308
v 0.00342132 -0.00979430 0.01670021
v 0.00341174 -0.01022173 0.01320990
v 0.00327804 -0.01057780 0.00987441
v 0.00041973 -0.00964082 0.02149862
v 0.00044613 -0.00972407 0.02106908
v 0.00199482 -0.01016792 0.01679638
v 0.00057087 -0.01021173 0.01787563
v 0.00194264 -0.01055662 0.01323396
v 0.00053246 -0.01071163 0.01309028
v 0.00181084 -0.01087055 0.00987156
v 0.00039427 -0.01110352 0.00846692
v 0.00169437 -0.01111098 0.00654154
v 0.00033639 -0.01126699 0.00585695
v 0.00160457 -0.01116680 0.00299193
v 0.00028731 -0.01131364 0.00301396
v 0.00045257 -0.00769800 0.00059711
v 0.00131499 -0.00762836 0.00076314
v 0.00108145 -0.00759881 0.00058400
v 0.00191562 -0.00738062 0.00056661
v 0.00271944 -0.00706866 0.00054985
v 0.00348243 -0.00666700 0.00053395
v 0.00419462 -0.00618088 0.00051910
v 0.00484670 -0.00561666 0.00050551
v 0.00543016 -0.00498170 0.00049334
v 0.00593738 -0.00428431 0.00048278
v 0.00636172 -0.00353358 0.00047392
v 0.00669766 -0.00273933 0.00046692
v 0.00694080 -0.00191193 0.00046185
v 0.00708797 -0.00106218 0.00045879
v 0.00713724 -0.00020119 0.00045776
v 0.00708797 0.00065980 0.00045879
v 0.00694080 0.00150955 0.00046186
v 0.00669766 0.00233695 0.00046692
v 0.00636172 0.00313121 0.00047393
v 0.00593738 0.00388193 0.00048277
v 0.00543016 0.00457933 0.00049335
v 0.00484670 0.00521428 0.00050551
v 0.00419462 0.00577850 0.00051910
v 0.00348243 0.00626462 0.00053395
v 0.00271945 0.00666628 0.00054985
v 0.00191562 0.00697824 0.00056661
v 0.00156689 0.00719365 0.00080632
v 0.00108146 0.00719644 0.00058400
v 0.00131596 0.00722613 0.00076288
v 0.00045257 0.00729562 0.00059710
v -0.00776554 0.00460637 -0.00296886
v -0.00782528 0.00459925 -0.00664055
v -0.00804790 0.00416037 -0.00676161
v -0.00820024 0.00347970 0.00099788
v -0.00797191 0.00397467 0.00533093
v -0.00765779 0.00471959 0.00102644
v -0.00773276 0.00459409 0.00548380
v -0.00755233 0.00499549 0.00564216
v -0.00856694 0.00224812 0.00098087
v -0.00877465 0.00102208 0.00097267
v -0.00905847 -0.00020119 -0.00314825
v -0.00898171 0.00098198 -0.00314059
v -0.00914942 -0.00020119 -0.00698807
v -0.00906463 0.00097948 -0.00698984
v -0.00834333 0.00337827 -0.00305800
v -0.00850131 0.00310801 -0.00700158
v -0.00874602 0.00217264 -0.00311288
v -0.00881245 0.00216830 -0.00699510
v -0.00897887 0.00147755 -0.00699163
v -0.00884016 -0.00020119 0.00097055
v -0.00772366 -0.00519205 -0.00658249
v -0.00712858 -0.00619382 -0.00623310
v -0.00701448 -0.00629787 -0.00448630
v -0.00648590 -0.00711426 -0.00581985
v -0.00617971 -0.00750718 -0.00560702
v -0.00608360 -0.00756234 -0.00431670
v -0.00435564 -0.00925989 0.00984230
v -0.00530302 -0.00841278 0.01020954
v -0.00492380 -0.00888042 0.00796370
v -0.00690854 -0.00656154 0.00645660
v -0.00683334 -0.00662964 0.00494374
v -0.00751894 -0.00546740 0.00567595
v -0.00755231 -0.00539793 0.00564326
v -0.00756626 -0.00535387 0.00494563
v -0.00722145 -0.00603668 0.00601156
v -0.00593736 -0.00782414 0.00495994
v -0.00591542 -0.00787829 0.00792150
v -0.00589315 -0.00778835 0.01043837
v -0.00587631 -0.00787175 -0.00538402
v -0.00522817 -0.00857491 -0.00485965
v -0.00507123 -0.00870903 -0.00417232
v -0.00461025 -0.00916449 -0.00428200
v -0.00499705 -0.00876873 -0.00041125
v -0.00401598 -0.00966656 -0.00362772
v -0.00395935 -0.00973621 -0.00027289
v -0.00494175 -0.00889325 0.00501312
v -0.00390992 -0.00979287 0.00512218
v -0.00389154 -0.00971798 0.00802754
v -0.00389320 -0.00961732 0.00966287
v -0.00600679 -0.00762113 -0.00053591
v -0.00692902 -0.00636156 -0.00064194
v -0.00782529 -0.00500162 -0.00664055
v -0.00780801 -0.00499248 -0.00464258
v -0.00770419 -0.00505817 -0.00072444
v -0.00591542 0.00747592 0.00792109
v -0.00591721 0.00735854 0.01044770
v -0.00389320 0.00921494 0.00966287
v -0.00389154 0.00931562 0.00802713
v -0.00492380 0.00847805 0.00796329
v -0.00520338 0.00819770 -0.00483809
v -0.00507124 0.00830665 -0.00417236
v -0.00453938 0.00882525 -0.00420973
v -0.00701448 0.00589549 -0.00448635
v -0.00720784 0.00566720 -0.00628133
v -0.00654930 0.00662684 -0.00586253
v -0.00608360 0.00715996 -0.00431675
v -0.00618294 0.00710062 -0.00560933
v -0.00583514 0.00751699 -0.00535275
v -0.00395935 0.00933382 -0.00027308
v -0.00401598 0.00926419 -0.00362772
v -0.00499705 0.00836634 -0.00041144
v -0.00530382 0.00800961 0.01020985
v -0.00683335 0.00622725 0.00494340
v -0.00691902 0.00614251 0.00643758
v -0.00593736 0.00742175 0.00495959
v -0.00723962 0.00560169 0.00598708
v -0.00600679 0.00721874 -0.00053610
v -0.00692902 0.00595918 -0.00064215
v -0.00494175 0.00849087 0.00501278
v -0.00390992 0.00939049 0.00512184
v 0.00403035 0.00801315 0.02420168
v 0.00364059 0.00865516 0.02251501
v 0.00344241 0.00892781 0.02165741
v 0.00329988 0.00909911 0.02104066
v 0.00292068 0.00946919 0.01939970
v 0.00245418 0.00979582 0.01738095
v 0.00171566 0.01017681 0.01418510
v 0.00187776 0.00762702 0.02603567
v 0.00196739 0.00734419 0.00117735
v 0.00175725 0.00751938 0.00149485
v 0.00118866 0.00747318 0.00131316
v -0.00038867 0.00731964 0.00093052
v 0.00007993 0.00736381 0.00085076
v 0.00034816 0.00744719 0.00156957
v 0.00062499 0.00742192 0.00109914
v 0.00133659 0.00761909 0.00220771
v 0.00154387 0.00761218 0.00184345
v -0.00051479 0.00729799 0.00077201
v -0.00050370 0.00729819 0.00061704
v -0.00027944 0.00731983 0.00061237
v 0.00369722 0.00797044 0.00324672
v 0.00339231 0.00797627 0.00362856
v 0.00400457 0.00784804 0.00288721
v 0.00429603 0.00761525 0.00257172
v 0.00239151 0.00780261 0.00287638
v 0.00265369 0.00779717 0.00250317
v 0.00292023 0.00769010 0.00214895
v 0.00317730 0.00748618 0.00183229
v 0.00106170 -0.00797362 0.00204353
v 0.00009520 -0.00780569 0.00137227
v -0.00018142 -0.00775780 0.00113573
v -0.00051479 -0.00770037 0.00077201
v 0.00339236 -0.00837866 0.00362876
v 0.00239124 -0.00820493 0.00287743
v 0.00133658 -0.00802147 0.00220770
v 0.00429609 -0.00801761 0.00257190
v 0.00369727 -0.00837285 0.00324691
v 0.00400462 -0.00825041 0.00288740
v 0.00265336 -0.00819948 0.00250419
v 0.00291985 -0.00809233 0.00214996
v 0.00317687 -0.00788830 0.00183331
v 0.00154387 -0.00801456 0.00184344
v 0.00175725 -0.00792176 0.00149484
v 0.00196739 -0.00774656 0.00117734
v 0.00079003 -0.00776237 0.00089258
v -0.00012055 -0.00772712 0.00060936
v 0.00007982 -0.00776621 0.00085084
v 0.00042924 -0.00769941 0.00059613
v -0.00050370 -0.00770057 0.00061704
v 0.00062424 -0.00782432 0.00109933
v -0.00591904 0.00501787 -0.00541621
v -0.00618109 0.00473832 -0.00560801
v -0.00340616 0.00670293 -0.00282088
v -0.00231727 0.00705961 -0.00086002
v -0.00358001 0.00662849 -0.00306821
v -0.00345027 0.00968420 -0.00288506
v -0.00340577 0.00971502 -0.00282030
v -0.00290371 0.01004014 -0.00201330
v -0.00241791 0.01031274 -0.00107596
v -0.00231728 0.01036348 -0.00086002
v -0.00414848 0.00634936 -0.00378440
v -0.00455932 0.00611034 -0.00423021
v -0.00472869 0.00600125 -0.00439977
v -0.00532895 0.00555665 -0.00494604
v -0.00583366 0.00510310 -0.00535162
v -0.00738578 0.00289734 -0.00638763
v -0.00704564 0.00355044 -0.00618205
v -0.00696371 0.00368674 -0.00613098
v -0.00647882 0.00438231 -0.00581506
v -0.00771306 0.00205047 -0.00657651
v -0.00780464 0.00174103 -0.00662792
v -0.00793241 0.00119236 -0.00669864
v -0.00804769 0.00029726 -0.00676149
v -0.00806354 -0.00020116 -0.00677006
v -0.00850131 -0.00351039 -0.00700158
v -0.00805338 -0.00058163 -0.00676457
v -0.00795303 -0.00148156 -0.00670995
v -0.00780578 -0.00214340 -0.00662855
v -0.00774990 -0.00233797 -0.00659726
v -0.00834243 -0.00391079 -0.00691823
v -0.00744834 -0.00315795 -0.00642439
v -0.00704201 -0.00395841 -0.00617979
v -0.00657420 -0.00466103 -0.00587917
v -0.00617822 -0.00514451 -0.00560596
v -0.00604266 -0.00529274 -0.00550788
v -0.00583193 -0.00550796 -0.00535030
v -0.00543357 -0.00587106 -0.00503370
v -0.00482218 -0.00633898 -0.00449020
v -0.00231727 -0.00746199 -0.00086002
v -0.00231727 -0.01076586 -0.00086002
v -0.00249581 -0.00741540 -0.00123782
v -0.00283037 -0.01048644 -0.00188242
v -0.00306194 -0.00723590 -0.00228380
v -0.00335554 -0.01015180 -0.00274600
v -0.00340643 -0.00710348 -0.00282129
v -0.00388294 -0.00976991 -0.00346603
v -0.00365481 -0.00699671 -0.00317019
v -0.00420540 -0.00672177 -0.00384936
v -0.00456050 -0.00651152 -0.00423141
v -0.00641443 0.00647793 0.01267193
v -0.00601043 0.00568722 0.01344409
v -0.00623176 0.00591968 0.01326159
v -0.00633525 0.00610917 0.01308844
v -0.00635510 0.00616056 0.01303725
v -0.00571783 0.00553113 0.01354840
v -0.00560084 0.00549922 0.01356731
v -0.00478008 0.00569215 0.01341478
v -0.00480529 0.00567272 0.01342973
v -0.00508507 0.00552753 0.01353763
v -0.00540031 0.00547794 0.01357698
v -0.00371219 0.00640189 0.01271203
v -0.00397039 0.00625403 0.01288891
v -0.00465748 0.00578781 0.01333857
v -0.00641700 -0.00690818 0.01263201
v -0.00641449 -0.00688031 0.01266894
v -0.00641268 -0.00684139 0.01271908
v -0.00536012 -0.00588093 0.01357421
v -0.00505840 -0.00593911 0.01352934
v -0.00478012 -0.00609453 0.01341306
v -0.00407467 -0.00659271 0.01295682
v -0.00560054 -0.00590153 0.01356583
v -0.00618403 -0.00625830 0.01331249
v -0.00604446 -0.00611677 0.01342231
v -0.00594701 -0.00604475 0.01347380
v -0.00567984 -0.00592148 0.01355418
v -0.00634353 -0.00653187 0.01306594
v -0.00390092 -0.00669758 0.01283902
v -0.00371369 -0.00680349 0.01271016
v -0.00333150 -0.00699820 0.01244173
v -0.00877461 -0.00142447 0.00097347
v -0.00898169 -0.00138436 -0.00314021
v -0.00874600 -0.00257502 -0.00311249
v -0.00856690 -0.00265052 0.00098166
v -0.00820022 -0.00388211 0.00099867
v -0.00805055 -0.00414260 0.00529982
v -0.00783458 -0.00474718 0.00541032
v -0.00834331 -0.00378066 -0.00305763
v -0.00881245 -0.00257068 -0.00699509
v -0.00897887 -0.00187993 -0.00699163
v -0.00906463 -0.00138185 -0.00698984
v -0.00641242 0.00649308 0.01276801
v -0.00640957 0.00647793 0.01290466
v -0.00473852 0.00569215 0.01540851
v -0.00462113 0.00578271 0.01540606
v -0.00488286 0.00606174 0.01541152
v -0.00507441 0.00551868 0.01541551
v -0.00556124 0.00549904 0.01542566
v -0.00579946 0.00558124 0.01543063
v -0.00538112 0.00663902 0.01749652
v -0.00563248 0.00638709 0.01716889
v -0.00570313 0.00631074 0.01706617
v -0.00610616 0.00584307 0.01654978
v -0.00604193 0.00576619 0.01626398
v -0.00598887 0.00571375 0.01605302
v -0.00547357 0.00674011 0.01764176
v -0.00587291 0.00637025 0.01714684
v -0.00581176 0.00633000 0.01713274
v -0.00594073 0.00660995 0.01700735
v -0.00594815 0.00659937 0.01702137
v -0.00629717 0.00621254 0.01657655
v -0.00592294 0.00642549 0.01714063
v -0.00575518 0.00631157 0.01710475
v -0.00542918 0.00669115 0.01760341
v -0.00540633 0.00666614 0.01756589
v -0.00615268 0.00590800 0.01667269
v -0.00612852 0.00587332 0.01662388
v -0.00625117 0.00608980 0.01674201
v -0.00621017 0.00600388 0.01673665
v -0.00620038 0.00598591 0.01673016
v -0.00595432 0.00648818 0.01711444
v -0.00626759 0.00613049 0.01672675
v -0.00627622 0.00615375 0.01671066
v -0.00596308 0.00654769 0.01707372
v -0.00629117 0.00619702 0.01665267
v -0.00669179 0.00411727 0.03142020
v -0.00594237 0.00710601 0.01246523
v -0.00636921 0.00633611 0.01435596
v -0.00606760 0.00657115 0.01561717
v -0.00511428 0.00755527 0.01591703
v -0.00692221 0.00461039 0.03082935
v -0.00598625 0.00571760 0.03006654
v -0.00597752 0.00576555 0.02999691
v -0.00644116 0.00586188 0.02938697
v -0.00625059 0.00629180 0.02832044
v -0.00499906 0.00741955 0.02431762
v -0.00527348 0.00715990 0.02603155
v -0.00541971 0.00699234 0.02688916
v -0.00514596 0.00733153 0.01921635
v -0.00569235 0.00657762 0.02838803
v -0.00575322 0.00645554 0.02870637
v -0.00587560 0.00615117 0.02935787
v -0.00600535 0.00491380 0.03105242
v -0.00593616 0.00448276 0.03149569
v -0.00591676 0.00439053 0.03158610
v -0.00393343 0.00889547 0.01268662
v -0.00496814 0.00807026 0.01262045
v -0.00397506 0.00871209 0.01404003
v -0.00460165 0.00800727 0.01600454
v -0.00407251 0.00842837 0.01603090
v -0.00492326 0.00751821 0.01962123
v -0.00431127 0.00802882 0.01900651
v -0.00618760 0.00596104 0.01664608
v -0.00627616 0.00615048 0.01665932
v -0.00641526 -0.00691047 0.01263197
v -0.00641242 -0.00689546 0.01276798
v -0.00640957 -0.00688031 0.01290466
v -0.00591676 -0.00479291 0.03158610
v -0.00393343 -0.00929785 0.01268662
v -0.00644116 -0.00626426 0.02938697
v -0.00587560 -0.00655355 0.02935787
v -0.00598625 -0.00611998 0.03006653
v -0.00625059 -0.00669418 0.02832044
v -0.00499907 -0.00782192 0.02431761
v -0.00514664 -0.00773329 0.01921654
v -0.00492326 -0.00792059 0.01962124
v -0.00511428 -0.00795765 0.01591703
v -0.00594108 -0.00701164 0.01701207
v -0.00431126 -0.00843120 0.01900651
v -0.00541971 -0.00739472 0.02688916
v -0.00600535 -0.00531618 0.03105243
v -0.00692221 -0.00501277 0.03082934
v -0.00669178 -0.00451965 0.03142019
v -0.00594237 -0.00750839 0.01246523
v -0.00633911 -0.00667408 0.01525363
v -0.00593616 -0.00488514 0.03149569
v -0.00575322 -0.00685792 0.02870638
v -0.00496814 -0.00847264 0.01262045
v -0.00606760 -0.00697353 0.01561718
v -0.00629702 -0.00661478 0.01658151
v -0.00460165 -0.00840965 0.01600454
v -0.00397506 -0.00911447 0.01404003
v -0.00407251 -0.00883075 0.01603091
v -0.00563308 -0.00678854 0.01717333
v -0.00570541 -0.00671180 0.01707174
v -0.00575681 -0.00671282 0.01710915
v -0.00610599 -0.00624537 0.01655476
v -0.00596378 -0.00694890 0.01707810
v -0.00595539 -0.00688982 0.01711814
v -0.00592433 -0.00682696 0.01714429
v -0.00587447 -0.00677158 0.01715060
v -0.00581334 -0.00673125 0.01713674
v -0.00594866 -0.00700086 0.01702615
v -0.00628830 -0.00659125 0.01667404
v -0.00619600 -0.00638069 0.01673221
v -0.00624331 -0.00647440 0.01674986
v -0.00627032 -0.00654037 0.01672769
v -0.00612846 -0.00627577 0.01662928
v -0.00613991 -0.00629189 0.01665469
v -0.00615995 -0.00632154 0.01668976
v -0.00598838 -0.00611579 0.01605693
v -0.00589715 -0.00604297 0.01573544
v -0.00620076 -0.00638569 0.01664149
v 0.00214699 0.01058916 0.00264769
v 0.00309239 0.01033764 0.00264190
v 0.00304419 0.01017282 0.00235168
v 0.00027700 0.01091158 0.00301015
v 0.00090890 0.01080189 0.00267234
v 0.00020471 0.01091336 0.00298371
v -0.00001333 0.01085921 0.00268019
v -0.00027641 0.01090645 0.00281940
v -0.00145364 0.01072964 0.00252079
v -0.00136725 0.01075157 0.00253639
v -0.00092949 0.01071601 0.00244662
v -0.00105316 0.01081866 0.00260271
v -0.00002327 0.01068752 0.00238321
v 0.00067060 0.01065276 0.00238005
v 0.00088418 0.01063177 0.00237750
v 0.00210388 0.01042285 0.00235565
v 0.00396468 0.00985947 0.00237196
v 0.00401518 0.01002421 0.00266057
v 0.00508451 0.00938348 0.00243501
v -0.00145364 -0.01113201 0.00252078
v 0.00022004 -0.01108134 0.00238042
v -0.00136725 -0.01115396 0.00253640
v -0.00105316 -0.01122104 0.00260271
v 0.00190543 -0.01104361 0.00265219
v 0.00022614 -0.01125302 0.00267696
v -0.00059120 -0.01128530 0.00272380
v 0.00517401 -0.00974317 0.00244210
v 0.00344563 -0.01044695 0.00235730
v 0.00522839 -0.00990845 0.00272863
v 0.00292302 -0.01061194 0.00235161
v 0.00349208 -0.01061177 0.00264685
v 0.00186842 -0.01087647 0.00235960
v 0.00067074 -0.01105515 0.00238011
v -0.00309661 0.00927890 0.01412334
v -0.00109788 0.00362517 0.03240333
v 0.00099752 0.01027223 0.01337980
v 0.00103859 0.00977916 0.01796742
v -0.00311153 0.00995362 -0.00030631
v -0.00155797 0.01070105 0.00250192
v -0.00166107 0.01067052 0.00248177
v -0.00221053 0.01044854 0.00440727
v -0.00130636 0.01074621 0.00459156
v -0.00181562 0.01061919 0.00240870
v -0.00202154 0.01054389 0.00217692
v -0.00216747 0.01048246 0.00183883
v -0.00222761 0.01045270 0.00146435
v -0.00225019 0.01042376 0.00038149
v -0.00227194 0.01038840 -0.00066217
v -0.00032804 0.01088889 0.00475016
v -0.00025035 0.01063264 0.00912551
v 0.00200690 0.00889274 0.02236371
v 0.00217742 0.00942362 0.01991989
v 0.00224717 0.00977865 0.01759819
v 0.00323948 0.00892229 0.02175961
v 0.00293658 0.00813264 0.02434327
v -0.00044152 0.00691559 0.02839090
v -0.00061935 0.00622538 0.02958264
v -0.00079395 0.00543958 0.03069954
v -0.00096125 0.00450067 0.03171792
v -0.00104925 0.00392516 0.03219412
v 0.00171969 0.00809631 0.02495267
v 0.00095074 0.00940862 0.02042590
v 0.00077432 0.00886318 0.02296780
v 0.00050279 0.00805999 0.02556207
v -0.00131504 0.00951122 0.01886907
v -0.00149150 0.00912250 0.02162050
v -0.00027589 0.00935497 0.02096587
v -0.00120177 0.01007882 0.01374098
v -0.00217746 0.00974762 0.01395466
v -0.00321934 0.00892604 0.01687136
v -0.00225128 0.00944394 0.01658847
v -0.00046688 0.00879966 0.02360386
v -0.00173327 0.00857877 0.02434447
v -0.00072942 0.00799556 0.02619269
v -0.00326422 0.00412118 0.03235845
v -0.00182100 0.00399787 0.03232171
v -0.00304353 0.00454442 0.03197877
v -0.00166036 0.00450946 0.03187245
v -0.00273579 0.00534841 0.03111195
v -0.00143235 0.00541481 0.03087945
v -0.00251755 0.00607539 0.03015549
v -0.00123715 0.00619384 0.02979643
v -0.00233473 0.00672626 0.02913300
v -0.00105551 0.00687839 0.02864603
v -0.00216974 0.00730133 0.02804498
v -0.00088549 0.00747816 0.02744143
v -0.00201693 0.00780035 0.02688466
v -0.00187133 0.00822387 0.02564729
v -0.00241306 0.00910960 0.01938067
v -0.00344912 0.00856615 0.01979272
v -0.00267157 0.00872603 0.02228091
v -0.00379025 0.00819719 0.02282115
v -0.00298820 0.00821322 0.02507941
v -0.00418597 0.00773080 0.02568307
v -0.00315442 0.00788099 0.02636878
v -0.00438419 0.00743010 0.02695805
v -0.00331852 0.00748364 0.02754672
v -0.00457193 0.00706793 0.02807931
v -0.00347773 0.00701584 0.02859958
v -0.00474096 0.00664017 0.02903117
v -0.00363503 0.00648383 0.02954462
v -0.00515376 0.00453796 0.03172426
v -0.00439923 0.00421084 0.03218981
v -0.00421865 0.00456680 0.03188779
v -0.00506329 0.00509889 0.03117557
v -0.00397093 0.00525587 0.03118788
v -0.00498844 0.00564147 0.03054901
v -0.00379413 0.00589530 0.03040297
v -0.00488267 0.00615968 0.02984282
v -0.00125003 0.01049534 0.00909310
v -0.00014775 0.01025485 0.01353447
v -0.00307147 0.00999704 0.00422382
v -0.00303814 0.00980732 0.00901226
v -0.00216854 0.01021905 0.00905473
v -0.00304716 0.00958508 0.01151490
v -0.00016126 0.00973918 0.01836676
v -0.00167390 -0.01044627 0.00174023
v -0.00168640 -0.00981937 0.00099898
v -0.00151435 -0.00984083 0.00099540
v -0.00049452 -0.00990464 0.00097414
v -0.00155798 -0.01110343 0.00250192
v -0.00166107 -0.01107290 0.00248177
v 0.00052636 -0.00986079 0.00095286
v 0.00153697 -0.00970981 0.00093179
v 0.00252610 -0.00945333 0.00091117
v 0.00348277 -0.00909423 0.00089123
v 0.00439638 -0.00863648 0.00087218
v 0.00525678 -0.00808515 0.00085425
v 0.00605444 -0.00744637 0.00083762
v 0.00678050 -0.00672722 0.00082248
v 0.00742691 -0.00593567 0.00080901
v 0.00798651 -0.00508051 0.00079735
v 0.00845307 -0.00417123 0.00078762
v 0.00882144 -0.00321791 0.00077994
v 0.00908751 -0.00223112 0.00077440
v 0.00924835 -0.00122182 0.00077104
v 0.00930216 -0.00020119 0.00076992
v 0.00924835 0.00081944 0.00077104
v 0.00908751 0.00182874 0.00077440
v 0.00882144 0.00281553 0.00077994
v 0.00845307 0.00376885 0.00078762
v 0.00798651 0.00467814 0.00079735
v 0.00742691 0.00553329 0.00080901
v 0.00678050 0.00632484 0.00082249
v 0.00605444 0.00704399 0.00083762
v 0.00525678 0.00768277 0.00085425
v 0.00439638 0.00823410 0.00087218
v 0.00348277 0.00869185 0.00089123
v 0.00252610 0.00905095 0.00091117
v 0.00153697 0.00930742 0.00093179
v 0.00052636 0.00945842 0.00095286
v -0.00049452 0.00950225 0.00097414
v -0.00151435 0.00943845 0.00099540
v -0.00167390 0.01004390 0.00174024
v -0.00168640 0.00941699 0.00099898
v -0.00172859 -0.00925862 0.00066692
v -0.00174463 -0.00903836 0.00064291
v -0.00143380 -0.00907986 0.00063643
v -0.00169907 -0.00965848 0.00084900
v -0.00171326 -0.00946845 0.00073696
v -0.00148039 -0.00949968 0.00073111
v -0.00172859 0.00885624 0.00066692
v -0.00171327 0.00906607 0.00073697
v -0.00148039 0.00909730 0.00073111
v -0.00169907 0.00925611 0.00084900
v -0.00049665 -0.00956122 0.00071060
v 0.00048810 -0.00951894 0.00069007
v 0.00146294 -0.00937329 0.00066976
v 0.00241706 -0.00912589 0.00064987
v 0.00333988 -0.00877950 0.00063063
v 0.00422115 -0.00833794 0.00061226
v 0.00505111 -0.00780613 0.00059496
v 0.00582053 -0.00718996 0.00057892
v 0.00652090 -0.00649625 0.00056432
v 0.00714444 -0.00573273 0.00055132
v 0.00768423 -0.00490783 0.00054007
v 0.00813428 -0.00403073 0.00053069
v 0.00848961 -0.00311114 0.00052328
v 0.00874627 -0.00215928 0.00051793
v 0.00890141 -0.00118570 0.00051470
v 0.00895332 -0.00020119 0.00051362
v 0.00890141 0.00078332 0.00051470
v 0.00874627 0.00175690 0.00051793
v 0.00848961 0.00270877 0.00052328
v 0.00813428 0.00362835 0.00053069
v 0.00768423 0.00450545 0.00054007
v 0.00714444 0.00533035 0.00055132
v 0.00652090 0.00609388 0.00056432
v 0.00582053 0.00678758 0.00057892
v 0.00505111 0.00740375 0.00059496
v 0.00422115 0.00793556 0.00061226
v 0.00333988 0.00837712 0.00063063
v 0.00241706 0.00872352 0.00064987
v 0.00146294 0.00897091 0.00066975
v 0.00048810 0.00911656 0.00069008
v -0.00049665 0.00915884 0.00071060
v -0.00143380 0.00867748 0.00063642
v -0.00174463 0.00863598 0.00064291
v -0.00049447 0.00873625 0.00061685
v 0.00044582 0.00869587 0.00059725
v 0.00137665 0.00855680 0.00057784
v 0.00228769 0.00832057 0.00055885
v 0.00316884 0.00798982 0.00054048
v 0.00401033 0.00756820 0.00052294
v 0.00480281 0.00706040 0.00050643
v 0.00553750 0.00647204 0.00049111
v 0.00620624 0.00580966 0.00047717
v 0.00680163 0.00508060 0.00046476
v 0.00731705 0.00429295 0.00045401
v 0.00774678 0.00345545 0.00044505
v 0.00808607 0.00257738 0.00043798
v 0.00833114 0.00166849 0.00043288
v 0.00847928 0.00073887 0.00042978
v 0.00852884 -0.00020119 0.00042875
v 0.00847928 -0.00114125 0.00042979
v 0.00833114 -0.00207087 0.00043288
v 0.00808607 -0.00297976 0.00043798
v 0.00774678 -0.00385782 0.00044505
v 0.00731705 -0.00469533 0.00045401
v 0.00680163 -0.00548298 0.00046476
v 0.00620624 -0.00621204 0.00047717
v 0.00553749 -0.00687442 0.00049111
v 0.00480281 -0.00746278 0.00050643
v 0.00401033 -0.00797058 0.00052294
v 0.00316885 -0.00839220 0.00054048
v 0.00228769 -0.00872295 0.00055885
v 0.00137665 -0.00895918 0.00057784
v 0.00044582 -0.00909825 0.00059724
v -0.00049447 -0.00913863 0.00061685
v -0.00174463 0.00717852 0.00064291
v -0.00174463 -0.00758091 0.00064290
v -0.00191829 0.00863598 0.00061562
v -0.00225494 0.00707015 0.00015344
v -0.00225494 0.00863598 0.00015344
v -0.00225125 0.00707088 0.00020455
v -0.00222044 0.00863598 0.00032581
v -0.00199205 0.00712968 0.00058328
v -0.00210095 0.00710565 0.00050406
v -0.00210116 0.00863598 0.00050386
v -0.00216826 0.00709031 0.00042454
v -0.00222035 0.00707819 0.00032604
v -0.00179874 0.00941812 0.00100038
v -0.00197231 0.00945960 0.00096886
v -0.00189326 0.00943424 0.00098869
v -0.00190331 0.00927161 0.00083270
v -0.00225198 0.00927466 0.00029544
v -0.00192546 0.00886335 0.00063797
v -0.00191416 0.00907827 0.00071424
v -0.00208789 0.00912253 0.00062167
v -0.00208079 0.00933499 0.00075288
v -0.00224378 0.00979663 0.00068914
v -0.00220632 0.00919195 0.00047371
v -0.00220932 0.00966442 0.00080037
v -0.00209470 0.00888620 0.00053687
v -0.00207365 0.00951358 0.00092526
v -0.00211394 0.00954479 0.00089968
v -0.00219411 0.01029210 0.00154112
v -0.00222833 0.01042392 0.00143033
v -0.00178584 0.01004549 0.00174122
v -0.00195856 0.01008743 0.00170934
v -0.00209935 0.01017270 0.00164015
v -0.00222044 -0.00903836 0.00032581
v -0.00225494 -0.00903836 0.00015344
v -0.00225494 -0.00747253 0.00015344
v -0.00181629 -0.00756747 0.00063925
v -0.00191830 -0.00903836 0.00061561
v -0.00219495 -0.00748652 0.00038069
v -0.00210095 -0.00750803 0.00050406
v -0.00210116 -0.00903836 0.00050386
v -0.00203545 -0.00752269 0.00055700
v -0.00191827 -0.00754742 0.00061563
v -0.00211393 -0.00994717 0.00089968
v -0.00220932 -0.01006680 0.00080037
v -0.00208079 -0.00973737 0.00075287
v -0.00209470 -0.00928858 0.00053687
v -0.00224377 -0.01019901 0.00068914
v -0.00225198 -0.00967704 0.00029544
v -0.00192546 -0.00926573 0.00063797
v -0.00220632 -0.00959433 0.00047371
v -0.00190331 -0.00967399 0.00083270
v -0.00179874 -0.00982049 0.00100037
v -0.00191415 -0.00948065 0.00071423
v -0.00208789 -0.00952491 0.00062167
v -0.00189326 -0.00983662 0.00098869
v -0.00197231 -0.00986198 0.00096886
v -0.00207365 -0.00991596 0.00092527
v -0.00222762 -0.01085507 0.00146435
v -0.00222832 -0.01082630 0.00143033
v -0.00219411 -0.01069448 0.00154112
v -0.00218748 -0.01087567 0.00176342
v -0.00209935 -0.01057508 0.00164015
v -0.00204970 -0.01093521 0.00212840
v -0.00195856 -0.01048981 0.00170934
v -0.00195318 -0.01097208 0.00227440
v -0.00178584 -0.01044787 0.00174122
v -0.00184360 -0.01101172 0.00238693
v -0.00227194 -0.00747253 -0.00066218
v -0.00227194 -0.01079078 -0.00066218
v -0.00225019 -0.01082614 0.00038148
v -0.00073138 -0.01058192 0.01364262
v -0.00263608 -0.00446988 0.03237641
v -0.00549243 -0.00489450 0.03165998
v -0.00547948 -0.00539926 0.03116431
v -0.00490682 -0.00553252 0.03117919
v -0.00487281 -0.00761517 0.02714032
v -0.00466352 -0.00790034 0.02586911
v -0.00400939 -0.00821304 0.02560457
v -0.00362496 -0.00868737 0.02275165
v -0.00332138 -0.00849494 0.02526157
v -0.00087057 -0.01123306 0.00466879
v -0.00298224 -0.01043602 -0.00028925
v -0.00080544 -0.01097788 0.00910876
v -0.00194121 -0.01095790 0.00446452
v -0.00294196 -0.01047804 0.00425065
v -0.00545213 -0.00590873 0.03058627
v -0.00537157 -0.00640186 0.02992835
v -0.00469997 -0.00661652 0.02980571
v -0.00194504 -0.00997694 0.01648404
v -0.00208499 -0.00965076 0.01923042
v -0.00329562 -0.00905916 0.01974074
v -0.00231750 -0.00926461 0.02208675
v -0.00506813 -0.00727016 0.02824294
v -0.00420308 -0.00790706 0.02688138
v -0.00276642 -0.00840041 0.02615783
v -0.00214236 -0.00578416 0.03102751
v -0.00388740 -0.00496513 0.03192857
v -0.00360852 -0.00569011 0.03117825
v -0.00502517 -0.00495075 0.03174924
v -0.00079459 -0.01004118 0.01863192
v -0.00093916 -0.00965330 0.02131318
v -0.00481471 -0.00608854 0.03053197
v -0.00324049 -0.00696891 0.02943001
v -0.00341078 -0.00635905 0.03033966
v -0.00174429 -0.00721009 0.02891700
v -0.00192827 -0.00653980 0.03000471
v -0.00438752 -0.00753903 0.02801034
v -0.00292371 -0.00799404 0.02735441
v -0.00128289 -0.00874003 0.02530535
v -0.00142416 -0.00830826 0.02656613
v -0.00115378 -0.00910164 0.02399928
v -0.00298263 -0.00899652 0.02244481
v -0.00260979 -0.00874058 0.02486379
v -0.00119589 -0.00659894 0.02978295
v -0.00101447 -0.00728407 0.02862933
v -0.00157717 -0.00779903 0.02777060
v -0.00308007 -0.00751559 0.02844058
v -0.00455538 -0.00710477 0.02897602
v -0.00523891 -0.00686108 0.02916081
v -0.00161376 -0.00491102 0.03186447
v -0.00177045 -0.00439610 0.03231547
v -0.00138978 -0.00581896 0.03086888
v -0.00243037 -0.00493081 0.03196183
v -0.00408717 -0.00458950 0.03225335
v -0.00423931 -0.00834321 0.02298325
v -0.00189551 -0.01072006 0.00906693
v -0.00188735 -0.01026622 0.01389197
v -0.00361400 -0.00907238 0.01694915
v -0.00347447 -0.00944541 0.01416853
v -0.00295945 -0.00976082 0.01410263
v -0.00291433 -0.01006035 0.01150766
v -0.00290762 -0.01028099 0.00901892
v -0.00307543 -0.00941541 0.01683628
v -0.00386805 -0.00870313 0.01991079
v -0.00228453 -0.00746988 -0.00076354
v -0.00227590 -0.00747181 -0.00071522
v -0.00227280 -0.00747242 -0.00068264
v -0.00227194 0.00707015 -0.00066218
v -0.00230917 0.00706161 -0.00084131
v -0.00229780 0.00706436 -0.00081073
v -0.00228453 0.00706750 -0.00076354
v -0.00384487 0.00511767 0.02270753
v 0.00610855 -0.00459535 0.02157100
v 0.00599950 -0.00474238 0.02157348
v 0.00108093 0.00722515 0.02168761
v 0.00154948 0.00714372 0.02167689
v 0.00197325 -0.00744553 0.02166495
v 0.00218768 -0.00738461 0.02166007
v 0.00295392 -0.00710834 0.02164265
v 0.00122112 -0.00760633 0.02168208
v 0.00108122 -0.00762746 0.02168527
v 0.00031636 -0.00769582 0.02170275
v 0.00003264 -0.00770119 0.02170924
v -0.00025881 -0.00769552 0.02171591
v 0.00463104 -0.00612473 0.02160457
v 0.00399509 -0.00656800 0.02161901
v 0.00378153 -0.00669613 0.02162385
v 0.00311831 -0.00703642 0.02163891
v 0.00546676 -0.00536831 0.02158559
v 0.00533430 -0.00550420 0.02158860
v 0.00473014 -0.00604640 0.02160232
v 0.00652587 -0.00395101 0.02156151
v 0.00664321 -0.00373998 0.02155883
v 0.00746742 -0.00117322 0.02154009
v 0.00732435 -0.00194813 0.02154332
v 0.00727508 -0.00214229 0.02154445
v 0.00705895 -0.00281887 0.02154936
v 0.00696682 -0.00305402 0.02155146
v 0.00746031 0.00082375 0.02154060
v 0.00752956 -0.00006989 0.02153881
v 0.00753071 -0.00020119 0.02153876
v 0.00748223 -0.00105239 0.02153976
v 0.00728291 0.00171042 0.02154490
v 0.00699779 0.00257513 0.02155166
v 0.00652588 0.00354862 0.02156272
v 0.00611685 0.00418148 0.02157221
v 0.00660758 0.00340339 0.02156081
v 0.00696598 0.00265367 0.02155241
v 0.00533434 0.00510184 0.02159026
v 0.00486854 0.00553005 0.02160096
v 0.00553797 0.00489001 0.02158557
v 0.00599838 0.00434151 0.02157495
v 0.00197331 0.00704320 0.02166720
v 0.00245075 0.00689799 0.02165628
v 0.00295312 0.00670637 0.02164481
v 0.00331318 0.00654269 0.02163658
v 0.00378159 0.00629379 0.02162587
v 0.00412323 0.00608407 0.02161804
v 0.00462995 0.00572327 0.02160643
v -0.00680660 0.00354936 0.00525719
v -0.00412841 0.00623952 0.00648110
v -0.00349330 0.00657421 0.00688302
v -0.00504804 -0.00600396 0.00594305
v -0.00549125 -0.00561543 0.00571050
v -0.00605056 -0.00502452 0.00545934
v -0.00480125 -0.00619555 0.00608170
v -0.00349835 -0.00697419 0.00688303
v -0.00403327 -0.00669697 0.00654268
v -0.00410139 -0.00665772 0.00650033
v -0.00680659 -0.00395175 0.00525733
f 1 2 3
f 4 5 6
f 6 5 7
f 5 8 7
f 7 8 9
f 7 9 3
f 3 9 10
f 3 10 1
f 11 12 13
f 13 12 14
f 13 14 6
f 6 14 15
f 6 15 4
f 16 17 13
f 13 17 18
f 13 18 11
f 19 20 21
f 21 20 22
f 19 23 20
f 20 23 24
f 20 24 16
f 16 24 25
f 16 25 17
f 26 27 28
f 28 27 29
f 28 29 22
f 22 29 30
f 22 30 21
f 31 32 33
f 28 34 31
f 31 33 28
f 28 33 35
f 28 35 26
f 36 37 38
f 39 40 41
f 41 40 42
f 41 42 43
f 44 45 42
f 42 45 46
f 42 46 43
f 44 47 45
f 45 47 48
f 45 48 49
f 50 51 52
f 52 51 53
f 52 53 41
f 41 53 54
f 41 54 39
f 50 55 51
f 51 55 56
f 51 56 57
f 57 56 58
f 59 60 61
f 61 60 62
f 61 62 63
f 63 64 61
f 61 64 65
f 61 65 66
f 67 68 61
f 61 68 69
f 61 69 59
f 66 70 61
f 61 70 71
f 61 71 67
f 56 72 58
f 58 72 73
f 58 73 66
f 66 73 74
f 66 74 70
f 75 76 49
f 76 77 49
f 49 77 78
f 49 78 45
f 38 79 36
f 36 79 80
f 36 80 49
f 49 80 81
f 49 81 75
f 82 83 84
f 85 86 87
f 87 86 88
f 87 88 89
f 89 88 90
f 90 88 91
f 90 91 92
f 92 91 93
f 92 93 94
f 94 93 95
f 94 95 96
f 97 98 99
f 97 99 100
f 101 102 103
f 98 97 104
f 104 97 101
f 104 101 105
f 105 101 103
f 105 103 106
f 107 108 109
f 109 108 110
f 109 110 111
f 112 113 114
f 114 113 115
f 82 84 116
f 117 118 119
f 119 118 120
f 118 121 120
f 120 121 122
f 120 122 123
f 123 122 124
f 123 124 125
f 126 127 128
f 128 127 129
f 128 130 126
f 126 130 131
f 126 131 132
f 132 131 133
f 133 107 132
f 132 107 109
f 132 109 134
f 134 109 111
f 134 111 102
f 135 136 137
f 137 136 138
f 137 138 139
f 139 138 140
f 139 140 141
f 141 140 142
f 141 142 143
f 143 142 144
f 143 144 145
f 99 146 100
f 100 146 147
f 100 147 148
f 148 147 96
f 148 96 149
f 149 96 95
f 149 95 150
f 150 95 93
f 150 93 151
f 151 93 91
f 151 91 152
f 152 91 88
f 152 88 153
f 153 88 86
f 153 135 152
f 152 135 137
f 152 137 151
f 151 137 139
f 151 139 150
f 150 139 141
f 150 141 149
f 149 141 143
f 149 143 148
f 148 143 145
f 148 145 100
f 100 145 154
f 100 154 97
f 97 154 155
f 97 155 101
f 156 157 158
f 158 157 159
f 158 159 115
f 115 159 160
f 115 160 114
f 114 160 84
f 114 84 112
f 112 84 83
f 157 161 159
f 159 161 162
f 159 162 160
f 160 162 163
f 160 163 84
f 84 163 164
f 84 164 116
f 129 127 165
f 165 127 166
f 165 166 167
f 156 167 157
f 157 167 166
f 157 166 161
f 161 166 168
f 161 168 162
f 162 168 169
f 162 169 163
f 163 169 170
f 163 170 164
f 164 170 117
f 164 117 116
f 116 117 119
f 102 101 134
f 134 101 155
f 134 155 132
f 132 155 154
f 132 154 126
f 126 154 145
f 126 145 127
f 127 145 144
f 127 144 166
f 166 144 142
f 166 142 168
f 168 142 140
f 168 140 169
f 169 140 138
f 169 138 170
f 170 138 136
f 170 136 117
f 117 136 135
f 117 135 118
f 118 135 153
f 118 153 121
f 121 153 86
f 121 86 122
f 122 86 85
f 122 85 124
f 171 172 173
f 174 175 176
f 174 176 177
f 177 176 178
f 177 178 179
f 178 180 179
f 179 180 181
f 179 181 182
f 173 172 183
f 183 172 184
f 183 184 185
f 185 184 186
f 186 184 187
f 186 187 188
f 188 187 189
f 188 189 190
f 190 189 191
f 190 191 192
f 192 191 193
f 192 193 194
f 194 193 195
f 194 195 196
f 196 195 197
f 196 197 181
f 181 197 198
f 181 198 182
f 173 199 171
f 171 199 200
f 171 200 201
f 201 200 202
f 201 202 203
f 203 202 204
f 203 204 205
f 205 204 206
f 205 206 207
f 207 206 125
f 207 125 208
f 208 125 124
f 208 124 209
f 209 124 85
f 209 85 210
f 210 85 87
f 210 87 211
f 211 87 89
f 211 89 212
f 212 89 90
f 212 90 213
f 213 90 92
f 213 92 214
f 214 92 94
f 214 94 215
f 215 94 96
f 215 96 216
f 216 96 147
f 216 147 217
f 217 147 146
f 217 146 218
f 218 146 99
f 218 99 219
f 219 99 98
f 219 98 220
f 220 98 104
f 220 104 221
f 221 104 105
f 221 105 222
f 222 105 106
f 222 106 223
f 224 225 226
f 227 175 174
f 79 38 228
f 174 229 227
f 227 229 230
f 227 230 228
f 228 230 231
f 228 231 79
f 79 231 232
f 79 232 80
f 80 232 233
f 80 233 81
f 81 233 234
f 81 234 75
f 75 234 235
f 75 235 76
f 236 78 237
f 237 78 77
f 76 235 77
f 77 235 238
f 77 238 237
f 56 55 239
f 239 55 50
f 239 50 240
f 240 50 52
f 240 52 241
f 241 52 41
f 241 41 242
f 242 41 43
f 242 43 243
f 243 43 46
f 243 46 236
f 236 46 45
f 236 45 78
f 239 244 56
f 56 244 245
f 56 245 72
f 72 245 246
f 247 70 248
f 248 70 74
f 248 74 246
f 246 74 73
f 246 73 72
f 249 250 247
f 247 250 251
f 247 251 70
f 252 253 254
f 254 253 255
f 254 255 256
f 256 255 257
f 256 257 249
f 249 257 258
f 249 258 250
f 259 260 261
f 261 260 262
f 261 262 263
f 263 262 264
f 263 264 252
f 252 264 265
f 252 265 253
f 226 225 261
f 261 225 266
f 261 266 259
f 226 267 224
f 224 267 268
f 224 268 269
f 269 268 270
f 269 270 271
f 271 270 272
f 271 272 273
f 273 272 223
f 273 223 106
f 269 274 275
f 276 277 278
f 63 62 279
f 102 111 280
f 65 64 281
f 281 64 282
f 281 282 283
f 283 282 284
f 283 284 285
f 285 284 286
f 285 286 287
f 287 286 288
f 287 288 289
f 289 288 290
f 289 290 291
f 291 290 292
f 293 294 295
f 295 294 296
f 295 296 297
f 298 299 300
f 300 299 301
f 300 301 297
f 297 301 302
f 297 302 295
f 298 300 303
f 303 300 110
f 303 110 108
f 269 271 274
f 274 271 273
f 274 273 103
f 103 273 106
f 71 70 251
f 71 251 304
f 60 59 276
f 276 59 69
f 276 69 277
f 277 69 68
f 64 63 282
f 282 63 279
f 282 279 284
f 284 279 305
f 284 305 286
f 286 305 306
f 286 306 288
f 288 306 307
f 288 307 290
f 264 308 265
f 265 308 309
f 310 311 312
f 312 311 313
f 312 313 314
f 314 313 315
f 314 315 316
f 316 315 317
f 316 317 318
f 318 317 67
f 311 319 313
f 313 319 278
f 313 278 315
f 315 278 277
f 315 277 317
f 317 277 68
f 317 68 67
f 251 250 304
f 304 250 258
f 304 258 320
f 320 258 257
f 320 257 321
f 321 257 255
f 321 255 309
f 309 255 253
f 309 253 265
f 262 260 322
f 322 260 259
f 322 259 266
f 310 322 323
f 323 322 266
f 323 266 324
f 324 266 225
f 324 225 275
f 275 225 224
f 275 224 269
f 103 102 274
f 274 102 280
f 274 280 275
f 275 280 325
f 275 325 324
f 324 325 326
f 324 326 323
f 323 326 327
f 323 327 310
f 310 327 328
f 310 328 311
f 311 328 329
f 311 329 319
f 307 330 290
f 290 330 294
f 290 294 292
f 292 294 293
f 292 293 291
f 67 71 318
f 318 71 304
f 318 304 316
f 316 304 320
f 316 320 314
f 314 320 321
f 314 321 312
f 312 321 309
f 312 309 310
f 310 309 308
f 310 308 322
f 322 308 264
f 322 264 262
f 62 60 279
f 279 60 276
f 279 276 305
f 305 276 278
f 305 278 306
f 306 278 319
f 306 319 307
f 307 319 329
f 307 329 330
f 330 329 328
f 330 328 294
f 294 328 327
f 294 327 296
f 296 327 326
f 296 326 297
f 297 326 325
f 297 325 300
f 300 325 280
f 300 280 110
f 110 280 111
f 331 332 333
f 334 335 336
f 336 335 337
f 338 339 332
f 340 341 342
f 343 344 345
f 345 344 346
f 345 346 347
f 348 349 343
f 343 349 350
f 343 350 344
f 351 352 353
f 353 352 354
f 353 354 348
f 348 354 355
f 348 355 349
f 356 357 351
f 351 357 358
f 351 358 352
f 359 360 361
f 361 360 362
f 361 362 356
f 356 362 363
f 356 363 357
f 335 364 337
f 337 364 365
f 337 365 359
f 359 365 366
f 359 366 360
f 334 336 367
f 367 336 368
f 367 368 369
f 369 368 370
f 369 370 371
f 371 370 372
f 371 372 373
f 373 372 374
f 374 372 375
f 374 375 376
f 376 375 377
f 377 375 378
f 377 378 379
f 379 378 380
f 379 380 381
f 332 339 333
f 333 339 382
f 333 382 383
f 384 338 385
f 385 338 332
f 385 332 386
f 386 332 331
f 386 331 387
f 388 380 389
f 389 380 378
f 389 378 390
f 390 378 375
f 390 375 391
f 391 375 372
f 391 372 392
f 392 372 370
f 392 370 393
f 393 370 368
f 393 368 394
f 394 368 336
f 394 336 395
f 395 336 337
f 395 337 396
f 396 337 359
f 396 359 397
f 397 359 361
f 397 361 398
f 398 361 356
f 398 356 399
f 399 356 351
f 399 351 400
f 400 351 353
f 400 353 401
f 401 353 348
f 401 348 402
f 402 348 343
f 402 343 403
f 403 343 345
f 403 345 404
f 404 345 347
f 404 347 405
f 406 384 407
f 407 384 385
f 407 385 408
f 408 385 386
f 408 386 409
f 409 386 387
f 409 387 410
f 411 388 412
f 412 388 389
f 412 389 413
f 413 389 390
f 413 390 414
f 414 390 391
f 414 391 415
f 415 391 392
f 415 392 416
f 416 392 393
f 416 393 417
f 417 393 394
f 417 394 418
f 418 394 395
f 418 395 419
f 419 395 396
f 419 396 420
f 420 396 397
f 420 397 421
f 421 397 398
f 421 398 422
f 422 398 399
f 422 399 423
f 423 399 400
f 423 400 424
f 424 400 401
f 424 401 425
f 425 401 402
f 425 402 426
f 426 402 403
f 426 403 427
f 427 403 404
f 427 404 428
f 428 404 405
f 428 405 429
f 430 411 431
f 431 411 412
f 431 412 432
f 432 412 413
f 432 413 433
f 433 413 414
f 433 414 434
f 434 414 415
f 434 415 435
f 435 415 416
f 435 416 436
f 436 416 417
f 436 417 437
f 437 417 418
f 437 418 438
f 438 418 419
f 438 419 439
f 439 419 420
f 439 420 440
f 440 420 421
f 440 421 441
f 441 421 422
f 441 422 442
f 442 422 423
f 442 423 443
f 443 423 424
f 443 424 444
f 444 424 425
f 444 425 445
f 445 425 426
f 445 426 446
f 446 426 427
f 446 427 447
f 447 427 428
f 447 428 448
f 448 428 429
f 448 429 449
f 450 410 430
f 430 410 387
f 430 387 411
f 411 387 331
f 411 331 388
f 388 331 333
f 388 333 380
f 380 333 383
f 380 383 381
f 450 451 410
f 410 451 452
f 410 452 409
f 409 452 453
f 409 453 408
f 408 453 454
f 408 454 407
f 407 454 342
f 407 342 406
f 406 342 341
f 451 455 452
f 452 455 449
f 452 449 453
f 453 449 429
f 453 429 454
f 454 429 405
f 454 405 342
f 342 405 347
f 342 347 340
f 340 347 346
f 455 456 449
f 449 456 457
f 449 457 448
f 448 457 458
f 448 458 447
f 447 458 459
f 447 459 446
f 446 459 460
f 446 460 445
f 445 460 461
f 445 461 444
f 444 461 462
f 444 462 443
f 443 462 463
f 443 463 442
f 442 463 464
f 442 464 441
f 464 465 441
f 441 465 466
f 441 466 440
f 440 466 467
f 440 467 439
f 439 467 468
f 439 468 438
f 438 468 469
f 438 469 437
f 437 469 470
f 437 470 436
f 436 470 471
f 436 471 435
f 435 471 472
f 435 472 434
f 434 472 473
f 434 473 433
f 433 473 474
f 433 474 432
f 432 474 475
f 432 475 431
f 431 475 476
f 431 476 430
f 430 476 477
f 430 477 450
f 478 479 480
f 481 482 472
f 483 484 467
f 483 467 485
f 485 467 466
f 485 466 486
f 486 466 465
f 486 465 487
f 487 465 488
f 488 465 464
f 488 464 489
f 489 464 490
f 490 464 463
f 490 463 491
f 463 462 491
f 491 462 461
f 491 461 492
f 492 461 493
f 460 494 461
f 461 494 495
f 461 495 493
f 496 497 498
f 498 497 499
f 498 499 500
f 500 501 498
f 498 501 502
f 498 502 503
f 503 504 498
f 498 504 505
f 498 505 494
f 459 506 460
f 460 506 507
f 460 507 494
f 494 507 508
f 494 508 498
f 498 508 509
f 498 509 496
f 459 458 506
f 506 458 457
f 506 457 510
f 510 457 456
f 455 511 456
f 456 511 512
f 456 512 510
f 450 513 451
f 451 513 514
f 451 514 455
f 455 514 515
f 455 515 511
f 476 475 516
f 476 516 477
f 516 517 477
f 477 517 518
f 477 518 450
f 450 518 519
f 450 519 513
f 480 520 473
f 475 474 516
f 516 474 473
f 516 473 521
f 521 473 520
f 522 523 524
f 524 482 525
f 525 526 524
f 524 526 527
f 524 527 522
f 523 478 524
f 524 478 480
f 524 480 482
f 482 480 473
f 482 473 472
f 471 528 472
f 472 528 529
f 472 529 481
f 484 530 467
f 467 530 531
f 467 531 468
f 468 531 532
f 468 532 533
f 471 470 528
f 528 470 469
f 528 469 534
f 534 469 468
f 534 468 535
f 535 468 533
f 354 352 536
f 339 537 382
f 382 537 538
f 382 538 383
f 539 379 538
f 538 379 381
f 538 381 383
f 540 376 539
f 539 376 377
f 539 377 379
f 369 371 541
f 541 371 373
f 541 373 540
f 540 373 374
f 540 374 376
f 369 541 367
f 367 541 542
f 367 542 334
f 543 364 542
f 542 364 335
f 542 335 334
f 544 366 543
f 543 366 365
f 543 365 364
f 357 363 545
f 545 363 362
f 545 362 544
f 544 362 360
f 544 360 366
f 536 352 545
f 545 352 358
f 545 358 357
f 354 536 355
f 355 536 546
f 355 546 349
f 349 546 350
f 350 546 547
f 350 547 344
f 548 341 549
f 549 341 340
f 549 340 547
f 547 340 346
f 547 346 344
f 339 338 537
f 537 338 384
f 537 384 548
f 548 384 406
f 548 406 341
f 550 551 552
f 553 479 478
f 531 530 554
f 555 556 557
f 558 174 177
f 531 554 532
f 532 554 559
f 532 559 533
f 533 559 535
f 535 559 560
f 535 560 534
f 534 560 528
f 528 560 561
f 528 561 529
f 529 561 481
f 481 561 562
f 481 562 482
f 482 562 563
f 482 563 525
f 525 563 526
f 526 563 564
f 526 564 527
f 564 565 527
f 527 565 566
f 527 566 522
f 522 566 567
f 522 567 523
f 523 567 568
f 523 568 478
f 478 568 569
f 478 569 553
f 553 570 479
f 479 570 571
f 479 571 480
f 480 571 572
f 480 572 520
f 520 572 573
f 520 573 521
f 521 573 574
f 521 574 516
f 516 574 517
f 517 574 575
f 517 575 518
f 576 514 513
f 518 575 519
f 519 575 552
f 519 552 513
f 513 552 551
f 513 551 576
f 223 577 578
f 579 205 580
f 580 205 207
f 580 207 581
f 582 212 583
f 583 212 213
f 583 213 584
f 207 208 581
f 581 208 209
f 581 209 585
f 585 209 210
f 585 210 582
f 582 210 211
f 582 211 212
f 213 214 584
f 584 214 215
f 584 215 586
f 586 215 216
f 586 216 587
f 587 216 217
f 587 217 588
f 589 221 578
f 578 221 222
f 578 222 223
f 217 218 588
f 588 218 219
f 588 219 589
f 589 219 220
f 589 220 221
f 590 550 591
f 591 550 552
f 591 552 592
f 592 552 575
f 592 575 593
f 593 575 574
f 593 574 594
f 594 574 573
f 594 573 595
f 595 573 572
f 595 572 596
f 596 572 571
f 596 571 597
f 597 571 570
f 597 570 598
f 598 570 553
f 598 553 599
f 599 553 569
f 599 569 600
f 600 569 568
f 600 568 601
f 601 568 567
f 601 567 602
f 602 567 566
f 602 566 603
f 603 566 565
f 603 565 604
f 604 565 564
f 604 564 605
f 605 564 563
f 605 563 606
f 606 563 562
f 606 562 607
f 607 562 561
f 607 561 608
f 608 561 560
f 608 560 609
f 609 560 559
f 609 559 610
f 610 559 554
f 197 611 198
f 198 611 612
f 198 612 182
f 556 558 557
f 557 558 177
f 557 177 612
f 612 177 179
f 612 179 182
f 191 613 193
f 193 613 611
f 193 611 195
f 195 611 197
f 191 189 613
f 613 189 187
f 613 187 614
f 187 184 614
f 614 184 172
f 614 172 615
f 615 172 171
f 615 171 616
f 616 171 201
f 616 201 579
f 579 201 203
f 579 203 205
f 577 590 578
f 578 590 591
f 578 591 589
f 589 591 592
f 589 592 588
f 588 592 593
f 588 593 587
f 587 593 594
f 587 594 586
f 586 594 595
f 586 595 584
f 584 595 596
f 584 596 583
f 583 596 597
f 583 597 582
f 582 597 598
f 582 598 585
f 585 598 599
f 585 599 581
f 581 599 600
f 581 600 580
f 580 600 601
f 580 601 579
f 579 601 602
f 579 602 616
f 616 602 603
f 616 603 615
f 615 603 604
f 615 604 614
f 614 604 605
f 614 605 613
f 613 605 606
f 613 606 611
f 611 606 607
f 611 607 612
f 612 607 608
f 612 608 557
f 557 608 609
f 557 609 555
f 555 609 610
f 504 617 618
f 550 590 619
f 620 577 223
f 245 244 621
f 621 244 622
f 555 610 623
f 229 174 558
f 558 624 229
f 229 624 625
f 229 625 230
f 230 625 231
f 558 556 624
f 624 556 626
f 624 626 625
f 625 626 627
f 625 627 231
f 231 627 628
f 231 628 232
f 232 628 233
f 233 628 629
f 233 629 234
f 234 629 235
f 235 629 630
f 235 630 238
f 631 236 630
f 630 236 237
f 630 237 238
f 632 242 631
f 631 242 243
f 631 243 236
f 244 239 622
f 622 239 240
f 622 240 632
f 632 240 241
f 632 241 242
f 245 621 246
f 246 621 633
f 246 633 248
f 248 633 634
f 248 634 247
f 635 263 636
f 636 263 252
f 636 252 637
f 637 252 254
f 637 254 638
f 638 254 256
f 638 256 639
f 639 256 249
f 639 249 640
f 640 249 247
f 640 247 641
f 641 247 634
f 642 267 643
f 643 267 226
f 643 226 635
f 635 226 261
f 635 261 263
f 223 272 620
f 620 272 270
f 620 270 642
f 642 270 268
f 642 268 267
f 512 511 644
f 644 511 515
f 514 576 515
f 515 576 551
f 515 551 644
f 617 504 645
f 645 504 503
f 645 503 646
f 647 648 493
f 486 649 650
f 554 530 651
f 651 530 484
f 651 484 652
f 652 484 483
f 652 483 650
f 650 483 485
f 650 485 486
f 489 653 488
f 488 653 649
f 488 649 487
f 487 649 486
f 489 490 653
f 653 490 491
f 653 491 648
f 648 491 492
f 648 492 493
f 493 495 647
f 647 495 494
f 647 494 618
f 618 494 505
f 618 505 504
f 654 655 656
f 656 655 657
f 551 550 644
f 644 550 619
f 644 619 658
f 658 619 659
f 658 659 660
f 660 659 661
f 660 661 662
f 662 661 663
f 662 663 664
f 512 644 510
f 510 644 658
f 510 658 506
f 506 658 660
f 506 660 507
f 507 660 662
f 507 662 508
f 508 662 664
f 508 664 509
f 497 496 657
f 657 496 509
f 657 509 656
f 656 509 664
f 656 664 654
f 654 664 663
f 610 554 623
f 623 554 651
f 623 651 665
f 665 651 652
f 665 652 666
f 666 652 650
f 666 650 667
f 667 650 649
f 667 649 668
f 668 649 653
f 668 653 669
f 669 653 648
f 669 648 670
f 670 648 647
f 670 647 671
f 671 647 618
f 671 618 672
f 672 618 617
f 672 617 673
f 673 617 645
f 673 645 674
f 674 645 646
f 674 646 675
f 675 646 676
f 675 676 677
f 677 676 678
f 677 678 679
f 679 678 680
f 679 680 681
f 681 680 682
f 681 682 683
f 503 502 646
f 646 502 501
f 646 501 676
f 676 501 500
f 676 500 678
f 678 500 499
f 678 499 680
f 680 499 497
f 680 497 682
f 682 497 657
f 682 657 683
f 683 657 655
f 590 577 619
f 619 577 620
f 619 620 659
f 659 620 642
f 659 642 661
f 661 642 643
f 661 643 663
f 663 643 635
f 663 635 654
f 654 635 636
f 654 636 655
f 655 636 637
f 655 637 683
f 683 637 638
f 683 638 681
f 681 638 639
f 681 639 679
f 679 639 640
f 679 640 677
f 677 640 641
f 677 641 675
f 675 641 634
f 675 634 674
f 674 634 633
f 674 633 673
f 673 633 621
f 673 621 672
f 672 621 622
f 672 622 671
f 671 622 632
f 671 632 670
f 670 632 631
f 670 631 669
f 669 631 630
f 669 630 668
f 668 630 629
f 668 629 667
f 667 629 628
f 667 628 666
f 666 628 627
f 666 627 665
f 665 627 626
f 665 626 623
f 623 626 556
f 623 556 555
f 684 685 686
f 686 685 687
f 686 687 688
f 688 687 689
f 688 689 690
f 690 689 691
f 690 691 692
f 692 691 693
f 692 693 694
f 694 693 695
f 694 695 696
f 696 695 697
f 696 697 698
f 698 697 699
f 698 699 700
f 700 699 701
f 700 701 702
f 702 701 703
f 702 703 704
f 704 703 705
f 704 705 706
f 706 705 707
f 706 707 684
f 684 707 685
f 699 708 701
f 701 708 709
f 701 709 703
f 691 710 693
f 693 710 711
f 693 711 695
f 695 711 712
f 695 712 697
f 697 712 713
f 697 713 699
f 699 713 714
f 699 714 708
f 709 715 703
f 703 715 716
f 703 716 705
f 716 717 705
f 705 717 718
f 705 718 707
f 707 718 719
f 707 719 685
f 685 719 720
f 685 720 687
f 687 720 721
f 687 721 689
f 689 721 722
f 689 722 691
f 691 722 723
f 691 723 710
f 690 539 688
f 688 539 538
f 688 538 686
f 686 538 537
f 686 537 684
f 684 537 548
f 684 548 706
f 706 548 549
f 706 549 704
f 704 549 547
f 704 547 702
f 547 546 702
f 702 546 536
f 702 536 700
f 700 536 545
f 700 545 698
f 698 545 544
f 698 544 696
f 696 544 543
f 696 543 694
f 694 543 542
f 694 542 692
f 692 542 541
f 692 541 690
f 690 541 540
f 690 540 539
f 724 725 726
f 726 725 727
f 726 727 728
f 728 727 729
f 728 729 730
f 731 732 733
f 733 732 734
f 733 734 735
f 736 737 738
f 739 740 741
f 742 743 744
f 742 744 745
f 746 747 748
f 733 735 749
f 749 735 750
f 749 750 751
f 751 750 752
f 751 752 753
f 754 749 755
f 755 749 751
f 755 751 746
f 746 751 753
f 746 753 747
f 756 757 758
f 758 757 759
f 760 754 761
f 761 754 755
f 761 755 762
f 762 755 746
f 762 746 736
f 736 746 748
f 736 748 737
f 759 760 758
f 758 760 761
f 758 761 763
f 763 761 762
f 763 762 764
f 764 762 736
f 764 736 765
f 765 736 738
f 765 738 745
f 766 767 768
f 768 767 769
f 768 769 739
f 744 769 770
f 770 769 767
f 770 767 771
f 771 767 766
f 771 766 772
f 772 766 773
f 772 773 774
f 739 741 768
f 768 741 775
f 768 775 766
f 766 775 776
f 766 776 773
f 745 744 765
f 765 744 770
f 765 770 764
f 764 770 771
f 764 771 763
f 763 771 772
f 763 772 758
f 758 772 774
f 758 774 756
f 744 743 777
f 740 739 778
f 778 739 769
f 778 769 779
f 779 769 744
f 779 744 780
f 780 744 777
f 780 777 781
f 782 783 784
f 781 785 780
f 780 785 786
f 780 786 779
f 779 786 782
f 779 782 778
f 778 782 784
f 778 784 740
f 787 788 789
f 790 757 756
f 791 792 789
f 789 792 793
f 789 793 787
f 783 794 795
f 795 794 796
f 795 796 773
f 773 796 791
f 773 791 774
f 774 791 789
f 774 789 756
f 756 789 788
f 756 788 790
f 740 784 741
f 741 784 783
f 741 783 775
f 775 783 795
f 775 795 776
f 776 795 773
f 788 787 797
f 783 798 794
f 799 800 801
f 799 801 730
f 730 801 802
f 730 802 728
f 728 802 803
f 728 803 726
f 804 805 806
f 806 805 807
f 806 807 803
f 803 807 724
f 803 724 726
f 786 785 808
f 808 785 781
f 783 782 798
f 798 782 809
f 798 809 810
f 811 812 797
f 813 814 812
f 800 815 801
f 801 815 816
f 801 816 814
f 814 813 801
f 801 813 817
f 801 817 802
f 802 817 818
f 802 818 803
f 803 818 808
f 803 808 806
f 806 808 781
f 806 781 804
f 812 811 813
f 813 811 819
f 813 819 817
f 817 819 810
f 817 810 818
f 818 810 809
f 818 809 808
f 808 809 782
f 808 782 786
f 796 820 791
f 791 820 792
f 797 787 811
f 811 787 793
f 811 793 819
f 819 793 792
f 819 792 810
f 810 792 820
f 810 820 798
f 798 820 796
f 798 796 794
f 816 815 821
f 731 733 821
f 821 733 822
f 821 822 816
f 816 822 823
f 816 823 814
f 814 823 824
f 814 824 812
f 812 824 825
f 812 825 797
f 797 825 790
f 797 790 788
f 733 749 822
f 822 749 754
f 822 754 823
f 823 754 760
f 823 760 824
f 824 760 759
f 824 759 825
f 825 759 757
f 825 757 790
f 826 715 827
f 827 715 709
f 827 709 828
f 828 709 708
f 829 830 831
f 735 734 832
f 832 734 732
f 833 40 39
f 298 303 807
f 834 835 830
f 834 830 836
f 836 830 829
f 836 829 837
f 838 839 840
f 838 840 841
f 115 113 842
f 842 113 843
f 844 128 129
f 131 730 133
f 133 730 729
f 133 729 107
f 107 729 108
f 729 727 108
f 108 727 725
f 108 725 303
f 303 725 724
f 303 724 807
f 298 807 299
f 299 807 805
f 299 805 301
f 301 805 302
f 302 805 804
f 302 804 295
f 295 804 781
f 295 781 293
f 287 289 845
f 845 289 291
f 845 291 846
f 281 283 847
f 847 283 848
f 65 281 66
f 66 281 847
f 66 847 58
f 58 847 849
f 39 54 850
f 850 54 53
f 850 53 851
f 851 53 51
f 851 51 57
f 852 853 854
f 853 855 850
f 855 856 850
f 850 856 857
f 850 857 39
f 39 857 858
f 39 858 833
f 833 858 859
f 833 859 860
f 860 859 861
f 860 861 862
f 862 861 863
f 862 863 864
f 863 865 864
f 864 865 866
f 864 866 867
f 867 866 868
f 867 868 869
f 869 868 870
f 869 870 871
f 871 870 872
f 871 872 873
f 874 743 742
f 874 742 854
f 752 875 753
f 753 875 876
f 753 876 747
f 747 876 748
f 748 876 877
f 748 877 737
f 737 877 878
f 737 878 738
f 879 880 881
f 881 880 882
f 881 882 883
f 884 885 879
f 879 885 886
f 879 886 880
f 887 888 884
f 884 888 889
f 884 889 885
f 873 872 835
f 835 872 890
f 835 890 830
f 830 890 891
f 830 891 831
f 831 891 887
f 831 887 892
f 892 887 884
f 892 884 893
f 854 853 874
f 874 853 850
f 874 850 894
f 894 850 851
f 894 851 895
f 843 896 842
f 842 896 897
f 842 897 115
f 115 897 898
f 115 898 158
f 158 898 156
f 750 735 893
f 893 735 832
f 893 832 892
f 892 832 732
f 892 732 831
f 831 732 731
f 831 731 844
f 844 731 821
f 844 821 128
f 128 821 815
f 128 815 130
f 130 815 800
f 130 800 131
f 131 800 799
f 131 799 730
f 839 837 840
f 840 837 829
f 840 829 899
f 899 829 831
f 899 831 900
f 900 831 844
f 900 844 901
f 901 844 129
f 901 129 165
f 843 841 896
f 896 841 840
f 896 840 897
f 897 840 899
f 897 899 898
f 898 899 900
f 898 900 156
f 156 900 901
f 156 901 167
f 167 901 165
f 846 902 845
f 845 902 903
f 845 903 287
f 287 903 848
f 287 848 285
f 285 848 283
f 883 852 881
f 881 852 854
f 881 854 904
f 904 854 742
f 904 742 745
f 293 781 291
f 291 781 777
f 291 777 846
f 846 777 743
f 846 743 902
f 902 743 874
f 902 874 903
f 903 874 894
f 903 894 848
f 848 894 895
f 848 895 847
f 847 895 851
f 847 851 849
f 849 851 57
f 849 57 58
f 745 738 904
f 904 738 878
f 904 878 881
f 881 878 877
f 881 877 879
f 879 877 876
f 879 876 884
f 884 876 875
f 884 875 893
f 893 875 752
f 893 752 750
f 716 905 717
f 717 905 906
f 717 906 718
f 718 906 907
f 858 857 908
f 859 858 909
f 858 908 909
f 909 908 910
f 909 910 911
f 911 910 912
f 911 912 913
f 913 912 914
f 913 914 915
f 859 909 916
f 916 909 911
f 916 911 917
f 917 911 913
f 917 913 918
f 918 913 915
f 918 915 919
f 920 914 912
f 921 922 920
f 922 921 905
f 920 912 921
f 921 912 910
f 921 910 923
f 923 910 908
f 923 908 924
f 924 908 857
f 924 857 856
f 905 921 925
f 925 921 923
f 925 923 926
f 926 923 924
f 926 924 927
f 927 924 856
f 927 856 855
f 853 852 928
f 855 853 929
f 853 928 929
f 929 928 930
f 929 930 931
f 931 930 932
f 931 932 933
f 933 932 907
f 933 907 906
f 855 929 927
f 927 929 931
f 927 931 926
f 926 931 933
f 926 933 925
f 925 933 906
f 925 906 905
f 934 916 917
f 935 936 937
f 937 936 938
f 919 939 940
f 940 939 941
f 940 941 942
f 943 944 945
f 946 947 948
f 948 947 949
f 948 949 950
f 950 949 951
f 950 951 952
f 952 951 953
f 952 953 954
f 954 953 938
f 954 938 955
f 955 938 936
f 935 937 956
f 956 937 957
f 956 957 958
f 958 957 959
f 959 957 960
f 959 960 961
f 961 960 962
f 962 960 963
f 962 963 964
f 964 963 965
f 964 965 966
f 941 967 942
f 942 967 968
f 942 968 969
f 969 968 970
f 969 970 971
f 971 970 972
f 971 972 965
f 965 972 973
f 965 973 966
f 947 974 975
f 947 975 949
f 949 975 976
f 949 976 951
f 951 976 977
f 951 977 953
f 953 977 978
f 953 978 938
f 938 978 979
f 938 979 937
f 937 979 980
f 937 980 957
f 957 980 981
f 957 981 960
f 960 981 982
f 960 982 963
f 963 982 983
f 963 983 965
f 965 983 984
f 965 984 971
f 971 984 985
f 971 985 969
f 969 985 986
f 969 986 942
f 942 986 987
f 942 987 940
f 940 987 918
f 940 918 919
f 883 882 988
f 988 882 989
f 988 989 974
f 974 989 975
f 975 989 990
f 975 990 976
f 976 990 991
f 976 991 977
f 977 991 992
f 977 992 978
f 978 992 993
f 978 993 979
f 979 993 994
f 979 994 980
f 980 994 995
f 980 995 981
f 981 995 996
f 981 996 982
f 982 996 997
f 982 997 983
f 983 997 998
f 983 998 984
f 984 998 999
f 984 999 985
f 985 999 1000
f 985 1000 986
f 986 1000 934
f 986 934 987
f 987 934 917
f 987 917 918
f 852 1001 928
f 928 1001 1002
f 928 1002 930
f 930 1002 945
f 930 945 932
f 932 945 944
f 932 944 907
f 852 883 1001
f 1001 883 988
f 1001 988 1002
f 1002 988 974
f 1002 974 945
f 945 974 947
f 945 947 943
f 943 947 946
f 882 880 989
f 989 880 886
f 989 886 990
f 990 886 885
f 990 885 991
f 991 885 889
f 991 889 992
f 992 889 888
f 992 888 993
f 993 888 887
f 993 887 994
f 994 887 891
f 994 891 995
f 995 891 890
f 995 890 996
f 996 890 872
f 996 872 997
f 997 872 870
f 997 870 998
f 998 870 868
f 998 868 999
f 859 916 861
f 861 916 934
f 861 934 863
f 863 934 1000
f 863 1000 865
f 865 1000 999
f 865 999 866
f 866 999 868
f 941 714 967
f 967 714 713
f 967 713 968
f 1003 966 711
f 711 966 973
f 711 973 712
f 712 973 972
f 712 972 713
f 713 972 970
f 713 970 968
f 1003 711 1004
f 1004 711 710
f 1004 710 956
f 956 710 723
f 956 723 935
f 722 954 955
f 722 955 723
f 723 955 936
f 723 936 935
f 720 948 721
f 721 948 950
f 721 950 722
f 722 950 952
f 722 952 954
f 944 943 720
f 720 943 946
f 720 946 948
f 720 719 944
f 944 719 718
f 944 718 907
f 941 939 714
f 714 939 1005
f 714 1005 708
f 708 1005 828
f 905 716 922
f 922 716 715
f 922 715 920
f 920 715 826
f 1006 1007 1008
f 1008 1007 1009
f 1010 1011 1012
f 1013 1014 1012
f 1012 1014 1015
f 1012 1015 1010
f 1010 1015 1016
f 1010 1016 1017
f 1016 1018 1017
f 1017 1018 1019
f 1017 1019 1020
f 1021 1022 1023
f 1023 1022 1024
f 1023 1024 1025
f 1026 1027 1028
f 1028 1027 1029
f 1008 1030 1006
f 1006 1030 1031
f 1006 1031 1032
f 1032 1031 1033
f 1032 1033 1019
f 1019 1033 1034
f 1019 1034 1035
f 1013 1012 1023
f 1023 1012 1036
f 1023 1036 1021
f 1009 1037 1008
f 1008 1037 1038
f 1008 1038 1039
f 1039 1038 1028
f 1039 1028 1040
f 1040 1028 1029
f 1035 1041 1019
f 1019 1041 1042
f 1019 1042 1020
f 1032 1019 1043
f 1043 1019 1044
f 1043 1044 1045
f 1045 1044 1046
f 1047 1048 1049
f 1049 1048 1050
f 1045 1046 1051
f 1051 1046 1052
f 1051 1052 1050
f 1050 1052 1053
f 1050 1053 1049
f 1048 1047 1054
f 1054 1047 1055
f 1054 1055 1056
f 1056 1055 1057
f 1056 1057 1058
f 1058 1057 1059
f 1058 1059 1060
f 1061 1062 1063
f 1063 1062 1064
f 1065 1066 1063
f 1063 1066 1067
f 1068 1069 1070
f 1070 1069 1071
f 1070 1071 1063
f 1063 1071 1072
f 1063 1072 1061
f 1060 1059 1073
f 1073 1059 1063
f 1073 1063 1074
f 1074 1063 1064
f 1074 1064 1075
f 1076 1070 1077
f 1077 1070 1063
f 1077 1063 1078
f 1078 1063 1067
f 1079 1080 1081
f 1082 1083 1079
f 1079 1081 1082
f 1082 1081 1084
f 1082 1084 1085
f 1085 1084 1086
f 1085 1086 1087
f 1087 1086 1088
f 1088 1086 1089
f 1088 1089 1090
f 1090 1089 1063
f 1090 1063 1059
f 1079 1083 1091
f 1091 1083 1092
f 1091 1092 1093
f 1094 1080 1079
f 1079 1091 1094
f 1094 1091 1095
f 1094 1095 1096
f 1097 1098 1099
f 1100 1101 1102
f 1102 1101 1103
f 1102 1103 1104
f 1104 1103 1105
f 1104 1105 1106
f 1106 1105 1107
f 1106 1107 1108
f 1108 1107 1109
f 1108 1109 1097
f 1097 1109 1110
f 1097 1110 1098
f 1111 1112 1113
f 1099 1114 1097
f 1097 1114 1115
f 1097 1115 1108
f 1108 1115 1116
f 1108 1116 1106
f 1106 1116 1117
f 1106 1117 1104
f 1104 1117 1118
f 1104 1118 1102
f 1102 1118 1111
f 1102 1111 1100
f 1100 1111 1113
f 1100 1113 1101
f 1101 1113 1119
f 1120 1121 1122
f 1123 1124 1125
f 1125 1124 1126
f 1125 1126 1127
f 1127 1128 1125
f 1125 1128 1129
f 1125 1129 1130
f 1130 1131 1125
f 1125 1131 1132
f 1125 1132 1133
f 1133 1134 1125
f 1125 1134 1135
f 1125 1135 1122
f 1122 1135 1136
f 1122 1136 1120
f 1137 1138 1139
f 1125 1122 1140
f 1141 1137 1140
f 1140 1137 1139
f 1140 1139 1125
f 1142 1143 1144
f 1142 1144 1145
f 1143 1146 1144
f 1144 1146 1147
f 1144 1147 1148
f 1149 1150 1147
f 1147 1150 1151
f 1147 1151 1148
f 1141 1152 1153
f 1154 1155 1144
f 1144 1155 1156
f 1144 1156 1145
f 1157 1158 1138
f 1153 1155 1141
f 1141 1155 1154
f 1141 1154 1137
f 1137 1154 1159
f 1137 1159 1138
f 1138 1159 1160
f 1138 1160 1157
f 1147 1161 1149
f 1149 1161 1096
f 1149 1096 1095
f 1162 1163 1164
f 1164 1165 1162
f 1162 1165 1166
f 1162 1166 1167
f 1167 1168 1162
f 1162 1168 1169
f 1162 1169 1170
f 1170 1169 1171
f 1170 1171 1172
f 1173 1174 1175
f 1175 1176 1173
f 1173 1176 1177
f 1173 1177 1178
f 1178 1177 1179
f 1178 1179 1180
f 1181 1182 1183
f 1184 1185 1186
f 1186 1185 1187
f 1188 1189 1190
f 1190 1189 1191
f 1192 1193 1194
f 1194 1193 1195
f 1194 1195 1196
f 1183 1182 1197
f 1197 1182 1198
f 1197 1198 1199
f 1199 1198 1200
f 1199 1200 1201
f 1201 1200 1202
f 1201 1202 1192
f 1192 1202 1203
f 1192 1203 1193
f 1195 1204 1196
f 1196 1204 1205
f 1196 1205 1206
f 1206 1205 1207
f 1206 1207 1208
f 1208 1207 1209
f 1208 1209 1210
f 1210 1209 1184
f 1210 1184 1211
f 1211 1184 1186
f 1190 1212 1188
f 1188 1212 1213
f 1188 1213 1214
f 1214 1213 1186
f 1214 1186 1215
f 1215 1186 1187
f 1191 1216 1190
f 1190 1216 1217
f 1190 1217 1218
f 1183 1219 1181
f 1181 1219 1220
f 1181 1220 1221
f 1221 1220 1222
f 1221 1222 1223
f 1223 1222 1224
f 1224 1225 1223
f 1223 1225 1226
f 1223 1226 1227
f 1218 1228 1190
f 1190 1228 1229
f 1190 1229 1230
f 1231 1180 1230
f 1230 1180 1179
f 1230 1179 1190
f 1170 1211 1162
f 1162 1211 1186
f 1162 1186 1163
f 1163 1186 1213
f 1223 1232 1233
f 1233 1232 1234
f 1233 1234 1235
f 1235 1234 1236
f 1235 1236 1237
f 1237 1236 1238
f 1237 1238 1239
f 1239 1238 1240
f 1239 1240 1241
f 1242 1243 1244
f 1245 1246 1247
f 1248 1249 1247
f 1250 1242 1251
f 1251 1242 1244
f 1251 1244 1252
f 1252 1244 1253
f 1252 1253 1245
f 1254 1241 1255
f 1255 1241 1240
f 1255 1240 1256
f 1254 1255 1248
f 1248 1255 1256
f 1248 1256 1249
f 1249 1256 1257
f 1249 1257 1258
f 1245 1247 1252
f 1252 1247 1249
f 1252 1249 1251
f 1251 1249 1258
f 1251 1258 1250
f 1259 1260 1261
f 1261 1260 1262
f 1188 1214 1263
f 1263 1214 1264
f 1263 1264 1265
f 1265 1264 1266
f 1265 1266 1267
f 1267 1266 1268
f 1267 1268 1262
f 1262 1268 1269
f 1262 1269 1261
f 1214 1215 1264
f 1264 1215 1270
f 1264 1270 1266
f 1266 1270 1271
f 1272 1269 1271
f 1271 1269 1268
f 1271 1268 1266
f 1273 1259 1272
f 1272 1259 1261
f 1272 1261 1269
f 1215 1187 1270
f 1270 1187 1274
f 1270 1274 1271
f 1271 1274 1275
f 1271 1275 1272
f 1272 1275 1276
f 1272 1276 1273
f 1273 1276 1277
f 1278 1279 1280
f 1281 1282 1283
f 1284 1181 1221
f 1285 1202 1200
f 1286 1209 1207
f 1184 1209 1287
f 1287 1209 1286
f 1287 1286 1288
f 1203 1202 1289
f 1289 1202 1285
f 1289 1285 1290
f 1185 1184 1291
f 1291 1184 1287
f 1291 1287 1292
f 1292 1287 1288
f 1292 1288 1293
f 1193 1203 1294
f 1294 1203 1289
f 1294 1289 1295
f 1295 1289 1290
f 1295 1290 1296
f 1221 1297 1284
f 1284 1297 1298
f 1284 1298 1299
f 1300 1301 1302
f 1303 1301 1304
f 1304 1301 1300
f 1304 1300 1305
f 1207 1205 1305
f 1305 1205 1306
f 1305 1306 1304
f 1304 1306 1307
f 1304 1307 1303
f 1303 1307 1308
f 1309 1310 1311
f 1312 1310 1313
f 1313 1310 1309
f 1313 1309 1314
f 1200 1198 1314
f 1314 1198 1315
f 1314 1315 1313
f 1313 1315 1316
f 1313 1316 1312
f 1312 1316 1317
f 1187 1185 1274
f 1274 1185 1291
f 1274 1291 1275
f 1275 1291 1292
f 1275 1292 1276
f 1276 1292 1293
f 1276 1293 1277
f 1277 1293 1318
f 1207 1305 1286
f 1286 1305 1300
f 1286 1300 1288
f 1288 1300 1302
f 1288 1302 1293
f 1293 1302 1319
f 1293 1319 1318
f 1320 1321 1308
f 1308 1321 1322
f 1308 1322 1303
f 1303 1322 1323
f 1303 1323 1301
f 1301 1323 1324
f 1301 1324 1302
f 1302 1324 1325
f 1302 1325 1319
f 1205 1204 1306
f 1306 1204 1326
f 1306 1326 1307
f 1307 1326 1327
f 1307 1327 1308
f 1308 1327 1283
f 1308 1283 1320
f 1320 1283 1282
f 1328 1281 1329
f 1329 1281 1283
f 1329 1283 1330
f 1330 1283 1327
f 1330 1327 1331
f 1331 1327 1326
f 1331 1326 1195
f 1195 1326 1204
f 1195 1193 1331
f 1331 1193 1294
f 1331 1294 1330
f 1330 1294 1295
f 1330 1295 1329
f 1329 1295 1296
f 1329 1296 1328
f 1328 1296 1332
f 1200 1314 1285
f 1285 1314 1309
f 1285 1309 1290
f 1290 1309 1311
f 1290 1311 1296
f 1296 1311 1333
f 1296 1333 1332
f 1334 1335 1317
f 1317 1335 1336
f 1317 1336 1312
f 1312 1336 1337
f 1312 1337 1310
f 1310 1337 1338
f 1310 1338 1311
f 1311 1338 1339
f 1311 1339 1333
f 1198 1182 1315
f 1315 1182 1340
f 1315 1340 1316
f 1316 1340 1341
f 1316 1341 1317
f 1317 1341 1280
f 1317 1280 1334
f 1334 1280 1279
f 1342 1278 1343
f 1343 1278 1280
f 1343 1280 1299
f 1299 1280 1341
f 1299 1341 1284
f 1284 1341 1340
f 1284 1340 1181
f 1181 1340 1182
f 1298 1344 1299
f 1299 1344 1345
f 1299 1345 1343
f 1343 1345 1346
f 1343 1346 1342
f 1342 1346 1347
f 1241 1347 1239
f 1239 1347 1346
f 1239 1346 1237
f 1237 1346 1345
f 1237 1345 1235
f 1235 1345 1344
f 1235 1344 1233
f 1233 1344 1298
f 1233 1298 1223
f 1223 1298 1297
f 1223 1297 1221
f 1348 1349 2
f 32 31 1350
f 1350 31 1351
f 1352 1353 1354
f 1354 1353 1355
f 1354 1355 1351
f 1351 1355 1356
f 1351 1356 1350
f 1352 1354 1357
f 1357 1354 1358
f 1357 1358 1359
f 1360 1361 1362
f 1362 1361 1363
f 1360 1364 1361
f 1361 1364 1365
f 1361 1365 1358
f 1358 1365 1366
f 1358 1366 1359
f 1348 1367 1349
f 1349 1367 1368
f 1349 1368 1369
f 1369 1368 1370
f 1369 1370 1371
f 1371 1370 1372
f 1371 1372 1363
f 1363 1372 1373
f 1363 1373 1362
f 3 2 1374
f 1374 2 1349
f 1374 1349 1375
f 1375 1349 1369
f 1375 1369 1376
f 1376 1369 1371
f 1376 1371 1377
f 1377 1371 1363
f 1377 1363 1378
f 1378 1363 1361
f 1378 1361 1379
f 1379 1361 1358
f 1379 1358 1380
f 1380 1358 1354
f 1380 1354 1381
f 1381 1354 1351
f 1381 1351 34
f 34 1351 31
f 1223 1227 1382
f 1383 1240 1238
f 1383 1238 1384
f 1238 1236 1384
f 1384 1236 1234
f 1384 1234 1382
f 1382 1234 1232
f 1382 1232 1223
f 1383 1385 1258
f 1258 1257 1383
f 1383 1257 1256
f 1383 1256 1240
f 1385 1386 1243
f 1243 1242 1385
f 1385 1242 1250
f 1385 1250 1258
f 1071 1387 1388
f 1388 1387 1389
f 1390 1389 1387
f 1243 1386 1244
f 1244 1386 1391
f 1392 1393 1390
f 1390 1393 1394
f 1390 1394 1389
f 1395 1396 1397
f 1398 1399 1400
f 1400 1399 1392
f 1400 1392 1397
f 1397 1392 1390
f 1397 1390 1395
f 1395 1390 1387
f 1391 1398 1244
f 1244 1398 1400
f 1244 1400 1253
f 1253 1400 1397
f 1253 1397 1245
f 1245 1397 1396
f 1245 1396 1246
f 1347 1241 1401
f 1401 1241 1254
f 1246 1402 1247
f 1247 1402 1401
f 1247 1401 1248
f 1248 1401 1254
f 1347 1401 1342
f 1342 1401 1403
f 1404 1279 1403
f 1403 1279 1278
f 1403 1278 1342
f 1405 1335 1404
f 1404 1335 1334
f 1404 1334 1279
f 1406 1337 1405
f 1405 1337 1336
f 1405 1336 1335
f 1407 1339 1406
f 1406 1339 1338
f 1406 1338 1337
f 1281 1328 1408
f 1408 1328 1332
f 1408 1332 1407
f 1407 1332 1333
f 1407 1333 1339
f 1281 1408 1282
f 1282 1408 1409
f 1282 1409 1320
f 1320 1409 1321
f 1321 1409 1410
f 1321 1410 1322
f 1322 1410 1323
f 1323 1410 1411
f 1323 1411 1324
f 1324 1411 1325
f 1325 1411 1412
f 1325 1412 1319
f 1319 1412 1318
f 1318 1412 1413
f 1318 1413 1277
f 1352 1357 1414
f 2 1415 1348
f 1348 1415 1416
f 1348 1416 1367
f 1373 1372 1417
f 1417 1372 1370
f 1417 1370 1416
f 1416 1370 1368
f 1416 1368 1367
f 1373 1417 1362
f 1362 1417 1418
f 1362 1418 1360
f 1414 1357 1418
f 1418 1357 1359
f 1418 1359 1366
f 1366 1365 1418
f 1418 1365 1364
f 1418 1364 1360
f 1419 1420 1350
f 1350 1356 1419
f 1419 1356 1355
f 1419 1355 1414
f 1414 1355 1353
f 1414 1353 1352
f 26 35 1421
f 1421 35 33
f 1421 33 1420
f 1420 33 32
f 1420 32 1350
f 21 30 1422
f 1422 30 29
f 1422 29 1421
f 1421 29 27
f 1421 27 26
f 1423 17 25
f 25 24 1423
f 1423 24 23
f 1423 23 1422
f 1422 23 19
f 1422 19 21
f 17 1423 18
f 18 1423 1424
f 18 1424 11
f 8 5 1425
f 1425 5 4
f 4 15 1425
f 1425 15 14
f 1425 14 1424
f 1424 14 12
f 1424 12 11
f 2 1 1415
f 1415 1 10
f 1415 10 1425
f 1425 10 9
f 1425 9 8
f 1426 1427 1428
f 1428 1429 1430
f 1431 1426 1432
f 1432 1426 1428
f 1432 1428 1433
f 1433 1428 1430
f 1076 1434 1435
f 1429 1436 1430
f 1430 1436 1437
f 1430 1437 1438
f 1438 1437 1439
f 1440 1441 1436
f 1436 1441 1442
f 1436 1442 1437
f 1437 1442 1443
f 1437 1443 1439
f 1444 1445 1446
f 1446 1445 1447
f 1446 1447 1448
f 1435 1434 1449
f 1450 1451 1452
f 1452 1451 1453
f 1452 1453 1444
f 1444 1453 1454
f 1444 1454 1445
f 1445 1454 1449
f 1445 1449 1447
f 1447 1449 1434
f 1447 1434 1448
f 1429 1450 1436
f 1436 1450 1452
f 1436 1452 1440
f 1440 1452 1444
f 1440 1444 1455
f 1455 1444 1446
f 1438 1439 1456
f 1438 1456 1430
f 1457 1458 1431
f 1459 1460 1457
f 1456 1460 1430
f 1430 1460 1459
f 1430 1459 1433
f 1457 1431 1459
f 1459 1431 1432
f 1459 1432 1433
f 1456 1461 1460
f 1460 1461 1462
f 1462 1461 1463
f 1463 1461 1464
f 1463 1464 1465
f 1465 1464 1466
f 1466 1464 1231
f 1466 1231 1230
f 1211 1170 1467
f 1211 1467 1210
f 1210 1467 1468
f 1210 1468 1208
f 1208 1468 1469
f 1208 1469 1206
f 1206 1469 1470
f 1206 1470 1196
f 1196 1470 1471
f 1196 1471 1194
f 1194 1471 1472
f 1194 1472 1192
f 1192 1472 1473
f 1192 1473 1201
f 1201 1473 1474
f 1201 1474 1199
f 1199 1474 1028
f 1199 1028 1197
f 1197 1028 1183
f 1183 1028 1038
f 1037 1475 1038
f 1038 1475 1183
f 1475 1037 1009
f 1007 1476 1009
f 1009 1476 1477
f 1009 1477 1475
f 1478 1479 1007
f 1007 1479 1480
f 1007 1480 1476
f 1007 1006 1478
f 1478 1006 1032
f 1478 1032 1043
f 1043 1045 1481
f 1183 1475 1219
f 1219 1475 1482
f 1483 1479 1481
f 1481 1479 1478
f 1481 1478 1043
f 1475 1477 1482
f 1482 1477 1476
f 1482 1476 1483
f 1483 1476 1480
f 1483 1480 1479
f 1220 1219 1482
f 1222 1220 1484
f 1222 1485 1224
f 1224 1485 1486
f 1487 1488 1489
f 1489 1488 1490
f 1489 1490 1485
f 1485 1490 1491
f 1485 1491 1486
f 1489 1492 1487
f 1487 1492 1050
f 1487 1050 1048
f 1222 1484 1485
f 1485 1484 1493
f 1485 1493 1489
f 1489 1493 1494
f 1489 1494 1492
f 1492 1494 1051
f 1492 1051 1050
f 1220 1482 1484
f 1484 1482 1483
f 1484 1483 1493
f 1493 1483 1481
f 1493 1481 1494
f 1494 1481 1045
f 1494 1045 1051
f 1495 1496 1497
f 1486 1491 1497
f 1498 1226 1225
f 1224 1486 1225
f 1225 1486 1497
f 1225 1497 1498
f 1498 1497 1496
f 1491 1490 1497
f 1497 1490 1499
f 1497 1499 1495
f 1495 1499 1500
f 1500 1499 1501
f 1501 1499 1054
f 1501 1054 1056
f 1048 1054 1487
f 1487 1054 1499
f 1487 1499 1488
f 1488 1499 1490
f 1227 1226 1502
f 1502 1226 1498
f 1502 1498 1503
f 1503 1498 1496
f 1503 1496 1504
f 1504 1496 1495
f 1504 1495 1505
f 1505 1495 1500
f 1505 1500 1506
f 1506 1500 1501
f 1506 1501 1058
f 1058 1501 1056
f 1502 1503 1507
f 1073 1074 1508
f 1509 1510 1511
f 1511 1510 1060
f 1511 1060 1073
f 1503 1504 1510
f 1510 1504 1505
f 1510 1505 1060
f 1060 1505 1506
f 1060 1506 1058
f 1384 1382 1507
f 1507 1382 1227
f 1507 1227 1502
f 1073 1508 1511
f 1511 1508 1512
f 1511 1512 1509
f 1509 1512 1513
f 1509 1513 1514
f 1503 1510 1507
f 1507 1510 1509
f 1507 1509 1384
f 1384 1509 1514
f 1384 1514 1383
f 1515 1075 1064
f 1508 1074 1075
f 1075 1515 1508
f 1508 1515 1516
f 1508 1516 1512
f 1512 1516 1513
f 1513 1516 1517
f 1513 1517 1514
f 1518 1386 1385
f 1383 1514 1385
f 1385 1514 1517
f 1385 1517 1518
f 1518 1517 1516
f 1518 1516 1519
f 1519 1516 1515
f 1519 1515 1520
f 1520 1515 1064
f 1391 1386 1518
f 1064 1062 1520
f 1520 1062 1521
f 1522 1523 1389
f 1524 1525 1526
f 1526 1525 1527
f 1526 1527 1522
f 1522 1527 1528
f 1522 1528 1523
f 1391 1518 1398
f 1389 1394 1522
f 1522 1394 1393
f 1522 1393 1526
f 1526 1393 1392
f 1526 1392 1524
f 1524 1392 1399
f 1524 1399 1398
f 1062 1061 1521
f 1521 1061 1529
f 1521 1529 1530
f 1398 1518 1524
f 1524 1518 1519
f 1524 1519 1525
f 1525 1519 1520
f 1525 1520 1527
f 1527 1520 1521
f 1527 1521 1528
f 1528 1521 1530
f 1528 1530 1523
f 1389 1523 1388
f 1388 1523 1531
f 1388 1531 1071
f 1072 1071 1531
f 1061 1072 1529
f 1529 1072 1531
f 1529 1531 1530
f 1530 1531 1523
f 1071 1069 1387
f 1387 1069 1532
f 1387 1532 1395
f 1395 1532 1533
f 1395 1533 1396
f 1396 1533 1402
f 1396 1402 1246
f 1534 1535 1536
f 1537 1068 1070
f 1537 1070 1076
f 1537 1076 1435
f 1453 1451 1536
f 1536 1451 1538
f 1536 1538 1539
f 1539 1540 1536
f 1536 1540 1541
f 1536 1541 1534
f 1435 1449 1537
f 1537 1449 1454
f 1537 1454 1542
f 1542 1454 1453
f 1542 1453 1543
f 1543 1453 1536
f 1077 1078 1544
f 1545 1546 1448
f 1448 1546 1547
f 1448 1547 1446
f 1446 1547 1455
f 1548 1549 1550
f 1439 1443 1551
f 1551 1443 1548
f 1551 1548 1552
f 1552 1548 1550
f 1553 1554 1549
f 1555 1556 1554
f 1554 1556 1557
f 1554 1557 1549
f 1549 1557 1558
f 1549 1558 1550
f 1434 1076 1559
f 1544 1560 1077
f 1077 1560 1559
f 1077 1559 1076
f 1443 1442 1548
f 1548 1442 1441
f 1548 1441 1440
f 1440 1455 1548
f 1548 1455 1547
f 1548 1547 1549
f 1549 1547 1546
f 1549 1546 1553
f 1553 1546 1545
f 1448 1434 1545
f 1545 1434 1559
f 1545 1559 1553
f 1553 1559 1560
f 1553 1560 1554
f 1554 1560 1544
f 1554 1544 1555
f 1555 1544 1078
f 1555 1078 1067
f 1456 1439 1551
f 1456 1551 1561
f 1551 1552 1561
f 1561 1552 1550
f 1561 1550 1562
f 1562 1550 1558
f 1562 1558 1557
f 1557 1556 1562
f 1562 1556 1555
f 1562 1555 1563
f 1563 1555 1067
f 1563 1067 1066
f 1564 1565 1566
f 1567 1565 1568
f 1568 1565 1564
f 1568 1564 1569
f 1569 1564 1570
f 1569 1570 1571
f 1572 1562 1563
f 1561 1562 1573
f 1573 1562 1572
f 1573 1572 1574
f 1566 1574 1564
f 1564 1574 1572
f 1564 1572 1570
f 1570 1572 1563
f 1570 1563 1571
f 1571 1563 1066
f 1571 1066 1065
f 1566 1231 1574
f 1574 1231 1464
f 1574 1464 1573
f 1573 1464 1461
f 1573 1461 1561
f 1561 1461 1456
f 1565 1567 1174
f 1174 1173 1565
f 1565 1173 1178
f 1565 1178 1566
f 1566 1178 1180
f 1566 1180 1231
f 1026 1028 1575
f 1575 1028 1474
f 1575 1474 1576
f 1576 1474 1577
f 1577 1474 1578
f 1578 1474 1473
f 1578 1473 1579
f 1580 1581 1472
f 1472 1581 1582
f 1472 1582 1473
f 1473 1582 1583
f 1473 1583 1579
f 1580 1472 1584
f 1584 1472 1471
f 1584 1471 1585
f 1586 1587 1470
f 1470 1587 1588
f 1470 1588 1471
f 1471 1588 1589
f 1471 1589 1585
f 1590 1469 1591
f 1591 1469 1468
f 1591 1468 1592
f 1590 1593 1469
f 1469 1593 1594
f 1469 1594 1470
f 1470 1594 1595
f 1470 1595 1586
f 1592 1468 1596
f 1596 1468 1467
f 1596 1467 1597
f 1597 1467 1170
f 1597 1170 1172
f 1598 1599 1600
f 1600 1599 1601
f 1600 1601 1602
f 1603 1604 1600
f 1600 1604 1605
f 1600 1605 1598
f 1606 1607 1600
f 1600 1607 1608
f 1600 1608 1603
f 1602 1609 1600
f 1600 1609 1610
f 1600 1610 1606
f 1611 1599 1612
f 1612 1599 1598
f 1612 1598 1613
f 1613 1598 1605
f 1613 1605 1614
f 1614 1605 1604
f 1614 1604 1615
f 1615 1604 1603
f 1615 1603 1616
f 1616 1603 1608
f 1616 1608 1617
f 1617 1608 1607
f 1617 1607 1618
f 1618 1607 1606
f 1618 1606 1619
f 1619 1606 1610
f 1619 1610 1620
f 1620 1610 1609
f 1620 1609 1621
f 1621 1609 1602
f 1621 1602 1622
f 1622 1602 1601
f 1622 1601 1611
f 1611 1601 1599
f 1623 1624 1625
f 1625 1624 1626
f 1627 1628 1629
f 1629 1628 1630
f 1629 1630 1631
f 1631 1630 1632
f 1631 1632 1633
f 1633 1632 1634
f 1633 1634 1635
f 1635 1634 1636
f 1635 1636 1637
f 1637 1636 1638
f 1637 1638 1639
f 1639 1638 1640
f 1639 1640 1641
f 1641 1640 1642
f 1641 1642 1643
f 1643 1642 1644
f 1643 1644 1645
f 1645 1644 1646
f 1645 1646 1647
f 1647 1646 1648
f 1647 1648 1649
f 1649 1648 1650
f 1649 1650 1627
f 1627 1650 1628
f 1651 1652 1653
f 1653 1652 1654
f 1653 1654 1655
f 1655 1654 1656
f 1655 1656 1657
f 1657 1656 1658
f 1657 1658 1659
f 1659 1658 1660
f 1659 1660 1661
f 1661 1660 1662
f 1661 1662 1663
f 1663 1662 1664
f 1663 1664 1665
f 1665 1664 1666
f 1665 1666 1667
f 1667 1666 1668
f 1667 1668 1669
f 1669 1668 1670
f 1669 1670 1671
f 1671 1670 1672
f 1671 1672 1673
f 1673 1672 1674
f 1673 1674 1651
f 1651 1674 1652
f 1675 1648 1676
f 1676 1648 1646
f 1676 1646 1677
f 1677 1646 1644
f 1677 1644 1678
f 1678 1644 1642
f 1678 1642 1679
f 1679 1642 1640
f 1679 1640 1680
f 1680 1640 1638
f 1680 1638 1681
f 1681 1638 1636
f 1681 1636 1682
f 1682 1636 1634
f 1682 1634 1683
f 1683 1634 1632
f 1683 1632 1684
f 1684 1632 1630
f 1684 1630 1685
f 1685 1630 1628
f 1685 1628 1686
f 1686 1628 1650
f 1686 1650 1675
f 1675 1650 1648
f 1675 1666 1686
f 1686 1666 1664
f 1686 1664 1685
f 1685 1664 1662
f 1685 1662 1684
f 1684 1662 1660
f 1684 1660 1683
f 1683 1660 1658
f 1683 1658 1682
f 1682 1658 1656
f 1682 1656 1681
f 1681 1656 1654
f 1681 1654 1680
f 1680 1654 1652
f 1680 1652 1679
f 1679 1652 1674
f 1679 1674 1678
f 1678 1674 1672
f 1678 1672 1677
f 1677 1672 1670
f 1677 1670 1676
f 1676 1670 1668
f 1676 1668 1675
f 1675 1668 1666
f 1667 1687 1665
f 1665 1687 1688
f 1665 1688 1663
f 1663 1688 1689
f 1663 1689 1661
f 1661 1689 1690
f 1661 1690 1659
f 1659 1690 1691
f 1659 1691 1657
f 1657 1691 1692
f 1657 1692 1655
f 1655 1692 1693
f 1655 1693 1653
f 1653 1693 1694
f 1653 1694 1651
f 1651 1694 1695
f 1651 1695 1673
f 1673 1695 1696
f 1673 1696 1671
f 1671 1696 1697
f 1671 1697 1669
f 1669 1697 1698
f 1669 1698 1667
f 1667 1698 1687
f 1699 1698 1697
f 1687 1698 1699
f 1699 1695 1694
f 1696 1695 1699
f 1697 1696 1699
f 1699 1692 1691
f 1693 1692 1699
f 1694 1693 1699
f 1699 1689 1688
f 1690 1689 1699
f 1691 1690 1699
f 1688 1687 1699
f 1700 1701 939
f 939 1701 1702
f 939 1702 1005
f 1703 1704 920
f 920 1704 1705
f 1705 1704 1706
f 1705 1706 1707
f 1707 1706 1708
f 1707 1708 1709
f 920 826 1703
f 1703 826 827
f 1703 827 1702
f 1702 827 828
f 1702 828 1005
f 1709 1708 1710
f 1710 1708 1711
f 1710 1711 1712
f 1711 1713 1712
f 1712 1713 1714
f 1712 1714 1715
f 1715 1714 1716
f 1715 1716 1717
f 1717 1716 1718
f 1717 1718 1719
f 1719 1718 1720
f 1719 1720 956
f 956 1720 1721
f 956 1721 1004
f 1004 1721 1722
f 1004 1722 1003
f 1003 1722 1723
f 1003 1723 966
f 966 1723 1724
f 966 1724 1725
f 1725 1724 1726
f 1725 1726 1700
f 1700 1726 1727
f 1700 1727 1701
f 1728 1729 1730
f 1730 1729 1731
f 1730 1731 1732
f 1732 1731 1733
f 1734 1735 1736
f 1736 1735 1737
f 1731 1738 1733
f 1733 1738 1739
f 1733 1739 1740
f 1740 1739 1741
f 1740 1741 1742
f 1742 1741 1743
f 1742 1743 1737
f 1737 1743 1744
f 1737 1744 1736
f 1734 1745 1735
f 1735 1745 1746
f 1735 1746 1747
f 1747 1746 1748
f 1747 1748 1749
f 1749 1748 1750
f 1749 1750 1751
f 1751 1750 1752
f 1753 1754 1755
f 1755 1754 1751
f 1755 1751 1756
f 1756 1751 1752
f 1753 1757 1754
f 1754 1757 1758
f 1754 1758 1759
f 1759 1758 1760
f 1759 1760 1761
f 1761 1760 1762
f 1761 1762 1763
f 1763 1762 1764
f 1763 1764 1765
f 1765 1764 1766
f 1765 1766 1767
f 1767 1766 1768
f 1767 1768 1769
f 1768 1770 1769
f 1769 1770 1771
f 1769 1771 1772
f 1773 1774 1775
f 1775 1774 1776
f 1771 1777 1772
f 1772 1777 1778
f 1772 1778 1779
f 1779 1778 1780
f 1779 1780 1776
f 1776 1780 1781
f 1776 1781 1775
f 1782 1783 1784
f 1784 1783 1785
f 1775 1786 1773
f 1773 1786 1787
f 1773 1787 1782
f 1782 1787 1788
f 1782 1788 1783
f 1785 1789 1784
f 1784 1789 1790
f 1784 1790 1791
f 1791 1790 1792
f 1791 1792 1728
f 1728 1792 1793
f 1728 1793 1729
f 1713 1711 1738
f 1738 1711 1739
f 1739 1711 1741
f 1741 1711 1708
f 1741 1708 1743
f 1743 1708 1744
f 1744 1708 1706
f 1744 1706 1736
f 1704 1745 1706
f 1706 1745 1734
f 1706 1734 1736
f 1703 1748 1704
f 1704 1748 1746
f 1704 1746 1745
f 1755 1756 1702
f 1702 1756 1752
f 1702 1752 1703
f 1703 1752 1750
f 1703 1750 1748
f 1760 1758 1701
f 1701 1758 1757
f 1701 1757 1702
f 1702 1757 1753
f 1702 1753 1755
f 1760 1701 1762
f 1762 1701 1727
f 1762 1727 1764
f 1764 1727 1726
f 1764 1726 1766
f 1726 1724 1766
f 1766 1724 1768
f 1768 1724 1770
f 1770 1724 1723
f 1770 1723 1771
f 1771 1723 1777
f 1777 1723 1722
f 1777 1722 1778
f 1721 1781 1722
f 1722 1781 1780
f 1722 1780 1778
f 1720 1786 1721
f 1721 1786 1775
f 1721 1775 1781
f 1785 1783 1718
f 1718 1783 1788
f 1718 1788 1720
f 1720 1788 1787
f 1720 1787 1786
f 1793 1792 1716
f 1716 1792 1790
f 1716 1790 1718
f 1718 1790 1789
f 1718 1789 1785
f 1793 1716 1729
f 1729 1716 1714
f 1729 1714 1731
f 1731 1714 1713
f 1731 1713 1738
f 1794 1190 1179
f 1176 1175 1795
f 1794 1179 1796
f 1795 1797 1176
f 1176 1797 1796
f 1176 1796 1177
f 1177 1796 1179
f 1063 1089 1065
f 1065 1089 1086
f 1065 1086 1571
f 1571 1086 1084
f 1571 1084 1569
f 1568 1569 1567
f 1567 1569 1174
f 1795 1175 1798
f 1798 1175 1174
f 1569 1084 1174
f 1174 1084 1081
f 1174 1081 1798
f 1798 1081 1080
f 1798 1080 1094
f 1094 1096 1798
f 1798 1096 1161
f 1798 1161 1147
f 1799 1800 1110
f 1101 1119 1801
f 1802 1103 1803
f 1803 1103 1101
f 1803 1101 1804
f 1804 1101 1801
f 1804 1801 1805
f 1110 1109 1799
f 1799 1109 1107
f 1799 1107 1802
f 1802 1107 1105
f 1802 1105 1103
f 1122 1121 1140
f 1140 1121 1806
f 1152 1141 1807
f 1807 1141 1140
f 1807 1140 1808
f 1808 1140 1806
f 1808 1806 1809
f 1810 1811 1812
f 1807 1799 1802
f 1810 1812 1813
f 1814 1807 1815
f 1815 1807 1802
f 1815 1802 1816
f 1816 1802 1817
f 1804 1805 1818
f 1804 1818 1803
f 1803 1818 1819
f 1803 1819 1802
f 1802 1819 1820
f 1802 1820 1817
f 1821 1822 1823
f 1823 1822 1824
f 1823 1824 1825
f 1825 1824 1826
f 1825 1826 1827
f 1807 1808 1799
f 1799 1808 1809
f 1799 1809 1800
f 1800 1809 1828
f 1800 1828 1829
f 1828 1830 1829
f 1829 1830 1831
f 1829 1831 1826
f 1826 1831 1832
f 1826 1832 1833
f 1827 1826 1834
f 1834 1826 1833
f 1834 1833 1812
f 1812 1833 1835
f 1812 1835 1813
f 1836 1837 1838
f 1626 1836 1839
f 1839 1836 1838
f 1839 1838 1840
f 1841 1842 1843
f 1844 1845 1846
f 1844 1846 1847
f 1842 1841 1848
f 1134 1133 1844
f 1844 1133 1132
f 1132 1131 1844
f 1844 1131 1849
f 1844 1849 1845
f 1833 1832 1850
f 1850 1832 1831
f 1850 1831 1830
f 1813 1835 1851
f 1846 1848 1847
f 1847 1848 1841
f 1847 1841 1838
f 1838 1841 1843
f 1838 1843 1840
f 1837 1852 1838
f 1838 1852 1853
f 1838 1853 1847
f 1847 1853 1854
f 1847 1854 1844
f 1844 1854 1855
f 1844 1855 1134
f 1811 1810 1856
f 1856 1810 1857
f 1856 1857 1858
f 1858 1857 1859
f 1858 1859 1860
f 1860 1859 1861
f 1860 1861 1862
f 1862 1861 1863
f 1862 1863 1864
f 1864 1863 1865
f 1810 1813 1857
f 1857 1813 1851
f 1857 1851 1859
f 1859 1851 1866
f 1859 1866 1861
f 1861 1866 1867
f 1861 1867 1863
f 1809 1806 1828
f 1828 1806 1121
f 1828 1121 1830
f 1830 1121 1120
f 1830 1120 1850
f 1850 1120 1136
f 1850 1136 1855
f 1855 1136 1135
f 1855 1135 1134
f 1835 1833 1851
f 1851 1833 1850
f 1851 1850 1866
f 1866 1850 1855
f 1866 1855 1867
f 1867 1855 1854
f 1867 1854 1863
f 1863 1854 1853
f 1863 1853 1865
f 1865 1853 1852
f 1868 1099 1869
f 1869 1099 1098
f 1869 1098 1870
f 1870 1098 1110
f 1870 1110 1871
f 1800 1829 1110
f 1110 1829 1872
f 1110 1872 1871
f 1873 1874 1875
f 1876 1877 1878
f 1878 1877 1879
f 1880 1881 1882
f 1883 1881 1821
f 1821 1881 1880
f 1821 1880 1822
f 1884 1868 1869
f 1885 1871 1886
f 1886 1871 1872
f 1870 1875 1869
f 1869 1875 1874
f 1869 1874 1884
f 1884 1874 1873
f 1884 1873 1887
f 1876 1887 1877
f 1877 1887 1873
f 1877 1873 1888
f 1888 1873 1875
f 1888 1875 1885
f 1885 1875 1870
f 1885 1870 1871
f 1824 1822 1889
f 1889 1822 1880
f 1889 1880 1890
f 1890 1880 1882
f 1890 1882 1879
f 1879 1877 1890
f 1890 1877 1888
f 1890 1888 1889
f 1889 1888 1885
f 1889 1885 1824
f 1824 1885 1886
f 1824 1886 1826
f 1826 1886 1872
f 1826 1872 1829
f 1891 1892 1155
f 1891 1155 1893
f 1152 1807 1814
f 1155 1153 1893
f 1893 1153 1152
f 1893 1152 1894
f 1894 1152 1814
f 1156 1155 1892
f 1895 1896 1145
f 1156 1892 1145
f 1145 1892 1897
f 1145 1897 1895
f 1898 1899 1900
f 1900 1901 1898
f 1898 1901 1896
f 1898 1896 1902
f 1794 1796 1903
f 1903 1796 1797
f 1903 1797 1904
f 1904 1797 1795
f 1904 1795 1898
f 1898 1795 1798
f 1898 1798 1899
f 1794 1903 1190
f 1190 1903 1905
f 1190 1905 1212
f 1905 1906 1212
f 1212 1906 1907
f 1212 1907 1213
f 1213 1907 1908
f 1213 1908 1163
f 1163 1908 1909
f 1163 1909 1164
f 1896 1895 1902
f 1902 1895 1897
f 1902 1897 1910
f 1910 1897 1892
f 1910 1892 1911
f 1911 1892 1891
f 1911 1891 1893
f 1899 1798 1147
f 1142 1145 1896
f 1142 1896 1143
f 1143 1896 1146
f 1146 1896 1901
f 1146 1901 1147
f 1147 1901 1900
f 1147 1900 1899
f 1912 1913 1914
f 1914 1913 1915
f 1916 1917 1918
f 1916 1918 1919
f 1919 1918 1920
f 1919 1920 1921
f 1921 1920 1922
f 1921 1922 1923
f 1923 1922 1914
f 1923 1914 1915
f 1462 1463 1426
f 1426 1463 1924
f 1426 1924 1427
f 1426 1431 1458
f 1426 1458 1462
f 1462 1458 1457
f 1462 1457 1460
f 1924 1463 1465
f 1229 1228 1925
f 1925 1228 1218
f 1925 1218 1926
f 1926 1218 1217
f 1230 1229 1466
f 1466 1229 1925
f 1466 1925 1465
f 1465 1925 1927
f 1465 1927 1924
f 1924 1927 1427
f 1928 1427 1927
f 1926 1217 1263
f 1263 1217 1216
f 1216 1191 1263
f 1263 1191 1189
f 1263 1189 1188
f 1267 1928 1265
f 1265 1928 1927
f 1265 1927 1263
f 1263 1927 1925
f 1263 1925 1926
f 1929 1930 1262
f 1267 1262 1928
f 1928 1262 1930
f 1928 1930 1427
f 1260 1931 1262
f 1262 1931 1535
f 1262 1535 1929
f 1929 1535 1534
f 1929 1534 1541
f 1929 1541 1540
f 1932 1930 1929
f 1929 1540 1932
f 1932 1540 1539
f 1932 1539 1450
f 1450 1539 1538
f 1450 1538 1451
f 1450 1429 1932
f 1932 1429 1428
f 1932 1428 1930
f 1930 1428 1427
f 1933 1934 1935
f 1935 1934 1936
f 1937 1938 1939
f 1939 1938 1940
f 1938 1941 1940
f 1940 1941 1942
f 1940 1942 1943
f 1943 1942 1944
f 1943 1944 1945
f 1945 1944 1946
f 1945 1946 1947
f 1947 1946 1948
f 1947 1948 1936
f 1936 1948 1949
f 1936 1949 1935
f 1950 1951 1952
f 1939 1953 1937
f 1937 1953 1954
f 1937 1954 1955
f 1955 1954 1956
f 1955 1956 1952
f 1952 1956 1957
f 1952 1957 1950
f 1958 1959 1960
f 1951 1950 1959
f 1959 1950 1961
f 1959 1961 1960
f 1962 1963 1960
f 1960 1963 1964
f 1960 1964 1958
f 1965 1966 1967
f 1967 1966 1968
f 1967 1968 1969
f 1969 1968 1970
f 1969 1970 1962
f 1962 1970 1971
f 1962 1971 1963
f 1972 1973 1974
f 1974 1975 1972
f 1972 1975 1976
f 1972 1976 1977
f 1977 1976 1966
f 1977 1966 1965
f 1611 1978 1622
f 1622 1978 1979
f 1622 1979 1621
f 1621 1979 1980
f 1621 1980 1620
f 1620 1980 1981
f 1620 1981 1619
f 1619 1981 1982
f 1619 1982 1618
f 1618 1982 1983
f 1618 1983 1617
f 1617 1983 1984
f 1617 1984 1616
f 1616 1984 1985
f 1616 1985 1615
f 1615 1985 1986
f 1615 1986 1614
f 1614 1986 1987
f 1614 1987 1613
f 1613 1987 1988
f 1613 1988 1612
f 1612 1988 1989
f 1612 1989 1611
f 1611 1989 1978
f 1990 1878 1991
f 1991 1878 1974
f 1991 1974 1992
f 1992 1974 1993
f 1993 1974 1973
f 1993 1973 1994
f 1876 1878 1887
f 1887 1878 1990
f 1887 1990 1884
f 1884 1990 1995
f 1884 1995 1868
f 1868 1995 1996
f 1868 1996 1099
f 1994 1973 1997
f 1997 1973 1998
f 1997 1998 1999
f 1999 1998 2000
f 1999 2000 2001
f 2001 2000 1112
f 2001 1112 2002
f 2002 1112 1111
f 2002 1111 1118
f 1118 1117 2002
f 2002 1117 1116
f 2002 1116 1115
f 1996 2003 1099
f 1099 2003 2002
f 1099 2002 1114
f 1114 2002 1115
f 2003 1988 2002
f 2002 1988 1987
f 2002 1987 2001
f 2001 1987 1986
f 2001 1986 1999
f 1999 1986 1985
f 1999 1985 1997
f 1997 1985 1984
f 1997 1984 1994
f 1994 1984 1983
f 1994 1983 1993
f 1993 1983 1982
f 1993 1982 1992
f 1992 1982 1981
f 1992 1981 1991
f 1991 1981 1980
f 1991 1980 1990
f 1990 1980 1979
f 1990 1979 1995
f 1995 1979 1978
f 1995 1978 1996
f 1996 1978 1989
f 1996 1989 2003
f 2003 1989 1988
f 2004 2005 2006
f 2006 2005 2007
f 2006 2007 2008
f 2009 2010 2011
f 2012 2009 2013
f 2013 2009 2011
f 2013 2011 2014
f 2014 2011 2015
f 2014 2015 2016
f 2012 2013 2017
f 2017 2013 1934
f 2017 1934 1933
f 2005 2004 2018
f 2018 2004 2016
f 2018 2016 2019
f 2019 2016 2015
f 2020 2021 2022
f 2023 2024 2025
f 1974 1878 1879
f 2026 1858 1860
f 2027 1911 2028
f 2029 2030 2031
f 2032 2033 2034
f 2034 2033 2035
f 2036 2037 2038
f 2038 2037 2039
f 2038 2039 2031
f 2031 2039 2040
f 2031 2040 2029
f 2041 2042 2043
f 2041 2043 2038
f 2038 2043 2044
f 2038 2044 2036
f 2045 2046 2047
f 2047 2046 2048
f 2047 2048 2049
f 2027 2028 2050
f 2051 2052 2053
f 2054 2055 2056
f 2057 2058 2059
f 2059 2058 2060
f 2026 1860 2061
f 2061 1860 1862
f 2061 1862 2062
f 2062 1862 1864
f 2062 1864 2063
f 1864 1865 2063
f 2063 1865 1852
f 2063 1852 2064
f 2064 1852 1837
f 2064 1837 1623
f 1623 1837 1836
f 1623 1836 1624
f 1624 1836 1626
f 2065 1827 1834
f 2066 1881 2067
f 2067 1881 1883
f 2067 1883 2068
f 2068 1883 1821
f 2068 1821 1823
f 2069 2070 2071
f 2072 2073 2074
f 2074 2073 2075
f 2076 2077 1975
f 1975 2077 2078
f 1975 2078 1976
f 1975 1974 2076
f 2076 1974 1879
f 2076 1879 2079
f 2079 1879 2073
f 2079 2073 2080
f 2080 2073 2072
f 2081 2082 2071
f 2071 2082 2083
f 2071 2083 2069
f 2084 2085 2071
f 2071 2085 2086
f 2071 2086 2081
f 2087 2088 2089
f 2089 2088 2090
f 2090 2084 2089
f 2089 2084 2071
f 2089 2071 2073
f 2073 2071 2070
f 2073 2070 2075
f 2091 2092 2093
f 2093 2092 2094
f 2093 2094 2087
f 2087 2094 2095
f 2087 2095 2088
f 2012 2017 2096
f 2012 2096 2009
f 2009 2096 2010
f 2010 2096 2097
f 2010 2097 2098
f 2098 2097 2099
f 2098 2099 2093
f 2093 2099 2100
f 2093 2100 2091
f 2022 2021 2101
f 2102 2103 2022
f 2022 2103 2104
f 2022 2104 2020
f 1827 2065 1825
f 1825 2065 2105
f 1825 2105 1823
f 1823 2105 2106
f 1823 2106 2068
f 2068 2106 2107
f 2068 2107 2067
f 2023 2087 2024
f 2024 2087 2089
f 2024 2089 2108
f 2108 2089 2073
f 2108 2073 1882
f 1882 2073 1879
f 2109 2110 2111
f 2111 2110 2112
f 2111 2112 2113
f 2113 2112 2114
f 2113 2114 2115
f 2115 2114 2116
f 2115 2116 2046
f 2046 2116 2117
f 2046 2117 2048
f 2045 2042 2046
f 2046 2042 2041
f 2046 2041 2115
f 2115 2041 2038
f 2115 2038 2113
f 2113 2038 2031
f 2113 2031 2111
f 2111 2031 2030
f 2111 2030 2109
f 2109 2030 2118
f 2109 2118 2119
f 2119 2118 2120
f 2119 2120 2034
f 2034 2120 2121
f 2034 2121 2032
f 1858 2026 1856
f 1856 2026 2122
f 1856 2122 1811
f 1811 2122 2060
f 1811 2060 1812
f 1812 2060 2058
f 1812 2058 1834
f 1834 2058 2057
f 1834 2057 2065
f 2065 2057 2123
f 2065 2123 2105
f 2124 2054 2125
f 2125 2054 2056
f 2125 2056 2051
f 2051 2056 2126
f 2051 2126 2052
f 2051 2127 2125
f 2125 2127 2128
f 2125 2128 2124
f 2124 2128 2129
f 2124 2129 2130
f 2130 2129 2131
f 2130 2131 2132
f 2132 2131 2101
f 2132 2101 2025
f 2025 2101 2021
f 2025 2021 2023
f 2059 2055 2057
f 2057 2055 2054
f 2057 2054 2123
f 2123 2054 2124
f 2123 2124 2105
f 2105 2124 2130
f 2105 2130 2106
f 2106 2130 2132
f 2106 2132 2107
f 2107 2132 2025
f 2107 2025 2067
f 2067 2025 2024
f 2067 2024 2066
f 2066 2024 2108
f 2066 2108 1881
f 1881 2108 1882
f 2035 2102 2034
f 2034 2102 2022
f 2034 2022 2119
f 2119 2022 2101
f 2119 2101 2109
f 2109 2101 2131
f 2109 2131 2110
f 2110 2131 2129
f 2110 2129 2112
f 2112 2129 2128
f 2112 2128 2114
f 2114 2128 2127
f 2114 2127 2116
f 2116 2127 2051
f 2116 2051 2117
f 2117 2051 2053
f 2117 2053 2048
f 2048 2053 2050
f 2048 2050 2049
f 2049 2050 2028
f 2049 2028 2047
f 2133 2134 1951
f 1951 2134 1952
f 1951 1959 2133
f 2133 1959 1958
f 2133 1958 2135
f 2135 1958 1964
f 2135 1964 1963
f 1952 2134 1955
f 1955 2134 2136
f 1955 2136 1937
f 1944 1942 2137
f 2137 1942 1941
f 2137 1941 2136
f 2136 1941 1938
f 2136 1938 1937
f 1944 2137 1946
f 1946 2137 2138
f 1946 2138 1948
f 1948 2138 2139
f 1948 2139 1949
f 1949 2139 2140
f 1949 2140 1935
f 2141 2142 2143
f 2077 2076 2144
f 2145 2146 2147
f 2148 2149 2150
f 2150 2149 2151
f 2079 2152 2153
f 2153 2152 2154
f 2076 2079 2144
f 2144 2079 2153
f 2144 2153 2155
f 2155 2153 2154
f 2155 2154 2156
f 1976 2078 1966
f 1966 2078 2157
f 1966 2157 1968
f 2158 2159 1970
f 2017 1933 2160
f 2160 1933 2161
f 2161 1933 1935
f 2161 1935 2140
f 2100 2099 2162
f 2162 2099 2097
f 2162 2097 2160
f 2160 2097 2096
f 2160 2096 2017
f 2100 2163 2164
f 2164 2163 2165
f 2164 2165 2166
f 2167 2168 2169
f 2169 2168 2170
f 2166 2165 2171
f 2171 2165 2169
f 2171 2169 2172
f 2172 2169 2170
f 2172 2170 2173
f 2133 2135 2174
f 2174 2135 1963
f 2174 1963 2159
f 2159 1963 1971
f 2159 1971 1970
f 2134 2142 2136
f 2136 2142 2141
f 2136 2141 2137
f 2078 2077 2157
f 2157 2077 2144
f 2157 2144 2175
f 2175 2144 2155
f 2175 2155 2147
f 2147 2155 2156
f 2147 2156 2145
f 2176 2174 2177
f 2177 2174 2159
f 2177 2159 2178
f 2178 2159 2158
f 2178 2158 2179
f 2180 2143 2181
f 2181 2143 2142
f 2181 2142 2182
f 2182 2142 2134
f 2182 2134 2133
f 2183 2162 2184
f 2184 2162 2160
f 2184 2160 2185
f 2185 2160 2161
f 2185 2161 2186
f 2187 2176 2188
f 2188 2176 2177
f 2188 2177 2189
f 2189 2177 2178
f 2189 2178 2190
f 2190 2178 2179
f 2190 2179 2191
f 2192 2183 2193
f 2193 2183 2184
f 2193 2184 2194
f 2194 2184 2185
f 2194 2185 2195
f 2195 2185 2186
f 2195 2186 2196
f 1970 1968 2158
f 2158 1968 2157
f 2158 2157 2179
f 2179 2157 2175
f 2179 2175 2191
f 2191 2175 2147
f 2191 2147 2151
f 2151 2147 2146
f 2151 2146 2150
f 2151 2197 2191
f 2191 2197 2198
f 2191 2198 2190
f 2190 2198 2199
f 2190 2199 2189
f 2189 2199 2200
f 2189 2200 2188
f 2188 2200 2201
f 2188 2201 2187
f 2187 2201 2202
f 2187 2202 2203
f 2133 2174 2182
f 2182 2174 2176
f 2182 2176 2181
f 2181 2176 2187
f 2181 2187 2180
f 2180 2187 2203
f 2180 2203 2204
f 2204 2205 2180
f 2180 2205 2206
f 2180 2206 2143
f 2143 2206 2207
f 2143 2207 2141
f 2141 2207 2208
f 2141 2208 2137
f 2137 2208 2138
f 2205 2209 2206
f 2206 2209 2210
f 2206 2210 2207
f 2207 2210 2211
f 2207 2211 2208
f 2208 2211 2212
f 2208 2212 2138
f 2138 2212 2139
f 2209 2213 2210
f 2210 2213 2196
f 2210 2196 2211
f 2211 2196 2186
f 2211 2186 2212
f 2212 2186 2161
f 2212 2161 2139
f 2139 2161 2140
f 2213 2214 2196
f 2196 2214 2215
f 2196 2215 2195
f 2195 2215 2216
f 2195 2216 2194
f 2194 2216 2217
f 2194 2217 2193
f 2193 2217 2218
f 2193 2218 2192
f 2192 2218 2219
f 2192 2219 2220
f 2100 2162 2163
f 2163 2162 2183
f 2163 2183 2165
f 2165 2183 2192
f 2165 2192 2169
f 2169 2192 2220
f 2169 2220 2167
f 2221 1705 1707
f 2221 1707 2222
f 2222 1707 1709
f 2222 1709 2149
f 2223 2221 2222
f 2069 2083 2224
f 2224 2083 2082
f 2224 2082 2081
f 2069 2225 2070
f 2070 2225 2075
f 2075 2225 2074
f 2074 2225 2226
f 2074 2226 2072
f 2072 2226 2227
f 2072 2227 2080
f 2080 2227 2152
f 2080 2152 2079
f 2228 2145 2156
f 2148 2150 2224
f 2224 2150 2228
f 2228 2150 2146
f 2228 2146 2145
f 2149 2148 2222
f 2222 2148 2224
f 2222 2224 2223
f 2223 2224 2081
f 2223 2081 2086
f 2069 2224 2225
f 2225 2224 2228
f 2225 2228 2226
f 2226 2228 2156
f 2226 2156 2227
f 2227 2156 2154
f 2227 2154 2152
f 2229 2084 2230
f 2230 2084 2090
f 920 1705 2221
f 2086 2085 2223
f 2223 2085 2084
f 2223 2084 2221
f 2221 2084 2229
f 2221 2229 920
f 920 2229 914
f 2230 2090 2231
f 2170 2168 2232
f 2233 2234 2231
f 2090 2088 2231
f 2231 2088 2095
f 2231 2095 2233
f 2233 2095 2094
f 2233 2094 2092
f 2170 2232 2173
f 2229 2230 2232
f 2232 2230 2231
f 2232 2231 2173
f 2173 2231 2234
f 2173 2234 2172
f 2172 2234 2171
f 2171 2234 2233
f 2171 2233 2166
f 2166 2233 2092
f 2166 2092 2164
f 2164 2092 2091
f 2164 2091 2100
f 2168 919 2232
f 2232 919 915
f 2232 915 2229
f 2229 915 914
f 2235 2236 1917
f 1917 2236 1912
f 1917 1912 1914
f 1914 1922 1917
f 1917 1922 1920
f 1917 1920 1918
f 2237 2238 2239
f 2240 2237 2241
f 2241 2237 2239
f 2241 2239 2242
f 2242 2239 2243
f 1917 1916 2235
f 2235 1916 2244
f 2235 2244 2241
f 2241 2244 2245
f 2241 2245 2240
f 2246 2244 1913
f 1913 2244 1916
f 1913 1916 1915
f 1919 1921 1916
f 1916 1921 1923
f 1916 1923 1915
f 2239 1259 2243
f 2243 1259 1273
f 2243 1273 2247
f 2247 1273 2248
f 2248 1273 1277
f 2248 1277 1413
f 1421 1420 1411
f 1912 1401 1913
f 1913 1401 1402
f 1913 1402 1533
f 1542 1543 1537
f 1537 1543 1536
f 1537 1536 1068
f 1068 1536 2246
f 1068 2246 1069
f 1069 2246 1913
f 1069 1913 1532
f 1532 1913 1533
f 2249 2250 2251
f 2251 2250 2246
f 2251 2246 2252
f 2252 2246 1536
f 1912 2236 1414
f 1411 1420 1412
f 1412 1420 1419
f 1412 1419 1413
f 1411 1410 1421
f 1421 1410 1409
f 1421 1409 1422
f 1422 1409 1408
f 1422 1408 1423
f 1423 1408 1407
f 1423 1407 1424
f 1413 1419 2248
f 2248 1419 1414
f 2248 1414 2247
f 1414 1418 1912
f 1912 1418 1417
f 1912 1417 1401
f 1401 1417 1416
f 1401 1416 1403
f 1403 1416 1415
f 1403 1415 1404
f 1404 1415 1425
f 1404 1425 1405
f 1405 1425 1424
f 1405 1424 1406
f 1406 1424 1407
f 2236 2253 1414
f 1414 2253 2254
f 1414 2254 2247
f 2236 2235 2253
f 2253 2235 2241
f 2253 2241 2254
f 2254 2241 2242
f 2254 2242 2247
f 2247 2242 2243
f 1259 2239 1260
f 1260 2239 2238
f 2238 2252 1260
f 1260 2252 1536
f 1260 1536 1931
f 1931 1536 1535
f 2252 2238 2237
f 2252 2237 2251
f 2251 2237 2240
f 2251 2240 2249
f 2249 2240 2245
f 2249 2245 2250
f 2250 2245 2244
f 2250 2244 2246
f 2167 2220 1700
f 2220 2219 1700
f 1700 2219 2218
f 1700 2218 1725
f 1725 2218 2217
f 1725 2217 966
f 966 2217 2216
f 966 2216 964
f 964 2216 2215
f 964 2215 962
f 962 2215 2214
f 962 2214 961
f 961 2214 2213
f 2203 1717 2204
f 2204 1717 1719
f 2204 1719 2205
f 2205 1719 956
f 2205 956 2209
f 2209 956 958
f 2209 958 2213
f 2213 958 959
f 2213 959 961
f 2199 1712 1715
f 2203 2202 1717
f 1717 2202 2201
f 1717 2201 1715
f 1715 2201 2200
f 1715 2200 2199
f 2199 2198 1712
f 1712 2198 2197
f 1712 2197 1710
f 2197 2151 1710
f 1710 2151 2149
f 1710 2149 1709
f 1700 939 2167
f 2167 939 919
f 2167 919 2168
f 1649 2255 1647
f 1647 2255 2256
f 1647 2256 1645
f 1645 2256 2257
f 1645 2257 1643
f 1643 2257 2258
f 1643 2258 1641
f 1641 2258 2259
f 1641 2259 1639
f 1639 2259 2260
f 1639 2260 1637
f 1637 2260 2261
f 1637 2261 1635
f 1635 2261 2262
f 1635 2262 1633
f 1633 2262 2263
f 1633 2263 1631
f 1631 2263 2264
f 1631 2264 1629
f 1629 2264 2265
f 1629 2265 1627
f 1627 2265 2266
f 1627 2266 1649
f 1649 2266 2255
f 2267 2268 2269
f 2270 2271 2272
f 2270 2272 2273
f 2273 2272 2274
f 2273 2274 2275
f 2270 2276 2271
f 2271 2276 2277
f 2271 2277 2278
f 2277 2279 2278
f 2278 2279 2280
f 2278 2280 2281
f 2281 2280 2282
f 2281 2282 2283
f 2282 2284 2283
f 2283 2284 2285
f 2283 2285 2286
f 2286 2285 2287
f 2286 2287 2288
f 2287 2289 2288
f 2288 2289 2290
f 2288 2290 2291
f 2291 2290 2292
f 2291 2292 2293
f 2293 2292 2268
f 2268 2292 2294
f 2268 2294 2269
f 2269 2295 2267
f 2267 2295 2296
f 2267 2296 2297
f 2297 2296 2298
f 2297 2298 2299
f 2299 2298 2300
f 2299 2300 2301
f 2301 2300 2302
f 2303 2304 2305
f 2305 2304 2306
f 2305 2306 2307
f 2308 2309 2310
f 2310 2309 2311
f 2310 2311 2312
f 2312 2311 2313
f 2312 2313 2314
f 2314 2313 2315
f 2314 2315 2316
f 2316 2315 2317
f 2316 2317 2318
f 2318 2317 2319
f 2318 2319 2320
f 2320 2319 2321
f 2320 2321 2322
f 2322 2321 2323
f 2322 2323 2324
f 2324 2323 2325
f 2324 2325 2326
f 2326 2325 2327
f 2326 2327 2328
f 2328 2327 2329
f 2328 2329 2330
f 2330 2329 2331
f 2330 2331 2308
f 2308 2331 2309
f 2301 2302 2332
f 2301 2332 2333
f 2333 2332 2334
f 2333 2334 2335
f 2335 2334 2336
f 2335 2336 2337
f 2338 2339 2340
f 2341 2342 2343
f 2343 2344 2341
f 2341 2344 2345
f 2341 2345 2346
f 2346 2345 2347
f 2346 2347 2348
f 2348 2347 2349
f 2348 2349 2350
f 2338 2340 2351
f 2351 2340 2352
f 2351 2352 2353
f 2353 2352 2354
f 2353 2354 2355
f 2356 2354 2357
f 2357 2354 2352
f 2357 2352 2358
f 2358 2352 2340
f 2358 2340 2359
f 2359 2340 2339
f 2359 2339 2360
f 2343 2361 2344
f 2344 2361 2362
f 2344 2362 2345
f 2345 2362 2363
f 2345 2363 2347
f 2347 2363 2360
f 2347 2360 2349
f 2349 2360 2339
f 2349 2339 2350
f 2350 2339 2338
f 2364 2365 2366
f 2367 2368 2369
f 2369 2368 2370
f 2371 2372 2373
f 2373 2372 2374
f 2370 2364 2369
f 2369 2364 2366
f 2369 2366 2375
f 2375 2366 2376
f 2375 2376 2377
f 2377 2376 2378
f 2377 2378 2371
f 2371 2378 2379
f 2371 2379 2372
f 2380 2381 2382
f 2382 2381 2383
f 2382 2383 2384
f 2385 2386 2387
f 2387 2386 2388
f 2387 2388 2380
f 2380 2388 2389
f 2380 2389 2381
f 2390 2391 2392
f 2392 2391 2393
f 2392 2393 2394
f 2394 2393 2395
f 2396 2397 2395
f 2395 2397 2398
f 2395 2398 2394
f 2390 2399 2391
f 2391 2399 2400
f 2391 2400 2401
f 2400 2402 2401
f 2401 2402 2403
f 2401 2403 2404
f 2383 2405 2384
f 2384 2405 2406
f 2384 2406 2395
f 2395 2406 2407
f 2395 2407 2396
f 2404 2408 2401
f 2401 2408 2409
f 2401 2409 2410
f 2410 2409 2411
f 2410 2411 2412
f 2412 2411 2413
f 2412 2413 2414
f 2414 2413 2415
f 2414 2415 2385
f 2385 2415 2416
f 2385 2416 2386
f 2406 2405 2417
f 2417 2418 2406
f 2406 2418 2419
f 2406 2419 2407
f 2407 2419 2396
f 2420 2419 2418
f 2364 2370 2420
f 2421 2422 2417
f 2417 2422 2423
f 2417 2423 2418
f 2418 2423 2424
f 2418 2424 2420
f 2420 2424 2365
f 2420 2365 2364
f 1023 2411 1013
f 1013 2411 2409
f 2425 1014 2409
f 2409 1014 1013
f 1044 1019 2426
f 2426 1019 1018
f 2426 1018 2427
f 2427 1018 1016
f 2427 1016 2428
f 2428 1016 1015
f 2428 1015 2425
f 2425 1015 1014
f 2429 2430 1090
f 1092 1083 1082
f 2431 2432 2433
f 2433 2432 2434
f 2433 2434 2435
f 2435 2434 2436
f 2435 2436 2437
f 2429 2438 2430
f 2430 2438 2439
f 2430 2439 2437
f 2438 2440 2439
f 2439 2440 2441
f 2439 2441 2437
f 2437 2441 2442
f 2437 2442 2435
f 2435 2442 2443
f 2435 2443 2433
f 1090 2430 1088
f 1088 2430 2437
f 1088 2437 1087
f 1087 2437 2436
f 1087 2436 1085
f 1085 2436 2434
f 1085 2434 1082
f 1082 2434 2432
f 1082 2432 1092
f 1090 1059 2429
f 2429 1059 2444
f 2429 2444 2438
f 2438 2444 2445
f 2438 2445 2440
f 2440 2445 2446
f 2440 2446 2441
f 2441 2446 2447
f 2441 2447 2442
f 2442 2447 2448
f 2442 2448 2443
f 2443 2448 2449
f 2443 2449 2433
f 2433 2449 2450
f 2433 2450 2431
f 2431 2450 2451
f 2431 2451 2432
f 2432 2451 1093
f 2432 1093 1092
f 2452 1046 1044
f 1044 2426 2452
f 2452 2426 2427
f 2452 2427 2453
f 2453 2427 2428
f 2453 2428 2454
f 2454 2428 2425
f 2454 2425 2408
f 2408 2425 2409
f 2455 1047 1049
f 2456 2457 2458
f 2400 2459 2402
f 2402 2459 2460
f 2402 2460 2403
f 2403 2460 2461
f 2403 2461 2404
f 2404 2461 2462
f 2404 2462 2408
f 2452 2453 2462
f 2462 2453 2454
f 2462 2454 2408
f 2459 2456 2460
f 2460 2456 2458
f 2460 2458 2461
f 2461 2458 2463
f 2461 2463 2462
f 2462 2463 2464
f 2462 2464 2452
f 2457 2455 2458
f 2458 2455 1049
f 2458 1049 2463
f 2463 1049 1053
f 2463 1053 2464
f 2464 1053 1052
f 2464 1052 2452
f 2452 1052 1046
f 2399 2390 2465
f 2400 2399 2466
f 2400 2466 2459
f 2459 2466 2467
f 2459 2467 2456
f 2456 2467 2457
f 2457 2467 2468
f 2457 2468 2455
f 2455 2468 1055
f 2455 1055 1047
f 2399 2465 2466
f 2466 2465 2469
f 2466 2469 2467
f 2467 2469 2470
f 2467 2470 2468
f 2468 2470 1057
f 2468 1057 1055
f 2465 2390 2392
f 2469 2445 2470
f 2470 2445 2444
f 2470 2444 1057
f 1057 2444 1059
f 2471 2445 2472
f 2472 2445 2469
f 2472 2469 2473
f 2473 2469 2465
f 2473 2465 2474
f 2474 2465 2392
f 2475 2471 2472
f 2475 2472 2476
f 2472 2473 2476
f 2476 2473 2474
f 2476 2474 2477
f 2477 2474 2392
f 2477 2392 2394
f 2411 1023 2478
f 2411 2478 2413
f 2413 2478 2479
f 2413 2479 2415
f 2415 2479 2480
f 2415 2480 2416
f 2416 2480 2481
f 2416 2481 2386
f 2386 2481 2482
f 2386 2482 2388
f 2388 2482 2483
f 2388 2483 2389
f 2389 2483 2484
f 2389 2484 2381
f 2381 2484 2485
f 2381 2485 2383
f 2383 2485 2417
f 2383 2417 2405
f 2486 2391 2487
f 2487 2391 2401
f 2487 2401 2488
f 2488 2401 2410
f 2488 2410 2489
f 2489 2410 2412
f 2489 2412 2490
f 2490 2412 2414
f 2490 2414 2491
f 2491 2414 2385
f 2491 2385 2492
f 2492 2385 2387
f 2492 2387 2493
f 2493 2387 2380
f 2493 2380 2494
f 2494 2380 2382
f 2494 2382 2495
f 2495 2382 2384
f 2495 2384 2496
f 2496 2384 2395
f 2496 2395 2497
f 2497 2395 2393
f 2497 2393 2486
f 2486 2393 2391
f 2497 2498 2496
f 2496 2498 2499
f 2496 2499 2495
f 2495 2499 2500
f 2495 2500 2494
f 2494 2500 2501
f 2494 2501 2493
f 2493 2501 2502
f 2493 2502 2492
f 2492 2502 2503
f 2492 2503 2491
f 2491 2503 2504
f 2491 2504 2490
f 2490 2504 2505
f 2490 2505 2489
f 2489 2505 2506
f 2489 2506 2488
f 2488 2506 2507
f 2488 2507 2487
f 2487 2507 2508
f 2487 2508 2486
f 2486 2508 2509
f 2486 2509 2497
f 2497 2509 2498
f 2510 2503 2511
f 2511 2503 2502
f 2511 2502 2512
f 2512 2502 2501
f 2512 2501 2513
f 2513 2501 2500
f 2513 2500 2514
f 2514 2500 2499
f 2514 2499 2515
f 2515 2499 2498
f 2515 2498 2516
f 2516 2498 2509
f 2516 2509 2517
f 2517 2509 2508
f 2517 2508 2518
f 2518 2508 2507
f 2518 2507 2519
f 2519 2507 2506
f 2519 2506 2520
f 2520 2506 2505
f 2520 2505 2521
f 2521 2505 2504
f 2521 2504 2510
f 2510 2504 2503
f 2514 2522 2513
f 2513 2522 2523
f 2513 2523 2512
f 2512 2523 2524
f 2512 2524 2511
f 2517 2525 2516
f 2516 2525 2526
f 2516 2526 2515
f 2515 2526 2527
f 2515 2527 2514
f 2514 2527 2528
f 2514 2528 2522
f 2524 2529 2511
f 2511 2529 2530
f 2511 2530 2510
f 2510 2530 2531
f 2510 2531 2521
f 2521 2531 2532
f 2521 2532 2520
f 2532 2533 2520
f 2520 2533 2534
f 2520 2534 2519
f 2519 2534 2535
f 2519 2535 2518
f 2518 2535 2536
f 2518 2536 2517
f 2517 2536 2537
f 2517 2537 2525
f 2538 2539 2540
f 2540 2539 2541
f 2540 2541 2542
f 2543 2544 2540
f 2540 2544 2545
f 2540 2545 2538
f 2546 2547 2540
f 2540 2547 2548
f 2540 2548 2543
f 2542 2549 2540
f 2540 2549 2550
f 2540 2550 2546
f 2542 2551 2549
f 2549 2551 2552
f 2549 2552 2550
f 2550 2552 2553
f 2550 2553 2546
f 2546 2553 2554
f 2546 2554 2547
f 2547 2554 2555
f 2547 2555 2548
f 2548 2555 2556
f 2548 2556 2543
f 2543 2556 2557
f 2543 2557 2544
f 2544 2557 2558
f 2544 2558 2545
f 2545 2558 2559
f 2545 2559 2538
f 2538 2559 2560
f 2538 2560 2539
f 2539 2560 2561
f 2539 2561 2541
f 2541 2561 2562
f 2541 2562 2542
f 2542 2562 2551
f 2563 2265 2564
f 2564 2265 2264
f 2564 2264 2565
f 2565 2264 2263
f 2565 2263 2566
f 2566 2263 2262
f 2566 2262 2567
f 2567 2262 2261
f 2567 2261 2568
f 2568 2261 2260
f 2568 2260 2569
f 2569 2260 2259
f 2569 2259 2570
f 2570 2259 2258
f 2570 2258 2571
f 2571 2258 2257
f 2571 2257 2572
f 2572 2257 2256
f 2572 2256 2573
f 2573 2256 2255
f 2573 2255 2574
f 2574 2255 2266
f 2574 2266 2563
f 2563 2266 2265
f 2320 2575 2318
f 2318 2575 2576
f 2318 2576 2316
f 2316 2576 2577
f 2316 2577 2314
f 2314 2577 2578
f 2314 2578 2312
f 2312 2578 2579
f 2312 2579 2310
f 2310 2579 2580
f 2310 2580 2308
f 2308 2580 2581
f 2308 2581 2330
f 2330 2581 2582
f 2330 2582 2328
f 2328 2582 2583
f 2328 2583 2326
f 2326 2583 2584
f 2326 2584 2324
f 2324 2584 2585
f 2324 2585 2322
f 2322 2585 2586
f 2322 2586 2320
f 2320 2586 2575
f 2574 2587 2573
f 2573 2587 2588
f 2573 2588 2572
f 2572 2588 2589
f 2572 2589 2571
f 2571 2589 2590
f 2571 2590 2570
f 2570 2590 2591
f 2570 2591 2569
f 2569 2591 2592
f 2569 2592 2568
f 2568 2592 2593
f 2568 2593 2567
f 2567 2593 2594
f 2567 2594 2566
f 2566 2594 2595
f 2566 2595 2565
f 2565 2595 2596
f 2565 2596 2564
f 2564 2596 2597
f 2564 2597 2563
f 2563 2597 2598
f 2563 2598 2574
f 2574 2598 2587
f 2576 2598 2577
f 2577 2598 2597
f 2577 2597 2578
f 2578 2597 2596
f 2578 2596 2579
f 2579 2596 2595
f 2579 2595 2580
f 2580 2595 2594
f 2580 2594 2581
f 2581 2594 2593
f 2581 2593 2582
f 2582 2593 2592
f 2582 2592 2583
f 2583 2592 2591
f 2583 2591 2584
f 2584 2591 2590
f 2584 2590 2585
f 2585 2590 2589
f 2585 2589 2586
f 2586 2589 2588
f 2586 2588 2575
f 2575 2588 2587
f 2575 2587 2576
f 2576 2587 2598
f 2329 2599 2331
f 2331 2599 2600
f 2331 2600 2309
f 2309 2600 2601
f 2309 2601 2311
f 2311 2601 2602
f 2311 2602 2313
f 2313 2602 2603
f 2313 2603 2315
f 2315 2603 2604
f 2315 2604 2317
f 2317 2604 2605
f 2317 2605 2319
f 2319 2605 2606
f 2319 2606 2321
f 2321 2606 2607
f 2321 2607 2323
f 2323 2607 2608
f 2323 2608 2325
f 2325 2608 2609
f 2325 2609 2327
f 2327 2609 2610
f 2327 2610 2329
f 2329 2610 2599
f 2611 2612 2602
f 2613 2614 2604
f 2615 2607 2616
f 2616 2607 2606
f 2616 2606 2617
f 2618 2619 2605
f 2605 2619 2620
f 2605 2620 2606
f 2606 2620 2621
f 2606 2621 2617
f 2604 2614 2605
f 2605 2614 2622
f 2605 2622 2618
f 2623 2624 2603
f 2603 2624 2625
f 2603 2625 2604
f 2604 2625 2626
f 2604 2626 2613
f 2602 2612 2603
f 2603 2612 2627
f 2603 2627 2623
f 2628 2629 2601
f 2601 2629 2630
f 2601 2630 2602
f 2602 2630 2631
f 2602 2631 2611
f 2632 2633 2600
f 2600 2633 2634
f 2600 2634 2601
f 2601 2634 2635
f 2601 2635 2628
f 2636 2637 2610
f 2610 2637 2599
f 2637 2638 2599
f 2599 2638 2639
f 2599 2639 2600
f 2600 2639 2640
f 2600 2640 2632
f 2641 2642 2609
f 2609 2642 2643
f 2609 2643 2610
f 2610 2643 2644
f 2610 2644 2636
f 2641 2609 2645
f 2645 2609 2608
f 2645 2608 2646
f 2615 2647 2607
f 2607 2647 2648
f 2607 2648 2608
f 2608 2648 2649
f 2608 2649 2646
f 2650 2475 2651
f 2651 2475 2476
f 2651 2476 2652
f 2652 2476 2477
f 2652 2477 2653
f 2653 2477 2394
f 2653 2394 2398
f 2654 2655 2656
f 2656 2655 2657
f 2657 2658 2656
f 2656 2658 2659
f 2656 2659 2660
f 2661 2662 2652
f 2662 2663 2652
f 2652 2663 2656
f 2652 2656 2651
f 2651 2656 2660
f 2651 2660 2650
f 2664 2665 2666
f 2666 2665 2667
f 2666 2667 2668
f 2668 2667 2669
f 2668 2669 2656
f 2656 2669 2670
f 2656 2670 2654
f 2652 2653 2661
f 2661 2653 2398
f 2661 2398 2671
f 2671 2398 2672
f 2370 2368 2420
f 2420 2368 2367
f 2420 2367 2419
f 2419 2367 2673
f 2419 2673 2396
f 2396 2673 2672
f 2396 2672 2397
f 2397 2672 2398
f 2674 2675 2336
f 2675 2676 2336
f 2336 2676 2677
f 2336 2677 2337
f 2337 2677 2678
f 2337 2678 2679
f 2679 2678 2680
f 2679 2680 2681
f 2681 2680 2682
f 2681 2682 2683
f 2683 2682 2684
f 2685 2351 2353
f 2336 2686 2674
f 2674 2686 2687
f 2674 2687 2688
f 2688 2687 2689
f 2688 2689 2690
f 2690 2689 2691
f 2690 2691 2692
f 2692 2691 2342
f 2692 2342 2685
f 2685 2342 2341
f 2353 2355 2685
f 2685 2355 2693
f 2685 2693 2684
f 2684 2693 2694
f 2684 2694 2683
f 2338 2351 2350
f 2350 2351 2685
f 2350 2685 2348
f 2348 2685 2341
f 2348 2341 2346
f 2695 2562 2696
f 2696 2562 2561
f 2696 2561 2697
f 2697 2561 2560
f 2697 2560 2698
f 2698 2560 2559
f 2698 2559 2699
f 2699 2559 2558
f 2699 2558 2700
f 2700 2558 2557
f 2700 2557 2701
f 2701 2557 2556
f 2701 2556 2702
f 2702 2556 2555
f 2702 2555 2703
f 2703 2555 2554
f 2703 2554 2704
f 2704 2554 2553
f 2704 2553 2705
f 2705 2553 2552
f 2705 2552 2706
f 2706 2552 2551
f 2706 2551 2695
f 2695 2551 2562
f 2706 2685 2705
f 2705 2685 2684
f 2705 2684 2704
f 2704 2684 2682
f 2704 2682 2703
f 2703 2682 2680
f 2703 2680 2702
f 2702 2680 2678
f 2702 2678 2701
f 2701 2678 2677
f 2701 2677 2700
f 2700 2677 2676
f 2700 2676 2699
f 2699 2676 2675
f 2699 2675 2698
f 2698 2675 2674
f 2698 2674 2697
f 2697 2674 2688
f 2697 2688 2696
f 2696 2688 2690
f 2696 2690 2695
f 2695 2690 2692
f 2695 2692 2706
f 2706 2692 2685
f 2707 2708 2709
f 2708 2710 2358
f 2710 2711 2358
f 2358 2711 2712
f 2358 2712 2357
f 2362 2361 2713
f 2713 2714 2362
f 2362 2714 2715
f 2362 2715 2363
f 2363 2715 2716
f 2363 2716 2360
f 2360 2716 2717
f 2360 2717 2359
f 2359 2717 2709
f 2359 2709 2358
f 2358 2709 2708
f 2708 2707 2718
f 2719 2720 2721
f 2722 2723 2724
f 1625 1626 2725
f 2726 2727 2728
f 2729 2730 2731
f 2732 2733 2277
f 2304 2303 2734
f 2304 2734 2735
f 2735 2734 2736
f 2736 2734 2737
f 2737 2734 2738
f 2737 2738 2739
f 2739 2738 2740
f 2739 2740 2741
f 2269 2294 2742
f 2742 2294 2292
f 2284 2282 2733
f 2292 2290 2742
f 2742 2290 2289
f 2742 2289 2287
f 2284 2733 2285
f 2741 2740 2743
f 2743 2740 2744
f 2743 2744 2745
f 2745 2744 2742
f 2745 2742 2733
f 2733 2742 2287
f 2733 2287 2285
f 2282 2280 2733
f 2733 2280 2279
f 2733 2279 2277
f 2732 2277 2746
f 2746 2277 2276
f 2746 2276 2747
f 2747 2276 2270
f 2747 2270 2273
f 2273 2275 2747
f 2747 2275 2748
f 2747 2748 2749
f 2750 2298 2296
f 2686 2336 2751
f 2751 2336 2334
f 2298 2750 2300
f 2300 2750 2751
f 2300 2751 2302
f 2302 2751 2334
f 2302 2334 2332
f 2752 2753 2754
f 2754 2753 2755
f 2754 2755 2756
f 2756 2755 2757
f 2729 2731 2728
f 2726 2728 2758
f 2632 2759 2760
f 2632 2760 2633
f 2632 2640 2759
f 2759 2640 2639
f 2759 2639 2761
f 2637 2762 2638
f 2638 2762 2763
f 2638 2763 2639
f 2639 2763 2761
f 2761 2763 2764
f 2761 2764 2765
f 2765 2764 2766
f 2765 2766 2767
f 2767 2766 2768
f 2767 2768 2725
f 2725 2768 1623
f 2725 1623 1625
f 2760 2727 2633
f 2633 2727 2726
f 2633 2726 2634
f 2634 2726 2635
f 2769 2627 2612
f 2612 2611 2769
f 2769 2611 2631
f 2769 2631 2770
f 2631 2630 2770
f 2770 2630 2629
f 2770 2629 2771
f 2771 2629 2628
f 2771 2628 2635
f 2626 2625 2772
f 2772 2625 2773
f 2772 2773 2774
f 2774 2773 2775
f 2625 2624 2773
f 2773 2624 2623
f 2773 2623 2627
f 2776 2777 2778
f 2778 2777 2779
f 2778 2779 2775
f 2780 2666 2776
f 2776 2778 2780
f 2780 2778 2781
f 2780 2781 2782
f 2720 2719 2781
f 2781 2719 2783
f 2781 2783 2782
f 2784 2785 2719
f 2719 2785 2786
f 2719 2786 2783
f 2787 2788 2789
f 2789 2788 2790
f 2789 2790 2791
f 2722 2724 2792
f 2793 2794 2755
f 2755 2794 2795
f 2755 2795 2757
f 2752 2796 2753
f 2753 2796 2797
f 2753 2797 2755
f 2755 2797 2798
f 2755 2798 2793
f 2793 2798 2789
f 2793 2789 2799
f 2799 2789 2791
f 2799 2791 2800
f 2800 2791 2801
f 2800 2801 2802
f 2723 2787 2724
f 2724 2787 2789
f 2724 2789 2803
f 2803 2789 2798
f 2803 2798 2804
f 2804 2798 2797
f 2804 2797 2805
f 2805 2797 2796
f 2805 2796 2806
f 2806 2796 2752
f 2806 2752 2750
f 2296 2295 2750
f 2750 2295 2269
f 2750 2269 2806
f 2806 2269 2742
f 2806 2742 2805
f 2805 2742 2744
f 2805 2744 2804
f 2804 2744 2740
f 2804 2740 2803
f 2803 2740 2738
f 2803 2738 2724
f 2724 2738 2734
f 2724 2734 2792
f 2792 2734 2303
f 2635 2726 2771
f 2771 2726 2758
f 2771 2758 2770
f 2770 2758 2807
f 2770 2807 2769
f 2808 2809 2810
f 2810 2809 2811
f 2810 2811 2812
f 2794 2808 2795
f 2795 2808 2810
f 2795 2810 2757
f 2757 2810 2812
f 2757 2812 2813
f 2813 2812 2814
f 2627 2769 2773
f 2773 2769 2815
f 2773 2815 2816
f 2816 2815 2817
f 2816 2817 2818
f 2818 2817 2819
f 2818 2819 2820
f 2775 2773 2778
f 2778 2773 2816
f 2778 2816 2781
f 2781 2816 2818
f 2781 2818 2720
f 2720 2818 2820
f 2720 2820 2721
f 2729 2756 2730
f 2730 2756 2757
f 2730 2757 2731
f 2731 2757 2813
f 2731 2813 2728
f 2728 2813 2814
f 2728 2814 2758
f 2758 2814 2812
f 2758 2812 2807
f 2807 2812 2811
f 2807 2811 2769
f 2769 2811 2809
f 2769 2809 2815
f 2815 2809 2808
f 2815 2808 2817
f 2817 2808 2794
f 2817 2794 2819
f 2819 2794 2793
f 2819 2793 2820
f 2820 2793 2799
f 2820 2799 2721
f 2721 2799 2800
f 2721 2800 2719
f 2719 2800 2802
f 2719 2802 2784
f 1127 1126 2821
f 1124 1123 2822
f 2822 1123 2823
f 2822 2823 2824
f 1846 1845 2825
f 2825 1845 1849
f 1846 2825 1848
f 1848 2825 2826
f 1848 2826 1842
f 1842 2826 1843
f 1843 2826 2827
f 1843 2827 1840
f 1840 2827 1839
f 1839 2827 2725
f 1839 2725 1626
f 2828 2829 2830
f 2830 2829 2831
f 2828 2832 2833
f 2833 2832 2834
f 2835 2821 2822
f 2822 2821 1126
f 2822 1126 1124
f 1128 1127 2836
f 2836 1127 2821
f 2836 2821 2832
f 2832 2821 2835
f 2832 2835 2834
f 2837 2838 2839
f 2839 2838 2840
f 2839 2840 2841
f 2841 2840 2842
f 2841 2842 2830
f 1128 2836 1129
f 1129 2836 2825
f 1129 2825 1130
f 1130 2825 1849
f 1130 1849 1131
f 2767 2837 2765
f 2765 2837 2839
f 2765 2839 2761
f 2761 2839 2841
f 2761 2841 2759
f 2759 2841 2830
f 2759 2830 2760
f 2760 2830 2831
f 2760 2831 2727
f 2828 2830 2832
f 2832 2830 2842
f 2832 2842 2836
f 2836 2842 2840
f 2836 2840 2825
f 2825 2840 2838
f 2825 2838 2826
f 2826 2838 2837
f 2826 2837 2827
f 2827 2837 2767
f 2827 2767 2725
f 2843 2361 2844
f 2844 2361 2343
f 2844 2343 2845
f 2845 2343 2342
f 2845 2342 2691
f 2846 2713 2847
f 2847 2713 2361
f 2847 2361 2848
f 2848 2361 2843
f 2756 2849 2850
f 2846 2847 2851
f 2852 2687 2853
f 2853 2687 2686
f 2853 2686 2751
f 2691 2689 2845
f 2845 2689 2854
f 2845 2854 2844
f 2844 2854 2843
f 2855 2856 2857
f 2849 2858 2850
f 2850 2858 2855
f 2850 2855 2859
f 2859 2855 2857
f 2851 2847 2860
f 2847 2848 2860
f 2860 2848 2843
f 2860 2843 2861
f 2861 2843 2854
f 2861 2854 2852
f 2852 2854 2689
f 2852 2689 2687
f 2857 2750 2859
f 2859 2750 2752
f 2859 2752 2850
f 2850 2752 2754
f 2850 2754 2756
f 2751 2750 2853
f 2853 2750 2857
f 2853 2857 2852
f 2852 2857 2856
f 2852 2856 2861
f 2861 2856 2855
f 2861 2855 2860
f 2860 2855 2858
f 2860 2858 2851
f 2851 2858 2862
f 2851 2862 2846
f 2655 2654 1154
f 1154 2654 2670
f 1154 2670 1159
f 1159 2670 2669
f 1159 2669 1160
f 2447 2446 2660
f 2446 2445 2471
f 2451 2450 2660
f 2446 2471 2660
f 2660 2471 2475
f 2660 2475 2650
f 2450 2449 2660
f 2660 2449 2448
f 2660 2448 2447
f 1095 2660 1149
f 1149 2660 1150
f 1095 1091 2660
f 2660 1091 1093
f 2660 1093 2451
f 1150 2660 1151
f 1151 2660 2659
f 1151 2659 1148
f 1148 2659 1144
f 2655 1154 2657
f 2657 1154 1144
f 2657 1144 2658
f 2658 1144 2659
f 2863 2864 2865
f 2717 2716 2866
f 2866 2716 2715
f 2866 2715 2867
f 2867 2715 2865
f 2865 2715 2714
f 2865 2714 2863
f 2717 2866 2709
f 2709 2866 2707
f 2727 2831 2728
f 2728 2831 2829
f 2728 2829 2828
f 2828 2833 2728
f 2728 2833 2834
f 2728 2834 2835
f 2862 2858 2729
f 2729 2858 2849
f 2729 2849 2756
f 2729 2728 2862
f 2862 2728 2835
f 2862 2835 2846
f 2846 2835 2822
f 2846 2822 2713
f 2713 2822 2824
f 2713 2824 2714
f 2714 2824 2868
f 2714 2868 2863
f 2863 2868 1139
f 2863 1139 2869
f 2869 1139 1138
f 2869 1138 1158
f 1125 1139 1123
f 1123 1139 2868
f 1123 2868 2823
f 2823 2868 2824
f 2669 2667 1160
f 1160 2667 2665
f 1160 2665 1157
f 1157 2665 2664
f 1157 2664 1158
f 1158 2664 2869
f 2664 2870 2869
f 2869 2870 2864
f 2869 2864 2863
f 2871 175 2872
f 2872 175 227
f 2872 227 228
f 196 181 2873
f 181 180 2873
f 2873 180 178
f 2873 178 2871
f 2871 178 176
f 2871 176 175
f 2874 192 2873
f 2873 192 194
f 2873 194 196
f 2874 2875 192
f 192 2875 2876
f 192 2876 190
f 190 2876 2877
f 190 2877 188
f 188 2877 186
f 2877 871 873
f 186 2877 185
f 185 2877 873
f 185 873 835
f 835 834 185
f 185 834 836
f 185 836 183
f 183 836 837
f 183 837 173
f 173 837 839
f 173 839 199
f 199 839 838
f 199 838 200
f 200 838 841
f 125 206 843
f 843 206 204
f 843 204 841
f 841 204 202
f 841 202 200
f 125 2878 123
f 123 2878 119
f 123 119 120
f 125 843 2878
f 2878 843 113
f 2878 113 112
f 116 119 82
f 82 119 2878
f 82 2878 83
f 83 2878 112
f 228 38 2872
f 2872 38 37
f 2102 2035 2879
f 2879 2035 2033
f 2879 2033 2032
f 2880 2879 2032
f 1940 1943 1763
f 1763 1943 1945
f 1763 1945 1947
f 2014 1759 2013
f 2013 1759 1761
f 2013 1761 1934
f 1934 1761 1763
f 1934 1763 1936
f 1936 1763 1947
f 2880 2016 2881
f 2881 2016 2004
f 2881 2004 2882
f 2882 2004 2006
f 2882 2006 2008
f 1940 1763 1939
f 1939 1763 1765
f 1939 1765 1767
f 1773 1782 1960
f 1767 1769 1939
f 1939 1769 1772
f 1939 1772 1953
f 1953 1772 1779
f 1960 1961 1773
f 1773 1961 1950
f 1773 1950 1774
f 1774 1950 1957
f 1774 1957 1776
f 1776 1957 1956
f 1776 1956 1779
f 1779 1956 1954
f 1779 1954 1953
f 1782 1784 1960
f 1960 1784 1791
f 1960 1791 1728
f 1730 1732 2120
f 2120 1732 1733
f 2120 1733 1740
f 1740 1742 2120
f 2120 1742 1737
f 2120 1737 2121
f 2121 1737 1735
f 2121 1735 2032
f 1735 1747 2032
f 2032 1747 1749
f 2032 1749 1751
f 1751 1754 2032
f 2032 1754 1759
f 2032 1759 2880
f 2880 1759 2014
f 2880 2014 2016
f 1972 1977 2120
f 2030 1998 1973
f 1972 2120 1973
f 1973 2120 2118
f 1973 2118 2030
f 1977 1965 2120
f 2120 1965 1967
f 2120 1967 1969
f 1728 1730 1960
f 1960 1730 2120
f 1960 2120 1962
f 1962 2120 1969
f 2030 2029 1998
f 1998 2029 2040
f 1998 2040 2000
f 2000 2040 2039
f 2000 2039 2037
f 1119 1113 2037
f 2037 1113 1112
f 2037 1112 2000
f 1893 1894 1911
f 1911 1894 1814
f 1911 1814 2028
f 2028 1814 1815
f 2028 1815 2047
f 2047 1815 1816
f 2047 1816 2045
f 2045 1816 1817
f 2045 1817 2042
f 2042 1817 1820
f 2042 1820 2043
f 2043 1820 1819
f 2043 1819 2044
f 2044 1819 1818
f 2044 1818 2036
f 2036 1818 1805
f 2036 1805 2037
f 2037 1805 1801
f 2037 1801 1119
f 2883 2882 2008
f 2008 2007 2884
f 2885 2883 2886
f 2886 2883 2008
f 2886 2008 2887
f 2887 2008 2884
f 2888 2889 2890
f 2890 2889 2891
f 2890 2891 2892
f 2893 2749 2748
f 2748 2275 2893
f 2893 2275 2274
f 2893 2274 2892
f 2892 2274 2894
f 2892 2894 2890
f 2304 2735 2895
f 2895 2735 2736
f 2896 2897 2898
f 2898 2897 2889
f 2898 2889 2888
f 2899 2900 2901
f 2902 2899 2896
f 2896 2899 2901
f 2896 2901 2897
f 2897 2901 2903
f 2870 2664 2666
f 2786 2785 2866
f 2274 2272 2902
f 2896 2898 2902
f 2902 2898 2888
f 2888 2890 2902
f 2902 2890 2894
f 2902 2894 2274
f 2281 2307 2278
f 2278 2307 2904
f 2278 2904 2271
f 2271 2904 2905
f 2271 2905 2272
f 2272 2905 2906
f 2272 2906 2902
f 2792 2303 2281
f 2281 2303 2305
f 2281 2305 2307
f 2288 2722 2286
f 2286 2722 2792
f 2286 2792 2283
f 2283 2792 2281
f 2267 2297 2788
f 2267 2788 2268
f 2288 2291 2722
f 2722 2291 2293
f 2722 2293 2723
f 2723 2293 2268
f 2723 2268 2787
f 2787 2268 2788
f 2299 2301 2679
f 2333 2335 2301
f 2301 2335 2337
f 2301 2337 2679
f 2694 2801 2683
f 2683 2801 2791
f 2683 2791 2681
f 2681 2791 2790
f 2681 2790 2679
f 2679 2790 2788
f 2679 2788 2299
f 2299 2788 2297
f 2357 2712 2356
f 2356 2712 2711
f 2356 2711 2710
f 2708 2356 2710
f 2708 2801 2356
f 2356 2801 2694
f 2356 2694 2354
f 2354 2694 2693
f 2354 2693 2355
f 2708 2718 2801
f 2801 2718 2707
f 2801 2707 2802
f 2802 2707 2866
f 2802 2866 2784
f 2784 2866 2785
f 2786 2866 2783
f 2783 2866 2867
f 2783 2867 2782
f 2782 2867 2865
f 2782 2865 2780
f 2780 2865 2666
f 2666 2865 2864
f 2666 2864 2870
f 2907 2908 2909
f 2910 2911 2912
f 2912 2911 2913
f 2912 2913 2908
f 2908 2913 2914
f 2908 2914 2909
f 2915 2916 2917
f 2907 2909 2918
f 2918 2909 2919
f 2918 2919 2916
f 2916 2919 2920
f 2916 2920 2917
f 2915 2917 2921
f 2921 2917 2922
f 2921 2922 2923
f 2923 2922 2924
f 2923 2924 2925
f 2926 2927 2928
f 2928 2927 2929
f 2928 2929 2930
f 2930 2929 2931
f 2930 2931 2925
f 2925 2931 2932
f 2925 2932 2923
f 2928 2933 2926
f 2926 2933 2934
f 2926 2934 2935
f 2935 2934 2936
f 2935 2936 2937
f 2937 2936 2938
f 2938 2936 2939
f 2938 2939 2940
f 2940 2939 2941
f 2940 2941 2942
f 2942 2941 2943
f 2942 2943 2944
f 2944 2943 2945
f 2945 2943 2946
f 2945 2946 2947
f 2947 2946 2948
f 2947 2948 2421
f 2421 2948 2949
f 2421 2949 2422
f 2422 2949 2950
f 2422 2950 2423
f 2366 2365 2424
f 2951 2379 2952
f 2952 2379 2378
f 2952 2378 2953
f 2953 2378 2376
f 2953 2376 2954
f 2954 2376 2366
f 2954 2366 2955
f 2955 2366 2424
f 2955 2424 2956
f 2956 2424 2423
f 2956 2423 2957
f 2957 2423 2950
f 2958 2911 2959
f 2960 2961 2962
f 2960 2962 2963
f 2962 2951 2963
f 2963 2951 2952
f 2963 2952 2964
f 2964 2952 2965
f 2965 2952 2953
f 2965 2953 2966
f 2966 2953 2954
f 2966 2954 2967
f 2967 2954 2955
f 2967 2955 2968
f 2968 2955 2969
f 2969 2955 2956
f 2969 2956 2970
f 2970 2956 2957
f 2970 2957 2971
f 2971 2957 2950
f 2971 2950 2972
f 2972 2950 2949
f 2972 2949 2973
f 2973 2949 2948
f 2973 2948 2974
f 2974 2948 2946
f 2974 2946 2975
f 2946 2943 2975
f 2975 2943 2941
f 2975 2941 2976
f 2939 2977 2941
f 2941 2977 2978
f 2941 2978 2976
f 2979 2980 2936
f 2936 2980 2981
f 2936 2981 2939
f 2939 2981 2982
f 2939 2982 2977
f 2983 2984 2928
f 2928 2984 2985
f 2928 2985 2933
f 2933 2985 2979
f 2933 2979 2934
f 2934 2979 2936
f 2983 2928 2986
f 2986 2928 2930
f 2986 2930 2987
f 2987 2930 2925
f 2987 2925 2988
f 2988 2925 2924
f 2988 2924 2989
f 2989 2924 2922
f 2989 2922 2990
f 2920 2991 2917
f 2917 2991 2992
f 2917 2992 2922
f 2922 2992 2993
f 2922 2993 2990
f 2911 2958 2913
f 2958 2994 2913
f 2913 2994 2995
f 2913 2995 2914
f 2914 2995 2996
f 2914 2996 2909
f 2909 2996 2997
f 2909 2997 2919
f 2919 2997 2998
f 2919 2998 2920
f 2920 2998 2999
f 2920 2999 2991
f 3000 3001 2525
f 2961 2960 2527
f 3002 3003 2526
f 2526 3003 3004
f 2526 3004 2527
f 2527 3004 3005
f 2527 3005 2961
f 2525 3001 2526
f 2526 3001 3006
f 2526 3006 3002
f 3007 3008 2537
f 2537 3008 3009
f 2537 3009 2525
f 2525 3009 3010
f 2525 3010 3000
f 3007 2537 3011
f 3011 2537 2536
f 3011 2536 3012
f 3012 2536 2535
f 3012 2535 3013
f 2958 2959 3014
f 2534 2995 2994
f 2994 2958 2534
f 2534 2958 3014
f 2534 3014 2535
f 2535 3014 3015
f 2535 3015 3013
f 2999 2998 2533
f 2533 2998 2997
f 2533 2997 2534
f 2534 2997 2996
f 2534 2996 2995
f 2988 2989 2532
f 2532 2989 2990
f 2990 2993 2532
f 2532 2993 2992
f 2532 2992 2533
f 2533 2992 2991
f 2533 2991 2999
f 2531 2986 2532
f 2532 2986 2987
f 2532 2987 2988
f 2985 2984 2531
f 2531 2984 2983
f 2531 2983 2986
f 2982 2981 2530
f 2530 2981 2980
f 2530 2980 2531
f 2531 2980 2979
f 2531 2979 2985
f 2524 2974 2975
f 2524 2975 2529
f 2975 2976 2529
f 2529 2976 2978
f 2529 2978 2530
f 2530 2978 2977
f 2530 2977 2982
f 2974 2524 2973
f 2973 2524 2523
f 2973 2523 2972
f 2968 2969 2522
f 2522 2969 2970
f 2522 2970 2523
f 2523 2970 2971
f 2523 2971 2972
f 2968 2522 2967
f 2967 2522 2528
f 2967 2528 2966
f 2960 2963 2527
f 2527 2963 2964
f 2527 2964 2528
f 2528 2964 2965
f 2528 2965 2966
f 1905 1907 1906
f 2026 1030 3016
f 2026 3016 2122
f 1030 2026 1031
f 1031 2026 2061
f 1031 2061 1033
f 1033 2061 2062
f 1033 2062 1034
f 1034 2062 2063
f 1034 2063 1035
f 1035 2063 2064
f 1035 2064 1041
f 1041 2064 1623
f 1041 1623 1042
f 1042 1623 2768
f 1042 2768 1020
f 2768 2766 1020
f 1020 2766 2764
f 1020 2764 1017
f 1017 2764 1010
f 2762 2637 2636
f 2764 2763 1010
f 1010 2763 2762
f 1010 2762 1011
f 1011 2762 2636
f 2636 2644 1011
f 1011 2644 2643
f 1011 2643 2642
f 3017 3018 2645
f 2642 2641 1011
f 1011 2641 2645
f 1011 2645 3019
f 3019 2645 3018
f 2645 2646 3017
f 3017 2646 2649
f 3017 2649 3020
f 3020 2649 2648
f 3020 2648 3021
f 3021 2648 2647
f 3021 2647 3022
f 3022 2647 2615
f 3022 2615 3023
f 2615 2616 3023
f 3023 2616 2617
f 3023 2617 3024
f 3024 2617 2621
f 3024 2621 3025
f 3025 2621 3026
f 3026 2621 3027
f 3027 2621 2620
f 3027 2620 2619
f 2618 2622 2772
f 2622 2614 2772
f 2772 2614 2613
f 2772 2613 2626
f 3028 3029 2779
f 3028 2779 2374
f 2619 2618 3027
f 3027 2618 2772
f 3027 2772 3030
f 3030 2772 2774
f 3030 2774 3029
f 3029 2774 2775
f 3029 2775 2779
f 2673 2367 2369
f 2656 2663 2369
f 2369 2663 2662
f 2672 2673 2671
f 2671 2673 2369
f 2671 2369 2661
f 2661 2369 2662
f 2776 2666 2369
f 2369 2666 2668
f 2369 2668 2656
f 2369 2375 2776
f 2776 2375 2377
f 2776 2377 2777
f 2777 2377 2371
f 2777 2371 2779
f 2779 2371 2373
f 2779 2373 2374
f 3031 2055 3032
f 3032 2055 2059
f 3016 3033 2122
f 2122 3033 3034
f 2122 3034 2060
f 2060 3034 3035
f 2060 3035 2059
f 2059 3035 3036
f 2059 3036 3032
f 3031 3037 2055
f 2055 3037 3038
f 2055 3038 2056
f 3038 3039 2056
f 2056 3039 3040
f 2056 3040 2126
f 2126 3040 3041
f 2126 3041 2052
f 2052 3041 3042
f 2052 3042 2053
f 2053 3042 3043
f 2053 3043 3044
f 3045 3046 1910
f 3044 3047 2053
f 2053 3047 3048
f 2053 3048 2050
f 2050 3048 3045
f 2050 3045 2027
f 2027 3045 1910
f 2027 1910 1911
f 1904 1898 3046
f 3046 1898 1902
f 3046 1902 1910
f 1909 1908 3046
f 3046 1908 1907
f 1907 1905 3046
f 3046 1905 1903
f 3046 1903 1904
f 1023 1025 2478
f 2478 1025 3049
f 2478 3049 3050
f 2484 2944 2485
f 2485 2944 2945
f 2485 2945 2417
f 2417 2945 2947
f 2417 2947 2421
f 2937 2938 2483
f 2483 2938 2940
f 2483 2940 2484
f 2484 2940 2942
f 2484 2942 2944
f 2937 2483 2935
f 2935 2483 2482
f 2935 2482 2926
f 2932 2931 2481
f 2481 2931 2929
f 2481 2929 2482
f 2482 2929 2927
f 2482 2927 2926
f 2932 2481 2923
f 2923 2481 2480
f 2923 2480 2921
f 2907 2918 2479
f 2479 2918 2916
f 2479 2916 2480
f 2480 2916 2915
f 2480 2915 2921
f 2907 2479 2908
f 2908 2479 2478
f 2908 2478 2912
f 2912 2478 3050
f 2912 3050 2910
f 1167 1166 3051
f 1597 3052 1596
f 1596 3052 1592
f 1595 1594 3052
f 3052 1594 1593
f 1593 1590 3052
f 3052 1590 1591
f 3052 1591 1592
f 1597 1172 3052
f 3052 1172 1171
f 3052 1171 1595
f 1595 1171 1169
f 1595 1169 3051
f 3051 1169 1168
f 3051 1168 1167
f 22 1586 28
f 28 1586 1595
f 28 1595 34
f 34 1595 3051
f 34 3051 1381
f 1381 3051 3053
f 1381 3053 1380
f 1380 3053 3054
f 1380 3054 1379
f 1585 20 1584
f 1584 20 16
f 1584 16 1580
f 1585 1589 20
f 20 1589 1588
f 20 1588 22
f 22 1588 1587
f 22 1587 1586
f 1579 1583 13
f 13 1583 1582
f 13 1582 16
f 16 1582 1581
f 16 1581 1580
f 13 6 1579
f 1579 6 7
f 1579 7 3
f 3055 3 1374
f 1374 1375 3055
f 3055 1375 1376
f 3055 1376 3056
f 3056 1376 1377
f 3 3055 1579
f 1579 3055 3057
f 1579 3057 3058
f 1576 1577 3058
f 3058 1577 1578
f 3058 1578 1579
f 1379 3054 1378
f 1378 3054 3059
f 1378 3059 1377
f 1377 3059 3060
f 1377 3060 3056
f 3042 3056 3060
f 3061 3057 3055
f 3061 3055 3062
f 3056 3042 3055
f 3038 3063 3039
f 3039 3063 3062
f 3039 3062 3040
f 3040 3062 3055
f 3040 3055 3041
f 3041 3055 3042
f 1166 3046 3051
f 3051 3046 3045
f 3051 3045 3053
f 3053 3045 3048
f 3053 3048 3054
f 3054 3048 3047
f 3054 3047 3059
f 3059 3047 3044
f 3059 3044 3060
f 3060 3044 3043
f 3060 3043 3042
f 1166 1165 3046
f 3046 1165 1164
f 3046 1164 1909
f 3064 3065 3066
f 3066 3065 3067
f 3068 3069 3070
f 3071 3072 3073
f 3071 3073 3074
f 3074 3073 3075
f 3075 3073 3076
f 3075 3076 3077
f 3072 3065 3073
f 3073 3065 3064
f 3073 3064 3078
f 3078 3064 3079
f 3078 3079 3080
f 3080 3081 3078
f 3078 3081 3082
f 3078 3082 3083
f 3083 3082 3084
f 3084 3085 3083
f 3083 3085 3086
f 3083 3086 3070
f 3070 3086 3087
f 3070 3087 3068
f 3088 3089 3090
f 3090 3089 3091
f 3090 3091 3092
f 3092 3091 3093
f 3088 3094 3089
f 3089 3094 3095
f 3089 3095 3078
f 3078 3095 3096
f 3078 3096 3073
f 3092 3097 3090
f 3090 3097 3098
f 3090 3098 3088
f 3088 3098 3099
f 3088 3099 3094
f 3094 3099 3100
f 3094 3100 3095
f 3095 3100 3101
f 3095 3101 3096
f 3096 3101 3102
f 3096 3102 3073
f 3102 3103 3073
f 3073 3103 3104
f 3073 3104 3076
f 3105 3106 3107
f 3108 3109 3110
f 3110 3109 3111
f 3110 3111 3112
f 3112 3111 3113
f 3112 3113 3114
f 3114 3113 3105
f 3114 3105 3115
f 3115 3105 3107
f 3116 3117 3118
f 3118 3117 3119
f 3118 3119 3120
f 3121 3122 3123
f 3123 3122 3124
f 3123 3124 3125
f 3125 3124 3126
f 3125 3126 3127
f 3127 3126 3128
f 3127 3128 3129
f 3129 3128 3119
f 3129 3119 3130
f 3130 3119 3117
f 3131 3132 3133
f 3133 3132 3134
f 3133 3134 3135
f 3135 3134 3136
f 3135 3136 3137
f 3137 3136 3138
f 3137 3138 3108
f 3108 3138 3139
f 3108 3139 3109
f 3140 3141 3142
f 3142 3141 3143
f 3142 3143 3131
f 3131 3143 3144
f 3131 3144 3132
f 3145 3146 3147
f 3147 3146 3148
f 3147 3148 3149
f 3149 3148 3150
f 3149 3150 3140
f 3140 3150 3151
f 3140 3151 3141
f 3152 3153 3154
f 3154 3153 3155
f 3154 3155 3145
f 3145 3155 3156
f 3145 3156 3146
f 3118 3157 3116
f 3116 3157 3158
f 3116 3158 3159
f 3159 3158 3160
f 3159 3160 3152
f 3152 3160 3161
f 3152 3161 3153
f 3162 3163 3164
f 3164 3163 3165
f 3166 3167 3168
f 3168 3167 3169
f 3168 3169 3170
f 3170 3169 3171
f 3162 3164 3172
f 3172 3164 3173
f 3172 3173 3174
f 3174 3173 3175
f 3174 3175 3176
f 3176 3175 3177
f 3176 3177 3178
f 3178 3177 3179
f 3178 3179 3171
f 3171 3179 3180
f 3171 3180 3170
f 3167 3181 3169
f 3169 3181 3182
f 3169 3182 3171
f 3171 3182 3183
f 3171 3183 3178
f 3184 3172 3185
f 3185 3172 3174
f 3185 3174 3183
f 3183 3174 3176
f 3183 3176 3178
f 3186 3165 3187
f 3187 3165 3163
f 3187 3163 3184
f 3184 3163 3162
f 3184 3162 3172
f 3069 3068 3188
f 3188 3068 3087
f 3188 3087 3189
f 3189 3087 3086
f 3189 3086 3190
f 3190 3086 3191
f 3191 3086 3085
f 3079 3064 3192
f 3192 3064 3066
f 3192 3193 3079
f 3079 3193 3194
f 3079 3194 3080
f 3080 3194 3195
f 3080 3195 3081
f 3081 3195 3196
f 3081 3196 3082
f 3082 3196 3084
f 3084 3196 3085
f 3197 3198 3199
f 3199 3200 3197
f 3197 3200 3201
f 3197 3201 3202
f 3166 3198 3167
f 3167 3198 3197
f 3203 3204 3205
f 3206 3207 3203
f 3203 3205 3206
f 3206 3205 3208
f 3206 3208 3209
f 3197 3210 3167
f 3167 3210 3211
f 3167 3211 3181
f 3181 3211 3212
f 3181 3212 3213
f 3213 3214 3181
f 3181 3214 3207
f 3181 3207 3215
f 3215 3207 3206
f 3215 3206 3216
f 3217 3218 3209
f 3209 3218 3219
f 3209 3219 3206
f 3220 3221 3222
f 3222 3223 3220
f 3220 3223 3224
f 3220 3224 3217
f 3217 3224 3225
f 3217 3225 3218
f 3226 3227 3228
f 3227 3226 3229
f 3229 3226 3230
f 3229 3230 3231
f 3231 3230 3232
f 3231 3232 3233
f 3233 3232 3234
f 3233 3234 3235
f 3235 3234 3236
f 3235 3236 3237
f 3237 3236 3238
f 3237 3238 3239
f 3239 3238 3240
f 3239 3240 3241
f 3241 3240 3242
f 3241 3242 3243
f 3243 3242 3244
f 3243 3244 3245
f 3245 3244 3246
f 3245 3246 3247
f 3247 3246 3248
f 3247 3248 3249
f 3249 3248 3250
f 3249 3250 3251
f 3251 3250 3252
f 3251 3252 3253
f 3253 3252 3254
f 3253 3254 3255
f 3255 3254 3256
f 3255 3256 3257
f 3257 3256 3258
f 3257 3258 3259
f 3259 3258 3260
f 3259 3260 3261
f 3261 3260 3262
f 3261 3262 3263
f 3263 3262 3264
f 3263 3264 3265
f 3265 3264 3266
f 3265 3266 3267
f 3267 3266 3268
f 3267 3268 3269
f 3234 3138 3236
f 3236 3138 3136
f 3236 3136 3238
f 3238 3136 3134
f 3238 3134 3240
f 3240 3134 3132
f 3240 3132 3242
f 3242 3132 3144
f 3242 3144 3244
f 3144 3143 3244
f 3244 3143 3141
f 3244 3141 3246
f 3246 3141 3151
f 3246 3151 3248
f 3151 3150 3248
f 3248 3150 3148
f 3248 3148 3250
f 3250 3148 3146
f 3250 3146 3252
f 3146 3156 3252
f 3252 3156 3155
f 3252 3155 3254
f 3254 3155 3153
f 3254 3153 3256
f 3256 3153 3161
f 3256 3161 3258
f 3161 3160 3258
f 3258 3160 3158
f 3258 3158 3260
f 3260 3158 3262
f 3118 3120 3270
f 3271 3272 3273
f 3158 3157 3262
f 3262 3157 3271
f 3262 3271 3274
f 3274 3271 3273
f 3274 3273 3275
f 3118 3270 3157
f 3157 3270 3276
f 3157 3276 3271
f 3271 3276 3277
f 3271 3277 3272
f 3278 3279 3280
f 3280 3279 3281
f 3280 3281 3282
f 3278 3280 3283
f 3283 3280 3284
f 3283 3284 3285
f 3109 3139 3282
f 3282 3139 3138
f 3282 3138 3280
f 3280 3138 3234
f 3280 3234 3284
f 3286 3287 3288
f 2749 862 864
f 2895 2736 3289
f 3289 2736 2737
f 3289 2737 3290
f 3291 3292 3293
f 2749 864 2747
f 2087 2023 42
f 3286 3288 3294
f 3295 2905 2904
f 3293 3292 3296
f 3296 3292 3297
f 3296 3297 3298
f 2745 2877 2743
f 2743 2877 3299
f 2743 3299 2741
f 2741 3299 3290
f 2741 3290 2739
f 2739 3290 2737
f 864 867 2747
f 2747 867 869
f 2747 869 2746
f 2746 869 871
f 2746 871 2732
f 2732 871 2877
f 2732 2877 2733
f 2733 2877 2745
f 42 2023 3300
f 3300 2023 2021
f 3300 2021 3301
f 42 40 2087
f 2087 40 833
f 2087 833 2093
f 2093 833 860
f 2093 860 2098
f 2098 860 862
f 2098 862 2010
f 2010 862 2749
f 2010 2749 2011
f 2011 2749 2893
f 3302 3303 3304
f 3304 3303 3305
f 3304 3305 3306
f 3306 3305 3307
f 3288 3308 3294
f 3294 3308 3309
f 3294 3309 3310
f 3311 3312 3307
f 2021 2020 3301
f 3301 2020 2104
f 3301 2104 2103
f 3313 3314 3315
f 3315 3314 3316
f 3315 3316 3317
f 3317 3316 3318
f 3317 3318 3319
f 3319 3318 3320
f 2879 2880 3321
f 3321 2880 3322
f 3321 3322 3323
f 3323 3322 3324
f 3323 3324 3325
f 3321 3291 2879
f 2879 3291 3293
f 2879 3293 2102
f 2102 3293 3216
f 2102 3216 2103
f 2103 3216 3206
f 2103 3206 3301
f 3302 3326 3303
f 3303 3326 3327
f 3303 3327 3320
f 3320 3327 3328
f 3320 3328 3319
f 3309 3329 3310
f 3310 3329 3330
f 3310 3330 3326
f 3326 3330 3331
f 3326 3331 3327
f 3312 3295 3307
f 3307 3295 2904
f 3307 2904 3332
f 3332 2904 3333
f 3332 3333 3334
f 3334 3333 3335
f 3334 3335 3336
f 3325 3337 3323
f 3323 3337 3338
f 3323 3338 3305
f 3305 3338 3339
f 3305 3339 3307
f 3307 3339 3340
f 3307 3340 3311
f 44 42 3300
f 2871 2872 37
f 2874 2873 3341
f 3341 2873 2871
f 3341 2871 3342
f 3342 2871 37
f 3342 37 3343
f 3344 3299 2877
f 2877 2876 3344
f 3344 2876 2875
f 3344 2875 3345
f 3345 2875 2874
f 3345 2874 3346
f 3346 2874 3341
f 3347 3289 3348
f 3348 3289 3290
f 3348 3290 3349
f 3349 3290 3350
f 3344 3351 3299
f 3299 3351 3352
f 3299 3352 3290
f 3290 3352 3353
f 3290 3353 3350
f 3354 3355 36
f 36 3355 3356
f 36 3356 37
f 37 3356 3357
f 37 3357 3343
f 36 49 3354
f 3354 49 48
f 3354 48 3358
f 3358 48 3359
f 3359 48 47
f 3359 47 3360
f 47 44 3360
f 3360 44 3300
f 3360 3300 3361
f 3361 3300 3362
f 3301 3206 3219
f 3219 3363 3301
f 3301 3363 3364
f 3301 3364 3300
f 3300 3364 3365
f 3300 3365 3362
f 3366 3367 3368
f 3369 3370 3371
f 3372 3373 3374
f 3375 3376 3377
f 3377 3376 3378
f 3377 3378 3373
f 3372 3374 3379
f 3379 3374 3380
f 3379 3380 3381
f 3381 3380 3382
f 3381 3382 3383
f 3383 3382 3384
f 3383 3384 3385
f 3386 3387 3388
f 3388 3387 3389
f 3388 3389 3390
f 3391 3392 3388
f 3388 3392 3393
f 3388 3393 3386
f 3369 3347 3348
f 3369 3371 3394
f 3394 3371 3395
f 3394 3395 3396
f 3396 3395 3397
f 3396 3397 3398
f 3399 3400 3401
f 3402 3403 3404
f 3404 3399 3402
f 3402 3399 3401
f 3402 3401 3344
f 3344 3401 3405
f 3344 3405 3351
f 3369 3348 3370
f 3370 3348 3349
f 3370 3349 3350
f 3367 3398 3368
f 3368 3398 3397
f 3368 3397 3406
f 3406 3397 3395
f 3406 3395 3407
f 3407 3395 3371
f 3407 3371 3408
f 3408 3371 3370
f 3408 3370 3409
f 3409 3370 3350
f 3409 3350 3353
f 3374 3410 3380
f 3380 3410 3411
f 3380 3411 3382
f 3382 3411 3390
f 3382 3390 3384
f 3384 3390 3389
f 3384 3389 3385
f 3344 3345 3402
f 3402 3345 3346
f 3402 3346 3403
f 3403 3346 3341
f 3373 3378 3374
f 3374 3378 3412
f 3374 3412 3410
f 3410 3412 3413
f 3410 3413 3411
f 3411 3413 3400
f 3411 3400 3390
f 3390 3400 3399
f 3390 3399 3388
f 3388 3399 3404
f 3388 3404 3391
f 3391 3404 3403
f 3391 3403 3414
f 3414 3403 3341
f 3414 3341 3342
f 3415 3366 3416
f 3416 3366 3368
f 3416 3368 3417
f 3417 3368 3406
f 3417 3406 3418
f 3418 3406 3407
f 3418 3407 3419
f 3419 3407 3408
f 3419 3408 3420
f 3420 3408 3409
f 3420 3409 3421
f 3421 3409 3353
f 3421 3353 3352
f 3376 3415 3378
f 3378 3415 3416
f 3378 3416 3412
f 3412 3416 3417
f 3412 3417 3413
f 3413 3417 3418
f 3413 3418 3400
f 3400 3418 3419
f 3400 3419 3401
f 3401 3419 3420
f 3401 3420 3405
f 3405 3420 3421
f 3405 3421 3351
f 3351 3421 3352
f 3385 3422 3383
f 3383 3422 3423
f 3383 3423 3381
f 3381 3423 3424
f 3381 3424 3379
f 3379 3424 3425
f 3379 3425 3372
f 3425 3426 3372
f 3372 3426 3427
f 3372 3427 3373
f 3373 3427 3377
f 3427 3428 3377
f 3377 3428 3429
f 3377 3429 3375
f 3430 3431 3432
f 3432 3431 3433
f 3432 3433 3434
f 3434 3433 3435
f 3434 3435 3436
f 3436 3435 3437
f 3436 3437 3438
f 3438 3437 3439
f 3438 3439 3440
f 3440 3439 3441
f 3440 3441 3442
f 3442 3441 3443
f 3442 3443 3444
f 3422 3385 3445
f 3423 3422 3446
f 3425 3424 3447
f 3428 3427 3448
f 3426 3425 3449
f 3449 3425 3447
f 3449 3447 3450
f 3450 3447 3451
f 3450 3451 3452
f 3452 3451 3453
f 3452 3453 3454
f 3454 3453 3455
f 3454 3455 3456
f 3456 3455 3457
f 3456 3457 3458
f 3458 3457 3459
f 3458 3459 3460
f 3460 3459 3461
f 3427 3426 3448
f 3448 3426 3449
f 3448 3449 3462
f 3462 3449 3450
f 3462 3450 3463
f 3463 3450 3452
f 3463 3452 3464
f 3464 3452 3454
f 3464 3454 3465
f 3465 3454 3456
f 3465 3456 3466
f 3466 3456 3458
f 3466 3458 3467
f 3467 3458 3460
f 3422 3445 3446
f 3446 3445 3468
f 3446 3468 3469
f 3469 3468 3470
f 3469 3470 3471
f 3471 3470 3472
f 3471 3472 3473
f 3473 3472 3474
f 3473 3474 3475
f 3475 3474 3476
f 3475 3476 3477
f 3477 3476 3478
f 3477 3478 3479
f 3479 3478 3480
f 3479 3480 3481
f 3481 3482 3479
f 3479 3482 3461
f 3479 3461 3477
f 3477 3461 3459
f 3477 3459 3475
f 3475 3459 3457
f 3475 3457 3473
f 3473 3457 3455
f 3473 3455 3471
f 3471 3455 3453
f 3471 3453 3469
f 3469 3453 3451
f 3469 3451 3446
f 3446 3451 3447
f 3446 3447 3423
f 3423 3447 3424
f 3483 3444 3484
f 3484 3444 3443
f 3484 3443 3485
f 3485 3443 3486
f 3482 3487 3461
f 3461 3487 3488
f 3461 3488 3460
f 3460 3488 3489
f 3460 3489 3467
f 3467 3489 3490
f 3467 3490 3491
f 3491 3486 3467
f 3467 3486 3443
f 3467 3443 3466
f 3466 3443 3441
f 3466 3441 3465
f 3465 3441 3439
f 3465 3439 3464
f 3464 3439 3437
f 3464 3437 3463
f 3463 3437 3435
f 3463 3435 3462
f 3462 3435 3433
f 3462 3433 3448
f 3448 3433 3431
f 3448 3431 3428
f 3428 3431 3430
f 3428 3430 3429
f 3492 3493 3494
f 3495 3496 3497
f 3497 3496 3498
f 3497 3498 3499
f 3499 3498 3500
f 3499 3500 3501
f 3501 3500 3502
f 3501 3502 3503
f 3503 3502 3494
f 3503 3494 3504
f 3504 3494 3505
f 3505 3494 3493
f 3505 3493 3506
f 3444 3483 3492
f 3492 3494 3444
f 3444 3494 3502
f 3444 3502 3442
f 3442 3502 3500
f 3442 3500 3440
f 3440 3500 3498
f 3440 3498 3438
f 3496 3507 3498
f 3498 3507 3508
f 3498 3508 3438
f 3438 3508 3436
f 3214 3213 3509
f 3510 3511 3512
f 3510 3512 3513
f 3203 3207 3514
f 3514 3207 3214
f 3515 3204 3203
f 3203 3514 3515
f 3515 3514 3516
f 3515 3516 3517
f 3517 3516 3518
f 3517 3518 3519
f 3519 3518 3520
f 3519 3520 3521
f 3521 3520 3522
f 3521 3522 3523
f 3214 3509 3514
f 3514 3509 3524
f 3514 3524 3516
f 3516 3524 3525
f 3516 3525 3518
f 3518 3525 3513
f 3518 3513 3520
f 3520 3513 3512
f 3520 3512 3522
f 3526 3527 3528
f 3529 3530 3531
f 3532 3533 3534
f 3519 3521 3535
f 3519 3535 3517
f 3536 3209 3208
f 3537 3536 3538
f 3539 3540 3541
f 3542 3537 3543
f 3543 3537 3538
f 3543 3538 3544
f 3544 3538 3545
f 3544 3545 3546
f 3546 3545 3547
f 3546 3547 3548
f 3548 3547 3549
f 3548 3549 3550
f 3550 3549 3551
f 3550 3551 3552
f 3533 3542 3534
f 3534 3542 3543
f 3534 3543 3553
f 3553 3543 3544
f 3553 3544 3554
f 3554 3544 3546
f 3554 3546 3555
f 3555 3546 3548
f 3555 3548 3556
f 3556 3548 3550
f 3556 3550 3557
f 3557 3550 3552
f 3557 3552 3558
f 3559 3535 3560
f 3560 3535 3521
f 3560 3521 3523
f 3540 3529 3541
f 3541 3529 3531
f 3541 3531 3561
f 3561 3531 3562
f 3561 3562 3563
f 3563 3562 3564
f 3563 3564 3565
f 3565 3564 3566
f 3565 3566 3567
f 3567 3566 3568
f 3567 3568 3569
f 3569 3568 3570
f 3569 3570 3571
f 3571 3570 3528
f 3523 3572 3560
f 3560 3572 3573
f 3560 3573 3559
f 3559 3573 3574
f 3536 3208 3538
f 3538 3208 3205
f 3538 3205 3545
f 3545 3205 3204
f 3545 3204 3547
f 3547 3204 3515
f 3547 3515 3549
f 3549 3515 3517
f 3549 3517 3551
f 3551 3517 3535
f 3551 3535 3552
f 3552 3535 3559
f 3552 3559 3558
f 3558 3559 3574
f 3558 3574 3575
f 3575 3526 3558
f 3558 3526 3528
f 3558 3528 3557
f 3557 3528 3570
f 3557 3570 3556
f 3556 3570 3568
f 3556 3568 3555
f 3555 3568 3566
f 3555 3566 3554
f 3554 3566 3564
f 3554 3564 3553
f 3553 3564 3562
f 3553 3562 3534
f 3534 3562 3531
f 3534 3531 3532
f 3532 3531 3530
f 3539 3541 3576
f 3576 3541 3561
f 3576 3561 3577
f 3577 3561 3563
f 3577 3563 3578
f 3578 3563 3565
f 3578 3565 3579
f 3579 3565 3567
f 3579 3567 3580
f 3580 3567 3569
f 3580 3569 3581
f 3581 3569 3571
f 3581 3571 3582
f 3582 3571 3583
f 3582 3583 3584
f 3527 3585 3528
f 3528 3585 3586
f 3528 3586 3571
f 3571 3586 3587
f 3571 3587 3583
f 3537 3588 3536
f 3536 3588 3217
f 3536 3217 3209
f 3537 3542 3588
f 3588 3542 3533
f 3588 3533 3589
f 3589 3533 3532
f 3589 3532 3590
f 3590 3532 3530
f 3590 3530 3591
f 3591 3530 3529
f 3591 3529 3592
f 3592 3529 3540
f 3592 3540 3539
f 3593 3594 3595
f 3222 3221 3596
f 3597 3598 3599
f 3599 3598 3600
f 3594 3593 3598
f 3598 3593 3601
f 3598 3601 3600
f 3591 3592 3602
f 3602 3592 3539
f 3220 3217 3588
f 3363 3219 3218
f 3590 3603 3589
f 3589 3603 3604
f 3589 3604 3588
f 3588 3604 3605
f 3588 3605 3220
f 3225 3606 3607
f 3607 3606 3608
f 3607 3608 3609
f 3609 3608 3610
f 3609 3610 3611
f 3362 3365 3611
f 3611 3365 3364
f 3611 3364 3609
f 3609 3364 3363
f 3609 3363 3607
f 3607 3363 3218
f 3607 3218 3225
f 3612 3613 3614
f 3615 3616 3613
f 3613 3616 3617
f 3613 3617 3614
f 3614 3617 3355
f 3614 3355 3354
f 3361 3618 3360
f 3360 3618 3619
f 3360 3619 3359
f 3354 3358 3614
f 3614 3358 3620
f 3614 3620 3612
f 3612 3620 3621
f 3358 3359 3620
f 3620 3359 3619
f 3620 3619 3621
f 3621 3619 3622
f 3621 3622 3623
f 3623 3622 3624
f 3623 3624 3625
f 3625 3624 3626
f 3625 3626 3627
f 3627 3626 3224
f 3223 3222 3628
f 3628 3222 3596
f 3628 3596 3629
f 3629 3596 3630
f 3629 3630 3631
f 3631 3630 3632
f 3631 3632 3595
f 3595 3632 3602
f 3595 3602 3593
f 3593 3602 3539
f 3593 3539 3601
f 3221 3220 3596
f 3596 3220 3605
f 3596 3605 3630
f 3630 3605 3604
f 3630 3604 3632
f 3632 3604 3603
f 3632 3603 3602
f 3602 3603 3590
f 3602 3590 3591
f 3361 3362 3618
f 3618 3362 3611
f 3618 3611 3619
f 3619 3611 3610
f 3619 3610 3622
f 3622 3610 3608
f 3622 3608 3624
f 3624 3608 3606
f 3624 3606 3626
f 3626 3606 3225
f 3626 3225 3224
f 3224 3223 3627
f 3627 3223 3628
f 3627 3628 3625
f 3625 3628 3629
f 3625 3629 3623
f 3623 3629 3631
f 3623 3631 3621
f 3621 3631 3595
f 3621 3595 3612
f 3612 3595 3594
f 3612 3594 3613
f 3613 3594 3598
f 3613 3598 3615
f 3615 3598 3597
f 3633 3634 3635
f 3636 3637 3638
f 3639 3640 3641
f 3642 3643 3639
f 3639 3643 3644
f 3639 3644 3640
f 3645 3646 3647
f 3647 3646 3648
f 3649 3650 3648
f 3648 3650 3651
f 3648 3651 3647
f 3652 3636 3653
f 3653 3636 3638
f 3653 3638 3654
f 3654 3638 3655
f 3654 3655 3656
f 3657 3658 3659
f 3659 3658 3660
f 3659 3660 3661
f 3661 3660 3662
f 3656 3663 3654
f 3654 3663 3657
f 3654 3657 3653
f 3653 3657 3659
f 3653 3659 3652
f 3652 3659 3661
f 3664 3665 3666
f 3666 3665 3667
f 3666 3667 3635
f 3635 3667 3668
f 3635 3668 3633
f 3649 3669 3641
f 3641 3669 3670
f 3670 3671 3641
f 3641 3671 3672
f 3641 3672 3639
f 3639 3672 3673
f 3639 3673 3642
f 3646 3664 3648
f 3648 3664 3666
f 3648 3666 3649
f 3649 3666 3635
f 3649 3635 3669
f 3669 3635 3634
f 3669 3634 3670
f 3644 3662 3640
f 3640 3662 3660
f 3640 3660 3641
f 3641 3660 3658
f 3641 3658 3649
f 3649 3658 3657
f 3649 3657 3650
f 3650 3657 3663
f 3650 3663 3651
f 3651 3663 3656
f 3674 3675 3676
f 3677 3678 3674
f 3679 3680 3681
f 3682 3683 3684
f 3684 3685 3676
f 3685 3684 3686
f 3686 3684 3683
f 3686 3683 3687
f 3680 3679 3688
f 3688 3679 3689
f 3688 3689 3690
f 3691 3692 3677
f 3677 3692 3693
f 3677 3693 3678
f 3694 3637 3695
f 3695 3637 3696
f 3695 3696 3697
f 3697 3696 3698
f 3697 3698 3699
f 3700 3694 3701
f 3701 3694 3695
f 3701 3695 3690
f 3690 3695 3697
f 3690 3697 3688
f 3688 3697 3699
f 3688 3699 3680
f 3702 3703 3704
f 3704 3703 3705
f 3705 3706 3704
f 3704 3706 3707
f 3704 3707 3708
f 3708 3707 3709
f 3708 3709 3710
f 3711 3682 3710
f 3710 3682 3684
f 3710 3684 3708
f 3708 3684 3676
f 3708 3676 3704
f 3704 3676 3675
f 3704 3675 3702
f 3693 3712 3678
f 3678 3712 3713
f 3678 3713 3674
f 3674 3713 3714
f 3674 3714 3675
f 3675 3714 3715
f 3675 3715 3702
f 3716 3691 3681
f 3681 3691 3677
f 3681 3677 3679
f 3679 3677 3674
f 3679 3674 3689
f 3689 3674 3676
f 3689 3676 3690
f 3690 3676 3685
f 3690 3685 3701
f 3701 3685 3686
f 3701 3686 3700
f 3700 3686 3687
f 3717 3718 3719
f 3720 3721 3722
f 3723 3724 3725
f 3726 3727 3716
f 3728 3729 3730
f 3731 3732 3730
f 3732 3731 3733
f 3734 3733 3735
f 3735 3733 3731
f 3735 3731 3736
f 3736 3731 3737
f 3724 3727 3725
f 3725 3727 3726
f 3725 3726 3738
f 3739 3740 3741
f 3741 3740 3742
f 3716 3739 3726
f 3726 3739 3741
f 3726 3741 3738
f 3738 3741 3742
f 3738 3742 3743
f 3743 3742 3744
f 3743 3744 3745
f 3746 3747 3748
f 3721 3720 3749
f 3749 3720 3750
f 3749 3750 3748
f 3748 3750 3719
f 3748 3719 3746
f 3751 3718 3752
f 3752 3718 3717
f 3752 3717 3728
f 3728 3717 3719
f 3728 3719 3729
f 3729 3719 3750
f 3729 3750 3730
f 3730 3750 3720
f 3730 3720 3731
f 3731 3720 3722
f 3731 3722 3737
f 3734 3723 3733
f 3733 3723 3725
f 3733 3725 3732
f 3732 3725 3738
f 3732 3738 3730
f 3730 3738 3743
f 3730 3743 3728
f 3728 3743 3745
f 3728 3745 3752
f 3752 3745 3753
f 3752 3753 3751
f 3754 3755 3756
f 3749 3748 3757
f 3757 3748 3747
f 3758 3759 3760
f 3760 3759 3761
f 3760 3761 3762
f 3762 3761 3763
f 3762 3763 3764
f 3764 3763 3765
f 3764 3765 3766
f 3766 3765 3767
f 3766 3767 3768
f 3768 3767 3757
f 3768 3757 3769
f 3769 3757 3747
f 3770 3771 3772
f 3754 3756 3773
f 3773 3756 3774
f 3773 3774 3775
f 3722 3721 3770
f 3770 3721 3776
f 3770 3776 3771
f 3771 3776 3777
f 3771 3777 3778
f 3778 3777 3779
f 3778 3779 3780
f 3780 3779 3781
f 3780 3781 3782
f 3782 3781 3783
f 3782 3783 3784
f 3784 3783 3785
f 3784 3785 3786
f 3786 3785 3787
f 3786 3787 3788
f 3788 3787 3789
f 3788 3789 3790
f 3790 3789 3791
f 3790 3791 3792
f 3792 3791 3793
f 3792 3793 3794
f 3794 3793 3795
f 3794 3795 3775
f 3775 3795 3796
f 3775 3796 3773
f 3773 3796 3797
f 3773 3797 3754
f 3754 3797 3798
f 3799 3800 3801
f 3801 3800 3802
f 3801 3802 3803
f 3803 3802 3804
f 3803 3804 3805
f 3805 3804 3806
f 3805 3806 3807
f 3806 3808 3807
f 3807 3808 3809
f 3807 3809 3810
f 3810 3809 3811
f 3810 3811 3758
f 3758 3811 3812
f 3758 3812 3759
f 3772 3813 3770
f 3770 3813 3814
f 3770 3814 3722
f 3722 3814 3815
f 3722 3815 3737
f 3774 3816 3775
f 3775 3816 3817
f 3775 3817 3794
f 3794 3817 3818
f 3794 3818 3792
f 3792 3818 3819
f 3792 3819 3790
f 3790 3819 3820
f 3790 3820 3788
f 3788 3820 3821
f 3788 3821 3786
f 3786 3821 3822
f 3786 3822 3784
f 3784 3822 3823
f 3784 3823 3782
f 3782 3823 3824
f 3782 3824 3780
f 3780 3824 3825
f 3780 3825 3778
f 3778 3825 3826
f 3778 3826 3771
f 3771 3826 3827
f 3771 3827 3772
f 3721 3749 3776
f 3776 3749 3757
f 3776 3757 3777
f 3777 3757 3767
f 3777 3767 3779
f 3779 3767 3765
f 3779 3765 3781
f 3781 3765 3763
f 3781 3763 3783
f 3783 3763 3761
f 3783 3761 3785
f 3785 3761 3759
f 3785 3759 3787
f 3787 3759 3812
f 3787 3812 3789
f 3789 3812 3811
f 3789 3811 3791
f 3791 3811 3809
f 3791 3809 3793
f 3793 3809 3808
f 3793 3808 3795
f 3795 3808 3806
f 3795 3806 3796
f 3796 3806 3804
f 3796 3804 3797
f 3797 3804 3802
f 3797 3802 3798
f 3798 3802 3800
f 3828 3829 3830
f 3831 3832 3833
f 3833 3832 3834
f 3835 3836 3837
f 3835 3837 3838
f 3837 3839 3838
f 3838 3839 3840
f 3838 3840 3841
f 3841 3840 3842
f 3841 3842 3843
f 3843 3842 3844
f 3843 3844 3845
f 3845 3844 3846
f 3845 3846 3847
f 3847 3846 3848
f 3847 3848 3849
f 3849 3848 3850
f 3849 3850 3851
f 3835 3852 3836
f 3836 3852 3853
f 3836 3853 3854
f 3854 3853 3855
f 3856 3857 3858
f 3859 3857 3860
f 3860 3857 3856
f 3860 3856 3861
f 3862 3863 3864
f 3864 3863 3865
f 3866 3867 3865
f 3865 3867 3868
f 3865 3868 3864
f 3864 3868 3869
f 3864 3869 3870
f 3870 3869 3871
f 3870 3871 3872
f 3872 3871 3873
f 3872 3873 3874
f 3874 3873 3875
f 3874 3875 3876
f 3876 3875 3877
f 3862 3864 3878
f 3878 3864 3870
f 3878 3870 3879
f 3879 3870 3872
f 3879 3872 3880
f 3880 3872 3874
f 3880 3874 3859
f 3859 3874 3876
f 3859 3876 3857
f 3857 3876 3877
f 3857 3877 3858
f 3881 3882 3883
f 3883 3882 3884
f 3883 3884 3885
f 3885 3884 3886
f 3885 3886 3887
f 3887 3886 3888
f 3887 3888 3889
f 3889 3888 3890
f 3889 3890 3891
f 3891 3890 3892
f 3891 3892 3893
f 3850 3894 3851
f 3851 3894 3895
f 3851 3895 3896
f 3896 3895 3897
f 3896 3897 3898
f 3898 3897 3899
f 3898 3899 3900
f 3900 3899 3901
f 3900 3901 3902
f 3902 3901 3903
f 3902 3903 3831
f 3831 3903 3904
f 3831 3904 3832
f 3905 3866 3906
f 3906 3866 3865
f 3906 3865 3907
f 3907 3865 3863
f 3882 3828 3884
f 3884 3828 3830
f 3884 3830 3886
f 3886 3830 3908
f 3886 3908 3888
f 3888 3908 3909
f 3888 3909 3890
f 3890 3909 3861
f 3890 3861 3892
f 3892 3861 3856
f 3892 3856 3893
f 3893 3856 3858
f 3867 3852 3868
f 3868 3852 3835
f 3868 3835 3869
f 3869 3835 3838
f 3869 3838 3871
f 3871 3838 3841
f 3871 3841 3873
f 3873 3841 3843
f 3873 3843 3875
f 3875 3843 3845
f 3875 3845 3877
f 3877 3845 3847
f 3877 3847 3858
f 3858 3847 3849
f 3858 3849 3893
f 3893 3849 3851
f 3893 3851 3891
f 3891 3851 3896
f 3891 3896 3889
f 3889 3896 3898
f 3889 3898 3887
f 3887 3898 3900
f 3887 3900 3885
f 3885 3900 3902
f 3885 3902 3883
f 3883 3902 3831
f 3883 3831 3881
f 3881 3831 3833
f 3910 3911 3912
f 3913 3914 3915
f 3916 3642 3917
f 3918 3915 3919
f 3855 3853 3920
f 3921 3922 3920
f 3916 3917 3923
f 3914 3913 3917
f 3917 3913 3924
f 3917 3924 3923
f 3925 3926 3927
f 3927 3926 3928
f 3927 3928 3929
f 3929 3928 3930
f 3929 3930 3931
f 3915 3918 3913
f 3913 3918 3931
f 3913 3931 3924
f 3924 3931 3930
f 3924 3930 3923
f 3866 3905 3932
f 3852 3867 3933
f 3933 3867 3866
f 3933 3866 3934
f 3934 3866 3932
f 3934 3932 3935
f 3921 3910 3936
f 3936 3910 3912
f 3936 3912 3937
f 3937 3912 3751
f 3853 3852 3920
f 3920 3852 3933
f 3920 3933 3921
f 3921 3933 3934
f 3921 3934 3910
f 3910 3934 3935
f 3910 3935 3911
f 3751 3925 3937
f 3937 3925 3927
f 3937 3927 3936
f 3936 3927 3929
f 3936 3929 3921
f 3921 3929 3931
f 3921 3931 3922
f 3922 3931 3918
f 3922 3918 3920
f 3920 3918 3919
f 3920 3919 3855
f 3938 3939 3940
f 3940 3939 3941
f 3942 3943 3944
f 3942 3944 3945
f 3944 3946 3945
f 3945 3946 3947
f 3945 3947 3948
f 3948 3947 3949
f 3948 3949 3950
f 3951 3952 3953
f 3951 3953 3954
f 3647 3955 3956
f 3954 3953 3956
f 3956 3953 3645
f 3956 3645 3647
f 3957 3942 3958
f 3958 3942 3945
f 3958 3945 3959
f 3959 3945 3948
f 3959 3948 3939
f 3939 3948 3950
f 3939 3950 3941
f 3637 3957 3638
f 3638 3957 3958
f 3638 3958 3655
f 3655 3958 3959
f 3655 3959 3656
f 3656 3959 3939
f 3656 3939 3651
f 3651 3939 3938
f 3651 3938 3647
f 3647 3938 3960
f 3647 3960 3955
f 3961 3962 3963
f 3963 3962 3964
f 3963 3964 3965
f 3601 3539 3576
f 3600 3601 3966
f 3600 3966 3967
f 3967 3966 3968
f 3967 3968 3969
f 3969 3968 3970
f 3969 3970 3971
f 3971 3970 3972
f 3971 3972 3973
f 3973 3972 3974
f 3973 3974 3975
f 3975 3974 3976
f 3975 3976 3977
f 3977 3976 3963
f 3977 3963 3978
f 3978 3963 3965
f 3978 3965 3952
f 3601 3576 3966
f 3966 3576 3577
f 3966 3577 3968
f 3968 3577 3578
f 3968 3578 3970
f 3970 3578 3579
f 3970 3579 3972
f 3972 3579 3580
f 3972 3580 3974
f 3974 3580 3581
f 3974 3581 3976
f 3976 3581 3582
f 3976 3582 3963
f 3963 3582 3584
f 3963 3584 3961
f 3979 3980 3981
f 3981 3980 3982
f 3983 3984 3985
f 3389 3387 3986
f 3385 3389 3987
f 3389 3986 3987
f 3987 3986 3988
f 3987 3988 3989
f 3989 3988 3990
f 3989 3990 3991
f 3991 3990 3992
f 3991 3992 3993
f 3993 3992 3994
f 3993 3994 3995
f 3995 3994 3996
f 3995 3996 3997
f 3997 3996 3983
f 3997 3983 3981
f 3981 3983 3985
f 3981 3985 3979
f 3385 3987 3445
f 3445 3987 3989
f 3445 3989 3468
f 3468 3989 3991
f 3468 3991 3470
f 3470 3991 3993
f 3470 3993 3472
f 3472 3993 3995
f 3472 3995 3474
f 3474 3995 3997
f 3474 3997 3476
f 3476 3997 3981
f 3476 3981 3478
f 3478 3981 3982
f 3478 3982 3480
f 3998 3984 3999
f 4000 4001 4002
f 4002 4003 4000
f 4000 4003 4004
f 4000 4004 3942
f 3942 4004 4005
f 3942 4005 3943
f 4006 4007 4008
f 4008 4007 4009
f 4008 4009 4001
f 4001 4009 4010
f 4001 4010 4002
f 4011 4012 3683
f 4011 3683 4013
f 4013 3683 3682
f 4013 3682 3999
f 3999 3682 3711
f 3999 3711 3998
f 3942 3957 4000
f 4000 3957 4014
f 4000 4014 4001
f 4001 4014 4015
f 4001 4015 4008
f 4008 4015 4016
f 4008 4016 4006
f 4006 4016 3683
f 4006 3683 4017
f 4017 3683 4012
f 3957 3637 4014
f 4014 3637 3694
f 4014 3694 4015
f 4015 3694 3700
f 4015 3700 4016
f 4016 3700 3687
f 4016 3687 3683
f 2906 2905 3295
f 2902 4018 2899
f 2899 4018 4019
f 2899 4019 4020
f 2897 2903 4021
f 4021 2903 2901
f 4021 2901 4020
f 4020 2901 2900
f 4020 2900 2899
f 2891 2015 2892
f 2892 2015 2011
f 2892 2011 2893
f 2007 2005 2889
f 2889 2005 2018
f 2889 2018 2891
f 2891 2018 2019
f 2891 2019 2015
f 2889 2897 2007
f 2007 2897 4021
f 2007 4021 2884
f 2884 4021 4022
f 2884 4022 2887
f 2887 4022 4023
f 2887 4023 2886
f 2886 4023 4024
f 2886 4024 2885
f 2885 4024 4025
f 2885 4025 2883
f 2883 4025 2882
f 2882 4025 4026
f 2882 4026 2881
f 3337 4027 3338
f 3338 4027 4028
f 3338 4028 3339
f 3339 4028 3340
f 3340 4028 4029
f 3340 4029 3311
f 3311 4029 3312
f 3312 4029 4018
f 3312 4018 3295
f 3295 4018 2902
f 3295 2902 2906
f 2880 2881 3322
f 3322 2881 4026
f 3322 4026 3324
f 3324 4026 4027
f 3324 4027 3325
f 3325 4027 3337
f 3357 3356 4030
f 4031 3615 3597
f 4032 4033 4034
f 3393 3392 4035
f 4035 3392 3391
f 4035 3391 4033
f 4031 4036 4037
f 4037 4036 4032
f 3615 4031 3616
f 4033 3391 4034
f 4034 3391 3414
f 4034 3414 4038
f 4038 3414 3342
f 4038 3342 3343
f 4032 4034 4037
f 4037 4034 4038
f 4037 4038 4030
f 4030 4038 3343
f 4030 3343 3357
f 4031 4037 3616
f 3616 4037 4030
f 3616 4030 3617
f 3617 4030 3356
f 3617 3356 3355
f 4017 4012 4039
f 4011 4013 3983
f 3983 4013 3999
f 3983 3999 3984
f 4040 4009 4007
f 3386 3393 4041
f 4041 3393 4042
f 4041 4042 4043
f 4043 4042 4044
f 4043 4044 4045
f 4012 4011 4039
f 4039 4011 3983
f 4039 3983 4046
f 4046 3983 3996
f 4046 3996 4047
f 4047 3996 3994
f 4047 3994 4048
f 4048 3994 3992
f 4048 3992 4045
f 4045 3992 3990
f 4045 3990 4043
f 4043 3990 3988
f 4043 3988 4041
f 4041 3988 3986
f 4041 3986 3386
f 3386 3986 3387
f 4045 4044 4049
f 4045 4049 4048
f 4048 4049 4050
f 4048 4050 4047
f 4047 4050 4040
f 4047 4040 4046
f 4046 4040 4007
f 4046 4007 4039
f 4039 4007 4006
f 4039 4006 4017
f 4051 4052 4053
f 4053 4052 3940
f 4053 3940 3941
f 3954 3978 3951
f 3951 3978 3952
f 3956 3955 4052
f 3955 3960 4052
f 4052 3960 3938
f 4052 3938 3940
f 3597 3599 4054
f 4054 3599 4055
f 4054 4055 4056
f 4053 4057 4051
f 4051 4057 4058
f 4058 4057 4059
f 4058 4059 4060
f 4060 4059 4061
f 4060 4061 4062
f 4062 4061 4056
f 4062 4056 4063
f 4063 4056 4055
f 3954 3956 3978
f 3978 3956 4052
f 3978 4052 3977
f 3977 4052 4051
f 3977 4051 3975
f 3975 4051 4058
f 3975 4058 3973
f 3973 4058 4060
f 3973 4060 3971
f 3971 4060 4062
f 3971 4062 3969
f 3969 4062 4063
f 3969 4063 3967
f 3967 4063 4055
f 3967 4055 3600
f 3600 4055 3599
f 3923 3930 4064
f 4065 3928 3926
f 4066 4067 3681
f 3681 4067 3716
f 4068 4066 4069
f 4066 4068 4067
f 4067 4068 3739
f 4067 3739 3716
f 3652 3661 4070
f 4070 3661 3662
f 4070 3662 4071
f 4071 3662 3644
f 4071 3644 4072
f 4072 3644 3643
f 4072 3643 4073
f 4073 3643 3642
f 4073 3642 3916
f 3696 4074 3698
f 3698 4074 4069
f 3698 4069 3699
f 3699 4069 4066
f 3699 4066 3680
f 3680 4066 3681
f 3636 3652 4075
f 4075 3652 4070
f 4075 4070 4076
f 4076 4070 4071
f 4076 4071 4077
f 4077 4071 4072
f 4077 4072 4078
f 4078 4072 4073
f 4078 4073 4064
f 4064 4073 3916
f 4064 3916 3923
f 4069 4079 4068
f 4068 4079 4080
f 4068 4080 4081
f 4081 4080 4082
f 4081 4082 4083
f 4083 4082 4084
f 4083 4084 3753
f 3753 4084 3751
f 3753 3745 4083
f 4083 3745 3744
f 4083 3744 4081
f 4081 3744 3742
f 4081 3742 4068
f 4068 3742 3740
f 4068 3740 3739
f 3930 3928 4064
f 4064 3928 4065
f 4064 4065 4078
f 4078 4065 4085
f 4078 4085 4077
f 4077 4085 4086
f 4077 4086 4076
f 3637 3636 3696
f 3696 3636 4075
f 3696 4075 4074
f 4074 4075 4076
f 4074 4076 4069
f 4069 4076 4086
f 4069 4086 4079
f 4079 4086 4085
f 4079 4085 4080
f 4080 4085 4065
f 4080 4065 4082
f 4082 4065 3926
f 4082 3926 4084
f 4084 3926 3925
f 4084 3925 3751
f 3807 3810 4087
f 4088 3718 4089
f 4090 4091 4092
f 4091 4090 4093
f 4094 3799 3801
f 4094 3801 4095
f 4096 4097 4098
f 4098 4097 4099
f 4098 4099 4100
f 4088 4089 4101
f 4101 4089 4102
f 4101 4102 4103
f 4103 4102 4104
f 4103 4104 4105
f 4105 4104 4106
f 4105 4106 4107
f 3718 3751 4089
f 4089 3751 4108
f 4089 4108 4102
f 4102 4108 4109
f 4102 4109 4104
f 4104 4109 4110
f 4104 4110 4106
f 3746 3719 4111
f 4111 3719 4112
f 4111 4112 4113
f 4113 4112 4114
f 4113 4114 4115
f 4115 4114 4116
f 4115 4116 4117
f 4117 4116 4118
f 4117 4118 4119
f 4119 4118 4120
f 4119 4120 4121
f 4121 4120 4122
f 4121 4122 4123
f 4123 4122 4124
f 4123 4124 4125
f 4126 4127 4128
f 4128 4127 4129
f 4128 4129 4130
f 4130 4129 4131
f 4130 4131 4132
f 4132 4131 4133
f 4132 4133 4134
f 4134 4133 4135
f 4134 4135 4136
f 4136 4135 4137
f 4136 4137 4138
f 4139 4140 4141
f 4141 4140 4142
f 4141 4142 4143
f 4143 4142 4144
f 4143 4144 4145
f 4145 4144 4146
f 4145 4146 4147
f 4147 4146 4148
f 4147 4148 4149
f 4149 4148 4150
f 4139 4100 4140
f 4140 4100 4099
f 4140 4099 4151
f 4151 4099 4097
f 4151 4097 4152
f 4152 4097 4096
f 4152 4096 4092
f 4092 4096 4107
f 4092 4107 4090
f 4090 4107 4106
f 4090 4106 4093
f 4093 4106 4110
f 3747 3746 3769
f 3769 3746 4111
f 3769 4111 3768
f 3768 4111 4113
f 3768 4113 3766
f 3766 4113 4115
f 3766 4115 3764
f 3764 4115 4117
f 3764 4117 3762
f 3762 4117 4119
f 3762 4119 3760
f 3760 4119 4121
f 3760 4121 3758
f 3758 4121 4123
f 3758 4123 3810
f 3810 4123 4125
f 3810 4125 4087
f 4087 4125 4124
f 4127 4095 4129
f 4129 4095 3801
f 4129 3801 4131
f 4131 3801 3803
f 4131 3803 4133
f 4133 3803 3805
f 4133 3805 4135
f 4135 3805 3807
f 4135 3807 4137
f 4137 3807 4087
f 4137 4087 4138
f 4138 4087 4124
f 3719 3718 4112
f 4112 3718 4088
f 4112 4088 4114
f 4114 4088 4101
f 4114 4101 4116
f 4116 4101 4103
f 4116 4103 4118
f 4118 4103 4105
f 4118 4105 4120
f 4120 4105 4107
f 4120 4107 4122
f 4122 4107 4096
f 4122 4096 4124
f 4124 4096 4098
f 4124 4098 4138
f 4138 4098 4100
f 4138 4100 4136
f 4136 4100 4139
f 4136 4139 4134
f 4134 4139 4141
f 4134 4141 4132
f 4132 4141 4143
f 4132 4143 4130
f 4130 4143 4145
f 4130 4145 4128
f 4128 4145 4147
f 4128 4147 4126
f 4126 4147 4149
f 4153 4154 4155
f 4155 4154 4156
f 4157 4158 4159
f 4159 4158 4160
f 4159 4160 4161
f 4161 4160 4162
f 4161 4162 4153
f 4153 4162 4163
f 4153 4163 4154
f 3799 4157 3800
f 3800 4157 4159
f 3800 4159 3798
f 3798 4159 4161
f 3798 4161 3754
f 3754 4161 4153
f 3754 4153 3755
f 3755 4153 4155
f 4164 4165 4166
f 4166 4165 4167
f 4168 4169 4170
f 4170 4169 4171
f 4170 4171 4167
f 4167 4171 4172
f 4167 4172 4166
f 3829 4165 4173
f 4173 4165 4164
f 4173 4164 4174
f 3834 4168 3833
f 3833 4168 4170
f 3833 4170 3881
f 3881 4170 4167
f 3881 4167 3882
f 3882 4167 4165
f 3882 4165 3828
f 3828 4165 3829
f 4175 4176 4177
f 4108 3751 3912
f 4144 4142 4178
f 4178 4142 4179
f 4092 4091 4180
f 4181 4182 4183
f 4184 4150 4148
f 4185 4186 3906
f 4177 4176 4187
f 4187 4176 4182
f 4187 4182 4188
f 4189 4190 4186
f 4188 4182 4191
f 4191 4182 4181
f 4191 4181 4192
f 4193 4190 4194
f 4194 4190 4189
f 4194 4189 4195
f 4180 4196 4197
f 4197 4196 4198
f 4197 4198 4199
f 4199 4198 4185
f 4195 4200 4194
f 4194 4200 4201
f 4194 4201 4193
f 4193 4201 4202
f 4180 4091 4196
f 4196 4091 4093
f 4196 4093 4110
f 4186 4185 4189
f 4189 4185 4198
f 4189 4198 4195
f 4195 4198 4196
f 4195 4196 4200
f 4200 4196 4110
f 4200 4110 4201
f 4201 4110 4109
f 4201 4109 4202
f 4203 4204 4205
f 4205 4204 4206
f 4205 4206 4207
f 4207 4206 4208
f 4207 4208 4209
f 4209 4208 4210
f 4209 4210 4211
f 4204 4184 4206
f 4206 4184 4148
f 4206 4148 4208
f 4208 4148 4146
f 4208 4146 4210
f 4183 4182 4212
f 4212 4182 4176
f 4212 4176 4179
f 4179 4176 4175
f 4179 4175 4178
f 3829 4213 3830
f 3830 4213 4214
f 3830 4214 3908
f 3908 4214 4215
f 3908 4215 3909
f 3909 4215 4216
f 3909 4216 3861
f 4216 4217 3861
f 3861 4217 4218
f 3861 4218 3860
f 4213 4203 4214
f 4214 4203 4205
f 4214 4205 4215
f 4215 4205 4207
f 4215 4207 4216
f 4216 4207 4209
f 4216 4209 4217
f 4217 4209 4211
f 4217 4211 4218
f 3905 3906 3932
f 3932 3906 4186
f 3932 4186 3935
f 3935 4186 4190
f 3935 4190 3911
f 3911 4190 4193
f 3911 4193 3912
f 3912 4193 4202
f 3912 4202 4108
f 4108 4202 4109
f 4199 4219 4197
f 4197 4219 4220
f 4197 4220 4180
f 4180 4220 4221
f 4180 4221 4092
f 4092 4221 4222
f 4092 4222 4152
f 4152 4222 4223
f 4152 4223 4151
f 4151 4223 4140
f 4142 4140 4179
f 4179 4140 4223
f 4179 4223 4212
f 4212 4223 4222
f 4212 4222 4183
f 4183 4222 4221
f 4183 4221 4181
f 4181 4221 4220
f 4181 4220 4192
f 4192 4220 4219
f 4146 4144 4210
f 4210 4144 4178
f 4210 4178 4211
f 4211 4178 4175
f 4211 4175 4218
f 4218 4175 4177
f 4218 4177 3860
f 3860 4177 4187
f 3860 4187 3859
f 3859 4187 4188
f 3859 4188 3880
f 3880 4188 4191
f 3880 4191 3879
f 3879 4191 4192
f 3879 4192 3878
f 3878 4192 4219
f 3878 4219 3862
f 3862 4219 4199
f 3862 4199 3863
f 3863 4199 4185
f 3863 4185 3907
f 3907 4185 3906
f 3944 3943 4224
f 3944 4224 3946
f 4057 4053 3947
f 3941 3950 4053
f 4053 3950 3949
f 4053 3949 3947
f 3947 3946 4057
f 4057 3946 4224
f 4057 4224 4225
f 4057 4225 4226
f 4036 4031 4227
f 4227 4031 3597
f 4227 3597 4054
f 4228 4229 4230
f 4230 4229 4226
f 4230 4226 4231
f 4231 4226 4225
f 4032 4036 4228
f 4228 4036 4227
f 4228 4227 4229
f 4229 4227 4054
f 4054 4056 4229
f 4229 4056 4061
f 4229 4061 4226
f 4226 4061 4059
f 4226 4059 4057
f 3943 4005 4224
f 4224 4005 4004
f 4003 4002 4040
f 4040 4002 4010
f 4040 4010 4009
f 4004 4003 4224
f 4224 4003 4040
f 4224 4040 4225
f 4225 4040 4232
f 4225 4232 4231
f 4042 3393 4035
f 4042 4035 4233
f 4040 4050 4232
f 4232 4050 4049
f 4232 4049 4234
f 4234 4049 4044
f 4234 4044 4233
f 4233 4044 4042
f 4035 4033 4233
f 4233 4033 4032
f 4233 4032 4234
f 4234 4032 4228
f 4234 4228 4232
f 4232 4228 4230
f 4232 4230 4231
f 4029 4028 4235
f 4235 4028 4027
f 4235 4027 4026
f 4020 4019 4235
f 4235 4019 4018
f 4235 4018 4029
f 4023 4022 4235
f 4235 4022 4021
f 4235 4021 4020
f 4026 4025 4235
f 4235 4025 4024
f 4235 4024 4023
f 4236 4237 4238
f 4239 4240 4157
f 4157 4240 4158
f 4238 4241 4236
f 4236 4241 4242
f 4236 4242 4243
f 4243 4242 4244
f 4243 4244 4239
f 4239 4244 4245
f 4239 4245 4240
f 4157 3799 4239
f 4239 3799 4094
f 4239 4094 4243
f 4243 4094 4095
f 4150 4237 4149
f 4149 4237 4236
f 4149 4236 4126
f 4126 4236 4243
f 4126 4243 4127
f 4127 4243 4095
f 4246 4173 4174
f 4247 4248 4249
f 4249 4248 4250
f 4249 4250 4251
f 4251 4250 4246
f 4251 4246 4252
f 4252 4246 4174
f 4150 4248 4237
f 4237 4248 4247
f 4237 4247 4238
f 3829 4173 4213
f 4213 4173 4246
f 4213 4246 4203
f 4203 4246 4250
f 4203 4250 4204
f 4204 4250 4248
f 4204 4248 4184
f 4184 4248 4150
f 3077 3076 4253
f 4253 3076 3104
f 4253 4254 3077
f 3077 4254 4255
f 3077 4255 3075
f 3075 4255 4256
f 3075 4256 3074
f 3074 4256 4257
f 3074 4257 3071
f 3071 4257 3072
f 3072 4257 3067
f 3072 3067 3065
f 4258 4259 4260
f 4260 4259 4261
f 4260 4261 4262
f 4263 4264 4260
f 4260 4264 4265
f 4260 4265 4258
f 4266 4267 4260
f 4260 4267 4268
f 4260 4268 4263
f 4262 4269 4260
f 4260 4269 4270
f 4260 4270 4266
f 4271 4272 4273
f 4273 4272 4274
f 4274 4275 4273
f 4273 4275 3298
f 4273 3298 4276
f 4276 3298 3297
f 4276 3297 4277
f 4277 3297 3292
f 4277 3292 4278
f 4278 3292 3291
f 4278 3291 4279
f 4279 3291 3321
f 4279 3321 4280
f 4280 3321 3323
f 4280 3323 4281
f 4281 3323 3305
f 4281 3305 4282
f 4282 3305 3303
f 4282 3303 4283
f 4283 3303 3320
f 4283 3320 4284
f 4284 3320 3318
f 4284 3318 4285
f 4285 3318 3316
f 4285 3316 4286
f 4286 3316 3314
f 4286 3314 4273
f 4273 3314 3313
f 4273 3313 4271
f 4262 4286 4269
f 4269 4286 4273
f 4269 4273 4270
f 4270 4273 4276
f 4270 4276 4266
f 4266 4276 4277
f 4266 4277 4267
f 4267 4277 4278
f 4267 4278 4268
f 4268 4278 4279
f 4268 4279 4263
f 4263 4279 4280
f 4263 4280 4264
f 4264 4280 4281
f 4264 4281 4265
f 4265 4281 4282
f 4265 4282 4258
f 4258 4282 4283
f 4258 4283 4259
f 4259 4283 4284
f 4259 4284 4261
f 4261 4284 4285
f 4261 4285 4262
f 4262 4285 4286
f 4287 4288 4289
f 4290 3287 4291
f 4291 3287 3286
f 4291 3286 4292
f 4292 3286 3294
f 4292 3294 4293
f 4293 3294 3310
f 4293 3310 4294
f 4294 3310 3326
f 4294 3326 4295
f 4295 3326 3302
f 4295 3302 4296
f 4296 3302 3304
f 4296 3304 4297
f 4297 3304 3306
f 4297 3306 4298
f 4298 3306 3307
f 4298 3307 4299
f 4299 3307 3332
f 4299 3332 4300
f 4300 3332 3334
f 4300 3334 4289
f 4289 3334 3336
f 4289 3336 4287
f 4288 4301 4289
f 4289 4301 4302
f 4289 4302 4290
f 4290 4302 4303
f 4290 4303 3287
f 4304 4305 4306
f 4306 4305 4307
f 4306 4307 4308
f 4309 4310 4306
f 4306 4310 4311
f 4306 4311 4304
f 4312 4313 4306
f 4306 4313 4314
f 4306 4314 4309
f 4308 4315 4306
f 4306 4315 4316
f 4306 4316 4312
f 4308 4294 4315
f 4315 4294 4295
f 4315 4295 4316
f 4316 4295 4296
f 4316 4296 4312
f 4312 4296 4297
f 4312 4297 4313
f 4313 4297 4298
f 4313 4298 4314
f 4314 4298 4299
f 4314 4299 4309
f 4309 4299 4300
f 4309 4300 4310
f 4310 4300 4289
f 4310 4289 4311
f 4311 4289 4290
f 4311 4290 4304
f 4304 4290 4291
f 4304 4291 4305
f 4305 4291 4292
f 4305 4292 4307
f 4307 4292 4293
f 4307 4293 4308
f 4308 4293 4294
f 3817 3816 4317
f 3723 3734 4318
f 3736 3737 3815
f 4319 4320 4321
f 4322 4323 4324
f 4325 4326 4327
f 4328 4329 4326
f 4326 4329 4330
f 4326 4330 4327
f 4331 4332 4324
f 4324 4332 4333
f 4324 4333 4322
f 4334 4335 4336
f 4336 4335 4337
f 4319 4321 4338
f 4338 4321 4336
f 4338 4336 4339
f 4339 4336 4337
f 4339 4337 4340
f 4341 3756 4342
f 4342 3756 3755
f 4343 3813 4344
f 4344 3813 3772
f 4344 3772 4345
f 4345 3772 3827
f 4345 3827 4346
f 4346 3827 3826
f 4346 3826 4325
f 4325 3826 3825
f 4325 3825 4326
f 4326 3825 3824
f 4326 3824 4328
f 4328 3824 3823
f 4328 3823 4347
f 4348 4349 3735
f 3735 3736 4348
f 4348 3736 3815
f 4348 3815 4343
f 4343 3815 3814
f 4343 3814 3813
f 4350 4351 4352
f 4352 4351 4353
f 4352 4353 4354
f 4354 4353 4355
f 4354 4355 4356
f 4356 4355 4357
f 4356 4357 4358
f 4358 4357 4359
f 4358 4359 4360
f 4360 4359 4361
f 4360 4361 4362
f 4363 4350 4364
f 4364 4350 4352
f 4364 4352 4365
f 4365 4352 4354
f 4360 4366 4358
f 4358 4366 4367
f 4358 4367 4356
f 4356 4367 4368
f 4356 4368 4354
f 4354 4368 4369
f 4354 4369 4365
f 3723 4318 3724
f 4319 4332 4320
f 4320 4332 4331
f 4320 4331 4321
f 4321 4331 4370
f 4321 4370 4336
f 4336 4370 4371
f 4336 4371 4334
f 4334 4371 4372
f 4317 3816 4341
f 4341 3816 3774
f 4341 3774 3756
f 3817 4317 3818
f 3818 4317 4373
f 3818 4373 3819
f 3823 3822 4347
f 4347 3822 3821
f 4347 3821 4373
f 4373 3821 3820
f 4373 3820 3819
f 4374 4362 4375
f 4375 4362 4361
f 4375 4361 4376
f 4376 4361 4359
f 4376 4359 4377
f 4377 4359 4357
f 4377 4357 4378
f 4378 4357 4355
f 4378 4355 4379
f 4379 4355 4353
f 4379 4353 4318
f 4318 4353 4351
f 4318 4351 3724
f 3724 4351 4350
f 3724 4350 3727
f 3727 4350 4363
f 3727 4363 3716
f 3734 3735 4318
f 4318 3735 4349
f 4318 4349 4379
f 4379 4349 4348
f 4379 4348 4378
f 4378 4348 4343
f 4378 4343 4377
f 4377 4343 4344
f 4377 4344 4376
f 4376 4344 4345
f 4376 4345 4375
f 4375 4345 4346
f 4375 4346 4374
f 4374 4346 4325
f 4374 4325 4380
f 4380 4325 4327
f 4322 4329 4323
f 4323 4329 4328
f 4323 4328 4324
f 4324 4328 4347
f 4324 4347 4331
f 4331 4347 4373
f 4331 4373 4370
f 4370 4373 4317
f 4370 4317 4371
f 4371 4317 4341
f 4371 4341 4372
f 4372 4341 4342
f 4381 4382 4383
f 4383 4382 4384
f 4383 4384 4385
f 4385 4384 4386
f 4387 4388 4389
f 4389 4390 4387
f 4387 4390 4391
f 4387 4391 4392
f 4390 4393 4391
f 4391 4393 4394
f 4395 4396 4397
f 4395 4397 4386
f 4386 4397 4398
f 4386 4398 4385
f 4385 4398 4399
f 4385 4399 4400
f 4401 4402 4403
f 4403 4404 4401
f 4401 4404 4405
f 4401 4405 4406
f 4407 4404 4408
f 4408 4404 4403
f 4409 4410 4411
f 4411 4410 4412
f 4413 4414 4415
f 4415 4414 4416
f 4415 4416 4410
f 4409 4407 4410
f 4410 4407 4408
f 4410 4408 4415
f 4415 4408 4417
f 4415 4417 4413
f 4381 4418 4382
f 4382 4418 4419
f 4412 4410 4420
f 4420 4410 4416
f 4420 4416 4419
f 4419 4416 4421
f 4419 4421 4382
f 4422 4423 4424
f 4424 4423 4425
f 4424 4425 4426
f 4426 4425 4427
f 4426 4427 4428
f 4428 4427 4429
f 4430 4431 4432
f 4432 4431 4433
f 4432 4433 4434
f 4435 4436 4437
f 4437 4436 4423
f 4437 4423 4432
f 4432 4423 4422
f 4432 4422 4430
f 4434 4394 4432
f 4432 4394 4393
f 4432 4393 4437
f 4437 4393 4438
f 4437 4438 4435
f 4428 4429 4439
f 4439 4429 4440
f 4439 4440 4441
f 4441 4440 4442
f 4443 4444 4445
f 4446 4447 4448
f 4448 4447 4449
f 4445 4450 4443
f 4443 4450 4451
f 4443 4451 4452
f 4452 4451 4453
f 4452 4453 4449
f 4449 4453 4454
f 4449 4454 4448
f 4455 4456 4442
f 4442 4456 4457
f 4458 4459 4457
f 4457 4459 4441
f 4457 4441 4442
f 4460 4461 4462
f 4463 4464 4465
f 4465 4464 4466
f 4467 4468 4469
f 4469 4468 4470
f 4471 4472 4473
f 4473 4472 4474
f 4473 4474 4475
f 4475 4474 4476
f 4475 4476 4477
f 4477 4476 4478
f 4477 4478 4470
f 4470 4478 4479
f 4470 4479 4469
f 3917 3642 4480
f 4480 3642 4481
f 4480 4481 4471
f 4471 4481 4482
f 4471 4482 4472
f 4483 4484 4485
f 4485 4484 4486
f 4485 4486 4487
f 3914 3917 4488
f 4488 3917 4480
f 4488 4480 4489
f 4489 4480 4471
f 4489 4471 4490
f 4490 4471 4473
f 4490 4473 4491
f 4491 4473 4475
f 4491 4475 4492
f 4492 4475 4477
f 4492 4477 4493
f 4493 4477 4470
f 4493 4470 4483
f 4483 4470 4468
f 4483 4468 4484
f 4484 4468 4467
f 4494 4495 3842
f 3842 4495 3844
f 3844 4495 4496
f 3844 4496 3846
f 3846 4496 4497
f 3846 4497 3848
f 3848 4497 4498
f 3848 4498 3850
f 3850 4498 4499
f 3850 4499 3894
f 3901 4500 3903
f 3903 4500 4501
f 3903 4501 3904
f 3904 4501 4465
f 3904 4465 3832
f 3832 4465 4466
f 3832 4466 3834
f 3919 3915 4502
f 4502 3915 4503
f 4502 4503 4504
f 4504 4503 4505
f 4504 4505 4506
f 4506 4505 4507
f 4506 4507 4508
f 4508 4507 4509
f 4508 4509 4494
f 4494 4509 4510
f 4494 4510 4495
f 4495 4510 4511
f 4495 4511 4496
f 4496 4511 4512
f 4496 4512 4497
f 4497 4512 4513
f 4497 4513 4498
f 4498 4513 4514
f 4498 4514 4499
f 4499 4514 4515
f 4499 4515 4500
f 4500 4515 4516
f 4500 4516 4501
f 4501 4516 4517
f 4501 4517 4465
f 4465 4517 4462
f 4465 4462 4463
f 4463 4462 4461
f 4486 4518 4487
f 4487 4518 4519
f 4487 4519 4520
f 4520 4519 4521
f 4520 4521 4522
f 4522 4521 4523
f 4522 4523 4524
f 4524 4523 4525
f 4524 4525 4526
f 4526 4525 4527
f 4526 4527 4528
f 4528 4527 4529
f 3842 3840 4494
f 4494 3840 3839
f 4494 3839 4508
f 4508 3839 3837
f 4508 3837 4506
f 4506 3837 3836
f 4506 3836 4504
f 4504 3836 3854
f 4504 3854 4502
f 4502 3854 3855
f 4502 3855 3919
f 3901 3899 4500
f 4500 3899 3897
f 4500 3897 4499
f 4499 3897 3895
f 4499 3895 3894
f 3915 3914 4503
f 4503 3914 4488
f 4503 4488 4505
f 4505 4488 4489
f 4505 4489 4507
f 4507 4489 4490
f 4507 4490 4509
f 4509 4490 4491
f 4509 4491 4510
f 4510 4491 4492
f 4510 4492 4511
f 4511 4492 4493
f 4511 4493 4512
f 4512 4493 4483
f 4512 4483 4513
f 4513 4483 4485
f 4513 4485 4514
f 4514 4485 4487
f 4514 4487 4515
f 4515 4487 4520
f 4515 4520 4516
f 4516 4520 4522
f 4516 4522 4517
f 4517 4522 4524
f 4517 4524 4462
f 4462 4524 4526
f 4462 4526 4460
f 4460 4526 4528
f 4530 4531 4532
f 4532 4531 3228
f 4532 3228 4533
f 4533 3228 3227
f 4533 3227 4534
f 4534 3227 3229
f 4534 3229 4535
f 4535 3229 3231
f 4535 3231 4536
f 4536 3231 3233
f 4536 3233 4537
f 4537 3233 3235
f 4537 3235 4538
f 4538 3235 3237
f 4538 3237 4539
f 4539 3237 3239
f 4539 3239 4540
f 4540 3239 3241
f 4540 3241 4541
f 4541 3241 3243
f 4541 3243 4542
f 4542 3243 3245
f 4542 3245 4543
f 4543 3245 3247
f 4543 3247 4544
f 4544 3247 3249
f 4544 3249 4545
f 4545 3249 3251
f 4545 3251 4546
f 4546 3251 3253
f 4546 3253 4547
f 4547 3253 3255
f 4547 3255 4548
f 4548 3255 3257
f 4548 3257 4549
f 4549 3257 3259
f 4549 3259 4550
f 4550 3259 3261
f 4550 3261 4551
f 4551 3261 3263
f 4551 3263 4552
f 4552 3263 3265
f 4552 3265 4553
f 4553 3265 3267
f 4553 3267 4554
f 4554 3267 3269
f 4554 3269 4555
f 4555 3269 4556
f 4555 4556 4557
f 4557 4556 4558
f 4557 4558 4559
f 4560 4561 4562
f 4450 4445 4563
f 4563 4445 4564
f 4563 4564 4565
f 4565 4564 4566
f 4565 4566 4567
f 4563 4568 4450
f 4450 4568 4569
f 4450 4569 4451
f 4570 4571 4572
f 4572 4571 4573
f 4560 4562 4574
f 4574 4562 4575
f 4574 4575 4576
f 4576 4575 4577
f 4576 4577 4571
f 4571 4577 4578
f 4571 4578 4573
f 4453 4451 4579
f 4579 4451 4569
f 4579 4569 4570
f 4570 4569 4571
f 4571 4569 4568
f 4571 4568 4576
f 4576 4568 4563
f 4576 4563 4574
f 4574 4563 4565
f 4574 4565 4560
f 4580 4581 4582
f 4583 4584 4585
f 4586 4587 4588
f 4455 4589 4590
f 4591 4592 4593
f 4591 4593 4594
f 4595 4596 4456
f 4456 4596 4597
f 4456 4597 4457
f 4598 4599 4600
f 4600 4599 4601
f 4600 4601 4602
f 4601 4603 4602
f 4602 4603 4604
f 4602 4604 4605
f 4605 4604 4606
f 4605 4606 4588
f 4588 4606 4607
f 4588 4607 4586
f 4586 4607 4608
f 4587 4597 4588
f 4588 4597 4596
f 4588 4596 4605
f 4605 4596 4595
f 4605 4595 4602
f 4602 4595 4609
f 4602 4609 4600
f 4600 4609 4585
f 4600 4585 4598
f 4598 4585 4584
f 4456 4455 4595
f 4595 4455 4590
f 4595 4590 4609
f 4609 4590 4610
f 4609 4610 4585
f 4585 4610 4582
f 4585 4582 4583
f 4583 4582 4581
f 4611 4580 4612
f 4612 4580 4582
f 4612 4582 4613
f 4613 4582 4610
f 4613 4610 4593
f 4593 4610 4590
f 4593 4590 4594
f 4594 4590 4589
f 4400 4399 4614
f 4398 4397 4615
f 4616 4617 4618
f 4619 4620 4621
f 4560 4622 4561
f 4561 4622 4623
f 4623 4622 4624
f 4624 4622 4625
f 4624 4625 4626
f 4620 4619 4625
f 4625 4619 4627
f 4625 4627 4626
f 4628 4629 4630
f 4630 4629 4621
f 4616 4618 4631
f 4631 4618 4614
f 4631 4614 4615
f 4615 4614 4399
f 4615 4399 4398
f 4632 4633 4634
f 4634 4633 4400
f 4565 4567 4632
f 4632 4567 4635
f 4632 4635 4633
f 4621 4620 4630
f 4630 4620 4625
f 4630 4625 4636
f 4636 4625 4622
f 4636 4622 4637
f 4637 4622 4560
f 4637 4560 4565
f 4400 4614 4634
f 4634 4614 4618
f 4634 4618 4638
f 4638 4618 4617
f 4638 4617 4639
f 4565 4632 4637
f 4637 4632 4634
f 4637 4634 4636
f 4636 4634 4638
f 4636 4638 4630
f 4630 4638 4639
f 4630 4639 4628
f 4640 4327 4641
f 4641 4327 4330
f 4641 4330 4642
f 4642 4330 4329
f 4642 4329 4643
f 4643 4329 4644
f 4644 4329 4322
f 4644 4322 4645
f 4322 4333 4645
f 4645 4333 4332
f 4645 4332 4646
f 4646 4332 4319
f 4646 4319 4338
f 4380 4327 4640
f 4366 4360 4647
f 4647 4360 4362
f 4647 4362 4640
f 4640 4362 4374
f 4640 4374 4380
f 4648 4649 4650
f 4651 4652 4653
f 4653 4652 4654
f 4653 4654 4655
f 4655 4654 4650
f 4655 4650 4656
f 4656 4650 4649
f 4657 4658 4651
f 4651 4658 4659
f 4651 4659 4652
f 4652 4659 4559
f 4652 4559 4654
f 4654 4559 4558
f 4654 4558 4650
f 4650 4558 4556
f 4650 4556 4648
f 4648 4556 3269
f 3264 3262 3274
f 3272 3277 4660
f 4660 3277 3276
f 4660 3276 4661
f 3272 4660 3273
f 3273 4660 4662
f 3273 4662 3275
f 3275 4662 4663
f 3275 4663 3274
f 3274 4663 3266
f 3274 3266 3264
f 4664 4655 4656
f 4661 4664 4665
f 4664 4656 4665
f 4665 4656 4649
f 4665 4649 4666
f 4666 4649 4648
f 4666 4648 4667
f 4667 4648 3269
f 4667 3269 3268
f 4661 4665 4660
f 4660 4665 4666
f 4660 4666 4662
f 4662 4666 4667
f 4662 4667 4663
f 4663 4667 3268
f 4663 3268 3266
f 4668 4669 3106
f 3106 4669 4670
f 3106 4670 4671
f 3105 3113 3282
f 3282 3113 3111
f 3282 3111 3109
f 3105 3282 3106
f 3106 3282 3281
f 3106 3281 4672
f 4672 4673 3106
f 3106 4673 4674
f 3106 4674 4668
f 3232 3230 4675
f 3234 3232 3284
f 3284 3232 4675
f 3284 4675 3285
f 3285 4675 3283
f 3279 3278 4676
f 4676 3278 3283
f 4676 3283 4677
f 4677 3283 4675
f 3281 3279 4672
f 4672 3279 4676
f 4672 4676 4673
f 4674 4673 4678
f 4673 4676 4678
f 4678 4676 4677
f 4678 4677 4679
f 4679 4677 4675
f 4679 4675 4680
f 4680 4675 3230
f 4680 3230 3226
f 4674 4678 4681
f 4681 4678 4679
f 4681 4679 4682
f 4682 4679 4680
f 4682 4680 4683
f 4683 4680 3226
f 4683 3226 3228
f 4684 4531 4530
f 4685 4686 4687
f 4670 4686 4671
f 4671 4686 4685
f 4671 4685 4688
f 4684 4530 4689
f 4668 4674 4681
f 4530 4687 4689
f 4689 4687 4686
f 4689 4686 4669
f 4669 4686 4670
f 3228 4531 4683
f 4683 4531 4684
f 4683 4684 4682
f 4682 4684 4689
f 4682 4689 4681
f 4681 4689 4669
f 4681 4669 4668
f 4690 4691 4626
f 2910 3050 4692
f 4693 3014 2959
f 4621 4629 4694
f 4694 4629 4695
f 4694 4695 4692
f 4692 4695 4696
f 4692 4696 2910
f 2910 4696 4697
f 2910 4697 2911
f 2911 4697 4698
f 2911 4698 2959
f 2959 4698 4699
f 2959 4699 4693
f 4694 4700 4621
f 4621 4700 4701
f 4621 4701 4619
f 4619 4701 4702
f 4619 4702 4627
f 4627 4702 4703
f 4627 4703 4626
f 4626 4703 4704
f 4626 4704 4690
f 4705 4575 4706
f 4706 4575 4562
f 4706 4562 4707
f 4707 4562 4561
f 4707 4561 4708
f 4708 4561 4623
f 4708 4623 4691
f 4691 4623 4624
f 4691 4624 4626
f 4705 4709 4575
f 4575 4709 4710
f 4575 4710 4711
f 4711 4712 4575
f 4575 4712 4713
f 4575 4713 4714
f 4714 4713 4715
f 4714 4715 4716
f 4716 4717 4714
f 4714 4717 4718
f 4714 4718 4719
f 4719 4718 4720
f 4719 4720 4611
f 4611 4720 4721
f 4611 4721 4580
f 4580 4721 4722
f 4580 4722 4581
f 4581 4722 4723
f 4724 4584 4723
f 4723 4584 4583
f 4723 4583 4581
f 4724 4725 4584
f 4584 4725 4726
f 4584 4726 4598
f 4598 4726 4727
f 4598 4727 4599
f 4599 4727 4601
f 4728 4729 4730
f 4730 4729 4731
f 4730 4731 4732
f 4732 4731 4733
f 4732 4733 4734
f 4734 4733 4735
f 4734 4735 4736
f 4736 4735 4603
f 4736 4603 4737
f 4737 4603 4601
f 4737 4601 4738
f 4738 4601 4727
f 4395 4739 4396
f 4740 4741 4386
f 4386 4741 4742
f 4386 4742 4395
f 4395 4742 4743
f 4395 4743 4739
f 4740 4386 4744
f 4744 4386 4384
f 4744 4384 4745
f 4746 4747 4382
f 4382 4747 4748
f 4382 4748 4384
f 4384 4748 4749
f 4384 4749 4745
f 4421 4750 4751
f 4421 4751 4382
f 4382 4751 4752
f 4382 4752 4746
f 4402 4401 4414
f 4414 4401 4750
f 4414 4750 4416
f 4416 4750 4421
f 4408 4403 4417
f 4417 4403 4402
f 4417 4402 4413
f 4413 4402 4414
f 4753 4754 4755
f 4756 4757 4758
f 4758 4759 4426
f 4760 4756 4439
f 4439 4756 4758
f 4439 4758 4428
f 4428 4758 4426
f 4761 4762 4441
f 4441 4762 4763
f 4441 4763 4439
f 4439 4763 4764
f 4439 4764 4760
f 4458 4753 4459
f 4459 4753 4755
f 4459 4755 4441
f 4441 4755 4765
f 4441 4765 4761
f 4759 4766 4426
f 4426 4766 4767
f 4426 4767 4424
f 4424 4767 4422
f 4433 4392 4434
f 4434 4392 4391
f 4434 4391 4394
f 4767 4768 4422
f 4422 4768 4387
f 4422 4387 4430
f 4430 4387 4392
f 4430 4392 4431
f 4431 4392 4433
f 4769 4770 4771
f 4570 4770 4579
f 4579 4770 4769
f 4579 4769 4453
f 4772 4448 4454
f 4448 4772 4446
f 4446 4772 4773
f 4446 4773 4774
f 4593 4592 4775
f 4774 4773 4775
f 4775 4773 4613
f 4775 4613 4593
f 4612 4776 4611
f 4611 4776 4719
f 4719 4776 4714
f 4714 4776 4771
f 4714 4771 4777
f 4777 4771 4778
f 4778 4771 4770
f 4778 4770 4779
f 4779 4770 4570
f 4779 4570 4572
f 4612 4613 4776
f 4776 4613 4773
f 4776 4773 4771
f 4771 4773 4772
f 4771 4772 4769
f 4769 4772 4454
f 4769 4454 4453
f 4396 4739 4780
f 4780 4739 4781
f 4714 4777 4575
f 4575 4777 4778
f 4575 4778 4577
f 4577 4778 4578
f 4578 4778 4573
f 4573 4778 4779
f 4573 4779 4572
f 4782 4783 4784
f 4785 4782 4786
f 4786 4782 4784
f 4786 4784 4787
f 4788 4789 4784
f 4784 4789 4790
f 4784 4790 4791
f 4791 4792 4784
f 4784 4792 4793
f 4784 4793 4787
f 4794 4795 4796
f 3506 4797 4798
f 4798 4797 4799
f 3503 3504 4798
f 4798 3504 3505
f 4798 3505 3506
f 3495 3497 4800
f 4801 4790 4789
f 4794 4796 4802
f 4802 4796 4801
f 4802 4801 4803
f 4803 4801 4789
f 4803 4789 4788
f 4795 4804 4796
f 4796 4804 4805
f 4796 4805 4801
f 4801 4805 4791
f 4801 4791 4790
f 4806 4807 4795
f 4795 4807 4808
f 4795 4808 4804
f 4794 3495 4795
f 4795 3495 4800
f 4795 4800 4806
f 4806 4800 4809
f 4806 4809 4810
f 4810 4809 4811
f 4811 4809 4812
f 4811 4812 4813
f 3497 3499 4800
f 4800 3499 3501
f 4800 3501 4809
f 4809 3501 3503
f 4809 3503 4812
f 4812 3503 4798
f 4812 4798 4813
f 4813 4798 4799
f 3481 3480 4814
f 4815 4780 4781
f 4781 4816 4815
f 4815 4816 4817
f 4815 4817 4818
f 4780 4815 4396
f 4396 4815 4615
f 4396 4615 4397
f 3710 3979 3985
f 3711 3710 3998
f 3998 3710 3985
f 3998 3985 3984
f 3979 3710 3980
f 3980 3710 3709
f 3980 3709 3982
f 3481 4814 3482
f 3482 4814 4819
f 3482 4819 3487
f 4820 4821 3489
f 3489 4821 4822
f 3489 4822 3490
f 3490 4822 4823
f 3490 4823 3491
f 3491 4823 3486
f 3493 3492 4824
f 4824 3492 3483
f 4824 3483 4825
f 4825 3483 3484
f 4825 3484 4826
f 4816 4799 4817
f 4817 4799 4797
f 4817 4797 4818
f 4818 4797 3506
f 4818 3506 4827
f 4827 3506 3493
f 3484 3485 4826
f 4826 3485 3486
f 4826 3486 4828
f 4828 3486 4823
f 4828 4823 4829
f 4829 4823 4822
f 4829 4822 4830
f 4830 4822 4821
f 3982 3709 3480
f 3480 3709 3707
f 3480 3707 4814
f 4814 3707 3706
f 4814 3706 3705
f 3489 3488 4820
f 4820 3488 3487
f 4820 3487 4831
f 4831 3487 4819
f 4831 4819 4832
f 4832 4819 4814
f 4832 4814 4833
f 4833 4814 3705
f 4616 4631 4834
f 4834 4631 4835
f 4834 4835 4836
f 4836 4835 4837
f 4836 4837 4838
f 4838 4837 4839
f 4838 4839 4840
f 4824 4840 3493
f 3493 4840 4839
f 3493 4839 4827
f 4827 4839 4837
f 4827 4837 4818
f 4818 4837 4835
f 4818 4835 4815
f 4815 4835 4631
f 4815 4631 4615
f 4805 4804 4841
f 4742 4816 4743
f 4743 4816 4781
f 4743 4781 4739
f 4813 4799 4842
f 4811 4813 4810
f 4810 4813 4842
f 4810 4842 4806
f 4741 4792 4791
f 4804 4808 4841
f 4841 4808 4807
f 4841 4807 4806
f 4799 4816 4842
f 4842 4816 4742
f 4842 4742 4806
f 4806 4742 4741
f 4806 4741 4841
f 4841 4741 4791
f 4841 4791 4805
f 4792 4741 4793
f 4793 4741 4740
f 4793 4740 4787
f 4787 4740 4744
f 4787 4744 4786
f 4744 4745 4786
f 4786 4745 4749
f 4786 4749 4785
f 4785 4749 4748
f 4785 4748 4782
f 4782 4748 4747
f 4782 4747 4746
f 4753 4843 4754
f 4754 4843 4844
f 4754 4844 4845
f 4846 3668 3667
f 4586 4608 4847
f 3953 3952 3965
f 4848 4849 4850
f 3575 4851 4848
f 4851 3575 3574
f 3523 3522 4852
f 3512 4853 4854
f 4853 3512 3511
f 4855 3511 4856
f 4852 3522 4857
f 3523 4852 3572
f 3572 4852 4858
f 3572 4858 3573
f 4850 3527 4848
f 4848 3527 3526
f 4848 3526 3575
f 4859 3586 4850
f 4850 3586 3585
f 4850 3585 3527
f 3587 4860 3583
f 3583 4860 4861
f 3583 4861 3584
f 3645 3953 3646
f 3646 3953 3965
f 3646 3965 3664
f 3664 3965 3964
f 3664 3964 3665
f 3665 3964 3962
f 4586 4847 4587
f 4587 4862 4597
f 4597 4862 4458
f 4597 4458 4457
f 4863 4845 4862
f 4753 4458 4843
f 4843 4458 4862
f 4843 4862 4844
f 4844 4862 4845
f 3587 3586 4860
f 4860 3586 4859
f 4860 4859 4861
f 4861 4859 4864
f 4849 4848 4865
f 4865 4848 4851
f 4865 4851 4858
f 4858 4851 3574
f 4858 3574 3573
f 4587 4866 4862
f 4862 4866 4867
f 4862 4867 4863
f 4863 4867 4868
f 3511 4855 4853
f 4853 4855 4869
f 4853 4869 4854
f 4587 4847 4866
f 4866 4847 4870
f 4866 4870 4871
f 3522 3512 4857
f 4857 3512 4854
f 4857 4854 4871
f 4871 4854 4869
f 4871 4869 4866
f 4866 4869 4855
f 4866 4855 4867
f 4867 4855 4856
f 4867 4856 4868
f 4864 4846 4861
f 4861 4846 3667
f 4861 3667 3584
f 3584 3667 3665
f 3584 3665 3961
f 3961 3665 3962
f 4872 4873 4874
f 4874 4873 4875
f 3513 3525 4876
f 4876 3525 3524
f 4876 3524 4877
f 4877 3524 3509
f 4877 3509 4878
f 4878 3509 3213
f 4878 3213 4879
f 4879 3213 3212
f 4879 3212 4880
f 4880 3212 3211
f 4880 3211 4874
f 4874 3211 3210
f 4874 3210 4872
f 3511 3510 4856
f 4856 3510 4881
f 4856 4881 4868
f 4868 4881 4882
f 4880 4883 4879
f 4879 4883 4884
f 4879 4884 4878
f 4878 4884 4885
f 4878 4885 4877
f 4877 4885 4882
f 4877 4882 4876
f 4876 4882 4881
f 4876 4881 3513
f 3513 4881 3510
f 4875 4886 4874
f 4874 4886 4887
f 4874 4887 4880
f 4880 4887 4888
f 4880 4888 4883
f 4889 4875 4873
f 3202 4890 3197
f 3197 4890 4889
f 4889 4873 3197
f 3197 4873 4872
f 3197 4872 3210
f 4755 4754 4845
f 4761 4765 4885
f 4763 4762 3202
f 4763 3202 4764
f 4888 4887 4891
f 4885 4884 4891
f 4891 4884 4883
f 4891 4883 4888
f 4887 4886 4891
f 4891 4886 4875
f 4891 4875 4889
f 4885 4891 4761
f 4761 4891 4889
f 4761 4889 4762
f 4762 4889 4890
f 4762 4890 3202
f 4755 4845 4765
f 4765 4845 4863
f 4765 4863 4885
f 4885 4863 4868
f 4885 4868 4882
f 4764 3202 4760
f 4760 3202 3201
f 4760 3201 4756
f 4756 3201 3200
f 4756 3200 4757
f 4757 3200 3199
f 4757 3199 4758
f 4892 4893 4894
f 4895 4896 4897
f 4897 4896 4898
f 4897 4898 4899
f 4900 4901 4902
f 4902 4901 4903
f 4902 4903 4904
f 4903 4899 4904
f 4904 4899 4898
f 4904 4898 4905
f 4905 4898 4896
f 4905 4896 4906
f 4906 4896 4907
f 4894 4893 4908
f 4908 4893 4909
f 4908 4909 4910
f 4910 4909 4155
f 4910 4155 4156
f 4894 4907 4892
f 4892 4907 4896
f 4892 4896 4337
f 4337 4896 4895
f 4337 4895 4340
f 3755 4155 4342
f 4342 4155 4909
f 4342 4909 4372
f 4372 4909 4893
f 4372 4893 4334
f 4334 4893 4892
f 4334 4892 4335
f 4335 4892 4337
f 4911 4912 4913
f 4913 4912 4914
f 4915 4528 4916
f 4916 4528 4529
f 4916 4529 4917
f 4918 4169 4168
f 4919 4918 4920
f 4921 4922 4923
f 4923 4922 4915
f 4923 4915 4924
f 4924 4915 4916
f 4924 4916 4912
f 4912 4916 4917
f 4912 4917 4914
f 4918 4168 4920
f 4920 4168 3834
f 4920 3834 4466
f 4466 4464 4920
f 4920 4464 4922
f 4920 4922 4919
f 4919 4922 4921
f 4464 4463 4922
f 4922 4463 4461
f 4922 4461 4915
f 4915 4461 4460
f 4915 4460 4528
f 4834 4836 4925
f 3716 4926 3691
f 4646 4927 4928
f 4698 4697 4929
f 4629 4628 4695
f 4695 4628 4696
f 4698 4929 4699
f 4930 4931 4932
f 4930 4932 4900
f 4933 4901 4900
f 4931 4934 4932
f 4932 4934 4935
f 4932 4935 4936
f 4936 4937 4932
f 4932 4937 4938
f 4932 4938 4929
f 4929 4938 4939
f 4929 4939 4699
f 4339 4340 4940
f 4940 4340 4895
f 4895 4897 4940
f 4940 4897 4899
f 4940 4899 4903
f 4338 4339 4941
f 4941 4339 4940
f 4941 4940 4933
f 4933 4940 4903
f 4933 4903 4901
f 4646 4928 4645
f 4942 4643 4943
f 4943 4643 4644
f 4943 4644 4944
f 4642 4945 4641
f 4641 4945 4946
f 4641 4946 4640
f 4640 4946 4647
f 4366 4947 4367
f 4367 4947 4948
f 4367 4948 4368
f 4368 4948 4949
f 4368 4949 4369
f 4369 4949 4950
f 4369 4950 4365
f 4365 4950 4951
f 4365 4951 4364
f 4926 3716 4951
f 4951 3716 4363
f 4951 4363 4364
f 4642 4643 4945
f 4945 4643 4942
f 4945 4942 4946
f 4946 4942 4952
f 4946 4952 4647
f 4644 4645 4944
f 4944 4645 4928
f 4944 4928 4943
f 4943 4928 4953
f 4943 4953 4942
f 4942 4953 4954
f 4942 4954 4952
f 4952 4954 4955
f 4952 4955 4647
f 4647 4955 4366
f 4956 4957 4958
f 4956 4959 4960
f 4925 4961 4962
f 4925 4836 4961
f 4961 4836 4838
f 4961 4838 4840
f 4958 4957 4963
f 4963 4957 4964
f 4963 4964 4965
f 4966 4967 4968
f 4968 4967 4969
f 4968 4969 4970
f 4970 4969 4971
f 4970 4971 4972
f 4972 4971 4973
f 4972 4973 4974
f 4974 4973 4975
f 4974 4975 4976
f 4976 4975 4977
f 4976 4977 4978
f 4978 4977 4965
f 4978 4965 4979
f 4979 4965 4964
f 4980 4981 4982
f 4982 4981 4983
f 4982 4983 4984
f 4984 4983 4985
f 4984 4985 4986
f 4986 4985 4987
f 4986 4987 4988
f 4988 4987 4989
f 4988 4989 4990
f 4990 4989 4991
f 4990 4991 4992
f 4993 3703 3702
f 3702 4994 4993
f 4993 4994 4995
f 4993 4995 4996
f 4996 4995 4997
f 4996 4997 4998
f 4998 4997 4999
f 4998 4999 5000
f 4829 4830 4991
f 4991 4830 5000
f 4991 5000 4992
f 4992 5000 4999
f 3715 3714 4966
f 4829 4991 4828
f 4828 4991 4989
f 4828 4989 4826
f 4826 4989 4987
f 4826 4987 4825
f 4825 4987 4985
f 4825 4985 4824
f 4824 4985 4983
f 4824 4983 4840
f 4840 4983 4981
f 4840 4981 4961
f 4961 4981 4980
f 4961 4980 4962
f 4900 4932 4933
f 4933 4932 5001
f 4933 5001 4941
f 4941 5001 5002
f 4941 5002 4338
f 5003 5004 5005
f 4617 5004 4639
f 4639 5004 5003
f 4639 5003 4628
f 4959 5005 4960
f 4960 5005 5004
f 4960 5004 5006
f 5006 5004 4617
f 5006 4617 4616
f 4958 5007 4956
f 4956 5007 5002
f 4956 5002 4959
f 4959 5002 5001
f 4959 5001 5005
f 5005 5001 4932
f 5005 4932 5003
f 5003 4932 4929
f 5003 4929 4628
f 4628 4929 4697
f 4628 4697 4696
f 3705 3703 4833
f 4833 3703 4993
f 4833 4993 4832
f 4832 4993 4996
f 4832 4996 4831
f 4831 4996 4998
f 4831 4998 4820
f 4820 4998 5000
f 4820 5000 4821
f 4821 5000 4830
f 3714 3713 4966
f 4966 3713 3712
f 4966 3712 4967
f 4967 3712 3693
f 4967 3693 3692
f 4646 4338 4927
f 4927 4338 5002
f 4927 5002 4928
f 4928 5002 5007
f 4928 5007 4953
f 4953 5007 4958
f 4953 4958 4954
f 4954 4958 4963
f 4954 4963 4955
f 4955 4963 4965
f 4955 4965 4366
f 4366 4965 4977
f 4366 4977 4947
f 4947 4977 4975
f 4947 4975 4948
f 4948 4975 4973
f 4948 4973 4949
f 4949 4973 4971
f 4949 4971 4950
f 4950 4971 4969
f 4950 4969 4951
f 4951 4969 4967
f 4951 4967 4926
f 4926 4967 3692
f 4926 3692 3691
f 4616 4834 5006
f 5006 4834 4925
f 5006 4925 4960
f 4960 4925 4962
f 4960 4962 4956
f 4956 4962 4980
f 4956 4980 4957
f 4957 4980 4982
f 4957 4982 4964
f 4964 4982 4984
f 4964 4984 4979
f 4979 4984 4986
f 4979 4986 4978
f 4978 4986 4988
f 4978 4988 4976
f 4976 4988 4990
f 4976 4990 4974
f 4974 4990 4992
f 4974 4992 4972
f 4972 4992 4999
f 4972 4999 4970
f 4970 4999 4997
f 4970 4997 4968
f 4968 4997 4995
f 4968 4995 4966
f 4966 4995 4994
f 4966 4994 3715
f 3715 4994 3702
f 5008 5009 5010
f 4912 4911 5011
f 5011 4911 5012
f 5011 5012 5010
f 5010 5012 5013
f 5010 5013 5008
f 4912 5011 4924
f 4924 5011 5014
f 4924 5014 4923
f 4923 5014 5015
f 4923 5015 4921
f 4921 5015 5016
f 4921 5016 4919
f 4919 5016 5017
f 4919 5017 4918
f 4918 5017 5018
f 4918 5018 4169
f 4169 5018 5019
f 4169 5019 4171
f 4171 5019 5020
f 4171 5020 4172
f 4172 5020 5021
f 4172 5021 4166
f 4166 5021 5022
f 4166 5022 4164
f 4164 5022 5023
f 4164 5023 4174
f 4174 5023 4252
f 4252 5023 5024
f 4252 5024 4251
f 4251 5024 5025
f 4251 5025 4249
f 4249 5025 5026
f 4249 5026 4247
f 4247 5026 5027
f 4247 5027 4238
f 4238 5027 5028
f 4238 5028 4241
f 4241 5028 5029
f 4241 5029 4242
f 4242 5029 5030
f 4242 5030 4244
f 4244 5030 5031
f 4244 5031 4245
f 4245 5031 5032
f 4245 5032 4240
f 4240 5032 5033
f 4240 5033 4158
f 4158 5033 4160
f 4160 5033 5034
f 4160 5034 4162
f 4162 5034 5035
f 4162 5035 4163
f 4163 5035 5036
f 4163 5036 4154
f 4154 5036 5037
f 4154 5037 4156
f 4156 5037 5038
f 4156 5038 4910
f 4910 5038 4908
f 4908 5038 5039
f 4908 5039 4894
f 4894 5039 5040
f 4894 5040 4907
f 4907 5040 5041
f 4907 5041 4906
f 4906 5041 5042
f 4906 5042 4905
f 4905 5042 4904
f 4904 5042 5043
f 4904 5043 4902
f 4900 4902 4930
f 4930 4902 5043
f 4930 5043 4931
f 4931 5043 5044
f 4931 5044 5045
f 5045 5044 5046
f 5047 5048 5049
f 5050 5051 5052
f 5050 5052 5009
f 5053 5054 5055
f 5055 5054 5056
f 5009 5052 5010
f 5010 5052 5057
f 5010 5057 5011
f 5011 5057 5058
f 5011 5058 5014
f 5014 5058 5059
f 5014 5059 5015
f 5015 5059 5060
f 5015 5060 5016
f 5016 5060 5061
f 5016 5061 5017
f 5017 5061 5062
f 5017 5062 5018
f 5018 5062 5063
f 5018 5063 5019
f 5019 5063 5064
f 5019 5064 5020
f 5020 5064 5065
f 5020 5065 5021
f 5021 5065 5066
f 5021 5066 5022
f 5022 5066 5067
f 5022 5067 5023
f 5023 5067 5068
f 5023 5068 5024
f 5024 5068 5069
f 5024 5069 5025
f 5025 5069 5070
f 5025 5070 5026
f 5026 5070 5071
f 5026 5071 5027
f 5027 5071 5072
f 5027 5072 5028
f 5028 5072 5073
f 5028 5073 5029
f 5029 5073 5074
f 5029 5074 5030
f 5030 5074 5075
f 5030 5075 5031
f 5031 5075 5076
f 5031 5076 5032
f 5032 5076 5077
f 5032 5077 5033
f 5033 5077 5078
f 5033 5078 5034
f 5034 5078 5079
f 5034 5079 5035
f 5035 5079 5080
f 5035 5080 5036
f 5036 5080 5081
f 5036 5081 5037
f 5037 5081 5082
f 5037 5082 5038
f 5038 5082 5083
f 5038 5083 5039
f 5039 5083 5084
f 5039 5084 5040
f 5040 5084 5085
f 5040 5085 5041
f 5041 5085 5086
f 5041 5086 5042
f 5042 5086 5087
f 5042 5087 5043
f 5043 5087 5055
f 5043 5055 5044
f 5044 5055 5056
f 5044 5056 5046
f 5088 5089 5053
f 5053 5055 5088
f 5088 5055 5087
f 5088 5087 5090
f 5090 5087 5086
f 5090 5086 5091
f 5091 5086 5085
f 5091 5085 5092
f 5092 5085 5084
f 5092 5084 5093
f 5093 5084 5083
f 5093 5083 5094
f 5094 5083 5082
f 5094 5082 5095
f 5095 5082 5081
f 5095 5081 5096
f 5096 5081 5080
f 5096 5080 5097
f 5097 5080 5079
f 5097 5079 5098
f 5098 5079 5078
f 5098 5078 5099
f 5099 5078 5077
f 5099 5077 5100
f 5100 5077 5076
f 5100 5076 5101
f 5101 5076 5075
f 5101 5075 5102
f 5102 5075 5074
f 5102 5074 5103
f 5103 5074 5073
f 5103 5073 5104
f 5104 5073 5072
f 5104 5072 5105
f 5105 5072 5071
f 5105 5071 5106
f 5106 5071 5070
f 5106 5070 5107
f 5107 5070 5069
f 5107 5069 5108
f 5108 5069 5068
f 5108 5068 5109
f 5109 5068 5067
f 5109 5067 5110
f 5110 5067 5066
f 5110 5066 5111
f 5111 5066 5065
f 5111 5065 5112
f 5112 5065 5064
f 5112 5064 5113
f 5113 5064 5063
f 5113 5063 5114
f 5114 5063 5062
f 5114 5062 5115
f 5115 5062 5061
f 5115 5061 5116
f 5116 5061 5060
f 5116 5060 5117
f 5117 5060 5059
f 5117 5059 5118
f 5118 5059 5058
f 5118 5058 5119
f 5119 5058 5057
f 5119 5057 5120
f 5120 5057 5052
f 5120 5052 5049
f 5049 5052 5051
f 5049 5051 5047
f 5090 4659 4658
f 5090 4658 5088
f 5088 4658 5121
f 5088 5121 5089
f 5048 5122 5049
f 5049 5122 4688
f 5049 4688 5120
f 5120 4688 4685
f 5120 4685 5119
f 4539 5111 4538
f 4538 5111 5112
f 4538 5112 4537
f 4537 5112 5113
f 4537 5113 4536
f 4536 5113 5114
f 4536 5114 4535
f 4535 5114 5115
f 4535 5115 4534
f 4534 5115 5116
f 4534 5116 4533
f 4533 5116 5117
f 4533 5117 4532
f 4532 5117 5118
f 4532 5118 4530
f 4530 5118 5119
f 4530 5119 4687
f 4687 5119 4685
f 4550 5099 4549
f 4549 5099 5100
f 4549 5100 4548
f 4548 5100 5101
f 4548 5101 4547
f 4547 5101 5102
f 4547 5102 4546
f 4546 5102 5103
f 4546 5103 4545
f 4545 5103 5104
f 4545 5104 4544
f 4544 5104 5105
f 4544 5105 4543
f 4543 5105 5106
f 4543 5106 4542
f 4542 5106 5107
f 4542 5107 4541
f 4541 5107 5108
f 4541 5108 4540
f 4540 5108 5109
f 4540 5109 4539
f 4539 5109 5110
f 4539 5110 5111
f 4659 5090 4559
f 4559 5090 5091
f 4559 5091 4557
f 4557 5091 5092
f 4557 5092 4555
f 4555 5092 5093
f 4555 5093 4554
f 4554 5093 5094
f 4554 5094 4553
f 4553 5094 5095
f 4553 5095 4552
f 4552 5095 5096
f 4552 5096 4551
f 4551 5096 5097
f 4551 5097 4550
f 4550 5097 5098
f 4550 5098 5099
f 5123 5089 5121
f 5124 5125 5126
f 5126 5125 5127
f 5121 5128 5123
f 5123 5128 5129
f 5123 5129 5130
f 5130 5129 5131
f 5130 5131 5127
f 5127 5131 5132
f 5127 5132 5126
f 5133 5046 5056
f 5134 5135 5136
f 5127 5125 5137
f 5054 5053 5138
f 5139 5140 5136
f 5136 5140 5141
f 5137 5142 5143
f 5143 5142 5144
f 5137 5143 5127
f 5127 5143 5145
f 5127 5145 5130
f 5130 5145 5138
f 5130 5138 5123
f 5123 5138 5053
f 5123 5053 5089
f 5054 5139 5056
f 5056 5139 5136
f 5056 5136 5133
f 5133 5136 5135
f 5134 5136 5146
f 5146 5136 5141
f 5146 5141 5147
f 5054 5138 5139
f 5139 5138 5145
f 5139 5145 5140
f 5140 5145 5143
f 5140 5143 5141
f 5141 5143 5144
f 5141 5144 5147
f 5148 4936 4935
f 4937 4936 5149
f 5149 4936 5148
f 5149 5148 5142
f 5045 5046 5133
f 4931 5045 5150
f 5150 5045 5133
f 5150 5133 5151
f 5133 5135 5151
f 5151 5135 5134
f 5151 5134 5152
f 5134 5146 5152
f 5152 5146 5147
f 5152 5147 5144
f 4931 5150 4934
f 4934 5150 5151
f 4934 5151 4935
f 4935 5151 5152
f 4935 5152 5148
f 5148 5152 5144
f 5148 5144 5142
f 5153 5154 5155
f 5122 5048 5156
f 5156 5048 5157
f 5155 5158 5153
f 5153 5158 5159
f 5153 5159 5160
f 5160 5159 5161
f 5160 5161 5157
f 5157 5161 5162
f 5157 5162 5156
f 5163 5164 5165
f 5166 5160 5157
f 5164 5167 5168
f 5166 5157 5169
f 5169 5157 5048
f 5169 5048 5047
f 5154 5153 5170
f 5051 5050 5171
f 5171 5050 5009
f 5171 5009 5172
f 5051 5171 5173
f 5173 5171 5165
f 5173 5165 5174
f 5174 5165 5164
f 5174 5164 5170
f 5170 5164 5168
f 5170 5168 5154
f 5172 5175 5171
f 5171 5175 5176
f 5171 5176 5165
f 5165 5176 5177
f 5165 5177 5163
f 5153 5160 5170
f 5170 5160 5166
f 5170 5166 5174
f 5174 5166 5169
f 5174 5169 5173
f 5173 5169 5047
f 5173 5047 5051
f 5178 5179 5180
f 5178 5180 5181
f 5181 5180 5182
f 5181 5182 5183
f 5183 5182 5184
f 5183 5184 5185
f 5185 5184 5186
f 5185 5186 5187
f 5172 5009 5186
f 5186 5009 5008
f 5186 5008 5187
f 5187 5008 5013
f 5172 5186 5175
f 5175 5186 5184
f 5175 5184 5176
f 5176 5184 5177
f 5177 5184 5182
f 5177 5182 5163
f 5163 5182 5180
f 5163 5180 5164
f 5164 5180 5179
f 5164 5179 5167
f 5188 5155 5189
f 5189 5155 5154
f 5154 5168 5189
f 5189 5168 5167
f 5189 5167 5190
f 5190 5167 5179
f 5190 5179 5178
f 4525 4523 5191
f 5192 3671 3670
f 5193 5194 5195
f 5196 5197 5198
f 5198 5197 5199
f 5198 5199 5200
f 4914 4917 5201
f 4733 4731 5202
f 5202 4731 4729
f 5202 4729 5189
f 4604 4603 4735
f 4917 4529 5201
f 5201 4529 4527
f 5201 4527 5203
f 5183 5185 5204
f 5204 5185 5187
f 5204 5187 5013
f 5013 5012 5204
f 5204 5012 4911
f 5204 4911 4913
f 5189 5190 5202
f 5202 5190 5178
f 5202 5178 5205
f 5205 5178 5181
f 5206 5207 5208
f 4859 5194 4864
f 4864 5194 5193
f 4864 5193 4846
f 4846 5193 3668
f 5209 5210 5211
f 5211 5210 5212
f 5213 5196 5214
f 5214 5196 5198
f 5214 5198 5215
f 5215 5198 5200
f 5216 5217 5218
f 5218 5217 5219
f 5218 5219 5195
f 5195 5219 5193
f 5193 5219 3633
f 5193 3633 3668
f 5220 5221 5212
f 5212 5210 5220
f 5220 5210 5209
f 5220 5209 5191
f 5191 4523 5220
f 5220 4523 4521
f 5220 4521 5221
f 5221 4521 4519
f 5221 4519 4518
f 5206 5208 5222
f 5222 5208 5223
f 5222 5223 5224
f 5224 5223 5225
f 5224 5225 5226
f 5213 5214 5227
f 5227 5214 5215
f 5227 5215 5228
f 5228 5215 5229
f 5228 5229 5230
f 5230 5229 4467
f 5230 4467 4469
f 5231 4486 4484
f 5199 5232 5200
f 5200 5232 5233
f 5200 5233 5215
f 5215 5233 5231
f 5215 5231 5229
f 5229 5231 4484
f 5229 4484 4467
f 5234 5226 5235
f 5235 5226 5225
f 5235 5225 5236
f 5236 5225 5223
f 5236 5223 5237
f 5237 5223 5208
f 5237 5208 5238
f 5238 5208 5207
f 5238 5207 5239
f 5240 5241 5192
f 5234 5216 5226
f 5226 5216 5218
f 5226 5218 5224
f 5224 5218 5195
f 5224 5195 5222
f 5222 5195 5194
f 5222 5194 5206
f 5206 5194 4859
f 5206 4859 5207
f 5207 4859 4850
f 5207 4850 5239
f 5239 4850 4849
f 5239 4849 4865
f 5242 5240 5243
f 5243 5240 5192
f 5243 5192 5244
f 5244 5192 3670
f 5244 3670 3634
f 5197 5245 5199
f 5199 5245 5211
f 5199 5211 5232
f 5232 5211 5212
f 5232 5212 5233
f 5233 5212 5221
f 5233 5221 5231
f 5231 5221 4518
f 5231 4518 4486
f 4913 4914 5204
f 5204 4914 5201
f 5204 5201 5246
f 5246 5201 5203
f 5246 5203 5247
f 4857 4871 5248
f 5248 4871 5249
f 5248 5249 5250
f 5250 5249 5251
f 4735 4733 4604
f 4604 4733 5202
f 4604 5202 4606
f 4606 5202 5205
f 4606 5205 4607
f 4607 5205 5252
f 4607 5252 4608
f 4608 5252 5251
f 4608 5251 4847
f 4847 5251 5249
f 4847 5249 4870
f 4870 5249 4871
f 4478 4476 5242
f 5242 4476 4474
f 5242 4474 5240
f 5240 4474 4472
f 5240 4472 5241
f 5241 4472 4482
f 5241 4482 4481
f 3671 5192 3672
f 3672 5192 5241
f 3672 5241 3673
f 3673 5241 4481
f 3673 4481 3642
f 5236 4479 5235
f 5235 4479 4478
f 5235 4478 5234
f 5234 4478 5242
f 5234 5242 5216
f 5216 5242 5243
f 5216 5243 5217
f 5217 5243 5244
f 5217 5244 5219
f 5219 5244 3634
f 5219 3634 3633
f 4527 4525 5203
f 5203 4525 5191
f 5203 5191 5247
f 5247 5191 5209
f 5247 5209 5253
f 5253 5209 5211
f 5253 5211 5254
f 5254 5211 5245
f 5254 5245 4852
f 4852 5245 5197
f 4852 5197 4858
f 4858 5197 5196
f 4858 5196 4865
f 4865 5196 5213
f 4865 5213 5239
f 5239 5213 5227
f 5239 5227 5238
f 5238 5227 5228
f 5238 5228 5237
f 5237 5228 5230
f 5237 5230 5236
f 5236 5230 4469
f 5236 4469 4479
f 5181 5183 5205
f 5205 5183 5204
f 5205 5204 5252
f 5252 5204 5246
f 5252 5246 5251
f 5251 5246 5247
f 5251 5247 5250
f 5250 5247 5253
f 5250 5253 5248
f 5248 5253 5254
f 5248 5254 4857
f 4857 5254 4852
f 4728 5255 4729
f 4729 5255 5256
f 4729 5256 5189
f 5189 5256 5257
f 5189 5257 5188
f 5124 5258 5125
f 5125 5258 4939
f 4937 5149 4938
f 4938 5149 5142
f 4938 5142 4939
f 4939 5142 5137
f 4939 5137 5125
f 4693 4699 5259
f 5259 4699 5260
f 5260 4699 5261
f 5261 4699 4939
f 5261 4939 5258
f 2304 2895 3289
f 4803 4788 3092
f 4788 4784 3092
f 3092 4784 4783
f 3092 4783 3097
f 3429 3430 3289
f 3289 3430 3432
f 3289 3432 3434
f 3434 3436 3289
f 3289 3436 3508
f 3289 3508 3507
f 3495 4794 3496
f 3496 4794 3093
f 3093 4794 3092
f 3092 4794 4802
f 3092 4802 4803
f 5262 2304 3289
f 5262 3289 3093
f 3093 3289 3507
f 3093 3507 3496
f 3366 3415 3376
f 3396 3398 3367
f 3367 3366 3396
f 3396 3366 3376
f 3396 3376 3394
f 3394 3376 3375
f 3394 3375 3369
f 3369 3375 3429
f 3369 3429 3347
f 3347 3429 3289
f 3093 3091 5262
f 5262 3091 3089
f 5263 5264 3319
f 3215 3182 3181
f 3215 3216 3293
f 4287 3336 3335
f 4303 4302 5265
f 5265 4302 4301
f 5265 4301 3070
f 3070 4301 4288
f 3070 4288 3083
f 4303 5265 3287
f 3287 5265 5266
f 3287 5266 3288
f 5267 3313 5268
f 5268 3313 3315
f 5268 3315 5269
f 5267 5270 3313
f 3313 5270 5271
f 3313 5271 4271
f 4271 5271 4272
f 3187 4275 3186
f 3186 4275 4274
f 5271 5272 4272
f 4272 5272 5273
f 4272 5273 4274
f 4274 5273 5274
f 4274 5274 3186
f 3182 3215 3183
f 3183 3215 3185
f 3185 3215 3293
f 3185 3293 3184
f 3184 3293 3296
f 3184 3296 3187
f 3187 3296 3298
f 3187 3298 4275
f 5275 5276 3317
f 3317 5276 5277
f 3317 5277 3315
f 3315 5277 5278
f 3315 5278 5269
f 5264 5279 3319
f 3319 5279 5280
f 3319 5280 3317
f 3317 5280 5281
f 3317 5281 5275
f 5263 3319 5282
f 5282 3319 3328
f 5282 3328 5283
f 3327 5284 5285
f 5285 5286 3327
f 3327 5286 5287
f 3327 5287 3328
f 3328 5287 5288
f 3328 5288 5283
f 5289 5290 3331
f 3331 5290 5291
f 3331 5291 3327
f 3327 5291 5292
f 3327 5292 5284
f 5289 3331 5293
f 5293 3331 3330
f 5293 3330 5294
f 5295 3330 5296
f 5296 3330 3329
f 5295 5297 3330
f 3330 5297 5298
f 3330 5298 5294
f 5299 3329 5300
f 5300 3329 3309
f 5299 5301 3329
f 3329 5301 5302
f 3329 5302 5296
f 5266 5303 3288
f 3288 5303 5304
f 3288 5304 3308
f 3308 5304 5305
f 3308 5305 5306
f 5306 5307 3308
f 3308 5307 5308
f 3308 5308 3309
f 3309 5308 5309
f 3309 5309 5300
f 3333 2904 2307
f 4288 4287 3083
f 3083 4287 3335
f 3083 3335 3078
f 3078 3335 3333
f 3078 3333 3089
f 3089 3333 2307
f 2304 5262 3089
f 2304 3089 2306
f 2306 3089 2307
f 4655 2951 2962
f 2372 2379 4661
f 4655 2962 4653
f 4653 2962 2961
f 4653 2961 4651
f 4651 2961 3005
f 4651 3005 4657
f 2951 4655 2379
f 2379 4655 4664
f 2379 4664 4661
f 4661 3276 2372
f 2372 3276 3270
f 2372 3270 2374
f 2374 3270 3120
f 2374 3120 3028
f 3028 3120 3119
f 3028 3119 3128
f 3128 3126 3028
f 3028 3126 3124
f 3028 3124 3029
f 3029 3124 3122
f 3029 3122 3121
f 5121 4658 4657
f 4657 3005 3004
f 3015 3014 4693
f 3015 4693 3013
f 3013 4693 3012
f 3012 4693 5259
f 3012 5259 5260
f 5260 5261 3012
f 3012 5261 5258
f 3012 5258 3011
f 3011 5258 5124
f 3011 5124 3007
f 3004 3003 4657
f 4657 3003 3002
f 4657 3002 5121
f 5121 3002 3006
f 5121 3006 5128
f 5128 3006 3001
f 5124 5126 3007
f 3007 5126 5132
f 3007 5132 3008
f 3008 5132 5131
f 3008 5131 3009
f 3009 5131 5129
f 3009 5129 3010
f 3010 5129 5128
f 3010 5128 3000
f 3000 5128 3001
f 4411 4412 4405
f 4633 4385 4400
f 4564 4445 4444
f 4444 5310 4564
f 4564 5310 1012
f 4564 1012 4566
f 4566 1012 1011
f 4566 1011 4567
f 4567 1011 3019
f 4567 3019 4635
f 4635 3019 3018
f 4635 3018 3017
f 5311 5312 4418
f 5311 4418 3020
f 4633 4635 4385
f 4385 4635 3017
f 4385 3017 4383
f 4383 3017 3020
f 4383 3020 4381
f 4381 3020 4418
f 4405 4412 4406
f 4406 4412 4420
f 4406 4420 5312
f 5312 4420 4419
f 5312 4419 4418
f 4411 4405 4409
f 4409 4405 4404
f 4409 4404 4407
f 4442 4589 4455
f 5313 5314 4594
f 4594 5314 5315
f 4594 5315 4591
f 4591 5315 3033
f 4591 3033 4592
f 4589 4442 4594
f 4594 4442 5313
f 5313 4442 4440
f 5313 4440 5316
f 5317 5318 4425
f 4425 5318 5319
f 4425 5319 4427
f 4427 5319 5316
f 4427 5316 4429
f 4429 5316 4440
f 4389 4388 4436
f 4436 4388 5317
f 4436 5317 4423
f 4423 5317 4425
f 4393 4390 4438
f 4438 4390 4389
f 4438 4389 4435
f 4435 4389 4436
f 4592 3033 4775
f 4775 3033 3016
f 4775 3016 1030
f 1030 1008 4775
f 4775 1008 5320
f 4775 5320 4774
f 4774 5320 4447
f 4774 4447 4446
f 3173 3164 4767
f 3102 3101 3121
f 3030 3029 3121
f 3030 3121 3027
f 3193 3192 3191
f 3193 3191 3194
f 3194 3191 3195
f 3195 3191 3085
f 3195 3085 3196
f 3192 3066 3191
f 3191 3066 3067
f 3191 3067 3190
f 3190 3067 3123
f 3067 4257 3123
f 3123 4257 4256
f 3123 4256 4255
f 3102 3121 3103
f 4255 4254 3123
f 3123 4254 4253
f 3123 4253 3121
f 3121 4253 3104
f 3121 3104 3103
f 4401 4406 3025
f 3099 3098 4401
f 3099 4401 3100
f 3100 4401 3101
f 3101 4401 3025
f 3101 3025 3121
f 3121 3025 3026
f 3121 3026 3027
f 3022 3023 4406
f 4406 3023 3024
f 4406 3024 3025
f 4406 5312 3022
f 3022 5312 5311
f 3022 5311 3021
f 3021 5311 3020
f 4782 4746 4783
f 4783 4746 4752
f 4783 4752 4751
f 3098 3097 4401
f 4401 3097 4783
f 4401 4783 4750
f 4750 4783 4751
f 3127 5303 5266
f 5265 3070 3069
f 5266 5265 3127
f 3127 5265 3069
f 3127 3069 3125
f 3125 3069 3188
f 3125 3188 3123
f 3123 3188 3189
f 3123 3189 3190
f 3129 3130 5307
f 5307 5306 3129
f 3129 5306 5305
f 3129 5305 3127
f 3127 5305 5304
f 3127 5304 5303
f 3117 3116 5299
f 5299 5300 3117
f 3117 5300 5309
f 3117 5309 3130
f 3130 5309 5308
f 3130 5308 5307
f 3159 3152 5295
f 5295 5296 3159
f 3159 5296 5302
f 3159 5302 3116
f 3116 5302 5301
f 3116 5301 5299
f 3154 5298 3152
f 3152 5298 5297
f 3152 5297 5295
f 3149 5290 3147
f 3147 5290 5289
f 3147 5289 3145
f 3145 5289 5293
f 3145 5293 3154
f 3154 5293 5294
f 3154 5294 5298
f 3140 3142 5285
f 5285 5284 3140
f 3140 5284 5292
f 3140 5292 3149
f 3149 5292 5291
f 3149 5291 5290
f 3131 3133 5283
f 5283 5288 3131
f 3131 5288 5287
f 3131 5287 3142
f 3142 5287 5286
f 3142 5286 5285
f 3135 3137 5279
f 5279 5264 3135
f 3135 5264 5263
f 3135 5263 3133
f 3133 5263 5282
f 3133 5282 5283
f 3108 3110 5276
f 5276 5275 3108
f 3108 5275 5281
f 3108 5281 3137
f 3137 5281 5280
f 3137 5280 5279
f 3112 3114 5268
f 5268 5269 3112
f 3112 5269 5278
f 3112 5278 3110
f 3110 5278 5277
f 3110 5277 5276
f 3115 5270 3114
f 3114 5270 5267
f 3114 5267 5268
f 5274 5273 3107
f 3107 5273 5272
f 3107 5272 3115
f 3115 5272 5271
f 3115 5271 5270
f 3186 5274 3165
f 3165 5274 3107
f 3165 3107 3164
f 3164 3107 3106
f 4688 5122 4671
f 4671 5122 5156
f 4671 5156 3106
f 3106 5156 3164
f 3164 5156 5162
f 3164 5162 5161
f 5257 5256 5255
f 5161 5159 3164
f 3164 5159 5158
f 3164 5158 5155
f 1026 1575 4737
f 1576 4732 4734
f 1576 4734 1575
f 1575 4734 4736
f 1575 4736 4737
f 4388 3061 3062
f 3062 3063 4388
f 4388 3063 3038
f 4388 3038 5317
f 3061 3164 4728
f 4728 3164 5155
f 4728 5155 5255
f 5255 5155 5188
f 5255 5188 5257
f 4732 1576 4730
f 4730 1576 3058
f 4730 3058 4728
f 4728 3058 3057
f 4728 3057 3061
f 4767 3164 4768
f 3061 4388 3164
f 3164 4388 4387
f 3164 4387 4768
f 3180 3179 4766
f 4766 3179 3177
f 4766 3177 4767
f 4767 3177 3175
f 4767 3175 3173
f 4758 3199 4759
f 4759 3199 3198
f 4759 3198 4766
f 3198 3166 3168
f 3198 3168 4766
f 4766 3168 3170
f 4766 3170 3180
f 5313 5316 3032
f 3038 3037 5317
f 5317 3037 3031
f 5317 3031 5318
f 5318 3031 3032
f 5318 3032 5319
f 5319 3032 5316
f 3032 3036 5313
f 5313 3036 3035
f 5313 3035 5314
f 5314 3035 3034
f 5314 3034 5315
f 5315 3034 3033
f 4738 1029 4737
f 4737 1029 1027
f 4737 1027 1026
f 4738 4727 1029
f 1029 4727 4726
f 1029 4726 4725
f 4724 1039 4725
f 4725 1039 1040
f 4725 1040 1029
f 4723 5320 4724
f 4724 5320 1008
f 4724 1008 1039
f 4718 4449 4720
f 4720 4449 4447
f 4720 4447 4721
f 4721 4447 5320
f 4721 5320 4722
f 4722 5320 4723
f 4718 4717 4449
f 4449 4717 4716
f 4449 4716 4452
f 4452 4716 4715
f 4452 4715 4713
f 4710 4443 4711
f 4711 4443 4452
f 4711 4452 4712
f 4712 4452 4713
f 4691 4690 5310
f 4691 5310 4708
f 4710 4709 4443
f 4443 4709 4705
f 4443 4705 4444
f 4444 4705 4706
f 4444 4706 5310
f 5310 4706 4707
f 5310 4707 4708
f 1012 5310 1036
f 1036 5310 4690
f 1036 4690 1021
f 1021 4690 4704
f 1021 4704 1022
f 4692 3050 3049
f 4701 4700 3049
f 3049 4700 4694
f 3049 4694 4692
f 4704 4703 1022
f 1022 4703 4702
f 1022 4702 1024
f 1024 4702 4701
f 1024 4701 1025
f 1025 4701 3049

