v -0.00750000 0.00910189 0.01232898
v -0.00750000 0.00859997 0.01232898
v -0.00747721 0.00915554 0.01190258
v -0.00719552 0.00859997 0.01079825
v -0.00632843 0.00982511 0.00950055
v -0.00686588 0.01032219 0.01016777
v -0.00695777 0.00859997 0.01031805
v -0.00719552 0.00974816 0.01079824
v -0.00741325 0.00930093 0.01150043
v -0.00501719 0.01339729 0.00862788
v -0.00561781 0.01303337 0.00893562
v -0.00503073 0.01136258 0.00863346
v -0.00589222 0.01284093 0.00912316
v -0.00556900 0.01082363 0.00890564
v -0.00618652 0.01135650 0.00936543
v -0.00604022 0.01024592 0.00923912
v -0.00631846 0.01111647 0.00949062
v -0.00644573 0.01093139 0.00962293
v -0.00641939 0.01241464 0.00959454
v -0.00686153 0.01198459 0.01016101
v -0.00465018 0.01168443 0.00849791
v -0.00409531 0.01208324 0.00837353
v -0.00436970 0.01371597 0.00842467
v -0.00350000 0.01243330 0.00832898
v -0.00409421 0.01383170 0.00837336
v -0.00350000 0.01404568 0.00832898
v -0.00099909 0.01323321 0.00832898
v -0.00193202 0.01442314 0.00832898
v -0.00180286 0.01308014 0.00832898
v -0.00233662 0.01434875 0.00832898
v -0.00292636 0.01270559 0.00832898
v -0.00000000 0.01330005 0.00832898
v -0.00039324 0.01457392 0.00832898
v -0.00112758 0.01452735 0.00832898
v 0.00350000 0.01243330 0.00832898
v 0.00350000 0.01404568 0.00832898
v 0.00292635 0.01270559 0.00832898
v 0.00315271 0.01415075 0.00832898
v 0.00180286 0.01308014 0.00832898
v 0.00200304 0.01441118 0.00832898
v 0.00099909 0.01323321 0.00832898
v 0.00081923 0.01455244 0.00832898
v 0.00000000 0.01458033 0.00832898
v 0.00419138 0.01379214 0.00838918
v 0.00409421 0.01208396 0.00837336
v 0.00503182 0.01338926 0.00863391
v 0.00494276 0.01343752 0.00859824
v 0.00485462 0.01348390 0.00856534
v 0.00618652 0.01135650 0.00936543
v 0.00556930 0.01082329 0.00890583
v 0.00631846 0.01111647 0.00949062
v 0.00603567 0.01025210 0.00923538
v 0.00632843 0.00982511 0.00950055
v 0.00464590 0.01168780 0.00849663
v 0.00504160 0.01135273 0.00863798
v 0.00557542 0.01306152 0.00890953
v 0.00602495 0.01274107 0.00922662
v 0.00653633 0.01230824 0.00972500
v 0.00686153 0.01198459 0.01016101
v 0.00750000 0.00859997 0.01232898
v 0.00750000 0.00910188 0.01232898
v 0.00719552 0.00859997 0.01079825
v 0.00747704 0.00915594 0.01190099
v 0.00741323 0.00930098 0.01150032
v 0.00719552 0.00974816 0.01079825
v 0.00695777 0.00859997 0.01031805
v 0.00686534 0.01032304 0.01016693
v 0.00644573 0.01093139 0.00962294
v 0.00695781 0.00859997 0.02661763
v 0.00695782 0.00859998 0.03133981
v 0.00720758 0.00859997 0.03083027
v 0.00750000 0.00859997 0.02932898
v 0.00618652 0.01135650 0.03229253
v 0.00563689 0.01167672 0.03271035
v 0.00653066 0.01167672 0.03193956
v 0.00540972 0.01162213 0.03284365
v 0.00637307 0.00975419 0.03211205
v 0.00687387 0.01030943 0.03147770
v 0.00720758 0.00972504 0.03083027
v 0.00741692 0.00929278 0.03014000
v 0.00747821 0.00915319 0.02974589
v 0.00750000 0.00910188 0.02932898
v 0.00561941 0.01076732 0.03272134
v 0.00514363 0.01125852 0.03297570
v 0.00523215 0.01147029 0.03293448
v 0.00604045 0.01024577 0.03241866
v 0.00636500 0.01104459 0.03212035
v 0.00644573 0.01093139 0.03203502
v 0.00514363 0.01125852 0.03361761
v 0.00514363 0.01125853 0.03608055
v 0.00525294 0.01149700 0.03596022
v 0.00544435 0.01163816 0.03589134
v 0.00563689 0.01167672 0.03587282
v 0.00567198 0.01070723 0.03637806
v 0.00625161 0.01146770 0.03597474
v 0.00600241 0.01167672 0.03587282
v 0.00648873 0.01124982 0.03608504
v 0.00594805 0.01036868 0.03657451
v 0.00745245 0.01008736 0.03674739
v 0.00657342 0.00941135 0.03718980
v 0.00784383 0.00942325 0.03718240
v 0.00682658 0.00890634 0.03755233
v 0.00811634 0.00884606 0.03759783
v 0.00705036 0.00835805 0.03797838
v 0.00852684 0.00762249 0.03860952
v 0.00734264 0.00732855 0.03888223
v 0.00859566 0.00732855 0.03888222
v 0.00741969 0.00689489 0.03919501
v 0.00891336 0.00694174 0.03916913
v 0.00742361 0.00686795 0.03920916
v 0.00743666 0.00677291 0.03925516
v 0.00901997 0.00677504 0.03925421
v 0.00748385 0.00629217 0.03940406
v 0.00749850 0.00565011 0.03941120
v 0.00925367 0.00609426 0.03942839
v 0.00749215 0.00614325 0.03942431
v 0.00924429 0.00616811 0.03942173
v 0.00912654 0.00656714 0.03933516
v 0.00744553 0.00459770 0.03890686
v 0.00934685 0.00482705 0.03908587
v 0.00748390 0.00500879 0.03919426
v 0.00934233 0.00497141 0.03917401
v 0.00749236 0.00516150 0.03926713
v 0.00931655 0.00544881 0.03936596
v 0.00930501 0.00559745 0.03939934
v 0.00742614 0.00444998 0.03875718
v 0.00882377 0.00444998 0.03875717
v 0.00935180 0.00444998 0.03875718
v 0.00726374 0.00144763 -0.00136071
v 0.00688336 0.00062248 -0.00169257
v 0.00686194 0.00145100 -0.00037671
v 0.00765268 0.00235479 -0.00123958
v 0.00683823 0.00241962 0.00092898
v 0.00801034 0.00327542 -0.00135497
v 0.00735172 0.00401599 0.00092898
v 0.00833373 0.00415388 -0.00170790
v 0.00740022 0.00428066 0.00092898
v 0.00837094 0.00440891 -0.00170790
v 0.00844174 0.00551003 -0.00170790
v 0.00747883 0.00606302 0.00092898
v 0.00839607 0.00637691 -0.00170790
v 0.00616157 0.01007610 0.00043892
v 0.00588885 0.01044451 0.00039864
v 0.00590155 0.01049729 0.00027620
v 0.00594544 0.01072255 -0.00022884
v 0.00595616 0.01081138 -0.00041615
v 0.00677710 0.01053325 -0.00170790
v 0.00594785 0.01116897 -0.00107770
v 0.00669371 0.01064364 -0.00170790
v 0.00586426 0.01145232 -0.00146735
v 0.00596566 0.01147274 -0.00170790
v 0.00581069 0.01156501 -0.00158915
v 0.00573063 0.01169860 -0.00170790
v 0.00708516 0.00825977 0.00063866
v 0.00690063 0.00873791 0.00058590
v 0.00779626 0.00873746 -0.00170790
v 0.00730741 0.00972665 -0.00170790
v 0.00745942 0.00627908 0.00092898
v 0.00741101 0.00665188 0.00092898
v 0.00743889 0.00675548 0.00080551
v 0.00786607 0.00856395 -0.00170790
v 0.00815192 0.00769295 -0.00170790
v 0.00836831 0.00661098 -0.00170790
v 0.00528357 0.01112300 0.00578349
v 0.00527076 0.01113589 0.00589999
v 0.00537361 0.01113834 0.00494135
v 0.00545437 0.01114351 0.00417107
v 0.00545575 0.01112028 0.00417381
v 0.00586852 0.01058835 0.00065991
v 0.00580486 0.01112514 0.00065543
v 0.00592883 0.01089540 -0.00021526
v 0.00564552 0.01115238 0.00227010
v 0.00566230 0.01113445 0.00212374
v 0.00563441 0.01108827 0.00246603
v 0.00566848 0.01112062 0.00208258
v 0.00573864 0.01113093 0.00133316
v 0.00576449 0.01113387 0.00105793
v 0.00577136 0.01115703 0.00093554
v 0.00577533 0.01115880 0.00089024
v 0.00579765 0.01116068 0.00065069
v 0.00590689 0.01116652 -0.00058718
v 0.00560262 0.01114960 0.00270095
v 0.00556658 0.01082627 0.00329430
v 0.00554747 0.01084736 0.00345636
v 0.00533472 0.01107173 0.00531745
v 0.00578363 0.01057491 0.00150032
v 0.00576254 0.01060033 0.00168035
v 0.00504359 0.01135092 0.00668799
v 0.00510201 0.01148577 0.00658516
v 0.00514385 0.01125814 0.00647135
v 0.00386473 0.01243970 0.00768947
v 0.00422381 0.01226850 0.00753821
v 0.00421423 0.01207743 0.00753415
v 0.00525696 0.01114927 0.00602552
v 0.00520319 0.01120160 0.00629692
v 0.00524533 0.01122749 0.00610521
v 0.00452664 0.01177997 0.00731514
v 0.00483271 0.01176012 0.00702625
v 0.00486330 0.01150954 0.00696534
v 0.00492236 0.01180948 0.00690918
v 0.00497698 0.01174945 0.00682486
v 0.00514903 0.01149970 0.00647012
v 0.00512954 0.01153527 0.00652088
v 0.00440881 0.01217847 0.00742432
v 0.00452516 0.01211698 0.00733803
v 0.00434611 0.01191244 0.00744816
v 0.00453089 0.01211369 0.00733343
v 0.00473223 0.01197953 0.00714639
v 0.00482932 0.01189922 0.00703458
v 0.00388702 0.01221418 0.00767143
v 0.00365010 0.01235190 0.00773650
v 0.00358984 0.01256656 0.00775375
v 0.00327224 0.01270721 0.00777898
v 0.00314242 0.01260998 0.00777634
v 0.00302506 0.01281440 0.00777898
v 0.00262888 0.01282422 0.00777546
v 0.00204604 0.01314625 0.00777898
v 0.00215954 0.01298242 0.00777514
v 0.00168833 0.01310755 0.00777527
v 0.00103213 0.01334768 0.00777898
v 0.00071117 0.01326626 0.00777609
v 0.00028338 0.01341019 0.00777898
v 0.00015749 0.01329840 0.00777656
v 0.00000061 0.01341526 0.00777898
v 0.00000000 0.01330005 0.00777669
v -0.00103092 0.01334784 0.00777898
v -0.00082510 0.01325453 0.00777710
v -0.00180025 0.01308078 0.00777704
v -0.00204486 0.01314656 0.00777898
v -0.00215954 0.01298242 0.00777692
v -0.00244036 0.01289192 0.00777685
v -0.00302393 0.01281487 0.00777898
v -0.00304046 0.01265611 0.00777669
v -0.00327225 0.01270721 0.00777898
v -0.00333011 0.01252019 0.00777437
v -0.00386725 0.01243854 0.00768867
v -0.00368677 0.01233134 0.00772964
v -0.00408831 0.01233374 0.00760511
v -0.00471904 0.01198921 0.00715988
v -0.00440896 0.01217847 0.00742452
v -0.00444894 0.01213489 0.00739609
v -0.00417024 0.01203623 0.00755192
v -0.00515831 0.01124447 0.00640932
v -0.00503492 0.01167806 0.00672399
v -0.00497299 0.01157226 0.00681848
v -0.00525652 0.01114963 0.00602756
v -0.00524542 0.01122749 0.00610523
v -0.00514302 0.01151099 0.00648624
v -0.00402270 0.01212997 0.00762233
v -0.00413898 0.01205455 0.00756790
v -0.00436136 0.01190157 0.00743555
v -0.00448110 0.01181418 0.00734697
v -0.00484224 0.01152741 0.00697644
v -0.00493651 0.01144636 0.00684371
v 0.00414083 0.01205333 0.00756537
v 0.00552365 0.01158528 0.00236466
v 0.00523996 0.01157863 0.00563607
v 0.00524612 0.01123298 0.00609942
v 0.00518175 0.01183661 0.00533283
v 0.00513542 0.01196297 0.00519815
v 0.00541601 0.01179999 0.00251282
v 0.00509490 0.01205105 0.00511048
v 0.00543039 0.01179999 0.00230894
v 0.00494652 0.01229139 0.00489920
v 0.00511994 0.01222805 0.00249725
v 0.00472206 0.01253753 0.00473448
v 0.00490344 0.01243340 0.00256127
v 0.00443975 0.01274833 0.00465484
v 0.00473631 0.01255801 0.00257943
v 0.00478412 0.01252465 0.00257702
v -0.00309827 -0.00361521 0.04162899
v -0.00208634 -0.00389859 0.04162898
v -0.00206446 -0.00380001 0.04182898
v -0.00103855 -0.00396962 0.04182898
v -0.00104956 -0.00406999 0.04162898
v -0.00000026 -0.00402640 0.04182898
v -0.00000027 -0.00412738 0.04162898
v 0.00103802 -0.00396967 0.04182899
v 0.00104902 -0.00407005 0.04162898
v 0.00206394 -0.00380013 0.04182899
v 0.00208582 -0.00389871 0.04162898
v 0.00306527 -0.00351977 0.04182898
v 0.00568399 -0.00227036 0.04162899
v 0.00483682 -0.00272605 0.04178154
v 0.00499930 -0.00272759 0.04162898
v 0.00395428 -0.00316694 0.04182898
v 0.00407279 -0.00322345 0.04162897
v 0.00309776 -0.00361538 0.04162898
v -0.00306577 -0.00351960 0.04182898
v -0.00395428 -0.00316694 0.04182898
v -0.00407328 -0.00322323 0.04162898
v -0.00483859 -0.00272926 0.04178401
v -0.00499976 -0.00272731 0.04162899
v -0.00511628 -0.00258094 0.04174721
v -0.00568399 -0.00227036 0.04162898
v 0.00687269 0.00058172 -0.00173337
v 0.00687648 0.00059704 -0.00171772
v 0.00697932 0.00061234 -0.00183935
v 0.00686818 0.00056197 -0.00175427
v 0.00691412 0.00057744 -0.00180558
v 0.00699987 0.00059314 -0.00187447
v 0.00711003 0.00059805 -0.00193052
v 0.00679193 0.00133735 -0.00029686
v 0.00679576 0.00046688 -0.00165060
v 0.00681333 0.00236493 0.00093809
v 0.00676755 0.00121165 -0.00020853
v 0.00676756 0.00215593 0.00101559
v 0.00676756 0.00035024 -0.00152441
v 0.00544766 0.00011540 0.00509807
v 0.00501631 -0.00033679 0.00507139
v 0.00494194 -0.00026146 0.00518080
v 0.00549896 0.00040009 0.00543904
v 0.00558766 0.00049737 0.00541850
v 0.00578862 0.00070833 0.00523597
v 0.00631529 0.00145464 0.00501347
v 0.00454436 -0.00059245 0.00509051
v 0.00444549 -0.00063659 0.00509955
v 0.00439502 -0.00061129 0.00519981
v 0.00418589 -0.00075835 0.00512004
v 0.00405875 -0.00082246 0.00512703
v 0.00381821 -0.00095536 0.00513185
v 0.00473845 -0.00031275 0.00545078
v 0.00505384 -0.00037376 0.00503642
v 0.00524197 -0.00029221 0.00501522
v 0.00546096 -0.00004232 0.00502216
v 0.00489613 -0.00044117 0.00505419
v 0.00489084 -0.00021654 0.00531703
v 0.00649195 0.00174431 0.00480149
v 0.00666258 0.00205615 0.00448640
v 0.00669168 0.00207988 0.00424843
v 0.00668922 0.00197976 0.00418295
v 0.00663351 0.00185208 0.00432609
v 0.00646983 0.00165588 0.00467215
v 0.00584183 0.00060218 0.00503186
v 0.00580454 0.00066216 0.00512753
v 0.00610386 0.00084605 0.00487198
v 0.00616800 0.00116338 0.00495433
v 0.00622496 0.00104838 0.00480273
v 0.00656573 0.00170276 0.00445155
v 0.00536046 0.00022769 0.00532805
v 0.00674349 0.00210661 0.00395507
v 0.00677913 0.00226291 0.00365605
v 0.00676756 0.00215593 0.00365605
v 0.00667906 0.00208825 0.00444455
v 0.00672154 0.00217263 0.00431788
v 0.00679570 0.00232659 0.00395159
v 0.00681333 0.00236493 0.00365605
v 0.00808815 0.00217882 -0.00157137
v 0.00767495 0.00134097 -0.00167735
v 0.00754882 0.00138995 -0.00164494
v 0.00748760 0.00098653 -0.00178772
v 0.00726756 0.00058146 -0.00196773
v 0.00743246 0.00142573 -0.00157761
v 0.00733499 0.00144542 -0.00148028
v 0.00807464 0.00321824 -0.00149184
v 0.00879858 0.00384395 -0.00198114
v 0.00831372 0.00308928 -0.00165913
v 0.00864147 0.00390056 -0.00197926
v 0.00817921 0.00315396 -0.00159704
v 0.00850185 0.00397682 -0.00192883
v 0.00839555 0.00406453 -0.00183471
v 0.00846388 0.00303075 -0.00167233
v 0.00794864 0.00223572 -0.00154749
v 0.00782207 0.00228700 -0.00147963
v 0.00772041 0.00232792 -0.00137359
v -0.00676755 0.00215593 0.00365605
v -0.00676755 0.00215593 0.00101559
v -0.00677913 0.00226291 0.00365605
v -0.00681333 0.00236493 0.00093809
v -0.00681333 0.00236493 0.00365605
v -0.00681464 0.00049926 -0.00168511
v -0.00686818 0.00056197 -0.00175428
v -0.00687282 0.00058228 -0.00173281
v -0.00683823 0.00241962 0.00092898
v -0.00686194 0.00145096 -0.00037679
v -0.00679193 0.00133731 -0.00029694
v -0.00688336 0.00062247 -0.00169257
v -0.00687648 0.00059704 -0.00171772
v -0.00676755 0.00121161 -0.00020862
v -0.00676755 0.00035024 -0.00152441
v -0.00669110 0.00207802 0.00424707
v -0.00550172 0.00040267 0.00543788
v -0.00496313 -0.00012391 0.00547371
v -0.00536033 0.00022689 0.00532729
v -0.00602773 0.00072548 0.00490630
v -0.00622422 0.00104579 0.00480115
v -0.00616714 0.00116091 0.00495259
v -0.00494155 -0.00026313 0.00517982
v -0.00489045 -0.00021817 0.00531601
v -0.00455732 -0.00058762 0.00508873
v -0.00439483 -0.00061205 0.00519936
v -0.00451877 -0.00060461 0.00509237
v -0.00419167 -0.00075580 0.00511946
v -0.00408589 -0.00078916 0.00526231
v -0.00381820 -0.00095536 0.00513185
v -0.00579480 0.00073848 0.00535044
v -0.00434711 -0.00061144 0.00535872
v -0.00490424 -0.00043916 0.00505239
v -0.00501596 -0.00033849 0.00507044
v -0.00544754 0.00011456 0.00509736
v -0.00578864 0.00070837 0.00523550
v -0.00580456 0.00066219 0.00512707
v -0.00584186 0.00060222 0.00503141
v -0.00646964 0.00165523 0.00467144
v -0.00651153 0.00158849 0.00453129
v -0.00672431 0.00206110 0.00405079
v -0.00676626 0.00215581 0.00372532
v -0.00636007 0.00152405 0.00496358
v -0.00653217 0.00181463 0.00474023
v -0.00668930 0.00210782 0.00441432
v -0.00675958 0.00224990 0.00416445
v -0.00505265 -0.00037584 0.00503558
v -0.00524197 -0.00029221 0.00501522
v -0.00589842 0.00053208 0.00495361
v 0.00516305 -0.00229210 0.00432522
v 0.00508379 -0.00437064 0.00348166
v 0.00507809 -0.00454275 0.00340798
v 0.00417779 -0.00512068 0.00329148
v 0.00317544 -0.00129462 0.00513512
v 0.00512768 -0.00317670 0.00397870
v 0.00203172 -0.00171959 0.00514629
v 0.00508957 -0.00419811 0.00355493
v 0.00319569 -0.00558769 0.00319734
v 0.00102055 -0.00193027 0.00515542
v 0.00216045 -0.00592693 0.00312895
v 0.00108928 -0.00613275 0.00308746
v 0.00000000 -0.00200003 0.00515906
v 0.00000000 -0.00620174 0.00307355
v -0.00108928 -0.00613275 0.00308746
v -0.00102055 -0.00193027 0.00515542
v -0.00417779 -0.00512068 0.00329148
v -0.00207154 -0.00170827 0.00514587
v -0.00319569 -0.00558769 0.00319734
v -0.00216044 -0.00592693 0.00312895
v -0.00507809 -0.00454275 0.00340798
v -0.00508957 -0.00419811 0.00355493
v -0.00317544 -0.00129462 0.00513511
v -0.00512527 -0.00323847 0.00395372
v -0.00519492 -0.00150259 0.00461425
v -0.00596024 0.01079595 -0.00039597
v -0.00587412 0.01046313 0.00039661
v -0.00616157 0.01007610 0.00043893
v -0.00839607 0.00637691 -0.00170790
v -0.00836831 0.00661098 -0.00170790
v -0.00743889 0.00675548 0.00080551
v -0.00815193 0.00769295 -0.00170789
v -0.00708516 0.00825977 0.00063866
v -0.00786607 0.00856395 -0.00170790
v -0.00690063 0.00873791 0.00058590
v -0.00596566 0.01147274 -0.00170789
v -0.00573063 0.01169859 -0.00170790
v -0.00581238 0.01156181 -0.00158595
v -0.00669371 0.01064363 -0.00170790
v -0.00594756 0.01116884 -0.00107698
v -0.00677710 0.01053325 -0.00170790
v -0.00590749 0.01133470 -0.00131986
v -0.00587484 0.01142648 -0.00143672
v -0.00730741 0.00972665 -0.00170790
v -0.00779626 0.00873746 -0.00170790
v -0.00833373 0.00415388 -0.00170790
v -0.00837094 0.00440891 -0.00170790
v -0.00740022 0.00428066 0.00092898
v -0.00844174 0.00551003 -0.00170789
v -0.00747884 0.00606302 0.00092898
v -0.00745942 0.00627908 0.00092898
v -0.00741101 0.00665188 0.00092898
v -0.00801034 0.00327542 -0.00135498
v -0.00735172 0.00401599 0.00092898
v -0.00765266 0.00235476 -0.00123959
v -0.00726373 0.00144761 -0.00136071
v -0.00694403 0.00061082 -0.00180462
v -0.00733499 0.00144540 -0.00148028
v -0.00839553 0.00406452 -0.00183475
v -0.00807464 0.00321823 -0.00149185
v -0.00850180 0.00397679 -0.00192891
v -0.00817921 0.00315396 -0.00159704
v -0.00772040 0.00232790 -0.00137360
v -0.00703622 0.00060954 -0.00188547
v -0.00711002 0.00059805 -0.00193052
v -0.00743245 0.00142571 -0.00157762
v -0.00754881 0.00138993 -0.00164495
v -0.00794862 0.00223569 -0.00154749
v -0.00782206 0.00228697 -0.00147963
v -0.00831372 0.00308927 -0.00165914
v -0.00864145 0.00390055 -0.00197930
v -0.00879858 0.00384394 -0.00198114
v -0.00846388 0.00303074 -0.00167234
v -0.00808814 0.00217880 -0.00157137
v -0.00767495 0.00134095 -0.00167735
v -0.00748760 0.00098653 -0.00178772
v -0.00726755 0.00058145 -0.00196773
v -0.00695768 -0.00137057 -0.00558680
v -0.00710335 -0.00128985 -0.00558679
v -0.00709450 -0.00132430 -0.00485470
v -0.00676756 -0.00179251 -0.00482596
v -0.00676755 -0.00176664 -0.00558680
v -0.00678080 -0.00165134 -0.00558680
v -0.00679846 -0.00161978 -0.00483656
v -0.00679846 -0.00140556 -0.00378820
v -0.00676755 -0.00156861 -0.00373019
v -0.00679846 -0.00090947 -0.00284014
v -0.00676756 -0.00105008 -0.00273925
v -0.00679846 -0.00017029 -0.00206647
v -0.00676755 -0.00027748 -0.00193060
v -0.00709450 0.00001306 -0.00229889
v -0.00695328 0.00058624 -0.00184054
v -0.00726755 0.00003220 -0.00232315
v -0.00709450 -0.00066894 -0.00301271
v -0.00726755 -0.00064383 -0.00303073
v -0.00726755 -0.00091194 -0.00346914
v -0.00709449 -0.00112665 -0.00388744
v -0.00726755 -0.00109753 -0.00389780
v -0.00726755 -0.00128083 -0.00470496
v -0.00726756 -0.00129345 -0.00485659
v -0.00726756 -0.00126182 -0.00558680
v -0.00684601 -0.00149532 -0.00558679
v -0.00691397 -0.00140985 -0.00558680
v -0.00691400 -0.00143962 -0.00484762
v -0.00679845 -0.00159207 -0.00558679
v -0.00691400 -0.00123551 -0.00384871
v -0.00691400 -0.00076282 -0.00294536
v -0.00691400 -0.00005850 -0.00220818
v -0.00968124 0.00352085 -0.00183007
v -0.00967750 0.00280490 -0.00162602
v -0.00965735 0.00225695 -0.00157406
v -0.00965469 0.00428927 -0.00226302
v -0.00894247 0.00428927 -0.00226302
v -0.00966801 0.00400675 -0.00207344
v -0.00967770 0.00370710 -0.00191213
v -0.00963331 0.00185965 -0.00158948
v -0.00954410 0.00094117 -0.00180623
v -0.00942074 0.00011719 -0.00226068
v -0.00937734 -0.00011888 -0.00245249
v -0.00928722 -0.00055600 -0.00291645
v -0.00920377 -0.00091106 -0.00346925
v -0.00917066 -0.00103446 -0.00373369
v -0.00910412 -0.00127169 -0.00464238
v -0.00909974 -0.00126182 -0.00558679
v 0.00651924 0.01167672 0.03549950
v 0.00652341 0.01167672 0.03372335
v 0.00644604 0.01167672 0.03570632
v 0.00650065 0.01167672 0.03560920
v 0.00636511 0.01167672 0.03577941
v 0.00621558 0.01167672 0.03584586
v -0.00514363 0.01125852 0.03361761
v -0.00514363 0.01125851 0.03297569
v -0.00523215 0.01147029 0.03293449
v -0.00514363 0.01125853 0.03608055
v -0.00524742 0.01149027 0.03596356
v -0.00540972 0.01162213 0.03284365
v -0.00542654 0.01163032 0.03589513
v -0.00563689 0.01167672 0.03271035
v -0.00563689 0.01167672 0.03587282
v -0.00624373 0.01167672 0.03583734
v -0.00600241 0.01167672 0.03587283
v -0.00651924 0.01167672 0.03549950
v -0.00652341 0.01167672 0.03372334
v -0.00653066 0.01167672 0.03193956
v -0.00650809 0.01167672 0.03558515
v -0.00645618 0.01167672 0.03569319
v -0.00637017 0.01167672 0.03577597
v -0.00562044 0.01076616 0.03272070
v -0.00618652 0.01135650 0.03229253
v -0.00636500 0.01104459 0.03212035
v -0.00603569 0.01025223 0.03242257
v -0.00637307 0.00975419 0.03211205
v -0.00750000 0.00859997 0.02932899
v -0.00750000 0.00910189 0.02932899
v -0.00747805 0.00915359 0.02974749
v -0.00720758 0.00859997 0.03083027
v -0.00741692 0.00929279 0.03014003
v -0.00720758 0.00972504 0.03083026
v -0.00695782 0.00859997 0.03133982
v -0.00687330 0.01031034 0.03147859
v -0.00644573 0.01093139 0.03203503
v -0.00627205 0.01282250 0.00291760
v -0.00698251 0.01222369 0.00294845
v -0.00696225 0.01214232 0.00640516
v -0.00548733 0.01316778 0.00810007
v -0.00378688 0.01394998 0.00830752
v -0.00378814 0.01411838 0.00287598
v -0.00193118 0.01457909 0.00287373
v 0.00625553 0.01265628 0.00800342
v 0.00658699 0.01161612 0.03552750
v 0.00684083 0.01137562 0.03564110
v 0.00690320 0.01146960 0.02011569
v 0.00573923 0.01378021 -0.00497424
v 0.00550731 0.01391807 -0.00497210
v 0.00551267 0.01351199 -0.00311002
v -0.00120830 0.01523446 -0.00495518
v -0.00192896 0.01514469 -0.00495597
v -0.00193170 0.01474227 -0.00310124
v -0.00298857 0.01492809 -0.00495825
v -0.00378799 0.01469065 -0.00496111
v -0.00379280 0.01428477 -0.00309762
v -0.00701970 0.01271128 -0.00459240
v -0.00702073 0.01241554 -0.00315354
v -0.00551267 0.01351199 -0.00311002
v -0.00690728 0.01147471 0.01958483
v -0.00684083 0.01137562 0.03564110
v -0.00668254 0.01152817 0.03556859
v -0.00701850 0.01281522 -0.00499037
v -0.00601808 0.01360134 -0.00497709
v -0.00550744 0.01391798 -0.00497210
v -0.00460737 0.01437204 -0.00496540
v 0.00000004 0.01529046 -0.00495477
v -0.00000000 0.01489290 -0.00310580
v 0.00084873 0.01526307 -0.00495496
v 0.00193170 0.01474227 -0.00310124
v 0.00429912 0.01450155 -0.00496361
v 0.00378795 0.01469066 -0.00496111
v 0.00379279 0.01428477 -0.00309761
v 0.00265625 0.01500743 -0.00495737
v 0.00192895 0.01514465 -0.00495597
v 0.00694240 0.01166078 0.01335555
v 0.00669264 0.01182745 0.01446499
v 0.00692060 0.01150103 0.01769421
v 0.00664812 0.01178602 0.01639336
v 0.00657915 0.01172184 0.02313257
v 0.00548733 0.01316778 0.00810007
v 0.00378688 0.01394998 0.00830752
v -0.00000000 0.01473019 0.00287599
v 0.00193118 0.01457909 0.00287373
v 0.00378814 0.01411839 0.00287598
v -0.00625553 0.01265627 0.00800341
v -0.00675363 0.01188419 0.01268604
v -0.00694489 0.01171605 0.01252591
v -0.00694152 0.01164513 0.01361551
v -0.00664669 0.01178469 0.01647238
v -0.00692060 0.01150103 0.01769421
v -0.00657597 0.01171888 0.02357092
v 0.00627205 0.01282250 0.00291759
v 0.00700161 0.01223710 0.00028384
v 0.00698250 0.01222369 0.00294845
v 0.00696223 0.01214219 0.00640853
v 0.00675368 0.01188424 0.01268475
v 0.00551028 0.01336010 -0.00133830
v 0.00701134 0.01224624 -0.00104261
v 0.00549665 0.01333696 0.00289637
v 0.00379274 0.01413868 -0.00135346
v 0.00193214 0.01459876 -0.00136512
v -0.00000000 0.01474998 -0.00136980
v 0.00701849 0.01281522 -0.00499037
v 0.00701913 0.01232989 -0.00249549
v -0.00549666 0.01333696 0.00289636
v -0.00379275 0.01413868 -0.00135346
v -0.00193214 0.01459876 -0.00136513
v -0.00702041 0.01238738 -0.00296337
v -0.00701854 0.01231379 -0.00233300
v -0.00551028 0.01336009 -0.00133831
v -0.00701146 0.01224658 -0.00105925
v -0.00700560 0.01223838 -0.00024917
v -0.00677502 0.01190410 0.01215671
v 0.00637817 0.01156516 0.03588943
v 0.00678691 0.01139512 0.03578424
v 0.00656849 0.01162673 0.03559002
v 0.00648883 0.01162104 0.03575576
v 0.00660220 0.01132912 0.03601713
v 0.00670490 0.01137929 0.03591375
v -0.00721088 0.00971868 0.03040379
v -0.00720766 0.00972488 0.01124837
v 0.00720743 0.00972533 0.01124795
v 0.00721113 0.00971820 0.03040334
v -0.00695781 0.00859997 0.02661763
v -0.00649872 -0.00516461 -0.00558423
v -0.00644796 -0.00524776 -0.00558680
v -0.00668102 -0.00474470 -0.00558679
v -0.00669874 -0.00468185 -0.00556934
v -0.00676700 -0.00419697 -0.00558679
v -0.00676756 -0.00416373 -0.00555336
v -0.00654275 -0.00466553 0.00173530
v -0.00671024 -0.00422361 0.00166772
v -0.00660150 -0.00443756 0.00200928
v -0.00628698 -0.00427308 0.00278772
v -0.00627834 -0.00447901 0.00268848
v -0.00574354 -0.00445080 0.00319648
v -0.00550109 -0.00488418 0.00307488
v -0.00602618 -0.00499021 0.00253955
v -0.00544822 -0.00497035 0.00303121
v -0.00573977 -0.00525765 0.00248875
v -0.00591907 -0.00537146 0.00184323
v -0.00635108 -0.00494854 0.00185672
v -0.00627366 -0.00505534 0.00179490
v -0.00664136 -0.00403087 0.00223059
v -0.00676755 -0.00375501 0.00159607
v 0.00627366 -0.00505534 0.00179490
v 0.00635108 -0.00494854 0.00185671
v 0.00654275 -0.00466553 0.00173529
v 0.00602618 -0.00499021 0.00253955
v 0.00655748 -0.00410841 0.00240895
v 0.00676756 -0.00375501 0.00159607
v 0.00671024 -0.00422361 0.00166772
v 0.00596768 -0.00439285 0.00306320
v 0.00628697 -0.00427308 0.00278771
v 0.00627834 -0.00447901 0.00268848
v 0.00660151 -0.00443756 0.00200929
v 0.00550109 -0.00488418 0.00307489
v 0.00544822 -0.00497035 0.00303121
v 0.00573977 -0.00525765 0.00248875
v 0.00591908 -0.00537146 0.00184324
v 0.00574354 -0.00445079 0.00319648
v -0.00448230 -0.00559041 0.00290622
v -0.00342861 -0.00609146 0.00280521
v 0.00448230 -0.00559041 0.00290622
v 0.00342862 -0.00609146 0.00280521
v 0.00231792 -0.00645542 0.00273184
v 0.00116868 -0.00667625 0.00268732
v 0.00000000 -0.00675027 0.00267240
v -0.00116867 -0.00667625 0.00268733
v -0.00231791 -0.00645542 0.00273184
v -0.00472216 -0.00591088 0.00235707
v -0.00361209 -0.00643874 0.00225066
v -0.00244195 -0.00682218 0.00217336
v 0.00472216 -0.00591088 0.00235707
v 0.00361209 -0.00643874 0.00225066
v 0.00244196 -0.00682218 0.00217336
v 0.00123122 -0.00705483 0.00212646
v 0.00000000 -0.00713281 0.00211075
v -0.00123121 -0.00705483 0.00212646
v -0.00521640 -0.00584293 0.00174819
v -0.00382314 -0.00654960 0.00160574
v -0.00233324 -0.00703087 0.00150872
v -0.00078435 -0.00727459 0.00145959
v 0.00521640 -0.00584293 0.00174819
v 0.00382314 -0.00654959 0.00160574
v 0.00233324 -0.00703087 0.00150872
v 0.00078436 -0.00727459 0.00145958
v -0.00676755 -0.00412354 -0.00198924
v -0.00670312 -0.00462493 -0.00196167
v -0.00651540 -0.00509428 -0.00193586
v -0.00621521 -0.00550121 -0.00191351
v -0.00611861 -0.00563749 -0.00558680
v -0.00576499 -0.00589704 -0.00558679
v -0.00582269 -0.00582052 -0.00189600
v -0.00676755 -0.00413010 -0.00558679
v -0.00676742 -0.00416354 -0.00558679
v 0.00582031 -0.00141584 0.00437575
v 0.00676756 -0.00054737 0.00288070
v 0.00634403 0.00031199 0.00445295
v 0.00665700 0.00047652 0.00389683
v 0.00632501 -0.00126323 0.00395635
v 0.00665178 -0.00106163 0.00340227
v 0.00585893 0.00018564 0.00488029
v 0.00676756 -0.00328903 0.00179724
v 0.00676756 -0.00341216 0.00174422
v 0.00676756 -0.00358369 0.00167037
v 0.01010290 0.00414941 -0.00186202
v 0.01011099 0.00382306 -0.00168859
v 0.01000884 0.00376702 -0.00180145
v 0.00967770 0.00370710 -0.00191213
v 0.00966801 0.00400676 -0.00207345
v 0.00984369 0.00402810 -0.00204823
v 0.00985232 0.00372401 -0.00188455
v 0.01000086 0.00408101 -0.00196958
v 0.01012457 0.00450141 -0.00200790
v 0.01001909 0.00439478 -0.00214448
v 0.00985318 0.00431997 -0.00223443
v 0.00965470 0.00428927 -0.00226303
v 0.01016186 0.00423913 -0.00171660
v 0.01015329 0.00462220 -0.00184738
v 0.01016712 0.00429098 -0.00163087
v 0.01014542 0.00385540 -0.00162236
v 0.01017096 0.00389700 -0.00153632
v 0.01017718 0.00393995 -0.00144659
v -0.01010288 0.00414938 -0.00186206
v -0.01009147 0.00445683 -0.00206569
v -0.00998962 0.00437665 -0.00216695
v -0.00984370 0.00402810 -0.00204824
v -0.00983167 0.00431446 -0.00224046
v -0.01000088 0.00408101 -0.00196957
v -0.01014566 0.00385537 -0.00162243
v -0.01003825 0.00377965 -0.00177631
v -0.00987137 0.00372735 -0.00187840
v -0.01016185 0.00423910 -0.00171665
v -0.01017718 0.00393994 -0.00144659
v -0.01016712 0.00429098 -0.00163087
v -0.01012432 0.00450145 -0.00200783
v -0.01014919 0.00456173 -0.00192840
v -0.01015329 0.00462220 -0.00184738
v -0.01014341 0.00285132 -0.00130978
v -0.00986944 0.00280787 -0.00158773
v -0.00938754 -0.00108415 -0.00372714
v -0.00932336 -0.00132371 -0.00464340
v -0.00949503 -0.00060772 -0.00290774
v -0.00962169 0.00007163 -0.00224088
v -0.00973965 0.00090785 -0.00177566
v -0.00982584 0.00184366 -0.00155211
v -0.00976727 -0.00088694 -0.00273106
v -0.00991351 -0.00026431 -0.00184777
v -0.00989449 -0.00013982 -0.00201192
v -0.01004048 0.00070244 -0.00132673
v -0.01001291 0.00077634 -0.00151128
v -0.01013202 0.00177799 -0.00107825
v -0.01009947 0.00179885 -0.00127121
v -0.01017723 0.00288403 -0.00111972
v -0.00965739 -0.00161681 -0.00353192
v -0.00971600 -0.00134829 -0.00301067
v -0.00977567 -0.00105620 -0.00260000
v -0.00955767 -0.00156784 -0.00558680
v -0.00958942 -0.00167700 -0.00558680
v -0.00959455 -0.00167979 -0.00460903
v -0.00959623 -0.00173456 -0.00558679
v -0.00965921 -0.00141320 -0.00361674
v -0.00958555 -0.00190282 -0.00458140
v -0.00957808 -0.00190495 -0.00558679
v -0.00950161 -0.00147014 -0.00463149
v -0.00949788 -0.00146277 -0.00558679
v -0.00931978 -0.00131364 -0.00558679
v -0.00933171 -0.00131976 -0.00558679
v -0.00946352 -0.00142146 -0.00558680
v -0.01003540 0.00282417 -0.00147637
v -0.00999201 0.00182213 -0.00143998
v -0.00990718 0.00084947 -0.00167154
v -0.00979168 -0.00001968 -0.00215282
v -0.00966814 -0.00072576 -0.00284188
v -0.00956366 -0.00122095 -0.00368735
v -0.00585893 0.00018563 0.00488028
v -0.00634403 0.00031199 0.00445295
v -0.00665700 0.00047651 0.00389682
v -0.00676756 0.00066089 0.00327389
v -0.00582031 -0.00141584 0.00437576
v -0.00676755 -0.00341216 0.00174422
v -0.00632501 -0.00126324 0.00395635
v -0.00665178 -0.00106163 0.00340226
v -0.00676755 -0.00083453 0.00277821
v 0.00844874 0.00463811 -0.00192267
v 0.00847661 0.00486989 -0.00204423
v 0.00850914 0.00474950 -0.00220278
v 0.00849201 0.00452204 -0.00206740
v 0.00861635 0.00464267 -0.00233564
v 0.00859976 0.00441553 -0.00218251
v 0.00878264 0.00456712 -0.00242058
v 0.00875777 0.00433428 -0.00225060
v 0.00897524 0.00453435 -0.00244538
v 0.00894247 0.00428927 -0.00226303
v -0.00847661 0.00486988 -0.00204423
v -0.00844874 0.00463811 -0.00192267
v -0.00849201 0.00452204 -0.00206740
v -0.00850913 0.00474950 -0.00220278
v -0.00859976 0.00441553 -0.00218251
v -0.00861635 0.00464267 -0.00233565
v -0.00875777 0.00433427 -0.00225060
v -0.00878263 0.00456711 -0.00242058
v -0.00897524 0.00453435 -0.00244538
v 0.00955833 0.00550005 -0.00316390
v 0.00951339 0.00586428 -0.00343491
v 0.00971759 0.00590807 -0.00341235
v 0.00993993 0.00670029 -0.00334475
v 0.01000683 0.00624152 -0.00301565
v 0.00998787 0.00611496 -0.00318235
v 0.01009129 0.00549998 -0.00248196
v 0.00923787 0.00742775 -0.00459821
v 0.00944862 0.00748652 -0.00458177
v 0.00988585 0.00599687 -0.00332293
v 0.00971521 0.00772242 -0.00434383
v 0.00972037 0.00785415 -0.00416833
v 0.00992219 0.00681025 -0.00342349
v 0.00961891 0.00759152 -0.00449118
v 0.00897002 0.00593554 -0.00348794
v 0.00872446 0.00742775 -0.00459821
v 0.00878800 0.00594686 -0.00345270
v 0.00862764 0.00599895 -0.00336506
v 0.00851734 0.00608541 -0.00323673
v 0.00847168 0.00619323 -0.00308679
v 0.00816553 0.00786093 -0.00308679
v 0.00820818 0.00770809 -0.00308679
v 0.00820818 0.00770809 -0.00204424
v -0.00847168 0.00619323 -0.00308680
v -0.00849999 0.00551010 -0.00204424
v 0.00842606 0.00661865 -0.00204423
v 0.00845982 0.00632547 -0.00308679
v 0.00849999 0.00551010 -0.00204424
v -0.00842607 0.00661865 -0.00204423
v -0.00845982 0.00632546 -0.00308680
v -0.00820818 0.00770809 -0.00204423
v -0.00820818 0.00770809 -0.00308680
v -0.00816553 0.00786093 -0.00308680
v -0.00785007 0.00875980 -0.00204424
v -0.00759500 0.00931652 -0.00308680
v -0.00735784 0.00975582 -0.00204424
v -0.00735784 0.00975582 -0.00308679
v -0.00673991 0.01067913 -0.00204423
v -0.00676752 0.01064299 -0.00308680
v -0.00600683 0.01151396 -0.00204423
v -0.00600683 0.01151396 -0.00308679
v -0.00571110 0.01179547 -0.00308679
v -0.00517113 0.01224604 -0.00204424
v -0.00424708 0.01286288 -0.00204424
v -0.00446147 0.01273498 -0.00308679
v -0.00424708 0.01286288 -0.00308680
v -0.00325047 0.01335392 -0.00204423
v -0.00306090 0.01342972 -0.00308680
v -0.00219833 0.01371078 -0.00204424
v -0.00219833 0.01371078 -0.00308679
v -0.00110864 0.01392737 -0.00204423
v -0.00155679 0.01385619 -0.00308679
v 0.00000000 0.01399998 -0.00204424
v -0.00000000 0.01399997 -0.00308679
v 0.00110863 0.01392737 -0.00204423
v 0.00155678 0.01385619 -0.00308680
v 0.00219833 0.01371078 -0.00204423
v 0.00219833 0.01371078 -0.00308680
v 0.00325047 0.01335392 -0.00204423
v 0.00306090 0.01342972 -0.00308679
v 0.00424708 0.01286288 -0.00204423
v 0.00424707 0.01286288 -0.00308679
v 0.00446147 0.01273498 -0.00308679
v 0.00517112 0.01224605 -0.00204423
v 0.00571110 0.01179548 -0.00308680
v 0.00600682 0.01151396 -0.00204424
v 0.00600683 0.01151396 -0.00308680
v 0.00673990 0.01067913 -0.00204423
v 0.00676752 0.01064299 -0.00308679
v 0.00735784 0.00975582 -0.00204424
v 0.00735784 0.00975582 -0.00308679
v 0.00759500 0.00931652 -0.00308680
v 0.00785006 0.00875980 -0.00204423
v 0.00570481 0.01173602 -0.00173754
v 0.00567894 0.01177157 -0.00176649
v 0.00554111 0.01192584 -0.00187183
v -0.00534898 0.01209436 -0.00191055
v -0.00411369 0.01292797 -0.00191054
v -0.00314415 0.01338742 -0.00191055
v -0.00212441 0.01372095 -0.00191055
v -0.00107075 0.01392321 -0.00191054
v -0.00000000 0.01399100 -0.00191055
v 0.00107075 0.01392321 -0.00191055
v 0.00212441 0.01372094 -0.00191054
v 0.00314415 0.01338742 -0.00191055
v 0.00411369 0.01292797 -0.00191055
v 0.00534898 0.01209436 -0.00191055
v -0.00552279 0.01194335 -0.00187965
v -0.00570533 0.01173528 -0.00173695
v -0.00567938 0.01177112 -0.00176649
v -0.00648885 0.01162102 0.03575576
v -0.00656851 0.01162671 0.03559002
v -0.00662188 0.01134051 0.03600077
v -0.00648873 0.01124982 0.03608504
v -0.00637819 0.01156514 0.03588945
v -0.00625163 0.01146768 0.03597475
v -0.00673817 0.01138924 0.03586809
v -0.00678689 0.01139509 0.03578422
v -0.00682158 0.01138829 0.03570328
v 0.00572889 0.01133533 0.00091780
v 0.00537717 0.01202447 0.00060730
v 0.00554510 0.01180002 0.00052793
v 0.00553182 0.01179999 0.00075146
v 0.00504292 0.01234179 0.00043230
v 0.00535463 0.01210133 -0.00174669
v 0.00540435 0.01205974 -0.00174120
v -0.00535464 0.01210133 -0.00174669
v -0.00411803 0.01293582 -0.00174669
v -0.00314747 0.01339576 -0.00174669
v -0.00212665 0.01372964 -0.00174669
v -0.00107188 0.01393212 -0.00174669
v 0.00000000 0.01399997 -0.00174669
v 0.00107188 0.01393212 -0.00174669
v 0.00212665 0.01372964 -0.00174669
v 0.00314747 0.01339576 -0.00174669
v 0.00411803 0.01293582 -0.00174668
v -0.00562034 0.01184257 -0.00175212
v -0.00576351 0.01059917 0.00149531
v -0.00584481 0.01089334 0.00063372
v -0.00536614 0.01113909 0.00501062
v -0.00544150 0.01100180 0.00424904
v -0.00564281 0.01115228 0.00229672
v -0.00564478 0.01104466 0.00242176
v -0.00566493 0.01115322 0.00206794
v -0.00565934 0.01082250 0.00241916
v -0.00573086 0.01115668 0.00138231
v -0.00578824 0.01115986 0.00076228
v -0.00526911 0.01113727 0.00591457
v -0.00534755 0.01105871 0.00513149
v -0.00541685 0.01098729 0.00445076
v -0.00543659 0.01096660 0.00426456
v -0.00556843 0.01082422 0.00312531
v -0.00565762 0.01072357 0.00241725
v -0.00572636 0.01064344 0.00184340
v -0.00541376 0.01179999 0.00254462
v -0.00539953 0.01179995 0.00274171
v -0.00561511 0.01126871 0.00236770
v -0.00566423 0.01147612 0.00112664
v -0.00562541 0.01143319 0.00178962
v -0.00558348 0.01141299 0.00234053
v -0.00526324 0.01203738 0.00266263
v -0.00536949 0.01187655 0.00258405
v -0.00527959 0.01204475 0.00232678
v -0.00505462 0.01228638 0.00276895
v -0.00466685 0.01261733 0.00230096
v -0.00469845 0.01258328 0.00284436
v -0.00368253 0.01316079 0.00224718
v -0.00377688 0.01311477 0.00240239
v -0.00404393 0.01297638 0.00265914
v -0.00435060 0.01280219 0.00280117
v -0.00468223 0.01260883 0.00174908
v -0.00358308 0.01320778 0.00152516
v -0.00357151 0.01321312 0.00189190
v -0.00371117 0.01314705 0.00118283
v -0.00393478 0.01303451 0.00090653
v -0.00421641 0.01288050 0.00073444
v -0.00463470 0.01262526 0.00064775
v -0.00500483 0.01237038 0.00070112
v -0.00530852 0.01205091 0.00177540
v -0.00523633 0.01217047 0.00080924
v -0.00564495 0.01153570 0.00107421
v -0.00552657 0.01179991 0.00083664
v -0.00551339 0.01179998 0.00105321
v -0.00548912 0.01184213 0.00102427
v 0.00364287 0.01317976 0.00174080
v 0.00361635 0.01319231 0.00136550
v 0.00404967 0.01297727 0.00145817
v 0.00545402 0.01185870 0.00151462
v 0.00493353 0.01242331 0.00149363
v 0.00496815 0.01239689 0.00041128
v 0.00457076 0.01266643 0.00039112
v 0.00423277 0.01287778 0.00146549
v 0.00422932 0.01287309 0.00048480
v 0.00393971 0.01303182 0.00068256
v 0.00371905 0.01314315 0.00099653
v 0.00421765 0.01288296 0.00200313
v 0.00404159 0.01297766 0.00235705
v 0.00403491 0.01298281 0.00199582
v 0.00379627 0.01310512 0.00209455
v 0.00491686 0.01242797 0.00203115
v 0.00435103 0.01280193 0.00252056
v 0.00542299 0.01184846 0.00205160
v 0.00329897 0.01276606 0.00775528
v 0.00329005 0.01274641 0.00776924
v 0.00304151 0.01285418 0.00776924
v 0.00328604 0.01273759 0.00777325
v -0.00328609 0.01273771 0.00777320
v -0.00329004 0.01274641 0.00776924
v -0.00304038 0.01285466 0.00776923
v -0.00205599 0.01318816 0.00776924
v -0.00103652 0.01339053 0.00776924
v 0.00000061 0.01345832 0.00776924
v 0.00103774 0.01339037 0.00776923
v 0.00205717 0.01318784 0.00776924
v 0.00331302 0.01279702 0.00769542
v 0.00330612 0.01278182 0.00773629
v 0.00306276 0.01290555 0.00769542
v 0.00305638 0.01289012 0.00773629
v 0.00207154 0.01324153 0.00769542
v 0.00206723 0.01322541 0.00773629
v 0.00104499 0.01344548 0.00769542
v 0.00104282 0.01342893 0.00773629
v 0.00000062 0.01351390 0.00769542
v 0.00000062 0.01349721 0.00773629
v -0.00104376 0.01344564 0.00769542
v -0.00104159 0.01342909 0.00773629
v -0.00207034 0.01324185 0.00769542
v -0.00206603 0.01322573 0.00773629
v -0.00306161 0.01290602 0.00769542
v -0.00305524 0.01289060 0.00773629
v -0.00331302 0.01279702 0.00769542
v -0.00330612 0.01278182 0.00773629
v 0.00387604 0.01246698 0.00768103
v 0.00388279 0.01252604 0.00761039
v 0.00388578 0.01251354 0.00763839
v 0.00388355 0.01249299 0.00766332
v 0.00441550 0.01220329 0.00741552
v 0.00441732 0.01222714 0.00740040
v 0.00441392 0.01224710 0.00738063
v 0.00440598 0.01226111 0.00735870
v 0.00473753 0.01199793 0.00713725
v 0.00498023 0.01176206 0.00681742
v 0.00473931 0.01201597 0.00712520
v 0.00498148 0.01177453 0.00680888
v 0.00515101 0.01151368 0.00646054
v 0.00524585 0.01123023 0.00610234
v 0.00517865 0.01146433 0.00637058
v 0.00473732 0.01203237 0.00711099
v 0.00479319 0.01199306 0.00703089
v 0.00497787 0.01179733 0.00678961
v 0.00515019 0.01152726 0.00645023
v 0.00469974 0.01254236 0.00490373
v 0.00443707 0.01274397 0.00477862
v 0.00518198 0.01161485 0.00604815
v 0.00504094 0.01191894 0.00607778
v 0.00483567 0.01218495 0.00609625
v 0.00458572 0.01239729 0.00608328
v 0.00455295 0.01262947 0.00502345
v 0.00450181 0.01267927 0.00493502
v 0.00445283 0.01271570 0.00490465
v 0.00442909 0.01273092 0.00490144
v 0.00482231 0.01240859 0.00507065
v 0.00494833 0.01221217 0.00540762
v 0.00458615 0.01258280 0.00515120
v 0.00461303 0.01247815 0.00558836
v 0.00508010 0.01203192 0.00537173
v 0.00450972 0.01256434 0.00549236
v 0.00410815 0.01291797 0.00490144
v -0.00313991 0.01337680 0.00490143
v -0.00393877 0.01249838 0.00759195
v -0.00440598 0.01226111 0.00735870
v -0.00447968 0.01229881 0.00692714
v -0.00384726 0.01254366 0.00762050
v -0.00388769 0.01252371 0.00760847
v -0.00458399 0.01239457 0.00610260
v -0.00461197 0.01246663 0.00564949
v -0.00460960 0.01252288 0.00537556
v -0.00456284 0.01261745 0.00505224
v -0.00452042 0.01262744 0.00513850
v -0.00452457 0.01265909 0.00496472
v -0.00442909 0.01273093 0.00490144
v -0.00447426 0.01270071 0.00491341
v -0.00212155 0.01370988 0.00490144
v -0.00106931 0.01391187 0.00490144
v -0.00000000 0.01397957 0.00490144
v 0.00106931 0.01391187 0.00490144
v 0.00212155 0.01370988 0.00490144
v 0.00313991 0.01337680 0.00490143
v -0.00441552 0.01220339 0.00741547
v -0.00388823 0.01251256 0.00763726
v -0.00387859 0.01246592 0.00768015
v -0.00388607 0.01249200 0.00766231
v -0.00441732 0.01222732 0.00740027
v -0.00441385 0.01224730 0.00738038
v -0.00515071 0.01151427 0.00646133
v -0.00524585 0.01123023 0.00610234
v -0.00524609 0.01123297 0.00609942
v -0.00473643 0.01199845 0.00713796
v -0.00471783 0.01205708 0.00710918
v -0.00473621 0.01203292 0.00711169
v -0.00498136 0.01178556 0.00679841
v -0.00504291 0.01171023 0.00668086
v -0.00498216 0.01177369 0.00680777
v -0.00473823 0.01201650 0.00712589
v -0.00514385 0.01154014 0.00646654
v -0.00443709 0.01274398 0.00477839
v -0.00443975 0.01274833 0.00465483
v -0.00314747 0.01339576 0.00465484
v 0.00411803 0.01293582 0.00465484
v 0.00314747 0.01339576 0.00465483
v 0.00212665 0.01372964 0.00465484
v 0.00107188 0.01393212 0.00465484
v -0.00000000 0.01399997 0.00465484
v -0.00107188 0.01393212 0.00465484
v -0.00212665 0.01372964 0.00465484
v -0.00509687 0.01204710 0.00511429
v -0.00523071 0.01163881 0.00556194
v -0.00518176 0.01183661 0.00533283
v -0.00464837 0.01260072 0.00470328
v -0.00490339 0.01234671 0.00485706
v -0.00483791 0.01242230 0.00480407
v -0.00518256 0.01161311 0.00604795
v -0.00504158 0.01191788 0.00607768
v -0.00483610 0.01218451 0.00609622
v -0.00470001 0.01254216 0.00490355
v -0.00482271 0.01240823 0.00507049
v -0.00508075 0.01203088 0.00537152
v -0.00494886 0.01221154 0.00540749
v 0.00859185 0.01059343 -0.00541770
v 0.00868165 0.01064298 -0.00523435
v 0.00898191 0.00974874 -0.00536143
v 0.00907402 0.00981900 -0.00517971
v 0.00919099 0.00918463 -0.00524197
v 0.00945989 0.00872853 -0.00488671
v 0.00936551 0.00862757 -0.00505645
v 0.00869825 0.01065214 -0.00502500
v 0.00928128 0.00936188 -0.00486465
v 0.00946559 0.00881533 -0.00468606
v 0.00963975 0.00819379 -0.00438653
v 0.00950680 0.00809422 -0.00480681
v 0.00844367 0.01051168 -0.00554253
v 0.00882391 0.00966106 -0.00547955
v 0.00902827 0.00909287 -0.00535451
v 0.00919925 0.00853155 -0.00516250
v 0.00933808 0.00799380 -0.00490555
v 0.00826382 0.01041246 -0.00558680
v 0.00847793 0.00994814 -0.00556367
v 0.00888053 0.00884554 -0.00532927
v 0.00894150 0.00864271 -0.00525770
v 0.00912922 0.00792874 -0.00492424
v 0.00755548 0.01149738 -0.00558680
v 0.00772143 0.01162499 -0.00554070
v 0.00794677 0.01179822 -0.00500766
v 0.00702473 0.01282194 -0.00510006
v 0.00793661 0.01179044 -0.00522175
v 0.00701453 0.01281095 -0.00520909
v 0.00785695 0.01172921 -0.00541108
v 0.00694745 0.01273859 -0.00540438
v 0.00683013 0.01261206 -0.00553891
v 0.00668492 0.01245545 -0.00558679
v 0.00574597 0.01379116 -0.00508563
v -0.00299263 0.01494414 -0.00507120
v 0.00263741 0.01492331 -0.00539112
v 0.00259914 0.01475209 -0.00553523
v 0.00083116 0.01500343 -0.00553496
v -0.00668493 0.01245545 -0.00558680
v -0.00682998 0.01261189 -0.00553885
v -0.00574520 0.01319708 -0.00558679
v -0.00586639 0.01337672 -0.00553747
v -0.00441129 0.01392873 -0.00558680
v -0.00286889 0.01446008 -0.00558680
v -0.00449989 0.01412928 -0.00553616
v 0.00081615 0.01478226 -0.00558679
v -0.00116165 0.01475463 -0.00558680
v -0.00118312 0.01497526 -0.00553498
v 0.00255090 0.01453619 -0.00558679
v 0.00411855 0.01405220 -0.00558679
v 0.00548230 0.01336645 -0.00558679
v 0.00420036 0.01425606 -0.00553595
v 0.00426551 0.01441830 -0.00539368
v 0.00430081 0.01450613 -0.00518904
v -0.00596360 0.01352077 -0.00539914
v -0.00694737 0.01273850 -0.00540435
v -0.00701415 0.01281053 -0.00520903
v -0.00457051 0.01428906 -0.00539441
v -0.00296700 0.01484410 -0.00539148
v -0.00299025 0.01493500 -0.00518496
v -0.00120913 0.01524286 -0.00518263
v 0.00559689 0.01355111 -0.00553716
v 0.00568866 0.01369896 -0.00539800
v 0.00573946 0.01378078 -0.00519706
v -0.00460892 0.01437588 -0.00519040
v -0.00461332 0.01438566 -0.00507767
v 0.00265784 0.01501475 -0.00518429
v 0.00265989 0.01502380 -0.00507041
v 0.00430475 0.01451575 -0.00507605
v -0.00601772 0.01360096 -0.00519920
v -0.00702451 0.01282171 -0.00510004
v -0.00602488 0.01361148 -0.00508818
v -0.00292358 0.01467420 -0.00553533
v -0.00120012 0.01515001 -0.00539022
v 0.00084933 0.01527159 -0.00518246
v 0.00084304 0.01517857 -0.00539014
v -0.00755548 0.01149738 -0.00558680
v -0.00826382 0.01041245 -0.00558679
v -0.00844367 0.01051168 -0.00554252
v -0.00772143 0.01162500 -0.00554070
v -0.00785696 0.01172921 -0.00541108
v -0.00793662 0.01179044 -0.00522174
v -0.00859185 0.01059343 -0.00541771
v -0.00868165 0.01064297 -0.00523435
v -0.00869826 0.01065213 -0.00502501
v -0.00794678 0.01179822 -0.00500766
v -0.00888339 0.01029727 -0.00501619
v -0.00961891 0.00759151 -0.00449119
v -0.00971521 0.00772242 -0.00434383
v -0.00944940 0.00832187 -0.00492287
v -0.00954434 0.00843158 -0.00475843
v -0.00972037 0.00785414 -0.00416833
v -0.00939759 0.00902795 -0.00476407
v -0.00918658 0.00953665 -0.00512857
v -0.00931815 0.00925970 -0.00483661
v -0.00919525 0.00958853 -0.00491854
v -0.00886266 0.01003187 -0.00539678
v -0.00909383 0.00945872 -0.00530826
v -0.00928906 0.00888318 -0.00515037
v -0.00944862 0.00748651 -0.00458177
v -0.00928163 0.00822337 -0.00502487
v -0.00912429 0.00878914 -0.00525953
v -0.00893324 0.00936897 -0.00542363
v -0.00870754 0.00994620 -0.00551736
v -0.00923787 0.00742775 -0.00459822
v -0.00916409 0.00777687 -0.00483460
v -0.00888052 0.00884557 -0.00532928
v -0.00880442 0.00908305 -0.00540137
v -0.00851774 0.00985385 -0.00555346
v -0.00998787 0.00611496 -0.00318236
v -0.01009129 0.00549997 -0.00248197
v -0.00971759 0.00590807 -0.00341235
v -0.00951339 0.00586427 -0.00343491
v -0.00955833 0.00550005 -0.00316391
v -0.00988586 0.00599686 -0.00332293
v -0.00993993 0.00670028 -0.00334475
v -0.00992012 0.00682286 -0.00343252
v -0.01000683 0.00624152 -0.00301565
v 0.00757785 0.01041246 -0.00558679
v 0.00796475 0.00966357 -0.00552738
v 0.00828519 0.00889608 -0.00534599
v 0.00853861 0.00814061 -0.00503785
v 0.00756755 0.00950292 -0.00522374
v 0.00752227 0.00950625 -0.00504599
v 0.00719300 0.01016626 -0.00528860
v 0.00715686 0.01014314 -0.00510214
v 0.00829620 0.00751301 -0.00434109
v 0.00823977 0.00760350 -0.00420068
v 0.00811964 0.00814899 -0.00475460
v 0.00806425 0.00821028 -0.00459916
v 0.00840523 0.00744881 -0.00446365
v 0.00822637 0.00811458 -0.00489002
v 0.00787659 0.00882140 -0.00504728
v 0.00782491 0.00885325 -0.00487963
v 0.00728469 0.01022492 -0.00544566
v 0.00741975 0.01031132 -0.00554964
v 0.00766562 0.00953087 -0.00537594
v 0.00780443 0.00958707 -0.00548146
v 0.00812208 0.00884419 -0.00529603
v 0.00797967 0.00881802 -0.00519243
v 0.00837221 0.00811189 -0.00498820
v 0.00855430 0.00741941 -0.00455278
v -0.00757785 0.01041246 -0.00558680
v -0.00694631 0.01128190 -0.00558680
v -0.00676756 0.01149171 -0.00558679
v -0.00571953 0.01251129 -0.00558680
v -0.00426712 0.01348529 -0.00558679
v -0.00268041 0.01415511 -0.00558679
v -0.00098890 0.01451126 -0.00558679
v 0.00032814 0.01455749 -0.00558679
v 0.00204411 0.01432688 -0.00558680
v 0.00368191 0.01377541 -0.00558679
v 0.00520087 0.01290393 -0.00558679
v 0.00651068 0.01176997 -0.00558679
v 0.00676755 0.01149171 -0.00558679
v -0.00872446 0.00742775 -0.00459822
v -0.00897002 0.00593554 -0.00348794
v -0.00853862 0.00814062 -0.00503786
v -0.00828520 0.00889608 -0.00534600
v -0.00796476 0.00966355 -0.00552739
v -0.00823977 0.00760349 -0.00420068
v 0.00614898 0.01142553 -0.00510724
v 0.00676755 0.01070139 -0.00510431
v 0.00491193 0.01249678 -0.00511181
v 0.00347736 0.01332007 -0.00511552
v 0.00193055 0.01384105 -0.00511796
v 0.00030991 0.01405892 -0.00511901
v -0.00093396 0.01401525 -0.00511883
v -0.00253150 0.01367878 -0.00511720
v -0.00403006 0.01304599 -0.00511424
v -0.00540178 0.01212584 -0.00511016
v -0.00656040 0.01096447 -0.00510535
v -0.00676756 0.01070138 -0.00510431
v -0.00715686 0.01014314 -0.00510215
v -0.00752227 0.00950624 -0.00504599
v -0.00782491 0.00885324 -0.00487964
v -0.00806425 0.00821028 -0.00459917
v -0.00878481 0.00594745 -0.00345156
v -0.00862598 0.00599980 -0.00336373
v -0.00851687 0.00608600 -0.00323587
v -0.00829620 0.00751300 -0.00434108
v -0.00840523 0.00744881 -0.00446365
v -0.00855431 0.00741941 -0.00455278
v -0.00766563 0.00953086 -0.00537595
v -0.00727687 0.01021991 -0.00543641
v -0.00718999 0.01016433 -0.00528032
v -0.00756755 0.00950291 -0.00522374
v -0.00787659 0.00882140 -0.00504728
v -0.00811964 0.00814900 -0.00475461
v -0.00797968 0.00881801 -0.00519243
v -0.00822637 0.00811459 -0.00489003
v -0.00780444 0.00958706 -0.00548146
v -0.00744119 0.01032503 -0.00555919
v -0.00730940 0.01024072 -0.00547186
v -0.00837221 0.00811190 -0.00498821
v -0.00812209 0.00884418 -0.00529605
v 0.00639396 0.01165882 -0.00555955
v 0.00628121 0.01155148 -0.00547331
v 0.00501839 0.01264685 -0.00547462
v 0.00617842 0.01145352 -0.00528390
v -0.00659145 0.01098994 -0.00528258
v -0.00542814 0.01215772 -0.00528594
v -0.00405019 0.01308322 -0.00528879
v -0.00254436 0.01371988 -0.00529086
v -0.00093877 0.01405844 -0.00529199
v 0.00031146 0.01410237 -0.00529212
v 0.00194038 0.01388314 -0.00529139
v 0.00349485 0.01335898 -0.00528969
v 0.00625331 0.01152490 -0.00543828
v 0.00493611 0.01253081 -0.00528710
v 0.00499614 0.01261549 -0.00543997
v 0.00353748 0.01345392 -0.00544132
v 0.00196409 0.01398461 -0.00544221
v 0.00031527 0.01420658 -0.00544259
v -0.00095025 0.01416211 -0.00544252
v -0.00257542 0.01381932 -0.00544193
v -0.00409954 0.01317474 -0.00544085
v -0.00549410 0.01223777 -0.00543936
v -0.00667126 0.01105563 -0.00543759
v 0.00355322 0.01348896 -0.00547567
v 0.00197282 0.01402196 -0.00547635
v 0.00031668 0.01424490 -0.00547665
v -0.00095447 0.01420023 -0.00547660
v -0.00258687 0.01385595 -0.00547614
v -0.00411778 0.01320855 -0.00547530
v -0.00551858 0.01226748 -0.00547415
v -0.00670104 0.01108013 -0.00547278
v 0.00510812 0.01277326 -0.00555987
v 0.00361653 0.01362989 -0.00556013
v 0.00200791 0.01417204 -0.00556030
v 0.00032231 0.01439878 -0.00556037
v -0.00097142 0.01435334 -0.00556036
v -0.00263291 0.01400317 -0.00556024
v -0.00419124 0.01334468 -0.00556004
v -0.00561737 0.01238733 -0.00555976
v -0.00682151 0.01117923 -0.00555941
v 0.00692668 0.00262401 0.02902233
v 0.00690394 0.00256985 0.02902337
v 0.00688097 0.00192502 0.02928199
v 0.00698772 0.00030050 0.03031020
v 0.00712651 0.00040696 0.03047846
v 0.00714425 0.00187375 0.02968189
v 0.00681050 0.00021687 0.03017800
v 0.00672616 -0.00188969 0.03159665
v 0.00715576 0.00325383 0.02913622
v 0.00710691 0.00310375 0.02908639
v 0.00682578 0.00057505 0.02996756
v 0.00724272 0.00355243 0.02946901
v 0.00723760 0.00353345 0.02936951
v 0.00724272 0.00331559 0.02954558
v 0.00722295 0.00348034 0.02928468
v 0.00719055 0.00336786 0.02919302
v 0.00724272 0.00206644 0.03006956
v 0.00724272 0.00154503 0.03034354
v 0.00724273 -0.00031097 0.03152277
v 0.00724201 -0.00039316 0.03153609
v 0.00716664 -0.00116788 0.03167115
v 0.00697275 -0.00190431 0.03185029
v 0.00670329 -0.00252272 0.03207377
v 0.00708305 -0.00075002 0.03885223
v 0.00684804 -0.00150677 0.03833435
v 0.00699212 -0.00075002 0.03903767
v 0.00688391 -0.00075002 0.03919963
v -0.00724272 0.00175233 0.03023408
v -0.00724273 0.00067323 0.03086377
v -0.00712677 0.00042373 0.03046867
v -0.00698643 -0.00186124 0.03183527
v -0.00698825 0.00031748 0.03030043
v -0.00723662 0.00352988 0.02936107
v -0.00724272 0.00355242 0.02946901
v -0.00721823 0.00346352 0.02926671
v -0.00719256 0.00337464 0.02919722
v -0.00716112 0.00327100 0.02914352
v -0.00687487 0.00178040 0.02934909
v -0.00690394 0.00256985 0.02902338
v -0.00714447 0.00190069 0.02967192
v -0.00704746 0.00293419 0.02905085
v -0.00717066 -0.00114632 0.03166547
v -0.00724272 -0.00031097 0.03152277
v -0.00679398 -0.00018043 0.03042146
v -0.00670329 -0.00252272 0.03207378
v -0.00724272 0.00048461 0.03558123
v -0.00724272 0.00016125 0.03575128
v -0.00724272 0.00012505 0.03542898
v -0.00724272 0.00009252 0.03513909
v -0.00724272 0.00124997 0.03542899
v -0.00724272 0.00355242 0.03576026
v -0.00724272 0.00338658 0.03566184
v -0.00724272 0.00244997 0.03542898
v -0.00548660 -0.00400894 0.03268119
v -0.00609241 -0.00342010 0.03243259
v -0.00614480 -0.00301131 0.03548719
v -0.00721490 -0.00031704 0.03618621
v -0.00720227 -0.00041110 0.03631505
v -0.00717066 -0.00074494 0.03523301
v -0.00715895 -0.00063839 0.03677015
v -0.00680349 -0.00194436 0.03536753
v -0.00714642 -0.00068628 0.03692808
v -0.00684804 -0.00150677 0.03833434
v -0.00712172 -0.00075003 0.03742899
v -0.00708305 -0.00075003 0.03885224
v -0.00724102 0.00004043 0.03583618
v -0.00723008 -0.00016436 0.03601489
v -0.00630798 -0.00314816 0.03233157
v -0.00485040 -0.00444573 0.03293751
v -0.00517681 -0.00424076 0.03280747
v -0.00523798 -0.00388284 0.03558493
v -0.00414802 -0.00450146 0.03565432
v -0.00406971 -0.00480391 0.03323137
v -0.00529312 -0.00369272 0.03693100
v -0.00492760 -0.00396515 0.03680027
v -0.00417818 -0.00439000 0.03653404
v -0.00580955 -0.00319941 0.03718526
v -0.00669000 -0.00187949 0.03805187
v -0.00632287 -0.00253798 0.03759070
v -0.00625700 -0.00263616 0.03752651
v -0.00518158 -0.00397824 0.03243259
v -0.00391150 -0.00089926 0.02902337
v -0.00474974 -0.00030433 0.02902337
v -0.00549877 0.00039963 0.02902338
v -0.00667482 0.00207993 0.02902337
v -0.00614450 0.00119938 0.02902337
v -0.00353638 -0.00470685 0.03243259
v -0.00299978 -0.00137398 0.02902338
v -0.00203172 -0.00171959 0.02902338
v -0.00179307 -0.00515226 0.03243259
v -0.00102549 -0.00192959 0.02902337
v 0.00000000 -0.00530212 0.03243259
v -0.00000000 -0.00200003 0.02902338
v 0.00179307 -0.00515226 0.03243259
v 0.00102549 -0.00192959 0.02902337
v 0.00353638 -0.00470685 0.03243259
v 0.00203172 -0.00171959 0.02902338
v 0.00299978 -0.00137398 0.02902337
v 0.00518158 -0.00397823 0.03243259
v 0.00391150 -0.00089926 0.02902337
v 0.00609241 -0.00342010 0.03243259
v 0.00653475 -0.00281640 0.03219981
v 0.00474974 -0.00030433 0.02902337
v 0.00549877 0.00039963 0.02902338
v 0.00614450 0.00119939 0.02902337
v 0.00667482 0.00207993 0.02902338
v 0.00595495 -0.00357176 0.03248768
v -0.00362686 -0.00496799 0.03323136
v 0.00183894 -0.00542480 0.03323137
v 0.00362687 -0.00496799 0.03323136
v 0.00361025 -0.00492004 0.03279817
v 0.00406971 -0.00480390 0.03323136
v 0.00481030 -0.00446844 0.03295323
v 0.00519810 -0.00422606 0.03279886
v -0.00361025 -0.00492004 0.03279816
v -0.00183052 -0.00537476 0.03279815
v -0.00183894 -0.00542480 0.03323136
v 0.00000000 -0.00552774 0.03279816
v 0.00000000 -0.00557850 0.03323136
v 0.00183052 -0.00537476 0.03279816
v 0.00542722 -0.00405650 0.03270557
v -0.00264835 -0.00490459 0.03653404
v 0.00236902 -0.00497173 0.03653405
v 0.00264835 -0.00490459 0.03653405
v 0.00417818 -0.00439000 0.03653404
v 0.00414802 -0.00450146 0.03565431
v -0.00236902 -0.00497173 0.03653405
v -0.00089097 -0.00519932 0.03653404
v 0.00000000 -0.00523635 0.03653404
v 0.00089097 -0.00519932 0.03653404
v 0.00529312 -0.00369272 0.03693100
v 0.00457582 -0.00418504 0.03667445
v 0.00428088 -0.00420554 0.03693100
v 0.00375225 -0.00442189 0.03693100
v 0.00261662 -0.00477991 0.03693100
v 0.00127533 -0.00503076 0.03693100
v 0.00088029 -0.00507111 0.03693100
v -0.00088029 -0.00507112 0.03693100
v -0.00127533 -0.00503076 0.03693100
v -0.00261662 -0.00477992 0.03693100
v -0.00375225 -0.00442189 0.03693100
v -0.00428087 -0.00420554 0.03693100
v -0.00949541 0.00436244 0.02368409
v -0.00950130 0.00436225 0.02346318
v -0.00941709 0.00248898 0.02386131
v -0.00212868 -0.00683751 0.03197261
v -0.00211273 -0.00649779 0.03584541
v -0.00313234 -0.00613567 0.03554212
v -0.00525701 -0.00585602 0.01454499
v -0.00614063 -0.00518613 0.01442737
v -0.00617739 -0.00552849 0.01213305
v -0.00693274 -0.00443150 0.01428507
v -0.00761927 -0.00360356 0.01411760
v -0.00766374 -0.00396628 0.01194538
v -0.00962848 -0.00099954 0.00288588
v -0.00970313 -0.00106602 0.00021728
v -0.00898756 -0.00344681 0.00011683
v -0.00384739 -0.00822040 -0.00558680
v -0.00361055 -0.00829234 -0.00558680
v -0.00341546 -0.00845610 -0.00401860
v -0.00934714 0.00435513 0.03682039
v -0.00934737 0.00438344 0.03691741
v -0.00934567 0.00438135 0.03617438
v -0.01006874 0.00144477 0.00026858
v -0.00907055 -0.00340056 -0.00290916
v -0.01002471 0.00392951 0.00365328
v -0.00936033 0.00436783 0.03055010
v -0.00928308 0.00295153 0.03549290
v -0.00929630 0.00310709 0.03554001
v -0.00931597 0.00338647 0.03566179
v -0.00932569 0.00356104 0.03576599
v -0.00934433 0.00437925 0.03542898
v -0.00933177 0.00369330 0.03586240
v -0.00934291 0.00404813 0.03622653
v -0.00934464 0.00413987 0.03635928
v -0.00892703 0.00065531 0.03171552
v -0.00902077 0.00124997 0.03542897
v -0.00926922 0.00252167 0.03107654
v -0.00913858 0.00184714 0.03542897
v -0.00922874 0.00244997 0.03542898
v -0.00835888 -0.00071867 0.03707621
v -0.00838444 -0.00067101 0.03687238
v -0.00828033 -0.00116571 0.03246222
v -0.00833645 -0.00075003 0.03742898
v -0.00828045 -0.00075003 0.03975302
v -0.00830529 -0.00075002 0.03871137
v -0.00821888 -0.00087918 0.03970502
v -0.00847513 -0.00047752 0.03642114
v -0.00852198 -0.00036788 0.03625316
v -0.00865527 -0.00002369 0.03588698
v -0.00870507 0.00011790 0.03578022
v -0.00884765 0.00057048 0.03554795
v -0.00889732 0.00074798 0.03549300
v -0.00727569 -0.00287588 0.03331188
v -0.00760784 -0.00196332 0.03930217
v -0.00662253 -0.00366887 0.03377370
v -0.00676755 -0.00308334 0.03888059
v -0.00410782 -0.00565598 0.03515921
v -0.00409341 -0.00536586 0.03779063
v -0.00517086 -0.00460258 0.03821743
v -0.00333650 -0.00580425 0.03750791
v -0.00201679 -0.00637195 0.03710410
v -0.00291954 -0.00601185 0.03736480
v 0.00000000 -0.00877492 -0.00558679
v -0.00115944 -0.00883492 -0.00417986
v -0.00124806 -0.00872239 -0.00558680
v -0.00230317 -0.00869630 -0.00411638
v -0.00245308 -0.00856321 -0.00558679
v -0.00723602 -0.00632969 -0.00341551
v -0.00633837 -0.00699322 -0.00558679
v -0.00640661 -0.00705112 -0.00358496
v -0.00573056 -0.00739014 -0.00558679
v -0.00795660 -0.00547090 -0.00324427
v -0.00774964 -0.00565521 -0.00558679
v -0.00709444 -0.00636750 -0.00558679
v -0.00882038 -0.00392748 -0.00558679
v -0.00930021 -0.00277159 -0.00558679
v -0.00856629 -0.00448688 -0.00307483
v -0.00825177 -0.00495347 -0.00558679
v -0.00956225 -0.00084693 0.00536761
v -0.00891966 -0.00335081 0.00290751
v -0.00848498 -0.00453234 0.00004604
v -0.00697378 -0.00479111 0.01205154
v -0.00770410 -0.00439258 0.00990436
v -0.00701064 -0.00522003 0.00995627
v -0.00774138 -0.00481083 0.00779977
v -0.00704366 -0.00564626 0.00780835
v -0.00621014 -0.00594539 0.00998577
v -0.00623873 -0.00636681 0.00779615
v -0.00528875 -0.00617119 0.01219271
v -0.00531687 -0.00656555 0.00999726
v -0.00536197 -0.00733031 0.00534184
v -0.00226262 -0.00869105 0.00239689
v -0.00113412 -0.00859659 0.00512043
v -0.00225280 -0.00844364 0.00515886
v -0.00112522 -0.00794758 0.00996122
v -0.00223499 -0.00777153 0.00997269
v -0.00111925 -0.00765839 0.01228080
v -0.00222312 -0.00746281 0.01227459
v -0.00111241 -0.00745959 0.01478903
v -0.00220957 -0.00724296 0.01475996
v -0.00629556 -0.00698866 0.00273067
v -0.00626462 -0.00672851 0.00540007
v -0.00711149 -0.00626009 0.00280554
v -0.00707469 -0.00600510 0.00544425
v -0.00782089 -0.00540137 0.00286041
v -0.00777792 -0.00515764 0.00546737
v -0.00837251 -0.00419783 0.00546850
v -0.00833027 -0.00387199 0.00777038
v -0.00881632 -0.00284826 0.00772357
v -0.00877140 -0.00248183 0.00974212
v -0.00634080 -0.00711078 -0.00025551
v -0.00716323 -0.00638154 -0.00014095
v -0.00787865 -0.00551802 -0.00003962
v -0.00842179 -0.00442446 0.00289368
v -0.00886421 -0.00314589 0.00545038
v -0.00482411 -0.00785340 -0.00558679
v -0.00448061 -0.00810683 -0.00389306
v -0.00548290 -0.00764101 -0.00374633
v -0.00443324 -0.00818694 -0.00049232
v -0.00542565 -0.00771047 -0.00037542
v -0.00440216 -0.00807179 0.00255350
v -0.00538732 -0.00759082 0.00264380
v -0.00438216 -0.00781426 0.00527717
v -0.00434627 -0.00707818 0.00999562
v -0.00432324 -0.00671236 0.01223393
v -0.00429712 -0.00642974 0.01463895
v -0.00329624 -0.00714518 0.01226009
v -0.00331382 -0.00748095 0.00998580
v -0.00334063 -0.00818411 0.00521365
v -0.00335547 -0.00843680 0.00246834
v -0.00337901 -0.00854651 -0.00059781
v -0.00227843 -0.00879552 -0.00068354
v 0.00000000 -0.00895528 -0.00265462
v 0.00000000 -0.00898713 -0.00076217
v 0.00000000 -0.00893127 0.00153951
v 0.00000000 -0.00888819 0.00232945
v 0.00000000 -0.00856243 0.00583843
v 0.00000000 -0.00777667 0.01179947
v 0.00000000 -0.00767896 0.01275496
v 0.00000000 -0.00753435 0.01479849
v -0.00672739 -0.00392904 0.02630688
v -0.00595990 -0.00472420 0.02672265
v -0.00582360 -0.00404829 0.03848254
v -0.00586763 -0.00440684 0.03425093
v -0.00591150 -0.00461206 0.03044228
v -0.00522210 -0.00566854 0.01721302
v -0.00605612 -0.00485531 0.01995726
v -0.00610009 -0.00497083 0.01702803
v -0.00683764 -0.00406347 0.01967615
v -0.00688731 -0.00419629 0.01681801
v -0.00751519 -0.00321811 0.01937953
v -0.00756979 -0.00336002 0.01658595
v -0.00819874 -0.00271386 0.01392970
v -0.00824579 -0.00306539 0.01181754
v -0.00828897 -0.00347440 0.00983138
v -0.00075585 -0.00666472 0.03688234
v -0.00106372 -0.00672661 0.03604505
v -0.00107175 -0.00708428 0.03216297
v -0.00108017 -0.00728484 0.02822794
v -0.00506218 -0.00531757 0.03089518
v -0.00510307 -0.00545148 0.02712450
v -0.00417179 -0.00609103 0.02749420
v -0.00518447 -0.00557579 0.02021540
v -0.00423771 -0.00620653 0.02044319
v -0.00426846 -0.00627399 0.01737035
v -0.00325430 -0.00677175 0.01749734
v -0.00327623 -0.00689586 0.01471027
v -0.00315594 -0.00644860 0.03168285
v -0.00214545 -0.00702755 0.02806416
v -0.00217894 -0.00712517 0.02077815
v -0.00109698 -0.00737629 0.02087051
v -0.00502449 -0.00507445 0.03472079
v -0.00413872 -0.00593585 0.03131621
v -0.00318096 -0.00662300 0.02781350
v -0.00323086 -0.00672912 0.02063324
v 0.00000000 -0.00746654 0.01743860
v 0.00000000 -0.00746409 0.02090295
v 0.00000000 -0.00745934 0.02426374
v 0.00000000 -0.00737501 0.02828658
v 0.00000000 -0.00723005 0.03132851
v 0.00000000 -0.00671471 0.03684358
v -0.00991873 0.00157656 0.00524144
v -0.00986427 0.00411667 0.00913536
v -0.00980154 0.00190408 0.00931897
v -0.00978327 0.00426226 0.01250444
v -0.00970700 0.00225494 0.01296301
v -0.00977842 0.00426866 0.01271287
v -0.00958512 0.00243619 0.01772136
v -0.00966470 0.00434334 0.01740899
v -0.00945390 -0.00033918 0.00953410
v -0.00935658 0.00020977 0.01332315
v -0.00867729 -0.00177400 0.01372933
v -0.00929964 0.00038797 0.01558658
v -0.00862238 -0.00154723 0.01608347
v -0.00907224 0.00058349 0.02442417
v -0.00923366 0.00049594 0.01819703
v -0.00841455 -0.00129447 0.02511440
v -0.00856035 -0.00141096 0.01877131
v -0.00739183 -0.00308516 0.02589470
v -0.00688391 -0.00075003 0.03919963
v -0.00699207 -0.00075002 0.03903776
v 0.00724272 0.00321534 0.03558123
v 0.00724272 0.00355243 0.03576027
v 0.00724273 0.00244998 0.03542899
v 0.00724272 0.00012506 0.03542899
v 0.00724272 0.00016125 0.03575127
v 0.00724272 0.00048461 0.03558122
v 0.00724273 0.00009252 0.03513910
v 0.00724272 0.00124998 0.03542897
v 0.00655236 -0.00215280 0.03785426
v 0.00680349 -0.00194436 0.03536754
v 0.00712172 -0.00075002 0.03742898
v 0.00616587 -0.00276457 0.03744452
v 0.00559156 -0.00342326 0.03706481
v 0.00614479 -0.00301132 0.03548720
v 0.00523797 -0.00388284 0.03558494
v 0.00591103 -0.00308515 0.03725039
v 0.00605037 -0.00291634 0.03735065
v 0.00717067 -0.00074493 0.03523302
v 0.00714642 -0.00068628 0.03692808
v 0.00715895 -0.00063839 0.03677014
v 0.00720227 -0.00041110 0.03631505
v 0.00721490 -0.00031704 0.03618623
v 0.00724102 0.00004043 0.03583619
v -0.00934799 0.00443817 0.03721203
v -0.00934768 0.00441631 0.03706357
v -0.00742446 0.00443817 0.03721203
v -0.00740772 0.00432708 0.03673872
v -0.00736910 0.00410488 0.03630589
v -0.00735172 0.00401599 0.03618495
v 0.00828045 -0.00075002 0.03975302
v 0.00823624 -0.00075002 0.04012898
v 0.00821888 -0.00087918 0.03970502
v 0.00819415 -0.00075562 0.04027851
v 0.00760783 -0.00196331 0.03930217
v 0.00677627 -0.00293077 0.03944040
v 0.00676755 -0.00308333 0.03888059
v 0.00490098 -0.00468582 0.03861644
v 0.00456424 -0.00505272 0.03797568
v 0.00587772 -0.00386773 0.03903178
v 0.00582650 -0.00404562 0.03848374
v 0.00611561 -0.00377226 0.03860370
v 0.00385362 -0.00539482 0.03818537
v 0.00272054 -0.00599186 0.03775551
v 0.00283514 -0.00605080 0.03733734
v 0.00157452 -0.00650289 0.03700590
v 0.00212077 -0.00633686 0.03713013
v 0.00214756 -0.00602871 0.03799182
v 0.00097259 -0.00636869 0.03767744
v 0.00000000 -0.00646395 0.03758192
v 0.00000000 -0.00662554 0.03722504
v 0.00131025 -0.00629435 0.03774948
v 0.00134628 -0.00655879 0.03696350
v 0.00676698 -0.00260521 0.04001567
v 0.00564925 -0.00379932 0.03945711
v 0.00532874 -0.00408334 0.03931057
v 0.00363347 -0.00529766 0.03857042
v 0.00755420 -0.00188294 0.03986768
v 0.00808605 -0.00080337 0.04048340
v 0.00734399 -0.00179861 0.04037045
v 0.00783627 -0.00094001 0.04073586
v 0.00650628 -0.00075002 0.03967769
v 0.00613989 -0.00075002 0.04012899
v 0.00833645 -0.00075002 0.03742898
v 0.00830529 -0.00075002 0.03871137
v -0.00650628 -0.00075003 0.03967770
v -0.00613989 -0.00075003 0.04012899
v -0.00580164 -0.00078316 0.04049153
v -0.00543063 -0.00086861 0.04080742
v -0.00457376 -0.00114843 0.04132685
v -0.00406758 -0.00132913 0.04153648
v -0.00274456 -0.00175730 0.04186522
v 0.00543063 -0.00086861 0.04080742
v 0.00580234 -0.00078304 0.04049086
v 0.00274456 -0.00175730 0.04186521
v 0.00406758 -0.00132913 0.04153648
v 0.00457376 -0.00114843 0.04132685
v 0.00000082 -0.00215834 0.04203946
v 0.00092179 -0.00211147 0.04202430
v 0.00138033 -0.00205379 0.04200388
v -0.00092223 -0.00211143 0.04202430
v -0.00138033 -0.00205379 0.04200388
v -0.00823624 -0.00075003 0.04012899
v 0.00922874 0.00244998 0.03542898
v 0.00913858 0.00184715 0.03542898
v 0.00902077 0.00124998 0.03542897
v 0.00889237 0.00072974 0.03549783
v 0.00837438 -0.00069037 0.03694417
v 0.00839598 -0.00064811 0.03679870
v 0.00849406 -0.00043395 0.03634990
v 0.00852531 -0.00035986 0.03624220
v 0.00866010 -0.00001028 0.03587601
v 0.00870077 0.00010539 0.03578888
v 0.00882238 0.00048451 0.03558126
v 0.00884319 0.00055509 0.03555357
v 0.00934665 0.00429774 0.03666361
v 0.00740302 0.00429774 0.03666361
v 0.00934464 0.00413987 0.03635928
v 0.00735754 0.00404515 0.03622257
v 0.00934291 0.00404813 0.03622653
v 0.00934714 0.00435513 0.03682038
v 0.00934737 0.00438345 0.03691741
v 0.00742613 0.00444998 0.03742898
v 0.00934790 0.00443325 0.03717087
v 0.00934850 0.00444998 0.03742899
v 0.00933177 0.00369330 0.03586240
v 0.00731944 0.00386419 0.03601477
v 0.00932569 0.00356104 0.03576598
v 0.00929630 0.00310709 0.03554001
v 0.00928307 0.00295154 0.03549290
v 0.00935024 0.00444998 0.03809490
v 0.00755243 0.01079340 0.01878658
v 0.00894880 0.00834262 0.01787450
v 0.00902909 0.00844094 0.01267486
v 0.00863661 0.00934417 0.01284063
v 0.00765303 0.01148503 0.00362392
v 0.00832621 0.01085488 -0.00304084
v 0.00830702 0.01069887 -0.00101893
v 0.00926999 0.00878506 -0.00101120
v 0.00964122 0.00649739 0.00858843
v 0.00975857 0.00649441 0.00396768
v 0.00916979 0.00874409 0.00381022
v 0.00921681 0.00636408 0.03921720
v 0.00934567 0.00438135 0.03617438
v 0.00919464 0.00639683 0.03183509
v 0.00787249 0.01009342 0.03632256
v 0.00857951 0.00873386 0.03719687
v 0.00839938 0.00913888 0.03149771
v 0.00901271 0.00740587 0.03823756
v 0.00874521 0.00827154 0.03153644
v 0.00930271 0.00895958 -0.00319355
v 0.00989284 0.00652242 -0.00103818
v 0.01002471 0.00392951 0.00365328
v 0.00986427 0.00411667 0.00913536
v 0.00978327 0.00426226 0.01250445
v 0.00977842 0.00426866 0.01271287
v 0.00956522 0.00645615 0.01252378
v 0.00908244 0.00863926 0.00854253
v 0.00867834 0.00960224 0.00855736
v 0.00824316 0.01066045 0.00367674
v 0.00818960 0.01048738 0.00859938
v 0.00761507 0.01129024 0.00867008
v 0.00771393 0.01166689 -0.00299085
v 0.00770031 0.01151946 -0.00102994
v 0.00745283 0.01068551 0.03599176
v 0.00748490 0.01074729 0.02498421
v 0.00801926 0.00999416 0.02466541
v 0.00846472 0.00917951 0.02443619
v 0.00882459 0.00830847 0.02429232
v 0.00856965 0.00922033 0.01809991
v 0.00810495 0.01003899 0.01840382
v 0.00934433 0.00437925 0.03542898
v 0.00936034 0.00436783 0.03055009
v 0.00930085 0.00641773 0.02424363
v 0.00949541 0.00436244 0.02368409
v 0.00950130 0.00436225 0.02346318
v 0.00966470 0.00434334 0.01740899
v 0.00815893 0.01018159 0.01306752
v 0.00759435 0.01094839 0.01335629
v 0.00895542 0.00750942 0.03836734
v 0.00884599 0.00758566 0.03848139
v 0.00869685 0.00762467 0.03856531
v 0.00759053 0.01013788 0.03668573
v 0.00827307 0.00886995 0.03754444
v 0.00841231 0.00885791 0.03745271
v 0.00851815 0.00881060 0.03733227
v 0.00771457 0.01015657 0.03658747
v 0.00781168 0.01014105 0.03646208
v -0.00832626 0.01085612 -0.00304955
v -0.00830724 0.01069931 -0.00103637
v -0.00770047 0.01151984 -0.00104694
v -0.00989333 0.00652306 -0.00105845
v -0.00918037 0.00659175 0.03898821
v -0.00934095 0.00494876 0.03834099
v -0.00932249 0.00533431 0.03866781
v -0.00932594 0.00524816 0.03809562
v -0.00931330 0.00547033 0.03874918
v -0.00934849 0.00452996 0.03762818
v -0.00934827 0.00458693 0.03777776
v -0.00934628 0.00474487 0.03807582
v -0.00934406 0.00484453 0.03821706
v -0.00927061 0.00593823 0.03893319
v -0.00925936 0.00603669 0.03895520
v -0.00925232 0.00609501 0.03896568
v -0.00930281 0.00896091 -0.00320299
v -0.00771396 0.01166808 -0.00299929
v -0.00796755 0.00995388 0.03132395
v -0.00779454 0.01021359 0.03625388
v -0.00748677 0.01074836 0.02480911
v -0.00919532 0.00639773 0.03158622
v -0.00892073 0.00774906 0.03794716
v -0.00874550 0.00827304 0.03129962
v -0.00765347 0.01148565 0.00357784
v -0.00761539 0.01129464 0.00860710
v -0.00759483 0.01095340 0.01326787
v -0.00927034 0.00878562 -0.00102985
v -0.00874951 0.00974612 0.00369389
v -0.00917074 0.00874441 0.00376472
v -0.00867898 0.00960552 0.00849955
v -0.00908326 0.00864174 0.00848667
v -0.00863746 0.00934802 0.01275823
v -0.00903014 0.00844394 0.01259472
v -0.00895112 0.00834374 0.01774290
v -0.00975982 0.00649425 0.00392212
v -0.00964238 0.00649776 0.00853516
v -0.00956667 0.00645686 0.01244653
v -0.00930533 0.00641812 0.02404979
v -0.00847655 0.00897438 0.03702936
v -0.00839952 0.00914044 0.03126731
v -0.00802165 0.00999521 0.02448686
v -0.00755370 0.01079496 0.01865483
v -0.00824376 0.01066101 0.00363094
v -0.00819007 0.01049129 0.00853919
v -0.00815958 0.01018611 0.01298236
v -0.00810655 0.01004049 0.01827235
v -0.00857160 0.00922168 0.01796848
v -0.00846766 0.00918046 0.02425387
v -0.00882809 0.00830927 0.02410607
v -0.00749850 0.00565000 0.00212299
v -0.00743849 0.00454136 0.03766116
v -0.00749850 0.00565010 0.03361766
v -0.00749850 0.00565012 0.03883827
v -0.00749373 0.00519345 0.03856714
v -0.00746189 0.00474486 0.03807581
v -0.00749850 0.00565008 0.02661765
v 0.00749850 0.00564999 0.00212301
v 0.00749850 0.00565018 0.03361765
v 0.00749850 0.00565015 0.02661765
v -0.00567057 0.01070886 0.03637713
v -0.00849027 0.00775498 0.03848998
v -0.00724079 0.00775498 0.03848998
v -0.00843931 0.00793990 0.03832731
v -0.00691348 0.00870780 0.03770255
v -0.00801928 0.00906650 0.03743488
v -0.00682457 0.00891074 0.03754905
v -0.00770325 0.00968103 0.03700921
v -0.00642440 0.00967026 0.03701438
v -0.00737952 0.01019634 0.03668066
v -0.00585257 0.01049037 0.03650267
v -0.00886205 0.00784588 0.03807863
v -0.00908629 0.00690533 0.03893127
v -0.00893161 0.00720278 0.03883374
v -0.00751564 0.01024946 0.03661831
v -0.00817315 0.00909477 0.03737992
v -0.00882024 0.00736798 0.03875646
v -0.00860625 0.00794724 0.03828063
v -0.00875319 0.00791488 0.03819453
v -0.00831014 0.00908794 0.03728694
v -0.00763803 0.01027108 0.03651954
v -0.00773405 0.01025852 0.03639374
v -0.00841486 0.00904610 0.03716556
v -0.00749627 0.00603666 0.03895520
v -0.00746740 0.00649881 0.03898948
v -0.00741051 0.00695542 0.03891827
v -0.00733141 0.00738150 0.03874931
v -0.00742349 0.00686882 0.03893990
v 0.00279993 -0.00312505 0.04212897
v 0.00376406 -0.00275002 0.04212898
v -0.00279992 -0.00312505 0.04212898
v -0.00376406 -0.00275003 0.04212898
v -0.00141738 -0.00345668 0.04212898
v -0.00000000 -0.00356814 0.04212898
v 0.00141738 -0.00345668 0.04212898
v 0.00705202 -0.00087227 0.04083021
v 0.00594684 -0.00132134 0.04153016
v 0.00477823 -0.00207875 0.04201249
v -0.00432553 -0.00239163 0.04209754
v -0.00819415 -0.00075562 0.04027851
v -0.00752162 -0.00079817 0.04056183
v -0.00712911 -0.00086019 0.04078242
v -0.00630548 -0.00113591 0.04131196
v -0.00594856 -0.00132179 0.04152907
v -0.00593484 -0.00132962 0.04153694
v -0.00508809 -0.00187400 0.04192846
v -0.00487622 -0.00201902 0.04199271
v 0.00541506 -0.00164745 0.04180127
v 0.00487444 -0.00201246 0.04198804
v 0.00703024 -0.00087728 0.04084358
v 0.00648258 -0.00105607 0.04119461
v -0.00590733 -0.00384141 0.03904117
v -0.00676755 -0.00260537 0.04001499
v -0.00680820 -0.00289461 0.03945225
v -0.00734483 -0.00179867 0.04036935
v -0.00758525 -0.00183643 0.03988297
v -0.00387457 -0.00538330 0.03819060
v -0.00492674 -0.00466766 0.03862379
v -0.00807831 -0.00080770 0.04049392
v -0.00783669 -0.00093999 0.04073529
v -0.00447134 -0.00475060 0.03893273
v -0.00564815 -0.00379943 0.03945795
v -0.00612108 -0.00333867 0.03968191
v -0.00362886 -0.00529968 0.03856967
v -0.00265353 -0.00581411 0.03817462
v -0.00252225 -0.00587331 0.03812541
v -0.00131741 -0.00629200 0.03775216
v -0.00119436 -0.00632152 0.03772382
v 0.00658970 -0.00170362 0.04139278
v 0.00772829 -0.00099688 0.04081797
v 0.00763969 -0.00104701 0.04087977
v 0.00736163 -0.00121379 0.04105059
v 0.00732119 -0.00123878 0.04107282
v 0.00694712 -0.00147468 0.04125342
v -0.00656781 -0.00171747 0.04140287
v -0.00672899 -0.00161426 0.04134412
v -0.00693876 -0.00147996 0.04125803
v -0.00723288 -0.00129391 0.04111793
v -0.00728331 -0.00126251 0.04109139
v -0.00734622 -0.00122360 0.04105711
v -0.00763198 -0.00105233 0.04088281
v -0.00772800 -0.00099798 0.04081639
v -0.00510658 -0.00253240 0.04182282
v -0.00599829 -0.00138566 0.04158092
v -0.00763603 -0.00081850 0.04061248
v -0.00767200 -0.00086940 0.04069938
v -0.00770474 -0.00093876 0.04077385
v -0.00546223 -0.00172326 0.04183685
v -0.00550963 -0.00180464 0.04185812
v -0.00495983 -0.00217078 0.04201917
v -0.00439659 -0.00253465 0.04209761
v -0.00383855 -0.00291329 0.04209566
v -0.00508937 -0.00247313 0.04188881
v -0.00619150 -0.00183106 0.04158853
v -0.00620518 -0.00191660 0.04153608
v -0.00669855 -0.00146340 0.04138073
v -0.00722425 -0.00125702 0.04111571
v -0.00716145 -0.00106485 0.04105417
v -0.00719660 -0.00115649 0.04109471
v -0.00672041 -0.00156379 0.04136200
v -0.00506520 -0.00240497 0.04194299
v -0.00616783 -0.00173924 0.04162415
v -0.00559232 -0.00197777 0.04184773
v -0.00555356 -0.00189051 0.04186188
v -0.00503488 -0.00233020 0.04198365
v -0.00446189 -0.00267568 0.04204562
v -0.00712036 -0.00098613 0.04099591
v -0.00707527 -0.00092351 0.04092286
v -0.00666732 -0.00136373 0.04137985
v -0.00662806 -0.00126932 0.04135927
v -0.00658246 -0.00118416 0.04131985
v -0.00653259 -0.00111170 0.04126365
v -0.00604863 -0.00146459 0.04161933
v -0.00609493 -0.00155215 0.04163994
v -0.00613520 -0.00164493 0.04164157
v -0.00391181 -0.00307385 0.04198013
v -0.00387709 -0.00299777 0.04204832
v 0.00379270 -0.00281279 0.04212420
v 0.00770485 -0.00093643 0.04077468
v 0.00719674 -0.00115183 0.04109564
v 0.00722445 -0.00125261 0.04111658
v 0.00707509 -0.00091876 0.04092385
v 0.00767206 -0.00086705 0.04070024
v 0.00763602 -0.00081617 0.04061333
v 0.00653200 -0.00110983 0.04126156
v 0.00599823 -0.00138423 0.04158106
v 0.00658192 -0.00118217 0.04131780
v 0.00604863 -0.00146312 0.04161950
v 0.00662756 -0.00126727 0.04135731
v 0.00609497 -0.00155067 0.04164011
v 0.00666685 -0.00136171 0.04137802
v 0.00613527 -0.00164350 0.04164175
v 0.00616791 -0.00173789 0.04162430
v 0.00712031 -0.00098129 0.04099689
v 0.00716151 -0.00106004 0.04105513
v 0.00546188 -0.00171747 0.04183726
v 0.00491602 -0.00208415 0.04200851
v 0.00550945 -0.00179871 0.04185858
v 0.00495846 -0.00216335 0.04201464
v 0.00555353 -0.00188460 0.04186237
v 0.00499817 -0.00224377 0.04200500
v 0.00559240 -0.00197203 0.04184821
v 0.00503380 -0.00232283 0.04197960
v 0.00508839 -0.00246674 0.04188541
v 0.00564904 -0.00213865 0.04176880
v 0.00382227 -0.00287759 0.04210892
v 0.00383856 -0.00291329 0.04209567
v 0.00387710 -0.00299777 0.04204832
v 0.00391181 -0.00307385 0.04198013
v 0.00619158 -0.00182982 0.04158867
v 0.00620525 -0.00191549 0.04153619
v -0.00147302 -0.00380825 0.04198013
v 0.00000000 -0.00392408 0.04198013
v 0.00147302 -0.00380825 0.04198012
v 0.00290983 -0.00346360 0.04198014
v -0.00290983 -0.00346360 0.04198014
v -0.00285534 -0.00329574 0.04209567
v 0.00285534 -0.00329574 0.04209566
v -0.00144543 -0.00363393 0.04209566
v -0.00000000 -0.00374760 0.04209567
v 0.00144543 -0.00363393 0.04209567
v 0.00582269 -0.00582052 -0.00189599
v 0.00576499 -0.00589704 -0.00558680
v 0.00569983 -0.00589548 -0.00191863
v 0.00524799 -0.00617750 -0.00558679
v 0.00417745 -0.00666764 -0.00207429
v -0.00569982 -0.00589549 -0.00191863
v -0.00417744 -0.00666764 -0.00207429
v -0.00466672 -0.00645403 -0.00558680
v -0.00212269 -0.00724367 -0.00558680
v -0.00234505 -0.00719970 -0.00558679
v -0.00254947 -0.00719352 -0.00218030
v -0.00269612 -0.00712097 -0.00558679
v -0.00352556 -0.00688825 -0.00558680
v -0.00090424 -0.00740546 -0.00558680
v -0.00085704 -0.00745983 -0.00223399
v 0.00031441 -0.00743674 -0.00558679
v 0.00085705 -0.00745983 -0.00223399
v 0.00090567 -0.00740535 -0.00558679
v 0.00413127 -0.00667496 -0.00558679
v 0.00296815 -0.00705198 -0.00558679
v 0.00254947 -0.00719352 -0.00218030
v 0.00176092 -0.00730556 -0.00558679
v 0.00153003 -0.00733890 -0.00558680
v 0.00621522 -0.00550121 -0.00191351
v 0.00676756 -0.00412354 -0.00198924
v 0.00676756 -0.00416372 -0.00555336
v 0.00669874 -0.00468184 -0.00556934
v 0.00670312 -0.00462493 -0.00196167
v 0.00649872 -0.00516460 -0.00558423
v 0.00651540 -0.00509428 -0.00193587
v 0.00644796 -0.00524776 -0.00558679
v 0.00616946 -0.00558915 -0.00558679
v 0.00676700 -0.00419697 -0.00558679
v 0.00668102 -0.00474469 -0.00558679
v 0.00676742 -0.00416354 -0.00558679
v 0.00676756 -0.00413010 -0.00558679
v 0.00676756 -0.00027748 -0.00193060
v 0.00676755 -0.00176663 -0.00558680
v 0.00676756 -0.00179251 -0.00482596
v 0.00676756 -0.00156861 -0.00373019
v 0.00676756 -0.00105008 -0.00273925
v 0.00709449 0.00001306 -0.00229889
v 0.00726755 -0.00129345 -0.00485660
v 0.00709450 -0.00132430 -0.00485470
v 0.00709450 -0.00112665 -0.00388744
v 0.00726755 -0.00126181 -0.00558679
v 0.00716252 -0.00127309 -0.00558680
v 0.00726755 -0.00064382 -0.00303073
v 0.00726756 -0.00091193 -0.00346914
v 0.00726756 -0.00109753 -0.00389780
v 0.00709450 -0.00066893 -0.00301271
v 0.00726756 0.00003220 -0.00232315
v 0.00691400 -0.00005850 -0.00220818
v 0.00679846 -0.00017029 -0.00206647
v 0.00679846 -0.00090947 -0.00284014
v 0.00679846 -0.00140556 -0.00378821
v 0.00679846 -0.00161978 -0.00483656
v 0.00679618 -0.00159843 -0.00558680
v 0.00691400 -0.00143962 -0.00484762
v 0.00691397 -0.00140985 -0.00558680
v 0.00687890 -0.00144920 -0.00558680
v 0.00709445 -0.00129307 -0.00558679
v 0.00700621 -0.00133635 -0.00558679
v 0.00691400 -0.00076281 -0.00294535
v 0.00691400 -0.00123551 -0.00384871
v 0.00920377 -0.00091106 -0.00346925
v 0.00917066 -0.00103446 -0.00373369
v 0.00910412 -0.00127168 -0.00464231
v 0.00909974 -0.00126181 -0.00558679
v 0.00928724 -0.00055595 -0.00291639
v 0.00937734 -0.00011889 -0.00245249
v 0.00942074 0.00011723 -0.00226065
v 0.00954411 0.00094121 -0.00180621
v 0.00963331 0.00185967 -0.00158947
v 0.00968124 0.00352085 -0.00183007
v 0.00967749 0.00280491 -0.00162601
v 0.00965735 0.00225696 -0.00157406
v 0.00959455 -0.00167978 -0.00460895
v 0.00965922 -0.00141316 -0.00361666
v 0.00958556 -0.00190280 -0.00458132
v 0.00965740 -0.00161677 -0.00353183
v 0.00971600 -0.00134828 -0.00301068
v 0.00976728 -0.00088688 -0.00273099
v 0.00977569 -0.00105615 -0.00259993
v 0.00989449 -0.00013977 -0.00201188
v 0.00991352 -0.00026425 -0.00184773
v 0.01001291 0.00077638 -0.00151126
v 0.01004048 0.00070248 -0.00132671
v 0.01009947 0.00179887 -0.00127121
v 0.01013203 0.00177802 -0.00107824
v 0.01014340 0.00285133 -0.00130977
v 0.01017723 0.00288405 -0.00111972
v 0.00962169 0.00007168 -0.00224084
v 0.00973965 0.00090789 -0.00177564
v 0.00982585 0.00184369 -0.00155210
v 0.00986943 0.00280788 -0.00158773
v 0.00932337 -0.00132369 -0.00464333
v 0.00931982 -0.00131365 -0.00558679
v 0.00926336 -0.00128984 -0.00558679
v 0.00949504 -0.00060768 -0.00290767
v 0.00938754 -0.00108412 -0.00372706
v 0.00950161 -0.00147012 -0.00463143
v 0.00949787 -0.00146275 -0.00558679
v 0.00940853 -0.00137031 -0.00558679
v 0.00957809 -0.00190495 -0.00558680
v 0.00958390 -0.00164973 -0.00558679
v 0.00951928 -0.00149389 -0.00558679
v 0.01003540 0.00282418 -0.00147636
v 0.00999201 0.00182215 -0.00143997
v 0.00990718 0.00084951 -0.00167152
v 0.00979168 -0.00001963 -0.00215277
v 0.00966814 -0.00072571 -0.00284181
v 0.00956367 -0.00122091 -0.00368727
v 0.00856629 -0.00448688 -0.00307483
v 0.00907055 -0.00340056 -0.00290915
v 0.00898756 -0.00344681 0.00011684
v 0.00922760 -0.00296990 -0.00558680
v 0.00926922 0.00252167 0.03107655
v 0.00106372 -0.00672661 0.03604505
v 0.00211274 -0.00649779 0.03584542
v 0.00313234 -0.00613567 0.03554212
v 0.00410783 -0.00565597 0.03515921
v 0.00502449 -0.00507445 0.03472080
v 0.00586763 -0.00440684 0.03425093
v 0.00662254 -0.00366887 0.03377371
v 0.00727569 -0.00287588 0.03331188
v 0.00828033 -0.00116571 0.03246222
v 0.00892703 0.00065531 0.03171552
v 0.00970313 -0.00106602 0.00021728
v 0.01006874 0.00144477 0.00026858
v 0.00779576 -0.00559714 -0.00558679
v 0.00830151 -0.00487476 -0.00558680
v 0.00880393 -0.00396159 -0.00558679
v 0.00448062 -0.00810683 -0.00389306
v 0.00341547 -0.00845610 -0.00401859
v 0.00389263 -0.00820595 -0.00558680
v 0.00352374 -0.00831721 -0.00558679
v 0.00230317 -0.00869630 -0.00411638
v 0.00228968 -0.00859164 -0.00558680
v 0.00115944 -0.00883492 -0.00417985
v 0.00098169 -0.00874268 -0.00558679
v 0.00111925 -0.00765839 0.01228080
v 0.00112523 -0.00794758 0.00996122
v 0.00223499 -0.00777152 0.00997269
v 0.00113412 -0.00859659 0.00512043
v 0.00225281 -0.00844364 0.00515887
v 0.00227843 -0.00879552 -0.00068354
v 0.00226262 -0.00869105 0.00239689
v 0.00335547 -0.00843680 0.00246834
v 0.00111241 -0.00745959 0.01478903
v 0.00222312 -0.00746281 0.01227459
v 0.00331383 -0.00748095 0.00998579
v 0.00334063 -0.00818411 0.00521364
v 0.00440217 -0.00807179 0.00255350
v 0.00707470 -0.00600510 0.00544425
v 0.00623874 -0.00636681 0.00779615
v 0.00626463 -0.00672851 0.00540007
v 0.00531687 -0.00656555 0.00999725
v 0.00536197 -0.00733031 0.00534184
v 0.00629556 -0.00698866 0.00273067
v 0.00711149 -0.00626009 0.00280553
v 0.00782089 -0.00540137 0.00286041
v 0.00881632 -0.00284826 0.00772357
v 0.00833027 -0.00387199 0.00777038
v 0.00837251 -0.00419783 0.00546850
v 0.00970700 0.00225494 0.01296301
v 0.00945390 -0.00033918 0.00953410
v 0.00980154 0.00190409 0.00931897
v 0.00956225 -0.00084693 0.00536761
v 0.00991873 0.00157656 0.00524144
v 0.00962848 -0.00099954 0.00288588
v 0.00891966 -0.00335081 0.00290751
v 0.00848498 -0.00453233 0.00004604
v 0.00795660 -0.00547090 -0.00324427
v 0.00723602 -0.00632969 -0.00341550
v 0.00714349 -0.00632054 -0.00558679
v 0.00640661 -0.00705112 -0.00358496
v 0.00639979 -0.00694842 -0.00558680
v 0.00548290 -0.00764100 -0.00374633
v 0.00587267 -0.00730436 -0.00558679
v 0.00492859 -0.00780665 -0.00558679
v 0.00337902 -0.00854651 -0.00059781
v 0.00443324 -0.00818694 -0.00049231
v 0.00542565 -0.00771047 -0.00037542
v 0.00634080 -0.00711078 -0.00025550
v 0.00716323 -0.00638154 -0.00014095
v 0.00787865 -0.00551801 -0.00003962
v 0.00842180 -0.00442446 0.00289368
v 0.00886421 -0.00314589 0.00545038
v 0.00841455 -0.00129447 0.02511440
v 0.00739183 -0.00308516 0.02589469
v 0.00856035 -0.00141096 0.01877131
v 0.00751519 -0.00321811 0.01937953
v 0.00862238 -0.00154723 0.01608347
v 0.00756979 -0.00336002 0.01658595
v 0.00761927 -0.00360356 0.01411760
v 0.00819874 -0.00271386 0.01392970
v 0.00867730 -0.00177400 0.01372933
v 0.00941709 0.00248898 0.02386132
v 0.00907224 0.00058349 0.02442417
v 0.00958512 0.00243619 0.01772136
v 0.00923367 0.00049595 0.01819703
v 0.00929964 0.00038797 0.01558658
v 0.00935658 0.00020978 0.01332315
v 0.00212868 -0.00683751 0.03197261
v 0.00315594 -0.00644860 0.03168285
v 0.00214546 -0.00702755 0.02806416
v 0.00318096 -0.00662300 0.02781350
v 0.00107176 -0.00708428 0.03216296
v 0.00108017 -0.00728484 0.02822793
v 0.00413872 -0.00593585 0.03131621
v 0.00506218 -0.00531757 0.03089517
v 0.00591150 -0.00461206 0.03044228
v 0.00672739 -0.00392904 0.02630688
v 0.00109698 -0.00737629 0.02087051
v 0.00217894 -0.00712517 0.02077815
v 0.00323086 -0.00672912 0.02063324
v 0.00219475 -0.00714639 0.01759133
v 0.00325430 -0.00677175 0.01749733
v 0.00220958 -0.00724296 0.01475996
v 0.00327623 -0.00689586 0.01471027
v 0.00329625 -0.00714518 0.01226010
v 0.00432325 -0.00671236 0.01223393
v 0.00434627 -0.00707818 0.00999562
v 0.00438216 -0.00781426 0.00527717
v 0.00538732 -0.00759082 0.00264380
v 0.00777792 -0.00515764 0.00546737
v 0.00774139 -0.00481083 0.00779977
v 0.00704367 -0.00564626 0.00780836
v 0.00701065 -0.00522003 0.00995627
v 0.00621015 -0.00594539 0.00998577
v 0.00617739 -0.00552848 0.01213304
v 0.00528875 -0.00617118 0.01219271
v 0.00525701 -0.00585602 0.01454499
v 0.00429713 -0.00642974 0.01463895
v 0.00522210 -0.00566854 0.01721302
v 0.00426846 -0.00627399 0.01737035
v 0.00518447 -0.00557579 0.02021540
v 0.00423771 -0.00620652 0.02044320
v 0.00510307 -0.00545148 0.02712450
v 0.00417180 -0.00609103 0.02749420
v 0.00877140 -0.00248183 0.00974212
v 0.00828897 -0.00347440 0.00983138
v 0.00770410 -0.00439258 0.00990436
v 0.00697378 -0.00479110 0.01205155
v 0.00614063 -0.00518613 0.01442737
v 0.00610010 -0.00497083 0.01702803
v 0.00605612 -0.00485530 0.01995726
v 0.00595990 -0.00472420 0.02672264
v 0.00872608 -0.00210238 0.01167457
v 0.00824579 -0.00306539 0.01181754
v 0.00766374 -0.00396627 0.01194538
v 0.00693274 -0.00443150 0.01428508
v 0.00688731 -0.00419628 0.01681801
v 0.00683764 -0.00406346 0.01967615
v 0.00275188 0.01277717 0.04045813
v 0.00278722 0.01276312 0.04069465
v 0.00288107 0.01272482 0.04091259
v -0.00356408 -0.00079880 0.03696802
v -0.00356408 -0.00079880 0.03803122
v -0.00405481 -0.00050915 0.03831479
v -0.00274812 0.01277864 0.04045813
v -0.00274813 0.01277865 0.04134881
v -0.00211299 0.01299646 0.04134881
v 0.00749745 0.00560488 0.03971046
v 0.00742366 0.00473289 0.03961769
v 0.00409600 0.01208301 0.04197269
v 0.00459289 0.01172947 0.04221661
v 0.00507679 0.01132080 0.04238266
v 0.00566812 0.01071173 0.04245710
v 0.00464592 0.01168795 0.03361761
v 0.00587937 0.01045677 0.04243246
v 0.00682224 0.00891588 0.04161251
v 0.00617857 0.01005177 0.04232233
v 0.00643501 0.00965262 0.04211273
v 0.00717772 0.00797519 0.04097379
v 0.00740416 0.00699540 0.04030850
v 0.00742366 0.00686762 0.04022525
v 0.00748582 0.00626131 0.03991486
v -0.00742366 0.00473289 0.03961771
v -0.00749756 0.00560890 0.03971046
v -0.00682513 0.00890955 0.04160571
v -0.00748599 0.00625849 0.03991207
v -0.00742281 0.00687352 0.04022645
v -0.00717714 0.00797712 0.04097248
v -0.00740352 0.00699937 0.04030851
v -0.00566812 0.01071173 0.04245700
v -0.00587023 0.01046829 0.04243379
v -0.00617765 0.01005311 0.04232156
v -0.00643294 0.00965608 0.04211272
v -0.00464592 0.01168795 0.03361761
v -0.00405481 0.01210962 0.03361761
v -0.00405480 0.01210967 0.04195122
v -0.00459061 0.01173123 0.04221699
v -0.00507383 0.01132352 0.04238268
v -0.00287739 0.01272635 0.04091266
v -0.00278393 0.01276444 0.04069616
v -0.00359568 0.01238214 0.04165378
v -0.00315921 0.01260243 0.04127925
v -0.00292637 0.01270575 0.03361760
v -0.00682224 0.00268460 0.03361767
v -0.00709779 0.00337716 0.03974341
v -0.00719374 0.00367887 0.03361767
v -0.00730373 0.00409569 0.03967191
v -0.00742366 0.00473286 0.03361765
v -0.00630573 0.00173970 0.03361767
v -0.00663418 0.00230203 0.03967390
v -0.00682224 0.00268464 0.03972298
v -0.00490777 0.00012891 0.03361769
v -0.00541634 0.00061245 0.03910384
v -0.00566812 0.00088876 0.03361769
v -0.00566812 0.00088880 0.03924080
v -0.00618851 0.00156324 0.03949961
v -0.00211299 -0.00139596 0.03696802
v -0.00311292 -0.00102325 0.03361770
v -0.00405481 -0.00050918 0.03361768
v -0.00476575 0.00000909 0.03873174
v -0.00211299 -0.00139598 0.03361769
v -0.00106633 -0.00162359 0.03361769
v 0.00000000 -0.00169976 0.03696803
v -0.00000000 -0.00169978 0.03361770
v 0.00106649 -0.00162357 0.03361770
v 0.00211299 -0.00139596 0.03696803
v 0.00405481 -0.00050918 0.03361770
v 0.00356053 -0.00080072 0.03696802
v 0.00311307 -0.00102318 0.03361769
v 0.00211299 -0.00139598 0.03361770
v 0.00356053 -0.00080071 0.03803122
v 0.00405206 -0.00051092 0.03831516
v 0.00476691 0.00001004 0.03873423
v 0.00490790 0.00012901 0.03361768
v 0.00542266 0.00061906 0.03910889
v 0.00566812 0.00088876 0.03361769
v 0.00682224 0.00268461 0.03361767
v 0.00663791 0.00230910 0.03967564
v 0.00630582 0.00173984 0.03361768
v 0.00618888 0.00156378 0.03950080
v 0.00566510 0.00088531 0.03924059
v 0.00719379 0.00367903 0.03361767
v 0.00742366 0.00473286 0.03361766
v 0.00730281 0.00409177 0.03967191
v 0.00709754 0.00337645 0.03974331
v 0.00682168 0.00268341 0.03972320
v 0.00405481 0.01210962 0.03361760
v 0.00359728 0.01238127 0.04165236
v 0.00211299 0.01299641 0.03361760
v 0.00292637 0.01270575 0.03361760
v 0.00316286 0.01260073 0.04127925
v -0.00211300 0.01299642 0.03361760
v -0.00099909 0.01323337 0.03361760
v -0.00150974 0.01314674 0.04134881
v -0.00000000 0.01330022 0.03361760
v -0.00000000 0.01330027 0.04134881
v 0.00099909 0.01323337 0.03361760
v 0.00150974 0.01314674 0.04134880
v 0.00211299 0.01299646 0.04134881
v 0.00275187 0.01277717 0.04134881
v -0.00642500 0.00512534 0.00274827
v -0.00746959 0.00512534 0.00274827
v -0.00723795 0.00776520 -0.00039784
v -0.00613730 0.01011085 -0.00319331
v -0.00636260 0.00956676 -0.00254488
v -0.00690063 0.00873789 -0.00155706
v -0.00642500 0.00907350 -0.00195703
v 0.00719379 0.00367899 0.02661766
v -0.00719374 0.00367883 0.02661766
v 0.00630582 0.00173980 0.02661767
v 0.00490789 0.00012897 0.02661769
v 0.00311307 -0.00102323 0.02661770
v 0.00106650 -0.00162361 0.02661770
v -0.00106633 -0.00162364 0.02661769
v -0.00311292 -0.00102330 0.02661769
v -0.00490777 0.00012886 0.02661768
v -0.00630573 0.00173966 0.02661768
v 0.00603569 0.01025219 0.02661762
v 0.00464592 0.01168791 0.02661761
v -0.00464592 0.01168791 0.02661761
v -0.00603569 0.01025219 0.02661762
v -0.00292637 0.01270571 0.02661760
v -0.00099910 0.01323333 0.02661760
v 0.00099909 0.01323333 0.02661760
v 0.00292637 0.01270571 0.02661761
v 0.00445697 0.01183200 -0.00463059
v 0.00413616 0.01205634 -0.00472651
v -0.00576244 0.01060042 -0.00376572
v -0.00445697 0.01183201 -0.00463059
v -0.00413748 0.01205547 -0.00472613
v -0.00500567 0.01138506 -0.00439297
v -0.00548120 0.01091920 -0.00405335
v -0.00318899 0.01258822 -0.00496514
v -0.00215954 0.01298233 -0.00515178
v -0.00151239 0.01314589 -0.00523161
v -0.00076055 0.01326130 -0.00528876
v -0.00000000 0.01329996 -0.00530805
v 0.00076022 0.01326134 -0.00528877
v 0.00150589 0.01314723 -0.00523227
v 0.00215954 0.01298233 -0.00515178
v 0.00318899 0.01258822 -0.00496514
v 0.00481667 0.01154893 0.00673684
v 0.00576244 0.01060042 -0.00376573
v 0.00548120 0.01091920 -0.00405336
v 0.00500565 0.01138508 -0.00439299
v 0.00613730 0.01011085 -0.00319331
v 0.00655501 0.00944441 -0.00239907
v 0.00690063 0.00873790 -0.00155707
v 0.00723795 0.00776520 -0.00039784
v 0.00719605 0.00368654 0.00375156
v 0.00727331 0.00397002 0.00363478
v 0.00740198 0.00459146 0.00325845
v 0.00746959 0.00512534 0.00274827
v 0.00630580 0.00173962 0.00394999
v 0.00675842 0.00254830 0.00394998
v 0.00700165 0.00311174 0.00390246
v -0.00490787 0.00012880 0.00395000
v -0.00311302 -0.00102340 0.00395000
v -0.00106643 -0.00162377 0.00395001
v 0.00106641 -0.00162377 0.00395001
v 0.00311301 -0.00102340 0.00395001
v 0.00490786 0.00012879 0.00395000
v -0.00719378 0.00367883 0.00375432
v -0.00700184 0.00311222 0.00390238
v -0.00675842 0.00254829 0.00394998
v -0.00630580 0.00173963 0.00394999
v -0.00740237 0.00459380 0.00325665
v -0.00727331 0.00397002 0.00363478
v 0.00175000 0.00080000 -0.00000000
v 0.00151555 0.00440001 0.00087497
v 0.00151554 0.00080001 0.00087500
v 0.00087500 0.00440001 0.00151552
v 0.00087500 0.00080001 0.00151554
v -0.00000000 0.00440001 0.00174997
v -0.00000000 0.00080001 0.00174999
v -0.00087500 0.00440001 0.00151552
v -0.00087500 0.00080001 0.00151554
v -0.00151554 0.00440001 0.00087497
v -0.00151555 0.00080001 0.00087500
v -0.00175000 0.00440000 -0.00000003
v -0.00175000 0.00080000 -0.00000001
v -0.00151554 0.00439999 -0.00087503
v -0.00151555 0.00079999 -0.00087500
v -0.00087500 0.00439999 -0.00151557
v -0.00087500 0.00079999 -0.00151555
v 0.00000000 0.00439999 -0.00175003
v -0.00000000 0.00079999 -0.00175000
v 0.00087500 0.00439999 -0.00151558
v 0.00087500 0.00079999 -0.00151555
v 0.00151554 0.00439999 -0.00087503
v 0.00151555 0.00079999 -0.00087501
v 0.00175000 0.00440000 -0.00000003
v -0.00384785 0.00439998 -0.00267313
v -0.00445697 0.00644997 -0.00463056
v -0.00150589 0.00644997 -0.00523222
v -0.00130009 0.00439998 -0.00319257
v 0.00150589 0.00644997 -0.00523222
v 0.00130009 0.00439998 -0.00319257
v 0.00445697 0.00644997 -0.00463055
v 0.00384785 0.00439998 -0.00267313
v -0.00274988 0.00625102 0.04361765
v 0.00275012 0.00624954 0.04361765
v -0.00274993 0.00605006 0.04436765
v 0.00275007 0.00604859 0.04436765
v -0.00275008 0.00550103 0.04491669
v 0.00274992 0.00549955 0.04491669
v -0.00275028 0.00475103 0.04511766
v 0.00274972 0.00474955 0.04511766
v -0.00275048 0.00400103 0.04491670
v 0.00274951 0.00399955 0.04491670
v -0.00275063 0.00345199 0.04436767
v 0.00274937 0.00345051 0.04436767
v -0.00275068 0.00325102 0.04361767
v 0.00274932 0.00324954 0.04361767
v -0.00275063 0.00345198 0.04286767
v 0.00274937 0.00345050 0.04286767
v -0.00275048 0.00400101 0.04231863
v 0.00274952 0.00399953 0.04231863
v -0.00275028 0.00475101 0.04211766
v 0.00274972 0.00474953 0.04211766
v -0.00275008 0.00550101 0.04231862
v 0.00274992 0.00549953 0.04231862
v -0.00274993 0.00605005 0.04286765
v 0.00275006 0.00604858 0.04286765
v 0.00274823 -0.00080046 0.04361328
v 0.00274878 0.00127139 0.04665765
v 0.00274864 0.00073428 0.04614788
v 0.00274847 0.00008681 0.04535536
v 0.00274850 0.00020666 0.04552105
v 0.00274882 0.00142253 0.04678294
v 0.00274927 0.00310187 0.04778391
v 0.00274823 -0.00080049 0.03803122
v 0.00274861 0.00061978 0.03910889
v 0.00274906 0.00231015 0.03967563
v 0.00274940 0.00357074 0.04796095
v 0.00274962 0.00436941 0.04817836
v 0.00275011 0.00622804 0.04831332
v 0.00275018 0.00646134 0.04829502
v 0.00275028 0.00682655 0.04825048
v 0.00275110 0.00988522 0.04700522
v 0.00275084 0.00891657 0.04759155
v 0.00275005 0.00597189 0.04832436
v 0.00274978 0.00499298 0.04827972
v 0.00274978 0.00498588 0.04827888
v 0.00275180 0.01250330 0.04328456
v 0.00275158 0.01170316 0.04506834
v 0.00275125 0.01043957 0.04656013
v 0.00275122 0.01032472 0.04666016
v 0.00275081 0.00881172 0.04764282
v 0.00275073 0.00850240 0.04778172
v 0.00275031 0.00694740 0.04823142
v 0.00274954 0.00409299 0.03967190
v 0.00274995 0.00560615 0.03971046
v 0.00275032 0.00699665 0.04030849
v 0.00275103 0.00965361 0.04211273
v 0.00275125 0.01045761 0.04243246
v 0.00275148 0.01132142 0.04238268
v 0.00275183 0.01262182 0.04281300
v 0.00275169 0.01208337 0.04197269
v 0.00275183 0.01260084 0.04127925
v -0.00275177 -0.00079902 0.03803122
v 0.00179652 -0.00080020 0.04442397
v -0.00180006 -0.00079923 0.04442396
v -0.00275177 -0.00079898 0.04361328
v -0.00062687 -0.00079954 0.04485591
v 0.00062332 -0.00079988 0.04485592
v -0.00274852 0.01132290 0.04238268
v -0.00274820 0.01250477 0.04328456
v -0.00274817 0.01262330 0.04281300
v -0.00274831 0.01208484 0.04197269
v -0.00274817 0.01260232 0.04127925
v -0.00274842 0.01170463 0.04506834
v -0.00274875 0.01045909 0.04243246
v -0.00274897 0.00965509 0.04211273
v -0.00274916 0.00891805 0.04759155
v -0.00274919 0.00881320 0.04764282
v -0.00274951 0.00761486 0.04808661
v -0.00274969 0.00694888 0.04823142
v -0.00274890 0.00988247 0.04700827
v -0.00274878 0.01032620 0.04666016
v -0.00274875 0.01044104 0.04656013
v -0.00274995 0.00597337 0.04832436
v -0.00274989 0.00622796 0.04831341
v -0.00275136 0.00072931 0.04614106
v -0.00275150 0.00020814 0.04552105
v -0.00275153 0.00008828 0.04535536
v -0.00274968 0.00699813 0.04030849
v -0.00275005 0.00560763 0.03971046
v -0.00275046 0.00409447 0.03967190
v -0.00275094 0.00231163 0.03967563
v -0.00275139 0.00062126 0.03910889
v -0.00274982 0.00646281 0.04829502
v -0.00274972 0.00682642 0.04825073
v -0.00275060 0.00357007 0.04796023
v -0.00275072 0.00310335 0.04778391
v -0.00275118 0.00142401 0.04678294
v -0.00275122 0.00127287 0.04665765
v -0.00275039 0.00436883 0.04817792
v -0.00275022 0.00498736 0.04827888
v -0.00275022 0.00499445 0.04827972
v -0.00148073 0.01300559 0.04281197
v -0.00139482 0.01258754 0.04421892
v 0.00000000 0.01272938 0.04421893
v -0.00186952 0.00362258 0.04827796
v -0.00095307 0.00469012 0.04870474
v -0.00115704 0.00490470 0.04870474
v 0.00186952 0.00362258 0.04827795
v 0.00095307 0.00469012 0.04870474
v 0.00071008 0.00452099 0.04870473
v 0.00113185 0.00843783 0.04827791
v 0.00057701 0.00714491 0.04870471
v 0.00083587 0.00700124 0.04870472
v -0.00000000 0.00580032 0.04884884
v -0.00141647 0.00543357 0.04870474
v -0.00131365 0.00515594 0.04870474
v 0.00146130 0.00572621 0.04870473
v 0.00144630 0.00602188 0.04870472
v 0.00141647 0.00543357 0.04870473
v 0.00029454 0.00723354 0.04870472
v -0.00213003 -0.00065160 0.04452474
v 0.00226962 0.00404349 0.04827795
v 0.00257681 0.00453633 0.04827794
v 0.00243892 0.01215806 0.04449211
v 0.00148073 0.01300559 0.04281197
v -0.00243689 0.01215871 0.04449237
v -0.00269146 0.00679712 0.04827794
v -0.00257370 0.00116338 0.04665218
v -0.00186683 -0.00014973 0.04551566
v -0.00257681 0.00453633 0.04827795
v -0.00137209 0.00630848 0.04870472
v -0.00144630 0.00602188 0.04870473
v -0.00146130 0.00572621 0.04870472
v 0.00209139 0.01067381 0.04665210
v 0.00163961 0.00815600 0.04827793
v 0.00208024 0.00777773 0.04827792
v 0.00269146 0.00679712 0.04827793
v 0.00137210 0.00630848 0.04870472
v 0.00131365 0.00515594 0.04870474
v 0.00207431 -0.00081103 0.04421902
v 0.00186683 -0.00014974 0.04551566
v 0.00063089 -0.00040373 0.04551566
v -0.00063089 -0.00040373 0.04551567
v 0.00057775 0.00861168 0.04827792
v 0.00083877 0.00988179 0.04758484
v -0.00000000 0.00726349 0.04870472
v 0.00106050 0.00680840 0.04870472
v 0.00243571 0.00731850 0.04827793
v 0.00124172 0.00657428 0.04870472
v 0.00115705 0.00490470 0.04870474
v -0.00226962 0.00404349 0.04827795
v -0.00243571 0.00731850 0.04827793
v -0.00124172 0.00657428 0.04870472
v -0.00106050 0.00680839 0.04870472
v -0.00208024 0.00777773 0.04827793
v -0.00238034 0.00922024 0.04758485
v -0.00163961 0.00815600 0.04827793
v -0.00083586 0.00700124 0.04870472
v -0.00000000 0.00867043 0.04827792
v -0.00000000 0.00996708 0.04758484
v -0.00000000 0.01110360 0.04665212
v -0.00029454 0.00723354 0.04870472
v 0.00238034 0.00922024 0.04758484
v 0.00164319 0.00962940 0.04758484
v 0.00139288 0.00329083 0.04827795
v 0.00202214 0.00215710 0.04758489
v 0.00271412 0.00263873 0.04758489
v -0.00043802 0.00440424 0.04870473
v -0.00071008 0.00452099 0.04870473
v -0.00085921 0.00306182 0.04827796
v -0.00139288 0.00329083 0.04827796
v -0.00124738 0.00182463 0.04758489
v -0.00202214 0.00215710 0.04758489
v -0.00158761 0.00074022 0.04665218
v -0.00271412 0.00263874 0.04758488
v -0.00209139 0.01067381 0.04665212
v -0.00164319 0.00962940 0.04758484
v -0.00113185 0.00843783 0.04827792
v -0.00057701 0.00714491 0.04870472
v 0.00106755 0.01099504 0.04665211
v 0.00158761 0.00074022 0.04665218
v 0.00257370 0.00116338 0.04665218
v 0.00124738 0.00182463 0.04758490
v 0.00085921 0.00306182 0.04827796
v 0.00043802 0.00440424 0.04870473
v 0.00014803 0.00434465 0.04870473
v 0.00029037 0.00294492 0.04827795
v 0.00042155 0.00165491 0.04758490
v 0.00053653 0.00052422 0.04665218
v -0.00053652 0.00052421 0.04665219
v -0.00042155 0.00165491 0.04758489
v -0.00029037 0.00294492 0.04827795
v -0.00014803 0.00434465 0.04870474
v -0.00057775 0.00861168 0.04827792
v -0.00083876 0.00988179 0.04758484
v -0.00106755 0.01099504 0.04665212
v -0.00125530 0.01190866 0.04551558
v 0.00245921 0.01153093 0.04551559
v 0.00125530 0.01190866 0.04551557
v -0.00000000 0.01203631 0.04551558
v -0.00245921 0.01153093 0.04551559
v 0.00139481 0.01258754 0.04421893
v -0.00000000 0.01315616 0.04281198
v 0.00642500 0.00644999 -0.00195701
v 0.00642500 0.00644999 -0.00105004
v 0.00437500 0.00439999 -0.00195700
v 0.00437500 0.00439999 -0.00105003
v 0.00642500 0.00440002 0.00247169
v 0.00534597 0.00440001 0.00158095
v 0.00642500 0.00591899 0.00050110
v 0.00462549 0.00440000 0.00035218
v 0.00642500 0.00630844 -0.00028437
v 0.00642500 0.00637327 -0.00049076
v -0.00437500 0.00439999 -0.00105003
v -0.00462549 0.00440000 0.00035218
v -0.00642500 0.00644999 -0.00105004
v -0.00642500 0.00630988 -0.00028840
v -0.00642500 0.00440002 0.00247169
v -0.00642500 0.00531571 0.00136323
v -0.00534597 0.00440001 0.00158095
v -0.00642500 0.00573792 0.00078174
v -0.00642500 0.00622371 -0.00007211
v -0.00642500 0.00644999 -0.00195701
v -0.00437500 0.00439999 -0.00195700
v -0.00642500 0.00440002 0.00279121
v -0.00412220 0.00439998 -0.00251851
v -0.00430889 0.00439999 -0.00226490
v 0.00642500 0.00440002 0.00279122
v 0.00412220 0.00439998 -0.00251851
v 0.00430888 0.00439999 -0.00226490
v -0.00617817 0.00644998 -0.00310650
v -0.00548120 0.00644997 -0.00405332
v 0.00548120 0.00644997 -0.00405333
v 0.00617817 0.00644998 -0.00310650
v 0.00642500 0.00512534 0.00274826
v 0.00642500 0.00432079 0.00318132
v 0.00642500 0.00409566 0.00350960
v 0.00642500 0.00397002 0.00363478
v 0.00642500 0.00376030 0.00372406
v 0.00642500 0.00907350 -0.00195703
v -0.00642500 0.00376030 0.00372406
v -0.00642500 0.00409566 0.00350961
v -0.00642500 0.00432079 0.00318131
v -0.00642500 0.00397002 0.00363478
v 0.00636260 0.00956676 -0.00254488
v 0.00628525 0.00980649 -0.00283059
v 0.00617817 0.01003803 -0.00310652
v 0.00000000 0.00254830 0.00394998
v 0.00000000 0.00080000 -0.00000001
v 0.00151178 0.00829602 0.03706764
v 0.00150066 0.00825022 0.03706764
v 0.00151178 0.00829604 0.03901763
v 0.00150066 0.00825023 0.03901764
v 0.00198855 0.00839762 0.03706763
v 0.00160354 0.00771823 0.03706763
v 0.00150054 0.00779984 0.03706764
v 0.00168818 0.00886786 0.03706764
v 0.00209871 0.00917070 0.03706763
v 0.00168818 0.00886787 0.03901763
v 0.00104702 0.00807042 0.03561764
v 0.00160354 0.00771822 0.03561764
v 0.00150149 0.00868877 0.03561763
v 0.00198855 0.00839761 0.03561763
v 0.00209871 0.00917070 0.03561762
v 0.00150054 0.00779985 0.03901764
v 0.00150149 0.00868880 0.03901764
v 0.00104737 0.00807104 0.03901764
v 0.00104716 0.00807077 0.04058988
v 0.00102378 0.00802761 0.04607995
v 0.00076243 0.00734483 0.03996425
v 0.00100059 0.00798306 0.04613905
v 0.00076243 0.00734488 0.04679209
v 0.00104702 0.00807049 0.04601905
v 0.00104121 0.00805993 0.04603444
v 0.00103540 0.00804926 0.04604973
v 0.00063424 0.00740178 0.04674475
v 0.00050057 0.00744846 0.04670458
v 0.00063430 0.00740172 0.03988074
v 0.00050057 0.00744842 0.03979043
v 0.00050525 0.00752529 0.03983562
v 0.00097134 0.00807310 0.04052928
v 0.00086392 0.00805066 0.04042904
v 0.00078854 0.00801582 0.04034764
v 0.00059726 0.00781858 0.04007696
v 0.00116535 0.00803955 0.03901764
v 0.00133595 0.00791336 0.03901764
v 0.00119673 0.00799526 0.04605713
v 0.00132266 0.00792175 0.04602583
v 0.00133595 0.00791341 0.04601764
v 0.00100061 0.00807418 0.04601763
v 0.00116535 0.00803959 0.04601770
v 0.00108514 0.00806465 0.04601850
v 0.00104317 0.00807160 0.04601809
v 0.00054077 0.00769192 0.04647350
v 0.00060905 0.00783818 0.04631467
v 0.00088153 0.00805646 0.04604204
v 0.00078594 0.00801433 0.04609850
v 0.00074126 0.00798440 0.04613743
f 1 2 3
f 3 2 4
f 5 6 7
f 7 6 8
f 7 8 4
f 4 8 9
f 4 9 3
f 10 11 12
f 12 11 13
f 12 13 14
f 14 15 16
f 16 15 17
f 16 17 5
f 5 17 18
f 5 18 6
f 14 13 15
f 15 13 19
f 15 19 20
f 12 21 10
f 10 21 22
f 10 22 23
f 23 22 24
f 23 24 25
f 25 24 26
f 27 28 29
f 29 28 30
f 29 30 31
f 31 30 26
f 31 26 24
f 32 33 27
f 27 33 34
f 27 34 28
f 35 36 37
f 37 36 38
f 37 38 39
f 39 38 40
f 39 40 41
f 41 40 42
f 41 42 32
f 32 42 43
f 32 43 33
f 36 35 44
f 44 35 45
f 46 47 45
f 45 47 48
f 45 48 44
f 49 50 51
f 51 50 52
f 51 52 53
f 45 54 46
f 46 54 55
f 46 55 56
f 56 55 57
f 55 50 57
f 57 50 49
f 57 49 58
f 58 49 59
f 60 61 62
f 62 61 63
f 63 64 62
f 62 64 65
f 62 65 66
f 66 65 67
f 66 67 53
f 53 67 68
f 53 68 51
f 69 70 71
f 62 66 60
f 60 66 69
f 60 69 72
f 72 69 71
f 73 74 75
f 74 73 76
f 77 78 70
f 70 78 79
f 70 79 71
f 71 79 80
f 71 80 72
f 72 80 81
f 72 81 82
f 83 84 85
f 85 76 83
f 83 76 73
f 83 73 86
f 86 73 87
f 86 87 77
f 77 87 88
f 77 88 78
f 89 90 91
f 85 84 89
f 89 91 85
f 85 91 92
f 85 92 76
f 76 92 93
f 76 93 74
f 94 95 96
f 91 90 92
f 92 90 94
f 92 94 93
f 93 94 96
f 95 94 97
f 97 94 98
f 97 98 99
f 99 98 100
f 99 100 101
f 101 100 102
f 101 102 103
f 103 102 104
f 103 104 105
f 105 104 106
f 105 106 107
f 106 108 107
f 107 108 109
f 108 110 109
f 109 110 111
f 109 111 112
f 112 111 113
f 114 115 116
f 116 115 117
f 116 117 113
f 113 117 118
f 113 118 112
f 119 120 121
f 121 120 122
f 121 122 123
f 123 122 124
f 123 124 114
f 114 124 125
f 114 125 115
f 126 127 119
f 119 127 128
f 119 128 120
f 129 130 131
f 129 131 132
f 132 131 133
f 132 133 134
f 134 133 135
f 134 135 136
f 136 135 137
f 136 137 138
f 138 137 139
f 139 137 140
f 139 140 141
f 142 143 144
f 145 146 147
f 147 146 148
f 147 148 149
f 149 148 150
f 149 150 151
f 151 150 152
f 151 152 153
f 154 155 156
f 156 155 157
f 157 155 142
f 157 142 147
f 147 142 144
f 147 144 145
f 140 158 141
f 141 158 159
f 141 159 160
f 156 161 154
f 154 161 162
f 154 162 160
f 160 162 163
f 160 163 141
f 164 165 166
f 167 168 166
f 169 170 144
f 144 170 171
f 144 171 145
f 145 171 146
f 172 173 174
f 174 173 175
f 174 175 169
f 169 175 176
f 169 176 177
f 177 178 169
f 169 178 179
f 169 179 170
f 170 179 180
f 170 180 171
f 171 180 181
f 171 181 146
f 146 181 148
f 172 174 182
f 182 174 183
f 182 183 167
f 167 183 168
f 168 183 184
f 168 184 166
f 166 184 185
f 166 185 164
f 144 143 169
f 169 143 186
f 169 186 174
f 174 186 187
f 174 187 183
f 188 189 190
f 191 192 193
f 194 195 196
f 197 198 199
f 199 198 200
f 199 200 201
f 196 195 202
f 202 195 190
f 202 190 203
f 203 190 189
f 203 189 201
f 201 189 188
f 201 188 199
f 192 204 193
f 193 204 205
f 193 205 206
f 206 205 207
f 206 207 197
f 197 207 208
f 197 208 198
f 198 208 209
f 198 209 200
f 210 211 212
f 212 211 213
f 213 211 214
f 213 214 215
f 215 214 216
f 215 216 217
f 216 218 217
f 217 218 219
f 217 219 220
f 220 219 221
f 220 221 222
f 222 221 223
f 222 223 224
f 224 223 225
f 224 225 226
f 225 227 226
f 226 227 228
f 226 228 229
f 228 230 229
f 229 230 231
f 229 231 232
f 232 231 233
f 232 233 234
f 234 233 235
f 234 235 236
f 236 235 237
f 236 237 238
f 239 240 241
f 241 240 238
f 241 238 242
f 243 244 245
f 245 244 239
f 246 247 243
f 243 247 248
f 243 248 244
f 237 249 238
f 238 249 250
f 238 250 242
f 242 250 251
f 242 251 241
f 241 251 252
f 241 252 239
f 239 252 253
f 239 253 245
f 245 253 254
f 245 254 243
f 212 191 210
f 210 191 193
f 210 193 255
f 255 193 206
f 175 173 256
f 256 173 172
f 172 182 256
f 256 182 167
f 256 167 257
f 194 258 165
f 165 258 257
f 165 257 166
f 166 257 167
f 257 259 256
f 256 259 260
f 256 260 261
f 261 260 262
f 261 262 263
f 263 262 264
f 263 264 265
f 265 264 266
f 265 266 267
f 268 269 266
f 266 269 270
f 266 270 267
f 271 272 273
f 273 272 274
f 274 272 275
f 274 275 276
f 276 275 277
f 276 277 278
f 278 277 279
f 278 279 280
f 280 279 281
f 280 281 282
f 283 284 285
f 285 284 286
f 285 286 287
f 287 286 282
f 287 282 288
f 288 282 281
f 273 289 271
f 271 289 290
f 271 290 291
f 291 290 292
f 291 292 293
f 293 292 294
f 293 294 295
f 296 297 298
f 299 296 300
f 300 296 298
f 300 298 301
f 301 298 302
f 133 131 303
f 130 297 304
f 304 297 296
f 304 296 299
f 133 303 305
f 305 303 306
f 305 306 307
f 131 130 303
f 303 130 304
f 303 304 306
f 306 304 308
f 309 310 311
f 312 313 314
f 314 313 315
f 316 317 318
f 318 317 319
f 320 321 322
f 323 310 324
f 324 310 309
f 324 309 325
f 323 326 310
f 310 326 316
f 310 316 311
f 311 316 318
f 311 318 327
f 328 329 330
f 331 332 330
f 330 332 333
f 330 333 328
f 328 333 315
f 334 335 336
f 336 335 337
f 336 337 338
f 338 337 339
f 322 312 340
f 340 312 314
f 340 314 335
f 335 314 315
f 335 315 337
f 337 315 333
f 337 333 339
f 339 333 332
f 331 330 341
f 341 330 342
f 341 342 343
f 329 344 330
f 330 344 345
f 330 345 342
f 342 345 346
f 342 346 347
f 319 320 318
f 318 320 322
f 318 322 327
f 327 322 340
f 327 340 311
f 311 340 335
f 311 335 309
f 309 335 334
f 309 334 325
f 325 334 336
f 347 305 342
f 342 305 307
f 342 307 343
f 348 349 350
f 351 352 302
f 298 297 130
f 349 351 350
f 350 351 302
f 350 302 353
f 353 302 298
f 353 298 354
f 354 298 130
f 132 134 355
f 356 357 358
f 358 357 359
f 358 359 360
f 360 359 355
f 360 355 361
f 361 355 134
f 361 134 136
f 356 362 357
f 357 362 363
f 357 363 359
f 359 363 364
f 359 364 355
f 355 364 365
f 355 365 132
f 132 365 129
f 362 348 363
f 363 348 350
f 363 350 364
f 364 350 353
f 364 353 365
f 365 353 354
f 365 354 129
f 129 354 130
f 366 367 368
f 368 367 369
f 368 369 370
f 371 372 373
f 374 369 375
f 375 369 376
f 375 376 377
f 377 376 371
f 377 371 378
f 378 371 373
f 369 367 376
f 376 367 379
f 376 379 371
f 371 379 380
f 381 368 370
f 382 383 384
f 385 386 387
f 388 389 390
f 390 389 391
f 390 391 392
f 392 391 393
f 393 391 394
f 393 394 395
f 382 384 396
f 388 384 389
f 389 384 383
f 389 383 391
f 391 383 397
f 391 397 394
f 390 398 388
f 388 398 399
f 388 399 400
f 396 384 401
f 401 384 388
f 401 388 402
f 402 388 400
f 402 400 403
f 387 386 404
f 404 386 405
f 404 405 381
f 381 405 406
f 381 406 368
f 368 406 407
f 368 407 366
f 408 387 409
f 409 387 404
f 409 404 410
f 410 404 381
f 410 381 411
f 411 381 370
f 398 412 399
f 399 412 413
f 399 413 400
f 400 413 414
f 400 414 403
f 403 414 385
f 403 385 402
f 402 385 387
f 402 387 401
f 401 387 408
f 401 408 396
f 323 324 415
f 416 417 418
f 419 420 421
f 421 420 422
f 416 418 422
f 422 418 421
f 421 418 423
f 421 423 424
f 423 425 424
f 424 425 426
f 424 426 427
f 426 428 427
f 427 428 429
f 427 429 430
f 431 432 433
f 433 432 430
f 433 430 434
f 434 430 429
f 431 435 432
f 432 435 436
f 432 436 437
f 437 436 438
f 437 438 395
f 413 412 439
f 439 412 398
f 398 390 439
f 439 390 392
f 439 392 438
f 438 392 393
f 438 393 395
f 317 316 415
f 415 316 326
f 415 326 323
f 419 321 420
f 420 321 320
f 420 320 415
f 415 320 319
f 415 319 317
f 440 441 442
f 443 444 445
f 445 444 446
f 445 446 447
f 447 446 448
f 447 448 449
f 450 451 452
f 450 452 453
f 454 455 456
f 456 455 453
f 456 453 457
f 457 453 452
f 454 440 455
f 455 440 442
f 455 442 458
f 458 442 449
f 458 449 459
f 459 449 448
f 460 461 462
f 462 461 463
f 462 463 464
f 464 463 443
f 464 443 465
f 465 443 445
f 465 445 466
f 460 462 467
f 467 462 468
f 467 468 469
f 469 468 374
f 469 374 470
f 470 374 375
f 470 375 377
f 378 471 377
f 377 471 472
f 377 472 470
f 473 460 474
f 474 460 467
f 475 473 476
f 476 473 474
f 476 474 477
f 477 474 467
f 477 467 469
f 478 479 480
f 480 479 481
f 480 481 482
f 471 478 472
f 472 478 480
f 472 480 483
f 483 480 482
f 483 482 484
f 485 475 484
f 484 475 476
f 484 476 483
f 483 476 477
f 483 477 472
f 472 477 469
f 472 469 470
f 486 485 487
f 487 485 484
f 487 484 488
f 488 484 482
f 488 482 489
f 489 482 481
f 489 481 490
f 490 481 479
f 490 479 491
f 492 493 494
f 495 496 497
f 495 498 499
f 495 499 500
f 500 499 501
f 500 501 502
f 502 501 503
f 502 503 504
f 504 503 371
f 504 371 380
f 505 479 506
f 507 491 479
f 479 505 507
f 507 505 508
f 507 508 509
f 509 508 510
f 510 508 511
f 510 511 512
f 512 511 513
f 513 511 494
f 513 494 514
f 514 494 493
f 514 493 515
f 516 517 518
f 518 517 492
f 495 497 498
f 498 497 519
f 498 519 516
f 516 518 498
f 498 518 520
f 498 520 499
f 499 520 521
f 499 521 501
f 501 521 522
f 501 522 503
f 503 522 372
f 503 372 371
f 492 494 518
f 518 494 511
f 518 511 520
f 520 511 508
f 520 508 521
f 521 508 505
f 521 505 522
f 522 505 506
f 522 506 372
f 486 487 523
f 523 487 524
f 524 487 488
f 524 488 525
f 526 527 528
f 528 527 486
f 528 486 529
f 529 486 523
f 525 488 530
f 530 488 489
f 530 489 531
f 531 489 490
f 531 490 532
f 532 490 491
f 532 491 533
f 533 491 507
f 533 507 534
f 534 507 509
f 534 509 535
f 535 509 510
f 535 510 536
f 536 510 512
f 536 512 537
f 515 538 514
f 514 538 537
f 514 537 513
f 513 537 512
f 74 93 96
f 96 539 74
f 74 539 540
f 74 540 75
f 541 542 543
f 543 542 539
f 543 539 544
f 544 539 96
f 545 546 547
f 545 547 548
f 548 547 549
f 549 547 550
f 549 550 551
f 551 550 552
f 551 552 553
f 554 555 556
f 556 555 553
f 556 553 557
f 557 553 552
f 557 552 558
f 559 560 556
f 556 560 561
f 556 561 554
f 547 546 550
f 550 546 562
f 550 562 552
f 558 552 563
f 563 552 562
f 563 562 564
f 564 562 565
f 564 565 566
f 567 568 569
f 567 569 570
f 569 571 570
f 570 571 572
f 570 572 573
f 573 572 574
f 573 574 566
f 566 574 575
f 566 575 564
f 576 577 578
f 579 580 581
f 30 28 582
f 58 59 583
f 584 585 586
f 587 588 589
f 590 591 592
f 593 594 595
f 596 597 598
f 599 600 601
f 556 557 601
f 601 557 558
f 601 558 599
f 602 596 603
f 603 596 598
f 603 598 604
f 604 598 605
f 606 607 608
f 608 607 609
f 610 611 612
f 612 611 613
f 612 613 609
f 609 613 614
f 609 614 608
f 586 75 584
f 584 75 540
f 584 540 539
f 615 616 617
f 617 616 618
f 617 618 586
f 586 618 619
f 586 619 75
f 58 583 57
f 48 620 44
f 44 620 621
f 48 47 620
f 620 47 46
f 620 46 56
f 622 42 623
f 623 42 40
f 623 40 624
f 624 40 38
f 624 38 36
f 34 33 622
f 622 33 43
f 622 43 42
f 30 582 26
f 579 11 10
f 11 579 13
f 625 20 19
f 626 627 628
f 626 628 629
f 628 630 629
f 629 630 599
f 629 599 631
f 631 599 558
f 632 620 583
f 583 620 56
f 583 56 57
f 633 632 634
f 634 632 583
f 634 583 635
f 635 583 59
f 635 59 615
f 615 59 636
f 615 636 616
f 588 610 589
f 589 610 612
f 589 612 637
f 633 638 632
f 632 638 639
f 632 639 620
f 620 639 624
f 620 624 621
f 621 624 36
f 621 36 44
f 637 612 640
f 640 612 609
f 640 609 641
f 641 609 607
f 641 607 642
f 643 587 644
f 644 587 589
f 644 589 638
f 638 589 637
f 638 637 639
f 639 637 640
f 639 640 624
f 624 640 641
f 624 641 623
f 623 641 642
f 623 642 622
f 622 642 582
f 622 582 34
f 34 582 28
f 19 13 625
f 625 13 579
f 625 579 645
f 645 579 581
f 645 581 646
f 646 581 647
f 646 647 595
f 595 647 592
f 595 592 593
f 593 592 591
f 606 590 607
f 607 590 592
f 607 592 642
f 642 592 647
f 642 647 582
f 582 647 581
f 582 581 26
f 26 581 580
f 26 580 25
f 25 580 579
f 25 579 23
f 23 579 10
f 597 648 598
f 598 648 649
f 598 649 650
f 650 649 651
f 650 651 576
f 576 651 652
f 576 652 577
f 594 605 595
f 595 605 598
f 595 598 646
f 646 598 650
f 646 650 645
f 645 650 576
f 645 576 625
f 625 576 578
f 625 578 20
f 20 578 627
f 20 627 653
f 653 627 626
f 96 95 654
f 655 585 584
f 541 543 654
f 654 543 544
f 654 544 96
f 539 542 656
f 656 542 541
f 656 541 657
f 657 541 654
f 95 97 658
f 95 658 654
f 654 658 659
f 654 659 657
f 657 659 655
f 657 655 656
f 656 655 584
f 656 584 539
f 626 15 653
f 653 15 20
f 626 629 15
f 15 629 631
f 15 631 563
f 563 631 558
f 575 18 564
f 564 18 17
f 564 17 563
f 563 17 15
f 18 575 6
f 6 575 574
f 569 660 571
f 571 660 572
f 9 8 661
f 661 8 6
f 661 6 660
f 660 6 574
f 660 574 572
f 569 568 660
f 660 568 1
f 660 1 661
f 661 1 3
f 661 3 9
f 618 49 619
f 619 49 73
f 619 73 75
f 618 616 49
f 49 616 636
f 49 636 59
f 73 49 51
f 68 88 51
f 51 88 87
f 51 87 73
f 662 64 63
f 663 67 662
f 662 67 65
f 662 65 64
f 80 79 663
f 663 79 78
f 663 78 67
f 67 78 88
f 67 88 68
f 63 61 662
f 662 61 82
f 662 82 663
f 663 82 81
f 663 81 80
f 61 60 82
f 82 60 72
f 570 573 664
f 7 4 2
f 7 2 664
f 664 2 567
f 664 567 570
f 568 567 1
f 1 567 2
f 665 666 667
f 665 667 668
f 668 667 669
f 668 669 670
f 671 672 673
f 674 675 673
f 676 677 678
f 677 676 435
f 435 679 677
f 677 679 680
f 677 680 678
f 678 680 681
f 678 681 682
f 682 681 683
f 674 673 684
f 684 673 672
f 684 672 685
f 674 676 675
f 675 676 678
f 675 678 673
f 673 678 682
f 673 682 671
f 671 682 683
f 686 687 688
f 687 686 689
f 690 691 692
f 693 694 695
f 695 694 690
f 695 690 696
f 696 690 692
f 417 697 698
f 698 697 689
f 698 689 699
f 699 689 686
f 699 686 700
f 692 688 696
f 696 688 687
f 696 687 695
f 695 687 689
f 695 689 693
f 693 689 697
f 693 697 701
f 701 697 417
f 679 435 702
f 702 435 431
f 702 431 703
f 417 698 418
f 418 698 704
f 418 704 423
f 423 704 705
f 423 705 425
f 425 705 706
f 425 706 426
f 426 706 707
f 426 707 428
f 428 707 708
f 428 708 429
f 429 708 709
f 429 709 434
f 434 709 710
f 434 710 433
f 680 679 711
f 711 679 702
f 711 702 712
f 712 702 703
f 712 703 713
f 698 699 704
f 704 699 714
f 704 714 705
f 705 714 715
f 705 715 706
f 706 715 716
f 706 716 707
f 707 716 717
f 707 717 708
f 708 717 718
f 708 718 709
f 709 718 719
f 709 719 710
f 681 680 720
f 720 680 711
f 720 711 721
f 721 711 712
f 721 712 722
f 722 712 713
f 722 713 723
f 699 700 714
f 714 700 724
f 714 724 715
f 715 724 725
f 715 725 716
f 716 725 726
f 716 726 717
f 717 726 727
f 717 727 718
f 718 727 723
f 718 723 719
f 719 723 713
f 719 713 710
f 710 713 703
f 710 703 433
f 433 703 431
f 670 728 729
f 670 729 668
f 668 729 730
f 668 730 665
f 665 730 666
f 666 730 731
f 666 731 732
f 733 732 734
f 734 732 731
f 734 731 681
f 681 731 683
f 683 731 730
f 683 730 671
f 671 730 729
f 671 729 672
f 672 729 728
f 672 728 685
f 735 670 736
f 736 670 669
f 701 417 416
f 415 737 420
f 420 737 701
f 420 701 422
f 422 701 416
f 341 343 331
f 331 343 738
f 331 738 332
f 338 339 739
f 739 339 740
f 739 740 741
f 741 740 742
f 415 324 737
f 737 324 325
f 737 325 743
f 743 325 336
f 743 336 338
f 338 739 743
f 743 739 741
f 743 741 737
f 737 741 693
f 737 693 701
f 738 744 690
f 744 745 690
f 690 745 746
f 690 746 691
f 339 332 740
f 740 332 738
f 740 738 742
f 742 738 690
f 742 690 741
f 741 690 694
f 741 694 693
f 747 748 749
f 750 751 752
f 750 752 753
f 753 752 754
f 753 754 749
f 755 754 756
f 756 754 752
f 756 752 757
f 757 752 751
f 757 751 758
f 749 754 747
f 747 754 755
f 747 755 759
f 759 755 760
f 759 760 761
f 748 747 762
f 762 747 759
f 762 759 763
f 763 759 761
f 763 761 764
f 765 766 767
f 526 528 768
f 526 768 769
f 769 768 770
f 769 770 767
f 771 770 772
f 772 770 768
f 772 768 773
f 773 768 528
f 773 528 529
f 767 770 765
f 765 770 771
f 765 771 774
f 774 771 775
f 774 775 776
f 766 765 777
f 777 765 774
f 777 774 778
f 778 774 776
f 778 776 779
f 780 771 772
f 523 524 781
f 535 536 782
f 782 536 537
f 782 537 783
f 783 537 538
f 535 782 534
f 534 782 784
f 534 784 533
f 533 784 785
f 533 785 532
f 532 785 786
f 532 786 531
f 531 786 787
f 531 787 530
f 781 524 787
f 787 524 525
f 787 525 530
f 788 789 790
f 790 789 791
f 790 791 792
f 792 791 793
f 792 793 794
f 794 793 795
f 794 795 780
f 780 795 775
f 780 775 771
f 796 797 788
f 788 797 798
f 788 798 789
f 799 800 801
f 801 800 802
f 788 803 796
f 796 803 801
f 796 801 804
f 804 801 802
f 804 802 805
f 806 807 799
f 538 808 783
f 783 808 809
f 783 809 810
f 529 523 773
f 773 523 781
f 773 781 811
f 811 781 787
f 811 787 812
f 812 787 786
f 812 786 813
f 813 786 785
f 813 785 814
f 814 785 784
f 814 784 815
f 815 784 782
f 815 782 816
f 816 782 783
f 816 783 806
f 806 783 810
f 806 810 807
f 799 801 806
f 806 801 803
f 806 803 816
f 816 803 788
f 816 788 815
f 815 788 790
f 815 790 814
f 814 790 792
f 814 792 813
f 813 792 794
f 813 794 812
f 812 794 780
f 812 780 811
f 811 780 772
f 811 772 773
f 436 435 676
f 385 414 817
f 817 414 413
f 817 413 439
f 385 817 386
f 386 817 818
f 386 818 405
f 405 818 819
f 405 819 406
f 406 819 407
f 407 819 820
f 407 820 366
f 436 676 438
f 821 676 674
f 684 685 822
f 821 674 823
f 823 674 684
f 823 684 824
f 824 684 822
f 824 822 825
f 438 676 439
f 439 676 821
f 439 821 817
f 817 821 823
f 817 823 818
f 818 823 824
f 818 824 819
f 819 824 825
f 819 825 820
f 504 822 502
f 502 822 685
f 502 685 728
f 735 496 670
f 670 496 495
f 670 495 728
f 728 495 500
f 728 500 502
f 504 380 822
f 822 380 379
f 822 379 825
f 367 366 379
f 379 366 820
f 379 820 825
f 826 827 828
f 826 828 829
f 829 828 830
f 829 830 831
f 831 830 832
f 831 832 833
f 833 832 834
f 833 834 835
f 136 826 829
f 136 829 361
f 361 829 831
f 361 831 360
f 360 831 833
f 360 833 358
f 358 833 835
f 358 835 356
f 836 837 838
f 836 838 839
f 839 838 840
f 839 840 841
f 841 840 842
f 841 842 843
f 843 842 527
f 843 527 844
f 373 372 506
f 378 373 471
f 471 373 506
f 471 506 478
f 478 506 479
f 837 460 473
f 837 473 838
f 838 473 475
f 838 475 840
f 840 475 485
f 840 485 842
f 842 485 486
f 842 486 527
f 845 846 847
f 845 847 758
f 848 849 850
f 850 849 851
f 846 852 853
f 758 847 757
f 757 847 854
f 757 854 756
f 756 854 850
f 756 850 755
f 755 850 851
f 755 851 760
f 855 856 857
f 846 853 847
f 847 853 858
f 847 858 854
f 854 858 855
f 854 855 850
f 850 855 857
f 850 857 848
f 859 860 852
f 852 846 859
f 859 846 845
f 859 845 834
f 834 845 758
f 834 758 835
f 861 859 834
f 834 832 861
f 861 832 830
f 861 830 862
f 862 830 828
f 862 828 863
f 863 828 827
f 863 827 864
f 865 866 867
f 868 869 836
f 867 866 870
f 870 866 871
f 870 871 872
f 872 871 864
f 872 864 827
f 869 868 873
f 873 868 874
f 873 874 875
f 874 876 875
f 875 876 877
f 875 877 878
f 878 877 879
f 878 879 880
f 880 879 881
f 880 881 882
f 882 881 883
f 882 883 884
f 883 885 884
f 884 885 886
f 884 886 887
f 887 886 888
f 886 889 888
f 888 889 890
f 888 890 891
f 891 890 892
f 891 892 893
f 893 892 894
f 893 894 895
f 895 894 896
f 895 896 897
f 897 896 898
f 897 898 899
f 899 898 900
f 899 900 901
f 901 900 902
f 901 902 903
f 903 902 904
f 903 904 905
f 904 906 905
f 905 906 907
f 905 907 908
f 908 907 909
f 908 909 910
f 910 909 911
f 910 911 912
f 912 911 913
f 912 913 914
f 914 913 915
f 914 915 916
f 865 867 916
f 916 867 917
f 916 917 914
f 837 836 869
f 882 884 450
f 910 912 149
f 826 138 139
f 138 826 136
f 870 872 139
f 139 872 827
f 139 827 826
f 139 141 870
f 870 141 163
f 870 163 867
f 867 163 162
f 867 162 917
f 162 161 917
f 917 161 156
f 917 156 914
f 914 156 157
f 914 157 912
f 912 157 147
f 912 147 149
f 149 151 910
f 910 151 153
f 910 153 918
f 918 919 910
f 910 919 920
f 910 920 908
f 921 888 922
f 922 888 891
f 922 891 923
f 923 891 893
f 923 893 924
f 924 893 895
f 924 895 925
f 925 895 897
f 925 897 926
f 926 897 899
f 926 899 927
f 927 899 901
f 927 901 928
f 928 901 903
f 928 903 929
f 929 903 905
f 929 905 930
f 930 905 908
f 930 908 931
f 931 908 920
f 932 884 921
f 921 884 887
f 921 887 888
f 451 450 933
f 933 450 884
f 933 884 934
f 934 884 932
f 450 453 882
f 882 453 455
f 882 455 880
f 880 455 458
f 880 458 878
f 458 459 878
f 878 459 448
f 878 448 875
f 875 448 446
f 875 446 873
f 446 444 873
f 873 444 443
f 873 443 869
f 869 443 463
f 869 463 837
f 837 463 461
f 837 461 460
f 561 560 935
f 935 560 559
f 935 559 936
f 936 559 556
f 936 556 601
f 937 938 939
f 939 938 940
f 939 940 554
f 554 940 555
f 941 937 935
f 935 937 939
f 935 939 561
f 561 939 554
f 941 935 942
f 942 935 936
f 942 936 943
f 943 936 601
f 943 601 600
f 178 177 944
f 945 946 947
f 948 949 945
f 945 949 950
f 945 950 919
f 178 944 179
f 919 918 945
f 945 918 153
f 945 153 946
f 946 153 152
f 946 152 150
f 179 944 180
f 180 944 946
f 180 946 181
f 181 946 150
f 181 150 148
f 920 919 931
f 931 919 950
f 931 950 949
f 951 921 952
f 952 921 922
f 952 922 953
f 953 922 923
f 953 923 954
f 954 923 924
f 954 924 955
f 955 924 925
f 955 925 956
f 956 925 926
f 956 926 957
f 957 926 927
f 957 927 958
f 958 927 928
f 958 928 959
f 959 928 929
f 959 929 960
f 929 930 960
f 960 930 931
f 960 931 949
f 921 951 932
f 932 951 961
f 932 961 934
f 962 441 963
f 964 965 966
f 966 965 967
f 966 967 968
f 968 967 969
f 968 969 970
f 970 969 963
f 970 963 971
f 441 440 963
f 963 440 454
f 963 454 971
f 972 973 964
f 964 973 974
f 964 974 965
f 965 974 975
f 965 975 967
f 967 975 976
f 967 976 969
f 969 976 977
f 969 977 963
f 963 977 978
f 963 978 962
f 979 980 981
f 982 983 970
f 970 983 968
f 984 966 968
f 985 986 987
f 987 986 979
f 987 979 984
f 984 979 981
f 984 981 966
f 985 987 988
f 988 987 989
f 988 989 990
f 989 991 992
f 992 993 989
f 989 993 994
f 989 994 990
f 995 996 997
f 998 996 999
f 999 996 995
f 999 995 1000
f 1000 995 1001
f 1001 995 1002
f 1002 995 1003
f 1002 1003 1004
f 1005 1006 1007
f 982 1005 983
f 983 1005 1007
f 983 1007 1003
f 1003 1007 1008
f 1003 1008 1004
f 968 983 984
f 984 983 1003
f 984 1003 987
f 987 1003 995
f 987 995 989
f 989 995 997
f 989 997 991
f 1009 1010 1011
f 175 1012 176
f 176 1012 944
f 176 944 177
f 946 944 947
f 947 944 1012
f 947 1012 945
f 945 1012 1013
f 945 1013 948
f 948 1013 1014
f 1014 1013 1015
f 1015 1013 1016
f 1015 1016 1017
f 1017 1016 1011
f 1017 1011 1018
f 1018 1011 1010
f 1018 1010 1019
f 1020 1021 1022
f 1022 1021 1023
f 1022 1023 1009
f 267 270 1024
f 1024 270 269
f 1024 269 1020
f 1020 269 1025
f 1020 1025 1021
f 267 1024 265
f 265 1024 1026
f 265 1026 263
f 1009 1011 1022
f 1022 1011 1016
f 1022 1016 1020
f 1020 1016 1013
f 1020 1013 1024
f 1024 1013 1012
f 1024 1012 1026
f 1026 1012 175
f 1026 175 263
f 263 175 256
f 263 256 261
f 1027 1028 1029
f 1030 213 215
f 1031 1032 1033
f 234 1031 232
f 232 1031 1033
f 232 1033 229
f 229 1033 1034
f 229 1034 226
f 226 1034 1035
f 226 1035 224
f 224 1035 1036
f 224 1036 222
f 222 1036 1037
f 1028 1030 1029
f 1029 1030 215
f 1029 215 1038
f 1038 215 217
f 1038 217 1037
f 1037 217 220
f 1037 220 222
f 1039 1040 1041
f 1041 1040 1042
f 1041 1042 1043
f 1043 1042 1044
f 1043 1044 1045
f 1045 1044 1046
f 1045 1046 1047
f 1047 1046 1048
f 1047 1048 1049
f 1049 1048 1050
f 1049 1050 1051
f 1051 1050 1052
f 1051 1052 1053
f 1053 1052 1054
f 1053 1054 1055
f 1055 1054 1056
f 1040 1027 1042
f 1042 1027 1029
f 1042 1029 1044
f 1044 1029 1038
f 1044 1038 1046
f 1046 1038 1037
f 1046 1037 1048
f 1048 1037 1036
f 1048 1036 1050
f 1050 1036 1035
f 1050 1035 1052
f 1052 1035 1034
f 1052 1034 1054
f 1054 1034 1033
f 1054 1033 1056
f 1056 1033 1032
f 192 191 1057
f 1057 191 212
f 1039 1058 1040
f 1040 1058 1059
f 1040 1059 1027
f 1027 1059 1060
f 1027 1060 1028
f 1028 1060 1057
f 1028 1057 1030
f 1030 1057 212
f 1030 212 213
f 204 192 1061
f 1061 192 1057
f 1061 1057 1062
f 1062 1057 1060
f 1062 1060 1063
f 1063 1060 1059
f 1063 1059 1064
f 1064 1059 1058
f 1065 1066 209
f 209 1066 200
f 1061 1062 1065
f 1065 1062 1067
f 1065 1067 1066
f 1066 1067 1068
f 1066 1068 1069
f 196 1069 1070
f 1070 1069 1071
f 1070 1071 258
f 209 208 1065
f 1065 208 207
f 1065 207 1061
f 1061 207 205
f 1061 205 204
f 196 202 1069
f 1069 202 203
f 1069 203 1066
f 1066 203 201
f 1066 201 200
f 1062 1063 1072
f 1072 1063 1064
f 1072 1064 1073
f 1062 1072 1067
f 1067 1072 1073
f 1067 1073 1068
f 1068 1073 1074
f 1068 1074 1069
f 1069 1074 1075
f 1069 1075 1071
f 982 970 971
f 454 456 1006
f 1006 456 457
f 1006 457 452
f 454 1006 971
f 971 1006 1005
f 971 1005 982
f 933 934 961
f 1007 1006 1008
f 1008 1006 452
f 1008 452 1004
f 1004 452 451
f 951 1002 961
f 961 1002 1004
f 961 1004 933
f 933 1004 451
f 1076 1077 268
f 257 258 1078
f 1078 258 1071
f 1075 1074 1079
f 1079 1074 1073
f 1079 1073 1080
f 1080 1073 1064
f 1080 1064 1081
f 1076 1082 1083
f 1076 1083 1077
f 1077 1083 1084
f 1077 1084 1085
f 1086 1087 1088
f 1088 1087 1089
f 1081 1089 1080
f 1080 1089 1087
f 1080 1087 1079
f 1079 1087 1078
f 1079 1078 1075
f 1075 1078 1071
f 268 266 1076
f 1076 266 1086
f 1076 1086 1082
f 1082 1086 1088
f 259 1090 260
f 260 1090 262
f 266 264 1086
f 1086 264 262
f 1086 262 1087
f 1087 262 1090
f 1087 1090 1078
f 1078 1090 259
f 1078 259 257
f 258 194 1070
f 1070 194 196
f 1091 1081 1092
f 1082 1088 1091
f 1091 1088 1089
f 1091 1089 1081
f 1083 1082 1084
f 1084 1082 1091
f 1084 1091 1085
f 1085 1091 1092
f 1093 1053 1055
f 1094 1095 1096
f 1055 1097 1093
f 1093 1097 1098
f 1093 1098 1094
f 1094 1096 1093
f 1093 1096 1099
f 1093 1099 1100
f 1101 1102 1103
f 1103 1102 1104
f 1100 1101 1093
f 1093 1101 1103
f 1093 1103 1105
f 1105 1103 1104
f 1105 1104 1106
f 1053 1093 1051
f 1051 1093 1107
f 1051 1107 1049
f 1049 1107 1108
f 1049 1108 1047
f 1047 1108 1109
f 1047 1109 1045
f 1045 1109 1110
f 1045 1110 1043
f 1043 1110 1111
f 1043 1111 1041
f 1041 1111 1112
f 1041 1112 1039
f 1039 1112 1092
f 1039 1092 1058
f 1058 1092 1081
f 1058 1081 1064
f 238 240 1113
f 1094 1098 1114
f 1097 1055 1056
f 1094 1114 1095
f 236 238 1115
f 1115 238 1113
f 1115 1113 1116
f 1116 1113 1117
f 1116 1117 1114
f 1114 1117 1118
f 1114 1118 1095
f 234 236 1031
f 1031 236 1115
f 1031 1115 1032
f 1032 1115 1116
f 1032 1116 1056
f 1056 1116 1114
f 1056 1114 1097
f 1097 1114 1098
f 1119 1120 1121
f 1122 239 244
f 1123 1095 1118
f 240 239 1113
f 1113 239 1122
f 1113 1122 1117
f 1118 1124 1123
f 1123 1124 1125
f 1123 1125 1126
f 247 1120 248
f 248 1120 1119
f 248 1119 244
f 244 1119 1127
f 244 1127 1122
f 1122 1127 1128
f 1122 1128 1117
f 1121 1129 1119
f 1119 1129 1126
f 1119 1126 1127
f 1127 1126 1125
f 1127 1125 1128
f 1128 1125 1124
f 1128 1124 1117
f 1117 1124 1118
f 247 246 1120
f 1120 246 1121
f 1077 1085 1092
f 1130 1131 1132
f 268 1077 1133
f 1133 1077 1092
f 1133 1092 1134
f 1134 1092 1112
f 1134 1112 1135
f 1135 1112 1111
f 1135 1111 1136
f 1136 1111 1110
f 1136 1110 1137
f 1137 1110 1109
f 1137 1109 1138
f 1138 1109 1108
f 1138 1108 1139
f 1139 1108 1107
f 1139 1107 1132
f 1132 1107 1093
f 1132 1093 1130
f 1130 1093 1105
f 980 979 1140
f 1141 1121 246
f 966 981 964
f 964 981 1141
f 964 1141 972
f 972 1141 246
f 980 1140 981
f 981 1140 1142
f 981 1142 1141
f 990 1131 988
f 988 1131 1143
f 979 986 1140
f 1140 986 985
f 1140 985 1144
f 1144 985 988
f 1144 988 1145
f 1145 988 1143
f 269 268 1025
f 1025 268 1133
f 1025 1133 1021
f 1019 958 1018
f 1018 958 959
f 1018 959 1017
f 1017 959 960
f 1017 960 1015
f 1010 1009 1135
f 1135 1009 1023
f 1021 1133 1023
f 1023 1133 1134
f 1023 1134 1135
f 1015 960 1014
f 1014 960 949
f 1014 949 948
f 1139 992 991
f 997 996 954
f 996 998 954
f 954 998 999
f 954 999 953
f 953 999 1000
f 953 1000 952
f 952 1000 1001
f 952 1001 951
f 951 1001 1002
f 992 1139 993
f 993 1139 1132
f 993 1132 994
f 994 1132 1131
f 994 1131 990
f 991 997 1139
f 1139 997 954
f 1139 954 1138
f 1138 954 955
f 1138 955 1137
f 1137 955 956
f 1137 956 1136
f 1136 956 957
f 1136 957 1135
f 1135 957 958
f 1135 958 1010
f 1010 958 1019
f 1096 1095 1123
f 1121 1146 1129
f 1129 1146 1147
f 1129 1147 1126
f 1126 1147 1148
f 1126 1148 1123
f 1123 1148 1099
f 1123 1099 1096
f 1106 1104 1149
f 1149 1104 1102
f 1149 1102 1150
f 1150 1102 1101
f 1130 1105 1106
f 1106 1149 1130
f 1130 1149 1143
f 1130 1143 1131
f 1151 1150 1152
f 1152 1150 1101
f 1152 1101 1100
f 1141 1142 1151
f 1151 1142 1140
f 1151 1140 1150
f 1150 1140 1144
f 1150 1144 1149
f 1149 1144 1145
f 1149 1145 1143
f 1121 1141 1146
f 1146 1141 1151
f 1146 1151 1147
f 1147 1151 1152
f 1147 1152 1148
f 1148 1152 1100
f 1148 1100 1099
f 1153 1154 1155
f 1155 1154 1156
f 1155 1156 1157
f 1157 1156 1158
f 1157 1158 1159
f 1154 1160 1156
f 1156 1160 1161
f 1156 1161 1158
f 1158 1161 1162
f 1158 1162 855
f 855 1162 1163
f 855 1163 856
f 1159 1158 1164
f 1164 1158 855
f 1164 855 858
f 1165 1153 1166
f 1166 1153 1155
f 1166 1155 1167
f 1167 1155 1157
f 1167 1157 1168
f 1168 1157 1159
f 1168 1159 1169
f 1169 1159 1164
f 1169 1164 853
f 853 1164 858
f 1170 1165 1171
f 1171 1165 1166
f 1171 1166 1172
f 1172 1166 1167
f 1172 1167 1173
f 1173 1167 1168
f 1173 1168 1174
f 1174 1168 1169
f 1174 1169 852
f 852 1169 853
f 1170 1175 1176
f 643 1177 1178
f 1178 1177 1179
f 1178 1179 1180
f 1180 1179 1181
f 1180 1181 1182
f 1182 1181 1176
f 1182 1176 1183
f 1183 1176 1175
f 1183 1175 1184
f 1170 1176 1165
f 1165 1176 1181
f 1165 1181 1153
f 1153 1181 1179
f 1153 1179 1154
f 1154 1179 1177
f 1154 1177 1160
f 588 587 1185
f 591 590 1186
f 1187 1188 1189
f 1190 1191 1192
f 1192 1191 1193
f 1192 1193 1194
f 1195 1194 1196
f 1197 1198 1199
f 1197 1189 1200
f 1200 1189 1188
f 1200 1188 1201
f 1202 1201 1203
f 1203 1201 1188
f 1203 1188 1204
f 1204 1188 1187
f 1204 1187 1205
f 1206 1207 1208
f 1194 1193 1196
f 1196 1193 1209
f 1196 1209 1210
f 1210 1209 1211
f 1210 1211 1212
f 1184 1202 1213
f 1213 1202 1203
f 1213 1203 1214
f 1214 1203 1204
f 1214 1204 1215
f 1215 1204 1205
f 1215 1205 1185
f 1216 1217 1186
f 1218 1219 1220
f 1206 1208 1221
f 1221 1208 1222
f 1221 1222 1223
f 1223 1222 602
f 1223 602 603
f 603 604 1223
f 1223 604 1217
f 1223 1217 1221
f 1221 1217 1216
f 1221 1216 1206
f 604 605 1217
f 1217 605 594
f 1217 594 1186
f 1186 594 593
f 1186 593 591
f 1195 1196 1224
f 1224 1196 1210
f 1224 1210 1225
f 1225 1210 1212
f 1225 1212 1226
f 1226 1212 606
f 1226 606 608
f 1191 1207 1193
f 1193 1207 1206
f 1193 1206 1209
f 1209 1206 1216
f 1209 1216 1211
f 1211 1216 1186
f 1211 1186 1212
f 1212 1186 590
f 1212 590 606
f 614 1219 608
f 608 1219 1218
f 608 1218 1226
f 1226 1218 1227
f 1226 1227 1225
f 1225 1227 1199
f 1225 1199 1224
f 1224 1199 1198
f 1224 1198 1195
f 614 613 1219
f 1219 613 611
f 1219 611 1220
f 1220 611 610
f 1197 1199 1189
f 1189 1199 1227
f 1189 1227 1187
f 1187 1227 1218
f 1187 1218 1205
f 1205 1218 1220
f 1205 1220 1185
f 1185 1220 610
f 1185 610 588
f 1184 1213 1183
f 1183 1213 1214
f 1183 1214 1182
f 1182 1214 1215
f 1182 1215 1180
f 1180 1215 1185
f 1180 1185 1178
f 1178 1185 587
f 1178 587 643
f 1228 1229 1230
f 1190 1228 1231
f 1190 1231 1191
f 1191 1231 1232
f 1191 1232 1207
f 1207 1232 1233
f 1207 1233 1208
f 1228 1230 1231
f 1231 1230 1234
f 1231 1234 1232
f 1232 1234 1235
f 1232 1235 1233
f 1233 1235 1236
f 1233 1236 1237
f 1208 1233 1222
f 1222 1233 1237
f 1222 1237 602
f 1238 1236 1235
f 1239 1240 1241
f 1241 1240 1242
f 1240 1243 1242
f 1242 1243 1244
f 1242 1244 1245
f 1245 1244 1246
f 1245 1246 1247
f 1234 1245 1235
f 1235 1245 1247
f 1235 1247 1238
f 1234 1248 1245
f 1245 1248 1249
f 1245 1249 1242
f 1242 1249 1250
f 1242 1250 1241
f 1251 1239 1252
f 1252 1239 1241
f 1252 1241 1253
f 1253 1241 1250
f 1253 1250 1254
f 1254 1250 1249
f 1254 1249 1255
f 1255 1249 1248
f 1255 1248 1230
f 1230 1248 1234
f 1256 1251 1257
f 1257 1251 1252
f 1257 1252 1258
f 1258 1252 1253
f 1258 1253 1259
f 1259 1253 1254
f 1259 1254 1260
f 1260 1254 1255
f 1260 1255 1229
f 1229 1255 1230
f 1261 777 778
f 778 779 1262
f 1263 1264 1265
f 1264 1263 1256
f 777 1261 766
f 766 1261 1266
f 766 1266 767
f 767 1266 1263
f 767 1263 769
f 769 1263 1265
f 769 1265 526
f 1267 1268 1261
f 778 1262 1261
f 1261 1262 1269
f 1261 1269 1267
f 1256 1263 1251
f 1251 1263 1266
f 1251 1266 1239
f 1239 1266 1261
f 1239 1261 1240
f 1240 1261 1268
f 1240 1268 1243
f 1270 1170 1271
f 1271 1170 1171
f 1271 1171 1272
f 852 860 1174
f 1174 860 1273
f 1174 1273 1173
f 1173 1273 1272
f 1173 1272 1172
f 1172 1272 1171
f 1274 1275 1276
f 1276 1275 1277
f 1278 1279 1280
f 1280 1279 1281
f 1282 1278 1283
f 1283 1278 1280
f 1283 1280 1284
f 1284 1280 1281
f 1284 1281 1285
f 1286 1287 1288
f 1288 1287 1289
f 1288 1289 1290
f 1276 1286 1274
f 1274 1286 1288
f 1274 1288 1291
f 1291 1288 1290
f 1291 1290 1292
f 1293 1282 1292
f 1292 1282 1283
f 1292 1283 1291
f 1291 1283 1284
f 1291 1284 1274
f 1274 1284 1285
f 1274 1285 1275
f 860 1293 1273
f 1273 1293 1292
f 1273 1292 1272
f 1272 1292 1290
f 1272 1290 1271
f 1271 1290 1289
f 1271 1289 1270
f 1270 1289 1287
f 864 1279 1278
f 864 1278 863
f 863 1278 1282
f 863 1282 862
f 862 1282 1293
f 862 1293 861
f 861 1293 860
f 861 860 859
f 1294 1229 1295
f 1295 1229 1228
f 1295 1228 1296
f 1296 1228 1190
f 1296 1190 1297
f 1297 1190 1192
f 1297 1192 1298
f 1298 1192 1194
f 1298 1194 1299
f 1299 1194 1195
f 1299 1195 1300
f 1300 1195 1198
f 1300 1198 1301
f 1301 1198 1197
f 1301 1197 1302
f 1302 1197 1200
f 1302 1200 1303
f 1303 1200 1201
f 1303 1201 1304
f 1304 1201 1202
f 1304 1202 1305
f 1305 1202 1184
f 1305 1184 1306
f 1306 1184 1175
f 1306 1175 1270
f 1270 1175 1170
f 844 527 526
f 1256 1307 1264
f 1264 1307 1308
f 844 526 1308
f 1308 526 1265
f 1308 1265 1264
f 1307 1256 1309
f 1309 1256 1257
f 1309 1257 1310
f 1229 1294 1260
f 1260 1294 1311
f 1260 1311 1259
f 1259 1311 1310
f 1259 1310 1258
f 1258 1310 1257
f 1312 874 868
f 864 871 1279
f 871 866 1279
f 1279 866 865
f 1279 865 1281
f 1281 865 916
f 913 1277 915
f 915 1277 1275
f 915 1275 916
f 916 1275 1285
f 916 1285 1281
f 911 1313 913
f 913 1313 1314
f 913 1314 1277
f 911 909 1313
f 1313 909 907
f 1313 907 1315
f 1315 907 906
f 1315 906 1316
f 1316 906 904
f 1316 904 1317
f 1317 904 902
f 902 900 1317
f 1317 900 898
f 1317 898 1318
f 1318 898 896
f 1318 896 1319
f 1319 896 1320
f 896 894 1320
f 1320 894 892
f 1320 892 1321
f 1321 892 890
f 890 889 1321
f 1321 889 886
f 1321 886 1322
f 1322 886 1323
f 1323 886 885
f 1323 885 1324
f 1324 885 883
f 1324 883 1325
f 1325 883 881
f 1325 881 1326
f 1326 881 879
f 1326 879 1327
f 1327 879 1328
f 1328 879 877
f 1328 877 1312
f 1312 877 876
f 1312 876 874
f 843 844 1308
f 1308 1329 843
f 843 1329 1330
f 843 1330 841
f 841 1330 1331
f 841 1331 839
f 839 1331 868
f 839 868 836
f 1312 868 1331
f 1312 1331 1332
f 1332 1331 1330
f 1332 1330 1333
f 1333 1330 1329
f 1333 1329 1334
f 1334 1329 1308
f 1334 1308 1307
f 1335 1336 1337
f 1337 1325 1338
f 1338 1325 1326
f 1338 1326 1339
f 1339 1326 1327
f 1339 1327 1340
f 1340 1327 1328
f 1333 1340 1332
f 1332 1340 1328
f 1332 1328 1312
f 1337 1338 1335
f 1335 1338 1339
f 1335 1339 1341
f 1341 1339 1340
f 1341 1340 1342
f 1342 1340 1333
f 1342 1333 1334
f 1343 1344 1345
f 1334 1346 1342
f 1342 1346 1347
f 1342 1347 1341
f 1341 1347 1343
f 1341 1343 1335
f 1335 1343 1345
f 1335 1345 1336
f 1294 1344 1311
f 1311 1344 1343
f 1311 1343 1310
f 1310 1343 1347
f 1310 1347 1309
f 1309 1347 1346
f 1309 1346 1307
f 1307 1346 1334
f 1348 1349 1350
f 1313 1351 1314
f 1314 1351 1276
f 1314 1276 1277
f 1352 1323 1324
f 1323 1352 1322
f 1322 1352 1353
f 1322 1353 1321
f 1321 1353 1354
f 1321 1354 1320
f 1320 1354 1355
f 1320 1355 1319
f 1319 1355 1356
f 1319 1356 1318
f 1318 1356 1357
f 1318 1357 1317
f 1317 1357 1358
f 1317 1358 1316
f 1316 1358 1359
f 1316 1359 1315
f 1336 1352 1337
f 1337 1352 1324
f 1337 1324 1325
f 1286 1276 1360
f 1360 1276 1351
f 1360 1351 1361
f 1361 1351 1313
f 1361 1313 1315
f 1362 1359 1363
f 1363 1359 1358
f 1363 1358 1364
f 1364 1358 1357
f 1364 1357 1365
f 1365 1357 1356
f 1365 1356 1366
f 1366 1356 1355
f 1366 1355 1367
f 1367 1355 1354
f 1367 1354 1368
f 1368 1354 1353
f 1368 1353 1369
f 1369 1353 1352
f 1369 1352 1370
f 1370 1352 1336
f 1370 1336 1345
f 1349 1362 1350
f 1350 1362 1363
f 1350 1363 1371
f 1371 1363 1364
f 1371 1364 1372
f 1372 1364 1365
f 1372 1365 1373
f 1373 1365 1366
f 1373 1366 1374
f 1374 1366 1367
f 1374 1367 1375
f 1375 1367 1368
f 1375 1368 1376
f 1376 1368 1369
f 1376 1369 1377
f 1377 1369 1370
f 1377 1370 1378
f 1378 1370 1345
f 1378 1345 1344
f 1348 1350 1379
f 1379 1350 1371
f 1379 1371 1380
f 1380 1371 1372
f 1380 1372 1381
f 1381 1372 1373
f 1381 1373 1382
f 1382 1373 1374
f 1382 1374 1383
f 1383 1374 1375
f 1383 1375 1384
f 1384 1375 1376
f 1384 1376 1385
f 1385 1376 1377
f 1385 1377 1386
f 1386 1377 1378
f 1386 1378 1387
f 1387 1378 1344
f 1387 1344 1294
f 1294 1295 1387
f 1387 1295 1296
f 1387 1296 1386
f 1386 1296 1297
f 1386 1297 1385
f 1385 1297 1298
f 1385 1298 1384
f 1384 1298 1299
f 1384 1299 1383
f 1383 1299 1300
f 1383 1300 1382
f 1382 1300 1301
f 1382 1301 1381
f 1381 1301 1302
f 1381 1302 1380
f 1380 1302 1303
f 1380 1303 1379
f 1379 1303 1304
f 1379 1304 1348
f 1348 1304 1305
f 1348 1305 1306
f 1315 1359 1361
f 1361 1359 1362
f 1361 1362 1360
f 1360 1362 1349
f 1360 1349 1286
f 1286 1349 1348
f 1286 1348 1287
f 1287 1348 1306
f 1287 1306 1270
f 1388 1389 1390
f 1391 1392 1393
f 1391 1394 1395
f 1393 1396 1397
f 1397 1388 1393
f 1393 1388 1390
f 1393 1390 1391
f 1391 1390 1398
f 1391 1398 1394
f 1399 1400 1401
f 1401 1400 1402
f 1402 1403 1401
f 1401 1403 1396
f 1401 1396 1404
f 1404 1396 1393
f 1404 1393 1405
f 1405 1393 1392
f 1406 1405 1407
f 1407 1405 1392
f 1407 1392 1408
f 1408 1392 1391
f 1408 1391 1409
f 1409 1391 1395
f 1409 1395 1410
f 1411 1412 1413
f 1413 1412 1414
f 1415 1416 1417
f 1418 1419 1417
f 1420 1421 1422
f 1422 1421 1415
f 1422 1415 1423
f 1423 1415 1424
f 1425 1426 1427
f 1427 1426 1428
f 1427 1428 1424
f 1418 1417 1429
f 1429 1417 1416
f 1429 1416 1430
f 1424 1415 1427
f 1427 1415 1417
f 1427 1417 1425
f 1425 1417 1419
f 1425 1419 1431
f 1431 1419 1418
f 1431 1418 1432
f 1433 1434 1435
f 1435 1436 1433
f 1433 1436 1430
f 1433 1430 1437
f 1438 1439 1421
f 1421 1439 1440
f 1421 1440 1415
f 1415 1440 1437
f 1415 1437 1416
f 1416 1437 1430
f 1441 1442 1443
f 1444 1445 1446
f 1446 1445 1447
f 1446 1447 1448
f 1448 1447 1449
f 1448 1449 1450
f 1450 1449 1451
f 1450 1451 1452
f 1435 1434 1453
f 1446 1436 1435
f 1435 1453 1446
f 1446 1453 1454
f 1446 1454 1444
f 1430 1436 1429
f 1429 1436 1446
f 1429 1446 1418
f 1418 1446 1448
f 1418 1448 1432
f 1443 1442 1448
f 1448 1442 1455
f 1448 1455 1432
f 1456 1457 1458
f 1458 1457 1441
f 1459 1460 1456
f 1458 1461 1462
f 1456 1458 1459
f 1459 1458 1462
f 1459 1462 1463
f 1441 1443 1458
f 1458 1443 1464
f 1458 1464 1461
f 1450 1465 1448
f 1448 1465 1466
f 1448 1466 1443
f 1443 1466 1467
f 1443 1467 1464
f 1455 1442 1468
f 1432 1455 1469
f 1469 1470 1432
f 1432 1470 1471
f 1432 1471 1431
f 1426 1425 1472
f 1472 1425 1431
f 1472 1431 1473
f 1473 1431 1471
f 1455 1468 1469
f 1469 1468 1474
f 1469 1474 1475
f 1475 1474 1476
f 1476 1474 1477
f 1476 1477 1478
f 1478 1477 1479
f 1478 1479 1480
f 1480 1479 1481
f 1480 1481 1482
f 1482 1481 1483
f 1482 1483 1484
f 1484 1483 1485
f 1485 1483 1486
f 1485 1486 1487
f 1486 1488 1487
f 1487 1488 1489
f 1487 1489 1490
f 1489 1410 1490
f 1490 1410 1395
f 1490 1395 1491
f 1491 1395 1394
f 1491 1394 1492
f 1389 1493 1390
f 1390 1493 1492
f 1390 1492 1398
f 1398 1492 1394
f 1494 1488 1486
f 1456 1460 1495
f 1496 1497 1498
f 1497 1499 1498
f 1498 1499 1500
f 1498 1500 1501
f 1457 1456 1502
f 1502 1456 1495
f 1502 1495 1503
f 1503 1495 1504
f 1503 1504 1505
f 1505 1504 1506
f 1505 1506 1507
f 1442 1441 1468
f 1468 1441 1457
f 1468 1457 1474
f 1474 1457 1502
f 1474 1502 1477
f 1477 1502 1503
f 1477 1503 1479
f 1479 1503 1505
f 1479 1505 1481
f 1481 1505 1507
f 1481 1507 1483
f 1506 1496 1507
f 1507 1496 1498
f 1507 1498 1483
f 1483 1498 1501
f 1483 1501 1486
f 1486 1501 1508
f 1486 1508 1494
f 1495 1460 1459
f 1504 1495 1509
f 1509 1495 1459
f 1509 1459 1463
f 1496 1510 1511
f 1511 1512 1513
f 1496 1511 1497
f 1497 1511 1513
f 1497 1513 1499
f 1509 1514 1504
f 1504 1514 1515
f 1504 1515 1506
f 1506 1515 1516
f 1506 1516 1496
f 1496 1516 1517
f 1496 1517 1510
f 1518 1519 1520
f 1520 1519 1512
f 1520 1512 1521
f 1521 1512 1522
f 1512 1511 1522
f 1522 1511 1510
f 1522 1510 1523
f 1523 1510 1517
f 1523 1517 1524
f 1524 1517 1525
f 1517 1516 1525
f 1525 1516 1515
f 1525 1515 1526
f 1526 1515 1527
f 1515 1514 1527
f 1527 1514 1509
f 1527 1509 1528
f 1528 1509 1463
f 1528 1463 1529
f 1529 1463 1462
f 1529 1462 1461
f 1530 1531 1532
f 1533 1534 1535
f 1536 1537 1538
f 1539 1540 1541
f 1542 1543 1544
f 1545 1546 1547
f 1548 1549 1550
f 795 793 1551
f 798 797 1552
f 1552 797 796
f 1552 796 804
f 793 791 1543
f 1553 775 795
f 1554 1555 1556
f 1556 1557 1554
f 1554 1557 1558
f 1554 1558 1559
f 1558 1560 1559
f 1559 1560 1561
f 1559 1561 1550
f 1550 1561 1562
f 1550 1562 1548
f 1563 1564 1565
f 1565 1564 1566
f 1565 1566 1567
f 1568 1569 1570
f 1568 1570 1571
f 1572 1573 1574
f 1574 1573 1571
f 1569 1575 1570
f 1570 1575 1576
f 1570 1576 1577
f 1577 1578 1570
f 1570 1578 1579
f 1570 1579 1563
f 1563 1579 1580
f 1563 1580 1564
f 1571 1570 1574
f 1574 1570 1581
f 1574 1581 1582
f 1582 1581 1583
f 1582 1583 1584
f 1585 1586 1587
f 1535 1588 1586
f 1534 1589 1535
f 1535 1589 1590
f 1535 1590 1588
f 1591 1592 1593
f 1593 1592 1594
f 1593 1594 1595
f 1596 1597 1598
f 1598 1597 1599
f 1600 1601 1596
f 1596 1601 1602
f 1596 1602 1597
f 1603 1552 1604
f 1604 1552 804
f 1604 804 805
f 791 789 1543
f 1543 789 798
f 1543 798 1544
f 1544 798 1552
f 1544 1552 1605
f 1605 1552 1603
f 1605 1603 1606
f 1607 1542 1608
f 1608 1542 1544
f 1608 1544 1609
f 1609 1544 1605
f 1609 1605 1600
f 1600 1605 1606
f 1600 1606 1601
f 1537 1539 1610
f 1539 1541 1610
f 1610 1541 1611
f 1610 1611 1612
f 1612 1611 1613
f 1612 1613 1614
f 1537 1610 1538
f 1538 1610 1612
f 1538 1612 1615
f 1615 1612 1614
f 1615 1614 1616
f 1536 1538 1617
f 1617 1538 1615
f 1617 1615 1618
f 1618 1615 1616
f 1618 1616 1619
f 1620 1621 1622
f 1622 1621 1623
f 1622 1623 1624
f 1624 1623 1625
f 1624 1625 1626
f 1626 1625 1627
f 1626 1627 1628
f 1629 1630 1631
f 1631 1630 1632
f 1631 1632 1633
f 1633 1632 1634
f 1633 1634 1635
f 1635 1634 1636
f 1635 1636 1637
f 1637 1636 1638
f 1639 1629 1640
f 1640 1629 1631
f 1640 1631 1641
f 1641 1631 1633
f 1641 1633 1642
f 1642 1633 1635
f 1642 1635 1643
f 1643 1635 1637
f 1644 1645 1646
f 1646 1645 1647
f 1646 1647 1648
f 1648 1647 1649
f 1648 1649 1650
f 1650 1649 1651
f 1650 1651 1619
f 1619 1651 1652
f 1619 1652 1618
f 1618 1652 1653
f 1618 1653 1617
f 1617 1653 1654
f 1617 1654 1536
f 1628 1655 1626
f 1626 1655 1656
f 1626 1656 1624
f 1624 1656 1657
f 1624 1657 1622
f 1622 1657 1658
f 1622 1658 1620
f 1620 1658 1659
f 1620 1659 1660
f 1660 1659 1547
f 1591 1661 1592
f 1592 1661 1660
f 1592 1660 1594
f 1594 1660 1547
f 1594 1547 1595
f 1595 1547 1546
f 1661 1662 1660
f 1660 1662 1663
f 1660 1663 1620
f 1620 1663 1664
f 1620 1664 1621
f 1664 1665 1621
f 1621 1665 1666
f 1621 1666 1623
f 1623 1666 1667
f 1623 1667 1625
f 1625 1667 1668
f 1625 1668 1627
f 1583 1669 1670
f 1671 1584 1672
f 1672 1584 1583
f 1672 1583 1673
f 1673 1583 1670
f 1674 1675 1676
f 1676 1675 1677
f 1676 1677 1678
f 1678 1677 1679
f 1678 1679 1680
f 1654 1674 1536
f 1536 1674 1676
f 1536 1676 1537
f 1537 1676 1678
f 1537 1678 1539
f 1539 1678 1680
f 1539 1680 1540
f 1540 1680 1681
f 1540 1681 1541
f 1541 1681 1682
f 1541 1682 1611
f 1611 1682 1683
f 1611 1683 1613
f 1684 1589 1685
f 1685 1589 1534
f 1685 1534 1686
f 1686 1534 1533
f 1686 1533 1687
f 1688 1689 1690
f 1690 1689 1691
f 1690 1691 1692
f 1692 1691 1693
f 1692 1693 1694
f 1694 1693 1695
f 1586 1585 1535
f 1535 1585 1696
f 1535 1696 1533
f 1533 1696 1697
f 1533 1697 1687
f 1687 1697 1698
f 1687 1698 1699
f 1700 1688 1701
f 1701 1688 1690
f 1701 1690 1702
f 1702 1690 1692
f 1702 1692 1703
f 1703 1692 1694
f 1703 1694 1628
f 1628 1694 1695
f 1628 1695 1655
f 1704 1705 1699
f 1699 1705 1706
f 1699 1706 1687
f 1687 1706 1707
f 1687 1707 1686
f 1686 1707 1708
f 1686 1708 1685
f 1685 1708 1709
f 1685 1709 1684
f 1689 1675 1691
f 1691 1675 1674
f 1691 1674 1693
f 1693 1674 1654
f 1693 1654 1695
f 1695 1654 1653
f 1695 1653 1655
f 1655 1653 1652
f 1655 1652 1656
f 1656 1652 1651
f 1656 1651 1657
f 1657 1651 1649
f 1657 1649 1658
f 1658 1649 1647
f 1658 1647 1659
f 1659 1647 1645
f 1659 1645 1547
f 1547 1645 1644
f 1547 1644 1545
f 1530 1532 1554
f 795 1551 1553
f 1553 1551 1710
f 1553 1710 1711
f 1711 1710 1712
f 1711 1712 1713
f 1713 1712 1714
f 1713 1714 1715
f 1715 1714 1716
f 1715 1716 1717
f 1598 1639 1596
f 1596 1639 1640
f 1596 1640 1600
f 1600 1640 1641
f 1600 1641 1609
f 1609 1641 1642
f 1609 1642 1608
f 1608 1642 1643
f 1608 1643 1607
f 1607 1643 1637
f 1607 1637 1718
f 1718 1637 1638
f 1718 1638 1719
f 1719 1638 1720
f 1719 1720 1721
f 1721 1720 1722
f 1531 1717 1532
f 1532 1717 1716
f 1532 1716 1723
f 1723 1716 1724
f 1723 1724 1725
f 1725 1724 1726
f 1725 1726 1727
f 793 1543 1551
f 1551 1543 1542
f 1551 1542 1710
f 1710 1542 1607
f 1710 1607 1712
f 1712 1607 1718
f 1712 1718 1714
f 1714 1718 1719
f 1714 1719 1716
f 1716 1719 1721
f 1716 1721 1724
f 1724 1721 1722
f 1724 1722 1726
f 1669 1583 1727
f 1727 1583 1581
f 1727 1581 1725
f 1725 1581 1570
f 1725 1570 1723
f 1723 1570 1563
f 1723 1563 1532
f 1532 1563 1565
f 1532 1565 1554
f 1554 1565 1567
f 1554 1567 1555
f 1668 1704 1627
f 1627 1704 1699
f 1627 1699 1628
f 1628 1699 1698
f 1628 1698 1703
f 1703 1698 1697
f 1703 1697 1702
f 1702 1697 1696
f 1702 1696 1701
f 1701 1696 1585
f 1701 1585 1700
f 1700 1585 1587
f 1587 1671 1700
f 1700 1671 1672
f 1700 1672 1688
f 1688 1672 1673
f 1688 1673 1689
f 1689 1673 1670
f 1689 1670 1675
f 1675 1670 1669
f 1675 1669 1677
f 1677 1669 1727
f 1677 1727 1679
f 1679 1727 1726
f 1679 1726 1680
f 1680 1726 1722
f 1680 1722 1681
f 1681 1722 1720
f 1681 1720 1682
f 1682 1720 1638
f 1682 1638 1683
f 1683 1638 1636
f 1683 1636 1613
f 1613 1636 1634
f 1613 1634 1614
f 1614 1634 1632
f 1614 1632 1616
f 1616 1632 1630
f 1616 1630 1619
f 1619 1630 1629
f 1619 1629 1650
f 1650 1629 1639
f 1650 1639 1648
f 1648 1639 1598
f 1648 1598 1646
f 1646 1598 1599
f 1646 1599 1644
f 1728 1450 1729
f 1729 1450 1452
f 1730 1731 1399
f 1730 1399 1732
f 1733 1734 1735
f 1733 1735 1736
f 1399 1401 1732
f 1732 1401 1404
f 1732 1404 1737
f 1737 1404 1405
f 1737 1405 1735
f 1735 1405 1406
f 1735 1406 1736
f 1738 1412 1739
f 1412 1411 1740
f 1738 1739 1741
f 1742 1743 1518
f 1518 1743 1744
f 1518 1744 1519
f 1742 1745 1743
f 1743 1745 1746
f 1743 1746 1741
f 1513 1512 1519
f 1519 1744 1513
f 1513 1744 1500
f 1513 1500 1499
f 1488 1494 1743
f 1743 1494 1508
f 1743 1508 1744
f 1744 1508 1501
f 1744 1501 1500
f 1741 1739 1743
f 1743 1739 1489
f 1743 1489 1488
f 1407 1408 1747
f 1747 1408 1409
f 1747 1409 1739
f 1739 1409 1410
f 1739 1410 1489
f 1412 1740 1739
f 1739 1740 1748
f 1739 1748 1747
f 1747 1748 1749
f 1747 1749 1750
f 1750 1751 1747
f 1747 1751 1752
f 1747 1752 1734
f 1406 1407 1736
f 1736 1407 1747
f 1736 1747 1733
f 1733 1747 1734
f 1753 1754 1755
f 1755 1754 1549
f 1755 1549 1756
f 1756 1549 1548
f 1756 1548 1757
f 1557 1439 1558
f 1558 1439 1438
f 1558 1438 1560
f 1560 1438 1758
f 1560 1758 1561
f 1561 1758 1757
f 1561 1757 1562
f 1562 1757 1548
f 1567 1440 1555
f 1555 1440 1439
f 1555 1439 1556
f 1556 1439 1557
f 1564 1437 1566
f 1566 1437 1440
f 1566 1440 1567
f 1571 1451 1568
f 1568 1451 1449
f 1568 1449 1569
f 1569 1449 1447
f 1569 1447 1575
f 1575 1447 1445
f 1575 1445 1576
f 1445 1444 1576
f 1576 1444 1454
f 1576 1454 1577
f 1577 1454 1453
f 1577 1453 1578
f 1578 1453 1434
f 1578 1434 1579
f 1579 1434 1433
f 1579 1433 1580
f 1580 1433 1437
f 1580 1437 1564
f 1759 1760 1761
f 1761 1760 1762
f 1761 1762 1763
f 1764 1765 1763
f 1766 1767 1768
f 1768 1767 1769
f 1768 1769 1770
f 1766 1771 1767
f 1767 1771 1772
f 1767 1772 1773
f 1774 1775 1776
f 1777 1778 1779
f 1776 1780 1774
f 1774 1780 1777
f 1774 1777 1781
f 1781 1777 1779
f 1781 1779 1709
f 1782 1783 1768
f 1768 1783 1784
f 1768 1784 1766
f 1766 1784 1785
f 1766 1785 1771
f 1771 1785 1776
f 1771 1776 1772
f 1772 1776 1775
f 1772 1775 1773
f 1764 1763 1786
f 1786 1763 1762
f 1786 1762 1787
f 1770 1765 1768
f 1768 1765 1764
f 1768 1764 1782
f 1782 1764 1786
f 1782 1786 1788
f 1788 1786 1787
f 1788 1787 1789
f 1790 1791 1760
f 1792 1740 1793
f 1793 1740 1411
f 1793 1411 1759
f 1759 1411 1413
f 1759 1413 1760
f 1760 1413 1414
f 1760 1414 1790
f 1450 1728 1465
f 1465 1728 1794
f 1465 1794 1466
f 1466 1794 1467
f 1467 1794 1464
f 1464 1794 1795
f 1464 1795 1796
f 1796 1797 1464
f 1464 1797 1798
f 1464 1798 1461
f 1461 1798 1799
f 1461 1799 1529
f 1529 1799 1800
f 1742 1518 1520
f 1801 1802 1745
f 1520 1803 1742
f 1742 1803 1804
f 1742 1804 1745
f 1745 1804 1805
f 1745 1805 1801
f 1802 1791 1745
f 1745 1791 1790
f 1745 1790 1746
f 1746 1790 1741
f 1414 1412 1790
f 1790 1412 1738
f 1790 1738 1741
f 1806 1807 1523
f 1523 1807 1808
f 1523 1808 1522
f 1522 1808 1803
f 1522 1803 1521
f 1521 1803 1520
f 1523 1524 1806
f 1806 1524 1525
f 1806 1525 1809
f 1809 1525 1526
f 1809 1526 1810
f 1810 1526 1527
f 1810 1527 1800
f 1800 1527 1528
f 1800 1528 1529
f 1451 1571 1452
f 1452 1571 1573
f 1452 1573 1729
f 1729 1573 1572
f 1729 1572 1728
f 1728 1572 1811
f 1728 1811 1794
f 1794 1811 1795
f 1812 1732 1813
f 1813 1732 1737
f 1813 1737 1814
f 1815 1814 1737
f 1740 1792 1748
f 1748 1792 1816
f 1748 1816 1749
f 1749 1816 1817
f 1749 1817 1750
f 1750 1817 1818
f 1750 1818 1751
f 1751 1818 1819
f 1751 1819 1752
f 1752 1819 1820
f 1752 1820 1734
f 1734 1820 1821
f 1734 1821 1735
f 1735 1821 1822
f 1735 1822 1737
f 1737 1822 1823
f 1737 1823 1815
f 1824 1825 1826
f 1826 1825 1827
f 1826 1827 1828
f 1824 1829 1825
f 1825 1829 1830
f 1825 1830 1831
f 1831 1830 1832
f 1831 1832 1833
f 1828 1827 1834
f 1834 1827 1835
f 1834 1835 1836
f 1836 1835 1731
f 1836 1731 1837
f 1837 1731 1730
f 1837 1730 1838
f 1838 1730 1732
f 1838 1732 1812
f 1839 128 127
f 126 1831 127
f 127 1831 1833
f 127 1833 1839
f 617 586 1840
f 1841 1842 1843
f 634 635 1844
f 1845 1846 1847
f 1848 1849 1850
f 117 1839 1851
f 1851 1839 1833
f 1851 1833 1832
f 117 115 1839
f 1839 115 125
f 1839 125 124
f 124 122 1839
f 1839 122 120
f 1839 120 128
f 1832 1830 1851
f 1851 1830 1852
f 1851 1852 1853
f 1854 1855 1856
f 1856 1855 1857
f 1856 1857 1858
f 857 856 1859
f 1859 856 1163
f 1163 1162 1859
f 1859 1162 1161
f 1859 1161 1160
f 1860 764 761
f 761 760 1860
f 1860 760 851
f 1860 851 849
f 1861 1849 1862
f 1862 1849 1848
f 1862 1848 1863
f 1864 1863 1865
f 1865 1863 1848
f 1865 1848 1866
f 1866 1848 1850
f 1866 1850 1867
f 1867 1850 1868
f 1867 1868 1869
f 1869 1868 1870
f 1160 1845 1859
f 1859 1845 1847
f 1859 1847 857
f 857 1847 1860
f 857 1860 848
f 848 1860 849
f 635 1870 1844
f 1844 1870 1868
f 1844 1868 1846
f 1846 1868 1850
f 1846 1850 1847
f 1847 1850 1849
f 1847 1849 1860
f 1860 1849 1861
f 1860 1861 764
f 1177 643 1871
f 1871 643 644
f 1871 644 1872
f 1872 644 638
f 1872 638 633
f 1160 1177 1845
f 1845 1177 1871
f 1845 1871 1846
f 1846 1871 1872
f 1846 1872 1844
f 1844 1872 633
f 1844 633 634
f 585 1873 1874
f 1874 1873 1854
f 1874 1854 1875
f 1875 1854 1856
f 1875 1856 1876
f 1876 1856 1858
f 1876 1858 1877
f 1877 1841 1878
f 1877 1878 1876
f 1876 1878 1879
f 1876 1879 1875
f 1875 1879 1840
f 1875 1840 1874
f 1874 1840 586
f 1874 586 585
f 1852 1880 1853
f 1853 1880 1881
f 1853 1881 1882
f 1881 1883 1882
f 1882 1883 1884
f 1882 1884 1865
f 1865 1884 1885
f 1865 1885 1864
f 1841 1843 1878
f 1878 1843 1886
f 1878 1886 1879
f 1879 1886 1887
f 1879 1887 1840
f 1840 1887 615
f 1840 615 617
f 1857 1851 1858
f 1858 1851 1853
f 1858 1853 1877
f 1877 1853 1882
f 1877 1882 1841
f 1841 1882 1865
f 1841 1865 1842
f 1842 1865 1866
f 1842 1866 1843
f 1843 1866 1867
f 1843 1867 1886
f 1886 1867 1869
f 1886 1869 1887
f 1887 1869 1870
f 1887 1870 615
f 615 1870 635
f 118 1888 1889
f 118 117 1851
f 118 1889 112
f 112 1889 1890
f 112 1890 109
f 107 109 105
f 105 109 1890
f 105 1890 103
f 97 99 1891
f 101 103 1892
f 1892 103 1890
f 1892 1890 1893
f 1893 1890 1889
f 1893 1889 1894
f 1894 1889 1888
f 99 101 1891
f 1891 101 1892
f 1891 1892 1895
f 1895 1892 1893
f 1895 1893 1896
f 1896 1893 1894
f 118 1851 1888
f 1888 1851 1857
f 1888 1857 1894
f 1894 1857 1855
f 1894 1855 1896
f 1896 1855 1854
f 1896 1854 1873
f 97 1891 658
f 658 1891 1895
f 658 1895 659
f 659 1895 1896
f 659 1896 655
f 655 1896 1873
f 655 1873 585
f 1897 1898 1899
f 1268 1267 1900
f 1559 1550 1901
f 1901 1550 1549
f 1901 1549 1754
f 1902 1903 1904
f 1904 1903 1905
f 1754 1753 1904
f 1904 1753 1906
f 1904 1906 1907
f 1907 1908 1904
f 1904 1908 1909
f 1904 1909 1902
f 1905 1910 1904
f 1904 1910 1911
f 1904 1911 1754
f 1754 1911 1912
f 1754 1912 1901
f 1267 1269 1900
f 1900 1269 1262
f 1900 1262 779
f 1247 1246 1913
f 1913 1246 1244
f 1914 1237 1236
f 1914 597 1237
f 1237 597 596
f 1237 596 602
f 1915 1916 1917
f 1917 1916 600
f 1917 600 599
f 1559 1901 1918
f 1918 1901 1919
f 1918 1919 1920
f 651 649 1914
f 1914 649 648
f 1914 648 597
f 577 652 1899
f 577 1921 578
f 578 1921 1922
f 578 1922 627
f 627 1922 1923
f 627 1923 628
f 652 651 1899
f 1899 651 1914
f 1899 1914 1897
f 1897 1914 1236
f 1897 1236 1238
f 1238 1247 1897
f 1897 1247 1913
f 1897 1913 1898
f 1898 1913 1924
f 1898 1924 1925
f 1925 1924 1926
f 1925 1926 1927
f 1927 1926 1928
f 1927 1928 1929
f 1929 1928 1930
f 1929 1930 1931
f 1244 1243 1913
f 1913 1243 1268
f 1913 1268 1924
f 1924 1268 1900
f 1924 1900 1926
f 1926 1900 1932
f 1926 1932 1928
f 1928 1932 1933
f 1928 1933 1930
f 1930 1933 1934
f 1930 1934 1931
f 779 776 1900
f 1900 776 775
f 1900 775 1932
f 1932 775 1553
f 1932 1553 1933
f 1933 1553 1711
f 1933 1711 1934
f 1531 1530 1935
f 1935 1530 1554
f 1936 1916 1937
f 1937 1916 1915
f 1937 1915 1938
f 1938 1915 1917
f 1938 1917 1939
f 1939 1917 599
f 1939 599 630
f 1921 1940 1922
f 1922 1940 1941
f 1922 1941 1923
f 1923 1941 1942
f 1923 1942 1943
f 1943 1942 1944
f 1943 1944 1945
f 1945 1944 1946
f 1945 1946 1920
f 1920 1946 1935
f 1920 1935 1918
f 1918 1935 1554
f 1918 1554 1559
f 1919 1936 1920
f 1920 1936 1937
f 1920 1937 1945
f 1945 1937 1938
f 1945 1938 1943
f 1943 1938 1939
f 1943 1939 1923
f 1923 1939 630
f 1923 630 628
f 1711 1713 1934
f 1934 1713 1715
f 1934 1715 1717
f 577 1899 1921
f 1921 1899 1898
f 1921 1898 1940
f 1940 1898 1925
f 1940 1925 1941
f 1941 1925 1927
f 1941 1927 1942
f 1942 1927 1929
f 1942 1929 1944
f 1944 1929 1931
f 1944 1931 1946
f 1946 1931 1934
f 1946 1934 1935
f 1935 1934 1717
f 1935 1717 1531
f 1947 468 462
f 1948 1755 1949
f 1950 1951 1949
f 1949 1951 1952
f 1949 1952 1948
f 1755 1756 1949
f 1949 1756 1757
f 1949 1757 1758
f 1949 1758 1953
f 462 464 1947
f 1947 464 465
f 1947 465 466
f 1421 1420 468
f 1438 1421 1758
f 1758 1421 468
f 1758 468 1953
f 1953 468 1947
f 1423 1424 410
f 410 1424 1428
f 369 374 370
f 370 374 468
f 370 468 411
f 411 468 1420
f 411 1420 410
f 410 1420 1422
f 410 1422 1423
f 408 1472 396
f 396 1472 1473
f 396 1473 382
f 1428 1426 410
f 410 1426 1472
f 410 1472 409
f 409 1472 408
f 1469 395 394
f 394 397 1469
f 1469 397 383
f 1469 383 1470
f 1470 383 382
f 1470 382 1471
f 1471 382 1473
f 395 1469 437
f 437 1469 1475
f 437 1475 432
f 432 1475 1476
f 432 1476 430
f 430 1476 1478
f 430 1478 427
f 427 1478 1480
f 427 1480 424
f 424 1480 1482
f 424 1482 421
f 421 1482 1484
f 421 1484 419
f 419 1484 1485
f 419 1485 321
f 321 1485 1487
f 321 1487 322
f 322 1487 1490
f 322 1490 312
f 328 1493 329
f 329 1493 344
f 328 315 1493
f 1493 315 313
f 1493 313 1492
f 1492 313 312
f 1492 312 1491
f 1491 312 1490
f 346 135 347
f 347 135 133
f 347 133 305
f 1388 1397 345
f 344 1493 345
f 345 1493 1389
f 345 1389 1388
f 1731 1835 1399
f 1399 1835 1827
f 1399 1827 135
f 1397 1396 345
f 345 1396 1403
f 345 1403 346
f 346 1403 1402
f 346 1402 135
f 135 1402 1400
f 135 1400 1399
f 140 1954 158
f 158 1954 159
f 121 1831 119
f 119 1831 126
f 121 123 1831
f 1831 123 114
f 1831 114 1825
f 1825 114 1955
f 1825 1955 1827
f 1827 1955 1956
f 1827 1956 135
f 135 1956 1954
f 135 1954 137
f 137 1954 140
f 551 553 549
f 549 553 1957
f 549 1957 548
f 1958 1959 1960
f 1960 1959 1961
f 1960 1961 1962
f 1962 1961 1963
f 1962 1963 1964
f 1964 1963 1965
f 1964 1965 1966
f 1966 1965 1967
f 1966 1967 938
f 938 1967 1957
f 938 1957 940
f 940 1957 553
f 940 553 555
f 943 600 1916
f 1968 1969 1970
f 1966 1971 1964
f 1964 1971 1972
f 1973 1958 1974
f 1974 1958 1960
f 1974 1960 1972
f 1972 1960 1962
f 1972 1962 1964
f 941 1971 937
f 937 1971 1966
f 937 1966 938
f 1973 1974 1975
f 1975 1974 1972
f 1975 1972 1976
f 1976 1972 1971
f 1976 1971 1977
f 1977 1971 941
f 1977 941 942
f 942 1978 1977
f 1977 1978 1979
f 1977 1979 1976
f 1976 1979 1968
f 1976 1968 1975
f 1975 1968 1970
f 1975 1970 1973
f 1901 1969 1919
f 1919 1969 1968
f 1919 1968 1936
f 1936 1968 1979
f 1936 1979 1916
f 1916 1979 1978
f 1916 1978 943
f 943 1978 942
f 1980 1910 1950
f 1950 1910 1905
f 1950 1905 1951
f 1909 1952 1902
f 1902 1952 1951
f 1902 1951 1903
f 1903 1951 1905
f 1753 1755 1906
f 1906 1755 1948
f 1906 1948 1907
f 1907 1948 1952
f 1907 1952 1908
f 1908 1952 1909
f 1969 1901 1981
f 1981 1901 1912
f 1981 1912 1980
f 1980 1912 1911
f 1980 1911 1910
f 1973 1982 1958
f 1958 1982 1983
f 1958 1983 1959
f 1981 1984 1969
f 1969 1984 1982
f 1969 1982 1970
f 1970 1982 1973
f 1985 1986 1987
f 1987 1986 1988
f 1989 1990 1987
f 1987 1990 1991
f 1987 1991 1985
f 1802 1801 1992
f 1805 1804 1993
f 1803 1808 1994
f 1810 1995 1988
f 1811 1996 1795
f 1795 1996 1997
f 1795 1997 1796
f 1796 1997 1998
f 1796 1998 1797
f 1998 1999 1797
f 1797 1999 2000
f 1797 2000 1798
f 1798 2000 2001
f 1798 2001 1799
f 1994 1808 1986
f 1799 2001 1800
f 1800 2001 2002
f 1800 2002 1810
f 1810 2002 2003
f 1810 2003 1995
f 1808 1807 1986
f 1986 1807 1806
f 1986 1806 1988
f 1988 1806 1809
f 1988 1809 1810
f 1993 1804 2004
f 1803 1994 1804
f 1804 1994 2005
f 1804 2005 2004
f 1992 1801 2006
f 1805 1993 1801
f 1801 1993 2007
f 1801 2007 2006
f 1762 1760 1992
f 1992 1760 1791
f 1992 1791 1802
f 2008 2009 2010
f 2010 2009 2011
f 2010 2011 2012
f 1684 1709 1779
f 1588 2013 1586
f 1586 2013 2014
f 1586 2014 1587
f 1574 1582 2012
f 2012 1582 1584
f 2012 1584 2010
f 2010 1584 1671
f 2010 1671 2008
f 1811 1572 1574
f 1811 1574 1996
f 1996 1574 2012
f 1996 2012 2015
f 2015 2012 2011
f 2015 2011 2016
f 2017 2018 2008
f 2008 2018 2019
f 2008 2019 2009
f 1671 1587 2008
f 2008 1587 2014
f 2008 2014 2017
f 2017 2014 2013
f 2017 2013 2020
f 2020 2013 1588
f 2020 1588 2021
f 2021 1588 1590
f 2021 1590 2022
f 2022 1590 1589
f 2022 1589 2023
f 2023 1589 1684
f 2023 1684 2024
f 2024 1684 1779
f 2024 1779 1778
f 2019 2018 293
f 1783 1782 2025
f 1789 2026 1788
f 1788 2026 2027
f 2027 2028 1788
f 1788 2028 2029
f 1788 2029 1782
f 1782 2029 2030
f 1782 2030 2025
f 2025 283 1783
f 1783 283 285
f 1783 285 1784
f 1784 285 287
f 1784 287 1785
f 1785 287 288
f 1785 288 1776
f 1776 288 281
f 1776 281 1780
f 1780 281 279
f 1780 279 1777
f 1777 279 277
f 272 2023 275
f 275 2023 2024
f 275 2024 277
f 277 2024 1778
f 277 1778 1777
f 271 2021 272
f 272 2021 2022
f 272 2022 2023
f 293 2018 291
f 291 2018 2017
f 291 2017 271
f 271 2017 2020
f 271 2020 2021
f 2019 293 2009
f 2009 293 295
f 2009 295 2011
f 295 2031 2011
f 2011 2031 2032
f 2011 2032 2033
f 2033 2034 2011
f 2011 2034 2035
f 2011 2035 2036
f 2036 2037 2011
f 2011 2037 2038
f 2011 2038 2016
f 295 294 2039
f 2001 2000 2040
f 2041 2015 2042
f 2042 2015 2016
f 2042 2016 2043
f 2043 2016 2038
f 1998 1997 2041
f 2041 1997 1996
f 2041 1996 2015
f 2044 2045 2002
f 2002 2045 2046
f 2002 2046 2003
f 2003 2046 2047
f 2048 1988 1995
f 294 292 2039
f 2039 292 2049
f 2039 2049 2050
f 2051 2031 295
f 2033 2052 2034
f 2034 2052 2053
f 2034 2053 2035
f 2054 2037 2055
f 2055 2037 2036
f 295 2039 2051
f 2051 2039 2050
f 2051 2050 2031
f 2031 2050 2056
f 2031 2056 2032
f 2049 2057 2058
f 2058 2057 2059
f 2045 2060 2046
f 2046 2060 2061
f 2046 2061 2047
f 2047 2061 2062
f 2038 2037 2043
f 2043 2037 2054
f 2043 2054 2042
f 2042 2054 2063
f 2042 2063 2041
f 2041 2063 2064
f 2041 2064 1998
f 2055 2065 2054
f 2054 2065 2066
f 2054 2066 2063
f 2063 2066 2067
f 2063 2067 2064
f 2064 2067 2068
f 2064 2068 1998
f 1998 2068 1999
f 2000 1999 2040
f 2040 1999 2068
f 2040 2068 2069
f 2069 2068 2067
f 2069 2067 2070
f 2070 2067 2066
f 2070 2066 2071
f 2071 2066 2065
f 2049 2058 2050
f 2050 2058 2052
f 2050 2052 2056
f 2056 2052 2033
f 2056 2033 2032
f 2072 2073 2062
f 2062 2073 2048
f 2062 2048 2047
f 2047 2048 1995
f 2047 1995 2003
f 2060 2059 2061
f 2061 2059 2057
f 2061 2057 2062
f 2062 2057 2049
f 2062 2049 2072
f 2072 2049 292
f 2072 292 290
f 2002 2001 2044
f 2044 2001 2040
f 2044 2040 2045
f 2045 2040 2069
f 2045 2069 2060
f 2060 2069 2070
f 2060 2070 2059
f 2059 2070 2071
f 2059 2071 2058
f 2058 2071 2065
f 2058 2065 2052
f 2052 2065 2055
f 2052 2055 2053
f 2053 2055 2036
f 2053 2036 2035
f 1994 1986 2074
f 2026 2075 2027
f 2027 2075 2076
f 2027 2076 2028
f 2028 2076 2077
f 2028 2077 2029
f 2029 2077 2030
f 1992 2006 2078
f 2026 1789 2075
f 2075 1789 1787
f 2075 1787 2079
f 2079 1787 1762
f 2079 1762 2080
f 2007 1993 2081
f 2081 1993 2082
f 2081 2082 2083
f 2083 2082 2084
f 2083 2084 2085
f 2085 2084 2086
f 2085 2086 2087
f 2087 2086 2088
f 2087 2088 2089
f 1762 1992 2080
f 2080 1992 2078
f 2080 2078 2079
f 2079 2078 2090
f 2079 2090 2075
f 2075 2090 2091
f 2075 2091 2076
f 2004 2005 2092
f 2092 2005 2093
f 2092 2093 2094
f 2094 2093 2095
f 2094 2095 2096
f 2096 2095 2097
f 2096 2097 2098
f 2097 2099 2098
f 2098 2099 2100
f 2098 2100 2101
f 2101 2100 284
f 2101 284 283
f 2005 1994 2093
f 2093 1994 2074
f 2093 2074 2095
f 2095 2074 2102
f 2095 2102 2097
f 2097 2102 2103
f 2097 2103 2099
f 2099 2103 2104
f 2099 2104 2100
f 2100 2104 2105
f 2100 2105 284
f 284 2105 286
f 1993 2004 2082
f 2082 2004 2092
f 2082 2092 2084
f 2084 2092 2094
f 2084 2094 2086
f 2086 2094 2096
f 2086 2096 2088
f 2088 2096 2098
f 2088 2098 2089
f 2089 2098 2101
f 2089 2101 2106
f 2106 2101 283
f 2106 283 2107
f 2107 283 2025
f 2107 2025 2106
f 2106 2025 2030
f 2106 2030 2089
f 2089 2030 2077
f 2089 2077 2087
f 2087 2077 2076
f 2087 2076 2085
f 2085 2076 2091
f 2085 2091 2083
f 2083 2091 2090
f 2083 2090 2081
f 2081 2090 2078
f 2081 2078 2007
f 2007 2078 2006
f 2108 276 2109
f 2109 276 278
f 2109 278 2110
f 2110 278 280
f 2110 280 2111
f 2111 280 282
f 289 273 2108
f 2108 273 274
f 2108 274 276
f 2108 2112 289
f 289 2112 2072
f 289 2072 290
f 1988 2048 2113
f 2113 2048 2073
f 2104 2103 2114
f 2114 2103 2102
f 2114 2102 2074
f 1988 2113 1987
f 1987 2113 2115
f 1987 2115 1989
f 1989 2115 2116
f 1989 2116 1990
f 1990 2116 2117
f 1990 2117 1991
f 1991 2117 2114
f 1991 2114 1985
f 1985 2114 2074
f 1985 2074 1986
f 282 286 2111
f 2111 286 2105
f 2111 2105 2104
f 2104 2114 2111
f 2111 2114 2117
f 2111 2117 2110
f 2110 2117 2116
f 2110 2116 2109
f 2109 2116 2115
f 2109 2115 2108
f 2108 2115 2113
f 2108 2113 2112
f 2112 2113 2073
f 2112 2073 2072
f 2118 2119 2120
f 2120 2119 2121
f 2120 2121 2122
f 734 2123 733
f 733 2123 2124
f 733 2124 2125
f 2126 2127 2128
f 2128 2127 2129
f 2128 2129 2124
f 2124 2129 2130
f 2124 2130 2125
f 2126 2128 2131
f 2131 2128 2132
f 2131 2132 2133
f 2133 2132 2134
f 2133 2134 2135
f 2121 2136 2122
f 2122 2136 2137
f 2122 2137 2138
f 2138 2137 2139
f 2138 2139 2134
f 2134 2139 2140
f 2134 2140 2135
f 700 2118 724
f 724 2118 2120
f 724 2120 725
f 725 2120 2122
f 725 2122 726
f 726 2122 2138
f 726 2138 727
f 727 2138 2134
f 727 2134 723
f 723 2134 2132
f 723 2132 722
f 722 2132 2128
f 722 2128 721
f 721 2128 2124
f 721 2124 720
f 720 2124 2123
f 720 2123 681
f 681 2123 734
f 2119 2118 2141
f 2142 2143 2144
f 2142 2144 2145
f 2145 2144 2146
f 2145 2146 2147
f 2147 2146 2148
f 2147 2148 2141
f 2141 2148 2149
f 2141 2149 2119
f 2118 700 686
f 2118 686 2141
f 2141 686 688
f 2141 688 2147
f 2147 688 692
f 2147 692 2145
f 2145 692 691
f 2145 691 2142
f 2143 2150 2144
f 2144 2150 2151
f 2144 2151 2146
f 2146 2151 2148
f 2150 2143 2152
f 2152 2143 2153
f 306 308 2154
f 2155 2153 2156
f 2156 2153 2143
f 2156 2143 2157
f 2157 2143 2142
f 2157 2142 2158
f 343 307 738
f 738 307 306
f 738 306 744
f 744 306 2154
f 744 2154 745
f 745 2154 2158
f 745 2158 746
f 746 2158 2142
f 746 2142 691
f 301 302 2159
f 2160 2161 2162
f 2160 2163 2164
f 2165 2166 2162
f 2162 2166 2167
f 2162 2167 2160
f 2162 2168 2165
f 2165 2168 2159
f 2165 2159 2169
f 2169 2159 302
f 2169 302 352
f 299 300 2170
f 2170 300 301
f 2171 304 299
f 2154 308 304
f 304 2171 2154
f 2154 2171 2172
f 2154 2172 2158
f 2158 2172 2173
f 2158 2173 2157
f 2157 2173 2174
f 2157 2174 2156
f 2156 2174 2175
f 2156 2175 2155
f 2176 2177 2178
f 2160 2164 2161
f 2161 2164 2179
f 2161 2179 2180
f 299 2170 2171
f 2171 2170 2181
f 2171 2181 2172
f 2172 2181 2182
f 2172 2182 2173
f 2173 2182 2176
f 2173 2176 2174
f 2174 2176 2178
f 2174 2178 2175
f 301 2159 2170
f 2170 2159 2168
f 2170 2168 2181
f 2181 2168 2162
f 2181 2162 2182
f 2182 2162 2161
f 2182 2161 2176
f 2176 2161 2180
f 2176 2180 2177
f 2166 2183 2184
f 2166 2184 2167
f 2167 2184 2185
f 2167 2185 2160
f 2160 2185 2186
f 2160 2186 2163
f 2183 2166 2187
f 2187 2166 2165
f 2187 2165 2188
f 2188 2165 2169
f 2188 2169 2189
f 2189 2169 352
f 2189 352 2190
f 352 351 2190
f 2190 351 349
f 2190 349 2191
f 2191 349 348
f 835 758 356
f 356 758 751
f 751 750 356
f 356 750 2192
f 356 2192 362
f 362 2192 2193
f 362 2193 348
f 348 2193 2194
f 348 2194 2191
f 2192 750 753
f 2195 2196 2197
f 2197 2196 2198
f 2198 2196 2199
f 2199 2196 2200
f 2199 2200 2201
f 2201 2200 2202
f 2201 2202 2203
f 2203 2202 2204
f 2203 2204 2205
f 2205 2204 2206
f 2205 2206 2207
f 2207 2206 2208
f 2207 2208 2209
f 2188 2189 2210
f 2210 2189 2190
f 2210 2190 2211
f 2211 2190 2191
f 2211 2191 2212
f 2212 2191 2194
f 2212 2194 2213
f 2213 2194 2193
f 2214 2215 2216
f 2188 2210 2187
f 2187 2210 2217
f 2187 2217 2183
f 2183 2217 2218
f 2183 2218 2184
f 2184 2218 2214
f 2184 2214 2185
f 2185 2214 2216
f 2185 2216 2186
f 2219 2220 2221
f 2197 2222 2195
f 2195 2222 2223
f 2195 2223 2224
f 749 2213 753
f 753 2213 2193
f 753 2193 2192
f 749 2225 2213
f 2213 2225 2226
f 2213 2226 2212
f 2212 2226 2227
f 2212 2227 2211
f 2211 2227 2228
f 2211 2228 2210
f 2210 2228 2229
f 2210 2229 2217
f 2217 2229 2230
f 2217 2230 2218
f 2218 2230 2219
f 2218 2219 2214
f 2214 2219 2221
f 2214 2221 2215
f 749 748 2208
f 2208 748 762
f 2208 762 2209
f 2209 762 763
f 2209 763 764
f 749 2208 2225
f 2225 2208 2206
f 2225 2206 2226
f 2226 2206 2204
f 2226 2204 2227
f 2227 2204 2202
f 2227 2202 2228
f 2228 2202 2200
f 2228 2200 2229
f 2229 2200 2196
f 2229 2196 2230
f 2230 2196 2195
f 2230 2195 2219
f 2219 2195 2224
f 2219 2224 2220
f 2231 2232 2233
f 2232 2231 2234
f 2209 764 1861
f 1838 1812 2235
f 1774 1781 2236
f 2237 1775 1774
f 2238 1773 1775
f 2239 1767 1773
f 2239 2240 1767
f 1767 2240 2241
f 1767 2241 1769
f 1769 2241 1770
f 1770 2241 2242
f 1770 2242 1765
f 2243 1763 1765
f 1821 1820 2244
f 1815 1823 2244
f 2244 1823 1822
f 2244 1822 1821
f 1820 1819 2244
f 2244 1819 1818
f 2244 1818 1817
f 1817 1816 2244
f 2244 1816 1792
f 2244 1792 1761
f 1761 1792 1793
f 1761 1793 1759
f 1813 1814 2245
f 1852 1830 1829
f 1829 1824 1852
f 1852 1824 1826
f 1852 1826 1880
f 1826 1828 1880
f 1880 1828 1834
f 1880 1834 1881
f 1881 1834 1836
f 1881 1836 1837
f 2209 1861 2207
f 2201 2203 2246
f 2246 2203 2205
f 2246 2205 2247
f 2234 2222 2232
f 2232 2222 2197
f 2232 2197 2198
f 2246 2233 2201
f 2201 2233 2232
f 2201 2232 2199
f 2199 2232 2198
f 2248 2249 2231
f 2231 2249 2250
f 2231 2250 2234
f 2251 2252 2253
f 2253 2252 2254
f 2254 2252 2255
f 2254 2255 2256
f 2256 2255 2257
f 2256 2257 2258
f 1661 1591 2258
f 2259 2260 2261
f 2261 2260 2262
f 2261 2262 2263
f 2264 1662 1661
f 2265 1664 1663
f 2260 1665 2262
f 2262 1665 1664
f 2262 1664 2263
f 2263 1664 2265
f 2263 2265 2266
f 2267 2259 2268
f 2268 2259 2261
f 2268 2261 2269
f 2269 2261 2263
f 2269 2263 2270
f 2270 2263 2266
f 2270 2266 2271
f 2272 2273 2274
f 2274 2273 2275
f 2274 2275 2276
f 2276 2277 2274
f 2274 2277 2278
f 2274 2278 2272
f 2272 2278 2279
f 2280 2281 2282
f 2283 2284 2285
f 2285 2284 2286
f 2285 2286 2287
f 2247 2288 2246
f 2246 2288 2289
f 2246 2289 2233
f 2233 2289 2290
f 2233 2290 2231
f 2231 2290 2291
f 2231 2291 2248
f 2248 2291 2292
f 2248 2292 2293
f 2293 2292 2294
f 2293 2294 2295
f 2295 2294 2296
f 2295 2296 2297
f 2297 2296 2251
f 2297 2251 2298
f 2298 2251 2253
f 2258 2257 1661
f 1661 2257 2255
f 1661 2255 2264
f 2264 2255 2252
f 2264 2252 2299
f 2299 2252 2251
f 2299 2251 2300
f 2300 2251 2296
f 2300 2296 2301
f 2301 2296 2294
f 2301 2294 2302
f 2302 2294 2292
f 2302 2292 2303
f 2303 2292 2291
f 2303 2291 2304
f 2304 2291 2290
f 2304 2290 2305
f 2305 2290 2289
f 2305 2289 2306
f 2306 2289 2288
f 2306 2288 2286
f 2286 2288 2247
f 2286 2247 2287
f 1761 1763 2244
f 2244 1763 2243
f 2244 2243 2307
f 2307 2243 2308
f 2307 2308 2309
f 2309 2308 2310
f 2309 2310 2311
f 2311 2310 2312
f 2312 2313 2311
f 2311 2313 2314
f 2311 2314 2315
f 1812 1813 2235
f 2235 1813 2245
f 2235 2245 2316
f 2316 2245 2317
f 2316 2317 2318
f 2317 2319 2318
f 2318 2319 2320
f 2318 2320 2283
f 2283 2320 2321
f 2283 2321 2284
f 1837 1838 1881
f 1881 1838 2235
f 1881 2235 1883
f 1883 2235 2316
f 1814 1815 2245
f 2245 1815 2244
f 2245 2244 2317
f 2317 2244 2307
f 2317 2307 2319
f 2319 2307 2309
f 2319 2309 2320
f 2320 2309 2311
f 2320 2311 2321
f 2321 2311 2315
f 2321 2315 2284
f 1775 2237 2238
f 2238 2237 2322
f 2238 2322 2323
f 2323 2322 2324
f 2323 2324 2325
f 1774 2236 2237
f 2237 2236 2326
f 2237 2326 2322
f 2322 2326 2327
f 2322 2327 2324
f 2239 2328 2240
f 2240 2328 2329
f 2240 2329 2241
f 2241 2329 2330
f 2241 2330 2242
f 2242 2330 2331
f 1781 1709 2236
f 2236 1709 1708
f 2236 1708 2326
f 2326 1708 1707
f 2326 1707 2327
f 2327 1707 2332
f 2327 2332 2324
f 1707 1706 2332
f 2332 1706 1705
f 2332 1705 2267
f 1705 1704 2267
f 2267 1704 1668
f 2267 1668 2259
f 2259 1668 1667
f 2259 1667 2260
f 2260 1667 1666
f 2260 1666 1665
f 2325 2333 2334
f 2334 2333 2335
f 2334 2335 2336
f 2336 2335 2337
f 2336 2337 2338
f 2338 2337 2339
f 2338 2339 2340
f 2340 2339 2341
f 2340 2341 2275
f 2275 2341 2342
f 2275 2342 2276
f 2276 2342 2343
f 2276 2343 2277
f 2325 2324 2333
f 2333 2324 2332
f 2333 2332 2335
f 2335 2332 2267
f 2335 2267 2337
f 2337 2267 2268
f 2337 2268 2339
f 2339 2268 2269
f 2339 2269 2341
f 2341 2269 2270
f 2341 2270 2342
f 2342 2270 2271
f 2342 2271 2343
f 2282 2281 2344
f 2344 2281 2345
f 2344 2345 2346
f 2346 2345 2347
f 2346 2347 2348
f 2348 2347 2349
f 2348 2349 2350
f 2350 2349 2351
f 2350 2351 2352
f 2352 2351 2353
f 2352 2353 2354
f 2354 2353 2355
f 2354 2355 2356
f 2356 2355 2357
f 2356 2357 2358
f 2280 2359 2281
f 2281 2359 2360
f 2281 2360 2345
f 2345 2360 2361
f 2345 2361 2347
f 2347 2361 2362
f 2347 2362 2349
f 2349 2362 2363
f 2349 2363 2351
f 2351 2363 2364
f 2351 2364 2353
f 2353 2364 2365
f 2353 2365 2355
f 2355 2365 2366
f 2355 2366 2357
f 2359 2367 2360
f 2360 2367 2368
f 2360 2368 2361
f 2361 2368 2369
f 2361 2369 2362
f 2362 2369 2370
f 2362 2370 2363
f 2363 2370 2371
f 2363 2371 2364
f 2364 2371 2372
f 2364 2372 2365
f 2365 2372 2331
f 2365 2331 2366
f 2366 2331 2330
f 2366 2330 2357
f 2357 2330 2329
f 2357 2329 2358
f 2358 2329 2328
f 1773 2238 2239
f 2239 2238 2323
f 2239 2323 2328
f 2328 2323 2325
f 2328 2325 2358
f 2358 2325 2334
f 2358 2334 2356
f 2356 2334 2336
f 2356 2336 2354
f 2354 2336 2338
f 2354 2338 2352
f 2352 2338 2340
f 2352 2340 2350
f 2350 2340 2275
f 2350 2275 2348
f 2348 2275 2273
f 2348 2273 2346
f 2346 2273 2272
f 2346 2272 2344
f 2344 2272 2279
f 2344 2279 2282
f 2205 2207 2247
f 2247 2207 1861
f 2247 1861 2287
f 2287 1861 1862
f 2287 1862 2285
f 2285 1862 1863
f 2285 1863 2283
f 2283 1863 1864
f 2283 1864 2318
f 2318 1864 1885
f 2318 1885 2316
f 2316 1885 1884
f 2316 1884 1883
f 1765 2242 2243
f 2243 2242 2331
f 2243 2331 2308
f 2308 2331 2372
f 2308 2372 2310
f 2310 2372 2371
f 2310 2371 2312
f 2312 2371 2370
f 2312 2370 2313
f 2313 2370 2369
f 2313 2369 2314
f 2314 2369 2368
f 2314 2368 2315
f 2315 2368 2367
f 2315 2367 2284
f 2284 2367 2359
f 2284 2359 2286
f 2286 2359 2280
f 2286 2280 2306
f 2306 2280 2282
f 2306 2282 2305
f 2305 2282 2279
f 2305 2279 2304
f 2304 2279 2278
f 2304 2278 2303
f 2303 2278 2277
f 2303 2277 2302
f 2302 2277 2343
f 2302 2343 2301
f 2301 2343 2271
f 2301 2271 2300
f 2300 2271 2266
f 2300 2266 2299
f 2299 2266 2265
f 2299 2265 2264
f 2264 2265 1663
f 2264 1663 1662
f 2150 2152 2250
f 2250 2152 2153
f 2250 2153 2234
f 735 1603 496
f 496 1603 1604
f 496 1604 805
f 2153 2155 2234
f 2234 2155 2175
f 2234 2175 2178
f 2178 2177 2234
f 2234 2177 2180
f 2234 2180 2179
f 2179 2164 2234
f 2234 2164 2163
f 2234 2163 2186
f 2221 2220 2234
f 2234 2220 2224
f 2234 2224 2222
f 2222 2224 2223
f 517 515 492
f 492 515 493
f 805 802 496
f 496 802 800
f 496 800 497
f 497 800 519
f 2186 2216 2234
f 2234 2216 2215
f 2234 2215 2221
f 799 517 800
f 800 517 516
f 800 516 519
f 799 807 517
f 517 807 810
f 517 810 809
f 2150 2250 2151
f 2151 2250 2249
f 2151 2249 2148
f 2148 2249 2248
f 2148 2248 2149
f 2149 2248 2293
f 2149 2293 2119
f 2119 2293 2295
f 2119 2295 2121
f 2121 2295 2297
f 2121 2297 2136
f 809 808 517
f 517 808 538
f 517 538 515
f 735 736 1603
f 1603 736 669
f 1603 669 1606
f 1606 669 667
f 1606 667 1601
f 1601 667 666
f 1601 666 1602
f 1602 666 732
f 1602 732 1597
f 1597 732 733
f 1597 733 1599
f 1599 733 2125
f 1599 2125 1644
f 2297 2298 2136
f 2136 2298 2253
f 2136 2253 2137
f 2137 2253 2254
f 2137 2254 2139
f 2139 2254 2256
f 1644 2125 1545
f 1545 2125 2130
f 1545 2130 1546
f 1546 2130 2129
f 1546 2129 1595
f 2129 2127 1595
f 1595 2127 2126
f 1595 2126 1593
f 1593 2126 2131
f 1593 2131 1591
f 1591 2131 2133
f 1591 2133 2258
f 2258 2133 2135
f 2258 2135 2256
f 2256 2135 2140
f 2256 2140 2139
f 2373 2374 2375
f 2376 2377 2378
f 2379 2380 2381
f 2382 2383 114
f 94 90 2384
f 2384 2385 94
f 94 2385 2386
f 94 2386 2387
f 90 89 2388
f 2389 100 2387
f 2387 100 98
f 2387 98 94
f 108 106 2390
f 2389 2391 100
f 100 2391 2392
f 100 2392 102
f 102 2392 2390
f 102 2390 104
f 104 2390 106
f 2390 2393 108
f 108 2393 2394
f 108 2394 110
f 110 2394 2395
f 110 2395 111
f 111 2395 2396
f 111 2396 113
f 2382 114 2396
f 2396 114 116
f 2396 116 113
f 1950 2397 1980
f 1980 2397 2398
f 1980 2398 1981
f 2399 1963 1961
f 2398 2400 1981
f 1981 2400 2401
f 1981 2401 1984
f 1984 2401 1982
f 1961 1959 2399
f 2399 1959 1983
f 2399 1983 2402
f 2402 1983 1982
f 2402 1982 2403
f 2403 1982 2401
f 1957 1967 2404
f 2404 1967 1965
f 2404 1965 2405
f 2405 1965 2406
f 1963 2399 1965
f 1965 2399 2407
f 1965 2407 2406
f 2408 545 548
f 2409 2408 2410
f 2410 2408 548
f 2410 548 2411
f 2411 548 1957
f 2411 1957 2412
f 2412 1957 2404
f 2413 2414 2379
f 2410 2415 2409
f 2409 2415 2416
f 2409 2416 2417
f 2418 2419 2420
f 2420 2419 2421
f 2420 2421 2422
f 2422 2421 2397
f 2422 2397 1949
f 1949 2397 1950
f 2423 2424 2418
f 2418 2424 2425
f 2418 2425 2419
f 2426 2427 2428
f 2428 2427 2429
f 2428 2429 2423
f 2423 2429 2430
f 2423 2430 2424
f 2431 2376 2432
f 2432 2376 2433
f 2433 2376 2378
f 2433 2378 2426
f 2426 2378 2434
f 2426 2434 2427
f 2432 2435 2431
f 2431 2435 2436
f 2431 2436 2437
f 2436 2438 2437
f 2437 2438 2439
f 2437 2439 2440
f 2441 2442 2443
f 2443 2442 2440
f 2443 2440 2444
f 2444 2440 2439
f 2445 2442 2446
f 2446 2442 2441
f 2446 2441 2447
f 2447 2441 2448
f 2447 2448 2449
f 2449 2448 2450
f 2451 2452 2453
f 2453 2452 2454
f 2453 2454 2450
f 2450 2454 2455
f 2450 2455 2449
f 2456 2457 2383
f 2383 2457 1955
f 2383 1955 114
f 2383 2458 2456
f 2456 2458 2459
f 2456 2459 2451
f 2451 2459 2460
f 2451 2460 2452
f 90 2388 2384
f 2384 2388 2461
f 2384 2461 2462
f 2463 2373 2464
f 2464 2373 2375
f 2464 2375 2461
f 2461 2375 2465
f 2461 2465 2462
f 2416 2413 2417
f 2417 2413 2379
f 2417 2379 2466
f 2466 2379 2381
f 2466 2381 2467
f 2467 2381 2468
f 2467 2468 2469
f 2469 2468 2470
f 2469 2470 2471
f 2471 2470 2472
f 2471 2472 2463
f 2463 2472 2473
f 2463 2473 2373
f 2373 2473 2474
f 2475 2476 1947
f 466 445 2477
f 2478 2479 2480
f 2480 2479 2481
f 2480 2481 2477
f 2477 2481 2475
f 2477 2475 466
f 466 2475 1947
f 1956 1955 2457
f 1956 2457 2482
f 1949 1953 2422
f 2422 1953 2483
f 2457 2456 2482
f 2482 2456 2451
f 2482 2451 2484
f 2451 2453 2484
f 2484 2453 2450
f 2484 2450 2485
f 2450 2448 2485
f 2485 2448 2441
f 2485 2441 2486
f 2441 2443 2486
f 2486 2443 2444
f 2486 2444 2487
f 2444 2439 2487
f 2487 2439 2438
f 2487 2438 2488
f 2438 2436 2488
f 2488 2436 2435
f 2488 2435 2489
f 2435 2432 2489
f 2489 2432 2433
f 2489 2433 2490
f 2433 2426 2490
f 2490 2426 2428
f 2490 2428 2491
f 2428 2423 2491
f 2491 2423 2418
f 2491 2418 2483
f 2483 2418 2420
f 2483 2420 2422
f 546 545 2408
f 70 69 77
f 77 69 2492
f 77 2492 86
f 86 2492 83
f 83 2492 2493
f 83 2493 84
f 546 2494 562
f 562 2494 2495
f 562 2495 565
f 664 573 2495
f 2495 573 566
f 2495 566 565
f 546 2408 2494
f 2494 2408 2409
f 2494 2409 2496
f 2409 2417 2496
f 2496 2417 2466
f 2496 2466 2497
f 2466 2467 2497
f 2497 2467 2469
f 2497 2469 2498
f 2469 2471 2498
f 2498 2471 2463
f 2498 2463 2499
f 89 84 2388
f 2388 84 2493
f 2388 2493 2461
f 2461 2493 2499
f 2461 2499 2464
f 2464 2499 2463
f 2500 2501 183
f 2477 445 447
f 2477 447 2480
f 2480 447 449
f 2480 449 2478
f 2478 449 442
f 2478 442 2502
f 2503 978 2504
f 2504 978 977
f 2504 977 976
f 2503 2505 978
f 978 2505 2506
f 978 2506 962
f 962 2506 2502
f 962 2502 441
f 441 2502 442
f 975 974 250
f 250 974 973
f 250 973 972
f 253 252 972
f 972 252 251
f 972 251 250
f 253 972 254
f 254 972 246
f 254 246 243
f 976 975 2504
f 2504 975 250
f 2504 250 2507
f 2507 250 249
f 2507 249 237
f 237 235 2507
f 2507 235 233
f 2507 233 2508
f 233 231 2508
f 2508 231 230
f 2508 230 2509
f 2509 230 228
f 2509 228 2510
f 2510 228 227
f 2510 227 2511
f 227 225 2511
f 2511 225 223
f 2511 223 2512
f 2512 223 221
f 2512 221 2513
f 2513 221 219
f 2513 219 2514
f 219 218 2514
f 2514 218 216
f 2514 216 2515
f 2515 216 214
f 255 2501 210
f 210 2501 2515
f 210 2515 211
f 211 2515 214
f 188 190 2516
f 2516 190 195
f 206 197 2516
f 2516 197 199
f 2516 199 188
f 255 206 165
f 165 206 2516
f 165 2516 194
f 194 2516 195
f 165 164 255
f 255 164 185
f 255 185 2501
f 2501 185 184
f 2501 184 183
f 187 2517 2518
f 187 2518 183
f 183 2518 2519
f 183 2519 2500
f 187 186 2517
f 2517 186 143
f 2517 143 2520
f 2520 143 142
f 2520 142 2521
f 2521 142 2522
f 142 155 2522
f 2522 155 154
f 2522 154 2523
f 2523 154 160
f 2482 2524 1956
f 1956 2524 2525
f 2525 2526 1956
f 1956 2526 2527
f 1956 2527 1954
f 2528 2529 2482
f 2482 2529 2530
f 2482 2530 2524
f 2491 2531 2490
f 2490 2531 2532
f 2490 2532 2489
f 2489 2532 2533
f 2489 2533 2488
f 2488 2533 2534
f 2488 2534 2487
f 2487 2534 2535
f 2487 2535 2486
f 2486 2535 2536
f 2486 2536 2485
f 2485 2536 2528
f 2485 2528 2484
f 2484 2528 2482
f 2537 2538 2483
f 2483 2538 2539
f 2483 2539 2491
f 2491 2539 2540
f 2491 2540 2531
f 1947 2476 1953
f 1953 2476 2541
f 1953 2541 2542
f 2537 2483 2542
f 2542 2483 1953
f 2543 2544 2545
f 2545 2544 2546
f 2545 2546 2547
f 2547 2546 2548
f 2547 2548 2549
f 2549 2548 2550
f 2549 2550 2551
f 2551 2550 2552
f 2551 2552 2553
f 2553 2552 2554
f 2553 2554 2555
f 2555 2554 2556
f 2555 2556 2557
f 2557 2556 2558
f 2557 2558 2559
f 2559 2558 2560
f 2559 2560 2561
f 2561 2560 2562
f 2561 2562 2563
f 2563 2562 2564
f 2563 2564 2565
f 2565 2564 2566
f 2565 2566 2543
f 2543 2566 2544
f 7 664 5
f 5 664 2495
f 21 12 2494
f 2494 12 14
f 2494 14 2495
f 2495 14 16
f 2495 16 5
f 21 2494 22
f 22 2494 2496
f 22 2496 24
f 55 54 2493
f 2493 54 45
f 2493 45 2499
f 55 2493 50
f 50 2493 2492
f 50 2492 52
f 69 66 2492
f 2492 66 53
f 2492 53 52
f 45 35 2499
f 2499 35 37
f 2499 37 2498
f 37 39 2498
f 2498 39 41
f 2498 41 2497
f 2497 41 32
f 32 27 2497
f 2497 27 29
f 2497 29 2496
f 2496 29 31
f 2496 31 24
f 2567 2568 2569
f 2567 2569 2570
f 2570 2569 2571
f 2570 2571 2572
f 2572 2571 2573
f 2572 2573 2574
f 2575 2576 2577
f 2577 2576 2578
f 2577 2578 2579
f 2579 2578 2580
f 2579 2580 2581
f 2581 2580 2582
f 2581 2582 2583
f 2583 2582 2584
f 2583 2584 2585
f 2585 2584 2586
f 2585 2586 2587
f 2587 2586 2588
f 2587 2588 2589
f 2589 2588 2590
f 2589 2590 2591
f 2591 2590 2592
f 2591 2592 2593
f 2593 2592 2594
f 2593 2594 2595
f 2595 2594 2596
f 2595 2596 2597
f 2597 2596 2598
f 2597 2598 2575
f 2575 2598 2576
f 2590 2588 2599
f 2600 2601 2586
f 2599 2588 2602
f 2586 2601 2588
f 2588 2601 2603
f 2588 2603 2602
f 2600 2586 2604
f 2604 2586 2584
f 2604 2584 2605
f 2599 2606 2590
f 2590 2606 2607
f 2590 2607 2592
f 2592 2607 2608
f 2592 2608 2594
f 2605 2584 2609
f 2609 2584 2582
f 2609 2582 2610
f 2611 2580 2612
f 2612 2580 2613
f 2614 2615 2578
f 2611 2616 2580
f 2580 2616 2617
f 2580 2617 2582
f 2582 2617 2618
f 2582 2618 2610
f 2619 2620 2576
f 2576 2620 2621
f 2576 2621 2578
f 2578 2621 2622
f 2578 2622 2614
f 2615 2623 2578
f 2578 2623 2624
f 2578 2624 2580
f 2580 2624 2625
f 2580 2625 2613
f 2608 2626 2594
f 2594 2626 2627
f 2594 2627 2596
f 2596 2627 2628
f 2596 2628 2598
f 2598 2628 2629
f 2598 2629 2576
f 2576 2629 2630
f 2576 2630 2619
f 2619 2630 2631
f 2619 2631 2632
f 2632 2631 2633
f 2632 2633 2474
f 2474 2633 2634
f 2474 2634 2373
f 2635 2377 2376
f 2376 2442 2606
f 2606 2442 2445
f 2376 2606 2635
f 2635 2606 2599
f 2635 2599 2636
f 2637 2638 2639
f 2639 2638 2635
f 2639 2635 2640
f 2640 2635 2636
f 2641 2597 2575
f 2642 2643 2644
f 2644 2643 2645
f 2645 2643 2380
f 2645 2380 2379
f 2644 2641 2642
f 2642 2641 2575
f 2642 2575 2646
f 2638 2587 2635
f 2635 2587 2589
f 2641 2647 2597
f 2597 2647 2648
f 2597 2648 2595
f 2649 2577 2650
f 2650 2577 2579
f 2650 2579 2651
f 2651 2579 2652
f 2649 2653 2577
f 2577 2653 2654
f 2577 2654 2575
f 2575 2654 2655
f 2575 2655 2646
f 2656 2657 2579
f 2658 2585 2659
f 2659 2585 2587
f 2659 2587 2660
f 2660 2587 2638
f 2648 2661 2595
f 2595 2661 2662
f 2595 2662 2593
f 2593 2662 2663
f 2593 2663 2591
f 2591 2663 2664
f 2591 2664 2589
f 2589 2664 2665
f 2589 2665 2635
f 2657 2666 2579
f 2579 2666 2667
f 2579 2667 2652
f 2668 2581 2669
f 2669 2581 2583
f 2669 2583 2670
f 2670 2583 2585
f 2670 2585 2671
f 2671 2585 2658
f 2668 2672 2581
f 2581 2672 2673
f 2581 2673 2579
f 2579 2673 2674
f 2579 2674 2656
f 2661 2648 2407
f 2407 2399 2661
f 2661 2399 2402
f 2661 2402 2403
f 2647 2405 2648
f 2648 2405 2406
f 2648 2406 2407
f 2641 2644 2410
f 2410 2411 2641
f 2641 2411 2412
f 2641 2412 2647
f 2647 2412 2404
f 2647 2404 2405
f 2645 2379 2414
f 2414 2413 2645
f 2645 2413 2416
f 2645 2416 2644
f 2644 2416 2415
f 2644 2415 2410
f 2675 2676 2677
f 2678 2679 2680
f 2681 2682 2683
f 2684 2685 2686
f 2687 2688 2689
f 2680 2679 2687
f 2683 2682 2687
f 2687 2690 2691
f 2692 2690 2687
f 2686 2685 2687
f 2693 2687 2685
f 2637 2694 2638
f 2605 2609 2695
f 2618 2696 2610
f 2619 2697 2620
f 2473 2472 2698
f 2646 2699 2642
f 2652 2667 2700
f 2670 2671 2701
f 2701 2671 2658
f 2658 2659 2702
f 2702 2659 2660
f 2673 2672 2703
f 2703 2672 2668
f 2687 2704 2705
f 2705 2704 2666
f 2706 2687 2705
f 2675 2468 2381
f 2474 2473 2632
f 2632 2473 2698
f 2632 2698 2619
f 2614 2622 2707
f 2707 2622 2621
f 2708 2709 2624
f 2618 2617 2692
f 2692 2617 2616
f 2692 2616 2690
f 2690 2616 2611
f 2690 2611 2691
f 2691 2611 2612
f 2613 2710 2612
f 2612 2710 2711
f 2612 2711 2691
f 2691 2711 2687
f 2696 2618 2712
f 2712 2618 2692
f 2712 2692 2687
f 2599 2602 2713
f 2713 2602 2603
f 2713 2603 2714
f 2714 2603 2601
f 2599 2713 2636
f 2636 2713 2714
f 2636 2714 2640
f 2714 2715 2640
f 2640 2715 2716
f 2640 2716 2639
f 2639 2716 2637
f 2637 2716 2702
f 2637 2702 2694
f 2694 2702 2660
f 2694 2660 2638
f 2693 2685 2717
f 2717 2685 2684
f 2717 2684 2718
f 2719 2687 2693
f 2709 2708 2720
f 2625 2624 2721
f 2721 2624 2709
f 2721 2709 2722
f 2722 2709 2720
f 2722 2720 2687
f 2609 2610 2695
f 2695 2610 2696
f 2695 2696 2723
f 2723 2696 2712
f 2723 2712 2687
f 2687 2689 2680
f 2680 2689 2724
f 2680 2724 2678
f 2706 2688 2687
f 2651 2652 2725
f 2725 2652 2700
f 2725 2700 2726
f 2726 2727 2725
f 2725 2727 2728
f 2725 2728 2651
f 2651 2728 2650
f 2653 2649 2729
f 2729 2649 2650
f 2729 2650 2730
f 2730 2650 2728
f 2730 2728 2731
f 2731 2728 2727
f 2731 2727 2687
f 2726 2687 2727
f 2667 2666 2700
f 2700 2666 2704
f 2700 2704 2726
f 2726 2704 2687
f 2719 2693 2732
f 2732 2693 2717
f 2732 2717 2733
f 2733 2717 2718
f 2733 2718 2734
f 2735 2687 2719
f 2624 2623 2708
f 2708 2623 2736
f 2708 2736 2737
f 2738 2739 2740
f 2741 2742 2743
f 2743 2742 2744
f 2743 2744 2745
f 2745 2744 2746
f 2745 2746 2747
f 2748 2746 2678
f 2678 2746 2744
f 2678 2744 2679
f 2679 2744 2742
f 2679 2742 2687
f 2741 2687 2742
f 2655 2654 2749
f 2749 2654 2653
f 2749 2653 2750
f 2750 2653 2729
f 2750 2729 2751
f 2751 2729 2730
f 2751 2730 2752
f 2752 2730 2731
f 2752 2731 2687
f 2623 2615 2736
f 2736 2615 2614
f 2736 2614 2737
f 2737 2614 2707
f 2737 2707 2753
f 2754 2755 2756
f 2756 2755 2739
f 2756 2739 2757
f 2757 2739 2738
f 2757 2738 2758
f 2758 2759 2757
f 2757 2759 2760
f 2757 2760 2756
f 2756 2760 2761
f 2756 2761 2754
f 2754 2761 2762
f 2763 2762 2764
f 2764 2762 2761
f 2764 2761 2765
f 2765 2761 2760
f 2765 2760 2766
f 2766 2760 2759
f 2766 2759 2687
f 2758 2687 2759
f 2740 2681 2738
f 2738 2681 2683
f 2738 2683 2758
f 2758 2683 2687
f 2747 2763 2745
f 2745 2763 2764
f 2745 2764 2743
f 2743 2764 2765
f 2743 2765 2741
f 2741 2765 2766
f 2741 2766 2687
f 2658 2747 2701
f 2701 2747 2746
f 2701 2746 2670
f 2670 2746 2748
f 2670 2748 2669
f 2669 2748 2678
f 2669 2678 2668
f 2668 2678 2724
f 2668 2724 2703
f 2703 2724 2689
f 2703 2689 2673
f 2673 2689 2688
f 2673 2688 2674
f 2674 2688 2706
f 2674 2706 2656
f 2656 2706 2705
f 2656 2705 2657
f 2657 2705 2666
f 2735 2719 2767
f 2767 2719 2732
f 2767 2732 2768
f 2768 2732 2733
f 2768 2733 2769
f 2769 2733 2734
f 2769 2734 2770
f 2621 2771 2707
f 2707 2771 2772
f 2707 2772 2753
f 2753 2772 2773
f 2658 2702 2747
f 2747 2702 2716
f 2747 2716 2763
f 2763 2716 2715
f 2763 2715 2762
f 2762 2715 2714
f 2762 2714 2754
f 2754 2714 2601
f 2754 2601 2755
f 2755 2601 2600
f 2755 2600 2739
f 2739 2600 2604
f 2739 2604 2740
f 2740 2604 2605
f 2740 2605 2681
f 2681 2605 2695
f 2681 2695 2682
f 2682 2695 2723
f 2682 2723 2687
f 2687 2720 2686
f 2686 2720 2708
f 2686 2708 2684
f 2684 2708 2737
f 2684 2737 2718
f 2718 2737 2753
f 2718 2753 2734
f 2734 2753 2773
f 2734 2773 2770
f 2613 2625 2710
f 2710 2625 2721
f 2710 2721 2711
f 2711 2721 2722
f 2711 2722 2687
f 2655 2749 2646
f 2646 2749 2774
f 2646 2774 2699
f 2699 2774 2676
f 2699 2676 2642
f 2642 2676 2675
f 2642 2675 2643
f 2643 2675 2381
f 2643 2381 2380
f 2772 2677 2773
f 2773 2677 2676
f 2773 2676 2770
f 2770 2676 2774
f 2770 2774 2769
f 2769 2774 2749
f 2769 2749 2768
f 2768 2749 2750
f 2768 2750 2767
f 2767 2750 2751
f 2767 2751 2735
f 2735 2751 2752
f 2735 2752 2687
f 2697 2619 2775
f 2775 2619 2698
f 2775 2698 2776
f 2776 2698 2472
f 2776 2472 2470
f 2621 2620 2771
f 2771 2620 2697
f 2771 2697 2772
f 2772 2697 2775
f 2772 2775 2677
f 2677 2775 2776
f 2677 2776 2675
f 2675 2776 2470
f 2675 2470 2468
f 2465 2375 2634
f 2634 2375 2374
f 2634 2374 2373
f 2465 2634 2462
f 2462 2634 2633
f 2462 2633 2384
f 2384 2633 2385
f 2385 2633 2631
f 2385 2631 2386
f 2386 2631 2387
f 2387 2631 2630
f 2387 2630 2389
f 2389 2630 2391
f 2391 2630 2629
f 2391 2629 2392
f 2392 2629 2390
f 2390 2629 2628
f 2390 2628 2393
f 2393 2628 2394
f 2395 2394 2628
f 2395 2628 2396
f 2396 2628 2627
f 2396 2627 2382
f 2382 2627 2383
f 2383 2627 2626
f 2383 2626 2458
f 2454 2452 2608
f 2459 2458 2626
f 2608 2452 2626
f 2626 2452 2460
f 2626 2460 2459
f 2606 2445 2607
f 2607 2445 2446
f 2446 2447 2607
f 2607 2447 2449
f 2607 2449 2608
f 2608 2449 2455
f 2608 2455 2454
f 2442 2376 2440
f 2440 2376 2431
f 2440 2431 2437
f 2377 2635 2378
f 2378 2635 2665
f 2378 2665 2434
f 2434 2665 2427
f 2427 2665 2429
f 2429 2665 2664
f 2429 2664 2430
f 2421 2419 2663
f 2663 2419 2425
f 2663 2425 2664
f 2664 2425 2424
f 2664 2424 2430
f 2421 2663 2397
f 2397 2663 2662
f 2403 2401 2661
f 2661 2401 2400
f 2661 2400 2662
f 2662 2400 2398
f 2662 2398 2397
f 2777 2778 2779
f 2779 2778 2780
f 2781 2782 2783
f 2783 2782 2784
f 2783 2784 2785
f 2785 2784 2786
f 2786 2784 2780
f 2786 2780 2778
f 2787 2788 2789
f 2789 2788 2790
f 2791 2792 2793
f 2793 2792 2794
f 2793 2794 2788
f 2788 2794 2795
f 2788 2795 2790
f 2789 2796 2787
f 2787 2796 2797
f 2798 2791 2552
f 2552 2791 2793
f 2552 2793 2554
f 2554 2793 2788
f 2554 2788 2556
f 2556 2788 2787
f 2556 2787 2797
f 2564 2562 2572
f 2572 2562 2570
f 2562 2560 2570
f 2570 2560 2558
f 2570 2558 2567
f 2567 2558 2556
f 2567 2556 2799
f 2799 2556 2797
f 2799 2797 2800
f 2552 2550 2798
f 2798 2550 2548
f 2798 2548 2801
f 2801 2548 2546
f 2801 2546 2544
f 2572 2574 2564
f 2564 2574 2802
f 2564 2802 2803
f 2781 2801 2782
f 2782 2801 2544
f 2782 2544 2784
f 2784 2544 2566
f 2784 2566 2780
f 2780 2566 2564
f 2780 2564 2779
f 2779 2564 2803
f 2797 2796 2804
f 2797 2804 2800
f 2800 2804 2805
f 2800 2805 2799
f 2799 2805 2568
f 2799 2568 2567
f 2574 2573 2806
f 2574 2806 2802
f 2802 2806 2807
f 2802 2807 2803
f 2803 2807 2777
f 2803 2777 2779
f 2808 2809 2801
f 2809 2808 2810
f 2810 2808 2811
f 2810 2811 2812
f 2801 2781 2808
f 2808 2781 2783
f 2808 2783 2813
f 2813 2783 2785
f 2785 2786 2813
f 2813 2786 2778
f 2813 2778 2777
f 2812 2814 2810
f 2810 2814 2815
f 2810 2815 2809
f 2809 2815 2816
f 2809 2816 2801
f 2801 2816 2798
f 2814 2817 2815
f 2815 2817 2475
f 2815 2475 2816
f 2816 2475 2798
f 2790 2481 2789
f 2789 2481 2796
f 2791 2798 2792
f 2792 2798 2475
f 2792 2475 2794
f 2794 2475 2481
f 2794 2481 2795
f 2795 2481 2790
f 2805 2506 2568
f 2568 2506 2505
f 2568 2505 2503
f 2804 2796 2481
f 2481 2479 2804
f 2804 2479 2478
f 2804 2478 2805
f 2805 2478 2502
f 2805 2502 2506
f 2571 2513 2514
f 2500 2573 2501
f 2501 2573 2571
f 2501 2571 2515
f 2515 2571 2514
f 2509 2510 2569
f 2569 2510 2511
f 2569 2511 2571
f 2571 2511 2512
f 2571 2512 2513
f 2568 2503 2569
f 2569 2503 2504
f 2504 2507 2569
f 2569 2507 2508
f 2569 2508 2509
f 2813 2777 2818
f 2818 2777 2807
f 2818 2807 2819
f 2518 2517 2806
f 2806 2517 2520
f 2806 2520 2807
f 2807 2520 2820
f 2807 2820 2819
f 2518 2806 2519
f 2519 2806 2573
f 2519 2573 2500
f 2527 2808 1954
f 1954 2808 159
f 2520 2521 2820
f 2820 2521 2819
f 160 159 2523
f 2523 159 2808
f 2523 2808 2522
f 2522 2808 2813
f 2522 2813 2521
f 2521 2813 2818
f 2521 2818 2819
f 2533 2532 2821
f 2529 2528 2821
f 2821 2528 2536
f 2532 2531 2821
f 2821 2531 2540
f 2821 2540 2539
f 2536 2535 2821
f 2821 2535 2534
f 2821 2534 2533
f 2821 2539 2538
f 2530 2529 2812
f 2812 2529 2821
f 2812 2821 2814
f 2814 2821 2538
f 2814 2538 2817
f 2817 2538 2537
f 2530 2812 2524
f 2524 2812 2811
f 2524 2811 2525
f 2525 2811 2526
f 2526 2811 2808
f 2526 2808 2527
f 2476 2475 2541
f 2541 2475 2817
f 2541 2817 2542
f 2542 2817 2537
f 2563 2565 2822
f 2822 2565 2543
f 2822 2543 2545
f 2557 2559 2822
f 2822 2559 2561
f 2822 2561 2563
f 2551 2553 2822
f 2822 2553 2555
f 2822 2555 2557
f 2545 2547 2822
f 2822 2547 2549
f 2822 2549 2551
f 2823 2824 2825
f 2825 2824 2826
f 2827 2828 2829
f 2830 2831 2823
f 2823 2831 2827
f 2823 2827 2824
f 2824 2827 2829
f 2823 2825 2830
f 2830 2825 2832
f 2833 2834 2835
f 2835 2834 2836
f 2835 2836 2837
f 2824 2829 2826
f 2826 2829 2838
f 2831 2837 2827
f 2827 2837 2836
f 2827 2836 2828
f 2828 2836 2834
f 2830 2832 2839
f 2835 2837 2831
f 2831 2830 2835
f 2835 2830 2839
f 2835 2839 2833
f 2833 2839 2840
f 2833 2840 2841
f 2842 2843 2844
f 2844 2843 2845
f 2846 2841 2847
f 2847 2841 2843
f 2847 2843 2848
f 2848 2843 2842
f 2849 2845 2843
f 2849 2843 2850
f 2850 2843 2851
f 2850 2851 2852
f 2853 2852 2851
f 2843 2841 2854
f 2854 2855 2843
f 2843 2855 2856
f 2843 2856 2851
f 2851 2856 2857
f 2851 2857 2853
f 2840 2839 2858
f 2858 2839 2832
f 2838 2859 2826
f 2826 2859 2858
f 2826 2858 2825
f 2825 2858 2832
f 2859 2838 2829
f 2846 2860 2841
f 2841 2860 2861
f 2828 2834 2829
f 2829 2834 2833
f 2829 2833 2859
f 2859 2833 2841
f 2859 2841 2862
f 2862 2841 2861
f 2842 2844 2863
f 2862 2861 2864
f 2864 2861 2860
f 2864 2860 2865
f 2865 2860 2846
f 2865 2846 2866
f 2866 2846 2847
f 2866 2847 2863
f 2863 2847 2848
f 2863 2848 2842
f 2844 2845 2849
f 2849 2850 2844
f 2844 2850 2867
f 2844 2867 2868
f 2869 2863 2870
f 2870 2863 2844
f 2870 2844 2871
f 2871 2844 2868
f 2853 2850 2852
f 2841 2840 2858
f 2864 2865 2841
f 2841 2865 2866
f 2841 2866 2854
f 2854 2866 2863
f 2854 2863 2855
f 2855 2863 2869
f 2855 2869 2856
f 2856 2869 2870
f 2856 2870 2857
f 2870 2871 2857
f 2857 2871 2868
f 2857 2868 2853
f 2853 2868 2867
f 2853 2867 2850
f 2841 2858 2864
f 2864 2858 2859
f 2864 2859 2862

