v 0.00350000 0.01404873 0.01040166
v 0.00350000 0.01242538 0.01040166
v 0.00419208 0.01379490 0.01046199
v 0.00409099 0.01207810 0.01044556
v 0.00503182 0.01339231 0.01070660
v 0.00494276 0.01344057 0.01067092
v 0.00485596 0.01348626 0.01063850
v 0.00618652 0.01135955 0.01143811
v 0.00556565 0.01081897 0.01097631
v 0.00631846 0.01111953 0.01156330
v 0.00602932 0.01025208 0.01130287
v 0.00632843 0.00981630 0.01157323
v 0.00463991 0.01168448 0.01056752
v 0.00504169 0.01134450 0.01071070
v 0.00557604 0.01306416 0.01098259
v 0.00602495 0.01274412 0.01129930
v 0.00653681 0.01231084 0.01179824
v 0.00686153 0.01198765 0.01223368
v 0.00750000 0.00860303 0.01440166
v 0.00750000 0.00910494 0.01440166
v 0.00719552 0.00860303 0.01287093
v 0.00747704 0.00915899 0.01397367
v 0.00741322 0.00930403 0.01357301
v 0.00719552 0.00975121 0.01287092
v 0.00695273 0.00860303 0.01238209
v 0.00686534 0.01032610 0.01223961
v 0.00644572 0.01093444 0.01169561
v 0.00694928 0.00860303 0.02362420
v 0.00750000 0.00860303 0.03140166
v 0.00694627 0.00860303 0.03343223
v 0.00720707 0.00860303 0.03290419
v 0.00747817 0.00915634 0.03181896
v 0.00750000 0.00910494 0.03140166
v 0.00741676 0.00929617 0.03221342
v 0.00720707 0.00972906 0.03290419
v 0.00688749 0.00874322 0.03352885
v 0.00637647 0.00972264 0.03418121
v 0.00687353 0.01031301 0.03355091
v 0.00659606 0.00934392 0.03393433
v 0.00682556 0.00888290 0.03362442
v 0.00541056 0.01096742 0.03491589
v 0.00618652 0.01135955 0.03436521
v 0.00592995 0.01036576 0.03457898
v 0.00636300 0.01105062 0.03419508
v 0.00644573 0.01093444 0.03410771
v 0.00513998 0.01123523 0.03505002
v 0.00522113 0.01145752 0.03501243
v 0.00653066 0.01167977 0.03401224
v 0.00563689 0.01167977 0.03478304
v 0.00540118 0.01162072 0.03492097
v 0.00513974 0.01123309 0.03816794
v 0.00523632 0.01147900 0.03804333
v 0.00542187 0.01163118 0.03796886
v 0.00563689 0.01167977 0.03794551
v 0.00625161 0.01147075 0.03804743
v 0.00600240 0.01167977 0.03794550
v 0.00541427 0.01096097 0.03831206
v 0.00523631 0.01147900 0.03804333
v 0.00648873 0.01125287 0.03815772
v 0.00593327 0.01035839 0.03865515
v 0.00745245 0.01009041 0.03882007
v 0.00655392 0.00941669 0.03926090
v 0.00784263 0.00942861 0.03925350
v 0.00727955 0.00757423 0.04072843
v 0.00720833 0.00757424 0.04072842
v 0.00724220 0.00745252 0.04084091
v 0.00811635 0.00884910 0.03967051
v 0.00698951 0.00848947 0.03994812
v 0.00852684 0.00762553 0.04068220
v 0.00859565 0.00733160 0.04095490
v 0.00727367 0.00733160 0.04095490
v 0.00735620 0.00696465 0.04031383
v 0.00749979 0.00544632 0.04143718
v 0.00749924 0.00560960 0.04147370
v 0.00749881 0.00563644 0.03972885
v 0.00749726 0.00570571 0.04148873
v 0.00745430 0.00632971 0.03996166
v 0.00747581 0.00610490 0.04150054
v 0.00745833 0.00629256 0.04147722
v 0.00739262 0.00676762 0.04133161
v 0.00736446 0.00692241 0.04125437
v 0.00748113 0.00497137 0.04124498
v 0.00749877 0.00563875 0.03362196
v 0.00749870 0.00564255 0.02362196
v 0.00708450 0.00304134 0.00300166
v 0.00710690 0.00310680 0.03115907
v 0.00740022 0.00428372 0.00300166
v 0.00715679 0.00326017 0.03121025
v 0.00748655 0.00505412 0.00300166
v 0.00719055 0.00337091 0.03126569
v 0.00724272 0.00355548 0.03154169
v 0.00724272 0.00355548 0.03783295
v 0.00731944 0.00386724 0.03808745
v 0.00722295 0.00348339 0.03135736
v 0.00723759 0.00353650 0.03144218
v 0.00740301 0.00430079 0.03873629
v 0.00742613 0.00445303 0.03950166
v 0.00742613 0.00445303 0.04082986
v 0.00747214 0.00485721 0.04117639
v 0.00749855 0.00565033 0.00300166
v 0.00681333 0.00236798 0.00301077
v 0.00681333 0.00236798 0.00572873
v 0.00683823 0.00242267 0.00300166
v 0.00679589 0.00233006 0.00602266
v 0.00672154 0.00217569 0.00639056
v 0.00615184 0.00121294 0.03109605
v 0.00668101 0.00209508 0.03109605
v 0.00631714 0.00146059 0.00708432
v 0.00666326 0.00206053 0.00655742
v 0.00649195 0.00174737 0.00687418
v 0.00692646 0.00262655 0.03109500
v 0.00690394 0.00257290 0.03109605
v 0.00615875 0.00122285 0.00722112
v 0.00558933 0.00050228 0.00749076
v 0.00550694 0.00041150 0.03109605
v 0.00473942 -0.00030891 0.00752361
v 0.00475844 -0.00029415 0.03109605
v -0.00317544 -0.00129157 0.00720779
v -0.00381821 -0.00095231 0.00720453
v -0.00408401 -0.00078733 0.00733418
v 0.00392041 -0.00089075 0.03109605
v 0.00381821 -0.00095230 0.00720453
v 0.00300864 -0.00136706 0.03109605
v 0.00300864 -0.00136706 0.00720915
v 0.00204027 -0.00171413 0.03109606
v 0.00207154 -0.00170521 0.00721855
v 0.00103351 -0.00192542 0.03109605
v 0.00102055 -0.00192721 0.00722810
v 0.00000731 -0.00199697 0.03109605
v 0.00000000 -0.00199697 0.00723174
v -0.00101902 -0.00192742 0.03109605
v -0.00102055 -0.00192721 0.00722810
v -0.00202619 -0.00171809 0.03109605
v -0.00207154 -0.00170521 0.00721856
v -0.00299524 -0.00137291 0.03109605
v -0.00299524 -0.00137292 0.00720927
v -0.00434711 -0.00060839 0.00743141
v -0.00390794 -0.00089838 0.03109605
v -0.00474272 -0.00030747 0.00752320
v -0.00474712 -0.00030342 0.03109605
v -0.00549700 0.00040077 0.03109605
v -0.00496222 -0.00012166 0.00754634
v -0.00614347 0.00120095 0.03109605
v -0.00653211 0.00181759 0.00681301
v -0.00675956 0.00225291 0.00623723
v -0.00708035 0.00302944 0.03114077
v -0.00636027 0.00152743 0.00703606
v -0.00615109 0.00121080 0.00722450
v -0.00704746 0.00293724 0.03112353
v -0.00690394 0.00257290 0.03109605
v -0.00579481 0.00074154 0.00742313
v -0.00667436 0.00208206 0.03109605
v -0.00707968 0.00302753 0.00300166
v -0.00681334 0.00236798 0.00572873
v -0.00683823 0.00242267 0.00300166
v -0.00681334 0.00236798 0.00301077
v -0.00740772 0.00433013 0.03881139
v -0.00736915 0.00410813 0.03837889
v -0.00748566 0.00503951 0.00300166
v -0.00748450 0.00502101 0.04048561
v -0.00746195 0.00474844 0.04014931
v -0.00743851 0.00454458 0.03973431
v -0.00742446 0.00444122 0.03928470
v -0.00724273 0.00355548 0.03783295
v -0.00724272 0.00355548 0.03154169
v -0.00723662 0.00353293 0.03143376
v -0.00740022 0.00428372 0.00300166
v -0.00716123 0.00327439 0.03121635
v -0.00719257 0.00337769 0.03126991
v -0.00721823 0.00346657 0.03133939
v -0.00749855 0.00565042 0.00300166
v -0.00749870 0.00564260 0.02362197
v -0.00749877 0.00563884 0.03362196
v -0.00749881 0.00563653 0.03972792
v -0.00745406 0.00633187 0.03996085
v -0.00749945 0.00559396 0.04088267
v -0.00749364 0.00519419 0.04063801
v -0.00721236 0.00756017 0.04071623
v -0.00735762 0.00695747 0.04099123
v -0.00735541 0.00696860 0.04031383
v -0.00743323 0.00650155 0.04106217
v -0.00748091 0.00603782 0.04102751
v 0.00801034 0.00327848 0.00071771
v 0.00765267 0.00235784 0.00083309
v 0.00686194 0.00145405 0.00169598
v 0.00726374 0.00145068 0.00071197
v 0.00688336 0.00062553 0.00038011
v 0.00615930 0.01007747 0.00251952
v 0.00588792 0.01044381 0.00248006
v 0.00589885 0.01048894 0.00237525
v 0.00594447 0.01071900 0.00185809
v 0.00595554 0.01080814 0.00166953
v 0.00677710 0.01053630 0.00036478
v 0.00594785 0.01117202 0.00099497
v 0.00669371 0.01064669 0.00036479
v 0.00586412 0.01145570 0.00060494
v 0.00596565 0.01147579 0.00036478
v 0.00581068 0.01156808 0.00048352
v 0.00573063 0.01170165 0.00036478
v 0.00708360 0.00826221 0.00271604
v 0.00682224 0.00891361 0.00264534
v 0.00779626 0.00874051 0.00036478
v 0.00730741 0.00972970 0.00036479
v 0.00786607 0.00856700 0.00036478
v 0.00815192 0.00769601 0.00036478
v 0.00742366 0.00686519 0.00286838
v 0.00836831 0.00661403 0.00036478
v 0.00748418 0.00628470 0.00293197
v 0.00839607 0.00637996 0.00036478
v 0.00844173 0.00551308 0.00036478
v 0.00837093 0.00441196 0.00036478
v 0.00833373 0.00415694 0.00036478
v 0.00406973 0.01209247 0.00967065
v 0.00421490 0.01207889 0.00960637
v 0.00431081 0.01193012 0.00954204
v 0.00525799 0.01114144 0.00808810
v 0.00522189 0.01117721 0.00829651
v 0.00524533 0.01123054 0.00817789
v 0.00514903 0.01150275 0.00854280
v 0.00514795 0.01124778 0.00853243
v 0.00513148 0.01153491 0.00858869
v 0.00510318 0.01148450 0.00865509
v 0.00497699 0.01175250 0.00889754
v 0.00482987 0.01190178 0.00910657
v 0.00492507 0.01180970 0.00897789
v 0.00483371 0.01176015 0.00909757
v 0.00488031 0.01148814 0.00901416
v 0.00470784 0.01163137 0.00921745
v 0.00473223 0.01198258 0.00921907
v 0.00453154 0.01211636 0.00940558
v 0.00440881 0.01218152 0.00949699
v 0.00452699 0.01211898 0.00940925
v 0.00422440 0.01227127 0.00961058
v 0.00386472 0.01244275 0.00976215
v 0.00358818 0.01237854 0.00982019
v 0.00327224 0.01271026 0.00985166
v 0.00315163 0.01259823 0.00984866
v 0.00302506 0.01281745 0.00985166
v 0.00248254 0.01286977 0.00984750
v 0.00204604 0.01314930 0.00985166
v 0.00211299 0.01298875 0.00984732
v 0.00195469 0.01303335 0.00984733
v 0.00103213 0.01335073 0.00985166
v 0.00098935 0.01322701 0.00984809
v 0.00028375 0.01341323 0.00985166
v -0.00000000 0.01329255 0.00984897
v 0.00000061 0.01341831 0.00985166
v -0.00103092 0.01335089 0.00985166
v -0.00085644 0.01324349 0.00984942
v -0.00182837 0.01306628 0.00984935
v -0.00204486 0.01314962 0.00985166
v -0.00211299 0.01298875 0.00984926
v -0.00247835 0.01287124 0.00984918
v -0.00302393 0.01281792 0.00985166
v -0.00304069 0.01264851 0.00984901
v -0.00327225 0.01271026 0.00985166
v -0.00335586 0.01249988 0.00984535
v -0.00386726 0.01244159 0.00976135
v -0.00371118 0.01231004 0.00979604
v -0.00404511 0.01210830 0.00968408
v -0.00471876 0.01199247 0.00923285
v -0.00440896 0.01218152 0.00949721
v -0.00445143 0.01213161 0.00946692
v -0.00408823 0.01233683 0.00967782
v -0.00417262 0.01203303 0.00962274
v -0.00494536 0.01143184 0.00889999
v -0.00516387 0.01123276 0.00846380
v -0.00497676 0.01156711 0.00888446
v -0.00503964 0.01167486 0.00878780
v -0.00525781 0.01114229 0.00808970
v -0.00524883 0.01120865 0.00815613
v -0.00524542 0.01123054 0.00817791
v -0.00514288 0.01151429 0.00855927
v -0.00485446 0.01151018 0.00903037
v -0.00449600 0.01179589 0.00940575
v -0.00438121 0.01188010 0.00949278
v 0.00511539 0.01127827 0.00861118
v -0.00536150 0.01114284 0.00712730
v -0.00535354 0.01114270 0.00720225
v -0.00534075 0.01106009 0.00726402
v -0.00530605 0.01114112 0.00764569
v -0.00529978 0.01110101 0.00768087
v -0.00528204 0.01114128 0.00786651
v -0.00527914 0.01112139 0.00788450
v -0.00526279 0.01113739 0.00804688
v -0.00543623 0.01100939 0.00637063
v -0.00564067 0.01105298 0.00452732
v -0.00544720 0.01114656 0.00631214
v -0.00564281 0.01115533 0.00436939
v -0.00594756 0.01117189 0.00099570
v -0.00578824 0.01116292 0.00283496
v -0.00584287 0.01089890 0.00272268
v -0.00573086 0.01115973 0.00345499
v -0.00566493 0.01115628 0.00414062
v -0.00565513 0.01082810 0.00452564
v -0.00585329 0.01048722 0.00267252
v -0.00587278 0.01046294 0.00247801
v -0.00596017 0.01079839 0.00167799
v -0.00566454 0.01071223 0.00443196
v -0.00539011 0.01100993 0.00677329
v -0.00543002 0.01096865 0.00639183
v -0.00554952 0.01084104 0.00534763
v -0.00565322 0.01072518 0.00452258
v 0.00535258 0.01104809 0.00723200
v 0.00535064 0.01112942 0.00723165
v 0.00539481 0.01100500 0.00685733
v 0.00530448 0.01109633 0.00766602
v 0.00530517 0.01112840 0.00765393
v 0.00532195 0.01107891 0.00750663
v 0.00527814 0.01114245 0.00790409
v 0.00528903 0.01111163 0.00780751
v 0.00530163 0.01113978 0.00768469
v 0.00544519 0.01114584 0.00633226
v 0.00544659 0.01112093 0.00633503
v 0.00543696 0.01114510 0.00641140
v 0.00586618 0.01057771 0.00276075
v 0.00580245 0.01112590 0.00275834
v 0.00592824 0.01089281 0.00187184
v 0.00551511 0.01114986 0.00565223
v 0.00564552 0.01115543 0.00434278
v 0.00562768 0.01109345 0.00460167
v 0.00566230 0.01113751 0.00419642
v 0.00573864 0.01113398 0.00340585
v 0.00576449 0.01113692 0.00313061
v 0.00566848 0.01112367 0.00415526
v 0.00577136 0.01116008 0.00300821
v 0.00577533 0.01116185 0.00296291
v 0.00579489 0.01116346 0.00275330
v 0.00590688 0.01116957 0.00148549
v 0.00555297 0.01083714 0.00548403
v 0.00545195 0.01094556 0.00635377
v 0.00541415 0.01098503 0.00668610
v 0.00535011 0.01114323 0.00723179
v 0.00534499 0.01114369 0.00727911
v 0.00530995 0.01114089 0.00760620
v 0.00530515 0.01114019 0.00765147
v 0.00585210 0.01048853 0.00291331
v 0.00546436 0.01114778 0.00614679
v 0.00565656 0.01072128 0.00461373
v 0.00566019 0.01071713 0.00458380
v -0.00493172 0.01231400 0.00695666
v -0.00509292 0.01205804 0.00717937
v -0.00541376 0.01180304 0.00461731
v -0.00539953 0.01180300 0.00481440
v -0.00561526 0.01127123 0.00444004
v -0.00523064 0.01164224 0.00763416
v -0.00524609 0.01123603 0.00817210
v -0.00525255 0.01118927 0.00813086
v -0.00518176 0.01183966 0.00740551
v -0.00511848 0.01200481 0.00723155
v -0.00537008 0.01187863 0.00465623
v -0.00526246 0.01204150 0.00473582
v -0.00469587 0.01256384 0.00679506
v -0.00505500 0.01228905 0.00484148
v -0.00469845 0.01258633 0.00491704
v -0.00443975 0.01275138 0.00672751
v -0.00309827 -0.00361216 0.04370166
v -0.00208634 -0.00389554 0.04370166
v -0.00206446 -0.00379696 0.04390166
v -0.00103855 -0.00396656 0.04390166
v -0.00104956 -0.00406694 0.04370166
v -0.00000027 -0.00402334 0.04390166
v -0.00000027 -0.00412432 0.04370166
v 0.00103802 -0.00396662 0.04390166
v 0.00104902 -0.00406700 0.04370166
v 0.00206394 -0.00379707 0.04390166
v 0.00208581 -0.00389566 0.04370166
v 0.00306526 -0.00351672 0.04390166
v 0.00568399 -0.00226730 0.04370166
v 0.00483681 -0.00272300 0.04385421
v 0.00499930 -0.00272454 0.04370166
v 0.00395428 -0.00316389 0.04390166
v 0.00407279 -0.00322040 0.04370166
v 0.00309776 -0.00361233 0.04370166
v -0.00306577 -0.00351655 0.04390166
v -0.00395428 -0.00316389 0.04390166
v -0.00407328 -0.00322018 0.04370166
v -0.00483859 -0.00272621 0.04385669
v -0.00499976 -0.00272426 0.04370166
v -0.00511629 -0.00257789 0.04381989
v -0.00568400 -0.00226731 0.04370166
v 0.00687268 0.00058478 0.00033930
v 0.00687648 0.00060009 0.00035496
v 0.00697932 0.00061539 0.00023334
v 0.00686818 0.00056502 0.00031840
v 0.00691412 0.00058049 0.00026710
v 0.00699987 0.00059619 0.00019822
v 0.00711002 0.00060110 0.00014216
v 0.00679193 0.00134040 0.00177583
v 0.00679576 0.00046993 0.00042209
v 0.00687269 0.00058477 0.00033931
v 0.00676755 0.00121470 0.00186414
v 0.00676755 0.00215898 0.00308826
v 0.00676755 0.00035329 0.00054828
v 0.00544766 0.00011846 0.00717076
v 0.00501631 -0.00033373 0.00714408
v 0.00494194 -0.00025840 0.00725349
v 0.00578862 0.00071139 0.00730866
v 0.00454436 -0.00058939 0.00716320
v 0.00444549 -0.00063354 0.00717223
v 0.00439502 -0.00060823 0.00727249
v 0.00418589 -0.00075529 0.00719272
v 0.00405875 -0.00081941 0.00719971
v 0.00505385 -0.00037070 0.00710911
v 0.00524197 -0.00028916 0.00708790
v 0.00546087 -0.00003938 0.00709485
v 0.00489612 -0.00043812 0.00712688
v 0.00489084 -0.00021348 0.00738971
v 0.00584184 0.00060525 0.00710455
v 0.00580454 0.00066522 0.00720022
v 0.00610419 0.00084963 0.00694451
v 0.00616801 0.00116644 0.00702702
v 0.00669168 0.00208293 0.00632111
v 0.00668922 0.00198281 0.00625564
v 0.00663337 0.00185483 0.00639908
v 0.00646984 0.00165894 0.00674483
v 0.00656622 0.00170687 0.00652345
v 0.00622496 0.00105144 0.00687541
v 0.00536047 0.00023075 0.00740073
v 0.00674345 0.00210955 0.00602804
v 0.00677913 0.00226596 0.00572873
v 0.00676755 0.00215898 0.00572873
v 0.00808815 0.00218187 0.00050131
v 0.00767496 0.00134402 0.00039533
v 0.00754882 0.00139301 0.00042774
v 0.00748760 0.00098958 0.00028495
v 0.00726755 0.00058451 0.00010495
v 0.00743246 0.00142879 0.00049507
v 0.00733499 0.00144847 0.00059240
v 0.00807464 0.00322129 0.00058084
v 0.00879857 0.00384700 0.00009154
v 0.00831372 0.00309233 0.00041354
v 0.00864147 0.00390361 0.00009341
v 0.00817921 0.00315701 0.00047564
v 0.00850185 0.00397987 0.00014384
v 0.00839555 0.00406758 0.00023797
v 0.00846388 0.00303380 0.00040034
v 0.00794864 0.00223877 0.00052519
v 0.00782207 0.00229005 0.00059305
v 0.00772041 0.00233097 0.00069909
v -0.00676756 0.00215898 0.00572873
v -0.00676755 0.00215898 0.00308827
v -0.00677914 0.00226596 0.00572873
v -0.00681471 0.00050241 0.00038746
v -0.00686818 0.00056502 0.00031840
v -0.00687283 0.00058533 0.00033988
v -0.00686195 0.00145401 0.00169589
v -0.00679193 0.00134036 0.00177574
v -0.00688336 0.00062553 0.00038011
v -0.00687648 0.00060009 0.00035496
v -0.00676756 0.00121466 0.00186406
v -0.00676756 0.00035329 0.00054827
v -0.00602845 0.00072964 0.00697869
v -0.00622423 0.00104885 0.00687384
v -0.00616714 0.00116398 0.00702528
v -0.00501596 -0.00033543 0.00714313
v -0.00505218 -0.00037274 0.00710844
v -0.00544755 0.00011762 0.00717004
v -0.00515228 -0.00032967 0.00709678
v -0.00494156 -0.00026007 0.00725251
v -0.00455752 -0.00058448 0.00716139
v -0.00490596 -0.00043504 0.00712510
v -0.00419167 -0.00075275 0.00719215
v -0.00439483 -0.00060900 0.00727205
v -0.00580456 0.00066525 0.00719976
v -0.00578864 0.00071143 0.00730819
v -0.00451920 -0.00060136 0.00716502
v -0.00489045 -0.00021511 0.00738870
v -0.00536033 0.00022995 0.00739998
v -0.00584187 0.00060528 0.00710410
v -0.00646964 0.00165829 0.00674413
v -0.00651203 0.00159258 0.00660332
v -0.00669110 0.00208108 0.00631974
v -0.00671008 0.00203072 0.00618141
v -0.00676372 0.00215439 0.00584780
v -0.00524197 -0.00028916 0.00708790
v -0.00589842 0.00053515 0.00702630
v 0.00516305 -0.00228905 0.00639790
v 0.00508379 -0.00436758 0.00555434
v 0.00507809 -0.00453970 0.00548066
v 0.00417779 -0.00511763 0.00536416
v 0.00512768 -0.00317365 0.00605138
v 0.00508957 -0.00419505 0.00562761
v 0.00319569 -0.00558463 0.00527001
v 0.00216045 -0.00592387 0.00520163
v 0.00108928 -0.00612970 0.00516014
v 0.00000000 -0.00619869 0.00514623
v -0.00108928 -0.00612970 0.00516014
v -0.00417779 -0.00511763 0.00536416
v -0.00507809 -0.00453970 0.00548067
v -0.00508957 -0.00419505 0.00562761
v -0.00216045 -0.00592387 0.00520163
v -0.00319569 -0.00558464 0.00527001
v -0.00512527 -0.00323542 0.00602640
v -0.00519493 -0.00149954 0.00668693
v -0.00615930 0.01007747 0.00251953
v -0.00596566 0.01147579 0.00036478
v -0.00573063 0.01170165 0.00036478
v -0.00581239 0.01156485 0.00048674
v -0.00669371 0.01064669 0.00036478
v -0.00677710 0.01053630 0.00036478
v -0.00590749 0.01133775 0.00075282
v -0.00587495 0.01142927 0.00063628
v -0.00742366 0.00686519 0.00286839
v -0.00748418 0.00628470 0.00293198
v -0.00839607 0.00637996 0.00036478
v -0.00844174 0.00551308 0.00036479
v -0.00837094 0.00441196 0.00036479
v -0.00765267 0.00235781 0.00083309
v -0.00801034 0.00327847 0.00071770
v -0.00833373 0.00415693 0.00036478
v -0.00726373 0.00145066 0.00071197
v -0.00730741 0.00972970 0.00036478
v -0.00682224 0.00891361 0.00264534
v -0.00836831 0.00661403 0.00036478
v -0.00815193 0.00769600 0.00036479
v -0.00708360 0.00826221 0.00271604
v -0.00786607 0.00856700 0.00036478
v -0.00779627 0.00874051 0.00036478
v -0.00694404 0.00061387 0.00026805
v -0.00733499 0.00144845 0.00059240
v -0.00839553 0.00406757 0.00023793
v -0.00807464 0.00322128 0.00058083
v -0.00850180 0.00397985 0.00014377
v -0.00817921 0.00315701 0.00047564
v -0.00772040 0.00233095 0.00069909
v -0.00703622 0.00061259 0.00018720
v -0.00711002 0.00060110 0.00014216
v -0.00743245 0.00142877 0.00049506
v -0.00754881 0.00139299 0.00042774
v -0.00794863 0.00223874 0.00052519
v -0.00782207 0.00229003 0.00059305
v -0.00831372 0.00309232 0.00041354
v -0.00864145 0.00390360 0.00009337
v -0.00879858 0.00384700 0.00009154
v -0.00846388 0.00303380 0.00040034
v -0.00808814 0.00218185 0.00050131
v -0.00767495 0.00134400 0.00039533
v -0.00748760 0.00098958 0.00028495
v -0.00726756 0.00058451 0.00010495
v -0.00695768 -0.00136752 -0.00351411
v -0.00710336 -0.00128680 -0.00351411
v -0.00709450 -0.00132125 -0.00278202
v -0.00676755 -0.00178946 -0.00275328
v -0.00676755 -0.00176358 -0.00351411
v -0.00678080 -0.00164829 -0.00351412
v -0.00679846 -0.00161673 -0.00276388
v -0.00679846 -0.00140251 -0.00171552
v -0.00676756 -0.00156555 -0.00165751
v -0.00679846 -0.00090642 -0.00076745
v -0.00676755 -0.00104703 -0.00066657
v -0.00679846 -0.00016724 0.00000621
v -0.00676756 -0.00027443 0.00014208
v -0.00709450 0.00001611 -0.00022621
v -0.00695328 0.00058929 0.00023214
v -0.00726756 0.00003525 -0.00025047
v -0.00709450 -0.00066588 -0.00094003
v -0.00726755 -0.00064077 -0.00095805
v -0.00726756 -0.00090888 -0.00139646
v -0.00709450 -0.00112360 -0.00181476
v -0.00726756 -0.00109448 -0.00182512
v -0.00726756 -0.00127778 -0.00263228
v -0.00726756 -0.00129040 -0.00278391
v -0.00726756 -0.00125876 -0.00351412
v -0.00684602 -0.00149226 -0.00351411
v -0.00691397 -0.00140680 -0.00351412
v -0.00691400 -0.00143657 -0.00277494
v -0.00679846 -0.00158902 -0.00351411
v -0.00691400 -0.00123246 -0.00177603
v -0.00691400 -0.00075976 -0.00087267
v -0.00691400 -0.00005545 -0.00013550
v -0.00968125 0.00352390 0.00024261
v -0.00967750 0.00280795 0.00044667
v -0.00965735 0.00226001 0.00049864
v -0.00965470 0.00429232 -0.00019034
v -0.00894247 0.00429232 -0.00019035
v -0.00966801 0.00400981 -0.00000076
v -0.00967770 0.00371015 0.00016055
v -0.00963331 0.00186269 0.00048322
v -0.00954410 0.00094421 0.00026647
v -0.00942073 0.00012022 -0.00018798
v -0.00937734 -0.00011585 -0.00037980
v -0.00928722 -0.00055296 -0.00084375
v -0.00920376 -0.00090802 -0.00139656
v -0.00917066 -0.00103141 -0.00166101
v -0.00910411 -0.00126864 -0.00256969
v -0.00909974 -0.00125876 -0.00351412
v 0.00651923 0.01167977 0.03757218
v 0.00652341 0.01167977 0.03579602
v 0.00644603 0.01167977 0.03777900
v 0.00650065 0.01167977 0.03768189
v 0.00636511 0.01167977 0.03785209
v 0.00621558 0.01167977 0.03791854
v -0.00542653 0.01163336 0.03796780
v -0.00524630 0.01149192 0.03803692
v -0.00522114 0.01145752 0.03501243
v -0.00522062 0.01145675 0.03805439
v -0.00513998 0.01123523 0.03505001
v -0.00514372 0.01126210 0.03815296
v -0.00513975 0.01123309 0.03816794
v -0.00540118 0.01162072 0.03492096
v -0.00563690 0.01167977 0.03478304
v -0.00563690 0.01167977 0.03794551
v -0.00624374 0.01167977 0.03791003
v -0.00600241 0.01167977 0.03794550
v -0.00651924 0.01167977 0.03757218
v -0.00652342 0.01167977 0.03579602
v -0.00653066 0.01167977 0.03401224
v -0.00650809 0.01167977 0.03765783
v -0.00645618 0.01167977 0.03776588
v -0.00637017 0.01167977 0.03784865
v -0.00593698 0.01035667 0.03457359
v -0.00637120 0.00973113 0.03418665
v -0.00636300 0.01105062 0.03419508
v -0.00720708 0.00972906 0.03290419
v -0.00687297 0.01031393 0.03355180
v -0.00644573 0.01093445 0.03410771
v -0.00694627 0.00860303 0.03343224
v -0.00720708 0.00860303 0.03290419
v -0.00688748 0.00874324 0.03352886
v -0.00682557 0.00888289 0.03362441
v -0.00618652 0.01135955 0.03436521
v -0.00750000 0.00860303 0.03140166
v -0.00750000 0.00910494 0.03140166
v -0.00747801 0.00915674 0.03182057
v -0.00741676 0.00929618 0.03221344
v -0.00627205 0.01282555 0.00499023
v -0.00698251 0.01222674 0.00502108
v -0.00696225 0.01214536 0.00847808
v -0.00548733 0.01317083 0.01017271
v -0.00378689 0.01395303 0.01038016
v -0.00378814 0.01412144 0.00494862
v -0.00233539 0.01435205 0.01040166
v -0.00193203 0.01442620 0.01040166
v -0.00193118 0.01458214 0.00494637
v 0.00625552 0.01265933 0.01007606
v 0.00658698 0.01161917 0.03760019
v 0.00684083 0.01137867 0.03771378
v 0.00690300 0.01147242 0.02221460
v 0.00573784 0.01378411 -0.00290155
v 0.00550730 0.01392112 -0.00289942
v 0.00551267 0.01351505 -0.00103738
v -0.00121771 0.01523687 -0.00288249
v -0.00192899 0.01514794 -0.00288328
v -0.00193170 0.01474533 -0.00102860
v -0.00299904 0.01492858 -0.00288559
v -0.00378802 0.01469378 -0.00288843
v -0.00379280 0.01428782 -0.00102498
v -0.00701966 0.01271847 -0.00253619
v -0.00702073 0.01241859 -0.00108090
v -0.00551268 0.01351505 -0.00103738
v -0.00690703 0.01147741 0.02169130
v -0.00684083 0.01137867 0.03771377
v -0.00668254 0.01153123 0.03764126
v -0.00701850 0.01281827 -0.00291769
v -0.00602886 0.01359718 -0.00290453
v -0.00550745 0.01392104 -0.00289942
v -0.00461843 0.01437026 -0.00289278
v 0.00000004 0.01529381 -0.00288208
v -0.00000001 0.01489596 -0.00103316
v 0.00084112 0.01526691 -0.00288226
v 0.00193170 0.01474533 -0.00102859
v 0.00429606 0.01450586 -0.00289091
v 0.00378796 0.01469377 -0.00288843
v 0.00379279 0.01428783 -0.00102498
v 0.00265110 0.01501180 -0.00288466
v 0.00192898 0.01514792 -0.00288328
v 0.00694238 0.01166330 0.01543674
v 0.00669251 0.01183038 0.01654218
v 0.00692060 0.01150408 0.01976687
v 0.00664812 0.01178907 0.01846604
v 0.00657909 0.01172483 0.02521475
v 0.00548732 0.01317083 0.01017272
v 0.00378688 0.01395303 0.01038016
v -0.00000000 0.01473324 0.00494863
v 0.00082049 0.01455540 0.01040166
v 0.00193118 0.01458214 0.00494636
v 0.00200549 0.01441381 0.01040166
v 0.00378814 0.01412144 0.00494862
v 0.00315628 0.01415279 0.01040166
v -0.00112503 0.01453064 0.01040166
v -0.00039325 0.01457697 0.01040166
v 0.00000000 0.01458338 0.01040166
v -0.00350000 0.01404873 0.01040166
v -0.00561781 0.01303642 0.01100830
v -0.00501653 0.01340070 0.01070029
v -0.00589102 0.01284486 0.01119495
v -0.00625553 0.01265933 0.01007606
v -0.00686153 0.01198765 0.01223369
v -0.00641888 0.01241814 0.01166667
v -0.00675364 0.01188725 0.01475867
v -0.00694487 0.01171846 0.01460755
v -0.00694153 0.01164818 0.01568819
v -0.00664669 0.01178774 0.01854506
v -0.00692061 0.01150408 0.01976687
v -0.00657604 0.01172199 0.02563484
v 0.00627205 0.01282555 0.00499023
v 0.00700155 0.01224013 0.00236461
v 0.00698250 0.01222674 0.00502108
v 0.00696217 0.01214478 0.00849237
v 0.00675368 0.01188729 0.01475739
v 0.00551028 0.01336315 0.00073434
v 0.00701134 0.01224930 0.00103007
v 0.00549665 0.01334001 0.00496900
v 0.00379274 0.01414173 0.00071919
v 0.00193214 0.01460181 0.00070752
v -0.00000000 0.01475303 0.00070285
v 0.00701849 0.01281827 -0.00291769
v 0.00701912 0.01233271 -0.00042057
v -0.00549666 0.01334001 0.00496900
v -0.00379275 0.01414173 0.00071919
v -0.00193214 0.01460181 0.00070752
v -0.00409420 0.01383475 0.01044604
v -0.00436828 0.01371964 0.01049704
v -0.00702041 0.01239044 -0.00089068
v -0.00701858 0.01231784 -0.00027090
v -0.00551028 0.01336315 0.00073433
v -0.00701146 0.01224963 0.00101343
v -0.00700567 0.01224146 0.00181401
v -0.00677521 0.01190733 0.01422487
v 0.00637818 0.01156822 0.03796210
v 0.00678691 0.01139817 0.03785692
v 0.00656849 0.01162978 0.03766269
v 0.00648883 0.01162409 0.03782843
v 0.00660220 0.01133217 0.03808981
v 0.00670490 0.01138234 0.03798644
v -0.00618652 0.01135955 0.01143811
v -0.00750000 0.00910494 0.01440166
v -0.00750000 0.00860303 0.01440166
v -0.00747721 0.00915859 0.01397526
v -0.00719552 0.00860303 0.01287093
v -0.00632843 0.00981629 0.01157324
v -0.00686588 0.01032524 0.01224045
v -0.00695273 0.00860303 0.01238209
v -0.00719552 0.00975121 0.01287093
v -0.00741325 0.00930398 0.01357312
v -0.00503074 0.01135443 0.01070614
v -0.00556534 0.01081932 0.01097611
v -0.00603395 0.01024582 0.01130665
v -0.00631846 0.01111953 0.01156330
v -0.00644573 0.01093444 0.01169561
v -0.00464423 0.01168107 0.01056881
v -0.00409208 0.01207739 0.01044572
v -0.00350000 0.01242538 0.01040166
v -0.00721074 0.00972201 0.03247673
v -0.00720766 0.00972794 0.01332106
v 0.00720743 0.00972838 0.01332064
v 0.00721098 0.00972153 0.03247628
v -0.00694928 0.00860303 0.02362420
v -0.00099758 0.01322549 0.01040166
v -0.00180287 0.01307222 0.01040166
v -0.00292214 0.01269946 0.01040166
v 0.00292214 0.01269946 0.01040166
v 0.00180286 0.01307222 0.01040166
v 0.00099758 0.01322549 0.01040166
v -0.00000000 0.01329213 0.01040166
v -0.00649872 -0.00516155 -0.00351155
v -0.00644796 -0.00524471 -0.00351412
v -0.00668102 -0.00474164 -0.00351411
v -0.00669874 -0.00467879 -0.00349666
v -0.00676700 -0.00419392 -0.00351411
v -0.00676756 -0.00416067 -0.00348068
v -0.00654275 -0.00466248 0.00380797
v -0.00671024 -0.00422056 0.00374040
v -0.00660150 -0.00443451 0.00408197
v -0.00628698 -0.00427003 0.00486040
v -0.00627834 -0.00447596 0.00476116
v -0.00574354 -0.00444775 0.00526916
v -0.00550110 -0.00488113 0.00514756
v -0.00602618 -0.00498715 0.00461223
v -0.00544822 -0.00496730 0.00510389
v -0.00573977 -0.00525459 0.00456143
v -0.00591908 -0.00536841 0.00391591
v -0.00635108 -0.00494549 0.00392940
v -0.00627366 -0.00505229 0.00386758
v -0.00664136 -0.00402782 0.00430326
v -0.00676755 -0.00375196 0.00366875
v 0.00627366 -0.00505228 0.00386758
v 0.00635108 -0.00494549 0.00392939
v 0.00654275 -0.00466248 0.00380798
v 0.00602618 -0.00498715 0.00461223
v 0.00655704 -0.00410572 0.00448245
v 0.00676755 -0.00375196 0.00366875
v 0.00671024 -0.00422055 0.00374040
v 0.00596613 -0.00439027 0.00513696
v 0.00628698 -0.00427003 0.00486040
v 0.00627834 -0.00447595 0.00476116
v 0.00660150 -0.00443451 0.00408197
v 0.00550110 -0.00488113 0.00514757
v 0.00544822 -0.00496730 0.00510389
v 0.00573977 -0.00525459 0.00456143
v 0.00591907 -0.00536841 0.00391591
v 0.00574355 -0.00444774 0.00526916
v -0.00448230 -0.00558736 0.00497889
v -0.00342861 -0.00608841 0.00487790
v -0.00231791 -0.00645237 0.00480452
v 0.00448230 -0.00558735 0.00497889
v 0.00342862 -0.00608840 0.00487789
v 0.00231792 -0.00645237 0.00480452
v 0.00116868 -0.00667319 0.00476001
v 0.00000000 -0.00674721 0.00474508
v -0.00116867 -0.00667319 0.00476001
v -0.00472216 -0.00590783 0.00442975
v -0.00361209 -0.00643569 0.00432334
v -0.00244195 -0.00681913 0.00424604
v -0.00123121 -0.00705178 0.00419914
v 0.00472216 -0.00590783 0.00442975
v 0.00361209 -0.00643569 0.00432334
v 0.00244196 -0.00681913 0.00424604
v 0.00123122 -0.00705177 0.00419915
v 0.00000000 -0.00712976 0.00418343
v -0.00521640 -0.00583987 0.00382087
v -0.00382314 -0.00654654 0.00367842
v -0.00233324 -0.00702782 0.00358140
v -0.00078435 -0.00727154 0.00353226
v 0.00078435 -0.00727154 0.00353226
v 0.00521640 -0.00583987 0.00382087
v 0.00382314 -0.00654654 0.00367841
v 0.00233324 -0.00702782 0.00358140
v -0.00676756 -0.00412049 0.00008344
v -0.00670312 -0.00462188 0.00011101
v -0.00651540 -0.00509123 0.00013681
v -0.00621521 -0.00549816 0.00015918
v -0.00611822 -0.00563480 -0.00351411
v -0.00576499 -0.00589399 -0.00351412
v -0.00582269 -0.00581747 0.00017669
v -0.00676755 -0.00412705 -0.00351411
v -0.00676742 -0.00416049 -0.00351412
v 0.00582031 -0.00141279 0.00644844
v 0.00676755 -0.00054724 0.00495235
v 0.00634403 0.00031504 0.00652564
v 0.00665701 0.00047957 0.00596951
v 0.00632502 -0.00126019 0.00602903
v 0.00665179 -0.00105858 0.00547495
v 0.00585894 0.00018868 0.00695297
v 0.00676755 -0.00328883 0.00386870
v 0.00676755 -0.00340911 0.00381691
v 0.00676756 -0.00358064 0.00374306
v 0.01010283 0.00415239 0.00021055
v 0.01011093 0.00382606 0.00038398
v 0.01000888 0.00377008 0.00027125
v 0.00967769 0.00371015 0.00016055
v 0.00966801 0.00400981 -0.00000077
v 0.00984372 0.00403116 0.00002445
v 0.00985235 0.00372707 0.00018814
v 0.01000090 0.00408407 0.00010312
v 0.01012458 0.00450446 0.00006478
v 0.01001909 0.00439783 -0.00007180
v 0.00985318 0.00432302 -0.00016175
v 0.00965469 0.00429232 -0.00019035
v 0.01016183 0.00424209 0.00035594
v 0.01015329 0.00462526 0.00022530
v 0.01016712 0.00429404 0.00044180
v 0.01014542 0.00385845 0.00045032
v 0.01017093 0.00389998 0.00053621
v 0.01017718 0.00394300 0.00062609
v -0.01010286 0.00415242 0.00021059
v -0.01009145 0.00445986 0.00000696
v -0.00998963 0.00437971 -0.00009427
v -0.00984371 0.00403115 0.00002445
v -0.00983168 0.00431751 -0.00016778
v -0.01000089 0.00408407 0.00010311
v -0.01014566 0.00385842 0.00045025
v -0.01003825 0.00378270 0.00029638
v -0.00987137 0.00373040 0.00019428
v -0.01016184 0.00424213 0.00035600
v -0.01017718 0.00394299 0.00062609
v -0.01016712 0.00429403 0.00044181
v -0.01012432 0.00450450 0.00006486
v -0.01014919 0.00456476 0.00014426
v -0.01015329 0.00462525 0.00022530
v -0.01014341 0.00285437 0.00076292
v -0.00986944 0.00281091 0.00048496
v -0.00938753 -0.00108111 -0.00165444
v -0.00932336 -0.00132066 -0.00257072
v -0.00949503 -0.00060468 -0.00083503
v -0.00962169 0.00007467 -0.00016818
v -0.00973965 0.00091089 0.00029704
v -0.00982585 0.00184671 0.00052059
v -0.00976727 -0.00088390 -0.00065836
v -0.00991350 -0.00026127 0.00022493
v -0.00989449 -0.00013678 0.00006078
v -0.01004048 0.00070548 0.00074597
v -0.01001291 0.00077938 0.00056143
v -0.01013202 0.00178103 0.00099446
v -0.01009947 0.00180189 0.00080148
v -0.01017723 0.00288708 0.00095297
v -0.00965739 -0.00161378 -0.00145922
v -0.00971600 -0.00134524 -0.00093799
v -0.00977566 -0.00105317 -0.00052730
v -0.00955767 -0.00156478 -0.00351411
v -0.00958942 -0.00167395 -0.00351411
v -0.00959455 -0.00167675 -0.00253634
v -0.00959623 -0.00173151 -0.00351411
v -0.00965920 -0.00141016 -0.00154405
v -0.00958555 -0.00189977 -0.00250872
v -0.00957809 -0.00190190 -0.00351411
v -0.00950161 -0.00146709 -0.00255882
v -0.00949788 -0.00145972 -0.00351412
v -0.00931978 -0.00131058 -0.00351411
v -0.00933171 -0.00131671 -0.00351412
v -0.00946352 -0.00141840 -0.00351412
v -0.01003540 0.00282722 0.00059632
v -0.00999202 0.00182518 0.00063272
v -0.00990718 0.00085252 0.00040116
v -0.00979168 -0.00001664 -0.00008011
v -0.00966813 -0.00072272 -0.00076918
v -0.00956366 -0.00121791 -0.00161466
v -0.00585894 0.00018868 0.00695297
v -0.00634403 0.00031504 0.00652564
v -0.00665701 0.00047956 0.00596951
v -0.00676756 0.00066394 0.00534657
v -0.00582031 -0.00141279 0.00644844
v -0.00676756 -0.00340911 0.00381690
v -0.00632502 -0.00126019 0.00602903
v -0.00665179 -0.00105858 0.00547494
v -0.00676756 -0.00083148 0.00485089
v 0.00844874 0.00464116 0.00015002
v 0.00847661 0.00487294 0.00002845
v 0.00850913 0.00475255 -0.00013010
v 0.00849201 0.00452509 0.00000528
v 0.00861634 0.00464572 -0.00026297
v 0.00859976 0.00441858 -0.00010983
v 0.00878263 0.00457017 -0.00034791
v 0.00875777 0.00433733 -0.00017792
v 0.00897524 0.00453740 -0.00037270
v 0.00894246 0.00429232 -0.00019034
v -0.00847662 0.00487293 0.00002845
v -0.00844874 0.00464116 0.00015001
v -0.00849201 0.00452509 0.00000528
v -0.00850914 0.00475255 -0.00013010
v -0.00859977 0.00441858 -0.00010983
v -0.00861635 0.00464572 -0.00026297
v -0.00875777 0.00433732 -0.00017792
v -0.00878263 0.00457016 -0.00034790
v -0.00897524 0.00453740 -0.00037270
v -0.00687283 0.00058533 0.00033987
v 0.00955833 0.00550310 -0.00109123
v 0.00951339 0.00586733 -0.00136223
v 0.00971759 0.00591112 -0.00133967
v 0.00993993 0.00670334 -0.00127207
v 0.01000683 0.00624458 -0.00094297
v 0.00998787 0.00611801 -0.00110968
v 0.01009129 0.00550303 -0.00040929
v 0.00923787 0.00743080 -0.00252554
v 0.00944862 0.00748957 -0.00250909
v 0.00988586 0.00599992 -0.00125025
v 0.00971521 0.00772547 -0.00227114
v 0.00972037 0.00785720 -0.00209564
v 0.00992219 0.00681330 -0.00135082
v 0.00961891 0.00759457 -0.00241851
v 0.00897001 0.00593859 -0.00141526
v 0.00872446 0.00743080 -0.00252554
v 0.00878799 0.00594991 -0.00138003
v 0.00862763 0.00600200 -0.00129238
v 0.00851734 0.00608846 -0.00116405
v 0.00847168 0.00619628 -0.00101411
v -0.00847168 0.00619628 -0.00101411
v -0.00849999 0.00551315 0.00002844
v 0.00820818 0.00771114 0.00002845
v 0.00820818 0.00771114 -0.00101411
v 0.00842606 0.00662170 0.00002845
v 0.00845982 0.00632852 -0.00101411
v 0.00849999 0.00551315 0.00002845
v -0.00842607 0.00662170 0.00002845
v -0.00845982 0.00632852 -0.00101411
v -0.00820818 0.00771114 0.00002845
v -0.00820818 0.00771114 -0.00101412
v -0.00816553 0.00786398 -0.00101411
v -0.00785007 0.00876285 0.00002845
v -0.00759500 0.00931957 -0.00101412
v -0.00735784 0.00975887 0.00002845
v -0.00735784 0.00975887 -0.00101412
v -0.00673991 0.01068218 0.00002845
v -0.00676753 0.01064604 -0.00101411
v -0.00600683 0.01151701 0.00002845
v -0.00600683 0.01151701 -0.00101411
v -0.00571110 0.01179853 -0.00101411
v -0.00517113 0.01224910 0.00002845
v -0.00424708 0.01286593 0.00002845
v -0.00446147 0.01273803 -0.00101411
v -0.00424708 0.01286593 -0.00101411
v -0.00325047 0.01335697 0.00002845
v -0.00306090 0.01343277 -0.00101411
v -0.00219834 0.01371383 0.00002844
v -0.00219834 0.01371383 -0.00101411
v -0.00110864 0.01393042 0.00002845
v -0.00155679 0.01385925 -0.00101411
v -0.00000000 0.01400303 0.00002845
v -0.00000000 0.01400303 -0.00101411
v 0.00110863 0.01393042 0.00002844
v 0.00155678 0.01385925 -0.00101412
v 0.00219833 0.01371383 0.00002845
v 0.00219833 0.01371383 -0.00101412
v 0.00325047 0.01335697 0.00002845
v 0.00306090 0.01343277 -0.00101411
v 0.00424708 0.01286593 0.00002845
v 0.00424707 0.01286593 -0.00101411
v 0.00446146 0.01273803 -0.00101411
v 0.00517112 0.01224910 0.00002844
v 0.00571110 0.01179853 -0.00101411
v 0.00600682 0.01151701 0.00002845
v 0.00600682 0.01151701 -0.00101412
v 0.00673990 0.01068219 0.00002845
v 0.00676752 0.01064604 -0.00101411
v 0.00735784 0.00975887 0.00002844
v 0.00735784 0.00975887 -0.00101411
v 0.00785006 0.00876285 0.00002845
v 0.00759500 0.00931957 -0.00101411
v 0.00816553 0.00786398 -0.00101411
v 0.00570481 0.01173907 0.00033513
v 0.00567894 0.01177462 0.00030620
v 0.00554110 0.01192890 0.00020085
v -0.00534898 0.01209741 0.00016213
v -0.00411369 0.01293102 0.00016214
v -0.00314415 0.01339047 0.00016213
v -0.00212441 0.01372400 0.00016214
v -0.00107075 0.01392627 0.00016213
v -0.00000000 0.01399405 0.00016213
v 0.00107075 0.01392627 0.00016214
v 0.00212441 0.01372400 0.00016214
v 0.00314415 0.01339047 0.00016214
v 0.00411368 0.01293102 0.00016213
v 0.00534898 0.01209741 0.00016214
v -0.00552279 0.01194641 0.00019304
v -0.00570534 0.01173833 0.00033573
v -0.00567938 0.01177418 0.00030619
v -0.00648885 0.01162407 0.03782844
v -0.00656851 0.01162976 0.03766270
v -0.00668254 0.01153122 0.03764126
v -0.00662189 0.01134357 0.03807344
v -0.00648873 0.01125287 0.03815772
v -0.00637820 0.01156820 0.03796212
v -0.00625163 0.01147073 0.03804743
v -0.00673817 0.01139230 0.03794075
v -0.00678689 0.01139814 0.03785690
v -0.00682159 0.01139134 0.03777595
v 0.00572899 0.01133792 0.00299084
v 0.00537747 0.01202715 0.00268021
v 0.00554510 0.01180307 0.00260061
v 0.00553182 0.01180304 0.00282414
v 0.00504292 0.01234484 0.00250498
v 0.00535464 0.01210438 0.00032599
v 0.00540396 0.01206313 0.00033146
v -0.00535464 0.01210438 0.00032599
v -0.00411803 0.01293887 0.00032599
v -0.00314747 0.01339881 0.00032599
v -0.00212666 0.01373269 0.00032599
v -0.00107189 0.01393517 0.00032599
v -0.00000000 0.01400303 0.00032600
v 0.00107188 0.01393517 0.00032599
v 0.00212665 0.01373269 0.00032599
v 0.00314747 0.01339881 0.00032599
v 0.00411803 0.01293887 0.00032599
v -0.00562054 0.01184538 0.00032053
v -0.00566423 0.01147918 0.00319932
v -0.00562502 0.01143753 0.00386228
v -0.00558313 0.01141736 0.00441319
v -0.00527881 0.01204889 0.00439943
v -0.00466796 0.01261964 0.00437369
v -0.00368254 0.01316384 0.00431986
v -0.00377688 0.01311782 0.00447507
v -0.00404426 0.01297926 0.00473203
v -0.00435024 0.01280546 0.00487374
v -0.00468334 0.01261115 0.00382180
v -0.00358308 0.01321083 0.00359784
v -0.00357151 0.01321617 0.00396458
v -0.00371118 0.01315010 0.00325552
v -0.00393478 0.01303756 0.00297922
v -0.00421556 0.01288403 0.00280747
v -0.00463426 0.01262860 0.00272044
v -0.00500483 0.01237343 0.00277380
v -0.00530771 0.01205502 0.00384805
v -0.00523601 0.01217385 0.00288172
v -0.00564495 0.01153875 0.00314690
v -0.00552658 0.01180297 0.00290932
v -0.00551339 0.01180303 0.00312589
v -0.00548912 0.01184518 0.00309695
v 0.00364298 0.01318276 0.00381395
v 0.00361634 0.01319536 0.00343824
v 0.00405040 0.01297993 0.00353088
v 0.00545408 0.01186166 0.00358731
v 0.00493359 0.01242631 0.00356631
v 0.00496819 0.01239991 0.00248397
v 0.00457039 0.01266972 0.00246385
v 0.00423253 0.01288097 0.00353816
v 0.00422871 0.01287649 0.00255776
v 0.00394022 0.01303461 0.00275474
v 0.00371919 0.01314614 0.00306891
v 0.00421741 0.01288614 0.00407580
v 0.00404192 0.01298052 0.00442999
v 0.00403564 0.01298548 0.00406853
v 0.00379602 0.01310830 0.00416685
v 0.00490351 0.01243639 0.00463394
v 0.00478337 0.01252823 0.00464975
v 0.00491693 0.01243097 0.00410384
v 0.00473631 0.01256106 0.00465211
v 0.00435064 0.01280522 0.00459311
v 0.00511954 0.01223154 0.00457009
v 0.00542304 0.01185142 0.00412429
v 0.00543039 0.01180304 0.00438162
v 0.00552340 0.01158889 0.00443773
v 0.00541601 0.01180304 0.00458550
v 0.00329897 0.01276911 0.00982796
v 0.00329004 0.01274946 0.00984192
v 0.00304151 0.01285724 0.00984192
v 0.00328604 0.01274064 0.00984593
v -0.00328610 0.01274076 0.00984588
v -0.00329005 0.01274946 0.00984192
v -0.00304038 0.01285771 0.00984192
v -0.00205598 0.01319121 0.00984191
v -0.00103652 0.01339358 0.00984192
v 0.00000061 0.01346137 0.00984192
v 0.00103774 0.01339342 0.00984191
v 0.00205717 0.01319089 0.00984192
v 0.00331302 0.01280007 0.00976810
v 0.00330612 0.01278488 0.00980897
v 0.00306276 0.01290860 0.00976810
v 0.00305638 0.01289318 0.00980897
v 0.00207154 0.01324459 0.00976810
v 0.00206722 0.01322846 0.00980897
v 0.00104499 0.01344853 0.00976810
v 0.00104282 0.01343198 0.00980897
v 0.00000062 0.01351695 0.00976810
v 0.00000062 0.01350026 0.00980897
v -0.00104376 0.01344869 0.00976810
v -0.00104159 0.01343214 0.00980897
v -0.00207035 0.01324491 0.00976810
v -0.00206603 0.01322878 0.00980897
v -0.00306161 0.01290908 0.00976810
v -0.00305524 0.01289365 0.00980897
v -0.00331302 0.01280007 0.00976810
v -0.00330613 0.01278488 0.00980897
v 0.00387604 0.01247003 0.00975371
v 0.00388279 0.01252909 0.00968307
v 0.00388578 0.01251659 0.00971106
v 0.00388355 0.01249604 0.00973599
v 0.00441550 0.01220635 0.00948820
v 0.00441732 0.01223020 0.00947308
v 0.00441392 0.01225015 0.00945331
v 0.00440598 0.01226416 0.00943138
v 0.00473753 0.01200098 0.00920993
v 0.00498023 0.01176511 0.00889010
v 0.00473931 0.01201903 0.00919787
v 0.00498148 0.01177758 0.00888155
v 0.00515101 0.01151673 0.00853322
v 0.00524585 0.01123329 0.00817502
v 0.00517865 0.01146738 0.00844326
v 0.00524612 0.01123603 0.00817211
v 0.00473732 0.01203542 0.00918368
v 0.00479319 0.01199611 0.00910357
v 0.00497787 0.01180039 0.00886229
v 0.00515019 0.01153031 0.00852291
v 0.00469974 0.01254541 0.00697642
v 0.00443708 0.01274702 0.00685130
v 0.00443975 0.01275138 0.00672752
v 0.00524004 0.01158108 0.00770950
v 0.00518198 0.01161790 0.00812083
v 0.00504094 0.01192199 0.00815046
v 0.00483567 0.01218800 0.00816893
v 0.00458572 0.01240034 0.00815596
v 0.00455347 0.01263191 0.00709751
v 0.00450202 0.01268214 0.00700793
v 0.00445305 0.01271860 0.00697740
v 0.00442909 0.01273398 0.00697412
v 0.00482231 0.01241164 0.00714333
v 0.00494833 0.01221522 0.00748030
v 0.00458615 0.01258585 0.00722388
v 0.00461303 0.01248130 0.00766052
v 0.00472227 0.01254039 0.00680727
v 0.00518176 0.01183966 0.00740551
v 0.00508010 0.01203497 0.00744441
v 0.00513549 0.01196585 0.00727101
v 0.00509593 0.01205204 0.00718515
v 0.00494641 0.01229458 0.00697177
v 0.00450972 0.01256739 0.00756504
v 0.00410814 0.01292102 0.00697411
v -0.00313992 0.01337985 0.00697412
v -0.00393839 0.01250162 0.00966475
v -0.00440598 0.01226416 0.00943138
v -0.00447988 0.01230198 0.00899860
v -0.00384727 0.01254671 0.00969318
v -0.00388769 0.01252677 0.00968116
v -0.00458399 0.01239762 0.00817528
v -0.00461200 0.01246991 0.00772095
v -0.00460962 0.01252584 0.00744864
v -0.00456280 0.01262054 0.00712479
v -0.00452043 0.01263045 0.00721138
v -0.00452459 0.01266212 0.00703744
v -0.00442909 0.01273398 0.00697412
v -0.00447428 0.01270375 0.00698611
v -0.00212155 0.01371293 0.00697412
v -0.00106931 0.01391493 0.00697411
v -0.00000000 0.01398262 0.00697412
v 0.00106931 0.01391492 0.00697411
v 0.00212155 0.01371293 0.00697411
v 0.00313991 0.01337985 0.00697412
v -0.00441552 0.01220644 0.00948816
v -0.00388823 0.01251561 0.00970994
v -0.00387859 0.01246897 0.00975283
v -0.00388607 0.01249505 0.00973500
v -0.00441732 0.01223037 0.00947294
v -0.00441385 0.01225035 0.00945305
v -0.00515072 0.01151732 0.00853401
v -0.00524585 0.01123329 0.00817501
v -0.00473643 0.01200150 0.00921064
v -0.00471755 0.01206036 0.00918214
v -0.00473621 0.01203597 0.00918437
v -0.00498136 0.01178862 0.00887109
v -0.00504291 0.01171327 0.00875352
v -0.00498217 0.01177674 0.00888045
v -0.00473823 0.01201955 0.00919857
v -0.00514372 0.01154346 0.00853956
v -0.00443709 0.01274703 0.00685107
v -0.00314747 0.01339881 0.00672752
v 0.00411803 0.01293887 0.00672751
v 0.00314747 0.01339881 0.00672751
v 0.00212665 0.01373269 0.00672751
v 0.00107188 0.01393517 0.00672752
v -0.00000000 0.01400303 0.00672752
v -0.00107188 0.01393517 0.00672752
v -0.00212666 0.01373269 0.00672752
v -0.00508075 0.01203393 0.00744420
v -0.00470001 0.01254521 0.00697623
v -0.00482271 0.01241128 0.00714317
v -0.00504158 0.01192093 0.00815036
v -0.00483610 0.01218756 0.00816890
v -0.00494887 0.01221459 0.00748017
v -0.00452460 0.01266212 0.00703744
v -0.00456280 0.01262055 0.00712479
v -0.00518256 0.01161616 0.00812064
v 0.00859185 0.01059648 -0.00334503
v 0.00868165 0.01064603 -0.00316167
v 0.00898095 0.00975418 -0.00328912
v 0.00907305 0.00982437 -0.00310739
v 0.00919039 0.00918947 -0.00316977
v 0.00945956 0.00873271 -0.00281447
v 0.00936518 0.00863178 -0.00298424
v 0.00869825 0.01065519 -0.00295233
v 0.00928178 0.00936357 -0.00279161
v 0.00946526 0.00881946 -0.00261380
v 0.00964035 0.00819447 -0.00231247
v 0.00950667 0.00809782 -0.00273443
v 0.00844367 0.01051473 -0.00346984
v 0.00882297 0.00966652 -0.00340726
v 0.00902768 0.00909771 -0.00328233
v 0.00919892 0.00853576 -0.00309030
v 0.00933794 0.00799741 -0.00283318
v 0.00826381 0.01041551 -0.00351411
v 0.00847675 0.00995394 -0.00349126
v 0.00888053 0.00884857 -0.00325658
v 0.00894111 0.00864712 -0.00318553
v 0.00912909 0.00793234 -0.00285187
v 0.00755548 0.01150043 -0.00351412
v 0.00772142 0.01162805 -0.00346803
v 0.00794677 0.01180127 -0.00293498
v 0.00702473 0.01282500 -0.00302738
v 0.00793661 0.01179349 -0.00314906
v 0.00701453 0.01281400 -0.00313641
v 0.00785695 0.01173226 -0.00333841
v 0.00694745 0.01274164 -0.00333170
v 0.00683013 0.01261511 -0.00346623
v 0.00668492 0.01245850 -0.00351411
v 0.00574458 0.01379506 -0.00301293
v -0.00300311 0.01494462 -0.00299854
v 0.00263227 0.01492766 -0.00331843
v 0.00259409 0.01475641 -0.00346255
v 0.00082368 0.01500722 -0.00346228
v -0.00668493 0.01245850 -0.00351411
v -0.00682998 0.01261495 -0.00346617
v -0.00575536 0.01319331 -0.00351411
v -0.00587680 0.01337274 -0.00346480
v -0.00442178 0.01392718 -0.00351411
v -0.00287892 0.01446066 -0.00351411
v -0.00451063 0.01412760 -0.00346349
v 0.00080879 0.01478603 -0.00351411
v -0.00117073 0.01475702 -0.00351411
v -0.00119235 0.01497765 -0.00346231
v 0.00254595 0.01454048 -0.00351411
v 0.00411565 0.01405645 -0.00351411
v 0.00548099 0.01337030 -0.00351411
v 0.00419738 0.01426033 -0.00346327
v 0.00426248 0.01442260 -0.00332100
v 0.00429775 0.01451044 -0.00311635
v -0.00597422 0.01351664 -0.00332650
v -0.00694737 0.01274156 -0.00333167
v -0.00701415 0.01281358 -0.00313635
v -0.00458145 0.01428729 -0.00332176
v -0.00297739 0.01484459 -0.00331881
v -0.00300072 0.01493547 -0.00311230
v -0.00121855 0.01524526 -0.00310995
v 0.00559554 0.01355498 -0.00346447
v 0.00568729 0.01370285 -0.00332531
v 0.00573808 0.01378468 -0.00312437
v -0.00461997 0.01437407 -0.00311776
v -0.00462439 0.01438386 -0.00300505
v 0.00265267 0.01501911 -0.00311160
v 0.00265472 0.01502817 -0.00299771
v 0.00430169 0.01452006 -0.00300335
v -0.00602848 0.01359676 -0.00312660
v -0.00702451 0.01282476 -0.00302737
v -0.00603566 0.01360729 -0.00301561
v -0.00293381 0.01467473 -0.00346265
v -0.00120947 0.01515239 -0.00331754
v 0.00084171 0.01527542 -0.00310976
v 0.00083546 0.01518239 -0.00331745
v -0.00755549 0.01150043 -0.00351412
v -0.00826382 0.01041551 -0.00351411
v -0.00844367 0.01051473 -0.00346985
v -0.00772143 0.01162805 -0.00346802
v -0.00785696 0.01173226 -0.00333840
v -0.00793662 0.01179349 -0.00314906
v -0.00859185 0.01059648 -0.00334503
v -0.00868166 0.01064603 -0.00316167
v -0.00869826 0.01065519 -0.00295232
v -0.00794678 0.01180127 -0.00293497
v -0.00888208 0.01030301 -0.00294368
v -0.00961891 0.00759456 -0.00241850
v -0.00971521 0.00772547 -0.00227115
v -0.00945001 0.00832260 -0.00284908
v -0.00954495 0.00843238 -0.00268469
v -0.00972037 0.00785720 -0.00209564
v -0.00939715 0.00903232 -0.00269184
v -0.00918704 0.00953852 -0.00305565
v -0.00931814 0.00926280 -0.00276394
v -0.00919569 0.00959045 -0.00284562
v -0.00886293 0.01003432 -0.00332404
v -0.00909428 0.00946056 -0.00323532
v -0.00928962 0.00888442 -0.00307708
v -0.00944862 0.00748957 -0.00250909
v -0.00928223 0.00822408 -0.00295106
v -0.00912484 0.00879037 -0.00318621
v -0.00893368 0.00937079 -0.00335067
v -0.00870780 0.00994864 -0.00344461
v -0.00923787 0.00743080 -0.00252554
v -0.00916468 0.00777731 -0.00276032
v -0.00888052 0.00884861 -0.00325659
v -0.00880489 0.00908468 -0.00332830
v -0.00851799 0.00985631 -0.00348071
v -0.00998787 0.00611801 -0.00110967
v -0.01009130 0.00550302 -0.00040928
v -0.00971759 0.00591112 -0.00133967
v -0.00951339 0.00586733 -0.00136223
v -0.00955834 0.00550310 -0.00109123
v -0.00988586 0.00599992 -0.00125025
v -0.00993993 0.00670334 -0.00127207
v -0.00992012 0.00682591 -0.00135984
v -0.01000683 0.00624457 -0.00094297
v 0.00757785 0.01041551 -0.00351411
v 0.00796475 0.00966662 -0.00345470
v 0.00828519 0.00889914 -0.00327331
v 0.00853861 0.00814366 -0.00296517
v 0.00756754 0.00950597 -0.00315106
v 0.00752226 0.00950930 -0.00297331
v 0.00719300 0.01016931 -0.00321592
v 0.00715686 0.01014619 -0.00302946
v 0.00829619 0.00751605 -0.00226840
v 0.00823977 0.00760655 -0.00212800
v 0.00811963 0.00815204 -0.00268192
v 0.00806425 0.00821333 -0.00252648
v 0.00840523 0.00745186 -0.00239097
v 0.00822636 0.00811763 -0.00281735
v 0.00787659 0.00882445 -0.00297460
v 0.00782490 0.00885630 -0.00280695
v 0.00728469 0.01022797 -0.00337299
v 0.00741975 0.01031437 -0.00347696
v 0.00766562 0.00953392 -0.00330327
v 0.00780443 0.00959013 -0.00340878
v 0.00812208 0.00884724 -0.00322336
v 0.00797967 0.00882107 -0.00311975
v 0.00837221 0.00811494 -0.00291552
v 0.00855430 0.00742247 -0.00248010
v -0.00757786 0.01041551 -0.00351411
v -0.00693358 0.01130041 -0.00351411
v -0.00676756 0.01149476 -0.00351411
v -0.00570232 0.01252846 -0.00351412
v -0.00424605 0.01349965 -0.00351411
v -0.00265604 0.01416579 -0.00351411
v -0.00096141 0.01451729 -0.00351411
v 0.00031899 0.01456091 -0.00351411
v 0.00203706 0.01433161 -0.00351412
v 0.00367684 0.01378078 -0.00351412
v 0.00519782 0.01290919 -0.00351412
v 0.00650939 0.01177439 -0.00351412
v 0.00676755 0.01149476 -0.00351412
v -0.00872446 0.00743080 -0.00252554
v -0.00897002 0.00593859 -0.00141526
v -0.00853862 0.00814367 -0.00296518
v -0.00828520 0.00889913 -0.00327331
v -0.00796476 0.00966661 -0.00345471
v -0.00823977 0.00760655 -0.00212800
v 0.00614776 0.01142988 -0.00303456
v 0.00676755 0.01070444 -0.00303162
v 0.00490905 0.01250191 -0.00303914
v 0.00347257 0.01332531 -0.00304286
v 0.00192389 0.01384570 -0.00304528
v 0.00030126 0.01406233 -0.00304634
v -0.00090800 0.01402112 -0.00304616
v -0.00250848 0.01368904 -0.00304456
v -0.00401015 0.01305972 -0.00304161
v -0.00538553 0.01214223 -0.00303754
v -0.00654838 0.01098212 -0.00303272
v -0.00676756 0.01070444 -0.00303162
v -0.00715686 0.01014619 -0.00302946
v -0.00752227 0.00950929 -0.00297331
v -0.00782491 0.00885630 -0.00280695
v -0.00806425 0.00821334 -0.00252649
v -0.00878481 0.00595050 -0.00137889
v -0.00862598 0.00600285 -0.00129105
v -0.00851687 0.00608905 -0.00116320
v -0.00829620 0.00751605 -0.00226841
v -0.00840523 0.00745186 -0.00239097
v -0.00855430 0.00742246 -0.00248010
v -0.00766563 0.00953391 -0.00330327
v -0.00727695 0.01022301 -0.00336383
v -0.00719002 0.01016740 -0.00320772
v -0.00756755 0.00950597 -0.00315106
v -0.00787660 0.00882445 -0.00297461
v -0.00811964 0.00815205 -0.00268192
v -0.00797968 0.00882106 -0.00311975
v -0.00822637 0.00811764 -0.00281735
v -0.00780444 0.00959012 -0.00340878
v -0.00744082 0.01032785 -0.00348636
v -0.00730913 0.01024360 -0.00339892
v -0.00837221 0.00811495 -0.00291553
v -0.00812209 0.00884724 -0.00322337
v 0.00639238 0.01166293 -0.00348672
v 0.00627973 0.01155563 -0.00340038
v 0.00501527 0.01265178 -0.00340169
v 0.00617721 0.01145789 -0.00321129
v -0.00657941 0.01100770 -0.00321000
v -0.00541183 0.01217420 -0.00321337
v -0.00403020 0.01309705 -0.00321622
v -0.00252124 0.01373021 -0.00321827
v -0.00091268 0.01406437 -0.00321938
v 0.00030278 0.01410581 -0.00321951
v 0.00193369 0.01388782 -0.00321877
v 0.00349006 0.01336427 -0.00321709
v 0.00625214 0.01152934 -0.00336570
v 0.00493324 0.01253599 -0.00321449
v 0.00499327 0.01262074 -0.00336738
v 0.00353265 0.01345929 -0.00336874
v 0.00195733 0.01398937 -0.00336962
v 0.00030648 0.01421009 -0.00337001
v -0.00092385 0.01416812 -0.00336995
v -0.00255204 0.01382980 -0.00336936
v -0.00407934 0.01318875 -0.00336828
v -0.00547764 0.01225447 -0.00336680
v -0.00665912 0.01107361 -0.00336503
v 0.00354820 0.01349397 -0.00340274
v 0.00196594 0.01402633 -0.00340343
v 0.00030783 0.01424800 -0.00340373
v -0.00092791 0.01420586 -0.00340368
v -0.00256326 0.01386607 -0.00340322
v -0.00409730 0.01322226 -0.00340239
v -0.00550179 0.01228393 -0.00340123
v -0.00668854 0.01109792 -0.00339986
v 0.00510488 0.01277813 -0.00348704
v 0.00361139 0.01363484 -0.00348731
v 0.00200088 0.01417633 -0.00348748
v 0.00031331 0.01440177 -0.00348755
v -0.00094437 0.01435890 -0.00348754
v -0.00260884 0.01401332 -0.00348742
v -0.00417034 0.01335847 -0.00348722
v -0.00560020 0.01240392 -0.00348693
v -0.00680870 0.01119720 -0.00348660
v 0.00688158 0.00194421 0.03134761
v 0.00670329 -0.00251967 0.03414645
v 0.00697299 -0.00190057 0.03392278
v 0.00672609 -0.00188851 0.03367072
v 0.00698869 0.00030413 0.03238380
v 0.00681050 0.00021992 0.03225069
v 0.00714539 0.00187787 0.03175673
v 0.00682569 0.00057603 0.03204142
v 0.00724272 0.00332056 0.03161761
v 0.00712787 0.00041138 0.03255332
v 0.00724272 0.00154808 0.03241623
v 0.00724272 0.00206949 0.03214225
v 0.00724272 -0.00030791 0.03359546
v 0.00724205 -0.00038784 0.03360843
v 0.00716694 -0.00116311 0.03374349
v 0.00708305 -0.00074697 0.04092491
v 0.00684804 -0.00150372 0.04040702
v 0.00699212 -0.00074697 0.04111035
v 0.00688390 -0.00074697 0.04127231
v -0.00712812 0.00042815 0.03254353
v -0.00724272 0.00067628 0.03293644
v -0.00724272 -0.00030792 0.03359545
v -0.00724272 0.00175349 0.03230777
v -0.00687506 0.00178817 0.03141961
v -0.00714562 0.00190481 0.03174675
v -0.00698922 0.00032111 0.03237402
v -0.00698591 -0.00185970 0.03390838
v -0.00670329 -0.00251967 0.03414646
v -0.00679409 -0.00017483 0.03249254
v -0.00717051 -0.00114413 0.03373832
v -0.00724273 0.00048766 0.03765390
v -0.00724273 0.00016430 0.03782396
v -0.00724272 0.00012811 0.03750166
v -0.00724273 0.00009557 0.03721178
v -0.00724273 0.00125303 0.03750166
v -0.00724272 0.00338963 0.03773453
v -0.00724272 0.00245303 0.03750166
v -0.00548589 -0.00400647 0.03475416
v -0.00609241 -0.00341705 0.03450527
v -0.00614648 -0.00300620 0.03755964
v -0.00721490 -0.00031399 0.03825890
v -0.00720232 -0.00040775 0.03838730
v -0.00717156 -0.00073666 0.03730511
v -0.00715895 -0.00063534 0.03884282
v -0.00680513 -0.00193769 0.03743981
v -0.00714646 -0.00068310 0.03900025
v -0.00684804 -0.00150372 0.04040702
v -0.00712172 -0.00074697 0.03950166
v -0.00708305 -0.00074697 0.04092491
v -0.00724103 0.00004390 0.03790855
v -0.00723009 -0.00016131 0.03808757
v -0.00630752 -0.00314573 0.03440449
v -0.00484879 -0.00444360 0.03501081
v -0.00517789 -0.00423696 0.03487971
v -0.00523904 -0.00387899 0.03765753
v -0.00414802 -0.00449841 0.03772699
v -0.00406972 -0.00480085 0.03530405
v -0.00529312 -0.00368967 0.03900368
v -0.00492834 -0.00396158 0.03887321
v -0.00417818 -0.00438695 0.03860672
v -0.00581005 -0.00319582 0.03925823
v -0.00669033 -0.00187574 0.04012506
v -0.00632287 -0.00253493 0.03966339
v -0.00625784 -0.00263189 0.03959998
v -0.00518158 -0.00397519 0.03450527
v -0.00353638 -0.00470380 0.03450527
v -0.00179307 -0.00514921 0.03450527
v 0.00000000 -0.00529907 0.03450527
v 0.00179307 -0.00514921 0.03450527
v 0.00353638 -0.00470380 0.03450527
v 0.00518158 -0.00397518 0.03450527
v 0.00609241 -0.00341705 0.03450527
v 0.00653516 -0.00281271 0.03427223
v 0.00595633 -0.00356724 0.03455979
v -0.00362686 -0.00496494 0.03530405
v 0.00183894 -0.00542175 0.03530404
v 0.00362686 -0.00496494 0.03530404
v 0.00361025 -0.00491699 0.03487084
v 0.00406971 -0.00480085 0.03530404
v 0.00481101 -0.00446499 0.03502562
v 0.00519810 -0.00422301 0.03487154
v -0.00361025 -0.00491699 0.03487084
v -0.00183052 -0.00537170 0.03487084
v -0.00183894 -0.00542175 0.03530405
v 0.00000000 -0.00552469 0.03487084
v -0.00000000 -0.00557544 0.03530404
v 0.00183052 -0.00537170 0.03487084
v 0.00542836 -0.00405255 0.03477778
v -0.00264836 -0.00490154 0.03860672
v 0.00236902 -0.00496867 0.03860672
v 0.00264835 -0.00490154 0.03860672
v 0.00417818 -0.00438695 0.03860672
v 0.00414802 -0.00449841 0.03772699
v -0.00236902 -0.00496867 0.03860673
v -0.00089097 -0.00519627 0.03860673
v 0.00000000 -0.00523330 0.03860672
v 0.00089096 -0.00519627 0.03860672
v 0.00529312 -0.00368967 0.03900368
v 0.00457502 -0.00418244 0.03874685
v 0.00428087 -0.00420249 0.03900369
v 0.00375225 -0.00441884 0.03900368
v 0.00261662 -0.00477686 0.03900368
v 0.00127533 -0.00502771 0.03900368
v 0.00088029 -0.00506806 0.03900368
v -0.00088029 -0.00506806 0.03900368
v -0.00127533 -0.00502771 0.03900368
v -0.00261662 -0.00477686 0.03900369
v -0.00375225 -0.00441884 0.03900369
v -0.00428087 -0.00420249 0.03900368
v -0.00949572 0.00436548 0.02574543
v -0.00950130 0.00436530 0.02553586
v -0.00941709 0.00249203 0.02593399
v -0.00212868 -0.00683446 0.03404528
v -0.00211273 -0.00649474 0.03791810
v -0.00313234 -0.00613262 0.03761479
v -0.00525701 -0.00585297 0.01661767
v -0.00614063 -0.00518308 0.01650005
v -0.00617739 -0.00552543 0.01420572
v -0.00693274 -0.00442844 0.01635775
v -0.00761927 -0.00360051 0.01619028
v -0.00766374 -0.00396322 0.01401805
v -0.00962848 -0.00099649 0.00495856
v -0.00970313 -0.00106297 0.00228996
v -0.00898756 -0.00344376 0.00218952
v -0.00384739 -0.00821735 -0.00351412
v -0.00361415 -0.00828824 -0.00351411
v -0.00341547 -0.00845305 -0.00194591
v -0.00934714 0.00435834 0.03889357
v -0.00934737 0.00438649 0.03899010
v -0.00934567 0.00438440 0.03824706
v -0.01006874 0.00144782 0.00234125
v -0.00907055 -0.00339751 -0.00083647
v -0.01002530 0.00393221 0.00570682
v -0.00936034 0.00437088 0.03262278
v -0.00928312 0.00295510 0.03756571
v -0.00929630 0.00311014 0.03761270
v -0.00931598 0.00338953 0.03773447
v -0.00932571 0.00356453 0.03783897
v -0.00934434 0.00438230 0.03750166
v -0.00933177 0.00369635 0.03793509
v -0.00934292 0.00405150 0.03829963
v -0.00934464 0.00414292 0.03843196
v -0.00892703 0.00065836 0.03378820
v -0.00902077 0.00125303 0.03750166
v -0.00926922 0.00252472 0.03314922
v -0.00913858 0.00185019 0.03750166
v -0.00922874 0.00245303 0.03750166
v -0.00835889 -0.00071562 0.03914889
v -0.00838437 -0.00066810 0.03894555
v -0.00828033 -0.00116266 0.03453491
v -0.00833645 -0.00074697 0.03950166
v -0.00828045 -0.00074697 0.04182569
v -0.00830529 -0.00074697 0.04078405
v -0.00821888 -0.00087613 0.04177770
v -0.00847514 -0.00047447 0.03849382
v -0.00852185 -0.00036513 0.03832626
v -0.00865527 -0.00002064 0.03795966
v -0.00870492 0.00012052 0.03785320
v -0.00884765 0.00057353 0.03762063
v -0.00889718 0.00075052 0.03756582
v -0.00727569 -0.00287283 0.03538456
v -0.00760784 -0.00196026 0.04137485
v -0.00662254 -0.00366582 0.03584638
v -0.00676756 -0.00308028 0.04095327
v -0.00410783 -0.00565292 0.03723189
v -0.00409345 -0.00536278 0.03986333
v -0.00516907 -0.00460093 0.04028940
v -0.00333233 -0.00580339 0.03957910
v -0.00201218 -0.00637041 0.03917565
v -0.00291953 -0.00600880 0.03943748
v -0.00000000 -0.00877187 -0.00351411
v -0.00115944 -0.00883187 -0.00210718
v -0.00124936 -0.00871922 -0.00351411
v -0.00230317 -0.00869324 -0.00204370
v -0.00245559 -0.00855971 -0.00351411
v -0.00723602 -0.00632664 -0.00134282
v -0.00633837 -0.00699017 -0.00351412
v -0.00640661 -0.00704807 -0.00151228
v -0.00573240 -0.00738600 -0.00351411
v -0.00795660 -0.00546785 -0.00117159
v -0.00775092 -0.00565057 -0.00351411
v -0.00709518 -0.00636374 -0.00351412
v -0.00882092 -0.00392332 -0.00351411
v -0.00930110 -0.00276607 -0.00351412
v -0.00856629 -0.00448383 -0.00100215
v -0.00825177 -0.00495042 -0.00351412
v -0.00956225 -0.00084388 0.00744028
v -0.00891966 -0.00334776 0.00498020
v -0.00848498 -0.00452928 0.00211872
v -0.00697378 -0.00478805 0.01412422
v -0.00770410 -0.00438953 0.01197704
v -0.00701064 -0.00521698 0.01202894
v -0.00774139 -0.00480778 0.00987245
v -0.00704366 -0.00564321 0.00988103
v -0.00621015 -0.00594234 0.01205845
v -0.00623874 -0.00636376 0.00986883
v -0.00528875 -0.00616813 0.01426539
v -0.00531687 -0.00656250 0.01206994
v -0.00536197 -0.00732726 0.00741452
v -0.00226262 -0.00868800 0.00446958
v -0.00113412 -0.00859354 0.00719311
v -0.00225281 -0.00844059 0.00723155
v -0.00112523 -0.00794453 0.01203391
v -0.00223499 -0.00776847 0.01204538
v -0.00111925 -0.00765534 0.01435349
v -0.00222312 -0.00745975 0.01434727
v -0.00111241 -0.00745654 0.01686171
v -0.00220957 -0.00723991 0.01683264
v -0.00629556 -0.00698561 0.00480335
v -0.00626463 -0.00672546 0.00747275
v -0.00711149 -0.00625704 0.00487821
v -0.00707469 -0.00600205 0.00751693
v -0.00782089 -0.00539832 0.00493309
v -0.00777792 -0.00515459 0.00754005
v -0.00837251 -0.00419478 0.00754118
v -0.00833027 -0.00386894 0.00984306
v -0.00881632 -0.00284521 0.00979625
v -0.00877140 -0.00247878 0.01181481
v -0.00634080 -0.00710773 0.00181718
v -0.00716323 -0.00637849 0.00193173
v -0.00787865 -0.00551496 0.00203307
v -0.00842180 -0.00442141 0.00496635
v -0.00886421 -0.00314284 0.00752306
v -0.00482511 -0.00784990 -0.00351411
v -0.00448062 -0.00810378 -0.00182038
v -0.00548290 -0.00763795 -0.00167364
v -0.00443324 -0.00818389 0.00158036
v -0.00542565 -0.00770742 0.00169726
v -0.00440216 -0.00806874 0.00462618
v -0.00538732 -0.00758777 0.00471648
v -0.00438216 -0.00781121 0.00734985
v -0.00434627 -0.00707513 0.01206830
v -0.00432325 -0.00670931 0.01430661
v -0.00429713 -0.00642669 0.01671163
v -0.00329624 -0.00714213 0.01433277
v -0.00331382 -0.00747790 0.01205848
v -0.00334063 -0.00818106 0.00728633
v -0.00335547 -0.00843375 0.00454102
v -0.00337901 -0.00854346 0.00147487
v -0.00227843 -0.00879247 0.00138914
v 0.00000000 -0.00895156 -0.00060110
v 0.00000000 -0.00898408 0.00131051
v 0.00000000 -0.00892882 0.00359935
v -0.00000000 -0.00888514 0.00440213
v -0.00000000 -0.00856037 0.00790284
v 0.00000000 -0.00777362 0.01387215
v -0.00000000 -0.00767710 0.01481489
v -0.00000000 -0.00753129 0.01687117
v -0.00672739 -0.00392599 0.02837956
v -0.00595990 -0.00472115 0.02879533
v -0.00582358 -0.00404524 0.04055520
v -0.00586763 -0.00440379 0.03632361
v -0.00591150 -0.00460901 0.03251496
v -0.00522210 -0.00566549 0.01928571
v -0.00605612 -0.00485225 0.02202993
v -0.00610010 -0.00496778 0.01910071
v -0.00683764 -0.00406041 0.02174884
v -0.00688731 -0.00419324 0.01889069
v -0.00751519 -0.00321506 0.02145221
v -0.00756979 -0.00335697 0.01865863
v -0.00819874 -0.00271081 0.01600238
v -0.00824579 -0.00306234 0.01389022
v -0.00828897 -0.00347135 0.01190406
v -0.00074948 -0.00666250 0.03895438
v -0.00106372 -0.00672356 0.03811773
v -0.00107175 -0.00708123 0.03423565
v -0.00108017 -0.00728179 0.03030062
v -0.00506219 -0.00531452 0.03296785
v -0.00510307 -0.00544843 0.02919718
v -0.00417179 -0.00608798 0.02956688
v -0.00518447 -0.00557274 0.02228808
v -0.00423771 -0.00620347 0.02251588
v -0.00426846 -0.00627094 0.01944303
v -0.00325430 -0.00676870 0.01957002
v -0.00327623 -0.00689281 0.01678295
v -0.00315594 -0.00644555 0.03375553
v -0.00214545 -0.00702450 0.03013684
v -0.00217894 -0.00712212 0.02285083
v -0.00109698 -0.00737324 0.02294319
v -0.00502449 -0.00507140 0.03679347
v -0.00413872 -0.00593280 0.03338888
v -0.00318096 -0.00661995 0.02988618
v -0.00323086 -0.00672606 0.02270592
v -0.00000000 -0.00746362 0.01949687
v 0.00000000 -0.00746104 0.02297563
v 0.00000000 -0.00745641 0.02632133
v -0.00000000 -0.00737196 0.03035926
v -0.00000000 -0.00722737 0.03339506
v 0.00000000 -0.00671165 0.03891626
v -0.00991873 0.00157961 0.00731412
v -0.00986427 0.00411972 0.01120804
v -0.00980154 0.00190714 0.01139164
v -0.00978359 0.00426487 0.01456324
v -0.00970700 0.00225799 0.01503569
v -0.00977842 0.00427171 0.01478555
v -0.00958512 0.00243924 0.01979404
v -0.00966471 0.00434639 0.01948168
v -0.00945390 -0.00033613 0.01160679
v -0.00935658 0.00021283 0.01539582
v -0.00867729 -0.00177095 0.01580201
v -0.00929964 0.00039102 0.01765926
v -0.00862238 -0.00154418 0.01815615
v -0.00907224 0.00058654 0.02649684
v -0.00923367 0.00049900 0.02026971
v -0.00841455 -0.00129142 0.02718708
v -0.00856035 -0.00140791 0.02084400
v -0.00739183 -0.00308211 0.02796737
v -0.00688391 -0.00074697 0.04127231
v -0.00699207 -0.00074697 0.04111044
v 0.00724272 0.00321840 0.03765390
v 0.00724272 0.00245303 0.03750166
v 0.00724272 0.00012811 0.03750166
v 0.00724272 0.00016431 0.03782396
v 0.00724272 0.00048766 0.03765390
v 0.00724272 0.00009557 0.03721178
v 0.00724272 0.00125303 0.03750166
v 0.00655201 -0.00215040 0.03992646
v 0.00680513 -0.00193769 0.03743981
v 0.00712172 -0.00074697 0.03950166
v 0.00616497 -0.00276276 0.03951641
v 0.00559109 -0.00342067 0.03913725
v 0.00614648 -0.00300619 0.03755964
v 0.00523905 -0.00387899 0.03765752
v 0.00591104 -0.00308210 0.03932306
v 0.00605042 -0.00291324 0.03942335
v 0.00717157 -0.00073667 0.03730511
v 0.00714646 -0.00068310 0.03900025
v 0.00715895 -0.00063534 0.03884282
v 0.00720231 -0.00040775 0.03838729
v 0.00721491 -0.00031399 0.03825890
v 0.00724103 0.00004390 0.03790855
v -0.00934768 0.00441936 0.03913625
v -0.00934799 0.00444122 0.03928470
v 0.00828045 -0.00074697 0.04182569
v 0.00823624 -0.00074697 0.04220166
v 0.00821888 -0.00087612 0.04177770
v 0.00819415 -0.00075257 0.04235120
v 0.00760784 -0.00196027 0.04137485
v 0.00677629 -0.00292772 0.04151308
v 0.00676755 -0.00308028 0.04095327
v 0.00490101 -0.00468277 0.04068913
v 0.00456975 -0.00504584 0.04005054
v 0.00587774 -0.00386467 0.04110447
v 0.00582648 -0.00404261 0.04055639
v 0.00612317 -0.00376184 0.04067953
v 0.00385365 -0.00539177 0.04025806
v 0.00272056 -0.00598881 0.03982819
v 0.00283815 -0.00604638 0.03941098
v 0.00157453 -0.00649984 0.03907858
v 0.00212080 -0.00633380 0.03920282
v 0.00214373 -0.00602713 0.04006323
v 0.00096743 -0.00636661 0.03974916
v -0.00000000 -0.00646089 0.03965460
v -0.00000000 -0.00662249 0.03929773
v 0.00131025 -0.00629129 0.03982217
v 0.00134766 -0.00655542 0.03903642
v 0.00676698 -0.00260216 0.04208834
v 0.00564924 -0.00379628 0.04152979
v 0.00532709 -0.00408171 0.04138253
v 0.00362971 -0.00529686 0.04064152
v 0.00755420 -0.00187989 0.04194036
v 0.00808605 -0.00080031 0.04255608
v 0.00734399 -0.00179556 0.04244313
v 0.00783626 -0.00093695 0.04280853
v 0.00650628 -0.00074697 0.04175038
v 0.00613989 -0.00074697 0.04220166
v 0.00833645 -0.00074697 0.03950166
v 0.00830529 -0.00074697 0.04078405
v -0.00650628 -0.00074697 0.04175038
v -0.00613990 -0.00074697 0.04220166
v -0.00580164 -0.00078011 0.04256421
v -0.00543063 -0.00086556 0.04288011
v -0.00457377 -0.00114538 0.04339953
v -0.00406758 -0.00132608 0.04360916
v -0.00274456 -0.00175425 0.04393789
v 0.00543063 -0.00086556 0.04288010
v 0.00580234 -0.00077998 0.04256355
v 0.00274456 -0.00175425 0.04393789
v 0.00406758 -0.00132608 0.04360916
v 0.00457376 -0.00114538 0.04339954
v 0.00000082 -0.00215529 0.04411214
v 0.00092179 -0.00210842 0.04409699
v 0.00138033 -0.00205074 0.04407656
v -0.00092223 -0.00210837 0.04409697
v -0.00138033 -0.00205074 0.04407656
v -0.00823624 -0.00074697 0.04220166
v 0.00922874 0.00245303 0.03750166
v 0.00913858 0.00185020 0.03750166
v 0.00902077 0.00125303 0.03750166
v 0.00889237 0.00073280 0.03757050
v 0.00837444 -0.00068720 0.03901636
v 0.00839598 -0.00064506 0.03887139
v 0.00849417 -0.00043062 0.03842215
v 0.00852531 -0.00035680 0.03831489
v 0.00866025 -0.00000682 0.03794835
v 0.00870077 0.00010844 0.03786156
v 0.00882238 0.00048756 0.03765394
v 0.00884333 0.00055864 0.03762607
v 0.00934464 0.00414292 0.03843196
v 0.00934664 0.00430079 0.03873629
v 0.00934292 0.00405151 0.03829963
v 0.00933177 0.00369635 0.03793509
v 0.00934714 0.00435835 0.03889357
v 0.00934737 0.00438650 0.03899010
v 0.00934790 0.00443630 0.03924356
v 0.00934850 0.00445303 0.03950166
v 0.00932571 0.00356453 0.03783897
v 0.00929630 0.00311014 0.03761269
v 0.00928312 0.00295510 0.03756570
v 0.00935023 0.00445303 0.04016759
v 0.00935180 0.00445303 0.04082986
v 0.00882377 0.00445303 0.04082986
v 0.00755243 0.01079646 0.02085928
v 0.00894880 0.00834568 0.01994718
v 0.00902909 0.00844399 0.01474755
v 0.00863661 0.00934723 0.01491331
v 0.00765303 0.01148808 0.00569660
v 0.00832621 0.01085794 -0.00096815
v 0.00830702 0.01070192 0.00105375
v 0.00926999 0.00878812 0.00106148
v 0.00964122 0.00650044 0.01066110
v 0.00975857 0.00649746 0.00604036
v 0.00916979 0.00874714 0.00588290
v 0.00921680 0.00636714 0.04128988
v 0.00924429 0.00617116 0.04149443
v 0.00925360 0.00609785 0.04150105
v 0.00929580 0.00570577 0.04148873
v 0.00930501 0.00560053 0.04147203
v 0.00931651 0.00545239 0.04143878
v 0.00934232 0.00497447 0.04124670
v 0.00934683 0.00483054 0.04115885
v 0.00934566 0.00438441 0.03824706
v 0.00919464 0.00639988 0.03390777
v 0.00787249 0.01009647 0.03839524
v 0.00857952 0.00873690 0.03926956
v 0.00839938 0.00914193 0.03357041
v 0.00901271 0.00740892 0.04031024
v 0.00874521 0.00827459 0.03360912
v 0.00930271 0.00896263 -0.00112087
v 0.00989284 0.00652547 0.00103451
v 0.01002529 0.00393222 0.00570682
v 0.00986426 0.00411972 0.01120804
v 0.00978359 0.00426487 0.01456324
v 0.00977842 0.00427172 0.01478555
v 0.00956522 0.00645920 0.01459646
v 0.00908244 0.00864231 0.01061522
v 0.00867834 0.00960530 0.01063004
v 0.00824315 0.01066350 0.00574942
v 0.00818959 0.01049043 0.01067206
v 0.00761507 0.01129329 0.01074276
v 0.00771393 0.01166994 -0.00091816
v 0.00770030 0.01152251 0.00104273
v 0.00745283 0.01068856 0.03806444
v 0.00748490 0.01075034 0.02705690
v 0.00801926 0.00999722 0.02673809
v 0.00846472 0.00918256 0.02650888
v 0.00882459 0.00831152 0.02636501
v 0.00856964 0.00922338 0.02017260
v 0.00810495 0.01004204 0.02047650
v 0.00934433 0.00438230 0.03750166
v 0.00936033 0.00437088 0.03262278
v 0.00930084 0.00642078 0.02631631
v 0.00949571 0.00436548 0.02574543
v 0.00950130 0.00436530 0.02553586
v 0.00966470 0.00434640 0.01948167
v 0.00815893 0.01018464 0.01514020
v 0.00759436 0.01095144 0.01542898
v 0.00912634 0.00657064 0.04140770
v 0.00895542 0.00751246 0.04044003
v 0.00884599 0.00758871 0.04055407
v 0.00901997 0.00677810 0.04132689
v 0.00869686 0.00762772 0.04063799
v 0.00891293 0.00694542 0.04124145
v 0.00759054 0.01014093 0.03875841
v 0.00827308 0.00887300 0.03961712
v 0.00841233 0.00886095 0.03952539
v 0.00851816 0.00881365 0.03940495
v 0.00771458 0.01015962 0.03866015
v 0.00781169 0.01014410 0.03853475
v -0.00832627 0.01085917 -0.00097687
v -0.00830724 0.01070236 0.00103631
v -0.00770047 0.01152289 0.00102574
v -0.00989334 0.00652612 0.00101423
v -0.00918037 0.00659480 0.04106090
v -0.00934096 0.00495146 0.04041329
v -0.00932249 0.00533737 0.04074049
v -0.00932600 0.00525025 0.04016810
v -0.00931334 0.00547292 0.04082162
v -0.00934849 0.00453301 0.03970087
v -0.00934827 0.00458977 0.03984994
v -0.00934627 0.00474845 0.04014932
v -0.00934406 0.00484759 0.04028974
v -0.00927061 0.00594128 0.04100588
v -0.00925959 0.00603785 0.04102751
v -0.00925238 0.00609754 0.04103827
v -0.00930281 0.00896396 -0.00113031
v -0.00771397 0.01167113 -0.00092660
v -0.00796754 0.00995693 0.03339662
v -0.00779454 0.01021664 0.03832657
v -0.00748677 0.01075141 0.02688179
v -0.00919533 0.00640078 0.03365890
v -0.00892073 0.00775211 0.04001983
v -0.00874550 0.00827609 0.03337231
v -0.00765348 0.01148870 0.00565052
v -0.00761539 0.01129769 0.01067978
v -0.00759484 0.01095645 0.01534055
v -0.00927035 0.00878867 0.00104282
v -0.00874951 0.00974917 0.00576657
v -0.00917074 0.00874746 0.00583740
v -0.00867898 0.00960857 0.01057223
v -0.00908326 0.00864479 0.01055935
v -0.00863746 0.00935107 0.01483091
v -0.00903014 0.00844699 0.01466740
v -0.00895112 0.00834679 0.01981558
v -0.00975983 0.00649730 0.00599480
v -0.00964238 0.00650081 0.01060784
v -0.00956667 0.00645991 0.01451921
v -0.00930533 0.00642117 0.02612247
v -0.00847655 0.00897744 0.03910203
v -0.00839952 0.00914349 0.03333998
v -0.00802165 0.00999826 0.02655953
v -0.00755370 0.01079801 0.02072752
v -0.00824376 0.01066406 0.00570362
v -0.00819007 0.01049434 0.01061187
v -0.00815959 0.01018916 0.01505504
v -0.00810655 0.01004354 0.02034502
v -0.00857160 0.00922473 0.02004117
v -0.00846766 0.00918351 0.02632655
v -0.00882809 0.00831232 0.02617875
v -0.00849027 0.00775804 0.04056266
v -0.00723153 0.00775804 0.04056267
v -0.00843930 0.00794295 0.04039999
v -0.00689917 0.00871124 0.03977494
v -0.00801929 0.00906956 0.03950756
v -0.00770325 0.00968408 0.03908188
v -0.00660654 0.00932040 0.03932789
v -0.00640449 0.00967331 0.03908707
v -0.00737952 0.01019939 0.03875333
v -0.00583857 0.01047837 0.03858416
v -0.00542330 0.01095153 0.03831718
v -0.00539031 0.01147075 0.03804742
v -0.00886205 0.00784893 0.04015131
v -0.00908668 0.00690748 0.04100417
v -0.00893160 0.00720584 0.04090642
v -0.00751565 0.01025251 0.03869100
v -0.00817315 0.00909782 0.03945259
v -0.00882052 0.00737066 0.04082933
v -0.00860625 0.00795029 0.04035332
v -0.00875319 0.00791793 0.04026721
v -0.00831014 0.00909099 0.03935963
v -0.00763803 0.01027413 0.03859221
v -0.00773405 0.01026157 0.03846642
v -0.00841486 0.00904915 0.03923823
v -0.00728281 0.00756105 0.04071680
v 0.00376406 -0.00274697 0.04420166
v -0.00376406 -0.00274697 0.04420166
v -0.00279993 -0.00312200 0.04420166
v 0.00000000 -0.00356509 0.04420166
v 0.00141739 -0.00345363 0.04420166
v 0.00279993 -0.00312200 0.04420166
v -0.00141739 -0.00345363 0.04420166
v 0.00705081 -0.00086950 0.04290362
v 0.00594445 -0.00131965 0.04360423
v 0.00477432 -0.00207840 0.04408611
v -0.00432553 -0.00238858 0.04417021
v -0.00819415 -0.00075257 0.04235120
v -0.00752540 -0.00079469 0.04263256
v -0.00712945 -0.00085706 0.04285491
v -0.00630787 -0.00113175 0.04338312
v -0.00594857 -0.00131874 0.04360176
v -0.00593486 -0.00132656 0.04360960
v -0.00508933 -0.00187010 0.04400072
v -0.00487622 -0.00201597 0.04406538
v 0.00541506 -0.00164441 0.04387395
v 0.00487444 -0.00200941 0.04406072
v 0.00703024 -0.00087424 0.04291626
v 0.00648258 -0.00105303 0.04326729
v -0.00265658 -0.00580965 0.04024845
v -0.00590592 -0.00383842 0.04111648
v -0.00676756 -0.00260232 0.04208767
v -0.00680675 -0.00289184 0.04152769
v -0.00734483 -0.00179562 0.04244202
v -0.00758378 -0.00183394 0.04195853
v -0.00447687 -0.00474361 0.04100781
v -0.00564813 -0.00379639 0.04153061
v -0.00612823 -0.00332822 0.04175807
v -0.00492533 -0.00466452 0.04069898
v -0.00387320 -0.00538001 0.04026569
v -0.00362885 -0.00529663 0.04064235
v -0.00252225 -0.00587025 0.04019810
v -0.00131742 -0.00628894 0.03982484
v -0.00119562 -0.00631818 0.03979677
v -0.00807831 -0.00080464 0.04256660
v -0.00783627 -0.00093695 0.04280853
v 0.00659050 -0.00170006 0.04346518
v 0.00772828 -0.00099383 0.04289065
v 0.00763977 -0.00104391 0.04295240
v 0.00736182 -0.00121061 0.04312316
v 0.00732259 -0.00123485 0.04314473
v 0.00694698 -0.00147171 0.04332616
v -0.00656609 -0.00171552 0.04347615
v -0.00672900 -0.00161120 0.04341679
v -0.00693868 -0.00147696 0.04333074
v -0.00723287 -0.00129086 0.04319062
v -0.00728264 -0.00125987 0.04316443
v -0.00734612 -0.00122061 0.04312985
v -0.00763194 -0.00104930 0.04295552
v -0.00772800 -0.00099492 0.04288906
v -0.00510658 -0.00252935 0.04389551
v -0.00599829 -0.00138261 0.04365360
v -0.00763603 -0.00081545 0.04268515
v -0.00767200 -0.00086635 0.04277206
v -0.00770474 -0.00093571 0.04284653
v -0.00546223 -0.00172020 0.04390952
v -0.00550963 -0.00180159 0.04393080
v -0.00495984 -0.00216773 0.04409186
v -0.00439659 -0.00253160 0.04417029
v -0.00383856 -0.00291024 0.04416835
v -0.00508937 -0.00247007 0.04396150
v -0.00619150 -0.00182801 0.04366121
v -0.00620519 -0.00191355 0.04360876
v -0.00669855 -0.00146035 0.04345341
v -0.00722425 -0.00125396 0.04318840
v -0.00716145 -0.00106180 0.04312685
v -0.00719660 -0.00115344 0.04316740
v -0.00672042 -0.00156074 0.04343468
v -0.00506520 -0.00240192 0.04401568
v -0.00616783 -0.00173619 0.04369683
v -0.00559232 -0.00197471 0.04392041
v -0.00555356 -0.00188745 0.04393457
v -0.00503488 -0.00232715 0.04405632
v -0.00446190 -0.00267262 0.04411830
v -0.00712036 -0.00098308 0.04306858
v -0.00707527 -0.00092046 0.04299554
v -0.00666732 -0.00136068 0.04345253
v -0.00662806 -0.00126626 0.04343194
v -0.00658246 -0.00118111 0.04339253
v -0.00653259 -0.00110865 0.04333633
v -0.00604863 -0.00146154 0.04369202
v -0.00609493 -0.00154909 0.04371263
v -0.00613520 -0.00164188 0.04371426
v -0.00391181 -0.00307080 0.04405281
v -0.00387710 -0.00299472 0.04412100
v 0.00379270 -0.00280973 0.04419688
v 0.00770485 -0.00093338 0.04284736
v 0.00719674 -0.00114878 0.04316832
v 0.00722445 -0.00124956 0.04318925
v 0.00707509 -0.00091572 0.04299653
v 0.00767205 -0.00086400 0.04277292
v 0.00763602 -0.00081312 0.04268602
v 0.00653200 -0.00110680 0.04333424
v 0.00599823 -0.00138119 0.04365375
v 0.00658192 -0.00117913 0.04339048
v 0.00604863 -0.00146009 0.04369218
v 0.00662756 -0.00126423 0.04342998
v 0.00609497 -0.00154764 0.04371279
v 0.00666685 -0.00135867 0.04345070
v 0.00613527 -0.00164047 0.04371443
v 0.00616791 -0.00173485 0.04369698
v 0.00712030 -0.00097824 0.04306956
v 0.00716151 -0.00105700 0.04312781
v 0.00546188 -0.00171443 0.04390995
v 0.00491601 -0.00208111 0.04408119
v 0.00550945 -0.00179568 0.04393126
v 0.00495846 -0.00216031 0.04408733
v 0.00555353 -0.00188156 0.04393505
v 0.00499817 -0.00224073 0.04407767
v 0.00559240 -0.00196900 0.04392088
v 0.00503380 -0.00231979 0.04405228
v 0.00508839 -0.00246369 0.04395810
v 0.00564904 -0.00213561 0.04384148
v 0.00382227 -0.00287454 0.04418160
v 0.00383855 -0.00291024 0.04416835
v 0.00387709 -0.00299471 0.04412100
v 0.00391181 -0.00307080 0.04405281
v 0.00619157 -0.00182679 0.04366134
v 0.00620525 -0.00191246 0.04360887
v -0.00147302 -0.00380520 0.04405281
v -0.00000000 -0.00392103 0.04405281
v 0.00147302 -0.00380519 0.04405281
v 0.00290983 -0.00346055 0.04405281
v -0.00290983 -0.00346055 0.04405281
v -0.00285534 -0.00329269 0.04416834
v 0.00285534 -0.00329269 0.04416835
v -0.00144543 -0.00363088 0.04416835
v 0.00000000 -0.00374454 0.04416835
v 0.00144543 -0.00363088 0.04416835
v 0.00582269 -0.00581746 0.00017669
v 0.00576499 -0.00589399 -0.00351411
v 0.00569982 -0.00589243 0.00015405
v 0.00525142 -0.00617270 -0.00351411
v 0.00417744 -0.00666459 -0.00000162
v -0.00569982 -0.00589243 0.00015404
v -0.00417744 -0.00666459 -0.00000161
v -0.00466555 -0.00645150 -0.00351412
v -0.00212269 -0.00724062 -0.00351411
v -0.00234128 -0.00719743 -0.00351412
v -0.00254947 -0.00719047 -0.00010762
v -0.00269612 -0.00711791 -0.00351411
v -0.00352313 -0.00688598 -0.00351411
v -0.00090296 -0.00740251 -0.00351412
v -0.00085704 -0.00745677 -0.00016131
v 0.00031696 -0.00743361 -0.00351411
v 0.00085704 -0.00745677 -0.00016131
v 0.00090567 -0.00740229 -0.00351412
v 0.00413366 -0.00667099 -0.00351411
v 0.00296939 -0.00704859 -0.00351411
v 0.00254947 -0.00719047 -0.00010762
v 0.00176091 -0.00730251 -0.00351411
v 0.00153385 -0.00733534 -0.00351412
v 0.00621522 -0.00549816 0.00015917
v 0.00676755 -0.00412049 0.00008344
v 0.00676755 -0.00416067 -0.00348069
v 0.00669874 -0.00467879 -0.00349666
v 0.00670312 -0.00462188 0.00011101
v 0.00649872 -0.00516155 -0.00351155
v 0.00651540 -0.00509123 0.00013682
v 0.00644796 -0.00524471 -0.00351411
v 0.00616985 -0.00558572 -0.00351412
v 0.00676700 -0.00419392 -0.00351411
v 0.00668102 -0.00474164 -0.00351411
v 0.00676742 -0.00416048 -0.00351411
v 0.00676756 -0.00412705 -0.00351412
v 0.00676755 -0.00027443 0.00014208
v 0.00676755 -0.00176358 -0.00351412
v 0.00676755 -0.00178946 -0.00275328
v 0.00676755 -0.00156555 -0.00165752
v 0.00676755 -0.00104703 -0.00066657
v 0.00709449 0.00001611 -0.00022621
v 0.00726756 -0.00129040 -0.00278391
v 0.00709449 -0.00132125 -0.00278202
v 0.00709450 -0.00112360 -0.00181476
v 0.00726755 -0.00125876 -0.00351412
v 0.00716252 -0.00127004 -0.00351411
v 0.00726755 -0.00064077 -0.00095804
v 0.00726755 -0.00090888 -0.00139646
v 0.00726755 -0.00109448 -0.00182512
v 0.00709450 -0.00066588 -0.00094003
v 0.00726755 0.00003525 -0.00025047
v 0.00691400 -0.00005545 -0.00013549
v 0.00679846 -0.00016724 0.00000621
v 0.00679846 -0.00090642 -0.00076746
v 0.00679846 -0.00140251 -0.00171553
v 0.00679846 -0.00161673 -0.00276388
v 0.00679617 -0.00159538 -0.00351411
v 0.00691400 -0.00143657 -0.00277494
v 0.00691396 -0.00140680 -0.00351411
v 0.00687890 -0.00144615 -0.00351412
v 0.00709445 -0.00129002 -0.00351411
v 0.00700621 -0.00133330 -0.00351412
v 0.00691400 -0.00075976 -0.00087268
v 0.00691400 -0.00123245 -0.00177603
v 0.00920376 -0.00090802 -0.00139656
v 0.00917066 -0.00103141 -0.00166101
v 0.00910412 -0.00126863 -0.00256962
v 0.00909974 -0.00125876 -0.00351412
v 0.00928723 -0.00055292 -0.00084368
v 0.00937733 -0.00011585 -0.00037979
v 0.00942074 0.00012027 -0.00018794
v 0.00954410 0.00094425 0.00026649
v 0.00963331 0.00186271 0.00048322
v 0.00968124 0.00352390 0.00024261
v 0.00967749 0.00280796 0.00044668
v 0.00965735 0.00226001 0.00049864
v 0.00959455 -0.00167673 -0.00253627
v 0.00965921 -0.00141012 -0.00154396
v 0.00958555 -0.00189975 -0.00250864
v 0.00965739 -0.00161373 -0.00145913
v 0.00971600 -0.00134523 -0.00093800
v 0.00976728 -0.00088385 -0.00065828
v 0.00977567 -0.00105312 -0.00052722
v 0.00989449 -0.00013673 0.00006083
v 0.00991351 -0.00026122 0.00022498
v 0.01001291 0.00077942 0.00056145
v 0.01004048 0.00070552 0.00074600
v 0.01009947 0.00180192 0.00080150
v 0.01013202 0.00178106 0.00099447
v 0.01014341 0.00285438 0.00076292
v 0.01017722 0.00288709 0.00095297
v 0.00962169 0.00007472 -0.00016814
v 0.00973965 0.00091093 0.00029706
v 0.00982585 0.00184673 0.00052060
v 0.00986943 0.00281092 0.00048496
v 0.00932337 -0.00132064 -0.00257065
v 0.00931982 -0.00131060 -0.00351411
v 0.00926337 -0.00128679 -0.00351411
v 0.00949503 -0.00060464 -0.00083497
v 0.00938754 -0.00108107 -0.00165437
v 0.00950161 -0.00146707 -0.00255874
v 0.00949787 -0.00145970 -0.00351411
v 0.00940855 -0.00136726 -0.00351412
v 0.00957808 -0.00190190 -0.00351412
v 0.00958390 -0.00164668 -0.00351411
v 0.00951928 -0.00149084 -0.00351412
v 0.01003540 0.00282723 0.00059632
v 0.00999202 0.00182520 0.00063273
v 0.00990718 0.00085255 0.00040118
v 0.00979169 -0.00001659 -0.00008007
v 0.00966814 -0.00072267 -0.00076911
v 0.00956367 -0.00121787 -0.00161458
v 0.00856629 -0.00448383 -0.00100216
v 0.00907055 -0.00339751 -0.00083648
v 0.00898756 -0.00344376 0.00218952
v 0.00922718 -0.00296794 -0.00351411
v 0.00926922 0.00252472 0.03314922
v 0.00106372 -0.00672356 0.03811774
v 0.00211273 -0.00649474 0.03791810
v 0.00313234 -0.00613262 0.03761479
v 0.00410783 -0.00565292 0.03723190
v 0.00502449 -0.00507140 0.03679348
v 0.00586763 -0.00440379 0.03632361
v 0.00662253 -0.00366582 0.03584638
v 0.00727569 -0.00287282 0.03538457
v 0.00828033 -0.00116266 0.03453491
v 0.00830528 -0.00074697 0.04078405
v 0.00892703 0.00065836 0.03378820
v 0.00970313 -0.00106297 0.00228996
v 0.01006874 0.00144782 0.00234126
v 0.00779575 -0.00559409 -0.00351412
v 0.00829976 -0.00487449 -0.00351412
v 0.00880295 -0.00396057 -0.00351411
v 0.00448062 -0.00810378 -0.00182038
v 0.00341547 -0.00845305 -0.00194592
v 0.00389041 -0.00820362 -0.00351411
v 0.00352374 -0.00831416 -0.00351411
v 0.00230317 -0.00869324 -0.00204370
v 0.00228838 -0.00858881 -0.00351411
v 0.00115944 -0.00883187 -0.00210718
v 0.00097893 -0.00873981 -0.00351411
v 0.00111925 -0.00765534 0.01435348
v 0.00112522 -0.00794453 0.01203390
v 0.00223499 -0.00776847 0.01204537
v 0.00113412 -0.00859354 0.00719311
v 0.00225280 -0.00844058 0.00723155
v 0.00227843 -0.00879247 0.00138914
v 0.00226262 -0.00868800 0.00446958
v 0.00335547 -0.00843375 0.00454102
v 0.00111241 -0.00745654 0.01686171
v 0.00222312 -0.00745975 0.01434727
v 0.00331383 -0.00747790 0.01205848
v 0.00334063 -0.00818106 0.00728633
v 0.00440217 -0.00806874 0.00462618
v 0.00707469 -0.00600205 0.00751693
v 0.00623874 -0.00636376 0.00986883
v 0.00626463 -0.00672546 0.00747275
v 0.00531687 -0.00656250 0.01206993
v 0.00536197 -0.00732726 0.00741452
v 0.00629556 -0.00698560 0.00480335
v 0.00711149 -0.00625703 0.00487821
v 0.00782089 -0.00539831 0.00493309
v 0.00881632 -0.00284521 0.00979626
v 0.00833027 -0.00386894 0.00984306
v 0.00837251 -0.00419478 0.00754118
v 0.00970699 0.00225800 0.01503569
v 0.00945390 -0.00033612 0.01160679
v 0.00980154 0.00190714 0.01139164
v 0.00956225 -0.00084388 0.00744029
v 0.00991872 0.00157961 0.00731412
v 0.00962848 -0.00099649 0.00495856
v 0.00891966 -0.00334776 0.00498019
v 0.00848498 -0.00452928 0.00211872
v 0.00795660 -0.00546785 -0.00117159
v 0.00723602 -0.00632664 -0.00134283
v 0.00714276 -0.00631820 -0.00351411
v 0.00640661 -0.00704807 -0.00151228
v 0.00639813 -0.00694659 -0.00351411
v 0.00548290 -0.00763795 -0.00167365
v 0.00587266 -0.00730131 -0.00351411
v 0.00492757 -0.00780406 -0.00351411
v 0.00337901 -0.00854346 0.00147487
v 0.00443324 -0.00818389 0.00158037
v 0.00542565 -0.00770742 0.00169726
v 0.00634080 -0.00710773 0.00181717
v 0.00716323 -0.00637849 0.00193173
v 0.00787865 -0.00551496 0.00203307
v 0.00842179 -0.00442141 0.00496636
v 0.00886421 -0.00314283 0.00752306
v 0.00841454 -0.00129142 0.02718708
v 0.00739183 -0.00308210 0.02796737
v 0.00856035 -0.00140791 0.02084399
v 0.00751519 -0.00321506 0.02145221
v 0.00862238 -0.00154417 0.01815615
v 0.00756979 -0.00335696 0.01865863
v 0.00761927 -0.00360051 0.01619027
v 0.00819874 -0.00271081 0.01600238
v 0.00867729 -0.00177095 0.01580201
v 0.00941709 0.00249203 0.02593400
v 0.00907223 0.00058654 0.02649684
v 0.00958512 0.00243924 0.01979404
v 0.00923366 0.00049900 0.02026971
v 0.00929964 0.00039103 0.01765926
v 0.00935658 0.00021283 0.01539583
v 0.00212867 -0.00683446 0.03404529
v 0.00315594 -0.00644555 0.03375553
v 0.00214546 -0.00702450 0.03013684
v 0.00318096 -0.00661995 0.02988618
v 0.00107175 -0.00708123 0.03423565
v 0.00108017 -0.00728179 0.03030061
v 0.00413872 -0.00593280 0.03338888
v 0.00506218 -0.00531452 0.03296785
v 0.00591150 -0.00460901 0.03251496
v 0.00672739 -0.00392599 0.02837956
v 0.00109698 -0.00737324 0.02294320
v 0.00217894 -0.00712212 0.02285082
v 0.00323086 -0.00672606 0.02270592
v 0.00219475 -0.00714334 0.01966402
v 0.00325430 -0.00676870 0.01957002
v 0.00220957 -0.00723990 0.01683264
v 0.00327623 -0.00689281 0.01678295
v 0.00329624 -0.00714213 0.01433278
v 0.00432324 -0.00670931 0.01430661
v 0.00434627 -0.00707513 0.01206831
v 0.00438216 -0.00781121 0.00734985
v 0.00538732 -0.00758777 0.00471648
v 0.00777792 -0.00515459 0.00754005
v 0.00774138 -0.00480778 0.00987244
v 0.00704366 -0.00564321 0.00988103
v 0.00701064 -0.00521698 0.01202895
v 0.00621014 -0.00594234 0.01205845
v 0.00617739 -0.00552543 0.01420572
v 0.00528875 -0.00616813 0.01426539
v 0.00525701 -0.00585297 0.01661767
v 0.00429713 -0.00642669 0.01671163
v 0.00522210 -0.00566549 0.01928570
v 0.00426846 -0.00627094 0.01944303
v 0.00518447 -0.00557274 0.02228808
v 0.00423771 -0.00620347 0.02251588
v 0.00510307 -0.00544843 0.02919718
v 0.00417179 -0.00608798 0.02956688
v 0.00877140 -0.00247878 0.01181480
v 0.00828897 -0.00347134 0.01190406
v 0.00770410 -0.00438953 0.01197704
v 0.00697378 -0.00478805 0.01412422
v 0.00614063 -0.00518308 0.01650005
v 0.00610009 -0.00496778 0.01910071
v 0.00605612 -0.00485225 0.02202994
v 0.00595990 -0.00472115 0.02879533
v 0.00872608 -0.00209933 0.01374724
v 0.00824579 -0.00306234 0.01389022
v 0.00766374 -0.00396322 0.01401806
v 0.00693274 -0.00442844 0.01635776
v 0.00688731 -0.00419323 0.01889068
v 0.00683764 -0.00406041 0.02174884
v -0.00660277 0.00932545 0.04191703
v -0.00643294 0.00962394 0.04212008
v -0.00274897 0.00962295 0.04212008
v -0.00274968 0.00696737 0.04031383
v -0.00730373 0.00406542 0.03967502
v -0.00275046 0.00406420 0.03967502
v -0.00743919 0.00481687 0.03962246
v -0.00275005 0.00557733 0.03971472
v -0.00589214 0.00112990 0.03935799
v -0.00631159 0.00171868 0.03955493
v -0.00631159 0.00172317 0.03361900
v -0.00695339 0.00295918 0.03974501
v -0.00719811 0.00366348 0.03972645
v -0.00719766 0.00366656 0.03362047
v -0.00663979 0.00228240 0.03967738
v -0.00311720 -0.00104948 0.03696723
v -0.00356407 -0.00082701 0.03696740
v -0.00491365 0.00010834 0.03361778
v -0.00356408 -0.00082782 0.03803060
v -0.00426225 -0.00040024 0.03843606
v -0.00491365 0.00010441 0.03881792
v -0.00542545 0.00059214 0.03910935
v 0.00311716 -0.00104697 0.03361691
v 0.00106791 -0.00165155 0.03696678
v 0.00106790 -0.00164902 0.03361645
v -0.00106796 -0.00165154 0.03696678
v -0.00106795 -0.00164901 0.03361645
v -0.00311720 -0.00104695 0.03361691
v 0.00426119 -0.00040097 0.03843737
v 0.00356053 -0.00082973 0.03803060
v 0.00356053 -0.00082893 0.03696740
v 0.00491361 0.00010438 0.03881966
v 0.00491361 0.00010831 0.03361778
v 0.00311716 -0.00104950 0.03696723
v 0.00542266 0.00058922 0.03910934
v 0.00631156 0.00172313 0.03361900
v 0.00588972 0.00112682 0.03935802
v 0.00719765 0.00366189 0.03972624
v 0.00695288 0.00295790 0.03974510
v 0.00719765 0.00366651 0.03362047
v 0.00663791 0.00227883 0.03967739
v 0.00631156 0.00171863 0.03955585
v 0.00749745 0.00557457 0.03971472
v 0.00743931 0.00481782 0.03962259
v 0.00730281 0.00406150 0.03967502
v 0.00727331 0.00396725 0.00363781
v 0.00742366 0.00473026 0.00314794
v 0.00742366 0.00471477 0.02362126
v 0.00445697 0.01183553 -0.00462156
v 0.00405481 0.01211299 -0.00474036
v 0.00312311 0.01262258 -0.00496969
v 0.00211299 0.01300010 -0.00514856
v -0.00682224 0.00266652 0.02361971
v -0.00682286 0.00268275 0.00394922
v -0.00675842 0.00254528 0.00395193
v -0.00566812 0.00088555 0.00395067
v -0.00566812 0.00087068 0.02361835
v -0.00631079 0.00172948 0.02361900
v -0.00742366 0.00473026 0.00314794
v -0.00727331 0.00396725 0.00363781
v -0.00742366 0.00471477 0.02362126
v -0.00708249 0.00332961 0.00385982
v -0.00719712 0.00367229 0.02362047
v -0.00746959 0.00512324 0.00275218
v -0.00742366 0.00686685 0.00067741
v -0.00566812 0.01071438 -0.00386346
v -0.00613729 0.01011328 -0.00318559
v -0.00682224 0.00891695 -0.00176205
v -0.00719620 0.00791343 -0.00056793
v -0.00405481 0.01211299 -0.00474036
v -0.00445697 0.01183553 -0.00462156
v -0.00500567 0.01138841 -0.00438429
v -0.00548126 0.01092222 -0.00404497
v -0.00312310 0.01262258 -0.00496969
v -0.00211299 0.01300010 -0.00514856
v -0.00151182 0.01315000 -0.00522163
v -0.00076038 0.01326535 -0.00527865
v 0.00000000 0.01330401 -0.00529790
v 0.00076043 0.01326535 -0.00527864
v 0.00150589 0.01315122 -0.00522223
v 0.00468825 0.01164737 0.00887940
v 0.00566812 0.01071438 -0.00386345
v 0.00548120 0.01092229 -0.00404502
v 0.00500565 0.01138843 -0.00438429
v 0.00613730 0.01011328 -0.00318560
v 0.00682224 0.00891695 -0.00176204
v 0.00719620 0.00791343 -0.00056793
v 0.00742366 0.00686685 0.00067741
v 0.00746959 0.00512324 0.00275218
v 0.00708159 0.00332704 0.00386044
v 0.00719711 0.00367224 0.02362047
v 0.00682224 0.00268140 0.00394928
v 0.00682224 0.00266652 0.02361971
v 0.00675842 0.00254528 0.00395192
v 0.00631076 0.00172944 0.02361900
v 0.00566812 0.00088556 0.00395067
v 0.00566812 0.00087068 0.02361835
v 0.00491281 0.00011518 0.02361778
v 0.00405480 -0.00051239 0.00394961
v 0.00405481 -0.00052727 0.02361730
v 0.00311658 -0.00103967 0.02361691
v 0.00211299 -0.00139919 0.00394894
v 0.00211299 -0.00141407 0.02361662
v 0.00106770 -0.00164148 0.02361645
v -0.00000000 -0.00170299 0.00394871
v -0.00000000 -0.00171787 0.02361639
v -0.00211299 -0.00139919 0.00394894
v -0.00106774 -0.00164147 0.02361645
v -0.00211299 -0.00141407 0.02361662
v -0.00405481 -0.00051239 0.00394961
v -0.00311663 -0.00103965 0.02361691
v -0.00405481 -0.00052727 0.02361729
v -0.00491284 0.00011521 0.02361778
v -0.00602503 0.01024857 0.02362544
v -0.00463586 0.01167779 0.02362652
v -0.00291929 0.01269066 0.02362729
v -0.00099655 0.01321562 0.02362769
v 0.00099656 0.01321562 0.02362769
v 0.00291929 0.01269066 0.02362730
v 0.00463585 0.01167779 0.02362653
v 0.00602503 0.01024857 0.02362544
v 0.00175000 0.00080000 0.00000060
v 0.00151555 0.00439934 0.00087833
v 0.00151554 0.00079934 0.00087561
v 0.00087500 0.00439885 0.00151888
v 0.00087500 0.00079885 0.00151615
v 0.00000000 0.00439867 0.00175333
v -0.00000000 0.00079868 0.00175061
v -0.00087500 0.00439885 0.00151887
v -0.00087500 0.00079885 0.00151615
v -0.00151554 0.00439934 0.00087833
v -0.00151555 0.00079934 0.00087561
v -0.00175000 0.00440000 0.00000333
v -0.00175000 0.00080000 0.00000060
v -0.00151554 0.00440066 -0.00087167
v -0.00151555 0.00080066 -0.00087439
v -0.00087500 0.00440115 -0.00151221
v -0.00087500 0.00080115 -0.00151494
v -0.00000000 0.00440132 -0.00174667
v 0.00000000 0.00080132 -0.00174939
v 0.00087500 0.00440114 -0.00151221
v 0.00087500 0.00080115 -0.00151494
v 0.00151554 0.00440066 -0.00087167
v 0.00151554 0.00080066 -0.00087439
v 0.00175000 0.00440000 0.00000333
v -0.00384785 0.00440202 -0.00266977
v -0.00445697 0.00645350 -0.00462563
v -0.00150589 0.00645396 -0.00522730
v -0.00130009 0.00440241 -0.00318921
v 0.00150589 0.00645396 -0.00522730
v 0.00130009 0.00440241 -0.00318921
v 0.00445697 0.00645350 -0.00462563
v 0.00384785 0.00440202 -0.00266977
v -0.00602503 0.01024100 0.03362545
v -0.00542033 0.01095819 0.03362599
v -0.00463585 0.01167023 0.03362653
v -0.00384824 0.01221203 0.03362693
v -0.00291929 0.01268309 0.03362729
v -0.00199952 0.01300311 0.03362754
v -0.00099656 0.01320806 0.03362769
v -0.00000707 0.01327456 0.03362774
v 0.00099655 0.01320806 0.03362769
v 0.00198590 0.01300686 0.03362753
v 0.00291929 0.01268309 0.03362729
v 0.00383611 0.01221927 0.03362694
v 0.00463585 0.01167023 0.03362652
v 0.00541055 0.01096839 0.03362599
v 0.00602502 0.01024100 0.03362544
v -0.00274813 0.01274777 0.04046787
v -0.00274812 0.01274709 0.04135855
v -0.00199952 0.01299726 0.04135873
v 0.00275187 0.01274629 0.04046788
v 0.00278721 0.01273207 0.04070437
v 0.00288107 0.01269360 0.04092229
v 0.00383611 0.01221307 0.04182567
v 0.00409600 0.01205098 0.04198190
v 0.00459289 0.01169725 0.04222555
v 0.00507679 0.01128845 0.04239130
v 0.00541056 0.01096172 0.04245465
v 0.00587937 0.01042439 0.04244043
v 0.00617857 0.01001947 0.04232998
v 0.00643501 0.00962049 0.04212008
v 0.00659606 0.00933787 0.04192789
v 0.00316286 0.01256923 0.04128885
v -0.00287739 0.01269513 0.04092235
v -0.00278392 0.01273338 0.04070589
v -0.00384824 0.01220582 0.04183564
v -0.00315921 0.01257093 0.04128886
v -0.00150974 0.01311519 0.04135883
v -0.00000706 0.01326871 0.04135894
v 0.00150974 0.01311519 0.04135883
v 0.00198590 0.01300101 0.04135874
v 0.00275187 0.01274562 0.04135854
v -0.00459061 0.01169902 0.04222593
v -0.00507383 0.01129118 0.04239130
v -0.00542033 0.01095151 0.04245603
v -0.00617765 0.01002082 0.04232921
v -0.00587687 0.01042755 0.04244043
v -0.00274988 0.00621774 0.04362240
v 0.00275012 0.00621626 0.04362240
v -0.00274993 0.00601621 0.04437225
v 0.00275007 0.00601473 0.04437225
v -0.00275008 0.00546675 0.04492088
v 0.00274992 0.00546528 0.04492087
v -0.00275028 0.00471660 0.04512126
v 0.00274972 0.00471513 0.04512127
v -0.00275048 0.00396676 0.04491974
v 0.00274952 0.00396528 0.04491974
v -0.00275063 0.00341813 0.04437029
v 0.00274937 0.00341666 0.04437028
v -0.00275069 0.00321774 0.04362013
v 0.00274931 0.00321626 0.04362014
v -0.00275063 0.00341927 0.04287029
v 0.00274937 0.00341779 0.04287029
v -0.00275048 0.00396872 0.04232167
v 0.00274952 0.00396724 0.04232166
v -0.00275028 0.00471887 0.04212127
v 0.00274972 0.00471740 0.04212127
v -0.00275008 0.00546872 0.04232280
v 0.00274992 0.00546724 0.04232280
v -0.00274993 0.00601734 0.04287225
v 0.00275007 0.00601587 0.04287225
v 0.00275011 0.00619117 0.04831804
v 0.00275018 0.00642448 0.04829995
v 0.00275028 0.00678973 0.04825569
v 0.00274978 0.00494904 0.04828268
v 0.00274978 0.00495614 0.04828351
v 0.00275005 0.00593502 0.04832890
v 0.00275110 0.00984935 0.04701275
v 0.00275084 0.00888025 0.04759835
v 0.00274864 0.00069906 0.04614842
v 0.00274850 0.00017193 0.04552119
v 0.00274847 0.00005220 0.04535542
v 0.00274822 -0.00083373 0.04361266
v 0.00274882 0.00138684 0.04678401
v 0.00274878 0.00123579 0.04665861
v 0.00274962 0.00433265 0.04818168
v 0.00274940 0.00353415 0.04796366
v 0.00274928 0.00306541 0.04778627
v 0.00275180 0.01247027 0.04329408
v 0.00275159 0.01166877 0.04507725
v 0.00275125 0.01040404 0.04656808
v 0.00275122 0.01028912 0.04666802
v 0.00275081 0.00877536 0.04764953
v 0.00275072 0.00846594 0.04778820
v 0.00275031 0.00691060 0.04823671
v 0.00274995 0.00557585 0.03971472
v 0.00275032 0.00696589 0.04031382
v 0.00275103 0.00962148 0.04212008
v 0.00275125 0.01042523 0.04244043
v 0.00275148 0.01128908 0.04239130
v 0.00275183 0.01258915 0.04282262
v 0.00275169 0.01205134 0.04198190
v 0.00275183 0.01256934 0.04128885
v 0.00274823 -0.00082951 0.03803060
v 0.00274861 0.00058994 0.03910934
v 0.00274906 0.00227987 0.03967739
v 0.00274954 0.00406272 0.03967502
v -0.00275177 -0.00082803 0.03803059
v 0.00179652 -0.00083409 0.04442335
v -0.00180006 -0.00083313 0.04442335
v -0.00275177 -0.00083226 0.04361266
v -0.00062687 -0.00083377 0.04485529
v 0.00062332 -0.00083410 0.04485529
v -0.00274842 0.01167024 0.04507726
v -0.00274820 0.01247174 0.04329408
v -0.00275039 0.00433207 0.04818124
v -0.00275022 0.00495052 0.04828268
v -0.00274852 0.01129056 0.04239130
v -0.00274875 0.01042671 0.04244043
v -0.00274916 0.00888173 0.04759835
v -0.00274919 0.00877684 0.04764953
v -0.00274951 0.00757817 0.04809240
v -0.00274969 0.00691208 0.04823670
v -0.00274890 0.00984660 0.04701580
v -0.00274878 0.01029059 0.04666803
v -0.00274875 0.01040551 0.04656808
v -0.00274995 0.00593649 0.04832890
v -0.00274988 0.00619109 0.04831814
v -0.00274831 0.01205281 0.04198190
v -0.00274817 0.01259063 0.04282263
v -0.00274817 0.01257082 0.04128886
v -0.00274982 0.00642596 0.04829995
v -0.00274972 0.00678960 0.04825592
v -0.00275094 0.00228135 0.03967738
v -0.00275139 0.00059142 0.03910935
v -0.00275021 0.00495761 0.04828351
v -0.00275136 0.00069410 0.04614160
v -0.00275150 0.00017340 0.04552119
v -0.00275154 0.00005368 0.04535543
v -0.00275122 0.00123727 0.04665860
v -0.00275118 0.00138831 0.04678401
v -0.00275073 0.00306688 0.04778626
v -0.00275060 0.00353347 0.04796294
v -0.00148073 0.01297292 0.04282190
v -0.00139482 0.01255380 0.04422852
v 0.00000000 0.01269563 0.04422862
v -0.00186952 0.00358574 0.04828070
v -0.00095307 0.00465295 0.04870830
v -0.00115704 0.00486753 0.04870846
v 0.00186952 0.00358575 0.04828070
v 0.00095307 0.00465295 0.04870830
v 0.00071008 0.00448383 0.04870818
v 0.00113185 0.00840099 0.04828435
v 0.00057701 0.00710775 0.04871016
v 0.00083587 0.00696407 0.04871004
v 0.00000000 0.00576304 0.04885325
v -0.00141647 0.00539640 0.04870886
v -0.00131365 0.00511878 0.04870865
v 0.00146130 0.00568904 0.04870908
v 0.00144630 0.00598472 0.04870931
v 0.00141647 0.00539640 0.04870886
v 0.00029453 0.00719637 0.04871022
v -0.00213003 -0.00068558 0.04452423
v 0.00226962 0.00400665 0.04828102
v 0.00257681 0.00449949 0.04828139
v 0.00243892 0.01212411 0.04450137
v 0.00148073 0.01297292 0.04282189
v -0.00243689 0.01212476 0.04450163
v -0.00269146 0.00676028 0.04828310
v -0.00257370 0.00112779 0.04665305
v -0.00186683 -0.00018446 0.04551553
v -0.00257681 0.00449949 0.04828140
v -0.00137210 0.00627132 0.04870952
v -0.00144630 0.00598471 0.04870931
v -0.00146130 0.00568904 0.04870909
v 0.00209139 0.01063821 0.04666025
v 0.00163961 0.00811916 0.04828414
v 0.00208024 0.00774089 0.04828384
v 0.00269146 0.00676028 0.04828310
v 0.00137210 0.00627132 0.04870953
v 0.00131364 0.00511878 0.04870865
v 0.00207432 -0.00084477 0.04421838
v 0.00186683 -0.00018446 0.04551554
v 0.00063089 -0.00043846 0.04551534
v -0.00063089 -0.00043846 0.04551534
v 0.00057775 0.00857484 0.04828448
v 0.00083876 0.00984547 0.04759236
v -0.00000000 0.00722633 0.04871025
v 0.00106050 0.00677123 0.04870990
v 0.00243571 0.00728166 0.04828349
v 0.00124172 0.00653712 0.04870972
v 0.00115704 0.00486753 0.04870846
v -0.00226963 0.00400665 0.04828102
v -0.00243571 0.00728166 0.04828350
v -0.00124171 0.00653712 0.04870973
v -0.00106050 0.00677123 0.04870991
v -0.00208025 0.00774089 0.04828385
v -0.00238034 0.00918393 0.04759187
v -0.00163961 0.00811916 0.04828414
v -0.00083587 0.00696407 0.04871005
v 0.00000000 0.00863359 0.04828452
v 0.00000000 0.00993077 0.04759243
v 0.00000000 0.01106800 0.04666057
v -0.00029454 0.00719637 0.04871022
v 0.00238035 0.00918393 0.04759187
v 0.00164319 0.00959308 0.04759217
v 0.00139288 0.00325399 0.04828045
v 0.00202214 0.00212079 0.04758652
v 0.00271412 0.00260243 0.04758688
v -0.00043802 0.00436708 0.04870808
v -0.00071008 0.00448383 0.04870817
v -0.00085921 0.00302498 0.04828028
v -0.00139288 0.00325399 0.04828045
v -0.00124738 0.00178832 0.04758627
v -0.00202214 0.00212080 0.04758652
v -0.00158761 0.00070462 0.04665273
v -0.00271412 0.00260243 0.04758688
v -0.00209139 0.01063821 0.04666024
v -0.00164319 0.00959308 0.04759217
v -0.00113185 0.00840099 0.04828434
v -0.00057701 0.00710775 0.04871016
v 0.00106755 0.01095944 0.04666049
v 0.00158761 0.00070462 0.04665273
v 0.00257370 0.00112779 0.04665305
v 0.00124738 0.00178832 0.04758627
v 0.00085921 0.00302498 0.04828028
v 0.00043802 0.00436708 0.04870809
v 0.00014803 0.00430748 0.04870804
v 0.00029036 0.00290808 0.04828018
v 0.00042155 0.00161860 0.04758614
v 0.00053653 0.00048862 0.04665257
v -0.00053652 0.00048862 0.04665257
v -0.00042155 0.00161860 0.04758614
v -0.00029037 0.00290808 0.04828019
v -0.00014803 0.00430748 0.04870804
v -0.00057775 0.00857484 0.04828447
v -0.00083877 0.00984548 0.04759236
v -0.00106755 0.01095944 0.04666049
v -0.00125530 0.01187393 0.04552465
v 0.00245921 0.01149620 0.04552437
v 0.00125530 0.01187393 0.04552466
v 0.00000000 0.01200158 0.04552475
v -0.00245921 0.01149620 0.04552437
v 0.00139482 0.01255380 0.04422852
v 0.00000000 0.01312349 0.04282200
v 0.00642500 0.00645148 -0.00195209
v 0.00642500 0.00645079 -0.00104512
v 0.00437500 0.00440148 -0.00195364
v 0.00437500 0.00440079 -0.00104667
v 0.00642500 0.00439813 0.00247505
v 0.00534597 0.00439880 0.00158431
v 0.00642500 0.00591944 0.00050426
v 0.00462549 0.00439973 0.00035554
v 0.00642500 0.00630883 -0.00028005
v 0.00642500 0.00637282 -0.00048287
v -0.00437500 0.00440079 -0.00104667
v -0.00462549 0.00439973 0.00035555
v -0.00642500 0.00645079 -0.00104512
v -0.00642500 0.00631006 -0.00028347
v -0.00642500 0.00439813 0.00247505
v -0.00642500 0.00531912 0.00136151
v -0.00534597 0.00439880 0.00158431
v -0.00642500 0.00573814 0.00078491
v -0.00642500 0.00622327 -0.00006624
v -0.00642500 0.00645148 -0.00195209
v -0.00437500 0.00440148 -0.00195364
v -0.00642500 0.00439789 0.00279457
v -0.00412220 0.00440190 -0.00251515
v -0.00430888 0.00440171 -0.00226154
v 0.00642500 0.00439789 0.00279457
v 0.00412220 0.00440190 -0.00251516
v 0.00430888 0.00440171 -0.00226154
v -0.00617817 0.00645235 -0.00310158
v -0.00548120 0.00645306 -0.00404840
v 0.00548120 0.00645306 -0.00404841
v 0.00617817 0.00645235 -0.00310158
v 0.00642500 0.00396725 0.00363781
v 0.00642500 0.00375746 0.00372693
v 0.00642500 0.00409298 0.00351273
v 0.00642500 0.00512324 0.00275218
v 0.00642500 0.00431836 0.00318461
v 0.00642500 0.00907499 -0.00195011
v -0.00642500 0.00375746 0.00372693
v -0.00642500 0.00409298 0.00351273
v -0.00642500 0.00431836 0.00318461
v -0.00642500 0.00396725 0.00363781
v -0.00642500 0.00512324 0.00275218
v -0.00642500 0.00907499 -0.00195011
v -0.00636260 0.00956870 -0.00253757
v 0.00636260 0.00956870 -0.00253758
v 0.00617817 0.01004040 -0.00309887
v 0.00000000 0.00254528 0.00395193
v 0.00000000 0.00080000 0.00000060
v 0.00151178 0.00826774 0.03707395
v 0.00150066 0.00822193 0.03707391
v 0.00151178 0.00826626 0.03902395
v 0.00150066 0.00822045 0.03902392
v 0.00198855 0.00836933 0.03707403
v 0.00160354 0.00768994 0.03707352
v 0.00150054 0.00777155 0.03707358
v 0.00168818 0.00883958 0.03707439
v 0.00209871 0.00914242 0.03707461
v 0.00168818 0.00883810 0.03902438
v 0.00104702 0.00804324 0.03562378
v 0.00160354 0.00769104 0.03562351
v 0.00150149 0.00866160 0.03562425
v 0.00198855 0.00837043 0.03562403
v 0.00209871 0.00914352 0.03562461
v 0.00150054 0.00777007 0.03902357
v 0.00150149 0.00865902 0.03902425
v 0.00104737 0.00804127 0.03902378
v 0.00104716 0.00803979 0.04059602
v 0.00102378 0.00799245 0.04608606
v 0.00076243 0.00731433 0.03996985
v 0.00100059 0.00794785 0.04614513
v 0.00076243 0.00730917 0.04679768
v 0.00104702 0.00803537 0.04602519
v 0.00104121 0.00802480 0.04604059
v 0.00103540 0.00801412 0.04605586
v 0.00063425 0.00736611 0.04675038
v 0.00050057 0.00741282 0.04671025
v 0.00063430 0.00737128 0.03988638
v 0.00050057 0.00741806 0.03979611
v 0.00050525 0.00749489 0.03984135
v 0.00097134 0.00804217 0.04053542
v 0.00086396 0.00801983 0.04043521
v 0.00078854 0.00798503 0.04035375
v 0.00059729 0.00778803 0.04008295
v 0.00116535 0.00800977 0.03902376
v 0.00133595 0.00788359 0.03902366
v 0.00119673 0.00796011 0.04606322
v 0.00132267 0.00788663 0.04603186
v 0.00133595 0.00787830 0.04602366
v 0.00100061 0.00803907 0.04602378
v 0.00116535 0.00800448 0.04602382
v 0.00108515 0.00802953 0.04602465
v 0.00104317 0.00803648 0.04602424
v 0.00054077 0.00765645 0.04647937
v 0.00060905 0.00780284 0.04632063
v 0.00088152 0.00802132 0.04604818
v 0.00078594 0.00797916 0.04610460
v 0.00074126 0.00794919 0.04614351
v 0.00059729 0.00778804 0.04008295
f 1 2 3
f 3 2 4
f 5 6 4
f 4 6 7
f 4 7 3
f 8 9 10
f 10 9 11
f 10 11 12
f 4 13 5
f 5 13 14
f 5 14 15
f 15 14 16
f 14 9 16
f 16 9 8
f 16 8 17
f 17 8 18
f 19 20 21
f 21 20 22
f 22 23 21
f 21 23 24
f 21 24 25
f 25 24 26
f 25 26 12
f 12 26 27
f 12 27 10
f 21 25 19
f 19 25 28
f 19 28 29
f 29 28 30
f 29 30 31
f 32 33 29
f 32 29 34
f 34 29 31
f 34 31 35
f 35 31 30
f 35 30 36
f 37 38 39
f 39 38 35
f 39 35 40
f 40 35 36
f 41 42 43
f 43 42 44
f 43 44 37
f 37 44 45
f 37 45 38
f 41 46 47
f 48 42 49
f 49 42 41
f 49 41 50
f 50 41 47
f 46 51 52
f 46 52 47
f 47 52 53
f 47 53 50
f 50 53 54
f 50 54 49
f 55 56 57
f 57 56 54
f 54 53 57
f 57 53 58
f 57 58 51
f 55 57 59
f 59 57 60
f 59 60 61
f 61 60 62
f 61 62 63
f 64 65 66
f 63 62 67
f 67 62 68
f 67 68 69
f 69 68 64
f 69 64 70
f 70 64 66
f 70 66 71
f 66 65 72
f 66 72 71
f 73 74 75
f 75 74 76
f 75 76 77
f 77 76 78
f 78 79 77
f 77 79 80
f 77 80 72
f 72 80 81
f 72 81 71
f 73 75 82
f 82 75 83
f 82 83 84
f 85 86 87
f 87 86 88
f 87 88 89
f 89 88 90
f 91 92 93
f 90 94 89
f 89 94 95
f 89 95 91
f 91 93 89
f 89 93 96
f 89 96 97
f 98 99 97
f 97 99 82
f 97 82 89
f 89 82 84
f 89 84 100
f 101 102 103
f 103 102 85
f 85 102 86
f 86 102 104
f 86 104 105
f 106 107 108
f 105 109 86
f 86 109 110
f 86 110 111
f 111 110 108
f 111 108 112
f 112 108 107
f 108 113 106
f 106 113 114
f 106 114 115
f 115 114 116
f 115 116 117
f 118 119 120
f 117 116 121
f 121 116 122
f 121 122 123
f 123 122 124
f 123 124 125
f 125 124 126
f 125 126 127
f 127 126 128
f 127 128 129
f 129 128 130
f 129 130 131
f 131 130 132
f 131 132 133
f 133 132 134
f 133 134 135
f 135 134 136
f 135 136 118
f 118 120 135
f 135 120 137
f 135 137 138
f 138 137 139
f 138 139 140
f 140 139 141
f 141 139 142
f 141 142 143
f 144 145 146
f 144 146 147
f 147 146 148
f 148 146 149
f 148 149 150
f 142 151 143
f 143 151 148
f 143 148 152
f 152 148 150
f 153 154 155
f 155 154 156
f 157 158 159
f 159 160 161
f 161 162 159
f 159 162 163
f 159 163 157
f 158 164 165
f 158 165 159
f 159 165 166
f 159 166 167
f 145 154 146
f 146 154 153
f 146 153 168
f 168 153 169
f 167 166 153
f 153 166 170
f 153 170 169
f 159 171 172
f 159 172 160
f 160 172 173
f 160 173 174
f 175 176 174
f 174 176 177
f 174 177 160
f 178 179 180
f 180 179 181
f 180 181 175
f 175 181 182
f 175 182 176
f 87 183 85
f 85 183 184
f 85 184 103
f 103 184 185
f 185 184 186
f 185 186 187
f 188 189 190
f 191 192 193
f 193 192 194
f 193 194 195
f 195 194 196
f 195 196 197
f 197 196 198
f 197 198 199
f 200 201 202
f 202 201 203
f 203 201 188
f 203 188 193
f 193 188 190
f 193 190 191
f 202 204 200
f 200 204 205
f 200 205 206
f 206 205 207
f 206 207 208
f 208 207 209
f 208 209 100
f 100 209 210
f 100 210 89
f 89 210 211
f 89 211 87
f 87 211 212
f 87 212 183
f 213 214 215
f 216 217 218
f 218 217 219
f 219 217 220
f 219 220 221
f 221 220 222
f 221 222 223
f 224 225 226
f 226 225 227
f 226 227 228
f 224 226 229
f 229 226 228
f 229 228 230
f 231 232 214
f 214 232 230
f 214 230 215
f 215 230 228
f 231 214 233
f 233 214 213
f 233 213 234
f 234 213 235
f 234 235 236
f 236 235 237
f 236 237 238
f 238 237 239
f 238 239 240
f 239 241 240
f 240 241 242
f 240 242 243
f 243 242 244
f 243 244 245
f 245 244 246
f 245 246 247
f 247 246 248
f 246 249 248
f 248 249 250
f 248 250 251
f 250 252 251
f 251 252 253
f 251 253 254
f 254 253 255
f 254 255 256
f 256 255 257
f 256 257 258
f 258 257 259
f 258 259 260
f 261 262 263
f 263 262 264
f 263 264 265
f 266 267 268
f 268 267 269
f 268 269 261
f 267 270 271
f 271 272 267
f 267 272 273
f 267 273 269
f 266 268 274
f 274 268 261
f 274 261 275
f 275 261 263
f 275 263 276
f 276 263 265
f 276 265 260
f 260 265 264
f 260 264 258
f 225 223 227
f 227 223 222
f 227 222 277
f 277 222 220
f 278 279 280
f 280 279 281
f 280 281 282
f 282 281 283
f 282 283 284
f 284 283 285
f 286 287 288
f 288 287 289
f 290 291 292
f 292 291 293
f 289 287 294
f 294 287 295
f 294 295 293
f 296 297 292
f 292 297 298
f 292 298 290
f 293 295 292
f 292 295 299
f 292 299 296
f 278 280 288
f 288 280 300
f 288 300 286
f 286 300 301
f 286 301 287
f 287 301 302
f 287 302 295
f 295 302 303
f 295 303 299
f 304 305 306
f 307 308 309
f 216 310 311
f 311 310 312
f 313 314 315
f 316 190 189
f 316 317 190
f 190 317 318
f 190 318 191
f 191 318 192
f 319 320 321
f 321 320 322
f 323 324 316
f 323 316 325
f 324 326 316
f 316 326 327
f 316 327 317
f 317 327 328
f 317 328 318
f 318 328 329
f 318 329 192
f 192 329 194
f 313 330 314
f 314 330 331
f 314 331 315
f 331 332 315
f 315 332 306
f 315 306 333
f 333 306 305
f 333 305 334
f 334 305 304
f 334 304 335
f 335 304 309
f 335 309 336
f 336 309 308
f 336 308 312
f 312 308 307
f 312 307 311
f 189 337 316
f 316 337 321
f 316 321 325
f 325 321 322
f 313 338 330
f 330 338 319
f 330 319 339
f 339 319 321
f 339 321 340
f 340 321 337
f 341 342 343
f 343 342 344
f 288 289 345
f 346 347 348
f 348 270 346
f 346 270 285
f 346 285 283
f 283 281 346
f 346 281 279
f 346 279 278
f 278 288 346
f 346 288 345
f 346 345 349
f 344 342 345
f 345 342 350
f 345 350 349
f 343 351 341
f 341 351 352
f 341 352 353
f 352 354 353
f 353 354 355
f 353 355 356
f 357 358 359
f 359 358 360
f 360 358 361
f 360 361 362
f 362 361 363
f 362 363 364
f 364 363 365
f 364 365 366
f 366 365 367
f 366 367 368
f 369 370 371
f 371 370 372
f 371 372 373
f 373 372 368
f 373 368 374
f 374 368 367
f 359 375 357
f 357 375 376
f 357 376 377
f 377 376 378
f 377 378 379
f 379 378 380
f 379 380 381
f 382 383 384
f 385 382 386
f 386 382 384
f 386 384 387
f 387 384 388
f 103 185 389
f 187 383 390
f 390 383 391
f 390 391 385
f 103 389 101
f 101 389 392
f 101 392 393
f 185 187 389
f 389 187 390
f 389 390 392
f 392 390 394
f 395 396 397
f 398 114 113
f 399 400 401
f 401 400 402
f 403 122 116
f 404 396 405
f 405 396 395
f 405 395 406
f 404 407 396
f 396 407 399
f 396 399 397
f 397 399 401
f 397 401 408
f 409 410 411
f 411 410 412
f 413 414 415
f 413 415 416
f 416 415 417
f 416 417 412
f 412 417 418
f 412 418 411
f 116 114 419
f 419 114 398
f 419 398 410
f 410 398 113
f 410 113 412
f 412 113 108
f 412 108 416
f 416 108 110
f 416 110 413
f 414 413 420
f 420 413 421
f 420 421 422
f 110 109 413
f 413 109 105
f 413 105 421
f 421 105 104
f 421 104 102
f 402 403 401
f 401 403 116
f 401 116 408
f 408 116 419
f 408 419 397
f 397 419 410
f 397 410 395
f 395 410 409
f 395 409 406
f 406 409 411
f 102 101 421
f 421 101 393
f 421 393 422
f 423 424 425
f 426 427 388
f 384 383 187
f 424 426 425
f 425 426 388
f 425 388 428
f 428 388 384
f 428 384 429
f 429 384 187
f 184 183 430
f 431 432 433
f 433 432 434
f 433 434 435
f 435 434 430
f 435 430 436
f 436 430 183
f 436 183 212
f 431 437 432
f 432 437 438
f 432 438 434
f 434 438 439
f 434 439 430
f 430 439 440
f 430 440 184
f 184 440 186
f 437 423 438
f 438 423 425
f 438 425 439
f 439 425 428
f 439 428 440
f 440 428 429
f 440 429 186
f 186 429 187
f 441 442 443
f 443 442 156
f 443 156 154
f 444 445 446
f 155 156 447
f 447 156 448
f 447 448 449
f 449 448 444
f 449 444 450
f 450 444 446
f 156 442 448
f 448 442 451
f 448 451 444
f 444 451 452
f 453 454 455
f 456 457 458
f 458 457 459
f 460 461 462
f 119 463 120
f 120 463 464
f 120 464 137
f 460 465 466
f 463 467 464
f 464 467 461
f 464 461 468
f 468 461 460
f 468 460 469
f 469 460 466
f 470 465 458
f 458 465 460
f 458 460 456
f 456 460 462
f 456 462 457
f 455 454 471
f 471 454 472
f 471 472 473
f 473 472 474
f 473 474 443
f 443 474 475
f 443 475 441
f 147 455 144
f 144 455 471
f 144 471 145
f 145 471 473
f 145 473 154
f 154 473 443
f 137 464 139
f 139 464 468
f 139 468 142
f 142 468 469
f 142 469 151
f 151 469 466
f 151 466 148
f 459 476 458
f 458 476 477
f 458 477 470
f 470 477 453
f 470 453 465
f 465 453 455
f 465 455 466
f 466 455 147
f 466 147 148
f 404 405 478
f 479 480 481
f 124 482 126
f 126 482 483
f 479 481 483
f 483 481 126
f 126 481 484
f 126 484 128
f 484 485 128
f 128 485 486
f 128 486 130
f 486 487 130
f 130 487 488
f 130 488 132
f 489 490 491
f 488 492 132
f 132 492 493
f 132 493 134
f 134 493 489
f 134 489 136
f 136 489 491
f 136 491 118
f 118 491 494
f 118 494 119
f 476 459 495
f 495 459 457
f 495 457 462
f 462 461 495
f 495 461 467
f 495 467 494
f 494 467 463
f 494 463 119
f 400 399 478
f 478 399 407
f 478 407 404
f 124 122 482
f 482 122 403
f 482 403 478
f 478 403 402
f 478 402 400
f 298 297 496
f 497 498 499
f 497 499 500
f 290 501 502
f 502 501 500
f 502 500 503
f 503 500 499
f 504 505 506
f 506 505 171
f 506 171 507
f 507 171 159
f 507 159 508
f 508 159 167
f 509 510 167
f 167 510 511
f 167 511 508
f 167 153 509
f 509 153 155
f 509 155 512
f 512 155 447
f 512 447 449
f 290 298 501
f 501 298 496
f 501 496 513
f 513 496 514
f 506 515 504
f 504 515 516
f 504 516 517
f 517 516 518
f 517 518 514
f 514 518 519
f 514 519 513
f 450 520 449
f 449 520 521
f 449 521 512
f 522 511 523
f 523 511 510
f 524 522 525
f 525 522 523
f 525 523 526
f 526 523 510
f 526 510 509
f 527 528 529
f 529 528 530
f 529 530 531
f 520 527 521
f 521 527 529
f 521 529 532
f 532 529 531
f 532 531 533
f 534 524 533
f 533 524 525
f 533 525 532
f 532 525 526
f 532 526 521
f 521 526 509
f 521 509 512
f 535 534 536
f 536 534 533
f 536 533 537
f 537 533 531
f 537 531 538
f 538 531 530
f 538 530 539
f 539 530 528
f 539 528 540
f 541 542 543
f 544 545 546
f 544 547 548
f 544 548 549
f 549 548 550
f 549 550 551
f 551 550 552
f 551 552 553
f 553 552 444
f 553 444 452
f 554 528 555
f 556 540 528
f 528 554 556
f 556 554 557
f 556 557 558
f 558 557 559
f 559 557 560
f 559 560 561
f 561 560 562
f 562 560 543
f 562 543 563
f 563 543 542
f 563 542 564
f 565 566 567
f 567 566 541
f 544 546 547
f 547 546 568
f 547 568 565
f 565 567 547
f 547 567 569
f 547 569 548
f 548 569 570
f 548 570 550
f 550 570 571
f 550 571 552
f 552 571 445
f 552 445 444
f 541 543 567
f 567 543 560
f 567 560 569
f 569 560 557
f 569 557 570
f 570 557 554
f 570 554 571
f 571 554 555
f 571 555 445
f 535 536 572
f 572 536 573
f 573 536 537
f 573 537 574
f 575 576 577
f 577 576 535
f 577 535 578
f 578 535 572
f 574 537 579
f 579 537 538
f 579 538 580
f 580 538 539
f 580 539 581
f 581 539 540
f 581 540 582
f 582 540 556
f 582 556 583
f 583 556 558
f 583 558 584
f 584 558 559
f 584 559 585
f 585 559 561
f 585 561 586
f 564 587 563
f 563 587 586
f 563 586 562
f 562 586 561
f 49 54 56
f 56 588 49
f 49 588 589
f 49 589 48
f 590 591 592
f 592 591 588
f 592 588 593
f 593 588 56
f 594 595 596
f 596 595 597
f 596 597 598
f 598 597 599
f 598 599 600
f 596 601 594
f 594 601 602
f 594 602 603
f 604 605 606
f 606 605 603
f 606 603 607
f 607 603 602
f 607 602 608
f 609 610 606
f 606 610 611
f 606 611 604
f 612 613 614
f 615 616 613
f 613 616 617
f 613 617 614
f 618 619 620
f 620 619 615
f 620 615 621
f 621 615 613
f 608 602 622
f 622 602 601
f 596 598 601
f 601 598 612
f 601 612 622
f 622 612 614
f 623 624 625
f 623 625 619
f 619 625 626
f 619 626 615
f 627 628 629
f 630 631 632
f 633 634 635
f 17 18 636
f 637 638 639
f 640 641 642
f 643 644 645
f 646 647 648
f 649 650 651
f 652 653 654
f 606 607 654
f 654 607 608
f 654 608 652
f 655 649 656
f 656 649 651
f 656 651 657
f 657 651 658
f 659 660 661
f 661 660 662
f 663 664 665
f 665 664 666
f 665 666 662
f 662 666 667
f 662 667 661
f 639 48 637
f 637 48 589
f 637 589 588
f 668 669 670
f 670 669 671
f 670 671 639
f 639 671 672
f 639 672 48
f 17 636 16
f 7 673 3
f 3 673 674
f 7 6 673
f 673 6 5
f 673 5 15
f 675 676 677
f 677 676 678
f 677 678 679
f 679 678 680
f 679 680 1
f 681 682 675
f 675 682 683
f 675 683 676
f 633 635 684
f 630 685 686
f 685 630 687
f 688 689 690
f 691 692 693
f 691 693 694
f 693 695 694
f 694 695 652
f 694 652 696
f 696 652 608
f 697 673 636
f 636 673 15
f 636 15 16
f 698 697 699
f 699 697 636
f 699 636 700
f 700 636 18
f 700 18 668
f 668 18 701
f 668 701 669
f 641 663 642
f 642 663 665
f 642 665 702
f 698 703 697
f 697 703 704
f 697 704 673
f 673 704 679
f 673 679 674
f 674 679 1
f 674 1 3
f 702 665 705
f 705 665 662
f 705 662 706
f 706 662 660
f 706 660 707
f 708 640 709
f 709 640 642
f 709 642 703
f 703 642 702
f 703 702 704
f 704 702 705
f 704 705 679
f 679 705 706
f 679 706 677
f 677 706 707
f 677 707 675
f 675 707 635
f 675 635 681
f 681 635 634
f 690 687 688
f 688 687 630
f 688 630 710
f 710 630 632
f 710 632 711
f 711 632 712
f 711 712 648
f 648 712 645
f 648 645 646
f 646 645 644
f 659 643 660
f 660 643 645
f 660 645 707
f 707 645 712
f 707 712 635
f 635 712 632
f 635 632 684
f 684 632 631
f 684 631 713
f 713 631 630
f 713 630 714
f 714 630 686
f 650 715 651
f 651 715 716
f 651 716 717
f 717 716 718
f 717 718 627
f 627 718 719
f 627 719 628
f 647 658 648
f 648 658 651
f 648 651 711
f 711 651 717
f 711 717 710
f 710 717 627
f 710 627 688
f 688 627 629
f 688 629 689
f 689 629 692
f 689 692 720
f 720 692 691
f 56 55 721
f 722 638 637
f 590 592 721
f 721 592 593
f 721 593 56
f 588 591 723
f 723 591 590
f 723 590 724
f 724 590 721
f 55 59 725
f 55 725 721
f 721 725 726
f 721 726 724
f 724 726 722
f 724 722 723
f 723 722 637
f 723 637 588
f 691 727 720
f 720 727 689
f 691 694 727
f 727 694 696
f 727 696 622
f 622 696 608
f 728 729 730
f 730 729 731
f 732 733 734
f 734 733 735
f 734 735 731
f 731 735 736
f 731 736 730
f 686 685 737
f 737 685 687
f 737 687 738
f 738 727 739
f 739 727 740
f 739 740 732
f 732 740 741
f 732 741 733
f 738 687 727
f 727 687 690
f 727 690 689
f 737 742 686
f 686 742 743
f 686 743 714
f 714 743 744
f 714 744 713
f 713 744 684
f 617 741 614
f 614 741 740
f 614 740 622
f 622 740 727
f 741 617 733
f 733 617 616
f 625 745 626
f 626 745 615
f 736 735 746
f 746 735 733
f 746 733 745
f 745 733 616
f 745 616 615
f 625 624 745
f 745 624 728
f 745 728 746
f 746 728 730
f 746 730 736
f 671 8 672
f 672 8 42
f 672 42 48
f 671 669 8
f 8 669 701
f 8 701 18
f 42 8 10
f 27 45 10
f 10 45 44
f 10 44 42
f 747 23 22
f 748 26 747
f 747 26 24
f 747 24 23
f 34 35 748
f 748 35 38
f 748 38 26
f 26 38 45
f 26 45 27
f 22 20 747
f 747 20 33
f 747 33 748
f 748 33 32
f 748 32 34
f 20 19 33
f 33 19 29
f 619 618 623
f 623 618 749
f 623 749 729
f 729 749 734
f 729 734 731
f 624 623 728
f 728 623 729
f 750 634 751
f 751 634 633
f 751 633 752
f 752 633 684
f 752 684 744
f 2 1 753
f 753 1 680
f 753 680 754
f 754 680 678
f 754 678 755
f 755 678 676
f 755 676 756
f 676 683 756
f 756 683 682
f 756 682 750
f 750 682 681
f 750 681 634
f 757 758 759
f 757 759 760
f 760 759 761
f 760 761 762
f 763 764 765
f 766 767 765
f 768 769 770
f 769 768 490
f 490 771 769
f 769 771 772
f 769 772 770
f 770 772 773
f 770 773 774
f 774 773 775
f 766 765 776
f 776 765 764
f 776 764 777
f 766 768 767
f 767 768 770
f 767 770 765
f 765 770 774
f 765 774 763
f 763 774 775
f 778 779 780
f 779 778 781
f 782 783 784
f 785 786 787
f 787 786 782
f 787 782 788
f 788 782 784
f 480 789 790
f 790 789 781
f 790 781 791
f 791 781 778
f 791 778 792
f 784 780 788
f 788 780 779
f 788 779 787
f 787 779 781
f 787 781 785
f 785 781 789
f 785 789 793
f 793 789 480
f 771 490 794
f 794 490 489
f 794 489 795
f 795 489 493
f 795 493 796
f 480 790 481
f 481 790 797
f 481 797 484
f 484 797 798
f 484 798 485
f 485 798 799
f 485 799 486
f 486 799 800
f 486 800 487
f 487 800 801
f 487 801 488
f 488 801 802
f 488 802 492
f 772 771 803
f 803 771 794
f 803 794 804
f 804 794 795
f 804 795 805
f 805 795 796
f 805 796 806
f 790 791 797
f 797 791 807
f 797 807 798
f 798 807 808
f 798 808 799
f 799 808 809
f 799 809 800
f 800 809 810
f 800 810 801
f 801 810 811
f 801 811 802
f 773 772 812
f 812 772 803
f 812 803 813
f 813 803 804
f 813 804 814
f 814 804 805
f 814 805 815
f 815 805 806
f 815 806 816
f 791 792 807
f 807 792 817
f 807 817 808
f 808 817 818
f 808 818 809
f 809 818 819
f 809 819 810
f 810 819 816
f 810 816 811
f 811 816 806
f 811 806 802
f 802 806 796
f 802 796 492
f 492 796 493
f 762 820 821
f 762 821 760
f 760 821 822
f 760 822 757
f 757 822 758
f 758 822 823
f 758 823 824
f 825 824 826
f 826 824 823
f 826 823 773
f 773 823 775
f 775 823 822
f 775 822 763
f 763 822 821
f 763 821 764
f 764 821 820
f 764 820 777
f 827 762 828
f 828 762 761
f 793 480 479
f 478 829 482
f 482 829 793
f 482 793 483
f 483 793 479
f 420 422 414
f 414 422 830
f 414 830 415
f 418 417 831
f 831 417 832
f 831 832 833
f 833 832 834
f 478 405 829
f 829 405 406
f 829 406 835
f 835 406 411
f 835 411 418
f 418 831 835
f 835 831 833
f 835 833 829
f 829 833 785
f 829 785 793
f 830 836 782
f 836 837 782
f 782 837 838
f 782 838 783
f 417 415 832
f 832 415 830
f 832 830 834
f 834 830 782
f 834 782 833
f 833 782 786
f 833 786 785
f 839 840 841
f 842 843 844
f 842 844 845
f 845 844 846
f 845 846 841
f 847 846 848
f 848 846 844
f 848 844 849
f 849 844 843
f 849 843 850
f 841 846 839
f 839 846 847
f 839 847 851
f 851 847 852
f 851 852 853
f 840 839 854
f 854 839 851
f 854 851 855
f 855 851 853
f 855 853 856
f 857 858 859
f 575 577 860
f 575 860 861
f 861 860 862
f 861 862 859
f 863 862 864
f 864 862 860
f 864 860 865
f 865 860 577
f 865 577 578
f 859 862 857
f 857 862 863
f 857 863 866
f 866 863 867
f 866 867 868
f 858 857 869
f 869 857 866
f 869 866 870
f 870 866 868
f 870 868 871
f 872 863 864
f 572 573 873
f 584 585 874
f 874 585 586
f 874 586 875
f 875 586 587
f 584 874 583
f 583 874 876
f 583 876 582
f 582 876 877
f 582 877 581
f 581 877 878
f 581 878 580
f 580 878 879
f 580 879 579
f 873 573 879
f 879 573 574
f 879 574 579
f 880 881 882
f 882 881 883
f 882 883 884
f 884 883 885
f 884 885 886
f 886 885 887
f 886 887 872
f 872 887 867
f 872 867 863
f 888 889 880
f 880 889 890
f 880 890 881
f 891 892 893
f 893 892 894
f 880 895 888
f 888 895 893
f 888 893 896
f 896 893 894
f 896 894 897
f 898 899 891
f 587 900 875
f 875 900 901
f 875 901 902
f 578 572 865
f 865 572 873
f 865 873 903
f 903 873 879
f 903 879 904
f 904 879 878
f 904 878 905
f 905 878 877
f 905 877 906
f 906 877 876
f 906 876 907
f 907 876 874
f 907 874 908
f 908 874 875
f 908 875 898
f 898 875 902
f 898 902 899
f 891 893 898
f 898 893 895
f 898 895 908
f 908 895 880
f 908 880 907
f 907 880 882
f 907 882 906
f 906 882 884
f 906 884 905
f 905 884 886
f 905 886 904
f 904 886 872
f 904 872 903
f 903 872 864
f 903 864 865
f 491 490 768
f 453 477 909
f 909 477 476
f 909 476 495
f 453 909 454
f 454 909 910
f 454 910 472
f 472 910 911
f 472 911 474
f 474 911 475
f 475 911 912
f 475 912 441
f 491 768 494
f 913 768 766
f 776 777 914
f 913 766 915
f 915 766 776
f 915 776 916
f 916 776 914
f 916 914 917
f 494 768 495
f 495 768 913
f 495 913 909
f 909 913 915
f 909 915 910
f 910 915 916
f 910 916 911
f 911 916 917
f 911 917 912
f 827 545 762
f 762 545 544
f 762 544 820
f 551 553 914
f 544 549 820
f 820 549 551
f 820 551 777
f 777 551 914
f 553 452 914
f 914 452 451
f 914 451 917
f 442 441 451
f 451 441 912
f 451 912 917
f 918 919 920
f 918 920 921
f 921 920 922
f 921 922 923
f 923 922 924
f 923 924 925
f 925 924 926
f 925 926 927
f 212 918 921
f 212 921 436
f 436 921 923
f 436 923 435
f 435 923 925
f 435 925 433
f 433 925 927
f 433 927 431
f 928 929 930
f 928 930 931
f 931 930 932
f 931 932 933
f 933 932 934
f 933 934 935
f 935 934 576
f 935 576 936
f 937 445 555
f 450 937 520
f 520 937 555
f 520 555 527
f 527 555 528
f 929 511 522
f 929 522 930
f 930 522 524
f 930 524 932
f 932 524 534
f 932 534 934
f 934 534 535
f 934 535 576
f 938 939 940
f 938 940 850
f 941 942 943
f 943 942 944
f 939 945 946
f 850 940 849
f 849 940 947
f 849 947 848
f 848 947 943
f 848 943 847
f 847 943 944
f 847 944 852
f 948 949 950
f 939 946 940
f 940 946 951
f 940 951 947
f 947 951 948
f 947 948 943
f 943 948 950
f 943 950 941
f 952 953 945
f 945 939 952
f 952 939 938
f 952 938 926
f 926 938 850
f 926 850 927
f 954 952 926
f 926 924 954
f 954 924 922
f 954 922 955
f 955 922 920
f 955 920 956
f 956 920 919
f 956 919 957
f 958 959 928
f 960 961 962
f 962 961 963
f 962 963 964
f 964 963 957
f 964 957 919
f 959 958 965
f 965 958 966
f 965 966 967
f 966 968 967
f 967 968 969
f 967 969 970
f 970 969 971
f 970 971 972
f 972 971 973
f 972 973 974
f 974 973 975
f 974 975 976
f 975 977 976
f 976 977 978
f 976 978 979
f 979 978 980
f 978 981 980
f 980 981 982
f 980 982 983
f 983 982 984
f 983 984 985
f 985 984 986
f 985 986 987
f 987 986 988
f 987 988 989
f 989 988 990
f 989 990 991
f 991 990 992
f 991 992 993
f 993 992 994
f 993 994 995
f 995 994 996
f 995 996 997
f 996 998 997
f 997 998 999
f 997 999 1000
f 1000 999 1001
f 1000 1001 1002
f 1002 1001 1003
f 1002 1003 1004
f 1004 1003 1005
f 1004 1005 1006
f 1006 1005 1007
f 1006 1007 1008
f 1008 1007 1009
f 1008 1009 960
f 960 1009 1010
f 960 1010 961
f 929 928 959
f 974 976 497
f 1002 1004 195
f 918 211 210
f 211 918 212
f 962 964 210
f 210 964 919
f 210 919 918
f 210 209 962
f 962 209 207
f 962 207 960
f 960 207 205
f 960 205 1008
f 205 204 1008
f 1008 204 202
f 1008 202 1006
f 1006 202 203
f 1006 203 1004
f 1004 203 193
f 1004 193 195
f 195 197 1002
f 1002 197 199
f 1002 199 1011
f 1011 1012 1002
f 1002 1012 1013
f 1002 1013 1000
f 1014 980 1015
f 1015 980 983
f 1015 983 1016
f 1016 983 985
f 1016 985 1017
f 1017 985 987
f 1017 987 1018
f 1018 987 989
f 1018 989 1019
f 1019 989 991
f 1019 991 1020
f 1020 991 993
f 1020 993 1021
f 1021 993 995
f 1021 995 1022
f 1022 995 997
f 1022 997 1023
f 1023 997 1000
f 1023 1000 1024
f 1024 1000 1013
f 1025 976 1014
f 1014 976 979
f 1014 979 980
f 498 497 1026
f 1026 497 976
f 1026 976 1027
f 1027 976 1025
f 497 500 974
f 974 500 501
f 974 501 972
f 972 501 513
f 972 513 970
f 513 519 970
f 970 519 518
f 970 518 967
f 967 518 516
f 967 516 965
f 516 515 965
f 965 515 506
f 965 506 959
f 959 506 507
f 959 507 929
f 929 507 508
f 929 508 511
f 611 610 1028
f 1028 610 609
f 1028 609 1029
f 1029 609 606
f 1029 606 1030
f 1031 1032 1033
f 1033 1032 1034
f 1033 1034 604
f 604 1034 605
f 1035 1031 1028
f 1028 1031 1033
f 1028 1033 611
f 611 1033 604
f 1035 1028 1036
f 1036 1028 1029
f 1036 1029 1037
f 1037 1029 1030
f 1037 1030 653
f 326 324 1038
f 1039 1040 1041
f 1042 1043 1039
f 1039 1043 1044
f 1039 1044 1012
f 326 1038 327
f 1012 1011 1039
f 1039 1011 199
f 1039 199 1040
f 1040 199 198
f 1040 198 196
f 327 1038 328
f 328 1038 1040
f 328 1040 329
f 329 1040 196
f 329 196 194
f 1013 1012 1024
f 1024 1012 1044
f 1024 1044 1043
f 1045 1014 1046
f 1046 1014 1015
f 1046 1015 1047
f 1047 1015 1016
f 1047 1016 1048
f 1048 1016 1017
f 1048 1017 1049
f 1049 1017 1018
f 1049 1018 1050
f 1050 1018 1019
f 1050 1019 1051
f 1051 1019 1020
f 1051 1020 1052
f 1052 1020 1021
f 1052 1021 1053
f 1053 1021 1022
f 1053 1022 1054
f 1022 1023 1054
f 1054 1023 1024
f 1054 1024 1043
f 1014 1045 1025
f 1025 1045 1055
f 1025 1055 1027
f 343 344 345
f 1056 1057 293
f 293 1057 294
f 1058 289 294
f 352 351 1059
f 1059 351 343
f 1059 343 1058
f 1058 343 345
f 1058 345 289
f 352 1059 354
f 354 1059 1060
f 354 1060 355
f 1060 1061 1062
f 1062 1063 1060
f 1060 1063 1064
f 1060 1064 355
f 1065 1066 1067
f 1068 1066 1069
f 1069 1066 1065
f 1069 1065 1070
f 1070 1065 1071
f 1071 1065 1072
f 1072 1065 1073
f 1072 1073 1074
f 1075 1076 1077
f 1056 1075 1057
f 1057 1075 1077
f 1057 1077 1073
f 1073 1077 1078
f 1073 1078 1074
f 294 1057 1058
f 1058 1057 1073
f 1058 1073 1059
f 1059 1073 1065
f 1059 1065 1060
f 1060 1065 1067
f 1060 1067 1061
f 1079 1080 1081
f 325 1082 323
f 323 1082 1038
f 323 1038 324
f 1040 1038 1041
f 1041 1038 1082
f 1041 1082 1039
f 1039 1082 1083
f 1039 1083 1042
f 1042 1083 1084
f 1084 1083 1085
f 1085 1083 1086
f 1085 1086 1087
f 1087 1086 1081
f 1087 1081 1088
f 1088 1081 1080
f 1088 1080 1089
f 1090 1091 1092
f 1092 1091 1093
f 1092 1093 1079
f 1094 1095 1096
f 1096 1095 1097
f 1096 1097 1090
f 1090 1097 1098
f 1090 1098 1091
f 1094 1096 1099
f 1099 1096 1100
f 1099 1100 1101
f 1079 1081 1092
f 1092 1081 1086
f 1092 1086 1090
f 1090 1086 1083
f 1090 1083 1096
f 1096 1083 1082
f 1096 1082 1100
f 1100 1082 325
f 1100 325 1101
f 1101 325 1102
f 1101 1102 1103
f 1104 1105 1106
f 1107 236 238
f 1108 1109 1110
f 256 1108 254
f 254 1108 1110
f 254 1110 251
f 251 1110 1111
f 251 1111 248
f 248 1111 1112
f 248 1112 247
f 247 1112 1113
f 247 1113 245
f 245 1113 1114
f 1105 1107 1106
f 1106 1107 238
f 1106 238 1115
f 1115 238 240
f 1115 240 1114
f 1114 240 243
f 1114 243 245
f 1116 1117 1118
f 1118 1117 1119
f 1118 1119 1120
f 1120 1119 1121
f 1120 1121 1122
f 1122 1121 1123
f 1122 1123 1124
f 1124 1123 1125
f 1124 1125 1126
f 1126 1125 1127
f 1126 1127 1128
f 1128 1127 1129
f 1128 1129 1130
f 1130 1129 1131
f 1130 1131 1132
f 1132 1131 1133
f 1117 1104 1119
f 1119 1104 1106
f 1119 1106 1121
f 1121 1106 1115
f 1121 1115 1123
f 1123 1115 1114
f 1123 1114 1125
f 1125 1114 1113
f 1125 1113 1127
f 1127 1113 1112
f 1127 1112 1129
f 1129 1112 1111
f 1129 1111 1131
f 1131 1111 1110
f 1131 1110 1133
f 1133 1110 1109
f 233 234 1134
f 1134 234 236
f 1116 1135 1117
f 1117 1135 1136
f 1117 1136 1104
f 1104 1136 1137
f 1104 1137 1105
f 1105 1137 1134
f 1105 1134 1107
f 1107 1134 236
f 231 233 1138
f 1138 233 1134
f 1138 1134 1139
f 1139 1134 1137
f 1139 1137 1140
f 1140 1137 1136
f 1140 1136 1141
f 1141 1136 1135
f 1142 1143 224
f 224 1143 225
f 1138 1139 1142
f 1142 1139 1144
f 1142 1144 1143
f 1143 1144 1145
f 1143 1145 1146
f 218 1146 1147
f 1147 1146 1148
f 1147 1148 1149
f 224 229 1142
f 1142 229 230
f 1142 230 1138
f 1138 230 232
f 1138 232 231
f 218 219 1146
f 1146 219 221
f 1146 221 1143
f 1143 221 223
f 1143 223 225
f 1139 1140 1150
f 1150 1140 1141
f 1150 1141 1151
f 1139 1150 1144
f 1144 1150 1151
f 1144 1151 1145
f 1145 1151 1152
f 1145 1152 1146
f 1146 1152 1153
f 1146 1153 1148
f 1056 293 291
f 290 502 1076
f 1076 502 503
f 1076 503 499
f 290 1076 291
f 291 1076 1075
f 291 1075 1056
f 1026 1027 1055
f 1077 1076 1078
f 1078 1076 499
f 1078 499 1074
f 1074 499 498
f 1045 1072 1055
f 1055 1072 1074
f 1055 1074 1026
f 1026 1074 498
f 1154 1155 1156
f 1157 1149 1158
f 1158 1149 1148
f 1153 1152 1159
f 1159 1152 1151
f 1159 1151 1160
f 1160 1151 1141
f 1160 1141 1161
f 1154 1162 1163
f 1154 1163 1155
f 1155 1163 1164
f 1155 1164 1165
f 1166 1167 1168
f 1168 1167 1169
f 1161 1169 1160
f 1160 1169 1167
f 1160 1167 1159
f 1159 1167 1158
f 1159 1158 1153
f 1153 1158 1148
f 1156 1170 1154
f 1154 1170 1166
f 1154 1166 1162
f 1162 1166 1168
f 1171 1172 1173
f 1173 1172 1174
f 1170 1175 1166
f 1166 1175 1174
f 1166 1174 1167
f 1167 1174 1172
f 1167 1172 1158
f 1158 1172 1171
f 1158 1171 1157
f 325 322 1102
f 1102 322 320
f 320 319 1102
f 1102 319 338
f 1102 338 1157
f 338 313 1157
f 1157 313 315
f 1157 315 333
f 333 334 1157
f 1157 334 335
f 1157 335 336
f 216 1149 310
f 310 1149 1157
f 310 1157 312
f 312 1157 336
f 1157 1171 1102
f 1102 1171 1173
f 1102 1173 1103
f 1103 1173 1174
f 1103 1174 1101
f 1101 1174 1175
f 1101 1175 1099
f 1099 1175 1170
f 1099 1170 1094
f 1156 1097 1170
f 1170 1097 1095
f 1170 1095 1094
f 1149 216 1147
f 1147 216 218
f 1176 1161 1177
f 1162 1168 1176
f 1176 1168 1169
f 1176 1169 1161
f 1163 1162 1164
f 1164 1162 1176
f 1164 1176 1165
f 1165 1176 1177
f 1178 1130 1132
f 1179 1180 1181
f 1132 1182 1178
f 1178 1182 1183
f 1178 1183 1179
f 1179 1181 1178
f 1178 1181 1184
f 1178 1184 1185
f 1186 1187 1188
f 1188 1187 1189
f 1185 1186 1178
f 1178 1186 1188
f 1178 1188 1190
f 1190 1188 1189
f 1190 1189 1191
f 1130 1178 1128
f 1128 1178 1192
f 1128 1192 1126
f 1126 1192 1193
f 1126 1193 1124
f 1124 1193 1194
f 1124 1194 1122
f 1122 1194 1195
f 1122 1195 1120
f 1120 1195 1196
f 1120 1196 1118
f 1118 1196 1197
f 1118 1197 1116
f 1116 1197 1177
f 1116 1177 1135
f 1135 1177 1161
f 1135 1161 1141
f 264 262 1198
f 1179 1183 1199
f 1182 1132 1133
f 1179 1199 1180
f 258 264 1200
f 1200 264 1198
f 1200 1198 1201
f 1201 1198 1202
f 1201 1202 1199
f 1199 1202 1203
f 1199 1203 1180
f 256 258 1108
f 1108 258 1200
f 1108 1200 1109
f 1109 1200 1201
f 1109 1201 1133
f 1133 1201 1199
f 1133 1199 1182
f 1182 1199 1183
f 1204 1205 347
f 1206 261 269
f 1207 1180 1203
f 262 261 1198
f 1198 261 1206
f 1198 1206 1202
f 1203 1208 1207
f 1207 1208 1209
f 1207 1209 1210
f 272 1205 273
f 273 1205 1204
f 273 1204 269
f 269 1204 1211
f 269 1211 1206
f 1206 1211 1212
f 1206 1212 1202
f 347 1213 1204
f 1204 1213 1210
f 1204 1210 1211
f 1211 1210 1209
f 1211 1209 1212
f 1212 1209 1208
f 1212 1208 1202
f 1202 1208 1203
f 348 347 1205
f 272 271 1205
f 1205 271 270
f 1205 270 348
f 1155 1165 1177
f 1214 356 1215
f 1156 1155 1216
f 1216 1155 1177
f 1216 1177 1217
f 1217 1177 1197
f 1217 1197 1218
f 1218 1197 1196
f 1218 1196 1219
f 1219 1196 1195
f 1219 1195 1220
f 1220 1195 1194
f 1220 1194 1221
f 1221 1194 1193
f 1221 1193 1222
f 1222 1193 1192
f 1222 1192 1215
f 1215 1192 1178
f 1215 1178 1214
f 1214 1178 1190
f 1097 1156 1098
f 1098 1156 1216
f 1098 1216 1091
f 1089 1052 1088
f 1088 1052 1053
f 1088 1053 1087
f 1087 1053 1054
f 1087 1054 1085
f 1080 1079 1218
f 1218 1079 1093
f 1091 1216 1093
f 1093 1216 1217
f 1093 1217 1218
f 1085 1054 1084
f 1084 1054 1043
f 1084 1043 1042
f 1222 1062 1061
f 1067 1066 1048
f 1066 1068 1048
f 1048 1068 1069
f 1048 1069 1047
f 1047 1069 1070
f 1047 1070 1046
f 1046 1070 1071
f 1046 1071 1045
f 1045 1071 1072
f 1062 1222 1063
f 1063 1222 1215
f 1063 1215 1064
f 1064 1215 356
f 1064 356 355
f 1061 1067 1222
f 1222 1067 1048
f 1222 1048 1221
f 1221 1048 1049
f 1221 1049 1220
f 1220 1049 1050
f 1220 1050 1219
f 1219 1050 1051
f 1219 1051 1218
f 1218 1051 1052
f 1218 1052 1080
f 1080 1052 1089
f 350 342 1223
f 353 1224 1225
f 1226 1210 1213
f 1207 1210 1227
f 1227 1210 1226
f 1227 1226 1228
f 1191 1229 1224
f 1224 1229 1230
f 1224 1230 1225
f 1225 1230 1186
f 1225 1186 1228
f 1228 1186 1185
f 1228 1185 1227
f 1227 1185 1184
f 1227 1184 1207
f 1207 1184 1181
f 1207 1181 1180
f 1190 1191 1214
f 1214 1191 1224
f 1214 1224 356
f 356 1224 353
f 1213 347 1231
f 1231 347 346
f 1231 346 1223
f 1223 346 349
f 1223 349 350
f 1213 1231 1226
f 1226 1231 1223
f 1226 1223 1228
f 1228 1223 342
f 1228 342 1225
f 1225 342 341
f 1225 341 353
f 1232 1233 1234
f 1234 1233 1235
f 1234 1235 1236
f 1236 1235 1237
f 1236 1237 1238
f 1233 1239 1235
f 1235 1239 1240
f 1235 1240 1237
f 1237 1240 1241
f 1237 1241 948
f 948 1241 1242
f 948 1242 949
f 1238 1237 1243
f 1243 1237 948
f 1243 948 951
f 1244 1232 1245
f 1245 1232 1234
f 1245 1234 1246
f 1246 1234 1236
f 1246 1236 1247
f 1247 1236 1238
f 1247 1238 1248
f 1248 1238 1243
f 1248 1243 946
f 946 1243 951
f 1249 1244 1250
f 1250 1244 1245
f 1250 1245 1251
f 1251 1245 1246
f 1251 1246 1252
f 1252 1246 1247
f 1252 1247 1253
f 1253 1247 1248
f 1253 1248 945
f 945 1248 946
f 1249 1254 1255
f 708 1256 1257
f 1257 1256 1258
f 1257 1258 1259
f 1259 1258 1260
f 1259 1260 1261
f 1261 1260 1255
f 1261 1255 1262
f 1262 1255 1254
f 1262 1254 1263
f 1249 1255 1244
f 1244 1255 1260
f 1244 1260 1232
f 1232 1260 1258
f 1232 1258 1233
f 1233 1258 1256
f 1233 1256 1239
f 641 640 1264
f 644 643 1265
f 1266 1267 1268
f 1269 1270 1271
f 1271 1270 1272
f 1271 1272 1273
f 1274 1273 1275
f 1276 1277 1278
f 1276 1268 1279
f 1279 1268 1267
f 1279 1267 1280
f 1281 1280 1282
f 1282 1280 1267
f 1282 1267 1283
f 1283 1267 1266
f 1283 1266 1284
f 1285 1286 1287
f 1273 1272 1275
f 1275 1272 1288
f 1275 1288 1289
f 1289 1288 1290
f 1289 1290 1291
f 1263 1281 1292
f 1292 1281 1282
f 1292 1282 1293
f 1293 1282 1283
f 1293 1283 1294
f 1294 1283 1284
f 1294 1284 1264
f 1295 1296 1265
f 1297 1298 1299
f 1285 1287 1300
f 1300 1287 1301
f 1300 1301 1302
f 1302 1301 655
f 1302 655 656
f 656 657 1302
f 1302 657 1296
f 1302 1296 1300
f 1300 1296 1295
f 1300 1295 1285
f 657 658 1296
f 1296 658 647
f 1296 647 1265
f 1265 647 646
f 1265 646 644
f 1274 1275 1303
f 1303 1275 1289
f 1303 1289 1304
f 1304 1289 1291
f 1304 1291 1305
f 1305 1291 659
f 1305 659 661
f 1270 1286 1272
f 1272 1286 1285
f 1272 1285 1288
f 1288 1285 1295
f 1288 1295 1290
f 1290 1295 1265
f 1290 1265 1291
f 1291 1265 643
f 1291 643 659
f 667 1298 661
f 661 1298 1297
f 661 1297 1305
f 1305 1297 1306
f 1305 1306 1304
f 1304 1306 1278
f 1304 1278 1303
f 1303 1278 1277
f 1303 1277 1274
f 667 666 1298
f 1298 666 664
f 1298 664 1299
f 1299 664 663
f 1276 1278 1268
f 1268 1278 1306
f 1268 1306 1266
f 1266 1306 1297
f 1266 1297 1284
f 1284 1297 1299
f 1284 1299 1264
f 1264 1299 663
f 1264 663 641
f 1263 1292 1262
f 1262 1292 1293
f 1262 1293 1261
f 1261 1293 1294
f 1261 1294 1259
f 1259 1294 1264
f 1259 1264 1257
f 1257 1264 640
f 1257 640 708
f 1307 1308 1309
f 1269 1307 1310
f 1269 1310 1270
f 1270 1310 1311
f 1270 1311 1286
f 1286 1311 1312
f 1286 1312 1287
f 1307 1309 1310
f 1310 1309 1313
f 1310 1313 1311
f 1311 1313 1314
f 1311 1314 1312
f 1312 1314 1315
f 1312 1315 1316
f 1287 1312 1301
f 1301 1312 1316
f 1301 1316 655
f 1317 1315 1314
f 1318 1319 1320
f 1320 1319 1321
f 1319 1322 1321
f 1321 1322 1323
f 1321 1323 1324
f 1324 1323 1325
f 1324 1325 1326
f 1313 1324 1314
f 1314 1324 1326
f 1314 1326 1317
f 1313 1327 1324
f 1324 1327 1328
f 1324 1328 1321
f 1321 1328 1329
f 1321 1329 1320
f 1330 1318 1331
f 1331 1318 1320
f 1331 1320 1332
f 1332 1320 1329
f 1332 1329 1333
f 1333 1329 1328
f 1333 1328 1334
f 1334 1328 1327
f 1334 1327 1309
f 1309 1327 1313
f 1335 1330 1336
f 1336 1330 1331
f 1336 1331 1337
f 1337 1331 1332
f 1337 1332 1338
f 1338 1332 1333
f 1338 1333 1339
f 1339 1333 1334
f 1339 1334 1308
f 1308 1334 1309
f 1340 869 870
f 870 871 1341
f 1342 1343 1344
f 1343 1342 1335
f 869 1340 858
f 858 1340 1345
f 858 1345 859
f 859 1345 1342
f 859 1342 861
f 861 1342 1344
f 861 1344 575
f 1346 1347 1340
f 870 1341 1340
f 1340 1341 1348
f 1340 1348 1346
f 1335 1342 1330
f 1330 1342 1345
f 1330 1345 1318
f 1318 1345 1340
f 1318 1340 1319
f 1319 1340 1347
f 1319 1347 1322
f 1349 1249 1350
f 1350 1249 1250
f 1350 1250 1351
f 945 953 1253
f 1253 953 1352
f 1253 1352 1252
f 1252 1352 1351
f 1252 1351 1251
f 1251 1351 1250
f 1353 1354 1355
f 1355 1354 1356
f 1357 1358 1359
f 1359 1358 1360
f 1361 1357 1362
f 1362 1357 1359
f 1362 1359 1363
f 1363 1359 1360
f 1363 1360 1364
f 1365 1366 1367
f 1367 1366 1368
f 1367 1368 1369
f 1355 1365 1353
f 1353 1365 1367
f 1353 1367 1370
f 1370 1367 1369
f 1370 1369 1371
f 1372 1361 1371
f 1371 1361 1362
f 1371 1362 1370
f 1370 1362 1363
f 1370 1363 1353
f 1353 1363 1364
f 1353 1364 1354
f 953 1372 1352
f 1352 1372 1371
f 1352 1371 1351
f 1351 1371 1369
f 1351 1369 1350
f 1350 1369 1368
f 1350 1368 1349
f 1349 1368 1366
f 957 1358 1357
f 957 1357 956
f 956 1357 1361
f 956 1361 955
f 955 1361 1372
f 955 1372 954
f 954 1372 953
f 954 953 952
f 1373 1308 1374
f 1374 1308 1307
f 1374 1307 1375
f 1375 1307 1269
f 1375 1269 1376
f 1376 1269 1271
f 1376 1271 1377
f 1377 1271 1273
f 1377 1273 1378
f 1378 1273 1274
f 1378 1274 1379
f 1379 1274 1277
f 1379 1277 1380
f 1380 1277 1276
f 1380 1276 1381
f 1381 1276 1279
f 1381 1279 1382
f 1382 1279 1280
f 1382 1280 1383
f 1383 1280 1281
f 1383 1281 1384
f 1384 1281 1263
f 1384 1263 1385
f 1385 1263 1254
f 1385 1254 1349
f 1349 1254 1249
f 936 576 575
f 1335 1386 1343
f 1343 1386 1387
f 936 575 1387
f 1387 575 1344
f 1387 1344 1343
f 1386 1335 1388
f 1388 1335 1336
f 1388 1336 1389
f 1308 1373 1339
f 1339 1373 1390
f 1339 1390 1338
f 1338 1390 1389
f 1338 1389 1337
f 1337 1389 1336
f 1391 966 958
f 957 963 1358
f 963 961 1358
f 1358 961 1010
f 1358 1010 1360
f 1360 1010 1009
f 1005 1356 1007
f 1007 1356 1354
f 1007 1354 1009
f 1009 1354 1364
f 1009 1364 1360
f 1003 1392 1005
f 1005 1392 1393
f 1005 1393 1356
f 1003 1001 1392
f 1392 1001 999
f 1392 999 1394
f 1394 999 998
f 1394 998 1395
f 1395 998 996
f 1395 996 1396
f 1396 996 994
f 994 992 1396
f 1396 992 990
f 1396 990 1397
f 1397 990 988
f 1397 988 1398
f 1398 988 1399
f 988 986 1399
f 1399 986 984
f 1399 984 1400
f 1400 984 982
f 982 981 1400
f 1400 981 978
f 1400 978 1401
f 1401 978 1402
f 1402 978 977
f 1402 977 1403
f 1403 977 975
f 1403 975 1404
f 1404 975 973
f 1404 973 1405
f 1405 973 971
f 1405 971 1406
f 1406 971 1407
f 1407 971 969
f 1407 969 1391
f 1391 969 968
f 1391 968 966
f 935 936 1387
f 1387 1408 935
f 935 1408 1409
f 935 1409 933
f 933 1409 1410
f 933 1410 931
f 931 1410 958
f 931 958 928
f 1391 958 1410
f 1391 1410 1411
f 1411 1410 1409
f 1411 1409 1412
f 1412 1409 1408
f 1412 1408 1413
f 1413 1408 1387
f 1413 1387 1386
f 1414 1415 1416
f 1416 1404 1417
f 1417 1404 1405
f 1417 1405 1418
f 1418 1405 1406
f 1418 1406 1419
f 1419 1406 1407
f 1412 1419 1411
f 1411 1419 1407
f 1411 1407 1391
f 1416 1417 1414
f 1414 1417 1418
f 1414 1418 1420
f 1420 1418 1419
f 1420 1419 1421
f 1421 1419 1412
f 1421 1412 1413
f 1422 1423 1424
f 1413 1425 1421
f 1421 1425 1426
f 1421 1426 1420
f 1420 1426 1422
f 1420 1422 1414
f 1414 1422 1424
f 1414 1424 1415
f 1373 1423 1390
f 1390 1423 1422
f 1390 1422 1389
f 1389 1422 1426
f 1389 1426 1388
f 1388 1426 1425
f 1388 1425 1386
f 1386 1425 1413
f 1427 1428 1429
f 1392 1430 1393
f 1393 1430 1355
f 1393 1355 1356
f 1431 1402 1403
f 1402 1431 1401
f 1401 1431 1432
f 1401 1432 1400
f 1400 1432 1433
f 1400 1433 1399
f 1399 1433 1434
f 1399 1434 1398
f 1398 1434 1435
f 1398 1435 1397
f 1397 1435 1436
f 1397 1436 1396
f 1396 1436 1437
f 1396 1437 1395
f 1395 1437 1438
f 1395 1438 1394
f 1415 1431 1416
f 1416 1431 1403
f 1416 1403 1404
f 1365 1355 1439
f 1439 1355 1430
f 1439 1430 1440
f 1440 1430 1392
f 1440 1392 1394
f 1441 1438 1442
f 1442 1438 1437
f 1442 1437 1443
f 1443 1437 1436
f 1443 1436 1444
f 1444 1436 1435
f 1444 1435 1445
f 1445 1435 1434
f 1445 1434 1446
f 1446 1434 1433
f 1446 1433 1447
f 1447 1433 1432
f 1447 1432 1448
f 1448 1432 1431
f 1448 1431 1449
f 1449 1431 1415
f 1449 1415 1424
f 1428 1441 1429
f 1429 1441 1442
f 1429 1442 1450
f 1450 1442 1443
f 1450 1443 1451
f 1451 1443 1444
f 1451 1444 1452
f 1452 1444 1445
f 1452 1445 1453
f 1453 1445 1446
f 1453 1446 1454
f 1454 1446 1447
f 1454 1447 1455
f 1455 1447 1448
f 1455 1448 1456
f 1456 1448 1449
f 1456 1449 1457
f 1457 1449 1424
f 1457 1424 1423
f 1427 1429 1458
f 1458 1429 1450
f 1458 1450 1459
f 1459 1450 1451
f 1459 1451 1460
f 1460 1451 1452
f 1460 1452 1461
f 1461 1452 1453
f 1461 1453 1462
f 1462 1453 1454
f 1462 1454 1463
f 1463 1454 1455
f 1463 1455 1464
f 1464 1455 1456
f 1464 1456 1465
f 1465 1456 1457
f 1465 1457 1466
f 1466 1457 1423
f 1466 1423 1373
f 1373 1374 1466
f 1466 1374 1375
f 1466 1375 1465
f 1465 1375 1376
f 1465 1376 1464
f 1464 1376 1377
f 1464 1377 1463
f 1463 1377 1378
f 1463 1378 1462
f 1462 1378 1379
f 1462 1379 1461
f 1461 1379 1380
f 1461 1380 1460
f 1460 1380 1381
f 1460 1381 1459
f 1459 1381 1382
f 1459 1382 1458
f 1458 1382 1383
f 1458 1383 1427
f 1427 1383 1384
f 1427 1384 1385
f 1394 1438 1440
f 1440 1438 1441
f 1440 1441 1439
f 1439 1441 1428
f 1439 1428 1365
f 1365 1428 1427
f 1365 1427 1366
f 1366 1427 1385
f 1366 1385 1349
f 111 112 1467
f 1468 1469 1470
f 1470 1469 1471
f 1470 1471 1472
f 1473 88 86
f 86 111 1473
f 1473 111 1467
f 1473 1467 1471
f 1471 1467 1474
f 1471 1474 1472
f 91 95 1475
f 1475 95 94
f 1476 1477 1478
f 1479 1477 1480
f 1480 1477 1476
f 1480 1476 1481
f 94 90 1475
f 1475 90 88
f 1475 88 1478
f 1478 88 1473
f 1478 1473 1476
f 1476 1473 1471
f 1476 1471 1481
f 1481 1471 1469
f 1482 1483 1484
f 1484 1483 1485
f 1486 1487 1488
f 166 165 170
f 170 165 1489
f 1490 150 1491
f 1491 150 149
f 149 146 1491
f 1491 146 168
f 1491 168 1489
f 1489 168 169
f 1489 169 170
f 1489 1487 1491
f 1491 1487 1486
f 1491 1486 1490
f 1490 1486 1492
f 1493 1494 1495
f 1488 1496 1486
f 1486 1496 1493
f 1486 1493 1492
f 1492 1493 1495
f 1492 1495 1490
f 1497 1498 1499
f 1499 1500 1497
f 1497 1500 1488
f 1497 1488 1501
f 164 1502 165
f 165 1502 1503
f 165 1503 1489
f 1489 1503 1501
f 1489 1501 1487
f 1487 1501 1488
f 1504 1505 1506
f 1507 1508 1509
f 1509 1508 1510
f 1509 1510 1511
f 1511 1510 1512
f 1511 1512 1513
f 1513 1512 1514
f 1513 1514 1515
f 1499 1498 1516
f 1509 1500 1499
f 1499 1516 1509
f 1509 1516 1517
f 1509 1517 1507
f 1488 1500 1496
f 1496 1500 1509
f 1496 1509 1493
f 1493 1509 1511
f 1493 1511 1494
f 1506 1505 1511
f 1511 1505 1518
f 1511 1518 1494
f 1519 1520 1521
f 1521 1520 1504
f 1522 1523 1519
f 1521 1524 1525
f 1519 1521 1522
f 1522 1521 1525
f 1522 1525 1526
f 1504 1506 1521
f 1521 1506 1527
f 1521 1527 1524
f 1513 1528 1511
f 1511 1528 1529
f 1511 1529 1506
f 1506 1529 1530
f 1506 1530 1527
f 1518 1505 1531
f 1494 1518 138
f 138 140 1494
f 1494 140 141
f 1494 141 1495
f 150 1490 152
f 152 1490 1495
f 152 1495 143
f 143 1495 141
f 1518 1531 138
f 138 1531 1532
f 138 1532 135
f 135 1532 133
f 133 1532 1533
f 133 1533 131
f 131 1533 1534
f 131 1534 129
f 129 1534 1535
f 129 1535 127
f 127 1535 1536
f 127 1536 125
f 125 1536 1537
f 125 1537 123
f 123 1537 1538
f 123 1538 121
f 121 1538 1539
f 121 1539 117
f 1539 1468 117
f 117 1468 1470
f 117 1470 115
f 115 1470 1472
f 115 1472 106
f 112 107 1467
f 1467 107 106
f 1467 106 1474
f 1474 106 1472
f 1540 1538 1537
f 1519 1523 1541
f 1542 1543 1544
f 1543 1545 1544
f 1544 1545 1546
f 1544 1546 1547
f 1520 1519 1548
f 1548 1519 1541
f 1548 1541 1549
f 1549 1541 1550
f 1549 1550 1551
f 1551 1550 1552
f 1551 1552 1553
f 1505 1504 1531
f 1531 1504 1520
f 1531 1520 1532
f 1532 1520 1548
f 1532 1548 1533
f 1533 1548 1549
f 1533 1549 1534
f 1534 1549 1551
f 1534 1551 1535
f 1535 1551 1553
f 1535 1553 1536
f 1552 1542 1553
f 1553 1542 1544
f 1553 1544 1536
f 1536 1544 1547
f 1536 1547 1537
f 1537 1547 1554
f 1537 1554 1540
f 1541 1523 1522
f 1550 1541 1555
f 1555 1541 1522
f 1555 1522 1526
f 1542 1556 1557
f 1557 1558 1559
f 1542 1557 1543
f 1543 1557 1559
f 1543 1559 1545
f 1555 1560 1550
f 1550 1560 1561
f 1550 1561 1552
f 1552 1561 1562
f 1552 1562 1542
f 1542 1562 1563
f 1542 1563 1556
f 1564 1565 1566
f 1566 1565 1558
f 1566 1558 1567
f 1567 1558 1568
f 1558 1557 1568
f 1568 1557 1556
f 1568 1556 1569
f 1569 1556 1563
f 1569 1563 1570
f 1570 1563 1571
f 1563 1562 1571
f 1571 1562 1561
f 1571 1561 1572
f 1572 1561 1573
f 1561 1560 1573
f 1573 1560 1555
f 1573 1555 1574
f 1574 1555 1526
f 1574 1526 1575
f 1575 1526 1525
f 1575 1525 1524
f 1576 1577 1578
f 1579 1580 1581
f 1582 1583 1584
f 1585 1586 1587
f 1588 1589 1590
f 1591 1592 1593
f 1594 1595 1596
f 887 885 1597
f 890 889 1598
f 1598 889 888
f 1598 888 896
f 885 883 1589
f 1599 867 887
f 1600 1601 1602
f 1602 1603 1600
f 1600 1603 1604
f 1600 1604 1605
f 1604 1606 1605
f 1605 1606 1607
f 1605 1607 1596
f 1596 1607 1608
f 1596 1608 1594
f 1609 1610 1611
f 1611 1610 1612
f 1611 1612 1613
f 1614 1615 1616
f 1614 1616 1617
f 1618 1619 1620
f 1620 1619 1617
f 1615 1621 1616
f 1616 1621 1622
f 1616 1622 1623
f 1623 1624 1616
f 1616 1624 1625
f 1616 1625 1609
f 1609 1625 1626
f 1609 1626 1610
f 1617 1616 1620
f 1620 1616 1627
f 1620 1627 1628
f 1628 1627 1629
f 1628 1629 1630
f 1631 1632 1633
f 1581 1634 1632
f 1580 1635 1581
f 1581 1635 1636
f 1581 1636 1634
f 1637 1638 1639
f 1639 1638 1640
f 1639 1640 1641
f 1642 1643 1644
f 1644 1643 1645
f 1646 1647 1642
f 1642 1647 1648
f 1642 1648 1643
f 1649 1598 1650
f 1650 1598 896
f 1650 896 897
f 883 881 1589
f 1589 881 890
f 1589 890 1590
f 1590 890 1598
f 1590 1598 1651
f 1651 1598 1649
f 1651 1649 1652
f 1653 1588 1654
f 1654 1588 1590
f 1654 1590 1655
f 1655 1590 1651
f 1655 1651 1646
f 1646 1651 1652
f 1646 1652 1647
f 1583 1585 1656
f 1585 1587 1656
f 1656 1587 1657
f 1656 1657 1658
f 1658 1657 1659
f 1658 1659 1660
f 1583 1656 1584
f 1584 1656 1658
f 1584 1658 1661
f 1661 1658 1660
f 1661 1660 1662
f 1582 1584 1663
f 1663 1584 1661
f 1663 1661 1664
f 1664 1661 1662
f 1664 1662 1665
f 1666 1667 1668
f 1668 1667 1669
f 1668 1669 1670
f 1670 1669 1671
f 1670 1671 1672
f 1672 1671 1673
f 1672 1673 1674
f 1675 1676 1677
f 1677 1676 1678
f 1677 1678 1679
f 1679 1678 1680
f 1679 1680 1681
f 1681 1680 1682
f 1681 1682 1683
f 1683 1682 1684
f 1685 1675 1686
f 1686 1675 1677
f 1686 1677 1687
f 1687 1677 1679
f 1687 1679 1688
f 1688 1679 1681
f 1688 1681 1689
f 1689 1681 1683
f 1690 1691 1692
f 1692 1691 1693
f 1692 1693 1694
f 1694 1693 1695
f 1694 1695 1696
f 1696 1695 1697
f 1696 1697 1665
f 1665 1697 1698
f 1665 1698 1664
f 1664 1698 1699
f 1664 1699 1663
f 1663 1699 1700
f 1663 1700 1582
f 1674 1701 1672
f 1672 1701 1702
f 1672 1702 1670
f 1670 1702 1703
f 1670 1703 1668
f 1668 1703 1704
f 1668 1704 1666
f 1666 1704 1705
f 1666 1705 1706
f 1706 1705 1593
f 1637 1707 1638
f 1638 1707 1706
f 1638 1706 1640
f 1640 1706 1593
f 1640 1593 1641
f 1641 1593 1592
f 1707 1708 1706
f 1706 1708 1709
f 1706 1709 1666
f 1666 1709 1710
f 1666 1710 1667
f 1710 1711 1667
f 1667 1711 1712
f 1667 1712 1669
f 1669 1712 1713
f 1669 1713 1671
f 1671 1713 1714
f 1671 1714 1673
f 1629 1715 1716
f 1717 1630 1718
f 1718 1630 1629
f 1718 1629 1719
f 1719 1629 1716
f 1720 1721 1722
f 1722 1721 1723
f 1722 1723 1724
f 1724 1723 1725
f 1724 1725 1726
f 1700 1720 1582
f 1582 1720 1722
f 1582 1722 1583
f 1583 1722 1724
f 1583 1724 1585
f 1585 1724 1726
f 1585 1726 1586
f 1586 1726 1727
f 1586 1727 1587
f 1587 1727 1728
f 1587 1728 1657
f 1657 1728 1729
f 1657 1729 1659
f 1730 1635 1731
f 1731 1635 1580
f 1731 1580 1732
f 1732 1580 1579
f 1732 1579 1733
f 1734 1735 1736
f 1736 1735 1737
f 1736 1737 1738
f 1738 1737 1739
f 1738 1739 1740
f 1740 1739 1741
f 1632 1631 1581
f 1581 1631 1742
f 1581 1742 1579
f 1579 1742 1743
f 1579 1743 1733
f 1733 1743 1744
f 1733 1744 1745
f 1746 1734 1747
f 1747 1734 1736
f 1747 1736 1748
f 1748 1736 1738
f 1748 1738 1749
f 1749 1738 1740
f 1749 1740 1674
f 1674 1740 1741
f 1674 1741 1701
f 1750 1751 1745
f 1745 1751 1752
f 1745 1752 1733
f 1733 1752 1753
f 1733 1753 1732
f 1732 1753 1754
f 1732 1754 1731
f 1731 1754 1755
f 1731 1755 1730
f 1735 1721 1737
f 1737 1721 1720
f 1737 1720 1739
f 1739 1720 1700
f 1739 1700 1741
f 1741 1700 1699
f 1741 1699 1701
f 1701 1699 1698
f 1701 1698 1702
f 1702 1698 1697
f 1702 1697 1703
f 1703 1697 1695
f 1703 1695 1704
f 1704 1695 1693
f 1704 1693 1705
f 1705 1693 1691
f 1705 1691 1593
f 1593 1691 1690
f 1593 1690 1591
f 1576 1578 1600
f 887 1597 1599
f 1599 1597 1756
f 1599 1756 1757
f 1757 1756 1758
f 1757 1758 1759
f 1759 1758 1760
f 1759 1760 1761
f 1761 1760 1762
f 1761 1762 1763
f 1644 1685 1642
f 1642 1685 1686
f 1642 1686 1646
f 1646 1686 1687
f 1646 1687 1655
f 1655 1687 1688
f 1655 1688 1654
f 1654 1688 1689
f 1654 1689 1653
f 1653 1689 1683
f 1653 1683 1764
f 1764 1683 1684
f 1764 1684 1765
f 1765 1684 1766
f 1765 1766 1767
f 1767 1766 1768
f 1577 1763 1578
f 1578 1763 1762
f 1578 1762 1769
f 1769 1762 1770
f 1769 1770 1771
f 1771 1770 1772
f 1771 1772 1773
f 885 1589 1597
f 1597 1589 1588
f 1597 1588 1756
f 1756 1588 1653
f 1756 1653 1758
f 1758 1653 1764
f 1758 1764 1760
f 1760 1764 1765
f 1760 1765 1762
f 1762 1765 1767
f 1762 1767 1770
f 1770 1767 1768
f 1770 1768 1772
f 1715 1629 1773
f 1773 1629 1627
f 1773 1627 1771
f 1771 1627 1616
f 1771 1616 1769
f 1769 1616 1609
f 1769 1609 1578
f 1578 1609 1611
f 1578 1611 1600
f 1600 1611 1613
f 1600 1613 1601
f 1714 1750 1673
f 1673 1750 1745
f 1673 1745 1674
f 1674 1745 1744
f 1674 1744 1749
f 1749 1744 1743
f 1749 1743 1748
f 1748 1743 1742
f 1748 1742 1747
f 1747 1742 1631
f 1747 1631 1746
f 1746 1631 1633
f 1633 1717 1746
f 1746 1717 1718
f 1746 1718 1734
f 1734 1718 1719
f 1734 1719 1735
f 1735 1719 1716
f 1735 1716 1721
f 1721 1716 1715
f 1721 1715 1723
f 1723 1715 1773
f 1723 1773 1725
f 1725 1773 1772
f 1725 1772 1726
f 1726 1772 1768
f 1726 1768 1727
f 1727 1768 1766
f 1727 1766 1728
f 1728 1766 1684
f 1728 1684 1729
f 1729 1684 1682
f 1729 1682 1659
f 1659 1682 1680
f 1659 1680 1660
f 1660 1680 1678
f 1660 1678 1662
f 1662 1678 1676
f 1662 1676 1665
f 1665 1676 1675
f 1665 1675 1696
f 1696 1675 1685
f 1696 1685 1694
f 1694 1685 1644
f 1694 1644 1692
f 1692 1644 1645
f 1692 1645 1690
f 1774 1513 1775
f 1775 1513 1515
f 1776 92 91
f 1776 91 1777
f 1778 1779 1780
f 1778 1780 1781
f 91 1475 1777
f 1777 1475 1478
f 1777 1478 1782
f 1782 1478 1477
f 1782 1477 1780
f 1780 1477 1479
f 1780 1479 1781
f 1783 1483 1784
f 1483 1482 1785
f 1783 1784 1786
f 1787 1788 1564
f 1564 1788 1789
f 1564 1789 1565
f 1787 1790 1788
f 1788 1790 1791
f 1788 1791 1786
f 1559 1558 1565
f 1565 1789 1559
f 1559 1789 1546
f 1559 1546 1545
f 1538 1540 1788
f 1788 1540 1554
f 1788 1554 1789
f 1789 1554 1547
f 1789 1547 1546
f 1786 1784 1788
f 1788 1784 1539
f 1788 1539 1538
f 1480 1481 1792
f 1792 1481 1469
f 1792 1469 1784
f 1784 1469 1468
f 1784 1468 1539
f 1483 1785 1784
f 1784 1785 1793
f 1784 1793 1792
f 1792 1793 1794
f 1792 1794 1795
f 1795 1796 1792
f 1792 1796 1797
f 1792 1797 1779
f 1479 1480 1781
f 1781 1480 1792
f 1781 1792 1778
f 1778 1792 1779
f 1608 158 1594
f 1594 158 157
f 1594 157 1595
f 1595 157 163
f 1595 163 1798
f 1798 163 1799
f 1603 1502 1604
f 1604 1502 164
f 1604 164 1606
f 1606 164 158
f 1606 158 1607
f 1607 158 1608
f 1613 1503 1601
f 1601 1503 1502
f 1601 1502 1602
f 1602 1502 1603
f 1610 1501 1612
f 1612 1501 1503
f 1612 1503 1613
f 1617 1514 1614
f 1614 1514 1512
f 1614 1512 1615
f 1615 1512 1510
f 1615 1510 1621
f 1621 1510 1508
f 1621 1508 1622
f 1508 1507 1622
f 1622 1507 1517
f 1622 1517 1623
f 1623 1517 1516
f 1623 1516 1624
f 1624 1516 1498
f 1624 1498 1625
f 1625 1498 1497
f 1625 1497 1626
f 1626 1497 1501
f 1626 1501 1610
f 1800 1801 1802
f 1802 1801 1803
f 1802 1803 1804
f 1805 1806 1804
f 1807 1808 1809
f 1809 1808 1810
f 1809 1810 1811
f 1807 1812 1808
f 1808 1812 1813
f 1808 1813 1814
f 1815 1816 1817
f 1818 1819 1820
f 1817 1821 1815
f 1815 1821 1818
f 1815 1818 1822
f 1822 1818 1820
f 1822 1820 1755
f 1823 1824 1809
f 1809 1824 1825
f 1809 1825 1807
f 1807 1825 1826
f 1807 1826 1812
f 1812 1826 1817
f 1812 1817 1813
f 1813 1817 1816
f 1813 1816 1814
f 1805 1804 1827
f 1827 1804 1803
f 1827 1803 1828
f 1811 1806 1809
f 1809 1806 1805
f 1809 1805 1823
f 1823 1805 1827
f 1823 1827 1829
f 1829 1827 1828
f 1829 1828 1830
f 1831 1832 1801
f 1833 1785 1834
f 1834 1785 1482
f 1834 1482 1800
f 1800 1482 1484
f 1800 1484 1801
f 1801 1484 1485
f 1801 1485 1831
f 1513 1774 1528
f 1528 1774 1835
f 1528 1835 1529
f 1529 1835 1530
f 1530 1835 1527
f 1527 1835 1836
f 1527 1836 1837
f 1837 1838 1527
f 1527 1838 1839
f 1527 1839 1524
f 1524 1839 1840
f 1524 1840 1575
f 1575 1840 1841
f 1787 1564 1566
f 1842 1843 1790
f 1566 1844 1787
f 1787 1844 1845
f 1787 1845 1790
f 1790 1845 1846
f 1790 1846 1842
f 1843 1832 1790
f 1790 1832 1831
f 1790 1831 1791
f 1791 1831 1786
f 1485 1483 1831
f 1831 1483 1783
f 1831 1783 1786
f 1847 1848 1569
f 1569 1848 1849
f 1569 1849 1568
f 1568 1849 1844
f 1568 1844 1567
f 1567 1844 1566
f 1569 1570 1847
f 1847 1570 1571
f 1847 1571 1850
f 1850 1571 1572
f 1850 1572 1851
f 1851 1572 1573
f 1851 1573 1841
f 1841 1573 1574
f 1841 1574 1575
f 1514 1617 1515
f 1515 1617 1619
f 1515 1619 1775
f 1775 1619 1618
f 1775 1618 1774
f 1774 1618 1852
f 1774 1852 1835
f 1835 1852 1836
f 1853 1777 1854
f 1854 1777 1782
f 1854 1782 1855
f 1856 1855 1782
f 1785 1833 1793
f 1793 1833 1857
f 1793 1857 1794
f 1794 1857 1858
f 1794 1858 1795
f 1795 1858 1859
f 1795 1859 1796
f 1796 1859 1860
f 1796 1860 1797
f 1797 1860 1861
f 1797 1861 1779
f 1779 1861 1862
f 1779 1862 1780
f 1780 1862 1863
f 1780 1863 1782
f 1782 1863 1864
f 1782 1864 1856
f 1865 1866 96
f 1865 96 1867
f 1867 96 93
f 1867 93 1868
f 1866 1869 96
f 96 1869 1870
f 96 1870 97
f 97 1870 1871
f 97 1871 1872
f 1868 93 1873
f 1873 93 92
f 1873 92 1874
f 1874 92 1776
f 1874 1776 1875
f 1875 1776 1777
f 1875 1777 1853
f 1876 1877 1878
f 98 97 1878
f 1878 97 1872
f 1878 1872 1876
f 670 639 1879
f 1880 1881 1882
f 699 700 1883
f 1884 1885 1886
f 1887 1888 1889
f 1872 1871 1890
f 1872 1890 1876
f 1876 1890 1891
f 1876 1891 1892
f 1892 1893 1876
f 1876 1893 1894
f 1876 1894 1895
f 1895 1896 1876
f 1876 1896 1897
f 1876 1897 1877
f 1871 1870 1890
f 1890 1870 1898
f 1890 1898 1899
f 1900 1901 1902
f 1902 1901 1903
f 1902 1903 1904
f 950 949 1905
f 1905 949 1242
f 1242 1241 1905
f 1905 1241 1240
f 1905 1240 1239
f 1906 856 853
f 853 852 1906
f 1906 852 944
f 1906 944 942
f 1907 1888 1908
f 1908 1888 1887
f 1908 1887 1909
f 1910 1909 1911
f 1911 1909 1887
f 1911 1887 1912
f 1912 1887 1889
f 1912 1889 1913
f 1913 1889 1914
f 1913 1914 1915
f 1915 1914 1916
f 1239 1884 1905
f 1905 1884 1886
f 1905 1886 950
f 950 1886 1906
f 950 1906 941
f 941 1906 942
f 700 1916 1883
f 1883 1916 1914
f 1883 1914 1885
f 1885 1914 1889
f 1885 1889 1886
f 1886 1889 1888
f 1886 1888 1906
f 1906 1888 1907
f 1906 1907 856
f 1256 708 1917
f 1917 708 709
f 1917 709 1918
f 1918 709 703
f 1918 703 698
f 1239 1256 1884
f 1884 1256 1917
f 1884 1917 1885
f 1885 1917 1918
f 1885 1918 1883
f 1883 1918 698
f 1883 698 699
f 638 1919 1920
f 1920 1919 1900
f 1920 1900 1921
f 1921 1900 1902
f 1921 1902 1922
f 1922 1902 1904
f 1922 1904 1923
f 1923 1880 1924
f 1923 1924 1922
f 1922 1924 1925
f 1922 1925 1921
f 1921 1925 1879
f 1921 1879 1920
f 1920 1879 639
f 1920 639 638
f 1898 1926 1899
f 1899 1926 1927
f 1899 1927 1928
f 1927 1929 1928
f 1928 1929 1930
f 1928 1930 1911
f 1911 1930 1931
f 1911 1931 1910
f 1880 1882 1924
f 1924 1882 1932
f 1924 1932 1925
f 1925 1932 1933
f 1925 1933 1879
f 1879 1933 668
f 1879 668 670
f 1903 1890 1904
f 1904 1890 1899
f 1904 1899 1923
f 1923 1899 1928
f 1923 1928 1880
f 1880 1928 1911
f 1880 1911 1881
f 1881 1911 1912
f 1881 1912 1882
f 1882 1912 1913
f 1882 1913 1932
f 1932 1913 1915
f 1932 1915 1933
f 1933 1915 1916
f 1933 1916 668
f 668 1916 700
f 1934 1935 1936
f 1934 1891 1890
f 1934 1936 1937
f 1937 1936 1938
f 1937 1938 1939
f 70 1939 69
f 69 1939 1938
f 69 1938 67
f 59 61 1940
f 63 67 1941
f 1941 67 1938
f 1941 1938 1942
f 1942 1938 1936
f 1942 1936 1943
f 1943 1936 1935
f 61 63 1940
f 1940 63 1941
f 1940 1941 1944
f 1944 1941 1942
f 1944 1942 1945
f 1945 1942 1943
f 1934 1890 1935
f 1935 1890 1903
f 1935 1903 1943
f 1943 1903 1901
f 1943 1901 1945
f 1945 1901 1900
f 1945 1900 1919
f 59 1940 725
f 725 1940 1944
f 725 1944 726
f 726 1944 1945
f 726 1945 722
f 722 1945 1919
f 722 1919 638
f 76 1892 78
f 78 1892 1891
f 78 1891 79
f 99 1897 82
f 82 1897 1896
f 82 1896 73
f 73 1896 1895
f 73 1895 74
f 74 1895 1894
f 74 1894 76
f 76 1894 1893
f 76 1893 1892
f 99 98 1897
f 1897 98 1878
f 1897 1878 1877
f 1891 1934 79
f 79 1934 1937
f 79 1937 80
f 80 1937 1939
f 80 1939 81
f 81 1939 70
f 81 70 71
f 1946 1947 1948
f 1347 1346 1949
f 1605 1596 1950
f 1950 1596 1595
f 1950 1595 1798
f 1951 1952 1953
f 1953 1952 1954
f 1798 1799 1953
f 1953 1799 1955
f 1953 1955 1956
f 1956 1957 1953
f 1953 1957 1958
f 1953 1958 1951
f 1954 1959 1953
f 1953 1959 1960
f 1953 1960 1798
f 1798 1960 1961
f 1798 1961 1950
f 1346 1348 1949
f 1949 1348 1341
f 1949 1341 871
f 1326 1325 1962
f 1962 1325 1323
f 1963 1316 1315
f 1963 650 1316
f 1316 650 649
f 1316 649 655
f 1964 1965 1966
f 1966 1965 653
f 1966 653 652
f 1605 1950 1967
f 1967 1950 1968
f 1967 1968 1969
f 718 716 1963
f 1963 716 715
f 1963 715 650
f 628 719 1948
f 628 1970 629
f 629 1970 1971
f 629 1971 692
f 692 1971 1972
f 692 1972 693
f 719 718 1948
f 1948 718 1963
f 1948 1963 1946
f 1946 1963 1315
f 1946 1315 1317
f 1317 1326 1946
f 1946 1326 1962
f 1946 1962 1947
f 1947 1962 1973
f 1947 1973 1974
f 1974 1973 1975
f 1974 1975 1976
f 1976 1975 1977
f 1976 1977 1978
f 1978 1977 1979
f 1978 1979 1980
f 1323 1322 1962
f 1962 1322 1347
f 1962 1347 1973
f 1973 1347 1949
f 1973 1949 1975
f 1975 1949 1981
f 1975 1981 1977
f 1977 1981 1982
f 1977 1982 1979
f 1979 1982 1983
f 1979 1983 1980
f 871 868 1949
f 1949 868 867
f 1949 867 1981
f 1981 867 1599
f 1981 1599 1982
f 1982 1599 1757
f 1982 1757 1983
f 1577 1576 1984
f 1984 1576 1600
f 1985 1965 1986
f 1986 1965 1964
f 1986 1964 1987
f 1987 1964 1966
f 1987 1966 1988
f 1988 1966 652
f 1988 652 695
f 1970 1989 1971
f 1971 1989 1990
f 1971 1990 1972
f 1972 1990 1991
f 1972 1991 1992
f 1992 1991 1993
f 1992 1993 1994
f 1994 1993 1995
f 1994 1995 1969
f 1969 1995 1984
f 1969 1984 1967
f 1967 1984 1600
f 1967 1600 1605
f 1968 1985 1969
f 1969 1985 1986
f 1969 1986 1994
f 1994 1986 1987
f 1994 1987 1992
f 1992 1987 1988
f 1992 1988 1972
f 1972 1988 695
f 1972 695 693
f 1757 1759 1983
f 1983 1759 1761
f 1983 1761 1763
f 628 1948 1970
f 1970 1948 1947
f 1970 1947 1989
f 1989 1947 1974
f 1989 1974 1990
f 1990 1974 1976
f 1990 1976 1991
f 1991 1976 1978
f 1991 1978 1993
f 1993 1978 1980
f 1993 1980 1995
f 1995 1980 1983
f 1995 1983 1984
f 1984 1983 1763
f 1984 1763 1577
f 1996 1997 1998
f 1998 1997 1999
f 1998 1999 2000
f 2000 1999 2001
f 1999 2002 2001
f 2001 2002 2003
f 2001 2003 2004
f 2004 2003 2005
f 2004 2005 1032
f 1032 2005 1034
f 1034 2005 2006
f 1034 2006 600
f 594 603 595
f 595 603 2007
f 595 2007 597
f 597 2007 599
f 603 605 2007
f 2007 605 1034
f 2007 1034 599
f 599 1034 600
f 1037 653 1965
f 2008 2009 2010
f 2004 2011 2001
f 2001 2011 2012
f 2013 1996 2014
f 2014 1996 1998
f 2014 1998 2012
f 2012 1998 2000
f 2012 2000 2001
f 1035 2011 1031
f 1031 2011 2004
f 1031 2004 1032
f 2013 2014 2015
f 2015 2014 2012
f 2015 2012 2016
f 2016 2012 2011
f 2016 2011 2017
f 2017 2011 1035
f 2017 1035 1036
f 1036 2018 2017
f 2017 2018 2019
f 2017 2019 2016
f 2016 2019 2008
f 2016 2008 2015
f 2015 2008 2010
f 2015 2010 2013
f 1950 2009 1968
f 1968 2009 2008
f 1968 2008 1985
f 1985 2008 2019
f 1985 2019 1965
f 1965 2019 2018
f 1965 2018 1037
f 1037 2018 1036
f 1997 1996 2020
f 2020 1996 2013
f 179 178 2009
f 2009 178 2020
f 2009 2020 2010
f 2010 2020 2013
f 1961 182 181
f 179 2009 181
f 181 2009 1950
f 181 1950 1961
f 1958 161 160
f 1961 1960 182
f 182 1960 1959
f 182 1959 176
f 176 1959 1954
f 176 1954 177
f 177 1954 1952
f 177 1952 160
f 160 1952 1951
f 160 1951 1958
f 1799 163 1955
f 1955 163 162
f 1955 162 1956
f 1956 162 161
f 1956 161 1957
f 1957 161 1958
f 2021 2022 2023
f 2024 2025 2026
f 2021 2023 2026
f 2026 2023 2027
f 2026 2027 2024
f 1843 1842 2028
f 1846 1845 2029
f 1844 1849 2030
f 1851 2031 2022
f 1852 2032 1836
f 1836 2032 2033
f 1836 2033 1837
f 1837 2033 2034
f 1837 2034 1838
f 2034 2035 1838
f 1838 2035 2036
f 1838 2036 1839
f 1839 2036 2037
f 1839 2037 1840
f 2030 1849 2021
f 1840 2037 1841
f 1841 2037 2038
f 1841 2038 1851
f 1851 2038 2039
f 1851 2039 2031
f 1849 1848 2021
f 2021 1848 1847
f 2021 1847 2022
f 2022 1847 1850
f 2022 1850 1851
f 2029 1845 2040
f 1844 2030 1845
f 1845 2030 2041
f 1845 2041 2040
f 2028 1842 2042
f 1846 2029 1842
f 1842 2029 2043
f 1842 2043 2042
f 1803 1801 2028
f 2028 1801 1832
f 2028 1832 1843
f 1634 1636 2044
f 2045 2046 2047
f 2047 2046 2048
f 2047 2048 2049
f 2050 2051 2045
f 2045 2051 2052
f 2045 2052 2046
f 2045 2053 2050
f 2050 2053 2054
f 2050 2054 2055
f 1730 1755 1820
f 2044 1636 2056
f 2056 1636 1635
f 2056 1635 2057
f 2057 1635 1730
f 2057 1730 2058
f 2058 1730 1820
f 2058 1820 1819
f 1620 1628 2049
f 2049 1628 1630
f 2049 1630 2047
f 2047 1630 1717
f 2047 1717 2045
f 2045 1717 1633
f 2045 1633 2053
f 2053 1633 1632
f 2053 1632 2054
f 2054 1632 1634
f 2054 1634 2055
f 2055 1634 2044
f 1852 1618 1620
f 1852 1620 2032
f 2032 1620 2049
f 2032 2049 2059
f 2059 2049 2048
f 2059 2048 2060
f 2052 2051 379
f 1824 1823 2061
f 1830 2062 1829
f 1829 2062 2063
f 2063 2064 1829
f 1829 2064 2065
f 1829 2065 1823
f 1823 2065 2066
f 1823 2066 2061
f 2061 369 1824
f 1824 369 371
f 1824 371 1825
f 1825 371 373
f 1825 373 1826
f 1826 373 374
f 1826 374 1817
f 1817 374 367
f 1817 367 1821
f 1821 367 365
f 1821 365 1818
f 1818 365 363
f 358 2057 361
f 361 2057 2058
f 361 2058 363
f 363 2058 1819
f 363 1819 1818
f 357 2044 358
f 358 2044 2056
f 358 2056 2057
f 379 2051 377
f 377 2051 2050
f 377 2050 357
f 357 2050 2055
f 357 2055 2044
f 2052 379 2046
f 2046 379 381
f 2046 381 2048
f 381 2067 2048
f 2048 2067 2068
f 2048 2068 2069
f 2069 2070 2048
f 2048 2070 2071
f 2048 2071 2072
f 2072 2073 2048
f 2048 2073 2074
f 2048 2074 2060
f 381 380 2075
f 2037 2036 2076
f 2077 2059 2078
f 2078 2059 2060
f 2078 2060 2079
f 2079 2060 2074
f 2034 2033 2077
f 2077 2033 2032
f 2077 2032 2059
f 2080 2081 2038
f 2038 2081 2082
f 2038 2082 2039
f 2039 2082 2083
f 2084 2022 2031
f 380 378 2075
f 2075 378 2085
f 2075 2085 2086
f 2087 2067 381
f 2069 2088 2070
f 2070 2088 2089
f 2070 2089 2071
f 2090 2073 2091
f 2091 2073 2072
f 381 2075 2087
f 2087 2075 2086
f 2087 2086 2067
f 2067 2086 2092
f 2067 2092 2068
f 2085 2093 2094
f 2094 2093 2095
f 2081 2096 2082
f 2082 2096 2097
f 2082 2097 2083
f 2083 2097 2098
f 2074 2073 2079
f 2079 2073 2090
f 2079 2090 2078
f 2078 2090 2099
f 2078 2099 2077
f 2077 2099 2100
f 2077 2100 2034
f 2091 2101 2090
f 2090 2101 2102
f 2090 2102 2099
f 2099 2102 2103
f 2099 2103 2100
f 2100 2103 2104
f 2100 2104 2034
f 2034 2104 2035
f 2036 2035 2076
f 2076 2035 2104
f 2076 2104 2105
f 2105 2104 2103
f 2105 2103 2106
f 2106 2103 2102
f 2106 2102 2107
f 2107 2102 2101
f 2085 2094 2086
f 2086 2094 2088
f 2086 2088 2092
f 2092 2088 2069
f 2092 2069 2068
f 2108 2109 2098
f 2098 2109 2084
f 2098 2084 2083
f 2083 2084 2031
f 2083 2031 2039
f 2096 2095 2097
f 2097 2095 2093
f 2097 2093 2098
f 2098 2093 2085
f 2098 2085 2108
f 2108 2085 378
f 2108 378 376
f 2038 2037 2080
f 2080 2037 2076
f 2080 2076 2081
f 2081 2076 2105
f 2081 2105 2096
f 2096 2105 2106
f 2096 2106 2095
f 2095 2106 2107
f 2095 2107 2094
f 2094 2107 2101
f 2094 2101 2088
f 2088 2101 2091
f 2088 2091 2089
f 2089 2091 2072
f 2089 2072 2071
f 2030 2021 2110
f 2062 2111 2063
f 2063 2111 2112
f 2063 2112 2064
f 2064 2112 2113
f 2064 2113 2065
f 2065 2113 2066
f 2028 2042 2114
f 2062 1830 2111
f 2111 1830 1828
f 2111 1828 2115
f 2115 1828 1803
f 2115 1803 2116
f 2043 2029 2117
f 2117 2029 2118
f 2117 2118 2119
f 2119 2118 2120
f 2119 2120 2121
f 2121 2120 2122
f 2121 2122 2123
f 2123 2122 2124
f 2123 2124 2125
f 1803 2028 2116
f 2116 2028 2114
f 2116 2114 2115
f 2115 2114 2126
f 2115 2126 2111
f 2111 2126 2127
f 2111 2127 2112
f 2040 2041 2128
f 2128 2041 2129
f 2128 2129 2130
f 2130 2129 2131
f 2130 2131 2132
f 2132 2131 2133
f 2132 2133 2134
f 2133 2135 2134
f 2134 2135 2136
f 2134 2136 2137
f 2137 2136 370
f 2137 370 369
f 2041 2030 2129
f 2129 2030 2110
f 2129 2110 2131
f 2131 2110 2138
f 2131 2138 2133
f 2133 2138 2139
f 2133 2139 2135
f 2135 2139 2140
f 2135 2140 2136
f 2136 2140 2141
f 2136 2141 370
f 370 2141 372
f 2029 2040 2118
f 2118 2040 2128
f 2118 2128 2120
f 2120 2128 2130
f 2120 2130 2122
f 2122 2130 2132
f 2122 2132 2124
f 2124 2132 2134
f 2124 2134 2125
f 2125 2134 2137
f 2125 2137 2142
f 2142 2137 369
f 2142 369 2143
f 2143 369 2061
f 2143 2061 2142
f 2142 2061 2066
f 2142 2066 2125
f 2125 2066 2113
f 2125 2113 2123
f 2123 2113 2112
f 2123 2112 2121
f 2121 2112 2127
f 2121 2127 2119
f 2119 2127 2126
f 2119 2126 2117
f 2117 2126 2114
f 2117 2114 2043
f 2043 2114 2042
f 2144 362 2145
f 2145 362 364
f 2145 364 2146
f 2146 364 366
f 2146 366 2147
f 2147 366 368
f 375 359 2144
f 2144 359 360
f 2144 360 362
f 2144 2148 375
f 375 2148 2108
f 375 2108 376
f 2022 2084 2149
f 2149 2084 2109
f 2140 2139 2150
f 2150 2139 2138
f 2150 2138 2110
f 2022 2149 2023
f 2023 2149 2151
f 2023 2151 2027
f 2027 2151 2152
f 2027 2152 2024
f 2024 2152 2153
f 2024 2153 2025
f 2025 2153 2150
f 2025 2150 2026
f 2026 2150 2110
f 2026 2110 2021
f 368 372 2147
f 2147 372 2141
f 2147 2141 2140
f 2140 2150 2147
f 2147 2150 2153
f 2147 2153 2146
f 2146 2153 2152
f 2146 2152 2145
f 2145 2152 2151
f 2145 2151 2144
f 2144 2151 2149
f 2144 2149 2148
f 2148 2149 2109
f 2148 2109 2108
f 2154 2155 2156
f 2156 2155 2157
f 2156 2157 2158
f 826 2159 825
f 825 2159 2160
f 825 2160 2161
f 2162 2163 2164
f 2164 2163 2165
f 2164 2165 2160
f 2160 2165 2166
f 2160 2166 2161
f 2162 2164 2167
f 2167 2164 2168
f 2167 2168 2169
f 2169 2168 2170
f 2169 2170 2171
f 2157 2172 2158
f 2158 2172 2173
f 2158 2173 2174
f 2174 2173 2175
f 2174 2175 2170
f 2170 2175 2176
f 2170 2176 2171
f 792 2154 817
f 817 2154 2156
f 817 2156 818
f 818 2156 2158
f 818 2158 819
f 819 2158 2174
f 819 2174 816
f 816 2174 2170
f 816 2170 815
f 815 2170 2168
f 815 2168 814
f 814 2168 2164
f 814 2164 813
f 813 2164 2160
f 813 2160 812
f 812 2160 2159
f 812 2159 773
f 773 2159 826
f 2155 2154 2177
f 2178 2179 2180
f 2178 2180 2181
f 2181 2180 2182
f 2181 2182 2183
f 2183 2182 2184
f 2183 2184 2177
f 2177 2184 2185
f 2177 2185 2155
f 2154 792 778
f 2154 778 2177
f 2177 778 780
f 2177 780 2183
f 2183 780 784
f 2183 784 2181
f 2181 784 783
f 2181 783 2178
f 2179 2186 2180
f 2180 2186 2187
f 2180 2187 2182
f 2182 2187 2184
f 2186 2179 2188
f 2188 2179 2189
f 392 394 2190
f 2191 2189 2192
f 2192 2189 2179
f 2192 2179 2193
f 2193 2179 2178
f 2193 2178 2194
f 422 393 830
f 830 393 392
f 830 392 836
f 836 392 2190
f 836 2190 837
f 837 2190 2194
f 837 2194 838
f 838 2194 2178
f 838 2178 783
f 387 388 2195
f 2196 2197 2198
f 2196 2199 2200
f 2201 2202 2198
f 2198 2202 2203
f 2198 2203 2196
f 2198 2204 2201
f 2201 2204 2195
f 2201 2195 2205
f 2205 2195 388
f 2205 388 427
f 385 386 2206
f 2206 386 387
f 2207 390 385
f 2190 394 390
f 390 2207 2190
f 2190 2207 2208
f 2190 2208 2194
f 2194 2208 2209
f 2194 2209 2193
f 2193 2209 2210
f 2193 2210 2192
f 2192 2210 2211
f 2192 2211 2191
f 2212 2213 2214
f 2196 2200 2197
f 2197 2200 2215
f 2197 2215 2216
f 385 2206 2207
f 2207 2206 2217
f 2207 2217 2208
f 2208 2217 2218
f 2208 2218 2209
f 2209 2218 2212
f 2209 2212 2210
f 2210 2212 2214
f 2210 2214 2211
f 387 2195 2206
f 2206 2195 2204
f 2206 2204 2217
f 2217 2204 2198
f 2217 2198 2218
f 2218 2198 2197
f 2218 2197 2212
f 2212 2197 2216
f 2212 2216 2213
f 2202 2219 2220
f 2202 2220 2203
f 2203 2220 2221
f 2203 2221 2196
f 2196 2221 2222
f 2196 2222 2199
f 2219 2202 2223
f 2223 2202 2201
f 2223 2201 2224
f 2224 2201 2205
f 2224 2205 2225
f 2225 2205 427
f 2225 427 2226
f 427 426 2226
f 2226 426 424
f 2226 424 2227
f 2227 424 423
f 927 850 431
f 431 850 843
f 843 842 431
f 431 842 2228
f 431 2228 437
f 437 2228 2229
f 437 2229 423
f 423 2229 2230
f 423 2230 2227
f 2228 842 845
f 2231 2232 2233
f 2233 2232 2234
f 2234 2232 2235
f 2235 2232 2236
f 2235 2236 2237
f 2237 2236 2238
f 2237 2238 2239
f 2239 2238 2240
f 2239 2240 2241
f 2241 2240 2242
f 2241 2242 2243
f 2243 2242 2244
f 2243 2244 2245
f 2224 2225 2246
f 2246 2225 2226
f 2246 2226 2247
f 2247 2226 2227
f 2247 2227 2248
f 2248 2227 2230
f 2248 2230 2249
f 2249 2230 2229
f 2250 2251 2252
f 2224 2246 2223
f 2223 2246 2253
f 2223 2253 2219
f 2219 2253 2254
f 2219 2254 2220
f 2220 2254 2250
f 2220 2250 2221
f 2221 2250 2252
f 2221 2252 2222
f 2255 2256 2257
f 2233 2258 2231
f 2231 2258 2259
f 2231 2259 2260
f 841 2249 845
f 845 2249 2229
f 845 2229 2228
f 841 2261 2249
f 2249 2261 2262
f 2249 2262 2248
f 2248 2262 2263
f 2248 2263 2247
f 2247 2263 2264
f 2247 2264 2246
f 2246 2264 2265
f 2246 2265 2253
f 2253 2265 2266
f 2253 2266 2254
f 2254 2266 2255
f 2254 2255 2250
f 2250 2255 2257
f 2250 2257 2251
f 841 840 2244
f 2244 840 854
f 2244 854 2245
f 2245 854 855
f 2245 855 856
f 841 2244 2261
f 2261 2244 2242
f 2261 2242 2262
f 2262 2242 2240
f 2262 2240 2263
f 2263 2240 2238
f 2263 2238 2264
f 2264 2238 2236
f 2264 2236 2265
f 2265 2236 2232
f 2265 2232 2266
f 2266 2232 2231
f 2266 2231 2255
f 2255 2231 2260
f 2255 2260 2256
f 2267 2268 2269
f 2268 2267 2270
f 2245 856 1907
f 1875 1853 2271
f 1815 1822 2272
f 2273 1816 1815
f 2274 1814 1816
f 2275 1808 1814
f 2275 2276 1808
f 1808 2276 2277
f 1808 2277 1810
f 1810 2277 1811
f 1811 2277 2278
f 1811 2278 1806
f 2279 1804 1806
f 1862 1861 2280
f 1856 1864 2280
f 2280 1864 1863
f 2280 1863 1862
f 1861 1860 2280
f 2280 1860 1859
f 2280 1859 1858
f 1858 1857 2280
f 2280 1857 1833
f 2280 1833 1802
f 1802 1833 2281
f 1802 2281 1800
f 1854 1855 2282
f 1898 1870 1869
f 1869 1866 1898
f 1898 1866 1865
f 1898 1865 1926
f 1865 1867 1926
f 1926 1867 1868
f 1926 1868 1927
f 1927 1868 1873
f 1927 1873 1874
f 2245 1907 2243
f 2237 2239 2283
f 2283 2239 2241
f 2283 2241 2284
f 2270 2258 2268
f 2268 2258 2233
f 2268 2233 2234
f 2283 2269 2237
f 2237 2269 2268
f 2237 2268 2235
f 2235 2268 2234
f 2285 2286 2267
f 2267 2286 2287
f 2267 2287 2270
f 2288 2289 2290
f 2290 2289 2291
f 2291 2289 2292
f 2291 2292 2293
f 2293 2292 2294
f 2293 2294 2295
f 1707 1637 2295
f 2296 2297 2298
f 2298 2297 2299
f 2298 2299 2300
f 2301 1708 1707
f 2302 1710 1709
f 2297 1711 2299
f 2299 1711 1710
f 2299 1710 2300
f 2300 1710 2302
f 2300 2302 2303
f 2304 2296 2305
f 2305 2296 2298
f 2305 2298 2306
f 2306 2298 2300
f 2306 2300 2307
f 2307 2300 2303
f 2307 2303 2308
f 2309 2310 2311
f 2311 2310 2312
f 2311 2312 2313
f 2313 2314 2311
f 2311 2314 2315
f 2311 2315 2309
f 2309 2315 2316
f 2317 2318 2319
f 2320 2321 2322
f 2322 2321 2323
f 2322 2323 2324
f 2284 2325 2283
f 2283 2325 2326
f 2283 2326 2269
f 2269 2326 2327
f 2269 2327 2267
f 2267 2327 2328
f 2267 2328 2285
f 2285 2328 2329
f 2285 2329 2330
f 2330 2329 2331
f 2330 2331 2332
f 2332 2331 2333
f 2332 2333 2334
f 2334 2333 2288
f 2334 2288 2335
f 2335 2288 2290
f 2295 2294 1707
f 1707 2294 2292
f 1707 2292 2301
f 2301 2292 2289
f 2301 2289 2336
f 2336 2289 2288
f 2336 2288 2337
f 2337 2288 2333
f 2337 2333 2338
f 2338 2333 2331
f 2338 2331 2339
f 2339 2331 2329
f 2339 2329 2340
f 2340 2329 2328
f 2340 2328 2341
f 2341 2328 2327
f 2341 2327 2342
f 2342 2327 2326
f 2342 2326 2343
f 2343 2326 2325
f 2343 2325 2323
f 2323 2325 2284
f 2323 2284 2324
f 1802 1804 2280
f 2280 1804 2279
f 2280 2279 2344
f 2344 2279 2345
f 2344 2345 2346
f 2346 2345 2347
f 2346 2347 2348
f 2348 2347 2349
f 2349 2350 2348
f 2348 2350 2351
f 2348 2351 2352
f 1853 1854 2271
f 2271 1854 2282
f 2271 2282 2353
f 2353 2282 2354
f 2353 2354 2355
f 2354 2356 2355
f 2355 2356 2357
f 2355 2357 2320
f 2320 2357 2358
f 2320 2358 2321
f 1874 1875 1927
f 1927 1875 2271
f 1927 2271 1929
f 1929 2271 2353
f 1855 1856 2282
f 2282 1856 2280
f 2282 2280 2354
f 2354 2280 2344
f 2354 2344 2356
f 2356 2344 2346
f 2356 2346 2357
f 2357 2346 2348
f 2357 2348 2358
f 2358 2348 2352
f 2358 2352 2321
f 1816 2273 2274
f 2274 2273 2359
f 2274 2359 2360
f 2360 2359 2361
f 2360 2361 2362
f 1815 2272 2273
f 2273 2272 2363
f 2273 2363 2359
f 2359 2363 2364
f 2359 2364 2361
f 2275 2365 2276
f 2276 2365 2366
f 2276 2366 2277
f 2277 2366 2367
f 2277 2367 2278
f 2278 2367 2368
f 1822 1755 2272
f 2272 1755 1754
f 2272 1754 2363
f 2363 1754 1753
f 2363 1753 2364
f 2364 1753 2369
f 2364 2369 2361
f 1753 1752 2369
f 2369 1752 1751
f 2369 1751 2304
f 1751 1750 2304
f 2304 1750 1714
f 2304 1714 2296
f 2296 1714 1713
f 2296 1713 2297
f 2297 1713 1712
f 2297 1712 1711
f 2362 2370 2371
f 2371 2370 2372
f 2371 2372 2373
f 2373 2372 2374
f 2373 2374 2375
f 2375 2374 2376
f 2375 2376 2377
f 2377 2376 2378
f 2377 2378 2312
f 2312 2378 2379
f 2312 2379 2313
f 2313 2379 2380
f 2313 2380 2314
f 2362 2361 2370
f 2370 2361 2369
f 2370 2369 2372
f 2372 2369 2304
f 2372 2304 2374
f 2374 2304 2305
f 2374 2305 2376
f 2376 2305 2306
f 2376 2306 2378
f 2378 2306 2307
f 2378 2307 2379
f 2379 2307 2308
f 2379 2308 2380
f 2319 2318 2381
f 2381 2318 2382
f 2381 2382 2383
f 2383 2382 2384
f 2383 2384 2385
f 2385 2384 2386
f 2385 2386 2387
f 2387 2386 2388
f 2387 2388 2389
f 2389 2388 2390
f 2389 2390 2391
f 2391 2390 2392
f 2391 2392 2393
f 2393 2392 2394
f 2393 2394 2395
f 2317 2396 2318
f 2318 2396 2397
f 2318 2397 2382
f 2382 2397 2398
f 2382 2398 2384
f 2384 2398 2399
f 2384 2399 2386
f 2386 2399 2400
f 2386 2400 2388
f 2388 2400 2401
f 2388 2401 2390
f 2390 2401 2402
f 2390 2402 2392
f 2392 2402 2403
f 2392 2403 2394
f 2396 2404 2397
f 2397 2404 2405
f 2397 2405 2398
f 2398 2405 2406
f 2398 2406 2399
f 2399 2406 2407
f 2399 2407 2400
f 2400 2407 2408
f 2400 2408 2401
f 2401 2408 2409
f 2401 2409 2402
f 2402 2409 2368
f 2402 2368 2403
f 2403 2368 2367
f 2403 2367 2394
f 2394 2367 2366
f 2394 2366 2395
f 2395 2366 2365
f 1814 2274 2275
f 2275 2274 2360
f 2275 2360 2365
f 2365 2360 2362
f 2365 2362 2395
f 2395 2362 2371
f 2395 2371 2393
f 2393 2371 2373
f 2393 2373 2391
f 2391 2373 2375
f 2391 2375 2389
f 2389 2375 2377
f 2389 2377 2387
f 2387 2377 2312
f 2387 2312 2385
f 2385 2312 2310
f 2385 2310 2383
f 2383 2310 2309
f 2383 2309 2381
f 2381 2309 2316
f 2381 2316 2319
f 2241 2243 2284
f 2284 2243 1907
f 2284 1907 2324
f 2324 1907 1908
f 2324 1908 2322
f 2322 1908 1909
f 2322 1909 2320
f 2320 1909 1910
f 2320 1910 2355
f 2355 1910 1931
f 2355 1931 2353
f 2353 1931 1930
f 2353 1930 1929
f 1806 2278 2279
f 2279 2278 2368
f 2279 2368 2345
f 2345 2368 2409
f 2345 2409 2347
f 2347 2409 2408
f 2347 2408 2349
f 2349 2408 2407
f 2349 2407 2350
f 2350 2407 2406
f 2350 2406 2351
f 2351 2406 2405
f 2351 2405 2352
f 2352 2405 2404
f 2352 2404 2321
f 2321 2404 2396
f 2321 2396 2323
f 2323 2396 2317
f 2323 2317 2343
f 2343 2317 2319
f 2343 2319 2342
f 2342 2319 2316
f 2342 2316 2341
f 2341 2316 2315
f 2341 2315 2340
f 2340 2315 2314
f 2340 2314 2339
f 2339 2314 2380
f 2339 2380 2338
f 2338 2380 2308
f 2338 2308 2337
f 2337 2308 2303
f 2337 2303 2336
f 2336 2303 2302
f 2336 2302 2301
f 2301 2302 1709
f 2301 1709 1708
f 2186 2188 2287
f 2287 2188 2189
f 2287 2189 2270
f 827 1649 545
f 545 1649 1650
f 545 1650 897
f 2189 2191 2270
f 2270 2191 2211
f 2270 2211 2214
f 2214 2213 2270
f 2270 2213 2216
f 2270 2216 2215
f 2215 2200 2270
f 2270 2200 2199
f 2270 2199 2222
f 2257 2256 2270
f 2270 2256 2260
f 2270 2260 2258
f 2258 2260 2259
f 566 564 541
f 541 564 542
f 897 894 545
f 545 894 892
f 545 892 546
f 546 892 568
f 2222 2252 2270
f 2270 2252 2251
f 2270 2251 2257
f 891 566 892
f 892 566 565
f 892 565 568
f 891 899 566
f 566 899 902
f 566 902 901
f 2186 2287 2187
f 2187 2287 2286
f 2187 2286 2184
f 2184 2286 2285
f 2184 2285 2185
f 2185 2285 2330
f 2185 2330 2155
f 2155 2330 2332
f 2155 2332 2157
f 2157 2332 2334
f 2157 2334 2172
f 901 900 566
f 566 900 587
f 566 587 564
f 827 828 1649
f 1649 828 761
f 1649 761 1652
f 1652 761 759
f 1652 759 1647
f 1647 759 758
f 1647 758 1648
f 1648 758 824
f 1648 824 1643
f 1643 824 825
f 1643 825 1645
f 1645 825 2161
f 1645 2161 1690
f 2334 2335 2172
f 2172 2335 2290
f 2172 2290 2173
f 2173 2290 2291
f 2173 2291 2175
f 2175 2291 2293
f 1690 2161 1591
f 1591 2161 2166
f 1591 2166 1592
f 1592 2166 2165
f 1592 2165 1641
f 2165 2163 1641
f 1641 2163 2162
f 1641 2162 1639
f 1639 2162 2167
f 1639 2167 1637
f 1637 2167 2169
f 1637 2169 2295
f 2295 2169 2171
f 2295 2171 2293
f 2293 2171 2176
f 2293 2176 2175
f 2410 2020 178
f 2411 2410 2412
f 2412 2410 178
f 2412 178 2413
f 2413 178 180
f 2414 2415 2416
f 2416 2415 2417
f 2416 2417 174
f 174 2417 175
f 175 2417 2413
f 175 2413 180
f 2418 2419 2420
f 2421 2422 2423
f 2423 2422 2414
f 2423 2414 173
f 173 2414 2416
f 173 2416 174
f 2420 2419 2423
f 2423 2419 2424
f 2423 2424 2421
f 2425 2426 2427
f 2427 2426 2428
f 2428 2429 2427
f 2427 2429 2430
f 2427 2430 2420
f 2420 2430 2431
f 2420 2431 2418
f 2432 2433 2434
f 2434 2433 2435
f 2434 2435 2436
f 2436 2435 2425
f 2436 2425 2437
f 2437 2425 2427
f 2438 2439 2440
f 2441 2438 2442
f 2442 2438 2440
f 2442 2440 2432
f 2432 2440 2443
f 2432 2443 2433
f 2441 2442 2444
f 2444 2442 2445
f 2444 2445 2446
f 2447 2448 2449
f 2449 2448 2450
f 2449 2450 2445
f 2445 2450 2451
f 2445 2451 2446
f 75 2452 83
f 83 2452 2453
f 83 2453 2449
f 2449 2453 2454
f 2449 2454 2447
f 2455 2456 2457
f 2458 2459 339
f 2460 2461 239
f 2462 2463 2464
f 2465 2466 2464
f 2464 2466 2467
f 2464 2467 2462
f 2468 2469 2470
f 2470 2469 2471
f 2463 2462 2471
f 2471 2462 2472
f 2471 2472 2470
f 2470 172 2468
f 2468 172 171
f 2468 171 2473
f 2473 171 2474
f 297 2475 496
f 496 2475 2476
f 496 2476 514
f 514 2476 2477
f 514 2477 517
f 517 2477 2478
f 517 2478 504
f 504 2478 2474
f 504 2474 505
f 505 2474 171
f 302 2479 303
f 303 2479 2480
f 2480 2481 303
f 303 2481 2482
f 303 2482 299
f 299 2482 2475
f 299 2475 296
f 296 2475 297
f 302 301 260
f 260 301 300
f 260 300 280
f 280 282 260
f 260 282 284
f 260 284 285
f 274 275 285
f 285 275 276
f 285 276 260
f 274 285 266
f 266 285 270
f 266 270 267
f 302 260 2479
f 2479 260 259
f 2479 259 2483
f 253 2484 255
f 255 2484 2483
f 255 2483 257
f 257 2483 259
f 253 252 2484
f 2484 252 250
f 2484 250 2485
f 2485 250 249
f 2485 249 2486
f 2486 249 2487
f 2487 249 246
f 2487 246 2488
f 2488 246 244
f 2488 244 2489
f 2489 244 242
f 2489 242 2461
f 2461 242 241
f 2461 241 239
f 213 2459 235
f 235 2459 2460
f 235 2460 237
f 237 2460 239
f 227 277 2490
f 2490 277 220
f 2490 220 217
f 213 215 2490
f 2490 215 228
f 2490 228 227
f 307 213 311
f 311 213 2490
f 311 2490 216
f 216 2490 217
f 307 309 213
f 213 309 304
f 213 304 306
f 306 332 213
f 213 332 331
f 213 331 2459
f 2459 331 330
f 2459 330 339
f 340 2491 2492
f 340 2492 339
f 339 2492 2493
f 339 2493 2458
f 340 337 2491
f 2491 337 189
f 2491 189 2494
f 2494 189 188
f 2494 188 2495
f 2495 188 201
f 2495 201 2496
f 2496 201 200
f 2496 200 2497
f 200 206 2497
f 2497 206 208
f 2497 208 2498
f 2498 208 100
f 2498 100 2456
f 2456 100 84
f 2456 84 2457
f 2455 2457 2499
f 2499 2457 2500
f 2499 2500 2501
f 2501 2500 2502
f 2501 2502 2503
f 2503 2502 2504
f 2503 2504 2505
f 2504 2506 2505
f 2505 2506 2507
f 2505 2507 2508
f 2507 2509 2508
f 2508 2509 2510
f 2508 2510 2511
f 2510 2512 2511
f 2511 2512 2513
f 2511 2513 2514
f 2514 2513 2515
f 2514 2515 2516
f 2515 2517 2516
f 2516 2517 2518
f 2516 2518 2519
f 2518 2520 2519
f 2519 2520 2521
f 2519 2521 2465
f 2465 2521 2522
f 2465 2522 2466
f 734 749 732
f 732 749 2523
f 732 2523 739
f 739 2523 738
f 738 2523 2524
f 738 2524 737
f 752 744 2525
f 2525 744 743
f 2525 743 2524
f 2524 743 742
f 2524 742 737
f 752 2525 751
f 751 2525 2526
f 751 2526 750
f 750 2526 756
f 756 2526 2527
f 756 2527 755
f 755 2527 754
f 754 2527 2528
f 754 2528 753
f 14 13 2529
f 2529 13 4
f 2529 4 2528
f 2528 4 2
f 2528 2 753
f 14 2529 9
f 9 2529 2530
f 9 2530 11
f 28 25 2530
f 2530 25 12
f 2530 12 11
f 2457 84 83
f 173 172 2470
f 2457 83 2500
f 2500 83 2449
f 2500 2449 2502
f 2502 2449 2445
f 2502 2445 2504
f 2504 2445 2506
f 2506 2445 2442
f 2506 2442 2507
f 2507 2442 2509
f 2509 2442 2432
f 2509 2432 2510
f 2510 2432 2512
f 2512 2432 2434
f 2512 2434 2513
f 2436 2437 2520
f 2520 2518 2436
f 2436 2518 2517
f 2436 2517 2434
f 2434 2517 2515
f 2434 2515 2513
f 2427 2420 2467
f 2467 2466 2427
f 2427 2466 2522
f 2427 2522 2437
f 2437 2522 2521
f 2437 2521 2520
f 173 2470 2423
f 2423 2470 2472
f 2423 2472 2420
f 2420 2472 2462
f 2420 2462 2467
f 2531 2532 2533
f 2533 2532 2534
f 2533 2534 2535
f 2535 2534 2536
f 2535 2536 2537
f 2537 2536 2538
f 2537 2538 2539
f 2539 2538 2540
f 2539 2540 2541
f 2541 2540 2542
f 2541 2542 2543
f 2543 2542 2544
f 2543 2544 2545
f 2545 2544 2546
f 2545 2546 2547
f 2547 2546 2548
f 2547 2548 2549
f 2549 2548 2550
f 2549 2550 2551
f 2551 2550 2552
f 2551 2552 2553
f 2553 2552 2554
f 2553 2554 2531
f 2531 2554 2532
f 2555 2556 2557
f 2555 2557 2558
f 2558 2557 2559
f 2558 2559 2560
f 2560 2559 2561
f 2560 2561 2562
f 620 621 2563
f 30 28 36
f 36 28 2530
f 36 2530 40
f 749 618 2523
f 2523 618 620
f 620 2563 2523
f 2523 2563 2564
f 2523 2564 2524
f 2564 2565 2524
f 2524 2565 2566
f 2524 2566 2525
f 2566 2567 2525
f 2525 2567 2568
f 2525 2568 2526
f 2568 2569 2526
f 2526 2569 2570
f 2526 2570 2527
f 2570 2571 2527
f 2527 2571 2572
f 2527 2572 2528
f 2572 2573 2528
f 2528 2573 2574
f 2528 2574 2529
f 2574 2575 2529
f 2529 2575 2576
f 2529 2576 2530
f 2530 2576 2577
f 2530 2577 40
f 40 2577 39
f 613 2563 621
f 1997 2020 2410
f 2578 2579 2580
f 2581 2582 2583
f 2576 2575 46
f 46 2575 2574
f 46 2574 51
f 51 2574 2584
f 51 2584 57
f 57 2584 2585
f 57 2585 2586
f 2586 2587 57
f 57 2587 2588
f 57 2588 60
f 60 2588 2589
f 2589 2590 60
f 60 2590 2591
f 60 2591 62
f 62 2591 2592
f 62 2592 68
f 68 2592 64
f 2572 2581 2573
f 2573 2581 2583
f 2573 2583 2574
f 2574 2583 2593
f 2574 2593 2584
f 2594 2595 2578
f 2566 2596 2597
f 2566 2597 2567
f 2597 2594 2567
f 2567 2594 2578
f 2567 2578 2568
f 2568 2578 2580
f 2568 2580 2569
f 2569 2580 2598
f 2569 2598 2570
f 2570 2598 2599
f 2570 2599 2571
f 2571 2599 2600
f 2571 2600 2572
f 2572 2600 2601
f 2572 2601 2581
f 2581 2601 2602
f 2564 598 2565
f 2565 598 2566
f 2566 598 2596
f 2596 598 600
f 2596 600 2603
f 2603 600 2006
f 2603 2006 2604
f 2604 2006 2605
f 2605 2006 2005
f 2605 2005 2003
f 2411 2606 2003
f 2003 2606 2607
f 2003 2607 2605
f 1997 2410 1999
f 2411 2003 2410
f 2410 2003 2002
f 2410 2002 1999
f 2563 613 2564
f 2564 613 612
f 2564 612 598
f 46 41 2576
f 2576 41 43
f 2576 43 2577
f 2577 43 37
f 2577 37 39
f 2608 2609 2610
f 2610 2609 2611
f 2610 2611 2612
f 2612 2611 2613
f 2612 2613 2614
f 2614 2613 2615
f 2614 2615 2616
f 2616 2615 2617
f 2616 2617 2618
f 2618 2617 2619
f 2618 2619 2620
f 2620 2619 2621
f 2620 2621 2622
f 2622 2621 2623
f 2622 2623 2624
f 2624 2623 2625
f 2624 2625 2626
f 2626 2625 2627
f 2626 2627 2628
f 2628 2627 2629
f 2628 2629 2630
f 2630 2629 2631
f 2630 2631 2608
f 2608 2631 2609
f 2632 2613 2633
f 2633 2613 2634
f 2635 2615 2636
f 2636 2615 2613
f 2636 2613 2637
f 2637 2613 2632
f 2638 2639 2611
f 2619 2640 2621
f 2621 2640 2641
f 2641 2642 2621
f 2621 2642 2643
f 2621 2643 2623
f 2617 2644 2619
f 2619 2644 2645
f 2619 2645 2640
f 2635 2646 2615
f 2615 2646 2647
f 2615 2647 2617
f 2617 2647 2648
f 2617 2648 2644
f 2649 2650 2609
f 2609 2650 2651
f 2609 2651 2611
f 2611 2651 2652
f 2611 2652 2638
f 2639 2653 2611
f 2611 2653 2654
f 2611 2654 2613
f 2613 2654 2655
f 2613 2655 2634
f 2627 2656 2629
f 2629 2656 2657
f 2629 2657 2631
f 2631 2657 2658
f 2631 2658 2609
f 2609 2658 2659
f 2609 2659 2649
f 2649 2659 2660
f 2649 2660 2661
f 2661 2660 2662
f 2661 2662 2602
f 2602 2662 2663
f 2602 2663 2581
f 2643 2664 2623
f 2623 2664 2665
f 2623 2665 2625
f 2625 2665 2666
f 2625 2666 2627
f 2627 2666 2667
f 2627 2667 2656
f 2668 2428 2426
f 2426 2440 2664
f 2664 2440 2439
f 2426 2664 2668
f 2668 2664 2643
f 2668 2643 2669
f 2670 2671 2672
f 2672 2671 2668
f 2672 2668 2673
f 2673 2668 2669
f 2674 2675 2608
f 2676 2677 2614
f 2678 2679 2630
f 2630 2679 2412
f 2630 2412 2628
f 2680 2610 2681
f 2681 2610 2612
f 2681 2612 2682
f 2682 2612 2683
f 2680 2684 2610
f 2610 2684 2685
f 2610 2685 2608
f 2608 2685 2686
f 2608 2686 2674
f 2687 2688 2612
f 2622 2668 2620
f 2620 2668 2671
f 2630 2608 2678
f 2678 2608 2675
f 2678 2675 2689
f 2689 2675 2690
f 2689 2690 2691
f 2691 2690 2579
f 2691 2579 2578
f 2688 2692 2612
f 2612 2692 2693
f 2612 2693 2683
f 2412 2413 2628
f 2628 2413 2417
f 2628 2417 2626
f 2626 2417 2415
f 2626 2415 2624
f 2624 2415 2694
f 2624 2694 2622
f 2622 2694 2695
f 2622 2695 2668
f 2614 2677 2612
f 2612 2677 2696
f 2612 2696 2687
f 2697 2618 2698
f 2698 2618 2620
f 2698 2620 2699
f 2699 2620 2671
f 2697 2700 2618
f 2618 2700 2701
f 2618 2701 2616
f 2616 2701 2702
f 2616 2702 2614
f 2614 2702 2703
f 2614 2703 2676
f 2596 2689 2691
f 2679 2607 2412
f 2412 2607 2606
f 2412 2606 2411
f 2689 2596 2678
f 2596 2603 2678
f 2678 2603 2604
f 2678 2604 2679
f 2679 2604 2605
f 2679 2605 2607
f 2691 2578 2595
f 2595 2594 2691
f 2691 2594 2597
f 2691 2597 2596
f 2704 2705 2706
f 2707 2708 2709
f 2710 2711 2712
f 2713 2714 2715
f 2716 2717 2718
f 2709 2708 2716
f 2712 2711 2716
f 2716 2719 2720
f 2721 2719 2716
f 2715 2714 2716
f 2722 2716 2714
f 2670 2723 2671
f 2648 2647 2724
f 2635 2725 2646
f 2649 2726 2650
f 2601 2600 2727
f 2674 2728 2675
f 2683 2693 2729
f 2701 2700 2730
f 2730 2700 2697
f 2697 2698 2731
f 2731 2698 2699
f 2677 2676 2732
f 2732 2676 2703
f 2716 2733 2734
f 2734 2733 2692
f 2735 2716 2734
f 2704 2598 2580
f 2602 2601 2661
f 2661 2601 2727
f 2661 2727 2649
f 2638 2652 2736
f 2736 2652 2651
f 2737 2738 2654
f 2635 2636 2721
f 2721 2636 2637
f 2721 2637 2719
f 2719 2637 2632
f 2719 2632 2720
f 2720 2632 2633
f 2634 2739 2633
f 2633 2739 2740
f 2633 2740 2720
f 2720 2740 2716
f 2725 2635 2741
f 2741 2635 2721
f 2741 2721 2716
f 2643 2642 2742
f 2742 2642 2641
f 2742 2641 2743
f 2743 2641 2640
f 2643 2742 2669
f 2669 2742 2743
f 2669 2743 2673
f 2743 2744 2673
f 2673 2744 2745
f 2673 2745 2672
f 2672 2745 2670
f 2670 2745 2731
f 2670 2731 2723
f 2723 2731 2699
f 2723 2699 2671
f 2722 2714 2746
f 2746 2714 2713
f 2746 2713 2747
f 2748 2716 2722
f 2738 2737 2749
f 2655 2654 2750
f 2750 2654 2738
f 2750 2738 2751
f 2751 2738 2749
f 2751 2749 2716
f 2647 2646 2724
f 2724 2646 2725
f 2724 2725 2752
f 2752 2725 2741
f 2752 2741 2716
f 2716 2718 2709
f 2709 2718 2753
f 2709 2753 2707
f 2735 2717 2716
f 2682 2683 2754
f 2754 2683 2729
f 2754 2729 2755
f 2755 2756 2754
f 2754 2756 2757
f 2754 2757 2682
f 2682 2757 2681
f 2684 2680 2758
f 2758 2680 2681
f 2758 2681 2759
f 2759 2681 2757
f 2759 2757 2760
f 2760 2757 2756
f 2760 2756 2716
f 2755 2716 2756
f 2693 2692 2729
f 2729 2692 2733
f 2729 2733 2755
f 2755 2733 2716
f 2748 2722 2761
f 2761 2722 2746
f 2761 2746 2762
f 2762 2746 2747
f 2762 2747 2763
f 2764 2716 2748
f 2654 2653 2737
f 2737 2653 2765
f 2737 2765 2766
f 2767 2768 2769
f 2770 2771 2772
f 2772 2771 2773
f 2772 2773 2774
f 2774 2773 2775
f 2774 2775 2776
f 2777 2775 2707
f 2707 2775 2773
f 2707 2773 2708
f 2708 2773 2771
f 2708 2771 2716
f 2770 2716 2771
f 2686 2685 2778
f 2778 2685 2684
f 2778 2684 2779
f 2779 2684 2758
f 2779 2758 2780
f 2780 2758 2759
f 2780 2759 2781
f 2781 2759 2760
f 2781 2760 2716
f 2653 2639 2765
f 2765 2639 2638
f 2765 2638 2766
f 2766 2638 2736
f 2766 2736 2782
f 2783 2784 2785
f 2785 2784 2768
f 2785 2768 2786
f 2786 2768 2767
f 2786 2767 2787
f 2787 2788 2786
f 2786 2788 2789
f 2786 2789 2785
f 2785 2789 2790
f 2785 2790 2783
f 2783 2790 2791
f 2792 2791 2793
f 2793 2791 2790
f 2793 2790 2794
f 2794 2790 2789
f 2794 2789 2795
f 2795 2789 2788
f 2795 2788 2716
f 2787 2716 2788
f 2769 2710 2767
f 2767 2710 2712
f 2767 2712 2787
f 2787 2712 2716
f 2776 2792 2774
f 2774 2792 2793
f 2774 2793 2772
f 2772 2793 2794
f 2772 2794 2770
f 2770 2794 2795
f 2770 2795 2716
f 2697 2776 2730
f 2730 2776 2775
f 2730 2775 2701
f 2701 2775 2777
f 2701 2777 2702
f 2702 2777 2707
f 2702 2707 2703
f 2703 2707 2753
f 2703 2753 2732
f 2732 2753 2718
f 2732 2718 2677
f 2677 2718 2717
f 2677 2717 2696
f 2696 2717 2735
f 2696 2735 2687
f 2687 2735 2734
f 2687 2734 2688
f 2688 2734 2692
f 2764 2748 2796
f 2796 2748 2761
f 2796 2761 2797
f 2797 2761 2762
f 2797 2762 2798
f 2798 2762 2763
f 2798 2763 2799
f 2651 2800 2736
f 2736 2800 2801
f 2736 2801 2782
f 2782 2801 2802
f 2697 2731 2776
f 2776 2731 2745
f 2776 2745 2792
f 2792 2745 2744
f 2792 2744 2791
f 2791 2744 2743
f 2791 2743 2783
f 2783 2743 2640
f 2783 2640 2784
f 2784 2640 2645
f 2784 2645 2768
f 2768 2645 2644
f 2768 2644 2769
f 2769 2644 2648
f 2769 2648 2710
f 2710 2648 2724
f 2710 2724 2711
f 2711 2724 2752
f 2711 2752 2716
f 2716 2749 2715
f 2715 2749 2737
f 2715 2737 2713
f 2713 2737 2766
f 2713 2766 2747
f 2747 2766 2782
f 2747 2782 2763
f 2763 2782 2802
f 2763 2802 2799
f 2634 2655 2739
f 2739 2655 2750
f 2739 2750 2740
f 2740 2750 2751
f 2740 2751 2716
f 2686 2778 2674
f 2674 2778 2803
f 2674 2803 2728
f 2728 2803 2705
f 2728 2705 2675
f 2675 2705 2704
f 2675 2704 2690
f 2690 2704 2580
f 2690 2580 2579
f 2801 2706 2802
f 2802 2706 2705
f 2802 2705 2799
f 2799 2705 2803
f 2799 2803 2798
f 2798 2803 2778
f 2798 2778 2797
f 2797 2778 2779
f 2797 2779 2796
f 2796 2779 2780
f 2796 2780 2764
f 2764 2780 2781
f 2764 2781 2716
f 2726 2649 2804
f 2804 2649 2727
f 2804 2727 2805
f 2805 2727 2600
f 2805 2600 2599
f 2651 2650 2800
f 2800 2650 2726
f 2800 2726 2801
f 2801 2726 2804
f 2801 2804 2706
f 2706 2804 2805
f 2706 2805 2704
f 2704 2805 2599
f 2704 2599 2598
f 2593 2583 2663
f 2663 2583 2582
f 2663 2582 2581
f 2593 2663 2584
f 2584 2663 2662
f 2584 2662 2585
f 2585 2662 2586
f 2586 2662 2660
f 2586 2660 2587
f 2587 2660 2588
f 2588 2660 2659
f 2588 2659 2589
f 2589 2659 2590
f 2590 2659 2658
f 2590 2658 2591
f 2657 72 2658
f 2658 72 65
f 65 64 2658
f 2658 64 2592
f 2658 2592 2591
f 72 2657 77
f 77 2657 2656
f 77 2656 75
f 75 2656 2452
f 2452 2656 2453
f 2453 2656 2667
f 2453 2667 2454
f 2441 2444 2665
f 2451 2450 2666
f 2666 2450 2448
f 2666 2448 2667
f 2667 2448 2447
f 2667 2447 2454
f 2665 2444 2666
f 2666 2444 2446
f 2666 2446 2451
f 2664 2439 2665
f 2665 2439 2438
f 2665 2438 2441
f 2440 2426 2443
f 2443 2426 2425
f 2443 2425 2433
f 2433 2425 2435
f 2428 2668 2429
f 2429 2668 2695
f 2429 2695 2430
f 2430 2695 2431
f 2431 2695 2418
f 2418 2695 2694
f 2418 2694 2419
f 2414 2422 2415
f 2415 2422 2421
f 2415 2421 2694
f 2694 2421 2424
f 2694 2424 2419
f 2806 2807 2808
f 2808 2807 2809
f 2810 2811 2812
f 2812 2811 2813
f 2812 2813 2814
f 2814 2813 2815
f 2815 2813 2809
f 2815 2809 2807
f 2816 2817 2818
f 2818 2817 2819
f 2820 2821 2822
f 2822 2821 2823
f 2822 2823 2817
f 2817 2823 2824
f 2817 2824 2819
f 2818 2825 2816
f 2816 2825 2826
f 2558 2548 2546
f 2827 2820 2540
f 2540 2820 2822
f 2540 2822 2542
f 2542 2822 2817
f 2542 2817 2544
f 2544 2817 2816
f 2544 2816 2826
f 2558 2546 2555
f 2555 2546 2544
f 2555 2544 2828
f 2828 2544 2826
f 2828 2826 2829
f 2540 2538 2827
f 2827 2538 2536
f 2827 2536 2830
f 2830 2536 2534
f 2830 2534 2532
f 2548 2558 2550
f 2550 2558 2560
f 2550 2560 2552
f 2560 2562 2552
f 2552 2562 2831
f 2552 2831 2832
f 2810 2830 2811
f 2811 2830 2532
f 2811 2532 2813
f 2813 2532 2554
f 2813 2554 2809
f 2809 2554 2552
f 2809 2552 2808
f 2808 2552 2832
f 2826 2825 2833
f 2826 2833 2829
f 2829 2833 2834
f 2829 2834 2828
f 2828 2834 2556
f 2828 2556 2555
f 2562 2561 2835
f 2562 2835 2831
f 2831 2835 2836
f 2831 2836 2832
f 2832 2836 2806
f 2832 2806 2808
f 2837 2838 2839
f 2837 2839 2840
f 2840 2839 2841
f 2840 2841 2830
f 2830 2810 2840
f 2840 2810 2812
f 2840 2812 2842
f 2842 2812 2814
f 2814 2815 2842
f 2842 2815 2807
f 2842 2807 2806
f 2838 2843 2839
f 2839 2843 2844
f 2839 2844 2841
f 2841 2844 2845
f 2841 2845 2830
f 2830 2845 2827
f 2843 2846 2844
f 2844 2846 2847
f 2844 2847 2845
f 2845 2847 2827
f 2819 2848 2818
f 2818 2848 2825
f 2820 2827 2821
f 2821 2827 2847
f 2821 2847 2823
f 2823 2847 2848
f 2823 2848 2824
f 2824 2848 2819
f 2834 2482 2556
f 2556 2482 2481
f 2556 2481 2480
f 2833 2825 2848
f 2848 2849 2833
f 2833 2849 2476
f 2833 2476 2834
f 2834 2476 2475
f 2834 2475 2482
f 2559 2489 2461
f 2458 2561 2459
f 2459 2561 2559
f 2459 2559 2460
f 2460 2559 2461
f 2485 2486 2557
f 2557 2486 2487
f 2557 2487 2559
f 2559 2487 2488
f 2559 2488 2489
f 2556 2480 2557
f 2557 2480 2479
f 2479 2483 2557
f 2557 2483 2484
f 2557 2484 2485
f 2842 2806 2850
f 2850 2806 2836
f 2492 2491 2835
f 2835 2491 2494
f 2835 2494 2836
f 2836 2494 2851
f 2836 2851 2850
f 2492 2835 2493
f 2493 2835 2561
f 2493 2561 2458
f 2497 2498 2840
f 2842 2850 2495
f 2495 2850 2851
f 2495 2851 2494
f 2842 2495 2840
f 2840 2495 2496
f 2840 2496 2497
f 2465 2464 2852
f 2852 2503 2505
f 2514 2516 2852
f 2852 2516 2519
f 2852 2519 2465
f 2505 2508 2852
f 2852 2508 2511
f 2852 2511 2514
f 2846 2843 2471
f 2471 2843 2463
f 2463 2843 2852
f 2463 2852 2464
f 2503 2852 2501
f 2501 2852 2843
f 2501 2843 2499
f 2499 2843 2838
f 2499 2838 2455
f 2455 2838 2837
f 2455 2837 2456
f 2456 2837 2840
f 2456 2840 2498
f 2473 2847 2468
f 2468 2847 2846
f 2468 2846 2469
f 2469 2846 2471
f 2476 2849 2477
f 2477 2849 2848
f 2477 2848 2478
f 2478 2848 2847
f 2478 2847 2474
f 2474 2847 2473
f 2551 2553 2853
f 2853 2553 2531
f 2853 2531 2533
f 2545 2547 2853
f 2853 2547 2549
f 2853 2549 2551
f 2539 2541 2853
f 2853 2541 2543
f 2853 2543 2545
f 2533 2535 2853
f 2853 2535 2537
f 2853 2537 2539
f 2854 2855 2856
f 2856 2855 2857
f 2858 2859 2860
f 2861 2862 2854
f 2854 2862 2858
f 2854 2858 2855
f 2855 2858 2860
f 2854 2856 2861
f 2861 2856 2863
f 2864 2865 2866
f 2866 2865 2867
f 2866 2867 2868
f 2855 2860 2857
f 2857 2860 2869
f 2862 2868 2858
f 2858 2868 2867
f 2858 2867 2859
f 2859 2867 2865
f 2861 2863 2870
f 2866 2868 2862
f 2862 2861 2866
f 2866 2861 2870
f 2866 2870 2864
f 2864 2870 2871
f 2864 2871 2872
f 2873 2874 2875
f 2875 2874 2876
f 2877 2872 2878
f 2878 2872 2874
f 2878 2874 2879
f 2879 2874 2873
f 2880 2876 2874
f 2880 2874 2881
f 2881 2874 2882
f 2881 2882 2883
f 2884 2883 2882
f 2874 2872 2885
f 2885 2886 2874
f 2874 2886 2887
f 2874 2887 2882
f 2882 2887 2888
f 2882 2888 2884
f 2871 2870 2889
f 2889 2870 2863
f 2869 2890 2857
f 2857 2890 2889
f 2857 2889 2856
f 2856 2889 2863
f 2890 2869 2860
f 2877 2891 2872
f 2872 2891 2892
f 2859 2865 2860
f 2860 2865 2864
f 2860 2864 2890
f 2890 2864 2872
f 2890 2872 2893
f 2893 2872 2892
f 2873 2875 2894
f 2893 2892 2895
f 2895 2892 2891
f 2895 2891 2896
f 2896 2891 2877
f 2896 2877 2897
f 2897 2877 2878
f 2897 2878 2894
f 2894 2878 2879
f 2894 2879 2873
f 2875 2876 2880
f 2880 2881 2875
f 2875 2881 2898
f 2875 2898 2899
f 2900 2894 2901
f 2901 2894 2875
f 2901 2875 2902
f 2902 2875 2899
f 2884 2881 2883
f 2872 2871 2889
f 2895 2896 2872
f 2872 2896 2897
f 2872 2897 2885
f 2885 2897 2894
f 2885 2894 2886
f 2886 2894 2900
f 2886 2900 2887
f 2887 2900 2901
f 2887 2901 2903
f 2901 2902 2903
f 2903 2902 2899
f 2903 2899 2884
f 2884 2899 2898
f 2884 2898 2881
f 2872 2889 2895
f 2895 2889 2890
f 2895 2890 2893

