index,dx_m,dy_m,object_x_m,object_y_m,yaw_delta_deg,success_frames,total_frames,success_rate_pct,full_sequence_success,failed_frame_indices,max_position_error_m,max_orientation_error_rad,min_joint_limit_margin_rad
0,-0.4,-0.4,-1.1102230246251565e-16,-0.4,-180.0,60,60,100.0,True,,4.533259630617859e-15,2.3639735324079668e-14,0.5111793354838552
1,-0.4,-0.4,-1.1102230246251565e-16,-0.4,-135.0,60,60,100.0,True,,6.560415946704551e-15,3.8855811263461854e-14,0.5784068201933734
2,-0.4,-0.4,-1.1102230246251565e-16,-0.4,-90.0,60,60,100.0,True,,3.909259269318314e-14,4.172458750747425e-13,0.7019471017812895
3,-0.4,-0.4,-1.1102230246251565e-16,-0.4,-45.0,60,60,100.0,True,,8.610001454551313e-15,8.075758080851963e-14,0.7818789656803928
4,-0.4,-0.4,-1.1102230246251565e-16,-0.4,0.0,60,60,100.0,True,,8.806875196138682e-15,5.142228943529835e-14,0.8664508778589108
5,-0.4,-0.4,-1.1102230246251565e-16,-0.4,45.0,60,60,100.0,True,,9.340712589244359e-15,2.0739202425100377e-14,0.8699797023395801
6,-0.4,-0.4,-1.1102230246251565e-16,-0.4,90.0,60,60,100.0,True,,3.675970324153656e-15,2.1955356092584782e-14,0.8764903277011118
7,-0.4,-0.4,-1.1102230246251565e-16,-0.4,135.0,60,60,100.0,True,,1.061672536153538e-14,5.6199986803242684e-14,0.7018674333977823
8,-0.30000000000000004,-0.4,0.09999999999999987,-0.4,-180.0,60,60,100.0,True,,1.1350639169655977e-14,7.670828435795e-14,0.5917474728451224
9,-0.30000000000000004,-0.4,0.09999999999999987,-0.4,-135.0,60,60,100.0,True,,1.1991027046800502e-14,9.138904794316363e-14,0.5730613669285027
10,-0.30000000000000004,-0.4,0.09999999999999987,-0.4,-90.0,60,60,100.0,True,,3.626141407793548e-15,4.036221801521824e-14,0.7512992124908204
11,-0.30000000000000004,-0.4,0.09999999999999987,-0.4,-45.0,60,60,100.0,True,,8.738654659610145e-15,4.4486204108919594e-14,0.7909964617547294
12,-0.30000000000000004,-0.4,0.09999999999999987,-0.4,0.0,60,60,100.0,True,,6.184948740886785e-15,2.0744351392291968e-14,0.9080196317924754
13,-0.30000000000000004,-0.4,0.09999999999999987,-0.4,45.0,60,60,100.0,True,,7.287213031303176e-15,6.377601846790099e-14,0.9178886876679082
14,-0.30000000000000004,-0.4,0.09999999999999987,-0.4,90.0,60,60,100.0,True,,4.832420279909862e-15,4.141085603761161e-14,0.9280028042929755
15,-0.30000000000000004,-0.4,0.09999999999999987,-0.4,135.0,60,60,100.0,True,,9.350951874707276e-15,4.893278373400555e-14,0.8274575088907701
16,-0.2,-0.4,0.1999999999999999,-0.4,-180.0,60,60,100.0,True,,2.6691571797624175e-15,2.599944346930576e-14,0.7765309204105721
17,-0.2,-0.4,0.1999999999999999,-0.4,-135.0,60,60,100.0,True,,5.332033180602347e-15,6.043277521715966e-14,0.679262096005268
18,-0.2,-0.4,0.1999999999999999,-0.4,-90.0,60,60,100.0,True,,6.284784168406179e-15,3.390976536873535e-14,0.8557549245927656
19,-0.2,-0.4,0.1999999999999999,-0.4,-45.0,60,60,100.0,True,,2.1123889528566434e-15,5.842891023150874e-15,0.9037504128846763
20,-0.2,-0.4,0.1999999999999999,-0.4,0.0,60,60,100.0,True,,1.1134215839889457e-14,1.1797517898794228e-13,1.0386043035582415
21,-0.2,-0.4,0.1999999999999999,-0.4,45.0,60,60,100.0,True,,6.318098192599206e-15,7.346931577139101e-14,1.0672355035872088
22,-0.2,-0.4,0.1999999999999999,-0.4,90.0,60,60,100.0,True,,9.9135596189323e-15,6.770809590501577e-14,1.0777964969972955
23,-0.2,-0.4,0.1999999999999999,-0.4,135.0,60,60,100.0,True,,2.39535602579626e-15,1.1057611596543885e-14,1.0370661451846162
24,-0.09999999999999998,-0.4,0.29999999999999993,-0.4,-180.0,53,60,88.33333333333333,False,51 52 53 54 55 56 57,0.001034832390435001,0.013923149876524023,1.0539589898939048
25,-0.09999999999999998,-0.4,0.29999999999999993,-0.4,-135.0,60,60,100.0,True,,8.544570970843817e-15,6.128715880037921e-14,0.8853245265891942
26,-0.09999999999999998,-0.4,0.29999999999999993,-0.4,-90.0,60,60,100.0,True,,1.4848480681387565e-14,7.63163274455092e-14,1.0123856136214986
27,-0.09999999999999998,-0.4,0.29999999999999993,-0.4,-45.0,60,60,100.0,True,,1.0250228396777374e-14,1.5456311850814664e-13,1.1163913916868786
28,-0.09999999999999998,-0.4,0.29999999999999993,-0.4,0.0,60,60,100.0,True,,1.1719822615798699e-14,1.8623976991399233e-13,1.2387035767557482
29,-0.09999999999999998,-0.4,0.29999999999999993,-0.4,45.0,60,60,100.0,True,,1.0837619351888227e-14,7.099240685669616e-14,1.3212808572018808
30,-0.09999999999999998,-0.4,0.29999999999999993,-0.4,90.0,43,60,71.66666666666667,False,43 44 45 46 47 48 49 50 51 52 53 54 55 56 57 58 59,0.00598208382651454,0.08537691252435044,1.3293240933842905
31,-0.09999999999999998,-0.4,0.29999999999999993,-0.4,135.0,41,60,68.33333333333333,False,41 42 43 44 45 46 47 48 49 50 51 52 53 54 55 56 57 58 59,0.007658103059494498,0.10934580123200272,1.3194181162611602
32,0.0,-0.4,0.3999999999999999,-0.4,-180.0,30,60,50.0,False,30 31 32 33 34 35 36 37 38 39 40 41 42 43 44 45 46 47 48 49 50 51 52 53 54 55 56 57 58 59,0.021305009651124706,0.3049399237832709,1.4397404944470755
33,0.0,-0.4,0.3999999999999999,-0.4,-135.0,35,60,58.333333333333336,False,35 36 37 38 39 40 41 42 43 44 45 46 47 48 49 50 51 52 53 54 55 56 57 58 59,0.011291363305254987,0.14578830620695424,1.186647395372913
34,0.0,-0.4,0.3999999999999999,-0.4,-90.0,60,60,100.0,True,,1.6798521867698026e-14,5.297876593443656e-14,1.2713787177654523
35,0.0,-0.4,0.3999999999999999,-0.4,-45.0,60,60,100.0,True,,1.4550805918513384e-14,9.131183234054299e-14,1.4401045481603005
36,0.0,-0.4,0.3999999999999999,-0.4,0.0,59,60,98.33333333333333,False,16,0.0006663044958087754,0.008610510596997491,1.5600453941559183
37,0.0,-0.4,0.3999999999999999,-0.4,45.0,14,60,23.333333333333332,False,14 15 16 17 18 19 20 21 22 23 24 25 26 27 28 29 30 31 32 33 34 35 36 37 38 39 40 41 42 43 44 45 46 47 48 49 50 51 52 53 54 55 56 57 58 59,0.013326439445773632,0.1886294537057849,1.7196866606067345
38,0.0,-0.4,0.3999999999999999,-0.4,90.0,15,60,25.0,False,15 16 17 18 19 20 21 22 23 24 25 26 27 28 29 30 31 32 33 34 35 36 37 38 39 40 41 42 43 44 45 46 47 48 49 50 51 52 53 54 55 56 57 58 59,0.023934198228138314,0.335880214321035,1.7259800552718652
39,0.0,-0.4,0.3999999999999999,-0.4,135.0,22,60,36.666666666666664,False,0 23 24 25 26 27 28 29 30 31 32 33 34 35 36 37 38 39 40 41 42 43 44 45 46 47 48 49 50 51 52 53 54 55 56 57 58 59,0.02762537293395998,0.38118586022147855,1.7381815057641927
40,0.09999999999999998,-0.4,0.4999999999999999,-0.4,-180.0,10,60,16.666666666666668,False,0 1 2 3 4 5 6 7 8 9 10 21 22 23 24 25 26 27 28 29 30 31 32 33 34 35 36 37 38 39 40 41 42 43 44 45 46 47 48 49 50 51 52 53 54 55 56 57 58 59,0.04770045090604967,0.6187960876702188,2.073084663747404
41,0.09999999999999998,-0.4,0.4999999999999999,-0.4,-135.0,16,60,26.666666666666668,False,0 1 2 3 4 5 6 7 8 25 26 27 28 29 30 31 32 33 34 35 36 37 38 39 40 41 42 43 44 45 46 47 48 49 50 51 52 53 54 55 56 57 58 59,0.033782117152115446,0.483475953899662,1.6185928321678278
42,0.09999999999999998,-0.4,0.4999999999999999,-0.4,-90.0,20,60,33.333333333333336,False,1 2 3 4 5 6 7 8 28 29 30 31 32 33 34 35 36 37 38 39 40 41 42 43 44 45 46 47 48 49 50 51 52 53 54 55 56 57 58 59,0.026966580430741398,0.3235933264218411,1.6672325403333217
43,0.09999999999999998,-0.4,0.4999999999999999,-0.4,-45.0,6,60,10.0,False,2 3 4 5 6 7 8 9 10 11 12 13 14 15 17 18 19 20 21 25 26 27 28 29 30 31 32 33 34 35 36 37 38 39 40 41 42 43 44 45 46 47 48 49 50 51 52 53 54 55 56 57 58 59,0.02541450606998963,0.26627103817970565,1.9715899319791785
44,0.09999999999999998,-0.4,0.4999999999999999,-0.4,0.0,2,60,3.3333333333333335,False,2 3 4 5 6 7 8 9 10 11 12 13 14 15 16 17 18 19 20 21 22 23 24 25 26 27 28 29 30 31 32 33 34 35 36 37 38 39 40 41 42 43 44 45 46 47 48 49 50 51 52 53 54 55 56 57 58 59,0.0230682123818966,0.32329173193865085,2.1503355328696507
45,0.09999999999999998,-0.4,0.4999999999999999,-0.4,45.0,0,60,0.0,False,0 1 2 3 4 5 6 7 8 9 10 11 12 13 14 15 16 17 18 19 20 21 22 23 24 25 26 27 28 29 30 31 32 33 34 35 36 37 38 39 40 41 42 43 44 45 46 47 48 49 50 51 52 53 54 55 56 57 58 59,0.037568733687877706,0.5138042934138806,2.6179935201114755
46,0.09999999999999998,-0.4,0.4999999999999999,-0.4,90.0,0,60,0.0,False,0 1 2 3 4 5 6 7 8 9 10 11 12 13 14 15 16 17 18 19 20 21 22 23 24 25 26 27 28 29 30 31 32 33 34 35 36 37 38 39 40 41 42 43 44 45 46 47 48 49 50 51 52 53 54 55 56 57 58 59,0.04998642800123692,0.6172375054447269,2.6179935146495534
47,0.09999999999999998,-0.4,0.4999999999999999,-0.4,135.0,0,60,0.0,False,0 1 2 3 4 5 6 7 8 9 10 11 12 13 14 15 16 17 18 19 20 21 22 23 24 25 26 27 28 29 30 31 32 33 34 35 36 37 38 39 40 41 42 43 44 45 46 47 48 49 50 51 52 53 54 55 56 57 58 59,0.05851162328712578,0.670051651212529,2.617993354360992
48,0.20000000000000007,-0.4,0.6,-0.4,-180.0,0,60,0.0,False,0 1 2 3 4 5 6 7 8 9 10 11 12 13 14 15 16 17 18 19 20 21 22 23 24 25 26 27 28 29 30 31 32 33 34 35 36 37 38 39 40 41 42 43 44 45 46 47 48 49 50 51 52 53 54 55 56 57 58 59,0.09274973830235742,0.902995063362374,2.6179930898897057
49,0.20000000000000007,-0.4,0.6,-0.4,-135.0,0,60,0.0,False,0 1 2 3 4 5 6 7 8 9 10 11 12 13 14 15 16 17 18 19 20 21 22 23 24 25 26 27 28 29 30 31 32 33 34 35 36 37 38 39 40 41 42 43 44 45 46 47 48 49 50 51 52 53 54 55 56 57 58 59,0.06250832136317679,0.8217790844120234,2.6179924488828705
50,0.20000000000000007,-0.4,0.6,-0.4,-90.0,0,60,0.0,False,0 1 2 3 4 5 6 7 8 9 10 11 12 13 14 15 16 17 18 19 20 21 22 23 24 25 26 27 28 29 30 31 32 33 34 35 36 37 38 39 40 41 42 43 44 45 46 47 48 49 50 51 52 53 54 55 56 57 58 59,0.04918570275690002,0.6971525815393941,2.6179929246708022
51,0.20000000000000007,-0.4,0.6,-0.4,-45.0,0,60,0.0,False,0 1 2 3 4 5 6 7 8 9 10 11 12 13 14 15 16 17 18 19 20 21 22 23 24 25 26 27 28 29 30 31 32 33 34 35 36 37 38 39 40 41 42 43 44 45 46 47 48 49 50 51 52 53 54 55 56 57 58 59,0.049155947722400804,0.6593148185466086,2.6179930622188454
52,0.20000000000000007,-0.4,0.6,-0.4,0.0,0,60,0.0,False,0 1 2 3 4 5 6 7 8 9 10 11 12 13 14 15 16 17 18 19 20 21 22 23 24 25 26 27 28 29 30 31 32 33 34 35 36 37 38 39 40 41 42 43 44 45 46 47 48 49 50 51 52 53 54 55 56 57 58 59,0.0473942629331166,0.6734087515825623,2.617993103700077
53,0.20000000000000007,-0.4,0.6,-0.4,45.0,0,60,0.0,False,0 1 2 3 4 5 6 7 8 9 10 11 12 13 14 15 16 17 18 19 20 21 22 23 24 25 26 27 28 29 30 31 32 33 34 35 36 37 38 39 40 41 42 43 44 45 46 47 48 49 50 51 52 53 54 55 56 57 58 59,0.07297144726364134,0.8428224305460003,2.6179930358125527
54,0.20000000000000007,-0.4,0.6,-0.4,90.0,0,60,0.0,False,0 1 2 3 4 5 6 7 8 9 10 11 12 13 14 15 16 17 18 19 20 21 22 23 24 25 26 27 28 29 30 31 32 33 34 35 36 37 38 39 40 41 42 43 44 45 46 47 48 49 50 51 52 53 54 55 56 57 58 59,0.09254502251080544,0.8773516847445016,2.617993225288038
55,0.20000000000000007,-0.4,0.6,-0.4,135.0,0,60,0.0,False,0 1 2 3 4 5 6 7 8 9 10 11 12 13 14 15 16 17 18 19 20 21 22 23 24 25 26 27 28 29 30 31 32 33 34 35 36 37 38 39 40 41 42 43 44 45 46 47 48 49 50 51 52 53 54 55 56 57 58 59,0.11054064971623145,0.9064679823454984,2.6179932570177997
56,0.30000000000000004,-0.4,0.7,-0.4,-180.0,0,60,0.0,False,0 1 2 3 4 5 6 7 8 9 10 11 12 13 14 15 16 17 18 19 20 21 22 23 24 25 26 27 28 29 30 31 32 33 34 35 36 37 38 39 40 41 42 43 44 45 46 47 48 49 50 51 52 53 54 55 56 57 58 59,0.16157980211223832,1.086959614692685,2.6179932304855016
57,0.30000000000000004,-0.4,0.7,-0.4,-135.0,0,60,0.0,False,0 1 2 3 4 5 6 7 8 9 10 11 12 13 14 15 16 17 18 19 20 21 22 23 24 25 26 27 28 29 30 31 32 33 34 35 36 37 38 39 40 41 42 43 44 45 46 47 48 49 50 51 52 53 54 55 56 57 58 59,0.11110869525567514,1.1102659788347233,2.617993101751316
58,0.30000000000000004,-0.4,0.7,-0.4,-90.0,0,60,0.0,False,0 1 2 3 4 5 6 7 8 9 10 11 12 13 14 15 16 17 18 19 20 21 22 23 24 25 26 27 28 29 30 31 32 33 34 35 36 37 38 39 40 41 42 43 44 45 46 47 48 49 50 51 52 53 54 55 56 57 58 59,0.07687956055691152,1.0498773428457453,2.6179921866058176
59,0.30000000000000004,-0.4,0.7,-0.4,-45.0,0,60,0.0,False,0 1 2 3 4 5 6 7 8 9 10 11 12 13 14 15 16 17 18 19 20 21 22 23 24 25 26 27 28 29 30 31 32 33 34 35 36 37 38 39 40 41 42 43 44 45 46 47 48 49 50 51 52 53 54 55 56 57 58 59,0.07242407468790371,1.0352230250830818,2.617992516384689
60,0.30000000000000004,-0.4,0.7,-0.4,0.0,0,60,0.0,False,0 1 2 3 4 5 6 7 8 9 10 11 12 13 14 15 16 17 18 19 20 21 22 23 24 25 26 27 28 29 30 31 32 33 34 35 36 37 38 39 40 41 42 43 44 45 46 47 48 49 50 51 52 53 54 55 56 57 58 59,0.07995751111387635,1.0171803664352532,2.6179930762037777
61,0.30000000000000004,-0.4,0.7,-0.4,45.0,0,60,0.0,False,0 1 2 3 4 5 6 7 8 9 10 11 12 13 14 15 16 17 18 19 20 21 22 23 24 25 26 27 28 29 30 31 32 33 34 35 36 37 38 39 40 41 42 43 44 45 46 47 48 49 50 51 52 53 54 55 56 57 58 59,0.12677703100389617,1.111497909052421,2.617993174351553
62,0.30000000000000004,-0.4,0.7,-0.4,90.0,0,60,0.0,False,0 1 2 3 4 5 6 7 8 9 10 11 12 13 14 15 16 17 18 19 20 21 22 23 24 25 26 27 28 29 30 31 32 33 34 35 36 37 38 39 40 41 42 43 44 45 46 47 48 49 50 51 52 53 54 55 56 57 58 59,0.15980592821692502,1.0585441718617332,2.6179931558611167
63,0.30000000000000004,-0.4,0.7,-0.4,135.0,0,60,0.0,False,0 1 2 3 4 5 6 7 8 9 10 11 12 13 14 15 16 17 18 19 20 21 22 23 24 25 26 27 28 29 30 31 32 33 34 35 36 37 38 39 40 41 42 43 44 45 46 47 48 49 50 51 52 53 54 55 56 57 58 59,0.18204184736953236,1.0468022680322864,2.617992888519508
64,0.4,-0.4,0.7999999999999999,-0.4,-180.0,0,60,0.0,False,0 1 2 3 4 5 6 7 8 9 10 11 12 13 14 15 16 17 18 19 20 21 22 23 24 25 26 27 28 29 30 31 32 33 34 35 36 37 38 39 40 41 42 43 44 45 46 47 48 49 50 51 52 53 54 55 56 57 58 59,0.24403167533470468,1.178932330796259,2.617993133005301
65,0.4,-0.4,0.7999999999999999,-0.4,-135.0,0,60,0.0,False,0 1 2 3 4 5 6 7 8 9 10 11 12 13 14 15 16 17 18 19 20 21 22 23 24 25 26 27 28 29 30 31 32 33 34 35 36 37 38 39 40 41 42 43 44 45 46 47 48 49 50 51 52 53 54 55 56 57 58 59,0.18329802421372465,1.2885001081961773,0.0043374090012653355
66,0.4,-0.4,0.7999999999999999,-0.4,-90.0,0,60,0.0,False,0 1 2 3 4 5 6 7 8 9 10 11 12 13 14 15 16 17 18 19 20 21 22 23 24 25 26 27 28 29 30 31 32 33 34 35 36 37 38 39 40 41 42 43 44 45 46 47 48 49 50 51 52 53 54 55 56 57 58 59,0.1243228484967654,1.350216445148648,2.617992163914229
67,0.4,-0.4,0.7999999999999999,-0.4,-45.0,0,60,0.0,False,0 1 2 3 4 5 6 7 8 9 10 11 12 13 14 15 16 17 18 19 20 21 22 23 24 25 26 27 28 29 30 31 32 33 34 35 36 37 38 39 40 41 42 43 44 45 46 47 48 49 50 51 52 53 54 55 56 57 58 59,0.10694298274767333,1.3717881210650071,2.617991410431537
68,0.4,-0.4,0.7999999999999999,-0.4,0.0,0,60,0.0,False,0 1 2 3 4 5 6 7 8 9 10 11 12 13 14 15 16 17 18 19 20 21 22 23 24 25 26 27 28 29 30 31 32 33 34 35 36 37 38 39 40 41 42 43 44 45 46 47 48 49 50 51 52 53 54 55 56 57 58 59,0.13042707092085798,1.3082261626143261,2.617992569572422
69,0.4,-0.4,0.7999999999999999,-0.4,45.0,0,60,0.0,False,0 1 2 3 4 5 6 7 8 9 10 11 12 13 14 15 16 17 18 19 20 21 22 23 24 25 26 27 28 29 30 31 32 33 34 35 36 37 38 39 40 41 42 43 44 45 46 47 48 49 50 51 52 53 54 55 56 57 58 59,0.19730467607516108,1.2905255217508391,0.0025750415214886857
70,0.4,-0.4,0.7999999999999999,-0.4,90.0,0,60,0.0,False,0 1 2 3 4 5 6 7 8 9 10 11 12 13 14 15 16 17 18 19 20 21 22 23 24 25 26 27 28 29 30 31 32 33 34 35 36 37 38 39 40 41 42 43 44 45 46 47 48 49 50 51 52 53 54 55 56 57 58 59,0.2409204481178625,1.1659377658057788,2.617993076608747
71,0.4,-0.4,0.7999999999999999,-0.4,135.0,0,60,0.0,False,0 1 2 3 4 5 6 7 8 9 10 11 12 13 14 15 16 17 18 19 20 21 22 23 24 25 26 27 28 29 30 31 32 33 34 35 36 37 38 39 40 41 42 43 44 45 46 47 48 49 50 51 52 53 54 55 56 57 58 59,0.2633337492985183,1.1225892595414113,2.61799305488014
72,-0.4,-0.30000000000000004,-1.1102230246251565e-16,-0.30000000000000004,-180.0,60,60,100.0,True,,5.274161920700592e-15,4.607228414956532e-14,0.17175092106821044
73,-0.4,-0.30000000000000004,-1.1102230246251565e-16,-0.30000000000000004,-135.0,60,60,100.0,True,,1.7884469694855452e-14,1.5748458905522438e-13,0.23812406303361477
74,-0.4,-0.30000000000000004,-1.1102230246251565e-16,-0.30000000000000004,-90.0,60,60,100.0,True,,1.2352735783737934e-14,1.951647766245046e-13,0.35431790197956214
75,-0.4,-0.30000000000000004,-1.1102230246251565e-16,-0.30000000000000004,-45.0,60,60,100.0,True,,2.2120566905631274e-14,1.7766947515295287e-13,0.42651107888274664
76,-0.4,-0.30000000000000004,-1.1102230246251565e-16,-0.30000000000000004,0.0,60,60,100.0,True,,5.100422152216045e-15,2.753927739794792e-14,0.4895268447670187
77,-0.4,-0.30000000000000004,-1.1102230246251565e-16,-0.30000000000000004,45.0,60,60,100.0,True,,4.277961746386388e-15,1.3854654352117234e-14,0.49259329688943776
78,-0.4,-0.30000000000000004,-1.1102230246251565e-16,-0.30000000000000004,90.0,60,60,100.0,True,,5.9264653717705615e-15,2.2720823052802326e-14,0.4979707753816709
79,-0.4,-0.30000000000000004,-1.1102230246251565e-16,-0.30000000000000004,135.0,60,60,100.0,True,,7.21410673583758e-14,1.0234205101684668e-12,0.3544254937215623
80,-0.30000000000000004,-0.30000000000000004,0.09999999999999987,-0.30000000000000004,-180.0,60,60,100.0,True,,6.297274642804691e-15,6.434114168355398e-14,0.2760208019565056
81,-0.30000000000000004,-0.30000000000000004,0.09999999999999987,-0.30000000000000004,-135.0,60,60,100.0,True,,2.028845720815412e-14,1.649615921152984e-13,0.23119869680207428
82,-0.30000000000000004,-0.30000000000000004,0.09999999999999987,-0.30000000000000004,-90.0,60,60,100.0,True,,2.1696465330178434e-13,2.8211121274331794e-11,0.0006722349574888042
83,-0.30000000000000004,-0.30000000000000004,0.09999999999999987,-0.30000000000000004,-45.0,60,60,100.0,True,,8.200821523359856e-15,4.480789647275974e-14,0.43729877918352145
84,-0.30000000000000004,-0.30000000000000004,0.09999999999999987,-0.30000000000000004,0.0,60,60,100.0,True,,4.458205583648681e-15,3.362952949753832e-14,0.5379773499623983
85,-0.30000000000000004,-0.30000000000000004,0.09999999999999987,-0.30000000000000004,45.0,60,60,100.0,True,,8.094213046872746e-15,5.015417472533268e-14,0.5473815693003621
86,-0.30000000000000004,-0.30000000000000004,0.09999999999999987,-0.30000000000000004,90.0,60,60,100.0,True,,6.521556267325477e-15,5.565571247077118e-14,0.5567040636813068
87,-0.30000000000000004,-0.30000000000000004,0.09999999999999987,-0.30000000000000004,135.0,60,60,100.0,True,,2.767218361258043e-15,2.3042345534118663e-14,0.5004507928865065
88,-0.2,-0.30000000000000004,0.1999999999999999,-0.30000000000000004,-180.0,60,60,100.0,True,,5.904896788697011e-15,7.588636279745402e-14,0.495085242022653
89,-0.2,-0.30000000000000004,0.1999999999999999,-0.30000000000000004,-135.0,60,60,100.0,True,,8.487989027538588e-15,6.659561023621382e-14,0.36367254862847265
90,-0.2,-0.30000000000000004,0.1999999999999999,-0.30000000000000004,-90.0,60,60,100.0,True,,8.51720891238834e-15,4.8447467412154844e-14,0.279491505976762
91,-0.2,-0.30000000000000004,0.1999999999999999,-0.30000000000000004,-45.0,60,60,100.0,True,,2.8512691001109312e-15,3.700181878226414e-14,0.5665734055567722
92,-0.2,-0.30000000000000004,0.1999999999999999,-0.30000000000000004,0.0,60,60,100.0,True,,8.256817252209932e-15,6.014048408745346e-14,0.6702543145083462
93,-0.2,-0.30000000000000004,0.1999999999999999,-0.30000000000000004,45.0,60,60,100.0,True,,1.5416317219923048e-14,4.32897598694762e-14,0.7105988056900341
94,-0.2,-0.30000000000000004,0.1999999999999999,-0.30000000000000004,90.0,60,60,100.0,True,,4.109700139949179e-15,3.7410330628164845e-14,0.7174838713250602
95,-0.2,-0.30000000000000004,0.1999999999999999,-0.30000000000000004,135.0,60,60,100.0,True,,7.443049755598168e-15,6.499468771884756e-14,0.7023346865485214
96,-0.09999999999999998,-0.30000000000000004,0.29999999999999993,-0.30000000000000004,-180.0,60,60,100.0,True,,6.603960811865867e-15,5.32573141808075e-14,0.7941541346936705
97,-0.09999999999999998,-0.30000000000000004,0.29999999999999993,-0.30000000000000004,-135.0,60,60,100.0,True,,7.155126843996495e-15,5.6082833867872905e-14,0.5993711986211006
98,-0.09999999999999998,-0.30000000000000004,0.29999999999999993,-0.30000000000000004,-90.0,60,60,100.0,True,,7.31700357646707e-15,7.482365813424047e-14,0.6676234443732814
99,-0.09999999999999998,-0.30000000000000004,0.29999999999999993,-0.30000000000000004,-45.0,60,60,100.0,True,,1.5347628686227533e-14,1.4424597275782715e-13,0.7942711009573202
100,-0.09999999999999998,-0.30000000000000004,0.29999999999999993,-0.30000000000000004,0.0,60,60,100.0,True,,1.0426052347323345e-14,6.290443413577321e-14,0.8769772434188599
101,-0.09999999999999998,-0.30000000000000004,0.29999999999999993,-0.30000000000000004,45.0,60,60,100.0,True,,9.175474440973932e-15,4.2958455652165896e-14,0.9674624308306079
102,-0.09999999999999998,-0.30000000000000004,0.29999999999999993,-0.30000000000000004,90.0,60,60,100.0,True,,8.988865029292872e-15,7.493302687833928e-14,0.9711567236001988
103,-0.09999999999999998,-0.30000000000000004,0.29999999999999993,-0.30000000000000004,135.0,60,60,100.0,True,,1.1598775763816314e-14,7.544046370546009e-14,0.9780320328060097
104,0.0,-0.30000000000000004,0.3999999999999999,-0.30000000000000004,-180.0,46,60,76.66666666666667,False,46 47 48 49 50 51 52 53 54 55 56 57 58 59,0.00425301032412576,0.05945442674133125,1.1656123411336343
105,0.0,-0.30000000000000004,0.3999999999999999,-0.30000000000000004,-135.0,60,60,100.0,True,,2.428731815921475e-15,2.972627263306965e-14,0.9139617999098286
106,0.0,-0.30000000000000004,0.3999999999999999,-0.30000000000000004,-90.0,60,60,100.0,True,,2.106180058994748e-14,3.4627892770474727e-13,0.9335410870793255
107,0.0,-0.30000000000000004,0.3999999999999999,-0.30000000000000004,-45.0,60,60,100.0,True,,1.1414292761703875e-14,6.090944204749765e-14,1.1107388039156711
108,0.0,-0.30000000000000004,0.3999999999999999,-0.30000000000000004,0.0,60,60,100.0,True,,8.944188485154997e-15,3.8712338968712775e-14,1.1784981154243224
109,0.0,-0.30000000000000004,0.3999999999999999,-0.30000000000000004,45.0,60,60,100.0,True,,8.481769672106349e-15,6.23267539616108e-14,1.3158417897462977
110,0.0,-0.30000000000000004,0.3999999999999999,-0.30000000000000004,90.0,44,60,73.33333333333333,False,44 45 46 47 48 49 50 51 52 53 54 55 56 57 58 59,0.0035163002148566385,0.049707396798687624,1.324206188873801
111,0.0,-0.30000000000000004,0.3999999999999999,-0.30000000000000004,135.0,41,60,68.33333333333333,False,41 42 43 44 45 46 47 48 49 50 51 52 53 54 55 56 57 58 59,0.008142144301058548,0.1164901044722073,1.3353647372753545
112,0.09999999999999998,-0.30000000000000004,0.4999999999999999,-0.30000000000000004,-180.0,25,60,41.666666666666664,False,0 26 27 28 29 30 31 32 33 34 35 36 37 38 39 40 41 42 43 44 45 46 47 48 49 50 51 52 53 54 55 56 57 58 59,0.02930354200883432,0.40948958243661554,1.6710719138728107
113,0.09999999999999998,-0.30000000000000004,0.4999999999999999,-0.30000000000000004,-135.0,31,60,51.666666666666664,False,31 32 33 34 35 36 37 38 39 40 41 42 43 44 45 46 47 48 49 50 51 52 53 54 55 56 57 58 59,0.019604251012837755,0.27472845576141347,1.3195168448018133
114,0.09999999999999998,-0.30000000000000004,0.4999999999999999,-0.30000000000000004,-90.0,35,60,58.333333333333336,False,35 36 37 38 39 40 41 42 43 44 45 46 47 48 49 50 51 52 53 54 55 56 57 58 59,0.008529412617347729,0.0915668923801606,1.2950716812625174
115,0.09999999999999998,-0.30000000000000004,0.4999999999999999,-0.30000000000000004,-45.0,58,60,96.66666666666667,False,38 39,0.0002794868418073536,0.00207639442425698,1.546573649704334
116,0.09999999999999998,-0.30000000000000004,0.4999999999999999,-0.30000000000000004,0.0,35,60,58.333333333333336,False,17 35 36 37 38 39 40 41 42 43 44 45 46 47 48 49 50 52 53 54 55 56 57 58 59,0.0032369429781584622,0.034780691811523656,1.6092089209022153
117,0.09999999999999998,-0.30000000000000004,0.4999999999999999,-0.30000000000000004,45.0,13,60,21.666666666666668,False,13 14 15 16 17 18 19 20 21 22 23 24 25 26 27 28 29 30 31 32 33 34 35 36 37 38 39 40 41 42 43 44 45 46 47 48 49 50 51 52 53 54 55 56 57 58 59,0.016350567484495555,0.2338426372638928,1.8334434608987622
118,0.09999999999999998,-0.30000000000000004,0.4999999999999999,-0.30000000000000004,90.0,14,60,23.333333333333332,False,14 15 16 17 18 19 20 21 22 23 24 25 26 27 28 29 30 31 32 33 34 35 36 37 38 39 40 41 42 43 44 45 46 47 48 49 50 51 52 53 54 55 56 57 58 59,0.026462564212579698,0.3711543361986649,1.8576066901259853
119,0.09999999999999998,-0.30000000000000004,0.4999999999999999,-0.30000000000000004,135.0,18,60,30.0,False,0 16 20 21 22 23 24 25 26 27 28 29 30 31 32 33 34 35 36 37 38 39 40 41 42 43 44 45 46 47 48 49 50 51 52 53 54 55 56 57 58 59,0.0337572602761109,0.45013444726333307,1.8789959231298772
120,0.20000000000000007,-0.30000000000000004,0.6,-0.30000000000000004,-180.0,0,60,0.0,False,0 1 2 3 4 5 6 7 8 9 10 11 12 13 14 15 16 17 18 19 20 21 22 23 24 25 26 27 28 29 30 31 32 33 34 35 36 37 38 39 40 41 42 43 44 45 46 47 48 49 50 51 52 53 54 55 56 57 58 59,0.06672901266061042,0.7522446632521115,2.6179932582110643
121,0.20000000000000007,-0.30000000000000004,0.6,-0.30000000000000004,-135.0,6,60,10.0,False,0 1 2 3 4 5 6 7 8 9 10 11 12 13 20 21 22 23 24 25 26 27 28 29 30 31 32 33 34 35 36 37 38 39 40 41 42 43 44 45 46 47 48 49 50 51 52 53 54 55 56 57 58 59,0.046801884061563846,0.648416284087336,1.929834637401417
122,0.20000000000000007,-0.30000000000000004,0.6,-0.30000000000000004,-90.0,11,60,18.333333333333332,False,0 1 2 3 4 5 6 7 8 9 10 11 12 13 25 26 27 28 29 30 31 32 33 34 35 36 37 38 39 40 41 42 43 44 45 46 47 48 49 50 51 52 53 54 55 56 57 58 59,0.03589357045023962,0.49539431632135644,1.8306670670050091
123,0.20000000000000007,-0.30000000000000004,0.6,-0.30000000000000004,-45.0,1,60,1.6666666666666667,False,1 2 3 4 5 6 7 8 9 10 11 12 13 14 15 16 17 18 19 20 21 22 23 24 25 26 27 28 29 30 31 32 33 34 35 36 37 38 39 40 41 42 43 44 45 46 47 48 49 50 51 52 53 54 55 56 57 58 59,0.036232292990107925,0.4242773010233311,1.883865055264737
124,0.20000000000000007,-0.30000000000000004,0.6,-0.30000000000000004,0.0,0,60,0.0,False,0 1 2 3 4 5 6 7 8 9 10 11 12 13 14 15 16 17 18 19 20 21 22 23 24 25 26 27 28 29 30 31 32 33 34 35 36 37 38 39 40 41 42 43 44 45 46 47 48 49 50 51 52 53 54 55 56 57 58 59,0.03160969160783015,0.4232409751352135,2.617993455336972
125,0.20000000000000007,-0.30000000000000004,0.6,-0.30000000000000004,45.0,0,60,0.0,False,0 1 2 3 4 5 6 7 8 9 10 11 12 13 14 15 16 17 18 19 20 21 22 23 24 25 26 27 28 29 30 31 32 33 34 35 36 37 38 39 40 41 42 43 44 45 46 47 48 49 50 51 52 53 54 55 56 57 58 59,0.04581876267430355,0.6200638848001235,2.617993076487173
126,0.20000000000000007,-0.30000000000000004,0.6,-0.30000000000000004,90.0,0,60,0.0,False,0 1 2 3 4 5 6 7 8 9 10 11 12 13 14 15 16 17 18 19 20 21 22 23 24 25 26 27 28 29 30 31 32 33 34 35 36 37 38 39 40 41 42 43 44 45 46 47 48 49 50 51 52 53 54 55 56 57 58 59,0.05901048001183573,0.7009174892384172,2.6179934146598933
127,0.20000000000000007,-0.30000000000000004,0.6,-0.30000000000000004,135.0,0,60,0.0,False,0 1 2 3 4 5 6 7 8 9 10 11 12 13 14 15 16 17 18 19 20 21 22 23 24 25 26 27 28 29 30 31 32 33 34 35 36 37 38 39 40 41 42 43 44 45 46 47 48 49 50 51 52 53 54 55 56 57 58 59,0.0753352465071223,0.767179213632495,2.6179927103353564
128,0.30000000000000004,-0.30000000000000004,0.7,-0.30000000000000004,-180.0,0,60,0.0,False,0 1 2 3 4 5 6 7 8 9 10 11 12 13 14 15 16 17 18 19 20 21 22 23 24 25 26 27 28 29 30 31 32 33 34 35 36 37 38 39 40 41 42 43 44 45 46 47 48 49 50 51 52 53 54 55 56 57 58 59,0.13004942780840323,1.0038254208606698,2.6179932148906504
129,0.30000000000000004,-0.30000000000000004,0.7,-0.30000000000000004,-135.0,0,60,0.0,False,0 1 2 3 4 5 6 7 8 9 10 11 12 13 14 15 16 17 18 19 20 21 22 23 24 25 26 27 28 29 30 31 32 33 34 35 36 37 38 39 40 41 42 43 44 45 46 47 48 49 50 51 52 53 54 55 56 57 58 59,0.08974531167407838,0.9866022684054998,2.6179934688053916
130,0.30000000000000004,-0.30000000000000004,0.7,-0.30000000000000004,-90.0,0,60,0.0,False,0 1 2 3 4 5 6 7 8 9 10 11 12 13 14 15 16 17 18 19 20 21 22 23 24 25 26 27 28 29 30 31 32 33 34 35 36 37 38 39 40 41 42 43 44 45 46 47 48 49 50 51 52 53 54 55 56 57 58 59,0.06282883746567135,0.8823686100259245,2.617993063255808
131,0.30000000000000004,-0.30000000000000004,0.7,-0.30000000000000004,-45.0,0,60,0.0,False,0 1 2 3 4 5 6 7 8 9 10 11 12 13 14 15 16 17 18 19 20 21 22 23 24 25 26 27 28 29 30 31 32 33 34 35 36 37 38 39 40 41 42 43 44 45 46 47 48 49 50 51 52 53 54 55 56 57 58 59,0.06012091532651165,0.850579640240966,2.6179927368408387
132,0.30000000000000004,-0.30000000000000004,0.7,-0.30000000000000004,0.0,0,60,0.0,False,0 1 2 3 4 5 6 7 8 9 10 11 12 13 14 15 16 17 18 19 20 21 22 23 24 25 26 27 28 29 30 31 32 33 34 35 36 37 38 39 40 41 42 43 44 45 46 47 48 49 50 51 52 53 54 55 56 57 58 59,0.05705341040801034,0.8161951503250033,2.6179933705763765
133,0.30000000000000004,-0.30000000000000004,0.7,-0.30000000000000004,45.0,0,60,0.0,False,0 1 2 3 4 5 6 7 8 9 10 11 12 13 14 15 16 17 18 19 20 21 22 23 24 25 26 27 28 29 30 31 32 33 34 35 36 37 38 39 40 41 42 43 44 45 46 47 48 49 50 51 52 53 54 55 56 57 58 59,0.08926509830487021,0.9733163524193836,2.617992854246102
134,0.30000000000000004,-0.30000000000000004,0.7,-0.30000000000000004,90.0,0,60,0.0,False,0 1 2 3 4 5 6 7 8 9 10 11 12 13 14 15 16 17 18 19 20 21 22 23 24 25 26 27 28 29 30 31 32 33 34 35 36 37 38 39 40 41 42 43 44 45 46 47 48 49 50 51 52 53 54 55 56 57 58 59,0.11942817694014407,0.9706177121518377,2.6179932335035736
135,0.30000000000000004,-0.30000000000000004,0.7,-0.30000000000000004,135.0,0,60,0.0,False,0 1 2 3 4 5 6 7 8 9 10 11 12 13 14 15 16 17 18 19 20 21 22 23 24 25 26 27 28 29 30 31 32 33 34 35 36 37 38 39 40 41 42 43 44 45 46 47 48 49 50 51 52 53 54 55 56 57 58 59,0.14214311715154676,0.981793340053727,2.6179932465501055
136,0.4,-0.30000000000000004,0.7999999999999999,-0.30000000000000004,-180.0,0,60,0.0,False,0 1 2 3 4 5 6 7 8 9 10 11 12 13 14 15 16 17 18 19 20 21 22 23 24 25 26 27 28 29 30 31 32 33 34 35 36 37 38 39 40 41 42 43 44 45 46 47 48 49 50 51 52 53 54 55 56 57 58 59,0.21257121612790558,1.1325075721558227,2.6179931669993772
137,0.4,-0.30000000000000004,0.7999999999999999,-0.30000000000000004,-135.0,0,60,0.0,False,0 1 2 3 4 5 6 7 8 9 10 11 12 13 14 15 16 17 18 19 20 21 22 23 24 25 26 27 28 29 30 31 32 33 34 35 36 37 38 39 40 41 42 43 44 45 46 47 48 49 50 51 52 53 54 55 56 57 58 59,0.15876634583547447,1.2127140500781597,2.617992915665178
138,0.4,-0.30000000000000004,0.7999999999999999,-0.30000000000000004,-90.0,0,60,0.0,False,0 1 2 3 4 5 6 7 8 9 10 11 12 13 14 15 16 17 18 19 20 21 22 23 24 25 26 27 28 29 30 31 32 33 34 35 36 37 38 39 40 41 42 43 44 45 46 47 48 49 50 51 52 53 54 55 56 57 58 59,0.10537631561847578,1.223071294662174,2.6179919644055327
139,0.4,-0.30000000000000004,0.7999999999999999,-0.30000000000000004,-45.0,0,60,0.0,False,0 1 2 3 4 5 6 7 8 9 10 11 12 13 14 15 16 17 18 19 20 21 22 23 24 25 26 27 28 29 30 31 32 33 34 35 36 37 38 39 40 41 42 43 44 45 46 47 48 49 50 51 52 53 54 55 56 57 58 59,0.08983936492601148,1.2314541537248829,2.617992558032542
140,0.4,-0.30000000000000004,0.7999999999999999,-0.30000000000000004,0.0,0,60,0.0,False,0 1 2 3 4 5 6 7 8 9 10 11 12 13 14 15 16 17 18 19 20 21 22 23 24 25 26 27 28 29 30 31 32 33 34 35 36 37 38 39 40 41 42 43 44 45 46 47 48 49 50 51 52 53 54 55 56 57 58 59,0.09779515966311535,1.1801519200820612,2.617992192888224
141,0.4,-0.30000000000000004,0.7999999999999999,-0.30000000000000004,45.0,0,60,0.0,False,0 1 2 3 4 5 6 7 8 9 10 11 12 13 14 15 16 17 18 19 20 21 22 23 24 25 26 27 28 29 30 31 32 33 34 35 36 37 38 39 40 41 42 43 44 45 46 47 48 49 50 51 52 53 54 55 56 57 58 59,0.15430244302078103,1.2293455169320213,2.6179919798589175
142,0.4,-0.30000000000000004,0.7999999999999999,-0.30000000000000004,90.0,0,60,0.0,False,0 1 2 3 4 5 6 7 8 9 10 11 12 13 14 15 16 17 18 19 20 21 22 23 24 25 26 27 28 29 30 31 32 33 34 35 36 37 38 39 40 41 42 43 44 45 46 47 48 49 50 51 52 53 54 55 56 57 58 59,0.20018265709935054,1.1339089242008569,2.6179927091255735
143,0.4,-0.30000000000000004,0.7999999999999999,-0.30000000000000004,135.0,0,60,0.0,False,0 1 2 3 4 5 6 7 8 9 10 11 12 13 14 15 16 17 18 19 20 21 22 23 24 25 26 27 28 29 30 31 32 33 34 35 36 37 38 39 40 41 42 43 44 45 46 47 48 49 50 51 52 53 54 55 56 57 58 59,0.22429284242840847,1.0942008001112968,2.6179931525888445
144,-0.4,-0.2,-1.1102230246251565e-16,-0.2,-180.0,55,60,91.66666666666667,False,14 15 16 17 18,0.014593014581619278,0.17649924395661357,4.440892098500626e-16
145,-0.4,-0.2,-1.1102230246251565e-16,-0.2,-135.0,58,60,96.66666666666667,False,15 16,0.00983815795417053,0.0813416907652213,4.440892098500626e-16
146,-0.4,-0.2,-1.1102230246251565e-16,-0.2,-90.0,60,60,100.0,True,,2.013107900421098e-14,1.6375647025456377e-13,0.0546226752793979
147,-0.4,-0.2,-1.1102230246251565e-16,-0.2,-45.0,60,60,100.0,True,,7.747933014331783e-15,6.137444897779412e-14,0.12102117491793196
148,-0.4,-0.2,-1.1102230246251565e-16,-0.2,0.0,60,60,100.0,True,,9.722616103826792e-15,1.2938718299070252e-13,0.15728638907627746
149,-0.4,-0.2,-1.1102230246251565e-16,-0.2,45.0,60,60,100.0,True,,8.335068040490178e-15,4.9181301240492834e-14,0.160039898678908
150,-0.4,-0.2,-1.1102230246251565e-16,-0.2,90.0,60,60,100.0,True,,6.140948546849875e-15,3.5612344213175283e-14,0.16437549868448853
151,-0.4,-0.2,-1.1102230246251565e-16,-0.2,135.0,60,60,100.0,True,,2.8082458718756956e-13,3.949485009503867e-12,0.04993018264910987
152,-0.30000000000000004,-0.2,0.09999999999999987,-0.2,-180.0,60,60,100.0,True,,1.4955755241585662e-14,1.8701920804034756e-13,0.02654375602226189
153,-0.30000000000000004,-0.2,0.09999999999999987,-0.2,-135.0,58,60,96.66666666666667,False,15 16,0.008678236862768784,0.09699117423323024,4.440892098500626e-16
154,-0.30000000000000004,-0.2,0.09999999999999987,-0.2,-90.0,60,60,100.0,True,,5.754362085903602e-14,3.18559148858128e-13,0.09636282532151386
155,-0.30000000000000004,-0.2,0.09999999999999987,-0.2,-45.0,60,60,100.0,True,,2.7900401930911183e-14,8.666611319501987e-14,0.13554166227778808
156,-0.30000000000000004,-0.2,0.09999999999999987,-0.2,0.0,60,60,100.0,True,,1.7989515703323894e-14,6.688300206522357e-14,0.22208891591333435
157,-0.30000000000000004,-0.2,0.09999999999999987,-0.2,45.0,60,60,100.0,True,,8.174770955526552e-15,6.247991923412622e-14,0.23188967276687178
158,-0.30000000000000004,-0.2,0.09999999999999987,-0.2,90.0,60,60,100.0,True,,7.342858050588156e-15,4.820703267440957e-14,0.2395575427999046
159,-0.30000000000000004,-0.2,0.09999999999999987,-0.2,135.0,60,60,100.0,True,,1.043521057763617e-14,7.768713594096677e-14,0.21156481010993033
160,-0.2,-0.2,0.1999999999999999,-0.2,-180.0,60,60,100.0,True,,1.0639766040055872e-14,1.0207474266544757e-13,0.29949313339429917
161,-0.2,-0.2,0.1999999999999999,-0.2,-135.0,60,60,100.0,True,,1.242744856349762e-14,1.2028492801485872e-13,0.11701721223703476
162,-0.2,-0.2,0.1999999999999999,-0.2,-90.0,60,60,100.0,True,,2.6030009868128623e-14,2.2177917840207503e-13,0.1837723322993141
163,-0.2,-0.2,0.1999999999999999,-0.2,-45.0,60,60,100.0,True,,6.451917731262555e-15,5.177563132387241e-14,0.2993433084000121
164,-0.2,-0.2,0.1999999999999999,-0.2,0.0,60,60,100.0,True,,1.0420074850101834e-14,7.819020746132771e-14,0.3705604563337177
165,-0.2,-0.2,0.1999999999999999,-0.2,45.0,60,60,100.0,True,,1.1603457315307199e-14,1.3559746881737576e-13,0.4297556139521701
166,-0.2,-0.2,0.1999999999999999,-0.2,90.0,60,60,100.0,True,,6.855402431873517e-15,6.777105793178275e-14,0.43276382073844344
167,-0.2,-0.2,0.1999999999999999,-0.2,135.0,60,60,100.0,True,,2.3593871897712903e-15,1.6494476081932327e-14,0.4379733226718878
168,-0.09999999999999998,-0.2,0.29999999999999993,-0.2,-180.0,60,60,100.0,True,,2.4504573895108437e-14,3.9606200224801096e-13,0.6185811381841828
169,-0.09999999999999998,-0.2,0.29999999999999993,-0.2,-135.0,60,60,100.0,True,,7.527084900808792e-15,1.0724303634744933e-13,0.3996842242033831
170,-0.09999999999999998,-0.2,0.29999999999999993,-0.2,-90.0,60,60,100.0,True,,2.9630142972615345e-14,2.97271716345369e-13,0.39793094831815123
171,-0.09999999999999998,-0.2,0.29999999999999993,-0.2,-45.0,60,60,100.0,True,,1.1518129146398987e-14,9.418291037619436e-14,0.5602020097209826
172,-0.09999999999999998,-0.2,0.29999999999999993,-0.2,0.0,60,60,100.0,True,,1.1906268479863418e-14,1.2804027532732357e-13,0.6054786496218929
173,-0.09999999999999998,-0.2,0.29999999999999993,-0.2,45.0,60,60,100.0,True,,3.70347170799888e-15,4.6990012118402476e-14,0.7060618936904373
174,-0.09999999999999998,-0.2,0.29999999999999993,-0.2,90.0,60,60,100.0,True,,6.8901504431431225e-15,3.0603351246330444e-14,0.7122799612334625
175,-0.09999999999999998,-0.2,0.29999999999999993,-0.2,135.0,60,60,100.0,True,,8.050648124994333e-15,5.3728012439320563e-14,0.7208683482718332
176,0.0,-0.2,0.3999999999999999,-0.2,-180.0,60,60,100.0,True,,4.69768754471401e-15,5.23138051483226e-14,0.9959656333204205
177,0.0,-0.2,0.3999999999999999,-0.2,-135.0,60,60,100.0,True,,1.0106231583075062e-14,3.82010123939203e-14,0.7393169385874692
178,0.0,-0.2,0.3999999999999999,-0.2,-90.0,60,60,100.0,True,,1.063643488981025e-14,6.922910849896377e-14,0.6923052313478462
179,0.0,-0.2,0.3999999999999999,-0.2,-45.0,60,60,100.0,True,,3.026065553801209e-14,3.0897458714901563e-13,0.8923434354866631
180,0.0,-0.2,0.3999999999999999,-0.2,0.0,60,60,100.0,True,,7.688094041649353e-15,5.118390104130237e-14,0.9196813403398505
181,0.0,-0.2,0.3999999999999999,-0.2,45.0,60,60,100.0,True,,1.0493369693499917e-14,2.1080532704716364e-13,1.0532789475708224
182,0.0,-0.2,0.3999999999999999,-0.2,90.0,60,60,100.0,True,,1.1023402119270893e-14,7.452506600594925e-14,1.0679548214039554
183,0.0,-0.2,0.3999999999999999,-0.2,135.0,60,60,100.0,True,,4.248416771789159e-15,2.2620823910720755e-14,1.079941126516988
184,0.09999999999999998,-0.2,0.4999999999999999,-0.2,-180.0,32,60,53.333333333333336,False,32 33 34 35 36 37 38 39 40 41 42 43 44 45 46 47 48 49 50 51 52 53 54 55 56 57 58 59,0.017227352638016766,0.2461994314843136,1.474960431153535
185,0.09999999999999998,-0.2,0.4999999999999999,-0.2,-135.0,37,60,61.666666666666664,False,37 38 39 40 41 42 43 44 45 46 47 48 49 50 51 52 53 54 55 56 57 58 59,0.009120669261229558,0.12437583186972742,1.146127145934493
186,0.09999999999999998,-0.2,0.4999999999999999,-0.2,-90.0,60,60,100.0,True,,4.6833987171318e-15,5.826994414359726e-14,1.0584639358967682
187,0.09999999999999998,-0.2,0.4999999999999999,-0.2,-45.0,60,60,100.0,True,,1.6851840649487522e-14,4.1337576614719366e-14,1.2855759151268122
188,0.09999999999999998,-0.2,0.4999999999999999,-0.2,0.0,60,60,100.0,True,,1.032749872661272e-14,3.7565457295980986e-14,1.325573756701792
189,0.09999999999999998,-0.2,0.4999999999999999,-0.2,45.0,60,60,100.0,True,,7.83867775493612e-15,2.5908481509024555e-14,1.5051018929899853
190,0.09999999999999998,-0.2,0.4999999999999999,-0.2,90.0,23,60,38.333333333333336,False,16 22 23 24 25 27 28 29 30 31 32 33 34 36 37 38 39 40 41 42 43 44 45 46 47 48 49 50 51 52 53 54 55 56 57 58 59,0.011265156253468427,0.16077386548722755,1.5385802547370966
191,0.09999999999999998,-0.2,0.4999999999999999,-0.2,135.0,25,60,41.666666666666664,False,23 24 27 28 29 30 31 32 33 34 35 36 37 38 39 40 41 42 43 44 45 46 47 48 49 50 51 52 53 54 55 56 57 58 59,0.018552837748949634,0.26290085479633263,1.5545992790783254
192,0.20000000000000007,-0.2,0.6,-0.2,-180.0,6,60,10.0,False,0 1 2 3 4 5 6 7 8 9 10 16 18 19 20 21 22 23 24 25 26 27 28 29 30 31 32 33 34 35 36 37 38 39 40 41 42 43 44 45 46 47 48 49 50 51 52 53 54 55 56 57 58 59,0.050671968379913876,0.6253160584411487,2.4219108854342526
193,0.20000000000000007,-0.2,0.6,-0.2,-135.0,19,60,31.666666666666668,False,0 1 2 3 4 5 25 26 27 28 29 30 31 32 33 34 35 36 37 38 39 40 41 42 43 44 45 46 47 48 49 50 51 52 53 54 55 56 57 58 59,0.03687693187516638,0.5209535599427405,1.6934749746408513
194,0.20000000000000007,-0.2,0.6,-0.2,-90.0,22,60,36.666666666666664,False,1 2 3 4 5 6 28 29 30 31 32 33 34 35 36 37 38 39 40 41 42 43 44 45 46 47 48 49 50 51 52 53 54 55 56 57 58 59,0.026691825246098526,0.357889585618538,1.5383747392316482
195,0.20000000000000007,-0.2,0.6,-0.2,-45.0,22,60,36.666666666666664,False,2 3 4 5 6 7 8 29 30 31 32 33 34 35 36 37 38 39 40 41 42 43 44 45 46 47 48 49 50 51 52 53 54 55 56 57 58 59,0.024036491362662633,0.24268346864405219,1.83847592820559
196,0.20000000000000007,-0.2,0.6,-0.2,0.0,3,60,5.0,False,3 4 5 6 7 8 9 10 11 12 13 14 15 16 17 18 19 20 21 22 23 24 25 26 27 28 29 30 31 32 33 34 35 36 37 38 39 40 41 42 43 44 45 46 47 48 49 50 51 52 53 54 55 56 57 58 59,0.020616976603320146,0.2402239769500274,1.9393152590949296
197,0.20000000000000007,-0.2,0.6,-0.2,45.0,3,60,5.0,False,3 4 5 6 7 8 9 10 11 12 13 14 15 16 17 18 19 20 21 22 23 24 25 26 27 28 29 30 31 32 33 34 35 36 37 38 39 40 41 42 43 44 45 46 47 48 49 50 51 52 53 54 55 56 57 58 59,0.029313894624827606,0.4188594856560156,2.367435294026003
198,0.20000000000000007,-0.2,0.6,-0.2,90.0,0,60,0.0,False,0 1 2 3 4 5 6 7 8 9 10 11 12 13 14 15 16 17 18 19 20 21 22 23 24 25 26 27 28 29 30 31 32 33 34 35 36 37 38 39 40 41 42 43 44 45 46 47 48 49 50 51 52 53 54 55 56 57 58 59,0.03932365696346483,0.5299880815453304,2.6179933056405167
199,0.20000000000000007,-0.2,0.6,-0.2,135.0,0,60,0.0,False,0 1 2 3 4 5 6 7 8 9 10 11 12 13 14 15 16 17 18 19 20 21 22 23 24 25 26 27 28 29 30 31 32 33 34 35 36 37 38 39 40 41 42 43 44 45 46 47 48 49 50 51 52 53 54 55 56 57 58 59,0.05313226826466124,0.6285628921403826,2.617993396941091
200,0.30000000000000004,-0.2,0.7,-0.2,-180.0,0,60,0.0,False,0 1 2 3 4 5 6 7 8 9 10 11 12 13 14 15 16 17 18 19 20 21 22 23 24 25 26 27 28 29 30 31 32 33 34 35 36 37 38 39 40 41 42 43 44 45 46 47 48 49 50 51 52 53 54 55 56 57 58 59,0.1086302383067059,0.929010505248459,2.617993413940397
201,0.30000000000000004,-0.2,0.7,-0.2,-135.0,0,60,0.0,False,0 1 2 3 4 5 6 7 8 9 10 11 12 13 14 15 16 17 18 19 20 21 22 23 24 25 26 27 28 29 30 31 32 33 34 35 36 37 38 39 40 41 42 43 44 45 46 47 48 49 50 51 52 53 54 55 56 57 58 59,0.07689616729626098,0.889753800343783,2.617993197935442
202,0.30000000000000004,-0.2,0.7,-0.2,-90.0,0,60,0.0,False,0 1 2 3 4 5 6 7 8 9 10 11 12 13 14 15 16 17 18 19 20 21 22 23 24 25 26 27 28 29 30 31 32 33 34 35 36 37 38 39 40 41 42 43 44 45 46 47 48 49 50 51 52 53 54 55 56 57 58 59,0.05402406514674321,0.7679946327654811,2.6179933872150927
203,0.30000000000000004,-0.2,0.7,-0.2,-45.0,0,60,0.0,False,0 1 2 3 4 5 6 7 8 9 10 11 12 13 14 15 16 17 18 19 20 21 22 23 24 25 26 27 28 29 30 31 32 33 34 35 36 37 38 39 40 41 42 43 44 45 46 47 48 49 50 51 52 53 54 55 56 57 58 59,0.0516019909807344,0.7056945880487958,1.6446898981322153
204,0.30000000000000004,-0.2,0.7,-0.2,0.0,0,60,0.0,False,0 1 2 3 4 5 6 7 8 9 10 11 12 13 14 15 16 17 18 19 20 21 22 23 24 25 26 27 28 29 30 31 32 33 34 35 36 37 38 39 40 41 42 43 44 45 46 47 48 49 50 51 52 53 54 55 56 57 58 59,0.04785547159793972,0.6739673154423195,2.6179932487742876
205,0.30000000000000004,-0.2,0.7,-0.2,45.0,0,60,0.0,False,0 1 2 3 4 5 6 7 8 9 10 11 12 13 14 15 16 17 18 19 20 21 22 23 24 25 26 27 28 29 30 31 32 33 34 35 36 37 38 39 40 41 42 43 44 45 46 47 48 49 50 51 52 53 54 55 56 57 58 59,0.06555675409925531,0.8279693943700351,2.61799295416097
206,0.30000000000000004,-0.2,0.7,-0.2,90.0,0,60,0.0,False,0 1 2 3 4 5 6 7 8 9 10 11 12 13 14 15 16 17 18 19 20 21 22 23 24 25 26 27 28 29 30 31 32 33 34 35 36 37 38 39 40 41 42 43 44 45 46 47 48 49 50 51 52 53 54 55 56 57 58 59,0.09120290997381544,0.8687854605103993,2.6179931475331326
207,0.30000000000000004,-0.2,0.7,-0.2,135.0,0,60,0.0,False,0 1 2 3 4 5 6 7 8 9 10 11 12 13 14 15 16 17 18 19 20 21 22 23 24 25 26 27 28 29 30 31 32 33 34 35 36 37 38 39 40 41 42 43 44 45 46 47 48 49 50 51 52 53 54 55 56 57 58 59,0.1129105038161675,0.9140075516440619,2.6179934152830513
208,0.4,-0.2,0.7999999999999999,-0.2,-180.0,0,60,0.0,False,0 1 2 3 4 5 6 7 8 9 10 11 12 13 14 15 16 17 18 19 20 21 22 23 24 25 26 27 28 29 30 31 32 33 34 35 36 37 38 39 40 41 42 43 44 45 46 47 48 49 50 51 52 53 54 55 56 57 58 59,0.19034421623528436,1.0916276505820939,2.617993277656031
209,0.4,-0.2,0.7999999999999999,-0.2,-135.0,0,60,0.0,False,0 1 2 3 4 5 6 7 8 9 10 11 12 13 14 15 16 17 18 19 20 21 22 23 24 25 26 27 28 29 30 31 32 33 34 35 36 37 38 39 40 41 42 43 44 45 46 47 48 49 50 51 52 53 54 55 56 57 58 59,0.14356431134677133,1.1495025245838497,2.6179928146939138
210,0.4,-0.2,0.7999999999999999,-0.2,-90.0,0,60,0.0,False,0 1 2 3 4 5 6 7 8 9 10 11 12 13 14 15 16 17 18 19 20 21 22 23 24 25 26 27 28 29 30 31 32 33 34 35 36 37 38 39 40 41 42 43 44 45 46 47 48 49 50 51 52 53 54 55 56 57 58 59,0.09424631843618561,1.1330123799876397,2.617992142217423
211,0.4,-0.2,0.7999999999999999,-0.2,-45.0,0,60,0.0,False,0 1 2 3 4 5 6 7 8 9 10 11 12 13 14 15 16 17 18 19 20 21 22 23 24 25 26 27 28 29 30 31 32 33 34 35 36 37 38 39 40 41 42 43 44 45 46 47 48 49 50 51 52 53 54 55 56 57 58 59,0.07935348138140559,1.1187620035888486,2.6179924597464073
212,0.4,-0.2,0.7999999999999999,-0.2,0.0,0,60,0.0,False,0 1 2 3 4 5 6 7 8 9 10 11 12 13 14 15 16 17 18 19 20 21 22 23 24 25 26 27 28 29 30 31 32 33 34 35 36 37 38 39 40 41 42 43 44 45 46 47 48 49 50 51 52 53 54 55 56 57 58 59,0.07782763495793217,1.0764214074579221,2.6179918326265263
213,0.4,-0.2,0.7999999999999999,-0.2,45.0,0,60,0.0,False,0 1 2 3 4 5 6 7 8 9 10 11 12 13 14 15 16 17 18 19 20 21 22 23 24 25 26 27 28 29 30 31 32 33 34 35 36 37 38 39 40 41 42 43 44 45 46 47 48 49 50 51 52 53 54 55 56 57 58 59,0.12260230406311858,1.1565986072096706,2.617993127223022
214,0.4,-0.2,0.7999999999999999,-0.2,90.0,0,60,0.0,False,0 1 2 3 4 5 6 7 8 9 10 11 12 13 14 15 16 17 18 19 20 21 22 23 24 25 26 27 28 29 30 31 32 33 34 35 36 37 38 39 40 41 42 43 44 45 46 47 48 49 50 51 52 53 54 55 56 57 58 59,0.16898130647821405,1.096668999428639,2.6179924479873593
215,0.4,-0.2,0.7999999999999999,-0.2,135.0,0,60,0.0,False,0 1 2 3 4 5 6 7 8 9 10 11 12 13 14 15 16 17 18 19 20 21 22 23 24 25 26 27 28 29 30 31 32 33 34 35 36 37 38 39 40 41 42 43 44 45 46 47 48 49 50 51 52 53 54 55 56 57 58 59,0.1942671448793121,1.0676861186971909,2.6179924059553334
216,-0.4,-0.09999999999999998,-1.1102230246251565e-16,-0.09999999999999998,-180.0,37,60,61.666666666666664,False,0 1 2 3 4 5 6 7 8 9 10 11 12 13 14 15 16 17 18 19 20 21 22,0.04642482587851657,0.41475972012499207,4.440892098500626e-16
217,-0.4,-0.09999999999999998,-1.1102230246251565e-16,-0.09999999999999998,-135.0,37,60,61.666666666666664,False,0 1 2 3 4 5 6 7 8 9 10 11 12 13 14 15 16 17 18 19 20 21 22,0.06205008395639536,0.2320713598489718,4.440892098500626e-16
218,-0.4,-0.09999999999999998,-1.1102230246251565e-16,-0.09999999999999998,-90.0,40,60,66.66666666666667,False,0 1 2 3 4 5 6 7 8 9 10 11 12 13 14 15 16 17 18 19,0.030431808177999155,0.2078706629478795,4.440892098500626e-16
219,-0.4,-0.09999999999999998,-1.1102230246251565e-16,-0.09999999999999998,-45.0,46,60,76.66666666666667,False,0 1 2 3 4 5 6 7 8 9 10 11 12 13,0.01631074772173717,0.18330676903760343,4.440892098500626e-16
220,-0.4,-0.09999999999999998,-1.1102230246251565e-16,-0.09999999999999998,0.0,46,60,76.66666666666667,False,0 1 2 3 4 5 6 7 8 9 10 11 12 13,0.012731303278381378,0.17208511649311825,4.440892098500626e-16
221,-0.4,-0.09999999999999998,-1.1102230246251565e-16,-0.09999999999999998,45.0,47,60,78.33333333333333,False,1 2 3 4 5 6 7 8 9 10 11 12 13,0.011912802018365216,0.16794279749627594,4.440892098500626e-16
222,-0.4,-0.09999999999999998,-1.1102230246251565e-16,-0.09999999999999998,90.0,44,60,73.33333333333333,False,1 2 3 4 5 6 7 8 9 10 11 12 13 14 15 17,0.011954398301995257,0.16533259163562022,4.440892098500626e-16
223,-0.4,-0.09999999999999998,-1.1102230246251565e-16,-0.09999999999999998,135.0,40,60,66.66666666666667,False,1 2 3 4 5 6 7 8 9 10 11 12 13 14 15 16 17 18 19 20,0.019757808229980557,0.24619885500593136,4.440892098500626e-16
224,-0.30000000000000004,-0.09999999999999998,0.09999999999999987,-0.09999999999999998,-180.0,45,60,75.0,False,4 5 6 7 8 9 10 11 12 13 14 15 16 17 18,0.01003041262004994,0.1371735131754059,4.440892098500626e-16
225,-0.30000000000000004,-0.09999999999999998,0.09999999999999987,-0.09999999999999998,-135.0,42,60,70.0,False,4 5 6 7 8 9 10 11 12 13 14 15 16 17 18 19 20 21,0.03588025492480112,0.3596703249162894,4.440892098500626e-16
226,-0.30000000000000004,-0.09999999999999998,0.09999999999999987,-0.09999999999999998,-90.0,41,60,68.33333333333333,False,0 1 5 6 7 8 9 10 11 12 13 14 15 16 17 18 19 20 21,0.04366421276536574,0.2184617385268601,4.440892098500626e-16
227,-0.30000000000000004,-0.09999999999999998,0.09999999999999987,-0.09999999999999998,-45.0,54,60,90.0,False,0 1 2 8 9 10,0.016519279970520034,0.11685266073537834,4.440892098500626e-16
228,-0.30000000000000004,-0.09999999999999998,0.09999999999999987,-0.09999999999999998,0.0,56,60,93.33333333333333,False,0 1 2 3,0.003944436980988062,0.05033796142004864,4.440892098500626e-16
229,-0.30000000000000004,-0.09999999999999998,0.09999999999999987,-0.09999999999999998,45.0,57,60,95.0,False,2 3 4,0.0017034554393837928,0.024312785641855107,4.440892098500626e-16
230,-0.30000000000000004,-0.09999999999999998,0.09999999999999987,-0.09999999999999998,90.0,58,60,96.66666666666667,False,3 4,0.0014795824073240977,0.0210032583097481,4.440892098500626e-16
231,-0.30000000000000004,-0.09999999999999998,0.09999999999999987,-0.09999999999999998,135.0,54,60,90.0,False,3 4 5 6 7 8,0.0011414714235915275,0.01634123335268826,4.440892098500626e-16
232,-0.2,-0.09999999999999998,0.1999999999999999,-0.09999999999999998,-180.0,60,60,100.0,True,,8.863301002029212e-15,8.14648540375391e-14,0.19551913874164928
233,-0.2,-0.09999999999999998,0.1999999999999999,-0.09999999999999998,-135.0,59,60,98.33333333333333,False,16,0.0008225152400642051,0.011546924377350236,4.440892098500626e-16
234,-0.2,-0.09999999999999998,0.1999999999999999,-0.09999999999999998,-90.0,58,60,96.66666666666667,False,15 16,0.00749907645719738,0.07845402658811573,4.440892098500626e-16
235,-0.2,-0.09999999999999998,0.1999999999999999,-0.09999999999999998,-45.0,60,60,100.0,True,,4.870199008084743e-15,1.5246480196787005e-14,0.12627680782792572
236,-0.2,-0.09999999999999998,0.1999999999999999,-0.09999999999999998,0.0,60,60,100.0,True,,1.0234734433841761e-14,7.074769445301107e-14,0.1483234172192316
237,-0.2,-0.09999999999999998,0.1999999999999999,-0.09999999999999998,45.0,60,60,100.0,True,,8.87874791193321e-15,7.522289987643519e-14,0.22703823687196012
238,-0.2,-0.09999999999999998,0.1999999999999999,-0.09999999999999998,90.0,60,60,100.0,True,,4.051363394962957e-15,6.018704375630468e-14,0.23241397384008788
239,-0.2,-0.09999999999999998,0.1999999999999999,-0.09999999999999998,135.0,60,60,100.0,True,,6.18195867605606e-15,4.699156282798955e-14,0.24044156739950573
240,-0.09999999999999998,-0.09999999999999998,0.29999999999999993,-0.09999999999999998,-180.0,60,60,100.0,True,,4.112698280154582e-15,2.2994801268019388e-14,0.5232024784356173
241,-0.09999999999999998,-0.09999999999999998,0.29999999999999993,-0.09999999999999998,-135.0,60,60,100.0,True,,3.949019135318489e-14,5.867647516190423e-13,0.31061530302436413
242,-0.09999999999999998,-0.09999999999999998,0.29999999999999993,-0.09999999999999998,-90.0,60,60,100.0,True,,6.8331865308008815e-15,5.0325806136946874e-14,0.21852134627262254
243,-0.09999999999999998,-0.09999999999999998,0.29999999999999993,-0.09999999999999998,-45.0,60,60,100.0,True,,3.123967407409384e-14,2.469514099178761e-13,0.3819636093076859
244,-0.09999999999999998,-0.09999999999999998,0.29999999999999993,-0.09999999999999998,0.0,60,60,100.0,True,,9.74932125777875e-15,9.906409963078768e-14,0.42361645242808654
245,-0.09999999999999998,-0.09999999999999998,0.29999999999999993,-0.09999999999999998,45.0,60,60,100.0,True,,7.372332315798258e-15,5.3454734085534984e-14,0.5287748747363912
246,-0.09999999999999998,-0.09999999999999998,0.29999999999999993,-0.09999999999999998,90.0,60,60,100.0,True,,4.907657496761918e-15,3.4437530319673834e-14,0.5468020704658434
247,-0.09999999999999998,-0.09999999999999998,0.29999999999999993,-0.09999999999999998,135.0,60,60,100.0,True,,6.904391210198974e-15,6.003179004232855e-14,0.5552909982571257
248,0.0,-0.09999999999999998,0.3999999999999999,-0.09999999999999998,-180.0,60,60,100.0,True,,1.1761038302073555e-14,6.797622811174056e-14,0.9000099622534135
249,0.0,-0.09999999999999998,0.3999999999999999,-0.09999999999999998,-135.0,60,60,100.0,True,,1.1728528923948292e-14,7.303995400118987e-14,0.6664713934608462
250,0.0,-0.09999999999999998,0.3999999999999999,-0.09999999999999998,-90.0,60,60,100.0,True,,1.0603973983610207e-14,1.1042901335759928e-13,0.5466290960793558
251,0.0,-0.09999999999999998,0.3999999999999999,-0.09999999999999998,-45.0,60,60,100.0,True,,7.839119994841905e-15,7.110168348885645e-14,0.6945293895909319
252,0.0,-0.09999999999999998,0.3999999999999999,-0.09999999999999998,0.0,60,60,100.0,True,,9.758759341743193e-15,5.992525213322024e-14,0.759627490965904
253,0.0,-0.09999999999999998,0.3999999999999999,-0.09999999999999998,45.0,60,60,100.0,True,,7.913406177351182e-15,1.219760205610327e-13,0.8769935372205662
254,0.0,-0.09999999999999998,0.3999999999999999,-0.09999999999999998,90.0,60,60,100.0,True,,5.122088253283096e-15,2.924120433684921e-14,0.9165003304473718
255,0.0,-0.09999999999999998,0.3999999999999999,-0.09999999999999998,135.0,60,60,100.0,True,,1.0496929722842998e-14,8.97306595466059e-14,0.924900910966628
256,0.09999999999999998,-0.09999999999999998,0.4999999999999999,-0.09999999999999998,-180.0,39,60,65.0,False,39 40 41 42 43 44 45 46 47 48 49 50 51 52 53 54 55 56 57 58 59,0.010199542948130351,0.14592571580803515,1.360994382472885
257,0.09999999999999998,-0.09999999999999998,0.4999999999999999,-0.09999999999999998,-135.0,48,60,80.0,False,48 49 50 51 52 53 54 55 56 57 58 59,0.0032409480695282287,0.04383873381736619,1.077415312149556
258,0.09999999999999998,-0.09999999999999998,0.4999999999999999,-0.09999999999999998,-90.0,60,60,100.0,True,,5.189346341052457e-15,6.0522816359335e-14,0.9257302937688872
259,0.09999999999999998,-0.09999999999999998,0.4999999999999999,-0.09999999999999998,-45.0,60,60,100.0,True,,5.653218684710666e-15,7.430392866213869e-14,1.0752810304251477
260,0.09999999999999998,-0.09999999999999998,0.4999999999999999,-0.09999999999999998,0.0,60,60,100.0,True,,1.4944979316363105e-14,7.928195127608559e-14,1.1658182731776867
261,0.09999999999999998,-0.09999999999999998,0.4999999999999999,-0.09999999999999998,45.0,60,60,100.0,True,,8.628011645472609e-15,5.541702130604953e-14,1.3015679680310093
262,0.09999999999999998,-0.09999999999999998,0.4999999999999999,-0.09999999999999998,90.0,58,60,96.66666666666667,False,47 59,0.0004768417527933366,0.006524036897557839,1.373733777459879
263,0.09999999999999998,-0.09999999999999998,0.4999999999999999,-0.09999999999999998,135.0,40,60,66.66666666666667,False,40 41 42 43 44 45 46 47 48 49 50 51 52 53 54 55 56 57 58 59,0.009180452285946463,0.13141356954069605,1.3834648567409984
264,0.20000000000000007,-0.09999999999999998,0.6,-0.09999999999999998,-180.0,17,60,28.333333333333332,False,0 1 2 20 21 22 23 24 25 26 27 28 29 30 31 32 33 34 35 36 37 38 39 40 41 42 43 44 45 46 47 48 49 50 51 52 53 54 55 56 57 58 59,0.04216331489165829,0.5435301354760782,2.093632429510077
265,0.20000000000000007,-0.09999999999999998,0.6,-0.09999999999999998,-135.0,23,60,38.333333333333336,False,0 1 2 26 27 28 29 30 31 32 33 34 35 36 37 38 39 40 41 42 43 44 45 46 47 48 49 50 51 52 53 54 55 56 57 58 59,0.031819338355208455,0.45105483106499866,1.6101242701486265
266,0.20000000000000007,-0.09999999999999998,0.6,-0.09999999999999998,-90.0,30,60,50.0,False,30 31 32 33 34 35 36 37 38 39 40 41 42 43 44 45 46 47 48 49 50 51 52 53 54 55 56 57 58 59,0.021575690689613496,0.28852930366846447,1.3932950509270083
267,0.20000000000000007,-0.09999999999999998,0.6,-0.09999999999999998,-45.0,33,60,55.0,False,33 34 35 36 37 38 39 40 41 42 43 44 45 46 47 48 49 50 51 52 53 54 55 56 57 58 59,0.014898049584533987,0.13914272402810182,1.3892363046327691
268,0.20000000000000007,-0.09999999999999998,0.6,-0.09999999999999998,0.0,30,60,50.0,False,30 31 32 33 34 35 36 37 38 39 40 41 42 43 44 45 46 47 48 49 50 51 52 53 54 55 56 57 58 59,0.012041494254437402,0.11924747031114918,1.7184292158657064
269,0.20000000000000007,-0.09999999999999998,0.6,-0.09999999999999998,45.0,9,60,15.0,False,9 10 11 12 13 14 15 16 17 18 19 20 21 22 23 24 25 26 27 28 29 30 31 32 33 34 35 36 37 38 39 40 41 42 43 44 45 46 47 48 49 50 51 52 53 54 55 56 57 58 59,0.018704921236805144,0.2649032843076011,1.9328029380665532
270,0.20000000000000007,-0.09999999999999998,0.6,-0.09999999999999998,90.0,7,60,11.666666666666666,False,0 8 9 10 11 12 13 14 15 16 17 18 19 20 21 22 23 24 25 26 27 28 29 30 31 32 33 34 35 36 37 38 39 40 41 42 43 44 45 46 47 48 49 50 51 52 53 54 55 56 57 58 59,0.02827384073643883,0.4006012125617877,2.1095362515999176
271,0.20000000000000007,-0.09999999999999998,0.6,-0.09999999999999998,135.0,8,60,13.333333333333334,False,0 1 10 11 12 13 14 15 16 17 18 19 20 21 22 23 24 25 26 27 28 29 30 31 32 33 34 35 36 37 38 39 40 41 42 43 44 45 46 47 48 49 50 51 52 53 54 55 56 57 58 59,0.04073996282586025,0.5234112815059438,2.1306207379155975
272,0.30000000000000004,-0.09999999999999998,0.7,-0.09999999999999998,-180.0,0,60,0.0,False,0 1 2 3 4 5 6 7 8 9 10 11 12 13 14 15 16 17 18 19 20 21 22 23 24 25 26 27 28 29 30 31 32 33 34 35 36 37 38 39 40 41 42 43 44 45 46 47 48 49 50 51 52 53 54 55 56 57 58 59,0.09678857385129244,0.8768922314115449,2.617993342627542
273,0.30000000000000004,-0.09999999999999998,0.7,-0.09999999999999998,-135.0,0,60,0.0,False,0 1 2 3 4 5 6 7 8 9 10 11 12 13 14 15 16 17 18 19 20 21 22 23 24 25 26 27 28 29 30 31 32 33 34 35 36 37 38 39 40 41 42 43 44 45 46 47 48 49 50 51 52 53 54 55 56 57 58 59,0.07130062276519068,0.8335113013606054,2.6179927054638386
274,0.30000000000000004,-0.09999999999999998,0.7,-0.09999999999999998,-90.0,1,60,1.6666666666666667,False,0 1 2 3 4 5 6 7 8 9 10 11 12 13 14 15 17 18 19 20 21 22 23 24 25 26 27 28 29 30 31 32 33 34 35 36 37 38 39 40 41 42 43 44 45 46 47 48 49 50 51 52 53 54 55 56 57 58 59,0.04971876919682876,0.7073777644888386,2.1698893149200384
275,0.30000000000000004,-0.09999999999999998,0.7,-0.09999999999999998,-45.0,0,60,0.0,False,0 1 2 3 4 5 6 7 8 9 10 11 12 13 14 15 16 17 18 19 20 21 22 23 24 25 26 27 28 29 30 31 32 33 34 35 36 37 38 39 40 41 42 43 44 45 46 47 48 49 50 51 52 53 54 55 56 57 58 59,0.04608952865930696,0.6160081742008408,2.6179933370013497
276,0.30000000000000004,-0.09999999999999998,0.7,-0.09999999999999998,0.0,0,60,0.0,False,0 1 2 3 4 5 6 7 8 9 10 11 12 13 14 15 16 17 18 19 20 21 22 23 24 25 26 27 28 29 30 31 32 33 34 35 36 37 38 39 40 41 42 43 44 45 46 47 48 49 50 51 52 53 54 55 56 57 58 59,0.04323329193925916,0.5821833039288644,2.617993124850558
277,0.30000000000000004,-0.09999999999999998,0.7,-0.09999999999999998,45.0,0,60,0.0,False,0 1 2 3 4 5 6 7 8 9 10 11 12 13 14 15 16 17 18 19 20 21 22 23 24 25 26 27 28 29 30 31 32 33 34 35 36 37 38 39 40 41 42 43 44 45 46 47 48 49 50 51 52 53 54 55 56 57 58 59,0.051959471143353156,0.7087639484438769,2.6179930270417406
278,0.30000000000000004,-0.09999999999999998,0.7,-0.09999999999999998,90.0,0,60,0.0,False,0 1 2 3 4 5 6 7 8 9 10 11 12 13 14 15 16 17 18 19 20 21 22 23 24 25 26 27 28 29 30 31 32 33 34 35 36 37 38 39 40 41 42 43 44 45 46 47 48 49 50 51 52 53 54 55 56 57 58 59,0.07443970305991307,0.7978390624593519,2.617993261039192
279,0.30000000000000004,-0.09999999999999998,0.7,-0.09999999999999998,135.0,0,60,0.0,False,0 1 2 3 4 5 6 7 8 9 10 11 12 13 14 15 16 17 18 19 20 21 22 23 24 25 26 27 28 29 30 31 32 33 34 35 36 37 38 39 40 41 42 43 44 45 46 47 48 49 50 51 52 53 54 55 56 57 58 59,0.09434923700204159,0.8583154302948279,2.617993195070641
280,0.4,-0.09999999999999998,0.7999999999999999,-0.09999999999999998,-180.0,0,60,0.0,False,0 1 2 3 4 5 6 7 8 9 10 11 12 13 14 15 16 17 18 19 20 21 22 23 24 25 26 27 28 29 30 31 32 33 34 35 36 37 38 39 40 41 42 43 44 45 46 47 48 49 50 51 52 53 54 55 56 57 58 59,0.17769144021738426,1.061929834268752,2.6179931562926115
281,0.4,-0.09999999999999998,0.7999999999999999,-0.09999999999999998,-135.0,0,60,0.0,False,0 1 2 3 4 5 6 7 8 9 10 11 12 13 14 15 16 17 18 19 20 21 22 23 24 25 26 27 28 29 30 31 32 33 34 35 36 37 38 39 40 41 42 43 44 45 46 47 48 49 50 51 52 53 54 55 56 57 58 59,0.13753656983654514,1.1069661026630269,2.080522352233605
282,0.4,-0.09999999999999998,0.7999999999999999,-0.09999999999999998,-90.0,0,60,0.0,False,0 1 2 3 4 5 6 7 8 9 10 11 12 13 14 15 16 17 18 19 20 21 22 23 24 25 26 27 28 29 30 31 32 33 34 35 36 37 38 39 40 41 42 43 44 45 46 47 48 49 50 51 52 53 54 55 56 57 58 59,0.08992235913083796,1.0829575657356283,2.617992901923497
283,0.4,-0.09999999999999998,0.7999999999999999,-0.09999999999999998,-45.0,0,60,0.0,False,0 1 2 3 4 5 6 7 8 9 10 11 12 13 14 15 16 17 18 19 20 21 22 23 24 25 26 27 28 29 30 31 32 33 34 35 36 37 38 39 40 41 42 43 44 45 46 47 48 49 50 51 52 53 54 55 56 57 58 59,0.07365089984526935,1.046785794571613,2.6179921883920385
284,0.4,-0.09999999999999998,0.7999999999999999,-0.09999999999999998,0.0,0,60,0.0,False,0 1 2 3 4 5 6 7 8 9 10 11 12 13 14 15 16 17 18 19 20 21 22 23 24 25 26 27 28 29 30 31 32 33 34 35 36 37 38 39 40 41 42 43 44 45 46 47 48 49 50 51 52 53 54 55 56 57 58 59,0.0711715823013093,1.0111403167220039,2.617992418455717
285,0.4,-0.09999999999999998,0.7999999999999999,-0.09999999999999998,45.0,0,60,0.0,False,0 1 2 3 4 5 6 7 8 9 10 11 12 13 14 15 16 17 18 19 20 21 22 23 24 25 26 27 28 29 30 31 32 33 34 35 36 37 38 39 40 41 42 43 44 45 46 47 48 49 50 51 52 53 54 55 56 57 58 59,0.10195545931421082,1.0891348512860173,2.6179930716455004
286,0.4,-0.09999999999999998,0.7999999999999999,-0.09999999999999998,90.0,0,60,0.0,False,0 1 2 3 4 5 6 7 8 9 10 11 12 13 14 15 16 17 18 19 20 21 22 23 24 25 26 27 28 29 30 31 32 33 34 35 36 37 38 39 40 41 42 43 44 45 46 47 48 49 50 51 52 53 54 55 56 57 58 59,0.14787795030231848,1.0743306590996775,2.617993082515552
287,0.4,-0.09999999999999998,0.7999999999999999,-0.09999999999999998,135.0,0,60,0.0,False,0 1 2 3 4 5 6 7 8 9 10 11 12 13 14 15 16 17 18 19 20 21 22 23 24 25 26 27 28 29 30 31 32 33 34 35 36 37 38 39 40 41 42 43 44 45 46 47 48 49 50 51 52 53 54 55 56 57 58 59,0.17384622648354037,1.0484451000890584,2.6179933187860205
288,-0.4,0.0,-1.1102230246251565e-16,0.0,-180.0,38,60,63.333333333333336,False,0 1 2 3 4 5 6 7 8 9 10 11 12 13 14 15 16 17 18 19 20 21,0.040548622923617675,0.3751866992235465,4.440892098500626e-16
289,-0.4,0.0,-1.1102230246251565e-16,0.0,-135.0,38,60,63.333333333333336,False,0 1 2 3 4 5 6 7 8 9 10 11 12 13 14 15 16 17 18 19 20 21,0.040548622996045114,0.37518670017995337,4.440892098500626e-16
290,-0.4,0.0,-1.1102230246251565e-16,0.0,-90.0,38,60,63.333333333333336,False,0 1 2 3 4 5 6 7 8 9 10 11 12 13 14 15 16 17 18 19 20 21,0.040548622596247495,0.3751867000230014,4.440892098500626e-16
291,-0.4,0.0,-1.1102230246251565e-16,0.0,-45.0,38,60,63.333333333333336,False,0 1 2 3 4 5 6 7 8 9 10 11 12 13 14 15 16 17 18 19 20 21,0.04054862271153096,0.3751867022479614,4.440892098500626e-16
292,-0.4,0.0,-1.1102230246251565e-16,0.0,0.0,38,60,63.333333333333336,False,0 1 2 3 4 5 6 7 8 9 10 11 12 13 14 15 16 17 18 19 20 21,0.04054862286164164,0.37518670041410496,4.440892098500626e-16
293,-0.4,0.0,-1.1102230246251565e-16,0.0,45.0,38,60,63.333333333333336,False,0 1 2 3 4 5 6 7 8 9 10 11 12 13 14 15 16 17 18 19 20 21,0.04054862344307632,0.3751866998678761,4.440892098500626e-16
294,-0.4,0.0,-1.1102230246251565e-16,0.0,90.0,38,60,63.333333333333336,False,0 1 2 3 4 5 6 7 8 9 10 11 12 13 14 15 16 17 18 19 20 21,0.04054862264641949,0.3751867001421312,4.440892098500626e-16
295,-0.4,0.0,-1.1102230246251565e-16,0.0,135.0,38,60,63.333333333333336,False,0 1 2 3 4 5 6 7 8 9 10 11 12 13 14 15 16 17 18 19 20 21,0.040548623209052836,0.37518669058412857,4.440892098500626e-16
296,-0.30000000000000004,0.0,0.09999999999999987,0.0,-180.0,44,60,73.33333333333333,False,1 2 3 4 5 6 7 8 9 10 11 12 13 14 15 17,0.011954398541306236,0.16533258990527885,4.440892098500626e-16
297,-0.30000000000000004,0.0,0.09999999999999987,0.0,-135.0,40,60,66.66666666666667,False,1 2 3 4 5 6 7 8 9 10 11 12 13 14 15 16 17 18 19 20,0.01975780829794768,0.24619885357458354,4.440892098500626e-16
298,-0.30000000000000004,0.0,0.09999999999999987,0.0,-90.0,37,60,61.666666666666664,False,0 1 2 3 4 5 6 7 8 9 10 11 12 13 14 15 16 17 18 19 20 21 22,0.04642482573328425,0.41475972405956,4.440892098500626e-16
299,-0.30000000000000004,0.0,0.09999999999999987,0.0,-45.0,37,60,61.666666666666664,False,0 1 2 3 4 5 6 7 8 9 10 11 12 13 14 15 16 17 18 19 20 21 22,0.0620500837770375,0.23207135981279478,4.440892098500626e-16
300,-0.30000000000000004,0.0,0.09999999999999987,0.0,0.0,40,60,66.66666666666667,False,0 1 2 3 4 5 6 7 8 9 10 11 12 13 14 15 16 17 18 19,0.03043180732861319,0.20787067538271062,4.440892098500626e-16
301,-0.30000000000000004,0.0,0.09999999999999987,0.0,45.0,46,60,76.66666666666667,False,0 1 2 3 4 5 6 7 8 9 10 11 12 13,0.01631074765429348,0.18330676628260606,4.440892098500626e-16
302,-0.30000000000000004,0.0,0.09999999999999987,0.0,90.0,46,60,76.66666666666667,False,0 1 2 3 4 5 6 7 8 9 10 11 12 13,0.012731303196765326,0.17208511709693392,4.440892098500626e-16
303,-0.30000000000000004,0.0,0.09999999999999987,0.0,135.0,47,60,78.33333333333333,False,1 2 3 4 5 6 7 8 9 10 11 12 13,0.011912801844468359,0.16794279872978904,4.440892098500626e-16
304,-0.2,0.0,0.1999999999999999,0.0,-180.0,60,60,100.0,True,,8.171298145962469e-15,6.25877236560772e-14,0.16437549868450363
305,-0.2,0.0,0.1999999999999999,0.0,-135.0,60,60,100.0,True,,2.6426853617730787e-13,3.71736844333789e-12,0.049930182648935784
306,-0.2,0.0,0.1999999999999999,0.0,-90.0,55,60,91.66666666666667,False,14 15 16 17 18,0.014593014479282865,0.17649924480273446,4.440892098500626e-16
307,-0.2,0.0,0.1999999999999999,0.0,-45.0,58,60,96.66666666666667,False,15 16,0.009838157862067659,0.08134169187919338,4.440892098500626e-16
308,-0.2,0.0,0.1999999999999999,0.0,0.0,60,60,100.0,True,,1.2316677411127393e-14,4.8559309314985396e-14,0.054622675279397015
309,-0.2,0.0,0.1999999999999999,0.0,45.0,60,60,100.0,True,,8.592267322667795e-15,5.973604646018346e-14,0.12102117491793152
310,-0.2,0.0,0.1999999999999999,0.0,90.0,60,60,100.0,True,,9.205702689416033e-15,6.921883352413993e-14,0.15728638907627257
311,-0.2,0.0,0.1999999999999999,0.0,135.0,60,60,100.0,True,,9.323105699181307e-15,7.20155206793165e-14,0.16003989867889512
312,-0.09999999999999998,0.0,0.29999999999999993,0.0,-180.0,60,60,100.0,True,,3.9228753010555626e-15,1.6253705079369172e-14,0.49797077538167
313,-0.09999999999999998,0.0,0.29999999999999993,0.0,-135.0,60,60,100.0,True,,6.757556463204663e-15,5.492750724562332e-14,0.3544254937215454
314,-0.09999999999999998,0.0,0.29999999999999993,0.0,-90.0,60,60,100.0,True,,3.858648961367603e-15,4.0231970113370944e-14,0.17175092106821
315,-0.09999999999999998,0.0,0.29999999999999993,0.0,-45.0,60,60,100.0,True,,2.3181336725724033e-14,1.6981933994931244e-13,0.2381240630336139
316,-0.09999999999999998,0.0,0.29999999999999993,0.0,0.0,60,60,100.0,True,,4.300500569004111e-14,4.3008168081808685e-13,0.3543179019795617
317,-0.09999999999999998,0.0,0.29999999999999993,0.0,45.0,60,60,100.0,True,,1.0267134077681338e-14,7.991592003194344e-14,0.4265110788827462
318,-0.09999999999999998,0.0,0.29999999999999993,0.0,90.0,60,60,100.0,True,,9.853356392899238e-15,8.524118034625484e-14,0.48952684476701824
319,-0.09999999999999998,0.0,0.29999999999999993,0.0,135.0,60,60,100.0,True,,5.5923180175073815e-15,6.313830510778973e-14,0.49259329688943776
320,0.0,0.0,0.3999999999999999,0.0,-180.0,60,60,100.0,True,,2.914277614951507e-15,1.7820287447649684e-14,0.8764903277011107
321,0.0,0.0,0.3999999999999999,0.0,-135.0,60,60,100.0,True,,9.32641032961382e-15,5.968031018944651e-14,0.7018674333977819
322,0.0,0.0,0.3999999999999999,0.0,-90.0,60,60,100.0,True,,6.219804032275613e-15,4.46880506999734e-14,0.5111793354838579
323,0.0,0.0,0.3999999999999999,0.0,-45.0,60,60,100.0,True,,1.3950798051388209e-14,1.561507074947555e-13,0.578406820193373
324,0.0,0.0,0.3999999999999999,0.0,0.0,60,60,100.0,True,,3.6729227033433546e-14,4.3603460893751667e-13,0.701947101781285
325,0.0,0.0,0.3999999999999999,0.0,45.0,60,60,100.0,True,,5.783175739612745e-15,5.1686363540856e-14,0.7818789656803922
326,0.0,0.0,0.3999999999999999,0.0,90.0,60,60,100.0,True,,8.924399527149699e-15,5.652469212531684e-14,0.8664508778589086
327,0.0,0.0,0.3999999999999999,0.0,135.0,60,60,100.0,True,,1.0280811422072682e-14,7.701160880322291e-14,0.8699797023395772
328,0.09999999999999998,0.0,0.4999999999999999,0.0,-180.0,41,60,68.33333333333333,False,41 42 43 44 45 46 47 48 49 50 51 52 53 54 55 56 57 58 59,0.008054432118351319,0.11517050619300391,1.3350688385063325
329,0.09999999999999998,0.0,0.4999999999999999,0.0,-135.0,48,60,80.0,False,48 49 50 51 52 53 54 55 56 57 58 59,0.0027571102581101527,0.03794371163534322,1.1105404678835746
330,0.09999999999999998,0.0,0.4999999999999999,0.0,-90.0,60,60,100.0,True,,8.084689879804544e-15,7.861079676765737e-15,0.8946453655867266
331,0.09999999999999998,0.0,0.4999999999999999,0.0,-45.0,60,60,100.0,True,,1.4188780939493939e-14,2.188111473586707e-13,0.9687922058017822
332,0.09999999999999998,0.0,0.4999999999999999,0.0,0.0,60,60,100.0,True,,1.2225025516035781e-14,7.503239810800669e-14,1.1107736553729026
333,0.09999999999999998,0.0,0.4999999999999999,0.0,45.0,60,60,100.0,True,,1.1453110510304768e-14,9.354824058781855e-14,1.2066755320924458
334,0.09999999999999998,0.0,0.4999999999999999,0.0,90.0,60,60,100.0,True,,9.426154719625402e-15,6.641668426623702e-14,1.3219675072812977
335,0.09999999999999998,0.0,0.4999999999999999,0.0,135.0,43,60,71.66666666666667,False,43 44 45 46 47 48 49 50 51 52 53 54 55 56 57 58 59,0.004842495589404742,0.06886276376083711,1.3264801275029052
336,0.20000000000000007,0.0,0.6,0.0,-180.0,17,60,28.333333333333332,False,0 1 16 20 21 22 23 24 25 26 27 28 29 30 31 32 33 34 35 36 37 38 39 40 41 42 43 44 45 46 47 48 49 50 51 52 53 54 55 56 57 58 59,0.03996619744969848,0.5177404493972079,2.0432754257653034
337,0.20000000000000007,0.0,0.6,0.0,-135.0,23,60,38.333333333333336,False,0 1 25 26 27 28 29 30 31 32 33 34 35 36 37 38 39 40 41 42 43 44 45 46 47 48 49 50 51 52 53 54 55 56 57 58 59,0.031583099056794545,0.44404735679062235,1.6497545422232813
338,0.20000000000000007,0.0,0.6,0.0,-90.0,30,60,50.0,False,30 31 32 33 34 35 36 37 38 39 40 41 42 43 44 45 46 47 48 49 50 51 52 53 54 55 56 57 58 59,0.021219158912020593,0.2909959686872652,1.3607469472963087
339,0.20000000000000007,0.0,0.6,0.0,-45.0,33,60,55.0,False,33 34 35 36 37 38 39 40 41 42 43 44 45 46 47 48 49 50 51 52 53 54 55 56 57 58 59,0.012345048161506045,0.12033193694679772,1.2957478388276504
340,0.20000000000000007,0.0,0.6,0.0,0.0,33,60,55.0,False,33 34 35 36 37 38 39 40 41 42 43 44 45 46 47 48 49 50 51 52 53 54 55 56 57 58 59,0.008539182913322618,0.07543827507036642,1.6502285547520872
341,0.20000000000000007,0.0,0.6,0.0,45.0,11,60,18.333333333333332,False,11 12 13 14 15 16 17 18 19 20 21 22 23 24 25 26 27 28 29 30 31 32 33 34 35 36 37 38 39 40 41 42 43 44 45 46 47 48 49 50 51 52 53 54 55 56 57 58 59,0.012544468062359445,0.1721232061166101,1.7969600033869715
342,0.20000000000000007,0.0,0.6,0.0,90.0,10,60,16.666666666666668,False,10 11 12 13 14 15 16 17 18 19 20 21 22 23 24 25 26 27 28 29 30 31 32 33 34 35 36 37 38 39 40 41 42 43 44 45 46 47 48 49 50 51 52 53 54 55 56 57 58 59,0.024098295861253425,0.3407806396113126,2.0157344428004076
343,0.20000000000000007,0.0,0.6,0.0,135.0,9,60,15.0,False,0 10 11 12 13 14 15 16 17 18 19 20 21 22 23 24 25 26 27 28 29 30 31 32 33 34 35 36 37 38 39 40 41 42 43 44 45 46 47 48 49 50 51 52 53 54 55 56 57 58 59,0.03550476601948924,0.4741108756144637,2.02499128973477
344,0.30000000000000004,0.0,0.7,0.0,-180.0,0,60,0.0,False,0 1 2 3 4 5 6 7 8 9 10 11 12 13 14 15 16 17 18 19 20 21 22 23 24 25 26 27 28 29 30 31 32 33 34 35 36 37 38 39 40 41 42 43 44 45 46 47 48 49 50 51 52 53 54 55 56 57 58 59,0.09387775291985795,0.8578871397690664,2.6179933639330977
345,0.30000000000000004,0.0,0.7,0.0,-135.0,0,60,0.0,False,0 1 2 3 4 5 6 7 8 9 10 11 12 13 14 15 16 17 18 19 20 21 22 23 24 25 26 27 28 29 30 31 32 33 34 35 36 37 38 39 40 41 42 43 44 45 46 47 48 49 50 51 52 53 54 55 56 57 58 59,0.07265652895736004,0.8237010484655755,2.6179928232143066
346,0.30000000000000004,0.0,0.7,0.0,-90.0,3,60,5.0,False,0 1 2 3 4 5 6 7 8 9 10 11 12 13 14 18 19 20 21 22 23 24 25 26 27 28 29 30 31 32 33 34 35 36 37 38 39 40 41 42 43 44 45 46 47 48 49 50 51 52 53 54 55 56 57 58 59,0.04999957139195969,0.7048611495089673,2.1033692554941252
347,0.30000000000000004,0.0,0.7,0.0,-45.0,1,60,1.6666666666666667,False,0 1 2 3 4 5 6 7 8 9 10 11 12 13 14 15 17 18 19 20 21 22 23 24 25 26 27 28 29 30 31 32 33 34 35 36 37 38 39 40 41 42 43 44 45 46 47 48 49 50 51 52 53 54 55 56 57 58 59,0.04389667423031714,0.5910891353590848,2.3875632531011006
348,0.30000000000000004,0.0,0.7,0.0,0.0,0,60,0.0,False,0 1 2 3 4 5 6 7 8 9 10 11 12 13 14 15 16 17 18 19 20 21 22 23 24 25 26 27 28 29 30 31 32 33 34 35 36 37 38 39 40 41 42 43 44 45 46 47 48 49 50 51 52 53 54 55 56 57 58 59,0.042444610511806265,0.5524652946136684,2.6179932155455354
349,0.30000000000000004,0.0,0.7,0.0,45.0,0,60,0.0,False,0 1 2 3 4 5 6 7 8 9 10 11 12 13 14 15 16 17 18 19 20 21 22 23 24 25 26 27 28 29 30 31 32 33 34 35 36 37 38 39 40 41 42 43 44 45 46 47 48 49 50 51 52 53 54 55 56 57 58 59,0.045208760801726436,0.6364148588238623,2.61799320009269
350,0.30000000000000004,0.0,0.7,0.0,90.0,0,60,0.0,False,0 1 2 3 4 5 6 7 8 9 10 11 12 13 14 15 16 17 18 19 20 21 22 23 24 25 26 27 28 29 30 31 32 33 34 35 36 37 38 39 40 41 42 43 44 45 46 47 48 49 50 51 52 53 54 55 56 57 58 59,0.06699802413211221,0.772201460455324,2.6179929213361817
351,0.30000000000000004,0.0,0.7,0.0,135.0,0,60,0.0,False,0 1 2 3 4 5 6 7 8 9 10 11 12 13 14 15 16 17 18 19 20 21 22 23 24 25 26 27 28 29 30 31 32 33 34 35 36 37 38 39 40 41 42 43 44 45 46 47 48 49 50 51 52 53 54 55 56 57 58 59,0.08546070004771524,0.8308434485232679,2.617993239828315
352,0.4,0.0,0.7999999999999999,0.0,-180.0,0,60,0.0,False,0 1 2 3 4 5 6 7 8 9 10 11 12 13 14 15 16 17 18 19 20 21 22 23 24 25 26 27 28 29 30 31 32 33 34 35 36 37 38 39 40 41 42 43 44 45 46 47 48 49 50 51 52 53 54 55 56 57 58 59,0.17475286075012056,1.0476932245554935,2.617993280353098
353,0.4,0.0,0.7999999999999999,0.0,-135.0,0,60,0.0,False,0 1 2 3 4 5 6 7 8 9 10 11 12 13 14 15 16 17 18 19 20 21 22 23 24 25 26 27 28 29 30 31 32 33 34 35 36 37 38 39 40 41 42 43 44 45 46 47 48 49 50 51 52 53 54 55 56 57 58 59,0.1407227232710132,1.0890908149669107,2.617993343410922
354,0.4,0.0,0.7999999999999999,0.0,-90.0,0,60,0.0,False,0 1 2 3 4 5 6 7 8 9 10 11 12 13 14 15 16 17 18 19 20 21 22 23 24 25 26 27 28 29 30 31 32 33 34 35 36 37 38 39 40 41 42 43 44 45 46 47 48 49 50 51 52 53 54 55 56 57 58 59,0.09235565629318869,1.0743911681437206,2.6179930690628685
355,0.4,0.0,0.7999999999999999,0.0,-45.0,0,60,0.0,False,0 1 2 3 4 5 6 7 8 9 10 11 12 13 14 15 16 17 18 19 20 21 22 23 24 25 26 27 28 29 30 31 32 33 34 35 36 37 38 39 40 41 42 43 44 45 46 47 48 49 50 51 52 53 54 55 56 57 58 59,0.07211783826361214,1.0229399293592079,2.6179923173183903
356,0.4,0.0,0.7999999999999999,0.0,0.0,0,60,0.0,False,0 1 2 3 4 5 6 7 8 9 10 11 12 13 14 15 16 17 18 19 20 21 22 23 24 25 26 27 28 29 30 31 32 33 34 35 36 37 38 39 40 41 42 43 44 45 46 47 48 49 50 51 52 53 54 55 56 57 58 59,0.06953405961487871,0.9937704107482683,2.6179922317656183
357,0.4,0.0,0.7999999999999999,0.0,45.0,0,60,0.0,False,0 1 2 3 4 5 6 7 8 9 10 11 12 13 14 15 16 17 18 19 20 21 22 23 24 25 26 27 28 29 30 31 32 33 34 35 36 37 38 39 40 41 42 43 44 45 46 47 48 49 50 51 52 53 54 55 56 57 58 59,0.0907746693307195,1.0456008003415418,2.617992988720446
358,0.4,0.0,0.7999999999999999,0.0,90.0,0,60,0.0,False,0 1 2 3 4 5 6 7 8 9 10 11 12 13 14 15 16 17 18 19 20 21 22 23 24 25 26 27 28 29 30 31 32 33 34 35 36 37 38 39 40 41 42 43 44 45 46 47 48 49 50 51 52 53 54 55 56 57 58 59,0.1367733389695016,1.0776941988618598,2.6179932375417003
359,0.4,0.0,0.7999999999999999,0.0,135.0,0,60,0.0,False,0 1 2 3 4 5 6 7 8 9 10 11 12 13 14 15 16 17 18 19 20 21 22 23 24 25 26 27 28 29 30 31 32 33 34 35 36 37 38 39 40 41 42 43 44 45 46 47 48 49 50 51 52 53 54 55 56 57 58 59,0.16324399565303954,1.0426392007141336,2.617992530398212
360,-0.4,0.09999999999999998,-1.1102230246251565e-16,0.09999999999999998,-180.0,46,60,76.66666666666667,False,0 1 2 3 4 5 6 7 8 9 10 11 12 13,0.012731303212239553,0.17208511698245185,4.440892098500626e-16
361,-0.4,0.09999999999999998,-1.1102230246251565e-16,0.09999999999999998,-135.0,47,60,78.33333333333333,False,1 2 3 4 5 6 7 8 9 10 11 12 13,0.01191280193135626,0.16794279811346188,4.440892098500626e-16
362,-0.4,0.09999999999999998,-1.1102230246251565e-16,0.09999999999999998,-90.0,44,60,73.33333333333333,False,1 2 3 4 5 6 7 8 9 10 11 12 13 14 15 17,0.011954398503075022,0.1653325901817103,4.440892098500626e-16
363,-0.4,0.09999999999999998,-1.1102230246251565e-16,0.09999999999999998,-45.0,40,60,66.66666666666667,False,1 2 3 4 5 6 7 8 9 10 11 12 13 14 15 16 17 18 19 20,0.019757808247891355,0.24619885460526253,4.440892098500626e-16
364,-0.4,0.09999999999999998,-1.1102230246251565e-16,0.09999999999999998,0.0,37,60,61.666666666666664,False,0 1 2 3 4 5 6 7 8 9 10 11 12 13 14 15 16 17 18 19 20 21 22,0.0464248267339473,0.4147597216455261,4.440892098500626e-16
365,-0.4,0.09999999999999998,-1.1102230246251565e-16,0.09999999999999998,45.0,37,60,61.666666666666664,False,0 1 2 3 4 5 6 7 8 9 10 11 12 13 14 15 16 17 18 19 20 21 22,0.06205008388884282,0.23207136626866745,4.440892098500626e-16
366,-0.4,0.09999999999999998,-1.1102230246251565e-16,0.09999999999999998,90.0,40,60,66.66666666666667,False,0 1 2 3 4 5 6 7 8 9 10 11 12 13 14 15 16 17 18 19,0.03043180779308481,0.20787066858294664,4.440892098500626e-16
367,-0.4,0.09999999999999998,-1.1102230246251565e-16,0.09999999999999998,135.0,46,60,76.66666666666667,False,0 1 2 3 4 5 6 7 8 9 10 11 12 13,0.0163107475933287,0.18330676948162503,4.440892098500626e-16
368,-0.30000000000000004,0.09999999999999998,0.09999999999999987,0.09999999999999998,-180.0,58,60,96.66666666666667,False,3 4,0.001479582402448043,0.02100325834409767,4.440892098500626e-16
369,-0.30000000000000004,0.09999999999999998,0.09999999999999987,0.09999999999999998,-135.0,54,60,90.0,False,3 4 5 6 7 8,0.0011414714286488842,0.016341233317361575,4.440892098500626e-16
370,-0.30000000000000004,0.09999999999999998,0.09999999999999987,0.09999999999999998,-90.0,45,60,75.0,False,4 5 6 7 8 9 10 11 12 13 14 15 16 17 18,0.01003041248556432,0.13717351415879225,4.440892098500626e-16
371,-0.30000000000000004,0.09999999999999998,0.09999999999999987,0.09999999999999998,-45.0,42,60,70.0,False,4 5 6 7 8 9 10 11 12 13 14 15 16 17 18 19 20 21,0.035880254770469654,0.35967032645589747,4.440892098500626e-16
372,-0.30000000000000004,0.09999999999999998,0.09999999999999987,0.09999999999999998,0.0,41,60,68.33333333333333,False,0 1 5 6 7 8 9 10 11 12 13 14 15 16 17 18 19 20 21,0.04366421272614752,0.21846173931071658,4.440892098500626e-16
373,-0.30000000000000004,0.09999999999999998,0.09999999999999987,0.09999999999999998,45.0,54,60,90.0,False,0 1 2 8 9 10,0.016519279761782035,0.11685266368627324,4.440892098500626e-16
374,-0.30000000000000004,0.09999999999999998,0.09999999999999987,0.09999999999999998,90.0,56,60,93.33333333333333,False,0 1 2 3,0.003944436927538932,0.05033796183887127,4.440892098500626e-16
375,-0.30000000000000004,0.09999999999999998,0.09999999999999987,0.09999999999999998,135.0,57,60,95.0,False,2 3 4,0.0017034554323735608,0.024312785690971256,4.440892098500626e-16
376,-0.2,0.09999999999999998,0.1999999999999999,0.09999999999999998,-180.0,60,60,100.0,True,,1.355950064341951e-14,2.0070501439872452e-13,0.2395575427999046
377,-0.2,0.09999999999999998,0.1999999999999999,0.09999999999999998,-135.0,60,60,100.0,True,,2.459189423035639e-14,2.638206228170127e-13,0.21156481010993078
378,-0.2,0.09999999999999998,0.1999999999999999,0.09999999999999998,-90.0,60,60,100.0,True,,2.5887818209826852e-14,3.0118351491983746e-13,0.026543756022262333
379,-0.2,0.09999999999999998,0.1999999999999999,0.09999999999999998,-45.0,58,60,96.66666666666667,False,15 16,0.008678236752992481,0.09699117521544837,4.440892098500626e-16
380,-0.2,0.09999999999999998,0.1999999999999999,0.09999999999999998,0.0,60,60,100.0,True,,8.027181669575524e-15,5.760196167513201e-14,0.09636282532151386
381,-0.2,0.09999999999999998,0.1999999999999999,0.09999999999999998,45.0,60,60,100.0,True,,7.488297930023952e-15,4.927864017994464e-14,0.1355416622777872
382,-0.2,0.09999999999999998,0.1999999999999999,0.09999999999999998,90.0,60,60,100.0,True,,9.440089101047992e-15,7.656493587861898e-14,0.2220889159133339
383,-0.2,0.09999999999999998,0.1999999999999999,0.09999999999999998,135.0,60,60,100.0,True,,1.0452362934643748e-14,7.763634196133925e-14,0.23188967276687134
384,-0.09999999999999998,0.09999999999999998,0.29999999999999993,0.09999999999999998,-180.0,60,60,100.0,True,,9.601222902845679e-15,1.0322268225814506e-13,0.5567040636813068
385,-0.09999999999999998,0.09999999999999998,0.29999999999999993,0.09999999999999998,-135.0,60,60,100.0,True,,2.848971596493297e-15,2.3456630877889626e-14,0.5004507928865065
386,-0.09999999999999998,0.09999999999999998,0.29999999999999993,0.09999999999999998,-90.0,60,60,100.0,True,,7.876521828355277e-15,6.128294998289679e-14,0.2760208019565056
387,-0.09999999999999998,0.09999999999999998,0.29999999999999993,0.09999999999999998,-45.0,60,60,100.0,True,,1.92015631799469e-15,1.9446447469300797e-14,0.23119869680207428
388,-0.09999999999999998,0.09999999999999998,0.29999999999999993,0.09999999999999998,0.0,60,60,100.0,True,,1.94753627527886e-14,1.4854396360304192e-13,0.41375571080358364
389,-0.09999999999999998,0.09999999999999998,0.29999999999999993,0.09999999999999998,45.0,60,60,100.0,True,,9.25972967840391e-15,8.737813727961732e-14,0.43729877918352145
390,-0.09999999999999998,0.09999999999999998,0.29999999999999993,0.09999999999999998,90.0,60,60,100.0,True,,8.897599468057758e-15,1.2211255300386866e-13,0.5379773499623983
391,-0.09999999999999998,0.09999999999999998,0.29999999999999993,0.09999999999999998,135.0,60,60,100.0,True,,6.999418123927954e-15,5.4352419252424354e-14,0.5473815693003492
392,0.0,0.09999999999999998,0.3999999999999999,0.09999999999999998,-180.0,60,60,100.0,True,,8.097781347165199e-15,1.5535322532421404e-13,0.928002804292976
393,0.0,0.09999999999999998,0.3999999999999999,0.09999999999999998,-135.0,60,60,100.0,True,,3.9271932718740724e-15,3.7326648277480114e-14,0.8274575088907692
394,0.0,0.09999999999999998,0.3999999999999999,0.09999999999999998,-90.0,60,60,100.0,True,,4.918378846071278e-15,5.3526975489752834e-14,0.5917474728451251
395,0.0,0.09999999999999998,0.3999999999999999,0.09999999999999998,-45.0,60,60,100.0,True,,6.008809686902755e-15,7.192241687725858e-14,0.5730613669285023
396,0.0,0.09999999999999998,0.3999999999999999,0.09999999999999998,0.0,60,60,100.0,True,,9.987110246505715e-15,8.781857345387296e-14,0.7512992124908193
397,0.0,0.09999999999999998,0.3999999999999999,0.09999999999999998,45.0,60,60,100.0,True,,6.65672507720245e-15,5.144843848714102e-14,0.7909964617547292
398,0.0,0.09999999999999998,0.3999999999999999,0.09999999999999998,90.0,60,60,100.0,True,,6.668793286930725e-15,1.1718603851625536e-13,0.9080196317924754
399,0.0,0.09999999999999998,0.3999999999999999,0.09999999999999998,135.0,60,60,100.0,True,,7.085286862957469e-15,5.210827893752495e-14,0.9178886876679084
400,0.09999999999999998,0.09999999999999998,0.4999999999999999,0.09999999999999998,-180.0,39,60,65.0,False,39 40 41 42 43 44 45 46 47 48 49 50 51 52 53 54 55 56 57 58 59,0.010883130619423155,0.15581328487722604,1.3886737079187752
401,0.09999999999999998,0.09999999999999998,0.4999999999999999,0.09999999999999998,-135.0,41,60,68.33333333333333,False,41 42 43 44 45 46 47 48 49 50 51 52 53 54 55 56 57 58 59,0.007562521188105043,0.10707193873004373,1.233881713183691
402,0.09999999999999998,0.09999999999999998,0.4999999999999999,0.09999999999999998,-90.0,60,60,100.0,True,,9.143514013434449e-15,8.762509445680754e-14,0.9659973352158611
403,0.09999999999999998,0.09999999999999998,0.4999999999999999,0.09999999999999998,-45.0,60,60,100.0,True,,5.6559434558941615e-15,1.8934995105586487e-13,0.9640143324670589
404,0.09999999999999998,0.09999999999999998,0.4999999999999999,0.09999999999999998,0.0,60,60,100.0,True,,4.044726432355762e-15,3.022721120834481e-14,1.1577892235288971
405,0.09999999999999998,0.09999999999999998,0.4999999999999999,0.09999999999999998,45.0,60,60,100.0,True,,2.211160636138896e-14,3.253305094088112e-13,1.2156045285389108
406,0.09999999999999998,0.09999999999999998,0.4999999999999999,0.09999999999999998,90.0,60,60,100.0,True,,1.647461176995494e-14,1.3404191041983796e-13,1.3641592147031307
407,0.09999999999999998,0.09999999999999998,0.4999999999999999,0.09999999999999998,135.0,43,60,71.66666666666667,False,43 44 45 46 47 48 49 50 51 52 53 54 55 56 57 58 59,0.00572398673662921,0.08124494595064108,1.376104718042026
408,0.20000000000000007,0.09999999999999998,0.6,0.09999999999999998,-180.0,12,60,20.0,False,0 1 14 15 16 17 18 19 20 21 22 23 24 25 26 27 28 29 30 31 32 33 34 35 36 37 38 39 40 41 42 43 44 45 46 47 48 49 50 51 52 53 54 55 56 57 58 59,0.04370262796824367,0.5505535874676863,2.1452274782057326
409,0.20000000000000007,0.09999999999999998,0.6,0.09999999999999998,-135.0,20,60,33.333333333333336,False,0 1 2 23 24 25 26 27 28 29 30 31 32 33 34 35 36 37 38 39 40 41 42 43 44 45 46 47 48 49 50 51 52 53 54 55 56 57 58 59,0.03666864300861704,0.5003248614790249,1.80982268222925
410,0.20000000000000007,0.09999999999999998,0.6,0.09999999999999998,-90.0,29,60,48.333333333333336,False,29 30 31 32 33 34 35 36 37 38 39 40 41 42 43 44 45 46 47 48 49 50 51 52 53 54 55 56 57 58 59,0.025556231947437787,0.36220170479418445,1.4362232271895168
411,0.20000000000000007,0.09999999999999998,0.6,0.09999999999999998,-45.0,32,60,53.333333333333336,False,32 33 34 35 36 37 38 39 40 41 42 43 44 45 46 47 48 49 50 51 52 53 54 55 56 57 58 59,0.016544385523814285,0.18579334647568854,1.2398936268632905
412,0.20000000000000007,0.09999999999999998,0.6,0.09999999999999998,0.0,32,60,53.333333333333336,False,32 33 34 35 36 37 38 39 40 41 42 43 44 45 46 47 48 49 50 51 52 53 54 55 56 57 58 59,0.012773892559607456,0.1124595880516964,1.7082837318568926
413,0.20000000000000007,0.09999999999999998,0.6,0.09999999999999998,45.0,10,60,16.666666666666668,False,10 11 12 13 14 15 16 17 18 19 20 21 22 23 24 25 26 27 28 29 30 31 32 33 34 35 36 37 38 39 40 41 42 43 44 45 46 47 48 49 50 51 52 53 54 55 56 57 58 59,0.012755101783954467,0.15460828653234085,1.80906546336843
414,0.20000000000000007,0.09999999999999998,0.6,0.09999999999999998,90.0,8,60,13.333333333333334,False,8 9 10 11 12 13 14 15 16 17 18 19 20 21 22 23 24 25 26 27 28 29 30 31 32 33 34 35 36 37 38 39 40 41 42 43 44 45 46 47 48 49 50 51 52 53 54 55 56 57 58 59,0.025470477894253368,0.3622231640031212,2.0898295440419177
415,0.20000000000000007,0.09999999999999998,0.6,0.09999999999999998,135.0,7,60,11.666666666666666,False,0 1 9 10 11 12 13 14 15 16 17 18 19 20 21 22 23 24 25 26 27 28 29 30 31 32 33 34 35 36 37 38 39 40 41 42 43 44 45 46 47 48 49 50 51 52 53 54 55 56 57 58 59,0.03614761329219504,0.4850251709394468,2.115967550965384
416,0.30000000000000004,0.09999999999999998,0.7,0.09999999999999998,-180.0,0,60,0.0,False,0 1 2 3 4 5 6 7 8 9 10 11 12 13 14 15 16 17 18 19 20 21 22 23 24 25 26 27 28 29 30 31 32 33 34 35 36 37 38 39 40 41 42 43 44 45 46 47 48 49 50 51 52 53 54 55 56 57 58 59,0.09997150962961782,0.8743317188533911,2.6179934000392966
417,0.30000000000000004,0.09999999999999998,0.7,0.09999999999999998,-135.0,0,60,0.0,False,0 1 2 3 4 5 6 7 8 9 10 11 12 13 14 15 16 17 18 19 20 21 22 23 24 25 26 27 28 29 30 31 32 33 34 35 36 37 38 39 40 41 42 43 44 45 46 47 48 49 50 51 52 53 54 55 56 57 58 59,0.08178731604885432,0.85804352814066,2.617993330665406
418,0.30000000000000004,0.09999999999999998,0.7,0.09999999999999998,-90.0,1,60,1.6666666666666667,False,0 1 2 3 4 5 6 7 8 9 10 11 12 13 14 15 17 18 19 20 21 22 23 24 25 26 27 28 29 30 31 32 33 34 35 36 37 38 39 40 41 42 43 44 45 46 47 48 49 50 51 52 53 54 55 56 57 58 59,0.055559831847239324,0.7586556125609244,2.273740526695088
419,0.30000000000000004,0.09999999999999998,0.7,0.09999999999999998,-45.0,1,60,1.6666666666666667,False,0 1 2 3 4 5 6 7 8 9 10 11 12 13 14 15 17 18 19 20 21 22 23 24 25 26 27 28 29 30 31 32 33 34 35 36 37 38 39 40 41 42 43 44 45 46 47 48 49 50 51 52 53 54 55 56 57 58 59,0.04545624167348707,0.6317740508299735,2.367563476546654
420,0.30000000000000004,0.09999999999999998,0.7,0.09999999999999998,0.0,0,60,0.0,False,0 1 2 3 4 5 6 7 8 9 10 11 12 13 14 15 16 17 18 19 20 21 22 23 24 25 26 27 28 29 30 31 32 33 34 35 36 37 38 39 40 41 42 43 44 45 46 47 48 49 50 51 52 53 54 55 56 57 58 59,0.04527043664941882,0.5913280693405941,2.6179932450209846
421,0.30000000000000004,0.09999999999999998,0.7,0.09999999999999998,45.0,0,60,0.0,False,0 1 2 3 4 5 6 7 8 9 10 11 12 13 14 15 16 17 18 19 20 21 22 23 24 25 26 27 28 29 30 31 32 33 34 35 36 37 38 39 40 41 42 43 44 45 46 47 48 49 50 51 52 53 54 55 56 57 58 59,0.043868191855782265,0.6254207743294825,2.6179929111917977
422,0.30000000000000004,0.09999999999999998,0.7,0.09999999999999998,90.0,0,60,0.0,False,0 1 2 3 4 5 6 7 8 9 10 11 12 13 14 15 16 17 18 19 20 21 22 23 24 25 26 27 28 29 30 31 32 33 34 35 36 37 38 39 40 41 42 43 44 45 46 47 48 49 50 51 52 53 54 55 56 57 58 59,0.06706897019991531,0.793084857108147,2.6179930842158545
423,0.30000000000000004,0.09999999999999998,0.7,0.09999999999999998,135.0,0,60,0.0,False,0 1 2 3 4 5 6 7 8 9 10 11 12 13 14 15 16 17 18 19 20 21 22 23 24 25 26 27 28 29 30 31 32 33 34 35 36 37 38 39 40 41 42 43 44 45 46 47 48 49 50 51 52 53 54 55 56 57 58 59,0.0853872085789066,0.8414390092966594,2.6179934865585652
424,0.4,0.09999999999999998,0.7999999999999999,0.09999999999999998,-180.0,0,60,0.0,False,0 1 2 3 4 5 6 7 8 9 10 11 12 13 14 15 16 17 18 19 20 21 22 23 24 25 26 27 28 29 30 31 32 33 34 35 36 37 38 39 40 41 42 43 44 45 46 47 48 49 50 51 52 53 54 55 56 57 58 59,0.18172172300245798,1.049894952925618,2.6179932925997518
425,0.4,0.09999999999999998,0.7999999999999999,0.09999999999999998,-135.0,0,60,0.0,False,0 1 2 3 4 5 6 7 8 9 10 11 12 13 14 15 16 17 18 19 20 21 22 23 24 25 26 27 28 29 30 31 32 33 34 35 36 37 38 39 40 41 42 43 44 45 46 47 48 49 50 51 52 53 54 55 56 57 58 59,0.15348491898454547,1.0952287725847571,2.617993371423556
426,0.4,0.09999999999999998,0.7999999999999999,0.09999999999999998,-90.0,0,60,0.0,False,0 1 2 3 4 5 6 7 8 9 10 11 12 13 14 15 16 17 18 19 20 21 22 23 24 25 26 27 28 29 30 31 32 33 34 35 36 37 38 39 40 41 42 43 44 45 46 47 48 49 50 51 52 53 54 55 56 57 58 59,0.10254146145738945,1.1034554140115806,2.6179933556245145
427,0.4,0.09999999999999998,0.7999999999999999,0.09999999999999998,-45.0,0,60,0.0,False,0 1 2 3 4 5 6 7 8 9 10 11 12 13 14 15 16 17 18 19 20 21 22 23 24 25 26 27 28 29 30 31 32 33 34 35 36 37 38 39 40 41 42 43 44 45 46 47 48 49 50 51 52 53 54 55 56 57 58 59,0.07506567964474126,1.0487928146462369,2.617992465440966
428,0.4,0.09999999999999998,0.7999999999999999,0.09999999999999998,0.0,0,60,0.0,False,0 1 2 3 4 5 6 7 8 9 10 11 12 13 14 15 16 17 18 19 20 21 22 23 24 25 26 27 28 29 30 31 32 33 34 35 36 37 38 39 40 41 42 43 44 45 46 47 48 49 50 51 52 53 54 55 56 57 58 59,0.07191423148428455,1.0273078453532725,2.6179919538609617
429,0.4,0.09999999999999998,0.7999999999999999,0.09999999999999998,45.0,0,60,0.0,False,0 1 2 3 4 5 6 7 8 9 10 11 12 13 14 15 16 17 18 19 20 21 22 23 24 25 26 27 28 29 30 31 32 33 34 35 36 37 38 39 40 41 42 43 44 45 46 47 48 49 50 51 52 53 54 55 56 57 58 59,0.08734333813200436,1.0461771438200658,2.6179930459959126
430,0.4,0.09999999999999998,0.7999999999999999,0.09999999999999998,90.0,0,60,0.0,False,0 1 2 3 4 5 6 7 8 9 10 11 12 13 14 15 16 17 18 19 20 21 22 23 24 25 26 27 28 29 30 31 32 33 34 35 36 37 38 39 40 41 42 43 44 45 46 47 48 49 50 51 52 53 54 55 56 57 58 59,0.13518567528956968,1.1037827073531643,2.6179932979252696
431,0.4,0.09999999999999998,0.7999999999999999,0.09999999999999998,135.0,0,60,0.0,False,0 1 2 3 4 5 6 7 8 9 10 11 12 13 14 15 16 17 18 19 20 21 22 23 24 25 26 27 28 29 30 31 32 33 34 35 36 37 38 39 40 41 42 43 44 45 46 47 48 49 50 51 52 53 54 55 56 57 58 59,0.16256176267595412,1.0546215315361123,2.617993182826623
432,-0.4,0.20000000000000007,-1.1102230246251565e-16,0.20000000000000007,-180.0,60,60,100.0,True,,7.940665967490407e-15,6.721766351411964e-14,0.15728638907627346
433,-0.4,0.20000000000000007,-1.1102230246251565e-16,0.20000000000000007,-135.0,60,60,100.0,True,,6.754766411559895e-15,5.770536652238236e-14,0.1600398986789089
434,-0.4,0.20000000000000007,-1.1102230246251565e-16,0.20000000000000007,-90.0,60,60,100.0,True,,5.623143006452651e-15,6.365712674319736e-14,0.16437549868453116
435,-0.4,0.20000000000000007,-1.1102230246251565e-16,0.20000000000000007,-45.0,60,60,100.0,True,,1.4666622371580053e-14,2.012048617898607e-13,0.04993018264615179
436,-0.4,0.20000000000000007,-1.1102230246251565e-16,0.20000000000000007,0.0,55,60,91.66666666666667,False,14 15 16 17 18,0.014593014549220304,0.1764992442244878,4.440892098500626e-16
437,-0.4,0.20000000000000007,-1.1102230246251565e-16,0.20000000000000007,45.0,58,60,96.66666666666667,False,15 16,0.009838157907391175,0.0813416913310104,4.440892098500626e-16
438,-0.4,0.20000000000000007,-1.1102230246251565e-16,0.20000000000000007,90.0,60,60,100.0,True,,9.468620985201413e-15,7.009828371530997e-14,0.05462267527939746
439,-0.4,0.20000000000000007,-1.1102230246251565e-16,0.20000000000000007,135.0,60,60,100.0,True,,1.2559735322128841e-14,6.64131762044159e-14,0.12102117491793196
440,-0.30000000000000004,0.20000000000000007,0.09999999999999987,0.20000000000000007,-180.0,60,60,100.0,True,,4.891915281050771e-15,6.07671809295833e-14,0.23241397384007412
441,-0.30000000000000004,0.20000000000000007,0.09999999999999987,0.20000000000000007,-135.0,60,60,100.0,True,,6.1181373004479524e-15,4.374917765954896e-14,0.24044156739950617
442,-0.30000000000000004,0.20000000000000007,0.09999999999999987,0.20000000000000007,-90.0,60,60,100.0,True,,1.0296122062404631e-14,5.530069083476152e-14,0.19551913874164928
443,-0.30000000000000004,0.20000000000000007,0.09999999999999987,0.20000000000000007,-45.0,59,60,98.33333333333333,False,16,0.0008225152371034974,0.011546924398439417,4.440892098500626e-16
444,-0.30000000000000004,0.20000000000000007,0.09999999999999987,0.20000000000000007,0.0,58,60,96.66666666666667,False,15 16,0.007499076334807119,0.07845402775798997,4.440892098500626e-16
445,-0.30000000000000004,0.20000000000000007,0.09999999999999987,0.20000000000000007,45.0,60,60,100.0,True,,6.4345549573914566e-15,6.761095033588404e-14,0.12627680782792572
446,-0.30000000000000004,0.20000000000000007,0.09999999999999987,0.20000000000000007,90.0,60,60,100.0,True,,9.367177809528407e-15,6.168826439516977e-14,0.14832341721923203
447,-0.30000000000000004,0.20000000000000007,0.09999999999999987,0.20000000000000007,135.0,60,60,100.0,True,,8.256292415584723e-15,6.912487700224744e-14,0.22703823687196012
448,-0.2,0.20000000000000007,0.1999999999999999,0.20000000000000007,-180.0,60,60,100.0,True,,1.2224968407669455e-14,7.156522544105589e-14,0.43276382073844344
449,-0.2,0.20000000000000007,0.1999999999999999,0.20000000000000007,-135.0,60,60,100.0,True,,2.827801465643549e-15,2.2251156744080512e-14,0.4379733226718878
450,-0.2,0.20000000000000007,0.1999999999999999,0.20000000000000007,-90.0,60,60,100.0,True,,3.760137884138769e-15,2.108696707301403e-14,0.2994931333943103
451,-0.2,0.20000000000000007,0.1999999999999999,0.20000000000000007,-45.0,60,60,100.0,True,,1.1209542031128895e-14,5.994167534368031e-14,0.11701721223703432
452,-0.2,0.20000000000000007,0.1999999999999999,0.20000000000000007,0.0,60,60,100.0,True,,4.613524398265384e-15,6.874188534650828e-14,0.18377233229931456
453,-0.2,0.20000000000000007,0.1999999999999999,0.20000000000000007,45.0,60,60,100.0,True,,6.308715494519973e-14,5.859419745327812e-13,0.2993433084000121
454,-0.2,0.20000000000000007,0.1999999999999999,0.20000000000000007,90.0,60,60,100.0,True,,8.999143503106589e-15,7.954790620150586e-14,0.37056045633371815
455,-0.2,0.20000000000000007,0.1999999999999999,0.20000000000000007,135.0,60,60,100.0,True,,9.222748027559419e-15,7.45440186978074e-14,0.429755613952171
456,-0.09999999999999998,0.20000000000000007,0.29999999999999993,0.20000000000000007,-180.0,60,60,100.0,True,,4.795855061180449e-15,3.8832956405056776e-14,0.7174838713250618
457,-0.09999999999999998,0.20000000000000007,0.29999999999999993,0.20000000000000007,-135.0,60,60,100.0,True,,9.680291698812869e-15,9.314980791996385e-14,0.7023346865485214
458,-0.09999999999999998,0.20000000000000007,0.29999999999999993,0.20000000000000007,-90.0,60,60,100.0,True,,7.19790432139452e-15,1.1425097700576614e-13,0.4950852420226539
459,-0.09999999999999998,0.20000000000000007,0.29999999999999993,0.20000000000000007,-45.0,60,60,100.0,True,,1.2724531456859724e-14,1.6711527658800295e-13,0.3636725486284722
460,-0.09999999999999998,0.20000000000000007,0.29999999999999993,0.20000000000000007,0.0,60,60,100.0,True,,1.213655192048852e-14,6.895808506319238e-13,0.010654631472817755
461,-0.09999999999999998,0.20000000000000007,0.29999999999999993,0.20000000000000007,45.0,60,60,100.0,True,,1.4350417727107363e-14,1.2514970141453704e-13,0.5665734055567722
462,-0.09999999999999998,0.20000000000000007,0.29999999999999993,0.20000000000000007,90.0,60,60,100.0,True,,1.0339687692813223e-14,7.851402194959197e-14,0.6702543145083457
463,-0.09999999999999998,0.20000000000000007,0.29999999999999993,0.20000000000000007,135.0,60,60,100.0,True,,8.732613829717519e-15,6.066579649768886e-14,0.7105988056900341
464,0.0,0.20000000000000007,0.3999999999999999,0.20000000000000007,-180.0,60,60,100.0,True,,7.605230311426305e-15,4.698290062322182e-14,1.0777964969972949
465,0.0,0.20000000000000007,0.3999999999999999,0.20000000000000007,-135.0,60,60,100.0,True,,2.132668787380004e-15,1.2969659198449747e-14,1.037066145184616
466,0.0,0.20000000000000007,0.3999999999999999,0.20000000000000007,-90.0,60,60,100.0,True,,1.3598759227080495e-14,1.0628045941822754e-13,0.7765309204105739
467,0.0,0.20000000000000007,0.3999999999999999,0.20000000000000007,-45.0,60,60,100.0,True,,4.6501979974598806e-15,5.6419006575473396e-14,0.6792620960052682
468,0.0,0.20000000000000007,0.3999999999999999,0.20000000000000007,0.0,60,60,100.0,True,,4.188793640816586e-15,5.943932925938584e-14,0.8557549245927656
469,0.0,0.20000000000000007,0.3999999999999999,0.20000000000000007,45.0,60,60,100.0,True,,1.0662124734890939e-14,8.545214729681659e-14,0.9037504128847034
470,0.0,0.20000000000000007,0.3999999999999999,0.20000000000000007,90.0,60,60,100.0,True,,1.316855818932434e-14,7.116951028636324e-14,1.0386043035582422
471,0.0,0.20000000000000007,0.3999999999999999,0.20000000000000007,135.0,60,60,100.0,True,,1.0155544754757964e-14,1.3135620394690859e-13,1.0672355035872079
472,0.09999999999999998,0.20000000000000007,0.4999999999999999,0.20000000000000007,-180.0,25,60,41.666666666666664,False,23 24 27 28 29 30 31 32 33 34 35 36 37 38 39 40 41 42 43 44 45 46 47 48 49 50 51 52 53 54 55 56 57 58 59,0.018667331253644115,0.26444216785578156,1.555394704482914
473,0.09999999999999998,0.20000000000000007,0.4999999999999999,0.20000000000000007,-135.0,33,60,55.0,False,33 34 35 36 37 38 39 40 41 42 43 44 45 46 47 48 49 50 51 52 53 54 55 56 57 58 59,0.017059265630979904,0.24390706597071865,1.4632124240364899
474,0.09999999999999998,0.20000000000000007,0.4999999999999999,0.20000000000000007,-90.0,37,60,61.666666666666664,False,37 38 39 40 41 42 43 44 45 46 47 48 49 50 51 52 53 54 55 56 57 58 59,0.008785572714838274,0.11923164777421513,1.13870690062678
475,0.09999999999999998,0.20000000000000007,0.4999999999999999,0.20000000000000007,-45.0,60,60,100.0,True,,2.311557924367881e-15,4.093961220247923e-14,1.0385986706860555
476,0.09999999999999998,0.20000000000000007,0.4999999999999999,0.20000000000000007,0.0,60,60,100.0,True,,1.338141177235932e-14,3.2863244347203084e-13,1.2968706394855918
477,0.09999999999999998,0.20000000000000007,0.4999999999999999,0.20000000000000007,45.0,60,60,100.0,True,,1.168572363085969e-14,4.1689522292893945e-14,1.3289754419439617
478,0.09999999999999998,0.20000000000000007,0.4999999999999999,0.20000000000000007,90.0,60,60,100.0,True,,1.4171613403199365e-14,8.077851769049334e-14,1.5089517594872242
479,0.09999999999999998,0.20000000000000007,0.4999999999999999,0.20000000000000007,135.0,22,60,36.666666666666664,False,16 22 23 24 25 26 27 28 29 30 31 32 33 34 36 37 38 39 40 41 42 43 44 45 46 47 48 49 50 51 52 53 54 55 56 57 58 59,0.011584032597150797,0.16545897209140475,1.5387491948536445
480,0.20000000000000007,0.20000000000000007,0.6,0.20000000000000007,-180.0,0,60,0.0,False,0 1 2 3 4 5 6 7 8 9 10 11 12 13 14 15 16 17 18 19 20 21 22 23 24 25 26 27 28 29 30 31 32 33 34 35 36 37 38 39 40 41 42 43 44 45 46 47 48 49 50 51 52 53 54 55 56 57 58 59,0.05426996685301807,0.6366827372072498,2.617993131252506
481,0.20000000000000007,0.20000000000000007,0.6,0.20000000000000007,-135.0,9,60,15.0,False,0 1 2 3 4 5 6 7 8 9 19 20 21 22 23 24 25 26 27 28 29 30 31 32 33 34 35 36 37 38 39 40 41 42 43 44 45 46 47 48 49 50 51 52 53 54 55 56 57 58 59,0.048433188039055136,0.6122024260987752,2.1888891838431617
482,0.20000000000000007,0.20000000000000007,0.6,0.20000000000000007,-90.0,20,60,33.333333333333336,False,0 1 2 3 4 25 26 27 28 29 30 31 32 33 34 35 36 37 38 39 40 41 42 43 44 45 46 47 48 49 50 51 52 53 54 55 56 57 58 59,0.03459488464091305,0.4939788496599772,1.6316943339197114
483,0.20000000000000007,0.20000000000000007,0.6,0.20000000000000007,-45.0,22,60,36.666666666666664,False,1 2 3 4 5 6 7 29 30 31 32 33 34 35 36 37 38 39 40 41 42 43 44 45 46 47 48 49 50 51 52 53 54 55 56 57 58 59,0.025392767410805407,0.3274158014617763,1.558046805119073
484,0.20000000000000007,0.20000000000000007,0.6,0.20000000000000007,0.0,21,60,35.0,False,3 4 5 6 7 8 9 12 29 30 31 32 33 34 35 36 37 38 39 40 41 42 43 44 45 46 47 48 49 50 51 52 53 54 55 56 57 58 59,0.023578995736658562,0.23387331386491267,1.914289008655627
485,0.20000000000000007,0.20000000000000007,0.6,0.20000000000000007,45.0,3,60,5.0,False,3 4 5 6 7 8 9 10 11 12 13 14 15 16 17 18 19 20 21 22 23 24 25 26 27 28 29 30 31 32 33 34 35 36 37 38 39 40 41 42 43 44 45 46 47 48 49 50 51 52 53 54 55 56 57 58 59,0.020360710856750536,0.24955558954942014,1.9757036782720596
486,0.20000000000000007,0.20000000000000007,0.6,0.20000000000000007,90.0,1,60,1.6666666666666667,False,0 2 3 4 5 6 7 8 9 10 11 12 13 14 15 16 17 18 19 20 21 22 23 24 25 26 27 28 29 30 31 32 33 34 35 36 37 38 39 40 41 42 43 44 45 46 47 48 49 50 51 52 53 54 55 56 57 58 59,0.03165776997893216,0.448350362152832,2.6179931995938874
487,0.20000000000000007,0.20000000000000007,0.6,0.20000000000000007,135.0,0,60,0.0,False,0 1 2 3 4 5 6 7 8 9 10 11 12 13 14 15 16 17 18 19 20 21 22 23 24 25 26 27 28 29 30 31 32 33 34 35 36 37 38 39 40 41 42 43 44 45 46 47 48 49 50 51 52 53 54 55 56 57 58 59,0.04233289812238057,0.5556087620994598,2.6179931870845268
488,0.30000000000000004,0.20000000000000007,0.7,0.20000000000000007,-180.0,0,60,0.0,False,0 1 2 3 4 5 6 7 8 9 10 11 12 13 14 15 16 17 18 19 20 21 22 23 24 25 26 27 28 29 30 31 32 33 34 35 36 37 38 39 40 41 42 43 44 45 46 47 48 49 50 51 52 53 54 55 56 57 58 59,0.1157425596358255,0.9195375966586576,2.6179933721802104
489,0.30000000000000004,0.20000000000000007,0.7,0.20000000000000007,-135.0,0,60,0.0,False,0 1 2 3 4 5 6 7 8 9 10 11 12 13 14 15 16 17 18 19 20 21 22 23 24 25 26 27 28 29 30 31 32 33 34 35 36 37 38 39 40 41 42 43 44 45 46 47 48 49 50 51 52 53 54 55 56 57 58 59,0.10066481891203155,0.9255413029449268,2.6179931724220626
490,0.30000000000000004,0.20000000000000007,0.7,0.20000000000000007,-90.0,0,60,0.0,False,0 1 2 3 4 5 6 7 8 9 10 11 12 13 14 15 16 17 18 19 20 21 22 23 24 25 26 27 28 29 30 31 32 33 34 35 36 37 38 39 40 41 42 43 44 45 46 47 48 49 50 51 52 53 54 55 56 57 58 59,0.06811107038617602,0.8599236397314174,2.6179933068233376
491,0.30000000000000004,0.20000000000000007,0.7,0.20000000000000007,-45.0,0,60,0.0,False,0 1 2 3 4 5 6 7 8 9 10 11 12 13 14 15 16 17 18 19 20 21 22 23 24 25 26 27 28 29 30 31 32 33 34 35 36 37 38 39 40 41 42 43 44 45 46 47 48 49 50 51 52 53 54 55 56 57 58 59,0.051268838222467555,0.7325280448389928,2.6179933888590536
492,0.30000000000000004,0.20000000000000007,0.7,0.20000000000000007,0.0,0,60,0.0,False,0 1 2 3 4 5 6 7 8 9 10 11 12 13 14 15 16 17 18 19 20 21 22 23 24 25 26 27 28 29 30 31 32 33 34 35 36 37 38 39 40 41 42 43 44 45 46 47 48 49 50 51 52 53 54 55 56 57 58 59,0.05124508116818776,0.6950998875514774,2.617992271261257
493,0.30000000000000004,0.20000000000000007,0.7,0.20000000000000007,45.0,0,60,0.0,False,0 1 2 3 4 5 6 7 8 9 10 11 12 13 14 15 16 17 18 19 20 21 22 23 24 25 26 27 28 29 30 31 32 33 34 35 36 37 38 39 40 41 42 43 44 45 46 47 48 49 50 51 52 53 54 55 56 57 58 59,0.04784015463046602,0.6811861952394244,2.6179932421751335
494,0.30000000000000004,0.20000000000000007,0.7,0.20000000000000007,90.0,0,60,0.0,False,0 1 2 3 4 5 6 7 8 9 10 11 12 13 14 15 16 17 18 19 20 21 22 23 24 25 26 27 28 29 30 31 32 33 34 35 36 37 38 39 40 41 42 43 44 45 46 47 48 49 50 51 52 53 54 55 56 57 58 59,0.07395312914769456,0.8617449053457914,2.6179932416099474
495,0.30000000000000004,0.20000000000000007,0.7,0.20000000000000007,135.0,0,60,0.0,False,0 1 2 3 4 5 6 7 8 9 10 11 12 13 14 15 16 17 18 19 20 21 22 23 24 25 26 27 28 29 30 31 32 33 34 35 36 37 38 39 40 41 42 43 44 45 46 47 48 49 50 51 52 53 54 55 56 57 58 59,0.09453247203598489,0.890564869118668,2.617993013907608
496,0.4,0.20000000000000007,0.7999999999999999,0.20000000000000007,-180.0,0,60,0.0,False,0 1 2 3 4 5 6 7 8 9 10 11 12 13 14 15 16 17 18 19 20 21 22 23 24 25 26 27 28 29 30 31 32 33 34 35 36 37 38 39 40 41 42 43 44 45 46 47 48 49 50 51 52 53 54 55 56 57 58 59,0.1987479613914548,1.0674906267379287,2.617993218677079
497,0.4,0.20000000000000007,0.7999999999999999,0.20000000000000007,-135.0,0,60,0.0,False,0 1 2 3 4 5 6 7 8 9 10 11 12 13 14 15 16 17 18 19 20 21 22 23 24 25 26 27 28 29 30 31 32 33 34 35 36 37 38 39 40 41 42 43 44 45 46 47 48 49 50 51 52 53 54 55 56 57 58 59,0.1763031099248298,1.1149986469044757,2.617993018620121
498,0.4,0.20000000000000007,0.7999999999999999,0.20000000000000007,-90.0,0,60,0.0,False,0 1 2 3 4 5 6 7 8 9 10 11 12 13 14 15 16 17 18 19 20 21 22 23 24 25 26 27 28 29 30 31 32 33 34 35 36 37 38 39 40 41 42 43 44 45 46 47 48 49 50 51 52 53 54 55 56 57 58 59,0.1222991793514606,1.157606250710321,2.617993032898099
499,0.4,0.20000000000000007,0.7999999999999999,0.20000000000000007,-45.0,0,60,0.0,False,0 1 2 3 4 5 6 7 8 9 10 11 12 13 14 15 16 17 18 19 20 21 22 23 24 25 26 27 28 29 30 31 32 33 34 35 36 37 38 39 40 41 42 43 44 45 46 47 48 49 50 51 52 53 54 55 56 57 58 59,0.08399176028090381,1.1196722207703447,2.617992027458872
500,0.4,0.20000000000000007,0.7999999999999999,0.20000000000000007,0.0,0,60,0.0,False,0 1 2 3 4 5 6 7 8 9 10 11 12 13 14 15 16 17 18 19 20 21 22 23 24 25 26 27 28 29 30 31 32 33 34 35 36 37 38 39 40 41 42 43 44 45 46 47 48 49 50 51 52 53 54 55 56 57 58 59,0.07826707381335404,1.1087415453705105,2.6179924122188423
501,0.4,0.20000000000000007,0.7999999999999999,0.20000000000000007,45.0,0,60,0.0,False,0 1 2 3 4 5 6 7 8 9 10 11 12 13 14 15 16 17 18 19 20 21 22 23 24 25 26 27 28 29 30 31 32 33 34 35 36 37 38 39 40 41 42 43 44 45 46 47 48 49 50 51 52 53 54 55 56 57 58 59,0.09076011827177032,1.091674014419362,2.617992092998877
502,0.4,0.20000000000000007,0.7999999999999999,0.20000000000000007,90.0,0,60,0.0,False,0 1 2 3 4 5 6 7 8 9 10 11 12 13 14 15 16 17 18 19 20 21 22 23 24 25 26 27 28 29 30 31 32 33 34 35 36 37 38 39 40 41 42 43 44 45 46 47 48 49 50 51 52 53 54 55 56 57 58 59,0.1427476598811172,1.1545022289221074,2.6179927785543518
503,0.4,0.20000000000000007,0.7999999999999999,0.20000000000000007,135.0,0,60,0.0,False,0 1 2 3 4 5 6 7 8 9 10 11 12 13 14 15 16 17 18 19 20 21 22 23 24 25 26 27 28 29 30 31 32 33 34 35 36 37 38 39 40 41 42 43 44 45 46 47 48 49 50 51 52 53 54 55 56 57 58 59,0.17681163270695557,1.084712224742038,2.6179932804431063
504,-0.4,0.30000000000000004,-1.1102230246251565e-16,0.30000000000000004,-180.0,60,60,100.0,True,,6.970629222167426e-15,8.211953688301998e-14,0.48952684476701824
505,-0.4,0.30000000000000004,-1.1102230246251565e-16,0.30000000000000004,-135.0,60,60,100.0,True,,3.631316172303168e-15,1.5796865403839792e-14,0.4925932968894382
506,-0.4,0.30000000000000004,-1.1102230246251565e-16,0.30000000000000004,-90.0,60,60,100.0,True,,3.895200179123278e-15,2.2576866294372414e-14,0.4979707753816709
507,-0.4,0.30000000000000004,-1.1102230246251565e-16,0.30000000000000004,-45.0,60,60,100.0,True,,9.248074911209511e-15,8.821352859121187e-14,0.35442549372156895
508,-0.4,0.30000000000000004,-1.1102230246251565e-16,0.30000000000000004,0.0,60,60,100.0,True,,1.1551472436573362e-14,9.865101482706059e-14,0.17175092106821044
509,-0.4,0.30000000000000004,-1.1102230246251565e-16,0.30000000000000004,45.0,60,60,100.0,True,,4.320670492738773e-14,6.552026569357344e-13,0.23812406303361433
510,-0.4,0.30000000000000004,-1.1102230246251565e-16,0.30000000000000004,90.0,60,60,100.0,True,,1.3240822365539199e-14,1.2420553332725429e-13,0.35431790197956214
511,-0.4,0.30000000000000004,-1.1102230246251565e-16,0.30000000000000004,135.0,60,60,100.0,True,,1.300179862679159e-14,1.0516128995755542e-13,0.4265110788827666
512,-0.30000000000000004,0.30000000000000004,0.09999999999999987,0.30000000000000004,-180.0,60,60,100.0,True,,5.6588711216386126e-15,3.4634328789605625e-14,0.546802070465843
513,-0.30000000000000004,0.30000000000000004,0.09999999999999987,0.30000000000000004,-135.0,60,60,100.0,True,,6.573092270796561e-15,6.572937678395814e-14,0.5552909982571212
514,-0.30000000000000004,0.30000000000000004,0.09999999999999987,0.30000000000000004,-90.0,60,60,100.0,True,,6.448021063817305e-15,3.1113923295364865e-14,0.5232024784356182
515,-0.30000000000000004,0.30000000000000004,0.09999999999999987,0.30000000000000004,-45.0,60,60,100.0,True,,5.029472857449321e-15,2.470193229775723e-14,0.31061530302392404
516,-0.30000000000000004,0.30000000000000004,0.09999999999999987,0.30000000000000004,0.0,60,60,100.0,True,,2.8484540647306757e-14,2.562868430330127e-13,0.2185213462726221
517,-0.30000000000000004,0.30000000000000004,0.09999999999999987,0.30000000000000004,45.0,60,60,100.0,True,,1.912603365191236e-14,8.079939321711778e-14,0.3819636093076868
518,-0.30000000000000004,0.30000000000000004,0.09999999999999987,0.30000000000000004,90.0,60,60,100.0,True,,1.032615594289512e-14,1.605114740278951e-13,0.42361645242808654
519,-0.30000000000000004,0.30000000000000004,0.09999999999999987,0.30000000000000004,135.0,60,60,100.0,True,,9.182859940402595e-15,8.471291861601914e-14,0.5287748747363925
520,-0.2,0.30000000000000004,0.1999999999999999,0.30000000000000004,-180.0,60,60,100.0,True,,8.604810392911407e-15,2.7848829987076608e-14,0.7122799612334645
521,-0.2,0.30000000000000004,0.1999999999999999,0.30000000000000004,-135.0,60,60,100.0,True,,7.485777024590768e-15,4.418303750028757e-14,0.7208683482718332
522,-0.2,0.30000000000000004,0.1999999999999999,0.30000000000000004,-90.0,60,60,100.0,True,,8.231060902681633e-15,5.903174111603889e-14,0.6185811381841837
523,-0.2,0.30000000000000004,0.1999999999999999,0.30000000000000004,-45.0,60,60,100.0,True,,5.678864703950062e-15,1.2625322096455293e-14,0.3996842242033005
524,-0.2,0.30000000000000004,0.1999999999999999,0.30000000000000004,0.0,60,60,100.0,True,,5.494762829474064e-15,3.076454016881343e-14,0.39793094831815123
525,-0.2,0.30000000000000004,0.1999999999999999,0.30000000000000004,45.0,60,60,100.0,True,,6.110010314394091e-15,2.476958100604693e-14,0.5602020097209826
526,-0.2,0.30000000000000004,0.1999999999999999,0.30000000000000004,90.0,60,60,100.0,True,,1.059659750738877e-14,1.2019774508826874e-13,0.6054786496218929
527,-0.2,0.30000000000000004,0.1999999999999999,0.30000000000000004,135.0,60,60,100.0,True,,5.209774037351374e-15,4.144972357374744e-14,0.706061893690437
528,-0.09999999999999998,0.30000000000000004,0.29999999999999993,0.30000000000000004,-180.0,60,60,100.0,True,,8.01151119943215e-15,4.003068868766932e-14,0.9711567236001999
529,-0.09999999999999998,0.30000000000000004,0.29999999999999993,0.30000000000000004,-135.0,60,60,100.0,True,,1.2214219407072308e-14,7.759821470193417e-14,0.9780320328060101
530,-0.09999999999999998,0.30000000000000004,0.29999999999999993,0.30000000000000004,-90.0,60,60,100.0,True,,1.4143365502730808e-14,6.811532773880974e-14,0.7941541346936711
531,-0.09999999999999998,0.30000000000000004,0.29999999999999993,0.30000000000000004,-45.0,60,60,100.0,True,,5.654513114737566e-15,9.404721946067109e-14,0.5993711986210846
532,-0.09999999999999998,0.30000000000000004,0.29999999999999993,0.30000000000000004,0.0,60,60,100.0,True,,1.4758477627265136e-14,1.6704975810601948e-13,0.6676234443732818
533,-0.09999999999999998,0.30000000000000004,0.29999999999999993,0.30000000000000004,45.0,60,60,100.0,True,,3.364593166461868e-14,4.136549844505018e-13,0.7942711009573191
534,-0.09999999999999998,0.30000000000000004,0.29999999999999993,0.30000000000000004,90.0,60,60,100.0,True,,9.783358114889748e-15,6.292023805759661e-14,0.8769772434188636
535,-0.09999999999999998,0.30000000000000004,0.29999999999999993,0.30000000000000004,135.0,60,60,100.0,True,,8.964707194960042e-15,6.339084150271892e-14,0.967462430830607
536,0.0,0.30000000000000004,0.3999999999999999,0.30000000000000004,-180.0,43,60,71.66666666666667,False,43 44 45 46 47 48 49 50 51 52 53 54 55 56 57 58 59,0.005982084041775226,0.08537691101609389,1.3293240933842896
537,0.0,0.30000000000000004,0.3999999999999999,0.30000000000000004,-135.0,41,60,68.33333333333333,False,41 42 43 44 45 46 47 48 49 50 51 52 53 54 55 56 57 58 59,0.007658103804199241,0.10934579601641896,1.3194181162611598
538,0.0,0.30000000000000004,0.3999999999999999,0.30000000000000004,-90.0,53,60,88.33333333333333,False,51 52 53 54 55 56 57,0.0010348323880169806,0.013923149894497186,1.0539589898939057
539,0.0,0.30000000000000004,0.3999999999999999,0.30000000000000004,-45.0,60,60,100.0,True,,2.0343000355751537e-14,2.9940848894582055e-13,0.8853245265891938
540,0.0,0.30000000000000004,0.3999999999999999,0.30000000000000004,0.0,60,60,100.0,True,,1.53558333517605e-14,1.3145856403716048e-13,1.0123856136214988
541,0.0,0.30000000000000004,0.3999999999999999,0.30000000000000004,45.0,60,60,100.0,True,,1.034058172988248e-15,5.1732716712215e-15,1.1163913916868786
542,0.0,0.30000000000000004,0.3999999999999999,0.30000000000000004,90.0,60,60,100.0,True,,1.0851968646076857e-14,1.7422601056203707e-13,1.238703576755741
543,0.0,0.30000000000000004,0.3999999999999999,0.30000000000000004,135.0,60,60,100.0,True,,9.03673121930324e-15,5.546718524706834e-14,1.321280857201881
544,0.09999999999999998,0.30000000000000004,0.4999999999999999,0.30000000000000004,-180.0,13,60,21.666666666666668,False,0 14 15 16 17 18 19 20 21 22 23 24 25 26 27 28 29 30 31 32 33 34 35 36 37 38 39 40 41 42 43 44 45 46 47 48 49 50 51 52 53 54 55 56 57 58 59,0.03205958687895932,0.43171559793122677,1.871990994111553
545,0.09999999999999998,0.30000000000000004,0.4999999999999999,0.30000000000000004,-135.0,22,60,36.666666666666664,False,0 23 24 25 26 27 28 29 30 31 32 33 34 35 36 37 38 39 40 41 42 43 44 45 46 47 48 49 50 51 52 53 54 55 56 57 58 59,0.03213722762443544,0.438665448731749,1.820426669157042
546,0.09999999999999998,0.30000000000000004,0.4999999999999999,0.30000000000000004,-90.0,30,60,50.0,False,30 31 32 33 34 35 36 37 38 39 40 41 42 43 44 45 46 47 48 49 50 51 52 53 54 55 56 57 58 59,0.02335762816377413,0.334332639889433,1.4213856528419981
547,0.09999999999999998,0.30000000000000004,0.4999999999999999,0.30000000000000004,-45.0,34,60,56.666666666666664,False,34 35 36 37 38 39 40 41 42 43 44 45 46 47 48 49 50 51 52 53 54 55 56 57 58 59,0.013077489389532524,0.16123283196988378,1.2611416744912698
548,0.09999999999999998,0.30000000000000004,0.4999999999999999,0.30000000000000004,0.0,54,60,90.0,False,37 38 39 40 41 42,0.0022616406090967497,0.01770722838078906,1.3705040454078992
549,0.09999999999999998,0.30000000000000004,0.4999999999999999,0.30000000000000004,45.0,57,60,95.0,False,38 39 40,0.0011610173920196898,0.01056147874599514,1.559468784277703
550,0.09999999999999998,0.30000000000000004,0.4999999999999999,0.30000000000000004,90.0,14,60,23.333333333333332,False,14 15 16 17 18 19 20 21 22 23 24 25 26 27 28 29 30 31 32 33 34 35 36 37 38 39 40 41 42 43 44 45 46 47 48 49 50 51 52 53 54 55 56 57 58 59,0.012082265212587514,0.16896065789542494,1.7570438838762144
551,0.09999999999999998,0.30000000000000004,0.4999999999999999,0.30000000000000004,135.0,13,60,21.666666666666668,False,13 14 15 16 17 18 19 20 21 22 23 24 25 26 27 28 29 30 31 32 33 34 35 36 37 38 39 40 41 42 43 44 45 46 47 48 49 50 51 52 53 54 55 56 57 58 59,0.022059299748859958,0.315147425142533,1.85478605820881
552,0.20000000000000007,0.30000000000000004,0.6,0.30000000000000004,-180.0,0,60,0.0,False,0 1 2 3 4 5 6 7 8 9 10 11 12 13 14 15 16 17 18 19 20 21 22 23 24 25 26 27 28 29 30 31 32 33 34 35 36 37 38 39 40 41 42 43 44 45 46 47 48 49 50 51 52 53 54 55 56 57 58 59,0.07401339858694811,0.7603040964436629,2.6179930745533517
553,0.20000000000000007,0.30000000000000004,0.6,0.30000000000000004,-135.0,0,60,0.0,False,0 1 2 3 4 5 6 7 8 9 10 11 12 13 14 15 16 17 18 19 20 21 22 23 24 25 26 27 28 29 30 31 32 33 34 35 36 37 38 39 40 41 42 43 44 45 46 47 48 49 50 51 52 53 54 55 56 57 58 59,0.06999964533684462,0.7625095684979944,2.617993494322844
554,0.20000000000000007,0.30000000000000004,0.6,0.30000000000000004,-90.0,5,60,8.333333333333334,False,0 1 2 3 4 5 6 7 8 9 10 11 12 13 19 20 21 22 23 24 25 26 27 28 29 30 31 32 33 34 35 36 37 38 39 40 41 42 43 44 45 46 47 48 49 50 51 52 53 54 55 56 57 58 59,0.049981980762485924,0.6733702452875946,2.0190207904308766
555,0.20000000000000007,0.30000000000000004,0.6,0.30000000000000004,-45.0,11,60,18.333333333333332,False,0 1 2 3 4 5 6 7 8 9 10 11 12 13 25 26 27 28 29 30 31 32 33 34 35 36 37 38 39 40 41 42 43 44 45 46 47 48 49 50 51 52 53 54 55 56 57 58 59,0.03710116814473671,0.5227487860397602,1.805157150914034
556,0.20000000000000007,0.30000000000000004,0.6,0.30000000000000004,0.0,2,60,3.3333333333333335,False,0 1 2 3 4 5 6 7 8 9 10 11 12 13 14 15 17 18 19 20 21 22 24 25 26 27 28 29 30 31 32 33 34 35 36 37 38 39 40 41 42 43 44 45 46 47 48 49 50 51 52 53 54 55 56 57 58 59,0.03649259093495618,0.4323213863851016,1.7135387856158903
557,0.20000000000000007,0.30000000000000004,0.6,0.30000000000000004,45.0,0,60,0.0,False,0 1 2 3 4 5 6 7 8 9 10 11 12 13 14 15 16 17 18 19 20 21 22 23 24 25 26 27 28 29 30 31 32 33 34 35 36 37 38 39 40 41 42 43 44 45 46 47 48 49 50 51 52 53 54 55 56 57 58 59,0.03219598881522552,0.4176425424669913,2.617993178924048
558,0.20000000000000007,0.30000000000000004,0.6,0.30000000000000004,90.0,0,60,0.0,False,0 1 2 3 4 5 6 7 8 9 10 11 12 13 14 15 16 17 18 19 20 21 22 23 24 25 26 27 28 29 30 31 32 33 34 35 36 37 38 39 40 41 42 43 44 45 46 47 48 49 50 51 52 53 54 55 56 57 58 59,0.04270210461424801,0.5926561831989791,2.617992690397023
559,0.20000000000000007,0.30000000000000004,0.6,0.30000000000000004,135.0,0,60,0.0,False,0 1 2 3 4 5 6 7 8 9 10 11 12 13 14 15 16 17 18 19 20 21 22 23 24 25 26 27 28 29 30 31 32 33 34 35 36 37 38 39 40 41 42 43 44 45 46 47 48 49 50 51 52 53 54 55 56 57 58 59,0.05626095832888759,0.678255556204661,2.6179933420924573
560,0.30000000000000004,0.30000000000000004,0.7,0.30000000000000004,-180.0,0,60,0.0,False,0 1 2 3 4 5 6 7 8 9 10 11 12 13 14 15 16 17 18 19 20 21 22 23 24 25 26 27 28 29 30 31 32 33 34 35 36 37 38 39 40 41 42 43 44 45 46 47 48 49 50 51 52 53 54 55 56 57 58 59,0.14180845850799542,0.9815840785742961,2.6179933455569158
561,0.30000000000000004,0.30000000000000004,0.7,0.30000000000000004,-135.0,0,60,0.0,False,0 1 2 3 4 5 6 7 8 9 10 11 12 13 14 15 16 17 18 19 20 21 22 23 24 25 26 27 28 29 30 31 32 33 34 35 36 37 38 39 40 41 42 43 44 45 46 47 48 49 50 51 52 53 54 55 56 57 58 59,0.13104189837626562,1.0032720356407574,2.6179932833219
562,0.30000000000000004,0.30000000000000004,0.7,0.30000000000000004,-90.0,0,60,0.0,False,0 1 2 3 4 5 6 7 8 9 10 11 12 13 14 15 16 17 18 19 20 21 22 23 24 25 26 27 28 29 30 31 32 33 34 35 36 37 38 39 40 41 42 43 44 45 46 47 48 49 50 51 52 53 54 55 56 57 58 59,0.09098102536025442,0.9886618889197022,2.617993120328188
563,0.30000000000000004,0.30000000000000004,0.7,0.30000000000000004,-45.0,0,60,0.0,False,0 1 2 3 4 5 6 7 8 9 10 11 12 13 14 15 16 17 18 19 20 21 22 23 24 25 26 27 28 29 30 31 32 33 34 35 36 37 38 39 40 41 42 43 44 45 46 47 48 49 50 51 52 53 54 55 56 57 58 59,0.06327710940000159,0.8858922013883919,2.6179933985640176
564,0.30000000000000004,0.30000000000000004,0.7,0.30000000000000004,0.0,0,60,0.0,False,0 1 2 3 4 5 6 7 8 9 10 11 12 13 14 15 16 17 18 19 20 21 22 23 24 25 26 27 28 29 30 31 32 33 34 35 36 37 38 39 40 41 42 43 44 45 46 47 48 49 50 51 52 53 54 55 56 57 58 59,0.060168085706092,0.8515909652849553,2.617992733953685
565,0.30000000000000004,0.30000000000000004,0.7,0.30000000000000004,45.0,0,60,0.0,False,0 1 2 3 4 5 6 7 8 9 10 11 12 13 14 15 16 17 18 19 20 21 22 23 24 25 26 27 28 29 30 31 32 33 34 35 36 37 38 39 40 41 42 43 44 45 46 47 48 49 50 51 52 53 54 55 56 57 58 59,0.0570482073759825,0.8164696031053901,2.6179934249498125
566,0.30000000000000004,0.30000000000000004,0.7,0.30000000000000004,90.0,0,60,0.0,False,0 1 2 3 4 5 6 7 8 9 10 11 12 13 14 15 16 17 18 19 20 21 22 23 24 25 26 27 28 29 30 31 32 33 34 35 36 37 38 39 40 41 42 43 44 45 46 47 48 49 50 51 52 53 54 55 56 57 58 59,0.08808877093224826,0.9708392821210658,2.6179928942320467
567,0.30000000000000004,0.30000000000000004,0.7,0.30000000000000004,135.0,0,60,0.0,False,0 1 2 3 4 5 6 7 8 9 10 11 12 13 14 15 16 17 18 19 20 21 22 23 24 25 26 27 28 29 30 31 32 33 34 35 36 37 38 39 40 41 42 43 44 45 46 47 48 49 50 51 52 53 54 55 56 57 58 59,0.1189422987440208,0.9695294920517912,2.6179934420937205
568,0.4,0.30000000000000004,0.7999999999999999,0.30000000000000004,-180.0,0,60,0.0,False,0 1 2 3 4 5 6 7 8 9 10 11 12 13 14 15 16 17 18 19 20 21 22 23 24 25 26 27 28 29 30 31 32 33 34 35 36 37 38 39 40 41 42 43 44 45 46 47 48 49 50 51 52 53 54 55 56 57 58 59,0.22535557005075502,1.0939366364303327,2.6179933051678983
569,0.4,0.30000000000000004,0.7999999999999999,0.30000000000000004,-135.0,0,60,0.0,False,0 1 2 3 4 5 6 7 8 9 10 11 12 13 14 15 16 17 18 19 20 21 22 23 24 25 26 27 28 29 30 31 32 33 34 35 36 37 38 39 40 41 42 43 44 45 46 47 48 49 50 51 52 53 54 55 56 57 58 59,0.20918931492253318,1.1393027266352806,2.617992888722922
570,0.4,0.30000000000000004,0.7999999999999999,0.30000000000000004,-90.0,0,60,0.0,False,0 1 2 3 4 5 6 7 8 9 10 11 12 13 14 15 16 17 18 19 20 21 22 23 24 25 26 27 28 29 30 31 32 33 34 35 36 37 38 39 40 41 42 43 44 45 46 47 48 49 50 51 52 53 54 55 56 57 58 59,0.15331718129565294,1.2181069372453825,2.6179928228834917
571,0.4,0.30000000000000004,0.7999999999999999,0.30000000000000004,-45.0,0,60,0.0,False,0 1 2 3 4 5 6 7 8 9 10 11 12 13 14 15 16 17 18 19 20 21 22 23 24 25 26 27 28 29 30 31 32 33 34 35 36 37 38 39 40 41 42 43 44 45 46 47 48 49 50 51 52 53 54 55 56 57 58 59,0.10237676011021146,1.2240635826399688,2.6179922394367887
572,0.4,0.30000000000000004,0.7999999999999999,0.30000000000000004,0.0,0,60,0.0,False,0 1 2 3 4 5 6 7 8 9 10 11 12 13 14 15 16 17 18 19 20 21 22 23 24 25 26 27 28 29 30 31 32 33 34 35 36 37 38 39 40 41 42 43 44 45 46 47 48 49 50 51 52 53 54 55 56 57 58 59,0.08951513760710335,1.2294235926996178,2.6179916454351124
573,0.4,0.30000000000000004,0.7999999999999999,0.30000000000000004,45.0,0,60,0.0,False,0 1 2 3 4 5 6 7 8 9 10 11 12 13 14 15 16 17 18 19 20 21 22 23 24 25 26 27 28 29 30 31 32 33 34 35 36 37 38 39 40 41 42 43 44 45 46 47 48 49 50 51 52 53 54 55 56 57 58 59,0.10143304499725993,1.1757622314315985,2.6179918673324685
574,0.4,0.30000000000000004,0.7999999999999999,0.30000000000000004,90.0,0,60,0.0,False,0 1 2 3 4 5 6 7 8 9 10 11 12 13 14 15 16 17 18 19 20 21 22 23 24 25 26 27 28 29 30 31 32 33 34 35 36 37 38 39 40 41 42 43 44 45 46 47 48 49 50 51 52 53 54 55 56 57 58 59,0.15944939679511394,1.2254382732471003,2.6179930126492246
575,0.4,0.30000000000000004,0.7999999999999999,0.30000000000000004,135.0,0,60,0.0,False,0 1 2 3 4 5 6 7 8 9 10 11 12 13 14 15 16 17 18 19 20 21 22 23 24 25 26 27 28 29 30 31 32 33 34 35 36 37 38 39 40 41 42 43 44 45 46 47 48 49 50 51 52 53 54 55 56 57 58 59,0.20212814614707372,1.1289535558935546,2.617993179328395
576,-0.4,0.4,-1.1102230246251565e-16,0.4,-180.0,60,60,100.0,True,,1.0563211993991064e-14,5.428256587128521e-14,0.8664508778589104
577,-0.4,0.4,-1.1102230246251565e-16,0.4,-135.0,60,60,100.0,True,,8.0163927425381e-15,2.4157957615553462e-14,0.8699797023395797
578,-0.4,0.4,-1.1102230246251565e-16,0.4,-90.0,60,60,100.0,True,,3.48523862992176e-15,2.348723115172608e-14,0.8764903277011111
579,-0.4,0.4,-1.1102230246251565e-16,0.4,-45.0,60,60,100.0,True,,1.1326485557468601e-14,8.536504132723983e-14,0.7018674333977826
580,-0.4,0.4,-1.1102230246251565e-16,0.4,0.0,60,60,100.0,True,,6.364505398091049e-15,4.8765416935746625e-14,0.5111793354838574
581,-0.4,0.4,-1.1102230246251565e-16,0.4,45.0,60,60,100.0,True,,7.0283562770820985e-15,1.1422728506667908e-13,0.578406820193373
582,-0.4,0.4,-1.1102230246251565e-16,0.4,90.0,60,60,100.0,True,,2.5739461938222585e-15,1.588033596265171e-14,0.7019471017812859
583,-0.4,0.4,-1.1102230246251565e-16,0.4,135.0,60,60,100.0,True,,7.361770754041233e-15,5.6709591487180505e-14,0.7818789656803926
584,-0.30000000000000004,0.4,0.09999999999999987,0.4,-180.0,60,60,100.0,True,,6.4131598411686496e-15,2.6791140889057684e-14,0.916500330447372
585,-0.30000000000000004,0.4,0.09999999999999987,0.4,-135.0,60,60,100.0,True,,9.86943933905715e-15,5.214516466658145e-14,0.9249009109666277
586,-0.30000000000000004,0.4,0.09999999999999987,0.4,-90.0,60,60,100.0,True,,9.5455072486449e-15,5.655285833308924e-14,0.9000099622534137
587,-0.30000000000000004,0.4,0.09999999999999987,0.4,-45.0,60,60,100.0,True,,3.02434697747009e-15,3.4042974295682025e-14,0.6664713934608455
588,-0.30000000000000004,0.4,0.09999999999999987,0.4,0.0,60,60,100.0,True,,9.677306933014667e-15,5.856433767183749e-14,0.5466290960793545
589,-0.30000000000000004,0.4,0.09999999999999987,0.4,45.0,60,60,100.0,True,,5.338386514021517e-15,6.987267090169972e-14,0.6945293895909324
590,-0.30000000000000004,0.4,0.09999999999999987,0.4,90.0,60,60,100.0,True,,9.585322838952138e-15,6.579106021313198e-14,0.759627490965904
591,-0.30000000000000004,0.4,0.09999999999999987,0.4,135.0,60,60,100.0,True,,8.804469334467936e-15,1.2375469552692488e-13,0.876993537220567
592,-0.2,0.4,0.1999999999999999,0.4,-180.0,60,60,100.0,True,,8.476318312412085e-15,7.659179934802952e-14,1.0679548214039547
593,-0.2,0.4,0.1999999999999999,0.4,-135.0,60,60,100.0,True,,8.097210524789604e-15,3.13386674459959e-14,1.0799411265169878
594,-0.2,0.4,0.1999999999999999,0.4,-90.0,60,60,100.0,True,,4.06597868201741e-15,2.4062878768262715e-14,0.9959656333204201
595,-0.2,0.4,0.1999999999999999,0.4,-45.0,60,60,100.0,True,,5.39208761171844e-15,4.129864122554266e-14,0.7393169385874696
596,-0.2,0.4,0.1999999999999999,0.4,0.0,60,60,100.0,True,,1.4012037497937508e-14,2.9767356107503325e-14,0.6923052313478477
597,-0.2,0.4,0.1999999999999999,0.4,45.0,60,60,100.0,True,,7.909961663011628e-15,9.31107588782199e-14,0.8923434354866633
598,-0.2,0.4,0.1999999999999999,0.4,90.0,60,60,100.0,True,,8.383700145784276e-15,3.6384079987147054e-14,0.9196813403398509
599,-0.2,0.4,0.1999999999999999,0.4,135.0,60,60,100.0,True,,1.0124053086404337e-14,2.0857988318644144e-13,1.0532789475708229
600,-0.09999999999999998,0.4,0.29999999999999993,0.4,-180.0,44,60,73.33333333333333,False,44 45 46 47 48 49 50 51 52 53 54 55 56 57 58 59,0.003516300111904041,0.049707397526975304,1.3242061888738017
601,-0.09999999999999998,0.4,0.29999999999999993,0.4,-135.0,41,60,68.33333333333333,False,41 42 43 44 45 46 47 48 49 50 51 52 53 54 55 56 57 58 59,0.008142144252248728,0.11649010481336322,1.3353647372753543
602,-0.09999999999999998,0.4,0.29999999999999993,0.4,-90.0,46,60,76.66666666666667,False,46 47 48 49 50 51 52 53 54 55 56 57 58 59,0.004253010389477097,0.05945442627385011,1.1656123411336339
603,-0.09999999999999998,0.4,0.29999999999999993,0.4,-45.0,60,60,100.0,True,,6.6274828316392534e-15,5.22363091840874e-14,0.9139617999098293
604,-0.09999999999999998,0.4,0.29999999999999993,0.4,0.0,60,60,100.0,True,,1.1502735671280924e-14,2.3755737134085327e-13,0.9335410870793253
605,-0.09999999999999998,0.4,0.29999999999999993,0.4,45.0,60,60,100.0,True,,8.546914789479892e-15,1.0983156871541828e-13,1.1107388039156705
606,-0.09999999999999998,0.4,0.29999999999999993,0.4,90.0,60,60,100.0,True,,1.2850801536377455e-14,4.756995128734149e-14,1.1784981154243224
607,-0.09999999999999998,0.4,0.29999999999999993,0.4,135.0,60,60,100.0,True,,8.101585801848735e-15,6.721529657217076e-14,1.3158417897462977
608,0.0,0.4,0.3999999999999999,0.4,-180.0,15,60,25.0,False,15 16 17 18 19 20 21 22 23 24 25 26 27 28 29 30 31 32 33 34 35 36 37 38 39 40 41 42 43 44 45 46 47 48 49 50 51 52 53 54 55 56 57 58 59,0.023934197612896637,0.3358802187050875,1.7259800552718658
609,0.0,0.4,0.3999999999999999,0.4,-135.0,22,60,36.666666666666664,False,0 23 24 25 26 27 28 29 30 31 32 33 34 35 36 37 38 39 40 41 42 43 44 45 46 47 48 49 50 51 52 53 54 55 56 57 58 59,0.02762537604742109,0.38118583765752906,1.738181505764194
610,0.0,0.4,0.3999999999999999,0.4,-90.0,30,60,50.0,False,30 31 32 33 34 35 36 37 38 39 40 41 42 43 44 45 46 47 48 49 50 51 52 53 54 55 56 57 58 59,0.021305009123617297,0.3049399274687476,1.439740494447077
611,0.0,0.4,0.3999999999999999,0.4,-45.0,35,60,58.333333333333336,False,35 36 37 38 39 40 41 42 43 44 45 46 47 48 49 50 51 52 53 54 55 56 57 58 59,0.011291363770629132,0.14578830260260775,1.186647395372913
612,0.0,0.4,0.3999999999999999,0.4,0.0,60,60,100.0,True,,1.771145023259792e-14,3.2321272981776116e-13,1.2328300038441506
613,0.0,0.4,0.3999999999999999,0.4,45.0,60,60,100.0,True,,3.476141798747213e-14,5.1024456018440443e-14,1.4401045481603
614,0.0,0.4,0.3999999999999999,0.4,90.0,59,60,98.33333333333333,False,16,0.000666304498202852,0.008610510578469973,1.560045394155919
615,0.0,0.4,0.3999999999999999,0.4,135.0,14,60,23.333333333333332,False,14 15 16 17 18 19 20 21 22 23 24 25 26 27 28 29 30 31 32 33 34 35 36 37 38 39 40 41 42 43 44 45 46 47 48 49 50 51 52 53 54 55 56 57 58 59,0.01332643986164654,0.1886294507676702,1.719686660606734
616,0.09999999999999998,0.4,0.4999999999999999,0.4,-180.0,0,60,0.0,False,0 1 2 3 4 5 6 7 8 9 10 11 12 13 14 15 16 17 18 19 20 21 22 23 24 25 26 27 28 29 30 31 32 33 34 35 36 37 38 39 40 41 42 43 44 45 46 47 48 49 50 51 52 53 54 55 56 57 58 59,0.05412235290692514,0.6407726912061443,2.617993305158305
617,0.09999999999999998,0.4,0.4999999999999999,0.4,-135.0,0,60,0.0,False,0 1 2 3 4 5 6 7 8 9 10 11 12 13 14 15 16 17 18 19 20 21 22 23 24 25 26 27 28 29 30 31 32 33 34 35 36 37 38 39 40 41 42 43 44 45 46 47 48 49 50 51 52 53 54 55 56 57 58 59,0.05697775806363156,0.6666460889030733,2.6179934851885096
618,0.09999999999999998,0.4,0.4999999999999999,0.4,-90.0,12,60,20.0,False,0 1 2 3 4 5 6 7 8 9 22 23 24 25 26 27 28 29 30 31 32 33 34 35 36 37 38 39 40 41 42 43 44 45 46 47 48 49 50 51 52 53 54 55 56 57 58 59,0.043342895346407916,0.5880949253677229,1.8821948790624794
619,0.09999999999999998,0.4,0.4999999999999999,0.4,-45.0,17,60,28.333333333333332,False,0 1 2 3 4 5 6 7 8 26 27 28 29 30 31 32 33 34 35 36 37 38 39 40 41 42 43 44 45 46 47 48 49 50 51 52 53 54 55 56 57 58 59,0.031015167583801895,0.43688779223320906,1.5852692201143066
620,0.09999999999999998,0.4,0.4999999999999999,0.4,0.0,20,60,33.333333333333336,False,2 3 4 5 6 7 8 9 28 29 30 31 32 33 34 35 36 37 38 39 40 41 42 43 44 45 46 47 48 49 50 51 52 53 54 55 56 57 58 59,0.027018729664848293,0.29921087553128156,1.7675780082579358
621,0.09999999999999998,0.4,0.4999999999999999,0.4,45.0,2,60,3.3333333333333335,False,2 3 4 5 6 7 8 9 10 11 12 13 14 15 16 17 18 19 20 21 22 23 24 25 26 27 28 29 30 31 32 33 34 35 36 37 38 39 40 41 42 43 44 45 46 47 48 49 50 51 52 53 54 55 56 57 58 59,0.02406877741812242,0.2683936165101195,1.9810129328580148
622,0.09999999999999998,0.4,0.4999999999999999,0.4,90.0,2,60,3.3333333333333335,False,2 3 4 5 6 7 8 9 10 11 12 13 14 15 16 17 18 19 20 21 22 23 24 25 26 27 28 29 30 31 32 33 34 35 36 37 38 39 40 41 42 43 44 45 46 47 48 49 50 51 52 53 54 55 56 57 58 59,0.027834378061500742,0.3983446930442326,2.307034049844081
623,0.09999999999999998,0.4,0.4999999999999999,0.4,135.0,0,60,0.0,False,0 1 2 3 4 5 6 7 8 9 10 11 12 13 14 15 16 17 18 19 20 21 22 23 24 25 26 27 28 29 30 31 32 33 34 35 36 37 38 39 40 41 42 43 44 45 46 47 48 49 50 51 52 53 54 55 56 57 58 59,0.040062572336904495,0.5272866966313444,2.6179934690182463
624,0.20000000000000007,0.4,0.6,0.4,-180.0,0,60,0.0,False,0 1 2 3 4 5 6 7 8 9 10 11 12 13 14 15 16 17 18 19 20 21 22 23 24 25 26 27 28 29 30 31 32 33 34 35 36 37 38 39 40 41 42 43 44 45 46 47 48 49 50 51 52 53 54 55 56 57 58 59,0.10587056772090146,0.8959717606143848,2.6179933600998955
625,0.20000000000000007,0.4,0.6,0.4,-135.0,0,60,0.0,False,0 1 2 3 4 5 6 7 8 9 10 11 12 13 14 15 16 17 18 19 20 21 22 23 24 25 26 27 28 29 30 31 32 33 34 35 36 37 38 39 40 41 42 43 44 45 46 47 48 49 50 51 52 53 54 55 56 57 58 59,0.10568579122290277,0.9123338169591824,2.6179933503713264
626,0.20000000000000007,0.4,0.6,0.4,-90.0,0,60,0.0,False,0 1 2 3 4 5 6 7 8 9 10 11 12 13 14 15 16 17 18 19 20 21 22 23 24 25 26 27 28 29 30 31 32 33 34 35 36 37 38 39 40 41 42 43 44 45 46 47 48 49 50 51 52 53 54 55 56 57 58 59,0.07652798525649296,0.8752419539412951,2.617993276265098
627,0.20000000000000007,0.4,0.6,0.4,-45.0,1,60,1.6666666666666667,False,0 1 2 3 4 5 6 7 8 9 10 11 12 13 14 15 17 18 19 20 21 22 23 24 25 26 27 28 29 30 31 32 33 34 35 36 37 38 39 40 41 42 43 44 45 46 47 48 49 50 51 52 53 54 55 56 57 58 59,0.05318877326995959,0.7540200788445389,2.460391332574414
628,0.20000000000000007,0.4,0.6,0.4,0.0,0,60,0.0,False,0 1 2 3 4 5 6 7 8 9 10 11 12 13 14 15 16 17 18 19 20 21 22 23 24 25 26 27 28 29 30 31 32 33 34 35 36 37 38 39 40 41 42 43 44 45 46 47 48 49 50 51 52 53 54 55 56 57 58 59,0.04977937154589403,0.6777549415549619,1.6638504246965402
629,0.20000000000000007,0.4,0.6,0.4,45.0,0,60,0.0,False,0 1 2 3 4 5 6 7 8 9 10 11 12 13 14 15 16 17 18 19 20 21 22 23 24 25 26 27 28 29 30 31 32 33 34 35 36 37 38 39 40 41 42 43 44 45 46 47 48 49 50 51 52 53 54 55 56 57 58 59,0.04651441042490825,0.644475753359579,2.617993386873253
630,0.20000000000000007,0.4,0.6,0.4,90.0,0,60,0.0,False,0 1 2 3 4 5 6 7 8 9 10 11 12 13 14 15 16 17 18 19 20 21 22 23 24 25 26 27 28 29 30 31 32 33 34 35 36 37 38 39 40 41 42 43 44 45 46 47 48 49 50 51 52 53 54 55 56 57 58 59,0.05955934909006094,0.7822911051504017,2.6179933256064416
631,0.20000000000000007,0.4,0.6,0.4,135.0,0,60,0.0,False,0 1 2 3 4 5 6 7 8 9 10 11 12 13 14 15 16 17 18 19 20 21 22 23 24 25 26 27 28 29 30 31 32 33 34 35 36 37 38 39 40 41 42 43 44 45 46 47 48 49 50 51 52 53 54 55 56 57 58 59,0.08465948263717313,0.8433682100031227,2.617993107269146
632,0.30000000000000004,0.4,0.7,0.4,-180.0,0,60,0.0,False,0 1 2 3 4 5 6 7 8 9 10 11 12 13 14 15 16 17 18 19 20 21 22 23 24 25 26 27 28 29 30 31 32 33 34 35 36 37 38 39 40 41 42 43 44 45 46 47 48 49 50 51 52 53 54 55 56 57 58 59,0.17828945772196506,1.046394623714435,2.617993115753792
633,0.30000000000000004,0.4,0.7,0.4,-135.0,0,60,0.0,False,0 1 2 3 4 5 6 7 8 9 10 11 12 13 14 15 16 17 18 19 20 21 22 23 24 25 26 27 28 29 30 31 32 33 34 35 36 37 38 39 40 41 42 43 44 45 46 47 48 49 50 51 52 53 54 55 56 57 58 59,0.1731987289592283,1.0705885189726663,2.6179927546104707
634,0.30000000000000004,0.4,0.7,0.4,-90.0,0,60,0.0,False,0 1 2 3 4 5 6 7 8 9 10 11 12 13 14 15 16 17 18 19 20 21 22 23 24 25 26 27 28 29 30 31 32 33 34 35 36 37 38 39 40 41 42 43 44 45 46 47 48 49 50 51 52 53 54 55 56 57 58 59,0.12789100018784436,1.111763505784223,2.6179932405745965
635,0.30000000000000004,0.4,0.7,0.4,-45.0,0,60,0.0,False,0 1 2 3 4 5 6 7 8 9 10 11 12 13 14 15 16 17 18 19 20 21 22 23 24 25 26 27 28 29 30 31 32 33 34 35 36 37 38 39 40 41 42 43 44 45 46 47 48 49 50 51 52 53 54 55 56 57 58 59,0.08427293372717545,1.068101385410399,2.6179922436443257
636,0.30000000000000004,0.4,0.7,0.4,0.0,0,60,0.0,False,0 1 2 3 4 5 6 7 8 9 10 11 12 13 14 15 16 17 18 19 20 21 22 23 24 25 26 27 28 29 30 31 32 33 34 35 36 37 38 39 40 41 42 43 44 45 46 47 48 49 50 51 52 53 54 55 56 57 58 59,0.0731963916095277,1.0443455137637998,2.6179924892442306
637,0.30000000000000004,0.4,0.7,0.4,45.0,0,60,0.0,False,0 1 2 3 4 5 6 7 8 9 10 11 12 13 14 15 16 17 18 19 20 21 22 23 24 25 26 27 28 29 30 31 32 33 34 35 36 37 38 39 40 41 42 43 44 45 46 47 48 49 50 51 52 53 54 55 56 57 58 59,0.07125438724260516,1.0024960227846398,2.6179919452669993
638,0.30000000000000004,0.4,0.7,0.4,90.0,0,60,0.0,False,0 1 2 3 4 5 6 7 8 9 10 11 12 13 14 15 16 17 18 19 20 21 22 23 24 25 26 27 28 29 30 31 32 33 34 35 36 37 38 39 40 41 42 43 44 45 46 47 48 49 50 51 52 53 54 55 56 57 58 59,0.1108567210797102,1.105149128047016,2.6179926379321006
639,0.30000000000000004,0.4,0.7,0.4,135.0,0,60,0.0,False,0 1 2 3 4 5 6 7 8 9 10 11 12 13 14 15 16 17 18 19 20 21 22 23 24 25 26 27 28 29 30 31 32 33 34 35 36 37 38 39 40 41 42 43 44 45 46 47 48 49 50 51 52 53 54 55 56 57 58 59,0.1534924273645069,1.0631207712304704,0.0004924521904081658
640,0.4,0.4,0.7999999999999999,0.4,-180.0,0,60,0.0,False,0 1 2 3 4 5 6 7 8 9 10 11 12 13 14 15 16 17 18 19 20 21 22 23 24 25 26 27 28 29 30 31 32 33 34 35 36 37 38 39 40 41 42 43 44 45 46 47 48 49 50 51 52 53 54 55 56 57 58 59,0.26105165568652716,1.123592061021513,2.6179932096544767
641,0.4,0.4,0.7999999999999999,0.4,-135.0,0,60,0.0,False,0 1 2 3 4 5 6 7 8 9 10 11 12 13 14 15 16 17 18 19 20 21 22 23 24 25 26 27 28 29 30 31 32 33 34 35 36 37 38 39 40 41 42 43 44 45 46 47 48 49 50 51 52 53 54 55 56 57 58 59,0.25138728336660465,1.1617334871285814,2.61799330149325
642,0.4,0.4,0.7999999999999999,0.4,-90.0,0,60,0.0,False,0 1 2 3 4 5 6 7 8 9 10 11 12 13 14 15 16 17 18 19 20 21 22 23 24 25 26 27 28 29 30 31 32 33 34 35 36 37 38 39 40 41 42 43 44 45 46 47 48 49 50 51 52 53 54 55 56 57 58 59,0.1957919949101139,1.2688985864699371,0.0005071730744985459
643,0.4,0.4,0.7999999999999999,0.4,-45.0,0,60,0.0,False,0 1 2 3 4 5 6 7 8 9 10 11 12 13 14 15 16 17 18 19 20 21 22 23 24 25 26 27 28 29 30 31 32 33 34 35 36 37 38 39 40 41 42 43 44 45 46 47 48 49 50 51 52 53 54 55 56 57 58 59,0.13245554762702771,1.3398055289841009,2.617991758687487
644,0.4,0.4,0.7999999999999999,0.4,0.0,0,60,0.0,False,0 1 2 3 4 5 6 7 8 9 10 11 12 13 14 15 16 17 18 19 20 21 22 23 24 25 26 27 28 29 30 31 32 33 34 35 36 37 38 39 40 41 42 43 44 45 46 47 48 49 50 51 52 53 54 55 56 57 58 59,0.10789326773434509,1.375122867540391,2.617992213712548
645,0.4,0.4,0.7999999999999999,0.4,45.0,0,60,0.0,False,0 1 2 3 4 5 6 7 8 9 10 11 12 13 14 15 16 17 18 19 20 21 22 23 24 25 26 27 28 29 30 31 32 33 34 35 36 37 38 39 40 41 42 43 44 45 46 47 48 49 50 51 52 53 54 55 56 57 58 59,0.12033201206469725,1.3191024076095486,2.6179924813493627
646,0.4,0.4,0.7999999999999999,0.4,90.0,0,60,0.0,False,0 1 2 3 4 5 6 7 8 9 10 11 12 13 14 15 16 17 18 19 20 21 22 23 24 25 26 27 28 29 30 31 32 33 34 35 36 37 38 39 40 41 42 43 44 45 46 47 48 49 50 51 52 53 54 55 56 57 58 59,0.18572442304412762,1.3043419636037896,0.0017882985364074955
647,0.4,0.4,0.7999999999999999,0.4,135.0,0,60,0.0,False,0 1 2 3 4 5 6 7 8 9 10 11 12 13 14 15 16 17 18 19 20 21 22 23 24 25 26 27 28 29 30 31 32 33 34 35 36 37 38 39 40 41 42 43 44 45 46 47 48 49 50 51 52 53 54 55 56 57 58 59,0.23657936352832054,1.1809727300784012,2.617993062610891
