scan_index,x_m,y_m,method,strict_pose,coarse_clear,screened_pass,max_speed,max_step,max_acceleration,max_position_error_m,max_rotation_error_rad,joint_limit_ok,max_speed_joint,min_joint_margin_rad,optimizer_success
1410,0.42,0.04,baseline,True,True,False,10.99957324193337,0.09166311034944474,279.4621343401648,5.74796795423988e-15,8.619885491361858e-14,True,3,0.14086710072803577,
1410,0.42,0.04,local,True,True,False,10.99957324193337,0.09166311034944474,279.4621343401648,5.74796795423988e-15,8.619885491361858e-14,True,3,0.14086710072803577,
1410,0.42,0.04,multistart,True,False,False,2.313503930572889,0.01927919942144074,119.05310225833077,6.9621833811910175e-15,4.101058944056957e-14,True,1,0.14086710072803577,
1410,0.42,0.04,graph,True,False,False,2.313503930572889,0.01927919942144074,119.05310225833077,6.9621833811910175e-15,4.101058944056957e-14,True,1,0.14086710072803577,
1410,0.42,0.04,best,True,False,False,2.313503930572889,0.01927919942144074,119.05310225833077,6.9621833811910175e-15,4.101058944056957e-14,True,1,0.14086710072803577,
1410,0.42,0.04,screened_graph,True,True,True,8.069999234302632,0.0672499936191886,189.8050254245497,6.258820758725486e-15,7.930035967276093e-14,True,3,0.1408671007280362,
1410,0.42,0.04,screened_best,True,True,True,8.069999234302445,0.06724999361918704,189.8050254245625,4.037130527443971e-15,3.332351937053675e-14,True,3,0.1408671007280362,
1410,0.42,0.04,bounded_attempt,True,True,True,8.069999211575904,0.0672499934297992,189.80502543066004,2.428329581201497e-12,8.588846624390761e-11,True,3,0.1408671007280362,True
1410,0.42,0.04,selected,True,True,True,8.069999211575904,0.0672499934297992,189.80502543066004,2.428329581201497e-12,8.588846624390761e-11,True,3,0.1408671007280362,True
1411,0.44,0.04,baseline,True,True,False,12.151431545587453,0.1012619295465621,312.91094469633674,4.431867788313117e-15,3.835791921065468e-14,True,3,0.20269604678832653,
1411,0.44,0.04,local,True,True,False,12.151431545587453,0.1012619295465621,312.91094469633674,4.431867788313117e-15,3.835791921065468e-14,True,3,0.20269604678832653,
1411,0.44,0.04,multistart,True,False,False,2.1397808240396365,0.01783150686699697,118.09157081779489,3.3123335351003132e-15,1.364874786641713e-14,True,1,0.20269604678832653,
1411,0.44,0.04,graph,True,False,False,2.139780824039743,0.01783150686699786,118.09157081779489,8.454719935894238e-15,1.5651750238362437e-14,True,1,0.20269604678832698,
1411,0.44,0.04,best,True,False,False,2.1397808240396365,0.01783150686699697,118.09157081779489,3.3123335351003132e-15,1.364874786641713e-14,True,1,0.20269604678832653,
1411,0.44,0.04,screened_graph,True,True,True,8.559864688566385,0.07133220573805321,195.11122126751914,7.592428071866818e-15,1.3093427413093827e-13,True,3,0.20269604678832698,
1411,0.44,0.04,screened_best,True,True,True,8.559864688565986,0.07133220573804988,195.11122126750635,3.173768454399231e-15,5.006208889933249e-14,True,3,0.20269604678832698,
1411,0.44,0.04,bounded_attempt,True,True,True,8.559864730358822,0.07133220608632351,195.11122197193487,1.402384317317394e-12,5.2718745970641395e-11,True,3,0.20269604678832698,True
1411,0.44,0.04,selected,True,True,True,8.559864688565986,0.07133220573804988,195.11122126750635,3.173768454399231e-15,5.006208889933249e-14,True,3,0.20269604678832698,
1412,0.46,0.04,baseline,True,True,False,12.542321067486828,0.1045193422290569,327.8828728128254,6.732672557320192e-15,7.831226837232738e-14,True,3,0.26593664505255976,
1412,0.46,0.04,local,True,True,False,12.542321067486828,0.1045193422290569,327.8828728128254,6.732672557320192e-15,7.831226837232738e-14,True,3,0.26593664505255976,
1412,0.46,0.04,multistart,True,False,False,1.9934764507931924,0.016612303756609936,118.68146451904096,6.302426818543707e-15,2.474368271246093e-14,True,1,0.265936645052558,
1412,0.46,0.04,graph,True,False,False,1.9934764507936187,0.01661230375661349,117.26680561611786,1.6513850262321035e-14,3.182320626303523e-14,True,1,0.2659366450525602,
1412,0.46,0.04,best,True,False,False,1.9934764507931924,0.016612303756609936,118.68146451904096,6.302426818543707e-15,2.474368271246093e-14,True,1,0.265936645052558,
1412,0.46,0.04,screened_graph,True,True,True,8.773411045203847,0.07311175871003206,200.57269754167706,7.178151592625511e-15,1.0297465872332971e-13,True,3,0.19367754387645064,
1412,0.46,0.04,screened_best,True,True,True,8.773411045203634,0.07311175871003028,200.57269754273221,5.308503267991274e-15,5.500992913801773e-14,True,3,0.26593664505255976,
1412,0.46,0.04,bounded_attempt,True,True,True,8.773411045095774,0.07311175870913145,200.57269754180496,1.2792602559660762e-12,5.011883211195253e-11,True,3,0.26593664505255976,True
1412,0.46,0.04,selected,True,True,True,8.773411045095774,0.07311175870913145,200.57269754180496,1.2792602559660762e-12,5.011883211195253e-11,True,3,0.26593664505255976,True
1413,0.48,0.04,baseline,True,True,False,13.22288589321413,0.11019071577678441,322.27680825784574,5.624670137768868e-15,5.198106974538838e-14,True,3,0.33073863118988056,
1413,0.48,0.04,local,True,True,False,13.22288589321413,0.11019071577678441,322.27680825784574,5.624670137768868e-15,5.198106974538838e-14,True,3,0.33073863118988056,
1413,0.48,0.04,multistart,True,False,False,1.8625490118220256,0.015521241765183547,117.78253593303418,3.960037450483924e-15,1.7977793749802886e-14,True,1,0.3307386311898801,
1413,0.48,0.04,graph,True,False,False,1.8625490118222388,0.015521241765185323,116.64140831140983,1.5833720052255777e-14,3.317481656221194e-14,True,1,0.33073863118988145,
1413,0.48,0.04,best,True,False,False,1.8625490118220256,0.015521241765183547,117.78253593303418,3.960037450483924e-15,1.7977793749802886e-14,True,1,0.3307386311898801,
1413,0.48,0.04,screened_graph,True,True,True,9.31043614773646,0.07758696789780384,209.35592577850528,5.797345156751253e-15,6.422781644846393e-14,True,3,0.17472053862482007,
1413,0.48,0.04,screened_best,True,True,True,9.310436147736167,0.0775869678978014,209.3559257784733,9.764766921113541e-15,5.855509692775318e-14,True,3,0.3307386311898797,
1413,0.48,0.04,bounded_attempt,True,True,True,9.31043615243718,0.0775869679369765,209.35592586302008,9.757006193754753e-13,3.813290853273747e-11,True,3,0.33073863118988145,True
1413,0.48,0.04,selected,True,True,True,9.310436147736167,0.0775869678978014,209.3559257784733,9.764766921113541e-15,5.855509692775318e-14,True,3,0.3307386311898797,
1414,0.5,0.04,baseline,True,True,False,13.895073133545202,0.11579227611287668,347.3521509591691,4.5278662089609864e-15,4.419976955837821e-14,True,3,0.3971858490873834,
1414,0.5,0.04,local,True,True,False,13.895073133545202,0.11579227611287668,347.3521509591691,4.5278662089609864e-15,4.419976955837821e-14,True,3,0.3971858490873834,
1414,0.5,0.04,multistart,True,False,False,1.7624654765715864,0.01468721230476322,116.25179760428921,7.786032639700568e-15,3.765680696219947e-14,True,4,0.3971858490873914,
1414,0.5,0.04,graph,True,False,False,1.7624654765717196,0.01468721230476433,116.2517976042956,1.6193887362514392e-14,5.129895897547362e-14,True,4,0.3971858490874074,
1414,0.5,0.04,best,True,False,False,1.7624654765715864,0.01468721230476322,116.25179760428921,7.786032639700568e-15,3.765680696219947e-14,True,4,0.3971858490873914,
1414,0.5,0.04,screened_graph,True,True,True,9.551250753285103,0.07959375627737586,210.19346703366318,8.911928074867583e-15,6.104330012150236e-14,True,3,0.39718584908740695,
1414,0.5,0.04,screened_best,True,True,True,9.551250753284757,0.07959375627737297,210.19346703367745,5.5132077519858476e-15,6.27238734278297e-14,True,3,0.39718584908738075,
1414,0.5,0.04,bounded_attempt,True,True,True,9.551250760428722,0.07959375633690602,210.19342974104447,3.636148695886223e-12,1.5423677860063504e-10,True,3,0.3971858490874074,True
1414,0.5,0.04,selected,True,True,True,9.551250753284757,0.07959375627737297,210.19346703367745,5.5132077519858476e-15,6.27238734278297e-14,True,3,0.39718584908738075,
1415,0.52,0.04,baseline,True,True,False,13.876092147128052,0.1156341012260671,353.5423530619561,4.663452961595636e-15,4.0579325499948277e-14,True,3,0.4653033249753262,
1415,0.52,0.04,local,True,True,False,13.876092147128052,0.1156341012260671,353.5423530619561,4.663452961595636e-15,4.0579325499948277e-14,True,3,0.4653033249753262,
1415,0.52,0.04,multistart,True,False,False,1.7163403514595998,0.014302836262163332,116.12099546419401,1.8110640700590184e-14,5.807651954721966e-14,True,4,0.46530332497533955,
1415,0.52,0.04,graph,True,False,False,1.7163403514595998,0.014302836262163332,116.12099546419401,1.8110640700590184e-14,5.807651954721966e-14,True,4,0.46530332497533955,
1415,0.52,0.04,best,True,False,False,1.7163403514595998,0.014302836262163332,116.12099546419401,1.8110640700590184e-14,5.807651954721966e-14,True,4,0.46530332497533955,
1415,0.52,0.04,screened_graph,True,True,True,9.556500202045584,0.0796375016837132,204.46179950688403,6.356273005590937e-15,3.448195759210199e-14,True,3,0.4653033249753138,
1415,0.52,0.04,screened_best,True,True,True,9.55650020204553,0.07963750168371275,204.46179950669858,3.306475778008542e-15,3.268604273018245e-14,True,3,0.4653033249753227,
1415,0.52,0.04,bounded_attempt,True,True,True,9.556500185740306,0.07963750154783589,204.46180351625287,8.813340699904993e-13,3.8396977040626056e-11,True,3,0.46530332497533866,True
1415,0.52,0.04,selected,True,True,True,9.556500185740306,0.07963750154783589,204.46180351625287,8.813340699904993e-13,3.8396977040626056e-11,True,3,0.46530332497533866,True
1416,0.54,0.04,baseline,True,True,False,13.476961117903885,0.11230800931586571,343.4964170989403,4.536371875115287e-15,3.681960319987617e-14,True,3,0.5351612766338203,
1416,0.54,0.04,local,True,True,False,13.476961117903885,0.11230800931586571,343.4964170989403,4.536371875115287e-15,3.681960319987617e-14,True,3,0.5351612766338203,
1416,0.54,0.04,multistart,True,False,False,1.6695035445424455,0.013912529537853713,116.26626483668687,1.15902565526069e-14,3.432933573653924e-14,True,4,0.5351612766338194,
1416,0.54,0.04,graph,True,False,False,1.6695035445424722,0.013912529537853935,116.26626483669966,1.529014990434741e-14,5.333312227988446e-14,True,4,0.5351612766338274,
1416,0.54,0.04,best,True,False,False,1.6695035445424455,0.013912529537853713,116.26626483668687,1.15902565526069e-14,3.432933573653924e-14,True,4,0.5351612766338194,
1416,0.54,0.04,screened_graph,True,True,True,9.448309167854916,0.0787359097321243,211.0251083097923,5.1489783904681485e-15,4.487277052563936e-14,True,3,0.5351612766338194,
1416,0.54,0.04,screened_best,True,True,True,9.448309167854916,0.0787359097321243,211.0251083097923,5.1489783904681485e-15,4.487277052563936e-14,True,3,0.5351612766338194,
1416,0.54,0.04,bounded_attempt,True,True,True,9.448309167436024,0.07873590972863354,211.025086608689,5.848465986833237e-12,2.6671108983234176e-10,True,3,0.5351612766338278,True
1416,0.54,0.04,selected,True,True,True,9.448309167436024,0.07873590972863354,211.025086608689,5.848465986833237e-12,2.6671108983234176e-10,True,3,0.5351612766338278,True
1417,0.56,0.04,baseline,True,True,False,13.03850151154343,0.10865417926286192,327.2450162226036,3.889149445732266e-15,3.409052587581832e-14,True,3,0.6068154463549065,
1417,0.56,0.04,local,True,True,False,13.03850151154343,0.10865417926286192,327.2450162226036,3.889149445732266e-15,3.409052587581832e-14,True,3,0.6068154463549065,
1417,0.56,0.04,multistart,True,False,False,1.6350191924759017,0.01362515993729918,116.70391951455485,1.8369632257133044e-14,6.78024182648869e-14,True,3,0.606815446354886,
1417,0.56,0.04,graph,True,False,False,1.6350191924759017,0.01362515993729918,116.70391951455485,5.743794908190346e-16,2.090368423878156e-15,True,3,0.6068154463549087,
1417,0.56,0.04,best,True,False,False,1.6350191924758883,0.01362515993729907,116.70391951454846,5.048850019576766e-16,1.336913692064602e-15,True,3,0.6068154463549087,
1417,0.56,0.04,screened_graph,True,True,True,9.427393996267472,0.07856161663556227,214.10386001695142,8.575888990204121e-15,6.899507575037519e-14,True,3,0.6068154463549087,
1417,0.56,0.04,screened_best,True,True,True,9.427393996267206,0.07856161663556005,214.10386001644142,6.8525582418995634e-15,8.116729464652462e-14,True,3,0.6068154463549065,
1417,0.56,0.04,bounded_attempt,True,True,True,9.427393996181195,0.07856161663484329,214.10386001761168,9.659951943581627e-13,4.3583849509880784e-11,True,3,0.6068154463549096,True
1417,0.56,0.04,selected,True,True,True,9.427393996181195,0.07856161663484329,214.10386001761168,9.659951943581627e-13,4.3583849509880784e-11,True,3,0.6068154463549096,True
1418,0.58,0.04,baseline,True,True,False,12.850312923180178,0.10708594102650149,314.36102075780326,4.1503069738485e-15,3.430479671504278e-14,True,3,0.6803582761474214,
1418,0.58,0.04,local,True,True,False,12.850312923180178,0.10708594102650149,314.36102075780326,4.1503069738485e-15,3.430479671504278e-14,True,3,0.6803582761474214,
1418,0.58,0.04,multistart,True,False,False,1.6484459381331718,0.013737049484443098,117.45266572105635,8.592446638303656e-15,3.1916499894115256e-14,True,3,0.6803582761474187,
1418,0.58,0.04,graph,True,False,False,1.6484459381328254,0.013737049484440211,117.45266572068705,2.500814329055372e-15,7.053355360110728e-15,True,3,0.6803582761474234,
1418,0.58,0.04,best,True,False,False,1.6484459381328254,0.013737049484440211,117.45266572068066,6.046002840263122e-16,1.4110757279702944e-15,True,3,0.6803582761474227,
1418,0.58,0.04,screened_graph,True,True,True,9.487324583926577,0.07906103819938815,214.62603163454617,5.286658520767849e-15,3.760485173428299e-14,True,3,0.6369865149145468,
1418,0.58,0.04,screened_best,True,True,True,9.487324583926178,0.07906103819938481,214.6260316345206,5.414560792754542e-15,4.766435875857695e-14,True,3,0.6803582761474212,
1418,0.58,0.04,bounded_attempt,True,True,True,9.48732458328994,0.07906103819408283,214.62603163589708,1.154199235962988e-12,5.3416337341441326e-11,True,3,0.6803582761474238,True
1418,0.58,0.04,selected,True,True,True,9.48732458328994,0.07906103819408283,214.62603163589708,1.154199235962988e-12,5.3416337341441326e-11,True,3,0.6803582761474238,True
1419,0.6,0.04,baseline,True,True,False,12.690561473313338,0.10575467894427781,308.5115227736395,3.835551671069619e-15,3.112268471182911e-14,True,3,0.7560027607944213,
1419,0.6,0.04,local,True,True,False,12.690561473313338,0.10575467894427781,308.5115227736395,3.835551671069619e-15,3.112268471182911e-14,True,3,0.7560027607944213,
1419,0.6,0.04,multistart,True,False,False,1.665245793598391,0.013877048279986592,118.53632230118691,7.701235269388091e-15,3.178682172001704e-14,True,3,0.756002760794418,
1419,0.6,0.04,graph,True,False,False,1.6652457935981113,0.013877048279984261,118.53632230086397,6.702052008748612e-16,1.2668043113373178e-15,True,3,0.7560027607944226,
1419,0.6,0.04,best,True,False,False,1.6652457935981113,0.013877048279984261,118.53632230086397,6.702052008748612e-16,1.2668043113373178e-15,True,3,0.7560027607944226,
1419,0.6,0.04,screened_graph,True,True,True,9.442351810021474,0.07868626508351229,212.99469437832332,3.206188595561343e-13,6.384445340595242e-13,True,3,0.040060374905260154,
1419,0.6,0.04,screened_best,True,True,True,9.442351810021181,0.07868626508350984,212.99469437829615,3.275512566187858e-15,2.8310087674717426e-14,True,3,0.7560027607944206,
1419,0.6,0.04,bounded_attempt,True,True,True,9.44235180991841,0.07868626508265342,212.99469437869902,8.535307675617263e-13,4.11574628420247e-11,True,3,0.7560027607944229,True
1419,0.6,0.04,selected,True,True,True,9.44235180991841,0.07868626508265342,212.99469437869902,8.535307675617263e-13,4.11574628420247e-11,True,3,0.7560027607944229,True
1420,0.62,0.04,baseline,True,True,False,12.754489218825604,0.10628741015688004,307.0440107499948,5.036743249531999e-15,3.388803977644725e-14,True,3,0.834012335471882,
1420,0.62,0.04,local,True,True,False,12.754489218825604,0.10628741015688004,307.0440107499948,5.036743249531999e-15,3.388803977644725e-14,True,3,0.834012335471882,
1420,0.62,0.04,multistart,True,False,False,1.6861669647962962,0.014051391373302469,119.98652271364065,1.660293353634336e-14,7.608704063994168e-14,True,3,0.8340123354718669,
1420,0.62,0.04,graph,True,False,False,1.6861669647980682,0.014051391373317235,119.98652271342003,5.986882324821635e-16,1.4771249341401193e-15,True,3,0.8340123354718838,
1420,0.62,0.04,best,True,False,False,1.6861669647962962,0.014051391373302469,119.98652271364065,1.660293353634336e-14,7.608704063994168e-14,True,3,0.8340123354718669,
1420,0.62,0.04,screened_graph,True,True,True,9.563158864937478,0.07969299054114565,208.7786003234406,5.7687388690357305e-15,3.3411135906353833e-14,True,3,0.8340123354718791,
1420,0.62,0.04,screened_best,True,True,True,9.563158864937318,0.07969299054114432,208.77860032334308,9.701340499362713e-15,4.698264867993302e-14,True,3,0.8340123354718834,
1420,0.62,0.04,bounded_attempt,True,True,True,9.563158851378164,0.07969299042815137,208.77858912525903,5.7127837019741376e-12,2.816726759989139e-10,True,3,0.8340123354708975,True
1420,0.62,0.04,selected,True,True,True,9.563158851378164,0.07969299042815137,208.77858912525903,5.7127837019741376e-12,2.816726759989139e-10,True,3,0.8340123354708975,True
1421,0.64,0.04,baseline,True,True,False,12.780812251317544,0.10650676876097953,303.52677654337725,3.9960559240203196e-15,3.1124001559181203e-14,True,3,0.9147171826439997,
1421,0.64,0.04,local,True,True,False,12.780812251317544,0.10650676876097953,303.52677654337725,3.9960559240203196e-15,3.1124001559181203e-14,True,3,0.9147171826439997,
1421,0.64,0.04,multistart,True,False,False,1.7120576817146294,0.014267147347621911,121.84594080889326,7.143870138697729e-15,3.5780518948735806e-14,True,3,0.9147171826439979,
1421,0.64,0.04,graph,True,False,False,1.7120576817144162,0.014267147347620135,121.84594080857032,6.673276261750871e-16,2.0732347881862264e-15,True,3,0.9147171826440006,
1421,0.64,0.04,best,True,False,False,1.7120576817144162,0.014267147347620135,121.84594080857032,6.673276261750871e-16,2.0732347881862264e-15,True,3,0.9147171826440006,
1421,0.64,0.04,screened_graph,True,True,True,9.73395535594566,0.0811162946328805,201.79022577772514,4.659321294580077e-15,3.9939827271091455e-14,True,3,0.9147171826439962,
1421,0.64,0.04,screened_best,True,True,True,9.73395535594518,0.0811162946328765,201.79022577769317,1.0798060471637326e-14,5.208987688087546e-14,True,3,0.914717182644001,
1421,0.64,0.04,bounded_attempt,True,True,True,9.733955422872524,0.08111629519060437,201.79022596148215,1.1132185376987775e-12,5.430032197688102e-11,True,3,0.9147171826433431,True
1421,0.64,0.04,selected,True,True,True,9.73395535594518,0.0811162946328765,201.79022577769317,1.0798060471637326e-14,5.208987688087546e-14,True,3,0.914717182644001,
1422,0.66,0.04,baseline,True,True,False,12.537364799077357,0.10447803999231131,291.69002342591364,4.503336797797561e-15,3.4166539736937424e-14,True,3,0.9986318798421954,
1422,0.66,0.04,local,True,True,False,12.537364799077357,0.10447803999231131,291.69002342591364,4.503336797797561e-15,3.4166539736937424e-14,True,3,0.9986318798421954,
1422,0.66,0.04,multistart,True,False,False,1.7439562654426588,0.014532968878688823,124.17268566078548,1.6614456975438046e-14,8.093059065828309e-14,True,3,0.9986318798421823,
1422,0.66,0.04,graph,True,False,False,1.7439562654441376,0.014532968878701147,124.17268566056006,5.558049685633556e-16,1.948115317165393e-15,True,3,0.9986318798421976,
1422,0.66,0.04,best,True,False,False,1.7439562654426588,0.014532968878688823,124.17268566078548,1.6614456975438046e-14,8.093059065828309e-14,True,3,0.9986318798421823,
1422,0.66,0.04,screened_graph,True,True,True,9.79192530080649,0.08159937750672075,207.1869250566465,6.368461671976835e-15,5.0155903355772775e-14,True,3,0.9677042722856237,
1422,0.66,0.04,screened_best,True,True,True,9.791925300806277,0.08159937750671897,207.1869250566209,4.823868936374465e-15,2.7511097466701716e-14,True,3,0.14040978934030157,
1422,0.66,0.04,bounded_attempt,True,True,True,9.791925298932362,0.08159937749110302,207.18690264363744,2.4312246025172326e-12,1.1789093851982726e-10,True,3,0.14040978934030157,True
1422,0.66,0.04,selected,True,True,True,9.791925298932362,0.08159937749110302,207.18690264363744,2.4312246025172326e-12,1.1789093851982726e-10,True,3,0.14040978934030157,True
1423,0.68,0.04,baseline,True,True,False,11.827362305822193,0.09856135254851828,269.1077623029073,4.520331236338708e-15,3.6355171166135786e-14,True,3,1.086273212112044,
1423,0.68,0.04,local,True,True,False,11.827362305822193,0.09856135254851828,269.1077623029073,4.520331236338708e-15,3.6355171166135786e-14,True,3,1.086273212112044,
1423,0.68,0.04,multistart,True,False,False,1.7832132672005763,0.014860110560004802,127.04683104868124,1.8008273607308984e-14,9.28019921325883e-14,True,3,1.0202539472763057,
1423,0.68,0.04,graph,True,False,False,1.783213267201802,0.014860110560015016,127.04683104841905,1.2422170582034618e-15,6.41906949498139e-15,True,3,1.0862732121120464,
1423,0.68,0.04,best,True,False,False,1.7832132672005763,0.014860110560004802,127.04683104868124,1.8008273607308984e-14,9.28019921325883e-14,True,3,1.0202539472763057,
1423,0.68,0.04,screened_graph,True,True,True,9.596151542845455,0.07996792952371212,205.57396991257448,5.956256354761446e-15,5.575112591512021e-14,True,3,0.994103779949449,
1423,0.68,0.04,screened_best,True,True,True,9.596151542844709,0.0799679295237059,205.57396991261285,3.3895910780264476e-15,2.6202167709605242e-14,True,3,1.0862732121120429,
1423,0.68,0.04,bounded_attempt,True,True,True,9.596151530038046,0.07996792941698372,205.5739699696872,1.6666521257398985e-12,8.034784498905823e-11,True,3,1.086273212111709,True
1423,0.68,0.04,selected,True,True,True,9.596151530038046,0.07996792941698372,205.5739699696872,1.6666521257398985e-12,8.034784498905823e-11,True,3,1.086273212111709,True
1424,0.7000000000000001,0.04,baseline,True,True,False,11.389566208535875,0.09491305173779896,261.07250724772194,3.5554790121769935e-15,2.4382309533725962e-14,True,3,1.1783166521052124,
1424,0.7000000000000001,0.04,local,True,True,False,11.389566208535875,0.09491305173779896,261.07250724772194,3.5554790121769935e-15,2.4382309533725962e-14,True,3,1.1783166521052124,
1424,0.7000000000000001,0.04,multistart,True,False,False,1.8316786502950855,0.015263988752459046,130.58074908978554,2.2249844622231352e-14,1.1068270470275664e-13,True,3,0.9828184058240934,
1424,0.7000000000000001,0.04,graph,True,False,False,1.8316786502956983,0.015263988752464153,130.5807490894706,1.2395785807607141e-15,5.661138170705994e-15,True,3,1.1783166521052142,
1424,0.7000000000000001,0.04,best,True,False,False,1.8316786502950855,0.015263988752459046,130.58074908978554,2.2249844622231352e-14,1.1068270470275664e-13,True,3,0.9828184058240934,
1424,0.7000000000000001,0.04,screened_graph,True,True,True,9.31069183214813,0.07758909860123442,195.2614265407881,3.522204690959767e-15,4.658556134023058e-14,True,3,0.154900299627319,
1424,0.7000000000000001,0.04,screened_best,True,True,True,9.310691832147917,0.07758909860123264,195.2614265408009,8.241586341651565e-15,6.729009393008898e-14,True,3,0.9093698669882331,
1424,0.7000000000000001,0.04,bounded_attempt,True,True,True,9.3106918321784,0.07758909860148666,195.2614226784009,6.520580528700685e-13,3.106271191059362e-11,True,3,0.9093698669882331,True
1424,0.7000000000000001,0.04,selected,True,True,True,9.310691832147917,0.07758909860123264,195.2614265408009,8.241586341651565e-15,6.729009393008898e-14,True,3,0.9093698669882331,
1425,0.72,0.04,baseline,True,True,False,11.02036509305897,0.09183637577549142,251.59257381165105,3.348266171397774e-15,3.631404477320311e-14,True,3,1.275592008373775,
1425,0.72,0.04,local,True,True,False,11.02036509305897,0.09183637577549142,251.59257381165105,3.348266171397774e-15,3.631404477320311e-14,True,3,1.275592008373775,
1425,0.72,0.04,multistart,True,False,False,1.8920180861248959,0.015766817384374132,134.93641125221458,2.2244408036907217e-14,1.1030687597367129e-13,True,3,0.9433850593506286,
1425,0.72,0.04,graph,True,False,False,1.8920180861246827,0.015766817384372356,134.9364112520803,3.3807157026244624e-15,1.3679214079616736e-14,True,3,1.2755920083737802,
1425,0.72,0.04,best,True,False,False,1.8920180861246827,0.015766817384372356,134.9364112520803,3.3807157026244624e-15,1.3679214079616736e-14,True,3,1.2755920083737802,
1425,0.72,0.04,screened_graph,True,True,True,9.278250743116487,0.0773187561926374,197.75767644545834,6.199768709484019e-15,5.912999519871381e-14,True,3,1.2755920083737764,
1425,0.72,0.04,screened_best,True,True,True,9.278250743115954,0.07731875619263295,197.75767644546463,2.627056434674716e-15,4.379269803858838e-14,True,3,0.16629888559956996,
1425,0.72,0.04,bounded_attempt,True,True,True,9.278250553468936,0.07731875461224114,197.75767946883818,3.782863895583484e-12,1.823081172893422e-10,True,3,0.1662988855907237,True
1425,0.72,0.04,selected,True,True,True,9.278250553468936,0.07731875461224114,197.75767946883818,3.782863895583484e-12,1.823081172893422e-10,True,3,0.1662988855907237,True
1445,0.4,0.06,baseline,True,True,False,17.13837061986788,0.14281975516556566,365.62059318310014,5.76687210148907e-15,5.466862079600303e-14,True,3,0.05713597795409253,
1445,0.4,0.06,local,True,True,False,17.13837061986788,0.14281975516556566,365.62059318310014,5.76687210148907e-15,5.466862079600303e-14,True,3,0.05713597795409253,
1445,0.4,0.06,multistart,True,False,False,2.6483996120392206,0.022069996766993505,125.64225262806943,7.071441041987671e-15,5.40202412112789e-14,True,1,0.05713597795409209,
1445,0.4,0.06,graph,True,False,False,2.6483996120393805,0.022069996766994837,125.64225262806943,6.3223424422708e-15,6.96327388376296e-14,True,1,0.05713597795409209,
1445,0.4,0.06,best,True,False,False,2.6483996120392206,0.022069996766993505,125.64225262806943,7.071441041987671e-15,5.40202412112789e-14,True,1,0.05713597795409209,
1445,0.4,0.06,screened_graph,True,True,False,11.846048860039069,0.09871707383365891,268.9609299956615,1.6793436783175856e-14,1.9749294786543096e-13,True,3,0.05713597795409253,
1445,0.4,0.06,screened_best,True,True,False,11.846048860038257,0.09871707383365214,268.96092999566747,2.0616257199141842e-14,2.3412885788175697e-13,True,3,0.05713597795424441,
1445,0.4,0.06,bounded_attempt,False,True,False,9.999999999999991,0.08333333333333326,325.620186009693,0.000196558044275278,0.006082319016254324,True,3,0.05713597795408587,True
1445,0.4,0.06,selected,True,True,False,11.846048860038257,0.09871707383365214,268.96092999566747,2.0616257199141842e-14,2.3412885788175697e-13,True,3,0.05713597795424441,
1446,0.42,0.06,baseline,True,True,False,21.04955875930233,0.17541298966085273,515.1659262432377,3.8855389564769715e-15,1.9336257717226988e-14,True,3,0.11984557096378445,
1446,0.42,0.06,local,True,True,False,21.04955875930233,0.17541298966085273,515.1659262432377,3.8855389564769715e-15,1.9336257717226988e-14,True,3,0.11984557096378445,
1446,0.42,0.06,multistart,True,False,False,2.363074734315216,0.0196922894526268,123.29437895847377,5.9310659892189996e-15,2.496144359885871e-14,True,1,0.1198455709637809,
1446,0.42,0.06,graph,True,False,False,2.363074734317987,0.01969228945264989,123.29437895848017,7.049383475882955e-15,2.7694581435631227e-14,True,1,0.11984557096378401,
1446,0.42,0.06,best,True,False,False,2.363074734315216,0.0196922894526268,123.29437895847377,5.9310659892189996e-15,2.496144359885871e-14,True,1,0.1198455709637809,
1446,0.42,0.06,screened_graph,True,True,False,12.806883133900904,0.10672402611584086,325.6339318288255,7.118456331469866e-15,7.302838482203815e-14,True,3,0.11984557096378401,
1446,0.42,0.06,screened_best,True,True,False,12.80688313390045,0.10672402611583709,325.63393182880804,6.155248691887286e-15,5.787271627454812e-14,True,3,0.11984557096378445,
1446,0.42,0.06,bounded_attempt,False,True,False,9.999999999999991,0.08333333333333326,595.060064729357,0.0003725872148228094,0.012501390638392432,True,3,0.11984557096378445,True
1446,0.42,0.06,selected,True,True,False,12.80688313390045,0.10672402611583709,325.63393182880804,6.155248691887286e-15,5.787271627454812e-14,True,3,0.11984557096378445,
1447,0.44,0.06,baseline,True,True,False,23.38770942461837,0.19489757853848644,718.867479189448,2.7603631621994653e-15,2.4516042355336613e-14,True,3,0.183739300897086,
1447,0.44,0.06,local,True,True,False,23.38770942461837,0.19489757853848644,718.867479189448,2.7603631621994653e-15,2.4516042355336613e-14,True,3,0.183739300897086,
1447,0.44,0.06,multistart,True,False,False,2.173537537775392,0.018112812814794932,121.30734293246377,1.658545192680888e-14,3.788503137277666e-14,True,1,0.183739300897086,
1447,0.44,0.06,graph,True,False,False,2.173537537775392,0.018112812814794932,121.30734293246377,1.658545192680888e-14,3.788503137277666e-14,True,1,0.183739300897086,
1447,0.44,0.06,best,True,False,False,2.173537537775392,0.018112812814794932,121.30734293246377,1.658545192680888e-14,3.788503137277666e-14,True,1,0.183739300897086,
1447,0.44,0.06,screened_graph,True,True,False,14.901748845260698,0.12418124037717249,393.95633460893794,7.172024090010346e-15,5.783869384710701e-14,True,3,0.18373930089708645,
1447,0.44,0.06,screened_best,True,True,False,14.901748845260126,0.12418124037716771,393.95633460896187,1.1493087522235494e-14,5.368102783035869e-14,True,3,0.18373930089708201,
1447,0.44,0.06,bounded_attempt,False,True,False,9.999999999999991,0.08333333333333326,762.2566151761525,0.0005284697874554526,0.018802029930116194,True,3,0.183739300897086,True
1447,0.44,0.06,selected,True,True,False,14.901748845260126,0.12418124037716771,393.95633460896187,1.1493087522235494e-14,5.368102783035869e-14,True,3,0.18373930089708201,
1448,0.46,0.06,baseline,True,True,False,28.56609595010486,0.23805079958420716,761.2135611825838,5.705513687676108e-15,6.18442520436052e-14,True,3,0.2487146306984629,
1448,0.46,0.06,local,True,True,False,28.56609595010486,0.23805079958420716,761.2135611825838,5.705513687676108e-15,6.18442520436052e-14,True,3,0.2487146306984629,
1448,0.46,0.06,multistart,True,False,False,2.018894563411191,0.016824121361759925,119.70382576760272,8.973356160626351e-15,1.487952529115577e-14,True,1,0.24871463069846333,
1448,0.46,0.06,graph,True,False,False,2.0188945634112443,0.01682412136176037,119.70382576758993,1.6048922094007475e-14,2.9331794026395543e-14,True,1,0.24871463069846378,
1448,0.46,0.06,best,True,False,False,2.018894563411191,0.016824121361759925,119.70382576760272,8.973356160626351e-15,1.487952529115577e-14,True,1,0.24871463069846333,
1448,0.46,0.06,screened_graph,True,True,False,15.982718664645805,0.1331893222053817,455.0486634459105,6.5014473637571e-15,8.398649152499459e-14,True,3,0.22989108265271696,
1448,0.46,0.06,screened_best,True,True,False,15.982718664645592,0.13318932220537993,455.0486634459361,7.43104676061625e-15,6.76763662798038e-14,True,3,0.11903697167546934,
1448,0.46,0.06,bounded_attempt,False,True,False,9.999999999999964,0.08333333333333304,577.8911397936092,0.0005606268371652139,0.021195103008324747,True,3,0.12033585051553075,True
1448,0.46,0.06,selected,True,True,False,15.982718664645592,0.13318932220537993,455.0486634459361,7.43104676061625e-15,6.76763662798038e-14,True,3,0.11903697167546934,
1449,0.48,0.06,baseline,True,True,False,30.45389788269666,0.25378248235580547,983.9548069297929,5.881305122967466e-15,5.107694881126222e-14,True,3,0.31480456287309844,
1449,0.48,0.06,local,True,True,False,30.45389788269666,0.25378248235580547,983.9548069297929,5.881305122967466e-15,5.107694881126222e-14,True,3,0.31480456287309844,
1449,0.48,0.06,multistart,True,False,False,1.890028476063872,0.015750237300532266,118.48271855885883,1.086733578918023e-14,2.70152884117484e-14,True,4,0.31480456287306335,
1449,0.48,0.06,graph,True,False,False,1.8900284760639252,0.01575023730053271,118.48271855887162,1.537297850451855e-14,3.3808344801663365e-14,True,4,0.31480456287309844,
1449,0.48,0.06,best,True,False,False,1.890028476063872,0.015750237300532266,118.48271855885883,1.086733578918023e-14,2.70152884117484e-14,True,4,0.31480456287306335,
1449,0.48,0.06,screened_graph,True,True,False,16.340105475880335,0.13616754563233613,468.79368435756066,7.146717978604894e-15,1.614683118852232e-13,True,3,0.2736089366176202,
1449,0.48,0.06,screened_best,True,True,False,16.340105475880016,0.13616754563233346,468.7936843574903,4.96511194459844e-15,6.145104117530389e-14,True,3,0.10325166720521484,
1449,0.48,0.06,bounded_attempt,False,True,False,9.999999999999964,0.08333333333333304,655.9797866173031,0.0005901125815817613,0.02353477888259522,True,3,0.10315677633060627,True
1449,0.48,0.06,selected,True,True,False,16.340105475880016,0.13616754563233346,468.7936843574903,4.96511194459844e-15,6.145104117530389e-14,True,3,0.10325166720521484,
1450,0.5,0.06,baseline,True,True,False,32.36895641912028,0.269741303492669,1321.2742659024311,5.11660622420799e-15,4.6181120660232495e-14,True,3,0.382109651739416,
1450,0.5,0.06,local,True,True,False,32.36895641912028,0.269741303492669,1321.2742659024311,5.11660622420799e-15,4.6181120660232495e-14,True,3,0.382109651739416,
1450,0.5,0.06,multistart,True,False,False,1.8368135559468612,0.01530677963289051,117.63470003363992,1.9872470020930018e-14,6.31223196028432e-14,True,4,0.3821096517394329,
1450,0.5,0.06,graph,True,False,False,1.8368135559468612,0.01530677963289051,117.63470003363992,1.9872470020930018e-14,6.31223196028432e-14,True,4,0.3821096517394329,
1450,0.5,0.06,best,True,False,False,1.8368135559468612,0.01530677963289051,117.63470003363992,1.9872470020930018e-14,6.31223196028432e-14,True,4,0.3821096517394329,
1450,0.5,0.06,screened_graph,True,True,False,17.84897283728119,0.1487414403106766,452.7997274234906,1.6029902613871413e-14,3.948905005922122e-13,True,3,0.3179017104005064,
1450,0.5,0.06,screened_best,True,True,False,17.848972837281153,0.14874144031067627,452.7997273405921,5.932230804328278e-15,6.017623092113665e-14,True,3,0.3821096517394107,
1450,0.5,0.06,bounded_attempt,False,True,False,9.999999999999991,0.08333333333333326,967.5999274620964,0.0005628999155730097,0.023717364818575715,True,3,0.38210965173943245,True
1450,0.5,0.06,selected,True,True,False,17.848972837281153,0.14874144031067627,452.7997273405921,5.932230804328278e-15,6.017623092113665e-14,True,3,0.3821096517394107,
1451,0.52,0.06,baseline,True,True,False,35.4012552382366,0.2950104603186383,1271.5541481626076,4.2106452342895826e-15,2.5780146209359138e-14,True,3,0.4509518070005214,
1451,0.52,0.06,local,True,True,False,35.4012552382366,0.2950104603186383,1271.5541481626076,4.2106452342895826e-15,2.5780146209359138e-14,True,3,0.4509518070005214,
1451,0.52,0.06,multistart,True,False,False,1.784535417829023,0.014871128481908524,117.14993450342632,1.1258096083103699e-14,2.958301412829075e-14,True,4,0.45095180700051385,
1451,0.52,0.06,graph,True,False,False,1.7845354178290762,0.014871128481908968,117.14993450341353,1.43389602429611e-14,4.776137616470093e-14,True,4,0.4509518070005303,
1451,0.52,0.06,best,True,False,False,1.784535417829023,0.014871128481908524,117.14993450342632,1.1258096083103699e-14,2.958301412829075e-14,True,4,0.45095180700051385,
1451,0.52,0.06,screened_graph,True,True,False,18.090494695272845,0.15075412246060704,492.9904817191265,1.443642838374442e-14,3.064270544369784e-13,True,3,0.3609565128708736,
1451,0.52,0.06,screened_best,True,True,False,18.090494695272206,0.1507541224606017,492.9904817191584,1.9482369126317105e-14,7.772202173239518e-13,True,3,0.08549380824747033,
1451,0.52,0.06,bounded_attempt,False,True,False,9.999999999999858,0.08333333333333215,933.1334795252332,0.0005215437580601523,0.022869262461312254,True,3,0.08406919094801069,True
1451,0.52,0.06,selected,True,True,False,18.090494695272206,0.1507541224606017,492.9904817191584,1.9482369126317105e-14,7.772202173239518e-13,True,3,0.08549380824747033,
1452,0.54,0.06,baseline,True,True,False,35.574077533315325,0.29645064611096106,860.4400168873829,3.618564978814107e-15,3.0479288936527376e-14,True,3,0.5214196848400325,
1452,0.54,0.06,local,True,True,False,35.574077533315325,0.29645064611096106,860.4400168873829,3.618564978814107e-15,3.0479288936527376e-14,True,3,0.5214196848400325,
1452,0.54,0.06,multistart,True,False,False,1.7328004661855445,0.014440003884879538,117.0220014425901,1.7393098506404692e-14,5.7029529201049e-14,True,4,0.5214196848400365,
1452,0.54,0.06,graph,True,False,False,1.7328004661855445,0.014440003884879538,117.0220014425901,1.7393098506404692e-14,5.7029529201049e-14,True,4,0.5214196848400365,
1452,0.54,0.06,best,True,False,False,1.7328004661855445,0.014440003884879538,117.0220014425901,1.7393098506404692e-14,5.7029529201049e-14,True,4,0.5214196848400365,
1452,0.54,0.06,screened_graph,True,True,False,17.419011449450768,0.14515842874542306,499.87401378623275,6.74454776411814e-15,6.867793893883208e-14,True,3,0.5214196848400294,
1452,0.54,0.06,screened_best,True,True,False,17.419011449446984,0.14515842874539153,499.8740137862711,1.0001909513453785e-14,3.7106340990757813e-13,True,3,0.08196363422061204,
1452,0.54,0.06,bounded_attempt,False,True,False,9.999999999999858,0.08333333333333215,545.5705731257119,0.0004807922417206871,0.021873640711193153,True,3,0.08032966936921149,True
1452,0.54,0.06,selected,True,True,False,17.419011449446984,0.14515842874539153,499.8740137862711,1.0001909513453785e-14,3.7106340990757813e-13,True,3,0.08196363422061204,
1453,0.56,0.06,baseline,True,True,False,32.11873766536388,0.26765614721136566,956.2845251264657,4.017667507167176e-15,3.0251097742362877e-14,True,3,0.5936399166291415,
1453,0.56,0.06,local,True,True,False,32.11873766536388,0.26765614721136566,956.2845251264657,4.017667507167176e-15,3.0251097742362877e-14,True,3,0.5936399166291415,
1453,0.56,0.06,multistart,True,False,False,1.6811196239406812,0.014009330199505676,117.25009924776515,1.4295071297907462e-14,5.14364035853087e-14,True,4,0.5936399166290922,
1453,0.56,0.06,graph,True,False,False,1.6811196239408943,0.014009330199507453,117.25009924775397,6.080941944488118e-16,1.7600870614249395e-15,True,4,0.5936399166291437,
1453,0.56,0.06,best,True,False,False,1.6811196239406812,0.014009330199505676,117.25009924776515,1.4295071297907462e-14,5.14364035853087e-14,True,4,0.5936399166290922,
1453,0.56,0.06,screened_graph,True,True,False,16.56794795799736,0.13806623298331133,482.36692980160075,8.342296558782255e-15,1.6839764229739718e-13,True,3,0.4334448859518565,
1453,0.56,0.06,screened_best,True,True,False,16.567947957996054,0.13806623298330045,482.36692980168704,5.406134278079866e-15,4.650504673455078e-14,True,3,0.5760083335295603,
1453,0.56,0.06,bounded_attempt,False,True,False,9.999999999999991,0.08333333333333326,680.000457988627,0.0004430307361228888,0.020825521349680718,True,3,0.5760083335295594,True
1453,0.56,0.06,selected,True,True,False,16.567947957996054,0.13806623298330045,482.36692980168704,5.406134278079866e-15,4.650504673455078e-14,True,3,0.5760083335295603,
1454,0.58,0.06,baseline,True,True,False,29.000157513950075,0.24166797928291728,941.7404328451222,3.181624732105897e-15,2.4666005487061574e-14,True,3,0.6677785951695214,
1454,0.58,0.06,local,True,True,False,29.000157513950075,0.24166797928291728,941.7404328451222,3.181624732105897e-15,2.4666005487061574e-14,True,3,0.6677785951695214,
1454,0.58,0.06,multistart,True,False,False,1.678813195648754,0.013990109963739616,117.84058649427536,1.8293351203150546e-14,6.86392537019823e-14,True,3,0.6677785951694806,
1454,0.58,0.06,graph,True,False,False,1.6788131956487673,0.013990109963739727,117.84058649427536,4.714875012456817e-16,1.6644389258153503e-15,True,3,0.6677785951695225,
1454,0.58,0.06,best,True,False,False,1.678813195648754,0.013990109963739616,117.84058649427536,1.8293351203150546e-14,6.86392537019823e-14,True,3,0.6677785951694806,
1454,0.58,0.06,screened_graph,True,True,False,15.965160865268153,0.13304300721056794,457.9668330957751,1.0013362458582431e-14,9.819099481758229e-14,True,3,0.6677785951695201,
1454,0.58,0.06,screened_best,True,True,False,15.965160865267327,0.13304300721056106,457.9668330959109,5.659612372206747e-15,4.6536867995401236e-14,True,3,0.6012072285786125,
1454,0.58,0.06,bounded_attempt,False,True,False,9.999999999999991,0.08333333333333326,498.65614944231356,0.0004025848728334094,0.019459441602799787,True,3,0.6012072285786143,True
1454,0.58,0.06,selected,True,True,False,15.965160865267327,0.13304300721056106,457.9668330959109,5.659612372206747e-15,4.6536867995401236e-14,True,3,0.6012072285786125,
1455,0.6,0.06,baseline,True,True,False,27.03222039962011,0.22526850333016757,849.4267917771938,4.2184879796423115e-15,2.881985566862536e-14,True,3,0.7439934096525713,
1455,0.6,0.06,local,True,True,False,27.03222039962011,0.22526850333016757,849.4267917771938,4.2184879796423115e-15,2.881985566862536e-14,True,3,0.7439934096525713,
1455,0.6,0.06,multistart,True,False,False,1.6918289063817937,0.014098574219848281,118.80847383820523,1.9371264265619725e-14,8.180378327980608e-14,True,3,0.743993409652554,
1455,0.6,0.06,graph,True,False,False,1.691828906381847,0.014098574219848725,118.80847383790147,4.619969546292653e-16,2.5821158987296837e-15,True,3,0.7439934096525722,
1455,0.6,0.06,best,True,False,False,1.6918289063817937,0.014098574219848281,118.80847383820523,1.9371264265619725e-14,8.180378327980608e-14,True,3,0.743993409652554,
1455,0.6,0.06,screened_graph,True,True,False,15.69226903035469,0.1307689085862891,436.58916806923503,3.916414006472552e-15,9.057533925195816e-14,True,3,0.4729110737631137,
1455,0.6,0.06,screened_best,True,True,False,15.692269030340249,0.13076890858616874,436.5891680692862,3.5393953801216032e-15,6.414353589928206e-14,True,3,0.042937430544498056,
1455,0.6,0.06,bounded_attempt,False,True,False,9.999999999999964,0.08333333333333304,955.0743766930979,0.00036282607998707356,0.01788631184965116,True,3,0.042937430544498945,True
1455,0.6,0.06,selected,True,True,False,15.692269030340249,0.13076890858616874,436.5891680692862,3.5393953801216032e-15,6.414353589928206e-14,True,3,0.042937430544498056,
1456,0.62,0.06,baseline,True,True,False,25.525987416792166,0.21271656180660137,725.5085940181053,5.402654163779484e-15,3.50355379581248e-14,True,3,0.8224839175503871,
1456,0.62,0.06,local,True,True,False,25.525987416792166,0.21271656180660137,725.5085940181053,5.402654163779484e-15,3.50355379581248e-14,True,3,0.8224839175503871,
1456,0.62,0.06,multistart,True,False,False,1.7097459636261547,0.014247883030217956,120.17930422799594,1.8178191060143742e-14,8.186029693401796e-14,True,3,0.8224839175503693,
1456,0.62,0.06,graph,True,False,False,1.709745963626208,0.0142478830302184,120.17930422773695,4.540073262603192e-16,1.3143114986065977e-15,True,3,0.8224839175503877,
1456,0.62,0.06,best,True,False,False,1.7097459636261547,0.014247883030217956,120.17930422799594,1.8178191060143742e-14,8.186029693401796e-14,True,3,0.8224839175503693,
1456,0.62,0.06,screened_graph,True,True,False,15.60095688892547,0.13000797407437892,416.6635062914082,4.796899061222879e-15,7.841116554008296e-14,True,3,0.47781628281196564,
1456,0.62,0.06,screened_best,True,True,False,15.600956888924031,0.13000797407436693,416.6635062918239,2.47041190007312e-15,4.069125294088813e-14,True,3,0.08614958237340442,
1456,0.62,0.06,bounded_attempt,False,True,False,9.999999999999964,0.08333333333333304,816.0833327087971,0.0003255577754054349,0.016293873754433627,True,3,0.08464366323696915,True
1456,0.62,0.06,selected,True,True,False,15.600956888924031,0.13000797407436693,416.6635062918239,2.47041190007312e-15,4.069125294088813e-14,True,3,0.08614958237340442,
1457,0.64,0.06,baseline,True,True,False,23.53341997493387,0.1961118331244489,597.2537421783824,3.705297875988847e-15,2.867944512457333e-14,True,3,0.9035825308800771,
1457,0.64,0.06,local,True,True,False,23.53341997493387,0.1961118331244489,597.2537421783824,3.705297875988847e-15,2.867944512457333e-14,True,3,0.9035825308800771,
1457,0.64,0.06,multistart,True,False,False,1.7332900164189091,0.014444083470157576,121.99185359306526,1.793583176300697e-14,8.259027339493219e-14,True,3,0.9035825308800609,
1457,0.64,0.06,graph,True,False,False,1.7332900164188692,0.014444083470157243,121.99185359282066,9.348356407866196e-15,4.425795458427213e-14,True,3,0.9035825308800784,
1457,0.64,0.06,best,True,False,False,1.7332900164188558,0.014444083470157132,121.99185359282545,5.647850449853784e-16,1.4218172889609321e-15,True,3,0.903582530880078,
1457,0.64,0.06,screened_graph,True,True,False,15.39624771483103,0.1283020642902586,391.18200814115414,8.267481704019852e-15,1.3459793011784497e-13,True,3,0.4736503235112144,
1457,0.64,0.06,screened_best,True,True,False,15.396247714830418,0.12830206429025348,391.18200814115414,4.6384261062333736e-15,5.898746754962887e-14,True,3,0.09083570758939263,
1457,0.64,0.06,bounded_attempt,False,True,False,9.999999999999964,0.08333333333333304,754.5404555413294,0.00029856943544401607,0.015128131067066805,True,3,0.08941995406053405,True
1457,0.64,0.06,selected,True,True,False,15.396247714830418,0.12830206429025348,391.18200814115414,4.6384261062333736e-15,5.898746754962887e-14,True,3,0.09083570758939263,
1458,0.66,0.06,baseline,True,True,False,20.55288691345415,0.1712740576121179,552.5098446212385,1.1677253937125326e-14,8.84922677115022e-14,True,3,0.9877002418666407,
1458,0.66,0.06,local,True,True,False,20.55288691345415,0.1712740576121179,552.5098446212385,1.1677253937125326e-14,8.84922677115022e-14,True,3,0.9877002418666407,
1458,0.66,0.06,multistart,True,False,False,1.7634105597888983,0.014695087998240819,124.30222955433692,1.8409910770438988e-14,8.816377856820197e-14,True,3,0.9877002418666234,
1458,0.66,0.06,graph,True,False,False,1.7634105597922822,0.014695087998269019,124.30222955409711,5.878025450974758e-16,2.0963758196371626e-15,True,3,0.9877002418666401,
1458,0.66,0.06,best,True,False,False,1.7634105597888983,0.014695087998240819,124.30222955433692,1.8409910770438988e-14,8.816377856820197e-14,True,3,0.9877002418666234,
1458,0.66,0.06,screened_graph,True,True,False,14.741576080901044,0.12284646734084204,355.43495112338167,5.873650731006571e-15,8.81629408597206e-14,True,3,0.4619730162589848,
1458,0.66,0.06,screened_best,True,True,False,14.741576080900618,0.12284646734083848,355.4349511066143,3.5821111500820454e-15,2.355341720863253e-14,True,3,0.9877002418666401,
1458,0.66,0.06,bounded_attempt,False,True,False,9.999999999999964,0.08333333333333304,505.6882633255057,0.00027442470224810586,0.01406742676597132,True,3,0.9877002418655876,True
1458,0.66,0.06,selected,True,True,False,14.741576080900618,0.12284646734083848,355.4349511066143,3.5821111500820454e-15,2.355341720863253e-14,True,3,0.9877002418666401,
1459,0.68,0.06,baseline,True,True,False,17.65953052823206,0.14716275440193383,530.0168072114145,3.0508494527726607e-15,3.5298321748258485e-14,True,3,1.0753513572790496,
1459,0.68,0.06,local,True,True,False,17.65953052823206,0.14716275440193383,530.0168072114145,3.0508494527726607e-15,3.5298321748258485e-14,True,3,1.0753513572790496,
1459,0.68,0.06,multistart,True,False,False,1.8013962244228132,0.015011635203523443,127.19029729088902,1.9874417906357075e-14,9.860493129951784e-14,True,3,1.0058055132039634,
1459,0.68,0.06,graph,True,False,False,1.8013962244228399,0.015011635203523666,127.19029729062683,2.8978419369879088e-15,1.2886649012491194e-14,True,3,1.075351357279052,
1459,0.68,0.06,best,True,False,False,1.8013962244228132,0.015011635203523443,127.19029729060765,7.984553587025293e-16,5.696659687921252e-15,True,3,1.0753513572790507,
1459,0.68,0.06,screened_graph,True,True,False,13.445640402651993,0.11204700335543327,316.0868701899517,8.265224669277327e-15,1.836343733734504e-13,True,3,0.4446272956285551,
1459,0.68,0.06,screened_best,True,True,False,13.4456404026513,0.1120470033554275,316.0868701898238,5.4801097983355665e-15,2.1675865392527397e-14,True,3,0.4446272956285737,
1459,0.68,0.06,bounded_attempt,False,True,False,9.999999999999964,0.08333333333333304,534.7467741192979,0.00022379291092850507,0.011622603318822304,True,3,0.44462729562855596,True
1459,0.68,0.06,selected,True,True,False,13.4456404026513,0.1120470033554275,316.0868701898238,5.4801097983355665e-15,2.1675865392527397e-14,True,3,0.4446272956285737,
1460,0.7000000000000001,0.06,baseline,True,True,False,17.054977207677897,0.14212481006398248,451.7186233302652,3.1623166810876e-15,2.255574744970998e-14,True,3,1.1673142725540633,
1460,0.7000000000000001,0.06,local,True,True,False,17.054977207677897,0.14212481006398248,451.7186233302652,3.1623166810876e-15,2.255574744970998e-14,True,3,1.1673142725540633,
1460,0.7000000000000001,0.06,multistart,True,False,False,1.849056345731217,0.015408802881093475,130.77008652389424,2.3136683280342038e-14,1.1172392738779478e-13,True,3,0.9683018859927728,
1460,0.7000000000000001,0.06,graph,True,False,False,1.8490563457313236,0.015408802881094363,130.7700865235745,9.508310386940354e-16,4.8802676829519044e-15,True,3,1.167314272554065,
1460,0.7000000000000001,0.06,best,True,False,False,1.849056345731217,0.015408802881093475,130.77008652389424,2.3136683280342038e-14,1.1172392738779478e-13,True,3,0.9683018859927728,
1460,0.7000000000000001,0.06,screened_graph,True,True,False,13.016664362249406,0.10847220301874505,318.1475777753363,5.858567748106297e-15,1.246027546454502e-13,True,3,0.42339067838102373,
1460,0.7000000000000001,0.06,screened_best,True,True,False,13.016664362248287,0.10847220301873572,318.14757777531713,7.464060156611543e-15,2.996189961672574e-14,True,3,1.1673142725540655,
1460,0.7000000000000001,0.06,bounded_attempt,False,True,False,9.999999999999964,0.08333333333333304,550.4615279071731,0.00018950215279626422,0.009653730788156088,True,3,1.1673142725535373,True
1460,0.7000000000000001,0.06,selected,True,True,False,13.016664362248287,0.10847220301873572,318.14757777531713,7.464060156611543e-15,2.996189961672574e-14,True,3,1.1673142725540655,
1461,0.72,0.06,baseline,True,True,False,14.990021915045967,0.12491684929204971,360.6996102092125,2.189976916718919e-15,1.3811386040237071e-14,True,3,1.2644749025950817,
1461,0.72,0.06,local,True,True,False,14.990021915045967,0.12491684929204971,360.6996102092125,2.189976916718919e-15,1.3811386040237071e-14,True,3,1.2644749025950817,
1461,0.72,0.06,multistart,True,False,False,1.9090304720024243,0.01590858726668687,135.20732907769357,2.2469508036331915e-14,1.0944981564031133e-13,True,3,0.9287477842814633,
1461,0.72,0.06,graph,True,False,False,1.909030472004476,0.015908587266703966,135.20732907759606,2.4936805337567815e-15,1.0396584355875964e-14,True,3,1.2644749025950839,
1461,0.72,0.06,best,True,False,False,1.9090304720024243,0.01590858726668687,135.20732907769357,2.2469508036331915e-14,1.0944981564031133e-13,True,3,0.9287477842814633,
1461,0.72,0.06,screened_graph,True,True,False,12.295458087209763,0.10246215072674802,289.53612146527377,4.606799807484894e-15,8.157443711585015e-14,True,3,0.3997468186204012,
1461,0.72,0.06,screened_best,True,True,False,12.295458087209123,0.1024621507267427,289.5361214653953,2.679707035787272e-15,1.7480012012025013e-14,True,3,0.3997468186204003,
1461,0.72,0.06,bounded_attempt,False,True,False,9.999999999999964,0.08333333333333304,308.3188389565777,0.0001231582190822611,0.006353217754581635,True,3,0.39974681862040473,True
1461,0.72,0.06,selected,True,True,False,12.295458087209123,0.1024621507267427,289.5361214653953,2.679707035787272e-15,1.7480012012025013e-14,True,3,0.3997468186204003,
1462,0.74,0.06,baseline,True,True,False,13.10267750603467,0.10918897921695558,289.2862433789506,1.0698129548543317e-14,9.83499425743439e-14,True,3,1.3680558757159185,
1462,0.74,0.06,local,True,True,False,13.10267750603467,0.10918897921695558,289.2862433789506,1.0698129548543317e-14,9.83499425743439e-14,True,3,1.3680558757159185,
1462,0.74,0.06,multistart,True,False,False,1.9853601265639043,0.01654466772136587,140.75044495376545,2.041691946196019e-14,9.598478998628495e-14,True,3,0.8866876361215166,
1462,0.74,0.06,graph,True,False,False,1.9853601265649035,0.016544667721374196,140.75044495343772,7.24300877585701e-15,3.048166313887155e-14,True,3,1.3680558757159242,
1462,0.74,0.06,best,True,False,False,1.9853601265639043,0.01654466772136587,140.75044495376545,2.041691946196019e-14,9.598478998628495e-14,True,3,0.8866876361215166,
1462,0.74,0.06,screened_graph,True,True,False,10.85308768076871,0.09044239733973924,246.25375968246388,7.60320414106627e-15,6.347347613725801e-14,True,3,0.37477062994169597,
1462,0.74,0.06,screened_best,True,True,False,10.853087680768443,0.09044239733973702,246.25375967539114,1.746061904975859e-14,7.360158138043161e-14,True,3,1.3680558757159238,
1462,0.74,0.06,bounded_attempt,False,True,False,9.999999999999964,0.08333333333333304,246.25377292136506,6.643659377962367e-05,0.003320147802773297,True,3,1.3680558757125252,True
1462,0.74,0.06,selected,True,True,False,10.853087680768443,0.09044239733973702,246.25375967539114,1.746061904975859e-14,7.360158138043161e-14,True,3,1.3680558757159238,
1463,0.76,0.06,baseline,True,True,False,11.758650498763746,0.09798875415636454,242.26274413951518,1.1215124519773754e-14,1.0538569199242478e-13,True,3,1.4798235478935922,
1463,0.76,0.06,local,True,True,False,11.758650498763746,0.09798875415636454,242.26274413951518,1.1215124519773754e-14,1.0538569199242478e-13,True,3,1.4798235478935922,
1463,0.76,0.06,multistart,True,False,False,2.0846518589826157,0.01737209882485513,147.78780252571764,2.5863267304823078e-14,1.1059438569561943e-13,True,3,1.4798235478935842,
1463,0.76,0.06,graph,True,False,False,2.0846518589820695,0.01737209882485058,147.78780252635713,2.360663206744124e-14,9.209949520442729e-14,True,3,1.47982354789359,
1463,0.76,0.06,best,True,False,False,2.0846518589819896,0.017372098824849913,147.78780252635872,2.2618883721748745e-14,8.752132699453252e-14,True,3,1.4798235478935897,
1463,0.76,0.06,screened_graph,True,True,False,10.20569137684495,0.08504742814037458,208.38521862949477,8.354197729087001e-15,1.213348799773981e-13,True,3,0.3476899778116369,
1463,0.76,0.06,screened_best,True,True,False,10.20569137684447,0.08504742814037058,208.3852186298273,6.554581435124018e-15,3.484888559858117e-14,True,3,1.4798235478935828,
1463,0.76,0.06,bounded_attempt,True,True,True,9.999999999999964,0.08333333333333304,208.38521707914134,4.230507854783348e-06,0.00019784876219974628,True,3,1.4798235478935906,True
1463,0.76,0.06,selected,True,True,True,9.999999999999964,0.08333333333333304,208.38521707914134,4.230507854783348e-06,0.00019784876219974628,True,3,1.4798235478935906,True
1481,0.4,0.08,baseline,True,True,False,43.399528901488125,0.36166274084573435,1545.7752835586534,3.534017903240517e-15,1.3570843755608876e-14,True,3,0.04040317861151976,
1481,0.4,0.08,local,True,True,False,43.399528901488125,0.36166274084573435,1545.7752835586534,3.534017903240517e-15,1.3570843755608876e-14,True,3,0.04040317861151976,
1481,0.4,0.08,multistart,True,False,False,2.763142872416946,0.02302619060347455,130.494479254307,4.3307648653175884e-15,2.565372755132441e-14,True,1,0.04040317861151044,
1481,0.4,0.08,graph,True,False,False,2.763142872418971,0.023026190603491425,130.49447925429902,6.689097322376961e-15,4.591720661204929e-14,True,1,0.04040317861151932,
1481,0.4,0.08,best,True,False,False,2.763142872416946,0.02302619060347455,130.494479254307,4.3307648653175884e-15,2.565372755132441e-14,True,1,0.04040317861151044,
1481,0.4,0.08,screened_graph,True,True,False,21.431478235440533,0.17859565196200444,542.566324284877,7.374007311231802e-15,1.0543525012925278e-13,True,3,0.04040317861151932,
1481,0.4,0.08,screened_best,True,True,False,21.43147823533603,0.17859565196113358,542.5663242868817,1.2762391619402661e-14,1.6953002416322654e-13,True,3,0.04040317861151976,
1481,0.4,0.08,bounded_attempt,False,True,False,10.0,0.08333333333333333,667.2863736224912,0.0017506467623086886,0.053635012518888685,True,3,0.04040317861151488,True
1481,0.4,0.08,selected,True,True,False,21.43147823533603,0.17859565196113358,542.5663242868817,1.2762391619402661e-14,1.6953002416322654e-13,True,3,0.04040317861151976,
1482,0.42,0.08,baseline,True,True,False,68.67465762214833,0.5722888135179027,3144.779860706977,6.1294278523480124e-15,6.46559357376096e-14,True,3,0.10458389478253283,
1482,0.42,0.08,local,True,True,False,68.67465762214833,0.5722888135179027,3144.779860706977,6.1294278523480124e-15,6.46559357376096e-14,True,3,0.10458389478253283,
1482,0.42,0.08,multistart,True,False,False,2.453523722893749,0.020446031024114575,126.77825463016816,1.5702667844676438e-14,3.9404197479514746e-14,True,1,0.10458389478253238,
1482,0.42,0.08,graph,True,False,False,2.4535237228938556,0.020446031024115463,126.77825463016816,5.505775108526662e-15,3.586853547573209e-14,True,1,0.10458389478252839,
1482,0.42,0.08,best,True,False,False,2.4535237228936957,0.02044603102411413,127.92505770367057,7.22963485715086e-15,3.6989182170418824e-14,True,1,0.10458389478253194,
1482,0.42,0.08,screened_graph,True,True,False,28.149387065772444,0.2345782255481037,711.2360283365164,7.21306281851836e-15,4.142634799668744e-14,True,3,0.08643781422388574,
1482,0.42,0.08,screened_best,True,True,False,28.149387065755885,0.2345782255479657,711.2360283180005,1.016617876307093e-14,7.674686303671446e-14,True,3,0.10458389478253327,
1482,0.42,0.08,bounded_attempt,False,True,False,10.0,0.08333333333333333,1160.106243814721,0.0019813576750747105,0.0651564500792312,True,3,0.10458389478253327,True
1482,0.42,0.08,selected,True,True,False,28.149387065755885,0.2345782255479657,711.2360283180005,1.016617876307093e-14,7.674686303671446e-14,True,3,0.10458389478253327,
1483,0.44,0.08,baseline,True,True,False,139.41358892829012,1.1617799077357511,10645.18264132244,3.145699930740632e-15,2.1713264771373294e-14,True,3,0.1699137068367942,
1483,0.44,0.08,local,True,True,False,139.41358892829012,1.1617799077357511,10645.18264132244,3.145699930740632e-15,2.1713264771373294e-14,True,3,0.1699137068367942,
1483,0.44,0.08,multistart,True,False,False,2.198990563074883,0.018324921358957358,123.80511613824154,1.4581997626328658e-14,2.7765194809877537e-14,True,1,0.1699137068367942,
1483,0.44,0.08,graph,True,False,False,2.198990563074883,0.018324921358957358,123.80511613824154,1.4581997626328658e-14,2.7765194809877537e-14,True,1,0.1699137068367942,
1483,0.44,0.08,best,True,False,False,2.198990563074883,0.018324921358957358,123.80511613824154,1.4581997626328658e-14,2.7765194809877537e-14,True,1,0.1699137068367942,
1483,0.44,0.08,screened_graph,True,True,False,34.08439772684104,0.2840366477236753,948.386596282667,8.57796605707177e-15,5.594590691921397e-14,True,3,0.16991370683679463,
1483,0.44,0.08,screened_best,True,True,False,34.084397726840216,0.28403664772366843,948.3865962795982,4.08672576031055e-15,5.551050601879529e-14,True,3,0.16991370683679463,
1483,0.44,0.08,bounded_attempt,False,True,False,9.999999999999964,0.08333333333333304,1069.0556924845823,0.002025782511168876,0.0713732539722657,True,3,0.16991370683679374,True
1483,0.44,0.08,selected,True,True,False,34.084397726840216,0.28403664772366843,948.3865962795982,4.08672576031055e-15,5.551050601879529e-14,True,3,0.16991370683679463,
1485,0.48,0.08,baseline,True,True,False,172.158185755731,1.434651547964425,16501.46610232173,3.196112079547571e-15,2.0810014752311142e-14,True,5,0.29748034777781385,
1485,0.48,0.08,local,True,True,False,172.158185755731,1.434651547964425,16501.46610232173,3.196112079547571e-15,2.0810014752311142e-14,True,5,0.29748034777781385,
1485,0.48,0.08,multistart,True,False,False,1.9687993022369277,0.016406660851974397,119.72247101339164,8.466315036556718e-15,6.430018514039191e-14,True,4,0.3036197388238797,
1485,0.48,0.08,graph,True,False,False,1.968799302236981,0.01640666085197484,119.72247101339164,1.4677532132328592e-14,3.227364238387693e-14,True,4,0.30361973882387927,
1485,0.48,0.08,best,True,False,False,1.9687993022368477,0.01640666085197373,119.72247101338525,3.3599439809340066e-15,1.3665137299522128e-14,True,4,0.3036197388238775,
1485,0.48,0.08,screened_graph,True,True,False,56.95280990326952,0.47460674919391266,1904.8131832473252,6.571040935893192e-15,4.607385990279199e-14,True,3,0.3036197388238788,
1485,0.48,0.08,screened_best,True,True,False,56.952809903269106,0.4746067491939092,1904.8131832470276,1.1758188618183352e-14,4.2682212410055327e-13,True,3,0.3036197388238788,
1485,0.48,0.08,bounded_attempt,False,True,False,9.999999999999964,0.08333333333333304,653.8026328306178,0.001915253719681083,0.0760772632221381,True,3,0.3036197388238797,True
1485,0.48,0.08,selected,True,True,False,56.952809903269106,0.4746067491939092,1904.8131832470276,1.1758188618183352e-14,4.2682212410055327e-13,True,3,0.3036197388238788,
1486,0.5,0.08,baseline,True,True,False,125.49619298053095,1.0458016081710912,9723.689738881249,3.2737536716702892e-15,2.877598335055341e-14,True,5,0.2652799340338152,
1486,0.5,0.08,local,True,True,False,125.49619298053095,1.0458016081710912,9723.689738881249,3.2737536716702892e-15,2.877598335055341e-14,True,5,0.2652799340338152,
1486,0.5,0.08,multistart,True,False,False,1.9077392913332414,0.01589782742777701,118.47301022016907,5.0549496810948276e-15,1.96635799560039e-13,True,4,0.00042093214949900926,
1486,0.5,0.08,graph,True,False,False,1.9077392913332414,0.01589782742777701,118.47301022016907,5.0549496810948276e-15,1.96635799560039e-13,True,4,0.00042093214949900926,
1486,0.5,0.08,best,True,False,False,1.9077392913332414,0.01589782742777701,118.47301022016907,5.0549496810948276e-15,1.96635799560039e-13,True,4,0.00042093214949900926,
1486,0.5,0.08,screened_graph,True,True,False,57.650562346675606,0.48042135288896337,2112.5278370639944,7.299043573415075e-15,2.891212603530939e-14,True,3,0.37194136285365387,
1486,0.5,0.08,screened_best,True,True,False,57.65056234667217,0.4804213528889347,2112.5278370558535,4.356940267762778e-15,8.459597523253408e-14,True,3,0.3719413628536632,
1486,0.5,0.08,bounded_attempt,False,True,False,9.999999999999964,0.08333333333333304,2379.9370733843007,0.0011377199136244924,0.04764820821540978,True,5,0.154981324983976,True
1486,0.5,0.08,selected,True,True,False,57.65056234667217,0.4804213528889347,2112.5278370558535,4.356940267762778e-15,8.459597523253408e-14,True,3,0.3719413628536632,
1487,0.52,0.08,baseline,True,True,False,105.84797825812143,0.8820664854843452,5313.335031608066,2.4601681737701038e-15,2.6461197147490778e-14,True,5,0.22869536887404074,
1487,0.52,0.08,local,True,True,False,105.84797825812143,0.8820664854843452,5313.335031608066,2.4601681737701038e-15,2.6461197147490778e-14,True,5,0.22869536887404074,
1487,0.52,0.08,multistart,True,False,False,1.8493041813317923,0.015410868177764936,117.68600190317642,1.0958200827087521e-14,2.941401229667105e-14,True,4,0.4414134124415212,
1487,0.52,0.08,graph,True,False,False,1.8493041813318456,0.01541086817776538,117.68600190317642,4.632443195613838e-15,1.4942669311413044e-13,True,4,0.012882294222300139,
1487,0.52,0.08,best,True,False,False,1.8493041813317923,0.015410868177764936,117.68600190317642,1.0958200827087521e-14,2.941401229667105e-14,True,4,0.4414134124415212,
1487,0.52,0.08,screened_graph,True,True,False,65.81131439802127,0.5484276199835105,3246.900345842548,7.085072800665867e-15,1.5925173242084237e-13,True,3,0.44141341244153676,
1487,0.52,0.08,screened_best,True,True,False,65.81131439799937,0.548427619983328,3246.900345845121,4.655847860815649e-15,2.494625608654065e-14,True,3,0.44141341244152965,
1487,0.52,0.08,bounded_attempt,False,True,False,9.999999999999964,0.08333333333333304,2384.514099397426,0.0009845497643128742,0.04275542269961647,True,3,0.00016458519172601882,True
1487,0.52,0.08,selected,True,True,False,65.81131439799937,0.548427619983328,3246.900345845121,4.655847860815649e-15,2.494625608654065e-14,True,3,0.44141341244152965,
1488,0.54,0.08,baseline,True,True,False,113.8921772152637,0.9491014767938641,6543.98331856238,2.3879576059030733e-15,3.064906960003982e-14,True,5,0.18725989710575952,
1488,0.54,0.08,local,True,True,False,113.8921772152637,0.9491014767938641,6543.98331856238,2.3879576059030733e-15,3.064906960003982e-14,True,5,0.18725989710575952,
1488,0.54,0.08,multistart,True,False,False,1.7927170438515905,0.014939308698763254,117.33075800772426,4.588015329248343e-15,1.1458528051269142e-13,True,4,0.024725201361948557,
1488,0.54,0.08,graph,True,False,False,1.7927170438515905,0.014939308698763254,117.33075800772426,4.588015329248343e-15,1.1458528051269142e-13,True,4,0.024725201361948557,
1488,0.54,0.08,best,True,False,False,1.7927170438515905,0.014939308698763254,117.33075800772426,4.588015329248343e-15,1.1458528051269142e-13,True,4,0.024725201361948557,
1488,0.54,0.08,screened_graph,True,True,False,66.19497764379842,0.5516248136983202,3660.685934281295,6.917544779054417e-15,1.8772622901559944e-13,True,3,0.5123000782286713,
1488,0.54,0.08,screened_best,True,True,False,66.19497764376123,0.5516248136980103,3660.6859342756966,6.559721437509827e-15,4.0408355805773346e-14,True,3,0.5070863553210812,
1488,0.54,0.08,bounded_attempt,False,True,False,9.999999999999964,0.08333333333333304,2383.3885246974496,0.0011274906453364404,0.05081415855424349,True,3,8.881784197001252e-16,True
1488,0.54,0.08,selected,True,True,False,66.19497764376123,0.5516248136980103,3660.6859342756966,6.559721437509827e-15,4.0408355805773346e-14,True,3,0.5070863553210812,
1489,0.56,0.08,baseline,True,True,False,136.0667680104861,1.1338897334207174,10680.327284386265,3.4655867794925062e-15,4.560480497742622e-14,True,5,0.14148518073533456,
1489,0.56,0.08,local,True,True,False,136.0667680104861,1.1338897334207174,10680.327284386265,3.4655867794925062e-15,4.560480497742622e-14,True,5,0.14148518073533456,
1489,0.56,0.08,multistart,True,False,False,1.7372113822786162,0.014476761518988468,117.38959829021383,1.6640759531467063e-14,5.694667857624679e-14,True,4,0.5848693268597382,
1489,0.56,0.08,graph,True,False,False,1.7372113822786428,0.01447676151898869,117.38959829020743,4.3011348295600594e-16,2.048352195645799e-15,True,4,0.5848693268597374,
1489,0.56,0.08,best,True,False,False,1.7372113822786162,0.014476761518988468,117.38959829020743,7.958884084524424e-16,5.045983494103591e-15,True,4,0.5848693268597365,
1489,0.56,0.08,screened_graph,True,True,False,61.24685229478782,0.5103904357898985,2238.1552489162746,7.026725652198265e-15,1.698329499143155e-13,True,3,0.5848693268597387,
1489,0.56,0.08,screened_best,True,True,False,61.24685229477905,0.5103904357898255,2238.1552489152896,1.1171619185290638e-14,4.941431054412193e-13,True,3,0.008541707814273991,
1489,0.56,0.08,bounded_attempt,False,True,False,9.999999999999979,0.08333333333333315,973.6952359843173,0.00137398332796317,0.06450059721864033,True,3,0.08021487691773377,True
1489,0.56,0.08,selected,True,True,False,61.24685229477905,0.5103904357898255,2238.1552489152896,1.1171619185290638e-14,4.941431054412193e-13,True,3,0.008541707814273991,
1490,0.58,0.08,baseline,True,True,False,163.15286784107565,1.3596072320089636,28092.583805297007,4.8373646722728614e-15,6.089484260309972e-14,True,3,0.6592949377950903,
1490,0.58,0.08,local,True,True,False,163.15286784107565,1.3596072320089636,28092.583805297007,4.8373646722728614e-15,6.089484260309972e-14,True,3,0.6592949377950903,
1490,0.58,0.08,multistart,True,False,False,1.7036917034998034,0.014197430862498361,117.85712671280777,1.8492016860365326e-14,6.940763383787804e-14,True,3,0.659294937795041,
1490,0.58,0.08,graph,True,False,False,1.7036917034998034,0.014197430862498361,117.85712671281416,8.654444842808786e-16,8.16525034423701e-15,True,3,0.659294937795089,
1490,0.58,0.08,best,True,False,False,1.7036917034998034,0.014197430862498361,117.85712671280298,5.79553433516819e-16,1.6405789021998648e-15,True,3,0.6592949377950903,
1490,0.58,0.08,screened_graph,True,True,False,50.78419835952761,0.4232016529960634,1871.3375770722075,5.924775281086529e-15,1.3918499180018868e-13,True,3,0.06151113907095418,
1490,0.58,0.08,screened_best,True,True,False,50.78419835952651,0.4232016529960543,1871.3375770719936,7.993921996680101e-15,8.400591858127379e-14,True,3,0.6592949377950912,
1490,0.58,0.08,bounded_attempt,False,True,False,9.999999999999964,0.08333333333333304,818.6614626474205,0.001243566949532403,0.06007811297504663,True,3,0.6592949377950907,True
1490,0.58,0.08,selected,True,True,False,50.78419835952651,0.4232016529960543,1871.3375770719936,7.993921996680101e-15,8.400591858127379e-14,True,3,0.6592949377950912,
1492,0.62,0.08,baseline,True,True,False,137.98123235119576,1.1498436029266312,9777.352408813476,6.106794336731562e-15,4.9688217358185866e-14,True,3,0.8146268899489784,
1492,0.62,0.08,local,True,True,False,137.98123235119576,1.1498436029266312,9777.352408813476,6.106794336731562e-15,4.9688217358185866e-14,True,3,0.8146268899489784,
1492,0.62,0.08,multistart,True,False,False,1.7285556882554864,0.014404630735462387,120.05929916435605,1.9896164808985235e-14,8.742409278309146e-14,True,3,0.8146268899489417,
1492,0.62,0.08,graph,True,False,False,1.7285556882555397,0.014404630735462831,120.0592991640491,2.8793065461770314e-15,1.8792416655146948e-14,True,3,0.8146268899489768,
1492,0.62,0.08,best,True,False,False,1.7285556882554864,0.014404630735462387,120.05929916435605,1.9896164808985235e-14,8.742409278309146e-14,True,3,0.8146268899489417,
1492,0.62,0.08,screened_graph,True,True,False,37.766938306617426,0.31472448588847857,936.7599271906555,5.437419273448735e-15,1.1232515002995873e-13,True,3,0.1526418166064225,
1492,0.62,0.08,screened_best,True,True,False,37.766938306617426,0.31472448588847857,936.7599271906555,5.437419273448735e-15,1.1232515002995873e-13,True,3,0.1526418166064225,
1492,0.62,0.08,bounded_attempt,False,True,False,9.999999999999964,0.08333333333333304,1133.0985033805064,0.001025856113874153,0.0515130792172714,True,3,0.17328615641344136,True
1492,0.62,0.08,selected,True,True,False,37.766938306617426,0.31472448588847857,936.7599271906555,5.437419273448735e-15,1.1232515002995873e-13,True,3,0.1526418166064225,
1493,0.64,0.08,baseline,True,True,False,70.98107884448847,0.5915089903707372,3468.8109970063297,3.6926668731850455e-15,5.181413142924948e-14,True,3,0.8960772267236086,
1493,0.64,0.08,local,True,True,False,70.98107884448847,0.5915089903707372,3468.8109970063297,3.6926668731850455e-15,5.181413142924948e-14,True,3,0.8960772267236086,
1493,0.64,0.08,multistart,True,False,False,1.7500666402551879,0.014583888668793232,121.84989518774643,1.9781890844569943e-14,8.964262732962195e-14,True,3,0.8960772267235901,
1493,0.64,0.08,graph,True,False,False,1.7500666402552278,0.014583888668793565,121.84989518747784,9.809632871739585e-15,5.2729970168340915e-14,True,3,0.8960772267236088,
1493,0.64,0.08,best,True,False,False,1.7500666402551879,0.014583888668793232,121.84989518748424,7.217783939387125e-16,4.528723474814845e-15,True,3,0.8960772267236086,
1493,0.64,0.08,screened_graph,True,True,False,31.43179065554831,0.2619315887962359,982.8638013432923,9.69549040016359e-15,4.644626554035797e-14,True,3,0.04678033818623195,
1493,0.64,0.08,screened_best,True,True,False,31.431790655546816,0.26193158879622347,982.8638013431644,9.161736712012632e-15,1.0528328191779833e-13,True,3,0.8960772267236077,
1493,0.64,0.08,bounded_attempt,False,True,False,9.999999999999964,0.08333333333333304,867.2155761563293,0.0009438141350303414,0.04813319803033481,True,3,0.8960772267236088,True
1493,0.64,0.08,selected,True,True,False,31.431790655546816,0.26193158879622347,982.8638013431644,9.161736712012632e-15,1.0528328191779833e-13,True,3,0.8960772267236077,
1494,0.66,0.08,baseline,True,True,False,48.257454959164164,0.4021454579930347,1653.6413754448495,3.8204014828999616e-15,3.6749901932027484e-14,True,3,0.980488985782139,
1494,0.66,0.08,local,True,True,False,48.257454959164164,0.4021454579930347,1653.6413754448495,3.8204014828999616e-15,3.6749901932027484e-14,True,3,0.980488985782139,
1494,0.66,0.08,multistart,True,False,False,1.7787007963136503,0.014822506635947086,124.16709092035134,2.0536500260309554e-14,9.527741839463106e-14,True,3,0.9804889857821202,
1494,0.66,0.08,graph,True,False,False,1.7787007963137036,0.01482250663594753,124.16709092007956,7.402209596993107e-16,1.8494755783170274e-15,True,3,0.9804889857821386,
1494,0.66,0.08,best,True,False,False,1.7787007963136503,0.014822506635947086,124.16709092035134,2.0536500260309554e-14,9.527741839463106e-14,True,3,0.9804889857821202,
1494,0.66,0.08,screened_graph,True,True,False,25.879915095272832,0.2156659591272736,886.5213665299976,5.371689938816957e-15,2.166025350080613e-13,True,3,0.2067238281383581,
1494,0.66,0.08,screened_best,True,True,False,25.879915095226284,0.2156659591268857,886.5213665480537,9.682241248854282e-15,5.552934376470017e-14,True,3,0.7332022234355007,
1494,0.66,0.08,bounded_attempt,False,True,False,9.999999999999998,0.08333333333333331,923.6010742797464,0.0008417176755258306,0.04384504663954251,True,3,0.7332022234355007,True
1494,0.66,0.08,selected,True,True,False,25.879915095226284,0.2156659591268857,886.5213665480537,9.682241248854282e-15,5.552934376470017e-14,True,3,0.7332022234355007,
1495,0.68,0.08,baseline,True,True,False,37.464122348284654,0.3122010195690388,967.933256280135,3.4548044775226265e-15,2.8134667765874708e-14,True,3,1.0683808734702864,
1495,0.68,0.08,local,True,True,False,37.464122348284654,0.3122010195690388,967.933256280135,3.4548044775226265e-15,2.8134667765874708e-14,True,3,1.0683808734702864,
1495,0.68,0.08,multistart,True,False,False,1.8156957976026078,0.015130798313355065,127.0916446160534,2.2114838366899197e-14,1.0604653485352231e-13,True,3,0.9910821560331868,
1495,0.68,0.08,graph,True,False,False,1.8156957976026211,0.015130798313355176,127.09164461576724,7.200753358348372e-16,2.553060379972272e-15,True,3,1.0683808734702875,
1495,0.68,0.08,best,True,False,False,1.8156957976026078,0.015130798313355065,127.0916446160534,2.2114838366899197e-14,1.0604653485352231e-13,True,3,0.9910821560331868,
1495,0.68,0.08,screened_graph,True,True,False,21.716038626480795,0.1809669885540066,706.9487901303354,7.870385160689249e-15,1.8779977471255733e-13,True,3,0.2197433744747359,
1495,0.68,0.08,screened_best,True,True,False,21.716038626479516,0.18096698855399596,706.9487901305721,5.856542581561998e-15,6.594365409171501e-14,True,3,0.0670144248707798,
1495,0.68,0.08,bounded_attempt,False,True,False,9.999999999999964,0.08333333333333304,1009.2351912694817,0.0007588262271496612,0.039469393590479754,True,3,0.06012831474288394,True
1495,0.68,0.08,selected,True,True,False,21.716038626479516,0.18096698855399596,706.9487901305721,5.856542581561998e-15,6.594365409171501e-14,True,3,0.0670144248707798,
1496,0.7000000000000001,0.08,baseline,True,True,False,28.789465876421566,0.2399122156368464,815.3814112287517,3.1725318024594024e-15,2.384596499327863e-14,True,3,1.1604174452904619,
1496,0.7000000000000001,0.08,local,True,True,False,28.789465876421566,0.2399122156368464,815.3814112287517,3.1725318024594024e-15,2.384596499327863e-14,True,3,1.1604174452904619,
1496,0.7000000000000001,0.08,multistart,True,False,False,1.8628368786279914,0.015523640655233262,130.74072519503162,2.2909672199607058e-14,1.0679567886353097e-13,True,3,0.9534568867431172,
1496,0.7000000000000001,0.08,graph,True,False,False,1.862836878628098,0.01552364065523415,130.74072519439852,4.2042139167278695e-15,1.3762992106467956e-14,True,3,1.160417445290463,
1496,0.7000000000000001,0.08,best,True,False,False,1.8628368786279914,0.015523640655233262,130.74072519503162,2.2909672199607058e-14,1.0679567886353097e-13,True,3,0.9534568867431172,
1496,0.7000000000000001,0.08,screened_graph,True,True,False,20.315505019173383,0.16929587515977818,531.1586461236668,5.749094492339172e-15,4.932203712472908e-14,True,3,0.8649290945497281,
1496,0.7000000000000001,0.08,screened_best,True,True,False,20.315505019173383,0.16929587515977818,531.1586461236668,5.749094492339172e-15,4.932203712472908e-14,True,3,0.8649290945497281,
1496,0.7000000000000001,0.08,bounded_attempt,False,True,False,9.999999999999998,0.08333333333333331,843.8270318214002,0.0006537351553363199,0.034709420838036104,True,3,0.8649290945497281,True
1496,0.7000000000000001,0.08,selected,True,True,False,20.315505019173383,0.16929587515977818,531.1586461236668,5.749094492339172e-15,4.932203712472908e-14,True,3,0.8649290945497281,
1497,0.72,0.08,baseline,True,True,False,22.254712288468422,0.18545593573723684,638.3452656437215,2.6546960279381107e-15,1.7762182255205556e-14,True,3,1.2574654062085326,
1497,0.72,0.08,local,True,True,False,22.254712288468422,0.18545593573723684,638.3452656437215,2.6546960279381107e-15,1.7762182255205556e-14,True,3,1.2574654062085326,
1497,0.72,0.08,multistart,True,False,False,1.9227645534424909,0.01602303794535409,135.28607139022952,2.3175225243507708e-14,1.0897974016284398e-13,True,3,0.913718573517154,
1497,0.72,0.08,graph,True,False,False,1.9227645534424909,0.01602303794535409,135.28607139014,1.0668435984973892e-14,2.572922055244646e-14,True,3,1.2574654062085333,
1497,0.72,0.08,best,True,False,False,1.9227645534424775,0.01602303794535398,135.2860713901464,2.2477732572716213e-15,9.627437106770586e-15,True,3,1.2574654062085338,
1497,0.72,0.08,screened_graph,True,True,False,16.97175094623372,0.141431257885281,392.4752499609632,7.690075931654654e-15,2.5250439829990837e-13,True,3,0.228071325902504,
1497,0.72,0.08,screened_best,True,True,False,16.971750946233346,0.14143125788527788,392.4752499608481,3.646697385477445e-15,2.1179949398841713e-14,True,3,1.2574654062085302,
1497,0.72,0.08,bounded_attempt,False,True,False,9.999999999999964,0.08333333333333304,721.0536001248194,0.0005556599791802153,0.02912272758019728,True,3,1.2574654062077948,True
1497,0.72,0.08,selected,True,True,False,16.971750946233346,0.14143125788527788,392.4752499608481,3.646697385477445e-15,2.1179949398841713e-14,True,3,1.2574654062085302,
1498,0.74,0.08,baseline,True,True,False,18.890534120922542,0.15742111767435452,436.1520029389305,1.5116856147015877e-14,1.4039848292386746e-13,True,3,1.3608461357917807,
1498,0.74,0.08,local,True,True,False,18.890534120922542,0.15742111767435452,436.1520029389305,1.5116856147015877e-14,1.4039848292386746e-13,True,3,1.3608461357917807,
1498,0.74,0.08,multistart,True,False,False,1.9995436569731062,0.01666286380810922,140.9861214734093,2.2123304934390148e-14,1.0514802027505908e-13,True,3,0.8714072133895749,
1498,0.74,0.08,graph,True,False,False,1.999543656973053,0.016662863808108774,140.98612147307037,9.051555044655981e-15,3.3982678734711014e-14,True,3,1.3608461357917851,
1498,0.74,0.08,best,True,False,False,1.999543656973013,0.01666286380810844,140.98612147315032,7.228422663710031e-15,2.9418137737442014e-14,True,3,1.3608461357917865,
1498,0.74,0.08,screened_graph,True,True,False,14.861983410971105,0.12384986175809254,340.98601666390994,8.52436267545833e-15,1.751391822476954e-13,True,3,0.22531318020354973,
1498,0.74,0.08,screened_best,True,True,False,14.861983410970465,0.12384986175808721,340.98601666385235,1.614549998699293e-14,8.3278882395792e-14,True,3,1.3608461357917867,
1498,0.74,0.08,bounded_attempt,False,True,False,9.999999999999964,0.08333333333333304,785.8740973799662,0.00039843413005574425,0.020969870547889912,True,3,1.360846135789353,True
1498,0.74,0.08,selected,True,True,False,14.861983410970465,0.12384986175808721,340.98601666385235,1.614549998699293e-14,8.3278882395792e-14,True,3,1.3608461357917867,
1499,0.76,0.08,baseline,True,True,False,15.006699144891567,0.12505582620742972,297.13419073916947,1.772560786242057e-14,1.6085225847166632e-13,True,3,1.472291503991489,
1499,0.76,0.08,local,True,True,False,15.006699144891567,0.12505582620742972,297.13419073916947,1.772560786242057e-14,1.6085225847166632e-13,True,3,1.472291503991489,
1499,0.76,0.08,multistart,True,False,False,2.0998131080767912,0.017498442567306594,148.24530531926783,2.6799514755854216e-14,1.0360057510062195e-13,True,3,0.8258342671982319,
1499,0.76,0.08,graph,True,False,False,2.0998131080765914,0.017498442567304928,148.24530532094488,2.611789341869932e-14,9.765449321914909e-14,True,3,1.4722915039914892,
1499,0.76,0.08,best,True,False,False,2.0998131080765914,0.017498442567304928,148.24530532094488,2.611789341869932e-14,9.765449321914909e-14,True,3,1.4722915039914892,
1499,0.76,0.08,screened_graph,True,True,False,12.763937505857612,0.10636614588214677,264.7639977375249,1.4839872224581973e-14,1.463003329906354e-13,True,3,1.4722915039914772,
1499,0.76,0.08,screened_best,True,True,False,12.7639375058566,0.10636614588213833,264.76399773760807,3.2124605855954973e-15,8.337613458851338e-14,True,3,0.2197131462845352,
1499,0.76,0.08,bounded_attempt,False,True,False,9.999999999999964,0.08333333333333304,546.0268114781854,0.00023128672453752973,0.012091933692123462,True,3,0.2197131462860904,True
1499,0.76,0.08,selected,True,True,False,12.7639375058566,0.10636614588213833,264.76399773760807,3.2124605855954973e-15,8.337613458851338e-14,True,3,0.2197131462845352,
1500,0.78,0.08,baseline,True,True,False,12.476539732375672,0.10397116443646393,231.31281473202245,1.7656645468104257e-14,1.2963652692496546e-13,True,3,1.5944550105726756,
1500,0.78,0.08,local,True,True,False,12.476539732375672,0.10397116443646393,231.31281473202245,1.7656645468104257e-14,1.2963652692496546e-13,True,3,1.5944550105726756,
1500,0.78,0.08,multistart,True,True,True,2.235409665557757,0.018628413879647976,157.72191405750817,4.752331518709797e-14,1.2216333467428778e-13,True,3,0.7758824403560913,
1500,0.78,0.08,graph,True,True,True,2.235409665557757,0.018628413879647976,157.72191405750817,4.752331518709797e-14,1.2216333467428778e-13,True,3,0.7758824403560913,
1500,0.78,0.08,best,True,True,True,2.2354096655571443,0.01862841387964287,157.7219140575002,1.8619047524877797e-14,6.748603761574365e-14,True,3,1.5374825262980316,
1500,0.78,0.08,screened_graph,True,True,True,2.235409665557757,0.018628413879647976,157.72191405750817,4.752331518709797e-14,1.2216333467428778e-13,True,3,0.7758824403560913,
1500,0.78,0.08,screened_best,True,True,True,2.2354096655571443,0.01862841387964287,157.7219140575002,1.8619047524877797e-14,6.748603761574365e-14,True,3,1.5374825262980316,
1500,0.78,0.08,bounded_attempt,True,True,True,2.2354096655578504,0.018628413879648753,157.7219140574858,1.0150434305441914e-12,2.1458532220376385e-11,True,3,1.5374825262980414,True
1500,0.78,0.08,selected,True,True,True,2.2354096655571443,0.01862841387964287,157.7219140575002,1.8619047524877797e-14,6.748603761574365e-14,True,3,1.5374825262980316,
1517,0.4,0.1,baseline,True,True,False,125.9165037544328,1.0493041979536066,10035.050928167531,5.331167359253831e-15,7.507016120887619e-14,True,5,0.03067546811663524,
1517,0.4,0.1,local,True,True,False,125.9165037544328,1.0493041979536066,10035.050928167531,5.331167359253831e-15,7.507016120887619e-14,True,5,0.03067546811663524,
1517,0.4,0.1,multistart,True,False,False,2.845970505912021,0.023716420882600175,133.96148635304854,2.312629242011654e-14,2.0652439924415228e-13,True,1,0.030675468116634796,
1517,0.4,0.1,graph,True,False,False,2.8459705059120743,0.02371642088260062,133.96148635306454,2.3743404763930813e-14,2.1425603604645244e-13,True,1,0.03067546811663524,
1517,0.4,0.1,best,True,False,False,2.8459705059091434,0.023716420882576195,133.96148635306292,4.017182120592683e-15,5.603465793009214e-14,True,1,0.030675468116635685,
1517,0.4,0.1,screened_graph,True,True,False,85.02031369345126,0.7085026141120938,3893.5843448765763,5.79234741045716e-15,8.762785360731803e-14,True,3,0.03067546811663524,
1517,0.4,0.1,screened_best,True,True,False,85.0203136934503,0.7085026141120858,3893.5843448766027,1.5361605118459565e-14,1.3899277525153582e-13,True,3,0.030675468116634796,
1517,0.4,0.1,bounded_attempt,False,True,False,9.999999999999964,0.08333333333333304,1015.0043299330733,0.007808017032624201,0.2737063069811455,True,3,8.881784197001252e-16,True
1517,0.4,0.1,selected,True,True,False,85.0203136934503,0.7085026141120858,3893.5843448766027,1.5361605118459565e-14,1.3899277525153582e-13,True,3,0.030675468116634796,
1518,0.42,0.1,baseline,True,True,False,58.74410246653529,0.4895341872211274,2236.242185587301,5.632552829836263e-15,4.2199709340907725e-14,True,5,0.09603028511642675,
1518,0.42,0.1,local,True,True,False,58.74410246653529,0.4895341872211274,2236.242185587301,5.632552829836263e-15,4.2199709340907725e-14,True,5,0.09603028511642675,
1518,0.42,0.1,multistart,True,False,False,2.520495894288448,0.021004132452403734,129.066843193271,3.0285092390840557e-15,1.1717472447135394e-14,True,1,0.09603028511641964,
1518,0.42,0.1,graph,True,False,False,2.520495894288821,0.021004132452406843,129.06684319327582,9.792212707002128e-15,2.397941209836482e-14,True,1,0.09603028511642675,
1518,0.42,0.1,best,True,False,False,2.520495894288448,0.021004132452403734,129.066843193271,3.0285092390840557e-15,1.1717472447135394e-14,True,1,0.09603028511641964,
1518,0.42,0.1,screened_graph,True,True,False,58.74410246651222,0.4895341872209351,2236.2421855818016,1.0525808038959492e-14,1.0162823488248167e-13,True,5,0.043999660072869595,
1518,0.42,0.1,screened_best,True,True,False,58.74410246651222,0.4895341872209351,2236.2421855818016,1.0525808038959492e-14,1.0162823488248167e-13,True,5,0.043999660072869595,
1518,0.42,0.1,bounded_attempt,False,True,False,9.999999999999964,0.08333333333333304,1134.064475768799,0.007274089819115361,0.260094612211154,True,5,8.881784197001252e-16,True
1518,0.42,0.1,selected,True,True,False,58.74410246651222,0.4895341872209351,2236.2421855818016,1.0525808038959492e-14,1.0162823488248167e-13,True,5,0.043999660072869595,
1519,0.44,0.1,baseline,True,True,False,42.85219809994088,0.3571016508328406,1165.0133576597782,4.8200895521889406e-15,3.311317018448182e-14,True,5,0.16205931682497754,
1519,0.44,0.1,local,True,True,False,42.85219809994088,0.3571016508328406,1165.0133576597782,4.8200895521889406e-15,3.311317018448182e-14,True,5,0.16205931682497754,
1519,0.44,0.1,multistart,True,False,False,2.2549724454872866,0.01879143704572739,125.27717015139714,5.626347684969695e-15,1.2356273799144846e-14,True,1,0.1620593168249771,
1519,0.44,0.1,graph,True,False,False,2.25497244548734,0.018791437045727832,125.27717015140514,5.775311051525307e-15,2.0569612485866223e-14,True,1,0.16205931682497443,
1519,0.44,0.1,best,True,False,False,2.2549724454793996,0.018791437045661663,125.27717015140354,1.1169170909728853e-14,1.1307312629049231e-13,True,1,0.16205931682492603,
1519,0.44,0.1,screened_graph,True,True,False,42.852198099942406,0.3571016508328534,1165.0133576597964,7.713985080701919e-15,3.934636018518531e-14,True,5,0.16205931682497754,
1519,0.44,0.1,screened_best,True,True,False,42.85219809994088,0.3571016508328406,1165.0133576597782,4.8200895521889406e-15,3.311317018448182e-14,True,5,0.16205931682497754,
1519,0.44,0.1,bounded_attempt,False,True,False,9.999999999999964,0.08333333333333304,596.1119323975496,0.003555807861137327,0.13016947309758928,True,5,0.1620593168249731,True
1519,0.44,0.1,selected,True,True,False,42.85219809994088,0.3571016508328406,1165.0133576597782,4.8200895521889406e-15,3.311317018448182e-14,True,5,0.16205931682497754,
1520,0.46,0.1,baseline,True,True,False,33.559637103267,0.279663642527225,818.8870869487488,4.663122562951149e-15,5.091308611203594e-14,True,5,0.22910176038057983,
1520,0.46,0.1,local,True,True,False,33.559637103267,0.279663642527225,818.8870869487488,4.663122562951149e-15,5.091308611203594e-14,True,5,0.22910176038057983,
1520,0.46,0.1,multistart,True,False,False,2.116203704212545,0.017635030868437873,122.37272917494195,1.2818871732382635e-14,4.160484694648333e-14,True,4,0.22910176038058028,
1520,0.46,0.1,graph,True,False,False,2.1162037042126514,0.01763503086843876,122.37272917494995,5.7967346906652186e-15,4.455112278382266e-14,True,4,0.22910176038057717,
1520,0.46,0.1,best,True,False,False,2.116203704212545,0.017635030868437873,122.37272917494195,1.2818871732382635e-14,4.160484694648333e-14,True,4,0.22910176038058028,
1520,0.46,0.1,screened_graph,True,True,False,33.559637103266944,0.27966364252722453,818.8870869487936,6.885428443116208e-15,4.995426890390409e-14,True,5,0.22910176038057095,
1520,0.46,0.1,screened_best,True,True,False,33.559637103266944,0.27966364252722453,818.8870869487936,6.885428443116208e-15,4.995426890390409e-14,True,5,0.22910176038057095,
1520,0.46,0.1,bounded_attempt,False,True,False,9.999999999999991,0.08333333333333326,873.860710493285,0.0027821152763022492,0.10770419495931594,True,5,0.2291017603805785,True
1520,0.46,0.1,selected,True,True,False,33.559637103266944,0.27966364252722453,818.8870869487936,6.885428443116208e-15,4.995426890390409e-14,True,5,0.22910176038057095,
1521,0.48,0.1,baseline,True,True,False,30.60484692018818,0.25504039100156817,675.9464239477495,4.7185345900335216e-15,6.330875797302336e-14,True,5,0.2972196338137505,
1521,0.48,0.1,local,True,True,False,30.60484692018818,0.25504039100156817,675.9464239477495,4.7185345900335216e-15,6.330875797302336e-14,True,5,0.2972196338137505,
1521,0.48,0.1,multistart,True,False,False,2.0420644033833213,0.017017203361527677,120.19859749671298,1.3239911428827974e-14,3.673446123769838e-14,True,4,0.29721963381371497,
1521,0.48,0.1,graph,True,False,False,2.042064403383348,0.0170172033615279,120.19859749671298,5.575720768551145e-15,2.598156783265095e-14,True,4,0.29721963381374916,
1521,0.48,0.1,best,True,False,False,2.0420644033832946,0.017017203361527455,120.19859749672577,4.9165429806168485e-15,1.8428520488493465e-14,True,4,0.2972196338137487,
1521,0.48,0.1,screened_graph,True,True,False,30.60484692018866,0.25504039100157216,675.9464239476634,1.0471064498605924e-14,4.780123228866876e-14,True,5,0.2972196338137483,
1521,0.48,0.1,screened_best,True,True,False,30.604846920187928,0.25504039100156606,675.9464239475833,3.6338676666803996e-15,3.5514978260033096e-14,True,5,0.2972196338137465,
1521,0.48,0.1,bounded_attempt,False,True,False,10.0,0.08333333333333333,625.6506164812521,0.002255288658437698,0.09195647367940056,True,5,0.29721963381375005,True
1521,0.48,0.1,selected,True,True,False,30.604846920187928,0.25504039100156606,675.9464239475833,3.6338676666803996e-15,3.5514978260033096e-14,True,5,0.2972196338137465,
1522,0.5,0.1,baseline,True,True,False,28.393299877014098,0.2366108323084508,589.1013846802921,4.3710901105486975e-15,5.697662737485448e-14,True,5,0.36633029339377465,
1522,0.5,0.1,local,True,True,False,28.393299877014098,0.2366108323084508,589.1013846802921,4.3710901105486975e-15,5.697662737485448e-14,True,5,0.36633029339377465,
1522,0.5,0.1,multistart,True,False,False,1.9735715247087882,0.016446429372573235,118.64530281703054,1.191976961033855e-14,3.2781831080213995e-14,True,4,0.36633029339377465,
1522,0.5,0.1,graph,True,False,False,1.9735715247087882,0.016446429372573235,118.64530281703054,1.191976961033855e-14,3.2781831080213995e-14,True,4,0.36633029339377465,
1522,0.5,0.1,best,True,False,False,1.9735715247087882,0.016446429372573235,118.64530281703054,1.191976961033855e-14,3.2781831080213995e-14,True,4,0.36633029339377465,
1522,0.5,0.1,screened_graph,True,True,False,28.39329987701418,0.23661083230845148,589.1013846816447,7.773593011411882e-15,3.7096175666384483e-14,True,5,0.3663302933937729,
1522,0.5,0.1,screened_best,True,True,False,28.393299877014044,0.23661083230845037,589.1013846795888,4.41287467006352e-15,3.649622646024411e-14,True,5,0.07493807067218405,
1522,0.5,0.1,bounded_attempt,False,True,False,9.999999999999991,0.08333333333333326,667.5280467636223,0.0019101250118112683,0.08078484783095195,True,5,0.051562404358188374,True
1522,0.5,0.1,selected,True,True,False,28.393299877014044,0.23661083230845037,589.1013846795888,4.41287467006352e-15,3.649622646024411e-14,True,5,0.07493807067218405,
1523,0.52,0.1,baseline,True,True,False,26.710234022764876,0.22258528352304063,684.9660067052753,2.9014286024586607e-15,3.731367926007075e-14,True,5,0.43648405997303463,
1523,0.52,0.1,local,True,True,False,26.710234022764876,0.22258528352304063,684.9660067052753,2.9014286024586607e-15,3.731367926007075e-14,True,5,0.43648405997303463,
1523,0.52,0.1,multistart,True,False,False,1.9093551136663756,0.015911292613886463,117.63632194970697,1.0854295509531087e-14,2.9865161589252834e-14,True,4,0.4364840599730164,
1523,0.52,0.1,graph,True,False,False,1.9093551136665354,0.015911292613887795,117.63632194970057,1.9020227128451443e-14,6.004277742939495e-14,True,4,0.4364840599730342,
1523,0.52,0.1,best,True,False,False,1.9093551136663223,0.01591129261388602,117.63632194971336,1.2948057833470968e-15,1.153712144527587e-14,True,4,0.4364840599730302,
1523,0.52,0.1,screened_graph,True,True,False,26.710234022765142,0.22258528352304285,684.9660067022983,7.49814512201449e-15,4.94538415390906e-14,True,5,0.43648405997303374,
1523,0.52,0.1,screened_best,True,True,False,26.710234022746597,0.2225852835228883,684.9660067009686,3.601920942687412e-15,2.465788475630567e-14,True,5,0.07229631898490041,
1523,0.52,0.1,bounded_attempt,False,True,False,9.999999999999991,0.08333333333333326,861.1122204702687,0.001664797384242965,0.0733336402337187,True,5,0.05321839073474344,True
1523,0.52,0.1,selected,True,True,False,26.710234022746597,0.2225852835228883,684.9660067009686,3.601920942687412e-15,2.465788475630567e-14,True,5,0.07229631898490041,
1524,0.54,0.1,baseline,True,True,False,27.711796936245,0.230931641135375,660.2200779173373,4.1091436038036424e-15,3.211682484805204e-14,True,5,0.4848770779342084,
1524,0.54,0.1,local,True,True,False,27.711796936245,0.230931641135375,660.2200779173373,4.1091436038036424e-15,3.211682484805204e-14,True,5,0.4848770779342084,
1524,0.54,0.1,multistart,True,False,False,1.8482426390505147,0.015402021992087622,117.12003672231148,1.162667943333689e-14,3.0454105372416694e-14,True,4,0.5078511682736568,
1524,0.54,0.1,graph,True,False,False,1.848242639050568,0.015402021992088066,117.12003672231148,1.2182682246177117e-14,3.0391780867655695e-14,True,4,0.5078511682736568,
1524,0.54,0.1,best,True,False,False,1.8482426390504614,0.015402021992087178,117.12003672231148,1.1759378117622495e-15,7.89532172014274e-15,True,4,0.5078511682736688,
1524,0.54,0.1,screened_graph,True,True,False,27.71179693624455,0.23093164113537124,660.2200779244548,4.803163308286991e-15,3.3918049489509466e-14,True,5,0.507851168273671,
1524,0.54,0.1,screened_best,True,True,False,27.71179693624452,0.230931641135371,660.2200779172477,6.585152893276131e-15,4.817127333082494e-14,True,5,0.5078511682736706,
1524,0.54,0.1,bounded_attempt,False,True,False,9.999999999999991,0.08333333333333326,774.9245127232199,0.0015384490414411083,0.06989617057655231,True,5,0.507851168273671,True
1524,0.54,0.1,selected,True,True,False,27.71179693624452,0.230931641135371,660.2200779172477,6.585152893276131e-15,4.817127333082494e-14,True,5,0.5078511682736706,
1525,0.56,0.1,baseline,True,True,False,29.96142366117711,0.24967853050980926,563.770739117848,5.937487890178764e-15,4.5586948830813934e-14,True,5,0.44173886317223676,
1525,0.56,0.1,local,True,True,False,29.96142366117711,0.24967853050980926,563.770739117848,5.937487890178764e-15,4.5586948830813934e-14,True,5,0.44173886317223676,
1525,0.56,0.1,multistart,True,False,False,1.7891867652104398,0.014909889710086999,117.06467408188104,1.1535814596392951e-14,3.6597236160340405e-14,True,4,0.580617765355802,
1525,0.56,0.1,graph,True,False,False,1.7891867652105198,0.014909889710087665,117.06467408238943,6.030054506389723e-16,2.4272271704442308e-15,True,4,0.5806177653558149,
1525,0.56,0.1,best,True,False,False,1.7891867652104398,0.014909889710086999,117.06467408188104,1.1535814596392951e-14,3.6597236160340405e-14,True,4,0.580617765355802,
1525,0.56,0.1,screened_graph,True,True,False,29.961423661177218,0.24967853050981015,563.7707391233732,6.394649104698727e-15,5.904588602015542e-14,True,5,0.5806177653558136,
1525,0.56,0.1,screened_best,True,True,False,29.961423661177005,0.24967853050980837,563.7707391178736,3.234090342272182e-15,2.1863017757839667e-14,True,5,0.0621627566381493,
1525,0.56,0.1,bounded_attempt,False,True,False,9.999999999999991,0.08333333333333326,835.4816665918369,0.00150524683956192,0.06997543793775511,True,5,0.045105340909247005,True
1525,0.56,0.1,selected,True,True,False,29.961423661177005,0.24967853050980837,563.7707391178736,3.234090342272182e-15,2.1863017757839667e-14,True,5,0.0621627566381493,
1526,0.58,0.1,baseline,True,True,False,32.46431731438277,0.27053597761985637,704.6105582320571,5.074414582634862e-15,4.110673095289643e-14,True,5,0.39066415902327023,
1526,0.58,0.1,local,True,True,False,32.46431731438277,0.27053597761985637,704.6105582320571,5.074414582634862e-15,4.110673095289643e-14,True,5,0.39066415902327023,
1526,0.58,0.1,multistart,True,False,False,1.7312025734821646,0.014426688112351371,117.45536130240808,1.7569043681881777e-14,7.171240521685872e-14,True,4,0.655185224462151,
1526,0.58,0.1,graph,True,False,False,1.7312025734821646,0.014426688112351371,117.45536130240168,8.097127276497664e-16,4.9036383114899615e-15,True,4,0.6551852244622096,
1526,0.58,0.1,best,True,False,False,1.7312025734821646,0.014426688112351371,117.45536130240168,8.097127276497664e-16,4.9036383114899615e-15,True,4,0.6551852244622096,
1526,0.58,0.1,screened_graph,True,True,False,32.464317314382235,0.27053597761985193,704.6105582320507,4.921510474700997e-15,1.0836652053967933e-13,True,5,0.05446112405468906,
1526,0.58,0.1,screened_best,True,True,False,32.464317314382235,0.27053597761985193,704.6105582320507,4.921510474700997e-15,1.0836652053967933e-13,True,5,0.05446112405468906,
1526,0.58,0.1,bounded_attempt,False,True,False,9.999999999999991,0.08333333333333326,506.48168076965055,0.0015315085945544968,0.07261046551462694,True,5,0.0366586581135957,True
1526,0.58,0.1,selected,True,True,False,32.464317314382235,0.27053597761985193,704.6105582320507,4.921510474700997e-15,1.0836652053967933e-13,True,5,0.05446112405468906,
1527,0.6,0.1,baseline,True,True,False,36.58811944866056,0.30490099540550464,921.7612668187094,7.895241679203476e-15,6.179408281761566e-14,True,5,0.3331051494336075,
1527,0.6,0.1,local,True,True,False,36.58811944866056,0.30490099540550464,921.7612668187094,7.895241679203476e-15,6.179408281761566e-14,True,5,0.3331051494336075,
1527,0.6,0.1,multistart,True,False,False,1.7290608195855306,0.014408840163212755,118.29282728871391,1.92963590660288e-14,7.518823519102815e-14,True,3,0.7317965287967503,
1527,0.6,0.1,graph,True,False,False,1.7290608195855306,0.014408840163212755,118.29282728871391,1.1983210615419905e-15,7.748120218901558e-15,True,3,0.7317965287967989,
1527,0.6,0.1,best,True,False,False,1.7290608195854773,0.014408840163212311,118.29282728869472,7.471162199631532e-16,4.284418622171663e-15,True,3,0.7317965287967994,
1527,0.6,0.1,screened_graph,True,True,False,36.58811944866125,0.3049009954055104,921.7612668186582,5.2983759968150465e-15,5.928053333393223e-14,True,5,0.045198512749477615,
1527,0.6,0.1,screened_best,True,True,False,36.58811944866048,0.30490099540550397,921.7612668187359,5.5841155560737514e-15,3.724328978467099e-14,True,5,0.7317965287967991,
1527,0.6,0.1,bounded_attempt,False,True,False,9.999999999999998,0.08333333333333331,265.3461764343542,0.0016325505890470444,0.0784658737552055,True,5,0.7317965287967994,True
1527,0.6,0.1,selected,True,True,False,36.58811944866048,0.30490099540550397,921.7612668187359,5.5841155560737514e-15,3.724328978467099e-14,True,5,0.7317965287967991,
1528,0.62,0.1,baseline,True,True,False,45.27097419926996,0.37725811832724965,1495.4026961580385,3.942470440146807e-15,4.538768546428872e-14,True,5,0.271692173921382,
1528,0.62,0.1,local,True,True,False,45.27097419926996,0.37725811832724965,1495.4026961580385,3.942470440146807e-15,4.538768546428872e-14,True,5,0.271692173921382,
1528,0.62,0.1,multistart,True,False,False,1.7421134286141893,0.014517611905118244,119.59357560892983,2.12005773164401e-14,9.270241360203056e-14,True,3,0.8107187262576077,
1528,0.62,0.1,graph,True,False,False,1.7421134286142426,0.014517611905118688,119.59357560860369,6.716852883120654e-16,4.038585280550702e-15,True,3,0.8107187262576498,
1528,0.62,0.1,best,True,False,False,1.7421134286141693,0.014517611905118077,119.59357560860049,5.39462743531992e-16,1.820213526850452e-15,True,3,0.810718726257651,
1528,0.62,0.1,screened_graph,True,True,False,45.27097419926394,0.37725811832719947,1495.4026961573163,7.784786478914684e-15,6.206442790580505e-14,True,5,0.035219990195591855,
1528,0.62,0.1,screened_best,True,True,False,45.27097419926394,0.37725811832719947,1495.4026961573163,7.784786478914684e-15,6.206442790580505e-14,True,5,0.035219990195591855,
1528,0.62,0.1,bounded_attempt,False,True,False,9.999999999999964,0.08333333333333304,269.4439716399387,0.0018044712127437488,0.08735053269424516,True,5,0.010426089358422708,True
1528,0.62,0.1,selected,True,True,False,45.27097419926394,0.37725811832719947,1495.4026961573163,7.784786478914684e-15,6.206442790580505e-14,True,5,0.035219990195591855,
1529,0.64,0.1,baseline,True,True,False,67.94872358936172,0.5662393632446809,3071.9893515619146,3.482854743127908e-15,4.42554592827709e-14,True,5,0.2097125117902907,
1529,0.64,0.1,local,True,True,False,67.94872358936172,0.5662393632446809,3071.9893515619146,3.482854743127908e-15,4.42554592827709e-14,True,5,0.2097125117902907,
1529,0.64,0.1,multistart,True,False,False,1.7619894100872457,0.014683245084060381,121.39162138284547,2.1439026281824544e-14,9.550567157412584e-14,True,3,0.8922802625433754,
1529,0.64,0.1,graph,True,False,False,1.7619894100872457,0.014683245084060381,121.3916213825513,6.822736016865924e-16,5.466826839311104e-15,True,3,0.8922802625434156,
1529,0.64,0.1,best,True,False,False,1.7619894100872457,0.014683245084060381,121.3916213825513,6.822736016865924e-16,5.466826839311104e-15,True,3,0.8922802625434156,
1529,0.64,0.1,screened_graph,True,True,False,67.94872358936172,0.5662393632446809,3071.9893515619146,3.482854743127908e-15,4.42554592827709e-14,True,5,0.2097125117902907,
1529,0.64,0.1,screened_best,True,True,False,67.94872358935811,0.566239363244651,3071.989351561883,8.914034868987701e-15,4.089011697729192e-14,True,5,0.8922802625434152,
1529,0.64,0.1,bounded_attempt,False,True,False,10.0,0.08333333333333333,2360.6254983768013,0.0005575329477138776,0.030677726755990103,True,5,0.8922802625434156,True
1529,0.64,0.1,selected,True,True,False,67.94872358935811,0.566239363244651,3071.989351561883,8.914034868987701e-15,4.089011697729192e-14,True,5,0.8922802625434152,
1530,0.66,0.1,baseline,True,True,False,142.8295286930925,1.1902460724424375,11162.028597721253,1.254555088129707e-14,9.453564034869295e-14,True,5,0.1503703707993287,
1530,0.66,0.1,local,True,True,False,142.8295286930925,1.1902460724424375,11162.028597721253,1.254555088129707e-14,9.453564034869295e-14,True,5,0.1503703707993287,
1530,0.66,0.1,multistart,True,False,False,1.7894902663931056,0.014912418886609213,123.74220099202233,2.238297883728371e-14,1.0305661721608725e-13,True,3,0.976889493364306,
1530,0.66,0.1,graph,True,False,False,1.7894902663931056,0.014912418886609213,123.74220099174096,6.93924083992924e-16,4.8942375392211806e-15,True,3,0.9768894933643413,
1530,0.66,0.1,best,True,False,False,1.7894902663931056,0.014912418886609213,123.74220099174096,6.93924083992924e-16,4.8942375392211806e-15,True,3,0.9768894933643413,
1530,0.66,0.1,screened_graph,True,True,False,88.38610674709687,0.7365508895591406,4329.448703807574,5.1131362154079626e-15,8.274034504974162e-14,True,3,0.6734947449368347,
1530,0.66,0.1,screened_best,True,True,False,88.38610674709014,0.7365508895590844,4329.448703807935,1.2664203759419307e-14,1.7925941110853729e-13,True,3,0.7166804429901497,
1530,0.66,0.1,bounded_attempt,False,True,False,9.999999999999964,0.08333333333333304,2370.6391972851875,0.0004943792972991212,0.025570076799711166,True,5,0.11636349617241759,True
1530,0.66,0.1,selected,True,True,False,88.38610674709014,0.7365508895590844,4329.448703807935,1.2664203759419307e-14,1.7925941110853729e-13,True,3,0.7166804429901497,
1531,0.68,0.1,baseline,True,True,False,140.62923911791498,1.171910325982625,22833.0806112708,6.139772355753484e-15,4.3813431801387624e-14,True,5,1.0650151546146323,
1531,0.68,0.1,local,True,True,False,140.62923911791498,1.171910325982625,22833.0806112708,6.139772355753484e-15,4.3813431801387624e-14,True,5,1.0650151546146323,
1531,0.68,0.1,multistart,True,False,False,1.825818475899954,0.01521515396583295,126.7283432212487,4.602997789749792e-15,4.285081780759235e-14,True,3,1.065015154614632,
1531,0.68,0.1,graph,True,False,False,1.8258184758999474,0.015215153965832895,126.72834322098652,9.139058030083001e-15,3.3735892132755166e-14,True,3,1.065015154614633,
1531,0.68,0.1,best,True,False,False,1.8258184758999474,0.015215153965832895,126.72834322098652,9.139058030083001e-15,3.3735892132755166e-14,True,3,1.065015154614633,
1531,0.68,0.1,screened_graph,True,True,False,56.523094127608594,0.47102578439673826,1951.7629057491804,8.314407830512288e-15,7.830453811822234e-14,True,3,0.7857876139502018,
1531,0.68,0.1,screened_best,True,True,False,56.52309412760631,0.47102578439671927,1951.762905749411,1.1515539212433713e-14,6.324320201375515e-14,True,3,0.7642631493799419,
1531,0.68,0.1,bounded_attempt,False,True,False,10.0,0.08333333333333333,1188.511717159949,0.0014577972473878756,0.07680474022075326,True,3,0.7642631493799419,True
1531,0.68,0.1,selected,True,True,False,56.52309412760631,0.47102578439671927,1951.762905749411,1.1515539212433713e-14,6.324320201375515e-14,True,3,0.7642631493799419,
1532,0.7000000000000001,0.1,baseline,True,True,False,75.10334798718341,0.6258612332265284,3484.747047591312,5.3373266468020795e-15,3.632642112689111e-14,True,3,1.1572571229765791,
1532,0.7000000000000001,0.1,local,True,True,False,75.10334798718341,0.6258612332265284,3484.747047591312,5.3373266468020795e-15,3.632642112689111e-14,True,3,1.1572571229765791,
1532,0.7000000000000001,0.1,multistart,True,False,False,1.8727545704623871,0.01560628808718656,130.4720425234514,2.1685952949237063e-14,1.0766121565098317e-13,True,3,0.9383025958917903,
1532,0.7000000000000001,0.1,graph,True,False,False,1.8727545704624537,0.015606288087187115,130.4720425234274,1.1117831795398453e-15,4.455834371353655e-15,True,3,1.1572571229765798,
1532,0.7000000000000001,0.1,best,True,False,False,1.8727545704623871,0.01560628808718656,130.4720425234514,2.1685952949237063e-14,1.0766121565098317e-13,True,3,0.9383025958917903,
1532,0.7000000000000001,0.1,screened_graph,True,True,False,36.85048212928983,0.30708735107741525,1354.366267700464,4.387428101907152e-15,5.75861503173333e-14,True,3,0.8305238273539617,
1532,0.7000000000000001,0.1,screened_best,True,True,False,36.85048212928925,0.30708735107741036,1354.3662677005377,1.5997809130059653e-14,1.3198248307906655e-13,True,3,1.1572571229765787,
1532,0.7000000000000001,0.1,bounded_attempt,False,True,False,10.0,0.08333333333333333,664.2784885088981,0.0012896484002227328,0.06793047234021225,True,3,1.15725712297514,True
1532,0.7000000000000001,0.1,selected,True,True,False,36.85048212928925,0.30708735107741036,1354.3662677005377,1.5997809130059653e-14,1.3198248307906655e-13,True,3,1.1572571229765787,
1533,0.72,0.1,baseline,True,True,False,44.121052878494005,0.3676754406541167,1260.6700580946947,4.496231915753894e-15,2.88747010693072e-14,True,3,1.2544928209340533,
1533,0.72,0.1,local,True,True,False,44.121052878494005,0.3676754406541167,1260.6700580946947,4.496231915753894e-15,2.88747010693072e-14,True,3,1.2544928209340533,
1533,0.72,0.1,multistart,True,False,False,1.9329679433783298,0.016108066194819415,135.1534442617499,2.0309013995766816e-14,9.154410924899255e-14,True,3,0.8983120409706125,
1533,0.72,0.1,graph,True,False,False,1.9329679433784364,0.016108066194820303,135.15344426169236,1.4271231712221703e-14,7.147630191745092e-14,True,3,1.2544928209340547,
1533,0.72,0.1,best,True,False,False,1.9329679433783298,0.016108066194819415,135.1534442617499,2.0309013995766816e-14,9.154410924899255e-14,True,3,0.8983120409706125,
1533,0.72,0.1,screened_graph,True,True,False,26.364551784977017,0.2197045982081418,767.9498413763184,1.889021312627139e-14,9.678670016744527e-13,True,3,0.02420993845584185,
1533,0.72,0.1,screened_best,True,True,False,26.364551784933347,0.21970459820777788,767.9498413667636,4.905994277335102e-15,3.4542229933874264e-14,True,3,1.2544928209340542,
1533,0.72,0.1,bounded_attempt,False,True,False,10.0,0.08333333333333333,1079.0068456652486,0.0010909434275035372,0.05830549972220236,True,3,1.2544928209330946,True
1533,0.72,0.1,selected,True,True,False,26.364551784933347,0.21970459820777788,767.9498413667636,4.905994277335102e-15,3.4542229933874264e-14,True,3,1.2544928209340542,
1534,0.74,0.1,baseline,True,True,False,28.989776984152268,0.24158147486793558,789.8536233261008,2.6973293367536083e-15,2.9654191175212004e-14,True,3,1.357920495432995,
1534,0.74,0.1,local,True,True,False,28.989776984152268,0.24158147486793558,789.8536233261008,2.6973293367536083e-15,2.9654191175212004e-14,True,3,1.357920495432995,
1534,0.74,0.1,multistart,True,False,False,2.01059379580645,0.016754948298387085,141.044924157341,2.018805565455597e-14,8.774637582821557e-14,True,3,0.8556664789682591,
1534,0.74,0.1,graph,True,False,False,2.010593795806457,0.01675494829838714,141.04492415715714,7.5501415522456e-15,2.862378451694523e-14,True,3,1.3579204954329995,
1534,0.74,0.1,best,True,False,False,2.01059379580645,0.016754948298387085,141.044924157341,2.018805565455597e-14,8.774637582821557e-14,True,3,0.8556664789682591,
1534,0.74,0.1,screened_graph,True,True,False,21.54138126408359,0.17951151053402992,462.9270436933901,1.1437183299343465e-14,5.225411638897367e-14,True,3,0.056516653010170614,
1534,0.74,0.1,screened_best,True,True,False,21.541381264055772,0.1795115105337981,462.92704369793046,3.770790888789971e-15,2.373875164237089e-14,True,3,1.3579204954329944,
1534,0.74,0.1,bounded_attempt,False,True,False,9.999999999999964,0.08333333333333304,1101.7968698570662,0.0008718998722886946,0.04767926424406846,True,3,1.3579204954315203,True
1534,0.74,0.1,selected,True,True,False,21.541381264055772,0.1795115105337981,462.92704369793046,3.770790888789971e-15,2.373875164237089e-14,True,3,1.3579204954329944,
1535,0.76,0.1,baseline,True,True,False,20.57755427416488,0.17147961895137398,467.85969305354166,9.04172755862073e-15,9.198786624874341e-14,True,3,1.4692373787858535,
1535,0.76,0.1,local,True,True,False,20.57755427416488,0.17147961895137398,467.85969305354166,9.04172755862073e-15,9.198786624874341e-14,True,3,1.4692373787858535,
1535,0.76,0.1,multistart,True,False,False,2.1123955909558667,0.01760329659129889,148.57415778565226,2.7562614237969564e-14,1.0761274923599084e-13,True,3,0.8096619226813848,
1535,0.76,0.1,graph,True,False,False,2.112395590955667,0.017603296591297224,148.57415778479054,2.5760320268442962e-14,9.327180372617178e-14,True,3,1.4692373787858506,
1535,0.76,0.1,best,True,False,False,2.112395590955667,0.017603296591297224,148.57415778479054,2.5760320268442962e-14,9.327180372617178e-14,True,3,1.4692373787858506,
1535,0.76,0.1,screened_graph,True,True,False,16.5865594783185,0.1382213289859875,332.1962313251611,9.700494262242479e-15,5.747323112023207e-14,True,3,0.07996094450281266,
1535,0.76,0.1,screened_best,True,True,False,16.586559478317113,0.13822132898597594,332.1962313376695,4.505796549537073e-15,1.0177966556558224e-13,True,3,0.10433687919871026,
1535,0.76,0.1,bounded_attempt,False,True,False,9.999999999999964,0.08333333333333304,683.1608091648654,0.0006292192508018074,0.034061367358428914,True,3,0.09989219883793599,True
1535,0.76,0.1,selected,True,True,False,16.586559478317113,0.13822132898597594,332.1962313376695,4.505796549537073e-15,1.0177966556558224e-13,True,3,0.10433687919871026,
1536,0.78,0.1,baseline,True,True,False,15.752951583950194,0.1312745965329183,280.9143549201447,1.636167640747183e-14,6.916502437765601e-14,True,3,1.5911978454473932,
1536,0.78,0.1,local,True,True,False,15.752951583950194,0.1312745965329183,280.9143549201447,1.636167640747183e-14,6.916502437765601e-14,True,3,1.5911978454473932,
1536,0.78,0.1,multistart,True,False,False,2.2503969466240825,0.01875330788853402,158.44036004255457,4.3992929369055095e-14,1.0566544183107536e-13,True,3,0.7591594119521226,
1536,0.78,0.1,graph,True,False,False,2.250396946623723,0.018753307888531023,158.44036004253698,4.445347452381204e-14,9.296644209271255e-14,True,3,0.7591594119521234,
1536,0.78,0.1,best,True,False,False,2.2503969466234963,0.018753307888529136,158.44036004256097,1.6289072283052913e-14,5.77982339204709e-14,True,3,1.5296111870063038,
1536,0.78,0.1,screened_graph,True,True,False,13.546661642506637,0.11288884702088864,242.17599877790704,1.432866133973249e-14,1.5466458303336024e-13,True,3,1.5911978454473932,
1536,0.78,0.1,screened_best,True,True,False,13.546661642505917,0.11288884702088264,242.17599877792537,6.915108241827907e-15,2.702533514918686e-13,True,3,0.13175065495085914,
1536,0.78,0.1,bounded_attempt,False,True,False,9.999999999999964,0.08333333333333304,390.05777942252354,0.00033922473256561207,0.01756443822642848,True,3,0.12914521740243323,True
1536,0.78,0.1,selected,True,True,False,13.546661642505917,0.11288884702088264,242.17599877792537,6.915108241827907e-15,2.702533514918686e-13,True,3,0.13175065495085914,
1537,0.8,0.1,baseline,True,True,False,11.940605232261913,0.0995050436021826,246.00176738410636,2.0305347250103916e-14,9.312191920583874e-14,True,3,1.728196500820121,
1537,0.8,0.1,local,True,True,False,11.940605232261913,0.0995050436021826,246.00176738410636,2.0305347250103916e-14,9.312191920583874e-14,True,3,1.728196500820121,
1537,0.8,0.1,multistart,True,True,True,3.465461249824713,0.028878843748539273,171.72015858982715,2.4088946589427246e-14,7.769294704457626e-14,True,2,1.4375576892516015,
1537,0.8,0.1,graph,True,True,True,3.4654612498256587,0.028878843748547156,171.72015858982235,3.6053808978095646e-14,6.627536176498514e-14,True,2,0.7020642293192525,
1537,0.8,0.1,best,True,True,True,3.465461249824513,0.028878843748537608,171.72015858981277,1.998033745494256e-14,5.251238198724275e-14,True,2,0.7020642293192525,
1537,0.8,0.1,screened_graph,True,True,True,3.4654612498256587,0.028878843748547156,171.72015858982235,3.6053808978095646e-14,6.627536176498514e-14,True,2,0.7020642293192525,
1537,0.8,0.1,screened_best,True,True,True,3.465461249824513,0.028878843748537608,171.72015858981277,1.998033745494256e-14,5.251238198724275e-14,True,2,0.7020642293192525,
1537,0.8,0.1,bounded_attempt,True,True,True,3.4654612498251125,0.028878843748542604,171.7201585891189,2.096282742285593e-12,2.5577473352903082e-11,True,2,0.7020642293192543,True
1537,0.8,0.1,selected,True,True,True,3.465461249824513,0.028878843748537608,171.72015858981277,1.998033745494256e-14,5.251238198724275e-14,True,2,0.7020642293192525,
1553,0.4,0.12,baseline,True,True,False,29.03984924292459,0.24199874369103824,678.6560805025758,5.0961723584536896e-15,3.496233206843757e-14,True,5,0.027564345341892782,
1553,0.4,0.12,local,True,True,False,29.03984924292459,0.24199874369103824,678.6560805025758,5.0961723584536896e-15,3.496233206843757e-14,True,5,0.027564345341892782,
1553,0.4,0.12,multistart,True,False,False,2.890527453595002,0.02408772877995835,141.8229049095899,6.306850143636552e-14,4.896750888145705e-13,True,1,0.027564345341883456,
1553,0.4,0.12,graph,True,False,False,2.890527453595162,0.024087728779959683,135.4202812524612,6.438133566339763e-14,4.974271711390868e-13,True,1,0.027564345341885232,
1553,0.4,0.12,best,True,False,False,2.8905274535908987,0.024087728779924156,135.4202812524788,5.045911929377756e-15,6.567592013733664e-14,True,1,0.027564345341892338,
1553,0.4,0.12,screened_graph,True,True,False,29.039849242924003,0.24199874369103336,678.6560805023133,3.150617595008561e-14,4.3160036038964e-13,True,5,0.027564345341892338,
1553,0.4,0.12,screened_best,True,True,False,29.039849242923577,0.2419987436910298,678.6560804998771,6.02711541610531e-15,6.408493893772216e-14,True,5,0.027564345341891894,
1553,0.4,0.12,bounded_attempt,False,True,False,9.999999999999964,0.08333333333333304,669.4222575101375,0.0038820551372450674,0.121448266656172,True,5,0.027564345341724916,True
1553,0.4,0.12,selected,True,True,False,29.039849242923577,0.2419987436910298,678.6560804998771,6.02711541610531e-15,6.408493893772216e-14,True,5,0.027564345341891894,
1554,0.42,0.12,baseline,True,True,False,23.99110506446096,0.19992587553717467,402.16243778943266,1.241406711315747e-14,1.2622876329416235e-13,True,5,0.09399081187493463,
1554,0.42,0.12,local,True,True,False,23.99110506446096,0.19992587553717467,402.16243778943266,1.241406711315747e-14,1.2622876329416235e-13,True,5,0.09399081187493463,
1554,0.42,0.12,multistart,True,False,False,2.560101990772079,0.02133418325643399,129.7568118188181,8.002274694041553e-15,2.6768768596259212e-14,True,1,0.09399081187493552,
1554,0.42,0.12,graph,True,False,False,2.560101990772239,0.021334183256435324,129.7568118188245,1.5917017998113664e-14,3.600130476163464e-14,True,1,0.09399081187493508,
1554,0.42,0.12,best,True,False,False,2.560101990772079,0.02133418325643399,129.7568118188181,8.002274694041553e-15,2.6768768596259212e-14,True,1,0.09399081187493552,
1554,0.42,0.12,screened_graph,True,True,False,23.99110506446032,0.19992587553716934,402.16243778958614,6.320673459955474e-15,1.1736093843220966e-13,True,5,0.09399081187493508,
1554,0.42,0.12,screened_best,True,True,False,23.991105064460267,0.1999258755371689,402.16243779054537,1.0906387359031608e-14,9.265081441667435e-14,True,5,0.09399081187493552,
1554,0.42,0.12,bounded_attempt,False,True,False,9.999999999999964,0.08333333333333304,644.697742883399,0.002909872045064545,0.09786563174390865,True,5,0.09399081187490133,True
1554,0.42,0.12,selected,True,True,False,23.991105064460267,0.1999258755371689,402.16243779054537,1.0906387359031608e-14,9.265081441667435e-14,True,5,0.09399081187493552,
1555,0.44,0.12,baseline,True,True,False,21.0635021592822,0.175529184660685,318.14220428355355,1.183927409010051e-14,1.0412669131817486e-13,True,5,0.16058703471584623,
1555,0.44,0.12,local,True,True,False,21.0635021592822,0.175529184660685,318.14220428355355,1.183927409010051e-14,1.0412669131817486e-13,True,5,0.16058703471584623,
1555,0.44,0.12,multistart,True,False,False,2.2907759085769364,0.019089799238141136,125.45291631085291,6.181226512734037e-15,2.6713537785061613e-14,True,1,0.16058703471584002,
1555,0.44,0.12,graph,True,False,False,2.2907759085769897,0.01908979923814158,125.45291631084652,8.766720594882631e-15,1.749379068238399e-14,True,1,0.1605870347158458,
1555,0.44,0.12,best,True,False,False,2.2907759085769364,0.019089799238141136,125.45291631085291,6.181226512734037e-15,2.6713537785061613e-14,True,1,0.16058703471584002,
1555,0.44,0.12,screened_graph,True,True,False,21.063502159276712,0.17552918466063927,318.14220428367827,4.829574837574006e-15,5.935268160835793e-14,True,5,0.16058703471584623,
1555,0.44,0.12,screened_best,True,True,False,21.063502159266108,0.1755291846605509,318.1422042839181,5.646605654313002e-15,4.3928826447805493e-14,True,5,0.13283602645077508,
1555,0.44,0.12,bounded_attempt,False,True,False,9.999999999999964,0.08333333333333304,711.2384041675842,0.002199174592358241,0.07915224963904803,True,5,0.11281998699070517,True
1555,0.44,0.12,selected,True,True,False,21.063502159266108,0.1755291846605509,318.1422042839181,5.646605654313002e-15,4.3928826447805493e-14,True,5,0.13283602645077508,
1556,0.46,0.12,baseline,True,True,False,18.880822822074315,0.15734019018395262,271.8487856434223,8.290930056579387e-15,7.265647119955479e-14,True,5,0.22773832258057292,
1556,0.46,0.12,local,True,True,False,18.880822822074315,0.15734019018395262,271.8487856434223,8.290930056579387e-15,7.265647119955479e-14,True,5,0.22773832258057292,
1556,0.46,0.12,multistart,True,False,False,2.1901601274107563,0.018251334395089636,122.19614311496505,6.9548765864153724e-15,5.992999262572805e-14,True,4,0.2277383225805698,
1556,0.46,0.12,graph,True,False,False,2.1901601274107563,0.018251334395089636,122.19614311497224,1.462442964854422e-14,6.184901759772447e-14,True,4,0.22773832258057247,
1556,0.46,0.12,best,True,False,False,2.1901601274107563,0.018251334395089636,122.19614311496505,6.9548765864153724e-15,5.992999262572805e-14,True,4,0.2277383225805698,
1556,0.46,0.12,screened_graph,True,True,False,18.880822822073515,0.15734019018394596,271.84878562636715,4.833057907526678e-15,5.189661388072578e-14,True,5,0.13703298918005302,
1556,0.46,0.12,screened_best,True,True,False,18.880822822067547,0.15734019018389622,271.8487856441033,9.646050893770668e-15,1.3451499207347093e-13,True,5,0.13703298918005213,
1556,0.46,0.12,bounded_attempt,False,True,False,9.999999999999964,0.08333333333333304,682.6162818630596,0.0017246504103820793,0.0660146358601833,True,5,0.1229863292202813,True
1556,0.46,0.12,selected,True,True,False,18.880822822067547,0.15734019018389622,271.8487856441033,9.646050893770668e-15,1.3451499207347093e-13,True,5,0.13703298918005213,
1557,0.48,0.12,baseline,True,True,False,18.094913952479317,0.1507909496039943,285.27538876039387,7.669785148318285e-15,6.245918992777737e-14,True,5,0.29594598040365483,
1557,0.48,0.12,local,True,True,False,18.094913952479317,0.1507909496039943,285.27538876039387,7.669785148318285e-15,6.245918992777737e-14,True,5,0.29594598040365483,
1557,0.48,0.12,multistart,True,False,False,2.1075895649038046,0.01756324637419837,119.77716847660318,1.1145384359368685e-14,2.6013871962743947e-14,True,4,0.2959459804036557,
1557,0.48,0.12,graph,True,False,False,2.107589564903858,0.017563246374198815,119.77716847661996,5.5834990233753665e-15,2.6718685594563958e-14,True,4,0.29594598040365394,
1557,0.48,0.12,best,True,False,False,2.1075895649038046,0.01756324637419837,119.77716847660318,1.1145384359368685e-14,2.6013871962743947e-14,True,4,0.2959459804036557,
1557,0.48,0.12,screened_graph,True,True,False,18.09491395247829,0.15079094960398576,285.27538876030115,7.558134245067276e-15,3.157323987602236e-14,True,5,0.2959459804036446,
1557,0.48,0.12,screened_best,True,True,False,18.09491395247729,0.15079094960397743,285.27538876030434,5.192091987876511e-15,4.473447399934737e-14,True,5,0.13782562841581036,
1557,0.48,0.12,bounded_attempt,False,True,False,9.999999999999964,0.08333333333333304,623.9016223519194,0.0013862536265227027,0.05537413463838478,True,5,0.1264229320119199,True
1557,0.48,0.12,selected,True,True,False,18.09491395247729,0.15079094960397743,285.27538876030434,5.192091987876511e-15,4.473447399934737e-14,True,5,0.13782562841581036,
1558,0.5,0.12,baseline,True,True,False,16.76507844329077,0.13970898702742307,276.31715733105864,6.273635065613236e-15,5.175746498809613e-14,True,5,0.3653024489794787,
1558,0.5,0.12,local,True,True,False,16.76507844329077,0.13970898702742307,276.31715733105864,6.273635065613236e-15,5.175746498809613e-14,True,5,0.3653024489794787,
1558,0.5,0.12,multistart,True,False,False,2.0326330175242013,0.016938608479368344,118.05321675288525,1.0413668562835036e-14,2.7313056170959655e-14,True,4,0.36530244897947917,
1558,0.5,0.12,graph,True,False,False,2.0326330175242546,0.01693860847936879,118.05321675289164,1.0956106976743912e-14,3.078830115238188e-14,True,4,0.3653024489794783,
1558,0.5,0.12,best,True,False,False,2.0326330175242013,0.016938608479368344,118.05321675288525,1.0413668562835036e-14,2.7313056170959655e-14,True,4,0.36530244897947917,
1558,0.5,0.12,screened_graph,True,True,False,16.765078443291088,0.13970898702742574,276.3171573310011,6.5627741604118335e-15,3.342286944751675e-14,True,5,0.3653024489794747,
1558,0.5,0.12,screened_best,True,True,False,16.76507844329077,0.13970898702742307,276.31715733105864,6.273635065613236e-15,5.175746498809613e-14,True,5,0.3653024489794787,
1558,0.5,0.12,bounded_attempt,False,True,False,9.999999999999964,0.08333333333333304,472.85278423454713,0.0011438042143305618,0.048020068701132866,True,5,0.3653024489794783,True
1558,0.5,0.12,selected,True,True,False,16.76507844329077,0.13970898702742307,276.31715733105864,6.273635065613236e-15,5.175746498809613e-14,True,5,0.3653024489794787,
1559,0.52,0.12,baseline,True,True,False,17.053660931686814,0.14211384109739011,287.96965840703734,7.289155296313649e-15,6.081097541469677e-14,True,5,0.4358900945410844,
1559,0.52,0.12,local,True,True,False,17.053660931686814,0.14211384109739011,287.96965840703734,7.289155296313649e-15,6.081097541469677e-14,True,5,0.4358900945410844,
1559,0.52,0.12,multistart,True,False,False,1.9634058570190493,0.016361715475158745,116.92670778148884,1.1201782049016448e-14,2.898461119666296e-14,True,4,0.4358900945410613,
1559,0.52,0.12,graph,True,False,False,1.9634058570191026,0.01636171547515919,116.92670778149123,2.6807130397511952e-15,1.567297635495117e-14,True,4,0.43589009454107863,
1559,0.52,0.12,best,True,False,False,1.9634058570190493,0.016361715475158745,116.92670778148884,1.1201782049016448e-14,2.898461119666296e-14,True,4,0.4358900945410613,
1559,0.52,0.12,screened_graph,True,True,False,17.053660931687332,0.14211384109739444,287.9696584070182,4.813272180130413e-15,2.309611226795045e-14,True,5,0.43589009454107774,
1559,0.52,0.12,screened_best,True,True,False,17.053660931686814,0.14211384109739011,287.96965840703734,7.289155296313649e-15,6.081097541469677e-14,True,5,0.4358900945410844,
1559,0.52,0.12,bounded_attempt,False,True,False,9.999999999999964,0.08333333333333304,543.0527391675724,0.0010018304833338133,0.043725414088990736,True,5,0.43589009454107996,True
1559,0.52,0.12,selected,True,True,False,17.053660931686814,0.14211384109739011,287.96965840703734,7.289155296313649e-15,6.081097541469677e-14,True,5,0.4358900945410844,
1560,0.54,0.12,baseline,True,True,False,17.446940105571613,0.1453911675464301,321.3896298717671,9.310040941539217e-15,7.607310122313702e-14,True,5,0.5076463478254047,
1560,0.54,0.12,local,True,True,False,17.446940105571613,0.1453911675464301,321.3896298717671,9.310040941539217e-15,7.607310122313702e-14,True,5,0.5076463478254047,
1560,0.54,0.12,multistart,True,False,False,1.8983806592795816,0.015819838827329846,116.33242396686114,1.2355573041863147e-14,3.600692843324671e-14,True,4,0.5076463478253848,
1560,0.54,0.12,graph,True,False,False,1.8983806592795816,0.015819838827329846,116.33242396686114,1.2355573041863147e-14,3.600692843324671e-14,True,4,0.5076463478253848,
1560,0.54,0.12,best,True,False,False,1.8983806592795816,0.015819838827329846,116.33242396686114,1.2355573041863147e-14,3.600692843324671e-14,True,4,0.5076463478253848,
1560,0.54,0.12,screened_graph,True,True,False,17.446940105570174,0.14539116754641812,321.38962987173835,4.517731525987119e-15,4.302722561721843e-14,True,5,0.5076463478253976,
1560,0.54,0.12,screened_best,True,True,False,17.446940105569535,0.1453911675464128,321.3896298717096,1.6709340622472736e-15,9.018432315720283e-15,True,5,0.12089396932229857,
1560,0.54,0.12,bounded_attempt,False,True,False,9.999999999999991,0.08333333333333326,603.3697709494742,0.000947179112271411,0.042658705870616535,True,5,0.11487702558440827,True
1560,0.54,0.12,selected,True,True,False,17.446940105569535,0.1453911675464128,321.3896298717096,1.6709340622472736e-15,9.018432315720283e-15,True,5,0.12089396932229857,
1561,0.56,0.12,baseline,True,True,False,17.64738534265181,0.1470615445220984,349.84008290578714,4.13793187118574e-15,4.795597288689284e-14,True,5,0.5807677456015887,
1561,0.56,0.12,local,True,True,False,17.64738534265181,0.1470615445220984,349.84008290578714,4.13793187118574e-15,4.795597288689284e-14,True,5,0.5807677456015887,
1561,0.56,0.12,multistart,True,False,False,1.836259930298283,0.015302166085819024,116.2297547960577,1.1862002090118277e-14,4.1182662716388596e-14,True,4,0.5807677456015847,
1561,0.56,0.12,graph,True,False,False,1.836259930298283,0.015302166085819024,116.2297547960577,1.1862002090118277e-14,4.1182662716388596e-14,True,4,0.5807677456015847,
1561,0.56,0.12,best,True,False,False,1.836259930298283,0.015302166085819024,116.2297547960577,1.1862002090118277e-14,4.1182662716388596e-14,True,4,0.5807677456015847,
1561,0.56,0.12,screened_graph,True,True,False,17.64738534264893,0.14706154452207443,349.8400829057488,4.713220380009844e-15,5.424835710789553e-14,True,5,0.5807677456015838,
1561,0.56,0.12,screened_best,True,True,False,17.647385342647652,0.14706154452206377,349.8400829058159,2.0920506204726484e-15,8.092768564775158e-15,True,5,0.11169192906369307,
1561,0.56,0.12,bounded_attempt,False,True,False,9.999999999999991,0.08333333333333326,808.824435757944,0.0009255991622573378,0.042830052838522384,True,5,0.10597065333413358,True
1561,0.56,0.12,selected,True,True,False,17.647385342647652,0.14706154452206377,349.8400829058159,2.0920506204726484e-15,8.092768564775158e-15,True,5,0.11169192906369307,
1562,0.58,0.12,baseline,True,True,False,18.243673409976005,0.15203061174980004,382.07311904391617,3.8759794286338306e-15,4.6551745833097034e-14,True,5,0.6148348496079477,
1562,0.58,0.12,local,True,True,False,18.243673409976005,0.15203061174980004,382.07311904391617,3.8759794286338306e-15,4.6551745833097034e-14,True,5,0.6148348496079477,
1562,0.58,0.12,multistart,True,False,False,1.7758791098940918,0.014798992582450765,116.5981963821622,1.767706067789367e-14,7.306470742872519e-14,True,4,0.6554714479977657,
1562,0.58,0.12,graph,True,False,False,1.7758791098940918,0.014798992582450765,116.5981963821622,1.767706067789367e-14,7.306470742872519e-14,True,4,0.6554714479977657,
1562,0.58,0.12,best,True,False,False,1.7758791098940918,0.014798992582450765,116.5981963821558,8.788322114874325e-16,5.373630150134572e-15,True,4,0.6554714479977655,
1562,0.58,0.12,screened_graph,True,True,False,18.243673409976246,0.15203061174980204,382.0731190437595,5.156639366502731e-15,5.4947921401953886e-14,True,5,0.6554714479977652,
1562,0.58,0.12,screened_best,True,True,False,18.243673409974967,0.15203061174979138,382.07311904371494,3.6462418449814826e-15,2.1897627652051234e-14,True,5,0.6554714479977657,
1562,0.58,0.12,bounded_attempt,False,True,False,9.999999999999998,0.08333333333333331,666.2672726328979,0.0009663913561798593,0.04568391896808623,True,5,0.655471447997767,True
1562,0.58,0.12,selected,True,True,False,18.243673409974967,0.15203061174979138,382.07311904371494,3.6462418449814826e-15,2.1897627652051234e-14,True,5,0.6554714479977657,
1563,0.6,0.12,baseline,True,True,False,20.271596194410293,0.16892996828675244,432.2260708465521,3.713883746527086e-15,4.742489681771489e-14,True,5,0.5572505536872221,
1563,0.6,0.12,local,True,True,False,20.271596194410293,0.16892996828675244,432.2260708465521,3.713883746527086e-15,4.742489681771489e-14,True,5,0.5572505536872221,
1563,0.6,0.12,multistart,True,False,False,1.7386591391982442,0.014488826159985368,117.43515606088977,2.031469241065051e-14,7.793310550045463e-14,True,3,0.7320747686646034,
1563,0.6,0.12,graph,True,False,False,1.7386591391987771,0.01448882615998981,117.43515606088337,6.226612491352341e-15,2.427711523148272e-13,True,3,0.012946878542745566,
1563,0.6,0.12,best,True,False,False,1.7386591391982442,0.014488826159985368,117.43515606088337,7.621736150483038e-16,8.925459606199186e-15,True,3,0.7320747686646607,
1563,0.6,0.12,screened_graph,True,True,False,20.271596194410133,0.1689299682867511,432.2260708467695,6.226740078859011e-15,4.4139992214220256e-14,True,5,0.7320747686646607,
1563,0.6,0.12,screened_best,True,True,False,20.271596194401127,0.16892996828667606,432.22607084661627,4.327467204641039e-15,2.344929589264126e-14,True,5,0.7320747686646609,
1563,0.6,0.12,bounded_attempt,False,True,False,9.999999999999998,0.08333333333333331,771.1492387075061,0.0010745089655134152,0.051547297926032215,True,5,0.7320747686646611,True
1563,0.6,0.12,selected,True,True,False,20.271596194401127,0.16892996828667606,432.22607084661627,4.327467204641039e-15,2.344929589264126e-14,True,5,0.7320747686646609,
1564,0.62,0.12,baseline,True,True,False,23.16128537240825,0.19301071143673543,524.5305540798938,4.095787560756142e-15,4.5246916095025834e-14,True,5,0.4917969470468657,
1564,0.62,0.12,local,True,True,False,23.16128537240825,0.19301071143673543,524.5305540798938,4.095787560756142e-15,4.5246916095025834e-14,True,5,0.4917969470468657,
1564,0.62,0.12,multistart,True,False,False,1.7500573073105308,0.014583810894254423,118.75564125807045,2.221514815378065e-14,9.86726609912233e-14,True,3,0.8109908170342424,
1564,0.62,0.12,graph,True,False,False,1.7500573073105308,0.014583810894254423,118.75564125840938,6.469133428795303e-15,1.3974622028255237e-14,True,3,0.8109908170342908,
1564,0.62,0.12,best,True,False,False,1.7500573073105175,0.014583810894254312,118.7556412584046,5.594315114139762e-16,2.0444788838606835e-15,True,3,0.8109908170342917,
1564,0.62,0.12,screened_graph,True,True,False,23.161285372408784,0.19301071143673987,524.5305540799067,3.3167622529116993e-15,6.323200226407132e-14,True,5,0.0768314304715565,
1564,0.62,0.12,screened_best,True,True,False,23.161285372401377,0.19301071143667814,524.5305540752865,3.229233296602258e-15,2.2177547294766917e-14,True,5,0.8109908170342921,
1564,0.62,0.12,bounded_attempt,False,True,False,9.999999999999998,0.08333333333333331,710.4062433751785,0.0012240424423642482,0.05924949089603501,True,5,0.8109908170342919,True
1564,0.62,0.12,selected,True,True,False,23.161285372401377,0.19301071143667814,524.5305540752865,3.229233296602258e-15,2.2177547294766917e-14,True,5,0.8109908170342921,
1565,0.64,0.12,baseline,True,True,False,27.433047119474026,0.22860872599561688,696.7849649785919,3.644293602161345e-15,4.476197592740425e-14,True,5,0.42122436374923566,
1565,0.64,0.12,local,True,True,False,27.433047119474026,0.22860872599561688,696.7849649785919,3.644293602161345e-15,4.476197592740425e-14,True,5,0.42122436374923566,
1565,0.64,0.12,multistart,True,False,False,1.7687613698164384,0.014739678081803653,120.59380572132312,2.2590668632591953e-14,1.0328931844883607e-13,True,3,0.8925479901147233,
1565,0.64,0.12,graph,True,False,False,1.7687613698164384,0.014739678081803653,120.59380572099698,6.988675367311055e-16,6.068705395518091e-15,True,3,0.8925479901147686,
1565,0.64,0.12,best,True,False,False,1.7687613698164384,0.014739678081803653,120.59380572099698,6.988675367311055e-16,6.068705395518091e-15,True,3,0.8925479901147686,
1565,0.64,0.12,screened_graph,True,True,False,27.43304711947384,0.22860872599561533,696.7849649818085,9.340279587309023e-15,4.8963891738858105e-14,True,5,0.8925479901147684,
1565,0.64,0.12,screened_best,True,True,False,27.43304711947384,0.22860872599561533,696.7849649818085,9.340279587309023e-15,4.8963891738858105e-14,True,5,0.8925479901147684,
1565,0.64,0.12,bounded_attempt,False,True,False,9.999999999999991,0.08333333333333326,793.6514120702739,0.0014495220498515662,0.07026746429229416,True,5,0.8925479901147684,True
1565,0.64,0.12,selected,True,True,False,27.43304711947384,0.22860872599561533,696.7849649818085,9.340279587309023e-15,4.8963891738858105e-14,True,5,0.8925479901147684,
1566,0.66,0.12,baseline,True,True,False,35.71218168714939,0.29760151405957824,933.5698386696095,9.536453885901236e-15,4.683367724168724e-14,True,5,0.34898157593151424,
1566,0.66,0.12,local,True,True,False,35.71218168714939,0.29760151405957824,933.5698386696095,9.536453885901236e-15,4.683367724168724e-14,True,5,0.34898157593151424,
1566,0.66,0.12,multistart,True,False,False,1.7955276468557635,0.014962730390464696,123.00672443474028,2.4194330049685213e-14,1.1217236371234848e-13,True,3,0.9771546729203433,
1566,0.66,0.12,graph,True,False,False,1.7955276468557635,0.014962730390464696,123.00672443444611,8.020653026243851e-16,4.322737377286255e-15,True,3,0.9771546729203842,
1566,0.66,0.12,best,True,False,False,1.7955276468557635,0.014962730390464696,123.00672443443972,7.306625627361387e-16,5.456425373938102e-15,True,3,0.977154672920383,
1566,0.66,0.12,screened_graph,True,True,False,35.71218168714854,0.29760151405957114,933.5698386695327,9.989269838512408e-15,4.038659309333529e-14,True,5,0.04827120023953313,
1566,0.66,0.12,screened_best,True,True,False,35.71218168714854,0.29760151405957114,933.5698386695327,9.989269838512408e-15,4.038659309333529e-14,True,5,0.04827120023953313,
1566,0.66,0.12,bounded_attempt,False,True,False,9.999999999999964,0.08333333333333304,864.7670686413804,0.0017622566419193406,0.085114803593803,True,5,0.030431546804855714,True
1566,0.66,0.12,selected,True,True,False,35.71218168714854,0.29760151405957114,933.5698386695327,9.989269838512408e-15,4.038659309333529e-14,True,5,0.04827120023953313,
1567,0.68,0.12,baseline,True,True,False,52.64694744050472,0.43872456200420595,1967.387163975546,3.608178125635907e-15,4.1606988573381156e-14,True,5,0.2785151222988915,
1567,0.68,0.12,local,True,True,False,52.64694744050472,0.43872456200420595,1967.387163975546,3.608178125635907e-15,4.1606988573381156e-14,True,5,0.2785151222988915,
1567,0.68,0.12,multistart,True,False,False,1.8315436018210818,0.015262863348509015,126.081319098828,2.3542553453598363e-14,1.1169605738734843e-13,True,3,0.9609034906830614,
1567,0.68,0.12,graph,True,False,False,1.8315436018210818,0.015262863348509015,126.08131909913496,7.902117666922909e-16,5.481068486807344e-15,True,3,1.0653268570644256,
1567,0.68,0.12,best,True,False,False,1.8315436018210818,0.015262863348509015,126.081319098828,2.3542553453598363e-14,1.1169605738734843e-13,True,3,0.9609034906830614,
1567,0.68,0.12,screened_graph,True,True,False,52.646947440411566,0.4387245620034297,1967.3871639744139,1.0441557536104644e-14,3.6716873680594115e-14,True,5,1.0653268570644243,
1567,0.68,0.12,screened_best,True,True,False,52.64694744040878,0.4387245620034065,1967.3871639743509,3.0759890491979342e-15,2.6841765765251286e-14,True,5,1.0653268570644248,
1567,0.68,0.12,bounded_attempt,False,True,False,10.0,0.08333333333333333,232.31695439714005,0.0021659880383142387,0.10353616591449928,True,5,1.0653268570644239,True
1567,0.68,0.12,selected,True,True,False,52.64694744040878,0.4387245620034065,1967.3871639743509,3.0759890491979342e-15,2.6841765765251286e-14,True,5,1.0653268570644248,
1568,0.7000000000000001,0.12,baseline,True,True,False,123.35864220569954,1.0279886850474962,7551.60464781556,3.351536037049895e-15,3.2627407448115614e-14,True,5,0.21262232891227661,
1568,0.7000000000000001,0.12,local,True,True,False,123.35864220569954,1.0279886850474962,7551.60464781556,3.351536037049895e-15,3.2627407448115614e-14,True,5,0.21262232891227661,
1568,0.7000000000000001,0.12,multistart,True,False,False,1.8786071269927795,0.015655059391606496,129.94630022585696,2.1860793352882257e-14,1.120110661511647e-13,True,3,0.9228528567702163,
1568,0.7000000000000001,0.12,graph,True,False,False,1.8786071269928195,0.01565505939160683,129.9463002258298,1.2276156489239667e-15,4.60786966180096e-15,True,3,1.1577304345178425,
1568,0.7000000000000001,0.12,best,True,False,False,1.8786071269927795,0.015655059391606496,129.94630022585056,1.3123317814179752e-15,6.817981450910691e-15,True,3,1.1577304345178427,
1568,0.7000000000000001,0.12,screened_graph,True,True,False,123.35864220569954,1.0279886850474962,7551.60464781556,3.351536037049895e-15,3.2627407448115614e-14,True,5,0.21262232891227661,
1568,0.7000000000000001,0.12,screened_best,True,True,False,123.35864220569954,1.0279886850474962,7551.60464781556,3.351536037049895e-15,3.2627407448115614e-14,True,5,0.21262232891227661,
1568,0.7000000000000001,0.12,bounded_attempt,False,True,False,9.999999999999964,0.08333333333333304,2340.5117077394275,0.0002520181085886448,0.014694757208984544,True,5,1.157730434517843,True
1568,0.7000000000000001,0.12,selected,True,True,False,123.35864220569954,1.0279886850474962,7551.60464781556,3.351536037049895e-15,3.2627407448115614e-14,True,5,0.21262232891227661,
1569,0.72,0.12,baseline,True,True,False,169.45854506795166,1.4121545422329305,16457.52840051435,2.453907233855783e-15,3.099576975244353e-14,True,3,1.255201834074174,
1569,0.72,0.12,local,True,True,False,169.45854506795166,1.4121545422329305,16457.52840051435,2.453907233855783e-15,3.099576975244353e-14,True,3,1.255201834074174,
1569,0.72,0.12,multistart,True,False,False,1.9394456382038783,0.01616204698503232,134.79282477540693,2.0141599898259062e-14,1.0167079384293762e-13,True,3,0.8825365979582696,
1569,0.72,0.12,graph,True,False,False,1.9394456382038916,0.01616204698503243,134.79282477536375,2.6685528133466677e-15,9.987202448452156e-15,True,3,1.255201834074172,
1569,0.72,0.12,best,True,False,False,1.9394456382038783,0.01616204698503232,134.79282477535736,2.4486726395867583e-15,9.363661962516882e-15,True,3,1.255201834074173,
1569,0.72,0.12,screened_graph,True,True,False,59.32066764416872,0.4943388970347393,2540.158849219347,5.180412938856274e-15,1.2252666019032932e-13,True,3,0.8084746786552977,
1569,0.72,0.12,screened_best,True,True,False,59.320667644139114,0.49433889703449263,2540.158849214958,5.795484488041537e-15,3.911116905014767e-14,True,3,0.8332182581741341,
1569,0.72,0.12,bounded_attempt,False,True,False,9.999999999999964,0.08333333333333304,2354.221964216617,0.0013298419033466425,0.06381903785889251,True,3,0.05793216963078063,True
1569,0.72,0.12,selected,True,True,False,59.320667644139114,0.49433889703449263,2540.158849214958,5.795484488041537e-15,3.911116905014767e-14,True,3,0.8332182581741341,
1570,0.74,0.12,baseline,True,True,False,58.41250928052827,0.4867709106710689,2179.785763810106,4.582723123517198e-15,3.1703431887695e-14,True,3,1.358882287814062,
1570,0.74,0.12,local,True,True,False,58.41250928052827,0.4867709106710689,2179.785763810106,4.582723123517198e-15,3.1703431887695e-14,True,3,1.358882287814062,
1570,0.74,0.12,multistart,True,False,False,2.0183112782163803,0.01681926065180317,140.91138907191336,2.222277595541646e-14,9.913640628066271e-14,True,3,0.8394683143499435,
1570,0.74,0.12,graph,True,False,False,2.0183112782163803,0.01681926065180317,140.91138907178228,7.773930567362313e-15,2.9447757477709776e-14,True,3,1.3588822878140623,
1570,0.74,0.12,best,True,False,False,2.018311278216367,0.01681926065180306,140.9113890717647,7.111550461582274e-15,2.755564357158583e-14,True,3,1.3588822878140625,
1570,0.74,0.12,screened_graph,True,True,False,34.61386293037929,0.28844885775316076,1047.2317443165437,9.867382828985146e-15,3.5307506370845876e-14,True,3,0.05094397795115402,
1570,0.74,0.12,screened_best,True,True,False,34.61386293037929,0.28844885775316076,1047.2317443165437,9.867382828985146e-15,3.5307506370845876e-14,True,3,0.05094397795115402,
1570,0.74,0.12,bounded_attempt,False,True,False,9.999999999999964,0.08333333333333304,1159.8346925890874,0.0014642751041149698,0.0789736218775044,True,3,0.03392150670039307,True
1570,0.74,0.12,selected,True,True,False,34.61386293037929,0.28844885775316076,1047.2317443165437,9.867382828985146e-15,3.5307506370845876e-14,True,3,0.05094397795115402,
1571,0.76,0.12,baseline,True,True,False,31.810727283977297,0.26508939403314413,730.1178382013303,1.2476241226769447e-14,1.5346916169424666e-13,True,3,1.470500854058841,
1571,0.76,0.12,local,True,True,False,31.810727283977297,0.26508939403314413,730.1178382013303,1.2476241226769447e-14,1.5346916169424666e-13,True,3,1.470500854058841,
1571,0.76,0.12,multistart,True,False,False,2.124373952140406,0.017703116267836716,148.76053185249418,1.2537173842548449e-14,6.665081352104524e-14,True,3,1.4705008540588402,
1571,0.76,0.12,graph,True,False,False,2.1243739521412586,0.01770311626784382,148.7605318496037,1.7544515383011866e-14,7.434716042178927e-14,True,3,1.4705008540588407,
1571,0.76,0.12,best,True,False,False,2.124373952140406,0.017703116267836716,148.76053185249418,1.2537173842548449e-14,6.665081352104524e-14,True,3,1.4705008540588402,
1571,0.76,0.12,screened_graph,True,True,False,23.896388202173107,0.19913656835144256,500.0148928921561,1.6923807179784667e-14,1.541226377229459e-13,True,3,1.4705008540588287,
1571,0.76,0.12,screened_best,True,True,False,23.896388202156054,0.19913656835130045,500.01489289183,2.020827022305149e-15,1.4184633913398717e-14,True,3,0.9720847596585509,
1571,0.76,0.12,bounded_attempt,False,True,False,9.999999999999964,0.08333333333333304,1133.9020637998053,0.001106266059825691,0.05995722842089063,True,3,0.9720847596585518,True
1571,0.76,0.12,selected,True,True,False,23.896388202156054,0.19913656835130045,500.01489289183,2.020827022305149e-15,1.4184633913398717e-14,True,3,0.9720847596585509,
1572,0.78,0.12,baseline,True,True,False,20.625405432487263,0.17187837860406052,436.24896870632506,3.919044031457076e-15,1.757509873342626e-14,True,3,1.592690828016406,
1572,0.78,0.12,local,True,True,False,20.625405432487263,0.17187837860406052,436.24896870632506,3.919044031457076e-15,1.757509873342626e-14,True,3,1.592690828016406,
1572,0.78,0.12,multistart,True,False,False,2.2804039140939736,0.019003365950783113,159.09540592245435,3.680816833953949e-14,1.4923166660763853e-13,True,3,1.5185387769210168,
1572,0.78,0.12,graph,True,False,False,2.2804039140942667,0.019003365950785556,159.09540592246714,2.7731837917201376e-14,9.220910626797312e-14,True,3,0.7417052306863914,
1572,0.78,0.12,best,True,False,False,2.2804039140939736,0.019003365950783113,159.09540592245435,3.680816833953949e-14,1.4923166660763853e-13,True,3,1.5185387769210168,
1572,0.78,0.12,screened_graph,True,True,False,17.020820612577175,0.14184017177147645,282.28987332755116,1.490867821058642e-14,5.972395842584446e-14,True,3,1.1280143852610518,
1572,0.78,0.12,screened_best,True,True,False,17.020820612577175,0.14184017177147645,282.28987332755116,1.490867821058642e-14,5.972395842584446e-14,True,3,1.1280143852610518,
1572,0.78,0.12,bounded_attempt,False,True,False,10.0,0.08333333333333333,827.7382044772081,0.0007103951098410265,0.03810540349636931,True,3,1.1280143852608893,True
1572,0.78,0.12,selected,True,True,False,17.020820612577175,0.14184017177147645,282.28987332755116,1.490867821058642e-14,5.972395842584446e-14,True,3,1.1280143852610518,
1573,0.8,0.12,baseline,True,True,False,14.564732971537966,0.12137277476281638,250.41091036556793,2.1212311020913872e-14,9.814271377254004e-14,True,3,1.7298469832155914,
1573,0.8,0.12,local,True,True,False,14.564732971537966,0.12137277476281638,250.41091036556793,2.1212311020913872e-14,9.814271377254004e-14,True,3,1.7298469832155914,
1573,0.8,0.12,multistart,True,True,True,3.50982836155856,0.029248569679654668,189.94303562717656,3.2758967139104665e-14,8.357026944487325e-14,True,2,0.6708539480579008,
1573,0.8,0.12,graph,True,True,True,3.5098283615587,0.029248569679655834,189.94303562781406,7.045388626768402e-14,7.959706495849188e-14,True,2,0.6836627972887159,
1573,0.8,0.12,best,True,True,True,3.50982836155856,0.029248569679654668,189.94303562717656,3.2758967139104665e-14,8.357026944487325e-14,True,2,0.6708539480579008,
1573,0.8,0.12,screened_graph,True,True,True,3.5098283615587,0.029248569679655834,189.94303562781406,7.045388626768402e-14,7.959706495849188e-14,True,2,0.6836627972887159,
1573,0.8,0.12,screened_best,True,True,True,3.50982836155856,0.029248569679654668,189.94303562717656,3.2758967139104665e-14,8.357026944487325e-14,True,2,0.6708539480579008,
1573,0.8,0.12,bounded_attempt,True,True,True,3.509828361559706,0.029248569679664216,189.94303405683993,2.525891933275844e-12,3.0583562755476093e-11,True,2,0.6708539480579017,True
1573,0.8,0.12,selected,True,True,True,3.50982836155856,0.029248569679654668,189.94303562717656,3.2758967139104665e-14,8.357026944487325e-14,True,2,0.6708539480579008,
1589,0.4,0.14,baseline,True,True,False,16.162789301161222,0.13468991084301019,345.6756180496463,1.358295881384128e-14,2.608176122349256e-13,True,5,0.03121246658126786,
1589,0.4,0.14,local,True,True,False,16.162789301161222,0.13468991084301019,345.6756180496463,1.358295881384128e-14,2.608176122349256e-13,True,5,0.03121246658126786,
1589,0.4,0.14,multistart,True,False,False,2.8948495589120604,0.02412374632426717,144.96623665025226,1.604673787813416e-14,1.072500169393377e-13,True,1,0.03121246658126786,
1589,0.4,0.14,graph,True,False,False,2.8948495589121137,0.024123746324267614,144.96623665026505,1.617340516634319e-14,1.0741515790704577e-13,True,1,0.03121246658126786,
1589,0.4,0.14,best,True,False,False,2.894849558907424,0.024123746324228534,144.96623665023307,6.135049640316583e-15,6.237692382401497e-14,True,1,0.031212466581267417,
1589,0.4,0.14,screened_graph,True,True,False,16.1627893011625,0.13468991084302084,345.6756180502346,1.0313063976616777e-14,6.571329070480343e-14,True,5,0.03121246658126786,
1589,0.4,0.14,screened_best,True,True,False,16.162789301159517,0.13468991084299597,345.6756180496207,3.811948168247734e-15,2.1760205609292457e-14,True,5,0.031212466581268306,
1589,0.4,0.14,bounded_attempt,False,True,False,9.999999999999964,0.08333333333333304,484.1021371600981,0.0015840370892910524,0.04843880700040185,True,5,0.031212466581259424,True
1589,0.4,0.14,selected,True,True,False,16.162789301159517,0.13468991084299597,345.6756180496207,3.811948168247734e-15,2.1760205609292457e-14,True,5,0.031212466581268306,
1590,0.42,0.14,baseline,True,True,False,14.685252136794098,0.12237710113995082,258.1618499232192,4.068085965060851e-15,3.78568678327971e-14,True,5,0.09797211739825862,
1590,0.42,0.14,local,True,True,False,14.685252136794098,0.12237710113995082,258.1618499232192,4.068085965060851e-15,3.78568678327971e-14,True,5,0.09797211739825862,
1590,0.42,0.14,multistart,True,False,False,2.5710082961218994,0.02142506913434916,135.329393677846,7.605432898773645e-15,2.126210817424921e-14,True,1,0.09797211739825862,
1590,0.42,0.14,graph,True,False,False,2.571008296122166,0.021425069134351382,135.3293936778428,1.5437297097601136e-14,3.191013240157625e-14,True,1,0.09797211739825862,
1590,0.42,0.14,best,True,False,False,2.571008296121846,0.021425069134348718,140.80296812095696,9.114569289721391e-15,8.680963003874222e-14,True,1,0.09797211739825862,
1590,0.42,0.14,screened_graph,True,True,False,14.68525213679639,0.12237710113996991,258.161849923475,1.2631539287264216e-14,9.985996120576559e-14,True,5,0.05921624918868318,
1590,0.42,0.14,screened_best,True,True,False,14.685252136790687,0.1223771011399224,258.1618499213391,9.85890587369255e-15,7.293351644204794e-14,True,5,0.059216249188675185,
1590,0.42,0.14,bounded_attempt,False,True,False,9.999999999999964,0.08333333333333304,473.34991324421054,0.0012032995162367013,0.039991970923998046,True,5,0.059216249193867476,True
1590,0.42,0.14,selected,True,True,False,14.685252136790687,0.1223771011399224,258.1618499213391,9.85890587369255e-15,7.293351644204794e-14,True,5,0.059216249188675185,
1591,0.44,0.14,baseline,True,True,False,14.075968745746117,0.11729973954788431,232.47660657912874,7.902556356628844e-15,1.190448941725189e-13,True,5,0.16491399897720038,
1591,0.44,0.14,local,True,True,False,14.075968745746117,0.11729973954788431,232.47660657912874,7.902556356628844e-15,1.190448941725189e-13,True,5,0.16491399897720038,
1591,0.44,0.14,multistart,True,False,False,2.3534778981510396,0.01961231581792533,127.16178626108636,8.455764695897213e-15,1.9278273363832844e-14,True,4,0.1649139989771995,
1591,0.44,0.14,graph,True,False,False,2.3534778981511195,0.019612315817925996,127.16178626108956,1.46792165236044e-14,3.028593345066391e-14,True,4,0.1649139989771995,
1591,0.44,0.14,best,True,False,False,2.3534778981510396,0.01961231581792533,127.16178626108636,8.455764695897213e-15,1.9278273363832844e-14,True,4,0.1649139989771995,
1591,0.44,0.14,screened_graph,True,True,False,14.075968745746597,0.1172997395478883,232.47660657919909,1.8864503260462085e-14,9.712801965697274e-14,True,5,0.05418338920775678,
1591,0.44,0.14,screened_best,True,True,False,14.075968745744838,0.11729973954787365,232.47660657898166,8.346863515849494e-15,6.287082856177119e-14,True,5,0.05418338920775856,
1591,0.44,0.14,bounded_attempt,False,True,False,9.999999999999964,0.08333333333333304,682.7618590471559,0.0009597885381636706,0.034045278249627164,True,5,0.05418338920775856,True
1591,0.44,0.14,selected,True,True,False,14.075968745744838,0.11729973954787365,232.47660657898166,8.346863515849494e-15,6.287082856177119e-14,True,5,0.05418338920775856,
1592,0.46,0.14,baseline,True,True,False,13.55249641602823,0.11293747013356858,194.6574845819896,4.8840350038879275e-15,6.197646210598783e-14,True,5,0.23226704009835686,
1592,0.46,0.14,local,True,True,False,13.55249641602823,0.11293747013356858,194.6574845819896,4.8840350038879275e-15,6.197646210598783e-14,True,5,0.23226704009835686,
1592,0.46,0.14,multistart,True,False,False,2.252373566367911,0.018769779719732593,120.82905810058335,6.7147988582706556e-15,2.6372195418562687e-14,True,4,0.23226704009835197,
1592,0.46,0.14,graph,True,False,False,2.2523735663679645,0.018769779719733037,120.82905810058415,9.758956693722378e-15,5.560650384769643e-14,True,4,0.23226704009835686,
1592,0.46,0.14,best,True,False,False,2.252373566367911,0.018769779719732593,120.82905810058335,6.7147988582706556e-15,2.6372195418562687e-14,True,4,0.23226704009835197,
1592,0.46,0.14,screened_graph,True,True,False,13.552496416028603,0.1129374701335717,194.657484581996,1.2292304898465746e-14,7.337605225699448e-14,True,5,0.04993885469890813,
1592,0.46,0.14,screened_best,True,True,False,13.552496416027804,0.11293747013356503,194.6574845819832,7.220731822152494e-15,5.354047949268909e-14,True,5,0.04993885469890902,
1592,0.46,0.14,bounded_attempt,False,True,False,9.999999999999964,0.08333333333333304,491.8720558046786,0.0007222646824611173,0.027306201920839962,True,5,0.04993885469890902,True
1592,0.46,0.14,selected,True,True,False,13.552496416027804,0.11293747013356503,194.6574845819832,7.220731822152494e-15,5.354047949268909e-14,True,5,0.04993885469890902,
1593,0.48,0.14,baseline,True,True,False,12.884114466220762,0.10736762055183968,164.02620864845474,5.140872850193228e-15,5.880433547437797e-14,True,5,0.30022611807111454,
1593,0.48,0.14,local,True,True,False,12.884114466220762,0.10736762055183968,164.02620864845474,5.140872850193228e-15,5.880433547437797e-14,True,5,0.30022611807111454,
1593,0.48,0.14,multistart,True,False,False,2.163341844930251,0.018027848707752092,118.37350949168216,5.463690523629807e-15,2.4283766351045184e-14,True,4,0.30022611807111144,
1593,0.48,0.14,graph,True,False,False,2.1633418449302777,0.018027848707752314,118.37350949167896,1.0129682420937041e-14,2.471521823669603e-14,True,4,0.300226118071115,
1593,0.48,0.14,best,True,False,False,2.163341844930251,0.018027848707752092,118.37350949168055,4.057823388533946e-15,4.196180543743627e-14,True,4,0.3002261180711048,
1593,0.48,0.14,screened_graph,True,True,False,12.88411446622107,0.10736762055184224,164.02620864846614,4.376258671511673e-15,3.016292085660384e-14,True,5,0.300226118071115,
1593,0.48,0.14,screened_best,True,True,False,12.884114466220762,0.10736762055183968,164.02620864845474,5.140872850193228e-15,5.880433547437797e-14,True,5,0.30022611807111454,
1593,0.48,0.14,bounded_attempt,False,True,False,9.999999999999964,0.08333333333333304,333.8214098758783,0.0005831555933533597,0.02324514851542266,True,5,0.3002261180711141,True
1593,0.48,0.14,selected,True,True,False,12.884114466220762,0.10736762055183968,164.02620864845474,5.140872850193228e-15,5.880433547437797e-14,True,5,0.30022611807111454,
1594,0.5,0.14,baseline,True,True,False,12.826889758111388,0.10689074798426157,172.29306529507937,3.4174598425963453e-15,4.814153796219322e-14,True,5,0.3693329598460644,
1594,0.5,0.14,local,True,True,False,12.826889758111388,0.10689074798426157,172.29306529507937,3.4174598425963453e-15,4.814153796219322e-14,True,5,0.3693329598460644,
1594,0.5,0.14,multistart,True,False,False,2.0834025794436783,0.017361688162030653,116.63518490776141,9.36494673959912e-15,5.018001792805393e-14,True,4,0.36933295984606573,
1594,0.5,0.14,graph,True,False,False,2.0834025794436783,0.017361688162030653,116.63518490776781,4.79057134487242e-15,3.9863152539887114e-14,True,4,0.36933295984606485,
1594,0.5,0.14,best,True,False,False,2.0834025794436517,0.01736168816203043,116.63518490776461,2.6669916517700126e-15,9.334148595104415e-15,True,4,0.3693329598460635,
1594,0.5,0.14,screened_graph,True,True,False,12.826889758111388,0.10689074798426157,172.29306529507937,3.4174598425963453e-15,4.814153796219322e-14,True,5,0.3693329598460644,
1594,0.5,0.14,screened_best,True,True,False,12.826889758111282,0.10689074798426068,172.29306529510495,6.2375986354133865e-15,3.8674160318237523e-14,True,5,0.043174311165423696,
1594,0.5,0.14,bounded_attempt,False,True,False,9.999999999999964,0.08333333333333304,394.11621050197425,0.000494975211947229,0.020596363419201544,True,5,0.043174311165414814,True
1594,0.5,0.14,selected,True,True,False,12.826889758111282,0.10689074798426068,172.29306529510495,6.2375986354133865e-15,3.8674160318237523e-14,True,5,0.043174311165423696,
1595,0.52,0.14,baseline,True,True,False,12.92364381304182,0.1076970317753485,176.4803203830084,5.556819432496085e-15,4.612199681653579e-14,True,5,0.4397457920234866,
1595,0.52,0.14,local,True,True,False,12.92364381304182,0.1076970317753485,176.4803203830084,5.556819432496085e-15,4.612199681653579e-14,True,5,0.4397457920234866,
1595,0.52,0.14,multistart,True,False,False,2.0102938441036144,0.016752448700863454,115.51085100229557,2.736423875019653e-15,1.5532224712725612e-14,True,4,0.4397457920234853,
1595,0.52,0.14,graph,True,False,False,2.010293844103641,0.016752448700863676,115.51085100230276,3.0329872710532754e-15,1.6561437004938677e-14,True,4,0.4397457920234853,
1595,0.52,0.14,best,True,False,False,2.0102938441036144,0.016752448700863454,115.51085100229557,2.736423875019653e-15,1.5532224712725612e-14,True,4,0.4397457920234853,
1595,0.52,0.14,screened_graph,True,True,False,12.92364381304182,0.1076970317753485,176.4803203830084,5.556819432496085e-15,4.612199681653579e-14,True,5,0.4397457920234866,
1595,0.52,0.14,screened_best,True,True,False,12.92364381304166,0.10769703177534717,176.48032038299561,6.880766180439282e-15,3.294795584966711e-14,True,5,0.040435588798414024,
1595,0.52,0.14,bounded_attempt,False,True,False,9.999999999999964,0.08333333333333304,597.3517064704951,0.0004315218938718843,0.01874623823908961,True,5,0.04043558879840692,True
1595,0.52,0.14,selected,True,True,False,12.92364381304166,0.10769703177534717,176.48032038299561,6.880766180439282e-15,3.294795584966711e-14,True,5,0.040435588798414024,
1596,0.54,0.14,baseline,True,True,False,12.839291453109585,0.10699409544257987,195.47421495758215,8.511237193040959e-15,7.01908943002782e-14,True,5,0.511597647679225,
1596,0.54,0.14,local,True,True,False,12.839291453109585,0.10699409544257987,195.47421495758215,8.511237193040959e-15,7.01908943002782e-14,True,5,0.511597647679225,
1596,0.54,0.14,multistart,True,False,False,1.942225674829956,0.0161852139569163,114.93190763497871,1.2539447176196999e-14,4.0674663841882315e-14,True,4,0.5115976476792086,
1596,0.54,0.14,graph,True,False,False,1.942225674829956,0.0161852139569163,114.93190763497871,1.2539447176196999e-14,4.0674663841882315e-14,True,4,0.5115976476792086,
1596,0.54,0.14,best,True,False,False,1.9422256748299294,0.016185213956916078,114.93190763497552,1.7415379629571728e-15,1.8046234522212104e-14,True,4,0.5115976476792201,
1596,0.54,0.14,screened_graph,True,True,False,12.839291453109771,0.10699409544258143,195.47421495757575,4.642820081540927e-15,2.4486161078109556e-14,True,5,0.5115976476792214,
1596,0.54,0.14,screened_best,True,True,False,12.839291453109478,0.10699409544257898,195.47421495755657,2.8920790368659235e-15,3.079034228618511e-14,True,5,0.17126784741565704,
1596,0.54,0.14,bounded_attempt,False,True,False,9.999999999999964,0.08333333333333304,362.68478413563196,0.00042752993824157136,0.019245190754810005,True,5,0.1703490174337654,True
1596,0.54,0.14,selected,True,True,False,12.839291453109478,0.10699409544257898,195.47421495755657,2.8920790368659235e-15,3.079034228618511e-14,True,5,0.17126784741565704,
1597,0.56,0.14,baseline,True,True,False,13.249612983513295,0.11041344152927746,215.36055653354964,9.614693245998754e-15,7.806225981922787e-14,True,5,0.5849221380601421,
1597,0.56,0.14,local,True,True,False,13.249612983513295,0.11041344152927746,215.36055653354964,9.614693245998754e-15,7.806225981922787e-14,True,5,0.5849221380601421,
1597,0.56,0.14,multistart,True,False,False,1.8777135903599351,0.01564761325299946,114.85588953471932,1.2321881400006387e-14,4.09612769448353e-14,True,4,0.5849221380601302,
1597,0.56,0.14,graph,True,False,False,1.877713590360095,0.01564761325300079,114.85588953428447,1.8246124657352272e-14,7.191539372588128e-14,True,4,0.5849221380601417,
1597,0.56,0.14,best,True,False,False,1.8777135903599351,0.01564761325299946,114.85588953471932,1.2321881400006387e-14,4.09612769448353e-14,True,4,0.5849221380601302,
1597,0.56,0.14,screened_graph,True,True,False,13.249612983513135,0.11041344152927612,215.36055653354964,4.6497009778816265e-15,4.867560146360521e-14,True,5,0.584922138060139,
1597,0.56,0.14,screened_best,True,True,False,13.249612983513135,0.11041344152927612,215.36055653354964,4.6497009778816265e-15,4.867560146360521e-14,True,5,0.584922138060139,
1597,0.56,0.14,bounded_attempt,False,True,False,9.999999999999964,0.08333333333333304,540.0711373534715,0.00046728691034312935,0.021604877483015685,True,5,0.5849221380601421,True
1597,0.56,0.14,selected,True,True,False,13.249612983513135,0.11041344152927612,215.36055653354964,4.6497009778816265e-15,4.867560146360521e-14,True,5,0.584922138060139,
1598,0.58,0.14,baseline,True,True,False,14.130296177364663,0.11775246814470552,236.5696468586293,6.716175446971216e-15,5.3751236356017214e-14,True,5,0.659830542192839,
1598,0.58,0.14,local,True,True,False,14.130296177364663,0.11775246814470552,236.5696468586293,6.716175446971216e-15,5.3751236356017214e-14,True,5,0.659830542192839,
1598,0.58,0.14,multistart,True,False,False,1.815456962162223,0.015128808018018525,115.26157412053522,1.7980558032509475e-14,7.51001578447428e-14,True,4,0.6598305421928392,
1598,0.58,0.14,graph,True,False,False,1.815456962162223,0.015128808018018525,115.26157412053522,1.7980558032509475e-14,7.51001578447428e-14,True,4,0.6598305421928392,
1598,0.58,0.14,best,True,False,False,1.8154569621621963,0.015128808018018303,115.26157412053921,5.525032997054197e-16,2.611910641131713e-15,True,4,0.6598305421928383,
1598,0.58,0.14,screened_graph,True,True,False,14.130296177364663,0.11775246814470552,236.569646858543,4.787273603965496e-15,4.57116935756031e-14,True,5,0.6598305421928365,
1598,0.58,0.14,screened_best,True,True,False,14.130296177364343,0.11775246814470286,236.56964685857815,3.840011722144404e-15,8.657420416763569e-14,True,5,0.14665445351780626,
1598,0.58,0.14,bounded_attempt,False,True,False,9.999999999999964,0.08333333333333304,606.2832635745792,0.0005248832925568932,0.024826787142095453,True,5,0.1453373057571241,True
1598,0.58,0.14,selected,True,True,False,14.130296177364343,0.11775246814470286,236.56964685857815,3.840011722144404e-15,8.657420416763569e-14,True,5,0.14665445351780626,
1599,0.6,0.14,baseline,True,True,False,15.24748770976089,0.12706239758134075,262.02056771435025,3.642912691074916e-15,3.8496463708748116e-14,True,5,0.7202891820883108,
1599,0.6,0.14,local,True,True,False,15.24748770976089,0.12706239758134075,262.02056771435025,3.642912691074916e-15,3.8496463708748116e-14,True,5,0.7202891820883108,
1599,0.6,0.14,multistart,True,False,False,1.7542399475328097,0.01461866622944008,116.14661149007289,8.593410395740305e-15,4.5474114124553095e-14,True,4,0.7365737074464425,
1599,0.6,0.14,graph,True,False,False,1.7542399475328097,0.01461866622944008,116.14661149007448,4.17315486438277e-15,2.2960692575775204e-14,True,4,0.7365737074464567,
1599,0.6,0.14,best,True,False,False,1.7542399475328097,0.01461866622944008,116.14661149007289,8.593410395740305e-15,4.5474114124553095e-14,True,4,0.7365737074464425,
1599,0.6,0.14,screened_graph,True,True,False,15.247487709760623,0.12706239758133853,262.02056771439504,5.270801348447069e-15,4.728398196154236e-14,True,5,0.7365737074464553,
1599,0.6,0.14,screened_best,True,True,False,15.247487709760623,0.12706239758133853,262.02056771439504,5.270801348447069e-15,4.728398196154236e-14,True,5,0.7365737074464553,
1599,0.6,0.14,bounded_attempt,False,True,False,9.999999999999964,0.08333333333333304,525.7890431524213,0.0006324103811910049,0.0303517885160488,True,5,0.7365737074464576,True
1599,0.6,0.14,selected,True,True,False,15.247487709760623,0.12706239758133853,262.02056771439504,5.270801348447069e-15,4.728398196154236e-14,True,5,0.7365737074464553,
1600,0.62,0.14,baseline,True,True,False,16.805304185290897,0.1400442015440908,294.9757019123794,3.9769488165296844e-15,4.6109991727480535e-14,True,5,0.6562826635759338,
1600,0.62,0.14,local,True,True,False,16.805304185290897,0.1400442015440908,294.9757019123794,3.9769488165296844e-15,4.6109991727480535e-14,True,5,0.6562826635759338,
1600,0.62,0.14,multistart,True,False,False,1.752169064423974,0.014601408870199784,117.52719881120726,2.2338807382811026e-14,9.540168142760897e-14,True,3,0.8154423485101401,
1600,0.62,0.14,graph,True,False,False,1.752169064423974,0.014601408870199784,117.52719881120726,2.2338807382811026e-14,9.540168142760897e-14,True,3,0.8154423485101401,
1600,0.62,0.14,best,True,False,False,1.752169064423974,0.014601408870199784,117.52719881120726,2.2338807382811026e-14,9.540168142760897e-14,True,3,0.8154423485101401,
1600,0.62,0.14,screened_graph,True,True,False,16.805304185289618,0.14004420154408015,294.9757019124402,5.448600474227951e-15,4.236063396650669e-14,True,5,0.8154423485101974,
1600,0.62,0.14,screened_best,True,True,False,16.805304185289618,0.14004420154408015,294.9757019124402,5.448600474227951e-15,4.236063396650669e-14,True,5,0.8154423485101974,
1600,0.62,0.14,bounded_attempt,False,True,False,9.999999999999991,0.08333333333333326,398.94045125705856,0.0007965097233348724,0.0385886125563397,True,5,0.8154423485101987,True
1600,0.62,0.14,selected,True,True,False,16.805304185289618,0.14004420154408015,294.9757019124402,5.448600474227951e-15,4.236063396650669e-14,True,5,0.8154423485101974,
1601,0.64,0.14,baseline,True,True,False,19.106597258851004,0.15922164382375836,336.51078498458844,3.284934228475091e-15,3.6829163018272434e-14,True,5,0.5845332528861338,
1601,0.64,0.14,local,True,True,False,19.106597258851004,0.15922164382375836,336.51078498458844,3.284934228475091e-15,3.6829163018272434e-14,True,5,0.5845332528861338,
1601,0.64,0.14,multistart,True,False,False,1.7702030354549336,0.014751691962124447,119.43976354284445,2.4323007648332197e-14,1.1164629104326116e-13,True,3,0.8969290396702614,
1601,0.64,0.14,graph,True,False,False,1.77020303545536,0.014751691962128,119.4397635425183,5.908238963432692e-15,2.9944957238966644e-13,True,3,0.006254977546140239,
1601,0.64,0.14,best,True,False,False,1.7702030354548803,0.014751691962124003,119.43976354250552,9.297082117745284e-16,7.116688207732773e-15,True,3,0.8969290396703153,
1601,0.64,0.14,screened_graph,True,True,False,19.106597258848126,0.15922164382373438,336.51078498458844,7.555190552510461e-15,3.3612466367275796e-14,True,5,0.8969290396703145,
1601,0.64,0.14,screened_best,True,True,False,19.10659725884741,0.1592216438237284,336.5107849846652,5.9257016404858726e-15,3.467444989192148e-14,True,5,0.8969290396703145,
1601,0.64,0.14,bounded_attempt,False,True,False,9.999999999999996,0.0833333333333333,727.1412423194292,0.0009972377671484173,0.04864785280242566,True,5,0.8969290396703147,True
1601,0.64,0.14,selected,True,True,False,19.10659725884741,0.1592216438237284,336.5107849846652,5.9257016404858726e-15,3.467444989192148e-14,True,5,0.8969290396703145,
1602,0.66,0.14,baseline,True,True,False,22.571668442278288,0.18809723701898573,375.4765842125849,3.869912639911861e-15,4.065657521436777e-14,True,5,0.5077982075917822,
1602,0.66,0.14,local,True,True,False,22.571668442278288,0.18809723701898573,375.4765842125849,3.869912639911861e-15,4.065657521436777e-14,True,5,0.5077982075917822,
1602,0.66,0.14,multistart,True,False,False,1.7980378304382505,0.01498364858698542,121.94506153286113,1.2005184866518761e-14,5.899263887042011e-14,True,3,0.9814948981786975,
1602,0.66,0.14,graph,True,False,False,1.798037830438044,0.0149836485869837,121.94506153255738,6.790196084696702e-16,2.3738345480139856e-15,True,3,0.9814948981787055,
1602,0.66,0.14,best,True,False,False,1.798037830438044,0.0149836485869837,121.94506153255738,6.790196084696702e-16,2.3738345480139856e-15,True,3,0.9814948981787055,
1602,0.66,0.14,screened_graph,True,True,False,22.571668442280153,0.18809723701900127,375.4765842139662,1.655184384257791e-14,2.2153411159736517e-13,True,5,0.02800131425219199,
1602,0.66,0.14,screened_best,True,True,False,22.571668442265498,0.18809723701887915,375.47658421426036,1.6699540590904642e-15,2.3931787011277996e-14,True,5,0.02800131425216268,
1602,0.66,0.14,bounded_attempt,False,True,False,9.999999999999964,0.08333333333333304,815.672386216832,0.0012696107140791832,0.0614765849548481,True,5,0.02800131425216268,True
1602,0.66,0.14,selected,True,True,False,22.571668442265498,0.18809723701887915,375.47658421426036,1.6699540590904642e-15,2.3931787011277996e-14,True,5,0.02800131425216268,
1603,0.68,0.14,baseline,True,True,False,28.36789167170366,0.23639909726419717,557.043732561624,3.5047940289411857e-15,3.6918956079486017e-14,True,5,0.4294001374186376,
1603,0.68,0.14,local,True,True,False,28.36789167170366,0.23639909726419717,557.043732561624,3.5047940289411857e-15,3.6918956079486017e-14,True,5,0.4294001374186376,
1603,0.68,0.14,multistart,True,False,False,1.8359018327822163,0.015299181939851803,125.13570540649326,1.4501969531350355e-14,7.178327302764591e-14,True,3,1.0696579809857818,
1603,0.68,0.14,graph,True,False,False,1.8359018327820498,0.015299181939850415,125.13570540615193,9.83366373777765e-16,2.6435637681364005e-15,True,3,1.0696579809857882,
1603,0.68,0.14,best,True,False,False,1.8359018327820298,0.015299181939850248,125.13570540615832,7.013433594157003e-16,3.0506284979528672e-15,True,3,1.069657980985788,
1603,0.68,0.14,screened_graph,True,True,False,28.367891671564358,0.23639909726303632,557.0437325783786,7.56989756821848e-15,6.584667223288122e-14,True,5,0.026822952805337863,
1603,0.68,0.14,screened_best,True,True,False,28.367891671564358,0.23639909726303632,557.0437325783786,7.56989756821848e-15,6.584667223288122e-14,True,5,0.026822952805337863,
1603,0.68,0.14,bounded_attempt,False,True,False,9.999999999999964,0.08333333333333304,583.0247119019888,0.0016440745655066926,0.07851946548985651,True,5,0.026822952805337863,True
1603,0.68,0.14,selected,True,True,False,28.367891671564358,0.23639909726303632,557.0437325783786,7.56989756821848e-15,6.584667223288122e-14,True,5,0.026822952805337863,
1604,0.7000000000000001,0.14,baseline,True,True,False,39.81358692930899,0.3317798910775749,1006.970672898089,3.1968351000476123e-15,5.0003505443032465e-14,True,5,0.3526083861445004,
1604,0.7000000000000001,0.14,local,True,True,False,39.81358692930899,0.3317798910775749,1006.970672898089,3.1968351000476123e-15,5.0003505443032465e-14,True,5,0.3526083861445004,
1604,0.7000000000000001,0.14,multistart,True,False,False,1.885828210016267,0.015715235083468893,129.14918802710585,2.03217114920005e-14,9.570230480053516e-14,True,3,1.1620883184457527,
1604,0.7000000000000001,0.14,graph,True,False,False,1.885828210016074,0.015715235083467283,129.14918802686765,1.7017699190475446e-15,4.515380910096182e-15,True,3,1.1620883184457593,
1604,0.7000000000000001,0.14,best,True,False,False,1.8858282100160473,0.01571523508346706,129.14918802687083,1.2443663750227815e-15,4.793948421754305e-15,True,3,0.9071152402128462,
1604,0.7000000000000001,0.14,screened_graph,True,True,False,39.813586929307924,0.331779891077566,1006.9706728979739,1.4820450802710196e-14,2.058063922149798e-13,True,5,0.045887897314977444,
1604,0.7000000000000001,0.14,screened_best,True,True,False,39.813586929307924,0.331779891077566,1006.9706728979739,1.4820450802710196e-14,2.058063922149798e-13,True,5,0.045887897314977444,
1604,0.7000000000000001,0.14,bounded_attempt,False,True,False,9.999999999999964,0.08333333333333304,898.9591827749152,0.002134855884881852,0.10033580650019609,True,5,0.02589662486596378,True
1604,0.7000000000000001,0.14,selected,True,True,False,39.813586929307924,0.331779891077566,1006.9706728979739,1.4820450802710196e-14,2.058063922149798e-13,True,5,0.045887897314977444,
1605,0.72,0.14,baseline,True,True,False,73.0735462127233,0.6089462184393608,3274.2486508386646,2.996349048717452e-15,4.9354074958384966e-14,True,5,0.2800654181325761,
1605,0.72,0.14,local,True,True,False,73.0735462127233,0.6089462184393608,3274.2486508386646,2.996349048717452e-15,4.9354074958384966e-14,True,5,0.2800654181325761,
1605,0.72,0.14,multistart,True,False,False,1.9511002780456388,0.016259168983713657,134.19051712184836,1.941708835006296e-14,9.088949945855191e-14,True,3,1.2596762625136337,
1605,0.72,0.14,graph,True,False,False,1.951100278045299,0.016259168983710826,134.1905171211785,6.1706237906315315e-15,3.1484300346377626e-14,True,3,1.2596762625136413,
1605,0.72,0.14,best,True,False,False,1.9511002780452458,0.01625916898371038,134.1905171211705,2.7996351717094738e-15,1.0000477273980205e-14,True,3,1.259676262513641,
1605,0.72,0.14,screened_graph,True,True,False,69.663666419543,0.5805305534961918,11789.451019898095,6.81276420418069e-15,2.5174354195920226e-14,True,3,1.2596762625136428,
1605,0.72,0.14,screened_best,True,True,False,69.663666419543,0.5805305534961918,11789.451019898095,6.81276420418069e-15,2.5174354195920226e-14,True,3,1.2596762625136428,
1605,0.72,0.14,bounded_attempt,False,True,False,9.999999999999991,0.08333333333333326,2343.123788060121,3.891655371907642e-05,0.0022284824455298226,True,3,1.2596762625136408,True
1605,0.72,0.14,selected,True,True,False,69.663666419543,0.5805305534961918,11789.451019898095,6.81276420418069e-15,2.5174354195920226e-14,True,3,1.2596762625136428,
1607,0.76,0.14,baseline,True,True,False,59.736739663836225,0.49780616386530185,2486.381210182696,2.6062544620315457e-15,1.4495216499284113e-14,True,3,1.4757197465912737,
1607,0.76,0.14,local,True,True,False,59.736739663836225,0.49780616386530185,2486.381210182696,2.6062544620315457e-15,1.4495216499284113e-14,True,3,1.4757197465912737,
1607,0.76,0.14,multistart,True,False,False,2.152484149334166,0.01793736791111805,148.794188110665,2.843198377705025e-14,1.142644687594814e-13,True,3,1.4757197465912664,
1607,0.76,0.14,graph,True,False,False,2.152484149334626,0.017937367911121882,148.79418811009586,1.7337984135468883e-14,6.818730435567888e-14,True,3,1.4757197465912728,
1607,0.76,0.14,best,True,False,False,2.152484149334166,0.01793736791111805,148.794188110665,2.843198377705025e-14,1.142644687594814e-13,True,3,1.4757197465912664,
1607,0.76,0.14,screened_graph,True,True,False,37.04895670738374,0.3087413058948645,1170.4726433131568,4.781235265168738e-15,4.479705165898352e-14,True,3,0.048510006905150505,
1607,0.76,0.14,screened_best,True,True,False,37.04895670738182,0.3087413058948485,1170.4726433130295,1.2644911445753162e-14,1.1059917773241395e-13,True,3,0.048510006905150505,
1607,0.76,0.14,bounded_attempt,False,True,False,9.999999999999964,0.08333333333333304,907.854568183965,0.0016849156359656484,0.09129033614923261,True,3,0.029222283556436857,True
1607,0.76,0.14,selected,True,True,False,37.04895670738182,0.3087413058948485,1170.4726433130295,1.2644911445753162e-14,1.1059917773241395e-13,True,3,0.048510006905150505,
1608,0.78,0.14,baseline,True,True,False,29.601403318214825,0.24667836098512352,584.984678620189,1.8061374355467312e-14,8.54918737161453e-14,True,3,1.598522433260024,
1608,0.78,0.14,local,True,True,False,29.601403318214825,0.24667836098512352,584.984678620189,1.8061374355467312e-14,8.54918737161453e-14,True,3,1.598522433260024,
1608,0.78,0.14,multistart,True,False,False,2.3144938333599896,0.019287448611333247,159.68254082296696,2.7950570928591653e-14,9.868099368823508e-14,True,3,1.5985224332600247,
1608,0.78,0.14,graph,True,False,False,2.314493833360469,0.019287448611337243,159.68254082299254,2.4591189379491935e-14,7.179380245767816e-14,True,3,1.5039151897161585,
1608,0.78,0.14,best,True,False,False,2.3144938333594567,0.019287448611328806,159.68254082296696,1.727302414936924e-14,5.5673358193469594e-14,True,3,1.598522433260023,
1608,0.78,0.14,screened_graph,True,True,False,22.504135295559102,0.18753446079632585,480.136590348598,5.475820551403272e-15,2.6154673349416868e-14,True,3,0.079412077658084,
1608,0.78,0.14,screened_best,True,True,False,22.504135295558783,0.1875344607963232,480.13659034866197,6.1213787812866916e-15,2.683587254782767e-14,True,3,1.5985224332600227,
1608,0.78,0.14,bounded_attempt,False,True,False,9.999999999999964,0.08333333333333304,729.6150515346199,0.0011474286465705662,0.06259336560936858,True,3,1.5985224332600265,True
1608,0.78,0.14,selected,True,True,False,22.504135295558783,0.1875344607963232,480.13659034866197,6.1213787812866916e-15,2.683587254782767e-14,True,3,1.5985224332600227,
1609,0.8,0.14,baseline,True,True,False,17.978505080993887,0.14982087567494906,288.770392514495,6.58610333751768e-15,2.5900507854293436e-14,True,3,1.7365835837222001,
1609,0.8,0.14,local,True,True,False,17.978505080993887,0.14982087567494906,288.770392514495,6.58610333751768e-15,2.5900507854293436e-14,True,3,1.7365835837222001,
1609,0.8,0.14,multistart,True,True,True,3.64188903663746,0.030349075305312168,243.88171293592808,1.2702475258803966e-13,7.000333526501074e-14,True,2,0.6642302799695008,
1609,0.8,0.14,graph,True,True,True,3.6418890366381462,0.030349075305317885,243.88171293626266,1.8237467272095625e-14,6.638784332367845e-14,True,2,1.736583583722199,
1609,0.8,0.14,best,True,True,True,3.64188903663746,0.030349075305312168,243.88171293592808,1.2702475258803966e-13,7.000333526501074e-14,True,2,0.6642302799695008,
1609,0.8,0.14,screened_graph,True,True,True,3.6418890366381462,0.030349075305317885,243.88171293626266,1.8237467272095625e-14,6.638784332367845e-14,True,2,1.736583583722199,
1609,0.8,0.14,screened_best,True,True,True,3.64188903663746,0.030349075305312168,243.88171293592808,1.2702475258803966e-13,7.000333526501074e-14,True,2,0.6642302799695008,
1609,0.8,0.14,bounded_attempt,True,True,True,3.6418890366387724,0.030349075305323103,243.88171194002473,3.4879935666900596e-12,2.423680426782528e-11,True,2,0.6642302799695008,True
1609,0.8,0.14,selected,True,True,True,3.64188903663746,0.030349075305312168,243.88171293592808,1.2702475258803966e-13,7.000333526501074e-14,True,2,0.6642302799695008,
1625,0.4,0.16,baseline,True,True,False,10.549011059963895,0.08790842549969913,241.7804859420862,4.981642589688281e-15,3.7489772026788274e-14,True,5,0.04219505314807215,
1625,0.4,0.16,local,True,True,False,10.549011059963895,0.08790842549969913,241.7804859420862,4.981642589688281e-15,3.7489772026788274e-14,True,5,0.04219505314807215,
1625,0.4,0.16,multistart,True,False,False,2.8618128974325785,0.023848440811938154,152.96998536126551,1.4746813153811354e-14,3.412874026492145e-14,True,1,0.04219505314807215,
1625,0.4,0.16,graph,True,False,False,2.861812897432685,0.023848440811939042,152.96998536127512,6.2497519963698284e-15,9.169810764848822e-14,True,1,0.042195053148066375,
1625,0.4,0.16,best,True,False,False,2.8618128974282087,0.02384844081190174,152.96998536126873,6.595381241742596e-15,4.591852781438141e-14,True,1,0.04219505314807259,
1625,0.4,0.16,screened_graph,True,True,False,10.549011059964162,0.08790842549970135,241.78048594108859,1.4641487068833016e-14,1.4337332813193986e-13,True,5,0.042195053148071704,
1625,0.4,0.16,screened_best,True,True,False,10.549011059963416,0.08790842549969513,241.78048594117172,7.483512630768374e-15,5.101509025911034e-14,True,5,0.04219505314807215,
1625,0.4,0.16,bounded_attempt,False,True,False,9.999999999999964,0.08333333333333304,241.78048541469366,6.945861632971305e-05,0.002106325325199767,True,5,0.042195053148136985,True
1625,0.4,0.16,selected,True,True,False,10.549011059963416,0.08790842549969513,241.78048594117172,7.483512630768374e-15,5.101509025911034e-14,True,5,0.04219505314807215,
1626,0.42,0.16,baseline,True,True,False,10.750386999564157,0.0895865583297013,218.7575208248667,9.139605927660962e-15,1.8090309598885504e-13,True,5,0.10806038549615682,
1626,0.42,0.16,local,True,True,False,10.750386999564157,0.0895865583297013,218.7575208248667,9.139605927660962e-15,1.8090309598885504e-13,True,5,0.10806038549615682,
1626,0.42,0.16,multistart,True,False,False,2.554682182506429,0.021289018187553577,142.11144030219884,1.2631104740481586e-14,2.559548059939392e-14,True,1,0.10806038549615682,
1626,0.42,0.16,graph,True,False,False,2.554682182506536,0.021289018187554465,142.11144030222124,2.1939500919981617e-14,1.6065556459558174e-13,True,1,0.1080603854961546,
1626,0.42,0.16,best,True,False,False,2.554682182506429,0.021289018187553577,142.11144030219884,1.2631104740481586e-14,2.559548059939392e-14,True,1,0.10806038549615682,
1626,0.42,0.16,screened_graph,True,True,False,10.75038699956421,0.08958655832970175,218.75752082832634,2.8470578487519947e-14,3.850024136469225e-13,True,5,0.10806038549615682,
1626,0.42,0.16,screened_best,True,True,False,10.75038699956405,0.08958655832970042,218.7575208256213,5.936903999410777e-15,5.95603130189504e-14,True,5,0.10806038549615637,
1626,0.42,0.16,bounded_attempt,False,True,False,9.999999999999964,0.08333333333333304,218.75752069270362,8.342892509107087e-05,0.0027413870087151597,True,5,0.10806038549615815,True
1626,0.42,0.16,selected,True,True,False,10.75038699956405,0.08958655832970042,218.7575208256213,5.936903999410777e-15,5.95603130189504e-14,True,5,0.10806038549615637,
1627,0.44,0.16,baseline,True,True,False,10.442942370973505,0.08702451975811254,200.06280460912222,3.5783170125443185e-15,4.24693412769531e-14,True,5,0.17478557736611444,
1627,0.44,0.16,local,True,True,False,10.442942370973505,0.08702451975811254,200.06280460912222,3.5783170125443185e-15,4.24693412769531e-14,True,5,0.17478557736611444,
1627,0.44,0.16,multistart,True,False,False,2.4067912761846433,0.02005659396820536,133.0528165034668,8.488408783300302e-15,1.716230450872746e-14,True,4,0.17478557736611355,
1627,0.44,0.16,graph,True,False,False,2.40679127618467,0.020056593968205583,133.05281650347638,1.4835147452653382e-14,3.167767174366951e-14,True,4,0.17478557736611533,
1627,0.44,0.16,best,True,False,False,2.4067912761846433,0.02005659396820536,133.0528165034668,8.488408783300302e-15,1.716230450872746e-14,True,4,0.17478557736611355,
1627,0.44,0.16,screened_graph,True,True,False,10.442942370973665,0.08702451975811387,200.06280461196155,3.480598982517541e-14,4.885783853639258e-13,True,5,0.13860047922604313,
1627,0.44,0.16,screened_best,True,True,False,10.442942370973292,0.08702451975811076,200.0628046095123,6.365413147785179e-15,8.351423593880902e-14,True,5,0.17478557736611444,
1627,0.44,0.16,bounded_attempt,False,True,False,9.999999999999964,0.08333333333333304,200.06280416227966,7.106996521018158e-05,0.0025056357694243623,True,5,0.17478557736611355,True
1627,0.44,0.16,selected,True,True,False,10.442942370973292,0.08702451975811076,200.0628046095123,6.365413147785179e-15,8.351423593880902e-14,True,5,0.17478557736611444,
1628,0.46,0.16,baseline,True,True,False,10.458359927257792,0.08715299939381493,186.0157818692997,5.1163133235883814e-15,2.707325658134628e-14,True,5,0.24198832662506664,
1628,0.46,0.16,local,True,True,False,10.458359927257792,0.08715299939381493,186.0157818692997,5.1163133235883814e-15,2.707325658134628e-14,True,5,0.24198832662506664,
1628,0.46,0.16,multistart,True,False,False,2.300693338693911,0.019172444489115925,125.32731615451667,1.579158712809198e-14,7.837801501108117e-14,True,4,0.24198832662506709,
1628,0.46,0.16,graph,True,False,False,2.300693338693991,0.01917244448911659,125.32731615452946,9.783082510146524e-15,5.602713880749851e-14,True,4,0.2419883266250662,
1628,0.46,0.16,best,True,False,False,2.300693338693911,0.019172444489115925,125.32731615451667,1.579158712809198e-14,7.837801501108117e-14,True,4,0.24198832662506709,
1628,0.46,0.16,screened_graph,True,True,False,10.458359927257952,0.08715299939381627,186.0157818718129,1.7233977563975174e-14,2.7844729783035907e-13,True,5,0.1278251707159237,
1628,0.46,0.16,screened_best,True,True,False,10.458359927257685,0.08715299939381405,186.015781869434,5.1063728989834154e-14,7.802373234173359e-13,True,5,0.1278251707159379,
1628,0.46,0.16,bounded_attempt,False,True,False,9.999999999999964,0.08333333333333304,186.01578181611984,5.338411068416681e-05,0.0020030125388476342,True,5,0.1278251707159237,True
1628,0.46,0.16,selected,True,True,False,10.458359927257685,0.08715299939381405,186.015781869434,5.1063728989834154e-14,7.802373234173359e-13,True,5,0.1278251707159379,
1629,0.48,0.16,baseline,True,True,False,10.425169811233772,0.08687641509361477,175.7928393772083,4.163914543352936e-15,6.715046243813782e-14,True,5,0.3098504466895471,
1629,0.48,0.16,local,True,True,False,10.425169811233772,0.08687641509361477,175.7928393772083,4.163914543352936e-15,6.715046243813782e-14,True,5,0.3098504466895471,
1629,0.48,0.16,multistart,True,False,False,2.2077281983399644,0.01839773498616637,118.61264268038099,1.5698201221542404e-14,6.128642472426505e-14,True,4,0.3098504466895471,
1629,0.48,0.16,graph,True,False,False,2.207728198339991,0.018397734986166592,118.61264268040657,5.220778768052322e-15,2.5196426087858455e-14,True,4,0.309850446689544,
1629,0.48,0.16,best,True,False,False,2.2077281983399644,0.01839773498616637,118.61264268038099,1.5698201221542404e-14,6.128642472426505e-14,True,4,0.3098504466895471,
1629,0.48,0.16,screened_graph,True,True,False,10.425169811233719,0.08687641509361432,175.79283938006043,1.1859915564050176e-14,2.1815297298953311e-13,True,5,0.11859927946950055,
1629,0.48,0.16,screened_best,True,True,False,10.42516981123368,0.08687641509361399,175.79283937724486,5.701676918440155e-15,3.984620840050605e-14,True,5,0.30985044668954664,
1629,0.48,0.16,bounded_attempt,False,True,False,9.999999999999991,0.08333333333333326,175.79283979622272,3.97035834381306e-05,0.001571960812110796,True,5,0.30985044668954664,True
1629,0.48,0.16,selected,True,True,False,10.42516981123368,0.08687641509361399,175.79283937724486,5.701676918440155e-15,3.984620840050605e-14,True,5,0.30985044668954664,
1630,0.5,0.16,baseline,True,True,False,10.438980381345075,0.08699150317787563,168.41714330540896,4.2474193312014904e-15,5.6741128912013716e-14,True,5,0.37854261337780715,
1630,0.5,0.16,local,True,True,False,10.438980381345075,0.08699150317787563,168.41714330540896,4.2474193312014904e-15,5.6741128912013716e-14,True,5,0.37854261337780715,
1630,0.5,0.16,multistart,True,False,False,2.1246711546957986,0.01770559295579832,114.37622424636498,1.2522933088521478e-14,2.7149798628916086e-14,True,4,0.3785426133778067,
1630,0.5,0.16,graph,True,False,False,2.1246711546957986,0.01770559295579832,114.37622424636737,5.5283087017181094e-15,3.5731698061535846e-14,True,4,0.3785426133778049,
1630,0.5,0.16,best,True,False,False,2.1246711546957187,0.017705592955797655,114.37622424637297,2.6831187323932363e-15,2.658298156147722e-14,True,4,0.37854261337780004,
1630,0.5,0.16,screened_graph,True,True,False,10.438980381344969,0.08699150317787474,168.41714330533222,3.893158547547052e-15,3.417541627679902e-14,True,5,0.37854261337780715,
1630,0.5,0.16,screened_best,True,True,False,10.438980381344969,0.08699150317787474,168.41714330533222,3.893158547547052e-15,3.417541627679902e-14,True,5,0.37854261337780715,
1630,0.5,0.16,bounded_attempt,False,True,False,9.999999999999964,0.08333333333333304,168.41714312498368,2.8784099876554033e-05,0.0011969201749336903,True,5,0.3785426133778067,True
1630,0.5,0.16,selected,True,True,False,10.438980381344969,0.08699150317787474,168.41714330533222,3.893158547547052e-15,3.417541627679902e-14,True,5,0.37854261337780715,
1631,0.52,0.16,baseline,True,True,False,10.3578259572663,0.0863152163105525,162.92732824078797,5.3438674051099154e-15,4.075509346590859e-14,True,5,0.4484880335846997,
1631,0.52,0.16,local,True,True,False,10.3578259572663,0.0863152163105525,162.92732824078797,5.3438674051099154e-15,4.075509346590859e-14,True,5,0.4484880335846997,
1631,0.52,0.16,multistart,True,False,False,2.0490812893117294,0.01707567741093108,113.37676929094869,6.195045099173029e-15,3.4402322128843385e-14,True,4,0.4484880335846988,
1631,0.52,0.16,graph,True,False,False,2.049081289311836,0.017075677410931966,113.37676929096148,1.6892916416554467e-14,6.038207683996744e-14,True,4,0.4484880335846988,
1631,0.52,0.16,best,True,False,False,2.0490812893117294,0.01707567741093108,113.37676929094869,6.195045099173029e-15,3.4402322128843385e-14,True,4,0.4484880335846988,
1631,0.52,0.16,screened_graph,True,True,False,10.357825957266193,0.08631521631055161,162.9273282408711,2.468555367731835e-14,3.6864361030495916e-13,True,5,0.10363000873819406,
1631,0.52,0.16,screened_best,True,True,False,10.35782595726614,0.08631521631055117,162.9273282404834,5.369538307848699e-15,2.3522658183411954e-14,True,5,0.448488033584689,
1631,0.52,0.16,bounded_attempt,False,True,False,9.999999999999991,0.08333333333333326,162.92732759652932,4.0474906579673575e-05,0.001756351389379179,True,5,0.4484880335846988,True
1631,0.52,0.16,selected,True,True,False,10.35782595726614,0.08631521631055117,162.9273282404834,5.369538307848699e-15,2.3522658183411954e-14,True,5,0.448488033584689,
1632,0.54,0.16,baseline,True,True,False,10.684810400979305,0.08904008667482755,158.25107056727958,3.4085157761878648e-15,3.123888359384182e-14,True,5,0.5199495261824434,
1632,0.54,0.16,local,True,True,False,10.684810400979305,0.08904008667482755,158.25107056727958,3.4085157761878648e-15,3.123888359384182e-14,True,5,0.5199495261824434,
1632,0.54,0.16,multistart,True,False,False,1.9790358043734813,0.016491965036445677,112.90826480722842,9.761955952587483e-15,3.904220805840513e-14,True,4,0.5199495261824438,
1632,0.54,0.16,graph,True,False,False,1.9790358043735878,0.016491965036446565,112.90826480722842,1.8224193433612763e-14,6.785373460184784e-14,True,4,0.5199495261824434,
1632,0.54,0.16,best,True,False,False,1.9790358043734813,0.016491965036445677,112.90826480722842,9.761955952587483e-15,3.904220805840513e-14,True,4,0.5199495261824438,
1632,0.54,0.16,screened_graph,True,True,False,10.684810400979293,0.08904008667482743,158.251070566748,3.537093935949952e-15,2.2422697134604562e-14,True,5,0.5199495261824434,
1632,0.54,0.16,screened_best,True,True,False,10.684810400979293,0.08904008667482743,158.251070566748,3.537093935949952e-15,2.2422697134604562e-14,True,5,0.5199495261824434,
1632,0.54,0.16,bounded_attempt,False,True,False,9.999999999999991,0.08333333333333326,158.25106712474053,5.1531705418775935e-05,0.00232611558466253,True,5,0.5199495261824443,True
1632,0.54,0.16,selected,True,True,False,10.684810400979293,0.08904008667482743,158.251070566748,3.537093935949952e-15,2.2422697134604562e-14,True,5,0.5199495261824434,
1633,0.56,0.16,baseline,True,True,False,11.077569184228935,0.09231307653524112,157.0091912274613,5.698483974385144e-15,2.9717738192096184e-14,True,5,0.5930778687525899,
1633,0.56,0.16,local,True,True,False,11.077569184228935,0.09231307653524112,157.0091912274613,5.698483974385144e-15,2.9717738192096184e-14,True,5,0.5930778687525899,
1633,0.56,0.16,multistart,True,False,False,1.9129500147294731,0.01594125012274561,112.93382355162294,1.2379546801991264e-14,4.2585863389983314e-14,True,4,0.5930778687525771,
1633,0.56,0.16,graph,True,False,False,1.912950014729553,0.015941250122746276,112.93382355125203,1.7998479616507108e-14,7.292525287333668e-14,True,4,0.5930778687525904,
1633,0.56,0.16,best,True,False,False,1.9129500147294465,0.015941250122745387,112.93382355125843,8.939062221096036e-16,8.714623678982768e-15,True,4,0.5930778687525886,
1633,0.56,0.16,screened_graph,True,True,False,11.077569184228802,0.09231307653524001,157.0091912271815,4.539564185903517e-15,2.2541312710086247e-14,True,5,0.5930778687525864,
1633,0.56,0.16,screened_best,True,True,False,11.077569184228802,0.09231307653524001,157.0091912271815,4.539564185903517e-15,2.2541312710086247e-14,True,5,0.5930778687525864,
1633,0.56,0.16,bounded_attempt,False,True,False,9.999999999999991,0.08333333333333326,181.52623610950053,9.390225226075373e-05,0.004349004319656754,True,5,0.5930778687525908,True
1633,0.56,0.16,selected,True,True,False,11.077569184228802,0.09231307653524001,157.0091912271815,4.539564185903517e-15,2.2541312710086247e-14,True,5,0.5930778687525864,
1634,0.58,0.16,baseline,True,True,False,11.530509232461394,0.09608757693717829,189.0770792847988,3.191770517100301e-15,2.8117554200418055e-14,True,5,0.6680498685532887,
1634,0.58,0.16,local,True,True,False,11.530509232461394,0.09608757693717829,189.0770792847988,3.191770517100301e-15,2.8117554200418055e-14,True,5,0.6680498685532887,
1634,0.58,0.16,multistart,True,False,False,1.8494461117369543,0.015412050931141286,113.43668518394372,1.1484076947005517e-14,4.376593650051698e-14,True,4,0.668049868553279,
1634,0.58,0.16,graph,True,False,False,1.849446111736981,0.015412050931141508,113.43668518374628,1.880546760804423e-14,7.771289728062353e-14,True,4,0.6680498685532898,
1634,0.58,0.16,best,True,False,False,1.8494461117369543,0.015412050931141286,113.43668518394372,1.1484076947005517e-14,4.376593650051698e-14,True,4,0.668049868553279,
1634,0.58,0.16,screened_graph,True,True,False,11.530509232461288,0.0960875769371774,189.07707928477961,5.172022696835121e-15,4.448618354565005e-14,True,5,0.6680498685532841,
1634,0.58,0.16,screened_best,True,True,False,11.530509232461275,0.09608757693717729,189.07707928473965,4.8683153036373196e-15,2.1438828718712075e-14,True,5,0.6680498685532859,
1634,0.58,0.16,bounded_attempt,False,True,False,9.999999999999991,0.08333333333333326,356.4733601665981,0.00016685222401476832,0.007931592254079595,True,5,0.6680498685532892,True
1634,0.58,0.16,selected,True,True,False,11.530509232461275,0.09608757693717729,189.07707928473965,4.8683153036373196e-15,2.1438828718712075e-14,True,5,0.6680498685532859,
1635,0.6,0.16,baseline,True,True,False,12.136469776088106,0.10113724813406755,224.20490463495213,3.67300240504116e-15,2.3632426395361357e-14,True,5,0.7448917958339625,
1635,0.6,0.16,local,True,True,False,12.136469776088106,0.10113724813406755,224.20490463495213,3.67300240504116e-15,2.3632426395361357e-14,True,5,0.7448917958339625,
1635,0.6,0.16,multistart,True,False,False,1.7872469815001413,0.01489372484583451,114.41847233252727,2.8362341567149576e-15,1.7189393742979012e-14,True,4,0.7448917958339618,
1635,0.6,0.16,graph,True,False,False,1.787246981500168,0.014893724845834733,114.41847233268874,1.8214473579792575e-14,8.504992027220469e-14,True,4,0.744891795833962,
1635,0.6,0.16,best,True,False,False,1.7872469815001146,0.014893724845834289,114.41847233268874,8.242985408089819e-16,1.0830211401104764e-14,True,4,0.7448917958339607,
1635,0.6,0.16,screened_graph,True,True,False,12.136469776088052,0.1011372481340671,224.20490463495852,5.883412810391376e-15,5.109994555861292e-14,True,5,0.08272827986560571,
1635,0.6,0.16,screened_best,True,True,False,12.136469776088,0.10113724813406666,224.20490463492655,5.162630328367558e-15,4.128045059302402e-14,True,5,0.744891795833958,
1635,0.6,0.16,bounded_attempt,False,True,False,9.999999999999964,0.08333333333333304,373.1898867525978,0.00026302294901416724,0.012680077678705003,True,5,0.7448917958339609,True
1635,0.6,0.16,selected,True,True,False,12.136469776088,0.10113724813406666,224.20490463492655,5.162630328367558e-15,4.128045059302402e-14,True,5,0.744891795833958,
1636,0.62,0.16,baseline,True,True,False,13.010725873566127,0.10842271561305106,258.07409653112074,5.271879156568682e-15,3.909252218136673e-14,True,5,0.776605095398831,
1636,0.62,0.16,local,True,True,False,13.010725873566127,0.10842271561305106,258.07409653112074,5.271879156568682e-15,3.909252218136673e-14,True,5,0.776605095398831,
1636,0.62,0.16,multistart,True,False,False,1.7646555250635565,0.01470546270886297,115.89936464144373,2.328281303716835e-14,1.0254353715012679e-13,True,3,0.8238971922637082,
1636,0.62,0.16,graph,True,False,False,1.7646555250635565,0.01470546270886297,115.89936464144373,2.328281303716835e-14,1.0254353715012679e-13,True,3,0.8238971922637082,
1636,0.62,0.16,best,True,False,False,1.7646555250635565,0.01470546270886297,115.89936464144373,2.328281303716835e-14,1.0254353715012679e-13,True,3,0.8238971922637082,
1636,0.62,0.16,screened_graph,True,True,False,13.01072587356618,0.1084227156130515,258.07409653135096,3.8492540629522394e-15,3.5460442551226646e-14,True,5,0.8238971922637672,
1636,0.62,0.16,screened_best,True,True,False,13.01072587356602,0.10842271561305017,258.07409653133817,6.71891344611886e-16,4.065074220825847e-15,True,5,0.12322290096081812,
1636,0.62,0.16,bounded_attempt,False,True,False,9.999999999999964,0.08333333333333304,550.9533061019781,0.00042255470569463506,0.020498219166848918,True,5,0.12322290096081812,True
1636,0.62,0.16,selected,True,True,False,13.01072587356602,0.10842271561305017,258.07409653133817,6.71891344611886e-16,4.065074220825847e-15,True,5,0.12322290096081812,
1637,0.64,0.16,baseline,True,True,False,14.32519891959922,0.11937665766332684,282.85326641102097,2.090715332555169e-15,2.3021591783401335e-14,True,5,0.706805753541925,
1637,0.64,0.16,local,True,True,False,14.32519891959922,0.11937665766332684,282.85326641102097,2.090715332555169e-15,2.3021591783401335e-14,True,5,0.706805753541925,
1637,0.64,0.16,multistart,True,False,False,1.783838647492768,0.014865322062439734,117.9202743932045,2.593932286255683e-14,1.2152763121666409e-13,True,3,0.9054153126954732,
1637,0.64,0.16,graph,True,False,False,1.783838647492768,0.014865322062439734,117.9202743932045,2.593932286255683e-14,1.2152763121666409e-13,True,3,0.9054153126954732,
1637,0.64,0.16,best,True,False,False,1.783838647492768,0.014865322062439734,117.9202743932045,2.593932286255683e-14,1.2152763121666409e-13,True,3,0.9054153126954732,
1637,0.64,0.16,screened_graph,True,True,False,14.325198919599327,0.11937665766332772,282.8532664113695,5.336239500504882e-15,3.093419921572727e-14,True,5,0.9054153126955313,
1637,0.64,0.16,screened_best,True,True,False,14.325198919599087,0.11937665766332572,282.85326641103694,5.660181271998913e-15,3.156132684912528e-14,True,5,0.9054153126955322,
1637,0.64,0.16,bounded_attempt,False,True,False,9.999999999999995,0.08333333333333329,448.4639931788319,0.0006218360734345775,0.030384127827587322,True,5,0.905415312695534,True
1637,0.64,0.16,selected,True,True,False,14.325198919599087,0.11937665766332572,282.85326641103694,5.660181271998913e-15,3.156132684912528e-14,True,5,0.9054153126955322,
1638,0.66,0.16,baseline,True,True,False,16.3780390889829,0.1364836590748575,289.5915373732898,2.9823039878883397e-15,2.6623848024000048e-14,True,5,0.6301034721007888,
1638,0.66,0.16,local,True,True,False,16.3780390889829,0.1364836590748575,289.5915373732898,2.9823039878883397e-15,2.6623848024000048e-14,True,5,0.6301034721007888,
1638,0.66,0.16,multistart,True,False,False,1.8120187383006048,0.01510015615250504,120.5475470256971,2.6586900576802077e-14,1.2645958910243851e-13,True,3,0.9665235328306494,
1638,0.66,0.16,graph,True,False,False,1.8120187383006048,0.01510015615250504,120.5475470256971,2.6586900576802077e-14,1.2645958910243851e-13,True,3,0.9665235328306494,
1638,0.66,0.16,best,True,False,False,1.8120187383006048,0.01510015615250504,120.5475470256971,2.6586900576802077e-14,1.2645958910243851e-13,True,3,0.9665235328306494,
1638,0.66,0.16,screened_graph,True,True,False,16.3780390889821,0.13648365907485083,289.59153737329615,8.232932555460684e-15,2.8261675330091568e-14,True,5,0.9899067544499727,
1638,0.66,0.16,screened_best,True,True,False,16.3780390889821,0.13648365907485083,289.59153737329615,8.232932555460684e-15,2.8261675330091568e-14,True,5,0.9899067544499727,
1638,0.66,0.16,bounded_attempt,False,True,False,9.999999999999991,0.08333333333333326,651.7924863444525,0.0008735556337566107,0.042459906308608915,True,5,0.9899067544499729,True
1638,0.66,0.16,selected,True,True,False,16.3780390889821,0.13648365907485083,289.59153737329615,8.232932555460684e-15,2.8261675330091568e-14,True,5,0.9899067544499727,
1639,0.68,0.16,baseline,True,True,False,19.738793379300734,0.16448994482750612,315.26773495582603,2.5547571290699833e-15,2.1041587099963478e-14,True,5,0.5491863253845377,
1639,0.68,0.16,local,True,True,False,19.738793379300734,0.16448994482750612,315.26773495582603,2.5547571290699833e-15,2.1041587099963478e-14,True,5,0.5491863253845377,
1639,0.68,0.16,multistart,True,False,False,1.8506187498312343,0.015421822915260286,123.88136408028814,2.178252198610302e-14,1.1127463552374689e-13,True,3,0.9298476032578122,
1639,0.68,0.16,graph,True,False,False,1.8506187498316207,0.015421822915263506,123.88136408047359,1.6671492254573362e-14,8.319561882040167e-14,True,3,1.0780569206133512,
1639,0.68,0.16,best,True,False,False,1.8506187498312343,0.015421822915260286,123.88136408028814,2.178252198610302e-14,1.1127463552374689e-13,True,3,0.9298476032578122,
1639,0.68,0.16,screened_graph,True,True,False,19.738793379300574,0.16448994482750479,315.2677349555063,3.620640103554365e-15,8.877862530897978e-14,True,5,0.09851932244342798,
1639,0.68,0.16,screened_best,True,True,False,19.738793379288797,0.16448994482740664,315.26773495596353,5.138024866298251e-15,2.33939336568341e-14,True,5,1.0780569206133588,
1639,0.68,0.16,bounded_attempt,False,True,False,9.999999999999991,0.08333333333333326,573.191957481451,0.0012182368965906942,0.05830180861108671,True,5,1.0780569206133594,True
1639,0.68,0.16,selected,True,True,False,19.738793379288797,0.16448994482740664,315.26773495596353,5.138024866298251e-15,2.33939336568341e-14,True,5,1.0780569206133588,
1640,0.7000000000000001,0.16,baseline,True,True,False,25.445804801143197,0.21204837334285997,397.297029608162,3.2830575587039538e-15,3.2554358929685977e-14,True,5,0.46710755084071476,
1640,0.7000000000000001,0.16,local,True,True,False,25.445804801143197,0.21204837334285997,397.297029608162,3.2830575587039538e-15,3.2554358929685977e-14,True,5,0.46710755084071476,
1640,0.7000000000000001,0.16,multistart,True,False,False,1.9018508069319573,0.015848756724432977,128.0701968543653,1.7365055787662843e-14,9.021140237070886e-14,True,3,0.8910900558796877,
1640,0.7000000000000001,0.16,graph,True,False,False,1.9018508069323836,0.01584875672443653,128.07019685437808,9.477990607403052e-15,2.0787435983604688e-13,True,3,0.0005573587010294645,
1640,0.7000000000000001,0.16,best,True,False,False,1.9018508069317974,0.015848756724431645,128.0701968543685,1.1214420420533846e-15,5.072308899420145e-15,True,3,1.1705441942442099,
1640,0.7000000000000001,0.16,screened_graph,True,True,False,25.445804801157372,0.2120483733429781,397.2970296006224,5.124738401775894e-15,6.711558075718715e-14,True,5,0.06606086533687083,
1640,0.7000000000000001,0.16,screened_best,True,True,False,25.445804801136482,0.21204837334280402,397.297029611385,9.405536950197356e-15,2.4844484817651616e-14,True,5,1.0182904860338517,
1640,0.7000000000000001,0.16,bounded_attempt,False,True,False,9.999999999999991,0.08333333333333326,751.4966066893123,0.001680816954107976,0.07890223987595478,True,5,1.0182904861299198,True
1640,0.7000000000000001,0.16,selected,True,True,False,25.445804801136482,0.21204837334280402,397.297029611385,9.405536950197356e-15,2.4844484817651616e-14,True,5,1.0182904860338517,
1641,0.72,0.16,baseline,True,True,False,36.391585808660686,0.30326321507217235,770.3518436009858,3.2645560096682685e-15,3.23639163107833e-14,True,5,0.38673945377744534,
1641,0.72,0.16,local,True,True,False,36.391585808660686,0.30326321507217235,770.3518436009858,3.2645560096682685e-15,3.23639163107833e-14,True,5,0.38673945377744534,
1641,0.72,0.16,multistart,True,False,False,1.9691668431616827,0.016409723693014022,133.33599565962774,2.0379171099325276e-14,9.876135646337117e-14,True,3,1.2682734296585696,
1641,0.72,0.16,graph,True,False,False,1.9691668431621956,0.016409723693018297,133.3359956593128,1.2387820549587201e-14,1.259298132725427e-13,True,3,0.004959210085787369,
1641,0.72,0.16,best,True,False,False,1.9691668431615028,0.016409723693012523,133.33599565929362,1.6853943381229017e-15,1.0696010886664923e-14,True,3,0.8498768390077744,
1641,0.72,0.16,screened_graph,True,True,False,36.39158580865994,0.30326321507216614,770.3518436009288,3.726799751387642e-15,1.4815565730531647e-13,True,5,0.05273030950627966,
1641,0.72,0.16,screened_best,True,True,False,36.39158580865941,0.3032632150721617,770.3518436009734,3.686897550446054e-15,1.5006362368292164e-14,True,5,0.8264052065298042,
1641,0.72,0.16,bounded_attempt,False,True,False,9.999999999999991,0.08333333333333326,923.6577942866401,0.002281028610680531,0.10419072188909359,True,5,0.8264052065300946,True
1641,0.72,0.16,selected,True,True,False,36.39158580865941,0.3032632150721617,770.3518436009734,3.686897550446054e-15,1.5006362368292164e-14,True,5,0.8264052065298042,
1642,0.74,0.16,baseline,True,True,False,67.22274730844717,0.5601895609037264,2921.9109341279236,6.096283305165574e-15,4.810079291829254e-14,True,5,0.3102727152995062,
1642,0.74,0.16,local,True,True,False,67.22274730844717,0.5601895609037264,2921.9109341279236,6.096283305165574e-15,4.810079291829254e-14,True,5,0.3102727152995062,
1642,0.74,0.16,multistart,True,False,False,2.0581350177617175,0.017151125148014312,140.01980650144327,2.4951027494579517e-14,1.1057207798248289e-13,True,3,1.3724948236176948,
1642,0.74,0.16,graph,True,False,False,2.058135017761291,0.01715112514801076,140.01980650136971,4.243812989393896e-15,1.6695032086637907e-14,True,3,1.3724948236177046,
1642,0.74,0.16,best,True,False,False,2.0581350177611846,0.01715112514800987,140.01980650136014,9.601553874188537e-15,3.316173768641369e-14,True,3,1.3724948236177057,
1642,0.74,0.16,screened_graph,True,True,False,67.22274730842761,0.5601895609035634,2921.910934125698,5.3821668220646946e-15,2.28400714297938e-13,True,5,0.02571072267749752,
1642,0.74,0.16,screened_best,True,True,False,67.22274730842761,0.5601895609035634,2921.910934125698,5.3821668220646946e-15,2.28400714297938e-13,True,5,0.02571072267749752,
1642,0.74,0.16,bounded_attempt,False,True,False,9.999999999999964,0.08333333333333304,966.9281866447449,0.005233863520264225,0.2369932335224929,True,5,8.881784197001252e-16,True
1642,0.74,0.16,selected,True,True,False,67.22274730842761,0.5601895609035634,2921.910934125698,5.3821668220646946e-15,2.28400714297938e-13,True,5,0.02571072267749752,
1643,0.76,0.16,baseline,True,True,False,120.99997066688358,1.0083330888906965,20387.695456606885,3.956216307540096e-15,2.3906346575021427e-14,True,5,1.485018795095016,
1643,0.76,0.16,local,True,True,False,120.99997066688358,1.0083330888906965,20387.695456606885,3.956216307540096e-15,2.3906346575021427e-14,True,5,1.485018795095016,
1643,0.76,0.16,multistart,True,False,False,2.178302385379709,0.01815251987816424,148.66854063270694,2.8418958134224975e-14,1.1311063173957133e-13,True,3,1.4850187950950033,
1643,0.76,0.16,graph,True,False,False,2.178302385379869,0.018152519878165574,148.66854063216337,2.0852922077169954e-14,5.951236843905602e-14,True,3,0.7576474231229708,
1643,0.76,0.16,best,True,False,False,2.178302385379709,0.01815251987816424,148.66854063270694,2.8418958134224975e-14,1.1311063173957133e-13,True,3,1.4850187950950033,
1643,0.76,0.16,screened_graph,True,True,False,76.87156103139263,0.6405963419282719,3472.4290510218266,5.206593850610683e-15,1.0351306407684679e-13,True,3,0.02330354500725651,
1643,0.76,0.16,screened_best,True,True,False,76.87156103137933,0.6405963419281611,3472.4290510228434,9.914492082078197e-15,1.1034808635537848e-13,True,3,0.8782196969801399,
1643,0.76,0.16,bounded_attempt,False,True,False,9.999999999999964,0.08333333333333304,2332.7003388667745,0.000874553990727148,0.03988133489956308,True,3,0.177814950610947,True
1643,0.76,0.16,selected,True,True,False,76.87156103137933,0.6405963419281611,3472.4290510228434,9.914492082078197e-15,1.1034808635537848e-13,True,3,0.8782196969801399,
1644,0.78,0.16,baseline,True,True,False,47.15427592774447,0.3929522993978706,1514.7128004908081,2.4644704499241884e-14,1.18689888145759e-13,True,3,1.6086422415854178,
1644,0.78,0.16,local,True,True,False,47.15427592774447,0.3929522993978706,1514.7128004908081,2.4644704499241884e-14,1.18689888145759e-13,True,3,1.6086422415854178,
1644,0.78,0.16,multistart,True,True,True,2.362063555864604,0.019683862965538368,160.2036385287782,5.351714040067238e-14,9.79522783506941e-14,True,2,0.7044799730300424,
1644,0.78,0.16,graph,True,True,True,2.362063555864604,0.019683862965538368,160.2036385287782,5.351714040067238e-14,9.79522783506941e-14,True,2,0.7044799730300424,
1644,0.78,0.16,best,True,True,True,2.3620635558561442,0.01968386296546787,160.2036385288038,2.2054966185401192e-14,6.147791236074909e-14,True,2,1.6086422415854167,
1644,0.78,0.16,screened_graph,True,True,True,2.362063555864604,0.019683862965538368,160.2036385287782,5.351714040067238e-14,9.79522783506941e-14,True,2,0.7044799730300424,
1644,0.78,0.16,screened_best,True,True,True,2.3620635558561442,0.01968386296546787,160.2036385288038,2.2054966185401192e-14,6.147791236074909e-14,True,2,1.6086422415854167,
1644,0.78,0.16,bounded_attempt,True,True,True,2.3620635558469116,0.01968386296539093,160.203638528791,8.718090228591292e-13,6.379209531896635e-12,True,2,1.6086422415843251,True
1644,0.78,0.16,selected,True,True,True,2.3620635558469116,0.01968386296539093,160.203638528791,8.718090228591292e-13,6.379209531896635e-12,True,2,1.6086422415843251,True
1645,0.8,0.16,baseline,True,True,False,22.37889971964941,0.18649083099707842,790.870707185691,3.9128963533282665e-15,2.7418717908632037e-14,True,3,1.7480573293159296,
1645,0.8,0.16,local,True,True,False,22.37889971964941,0.18649083099707842,790.870707185691,3.9128963533282665e-15,2.7418717908632037e-14,True,3,1.7480573293159296,
1645,0.8,0.16,multistart,True,True,True,4.79145873155353,0.039928822762946084,790.8707071850514,2.2593400836903886e-14,5.717656197808387e-14,True,2,1.748057329315929,
1645,0.8,0.16,graph,True,True,True,4.791458731425658,0.039928822761880485,790.8707071535628,2.376153272247864e-14,4.723588050750985e-14,True,2,0.63697079030484,
1645,0.8,0.16,best,True,True,True,4.791458731085543,0.03992882275904619,790.8707070711357,2.4055374851178273e-14,7.842026713273153e-14,True,2,1.3717230247943109,
1645,0.8,0.16,screened_graph,True,True,True,4.791458731425658,0.039928822761880485,790.8707071535628,2.376153272247864e-14,4.723588050750985e-14,True,2,0.63697079030484,
1645,0.8,0.16,screened_best,True,True,True,4.791458731085543,0.03992882275904619,790.8707070711357,2.4055374851178273e-14,7.842026713273153e-14,True,2,1.3717230247943109,
1645,0.8,0.16,bounded_attempt,True,True,True,4.791458744252307,0.039928822868769226,790.8707085783044,2.6164841872695674e-12,2.413915841158937e-11,True,2,1.3717230247973413,True
1645,0.8,0.16,selected,True,True,True,4.791458731085543,0.03992882275904619,790.8707070711357,2.4055374851178273e-14,7.842026713273153e-14,True,2,1.3717230247943109,
1671,0.6,0.18,baseline,True,True,False,10.411447085369971,0.08676205904474976,262.34732180497673,4.496167663828899e-15,4.013701934003969e-14,True,5,0.7569000127978871,
1671,0.6,0.18,local,True,True,False,10.411447085369971,0.08676205904474976,262.34732180497673,4.496167663828899e-15,4.013701934003969e-14,True,5,0.7569000127978871,
1671,0.6,0.18,multistart,True,False,False,1.8148196071204126,0.015123496726003438,112.25459414752876,1.865763155430309e-14,8.915957507895236e-14,True,4,0.7569000127978869,
1671,0.6,0.18,graph,True,False,False,1.8148196071204126,0.015123496726003438,112.25459414752876,1.865763155430309e-14,8.915957507895236e-14,True,4,0.7569000127978869,
1671,0.6,0.18,best,True,False,False,1.8148196071204126,0.015123496726003438,112.25459414752876,1.865763155430309e-14,8.915957507895236e-14,True,4,0.7569000127978869,
1671,0.6,0.18,screened_graph,True,True,False,10.411447085369865,0.08676205904474887,262.34732180511105,4.275529985878462e-15,2.5604831599935648e-14,True,5,0.7569000127978831,
1671,0.6,0.18,screened_best,True,True,False,10.411447085369865,0.08676205904474887,262.34732180511105,4.275529985878462e-15,2.5604831599935648e-14,True,5,0.7569000127978831,
1671,0.6,0.18,bounded_attempt,False,True,False,9.999999999999964,0.08333333333333304,262.34732180518137,2.353702684197069e-05,0.001157489647911276,True,5,0.7569000127978864,True
1671,0.6,0.18,selected,True,True,False,10.411447085369865,0.08676205904474887,262.34732180511105,4.275529985878462e-15,2.5604831599935648e-14,True,5,0.7569000127978831,
1672,0.62,0.18,baseline,True,True,False,11.19129824567148,0.093260818713929,320.28954429570007,7.41548004954088e-15,1.1471647204357591e-13,True,5,0.8359801255149031,
1672,0.62,0.18,local,True,True,False,11.19129824567148,0.093260818713929,320.28954429570007,7.41548004954088e-15,1.1471647204357591e-13,True,5,0.8359801255149031,
1672,0.62,0.18,multistart,True,False,False,1.7724301487031546,0.014770251239192955,113.87317168653439,2.338044418327386e-14,1.013191234622452e-13,True,3,0.8359801255149031,
1672,0.62,0.18,graph,True,False,False,1.7724301487031546,0.014770251239192955,113.87317168653439,2.338044418327386e-14,1.013191234622452e-13,True,3,0.8359801255149031,
1672,0.62,0.18,best,True,False,False,1.7724301487031546,0.014770251239192955,113.87317168653439,2.338044418327386e-14,1.013191234622452e-13,True,3,0.8359801255149031,
1672,0.62,0.18,screened_graph,True,True,False,11.1912982456714,0.09326081871392833,320.2895442956521,4.145163035616955e-15,2.3900889110118695e-14,True,5,0.8359801255149029,
1672,0.62,0.18,screened_best,True,True,False,11.1912982456714,0.09326081871392833,320.2895442956521,4.145163035616955e-15,2.3900889110118695e-14,True,5,0.8359801255149029,
1672,0.62,0.18,bounded_attempt,False,True,False,9.999999999999991,0.08333333333333326,320.2895369251959,0.00011923132306743668,0.005844307599912437,True,5,0.8359801255149024,True
1672,0.62,0.18,selected,True,True,False,11.1912982456714,0.09326081871392833,320.2895442956521,4.145163035616955e-15,2.3900889110118695e-14,True,5,0.8359801255149029,
1673,0.64,0.18,baseline,True,True,False,12.220610178959745,0.10183841815799788,360.06215946812824,2.3557928023801794e-15,1.8681690964036094e-14,True,5,0.797681822400536,
1673,0.64,0.18,local,True,True,False,12.220610178959745,0.10183841815799788,360.06215946812824,2.3557928023801794e-15,1.8681690964036094e-14,True,5,0.797681822400536,
1673,0.64,0.18,multistart,True,False,False,1.7920055018060665,0.014933379181717221,116.03397491835281,2.6481161092270706e-14,1.2257561791955072e-13,True,3,0.9176380006285063,
1673,0.64,0.18,graph,True,False,False,1.7920055018060665,0.014933379181717221,116.03397491835281,2.6481161092270706e-14,1.2257561791955072e-13,True,3,0.9176380006285063,
1673,0.64,0.18,best,True,False,False,1.7920055018060665,0.014933379181717221,116.03397491835281,2.6481161092270706e-14,1.2257561791955072e-13,True,3,0.9176380006285063,
1673,0.64,0.18,screened_graph,True,True,False,12.220610178959745,0.10183841815799788,360.0621594680675,3.144352709621857e-15,1.904525348216748e-14,True,5,0.12072002920703451,
1673,0.64,0.18,screened_best,True,True,False,12.220610178959745,0.10183841815799788,360.0621594680675,3.144352709621857e-15,1.904525348216748e-14,True,5,0.12072002920703451,
1673,0.64,0.18,bounded_attempt,False,True,False,9.999999999999964,0.08333333333333304,451.2778121956515,0.0002898780142465442,0.014242589380337725,True,5,0.12072002920703451,True
1673,0.64,0.18,selected,True,True,False,12.220610178959745,0.10183841815799788,360.0621594680675,3.144352709621857e-15,1.904525348216748e-14,True,5,0.12072002920703451,
1674,0.66,0.18,baseline,True,True,False,13.608069780692844,0.1134005815057737,396.29825219131976,7.591137245500282e-15,6.583647547591336e-14,True,5,0.722817935112003,
1674,0.66,0.18,local,True,True,False,13.608069780692844,0.1134005815057737,396.29825219131976,7.591137245500282e-15,6.583647547591336e-14,True,5,0.722817935112003,
1674,0.66,0.18,multistart,True,False,False,1.8209258285326513,0.01517438190443876,118.81075087183248,2.585248240244708e-14,1.2697874758229868e-13,True,3,0.9510644371403663,
1674,0.66,0.18,graph,True,False,False,1.8209258285326513,0.01517438190443876,118.81075087183248,2.585248240244708e-14,1.2697874758229868e-13,True,3,0.9510644371403663,
1674,0.66,0.18,best,True,False,False,1.8209258285326513,0.01517438190443876,118.81075087183248,2.585248240244708e-14,1.2697874758229868e-13,True,3,0.9510644371403663,
1674,0.66,0.18,screened_graph,True,True,False,13.608069780692738,0.11340058150577281,396.2982521913773,5.6960500537763126e-15,1.6961047189585883e-14,True,5,1.0023064979293486,
1674,0.66,0.18,screened_best,True,True,False,13.608069780692524,0.11340058150577104,396.2982521912494,3.3126078916972883e-15,5.3276816916495974e-14,True,5,0.07539575614651994,
1674,0.66,0.18,bounded_attempt,False,True,False,9.999999999999964,0.08333333333333304,613.8014087046046,0.0005152498111912631,0.02501271159954451,True,5,0.07539575614655192,True
1674,0.66,0.18,selected,True,True,False,13.608069780692524,0.11340058150577104,396.2982521912494,3.3126078916972883e-15,5.3276816916495974e-14,True,5,0.07539575614651994,
1675,0.68,0.18,baseline,True,True,False,15.666833631106964,0.13055694692589137,425.7782197098379,3.4866129422366675e-15,1.5305120093719034e-14,True,5,0.642149310079402,
1675,0.68,0.18,local,True,True,False,15.666833631106964,0.13055694692589137,425.7782197098379,3.4866129422366675e-15,1.5305120093719034e-14,True,5,0.642149310079402,
1675,0.68,0.18,multistart,True,False,False,1.8606923560138355,0.01550576963344863,122.31310412954173,2.4547119575798866e-14,1.2749441002369814e-13,True,3,0.9140008255505112,
1675,0.68,0.18,graph,True,False,False,1.8606923560138355,0.01550576963344863,122.31310412954173,2.4547119575798866e-14,1.2749441002369814e-13,True,3,0.9140008255505112,
1675,0.68,0.18,best,True,False,False,1.8606923560138355,0.01550576963344863,122.31310412954173,2.4547119575798866e-14,1.2749441002369814e-13,True,3,0.9140008255505112,
1675,0.68,0.18,screened_graph,True,True,False,15.666833631106911,0.13055694692589093,425.7782197111297,1.9557343555690404e-15,2.7040173723416463e-14,True,5,0.11062911339007542,
1675,0.68,0.18,screened_best,True,True,False,15.666833631105685,0.1305569469258807,425.7782197099562,2.1465308753782285e-15,1.1287160183993362e-14,True,5,0.08034374985044224,
1675,0.68,0.18,bounded_attempt,False,True,False,9.999999999999964,0.08333333333333304,434.38747124064855,0.0008320131857864433,0.03985484552181611,True,5,0.08016526612817199,True
1675,0.68,0.18,selected,True,True,False,15.666833631105685,0.1305569469258807,425.7782197099562,2.1465308753782285e-15,1.1287160183993362e-14,True,5,0.08034374985044224,
1676,0.7000000000000001,0.18,baseline,True,True,False,18.805302232939276,0.15671085194116063,417.59616985974264,2.5658524746940005e-15,1.474601810647032e-14,True,5,0.5582097112824531,
1676,0.7000000000000001,0.18,local,True,True,False,18.805302232939276,0.15671085194116063,417.59616985974264,2.5658524746940005e-15,1.474601810647032e-14,True,5,0.5582097112824531,
1676,0.7000000000000001,0.18,multistart,True,False,False,1.9136457483755542,0.01594704790312962,126.70276029117034,2.0455313148367915e-14,1.0496594119556185e-13,True,3,0.8747693515470818,
1676,0.7000000000000001,0.18,graph,True,False,False,1.9136457483755542,0.01594704790312962,126.70276029117034,2.0455313148367915e-14,1.0496594119556185e-13,True,3,0.8747693515470818,
1676,0.7000000000000001,0.18,best,True,False,False,1.9136457483755542,0.01594704790312962,126.70276029117034,2.0455313148367915e-14,1.0496594119556185e-13,True,3,0.8747693515470818,
1676,0.7000000000000001,0.18,screened_graph,True,True,False,18.805302232935972,0.1567108519411331,417.5961698656707,6.657130114193371e-15,4.3391494554935527e-14,True,5,0.8601657541441163,
1676,0.7000000000000001,0.18,screened_best,True,True,False,18.805302232935972,0.1567108519411331,417.5961698656707,6.657130114193371e-15,4.3391494554935527e-14,True,5,0.8601657541441163,
1676,0.7000000000000001,0.18,bounded_attempt,False,True,False,9.999999999999991,0.08333333333333326,776.4171978374894,0.001254292645135399,0.0588023368372185,True,5,0.8601657541516063,True
1676,0.7000000000000001,0.18,selected,True,True,False,18.805302232935972,0.1567108519411331,417.5961698656707,6.657130114193371e-15,4.3391494554935527e-14,True,5,0.8601657541441163,
1677,0.72,0.18,baseline,True,True,False,24.354941325976682,0.20295784438313902,379.2144964616806,5.104555220251636e-15,4.331006460619109e-14,True,5,0.4736590135544301,
1677,0.72,0.18,local,True,True,False,24.354941325976682,0.20295784438313902,379.2144964616806,5.104555220251636e-15,4.331006460619109e-14,True,5,0.4736590135544301,
1677,0.72,0.18,multistart,True,False,False,1.983453261571917,0.016528777179765974,132.2219786438005,2.0177998044384198e-14,9.521150687736832e-14,True,3,0.8329706524758063,
1677,0.72,0.18,graph,True,False,False,1.9834532615721967,0.016528777179768306,132.2219786438037,3.4638079875404703e-15,1.2242789516486331e-14,True,3,1.281064652108827,
1677,0.72,0.18,best,True,False,False,1.983453261571917,0.016528777179765974,132.2219786438005,2.0177998044384198e-14,9.521150687736832e-14,True,3,0.8329706524758063,
1677,0.72,0.18,screened_graph,True,True,False,24.354941325976736,0.20295784438313946,379.2144964616742,2.9484992401158902e-15,5.745228666133984e-14,True,5,0.07946089210524931,
1677,0.72,0.18,screened_best,True,True,False,24.354941325976135,0.20295784438313447,379.2144964616597,5.329215076529745e-15,2.914412638976098e-14,True,5,0.10209062370854305,
1677,0.72,0.18,bounded_attempt,False,True,False,10.0,0.08333333333333333,686.5185341494922,0.00180524710797587,0.08222260579900124,True,5,0.10209062370852173,True
1677,0.72,0.18,selected,True,True,False,24.354941325976135,0.20295784438313447,379.2144964616597,5.329215076529745e-15,2.914412638976098e-14,True,5,0.10209062370854305,
1678,0.74,0.18,baseline,True,True,False,37.256626891420375,0.31047189076183646,879.2029879086002,4.1026177199414776e-15,6.267641833260328e-14,True,5,0.3907673223794328,
1678,0.74,0.18,local,True,True,False,37.256626891420375,0.31047189076183646,879.2029879086002,4.1026177199414776e-15,6.267641833260328e-14,True,5,0.3907673223794328,
1678,0.74,0.18,multistart,True,False,False,2.0760609233193605,0.017300507694328005,139.24548911666292,2.878938300483207e-14,1.1755282809995782e-13,True,3,0.7880258644954843,
1678,0.74,0.18,graph,True,False,False,2.076060923319194,0.017300507694326617,139.24548911661097,1.1765221500804795e-14,3.7822573404209444e-14,True,3,1.3856758484919027,
1678,0.74,0.18,best,True,False,False,2.0760609233191474,0.017300507694326228,139.24548911659897,5.621668990294027e-15,1.734628688096404e-14,True,3,0.7880258644954798,
1678,0.74,0.18,screened_graph,True,True,False,37.256626891419685,0.3104718907618307,879.202987908581,4.835607577212434e-15,7.459150281840724e-14,True,5,0.05073160462452542,
1678,0.74,0.18,screened_best,True,True,False,37.256626891419366,0.310471890761828,879.2029879084531,5.401580165607919e-15,2.429607501823366e-14,True,5,0.390767322379431,
1678,0.74,0.18,bounded_attempt,False,True,False,9.999999999999964,0.08333333333333304,742.535121692859,0.0025962240358968314,0.11296182045531619,True,5,0.3907673223794337,True
1678,0.74,0.18,selected,True,True,False,37.256626891419366,0.310471890761828,879.2029879084531,5.401580165607919e-15,2.429607501823366e-14,True,5,0.390767322379431,
1679,0.76,0.18,baseline,True,True,False,94.80422706612465,0.7900352255510388,4178.670517952689,6.0463850833647924e-15,2.2261673739157865e-14,True,5,0.3108715534178934,
1679,0.76,0.18,local,True,True,False,94.80422706612465,0.7900352255510388,4178.670517952689,6.0463850833647924e-15,2.2261673739157865e-14,True,5,0.3108715534178934,
1679,0.76,0.18,multistart,True,False,False,2.2017317861346264,0.01834776488445522,148.38078798566556,3.23229497977419e-14,9.825722129503416e-14,True,3,0.739053233548832,
1679,0.76,0.18,graph,True,False,False,2.20173178613404,0.018347764884450335,148.38078798532024,2.2226658194331712e-14,6.520096386246486e-14,True,3,1.4988232945575366,
1679,0.76,0.18,best,True,False,False,2.201731786133614,0.018347764884446782,148.38078798519234,2.1618698293522964e-14,6.023634574313546e-14,True,3,0.7390532335488178,
1679,0.76,0.18,screened_graph,True,True,False,15.546501918309215,0.1295541826525768,2538.7861299219085,1.6853109176661895e-14,1.2955871164717736e-13,True,3,0.2555136727842555,
1679,0.76,0.18,screened_best,True,True,False,15.546501918309215,0.1295541826525768,2538.7861299219085,1.6853109176661895e-14,1.2955871164717736e-13,True,3,0.2555136727842555,
1679,0.76,0.18,bounded_attempt,False,True,False,9.999999999999964,0.08333333333333304,1873.2058990370667,6.808300494055023e-05,0.002548010750155393,True,3,0.2555136727842493,True
1679,0.76,0.18,selected,True,True,False,15.546501918309215,0.1295541826525768,2538.7861299219085,1.6853109176661895e-14,1.2955871164717736e-13,True,3,0.2555136727842555,
1680,0.78,0.18,baseline,True,True,False,101.27675983335936,0.843972998611328,4863.410864141865,2.1839317305161376e-14,9.34491685902517e-14,True,3,1.6234331694257762,
1680,0.78,0.18,local,True,True,False,101.27675983335936,0.843972998611328,4863.410864141865,2.1839317305161376e-14,9.34491685902517e-14,True,3,1.6234331694257762,
1680,0.78,0.18,multistart,True,True,True,2.481040594570252,0.020675338288085432,160.66764266234674,3.1189255985795795e-14,1.0767780210455774e-13,True,2,1.4615386183099863,
1680,0.78,0.18,graph,True,True,True,2.481040594600361,0.020675338288336342,160.6577558309084,2.198203477078339e-14,5.693954570139001e-14,True,2,1.623433169425776,
1680,0.78,0.18,best,True,True,True,2.481040594570252,0.020675338288085432,160.66764266234674,3.1189255985795795e-14,1.0767780210455774e-13,True,2,1.4615386183099863,
1680,0.78,0.18,screened_graph,True,True,True,2.481040594600361,0.020675338288336342,160.6577558309084,2.198203477078339e-14,5.693954570139001e-14,True,2,1.623433169425776,
1680,0.78,0.18,screened_best,True,True,True,2.481040594570252,0.020675338288085432,160.66764266234674,3.1189255985795795e-14,1.0767780210455774e-13,True,2,1.4615386183099863,
1680,0.78,0.18,bounded_attempt,True,True,True,2.481040594541968,0.02067533828784973,160.66764266234034,8.722982783516941e-13,7.278563676557402e-12,True,2,1.4615386183100405,True
1680,0.78,0.18,selected,True,True,True,2.481040594541968,0.02067533828784973,160.66764266234034,8.722982783516941e-13,7.278563676557402e-12,True,2,1.4615386183100405,True
1709,0.64,0.2,baseline,True,True,False,13.741187448768972,0.1145098954064081,587.5757026858328,8.822606453444159e-15,4.5711391131478195e-14,True,5,0.8652192769352745,
1709,0.64,0.2,local,True,True,False,13.741187448768972,0.1145098954064081,587.5757026858328,8.822606453444159e-15,4.5711391131478195e-14,True,5,0.8652192769352745,
1709,0.64,0.2,multistart,True,False,False,1.7922436752419735,0.014935363960349779,112.02087633980398,2.5133742693021536e-15,1.3519920176304894e-14,True,3,0.9334778463094957,
1709,0.64,0.2,graph,True,False,False,1.7922436752419202,0.014935363960349335,112.02087633987432,7.741765939973307e-16,9.146415687082135e-15,True,3,0.9334778463094942,
1709,0.64,0.2,best,True,False,False,1.7922436752419202,0.014935363960349335,112.02087633987432,7.741765939973307e-16,9.146415687082135e-15,True,3,0.9334778463094942,
1709,0.64,0.2,screened_graph,True,True,False,11.689292990641054,0.09741077492200878,420.9752677532393,6.1695469079091676e-15,1.4696585280497143e-14,True,5,0.06420416668536788,
1709,0.64,0.2,screened_best,True,True,False,11.689292990640574,0.09741077492200478,420.9752677530027,4.1874140690501515e-15,2.505878547834501e-14,True,5,0.8101344322711013,
1709,0.64,0.2,bounded_attempt,False,True,False,9.999999999999964,0.08333333333333304,420.97527019190295,0.00021994898882013875,0.010722913346685185,True,5,0.8101344322715534,True
1709,0.64,0.2,selected,True,True,False,11.689292990640574,0.09741077492200478,420.9752677530027,4.1874140690501515e-15,2.505878547834501e-14,True,5,0.8101344322711013,
1710,0.66,0.2,baseline,True,True,False,17.673844247481263,0.1472820353956772,878.6371577692876,4.4312539242289536e-15,2.3577728631759705e-14,True,5,0.7926035640337838,
1710,0.66,0.2,local,True,True,False,17.673844247481263,0.1472820353956772,878.6371577692876,4.4312539242289536e-15,2.3577728631759705e-14,True,5,0.7926035640337838,
1710,0.66,0.2,multistart,True,False,False,1.8225274796884072,0.015187728997403394,115.05357308293824,3.0631896266889213e-15,1.6141558692337575e-14,True,3,1.018350026758081,
1710,0.66,0.2,graph,True,False,False,1.8225274796884072,0.015187728997403394,115.05357308297022,3.1801640404177666e-15,1.6384715866699936e-14,True,3,1.0183500267580818,
1710,0.66,0.2,best,True,False,False,1.822527479688354,0.01518772899740295,115.05357308304056,9.104505742017336e-16,8.048184460652137e-15,True,3,1.0183500267580807,
1710,0.66,0.2,screened_graph,True,True,False,13.028475031180342,0.10857062525983618,504.1921145427594,6.938005668636832e-15,3.420710613296308e-14,True,5,0.06138808356937453,
1710,0.66,0.2,screened_best,True,True,False,13.02847503117981,0.10857062525983174,504.1921145326363,2.520719752872653e-15,1.490535514295125e-14,True,5,0.7350000884607999,
1710,0.66,0.2,bounded_attempt,False,True,False,9.999999999999964,0.08333333333333304,553.0305483942751,0.000451421920902992,0.021984492593648066,True,5,0.7350000884610095,True
1710,0.66,0.2,selected,True,True,False,13.02847503117981,0.10857062525983174,504.1921145326363,2.520719752872653e-15,1.490535514295125e-14,True,5,0.7350000884607999,
1711,0.68,0.2,baseline,True,True,False,19.13475455710678,0.15945628797588984,903.5070455078145,5.2619330338278404e-15,2.7146316563148754e-14,True,5,0.7132941012495095,
1711,0.68,0.2,local,True,True,False,19.13475455710678,0.15945628797588984,903.5070455078145,5.2619330338278404e-15,2.7146316563148754e-14,True,5,0.7132941012495095,
1711,0.68,0.2,multistart,True,False,False,1.864186325188566,0.01553488604323805,118.83536550727598,3.992174279235972e-15,2.0627616624863456e-14,True,3,1.106888897861368,
1711,0.68,0.2,graph,True,False,False,1.8641863251886193,0.015534886043238494,118.83536550727598,4.085258685332182e-15,2.0631526818481937e-14,True,3,1.1068888978613687,
1711,0.68,0.2,best,True,False,False,1.864186325188566,0.01553488604323805,118.83536550727598,3.992174279235972e-15,2.0627616624863456e-14,True,3,1.106888897861368,
1711,0.68,0.2,screened_graph,True,True,False,14.927049012240028,0.12439207510200023,512.0677793219855,6.563063948508304e-15,4.095124497557337e-14,True,5,0.9982877781721289,
1711,0.68,0.2,screened_best,True,True,False,14.927049012240028,0.12439207510200023,512.0677793219855,6.563063948508304e-15,4.095124497557337e-14,True,5,0.9982877781721289,
1711,0.68,0.2,bounded_attempt,False,True,False,9.999999999999991,0.08333333333333326,695.7749030056088,0.0007572291080973132,0.03609525503604546,True,5,0.9982877781721253,True
1711,0.68,0.2,selected,True,True,False,14.927049012240028,0.12439207510200023,512.0677793219855,6.563063948508304e-15,4.095124497557337e-14,True,5,0.9982877781721289,
1712,0.7000000000000001,0.2,baseline,True,True,False,18.821875672038228,0.15684896393365189,691.5374077262935,5.8866035989688405e-15,2.9237798053134334e-14,True,5,0.6292516000314521,
1712,0.7000000000000001,0.2,local,True,True,False,18.821875672038228,0.15684896393365189,691.5374077262935,5.8866035989688405e-15,2.9237798053134334e-14,True,5,0.6292516000314521,
1712,0.7000000000000001,0.2,multistart,True,False,False,1.919765958150954,0.01599804965125795,123.5513482211104,6.017841498600626e-15,2.818147639050621e-14,True,3,1.1998123668454128,
1712,0.7000000000000001,0.2,graph,True,False,False,1.919765958150954,0.01599804965125795,123.55134822121911,1.0796169701996884e-15,8.193327246278676e-15,True,3,1.1998123668454133,
1712,0.7000000000000001,0.2,best,True,False,False,1.919765958150954,0.01599804965125795,123.5513482211104,6.017841498600626e-15,2.818147639050621e-14,True,3,1.1998123668454128,
1712,0.7000000000000001,0.2,screened_graph,True,True,False,17.817516876665337,0.14847930730554448,475.3891686245012,7.151249776876829e-15,1.5412270718909476e-13,True,5,0.7594084041148337,
1712,0.7000000000000001,0.2,screened_best,True,True,False,17.817516876665152,0.14847930730554293,475.3891686099337,4.347293175215758e-15,3.586305851876169e-14,True,5,0.7594084041148301,
1712,0.7000000000000001,0.2,bounded_attempt,False,True,False,9.999999999999996,0.0833333333333333,544.7268133786807,0.0011804533018323563,0.054911180140516685,True,5,0.7594084041149047,True
1712,0.7000000000000001,0.2,selected,True,True,False,17.817516876665152,0.14847930730554293,475.3891686099337,4.347293175215758e-15,3.586305851876169e-14,True,5,0.7594084041148301,
1713,0.72,0.2,baseline,True,True,False,19.22160187152592,0.16018001559604933,540.5059588073802,6.881815727296095e-15,3.187305488755042e-14,True,5,0.5427060257720235,
1713,0.72,0.2,local,True,True,False,19.22160187152592,0.16018001559604933,540.5059588073802,6.881815727296095e-15,3.187305488755042e-14,True,5,0.5427060257720235,
1713,0.72,0.2,multistart,True,False,False,1.9932710424711608,0.016610592020593007,129.4801422363996,9.351322596878546e-15,4.259245740792549e-14,True,3,1.298089839165796,
1713,0.72,0.2,graph,True,False,False,1.9932710424712674,0.016610592020593895,129.48014223655946,1.922361666620053e-15,9.127671843372378e-15,True,3,1.2980898391657967,
1713,0.72,0.2,best,True,False,False,1.9932710424711608,0.016610592020593007,129.4801422363996,9.351322596878546e-15,4.259245740792549e-14,True,3,1.298089839165796,
1713,0.72,0.2,screened_graph,True,True,False,19.221601871521496,0.16018001559601247,540.5059588074058,3.707733531827239e-15,2.141260031530449e-14,True,5,0.0872635748797661,
1713,0.72,0.2,screened_best,True,True,False,19.221601871521084,0.16018001559600903,540.505958807588,6.938005668636832e-15,3.840204726250795e-14,True,5,1.2980898391657931,
1713,0.72,0.2,bounded_attempt,False,True,False,9.999999999999998,0.08333333333333331,783.5203865465047,0.0013475422223833372,0.06115217721804932,True,5,1.2980898391657976,True
1713,0.72,0.2,selected,True,True,False,19.221601871521084,0.16018001559600903,540.505958807588,6.938005668636832e-15,3.840204726250795e-14,True,5,1.2980898391657931,
1714,0.74,0.2,baseline,True,True,False,26.301634157709106,0.21918028464757588,439.0074584637489,8.817715292004272e-15,5.007609549034206e-14,True,5,0.45568069450493187,
1714,0.74,0.2,local,True,True,False,26.301634157709106,0.21918028464757588,439.0074584637489,8.817715292004272e-15,5.007609549034206e-14,True,5,0.45568069450493187,
1714,0.74,0.2,multistart,True,False,False,2.090701476271146,0.017422512302259552,138.24624152170983,2.527001500420362e-14,9.791053362652768e-14,True,3,0.7698423726417873,
1714,0.74,0.2,graph,True,False,False,2.0907014762719656,0.01742251230226638,138.24624152166828,1.5085480903460936e-14,4.683600624181909e-14,True,3,1.4032526146090565,
1714,0.74,0.2,best,True,False,False,2.090701476271146,0.017422512302259552,138.24624152170983,2.527001500420362e-14,9.791053362652768e-14,True,3,0.7698423726417873,
1714,0.74,0.2,screened_graph,True,True,False,26.301634157709266,0.21918028464757722,439.0074584637105,4.492739563134105e-15,4.741854199003127e-14,True,5,0.3775534018614053,
1714,0.74,0.2,screened_best,True,True,False,26.301634157709106,0.21918028464757588,439.0074584637489,8.817715292004272e-15,5.007609549034206e-14,True,5,0.45568069450493187,
1714,0.74,0.2,bounded_attempt,False,True,False,9.999999999999991,0.08333333333333326,791.6497435886143,0.0020556326283225606,0.0888018308561322,True,5,0.4556806945049354,True
1714,0.74,0.2,selected,True,True,False,26.301634157709106,0.21918028464757588,439.0074584637489,8.817715292004272e-15,5.007609549034206e-14,True,5,0.45568069450493187,
1715,0.76,0.2,baseline,True,True,False,45.245585901619684,0.377046549180164,1298.10848400939,8.280330693406113e-15,3.763220120841623e-14,True,5,0.36930685937679897,
1715,0.76,0.2,local,True,True,False,45.245585901619684,0.377046549180164,1298.10848400939,8.280330693406113e-15,3.763220120841623e-14,True,5,0.36930685937679897,
1715,0.76,0.2,multistart,True,False,False,2.2227317798637536,0.018522764832197947,147.9320869330131,2.2003940451998746e-14,6.706412260641267e-14,True,3,0.7197491766074551,
1715,0.76,0.2,graph,True,False,False,2.22273177986434,0.01852276483220283,147.93208693266777,1.9943404745628507e-14,6.894820780615607e-14,True,3,1.5172759572991663,
1715,0.76,0.2,best,True,False,False,2.2227317798637536,0.018522764832197947,147.9320869330131,2.2003940451998746e-14,6.706412260641267e-14,True,3,0.7197491766074551,
1715,0.76,0.2,screened_graph,True,True,False,45.24558590161728,0.377046549180144,1298.108484009748,2.3027967435805782e-14,1.281791267043953e-13,True,5,0.04137886788086753,
1715,0.76,0.2,screened_best,True,True,False,45.2455859016079,0.37704654918006586,1298.1084840112028,7.652590215408869e-15,4.4567434806799546e-14,True,5,0.041378867880860426,
1715,0.76,0.2,bounded_attempt,False,True,False,9.999999999999991,0.08333333333333326,744.6166755024976,0.003149060873250005,0.12805989011079866,True,5,0.022841174489322214,True
1715,0.76,0.2,selected,True,True,False,45.2455859016079,0.37704654918006586,1298.1084840112028,7.652590215408869e-15,4.4567434806799546e-14,True,5,0.041378867880860426,
1716,0.78,0.2,baseline,True,True,False,105.7612073504204,0.8813433945868367,17175.023917140003,1.8528088925715598e-14,8.1222209569071e-14,True,3,1.6432724790723436,
1716,0.78,0.2,local,True,True,False,105.7612073504204,0.8813433945868367,17175.023917140003,1.8528088925715598e-14,8.1222209569071e-14,True,3,1.6432724790723436,
1716,0.78,0.2,multistart,True,True,True,2.6357336352241933,0.02196444696020161,160.6274636099208,2.0500926516717457e-14,7.636191020784479e-14,True,2,1.64327247907234,
1716,0.78,0.2,graph,True,True,True,2.63573363522442,0.0219644469602035,160.62746360993998,2.1486777681927435e-14,5.5636764526727165e-14,True,2,1.6432724790723419,
1716,0.78,0.2,best,True,True,True,2.6357336352241933,0.02196444696020161,160.6274636099208,2.0500926516717457e-14,7.636191020784479e-14,True,2,1.64327247907234,
1716,0.78,0.2,screened_graph,True,True,True,2.63573363522442,0.0219644469602035,160.62746360993998,2.1486777681927435e-14,5.5636764526727165e-14,True,2,1.6432724790723419,
1716,0.78,0.2,screened_best,True,True,True,2.6357336352241933,0.02196444696020161,160.6274636099208,2.0500926516717457e-14,7.636191020784479e-14,True,2,1.64327247907234,
1716,0.78,0.2,bounded_attempt,True,True,True,2.6357336351730076,0.021964446959775064,160.6274636099272,1.6250807796678e-12,1.3500732314827936e-11,True,2,1.643272479069461,True
1716,0.78,0.2,selected,True,True,True,2.6357336351730076,0.021964446959775064,160.6274636099272,1.6250807796678e-12,1.3500732314827936e-11,True,2,1.643272479069461,True
1743,0.6,0.22,baseline,True,True,False,10.15860719996736,0.084655059999728,468.161743979627,7.840299179304084e-15,4.5900974774207625e-14,True,5,0.7929587212691327,
1743,0.6,0.22,local,True,True,False,10.15860719996736,0.084655059999728,468.161743979627,7.840299179304084e-15,4.5900974774207625e-14,True,5,0.7929587212691327,
1743,0.6,0.22,multistart,True,False,False,1.8528465507622727,0.015440387923018939,106.69407385066592,2.019738356838755e-14,1.0376954211963359e-13,True,4,0.7929587212691338,
1743,0.6,0.22,graph,True,False,False,1.8528465507623793,0.015440387923019827,106.69407385086215,1.3170773723017797e-14,6.199953701550469e-14,True,4,0.7929587212691187,
1743,0.6,0.22,best,True,False,False,1.8528465507622727,0.015440387923018939,106.69407385066592,2.019738356838755e-14,1.0376954211963359e-13,True,4,0.7929587212691338,
1743,0.6,0.22,screened_graph,True,True,True,9.636702991565377,0.0803058582630448,422.5486498718012,3.3551256208894704e-15,3.362692010357729e-14,True,5,0.7929587212691327,
1743,0.6,0.22,screened_best,True,True,True,9.636702991561581,0.08030585826301317,422.5486498717956,4.491689183973322e-15,2.26257951714796e-14,True,5,0.7929587212691298,
1743,0.6,0.22,bounded_attempt,True,True,True,9.636702913040445,0.08030585760867037,422.548650037097,4.4109854444458386e-12,2.7569753233221154e-10,True,5,0.7929587212691331,True
1743,0.6,0.22,selected,True,True,True,9.636702913040445,0.08030585760867037,422.548650037097,4.4109854444458386e-12,2.7569753233221154e-10,True,5,0.7929587212691331,True
1744,0.62,0.22,baseline,True,True,False,16.234564585579285,0.1352880382131607,735.6090836616858,8.953012560776344e-15,7.975414814135383e-14,True,5,0.8714684502438832,
1744,0.62,0.22,local,True,True,False,16.234564585579285,0.1352880382131607,735.6090836616858,8.953012560776344e-15,7.975414814135383e-14,True,5,0.8714684502438832,
1744,0.62,0.22,multistart,True,False,False,1.7907350179897552,0.014922791816581293,108.67681102365955,1.4304330770071383e-14,7.038162155426068e-14,True,4,0.8714684502438721,
1744,0.62,0.22,graph,True,False,False,1.7907350179897819,0.014922791816581515,108.67681102344733,2.374852429946478e-14,1.2243857117907036e-13,True,4,0.8714684502438836,
1744,0.62,0.22,best,True,False,False,1.7907350179897286,0.014922791816581071,108.67681102367395,6.335327934766281e-16,2.2327825261979653e-15,True,4,0.8714684502438828,
1744,0.62,0.22,screened_graph,True,True,False,12.634937126720445,0.10529114272267037,557.5494220958391,4.7639435832783734e-15,1.4309858342286054e-14,True,5,0.04901089887023602,
1744,0.62,0.22,screened_best,True,True,False,12.634937126720178,0.10529114272266815,557.5494220972587,8.759204095152892e-15,5.365184580764181e-14,True,5,0.8714684502438836,
1744,0.62,0.22,bounded_attempt,False,True,False,9.999999999999964,0.08333333333333304,559.397027975187,6.475600368203463e-05,0.003642753498301391,True,5,0.8714684502438823,True
1744,0.62,0.22,selected,True,True,False,12.634937126720178,0.10529114272266815,557.5494220972587,8.759204095152892e-15,5.365184580764181e-14,True,5,0.8714684502438836,
1745,0.64,0.22,baseline,True,True,False,40.65501228194119,0.3387917690161766,2081.3892391506797,4.86633687656182e-15,3.203990048569887e-14,True,5,0.9152734339855497,
1745,0.64,0.22,local,True,True,False,40.65501228194119,0.3387917690161766,2081.3892391506797,4.86633687656182e-15,3.203990048569887e-14,True,5,0.9152734339855497,
1745,0.64,0.22,multistart,True,False,False,1.7850200241261405,0.014875166867717837,109.10919560835808,3.0927234722497852e-15,1.6073966847603515e-14,True,3,0.9529805900463346,
1745,0.64,0.22,graph,True,False,False,1.7850200241261405,0.014875166867717837,109.10919560835808,3.0927234722497852e-15,1.6073966847603515e-14,True,3,0.9529805900463346,
1745,0.64,0.22,best,True,False,False,1.7850200241260339,0.014875166867716949,109.10919560838366,7.899375304297577e-16,8.411247508860602e-15,True,3,0.9529805900463335,
1745,0.64,0.22,screened_graph,True,True,False,20.454943899022116,0.1704578658251843,973.8337280306635,4.789827540686461e-15,3.8299193316461175e-14,True,5,0.029361050179431025,
1745,0.64,0.22,screened_best,True,True,False,20.45494389902057,0.17045786582517142,973.8337280328345,4.8850601587814005e-15,3.432911469341447e-14,True,5,0.029361050179431025,
1745,0.64,0.22,bounded_attempt,False,True,False,9.999999999999964,0.08333333333333304,789.5620335448292,0.00021193634635295733,0.010748270140370653,True,5,0.029540087884981858,True
1745,0.64,0.22,selected,True,True,False,20.45494389902057,0.17045786582517142,973.8337280328345,4.8850601587814005e-15,3.432911469341447e-14,True,5,0.029361050179431025,
1746,0.66,0.22,baseline,False,False,False,,,,,,,,,
1746,0.66,0.22,local,False,False,False,,,,,,,,,
1746,0.66,0.22,multistart,True,False,False,1.8168032558800074,0.015140027132333395,112.32473070097338,3.752652362444391e-15,1.9814730224051397e-14,True,3,1.0379339135752848,
1746,0.66,0.22,graph,True,False,False,1.8168032558799574,0.015140027132332978,112.32473070101534,6.591116488847243e-15,2.1501533134626007e-14,True,3,1.0379339135752828,
1746,0.66,0.22,best,True,False,False,1.8168032558799574,0.015140027132332978,112.32473070101534,6.591116488847243e-15,2.1501533134626007e-14,True,3,1.0379339135752828,
1746,0.66,0.22,screened_graph,True,True,False,27.913339713238603,0.23261116427698836,1435.259461549264,5.921832723015785e-15,3.7190339977270664e-14,True,5,0.02426872977126049,
1746,0.66,0.22,screened_best,True,True,False,27.91333971323654,0.23261116427697115,1435.2594615495934,5.059210310009494e-15,2.999319497529749e-14,True,5,0.8660616695856858,
1746,0.66,0.22,bounded_attempt,False,True,False,9.999999999999991,0.08333333333333326,1426.6811632163908,0.0003897432239941815,0.0183447338882705,True,5,0.8660616695857577,True
1746,0.66,0.22,selected,True,True,False,27.91333971323654,0.23261116427697115,1435.2594615495934,5.059210310009494e-15,2.999319497529749e-14,True,5,0.8660616695856858,
1747,0.68,0.22,baseline,True,True,False,64.89763404978012,0.540813617081501,4078.406775691788,9.18638274464885e-15,5.112398006141061e-14,True,5,0.7669846548419033,
1747,0.68,0.22,local,True,True,False,64.89763404978012,0.540813617081501,4078.406775691788,9.18638274464885e-15,5.112398006141061e-14,True,5,0.7669846548419033,
1747,0.68,0.22,multistart,True,False,False,1.860226644955052,0.015501888707958766,116.30167571649608,5.2525547726164675e-15,2.5240336992456705e-14,True,3,1.1268207759868831,
1747,0.68,0.22,graph,True,False,False,1.860226644955052,0.015501888707958766,116.30167571652166,5.120659235571465e-15,2.603497405963229e-14,True,3,1.1268207759868833,
1747,0.68,0.22,best,True,False,False,1.8602266449549454,0.015501888707957878,116.30167571657282,9.10873547778187e-16,8.042342674515573e-15,True,3,1.126820775986883,
1747,0.68,0.22,screened_graph,True,True,False,27.488624063331102,0.22907186719442585,1228.1973556297203,4.984348092841991e-15,1.5884799344877896e-13,True,5,0.6490686702945663,
1747,0.68,0.22,screened_best,True,True,False,27.48862406333017,0.22907186719441808,1228.1973557633223,4.670942601017097e-15,3.035728388500788e-14,True,5,0.7167177362899588,
1747,0.68,0.22,bounded_attempt,False,True,False,9.999999999999991,0.08333333333333326,752.8670157721058,0.0005335354550985497,0.02513797892319683,True,5,0.7167177362899801,True
1747,0.68,0.22,selected,True,True,False,27.48862406333017,0.22907186719441808,1228.1973557633223,4.670942601017097e-15,3.035728388500788e-14,True,5,0.7167177362899588,
1748,0.7000000000000001,0.22,baseline,True,True,False,33.07289263647102,0.27560743863725845,1426.2842348341728,1.1666325816379066e-14,6.181554596709044e-14,True,5,0.6835440634604266,
1748,0.7000000000000001,0.22,local,True,True,False,33.07289263647102,0.27560743863725845,1426.2842348341728,1.1666325816379066e-14,6.181554596709044e-14,True,5,0.6835440634604266,
1748,0.7000000000000001,0.22,multistart,True,False,False,1.9180149317926443,0.015983457764938702,121.24226318910942,7.477385039538686e-15,3.607060807797111e-14,True,3,1.2202714685382299,
1748,0.7000000000000001,0.22,graph,True,False,False,1.9180149317925377,0.015983457764937814,121.24226318923732,1.2470256109222575e-14,5.978973999141472e-14,True,3,1.220271468538229,
1748,0.7000000000000001,0.22,best,True,False,False,1.9180149317925377,0.015983457764937814,121.24226318923732,1.2470256109222575e-14,5.978973999141472e-14,True,3,1.220271468538229,
1748,0.7000000000000001,0.22,screened_graph,True,True,False,21.193245650938064,0.17661038042448385,912.9057270998502,3.608224830031759e-15,1.2625792699807208e-13,True,5,0.46725327783589865,
1748,0.7000000000000001,0.22,screened_best,True,True,False,21.193245650935133,0.17661038042445942,912.905727099505,2.556528086932065e-15,1.9460599282900224e-14,True,5,0.7145067850809834,
1748,0.7000000000000001,0.22,bounded_attempt,False,True,False,9.999999999999995,0.08333333333333329,789.7002935077189,0.0007879450848930761,0.03665663588908976,True,5,0.7145067850809896,True
1748,0.7000000000000001,0.22,selected,True,True,False,21.193245650935133,0.17661038042445942,912.905727099505,2.556528086932065e-15,1.9460599282900224e-14,True,5,0.7145067850809834,
1749,0.72,0.22,baseline,True,True,False,24.04837024742644,0.20040308539522034,854.6910370445969,5.162537064506978e-15,3.29219703408241e-14,True,5,0.5961056836211043,
1749,0.72,0.22,local,True,True,False,24.04837024742644,0.20040308539522034,854.6910370445969,5.162537064506978e-15,3.29219703408241e-14,True,5,0.5961056836211043,
1749,0.72,0.22,multistart,True,False,False,1.9944608201219083,0.016620506834349236,127.45214598991979,1.2730372444996234e-14,5.719445693702063e-14,True,3,1.3192976409106574,
1749,0.72,0.22,graph,True,False,False,1.9944608201217484,0.016620506834347903,127.45214599013721,2.528196254137e-15,8.914202985909875e-15,True,3,1.3192976409106583,
1749,0.72,0.22,best,True,False,False,1.9944608201217484,0.016620506834347903,127.45214599013721,2.528196254137e-15,8.914202985909875e-15,True,3,1.3192976409106583,
1749,0.72,0.22,screened_graph,True,True,False,18.638925861234785,0.15532438217695654,545.3037274328481,1.658734133606456e-14,7.840507833942749e-14,True,5,0.5456559352118253,
1749,0.72,0.22,screened_best,True,True,False,18.6389258612318,0.15532438217693167,545.3037274295739,6.7903662629171696e-15,2.863273591785985e-14,True,5,0.371285331609041,
1749,0.72,0.22,bounded_attempt,False,True,False,9.999999999999998,0.08333333333333331,656.3862855613302,0.0013039174474195067,0.05846987658248599,True,5,0.3712853316570568,True
1749,0.72,0.22,selected,True,True,False,18.6389258612318,0.15532438217693167,545.3037274295739,6.7903662629171696e-15,2.863273591785985e-14,True,5,0.371285331609041,
1750,0.74,0.22,baseline,True,True,False,20.07711941071932,0.167309328422661,530.3945085760979,3.4528650028251532e-15,7.321825890733366e-14,True,5,0.5062269645004491,
1750,0.74,0.22,local,True,True,False,20.07711941071932,0.167309328422661,530.3945085760979,3.4528650028251532e-15,7.321825890733366e-14,True,5,0.5062269645004491,
1750,0.74,0.22,multistart,True,False,False,2.0966185290217965,0.017471821075181637,135.4155865531375,1.935845447588215e-14,8.209303771390219e-14,True,3,1.425315999841167,
1750,0.74,0.22,graph,True,False,False,2.0966185290215833,0.01747182107517986,135.41558655353398,7.1816311609346e-15,1.8333860331936792e-14,True,3,1.4253159998411673,
1750,0.74,0.22,best,True,False,False,2.0966185290214767,0.017471821075178973,135.41558655355317,7.05320731500886e-15,1.8664639200975036e-14,True,3,1.4253159998411664,
1750,0.74,0.22,screened_graph,True,True,False,20.077119410717135,0.1673093284226428,530.394508576066,3.3298594378481193e-15,1.090466126302967e-13,True,5,0.20820623738654476,
1750,0.74,0.22,screened_best,True,True,False,20.077119410715802,0.1673093284226317,530.3945085760691,4.115413458079437e-15,2.396615381447855e-14,True,5,1.4253159998411662,
1750,0.74,0.22,bounded_attempt,False,True,False,9.999999999999998,0.08333333333333331,669.3895595902618,0.0015238277851589998,0.06522187200776715,True,5,1.4253159998419622,True
1750,0.74,0.22,selected,True,True,False,20.077119410715802,0.1673093284226317,530.3945085760691,4.115413458079437e-15,2.396615381447855e-14,True,5,1.4253159998411662,
1751,0.76,0.22,baseline,True,True,False,30.66899391692072,0.25557494930767266,744.2208372489432,5.146171147492085e-15,1.746848486688017e-14,True,5,0.41442169415593444,
1751,0.76,0.22,local,True,True,False,30.66899391692072,0.25557494930767266,744.2208372489432,5.146171147492085e-15,1.746848486688017e-14,True,5,0.41442169415593444,
1751,0.76,0.22,multistart,True,False,False,2.236926039930758,0.018641050332756315,145.94940220211612,3.1199896746613266e-14,1.207502948912267e-13,True,3,1.5405136793243872,
1751,0.76,0.22,graph,True,False,False,2.236926039930758,0.018641050332756315,145.94940220211612,3.1199896746613266e-14,1.207502948912267e-13,True,3,1.5405136793243872,
1751,0.76,0.22,best,True,False,False,2.236926039930758,0.018641050332756315,145.94940220211612,3.1199896746613266e-14,1.207502948912267e-13,True,3,1.5405136793243872,
1751,0.76,0.22,screened_graph,True,True,False,30.668993916920453,0.25557494930767044,744.2208372486747,2.4862551658076594e-15,3.8541172516792084e-14,True,5,0.18560769617820583,
1751,0.76,0.22,screened_best,True,True,False,30.668993916919867,0.25557494930766556,744.2208372487578,5.67633754894813e-15,4.532092233606436e-14,True,5,0.061495131316950946,
1751,0.76,0.22,bounded_attempt,False,True,False,9.999999999999991,0.08333333333333326,655.3060699918249,0.0024862485703674017,0.0997615586958434,True,5,0.054078673275398614,True
1751,0.76,0.22,selected,True,True,False,30.668993916919867,0.25557494930766556,744.2208372487578,5.67633754894813e-15,4.532092233606436e-14,True,5,0.061495131316950946,
1752,0.78,0.22,baseline,True,True,False,71.53679403796073,0.5961399503163394,3004.0141574844865,2.3025152966685678e-14,1.0087625500526311e-13,True,5,0.31732264469240157,
1752,0.78,0.22,local,True,True,False,71.53679403796073,0.5961399503163394,3004.0141574844865,2.3025152966685678e-14,1.0087625500526311e-13,True,5,0.31732264469240157,
1752,0.78,0.22,multistart,True,True,True,2.8413276449168645,0.023677730374307204,161.50379878369768,3.6513860133612224e-14,7.190957985831699e-14,True,2,0.6418320427787041,
1752,0.78,0.22,graph,True,True,True,2.841327644916891,0.023677730374307426,160.53907463513184,1.827994937276805e-14,5.0067164867575555e-14,True,2,1.6683732885020737,
1752,0.78,0.22,best,True,True,True,2.8413276449168645,0.023677730374307204,161.50379878369768,3.6513860133612224e-14,7.190957985831699e-14,True,2,0.6418320427787041,
1752,0.78,0.22,screened_graph,True,True,True,2.841327644916891,0.023677730374307426,160.53907463513184,1.827994937276805e-14,5.0067164867575555e-14,True,2,1.6683732885020737,
1752,0.78,0.22,screened_best,True,True,True,2.8413276449168645,0.023677730374307204,161.50379878369768,3.6513860133612224e-14,7.190957985831699e-14,True,2,0.6418320427787041,
1752,0.78,0.22,bounded_attempt,True,True,True,2.8413276447941893,0.02367773037328491,161.5037987836553,1.1361187279063581e-12,1.3297059308820089e-11,True,2,0.6418320427787032,True
1752,0.78,0.22,selected,True,True,True,2.8413276447941893,0.02367773037328491,161.5037987836553,1.1361187279063581e-12,1.3297059308820089e-11,True,2,0.6418320427787032,True
1779,0.6,0.24,baseline,True,True,False,12.040192484865493,0.10033493737387911,499.0532031893082,3.6909697986596355e-15,3.198547403831967e-14,True,5,0.8171272704929049,
1779,0.6,0.24,local,True,True,False,12.040192484865493,0.10033493737387911,499.0532031893082,3.6909697986596355e-15,3.198547403831967e-14,True,5,0.8171272704929049,
1779,0.6,0.24,multistart,True,False,False,1.8631354716104909,0.015526128930087424,103.3587190032442,1.1953384224692519e-14,5.532050082361849e-14,True,4,0.817127270492858,
1779,0.6,0.24,graph,True,False,False,1.8631354716105442,0.015526128930087868,103.35871900302239,1.423038404023378e-14,7.07248646925721e-14,True,4,0.8171272704928894,
1779,0.6,0.24,best,True,False,False,1.8631354716104909,0.015526128930087424,103.3587190032442,1.1953384224692519e-14,5.532050082361849e-14,True,4,0.817127270492858,
1779,0.6,0.24,screened_graph,True,True,False,11.986121566257726,0.09988434638548105,510.5798319055964,5.59514129044349e-15,2.4766905566551338e-14,True,5,0.8171272704929025,
1779,0.6,0.24,screened_best,True,True,False,11.986121566250052,0.0998843463854171,510.5798319062551,3.565403286856614e-15,2.9846044395146946e-14,True,5,0.061941275847304134,
1779,0.6,0.24,bounded_attempt,False,True,False,9.999999999999964,0.08333333333333304,545.8609065135231,5.216574348429785e-05,0.003437755971492264,True,5,0.06185114919603052,True
1779,0.6,0.24,selected,True,True,False,11.986121566250052,0.0998843463854171,510.5798319062551,3.565403286856614e-15,2.9846044395146946e-14,True,5,0.061941275847304134,
1780,0.62,0.24,baseline,True,True,False,22.13589431609604,0.184465785967467,893.5946595528975,5.742990116970452e-15,3.709055733298918e-14,True,5,0.8952503036946817,
1780,0.62,0.24,local,True,True,False,22.13589431609604,0.184465785967467,893.5946595528975,5.742990116970452e-15,3.709055733298918e-14,True,5,0.8952503036946817,
1780,0.62,0.24,multistart,True,False,False,1.8017605724328956,0.015014671436940796,105.55173151884034,1.64073018585826e-14,8.139104685969507e-14,True,4,0.8952503036946682,
1780,0.62,0.24,graph,True,False,False,1.8017605724328956,0.015014671436940796,105.55173151884034,1.64073018585826e-14,8.139104685969507e-14,True,4,0.8952503036946682,
1780,0.62,0.24,best,True,False,False,1.8017605724328956,0.015014671436940796,105.55173151882755,8.89045358334726e-16,9.397353646427987e-15,True,4,0.8952503036946806,
1780,0.62,0.24,screened_graph,True,True,False,21.414846884575773,0.17845705737146478,1088.978029634928,4.0080627305623365e-15,2.7864196155594416e-14,True,5,0.03158538861055504,
1780,0.62,0.24,screened_best,True,True,False,21.414846884575294,0.17845705737146078,1088.9780296356698,2.958801641747317e-15,1.7902277689858368e-14,True,5,0.8952503036946793,
1780,0.62,0.24,bounded_attempt,False,True,False,9.999999999999964,0.08333333333333304,1045.9885554760576,0.0002585502720415651,0.01676059077240088,True,5,0.8952503036946808,True
1780,0.62,0.24,selected,True,True,False,21.414846884575294,0.17845705737146078,1088.9780296356698,2.958801641747317e-15,1.7902277689858368e-14,True,5,0.8952503036946793,
1781,0.64,0.24,baseline,False,False,False,,,,,,,,,
1781,0.64,0.24,local,False,False,False,,,,,,,,,
1781,0.64,0.24,multistart,True,False,False,1.7728227456860497,0.01477352288071708,105.87809105073913,3.6771686055379495e-15,1.9211280528469483e-14,True,3,0.9765239276808326,
1781,0.64,0.24,graph,True,False,False,1.7728227456860497,0.01477352288071708,105.87809105073913,3.6771686055379495e-15,1.9211280528469483e-14,True,3,0.9765239276808326,
1781,0.64,0.24,best,True,False,False,1.7728227456860246,0.014773522880716872,105.87809105074513,7.535012591929473e-16,8.010983063515589e-15,True,3,0.9765239276808308,
1781,0.64,0.24,screened_graph,True,True,False,112.78762663892373,0.9398968886576977,20807.432288913707,3.4650032140403605e-15,1.7621045864334544e-14,True,5,0.9765239276808308,
1781,0.64,0.24,screened_best,True,True,False,112.7876266389225,0.9398968886576875,20807.43228891399,9.231556188810066e-15,5.199346873338308e-14,True,5,0.9519002774382379,
1781,0.64,0.24,bounded_attempt,False,True,False,9.999999999999991,0.08333333333333326,2277.3164153125285,3.095129717376453e-05,0.0015311916584820338,True,3,0.951900277438261,True
1781,0.64,0.24,selected,True,True,False,112.7876266389225,0.9398968886576875,20807.43228891399,9.231556188810066e-15,5.199346873338308e-14,True,5,0.9519002774382379,
1782,0.66,0.24,baseline,False,False,False,,,,,,,,,
1782,0.66,0.24,local,False,False,False,,,,,,,,,
1782,0.66,0.24,multistart,True,False,False,1.8063708898134756,0.01505309074844563,109.28427736667814,4.766611033000815e-15,2.436578095444807e-14,True,3,1.0613973496174767,
1782,0.66,0.24,graph,True,False,False,1.8063708898134756,0.01505309074844563,109.28427736668453,4.5302847437405235e-15,2.4713421166234234e-14,True,3,1.061397349617477,
1782,0.66,0.24,best,True,False,False,1.806370889813369,0.015053090748444742,109.28427736669732,7.696856831808123e-16,7.763270347666169e-15,True,3,1.0613973496174758,
1782,0.66,0.24,screened_graph,True,True,False,654.7486893030288,5.45623907752524,80584.47413538313,3.3776380236153532e-15,2.310339926195528e-14,True,5,0.29908965381778696,
1782,0.66,0.24,screened_best,True,True,False,654.7486893030288,5.45623907752524,80584.47413538313,3.3776380236153532e-15,2.310339926195528e-14,True,5,0.29908965381778696,
1782,0.66,0.24,bounded_attempt,False,True,False,9.999999999999998,0.08333333333333331,2278.6794357735257,0.003636327438588651,0.21929834481456892,True,3,8.881784197001252e-16,True
1782,0.66,0.24,selected,True,True,False,654.7486893030288,5.45623907752524,80584.47413538313,3.3776380236153532e-15,2.310339926195528e-14,True,5,0.29908965381778696,
1783,0.68,0.24,baseline,False,False,False,,,,,,,,,
1783,0.68,0.24,local,False,False,False,,,,,,,,,
1783,0.68,0.24,multistart,True,False,False,1.8517883951297165,0.015431569959414304,113.46411034401385,6.642170789286063e-15,3.2991938273963256e-14,True,3,1.1504601203283396,
1783,0.68,0.24,graph,True,False,False,1.8517883951297165,0.015431569959414304,113.46411034401385,6.642170789286063e-15,3.2991938273963256e-14,True,3,1.1504601203283396,
1783,0.68,0.24,best,True,False,False,1.85178839512961,0.015431569959413416,113.46411034404582,2.3168841017616967e-15,7.864011814131875e-15,True,3,1.1504601203283387,
1783,0.68,0.24,screened_graph,True,True,False,152.80701254442005,1.2733917712035003,14313.36337081841,4.157225631229715e-15,5.845324582609332e-14,True,5,0.005224241585899847,
1783,0.68,0.24,screened_best,True,True,False,152.80701254439134,1.2733917712032612,14313.36337081576,1.4842590882544373e-14,3.9116954456719895e-14,True,5,0.7631847200678417,
1783,0.68,0.24,bounded_attempt,False,True,False,10.0,0.08333333333333333,2292.7739646068376,0.002891466360090611,0.1789262895132576,True,3,8.881784197001252e-16,True
1783,0.68,0.24,selected,True,True,False,152.80701254439134,1.2733917712032612,14313.36337081576,1.4842590882544373e-14,3.9116954456719895e-14,True,5,0.7631847200678417,
1784,0.7000000000000001,0.24,baseline,True,True,False,123.63316163022076,1.0302763469185063,10330.2854904367,1.897158057450664e-14,1.0160632596606558e-13,True,5,0.7238596944841884,
1784,0.7000000000000001,0.24,local,True,True,False,123.63316163022076,1.0302763469185063,10330.2854904367,1.897158057450664e-14,1.0160632596606558e-13,True,5,0.7238596944841884,
1784,0.7000000000000001,0.24,multistart,True,False,False,1.91200284160983,0.01593335701341525,118.63890290141867,1.0192949366101738e-14,4.9736692517733805e-14,True,3,1.244499844970802,
1784,0.7000000000000001,0.24,graph,True,False,False,1.91200284160983,0.01593335701341525,118.63890290141867,1.0192949366101738e-14,4.9736692517733805e-14,True,3,1.244499844970802,
1784,0.7000000000000001,0.24,best,True,False,False,1.9120028416097767,0.015933357013414806,118.63890290146983,1.4879680991431122e-15,8.253790964847418e-15,True,3,1.2444998449708002,
1784,0.7000000000000001,0.24,screened_graph,True,True,False,48.86440485521152,0.4072033737934293,1534.908164462831,3.2977782232839495e-15,2.9325995521094145e-14,True,5,0.679353165953458,
1784,0.7000000000000001,0.24,screened_best,True,True,False,48.86440485520075,0.4072033737933396,1534.9081644581859,5.2917153191959085e-15,1.737851770447936e-14,True,5,0.09518009527010651,
1784,0.7000000000000001,0.24,bounded_attempt,False,True,False,9.999999999999991,0.08333333333333326,1364.9043475502624,0.0010802995989071152,0.05135699715143661,True,5,0.3452748052401251,True
1784,0.7000000000000001,0.24,selected,True,True,False,48.86440485520075,0.4072033737933396,1534.9081644581859,5.2917153191959085e-15,1.737851770447936e-14,True,5,0.09518009527010651,
1785,0.72,0.24,baseline,True,True,False,38.56652291065678,0.3213876909221398,1094.1892659949128,2.3942703438560583e-15,1.314255485279727e-14,True,5,0.6358833304312732,
1785,0.72,0.24,local,True,True,False,38.56652291065678,0.3213876909221398,1094.1892659949128,2.3942703438560583e-15,1.314255485279727e-14,True,5,0.6358833304312732,
1785,0.72,0.24,multistart,True,False,False,1.9916363026656114,0.016596969188880095,125.14530546947782,1.6926896568908058e-14,7.867318547148011e-14,True,3,1.3444263372720098,
1785,0.72,0.24,graph,True,False,False,1.9916363026656114,0.016596969188880095,125.1453054695034,1.725432674859655e-14,7.908596165255152e-14,True,3,1.344426337272009,
1785,0.72,0.24,best,True,False,False,1.9916363026654516,0.016596969188878763,125.14530546961211,2.99390556867992e-15,9.261596849176609e-15,True,3,1.3444263372720082,
1785,0.72,0.24,screened_graph,True,True,False,25.76498614738326,0.2147082178948605,941.0506004184697,4.75560828401062e-15,3.368189047888995e-14,True,5,0.5914269724706225,
1785,0.72,0.24,screened_best,True,True,False,25.764986147382167,0.2147082178948514,941.0506004373091,4.132133167621716e-15,2.5353744437170294e-14,True,5,0.3610109891768021,
1785,0.72,0.24,bounded_attempt,False,True,False,9.999999999999991,0.08333333333333326,1085.8639132932042,0.0011098037737268193,0.04938770032734365,True,3,0.3793173939311565,True
1785,0.72,0.24,selected,True,True,False,25.764986147382167,0.2147082178948514,941.0506004373091,4.132133167621716e-15,2.5353744437170294e-14,True,5,0.3610109891768021,
1786,0.74,0.24,baseline,True,True,False,22.450754794842116,0.18708962329035095,756.6484893749354,5.639506780706364e-15,3.703670615532056e-14,True,5,0.5435930990136031,
1786,0.74,0.24,local,True,True,False,22.450754794842116,0.18708962329035095,756.6484893749354,5.639506780706364e-15,3.703670615532056e-14,True,5,0.5435930990136031,
1786,0.74,0.24,multistart,True,False,False,2.0983437100728786,0.017486197583940655,133.52365264414416,2.2091276217817374e-14,9.428941816564056e-14,True,3,1.4517311726705522,
1786,0.74,0.24,graph,True,False,False,2.0983437100728786,0.017486197583940655,133.52365264414416,2.2091276217817374e-14,9.428941816564056e-14,True,3,1.4517311726705522,
1786,0.74,0.24,best,True,False,False,2.0983437100728253,0.01748619758394021,133.52365264431683,1.020621428038331e-14,2.3144975759428357e-14,True,3,1.4517311726705509,
1786,0.74,0.24,screened_graph,True,True,False,19.81421196796072,0.16511843306633933,572.792268908894,4.333871155173176e-15,8.569278120813456e-14,True,5,0.1374027642801101,
1786,0.74,0.24,screened_best,True,True,False,19.814211967940135,0.1651184330661678,572.792268908683,4.3765887235263146e-15,1.472102597655303e-13,True,5,0.13740276428010834,
1786,0.74,0.24,bounded_attempt,False,True,False,9.999999999999995,0.08333333333333329,1106.8759545106736,0.001492501769299313,0.06302793186544768,True,5,0.13857960517541645,True
1786,0.74,0.24,selected,True,True,False,19.814211967940135,0.1651184330661678,572.792268908683,4.3765887235263146e-15,1.472102597655303e-13,True,5,0.13740276428010834,
1787,0.76,0.24,baseline,True,True,False,22.815054337232645,0.19012545281027204,634.2454603350145,1.1503974603872156e-14,4.77736955385653e-14,True,5,0.44633782325877736,
1787,0.76,0.24,local,True,True,False,22.815054337232645,0.19012545281027204,634.2454603350145,1.1503974603872156e-14,4.77736955385653e-14,True,5,0.44633782325877736,
1787,0.76,0.24,multistart,True,False,False,2.2774449819412235,0.01897870818284353,144.70387925287724,1.8278010691785074e-14,5.883821044043895e-14,True,2,1.568698625032043,
1787,0.76,0.24,graph,True,False,False,2.27744498194161,0.01897870818284675,144.70387925286445,1.82801390153019e-14,5.974234830950435e-14,True,2,1.5686986250320443,
1787,0.76,0.24,best,True,False,False,2.2774449819335763,0.018978708182779802,146.57787169902159,3.50260188546534e-14,6.566868385660142e-14,True,2,0.6786774671170566,
1787,0.76,0.24,screened_graph,True,True,False,22.8150543372319,0.19012545281026583,634.245460335184,2.6575873065728005e-15,1.804767516146108e-13,True,5,0.054544680376412025,
1787,0.76,0.24,screened_best,True,True,False,22.815054337225824,0.1901254528102152,634.2454603346372,5.98085964081193e-15,2.187804626221605e-14,True,5,1.568698625032029,
1787,0.76,0.24,bounded_attempt,False,True,False,9.999999999999998,0.08333333333333331,525.237420725341,0.0017920609582861562,0.0710031105008259,True,5,1.5686986250320456,True
1787,0.76,0.24,selected,True,True,False,22.815054337225824,0.1901254528102152,634.2454603346372,5.98085964081193e-15,2.187804626221605e-14,True,5,1.568698625032029,
1788,0.78,0.24,baseline,True,True,False,40.57836289561289,0.3381530241301074,1424.7926760367889,1.9402417955234224e-14,5.349216674472343e-14,True,5,0.3354064019341738,
1788,0.78,0.24,local,True,True,False,40.57836289561289,0.3381530241301074,1424.7926760367889,1.9402417955234224e-14,5.349216674472343e-14,True,5,0.3354064019341738,
1788,0.78,0.24,multistart,True,True,True,3.1261554360294364,0.026051295300245303,207.03213916144375,2.306762199132692e-14,7.89167795259641e-14,True,2,1.6990378388234033,
1788,0.78,0.24,graph,True,True,True,3.126155436029663,0.02605129530024719,207.03213916145015,2.2418551439806962e-14,7.635347100416165e-14,True,2,1.6990378388234004,
1788,0.78,0.24,best,True,True,True,3.1261554360294364,0.026051295300245303,207.03213916144375,2.306762199132692e-14,7.89167795259641e-14,True,2,1.6990378388234033,
1788,0.78,0.24,screened_graph,True,True,True,3.126155436029663,0.02605129530024719,207.03213916145015,2.2418551439806962e-14,7.635347100416165e-14,True,2,1.6990378388234004,
1788,0.78,0.24,screened_best,True,True,True,3.1261554360294364,0.026051295300245303,207.03213916144375,2.306762199132692e-14,7.89167795259641e-14,True,2,1.6990378388234033,
1788,0.78,0.24,bounded_attempt,True,True,True,3.1261554356408006,0.02605129529700667,207.03213927272435,9.927633980780188e-13,1.1241779752067584e-11,True,2,1.6990378388175928,True
1788,0.78,0.24,selected,True,True,True,3.1261554356408006,0.02605129529700667,207.03213927272435,9.927633980780188e-13,1.1241779752067584e-11,True,2,1.6990378388175928,True
1815,0.6,0.26,baseline,True,True,False,13.913807333878356,0.1159483944489863,411.9362640484056,1.0166121337446528e-14,8.341199568640666e-14,True,5,0.8451141758983485,
1815,0.6,0.26,local,True,True,False,13.913807333878356,0.1159483944489863,411.9362640484056,1.0166121337446528e-14,8.341199568640666e-14,True,5,0.8451141758983485,
1815,0.6,0.26,multistart,True,False,False,1.867636469421754,0.015563637245181283,101.38639724124943,1.2698236511930145e-14,5.967491036052372e-14,True,4,0.8451141758982974,
1815,0.6,0.26,graph,True,False,False,1.867636469421754,0.015563637245181283,101.386397241275,1.211069784619431e-14,5.975066995632168e-14,True,4,0.8451141758982978,
1815,0.6,0.26,best,True,False,False,1.8676364694216474,0.015563637245180395,101.3863972426563,7.468261590855957e-16,5.271195276332876e-15,True,4,0.8451141758983471,
1815,0.6,0.26,screened_graph,True,True,False,13.610445354615539,0.11342037795512949,525.6384837643317,4.1171913968770865e-15,2.338879974325238e-14,True,5,0.06174364551083844,
1815,0.6,0.26,screened_best,True,True,False,13.610445354601097,0.11342037795500914,525.6384837643382,2.798912760660739e-15,2.403843670067737e-14,True,5,0.06174364551083844,
1815,0.6,0.26,bounded_attempt,False,True,False,9.999999999999964,0.08333333333333304,584.4067622143065,0.00013111056946552208,0.00879469203455763,True,5,0.06114235095076381,True
1815,0.6,0.26,selected,True,True,False,13.610445354601097,0.11342037795500914,525.6384837643382,2.798912760660739e-15,2.403843670067737e-14,True,5,0.06174364551083844,
1816,0.62,0.26,baseline,True,True,False,25.13766973897951,0.2094805811581626,942.2610382124219,3.7653586653333674e-15,2.553852881686011e-14,True,5,0.9230441435485945,
1816,0.62,0.26,local,True,True,False,25.13766973897951,0.2094805811581626,942.2610382124219,3.7653586653333674e-15,2.553852881686011e-14,True,5,0.9230441435485945,
1816,0.62,0.26,multistart,True,False,False,1.8072527678551609,0.01506043973212634,102.11448231097506,1.2797856340949204e-14,6.816912505572124e-14,True,4,0.923044143548545,
1816,0.62,0.26,graph,True,False,False,1.8072527678552675,0.015060439732127229,102.11448231091111,1.262085424923728e-14,6.77554338194013e-14,True,4,0.9230441435485446,
1816,0.62,0.26,best,True,False,False,1.8072527678551609,0.01506043973212634,102.11448231097506,1.2797856340949204e-14,6.816912505572124e-14,True,4,0.923044143548545,
1816,0.62,0.26,screened_graph,True,True,False,25.137669738980097,0.20948058115816748,942.2610382126265,2.4426483512187458e-15,1.7511746171368152e-14,True,5,0.03947326566372311,
1816,0.62,0.26,screened_best,True,True,False,25.137669738979085,0.20948058115815904,942.2610382124731,2.5790665460453316e-15,2.2963944128406115e-14,True,5,0.03947326566372311,
1816,0.62,0.26,bounded_attempt,False,True,False,9.999999999999964,0.08333333333333304,698.2742980784145,0.0005129029497165967,0.03428996578332992,True,5,0.03808584824720551,True
1816,0.62,0.26,selected,True,True,False,25.137669738979085,0.20948058115815904,942.2610382124731,2.5790665460453316e-15,2.2963944128406115e-14,True,5,0.03947326566372311,
1817,0.64,0.26,baseline,True,True,False,125.72526461740267,1.0477105384783556,9737.368901732047,5.367098749996222e-15,3.613764727627085e-14,True,5,0.9778652174184437,
1817,0.64,0.26,local,True,True,False,125.72526461740267,1.0477105384783556,9737.368901732047,5.367098749996222e-15,3.613764727627085e-14,True,5,0.9778652174184437,
1817,0.64,0.26,multistart,True,False,False,1.7639803375166707,0.014699836145972256,102.35330406679842,1.2946362054885414e-14,6.887848951167085e-14,True,4,0.9222695558504057,
1817,0.64,0.26,graph,True,False,False,1.7639803375166707,0.014699836145972256,102.3533040675666,1.3505590441481125e-14,7.691070629118706e-14,True,4,0.9222695558504057,
1817,0.64,0.26,best,True,False,False,1.7639803375166707,0.014699836145972256,102.35330406679842,1.2946362054885414e-14,6.887848951167085e-14,True,4,0.9222695558504057,
1817,0.64,0.26,screened_graph,True,True,False,125.72526461740267,1.0477105384783556,9737.368901732047,5.367098749996222e-15,3.613764727627085e-14,True,5,0.9778652174184437,
1817,0.64,0.26,screened_best,True,True,False,125.72526461740267,1.0477105384783556,9737.368901732047,5.367098749996222e-15,3.613764727627085e-14,True,5,0.9778652174184437,
1817,0.64,0.26,bounded_attempt,False,True,False,9.999999999999964,0.08333333333333304,2286.9832635753723,0.004480917637507701,0.2658158338843049,True,3,8.881784197001252e-16,True
1817,0.64,0.26,selected,True,True,False,125.72526461740267,1.0477105384783556,9737.368901732047,5.367098749996222e-15,3.613764727627085e-14,True,5,0.9778652174184437,
1818,0.66,0.26,baseline,False,False,False,,,,,,,,,
1818,0.66,0.26,local,False,False,False,,,,,,,,,
1818,0.66,0.26,multistart,True,False,False,1.7915182820299158,0.014929319016915965,105.95071719910436,5.94960687826176e-15,3.164163772459577e-14,True,3,1.088937519541488,
1818,0.66,0.26,graph,True,False,False,1.791518282029969,0.01492931901691641,105.95071719911076,6.079168077694332e-15,3.145438272754331e-14,True,3,1.088937519541488,
1818,0.66,0.26,best,True,False,False,1.7915182820298625,0.014929319016915521,105.95071719911076,2.208792823041977e-15,7.713991322382272e-15,True,3,1.0889375195414872,
1818,0.66,0.26,screened_graph,True,True,False,350.77288270906143,2.9231073559088454,44908.25636474206,2.365094275177691e-15,1.1059186922029586e-14,True,5,0.8737862183141756,
1818,0.66,0.26,screened_best,True,True,False,350.77288270906143,2.9231073559088454,44908.25636474206,2.365094275177691e-15,1.1059186922029586e-14,True,5,0.8737862183141756,
1818,0.66,0.26,bounded_attempt,False,True,False,9.999999999999991,0.08333333333333326,2283.4983285104795,0.0006451693665694632,0.035289519952636836,True,3,0.8737862183141747,True
1818,0.66,0.26,selected,True,True,False,350.77288270906143,2.9231073559088454,44908.25636474206,2.365094275177691e-15,1.1059186922029586e-14,True,5,0.8737862183141756,
1819,0.68,0.26,baseline,False,False,False,,,,,,,,,
1819,0.68,0.26,local,False,False,False,,,,,,,,,
1819,0.68,0.26,multistart,True,False,False,1.8390769778419447,0.015325641482016206,110.33475594703077,9.018298644175614e-15,4.53115537274644e-14,True,3,1.1781794339871565,
1819,0.68,0.26,graph,True,False,False,1.8390769778419447,0.015325641482016206,110.33475594703077,9.018298644175614e-15,4.53115537274644e-14,True,3,1.1781794339871565,
1819,0.68,0.26,best,True,False,False,1.839076977841838,0.015325641482015318,110.33475594706275,9.292938109463748e-16,7.834134137608105e-15,True,3,1.1781794339871563,
1819,0.68,0.26,screened_graph,True,True,False,321.61551949946306,2.680129329162192,44315.9679019036,5.4084393856590255e-15,2.7352934062507237e-14,True,5,0.7965544624942655,
1819,0.68,0.26,screened_best,True,True,False,321.61551949946306,2.680129329162192,44315.9679019036,5.4084393856590255e-15,2.7352934062507237e-14,True,5,0.7965544624942655,
1819,0.68,0.26,bounded_attempt,False,True,False,9.999999999999998,0.08333333333333331,2301.2668678449377,0.0018383014442503712,0.08865109706542186,True,5,0.7965544624942691,True
1819,0.68,0.26,selected,True,True,False,321.61551949946306,2.680129329162192,44315.9679019036,5.4084393856590255e-15,2.7352934062507237e-14,True,5,0.7965544624942655,
1820,0.7000000000000001,0.26,baseline,False,False,False,,,,,,,,,
1820,0.7000000000000001,0.26,local,False,False,False,,,,,,,,,
1820,0.7000000000000001,0.26,multistart,True,False,False,1.9018564128076143,0.015848803440063453,115.74775084025646,1.4690331612064926e-14,6.93736812505803e-14,True,3,1.2726559749784767,
1820,0.7000000000000001,0.26,graph,True,False,False,1.9018564128076676,0.015848803440063897,115.74775084023727,1.49890644792934e-14,7.013201242779318e-14,True,3,1.2726559749784765,
1820,0.7000000000000001,0.26,best,True,False,False,1.901856412807561,0.01584880344006301,115.74775084028204,2.190625399841259e-15,6.171189468940022e-15,True,3,0.8022725083388247,
1820,0.7000000000000001,0.26,screened_graph,True,True,False,165.81870757478708,1.3818225631232257,26173.37637043443,4.62985963945236e-15,2.6162595214516008e-14,True,3,0.789300636104568,
1820,0.7000000000000001,0.26,screened_best,True,True,False,165.81870757478708,1.3818225631232257,26173.37637043443,4.62985963945236e-15,2.6162595214516008e-14,True,3,0.789300636104568,
1820,0.7000000000000001,0.26,bounded_attempt,False,True,False,9.999999999999991,0.08333333333333326,2321.313278540989,0.0018361157066709695,0.0856218953230586,True,3,0.7893006361045751,True
1820,0.7000000000000001,0.26,selected,True,True,False,165.81870757478708,1.3818225631232257,26173.37637043443,4.62985963945236e-15,2.6162595214516008e-14,True,3,0.789300636104568,
1821,0.72,0.26,baseline,True,True,False,85.31411970967243,0.7109509975806035,4688.431264192268,2.7031779079445754e-15,1.7875157129264975e-14,True,5,0.6636181370881546,
1821,0.72,0.26,local,True,True,False,85.31411970967243,0.7109509975806035,4688.431264192268,2.7031779079445754e-15,1.7875157129264975e-14,True,5,0.6636181370881546,
1821,0.72,0.26,multistart,True,False,False,1.984847608838738,0.016540396740322816,122.5618151545774,1.9659570257956847e-14,8.974600359466531e-14,True,3,1.373522864475946,
1821,0.72,0.26,graph,True,False,False,1.9848476088387912,0.01654039674032326,122.56181515457101,1.953308370561824e-14,9.032267558209065e-14,True,3,1.373522864475946,
1821,0.72,0.26,best,True,False,False,1.9848476088386313,0.016540396740321928,122.56181515465414,3.71885874128748e-15,9.043283024354142e-15,True,3,1.373522864475945,
1821,0.72,0.26,screened_graph,True,True,False,43.044126436538015,0.3587010536378168,1374.5958842046712,7.016673195064563e-15,9.476329165297983e-14,True,5,0.13163128509846445,
1821,0.72,0.26,screened_best,True,True,False,43.04412643653439,0.3587010536377866,1374.5958842038979,5.36632718844557e-15,8.286823172549078e-14,True,5,0.03559102321210883,
1821,0.72,0.26,bounded_attempt,False,True,False,9.999999999999991,0.08333333333333326,990.0370649649418,0.0019378517932424771,0.08605356683746118,True,3,0.019467065804851025,True
1821,0.72,0.26,selected,True,True,False,43.04412643653439,0.3587010536377866,1374.5958842038979,5.36632718844557e-15,8.286823172549078e-14,True,5,0.03559102321210883,
1822,0.74,0.26,baseline,True,True,False,29.98695193023584,0.24989126608529866,1110.2801401550134,1.2425573238033121e-14,6.939247561177531e-14,True,5,0.5686012343645954,
1822,0.74,0.26,local,True,True,False,29.98695193023584,0.24989126608529866,1110.2801401550134,1.2425573238033121e-14,6.939247561177531e-14,True,5,0.5686012343645954,
1822,0.74,0.26,multistart,True,False,False,2.096397530162637,0.017469979418021975,131.38402270364438,2.4982978473376495e-14,1.0372057637080798e-13,True,3,1.4823876447631321,
1822,0.74,0.26,graph,True,False,False,2.096397530162477,0.017469979418020642,131.38402270379785,2.1364803623635355e-14,4.9448952457463575e-14,True,3,0.7067415874880512,
1822,0.74,0.26,best,True,False,False,2.096397530162424,0.0174699794180202,131.38402270380425,1.6664519022462425e-14,3.6013221846469584e-14,True,3,1.4823876447631317,
1822,0.74,0.26,screened_graph,True,True,False,23.29223146965056,0.19410192891375466,784.9534790888939,1.8620495610270442e-14,1.023900035743328e-13,True,5,0.20944509456673366,
1822,0.74,0.26,screened_best,True,True,False,23.29223146964542,0.1941019289137118,784.9534790890569,2.7812416343491072e-15,1.289882146941752e-14,True,5,0.5301088422976727,
1822,0.74,0.26,bounded_attempt,False,True,False,9.999999999999991,0.08333333333333326,665.6980954666859,0.002005162199274363,0.08033920760443246,True,5,0.5301088422977696,True
1822,0.74,0.26,selected,True,True,False,23.29223146964542,0.1941019289137118,784.9534790890569,2.7812416343491072e-15,1.289882146941752e-14,True,5,0.5301088422976727,
1823,0.76,0.26,baseline,True,True,False,21.125183394094496,0.17604319495078746,767.072963135535,7.962126022200714e-15,3.749945571691918e-14,True,3,0.4643979395742983,
1823,0.76,0.26,local,True,True,False,21.125183394094496,0.17604319495078746,767.072963135535,7.962126022200714e-15,3.749945571691918e-14,True,3,0.4643979395742983,
1823,0.76,0.26,multistart,True,False,False,2.446739598076366,0.020389496650636385,143.28514360507327,3.330702611693819e-14,7.393014478438769e-14,True,2,0.6513908266124888,
1823,0.76,0.26,graph,True,False,False,2.4467395980772055,0.02038949665064338,143.28514360506688,2.3232892398274237e-14,4.8574321728325606e-14,True,2,1.6016452537492125,
1823,0.76,0.26,best,True,False,False,2.4467395980620177,0.020389496650516814,145.69767599300602,2.0594997140597458e-14,5.4814999626941485e-14,True,2,0.6566727076801913,
1823,0.76,0.26,screened_graph,True,True,False,21.125183394094496,0.17604319495078746,767.072963135535,7.962126022200714e-15,3.749945571691918e-14,True,3,0.4643979395742983,
1823,0.76,0.26,screened_best,True,True,False,21.125183394093405,0.17604319495077836,767.0729631341793,9.912316198287713e-15,3.047672431294913e-14,True,3,1.6016452537492016,
1823,0.76,0.26,bounded_attempt,False,True,False,9.999999999999995,0.08333333333333329,790.9542310843335,0.002224880071943537,0.0827990114427354,True,5,1.6016452537506023,True
1823,0.76,0.26,selected,True,True,False,21.125183394093405,0.17604319495077836,767.0729631341793,9.912316198287713e-15,3.047672431294913e-14,True,3,1.6016452537492016,
1824,0.78,0.26,baseline,True,True,False,25.25857156672462,0.21048809638937183,547.5980968869663,1.898692367684087e-14,5.5043019453285747e-14,True,5,0.31836272390780795,
1824,0.78,0.26,local,True,True,False,25.25857156672462,0.21048809638937183,547.5980968869663,1.898692367684087e-14,5.5043019453285747e-14,True,5,0.31836272390780795,
1824,0.78,0.26,multistart,True,True,True,4.144248721649176,0.034535406013743136,411.59379988015354,2.1327879880968512e-14,5.866829543365522e-14,True,2,1.2309295238425442,
1824,0.78,0.26,graph,True,True,True,4.144248721633476,0.034535406013612296,411.5937998698454,1.768542067513233e-14,4.980371066484299e-14,True,2,1.7355165327168778,
1824,0.78,0.26,best,True,True,True,4.144248721631474,0.034535406013595615,411.59379986997305,1.493479527262787e-14,4.7954295448033157e-14,True,2,1.7355165327168776,
1824,0.78,0.26,screened_graph,True,True,True,4.144248721633476,0.034535406013612296,411.5937998698454,1.768542067513233e-14,4.980371066484299e-14,True,2,1.7355165327168778,
1824,0.78,0.26,screened_best,True,True,True,4.144248721631474,0.034535406013595615,411.59379986997305,1.493479527262787e-14,4.7954295448033157e-14,True,2,1.7355165327168776,
1824,0.78,0.26,bounded_attempt,True,True,True,4.144248721628537,0.034535406013571135,411.59379845281484,3.358376072753532e-12,1.644392340068836e-11,True,2,1.7355165327093667,True
1824,0.78,0.26,selected,True,True,True,4.144248721628537,0.034535406013571135,411.59379845281484,3.358376072753532e-12,1.644392340068836e-11,True,2,1.7355165327093667,True
1851,0.6,0.28,baseline,True,True,False,13.622774720768795,0.1135231226730733,531.7276778679301,6.401196382302692e-15,4.061100818649997e-14,True,5,0.8765415840124635,
1851,0.6,0.28,local,True,True,False,13.622774720768795,0.1135231226730733,531.7276778679301,6.401196382302692e-15,4.061100818649997e-14,True,5,0.8765415840124635,
1851,0.6,0.28,multistart,True,False,False,1.8664435993042972,0.015553696660869143,102.6458476043473,1.2596659373584286e-14,6.603139414154893e-14,True,4,0.8765415840124631,
1851,0.6,0.28,graph,True,False,False,1.8664435993042972,0.015553696660869143,102.6458476043473,1.2596659373584286e-14,6.603139414154893e-14,True,4,0.8765415840124631,
1851,0.6,0.28,best,True,False,False,1.8664435993042972,0.015553696660869143,102.6458476043473,1.2596659373584286e-14,6.603139414154893e-14,True,4,0.8765415840124631,
1851,0.6,0.28,screened_graph,True,True,False,13.62277472076765,0.11352312267306375,531.7276778677701,5.6634978295928376e-15,4.682131613356992e-14,True,5,0.8765415840124628,
1851,0.6,0.28,screened_best,True,True,False,13.622774720682038,0.11352312267235032,531.7276778671051,4.2993341832627785e-14,5.64528370202914e-13,True,5,0.3676039870984136,
1851,0.6,0.28,bounded_attempt,False,True,False,9.999999999999964,0.08333333333333304,654.2909963789996,0.00018174917999725244,0.011597090263304313,True,5,0.36760398709840736,True
1851,0.6,0.28,selected,True,True,False,13.622774720682038,0.11352312267235032,531.7276778671051,4.2993341832627785e-14,5.64528370202914e-13,True,5,0.3676039870984136,
1852,0.62,0.28,baseline,True,True,False,22.03026942321463,0.18358557852678858,968.0976961666232,1.0528001189373077e-14,5.922715837054025e-14,True,5,0.9545293206094292,
1852,0.62,0.28,local,True,True,False,22.03026942321463,0.18358557852678858,968.0976961666232,1.0528001189373077e-14,5.922715837054025e-14,True,5,0.9545293206094292,
1852,0.62,0.28,multistart,True,False,False,1.8072084288704104,0.015060070240586754,99.06787378180724,1.3010498234122519e-14,7.539883886696647e-14,True,4,0.9451316821087019,
1852,0.62,0.28,graph,True,False,False,1.807208428870517,0.015060070240587642,99.06787378183282,1.2638124271935865e-14,7.491821659430818e-14,True,4,0.9451316821087028,
1852,0.62,0.28,best,True,False,False,1.8072084288704104,0.015060070240586754,99.06787378180724,1.3010498234122519e-14,7.539883886696647e-14,True,4,0.9451316821087019,
1852,0.62,0.28,screened_graph,True,True,False,22.030269423213724,0.18358557852678103,968.0976961666872,4.246603069191224e-15,3.390536981504744e-14,True,5,0.9545293206094247,
1852,0.62,0.28,screened_best,True,True,False,22.030269423210527,0.1835855785267544,968.0976961665338,5.9345029560227494e-15,3.671526032099343e-14,True,5,0.35156803515494683,
1852,0.62,0.28,bounded_attempt,False,True,False,9.999999999999964,0.08333333333333304,753.7878674920464,0.0007185743269132685,0.04636650885381627,True,5,0.35156803515494683,True
1852,0.62,0.28,selected,True,True,False,22.030269423210527,0.1835855785267544,968.0976961665338,5.9345029560227494e-15,3.671526032099343e-14,True,5,0.35156803515494683,
1853,0.64,0.28,baseline,True,True,False,51.25495570795682,0.42712463089964015,2938.772293722188,1.4246399199214207e-14,7.709896402033005e-14,True,5,0.9950358148082739,
1853,0.64,0.28,local,True,True,False,51.25495570795682,0.42712463089964015,2938.772293722188,1.4246399199214207e-14,7.709896402033005e-14,True,5,0.9950358148082739,
1853,0.64,0.28,multistart,True,False,False,1.7548169522602208,0.014623474602168507,101.5295427087544,1.4157193814754933e-14,1.3283779425683137e-13,True,3,0.9091176772481635,
1853,0.64,0.28,graph,True,False,False,1.7548169522606472,0.01462347460217206,101.52954270870964,1.3875678223727092e-14,8.618877657222101e-14,True,3,0.9091176772481635,
1853,0.64,0.28,best,True,False,False,1.7548169522602208,0.014623474602168507,101.5295427087544,1.4157193814754933e-14,1.3283779425683137e-13,True,3,0.9091176772481635,
1853,0.64,0.28,screened_graph,True,True,False,51.254955707962544,0.4271246308996879,2938.772293721868,4.036408918523774e-15,3.753078566057084e-14,True,5,1.0357052509387004,
1853,0.64,0.28,screened_best,True,True,False,51.25495570795423,0.4271246308996186,2938.7722937219323,2.81797699541665e-15,1.267325870776655e-14,True,5,0.025486464429335776,
1853,0.64,0.28,bounded_attempt,False,True,False,9.999999999999964,0.08333333333333304,1094.976634554014,0.0021693175581846457,0.13080805605977425,True,5,0.012858064603755714,True
1853,0.64,0.28,selected,True,True,False,51.25495570795423,0.4271246308996186,2938.7722937219323,2.81797699541665e-15,1.267325870776655e-14,True,5,0.025486464429335776,
1854,0.66,0.28,baseline,False,False,False,,,,,,,,,
1854,0.66,0.28,local,False,False,False,,,,,,,,,
1854,0.66,0.28,multistart,True,False,False,1.7725557601871422,0.014771298001559519,102.34339096018203,8.188788581450679e-15,4.246284831749795e-14,True,3,1.1205854879581678,
1854,0.66,0.28,graph,True,False,False,1.772555760187169,0.014771298001559742,102.3433909600905,1.6265146222052963e-14,8.94027884567791e-14,True,3,0.8692353221342435,
1854,0.66,0.28,best,True,False,False,1.772555760187089,0.014771298001559074,102.34339096018843,1.1673851243905792e-15,4.4464735874235684e-15,True,3,0.8692353221342399,
1854,0.66,0.28,screened_graph,True,True,False,146.7579858383889,1.2229832153199074,24701.46210884572,2.1685259109845623e-14,2.827920017443029e-13,True,5,0.009479393159335103,
1854,0.66,0.28,screened_best,True,True,False,146.75798583837977,1.2229832153198315,24701.462108843487,2.142040032190844e-15,8.0579785810208e-15,True,5,0.9277652507350753,
1854,0.66,0.28,bounded_attempt,False,True,False,9.999999999999991,0.08333333333333326,2288.666840952626,0.0003418441720948938,0.0162130790191901,True,3,0.927765250735078,True
1854,0.66,0.28,selected,True,True,False,146.75798583837977,1.2229832153198315,24701.462108843487,2.142040032190844e-15,8.0579785810208e-15,True,5,0.9277652507350753,
1855,0.68,0.28,baseline,False,False,False,,,,,,,,,
1855,0.68,0.28,local,False,False,False,,,,,,,,,
1855,0.68,0.28,multistart,True,False,False,1.8223102776078726,0.015185918980065605,106.92612696934489,1.3046065375788376e-14,6.322798660992956e-14,True,3,1.2101192541401993,
1855,0.68,0.28,graph,True,False,False,1.8223102776080733,0.015185918980067277,106.9261269692096,1.7673851785510998e-14,9.535948000970661e-14,True,3,0.8285178404260485,
1855,0.68,0.28,best,True,False,False,1.822310277607766,0.015185918980064717,106.92612696934489,9.871780750502622e-16,7.382951321294307e-15,True,3,1.2101192541401997,
1855,0.68,0.28,screened_graph,True,True,False,342.13712459864627,2.851142704988719,44970.233688938286,5.1685025588296576e-15,2.5035071480284508e-14,True,5,0.8189272476721001,
1855,0.68,0.28,screened_best,True,True,False,342.13712459864627,2.851142704988719,44970.233688938286,5.1685025588296576e-15,2.5035071480284508e-14,True,5,0.8189272476721001,
1855,0.68,0.28,bounded_attempt,False,True,False,10.0,0.08333333333333333,1170.293039637398,0.004290595628195477,0.22993861965148588,True,3,8.881784197001252e-16,True
1855,0.68,0.28,selected,True,True,False,342.13712459864627,2.851142704988719,44970.233688938286,5.1685025588296576e-15,2.5035071480284508e-14,True,5,0.8189272476721001,
1856,0.7000000000000001,0.28,baseline,False,False,False,,,,,,,,,
1856,0.7000000000000001,0.28,local,False,False,False,,,,,,,,,
1856,0.7000000000000001,0.28,multistart,True,False,False,1.8877014120706903,0.015730845100589086,112.57520466515771,1.605884932942947e-14,7.652251178464514e-14,True,3,1.3051977355491566,
1856,0.7000000000000001,0.28,graph,True,False,False,1.8877014120709459,0.015730845100591216,112.57520466498426,1.942350967054999e-14,9.665817713136278e-14,True,3,0.7850235219783563,
1856,0.7000000000000001,0.28,best,True,False,False,1.8877014120705837,0.015730845100588198,112.5752046651705,1.9685435329455017e-15,7.77930161887993e-15,True,3,1.3051977355491553,
1856,0.7000000000000001,0.28,screened_graph,True,True,False,271.46012001675524,2.2621676668062936,35337.01774003855,4.347005203855846e-15,2.5997976115637335e-14,True,3,0.735292274940714,
1856,0.7000000000000001,0.28,screened_best,True,True,False,271.46012001675524,2.2621676668062936,35337.01774003855,4.347005203855846e-15,2.5997976115637335e-14,True,3,0.735292274940714,
1856,0.7000000000000001,0.28,bounded_attempt,False,True,False,9.999999999999998,0.08333333333333331,2364.24027420692,0.003014378119882821,0.1359079267224776,True,5,0.7352922749407274,True
1856,0.7000000000000001,0.28,selected,True,True,False,271.46012001675524,2.2621676668062936,35337.01774003855,4.347005203855846e-15,2.5997976115637335e-14,True,3,0.735292274940714,
1857,0.72,0.28,baseline,False,False,False,,,,,,,,,
1857,0.72,0.28,local,False,False,False,,,,,,,,,
1857,0.72,0.28,multistart,True,False,False,1.9741252400777576,0.016451043667314647,119.70337383799219,2.3907461255590383e-14,1.0932927086028227e-13,True,3,1.4070740743440375,
1857,0.72,0.28,graph,True,False,False,1.9741252400778109,0.01645104366731509,119.703373837973,2.3851520992773215e-14,1.0932830134601009e-13,True,3,1.4070740743440384,
1857,0.72,0.28,best,True,False,False,1.9741252400775977,0.016451043667313314,119.70337383802416,5.498494417564254e-15,1.2385169994583583e-14,True,3,1.4070740743440384,
1857,0.72,0.28,screened_graph,True,True,False,92.15818955245484,0.7679849129371237,6318.487192048928,1.2205007460325347e-14,2.038198832961369e-14,True,5,0.01592547523056087,
1857,0.72,0.28,screened_best,True,True,False,92.15818955245484,0.7679849129371237,6318.487192048928,1.2205007460325347e-14,2.038198832961369e-14,True,5,0.01592547523056087,
1857,0.72,0.28,bounded_attempt,False,True,False,9.999999999999991,0.08333333333333326,1185.8406822092097,0.00367180702270836,0.14197142535196489,True,3,8.881784197001252e-16,True
1857,0.72,0.28,selected,True,True,False,92.15818955245484,0.7679849129371237,6318.487192048928,1.2205007460325347e-14,2.038198832961369e-14,True,5,0.01592547523056087,
1858,0.74,0.28,baseline,True,True,False,37.918352387012604,0.3159862698917717,2290.3213615393406,2.4660012810218863e-14,1.3174798211972951e-13,True,5,0.5813721177936095,
1858,0.74,0.28,local,True,True,False,37.918352387012604,0.3159862698917717,2290.3213615393406,2.4660012810218863e-14,1.3174798211972951e-13,True,5,0.5813721177936095,
1858,0.74,0.28,multistart,True,False,False,2.12950437323014,0.017745869776917833,132.0105453607309,2.4382037020761985e-14,9.05790282929394e-14,True,2,1.5175893908565996,
1858,0.74,0.28,graph,True,False,False,2.1295043732303665,0.01774586977691972,128.99781820222094,3.9716046603914964e-14,1.0996163564195916e-13,True,2,0.68669237736645,
1858,0.74,0.28,best,True,False,False,2.1295043732275554,0.017745869776896295,132.01054536086357,2.889755663393918e-14,6.019500540024534e-14,True,2,0.6903759226524677,
1858,0.74,0.28,screened_graph,True,True,False,25.626932025180704,0.21355776687650585,1387.6494695386962,2.4475696901818178e-14,1.2686158845900418e-13,True,3,0.6435764740636634,
1858,0.74,0.28,screened_best,True,True,False,25.626932025167193,0.21355776687639327,1387.6494695385488,3.063692572201988e-15,2.1170841910934918e-14,True,3,0.05167885266500871,
1858,0.74,0.28,bounded_attempt,False,True,False,9.999999999999998,0.08333333333333331,735.6074147574901,0.002667013102645408,0.10755185804767015,True,3,0.04620471828468453,True
1858,0.74,0.28,selected,True,True,False,25.626932025167193,0.21355776687639327,1387.6494695385488,3.063692572201988e-15,2.1170841910934918e-14,True,3,0.05167885266500871,
1859,0.76,0.28,baseline,True,True,False,25.84549188930157,0.21537909907751307,643.8474012443891,1.8890274298481985e-14,5.502245581290135e-14,True,3,0.46553755419948484,
1859,0.76,0.28,local,True,True,False,25.84549188930157,0.21537909907751307,643.8474012443891,1.8890274298481985e-14,5.502245581290135e-14,True,3,0.46553755419948484,
1859,0.76,0.28,multistart,True,True,True,2.6696550422328347,0.02224712535194029,151.49382198675073,2.111221614964463e-14,5.5562076077601116e-14,True,2,1.3601488337703422,
1859,0.76,0.28,graph,True,True,True,2.6696550422511534,0.022247125352092945,151.49382198686504,2.2209265156708144e-14,6.12379721791532e-14,True,2,1.6396271575431893,
1859,0.76,0.28,best,True,True,True,2.6696550422328347,0.02224712535194029,151.49382198675073,2.111221614964463e-14,5.5562076077601116e-14,True,2,1.3601488337703422,
1859,0.76,0.28,screened_graph,True,True,True,2.6696550422511534,0.022247125352092945,151.49382198686504,2.2209265156708144e-14,6.12379721791532e-14,True,2,1.6396271575431893,
1859,0.76,0.28,screened_best,True,True,True,2.6696550422328347,0.02224712535194029,151.49382198675073,2.111221614964463e-14,5.5562076077601116e-14,True,2,1.3601488337703422,
1859,0.76,0.28,bounded_attempt,True,True,True,2.66965504219276,0.022247125351606334,151.49382198685703,8.912545882805223e-13,1.2523450390106027e-11,True,2,1.3601488337846597,True
1859,0.76,0.28,selected,True,True,True,2.66965504219276,0.022247125351606334,151.49382198685703,8.912545882805223e-13,1.2523450390106027e-11,True,2,1.3601488337846597,True
1887,0.6,0.3,baseline,True,True,False,13.333191238242499,0.11110992698535416,482.8845555308561,5.0758566197278156e-15,3.244374069700081e-14,True,5,0.9114136504612806,
1887,0.6,0.3,local,True,True,False,13.333191238242499,0.11110992698535416,482.8845555308561,5.0758566197278156e-15,3.244374069700081e-14,True,5,0.9114136504612806,
1887,0.6,0.3,multistart,True,False,False,1.8596755678035937,0.01549729639836328,103.57482923778072,2.1353329592961747e-14,1.1103413537009608e-13,True,4,0.9114136504612733,
1887,0.6,0.3,graph,True,False,False,1.8596755678036203,0.015497296398363503,103.57482923602532,1.2941630550734858e-14,7.189693858634106e-14,True,4,0.9114136504612456,
1887,0.6,0.3,best,True,False,False,1.8596755678035137,0.015497296398362614,103.5748292378031,8.182012274917481e-16,4.212544426429962e-15,True,4,0.9114136504612789,
1887,0.6,0.3,screened_graph,True,True,False,13.333191238242392,0.11110992698535327,482.8845555309744,3.6108926491245325e-15,1.792013247214796e-14,True,5,0.9114136504612766,
1887,0.6,0.3,screened_best,True,True,False,13.333191238241593,0.11110992698534661,482.88455553093286,4.508124127079008e-15,2.1240167573763055e-14,True,5,0.9114136504612804,
1887,0.6,0.3,bounded_attempt,False,True,False,9.999999999999998,0.08333333333333331,482.884555068685,0.0001963921827263881,0.012018087798886024,True,5,0.9114136504610717,True
1887,0.6,0.3,selected,True,True,False,13.333191238241593,0.11110992698534661,482.88455553093286,4.508124127079008e-15,2.1240167573763055e-14,True,5,0.9114136504612804,
1888,0.62,0.3,baseline,True,True,False,18.158055457863753,0.15131712881553128,699.5732146485636,7.938870967844446e-15,4.8267270562023654e-14,True,5,0.9894705907003907,
1888,0.62,0.3,local,True,True,False,18.158055457863753,0.15131712881553128,699.5732146485636,7.938870967844446e-15,4.8267270562023654e-14,True,5,0.9894705907003907,
1888,0.62,0.3,multistart,True,False,False,1.801630571501569,0.015013588095846409,100.15667730489923,1.4027636063641555e-14,8.283603793131365e-14,True,4,0.929906035124171,
1888,0.62,0.3,graph,True,False,False,1.801630571501569,0.015013588095846409,100.15667730489923,1.4027636063641555e-14,8.283603793131365e-14,True,4,0.929906035124171,
1888,0.62,0.3,best,True,False,False,1.801630571501569,0.015013588095846409,100.15667730489923,1.4027636063641555e-14,8.283603793131365e-14,True,4,0.929906035124171,
1888,0.62,0.3,screened_graph,True,True,False,18.158055457860343,0.15131712881550285,699.5732146467828,1.6627883293318834e-14,9.973496381507805e-14,True,5,0.3928080880928695,
1888,0.62,0.3,screened_best,True,True,False,18.158055457860343,0.15131712881550285,699.5732146467828,1.6627883293318834e-14,9.973496381507805e-14,True,5,0.3928080880928695,
1888,0.62,0.3,bounded_attempt,False,True,False,9.999999999999964,0.08333333333333304,938.3960232196828,0.0007763984189879874,0.048327955351645004,True,5,0.3928080880928695,True
1888,0.62,0.3,selected,True,True,False,18.158055457860343,0.15131712881550285,699.5732146467828,1.6627883293318834e-14,9.973496381507805e-14,True,5,0.3928080880928695,
1889,0.64,0.3,baseline,True,True,False,33.82495639078545,0.28187463658987877,1212.2993268811158,1.2461480722126106e-14,7.231120107212603e-14,True,5,1.0046452387109523,
1889,0.64,0.3,local,True,True,False,33.82495639078545,0.28187463658987877,1212.2993268811158,1.2461480722126106e-14,7.231120107212603e-14,True,5,1.0046452387109523,
1889,0.64,0.3,multistart,True,False,False,1.7400535596082634,0.014500446330068861,97.76039079244896,2.0958234963573974e-14,1.1521281010950203e-13,True,4,0.8931519714422196,
1889,0.64,0.3,graph,True,False,False,1.7400535596082634,0.014500446330068861,97.76039079294137,1.6800539564953598e-14,9.453083148223049e-14,True,4,0.8931519714422205,
1889,0.64,0.3,best,True,False,False,1.74005355960817,0.014500446330068084,97.76039079272535,1.008410140090063e-15,5.1404900099630585e-15,True,4,1.0709315424348724,
1889,0.64,0.3,screened_graph,True,True,False,33.82495639078513,0.2818746365898761,1212.2993268534901,5.838179320968785e-15,3.925235134767651e-14,True,5,1.0709315424348749,
1889,0.64,0.3,screened_best,True,True,False,33.82495639078449,0.2818746365898708,1212.2993268595585,3.850029509494949e-15,4.04639408586934e-14,True,5,0.37665236402314584,
1889,0.64,0.3,bounded_attempt,False,True,False,9.999999999999964,0.08333333333333304,1041.195816693145,0.0019646900752464825,0.1157908145605093,True,5,0.37883811972767845,True
1889,0.64,0.3,selected,True,True,False,33.82495639078449,0.2818746365898708,1212.2993268595585,3.850029509494949e-15,4.04639408586934e-14,True,5,0.37665236402314584,
1890,0.66,0.3,baseline,True,True,False,83.91417753312489,0.6992848127760407,5117.438453355796,1.9347925804038254e-14,1.0680928422642051e-13,True,5,0.6664286269403688,
1890,0.66,0.3,local,True,True,False,83.91417753312489,0.6992848127760407,5117.438453355796,1.9347925804038254e-14,1.0680928422642051e-13,True,5,0.6664286269403688,
1890,0.66,0.3,multistart,True,False,False,1.749787423067732,0.014581561858897765,98.48065517314284,1.6339620378045728e-14,8.653945943735487e-14,True,3,0.8535115136552118,
1890,0.66,0.3,graph,True,False,False,1.749787423067732,0.014581561858897765,98.48065517314284,1.6339620378045728e-14,8.653945943735487e-14,True,3,0.8535115136552118,
1890,0.66,0.3,best,True,False,False,1.749787423067732,0.014581561858897765,98.48065517314284,1.6339620378045728e-14,8.653945943735487e-14,True,3,0.8535115136552118,
1890,0.66,0.3,screened_graph,True,True,False,14.562326345284085,0.12135271954403404,1773.8927893184027,7.979329747383956e-15,5.069231407249255e-14,True,3,0.9639105821795706,
1890,0.66,0.3,screened_best,True,True,False,14.562326345283886,0.12135271954403237,1773.892789318147,8.271161533457416e-15,5.170272236348369e-14,True,3,0.9639105821795715,
1890,0.66,0.3,bounded_attempt,False,True,False,9.999999999999991,0.08333333333333326,1773.892789284305,0.00039455090061562485,0.018383593628368437,True,3,0.963910582179575,True
1890,0.66,0.3,selected,True,True,False,14.562326345283886,0.12135271954403237,1773.892789318147,8.271161533457416e-15,5.170272236348369e-14,True,3,0.9639105821795715,
1891,0.68,0.3,baseline,False,False,False,,,,,,,,,
1891,0.68,0.3,local,False,False,False,,,,,,,,,
1891,0.68,0.3,multistart,True,False,False,1.8016908935933393,0.015014090779944493,103.24950673359344,1.539331330174766e-14,8.188716979646818e-14,True,3,0.8118363988889072,
1891,0.68,0.3,graph,True,False,False,1.8016908935939753,0.015014090779949793,103.24950673366918,1.7176373760978666e-14,8.553881847322981e-14,True,3,1.246373704602479,
1891,0.68,0.3,best,True,False,False,1.8016908935933393,0.015014090779944493,103.24950673359344,1.539331330174766e-14,8.188716979646818e-14,True,3,0.8118363988889072,
1891,0.68,0.3,screened_graph,True,True,False,168.51178387707964,1.4042648656423302,32585.121603542433,2.5823128856601336e-15,4.568148527508155e-14,True,5,0.2021431396909099,
1891,0.68,0.3,screened_best,True,True,False,168.51178387707964,1.4042648656423302,32585.121603542433,2.5823128856601336e-15,4.568148527508155e-14,True,5,0.2021431396909099,
1891,0.68,0.3,bounded_attempt,False,True,False,9.999999999999964,0.08333333333333304,2297.2938524446536,0.0006205264160234669,0.02819261242360636,True,3,0.2021431396909099,True
1891,0.68,0.3,selected,True,True,False,168.51178387707964,1.4042648656423302,32585.121603542433,2.5823128856601336e-15,4.568148527508155e-14,True,5,0.2021431396909099,
1892,0.7000000000000001,0.3,baseline,False,False,False,,,,,,,,,
1892,0.7000000000000001,0.3,local,False,False,False,,,,,,,,,
1892,0.7000000000000001,0.3,multistart,True,False,False,1.8696327017451764,0.015580272514543136,109.12599917357775,1.8888561401699117e-14,9.114678195450418e-14,True,3,0.7672087169806208,
1892,0.7000000000000001,0.3,graph,True,False,False,1.8696327017451764,0.015580272514543136,109.12599917357775,1.8888561401699117e-14,9.114678195450418e-14,True,3,0.7672087169806208,
1892,0.7000000000000001,0.3,best,True,False,False,1.8696327017451764,0.015580272514543136,109.12599917357775,1.8888561401699117e-14,9.114678195450418e-14,True,3,0.7672087169806208,
1892,0.7000000000000001,0.3,screened_graph,True,True,False,76.69720702937205,0.6391433919114338,4238.987410954783,3.5503276327721616e-15,1.9734468309012147e-14,True,3,0.10800047710285554,
1892,0.7000000000000001,0.3,screened_best,True,True,False,76.69720702937205,0.6391433919114338,4238.987410954783,3.5503276327721616e-15,1.9734468309012147e-14,True,3,0.10800047710285554,
1892,0.7000000000000001,0.3,bounded_attempt,False,True,False,9.999999999999964,0.08333333333333304,2294.328073653384,0.001290786256784926,0.058739535257276154,True,3,0.10800047710285554,True
1892,0.7000000000000001,0.3,selected,True,True,False,76.69720702937205,0.6391433919114338,4238.987410954783,3.5503276327721616e-15,1.9734468309012147e-14,True,3,0.10800047710285554,
1893,0.72,0.3,baseline,False,False,False,,,,,,,,,
1893,0.72,0.3,local,False,False,False,,,,,,,,,
1893,0.72,0.3,multistart,True,False,False,1.9594430312779485,0.016328691927316237,116.56970684940889,3.2307919223673235e-14,1.3258889497694764e-13,True,3,0.7188700713070384,
1893,0.72,0.3,graph,True,False,False,1.9594430312779485,0.016328691927316237,116.56970684940889,3.2307919223673235e-14,1.3258889497694764e-13,True,3,0.7188700713070384,
1893,0.72,0.3,best,True,False,False,1.9594430312779485,0.016328691927316237,116.56970684940889,3.2307919223673235e-14,1.3258889497694764e-13,True,3,0.7188700713070384,
1893,0.72,0.3,screened_graph,True,True,False,176.34829239655838,1.4695691033046532,37561.724304800766,2.4050490551701536e-14,1.2875386515807946e-13,True,5,0.741909792411585,
1893,0.72,0.3,screened_best,True,True,False,176.3482923965564,1.4695691033046365,37561.72430480136,4.2495952633786474e-15,2.4067059568944832e-14,True,5,0.6543363139003056,
1893,0.72,0.3,bounded_attempt,False,True,False,9.999999999999998,0.08333333333333331,2378.2162818076067,0.003649007430545358,0.15255076984101615,True,5,0.6543363139005125,True
1893,0.72,0.3,selected,True,True,False,176.3482923965564,1.4695691033046365,37561.72430480136,4.2495952633786474e-15,2.4067059568944832e-14,True,5,0.6543363139003056,
1894,0.74,0.3,baseline,True,True,False,41.78454444870962,0.34820453707258014,1170.504719601501,8.525255061832915e-15,4.529089930166375e-14,True,3,0.5806460280014409,
1894,0.74,0.3,local,True,True,False,41.78454444870962,0.34820453707258014,1170.504719601501,8.525255061832915e-15,4.529089930166375e-14,True,3,0.5806460280014409,
1894,0.74,0.3,multistart,True,False,False,2.2889187929666166,0.019074323274721805,126.36526270062576,1.47752760186793e-14,9.950830755005277e-14,True,2,0.665651715786094,
1894,0.74,0.3,graph,True,False,False,2.2889187929666166,0.019074323274721805,126.36526270062576,1.47752760186793e-14,9.950830755005277e-14,True,2,0.665651715786094,
1894,0.74,0.3,best,True,False,False,2.288918792960901,0.019074323274674176,129.9090656708297,2.464985780921703e-14,5.334346897767559e-14,True,2,1.4216764556255024,
1894,0.74,0.3,screened_graph,True,True,False,33.10926120948906,0.2759105100790755,1148.1740871322575,9.135084789881328e-15,4.539169531698787e-14,True,3,0.549535353694611,
1894,0.74,0.3,screened_best,True,True,False,33.10926120948701,0.2759105100790584,1148.1740871699744,1.1468931640295956e-14,3.880761566126686e-14,True,3,0.5495353536945098,
1894,0.74,0.3,bounded_attempt,False,True,False,10.0,0.08333333333333333,748.0371509422923,0.0032637143719810463,0.1250141051718139,True,5,0.549535353702229,True
1894,0.74,0.3,selected,True,True,False,33.10926120948701,0.2759105100790584,1148.1740871699744,1.1468931640295956e-14,3.880761566126686e-14,True,3,0.5495353536945098,
1895,0.76,0.3,baseline,False,False,False,,,,,,,,,
1895,0.76,0.3,local,False,False,False,,,,,,,,,
1895,0.76,0.3,multistart,True,True,True,2.9809357910652423,0.024841131592210353,205.18161966478513,2.842340344581443e-14,1.2242906378609718e-13,True,2,0.6088157902186051,
1895,0.76,0.3,graph,True,True,True,2.980935791066095,0.024841131592217458,205.18161966466445,2.557254201718183e-14,5.99189586308615e-14,True,2,1.6832670139476424,
1895,0.76,0.3,best,True,True,True,2.9809357910652423,0.024841131592210353,205.18161966478513,2.842340344581443e-14,1.2242906378609718e-13,True,2,0.6088157902186051,
1895,0.76,0.3,screened_graph,True,True,True,2.980935791066095,0.024841131592217458,205.18161966466445,2.557254201718183e-14,5.99189586308615e-14,True,2,1.6832670139476424,
1895,0.76,0.3,screened_best,True,True,True,2.9809357910652423,0.024841131592210353,205.18161966478513,2.842340344581443e-14,1.2242906378609718e-13,True,2,0.6088157902186051,
1895,0.76,0.3,bounded_attempt,True,True,True,2.9809357909384637,0.024841131591153864,205.18161966427914,1.2870755703838603e-12,1.5048871027333395e-11,True,2,0.6088157902186015,True
1895,0.76,0.3,selected,True,True,True,2.9809357909384637,0.024841131591153864,205.18161966427914,1.2870755703838603e-12,1.5048871027333395e-11,True,2,0.6088157902186015,True
1923,0.6,0.32,baseline,True,True,False,13.675893500964396,0.1139657791747033,402.29199621670233,4.562057578661872e-15,2.995198250500489e-14,True,5,0.9500399283899983,
1923,0.6,0.32,local,True,True,False,13.675893500964396,0.1139657791747033,402.29199621670233,4.562057578661872e-15,2.995198250500489e-14,True,5,0.9500399283899983,
1923,0.6,0.32,multistart,True,False,False,1.8474430191405222,0.015395358492837685,104.19224722097802,2.0808538483442702e-14,1.1508527952964807e-13,True,4,0.9500399283899903,
1923,0.6,0.32,graph,True,False,False,1.8474430191406555,0.015395358492838795,104.1922472191203,1.4170818362726641e-14,8.159012210288046e-14,True,4,0.9500399283899601,
1923,0.6,0.32,best,True,False,False,1.8474430191405222,0.015395358492837685,104.19224722097802,2.0808538483442702e-14,1.1508527952964807e-13,True,4,0.9500399283899903,
1923,0.6,0.32,screened_graph,True,True,False,13.675893500963824,0.11396577917469852,402.2919962167567,7.42543353561752e-15,4.9926316523872274e-14,True,5,0.950039928389989,
1923,0.6,0.32,screened_best,True,True,False,13.675893500961038,0.11396577917467532,402.2919962167407,4.16749759909758e-15,2.649599714683515e-14,True,5,0.9500399283899974,
1923,0.6,0.32,bounded_attempt,False,True,False,9.999999999999964,0.08333333333333304,402.29199559138493,0.00025079583441836193,0.015241732514674278,True,5,0.9500399283891505,True
1923,0.6,0.32,selected,True,True,False,13.675893500961038,0.11396577917467532,402.2919962167407,4.16749759909758e-15,2.649599714683515e-14,True,5,0.9500399283899974,
1924,0.62,0.32,baseline,True,True,False,18.69290476208839,0.15577420635073658,571.925403612373,7.239045753053295e-15,4.475441385163745e-14,True,5,1.0279629379173674,
1924,0.62,0.32,local,True,True,False,18.69290476208839,0.15577420635073658,571.925403612373,7.239045753053295e-15,4.475441385163745e-14,True,5,1.0279629379173674,
1924,0.62,0.32,multistart,True,False,False,1.7904974364359916,0.01492081197029993,100.95298585211623,1.764866708550246e-14,8.987388782407303e-14,True,4,0.914443804701178,
1924,0.62,0.32,graph,True,False,False,1.7904974364359916,0.01492081197029993,100.9529858522697,1.5611666257842928e-14,8.959542377749842e-14,True,4,0.9144438047011771,
1924,0.62,0.32,best,True,False,False,1.790497436435965,0.014920811970299708,100.9529858544088,8.868764227826485e-16,6.964555920440354e-15,True,4,1.0279629379173656,
1924,0.62,0.32,screened_graph,True,True,False,18.69290476201714,0.15577420635014283,571.9254036118805,3.9985372358307575e-15,1.8738364790824464e-14,True,5,1.0279629379173638,
1924,0.62,0.32,screened_best,True,True,False,18.69290476201714,0.15577420635014283,571.9254036118805,3.9985372358307575e-15,1.8738364790824464e-14,True,5,1.0279629379173638,
1924,0.62,0.32,bounded_attempt,False,True,False,9.999999999999964,0.08333333333333304,630.8869279497294,0.0008294101892717656,0.0499758470079998,True,5,1.0279629379159951,True
1924,0.62,0.32,selected,True,True,False,18.69290476201714,0.15577420635014283,571.9254036118805,3.9985372358307575e-15,1.8738364790824464e-14,True,5,1.0279629379173638,
1925,0.64,0.32,baseline,True,True,False,26.572445782426257,0.22143704818688548,1082.9493466659414,1.1901285301597255e-14,7.055007967311462e-14,True,5,1.0074540870985356,
1925,0.64,0.32,local,True,True,False,26.572445782426257,0.22143704818688548,1082.9493466659414,1.1901285301597255e-14,7.055007967311462e-14,True,5,1.0074540870985356,
1925,0.64,0.32,multistart,True,False,False,1.7292337745943787,0.014410281454953155,97.74443094315562,1.2408201400129761e-14,6.511964476545474e-14,True,4,1.1098088699260487,
1925,0.64,0.32,graph,True,False,False,1.7292337745945119,0.014410281454954266,97.74443094071756,1.5840168039725678e-14,1.0152630848327971e-13,True,4,0.8768717084461599,
1925,0.64,0.32,best,True,False,False,1.7292337745943787,0.014410281454953155,97.74443094315562,1.2408201400129761e-14,6.511964476545474e-14,True,4,1.1098088699260487,
1925,0.64,0.32,screened_graph,True,True,False,26.572445782426232,0.22143704818688525,1082.949346666053,3.0856473982078994e-15,4.295508021825988e-14,True,5,1.1098088699260444,
1925,0.64,0.32,screened_best,True,True,False,26.572445782426044,0.2214370481868837,1082.9493466659571,3.3952682184363933e-15,2.258676325601751e-14,True,5,0.4152846051994148,
1925,0.64,0.32,bounded_attempt,False,True,False,9.999999999999964,0.08333333333333304,1370.8469975621767,0.0018375725686140348,0.10414411012652786,True,5,0.41816636377550775,True
1925,0.64,0.32,selected,True,True,False,26.572445782426044,0.2214370481868837,1082.9493466659571,3.3952682184363933e-15,2.258676325601751e-14,True,5,0.4152846051994148,
1926,0.66,0.32,baseline,True,True,False,41.32523904629272,0.3443769920524393,1791.726159800101,7.969089305447799e-15,5.237557755389327e-14,True,5,0.7526607538934993,
1926,0.66,0.32,local,True,True,False,41.32523904629272,0.3443769920524393,1791.726159800101,7.969089305447799e-15,5.237557755389327e-14,True,5,0.7526607538934993,
1926,0.66,0.32,multistart,True,False,False,1.7234819205892116,0.01436234933824343,96.54668074188066,1.7950370007767587e-14,1.185865129165899e-13,True,3,0.8373745069090539,
1926,0.66,0.32,graph,True,False,False,1.7234819205892116,0.01436234933824343,96.54668074188066,1.7950370007767587e-14,1.185865129165899e-13,True,3,0.8373745069090539,
1926,0.66,0.32,best,True,False,False,1.7234819205892116,0.01436234933824343,96.54668074188066,1.7950370007767587e-14,1.185865129165899e-13,True,3,0.8373745069090539,
1926,0.66,0.32,screened_graph,True,True,False,41.325239046292346,0.3443769920524362,1791.726159839947,1.8784209954727253e-14,1.4984611432967885e-13,True,5,0.399140218225952,
1926,0.66,0.32,screened_best,True,True,False,41.32523904629155,0.34437699205242955,1791.7261597999475,1.882491096242087e-14,2.6874895175136536e-13,True,5,0.39914021822595114,
1926,0.66,0.32,bounded_attempt,False,True,False,9.999999999999964,0.08333333333333304,1099.2736124687801,0.0031667405286533593,0.1659623169644009,True,3,0.4090894379883663,True
1926,0.66,0.32,selected,True,True,False,41.32523904629155,0.34437699205242955,1791.7261597999475,1.882491096242087e-14,2.6874895175136536e-13,True,5,0.39914021822595114,
1927,0.68,0.32,baseline,True,True,False,100.7862859512251,0.8398857162602091,7739.745265051429,4.557326905135504e-15,5.6791687453826134e-14,True,5,0.48434311924821216,
1927,0.68,0.32,local,True,True,False,100.7862859512251,0.8398857162602091,7739.745265051429,4.557326905135504e-15,5.6791687453826134e-14,True,5,0.48434311924821216,
1927,0.68,0.32,multistart,True,False,False,1.7773754364037906,0.014811461970031588,99.31320845042137,2.1153245095522384e-14,1.0914317840093397e-13,True,3,0.7946324642963427,
1927,0.68,0.32,graph,True,False,False,1.7773754364058014,0.014811461970048345,99.31320845045803,1.9747384982615205e-14,1.0013943989929907e-13,True,3,1.2869378433082868,
1927,0.68,0.32,best,True,False,False,1.7773754364037906,0.014811461970031588,99.31320845042137,2.1153245095522384e-14,1.0914317840093397e-13,True,3,0.7946324642963427,
1927,0.68,0.32,screened_graph,True,True,False,17.089709934988495,0.14241424945823744,2557.3226680736616,5.512399866715408e-15,3.719580532870173e-14,True,3,0.8356226744782509,
1927,0.68,0.32,screened_best,True,True,False,17.089709934988495,0.14241424945823744,2557.3226680736616,5.512399866715408e-15,3.719580532870173e-14,True,3,0.8356226744782509,
1927,0.68,0.32,bounded_attempt,False,True,False,9.999999999999991,0.08333333333333326,1797.7218297378854,0.0006322297781148327,0.028416865613589325,True,3,0.8356226744782722,True
1927,0.68,0.32,selected,True,True,False,17.089709934988495,0.14241424945823744,2557.3226680736616,5.512399866715408e-15,3.719580532870173e-14,True,3,0.8356226744782509,
1928,0.7000000000000001,0.32,baseline,False,False,False,,,,,,,,,
1928,0.7000000000000001,0.32,local,False,False,False,,,,,,,,,
1928,0.7000000000000001,0.32,multistart,True,False,False,1.8476777681800545,0.015397314734833786,105.4014783547123,2.6370367752306317e-14,1.2542742720398483e-13,True,3,0.7487264242316591,
1928,0.7000000000000001,0.32,graph,True,False,False,1.8476777681800545,0.015397314734833786,105.4014783547123,2.6370367752306317e-14,1.2542742720398483e-13,True,3,0.7487264242316591,
1928,0.7000000000000001,0.32,best,True,False,False,1.8476777681800545,0.015397314734833786,105.4014783547123,2.6370367752306317e-14,1.2542742720398483e-13,True,3,0.7487264242316591,
1928,0.7000000000000001,0.32,screened_graph,True,True,False,87.63610694545872,0.730300891212156,5672.44475532355,5.397157142687997e-15,2.7256434546099154e-14,True,3,0.29936313464974873,
1928,0.7000000000000001,0.32,screened_best,True,True,False,87.63610694545872,0.730300891212156,5672.44475532355,5.397157142687997e-15,2.7256434546099154e-14,True,3,0.29936313464974873,
1928,0.7000000000000001,0.32,bounded_attempt,False,True,False,9.999999999999998,0.08333333333333331,2304.482483259811,0.00120380260370878,0.05171344401269564,True,5,0.29936313464974873,True
1928,0.7000000000000001,0.32,selected,True,True,False,87.63610694545872,0.730300891212156,5672.44475532355,5.397157142687997e-15,2.7256434546099154e-14,True,3,0.29936313464974873,
1929,0.72,0.32,baseline,False,False,False,,,,,,,,,
1929,0.72,0.32,local,False,False,False,,,,,,,,,
1929,0.72,0.32,multistart,True,False,False,2.074015730443306,0.017283464420360883,113.15696418958828,3.9868756516417796e-14,1.2690884774499274e-13,True,2,0.6987832882108593,
1929,0.72,0.32,graph,True,False,False,2.0740157304435725,0.017283464420363104,113.15696418969239,1.6727288597034745e-14,6.034721664051328e-14,True,2,1.4889720052412245,
1929,0.72,0.32,best,True,False,False,2.074015730441867,0.017283464420348893,117.05492963164232,2.838816407001948e-14,8.059255034817212e-14,True,2,1.4629133422066172,
1929,0.72,0.32,screened_graph,True,True,False,64.43526189353338,0.5369605157794448,2956.1174792629818,4.9852753559207384e-15,3.935746773494812e-14,True,3,0.24530719715530935,
1929,0.72,0.32,screened_best,True,True,False,64.43526189353231,0.5369605157794359,2956.1174792678207,5.114637939152971e-15,3.972008373938146e-14,True,3,0.24530719715531024,
1929,0.72,0.32,bounded_attempt,False,True,False,10.0,0.08333333333333333,893.7095995214293,0.00417591696542787,0.1737427441955889,True,3,0.24530719715531024,True
1929,0.72,0.32,selected,True,True,False,64.43526189353231,0.5369605157794359,2956.1174792678207,5.114637939152971e-15,3.972008373938146e-14,True,3,0.24530719715531024,
1930,0.74,0.32,baseline,False,False,False,,,,,,,,,
1930,0.74,0.32,local,False,False,False,,,,,,,,,
1930,0.74,0.32,multistart,True,False,False,2.4967372196179305,0.020806143496816087,138.7196615678592,4.0473682480075954e-14,1.182471477232512e-13,True,2,0.6450050982424527,
1930,0.74,0.32,graph,True,False,False,2.49673721961833,0.020806143496819418,138.71966156794872,1.989817328799291e-14,5.883883120656217e-14,True,2,1.6041729547276118,
1930,0.74,0.32,best,True,False,False,2.4967372196049142,0.02080614349670762,138.71966157292715,2.6586770186183932e-14,5.193749989189335e-14,True,2,1.6041729547276138,
1930,0.74,0.32,screened_graph,True,True,False,45.87544380830278,0.3822953650691898,1330.4467918570783,1.042416800412681e-14,3.1170992963201336e-14,True,3,0.5333313945619311,
1930,0.74,0.32,screened_best,True,True,False,45.875443808301235,0.38229536506917694,1330.4467918544483,7.047566425496911e-15,1.9917275163386006e-14,True,3,0.6452834022206462,
1930,0.74,0.32,bounded_attempt,False,True,False,10.0,0.08333333333333333,875.0246512751629,0.0036458529778490593,0.1390672246491921,True,5,0.6452834022206444,True
1930,0.74,0.32,selected,True,True,False,45.875443808301235,0.38229536506917694,1330.4467918544483,7.047566425496911e-15,1.9917275163386006e-14,True,3,0.6452834022206462,
1959,0.6,0.34,baseline,True,True,False,13.058689736964517,0.10882241447470431,383.32427034462313,1.4915568467607273e-14,8.651513598060332e-14,True,5,0.9925934801618954,
1959,0.6,0.34,local,True,True,False,13.058689736964517,0.10882241447470431,383.32427034462313,1.4915568467607273e-14,8.651513598060332e-14,True,5,0.9925934801618954,
1959,0.6,0.34,multistart,True,False,False,1.829812768403265,0.015248439736693875,104.51887527898975,1.45348081584753e-14,8.709182873845886e-14,True,4,0.9352123112423536,
1959,0.6,0.34,graph,True,False,False,1.829812768403265,0.015248439736693875,104.51887527898975,1.45348081584753e-14,8.709182873845886e-14,True,4,0.9352123112423536,
1959,0.6,0.34,best,True,False,False,1.8298127684032117,0.015248439736693431,104.5188752809338,6.057141688996291e-16,2.0233985953781787e-15,True,4,0.9925934801619036,
1959,0.6,0.34,screened_graph,True,True,False,13.058689736964517,0.10882241447470431,383.32427034461034,1.1024520224773238e-14,7.901836431566926e-14,True,5,0.4912224437686499,
1959,0.6,0.34,screened_best,True,True,False,13.05868973696441,0.10882241447470342,383.32427034448244,2.698007564445659e-15,3.8710573548093695e-14,True,5,0.9925934801619047,
1959,0.6,0.34,bounded_attempt,False,True,False,9.999999999999964,0.08333333333333304,440.77694030957775,0.0002467315213778339,0.014373959059036195,True,5,0.9925934801597296,True
1959,0.6,0.34,selected,True,True,False,13.05868973696441,0.10882241447470342,383.32427034448244,2.698007564445659e-15,3.8710573548093695e-14,True,5,0.9925934801619047,
1960,0.62,0.34,baseline,True,True,False,16.314508191739918,0.13595423493116598,562.0429381671642,8.182577181465102e-15,5.095454800856597e-14,True,5,1.064967731858074,
1960,0.62,0.34,local,True,True,False,16.314508191739918,0.13595423493116598,562.0429381671642,8.182577181465102e-15,5.095454800856597e-14,True,5,1.064967731858074,
1960,0.62,0.34,multistart,True,False,False,1.773725575076952,0.0147810464589746,101.47010400582684,1.1687437534364658e-14,6.444111712879315e-14,True,4,1.0703941037170037,
1960,0.62,0.34,graph,True,False,False,1.7737255750770586,0.014781046458975489,101.47010400355185,1.512515893754744e-14,9.353125126956108e-14,True,4,0.898669654248879,
1960,0.62,0.34,best,True,False,False,1.773725575076952,0.0147810464589746,101.47010400582684,1.1687437534364658e-14,6.444111712879315e-14,True,4,1.0703941037170037,
1960,0.62,0.34,screened_graph,True,True,False,16.314508191739918,0.13595423493116598,562.0429381671642,8.182577181465102e-15,5.095454800856597e-14,True,5,1.064967731858074,
1960,0.62,0.34,screened_best,True,True,False,16.314508191739918,0.13595423493116598,562.0429381668667,1.1872899644884631e-14,7.399875512999008e-14,True,5,0.4712119527577494,
1960,0.62,0.34,bounded_attempt,False,True,False,9.999999999999964,0.08333333333333304,588.3893451086934,0.0007869060870912368,0.04566753960417484,True,5,0.4712119527577494,True
1960,0.62,0.34,selected,True,True,False,16.314508191739918,0.13595423493116598,562.0429381668667,1.1872899644884631e-14,7.399875512999008e-14,True,5,0.4712119527577494,
1961,0.64,0.34,baseline,True,True,False,23.65392064718698,0.19711600539322482,816.4735217113133,1.447149202427699e-14,8.568972521114759e-14,True,5,1.0038337045486907,
1961,0.64,0.34,local,True,True,False,23.65392064718698,0.19711600539322482,816.4735217113133,1.447149202427699e-14,8.568972521114759e-14,True,5,1.0038337045486907,
1961,0.64,0.34,multistart,True,False,False,1.712383753433322,0.01426986461194435,98.42521527357349,2.03800783254262e-14,1.1653709528445042e-13,True,4,0.8601990574782423,
1961,0.64,0.34,graph,True,False,False,1.712383753433322,0.01426986461194435,98.42521527357349,2.03800783254262e-14,1.1653709528445042e-13,True,4,0.8601990574782423,
1961,0.64,0.34,best,True,False,False,1.712383753433322,0.01426986461194435,98.42521527357349,2.03800783254262e-14,1.1653709528445042e-13,True,4,0.8601990574782423,
1961,0.64,0.34,screened_graph,True,True,False,23.65392064718698,0.19711600539322482,816.4735217113133,1.447149202427699e-14,8.568972521114759e-14,True,5,1.0038337045486907,
1961,0.64,0.34,screened_best,True,True,False,23.65392064718698,0.19711600539322482,816.4735217113133,1.447149202427699e-14,8.568972521114759e-14,True,5,1.0038337045486907,
1961,0.64,0.34,bounded_attempt,False,True,False,9.999999999999964,0.08333333333333304,1317.8280442574476,0.0016416738548886225,0.08982848041301857,True,5,1.0038337045486951,True
1961,0.64,0.34,selected,True,True,False,23.65392064718698,0.19711600539322482,816.4735217113133,1.447149202427699e-14,8.568972521114759e-14,True,5,1.0038337045486907,
1962,0.66,0.34,baseline,True,True,False,36.91722742383501,0.30764356186529174,1363.5134979756785,1.200325159144935e-14,7.500284683616285e-14,True,5,0.7920933364778726,
1962,0.66,0.34,local,True,True,False,36.91722742383501,0.30764356186529174,1363.5134979756785,1.200325159144935e-14,7.500284683616285e-14,True,5,0.7920933364778726,
1962,0.66,0.34,multistart,True,False,False,1.6938427444050674,0.014115356203375562,97.23644386448669,1.6909411041653565e-14,8.97830509821736e-14,True,3,1.239311525401808,
1962,0.66,0.34,graph,True,False,False,1.6938427444050674,0.014115356203375562,97.2364438644675,1.6700653472100978e-14,4.725595448762777e-13,True,3,0.0370347562650295,
1962,0.66,0.34,best,True,False,False,1.6938427444050674,0.014115356203375562,97.23644386446591,1.3009639638081844e-15,3.964974631958954e-15,True,3,1.2393115254018066,
1962,0.66,0.34,screened_graph,True,True,False,36.91722742383501,0.30764356186529174,1363.5134979756785,1.200325159144935e-14,7.500284683616285e-14,True,5,0.7920933364778726,
1962,0.66,0.34,screened_best,True,True,False,36.917227423834156,0.30764356186528463,1363.5134979756017,2.1253740279117507e-14,2.617869821634406e-13,True,5,0.4354331452561233,
1962,0.66,0.34,bounded_attempt,False,True,False,9.999999999999964,0.08333333333333304,939.4710753602844,0.002772945381672023,0.14259645300902896,True,5,0.4432977914926024,True
1962,0.66,0.34,selected,True,True,False,36.917227423834156,0.30764356186528463,1363.5134979756017,2.1253740279117507e-14,2.617869821634406e-13,True,5,0.4354331452561233,
1963,0.68,0.34,baseline,True,True,False,55.53267280303306,0.4627722733586088,2141.1964627414663,9.892828516353741e-15,6.293112190996323e-14,True,5,0.5608662655489773,
1963,0.68,0.34,local,True,True,False,55.53267280303306,0.4627722733586088,2141.1964627414663,9.892828516353741e-15,6.293112190996323e-14,True,5,0.5608662655489773,
1963,0.68,0.34,multistart,True,False,False,1.7494398177356985,0.014578665147797487,95.12080687900806,2.14116232085676e-14,1.0921528450115257e-13,True,3,1.3316800784603544,
1963,0.68,0.34,graph,True,False,False,1.7494398177360615,0.014578665147800512,95.12080687898917,2.267961735998425e-14,1.1413063455316728e-13,True,3,0.7768058583884594,
1963,0.68,0.34,best,True,False,False,1.7494398177356985,0.014578665147797487,95.12080687898887,1.833053527056659e-14,6.369565564108568e-14,True,3,1.3316800784603533,
1963,0.68,0.34,screened_graph,True,True,False,55.53267280303158,0.4627722733585965,2141.196462744571,2.224113695088589e-14,1.2368046428708686e-13,True,5,1.3316800784603575,
1963,0.68,0.34,screened_best,True,True,False,55.53267280303135,0.4627722733585946,2141.1964627420098,4.2747190916300094e-15,2.4816052501088044e-14,True,5,0.4193943873703043,
1963,0.68,0.34,bounded_attempt,False,True,False,9.999999999999964,0.08333333333333304,1292.4052519898446,0.0037112667620754214,0.17581042410010744,True,3,0.41996011997725535,True
1963,0.68,0.34,selected,True,True,False,55.53267280303135,0.4627722733585946,2141.1964627420098,4.2747190916300094e-15,2.4816052501088044e-14,True,5,0.4193943873703043,
1964,0.7000000000000001,0.34,baseline,True,True,False,126.82418931954463,1.0568682443295385,8422.75461176026,2.3071278590443957e-14,1.28690192642996e-13,True,5,0.3716161151513413,
1964,0.7000000000000001,0.34,local,True,True,False,126.82418931954463,1.0568682443295385,8422.75461176026,2.3071278590443957e-14,1.28690192642996e-13,True,5,0.3716161151513413,
1964,0.7000000000000001,0.34,multistart,True,False,False,1.937431591821701,0.016145263265180843,105.52252185352344,3.1729904061881865e-14,1.8120564956317263e-13,True,2,0.7290236053324008,
1964,0.7000000000000001,0.34,graph,True,False,False,1.937431591821901,0.016145263265182508,101.39777797853168,3.6429697879151665e-14,1.4737532502329677e-13,True,2,0.7294521343792475,
1964,0.7000000000000001,0.34,best,True,False,False,1.9374315918212748,0.01614526326517729,101.39777797855558,7.807769715910859e-15,3.0183625401954035e-14,True,2,1.4306407749341667,
1964,0.7000000000000001,0.34,screened_graph,True,True,False,24.6523931764428,0.20543660980369,4030.333093344142,4.113470883864737e-15,3.7157583470259287e-14,True,3,1.172408591901088,
1964,0.7000000000000001,0.34,screened_best,True,True,False,24.652393176435172,0.20543660980362644,4030.333093356652,2.5549244805726082e-14,1.4140452060244356e-13,True,3,0.8244502532392026,
1964,0.7000000000000001,0.34,bounded_attempt,False,True,False,9.999999999999991,0.08333333333333326,2274.813754902169,0.0003183582876689328,0.013839331094079511,True,3,0.8244502532397755,True
1964,0.7000000000000001,0.34,selected,True,True,False,24.652393176435172,0.20543660980362644,4030.333093356652,2.5549244805726082e-14,1.4140452060244356e-13,True,3,0.8244502532392026,
1965,0.72,0.34,baseline,False,False,False,,,,,,,,,
1965,0.72,0.34,local,False,False,False,,,,,,,,,
1965,0.72,0.34,multistart,True,False,False,2.236284763044032,0.018635706358700266,115.98328748284956,1.5504215844821535e-14,5.514563783290628e-14,True,2,1.5380020470891573,
1965,0.72,0.34,graph,True,False,False,2.236284763041274,0.018635706358677284,115.98328748311975,2.559160401663733e-14,7.577920382851319e-14,True,2,1.53800204708916,
1965,0.72,0.34,best,True,False,False,2.2362847630404747,0.018635706358670623,115.98328748313413,2.2462064500461206e-14,1.0852307698560991e-13,True,2,1.4023821506981706,
1965,0.72,0.34,screened_graph,True,True,False,10.130244401368813,0.08441870334474011,459.4299415383631,3.66159060410296e-14,4.658910874315415e-13,True,3,0.390454807234498,
1965,0.72,0.34,screened_best,True,True,False,10.13024440136868,0.084418703344739,459.4299415383375,2.2779669000052738e-14,1.234591002869456e-13,True,3,1.538002047089162,
1965,0.72,0.34,bounded_attempt,True,True,True,9.999999999999964,0.08333333333333304,443.8006135023059,1.4981711760720352e-06,6.465176200482689e-05,True,3,1.5380020470891598,True
1965,0.72,0.34,selected,True,True,True,9.999999999999964,0.08333333333333304,443.8006135023059,1.4981711760720352e-06,6.465176200482689e-05,True,3,1.5380020470891598,True
1966,0.74,0.34,baseline,False,False,False,,,,,,,,,
1966,0.74,0.34,local,False,False,False,,,,,,,,,
1966,0.74,0.34,multistart,True,True,True,6.615055520851488,0.0551254626737624,379.7824505961995,2.1289087391261267e-14,7.086767393850841e-14,True,2,1.65664259404453,
1966,0.74,0.34,graph,True,True,True,6.615055520851488,0.0551254626737624,379.7824505961995,2.1289087391261267e-14,7.086767393850841e-14,True,2,1.65664259404453,
1966,0.74,0.34,best,True,True,True,6.615055520761344,0.0551254626730112,379.7824505851294,2.333698057304794e-14,7.530925169119681e-14,True,2,1.1787284937718274,
1966,0.74,0.34,screened_graph,True,True,True,6.615055520851488,0.0551254626737624,379.7824505961995,2.1289087391261267e-14,7.086767393850841e-14,True,2,1.65664259404453,
1966,0.74,0.34,screened_best,True,True,True,6.615055520761344,0.0551254626730112,379.7824505851294,2.333698057304794e-14,7.530925169119681e-14,True,2,1.1787284937718274,
1966,0.74,0.34,bounded_attempt,True,True,True,6.615055520908941,0.05512546267424117,379.7824506002855,1.1530316057469053e-12,1.2661490941631796e-11,True,2,1.1787284937711489,True
1966,0.74,0.34,selected,True,True,True,6.615055520761344,0.0551254626730112,379.7824505851294,2.333698057304794e-14,7.530925169119681e-14,True,2,1.1787284937718274,
1995,0.6,0.36,baseline,True,True,False,13.16223213331476,0.109685267777623,384.0760247984207,1.603138597385659e-14,9.262004145242753e-14,True,5,1.039114124022167,
1995,0.6,0.36,local,True,True,False,13.16223213331476,0.109685267777623,384.0760247984207,1.603138597385659e-14,9.262004145242753e-14,True,5,1.039114124022167,
1995,0.6,0.36,multistart,True,False,False,1.8067684294815667,0.015056403579013056,104.57515662225241,1.9886710134865535e-14,1.1523667382718696e-13,True,4,1.0391141240221633,
1995,0.6,0.36,graph,True,False,False,1.8067684294817,0.015056403579014166,104.57515662224762,7.975515270579317e-15,3.6555755273988524e-13,True,4,0.11250080911961113,
1995,0.6,0.36,best,True,False,False,1.8067684294815667,0.015056403579013056,104.57515662225241,1.9886710134865535e-14,1.1523667382718696e-13,True,4,1.0391141240221633,
1995,0.6,0.36,screened_graph,True,True,False,13.16223213331508,0.10968526777762566,384.07602479850385,1.1125243522458839e-14,6.751937446873514e-14,True,5,0.5292924369776255,
1995,0.6,0.36,screened_best,True,True,False,13.16223213331476,0.109685267777623,384.0760247984207,1.603138597385659e-14,9.262004145242753e-14,True,5,1.039114124022167,
1995,0.6,0.36,bounded_attempt,False,True,False,9.999999999999964,0.08333333333333304,675.5646530912472,0.000273148899495365,0.015207777839048064,True,5,1.0391141240182766,True
1995,0.6,0.36,selected,True,True,False,13.16223213331476,0.109685267777623,384.0760247984207,1.603138597385659e-14,9.262004145242753e-14,True,5,1.039114124022167,
1996,0.62,0.36,baseline,True,True,False,16.700107939881192,0.1391675661656766,500.2447638787345,1.0759573380440998e-14,6.607654034547459e-14,True,5,1.0565702642529393,
1996,0.62,0.36,local,True,True,False,16.700107939881192,0.1391675661656766,500.2447638787345,1.0759573380440998e-14,6.607654034547459e-14,True,5,1.0565702642529393,
1996,0.62,0.36,multistart,True,False,False,1.7511248449518035,0.01459270704126503,101.72075422098459,1.3467261561983538e-14,6.113360289413757e-13,True,4,0.09129002683123133,
1996,0.62,0.36,graph,True,False,False,1.7511248449551076,0.014592707041292563,101.72075422319722,1.3409964966223708e-14,4.778888868804685e-13,True,4,0.09129002683152354,
1996,0.62,0.36,best,True,False,False,1.7511248449518035,0.01459270704126503,101.72075422098459,1.3467261561983538e-14,6.113360289413757e-13,True,4,0.09129002683123133,
1996,0.62,0.36,screened_graph,True,True,False,16.700107939879807,0.13916756616566506,500.2447638788496,1.8075337818523937e-14,1.0903187690987575e-13,True,5,0.5082811404284824,
1996,0.62,0.36,screened_best,True,True,False,16.700107939875757,0.1391675661656313,500.244763878824,2.6749233501892086e-15,1.3006160263712119e-14,True,5,1.0565702642529393,
1996,0.62,0.36,bounded_attempt,False,True,False,9.999999999999964,0.08333333333333304,896.2364804962853,0.0007796282330193864,0.043420677709346774,True,5,1.0565702642529446,True
1996,0.62,0.36,selected,True,True,False,16.700107939875757,0.1391675661656313,500.244763878824,2.6749233501892086e-15,1.3006160263712119e-14,True,5,1.0565702642529393,
1997,0.64,0.36,baseline,True,True,False,21.875446043032944,0.1822953836919412,664.0827257354474,1.919722970134747e-14,1.1286417337561781e-13,True,5,0.9937776268406893,
1997,0.64,0.36,local,True,True,False,21.875446043032944,0.1822953836919412,664.0827257354474,1.919722970134747e-14,1.1286417337561781e-13,True,5,0.9937776268406893,
1997,0.64,0.36,multistart,True,False,False,1.6890928473658562,0.014075773728048802,98.8414864247801,2.1212819455776296e-14,1.2198854160547864e-13,True,4,0.8430452195948703,
1997,0.64,0.36,graph,True,False,False,1.6890928473658562,0.014075773728048802,98.8414864247801,2.1212819455776296e-14,1.2198854160547864e-13,True,4,0.8430452195948703,
1997,0.64,0.36,best,True,False,False,1.6890928473658295,0.01407577372804858,98.84148642784005,1.7944789959805767e-15,7.314602186968814e-15,True,4,1.1993086467278633,
1997,0.64,0.36,screened_graph,True,True,False,21.875446043032944,0.1822953836919412,664.0827257354474,1.919722970134747e-14,1.1286417337561781e-13,True,5,0.9937776268406893,
1997,0.64,0.36,screened_best,True,True,False,21.875446043032944,0.1822953836919412,664.0827257354474,1.919722970134747e-14,1.1286417337561781e-13,True,5,0.9937776268406893,
1997,0.64,0.36,bounded_attempt,False,True,False,9.999999999999964,0.08333333333333304,1077.24986890969,0.0015267092539164968,0.0804664339360961,True,5,0.9937776268407017,True
1997,0.64,0.36,selected,True,True,False,21.875446043032944,0.1822953836919412,664.0827257354474,1.919722970134747e-14,1.1286417337561781e-13,True,5,0.9937776268406893,
1998,0.66,0.36,baseline,True,True,False,27.76144604991643,0.23134538374930358,1127.0027975557298,2.2166194213805863e-14,1.3104013365104376e-13,True,5,0.7986438835621206,
1998,0.66,0.36,local,True,True,False,27.76144604991643,0.23134538374930358,1127.0027975557298,2.2166194213805863e-14,1.3104013365104376e-13,True,5,0.7986438835621206,
1998,0.66,0.36,multistart,True,False,False,1.6875285639449267,0.014062738032874389,97.65464400363868,2.4162914414717614e-14,1.304546430533644e-13,True,2,0.8035003687277866,
1998,0.66,0.36,graph,True,False,False,1.6875285639449267,0.014062738032874389,97.65464400363868,2.4162914414717614e-14,1.304546430533644e-13,True,2,0.8035003687277866,
1998,0.66,0.36,best,True,False,False,1.6875285639449267,0.014062738032874389,97.65464400363868,2.4162914414717614e-14,1.304546430533644e-13,True,2,0.8035003687277866,
1998,0.66,0.36,screened_graph,True,True,False,27.76144604986186,0.23134538374884883,1127.00279755384,1.2363823889635679e-14,6.618415444642835e-14,True,5,0.47055671195989834,
1998,0.66,0.36,screened_best,True,True,False,27.76144604986186,0.23134538374884883,1127.00279755384,1.2363823889635679e-14,6.618415444642835e-14,True,5,0.47055671195989834,
1998,0.66,0.36,bounded_attempt,False,True,False,9.999999999999964,0.08333333333333304,1525.4228957387013,0.002419507296296603,0.121009181353956,True,5,0.476423151559076,True
1998,0.66,0.36,selected,True,True,False,27.76144604986186,0.23134538374884883,1127.00279755384,1.2363823889635679e-14,6.618415444642835e-14,True,5,0.47055671195989834,
1999,0.68,0.36,baseline,True,True,False,39.51702063350698,0.32930850527922484,1186.7821059620355,2.6423307986078726e-14,1.529005524978361e-13,True,5,0.6021303257690063,
1999,0.68,0.36,local,True,True,False,39.51702063350698,0.32930850527922484,1186.7821059620355,2.6423307986078726e-14,1.529005524978361e-13,True,5,0.6021303257690063,
1999,0.68,0.36,multistart,True,False,False,1.8448348100809397,0.015373623417341165,94.66072003487476,2.2800491618133102e-14,1.0717780107247288e-13,True,2,1.3807444741795778,
1999,0.68,0.36,graph,True,False,False,1.844834810081073,0.015373623417342275,94.66072003107939,3.1528379220764574e-14,1.5722763674771675e-13,True,2,0.758236723752324,
1999,0.68,0.36,best,True,False,False,1.844834810080167,0.015373623417334725,94.92398831969135,1.1626646303797207e-14,3.975839736663696e-14,True,2,1.3807444741795758,
1999,0.68,0.36,screened_graph,True,True,False,39.51702063350698,0.32930850527922484,1186.7821059620355,2.6423307986078726e-14,1.529005524978361e-13,True,5,0.6021303257690063,
1999,0.68,0.36,screened_best,True,True,False,39.517020633506505,0.32930850527922084,1186.7821059619846,5.9769297597052255e-15,3.817724279791675e-14,True,5,0.07140200071981262,
1999,0.68,0.36,bounded_attempt,False,True,False,9.999999999999964,0.08333333333333304,1089.8256675608636,0.0032081122154776153,0.1472036210145724,True,5,0.04942060609735055,True
1999,0.68,0.36,selected,True,True,False,39.517020633506505,0.32930850527922084,1186.7821059619846,5.9769297597052255e-15,3.817724279791675e-14,True,5,0.07140200071981262,
2000,0.7000000000000001,0.36,baseline,True,True,False,64.53580558712763,0.5377983798927302,3037.569066624573,1.0446315224274733e-14,6.568429108689205e-14,True,5,0.43015961585319573,
2000,0.7000000000000001,0.36,local,True,True,False,64.53580558712763,0.5377983798927302,3037.569066624573,1.0446315224274733e-14,6.568429108689205e-14,True,5,0.43015961585319573,
2000,0.7000000000000001,0.36,multistart,True,False,False,2.074687298004747,0.017289060816706225,104.39364187168465,1.6134275758744203e-14,6.530458675369028e-14,True,2,1.4820266606774732,
2000,0.7000000000000001,0.36,graph,True,False,False,2.074687298003548,0.017289060816696233,104.39364187172302,1.6654178015830175e-14,7.166006845559557e-14,True,2,1.482026660677474,
2000,0.7000000000000001,0.36,best,True,False,False,2.0746872980034414,0.017289060816695345,104.39364187172782,2.22983231481543e-14,5.660064604351071e-14,True,2,1.4347969703698462,
2000,0.7000000000000001,0.36,screened_graph,True,True,False,64.53580558712763,0.5377983798927302,3037.569066624573,1.0446315224274733e-14,6.568429108689205e-14,True,5,0.43015961585319573,
2000,0.7000000000000001,0.36,screened_best,True,True,False,64.53580558711867,0.5377983798926556,3037.5690666235323,1.3056454064006585e-14,9.007600771664401e-14,True,5,0.04980390306235538,
2000,0.7000000000000001,0.36,bounded_attempt,False,True,False,9.999999999999964,0.08333333333333304,1641.0968597944545,0.0038217537674382243,0.15752958345354878,True,5,0.008780131570921945,True
2000,0.7000000000000001,0.36,selected,True,True,False,64.53580558711867,0.5377983798926556,3037.5690666235323,1.3056454064006585e-14,9.007600771664401e-14,True,5,0.04980390306235538,
2001,0.72,0.36,baseline,True,True,False,112.17709564979663,0.9348091304149718,7342.313546843944,1.0849838762708407e-14,3.651480112064952e-14,True,5,1.592732520603016,
2001,0.72,0.36,local,True,True,False,112.17709564979663,0.9348091304149718,7342.313546843944,1.0849838762708407e-14,3.651480112064952e-14,True,5,1.592732520603016,
2001,0.72,0.36,multistart,True,True,True,2.4501387751263337,0.02041782312605278,139.240256621445,3.360691354514666e-14,1.4273526047605802e-13,True,2,0.6550374709527462,
2001,0.72,0.36,graph,True,True,True,2.4501387751263337,0.02041782312605278,139.240256621445,3.360691354514666e-14,1.4273526047605802e-13,True,2,0.6550374709527462,
2001,0.72,0.36,best,True,True,True,2.450138775115942,0.020417823125966184,139.24025662463288,2.6155355898897462e-14,1.3380461201393325e-13,True,2,1.3086983150329061,
2001,0.72,0.36,screened_graph,True,True,True,2.4501387751263337,0.02041782312605278,139.240256621445,3.360691354514666e-14,1.4273526047605802e-13,True,2,0.6550374709527462,
2001,0.72,0.36,screened_best,True,True,True,2.450138775115942,0.020417823125966184,139.24025662463288,2.6155355898897462e-14,1.3380461201393325e-13,True,2,1.3086983150329061,
2001,0.72,0.36,bounded_attempt,True,True,True,2.4501387751050707,0.02041782312587559,139.2402570000078,1.3549112542436723e-12,9.738975840021128e-12,True,2,1.3086983150329035,True
2001,0.72,0.36,selected,True,True,True,2.4501387751050707,0.02041782312587559,139.2402570000078,1.3549112542436723e-12,9.738975840021128e-12,True,2,1.3086983150329035,True
2031,0.6,0.38,baseline,True,True,False,13.018047739082945,0.10848373115902454,356.43024682840263,9.152945527910087e-15,5.4825788790698004e-14,True,5,1.0896862980607855,
2031,0.6,0.38,local,True,True,False,13.018047739082945,0.10848373115902454,356.43024682840263,9.152945527910087e-15,5.4825788790698004e-14,True,5,1.0896862980607855,
2031,0.6,0.38,multistart,True,False,False,1.7781649187416804,0.014818040989514003,104.37903230202181,1.6950909717859407e-14,8.340981919682092e-14,True,4,0.9042322923582029,
2031,0.6,0.38,graph,True,False,False,1.7781649187416804,0.014818040989514003,104.37903230202181,1.6950909717859407e-14,8.340981919682092e-14,True,4,0.9042322923582029,
2031,0.6,0.38,best,True,False,False,1.778164918741667,0.014818040989513892,104.37903230411455,9.992007221626409e-16,3.683062655664607e-15,True,4,1.089686298060794,
2031,0.6,0.38,screened_graph,True,True,False,13.018047739082945,0.10848373115902454,356.43024682836744,1.4412602127368592e-14,8.616603765813439e-14,True,5,0.5652467289999148,
2031,0.6,0.38,screened_best,True,True,False,13.018047739082625,0.10848373115902188,356.4302468282779,6.451544589175463e-15,6.551987720331639e-14,True,5,1.0896862980607949,
2031,0.6,0.38,bounded_attempt,False,True,False,9.999999999999964,0.08333333333333304,352.28543137430324,0.00024220915611624164,0.013066253787518268,True,5,1.0896862980555695,True
2031,0.6,0.38,selected,True,True,False,13.018047739082625,0.10848373115902188,356.4302468282779,6.451544589175463e-15,6.551987720331639e-14,True,5,1.0896862980607949,
2032,0.62,0.38,baseline,True,True,False,15.69973986969476,0.13083116558078967,452.4896598572951,1.712804644671154e-14,9.998759916751102e-14,True,5,1.0421644536251868,
2032,0.62,0.38,local,True,True,False,15.69973986969476,0.13083116558078967,452.4896598572951,1.712804644671154e-14,9.998759916751102e-14,True,5,1.0421644536251868,
2032,0.62,0.38,multistart,True,False,False,1.7223404375995344,0.01435283697999612,101.71494396891632,1.8927069172397213e-14,1.0271882275594834e-13,True,4,0.8658434831861426,
2032,0.62,0.38,graph,True,False,False,1.7223404375995344,0.01435283697999612,101.71494396891632,1.8927069172397213e-14,1.0271882275594834e-13,True,4,0.8658434831861426,
2032,0.62,0.38,best,True,False,False,1.7223404375995344,0.01435283697999612,101.71494396891632,1.8927069172397213e-14,1.0271882275594834e-13,True,4,0.8658434831861426,
2032,0.62,0.38,screened_graph,True,True,False,15.69973986969412,0.13083116558078434,452.4896598572056,1.079945158127342e-14,6.60631224197096e-14,True,5,0.5438016548852413,
2032,0.62,0.38,screened_best,True,True,False,15.69973986969412,0.13083116558078434,452.4896598572056,1.079945158127342e-14,6.60631224197096e-14,True,5,0.5438016548852413,
2032,0.62,0.38,bounded_attempt,False,True,False,9.999999999999964,0.08333333333333304,563.3292879630425,0.0007311954116765212,0.03901389928574872,True,5,0.5450955707996936,True
2032,0.62,0.38,selected,True,True,False,15.69973986969412,0.13083116558078434,452.4896598572056,1.079945158127342e-14,6.60631224197096e-14,True,5,0.5438016548852413,
2033,0.64,0.38,baseline,True,True,False,18.59338437616323,0.15494486980136024,647.6840256606082,1.781458274751321e-14,1.064881463708252e-13,True,5,0.9751514520264575,
2033,0.64,0.38,local,True,True,False,18.59338437616323,0.15494486980136024,647.6840256606082,1.781458274751321e-14,1.064881463708252e-13,True,5,0.9751514520264575,
2033,0.64,0.38,multistart,True,False,False,1.6587155134987341,0.013822629279156118,98.99500363780191,2.1907027653472044e-14,1.2605299191899963e-13,True,4,0.8253085251534991,
2033,0.64,0.38,graph,True,False,False,1.6587155134988407,0.013822629279157006,98.99500363818561,2.29274495147829e-14,1.2423251334090735e-13,True,4,0.8253085251534991,
2033,0.64,0.38,best,True,False,False,1.6587155134987341,0.013822629279156118,98.99500363780191,2.1907027653472044e-14,1.2605299191899963e-13,True,4,0.8253085251534991,
2033,0.64,0.38,screened_graph,True,True,False,18.59338437616003,0.1549448698013336,647.6840256601288,2.360849517478306e-14,1.389430358849803e-13,True,5,0.5235160949880493,
2033,0.64,0.38,screened_best,True,True,False,18.593384376159072,0.1549448698013256,647.6840256583444,4.156298982168601e-15,2.5095603425309246e-14,True,5,0.9751514520264575,
2033,0.64,0.38,bounded_attempt,False,True,False,9.999999999999964,0.08333333333333304,1088.770995519387,0.0013556287172593634,0.06911099199285954,True,5,0.9751514520264637,True
2033,0.64,0.38,selected,True,True,False,18.593384376159072,0.1549448698013256,647.6840256583444,4.156298982168601e-15,2.5095603425309246e-14,True,5,0.9751514520264575,
2034,0.66,0.38,baseline,True,True,False,23.574017895740518,0.19645014913117098,821.5546438408368,2.2388136604698087e-14,1.3158054881220577e-13,True,5,0.7925850214067358,
2034,0.66,0.38,local,True,True,False,23.574017895740518,0.19645014913117098,821.5546438408368,2.2388136604698087e-14,1.3158054881220577e-13,True,5,0.7925850214067358,
2034,0.66,0.38,multistart,True,False,False,1.7796658709356805,0.014830548924464004,97.79440148369787,2.340761166737179e-14,1.1828505272593578e-13,True,2,1.3393219886011762,
2034,0.66,0.38,graph,True,False,False,1.7796658709358404,0.014830548924465337,97.79440148051322,2.5175883012156592e-14,1.3315994362378274e-13,True,2,0.7855454816228065,
2034,0.66,0.38,best,True,False,False,1.7796658709354674,0.014830548924462228,96.1632787380875,8.033033731888309e-15,2.665264104678359e-14,True,2,1.3393219886011765,
2034,0.66,0.38,screened_graph,True,True,False,23.574017895740518,0.19645014913117098,821.5546438408368,2.2388136604698087e-14,1.3158054881220577e-13,True,5,0.7925850214067358,
2034,0.66,0.38,screened_best,True,True,False,23.57401789573988,0.19645014913116565,821.5546438546307,1.8201648545597398e-14,1.1131745136917198e-13,True,5,0.12014510351635987,
2034,0.66,0.38,bounded_attempt,False,True,False,9.999999999999964,0.08333333333333304,920.5262883897354,0.002116242789740487,0.10186394663443817,True,5,0.11364174288924644,True
2034,0.66,0.38,selected,True,True,False,23.57401789573988,0.19645014913116565,821.5546438546307,1.8201648545597398e-14,1.1131745136917198e-13,True,5,0.12014510351635987,
2035,0.68,0.38,baseline,True,True,False,32.92871136474833,0.2744059280395694,910.6513920137829,2.0933592962943154e-14,1.1886045743954214e-13,True,5,0.6178361054310733,
2035,0.68,0.38,local,True,True,False,32.92871136474833,0.2744059280395694,910.6513920137829,2.0933592962943154e-14,1.1886045743954214e-13,True,5,0.6178361054310733,
2035,0.68,0.38,multistart,True,False,False,1.9667056794968474,0.01638921399580706,97.59293636968245,1.6405423631239384e-14,1.0015290272975393e-13,True,2,0.07885213921327772,
2035,0.68,0.38,graph,True,False,False,1.9667056794970206,0.016389213995808505,97.59293636970163,4.774397911094108e-14,1.7826079489039958e-13,True,2,0.7387794371213774,
2035,0.68,0.38,best,True,False,False,1.966705679496088,0.016389213995800733,97.59293636969684,1.5411919126351885e-14,9.134024076068716e-14,True,2,1.4347848973901727,
2035,0.68,0.38,screened_graph,True,True,False,32.928711364735435,0.27440592803946195,910.6513920090187,2.5840604867196224e-14,1.7497969388215425e-13,True,5,0.09648660776096296,
2035,0.68,0.38,screened_best,True,True,False,32.928711364735435,0.27440592803946195,910.6513920090187,2.5840604867196224e-14,1.7497969388215425e-13,True,5,0.09648660776096296,
2035,0.68,0.38,bounded_attempt,False,True,False,9.999999999999964,0.08333333333333304,1270.1502367833918,0.0028158960026422545,0.12462662902214938,True,5,0.08058806424705356,True
2035,0.68,0.38,selected,True,True,False,32.928711364735435,0.27440592803946195,910.6513920090187,2.5840604867196224e-14,1.7497969388215425e-13,True,5,0.09648660776096296,
2036,0.7000000000000001,0.38,baseline,True,True,False,43.324194188637755,0.3610349515719813,1390.1633043943718,2.8397969040289965e-15,5.587062601262388e-14,True,5,0.4584916019695475,
2036,0.7000000000000001,0.38,local,True,True,False,43.324194188637755,0.3610349515719813,1390.1633043943718,2.8397969040289965e-15,5.587062601262388e-14,True,5,0.4584916019695475,
2036,0.7000000000000001,0.38,multistart,True,True,True,2.2509293658582097,0.01875774471548508,121.145494720321,2.1886622149518485e-14,1.2175310074520353e-13,True,2,0.6852692720837474,
2036,0.7000000000000001,0.38,graph,True,False,False,2.250929365855452,0.0187577447154621,121.14549472040252,2.9518002470512076e-14,7.077557637960943e-14,True,2,1.5387442695785145,
2036,0.7000000000000001,0.38,best,True,True,True,2.250929365854919,0.018757744715457658,121.14549472059598,2.7179611106205058e-14,1.4798773376240345e-13,True,2,1.3532535625512274,
2036,0.7000000000000001,0.38,screened_graph,True,True,True,2.2509293658549856,0.018757744715458213,121.14549472047607,2.479741282908228e-14,9.386856444685385e-14,True,2,1.3532535625512248,
2036,0.7000000000000001,0.38,screened_best,True,True,True,2.250929365854919,0.018757744715457658,121.14549472059598,2.7179611106205058e-14,1.4798773376240345e-13,True,2,1.3532535625512274,
2036,0.7000000000000001,0.38,bounded_attempt,True,True,True,2.2509293658485507,0.01875774471540459,121.14549468834817,2.751824491122454e-12,2.3359859737639403e-11,True,2,1.3532535626069713,True
2036,0.7000000000000001,0.38,selected,True,True,True,2.2509293658485507,0.01875774471540459,121.14549468834817,2.751824491122454e-12,2.3359859737639403e-11,True,2,1.3532535626069713,True
2067,0.6,0.4,baseline,True,True,False,12.35756183029661,0.10297968191913842,347.5253107552149,1.532127886586656e-14,8.994904979325035e-14,True,5,1.08122629280874,
2067,0.6,0.4,local,True,True,False,12.35756183029661,0.10297968191913842,347.5253107552149,1.532127886586656e-14,8.994904979325035e-14,True,5,1.08122629280874,
2067,0.6,0.4,multistart,True,False,False,1.7436713707732565,0.014530594756443804,103.94375365988999,1.6970985507369802e-14,9.706910056528455e-14,True,4,1.1444517586305636,
2067,0.6,0.4,graph,True,False,False,1.7436713707733897,0.014530594756444914,103.94375366058544,5.4344963438380735e-15,2.1963842129893806e-13,True,4,0.2009706907947475,
2067,0.6,0.4,best,True,False,False,1.7436713707732565,0.014530594756443804,103.94375365988999,1.6970985507369802e-14,9.706910056528455e-14,True,4,1.1444517586305636,
2067,0.6,0.4,screened_graph,True,True,False,12.357561830296557,0.10297968191913798,347.52531075517334,1.5079939103640696e-14,8.685184093604468e-14,True,5,1.1444517586305645,
2067,0.6,0.4,screened_best,True,True,False,12.357561830296184,0.10297968191913487,347.52531075515094,3.3839044131518772e-15,2.183292230644951e-14,True,5,1.08122629280874,
2067,0.6,0.4,bounded_attempt,False,True,False,9.999999999999964,0.08333333333333304,535.942795918043,0.00022028262975242377,0.01151117119587937,True,5,1.0812262928087524,True
2067,0.6,0.4,selected,True,True,False,12.357561830296184,0.10297968191913487,347.52531075515094,3.3839044131518772e-15,2.183292230644951e-14,True,5,1.08122629280874,
2068,0.62,0.4,baseline,True,True,False,14.126796043631948,0.11772330036359957,448.3734676160964,1.6040513632496705e-14,9.492200275351498e-14,True,5,1.0210852901143337,
2068,0.62,0.4,local,True,True,False,14.126796043631948,0.11772330036359957,448.3734676160964,1.6040513632496705e-14,9.492200275351498e-14,True,5,1.0210852901143337,
2068,0.62,0.4,multistart,True,False,False,1.6867723176501404,0.014056435980417836,101.45755054070183,1.628294510682989e-14,8.253567155350704e-14,True,4,1.2229737020959053,
2068,0.62,0.4,graph,True,False,False,1.686772317650167,0.014056435980418058,101.45755053818704,1.9105616552407407e-14,1.0149849879686453e-13,True,4,0.8485963566104004,
2068,0.62,0.4,best,True,False,False,1.6867723176501404,0.014056435980417836,101.45755054070183,1.628294510682989e-14,8.253567155350704e-14,True,4,1.2229737020959053,
2068,0.62,0.4,screened_graph,True,True,False,14.126796043632321,0.11772330036360268,448.37346761617954,1.5461724147869468e-14,9.025015875354763e-14,True,5,1.2229737020959244,
2068,0.62,0.4,screened_best,True,True,False,14.126796043631948,0.11772330036359957,448.3734676160964,1.6040513632496705e-14,9.492200275351498e-14,True,5,1.0210852901143337,
2068,0.62,0.4,bounded_attempt,False,True,False,9.999999999999964,0.08333333333333304,611.667432203658,0.0006274646592874363,0.03222953978022236,True,5,1.021085290114379,True
2068,0.62,0.4,selected,True,True,False,14.126796043631948,0.11772330036359957,448.3734676160964,1.6040513632496705e-14,9.492200275351498e-14,True,5,1.0210852901143337,
2069,0.64,0.4,baseline,True,True,False,17.078947514791878,0.14232456262326565,564.0451790829119,2.139996278931544e-14,1.2676115835510591e-13,True,5,0.9395720030586778,
2069,0.64,0.4,local,True,True,False,17.078947514791878,0.14232456262326565,564.0451790829119,2.139996278931544e-14,1.2676115835510591e-13,True,5,0.9395720030586778,
2069,0.64,0.4,multistart,True,False,False,1.7328549214233302,0.014440457678527752,100.25375222152118,2.4678000330629142e-14,1.2814292415395887e-13,True,2,1.3068136099372631,
2069,0.64,0.4,graph,True,False,False,1.7328549214235167,0.014440457678529306,100.25375221897121,2.3214880254309885e-14,1.2079686340204147e-13,True,2,0.811675803775632,
2069,0.64,0.4,best,True,False,False,1.7328549214231437,0.014440457678526197,98.88098447010734,3.4192345831206546e-15,1.7450760840712085e-14,True,2,1.3068136099372611,
2069,0.64,0.4,screened_graph,True,True,False,17.07894751479273,0.14232456262327275,564.0451790831037,2.2376296492268935e-14,1.3347529238791877e-13,True,5,0.5566402806223101,
2069,0.64,0.4,screened_best,True,True,False,17.078947514791878,0.14232456262326565,564.0451790829119,2.139996278931544e-14,1.2676115835510591e-13,True,5,0.9395720030586778,
2069,0.64,0.4,bounded_attempt,False,True,False,9.999999999999964,0.08333333333333304,1174.6344333319862,0.001172476802827949,0.05756901994166079,True,5,0.939572003058661,True
2069,0.64,0.4,selected,True,True,False,17.078947514791878,0.14232456262326565,564.0451790829119,2.139996278931544e-14,1.2676115835510591e-13,True,5,0.9395720030586778,
2070,0.66,0.4,baseline,True,True,False,21.97799157111099,0.18314992975925826,609.9299135792108,1.3213519782342979e-14,7.931773325476582e-14,True,5,0.7735656278268808,
2070,0.66,0.4,local,True,True,False,21.97799157111099,0.18314992975925826,609.9299135792108,1.3213519782342979e-14,7.931773325476582e-14,True,5,0.7735656278268808,
2070,0.66,0.4,multistart,True,False,False,1.8915350789936447,0.01576279232494704,96.14961904387656,3.5296057372717903e-14,1.4428582285717537e-13,True,2,0.7623220977407623,
2070,0.66,0.4,graph,True,False,False,1.891535078993818,0.015762792324948482,97.63897781651991,4.8515158302559824e-14,1.905217034946062e-13,True,2,0.7667329072559168,
2070,0.66,0.4,best,True,False,False,1.891535078993205,0.015762792324943375,96.14961904724187,1.1281335568673576e-14,6.74025095374964e-14,True,2,1.3968936468901438,
2070,0.66,0.4,screened_graph,True,True,False,21.97799157111099,0.18314992975925826,609.9299135792108,1.3213519782342979e-14,7.931773325476582e-14,True,5,0.7735656278268808,
2070,0.66,0.4,screened_best,True,True,False,21.977991571094684,0.18314992975912237,609.9299135746513,1.4490005531580376e-14,6.89160942508695e-14,True,5,0.5371891618337266,
2070,0.66,0.4,bounded_attempt,False,True,False,9.999999999999964,0.08333333333333304,987.2212864633781,0.001900158355054082,0.08681276453080884,True,5,0.539341414048149,True
2070,0.66,0.4,selected,True,True,False,21.977991571094684,0.18314992975912237,609.9299135746513,1.4490005531580376e-14,6.89160942508695e-14,True,5,0.5371891618337266,
2071,0.68,0.4,baseline,True,True,False,26.47477905828591,0.22062315881904926,816.4292299718852,7.857377467657704e-15,1.9362921273425393e-14,True,5,0.6145287104478756,
2071,0.68,0.4,local,True,True,False,26.47477905828591,0.22062315881904926,816.4292299718852,7.857377467657704e-15,1.9362921273425393e-14,True,5,0.6145287104478756,
2071,0.68,0.4,multistart,True,False,False,2.1209650810107794,0.01767470900842316,111.29976793270835,1.9573113061275834e-14,2.1880570944550114e-13,True,2,0.12756450190881452,
2071,0.68,0.4,graph,True,False,False,2.1209650810100733,0.017674709008417278,111.29976793260923,2.2199828297648427e-14,6.336376360083126e-14,True,2,1.4945508846037163,
2071,0.68,0.4,best,True,False,False,2.1209650810096603,0.017674709008413836,111.29976793275472,2.2374850467965048e-14,1.229077884519998e-13,True,2,1.3782203971560616,
2071,0.68,0.4,screened_graph,True,True,False,26.474779058280635,0.2206231588190053,816.4292299709772,3.1865770097060672e-15,1.6200717303540203e-14,True,5,1.4945508846037205,
2071,0.68,0.4,screened_best,True,True,False,26.474779058280635,0.2206231588190053,816.4292299709772,3.1865770097060672e-15,1.6200717303540203e-14,True,5,1.4945508846037205,
2071,0.68,0.4,bounded_attempt,False,True,False,9.999999999999964,0.08333333333333304,1511.5645979799554,0.002427623575850185,0.10279612459564973,True,5,1.494550884603719,True
2071,0.68,0.4,selected,True,True,False,26.474779058280635,0.2206231588190053,816.4292299709772,3.1865770097060672e-15,1.6200717303540203e-14,True,5,1.4945508846037205,
2103,0.6,0.42,baseline,True,True,False,11.447751787281959,0.09539793156068299,343.8699655036544,1.59302496974814e-14,9.378728440524735e-14,True,5,1.0562936135900216,
2103,0.6,0.42,local,True,True,False,11.447751787281959,0.09539793156068299,343.8699655036544,1.59302496974814e-14,9.378728440524735e-14,True,5,1.0562936135900216,
2103,0.6,0.42,multistart,True,False,False,1.7005665220309796,0.014171387683591496,104.28733587624298,2.0525693866042814e-14,1.1447365824998884e-13,True,4,1.2032273564322513,
2103,0.6,0.42,graph,True,False,False,1.7005665220309796,0.014171387683591496,104.28733587624298,2.0525693866042814e-14,1.1447365824998884e-13,True,4,1.2032273564322513,
2103,0.6,0.42,best,True,False,False,1.7005665220309796,0.014171387683591496,104.28733587624298,2.0525693866042814e-14,1.1447365824998884e-13,True,4,1.2032273564322513,
2103,0.6,0.42,screened_graph,True,True,False,11.447751787281746,0.09539793156068122,343.8699655036064,1.5431201454327458e-14,9.136241447281996e-14,True,5,1.203227356432252,
2103,0.6,0.42,screened_best,True,True,False,11.447751787281426,0.09539793156067855,343.86996550357765,4.612856424989611e-15,3.01057560388787e-14,True,5,1.0562936135900216,
2103,0.6,0.42,bounded_attempt,False,True,False,9.999999999999964,0.08333333333333304,309.4696449845088,0.0002063936979686812,0.010177616891436387,True,5,1.056293613590074,True
2103,0.6,0.42,selected,True,True,False,11.447751787281426,0.09539793156067855,343.86996550357765,4.612856424989611e-15,3.01057560388787e-14,True,5,1.0562936135900216,
2104,0.62,0.42,baseline,True,True,False,13.53410399727526,0.11278419997729383,415.7228844345113,2.01177191111048e-14,1.2030789390948532e-13,True,5,0.9918987879580978,
2104,0.62,0.42,local,True,True,False,13.53410399727526,0.11278419997729383,415.7228844345113,2.01177191111048e-14,1.2030789390948532e-13,True,5,0.9918987879580978,
2104,0.62,0.42,multistart,True,False,False,1.6990118943450216,0.01415843245287518,102.06319971372633,2.1893431961919178e-14,1.1736640867641793e-13,True,2,1.2829380712689307,
2104,0.62,0.42,graph,True,False,False,1.699011894345288,0.0141584324528774,102.06319971173912,2.413094709226199e-14,1.2796067559114132e-13,True,2,0.8368453030322556,
2104,0.62,0.42,best,True,False,False,1.6990118943448884,0.01415843245287407,102.06319971371514,3.12099075402874e-15,1.4577277239623935e-14,True,2,1.2829380712689271,
2104,0.62,0.42,screened_graph,True,True,False,13.534103997275206,0.11278419997729339,415.7228844345241,1.9647262127978837e-14,1.1395744057518356e-13,True,5,1.2829380712689324,
2104,0.62,0.42,screened_best,True,True,False,13.534103997275047,0.11278419997729205,415.72288443451447,1.1367729634210914e-14,4.812954761886783e-14,True,5,0.60951816543745,
2104,0.62,0.42,bounded_attempt,False,True,False,9.999999999999964,0.08333333333333304,812.5206482742335,0.0005869772772029056,0.028300852137719133,True,5,0.6121821212548344,True
2104,0.62,0.42,selected,True,True,False,13.534103997275047,0.11278419997729205,415.72288443451447,1.1367729634210914e-14,4.812954761886783e-14,True,5,0.60951816543745,
2105,0.64,0.42,baseline,True,True,False,16.4080423187508,0.13673368598959001,474.42039261181037,1.4263665652179195e-14,7.101725556557576e-14,True,5,0.8986183661608109,
2105,0.64,0.42,local,True,True,False,16.4080423187508,0.13673368598959001,474.42039261181037,1.4263665652179195e-14,7.101725556557576e-14,True,5,0.8986183661608109,
2105,0.64,0.42,multistart,True,False,False,1.838170628127731,0.015318088567731092,99.71115726188806,1.664038772637883e-14,7.388772839651832e-14,True,2,1.368075903730803,
2105,0.64,0.42,graph,True,False,False,1.838170628127891,0.015318088567732424,99.71115725948039,3.6765526198226383e-14,1.5492026762949802e-13,True,2,0.7934004850595011,
2105,0.64,0.42,best,True,False,False,1.8381706281273047,0.015318088567727539,99.71115726189286,9.720318015768943e-15,5.749065093163732e-14,True,2,1.3680759037308008,
2105,0.64,0.42,screened_graph,True,True,False,16.408042318751015,0.1367336859895918,474.42039261187114,2.038106110813051e-14,1.4285959992307095e-13,True,5,0.19235613624023262,
2105,0.64,0.42,screened_best,True,True,False,16.408042318750564,0.13673368598958802,474.4203926118072,7.714652131718715e-15,6.446617707817397e-14,True,5,1.368075903730805,
2105,0.64,0.42,bounded_attempt,False,True,False,9.999999999999964,0.08333333333333304,1051.2785687694227,0.0010671602586277708,0.050112283329613205,True,5,1.3680759037308057,True
2105,0.64,0.42,selected,True,True,False,16.408042318750564,0.13673368598958802,474.4203926118072,7.714652131718715e-15,6.446617707817397e-14,True,5,1.368075903730805,
2106,0.66,0.42,baseline,True,True,False,19.159139038934008,0.15965949199111673,520.0788893771602,9.264917572290598e-15,4.324714504455726e-14,True,5,0.7473260027864921,
2106,0.66,0.42,local,True,True,False,19.159139038934008,0.15965949199111673,520.0788893771602,9.264917572290598e-15,4.324714504455726e-14,True,5,0.7473260027864921,
2106,0.66,0.42,multistart,True,False,False,2.0321590032532333,0.01693465836044361,105.46490447113825,1.964508584445435e-14,8.982523710770902e-14,True,2,0.7414394558244162,
2106,0.66,0.42,graph,True,False,False,2.032159003252527,0.016934658360437727,105.46490447114306,1.744931915577033e-14,9.363632302988815e-14,True,2,1.4601365490987797,
2106,0.66,0.42,best,True,False,False,2.0321590032521675,0.01693465836043473,105.46490447112546,2.423496088664641e-14,1.3367608508479594e-13,True,2,1.3906516416377057,
2106,0.66,0.42,screened_graph,True,True,False,19.15913903893358,0.15965949199111318,520.0788893772177,3.610359243013472e-15,3.7899088143605257e-14,True,5,0.5682053744072304,
2106,0.66,0.42,screened_best,True,True,False,19.159139038931556,0.1596594919910963,520.0788893772113,3.584271255771891e-14,2.568321655001531e-13,True,5,0.5682053744072295,
2106,0.66,0.42,bounded_attempt,False,True,False,9.999999999999964,0.08333333333333304,1090.4617302411943,0.0016700080484132148,0.07207469609366944,True,5,0.5692717645088967,True
2106,0.66,0.42,selected,True,True,False,19.159139038931556,0.1596594919910963,520.0788893772113,3.584271255771891e-14,2.568321655001531e-13,True,5,0.5682053744072295,
2107,0.68,0.42,baseline,True,True,False,22.411454375475063,0.18676211979562551,708.6484575730498,1.1689546609097041e-14,3.692441032838085e-14,True,5,1.560746551748872,
2107,0.68,0.42,local,True,True,False,22.411454375475063,0.18676211979562551,708.6484575730498,1.1689546609097041e-14,3.692441032838085e-14,True,5,1.560746551748872,
2107,0.68,0.42,multistart,True,True,True,3.881422197886164,0.0323451849823847,133.35039405448015,2.221403410222585e-14,1.1616463793946844e-13,True,2,0.6946845757417242,
2107,0.68,0.42,graph,True,True,True,3.881422197886164,0.0323451849823847,133.35039405448015,2.221403410222585e-14,1.1616463793946844e-13,True,2,0.6946845757417242,
2107,0.68,0.42,best,True,True,True,3.881422197886164,0.0323451849823847,133.35039405448015,2.221403410222585e-14,1.1616463793946844e-13,True,2,0.6946845757417242,
2107,0.68,0.42,screened_graph,True,True,True,3.881422197886164,0.0323451849823847,133.35039405448015,2.221403410222585e-14,1.1616463793946844e-13,True,2,0.6946845757417242,
2107,0.68,0.42,screened_best,True,True,True,3.881422197886164,0.0323451849823847,133.35039405448015,2.221403410222585e-14,1.1616463793946844e-13,True,2,0.6946845757417242,
2107,0.68,0.42,bounded_attempt,True,True,True,3.8814221980285604,0.032345184983571335,133.35039401644178,2.780073953565781e-12,2.2661270846767877e-11,True,2,0.6946845757417242,True
2107,0.68,0.42,selected,True,True,True,3.881422197886164,0.0323451849823847,133.35039405448015,2.221403410222585e-14,1.1616463793946844e-13,True,2,0.6946845757417242,
2139,0.6,0.44,baseline,True,True,False,11.28644752703849,0.09405372939198742,328.5098540431832,1.8836856690490647e-14,1.1317199400840372e-13,True,5,1.0229218370061082,
2139,0.6,0.44,local,True,True,False,11.28644752703849,0.09405372939198742,328.5098540431832,1.8836856690490647e-14,1.1317199400840372e-13,True,5,1.0229218370061082,
2139,0.6,0.44,multistart,True,False,False,1.746866731335297,0.014557222761127475,103.24017686189642,2.075745959037915e-14,1.0860952918940988e-13,True,2,1.2663044857272987,
2139,0.6,0.44,graph,True,False,False,1.746866731335377,0.014557222761128141,103.24017686039042,2.4619117342145955e-14,1.2396839257609789e-13,True,2,0.8612094073900058,
2139,0.6,0.44,best,True,False,False,1.746866731335297,0.014557222761127475,103.24017686189642,2.075745959037915e-14,1.0860952918940988e-13,True,2,1.2663044857272987,
2139,0.6,0.44,screened_graph,True,True,False,11.286447527038437,0.09405372939198697,328.50985404318965,1.8318679906315083e-14,1.0844536830835523e-13,True,5,1.2663044857272354,
2139,0.6,0.44,screened_best,True,True,False,11.286447527038277,0.09405372939198564,328.50985404320244,7.264965584222909e-15,3.265385176545147e-14,True,5,1.2663044857272883,
2139,0.6,0.44,bounded_attempt,False,True,False,9.999999999999964,0.08333333333333304,328.5098540440785,0.00014132448955974077,0.0067644055690092445,True,5,1.2663044857232724,True
2139,0.6,0.44,selected,True,True,False,11.286447527038277,0.09405372939198564,328.50985404320244,7.264965584222909e-15,3.265385176545147e-14,True,5,1.2663044857272883,
2140,0.62,0.44,baseline,True,True,False,13.150039572645511,0.10958366310537926,376.14468044059566,1.3468519976073855e-14,8.253532273657878e-14,True,5,0.951465144008468,
2140,0.62,0.44,local,True,True,False,13.150039572645511,0.10958366310537926,376.14468044059566,1.3468519976073855e-14,8.253532273657878e-14,True,5,0.951465144008468,
2140,0.62,0.44,multistart,True,False,False,1.8649981753429357,0.01554165146119113,100.16285931960738,3.402290187927234e-14,1.177259601089671e-13,True,2,0.8118416221520759,
2140,0.62,0.44,graph,True,False,False,1.8649981753429756,0.015541651461191464,101.13678725094992,1.918068929148865e-14,8.632435312641982e-14,True,2,1.3476758126970871,
2140,0.62,0.44,best,True,False,False,1.8649981753429357,0.01554165146119113,100.16285931960738,3.402290187927234e-14,1.177259601089671e-13,True,2,0.8118416221520759,
2140,0.62,0.44,screened_graph,True,True,False,13.150039572645618,0.10958366310538015,376.1446804406276,2.112992432404138e-14,1.5226590782218812e-13,True,5,0.24079929910509357,
2140,0.62,0.44,screened_best,True,True,False,13.150039572645298,0.10958366310537748,376.1446804406404,9.496950545708449e-15,8.165081493994509e-14,True,5,0.9514651440084441,
2140,0.62,0.44,bounded_attempt,False,True,False,9.999999999999964,0.08333333333333304,741.8967504183421,0.0004859906815067032,0.022095498333541883,True,5,0.9514651440123982,True
2140,0.62,0.44,selected,True,True,False,13.150039572645298,0.10958366310537748,376.1446804406404,9.496950545708449e-15,8.165081493994509e-14,True,5,0.9514651440084441,
2141,0.64,0.44,baseline,True,True,False,15.062046117869343,0.12551705098224453,446.70755014789165,1.5623036351107183e-14,7.711137515342278e-14,True,5,0.8554831638464808,
2141,0.64,0.44,local,True,True,False,15.062046117869343,0.12551705098224453,446.70755014789165,1.5623036351107183e-14,7.711137515342278e-14,True,5,0.8554831638464808,
2141,0.64,0.44,multistart,True,False,False,2.0493458779708584,0.01707788231642382,101.99164753796755,1.6825122252325605e-14,9.526247095229006e-14,True,2,0.7731430209995143,
2141,0.64,0.44,graph,True,False,False,2.0493458779709117,0.017077882316424264,101.99164753799153,1.976649129688464e-14,1.1109983659079427e-13,True,2,1.435001779147755,
2141,0.64,0.44,best,True,False,False,2.049345877970712,0.0170778823164226,101.99164753800272,1.7040572889431072e-14,1.2473129372612264e-13,True,2,0.25188318655382513,
2141,0.64,0.44,screened_graph,True,True,False,15.06204611786913,0.12551705098224275,446.7075501478405,2.865821985896006e-15,1.6256908831924336e-14,True,5,0.6185349397021831,
2141,0.64,0.44,screened_best,True,True,False,15.062046117869023,0.12551705098224186,446.7075501478533,3.2121008542807775e-15,1.3653507734398846e-14,True,5,1.4350017791477607,
2141,0.64,0.44,bounded_attempt,False,True,False,9.999999999999964,0.08333333333333304,1187.8141144889398,0.0008992471334928513,0.04007595391230317,True,5,1.4350017791477612,True
2141,0.64,0.44,selected,True,True,False,15.062046117869023,0.12551705098224186,446.7075501478533,3.2121008542807775e-15,1.3653507734398846e-14,True,5,1.4350017791477607,
2142,0.66,0.44,baseline,True,True,False,17.078538163844527,0.14232115136537105,556.0793252910164,1.6033115823980197e-14,7.615645875206205e-14,True,5,1.5297700371101788,
2142,0.66,0.44,local,True,True,False,17.078538163844527,0.14232115136537105,556.0793252910164,1.6033115823980197e-14,7.615645875206205e-14,True,5,1.5297700371101788,
2142,0.66,0.44,multistart,True,False,False,2.5597721250903427,0.021331434375752856,124.20424568991315,1.702093560678518e-14,7.078431810082961e-14,True,2,1.2380832496322505,
2142,0.66,0.44,graph,True,False,False,2.5597721250912286,0.02133143437576024,124.20424568996911,2.2264470222623203e-14,6.328245457222363e-14,True,2,1.5297700371102267,
2142,0.66,0.44,best,True,False,False,2.5597721250903427,0.021331434375752856,124.20424568991315,1.702093560678518e-14,7.078431810082961e-14,True,2,1.2380832496322505,
2142,0.66,0.44,screened_graph,True,True,False,17.0785381638449,0.14232115136537415,556.0793252910116,3.3693028157463263e-15,1.7043415465019856e-14,True,5,1.529770037110232,
2142,0.66,0.44,screened_best,True,True,False,17.078538163844048,0.14232115136536705,556.0793252910436,1.1289194407082272e-14,4.839935264758281e-14,True,5,1.529770037110234,
2142,0.66,0.44,bounded_attempt,False,True,False,9.999999999999964,0.08333333333333304,735.3853708608575,0.0013898550127356697,0.0563969962539856,True,5,1.529770037110232,True
2142,0.66,0.44,selected,True,True,False,17.078538163844048,0.14232115136536705,556.0793252910436,1.1289194407082272e-14,4.839935264758281e-14,True,5,1.529770037110234,
2175,0.6,0.46,baseline,True,True,False,11.025951466161636,0.0918829288846803,342.1566040365505,2.040440716261698e-14,1.2764653717337535e-13,True,5,0.9772629262008881,
2175,0.6,0.46,local,True,True,False,11.025951466161636,0.0918829288846803,342.1566040365505,2.040440716261698e-14,1.2764653717337535e-13,True,5,0.9772629262008881,
2175,0.6,0.46,multistart,True,False,False,1.9298074598648052,0.01608172883220671,101.21086703805614,8.178292332795257e-15,3.3014205880207675e-14,True,2,1.334105258931629,
2175,0.6,0.46,graph,True,False,False,1.929807459865005,0.016081728832208375,101.94320876953924,2.6863497369215587e-14,1.0753626961393518e-13,True,2,0.8427546403474526,
2175,0.6,0.46,best,True,False,False,1.9298074598647919,0.0160817288322066,101.21086703803854,1.2777818161383121e-14,2.1116862492874492e-13,True,2,0.32327714646942063,
2175,0.6,0.46,screened_graph,True,True,False,11.025951466161557,0.09188292888467964,342.1566040365377,1.9666622400390293e-14,1.23003388054246e-13,True,5,1.3341052589316258,
2175,0.6,0.46,screened_best,True,True,False,11.02595146616153,0.09188292888467942,342.15660403654414,2.0796614009574775e-14,1.529277959590318e-13,True,5,0.28905128918881484,
2175,0.6,0.46,bounded_attempt,False,True,False,9.999999999999858,0.08333333333333215,342.1566041275369,7.151236471769489e-05,0.0032368372177813028,True,5,0.2890512891887953,True
2175,0.6,0.46,selected,True,True,False,11.02595146616153,0.09188292888467942,342.15660403654414,2.0796614009574775e-14,1.529277959590318e-13,True,5,0.28905128918881484,
2176,0.62,0.46,baseline,True,True,False,12.412086481743678,0.10343405401453065,391.81689866613925,1.2364041967648371e-14,7.890521926476508e-14,True,5,0.8911184778102985,
2176,0.62,0.46,local,True,True,False,12.412086481743678,0.10343405401453065,391.81689866613925,1.2364041967648371e-14,7.890521926476508e-14,True,5,0.8911184778102985,
2176,0.62,0.46,multistart,True,False,False,2.113910094689011,0.01761591745574176,100.11654873252543,1.381617242610979e-14,6.891290737253832e-14,True,2,1.4176442237310605,
2176,0.62,0.46,graph,True,False,False,2.1139100946891443,0.01761591745574287,100.1165487325606,1.79356220373603e-14,8.919133574355227e-14,True,2,0.7986449761264778,
2176,0.62,0.46,best,True,False,False,2.113910094689011,0.01761591745574176,100.11654873252543,1.381617242610979e-14,6.891290737253832e-14,True,2,1.4176442237310605,
2176,0.62,0.46,screened_graph,True,True,False,12.412086481743678,0.10343405401453065,391.81689866613925,1.2364041967648371e-14,7.890521926476508e-14,True,5,0.8911184778102985,
2176,0.62,0.46,screened_best,True,True,False,12.412086481743358,0.10343405401452799,391.8168986661456,1.1551122306821434e-15,1.2265338998271902e-14,True,5,0.8911184778102976,
2176,0.62,0.46,bounded_attempt,False,True,False,9.999999999999964,0.08333333333333304,456.8779053476256,0.00033384876536966335,0.014449908996498239,True,5,0.8911184778102985,True
2176,0.62,0.46,selected,True,True,False,12.412086481743358,0.10343405401452799,391.8168986661456,1.1551122306821434e-15,1.2265338998271902e-14,True,5,0.8911184778102976,
2177,0.64,0.46,baseline,True,True,False,13.759345342643812,0.11466121118869843,461.47120698422697,2.2188790410187297e-14,1.1169257662894342e-13,True,5,0.7424178679292126,
2177,0.64,0.46,local,True,True,False,13.759345342643812,0.11466121118869843,461.47120698422697,2.2188790410187297e-14,1.1169257662894342e-13,True,5,0.7424178679292126,
2177,0.64,0.46,multistart,True,False,False,2.9055083545616673,0.024212569621347227,119.09472770297072,2.077090870256031e-14,9.633168224419022e-14,True,2,0.7512292223452111,
2177,0.64,0.46,graph,True,False,False,2.905508354446866,0.024212569620390548,119.09472770283483,2.0719439596855874e-14,6.41955879666101e-14,True,2,1.5080235277538594,
2177,0.64,0.46,best,True,False,False,2.905508354446866,0.024212569620390548,119.09472770283483,2.0719439596855874e-14,6.41955879666101e-14,True,2,1.5080235277538594,
2177,0.64,0.46,screened_graph,True,True,False,13.759345342643492,0.11466121118869577,461.4712069842078,4.354707407440192e-15,2.0406759720123338e-14,True,5,1.508023527753865,
2177,0.64,0.46,screened_best,True,True,False,13.759345342643279,0.11466121118869399,461.4712069841758,3.352800008858181e-15,2.2199099820917695e-14,True,5,0.6476059971015813,
2177,0.64,0.46,bounded_attempt,False,True,False,9.999999999999964,0.08333333333333304,803.3959716987205,0.0007045900526756649,0.02982316087830806,True,5,0.6482720250288434,True
2177,0.64,0.46,selected,True,True,False,13.759345342643279,0.11466121118869399,461.4712069841758,3.352800008858181e-15,2.2199099820917695e-14,True,5,0.6476059971015813,
2211,0.6,0.48,baseline,True,True,False,10.56497589061582,0.08804146575513183,351.985905440155,1.3220164516725855e-14,6.486951195499882e-14,True,5,0.907798935338822,
2211,0.6,0.48,local,True,True,False,10.56497589061582,0.08804146575513183,351.985905440155,1.3220164516725855e-14,6.486951195499882e-14,True,5,0.907798935338822,
2211,0.6,0.48,multistart,True,False,False,2.2056464333877557,0.018380386944897964,99.75801418802722,1.3072964508215296e-14,5.344560769775397e-14,True,2,1.3658496844177126,
2211,0.6,0.48,graph,True,False,False,2.2056464333878756,0.018380386944898963,100.35768854106095,1.985429872952851e-14,1.0063283936962977e-13,True,2,0.8230564170939934,
2211,0.6,0.48,best,True,False,False,2.205646433366306,0.018380386944719218,99.75801418800643,6.706907280096496e-14,2.308842354915439e-13,True,2,0.8144048953834311,
2211,0.6,0.48,screened_graph,True,True,False,10.56497589061582,0.08804146575513183,351.985905440155,1.3220164516725855e-14,6.486951195499882e-14,True,5,0.907798935338822,
2211,0.6,0.48,screened_best,True,True,False,10.564975890615607,0.08804146575513006,351.98590544014223,1.784146017590271e-15,8.447210316934867e-15,True,5,0.7216383455893691,
2211,0.6,0.48,bounded_attempt,False,True,False,9.999999999999858,0.08333333333333215,351.9859054775267,4.726268180775642e-05,0.0020126185676470005,True,5,0.7216839187522623,True
2211,0.6,0.48,selected,True,True,False,10.564975890615607,0.08804146575513006,351.98590544014223,1.784146017590271e-15,8.447210316934867e-15,True,5,0.7216383455893691,
