episode,physics_step,command_id,reference_frame,time_s,region,interpolation_step,A_ik_position_m,A_ik_rotation_rad,B_command_position_m,B_command_rotation_rad,C_tracking_position_m,C_tracking_rotation_rad,total_position_m,total_rotation_rad,FK_runtime_consistency_position_m,FK_runtime_consistency_rotation_rad
0,1,0,0,0.008333333333333333,startup,1,3.1676639673831405e-16,0.0,0.005245108523606356,0.02052721376165972,0.0015350355731785588,0.005792822595430824,0.006758802695950002,0.02631340462573196,2.520237964501848e-07,8.92080637639516e-07
0,2,0,0,0.016666666666666666,startup,2,3.1676639673831405e-16,0.0,0.003501517277840283,0.013671584950894109,0.0027777010021286857,0.010114726147829605,0.006181353878818146,0.023751188402838914,1.9913312289418648e-07,2.5809568279517867e-07
0,3,0,0,0.025,startup,3,3.1676639673831405e-16,0.0,0.0017531432695394925,0.006829193563056114,0.003824847037927503,0.013340283671783727,0.005420892804520238,0.020103170650116436,1.842951767333147e-07,1.264405455326821e-07
0,4,0,0,0.03333333333333333,startup,4,3.1676639673831405e-16,0.0,2.8271321296019038e-08,8.940696716308595e-08,0.004752769208779739,0.015827375406935653,0.004752752746712716,0.01582745374049029,2.8359825362502925e-07,7.456538679121063e-07
0,5,1,1,0.041666666666666664,work,1,1.8041124150158794e-16,0.0,0.005075451001347085,0.015151219897628947,0.005323586688859813,0.016189664279418613,0.009235493880981712,0.03126321518235904,1.0715956340625876e-07,3.4240261593687747e-07
0,6,1,1,0.05,work,2,1.8041124150158794e-16,0.0,0.003386434945428638,0.010094934685252377,0.006114631166553805,0.016634599099825904,0.00846092405113242,0.026501191968674554,3.195040846413487e-07,9.90675100004365e-07
0,7,1,1,0.058333333333333334,work,3,1.8041124150158794e-16,0.0,0.0016946128102390376,0.005044696078369947,0.007040698413015368,0.017206037629122633,0.008022824419513843,0.021939480210587323,2.505897342041228e-07,5.004660971089216e-07
0,8,1,1,0.06666666666666667,work,4,1.8041124150158794e-16,0.0,1.0603494746593975e-08,1.1542389828584842e-07,0.008009114744362056,0.01800606080961595,0.008009105729748875,0.018006169282568988,2.7769466224896243e-07,4.4703483581543064e-07
0,9,2,2,0.075,work,1,1.8824747269678055e-16,0.0,0.00572614702224351,0.017429033433165687,0.009459644821022909,0.019738132882099316,0.013784124548062375,0.03579569434942462,2.474216364520129e-07,5.083895358214386e-07
0,10,2,2,0.08333333333333333,work,2,1.8824747269678055e-16,0.0,0.003817841542481433,0.011609578801514964,0.010825090501060508,0.0219706264443153,0.013455594249721634,0.03219353315142818,4.0339596558894227e-07,7.202056630608224e-07
0,11,2,2,0.09166666666666666,work,3,1.8824747269678055e-16,0.0,0.0019091004236777421,0.005799989937149998,0.012048587696224737,0.024485742659375434,0.013236589258689766,0.029293902168552478,5.179497319253647e-07,1.1022831206862428e-06
0,12,2,2,0.1,work,4,1.8824747269678055e-16,0.0,5.53711321386961e-08,1.2287812309317772e-07,0.013100122916903588,0.027190114669425728,0.013100075661937846,0.02719014158389403,2.711274959861849e-07,4.4802714521804273e-07
0,13,3,3,0.10833333333333334,work,1,6.938893903907228e-17,0.0,0.006151475112724501,0.021235133793005952,0.014293898108492084,0.031214992652840272,0.01897919080738852,0.04997154971259074,1.7413192990221619e-07,4.674311620401787e-07
0,14,3,3,0.11666666666666667,work,2,6.938893903907228e-17,0.0,0.0041015380060024234,0.014129655473474957,0.01528752596552896,0.03549606877434631,0.018261810088487006,0.04768217838424098,2.3131124491404968e-07,4.3290373821061784e-07
0,15,3,3,0.125,work,3,6.938893903907228e-17,0.0,0.0020510362260095396,0.007051326642440942,0.016082080217809835,0.03989222800682034,0.017495239785484288,0.045833844570102554,8.323033457740511e-08,3.7223088731756253e-07
0,16,3,3,0.13333333333333333,work,4,6.938893903907228e-17,0.0,4.379776229856708e-08,1.1151007970493858e-07,0.016688409775673003,0.044369849178036616,0.016688447323832338,0.04436989269542917,2.808095049750557e-07,5.900558791525186e-07
0,17,4,4,0.14166666666666666,work,1,7.850462293418876e-17,0.0,0.006052755963107072,0.024915837406540797,0.016819475523871297,0.04975161989670127,0.021564913895479123,0.07230916587272469,7.99983064916698e-08,4.655271575395269e-07
0,18,4,4,0.15,work,2,7.850462293418876e-17,0.0,0.00403801539832083,0.01658306169818098,0.016556623959391482,0.05661931922256466,0.019736024399551726,0.07189341873720587,1.852986013074545e-07,8.754987014274895e-07
0,19,4,4,0.15833333333333333,work,3,7.850462293418876e-17,0.0,0.0020204561694368785,0.00827778823951299,0.016335143279691388,0.0634263136024501,0.01791822581453589,0.07112721081833964,1.5431235371498127e-07,4.064494877155387e-07
0,20,4,4,0.16666666666666666,work,4,7.850462293418876e-17,0.0,1.8336293957626387e-08,1.032382731180714e-07,0.016153791231109823,0.07014065954534619,0.016153805651506693,0.07014057947758472,1.808787245364034e-07,7.001960351747746e-07
0,21,5,5,0.175,work,1,2.0026854743534788e-16,0.0,0.0058164477113418185,0.02899056407495996,0.015926258598827178,0.07748882558318916,0.020820322814139612,0.10455632609994137,1.857976087183216e-07,4.951133646320162e-07
0,22,5,5,0.18333333333333332,work,2,2.0026854743534788e-16,0.0,0.003881048581281176,0.01931470505470651,0.015560337893132789,0.08524206863161636,0.01881696723839933,0.10343489475448973,2.603060429903888e-07,7.480323551899913e-07
0,23,5,5,0.19166666666666665,work,3,2.0026854743534788e-16,0.0,0.0019422341772600232,0.009651104325328218,0.01525416990089975,0.09308182690305448,0.016870535976259177,0.1022407802786031,4.278268403860305e-07,8.01344493612578e-07
0,24,5,5,0.2,work,4,2.0026854743534788e-16,0.0,4.1493794083265186e-08,9.424321830774486e-08,0.014997316256486492,0.10041531618775305,0.014997280452472854,0.10041533884487108,1.9076366465980709e-07,4.2146848510894113e-07
0,25,6,6,0.20833333333333334,work,1,6.938893903907228e-18,0.0,0.005617781288819062,0.03071897474711572,0.01457265741560551,0.10676189725891831,0.019422104364379567,0.134832024884599,2.1161184093269114e-07,2.8894423588611685e-07
0,26,6,6,0.21666666666666667,work,2,6.938893903907228e-18,0.0,0.003747797061970092,0.02047848391642561,0.013947541338017132,0.11363450539754796,0.017221127844195428,0.13248826665778504,1.3650788414765555e-07,1.8848643661548977e-07
0,27,6,6,0.225,work,3,6.938893903907228e-18,0.0,0.001875208857957067,0.010238939307175258,0.013589671025223734,0.1207102155472372,0.015221125535398538,0.13020890794607995,2.829374174995948e-07,9.343871716613188e-07
0,28,6,6,0.23333333333333334,work,4,6.938893903907228e-18,0.0,4.2783128878341e-08,1.931411236050088e-07,0.013395158967737505,0.12701401958006595,0.013395124513925534,0.12701420772846161,2.1743579953994266e-07,1.016342217026956e-06
0,29,7,7,0.24166666666666667,work,1,2.5589376332604516e-16,0.0,0.005407284503927694,0.03105316714381834,0.012931958658546364,0.1320412442667505,0.01717949227037219,0.1602233209576017,4.822238529249304e-07,1.0670729750375969e-06
0,30,7,7,0.25,work,2,2.5589376332604516e-16,0.0,0.0036076230735654163,0.020703436701249175,0.012377719892389807,0.13615694615486595,0.015218126173338075,0.15495391919559495,3.6605235785320083e-07,8.729588100836829e-07
0,31,7,7,0.2583333333333333,work,3,2.5589376332604516e-16,0.0,0.001805194772324119,0.010352324798287746,0.011578878266901117,0.14007037834019545,0.01305150442620311,0.149478349013842,3.730367048228542e-07,8.408269870082133e-07
0,32,7,7,0.26666666666666666,work,4,2.5589376332604516e-16,0.0,1.80485134136534e-08,9.884312124119402e-08,0.010935939301372268,0.14485341661146242,0.010935931812474927,0.1448533329653866,3.641653696462573e-07,9.320077759690303e-07
0,33,8,8,0.275,work,1,1.3092278833360675e-16,0.0,0.006215683492508777,0.03330919466372646,0.010361917180025377,0.14807791345840648,0.015514982851741915,0.17623044742273522,1.9426061930857152e-07,7.782915149450706e-07
0,34,8,8,0.2833333333333333,work,2,1.3092278833360675e-16,0.0,0.004142522340494333,0.022189729635303117,0.010101210936812866,0.15070469421864507,0.013716519323092135,0.16961012864778174,2.0326817850322148e-07,5.127385417844444e-07
0,35,8,8,0.2916666666666667,work,3,1.3092278833360675e-16,0.0,0.0020706365926170312,0.011086644665872074,0.010081582780233274,0.1526263265554993,0.011960217924579367,0.16213569318481802,1.942243060230946e-07,7.133906604996853e-07
0,36,8,8,0.3,work,4,1.3092278833360675e-16,0.0,3.4170825262050553e-09,9.884312124119402e-08,0.010235852462603246,0.15400676096444282,0.010235850946454364,0.15400685742428677,1.932772865418459e-07,4.400260168383548e-07
0,37,9,9,0.30833333333333335,work,1,8.121767085755589e-17,0.0,0.005891771098731653,0.02821505529469197,0.010122274639564936,0.15239890171273618,0.015304861694053502,0.17652147237576493,2.3840620478994634e-07,5.638864019043614e-07
0,38,9,9,0.31666666666666665,work,2,8.121767085755589e-17,0.0,0.0039202541883680475,0.018776484186782662,0.010227430453876233,0.14996076905202624,0.013778557836137323,0.16605905389659228,1.417619477646531e-07,2.4211521162497896e-07
0,39,9,9,0.325,work,3,8.121767085755589e-17,0.0,0.0019564194123358387,0.009371265644042675,0.010524087639188726,0.14679035340049493,0.012330401211465319,0.154830483623555,2.3208158332694794e-07,5.110033809984414e-07
0,40,9,9,0.3333333333333333,work,4,8.121767085755589e-17,0.0,1.3260214129463649e-08,1.264405455326821e-07,0.010855737314522586,0.14329444962184307,0.01085574233088671,0.14329432838864664,1.6203007027593572e-07,2.858538343496754e-07
0,41,10,10,0.3416666666666667,work,1,2.0026854743534788e-16,0.0,0.003015232129248302,0.029389388480763924,0.010364319759546667,0.1394473078037962,0.013061776803090263,0.16532919544115712,6.866714808487963e-08,3.39798755973321e-07
0,42,10,10,0.35,work,2,2.0026854743534788e-16,0.0,0.002000074646444772,0.019578661861701208,0.010019518629433758,0.1364557974961124,0.011807871286797575,0.15371075083299884,3.3544954788118315e-07,1.0860483144693865e-06
0,43,10,10,0.35833333333333334,work,3,2.0026854743534788e-16,0.0,0.000995176542175837,0.009782146915199246,0.009204258219440526,0.1340319152728546,0.0100752223133991,0.1427223044645818,2.215954456673817e-07,6.73690709796987e-07
0,44,10,10,0.36666666666666664,work,4,2.0026854743534788e-16,0.0,2.2096380498204828e-08,8.429369702178807e-08,0.008274762259912763,0.12903863292503967,0.008274779922247032,0.1290387020629959,3.3478331761309764e-07,5.778884717722352e-07
0,45,11,11,0.375,work,1,1.195827321860277e-16,0.0,0.0042136295279869415,0.03220713998688337,0.007331248075849974,0.12518600449799758,0.00978224376230779,0.15455717225757584,2.605955196849154e-07,8.424099698723957e-07
0,46,11,11,0.3833333333333333,work,2,1.195827321860277e-16,0.0,0.0028110995240745486,0.021480922512683423,0.006579729738890042,0.12143299508034616,0.008296824666933027,0.14113807877364684,2.637616324487737e-07,6.919018486883616e-07
0,47,11,11,0.39166666666666666,work,3,1.195827321860277e-16,0.0,0.0014068790058977363,0.010745269575161564,0.006064923277865077,0.11724188385318368,0.006960000081106607,0.12714937550610197,3.9099077615799027e-07,5.748063779469126e-07
0,48,11,11,0.4,work,4,1.195827321860277e-16,0.0,7.601612328712688e-09,4.2146848510894035e-08,0.005818445133689634,0.11322222976277667,0.005818443914148717,0.11322227366193506,3.7576133065459143e-07,7.603973640306681e-07
0,49,12,12,0.4083333333333333,work,1,1.2719202621569003e-16,0.0,0.005957136683519461,0.034204863038030706,0.006216632514784407,0.10972030782301408,0.011425841092523134,0.14167873344977336,2.778902201053848e-07,5.196212462831362e-07
0,50,12,12,0.4166666666666667,work,2,1.2719202621569003e-16,0.0,0.003976708032343777,0.022836238206035076,0.006667563181344124,0.10652259085928073,0.01019440169163685,0.12795164053030636,9.36804869344169e-08,7.492187672839527e-07
0,51,12,12,0.425,work,3,1.2719202621569003e-16,0.0,0.0019914541301261066,0.011434916985461663,0.007078177716651084,0.10301472594679284,0.008856674604606145,0.1137969765761943,2.0089971229955968e-07,5.638864019043614e-07
0,52,12,12,0.43333333333333335,work,4,1.2719202621569003e-16,0.0,2.3957643700710144e-08,1.3328003749250115e-07,0.007522869557167973,0.09909403310909874,0.007522891053101925,0.0990941284893795,3.031868653457174e-07,5.95300923449941e-07
0,53,13,13,0.44166666666666665,work,1,2.1599919653272043e-16,0.0,0.0066684812475209885,0.036016491483857466,0.008334720039770946,0.09561160081241991,0.014818110462387457,0.1303846595607369,1.038824721109977e-07,4.1935584781975493e-07
0,54,13,13,0.45,work,2,2.1599919653272043e-16,0.0,0.004448737013995687,0.02405627561580776,0.009080140056323885,0.09246794408104635,0.013387170133297297,0.11579570147252462,2.9834548913292876e-07,7.907449699295572e-07
0,55,13,13,0.4583333333333333,work,3,2.1599919653272043e-16,0.0,0.0022264981098069916,0.012050991269751584,0.009759040168545546,0.08921392304568512,0.011902243163379091,0.10094450864065466,2.1094443167215539e-07,6.717102330675541e-07
0,56,13,13,0.4666666666666667,work,4,2.1599919653272043e-16,0.0,3.05844381926335e-08,7.300048299977713e-08,0.010394428698773273,0.08597323474586392,0.01039440544257973,0.08597330943393275,3.131509954388262e-07,8.01344493612578e-07
0,57,14,14,0.475,work,1,1.415262216750919e-16,0.0,0.0054630474334532095,0.041220823233514295,0.010520092448403759,0.08410687957310242,0.01566229856819601,0.12418637692411726,2.803545945363311e-07,3.182017282256878e-07
0,58,14,14,0.48333333333333334,work,2,1.415262216750919e-16,0.0,0.003657483687656282,0.02754687012179386,0.010647886798413745,0.08283191621107801,0.014142118974824987,0.10993386075875479,3.6221667264908174e-07,6.861009855998394e-07
0,59,14,14,0.49166666666666664,work,3,1.415262216750919e-16,0.0,0.0018372887545816498,0.01380666125664832,0.01076923714344003,0.08230433165631099,0.012552657821542149,0.09599085428615689,3.2759438599342153e-07,7.527667844483354e-07
0,60,14,14,0.5,work,4,1.415262216750919e-16,0.0,5.998158894594121e-08,1.5196262340524153e-07,0.011018904155869185,0.08208402467113808,0.011018942442743266,0.08208392351773189,1.5234916864323447e-07,8.05214410192155e-07
0,61,15,15,0.5083333333333333,work,1,9.114019887043338e-16,0.0,0.008861706456024517,0.04681183497943889,0.011405575553118323,0.085072954874934,0.018838686699738733,0.13170327110502494,2.4946926299806124e-07,8.880892053694404e-07
0,62,15,15,0.5166666666666666,work,2,9.114019887043338e-16,0.0,0.005935578156439646,0.031266087495175704,0.012417504356705453,0.08972850878719572,0.017824410261786886,0.12075977803184285,1.3174218990723003e-07,4.3698782618687177e-07
0,63,15,15,0.525,work,3,9.114019887043338e-16,0.0,0.0029816796313275684,0.015662123290059764,0.013798352262489402,0.09556578070766493,0.016659569821839665,0.1109457948240812,2.452203886136584e-07,4.298152059869762e-07
0,64,15,15,0.5333333333333333,work,4,9.114019887043338e-16,0.0,1.775581227234926e-08,1.1542389828584842e-07,0.015382495825411669,0.10251076836442104,0.01538249688428646,0.10251075344253661,2.035045622178632e-07,5.495276723678658e-07
0,65,16,16,0.5416666666666666,work,1,4.163336342344337e-17,0.0,0.014705868020171516,0.04342184780808831,0.018664951024431883,0.10998138651443742,0.03298429054005531,0.15252564126574203,1.8801609255554037e-07,5.575503985246947e-07
0,66,16,16,0.55,work,2,4.163336342344337e-17,0.0,0.00979453183101732,0.028934845468999406,0.022452875434106293,0.11820061345686432,0.03218299190326792,0.14623118676593003,1.7463540693108513e-07,5.21327724591969e-07
0,67,16,16,0.5583333333333333,work,3,4.163336342344337e-17,0.0,0.00489245393648732,0.014460888515157847,0.026462060710217145,0.12756169604798273,0.03134370501505028,0.14137941765269285,8.886886436977834e-08,4.4404460268471747e-07
0,68,16,16,0.5666666666666667,work,4,4.163336342344337e-17,0.0,2.243876163339514e-08,5.960464477539063e-08,0.030544726366633905,0.13759211135067115,0.03054471733183356,0.13759208891879868,1.0072849976731961e-07,2.563692708922217e-07
0,69,17,17,0.575,work,1,1.2719202621569003e-16,0.0,0.01545372222614167,0.028020395818479142,0.03497859019867517,0.1432215748941174,0.050366755144870434,0.16906960782919464,4.358360036671165e-07,4.860611686199942e-07
0,70,17,17,0.5833333333333334,work,2,1.2719202621569003e-16,0.0,0.01027657436656188,0.018660249003256156,0.03922358536468737,0.14889812749085535,0.04938127365492594,0.16605508205887587,2.9928954801178697e-07,2.858538343496754e-07
0,71,17,17,0.5916666666666667,work,3,1.2719202621569003e-16,0.0,0.005125222914627927,0.009320000531571546,0.043037366576462927,0.15393103801676944,0.04804961864189258,0.1624640904264452,2.3810692633308528e-07,5.885487096944919e-07
0,72,17,17,0.6,work,4,1.2719202621569003e-16,0.0,5.270860621097707e-08,1.3328003749250115e-07,0.04625518649027866,0.15783478834434778,0.046255226934755034,0.1578349167355999,2.6533353839331163e-07,3.0098870212918777e-07
0,73,18,18,0.6083333333333333,work,1,2.0770370905276122e-16,0.0,0.013649863195136563,0.020296465443907626,0.04831271866058647,0.15567592167948413,0.061371176030502954,0.16726993921398023,2.9679257276291507e-07,4.1187628987685676e-07
0,74,18,18,0.6166666666666667,work,2,2.0770370905276122e-16,0.0,0.009074758335648712,0.013564089540151786,0.04968138239705184,0.15241059563385115,0.05827645865208192,0.16034122535818554,2.34594643331135e-07,4.960094981519366e-07
0,75,18,18,0.625,work,3,2.0770370905276122e-16,0.0,0.004524745271859472,0.006798655367290107,0.05037413549119781,0.14800232561646914,0.05461919061005129,0.15204773032048094,2.3837667851693578e-07,2.5111883202720774e-07
0,76,18,18,0.6333333333333333,work,4,2.0770370905276122e-16,0.0,4.06752026512414e-08,7.300048299977713e-08,0.05043040022954876,0.1425209834132761,0.0504303701036703,0.14252092665429822,2.594654640828978e-07,2.563692708922217e-07
0,77,19,19,0.6416666666666666,work,1,2.391654643720554e-16,0.0,0.01215031064112918,0.021512677733380014,0.049632631465967345,0.13293530396341238,0.06120232776485948,0.13773776455890177,8.750412308516068e-08,6.710487752674672e-07
0,78,19,19,0.65,work,2,2.391654643720554e-16,0.0,0.008090229218535914,0.01439301585168902,0.048391799023413215,0.12280861556018398,0.05606650991709482,0.12636593581661545,1.889405760811292e-07,3.371747880871527e-07
0,79,19,19,0.6583333333333333,work,3,2.391654643720554e-16,0.0,0.004040081785306023,0.007222291615326018,0.046781768926767595,0.11237013017447497,0.05060037908011984,0.11432491522278353,5.4322043018412305e-08,5.280984981855571e-07
0,80,19,19,0.6666666666666666,work,4,2.391654643720554e-16,0.0,4.071427523699582e-08,1.3328003749250115e-07,0.04488415559425187,0.101861780979399,0.044884123933644104,0.10186169028374302,1.221410886044239e-07,5.511415603431161e-07
0,81,20,20,0.675,work,1,2.486410087150353e-16,0.0,0.0099551481864356,0.02186242159590471,0.042136052705972274,0.08987414052803272,0.05161954010737654,0.09549541862171505,3.06281833072186e-07,6.488424854599636e-07
0,82,20,20,0.6833333333333333,work,2,2.486410087150353e-16,0.0,0.006641592393670164,0.014590744690788795,0.03934758037868119,0.07832514809865469,0.0456845283204715,0.08278546220816699,2.9007347860837355e-07,7.702617635321716e-07
0,83,20,20,0.6916666666666667,work,3,2.486410087150353e-16,0.0,0.0033232797806133497,0.0073036329810635455,0.03659693612784391,0.06767301139211654,0.039771062332665315,0.07031200225091291,1.89798448365538e-07,3.964941112890867e-07
0,84,20,20,0.7,work,4,2.486410087150353e-16,0.0,4.302301772877926e-08,2.0647654623614286e-07,0.03395402829813673,0.05833739540274626,0.03395406460846175,0.058337487244672054,3.413501406149266e-07,5.701519986900406e-07
0,85,21,21,0.7083333333333334,work,1,7.97218214573518e-17,0.0,0.00884715849662116,0.022427216679250635,0.03112560741002598,0.05117885484152742,0.03973305889814704,0.06737415504881958,6.564535247575159e-08,2.7476383618393225e-07
0,86,21,21,0.7166666666666667,work,2,7.97218214573518e-17,0.0,0.005907566953723297,0.014942823713599446,0.028538782688874755,0.04575871940192291,0.03429603727795239,0.05747074689710769,1.0804086992896127e-07,5.503352079576088e-07
0,87,21,21,0.725,work,3,7.97218214573518e-17,0.0,0.0029584976562545997,0.007467306929119683,0.026229191710488632,0.04243451786309611,0.02911432681787578,0.04867444672602496,4.5237992016419957e-07,9.195356738890199e-07
0,88,21,21,0.7333333333333333,work,4,7.97218214573518e-17,0.0,4.1101985408531645e-08,1.1920928955078128e-07,0.02422285111854016,0.04119109529927738,0.02422281404024608,0.0411911016083173,1.5526774392869e-07,2.4211521162497896e-07
0,89,22,22,0.7416666666666667,work,1,1.1188630228279524e-16,0.0,0.009127428201711732,0.01699295596509352,0.022581968091271085,0.04036597541082669,0.03154617745215498,0.05625802374614422,1.2590897143824383e-07,3.734220292014386e-07
0,90,22,22,0.75,work,2,1.1188630228279524e-16,0.0,0.006091957384238903,0.01132160262177031,0.0212444112552957,0.04047970248409936,0.02721973578750288,0.05059380544126159,3.2765815985142805e-07,5.527507362065157e-07
0,91,22,22,0.7583333333333333,work,3,1.1188630228279524e-16,0.0,0.003049465957526775,0.0056575660173024764,0.02019961650381245,0.041261827329960185,0.023183043756585385,0.0460082684589737,1.3410857416258722e-07,4.042583693936634e-07
0,92,22,22,0.7666666666666666,work,4,1.1188630228279524e-16,0.0,1.3424638135064904e-08,1.5485740967710712e-07,0.019428506704678057,0.04244681028413763,0.01942851955412767,0.042446782359789124,2.1071900666030717e-07,1.032382731180714e-07
0,93,23,23,0.775,work,1,1.8424037361508207e-16,0.0,0.00839327597938271,0.012979635086839341,0.018653048456274048,0.042478839971650834,0.026890694986371384,0.05156138612928613,3.5526430076206337e-07,7.324341373112546e-07
0,94,23,23,0.7833333333333333,work,2,1.8424037361508207e-16,0.0,0.005601018082036156,0.008654381691550452,0.018109931231549154,0.04272399803344168,0.023585715316887045,0.04827619413919895,3.041619156776083e-07,3.097148193542145e-07
0,95,23,23,0.7916666666666666,work,3,1.8424037361508207e-16,0.0,0.0028032458410210716,0.0043280214954541625,0.017777648145011475,0.04307892679307312,0.020504239675744728,0.04561230840337145,2.460920712835709e-07,5.272569064186269e-07
0,96,23,23,0.8,work,4,1.8424037361508207e-16,0.0,1.3730000049817751e-08,9.424321830774486e-08,0.0176312379667952,0.04348043950141057,0.017631232302811994,0.04348037257219271,1.5746450586342655e-07,3.6983709472390636e-07
0,97,24,24,0.8083333333333333,work,1,1.0103182026100663e-16,0.0,0.00841594240645955,0.014326030427845306,0.017621409340759446,0.044409786243269536,0.02580031875247526,0.0542254966204464,2.0788219386513663e-07,6.597025281542168e-07
0,98,24,24,0.8166666666666667,work,2,1.0103182026100663e-16,0.0,0.005618203515694871,0.009554557339132652,0.017744224446907448,0.045322037463965056,0.023179030217750005,0.0515694078460371,1.2568350454905372e-07,2.475566823160076e-07
0,99,24,24,0.825,work,3,1.0103182026100663e-16,0.0,0.002812887118590482,0.0047793543175901135,0.017966286737130646,0.04621864458325423,0.020671952139356332,0.04919149392939053,1.1304553007692108e-07,2.3084779657169695e-07
0,100,24,24,0.8333333333333334,work,4,1.0103182026100663e-16,0.0,6.357052785821611e-09,4.2146848510894035e-08,0.0182579360171543,0.047108523452328646,0.018257929857226036,0.047108533008093374,2.039559948196011e-07,7.74860382080083e-07
0,101,25,25,0.8416666666666667,work,1,1.7109685898544713e-16,0.0,0.008734128749820902,0.01898670533827813,0.018657250263583763,0.048539224828428006,0.02710604344268752,0.06144720601900904,1.9245825925426402e-07,4.0205531010723307e-07
0,102,25,25,0.85,work,2,1.7109685898544713e-16,0.0,0.005837136478432385,0.012670909052195244,0.019070531763906332,0.05011399565815196,0.02469168083700698,0.05853010750560647,2.503589894667291e-07,9.74403782145499e-07
0,103,25,25,0.8583333333333333,work,3,1.7109685898544713e-16,0.0,0.00292586994571546,0.006342417984323031,0.0194680506312868,0.05179215685779981,0.02227007141998269,0.05586332509378225,8.536424563055983e-08,4.786961795153931e-07
0,104,25,25,0.8666666666666667,work,4,1.7109685898544713e-16,0.0,5.815215967252811e-09,0.0,0.01982848718557035,0.05355136941931025,0.019828492381301518,0.05355136417617652,1.1234901642329615e-07,5.701519986900406e-07
0,105,26,26,0.875,work,1,1.2432050435751766e-16,0.0,0.009305244763164765,0.022111296773921593,0.020228744054200314,0.05566825290284955,0.029170715283620974,0.07138747741603071,2.1952569807270845e-07,6.041865030739716e-07
0,106,26,26,0.8833333333333333,work,2,1.2432050435751766e-16,0.0,0.006228742754263154,0.014793535027123763,0.02058086832304085,0.0581282086110587,0.026545095841198466,0.06832244290394975,1.7688677249899847e-07,1.460009659995543e-07
0,107,26,26,0.8916666666666666,work,3,1.2432050435751766e-16,0.0,0.0031273989604011228,0.007424989904095442,0.020877272904492605,0.060836749122107646,0.023857575864793354,0.06571519045915726,1.5145552054126415e-07,2.5288109106536433e-07
0,108,26,26,0.9,work,4,1.2432050435751766e-16,0.0,5.042579149085168e-08,1.429269171748376e-07,0.02113184133906423,0.06371526766097885,0.02113179485786833,0.06371525996333567,7.125015884570308e-08,6.730311984203021e-07
0,109,27,27,0.9083333333333333,work,1,7.850462293418876e-17,0.0,0.009332514052579935,0.026613615815467354,0.021194720475516047,0.06757333073870976,0.03008966056187679,0.08738752809831313,1.2286109724142838e-07,4.897021271334596e-07
0,110,27,27,0.9166666666666666,work,2,7.850462293418876e-17,0.0,0.006271471203511942,0.017834869248323667,0.02124452392604132,0.07220664447193674,0.027212457152008537,0.08491381945527753,1.6418970340961814e-07,7.929882225781773e-07
0,111,27,27,0.9249999999999999,work,3,7.850462293418876e-17,0.0,0.003162263653890806,0.008970082953687133,0.021281183539770068,0.07742494450693069,0.024280617689252337,0.08341496557750405,1.2781329214440811e-07,5.840038639982192e-07
0,112,27,27,0.9333333333333333,work,4,7.850462293418876e-17,0.0,4.6654474224031136e-08,1.9992005623875177e-07,0.021316471559247454,0.0830888886946646,0.02131651490689064,0.08308882055817551,2.099746561568707e-07,5.196212462831362e-07
0,113,28,28,0.9416666666666667,work,1,1.1443916996305594e-16,0.0,0.009858254850588583,0.02790631849116517,0.021288420841580558,0.08817816033134371,0.0308430236390002,0.1052587214195426,1.5867033216079604e-07,4.1829552792365026e-07
0,114,28,28,0.95,work,2,1.1443916996305594e-16,0.0,0.006643579384956585,0.018739892724094053,0.021267047804830106,0.0937055154428214,0.0276779543791212,0.1040892929349305,1.25088809974225e-07,2.3084779657169695e-07
0,115,28,28,0.9583333333333334,work,3,1.1443916996305594e-16,0.0,0.003359317309309926,0.009445600792863135,0.021266797268798876,0.09957613839671159,0.024489118036712797,0.10421085944848754,2.6181466416273744e-07,2.7637536810325715e-07
0,116,28,28,0.9666666666666667,work,4,1.1443916996305594e-16,0.0,4.751879026807371e-08,7.300048299977713e-08,0.02130359970404629,0.10572153252937298,0.021303644869517715,0.10572150429361023,8.987257790577271e-08,4.636153336198354e-07
0,117,29,29,0.975,work,1,1.576213700060856e-16,0.0,0.009562617540486353,0.025741072404754182,0.020875300611570495,0.11153969326326203,0.029982204859968817,0.12356161149489125,2.3637466957759025e-07,5.95300923449941e-07
0,118,29,29,0.9833333333333333,work,2,1.576213700060856e-16,0.0,0.006458004013347939,0.017289849159253103,0.020540771088950846,0.11789918058782146,0.026669670322024438,0.12481856918280364,1.5658852477464008e-07,6.293866658789802e-07
0,119,29,29,0.9916666666666667,work,3,1.576213700060856e-16,0.0,0.0032727530499207544,0.008721307912293572,0.020323612891049506,0.124640384151704,0.023411526085871166,0.12754138338675752,9.642789107821258e-08,2.9351883535969594e-07
0,120,29,29,1.0,work,4,1.576213700060856e-16,0.0,3.141106927385568e-08,5.960464477539063e-08,0.020240389234594054,0.13166293715394223,0.020240420085182884,0.1316628945164984,1.9375007106372133e-07,8.301966355552804e-07
0,121,30,30,1.0083333333333333,work,1,1.1188630228279524e-16,2.9802322387695312e-08,0.00894531696583041,0.022439831306425007,0.01964126319083003,0.13897494063656907,0.028041686069066173,0.14643622820335878,1.4904541676593303e-07,4.2146848510894113e-07
0,122,30,30,1.0166666666666666,work,2,1.1188630228279524e-16,2.9802322387695312e-08,0.006054743055598555,0.015073495445501588,0.01924509737179598,0.14688709359708052,0.024909550655055412,0.15091262668166405,1.0330026029441949e-07,4.842304232499588e-07
0,123,30,30,1.025,work,3,1.1188630228279524e-16,2.9802322387695312e-08,0.003075644994546901,0.007610011817036655,0.019064165530667834,0.15518198686693485,0.02192267070955918,0.15673784752684927,2.563812341559114e-07,9.209833824850667e-07
0,124,30,30,1.0333333333333332,work,4,1.1188630228279524e-16,2.9802322387695312e-08,3.802537777893084e-08,8.429369702178807e-08,0.01910621707833562,0.16374506800580294,0.019106255012098623,0.16374505723131286,1.5779708003869725e-07,6.690604782296345e-07
0,125,31,31,1.0416666666666667,work,1,5.721958498152797e-17,0.0,0.008167889100544664,0.019321574141618034,0.018689727970229105,0.1730375156081245,0.02632442347215188,0.17738382286659424,2.440006021217029e-07,3.0683368864616786e-07
0,126,31,31,1.05,work,2,5.721958498152797e-17,0.0,0.005538619548659635,0.012985312455161206,0.018521951546237557,0.18303565220676712,0.023671236434249926,0.1852481004195057,3.5224735304208703e-07,6.769786293268563e-07
0,127,31,31,1.0583333333333333,work,3,5.721958498152797e-17,0.0,0.0028185505219783845,0.0065631450621178224,0.01860894924890682,0.19353341337881538,0.021209297638299096,0.19431986207203994,1.9923295790105612e-07,6.670662547826616e-07
0,128,31,31,1.0666666666666667,work,4,5.721958498152797e-17,0.0,5.0843962026923124e-08,1.032382731180714e-07,0.018939581040371092,0.20439399138288641,0.018939530467555987,0.20439402865825942,8.44588657888931e-08,2.8429603618888453e-07
0,129,32,32,1.075,work,1,1.249000902703301e-16,0.0,0.0077215857382567895,0.015631915584174382,0.0189938827162739,0.21575432625570146,0.026229440343749993,0.21739564772294329,2.765867537522062e-07,6.21576714951226e-07
0,130,32,32,1.0833333333333333,work,2,1.249000902703301e-16,0.0,0.005220883143092568,0.01052608297126473,0.019252120848366232,0.22792847156404775,0.024121902114257843,0.22864585383061187,1.293488950499076e-07,2.4211521162497896e-07
0,131,32,32,1.0916666666666666,work,3,1.249000902703301e-16,0.0,0.0026492402981557472,0.005331259104238944,0.019701965924199018,0.2406864788444686,0.022159971092891938,0.2408726260568852,2.519593963358898e-07,7.102713160403399e-07
0,132,32,32,1.1,work,4,1.249000902703301e-16,0.0,3.883797445952046e-08,8.429369702178807e-08,0.02032569007838227,0.2538679188943424,0.020325652106708034,0.25386795082720576,4.9958522522720255e-08,4.298152059869762e-07
0,133,33,33,1.1083333333333334,work,1,2.691897363525767e-16,0.0,0.007354174059009491,0.012023169020446188,0.02068487066024213,0.2671800872500363,0.02758529401802917,0.2675001289966741,8.830968809825633e-08,6.377975511262652e-07
0,134,33,33,1.1166666666666667,work,2,2.691897363525767e-16,0.0,0.00493867297824078,0.008138271264748182,0.021127310106657946,0.2809276142082799,0.025760683796071274,0.28101644649990654,1.0413492992756376e-07,7.232821643061437e-07
0,135,33,33,1.125,work,3,2.691897363525767e-16,0.0,0.002489176623069342,0.00414307331502011,0.02164207506659483,0.29495725823945435,0.02397758039181202,0.2949466029397293,1.7476636874408475e-07,4.842304232499588e-07
0,136,33,33,1.1333333333333333,work,4,2.691897363525767e-16,0.0,4.2841292136045555e-08,8.429369702178807e-08,0.02222048283829709,0.30914001511846473,0.022220525186651578,0.3091400121156211,1.5366924482807506e-07,7.39073560693104e-07
0,137,34,34,1.1416666666666666,work,1,1.2456232622454378e-16,0.0,0.006475210249002334,0.008933376800653533,0.022386371809930798,0.32250139411207074,0.028501924076978852,0.3221891186870282,1.9014650284400182e-07,4.655271575395269e-07
0,138,34,34,1.15,work,2,1.2456232622454378e-16,0.0,0.004318798625096499,0.0060718018359845055,0.02254206643555417,0.3354115653682676,0.026634676941096207,0.33520810230921216,3.187753923771439e-07,8.063166891615853e-07
0,139,34,34,1.1583333333333332,work,3,1.2456232622454378e-16,0.0,0.0021615768747834923,0.0031026281354344038,0.0226937645035051,0.34784033664741204,0.024749151204298648,0.3477432173115392,8.829189495087749e-08,4.287807515245136e-07
0,140,34,34,1.1666666666666667,work,4,1.2456232622454378e-16,0.0,1.2533543471850033e-08,0.0,0.022848413350421246,0.35978726254509547,0.022848425696317922,0.3597872649220813,1.9471935930314408e-07,6.703866648198394e-07
0,141,35,35,1.175,work,1,5.647850449853784e-17,0.0,0.00508486529797995,0.006049986405044683,0.02247945613160901,0.36991737892795706,0.02730793325289315,0.36893901719902195,1.672160683285037e-07,2.2500259981366257e-07
0,142,35,35,1.1833333333333333,work,2,5.647850449853784e-17,0.0,0.00337844576029846,0.004054013775221107,0.02208902689981819,0.37863427692418583,0.025308309400182805,0.3780213143230941,2.0789035233826853e-07,6.343065695104853e-07
0,143,35,35,1.1916666666666667,work,3,5.647850449853784e-17,0.0,0.0016839113759605793,0.0020414914106473016,0.021706814694731003,0.3861048925494158,0.023316807802948623,0.3858177948042903,1.0979468692647238e-07,2.1490760299348777e-07
0,144,35,35,1.2,work,4,5.647850449853784e-17,0.0,2.1029056280657803e-08,5.1619136559035694e-08,0.021348528875969414,0.39246649451771437,0.02134850786459859,0.3924665160041572,3.037312015017533e-07,9.229101280690527e-07
0,145,36,36,1.2083333333333333,work,1,7.97218214573518e-17,0.0,0.004010423605187235,0.0039135750477909325,0.02065480249008589,0.3968885478901989,0.02447294952679375,0.395700397830457,1.1946718438431833e-07,2.493441183966625e-07
0,146,36,36,1.2166666666666666,work,2,7.97218214573518e-17,0.0,0.002666482468759054,0.0025631033206833086,0.020014278385778385,0.3996415247698749,0.022560380983647543,0.3988832909620379,1.6667329038008496e-07,6.078504936209683e-07
0,147,36,36,1.225,work,3,7.97218214573518e-17,0.0,0.0013297145818245337,0.0012592195516612302,0.01945500268477055,0.40096942576499583,0.02072807876118032,0.40060576638066625,2.2871782394484576e-07,5.701519986900406e-07
0,148,36,36,1.2333333333333334,work,4,7.97218214573518e-17,0.0,2.0855366871753314e-08,4.2146848510894035e-08,0.018985610461929973,0.4010676573287703,0.018985589686197336,0.401067678415742,1.4918264995844154e-07,3.139869497076496e-07
0,149,37,37,1.2416666666666667,work,1,8.261145882114475e-16,0.0,0.003627675207826825,0.0047569553163909085,0.018478920989485174,0.3993905128073655,0.021971843586059955,0.3975784328375757,1.7970271864828534e-07,1.8611544365878108e-07
0,150,37,37,1.25,work,2,8.261145882114475e-16,0.0,0.0024163142416894247,0.003147613855138161,0.01807959517697214,0.3963587658180457,0.020413189217363494,0.39517461237545587,3.0431717366676255e-07,5.670278546345386e-07
0,151,37,37,1.2583333333333333,work,3,8.261145882114475e-16,0.0,0.0012070718698105954,0.0015619232625966228,0.017792095248966095,0.39219240834179897,0.0189606337314471,0.3916108083585057,1.6473612614107205e-07,4.3597039098524516e-07
0,152,37,37,1.2666666666666666,work,4,8.261145882114475e-16,0.0,4.055169465518567e-09,4.2146848510894035e-08,0.017606687516297695,0.3870739976207911,0.017606687535807214,0.3870740382492383,1.0998209775024387e-07,3.2373608622551644e-07
1,153,38,1,0.008333333333333333,startup,1,1.6939998869943826e-16,4.2146848510894035e-08,0.00921238867141665,0.029686154199207945,0.0027959997535626883,0.008682301275356507,0.01199756674099797,0.03836843374177469,3.0244857722291545e-07,5.960464477539085e-07
1,154,38,1,0.016666666666666666,startup,2,1.6939998869943826e-16,4.2146848510894035e-08,0.006148642368494921,0.019747999592743107,0.00513571973231774,0.01576081673330526,0.011240382385104287,0.03550411784788506,2.584504966526708e-07,5.26413969178669e-07
1,155,38,1,0.025,startup,3,1.6939998869943826e-16,4.2146848510894035e-08,0.003077795640812377,0.009852508077534655,0.007044390636551115,0.021516352988575637,0.010057494043685724,0.03135440079007605,1.2890128631612326e-07,3.0683368864616786e-07
1,156,38,1,0.03333333333333333,startup,4,1.6939998869943826e-16,4.2146848510894035e-08,1.4327012435398791e-08,0.0,0.008568572347996519,0.026264744115413755,0.008568569252944759,0.026264765345969044,1.4900270752194538e-07,4.539354506649926e-07
1,157,39,2,0.041666666666666664,work,1,1.3877787807814457e-17,0.0,0.0058469902763104336,0.020671640561640954,0.008914698121562025,0.02748047275183656,0.014671657112493146,0.0481304129464988,1.9978283506120588e-07,5.21327724591969e-07
1,158,39,2,0.05,work,2,1.3877787807814457e-17,0.0,0.00389859073461253,0.013757993312719843,0.00937641940838533,0.02868231743077987,0.01312383611873215,0.04241457565663259,3.8426277045522337e-07,7.702617635321716e-07
1,159,39,2,0.058333333333333334,work,3,1.3877787807814457e-17,0.0,0.0019495833926554624,0.006867492745600178,0.009998574931258733,0.030058376326723958,0.011769165090166874,0.03684085736376796,2.4332001713126405e-07,5.527507362065157e-07
1,160,39,2,0.06666666666666667,work,4,1.3877787807814457e-17,0.0,3.300552759774959e-08,1.3978528260658475e-07,0.010755491765044941,0.031767675588669574,0.010755470470784855,0.03176778064269592,2.297773619681677e-07,4.712160915387253e-07
1,161,40,3,0.075,work,1,1.6939998869943826e-16,0.0,0.006080283822688092,0.022227834362461577,0.011866575059669482,0.03451527367699021,0.0173901126257706,0.05617589351517017,4.781033085983544e-07,1.0545138128372632e-06
1,162,40,3,0.08333333333333333,work,2,1.6939998869943826e-16,0.0,0.0040541595252526295,0.01478674594098958,0.013020842167873064,0.03782774420170021,0.016476897821575905,0.051916417262024415,2.549455699486912e-07,5.646734035461092e-07
1,163,40,3,0.09166666666666666,work,3,1.6939998869943826e-16,0.0,0.002027400459574139,0.0073774537796264935,0.01412653179061733,0.04155515318784763,0.015730336235778193,0.04838466074337138,2.0573788382190332e-07,6.272663229658983e-07
1,164,40,3,0.1,work,4,1.6939998869943826e-16,0.0,2.6890787604011023e-08,0.0,0.015120303516310184,0.04561062955723621,0.015120280281808398,0.045610612131989935,1.9005188817587472e-07,6.237164001600872e-07
1,165,41,4,0.10833333333333334,work,1,1.8041124150158794e-16,0.0,0.0060352066392420625,0.025390790298389428,0.016034756881764593,0.05079007251783792,0.020924651776004593,0.07413492144435738,4.467393589580606e-08,6.251387883246874e-07
1,166,41,4,0.11666666666666667,work,2,1.8041124150158794e-16,0.0,0.004026453909809052,0.01689640848720376,0.016770136986128115,0.05650899253665536,0.019877528727585813,0.07194332809551124,2.1430220884977553e-07,5.646734035461092e-07
1,167,41,4,0.125,work,3,1.8041124150158794e-16,0.0,0.0020146833444020223,0.00843297322422625,0.016855851323856,0.0628545338758847,0.018375529946687376,0.0705606544392891,2.0524012011710203e-07,1.0088867473489605e-06
1,168,41,4,0.13333333333333333,work,4,1.8041124150158794e-16,0.0,1.1806257617317025e-08,0.0,0.01644277184626439,0.06966494493697761,0.016442761943343463,0.06966495277836743,4.2852496874822045e-08,5.794233708150282e-07
1,169,42,5,0.14166666666666666,work,1,1.2794688166302258e-16,4.2146848510894035e-08,0.005915205261158106,0.029164878237283396,0.015460186729279648,0.07801275672203556,0.02038338070247474,0.10474161856284635,3.6119873052424333e-07,9.79857577250824e-07
1,170,42,5,0.15,work,2,1.2794688166302258e-16,4.2146848510894035e-08,0.003947201714538526,0.019429793829147727,0.014794984553005586,0.08640539491515407,0.018123561711280507,0.10451511015195174,3.3362294656280584e-07,6.122183377794689e-07
1,171,42,5,0.15833333333333333,work,3,1.2794688166302258e-16,4.2146848510894035e-08,0.0019754384226651936,0.009708144541758102,0.014325481107884709,0.09438453615888234,0.015995039942127316,0.10352989398994616,4.81976123412641e-07,9.996002811937687e-07
1,172,42,5,0.16666666666666666,work,4,1.2794688166302258e-16,4.2146848510894035e-08,5.3802197849266324e-09,4.2146848510894035e-08,0.014033924940238217,0.10186126744298765,0.014033921980702989,0.10186123982474414,3.4042785591445734e-07,6.925433897150939e-07
1,173,43,6,0.175,work,1,1.2118257228641695e-16,0.0,0.005474459450839848,0.03008743412599401,0.013777344293098645,0.10828410034578032,0.018622429727644805,0.13585606464401306,3.467780186600105e-07,6.563280685408514e-07
1,174,43,6,0.18333333333333332,work,2,1.2118257228641695e-16,0.0,0.0036520346297531864,0.02005673295471339,0.013657763779124105,0.11457544004492953,0.0168229791078323,0.13308729101206393,2.893380509335121e-07,6.730311984203021e-07
1,175,43,6,0.19166666666666665,work,3,1.2118257228641695e-16,0.0,0.0018272220857293753,0.010027430155128343,0.013478891957024267,0.12040241588975396,0.015034926348416891,0.12968493464917763,2.6746107164596994e-07,7.456538679121063e-07
1,176,43,6,0.2,work,4,1.2118257228641695e-16,0.0,2.6188997786698505e-08,9.424321830774486e-08,0.012648772030056358,0.12665710707260916,0.012648753828772943,0.12665703551498644,3.5453248632940196e-07,1.0770148634667914e-06
1,177,44,7,0.20833333333333334,work,1,2.2247786310271853e-16,0.0,0.005603663837361445,0.03309064362491123,0.011879727150207887,0.1327441759567444,0.016787137029725115,0.16181879701640053,3.2403571669120965e-07,8.910844557122098e-07
1,178,44,7,0.21666666666666667,work,2,2.2247786310271853e-16,0.0,0.0037376665525547755,0.022062285951396355,0.011391995816878987,0.13896595330635697,0.01478212231378265,0.15853616334298018,3.583897364793025e-07,1.0053591605087028e-06
1,179,44,7,0.225,work,3,2.2247786310271853e-16,0.0,0.001869775176055995,0.011032150488228035,0.011144604276319218,0.1445018411220514,0.012864857788123282,0.1543657508592634,5.481096194422711e-07,1.0649900666001943e-06
1,180,44,7,0.23333333333333334,work,4,2.2247786310271853e-16,0.0,9.80223275992844e-09,2.9802322387695312e-08,0.010994090288236783,0.14877309082005738,0.010994090971902105,0.14877312128136955,4.702244615688472e-07,7.79431869424707e-07
1,181,45,8,0.24166666666666667,work,1,1.1631705747361534e-16,0.0,0.006100256639389954,0.03154499068247997,0.010559565527459123,0.15076759790783328,0.015586269496034458,0.17817488536074097,3.5727606609866764e-07,8.580791979365396e-07
1,182,45,8,0.25,work,2,1.1631705747361534e-16,0.0,0.004066536988093398,0.02101399686573612,0.010282419262323173,0.15229624381297494,0.013726135615632561,0.170672042051459,3.379649012207522e-07,7.907449699295572e-07
1,183,45,8,0.2583333333333333,work,3,1.1631705747361534e-16,0.0,0.002033125765280097,0.010498963009111002,0.01018341309549038,0.15337485102700382,0.01194608470058739,0.1626045502098828,1.9341813431178761e-07,4.98688236793326e-07
1,184,45,8,0.26666666666666666,work,4,1.1631705747361534e-16,0.0,8.346305992922304e-09,5.1619136559035694e-08,0.010241342058679872,0.1538540218579664,0.010241340344309237,0.15385406791254236,1.84914590789557e-07,2.8272965492323474e-07
1,185,46,9,0.275,work,1,1.4488835837920476e-16,0.0,0.00597780458894135,0.02821724990448603,0.010081165912502079,0.1527124113433882,0.015104931952015786,0.17783320680084172,1.9445759105627693e-07,3.9085379387748307e-07
1,186,46,9,0.2833333333333333,work,2,1.4488835837920476e-16,0.0,0.003982951448500134,0.018793643451234,0.010203717702644624,0.1512894961192693,0.013688006958562862,0.1680370511705992,1.1134257176529738e-07,5.824810351637641e-07
1,187,46,9,0.2916666666666667,work,3,1.4488835837920476e-16,0.0,0.0019904064436965523,0.009387856758688347,0.010459820890735405,0.1495326776118404,0.012241583934514695,0.15790251669539568,1.1725877974357942e-07,2.4575624618635555e-07
1,188,46,9,0.3,work,4,1.4488835837920476e-16,0.0,2.6281308755849948e-08,1.032382731180714e-07,0.010803871700609518,0.146958911093413,0.010803859427742073,0.14695898392593326,3.1838611672554166e-07,5.607273495860946e-07
1,189,47,10,0.30833333333333335,work,1,1.8875832159447664e-16,0.0,0.003534898602731408,0.029054970139986258,0.01061205069441026,0.1438243542259083,0.013883313108930298,0.16964702155354328,3.2629297041184846e-07,1.036675401385205e-06
1,190,47,10,0.31666666666666665,work,2,1.8875832159447664e-16,0.0,0.002348322302435855,0.01935471396265959,0.010482171690555969,0.14080603530915228,0.01265642753489022,0.15800212173084605,4.559576024205171e-07,1.0929775727327154e-06
1,191,47,10,0.325,work,3,1.8875832159447664e-16,0.0,0.0011701524558308714,0.009669764593313066,0.010440516961401494,0.137193709444328,0.011512102380064854,0.14577581765684627,2.137719754428924e-07,5.110033809984414e-07
1,192,47,10,0.3333333333333333,work,4,1.8875832159447664e-16,0.0,7.972376911242807e-09,0.0,0.010522249384213936,0.13332400701298938,0.01052225192862594,0.1333240024657688,2.3331538473458526e-07,3.6500241499888623e-07
1,193,48,11,0.3416666666666667,work,1,1.1631705747361534e-16,0.0,0.0022665479727289346,0.032944982656465345,0.009885395172835227,0.1311284759387637,0.011301397557406877,0.15902748951990311,2.153510169441638e-07,4.1509831777763796e-07
1,194,48,11,0.35,work,2,1.1631705747361534e-16,0.0,0.0015120310182872522,0.021967657106629592,0.008975544314214406,0.12809663321582526,0.009909478601954793,0.14687704117520192,2.492981974568435e-07,4.823927300047483e-07
1,195,48,11,0.35833333333333334,work,3,1.1631705747361534e-16,0.0,0.0007570321829400899,0.010986085416350017,0.008179062363607922,0.12369242110741731,0.008628184995156538,0.13315830053440317,4.3127574838257245e-07,7.633118912497625e-07
1,196,48,11,0.36666666666666664,work,4,1.1631705747361534e-16,0.0,4.893964305372668e-09,2.9802322387695312e-08,0.007566065076643274,0.1191814935205759,0.007566068163932231,0.11918152533963457,1.7400570040773903e-07,4.0205531010723307e-07
1,197,49,12,0.375,work,1,1.2719202621569003e-16,0.0,0.006293459180156316,0.034798128779136385,0.007810092389455112,0.11515295958511983,0.012593503491826929,0.14653040102286471,1.956490837398702e-07,2.965293637235823e-07
1,198,49,12,0.3833333333333333,work,2,1.2719202621569003e-16,0.0,0.004202856947934734,0.023241171241127376,0.008160540931179528,0.1115231865461231,0.011419060653823284,0.13255741949320785,1.0689404812407898e-07,3.195943026174193e-07
1,199,49,12,0.39166666666666666,work,3,1.2719202621569003e-16,0.0,0.0021055625310966056,0.011642040146729836,0.008503977886254083,0.10764356369012668,0.010155150171270508,0.11822305319530084,2.0051788571969745e-07,5.623090941939731e-07
1,200,49,12,0.4,work,4,1.2719202621569003e-16,0.0,1.1462903631649688e-08,4.2146848510894035e-08,0.008868755709121306,0.10338033020847319,0.008868764350926138,0.10338029800954542,1.938171012453999e-07,6.637292340791282e-07
1,201,50,13,0.4083333333333333,work,1,1.5605725112683067e-15,0.0,0.006328178521650972,0.036227899989538105,0.009483572947343939,0.09943294721618465,0.015379221851912766,0.13364856086289334,3.77760217160515e-07,6.307962682401185e-07
1,202,50,13,0.4166666666666667,work,2,1.5605725112683067e-15,0.0,0.004221629506114963,0.024197285500161696,0.010058584712031369,0.0956921648399251,0.013970296879056968,0.1186691226117371,3.488931158969426e-07,6.364034564513776e-07
1,203,50,13,0.425,work,3,1.5605725112683067e-15,0.0,0.0021128769239542986,0.012121611355589737,0.010596653336564536,0.0919358142964115,0.012536590183623986,0.10350096628288169,1.6793862314126063e-07,6.00500156867801e-07
1,204,50,13,0.43333333333333335,work,4,1.5605725112683067e-15,0.0,2.6127816052714176e-09,1.1920928955078128e-07,0.01109128128815768,0.08825453921291582,0.011091279662574675,0.08825443709698805,1.7277814587918283e-07,7.027283979983125e-07
1,205,51,14,0.44166666666666665,work,1,2.435541875787129e-16,0.0,0.005240656197250212,0.03908668646689366,0.011116918012933612,0.08508476642905503,0.015819179624279048,0.12228058061881872,4.99949181623164e-07,9.073816149019278e-07
1,206,51,14,0.45,work,2,2.435541875787129e-16,0.0,0.003508189466365531,0.026123347689424484,0.011093440413166691,0.08250890007229555,0.014280307266129975,0.10778145834667675,3.105437719214226e-07,7.691078126766694e-07
1,207,51,14,0.4583333333333333,work,3,2.435541875787129e-16,0.0,0.0017619827917203087,0.013094645796835754,0.011067170211541442,0.08044951340696645,0.012692258568596205,0.09328600934761914,2.3162066187730383e-07,4.1935584781975493e-07
1,208,51,14,0.4666666666666667,work,4,2.435541875787129e-16,0.0,1.668225466700664e-08,1.3328003749250115e-07,0.011047520242718076,0.079379669434881,0.011047508981855468,0.07937959150534925,6.514888499550958e-08,6.756653814765625e-07
1,209,52,15,0.475,work,1,2.5388767065120824e-15,0.0,0.009236815701642831,0.04155902887661911,0.01098406992730826,0.08017781583390067,0.018284257261321785,0.12147409379073351,3.3620465801143184e-07,5.701519986900406e-07
1,210,52,15,0.48333333333333334,work,2,2.5388767065120824e-15,0.0,0.006175854183305197,0.027747207216719163,0.011827437563972304,0.08326762923479533,0.01729295072239524,0.11084883660012432,1.5553209420338136e-07,4.712160915387253e-07
1,211,52,15,0.49166666666666664,work,3,2.5388767065120824e-15,0.0,0.0030968711311540015,0.01389425187755673,0.013313424732905008,0.08864679636911738,0.016252783828929626,0.10231304131239854,2.2886454464838672e-07,7.586432731960971e-07
1,212,52,15,0.5,work,4,2.5388767065120824e-15,0.0,5.4771497358382265e-08,2.0647654623614286e-07,0.015127792054716793,0.09468916297774034,0.01512779092857741,0.0946890582503193,4.463084465770788e-08,8.205115734300793e-07
1,213,53,16,0.5083333333333333,work,1,1.3738309013483032e-16,0.0,0.016075274246877116,0.03841113002732196,0.019167650662820453,0.10206825278346378,0.03498212606191772,0.14007355557003617,1.7014034094553894e-07,5.057621821307297e-07
1,214,53,16,0.5166666666666666,work,2,1.3738309013483032e-16,0.0,0.010694454633728185,0.025568492250957784,0.02360787899096001,0.11068154139819891,0.03426019798133898,0.1358122395882872,8.678505468335498e-08,7.366661485617366e-07
1,215,53,16,0.525,work,3,1.3738309013483032e-16,0.0,0.005335860039014653,0.012764752576880235,0.02806211809728449,0.1199574433446512,0.03337196534021359,0.13238258357597105,1.5138209144334897e-07,1.9992005623875177e-07
1,216,53,16,0.5333333333333333,work,4,1.3738309013483032e-16,0.0,4.702078520188956e-08,1.1920928955078128e-07,0.03238718652297563,0.12968361180256044,0.032387213763835646,0.12968371009756957,3.809926579392238e-07,6.899736465686728e-07
1,217,54,17,0.5416666666666666,work,1,1.1102230246251565e-16,0.0,0.0151673617146346,0.02612681777009204,0.0364376616070401,0.13584544331669907,0.05152216164475599,0.16084951576768367,2.11989340539949e-07,2.2696772533249596e-07
1,218,54,17,0.55,work,2,1.1102230246251565e-16,0.0,0.010083893331971915,0.017359514028643188,0.04020590150173583,0.1415545913995182,0.05014071090458526,0.15812135107526426,4.1261755798263956e-07,5.740332688170162e-07
1,219,54,17,0.5583333333333333,work,3,1.1102230246251565e-16,0.0,0.0050279331705624705,0.008650390616542485,0.04351144033801767,0.14628044033163862,0.048406703767603476,0.15451185350810145,3.7657775241126695e-07,9.372344728420097e-07
1,220,54,17,0.5666666666666667,work,4,1.1102230246251565e-16,0.0,1.1121039275931246e-08,7.300048299977713e-08,0.046232165968172104,0.14967284815223592,0.046232160338503255,0.14967282128343576,2.7257021756331916e-07,4.3800289799866376e-07
1,221,55,18,0.575,work,1,1.2719202621569003e-16,0.0,0.0137100855262805,0.018261346379605407,0.04799206683726926,0.14734039689486164,0.06117683178218621,0.15892063655416858,3.4045467821271664e-07,6.371008851060878e-07
1,222,55,18,0.5833333333333334,work,2,1.2719202621569003e-16,0.0,0.00911499360461717,0.012202620705733127,0.04912675332215727,0.14380825564456562,0.0578188452180933,0.1516181286504323,2.5955728229298813e-07,3.839760639287575e-07
1,223,55,18,0.5916666666666667,work,3,1.2719202621569003e-16,0.0,0.00454485228657053,0.006115396073078509,0.049644836408376566,0.1391115083489092,0.05394444833455449,0.14305222946254312,8.344394257616115e-08,3.4755181639464544e-07
1,224,55,18,0.6,work,4,1.2719202621569003e-16,0.0,3.0534984192098956e-08,7.300048299977713e-08,0.04959539880928398,0.13339328048208374,0.04959537332696266,0.1333932010792206,1.4794498566729673e-07,6.049210766012823e-07
1,225,56,19,0.6083333333333333,work,1,1.1857187100668868e-16,0.0,0.011849548944255559,0.018086800531357333,0.0485889826356189,0.12310121949382646,0.059841409461865946,0.12515499418865111,2.364975435832048e-07,5.413860715802016e-07
1,226,56,19,0.6166666666666667,work,2,1.1857187100668868e-16,0.0,0.007891488390248001,0.012132111820485141,0.04723465753387971,0.11242440236838251,0.05471870923921358,0.11403756461859173,1.5227143613792465e-07,5.900558791525186e-07
1,227,56,19,0.625,work,3,1.1857187100668868e-16,0.0,0.003941624241832168,0.006103442962672749,0.04558628879861328,0.10156041841728682,0.0493187838089945,0.10248765732401773,1.6498191908307507e-07,5.975347058702557e-07
1,228,56,19,0.6333333333333333,work,4,1.1857187100668868e-16,0.0,3.335073011308738e-08,2.1283115233608645e-07,0.04371422512666568,0.09075781801990533,0.04371425207671449,0.09075790575109535,2.3401878050858401e-07,4.933162140025762e-07
1,229,57,20,0.6416666666666666,work,1,3.925231146709438e-17,0.0,0.009861479283287188,0.020525425297182587,0.04110155138765063,0.07844095482971877,0.050531358328590556,0.08035200247898237,2.236401851591261e-07,5.083895358214386e-07
1,230,57,20,0.65,work,2,3.925231146709438e-17,0.0,0.0065792134882554885,0.013726592021384145,0.03847967234614771,0.06677603724805219,0.04478151312278868,0.06863082171193023,2.393332188420245e-07,9.320077759690303e-07
1,231,57,20,0.6583333333333333,work,3,3.925231146709438e-17,0.0,0.003292127149332272,0.006885367921236402,0.03590557951399414,0.05619391801523432,0.03906217660307402,0.05745663579761978,3.931649747104015e-07,7.609811624767649e-07
1,232,57,20,0.6666666666666666,work,4,3.925231146709438e-17,0.0,4.900562755228406e-08,1.5196262340524153e-07,0.03344025488473029,0.047249683442649994,0.03344029674286191,0.04724982436074448,3.0819727932110563e-07,1.1534692335345681e-06
1,233,58,21,0.675,work,1,8.326672684688674e-17,0.0,0.00955147514136827,0.020685191841132843,0.03104637202992118,0.04047236981362674,0.0403814102032479,0.05238253957558812,1.38611937639721e-07,5.247240323322731e-07
1,234,58,21,0.6833333333333333,work,2,8.326672684688674e-17,0.0,0.006378058667771907,0.013832291198789216,0.028862394886876096,0.03629028053454385,0.035097054109415084,0.04507439102304631,2.055588881455682e-07,6.460989531480937e-07
1,235,58,21,0.6916666666666667,work,3,8.326672684688674e-17,0.0,0.003194326737247077,0.006937807295575511,0.02690639057245231,0.03503614259509739,0.030026606581655457,0.039636243647037356,3.023484578991675e-07,9.564642033506254e-07
1,236,58,21,0.7,work,4,8.326672684688674e-17,0.0,1.920424938051667e-08,1.032382731180714e-07,0.025196650860871524,0.03642513134859615,0.025196661748613375,0.0364252136110603,1.676186765505344e-07,7.957833959352242e-07
1,237,59,22,0.7083333333333334,work,1,1.415262216750919e-16,0.0,0.009824873763212193,0.01812768857812297,0.023808689079146104,0.039130329662230595,0.033491904697627674,0.05303188426458188,3.6290832142592587e-07,7.725644944200397e-07
1,238,59,22,0.7166666666666667,work,2,1.415262216750919e-16,0.0,0.006561526603208005,0.01215016238464195,0.02266393591969963,0.042818202719142176,0.029114352211961732,0.05132325386777047,3.093152977321358e-07,6.912597122635399e-07
1,239,59,22,0.725,work,3,1.415262216750919e-16,0.0,0.003286624839929201,0.006108071580847265,0.021750408384034855,0.046964571041678393,0.024969858757515673,0.05079598015528634,8.187822146135205e-08,5.413860715802016e-07
1,240,59,22,0.7333333333333333,work,4,1.415262216750919e-16,0.0,2.3752249866997676e-08,1.032382731180714e-07,0.021053310043647914,0.051240382988163205,0.021053331566994238,0.05124032837106086,1.5594514613420531e-07,4.172325134277351e-07
1,241,60,23,0.7416666666666667,work,1,2.2591401799415137e-16,0.0,0.009443725560081374,0.01652556617570877,0.020404968933846884,0.05482382052034799,0.02969604971193139,0.06446019864160278,2.5841017381545417e-07,6.300918612440247e-07
1,242,60,23,0.75,work,2,2.2591401799415137e-16,0.0,0.006309572801042631,0.011086512077631696,0.019942318309282156,0.05835416904122941,0.02612269971547158,0.06418755525820515,2.6003493155740636e-07,5.110033809984414e-07
1,243,60,23,0.7583333333333333,work,3,2.2591401799415137e-16,0.0,0.0031616592150512266,0.005578277416147494,0.019643745391622662,0.06176767804984596,0.022723064979102398,0.06440480494497344,1.411368789612999e-07,3.2917740992269735e-07
1,244,60,23,0.7666666666666666,work,4,2.2591401799415137e-16,0.0,1.2061060066455774e-08,4.2146848510894035e-08,0.01948796619038399,0.06504094178768735,0.01948795604145299,0.06504096106560638,1.283133016261935e-07,6.286806794920288e-07
1,245,61,24,0.775,work,1,8.777083671441753e-17,0.0,0.009348680379013687,0.019179537373018536,0.019338321877326807,0.06766408229816372,0.028406033520857542,0.07596661155671107,6.888059454729067e-08,5.824810351637641e-07
1,246,61,24,0.7833333333333333,work,2,8.777083671441753e-17,0.0,0.0062506232782482294,0.012846901583049884,0.01929688713748762,0.07024080414297676,0.02532915678040689,0.0753354968506974,7.820686972804993e-08,3.195943026174193e-07
1,247,61,24,0.7916666666666666,work,3,8.777083671441753e-17,0.0,0.0031345181243940066,0.006454487565278489,0.019340270441909696,0.07276518069460061,0.02234592852891755,0.07508917842215511,1.205558042559019e-07,4.287807515245136e-07
1,248,61,24,0.8,work,4,8.777083671441753e-17,0.0,5.598951694593504e-08,1.5196262340524153e-07,0.019447820876422765,0.07524779596316383,0.01944787277528972,0.07524772331651672,1.1276548144638585e-07,5.685920723777704e-07
1,249,62,25,0.8083333333333333,work,1,6.938893903907228e-18,0.0,0.00950057040905062,0.02268895701496833,0.0195060840956165,0.07705203000412929,0.028573803214582725,0.08510638851478575,6.753070007281239e-08,5.46285592908365e-07
1,250,62,25,0.8166666666666667,work,2,6.938893903907228e-18,0.0,0.0063583202328656154,0.015174837945541687,0.019614697488563374,0.07901446422367082,0.02566215380285052,0.0839601759317244,3.0689572703110076e-07,3.097148193542145e-07
1,251,62,25,0.825,work,3,6.938893903907228e-18,0.0,0.003191737716884236,0.007613011443556224,0.01974940939494876,0.081080753836967,0.022769397904742646,0.08332323089791537,2.1085887788773336e-07,2.5809568279517867e-07
1,252,62,25,0.8333333333333334,work,4,6.938893903907228e-18,0.0,3.3583344896131994e-08,8.429369702178807e-08,0.019898108434151664,0.08325195589150898,0.019898076848861173,0.08325198836887514,1.0285704918813558e-07,4.636153336198354e-07
1,253,63,26,0.8416666666666667,work,1,1.4220500840710912e-16,0.0,0.009854354647253247,0.025319158729889185,0.01999559327610626,0.08504627224987901,0.029365931380643563,0.09378957317512915,1.9212026441310245e-07,4.5976783694450694e-07
1,254,63,26,0.85,work,2,1.4220500840710912e-16,0.0,0.006601133180762671,0.01693488005941575,0.02011035761889863,0.08709524722486493,0.026368980959835656,0.09242956030112974,1.4922066324481616e-07,5.040030039932671e-07
1,255,63,26,0.8583333333333333,work,3,1.4220500840710912e-16,0.0,0.003316792346458062,0.008496868728026628,0.02023351792423342,0.089327753299247,0.02336340642766873,0.09172109937694789,1.1038305277618123e-07,5.975347058702557e-07
1,256,63,26,0.8666666666666667,work,4,1.4220500840710912e-16,0.0,3.03325447655522e-08,5.960464477539063e-08,0.020361693276956572,0.09170937211976819,0.020361720548796588,0.09170937932315269,1.214834377765657e-07,3.9085379387748307e-07
1,257,64,27,0.875,work,1,1.249000902703301e-16,0.0,0.009666113872758767,0.024731397172367556,0.02025399061203216,0.09424406537627159,0.02946220249378496,0.10373459049896963,2.0000159924556205e-07,5.297776709387073e-07
1,258,64,27,0.8833333333333333,work,2,1.249000902703301e-16,0.0,0.006483780874255569,0.016559342957466732,0.020173742138660355,0.09703472591014911,0.02633039387595504,0.10276815598010987,1.6346437848092115e-07,4.2357058535671e-07
1,259,64,27,0.8916666666666666,work,3,1.249000902703301e-16,0.0,0.0032625131127569946,0.008318858824858418,0.02012471808727231,0.10000446571942104,0.02320675555875963,0.10255487322240638,1.2864534151059217e-07,2.7476383618393225e-07
1,260,64,27,0.9,work,4,1.249000902703301e-16,0.0,3.4041980367642966e-08,6.664001874625056e-08,0.020113234822217777,0.1031021199959761,0.020113266247258683,0.10310214232268566,1.6848263877668138e-07,3.6983709472390636e-07
1,261,65,28,0.9083333333333333,work,1,1.2719202621569003e-16,0.0,0.009267481217233206,0.023173120124238392,0.019830120086050528,0.10623759910705206,0.028717212839630694,0.11457479611794331,3.4790305926755687e-07,7.527667844483354e-07
1,262,65,28,0.9166666666666666,work,2,1.2719202621569003e-16,0.0,0.006230102132883592,0.01553734951634777,0.01962201590417225,0.10973449903211471,0.02557068942228571,0.11463999830543753,1.0900075149544988e-07,5.022376640544164e-07
1,263,65,28,0.9249999999999999,work,3,1.2719202621569003e-16,0.0,0.0031421017896788054,0.007818904627390984,0.019497274848788795,0.1134682459853554,0.022478733560112485,0.11558114245450965,3.406001046989203e-07,6.717102330675541e-07
1,264,65,28,0.9333333333333333,work,4,1.2719202621569003e-16,0.0,1.054488823954501e-08,5.960464477539063e-08,0.01946701912694728,0.11736544317476269,0.01946702784073647,0.11736542006103304,2.6782820150612217e-07,2.7957056521316965e-07
1,265,66,29,0.9416666666666667,work,1,1.2432050435751766e-16,0.0,0.008801187402813675,0.020930501403854034,0.01913943268321018,0.12150245218734622,0.02758165209893874,0.1278586770977614,1.4808871938442096e-07,2.950279395762585e-07
1,266,66,29,0.95,work,2,1.2432050435751766e-16,0.0,0.005932294928957803,0.014033972390536152,0.01894275493705774,0.12614675285682794,0.0246044048164666,0.12971433863236423,1.9045285030236083e-07,1.8128044993574086e-07
1,267,66,29,0.9583333333333334,work,3,1.2432050435751766e-16,0.0,0.003000228359470455,0.007067557461958857,0.018883885568109687,0.13115065380849533,0.02172706333858902,0.13259379400959367,1.3885257490259531e-07,1.9992005623875177e-07
1,268,66,29,0.9666666666666667,work,4,1.2432050435751766e-16,0.0,1.138244587248191e-08,0.0,0.018969881602621547,0.13643643185328008,0.018969891164581976,0.13643644641480662,1.8474254950330616e-07,5.230286352272122e-07
1,269,67,30,0.975,work,1,1.6883057536160649e-16,0.0,0.00817634349261657,0.018759110222152882,0.01869085750391405,0.14216976869833986,0.026474574121516548,0.14614393513871354,1.2781207836248018e-07,4.823927300047483e-07
1,270,67,30,0.9833333333333333,work,2,1.6883057536160649e-16,0.0,0.00552394586875036,0.012559185873823866,0.018582977191073498,0.14854969860002148,0.023812450327969928,0.15057451080665935,7.74960220117217e-08,4.5976783694450694e-07
1,271,67,30,0.9916666666666667,work,3,1.6883057536160649e-16,0.0,0.002800588481248118,0.006320453255389344,0.018650788836918016,0.1554212630386511,0.0212823490946512,0.1561274396058587,1.1576547437217598e-07,3.94247667650073e-07
1,272,67,30,1.0,work,4,1.6883057536160649e-16,0.0,5.979449113082052e-09,2.9802322387695312e-08,0.01889582668932268,0.16267919700356628,0.018895831131474458,0.16267918872650736,1.3336224407301325e-07,1.264405455326821e-07
1,273,68,31,1.0083333333333333,work,1,1.1150912609939193e-16,0.0,0.0074820294075064004,0.016721108106588025,0.01877756869234189,0.17053181887873847,0.025857468910918686,0.17232494459266753,2.5216085186790486e-07,3.7223088731756253e-07
1,274,68,31,1.0166666666666666,work,2,1.1150912609939193e-16,0.0,0.005060156112750756,0.011192215089497661,0.018844594725330135,0.17912929393351543,0.023607043248061888,0.1798388478012321,4.870949177580572e-07,8.596304119739572e-07
1,275,68,31,1.025,work,3,1.1150912609939193e-16,0.0,0.0025681424821572905,0.005632879624555798,0.019096818633229855,0.18828204647179445,0.021497723936141327,0.18840760532854575,2.2338373388196376e-07,5.527507362065157e-07
1,276,68,31,1.0333333333333332,work,4,1.1150912609939193e-16,0.0,4.297786332215014e-08,8.429369702178807e-08,0.01952480651850123,0.19785432195717986,0.019524849013106006,0.1978542716762149,2.2963688809698021e-07,5.65459309846471e-07
1,277,69,32,1.0416666666666667,work,1,5.882221957486127e-16,0.0,0.0069628079679616255,0.014360835070825965,0.019677611879013637,0.20767241240729384,0.02626157007094725,0.20719826536416677,1.0168480218812661e-07,7.238958955699911e-07
1,278,69,32,1.05,work,2,5.882221957486127e-16,0.0,0.004694482294080519,0.009629404855120989,0.019965168855544314,0.21814930458511017,0.024388254105110828,0.2175517397371721,1.2754528300197651e-07,2.598106231415675e-07
1,279,69,32,1.0583333333333333,work,3,5.882221957486127e-16,0.0,0.0023752377984366923,0.004853254231467076,0.020378010607030022,0.22912835032575193,0.02260719236094625,0.22870061293548602,4.731094036961632e-08,3.7697287323097997e-07
1,280,69,32,1.0666666666666667,work,4,5.882221957486127e-16,0.0,1.625791213206548e-08,1.0745380149674385e-07,0.020900555328355417,0.24046730487934637,0.020900539331914013,0.24046740531886793,1.5233970453206895e-07,5.364418029785172e-07
1,281,70,33,1.075,work,1,3.469446951953614e-18,0.0,0.006481559257676231,0.013019915731506541,0.02117866163919296,0.2516690957662015,0.027355705946867096,0.24969745458532464,1.486635059686261e-07,7.74860382080083e-07
1,282,70,33,1.0833333333333333,work,2,3.469446951953614e-18,0.0,0.004346603656803807,0.008777401480043539,0.02150602322127187,0.2631937587465693,0.02564683784983746,0.2617674756627221,1.0982252480789596e-07,4.430433734452288e-07
1,283,70,33,1.0916666666666666,work,3,3.469446951953614e-18,0.0,0.0021877082238489,0.004445236380142459,0.021872907868682706,0.2749622510526361,0.023956787611881053,0.27419953844930334,1.9220973257329983e-07,8.434636412909633e-07
1,284,70,33,1.1,work,4,3.469446951953614e-18,0.0,4.878684396343736e-08,8.429369702178807e-08,0.022274541613110908,0.28687576765366707,0.02227458940578925,0.2868757259314752,2.1703220867715712e-07,5.230286352272122e-07
1,285,71,34,1.1083333333333334,work,1,1.1102230246251565e-16,0.0,0.005782121957916418,0.011089479263950151,0.02236528866355199,0.29802470620331883,0.02792304029985036,0.2954172170406496,1.8794489046770772e-07,4.869739603509972e-07
1,286,71,34,1.1166666666666667,work,2,1.1102230246251565e-16,0.0,0.003856036284556756,0.007518444924496667,0.022438141125029138,0.3088206030661369,0.026152552643505682,0.3070749388317754,1.2894992046644958e-07,6.515744659029109e-07
1,287,71,34,1.125,work,3,1.1102230246251565e-16,0.0,0.001929920506235004,0.003827664214899686,0.022501430734351957,0.319280730296302,0.024364812796779205,0.3184073942787603,1.126199482216531e-07,5.527507362065157e-07
1,288,71,34,1.1333333333333333,work,4,1.1102230246251565e-16,0.0,2.299314551866102e-08,5.1619136559035694e-08,0.022561141882026025,0.3293952411895845,0.022561164624875833,0.32939526573301725,1.6761460127558605e-07,1.632340423778195e-07
1,289,72,35,1.1416666666666666,work,1,5.551115123125783e-17,0.0,0.004836468292188321,0.007069363112370184,0.02225350846565398,0.33848222151404456,0.026933540607720186,0.33697856434797535,1.1143389433203577e-07,5.161913655903585e-07
1,290,72,35,1.15,work,2,5.551115123125783e-17,0.0,0.0032137300196788507,0.00476813231722497,0.021914382588869824,0.34631494540610386,0.025032215678369947,0.3453484214781809,1.6576172679363762e-07,4.98688236793326e-07
1,291,72,35,1.1583333333333332,work,3,5.551115123125783e-17,0.0,0.0016020213656476956,0.0024152690269527224,0.021561607890151234,0.3530576300125694,0.023119911522622882,0.3525928562287567,1.3855457890549036e-07,5.230286352272122e-07
1,292,72,35,1.1666666666666667,work,4,5.551115123125783e-17,0.0,6.315809285353459e-09,0.0,0.021215778989365157,0.35884587817968455,0.02121578477736309,0.358845888440516,2.9836095787222133e-07,5.945544643181586e-07
1,293,73,36,1.175,work,1,1.9357524242651527e-15,0.0,0.004048810296729869,0.003979163534378559,0.020596442266165495,0.36326326209889337,0.024500005606956435,0.36272778856127585,3.193979278181584e-07,6.664001874625087e-07
1,294,73,36,1.1833333333333333,work,2,1.9357524242651527e-15,0.0,0.002691984150846831,0.0026216794882295935,0.020004166193535542,0.36615255932055346,0.022606538133839935,0.36582945662773475,2.9474928033959075e-07,7.408739861641004e-07
1,295,73,36,1.1916666666666667,work,3,1.9357524242651527e-15,0.0,0.0013424523736245357,0.0012963885028045479,0.019467091250631056,0.3677416062547323,0.020768144851785863,0.3675957588921698,1.70026929336797e-07,3.6983709472390636e-07
1,296,73,36,1.2,work,4,1.9357524242651527e-15,0.0,1.0273558229946803e-08,0.0,0.018997249166283443,0.3682152308940334,0.018997259217146494,0.36821521120360595,1.713518149853153e-07,4.607327232879502e-07
1,297,74,37,1.2083333333333333,work,1,4.935890375251311e-16,0.0,0.003694020431264134,0.004479866642312427,0.018473638576627628,0.3673587670935585,0.022068895293260473,0.3672131095968974,7.861014961217537e-08,1.8848643661548977e-07
1,298,74,37,1.2166666666666666,work,2,4.935890375251311e-16,0.0,0.002459885818980161,0.002958483808457514,0.018035661743812673,0.36520371324828943,0.02043525974685403,0.36513192153400953,1.3493923562913679e-07,6.556510925292998e-07
1,299,74,37,1.225,work,3,4.935890375251311e-16,0.0,0.00122852393927667,0.0014652117399367348,0.01769271294362157,0.36196415664420306,0.018893474163005294,0.3619392622389913,1.8912077375953896e-07,5.144678503761326e-07
1,300,74,37,1.2333333333333334,work,4,4.935890375251311e-16,0.0,5.751393385666958e-09,0.0,0.017439079081041954,0.3578529007701469,0.017439084110521794,0.3578528906763404,2.4556705147448307e-07,6.570043469979972e-07
2,301,75,1,0.008333333333333333,startup,1,1.6939998869943826e-16,4.2146848510894035e-08,0.00921238867141665,0.029686154199207945,0.0027959997535626883,0.008682301275356507,0.01199756674099797,0.03836843374177469,3.0244857722291545e-07,5.960464477539085e-07
2,302,75,1,0.016666666666666666,startup,2,1.6939998869943826e-16,4.2146848510894035e-08,0.006148642368494921,0.019747999592743107,0.00513571973231774,0.01576081673330526,0.011240382385104287,0.03550411784788506,2.584504966526708e-07,5.26413969178669e-07
2,303,75,1,0.025,startup,3,1.6939998869943826e-16,4.2146848510894035e-08,0.003077795640812377,0.009852508077534655,0.007044390636551115,0.021516352988575637,0.010057494043685724,0.03135440079007605,1.2890128631612326e-07,3.0683368864616786e-07
2,304,75,1,0.03333333333333333,startup,4,1.6939998869943826e-16,4.2146848510894035e-08,1.4327012435398791e-08,0.0,0.008568572347996519,0.026264744115413755,0.008568569252944759,0.026264765345969044,1.4900270752194538e-07,4.539354506649926e-07
2,305,76,2,0.041666666666666664,work,1,1.3877787807814457e-17,0.0,0.0058469902763104336,0.020671640561640954,0.008914698121562025,0.02748047275183656,0.014671657112493146,0.0481304129464988,1.9978283506120588e-07,5.21327724591969e-07
2,306,76,2,0.05,work,2,1.3877787807814457e-17,0.0,0.00389859073461253,0.013757993312719843,0.00937641940838533,0.02868231743077987,0.01312383611873215,0.04241457565663259,3.8426277045522337e-07,7.702617635321716e-07
2,307,76,2,0.058333333333333334,work,3,1.3877787807814457e-17,0.0,0.0019495833926554624,0.006867492745600178,0.009998574931258733,0.030058376326723958,0.011769165090166874,0.03684085736376796,2.4332001713126405e-07,5.527507362065157e-07
2,308,76,2,0.06666666666666667,work,4,1.3877787807814457e-17,0.0,3.300552759774959e-08,1.3978528260658475e-07,0.010755491765044941,0.031767675588669574,0.010755470470784855,0.03176778064269592,2.297773619681677e-07,4.712160915387253e-07
2,309,77,3,0.075,work,1,1.6939998869943826e-16,0.0,0.006080283822688092,0.022227834362461577,0.011866575059669482,0.03451527367699021,0.0173901126257706,0.05617589351517017,4.781033085983544e-07,1.0545138128372632e-06
2,310,77,3,0.08333333333333333,work,2,1.6939998869943826e-16,0.0,0.0040541595252526295,0.01478674594098958,0.013020842167873064,0.03782774420170021,0.016476897821575905,0.051916417262024415,2.549455699486912e-07,5.646734035461092e-07
2,311,77,3,0.09166666666666666,work,3,1.6939998869943826e-16,0.0,0.002027400459574139,0.0073774537796264935,0.01412653179061733,0.04155515318784763,0.015730336235778193,0.04838466074337138,2.0573788382190332e-07,6.272663229658983e-07
2,312,77,3,0.1,work,4,1.6939998869943826e-16,0.0,2.6890787604011023e-08,0.0,0.015120303516310184,0.04561062955723621,0.015120280281808398,0.045610612131989935,1.9005188817587472e-07,6.237164001600872e-07
2,313,78,4,0.10833333333333334,work,1,1.8041124150158794e-16,0.0,0.0060352066392420625,0.025390790298389428,0.016034756881764593,0.05079007251783792,0.020924651776004593,0.07413492144435738,4.467393589580606e-08,6.251387883246874e-07
2,314,78,4,0.11666666666666667,work,2,1.8041124150158794e-16,0.0,0.004026453909809052,0.01689640848720376,0.016770136986128115,0.05650899253665536,0.019877528727585813,0.07194332809551124,2.1430220884977553e-07,5.646734035461092e-07
2,315,78,4,0.125,work,3,1.8041124150158794e-16,0.0,0.0020146833444020223,0.00843297322422625,0.016855803884582438,0.06285405612085682,0.018375482332312766,0.0705601960555741,2.663238728858093e-07,9.527425386396606e-07
2,316,78,4,0.13333333333333333,work,4,1.8041124150158794e-16,0.0,1.1806257617317025e-08,0.0,0.01644197598018678,0.06966046953858747,0.016441966078183386,0.06966047738323544,7.427893457919312e-08,5.551557543932562e-07
2,317,79,5,0.14166666666666666,work,1,2.8449465006019636e-16,4.2146848510894035e-08,0.00591479389622933,0.029164480933890128,0.01546148472352212,0.07800689984013914,0.02038421576191214,0.10473822511459054,3.8354435022261784e-07,1.1849937052769264e-06
2,318,79,5,0.15,work,2,2.8449465006019636e-16,4.2146848510894035e-08,0.003946949064675727,0.019429447808970067,0.014797851164060833,0.08639633450639449,0.01812594641772441,0.10450737420329204,2.275624945162738e-07,6.10765860435941e-07
2,319,79,5,0.15833333333333333,work,3,2.8449465006019636e-16,4.2146848510894035e-08,0.0019753570598461897,0.00970783353208768,0.014329838241600817,0.09437294732550122,0.015999104593252572,0.10351865311605213,6.281865357219904e-08,2.1900144899933154e-07
2,320,79,5,0.16666666666666666,work,4,2.8449465006019636e-16,4.2146848510894035e-08,1.3245732617550308e-08,1.632340423778195e-07,0.014038724068099863,0.10184970291956687,0.014038732098726206,0.10184954435777711,3.4290245960016737e-07,9.583196157702017e-07
2,321,80,6,0.175,work,1,1.9141791241147513e-16,0.0,0.005472661160709058,0.030077094909267042,0.013780378978281426,0.10827755074086103,0.018619382392380156,0.13585954083834864,3.087125967053111e-07,4.298152059869762e-07
2,322,80,6,0.18333333333333332,work,2,1.9141791241147513e-16,0.0,0.003650869438881185,0.020049778847032067,0.013658015276008366,0.11456581647499334,0.01681892913646911,0.13308290367896744,1.402095690345428e-07,7.202056630608224e-07
2,323,80,6,0.19166666666666665,work,3,1.9141791241147513e-16,0.0,0.001826659411323141,0.010023996950298411,0.013564598872047333,0.1202585230334382,0.015108152493263631,0.12955680566754105,1.7712494890588783e-07,6.623897186187796e-07
2,324,80,6,0.2,work,4,1.9141791241147513e-16,0.0,1.5786693590947897e-08,5.960464477539063e-08,0.01283354178567244,0.12547300789511479,0.012833554053034347,0.12547294408616208,3.499208502936969e-07,1.0176522182800805e-06
2,325,81,7,0.20833333333333334,work,1,5.003707553108401e-17,0.0,0.005502602630741739,0.03286791093610545,0.012166582237292552,0.13159760561906014,0.016910665475587408,0.16063955878436617,4.221679617084137e-07,1.0228754461843193e-06
2,326,81,7,0.21666666666666667,work,2,5.003707553108401e-17,0.0,0.0036700267688211177,0.02191455968058948,0.011620697272016313,0.13730851922610532,0.014886537345194609,0.15680361599687842,4.2488012118561493e-07,1.0753642650049289e-06
2,327,81,7,0.225,work,3,5.003707553108401e-17,0.0,0.0018358202693711655,0.010958736837687003,0.011258795630569347,0.14294817284727204,0.01292112684461114,0.1527603622087792,3.8472892542104546e-07,8.99516837166947e-07
2,328,81,7,0.23333333333333334,work,4,5.003707553108401e-17,0.0,2.3771582667849872e-08,9.884312124119402e-08,0.011029323846917537,0.1476794986925194,0.01102931613204107,0.14767943212888912,3.3172844643085866e-07,5.297776709387073e-07
2,329,82,8,0.24166666666666667,work,1,6.546139416680338e-17,0.0,0.006102245489742778,0.032032390300476776,0.010541490658527431,0.15032629298402872,0.015450636166029635,0.17828598312751132,2.7602748356247e-07,6.912597122635399e-07
2,330,82,8,0.25,work,2,6.546139416680338e-17,0.0,0.004068396273007777,0.02134279729270377,0.010206583152166512,0.15213459058969875,0.01361130991189695,0.17084995084274374,1.5659800482211096e-07,4.339283638763745e-07
2,331,82,8,0.2583333333333333,work,3,6.546139416680338e-17,0.0,0.0020343095957774037,0.010665371966834888,0.010092841113601954,0.1536507557041503,0.011871883099337732,0.1630358214101432,1.5831010628652396e-07,1.3657139822709086e-07
2,332,82,8,0.26666666666666666,work,4,6.546139416680338e-17,0.0,1.5242194575737232e-08,1.1920928955078128e-07,0.01017423358203286,0.15472915810107676,0.010174229357464934,0.15472927293163993,1.611083308677624e-07,5.685920723777704e-07
2,333,83,9,0.275,work,1,1.2432050435751766e-16,0.0,0.005878084005135537,0.028201402179845448,0.010133287041517194,0.15354095485942054,0.015407568364279933,0.17784663831431552,3.4134197195722586e-07,8.00790121706992e-07
2,334,83,9,0.2833333333333333,work,2,1.2432050435751766e-16,0.0,0.0039145757200672576,0.018776192843095653,0.010305989224394605,0.15192201065859942,0.013920547232852703,0.16812935929275094,3.549743667047435e-07,4.869739603509972e-07
2,335,83,9,0.2916666666666667,work,3,1.2432050435751766e-16,0.0,0.0019552645838782873,0.009375646475721337,0.010601881616649936,0.14937187205147567,0.01243418127887934,0.15746900427521676,3.135856946046691e-07,6.703866648198394e-07
2,336,83,9,0.3,work,4,1.2432050435751766e-16,0.0,2.2575769229879642e-08,1.0745380149674385e-07,0.0110045595233695,0.14622649982815725,0.011004549671539606,0.14622639766436274,2.42551251058404e-07,6.194296387084308e-07
2,337,84,10,0.30833333333333335,work,1,7.850462293418876e-17,2.9802322387695312e-08,0.0030522418731671695,0.029362158774727205,0.010686501056276507,0.14270087473390083,0.01357645326927816,0.1679452038963425,2.4643159665456206e-07,9.550702785827052e-07
2,338,84,10,0.31666666666666665,work,2,7.850462293418876e-17,2.9802322387695312e-08,0.0020239340894760145,0.019559181452835292,0.010483135335966396,0.1391700455820589,0.012390855855625932,0.15598942226512086,2.835973767976065e-07,9.438447727032461e-07
2,339,84,10,0.325,work,3,7.850462293418876e-17,2.9802322387695312e-08,0.0010066931203579269,0.009771789324048425,0.010327502513516195,0.1352489361850159,0.01126223161816782,0.1436519915493008,4.2878304359045855e-07,9.112885505807869e-07
2,340,84,10,0.3333333333333333,work,4,7.850462293418876e-17,2.9802322387695312e-08,2.1067683023369846e-08,5.960464477539063e-08,0.009994837238837628,0.13230983673064264,0.009994823825639248,0.1323098382664618,3.122849665115319e-07,5.551557543932562e-07
2,341,85,11,0.3416666666666667,work,1,1.3329179921125024e-16,0.0,0.0029681818236203567,0.032870913541919934,0.009001777591122561,0.1290935092294257,0.010825451775025734,0.1575519406598384,4.407774691878607e-07,8.544487468499874e-07
2,342,85,11,0.35,work,2,1.3329179921125024e-16,0.0,0.001979756459734297,0.021921751874374437,0.008103450870126856,0.12489026031617759,0.009321665434689826,0.14403527235236818,4.080690459184091e-07,5.347835554160599e-07
2,343,85,11,0.35833333333333334,work,3,1.3329179921125024e-16,0.0,0.00099086340928458,0.010964755571476073,0.007510404851600926,0.12033699173009446,0.008108053059807538,0.12997465718762793,1.9527679697690648e-07,5.763494850937659e-07
2,344,85,11,0.36666666666666664,work,4,1.3329179921125024e-16,0.0,9.831435128992734e-09,7.300048299977713e-08,0.007042483287005309,0.11607492411479527,0.007042485699571724,0.11607484896068754,2.2592846880623337e-07,5.607273495860946e-07
2,345,86,12,0.375,work,1,6.691626947686432e-17,0.0,0.005873556481538915,0.034688830143975946,0.00720846352206902,0.11211709371162855,0.01179041722263782,0.1438137277094081,8.235807342070324e-08,5.495276723678658e-07
2,346,86,12,0.3833333333333333,work,2,6.691626947686432e-17,0.0,0.003922406636721662,0.023163246539356433,0.0074638078168124,0.10844455152680532,0.010572945042969318,0.12970975653846595,7.622726881816203e-08,2.8740318897345554e-07
2,347,86,12,0.39166666666666666,work,3,6.691626947686432e-17,0.0,0.0019650715964939676,0.011600640074557002,0.0077311620928963735,0.10460879997976935,0.009299455620871488,0.11531012423246215,1.9419542635524253e-07,5.527507362065157e-07
2,348,86,12,0.4,work,4,6.691626947686432e-17,0.0,5.63147225866914e-09,4.2146848510894035e-08,0.008012256089060619,0.10055459793336705,0.008012261080003118,0.10055464582756825,2.5819555170421295e-07,7.275674114068609e-07
2,349,87,13,0.4083333333333333,work,1,1.2453719862816254e-15,0.0,0.0064374744923147474,0.03459022330350594,0.00864267037816148,0.09634265981073474,0.0146547286285279,0.1292030869977885,1.3270131966295496e-07,3.6983709472390636e-07
2,350,87,13,0.4166666666666667,work,2,1.2453719862816254e-15,0.0,0.004294854829970483,0.023110518070301043,0.009233808528393667,0.0924396072959034,0.013228349592861706,0.11451391957954085,2.2244036889006374e-07,2.475566823160076e-07
2,351,87,13,0.425,work,3,1.2453719862816254e-15,0.0,0.0021495823648555526,0.01158063102077113,0.009798315485850227,0.0884946185402014,0.01178217151486043,0.09960738365737595,1.7454410468469878e-07,7.102713160403399e-07
2,352,87,13,0.43333333333333335,work,4,1.2453719862816254e-15,0.0,8.765382999258046e-09,0.0,0.010330801632004045,0.08478965390734795,0.010330792874750016,0.08478967877451474,4.213836936514997e-07,9.564642033506254e-07
2,353,88,14,0.44166666666666665,work,1,1.6939998869943826e-16,0.0,0.005330328105002816,0.0382922394901867,0.010363409086022304,0.08203523798965935,0.015199507877359337,0.1189393419026773,3.1918364232418175e-07,7.907449699295572e-07
2,354,88,14,0.45,work,2,1.6939998869943826e-16,0.0,0.0035682083732089974,0.025593990069578562,0.010389130307305034,0.07980565175476823,0.013680608901373695,0.10483454525450868,3.01298964204113e-07,9.414892792064821e-07
2,355,88,14,0.4583333333333333,work,3,1.6939998869943826e-16,0.0,0.001792059041852417,0.012829967597571332,0.010439734319709433,0.07833363697136479,0.012123768596234012,0.09100154546683721,3.060250824831913e-07,7.214378378933829e-07
2,356,88,14,0.4666666666666667,work,4,1.6939998869943826e-16,0.0,1.8139153711189996e-08,1.460009659995543e-07,0.010556497837774919,0.07775435338675252,0.010556482874059685,0.07775432092438178,1.2864219525860198e-07,2.598106231415675e-07
2,357,89,15,0.475,work,1,2.0014830212433605e-16,0.0,0.009344822898609297,0.04019056866235087,0.010792123478315123,0.07927244090721682,0.01850875479724999,0.11932077647330647,2.293288128912918e-07,3.746093836419747e-07
2,358,89,15,0.48333333333333334,work,2,2.0014830212433605e-16,0.0,0.0062454396355059024,0.02682603239867295,0.011925718350769799,0.08284698419924032,0.017606051951997128,0.10942530655237277,2.426561548685677e-07,5.575503985246947e-07
2,359,89,15,0.49166666666666664,work,3,2.0014830212433605e-16,0.0,0.003130446843987082,0.013429044753051471,0.013617157943447002,0.08805305934368238,0.01662651062828518,0.1011505620586793,1.7713415303365077e-07,3.9311963195422116e-07
2,360,89,15,0.5,work,4,2.0014830212433605e-16,0.0,4.449933644249403e-08,8.940696716308595e-08,0.015558125581840032,0.09428985785886573,0.01555812955350388,0.09428993306883994,2.2951175831400233e-07,5.013526630777349e-07
2,361,90,16,0.5083333333333333,work,1,1.249000902703301e-16,0.0,0.015545006790860433,0.03728949563079978,0.019488010593637747,0.10135966922305362,0.034847452382793416,0.13815272530747214,2.1958412634816053e-07,7.408739861641004e-07
2,362,90,16,0.5166666666666666,work,2,1.249000902703301e-16,0.0,0.010342723221479408,0.024817493317425186,0.023732555664712274,0.10993726938504597,0.03404955775078998,0.13423062643522762,1.8816653131284888e-07,7.839767001847022e-07
2,363,90,16,0.525,work,3,1.249000902703301e-16,0.0,0.005160868365758824,0.012387415851684408,0.027987760474726543,0.11900334257359485,0.03312329221576706,0.13099414645572574,2.81794504155272e-07,4.500051996273259e-07
2,364,90,16,0.5333333333333333,work,4,1.249000902703301e-16,0.0,5.581144176148234e-09,1.8848643661548977e-07,0.03212966581270165,0.1284083921123805,0.03212966508304665,0.12840840964450534,2.3994900994546896e-07,5.21327724591969e-07
2,365,91,17,0.5416666666666666,work,1,8.326672684688674e-17,0.0,0.014669123623917743,0.02712163643790908,0.03600459034854133,0.1347506733265219,0.05059059277070558,0.1604460863849982,4.0386993907167976e-07,6.643979790689963e-07
2,366,91,17,0.55,work,2,8.326672684688674e-17,0.0,0.00975479487880794,0.01803180566606182,0.03961582296559083,0.14061708972010126,0.0492244869946602,0.15764664042164359,3.9630012927409093e-07,6.136673772923375e-07
2,367,91,17,0.5583333333333333,work,3,8.326672684688674e-17,0.0,0.004864960104778954,0.008991210690266248,0.042789269755178,0.14550666439534463,0.04752532079107877,0.15397085790244133,1.1945341850083048e-07,2.2302015940987725e-07
2,368,91,17,0.5666666666666667,work,4,8.326672684688674e-17,0.0,3.250582908849164e-08,1.490116119384766e-07,0.04540667394198673,0.1490964424243455,0.04540669838699931,0.14909646426229536,1.5118601775222264e-07,2.995096332168847e-07
2,369,92,18,0.575,work,1,1.0007415106216802e-16,0.0,0.013703205477171028,0.018808883807793175,0.047229572585700604,0.14706482589822711,0.06037954804180267,0.15946909511647628,2.832983642847457e-07,4.4203987640712727e-07
2,370,92,18,0.5833333333333334,work,2,1.0007415106216802e-16,0.0,0.009110134845127715,0.012561434703107357,0.04844778927469588,0.1439055152952666,0.05711793214948884,0.15225565339797567,1.938335403216859e-07,6.703866648198394e-07
2,371,92,18,0.5916666666666667,work,3,1.0007415106216802e-16,0.0,0.00454230519360615,0.006291864643898209,0.04906265172129565,0.13961736754847778,0.053351574600761974,0.14382457570326254,3.1938910288862653e-07,7.164964246852023e-07
2,372,92,18,0.6,work,4,1.0007415106216802e-16,0.0,2.171385604875064e-08,1.57699067060029e-07,0.04911573469654457,0.13431435543809794,0.049115751441259105,0.1343144420972079,1.6825971446214781e-07,1.7631291696726137e-07
2,373,93,19,0.6083333333333333,work,1,3.925231146709438e-17,0.0,0.011877766499425416,0.018094850746436467,0.048237572556290555,0.12428142953948432,0.059520039508915816,0.12659450684222567,1.531116788802425e-07,3.734220292014386e-07
2,374,93,19,0.6166666666666667,work,2,3.925231146709438e-17,0.0,0.007909300679087532,0.012135367760094645,0.047006229720973715,0.1138667529524043,0.05450650964270659,0.11564783322160023,1.8042644361583085e-07,2.1696418193818693e-07
2,375,93,19,0.625,work,3,3.925231146709438e-17,0.0,0.003949986511663494,0.006103894522422289,0.04547321945622239,0.10325462059092484,0.04921175772000729,0.10426378144765118,1.6768475387998683e-07,7.001960351747746e-07
2,376,93,19,0.6333333333333333,work,4,3.925231146709438e-17,0.0,4.1564071027135985e-08,1.490116119384766e-07,0.04370386974825351,0.09266886495848549,0.04370390203128317,0.09266900856860923,2.9100329385038167e-07,6.951036327892935e-07
2,377,94,20,0.6416666666666666,work,1,3.002224531865041e-16,0.0,0.009787179823652452,0.02011589970478101,0.04116810933867923,0.08037811227059949,0.050552356207396267,0.08185082037741595,3.305620906342072e-07,7.039911634336577e-07
2,378,94,20,0.65,work,2,3.002224531865041e-16,0.0,0.006529371047802178,0.01345595255194676,0.03860729574189958,0.06868117065555736,0.04487427616197022,0.07022286832743134,1.507044574960779e-07,5.110033809984414e-07
2,379,94,20,0.6583333333333333,work,3,3.002224531865041e-16,0.0,0.0032670782131883304,0.006751251276913376,0.036078875425326375,0.057986982831940946,0.03921600304773796,0.059082277011507194,4.462697385853499e-07,8.810606896337629e-07
2,380,94,20,0.6666666666666666,work,4,3.002224531865041e-16,0.0,5.195444222837225e-09,5.1619136559035694e-08,0.03364421027075858,0.048816488300021256,0.033644211336792997,0.04881644229941784,2.641390116714917e-07,6.078504936209683e-07
2,381,95,21,0.675,work,1,1.4946834900704541e-16,0.0,0.009569707202167457,0.02035960359679292,0.03130010201749412,0.04155278159698825,0.04065840734004703,0.052526614243816945,1.7368260347626923e-07,6.122183377794689e-07
2,382,95,21,0.6833333333333333,work,2,1.4946834900704541e-16,0.0,0.006390345975630309,0.013621904912078205,0.029153995319208995,0.036848987561165045,0.035401965673042775,0.045121900711884017,2.3580738180548187e-07,5.685920723777704e-07
2,383,95,21,0.6916666666666667,work,3,1.4946834900704541e-16,0.0,0.003200606345146753,0.006835976133567318,0.02722207288218867,0.03514619474574147,0.03034811710118427,0.03957325393159371,3.064538027998948e-07,6.405766385854712e-07
2,384,95,21,0.7,work,4,1.4946834900704541e-16,0.0,4.54000328643971e-08,1.264405455326821e-07,0.025521649821706165,0.03626267085466249,0.025521684817522358,0.036262770179389475,1.8149124161621202e-07,7.164964246852023e-07
2,385,96,22,0.7083333333333334,work,1,1.7772239894833365e-16,0.0,0.009914373218790568,0.018331386765884822,0.02415143456328135,0.038951389773328876,0.03392055564534495,0.05314226346943639,3.608073467994474e-07,7.001960351747746e-07
2,386,96,22,0.7166666666666667,work,2,1.7772239894833365e-16,0.0,0.006621698834579284,0.012288661848113622,0.023015911666309036,0.04271259102931238,0.02952446780573723,0.051442404113000044,3.8380744575614175e-07,9.592459761757394e-07
2,387,96,22,0.725,work,3,1.7772239894833365e-16,0.0,0.003316990928608586,0.006178654433859329,0.02210321395468092,0.046985450735175724,0.025352194522639808,0.05093667747348717,1.3961452723192755e-07,3.2917740992269735e-07
2,388,96,22,0.7333333333333333,work,4,1.7772239894833365e-16,0.0,4.470344358923942e-08,1.8371385344770485e-07,0.021398537122159302,0.05141688347711334,0.02139857632201892,0.05141678460615407,3.05150121632026e-07,4.4802714521804273e-07
2,389,97,23,0.7416666666666667,work,1,6.206335383118183e-17,0.0,0.009450033017995681,0.017092906030321722,0.020708877001712502,0.054905436318747974,0.030009388129007324,0.06442108671308688,1.429925047996013e-07,1.685873940435762e-07
2,390,97,23,0.75,work,2,6.206335383118183e-17,0.0,0.006313465898904495,0.011454247283302039,0.020200305635413682,0.058301793552165436,0.026387471507884553,0.06402100877874636,1.0318963878316203e-07,2.7957056521316965e-07
2,391,97,23,0.7583333333333333,work,3,6.206335383118183e-17,0.0,0.003163448094815154,0.005756969761098778,0.019854388268455612,0.06155480141442004,0.022937364944207873,0.0641202827652379,3.180001358815868e-07,7.140128940767647e-07
2,392,97,23,0.7666666666666666,work,4,6.206335383118183e-17,0.0,3.726522846040154e-08,1.460009659995543e-07,0.019651410682735064,0.06464402638451695,0.0196513771330052,0.0646440924240661,1.300310721569471e-07,3.8971593471235163e-07
2,393,98,24,0.775,work,1,3.3537189618722464e-16,0.0,0.009315720406249778,0.01948046237131232,0.01944393504319586,0.06686732811466403,0.028477456988456235,0.07449943811285825,1.7537721583824748e-07,5.662441253662128e-07
2,394,98,24,0.7833333333333333,work,2,3.3537189618722464e-16,0.0,0.00622727703561702,0.013034654431122047,0.019349114693537943,0.06904154735696257,0.025358501286133768,0.07367705281762675,8.863513638945092e-08,3.2098083538618743e-07
2,395,98,24,0.7916666666666666,work,3,3.3537189618722464e-16,0.0,0.003122050042351439,0.006541604332823584,0.019345203404877404,0.07114508444448085,0.022339304611244507,0.07323700269192772,1.6204759619717232e-07,2.3654860059004356e-07
2,396,98,24,0.8,work,4,3.3537189618722464e-16,0.0,1.0130830319248983e-08,7.300048299977713e-08,0.019412755570931983,0.07319777033160191,0.01941276277323682,0.07319781517078405,1.8877235665229413e-07,1.5196262340524153e-07
2,397,99,25,0.8083333333333333,work,1,2.7755575615628914e-17,0.0,0.00945964946731295,0.022531019164141287,0.019444477537283664,0.07465847608805544,0.028475510580560595,0.08241055839216099,2.78561211259558e-07,2.3841857910156266e-07
2,398,99,25,0.8166666666666667,work,2,2.7755575615628914e-17,0.0,0.0063291106999637595,0.015059836088435741,0.01953450882103916,0.0762693275564243,0.02555668467480646,0.08103220577529233,1.622800557358356e-07,3.4882724019049525e-07
2,399,99,25,0.825,work,3,2.7755575615628914e-17,0.0,0.003176084686566936,0.007550399670142158,0.01965891351099332,0.07799931740178379,0.02266584310556863,0.08015667557620551,1.4400638066834862e-07,4.500051996273259e-07
2,400,99,25,0.8333333333333334,work,4,2.7755575615628914e-17,0.0,4.1520737465726194e-08,1.1920928955078128e-07,0.019804186527295917,0.07984085940369667,0.019804226459881284,0.07984088438972746,1.9785358113337998e-07,6.447228089804658e-07
2,401,100,26,0.8416666666666667,work,1,1.1123893155135927e-16,2.9802322387695312e-08,0.00979112439203492,0.02461841351418207,0.019905444344139954,0.08169491037322237,0.029222862209249693,0.09118562903191499,1.6038879704659904e-07,6.782893345797716e-07
2,402,100,26,0.85,work,2,1.1123893155135927e-16,2.9802322387695312e-08,0.006557784221213768,0.016465230684123342,0.020027357480468837,0.08381373178157182,0.026249800220456913,0.08966887138167529,8.78967517823711e-08,8.107108180961333e-07
2,403,100,26,0.8583333333333333,work,3,1.1123893155135927e-16,2.9802322387695312e-08,0.0032944505577185944,0.00826093185294882,0.02015942941993476,0.08612665446250833,0.02327082730833019,0.08878866681276186,1.3437111265448805e-07,5.701519986900406e-07
2,404,100,26,0.8666666666666667,work,4,1.1123893155135927e-16,2.9802322387695312e-08,1.5811573714566685e-08,8.429369702178807e-08,0.020296613744830525,0.08859781084800562,0.02029662870643242,0.08859785655313565,1.0841600440775431e-07,7.140128940767647e-07
2,405,101,27,0.875,work,1,1.249000902703301e-16,0.0,0.00962731994048437,0.024464323370533208,0.020221178328840298,0.09121993871388255,0.029419790858721272,0.10145103051299828,1.9337188033856027e-07,3.5388297101968327e-07
2,406,101,27,0.8833333333333333,work,2,1.249000902703301e-16,0.0,0.006457735853025723,0.01638009440600438,0.02016993321700107,0.09410974891265465,0.026318802808942967,0.10034949069455298,1.3697993621268077e-07,6.122183377794689e-07
2,407,101,27,0.8916666666666666,work,3,1.249000902703301e-16,0.0,0.0032493011358961117,0.008228775899118742,0.02014321663172573,0.09719149437060824,0.023220852383920878,0.09999763233792408,9.512363735775251e-08,7.360630652444683e-07
2,408,101,27,0.9,work,4,1.249000902703301e-16,0.0,6.632814332097945e-09,8.429369702178807e-08,0.02014839664512033,0.10041160678956268,0.020148392495011137,0.10041155979976119,2.1486028616190967e-07,6.835070217358929e-07
2,409,102,28,0.9083333333333333,work,1,6.938893903907228e-17,0.0,0.009262854455638469,0.023067520778576055,0.019889030559045992,0.10360423560169482,0.02878773494708391,0.11248293989287746,1.7026559908275366e-07,3.4882724019049525e-07
2,410,102,28,0.9166666666666666,work,2,6.938893903907228e-17,0.0,0.006226882900995184,0.015465012275663458,0.019696909245806003,0.1071638165326806,0.02565289997004927,0.11242786087556163,2.2045757442181946e-07,5.678105021493946e-07
2,411,102,28,0.9249999999999999,work,3,6.938893903907228e-17,0.0,0.0031404374685132124,0.007781861659135767,0.019582210392216463,0.11096917332940523,0.02256736995480709,0.11325726586223768,2.390332865798574e-07,5.91559208669641e-07
2,412,102,28,0.9333333333333333,work,4,6.938893903907228e-17,0.0,3.566029141199475e-08,8.429369702178807e-08,0.01955526916351458,0.11495268360232991,0.019555304166088545,0.11495265043624152,1.791910962128855e-07,3.182017282256878e-07
2,413,103,29,0.9416666666666667,work,1,1.3877787807814457e-17,0.0,0.00878238536302494,0.02083049730394454,0.019221948380207264,0.11905903134368749,0.02764986820636197,0.12560457575654596,2.3625150670428974e-07,3.345302391148161e-07
2,414,103,29,0.95,work,2,1.3877787807814457e-17,0.0,0.00591826275610362,0.013963919203264296,0.019012052449435386,0.12366316065094589,0.02466304624024872,0.1273461959834212,8.442658023789351e-08,4.2670431921709716e-07
2,415,103,29,0.9583333333333334,work,3,1.3877787807814457e-17,0.0,0.002992362658881443,0.007030589641426031,0.018934275347207333,0.12862057517675188,0.021771557892744903,0.13011570056452268,1.3402476808057628e-07,5.975347058702557e-07
2,416,103,29,0.9666666666666667,work,4,1.3877787807814457e-17,0.0,2.7579618729614524e-08,8.429369702178807e-08,0.018995894352200556,0.13385268732317795,0.01899592120668188,0.133852708053991,1.2142154611327597e-07,8.658074764212408e-07
2,417,104,30,0.975,work,1,2.776424787817943e-16,0.0,0.008168215588713487,0.01860818157629479,0.018695945469265153,0.13948324545900262,0.02646986953193475,0.14350970907946878,2.2873051194770436e-07,6.664001874625087e-07
2,418,104,30,0.9833333333333333,work,2,2.776424787817943e-16,0.0,0.0055164419812188835,0.012457095009499567,0.018563305125540833,0.14574126674193502,0.023784742580991163,0.14779312105208184,1.8881213603878784e-07,1.632340423778195e-07
2,419,104,30,0.9916666666666667,work,3,2.776424787817943e-16,0.0,0.0027957007521232447,0.00626825798996046,0.018604823456492822,0.1524539188364988,0.021231479165745352,0.15317078035483345,8.01195063527062e-08,5.289387509017856e-07
2,420,104,30,1.0,work,4,2.776424787817943e-16,0.0,7.323650716601261e-09,4.2146848510894035e-08,0.01882050712202868,0.15953651290434484,0.01882051413718052,0.1595365407411908,4.446930018711484e-07,1.0803084945912408e-06
2,421,105,31,1.0083333333333333,work,1,1.27993912314e-16,4.2146848510894035e-08,0.007483796434892382,0.016453544460183944,0.01868185301608335,0.16716779277207586,0.025759908281307992,0.16890157514406956,2.6860730173816356e-07,6.251387883246874e-07
2,422,105,31,1.0166666666666666,work,2,1.27993912314e-16,4.2146848510894035e-08,0.005059185272228563,0.011014582750130978,0.0187290863388063,0.1754970924072751,0.023487971291647532,0.1761653941805373,3.774687281319038e-07,8.150812584863566e-07
2,423,105,31,1.025,work,3,1.27993912314e-16,4.2146848510894035e-08,0.002566448234115614,0.005544222493561177,0.01895943951226764,0.1843463615224,0.021357184535258665,0.18445104300261242,1.892341766645772e-07,1.8611544365878108e-07
2,424,105,31,1.0333333333333332,work,4,1.27993912314e-16,4.2146848510894035e-08,4.257228007076547e-08,1.1151007970493858e-07,0.019365321975296328,0.19359309242610714,0.01936527948936002,0.19359305196072543,1.966060565394237e-07,5.717076686993522e-07
2,425,106,32,1.0416666666666667,work,1,2.776424787817943e-16,0.0,0.006919299864693565,0.014255111642352249,0.01949078011602832,0.20309888143408736,0.026030377875123422,0.2026382610448202,2.0143441106803706e-07,4.1935584781975493e-07
2,426,106,32,1.05,work,2,2.776424787817943e-16,0.0,0.004665017372971409,0.009555662760720753,0.019757654579516785,0.21325532454701315,0.02415022254380127,0.21266170402827278,1.7654340127869554e-07,3.024605383006402e-07
2,427,106,32,1.0583333333333333,work,3,2.776424787817943e-16,0.0,0.002360164518229306,0.004814714225251484,0.020155035664691696,0.22388643520264237,0.022368142388061556,0.2234583770497873,8.394896285120343e-08,3.576278686523442e-07
2,428,106,32,1.0666666666666667,work,4,2.776424787817943e-16,0.0,3.702955630725638e-08,1.032382731180714e-07,0.020667588471656277,0.2348792600020055,0.02066755190777941,0.2348791941755411,6.765179152139039e-08,2.475566823160076e-07
2,429,107,33,1.075,work,1,1.1236938283130691e-16,0.0,0.006510786654192511,0.013121044636661998,0.020966146734630653,0.24591041183474321,0.027174651967415853,0.24427113192439148,7.067396853965422e-08,6.597025281542168e-07
2,430,107,33,1.0833333333333333,work,2,1.1236938283130691e-16,0.0,0.004367324250859356,0.008844057361145114,0.02131753122840256,0.2573834481030714,0.025479515543669107,0.2561742153948723,1.7421812920686576e-08,3.9198835009234925e-07
2,431,107,33,1.0916666666666666,work,3,1.1236938283130691e-16,0.0,0.002198674079634349,0.004478433996328796,0.021712283840461425,0.2691863539757216,0.023806755221219344,0.26852961468127645,2.411956653559036e-07,4.172325134277351e-07
2,432,107,33,1.1,work,4,1.1236938283130691e-16,0.0,4.189197197959778e-08,8.429369702178807e-08,0.02214597397897664,0.2811855386118962,0.022145932497604586,0.28118557037255926,1.847898954182444e-07,6.350063011843742e-07
2,433,108,34,1.1083333333333334,work,1,1.249000902703301e-16,0.0,0.005840159209988847,0.011842953984901754,0.022278902502658682,0.29253677557311397,0.027907898066128277,0.29024702065331004,1.485024986675032e-07,4.98688236793326e-07
2,434,108,34,1.1166666666666667,work,2,1.249000902703301e-16,0.0,0.003897052807787861,0.008038609989473724,0.022396340860871684,0.30368515789075773,0.026159700290243684,0.30214508242389804,1.893076106462738e-07,6.743495761743077e-07
2,435,108,34,1.125,work,3,1.249000902703301e-16,0.0,0.0019516845141138801,0.00409686556965085,0.02250525342029791,0.3145817991202796,0.024393978168051226,0.3138084755554015,6.260918543862431e-08,4.3901562281418636e-07
2,436,108,34,1.1333333333333333,work,4,1.249000902703301e-16,0.0,3.370209332816647e-09,0.0,0.02261097106393634,0.32520885312940345,0.022610972319819737,0.32520881764661214,2.753450005808226e-07,6.093099206763789e-07
2,437,109,35,1.1416666666666666,work,1,2.227212004505268e-16,0.0,0.0048941296835656265,0.007643344778972616,0.022337046132276345,0.3348204809822833,0.027078451500485594,0.3334887062984404,1.351755787390239e-07,2.563692708922217e-07
2,438,109,35,1.15,work,2,2.227212004505268e-16,0.0,0.003252740503258712,0.005170374348049514,0.022025185644680256,0.3432505593286736,0.025184785635564543,0.34239573876090496,2.8233796606746136e-07,5.646734035461092e-07
2,439,109,35,1.1583333333333332,work,3,2.227212004505268e-16,0.0,0.0016218849447952694,0.002626395110756923,0.021698863627850326,0.3506466192065283,0.023278555073252136,0.3502365466167219,1.0317359325089725e-07,3.601028315304097e-07
2,440,109,35,1.1666666666666667,work,4,2.227212004505268e-16,0.0,2.6655267174279636e-09,4.2146848510894035e-08,0.021374749048961205,0.35712381030634566,0.021374746404686642,0.3571237730294392,2.675182891015467e-07,2.6987150723151637e-07
2,441,110,36,1.175,work,1,3.3427036599661995e-15,0.0,0.0040614025329296964,0.004162329631166958,0.020755400887530098,0.36234791914735665,0.02468450162582898,0.3624304053927819,3.514284744447412e-07,7.121445623247972e-07
2,442,110,36,1.1833333333333333,work,2,3.3427036599661995e-15,0.0,0.00270001325192652,0.0027559423445498396,0.020154863855060306,0.3660098562121807,0.02277357192533832,0.3660987790001632,3.213323137168905e-07,7.480323551899913e-07
2,443,110,36,1.1916666666666667,work,3,3.3427036599661995e-15,0.0,0.0013463082910079166,0.0013699196633516356,0.019601102895558897,0.36833102733505085,0.020910066523662195,0.3683913251306909,1.6825152287643638e-07,4.339283638763745e-07
2,444,110,36,1.2,work,4,3.3427036599661995e-15,0.0,1.4921483810936615e-08,2.9802322387695312e-08,0.0191093846345064,0.36949747371583164,0.019109369791853466,0.36949744847590577,3.2340814642333765e-07,7.79431869424707e-07
2,445,111,37,1.2083333333333333,work,1,4.3765942241823496e-16,0.0,0.003713280064259779,0.004569706359662574,0.018559650266362512,0.36936566891421846,0.02218037301814227,0.3701196146657776,2.013192773246478e-07,6.391886052348407e-07
2,446,111,37,1.2166666666666666,work,2,4.3765942241823496e-16,0.0,0.0024723545911902157,0.003017939007706209,0.018090065459784227,0.3678688329880686,0.020506019715372494,0.3683980676181854,1.3465912639013405e-07,5.95300923449941e-07
2,447,111,37,1.225,work,3,4.3765942241823496e-16,0.0,0.001234616977398214,0.0014947238724432178,0.017711245282057985,0.365247118088981,0.01891996044189286,0.36552321075766614,2.2051717068761396e-07,5.230286352272122e-07
2,448,111,37,1.2333333333333334,work,4,4.3765942241823496e-16,0.0,5.015008481893659e-09,0.0,0.017426763626023637,0.3617579284599757,0.017426758738806926,0.3617579256132533,1.8939463853750632e-07,4.860611686199942e-07
3,449,112,1,0.008333333333333333,startup,1,1.6939998869943826e-16,4.2146848510894035e-08,0.00921238867141665,0.029686154199207945,0.0027959997535626883,0.008682301275356507,0.01199756674099797,0.03836843374177469,3.0244857722291545e-07,5.960464477539085e-07
3,450,112,1,0.016666666666666666,startup,2,1.6939998869943826e-16,4.2146848510894035e-08,0.006148642368494921,0.019747999592743107,0.00513571973231774,0.01576081673330526,0.011240382385104287,0.03550411784788506,2.584504966526708e-07,5.26413969178669e-07
3,451,112,1,0.025,startup,3,1.6939998869943826e-16,4.2146848510894035e-08,0.003077795640812377,0.009852508077534655,0.007044390636551115,0.021516352988575637,0.010057494043685724,0.03135440079007605,1.2890128631612326e-07,3.0683368864616786e-07
3,452,112,1,0.03333333333333333,startup,4,1.6939998869943826e-16,4.2146848510894035e-08,1.4327012435398791e-08,0.0,0.008568572347996519,0.026264744115413755,0.008568569252944759,0.026264765345969044,1.4900270752194538e-07,4.539354506649926e-07
3,453,113,2,0.041666666666666664,work,1,1.3877787807814457e-17,0.0,0.0058469902763104336,0.020671640561640954,0.008914698121562025,0.02748047275183656,0.014671657112493146,0.0481304129464988,1.9978283506120588e-07,5.21327724591969e-07
3,454,113,2,0.05,work,2,1.3877787807814457e-17,0.0,0.00389859073461253,0.013757993312719843,0.00937641940838533,0.02868231743077987,0.01312383611873215,0.04241457565663259,3.8426277045522337e-07,7.702617635321716e-07
3,455,113,2,0.058333333333333334,work,3,1.3877787807814457e-17,0.0,0.0019495833926554624,0.006867492745600178,0.009998574931258733,0.030058376326723958,0.011769165090166874,0.03684085736376796,2.4332001713126405e-07,5.527507362065157e-07
3,456,113,2,0.06666666666666667,work,4,1.3877787807814457e-17,0.0,3.300552759774959e-08,1.3978528260658475e-07,0.010755491765044941,0.031767675588669574,0.010755470470784855,0.03176778064269592,2.297773619681677e-07,4.712160915387253e-07
3,457,114,3,0.075,work,1,1.6939998869943826e-16,0.0,0.006080283822688092,0.022227834362461577,0.011866575059669482,0.03451527367699021,0.0173901126257706,0.05617589351517017,4.781033085983544e-07,1.0545138128372632e-06
3,458,114,3,0.08333333333333333,work,2,1.6939998869943826e-16,0.0,0.0040541595252526295,0.01478674594098958,0.013020842167873064,0.03782774420170021,0.016476897821575905,0.051916417262024415,2.549455699486912e-07,5.646734035461092e-07
3,459,114,3,0.09166666666666666,work,3,1.6939998869943826e-16,0.0,0.002027400459574139,0.0073774537796264935,0.01412653179061733,0.04155515318784763,0.015730336235778193,0.04838466074337138,2.0573788382190332e-07,6.272663229658983e-07
3,460,114,3,0.1,work,4,1.6939998869943826e-16,0.0,2.6890787604011023e-08,0.0,0.015120303516310184,0.04561062955723621,0.015120280281808398,0.045610612131989935,1.9005188817587472e-07,6.237164001600872e-07
3,461,115,4,0.10833333333333334,work,1,1.8041124150158794e-16,0.0,0.0060352066392420625,0.025390790298389428,0.016034756881764593,0.05079007251783792,0.020924651776004593,0.07413492144435738,4.467393589580606e-08,6.251387883246874e-07
3,462,115,4,0.11666666666666667,work,2,1.8041124150158794e-16,0.0,0.004026453909809052,0.01689640848720376,0.016770202137354907,0.05650995641219361,0.019877595305899113,0.07194421542426736,1.0804665381629282e-07,4.777675730550718e-07
3,463,115,4,0.125,work,3,1.8041124150158794e-16,0.0,0.0020146833444020223,0.00843297322422625,0.0167878317362306,0.06267836344982847,0.018316605026384786,0.07040698288853862,2.2852455185750664e-07,6.769786293268563e-07
3,464,115,4,0.13333333333333333,work,4,1.8041124150158794e-16,0.0,1.1806257617317025e-08,0.0,0.016450117170123065,0.07006075746602156,0.016450107275695992,0.07006076553809786,1.7099330367594017e-07,6.93824692179136e-07
3,465,116,5,0.14166666666666666,work,1,1.1631705747361534e-16,0.0,0.005879220951338391,0.028994262590197134,0.015986371546335296,0.07796156687173836,0.020823843911155288,0.10448648858755073,3.606238375681767e-07,1.0695671108321294e-06
3,466,116,5,0.15,work,2,1.1631705747361534e-16,0.0,0.003923037393877326,0.019315028304991055,0.015609437421324973,0.08585792776948135,0.018809425316070365,0.10373486766277003,3.937632695879267e-07,8.128989754310816e-07
3,467,116,5,0.15833333333333333,work,3,1.1631705747361534e-16,0.0,0.0019632795568615604,0.009650386326103795,0.015288942419443048,0.09352536926944383,0.01686889976997513,0.10253023205424802,3.2489713494484274e-07,6.912597122635399e-07
3,468,116,5,0.16666666666666666,work,4,1.1631705747361534e-16,0.0,3.3962024661841744e-08,1.632340423778195e-07,0.014895809061242025,0.10076909856502149,0.014895839207244455,0.10076894658973834,1.4399591804585427e-07,3.686343692795336e-07
3,469,117,6,0.175,work,1,1.2177709378935645e-16,0.0,0.005555876774546951,0.03069848803269436,0.01436369362144071,0.1080070911241333,0.01915321225471009,0.13600760704524031,2.128515299248024e-07,7.287871396921605e-07
3,470,117,6,0.18333333333333332,work,2,1.2177709378935645e-16,0.0,0.0037063383049978065,0.020464655812018447,0.013984751612554218,0.11505249942987901,0.017160821136699485,0.1338948188554058,2.2844604440993738e-07,5.623090941939731e-07
3,471,117,6,0.19166666666666665,work,3,1.2177709378935645e-16,0.0,0.0018543717003330223,0.01023171910651241,0.013684848255519083,0.12164846011745496,0.015257140361307358,0.1311278739775992,3.4117217049732906e-07,1.0720554440382222e-06
3,472,117,6,0.2,work,4,1.2177709378935645e-16,0.0,3.187002210893689e-08,1.685873940435762e-07,0.013275521260486306,0.12744181637495938,0.013275545881164974,0.12744165587586595,3.2960824413017275e-07,1.0358182905306197e-06
3,473,118,7,0.20833333333333334,work,1,2.0062885096040707e-16,2.9802322387695312e-08,0.005574001884238368,0.03228964041313979,0.012603155829213775,0.13354655139611776,0.017118159399836387,0.1622769395576795,3.813969860234364e-07,1.2413660049235143e-06
3,474,118,7,0.21666666666666667,work,2,2.0062885096040707e-16,2.9802322387695312e-08,0.0037183519198554353,0.02152763567002298,0.012096809382084463,0.13877416606130016,0.015160913631174496,0.15807170091277525,4.142653968530451e-07,9.248328595866584e-07
3,475,118,7,0.225,work,3,2.0062885096040707e-16,2.9802322387695312e-08,0.0018603423887131219,0.010764500422009788,0.011672608973439226,0.14341160793811622,0.013226128550313859,0.15310790277161007,2.8869246316178045e-07,6.730311984203021e-07
3,476,118,7,0.23333333333333334,work,4,2.0062885096040707e-16,2.9802322387695312e-08,6.542772531899734e-09,9.424321830774486e-08,0.011304797898746796,0.14752423322749028,0.011304799849084692,0.14752415356499493,2.5913449304694713e-07,4.4203987640712727e-07
3,477,119,8,0.24166666666666667,work,1,1.8424037361508207e-16,2.9802322387695312e-08,0.006070772244299545,0.03208233312343971,0.010632823518407724,0.15000570729348842,0.015370783969415016,0.17790408967130106,1.869289757517055e-07,3.4498682328433513e-07
3,478,119,8,0.25,work,2,1.8424037361508207e-16,2.9802322387695312e-08,0.004047377009672083,0.021376018318675305,0.010145087537212924,0.15172208029016004,0.013506660007980374,0.17037946744465893,2.3036270779621426e-07,5.511415603431161e-07
3,479,119,8,0.2583333333333333,work,3,1.8424037361508207e-16,2.9802322387695312e-08,0.0020237810346104656,0.010681731698110833,0.00987920082564668,0.15325175369381885,0.01165062203052655,0.16260505422208735,1.9715594675140948e-07,5.755784486480961e-07
3,480,119,8,0.26666666666666666,work,4,1.8424037361508207e-16,2.9802322387695312e-08,2.107546019733545e-08,7.300048299977713e-08,0.009823213499019998,0.15460089198357785,0.009823213652888041,0.15460094445936629,1.31611805657566e-07,2.7637536810325715e-07
3,481,120,9,0.275,work,1,2.5626980138831173e-16,0.0,0.005819941145127492,0.028217825858626977,0.009669159635387578,0.15331564554306923,0.014926166747892251,0.17729033833811156,3.650288211343631e-07,6.10765860435941e-07
3,482,120,9,0.2833333333333333,work,2,2.5626980138831173e-16,0.0,0.0038725546664351127,0.018778173468304946,0.009765439728562123,0.15101311691242122,0.013361961704946858,0.1670235294126248,3.370347309928943e-07,6.650660516149253e-07
3,483,120,9,0.2916666666666667,work,3,2.5626980138831173e-16,0.0,0.0019326592184718489,0.009372283274249923,0.010051543725773831,0.14819833809997046,0.0118744587886412,0.1562055095471524,2.91425733242395e-07,3.7697287323097997e-07
3,484,120,9,0.3,work,4,2.5626980138831173e-16,0.0,1.0408108264229282e-08,5.960464477539063e-08,0.010434095587732232,0.14470080589330425,0.01043408706403366,0.1447008647143167,2.3373770434407663e-07,6.019774042583772e-07
3,485,121,10,0.30833333333333335,work,1,7.850462293418876e-17,0.0,0.003199613495842661,0.02941388265291559,0.009920824553889585,0.1412052368650932,0.012695595909914066,0.16720358018464085,2.2174659481562816e-07,5.732591170570675e-07
3,486,121,10,0.31666666666666665,work,2,7.850462293418876e-17,0.0,0.002123398604401622,0.01959557842023838,0.009553814497564601,0.1378223754980944,0.011404187650228442,0.1551621064045239,3.2217653714596694e-07,1.0827721431604129e-06
3,487,121,10,0.325,work,3,7.850462293418876e-17,0.0,0.0010570467965305712,0.009791020693485341,0.009052091885031581,0.13555163829403452,0.009957298884027752,0.144261937552364,3.270701899555034e-07,8.057657381651321e-07
3,488,121,10,0.3333333333333333,work,4,7.850462293418876e-17,0.0,6.5139123346890835e-09,1.032382731180714e-07,0.008289670504036428,0.13141982174219788,0.00828967627022756,0.13141992974518965,1.361931291059795e-07,4.042583693936634e-07
3,489,122,11,0.3416666666666667,work,1,1.2509268882771003e-16,0.0,0.00461311153570485,0.03226258631542326,0.007482973300426065,0.1276686635634374,0.010331822584186731,0.15720913538434403,3.17730775331523e-07,8.333999785250225e-07
3,490,122,11,0.35,work,2,1.2509268882771003e-16,0.0,0.003077158663660774,0.021519094084289047,0.006898059853829695,0.12385784669500474,0.008881943105879845,0.1436525026744241,4.214298887974081e-07,9.176018427813522e-07
3,491,122,11,0.35833333333333334,work,3,1.2509268882771003e-16,0.0,0.0015397794897775853,0.010764971206619059,0.006566504693298672,0.1196628840608623,0.007594104666011365,0.1296014863959302,3.3127167602520724e-07,7.929882225781773e-07
3,492,122,11,0.36666666666666664,work,4,1.2509268882771003e-16,0.0,1.5161087547200036e-08,7.300048299977713e-08,0.00647057033368738,0.1156065522183088,0.00647055583285323,0.11560650276095605,3.633572935456499e-07,5.331201499700061e-07
3,493,123,12,0.375,work,1,1.415262216750919e-16,0.0,0.006090922260861132,0.03385992940488093,0.006904627524605531,0.11198609207295114,0.012194155116080668,0.14368210799217981,2.785812566477228e-07,4.786961795153931e-07
3,494,123,12,0.3833333333333333,work,2,1.415262216750919e-16,0.0,0.004065741338252042,0.02260299210633286,0.007381354050183062,0.10864651445840035,0.010954210717560994,0.12987364443837474,2.5131077296246934e-07,5.057621821307297e-07
3,495,123,12,0.39166666666666666,work,3,1.415262216750919e-16,0.0,0.0020358328685078377,0.011316433603667561,0.007813589116996518,0.10500952294741273,0.009613242664358704,0.11567648888714632,2.868700440933093e-07,6.447228089804658e-07
3,496,123,12,0.4,work,4,1.415262216750919e-16,0.0,2.2948068925594118e-08,2.9802322387695312e-08,0.00827708258036089,0.10095808003025808,0.00827706685753253,0.10095805685211649,2.5225606573969484e-07,3.9311963195422116e-07
3,497,124,13,0.4083333333333333,work,1,4.163336342344337e-17,0.0,0.0067358301661832026,0.035950065038326005,0.009106843915904593,0.0973024037525428,0.015642034726334568,0.13175341557709752,2.9202065021077676e-07,6.93824692179136e-07
3,498,124,13,0.4166666666666667,work,2,4.163336342344337e-17,0.0,0.004493490882892274,0.02401111562386241,0.009875937662693767,0.09390375529292473,0.0142159100611237,0.11701196656986156,1.2697783916689605e-07,2.0431442857983847e-07
3,499,124,13,0.425,work,3,4.163336342344337e-17,0.0,0.0022487873317034103,0.012028009757222282,0.010573635223941297,0.09041403175929691,0.012732816857769537,0.10203603335357528,3.48216019513511e-07,7.492187672839527e-07
3,500,124,13,0.43333333333333335,work,4,4.163336342344337e-17,0.0,1.497405823648177e-08,9.424321830774486e-08,0.011226778490633041,0.08680201640396164,0.011226777561520167,0.08680208148159638,3.856508323026605e-07,9.9022672926404e-07
3,501,125,14,0.44166666666666665,work,1,5.551115123125783e-17,0.0,0.005530653385565485,0.04341964766933162,0.011393477888418404,0.08525061468691195,0.016601750774025814,0.12737498636475644,3.035465549022971e-07,8.172577143193593e-07
3,502,125,14,0.45,work,2,5.551115123125783e-17,0.0,0.0037016903496212266,0.029006966224961545,0.011541069125116956,0.08421337514501696,0.01506419223558718,0.11268197493647508,1.881207725596636e-07,3.6500241499888623e-07
3,503,125,14,0.4583333333333333,work,3,5.551115123125783e-17,0.0,0.0018590905676868657,0.014533874445817073,0.011655034157732617,0.08348011129981811,0.013445969426632442,0.09787183311721531,1.4908515618994465e-07,2.7314279645418187e-07
3,504,125,14,0.4666666666666667,work,4,5.551115123125783e-17,0.0,4.03782662498541e-08,6.664001874625056e-08,0.011832261419415192,0.08331872453453625,0.011832234555055804,0.08331879182478379,1.9133855113324792e-07,4.0862885715967747e-07
3,505,126,15,0.475,work,1,2.220446049250313e-16,0.0,0.00889709941518455,0.048855587569382394,0.011870736779485441,0.08603948602025904,0.018913315518648565,0.1345981570889332,5.389055867628037e-08,4.951133646320162e-07
3,506,126,15,0.48333333333333334,work,2,2.220446049250313e-16,0.0,0.005961966956046642,0.03263453577344474,0.012591929167911306,0.09030050649389465,0.017820411896614635,0.12277957577311369,2.417679469851761e-07,4.5976783694450694e-07
3,507,126,15,0.49166666666666664,work,3,2.220446049250313e-16,0.0,0.0029962966384244837,0.01634925640182439,0.013809828503043494,0.09601649365418558,0.01661883051577412,0.11217236327830327,3.004943422256952e-07,5.870376707193935e-07
3,508,126,15,0.5,work,4,2.220446049250313e-16,0.0,9.385678210655832e-09,1.685873940435762e-07,0.015242775835745266,0.10270823431058011,0.015242780265637596,0.1027082677579362,3.662568671539352e-07,8.296615425989123e-07
3,509,127,16,0.5083333333333333,work,1,8.777083671441753e-17,0.0,0.01511459759042692,0.045081214088095234,0.01836042770397731,0.10970692373849014,0.03291264763783151,0.15410245590739044,2.4671249648664305e-07,5.389196074016445e-07
3,510,127,16,0.5166666666666666,work,2,8.777083671441753e-17,0.0,0.010066942436145669,0.030048212047440764,0.022142881419630094,0.11823682907419591,0.03209697150347961,0.14758659621251927,1.9367173244677814e-07,2.7314279645418187e-07
3,511,127,16,0.525,work,3,8.777083671441753e-17,0.0,0.005028583142085783,0.015021029494423195,0.02622534999921178,0.12798366821367,0.03124047411326291,0.14248219233219234,1.1959925182908132e-07,3.8971593471235163e-07
3,512,127,16,0.5333333333333333,work,4,8.777083671441753e-17,0.0,1.3491489047132402e-08,1.1542389828584842e-07,0.030411143439697863,0.13847716051173567,0.030411149153973877,0.13847719496307626,3.264027689780596e-07,3.4498682328433513e-07
3,513,128,17,0.5416666666666666,work,1,6.206335383118183e-17,0.0,0.016493169921131878,0.02892159289260216,0.03516690918398573,0.1442654190204481,0.05157731797426441,0.17077025650154437,3.379058628212406e-07,7.568851172447426e-07
3,514,128,17,0.55,work,2,6.206335383118183e-17,0.0,0.010965875765768976,0.019269454020668073,0.03976766043379673,0.1503468191811425,0.0506145452246193,0.16801438977802768,1.576410132796315e-07,2.40274004587488e-07
3,515,128,17,0.5583333333333333,work,3,6.206335383118183e-17,0.0,0.005467998748250291,0.00962877003288494,0.043926728979863716,0.15585535572558953,0.04928258455731304,0.16466958017098013,2.0165507863627877e-07,3.318646170395629e-07
3,516,128,17,0.5666666666666667,work,4,6.206335383118183e-17,0.0,1.3999444054550243e-08,5.960464477539063e-08,0.04745432946127777,0.16024682226046486,0.04745433710613342,0.16024681151555065,3.766235316646417e-07,3.6621706865562575e-07
3,517,129,18,0.575,work,1,1.2719202621569003e-16,0.0,0.01363028983178187,0.02074595490307208,0.04943808192811108,0.15813177136017267,0.06248270960369594,0.16962457676723847,4.100235580114301e-07,4.712160915387253e-07
3,518,129,18,0.5833333333333334,work,2,1.2719202621569003e-16,0.0,0.009062137079155983,0.013868130344196799,0.05069364954442471,0.15478155195640567,0.05927590335242668,0.16267740112950532,3.2887969294387005e-07,2.3084779657169695e-07
3,519,129,18,0.5916666666666667,work,3,1.2719202621569003e-16,0.0,0.0045186034515896974,0.006952730008129553,0.05124334380350615,0.15019230856955187,0.05548054408770654,0.15423399161226234,1.1896072695953429e-07,7.121445623247972e-07
3,520,129,18,0.6,work,4,1.2719202621569003e-16,0.0,1.5842702642136312e-08,7.884953353001448e-08,0.05113548250342862,0.14445764741868142,0.0511354951778141,0.14445763642055579,2.2894855490179285e-07,5.331201499700061e-07
3,521,130,19,0.6083333333333333,work,1,1.249000902703301e-16,0.0,0.011996935626179017,0.021890770957521385,0.05012219828648162,0.13444203691293855,0.06155082531424955,0.13906301088764833,2.6807264533446875e-07,1.0481778022688137e-06
3,522,130,19,0.6166666666666667,work,2,1.249000902703301e-16,0.0,0.007989280888711288,0.014645740008569871,0.04866507260907799,0.12385016301975214,0.05624610632254933,0.12731873839143798,2.4359466488723043e-07,5.430241572346883e-07
3,523,130,19,0.625,work,3,1.249000902703301e-16,0.0,0.003990304203329036,0.007349136681795934,0.04684806175627613,0.11293229828726982,0.050620466100591156,0.11486118912900063,2.806495829998553e-07,4.4404460268471747e-07
3,524,130,19,0.6333333333333333,work,4,1.249000902703301e-16,0.0,7.351304843977269e-09,1.032382731180714e-07,0.044760305664149576,0.1020080501207166,0.04476030114246229,0.10200798218209511,1.9727169036013796e-07,6.861009855998394e-07
3,525,131,20,0.6416666666666666,work,1,1.6883057536160649e-16,2.9802322387695312e-08,0.010049993994957351,0.021807902739508656,0.041905783412523365,0.0897071182226418,0.051461013602403766,0.09553507601895071,3.2668231509946654e-07,9.527425386396606e-07
3,526,131,20,0.65,work,2,1.6883057536160649e-16,2.9802322387695312e-08,0.006705263339652745,0.014555594946273202,0.03903188149166001,0.07795469139337056,0.04541919536477351,0.08262716173352476,2.9050244038597494e-07,6.460989531480937e-07
3,527,131,20,0.6583333333333333,work,3,1.6883057536160649e-16,2.9802322387695312e-08,0.0033553395759085666,0.007286918345693082,0.036217446848765295,0.06719392236485831,0.039418040670921896,0.06998603037565408,1.2655050533194238e-07,4.2670431921709716e-07
3,528,131,20,0.6666666666666666,work,4,1.6883057536160649e-16,2.9802322387695312e-08,1.3698405129474017e-08,5.960464477539063e-08,0.033532340128605606,0.057890009358844266,0.033532352871955245,0.057890028579944554,3.075926661158633e-07,4.129530924722863e-07
3,529,132,21,0.675,work,1,6.798699777552591e-17,0.0,0.009002908108234174,0.022434258623107304,0.030692301770363434,0.05109384192034825,0.03943462295755436,0.06822055447692874,1.7808127636324493e-07,3.153981341200582e-07
3,530,132,21,0.6833333333333333,work,2,6.798699777552591e-17,0.0,0.006011368366214178,0.014945223719451771,0.028109259711747176,0.0460889843267631,0.03395832147708299,0.05837168714037659,2.2356105394416677e-07,4.4703483581543064e-07
3,531,132,21,0.6916666666666667,work,3,6.798699777552591e-17,0.0,0.003010362399220818,0.007467298415742769,0.025818239124374823,0.043177521143437356,0.028750011516314383,0.049659616433958,2.3739547001449056e-07,1.8848643661548977e-07
3,532,132,21,0.7,work,4,6.798699777552591e-17,0.0,5.842739223259196e-09,2.9802322387695312e-08,0.023841769796135396,0.04227206545155923,0.023841768264550752,0.04227204680239875,1.2901967688872347e-07,4.860611686199942e-07
3,533,133,22,0.7083333333333334,work,1,8.326672684688674e-17,0.0,0.009127929414164525,0.01791597388740878,0.02219870222881846,0.041765477698109496,0.031175561800389807,0.05842619596824409,1.513661640300658e-07,6.570043469979972e-07
3,534,133,22,0.7166666666666667,work,2,8.326672684688674e-17,0.0,0.006091944324956364,0.011930427463039564,0.020863743053129474,0.04206233106384634,0.02684470427004656,0.05264672243503901,1.3145319803297405e-07,3.39798755973321e-07
3,535,133,22,0.725,work,3,8.326672684688674e-17,0.0,0.003049286261257725,0.005958598851720056,0.01982623515024317,0.042910846133015115,0.02281108507237869,0.04788692486895546,1.7622198940801245e-07,1.460009659995543e-07
3,536,133,22,0.7333333333333333,work,4,8.326672684688674e-17,0.0,4.540586504413664e-09,1.8371385344770485e-07,0.019067932452456724,0.04406620437548095,0.019067929141604392,0.044066219354437976,1.3638334121525471e-07,7.884953353001448e-08
3,537,134,23,0.7416666666666667,work,1,1.5838319836915702e-16,0.0,0.008394390534150342,0.013494821417784268,0.01831237732218265,0.04384215808998165,0.02655522586158651,0.05320126419659848,2.7124698660474507e-07,5.075152625419631e-07
3,538,134,23,0.75,work,2,1.5838319836915702e-16,0.0,0.0056014117158279175,0.00899055861933422,0.017794067875687575,0.043802621446517385,0.023272336250988478,0.04957503752718531,2.7612945622039396e-07,5.990192664337711e-07
3,539,134,23,0.7583333333333333,work,3,1.5838319836915702e-16,0.0,0.0028032380119525327,0.004492442875812149,0.01748929521060399,0.04386185006399607,0.020216468104498307,0.04652436856405626,1.851202283983828e-07,4.539354506649926e-07
3,540,134,23,0.7666666666666666,work,4,1.5838319836915702e-16,0.0,1.7051922219173164e-08,7.300048299977713e-08,0.017371519475848234,0.043970227171871316,0.01737153395883009,0.04397022441835093,2.1494681166766716e-07,3.601028315304097e-07
3,541,135,24,0.775,work,1,2.044325800678625e-16,0.0,0.008282477656676623,0.0140684463762626,0.017345124145353653,0.04452309341451743,0.025384435480785957,0.054356864495588936,1.8994217230897754e-07,5.778884717722352e-07
3,542,135,24,0.7833333333333333,work,2,2.044325800678625e-16,0.0,0.0055283911423085865,0.00937435818164705,0.017454185743809778,0.04506818276284798,0.02279511764574351,0.05136611769937367,5.4873475502628617e-08,3.4498682328433513e-07
3,543,135,24,0.7916666666666666,work,3,2.044325800678625e-16,0.0,0.0027674874685418103,0.004684957594293618,0.01766514113763158,0.04560929785815395,0.02032342528055991,0.048629741806883,7.455244878098115e-08,5.91559208669641e-07
3,544,135,24,0.8,work,4,2.044325800678625e-16,0.0,4.0171398261848434e-08,1.1920928955078128e-07,0.01794995716173689,0.0461561847215383,0.01794999373913101,0.04615619926058035,4.6659525198364713e-08,7.189713765272429e-07
3,545,136,25,0.8083333333333333,work,1,8.441528768080324e-17,0.0,0.008642996596297662,0.018743830235605847,0.018371105834756766,0.04749834899424058,0.0267369189560606,0.06109828630499222,1.3387971020955758e-07,7.598131170262121e-07
3,546,136,25,0.8166666666666667,work,2,8.441528768080324e-17,0.0,0.0057753730960356684,0.012501867660387772,0.018812979252730448,0.04894503685156362,0.024378183915178125,0.057861673015906716,1.731051921048216e-07,9.073816149019278e-07
3,547,136,25,0.825,work,3,8.441528768080324e-17,0.0,0.002894441938567858,0.00625434092838527,0.019244409323907363,0.0504598180704912,0.02201830342368013,0.054803422997396496,8.328458110384863e-08,5.21327724591969e-07
3,548,136,25,0.8333333333333334,work,4,8.441528768080324e-17,0.0,5.561771420103172e-08,2.1073424255447027e-07,0.01964345240677676,0.05202499496721052,0.01964339858091392,0.05202505348579026,2.250629700946684e-07,8.900871588628412e-07
3,549,137,26,0.8416666666666667,work,1,2.0062885096040707e-16,0.0,0.009455584830967891,0.022898486257206294,0.02016868060271009,0.05416873974569275,0.029278705907576134,0.07156249814367519,4.805955583498542e-08,7.679521278575186e-07
3,550,137,26,0.85,work,2,2.0062885096040707e-16,0.0,0.0063269030286180975,0.015300534366458673,0.02063211486607293,0.056496204809700294,0.02670605938757714,0.0678618559812334,2.2242021775701637e-07,9.721223372399956e-07
3,551,137,26,0.8583333333333333,work,3,2.0062885096040707e-16,0.0,0.0031752919948062936,0.007668766518502707,0.021019081676485068,0.05895349249268035,0.024053298528262428,0.06445356804733962,1.0298072012549069e-07,7.039911634336577e-07
3,552,137,26,0.8666666666666667,work,4,2.0062885096040707e-16,0.0,5.761887775552589e-08,1.57699067060029e-07,0.02132718198552137,0.061514586625264114,0.021327129771794236,0.06151458284920279,1.5671534982390183e-07,7.312204925051549e-07
3,553,138,27,0.875,work,1,1.1123893155135927e-16,0.0,0.008693785709166818,0.023034230013841882,0.021200712862293077,0.06402916918930966,0.029559704499092457,0.08175568198767698,4.851782353294457e-08,3.885747435809767e-07
3,554,138,27,0.8833333333333333,work,2,1.1123893155135927e-16,0.0,0.005832268187269079,0.015410519338110128,0.02104858293809743,0.06711188118160924,0.02663694968263307,0.07850605808980511,8.988288605768314e-08,6.201461567486791e-07
3,555,138,27,0.8916666666666666,work,3,1.1123893155135927e-16,0.0,0.002935401327354523,0.007736750462650391,0.020903432868318562,0.07064497694099856,0.023702806267553306,0.07603999381067426,1.584957826587117e-07,5.65459309846471e-07
3,556,138,27,0.9,work,4,1.1123893155135927e-16,0.0,3.3653338686316465e-08,1.632340423778195e-07,0.02075725704722534,0.07454234452179487,0.02075728910243295,0.07454228557858456,2.1755208358952357e-07,3.674277068954101e-07
3,557,139,28,0.9083333333333333,work,1,4.0750866181565935e-16,0.0,0.009045078400122974,0.02653833756518813,0.020534772170899343,0.07904673512823132,0.029274366640915844,0.09778617081470069,2.2520468338359877e-07,2.7476383618393225e-07
3,558,139,28,0.9166666666666666,work,2,4.0750866181565935e-16,0.0,0.0060946531987555895,0.017782530062046217,0.020354021080860683,0.08425141384587209,0.026224019366069072,0.09595044061668452,1.0166230177678142e-07,6.637292340791282e-07
3,559,139,28,0.9249999999999999,work,3,4.0750866181565935e-16,0.0,0.0030816348716614403,0.00894509791712107,0.02023179933143007,0.0899885220703694,0.023185370337057136,0.09534756462544046,1.5856320079834195e-07,2.7637536810325715e-07
3,560,139,28,0.9333333333333333,work,4,4.0750866181565935e-16,0.0,3.8775404363477565e-08,7.300048299977713e-08,0.020183013053495385,0.09613069705581863,0.020182976290442762,0.09613071097573564,2.6927545693212706e-07,4.860611686199942e-07
3,561,140,29,0.9416666666666667,work,1,1.760893866893587e-16,0.0,0.009417035681378888,0.025729621377164374,0.01997578942924404,0.10177157202275902,0.02904262937593494,0.11555978321272604,2.202323815459298e-07,7.638934622988924e-07
3,562,140,29,0.95,work,2,1.760893866893587e-16,0.0,0.006360665680668551,0.017273574687116554,0.019860098880463296,0.10799207676773258,0.025958190119279374,0.11606622871815467,1.3909540456957354e-07,6.293866658789802e-07
3,563,140,29,0.9583333333333334,work,3,1.760893866893587e-16,0.0,0.0032239297193079673,0.00870896154341685,0.019849726955254717,0.11466101799522825,0.022921159694845112,0.11811043357439235,1.2920008795157745e-07,3.182017282256878e-07
3,564,140,29,0.9666666666666667,work,4,1.760893866893587e-16,0.0,5.045578882880368e-08,1.0745380149674385e-07,0.019956115169768106,0.12168414294053959,0.0199560658168904,0.12168415007518708,1.6115256652003201e-07,5.870376707193935e-07
3,565,141,30,0.975,work,1,1.2417518519112547e-16,0.0,0.008938974678692676,0.02285983584375479,0.019549877873136806,0.1288533568781784,0.02797216793348769,0.13743232829269506,1.4863507047550073e-07,5.179091452653055e-07
3,566,141,30,0.9833333333333333,work,2,1.2417518519112547e-16,0.0,0.0060497719151084,0.015352109103829496,0.019303745597664786,0.1366630338548993,0.024982806335712784,0.14134658438163247,8.991316113139385e-08,5.322864979354085e-07
3,567,141,30,0.9916666666666667,work,3,1.2417518519112547e-16,0.0,0.003072702546061098,0.00774818070287129,0.01923395574477977,0.14493128549074757,0.022100415769788953,0.14677053706137233,1.4805566697364046e-07,7.108962799237147e-07
3,568,141,30,1.0,work,4,1.2417518519112547e-16,0.0,4.0630723649990104e-08,1.1920928955078128e-07,0.019350447834107935,0.1535461147572323,0.019350487934020808,0.15354602285421995,2.1113389911559974e-07,8.312657881368073e-07
3,569,142,31,1.0083333333333333,work,1,1.1107649934270853e-16,0.0,0.008240899641391856,0.019537413099098424,0.01897895918210588,0.1628393704575243,0.026672440831413853,0.16771227436516697,2.3083902968947735e-07,5.900558791525186e-07
3,570,142,31,1.0166666666666666,work,2,1.1107649934270853e-16,0.0,0.005586493603220605,0.013139417282540191,0.01882903197131853,0.17282250254408352,0.024020381491760164,0.1753204506753411,1.4076798741121365e-07,2.980232238769534e-07
3,571,142,31,1.025,work,3,1.1107649934270853e-16,0.0,0.0028420897972438785,0.006644929405541832,0.01890744972768117,0.18328512020907067,0.021530332574306036,0.1841859866832883,1.3842363239837533e-07,2.6987150723151637e-07
3,572,142,31,1.0333333333333332,work,4,1.1107649934270853e-16,0.0,3.3673845852230065e-08,8.429369702178807e-08,0.019209790271168824,0.1940998156641013,0.01920982337552732,0.1940998274099632,3.23614311377821e-07,6.391886052348407e-07
3,573,143,32,1.0416666666666667,work,1,5.551115123125783e-17,0.0,0.007760316673232139,0.016073840807041072,0.019195319562646175,0.20548803922708747,0.02645766956055992,0.2075091891749658,1.03052727239342e-07,6.129432857395177e-07
3,574,143,32,1.05,work,2,5.551115123125783e-17,0.0,0.005250302978703199,0.01083060583142974,0.019381589622435986,0.2176996591710396,0.024273699560520834,0.21862321896853484,2.0806502279925031e-07,5.430241572346883e-07
3,575,143,32,1.0583333333333333,work,3,5.551115123125783e-17,0.0,0.00266583414298577,0.005488758713710084,0.01976230952120548,0.2304977347574187,0.022233029071938193,0.23076591199999316,2.1760659978887503e-07,3.251049552749314e-07
3,576,143,32,1.0666666666666667,work,4,5.551115123125783e-17,0.0,3.219805026387491e-08,7.300048299977713e-08,0.020323576009802943,0.2437172387205302,0.020323544468200717,0.24371730029484828,1.5310727525828093e-07,3.358551165337758e-07
3,577,144,33,1.075,work,1,8.506939600500619e-16,2.9802322387695312e-08,0.007541147168900147,0.012345867789399046,0.020674227728555393,0.25718529585374605,0.02777390014744346,0.2578037088594198,1.6030528243868704e-07,5.46285592908365e-07
3,578,144,33,1.0833333333333333,work,2,8.506939600500619e-16,2.9802322387695312e-08,0.005068949960010608,0.008377169663344983,0.021119545580095014,0.2711972508655232,0.02588776764208892,0.271464738824373,1.5445386944440353e-07,7.907449699295572e-07
3,579,144,33,1.0916666666666666,work,3,8.506939600500619e-16,2.9802322387695312e-08,0.0025572790907033385,0.004274786371629425,0.021647465144479714,0.2855653373883461,0.024051340900020136,0.2856347080707675,7.09134483230174e-08,2.1900144899933154e-07
3,580,144,33,1.1,work,4,8.506939600500619e-16,2.9802322387695312e-08,2.426526690908315e-08,8.429369702178807e-08,0.022247546885553096,0.3001499849118805,0.022247569692037183,0.30015003199450235,1.272155540100964e-07,5.255696799918546e-07
3,581,145,34,1.1083333333333334,work,1,2.3757479755373554e-16,0.0,0.006896095708692793,0.009159901554623815,0.022486124254878892,0.3141563191245957,0.02899371448659219,0.31434282392642077,9.775442017006019e-08,1.976862424823881e-07
3,582,145,34,1.1166666666666667,work,2,2.3757479755373554e-16,0.0,0.004604111348957283,0.0062519756147061956,0.022721769525459762,0.3279013877435781,0.027081476280561314,0.32802754340456297,2.029122907120477e-07,5.479090306416241e-07
3,583,145,34,1.125,work,3,2.3757479755373554e-16,0.0,0.002306858805454519,0.003208739946369661,0.022958911239773314,0.3413197689197631,0.025150874397371896,0.3413859875675206,2.826049140470748e-07,2.980232238769534e-07
3,584,145,34,1.1333333333333333,work,4,2.3757479755373554e-16,0.0,2.711822782113573e-08,7.300048299977713e-08,0.023201536508135688,0.3543808186078646,0.02320156292654607,0.35438077991452555,1.3763350818919327e-07,4.4203987640712727e-07
3,585,146,35,1.1416666666666666,work,1,1.5700924586837752e-16,0.0,0.005365727295834811,0.00640178874944881,0.02285654303375368,0.3656781512722884,0.02793711682415269,0.36511155231677866,2.156417104529674e-07,4.500051996273259e-07
3,586,146,35,1.15,work,2,1.5700924586837752e-16,0.0,0.003565849556608454,0.00430641285880081,0.022481246656362815,0.3756241989342316,0.02587156578765515,0.3752877911161173,1.4694551854249088e-07,5.331201499700061e-07
3,587,146,35,1.1583333333333332,work,3,1.5700924586837752e-16,0.0,0.0017777981474829266,0.0021776307875944743,0.022107109985161074,0.38439129815449463,0.023804099071598448,0.38424351326531575,1.614042847207924e-07,2.950279395762585e-07
3,588,146,35,1.1666666666666667,work,4,1.5700924586837752e-16,0.0,6.3442674906830905e-09,2.9802322387695312e-08,0.021753811031692008,0.39209507142762834,0.021753805609548687,0.3920950954755904,2.458354158700882e-07,3.332000937312532e-07
3,589,147,36,1.175,work,1,1.1188630228279524e-16,0.0,0.004079009394242361,0.004006685496433683,0.020989399054037388,0.39772059285109845,0.02487022063823614,0.3967361996705856,2.765252317209286e-07,6.610474888330381e-07
3,590,147,36,1.1833333333333333,work,2,1.1188630228279524e-16,0.0,0.0027114674032701607,0.0026286703323544634,0.020278470090446154,0.40160532068008187,0.02286620738878587,0.4009843825721146,2.7541285839680094e-07,6.447228089804658e-07
3,591,147,36,1.1916666666666667,work,3,1.1188630228279524e-16,0.0,0.001351889992442225,0.0012940585592032291,0.01964683098903625,0.4039877475959286,0.02094076386451619,0.4036935264518721,1.872865487575532e-07,4.869739603509972e-07
3,592,147,36,1.2,work,4,1.1188630228279524e-16,0.0,7.543431763404149e-09,0.0,0.019109546861802947,0.40507641343005063,0.019109554322199983,0.4050764012662009,9.001154435910664e-08,6.208618478774948e-07
3,593,148,37,1.2083333333333333,work,1,1.738663762138142e-15,0.0,0.003611477002867855,0.004509077690464214,0.018514418937149994,0.4042990889147298,0.021993169272137528,0.40277382367073916,1.8026475292333548e-07,4.0862885715967747e-07
3,594,148,37,1.2166666666666666,work,2,1.738663762138142e-15,0.0,0.0024051451606237474,0.002979326877779981,0.018034162053121458,0.4020508806453625,0.02035782038475363,0.4010588029597981,2.258462861292458e-07,4.172325134277351e-07
3,595,148,37,1.225,work,3,1.738663762138142e-15,0.0,0.0012013262406202184,0.0014762600791607403,0.01767502639970015,0.398564463155178,0.018838469877620678,0.3980793213684516,7.34672671178409e-08,9.424321830774486e-08
3,596,148,37,1.2333333333333334,work,4,1.738663762138142e-15,0.0,7.329992893178953e-09,0.0,0.01743001363772827,0.3940359076327521,0.017430007277288946,0.394035923504146,6.792057389249983e-08,8.429369702178807e-08
4,597,149,1,0.008333333333333333,startup,1,1.6939998869943826e-16,4.2146848510894035e-08,0.00921238867141665,0.029686154199207945,0.0027959997535626883,0.008682301275356507,0.01199756674099797,0.03836843374177469,3.0244857722291545e-07,5.960464477539085e-07
4,598,149,1,0.016666666666666666,startup,2,1.6939998869943826e-16,4.2146848510894035e-08,0.006148642368494921,0.019747999592743107,0.00513571973231774,0.01576081673330526,0.011240382385104287,0.03550411784788506,2.584504966526708e-07,5.26413969178669e-07
4,599,149,1,0.025,startup,3,1.6939998869943826e-16,4.2146848510894035e-08,0.003077795640812377,0.009852508077534655,0.007044390636551115,0.021516352988575637,0.010057494043685724,0.03135440079007605,1.2890128631612326e-07,3.0683368864616786e-07
4,600,149,1,0.03333333333333333,startup,4,1.6939998869943826e-16,4.2146848510894035e-08,1.4327012435398791e-08,0.0,0.008568572347996519,0.026264744115413755,0.008568569252944759,0.026264765345969044,1.4900270752194538e-07,4.539354506649926e-07
4,601,150,2,0.041666666666666664,work,1,1.3877787807814457e-17,0.0,0.0058469902763104336,0.020671640561640954,0.008914698121562025,0.02748047275183656,0.014671657112493146,0.0481304129464988,1.9978283506120588e-07,5.21327724591969e-07
4,602,150,2,0.05,work,2,1.3877787807814457e-17,0.0,0.00389859073461253,0.013757993312719843,0.00937641940838533,0.02868231743077987,0.01312383611873215,0.04241457565663259,3.8426277045522337e-07,7.702617635321716e-07
4,603,150,2,0.058333333333333334,work,3,1.3877787807814457e-17,0.0,0.0019495833926554624,0.006867492745600178,0.009998574931258733,0.030058376326723958,0.011769165090166874,0.03684085736376796,2.4332001713126405e-07,5.527507362065157e-07
4,604,150,2,0.06666666666666667,work,4,1.3877787807814457e-17,0.0,3.300552759774959e-08,1.3978528260658475e-07,0.010755491765044941,0.031767675588669574,0.010755470470784855,0.03176778064269592,2.297773619681677e-07,4.712160915387253e-07
4,605,151,3,0.075,work,1,1.6939998869943826e-16,0.0,0.006080283822688092,0.022227834362461577,0.011866575059669482,0.03451527367699021,0.0173901126257706,0.05617589351517017,4.781033085983544e-07,1.0545138128372632e-06
4,606,151,3,0.08333333333333333,work,2,1.6939998869943826e-16,0.0,0.0040541595252526295,0.01478674594098958,0.013020842167873064,0.03782774420170021,0.016476897821575905,0.051916417262024415,2.549455699486912e-07,5.646734035461092e-07
4,607,151,3,0.09166666666666666,work,3,1.6939998869943826e-16,0.0,0.002027400459574139,0.0073774537796264935,0.01412653179061733,0.04155515318784763,0.015730336235778193,0.04838466074337138,2.0573788382190332e-07,6.272663229658983e-07
4,608,151,3,0.1,work,4,1.6939998869943826e-16,0.0,2.6890787604011023e-08,0.0,0.015120303516310184,0.04561062955723621,0.015120280281808398,0.045610612131989935,1.9005188817587472e-07,6.237164001600872e-07
4,609,152,4,0.10833333333333334,work,1,1.8041124150158794e-16,0.0,0.0060352066392420625,0.025390790298389428,0.016034756881764593,0.05079007251783792,0.020924651776004593,0.07413492144435738,4.467393589580606e-08,6.251387883246874e-07
4,610,152,4,0.11666666666666667,work,2,1.8041124150158794e-16,0.0,0.004026453909809052,0.01689640848720376,0.016770136986128115,0.05650899253665536,0.019877528727585813,0.07194332809551124,2.1430220884977553e-07,5.646734035461092e-07
4,611,152,4,0.125,work,3,1.8041124150158794e-16,0.0,0.0020146833444020223,0.00843297322422625,0.016853304401528685,0.06287135575202671,0.01837312618670455,0.070577724383134,3.525669610377132e-07,8.744836301279859e-07
4,612,152,4,0.13333333333333333,work,4,1.8041124150158794e-16,0.0,1.1806257617317025e-08,0.0,0.016437980158306217,0.06966689217565784,0.016437970256387588,0.06966690001319438,1.262912305304727e-07,6.912597122635399e-07
4,613,153,5,0.14166666666666666,work,1,1.2738115944464653e-16,0.0,0.005915494734243188,0.029166384265986573,0.015413365777307614,0.07805136219760628,0.020347459423312363,0.1047794362159652,2.836180429549153e-07,6.769786293268563e-07
4,614,153,5,0.15,work,2,1.2738115944464653e-16,0.0,0.0039474311737656,0.019430816141788435,0.014718136636160702,0.08651374019624145,0.018060243479829912,0.10463121226763551,3.0653722983467426e-07,5.551557543932562e-07
4,615,153,5,0.15833333333333333,work,3,1.2738115944464653e-16,0.0,0.001975581254486865,0.00970883921577072,0.014230717387681474,0.09453403252806454,0.015909796718095413,0.10368539840475055,1.7377727198094217e-07,3.625608998714821e-07
4,616,153,5,0.16666666666666666,work,4,1.2738115944464653e-16,0.0,1.481481452207602e-08,5.960464477539063e-08,0.013929435026488048,0.10203166562683086,0.013929444976676532,0.10203172441338078,1.8136955621188182e-07,6.931843369968573e-07
4,617,154,6,0.175,work,1,2.486410087150353e-16,0.0,0.005445287124782644,0.029766709270822676,0.013677914819589689,0.10835587762903642,0.018558730801872796,0.13558963202675514,2.250674401806697e-07,8.242915085518019e-07
4,618,154,6,0.18333333333333332,work,2,2.486410087150353e-16,0.0,0.0036324699411059962,0.019842230304009337,0.013582093319296122,0.11455431161262826,0.01677102167088696,0.1328466217504713,1.3371974381462195e-07,1.1891089286363303e-06
4,619,154,6,0.19166666666666665,work,3,2.486410087150353e-16,0.0,0.0018173676603329266,0.009920011378893612,0.013411304200284377,0.12069927109295052,0.014980800126312897,0.12987273708490124,2.9523445959864726e-07,6.542950391799286e-07
4,620,154,6,0.2,work,4,2.486410087150353e-16,0.0,2.418057110051989e-08,6.664001874625056e-08,0.012830157443211592,0.1262479664052107,0.012830173062982573,0.12624797907107324,1.7954924716307347e-07,8.063166891615853e-07
4,621,155,7,0.20833333333333334,work,1,1.6653345369377348e-16,0.0,0.005614591070438537,0.03293700001195635,0.012105879979101068,0.1321276054027373,0.016888076479587216,0.16110160866288334,2.687741408628834e-07,1.0297985400659554e-06
4,622,155,7,0.21666666666666667,work,2,1.6653345369377348e-16,0.0,0.0037450437608403443,0.02196046921834051,0.011646892471394612,0.138389634539912,0.01490379799613509,0.15789677193957355,2.6726429347169384e-07,8.606630014296629e-07
4,623,155,7,0.225,work,3,1.6653345369377348e-16,0.0,0.001873512542999416,0.010981221445888133,0.011402891287041824,0.1436413253718771,0.013032705617549191,0.15346644235643087,2.193997082803256e-07,4.400260168383548e-07
4,624,155,7,0.23333333333333334,work,4,1.6653345369377348e-16,0.0,1.111979781761408e-08,5.960464477539063e-08,0.011286545345325177,0.1481093695909522,0.011286537612328049,0.14810942484708706,3.559633263623636e-07,8.291261043097767e-07
4,625,156,8,0.24166666666666667,work,1,5.928593550334434e-17,0.0,0.005503384709460889,0.02992698553880611,0.010713929925918183,0.1501515954459408,0.014845764000875117,0.17708921995106786,2.1911403540782093e-07,6.21576714951226e-07
4,626,156,8,0.25,work,2,5.928593550334434e-17,0.0,0.003671033746342522,0.01994978034623745,0.010025339453055908,0.1505540629434338,0.012918016222965156,0.16844956032123132,1.306931886067155e-07,4.107966647175028e-07
4,627,156,8,0.2583333333333333,work,3,5.928593550334434e-17,0.0,0.0018365619634303574,0.009973931942493476,0.00946181725450041,0.1531822206052505,0.011021994280643765,0.16213134360779,2.317314102316262e-07,4.995779578161315e-07
4,628,156,8,0.26666666666666666,work,4,5.928593550334434e-17,0.0,6.098543972117964e-09,1.032382731180714e-07,0.009203489400753826,0.15545777233262223,0.009203489710262759,0.15545766447636888,2.9001961672118893e-07,5.204751848153182e-07
4,629,157,9,0.275,work,1,1.0838898772828417e-16,0.0,0.006178802413304147,0.03109431757476479,0.009166504881051248,0.1555910420380347,0.014790952295446344,0.18136558429084676,1.2408297988100478e-07,4.3800289799866376e-07
4,630,157,9,0.2833333333333333,work,2,1.0838898772828417e-16,0.0,0.0041129665375746055,0.020699836515893435,0.009408964698772133,0.15464255634555849,0.013284761907220279,0.17187844151965162,8.619235838825756e-08,5.022376640544164e-07
4,631,157,9,0.2916666666666667,work,3,1.0838898772828417e-16,0.0,0.0020534334954698313,0.01033486075167971,0.009813905148528939,0.1528715509446754,0.011785729752260275,0.16150529353891743,2.577722944920717e-07,4.1509831777763796e-07
4,632,157,9,0.3,work,4,1.0838898772828417e-16,0.0,1.4072889954036431e-08,5.1619136559035694e-08,0.010298412841866549,0.15046424727969282,0.010298409140411519,0.15046428785034477,3.057688024240097e-07,7.039911634336577e-07
4,633,158,10,0.30833333333333335,work,1,1.1443916996305594e-16,0.0,0.0032649401127970304,0.029669776901363815,0.009974599145170503,0.14638962244861436,0.013045879267938577,0.17116701330966957,1.3924507275113865e-07,4.4802714521804273e-07
4,634,158,10,0.31666666666666665,work,2,1.1443916996305594e-16,0.0,0.0021629082030835407,0.019763971795780048,0.00984271221482174,0.14248555141210542,0.011894457136145406,0.1589996987347443,1.8109828281382657e-07,5.567533282121857e-07
4,635,158,10,0.325,work,3,1.1443916996305594e-16,0.0,0.0010748281253195767,0.009874097905030932,0.00978612146512272,0.13825401138966958,0.01079932759131291,0.14651284195401218,2.4296895858612794e-07,7.115206948705545e-07
4,636,158,10,0.3333333333333333,work,4,1.1443916996305594e-16,0.0,1.6589036743458505e-08,4.2146848510894035e-08,0.00975332148113494,0.1337257299300486,0.009753332990464278,0.13372567026150262,3.0772891591164245e-07,5.247240323322731e-07
4,637,159,11,0.3416666666666667,work,1,1.5700924586837752e-16,0.0,0.002439362893804606,0.03348089988701374,0.009058044953820009,0.13072799378784095,0.010546202996892092,0.15914954599299283,2.8307826939075873e-07,6.873942968053134e-07
4,638,159,11,0.35,work,2,1.5700924586837752e-16,0.0,0.0016259101656281273,0.022329814526558887,0.008103116529713647,0.12712029283168721,0.009099730214660129,0.14628761476867655,3.6819618225735756e-07,6.419616707723769e-07
4,639,159,11,0.35833333333333334,work,3,1.5700924586837752e-16,0.0,0.0008134047572968279,0.01116955327522243,0.007311968142757386,0.12217871435970686,0.0077962218418618535,0.13185947171084864,2.5617688676392984e-07,5.230286352272122e-07
4,640,159,11,0.36666666666666664,work,4,1.5700924586837752e-16,0.0,3.066210255244809e-08,1.1920928955078128e-07,0.006746083262518451,0.11716097358324667,0.0067460543816876915,0.11716108598813313,1.497116391849021e-07,3.5513565802016856e-07
4,641,160,12,0.375,work,1,1.3825648157697098e-16,0.0,0.005791792841184084,0.033492784672444736,0.006845237810572139,0.11235605177159115,0.011156864276942393,0.1428223341706015,1.994094110673116e-07,3.5388297101968327e-07
4,642,160,12,0.3833333333333333,work,2,1.3825648157697098e-16,0.0,0.0038684072402072125,0.02236992629906806,0.0070450599912808345,0.10811136149958529,0.00997195966313987,0.12856090712297152,3.342438011316859e-07,6.419616707723769e-07
4,643,160,12,0.39166666666666666,work,3,1.3825648157697098e-16,0.0,0.0019382940579419543,0.011205982804598651,0.007226396240724825,0.10383798743111981,0.008702657755148396,0.1141374945995167,3.59649884230393e-07,8.935728282073184e-07
4,644,160,12,0.4,work,4,1.3825648157697098e-16,0.0,1.8658774278048705e-08,2.9802322387695312e-08,0.007398343084055227,0.0993754081596225,0.007398325845594004,0.09937540948625904,2.677580637447492e-07,4.942156062059713e-07
4,645,161,13,0.4083333333333333,work,1,1.1210126175528405e-16,0.0,0.0063538757920458926,0.031381889370492425,0.007935278129714743,0.0940959595921058,0.01378152133775375,0.12383638958379231,2.467859274613145e-07,5.527507362065157e-07
4,646,161,13,0.4166666666666667,work,2,1.1210126175528405e-16,0.0,0.00423859700645031,0.02097658579211084,0.008487921607166786,0.08923557770264996,0.012382008625417175,0.10923766571191172,1.7546730290947765e-07,5.372690074837208e-07
4,647,161,13,0.425,work,3,1.1210126175528405e-16,0.0,0.002121105591025876,0.010516193395243463,0.009041523749399549,0.08458758549123833,0.010978439907582634,0.09466672771071459,3.0522184509960313e-07,7.55122867782116e-07
4,648,161,13,0.43333333333333335,work,4,1.1210126175528405e-16,0.0,1.935598056366633e-08,4.2146848510894035e-08,0.009570853101184567,0.08038168849139948,0.009570840155431378,0.08038171995516606,3.3345162466982495e-07,8.74991312974889e-07
4,649,162,14,0.44166666666666665,work,1,1.415262216750919e-16,0.0,0.0053297105127199625,0.03739281927857531,0.009616391980081409,0.07820035186535364,0.014423754997302937,0.11475308917604063,1.8275983571074554e-07,4.860611686199942e-07
4,650,162,14,0.45,work,2,1.415262216750919e-16,0.0,0.0035678539943722674,0.02498587306702251,0.009680591331890557,0.0766298880346353,0.012968693249650332,0.10132184756914822,3.089725716165127e-07,8.063166891615853e-07
4,651,162,14,0.4583333333333333,work,3,1.415262216750919e-16,0.0,0.0017917942446407883,0.012521571734363175,0.009808725021448642,0.07572893850477026,0.011495134763995598,0.08815719514995422,4.5764686277948077e-07,9.281880558966146e-07
4,652,162,14,0.4666666666666667,work,4,1.415262216750919e-16,0.0,4.019822388523669e-08,1.264405455326821e-07,0.009999700046479836,0.0758510252097628,0.009999729244469343,0.07585100645811003,1.8101072647844465e-07,2.1900144899933154e-07
4,653,163,15,0.475,work,1,1.2412670766236366e-16,0.0,0.00935298837183385,0.037737527248700095,0.0105008033538941,0.07747830642436612,0.018539633129393697,0.11504877553345447,1.9827033715164764e-07,7.480323551899913e-07
4,654,163,15,0.48333333333333334,work,2,1.2412670766236366e-16,0.0,0.006247412302021198,0.025179164882449312,0.01183366953842102,0.0809232081712992,0.017657181931895038,0.10575715366624752,1.119048003636345e-07,2.6656007498500247e-07
4,655,163,15,0.49166666666666664,work,3,1.2412670766236366e-16,0.0,0.003129693321685611,0.0125999106693305,0.013681441393459259,0.08630207026252593,0.016735596136520085,0.0985113389295222,3.609433837359429e-07,7.140128940767647e-07
4,656,163,15,0.5,work,4,1.2412670766236366e-16,0.0,3.09361092358446e-08,9.424321830774486e-08,0.01574737744925388,0.09230486569414255,0.01574737872328631,0.09230485308472568,3.781629521357849e-07,6.637292340791282e-07
4,657,164,16,0.5083333333333333,work,1,4.3885418357208765e-17,0.0,0.01442035451787235,0.03451878720060891,0.019492154071599252,0.09878959644397939,0.033832142428884146,0.1327814442558797,6.84568703195775e-08,2.7314279645418187e-07
4,658,164,16,0.5166666666666666,work,2,4.3885418357208765e-17,0.0,0.009596227986630563,0.022963057735495906,0.023426095101102495,0.10634762061776547,0.03301334309651875,0.12876082123067112,7.66279280078171e-08,6.454112478407564e-07
4,659,164,16,0.525,work,3,4.3885418357208765e-17,0.0,0.0047892779805348345,0.011456648205769837,0.027362965266910375,0.11464138669031115,0.03212357321403923,0.12570204077698177,1.9397656828926994e-07,2.563692708922217e-07
4,660,164,16,0.5333333333333333,work,4,4.3885418357208765e-17,0.0,1.667155542583377e-08,1.429269171748376e-07,0.031193085820824053,0.12319263073842804,0.03119309749597913,0.12319268482240076,2.2953824431329672e-07,7.127678837240614e-07
4,661,165,17,0.5416666666666666,work,1,3.1031676915590914e-17,0.0,0.014455971907499577,0.026626323992858584,0.03503547781327627,0.12933329183957393,0.0493794763438973,0.1545404059844545,3.0821467498795455e-07,3.0098870212918777e-07
4,662,165,17,0.55,work,2,3.1031676915590914e-17,0.0,0.009613201822051966,0.017688234011572216,0.03860607770195217,0.13498559345542718,0.04805004442821251,0.15166587955406297,2.9137794666908717e-07,2.8740318897345554e-07
4,663,165,17,0.5583333333333333,work,3,3.1031676915590914e-17,0.0,0.0047944116009088645,0.008812717841728686,0.04174805584090819,0.13972078153448192,0.04640182124428215,0.14800181704962187,1.6805342193962947e-07,2.40274004587488e-07
4,664,165,17,0.5666666666666667,work,4,3.1031676915590914e-17,0.0,2.8066087297577904e-08,1.3978528260658475e-07,0.04435540119827454,0.1432527892867831,0.04435538128912316,0.1432527340523237,2.9478873501570973e-07,2.2302015940987725e-07
4,665,166,18,0.575,work,1,1.6883057536160649e-16,0.0,0.013577760769080186,0.019576579091624743,0.046227192635311554,0.1417565634301155,0.05925557941961306,0.1551099490952154,1.626669952895455e-07,6.251387883246874e-07
4,666,166,18,0.5833333333333334,work,2,1.6883057536160649e-16,0.0,0.009027380638475663,0.013063783739327699,0.04752899117112309,0.1392491857830944,0.05612718225297786,0.14821671027105182,1.535509877722346e-07,5.331201499700061e-07
4,667,166,18,0.5916666666666667,work,3,1.6883057536160649e-16,0.0,0.0045013477275465995,0.006538203743868292,0.04825272487249863,0.135676276406502,0.052508952515302486,0.14018625504856533,3.052997439506158e-07,8.365910558473052e-07
4,668,166,18,0.6,work,4,1.6883057536160649e-16,0.0,1.397180761835226e-08,0.0,0.048426524818686256,0.13109988846628912,0.04842653651853523,0.13109992065447584,6.874946148270274e-08,5.923094425902325e-07
4,669,167,19,0.6083333333333333,work,1,1.0385185452638061e-16,0.0,0.011864309538864215,0.018878525184937486,0.04769509126499001,0.12199151302923789,0.05894684664507058,0.12587923943847487,1.951881501271535e-07,7.515859730791191e-07
4,670,167,19,0.6166666666666667,work,2,1.0385185452638061e-16,0.0,0.007899076822911136,0.01264341241475818,0.046613178702360085,0.11252199855192284,0.05409376285112265,0.11534230366038795,3.365715138882291e-07,8.183437715617465e-07
4,671,167,19,0.625,work,3,1.0385185452638061e-16,0.0,0.003944229259184461,0.006350654331364351,0.045229311180765695,0.10286052776620362,0.04895778737659509,0.10438078157300368,4.066175097674352e-08,6.963802245585908e-07
4,672,167,19,0.6333333333333333,work,4,1.0385185452638061e-16,0.0,3.316640415842382e-08,1.299053115707837e-07,0.04360188994847458,0.09320078444541612,0.04360186458504401,0.09320066707517057,1.0400083430056313e-07,6.637292340791282e-07
4,673,168,20,0.6416666666666666,work,1,1.6883057536160649e-16,0.0,0.009717859098291965,0.019587946842283963,0.041191206612955826,0.08162601072386103,0.05050707434723946,0.08373083756498521,3.4046310576687616e-07,1.1071071398858397e-06
4,674,168,20,0.65,work,2,1.6883057536160649e-16,0.0,0.006481507608744677,0.013099096932604824,0.03873928052647195,0.0705635668086098,0.04495739573648664,0.07242094089448675,3.784193268917226e-07,1.0198318143051182e-06
4,675,168,20,0.6583333333333333,work,3,1.6883057536160649e-16,0.0,0.003242316489384856,0.006570224684410151,0.03630273998734638,0.06036956338953934,0.03941374188330113,0.06155356717703157,2.3370672062090687e-07,4.256623046721735e-07
4,676,168,20,0.6666666666666666,work,4,1.6883057536160649e-16,0.0,2.0031607391637513e-08,4.2146848510894035e-08,0.033941458038375776,0.051483192732405404,0.033941474075517265,0.05148322903769301,3.1404831691984434e-07,1.0782511541322328e-06
4,677,169,21,0.675,work,1,2.7755575615628914e-17,0.0,0.009547538148168878,0.020136273239394993,0.031674852924582365,0.04394032897361798,0.04099275761417805,0.05365430473951526,2.5547914495901586e-07,9.185692672385321e-07
4,678,169,21,0.6833333333333333,work,2,2.7755575615628914e-17,0.0,0.006373913389359802,0.01347119529849545,0.02959036434500778,0.03873589643950342,0.035808992259317,0.046158316399898855,1.7275467905540727e-07,3.526258339345231e-07
4,679,169,21,0.6916666666666667,work,3,2.7755575615628914e-17,0.0,0.003191507422837477,0.006759713471625352,0.027702351414117487,0.03632501022688145,0.030812451639994628,0.04037902777904223,3.286893262221231e-07,8.183437715617465e-07
4,680,169,21,0.7,work,4,2.7755575615628914e-17,0.0,1.1180667775260695e-08,5.960464477539063e-08,0.02602812446671035,0.03668994049405633,0.026028134448424493,0.03668997979204953,1.8552512874713142e-07,4.3597039098524516e-07
4,681,170,22,0.7083333333333334,work,1,1.2412670766236366e-16,0.0,0.010088986764877132,0.018585127726016813,0.024738934518222802,0.038952765548921624,0.03467227465629042,0.05346114760051413,3.0096788023947126e-07,7.621474178161919e-07
4,682,170,22,0.7166666666666667,work,2,1.2412670766236366e-16,0.0,0.006737834952768812,0.012458871743263183,0.023666248635549024,0.04249391967746388,0.03028442257395965,0.05159938136165873,4.152200747365847e-07,1.0254770835688973e-06
4,683,170,22,0.725,work,3,1.2412670766236366e-16,0.0,0.0033748685114815976,0.0062642990915456765,0.022796306611667875,0.046718090854322034,0.026100004559740625,0.050915458701480815,2.1844393216310372e-07,4.7215758316978504e-07
4,684,170,22,0.7333333333333333,work,4,1.2412670766236366e-16,0.0,1.685250658196142e-08,7.300048299977713e-08,0.022114823577374397,0.05123367448858989,0.022114838153128997,0.05123362446013213,2.5836127767847224e-07,3.588674836990926e-07
4,685,171,23,0.7416666666666667,work,1,6.798699777552591e-17,0.0,0.009534391594322837,0.01713754027113275,0.021404264715189414,0.05476009747616561,0.03079437615001421,0.06472037049323533,1.734128590087516e-07,5.15330328517873e-07
4,686,171,23,0.75,work,2,6.798699777552591e-17,0.0,0.006369773443670854,0.011485534244445683,0.020859817966106232,0.05827019821888903,0.027107011101875036,0.06431448740701688,3.3267043621218897e-07,7.189713765272429e-07
4,687,171,23,0.7583333333333333,work,3,6.798699777552591e-17,0.0,0.0031917213872612424,0.005773415334129498,0.02046663828411138,0.061688145620534124,0.023579944398445126,0.06442568713668562,1.3595446885632554e-07,1.57699067060029e-07
4,688,171,23,0.7666666666666666,work,4,6.798699777552591e-17,0.0,2.420596421370814e-08,1.1151007970493858e-07,0.020207155867803396,0.06497654146792399,0.020207133958575985,0.06497662467253217,1.5946269670509705e-07,9.377081824870359e-07
4,689,172,24,0.775,work,1,2.498001805406602e-16,0.0,0.009309122215894304,0.01937423867589546,0.01991545080403564,0.06730740186479535,0.028959151243216026,0.07503746826480737,9.09997798985707e-08,2.563692708922217e-07
4,690,172,24,0.7833333333333333,work,2,2.498001805406602e-16,0.0,0.006223019065929517,0.012965887070243555,0.019735561786785014,0.06962154302661085,0.02575118788593953,0.07433361777823654,5.65404984399885e-08,3.686343692795336e-07
4,691,172,24,0.7916666666666666,work,3,2.498001805406602e-16,0.0,0.003120085998833103,0.006508426537556498,0.019648771310366957,0.07189215933701662,0.022645921801391085,0.07402543448746604,1.4427959447077742e-07,5.960464477539063e-08
4,692,172,24,0.8,work,4,2.498001805406602e-16,0.0,1.89983071135e-08,9.424321830774486e-08,0.01963871229650585,0.07411658785161636,0.019638728184261954,0.07411655489189009,1.867542647712159e-07,2.904771073105625e-07
4,693,173,25,0.8083333333333333,work,1,6.359601310784502e-17,0.0,0.009505721471950609,0.022537201634994987,0.0196198496890376,0.07574117738142559,0.02871141094324426,0.08355058807343335,1.3511844576178504e-07,4.969040155569645e-07
4,694,173,25,0.8166666666666667,work,2,6.359601310784502e-17,0.0,0.006360294184178998,0.015067370508203441,0.019666114008517414,0.07752311234844181,0.02572766415985357,0.08232832685075005,1.738246338916608e-07,2.9351883535969594e-07
4,695,173,25,0.825,work,3,6.359601310784502e-17,0.0,0.003191910672633591,0.0075559918132896906,0.019753219684878268,0.07942035273661383,0.02277945990460655,0.08160138022556737,1.912749505257229e-07,3.278255462646488e-07
4,696,173,25,0.8333333333333334,work,4,6.359601310784502e-17,0.0,2.7496694213958504e-08,1.032382731180714e-07,0.019866523681929597,0.0814014504036347,0.01986654944207216,0.08140148703490338,2.345918992713362e-07,3.625608998714821e-07
4,697,174,26,0.8416666666666667,work,1,1.1857187100668868e-16,0.0,0.009858838670525711,0.025256476873361737,0.019952138831680098,0.08306989975298965,0.029348343115939528,0.09201613178317812,1.461536291066481e-07,3.885747435809767e-07
4,698,174,26,0.85,work,2,1.1857187100668868e-16,0.0,0.006602774904083025,0.01688786196684013,0.020063899543377325,0.0849938339175389,0.02633764107556474,0.09049717881389942,1.3086937539821448e-07,7.06509923406229e-07
4,699,174,26,0.8583333333333333,work,3,1.1857187100668868e-16,0.0,0.003316917559318823,0.008470629552523748,0.0201901263910735,0.08709978543123599,0.023326697073757483,0.08959241659875879,2.0987791117907999e-07,6.078504936209683e-07
4,700,174,26,0.8666666666666667,work,4,1.1857187100668868e-16,0.0,2.5606559333576934e-08,5.960464477539063e-08,0.020326363536239234,0.08935546267649046,0.02032638887394735,0.08935544622138591,6.472464667896606e-08,1.8848643661548977e-07
4,701,175,27,0.875,work,1,1.1188630228279524e-16,0.0,0.009705593505944639,0.0247571452728243,0.02025473012998609,0.09172049861309294,0.029529206058186486,0.1015065202828729,5.9278721683741504e-08,2.40274004587488e-07
4,702,175,27,0.8833333333333333,work,2,1.1188630228279524e-16,0.0,0.006509313438880646,0.01657467067906479,0.020209180745939182,0.09435616318127106,0.026407851903049378,0.10030738123878717,1.4994971219974813e-07,7.679521278575186e-07
4,703,175,27,0.8916666666666666,work,3,1.1188630228279524e-16,0.0,0.0032747422530448466,0.008325263507042659,0.020190882353050697,0.09718312101449837,0.02329302096640986,0.09984890403959827,4.08004526355637e-08,8.101628553311991e-07
4,704,175,27,0.9,work,4,1.1188630228279524e-16,0.0,4.095197402370424e-08,6.664001874625056e-08,0.020204962159913006,0.10015609894809549,0.020205000349964895,0.10015608237489558,8.001985656492176e-08,3.318646170395629e-07
4,705,176,28,0.9083333333333333,work,1,5.721958498152797e-17,0.0,0.009308382471000146,0.02307321741138262,0.019950866632655138,0.10317560300165333,0.028900869293935975,0.11188409970248843,2.932504580827026e-07,5.5595511514478e-07
4,706,176,28,0.9166666666666666,work,2,5.721958498152797e-17,0.0,0.006257237679478384,0.015469672178991279,0.019764850680759616,0.10659263889823399,0.025754883451864722,0.11174719427408049,2.3031678239020128e-07,6.251387883246874e-07
4,707,176,28,0.9249999999999999,work,3,5.721958498152797e-17,0.0,0.0031555442947766737,0.007784583836810479,0.019656129064731114,0.1102814904624139,0.02265824208343132,0.11251425451062737,2.608886700210241e-07,3.318646170395629e-07
4,708,176,28,0.9333333333333333,work,4,5.721958498152797e-17,0.0,1.4951591896177444e-08,5.960464477539063e-08,0.01963633260192358,0.11415982877796907,0.01963631768072726,0.11415981332347712,1.115879073084509e-07,5.479090306416241e-07
4,709,177,29,0.9416666666666667,work,1,1.249000902703301e-16,0.0,0.008762126669318202,0.020631944205564984,0.019291465132513924,0.11820927362226047,0.027705748916460177,0.12467334438806067,1.5748484307711075e-07,3.2373608622551644e-07
4,710,177,29,0.95,work,2,1.249000902703301e-16,0.0,0.005904019963463113,0.013828692307341805,0.019069646194627005,0.12277694818306688,0.024710773335460748,0.12640598489563318,1.717443111626138e-07,6.502099105498649e-07
4,711,177,29,0.9583333333333334,work,3,1.249000902703301e-16,0.0,0.002984864535759322,0.0069615372798003065,0.018980020239189804,0.1277137950802448,0.02181207680687012,0.12918106613644678,1.0784341561088547e-07,7.98568785606286e-07
4,712,177,29,0.9666666666666667,work,4,1.249000902703301e-16,0.0,3.537530575135514e-08,9.424321830774486e-08,0.019031083506760093,0.13292999724924345,0.019031049052338687,0.13293006117598163,1.9862897607647706e-07,7.238958955699911e-07
4,713,178,30,0.975,work,1,2.0062885096040707e-16,0.0,0.008147482987886038,0.01841692462199731,0.018724774068309177,0.13853500918558584,0.02648202749641554,0.14245862812282134,1.8305305784342537e-07,7.873681076540346e-07
4,714,178,30,0.9833333333333333,work,2,2.0062885096040707e-16,0.0,0.005501483397725357,0.012327193463035378,0.018585406058091218,0.14476069157674293,0.023794706170305973,0.14674657491103396,1.926859482740763e-07,6.019774042583772e-07
4,715,178,30,0.9916666666666667,work,3,2.0062885096040707e-16,0.0,0.0027875163424237997,0.006201934227309785,0.018620027060136483,0.1514391423832272,0.02124011348899522,0.15212427249067798,1.026935735392256e-07,4.107966647175028e-07
4,716,178,30,1.0,work,4,2.0062885096040707e-16,0.0,4.5408458304732556e-08,8.940696716308595e-08,0.018829586676714364,0.1584692212231248,0.018829632051591248,0.1584691871863737,3.739185398675425e-07,7.85674233821878e-07
4,717,179,31,1.0083333333333333,work,1,7.850462293418876e-17,0.0,0.007463512834263366,0.016280772656406265,0.01869093723930547,0.1660044703336641,0.025753640440953483,0.16765133777713445,2.8495516759832763e-07,5.048833592563111e-07
4,718,179,31,1.0166666666666666,work,2,7.850462293418876e-17,0.0,0.005044192906342585,0.01089468204947447,0.01873464206721486,0.1742226507891627,0.023482290037451132,0.17483966714969446,4.004653154660693e-07,8.678567277527541e-07
4,719,179,31,1.025,work,3,7.850462293418876e-17,0.0,0.002558282920647084,0.005481634629399261,0.018961908422060088,0.1829477163230945,0.021353588438516476,0.18303008763476988,1.7938339477697328e-07,2.4575624618635555e-07
4,720,179,31,1.0333333333333332,work,4,7.850462293418876e-17,0.0,5.418852317328535e-08,1.460009659995543e-07,0.019358134759293797,0.1920333992941221,0.0193581887024508,0.19203329749483386,1.2107011321676293e-07,5.511415603431161e-07
4,721,180,32,1.0416666666666667,work,1,3.002224531865041e-16,2.9802322387695312e-08,0.006938390703603803,0.01441646145396194,0.019491698293541217,0.2014218476684867,0.02606631249754813,0.20095645835096826,1.2663742710490814e-07,3.6621706865562575e-07
4,722,180,32,1.05,work,2,3.002224531865041e-16,2.9802322387695312e-08,0.004676960404580099,0.009657476019266158,0.01976559971396539,0.2115474217010958,0.024181363905458036,0.21095296312734615,1.252911329459521e-07,2.7957056521316965e-07
4,723,180,32,1.0583333333333333,work,3,3.002224531865041e-16,2.9802322387695312e-08,0.00236590295832899,0.00486275848924907,0.020166432781821893,0.222234540249739,0.022391188246248733,0.22180592671075214,1.5294485443511974e-07,1.954268969387413e-07
4,724,180,32,1.0666666666666667,work,4,3.002224531865041e-16,2.9802322387695312e-08,2.838748103703509e-09,4.2146848510894035e-08,0.020681895432439625,0.2333485482059584,0.020681893869751763,0.23334849743065011,2.428872608034045e-07,6.795975119466444e-07
4,725,181,33,1.075,work,1,1.7772239894833365e-16,0.0,0.0064653161184448915,0.012674757553064327,0.020952135178548267,0.24440911751821098,0.027102443642478418,0.24258527728083343,7.59320376244934e-08,3.5388297101968327e-07
4,726,181,33,1.0833333333333333,work,2,1.7772239894833365e-16,0.0,0.004334497322712558,0.008535390837511873,0.02127442014640884,0.2558251058802775,0.02539530703703105,0.25449431047167437,7.897034173498338e-08,4.5588787021572557e-07
4,727,181,33,1.0916666666666666,work,3,1.7772239894833365e-16,0.0,0.002180830186260379,0.00431834740852175,0.02164023642069658,0.2674697777002417,0.02371289019163266,0.26675363393772294,7.007335718902829e-08,6.293866658789802e-07
4,728,181,33,1.1,work,4,1.7772239894833365e-16,0.0,5.3756260971154904e-08,1.264405455326821e-07,0.02204281784434328,0.2792481520354661,0.02204276476605732,0.27924821059831406,9.162428357558754e-08,2.2696772533249596e-07
4,729,182,34,1.1083333333333334,work,1,5.551115123125783e-17,0.0,0.005815670056945325,0.011394589979977592,0.02217035578567628,0.29021352990819693,0.027781093260355463,0.2873680728472635,2.226881257046268e-07,5.778884717722352e-07
4,730,182,34,1.1166666666666667,work,2,5.551115123125783e-17,0.0,0.0038795789853759022,0.007729846201133882,0.022285553715914095,0.3008984680674812,0.02603461516471476,0.29898760484970927,1.8100748409672125e-07,6.063875540904964e-07
4,731,182,34,1.125,work,3,5.551115123125783e-17,0.0,0.0019422722643468071,0.003937161962907124,0.02239434621284762,0.3112807301526411,0.02427476775666832,0.31032194906202015,6.43384733926886e-08,3.8743019104003964e-07
4,732,182,34,1.1333333333333333,work,4,5.551115123125783e-17,0.0,1.1910943905108026e-08,0.0,0.022499276978931927,0.32134648138738436,0.022499265154620404,0.3213464613027127,1.5480874408560845e-07,3.2373608622551644e-07
4,733,183,35,1.1416666666666666,work,1,1.2412670766236366e-16,0.0,0.004884706741405886,0.007466901125146108,0.022234825203604633,0.3303531354956372,0.026964421170692997,0.3281095481800625,7.13333036499803e-08,7.232821643061437e-07
4,734,183,35,1.15,work,2,1.2412670766236366e-16,0.0,0.0032483275037683,0.005048581254286525,0.021941117028826427,0.3382256446125564,0.025094349541007567,0.3367557216128473,1.5392487650889332e-07,3.8281776245430556e-07
4,735,183,35,1.1583333333333332,work,3,1.2412670766236366e-16,0.0,0.0016206252091304145,0.0025631454837319323,0.021639857036753394,0.3451180204084502,0.02321717065973305,0.34439699429459547,3.410261623332208e-07,7.287871396921605e-07
4,736,183,35,1.1666666666666667,work,4,1.2412670766236366e-16,0.0,1.3757275225955037e-08,4.2146848510894035e-08,0.02134464585324501,0.3511344671504581,0.021344659461544433,0.3511344187014845,2.9597659392360304e-07,6.272663229658983e-07
4,737,184,36,1.175,work,1,3.0594168671144045e-15,0.0,0.004062883400541729,0.003612333732721459,0.020758454284330565,0.35573715386881266,0.02468106040429305,0.3541522336993165,1.9372069332391659e-07,6.802506572314132e-07
4,738,184,36,1.1833333333333333,work,2,3.0594168671144045e-15,0.0,0.0027021665665565363,0.0023841925341393047,0.020194443409674134,0.35887966669924914,0.022810518432015616,0.35785218571871946,1.9238362689798807e-07,3.9537248496477665e-07
4,739,184,36,1.1916666666666667,work,3,3.0594168671144045e-15,0.0,0.0013479692452486084,0.0011815342593905556,0.0196771907706377,0.3607822323578974,0.020985700319604943,0.3602822353226365,3.2369858001400506e-07,6.730311984203021e-07
4,740,184,36,1.2,work,4,3.0594168671144045e-15,0.0,9.288293094900641e-09,0.0,0.019221221241363856,0.36159970033577776,0.019221230359507128,0.36159971595031176,1.6788035919147267e-07,2.493441183966625e-07
4,741,185,37,1.2083333333333333,work,1,2.7947897292471723e-16,0.0,0.003698154472460814,0.004117033418510225,0.018689729285352227,0.36084053485248196,0.022263599174557287,0.35897674930520884,1.812833976982811e-07,2.8894423588611685e-07
4,742,185,37,1.2166666666666666,work,2,2.7947897292471723e-16,0.0,0.0024631223376486862,0.0027162227352199894,0.018239873463278933,0.35878420548582385,0.02062711098627567,0.357565896199875,2.3765092194972579e-07,6.488424854599636e-07
4,743,185,37,1.225,work,3,2.7947897292471723e-16,0.0,0.0012304103523934958,0.0013438974023516441,0.017881760260862512,0.35563407474468384,0.019077236121780097,0.35503553498333484,2.80390648258182e-07,1.0494480646645553e-06
4,744,185,37,1.2333333333333334,work,4,2.7947897292471723e-16,0.0,1.2549654908079337e-08,0.0,0.01761522367363731,0.35155754593444993,0.017615236059584854,0.35155751725523515,1.0476657387374568e-07,7.09645801770134e-07
5,745,186,1,0.008333333333333333,startup,1,1.6939998869943826e-16,4.2146848510894035e-08,0.00921238867141665,0.029686154199207945,0.0027959997535626883,0.008682301275356507,0.01199756674099797,0.03836843374177469,3.0244857722291545e-07,5.960464477539085e-07
5,746,186,1,0.016666666666666666,startup,2,1.6939998869943826e-16,4.2146848510894035e-08,0.006148642368494921,0.019747999592743107,0.00513571973231774,0.01576081673330526,0.011240382385104287,0.03550411784788506,2.584504966526708e-07,5.26413969178669e-07
5,747,186,1,0.025,startup,3,1.6939998869943826e-16,4.2146848510894035e-08,0.003077795640812377,0.009852508077534655,0.007044390636551115,0.021516352988575637,0.010057494043685724,0.03135440079007605,1.2890128631612326e-07,3.0683368864616786e-07
5,748,186,1,0.03333333333333333,startup,4,1.6939998869943826e-16,4.2146848510894035e-08,1.4327012435398791e-08,0.0,0.008568572347996519,0.026264744115413755,0.008568569252944759,0.026264765345969044,1.4900270752194538e-07,4.539354506649926e-07
5,749,187,2,0.041666666666666664,work,1,1.3877787807814457e-17,0.0,0.0058469902763104336,0.020671640561640954,0.008914698121562025,0.02748047275183656,0.014671657112493146,0.0481304129464988,1.9978283506120588e-07,5.21327724591969e-07
5,750,187,2,0.05,work,2,1.3877787807814457e-17,0.0,0.00389859073461253,0.013757993312719843,0.00937641940838533,0.02868231743077987,0.01312383611873215,0.04241457565663259,3.8426277045522337e-07,7.702617635321716e-07
5,751,187,2,0.058333333333333334,work,3,1.3877787807814457e-17,0.0,0.0019495833926554624,0.006867492745600178,0.009998574931258733,0.030058376326723958,0.011769165090166874,0.03684085736376796,2.4332001713126405e-07,5.527507362065157e-07
5,752,187,2,0.06666666666666667,work,4,1.3877787807814457e-17,0.0,3.300552759774959e-08,1.3978528260658475e-07,0.010755491765044941,0.031767675588669574,0.010755470470784855,0.03176778064269592,2.297773619681677e-07,4.712160915387253e-07
5,753,188,3,0.075,work,1,1.6939998869943826e-16,0.0,0.006080283822688092,0.022227834362461577,0.011866575059669482,0.03451527367699021,0.0173901126257706,0.05617589351517017,4.781033085983544e-07,1.0545138128372632e-06
5,754,188,3,0.08333333333333333,work,2,1.6939998869943826e-16,0.0,0.0040541595252526295,0.01478674594098958,0.013020842167873064,0.03782774420170021,0.016476897821575905,0.051916417262024415,2.549455699486912e-07,5.646734035461092e-07
5,755,188,3,0.09166666666666666,work,3,1.6939998869943826e-16,0.0,0.002027400459574139,0.0073774537796264935,0.01412653179061733,0.04155515318784763,0.015730336235778193,0.04838466074337138,2.0573788382190332e-07,6.272663229658983e-07
5,756,188,3,0.1,work,4,1.6939998869943826e-16,0.0,2.6890787604011023e-08,0.0,0.015120303516310184,0.04561062955723621,0.015120280281808398,0.045610612131989935,1.9005188817587472e-07,6.237164001600872e-07
5,757,189,4,0.10833333333333334,work,1,1.8041124150158794e-16,0.0,0.0060352066392420625,0.025390790298389428,0.016034756881764593,0.05079007251783792,0.020924651776004593,0.07413492144435738,4.467393589580606e-08,6.251387883246874e-07
5,758,189,4,0.11666666666666667,work,2,1.8041124150158794e-16,0.0,0.004026453909809052,0.01689640848720376,0.016770202137354907,0.05650995641219361,0.019877595305899113,0.07194421542426736,1.0804665381629282e-07,4.777675730550718e-07
5,759,189,4,0.125,work,3,1.8041124150158794e-16,0.0,0.0020146833444020223,0.00843297322422625,0.01678040357273002,0.06266939081724028,0.018309967963570265,0.07039925384590308,1.7458140651265593e-07,4.3800289799866376e-07
5,760,189,4,0.13333333333333333,work,4,1.8041124150158794e-16,0.0,1.1806257617317025e-08,0.0,0.01645507007448446,0.07007841312775719,0.01645506017155975,0.07007842116077843,1.8241492907587074e-07,7.336457744295144e-07
5,761,190,5,0.14166666666666666,work,1,1.1102230246251565e-16,0.0,0.005880218658854294,0.028997659416125626,0.015981916605639572,0.07802475189796639,0.020817475414864263,0.10453586889872818,2.905671659451239e-07,8.118056340143877e-07
5,762,190,5,0.15,work,2,1.1102230246251565e-16,0.0,0.0039237087920924035,0.019317696801508348,0.015605878125063815,0.08591067378922407,0.018803348102190136,0.10377767914495445,4.113598317183075e-07,7.907449699295572e-07
5,763,190,5,0.15833333333333333,work,3,1.1102230246251565e-16,0.0,0.0019636155176967086,0.00965176066272933,0.015286348913708277,0.09357612873644588,0.016864463376528662,0.10257624577076793,3.4891050882822014e-07,7.202056630608224e-07
5,764,190,5,0.16666666666666666,work,4,1.1102230246251565e-16,0.0,3.7755751886092383e-08,5.960464477539063e-08,0.01491889527647722,0.10075491088979731,0.014918928007405288,0.10075489422315688,3.3454566635678117e-07,7.702617635321716e-07
5,765,191,6,0.175,work,1,5.721958498152797e-17,0.0,0.0055461310683328465,0.030661722747899422,0.014358522165987162,0.10803328509739518,0.01911238040420742,0.1360507691025238,2.6195662566275477e-07,6.623897186187796e-07
5,766,191,6,0.18333333333333332,work,2,5.721958498152797e-17,0.0,0.0036999060818452387,0.02044028010873679,0.013960111877906195,0.11505129487586158,0.017116687929593963,0.13390365935679505,2.395706728304584e-07,6.976544803809931e-07
5,767,191,6,0.19166666666666665,work,3,5.721958498152797e-17,0.0,0.0018512002246801674,0.010219466003955385,0.013698419952829447,0.12165615293750746,0.015255366756335445,0.1311434912638629,3.1114736622928595e-07,9.381816529451214e-07
5,768,191,6,0.2,work,4,5.721958498152797e-17,0.0,2.5728405226379823e-08,5.960464477539063e-08,0.013208239816671167,0.1274053372846212,0.013208220276593484,0.1274053307313264,2.2198611869730078e-07,1.1006704159152282e-06
5,769,192,7,0.20833333333333334,work,1,1.457167719820518e-16,0.0,0.005640691273699561,0.03261439979531323,0.012559294547534362,0.1334671773533617,0.0171683101146498,0.16226070478998092,4.700730903971816e-07,1.1246181883879575e-06
5,770,192,7,0.21666666666666667,work,2,1.457167719820518e-16,0.0,0.003762652513987149,0.021744323179898353,0.012137017633602414,0.1389645028162179,0.015235940167365755,0.15834264299014095,4.494998549314872e-07,1.0477540392426938e-06
5,771,192,7,0.225,work,3,1.457167719820518e-16,0.0,0.001882421396275206,0.010872683547514942,0.011802953118698702,0.14343668257395217,0.013364428877263723,0.15318736474398945,3.9804693432302257e-07,9.803106906055623e-07
5,772,192,7,0.23333333333333334,work,4,1.457167719820518e-16,0.0,2.4454827766086483e-08,7.300048299977713e-08,0.011473890209608567,0.14740628725119864,0.011473905585657567,0.1474062234335484,3.4096997264194014e-07,4.5783196376971154e-07
5,773,193,8,0.24166666666666667,work,1,1.4898437035160061e-16,0.0,0.00592323234957948,0.03182409336143684,0.010686932417902983,0.1497875058175818,0.015159895122631946,0.17777815105609995,2.8695574227844735e-07,6.222907608098145e-07
5,774,193,8,0.25,work,2,1.4898437035160061e-16,0.0,0.003949497782371504,0.021206481582513276,0.010050023791623579,0.15151179568952086,0.013237516114058236,0.17020681858737027,1.774390407831484e-07,7.001960351747746e-07
5,775,193,8,0.2583333333333333,work,3,1.4898437035160061e-16,0.0,0.0019750851767385675,0.010598469404095812,0.00963909048313773,0.15322663387951002,0.011325643962680496,0.16259270305859927,2.2288707416411314e-07,5.997601687162573e-07
5,776,193,8,0.26666666666666666,work,4,1.4898437035160061e-16,0.0,1.6543397311613606e-08,1.3978528260658475e-07,0.00943276569277842,0.15430742155058244,0.009432766313716869,0.1543072814345359,2.27322353010588e-07,6.165552397244359e-07
5,777,194,9,0.275,work,1,1.193812447098184e-16,0.0,0.00583365132802695,0.028254742258894426,0.009194542460305051,0.1526141407157806,0.014491717554262335,0.17632834113295645,3.053854722688061e-07,8.107108180961333e-07
5,778,194,9,0.2833333333333333,work,2,1.193812447098184e-16,0.0,0.0038816758785840803,0.018802431398454816,0.009226450426776969,0.15019586166889912,0.012867217500260165,0.16603663576885871,3.480038554055238e-07,5.511415603431161e-07
5,779,194,9,0.2916666666666667,work,3,1.193812447098184e-16,0.0,0.001937207230336792,0.009384038662636086,0.009456894725510315,0.14746587232839023,0.011307529208656653,0.15539834201216385,3.4287468045421124e-07,6.093099206763789e-07
5,780,194,9,0.3,work,4,1.193812447098184e-16,0.0,1.9069712918502165e-08,0.0,0.009826056636978378,0.14396125667415627,0.009826050075511855,0.14396125061802453,2.7755818130519314e-07,4.969040155569645e-07
5,781,195,10,0.30833333333333335,work,1,1.195827321860277e-16,0.0,0.003230573637262553,0.02962159146632208,0.009370995289721537,0.14041523338671255,0.012147595584665858,0.16634330488419502,2.9688081243671153e-07,8.429369702178869e-07
5,782,195,10,0.31666666666666665,work,2,1.195827321860277e-16,0.0,0.002143041967115842,0.019734710197094815,0.009101638742456938,0.13734610677633594,0.010970489331248647,0.15463519731979328,2.469808580168745e-07,9.592459761757394e-07
5,783,195,10,0.325,work,3,1.195827321860277e-16,0.0,0.0010664306526021587,0.009860775958278254,0.008493636164813132,0.13499017185686077,0.009411070756972464,0.14369358258506787,2.2925341986617267e-07,6.194296387084308e-07
5,784,195,10,0.3333333333333333,work,4,1.195827321860277e-16,0.0,1.0790702528652674e-08,4.2146848510894035e-08,0.007662943896722982,0.13037575716003344,0.007662938583112089,0.13037573564206748,1.5079854425639358e-07,5.204751848153182e-07
5,785,196,11,0.3416666666666667,work,1,2.380556418436547e-16,0.0,0.004451680391117796,0.03229476765148476,0.006761911387557727,0.12639882383365725,0.009618298343596381,0.15603726732000936,1.9809549032257506e-07,6.717102330675541e-07
5,786,196,11,0.35,work,2,2.380556418436547e-16,0.0,0.002969605117323682,0.021540342217332573,0.006171067476218389,0.121960603266822,0.008181352845425342,0.14183122368071344,2.3780774417758899e-07,4.674311620401787e-07
5,787,196,11,0.35833333333333334,work,3,2.380556418436547e-16,0.0,0.001486054047174837,0.01077549089531515,0.005932482614862058,0.1177237739650369,0.006980743213316193,0.12770224445634681,2.7907022414712485e-07,6.300918612440247e-07
5,788,196,11,0.36666666666666664,work,4,2.380556418436547e-16,0.0,3.5443699276412355e-09,0.0,0.00585564062103493,0.11385056695452779,0.005855642446853422,0.11385060107680946,2.3522819134624274e-07,5.709303635557914e-07
5,789,197,12,0.375,work,1,2.323234527365937e-16,0.0,0.006048397805280101,0.033960067732307024,0.0062830573735303714,0.11026778131046426,0.011702900196057749,0.14220704904791698,2.7303141580678803e-07,7.667947012346199e-07
5,790,197,12,0.3833333333333333,work,2,2.323234527365937e-16,0.0,0.004037466195066373,0.02267082173030092,0.0067547814560612275,0.10670745621106544,0.010422274217827971,0.1281257731371569,1.3724581365200742e-07,2.6151431761360555e-07
5,791,197,12,0.39166666666666666,work,3,2.323234527365937e-16,0.0,0.0020217459072057677,0.011350909537025725,0.007266411379986593,0.10287770570509695,0.009114318290560851,0.11364855757933735,4.0737471058498437e-07,7.963412532739327e-07
5,792,197,12,0.4,work,4,2.323234527365937e-16,0.0,6.339720406681941e-09,2.9802322387695312e-08,0.007800275548199425,0.09897211233509086,0.00780028169067748,0.09897209169528763,2.82632453379796e-07,6.322027276634131e-07
5,793,198,13,0.4083333333333333,work,1,2.3724523730670963e-16,0.0,0.006692280048096144,0.03599615567298197,0.008621380143027829,0.09554791271587848,0.01518037632266734,0.1303064764822451,1.8689388365760923e-07,4.98688236793326e-07
5,794,198,13,0.4166666666666667,work,2,2.3724523730670963e-16,0.0,0.004464567494708473,0.024042034113785308,0.009365474875761372,0.09229658057367644,0.01372206958371141,0.11561770168646188,2.523900491568279e-07,5.170509687929607e-07
5,795,198,13,0.425,work,3,2.3724523730670963e-16,0.0,0.002234383029851742,0.012043581809427086,0.010046336165008685,0.08897250839994982,0.012214222270724051,0.1007013475982022,1.916221411106702e-07,6.377975511262652e-07
5,796,198,13,0.43333333333333335,work,4,2.3724523730670963e-16,0.0,1.8496553963040995e-08,7.300048299977713e-08,0.010687458509142213,0.08557390608198769,0.010687468884306446,0.08557383008455056,3.13200147288955e-07,8.45041685030337e-07
5,797,199,14,0.44166666666666665,work,1,1.1527756336890508e-16,0.0,0.005499022281149324,0.0434214912882574,0.010840675249106759,0.08441515475395574,0.016069291540369377,0.12689486048636447,1.3297220214035902e-07,5.397430144630339e-07
5,798,199,14,0.45,work,2,1.1527756336890508e-16,0.0,0.003681213326173391,0.02900748608242777,0.010994534149757478,0.08372554977828771,0.014532718585420957,0.11237592340436027,2.152105326284892e-07,3.6983709472390636e-07
5,799,199,14,0.4583333333333333,work,3,1.1527756336890508e-16,0.0,0.00184914264087325,0.014533726329530625,0.011160526575576583,0.08344595394143225,0.012955542722997633,0.09788123087891037,1.9852906486339544e-07,5.314515382089335e-07
5,800,199,14,0.4666666666666667,work,4,1.1527756336890508e-16,0.0,1.7638371512944288e-08,0.0,0.011332945906551975,0.08413428592517545,0.011332935229466589,0.08413425425610434,1.8627357547592683e-07,7.862392639084461e-07
5,801,200,15,0.475,work,1,3.1031676915590914e-17,0.0,0.008213365581656336,0.04837463784109759,0.0114429774976233,0.08672069446017397,0.018245819623978244,0.13485716836709855,2.0919173001429343e-07,6.763223241514128e-07
5,802,200,15,0.48333333333333334,work,2,3.1031676915590914e-17,0.0,0.005508019067642566,0.032316347562154506,0.012196080376053013,0.09100095670644953,0.017163949259195448,0.12307938581043615,5.5884095268311755e-08,3.4882724019049525e-07
5,803,200,15,0.49166666666666664,work,3,3.1031676915590914e-17,0.0,0.0027703095321243644,0.01619141377001719,0.013316102074808113,0.09654096437464009,0.01595651815426736,0.11245630531907326,1.842087310992009e-07,4.860611686199942e-07
5,804,200,15,0.5,work,4,3.1031676915590914e-17,0.0,3.744059892213352e-08,1.299053115707837e-07,0.014649629826174333,0.10308999843041812,0.014649617986428262,0.10309003425185148,2.474068334296958e-07,7.202056630608224e-07
5,805,201,16,0.5083333333333333,work,1,3.1401849173675503e-16,2.9802322387695312e-08,0.015017405652988487,0.04553527788463479,0.01778266924015501,0.11007720657050472,0.032223533127263025,0.15489214218727035,1.865741298570887e-07,8.910844557122098e-07
5,806,201,16,0.5166666666666666,work,2,3.1401849173675503e-16,2.9802322387695312e-08,0.010003118170258552,0.030351788032856254,0.021578342782188318,0.11849158583921765,0.031460090297673715,0.14808309301997177,1.6908266786217616e-07,2.5288109106536433e-07
5,807,201,16,0.525,work,3,3.1401849173675503e-16,2.9802322387695312e-08,0.004997184106849404,0.015173385409900502,0.02565016206585808,0.12809291617732935,0.03063052286262753,0.14269226249357067,1.3624225846217105e-07,2.346637211445515e-07
5,808,201,16,0.5333333333333333,work,4,3.1401849173675503e-16,2.9802322387695312e-08,1.5695175711969638e-08,4.2146848510894035e-08,0.02983108757359294,0.13855561555269605,0.02983108204887968,0.13855563325896594,1.8973685553425897e-07,5.430241572346883e-07
5,809,202,17,0.5416666666666666,work,1,1.1443916996305594e-16,0.0,0.016847373585862697,0.02976556504213663,0.0347219482747457,0.14438766454693638,0.05148676681158871,0.17138788278062383,3.458537624664642e-07,6.237164001600872e-07
5,810,202,17,0.55,work,2,1.1443916996305594e-16,0.0,0.011201648817036688,0.01983529878340887,0.0394993454691586,0.15071045199828875,0.05059389666472635,0.16870724343658328,2.1235122755767122e-07,1.264405455326821e-07
5,811,202,17,0.5583333333333333,work,3,1.1443916996305594e-16,0.0,0.005585759375407852,0.009913518883678104,0.04384873904182363,0.15653392965748195,0.049331297150904715,0.16551083260715735,2.59760830613749e-07,5.5595511514478e-07
5,812,202,17,0.5666666666666667,work,4,1.1443916996305594e-16,0.0,1.8410626056736403e-08,5.960464477539063e-08,0.047564620509781046,0.16125599304353794,0.0475646364088702,0.1612559898037536,2.9747133776619727e-07,3.1256939416234273e-07
5,813,203,18,0.575,work,1,1.0007415106216802e-16,0.0,0.013657638374471776,0.02140179381779088,0.04960745602930084,0.1592573549472533,0.0626802330561046,0.17079162218498106,5.145464997922118e-07,8.264437093652574e-07
5,814,203,18,0.5833333333333334,work,2,1.0007415106216802e-16,0.0,0.009080487830453142,0.014304281570209978,0.05091191040890496,0.15605305305234435,0.059511220751944136,0.16400143026840217,3.2577926358623867e-07,4.786961795153931e-07
5,815,203,18,0.5916666666666667,work,3,1.0007415106216802e-16,0.0,0.0045278231213501125,0.007170326401503763,0.05149544161005345,0.1515993306832142,0.05574023473313991,0.1556780783730343,1.4826284200893582e-07,6.835070217358929e-07
5,816,203,18,0.6,work,4,1.0007415106216802e-16,0.0,4.3388406960692396e-08,1.685873940435762e-07,0.05140462906184375,0.14595852449953162,0.051404593496835245,0.14595839778942937,1.4525431933660333e-07,6.502099105498649e-07
5,817,204,19,0.6083333333333333,work,1,2.7755575615628914e-17,0.0,0.012021576528332842,0.022430739210841565,0.05039520941092256,0.13593873543629909,0.06184253374215556,0.14059591979342784,1.3109875742233605e-07,5.15330328517873e-07
5,818,204,19,0.6166666666666667,work,2,2.7755575615628914e-17,0.0,0.008005772041935562,0.015006143004435353,0.04892800976919068,0.12531436042628907,0.05651907943551588,0.1288346267504684,2.3388383609087633e-07,1.0018191524727216e-06
5,819,204,19,0.625,work,3,2.7755575615628914e-17,0.0,0.003998575239237277,0.007529445980366251,0.04708810158090939,0.11437642701648297,0.05086444543325101,0.11634802604420841,4.013750477188085e-07,4.298152059869762e-07
5,820,204,19,0.6333333333333333,work,4,2.7755575615628914e-17,0.0,2.6284059732794492e-08,1.032382731180714e-07,0.04496902135547001,0.10339695887200478,0.044969000158733986,0.1033969425169794,1.7869480398631282e-07,8.107108180961333e-07
5,821,205,20,0.6416666666666666,work,1,1.7772239894833365e-16,0.0,0.010045431829920291,0.021822433175399086,0.04206868293675901,0.09112727820287474,0.05161465518300718,0.09733446016314125,2.3259059726812742e-07,8.242915085518019e-07
5,822,205,20,0.65,work,2,1.7772239894833365e-16,0.0,0.006702235909419608,0.014564275970142022,0.03914559203763244,0.07939301075266657,0.04552565707953265,0.0843393196570153,1.6189614969844422e-07,5.662441253662128e-07
5,823,205,20,0.6583333333333333,work,3,1.7772239894833365e-16,0.0,0.003353821881529357,0.007290686515037867,0.03628106875867043,0.06865858831729252,0.039477602021130515,0.07160074453919932,3.0557109833336444e-07,5.543552409928541e-07
5,824,205,20,0.6666666666666666,work,4,1.7772239894833365e-16,0.0,2.131000149433391e-08,7.884953353001448e-08,0.03354752984681335,0.059396700819384196,0.03354751066008096,0.05939665370789844,1.7907659556285074e-07,6.637292340791282e-07
5,825,206,21,0.675,work,1,6.359601310784502e-17,0.0,0.008949299995369557,0.02256037555898304,0.030621354587243306,0.05276346964943085,0.039250223398096286,0.07043456777241243,1.9975455690533987e-07,2.1073424255447027e-07
5,826,206,21,0.6833333333333333,work,2,6.359601310784502e-17,0.0,0.005974828219711662,0.0150172809355579,0.02796617861538135,0.047843429869425205,0.033746335214635985,0.060437712631061506,3.0633862014520887e-07,5.748063779469126e-07
5,827,206,21,0.6916666666666667,work,3,6.359601310784502e-17,0.0,0.0029917513593336865,0.007497357866780661,0.025618033715287848,0.04488809895805325,0.02851863202485618,0.05150611080256727,2.548606638950949e-07,5.446573162823058e-07
5,828,206,21,0.7,work,4,6.359601310784502e-17,0.0,9.985725039291968e-09,5.960464477539063e-08,0.023599362622749673,0.043834770751580064,0.023599366961317158,0.04383482254952399,8.466708114739566e-08,2.8429603618888453e-07
5,829,207,22,0.7083333333333334,work,1,1.1188630228279524e-16,0.0,0.009062038357839737,0.01798486751736262,0.02192336667642429,0.04308279307485609,0.030813097221458842,0.05989325087761893,1.2914212659101124e-07,3.9537248496477665e-07
5,830,207,22,0.7166666666666667,work,2,1.1188630228279524e-16,0.0,0.006046644557803501,0.01195900208028058,0.02056959966926036,0.04305440328249293,0.02649574468967636,0.05375548934602316,1.7523510477376658e-07,7.586432731960971e-07
5,831,207,22,0.725,work,3,1.1188630228279524e-16,0.0,0.0030258506224411725,0.0059640678912585765,0.019526465339071077,0.04354202212190736,0.022484951119681015,0.048594332408896296,2.0895068296775525e-07,1.7881393432617193e-07
5,832,207,22,0.7333333333333333,work,4,1.1188630228279524e-16,0.0,3.486856276461018e-08,9.424321830774486e-08,0.018772160808218738,0.04434211779681549,0.01877219120483283,0.04434209444724519,1.526876069551936e-07,3.0098870212918777e-07
5,833,208,23,0.7416666666666667,work,1,1.576213700060856e-16,0.0,0.008297073912003086,0.013694658020868205,0.018021879672859887,0.04369018085320824,0.02615959155060448,0.053120343564814425,1.8444000566607346e-07,2.1696418193818693e-07
5,834,208,23,0.75,work,2,1.576213700060856e-16,0.0,0.005534852276738713,0.009113983097632951,0.017514247491620727,0.04325999325728343,0.022920915990026828,0.049136334131549206,2.8699908466229165e-07,3.9311963195422116e-07
5,835,208,23,0.7583333333333333,work,3,1.576213700060856e-16,0.0,0.0027691251752645246,0.004549189907274959,0.01722617010381819,0.0429686392819926,0.01991692611582728,0.0457149548337262,7.858221044830505e-08,3.4882724019049525e-07
5,836,208,23,0.7666666666666666,work,4,1.576213700060856e-16,0.0,4.293339125551438e-08,9.424321830774486e-08,0.017130438723328038,0.04276617398368055,0.017130399008731857,0.042766190204010214,8.514318215828247e-08,6.10765860435941e-07
5,837,209,24,0.775,work,1,1.9242142079520307e-16,0.0,0.008213153538452825,0.013730488372261655,0.017151396236695555,0.04316727898575964,0.025123780735514578,0.05348584472419119,1.3466168303937897e-07,5.519467347101032e-07
5,838,209,24,0.7833333333333333,work,2,1.9242142079520307e-16,0.0,0.005480769118187411,0.009143550956850958,0.017309350196738963,0.043586660749789875,0.022604024051512357,0.050267731212397276,9.989803024970684e-08,3.637837057034289e-07
5,839,209,24,0.7916666666666666,work,3,1.9242142079520307e-16,0.0,0.002742955852576797,0.004566726891436316,0.01757036100939282,0.044019179808697004,0.020204703692374284,0.04726148018910702,2.000371367142106e-07,3.576278686523442e-07
5,840,209,24,0.8,work,4,1.9242142079520307e-16,0.0,1.221858275974308e-08,1.1920928955078128e-07,0.017902837833644637,0.0444663846285477,0.017902826185840673,0.04446642027826461,2.0117823117673686e-07,1.57699067060029e-07
5,841,210,25,0.8083333333333333,work,1,1.9478403400799703e-16,0.0,0.008696880356880897,0.018542513647624114,0.01842768032290358,0.04596123214650981,0.026871137996441842,0.060693967413940335,2.6529835775389336e-07,7.360630652444683e-07
5,842,210,25,0.8166666666666667,work,2,1.9478403400799703e-16,0.0,0.0058109744847012704,0.012368261263082013,0.018961030896614217,0.04754400062468018,0.024576122450722247,0.05727935911931047,2.734525055640892e-07,8.840797528142599e-07
5,843,210,25,0.825,work,3,1.9478403400799703e-16,0.0,0.002912018143399041,0.0061877246671458675,0.019468752338612626,0.049171264390199955,0.022266723580905586,0.05395737399805472,1.447846995121862e-07,4.66480131223755e-07
5,844,210,25,0.8333333333333334,work,4,1.9478403400799703e-16,0.0,4.695285170969378e-08,1.8371385344770485e-07,0.019926020739158876,0.050821940811714005,0.01992597571334956,0.050821967054701274,1.8123711829696089e-07,4.1935584781975493e-07
5,845,211,26,0.8416666666666667,work,1,2.242025235105681e-16,0.0,0.009418522102018415,0.021964935425526248,0.020464444278750958,0.05286767058514745,0.029546246891874413,0.07072527405775356,4.998918654904764e-08,4.969040155569645e-07
5,846,211,26,0.85,work,2,2.242025235105681e-16,0.0,0.006302763327713643,0.014687946116676445,0.020930781279384518,0.055125886910603064,0.02698605601943039,0.06687183432973148,5.8189056368194526e-08,5.575503985246947e-07
5,847,211,26,0.8583333333333333,work,3,2.242025235105681e-16,0.0,0.0031636875115129436,0.00736777747068322,0.02131242443320252,0.05754778015431199,0.024337692963399108,0.06327021742999539,4.2167007529748654e-08,5.075152625419631e-07
5,848,211,26,0.8666666666666667,work,4,2.242025235105681e-16,0.0,2.1985315663152887e-08,9.424321830774486e-08,0.021622032780087477,0.06000323702218154,0.02162205409873533,0.06000322503932467,1.6580831584365178e-07,7.656355249086146e-07
5,849,212,27,0.875,work,1,1.249000902703301e-16,0.0,0.008523651470231553,0.023776002218222795,0.021469647618696717,0.06245618820496125,0.02965154433126613,0.08130694583225638,1.8350260475178933e-07,9.43374144515071e-07
5,850,212,27,0.8833333333333333,work,2,1.249000902703301e-16,0.0,0.005722307411580274,0.015901944878683343,0.021276581506561826,0.06577715536339195,0.02675323593572912,0.0780420672394645,2.1419454517739515e-07,5.945544643181586e-07
5,851,212,27,0.8916666666666666,work,3,1.249000902703301e-16,0.0,0.0028823720047627846,0.007981963203762689,0.02105758910592082,0.06976637402211155,0.02380436465974374,0.07562659456230901,1.416021279631617e-07,1.0507167913797138e-06
5,852,212,27,0.9,work,4,1.249000902703301e-16,0.0,3.420766589785725e-08,1.264405455326821e-07,0.02083518470137445,0.07427835079697348,0.020835215536771503,0.0742783254208705,8.66497797952843e-08,4.977969255593452e-07
5,853,213,28,0.9083333333333333,work,1,2.498001805406602e-16,2.9802322387695312e-08,0.009130802053683346,0.026244668535168693,0.020639145597085604,0.07861207301481474,0.029524126130738258,0.09633474234587174,1.9029871540112447e-07,2.7314279645418187e-07
5,854,213,28,0.9166666666666666,work,2,2.498001805406602e-16,2.9802322387695312e-08,0.006148658095726146,0.017591594754941566,0.020465428783533305,0.08341194940057373,0.026422515916802482,0.09431019366010332,1.1388690551812586e-07,5.638864019043614e-07
5,855,213,28,0.9249999999999999,work,3,2.498001805406602e-16,2.9802322387695312e-08,0.0031067233579496964,0.008850173692517513,0.020329362421836406,0.08857085572921354,0.023321815598076265,0.0934855170824146,1.3886747692296477e-07,5.187659020879645e-07
5,856,213,28,0.9333333333333333,work,4,2.498001805406602e-16,2.9802322387695312e-08,2.1896371235201097e-08,5.960464477539063e-08,0.020246551211503587,0.09400699296564209,0.020246572226740027,0.0940069696630915,5.869066390724578e-08,5.960464477539085e-07
5,857,214,29,0.9416666666666667,work,1,2.486410087150353e-16,0.0,0.009215814730987594,0.025271970887621772,0.019886113489488693,0.09910125596062062,0.02870018615160279,0.11211415430504192,1.5396925801263946e-07,4.4404460268471747e-07
5,858,214,29,0.95,work,2,2.486410087150353e-16,0.0,0.006218261951507521,0.016945495318457147,0.019624768792893,0.10474779039388808,0.025551413045582724,0.11229759009557165,1.2099098983929738e-07,7.539457464619632e-07
5,859,214,29,0.9583333333333334,work,3,2.486410087150353e-16,0.0,0.0031485044618573092,0.008532235381044423,0.01947933062809809,0.11080754195630327,0.022463479335580065,0.11399026338947776,2.445731674736548e-07,5.5595511514478e-07
5,860,214,29,0.9666666666666667,work,4,2.486410087150353e-16,0.0,3.7428840055765194e-08,8.429369702178807e-08,0.01946581339997472,0.11718192203610626,0.01946584994446627,0.11718188295170708,1.8634330920288726e-07,4.3901562281418636e-07
5,861,215,30,0.975,work,1,3.331391796911832e-16,0.0,0.008821674680953073,0.02260718184253861,0.019037306184031797,0.12381066885690294,0.027370667175244754,0.13202918301776986,7.972490464109358e-08,4.712160915387253e-07
5,862,215,30,0.9833333333333333,work,2,3.331391796911832e-16,0.0,0.005965382437808569,0.015168816291578355,0.018777565271944956,0.1310687722127337,0.024392384430906775,0.13550256098192243,1.969365385136926e-07,7.609811624767649e-07
5,863,215,30,0.9916666666666667,work,3,3.331391796911832e-16,0.0,0.0030272949721912965,0.007647830147759309,0.018702625135562607,0.13877881342726872,0.021534404937352026,0.14048587603099094,1.6400895379556655e-07,3.976125736274229e-07
5,864,215,30,1.0,work,4,3.331391796911832e-16,0.0,4.911491001098533e-08,9.884312124119402e-08,0.018820797316679863,0.1468286395840259,0.018820748843766947,0.14682868701626853,1.9654398302585463e-07,4.287807515245136e-07
5,865,216,31,1.0083333333333333,work,1,5.647850449853784e-17,0.0,0.00816889542844224,0.019339743037124293,0.018493524463602994,0.15556652829846007,0.026140088055912395,0.16018363324629548,1.7139849149424417e-07,6.093099206763789e-07
5,866,216,31,1.0166666666666666,work,2,5.647850449853784e-17,0.0,0.005532890490183782,0.013003148096500487,0.018379731434611093,0.16496033030362833,0.023534139948288707,0.16727121898294034,6.053203686424748e-08,4.4203987640712727e-07
5,867,216,31,1.025,work,3,5.647850449853784e-17,0.0,0.0028122776335973336,0.006573180922431559,0.018487829462350332,0.17482102781251252,0.02108923928145436,0.17562057138764067,1.771211739530074e-07,2.598106231415675e-07
5,868,216,31,1.0333333333333332,work,4,5.647850449853784e-17,0.0,2.0768686752272613e-08,4.2146848510894035e-08,0.018812785953839478,0.18502406437159744,0.018812766756948218,0.18502405935178584,1.7129529469916604e-07,5.575503985246947e-07
5,869,217,32,1.0416666666666667,work,1,1.7721369911963456e-16,0.0,0.007583465241711208,0.016204618677354548,0.018781296002172685,0.19579712291321777,0.02585866459746717,0.19757109882661764,9.617498966873687e-08,2.563692708922217e-07
5,870,217,32,1.05,work,2,1.7721369911963456e-16,0.0,0.005130514634989616,0.01090970097327248,0.018948657556772105,0.2073265374702136,0.023715336628327942,0.2080508060327584,2.873126936967888e-07,6.136673772923375e-07
5,871,217,32,1.0583333333333333,work,3,1.7721369911963456e-16,0.0,0.0026048313467011003,0.005523213693967769,0.0193101612038962,0.21939782126941612,0.021716570779124728,0.2195514729744439,1.990956301367042e-07,3.371747880871527e-07
5,872,217,32,1.0666666666666667,work,4,1.7721369911963456e-16,0.0,2.518304102770299e-08,4.2146848510894035e-08,0.01984766195014667,0.23185707112160198,0.01984768632367678,0.23185706870257608,1.2385548088904362e-07,5.575503985246947e-07
5,873,218,33,1.075,work,1,1.6435074526764696e-16,0.0,0.007487984506658661,0.012756081110583574,0.020228882617751444,0.2447273758428454,0.02728373652812298,0.24513242161268003,5.869318830453677e-08,4.500051996273259e-07
5,874,218,33,1.0833333333333333,work,2,1.6435074526764696e-16,0.0,0.005037939786203123,0.008653812688365535,0.020711632186238983,0.2582077580977305,0.0254505457142755,0.25830104496413203,1.5581329136419565e-07,5.748063779469126e-07
5,875,218,33,1.0916666666666666,work,3,1.6435074526764696e-16,0.0,0.0025438749610788135,0.004414066541770616,0.021285237106158348,0.2721251731734929,0.023674366025994865,0.2720931027311593,3.3661589288193296e-07,8.910844557122098e-07
5,876,218,33,1.1,work,4,1.6435074526764696e-16,0.0,2.4286322126624322e-08,6.664001874625056e-08,0.021931978010860807,0.28631268552466643,0.021931954948736992,0.2863126542996826,1.4400116947961374e-07,4.805480091749769e-07
5,877,219,34,1.1083333333333334,work,1,5.551115123125783e-17,0.0,0.007280812966538109,0.009520895335031292,0.022359612003584398,0.30023916392318484,0.029265220843681015,0.3003674812470896,1.201290482363096e-07,7.480323551899913e-07
5,878,219,34,1.1166666666666667,work,2,5.551115123125783e-17,0.0,0.004866631951447107,0.006535005714582807,0.02278113942542313,0.31415657079439785,0.027408973241930194,0.31423561865854255,2.4371226011084193e-07,6.873942968053134e-07
5,879,219,34,1.125,work,3,5.551115123125783e-17,0.0,0.0024413610377152064,0.0033721006759116798,0.023196312382767356,0.32797145744801215,0.025524036496843348,0.3280103819402842,2.4694324558453043e-07,8.096145216945539e-07
5,880,219,34,1.1333333333333333,work,4,5.551115123125783e-17,0.0,2.405670476874737e-08,5.960464477539063e-08,0.023604876635777195,0.3416114741086185,0.02360490034814081,0.34161143571802427,1.7061261161207597e-07,5.855227322694233e-07
5,881,220,35,1.1416666666666666,work,1,7.97218214573518e-17,0.0,0.005927579456630853,0.006780418618890227,0.023435785114273328,0.35381969506075267,0.029056227535798274,0.3534858827265438,2.961095270020605e-07,7.498112693672894e-07
5,882,220,35,1.15,work,2,7.97218214573518e-17,0.0,0.003942184851255189,0.004596963563023442,0.02322007830595516,0.36495769112662285,0.026975092061724066,0.36477948947344224,1.6443335051244683e-07,7.444617746351283e-07
5,883,220,35,1.1583333333333332,work,3,7.97218214573518e-17,0.0,0.0019670637861390586,0.0023438566052622523,0.022982973188373147,0.3751300233863392,0.024864790580037203,0.37506316192680395,2.5638742900939415e-07,3.2098083538618743e-07
5,884,220,35,1.1666666666666667,work,4,7.97218214573518e-17,0.0,2.1236886579581378e-08,5.960464477539063e-08,0.022741464972763626,0.3844118140216177,0.02274144392263952,0.3844117770034525,2.3560350261030623e-07,6.743495761743077e-07
5,885,221,36,1.175,work,1,1.1295700899707568e-16,0.0,0.004339314651592158,0.004186755982073018,0.02195645582689671,0.3916428571133323,0.02608793528179145,0.3909007926871537,2.765721962834649e-07,5.794233708150282e-07
5,886,221,36,1.1833333333333333,work,2,1.1295700899707568e-16,0.0,0.002883816292638648,0.002761276338316,0.021194559606766132,0.3971524970195948,0.023949594643664453,0.39669591039531726,3.181328088039121e-07,6.899736465686728e-07
5,887,221,36,1.1916666666666667,work,3,1.1295700899707568e-16,0.0,0.001437535742208806,0.0013675849547555724,0.020494386154326458,0.40117030732773484,0.021872151475968476,0.40095995964307024,1.831680309994119e-07,3.8628224721001805e-07
5,888,221,36,1.2,work,4,1.1295700899707568e-16,0.0,2.5634120467109678e-08,4.2146848510894035e-08,0.0198747610878034,0.40389004878438184,0.019874786679277223,0.4038900478131654,1.1218499312014318e-07,2.598106231415675e-07
5,889,222,37,1.2083333333333333,work,1,4.883277088797933e-15,0.0,0.00364911170089263,0.004094316764421006,0.019115369478075555,0.40464033822815487,0.022631534949481964,0.40345118469558866,1.7651028168248422e-07,5.364418029785172e-07
5,890,222,37,1.2166666666666666,work,2,4.883277088797933e-15,0.0,0.0024295343247446428,0.0026962450526982844,0.018468940900774528,0.40378272783213476,0.02081668218091817,0.4030164153661084,1.443940646009099e-07,5.685920723777704e-07
5,891,222,37,1.225,work,3,4.883277088797933e-15,0.0,0.0012132062390974047,0.001331466700597992,0.017949661862804642,0.4015619915797863,0.019124911920454252,0.4011904070730107,6.59746682894209e-08,5.701519986900406e-07
5,892,222,37,1.2333333333333334,work,4,4.883277088797933e-15,0.0,3.20144560059567e-08,7.884953353001448e-08,0.017557196601388447,0.398189602558824,0.017557164727565484,0.39818957473083366,1.880086900529114e-07,3.9198835009234925e-07
6,893,223,1,0.008333333333333333,startup,1,1.6939998869943826e-16,4.2146848510894035e-08,0.00921238867141665,0.029686154199207945,0.0027959997535626883,0.008682301275356507,0.01199756674099797,0.03836843374177469,3.0244857722291545e-07,5.960464477539085e-07
6,894,223,1,0.016666666666666666,startup,2,1.6939998869943826e-16,4.2146848510894035e-08,0.006148642368494921,0.019747999592743107,0.00513571973231774,0.01576081673330526,0.011240382385104287,0.03550411784788506,2.584504966526708e-07,5.26413969178669e-07
6,895,223,1,0.025,startup,3,1.6939998869943826e-16,4.2146848510894035e-08,0.003077795640812377,0.009852508077534655,0.007044390636551115,0.021516352988575637,0.010057494043685724,0.03135440079007605,1.2890128631612326e-07,3.0683368864616786e-07
6,896,223,1,0.03333333333333333,startup,4,1.6939998869943826e-16,4.2146848510894035e-08,1.4327012435398791e-08,0.0,0.008568572347996519,0.026264744115413755,0.008568569252944759,0.026264765345969044,1.4900270752194538e-07,4.539354506649926e-07
6,897,224,2,0.041666666666666664,work,1,1.3877787807814457e-17,0.0,0.0058469902763104336,0.020671640561640954,0.008914698121562025,0.02748047275183656,0.014671657112493146,0.0481304129464988,1.9978283506120588e-07,5.21327724591969e-07
6,898,224,2,0.05,work,2,1.3877787807814457e-17,0.0,0.00389859073461253,0.013757993312719843,0.00937641940838533,0.02868231743077987,0.01312383611873215,0.04241457565663259,3.8426277045522337e-07,7.702617635321716e-07
6,899,224,2,0.058333333333333334,work,3,1.3877787807814457e-17,0.0,0.0019495833926554624,0.006867492745600178,0.009998574931258733,0.030058376326723958,0.011769165090166874,0.03684085736376796,2.4332001713126405e-07,5.527507362065157e-07
6,900,224,2,0.06666666666666667,work,4,1.3877787807814457e-17,0.0,3.300552759774959e-08,1.3978528260658475e-07,0.010755491765044941,0.031767675588669574,0.010755470470784855,0.03176778064269592,2.297773619681677e-07,4.712160915387253e-07
6,901,225,3,0.075,work,1,1.6939998869943826e-16,0.0,0.006080283822688092,0.022227834362461577,0.011866575059669482,0.03451527367699021,0.0173901126257706,0.05617589351517017,4.781033085983544e-07,1.0545138128372632e-06
6,902,225,3,0.08333333333333333,work,2,1.6939998869943826e-16,0.0,0.0040541595252526295,0.01478674594098958,0.013020842167873064,0.03782774420170021,0.016476897821575905,0.051916417262024415,2.549455699486912e-07,5.646734035461092e-07
6,903,225,3,0.09166666666666666,work,3,1.6939998869943826e-16,0.0,0.002027400459574139,0.0073774537796264935,0.01412653179061733,0.04155515318784763,0.015730336235778193,0.04838466074337138,2.0573788382190332e-07,6.272663229658983e-07
6,904,225,3,0.1,work,4,1.6939998869943826e-16,0.0,2.6890787604011023e-08,0.0,0.015120303516310184,0.04561062955723621,0.015120280281808398,0.045610612131989935,1.9005188817587472e-07,6.237164001600872e-07
6,905,226,4,0.10833333333333334,work,1,1.8041124150158794e-16,0.0,0.0060352066392420625,0.025390790298389428,0.016034756881764593,0.05079007251783792,0.020924651776004593,0.07413492144435738,4.467393589580606e-08,6.251387883246874e-07
6,906,226,4,0.11666666666666667,work,2,1.8041124150158794e-16,0.0,0.004026453909809052,0.01689640848720376,0.016770136986128115,0.05650899253665536,0.019877528727585813,0.07194332809551124,2.1430220884977553e-07,5.646734035461092e-07
6,907,226,4,0.125,work,3,1.8041124150158794e-16,0.0,0.0020146833444020223,0.00843297322422625,0.016850358931890793,0.06285188106058466,0.01837085321061582,0.07055988894158603,1.747945371548389e-07,7.384724434235059e-07
6,908,226,4,0.13333333333333333,work,4,1.8041124150158794e-16,0.0,1.1806257617317025e-08,0.0,0.016529226278904113,0.07002408317964225,0.016529216319010092,0.0700240910078665,1.5566313556651427e-07,7.609811624767649e-07
6,909,227,5,0.14166666666666666,work,1,8.355534721610419e-17,4.2146848510894035e-08,0.005891303893370069,0.029072576780215836,0.01572514195345183,0.07815160758744079,0.020598000786266557,0.10464245774639663,3.2566519954531974e-07,8.585965806775119e-07
6,910,227,5,0.15,work,2,8.355534721610419e-17,4.2146848510894035e-08,0.0039311784023730294,0.019367428895724157,0.015138433701665465,0.08645563793729669,0.018402718824212044,0.10437586858039728,1.0368538420014418e-07,1.5196262340524153e-07
6,911,227,5,0.15833333333333333,work,3,8.355534721610419e-17,4.2146848510894035e-08,0.0019674088499520613,0.009676583797817807,0.014708822461868387,0.09433002083601838,0.016333930115090482,0.10337568918187398,2.6202596698364893e-07,3.500980175873859e-07
6,912,227,5,0.16666666666666666,work,4,8.355534721610419e-17,4.2146848510894035e-08,7.628680542693342e-09,1.3978528260658475e-07,0.01443508079469919,0.10173694059057752,0.01443507385030092,0.10173682023667138,2.698390876067846e-07,6.730311984203021e-07
6,913,228,6,0.175,work,1,5.594315114139762e-17,2.9802322387695312e-08,0.005536108856737173,0.030347375973371102,0.014215241445749581,0.10811888949268407,0.019076259328446362,0.1355405081786841,2.9169276333104335e-07,6.90616978779824e-07
6,914,228,6,0.18333333333333332,work,2,5.594315114139762e-17,2.9802322387695312e-08,0.003692760766752509,0.020229804146885046,0.014011591830070783,0.11463388690331627,0.017210213103654497,0.1330719958720876,2.398562435679014e-07,4.674311620401787e-07
6,915,228,6,0.19166666666666665,work,3,5.594315114139762e-17,2.9802322387695312e-08,0.0018473738957728082,0.010114245747632667,0.013421811010667825,0.1207672678217645,0.015043495469629414,0.13005364806070163,3.1860592567565193e-07,9.532085413765685e-07
6,916,228,6,0.2,work,4,5.594315114139762e-17,2.9802322387695312e-08,8.665886990945602e-09,5.960464477539063e-08,0.013046332947026434,0.12773974381583109,0.013046333035632756,0.1277396970255217,3.423863799318084e-07,7.468440584028805e-07
6,917,229,7,0.20833333333333334,work,1,1.2719202621569003e-16,0.0,0.005368087575262311,0.031074593587868203,0.01250065996388995,0.13342353972260074,0.016796209870880967,0.16165346056903016,1.2953358203629874e-07,6.364034564513776e-07
6,918,229,7,0.21666666666666667,work,2,1.2719202621569003e-16,0.0,0.003581445523281959,0.02071794758613952,0.012132854184395282,0.13864027056728837,0.014979664567001947,0.15757693474129372,3.3093542216897745e-07,9.195356738890199e-07
6,919,229,7,0.225,work,3,1.2719202621569003e-16,0.0,0.0017920728577645953,0.01035990479283604,0.011768707370879988,0.14294973338394043,0.01320204527543239,0.15247016909740227,2.002428343199257e-07,5.615187788431893e-07
6,920,229,7,0.23333333333333334,work,4,1.2719202621569003e-16,0.0,1.7286172196420256e-08,1.032382731180714e-07,0.011272481668866836,0.14597522279300604,0.01127249327630125,0.14597531804514385,2.9412948386651384e-07,4.823927300047483e-07
6,921,230,8,0.24166666666666667,work,1,2.2516683988987807e-16,0.0,0.00604196272799941,0.03349199420027873,0.010687235527879311,0.1501421779002408,0.015476220945033816,0.1793975784788827,1.738716043335885e-07,4.674311620401787e-07
6,922,230,8,0.25,work,2,2.2516683988987807e-16,0.0,0.004028450755002577,0.02232148264002835,0.010335326203358359,0.15312384900884835,0.013655731084878869,0.17272303400675837,2.452619585762164e-07,6.377975511262652e-07
6,923,230,8,0.2583333333333333,work,3,2.2516683988987807e-16,0.0,0.002014454416675158,0.011157437907020095,0.01009128685002374,0.15493047731754758,0.011820354679534665,0.16474886419219387,1.9646012293046926e-07,5.763494850937659e-07
6,924,230,8,0.26666666666666666,work,4,2.2516683988987807e-16,0.0,2.000197897503117e-08,5.1619136559035694e-08,0.01000023345253924,0.15692226476338897,0.010000228258873506,0.15692223538748137,1.2787365357813846e-07,4.655271575395269e-07
6,925,231,9,0.275,work,1,1.0221629003393125e-16,0.0,0.006218586156344298,0.028718734119015273,0.009802229305515208,0.15630916870330785,0.015186766965097005,0.18077984542269837,2.241838688823926e-07,6.405766385854712e-07
6,926,231,9,0.2833333333333333,work,2,1.0221629003393125e-16,0.0,0.004140056982660403,0.019114572203574324,0.009986860300933867,0.15452014647925472,0.01373098696256342,0.17083205970490575,2.2586087592777328e-07,8.259061849445769e-07
6,927,231,9,0.2916666666666667,work,3,1.0221629003393125e-16,0.0,0.0020672888776590826,0.00954165280782042,0.010321153308158668,0.15255983446993648,0.012233923054871854,0.1607178465373182,1.6507287572846888e-07,3.182017282256878e-07
6,928,231,9,0.3,work,4,1.0221629003393125e-16,0.0,1.1533861743954687e-08,1.264405455326821e-07,0.010757609354307427,0.14936547403058242,0.010757614552711127,0.1493656012566723,2.45208614636476e-07,7.691078126766694e-07
6,929,232,10,0.30833333333333335,work,1,1.5515838457795457e-17,0.0,0.0031892894511672005,0.02957938018095356,0.010441238683301974,0.145409890033259,0.013350185195398864,0.17070555493467254,2.8208628037323804e-07,6.364034564513776e-07
6,930,232,10,0.31666666666666665,work,2,1.5515838457795457e-17,0.0,0.0021139780058923277,0.019704664223859126,0.010278035571804421,0.1416155526901538,0.012215006215589899,0.15847188144116248,2.5220601545026917e-07,9.494741154953325e-07
6,931,232,10,0.325,work,3,1.5515838457795457e-17,0.0,0.0010511016194767017,0.009844952003039708,0.010164707077512061,0.13752296955686832,0.011119525995947161,0.14594701928172055,2.442123219820574e-07,5.356133209351147e-07
6,932,232,10,0.3333333333333333,work,4,1.5515838457795457e-17,0.0,1.692029735196624e-08,5.1619136559035694e-08,0.009846133497336809,0.1344768992761903,0.009846142844925822,0.1344768542575209,2.920533200807929e-07,3.39798755973321e-07
6,933,233,11,0.3416666666666667,work,1,2.0026854743534788e-16,0.0,0.0031060349330100153,0.0331068889900257,0.008840428700823976,0.1309945330537412,0.010662564799727315,0.15976441685818787,3.989442614488209e-07,6.47472172451035e-07
6,934,233,11,0.35,work,2,2.0026854743534788e-16,0.0,0.0020723757428628624,0.02208166931308729,0.007998633764163288,0.12642355386013915,0.009201269411249439,0.1457713601016128,3.0503883743435786e-07,5.591411304263407e-07
6,935,233,11,0.35833333333333334,work,3,2.0026854743534788e-16,0.0,0.0010375111369879905,0.01104605331028003,0.007395542017261383,0.12165061120567228,0.007978300921739784,0.1313958716226203,2.8917682563164096e-07,5.855227322694233e-07
6,936,233,11,0.36666666666666664,work,4,2.0026854743534788e-16,0.0,1.3463572117660751e-08,1.1920928955078128e-07,0.006931476063750831,0.11687712747115994,0.006931488405779095,0.11687700775552005,2.485756936166462e-07,2.5288109106536433e-07
6,937,234,12,0.375,work,1,5.551115123125783e-17,0.0,0.0058980321705345146,0.03452707533019519,0.007111855180866011,0.11278503866748961,0.011619920156855833,0.14462746405962604,1.3418070611509004e-07,5.238770196213423e-07
6,938,234,12,0.3833333333333333,work,2,5.551115123125783e-17,0.0,0.003938411085512716,0.02305357840780676,0.007360794557168222,0.10917038480323682,0.010415898102210873,0.1305141321190938,5.0295102346831465e-08,6.00500156867801e-07
6,939,234,12,0.39166666666666666,work,3,5.551115123125783e-17,0.0,0.0019729056217136897,0.011544906149644376,0.007587701724844679,0.10536772567643975,0.009125972861912798,0.1161010129402684,1.7229357884171122e-07,5.786564302130838e-07
6,940,234,12,0.4,work,4,5.551115123125783e-17,0.0,2.4295098831082872e-08,4.2146848510894035e-08,0.007828490894565969,0.10128466004856641,0.00782846700817028,0.10128470432068555,2.186935861984606e-07,8.339326727171733e-07
6,941,235,13,0.4083333333333333,work,1,1.234596738306346e-15,0.0,0.006476064846850032,0.036048747161111776,0.008447054821653215,0.09759971532151526,0.014456840804690067,0.13219927777588802,2.5980473935033396e-07,4.161667836835672e-07
6,942,235,13,0.4166666666666667,work,2,1.234596738306346e-15,0.0,0.004320408406206376,0.024077223381471266,0.009039928123511589,0.09419005492769035,0.013028207746130935,0.11739330363248339,1.775742960211255e-07,4.4404460268471747e-07
6,943,235,13,0.425,work,3,1.234596738306346e-15,0.0,0.002162324200506307,0.012061283023588429,0.009568780392056404,0.09077643835331231,0.011549185503677882,0.10244068953462855,2.8786541412141326e-07,8.280541890531721e-07
6,944,235,13,0.43333333333333335,work,4,1.234596738306346e-15,0.0,5.55970495508524e-09,5.960464477539063e-08,0.010065184472555267,0.0872761910739441,0.010065188931141524,0.0872762413926455,1.7908060850560931e-07,7.102713160403399e-07
6,945,236,14,0.44166666666666665,work,1,1.1443916996305594e-16,0.0,0.005342959348989049,0.03833385463921108,0.01011807323250026,0.08417776427533777,0.01496934546252027,0.12106895874354608,3.4965987248530057e-07,6.47472172451035e-07
6,946,236,14,0.45,work,2,1.1443916996305594e-16,0.0,0.0035766303528692997,0.02562375083858994,0.010169343695757187,0.08190186786079402,0.013479313030242185,0.10692519108605865,3.6212523863919934e-07,4.500051996273259e-07
6,947,236,14,0.4583333333333333,work,3,1.1443916996305594e-16,0.0,0.0017962669664916768,0.012846182326150198,0.010240171828242979,0.08031742870812202,0.01193733121252775,0.09298851767266861,2.3971827556008123e-07,5.46285592908365e-07
6,948,236,14,0.4666666666666667,work,4,1.1443916996305594e-16,0.0,2.8884963984198225e-08,6.664001874625056e-08,0.010404506971822046,0.07963865531702631,0.010404486363434598,0.07963871377249437,1.3864381736440385e-07,3.9085379387748307e-07
6,949,237,15,0.475,work,1,1.5515838457795457e-16,0.0,0.009757138814872862,0.040869503339259726,0.010796616193577458,0.08141683119328774,0.018973103513460612,0.12213097118697228,1.795133039152918e-07,5.314515382089335e-07
6,950,237,15,0.48333333333333334,work,2,1.5515838457795457e-16,0.0,0.006519701919198993,0.027278686219875378,0.01216727425006581,0.08524879820801476,0.018158517972238414,0.11228524540483822,3.159723807202506e-07,5.862806908162258e-07
6,951,237,15,0.49166666666666664,work,3,1.5515838457795457e-16,0.0,0.003267256547666902,0.013655491274266351,0.014056139260356766,0.09057421967641606,0.01721447365713398,0.10391087937465936,1.942002118643391e-07,3.9085379387748307e-07
6,952,237,15,0.5,work,4,1.5515838457795457e-16,0.0,1.0968007560458284e-08,8.429369702178807e-08,0.016224900764231148,0.09756015419371916,0.016224896529176126,0.09756012434907389,2.6935850246763576e-07,6.300918612440247e-07
6,953,238,16,0.5083333333333333,work,1,1.3383253895372864e-16,0.0,0.015589774516584377,0.03903739040064224,0.02030263582983751,0.10521982313111299,0.03575109710654258,0.14359568709806828,1.130956124823325e-07,4.500051996273259e-07
6,954,238,16,0.5166666666666666,work,2,1.3383253895372864e-16,0.0,0.010374233108125333,0.025988862489403616,0.02461206606746957,0.1138817201427539,0.03496258148360503,0.139194048496724,2.5953095582517803e-07,4.655271575395269e-07
6,955,238,16,0.525,work,3,1.3383253895372864e-16,0.0,0.005177455837532964,0.012976231118446922,0.02895200333743016,0.12351982126777585,0.034097044896396055,0.13601746660119582,3.284430078747246e-07,4.823927300047483e-07
6,956,238,16,0.5333333333333333,work,4,1.3383253895372864e-16,0.0,5.197571877220185e-08,1.429269171748376e-07,0.03321328229608887,0.13353066262694815,0.03321325734790773,0.1335305570194469,1.5367357896038362e-07,4.768371582031262e-07
6,957,239,17,0.5416666666666666,work,1,6.206335383118183e-17,0.0,0.014676914525997925,0.02516857714071832,0.03715358838730206,0.13918440925562875,0.05171293405798838,0.1629589198481871,2.94864787965681e-07,7.777207106769067e-07
6,958,239,17,0.55,work,2,6.206335383118183e-17,0.0,0.009758736770141694,0.01671755739237299,0.04078074650992448,0.1442416760180236,0.05036073391183521,0.15994941437180196,3.915615351097353e-07,6.822063411628993e-07
6,959,239,17,0.5583333333333333,work,3,6.206335383118183e-17,0.0,0.004866292830456413,0.008327878864184776,0.04391299705692922,0.14821578787212492,0.048631608075133226,0.15600342170606687,2.723969484439172e-07,3.976125736274229e-07
6,960,239,17,0.5666666666666667,work,4,6.206335383118183e-17,0.0,2.3259860290413e-08,9.424321830774486e-08,0.04644058675321067,0.1507810780767355,0.04644056697812231,0.15078098885543859,2.3494669121579851e-07,3.885747435809767e-07
6,961,240,18,0.575,work,1,1.6184142622847344e-16,0.0,0.013623920740958454,0.01761134499016423,0.04813520238955519,0.14772395937699453,0.06120329460503446,0.15820975458750725,2.415581676861348e-07,2.1073424255447027e-07
6,962,240,18,0.5833333333333334,work,2,1.6184142622847344e-16,0.0,0.009057573945621412,0.011772183845431964,0.04920419403295235,0.1435472125913448,0.05782117304099944,0.1506253674919414,3.4063665407036287e-07,5.930587274471662e-07
6,963,240,18,0.5916666666666667,work,3,1.6184142622847344e-16,0.0,0.00451620827214804,0.005901776095365314,0.04966951995085573,0.13834629031601578,0.05393293050745358,0.14192233277139368,3.2092343855535543e-07,6.623897186187796e-07
6,964,240,18,0.6,work,4,1.6184142622847344e-16,0.0,4.363376867163381e-08,1.3978528260658475e-07,0.04957588833866279,0.1322283477869064,0.04957585516080311,0.13222828455732394,5.953993070103014e-08,4.6838026182358703e-07
6,965,241,19,0.6083333333333333,work,1,3.925231146709438e-17,0.0,0.011831579281077744,0.01900507603276871,0.04856287935713989,0.12191160011009695,0.059814056588842396,0.12406911537045717,1.6626185317080338e-07,2.7637536810325715e-07
6,966,241,19,0.6166666666666667,work,2,3.925231146709438e-17,0.0,0.007879668617876113,0.012740708877254212,0.047198213391565075,0.11128318421656548,0.05468122762058116,0.11299139049628971,6.317306831649422e-08,7.74860382080083e-07
6,967,241,19,0.625,work,3,3.925231146709438e-17,0.0,0.003935819859566714,0.006405974410308163,0.045539139186073115,0.10053524977418024,0.04927104871848587,0.10152228430110143,1.6340934293871137e-07,6.272663229658983e-07
6,968,241,19,0.6333333333333333,work,4,3.925231146709438e-17,0.0,3.296386791226937e-08,0.0,0.043658498353148424,0.08989767634367327,0.0436585229965831,0.08989770293849167,1.581991498548307e-07,8.471411707134248e-07
6,969,242,20,0.6416666666666666,work,1,2.0014830212433605e-16,0.0,0.009940929212566025,0.021508385670353007,0.0410564797045704,0.07782754063241167,0.05054451628171531,0.08048715265616703,5.550511184110469e-07,1.0925711858167402e-06
6,970,242,20,0.65,work,2,2.0014830212433605e-16,0.0,0.006632446675023433,0.014374765538709882,0.038448991825708226,0.06645800325127892,0.04479316581019991,0.0688557995877917,2.6314502341764275e-07,8.688795409866194e-07
6,971,242,20,0.6583333333333333,work,3,2.0014830212433605e-16,0.0,0.0033189352752776018,0.007205879944298498,0.03589305110484246,0.056197989858696236,0.039072351977356035,0.057753172717068896,3.8173688517600334e-07,1.0447828854893627e-06
6,972,242,20,0.6666666666666666,work,4,2.0014830212433605e-16,0.0,3.264845370674569e-08,1.032382731180714e-07,0.03344609708198152,0.0475611452070517,0.03344612513653299,0.04756118791049527,1.9957208378890472e-07,5.247240323322731e-07
6,973,243,21,0.675,work,1,1.2177709378935645e-16,0.0,0.009495268639419897,0.02040044836123174,0.03102916205435907,0.040658213013280556,0.0403073808003493,0.052167656389602884,1.1053054267859424e-07,5.511415603431161e-07
6,974,243,21,0.6833333333333333,work,2,1.2177709378935645e-16,0.0,0.006340414434800473,0.013643229579026622,0.028819386672195944,0.03632072890838082,0.03501522154449152,0.04483068644789912,1.8804751976250337e-07,6.822063411628993e-07
6,975,243,21,0.6916666666666667,work,3,1.2177709378935645e-16,0.0,0.0031754357669978037,0.006843730768762441,0.0268384434707269,0.03491093705446302,0.029938778877753904,0.03937701555786187,3.2505516876487104e-07,8.418826396361375e-07
6,976,243,21,0.7,work,4,1.2177709378935645e-16,0.0,5.1807309692084206e-09,7.300048299977713e-08,0.025104875263415368,0.036167643691245525,0.02510487942545175,0.03616764828032733,2.6109790603851824e-07,7.257339752844565e-07
6,977,244,22,0.7083333333333334,work,1,2.482534153247273e-16,0.0,0.00989405439360136,0.01768630518745006,0.02373496542810245,0.038911434382302185,0.03347838658586915,0.05265180114636586,3.5866640469853775e-07,9.546051846770714e-07
6,978,244,22,0.7166666666666667,work,2,2.482534153247273e-16,0.0,0.006607896165760417,0.011869128092314832,0.02260732183930781,0.04277435877022805,0.02909749267539229,0.05122025988238998,1.2120126203587518e-07,4.91512492372712e-07
6,979,244,22,0.725,work,3,2.482534153247273e-16,0.0,0.003309915694650424,0.005974172185898306,0.02171011279406417,0.04715559858376644,0.024949403866033174,0.05097492296567659,4.007674640297439e-08,5.870376707193935e-07
6,980,244,22,0.7333333333333333,work,4,2.482534153247273e-16,0.0,2.221738624869647e-08,1.264405455326821e-07,0.021030963146233966,0.05169801815553154,0.021030943291649475,0.05169808781729327,2.594058732729002e-07,6.637292340791282e-07
6,981,245,23,0.7416666666666667,work,1,8.441528768080324e-17,0.0,0.009436958808688445,0.01663228603781204,0.0203801139589142,0.055647747257190634,0.02966647038563071,0.0656430288937383,9.337961466137748e-08,5.230286352272122e-07
6,982,245,23,0.75,work,2,8.441528768080324e-17,0.0,0.006305833961997342,0.011164344650982727,0.019914148260996963,0.05951282760605469,0.026091413800003294,0.0655952599290319,1.8547794080499736e-07,3.9984011247750407e-07
6,983,245,23,0.7583333333333333,work,3,8.441528768080324e-17,0.0,0.0031602561959680328,0.005620694847393528,0.019612414501786173,0.06323680894691147,0.022690198002839366,0.06600186991831038,1.7083237124090692e-07,1.1542389828584842e-07
6,984,245,23,0.7666666666666666,work,4,8.441528768080324e-17,0.0,3.87970028238046e-08,1.1920928955078128e-07,0.019451929507142765,0.06680040962792919,0.019451964024638554,0.06680046239291934,1.0101351205921271e-07,6.114925303662798e-07
6,985,246,24,0.775,work,1,1.1527756336890508e-16,0.0,0.009367630355644788,0.019431332050835966,0.019295427804663572,0.06962925536887132,0.02837116845417425,0.07811282378937963,1.7767987512961304e-07,6.454112478407564e-07
6,986,246,24,0.7833333333333333,work,2,1.1527756336890508e-16,0.0,0.006264096365698063,0.013018210171903489,0.019247056591198925,0.07238740647321415,0.025285538917021174,0.0775971217354986,1.7660689097864722e-07,2.6987150723151637e-07
6,987,246,24,0.7916666666666666,work,3,1.1527756336890508e-16,0.0,0.0031416070592921222,0.006541688494667873,0.019283987699731865,0.07507661539211637,0.02229291486725792,0.07745638819637879,2.214000493498792e-07,4.4404460268471747e-07
6,988,246,24,0.8,work,4,1.1527756336890508e-16,0.0,3.7935931528437205e-08,6.664001874625056e-08,0.019385530614429453,0.07771074680265022,0.019385495955492275,0.07771077304395906,1.9983372101690755e-07,4.509909734255549e-07
6,989,247,25,0.8083333333333333,work,1,1.7235854893846466e-16,2.9802322387695312e-08,0.009498814336392202,0.022949154010321896,0.019425157045129943,0.07963301672264875,0.028480846236386855,0.08769435150522509,1.8619535245277867e-07,4.4703483581543064e-07
6,990,247,25,0.8166666666666667,work,2,1.7235854893846466e-16,2.9802322387695312e-08,0.006358488316271762,0.015352479036320914,0.019517309692973512,0.08171346950778023,0.025558392937572824,0.08665623675190809,1.9050666414789928e-07,3.097148193542145e-07
6,991,247,25,0.825,work,3,1.7235854893846466e-16,2.9802322387695312e-08,0.003192532326987238,0.007704095254817422,0.019639730891739537,0.08390667647334406,0.02265713343949808,0.08614361041467339,1.9041305565427553e-07,3.746093836419747e-07
6,992,247,25,0.8333333333333334,work,4,1.7235854893846466e-16,2.9802322387695312e-08,1.1923120950502726e-08,1.032382731180714e-07,0.019780532207415737,0.08619909190695897,0.01978054188455355,0.0861990308957733,1.0156463295351904e-07,5.339525004377654e-07
6,993,248,26,0.8416666666666667,work,1,1.1295700899707568e-16,0.0,0.009871063729182545,0.025734820110617847,0.0198745038214863,0.08806387163304447,0.029257249061374824,0.09661203564547222,1.789751881657872e-07,5.732591170570675e-07
6,994,248,26,0.85,work,2,1.1295700899707568e-16,0.0,0.00661427776414773,0.017218803426692394,0.019989595700158885,0.09019221361540528,0.02625763171259816,0.09538710391819581,1.1664993096573105e-07,6.00500156867801e-07
6,995,248,26,0.8583333333333333,work,3,1.1295700899707568e-16,0.0,0.003324408313734682,0.008642484647220743,0.02011778175859339,0.0925126897582046,0.02325279387654627,0.0948323825415834,1.213506918129555e-07,3.9085379387748307e-07
6,996,248,26,0.8666666666666667,work,4,1.1295700899707568e-16,0.0,6.294207123553392e-09,1.6049041769309358e-07,0.020255882722584294,0.09498703105808078,0.02025587722607521,0.09498693336817314,1.5919948261195896e-07,5.413860715802016e-07
6,997,249,27,0.875,work,1,8.121767085755589e-17,0.0,0.009730993525499573,0.02536610703369376,0.02016664144647404,0.09759637204886329,0.02943331395914201,0.10685202967636585,3.436661669568918e-08,4.460403188197552e-07
6,998,249,27,0.8833333333333333,work,2,8.121767085755589e-17,0.0,0.00652998577024737,0.016991317872915367,0.020109533390011536,0.10046865087941606,0.02630678925509179,0.10603031258086279,1.404766883880846e-07,4.308471767545041e-07
6,999,249,27,0.8916666666666666,work,3,8.121767085755589e-17,0.0,0.003287132662686101,0.008539377890410349,0.02008620119448305,0.10352573646127124,0.02318920878480618,0.10598354866721532,2.0070394371662373e-07,6.630598146106926e-07
6,1000,249,27,0.9,work,4,8.121767085755589e-17,0.0,7.105148825705622e-09,5.960464477539063e-08,0.02010388262665859,0.1067226505481352,0.020103884986866348,0.10672262873702774,3.2842300332978626e-07,6.730311984203021e-07
6,1001,250,28,0.9083333333333333,work,1,1.2719202621569003e-16,0.0,0.00938447418809091,0.023826450105916257,0.01985117020273254,0.11000923525860729,0.028843416120081754,0.11824508279791202,2.2734217102378112e-07,4.568609510885455e-07
6,1002,250,28,0.9166666666666666,work,2,1.2719202621569003e-16,0.0,0.006312396372910091,0.01598446043159462,0.019676989897856757,0.11366844265972322,0.02569897912187821,0.11848648424154275,7.888413623022771e-08,4.951133646320162e-07
6,1003,250,28,0.9249999999999999,work,3,1.2719202621569003e-16,0.0,0.0031855332624575513,0.00804877462390118,0.01959018752777327,0.11757399404785068,0.022609798955733718,0.1196341627515508,3.6279586496041484e-08,3.1256939416234273e-07
6,1004,250,28,0.9333333333333333,work,4,1.2719202621569003e-16,0.0,3.032059024570066e-08,1.1542389828584842e-07,0.019597995572744276,0.12166795129285883,0.019598024373287583,0.12166788458141463,8.266307881699285e-08,3.4498682328433513e-07
6,1005,251,29,0.9416666666666667,work,1,1.2586013583571652e-16,0.0,0.00889668819533991,0.021419905700899838,0.019279947260938495,0.12600480038382317,0.02779502955463509,0.13217115933782955,1.379433793787514e-07,2.4575624618635555e-07
6,1006,251,29,0.95,work,2,1.2586013583571652e-16,0.0,0.006000226733541572,0.01437176443356331,0.019095313363967782,0.13085698078620744,0.024809243449853708,0.13427995787933947,1.0716815122709119e-07,3.371747880871527e-07
6,1007,251,29,0.9583333333333334,work,3,1.2586013583571652e-16,0.0,0.003036456756375052,0.0072428012379706355,0.019053006443043436,0.13607540264282364,0.021924012478182247,0.1374395973680653,2.335124226095762e-07,5.870376707193935e-07
6,1008,251,29,0.9666666666666667,work,4,1.2586013583571652e-16,0.0,1.7956034962275495e-08,5.1619136559035694e-08,0.019159736521391878,0.14157672571422125,0.019159754282496742,0.1415766766583845,2.835723436621265e-07,1.4092433950349253e-06
6,1009,252,30,0.975,work,1,1.576213700060856e-16,0.0,0.008217291172936488,0.01891101831521544,0.018868844236747184,0.14751065030004099,0.02667181110123369,0.15113916597284738,1.1561593024271493e-07,7.164964246852023e-07
6,1010,252,30,0.9833333333333333,work,2,1.576213700060856e-16,0.0,0.005554146294988769,0.012667367431414481,0.01875399167369256,0.154108695983801,0.0239986852172497,0.15590317030097803,1.465205535486774e-07,3.526258339345231e-07
6,1011,252,30,0.9916666666666667,work,3,1.576213700060856e-16,0.0,0.0028171057297321964,0.006378516537499593,0.018820553364948422,0.16119723191065174,0.021460731232377298,0.16179045197022748,6.885139013939048e-08,2.3276357876976306e-07
6,1012,252,30,1.0,work,4,1.576213700060856e-16,0.0,4.4979149765698196e-08,8.429369702178807e-08,0.019069093465725672,0.16866907082925994,0.01906904853673306,0.16866907904491468,3.186693283740819e-07,8.930757083756817e-07
6,1013,253,31,1.0083333333333333,work,1,1.2417518519112547e-16,0.0,0.00749275325734964,0.016694362924347412,0.01894247176301189,0.17674550494985897,0.02602256845197297,0.17821594031940968,4.1599825891494027e-07,8.00790121706992e-07
6,1014,253,31,1.0166666666666666,work,2,1.2417518519112547e-16,0.0,0.00506840311534715,0.011173721990240602,0.019004934254223626,0.18558495606065578,0.02376842524301587,0.1860926611610157,2.916327277201493e-07,7.102713160403399e-07
6,1015,253,31,1.025,work,3,1.2417518519112547e-16,0.0,0.002572845116815071,0.0056235215040131735,0.019255855651997354,0.19498764266034685,0.02165791529957806,0.19501925817601115,2.620335661791549e-07,7.456538679121063e-07
6,1016,253,31,1.0333333333333332,work,4,1.2417518519112547e-16,0.0,5.2835085852740705e-08,9.424321830774486e-08,0.019683293822357686,0.2048327928996342,0.019683241153156165,0.20483280905432483,1.1044746774046877e-07,5.809542146211265e-07
6,1017,254,32,1.0416666666666667,work,1,8.045601850518719e-16,0.0,0.006981845004150781,0.014589851734998436,0.019842988943015782,0.21502473224183766,0.026454908270768723,0.2145710658923817,8.258787770496092e-08,2.493441183966625e-07
6,1018,254,32,1.05,work,2,8.045601850518719e-16,0.0,0.00470734853172219,0.00978222571973563,0.02014042202577451,0.2259287297821587,0.024583896028059535,0.2253581588632544,6.830928255437414e-08,8.429369702178807e-08
6,1019,254,32,1.0583333333333333,work,3,8.045601850518719e-16,0.0,0.0023818471941986813,0.004930113038028684,0.020563446489757626,0.23735561392788768,0.022803996353592634,0.2369470766164899,1.2075347776257652e-07,5.591411304263407e-07
6,1020,254,32,1.0666666666666667,work,4,8.045601850518719e-16,0.0,4.661011484219932e-08,9.424321830774486e-08,0.02109809032940404,0.2491708241886943,0.021098044656301558,0.2491708193825292,9.306022879404392e-08,2.920019319991088e-07
6,1021,255,33,1.075,work,1,5.928593550334434e-17,0.0,0.006375206539698856,0.012861632273010985,0.021336530126599616,0.26078929814147034,0.027401479707315893,0.2589353546020698,6.433378597274938e-08,2.563692708922217e-07
6,1022,255,33,1.0833333333333333,work,2,5.928593550334434e-17,0.0,0.004272782668115009,0.008666874429334434,0.021619769313698783,0.27263953172534033,0.025685307913251583,0.2713034147324551,1.732375192300765e-07,3.6500241499888623e-07
6,1023,255,33,1.0916666666666666,work,3,5.928593550334434e-17,0.0,0.002149352807048693,0.0043874149699733465,0.021941793724799964,0.2846542584930722,0.023987785472992917,0.28394240098557244,1.8602647805864966e-07,7.152557373046913e-07
6,1024,255,33,1.1,work,4,5.928593550334434e-17,0.0,3.535275859124257e-08,7.300048299977713e-08,0.02229751795216661,0.2967435782793978,0.022297552475555732,0.2967435314454897,2.39544601972933e-07,8.658074764212408e-07
6,1025,256,34,1.1083333333333334,work,1,5.815852873680767e-17,0.0,0.005673400931943782,0.009823403097542545,0.022348789295007943,0.3078221112158329,0.02779439482817017,0.30516970617107025,2.3268896694418658e-07,6.034510353599985e-07
6,1026,256,34,1.1166666666666667,work,2,5.815852873680767e-17,0.0,0.0037787141108885395,0.006651247451848875,0.02237593654110934,0.3182778850302031,0.026011354003627345,0.3165162120345949,1.8343786383650458e-07,6.502099105498649e-07
6,1027,256,34,1.125,work,3,5.815852873680767e-17,0.0,0.0018886126513496105,0.0033822366544333394,0.022389374228036135,0.32820586116673994,0.024210879119835736,0.3273310183175771,8.604612172211947e-08,2.7637536810325715e-07
6,1028,256,34,1.1333333333333333,work,4,5.815852873680767e-17,0.0,1.2439981440831948e-08,4.2146848510894035e-08,0.022395714828546062,0.33762614697089754,0.02239570248874137,0.33762619260951243,1.823590868873117e-07,3.053829302179697e-07
6,1029,257,35,1.1416666666666666,work,1,1.7567876183194558e-16,0.0,0.004685450563486639,0.006014008239578,0.02202955508430668,0.34567626088930054,0.026543599763007623,0.3434729556256799,1.5211246694454029e-07,7.420718430274012e-07
6,1030,257,35,1.15,work,2,1.7567876183194558e-16,0.0,0.003113256649692777,0.0040249737744749835,0.021637870775235605,0.3523485851172348,0.02464483216988256,0.35091579691298425,1.7564094292028113e-07,4.4203987640712727e-07
6,1031,257,35,1.1583333333333332,work,3,1.7567876183194558e-16,0.0,0.00155174634464728,0.0020232400251325587,0.02124612105059542,0.3578540302702288,0.02274866826016157,0.3571557397391262,2.34630936514108e-07,7.444617746351283e-07
6,1032,257,35,1.1666666666666667,work,4,1.7567876183194558e-16,0.0,4.250201639535943e-09,4.2146848510894035e-08,0.02087147323893137,0.3623451021581538,0.02087146911395098,0.3623451461449783,2.5739043352962153e-08,1.8848643661548977e-07
6,1033,258,36,1.175,work,1,1.5517234820423168e-15,0.0,0.004037526952056321,0.003806395551267412,0.02029000237251527,0.36527797261582123,0.02416725272338781,0.36331778632029393,1.8914223841264116e-07,4.539354506649926e-07
6,1034,258,36,1.1833333333333333,work,2,1.5517234820423168e-15,0.0,0.0026856873420475153,0.0024924120598866753,0.019751043690160994,0.3667609967155141,0.022337581154306816,0.36548596682118767,3.69857803636566e-07,7.348554137908233e-07
6,1035,258,36,1.1916666666666667,work,3,1.5517234820423168e-15,0.0,0.001339891902717214,0.0012240006675176174,0.019277643601611764,0.3670169799151438,0.02057152631724065,0.3663940974085782,3.3651183809054834e-07,6.258487701416041e-07
6,1036,258,36,1.2,work,4,1.5517234820423168e-15,0.0,2.5105605180383336e-08,5.960464477539063e-08,0.01887793079201715,0.36623058109962603,0.018877905980162934,0.36623062692237773,2.0340584529336325e-07,3.097148193542145e-07
6,1037,259,37,1.2083333333333333,work,1,1.153297605929378e-16,0.0,0.003719411912589002,0.004862076079396635,0.018440954225380234,0.3640127152716567,0.022036291664706293,0.36180679362436297,3.2603258029630356e-07,8.402986633701198e-07
6,1038,259,37,1.2166666666666666,work,2,1.153297605929378e-16,0.0,0.0024776262418010125,0.003218606994537111,0.018093623340898722,0.36061738377356073,0.020495318402690074,0.3591697496631946,2.6548174893088255e-07,4.256623046721735e-07
6,1039,259,37,1.225,work,3,1.153297605929378e-16,0.0,0.0012378513105867936,0.0015979316191412208,0.01783828703284381,0.3562517275787653,0.019040921705997665,0.35553794195794575,1.359652820161238e-07,7.189713765272429e-07
6,1040,259,37,1.2333333333333334,work,4,1.153297605929378e-16,0.0,2.460966734004708e-08,5.1619136559035694e-08,0.01767037208718081,0.3510957422817646,0.01767039652949753,0.3510957669751367,3.193392989942161e-07,8.226736630107378e-07
7,1041,260,1,0.008333333333333333,startup,1,1.6939998869943826e-16,4.2146848510894035e-08,0.00921238867141665,0.029686154199207945,0.0027959997535626883,0.008682301275356507,0.01199756674099797,0.03836843374177469,3.0244857722291545e-07,5.960464477539085e-07
7,1042,260,1,0.016666666666666666,startup,2,1.6939998869943826e-16,4.2146848510894035e-08,0.006148642368494921,0.019747999592743107,0.00513571973231774,0.01576081673330526,0.011240382385104287,0.03550411784788506,2.584504966526708e-07,5.26413969178669e-07
7,1043,260,1,0.025,startup,3,1.6939998869943826e-16,4.2146848510894035e-08,0.003077795640812377,0.009852508077534655,0.007044390636551115,0.021516352988575637,0.010057494043685724,0.03135440079007605,1.2890128631612326e-07,3.0683368864616786e-07
7,1044,260,1,0.03333333333333333,startup,4,1.6939998869943826e-16,4.2146848510894035e-08,1.4327012435398791e-08,0.0,0.008568572347996519,0.026264744115413755,0.008568569252944759,0.026264765345969044,1.4900270752194538e-07,4.539354506649926e-07
7,1045,261,2,0.041666666666666664,work,1,1.3877787807814457e-17,0.0,0.0058469902763104336,0.020671640561640954,0.008914698121562025,0.02748047275183656,0.014671657112493146,0.0481304129464988,1.9978283506120588e-07,5.21327724591969e-07
7,1046,261,2,0.05,work,2,1.3877787807814457e-17,0.0,0.00389859073461253,0.013757993312719843,0.00937641940838533,0.02868231743077987,0.01312383611873215,0.04241457565663259,3.8426277045522337e-07,7.702617635321716e-07
7,1047,261,2,0.058333333333333334,work,3,1.3877787807814457e-17,0.0,0.0019495833926554624,0.006867492745600178,0.009998574931258733,0.030058376326723958,0.011769165090166874,0.03684085736376796,2.4332001713126405e-07,5.527507362065157e-07
7,1048,261,2,0.06666666666666667,work,4,1.3877787807814457e-17,0.0,3.300552759774959e-08,1.3978528260658475e-07,0.010755491765044941,0.031767675588669574,0.010755470470784855,0.03176778064269592,2.297773619681677e-07,4.712160915387253e-07
7,1049,262,3,0.075,work,1,1.6939998869943826e-16,0.0,0.006080283822688092,0.022227834362461577,0.011866575059669482,0.03451527367699021,0.0173901126257706,0.05617589351517017,4.781033085983544e-07,1.0545138128372632e-06
7,1050,262,3,0.08333333333333333,work,2,1.6939998869943826e-16,0.0,0.0040541595252526295,0.01478674594098958,0.013020842167873064,0.03782774420170021,0.016476897821575905,0.051916417262024415,2.549455699486912e-07,5.646734035461092e-07
7,1051,262,3,0.09166666666666666,work,3,1.6939998869943826e-16,0.0,0.002027400459574139,0.0073774537796264935,0.01412653179061733,0.04155515318784763,0.015730336235778193,0.04838466074337138,2.0573788382190332e-07,6.272663229658983e-07
7,1052,262,3,0.1,work,4,1.6939998869943826e-16,0.0,2.6890787604011023e-08,0.0,0.015120303516310184,0.04561062955723621,0.015120280281808398,0.045610612131989935,1.9005188817587472e-07,6.237164001600872e-07
7,1053,263,4,0.10833333333333334,work,1,1.8041124150158794e-16,0.0,0.0060352066392420625,0.025390790298389428,0.016034756881764593,0.05079007251783792,0.020924651776004593,0.07413492144435738,4.467393589580606e-08,6.251387883246874e-07
7,1054,263,4,0.11666666666666667,work,2,1.8041124150158794e-16,0.0,0.004026453909809052,0.01689640848720376,0.016770202137354907,0.05650995641219361,0.019877595305899113,0.07194421542426736,1.0804665381629282e-07,4.777675730550718e-07
7,1055,263,4,0.125,work,3,1.8041124150158794e-16,0.0,0.0020146833444020223,0.00843297322422625,0.016777581038068277,0.0626614365973199,0.0183071053871157,0.07039087556067736,1.916058607621218e-07,8.95558548052123e-07
7,1056,263,4,0.13333333333333333,work,4,1.8041124150158794e-16,0.0,1.1806257617317025e-08,0.0,0.016449220082917153,0.07008639207595965,0.0164492101836508,0.07008640012086872,1.439845561256489e-07,6.756653814765625e-07
7,1057,264,5,0.14166666666666666,work,1,2.044325800678625e-16,0.0,0.005883996752060077,0.02900773984855256,0.015959704748605932,0.07805521799609748,0.02080260400258434,0.10457862827601215,3.491043030970593e-07,1.0267754302592519e-06
7,1058,264,5,0.15,work,2,2.044325800678625e-16,0.0,0.003926260661366621,0.01932402369295881,0.01558865863867623,0.08592317491339513,0.018790888435619373,0.10380011363956958,3.810490032052807e-07,9.933610744773822e-07
7,1059,264,5,0.15833333333333333,work,3,2.044325800678625e-16,0.0,0.001964938395391964,0.009654690333905862,0.015272080933107135,0.09358180985467641,0.016852828124072374,0.10258676202242653,3.4028251541352984e-07,8.301966355552804e-07
7,1060,264,5,0.16666666666666666,work,4,2.044325800678625e-16,0.0,4.9310686406437725e-08,1.3978528260658475e-07,0.014926284037514247,0.10074499116800932,0.014926324468143811,0.10074487434430458,2.124260698876934e-07,2.0431442857983847e-07
7,1061,265,6,0.175,work,1,1.2719202621569003e-16,0.0,0.0055621603368248345,0.030657912815958442,0.014325654209532367,0.10791147790445561,0.01909327601244032,0.13592073810752467,2.2991999814388086e-07,3.4110317058144843e-07
7,1062,265,6,0.18333333333333332,work,2,1.2719202621569003e-16,0.0,0.0037106373827680405,0.020437716178972994,0.013904695033496972,0.11494205605444986,0.01707494446675867,0.13379142707797437,2.8451760538802506e-07,6.440336342148305e-07
7,1063,265,6,0.19166666666666665,work,3,1.2719202621569003e-16,0.0,0.0018565756670255995,0.0102183830875534,0.013565939174716253,0.12144324221817096,0.015139439222938452,0.13092355189520452,1.8056578923535158e-07,8.05214410192155e-07
7,1064,265,6,0.2,work,4,1.2719202621569003e-16,0.0,1.9523860941179635e-08,5.1619136559035694e-08,0.013194190302029646,0.12749237604315622,0.013194202105279586,0.12749238021405035,2.555866320535152e-07,7.839767001847022e-07
7,1065,266,7,0.20833333333333334,work,1,3.122502256758253e-16,0.0,0.0056115938351398885,0.03253323522879467,0.012541512258243334,0.13289657449486142,0.01707874650066014,0.16163137326158172,4.046918838634538e-07,1.036675401385205e-06
7,1066,266,7,0.21666666666666667,work,2,3.122502256758253e-16,0.0,0.0037433001379854115,0.021690362058331143,0.011993909497023624,0.13816075970591846,0.015083037153315767,0.15746708515562646,4.2459605850885835e-07,9.610960183499607e-07
7,1067,266,7,0.225,work,3,3.122502256758253e-16,0.0,0.00187276461827929,0.010845870495335336,0.011568301219326364,0.1429513415421071,0.013135147242489464,0.1526608424791655,4.779918697551378e-07,1.0447828854893627e-06
7,1068,266,7,0.23333333333333334,work,4,3.122502256758253e-16,0.0,1.3426758266188394e-08,4.2146848510894035e-08,0.011227452972232954,0.14711462187528349,0.011227447526520109,0.14711459340563868,4.0420926471720463e-07,1.0062422165950722e-06
7,1069,267,8,0.24166666666666667,work,1,5.594315114139762e-17,0.0,0.005923347819067178,0.03188131830162166,0.01053463097626352,0.14957596123128658,0.015097690922575053,0.1774070147482009,6.593578336031215e-08,5.204751848153182e-07
7,1070,267,8,0.25,work,2,5.594315114139762e-17,0.0,0.00394934256697639,0.02124436370063293,0.009991666790013863,0.15128094098930445,0.013218542894909384,0.1698944241706973,1.0763892351634165e-07,5.26413969178669e-07
7,1071,267,8,0.2583333333333333,work,3,5.594315114139762e-17,0.0,0.00197488574085256,0.010617276114591227,0.009630686634495279,0.15284292960193396,0.011323754778136798,0.1621742502644869,1.6303045332517812e-07,8.312657881368073e-07
7,1072,267,8,0.26666666666666666,work,4,5.594315114139762e-17,0.0,1.7796710579200746e-08,7.300048299977713e-08,0.009432703660556369,0.1537966575797592,0.009432706309922592,0.15379658023210568,4.4749083673016607e-07,6.789437383350475e-07
7,1073,268,9,0.275,work,1,1.576213700060856e-16,0.0,0.005879026518964233,0.028206118613449238,0.00923505332060498,0.15194271144477797,0.014534303638882688,0.17585736820167905,2.3642818375665282e-07,6.802506572314132e-07
7,1074,268,9,0.2833333333333333,work,2,1.576213700060856e-16,0.0,0.003912641395201218,0.01877124463551754,0.009287533691536308,0.15031590799945316,0.012945237553556563,0.16628502087266486,2.7054634892158215e-07,8.92080637639516e-07
7,1075,268,9,0.2916666666666667,work,3,1.576213700060856e-16,0.0,0.0019530304423994677,0.009369284453075484,0.009509853101413931,0.14750850061890747,0.011369321286968243,0.15550165123680193,1.6441475439451088e-07,4.031583445807906e-07
7,1076,268,9,0.3,work,4,1.576213700060856e-16,0.0,1.2158255126978523e-08,4.2146848510894035e-08,0.00988984429433966,0.14391155400036154,0.009889844977431169,0.14391157063239993,3.033909752489604e-07,9.300998767809495e-07
7,1077,269,10,0.30833333333333335,work,1,1.7772239894833365e-16,0.0,0.0030681418530765247,0.029505256257769962,0.009447159921194897,0.14031750310299168,0.012204565844021211,0.1660424636698263,3.799848374530995e-07,1.0426554491839468e-06
7,1078,269,10,0.31666666666666665,work,2,1.7772239894833365e-16,0.0,0.0020344219988883473,0.019656195869341666,0.009120844884328875,0.13728474527094786,0.010965922996808245,0.15444909996052894,1.9661561607309283e-07,5.824810351637641e-07
7,1079,269,10,0.325,work,3,1.7772239894833365e-16,0.0,0.0010119055581138635,0.009821096418031692,0.008643629992676033,0.13496203177158445,0.009549032241954929,0.14358847527711913,9.044682400228057e-08,4.805480091749769e-07
7,1080,269,10,0.3333333333333333,work,4,1.7772239894833365e-16,0.0,1.5203806837527334e-08,9.424321830774486e-08,0.007843400918094046,0.13103519355902216,0.007843414648258348,0.1310351009246126,2.048589536173964e-07,2.0212918469683143e-07
7,1081,270,11,0.3416666666666667,work,1,1.576213700060856e-16,0.0,0.004541172709298905,0.03240705935619758,0.006972534747120703,0.12709221449024005,0.0099325887112366,0.15666981771248933,2.9918490885111975e-07,8.765125971944844e-07
7,1082,270,11,0.35,work,2,1.576213700060856e-16,0.0,0.0030292555497588246,0.021616242192670027,0.006414064819196644,0.12273741301051122,0.008488451141693892,0.14256696209338726,1.8971309661662517e-07,2.950279395762585e-07
7,1083,270,11,0.35833333333333334,work,3,1.576213700060856e-16,0.0,0.001515885368680287,0.010814085019506894,0.006201635858243434,0.11850589048757165,0.007278479901073978,0.12846329429126682,3.7295304321735076e-07,9.461944023601825e-07
7,1084,270,11,0.36666666666666664,work,4,1.576213700060856e-16,0.0,1.3281638346119308e-08,0.0,0.006162176156316613,0.11460002560328586,0.006162186419416872,0.11460003537367397,3.40254434221108e-07,3.839760639287575e-07
7,1085,271,12,0.375,work,1,1.1210126175528405e-16,0.0,0.006008099331553256,0.034042201504203076,0.006610974316458344,0.11102166101076365,0.011946099418287318,0.14289586700733664,2.7151234436467935e-07,2.5809568279517867e-07
7,1086,271,12,0.3833333333333333,work,2,1.1210126175528405e-16,0.0,0.004010660561210059,0.022725941743902998,0.007051330866977902,0.10760329146271895,0.01065273162777704,0.12897522751417775,2.172150521082193e-07,6.405766385854712e-07
7,1087,271,12,0.39166666666666666,work,3,1.1210126175528405e-16,0.0,0.0020083749477999586,0.011378700757410449,0.007505923107697535,0.10371391218629784,0.009318965387680934,0.11446177518484901,2.1657510918504392e-07,5.247240323322731e-07
7,1088,271,12,0.4,work,4,1.1210126175528405e-16,0.0,7.362106059936844e-09,0.0,0.008004056385433455,0.09968625815327907,0.008004061541775452,0.09968621936060683,1.1053187189758345e-07,5.26413969178669e-07
7,1089,272,13,0.4083333333333333,work,1,1.760893866893587e-16,0.0,0.00670806204568832,0.035972268991778814,0.008828886799998386,0.09616351434064382,0.01536803748061615,0.13081532727497608,3.20500203220861e-07,5.161913655903585e-07
7,1090,272,13,0.4166666666666667,work,2,1.760893866893587e-16,0.0,0.004475135230438396,0.024025941981861813,0.009578070860735574,0.09285138087178463,0.013920780695332077,0.11609861848056047,1.5345278959864537e-07,1.1151007970493858e-07
7,1091,272,13,0.425,work,3,1.760893866893587e-16,0.0,0.0022397068022651945,0.01203545857560807,0.010264161188665938,0.08943739175605912,0.012424582175375214,0.10112902832320417,2.4307769494372973e-07,7.633118912497625e-07
7,1092,272,13,0.43333333333333335,work,4,1.760893866893587e-16,0.0,2.4674716035217125e-08,5.960464477539063e-08,0.010908292426983412,0.0859701471070175,0.01090830662954895,0.08597012932107322,2.772907839395901e-07,1.1950694117405248e-06
7,1093,273,14,0.44166666666666665,work,1,3.1031676915590914e-17,0.0,0.00545988371618403,0.04317420725150431,0.011046885812649756,0.0845903526599493,0.016212795187927453,0.1267208492689884,4.5925414600508775e-07,1.0770148634667914e-06
7,1094,273,14,0.45,work,2,3.1031676915590914e-17,0.0,0.0036549041225566133,0.028841105820870534,0.01117390142450416,0.08370720195621029,0.014671189116888727,0.1121453114357528,2.6397693474111535e-07,4.4203987640712727e-07
7,1095,273,14,0.4583333333333333,work,3,3.1031676915590914e-17,0.0,0.0018358268971155618,0.014450041716216624,0.011267793348546398,0.08356937086700471,0.013046822809293037,0.09791236371233225,7.087721850768937e-08,7.480323551899913e-07
7,1096,273,14,0.4666666666666667,work,4,3.1031676915590914e-17,0.0,5.705854310018053e-08,1.3328003749250115e-07,0.0114831896607608,0.08333556700118407,0.011483225588973649,0.0833354371737652,3.1967664568999e-07,7.515859730791191e-07
7,1097,274,15,0.475,work,1,1.3383253895372864e-16,0.0,0.008525460632463655,0.04814420606886495,0.011668589689695266,0.08614259592505484,0.01864971860798322,0.13401147368315242,1.8874432216900442e-07,5.380949403425408e-07
7,1098,274,15,0.48333333333333334,work,2,1.3383253895372864e-16,0.0,0.00571480120182498,0.032163538654324544,0.012434373331358821,0.09041766147478647,0.017546655042314393,0.12238186138388367,2.2562567071297458e-07,2.811545470969859e-07
7,1099,274,15,0.49166666666666664,work,3,1.3383253895372864e-16,0.0,0.002873039771881866,0.016115450274980306,0.013605032151345595,0.09599451300374165,0.016329840737471804,0.11188113223517336,1.9699935197641144e-07,4.430433734452288e-07
7,1100,274,15,0.5,work,4,1.3383253895372864e-16,0.0,1.0171624294630509e-08,5.960464477539063e-08,0.014957668922113851,0.10249728714004576,0.014957675818434546,0.10249731875408327,2.533896199062453e-07,4.91512492372712e-07
7,1101,275,16,0.5083333333333333,work,1,1.1527756336890508e-16,0.0,0.014669107376786337,0.04525065610062147,0.017943139147409085,0.10956524331839777,0.03205065687450617,0.1540490300538064,1.1389637150320827e-07,4.98688236793326e-07
7,1102,275,16,0.5166666666666666,work,2,1.1527756336890508e-16,0.0,0.009772399681611052,0.0301642875474941,0.021624302968884943,0.11807260204267199,0.03128442638578437,0.14744527225113976,1.0750398099970018e-07,3.976125736274229e-07
7,1103,275,16,0.525,work,3,1.1527756336890508e-16,0.0,0.004882535447426253,0.0150805910187125,0.025603532190252135,0.12767327339698337,0.03047225572010647,0.1421650482619541,5.659631255308348e-08,3.7223088731756253e-07
7,1104,275,16,0.5333333333333333,work,4,1.1527756336890508e-16,0.0,2.8202137564177207e-08,1.3657139822709086e-07,0.029681495948762064,0.13798691600663318,0.02968148401014545,0.1379868680319513,1.2136629587206138e-07,4.0971419468127326e-07
7,1105,276,17,0.5416666666666666,work,1,1.5700924586837752e-16,0.0,0.016931452789231922,0.029255396894713275,0.0346212135658085,0.14379895358236902,0.051463041172184955,0.17062325096294573,1.1348866585188911e-07,6.00500156867801e-07
7,1106,276,17,0.55,work,2,1.5700924586837752e-16,0.0,0.011256700438417477,0.019491846098262013,0.03941980598442397,0.15001954324805644,0.0505585439923176,0.16788429298412766,1.1790158689778477e-07,4.460403188197552e-07
7,1107,276,17,0.5583333333333333,work,3,1.5700924586837752e-16,0.0,0.005612737126163162,0.0097400238070052,0.0437805568346661,0.15575454452073084,0.049282673663862846,0.16465990747127557,2.1568767418534513e-07,6.703866648198394e-07
7,1108,276,17,0.5666666666666667,work,4,1.5700924586837752e-16,0.0,5.564855358424859e-08,1.460009659995543e-07,0.047504851503759826,0.16039658834289883,0.04750480937072354,0.16039645570654948,1.627315757077348e-07,1.632340423778195e-07
7,1109,277,18,0.575,work,1,1.2719202621569003e-16,0.0,0.013657617813320352,0.021230452331425908,0.049542948977023285,0.1584723187473443,0.06262742931527028,0.1701980848374695,3.559221144795625e-07,4.933162140025762e-07
7,1110,277,18,0.5833333333333334,work,2,1.2719202621569003e-16,0.0,0.009080431273971115,0.014189613094790578,0.0508477428489708,0.1553674155464948,0.059455281337472986,0.16343521518599685,3.596352054992746e-07,4.009492411337415e-07
7,1111,277,18,0.5916666666666667,work,3,1.2719202621569003e-16,0.0,0.004527817529010873,0.007112917251106883,0.05143372960097294,0.15099359440240534,0.05568292429057316,0.15512827058568696,2.559389118914915e-07,3.674277068954101e-07
7,1112,277,18,0.6,work,4,1.2719202621569003e-16,0.0,1.0383047402213659e-08,4.2146848510894035e-08,0.051351243570184175,0.14545515458198535,0.05135125130216546,0.14545514186430022,1.3031568444418625e-07,3.674277068954101e-07
7,1113,278,19,0.6083333333333333,work,1,1.1443916996305594e-16,0.0,0.012013874429658207,0.022206149581162796,0.050346998129481256,0.13556704592713864,0.061789691384820024,0.1404386683574844,1.1997190207086593e-07,6.723710401462633e-07
7,1114,278,19,0.6166666666666667,work,2,1.1443916996305594e-16,0.0,0.008000499363060742,0.01485486652375998,0.048888286144367916,0.12505470238368582,0.05647714002458011,0.1287017467993029,1.174431383204291e-07,7.862392639084461e-07
7,1115,278,19,0.625,work,3,1.1443916996305594e-16,0.0,0.0039958637595160626,0.00745302977541185,0.04706099454860412,0.11422042701243373,0.05083662169362211,0.11624530387308171,2.6819664922264637e-07,5.975347058702557e-07
7,1116,278,19,0.6333333333333333,work,4,1.1443916996305594e-16,0.0,1.9632994112202457e-08,1.1151007970493858e-07,0.04495749499943531,0.1033373782333809,0.04495750941748477,0.10333738147781059,3.363274833372218e-07,7.811392797280097e-07
7,1117,279,20,0.6416666666666666,work,1,1.249000902703301e-16,0.0,0.010026176303094273,0.021929605797002674,0.042069810815300056,0.09113347774964045,0.051597223073141754,0.09741555961474177,4.3873259288347595e-07,9.233911862867954e-07
7,1118,279,20,0.65,work,2,1.249000902703301e-16,0.0,0.0066893209451664055,0.014634435933688525,0.03916068328029077,0.0794516628779057,0.0455290862985113,0.08442609340739356,1.902446947529509e-07,8.392410183148877e-07
7,1119,279,20,0.6583333333333333,work,3,1.249000902703301e-16,0.0,0.0033473068107193536,0.007325128144923034,0.03631063258495373,0.06874644142131457,0.0395016234681181,0.07168786827923114,2.4097855172751084e-07,3.7223088731756253e-07
7,1120,279,20,0.6666666666666666,work,4,1.249000902703301e-16,0.0,1.723612855587406e-08,5.960464477539063e-08,0.03359144408598127,0.05946800039277041,0.033591431208361125,0.05946793725602032,2.0420302318003365e-07,4.4404460268471747e-07
7,1121,280,21,0.675,work,1,1.415262216750919e-16,0.0,0.008937814992732744,0.022558289867264207,0.030691820399302874,0.052674217159370255,0.03933403886696896,0.07012107581593988,5.7802195376870074e-08,5.347835554160599e-07
7,1122,280,21,0.6833333333333333,work,2,1.415262216750919e-16,0.0,0.005967426213124917,0.01502057196526081,0.028057887232933374,0.04760320214060565,0.03384432372976032,0.06008118655012174,2.984570063882515e-07,7.725644944200397e-07
7,1123,280,21,0.6916666666666667,work,3,1.415262216750919e-16,0.0,0.0029881526247081715,0.007501194675023384,0.025725965095885414,0.04452205480394146,0.028628401346765652,0.051102560169642985,1.994951212111402e-07,5.144678503761326e-07
7,1124,280,21,0.7,work,4,1.415262216750919e-16,0.0,3.3353659653700346e-08,9.884312124119402e-08,0.02371815069636859,0.04338859465643438,0.023718121423013473,0.04338856902885115,1.1102666407463549e-07,3.1256939416234273e-07
7,1125,281,22,0.7083333333333334,work,1,5.928593550334434e-17,0.0,0.009099318213437456,0.01759417841875607,0.0220626810895191,0.04254822233483637,0.030996303668408366,0.059147743696474346,2.3549293316709263e-07,4.107966647175028e-07
7,1126,281,22,0.7166666666666667,work,2,5.928593550334434e-17,0.0,0.006072176316592639,0.011706097550853419,0.020724717494077522,0.04249039196916814,0.026680167884664787,0.053078919306664904,2.0569082789363757e-07,5.945544643181586e-07
7,1127,281,22,0.725,work,3,5.928593550334434e-17,0.0,0.003038966299053509,0.005841403612338438,0.019692101682201722,0.04299714359623533,0.022665395509672843,0.0480000439213108,1.222725577924343e-07,2.598106231415675e-07
7,1128,281,22,0.7333333333333333,work,4,5.928593550334434e-17,0.0,5.3223217571092303e-08,1.5196262340524153e-07,0.0189435813400377,0.04385220389620132,0.018943535425171642,0.04385216180391568,2.1232172402243734e-07,6.515744659029109e-07
7,1129,282,23,0.7416666666666667,work,1,1.3383253895372864e-16,0.0,0.008316873845773872,0.013175246147327598,0.01818678296003399,0.04330043634399116,0.026346344835139236,0.05252703062113148,2.3897311709752463e-07,2.920019319991088e-07
7,1130,282,23,0.75,work,2,1.3383253895372864e-16,0.0,0.005548796601250574,0.008774737475598352,0.01766864645829214,0.04298663780104839,0.023090680909352644,0.04870964820057067,2.4434025694842613e-07,6.00500156867801e-07
7,1131,282,23,0.7583333333333333,work,3,1.3383253895372864e-16,0.0,0.002776535428372725,0.00438323100651367,0.01736722880228696,0.04281764439812898,0.02006615167093374,0.04547539907892102,2.6324808054099603e-07,4.298152059869762e-07
7,1132,282,23,0.7666666666666666,work,4,1.3383253895372864e-16,0.0,5.0285512380364785e-08,1.5485740967710712e-07,0.017256116921994694,0.04273421966008844,0.017256160064263986,0.04273425130012896,1.0782195832234158e-07,4.0535540904806456e-07
7,1133,283,24,0.775,work,1,6.546139416680338e-17,0.0,0.008260068845482738,0.013681914457449441,0.01726625550337798,0.0432674725725027,0.025287767494767112,0.05338167146762323,1.581790370226543e-07,1.1920928955078128e-07
7,1134,283,24,0.7833333333333333,work,2,6.546139416680338e-17,0.0,0.005512781271319122,0.009117358198375895,0.017412239449198532,0.043807876718992465,0.022740480963033077,0.0503229434423893,1.2807233370082675e-07,6.637292340791282e-07
7,1135,283,24,0.7916666666666666,work,3,6.546139416680338e-17,0.0,0.002759365836408778,0.00455676912414637,0.01766068914982817,0.04435439673289892,0.0203122564439961,0.047497093410148884,1.6833709222808424e-07,6.563280685408514e-07
7,1136,283,24,0.8,work,4,6.546139416680338e-17,0.0,4.4925530112018534e-09,4.2146848510894035e-08,0.017980026060794792,0.04491145360331695,0.017980030339609945,0.044911447200427564,2.1660301985753487e-07,4.636153336198354e-07
7,1137,284,25,0.8083333333333333,work,1,2.407706197318431e-16,0.0,0.008675938304888896,0.018590511084769057,0.018461969293703688,0.046376335201333434,0.02687838625352073,0.06053932969948141,1.5235087690855789e-07,6.809031759974908e-07
7,1138,284,25,0.8166666666666667,work,2,2.407706197318431e-16,0.0,0.005797532632492075,0.012403766599028254,0.018955268804598233,0.047944726338535734,0.02455317784235027,0.0572628784611304,1.2787969626900574e-07,6.982907363092923e-07
7,1139,284,25,0.825,work,3,2.407706197318431e-16,0.0,0.00290562307827716,0.006207242578430904,0.019427157055140257,0.04957517140125578,0.022216978279271986,0.05413194066096811,1.794861611456205e-07,1.0018191524727216e-06
7,1140,284,25,0.8333333333333334,work,4,2.407706197318431e-16,0.0,2.5836701980132332e-08,1.3978528260658475e-07,0.01985387887437778,0.051250128651968575,0.019853903032642877,0.05125010946785069,9.128073512990222e-08,2.6987150723151637e-07
7,1141,285,26,0.8416666666666667,work,1,1.7772239894833365e-16,0.0,0.009382662736292338,0.022109708537588806,0.020358940360031934,0.05333908991073173,0.02939895609581753,0.07063378061373747,9.561856161480793e-08,5.454720621622557e-07
7,1142,285,26,0.85,work,2,1.7772239894833365e-16,0.0,0.006279296287088529,0.014785902930556436,0.02079833287788108,0.05566458398463506,0.026826381928786273,0.06698300546234809,1.1805315923854868e-07,8.800520336767149e-07
7,1143,285,26,0.8583333333333333,work,3,1.7772239894833365e-16,0.0,0.0031520779811379527,0.007417617635621115,0.021161321044798235,0.058164581996030126,0.024173078420628505,0.0636457970760789,1.4953776147616611e-07,1.0302296887304662e-06
7,1144,285,26,0.8666666666666667,work,4,1.7772239894833365e-16,0.0,1.2673410314598734e-09,0.0,0.02145224926572322,0.060750381607972755,0.021452248155036484,0.060750378841682065,7.299679619434513e-08,4.7027271503387496e-07
7,1145,286,27,0.875,work,1,1.576213700060856e-16,0.0,0.008715964734020537,0.024447193672551958,0.02134978597822197,0.06364566265771372,0.029689588913414562,0.08278530507071828,6.311372528816163e-08,4.500051996273259e-07
7,1146,286,27,0.8833333333333333,work,2,1.576213700060856e-16,0.0,0.0058529830977215825,0.01635946119081228,0.021220750758014516,0.06737816924222308,0.026807229501432543,0.07977370763070155,2.1239461454024759e-07,1.222985060732574e-06
7,1147,286,27,0.8916666666666666,work,3,1.576213700060856e-16,0.0,0.0029490344027586404,0.00821605989344738,0.021071490497142693,0.07176217686065822,0.023875154895255837,0.07765932345419466,1.2851495526638165e-07,4.674311620401787e-07
7,1148,286,27,0.9,work,4,1.576213700060856e-16,0.0,5.2163556702127706e-08,1.1151007970493858e-07,0.020921228035653446,0.07664830952969776,0.020921178917272396,0.07664831965924451,1.1048005541513141e-07,3.637837057034289e-07
7,1149,287,28,0.9083333333333333,work,1,5.721958498152797e-17,0.0,0.009359234593128334,0.026754268098557483,0.020792663562975853,0.08125352177441314,0.02988630043664088,0.0988347653152864,1.6023738458797808e-07,2.5288109106536433e-07
7,1150,287,28,0.9166666666666666,work,2,5.721958498152797e-17,0.0,0.006303951897030419,0.017943488942284952,0.02068147762059973,0.08631084080306244,0.026780038301309934,0.09708464674577749,2.1006004155187066e-07,6.172750943067092e-07
7,1151,287,28,0.9249999999999999,work,3,5.721958498152797e-17,0.0,0.003185822701977763,0.009032604444313136,0.020601741171598284,0.09171922907489531,0.023665787709457296,0.09656357336867752,1.3508714026816068e-07,5.693725697559972e-07
7,1152,287,28,0.9333333333333333,work,4,5.721958498152797e-17,0.0,3.6845660960085265e-08,9.424321830774486e-08,0.020570432845454147,0.09740448589118136,0.020570397341166374,0.09740447891922663,1.2681035869315886e-07,1.1151007970493858e-07
7,1153,288,29,0.9416666666666667,work,1,1.5700924586837752e-16,0.0,0.009345817658576085,0.025454062749154856,0.02020885801510611,0.10273191217692895,0.029137765456622354,0.11542928294194117,2.0821169509180642e-07,6.795975119466444e-07
7,1154,288,29,0.95,work,2,1.5700924586837752e-16,0.0,0.006307729456267353,0.01707756168153324,0.019939933277393955,0.10861169767090405,0.025945491496150587,0.11595902747536882,1.007498046619519e-07,7.77149487161957e-07
7,1155,288,29,0.9583333333333334,work,3,1.5700924586837752e-16,0.0,0.0031946254623901726,0.008603957956500138,0.019781288510858402,0.11489289133867667,0.022805794999559707,0.11798561920481791,1.0164266481324649e-07,7.238958955699911e-07
7,1156,288,29,0.9666666666666667,work,4,1.5700924586837752e-16,0.0,2.318219519762636e-08,1.1542389828584842e-07,0.019755802898858414,0.12148030459750457,0.019755780648967658,0.12148037410128808,1.505829652390661e-07,4.887944301026096e-07
7,1157,289,30,0.975,work,1,2.2929868617541516e-16,0.0,0.008866868251669933,0.022562212905314547,0.01927763639077344,0.1283235570462879,0.02763967713706716,0.13630726287207748,8.215314510460284e-08,5.196212462831362e-07
7,1158,289,30,0.9833333333333333,work,2,2.2929868617541516e-16,0.0,0.005997536956893402,0.015146409096962406,0.018975446776799472,0.135778910531471,0.024610791852052085,0.14009003209312898,2.0705588100688208e-07,4.823927300047483e-07
7,1159,289,30,0.9916666666666667,work,3,2.2929868617541516e-16,0.0,0.0030444109605470256,0.007640757441168824,0.018864976796335763,0.14366241418474066,0.021707538401437805,0.14532722102624854,1.7647170976011535e-07,5.430241572346883e-07
7,1160,289,30,1.0,work,4,2.2929868617541516e-16,0.0,1.5455925441206038e-08,1.032382731180714e-07,0.018953689832380376,0.15185807067506638,0.018953674774164236,0.15185814967484318,8.804324505362538e-08,5.670278546345386e-07
7,1161,290,31,1.0083333333333333,work,1,1.1983411512519015e-16,0.0,0.008162047411195927,0.019255652625842994,0.018586538566497404,0.16072572831470236,0.02622066262357266,0.16522506125240632,2.2166962511845098e-07,7.834100382384657e-07
7,1162,290,31,1.0166666666666666,work,2,1.1983411512519015e-16,0.0,0.005529839115242069,0.01294693674232821,0.01844288333190854,0.1702592112803739,0.02358925213225979,0.1725223912018912,2.8887714012807824e-07,5.204751848153182e-07
7,1163,290,31,1.025,work,3,1.1983411512519015e-16,0.0,0.0028115741580991113,0.006545343125782744,0.01853095028661305,0.180249675222667,0.021128545751941247,0.18103936428423636,1.4082464174861438e-07,4.0862885715967747e-07
7,1164,290,31,1.0333333333333332,work,4,1.1983411512519015e-16,0.0,1.0624963527599332e-08,0.0,0.0188439895226753,0.19057544078103833,0.018843999979142295,0.19057543867486573,7.032063822564763e-08,5.960464477539085e-07
7,1165,291,32,1.0416666666666667,work,1,2.0816681711721685e-17,0.0,0.0076302311646338555,0.016043518799968043,0.018832615662989275,0.20145698610847282,0.02596491335022606,0.20315791161706173,2.6342422744819244e-07,6.677316576960141e-07
7,1166,291,32,1.05,work,2,2.0816681711721685e-17,0.0,0.005161437377542138,0.010802844779471498,0.019024341285892355,0.2131278884876632,0.023826848704991913,0.21383001433971865,1.1348944594677578e-07,4.2146848510894113e-07
7,1167,291,32,1.0583333333333333,work,3,2.0816681711721685e-17,0.0,0.00262014240668289,0.005470381951663522,0.019412962860493994,0.22536706610709098,0.021837153168631294,0.2255210134097641,2.5561232831510163e-07,3.182017282256878e-07
7,1168,291,32,1.0666666666666667,work,4,2.0816681711721685e-17,0.0,4.253096554339739e-08,1.1151007970493858e-07,0.0199773120611267,0.23799545793142174,0.019977353319920822,0.2379955101037719,1.384847537540666e-07,4.636153336198354e-07
7,1169,292,33,1.075,work,1,6.491853510982337e-16,0.0,0.007456724662203422,0.012611119658396626,0.020360775448526866,0.2509735776993943,0.027388680554172314,0.2513475094675244,1.3749213320465073e-07,4.519745972187261e-07
7,1170,292,33,1.0833333333333333,work,2,6.491853510982337e-16,0.0,0.005014173473527218,0.00855193403643234,0.020841110639440077,0.26454763883774707,0.02556072230324578,0.26463735914527675,9.086385425908169e-08,5.870376707193935e-07
7,1171,292,33,1.0916666666666666,work,3,6.491853510982337e-16,0.0,0.002530487695553807,0.004360656599224935,0.021406753830854528,0.2785211190160857,0.023785738878585906,0.2784949093146714,1.176075509129069e-07,5.495276723678658e-07
7,1172,292,33,1.1,work,4,6.491853510982337e-16,0.0,1.9914949308855027e-08,9.424321830774486e-08,0.022042926903134856,0.2927493303877097,0.022042946817297644,0.29274941323417253,7.989058003777596e-08,3.1256939416234273e-07
7,1173,293,34,1.1083333333333334,work,1,1.6667795129466247e-16,0.0,0.007073831878533574,0.009456805371395077,0.022399878947655962,0.30657212454602384,0.0290980838444088,0.3066215706700252,1.5324437649020301e-07,2.904771073105625e-07
7,1174,293,34,1.1166666666666667,work,2,1.6667795129466247e-16,0.0,0.004725410947700255,0.006471773687491702,0.022750015385942724,0.3202932876343367,0.02723786251319648,0.3203236758493276,1.0500508586345349e-07,5.46285592908365e-07
7,1175,293,34,1.125,work,3,1.6667795129466247e-16,0.0,0.002369067943184107,0.003329779473801588,0.023094449973546562,0.33381757494244496,0.02535123358385849,0.3338340820307537,2.6527520067951334e-07,5.48718948350013e-07
7,1176,293,34,1.1333333333333333,work,4,1.6667795129466247e-16,0.0,4.590985234466174e-09,0.0,0.02343441118268728,0.3470961046372379,0.023434414323081777,0.34709610200211366,2.3109999414640613e-07,5.840038639982192e-07
7,1177,294,35,1.1416666666666666,work,1,3.469446951953614e-18,0.0,0.00564899299662115,0.006683922738952605,0.023191280697039563,0.35881062370413896,0.028547658377473386,0.3583506503878742,1.1189133336954853e-07,6.093099206763789e-07
7,1178,294,35,1.15,work,2,3.469446951953614e-18,0.0,0.003755350855413356,0.004514905630119125,0.02290685798808064,0.3693474082394897,0.026483181088234154,0.36908360595493933,2.106571297076537e-07,2.63206984589334e-07
7,1179,294,35,1.1583333333333332,work,3,3.469446951953614e-18,0.0,0.0018730168918897371,0.00229293989612184,0.022609387163020554,0.3788146094358178,0.024400537592680457,0.37870407186858607,1.2871565367086503e-07,3.746093836419747e-07
7,1180,294,35,1.1666666666666667,work,4,3.469446951953614e-18,0.0,1.131642370204551e-08,4.2146848510894035e-08,0.022316413801113707,0.3873180639280001,0.022316403141908334,0.3873180148737211,1.4270008075706656e-07,4.298152059869762e-07
7,1181,295,36,1.175,work,1,1.1102230246251565e-16,0.0,0.004212804146769042,0.004052350071876659,0.02154035394326742,0.3937540066398582,0.025549456584939605,0.39289074616312836,1.5100775404093425e-07,1.8848643661548977e-07
7,1182,295,36,1.1833333333333333,work,2,1.1102230246251565e-16,0.0,0.0028001047709621707,0.0026647147639477574,0.020798368295423825,0.39846481474333617,0.023471784428202993,0.3979258596831631,2.349287151814232e-07,7.033600641015772e-07
7,1183,295,36,1.1916666666666667,work,3,1.1102230246251565e-16,0.0,0.0013959737633902065,0.001315308190095635,0.020125304227913022,0.4016861570907966,0.021462214514871868,0.4014336656781152,3.634159826214887e-07,8.349970415903331e-07
7,1184,295,36,1.2,work,4,1.1102230246251565e-16,0.0,1.906798024202221e-08,4.2146848510894035e-08,0.019539369564110884,0.4036168655769481,0.019539388110134715,0.4036168300115597,1.141508222904836e-07,2.1283115233608645e-07
7,1185,296,37,1.2083333333333333,work,1,3.0070179296876506e-15,0.0,0.0036218063367334337,0.004285649462465798,0.01884942847369093,0.403628718150985,0.022336843457823632,0.4022682322018461,2.317480604999091e-07,5.930587274471662e-07
7,1186,296,37,1.2166666666666666,work,2,3.0070179296876506e-15,0.0,0.002411728278225726,0.0028272940294496096,0.018272489591924117,0.4020947910534656,0.020601592327090273,0.40121355010671117,1.6795901469730134e-07,4.7309720118008797e-07
7,1187,296,37,1.225,work,3,3.0070179296876506e-15,0.0,0.0012044663626746585,0.0013987421798266784,0.017820864888691508,0.399262723116494,0.018986942854725204,0.3988333771221515,8.709440349500902e-08,4.2146848510894035e-08
7,1188,296,37,1.2333333333333334,work,4,3.0070179296876506e-15,0.0,4.46921266809308e-09,0.0,0.017491367902361162,0.39533092316549473,0.017491372190627807,0.39533094002521096,6.191945372457209e-08,5.709303635557914e-07
8,1189,297,1,0.008333333333333333,startup,1,1.6939998869943826e-16,4.2146848510894035e-08,0.00921238867141665,0.029686154199207945,0.0027959997535626883,0.008682301275356507,0.01199756674099797,0.03836843374177469,3.0244857722291545e-07,5.960464477539085e-07
8,1190,297,1,0.016666666666666666,startup,2,1.6939998869943826e-16,4.2146848510894035e-08,0.006148642368494921,0.019747999592743107,0.00513571973231774,0.01576081673330526,0.011240382385104287,0.03550411784788506,2.584504966526708e-07,5.26413969178669e-07
8,1191,297,1,0.025,startup,3,1.6939998869943826e-16,4.2146848510894035e-08,0.003077795640812377,0.009852508077534655,0.007044390636551115,0.021516352988575637,0.010057494043685724,0.03135440079007605,1.2890128631612326e-07,3.0683368864616786e-07
8,1192,297,1,0.03333333333333333,startup,4,1.6939998869943826e-16,4.2146848510894035e-08,1.4327012435398791e-08,0.0,0.008568572347996519,0.026264744115413755,0.008568569252944759,0.026264765345969044,1.4900270752194538e-07,4.539354506649926e-07
8,1193,298,2,0.041666666666666664,work,1,1.3877787807814457e-17,0.0,0.0058469902763104336,0.020671640561640954,0.008914698121562025,0.02748047275183656,0.014671657112493146,0.0481304129464988,1.9978283506120588e-07,5.21327724591969e-07
8,1194,298,2,0.05,work,2,1.3877787807814457e-17,0.0,0.00389859073461253,0.013757993312719843,0.00937641940838533,0.02868231743077987,0.01312383611873215,0.04241457565663259,3.8426277045522337e-07,7.702617635321716e-07
8,1195,298,2,0.058333333333333334,work,3,1.3877787807814457e-17,0.0,0.0019495833926554624,0.006867492745600178,0.009998574931258733,0.030058376326723958,0.011769165090166874,0.03684085736376796,2.4332001713126405e-07,5.527507362065157e-07
8,1196,298,2,0.06666666666666667,work,4,1.3877787807814457e-17,0.0,3.300552759774959e-08,1.3978528260658475e-07,0.010755491765044941,0.031767675588669574,0.010755470470784855,0.03176778064269592,2.297773619681677e-07,4.712160915387253e-07
8,1197,299,3,0.075,work,1,1.6939998869943826e-16,0.0,0.006080283822688092,0.022227834362461577,0.011866575059669482,0.03451527367699021,0.0173901126257706,0.05617589351517017,4.781033085983544e-07,1.0545138128372632e-06
8,1198,299,3,0.08333333333333333,work,2,1.6939998869943826e-16,0.0,0.0040541595252526295,0.01478674594098958,0.013020842167873064,0.03782774420170021,0.016476897821575905,0.051916417262024415,2.549455699486912e-07,5.646734035461092e-07
8,1199,299,3,0.09166666666666666,work,3,1.6939998869943826e-16,0.0,0.002027400459574139,0.0073774537796264935,0.01412653179061733,0.04155515318784763,0.015730336235778193,0.04838466074337138,2.0573788382190332e-07,6.272663229658983e-07
8,1200,299,3,0.1,work,4,1.6939998869943826e-16,0.0,2.6890787604011023e-08,0.0,0.015120303516310184,0.04561062955723621,0.015120280281808398,0.045610612131989935,1.9005188817587472e-07,6.237164001600872e-07
8,1201,300,4,0.10833333333333334,work,1,1.8041124150158794e-16,0.0,0.0060352066392420625,0.025390790298389428,0.016034756881764593,0.05079007251783792,0.020924651776004593,0.07413492144435738,4.467393589580606e-08,6.251387883246874e-07
8,1202,300,4,0.11666666666666667,work,2,1.8041124150158794e-16,0.0,0.004026453909809052,0.01689640848720376,0.016770136986128115,0.05650899253665536,0.019877528727585813,0.07194332809551124,2.1430220884977553e-07,5.646734035461092e-07
8,1203,300,4,0.125,work,3,1.8041124150158794e-16,0.0,0.0020146833444020223,0.00843297322422625,0.016855851323856,0.0628545338758847,0.018375529946687376,0.0705606544392891,2.0524012011710203e-07,1.0088867473489605e-06
8,1204,300,4,0.13333333333333333,work,4,1.8041124150158794e-16,0.0,1.1806257617317025e-08,0.0,0.01644277184626439,0.06966494493697761,0.016442761943343463,0.06966495277836743,4.2852496874822045e-08,5.794233708150282e-07
8,1205,301,5,0.14166666666666666,work,1,1.2794688166302258e-16,4.2146848510894035e-08,0.005915205261158106,0.029164878237283396,0.015460186729279648,0.07801275672203556,0.02038338070247474,0.10474161856284635,3.6119873052424333e-07,9.79857577250824e-07
8,1206,301,5,0.15,work,2,1.2794688166302258e-16,4.2146848510894035e-08,0.003947201714538526,0.019429793829147727,0.014794984553005586,0.08640539491515407,0.018123561711280507,0.10451511015195174,3.3362294656280584e-07,6.122183377794689e-07
8,1207,301,5,0.15833333333333333,work,3,1.2794688166302258e-16,4.2146848510894035e-08,0.0019754384226651936,0.009708144541758102,0.014325481107884709,0.09438453615888234,0.015995039942127316,0.10352989398994616,4.81976123412641e-07,9.996002811937687e-07
8,1208,301,5,0.16666666666666666,work,4,1.2794688166302258e-16,4.2146848510894035e-08,5.3802197849266324e-09,4.2146848510894035e-08,0.014033924940238217,0.10186126744298765,0.014033921980702989,0.10186123982474414,3.4042785591445734e-07,6.925433897150939e-07
8,1209,302,6,0.175,work,1,1.2118257228641695e-16,0.0,0.005474459450839848,0.03008743412599401,0.013777344293098645,0.10828410034578032,0.018622429727644805,0.13585606464401306,3.467780186600105e-07,6.563280685408514e-07
8,1210,302,6,0.18333333333333332,work,2,1.2118257228641695e-16,0.0,0.0036520346297531864,0.02005673295471339,0.013657763779124105,0.11457544004492953,0.0168229791078323,0.13308729101206393,2.893380509335121e-07,6.730311984203021e-07
8,1211,302,6,0.19166666666666665,work,3,1.2118257228641695e-16,0.0,0.0018272220857293753,0.010027430155128343,0.013478891957024267,0.12040241588975396,0.015034926348416891,0.12968493464917763,2.6746107164596994e-07,7.456538679121063e-07
8,1212,302,6,0.2,work,4,1.2118257228641695e-16,0.0,2.6188997786698505e-08,9.424321830774486e-08,0.012648772030056358,0.12665710707260916,0.012648753828772943,0.12665703551498644,3.5453248632940196e-07,1.0770148634667914e-06
8,1213,303,7,0.20833333333333334,work,1,2.2247786310271853e-16,0.0,0.005603663837361445,0.03309064362491123,0.011879727150207887,0.1327441759567444,0.016787137029725115,0.16181879701640053,3.2403571669120965e-07,8.910844557122098e-07
8,1214,303,7,0.21666666666666667,work,2,2.2247786310271853e-16,0.0,0.0037376665525547755,0.022062285951396355,0.011391995816878987,0.13896595330635697,0.01478212231378265,0.15853616334298018,3.583897364793025e-07,1.0053591605087028e-06
8,1215,303,7,0.225,work,3,2.2247786310271853e-16,0.0,0.001869775176055995,0.011032150488228035,0.011144604276319218,0.1445018411220514,0.012864857788123282,0.1543657508592634,5.481096194422711e-07,1.0649900666001943e-06
8,1216,303,7,0.23333333333333334,work,4,2.2247786310271853e-16,0.0,9.80223275992844e-09,2.9802322387695312e-08,0.010994090288236783,0.14877309082005738,0.010994090971902105,0.14877312128136955,4.702244615688472e-07,7.79431869424707e-07
8,1217,304,8,0.24166666666666667,work,1,1.1631705747361534e-16,0.0,0.006100256639389954,0.03154499068247997,0.010559565527459123,0.15076759790783328,0.015586269496034458,0.17817488536074097,3.5727606609866764e-07,8.580791979365396e-07
8,1218,304,8,0.25,work,2,1.1631705747361534e-16,0.0,0.004066536988093398,0.02101399686573612,0.010282419262323173,0.15229624381297494,0.013726135615632561,0.170672042051459,3.379649012207522e-07,7.907449699295572e-07
8,1219,304,8,0.2583333333333333,work,3,1.1631705747361534e-16,0.0,0.002033125765280097,0.010498963009111002,0.01018341309549038,0.15337485102700382,0.01194608470058739,0.1626045502098828,1.9341813431178761e-07,4.98688236793326e-07
8,1220,304,8,0.26666666666666666,work,4,1.1631705747361534e-16,0.0,8.346305992922304e-09,5.1619136559035694e-08,0.010241342058679872,0.1538540218579664,0.010241340344309237,0.15385406791254236,1.84914590789557e-07,2.8272965492323474e-07
8,1221,305,9,0.275,work,1,1.4488835837920476e-16,0.0,0.00597780458894135,0.02821724990448603,0.010081165912502079,0.1527124113433882,0.015104931952015786,0.17783320680084172,1.9445759105627693e-07,3.9085379387748307e-07
8,1222,305,9,0.2833333333333333,work,2,1.4488835837920476e-16,0.0,0.003982951448500134,0.018793643451234,0.010203717702644624,0.1512894961192693,0.013688006958562862,0.1680370511705992,1.1134257176529738e-07,5.824810351637641e-07
8,1223,305,9,0.2916666666666667,work,3,1.4488835837920476e-16,0.0,0.0019904064436965523,0.009387856758688347,0.010459820890735405,0.1495326776118404,0.012241583934514695,0.15790251669539568,1.1725877974357942e-07,2.4575624618635555e-07
8,1224,305,9,0.3,work,4,1.4488835837920476e-16,0.0,2.6281308755849948e-08,1.032382731180714e-07,0.010803871700609518,0.146958911093413,0.010803859427742073,0.14695898392593326,3.1838611672554166e-07,5.607273495860946e-07
8,1225,306,10,0.30833333333333335,work,1,1.8875832159447664e-16,0.0,0.003534898602731408,0.029054970139986258,0.01061205069441026,0.1438243542259083,0.013883313108930298,0.16964702155354328,3.2629297041184846e-07,1.036675401385205e-06
8,1226,306,10,0.31666666666666665,work,2,1.8875832159447664e-16,0.0,0.002348322302435855,0.01935471396265959,0.010482171690555969,0.14080603530915228,0.01265642753489022,0.15800212173084605,4.559576024205171e-07,1.0929775727327154e-06
8,1227,306,10,0.325,work,3,1.8875832159447664e-16,0.0,0.0011701524558308714,0.009669764593313066,0.010440516961401494,0.137193709444328,0.011512102380064854,0.14577581765684627,2.137719754428924e-07,5.110033809984414e-07
8,1228,306,10,0.3333333333333333,work,4,1.8875832159447664e-16,0.0,7.972376911242807e-09,0.0,0.010522249384213936,0.13332400701298938,0.01052225192862594,0.1333240024657688,2.3331538473458526e-07,3.6500241499888623e-07
8,1229,307,11,0.3416666666666667,work,1,1.1631705747361534e-16,0.0,0.0022665479727289346,0.032944982656465345,0.009885395172835227,0.1311284759387637,0.011301397557406877,0.15902748951990311,2.153510169441638e-07,4.1509831777763796e-07
8,1230,307,11,0.35,work,2,1.1631705747361534e-16,0.0,0.0015120310182872522,0.021967657106629592,0.008975544314214406,0.12809663321582526,0.009909478601954793,0.14687704117520192,2.492981974568435e-07,4.823927300047483e-07
8,1231,307,11,0.35833333333333334,work,3,1.1631705747361534e-16,0.0,0.0007570321829400899,0.010986085416350017,0.008179062363607922,0.12369242110741731,0.008628184995156538,0.13315830053440317,4.3127574838257245e-07,7.633118912497625e-07
8,1232,307,11,0.36666666666666664,work,4,1.1631705747361534e-16,0.0,4.893964305372668e-09,2.9802322387695312e-08,0.007566065076643274,0.1191814935205759,0.007566068163932231,0.11918152533963457,1.7400570040773903e-07,4.0205531010723307e-07
8,1233,308,12,0.375,work,1,1.2719202621569003e-16,0.0,0.006293459180156316,0.034798128779136385,0.007810092389455112,0.11515295958511983,0.012593503491826929,0.14653040102286471,1.956490837398702e-07,2.965293637235823e-07
8,1234,308,12,0.3833333333333333,work,2,1.2719202621569003e-16,0.0,0.004202856947934734,0.023241171241127376,0.008160540931179528,0.1115231865461231,0.011419060653823284,0.13255741949320785,1.0689404812407898e-07,3.195943026174193e-07
8,1235,308,12,0.39166666666666666,work,3,1.2719202621569003e-16,0.0,0.0021055625310966056,0.011642040146729836,0.008503977886254083,0.10764356369012668,0.010155150171270508,0.11822305319530084,2.0051788571969745e-07,5.623090941939731e-07
8,1236,308,12,0.4,work,4,1.2719202621569003e-16,0.0,1.1462903631649688e-08,4.2146848510894035e-08,0.008868755709121306,0.10338033020847319,0.008868764350926138,0.10338029800954542,1.938171012453999e-07,6.637292340791282e-07
8,1237,309,13,0.4083333333333333,work,1,1.5605725112683067e-15,0.0,0.006328178521650972,0.036227899989538105,0.009483572947343939,0.09943294721618465,0.015379221851912766,0.13364856086289334,3.77760217160515e-07,6.307962682401185e-07
8,1238,309,13,0.4166666666666667,work,2,1.5605725112683067e-15,0.0,0.004221629506114963,0.024197285500161696,0.010058584712031369,0.0956921648399251,0.013970296879056968,0.1186691226117371,3.488931158969426e-07,6.364034564513776e-07
8,1239,309,13,0.425,work,3,1.5605725112683067e-15,0.0,0.0021128769239542986,0.012121611355589737,0.010596653336564536,0.0919358142964115,0.012536590183623986,0.10350096628288169,1.6793862314126063e-07,6.00500156867801e-07
8,1240,309,13,0.43333333333333335,work,4,1.5605725112683067e-15,0.0,2.6127816052714176e-09,1.1920928955078128e-07,0.01109128128815768,0.08825453921291582,0.011091279662574675,0.08825443709698805,1.7277814587918283e-07,7.027283979983125e-07
8,1241,310,14,0.44166666666666665,work,1,2.435541875787129e-16,0.0,0.005240656197250212,0.03908668646689366,0.011116918012933612,0.08508476642905503,0.015819179624279048,0.12228058061881872,4.99949181623164e-07,9.073816149019278e-07
8,1242,310,14,0.45,work,2,2.435541875787129e-16,0.0,0.003508189466365531,0.026123347689424484,0.011093440413166691,0.08250890007229555,0.014280307266129975,0.10778145834667675,3.105437719214226e-07,7.691078126766694e-07
8,1243,310,14,0.4583333333333333,work,3,2.435541875787129e-16,0.0,0.0017619827917203087,0.013094645796835754,0.011067170211541442,0.08044951340696645,0.012692258568596205,0.09328600934761914,2.3162066187730383e-07,4.1935584781975493e-07
8,1244,310,14,0.4666666666666667,work,4,2.435541875787129e-16,0.0,1.668225466700664e-08,1.3328003749250115e-07,0.011047520242718076,0.079379669434881,0.011047508981855468,0.07937959150534925,6.514888499550958e-08,6.756653814765625e-07
8,1245,311,15,0.475,work,1,2.5388767065120824e-15,0.0,0.009236815701642831,0.04155902887661911,0.01098406992730826,0.08017781583390067,0.018284257261321785,0.12147409379073351,3.3620465801143184e-07,5.701519986900406e-07
8,1246,311,15,0.48333333333333334,work,2,2.5388767065120824e-15,0.0,0.006175854183305197,0.027747207216719163,0.011827437563972304,0.08326762923479533,0.01729295072239524,0.11084883660012432,1.5553209420338136e-07,4.712160915387253e-07
8,1247,311,15,0.49166666666666664,work,3,2.5388767065120824e-15,0.0,0.0030968711311540015,0.01389425187755673,0.013313424732905008,0.08864679636911738,0.016252783828929626,0.10231304131239854,2.2886454464838672e-07,7.586432731960971e-07
8,1248,311,15,0.5,work,4,2.5388767065120824e-15,0.0,5.4771497358382265e-08,2.0647654623614286e-07,0.015127792054716793,0.09468916297774034,0.01512779092857741,0.0946890582503193,4.463084465770788e-08,8.205115734300793e-07
8,1249,312,16,0.5083333333333333,work,1,1.3738309013483032e-16,0.0,0.016075274246877116,0.03841113002732196,0.019167650662820453,0.10206825278346378,0.03498212606191772,0.14007355557003617,1.7014034094553894e-07,5.057621821307297e-07
8,1250,312,16,0.5166666666666666,work,2,1.3738309013483032e-16,0.0,0.010694454633728185,0.025568492250957784,0.02360787899096001,0.11068154139819891,0.03426019798133898,0.1358122395882872,8.678505468335498e-08,7.366661485617366e-07
8,1251,312,16,0.525,work,3,1.3738309013483032e-16,0.0,0.005335860039014653,0.012764752576880235,0.02806211809728449,0.1199574433446512,0.03337196534021359,0.13238258357597105,1.5138209144334897e-07,1.9992005623875177e-07
8,1252,312,16,0.5333333333333333,work,4,1.3738309013483032e-16,0.0,4.702078520188956e-08,1.1920928955078128e-07,0.03238718652297563,0.12968361180256044,0.032387213763835646,0.12968371009756957,3.809926579392238e-07,6.899736465686728e-07
8,1253,313,17,0.5416666666666666,work,1,1.1102230246251565e-16,0.0,0.0151673617146346,0.02612681777009204,0.0364376616070401,0.13584544331669907,0.05152216164475599,0.16084951576768367,2.11989340539949e-07,2.2696772533249596e-07
8,1254,313,17,0.55,work,2,1.1102230246251565e-16,0.0,0.010083893331971915,0.017359514028643188,0.04020590150173583,0.1415545913995182,0.05014071090458526,0.15812135107526426,4.1261755798263956e-07,5.740332688170162e-07
8,1255,313,17,0.5583333333333333,work,3,1.1102230246251565e-16,0.0,0.0050279331705624705,0.008650390616542485,0.04351144033801767,0.14628044033163862,0.048406703767603476,0.15451185350810145,3.7657775241126695e-07,9.372344728420097e-07
8,1256,313,17,0.5666666666666667,work,4,1.1102230246251565e-16,0.0,1.1121039275931246e-08,7.300048299977713e-08,0.046232165968172104,0.14967284815223592,0.046232160338503255,0.14967282128343576,2.7257021756331916e-07,4.3800289799866376e-07
8,1257,314,18,0.575,work,1,1.2719202621569003e-16,0.0,0.0137100855262805,0.018261346379605407,0.04799206683726926,0.14734039689486164,0.06117683178218621,0.15892063655416858,3.4045467821271664e-07,6.371008851060878e-07
8,1258,314,18,0.5833333333333334,work,2,1.2719202621569003e-16,0.0,0.00911499360461717,0.012202620705733127,0.04912675332215727,0.14380825564456562,0.0578188452180933,0.1516181286504323,2.5955728229298813e-07,3.839760639287575e-07
8,1259,314,18,0.5916666666666667,work,3,1.2719202621569003e-16,0.0,0.00454485228657053,0.006115396073078509,0.049644836408376566,0.1391115083489092,0.05394444833455449,0.14305222946254312,8.344394257616115e-08,3.4755181639464544e-07
8,1260,314,18,0.6,work,4,1.2719202621569003e-16,0.0,3.0534984192098956e-08,7.300048299977713e-08,0.04959539880928398,0.13339328048208374,0.04959537332696266,0.1333932010792206,1.4794498566729673e-07,6.049210766012823e-07
8,1261,315,19,0.6083333333333333,work,1,1.1857187100668868e-16,0.0,0.011849548944255559,0.018086800531357333,0.0485889826356189,0.12310121949382646,0.059841409461865946,0.12515499418865111,2.364975435832048e-07,5.413860715802016e-07
8,1262,315,19,0.6166666666666667,work,2,1.1857187100668868e-16,0.0,0.007891488390248001,0.012132111820485141,0.04723465753387971,0.11242440236838251,0.05471870923921358,0.11403756461859173,1.5227143613792465e-07,5.900558791525186e-07
8,1263,315,19,0.625,work,3,1.1857187100668868e-16,0.0,0.003941624241832168,0.006103442962672749,0.04558628879861328,0.10156041841728682,0.0493187838089945,0.10248765732401773,1.6498191908307507e-07,5.975347058702557e-07
8,1264,315,19,0.6333333333333333,work,4,1.1857187100668868e-16,0.0,3.335073011308738e-08,2.1283115233608645e-07,0.04371422512666568,0.09075781801990533,0.04371425207671449,0.09075790575109535,2.3401878050858401e-07,4.933162140025762e-07
8,1265,316,20,0.6416666666666666,work,1,3.925231146709438e-17,0.0,0.009861479283287188,0.020525425297182587,0.04110155138765063,0.07844095482971877,0.050531358328590556,0.08035200247898237,2.236401851591261e-07,5.083895358214386e-07
8,1266,316,20,0.65,work,2,3.925231146709438e-17,0.0,0.0065792134882554885,0.013726592021384145,0.03847967234614771,0.06677603724805219,0.04478151312278868,0.06863082171193023,2.393332188420245e-07,9.320077759690303e-07
8,1267,316,20,0.6583333333333333,work,3,3.925231146709438e-17,0.0,0.003292127149332272,0.006885367921236402,0.03590557951399414,0.05619391801523432,0.03906217660307402,0.05745663579761978,3.931649747104015e-07,7.609811624767649e-07
8,1268,316,20,0.6666666666666666,work,4,3.925231146709438e-17,0.0,4.900562755228406e-08,1.5196262340524153e-07,0.03344025488473029,0.047249683442649994,0.03344029674286191,0.04724982436074448,3.0819727932110563e-07,1.1534692335345681e-06
8,1269,317,21,0.675,work,1,8.326672684688674e-17,0.0,0.00955147514136827,0.020685191841132843,0.03104637202992118,0.04047236981362674,0.0403814102032479,0.05238253957558812,1.38611937639721e-07,5.247240323322731e-07
8,1270,317,21,0.6833333333333333,work,2,8.326672684688674e-17,0.0,0.006378058667771907,0.013832291198789216,0.028862394886876096,0.03629028053454385,0.035097054109415084,0.04507439102304631,2.055588881455682e-07,6.460989531480937e-07
8,1271,317,21,0.6916666666666667,work,3,8.326672684688674e-17,0.0,0.003194326737247077,0.006937807295575511,0.02690639057245231,0.03503614259509739,0.030026606581655457,0.039636243647037356,3.023484578991675e-07,9.564642033506254e-07
8,1272,317,21,0.7,work,4,8.326672684688674e-17,0.0,1.920424938051667e-08,1.032382731180714e-07,0.025196650860871524,0.03642513134859615,0.025196661748613375,0.0364252136110603,1.676186765505344e-07,7.957833959352242e-07
8,1273,318,22,0.7083333333333334,work,1,1.415262216750919e-16,0.0,0.009824873763212193,0.01812768857812297,0.023808689079146104,0.039130329662230595,0.033491904697627674,0.05303188426458188,3.6290832142592587e-07,7.725644944200397e-07
8,1274,318,22,0.7166666666666667,work,2,1.415262216750919e-16,0.0,0.006561526603208005,0.01215016238464195,0.02266393591969963,0.042818202719142176,0.029114352211961732,0.05132325386777047,3.093152977321358e-07,6.912597122635399e-07
8,1275,318,22,0.725,work,3,1.415262216750919e-16,0.0,0.003286624839929201,0.006108071580847265,0.021750408384034855,0.046964571041678393,0.024969858757515673,0.05079598015528634,8.187822146135205e-08,5.413860715802016e-07
8,1276,318,22,0.7333333333333333,work,4,1.415262216750919e-16,0.0,2.3752249866997676e-08,1.032382731180714e-07,0.021053310043647914,0.051240382988163205,0.021053331566994238,0.05124032837106086,1.5594514613420531e-07,4.172325134277351e-07
8,1277,319,23,0.7416666666666667,work,1,2.2591401799415137e-16,0.0,0.009443725560081374,0.01652556617570877,0.020404968933846884,0.05482382052034799,0.02969604971193139,0.06446019864160278,2.5841017381545417e-07,6.300918612440247e-07
8,1278,319,23,0.75,work,2,2.2591401799415137e-16,0.0,0.006309572801042631,0.011086512077631696,0.019942318309282156,0.05835416904122941,0.02612269971547158,0.06418755525820515,2.6003493155740636e-07,5.110033809984414e-07
8,1279,319,23,0.7583333333333333,work,3,2.2591401799415137e-16,0.0,0.0031616592150512266,0.005578277416147494,0.019643745391622662,0.06176767804984596,0.022723064979102398,0.06440480494497344,1.411368789612999e-07,3.2917740992269735e-07
8,1280,319,23,0.7666666666666666,work,4,2.2591401799415137e-16,0.0,1.2061060066455774e-08,4.2146848510894035e-08,0.01948796619038399,0.06504094178768735,0.01948795604145299,0.06504096106560638,1.283133016261935e-07,6.286806794920288e-07
8,1281,320,24,0.775,work,1,8.777083671441753e-17,0.0,0.009348680379013687,0.019179537373018536,0.019338321877326807,0.06766408229816372,0.028406033520857542,0.07596661155671107,6.888059454729067e-08,5.824810351637641e-07
8,1282,320,24,0.7833333333333333,work,2,8.777083671441753e-17,0.0,0.0062506232782482294,0.012846901583049884,0.01929688713748762,0.07024080414297676,0.02532915678040689,0.0753354968506974,7.820686972804993e-08,3.195943026174193e-07
8,1283,320,24,0.7916666666666666,work,3,8.777083671441753e-17,0.0,0.0031345181243940066,0.006454487565278489,0.019340270441909696,0.07276518069460061,0.02234592852891755,0.07508917842215511,1.205558042559019e-07,4.287807515245136e-07
8,1284,320,24,0.8,work,4,8.777083671441753e-17,0.0,5.598951694593504e-08,1.5196262340524153e-07,0.019447820876422765,0.07524779596316383,0.01944787277528972,0.07524772331651672,1.1276548144638585e-07,5.685920723777704e-07
8,1285,321,25,0.8083333333333333,work,1,6.938893903907228e-18,0.0,0.00950057040905062,0.02268895701496833,0.0195060840956165,0.07705203000412929,0.028573803214582725,0.08510638851478575,6.753070007281239e-08,5.46285592908365e-07
8,1286,321,25,0.8166666666666667,work,2,6.938893903907228e-18,0.0,0.0063583202328656154,0.015174837945541687,0.019614697488563374,0.07901446422367082,0.02566215380285052,0.0839601759317244,3.0689572703110076e-07,3.097148193542145e-07
8,1287,321,25,0.825,work,3,6.938893903907228e-18,0.0,0.003191737716884236,0.007613011443556224,0.01974940939494876,0.081080753836967,0.022769397904742646,0.08332323089791537,2.1085887788773336e-07,2.5809568279517867e-07
8,1288,321,25,0.8333333333333334,work,4,6.938893903907228e-18,0.0,3.3583344896131994e-08,8.429369702178807e-08,0.019898108434151664,0.08325195589150898,0.019898076848861173,0.08325198836887514,1.0285704918813558e-07,4.636153336198354e-07
8,1289,322,26,0.8416666666666667,work,1,1.4220500840710912e-16,0.0,0.009854354647253247,0.025319158729889185,0.01999559327610626,0.08504627224987901,0.029365931380643563,0.09378957317512915,1.9212026441310245e-07,4.5976783694450694e-07
8,1290,322,26,0.85,work,2,1.4220500840710912e-16,0.0,0.006601133180762671,0.01693488005941575,0.02011035761889863,0.08709524722486493,0.026368980959835656,0.09242956030112974,1.4922066324481616e-07,5.040030039932671e-07
8,1291,322,26,0.8583333333333333,work,3,1.4220500840710912e-16,0.0,0.003316792346458062,0.008496868728026628,0.02023351792423342,0.089327753299247,0.02336340642766873,0.09172109937694789,1.1038305277618123e-07,5.975347058702557e-07
8,1292,322,26,0.8666666666666667,work,4,1.4220500840710912e-16,0.0,3.03325447655522e-08,5.960464477539063e-08,0.020361693276956572,0.09170937211976819,0.020361720548796588,0.09170937932315269,1.214834377765657e-07,3.9085379387748307e-07
8,1293,323,27,0.875,work,1,1.249000902703301e-16,0.0,0.009666113872758767,0.024731397172367556,0.02025399061203216,0.09424406537627159,0.02946220249378496,0.10373459049896963,2.0000159924556205e-07,5.297776709387073e-07
8,1294,323,27,0.8833333333333333,work,2,1.249000902703301e-16,0.0,0.006483780874255569,0.016559342957466732,0.020173742138660355,0.09703472591014911,0.02633039387595504,0.10276815598010987,1.6346437848092115e-07,4.2357058535671e-07
8,1295,323,27,0.8916666666666666,work,3,1.249000902703301e-16,0.0,0.0032625131127569946,0.008318858824858418,0.02012471808727231,0.10000446571942104,0.02320675555875963,0.10255487322240638,1.2864534151059217e-07,2.7476383618393225e-07
8,1296,323,27,0.9,work,4,1.249000902703301e-16,0.0,3.4041980367642966e-08,6.664001874625056e-08,0.020113234822217777,0.1031021199959761,0.020113266247258683,0.10310214232268566,1.6848263877668138e-07,3.6983709472390636e-07
8,1297,324,28,0.9083333333333333,work,1,1.2719202621569003e-16,0.0,0.009267481217233206,0.023173120124238392,0.019830120086050528,0.10623759910705206,0.028717212839630694,0.11457479611794331,3.4790305926755687e-07,7.527667844483354e-07
8,1298,324,28,0.9166666666666666,work,2,1.2719202621569003e-16,0.0,0.006230102132883592,0.01553734951634777,0.01962201590417225,0.10973449903211471,0.02557068942228571,0.11463999830543753,1.0900075149544988e-07,5.022376640544164e-07
8,1299,324,28,0.9249999999999999,work,3,1.2719202621569003e-16,0.0,0.0031421017896788054,0.007818904627390984,0.019497274848788795,0.1134682459853554,0.022478733560112485,0.11558114245450965,3.406001046989203e-07,6.717102330675541e-07
8,1300,324,28,0.9333333333333333,work,4,1.2719202621569003e-16,0.0,1.054488823954501e-08,5.960464477539063e-08,0.01946701912694728,0.11736544317476269,0.01946702784073647,0.11736542006103304,2.6782820150612217e-07,2.7957056521316965e-07
8,1301,325,29,0.9416666666666667,work,1,1.2432050435751766e-16,0.0,0.008801187402813675,0.020930501403854034,0.01913943268321018,0.12150245218734622,0.02758165209893874,0.1278586770977614,1.4808871938442096e-07,2.950279395762585e-07
8,1302,325,29,0.95,work,2,1.2432050435751766e-16,0.0,0.005932294928957803,0.014033972390536152,0.01894275493705774,0.12614675285682794,0.0246044048164666,0.12971433863236423,1.9045285030236083e-07,1.8128044993574086e-07
8,1303,325,29,0.9583333333333334,work,3,1.2432050435751766e-16,0.0,0.003000228359470455,0.007067557461958857,0.018883885568109687,0.13115065380849533,0.02172706333858902,0.13259379400959367,1.3885257490259531e-07,1.9992005623875177e-07
8,1304,325,29,0.9666666666666667,work,4,1.2432050435751766e-16,0.0,1.138244587248191e-08,0.0,0.018969881602621547,0.13643643185328008,0.018969891164581976,0.13643644641480662,1.8474254950330616e-07,5.230286352272122e-07
8,1305,326,30,0.975,work,1,1.6883057536160649e-16,0.0,0.00817634349261657,0.018759110222152882,0.01869085750391405,0.14216976869833986,0.026474574121516548,0.14614393513871354,1.2781207836248018e-07,4.823927300047483e-07
8,1306,326,30,0.9833333333333333,work,2,1.6883057536160649e-16,0.0,0.00552394586875036,0.012559185873823866,0.018582977191073498,0.14854969860002148,0.023812450327969928,0.15057451080665935,7.74960220117217e-08,4.5976783694450694e-07
8,1307,326,30,0.9916666666666667,work,3,1.6883057536160649e-16,0.0,0.002800588481248118,0.006320453255389344,0.018650788836918016,0.1554212630386511,0.0212823490946512,0.1561274396058587,1.1576547437217598e-07,3.94247667650073e-07
8,1308,326,30,1.0,work,4,1.6883057536160649e-16,0.0,5.979449113082052e-09,2.9802322387695312e-08,0.01889582668932268,0.16267919700356628,0.018895831131474458,0.16267918872650736,1.3336224407301325e-07,1.264405455326821e-07
8,1309,327,31,1.0083333333333333,work,1,1.1150912609939193e-16,0.0,0.0074820294075064004,0.016721108106588025,0.01877756869234189,0.17053181887873847,0.025857468910918686,0.17232494459266753,2.5216085186790486e-07,3.7223088731756253e-07
8,1310,327,31,1.0166666666666666,work,2,1.1150912609939193e-16,0.0,0.005060156112750756,0.011192215089497661,0.018844594725330135,0.17912929393351543,0.023607043248061888,0.1798388478012321,4.870949177580572e-07,8.596304119739572e-07
8,1311,327,31,1.025,work,3,1.1150912609939193e-16,0.0,0.0025681424821572905,0.005632879624555798,0.019096818633229855,0.18828204647179445,0.021497723936141327,0.18840760532854575,2.2338373388196376e-07,5.527507362065157e-07
8,1312,327,31,1.0333333333333332,work,4,1.1150912609939193e-16,0.0,4.297786332215014e-08,8.429369702178807e-08,0.01952480651850123,0.19785432195717986,0.019524849013106006,0.1978542716762149,2.2963688809698021e-07,5.65459309846471e-07
8,1313,328,32,1.0416666666666667,work,1,5.882221957486127e-16,0.0,0.0069628079679616255,0.014360835070825965,0.019677611879013637,0.20767241240729384,0.02626157007094725,0.20719826536416677,1.0168480218812661e-07,7.238958955699911e-07
8,1314,328,32,1.05,work,2,5.882221957486127e-16,0.0,0.004694482294080519,0.009629404855120989,0.019965168855544314,0.21814930458511017,0.024388254105110828,0.2175517397371721,1.2754528300197651e-07,2.598106231415675e-07
8,1315,328,32,1.0583333333333333,work,3,5.882221957486127e-16,0.0,0.0023752377984366923,0.004853254231467076,0.020378010607030022,0.22912835032575193,0.02260719236094625,0.22870061293548602,4.731094036961632e-08,3.7697287323097997e-07
8,1316,328,32,1.0666666666666667,work,4,5.882221957486127e-16,0.0,1.625791213206548e-08,1.0745380149674385e-07,0.020900555328355417,0.24046730487934637,0.020900539331914013,0.24046740531886793,1.5233970453206895e-07,5.364418029785172e-07
8,1317,329,33,1.075,work,1,3.469446951953614e-18,0.0,0.006481559257676231,0.013019915731506541,0.02117866163919296,0.2516690957662015,0.027355705946867096,0.24969745458532464,1.486635059686261e-07,7.74860382080083e-07
8,1318,329,33,1.0833333333333333,work,2,3.469446951953614e-18,0.0,0.004346603656803807,0.008777401480043539,0.02150602322127187,0.2631937587465693,0.02564683784983746,0.2617674756627221,1.0982252480789596e-07,4.430433734452288e-07
8,1319,329,33,1.0916666666666666,work,3,3.469446951953614e-18,0.0,0.0021877082238489,0.004445236380142459,0.021872907868682706,0.2749622510526361,0.023956787611881053,0.27419953844930334,1.9220973257329983e-07,8.434636412909633e-07
8,1320,329,33,1.1,work,4,3.469446951953614e-18,0.0,4.878684396343736e-08,8.429369702178807e-08,0.022274541613110908,0.28687576765366707,0.02227458940578925,0.2868757259314752,2.1703220867715712e-07,5.230286352272122e-07
8,1321,330,34,1.1083333333333334,work,1,1.1102230246251565e-16,0.0,0.005782121957916418,0.011089479263950151,0.02236528866355199,0.29802470620331883,0.02792304029985036,0.2954172170406496,1.8794489046770772e-07,4.869739603509972e-07
8,1322,330,34,1.1166666666666667,work,2,1.1102230246251565e-16,0.0,0.003856036284556756,0.007518444924496667,0.022438141125029138,0.3088206030661369,0.026152552643505682,0.3070749388317754,1.2894992046644958e-07,6.515744659029109e-07
8,1323,330,34,1.125,work,3,1.1102230246251565e-16,0.0,0.001929920506235004,0.003827664214899686,0.022501430734351957,0.319280730296302,0.024364812796779205,0.3184073942787603,1.126199482216531e-07,5.527507362065157e-07
8,1324,330,34,1.1333333333333333,work,4,1.1102230246251565e-16,0.0,2.299314551866102e-08,5.1619136559035694e-08,0.022561141882026025,0.3293952411895845,0.022561164624875833,0.32939526573301725,1.6761460127558605e-07,1.632340423778195e-07
8,1325,331,35,1.1416666666666666,work,1,5.551115123125783e-17,0.0,0.004836468292188321,0.007069363112370184,0.02225350846565398,0.33848222151404456,0.026933540607720186,0.33697856434797535,1.1143389433203577e-07,5.161913655903585e-07
8,1326,331,35,1.15,work,2,5.551115123125783e-17,0.0,0.0032137300196788507,0.00476813231722497,0.021914382588869824,0.34631494540610386,0.025032215678369947,0.3453484214781809,1.6576172679363762e-07,4.98688236793326e-07
8,1327,331,35,1.1583333333333332,work,3,5.551115123125783e-17,0.0,0.0016020213656476956,0.0024152690269527224,0.021561607890151234,0.3530576300125694,0.023119911522622882,0.3525928562287567,1.3855457890549036e-07,5.230286352272122e-07
8,1328,331,35,1.1666666666666667,work,4,5.551115123125783e-17,0.0,6.315809285353459e-09,0.0,0.021215778989365157,0.35884587817968455,0.02121578477736309,0.358845888440516,2.9836095787222133e-07,5.945544643181586e-07
8,1329,332,36,1.175,work,1,1.9357524242651527e-15,0.0,0.004048810296729869,0.003979163534378559,0.020596442266165495,0.36326326209889337,0.024500005606956435,0.36272778856127585,3.193979278181584e-07,6.664001874625087e-07
8,1330,332,36,1.1833333333333333,work,2,1.9357524242651527e-15,0.0,0.002691984150846831,0.0026216794882295935,0.020004166193535542,0.36615255932055346,0.022606538133839935,0.36582945662773475,2.9474928033959075e-07,7.408739861641004e-07
8,1331,332,36,1.1916666666666667,work,3,1.9357524242651527e-15,0.0,0.0013424523736245357,0.0012963885028045479,0.019467091250631056,0.3677416062547323,0.020768144851785863,0.3675957588921698,1.70026929336797e-07,3.6983709472390636e-07
8,1332,332,36,1.2,work,4,1.9357524242651527e-15,0.0,1.0273558229946803e-08,0.0,0.018997249166283443,0.3682152308940334,0.018997259217146494,0.36821521120360595,1.713518149853153e-07,4.607327232879502e-07
8,1333,333,37,1.2083333333333333,work,1,4.935890375251311e-16,0.0,0.003694020431264134,0.004479866642312427,0.018473638576627628,0.3673587670935585,0.022068895293260473,0.3672131095968974,7.861014961217537e-08,1.8848643661548977e-07
8,1334,333,37,1.2166666666666666,work,2,4.935890375251311e-16,0.0,0.002459885818980161,0.002958483808457514,0.018035661743812673,0.36520371324828943,0.02043525974685403,0.36513192153400953,1.3493923562913679e-07,6.556510925292998e-07
8,1335,333,37,1.225,work,3,4.935890375251311e-16,0.0,0.00122852393927667,0.0014652117399367348,0.01769271294362157,0.36196415664420306,0.018893474163005294,0.3619392622389913,1.8912077375953896e-07,5.144678503761326e-07
8,1336,333,37,1.2333333333333334,work,4,4.935890375251311e-16,0.0,5.751393385666958e-09,0.0,0.017439079081041954,0.3578529007701469,0.017439084110521794,0.3578528906763404,2.4556705147448307e-07,6.570043469979972e-07
9,1337,334,1,0.008333333333333333,startup,1,1.6939998869943826e-16,4.2146848510894035e-08,0.00921238867141665,0.029686154199207945,0.0027959997535626883,0.008682301275356507,0.01199756674099797,0.03836843374177469,3.0244857722291545e-07,5.960464477539085e-07
9,1338,334,1,0.016666666666666666,startup,2,1.6939998869943826e-16,4.2146848510894035e-08,0.006148642368494921,0.019747999592743107,0.00513571973231774,0.01576081673330526,0.011240382385104287,0.03550411784788506,2.584504966526708e-07,5.26413969178669e-07
9,1339,334,1,0.025,startup,3,1.6939998869943826e-16,4.2146848510894035e-08,0.003077795640812377,0.009852508077534655,0.007044390636551115,0.021516352988575637,0.010057494043685724,0.03135440079007605,1.2890128631612326e-07,3.0683368864616786e-07
9,1340,334,1,0.03333333333333333,startup,4,1.6939998869943826e-16,4.2146848510894035e-08,1.4327012435398791e-08,0.0,0.008568572347996519,0.026264744115413755,0.008568569252944759,0.026264765345969044,1.4900270752194538e-07,4.539354506649926e-07
9,1341,335,2,0.041666666666666664,work,1,1.3877787807814457e-17,0.0,0.0058469902763104336,0.020671640561640954,0.008914698121562025,0.02748047275183656,0.014671657112493146,0.0481304129464988,1.9978283506120588e-07,5.21327724591969e-07
9,1342,335,2,0.05,work,2,1.3877787807814457e-17,0.0,0.00389859073461253,0.013757993312719843,0.00937641940838533,0.02868231743077987,0.01312383611873215,0.04241457565663259,3.8426277045522337e-07,7.702617635321716e-07
9,1343,335,2,0.058333333333333334,work,3,1.3877787807814457e-17,0.0,0.0019495833926554624,0.006867492745600178,0.009998574931258733,0.030058376326723958,0.011769165090166874,0.03684085736376796,2.4332001713126405e-07,5.527507362065157e-07
9,1344,335,2,0.06666666666666667,work,4,1.3877787807814457e-17,0.0,3.300552759774959e-08,1.3978528260658475e-07,0.010755491765044941,0.031767675588669574,0.010755470470784855,0.03176778064269592,2.297773619681677e-07,4.712160915387253e-07
9,1345,336,3,0.075,work,1,1.6939998869943826e-16,0.0,0.006080283822688092,0.022227834362461577,0.011866575059669482,0.03451527367699021,0.0173901126257706,0.05617589351517017,4.781033085983544e-07,1.0545138128372632e-06
9,1346,336,3,0.08333333333333333,work,2,1.6939998869943826e-16,0.0,0.0040541595252526295,0.01478674594098958,0.013020842167873064,0.03782774420170021,0.016476897821575905,0.051916417262024415,2.549455699486912e-07,5.646734035461092e-07
9,1347,336,3,0.09166666666666666,work,3,1.6939998869943826e-16,0.0,0.002027400459574139,0.0073774537796264935,0.01412653179061733,0.04155515318784763,0.015730336235778193,0.04838466074337138,2.0573788382190332e-07,6.272663229658983e-07
9,1348,336,3,0.1,work,4,1.6939998869943826e-16,0.0,2.6890787604011023e-08,0.0,0.015120303516310184,0.04561062955723621,0.015120280281808398,0.045610612131989935,1.9005188817587472e-07,6.237164001600872e-07
9,1349,337,4,0.10833333333333334,work,1,1.8041124150158794e-16,0.0,0.0060352066392420625,0.025390790298389428,0.016034756881764593,0.05079007251783792,0.020924651776004593,0.07413492144435738,4.467393589580606e-08,6.251387883246874e-07
9,1350,337,4,0.11666666666666667,work,2,1.8041124150158794e-16,0.0,0.004026453909809052,0.01689640848720376,0.016770136986128115,0.05650899253665536,0.019877528727585813,0.07194332809551124,2.1430220884977553e-07,5.646734035461092e-07
9,1351,337,4,0.125,work,3,1.8041124150158794e-16,0.0,0.0020146833444020223,0.00843297322422625,0.016850346647717424,0.0628526100205302,0.018370839261596193,0.07056061870309421,2.0144272805657815e-07,8.74991312974889e-07
9,1352,337,4,0.13333333333333333,work,4,1.8041124150158794e-16,0.0,1.1806257617317025e-08,0.0,0.016528815887309034,0.0700233989188591,0.016528805927642366,0.0700234067471281,2.7726952023365764e-07,9.185692672385321e-07
9,1353,338,5,0.14166666666666666,work,1,3.3450938666784586e-16,0.0,0.005891460938470735,0.0290731491209811,0.015725826562694393,0.0781494281529315,0.02059848140881021,0.10464113400185798,2.7581221439008214e-07,6.886851792509198e-07
9,1354,338,5,0.15,work,2,3.3450938666784586e-16,0.0,0.003931272888520643,0.01936798672813728,0.015138868367747301,0.08645146228948036,0.018403152692259554,0.10437246818124145,1.9478544389566934e-07,5.454720621622557e-07
9,1355,338,5,0.15833333333333333,work,3,3.3450938666784586e-16,0.0,0.001967450927752947,0.009676969336765767,0.014709067032460122,0.09432691110370324,0.016334199814173337,0.10337308014780423,2.3480849882855712e-07,5.179091452653055e-07
9,1356,338,5,0.16666666666666666,work,4,3.3450938666784586e-16,0.0,4.736578394567257e-08,1.3657139822709086e-07,0.0144348813160686,0.10173483947796458,0.014434919864947444,0.10173491359767027,3.7892236878947914e-07,9.601714428417188e-07
9,1357,339,6,0.175,work,1,2.3263411494723067e-16,0.0,0.005536009030422823,0.030343829005289837,0.014216009229562497,0.108118444503397,0.019077737953973956,0.1355387212123765,1.8383369848079736e-07,3.9311963195422116e-07
9,1358,339,6,0.18333333333333332,work,2,2.3263411494723067e-16,0.0,0.00369266621711995,0.020227684814972394,0.014019631684807106,0.114638584821683,0.01721721188351001,0.13307642966918146,2.685737258890122e-07,8.397700073483869e-07
9,1359,339,6,0.19166666666666665,work,3,2.3263411494723067e-16,0.0,0.0018473331833032598,0.010113087562631856,0.013432874915064199,0.12050230048855382,0.015054894914969572,0.1297802674953862,4.254549663427998e-07,9.748594304201774e-07
9,1360,339,6,0.2,work,4,2.3263411494723067e-16,0.0,2.982304302130579e-08,9.424321830774486e-08,0.013097782465983547,0.12754747875127342,0.013097802594069336,0.12754754915008443,3.9124344187889276e-07,1.3140086939960122e-06
9,1361,340,7,0.20833333333333334,work,1,2.339755514347753e-16,0.0,0.005446255090861387,0.031382804061192156,0.012535743771220808,0.13313702936721375,0.01680807189158785,0.1614567009718052,3.540659551213501e-07,1.2105760581249125e-06
9,1362,340,7,0.21666666666666667,work,2,2.339755514347753e-16,0.0,0.0036336434487450474,0.02092301246109406,0.012085433171786062,0.13834903957820238,0.014936800530211014,0.15733754849784556,4.830108801792066e-07,1.0724696049360512e-06
9,1363,340,7,0.225,work,3,2.339755514347753e-16,0.0,0.0018182215910281603,0.010462123130922964,0.011577931042405697,0.14211198798131705,0.01301426840574313,0.15160657996994573,4.880145931210684e-07,1.1906018468998952e-06
9,1364,340,7,0.23333333333333334,work,4,2.339755514347753e-16,0.0,8.662405245978047e-09,0.0,0.01101152233095192,0.14616105442044736,0.011011517984955126,0.1461610411704081,2.1016613190574276e-07,4.7027271503387496e-07
9,1365,341,8,0.24166666666666667,work,1,1.8631931528314482e-16,0.0,0.005963021025800718,0.0335222278702246,0.010334076236969079,0.14965369513403085,0.015145335633264659,0.17838254809500378,2.845911359444142e-07,5.670278546345386e-07
9,1366,341,8,0.25,work,2,1.8631931528314482e-16,0.0,0.003975209264712635,0.022340116079664265,0.009927388089991145,0.15263047341836017,0.013340486839715183,0.17189842939913175,3.123751555218234e-07,5.179091452653055e-07
9,1367,341,8,0.2583333333333333,work,3,1.8631931528314482e-16,0.0,0.0019875313580874883,0.011165930549980616,0.009780971427972327,0.15508157205082596,0.011571426720425335,0.16476470691688477,2.2478196733860628e-07,6.677316576960141e-07
9,1368,341,8,0.26666666666666666,work,4,1.8631931528314482e-16,0.0,3.273369335339606e-08,1.1920928955078128e-07,0.009822936204798072,0.1568709716786653,0.009822935236559301,0.15687106076055324,3.507860229725056e-07,7.039911634336577e-07
9,1369,342,9,0.275,work,1,8.355534721610419e-17,0.0,0.006064497095951849,0.02825901500084879,0.009754315772572006,0.1557154972021289,0.01519266149092508,0.1794275416505721,4.3693728439737147e-07,6.53615957482499e-07
9,1370,342,9,0.2833333333333333,work,2,8.355534721610419e-17,0.0,0.004036741571926084,0.018807863145062255,0.009924604713319494,0.15365334705794928,0.013666547072157545,0.16948340039524304,1.9061832728134235e-07,5.057621821307297e-07
9,1371,342,9,0.2916666666666667,work,3,8.355534721610419e-17,0.0,0.0020153258611744157,0.009388060918663359,0.010248804486948848,0.15071164401069004,0.012152698701304915,0.15862572021667684,3.468948588539892e-07,5.678105021493946e-07
9,1372,342,9,0.3,work,4,8.355534721610419e-17,0.0,1.125444979162267e-08,9.884312124119402e-08,0.010716499274371067,0.14717263743150877,0.01071649962277116,0.1471725442168697,3.1036902165582483e-07,7.811392797280097e-07
9,1373,343,10,0.30833333333333335,work,1,6.546139416680338e-17,0.0,0.00311668284158985,0.029513795865418087,0.010317082760093601,0.14358700150065923,0.01324834556387479,0.1688659917158694,1.4138212341664128e-07,8.248300852238026e-07
9,1374,343,10,0.31666666666666665,work,2,6.546139416680338e-17,0.0,0.00206615621808341,0.019660274939071867,0.01004665068111223,0.139623117983642,0.011986580552626004,0.1564803281575221,3.403261533165026e-07,8.041106202144702e-07
9,1375,343,10,0.325,work,3,6.546139416680338e-17,0.0,0.0010274359585429626,0.009822352189881077,0.009890799921566978,0.13573999343411852,0.010844623559011307,0.14416443391207048,1.4958426511275616e-07,4.41034096090459e-07
9,1376,343,10,0.3333333333333333,work,4,6.546139416680338e-17,0.0,2.260197927716163e-08,6.664001874625056e-08,0.009460822021181687,0.13309085566748458,0.009460839398920694,0.13309081340198337,2.3172587568111025e-07,4.786961795153931e-07
9,1377,344,11,0.3416666666666667,work,1,5.763878168445254e-17,0.0,0.003414502247044642,0.03286815666441341,0.008377987183408713,0.12953124573371533,0.010497890690115603,0.15841155363397985,2.699245937093269e-07,5.575503985246947e-07
9,1378,344,11,0.35,work,2,5.763878168445254e-17,0.0,0.0022776406073242708,0.02192217712342737,0.007553567717402794,0.12489515120114719,0.008981342232634389,0.14430493353132645,4.3324565943512037e-07,8.890887433395637e-07
9,1379,344,11,0.35833333333333334,work,3,5.763878168445254e-17,0.0,0.0011399184980725504,0.010966215286025557,0.007060722680825891,0.12030697449145243,0.007772476756509056,0.13007036454022738,3.678980061676077e-07,6.293866658789802e-07
9,1380,344,11,0.36666666666666664,work,4,5.763878168445254e-17,0.0,2.320241761853037e-08,6.664001874625056e-08,0.006646581831327374,0.11615172919407438,0.006646560932388653,0.11615168632116096,3.2664663333481025e-07,4.277437953474328e-07
9,1381,345,12,0.375,work,1,3.5135752366389115e-16,0.0,0.005949434539985163,0.0344746349179679,0.006829042906546519,0.11220985872505745,0.011672721711180094,0.14411514499483105,8.69152525977392e-08,6.440336342148305e-07
9,1382,345,12,0.3833333333333333,work,2,3.5135752366389115e-16,0.0,0.0039725184510347655,0.023018116093938872,0.007140048161402937,0.1084477812884021,0.010430525008333193,0.12984295608658053,3.432515888498888e-07,4.5976783694450694e-07
9,1383,345,12,0.39166666666666666,work,3,3.5135752366389115e-16,0.0,0.0019898249698945356,0.011526702020234036,0.007490149006842873,0.10463070692225677,0.009150725706488264,0.11539019090385141,3.9186223378727977e-07,7.957833959352242e-07
9,1384,345,12,0.4,work,4,3.5135752366389115e-16,0.0,1.5365542138393778e-08,4.2146848510894035e-08,0.007841940559440012,0.1006742900242768,0.007841925311470536,0.10067430221440411,2.6439294470461085e-07,5.144678503761326e-07
9,1385,346,13,0.4083333333333333,work,1,9.969816669820225e-16,0.0,0.006493587644998313,0.03484253929253867,0.008514239572839241,0.09666323630398123,0.014683497648007048,0.13002834285174628,3.6094502280340557e-07,5.413860715802016e-07
9,1386,346,13,0.4166666666666667,work,2,9.969816669820225e-16,0.0,0.00433198947151806,0.02327542769656138,0.009158874660719725,0.09289048884901771,0.013256819373714127,0.1152868604145044,2.2675297048119896e-07,3.9085379387748307e-07
9,1387,346,13,0.425,work,3,9.969816669820225e-16,0.0,0.0021679967897064363,0.011661515906841028,0.009739253636755206,0.08915677250563873,0.01177702641122086,0.10042812497413406,8.138576872855996e-08,5.413860715802016e-07
9,1388,346,13,0.43333333333333335,work,4,9.969816669820225e-16,0.0,2.22288274407702e-08,6.664001874625056e-08,0.010282847480863633,0.08534330508514222,0.010282868696729286,0.08534331857880517,3.0558665308486747e-07,3.223614044902319e-07
9,1389,347,14,0.44166666666666665,work,1,2.1677797545656835e-16,0.0,0.005289865236977115,0.038049783282216414,0.010345765385143816,0.08223642316482209,0.015232011701968463,0.1189507627365264,2.823458754928707e-07,5.26413969178669e-07
9,1390,347,14,0.45,work,2,2.1677797545656835e-16,0.0,0.0035406718475270724,0.025431903667294076,0.010409490102736858,0.07989586384650463,0.013743572783395075,0.10481785416963632,1.8372722349784047e-07,7.027283979983125e-07
9,1391,347,14,0.4583333333333333,work,3,2.1677797545656835e-16,0.0,0.0017780208657938261,0.012748722730990182,0.010523388605363393,0.07822865943085605,0.012230151188817366,0.09085266885943986,2.082219270207085e-07,6.495265578539212e-07
9,1392,347,14,0.4666666666666667,work,4,2.1677797545656835e-16,0.0,4.42449562374772e-08,8.429369702178807e-08,0.010713960174839986,0.07764800110518374,0.010713992361797342,0.07764797640304413,1.0048103520536064e-07,3.637837057034289e-07
9,1393,348,15,0.475,work,1,1.8041124150158794e-16,0.0,0.009763686027789443,0.04004180786410667,0.011090394590262632,0.07928693412201987,0.019175756966868393,0.11925240298371949,3.0465308363920196e-07,6.893297139537593e-07
9,1394,348,15,0.48333333333333334,work,2,1.8041124150158794e-16,0.0,0.00652291791880807,0.02672395308513521,0.012423977139970892,0.0830026289290427,0.01835656362866369,0.10953753425685885,2.8154203850172334e-07,4.66480131223755e-07
9,1395,348,15,0.49166666666666664,work,3,1.8041124150158794e-16,0.0,0.0032682865831260535,0.013376654150910853,0.014274831825746317,0.0882844371914987,0.017407987492991515,0.10136663481516141,2.1765930052366693e-07,6.279738994153011e-07
9,1396,348,15,0.5,work,4,1.8041124150158794e-16,0.0,3.8741394061406384e-08,1.264405455326821e-07,0.016354363828669855,0.09478136450059489,0.016354360248294748,0.09478128863932883,2.2895722779090982e-07,6.093099206763789e-07
9,1397,349,16,0.5083333333333333,work,1,1.4220500840710912e-16,0.0,0.01546807201189159,0.03933783633012296,0.02023661803465044,0.10246476720450004,0.035525030397891205,0.14116469300273074,1.646051784903965e-07,3.526258339345231e-07
9,1398,349,16,0.5166666666666666,work,2,1.4220500840710912e-16,0.0,0.0102942494222813,0.02619154278742203,0.024350975151976192,0.11124542373838786,0.03461265120470761,0.13676889851064233,2.7443038224790824e-07,6.433437211788593e-07
9,1399,349,16,0.525,work,3,1.4220500840710912e-16,0.0,0.005138062031112939,0.013078868167569663,0.02853865790517196,0.12101873746111932,0.03364713185809834,0.13361707445711452,3.1075212001703914e-07,6.690604782296345e-07
9,1400,349,16,0.5333333333333333,work,4,1.4220500840710912e-16,0.0,4.6577536567793316e-08,1.632340423778195e-07,0.03266137645026958,0.13104355407601587,0.03266134796758427,0.1310434054852371,3.0814530328247974e-07,9.156639275394291e-07
9,1401,350,17,0.5416666666666666,work,1,1.1102230246251565e-16,0.0,0.014230917875225945,0.026156944310753646,0.03640784011160698,0.13702610994261852,0.05055384006936904,0.16180972426013912,2.8520001426382846e-07,6.542950391799286e-07
9,1402,350,17,0.55,work,2,1.1102230246251565e-16,0.0,0.009464512118727465,0.017388575553529913,0.03989262606828003,0.1424579798166593,0.0492119144956152,0.15884145005392797,3.548760306698522e-07,6.398829982752794e-07
9,1403,350,17,0.5583333333333333,work,3,1.1102230246251565e-16,0.0,0.004720723565766095,0.008669366331869948,0.04293992002832011,0.14686939385263914,0.04753379016893373,0.15499557077911058,1.8553738853358839e-07,1.8848643661548977e-07
9,1404,350,17,0.5666666666666667,work,4,1.1102230246251565e-16,0.0,1.1575902298390352e-08,7.300048299977713e-08,0.04543299256324183,0.149963948716822,0.045433002526089845,0.14996398180876172,1.2104449704307426e-07,2.7797755757238933e-07
9,1405,351,18,0.575,work,1,5.551115123125783e-17,0.0,0.013760944153160266,0.018363425035391245,0.04728102358226434,0.14760060324191346,0.060462705929707164,0.15934548089570308,3.0771718030476345e-07,2.6987150723151637e-07
9,1406,351,18,0.5833333333333334,work,2,5.551115123125783e-17,0.0,0.009148068898258232,0.012267710661826539,0.04851760717769678,0.1441572164352129,0.0572075777407469,0.15206860407616327,2.281476525232136e-07,1.7881393432617193e-07
9,1407,351,18,0.5916666666666667,work,3,5.551115123125783e-17,0.0,0.004560993339847048,0.006146626079127848,0.049146203790630914,0.1396115162649977,0.053444702934444026,0.143600429328148,2.2430946772744545e-07,5.280984981855571e-07
9,1408,351,18,0.6,work,4,5.551115123125783e-17,0.0,2.1502563694878778e-08,4.2146848510894035e-08,0.04920870426425996,0.1340669639107982,0.04920868765958454,0.13406693826260555,1.9317850587161532e-07,8.074174633112048e-07
9,1409,352,19,0.6083333333333333,work,1,1.1188630228279524e-16,0.0,0.011909352340269946,0.019255976822276703,0.04834442029113843,0.12420953873611301,0.05966817863872668,0.12726955472699866,2.252361254609276e-07,5.230286352272122e-07
9,1410,352,19,0.6166666666666667,work,2,1.1188630228279524e-16,0.0,0.007930107986128712,0.012902793922775537,0.047116032125421876,0.11400373048319239,0.05464181675075262,0.11631122059262768,1.8403609838630873e-07,5.701519986900406e-07
9,1411,352,19,0.625,work,3,1.1188630228279524e-16,0.0,0.003960275385255064,0.006484309340217219,0.045578619497709014,0.10362363811931925,0.04932903010592334,0.1049088726666267,1.0377828137288393e-07,4.1935584781975493e-07
9,1412,352,19,0.6333333333333333,work,4,1.1188630228279524e-16,0.0,5.581887931357427e-09,1.931411236050088e-07,0.04380119740841643,0.09327965149858322,0.04380119257322989,0.09327960778184632,1.4866973006166455e-07,8.344650268554748e-07
9,1413,353,20,0.6416666666666666,work,1,1.2719202621569003e-16,0.0,0.009787510357459063,0.021312237229356133,0.041228755979435115,0.08143737795152275,0.050582503696944565,0.08478908326136374,4.672787470573409e-07,1.1434153373987162e-06
9,1414,353,20,0.65,work,2,1.2719202621569003e-16,0.0,0.006529611758202901,0.014239544993179863,0.03863501363386657,0.07017679894655603,0.04488587535646321,0.07301815995776056,2.2066152581559068e-07,1.024177090969072e-06
9,1415,353,20,0.6583333333333333,work,3,1.2719202621569003e-16,0.0,0.003267199241611127,0.00713601356053078,0.03607939153296408,0.059876789338637264,0.0392102764906819,0.061643782303608605,3.007286928804584e-07,9.108011001310502e-07
9,1416,353,20,0.6666666666666666,work,4,1.2719202621569003e-16,0.0,2.3272912110555833e-08,1.032382731180714e-07,0.0336237175411457,0.05099567208531186,0.03362373276664685,0.05099576571653771,2.6410947017185466e-07,5.543552409928541e-07
9,1417,354,21,0.675,work,1,1.2177709378935645e-16,0.0,0.00938167115250766,0.020548320389765062,0.031206940799743926,0.04360039339498147,0.04037637875650913,0.055431358823226584,3.5034018443188074e-07,1.0224411963467974e-06
9,1418,354,21,0.6833333333333333,work,2,1.2177709378935645e-16,0.0,0.006264585945182011,0.01373643086294719,0.028992676685731997,0.03843587706439109,0.035115346979200254,0.04726092576881539,1.0354175383338642e-07,1.7377590819732256e-07
9,1419,354,21,0.6916666666666667,work,3,1.2177709378935645e-16,0.0,0.0031374349017096,0.0068874637117058626,0.02700050429394077,0.03592295064612223,0.030064023887948443,0.04066311568464741,4.5734510133607135e-07,1.0770148634667914e-06
9,1420,354,21,0.7,work,4,1.2177709378935645e-16,0.0,4.741651172642327e-08,1.8611544365878108e-07,0.02525300256259125,0.0360355098964995,0.025253043045572167,0.036035520643430206,2.877262996747238e-07,7.366661485617366e-07
9,1421,355,22,0.7083333333333334,work,1,1.249000902703301e-16,0.0,0.009886069276712404,0.017428762196064772,0.023899552873779758,0.037622944194250434,0.03362946968797172,0.05196614861233667,2.1559578887021012e-07,5.331201499700061e-07
9,1422,355,22,0.7166666666666667,work,2,1.249000902703301e-16,0.0,0.006601988357200117,0.011693944456198218,0.022784918375260386,0.040563042026528565,0.0292655860948385,0.049513184754019675,3.061781885133122e-07,7.396741894478159e-07
9,1423,355,22,0.725,work,3,1.249000902703301e-16,0.0,0.0033067145112053173,0.005884722064853709,0.021897539383472418,0.044255520684283386,0.025131987439500632,0.04834179433097258,1.0399648414948334e-07,7.907449699295572e-07
9,1424,355,22,0.7333333333333333,work,4,1.249000902703301e-16,0.0,2.7271109404811516e-08,7.300048299977713e-08,0.021223148039353,0.04828645469997934,0.021223172596726105,0.04828645405448227,1.1498473388602961e-07,5.314515382089335e-07
9,1425,356,23,0.7416666666666667,work,1,1.1443916996305594e-16,0.0,0.00955116628363972,0.01610636730629144,0.020611372696711833,0.05193696083807286,0.030002786259523174,0.06262798865652425,1.7566566057827807e-07,3.053829302179697e-07
9,1426,356,23,0.75,work,2,1.1443916996305594e-16,0.0,0.006381567998409182,0.010818704661173408,0.020178500074816023,0.05563701370910978,0.026426127008721694,0.062173208805869844,3.3957958693840865e-07,6.208618478774948e-07
9,1427,356,23,0.7583333333333333,work,3,1.1443916996305594e-16,0.0,0.003197919021509475,0.005450495286367494,0.01990315061823005,0.05929084976166435,0.02301643591139653,0.06227062072179351,1.8484792875689453e-07,2.6987150723151637e-07
9,1428,356,23,0.7666666666666666,work,4,1.1443916996305594e-16,0.0,2.9332045569521404e-08,7.300048299977713e-08,0.01976231820649454,0.06285756336309632,0.019762344895784607,0.06285751630577481,1.0276383121119656e-07,2.598106231415675e-07
9,1429,357,24,0.775,work,1,1.2412670766236366e-16,0.0,0.009441362531600038,0.01901290379484372,0.01960970843836446,0.06593504782608635,0.02876024396519449,0.07542650979844907,1.032959193255493e-07,6.114925303662798e-07
9,1430,357,24,0.7833333333333333,work,2,1.2412670766236366e-16,0.0,0.006313449821243706,0.01274596539444326,0.019560169473701365,0.068970926484036,0.025649380273663168,0.07482660738963884,1.323201136701904e-07,4.7215758316978504e-07
9,1431,357,24,0.7916666666666666,work,3,1.2412670766236366e-16,0.0,0.0031664625941847627,0.006409063977145283,0.019589713460363492,0.07196145901172708,0.022624606978817297,0.07464848087778804,3.15692447529949e-07,9.093371809954935e-07
9,1432,357,24,0.8,work,4,1.2412670766236366e-16,0.0,1.762980226592737e-08,5.960464477539063e-08,0.01967956522726231,0.07491150394027375,0.019679548637378325,0.07491151746903298,1.8772303028570048e-07,4.878850443287176e-07
9,1433,358,25,0.8083333333333333,work,1,2.380556418436547e-16,0.0,0.009550198299692813,0.022769768315570132,0.01969539062104613,0.07714052715242556,0.02880659244039531,0.08598539251518857,2.2746639112468325e-07,4.1935584781975493e-07
9,1434,358,25,0.8166666666666667,work,2,2.380556418436547e-16,0.0,0.006392885490545188,0.015235214116654518,0.019762341963886917,0.07950786233597257,0.025841289817476625,0.08494183393262808,8.43161020116044e-08,5.347835554160599e-07
9,1435,358,25,0.825,work,3,2.380556418436547e-16,0.0,0.0032097654737521892,0.007646566384458302,0.019857284463606822,0.08198773301854576,0.0228940132287087,0.0844526394239316,2.2783420351883555e-07,3.576278686523442e-07
9,1436,358,25,0.8333333333333334,work,4,2.380556418436547e-16,0.0,5.064213913671431e-08,1.3978528260658475e-07,0.01996924568381074,0.08456561447934129,0.019969198718166572,0.0845655675306217,1.3871386889324622e-07,2.1490760299348777e-07
9,1437,359,26,0.8416666666666667,work,1,7.376145397762941e-17,0.0,0.009900700042686178,0.02575965261841233,0.020021701197545694,0.08653902071981619,0.029434739555697677,0.09531846536069381,9.751853735815743e-08,3.964941112890867e-07
9,1438,359,26,0.85,work,2,7.376145397762941e-17,0.0,0.006633269915984797,0.017231344500586943,0.020095285650661147,0.08872440311692933,0.026384206298663584,0.09405115512042332,1.2105813175467655e-07,5.331201499700061e-07
9,1439,359,26,0.8583333333333333,work,3,7.376145397762941e-17,0.0,0.00333343023961177,0.008646601891674538,0.020185007025888154,0.09107353442654569,0.023330647379900038,0.09344923056757069,9.242765503296695e-08,3.4369714840265545e-07
9,1440,359,26,0.8666666666666667,work,4,7.376145397762941e-17,0.0,4.154583029340847e-08,1.299053115707837e-07,0.02028786857973175,0.093552360574611,0.02028790675445643,0.09355241085993324,1.354617851761224e-07,7.378708364450943e-07
9,1441,360,27,0.875,work,1,5.721958498152797e-17,0.0,0.009687936005841148,0.025049711921523686,0.02014750773188943,0.09594757442676026,0.02936869475708688,0.10479372885312023,1.9789280819746726e-07,3.9537248496477665e-07
9,1442,360,27,0.8833333333333333,work,2,5.721958498152797e-17,0.0,0.006497483641828239,0.016769381493480322,0.020040945814683183,0.0985498672299595,0.026205796644788424,0.10383534307681692,5.636425168982686e-08,4.339283638763745e-07
9,1443,360,27,0.8916666666666666,work,3,5.721958498152797e-17,0.0,0.0032687897044160717,0.008422264377047664,0.019970222769784062,0.1012913466864521,0.023055792670237545,0.1036138581340541,2.404884636819063e-07,3.5513565802016856e-07
9,1444,360,27,0.9,work,4,5.721958498152797e-17,0.0,4.7054326909207154e-08,1.032382731180714e-07,0.019942737041122295,0.10413132841285586,0.019942781269684986,0.10413133400779938,2.6250411368717556e-07,4.693274422891038e-07
9,1445,361,28,0.9083333333333333,work,1,7.88106850030428e-17,0.0,0.009281914019280546,0.02319248161669949,0.0196491075253743,0.10712280827505988,0.028542782031410512,0.11513754262171602,2.99793385270019e-07,5.801892976144508e-07
9,1446,361,28,0.9166666666666666,work,2,7.88106850030428e-17,0.0,0.006239277822367661,0.015550761917362297,0.01943585873373768,0.1104675012651753,0.02538870280774901,0.11516088801378824,7.561512753609074e-08,6.129432857395177e-07
9,1447,361,28,0.9249999999999999,work,3,7.88106850030428e-17,0.0,0.0031464376802985195,0.007825655028566747,0.019312256036927884,0.11404320767925478,0.02229553879761623,0.11605210824131212,2.7985449885053825e-07,6.925433897150939e-07
9,1448,361,28,0.9333333333333333,work,4,7.88106850030428e-17,0.0,4.942652058749366e-09,0.0,0.019289834533739357,0.11777445474133394,0.019289839099235324,0.11777444477426098,9.561835539293932e-08,4.172325134277351e-07
9,1449,362,29,0.9416666666666667,work,1,2.482534153247273e-16,0.0,0.008806138841337656,0.020882709520564733,0.018979327401829844,0.12173524117687914,0.027428272047864088,0.12781521530357423,1.6524100787567525e-07,2.0647654623614286e-07
9,1450,362,29,0.95,work,2,2.482534153247273e-16,0.0,0.005934828298900256,0.014006509968960665,0.01880004109609087,0.12619518609297972,0.02446480751613007,0.1295839658823724,1.0713852968467521e-07,5.470979139413201e-07
9,1451,362,29,0.9583333333333334,work,3,2.482534153247273e-16,0.0,0.0030010084837581554,0.007055671912354261,0.018760262214685457,0.13100346252705367,0.021604193381587266,0.13236076262619112,8.640359089960158e-08,5.794233708150282e-07
9,1452,362,29,0.9666666666666667,work,4,2.482534153247273e-16,0.0,9.802684143051828e-09,4.2146848510894035e-08,0.01886441011309176,0.13609086820531247,0.01886440057205278,0.1360908993561328,8.952774957711243e-08,9.45255251357189e-07
9,1453,363,30,0.975,work,1,1.5838319836915702e-16,2.9802322387695312e-08,0.008184915479965079,0.018614607277918745,0.018605687824376358,0.141666908739005,0.026394440299818533,0.14552965154522896,1.840060513852273e-07,1.0031481194321521e-06
9,1454,363,30,0.9833333333333333,work,2,1.5838319836915702e-16,2.9802322387695312e-08,0.0055288213306056,0.012466638008761476,0.01851573502323779,0.14789106634311205,0.02374763949299781,0.14984860623857038,1.2165035220573455e-07,4.4404460268471747e-07
9,1455,363,30,0.9916666666666667,work,3,1.5838319836915702e-16,2.9802322387695312e-08,0.0028025675109631092,0.006275967378309226,0.018600557892873452,0.15460285422321648,0.021232814958474306,0.15527900446311108,1.3375434414437213e-07,1.460009659995543e-07
9,1456,363,30,1.0,work,4,1.5838319836915702e-16,2.9802322387695312e-08,2.106268265251232e-08,4.2146848510894035e-08,0.0188590046576059,0.16169440297144436,0.018859025514488852,0.16169440588524103,2.112014174984657e-07,3.0098870212918777e-07
9,1457,364,31,1.0083333333333333,work,1,1.2417518519112547e-16,0.0,0.007496973894904039,0.016503351926088934,0.018755999966775926,0.16936177784134127,0.025849605579016673,0.171034346377336,1.9575906490327455e-07,4.92415179069589e-07
9,1458,364,31,1.0166666666666666,work,2,1.2417518519112547e-16,0.0,0.005069227783162494,0.011053512164378804,0.01883600368954241,0.17775588552539276,0.023606597517718028,0.1783923829809335,2.42696172938057e-07,4.6169559314339464e-07
9,1459,364,31,1.025,work,3,1.2417518519112547e-16,0.0,0.0025721371477921253,0.005566546179742654,0.01909755723730968,0.18668862870237585,0.021501917308073704,0.1867818883725386,3.00565402565175e-07,7.226679118265037e-07
9,1460,364,31,1.0333333333333332,work,4,1.2417518519112547e-16,0.0,2.0721385097229282e-08,4.2146848510894035e-08,0.019529757954060985,0.1960552147944342,0.019529778027938583,0.19605517860930427,1.2392907266228584e-07,5.479090306416241e-07
9,1461,365,32,1.0416666666666667,work,1,4.624787101979452e-16,4.2146848510894035e-08,0.006963500413940853,0.014321541489897562,0.01967861338303184,0.20571808957779364,0.02626365189039572,0.20522871191447967,1.6725423574173325e-07,4.509909734255549e-07
9,1462,365,32,1.05,work,2,4.624787101979452e-16,4.2146848510894035e-08,0.004695380385619815,0.009604144589951133,0.019964520454618405,0.2160564888180941,0.024388910055787392,0.21544955995224216,1.0688578117547845e-07,3.4240261593687747e-07
9,1463,365,32,1.0583333333333333,work,3,4.624787101979452e-16,4.2146848510894035e-08,0.0023758732063089358,0.004841248448407824,0.020375465614554805,0.2268839923344186,0.022605421405725194,0.22645203305642195,7.697839286081733e-08,2.63206984589334e-07
9,1464,365,32,1.0666666666666667,work,4,4.624787101979452e-16,4.2146848510894035e-08,9.85774339718085e-09,7.300048299977713e-08,0.02089753830418178,0.23809002789301806,0.020897528849543656,0.23808996160161916,1.5774766048503846e-07,6.809031759974908e-07
9,1465,366,33,1.075,work,1,2.227212004505268e-16,0.0,0.006492222094450755,0.012790973420909162,0.021169994635696698,0.24917856641510816,0.02734793885359975,0.24721452719920778,2.0220025848076304e-07,6.208618478774948e-07
9,1466,366,33,1.0833333333333333,work,2,2.227212004505268e-16,0.0,0.004354202529982388,0.008618693561571812,0.02149090957909564,0.2606449527342637,0.025632414952687813,0.2592242065550777,1.5707802753483774e-07,5.930587274471662e-07
9,1467,366,33,1.0916666666666666,work,3,2.227212004505268e-16,0.0,0.002191619500274539,0.004363090536009741,0.021854690036340736,0.2723418400057943,0.023938797406481322,0.2715822355358668,1.7086133813465862e-07,2.980232238769534e-07
9,1468,366,33,1.1,work,4,2.227212004505268e-16,0.0,3.971841011719401e-09,4.2146848510894035e-08,0.02225355060685863,0.28419376579363015,0.022253549655876514,0.28419371383707653,1.833605308499771e-07,4.805480091749769e-07
9,1469,367,34,1.1083333333333334,work,1,1.1123893155135927e-16,0.0,0.005832415098741894,0.01077638144866229,0.022347720416503233,0.2952227694752033,0.02793738965215855,0.29237583824933433,1.5249145722105567e-07,4.951133646320162e-07
9,1470,367,34,1.1166666666666667,work,2,1.1123893155135927e-16,0.0,0.003889897396705026,0.007298377198544766,0.02242685275973633,0.30591848003073396,0.02616303020347632,0.3040128035030676,1.640102781856222e-07,4.3597039098524516e-07
9,1471,367,34,1.125,work,3,1.1123893155135927e-16,0.0,0.0019469227448338014,0.0037121324802661783,0.022498906902806766,0.31627714436595195,0.024373328162077046,0.3153236592933478,1.449195219178149e-07,4.6169559314339464e-07
9,1472,367,34,1.1333333333333333,work,4,1.1123893155135927e-16,0.0,3.689861944643174e-09,0.0,0.022569113468028267,0.32629581476076547,0.02256911398682275,0.32629580073857023,5.282142418042489e-08,3.2098083538618743e-07
9,1473,368,35,1.1416666666666666,work,1,1.5716250041522723e-16,0.0,0.004937860132546564,0.00689735729862608,0.02228805162141799,0.33513719479532406,0.027051196796707314,0.33283455151735025,1.9429902857987998e-07,3.371747880871527e-07
9,1474,368,35,1.15,work,2,1.5716250041522723e-16,0.0,0.0032816888574059787,0.004643370909696785,0.0219770656627303,0.34277749760443255,0.025151291151830277,0.3412776866957669,8.640219519029278e-08,2.7314279645418187e-07
9,1475,368,35,1.1583333333333332,work,3,1.5716250041522723e-16,0.0,0.0016361644680043604,0.0023480390002733366,0.021657638332753745,0.34937452173884065,0.023244563824303538,0.3486427472738335,2.764379224570127e-07,2.980232238769534e-07
9,1476,368,35,1.1666666666666667,work,4,1.5716250041522723e-16,0.0,8.813852614018762e-09,5.960464477539063e-08,0.021344622367364424,0.3550459028336199,0.021344631075404543,0.35504585469259753,2.3495261059755103e-07,8.199701602576792e-07
9,1477,369,36,1.175,work,1,2.7462683427642363e-15,0.0,0.004085680250610904,0.0036689391736113965,0.020738008983580764,0.35925500806748095,0.0246665989938162,0.3576018739153983,2.52060726817472e-07,5.322864979354085e-07
9,1478,369,36,1.1833333333333333,work,2,2.7462683427642363e-15,0.0,0.0027171724225765383,0.0024076163908412795,0.020161412855200022,0.36197220093945304,0.02278149363544107,0.36090223161335405,1.3390998942163582e-07,5.967910407334823e-07
9,1479,369,36,1.1916666666666667,work,3,2.7462683427642363e-15,0.0,0.0013553292933743233,0.0011856891282617807,0.01963836994615402,0.3633994998599638,0.02094877173525365,0.3628794429074291,2.38602135330281e-07,6.795975119466444e-07
9,1480,369,36,1.2,work,4,2.7462683427642363e-15,0.0,2.2056358153854645e-08,4.2146848510894035e-08,0.01918349951099363,0.3637281935824081,0.019183477591437792,0.36372819197398737,8.030964791468598e-08,2.980232238769534e-07
9,1481,370,37,1.2083333333333333,work,1,5.059329270478608e-16,0.0,0.0036909397067206554,0.004414507611941933,0.018654701747155614,0.36246952032011415,0.022216851330599963,0.36045507099117213,1.946855410578418e-07,3.513641989991549e-07
9,1482,370,37,1.2166666666666666,work,2,5.059329270478608e-16,0.0,0.0024582632455418313,0.002915930685240966,0.018216255056360785,0.35994805912544064,0.020595572815667495,0.3586290632809626,1.0280354510764246e-07,7.001960351747746e-07
9,1483,370,37,1.225,work,3,5.059329270478608e-16,0.0,0.001227996746095729,0.0014444256859335168,0.01787475749205435,0.3563748605106048,0.019066176852891026,0.35572591951103744,1.206946965416125e-07,4.5588787021572557e-07
9,1484,370,37,1.2333333333333334,work,4,5.059329270478608e-16,0.0,1.6780324838727954e-08,4.2146848510894035e-08,0.017627119083138073,0.3519255882320397,0.017627102374344384,0.35192561460045424,1.7596036140778861e-07,2.493441183966625e-07
