# Converted from right_middle_distal_link.STL for Drake collision support
v -0.00713264151 0.00372234313 0.000721330929
v -0.00725045428 0.00338292518 0.000737802067
v -0.00709134806 0.00338406232 0.0016574061
v -0.00718327705 0.00368746347 -0.00019221603
v -0.00728303241 0.00338248233 -0.000194890643
v -0.00702328794 0.00386374211 0.000708637235
v -0.00708063878 0.00383370509 -0.000189475672
v -0.00687328167 0.00397410477 0.000693241949
v -0.00693115313 0.00395595701 -0.000185473196
v -0.00650948798 0.00408611121 0.000658639765
v -0.00655670976 0.00408538477 -0.000175447713
v -0.00617676508 0.00410009315 0.000626754656
v -0.00621500285 0.00410000002 -0.00016630879
v -0.0064909202 0.00406354852 0.0015124327
v -0.00603543734 0.00410000095 0.00140834705
v -0.00669812039 0.00399184506 0.00155982596
v -0.00697039859 0.00373642007 0.00162539666
v -0.00684509519 0.00389342825 0.00159439095
v -0.00679190829 0.0039358926 0.00158172683
v -0.00728268083 0.00338250189 -0.000204713593
v -0.00728285406 0.00338251097 -0.000199800983
v -0.00725722313 0.00348482863 -0.000203960939
v -0.0072560939 0.00348911108 -0.000203449556
v -0.00714535825 0.00375113846 -0.00020074645
v -0.00714777131 0.00374753028 -0.000200247043
v -0.00697115809 0.00392910792 -0.000194979992
v -0.00621479191 0.00410000002 -0.000170453917
v -0.00621468946 0.00410000002 -0.000174607747
v -0.00666954461 0.00406381814 -0.000187010301
v -0.00667360518 0.00406280579 -0.000187476457
v -0.00697446475 0.00392671349 -0.000195923334
v -0.00143350707 0.00403391477 -0.00628135633
v -0.00146604469 0.00396895036 -0.00642653415
v -0.00253058597 0.00397352222 -0.00611281348
v -0.00668771844 0.00370276324 -0.00244417298
v -0.00690356363 0.00338601531 -0.00219576317
v -0.0070357779 0.00368601503 -0.00134561723
v -0.00714744627 0.00338365952 -0.00132175034
v -0.00727052288 0.00338257616 -0.000432994973
v -0.00615714537 0.00371043826 -0.00347274239
v -0.00654079719 0.00338949566 -0.00304032397
v -0.0067900084 0.00338711822 -0.00249528745
v -0.00548557704 0.00339825894 -0.00457450328
v -0.00606468925 0.00339373434 -0.0038391694
v -0.00625729142 0.00339207472 -0.00354394666
v -0.00546367327 0.00371669093 -0.0044020582
v -0.00463034352 0.00372068072 -0.00520967133
v -0.00481886184 0.00340256095 -0.0052290163
v -0.00408131722 0.0034063044 -0.00578958588
v -0.00368032907 0.00372186187 -0.00587514648
v -0.00375442696 0.00340775517 -0.00599459466
v -0.00263740402 0.00372091145 -0.00637762994
v -0.00151359057 0.00380395423 -0.00663458509
v -0.00156423869 0.00341565534 -0.00683885301
v -0.00244349125 0.00341274869 -0.0065997364
v -0.0026944296 0.00341190165 -0.00650829403
v -0.00328599266 0.00340969767 -0.00624838425
v -0.00334028108 0.00408830075 -0.00531139178
v -0.00230982271 0.00410000002 -0.00542548066
v -0.00239173719 0.00408754125 -0.00576308183
v -0.00130622147 0.00409999955 -0.00571079832
v -0.00138278853 0.00408676546 -0.00605390314
v -0.00548860524 0.00410000049 -0.0026923751
v -0.00531184534 0.00410000049 -0.00298446813
v -0.00560090505 0.00408896338 -0.00314948778
v -0.00470698951 0.00410000002 -0.00377406995
v -0.0049647917 0.00408916967 -0.00398619426
v -0.00398445548 0.00409999955 -0.00445771078
v -0.00420424249 0.00408892427 -0.00471220026
v -0.00360219646 0.00410000002 -0.00474431971
v -0.00316460314 0.00410000002 -0.00502092903
v -0.00577871036 0.00410000002 -0.00210633734
v -0.00609163009 0.0040882607 -0.00222087372
v -0.00599927967 0.00410000002 -0.00149098726
v -0.00641366327 0.00408516731 -0.00122050289
v -0.00608530035 0.00410000002 -0.0011606745
v -0.00643527554 0.00396610191 -0.00234580436
v -0.00692817988 0.00383149972 -0.00132176431
v -0.00677707186 0.00395303266 -0.00129045197
v -0.00591850281 0.00397096947 -0.00333025027
v -0.00524782669 0.00397460349 -0.00421902677
v -0.0044450867 0.00397641119 -0.00499153044
v -0.00353222038 0.00397593575 -0.00562957395
v -0.0074587171 0.00172112824 0.000982180005
v -0.00732633658 0.00170089328 0.00171232584
v -0.00723937992 0.00256719207 0.00169200811
v -0.00320809172 0.00199999963 -0.00668529142
v -0.00359114259 0.00259785145 -0.00635518366
v -0.00294116535 0.00259943889 -0.00666985614
v -0.00511224242 0.000984146725 -0.00554941082
v -0.00542765437 0.00174027891 -0.00513924146
v -0.00503698038 0.00200000009 -0.00546771334
v -0.00478870329 0.00259730383 -0.00553842774
v -0.00459770439 0.00200000009 -0.00583491009
v -0.00420894334 0.00259707938 -0.00597687066
v -0.0042797015 0.00200000056 -0.00606772956
v -0.00162762776 0.00271704677 -0.0070550777
v -0.0016738656 0.00199999986 -0.00721073663
v -0.00226501282 0.0026015169 -0.00691811135
v -0.0029980964 0.00199999986 -0.00678011449
v -0.00532456767 0.00259843073 -0.00504408032
v -0.00624177326 0.00260186521 -0.00390774943
v -0.00581076415 0.00260011852 -0.00449870899
v -0.00661249645 0.00260310364 -0.0032770976
v -0.00691840705 0.00260328734 -0.00261306344
v -0.00741304178 0.00259347144 -0.000487560261
v -0.00732127205 0.00259873131 -0.00121140445
v -0.0071556787 0.00260194507 -0.00192222605
v -0.00742983166 0.00258620642 0.000242288646
v -0.00737157138 0.00257724291 0.000971115835
v -0.00591473328 0.00174070231 -0.00458081299
v -0.00634491211 0.00174117519 -0.00397698581
v -0.00671360223 0.00174133154 -0.00333372341
v -0.00701679196 0.00174081908 -0.00265736063
v -0.00725111738 0.00173933397 -0.00195452315
v -0.00741392421 0.00173665653 -0.00123207574
v -0.00750333443 0.00173267897 -0.000497054716
v -0.00751831103 0.00172743446 0.000243420945
v -0.00738184527 -2.69765571e-10 0.00172530196
v -0.00751595804 -1.20641053e-10 0.000989031745
v -0.00757992361 -8.81176035e-11 9.69663379e-05
v -0.00513522467 4.64318306e-10 -0.00557436235
v -0.00550343469 4.2836127e-11 -0.00521069113
v -0.00621268246 4.65161437e-10 -0.00433993246
v -0.00641876366 3.59243579e-10 -0.00402881438
v -0.00700225169 -2.6397351e-10 -0.00289915409
v -0.0070851068 1.96858953e-11 -0.0026906603
v -0.00742227677 4.78924012e-10 -0.00153627968
v -0.0074763447 -1.16468779e-10 -0.00124807551
v -0.000327572983 0.00431540003 0.00679354137
v -0.000321738364 0.00422208291 0.0066724699
v -0.000966174644 0.00419442728 0.00654459698
v -0.000291434815 0.00410969509 0.00604425045
v -0.00028538378 0.00410506269 0.00591848046
v -0.00149949745 0.00410394464 0.00576219521
v -0.00033477036 0.00454308139 0.00694255857
v -0.000330736832 0.00439528236 0.00685902359
v -0.000988212763 0.00436484953 0.00674031023
v -0.00101888017 0.00486400025 0.00693842582
v -0.00168822659 0.00484651653 0.00674732449
v -0.00191702275 0.00538830599 0.00681578275
v -0.003704292 0.00512987236 0.00590989226
v -0.00319222407 0.00524761621 0.00623276317
v -0.0035564159 0.00466375891 0.00576456217
v -0.00426811259 0.00495726336 0.0054867384
v -0.00411883416 0.00456269458 0.00533483783
v -0.00438270904 0.00491769426 0.00539153442
v -0.00508349063 0.00425635092 0.00432286365
v -0.00530386809 0.00456690416 0.00451025739
v -0.00242925901 0.00535431551 0.00661683548
v -0.00233819406 0.00480974186 0.00648284703
v -0.00296233408 0.00474895164 0.00615133438
v -0.000340163999 0.00485238107 0.00705443276
v -0.000336611032 0.00463249907 0.00698070554
v -0.00163675146 0.00433979696 0.00655518752
v -0.0022682061 0.00431588339 0.00630147941
v -0.00287710666 0.00428917306 0.00598411588
v -0.000309895753 0.00414240174 0.00642684102
v -0.000942964398 0.00413354067 0.00631492026
v -0.000315393147 0.00416804571 0.00654091779
v -0.000315997662 0.00417181244 0.00655344594
v -0.00494972384 0.00412575202 0.00420910353
v -0.00495519629 0.00412870245 0.00421375455
v -0.00441598613 0.00410199026 0.00461024977
v -0.00396052096 0.00413548946 0.00511071412
v -0.00390530936 0.00410389481 0.00502024032
v -0.00335961604 0.00410876423 0.00538164843
v -0.00283172471 0.00415394921 0.00584065914
v -0.00278481608 0.00411475729 0.00569223613
v -0.00222781789 0.00416396558 0.00613083318
v -0.00218660734 0.00412063487 0.0059505743
v -0.00160403061 0.00417625718 0.00636555022
v -0.00157069648 0.0041265497 0.00615712861
v -0.00472857989 0.00409554131 0.00402105832
v -0.0043476657 0.00409500347 0.00439576386
v -0.0037804686 0.00409572851 0.00483496627
v -0.00327983568 0.00409738254 0.0051354547
v -0.00268154172 0.0040998566 0.00541266985
v -0.00199729018 0.00410250155 0.00564270234
v -0.000346292625 0.00536457496 0.00718165748
v -0.00103091472 0.00539571093 0.00706219114
v -0.00105657266 0.00539626461 0.00705662742
v -0.000330324285 0.00438334513 0.00685050199
v -0.000328244787 0.0043302211 0.00680744601
v -0.00162112131 0.0042422018 0.00646923203
v -0.00224871514 0.00422436837 0.00622351887
v -0.00285502663 0.00420759385 0.00591791142
v -0.00401229924 0.00422692578 0.00519791245
v -0.00502180029 0.00418099016 0.0042703962
v -0.00573044503 0.00438778056 0.00401362451
v -0.0059211608 0.00430046581 0.00375465793
v -0.00596760586 0.00430713966 0.00378484372
v -0.0062529007 0.00413485477 0.00319145084
v -0.00638699019 0.00406527612 0.00289144088
v -0.00643489603 0.0040397346 0.00290330872
v -0.00572225917 0.0043173139 0.00486605428
v -0.00556996325 0.00458261138 0.00473654596
v -0.00572949881 0.00431205006 0.00485494779
v -0.00600637868 0.00423396425 0.00422443449
v -0.00640545879 0.0037953048 0.00363764749
v -0.00633494835 0.00399173703 0.00361249107
v -0.00667308876 0.0035870804 0.00300465943
v -0.00655306783 0.00391565124 0.00295252795
v -0.00689810561 0.00344171305 0.00235612085
v -0.00675437553 0.00382336276 0.00230705948
v -0.00647802697 0.00400733575 0.00292150001
v -0.00655786553 0.00398696586 0.0024069536
v -0.00660379371 0.00397194549 0.00225563906
v -0.00664004637 0.00394626381 0.00226802239
v -0.00535825361 0.00461278483 0.00455651572
v -0.00551498495 0.00448044017 0.0042749932
v -0.00556655973 0.00451318547 0.00431610178
v -0.00562113337 0.00452886662 0.00435960153
v -0.0054113972 0.00463793147 0.00460170396
v -0.0054401285 0.00464284001 0.00462613022
v -0.00547673926 0.00463984441 0.00465726852
v -0.00587347196 0.00439949892 0.00412753224
v -0.00552375242 0.00462016976 0.00469724555
v -0.00592025882 0.00436449051 0.0041617509
v -0.00553548057 0.00461238995 0.00470721722
v -0.00609823084 0.00421412895 0.00347788236
v -0.00614301115 0.00420918735 0.00350335008
v -0.00601419341 0.00430122064 0.0038152046
v -0.00618693139 0.00419356208 0.00352832815
v -0.00622773822 0.00416542543 0.00355154392
v -0.00572562171 0.00438991887 0.00401978288
v -0.00577443233 0.00440927176 0.00405531749
v -0.00582471024 0.00441385387 0.00409199437
v -0.00626566866 0.00412318483 0.00357309473
v -0.00342130591 0.00563734723 0.00674462738
v -0.00348240905 0.00561121944 0.00685032131
v -0.00276241545 0.00581324939 0.00720490934
v -0.00521580037 0.00476368656 0.00537399622
v -0.0047103893 0.00506623089 0.00592932804
v -0.00457190536 0.00516550196 0.00577474805
v -0.00434409035 0.00505604781 0.00553592853
v -0.00501840189 0.00490028458 0.00518398127
v -0.00377403991 0.0054492401 0.00689400313
v -0.00361732696 0.00551071437 0.00699667027
v -0.00226032245 0.00589503674 0.00767094688
v -0.00167741871 0.00599572342 0.00787128787
v -0.00117484154 0.00605746871 0.00769609585
v -0.00121375639 0.00605474412 0.00800210983
v -0.00037757156 0.00610767072 0.00783104822
v -0.000709614425 0.00610063225 0.00812006928
v -0.00039455574 0.0061205728 0.00818255823
v -0.0019878496 0.00596035132 0.00748610031
v -0.00283122691 0.00576237077 0.00742811942
v -0.00310532632 0.00568459835 0.00729198335
v -0.00468083704 0.00500686793 0.00615409343
v -0.00421231706 0.00525457878 0.00657056365
v -0.00507882331 0.00476357481 0.00572887762
v -0.00529756816 0.00461795088 0.0054618651
v -0.00508882198 0.00488298759 0.00525114639
v -0.00488055917 0.00483144447 0.0050539244
v -0.00181180565 0.00571124768 0.00698876195
v -0.00106943015 0.00572522823 0.00716733281
v -0.000348680391 0.00557726249 0.00723421015
v -0.00109529204 0.00585667975 0.00727022439
v -0.000354347139 0.00581860123 0.00735044666
v -0.000350285642 0.00566993235 0.00726677617
v -0.00112256769 0.00595288724 0.00739981467
v -0.000363675936 0.00599273713 0.0075433664
v -0.00036058863 0.00594857335 0.00747950934
v -0.0019029784 0.00589703815 0.00721955765
v -0.00265101902 0.00579593005 0.00696583139
v -0.00335233659 0.00563993165 0.00663798861
v -0.0041339444 0.00535696233 0.00642378069
v -0.00406881981 0.00540331751 0.00633344892
v -0.00399459479 0.00542581175 0.006239329
v -0.00327925105 0.0056090802 0.00652882038
v -0.00258921855 0.00574444514 0.00684794923
v -0.00185684033 0.00582367275 0.00709498674
v -0.00494802324 0.00488267047 0.00511698471
v -0.00441677449 0.00513271568 0.00560886273
v -0.00449410081 0.00516935717 0.00569099747
v -0.00391590782 0.0054135914 0.00614146003
v -0.0038378574 0.00535771949 0.00604751613
v -0.00320692011 0.00553412689 0.00642693555
v -0.00376554183 0.00525769452 0.00596945779
v -0.00252831983 0.00565068889 0.00674205925
v 0.00479750987 0.00403612945 0.0270418823
v 0.0092326887 0.00403612899 0.0254317131
v 0.00369577133 0.00395259028 0.0255556703
v 0.00703504076 0.00377156306 0.0193782132
v 0.00246817921 0.00385957654 0.0236700065
v 0.00483596092 0.00364849716 0.0133207841
v -0.000591544493 0.00364849693 0.0152911469
v 5.31622572e-05 0.00367593928 0.0177522805
v 0.000654116506 0.00371884042 0.0197198652
v 0.000687085791 0.00372134731 0.0198138095
v 0.00160110695 0.00379238697 0.0220285729
v 0.00170976133 0.00380086992 0.0222536866
v 0.0112292822 0.00319867861 0.0383577012
v 0.012273645 0.00310527976 0.0372537486
v 0.011925498 0.00342692644 0.0367226936
v 0.0129554998 0.00174507475 0.0383821018
v 0.0118236002 0.00158182299 0.0393954776
v 0.0130698066 0.00117801665 0.0385891311
v 0.0118939811 0.00109355105 0.0395298563
v 0.0130739287 0.00115047139 0.0385966972
v 0.0119385198 0.000550685218 0.0396167375
v 0.0131421676 0.000461671298 0.0387228355
v 0.0119529003 -4.62249072e-10 0.0396455117
v 0.0131536108 8.94499613e-11 0.0387464538
v 0.0128242737 0.00216586934 0.0381524861
v 0.0115906112 0.00247291382 0.0389706679
v 0.0117225889 0.00204652804 0.0392078348
v 0.0127811218 0.00227637077 0.0380786248
v 0.0125505682 0.00273349346 0.0376943983
v 0.0114265131 0.00285731885 0.0386864655
v 0.0124149146 0.0029329902 0.0374759212
v 0.0108871199 0.00394023582 0.0352310725
v 0.00967279356 0.00433610799 0.0360281058
v 0.011493152 0.00369775598 0.0360892415
v 0.0100912843 0.00416598609 0.0366251618
v 0.0118079986 0.00351171754 0.0365479812
v 0.0104930857 0.00393738458 0.0372139923
v 0.0110056242 0.00348930922 0.037998423
v 0.0108678071 0.00394614739 0.0352041721
v 0.0108133368 0.00396232959 0.0351284556
v 0.00851277262 0.00460145203 0.034423057
v 0.0100290682 0.00412979396 0.03405343
v 0.00965161249 0.00417719688 0.0335435644
v 0.00834995229 0.00462326175 0.0342012346
v 0.00952060428 0.00418975204 0.0333674327
v 0.00749515789 0.00470030447 0.0330424346
v 0.00894414075 0.00422559818 0.0325968228
v 0.00731334742 0.00471045729 0.0327964313
v 0.00789448991 0.00422995025 0.0312033501
v 0.00676134089 0.0047320067 0.0320483334
v 0.00647162367 0.00473895483 0.0316542089
v 0.00743872393 0.00421408517 0.0305986088
v 0.00619888259 0.00474346848 0.0312816128
v 0.00544902217 0.00408431608 0.0279188585
v 0.00435079075 0.00475001941 0.0286938436
v 0.00452876883 0.00474999333 0.0289462507
v 0.00497651054 0.00474990206 0.0295811594
v 0.00521461526 0.00474965526 0.0299170036
v 0.00586361438 0.00474696467 0.0308208615
v 0.00495810015 -3.95716099e-10 0.0304352362
v 0.00561750168 -3.52967294e-10 0.0312641114
v 0.00553709781 0.000814165163 0.0311513413
v 0.00443365471 -8.94722421e-11 0.0297830347
v 0.00494069466 0.00068147725 0.0304059107
v 0.00441254536 0.000631347531 0.0297497455
v 0.0100393733 0.00126187201 0.0370291211
v 0.00903363992 0.00436476432 0.0351993479
v 0.00928137917 0.00395589089 0.0356596671
v 0.00629267655 0.00469196169 0.0314409919
v 0.00543281017 0.00455552805 0.0303508993
v 0.00509416079 0.00360871479 0.0302850585
v 0.00490986602 0.00411968725 0.0298604351
v 0.00469827419 0.00454710796 0.0293370876
v 0.00566498889 0.00404207688 0.0309037082
v 0.0064639193 0.00442507025 0.0318107903
v 0.0066200057 0.00412103068 0.0321369097
v 0.00768723432 0.00444983225 0.0334150456
v 0.00789941289 0.00410019141 0.0338196903
v 0.00949722715 0.00349766435 0.0360557325
v 0.0105302008 0.00367770903 0.0373438001
v 0.0107410317 0.00315111503 0.037745405
v 0.0109141897 0.00257973326 0.0380744524
v 0.00995334703 0.00186880305 0.0368761718
v 0.0100908987 0.000635930221 0.0371215306
v 0.00729440711 0.00106349564 0.0333955958
v 0.00724738836 0.0015785587 0.0333147272
v 0.00437397324 0.00106094801 0.0296881739
v 0.00488936435 0.00134744961 0.0303189568
v 0.00437080022 0.0010887211 0.0296830665
v 0.0048069777 0.00198362418 0.0301742982
v 0.00429454586 0.00161670556 0.029558409
v 0.00469693262 0.00257835141 0.0299705509
v 0.00419193134 0.00212515937 0.0293844827
v 0.00456221821 0.00312302192 0.0297046546
v 0.00399264134 0.00285199028 0.0290245246
v 0.00414403342 0.00232288614 0.0293007363
v 0.00440508081 0.00361194764 0.0293724556
v 0.00422795629 0.00404207548 0.0289715547
v 0.00376617094 0.00347430841 0.0285764299
v 0.00377231836 0.00405198382 0.0283537209
v 0.00360704865 0.00383023452 0.0282360874
v 0.00602113968 0.00267715799 0.0316530056
v 0.00688898424 0.00340253813 0.0326692238
v 0.00586074963 0.00341439107 0.0313324332
v 0.00676156348 0.00377994939 0.0324221216
v 0.00621903595 0.000941621664 0.0320127904
v 0.0062432941 1.10660967e-10 0.0320598148
v 0.00732222293 0.000535241095 0.0334448628
v 0.0073281033 2.59590349e-10 0.033459723
v 0.0101073207 2.82287305e-10 0.0371531099
v 0.00547626475 0.00160230522 0.0310451742
v 0.00537924701 0.0023415105 0.0308685601
v 0.00525085162 0.00301415659 0.03061774
v 0.00614276482 0.00184484886 0.0318776928
v 0.00968147721 0.00299348962 0.0363898017
v 0.00983373541 0.0024485311 0.0366630442
v 0.00808859151 0.00370573113 0.0341716744
v 0.00825485494 0.00326864584 0.0344735533
v 0.00839791354 0.00279190624 0.0347275175
v 0.00851692725 0.00227997079 0.0349348374
v 0.00718222419 0.0020747697 0.0332022049
v 0.00700200023 0.0029906861 0.0328804739
v 0.00494069606 -0.0006814769 0.0304059051
v 0.00488936296 -0.00134744949 0.0303189605
v 0.00547626382 -0.0016023051 0.0310451798
v 0.0068889847 -0.0034025379 0.0326692276
v 0.0070019993 -0.00299068587 0.0328804776
v 0.00602113828 -0.00267715822 0.0316530131
v 0.0058607501 -0.00341439061 0.0313324332
v 0.00525085302 -0.00301415613 0.0306177307
v 0.00509415986 -0.00360871525 0.0302850604
v 0.00422795583 -0.00404207548 0.0289715603
v 0.00469827419 -0.0045471075 0.0293370876
v 0.00490986416 -0.00411968632 0.0298604462
v 0.00585353654 -0.00474705826 0.0308070201
v 0.0054328111 -0.00455552852 0.0303508975
v 0.00521931052 -0.00474966504 0.0299236774
v 0.00629267888 -0.00469196215 0.0314409845
v 0.00646391883 -0.00442506978 0.031810794
v 0.00566498889 -0.00404207641 0.0309037119
v 0.0118418494 -0.00147447514 0.0394301079
v 0.0099533461 -0.00186880247 0.0368761793
v 0.0117518492 -0.00192874228 0.039261695
v 0.0109141916 -0.00257973326 0.0380744487
v 0.0110854087 -0.00339467055 0.0381252095
v 0.0113204941 -0.00305321929 0.0385082625
v 0.0107410308 -0.00315111526 0.0377454013
v 0.0116318706 -0.00235418929 0.0390440114
v 0.0108225113 -0.00367676211 0.0377128832
v 0.0105302008 -0.00367770926 0.0373437963
v 0.0102187544 -0.00410172157 0.0368101224
v 0.00949722715 -0.00349766412 0.0360557325
v 0.00928137917 -0.00395589229 0.0356596634
v 0.00834653061 -0.00462369807 0.0341966376
v 0.00891886279 -0.00453349343 0.0349792354
v 0.00903363992 -0.00436476292 0.0351993479
v 0.00934508815 -0.00443576509 0.0355689079
v 0.00942545757 -0.00441356702 0.0356810018
v 0.00620898185 -0.00474334555 0.0312955156
v 0.00645508152 -0.00473929429 0.0316317156
v 0.00666133873 -0.00473470381 0.0319125205
v 0.00768723572 -0.00444983225 0.0334150381
v 0.00378888007 -0.00407461775 0.0283647031
v 0.00435077073 -0.00474999985 0.0286938455
v 0.00452969503 -0.00475001475 0.028947629
v 0.00497390889 -0.00474992255 0.0295775551
v 0.00440508267 -0.00361194764 0.0293724425
v 0.00399264181 -0.00285198912 0.0290245209
v 0.00376617 -0.00347430957 0.0285764318
v 0.00480697723 -0.00198362442 0.0301743001
v 0.00429454632 -0.00161670521 0.029558409
v 0.00419193134 -0.00212515937 0.0293844789
v 0.00437079836 -0.00108872075 0.029683074
v 0.00441254536 -0.000631340547 0.0297497474
v 0.00414403295 -0.00232288893 0.0293007363
v 0.00456221774 -0.00312302192 0.0297046565
v 0.00469693216 -0.00257835095 0.0299705509
v 0.00662000664 -0.00412102975 0.0321369059
v 0.00676156487 -0.00377994915 0.0324221104
v 0.00537924608 -0.00234151026 0.0308685675
v 0.00825485494 -0.00326864584 0.0344735608
v 0.00808859244 -0.00370573113 0.0341716744
v 0.00789941382 -0.00410019094 0.0338196866
v 0.00824360456 -0.00463607535 0.0340566784
v 0.00614276528 -0.00184484804 0.0318776928
v 0.00718222419 -0.00207476923 0.0332021974
v 0.00724738603 -0.00157855893 0.0333147384
v 0.00851692818 -0.00227997126 0.0349348336
v 0.00983373541 -0.00244853157 0.0366630442
v 0.00621903548 -0.000941621896 0.0320127904
v 0.00729440805 -0.00106349599 0.0333955921
v 0.00732222386 -0.000535241736 0.0334448554
v 0.0100393761 -0.00126187224 0.0370291136
v 0.0100908978 -0.000635930395 0.0371215306
v 0.0119406581 -0.000508075056 0.0396210551
v 0.00553709827 -0.000814164756 0.0311513357
v 0.00839791261 -0.00279190647 0.034727525
v 0.00968147814 -0.00299349008 0.0363897979
v 0.00437397324 -0.00106094894 0.0296881739
v 0.00360704819 -0.00383023499 0.0282360855
v 0.0131258518 -0.000698560616 0.0386924185
v 0.0129132587 -0.00189801224 0.0383072235
v 0.013006785 -0.00152621069 0.0384743102
v 0.0130422879 -0.00134450512 0.0385387987
v 0.0127230529 -0.00241010613 0.0379802659
v 0.012142024 -0.00324144959 0.037050467
v 0.01227157 -0.00310759293 0.0372505113
v 0.0124791218 -0.00284338114 0.037578661
v 0.0127103524 -0.0024373976 0.0379588902
v 0.011173021 -0.00384100969 0.0356323756
v 0.0113617843 -0.00376131549 0.0359007902
v 0.0115856212 -0.00364850624 0.0362226516
v 0.0116981817 -0.00358277978 0.0363864787
v 0.0107350266 -0.00398438238 0.0350199752
v 0.010511308 -0.00404010108 0.034711577
v 0.00940646045 -0.00419927249 0.0332144797
v 0.00964154676 -0.0041782679 0.0335302018
v 0.00651936047 -0.00416068826 0.0293700583
v 0.00544917118 -0.00408429746 0.0279190019
v 0.0077939746 -0.00422722427 0.0310699474
v 0.0083754966 -0.00423608115 0.0318414457
v 0.00938208494 -0.00420113048 0.033181794
v 0.0124833984 -0.00398428366 0.0343858898
v 0.00958994403 -0.00408429885 0.0264157783
v 0.0107297162 -0.00421788823 0.0295553189
v 0.0117494864 -0.00419925246 0.0323642939
v 0.0133777764 -0.00310727023 0.0368494727
v 0.0129681695 -0.00364836561 0.0357212014
v 0.0136559401 -0.00243732519 0.0376156867
v 0.0138557842 -0.00152607763 0.0381661542
v 0.0139507772 -0.000473618362 0.038427826
v 0.0139601557 2.84590795e-10 0.038453646
v 0.0138999326 0.00117799372 0.0382877663
v 0.0137313232 0.0021657052 0.0378233232
v 0.0134667354 0.00293268869 0.0370945148
v 0.0130984383 0.00351152522 0.0360800177
v 0.0125686508 0.00394021906 0.0346207023
v 0.0118119232 0.00418971619 0.0325362757
v 0.0106625957 0.00421255082 0.029370429
v 0.00958986394 0.00408429839 0.0264155548
v 0.00941153709 0.0040605152 0.0259243567
v 0.00372231985 0.00475000078 0.0278063528
v 0.00351682212 0.0042174235 0.0279203691
v 0.00342054595 0.00386707974 0.0279736817
v 0.00332312635 0.00339525286 0.0280276835
v 0.00323020504 0.00274597597 0.0280790869
v 0.00318200747 0.00225592894 0.0281057861
v 0.00313043571 0.00143773679 0.0281346142
v 0.00310878549 0.000808250508 0.0281465072
v 0.00309936632 2.67512332e-11 0.0281517971
v 0.00351679698 -0.00421733223 0.0279203802
v 0.00372232078 -0.00474999985 0.0278063435
v 0.00313043734 -0.00143772853 0.0281346049
v 0.00318200141 -0.00225584605 0.0281057861
v 0.00342054316 -0.00386706111 0.0279736817
v 0.00332309608 -0.00339509337 0.0280277021
v 0.00323020294 -0.00274596154 0.0280790888
v 0.00310878153 -0.00080836605 0.0281465091
v 0.00479761232 -0.00403613737 0.0270420089
v 0.00923276413 -0.00403613877 0.0254319124
v 0.00941134524 -0.00406043464 0.0259238277
v 0.00085884193 -0.00373452832 0.0202839021
v 0.00052599411 -0.00370918866 0.0193424728
v 0.00703503843 -0.00377156842 0.0193782151
v 0.000121461955 -0.00368036469 0.0180023927
v 0.00483588316 -0.00364849647 0.0133205885
v -0.000267575204 -0.00365845067 0.0165157914
v -0.000591589021 -0.00364849623 0.0152909858
v 0.003575993 -0.00394355645 0.0253870785
v 0.00288951676 -0.00389169273 0.0243627019
v 0.00238678907 -0.00385333155 0.0235292874
v 0.00197709794 -0.00382168521 0.0227817278
v 0.00134032394 -0.00377200358 0.021460237
v 0.00452335225 -0.00364644662 0.0124596991
v 0.00452335086 0.00364644593 0.0124597065
v 0.00060057838 -0.00368604972 0.00998748746
v 0.00428527221 -0.00365390978 0.0109249968
v 0.00425366079 -0.00365173025 0.0112086385
v -0.00108004245 -0.00364890741 0.0136005972
v 0.00425146986 -0.00366726075 0.00977826118
v 0.00443821028 -0.00366629008 0.00977906398
v 0.00455696322 -0.0036589154 0.0103221359
v 0.0049981093 -0.00366392895 0.00974975247
v 0.00508799404 -0.00366362487 0.00974028464
v 0.00108300091 -0.00368489814 0.00987272151
v 0.00138070341 -0.00368380756 0.00982252322
v 0.00443399465 -0.00365725346 0.0105208829
v 0.00233871303 -0.00367901474 0.00973840244
v 0.00353949657 -0.00367156602 0.00974964071
v -0.000557258667 -0.00368315075 0.0105613163
v -0.000557826483 -0.00366806262 0.0114687709
v -0.000829079072 -0.00368005689 0.0108297206
v -0.00103126862 -0.00367626757 0.0111207319
v -0.000459765492 -0.0036839121 0.0104851061
v 7.76481284e-06 -0.00368594285 0.010208264
v 0.000148585677 -0.0036861659 0.010145505
v -0.00127181364 -0.00366668124 0.0118241925
v -0.00130377733 -0.00366208307 0.0121816397
v -0.00126420648 -0.00365524529 0.0127921188
v -0.0012352179 -0.00366914179 0.0116415415
v -0.0010890353 -0.0036747721 0.0112309717
v 0.0042753811 -0.00364949717 0.0115461685
v 0.00441452954 -0.00364694954 0.012137848
v 0.00517166825 0.00339533342 0.00966512784
v 0.00508799125 0.00366363162 0.00974029209
v 0.00486111967 0.00366189005 0.00995982904
v 0.00529302098 -0.00322182314 0.00956011564
v 0.00529301865 0.00322183175 0.00956012122
v 0.00517166546 -0.00339533016 0.00966513995
v 0.00455696043 0.00365892681 0.0103221331
v 0.00438268483 0.00365639129 0.0106253615
v 0.00428527081 0.00365392305 0.0109250061
v 0.0042544324 0.00365098915 0.0113148782
v 0.00427538157 0.00364950718 0.011546161
v -0.00108005025 0.00364891533 0.0136006018
v -0.00125674845 0.00365477195 0.0128418813
v -0.00128038425 0.00365652586 0.0126677454
v -0.000542084745 0.00368323922 0.010548898
v -0.000878414838 0.00367925619 0.0108909421
v -0.00103144138 0.00367624057 0.0111210775
v -0.00109309528 0.00367463706 0.0112394793
v -0.00124971732 0.00366827473 0.0117052365
v -0.00130392145 0.00366203603 0.0121861463
v 0.00108184875 0.00368485786 0.00987295341
v 0.000546697644 0.00368607277 0.0100034205
v 0.000150450767 0.00368612027 0.0101447646
v -6.98652875e-05 0.00368570792 0.0102463057
v 0.0035394975 0.00367155648 0.00974964164
v 0.00225046673 0.00367948576 0.00974207092
v 0.0013013375 0.00368407974 0.00983458478
v 0.00499796588 0.00366395339 0.00974979345
v 0.00444827648 0.0036663271 0.00977905374
v 0.00425176974 0.00366730127 0.0097783152
v 4.41212287e-05 0.00602531433 0.00962254032
v -5.9768583e-05 0.00601722393 0.00962749589
v -0.00121142704 0.00584228616 0.00979575701
v -0.00161587016 0.00420002919 0.0135900956
v -0.00167707843 0.00570453843 0.00996926147
v -0.00183338649 0.00564343948 0.010055434
v -0.0020376863 0.00554670906 0.0102038626
v -0.00230081379 0.00537627749 0.0105067333
v -0.0024630595 0.00521213375 0.0108642885
v -0.00251284894 0.00513243861 0.0110711418
v -0.00254399376 0.0050477772 0.0113254134
v -0.00254039699 0.00492654415 0.0117888469
v -0.00252639921 0.00489440607 0.0119436048
v -0.00240726885 0.00479321834 0.0126452921
v -0.00215184898 0.00474996446 0.0135838306
v -0.000584484951 0.00595929474 0.00967382081
v 0.00238112407 0.00486325845 0.00969151035
v 0.00121729879 0.0060549872 0.00963310711
v 0.000287017436 0.00604041107 0.00961536448
v -0.00185152504 0.00474998495 0.014572816
v -0.00157438056 0.00474999938 0.0155570833
v 0.00266426266 0.00474999659 0.026298305
v -0.00117060193 0.00474999379 0.0171566606
v -0.0010011351 0.00474999286 0.0178516842
v -0.000819596229 0.00474999426 0.0185603052
v -0.000350784743 0.00474999472 0.0201527476
v -0.000282939873 0.00474999472 0.0203575362
v 0.000545164687 0.00474999938 0.022495281
v 0.00118728436 0.00474999333 0.0238327868
v 0.0015652671 0.00474999286 0.0245307162
v 0.00210520416 0.00474999333 0.0254396349
v -0.00105849607 0.00447593303 0.0186176077
v 0.00095847476 0.00439083995 0.0239067543
v 0.000145178914 0.00441132812 0.0222016741
v -0.00052929332 0.00443852367 0.0204269942
v 0.00188863603 0.00437291898 0.0255072303
v 0.00286008255 0.0043528527 0.0269389153
v 0.0026710385 0.00387076102 0.0269798227
v 0.00239307596 0.00275339163 0.0270193648
v 0.00223184563 0.00144297711 0.0270292759
v -0.00298100477 0.000393259135 0.0156928506
v -0.00298623624 -2.84170798e-10 0.0156928226
v -0.00238081557 -3.27146532e-10 0.0179344863
v -0.00202559144 0.00151982543 0.0188871566
v -0.00290800002 0.00149552396 0.0156863611
v -0.00275634369 0.00245173043 0.0156712383
v -0.00193009991 0.00222917949 0.0188565422
v -0.00140961318 0.00149965007 0.0206973217
v 0.00168314925 0.00389437657 0.0255641229
v 0.000733901164 0.00391650992 0.0239756759
v -0.00228712894 0.00381136476 0.015625678
v -0.00253311591 0.003245509 0.0156492591
v -0.00160231546 0.00348231383 0.0187595896
v -0.00179060537 0.00288627949 0.0188139323
v -0.00102262245 0.00344253448 0.0205730554
v -0.00119410967 0.0028505791 0.0206267834
v -0.000301620661 0.00341100036 0.0223404523
v -0.000457786256 0.00282174954 0.0223888271
v 0.000408905616 0.00279767788 0.0240674913
v -0.00197882834 0.00430288073 0.0155960238
v -0.00135994167 0.00401287666 0.0186939668
v -0.000802632363 0.00397241022 0.0205065757
v -0.000102161335 0.00394131057 0.0222785659
v 0.000552105659 0.00338511285 0.0240283553
v 0.00138307468 0.00277585071 0.0256316159
v 0.000225705517 0.00146896834 0.0241139736
v 0.000166559272 3.19912541e-10 0.0241279714
v 0.00121125008 0.00145609945 0.0256602038
v 0.00126974739 -2.36877129e-10 0.0258300398
v 0.00217871997 -3.62710278e-10 0.0270302147
v -0.00209946116 6.56203286e-11 0.0189117827
v -0.00146004383 2.27627112e-10 0.0207665227
v -0.000655615004 0.00148305716 0.0224499907
v -0.00071884424 -7.12274906e-10 0.0224695038
v -0.000248190248 4.21036817e-12 0.023391163
v 0.00239307526 -0.00275339116 0.0270193666
v 0.0013830734 -0.00277585094 0.0256316233
v 0.00168314949 -0.0038943761 0.0255641211
v 0.00223184563 -0.00144297688 0.0270292759
v -0.0010457522 -0.00475000078 0.0176708791
v -0.000819595996 -0.00475000311 0.0185603555
v -0.00105849782 -0.00447593303 0.0186176188
v 0.00247633783 -0.00475000218 0.0260171983
v 0.00252255076 -0.00475000357 0.0260869544
v 0.00286008394 -0.0043528527 0.0269389078
v -0.000507127086 -0.00475000124 0.019658044
v -0.000282965688 -0.00475000311 0.0203574914
v -0.000529294892 -0.00443852413 0.0204270054
v 0.000288027339 -0.00475000963 0.021891661
v -0.00157437893 -0.00474999985 0.0155570731
v -0.0013599419 -0.00401287712 0.0186939705
v -0.00197971263 -0.00430185394 0.0155961169
v -0.00160231604 -0.00348231383 0.0187595934
v -0.00228813733 -0.00380943436 0.0156257804
v -0.00179060362 -0.00288627949 0.0188139193
v -0.00253424956 -0.00324255601 0.0156493802
v -0.00290834648 -0.00149242266 0.0156863965
v -0.00202559237 -0.00151982496 0.0188871622
v -0.00298105041 -0.000389803376 0.0156928468
v 0.0026710371 -0.00387076056 0.0269798301
v 0.00210517715 -0.00474999845 0.02543962
v 0.00188863743 -0.00437291944 0.025507221
v 0.0013269569 -0.00474999379 0.0240974165
v 0.000958475925 -0.00439083902 0.0239067469
v 0.000733901456 -0.00391650945 0.0239756759
v 0.000552106998 -0.00338511239 0.0240283459
v 0.000408905064 -0.00279767788 0.024067495
v -0.000457786547 -0.00282174954 0.0223888289
v -0.000301620079 -0.0034109999 0.0223404486
v -0.000102161568 -0.00394131057 0.0222785659
v 0.00014517839 -0.00441132812 0.0222016778
v -0.00119411002 -0.00285057933 0.0206267852
v -0.00102262164 -0.00344253355 0.0205730479
v -0.000802630559 -0.00397241069 0.0205065645
v -0.002757387 -0.00244682771 0.0156713407
v -0.00193009968 -0.00222917949 0.0188565403
v 0.00121124985 -0.00145609921 0.0256602056
v 0.000225705924 -0.00146896858 0.0241139699
v -0.000655615178 -0.00148305728 0.0224499907
v -0.00140961341 -0.00149965065 0.0206973217
v -0.00185152586 -0.00474998401 0.0145728067
v -0.00161588297 -0.00420001755 0.0135900024
v -0.00215185643 -0.00474996353 0.0135838222
v 0.00238112337 -0.00486327009 0.00969151035
v -0.00183307391 -0.005643568 0.0100552589
v -0.00165756175 -0.00571153685 0.00995977316
v -0.00120543374 -0.00584372226 0.0097941244
v -0.00110185321 -0.00586744631 0.00976734515
v -0.000597935054 -0.00595739065 0.00967556704
v 0.000177522466 -0.00603424758 0.00961786322
v 0.00121731602 -0.00605498673 0.0096331099
v -0.00203302177 -0.00554917939 0.0101998979
v -0.00228330866 -0.00539011136 0.0104799131
v -0.00245663896 -0.00522061111 0.0108438004
v -0.00251281192 -0.00513248378 0.0110710571
v -0.00253980281 -0.00506425742 0.0112725338
v -0.00253518787 -0.00491264509 0.0118535571
v -0.00242511975 -0.00480167568 0.0125629455
v -0.00220412249 -0.00475124456 0.0134140309
v 0.00353949657 0.00583658786 0.00974964164
v 0.00244395947 0.00598483579 0.00969466753
v 0.00224398565 -0.00600288622 0.00968459807
v 0.00353949703 -0.00583658786 0.00974964071
v 0.00395661732 -0.00575523032 0.00977051165
v 0.00489291921 -0.00550550083 0.00981284119
v 0.00551339006 -0.00526490575 0.00982857682
v 0.00586532289 -0.00508634327 0.00982642546
v 0.00604954455 -0.00497599412 0.00981956068
v 0.00649953401 -0.0046390146 0.00977389701
v 0.00657858327 -0.00456717145 0.00975954253
v 0.00686820876 -0.00425985176 0.00968043786
v 0.00716001727 -0.00385368243 0.00953015685
v 0.005458022 -0.00300074439 0.00934543274
v 0.00737763382 -0.00344455708 0.00931605045
v 0.00552968727 -0.00283960905 0.0091442531
v 0.00555535685 -0.00275204517 0.00901549682
v 0.007525119 -0.00305927219 0.00903383736
v 0.00557561684 -0.00264299707 0.00883151963
v 0.00760981441 -0.00272052293 0.00868275389
v 0.00558329327 -0.00251185801 0.00856614951
v 0.0076413881 -0.00244413828 0.00826518983
v 0.00555410143 -0.00230372907 0.00799282268
v 0.00763023831 -0.00223872066 0.00778600853
v 0.00548099354 -0.00214556395 0.00729815522
v 0.0075867679 -0.00210409425 0.00725299912
v 0.00537827797 -0.00204774947 0.0064940555
v 0.00752092712 -0.00203070743 0.00667742081
v 0.00533062313 -0.00202450575 0.00613619294
v 0.00735680293 -0.00199999963 0.00545243081
v 0.00513597671 -0.00200000056 0.00467058504
v -0.00520333182 -0.00199999986 -0.00247368217
v -0.00475804741 -0.00199999986 -0.00516493106
v -0.00520333089 0.00200000033 -0.00247368705
v -0.00475804787 0.00200000009 -0.00516492827
v -0.00258528884 0.00199999963 0.00195227365
v -0.0025852886 -0.00200000033 0.00195227109
v -0.00379562774 0.00199999963 0.00127042516
v -0.00379562727 -0.00200000033 0.00127042271
v -0.00469976896 0.00199999986 0.000215739346
v -0.0046997685 -0.00200000009 0.000215736858
v -0.00518865883 0.00199999963 -0.00108457799
v -0.00518865883 -0.00200000033 -0.00108458055
v 0.00513597718 0.00200000033 0.00467058038
v 0.00533062266 0.00202450645 0.00613619294
v 0.00537827797 0.0020477497 0.00649405224
v 0.00548099261 0.00214556605 0.00729815708
v 0.00555410143 0.00230373233 0.00799281616
v 0.00558329327 0.0025118629 0.00856614579
v 0.00555535359 0.00275205169 0.009015508
v 0.00557561684 0.00264300313 0.00883151311
v 0.00545801967 0.00300075253 0.00934543833
v 0.00552968495 0.00283961627 0.00914425869
v 0.00395661732 0.00575523172 0.00977051072
v 0.00489291921 0.00550550083 0.00981283933
v 0.0071600168 0.00385368289 0.00953015592
v 0.00686820783 0.00425985176 0.00968044344
v 0.00657858234 0.00456717145 0.00975954346
v 0.00649953587 0.00463901414 0.00977388863
v 0.00604954641 0.00497599458 0.0098195523
v 0.00586532382 0.00508634327 0.00982641708
v 0.00551339099 0.00526490528 0.00982857216
v 0.00752511853 0.00305927219 0.00903383642
v 0.00737763382 0.00344455708 0.00931605045
v 0.00760981487 0.00272052363 0.00868274923
v 0.00764138764 0.00244413828 0.00826518983
v 0.00763023831 0.00223872066 0.007786009
v 0.00758676836 0.00210409425 0.00725299772
v 0.00752092851 0.00203070766 0.00667741382
v 0.00735680433 0.00200000056 0.00545242615
v 0.00668632286 0.00412256597 0.00779571757
v 0.00648241537 0.00441472977 0.0080978293
v 0.00688398257 0.00387601298 0.00792100746
v -0.00253951782 0.00459485874 0.0128820688
v 0.00265851943 0.00599071849 0.00892897602
v 0.00136851915 0.00607628701 0.00919840392
v 0.00698917639 0.00200000009 0.00264652609
v 0.0066917208 0.00288628996 0.00269851717
v 0.00736369798 0.00296502304 0.00779968733
v 0.00633435464 0.00458317949 0.00822940283
v 0.0062248949 0.00469205109 0.0083016539
v 0.00586078921 0.00498688594 0.00845430233
v 0.00566244638 0.00511561939 0.00850273948
v 0.00535625685 0.00528316246 0.00854950678
v 0.00381303532 0.00580177177 0.0086757848
v 0.0048202374 0.00551161263 0.00858293846
v 0.00469176518 0.00555721764 0.00858519319
v 1.8187151e-05 0.00603588624 0.00947077014
v -0.0012718928 0.00583805656 0.00972711109
v -0.00186151615 0.00566752581 0.00984418951
v -0.00239973469 0.00544191059 0.00995167159
v -0.00329142041 0.00480799004 0.0101330178
v -0.00287807453 0.0051565608 0.0100482255
v -0.00285091088 0.00419065915 0.0129516348
v -0.00365751097 0.00137206831 0.013153838
v -0.00346606597 0.00264008087 0.0131013226
v -0.00330991624 0.00321018952 0.0130611602
v -0.00310650445 0.00372835691 0.0130113279
v -0.00640545227 -4.90871455e-10 0.00498533621
v -0.00459451601 -2.49820553e-10 0.0103290789
v -0.00635607075 0.00150620448 0.00497659529
v -0.0045064413 0.00144413393 0.0104025016
v -0.00634847581 0.00160963903 0.00497528631
v -0.00430754293 0.00277787168 0.0103541333
v -0.0039198692 0.00391591899 0.0102664316
v -0.00599924009 0.00363591895 0.00491445512
v -0.00414086459 0.0033754739 0.0103156511
v -0.00606261985 0.00342160137 0.00492551131
v -0.00621446688 0.00273113628 0.00495200418
v -0.00363815273 0.0043943394 0.0102057178
v 0.00380169717 0.00580620673 0.00856882241
v 0.00274822256 0.0059951311 0.00851527415
v 0.00142473623 0.00611944497 0.00841948204
v 0.00115140516 0.0061318092 0.00839403085
v 0.000222225557 0.00614177249 0.00828342419
v 0.0067934324 0.00347390678 0.00558927236
v 0.00683217077 0.00349808414 0.00597066898
v 0.00661731791 0.00345727336 0.00418690313
v 0.00642743334 0.00346000004 0.002759733
v 0.00642541517 0.00346003403 0.00274501019
v 0.00686472189 0.00355614093 0.00643783668
v 0.00686603133 0.00368204294 0.00696409447
v 0.00681150518 0.00387014542 0.00741184317
v -0.00601420552 -0.00430121692 0.00381521671
v -0.00582472328 -0.00441385247 0.00409200741
v -0.00587348128 -0.0043994938 0.00412753364
v -0.00543970941 -0.00464280974 0.00462578051
v -0.00547669036 -0.00463984953 0.00465721916
v -0.00562114595 -0.00452886708 0.00435960805
v -0.00640546018 -0.00379530503 0.0036376596
v -0.00667308783 -0.0035870804 0.00300465152
v -0.00633495161 -0.00399172958 0.00361248991
v -0.00655307295 -0.00391564099 0.00295251957
v -0.00572225824 -0.00431731343 0.00486604869
v -0.00572949881 -0.00431205146 0.00485495059
v -0.00557109155 -0.00458144676 0.00473749405
v -0.00600638241 -0.0042339582 0.00422443682
v -0.0055354815 -0.00461238017 0.00470721861
v -0.00552335242 -0.00462040771 0.00469690887
v -0.00592026673 -0.00436448352 0.00416175788
v -0.00541153364 -0.00463796593 0.00460182177
v -0.00556657696 -0.00451319339 0.0043161246
v -0.00535826199 -0.00461278856 0.00455651432
v -0.00551498169 -0.00448044343 0.00427499646
v -0.00530386856 -0.00456690462 0.00451026205
v -0.00614302559 -0.00420918455 0.00350336265
v -0.00609823223 -0.00421413081 0.00347788353
v -0.0059211622 -0.00430046627 0.00375465583
v -0.00643491 -0.00403972622 0.00290331501
v -0.00638996949 -0.00406375946 0.00288407039
v -0.00625290442 -0.0041348557 0.00319145503
v -0.00664004777 -0.00394626381 0.00226802402
v -0.00660379417 -0.00397194549 0.00225564069
v -0.00655785948 -0.00398697006 0.00240699854
v -0.00675437693 -0.00382336159 0.0023070646
v -0.00577444769 -0.00440927548 0.0040553296
v -0.00596762076 -0.00430714013 0.00378485536
v -0.00572562125 -0.00438991934 0.00401978754
v -0.00626567565 -0.00412317598 0.00357310055
v -0.00622774661 -0.00416541938 0.00355154579
v -0.00618694257 -0.0041935565 0.00352833909
v -0.00689810421 -0.00344171235 0.00235611177
v -0.00647803722 -0.00400732644 0.00292150257
v -0.00321963616 -0.00199999963 -0.00277097942
v -0.00321963662 -0.00410000049 -0.00277097546
v -0.00333858375 -0.00200000009 -0.00327476696
v -0.00333858444 -0.00410000002 -0.003274763
v -0.00318970322 -0.00199999986 -0.00377052906
v -0.00318970275 -0.00409999955 -0.00377053255
v -0.00281288568 -0.00200000009 -0.00412543444
v -0.00281288521 -0.00410000002 -0.0041254377
v -0.00230909977 -0.00200000033 -0.0042443797
v -0.00230909931 -0.00410000002 -0.00424438342
v -0.00181333313 -0.00199999986 -0.00409550499
v -0.00181333383 -0.00410000002 -0.0040955008
v -0.00145842903 -0.00200000056 -0.00371868093
v -0.00145842857 -0.00409999955 -0.00371868419
v -0.00321963569 0.00410000002 -0.00277098105
v -0.00321963639 0.00200000009 -0.00277097686
v -0.00333858468 0.00409999955 -0.00327476114
v -0.00333858421 0.00199999986 -0.0032747644
v -0.00318970298 0.00410000002 -0.00377053069
v -0.00318970368 0.00199999986 -0.00377052673
v -0.00281288545 0.00410000002 -0.00412543584
v -0.00281288614 0.00199999986 -0.00412543211
v -0.00230909954 0.00409999955 -0.00424438156
v -0.00230909907 0.00199999986 -0.00424438482
v -0.00181333395 0.00409999955 -0.0040954994
v -0.00181333348 0.00200000009 -0.00409550266
v -0.0014584288 0.00410000049 -0.00371868256
v -0.00145842822 0.00199999963 -0.00371868582
v -0.00134003907 -0.00200000033 -0.00328967464
v -0.00134003861 -0.00410000002 -0.0032896779
v -0.00141951197 -0.00200000033 -0.00285178702
v -0.00141951151 -0.00410000002 -0.00285179028
v -0.00168110698 -0.00200000033 -0.0024917468
v -0.00168110651 -0.00410000002 -0.00249175029
v -0.00207301253 -0.00199999986 -0.00228086323
v -0.00207301206 -0.00409999955 -0.00228086673
v -0.00251760613 -0.00199999986 -0.00226090779
v -0.00251760683 -0.00410000002 -0.0022609036
v -0.0029268323 -0.00200000009 -0.00243582088
v -0.00292683183 -0.00410000002 -0.00243582414
v -0.00134003884 0.00409999955 -0.00328967604
v -0.00134003838 0.00199999986 -0.00328967953
v -0.00141951162 0.00409999955 -0.00285178842
v -0.00141951116 0.00199999963 -0.00285179168
v -0.00168110675 0.00409999955 -0.00249174843
v -0.00168110733 0.00199999963 -0.00249174447
v -0.00207301229 0.00410000002 -0.00228086486
v -0.00207301276 0.00199999986 -0.00228086091
v -0.00251760683 0.00410000002 -0.00226090197
v -0.00251760636 0.00200000009 -0.00226090522
v -0.00292683206 0.00410000002 -0.00243582251
v -0.0029268316 0.00200000009 -0.00243582577
v -0.00696372287 -0.00374835893 0.00162368047
v -0.00709134759 -0.00338406232 0.00165740377
v -0.00725045335 -0.00338293007 0.000737783848
v -0.00713264244 -0.00372234522 0.000721322896
v -0.00702328607 -0.00386374444 0.00070862018
v -0.00684519159 -0.00389351882 0.0015944012
v -0.00678052194 -0.0039439518 0.00157902401
v -0.00687327748 -0.00397410756 0.000693224312
v -0.00669814739 -0.00399191957 0.00155981712
v -0.006509481 -0.00408611028 0.000658627716
v -0.00647435244 -0.00406718301 0.00150864164
v -0.00667399401 -0.0040627853 -0.000178589398
v -0.00621500285 -0.00410000002 -0.000166310594
v -0.00617987616 -0.00410000607 0.000600311323
v -0.00603543781 -0.00410000002 0.00140835263
v -0.00697491551 -0.00392667344 -0.00018664774
v -0.00714576198 -0.00375108002 -0.000191219951
v -0.00725757191 -0.0034848114 -0.000194203283
v -0.00728303241 -0.00338248233 -0.000194888897
v -0.00725739915 -0.00348481839 -0.000199085727
v -0.00728285406 -0.00338251051 -0.000199801478
v -0.00728268083 -0.00338250189 -0.000204713404
v -0.00714556174 -0.00375110796 -0.000195985966
v -0.00697469199 -0.00392669206 -0.00019128932
v -0.00667380029 -0.00406279461 -0.000183039097
v -0.00667360472 -0.00406280579 -0.000187480968
v -0.00621469039 -0.00410000002 -0.000174602188
v -0.00725722313 -0.00348482863 -0.00020396027
v -0.00714535825 -0.00375113869 -0.000200744151
v -0.00697446475 -0.00392671349 -0.000195922927
v -0.00156423845 -0.00341565534 -0.00683885487
v -0.00151362293 -0.00380388205 -0.00663473038
v -0.00244481722 -0.00341262273 -0.00659933314
v -0.00263740425 -0.00372091192 -0.0063776304
v -0.0036803293 -0.00372186233 -0.00587514648
v -0.00324946106 -0.0034099312 -0.00626630196
v -0.00269443193 -0.00341190258 -0.00650829403
v -0.00479540043 -0.00340247457 -0.00524930656
v -0.00407445524 -0.00340626598 -0.00579416985
v -0.00375442649 -0.00340775307 -0.00599459838
v -0.00463034445 -0.00372068072 -0.00520966854
v -0.00546367327 -0.00371669163 -0.0044020568
v -0.00542738615 -0.00339864823 -0.00463861646
v -0.00598952919 -0.00339456042 -0.00394622097
v -0.0061571463 -0.0037104385 -0.0034727375
v -0.00625721272 -0.00339242141 -0.00354388263
v -0.00668771891 -0.0037027623 -0.00244417228
v -0.00679553533 -0.00338705815 -0.00248163124
v -0.00641983468 -0.00339095783 -0.00326689775
v -0.00703577884 -0.00368601549 -0.00134561339
v -0.00713676773 -0.0033838586 -0.00137197133
v -0.00706550293 -0.00338452286 -0.00166939932
v -0.00723337894 -0.00338293775 -0.000808240729
v -0.00641366374 -0.00408516731 -0.00122050184
v -0.00608530035 -0.00410000002 -0.00116067624
v -0.00420424249 -0.00408892473 -0.00471220212
v -0.00470698904 -0.00410000002 -0.00377407158
v -0.0049647917 -0.0040891692 -0.0039861924
v -0.00531184487 -0.00409999955 -0.00298446999
v -0.00560090505 -0.00408896385 -0.00314948498
v -0.00548860477 -0.00410000002 -0.00269237696
v -0.00609162962 -0.0040882607 -0.00222087582
v -0.00577871129 -0.00410000002 -0.00210633175
v -0.00599927921 -0.00410000002 -0.001490989
v -0.00316460268 -0.00410000002 -0.0050209309
v -0.00360219716 -0.00410000002 -0.00474431412
v -0.00398445548 -0.00410000002 -0.00445771264
v -0.00239173742 -0.00408754218 -0.00576307997
v -0.00143342756 -0.0040340689 -0.00628098799
v -0.00138278934 -0.00408676546 -0.00605389988
v -0.00334028015 -0.00408830075 -0.00531139644
v -0.00230982248 -0.00410000002 -0.00542548252
v -0.00130622112 -0.00410000002 -0.00571080018
v -0.00692818034 -0.00383149926 -0.0013217607
v -0.00146605237 -0.0039689308 -0.00642657513
v -0.00253058551 -0.00397352176 -0.00611281581
v -0.00353221991 -0.00397593575 -0.00562957814
v -0.00444508623 -0.00397641119 -0.00499153463
v -0.00524782762 -0.00397460349 -0.00421902398
v -0.00591850188 -0.003970969 -0.00333025446
v -0.00643527508 -0.00396610238 -0.00234580855
v -0.00677707233 -0.00395303266 -0.00129044952
v -5.94726662e-05 -0.0034206775 -0.00696358364
v 0.000485497469 -0.00272722379 -0.00716328854
v 0.00120381021 -0.00273005501 -0.00704510091
v 0.00660391664 -0.00199999963 -0.000997281633
v 0.00635307329 -0.00275682472 -0.000959403405
v 0.00628309743 -0.0027466428 -0.00160195248
v 0.00656066183 -0.00199992419 -0.00142935303
v 0.00613430655 -0.00273789046 -0.00230161427
v 0.00637756195 -0.00199999008 -0.00233996473
v 0.00591271929 -0.00273274817 -0.0029824404
v 0.00609373581 -0.00199997169 -0.00317329355
v 0.00562065374 -0.00273114908 -0.00363624073
v 0.00570403039 -0.00199998287 -0.00396912964
v 0.00526065705 -0.00273224618 -0.00425507687
v 0.0052288617 -0.00199995469 -0.00469024293
v 2.52017708e-05 -0.00199992163 -0.00737248454
v -0.000972581678 -0.00272249873 -0.00716082705
v -0.000833634636 -0.00199997472 -0.00734451087
v -0.00162762799 -0.00271704677 -0.00705507677
v -0.00167386525 -0.00199999986 -0.00721073896
v -0.000929032569 -0.00341775338 -0.0069352258
v -0.000242769049 -0.00272478187 -0.00720218336
v 0.000916204415 -0.00200000545 -0.00728663104
v 0.00117174094 -0.00342486845 -0.00679981709
v 0.00190367736 -0.00273322244 -0.00684946775
v 0.00143285107 -0.00342574297 -0.00673316605
v 0.00257643964 -0.00273620314 -0.0065790806
v 0.00248920405 -0.00342939957 -0.00633610087
v 0.00321353995 -0.00273821759 -0.00623741234
v 0.00283110887 -0.00343071437 -0.0061581796
v 0.00380695611 -0.00273861596 -0.00582874287
v 0.00366108632 -0.00343475072 -0.00559897302
v 0.00434962753 -0.00273726019 -0.00535812508
v 0.00401496002 -0.00343710301 -0.00529189175
v 0.00483574392 -0.00273474865 -0.00483140536
v 0.00462639565 -0.00344249955 -0.00462494465
v 0.00495391805 -0.00344616151 -0.00416856911
v 0.00466479827 -0.00200002943 -0.00534631964
v 0.00398914702 -0.00200000615 -0.00594955822
v 0.00328810816 -0.00199995027 -0.00642703893
v 0.00259530777 -0.00199992792 -0.00678504491
v 0.00174898142 -0.00200008531 -0.00709676556
v 0.0053509525 -0.00345113454 -0.0034678753
v 0.00531791663 -0.00345071242 -0.00353456615
v 0.00497950753 -0.00344646838 -0.00412899721
v 0.00559369056 -0.00345412851 -0.00290857465
v 0.0056141708 -0.00345436181 -0.00285431603
v 0.0058249007 -0.00345636625 -0.00218921574
v 0.00595444627 -0.00345685822 -0.00159060385
v 0.00596568733 -0.00345685892 -0.00152248831
v 0.00603437657 -0.00345661351 -0.000911278767
v 0.00598797761 -0.00345685636 -0.00137199892
v -0.000833283353 -0.0039699683 -0.00651507359
v 0.00577833038 -0.0037510884 -0.00153589097
v 0.00563677587 -0.00375095289 -0.00218659849
v 0.00543383555 -0.00374935381 -0.00282078539
v 0.00517036812 -0.00374664692 -0.00343270623
v 0.00484580779 -0.00374358217 -0.00401528971
v 0.00446078973 -0.00373985129 -0.00456070947
v 0.00401669368 -0.00373659283 -0.00505998218
v 0.00351805729 -0.00373371248 -0.00550535508
v 0.00297152484 -0.00373139768 -0.00589058688
v 0.00238525099 -0.00372941606 -0.00621178793
v 0.00176744524 -0.00372757413 -0.00646678079
v 0.00112585572 -0.00372577459 -0.00665396545
v 0.000467922422 -0.00372390985 -0.00677193981
v -0.000198925423 -0.00372183882 -0.00681942794
v -0.000867191819 -0.00371971214 -0.00679555722
v -0.000372480717 -0.00410000002 -0.00580109097
v -0.000790012302 -0.0040869019 -0.00613520155
v -0.0001919114 -0.0040870551 -0.00615202449
v -0.000189410726 -0.00410000002 -0.0057989154
v 0.000404472608 -0.00408719946 -0.00610536803
v 0.000920956139 -0.00410000002 -0.00564916153
v 0.000992493471 -0.00408732332 -0.00599623984
v 0.000963034341 -0.00410000002 -0.00563870091
v 0.00156560855 -0.00408744253 -0.00582516007
v 0.00197422248 -0.00410000049 -0.00526764244
v 0.00211691996 -0.00408756593 -0.00559316669
v 0.00217061094 -0.00410000002 -0.0051656398
v 0.00246284902 -0.00410000002 -0.00499221263
v 0.00263919565 -0.00408769771 -0.00530162873
v 0.00312493998 -0.00408784952 -0.00495218672
v 0.00320903608 -0.00410000002 -0.00440087076
v 0.00356624369 -0.00408803811 -0.00454822555
v 0.00332789053 -0.00410000002 -0.00428102817
v 0.00395765482 -0.00408824254 -0.00409609359
v 0.00397712551 -0.00410000002 -0.00343275815
v 0.00429423433 -0.00408848654 -0.00360209378
v 0.00426717196 -0.00410000002 -0.0028928793
v 0.00457816105 -0.00408866303 -0.00307664718
v 0.00456727622 -0.00409999955 -0.00210025487
v 0.00498187309 -0.00408893079 -0.00195467286
v 0.00463938992 -0.00410000002 -0.00183592411
v 0.00517136231 -0.00408842554 -0.000777643058
v 0.00480787037 -0.00410000002 -0.000728399726
v 0.00535095716 -0.0039854683 -0.00208197511
v 0.00491358945 -0.00398339191 -0.00327444007
v -0.00019478194 -0.00397110218 -0.00653525069
v 0.000442035758 -0.00397217926 -0.00648741843
v 0.00107005413 -0.0039731185 -0.00637251604
v 0.00168226333 -0.00397402048 -0.00619152794
v 0.00227147224 -0.00397495134 -0.00594569789
v 0.002830151 -0.00397595158 -0.00563644711
v 0.00335036567 -0.00397710688 -0.00526564429
v 0.00382391759 -0.00397854391 -0.00483703008
v 0.0042445818 -0.00398012577 -0.00435701897
v 0.00460773427 -0.00398198795 -0.00383288902
v 0.00548388669 -0.00398544082 -0.00146028725
v 0.00555324554 -0.00398538494 -0.000828154385
v 0.00585112721 -0.00375429378 -0.000873367127
v 0.00520225475 -0.00409997487 0.00295834919
v 0.00555778528 -0.00409019273 0.00289215567
v 0.00520494953 -0.00409998 0.00298335939
v 0.00570542226 -0.00406733202 0.00286861579
v 0.00563075533 -0.0040816213 0.00290402235
v 0.0059209289 -0.00399443274 0.0028499465
v 0.00595561787 -0.0039758482 0.00282938196
v 0.00620775158 -0.00378275826 0.00279413373
v 0.00624347199 -0.0037402953 0.00277028605
v 0.00641142344 -0.00348684657 0.00274849264
v 0.00571487239 -0.00406508148 0.0028630835
v 0.00591787463 -0.00399430888 0.00282524899
v 0.00622349605 -0.0037619574 0.00276562967
v 0.00642210012 -0.00345999259 0.0027204575
v 0.00642541517 -0.0034600345 0.00274500879
v 0.00533125177 -0.0040891557 0.00106072403
v 0.00497449702 -0.00409997348 0.00111814414
v 0.00569877075 -0.00398895331 0.00100241927
v 0.00599749107 -0.00375743699 0.00095037499
v 0.00618737796 -0.0034588743 0.000908891729
v 0.00413277932 -0.0040999949 0.00314535992
v 0.0035748505 -0.00410000002 -0.000545620336
v 0.00385354925 -0.00410000002 0.00129990163
v 0.00398732908 -0.00409999955 0.00218575122
v -0.00073474925 -0.00410000002 0.00101125811
v -0.00372983143 -0.00410000002 0.00267127343
v -0.00110075518 -0.00410000002 0.000592319062
v -0.00524980901 -0.00410000002 0.0022252819
v -0.00587271061 -0.00409999769 0.00200593635
v -0.00124944001 -0.00410000002 -3.74153969e-05
v -0.000592317025 -0.00410000002 -0.00110075157
v 3.74163428e-05 -0.00410000002 -0.00124944071
v 0.000657123281 -0.00410000002 -0.00106333802
v 0.00255457242 -0.00410000002 0.00328767137
v 0.00114940142 -0.00409999955 0.000491298735
v 0.00124874199 -0.00410000002 -5.60572553e-05
v 0.0011007546 -0.00410000002 -0.000592315162
v 0.000822406553 -0.00410000002 0.00094135612
v 0.000332524709 -0.00410000002 0.00120496051
v 0.000969823974 -0.00410000002 0.00331121357
v -0.00022321727 -0.00409999955 0.00122990506
v -0.00061119406 -0.00409999955 0.00321583333
v -0.00218025642 -0.00409999955 0.00300222496
v -0.00106333906 -0.00410000002 -0.000657119905
v -0.00617226865 -0.00409279717 0.00210826471
v -0.00649773516 -0.00402622856 0.00221942272
v -0.0060471273 -0.00410956098 0.00273688557
v -0.00540998345 -0.00409847358 0.00308504119
v -0.00509469584 -0.00409689825 0.00357358484
v -0.00526705896 -0.00410486292 0.00369194942
v -0.00472857803 -0.00409554178 0.00402104668
v -0.00494972244 -0.00412575155 0.00420910399
v -0.00567037426 -0.00409962889 0.00256021111
v -0.0059490148 -0.00418897066 0.00339284982
v -0.0061014127 -0.00414486649 0.00311497739
v -0.00623138249 -0.00410434837 0.00282201148
v -0.0050834883 -0.00425634952 0.00432286272
v -0.00542925112 -0.00416339142 0.00380193722
v -0.00502180541 -0.00418099575 0.00427040551
v -0.00495519722 -0.00412870245 0.00421376294
v -0.00577720162 -0.00413928274 0.00329479272
v -0.00268154289 -0.00409985613 0.00541267917
v -0.00327983475 -0.00409738254 0.00513544865
v -0.00316192908 -0.00409603678 0.00427580019
v -0.0037804686 -0.00409572804 0.00483496999
v -0.00437115738 -0.0040960093 0.00399214029
v -0.0043476657 -0.00409500394 0.00439576432
v -0.00193907751 -0.00409604656 0.00449400768
v -0.000706118881 -0.00409603817 0.00464611547
v -0.00199728948 -0.00410250155 0.00564269908
v -0.0014994978 -0.00410394371 0.00576219847
v -0.000285384624 -0.00410506362 0.00591848604
v 0.000533526705 -0.00409601536 0.00473164301
v 0.000354318297 -0.00410125963 0.00581850437
v 0.0013547244 -0.00409621745 0.00550950691
v 0.00177606032 -0.00409598742 0.00475033838
v 0.00171829748 -0.00409526471 0.0053458265
v 0.00295930495 -0.00409674784 0.00452568568
v 0.00219961535 -0.00409499928 0.00508054532
v 0.00208366639 -0.00409495644 0.00514989579
v 0.00361605664 -0.00409915438 0.00386172812
v 0.00323362113 -0.0040977858 0.00427376339
v -0.00441598473 -0.00410199026 0.00461024186
v -0.00390531006 -0.00410389574 0.00502024731
v -0.00396052049 -0.004135489 0.00511071412
v -0.000336610479 -0.0046324986 0.00698070182
v -0.000340163941 -0.00485238247 0.00705443323
v -0.00101888052 -0.00486400072 0.00693842815
v -0.00401229877 -0.00422692671 0.00519791339
v -0.00287710619 -0.00428917352 0.00598411635
v -0.00296233548 -0.00474895118 0.00615134602
v -0.00355641544 -0.00466375938 0.00576456217
v -0.00411883416 -0.00456269458 0.00533484342
v -0.00438270858 -0.00491769379 0.00539153349
v -0.000334770448 -0.00454308232 0.00694255996
v -0.00233819452 -0.00480974233 0.00648285216
v -0.0022682061 -0.00431588339 0.00630148128
v -0.00168822578 -0.00484651607 0.00674732076
v -0.00163675321 -0.00433979649 0.00655520009
v -0.000988211832 -0.00436484907 0.00674030511
v -0.00157069589 -0.00412655016 0.00615712581
v -0.00218660664 -0.00412063487 0.0059505715
v -0.00278481469 -0.00411475683 0.00569223007
v -0.000291435019 -0.00410969602 0.00604425184
v -0.000942964747 -0.00413354021 0.00631492306
v -0.000309897528 -0.00414240221 0.0064268522
v -0.00335961557 -0.00410876377 0.00538164796
v -0.00283172284 -0.00415394874 0.0058406489
v -0.00222781743 -0.00416396558 0.00613083038
v -0.00160403154 -0.00417625764 0.0063655572
v -0.000966175226 -0.00419442775 0.00654460117
v -0.000315391982 -0.00416804524 0.00654090988
v -0.000346293091 -0.00536457403 0.0071816612
v -0.00103103009 -0.00539571326 0.00706217624
v -0.00191702263 -0.00538830599 0.00681578182
v -0.00242923619 -0.00535431737 0.00661683874
v -0.00319222361 -0.00524761621 0.00623276085
v -0.00370444171 -0.00512983277 0.00590978982
v -0.0042681112 -0.00495726382 0.00548673328
v -0.000328244729 -0.00433022203 0.00680744601
v -0.00033032379 -0.00438334374 0.00685049873
v -0.000330737385 -0.00439528329 0.00685902731
v -0.000315997051 -0.00417181291 0.00655344175
v -0.000321739237 -0.00422208244 0.00667247595
v -0.000327574409 -0.00431540003 0.00679355068
v -0.00162112119 -0.00424220087 0.00646923296
v -0.00224871584 -0.00422436791 0.00622352539
v -0.00285502477 -0.00420759385 0.00591790164
v -0.000348129135 -0.00552842673 0.00722048292
v -0.000351050257 -0.00569940545 0.00727968384
v -0.00106958882 -0.00572524965 0.00716731139
v -0.00521581713 -0.00476367492 0.00537398783
v -0.00529758167 -0.0046179425 0.00546184741
v -0.00413399888 -0.00535693485 0.00642372994
v -0.00421237154 -0.00525455223 0.00657051709
v -0.00468083657 -0.00500686793 0.00615409156
v -0.00276252883 -0.00581322378 0.00720486557
v -0.00310532423 -0.00568460021 0.00729198381
v -0.00348249171 -0.0056111915 0.00685027009
v -0.00361732673 -0.00551071391 0.00699666748
v -0.00377404457 -0.0054492387 0.00689401431
v -0.00198799535 -0.00596033037 0.00748607423
v -0.00226032245 -0.00589503674 0.00767094363
v -0.0028313403 -0.00576234143 0.0074280682
v -0.000709614775 -0.00610063318 0.00812006835
v -0.00121393485 -0.0060547255 0.00800207257
v -0.00117501582 -0.00605745381 0.00769607024
v -0.00167741405 -0.00599572435 0.00787127856
v -0.000377613469 -0.0061076628 0.00783105753
v -0.000394554489 -0.00612057187 0.00818255078
v -0.00112273381 -0.00595288677 0.00739978626
v -0.000363256288 -0.00598616526 0.00753301382
v -0.00109545654 -0.00585668767 0.00727020949
v -0.000354045304 -0.00580885774 0.00734332437
v -0.000360679609 -0.00594854029 0.00747951725
v -0.00327933719 -0.00560906716 0.00652878638
v -0.00320700509 -0.00553412037 0.0064269104
v -0.00252842507 -0.00565068796 0.00674202293
v -0.00376561284 -0.00525770709 0.00596946292
v -0.00494804513 -0.00488266768 0.00511697214
v -0.00488058338 -0.00483144773 0.00505391601
v -0.00501842191 -0.00490027573 0.00518396543
v -0.00508884201 -0.00488297641 0.0052511394
v -0.00265113194 -0.00579591328 0.00696579833
v -0.00342139136 -0.00563732069 0.00674459292
v -0.00190311857 -0.00589702884 0.00721952645
v -0.00335242087 -0.00563990977 0.00663794624
v -0.00258933287 -0.00574443676 0.00684792548
v -0.00181193929 -0.00571125513 0.00698873308
v -0.00185698131 -0.00582367228 0.00709497416
v -0.00406887848 -0.00540329143 0.00633341586
v -0.0047104219 -0.0050662104 0.00592929265
v -0.00507882982 -0.00476357015 0.00572886458
v -0.00434413785 -0.00505605387 0.00553592481
v -0.0044168164 -0.00513270684 0.00560885202
v -0.00449414039 -0.00516934367 0.00569097325
v -0.00457194354 -0.00516548427 0.00577472756
v -0.00314095546 -0.00541394949 0.00634819642
v -0.0038379177 -0.00535770832 0.00604747981
v -0.00391596882 -0.0054135751 0.00614142884
v -0.00399465486 -0.00542578893 0.00623929827
v 0.00102974148 -0.0059595271 0.00766806304
v 0.00520685595 -0.00409997767 0.00299830828
v 0.00563255837 -0.00408165995 0.00291890115
v 0.0057308292 -0.00408715429 0.00423636707
v 0.00537595479 -0.00409662258 0.00428044517
v 0.00589829497 -0.00410338864 0.00559970085
v 0.00548652373 -0.00409930851 0.00514540123
v 0.00557905855 -0.00414572144 0.00603295444
v 0.0059490893 -0.00416570809 0.00627241004
v 0.00558575336 -0.00415760092 0.00613313867
v 0.0055938107 -0.00424009934 0.00657155225
v 0.00594930537 -0.00423211651 0.00659994362
v 0.00557481591 -0.00429755123 0.00675962633
v 0.00591371069 -0.00433614291 0.00691202842
v 0.00554165104 -0.00435020262 0.00689204782
v 0.00546266604 -0.00442114798 0.00703128055
v 0.00579520874 -0.00448416267 0.00718345679
v 0.005407569 -0.004456216 0.00708768563
v 0.00556995161 -0.00464550732 0.0073661427
v 0.00522819348 -0.00454898784 0.00720842322
v 0.00509261014 -0.00460912194 0.00726959715
v 0.00529714767 -0.00480041374 0.00748132914
v 0.00463383039 -0.0047802492 0.00739140902
v 0.000948423927 -0.00568353944 0.00743931718
v 0.00499795284 -0.00494203763 0.00755162863
v 0.00435684063 -0.00517741125 0.00761025911
v 0.00400829501 -0.00496260682 0.00745584862
v 0.00368890306 -0.00535440957 0.00761127332
v 0.00310852053 -0.00515524624 0.0074641332
v 0.00232410594 -0.00558357965 0.00754793966
v 0.00196159584 -0.00530911144 0.00741538964
v 0.000764122873 -0.00537897181 0.00732323155
v 0.00266424194 -0.0060064327 0.00851017982
v 0.00146930607 -0.00611699792 0.00842336845
v 0.00109379017 -0.00611713436 0.00803894829
v 0.00115141703 -0.00613181293 0.00839404203
v 0.0002672181 -0.00614242489 0.0082899956
v 0.0026630424 -0.00598409353 0.0081572216
v 0.00344333332 -0.00585504994 0.008198102
v 0.00382974278 -0.00579982111 0.0085698152
v 0.00421514921 -0.00567218522 0.00822213944
v 0.00472403318 -0.00554604316 0.00858489797
v 0.005383424 -0.00526959915 0.00854671095
v 0.00496792002 -0.0054154885 0.00820844248
v 0.00566242076 -0.00511564501 0.00850287452
v 0.00566858985 -0.00505516492 0.00810754485
v 0.00582796009 -0.00500949705 0.00846361741
v 0.00597592536 -0.00483321073 0.00799944531
v 0.00621234393 -0.00470381137 0.00830882508
v 0.00633481378 -0.00458268169 0.00822894927
v 0.00623691594 -0.00459413324 0.007837235
v 0.00649243454 -0.00440225145 0.00808694959
v 0.00643891422 -0.00435722154 0.00760957412
v 0.00669248961 -0.00411207555 0.00778261945
v 0.00656693382 -0.00415204046 0.007310207
v 0.00681497063 -0.00386131275 0.00739524653
v 0.00663089799 -0.00399776641 0.00696576294
v 0.00686675636 -0.00367760984 0.00695055211
v 0.00665094703 -0.00389179587 0.00659769215
v 0.00686358567 -0.00355128525 0.00641019782
v 0.00661302451 -0.00378690171 0.00583383674
v 0.0068321866 -0.00349807204 0.00597077142
v 0.00642832508 -0.00375546189 0.00428463938
v 0.00662176032 -0.00345699536 0.00421985146
v 0.00679208897 -0.00347316894 0.00557642337
v 0.0062096999 -0.0037828288 0.00280888216
v 0.00641337642 -0.00348693295 0.00276323361
v 0.00642743334 -0.0034599998 0.0027597344
v 0.00592281483 -0.00399449281 0.00286475406
v 0.00610734802 -0.00399095658 0.00425709132
v 0.00628265087 -0.00401341682 0.00571059901
v 0.00632545864 -0.00409349333 0.00642400933
v 0.00631428417 -0.00417672005 0.00676802406
v 0.0062630605 -0.00430282438 0.00709143514
v 0.00613871031 -0.00447790278 0.00737093296
v 0.00592494383 -0.00467722025 0.0075694886
v 0.00565769151 -0.00487498986 0.00770157436
v 0.00535354251 -0.00505767949 0.00778459013
v 0.00468011759 -0.00535641564 0.00785447843
v 0.00396733079 -0.0055730748 0.00785543863
v 0.00250474759 -0.00584307732 0.00778479828
v 0.00155730685 -0.00411788747 0.00620502327
v 0.00236823247 -0.00410460262 0.00589148281
v 0.00340564433 -0.0041470076 0.00627971534
v 0.00416827668 -0.00432828162 0.00685105287
v 0.00382955163 -0.00441205455 0.00700022001
v 0.00340494816 -0.00450591045 0.00710863108
v 0.00287078321 -0.00460288068 0.00717431726
v 0.00220621028 -0.00469477195 0.00719961105
v 0.00467001414 -0.00420297589 0.00644367281
v 0.00486138184 -0.00415907986 0.00617638836
v 0.00501966523 -0.00412593223 0.00584147451
v 0.00514243962 -0.00410520798 0.0054207705
v 0.00472302921 -0.00409769174 0.00413118349
v 0.00396712124 -0.00411317265 0.00580843072
v 0.00420369767 -0.00410276605 0.00549754873
v 0.00440882891 -0.00409716181 0.00511996914
v 0.000603012333 -0.00413278211 0.00638369052
v -6.66058913e-05 -0.00420141034 0.00664633047
v -2.53709077e-05 -0.00453658076 0.00697114831
v 0.00041576958 -0.00431368174 0.00684207911
v 0.000377430493 -0.0048339474 0.00712851062
v 0.00444240356 -0.00425874395 0.00666576065
v 0.00269417372 -0.00419859588 0.00660756277
v 0.00282953144 -0.00434257649 0.00691553857
v 0.00225392496 -0.00422895281 0.0067190975
v 0.00230407622 -0.0044001434 0.00698733982
v 0.0017373343 -0.00425965199 0.0067947628
v 0.000900007901 -0.00450198445 0.00702041714
v 0.00138551719 -0.00477493973 0.00718711363
v 0.00117038004 -0.00417538639 0.00659423415
v 0.00564604905 -0.00407940336 0.00290934439
v 0.00624161772 -0.00374592165 0.00279278099
v 0.00595642161 -0.00397695042 0.00285079447
v -0.00239973189 -0.00544190966 0.00995168928
v -0.0025395148 -0.0045948578 0.0128820669
v -0.00365750887 -0.00137206889 0.0131538436
v -0.0012718885 -0.00583805656 0.00972711481
v -0.00186151429 -0.00566752488 0.00984421186
v 0.00381303625 -0.00580177177 0.00867580436
v 0.00669156015 -0.00288670347 0.00269854604
v 0.00698917639 -0.00199999986 0.00264652353
v 0.00736370124 -0.00296502211 0.00779969851
v 0.00688398676 -0.00387601322 0.00792100932
v 1.81892046e-05 -0.00603588577 0.00947078597
v 0.00136852008 -0.00607628608 0.00919842627
v -0.00287807081 -0.00515656034 0.0100482376
v -0.00329141575 -0.00480798772 0.0101330262
v -0.00363814947 -0.00439433847 0.0102057364
v -0.00391986547 -0.00391591713 0.0102664484
v -0.0041408604 -0.00337547273 0.0103156641
v -0.00599932997 -0.00363566168 0.00491446164
v -0.00606262125 -0.00342159974 0.0049254992
v -0.00430753874 -0.00277787121 0.0103541482
v -0.00621445477 -0.00273054303 0.0049519809
v -0.00450643711 -0.00144413393 0.0104025155
v -0.00634849025 -0.00160963996 0.00497526862
v -0.00635609962 -0.00150604045 0.00497657852
v -0.00346606458 -0.00264008064 0.0131013338
v -0.00330991461 -0.00321018929 0.0130611695
v -0.00310650258 -0.00372835645 0.0130113354
v -0.00285090809 -0.00419065915 0.0129516358
v 0.00265852222 -0.00599071803 0.00892898627
v 0.00648147613 -0.00277729006 0.00069171557
v 0.00677133352 -0.00200032326 0.000950707647
v -0.00655539054 -0.00350524182 0.00346344453
v -0.00690172054 -4.93094454e-10 0.00351555157
v -0.00687111542 -0.00123832258 0.00351116993
v -0.00676687947 -0.00242349226 0.00349581614
v -0.00723937992 -0.00256719231 0.00169200765
v -0.00732633658 -0.00170089339 0.00171232584
v 0.00642375881 0.00346001401 0.00273272931
v 0.00635307422 0.00275682518 -0.000959406432
v 0.00648147613 0.0027772896 0.000691715337
v 0.00660391618 0.00200000033 -0.000997279189
v 0.00668277033 0.00200032 4.12788286e-05
v 0.00642210012 0.00345999282 0.00272045541
v 0.0061873775 0.00345887383 0.000908899354
v 0.0060343761 0.00345661328 -0.000911276264
v 0.00610185042 0.00345808663 1.86680572e-05
v -0.00687111588 0.00123832293 0.00351117202
v -0.00676687947 0.00242349156 0.00349581405
v -0.00655539054 0.00350524182 0.00346344267
v 0.00531791616 0.00345071242 -0.00353456219
v 0.0053509525 0.00345113501 -0.00346787553
v 0.00562065281 0.00273114932 -0.0036362363
v 0.000831681828 0.00199999963 -0.00729986886
v 0.000783812371 0.0019999994 -0.0073068901
v 0.000485496974 0.00272722379 -0.00716328528
v -0.00146613573 0.00199999986 -0.00725385547
v -0.000972581678 0.0027224985 -0.00716082752
v -0.000639792066 0.00199995516 -0.00736031123
v -0.000242768961 0.00272478187 -0.00720218383
v 0.000127105566 0.00199991069 -0.00736862142
v 0.000835337793 0.00199999753 -0.00729932217
v 0.0012038101 0.00273005594 -0.00704509951
v 0.00144104124 0.00199986994 -0.00717983814
v 0.00190367817 0.00273322314 -0.00684947241
v 0.00225106766 0.00199998589 -0.00692729326
v 0.00257644034 0.00273620337 -0.00657908386
v 0.00321354019 0.00273821782 -0.00623741467
v 0.00303104357 0.00200003129 -0.00657177344
v 0.00380695611 0.00273861643 -0.0058287438
v 0.00374378753 0.00200000661 -0.0061316248
v 0.00434962753 0.00273726019 -0.00535812788
v 0.00443121092 0.00200004736 -0.00557378866
v 0.00483574392 0.00273474841 -0.00483140303
v 0.00507450383 0.00199998799 -0.00488727214
v 0.00526065752 0.00273224595 -0.00425508339
v 0.00555461552 0.00199993281 -0.00421804376
v 0.00593377976 0.00199998729 -0.00353178033
v 0.00591271883 0.00273274793 -0.00298243784
v 0.00625658315 0.00199998752 -0.00273812166
v 0.00598797807 0.00345685682 -0.00137199985
v 0.00628309743 0.00274664327 -0.00160195294
v 0.00596568733 0.00345685892 -0.00152248901
v 0.00613430608 0.00273789046 -0.00230161264
v 0.00582490116 0.00345636602 -0.0021892176
v 0.00595444627 0.00345685869 -0.00159060454
v 0.00561417127 0.00345436158 -0.00285431789
v 0.00649363874 0.00199989462 -0.00184076233
v 0.00559369102 0.00345412875 -0.00290857977
v 0.00497950707 0.00344646862 -0.00412899675
v 0.00495391665 0.00344616105 -0.00416856306
v 0.00462639472 0.00344249955 -0.00462494139
v 0.00401495956 0.00343710301 -0.00529189222
v 0.00366108585 0.00343475095 -0.00559897069
v 0.00283110887 0.00343071437 -0.00615817914
v 0.00248920615 0.00342939957 -0.00633610599
v 0.00143285107 0.0034257432 -0.00673316652
v 0.0011717421 0.00342486869 -0.00679981103
v -5.94725534e-05 0.00342067773 -0.00696358457
v -0.000929031696 0.00341775361 -0.00693523139
v -0.000790012302 0.0040869019 -0.00613520108
v 0.00563677493 0.00375095243 -0.0021865929
v -0.000867192342 0.00371971214 -0.00679555396
v -0.000198925132 0.00372183905 -0.00681942981
v 0.000467923004 0.00372390985 -0.00677194353
v 0.00112585572 0.00372577459 -0.00665396592
v 0.00176744536 0.00372757413 -0.00646678172
v 0.00238525076 0.00372941559 -0.006211787
v 0.00297152391 0.00373139768 -0.00589058036
v 0.00351805729 0.00373371271 -0.00550535414
v 0.00401669368 0.0037365926 -0.00505997986
v 0.00446078926 0.00373985199 -0.00456070621
v 0.00484580686 0.00374358217 -0.00401528599
v 0.00517036812 0.00374664669 -0.00343270903
v 0.00543383602 0.00374935381 -0.00282078562
v 0.00577833038 0.00375108863 -0.00153588969
v 0.00585112628 0.00375429401 -0.000873361656
v 0.00426717196 0.00409999955 -0.00289287767
v 0.00456727622 0.00410000049 -0.00210025301
v 0.00498187402 0.00408893079 -0.00195467821
v 0.00463938946 0.00410000049 -0.00183592224
v 0.0048078699 0.00409999955 -0.000728397921
v 0.00457816152 0.00408866256 -0.0030766509
v 0.00429423479 0.00408848654 -0.00360209658
v 0.00397712504 0.00410000002 -0.00343275629
v 0.00263919518 0.00408769725 -0.00530162593
v 0.00320903584 0.00409999955 -0.00440086937
v 0.00312493998 0.00408784952 -0.00495218718
v 0.0033278903 0.00409999955 -0.00428102631
v 0.00356624369 0.00408803718 -0.00454822602
v 0.00395765435 0.004088243 -0.00409609312
v 0.000963035156 0.00410000049 -0.0056387065
v 0.00197422225 0.00410000049 -0.00526764058
v 0.00211691996 0.00408756593 -0.00559316669
v 0.00217061071 0.00410000049 -0.00516563794
v 0.00246284879 0.00410000002 -0.00499221077
v 0.00156560878 0.00408744253 -0.0058251624
v 0.000992493005 0.00408732332 -0.00599623658
v 0.000920955848 0.00410000049 -0.00564915966
v -0.000189410974 0.00410000002 -0.00579891354
v -0.000372480979 0.00410000002 -0.00580108911
v -0.000191911007 0.0040870551 -0.00615202729
v 0.000404472492 0.00408719899 -0.00610536663
v 0.00491358992 0.00398339191 -0.0032744424
v 0.00535095809 0.00398546876 -0.00208197907
v 0.00460773427 0.00398198888 -0.00383288902
v 0.00424458086 0.0039801253 -0.00435701571
v 0.00382391759 0.00397854345 -0.00483703101
v 0.00335036567 0.00397710595 -0.00526564522
v 0.00283015124 0.00397595158 -0.00563644897
v 0.00227147224 0.0039749518 -0.00594569556
v 0.0016822638 0.00397402048 -0.0061915312
v 0.00107005413 0.0039731185 -0.00637251511
v 0.000442035496 0.00397217926 -0.00648741657
v -0.000194781882 0.00397110172 -0.00653525116
v -0.00083328347 0.00396996783 -0.00651507312
v 0.00548388669 0.00398544129 -0.00146028597
v 0.00555324601 0.00398538494 -0.00082815747
v 0.00517136278 0.00408842508 -0.000777643058
v 0.0053649433 0.00405360665 -0.000803060015
v 0.00413277885 0.00409999536 0.00314536132
v 0.00520236511 0.00409997581 0.00295833522
v 0.00398732908 0.00409999955 0.00218575308
v 0.00497449655 0.00409997348 0.00111815135
v 0.00385354902 0.00410000002 0.00129990338
v 0.0035748498 0.00410000049 -0.00054561859
v 0.00488291681 0.0040999949 0.00021502965
v 0.00524276495 0.00408871006 0.000161609612
v 0.00622654567 0.0037585292 0.00276499288
v 0.00599749107 0.00375743629 0.000950380054
v 0.00591783691 0.00399433309 0.0028252597
v 0.00569877075 0.00398895331 0.00100242649
v 0.00573781226 0.00405952148 0.00285882596
v 0.00551744318 0.00405574311 0.00103134511
v 0.00555331912 0.00409063278 0.00289298664
v 0.00533125177 0.00408915617 0.00106072892
v 0.00591549603 0.00375626772 5.83924775e-05
v 0.00561709981 0.0039872285 0.00010711803
v 0.00543237245 0.00405455614 0.00013417739
v 0.00641141878 0.00348684262 0.00274849194
v 0.00555493683 0.00409062579 0.00290539651
v 0.00573939458 0.0040595294 0.00287120836
v 0.00591939455 0.00399436476 0.00283760927
v 0.00622815872 0.00375856552 0.00277729053
v 0.00620774692 0.00378275616 0.00279413234
v 0.00592092564 0.00399443135 0.00284994883
v 0.00563075533 0.00408162037 0.00290402025
v 0.00520495092 0.00409998046 0.0029833524
v 0.00520685595 0.00409997767 0.00299830828
v 0.00564608769 0.0040793973 0.00290934602
v 0.00595642254 0.00397694996 0.0028507961
v 0.00624162797 0.00374590978 0.00279278238
v 0.0056326678 0.00408163574 0.00291888742
v 0.00592281483 0.00399449281 0.00286476151
v 0.00620974554 0.00378277828 0.00280887703
v 0.00641338481 0.00348691619 0.00276323385
v 0.00102974114 0.00595952664 0.00766806351
v 0.00109379087 0.00611713389 0.00803894177
v 0.00642832555 0.00375546166 0.00428463938
v 0.00529742893 0.00451601157 0.00716965692
v 0.00522827217 0.00454904186 0.00720849494
v 0.00556995068 0.00464550825 0.00736614875
v 0.0009484248 0.0056835385 0.00743930927
v 0.00232410571 0.00558357919 0.00754793733
v 0.00207172078 0.00529837282 0.00742184464
v 0.000708812964 0.00538000697 0.00731771952
v 0.00341180013 0.00509785162 0.00746793766
v 0.00269969762 0.00522100693 0.00745193055
v 0.00220721215 0.00528394757 0.00742930453
v 0.00218251278 0.00528668985 0.00742798159
v 0.00218019099 0.00528694503 0.00742785539
v 0.00368890353 0.00535441004 0.00761126587
v 0.00435684202 0.00517741079 0.00761025073
v 0.00373349246 0.0050289249 0.00746543985
v 0.00529714581 0.00480041327 0.00748134032
v 0.00495783705 0.00466414634 0.00731646828
v 0.00499795377 0.0049420367 0.00755162258
v 0.00465409644 0.00477354182 0.00738787372
v 0.00438405061 0.00485888636 0.00742645562
v 0.00548538426 0.00440426683 0.00700144516
v 0.00579520781 0.00448416173 0.00718346098
v 0.00557422824 0.00429909676 0.00676397048
v 0.00591371115 0.00433614291 0.00691202842
v 0.00557494722 0.00429756986 0.00675969012
v 0.0059493049 0.00423211604 0.00659994548
v 0.00559438346 0.00418455899 0.00631270604
v 0.00594908791 0.00416570762 0.00627241423
v 0.00589829311 0.0041033891 0.00559971342
v 0.00554026803 0.00411360944 0.00561056426
v 0.0053770449 0.00409659836 0.00428733882
v 0.00573082827 0.00408715429 0.00423637172
v 0.00533499802 0.0040978766 0.00396736152
v 0.00661302637 0.00378690124 0.00583382417
v 0.00665094564 0.00389179657 0.00659770053
v 0.00663089892 0.00399776595 0.00696575781
v 0.00656693522 0.00415204093 0.00731020235
v 0.00643891562 0.00435722107 0.00760956574
v 0.00623691548 0.0045941337 0.00783723965
v 0.00597592397 0.00483321119 0.00799945369
v 0.00566859124 0.00505516538 0.00810753182
v 0.00496791862 0.00541548897 0.008208449
v 0.00421514921 0.00567218661 0.00822213851
v 0.00344333355 0.00585504994 0.00819809921
v 0.00266304263 0.00598409399 0.00815721694
v 0.00250474713 0.00584307685 0.00778479967
v 0.00396733033 0.00557307433 0.00785543676
v 0.00610734802 0.00399095612 0.00425709086
v 0.00628264993 0.00401341682 0.00571060833
v 0.00632545911 0.00409349287 0.00642401027
v 0.0063142851 0.00417672005 0.0067680236
v 0.0062630591 0.00430282485 0.00709144212
v 0.00613870891 0.00447790278 0.00737094041
v 0.0059249429 0.00467722071 0.00756949605
v 0.00565769291 0.00487498939 0.00770156551
v 0.00535354158 0.00505768089 0.00778459432
v 0.00468011713 0.00535641564 0.00785447843
v 0.00282952841 0.00434257649 0.00691554882
v 0.00340494583 0.00450591045 0.00710863387
v 0.00382955046 0.00441205408 0.00700021395
v 0.000415767776 0.00431368127 0.00684208376
v 0.00287078088 0.00460288068 0.00717431866
v 0.00444240076 0.00425874349 0.00666576903
v 0.00472302828 0.0040976922 0.00413118396
v 0.00486138137 0.0041590794 0.00617638184
v 0.00501966383 0.00412593177 0.00584147358
v 0.00514243823 0.00410520798 0.00542077655
v 0.00467001135 0.00420297589 0.0064436798
v 0.00416827528 0.00432828162 0.00685105007
v 0.00220620981 0.00469477149 0.00719960267
v 0.00138551486 0.00477493834 0.00718711829
v 0.000377430406 0.00483394554 0.00712850178
v -6.66073101e-05 0.00420141034 0.00664633466
v 0.00117037934 0.00417538546 0.00659423415
v 0.0006030121 0.00413278211 0.00638368819
v 0.00155730674 0.00411788747 0.00620502047
v 0.0023682313 0.00410460308 0.00589148607
v 0.000354316726 0.0041012601 0.00581851508
v 0.00135472568 0.00409621745 0.00550949667
v 0.00361605641 0.00409915438 0.00386173092
v 0.00440882752 0.00409716181 0.00511997286
v 0.00323361997 0.0040977858 0.00427377084
v 0.00295930658 0.00409674784 0.00452567218
v 0.00420369767 0.00410276558 0.00549754268
v 0.00219961535 0.00409499975 0.00508054439
v 0.00396711985 0.00411317265 0.00580843212
v 0.00208366709 0.00409495691 0.0051498916
v 0.00171829667 0.00409526518 0.00534583163
v 0.0034056427 0.0041470076 0.00627971999
v 0.0022539224 0.00422895234 0.00671910588
v 0.00269417115 0.00419859542 0.00660757069
v 0.00230407412 0.0044001434 0.00698734261
v 0.00173733453 0.00425965153 0.00679475302
v 0.000900005165 0.00450198352 0.00702042645
v -2.53738381e-05 0.00453658123 0.00697116088
v -0.00509469584 0.00409689825 0.00357358297
v -0.00372932618 0.00410006801 0.002671391
v -0.00540998392 0.00409847312 0.00308504305
v -0.00524976198 0.00410001399 0.00222526863
v -0.00567037426 0.00409962935 0.00256021391
v -0.00587271107 0.00409999723 0.00200593797
v -0.00437115785 0.00409600837 0.00399214355
v -0.00316192978 0.00409603724 0.00427580578
v -0.0021803407 0.0041001006 0.0030021728
v 0.00255445647 0.00410002144 0.00328764925
v 0.00177606009 0.00409598788 0.00475033978
v -0.000706117484 0.00409603817 0.00464610616
v 0.000533526239 0.00409601629 0.00473164674
v -0.00193907844 0.00409604702 0.00449401373
v -0.000611151161 0.00410009641 0.00321583031
v 0.000969973742 0.00410006242 0.00331118749
v -0.0060471287 0.00410956144 0.00273688091
v -0.00577720301 0.00413928367 0.00329479063
v -0.00526706129 0.00410486339 0.00369195803
v -0.00542925298 0.00416339282 0.00380193931
v -0.00610141596 0.00414486649 0.00311497878
v -0.00623138715 0.00410434883 0.00282202451
v -0.00653696153 0.00400913367 0.00223281956
v -0.00642085541 0.00405219384 0.00219316455
v -0.00623613317 0.00408689538 0.00213007047
v -0.00594901759 0.00418897159 0.00339285145
v -0.00124874176 0.00410000049 5.60555673e-05
v 0.000734749599 0.00410000002 -0.00101125974
v -0.0011494013 0.00410000049 -0.000491300365
v -0.000822407368 0.00410000002 -0.000941350416
v -0.000332524476 0.00410000002 -0.00120496226
v 0.000223217416 0.00410000049 -0.00122990669
v -0.00110075437 0.00410000049 0.000592313474
v -0.000734749541 0.00410000002 0.00101125985
v -0.000223217517 0.00410000049 0.0012299068
v 0.000332524505 0.00410000002 0.00120496238
v 0.000822407426 0.00410000002 0.000941350532
v 0.00110075425 0.00409999955 -0.000592313416
v 0.00124874176 0.00409999955 -5.60554581e-05
v 0.00114940119 0.00410000049 0.00049130054
v -0.0011007546 -0.0019999994 0.000592315046
v -0.00124943943 -0.0019999994 -3.74194133e-05
v -0.00106333848 -0.00200000009 -0.000657123921
v -0.000592316384 -0.00199999986 -0.00110075565
v 3.74158299e-05 -0.00199999963 -0.00124943734
v 0.000657123863 -0.00200000009 -0.00106334197
v 0.0011007553 -0.00200000009 -0.000592319237
v -0.00110075495 0.00200000033 0.000592317549
v -0.00124874245 0.00200000033 5.60595981e-05
v -0.00114940072 0.00199999963 -0.000491303741
v -0.000822406902 0.00200000009 -0.000941353792
v -0.000332525087 0.00200000009 -0.00120495819
v 0.000223217954 0.00199999963 -0.00122991006
v 0.000734748959 0.00199999986 -0.00101125578
v 0.00110075483 0.00199999963 -0.000592316734
v 0.000822406786 0.00200000009 0.000941354607
v 0.0011494006 0.0019999994 0.000491304498
v -0.000734749075 0.00200000033 0.00101125659
v -0.00022321807 0.0019999994 0.00122991088
v 0.000332524971 0.00200000009 0.001204959
v 0.00124874222 0.00199999986 -5.60587905e-05
v 0.00124874257 -0.00200000009 -5.60612862e-05
v 0.00114940095 -0.00200000033 0.000491302053
v 0.000822407135 -0.00199999986 0.000941352104
v 0.00033252532 -0.00199999986 0.00120495656
v -0.000223217736 -0.00200000033 0.00122990832
v -0.000734749774 -0.00199999986 0.00101126148
v -0.00503697991 -0.00199999986 -0.00546771567
v -0.00427969871 -0.00200000009 -0.00606773188
v -0.00371527951 -0.00200000009 -0.00642247545
v -0.0022257627 -0.00199999986 -0.00706465403
v -0.0023125289 -0.00200000033 -0.00703748083
v -0.0029980978 -0.00200000033 -0.00678010983
v -0.00365587161 -0.00200000009 -0.00645585731
v -0.00511225499 -0.000983858481 -0.00554942852
v -0.00737157091 -0.00257724267 0.000971113332
v -0.0074298312 -0.00258620689 0.000242286827
v -0.00732127251 -0.00259873108 -0.00121140038
v -0.00741304224 -0.00259347097 -0.000487555459
v -0.0071556787 -0.00260194484 -0.00192222686
v -0.00691840751 -0.00260328688 -0.00261306483
v -0.00661249598 -0.00260310457 -0.00327709946
v -0.00478870375 -0.00259730383 -0.00553842401
v -0.00420894334 -0.00259708008 -0.00597687159
v -0.00359114213 -0.00259785168 -0.00635518553
v -0.00294116535 -0.00259943935 -0.00666985521
v -0.00226501329 -0.00260151643 -0.00691810856
v -0.00624177372 -0.00260186545 -0.00390774431
v -0.00581076462 -0.00260011875 -0.00449870853
v -0.0053245672 -0.0025984305 -0.00504408265
v -0.00542765344 -0.00174027914 -0.00513924565
v -0.00591473328 -0.0017407015 -0.00458081299
v -0.00634491164 -0.00174117496 -0.00397698581
v -0.00671360223 -0.00174133119 -0.00333372806
v -0.00701679196 -0.00174081896 -0.00265736249
v -0.00725111784 -0.00173933443 -0.00195452082
v -0.00741392374 -0.00173665723 -0.00123208039
v -0.00750333443 -0.00173267862 -0.000497054483
v -0.0074587171 -0.00172112836 0.000982180238
v -0.00751831103 -0.00172743376 0.000243420727
v 0.00738139451 0.00449435925 0.0104154628
v 0.00727412244 0.00458331453 0.0104367724
v 0.0073768557 0.00459409365 0.0105773909
v 0.00616877712 0.00523322681 0.0106797833
v 0.00609656097 0.00521447556 0.0105332341
v 0.00566318491 0.00535354018 0.0105337752
v 0.00651650503 0.00505869742 0.0111221485
v 0.00679578586 0.00491060736 0.0111039719
v 0.00684975041 0.00494394032 0.0109536173
v 0.00819475763 0.00349721196 0.01071514
v 0.00824052934 0.00341321668 0.0106803374
v 0.00829418935 0.0034915288 0.0105398707
v 0.00831185374 0.00130199222 0.0089037111
v 0.0083039999 0.00128679362 0.00887648389
v 0.00830157101 0.00142027112 0.00876108184
v 0.00759781571 0.00130261341 0.00609217398
v 0.00767821027 0.00132267305 0.00663102232
v 0.00770540023 0.00118026102 0.0066343341
v 0.00783422776 0.000751710089 0.00702416943
v 0.00767948711 0.000702196267 0.00611853693
v 0.00764513807 0.00100335921 0.00610707933
v 0.00806688145 0.0012782109 0.00802795868
v 0.00799418241 0.000866054907 0.0077395821
v 0.00788575318 0.0011193594 0.00736945868
v 0.00773851527 0.00103768893 0.00668917364
v 0.00825898442 0.00153600762 0.00864966586
v 0.00821012072 0.00112654036 0.00855119154
v 0.00815777387 0.00105120603 0.00836551189
v 0.0084278062 0.00157725508 0.00932230894
v 0.00847110897 0.00180887885 0.00933863875
v 0.00846138597 0.00168593077 0.00945794675
v 0.00851538777 0.00289083482 0.0102394242
v 0.00847756024 0.00280117872 0.0103761405
v 0.00850552507 0.00267043966 0.0102976263
v 0.00856238324 0.00230983784 0.00983662903
v 0.00854171719 0.00228600064 0.0100308629
v 0.00854068622 0.0022046261 0.00996624678
v 0.00851254538 0.00191663718 0.00970801245
v 0.00840308238 0.0030473026 0.0105099911
v 0.00788858719 0.00395451952 0.0108798956
v 0.00792174414 0.00405623065 0.0107463198
v 0.00749538979 0.00438761711 0.0110014323
v 0.00743227685 0.00454923837 0.0108787771
v 0.00747809326 0.00440392271 0.0110053858
v 0.0070407046 0.00475589698 0.0110791894
v 0.00704709534 0.00475150067 0.0110784024
v 0.0073738941 0.00449797371 0.011027311
v 0.00615355652 0.00521562435 0.0111340759
v 0.00620266702 0.00523295533 0.0109835546
v 0.00592408143 0.00529859494 0.0111359283
v 0.00552132633 0.00543744164 0.0109818429
v 0.0050817891 0.00553155271 0.0111209257
v 0.00482537644 0.00559124025 0.0109611228
v 0.00497692684 0.0055551501 0.011117232
v 0.00372095872 0.00578865362 0.0110602584
v 0.00348560209 0.00582678802 0.0108999629
v 0.00347789936 0.00582602061 0.0110481912
v 0.00350797991 0.00582982367 0.0104489392
v 0.00349331694 0.00582768954 0.0107480623
v 0.00432637846 0.0056761126 0.0104892971
v 0.00483273761 0.00558588048 0.0108081829
v 0.00478751352 0.00557504687 0.0105095152
v 0.00680353213 0.00496356748 0.0106503339
v 0.00687289098 0.00485766819 0.0104923053
v 0.00676956493 0.00491630984 0.0105018951
v 0.00630516326 0.00513507891 0.0105282972
v 0.00785537995 0.00412529008 0.0104489727
v 0.00820806343 0.00358093204 0.0102496315
v 0.00797969941 0.00378782442 0.0101925805
v 0.00780234905 0.00404869765 0.0102863321
v 0.00774203055 0.00412480114 0.0103110485
v 0.00747872889 0.00440642983 0.0103929192
v 0.00834447518 0.00198796811 0.00909164641
v 0.00830974244 0.00249200431 0.00942915305
v 0.00843786076 0.00245339959 0.00957188848
v 0.00827548467 0.00303736608 0.0098273484
v 0.00840545539 0.00300348643 0.0099603394
v 0.0082490854 0.00315258675 0.00989456754
v 0.00810687151 0.00354789733 0.0100928182
v 0.00811839662 0.00179144216 0.00854102615
v 0.00819532666 0.00196634163 0.00883271359
v 0.00824821927 0.00213117455 0.0090543814
v 0.0081844274 0.00163537031 0.00853706058
v 0.00800496712 0.00139545568 0.007930208
v 0.00796959549 0.00155948615 0.00798944756
v 0.00783852581 0.00125136727 0.00729105761
v 0.00778401596 0.00138146954 0.00720766326
v 0.00775557756 0.00136251503 0.00706623448
v 0.00552641554 0.00543535268 0.0108282706
v 0.00620497996 0.00523957796 0.010829052
v 0.00684934203 0.00496280473 0.0107986331
v 0.00743018603 0.00458271289 0.0107242838
v 0.00791622885 0.0041027884 0.0105939116
v 0.00827921554 0.0035480808 0.010391525
v 0.0084869517 0.00295827934 0.0100973211
v 0.00852388237 0.00239203754 0.00970271137
v 0.008428053 0.00190788927 0.00921473093
v 0.00504674157 0.00551444246 0.0105191469
v 0.00726899179 0.00092315732 0.00543781649
v 0.00702143973 0.000885922287 0.00533436146
v 0.006980862 0.0011501651 0.0053200773
v 0.00729997223 0.000645952299 0.00544869155
v 0.00705126999 0.000619877886 0.00534487143
v 0.00747203268 0.000957432669 0.0056038904
v 0.00750415819 0.000669969886 0.00561507419
v 0.0075931754 0.000984146376 0.00583875272
v 0.00762643665 0.000688710075 0.00585009297
v 0.00754840672 0.00127792871 0.00582372677
v 0.0072283051 0.00119885162 0.00542351604
v 0.00742971851 0.001243409 0.0055892244
v 0.00467999792 -0.00319716241 0.0128911929
v 0.00452335086 -0.00319676311 0.0124597093
v 0.00466403598 -0.0034051917 0.0128964847
v 0.00450758403 -0.00340479286 0.0124655273
v 0.00463834405 -0.00349035091 0.0129056098
v 0.00448197126 -0.0034899516 0.0124748759
v 0.00459518377 -0.00355690904 0.012921121
v 0.00443887245 -0.0035565102 0.0124905622
v 0.00453258445 -0.00360277132 0.0129437409
v 0.00437631644 -0.00360237202 0.0125132939
v 0.00445251865 -0.00363003323 0.0129727321
v 0.00429627486 -0.00362963486 0.0125423642
v 0.00425696326 -0.00364684523 0.0130436886
v 0.00410073344 -0.00364644709 0.0126133673
v 0.00483664032 -0.00319881761 0.013322657
v 0.004820487 -0.00340684503 0.0133274365
v 0.0047947187 -0.00349200168 0.01333634
v 0.00475149648 -0.00355856027 0.013351691
v 0.00468885712 -0.00360442139 0.0133741843
v 0.00460876338 -0.00363168423 0.013403126
v 0.00441319309 -0.003648496 0.0134740351
v 0.0134575833 0.00535999518 0.0353402048
v 0.0134779261 0.00518226298 0.0358866006
v 0.0135546187 0.00501506962 0.0362475999
v 0.012908631 0.00597109739 0.0302068498
v 0.0128461681 0.00593758188 0.0296227764
v 0.0124230161 0.00602258649 0.0291936435
v 0.0127443429 0.00584563939 0.0286705755
v 0.00919478387 0.00641328888 0.0281348843
v 0.00938238483 0.00642852066 0.0285094753
v 0.0104194507 0.00638598157 0.0289694685
v 0.0109804133 0.0062676454 0.0284709278
v 0.0100713661 0.00623313989 0.0270273872
v 0.00938236993 0.00635615457 0.0275145993
v 0.0106724966 0.00605965406 0.0265364144
v 0.0114813074 0.0061045452 0.027947465
v 0.0119044157 0.00621619262 0.0298520457
v 0.0110003622 0.00592978392 0.0262333099
v 0.0119175417 0.00589756295 0.027399756
v 0.0111897308 0.00583981303 0.0260431897
v 0.0122839073 0.00564733706 0.0268288236
v 0.0113694109 0.00574190496 0.0258501768
v 0.012500966 0.00543878134 0.026394723
v 0.0124393683 0.00529197184 0.0258186981
v 0.0116310641 0.0055716685 0.0255411882
v 0.0123772305 0.00512379734 0.0252376627
v 0.0120020239 0.00524861272 0.0250205398
v 0.0123212682 0.00495277811 0.0247143283
v 0.0122967046 0.00487108575 0.0244846474
v 0.0127066001 0.00579994032 0.0283176545
v 0.0125637176 0.00556950737 0.0269815028
v 0.0127820158 0.00598456478 0.0331760012
v 0.0122806672 0.00590764824 0.0346566029
v 0.0133532239 0.00562960422 0.0343643129
v 0.0125267925 0.00572414277 0.0352133512
v 0.012682423 0.00558648258 0.0355685465
v 0.013012317 0.0052271462 0.0363297462
v 0.0130416527 0.00519000739 0.0363979973
v 0.013606254 0.00478524063 0.0367304347
v 0.0136446645 0.00458893552 0.0370896421
v 0.0133586377 0.00472084945 0.0371413045
v 0.0134248808 0.0046044481 0.0372980572
v 0.0136820739 0.00437340187 0.0374394655
v 0.0136334943 0.00418418832 0.0377949029
v 0.0137501834 0.00390490494 0.0380752496
v 0.0102371173 0.00645958027 0.0302497763
v 0.0108152349 0.00642244844 0.0314596184
v 0.0112913763 0.00635878043 0.030481996
v 0.0113477912 0.00632267538 0.0325990282
v 0.0120781846 0.0062304209 0.0318860523
v 0.0118359979 0.00615237467 0.033665698
v 0.0119676553 0.00609006593 0.0339571051
v 0.00900327135 0.0063958494 0.0277551115
v 0.0127401296 0.00606889185 0.0311363395
v 0.0132418238 0.00582450815 0.03332261
v 0.0131701874 0.00590685382 0.0326527171
v 0.0130417319 0.00598172005 0.0314515121
v 0.0130417328 -0.00598171912 0.0314515084
v 0.0131701883 -0.00590685336 0.0326527171
v 0.0127820168 -0.00598456385 0.0331759974
v 0.0122806644 -0.00590764824 0.0346566141
v 0.0119676553 -0.00609006546 0.0339571089
v 0.0118359989 -0.00615237467 0.0336656943
v 0.011347794 -0.00632267445 0.0325990282
v 0.0120781846 -0.0062304209 0.0318860523
v 0.00919478294 -0.00641328841 0.028134888
v 0.00900326949 -0.00639584847 0.0277551208
v 0.00925660785 -0.00637136167 0.0275961086
v 0.0110005392 -0.00592981605 0.0262335129
v 0.0119175445 -0.00589756342 0.0273997486
v 0.0114813065 -0.00610454474 0.0279474705
v 0.011177077 -0.00584630668 0.0260565728
v 0.0115379179 -0.00563647691 0.0256555751
v 0.0122839073 -0.00564733613 0.0268288273
v 0.0120025389 -0.0052480842 0.0250198338
v 0.0122967055 -0.00487108668 0.0244846493
v 0.0123212673 -0.00495277764 0.0247143302
v 0.0123772332 -0.0051237978 0.0252376534
v 0.0124393664 -0.00529197231 0.0258187056
v 0.0116282152 -0.00557362009 0.0255448241
v 0.012500966 -0.00543878134 0.0263947304
v 0.00994693395 -0.00626072474 0.0271208547
v 0.0103933522 -0.00614924775 0.0267734453
v 0.0106330616 -0.00607342087 0.0265712533
v 0.0104194526 -0.00638598111 0.0289694574
v 0.0102371182 -0.0064595812 0.0302497726
v 0.0093823839 -0.00642852113 0.0285094827
v 0.0109804124 -0.00626764446 0.0284709297
v 0.0125267906 -0.00572414231 0.0352133662
v 0.0133532239 -0.00562960329 0.0343643129
v 0.0126824239 -0.00558648212 0.0355685465
v 0.0134575833 -0.00535999425 0.0353402086
v 0.0130123161 -0.0052271462 0.0363297462
v 0.0137501834 -0.00390490517 0.0380752459
v 0.0136334943 -0.00418418925 0.0377949029
v 0.0136820748 -0.00437340233 0.0374394655
v 0.0134248817 -0.00460444903 0.0372980535
v 0.0136446655 -0.00458893552 0.0370896421
v 0.0133586349 -0.00472085038 0.0371413194
v 0.0136062512 -0.00478524016 0.0367304459
v 0.0130416527 -0.00519000785 0.0363979936
v 0.0135546187 -0.00501506962 0.0362475961
v 0.0134779271 -0.00518226298 0.0358865857
v 0.0132418219 -0.00582450768 0.0333226137
v 0.0127401287 -0.00606889091 0.0311363414
v 0.0129086291 -0.00597109599 0.0302068554
v 0.012706602 -0.00579993986 0.0283176526
v 0.0127443438 -0.00584563939 0.028670568
v 0.0124230161 -0.00602258602 0.0291936379
v 0.0128461691 -0.00593758328 0.0296227746
v 0.0119044157 -0.00621619169 0.0298520401
v 0.0125637176 -0.00556950783 0.0269815009
v 0.0112913772 -0.0063587809 0.0304819923
v 0.0108152358 -0.00642244797 0.0314596072
v 0.0139399786 3.53336804e-10 0.0398511738
v 0.0136762094 2.44979037e-10 0.0399639048
v 0.0136559885 -0.000755104295 0.0399143882
v 0.0117900567 -0.00500838319 0.0373419225
v 0.0123690255 -0.00513947103 0.0368864648
v 0.0126773119 -0.00467358343 0.0375951603
v 0.00833794288 -0.0063804253 0.0303350314
v 0.0095263347 -0.00645668246 0.0307790749
v 0.0101290327 -0.00640419358 0.0320150964
v 0.013167223 -0.00355086033 0.038742587
v 0.0129430275 -0.00414221035 0.0382142179
v 0.00823779404 -0.00642080326 0.0281874649
v 0.00751836598 -0.00637429347 0.0285261385
v 0.00741862925 -0.00636192271 0.0285674296
v 0.0100112716 -0.00617133221 0.0336763337
v 0.00959381554 -0.00626813341 0.0328305773
v 0.00943719875 -0.0062950463 0.0325148925
v 0.0106773097 -0.00629115058 0.0331654139
v 0.011173171 -0.00611077156 0.0342281982
v 0.0104513448 -0.0060184598 0.0345781371
v 0.0116189094 -0.00585953379 0.0352027789
v 0.0109893437 -0.0057355226 0.0356876999
v 0.0114027765 -0.00541787734 0.0365421623
v 0.011383255 -0.00543540018 0.0365016684
v 0.012016844 -0.00553549547 0.0360889211
v 0.0111515131 -0.00562338624 0.0360223129
v 0.0110182352 -0.00571659068 0.0357473046
v 0.012856029 -0.00262609194 0.0395772047
v 0.0127991233 -0.00285634585 0.0394553803
v 0.013350429 -0.00290718465 0.0391785987
v 0.0126416562 -0.00338507467 0.039120432
v 0.0123714386 -0.00406257901 0.0385517105
v 0.0122511964 -0.00430350238 0.038300246
v 0.0120926378 -0.00457959622 0.0379704796
v 0.0129284188 -0.00228807703 0.0397327989
v 0.0134929549 -0.00221979246 0.0395204462
v 0.0130128982 -0.00179321715 0.0399154499
v 0.0135948285 -0.00149884948 0.0397662558
v 0.0130550535 -0.00147448631 0.0400070474
v 0.0130933868 -0.00109853537 0.0400906205
v 0.0131082255 -0.0009095032 0.0401230417
v 0.0131189134 -0.000743087381 0.0401464105
v 0.0131401448 2.45361176e-10 0.0401929989
v 0.0138819059 -0.00228992361 0.0393081158
v 0.013909746 -0.00167272927 0.0395684615
v 0.0139218178 -0.00130343193 0.0396813378
v 0.0139353918 -0.000659013866 0.0398082845
v 0.0137740811 -0.00368915312 0.0382998511
v 0.0138230715 -0.00316538825 0.038757965
v 0.013845819 -0.00286968891 0.0389706753
v 0.00708099408 -0.00630782498 0.028696103
v 0.0078684194 -0.00627326639 0.0305762365
v 0.00694846408 -0.00628105784 0.0287414417
v 0.00647502951 -0.00615649205 0.0288761016
v 0.00767669547 -0.00620757416 0.030674411
v 0.00747779943 -0.00612430647 0.0307761263
v 0.0133436611 -2.20083299e-10 0.0386774652
v 0.0135374637 -3.29659716e-10 0.0386071056
v 0.0135315638 -0.000376165932 0.038590841
v 0.0133043882 -0.00218265457 0.0379650965
v 0.0131167881 -0.00185427209 0.0382602811
v 0.0134328771 -0.00152753352 0.0383190103
v 0.0132190567 -0.00141829962 0.0384447016
v 0.0134597272 -0.00132978265 0.0383929722
v 0.0132352989 -0.00132981245 0.0384744331
v 0.0135157555 -0.000717448944 0.0385473035
v 0.0132897738 -0.000957923883 0.0385747962
v 0.0133309606 -0.00048211735 0.0386517793
v 0.0126177203 -0.00291994051 0.0374212861
v 0.0126713607 -0.00284431572 0.0375076085
v 0.0130839841 -0.0028441851 0.037357986
v 0.0128138131 -0.00261199242 0.0377408266
v 0.0132851116 -0.00225692196 0.0379119962
v 0.0129813896 -0.00225520646 0.0380236804
v 0.0130094551 -0.00218274235 0.038072098
v 0.0123982467 -0.00317973481 0.0370755307
v 0.0128659541 -0.0032566369 0.0367574021
v 0.0121154562 -0.00343080238 0.0366442688
v 0.0127425855 -0.00343039958 0.0364175923
v 0.0119093163 -0.00357311266 0.0363383628
v 0.012549364 -0.00364464335 0.0358853564
v 0.0114483126 -0.00380935194 0.0356724635
v 0.0123529537 -0.00380928512 0.0353443362
v 0.0113792298 -0.00383732957 0.0355742536
v 0.0121608954 -0.00393196661 0.034815304
v 0.010825987 -0.0040121749 0.0348013006
v 0.0118566277 -0.00407042541 0.0339771844
v 0.0105670085 -0.00407045893 0.0344450809
v 0.0102605782 -0.00412476854 0.0340267979
v 0.0116709881 -0.00412910338 0.0334658399
v 0.00920508802 -0.0042231041 0.0326072872
v 0.0111085111 -0.00422310038 0.0319164768
v 0.00910998974 -0.00422684895 0.0324804969
v 0.0108894939 -0.0042344681 0.0313131884
v 0.00794942956 -0.00422589108 0.0309394151
v 0.0101832058 -0.00420758827 0.0293677114
v 0.00916725397 -0.00408429839 0.0265692249
v 0.00565019809 -0.00408429839 0.0278460439
v 0.0129792951 -0.000482922769 0.03884238
v 0.0129917646 -3.25517391e-10 0.0388676412
v 0.0129574165 -0.000781804847 0.0388011746
v 0.0129390182 -0.000958351651 0.0387670733
v 0.0128698433 -0.00141942583 0.0386397578
v 0.0127700483 -0.00185604871 0.0384596922
v 0.0126380213 -0.00225836574 0.0382288322
v 0.0126210544 -0.00230134116 0.0381997041
v 0.0124745267 -0.00261783111 0.0379525907
v 0.0123254778 -0.0028677911 0.0377084799
v 0.0122826956 -0.00292988401 0.0376395881
v 0.0115847634 -0.00359872961 0.0365707614
v 0.0120672183 -0.00319466088 0.0372995883
v 0.0110584088 -0.00387262064 0.0358105339
v 0.0109861745 -0.00390149304 0.0357080661
v 0.0105078854 -0.00405519037 0.0350399576
v 0.0102016665 -0.00412656041 0.0346183032
v 0.00994370691 -0.00417410443 0.0342658758
v 0.0090498738 -0.00427274359 0.0330604501
v 0.00879451819 -0.00428654533 0.0327190571
v 0.0076341629 -0.00429575006 0.0311754793
v 0.00533487601 -0.00417759642 0.0280737858
v 0.00556379417 0.00409229472 0.0279115904
v 0.00565112755 0.00408436917 0.0278471336
v 0.00790846907 0.00422457373 0.0308851171
v 0.00858100597 0.00429440616 0.0324348882
v 0.00791857205 0.00430030329 0.0315539055
v 0.00743388897 0.00429049553 0.0309089962
v 0.0058551617 0.00421020761 0.0287842602
v 0.00533652958 0.00417766673 0.0280758999
v 0.00907599367 0.00422800146 0.0324350744
v 0.00932694133 0.00421724794 0.0327698141
v 0.00948477443 0.00423576217 0.0336438641
v 0.0102338819 0.00412881607 0.0339902751
v 0.0105869239 0.00406639744 0.0344722085
v 0.010273139 0.00411146972 0.0347164869
v 0.00951084401 0.00423294026 0.0336790159
v 0.0108029814 0.00401786482 0.0347694382
v 0.0113600716 0.00384480739 0.0355470516
v 0.0108756749 0.0039424682 0.0355521105
v 0.0113590499 0.0037316808 0.0362417027
v 0.0115855671 0.00374863693 0.0358687192
v 0.0115696061 0.00360847218 0.036548879
v 0.0118941851 0.00358249713 0.0363161676
v 0.0117770368 0.00346113392 0.0368565656
v 0.0122782122 0.00329567841 0.0368907377
v 0.011840119 0.00340998243 0.0369516276
v 0.0123874405 0.00319082383 0.037058793
v 0.0121145593 0.00314238621 0.0373734049
v 0.0122319208 0.00299895043 0.0375585668
v 0.0126091158 0.00293156295 0.03740751
v 0.0123473043 0.00283454289 0.0377439782
v 0.0127534559 0.00271668029 0.0376412757
v 0.0125531964 0.00245861569 0.0380846001
v 0.0128073525 0.00262369332 0.0377301164
v 0.0129769091 0.00226635649 0.0380159914
v 0.0126991021 0.00208898378 0.0383348204
v 0.0130828088 0.00196861918 0.0382001474
v 0.0127278324 0.00200015563 0.0383851081
v 0.0131139876 0.00186414132 0.0382552966
v 0.0128078666 0.00170990976 0.0385271832
v 0.012854727 0.00149801013 0.0386119187
v 0.0132175339 0.00142622844 0.0384419188
v 0.0132769849 0.00105942029 0.0385511443
v 0.0129389139 0.000958274526 0.0387671702
v 0.0132891163 0.000963441096 0.0385735817
v 0.013330807 0.000484943826 0.0386514626
v 0.012984626 0.000376107229 0.0388521291
v 0.00916758459 0.00408435334 0.0265701357
v 0.0100473035 0.00419418607 0.0289933477
v 0.0111749163 0.00421723258 0.0320993923
v 0.0118676424 0.00406636624 0.0340075158
v 0.0104235392 0.00422567921 0.0300297104
v 0.0128405159 0.00329532451 0.0366873443
v 0.0127066895 0.00347498711 0.0363187045
v 0.0124319997 0.00374847068 0.0355620645
v 0.0123134023 0.00383726577 0.0352353901
v 0.0133540072 0.00196850928 0.0381017588
v 0.0132209845 0.00247643795 0.0377353467
v 0.0131364232 0.00271653058 0.0375024192
v 0.0130000431 0.00302262511 0.0371267498
v 0.0135282576 0.000469316903 0.0385817401
v 0.0134891868 0.00105938246 0.0384741277
v 0.0133940857 0.00176426105 0.0382121578
v 0.0137257064 0.00164508587 0.0378474891
v 0.0137275765 0.00165847235 0.0378649458
v 0.0136559429 0.00200179243 0.0376701318
v 0.0108303707 0.00399218081 0.0298870187
v 0.00956805889 0.00388324982 0.0264347382
v 0.00959735736 0.00363514805 0.0264361966
v 0.0104413787 0.00422555255 0.0300232358
v 0.0137383491 0.000925815257 0.0383847691
v 0.0137882894 0.000517830718 0.0384327136
v 0.0137660764 0.000465590711 0.0384611525
v 0.0137923947 1.03911373e-10 0.0384711139
v 0.0136946635 0.00134641083 0.0382644199
v 0.013764306 0.00128636311 0.0382084101
v 0.0137810158 0.000850010838 0.0383646637
v 0.0137618249 0.00133349746 0.0381852314
v 0.0137523506 0.00133251993 0.0382038467
v 0.01374471 0.00157871167 0.0380251966
v 0.013691524 0.00173051003 0.038036298
v 0.0136481831 0.00206011813 0.0377600864
v 0.0137298442 0.00166473584 0.0378861576
v 0.0137234945 0.00170209201 0.0379675329
v 0.013732384 0.00166288251 0.0379098989
v 0.0137361903 0.00164788228 0.0379455201
v 0.0137240589 0.00162365031 0.037832059
v 0.0136811314 0.00155399984 0.037685059
v 0.0137208486 0.00151812914 0.0378020667
v 0.0137197012 0.00131484098 0.0377913043
v 0.0135576054 0.00208436698 0.0373448059
v 0.0135679618 0.00231709378 0.037427783
v 0.0135315005 0.00216958113 0.0372729152
v 0.013360953 0.00282855658 0.0368575789
v 0.0133373905 0.00264889607 0.0367382318
v 0.0130815366 0.00325910863 0.0360879228
v 0.0127004068 0.00360994134 0.0350380763
v 0.0127010001 0.00339949713 0.0349852666
v 0.0130139096 0.00312503963 0.035847187
v 0.0130708786 0.00305926008 0.0360041186
v 0.0133226849 0.00267729955 0.0366977267
v 0.0108941505 0.00377851911 0.030008262
v 0.0117435874 0.00374982017 0.0323480442
v 0.0117297117 0.00396574615 0.0323642679
v 0.0118730143 0.00372854178 0.0327045508
v 0.0121818874 0.00386276864 0.0336097926
v 0.0121912016 0.00364791788 0.0335810184
v 0.012542774 0.00349692046 0.0345494337
v 0.0135552716 -1.97766817e-10 0.0386005417
v 0.012724516 0.0034749005 0.0363121964
v 0.0130178649 0.00302254921 0.0371202305
v 0.0137752127 -1.90600563e-10 0.0384863056
v 0.0135460673 0.000469306891 0.0385751761
v 0.0135181053 0.000933361473 0.0384981558
v 0.0134740267 0.00135770219 0.0383767486
v 0.0134118954 0.00176421797 0.038205605
v 0.0133334389 0.0021371881 0.0379895009
v 0.0132388007 0.00247637508 0.0377288088
v 0.0123312334 0.00383717637 0.0352288969
v 0.0113461977 0.00419888878 0.0325155742
v 0.0118032973 0.00409475947 0.0337746665
v 0.0136331161 0.00174910203 0.0380949005
v 0.0135554252 0.00211843662 0.0378808938
v 0.013461709 0.00245431578 0.0376227424
v 0.0132427011 0.00299568288 0.0370194763
v 0.0129512828 0.00344501506 0.0362167582
v 0.0125596831 0.00380570604 0.0351380929
v 0.012033049 0.00406262977 0.0336874723
v 0.011576632 0.00416660076 0.0324302502
v 0.0106725749 0.00419323286 0.0299399868
v 0.0136147728 0.00209537195 0.0378248915
v 0.01352219 0.00242718193 0.037569873
v 0.013305557 0.00296263583 0.0369731374
v 0.0130165098 0.00340825459 0.0361769572
v 0.0126269814 0.00376699702 0.0351039879
v 0.0121019538 0.00402311143 0.0336577781
v 0.0116463741 0.00412688451 0.0324028768
v 0.0107432483 0.00415347749 0.0299151931
v 0.0135573344 0.00238570897 0.0375098437
v 0.0133443251 0.00291212369 0.0369231105
v 0.0130589074 0.00335206673 0.036136914
v 0.0126725426 0.0037078294 0.0350726508
v 0.0121499663 0.00396270538 0.0336331986
v 0.01169567 0.00406617858 0.0323818251
v 0.010793969 0.00409271196 0.0298980754
v 0.00951113272 0.00399029255 0.0264501609
v 0.00941831432 0.00405146834 0.0264808275
v 0.00919742417 0.00408410886 0.0265593268
v 0.0102704233 -0.00417993451 0.0289950557
v 0.00959691312 -0.00363507867 0.0264349822
v 0.00957858842 -0.00383954495 0.0264317375
v 0.010484091 -0.00395209668 0.0289259739
v 0.0108015463 -0.00377306389 0.0297531635
v 0.0112962797 -0.00398945855 0.0311631635
v 0.011709027 -0.00375459041 0.0322528556
v 0.0116839632 -0.00396073563 0.0322310589
v 0.0120707974 -0.00388512597 0.0332965925
v 0.0120794922 -0.00368136074 0.0332733095
v 0.0124465898 -0.00354630779 0.0342844874
v 0.0125527838 -0.00369126815 0.0346242376
v 0.0125548607 -0.00349023403 0.0345827267
v 0.012887924 -0.00325127947 0.0355001576
v 0.0129308626 -0.00341180945 0.035665676
v 0.0129242614 -0.00321732904 0.0356002487
v 0.0132343397 -0.00304013514 0.0365016088
v 0.0132167907 -0.00285929674 0.0364060216
v 0.0134448726 -0.00263991859 0.0370815173
v 0.0136268297 -0.00210582023 0.0375827216
v 0.0135869998 -0.00197961205 0.0374257788
v 0.0134979822 -0.00226992019 0.0371805914
v 0.0134165557 -0.00247972668 0.0369562879
v 0.0132493582 -0.00280717551 0.0364957452
v 0.0137026384 -0.00178080169 0.0377915539
v 0.013724423 -0.00162944791 0.0378354974
v 0.0136648808 -0.00164041971 0.0376403071
v 0.0137222167 -0.00158043427 0.0378148332
v 0.0137197003 -0.001314839 0.0377913043
v 0.0137306526 -0.00166501326 0.0378937386
v 0.0137282349 -0.00166124443 0.0378711186
v 0.0137263667 -0.00165088172 0.0378536545
v 0.0137474341 -0.00154859631 0.0380506627
v 0.0137385949 -0.00163268589 0.037968006
v 0.0137026794 -0.00182476698 0.0378704295
v 0.0137330489 -0.00166119495 0.0379161276
v 0.0137776202 -0.000709513493 0.0384054072
v 0.0137800742 -0.000882733962 0.0383558683
v 0.0136957606 -0.00150973781 0.0381799191
v 0.0137643451 -0.00128553424 0.0382088125
v 0.0137609392 -0.00134957256 0.0381769314
v 0.0137066254 -0.00071442395 0.0384601578
v 0.0137895104 -0.000434982911 0.0384441391
v 0.0136247203 -0.00215898664 0.0376556963
v 0.0134379147 -0.00270740059 0.0371411256
v 0.013222849 -0.003116315 0.0365487225
v 0.0129147572 -0.00349373673 0.0357000791
v 0.0125330221 -0.0037759589 0.0346485749
v 0.0120482473 -0.00397097273 0.0333132632
v 0.0116599714 -0.00404686993 0.0322437473
v 0.0112712746 -0.00407567108 0.0311730746
v 0.0104577942 -0.00403825892 0.0289322995
v 0.0095519824 -0.00392567134 0.026437236
v 0.0136241335 -0.00152075104 0.0382329486
v 0.0130598256 -0.00324157439 0.0366785228
v 0.0127441483 -0.00362844695 0.0358089991
v 0.0123564014 -0.00391521398 0.0347409286
v 0.00936411042 -0.00406728685 0.0264985915
v 0.00944483094 -0.00403963495 0.0264706202
v 0.0135586141 -0.0018970588 0.0380524732
v 0.0132823447 -0.00281835953 0.0372914672
v 0.0134771271 -0.00224640616 0.0378280021
v 0.0136307823 -0.00188294321 0.0380009301
v 0.0137437163 -0.00149120786 0.0381170586
v 0.00950808637 -0.00399311259 0.0264499038
v 0.010351046 -0.00415227143 0.0289668124
v 0.0110860355 -0.00421742629 0.0312416796
v 0.0114763947 -0.00418849709 0.0323169343
v 0.0118670436 -0.00411212724 0.0333929919
v 0.012434924 -0.00388802402 0.0347069129
v 0.0128214974 -0.00360214431 0.0357717387
v 0.0131356921 -0.0032171174 0.0366371982
v 0.0133567555 -0.00279669417 0.0372461379
v 0.0135499816 -0.00222933758 0.0377783664
v 0.013679645 -0.0018591946 0.0379405804
v 0.0136000048 -0.00220061932 0.0377212092
v 0.0134093994 -0.00276024314 0.0371961892
v 0.0131907854 -0.00317596784 0.0365939997
v 0.0128790829 -0.00355788949 0.0357353985
v 0.012494483 -0.00384227722 0.0346760228
v 0.0120075289 -0.00403819466 0.0333346762
v 0.011946463 -0.00408456568 0.0333614275
v 0.0115562771 -0.00416084332 0.0322866514
v 0.0116181206 -0.00411431724 0.0322620571
v 0.0111662429 -0.00418974739 0.0312122889
v 0.0112286322 -0.00414317893 0.0311891977
v 0.0104141375 -0.00410572905 0.028945636
v 0.00941841025 -0.00361123052 0.0259432867
v 0.00923996326 -0.00358695071 0.0254517514
v 0.00940005574 -0.00381568656 0.0259399619
v 0.00922153797 -0.00379137113 0.0254482217
v 0.00937343575 -0.00390180736 0.0259454288
v 0.00919489004 -0.00387749565 0.0254535936
v 0.00932952762 -0.00396924373 0.025958078
v 0.00915095955 -0.00394493574 0.0254661646
v 0.00926626567 -0.00401576236 0.0259787645
v 0.00908767991 -0.00399145763 0.0254868176
v 0.00918554328 -0.00404341053 0.026006721
v 0.00900694449 -0.0040191072 0.0255147424
v 0.0089886589 -0.00406043511 0.026077291
v 0.00881007221 -0.0040361397 0.0255853739
v 0.00561409909 -0.00408166368 0.0277970992
v 0.00530759478 -0.00405909028 0.0273825042
v 0.00499984249 -0.00403613923 0.0269686282
v 0.0052989251 -0.00417532353 0.0280248933
v 0.00499349739 -0.0041561164 0.0276103728
v 0.00468704151 -0.00413654139 0.0271968283
v 0.00489941938 -0.00475029787 0.0294717718
v 0.00494103041 -0.004750269 0.0295306928
v 0.00559725845 -0.00474859262 0.0304519832
v 0.0056063938 -0.00474855583 0.0304646734
v 0.00576051278 -0.00474781077 0.0306783356
v 0.0064472747 -0.00473947963 0.0316209793
v 0.00644947169 -0.00473943586 0.0316239633
v 0.00830895081 -0.00462830393 0.0341454521
v 0.00722389296 -0.0047148373 0.0326753482
v 0.00664680917 -0.00473505259 0.0318926945
v 0.00912866462 -0.00448924908 0.0352685153
v 0.0106033394 -0.00385899097 0.0373791195
v 0.0102531286 -0.00408317195 0.0368601866
v 0.00999837462 -0.00420872867 0.0364914052
v 0.00973173697 -0.00431516627 0.0361114964
v 0.0106656859 -0.00381103181 0.0374732502
v 0.0109769255 -0.00352120632 0.0379531942
v 0.0113191027 -0.00305553037 0.0385058969
v 0.0112309456 -0.003196117 0.0383604467
v 0.0110739926 -0.00340879196 0.0381069146
v 0.0114568919 -0.0027946264 0.0387382917
v 0.0115164733 -0.00266144867 0.0388409384
v 0.0116031216 -0.00243785419 0.0389928482
v 0.0116340015 -0.00234756712 0.0390477739
v 0.0119203795 -0.000820859801 0.0395811386
v 0.011871445 -0.00127529108 0.0394865014
v 0.0118075786 -0.00166813971 0.0393653624
v 0.0117673222 -0.00186189485 0.0392902158
v 0.011932916 -0.000647541601 0.0396056883
v 0.0101674413 -0.005258149 0.0360041074
v 0.0103053376 -0.00515147904 0.0362697802
v 0.0100696562 -0.00504077133 0.0360979922
v 0.0119972154 -0.00194668106 0.0395766087
v 0.0107106818 -0.00424276479 0.0373588279
v 0.0074774744 -0.00476136245 0.0329849608
v 0.00471714651 -0.00512053072 0.0288425554
v 0.0051267501 -0.00546440762 0.0289452691
v 0.00533326901 -0.005080848 0.0297882855
v 0.005781719 -0.00533518568 0.0301341917
v 0.00602514017 -0.00517597748 0.0306792352
v 0.00624858774 -0.0049837851 0.0311740898
v 0.00721388124 -0.00502000935 0.0324610509
v 0.0104119219 -0.00467128633 0.0367701761
v 0.0109679503 -0.00375805516 0.0378668532
v 0.0118164867 -0.00270561897 0.0392105132
v 0.0117207346 -0.00300888857 0.0390185229
v 0.0116140116 -0.00329840765 0.0388060175
v 0.0119158197 -0.00232874183 0.0394111127
v 0.0121444333 -0.000802464492 0.0398788266
v 0.012173092 -1.94286101e-10 0.0399384275
v 0.0120663913 -2.79801682e-10 0.0397967957
v 0.0120579777 -0.00158806005 0.0397008769
v 0.0110699804 -0.00432478637 0.0377419069
v 0.0114771547 -0.00361536094 0.0385355428
v 0.01137562 -0.00382027589 0.0383362025
v 0.0111918049 -0.00414057542 0.0379780233
v 0.0105278902 -0.00495612901 0.0366982371
v 0.0107310014 -0.00474914396 0.0370888263
v 0.0109053869 -0.00454602716 0.037423715
v 0.00993220881 -0.00541879283 0.0355494469
v 0.00968079083 -0.00535043189 0.035338033
v 0.00957733113 -0.00561810657 0.0348589979
v 0.00924191251 -0.00560053531 0.0344860815
v 0.00947334524 -0.00566785363 0.0346559472
v 0.00903717987 -0.00583945215 0.0338040218
v 0.00874929875 -0.00579338754 0.0335388854
v 0.00870062876 -0.00593747431 0.0331471674
v 0.00819931924 -0.00593219372 0.0324940942
v 0.00841961149 -0.00600144267 0.0325981043
v 0.00826297514 -0.00603102706 0.0322921127
v 0.00758901099 -0.00602189545 0.0313523114
v 0.00625244156 -0.00608017156 0.0289226305
v 0.00692319777 -0.00523483008 0.0318748802
v 0.00660368055 -0.00540821766 0.0312245954
v 0.00625372212 -0.00554392068 0.0305104796
v 0.00555543974 -0.00575049408 0.028984556
v 0.0059610866 -0.00596037647 0.0289652068
v 0.00671974011 -0.00572103914 0.030864656
v 0.00716456771 -0.00587782124 0.0311543886
v 0.00717803137 -0.00560601754 0.0317468345
v 0.00771391531 -0.0057783043 0.0321826041
v 0.00759457564 -0.00544892531 0.0325521603
v 0.0082111042 -0.0056328536 0.0331227966
v 0.00865872949 -0.00543666584 0.033974424
v 0.00973429065 -0.00451801764 0.0360237285
v 0.00941746589 -0.00488050887 0.0354214422
v 0.00905983243 -0.00518663088 0.0347396471
v 0.013104843 -1.54942059e-10 0.0402080156
v 0.0128784664 -7.04491243e-10 0.0402812846
v 0.0128419865 -0.000905595138 0.0402124152
v 0.0127368961 -4.9357235e-10 0.0402929261
v 0.012600461 -2.85771407e-10 0.0402734317
v 0.0125665311 -0.000885590271 0.0402045883
v 0.00864492264 -0.00620934973 0.0321122184
v 0.00845228974 -0.00612930814 0.0322034918
v 0.00921445806 -0.00595917692 0.0337319374
v 0.00996318925 -0.00565035222 0.0352400206
v 0.0103304451 -0.0054237484 0.0359783173
v 0.0110327145 -0.00477480749 0.0373899005
v 0.0106887445 -0.00513569219 0.0366976447
v 0.0113535058 -0.00432965858 0.0380414762
v 0.0116426665 -0.00379344029 0.0386357941
v 0.0118908435 -0.00316505786 0.0391534418
v 0.0120903915 -0.00245328317 0.0395755246
v 0.0122359907 -0.00167431321 0.0398871005
v 0.012324376 -0.000848920085 0.0400778539
v 0.0124617107 1.68800765e-10 0.0402173735
v 0.0107661765 -0.0056614331 0.0358479209
v 0.0103936382 -0.00586984819 0.0350872688
v 0.00963455532 -0.00614029914 0.0335491002
v 0.0111317486 -0.00538676744 0.0365972407
v 0.0114844488 -0.00503203738 0.0373237506
v 0.0118169375 -0.00458176807 0.0380156338
v 0.0121199489 -0.00402677711 0.03865242
v 0.0127480524 -0.00178531674 0.0400051884
v 0.012593396 -0.00261377729 0.0396671295
v 0.0123818144 -0.00336739584 0.0392102189
v 0.0124752382 -0.00174606999 0.0400028452
v 0.012324892 -0.00255676033 0.0396734327
v 0.0121190595 -0.00329480087 0.0392276123
v 0.0118638426 -0.00394167705 0.0386824757
v 0.0115677295 -0.00448769145 0.0380592272
v 0.0112412581 -0.0049333279 0.0373805948
v 0.0108934594 -0.00528739765 0.0366657041
v 0.0105319619 -0.00556427566 0.0359271578
v 0.0101627205 -0.00577729754 0.0351748541
v 0.00941020064 -0.0060599451 0.0336486585
v 0.0121386154 0.00450388715 0.038065847
v 0.0119809806 0.00475092651 0.0377389491
v 0.0117322616 0.00471730623 0.0378279984
v 0.00913967285 0.00633458979 0.0319166742
v 0.00880493689 0.00636334345 0.0312486161
v 0.00861555431 0.00630198466 0.0315074585
v 0.00808395352 0.00638098782 0.0298446789
v 0.00761553319 0.00628012279 0.0300881639
v 0.00839834847 0.00623866823 0.0316142626
v 0.0102246031 0.00594906835 0.034731809
v 0.0102160741 0.00610763067 0.0340947174
v 0.00942594185 0.00619000336 0.0331202075
v 0.00967871584 0.00625158194 0.0330019593
v 0.00943709444 0.00629505096 0.0325147174
v 0.0110267662 0.00571091939 0.0357648879
v 0.0105267251 0.00598588027 0.0347334407
v 0.0104741342 0.00600882852 0.0346250683
v 0.010616526 0.00575650204 0.0355313793
v 0.0110025983 0.00549813034 0.0363208726
v 0.0112497248 0.00554804504 0.0362251438
v 0.0113764303 0.00515772821 0.0370904133
v 0.0117705353 0.00503237918 0.0373014435
v 0.011658893 0.00516178273 0.0370710902
v 0.0114027793 0.00541787688 0.0365421623
v 0.012371487 0.00406257249 0.0385517068
v 0.0120581957 0.00416511856 0.0385104977
v 0.0125443339 0.00365538476 0.0389149189
v 0.0123418076 0.0034974704 0.0391130373
v 0.0126213301 0.00344450655 0.0390774198
v 0.0127991242 0.00285635795 0.0394553691
v 0.0125722969 0.00272362516 0.0396095924
v 0.0128296632 0.00273602246 0.0395207144
v 0.0127412602 0.00186468079 0.0399783291
v 0.0130009633 0.00187256665 0.0398895629
v 0.0129484814 0.00218255166 0.0397760756
v 0.0129059749 0.00239931676 0.039684508
v 0.0130812349 0.00123109343 0.0400640927
v 0.0128440298 0.000947170192 0.0402048975
v 0.0131052136 0.000951061083 0.0401164517
v 0.0131189134 0.000743080454 0.0401464142
v 0.0123230452 0.000888011768 0.040073026
v 0.0121415332 0.000841679692 0.0398728289
v 0.0118918726 0.00242691603 0.0393626094
v 0.0119275935 0.00227837125 0.0394349881
v 0.0120672919 0.00255713006 0.0395243466
v 0.011973124 0.00206890865 0.0395275205
v 0.0122263543 0.0017490933 0.0398643911
v 0.0120471632 0.00165852311 0.039678704
v 0.0121112941 0.00117239542 0.0398104228
v 0.0118498616 0.0032887517 0.0390653163
v 0.0115806516 0.00392678846 0.0385052413
v 0.0114147672 0.00374412793 0.0384128541
v 0.0116257928 0.0032684817 0.0388294198
v 0.0116792666 0.00312661775 0.0389357768
v 0.0118164131 0.00270587648 0.0392103679
v 0.00979323126 0.00573813403 0.0348944627
v 0.0100980205 0.00530819828 0.0358701497
v 0.0101799294 0.00552571099 0.035673257
v 0.0103964787 0.00507518742 0.0364452563
v 0.0105592003 0.0052511692 0.0364345722
v 0.0107200742 0.00476100575 0.0370678529
v 0.0109248124 0.00490105851 0.037170127
v 0.0111060115 0.00427222857 0.037811704
v 0.011268612 0.0044631348 0.0378660671
v 0.0112226112 0.00409081159 0.0380378217
v 0.0113650812 0.00384048629 0.0383154899
v 0.00936706644 0.00571497995 0.0344483182
v 0.00947345234 0.00566780381 0.0346561633
v 0.00962253101 0.00559531664 0.0349471942
v 0.0089726653 0.0058602998 0.0336781144
v 0.00900561549 0.00601828611 0.0333096087
v 0.0088238474 0.00590454601 0.0333877131
v 0.00831734855 0.00602121372 0.0323983207
v 0.00722283917 0.0061391741 0.0302919149
v 0.00920167845 0.00611309009 0.0332226753
v 0.00999335852 0.00585909141 0.0348235071
v 0.0103820032 0.00566114765 0.0356151648
v 0.0107641658 0.00539954333 0.0363944173
v 0.011133397 0.00505867973 0.0371522754
v 0.0114830406 0.00462224428 0.0378760919
v 0.0118019553 0.00407827739 0.0385448709
v 0.0120785749 0.00342286541 0.0391341522
v 0.0123028439 0.00266480818 0.0396188982
v 0.0124671124 0.00182408153 0.039978411
v 0.0125669995 0.000926432142 0.04019906
v 0.0131670749 0.00355084776 0.0387426689
v 0.0136558358 0.000755102432 0.0399144441
v 0.013492804 0.00221978524 0.0395205133
v 0.0135946758 0.00149884401 0.039766334
v 0.0133502772 0.00290717371 0.0391786844
v 0.0129428804 0.00414219499 0.0382143036
v 0.0126771657 0.0046735676 0.0375952497
v 0.0123688802 0.00513945194 0.0368865728
v 0.0120166996 0.00553547591 0.0360890366
v 0.0111730285 0.00611075386 0.0342283137
v 0.0106771626 0.00629113428 0.0331655443
v 0.0101288846 0.00640418055 0.0320152119
v 0.00952617917 0.00645667268 0.0307791866
v 0.0082227001 0.0064205802 0.0281952415
v 0.013845819 0.00286969077 0.0389706753
v 0.0138230715 0.00316538988 0.0387579612
v 0.013881905 0.0022899257 0.0393081196
v 0.0139353937 0.000659014448 0.0398082808
v 0.0139218178 0.00130343251 0.0396813378
v 0.0139097469 0.00167273113 0.039568454
v 0.013774083 0.00368915405 0.0382998399
v 0.011618766 0.00585951516 0.0352028981
v 0.00755584985 0.00637859059 0.0285102222
v 0.00741863018 0.00636192225 0.028567424
v 0.00694846595 0.00628105877 0.0287414454
v 0.00647502951 0.00615649251 0.0288760979
v 0.00644506933 0.00473952247 0.0316179618
v 0.006465788 0.00473911269 0.0316462256
v 0.00645309268 0.00475581037 0.0316186137
v 0.0119477129 0.000334750453 0.0396349318
v 0.0119043905 0.000996080809 0.0395500138
v 0.0117001319 0.00212973962 0.0391669013
v 0.0118176071 0.00161462754 0.0393842198
v 0.0115320226 0.00262416434 0.0388679579
v 0.0113113951 0.00306853931 0.0384930819
v 0.0107106939 0.00424276665 0.0373588279
v 0.0107208025 0.00376617 0.0375569724
v 0.0109679596 0.00375805725 0.0378668681
v 0.0108446842 0.00365588325 0.0377470739
v 0.011061172 0.00342438743 0.0380864777
v 0.0104119312 0.00467128819 0.0367701985
v 0.0098754447 0.004260574 0.0363155678
v 0.010332901 0.00403800048 0.0369770564
v 0.00973430928 0.00451802136 0.0360237397
v 0.00941748358 0.0048805126 0.0354214497
v 0.00927357655 0.00445431238 0.0354694091
v 0.0085483687 0.00459629251 0.034471646
v 0.00849932432 0.00460335426 0.0344047174
v 0.0090598464 0.00518663367 0.034739662
v 0.00763771683 0.00469109835 0.0332353078
v 0.00721390685 0.00502001727 0.0324610695
v 0.00693803653 0.00472645927 0.0322880857
v 0.00731597515 0.00471035112 0.0327999704
v 0.0074775028 0.00476137036 0.0329849832
v 0.00753103755 0.00469816383 0.0330909304
v 0.00641873106 0.00474003097 0.0315820314
v 0.00624861149 0.00498379488 0.0311741121
v 0.00583176827 0.00474735955 0.0307768062
v 0.00602516113 0.00517598726 0.0306792539
v 0.00553006725 0.00474884314 0.0303585082
v 0.00578173529 0.00533519359 0.0301342066
v 0.00496883783 0.00475023035 0.029570058
v 0.00533328718 0.00508085918 0.0297882985
v 0.00486549875 0.00475029787 0.0294237304
v 0.00504529057 0.00540150283 0.0289306305
v 0.00467184326 0.00507749151 0.028827576
v 0.00458811689 0.00499645108 0.0287967194
v 0.00435078982 0.00475001941 0.0286938436
v 0.00526011502 0.0055609569 0.0289650355
v 0.00625246624 0.00608023116 0.0289228614
v 0.00758901983 0.00602189684 0.0313523076
v 0.00819932763 0.00593219604 0.0324940942
v 0.008749309 0.00579338986 0.0335388817
v 0.0092419209 0.00560053717 0.0344860964
v 0.0100696636 0.00504077272 0.0360980071
v 0.00968080107 0.00535043422 0.0353380293
v 0.0112283742 0.00319996639 0.0383562297
v 0.00692321919 0.0052348366 0.0318749025
v 0.00660370011 0.00540822465 0.0312246028
v 0.00625373609 0.00554392673 0.0305104982
v 0.00551734772 0.00572778285 0.0289839376
v 0.00598825561 0.00597265968 0.0289625376
v 0.00572508713 0.00584487431 0.0289828908
v 0.00716457702 0.00587782543 0.0311543904
v 0.00671975361 0.0057210438 0.030864656
v 0.00771392882 0.00577830756 0.0321826041
v 0.00717804767 0.0056060222 0.031746842
v 0.00821111631 0.0056328564 0.0331228115
v 0.00759459333 0.0054489309 0.0325521752
v 0.00865874253 0.0054366705 0.0339744464
v 0.00529894792 0.00417528581 0.0280247554
v 0.00531872362 0.0041765552 0.0280517209
v 0.00552526349 0.00408963906 0.0278603844
v 0.00561219035 0.00408152677 0.027794458
v 0.00499261683 0.00415648334 0.027610423
v 0.00468680123 0.00413653022 0.0271965135
v 0.00499969721 0.00403612852 0.0269684494
v 0.00880999956 0.00403612899 0.0255851597
v 0.00898884796 0.00406051567 0.0260778181
v 0.00918679498 0.00404363684 0.0260101706
v 0.0094186021 0.00361131318 0.0259438157
v 0.00940131396 0.00381591427 0.0259434301
v 0.00937469304 0.0039020339 0.0259488821
v 0.00933078397 0.0039694705 0.025961522
v 0.00926751923 0.00401598867 0.025982216
v 0.00923989061 0.00358694 0.0254515428
v 0.00922145788 0.00379138836 0.0254480243
v 0.00919480808 0.00387750519 0.0254533961
v 0.00915087573 0.00394493947 0.0254659709
v 0.00908759609 0.00399145624 0.0254866183
v 0.00900686346 0.00401910441 0.0255145412
v 0.00703945663 0.00332207419 0.0193903763
v 0.00702209491 0.00352662709 0.0193897821
v 0.00699589681 0.0036127991 0.0193963833
v 0.00695231697 0.00368027552 0.0194099341
v 0.00688927947 0.00372682139 0.019431252
v 0.00680868793 0.00375448563 0.0194595736
v 0.00662554055 0.00377278891 0.0195679981
v 0.00483671715 0.00319881877 0.0133228777
v 0.00482122507 0.00340346131 0.0133274207
v 0.00479581207 0.00348968129 0.0133361937
v 0.00475284923 0.00355719589 0.0133514348
v 0.00469023502 0.00360376784 0.0133739328
v 0.00460989773 0.00363144977 0.0134029416
v 0.00441326806 0.0036484974 0.0134742456
v 0.00443887385 0.00355650927 0.0124905687
v 0.00447002053 0.00351385819 0.0124792317
v 0.00463744393 0.00349034206 0.0129031362
v 0.00449554203 0.00345330779 0.0124699362
v 0.00466313493 0.00340518402 0.0128940092
v 0.00452335272 0.00319676241 0.0124596963
v 0.0046790964 0.0031971538 0.0128887091
v 0.00459428458 0.00355690136 0.0129186418
v 0.00453168526 0.00360276271 0.0129412645
v 0.00433564093 0.00361892907 0.0125280805
v 0.0044516176 0.00363002438 0.0129702678
v 0.00410073949 0.00364644616 0.0126133757
v 0.0070394529 -0.00332207978 0.0193903837
v 0.00702209258 -0.0035266371 0.0193897821
v 0.00699589588 -0.00361280888 0.0193963796
v 0.00695231557 -0.00368028553 0.0194099378
v 0.006889279 -0.00372683047 0.0194312446
v 0.00680868607 -0.00375449192 0.0194595661
v 0.00662553823 -0.00377279427 0.0195680093
v -0.000385747786 -0.003648496 0.0152162295
v -0.000381159363 -0.00364858075 0.0152328499
v 0.00045538941 -0.00368922763 0.0183851402
v 0.000287206698 -0.00367457676 0.0175791569
v 0.000955434341 -0.00372640649 0.0199250858
v 0.00155829347 -0.00377334096 0.021425901
v 0.00226738118 -0.00382864242 0.0228785649
v 0.00308154989 -0.00389097375 0.0242745709
v 0.00399234006 -0.00395966135 0.0256122313
v 0.00496253837 -0.0040333299 0.0269186497
v 0.0046499148 -0.00413415814 0.0271469057
v 0.00480195321 -0.00406028982 0.027037302
v 0.00703899702 -0.0063132504 0.0259662606
v 0.00751378015 -0.00629423046 0.0257035177
v 0.0116942348 -0.00477228267 0.0233859066
v 0.0121519836 -0.00428152038 0.0231313128
v 0.0122230519 -0.00459696446 0.0237958673
v 0.0112156291 -0.00516103441 0.0236516017
v 0.0107756574 -0.00543771731 0.0238961224
v 0.0107090427 -0.00547420187 0.0239331219
v 0.0100635411 -0.0057689622 0.0242910702
v 0.00931486022 -0.00600810256 0.0247053299
v 0.00844868366 -0.0061890143 0.025185667
v 0.00800008047 -0.00625048298 0.0254342593
v 0.00662647793 -0.00630865199 0.0261946898
v 0.00614767428 -0.00627396209 0.0264604315
v 0.0059069288 -0.00624202099 0.0265945736
v 0.00580847263 -0.00622564508 0.0266496185
v 0.00537505373 -0.00612610532 0.0268906001
v 0.00520498445 -0.00607229164 0.0269849375
v 0.00471264217 -0.00585062476 0.0272575002
v 0.00434910785 -0.00559363188 0.0274588298
v 0.00424623955 -0.00549922092 0.0275159348
v 0.00407544244 -0.00531318178 0.0276107565
v 0.00380752236 -0.00491614267 0.0277591441
v 0.00790969562 0.00626041088 0.025484331
v 0.00751378434 0.00629423093 0.0257035196
v 0.00703899842 0.00631325273 0.0259662718
v 0.00662641227 0.00630865153 0.0261947364
v 0.00614767522 0.00627395744 0.0264604315
v 0.00471284846 0.00585064385 0.0272573605
v 0.00434842519 0.00559313176 0.0274592135
v 0.00590673089 0.00624198886 0.0265946891
v 0.00580847356 0.00622564415 0.0266496167
v 0.00539116003 0.00613072049 0.0268816482
v 0.00520554977 0.00607242435 0.0269846153
v 0.00380714936 0.00491542649 0.0277593452
v 0.00407514162 0.00531285489 0.0276109185
v 0.00424619997 0.00549927214 0.0275159609
v 0.00800008047 0.00625048345 0.0254342742
v 0.00844874606 0.00618900545 0.0251856316
v 0.00931489374 0.00600809464 0.0247053113
v 0.010063584 0.0057689473 0.0242910441
v 0.0107090846 0.00547418045 0.0239330977
v 0.0107756592 0.00543771731 0.0238961205
v 0.0112156151 0.00516104558 0.0236516092
v 0.0116942255 0.00477229198 0.0233859103
v 0.0122230509 0.00459696585 0.0237958692
v 0.0121519826 0.00428151991 0.0231313258
v 0.00464991387 0.0041341586 0.0271469057
v 0.00496253604 0.0040333299 0.0269186646
v 0.00480195554 0.00406029075 0.027037289
v -0.000381107442 0.00364858191 0.0152330333
v -0.000385689607 0.00364849716 0.0152164521
v 0.00045542579 0.00368922995 0.0183852743
v 0.000955457857 0.00372640253 0.0199251994
v 0.00399236241 0.00395966228 0.0256122351
v 0.00308157201 0.00389097538 0.0242746081
v 0.00226742378 0.00382864382 0.0228786133
v 0.00155833981 0.00377333886 0.0214259848
v 0.00419827737 0.00366368238 0.0100593762
v 0.00405617477 0.00366150169 0.0102836387
v 0.00385906734 0.00366550009 0.0100465622
v 0.00352362636 0.0036674405 0.0100299595
v 0.00325503526 0.0036690461 0.0100175338
v 0.00399864232 0.00366042508 0.0103942482
v 0.00237340457 0.00367418956 0.0100082802
v 0.00387443556 0.00365727558 0.0107231373
v 0.00168169022 0.00367772928 0.0100489659
v 0.000645363762 0.0036811505 0.0102317883
v 0.00383120053 0.00365546416 0.0109206112
v 0.000245850533 0.00368136913 0.0103647495
v -0.000132150744 0.00368057867 0.0105457297
v 0.00381264929 0.0036541617 0.0110694133
v -0.000468104234 0.003678557 0.0107818171
v 0.0038352285 0.003649886 0.0116401818
v -0.00108567521 0.00365873775 0.0123876892
v -0.0010883396 0.00366056385 0.0122292675
v -0.00100484083 0.00366824912 0.0116180852
v -0.000938212499 0.00367075577 0.0114267906
v -0.000663956336 0.00367640355 0.0109780356
v -0.000884352659 0.00364910811 0.0134929437
v 0.00385592785 0.0036491591 0.0117623061
v -0.000902790693 0.00364948809 0.0134294359
v -0.00106423232 0.00365591492 0.0126510197
v 0.00426585414 0.00320519274 0.0110414447
v 0.00425928878 0.00320450077 0.0111034028
v 0.00424068281 0.00341999251 0.0111034913
v 0.0038687035 0.00364910415 0.0117598865
v 0.00477807829 0.00321698631 0.0100483289
v 0.00461241743 0.00321481167 0.0102463169
v 0.00470653269 0.00343004591 0.0101014134
v 0.00492736371 0.00340238237 0.00987525843
v 0.00506475195 0.00321990438 0.00976163521
v 0.00461808965 0.00360574783 0.0100318594
v 0.00462818472 0.00360191683 0.0100295078
v 0.00463701831 0.00359083433 0.0100428313
v 0.00466056634 0.00358835235 0.0100209368
v 0.00475436589 0.00353761669 0.00998506974
v 0.00454147812 0.003629338 0.0100455368
v 0.00430182181 0.00358634046 0.0105389887
v 0.00444607344 0.00364785548 0.0100553147
v 0.00423425343 0.00362636591 0.0105069298
v 0.00448882999 0.00364079373 0.0100517031
v 0.00412715459 0.00362380291 0.0107916724
v 0.00411458826 0.00361694372 0.0117131276
v 0.00427886611 0.00341557804 0.0116809299
v 0.00428647595 0.00319987442 0.011617911
v 0.00427597715 0.00320036127 0.0115503622
v 0.00438463502 0.00342528312 0.0105773536
v 0.0044296491 0.00321145658 0.0105290478
v 0.0044019646 0.00321077905 0.0105838533
v 0.00430220971 0.00320742698 0.0108530167
v 0.00419958541 0.00358386664 0.0108110728
v 0.00407424942 0.00362125039 0.0110910777
v 0.00414918084 0.0035814005 0.0110970438
v 0.0041886298 0.00357719976 0.0116988802
v 0.00435017794 0.0035255393 0.0105616702
v 0.0046775653 0.00353006064 0.0100772828
v 0.00488902302 0.00343838683 0.0099030491
v 0.00420271186 0.00352056324 0.0111010615
v 0.00424147211 0.003516339 0.0116885453
v 0.00426585274 -0.0032051797 0.0110414559
v 0.00427469518 -0.0032058733 0.0109812766
v 0.00529301912 0.00294454535 0.00956011843
v 0.00529302051 -0.00294463383 0.0095601147
v 0.00506474124 -0.0032199095 0.00976164266
v 0.00477807969 -0.00321698491 0.0100483289
v 0.00457354216 -0.00321420445 0.010298796
v 0.00451179082 -0.00321314298 0.0103891818
v 0.00442965003 -0.00321144657 0.0105290469
v 0.00429260917 -0.00319962623 0.0116530443
v 0.00386603898 -0.00365696778 0.0107546411
v 0.00389198866 -0.00365730212 0.0107088098
v 0.00401786854 -0.00366079109 0.0103554968
v 0.00381307187 -0.00365418871 0.0110645918
v 0.00423220266 -0.00366329774 0.0100601241
v 0.00421502441 -0.00366354082 0.0100597776
v 0.00419828994 -0.00366367586 0.0100593669
v 0.00492738793 -0.00340237236 0.00987523049
v 0.00489404937 -0.00343396305 0.00989948679
v 0.00455776276 -0.00342820724 0.0102892378
v 0.00423994428 -0.00341753871 0.0113902912
v 0.00424100924 -0.0034200137 0.0110997036
v 0.00429205503 -0.00342275784 0.0108200768
v 0.00439986121 -0.0034255893 0.0105465204
v 0.00439534709 -0.00341358315 0.0121387821
v 0.00399624882 -0.00364697049 0.0122627914
v 0.00423546229 -0.00361497328 0.0121887391
v 0.00430751219 -0.00357525563 0.0121663539
v 0.00380927324 -0.00365153397 0.0113970116
v 0.00382404705 -0.00365127227 0.0114222551
v 0.0038754663 -0.00364863058 0.0118588591
v 0.004073299 -0.00361885875 0.0114038065
v 0.00407462893 -0.00362126506 0.0110868886
v 0.0041314736 -0.00362391886 0.0107762869
v 0.00425103866 -0.00362665625 0.0104730092
v 0.00442245463 -0.0036291969 0.0101937605
v 0.00454198755 -0.00362923439 0.0100453328
v 0.00388755463 -0.00364859542 0.0118527813
v 0.0041321544 -0.00361647643 0.0117997741
v 0.0041483799 -0.00357907475 0.0113980565
v 0.00414953381 -0.0035814133 0.0110930428
v 0.00420369022 -0.00358397746 0.010796397
v 0.00431789877 -0.0035866187 0.0105064502
v 0.00448319921 -0.00358908065 0.0102370409
v 0.0046257861 -0.00360292452 0.0100298747
v 0.00477286894 -0.00352565991 0.00997583196
v 0.00452670595 -0.00352829858 0.0102677643
v 0.00436575385 -0.00352582126 0.0105301198
v 0.00425533159 -0.0035231607 0.0108105158
v 0.0042030476 -0.00352057698 0.011097189
v 0.00420198357 -0.00351822376 0.0113937277
v 0.00435894029 -0.00351439044 0.0121503016
v -0.000938224373 -0.00367076648 0.011426731
v -0.00101280375 -0.00366787985 0.0116465129
v -0.000468116836 -0.00367858633 0.0107817734
v -0.000726266531 -0.0036755011 0.0110555096
v -0.00105099438 -0.00366566959 0.011816537
v -0.00108004757 -0.00365764461 0.012485439
v 0.00149970164 -0.00367856282 0.0100687025
v 0.000929423666 -0.00368057471 0.0101624429
v 0.000650102738 -0.00368117797 0.0102304565
v 9.56394797e-05 -0.00368123292 0.010428749
v -0.000204813565 -0.00368030556 0.0105892001
v 0.00385907153 -0.00366549729 0.0100465585
v 0.00352362241 -0.00366744096 0.010029952
v 0.00325502967 -0.00366905099 0.0100175347
v 0.00229535322 -0.00367463753 0.0100104529
v -0.000630221155 -0.00364643894 0.0143522769
v -0.000884368725 -0.00364909926 0.0134928897
v -0.00106423302 -0.00365590258 0.0126509592
v -0.00127785269 -0.00383226969 0.011290459
v -0.00119434891 -0.003838178 0.0111157699
v -0.00251274323 -0.00513263373 0.0110706091
v 0.000100079087 -0.00602925709 0.00962035358
v -6.60927908e-05 -0.00601669913 0.00962784979
v 0.00199129828 -0.00394633459 0.00972902402
v 0.00224401522 -0.00500406511 0.00968463067
v 0.00121730939 -0.00605498673 0.00963310804
v 0.000959634723 -0.0060572871 0.00962219015
v 0.00236473395 -0.00394916395 0.00971788913
v 0.00257332739 -0.00395037094 0.00971682183
v 0.00326621463 -0.00395291252 0.00973592512
v 0.000742752396 -0.00605558464 0.00961630791
v -0.000604250119 -0.00595648959 0.00967639219
v 0.000846584328 -0.0039295787 0.00986006949
v 0.00107975665 -0.00393427629 0.00981870759
v -0.00116803567 -0.00585252745 0.00978406332
v -0.00160026806 -0.00573136285 0.00993322395
v 3.42630156e-05 -0.00390548701 0.0100936964
v -0.00195378857 -0.00558916247 0.0101368399
v -0.000425699662 -0.00388490409 0.0103224935
v -0.00221948558 -0.00543684047 0.0103923911
v -0.00067673513 -0.00387122412 0.0104989335
v -0.00240504253 -0.00528083229 0.0107050184
v -0.000991740497 -0.00385179417 0.010811571
v -0.00250490522 -0.00514748041 0.0110300155
v -0.00117350905 -0.00383961713 0.0110781025
v -0.00103636726 -0.00384886935 0.0108687952
v -0.00169376086 -0.00428000465 0.0135887861
v -0.00123578624 -0.00380921597 0.013597142
v -0.00142999529 -0.00381162972 0.0126952939
v -0.00215183129 -0.00474996446 0.0135839013
v -0.001413955 -0.00382147566 0.0117534176
v -0.0025503377 -0.00499998592 0.0114905331
v -0.00142510026 -0.00382036809 0.0118195415
v -0.0025403779 -0.00492650922 0.0117890108
v -0.00145724788 -0.00381516013 0.0122271664
v -0.00250888639 -0.00486800587 0.0120870555
v -0.00144391507 -0.00381243718 0.012560552
v -0.0024078195 -0.00479346374 0.0126428008
v -0.00238631433 -0.0047847582 0.0127372369
v -0.000277492421 -0.00380636402 0.0103041474
v -0.0012627315 -0.00369666913 0.012674571
v -0.00128813519 -0.00370121701 0.0122275781
v -0.00124762347 -0.00370695302 0.0117817689
v 0.00325862411 -0.00369000598 0.00991352089
v 0.00326219737 -0.00375337619 0.00981827825
v 0.002369856 -0.00369444001 0.00990452617
v 0.00236683083 -0.00375500438 0.00980892126
v 0.0014860084 -0.00369767519 0.00996612757
v 0.00147344894 -0.00375430612 0.00987080485
v 0.000621096056 -0.0036985483 0.0101316012
v 0.000593872857 -0.00374949537 0.0100386683
v 0.000206252458 -0.00369760254 0.0102699744
v 0.000168727682 -0.00374484248 0.0101802461
v -0.000184769975 -0.00369546143 0.0104580196
v -0.000235122541 -0.00373845035 0.0103743216
v 0.000138449788 -0.00381886587 0.0101079447
v 0.000572823919 -0.00382868806 0.00996660814
v 0.00236504572 -0.00384702301 0.00974338036
v 0.00146454957 -0.00384117034 0.00980176497
v 0.00326488819 -0.00384901487 0.00975578185
v -0.00107620168 -0.0036908742 0.0135495299
v -0.000658106466 -0.00379187264 0.0105690099
v -0.000601025007 -0.00373056764 0.0106326342
v -0.000977047137 -0.00377737824 0.0109103434
v -0.000904912129 -0.0037220337 0.010961296
v -0.00112324406 -0.00371393538 0.0113518722
v -0.000982021564 -0.00380710769 0.0144543545
v -0.000739192415 -0.00380874216 0.0153131764
v -0.000578582229 -0.0036902721 0.0152693568
v -0.00185152632 -0.00474998448 0.0145728216
v -0.000734636502 -0.00380881387 0.0153297028
v -0.000574005186 -0.00369035196 0.0152859157
v 0.00341430004 -0.00405431166 0.0254616346
v 0.00367843756 -0.00407126499 0.0258336123
v 0.0038299174 -0.00398936402 0.0257283133
v 0.00275720493 -0.00401245384 0.0244746692
v 0.00291224872 -0.00392294768 0.024380533
v 0.0023705957 -0.00398768717 0.023838643
v 0.00209068181 -0.00386276748 0.0229718611
v 0.0019319714 -0.00395938102 0.0230529252
v 0.00137518067 -0.00380948605 0.0215061419
v 0.000767072663 -0.00376435393 0.0199923776
v 0.000263147056 -0.00372883235 0.0184404925
v 0.00141676969 -0.00392581243 0.0220208056
v 0.00121392496 -0.00391255505 0.0215743277
v 0.000604301458 -0.00387300854 0.0200484302
v 9.97662937e-05 -0.0038421161 0.018485928
v -0.00115445512 -0.00474997377 0.0172236599
v -0.000919582555 -0.00474999426 0.0181759875
v -0.000692514994 -0.0047498988 0.0190258417
v -0.000268557604 -0.00474986201 0.020400634
v 0.000228466437 -0.00475000404 0.0217450913
v 0.000510885438 -0.00475002825 0.0224173609
v 0.000827461656 -0.00475011161 0.0231099054
v 0.00111272617 -0.00475011673 0.0236879252
v 0.00147034694 -0.00474990765 0.0243608803
v 0.00213211915 -0.00474998634 0.0254827011
v 0.00250684493 -0.00475001428 0.0260632858
v 0.00294047035 -0.00475009438 0.0267008338
v 0.00984708685 -2.98196967e-10 0.016588619
v 0.00996974669 -1.16447234e-11 0.0169292409
v 0.00989078078 -0.00107948855 0.0169392359
v 0.00136694277 -0.00505169667 0.0236027185
v 0.000643495005 -0.00505795004 0.0219588988
v -0.000735124049 -0.00513010798 0.0168823712
v 0.00900664739 -0.00209292024 0.0145397531
v 0.00901527237 -0.00206348347 0.0145389186
v 0.00927392114 -0.00207923679 0.0156681687
v 0.00914340839 -0.00155110157 0.014526682
v 0.00949536078 -0.00106605282 0.0156506505
v 0.00922974572 -0.00105804007 0.01451841
v 0.00926234387 -0.000791087572 0.0145152491
v 0.00803895481 -0.00400640024 0.0146327596
v 0.00824143738 -0.00373631483 0.0146133108
v 0.00847259443 -0.00376332179 0.0157338288
v 0.00838542357 -0.00351542933 0.0145995021
v 0.00892513338 -0.0029908258 0.015696276
v 0.00867826305 -0.00296809059 0.0145713389
v 0.00894750282 -0.00228285859 0.014545409
v 0.0076795565 -0.00439410284 0.014667348
v 0.00793418568 -0.00438214699 0.0157805048
v 0.00766842766 -0.00440454716 0.0146684078
v 0.00731222378 -0.00485694455 0.0158376694
v 0.00720835896 -0.00477158558 0.0147125833
v 0.00659476221 -0.00521446951 0.0159080625
v 0.00576928584 -0.00548416097 0.0159944352
v 0.00595305115 -0.00536235655 0.014833306
v 0.00634852098 -0.00522018084 0.0147952149
v 0.00663014082 -0.00509828981 0.0147681143
v 0.00706323609 -0.00486532273 0.0147265084
v 0.00398683362 -0.00577619998 0.0150219714
v 0.00458470359 -0.0056881425 0.0149645982
v 0.00483946223 -0.00568543654 0.0160977654
v 0.00502036791 -0.00560575631 0.0149228582
v 0.00552125555 -0.00548831606 0.0148748383
v 0.00383301592 -0.00582201267 0.0162164997
v 0.0027955214 -0.00588462548 0.0163468421
v 0.0028287156 -0.00587182166 0.0151335029
v -0.000396372692 -0.00545954425 0.0154438606
v -0.00026065862 -0.00550933694 0.0154307783
v -1.64020639e-05 -0.00549103785 0.0167565346
v 0.000435320486 -0.00570230931 0.0153636318
v 0.00082706922 -0.00573110208 0.0166223384
v 0.0012168783 -0.00582538266 0.0152882487
v 0.00177686161 -0.00585891865 0.0164840147
v 0.00165043294 -0.00586177874 0.0152466288
v 0.0022499701 -0.00588172115 0.015189372
v -0.000855220656 -0.00525215268 0.0154883005
v -0.000990841072 -0.00517692696 0.0155014368
v -0.00128086912 -0.00498870155 0.0155293634
v 0.00354562956 -0.00549828913 0.0264182091
v 0.00310418196 -0.00504131988 0.0265848171
v 0.00409974763 -0.00585136469 0.0261761416
v 0.00477874884 -0.00609509693 0.0258470513
v 0.00558146602 -0.00622770889 0.0254285894
v 0.00648424216 -0.00625278661 0.0249329824
v 0.007438506 -0.00617806008 0.0243885983
v 0.00861518551 -0.00563575793 0.0220960509
v 0.00838852953 -0.00600938313 0.0238293912
v 0.0104788421 -0.00442754198 0.0211105663
v 0.0101543115 -0.00474478258 0.0212831087
v 0.00943202991 -0.00525939697 0.0216660704
v 0.011050011 -0.00366646005 0.0208067354
v 0.0107779307 -0.00406805705 0.0209514629
v 0.0119696055 -0.0030700895 0.0214258861
v 0.0120241242 -0.00352062541 0.021935679
v 0.0120850503 -0.00392254023 0.0225054342
v 0.01187436 -0.00186596066 0.0205352288
v 0.0119083896 -0.0023913756 0.0208534319
v 0.0116811693 -0.00223546242 0.0204715338
v 0.0119501296 -0.00287933601 0.0212437622
v 0.011504204 -0.00274607143 0.020565426
v 0.0112929558 -0.00322468695 0.0206776056
v 0.0118623283 -0.00163144071 0.0204226822
v 0.0111108227 -0.00220242166 0.0196963437
v 0.0113547435 -0.00112728286 0.0195948575
v 0.0113051254 -1.41514606e-10 0.0193761066
v 0.0118246423 -1.85489152e-10 0.0200703014
v 0.011828335 -0.000515221211 0.0201048199
v 0.0118409749 -0.00108117773 0.0202230215
v 0.0118428897 -0.00114224479 0.0202409346
v 0.00805035979 -0.00553057576 0.0209708307
v 0.00886622258 -0.00516170776 0.0206321273
v 0.00958495494 -0.00465983246 0.0203326456
v 0.0102060121 -0.00399935571 0.0200734977
v 0.0107208919 -0.00317381835 0.0198587589
v 0.0095713893 4.05344092e-10 0.0156446919
v 0.0103889136 -7.00893232e-10 0.0178686082
v 0.0109059196 -1.96419256e-10 0.0187780187
v 0.0103308866 -0.00109459972 0.0179312136
v 0.0108232526 -0.00111076841 0.0188036412
v 0.0100930016 -0.0021361697 0.0179817006
v 0.0105807269 -0.00216880324 0.0188787803
v 0.00971554872 -0.00307406345 0.0180617515
v 0.0101944609 -0.00312284706 0.0189984757
v 0.00922160316 -0.00386826834 0.0181664564
v 0.00968671218 -0.00393177522 0.0191557985
v 0.00863000471 -0.00450225035 0.0182920359
v 0.00907643419 -0.00457780622 0.0193449035
v 0.00794598274 -0.00498495111 0.0184378903
v 0.00837051123 -0.00506887166 0.019563647
v 0.00716307433 -0.00534367375 0.0186061841
v 0.00756589323 -0.00543171214 0.0198129695
v 0.00627656654 -0.0056086774 0.0187988617
v 0.00666233897 -0.00569632184 0.0200929809
v 0.00530013023 -0.00579965347 0.0190138873
v 0.00567819783 -0.00588233443 0.0203979723
v 0.00427231984 -0.00591960503 0.0192438345
v 0.00465590414 -0.00599275203 0.0207148101
v 0.00324782915 -0.00595841929 0.0194775723
v 0.0036524185 -0.00601773476 0.0210258625
v 0.00228109094 -0.00590202585 0.0197037254
v 0.00272232527 -0.00594404619 0.0213141944
v 0.00141410669 -0.00573893264 0.0199129991
v 0.00190288655 -0.0057617561 0.0215682629
v 0.000669808651 -0.00546285976 0.0200996641
v 0.00121029199 -0.00546657154 0.0217830725
v 5.28688943e-05 -0.00507076876 0.0202613678
v -0.000401253492 -0.00509380316 0.018540645
v 0.00026740809 -0.00546987448 0.0183995198
v 0.0010629883 -0.00572748017 0.0182451811
v 0.00197420176 -0.00587236322 0.0180815384
v 0.00297089014 -0.00591275701 0.0179141425
v 0.00400671549 -0.00586143602 0.0177497827
v 0.00502885273 -0.00573283248 0.0175951719
v 0.00598649308 -0.00553685147 0.0174561813
v 0.0068460959 -0.0052702399 0.0173359625
v 0.00759899477 -0.00491337571 0.0172341876
v 0.00825409219 -0.00443619303 0.0171481147
v 0.00882089417 -0.00381139573 0.0170751289
v 0.00929575786 -0.00302947871 0.0170146264
v 0.00966022257 -0.00210591033 0.0169684086
v 0.00930345058 2.55810872e-10 0.0145111987
v 0.00714163203 -0.00579569349 0.0213458557
v 0.00771235581 -0.00590192527 0.0225661267
v 0.00616249489 -0.00597652141 0.0217467789
v 0.00674944278 -0.00607707072 0.0230602734
v 0.00515793357 -0.00607633404 0.022153914
v 0.0057727294 -0.00616503647 0.0235521682
v 0.00418541813 -0.00608608127 0.022542635
v 0.00483867666 -0.00615810091 0.0240108222
v 0.00329817669 -0.00599385798 0.0228904411
v 0.00399795966 -0.00604619505 0.0244090334
v 0.00252852868 -0.00579157472 0.0231841225
v 0.00327806408 -0.00582334399 0.0247328896
v 0.00188668643 -0.00547694741 0.0234202556
v 0.00268416107 -0.00548929395 0.0249814354
v 0.00220700214 -0.0050477637 0.0251625534
v 0.00838852953 0.00600938313 0.0238293931
v -0.000260738219 0.00550933275 0.015430796
v -1.64024077e-05 0.00549103832 0.0167565364
v 0.000827070035 0.00573110254 0.0166223329
v -0.000707256026 0.00474990578 0.0189732052
v -0.000369481364 0.00474984432 0.0200957395
v 5.2868967e-05 0.00507076783 0.0202613659
v 0.000738000905 0.00474994909 0.0229203235
v 0.00111263164 0.00474998215 0.0236879569
v 0.00136694266 0.00505169667 0.0236027166
v 0.00558146648 0.00622770935 0.0254285857
v 0.00477874791 0.0060950974 0.0258470532
v 0.0040997467 0.00585136423 0.026176149
v 0.00310418266 0.00504131988 0.0265848096
v 0.00354562886 0.0054982896 0.0264182109
v 0.0021522576 0.00475006131 0.0255146753
v 0.00262114312 0.00474984618 0.0262345709
v 0.00305761304 0.00474991463 0.0268688556
v 0.00140081032 0.00474999379 0.0242340546
v 0.00164570753 0.00475004688 0.0246721171
v 0.00220700377 0.0050477637 0.0251625441
v -0.000118148324 0.00474990765 0.0208330136
v 0.000119349352 0.00474998308 0.0214693341
v 0.000643495587 0.00505795004 0.021958895
v 0.000353161682 0.00475000544 0.0220489353
v -0.0012147706 0.00474996399 0.0169740766
v -0.00128072593 0.00498869084 0.0155293383
v -0.000735123293 0.00513010705 0.0168823656
v -0.000396396179 0.00545956148 0.0154438606
v -0.00085479609 0.00525234733 0.0154882651
v -0.000990807777 0.00517687201 0.0155014377
v 0.00177686138 0.00585891912 0.0164840166
v 0.00121690496 0.00582538499 0.0152882431
v 0.000435244176 0.00570229162 0.0153636467
v 0.00383301452 0.00582201313 0.0162165109
v 0.00282824645 0.00587183982 0.0151335485
v 0.00279551977 0.00588462455 0.0163468514
v 0.0022499687 0.00588172162 0.0151893795
v 0.00165043108 0.00586177828 0.0152466288
v 0.00483946083 0.00568543654 0.016097771
v 0.0045846994 0.00568814296 0.0149646066
v 0.00398643687 0.00577624934 0.0150220012
v 0.0057692877 0.0054841619 0.0159944221
v 0.00552125368 0.00548831699 0.0148748364
v 0.00502000796 0.00560583035 0.0149228983
v 0.00659476034 0.00521447044 0.0159080699
v 0.00634851819 0.00522017945 0.0147952205
v 0.00595284998 0.00536242174 0.0148333255
v 0.00793418661 0.00438214745 0.0157805048
v 0.00720812427 0.00477174297 0.0147126121
v 0.00731222099 0.00485694502 0.0158376824
v 0.00706323422 0.00486532366 0.0147265047
v 0.0066299662 0.00509837223 0.0147681218
v 0.00838533137 0.00351557438 0.0145995133
v 0.00824143551 0.0037363139 0.0146133136
v 0.00847259536 0.00376332155 0.0157338232
v 0.00803884584 0.00400653249 0.0146327615
v 0.00766829122 0.00440467196 0.0146684265
v 0.00867822394 0.00296816952 0.0145713417
v 0.00892513338 0.0029908265 0.0156962816
v 0.00894746743 0.00228296127 0.0145454118
v 0.00927391928 0.00207923632 0.015668178
v 0.00901527051 0.00206348347 0.0145389205
v 0.00949536078 0.0010660527 0.0156506468
v 0.00926233642 0.000791122788 0.0145152584
v 0.00922974385 0.0010580396 0.0145184072
v 0.00914338604 0.00155119121 0.0145266885
v 0.0118283331 0.000515220978 0.0201048311
v 0.0113547426 0.00112728251 0.0195948649
v 0.011840974 0.00108117785 0.0202230215
v 0.0111108227 0.00220242189 0.0196963437
v 0.0118623273 0.00163144176 0.0204226859
v 0.0118428888 0.00114224444 0.0202409346
v 0.0120241232 0.00352062494 0.0219356846
v 0.0119696064 0.00307008927 0.0214258805
v 0.011292954 0.00322468625 0.0206776112
v 0.0119501315 0.00287933648 0.0212437548
v 0.0115042049 0.00274607167 0.0205654167
v 0.0119083896 0.0023913756 0.0208534263
v 0.0116811702 0.00223546335 0.0204715319
v 0.011874361 0.00186596089 0.0205352232
v 0.010478843 0.00442754244 0.0211105626
v 0.0107779307 0.00406805705 0.0209514592
v 0.0120850503 0.0039225393 0.0225054286
v 0.0110500101 0.00366646005 0.020806741
v 0.00943202898 0.00525939651 0.0216660686
v 0.0101543106 0.00474478165 0.0212831143
v 0.00861518458 0.00563575793 0.0220960546
v 0.0074385046 0.00617805915 0.0243886076
v 0.00648424216 0.00625278708 0.0249329843
v 0.0102060121 0.00399935618 0.0200734958
v 0.00958495587 0.00465983199 0.0203326382
v 0.0107208928 0.00317381811 0.0198587589
v 0.0108232526 0.00111076783 0.0188036412
v 0.0103308856 0.00109460019 0.0179312173
v 0.010580725 0.00216880278 0.0188787915
v 0.0100930016 0.0021361704 0.0179817006
v 0.0101944609 0.00312284753 0.0189984739
v 0.00971555058 0.00307406322 0.0180617422
v 0.00968671218 0.00393177569 0.0191557985
v 0.00922160503 0.00386826904 0.0181664471
v 0.00907643419 0.00457780622 0.0193449017
v 0.00863000564 0.00450225081 0.0182920359
v 0.0083705103 0.00506887119 0.0195636451
v 0.0079459846 0.00498495158 0.018437881
v 0.0075658923 0.00543171261 0.0198129751
v 0.0071630734 0.00534367375 0.0186061878
v 0.0066623399 0.00569632137 0.0200929716
v 0.006276567 0.00560867647 0.0187988505
v 0.0056781983 0.00588233396 0.0203979686
v 0.00530013163 0.00579965347 0.0190138817
v 0.0046559046 0.00599275157 0.020714812
v 0.00427231984 0.00591960503 0.0192438327
v 0.0036524185 0.00601773337 0.0210258607
v 0.00324782892 0.00595841976 0.0194775742
v 0.00272232573 0.00594404573 0.0213141926
v 0.00228109141 0.00590202631 0.0197037235
v 0.00190288597 0.0057617561 0.0215682648
v 0.00141410774 0.00573893264 0.0199129935
v 0.00121029175 0.00546657201 0.0217830725
v 0.000669809524 0.00546285929 0.0200996567
v 0.00989078265 0.00107948808 0.0169392247
v 0.00966022164 0.00210591056 0.0169684142
v 0.00929575507 0.00302947871 0.0170146413
v 0.00882089604 0.00381139549 0.0170751214
v 0.00825409219 0.00443619303 0.0171481147
v 0.00759899616 0.00491337525 0.0172341801
v 0.00684609497 0.00527023897 0.0173359718
v 0.00598649308 0.00553685147 0.0174561832
v 0.00502885366 0.00573283341 0.0175951663
v 0.00400671503 0.00586143602 0.0177497845
v 0.00297088991 0.00591275701 0.0179141425
v 0.0019742006 0.00587236369 0.018081544
v 0.00106298691 0.00572748017 0.0182451904
v 0.000267409487 0.00546987448 0.0183995087
v -0.000401254714 0.00509380223 0.0185406525
v -0.000798617315 0.00474994816 0.0186391473
v 0.00188668596 0.00547694834 0.0234202612
v 0.00268416107 0.00548929302 0.0249814354
v 0.00252853008 0.00579157472 0.0231841113
v 0.00327806454 0.00582334399 0.024732884
v 0.00329817669 0.00599385845 0.0228904393
v 0.00399796013 0.00604619412 0.0244090334
v 0.00418541813 0.00608608034 0.0225426331
v 0.00483867573 0.00615810137 0.024010824
v 0.00515793404 0.00607633358 0.0221539121
v 0.00577272847 0.00616503693 0.0235521737
v 0.00616249489 0.00597652094 0.0217467789
v 0.00674944371 0.00607707072 0.0230602697
v 0.00714163249 0.00579569396 0.0213458538
v 0.00771235814 0.00590192433 0.0225661155
v 0.00805036165 0.00553057482 0.0209708195
v 0.00886622258 0.00516170682 0.020632131
v 0.00367845851 0.0040712608 0.0258336253
v 0.00193200936 0.00395938009 0.0230529848
v 0.00164641696 0.00394079182 0.0224973708
v 0.00121397141 0.0039125504 0.0215744134
v 0.00275723194 0.00401245663 0.0244747121
v 0.0025563573 0.00399959879 0.024150176
v 0.000776795729 0.00388406822 0.0205129255
v 0.000604331843 0.00387302157 0.0200485438
v 9.98090181e-05 0.00384211936 0.0184860602
v -0.00043357283 0.00381658925 0.0164704733
v -0.000734584755 0.0038088148 0.0153298751
v -0.000573955709 0.0036903529 0.0152861113
v 0.000263185706 0.00372883538 0.018440634
v 0.000767097808 0.00376435905 0.0199925024
v 0.00137522654 0.00380948256 0.0215062313
v 0.00209072116 0.00386276864 0.0229719207
v 0.00291227316 0.00392295001 0.0243805796
v 0.00382993859 0.00398936355 0.0257283263
v -0.00073913479 0.00380874379 0.0153133897
v -0.000578522566 0.00369027257 0.0152695626
v -0.000981996302 0.00380710326 0.0144544188
v -0.00123577251 0.00380921946 0.0135972053
v -0.00107618724 0.00369087979 0.0135495951
v -0.00185153564 0.00474998308 0.0145727843
v -0.00215186877 0.00474996353 0.0135837672
v -0.00169375481 0.00428004097 0.013588923
v 0.0022440108 0.00500406045 0.00968463626
v 0.00326621369 0.00395290274 0.00973593537
v 0.00198517996 0.00394625263 0.00972931553
v -0.00229253364 0.00476051727 0.0131064774
v -0.00251280284 0.00513253128 0.011070881
v -0.00127755094 0.00383227458 0.0112898229
v -0.0025401786 0.00506297871 0.0112765245
v -0.0014247857 0.00382040092 0.0118176071
v -0.00254110363 0.00492872531 0.0117789814
v -0.00145021337 0.00381717528 0.0120457625
v -0.00245763431 0.00482081994 0.0124006905
v -0.00143358787 0.00381181645 0.0126644671
v -0.00240776828 0.00479343859 0.0126430392
v -0.00142999494 0.00381164392 0.0126953647
v -0.00138154265 0.00381025602 0.0130059449
v 0.000845169416 0.00392950652 0.00986036006
v 0.00060351385 0.00392371416 0.00991367083
v -0.00110334274 0.00586711941 0.00976769254
v 0.000118766438 0.00390862254 0.0100611029
v -0.00150431832 0.00576233165 0.00989294145
v -5.76087768e-05 0.00390178198 0.0101320641
v -0.00184097933 0.00564021943 0.0100601278
v -0.000307835115 0.00389068597 0.010254194
v -0.00212455844 0.00549775735 0.0102850506
v -0.000702424906 0.00386968697 0.0105199832
v -0.00233875168 0.00534442021 0.0105702635
v -0.000887480855 0.00385844358 0.0106927892
v -0.00247605261 0.00519399671 0.0109090963
v -0.00103635748 0.00384883955 0.010868852
v -0.00119235262 0.00383829372 0.0111121489
v -0.00101787341 0.00588522619 0.00974789355
v -0.000461489632 0.00597565528 0.00965933688
v 0.00165209651 0.00394278066 0.00975086447
v -6.329608e-05 0.00601693103 0.00962769613
v 0.000743258512 0.00605559256 0.00961631071
v 0.000272050471 0.00603962922 0.00961562898
v -0.000658101577 0.00379183237 0.0105690574
v -0.000904900837 0.00372200622 0.0109613473
v -0.000184764212 0.00369542255 0.0104580522
v -0.000235123007 0.00373840774 0.010374371
v 0.000206254379 0.0036975618 0.0102699939
v 0.000168725441 0.00374479964 0.0101802722
v 0.000621095067 0.00369850826 0.0101316208
v 0.000593869365 0.0037494523 0.0100386851
v 0.00148600747 0.00369764189 0.00996613782
v 0.00147344626 0.00375427143 0.0098708095
v 0.00236985832 0.00369441812 0.00990452338
v 0.00236683129 0.0037549804 0.00980892126
v 0.00325862761 0.0036899983 0.00991353113
v 0.00326220039 0.00375336618 0.00981828663
v -0.00126272894 0.00369668263 0.012674625
v -0.00128813216 0.00370122725 0.0122276293
v -0.00112323277 0.00371392071 0.0113519337
v -0.00124761625 0.00370695419 0.011781821
v -0.000977038522 0.00377734983 0.0109104076
v 0.000572816411 0.00382864405 0.00996663515
v 0.000138442891 0.0038188207 0.0101079801
v 0.00146454247 0.00384113519 0.0098017836
v 0.00236504455 0.00384699833 0.00974338036
v 0.00326488912 0.00384900509 0.0097557893
v -0.000601017673 0.00373053015 0.0106326798
v -0.000277493091 0.00380632025 0.0103041772
v 0.00353949564 0.00395234814 0.00974964723
v 0.00353782647 0.00384767773 0.00976949465
v 0.00353405531 0.00375131797 0.00983243529
v 0.00352884876 0.00368784275 0.0099282451
v 0.00420052186 0.00368412118 0.00995757896
v 0.00419897912 0.00366598344 0.0100270174
v 0.00420568651 0.00394953182 0.00977967493
v 0.00420424994 0.00381443626 0.00981283188
v 0.00420286646 0.00374789606 0.00986171514
v 0.00420181174 0.00371322734 0.00990322232
v 0.0044896435 0.00383666856 0.00980440527
v 0.00448829355 0.00374173024 0.00986194331
v 0.00448802672 0.00370326592 0.00990358368
v 0.00448805047 0.00367318746 0.00995119289
v 0.00462831138 0.00365126017 0.009934281
v 0.00475820154 0.00360995345 0.00990596134
v 0.00519124418 0.00335764373 0.00968330353
v 0.00501177087 0.00356160686 0.00978018902
v 0.00496601267 0.00347915222 0.00982104149
v 0.00476277946 0.00364998449 0.00987182744
v 0.00476817042 0.00369233591 0.00984282233
v 0.00478125829 0.00378296291 0.00980092119
v 0.00504555972 0.00377629907 0.00975937024
v 0.00509555638 0.0037454532 0.00975127332
v 0.00506272446 0.00364594418 0.00975538697
v 0.00479711499 0.00387954572 0.00978100579
v 0.00511756865 0.00373008475 0.00974705163
v 0.00534461578 0.00348698231 0.00965990964
v 0.00457720505 0.00392975984 0.00978597999
v 0.00534725375 0.00302219344 0.00952121895
v 0.00549057545 0.00331607857 0.00955719221
v 0.00557000749 0.0032227526 0.00948344823
v 0.00548831746 0.00316387741 0.00948217791
v 0.00541309733 0.00309624267 0.00949482899
v 0.00538957585 0.00199671183 0.00475985929
v 0.00532528153 0.00198026956 0.00473721791
v 0.00548246922 0.00199304055 0.00591035513
v 0.00538692437 0.00193080958 0.00592548773
v 0.00525083812 0.00193999917 0.00471101748
v 0.0051640342 0.00183676288 0.00468045194
v 0.00543508772 0.00199999986 0.00477588596
v 0.00532429898 0.00183513726 0.00593748176
v 0.00549415126 0.00195151649 0.00723899435
v 0.00555605721 0.00204613013 0.00721634086
v 0.00562083628 0.00269696442 0.00903759897
v 0.0056609842 0.00239011645 0.00846752618
v 0.00559547078 0.00244460301 0.00880229566
v 0.00560150389 0.00230106968 0.00850541797
v 0.00558319781 0.00220780843 0.00855249632
v 0.00558329234 0.00221375516 0.00856614951
v 0.00562505564 0.00218008133 0.00785164908
v 0.00556422397 0.002087245 0.0078816954
v 0.0055350773 0.00252167881 0.00912163872
v 0.00548224896 0.00281276158 0.00932520255
v 0.00554566458 0.00288866484 0.00928688236
v 0.00556046749 0.00261584902 0.00908002816
v 0.00571954949 0.00224050391 0.00782684889
v 0.00580767542 0.00221686135 0.00764868269
v 0.00565158855 0.00210697437 0.00719495444
v 0.00578369526 0.00216748146 0.00742250681
v 0.00570701389 0.00275854557 0.00901131425
v 0.00583470473 0.00267709582 0.00882450771
v 0.00575277442 0.00245079212 0.00844020583
v 0.00585497543 0.00248409179 0.00845156889
v 0.0058352733 0.00230296282 0.00796499755
v 0.00560677331 0.003174796 0.00944156013
v 0.00565141113 0.00311061949 0.00938136131
v 0.0056273276 0.00295159989 0.00926535949
v 0.00576756941 0.00289364439 0.00913940836
v 0.00580212427 0.00280045555 0.00901446398
v 0.00575525174 0.00212407485 0.00717952475
v 0.00565872574 0.00203963416 0.00643350743
v 0.00561966887 0.00202191481 0.00614412967
v 0.00544202328 0.0027313882 0.00937607698
v 0.00533960713 0.00288620172 0.00951631833
v 0.00513597764 0.00171700493 0.00467057806
v 0.00536517007 0.00175387459 0.00639525009
v 0.0054761027 0.00184843829 0.00725763198
v 0.00552379247 0.00192844507 0.00767553272
v 0.00558313075 0.00220461609 0.00854510721
v 0.00545722805 -0.00270359823 0.00934703648
v 0.00558323693 -0.00220983406 0.0085571846
v 0.00557438144 -0.00235199346 0.00884835981
v 0.00555533962 -0.00245066802 0.00901560392
v 0.0055168462 -0.00257327105 0.00919196289
v 0.00555411866 -0.00200937293 0.00799304992
v 0.00558306416 -0.00220183725 0.00853867177
v 0.00551867392 -0.00191781728 0.00762746623
v 0.00513597857 -0.00171701028 0.00467057247
v 0.00534614874 -0.00174497499 0.00625243178
v 0.00537829846 -0.00176089047 0.00649422873
v 0.00547610829 -0.00184844807 0.00725768041
v 0.00556423375 -0.00208726595 0.00788176153
v 0.00560150389 -0.00230109552 0.00850549806
v 0.00532425707 -0.00183498277 0.00593758514
v 0.00513782585 -0.00174850563 0.00467123324
v 0.00515714753 -0.00182167382 0.00467803329
v 0.00518013677 -0.00186508649 0.00468611903
v 0.00538680144 -0.00193071179 0.00592555944
v 0.00522421859 -0.00191778888 0.00470165117
v 0.0052834237 -0.00196097163 0.00472248904
v 0.00534725236 -0.00302228448 0.00952124875
v 0.00548214791 -0.00281281234 0.00932536926
v 0.0055604605 -0.00261587277 0.00908006541
v 0.00549415778 -0.0019515272 0.00723905908
v 0.00555606699 -0.00204614038 0.00721641304
v 0.00562506402 -0.00218010088 0.00785172638
v 0.00566098141 -0.00239014556 0.00846761465
v 0.00559545774 -0.00244460138 0.00880236272
v 0.00541308755 -0.00309634954 0.00949488953
v 0.00554557005 -0.00288867601 0.00928698387
v 0.00562082138 -0.00269701332 0.00903768092
v 0.00547528686 -0.00200012722 0.00508003915
v 0.00561951986 -0.00202191644 0.0061441455
v 0.00548226899 -0.00199299608 0.0059103989
v 0.00571598439 -0.00208074646 0.00686683971
v 0.00565160252 -0.00210698508 0.00719501683
v 0.00543506909 -0.00199999986 0.00477587339
v 0.00556996185 -0.00322292303 0.00948356651
v 0.005627234 -0.00295156846 0.00926539209
v 0.00565143069 -0.00311060552 0.00938135106
v 0.00576748187 -0.0028935934 0.00913937576
v 0.00579020986 -0.00283525256 0.0090628257
v 0.00570698874 -0.00275862357 0.0090114465
v 0.00580447819 -0.00279312418 0.00900401734
v 0.00575276883 -0.00245081936 0.0084402822
v 0.00585494423 -0.00247367797 0.00842799712
v 0.00583466189 -0.00267705065 0.00882445462
v 0.00578081794 -0.00216246792 0.0073969448
v 0.00578370783 -0.00216750219 0.00742261484
v 0.00571956206 -0.0022405237 0.00782691967
v 0.00583526399 -0.00230292627 0.00796489883
v 0.00585470116 -0.00245881034 0.00839356612
v 0.00549058802 -0.00331607391 0.00955719408
v 0.00534464186 -0.00348693761 0.0096598966
v 0.00519125164 -0.00335762464 0.00968329329
v 0.00448948331 -0.00383851305 0.00980372261
v 0.00478186645 -0.00378466025 0.00980030373
v 0.0044913115 -0.00393959088 0.00978575554
v 0.00480147824 -0.00387837132 0.00978080835
v 0.00506369537 -0.00364745478 0.00975509826
v 0.00510703214 -0.00373759517 0.00974913687
v 0.00527381245 -0.00357950618 0.00969842542
v 0.00496628927 -0.00347962743 0.00982074346
v 0.0041989903 -0.00366597739 0.0100270221
v 0.00420054793 -0.00368436868 0.00995695777
v 0.00420570187 -0.00394952996 0.00977967773
v 0.00420426438 -0.00381443277 0.00981282815
v 0.00420290465 -0.0037488949 0.00986073446
v 0.00475799665 -0.00361053366 0.00990561582
v 0.00476832921 -0.00369341252 0.00984217227
v 0.00462832116 -0.00365172722 0.00993360486
v 0.00463127159 -0.00372706866 0.00985439774
v 0.00448824419 -0.00367347593 0.009950554
v 0.0044883485 -0.00374274072 0.00986102875
v 0.00501237251 -0.00356260082 0.00977978576
v 0.00420182431 -0.00371322199 0.00990322046
v 0.00352894398 -0.00368860294 0.00992636941
v 0.00353949517 -0.00395235419 0.00974965002
v 0.00353784254 -0.00384831009 0.00976923853
v 0.00353410654 -0.00375231914 0.00983145647
v 0.00237912172 0.00599097321 0.00969141256
v 0.00297586014 0.00592377363 0.0097213462
v 0.00233328808 -0.0059951474 0.00968910381
v 0.00348083233 -0.00584682683 0.00974669307
v 0.00297589297 -0.00592376851 0.00972135458
v 0.0067736702 0.00200000009 0.00524713099
v 0.00743711879 0.00200263015 0.00604025694
v 0.00735139707 0.00200010347 0.0056828321
v 0.00696414663 0.00200000009 0.00532018114
v 0.00720880786 0.00200000103 0.00547833787
v 0.00751384255 0.0020263656 0.00662073959
v 0.00755370874 0.00205802335 0.0069489372
v 0.00761451386 0.00217100512 0.00755705638
v 0.0076383003 0.00230102171 0.00795702823
v 0.00764053175 0.00233163568 0.00803127885
v 0.00761501864 0.00269126403 0.00864571612
v 0.00763428956 0.00254898518 0.00844387058
v 0.0076397201 0.00248083542 0.00833128672
v 0.00764207123 0.00242139539 0.00822203886
v 0.00759009784 0.00281799491 0.00879723486
v 0.00756533444 0.00291993306 0.00890438724
v 0.00739465188 0.00340635632 0.00929210149
v 0.00749612786 0.0031473015 0.00910713337
v 0.00753580313 0.00302463677 0.00900330674
v 0.00735759269 0.00348809082 0.00934244134
v 0.00736457296 0.00347310537 0.0093334699
v 0.00602641981 0.0049906997 0.00982071646
v 0.00648518186 0.00465160655 0.00977625046
v 0.00668478012 0.00446311431 0.00973598473
v 0.00685292715 0.00427801907 0.00968593359
v 0.00696409727 0.00413928367 0.00964148249
v 0.00714987237 0.00386999943 0.00953728985
v 0.0071839327 0.00381433452 0.00951257627
v 0.00550327078 0.00526964106 0.00982848275
v 0.00484213419 0.00552212307 0.0098109236
v 0.00399608724 0.00574671803 0.00977247301
v 0.00689143036 0.00157909968 0.00528858695
v 0.00713620521 0.00164662232 0.00539116468
v 0.00733378436 0.00170807249 0.00555597153
v 0.00744828722 0.00175540859 0.00578999193
v 0.00678510731 0.00467560627 0.0101159168
v 0.00633232156 0.00496278377 0.0101638706
v 0.00522147911 0.00542254001 0.0101757692
v 0.00581986643 0.00520477071 0.0101817735
v 0.00352425594 0.00583291147 0.0100986324
v 8.00725829e-05 0.0058066831 0.012557542
v -0.0020565684 0.00498096412 0.0129772285
v 0.00343926111 0.00582406297 0.0117471265
v 0.00422306219 0.0056963074 0.0118035721
v 0.00455194199 0.00562724285 0.0118032442
v 0.00324602425 0.00584584521 0.0119798137
v 0.00542360824 0.00538566848 0.0118469363
v 0.00504853297 0.0055016703 0.0118285343
v 0.00482723955 0.00556114269 0.011817202
v 0.00653704302 0.00486435369 0.0118805813
v 0.00637577288 0.00496326294 0.0118799917
v 0.00603596913 0.00514116185 0.0118719768
v 0.00609318726 0.00511373114 0.0118737798
v 0.00716411835 0.00435204525 0.0118485
v 0.00705144741 0.00446273061 0.0118600745
v 0.00703752739 0.00447573746 0.0118612815
v 0.00698627392 0.00452244701 0.0118652936
v 0.00682181353 0.00466067577 0.0118744951
v 0.00768788159 0.00367200561 0.0117296167
v 0.0075516412 0.0038813178 0.0117740408
v 0.00735473493 0.00414016191 0.011819764
v 0.00729312282 0.00421235943 0.0118304864
v 0.00771776121 0.00362214795 0.0117181828
v 0.00783073343 0.00341855525 0.0116684092
v 0.00796030741 0.0031494454 0.0115958992
v 0.00831924006 0.00206208159 0.0112937065
v 0.00822959468 0.00240299804 0.0113828182
v 0.00803792756 0.00296510221 0.0115435459
v 0.00797283743 0.00312099815 0.0115879336
v 0.00841132086 0.00161960465 0.0111961542
v 0.00842253864 0.00155608624 0.0111843161
v 0.00891509559 2.86523499e-10 0.0127649251
v 0.00851178356 0.000895150995 0.0110931676
v 0.00855458342 0.000148521067 0.0110528786
v 0.00855582859 -3.50907609e-10 0.0110519193
v 0.00219828542 0.00592359249 0.0121689457
v 0.00112236245 0.00591584528 0.0123645412
v -0.000872897042 0.005580022 0.0127393687
v -0.00169929082 0.00521792844 0.0129035003
v -0.00130384252 0.00541701354 0.0128240166
v 0.00699032564 0.00454007275 0.0115549425
v 0.00700437604 0.00449848268 0.0117115816
v 0.00737818517 0.00418104697 0.0114108352
v 0.00817792024 0.000407682586 0.00898567308
v 0.00828776322 0.0010252333 0.00916149374
v 0.00833561737 0.000795945234 0.00981194153
v 0.00656146696 0.00484521221 0.0117235417
v 0.00653070956 0.00492942985 0.0114267496
v 0.00659548445 0.00482500996 0.0118730795
v 0.00798365381 0.000563853886 0.0077886642
v 0.00793511793 -6.7397167e-08 0.00761865452
v 0.0078447815 -1.32774701e-07 0.00703553297
v 0.00775828538 2.05668599e-07 0.00645037834
v 0.00771243451 -4.30974545e-08 0.00612949254
v 0.0077043185 0.00034953357 0.00612674886
v 0.0079441946 -6.84945647e-08 0.0076757255
v 0.00808681827 0.000531714701 0.00838173553
v 0.00803542044 -2.81488592e-08 0.0082351258
v 0.00814342313 3.10017469e-08 0.00886707287
v 0.00813484937 5.20097956e-08 0.0088179931
v 0.0082811052 0.000205556193 0.00962506514
v 0.00827121641 -3.69762319e-08 0.00957848132
v 0.00837658904 0.000662715291 0.0101490663
v 0.00841386802 -1.28947079e-07 0.0103334999
v 0.00843346305 0.000526772055 0.0104905581
v 0.00850208756 0.000393661525 0.0108315367
v 0.0083777681 0.00164900837 0.0108910045
v 0.00828035828 0.00217650295 0.0111015653
v 0.00813269522 0.0026822486 0.0113115804
v 0.00794491824 0.00316259544 0.0115284063
v 0.00769519806 0.0036413148 0.011615823
v 0.00739391427 0.00407963386 0.0117293689
v 0.00768559426 0.00368975545 0.0114584612
v 0.00737343449 0.00411999738 0.0115718255
v 0.00606186967 0.00512602599 0.0117716789
v 0.00599076133 0.00519016152 0.0114907837
v 0.00593023654 0.00527868979 0.0112078199
v 0.00464049773 0.00561455032 0.0113911973
v 0.00409091916 0.00572121004 0.0117668696
v 0.00652077096 0.005051855 0.0111331316
v 0.00745203486 0.0043548285 0.0110842148
v 0.00699526956 0.00459835771 0.011398063
v 0.00703941612 0.00475160824 0.0110869845
v 0.00808701944 0.00348537625 0.0108713759
v 0.00845540408 0.00252440735 0.0104166027
v 0.0083339531 0.00303938775 0.0106367366
v 0.00840665027 0.00138572603 0.0100045959
v 0.00846329052 0.00196653488 0.0102058714
v 0.00825994741 0.00110625115 0.00885037426
v 0.00781781226 0.00342848175 0.0114919469
v 0.00784139428 0.00339191826 0.0116445702
v 0.00782557111 0.00348944566 0.0113325333
v 0.00775118126 0.00385452225 0.0111289229
v 0.00795817468 0.00328019541 0.0112136537
v 0.00818463322 0.00282432581 0.0109923147
v 0.00833171234 0.00232488033 0.0107757663
v 0.00839510001 0.00179388036 0.0105572501
v 0.00770508731 0.00376165379 0.0112957601
v 0.0073315273 -3.88101533e-08 0.00545974541
v 0.00707990909 -3.7838209e-08 0.00535495114
v 0.00707274349 0.000310152944 0.0053524226
v 0.00732348347 0.000321404834 0.00545694167
v 0.00752844103 0.00033342847 0.0056233732
v 0.00753679546 -4.04278317e-08 0.00562623097
v 0.0076509933 0.000342790183 0.00585819827
v 0.00765928021 -4.21466915e-08 0.00586094754
v 0.00730002206 -0.000645955966 0.00544870785
v 0.00705126906 -0.000619878119 0.00534487423
v 0.0070727407 -0.000310191041 0.00535242772
v 0.00732328882 -0.000325321045 0.00545687182
v 0.00752823846 -0.000337489735 0.00562329637
v 0.00750420988 -0.000669974892 0.00561507884
v 0.00765078887 -0.000346965273 0.00585813122
v 0.00762647577 -0.000688712462 0.00585007807
v 0.00770411873 -0.000353791576 0.00612667436
v 0.00767948758 -0.000702195801 0.00611853693
v 0.00769520272 -0.00364130642 0.0116158156
v 0.00768559985 -0.00368974684 0.0114584565
v 0.0078255767 -0.00348943775 0.0113325324
v 0.00851177797 -0.000894723344 0.0110930083
v 0.00850208569 -0.000393641443 0.0108315386
v 0.00855452102 -0.000151733839 0.01105294
v 0.00705125788 -0.00446291454 0.0118600829
v 0.00703756604 -0.00447570859 0.0118612554
v 0.00700438116 -0.00449847896 0.0117115779
v 0.00653584255 -0.0048651793 0.0118807815
v 0.00637516286 -0.00496366294 0.0118800849
v 0.00656147208 -0.00484521035 0.011723537
v 0.00646345969 -0.00508394791 0.0111249117
v 0.00652077841 -0.00505185267 0.0111331213
v 0.00599076599 -0.00519015919 0.0114907818
v 0.00739466259 -0.00447951211 0.0110231889
v 0.00703942263 -0.00475160591 0.0110869836
v 0.00696651777 -0.0048054466 0.0110878441
v 0.00835185219 -0.0013851407 0.00904367119
v 0.00830092374 -0.00128120242 0.00886632316
v 0.00825994089 -0.00110622949 0.00885036867
v 0.00821068976 -0.00112743152 0.00855329819
v 0.00781962089 -0.000744287856 0.00695016934
v 0.00798365101 -0.000563831185 0.00778865907
v 0.00808681361 -0.000531692349 0.0083817346
v 0.00814642664 -0.00103575212 0.00832407549
v 0.00798270572 -0.000855727587 0.00769273378
v 0.00842815265 -0.00157821004 0.00932310056
v 0.0082877595 -0.00102521188 0.00916147884
v 0.0085406499 -0.00220454321 0.00996638834
v 0.0085315099 -0.00206164434 0.00984444469
v 0.00846328959 -0.00196651835 0.0102058658
v 0.00845881458 -0.00167667819 0.00944659486
v 0.00840664748 -0.00138570834 0.0100045931
v 0.00833561365 -0.000795924745 0.0098119406
v 0.00833395869 -0.00303937588 0.0106367255
v 0.00838236231 -0.00310263247 0.0105378916
v 0.00845540594 -0.00252439291 0.0104165971
v 0.00847453531 -0.00281352573 0.0103832204
v 0.00847757608 -0.00280124042 0.0103761237
v 0.0085155908 -0.00261097192 0.0102600548
v 0.0085364664 -0.0024246797 0.0101340739
v 0.00786131062 -0.00398905855 0.0108909477
v 0.0081145307 -0.00363211939 0.0107681155
v 0.00808702782 -0.00348536787 0.0108713657
v 0.0082405135 -0.0034132069 0.0106804585
v 0.00833316986 -0.00322159636 0.0105951838
v 0.00504170265 -0.00554072019 0.0111196619
v 0.00464050006 -0.00561455032 0.0113911964
v 0.00453165546 -0.00564648351 0.0110994186
v 0.00409092009 -0.00572121004 0.0117668733
v 0.00402438361 -0.00573845115 0.011075506
v 0.00343925995 -0.00582406344 0.0117471339
v 0.00347789866 -0.00582602108 0.0110481959
v 0.00380686088 -0.00577483093 0.0110646915
v 0.00451775221 -0.00563484849 0.0118019395
v 0.00482724374 -0.00556110591 0.0118176211
v 0.00504848221 -0.00550169218 0.0118286945
v 0.00507444842 -0.00553328497 0.0111207645
v 0.00593024027 -0.00527869025 0.0112078218
v 0.00590442959 -0.00530494843 0.0111362953
v 0.0061533344 -0.00521554472 0.0111341728
v 0.00541691436 -0.00538795255 0.01184652
v 0.0065954891 -0.00482500624 0.0118730711
v 0.0068221367 -0.00466042291 0.0118745556
v 0.00699140178 -0.00451785792 0.0118649174
v 0.00755200721 -0.00388074387 0.0117739411
v 0.00736704096 -0.00412525423 0.0118174357
v 0.00739391893 -0.0040796278 0.0117293634
v 0.0072941184 -0.00421121949 0.0118302936
v 0.00737344148 -0.00411999086 0.0115718143
v 0.00796026271 -0.00314948126 0.0115959775
v 0.00783150923 -0.00341707817 0.0116680283
v 0.00784139894 -0.00339190895 0.0116445664
v 0.00799196865 -0.00307656149 0.0115754316
v 0.00794492196 -0.0031625845 0.0115284054
v 0.00822961051 -0.00240300316 0.0113828126
v 0.00813270081 -0.00268223649 0.0113115637
v 0.00828036107 -0.00217648898 0.0111015644
v 0.00837776996 -0.00164899323 0.0108910017
v 0.00840956625 -0.00162925408 0.0111979954
v 0.00831919536 -0.00206205016 0.0112936888
v 0.00843346398 -0.000526751508 0.0104905423
v 0.00842255447 -0.00155604293 0.0111842817
v 0.00817791652 -0.000407660322 0.00898566842
v 0.00828110427 -0.000205534641 0.00962505583
v 0.00837658811 -0.000662696199 0.0101490645
v 0.00770509476 -0.0037616468 0.011295747
v 0.00775118778 -0.00385451573 0.0111289192
v 0.0079581812 -0.00328018586 0.0112136379
v 0.0077177994 -0.00362210767 0.0117181865
v 0.00781781599 -0.00342847267 0.0114919506
v 0.00839509908 -0.00179386383 0.0105572501
v 0.00833171606 -0.0023248666 0.0107757626
v 0.00818463787 -0.0028243144 0.01099231
v 0.00778857898 -0.00407746248 0.010917821
v 0.00594303058 -0.00518379314 0.0118687693
v 0.00606187433 -0.00512602367 0.0117716761
v 0.00653071608 -0.00492942799 0.0114267431
v 0.00679572998 -0.00491072889 0.0111041702
v 0.00699527608 -0.00459835446 0.0113980575
v 0.00606203033 -0.00512878876 0.0118728103
v 0.00699033029 -0.0045400681 0.0115549406
v 0.00737819215 -0.00418104185 0.0114108268
v 0.00716412626 -0.0043520499 0.0118484665
v 0.00745204231 -0.00435482431 0.0110842185
v 0.00769972848 -0.00365243736 0.0117251892
v 0.00851537846 -0.00289079198 0.0102395648
v 0.00684967544 -0.00494394312 0.0109537635
v 0.00773853855 -0.00103760289 0.0066891918
v 0.0076448922 -0.00100516167 0.00610699505
v 0.0078385435 -0.00125132804 0.00729110045
v 0.0077555785 -0.00136251654 0.00706624007
v 0.00770540908 -0.00118021807 0.00663436716
v 0.00767819025 -0.00132266502 0.00663089985
v 0.00759781571 -0.00130261411 0.00609217584
v 0.00796959549 -0.00155948824 0.00798945781
v 0.00780890137 -0.00139981753 0.00732502947
v 0.00778401876 -0.00138147071 0.00720766466
v 0.00800498948 -0.0013954218 0.0079302704
v 0.00818445813 -0.00163534912 0.00853711367
v 0.00811837707 -0.00179140258 0.00854094513
v 0.00819532666 -0.00196634536 0.0088327229
v 0.00834450964 -0.00198796229 0.00909171719
v 0.00824820623 -0.00213112566 0.00905432552
v 0.00843789056 -0.00245340401 0.0095719751
v 0.00830974244 -0.00249200757 0.00942915678
v 0.00840548053 -0.0030035032 0.00996040646
v 0.00827549398 -0.00303731463 0.0098273186
v 0.00820807926 -0.00358095742 0.0102496874
v 0.008106892 -0.0035478503 0.0100928033
v 0.00824908447 -0.00315258931 0.00989457127
v 0.00785538368 -0.00412532128 0.010449009
v 0.00780237885 -0.00404865993 0.0102863163
v 0.00797970034 -0.00378782256 0.0101925815
v 0.00727408659 -0.00458334293 0.0104367714
v 0.0073814271 -0.00449433317 0.0104154432
v 0.00737684406 -0.00459412346 0.0105774319
v 0.00747873122 -0.0044064275 0.0103929173
v 0.00774200354 -0.00412483327 0.0103110578
v 0.00687292311 -0.00485764863 0.0104923006
v 0.00680350605 -0.00496359356 0.0106503842
v 0.00676956773 -0.00491630845 0.0105018979
v 0.00630518747 -0.00513506774 0.0105283055
v 0.00616873754 -0.00523324963 0.0106798401
v 0.0060965037 -0.00521449512 0.0105332462
v 0.00566318864 -0.00535353972 0.0105337771
v 0.00552635547 -0.0054353727 0.010828374
v 0.00504675508 -0.00551443966 0.0105191525
v 0.00483267056 -0.00558590144 0.0108082639
v 0.00432638777 -0.00567611214 0.0104892906
v 0.00349327619 -0.00582769141 0.0107483808
v 0.00350797898 -0.0058298246 0.0104489438
v 0.00482528703 -0.00559125794 0.0109612597
v 0.00552124018 -0.00543745747 0.0109819742
v 0.00620258646 -0.00523296464 0.0109836878
v 0.00743221212 -0.00454922998 0.0108789159
v 0.00792169012 -0.00405621203 0.0107464651
v 0.00829415303 -0.00349150016 0.0105400169
v 0.00856239349 -0.00230977568 0.00983676035
v 0.00847112853 -0.0018087927 0.00933877099
v 0.00830159616 -0.00142016413 0.0087611936
v 0.00788577925 -0.00111928058 0.00736951036
v 0.00806692056 -0.00127814454 0.00802801084
v 0.00825903006 -0.0015359536 0.00864973012
v 0.00620493293 -0.00523959659 0.0108291339
v 0.00684930896 -0.00496282615 0.0107987123
v 0.00743016088 -0.00458273152 0.0107243927
v 0.00791622046 -0.00410280004 0.0105940197
v 0.008279223 -0.00354808755 0.0103916274
v 0.00848698243 -0.00295827631 0.0100974021
v 0.00852392707 -0.00239201961 0.00970277842
v 0.00842809677 -0.00190784945 0.00921482593
v 0.00722819986 -0.00119883148 0.00542348018
v 0.00698086061 -0.00115016545 0.00532008661
v 0.00702143833 -0.000885922869 0.0053343717
v 0.00726877851 -0.000924817461 0.00543774432
v 0.00747181289 -0.000959154218 0.00560382148
v 0.00742956949 -0.00124338118 0.0055891769
v 0.00759294629 -0.000985915889 0.00583866658
v 0.0075482931 -0.00127790717 0.00582368672
v 0.00528553361 0.00185850216 0.00472322479
v 0.00689139357 -0.0015787204 0.00528858043
v 0.00677348021 -0.00200000009 0.00524706207
v 0.00734367501 -0.00200008089 0.00566602405
v 0.00743709365 -0.00200262736 0.00604006555
v 0.0072227926 -0.00200000196 0.00549216475
v 0.00703848945 -0.00200000033 0.0053565125
v 0.00751382019 -0.00202637468 0.00662073959
v 0.00754555687 -0.00204994087 0.00687957322
v 0.00760894688 -0.00215422083 0.00749015994
v 0.00762733445 -0.00222290447 0.00773731479
v 0.00763926748 -0.00231349096 0.0079879174
v 0.0076362798 -0.00252700457 0.0084088603
v 0.00761496695 -0.00269126659 0.00864571705
v 0.00759044383 -0.00281624799 0.00879528653
v 0.00756530743 -0.00291990396 0.00890435185
v 0.00753577752 -0.0030246363 0.00900329463
v 0.00749419583 -0.00315282773 0.00911154039
v 0.00748476246 -0.00317962118 0.00913257897
v 0.00739464955 -0.00340635888 0.00929210242
v 0.00736458739 -0.00347308093 0.00933344942
v 0.0073388773 -0.00352743152 0.00936545618
v 0.00718394993 -0.00381434313 0.0095125651
v 0.00711471168 -0.00392523594 0.00956068095
v 0.0069641429 -0.00413928926 0.00964147598
v 0.0068993289 -0.00422193576 0.00966867525
v 0.00681458926 -0.00432272209 0.00969896466
v 0.00653814152 -0.00460449373 0.00976719055
v 0.00643861666 -0.00469143502 0.00978336111
v 0.00598761346 -0.00501459045 0.00982242357
v 0.00544898864 -0.00529377256 0.00982784946
v 0.00479502697 -0.00553698465 0.00980908424
v 0.00399499759 -0.00574694388 0.0097724162
v 0.00713618472 -0.00164642732 0.00539115816
v 0.00733376294 -0.00170804362 0.00555594545
v 0.00744825136 -0.00175549835 0.00578991463
v 0.00749379396 -0.00178926135 0.00605850667
v 0.00633234344 -0.0049627712 0.0101638706
v 0.00678513199 -0.00467558857 0.0101159057
v 0.00352425547 -0.005832911 0.0100986352
v 0.00522149215 -0.00542253582 0.0101757804
v 0.00581988646 -0.0052047628 0.010181766
v 0.0011223671 -0.00591584621 0.0123645384
v 0.00219828892 -0.00592359249 0.0121689495
v 8.00777198e-05 -0.00580668263 0.0125575354
v -0.000872892444 -0.00558002386 0.0127393659
v -0.00130383775 -0.00541701633 0.012824011
v -0.0016992857 -0.0052179303 0.012903491
v -0.0020565663 -0.00498096645 0.012977236
v 0.00324602867 -0.00584584475 0.0119798053
v 0.00422306545 -0.00569630601 0.0118035674
f 1 2 3
f 4 5 2
f 2 1 4
f 4 1 6
f 4 6 7
f 7 8 9
f 9 8 10
f 9 10 11
f 12 13 11
f 11 10 12
f 12 10 14
f 12 14 15
f 7 6 8
f 8 6 16
f 8 16 10
f 10 16 14
f 3 17 1
f 1 17 18
f 1 18 6
f 6 18 19
f 6 19 16
f 20 21 22
f 22 21 23
f 22 23 24
f 24 23 25
f 24 25 26
f 27 28 29
f 29 28 30
f 29 30 26
f 26 30 31
f 26 31 24
f 21 5 23
f 23 5 4
f 23 4 25
f 25 4 7
f 25 7 26
f 26 7 9
f 26 9 29
f 29 9 11
f 29 11 27
f 27 11 13
f 32 33 34
f 35 36 37
f 37 36 38
f 37 38 22
f 22 38 39
f 22 39 20
f 40 41 35
f 35 41 42
f 35 42 36
f 43 44 40
f 40 44 45
f 40 45 41
f 40 46 43
f 43 46 47
f 43 47 48
f 48 47 49
f 49 47 50
f 49 50 51
f 52 53 54
f 54 55 52
f 52 55 56
f 52 56 50
f 50 56 57
f 50 57 51
f 58 59 60
f 60 59 61
f 60 61 62
f 63 64 65
f 65 64 66
f 65 66 67
f 67 66 68
f 67 68 69
f 69 68 70
f 69 70 58
f 58 70 71
f 58 71 59
f 63 65 72
f 72 65 73
f 72 73 74
f 74 73 75
f 74 75 76
f 76 75 30
f 76 30 28
f 77 78 79
f 79 78 24
f 79 24 31
f 22 24 37
f 37 24 78
f 37 78 35
f 35 78 77
f 35 77 40
f 40 77 80
f 40 80 46
f 46 80 81
f 46 81 47
f 47 81 82
f 47 82 50
f 50 82 83
f 50 83 52
f 52 83 34
f 52 34 53
f 53 34 33
f 31 30 79
f 79 30 75
f 79 75 77
f 77 75 73
f 77 73 80
f 80 73 65
f 80 65 81
f 81 65 67
f 81 67 82
f 82 67 69
f 82 69 83
f 83 69 58
f 83 58 34
f 34 58 60
f 34 60 32
f 32 60 62
f 84 85 86
f 87 88 89
f 90 91 92
f 92 91 93
f 92 93 94
f 94 93 95
f 94 95 96
f 97 98 99
f 99 98 100
f 54 97 55
f 55 97 99
f 55 99 89
f 89 99 100
f 89 100 87
f 49 51 88
f 88 51 57
f 88 57 89
f 89 57 56
f 89 56 55
f 87 96 88
f 88 96 95
f 88 95 49
f 49 95 93
f 49 93 48
f 101 43 48
f 45 44 102
f 102 44 43
f 102 43 103
f 103 43 101
f 45 102 41
f 41 102 104
f 41 104 42
f 42 104 105
f 42 105 36
f 20 39 106
f 106 39 38
f 106 38 107
f 107 38 36
f 107 36 108
f 108 36 105
f 20 106 21
f 21 106 109
f 21 109 5
f 5 109 110
f 5 110 2
f 48 93 101
f 101 93 91
f 101 91 103
f 103 91 111
f 103 111 102
f 102 111 112
f 102 112 104
f 104 112 113
f 104 113 105
f 105 113 114
f 105 114 108
f 108 114 115
f 108 115 107
f 107 115 116
f 107 116 106
f 106 116 117
f 106 117 109
f 109 117 118
f 109 118 110
f 119 85 120
f 120 85 84
f 120 84 121
f 90 122 91
f 91 122 123
f 91 123 111
f 111 123 124
f 111 124 112
f 112 124 125
f 112 125 113
f 113 125 126
f 113 126 114
f 114 126 127
f 114 127 115
f 115 127 128
f 115 128 116
f 116 128 129
f 116 129 117
f 117 129 121
f 117 121 118
f 118 121 84
f 118 84 110
f 110 84 86
f 110 86 2
f 2 86 3
f 130 131 132
f 133 134 135
f 136 137 138
f 139 140 141
f 142 143 144
f 145 146 147
f 147 146 148
f 147 148 149
f 141 140 150
f 150 140 151
f 150 151 143
f 143 151 152
f 143 152 144
f 139 153 154
f 154 136 139
f 139 136 138
f 139 138 140
f 140 138 155
f 140 155 151
f 151 155 156
f 151 156 152
f 152 156 157
f 152 157 144
f 144 157 146
f 144 146 142
f 142 146 145
f 158 159 160
f 160 159 132
f 160 132 161
f 161 132 131
f 162 163 164
f 164 163 165
f 164 165 166
f 166 165 167
f 167 165 168
f 167 168 169
f 169 168 170
f 169 170 171
f 171 170 172
f 171 172 173
f 174 162 175
f 175 162 164
f 175 164 176
f 176 164 166
f 176 166 177
f 177 166 167
f 177 167 178
f 178 167 169
f 178 169 179
f 179 169 171
f 179 171 135
f 135 171 173
f 135 173 133
f 180 153 181
f 181 153 139
f 181 139 182
f 182 139 141
f 137 183 138
f 138 183 184
f 138 184 130
f 130 132 138
f 138 132 185
f 138 185 155
f 155 185 186
f 155 186 156
f 156 186 187
f 156 187 157
f 157 187 188
f 157 188 146
f 146 188 189
f 146 189 148
f 158 133 159
f 159 133 173
f 159 173 132
f 132 173 172
f 132 172 185
f 185 172 170
f 185 170 186
f 186 170 168
f 186 168 187
f 187 168 165
f 187 165 188
f 188 165 163
f 188 163 189
f 190 191 192
f 193 194 195
f 196 197 198
f 198 197 199
f 198 199 200
f 200 199 201
f 200 201 202
f 202 201 203
f 204 202 205
f 205 202 203
f 205 203 206
f 194 207 195
f 195 207 208
f 195 208 206
f 206 208 209
f 206 209 205
f 210 149 211
f 211 212 210
f 210 212 213
f 210 213 214
f 214 213 215
f 215 213 216
f 216 213 217
f 216 217 218
f 218 217 219
f 218 219 220
f 191 221 192
f 192 221 222
f 192 222 223
f 223 222 224
f 223 224 225
f 211 226 212
f 212 226 227
f 212 227 213
f 213 227 228
f 213 228 217
f 229 219 225
f 225 219 217
f 225 217 223
f 223 217 228
f 223 228 192
f 192 228 227
f 192 227 190
f 190 227 226
f 221 193 222
f 222 193 195
f 222 195 224
f 224 195 206
f 224 206 225
f 225 206 203
f 225 203 229
f 229 203 201
f 229 201 219
f 219 201 199
f 219 199 220
f 220 199 197
f 230 231 232
f 233 234 235
f 145 147 236
f 215 216 237
f 238 239 231
f 240 241 242
f 242 241 243
f 242 243 244
f 244 243 245
f 244 245 246
f 242 247 240
f 240 247 232
f 240 232 248
f 231 239 232
f 232 239 249
f 232 249 248
f 234 250 251
f 250 234 252
f 252 234 233
f 252 233 253
f 218 220 254
f 254 220 197
f 215 237 214
f 255 147 149
f 145 236 142
f 256 257 182
f 182 257 181
f 181 257 258
f 181 258 180
f 259 260 261
f 262 263 264
f 244 263 242
f 242 263 262
f 242 262 247
f 247 262 265
f 247 265 232
f 232 265 266
f 232 266 230
f 230 266 267
f 268 231 269
f 269 231 230
f 269 230 270
f 270 230 267
f 270 267 271
f 271 267 266
f 271 266 272
f 272 266 265
f 272 265 273
f 273 265 262
f 273 262 259
f 259 262 264
f 259 264 260
f 147 255 236
f 236 255 274
f 236 274 275
f 149 210 255
f 255 210 214
f 255 214 274
f 274 214 237
f 274 237 275
f 196 253 197
f 197 253 233
f 197 233 254
f 254 233 235
f 254 235 276
f 276 235 277
f 276 277 278
f 278 277 279
f 278 279 280
f 182 141 256
f 256 141 150
f 256 150 281
f 281 150 143
f 281 143 279
f 279 143 142
f 279 142 280
f 280 142 236
f 280 236 278
f 278 236 275
f 278 275 276
f 276 275 237
f 276 237 254
f 254 237 216
f 254 216 218
f 238 231 251
f 251 231 268
f 251 268 234
f 234 268 269
f 234 269 235
f 235 269 270
f 235 270 277
f 277 270 271
f 277 271 279
f 279 271 272
f 279 272 281
f 281 272 273
f 281 273 256
f 256 273 259
f 256 259 257
f 257 259 261
f 257 261 258
f 282 283 284
f 284 283 285
f 284 285 286
f 287 288 289
f 287 289 285
f 285 289 290
f 285 290 291
f 291 292 285
f 285 292 293
f 285 293 286
f 294 295 296
f 297 298 299
f 299 298 300
f 299 300 301
f 301 300 302
f 301 302 303
f 303 302 304
f 303 304 305
f 306 307 297
f 297 307 308
f 297 308 298
f 306 309 307
f 307 309 310
f 307 310 311
f 311 310 294
f 294 310 312
f 294 312 295
f 313 314 315
f 315 314 316
f 315 316 317
f 317 316 318
f 317 318 296
f 296 318 319
f 296 319 294
f 313 320 314
f 314 320 321
f 314 321 322
f 321 323 322
f 322 323 324
f 322 324 325
f 325 324 326
f 325 326 327
f 327 326 328
f 327 328 329
f 329 328 330
f 329 330 331
f 331 330 332
f 332 330 333
f 332 333 334
f 335 336 337
f 337 338 335
f 335 338 339
f 335 339 333
f 333 339 340
f 333 340 334
f 341 342 343
f 344 345 346
f 300 298 347
f 314 348 349
f 334 350 332
f 339 351 340
f 352 351 353
f 353 351 339
f 353 339 354
f 354 339 338
f 354 338 337
f 334 355 350
f 350 355 356
f 350 356 332
f 332 356 331
f 327 329 357
f 358 359 325
f 325 359 322
f 314 349 316
f 316 349 360
f 316 360 318
f 361 362 319
f 319 362 294
f 294 362 311
f 311 362 363
f 311 363 307
f 307 363 364
f 307 364 308
f 302 300 365
f 365 300 347
f 365 347 366
f 366 347 367
f 346 345 368
f 368 345 369
f 368 369 370
f 370 369 371
f 370 371 372
f 372 371 373
f 372 373 374
f 375 376 373
f 373 376 377
f 373 377 374
f 375 378 376
f 376 378 379
f 376 379 380
f 380 379 381
f 380 381 382
f 336 381 337
f 337 381 379
f 337 379 354
f 354 379 378
f 354 378 353
f 353 378 375
f 353 375 352
f 352 375 373
f 383 384 385
f 385 384 386
f 385 386 357
f 387 388 389
f 389 388 390
f 389 390 391
f 344 341 345
f 345 341 343
f 345 343 369
f 369 343 392
f 369 392 371
f 371 392 393
f 371 393 373
f 373 393 394
f 373 394 352
f 352 394 355
f 352 355 351
f 351 355 334
f 351 334 340
f 342 388 343
f 343 388 387
f 343 387 392
f 392 387 395
f 392 395 393
f 393 395 383
f 393 383 394
f 394 383 385
f 394 385 355
f 355 385 357
f 355 357 356
f 356 357 329
f 356 329 331
f 319 318 361
f 361 318 360
f 361 360 362
f 362 360 396
f 362 396 363
f 363 396 397
f 363 397 364
f 314 322 348
f 348 322 359
f 348 359 349
f 349 359 398
f 349 398 360
f 360 398 399
f 360 399 396
f 396 399 400
f 396 400 397
f 397 400 401
f 397 401 364
f 304 302 391
f 391 302 365
f 391 365 389
f 389 365 366
f 389 366 387
f 387 366 367
f 387 367 395
f 395 367 402
f 395 402 383
f 383 402 403
f 383 403 384
f 298 308 347
f 347 308 364
f 347 364 367
f 367 364 401
f 367 401 402
f 402 401 400
f 402 400 403
f 403 400 399
f 403 399 384
f 384 399 398
f 384 398 386
f 386 398 359
f 386 359 357
f 357 359 358
f 357 358 327
f 327 358 325
f 404 405 406
f 407 408 409
f 410 411 412
f 413 414 415
f 416 417 418
f 419 420 421
f 422 423 424
f 424 423 425
f 426 427 428
f 428 427 429
f 430 431 432
f 432 431 433
f 432 433 434
f 435 436 437
f 437 436 438
f 437 438 434
f 434 438 439
f 434 439 432
f 421 440 419
f 419 440 441
f 419 441 420
f 420 441 442
f 420 442 443
f 444 445 413
f 413 445 446
f 413 446 414
f 414 446 447
f 414 447 415
f 448 449 450
f 451 452 453
f 405 454 452
f 341 344 455
f 447 418 415
f 415 418 417
f 415 417 421
f 421 417 416
f 421 416 440
f 456 449 457
f 457 449 448
f 457 448 412
f 412 411 457
f 457 411 458
f 457 458 456
f 459 460 410
f 410 460 407
f 407 409 410
f 410 409 461
f 410 461 411
f 411 461 451
f 411 451 458
f 458 451 453
f 458 453 456
f 433 462 434
f 434 462 463
f 434 463 437
f 437 463 464
f 437 464 435
f 435 464 443
f 435 443 465
f 465 443 442
f 466 467 468
f 468 467 469
f 468 469 423
f 423 469 470
f 423 470 425
f 471 472 473
f 473 472 474
f 473 474 475
f 475 474 476
f 475 476 304
f 404 406 477
f 477 406 466
f 477 466 471
f 471 466 468
f 471 468 472
f 472 468 423
f 472 423 474
f 474 423 422
f 474 422 476
f 452 451 405
f 405 451 461
f 405 461 406
f 406 461 409
f 406 409 466
f 466 409 408
f 466 408 467
f 467 408 478
f 467 478 469
f 469 478 479
f 469 479 470
f 470 479 428
f 470 428 425
f 425 428 429
f 425 429 424
f 304 391 475
f 475 391 390
f 475 390 473
f 473 390 388
f 473 388 471
f 471 388 342
f 471 342 477
f 477 342 341
f 477 341 404
f 404 341 455
f 404 455 405
f 405 455 480
f 405 480 454
f 481 444 450
f 450 444 413
f 450 413 448
f 448 413 415
f 448 415 412
f 412 415 421
f 412 421 410
f 410 421 420
f 410 420 459
f 459 420 443
f 459 443 460
f 460 443 464
f 460 464 407
f 407 464 463
f 407 463 408
f 408 463 462
f 408 462 478
f 478 462 433
f 478 433 479
f 479 433 431
f 479 431 428
f 428 431 430
f 428 430 426
f 422 482 476
f 476 482 305
f 476 305 304
f 483 484 422
f 422 484 485
f 422 485 482
f 422 424 483
f 483 424 429
f 483 429 486
f 430 487 426
f 426 487 488
f 426 488 427
f 427 488 489
f 427 489 429
f 429 489 490
f 429 490 486
f 491 492 432
f 432 492 493
f 432 493 430
f 430 493 494
f 430 494 487
f 491 432 495
f 495 432 439
f 495 439 496
f 465 497 435
f 435 497 498
f 435 498 436
f 436 498 496
f 436 496 438
f 438 496 439
f 499 447 500
f 500 447 446
f 500 446 445
f 441 501 442
f 442 501 502
f 442 502 465
f 465 502 503
f 465 503 497
f 441 440 501
f 501 440 416
f 501 416 499
f 499 416 418
f 499 418 447
f 491 495 504
f 500 505 499
f 499 505 506
f 499 506 501
f 498 497 507
f 507 497 503
f 507 503 506
f 506 503 502
f 506 502 501
f 504 495 507
f 507 495 496
f 507 496 498
f 508 488 487
f 508 487 509
f 487 494 509
f 509 494 493
f 509 493 504
f 504 493 492
f 504 492 491
f 510 511 483
f 483 486 510
f 510 486 490
f 510 490 508
f 508 490 489
f 508 489 488
f 482 485 511
f 511 485 484
f 511 484 483
f 511 512 482
f 482 512 513
f 482 513 305
f 303 305 513
f 303 513 301
f 301 513 514
f 301 514 299
f 299 514 297
f 297 514 515
f 297 515 306
f 516 312 310
f 516 310 515
f 515 310 309
f 515 309 306
f 517 296 516
f 516 296 295
f 516 295 312
f 320 313 518
f 518 313 315
f 518 315 517
f 517 315 317
f 517 317 296
f 326 324 519
f 519 324 323
f 519 323 518
f 518 323 321
f 518 321 320
f 326 519 328
f 328 519 520
f 328 520 330
f 330 520 333
f 333 520 521
f 333 521 335
f 335 521 522
f 335 522 282
f 282 522 283
f 335 282 336
f 336 282 523
f 336 523 381
f 381 523 524
f 381 524 382
f 382 524 525
f 382 525 380
f 380 525 526
f 380 526 376
f 376 526 527
f 376 527 377
f 377 527 528
f 377 528 374
f 374 528 529
f 374 529 372
f 372 529 370
f 370 529 530
f 370 530 368
f 531 344 530
f 530 344 346
f 530 346 368
f 532 533 444
f 444 533 445
f 453 534 535
f 532 444 536
f 536 444 481
f 536 481 537
f 537 481 450
f 537 450 538
f 538 450 449
f 538 449 535
f 535 449 456
f 535 456 453
f 344 531 455
f 455 531 539
f 453 452 534
f 534 452 454
f 534 454 539
f 539 454 480
f 539 480 455
f 540 500 533
f 533 500 445
f 540 541 500
f 500 541 542
f 500 542 505
f 543 544 545
f 545 544 546
f 545 546 547
f 547 546 548
f 547 548 549
f 545 541 540
f 540 550 545
f 545 550 551
f 545 551 552
f 552 553 545
f 545 553 554
f 545 554 543
f 555 556 547
f 547 556 287
f 547 287 545
f 545 287 285
f 545 285 541
f 541 285 283
f 541 283 542
f 542 283 505
f 283 522 505
f 505 522 521
f 505 521 506
f 506 521 520
f 506 520 507
f 507 520 519
f 507 519 504
f 504 519 518
f 504 518 509
f 509 518 508
f 513 512 518
f 512 511 518
f 518 511 510
f 518 510 508
f 515 514 516
f 516 514 513
f 516 513 517
f 517 513 518
f 557 558 559
f 547 549 555
f 555 549 560
f 561 562 563
f 563 562 564
f 563 564 565
f 557 566 558
f 558 566 567
f 558 567 568
f 568 567 569
f 568 569 563
f 563 569 570
f 563 570 561
f 571 572 573
f 573 572 574
f 571 575 572
f 572 575 576
f 572 576 577
f 578 572 579
f 579 572 580
f 578 581 572
f 572 581 582
f 572 582 574
f 577 557 572
f 572 557 559
f 572 559 580
f 580 559 583
f 580 583 560
f 560 583 584
f 560 584 555
f 585 586 587
f 588 589 590
f 590 589 585
f 590 585 565
f 585 587 565
f 565 587 591
f 565 591 563
f 563 591 592
f 563 592 568
f 568 592 593
f 568 593 558
f 558 593 559
f 559 593 594
f 559 594 583
f 583 594 595
f 583 595 584
f 584 595 556
f 584 556 555
f 288 287 596
f 596 287 556
f 596 556 597
f 556 595 597
f 597 595 594
f 597 594 598
f 599 600 594
f 594 600 601
f 594 601 602
f 602 603 594
f 594 603 604
f 594 604 598
f 605 606 593
f 593 606 607
f 593 607 594
f 594 607 608
f 594 608 599
f 591 609 592
f 592 609 610
f 592 610 593
f 593 610 611
f 593 611 605
f 586 612 587
f 587 612 613
f 587 613 591
f 591 613 614
f 591 614 609
f 615 616 610
f 610 616 611
f 606 605 617
f 618 596 597
f 606 617 607
f 617 619 607
f 607 619 620
f 607 620 608
f 608 620 621
f 608 621 599
f 599 621 622
f 599 622 600
f 600 622 623
f 600 623 601
f 601 623 624
f 601 624 602
f 602 624 625
f 602 625 603
f 603 625 626
f 603 626 604
f 604 626 627
f 604 627 598
f 598 627 628
f 598 628 597
f 597 628 629
f 597 629 618
f 611 616 605
f 605 616 630
f 605 630 617
f 610 609 631
f 631 632 610
f 610 632 633
f 610 633 615
f 618 629 634
f 635 288 634
f 634 288 596
f 634 596 618
f 282 284 523
f 523 284 636
f 635 637 288
f 288 637 638
f 288 638 289
f 289 638 639
f 289 639 290
f 290 639 640
f 290 640 291
f 291 640 641
f 291 641 292
f 292 641 642
f 292 642 293
f 293 642 643
f 293 643 286
f 286 643 644
f 286 644 284
f 284 644 645
f 284 645 636
f 635 646 637
f 637 646 638
f 647 642 648
f 648 642 641
f 648 641 649
f 649 641 640
f 649 640 646
f 646 640 639
f 646 639 638
f 645 644 647
f 647 644 643
f 647 643 642
f 647 650 645
f 645 650 651
f 645 651 636
f 527 526 652
f 652 526 525
f 652 525 524
f 529 528 653
f 531 530 654
f 655 656 657
f 658 659 655
f 660 659 661
f 661 659 658
f 661 658 662
f 523 636 524
f 524 636 651
f 524 651 652
f 652 651 650
f 652 650 663
f 663 650 647
f 663 647 664
f 664 647 648
f 665 666 667
f 667 666 668
f 667 668 669
f 669 668 670
f 669 670 671
f 671 670 672
f 671 672 673
f 674 665 675
f 675 665 667
f 675 667 676
f 676 667 669
f 676 669 677
f 677 669 671
f 677 671 678
f 678 671 673
f 678 673 679
f 635 674 646
f 646 674 675
f 646 675 649
f 649 675 676
f 649 676 648
f 648 676 677
f 648 677 664
f 664 677 678
f 664 678 663
f 663 678 679
f 663 679 652
f 652 679 653
f 652 653 527
f 527 653 528
f 680 681 682
f 682 681 683
f 682 683 654
f 654 683 684
f 654 684 531
f 655 657 658
f 658 657 685
f 658 685 662
f 662 685 686
f 662 686 687
f 687 686 688
f 687 688 680
f 680 688 689
f 680 689 681
f 666 660 668
f 668 660 661
f 668 661 670
f 670 661 662
f 670 662 672
f 672 662 687
f 672 687 673
f 673 687 680
f 673 680 679
f 679 680 682
f 679 682 653
f 653 682 654
f 653 654 529
f 529 654 530
f 690 691 692
f 535 534 693
f 539 531 684
f 694 695 696
f 697 698 699
f 699 698 533
f 700 701 702
f 702 701 703
f 694 696 704
f 704 696 705
f 704 705 706
f 706 705 707
f 706 707 708
f 708 707 709
f 708 709 710
f 711 712 713
f 713 712 657
f 713 657 656
f 533 532 699
f 699 532 536
f 699 536 714
f 714 536 537
f 715 697 716
f 716 697 699
f 716 699 692
f 692 699 714
f 692 714 690
f 690 714 537
f 690 537 538
f 717 715 718
f 718 715 716
f 718 716 719
f 719 716 692
f 719 692 720
f 720 692 691
f 720 691 721
f 721 722 720
f 720 722 723
f 720 723 719
f 719 723 724
f 719 724 718
f 718 724 725
f 718 725 717
f 722 726 727
f 722 727 723
f 723 727 728
f 723 728 724
f 724 728 702
f 724 702 725
f 725 702 703
f 725 703 717
f 729 710 730
f 730 710 709
f 730 709 726
f 726 709 707
f 726 707 727
f 727 707 705
f 727 705 728
f 728 705 696
f 728 696 702
f 702 696 695
f 702 695 700
f 534 539 693
f 693 539 684
f 693 684 731
f 731 684 683
f 731 683 732
f 683 681 732
f 732 681 689
f 732 689 733
f 733 689 688
f 733 688 734
f 734 688 686
f 734 686 712
f 712 686 685
f 712 685 657
f 711 729 712
f 712 729 730
f 712 730 734
f 734 730 726
f 734 726 733
f 733 726 722
f 733 722 732
f 732 722 721
f 732 721 731
f 731 721 691
f 731 691 693
f 693 691 690
f 693 690 535
f 535 690 538
f 553 552 717
f 717 552 715
f 715 552 551
f 715 551 697
f 697 551 550
f 697 550 698
f 698 550 540
f 698 540 533
f 553 717 554
f 554 717 703
f 554 703 543
f 543 703 701
f 543 701 544
f 694 704 549
f 701 700 544
f 544 700 695
f 544 695 546
f 546 695 694
f 546 694 548
f 548 694 549
f 549 704 560
f 560 704 735
f 560 735 736
f 736 735 737
f 738 570 569
f 739 740 577
f 577 740 741
f 577 741 557
f 557 741 742
f 557 742 566
f 566 742 743
f 566 743 567
f 567 743 744
f 567 744 569
f 569 744 745
f 569 745 738
f 577 576 739
f 739 576 575
f 739 575 746
f 746 575 571
f 746 571 747
f 747 571 573
f 747 573 748
f 748 573 574
f 748 574 749
f 749 574 582
f 749 582 750
f 750 582 581
f 750 581 751
f 580 560 736
f 581 578 751
f 751 578 579
f 751 579 752
f 752 579 580
f 752 580 753
f 753 580 736
f 753 736 737
f 609 754 631
f 631 754 755
f 631 755 632
f 745 756 738
f 738 756 757
f 738 757 570
f 570 757 758
f 570 758 561
f 758 759 561
f 561 759 760
f 561 760 562
f 562 760 564
f 760 761 564
f 564 761 762
f 564 762 565
f 565 762 590
f 762 763 590
f 590 763 764
f 590 764 588
f 764 765 588
f 588 765 766
f 588 766 767
f 767 766 768
f 767 768 769
f 769 768 770
f 770 768 771
f 770 771 772
f 772 771 773
f 772 773 774
f 774 773 775
f 774 775 776
f 776 775 777
f 776 777 778
f 778 777 779
f 778 779 780
f 780 779 781
f 780 781 782
f 782 781 783
f 782 783 784
f 785 786 787
f 787 786 788
f 789 790 791
f 791 790 792
f 791 792 793
f 793 792 794
f 793 794 795
f 795 794 796
f 795 796 787
f 787 796 785
f 789 797 790
f 790 797 784
f 784 797 782
f 782 797 798
f 782 798 780
f 798 799 780
f 780 799 800
f 780 800 778
f 778 800 801
f 778 801 776
f 776 801 802
f 776 802 774
f 803 770 772
f 774 802 772
f 772 802 804
f 772 804 803
f 589 588 805
f 805 588 767
f 805 767 769
f 770 803 769
f 769 803 806
f 769 806 805
f 754 609 807
f 807 609 614
f 807 614 808
f 808 614 613
f 806 809 805
f 805 809 810
f 805 810 589
f 589 810 811
f 589 811 585
f 585 811 812
f 585 812 586
f 586 812 813
f 586 813 612
f 612 813 814
f 612 814 613
f 613 814 815
f 613 815 808
f 803 816 806
f 806 816 817
f 806 817 809
f 803 804 816
f 816 804 802
f 816 802 818
f 818 802 801
f 818 801 819
f 819 801 800
f 819 800 820
f 820 800 799
f 820 799 821
f 821 799 798
f 821 798 822
f 822 798 797
f 822 797 823
f 824 825 826
f 629 628 827
f 755 828 829
f 823 830 831
f 822 832 821
f 821 832 820
f 816 818 832
f 832 818 819
f 832 819 820
f 816 832 817
f 817 832 826
f 817 826 809
f 809 826 810
f 810 826 825
f 810 825 811
f 825 833 811
f 811 833 834
f 811 834 812
f 812 834 835
f 812 835 813
f 813 835 814
f 814 835 836
f 814 836 815
f 815 836 837
f 815 837 808
f 828 755 838
f 837 839 808
f 808 839 840
f 808 840 807
f 807 840 838
f 807 838 754
f 754 838 755
f 841 633 829
f 829 633 632
f 829 632 755
f 842 617 630
f 630 616 841
f 841 616 615
f 841 615 633
f 843 619 617
f 844 622 621
f 844 621 843
f 843 621 620
f 843 620 619
f 627 626 845
f 845 626 625
f 845 625 846
f 846 625 624
f 846 624 623
f 635 634 674
f 674 634 629
f 629 827 674
f 674 827 847
f 674 847 665
f 848 660 849
f 849 660 666
f 849 666 850
f 850 666 665
f 850 665 851
f 851 665 847
f 656 655 848
f 848 655 659
f 848 659 660
f 852 853 854
f 854 853 855
f 854 855 856
f 856 855 857
f 858 859 860
f 860 859 861
f 860 861 857
f 857 861 862
f 857 862 856
f 252 253 858
f 858 253 196
f 858 196 859
f 858 863 252
f 252 863 845
f 252 845 250
f 249 846 844
f 844 846 623
f 844 623 622
f 249 239 846
f 846 239 238
f 846 238 845
f 845 238 251
f 845 251 250
f 617 842 843
f 843 842 240
f 843 240 844
f 844 240 248
f 844 248 249
f 245 243 842
f 842 243 241
f 842 241 240
f 630 841 842
f 842 841 246
f 842 246 245
f 840 864 838
f 838 864 865
f 838 865 828
f 828 865 866
f 828 866 829
f 829 866 867
f 829 867 841
f 841 867 868
f 841 868 246
f 869 870 832
f 871 831 872
f 872 831 873
f 822 823 832
f 832 823 831
f 832 831 869
f 869 831 871
f 870 874 832
f 832 874 875
f 832 875 826
f 826 875 876
f 826 876 824
f 628 627 827
f 827 627 845
f 827 845 847
f 847 845 863
f 847 863 851
f 851 863 858
f 851 858 850
f 850 858 860
f 850 860 849
f 849 860 857
f 849 857 848
f 848 857 855
f 848 855 656
f 656 855 853
f 877 878 879
f 880 881 882
f 883 884 885
f 885 884 886
f 887 888 889
f 889 888 890
f 889 890 891
f 879 892 893
f 893 892 891
f 880 882 894
f 894 882 895
f 894 895 896
f 896 895 897
f 896 897 898
f 899 900 901
f 902 903 904
f 905 906 907
f 903 902 907
f 907 902 908
f 907 908 905
f 878 877 909
f 909 877 910
f 909 910 911
f 911 897 909
f 909 897 895
f 909 895 878
f 878 895 882
f 878 882 879
f 879 882 881
f 879 881 892
f 891 890 893
f 893 890 912
f 893 912 879
f 879 912 913
f 879 913 877
f 877 913 914
f 877 914 910
f 884 915 886
f 886 915 908
f 886 908 916
f 916 908 902
f 916 902 899
f 899 902 904
f 899 904 900
f 888 883 890
f 890 883 885
f 890 885 912
f 912 885 886
f 912 886 913
f 913 886 916
f 913 916 914
f 914 916 899
f 914 899 910
f 910 899 901
f 910 901 911
f 917 918 919
f 919 918 920
f 919 920 921
f 921 920 922
f 921 922 923
f 923 922 924
f 923 924 925
f 925 924 926
f 925 926 927
f 927 926 928
f 927 928 929
f 929 928 930
f 931 932 933
f 933 932 934
f 933 934 935
f 935 934 936
f 935 936 937
f 937 936 938
f 937 938 939
f 939 938 940
f 939 940 941
f 941 940 942
f 941 942 943
f 943 942 944
f 929 930 945
f 945 930 946
f 945 946 947
f 947 946 948
f 947 948 949
f 949 948 950
f 949 950 951
f 951 950 952
f 951 952 953
f 953 952 954
f 953 954 955
f 955 954 956
f 955 956 917
f 917 956 918
f 943 944 957
f 957 944 958
f 957 958 959
f 959 958 960
f 959 960 961
f 961 960 962
f 961 962 963
f 963 962 964
f 963 964 965
f 965 964 966
f 965 966 967
f 967 966 968
f 967 968 931
f 931 968 932
f 969 970 971
f 971 972 969
f 969 972 973
f 969 973 974
f 974 973 975
f 975 973 976
f 975 976 977
f 977 976 978
f 977 978 979
f 980 981 982
f 983 979 982
f 982 979 978
f 982 978 980
f 980 978 976
f 980 976 984
f 984 976 973
f 984 973 985
f 985 973 972
f 985 972 986
f 986 972 971
f 986 971 987
f 988 989 990
f 986 987 989
f 989 988 986
f 986 988 991
f 986 991 985
f 985 991 992
f 985 992 984
f 984 992 993
f 984 993 980
f 994 995 981
f 990 996 988
f 988 996 997
f 988 997 991
f 991 997 998
f 991 998 992
f 992 998 994
f 992 994 993
f 993 994 981
f 993 981 980
f 999 1000 1001
f 1001 1000 1002
f 1003 1004 1002
f 1002 1004 1005
f 1002 1005 1001
f 1006 1007 1003
f 1003 1007 1008
f 1003 1008 1004
f 1003 1009 1006
f 1006 1009 1010
f 1006 1010 1011
f 1011 1010 1012
f 1012 1010 1013
f 1012 1013 1014
f 1015 1016 1013
f 1013 1016 1017
f 1013 1017 1014
f 1018 1019 1020
f 1018 997 1019
f 1019 997 996
f 1019 996 1021
f 1021 996 990
f 994 1022 995
f 995 1022 1023
f 1024 1025 1026
f 1026 1025 1027
f 1026 1027 1028
f 1028 1027 1029
f 1028 1029 1030
f 1030 1029 1031
f 1030 1031 1022
f 1022 1031 1032
f 1022 1032 1023
f 1033 1034 1024
f 1024 1034 1035
f 1024 1035 1025
f 1036 1037 1038
f 1024 1039 1033
f 1033 1039 1036
f 1033 1036 1040
f 1040 1036 1038
f 1040 1038 1041
f 998 997 1042
f 1042 997 1018
f 1042 1018 1015
f 1015 1018 1020
f 1015 1020 1016
f 1000 1043 1002
f 1002 1043 1044
f 1002 1044 1003
f 1003 1044 1045
f 1003 1045 1009
f 1009 1045 1046
f 1009 1046 1010
f 1010 1046 1047
f 1010 1047 1013
f 1013 1047 1048
f 1013 1048 1015
f 1015 1048 1049
f 1015 1049 1042
f 1042 1049 1050
f 1042 1050 998
f 994 998 1022
f 1022 998 1050
f 1022 1050 1030
f 1030 1050 1049
f 1030 1049 1028
f 1028 1049 1048
f 1028 1048 1026
f 1026 1048 1047
f 1026 1047 1024
f 1024 1047 1046
f 1024 1046 1039
f 1039 1046 1045
f 1039 1045 1036
f 1036 1045 1044
f 1036 1044 1037
f 1037 1044 1043
f 1051 1052 1053
f 1054 1055 1056
f 1054 1056 1057
f 1057 1056 1058
f 1057 1058 1059
f 1059 1058 1060
f 1059 1060 1061
f 1061 1060 1062
f 1061 1062 1063
f 1063 1062 1064
f 1063 1064 1065
f 1066 1067 1068
f 1068 1067 1069
f 1068 1069 1070
f 999 1069 1071
f 1071 1069 1067
f 1071 1067 1072
f 1072 1067 1066
f 1072 1066 1073
f 1051 1053 1074
f 1074 1053 1075
f 1074 1075 1076
f 1076 1075 1077
f 1076 1077 1078
f 1078 1077 1079
f 1078 1079 1080
f 1080 1079 1081
f 1080 1081 1082
f 1082 1081 1083
f 1082 1083 1084
f 1084 1083 1085
f 1084 1085 1086
f 1087 1086 1064
f 1064 1086 1085
f 1064 1085 1065
f 1065 1085 1083
f 1065 1083 1088
f 1088 1083 1081
f 1088 1081 1089
f 1089 1081 1079
f 1089 1079 1090
f 1090 1079 1077
f 1090 1077 1091
f 1091 1077 1075
f 1091 1075 1092
f 1092 1075 1053
f 1092 1053 1073
f 1073 1053 1052
f 1073 1052 1072
f 1072 1052 1051
f 1072 1051 1071
f 1062 1093 1094
f 1062 1094 1064
f 1064 1094 1095
f 1064 1095 1087
f 1093 1062 1096
f 1096 1062 1060
f 1096 1060 1097
f 1097 1060 1058
f 1097 1058 1098
f 1098 1058 1099
f 1099 1058 1056
f 1099 1056 1100
f 1055 1101 1056
f 1056 1101 1102
f 1056 1102 1100
f 1037 1043 1103
f 1099 1100 1104
f 1104 1100 1102
f 1105 1097 1098
f 1106 1096 1097
f 1093 1107 1094
f 1094 1107 1108
f 1094 1108 1095
f 1095 1108 1087
f 1087 1108 1109
f 1087 1109 1086
f 1086 1109 1110
f 1086 1110 1084
f 1084 1110 1111
f 1084 1111 1082
f 1082 1111 1112
f 1082 1112 1080
f 1080 1112 1113
f 1080 1113 1078
f 1078 1113 1114
f 1078 1114 1076
f 1076 1114 1115
f 1076 1115 1074
f 1074 1115 1116
f 1074 1116 1051
f 1116 1117 1051
f 1051 1117 1118
f 1051 1118 1071
f 1071 1118 1000
f 1071 1000 999
f 1119 1041 1038
f 1038 1120 1119
f 1119 1120 1121
f 1119 1121 1122
f 1122 1121 1123
f 1122 1123 1124
f 1124 1123 1125
f 1124 1125 1126
f 1126 1125 1127
f 1126 1127 1128
f 1128 1127 1129
f 1128 1129 1130
f 1130 1129 1131
f 1129 1132 1131
f 1131 1132 1133
f 1131 1133 1134
f 1134 1133 1135
f 1134 1135 1136
f 1136 1135 1137
f 1136 1137 1138
f 1138 1137 1139
f 1138 1139 1140
f 1140 1139 1141
f 1140 1141 1142
f 1142 1141 1143
f 1142 1143 1144
f 1145 1146 1144
f 1097 1105 1106
f 1106 1105 1147
f 1106 1147 1148
f 1043 1000 1103
f 1103 1000 1118
f 1103 1118 1149
f 1149 1118 1117
f 1149 1117 1150
f 1150 1117 1116
f 1150 1116 1151
f 1151 1116 1115
f 1151 1115 1152
f 1152 1115 1114
f 1152 1114 1153
f 1153 1114 1113
f 1153 1113 1154
f 1154 1113 1112
f 1154 1112 1155
f 1155 1112 1111
f 1155 1111 1156
f 1156 1111 1110
f 1156 1110 1157
f 1157 1110 1109
f 1157 1109 1158
f 1158 1109 1108
f 1158 1108 1148
f 1148 1108 1107
f 1148 1107 1106
f 1106 1107 1093
f 1106 1093 1096
f 1144 1143 1145
f 1145 1143 1159
f 1145 1159 1160
f 1160 1159 1104
f 1160 1104 1161
f 1161 1104 1102
f 1161 1102 1101
f 1038 1037 1120
f 1120 1037 1103
f 1120 1103 1121
f 1121 1103 1149
f 1121 1149 1123
f 1123 1149 1150
f 1123 1150 1125
f 1125 1150 1151
f 1125 1151 1127
f 1127 1151 1152
f 1127 1152 1129
f 1129 1152 1153
f 1129 1153 1132
f 1132 1153 1154
f 1132 1154 1133
f 1133 1154 1155
f 1133 1155 1135
f 1135 1155 1156
f 1135 1156 1137
f 1137 1156 1157
f 1137 1157 1139
f 1139 1157 1158
f 1139 1158 1141
f 1141 1158 1148
f 1141 1148 1143
f 1143 1148 1147
f 1143 1147 1159
f 1159 1147 1105
f 1159 1105 1104
f 1104 1105 1098
f 1104 1098 1099
f 1162 1163 1164
f 1164 1163 1165
f 1164 1165 1166
f 1166 1165 1167
f 1167 1165 1168
f 1167 1168 1169
f 1169 1168 1170
f 1169 1170 1171
f 1163 1172 1165
f 1165 1172 1173
f 1165 1173 1168
f 1168 1173 1174
f 1168 1174 1170
f 1170 1174 1175
f 1170 1175 1171
f 1171 1175 1176
f 1177 1163 1178
f 1178 1163 1162
f 1178 1146 1177
f 1177 1146 1145
f 1177 1145 1179
f 1179 1145 1160
f 1179 1160 1180
f 1180 1160 1161
f 1180 1161 1181
f 1181 1161 1101
f 1181 1175 1180
f 1180 1175 1174
f 1180 1174 1179
f 1179 1174 1173
f 1179 1173 1177
f 1177 1173 1172
f 1177 1172 1163
f 1178 1162 1182
f 1183 1146 1184
f 1184 1146 1178
f 1184 1178 1185
f 1185 1178 1182
f 1186 1187 1188
f 1188 1187 1189
f 1188 1189 1190
f 981 1191 982
f 982 1191 1188
f 982 1188 983
f 983 1188 1190
f 918 1027 920
f 920 1027 1025
f 920 1025 922
f 1192 948 1193
f 1193 948 946
f 1193 946 1194
f 981 995 1191
f 1191 995 1023
f 1191 1023 1032
f 1185 1182 1195
f 1131 1134 946
f 1025 1035 922
f 922 1035 1034
f 922 1034 924
f 924 1034 1033
f 924 1033 926
f 1196 1197 1183
f 1183 1197 1198
f 1124 1126 930
f 930 1126 1128
f 930 1128 946
f 946 1128 1130
f 946 1130 1131
f 1183 1184 1196
f 1196 1184 1185
f 1196 1185 1199
f 1199 1185 1195
f 1199 1195 1200
f 1200 1195 1201
f 1200 1201 1202
f 1202 1201 1203
f 1202 1203 1186
f 1186 1203 1204
f 1186 1204 1187
f 1033 1040 926
f 926 1040 1041
f 926 1041 928
f 928 1041 1119
f 928 1119 930
f 930 1119 1122
f 930 1122 1124
f 1134 1136 946
f 946 1136 1138
f 946 1138 1194
f 1194 1138 1140
f 1194 1140 1198
f 1198 1140 1142
f 1198 1142 1183
f 1183 1142 1144
f 1183 1144 1146
f 918 956 1027
f 1027 956 1205
f 1027 1205 1029
f 1029 1205 1191
f 1029 1191 1031
f 1031 1191 1032
f 956 954 1205
f 1205 954 952
f 1205 952 1192
f 1192 952 950
f 1192 950 948
f 983 1190 979
f 979 1190 1206
f 979 1206 977
f 977 1206 1207
f 977 1207 975
f 975 1207 906
f 975 906 974
f 906 905 974
f 974 905 908
f 974 908 969
f 969 908 915
f 969 915 970
f 1207 1206 1208
f 907 906 1207
f 1209 1210 1211
f 1211 1210 1212
f 1211 1212 1213
f 1206 1190 1214
f 1215 904 1216
f 1216 904 903
f 1216 903 1217
f 911 901 1215
f 1215 901 900
f 1215 900 904
f 898 897 1218
f 1218 897 1219
f 1218 1219 1220
f 1220 1219 1221
f 897 911 1219
f 1219 911 1215
f 1219 1215 1222
f 1222 1215 1216
f 1222 1216 1208
f 1208 1216 1217
f 1208 1217 1207
f 1207 1217 903
f 1207 903 907
f 1206 1214 1208
f 1208 1214 1209
f 1208 1209 1222
f 1222 1209 1211
f 1222 1211 1219
f 1219 1211 1213
f 1219 1213 1221
f 1210 1209 1187
f 1187 1209 1189
f 1189 1209 1214
f 1189 1214 1190
f 1223 1224 1225
f 1225 1224 1226
f 1225 1226 1227
f 1227 1226 1228
f 1227 1228 1212
f 1229 1230 1231
f 1231 1230 1232
f 1232 1230 1233
f 1233 1230 1234
f 1233 1234 1235
f 1235 1234 1236
f 1236 1234 1237
f 1236 1237 1238
f 1239 1240 1237
f 1237 1240 1241
f 1237 1241 1238
f 1182 1242 1195
f 1195 1242 1243
f 1195 1243 1239
f 1239 1237 1195
f 1195 1237 1234
f 1195 1234 1201
f 1201 1234 1230
f 1201 1230 1203
f 1203 1230 1229
f 1203 1229 1204
f 1231 1223 1229
f 1229 1223 1225
f 1229 1225 1204
f 1204 1225 1227
f 1204 1227 1187
f 1187 1227 1212
f 1187 1212 1210
f 1244 1245 1246
f 1247 1248 1249
f 1218 1220 1250
f 1251 1252 1253
f 1251 1253 1250
f 1250 1253 1254
f 1250 1254 1218
f 1218 1254 1255
f 1218 1255 898
f 1247 1249 1256
f 1252 1251 1257
f 1257 1251 1258
f 1257 1258 1259
f 1259 1258 1260
f 1259 1260 1249
f 1249 1260 1261
f 1249 1261 1256
f 1232 1262 1231
f 1231 1262 1263
f 1231 1263 1223
f 1223 1263 1264
f 1223 1264 1224
f 1232 1233 1262
f 1262 1233 1265
f 1262 1265 1266
f 1266 1265 1267
f 1213 1212 1244
f 1244 1212 1228
f 1244 1228 1245
f 1213 1244 1221
f 1221 1244 1246
f 1221 1246 1220
f 1226 1224 1268
f 1268 1224 1264
f 1268 1264 1269
f 1269 1264 1263
f 1269 1263 1270
f 1270 1263 1262
f 1270 1262 1271
f 1271 1262 1266
f 1271 1266 1272
f 1272 1266 1267
f 1272 1267 1273
f 1248 1274 1249
f 1249 1274 1275
f 1249 1275 1259
f 1259 1275 1276
f 1259 1276 1257
f 1257 1276 1277
f 1257 1277 1252
f 1252 1277 1278
f 1252 1278 1253
f 1253 1278 1279
f 1253 1279 1254
f 1254 1279 1280
f 1254 1280 1255
f 1281 1282 1261
f 1261 1282 1283
f 1261 1283 1256
f 1273 1284 1272
f 1272 1284 1285
f 1272 1285 1286
f 1272 1287 1271
f 1271 1287 1288
f 1271 1288 1270
f 1270 1288 1289
f 1270 1289 1269
f 1269 1289 1246
f 1269 1246 1268
f 1268 1246 1245
f 1268 1245 1226
f 1226 1245 1228
f 1220 1246 1250
f 1250 1246 1289
f 1250 1289 1251
f 1251 1289 1288
f 1251 1288 1258
f 1258 1288 1287
f 1258 1287 1260
f 1260 1287 1272
f 1260 1272 1261
f 1261 1272 1286
f 1261 1286 1281
f 1290 1291 1292
f 889 1293 887
f 887 1293 1294
f 1295 1296 1297
f 1298 1299 1300
f 1300 1299 1301
f 1300 1301 1302
f 1303 1304 1305
f 1306 1307 1308
f 1308 1307 1309
f 1310 1311 1306
f 1306 1308 1310
f 1310 1308 1312
f 1310 1312 1313
f 1314 1315 1312
f 1312 1315 1316
f 1312 1316 1313
f 1317 1318 1319
f 1319 1318 1277
f 1319 1277 1276
f 1280 1279 1320
f 1320 1279 1278
f 880 894 1321
f 1321 894 896
f 1321 896 1322
f 1322 896 898
f 1322 898 1255
f 880 1321 881
f 881 1321 1323
f 881 1323 892
f 892 1323 1324
f 892 1324 891
f 1325 1298 1326
f 1326 1298 1300
f 1326 1300 1295
f 1295 1300 1302
f 1295 1302 1296
f 1314 1312 1327
f 1327 1312 1308
f 1327 1308 1303
f 1303 1308 1309
f 1303 1309 1304
f 1328 1317 1329
f 1329 1317 1319
f 1329 1319 1330
f 1330 1319 1276
f 1330 1276 1275
f 1291 1315 1292
f 1292 1315 1314
f 1292 1314 1331
f 1331 1314 1327
f 1331 1327 1325
f 1325 1327 1303
f 1325 1303 1298
f 1298 1303 1305
f 1298 1305 1299
f 1274 1290 1275
f 1275 1290 1292
f 1275 1292 1330
f 1330 1292 1331
f 1330 1331 1329
f 1329 1331 1325
f 1329 1325 1328
f 1328 1325 1326
f 1328 1326 1332
f 1332 1326 1295
f 1332 1295 1333
f 1333 1295 1297
f 1333 1297 1293
f 1293 1297 1334
f 1293 1334 1294
f 1255 1280 1335
f 1335 1280 1320
f 1335 1320 1336
f 1255 1335 1322
f 1322 1335 1336
f 1322 1336 1321
f 1321 1336 1337
f 1321 1337 1323
f 1323 1337 1338
f 1323 1338 1324
f 1278 1339 1320
f 1320 1339 1340
f 1320 1340 1336
f 1336 1340 1341
f 1336 1341 1337
f 1337 1341 1342
f 1337 1342 1338
f 889 891 1293
f 1293 891 1324
f 1293 1324 1333
f 1333 1324 1338
f 1333 1338 1332
f 1332 1338 1342
f 1332 1342 1328
f 1328 1342 1341
f 1328 1341 1317
f 1317 1341 1340
f 1317 1340 1318
f 1318 1340 1339
f 1318 1339 1277
f 1277 1339 1278
f 1313 1316 1343
f 1344 1345 1346
f 1344 1346 1347
f 1347 1346 1348
f 1347 1348 1349
f 1349 1348 1350
f 1350 1348 1351
f 1350 1351 1352
f 1352 1351 1353
f 1353 1351 1354
f 1353 1354 1355
f 1355 1354 1356
f 1355 1356 1357
f 1357 1356 1358
f 1358 1356 1359
f 1358 1359 1360
f 1360 1359 1361
f 1360 1361 1362
f 1362 1361 1363
f 1363 1361 1364
f 1363 1364 1365
f 1315 1291 1366
f 1366 1291 1290
f 1364 1367 1365
f 1365 1367 1368
f 1365 1368 1369
f 1369 1368 1370
f 1369 1370 1371
f 1371 1370 1372
f 1371 1372 1373
f 1373 1372 1366
f 1373 1366 1374
f 1374 1366 1290
f 1374 1290 1274
f 1375 1376 1377
f 1377 1376 1378
f 1377 1378 1310
f 1310 1378 1379
f 1310 1379 1311
f 1377 1380 1375
f 1375 1380 1381
f 1375 1381 1382
f 1382 1381 1383
f 1382 1383 1384
f 1385 1386 1387
f 1387 1386 1388
f 1387 1388 1389
f 1389 1388 1390
f 1389 1390 1391
f 1391 1390 1392
f 1392 1390 1393
f 1392 1393 1394
f 1394 1393 1395
f 1394 1395 1396
f 1396 1395 1397
f 1396 1397 1398
f 1398 1397 1399
f 1398 1399 1400
f 1400 1399 1401
f 1400 1401 1402
f 1402 1401 1403
f 1402 1403 1404
f 1405 1406 1403
f 1403 1406 1407
f 1403 1407 1404
f 1405 1408 1406
f 1406 1408 1409
f 1406 1409 1410
f 1411 1408 1412
f 1412 1408 1405
f 1412 1405 1413
f 1413 1405 1403
f 1413 1403 1414
f 1414 1403 1401
f 1414 1401 1415
f 1415 1401 1399
f 1415 1399 1416
f 1416 1399 1397
f 1416 1397 1417
f 1417 1397 1395
f 1417 1395 1418
f 1418 1395 1393
f 1418 1393 1419
f 1419 1393 1390
f 1419 1390 1420
f 1420 1390 1388
f 1420 1388 1421
f 1421 1388 1386
f 1421 1386 1422
f 1310 1313 1377
f 1377 1313 1343
f 1377 1343 1380
f 1380 1343 1423
f 1380 1423 1381
f 1381 1423 1422
f 1381 1422 1383
f 1383 1422 1386
f 1383 1386 1384
f 1384 1386 1385
f 1316 1315 1343
f 1343 1315 1366
f 1343 1366 1423
f 1423 1366 1372
f 1423 1372 1422
f 1422 1372 1370
f 1422 1370 1421
f 1421 1370 1368
f 1421 1368 1420
f 1420 1368 1367
f 1420 1367 1419
f 1419 1367 1364
f 1419 1364 1418
f 1418 1364 1361
f 1418 1361 1417
f 1417 1361 1359
f 1417 1359 1416
f 1416 1359 1356
f 1416 1356 1415
f 1415 1356 1354
f 1415 1354 1414
f 1414 1354 1351
f 1414 1351 1413
f 1413 1351 1348
f 1413 1348 1412
f 1412 1348 1346
f 1412 1346 1411
f 1411 1346 1345
f 1424 1425 1426
f 1362 1363 1427
f 1428 1365 1429
f 1429 1365 1369
f 1429 1369 1430
f 1430 1369 1371
f 1430 1371 1431
f 1431 1371 1373
f 1432 1357 1358
f 1433 1353 1355
f 1353 1433 1352
f 1352 1433 1434
f 1352 1434 1350
f 1350 1434 1435
f 1350 1435 1349
f 1162 1164 1436
f 1436 1164 1344
f 1437 1240 1438
f 1438 1240 1239
f 1438 1239 1439
f 1439 1239 1243
f 1439 1243 1436
f 1436 1243 1242
f 1436 1242 1162
f 1162 1242 1182
f 1424 1236 1425
f 1425 1236 1238
f 1425 1238 1241
f 1233 1235 1265
f 1265 1235 1440
f 1265 1440 1267
f 1267 1440 1441
f 1267 1441 1273
f 1286 1285 1441
f 1441 1285 1284
f 1441 1284 1273
f 1283 1282 1442
f 1442 1282 1281
f 1442 1281 1443
f 1274 1248 1444
f 1444 1248 1247
f 1444 1247 1442
f 1442 1247 1256
f 1442 1256 1283
f 1344 1347 1436
f 1436 1347 1349
f 1436 1349 1439
f 1439 1349 1435
f 1439 1435 1438
f 1438 1435 1434
f 1438 1434 1437
f 1437 1434 1433
f 1437 1433 1432
f 1432 1433 1355
f 1432 1355 1357
f 1241 1240 1425
f 1425 1240 1437
f 1425 1437 1426
f 1426 1437 1432
f 1426 1432 1445
f 1445 1432 1358
f 1445 1358 1360
f 1446 1447 1448
f 1448 1447 1449
f 1448 1449 1450
f 1443 1451 1442
f 1442 1451 1452
f 1442 1452 1444
f 1444 1452 1374
f 1444 1374 1274
f 1431 1449 1430
f 1430 1449 1447
f 1430 1447 1429
f 1429 1447 1446
f 1429 1446 1428
f 1428 1446 1427
f 1428 1427 1365
f 1365 1427 1363
f 1281 1286 1443
f 1443 1286 1441
f 1443 1441 1453
f 1453 1441 1440
f 1453 1440 1424
f 1424 1440 1235
f 1424 1235 1236
f 1360 1362 1445
f 1445 1362 1427
f 1445 1427 1426
f 1426 1427 1446
f 1426 1446 1424
f 1424 1446 1448
f 1424 1448 1453
f 1453 1448 1450
f 1453 1450 1443
f 1443 1450 1449
f 1443 1449 1451
f 1451 1449 1431
f 1451 1431 1452
f 1452 1431 1373
f 1452 1373 1374
f 1454 1344 1164
f 1176 1410 1409
f 1176 1409 1455
f 1455 1409 1408
f 1455 1408 1456
f 1456 1408 1411
f 1456 1411 1454
f 1454 1411 1345
f 1454 1345 1344
f 1164 1166 1454
f 1454 1166 1167
f 1454 1167 1456
f 1456 1167 1169
f 1456 1169 1455
f 1455 1169 1171
f 1455 1171 1176
f 746 747 1457
f 751 752 1458
f 713 656 1459
f 1309 1460 1461
f 1375 1382 1462
f 1462 1382 1384
f 1410 1176 1463
f 1463 1464 1465
f 1465 1464 783
f 1465 783 781
f 1402 1404 1465
f 1465 1404 1407
f 1465 1407 1463
f 1463 1407 1406
f 1463 1406 1410
f 1394 1396 1466
f 1466 1396 1398
f 1466 1398 1465
f 1465 1398 1400
f 1465 1400 1402
f 758 1462 759
f 759 1462 1384
f 759 1384 760
f 760 1384 1385
f 760 1385 761
f 761 1385 1387
f 761 1387 762
f 762 1387 1389
f 762 1389 763
f 763 1389 1391
f 763 1391 764
f 764 1391 1392
f 764 1392 765
f 765 1392 1394
f 765 1394 766
f 766 1394 1466
f 1467 1379 1468
f 1468 1379 1378
f 1309 1307 1460
f 1460 1307 1306
f 1460 1306 1467
f 1467 1306 1311
f 1467 1311 1379
f 1457 1305 1461
f 1461 1305 1304
f 1461 1304 1309
f 1296 1302 1469
f 1469 1302 1301
f 1469 1301 1457
f 1457 1301 1299
f 1457 1299 1305
f 1470 1471 1297
f 1297 1471 1334
f 1334 1471 1294
f 1294 1471 1472
f 1294 1472 887
f 887 1472 1473
f 887 1473 1474
f 1474 1473 1475
f 1475 1473 1476
f 1475 1476 1477
f 1477 1476 1478
f 1477 1478 1479
f 1479 1478 1480
f 1480 1478 853
f 1480 853 852
f 713 1459 711
f 711 1459 1481
f 711 1481 729
f 729 1481 1482
f 729 1482 710
f 710 1482 1483
f 710 1483 708
f 1483 1484 708
f 708 1484 1458
f 708 1458 706
f 752 753 1458
f 1458 753 737
f 1458 737 706
f 706 737 735
f 706 735 704
f 749 750 1469
f 1469 750 1470
f 1469 1470 1296
f 1296 1470 1297
f 1457 747 1469
f 1469 747 748
f 1469 748 749
f 746 1457 739
f 739 1457 1461
f 739 1461 740
f 740 1461 1460
f 740 1460 741
f 757 756 1485
f 1485 756 745
f 1485 745 1468
f 1468 745 744
f 1468 744 1467
f 1467 744 743
f 1467 743 1460
f 1460 743 742
f 1460 742 741
f 758 757 1462
f 1462 757 1485
f 1462 1485 1375
f 1375 1485 1468
f 1375 1468 1376
f 1376 1468 1378
f 781 779 1465
f 1465 779 777
f 1465 777 775
f 775 773 1465
f 1465 773 771
f 1465 771 1466
f 1466 771 768
f 1466 768 766
f 750 751 1470
f 1470 751 1458
f 1470 1458 1471
f 1471 1458 1484
f 1471 1484 1472
f 1472 1484 1483
f 1472 1483 1473
f 1473 1483 1482
f 1473 1482 1476
f 1476 1482 1481
f 1476 1481 1478
f 1478 1481 1459
f 1478 1459 853
f 853 1459 656
f 1464 1463 1486
f 1464 1486 1487
f 1487 1486 1055
f 1487 1055 1054
f 1101 1055 1181
f 1181 1055 1486
f 1181 1486 1175
f 1175 1486 1463
f 1175 1463 1176
f 884 883 1488
f 888 887 1474
f 852 1489 1490
f 1477 1479 1490
f 1490 1479 1480
f 1490 1480 852
f 1490 1491 1477
f 1477 1491 1488
f 1477 1488 1475
f 1475 1488 1474
f 1474 1488 883
f 1474 883 888
f 1492 970 915
f 884 1488 915
f 915 1488 1491
f 915 1491 1492
f 1492 1491 1490
f 1492 1490 1493
f 1493 1490 1489
f 1493 1489 119
f 1494 873 831
f 1495 1496 1497
f 1497 1496 1498
f 1494 831 1499
f 1500 1499 1496
f 1496 1499 831
f 1496 831 1498
f 1498 831 830
f 1495 1501 1496
f 1496 1501 1502
f 1496 1502 1500
f 119 1489 1503
f 119 1503 85
f 85 1503 1504
f 85 1504 86
f 1505 861 859
f 196 198 859
f 859 198 200
f 859 200 1505
f 1505 200 202
f 1505 202 204
f 862 861 1504
f 1504 861 1505
f 1504 1505 86
f 86 1505 204
f 86 204 3
f 862 1504 856
f 856 1504 1503
f 856 1503 854
f 854 1503 1489
f 854 1489 852
f 1506 1507 1508
f 1509 1510 1511
f 98 97 1512
f 1512 97 1513
f 1512 1513 1514
f 1514 1513 1515
f 1514 1515 1516
f 1509 1511 1517
f 1517 1511 1518
f 1517 1518 1519
f 1519 1518 1520
f 1519 1520 1521
f 1520 1522 1521
f 1521 1522 1523
f 1521 1523 1524
f 1524 1523 1525
f 1524 1525 1526
f 1526 1525 1527
f 1526 1527 1528
f 1528 1527 1529
f 1528 1529 1530
f 1530 1529 1531
f 1530 1531 1532
f 1532 1531 1508
f 1532 1508 1533
f 1533 1508 1534
f 1533 1534 1535
f 1501 1495 1536
f 1536 1495 1537
f 1536 1537 1538
f 1539 1540 1537
f 1537 1540 1541
f 1537 1541 1538
f 1542 1540 1534
f 1534 1540 1539
f 1534 1539 1535
f 1535 1539 1537
f 1535 1537 1543
f 1543 1537 1495
f 1543 1495 1497
f 1508 1507 1534
f 1534 1507 1544
f 1534 1544 1542
f 1506 1508 1545
f 1545 1508 1531
f 1545 1531 1546
f 1546 1531 1529
f 1546 1529 1547
f 1547 1529 1527
f 1547 1527 1548
f 1548 1527 1525
f 1548 1525 1549
f 1549 1525 1523
f 1549 1523 1550
f 1550 1523 1522
f 1550 1522 1551
f 1551 1522 1520
f 1551 1520 1552
f 1552 1520 1518
f 1552 1518 1553
f 1553 1518 1511
f 1553 1511 1554
f 1510 1516 1511
f 1511 1516 1515
f 1511 1515 1554
f 1554 1515 1513
f 1554 1513 1555
f 1555 1513 97
f 1555 97 54
f 32 62 1556
f 1540 1542 1557
f 54 53 1558
f 54 1558 1555
f 1555 1558 1559
f 1555 1559 1554
f 1559 1560 1554
f 1554 1560 1561
f 1554 1561 1553
f 1553 1561 1562
f 1553 1562 1552
f 1552 1562 1563
f 1552 1563 1551
f 1551 1563 1564
f 1551 1564 1550
f 1550 1564 1565
f 1550 1565 1549
f 1549 1565 1566
f 1549 1566 1548
f 1548 1566 1567
f 1548 1567 1547
f 1547 1567 1546
f 1546 1567 1568
f 1546 1568 1545
f 1545 1568 1569
f 1545 1569 1506
f 1506 1569 1507
f 1507 1569 1570
f 1507 1570 1544
f 1536 1538 1571
f 1571 1538 1541
f 1571 1541 1540
f 1572 1501 1536
f 1573 1574 1575
f 1575 1574 1576
f 1575 1576 1577
f 1575 1578 1573
f 1573 1578 1579
f 1573 1579 1580
f 1581 1582 1583
f 1583 1582 1584
f 1583 1584 1585
f 1585 1584 1580
f 1585 1580 1586
f 1586 1580 1579
f 1587 1588 1589
f 1589 1588 1590
f 1589 1590 1581
f 1581 1590 1591
f 1581 1591 1582
f 1589 1592 1587
f 1587 1592 1593
f 1587 1593 1594
f 1594 1593 1595
f 62 61 1556
f 1556 61 1596
f 1556 1596 1597
f 1597 1596 1595
f 1597 1595 1598
f 1598 1595 1593
f 1599 1600 1557
f 1542 1544 1557
f 1557 1544 1570
f 1557 1570 1599
f 1599 1570 1569
f 1599 1569 1601
f 1601 1569 1568
f 1601 1568 1602
f 1602 1568 1567
f 1602 1567 1603
f 1603 1567 1566
f 1603 1566 1604
f 1604 1566 1565
f 1604 1565 1605
f 1605 1565 1564
f 1605 1564 1606
f 1606 1564 1563
f 1606 1563 1607
f 1607 1563 1562
f 1607 1562 1608
f 1608 1562 1561
f 1608 1561 1609
f 1609 1561 1560
f 1609 1560 1610
f 1610 1560 1559
f 1610 1559 1611
f 1611 1559 1558
f 1611 1558 33
f 33 1558 53
f 1536 1571 1572
f 1572 1571 1612
f 1572 1612 1613
f 1614 1615 1600
f 1540 1557 1571
f 1571 1557 1600
f 1571 1600 1612
f 1612 1600 1615
f 1612 1615 1613
f 1577 1614 1575
f 1575 1614 1600
f 1575 1600 1578
f 1578 1600 1599
f 1578 1599 1579
f 1579 1599 1601
f 1579 1601 1586
f 1586 1601 1602
f 1586 1602 1585
f 1585 1602 1603
f 1585 1603 1583
f 1583 1603 1604
f 1583 1604 1581
f 1581 1604 1605
f 1581 1605 1589
f 1589 1605 1606
f 1589 1606 1592
f 1592 1606 1607
f 1592 1607 1593
f 1593 1607 1608
f 1593 1608 1598
f 1598 1608 1609
f 1598 1609 1597
f 1597 1609 1610
f 1597 1610 1556
f 1556 1610 1611
f 1556 1611 32
f 32 1611 33
f 1616 1617 1618
f 1618 1617 1619
f 1618 1619 1620
f 1620 1619 1621
f 1621 1619 1622
f 1621 1622 1577
f 1623 1622 1619
f 1624 1625 1626
f 1626 1625 1627
f 1626 1627 1628
f 1628 1627 1629
f 1628 1629 1630
f 1630 1629 1631
f 1630 1631 1617
f 1502 1625 1500
f 1500 1625 1624
f 1500 1624 1499
f 1502 1632 1625
f 1625 1632 1633
f 1625 1633 1627
f 1627 1633 1634
f 1627 1634 1629
f 1629 1634 1623
f 1629 1623 1631
f 1631 1623 1619
f 1631 1619 1617
f 1577 1622 1614
f 1614 1622 1623
f 1614 1623 1615
f 1615 1623 1634
f 1615 1634 1613
f 1613 1634 1633
f 1613 1633 1572
f 1572 1633 1632
f 1572 1632 1501
f 1501 1632 1502
f 1635 873 1494
f 1630 1636 1637
f 1630 1637 1628
f 1628 1637 1638
f 1628 1638 1626
f 1626 1638 1639
f 1626 1639 1624
f 1635 1494 1640
f 1499 1624 1494
f 1494 1624 1639
f 1494 1639 1640
f 1640 1639 1638
f 1640 1638 1641
f 1641 1638 1637
f 1641 1637 1642
f 1642 1637 1636
f 1642 1636 1643
f 1643 1636 1630
f 1643 1630 1617
f 1643 1644 1642
f 1642 1644 1645
f 1642 1645 1641
f 1641 1645 1646
f 1641 1646 1640
f 1640 1646 1647
f 1640 1647 1635
f 1635 1647 873
f 1644 1648 1645
f 1645 1648 1649
f 1645 1649 1646
f 1646 1649 1650
f 1646 1650 1647
f 1647 1650 1651
f 1647 1651 873
f 873 1651 872
f 260 264 1652
f 263 244 1653
f 1651 1650 1654
f 1655 1656 1657
f 258 261 1658
f 258 1658 180
f 1659 1660 1658
f 1658 1660 1661
f 1658 1661 180
f 1662 1663 1659
f 1659 1663 1664
f 1664 1665 1659
f 1659 1665 1666
f 1659 1666 1660
f 1659 1667 1662
f 1662 1667 1668
f 1662 1668 1669
f 1657 1656 1670
f 1670 1656 1671
f 1670 1671 1672
f 1672 1671 1673
f 1672 1673 1668
f 1668 1673 1674
f 1668 1674 1669
f 1655 1657 1675
f 1675 1657 1676
f 1675 1676 1677
f 1677 1676 1678
f 1677 1678 1679
f 1679 1678 1680
f 1679 1680 1681
f 1680 1682 1681
f 1681 1682 1683
f 1681 1683 1684
f 1684 1683 1685
f 1685 1683 1686
f 1685 1686 1687
f 1687 1686 1648
f 1687 1648 1644
f 872 1651 871
f 871 1651 1654
f 871 1654 869
f 869 1654 1688
f 869 1688 870
f 870 1688 1689
f 870 1689 874
f 874 1689 1690
f 874 1690 875
f 875 1690 1691
f 875 1691 876
f 876 1691 1692
f 876 1692 824
f 824 1692 1693
f 824 1693 825
f 825 1693 833
f 833 1693 1694
f 833 1694 834
f 834 1694 1695
f 834 1695 835
f 840 839 1696
f 1696 839 837
f 1696 837 1695
f 1695 837 836
f 1695 836 835
f 1696 1697 840
f 840 1697 1698
f 840 1698 864
f 865 1699 866
f 866 1699 1653
f 866 1653 867
f 867 1653 868
f 868 1653 244
f 868 244 246
f 264 263 1652
f 1652 263 1653
f 1652 1653 1700
f 1700 1653 1699
f 1700 1699 1701
f 1650 1649 1654
f 1654 1649 1702
f 1654 1702 1688
f 1688 1702 1703
f 1688 1703 1689
f 1689 1703 1704
f 1689 1704 1690
f 1690 1704 1705
f 1690 1705 1691
f 1691 1705 1706
f 1691 1706 1692
f 1692 1706 1707
f 1692 1707 1693
f 1693 1707 1708
f 1693 1708 1694
f 1694 1708 1709
f 1694 1709 1695
f 1695 1709 1710
f 1695 1710 1696
f 1696 1710 1711
f 1696 1711 1697
f 1697 1711 1701
f 1697 1701 1698
f 1698 1701 1699
f 1698 1699 864
f 864 1699 865
f 261 260 1658
f 1658 260 1652
f 1658 1652 1659
f 1659 1652 1700
f 1659 1700 1667
f 1667 1700 1701
f 1667 1701 1668
f 1668 1701 1711
f 1668 1711 1672
f 1672 1711 1710
f 1672 1710 1670
f 1670 1710 1709
f 1670 1709 1657
f 1657 1709 1708
f 1657 1708 1676
f 1676 1708 1707
f 1676 1707 1678
f 1678 1707 1706
f 1678 1706 1680
f 1680 1706 1705
f 1680 1705 1682
f 1682 1705 1704
f 1682 1704 1683
f 1683 1704 1703
f 1683 1703 1686
f 1686 1703 1702
f 1686 1702 1648
f 1648 1702 1649
f 1712 1713 1714
f 130 184 1715
f 1715 184 183
f 1662 1669 1716
f 1655 1675 1717
f 1687 1644 1718
f 1719 1681 1720
f 1720 1681 1684
f 1720 1684 1721
f 1722 1677 1679
f 1723 1714 1656
f 1656 1714 1671
f 1713 1674 1714
f 1714 1674 1673
f 1714 1673 1671
f 1660 1666 1724
f 1666 1665 1724
f 1724 1665 1664
f 1724 1664 1663
f 1724 1725 1660
f 1660 1725 1726
f 1660 1726 1661
f 180 1661 153
f 153 1661 1726
f 153 1726 154
f 154 1726 136
f 1727 1728 1729
f 133 158 1729
f 1729 158 160
f 1729 160 1727
f 1727 160 161
f 1727 161 131
f 1730 1731 1732
f 1732 1731 1733
f 1734 1735 1718
f 1718 1735 1685
f 1718 1685 1687
f 1734 1736 1735
f 1735 1736 1737
f 1735 1737 1738
f 1738 1737 1739
f 1738 1739 1740
f 1740 1739 1741
f 1740 1741 1731
f 1731 1741 1742
f 1731 1742 1733
f 1644 1643 1718
f 1718 1643 1617
f 1718 1617 1734
f 1734 1617 1616
f 1740 1719 1738
f 1738 1719 1720
f 1738 1720 1735
f 1735 1720 1721
f 1735 1721 1685
f 1685 1721 1684
f 1675 1677 1717
f 1717 1677 1722
f 1717 1722 1743
f 1744 1712 1745
f 1745 1712 1714
f 1745 1714 1743
f 1743 1714 1723
f 1743 1723 1717
f 1717 1723 1656
f 1717 1656 1655
f 1746 1747 1748
f 1748 1747 1715
f 1748 1715 1749
f 1749 1715 183
f 1749 183 137
f 137 136 1749
f 1749 136 1726
f 1749 1726 1748
f 1748 1726 1725
f 1748 1725 1746
f 1746 1725 1724
f 1746 1724 1716
f 1716 1724 1663
f 1716 1663 1662
f 134 133 1732
f 1732 133 1729
f 1732 1729 1730
f 1730 1729 1728
f 1730 1728 1747
f 1747 1728 1727
f 1747 1727 1715
f 1715 1727 131
f 1715 131 130
f 1669 1674 1716
f 1716 1674 1713
f 1716 1713 1746
f 1746 1713 1712
f 1746 1712 1747
f 1747 1712 1744
f 1747 1744 1730
f 1730 1744 1745
f 1730 1745 1731
f 1731 1745 1743
f 1731 1743 1740
f 1740 1743 1722
f 1740 1722 1719
f 1719 1722 1679
f 1719 1679 1681
f 1750 1751 1752
f 1752 1751 1753
f 1752 1753 1754
f 1754 1753 1755
f 1750 1756 1751
f 1751 1756 1757
f 1751 1757 1758
f 1616 1759 1734
f 1734 1759 1736
f 1737 1760 1739
f 1739 1760 1741
f 1761 1732 1762
f 1762 1732 1733
f 1762 1733 1760
f 1760 1733 1742
f 1760 1742 1741
f 178 179 1763
f 1763 179 135
f 1763 135 1761
f 1761 135 134
f 1761 134 1732
f 177 178 1757
f 1757 178 1763
f 1757 1763 1758
f 1758 1763 1761
f 1758 1761 1764
f 1764 1761 1762
f 1764 1762 1765
f 1765 1762 1760
f 1765 1760 1759
f 1759 1760 1737
f 1759 1737 1736
f 1750 174 1756
f 1756 174 175
f 1756 175 1757
f 1757 175 176
f 1757 176 177
f 1755 1766 1754
f 1754 1766 1767
f 1754 1767 1752
f 1752 1767 1768
f 1752 1768 1750
f 1750 1768 162
f 1750 162 174
f 211 149 148
f 1769 190 226
f 211 148 226
f 221 1770 193
f 193 1770 1771
f 193 1771 194
f 208 207 1772
f 1772 207 194
f 1772 194 1773
f 1773 194 1771
f 1773 1771 1774
f 1755 1774 1766
f 1766 1774 1771
f 1766 1771 1767
f 1767 1771 1770
f 1767 1770 1775
f 1775 1770 221
f 226 148 1769
f 1769 148 189
f 1769 189 163
f 221 191 1775
f 1775 191 190
f 1775 190 1767
f 1767 190 1769
f 1767 1769 1768
f 1768 1769 163
f 1768 163 162
f 1755 15 1774
f 1774 15 14
f 1774 14 1773
f 1773 14 16
f 1773 16 1772
f 1772 16 208
f 208 16 19
f 208 19 209
f 19 18 209
f 209 18 17
f 209 17 205
f 205 17 3
f 205 3 204
f 1588 1587 1621
f 71 70 937
f 937 70 935
f 1582 1591 1621
f 1621 1591 1590
f 1621 1590 1588
f 943 1621 941
f 941 1621 71
f 941 71 939
f 939 71 937
f 13 12 1776
f 1577 1576 1621
f 1621 1576 1574
f 1621 1574 1573
f 1587 1594 1621
f 1621 1594 1595
f 1621 1595 1596
f 1596 61 1621
f 1621 61 59
f 1621 59 71
f 1573 1580 1621
f 1621 1580 1584
f 1621 1584 1582
f 70 68 935
f 935 68 66
f 935 66 933
f 933 66 64
f 933 64 931
f 931 64 63
f 931 63 72
f 15 1755 1753
f 967 1776 965
f 965 1776 963
f 72 74 931
f 931 74 76
f 931 76 967
f 967 76 28
f 967 28 1776
f 1776 28 27
f 1776 27 13
f 943 957 1621
f 1621 957 959
f 1621 959 1777
f 1776 1778 963
f 963 1778 1779
f 963 1779 961
f 961 1779 1780
f 961 1780 959
f 959 1780 1781
f 959 1781 1777
f 12 15 1776
f 1776 15 1753
f 1776 1753 1782
f 1782 1753 1751
f 1782 1751 1783
f 1783 1751 1758
f 1783 1758 1784
f 1784 1758 1764
f 1784 1764 1785
f 1785 1764 1765
f 1785 1765 1786
f 1759 1616 1618
f 1777 1787 1621
f 1621 1787 1788
f 1621 1788 1620
f 1620 1788 1789
f 1620 1789 1618
f 1618 1789 1786
f 1618 1786 1759
f 1759 1786 1765
f 1790 1188 1791
f 1791 1188 1191
f 1791 1191 1792
f 1792 1191 1205
f 1792 1205 1793
f 1793 1205 1192
f 1793 1192 1794
f 1794 1192 1193
f 1794 1193 1795
f 1795 1193 1194
f 1795 1194 1796
f 1796 1194 1198
f 1782 1797 1776
f 1776 1797 1798
f 1776 1798 1778
f 1778 1798 1799
f 1778 1799 1779
f 1779 1799 1800
f 1779 1800 1780
f 1780 1800 1801
f 1780 1801 1781
f 1781 1801 1802
f 1781 1802 1777
f 1777 1802 1803
f 1777 1803 1787
f 1787 1803 1804
f 788 92 94
f 1509 1517 788
f 788 1517 1519
f 788 1519 940
f 1514 1516 788
f 788 1516 1510
f 788 1510 1509
f 94 96 788
f 788 96 87
f 788 87 100
f 1530 1532 958
f 100 98 788
f 788 98 1512
f 788 1512 1514
f 964 1799 1798
f 1535 1804 1533
f 1533 1804 1803
f 1530 958 1528
f 797 1805 1806
f 1532 1533 958
f 958 1533 1803
f 958 1803 960
f 960 1803 1802
f 960 1802 962
f 962 1802 1801
f 962 1801 964
f 964 1801 1800
f 964 1800 1799
f 940 1519 942
f 942 1519 1521
f 942 1521 944
f 944 1521 1524
f 944 1524 958
f 958 1524 1526
f 958 1526 1528
f 1798 1797 964
f 964 1797 789
f 964 789 966
f 966 789 791
f 966 791 968
f 968 791 793
f 968 793 932
f 932 793 795
f 932 795 934
f 934 795 787
f 934 787 936
f 936 787 788
f 936 788 938
f 938 788 940
f 1797 1807 789
f 789 1807 1808
f 789 1808 797
f 797 1808 1809
f 797 1809 1805
f 823 797 830
f 830 797 1806
f 830 1806 1498
f 1498 1806 1810
f 1498 1810 1497
f 1497 1810 1804
f 1497 1804 1543
f 1543 1804 1535
f 1796 1198 1811
f 1811 1198 1197
f 1811 1197 1812
f 1812 1197 1196
f 1812 1196 1813
f 1813 1196 1199
f 1813 1199 1814
f 1814 1199 1200
f 1814 1200 1815
f 1815 1200 1202
f 1815 1202 1816
f 1816 1202 1186
f 1816 1186 1790
f 1790 1186 1188
f 1787 1804 1788
f 1788 1804 1810
f 1788 1810 1789
f 1789 1810 1806
f 1789 1806 1786
f 1786 1806 1805
f 1786 1805 1785
f 1785 1805 1809
f 1785 1809 1784
f 1784 1809 1808
f 1784 1808 1783
f 1783 1808 1807
f 1783 1807 1782
f 1782 1807 1797
f 1817 786 1818
f 1818 786 1819
f 786 1092 1073
f 1070 1820 786
f 786 1820 1821
f 955 917 785
f 785 917 919
f 785 919 786
f 1073 1066 786
f 786 1066 1068
f 786 1068 1070
f 1821 1822 786
f 786 1822 1823
f 786 1823 1819
f 1092 927 929
f 919 921 786
f 786 921 923
f 786 923 1092
f 1092 923 925
f 1092 925 927
f 1091 1092 1794
f 1794 1092 929
f 1794 929 1793
f 1793 929 945
f 1065 1088 1795
f 1795 1088 1089
f 1795 1089 1794
f 1794 1089 1090
f 1794 1090 1091
f 945 947 1793
f 1793 947 949
f 1793 949 1792
f 1792 949 951
f 1792 951 953
f 1812 1813 784
f 1813 1814 784
f 784 1814 1815
f 784 1815 790
f 790 1815 1816
f 790 1816 792
f 792 1816 1790
f 792 1790 794
f 794 1790 1791
f 794 1791 796
f 796 1791 1792
f 796 1792 785
f 785 1792 953
f 785 953 955
f 1057 1059 1796
f 1796 1059 1061
f 1796 1061 1795
f 1795 1061 1063
f 1795 1063 1065
f 1057 1796 1054
f 1054 1796 1811
f 1054 1811 1487
f 1487 1811 1812
f 1487 1812 1464
f 1464 1812 784
f 1464 784 783
f 1817 1824 786
f 786 1824 122
f 786 122 788
f 788 122 90
f 788 90 92
f 1825 971 970
f 1826 987 971
f 1827 990 1828
f 1828 990 989
f 1020 1019 1827
f 1827 1019 1021
f 1827 1021 990
f 1827 1829 1020
f 1020 1829 1830
f 1020 1830 1016
f 1016 1830 1831
f 1016 1831 1017
f 1011 1832 1006
f 1006 1832 1833
f 1006 1833 1007
f 1007 1833 1008
f 1008 1833 1834
f 1008 1834 1004
f 1004 1834 1005
f 1005 1834 1835
f 1005 1835 1001
f 1835 1836 1001
f 1001 1836 1069
f 1001 1069 999
f 1834 1822 1835
f 1835 1822 1821
f 1835 1821 1836
f 1836 1821 1820
f 1836 1820 1069
f 1069 1820 1070
f 1832 1818 1833
f 1833 1818 1819
f 1833 1819 1834
f 1834 1819 1823
f 1834 1823 1822
f 1017 1831 1014
f 1014 1831 1837
f 1014 1837 1012
f 1012 1837 1838
f 1012 1838 1011
f 1011 1838 1839
f 1011 1839 1832
f 1832 1839 1817
f 1832 1817 1818
f 1824 1817 1840
f 1840 1817 1839
f 1840 1839 1841
f 1841 1839 1838
f 1841 1838 1842
f 1842 1838 1837
f 1842 1837 1843
f 1843 1837 1831
f 1843 1831 1844
f 1844 1831 1830
f 1844 1830 1845
f 1845 1830 1829
f 1845 1829 1846
f 1846 1829 1827
f 1846 1827 1847
f 1847 1827 1828
f 970 1492 1825
f 1825 1492 1493
f 1825 1493 1848
f 1848 1493 119
f 1848 119 120
f 971 1825 1826
f 1826 1825 1848
f 1826 1848 1849
f 1849 1848 120
f 1849 120 121
f 122 1824 123
f 123 1824 1840
f 123 1840 124
f 124 1840 1841
f 124 1841 125
f 125 1841 1842
f 125 1842 126
f 126 1842 1843
f 126 1843 127
f 127 1843 1844
f 127 1844 128
f 128 1844 1845
f 128 1845 129
f 129 1845 1846
f 129 1846 121
f 121 1846 1847
f 121 1847 1849
f 1849 1847 1828
f 1849 1828 1826
f 1826 1828 989
f 1826 989 987
f 1850 1851 1852
f 1853 1854 1855
f 1856 1857 1858
f 1859 1860 1861
f 1862 1863 1864
f 1865 1866 1867
f 1868 1869 1870
f 1871 1872 1873
f 1873 1872 1868
f 1873 1868 1874
f 1874 1868 1870
f 1875 1876 1871
f 1871 1876 1877
f 1871 1877 1872
f 1862 1864 1878
f 1878 1864 1879
f 1878 1879 1880
f 1881 1882 1883
f 1881 1883 1884
f 1883 1885 1884
f 1884 1885 1886
f 1884 1886 1879
f 1879 1886 1887
f 1879 1887 1880
f 1861 1860 1881
f 1881 1860 1888
f 1881 1888 1882
f 1859 1861 1889
f 1889 1861 1890
f 1889 1890 1891
f 1891 1890 1892
f 1891 1892 1893
f 1857 1894 1858
f 1858 1894 1895
f 1858 1895 1892
f 1892 1895 1896
f 1892 1896 1893
f 1856 1858 1897
f 1897 1858 1898
f 1897 1898 1899
f 1899 1898 1900
f 1899 1900 1901
f 1901 1900 1902
f 1901 1902 1903
f 1903 1902 1904
f 1904 1902 1905
f 1904 1905 1906
f 1907 1908 1909
f 1909 1908 1910
f 1909 1910 1911
f 1852 1851 1912
f 1851 1913 1912
f 1912 1913 1914
f 1912 1914 1853
f 1853 1914 1915
f 1853 1915 1854
f 1916 1917 1918
f 1918 1919 1916
f 1916 1919 1920
f 1916 1920 1852
f 1852 1920 1921
f 1852 1921 1850
f 1922 1923 1924
f 1924 1923 1925
f 1924 1925 1926
f 1926 1925 1927
f 1926 1927 1917
f 1917 1927 1928
f 1917 1928 1918
f 1929 1930 1922
f 1922 1930 1931
f 1922 1931 1923
f 1922 1932 1929
f 1929 1932 1933
f 1929 1933 1934
f 1934 1933 1935
f 1934 1935 1936
f 1867 1866 1935
f 1935 1866 1937
f 1935 1937 1936
f 1908 1905 1910
f 1910 1905 1902
f 1910 1902 1938
f 1938 1902 1900
f 1938 1900 1939
f 1939 1900 1898
f 1939 1898 1940
f 1940 1898 1858
f 1940 1858 1941
f 1941 1858 1892
f 1941 1892 1942
f 1942 1892 1890
f 1942 1890 1943
f 1943 1890 1861
f 1943 1861 1944
f 1944 1861 1881
f 1944 1881 1945
f 1945 1881 1884
f 1945 1884 1946
f 1946 1884 1879
f 1946 1879 1875
f 1875 1879 1864
f 1875 1864 1876
f 1876 1864 1863
f 1870 1865 1874
f 1874 1865 1867
f 1874 1867 1873
f 1873 1867 1935
f 1873 1935 1871
f 1871 1935 1933
f 1871 1933 1875
f 1875 1933 1932
f 1875 1932 1946
f 1946 1932 1922
f 1946 1922 1945
f 1945 1922 1924
f 1945 1924 1944
f 1944 1924 1926
f 1944 1926 1943
f 1943 1926 1917
f 1943 1917 1942
f 1942 1917 1916
f 1942 1916 1941
f 1941 1916 1852
f 1941 1852 1940
f 1940 1852 1912
f 1940 1912 1939
f 1939 1912 1853
f 1939 1853 1938
f 1938 1853 1855
f 1938 1855 1910
f 1910 1855 1947
f 1910 1947 1911
f 1948 1949 1950
f 1951 1952 1949
f 1949 1948 1951
f 1951 1948 1953
f 1951 1953 1954
f 1954 1953 1955
f 1954 1955 1956
f 1957 1865 1870
f 1950 1958 1948
f 1948 1958 1959
f 1948 1959 1953
f 1953 1959 1957
f 1953 1957 1955
f 1955 1957 1870
f 1955 1870 1956
f 1956 1870 1869
f 1960 1961 1962
f 1962 1961 1963
f 1962 1963 1964
f 1964 1963 1965
f 1964 1965 1966
f 1966 1965 1967
f 1966 1967 1968
f 1968 1967 1969
f 1968 1969 1970
f 1970 1969 1971
f 1970 1971 1972
f 1972 1971 1973
f 1974 1960 1975
f 1975 1960 1962
f 1975 1962 1976
f 1976 1962 1964
f 1976 1964 1977
f 1977 1964 1966
f 1977 1966 1978
f 1978 1966 1968
f 1978 1968 1979
f 1979 1968 1970
f 1979 1970 1980
f 1980 1970 1972
f 1981 1982 1983
f 1984 1985 1986
f 1986 1985 1987
f 1988 1989 1990
f 1991 1992 1993
f 1994 1992 1995
f 1995 1992 1991
f 1995 1991 1996
f 1994 1995 1997
f 1997 1995 1998
f 1997 1998 1999
f 1999 1998 2000
f 1999 2000 2001
f 2002 2003 2004
f 2004 2003 2005
f 2004 2005 2006
f 2006 2005 2007
f 2006 2007 2008
f 1995 2009 1998
f 1998 2009 2010
f 1998 2010 2000
f 2000 2010 2002
f 2000 2002 2001
f 2001 2002 2004
f 2011 2012 2013
f 2013 2012 2014
f 2013 2014 1981
f 1981 2014 2015
f 1981 2015 1982
f 1982 2015 2016
f 1982 2016 1983
f 1983 2016 2017
f 1983 2017 2018
f 2018 2017 2019
f 2017 2020 2019
f 2019 2020 2021
f 2019 2021 2022
f 2022 2021 2023
f 2022 2023 2024
f 1989 2025 1990
f 1990 2025 2026
f 1990 2026 2027
f 2027 2026 2028
f 2027 2028 2029
f 2029 2028 2030
f 2029 2030 2011
f 2011 2030 2031
f 2011 2031 2012
f 2032 1988 1993
f 1993 1988 1990
f 1993 1990 1991
f 1991 1990 2027
f 1991 2027 1996
f 1996 2027 2029
f 1996 2029 2033
f 2013 2034 2011
f 2011 2034 2035
f 2011 2035 2029
f 2029 2035 2036
f 2029 2036 2033
f 2033 2036 1984
f 2033 1984 1996
f 1996 1984 1986
f 1996 1986 1995
f 1995 1986 1987
f 1995 1987 2009
f 2037 2038 2039
f 2040 2041 2039
f 2042 2043 2044
f 2045 2046 2047
f 2048 2049 2050
f 2051 2052 2053
f 2054 2055 2056
f 2056 2057 2054
f 2054 2057 2058
f 2054 2058 2059
f 2059 2058 2060
f 2059 2060 2052
f 2061 2062 2050
f 2050 2062 2063
f 2050 2063 2048
f 2064 2065 2066
f 2050 2067 2061
f 2061 2067 2064
f 2061 2064 2047
f 2047 2064 2066
f 2047 2066 2045
f 2068 2069 2070
f 2070 2069 2071
f 2070 2071 2072
f 2073 2074 2075
f 2075 2074 2076
f 2075 2076 2077
f 2077 2076 2078
f 2077 2078 2079
f 2079 2078 2080
f 2079 2080 2081
f 2081 2080 2072
f 2081 2072 2082
f 2082 2072 2071
f 2082 2071 2081
f 2068 2040 2069
f 2069 2040 2039
f 2069 2039 2083
f 2083 2039 2038
f 2041 2042 2039
f 2039 2042 2044
f 2039 2044 2037
f 2037 2044 2084
f 2037 2084 2085
f 2086 2087 2088
f 2088 2087 2089
f 2088 2089 2090
f 2052 2060 2053
f 2053 2060 2091
f 2053 2091 2086
f 2089 2085 2090
f 2090 2085 2084
f 2090 2084 2092
f 2092 2084 2044
f 2092 2044 2093
f 2093 2044 2043
f 2093 2065 2092
f 2092 2065 2064
f 2092 2064 2090
f 2090 2064 2067
f 2090 2067 2088
f 2088 2067 2050
f 2088 2050 2086
f 2086 2050 2049
f 2086 2049 2053
f 2053 2049 2048
f 2053 2048 2051
f 2094 2095 2096
f 2097 2098 2099
f 2100 2101 2102
f 2103 2104 2073
f 2105 2046 2045
f 2045 2066 2105
f 2105 2066 2101
f 2105 2101 2106
f 2106 2101 2100
f 2106 2100 2107
f 2108 2109 2102
f 2102 2109 2110
f 2102 2110 2100
f 2102 2111 2108
f 2108 2111 2112
f 2108 2112 2113
f 2113 2112 2114
f 2113 2114 2115
f 2116 2117 2118
f 2118 2117 2119
f 2118 2119 2114
f 2114 2119 2120
f 2114 2120 2115
f 2121 2122 2123
f 2123 2122 2124
f 2123 2124 2103
f 2103 2124 2125
f 2103 2125 2104
f 2104 2125 2126
f 2104 2126 2099
f 2099 2126 2127
f 2099 2127 2097
f 2121 2123 2128
f 2128 2123 2129
f 2128 2129 2130
f 2130 2129 2131
f 2130 2131 2132
f 2132 2131 2133
f 2133 2131 2096
f 2133 2096 2134
f 2134 2096 2135
f 2135 2096 2095
f 2135 2095 2136
f 2123 2137 2129
f 2129 2137 2138
f 2129 2138 2131
f 2131 2138 2139
f 2131 2139 2096
f 2096 2139 2140
f 2096 2140 2094
f 2073 2141 2103
f 2103 2141 2142
f 2103 2142 2123
f 2123 2142 2143
f 2123 2143 2137
f 2066 2065 2101
f 2101 2065 2093
f 2101 2093 2102
f 2102 2093 2043
f 2102 2043 2111
f 2111 2043 2042
f 2111 2042 2112
f 2112 2042 2041
f 2112 2041 2114
f 2070 2118 2068
f 2068 2118 2114
f 2068 2114 2040
f 2040 2114 2041
f 2070 2072 2118
f 2118 2072 2098
f 2118 2098 2116
f 2116 2098 2097
f 2072 2080 2098
f 2098 2080 2078
f 2098 2078 2099
f 2099 2078 2076
f 2099 2076 2104
f 2104 2076 2074
f 2104 2074 2073
f 2107 2100 2144
f 2144 2100 2145
f 2144 2145 2146
f 2146 2145 2147
f 2147 2145 2148
f 2147 2148 2149
f 2150 2151 2152
f 2153 2154 2155
f 2155 2154 2156
f 2155 2156 2157
f 2157 2156 2158
f 2157 2158 2159
f 2159 2158 2160
f 2159 2160 2152
f 2152 2160 2161
f 2152 2161 2150
f 2162 2163 2164
f 2164 2163 2165
f 2164 2165 2166
f 2166 2165 2167
f 2166 2167 2153
f 2153 2167 2168
f 2153 2168 2154
f 2162 2164 2169
f 2169 2164 2170
f 2169 2170 2171
f 2171 2170 2172
f 2171 2172 2173
f 2173 2172 2174
f 2173 2174 2175
f 2175 2174 2176
f 2175 2176 2177
f 2177 2176 2178
f 2177 2178 2179
f 2179 2178 2180
f 2179 2180 2181
f 2181 2180 2182
f 2182 2180 2183
f 2182 2183 2184
f 2184 2183 2185
f 2184 2185 2186
f 2186 2185 2187
f 2186 2187 2188
f 2187 2189 2188
f 2188 2189 2190
f 2188 2190 2191
f 2192 2193 2161
f 2161 2193 2150
f 2192 2161 2194
f 2194 2161 2160
f 2194 2160 2195
f 2195 2160 2158
f 2195 2158 2196
f 2158 2156 2196
f 2196 2156 2154
f 2196 2154 2197
f 2197 2154 2168
f 2197 2168 2198
f 2198 2168 2167
f 2198 2167 2199
f 2199 2167 2200
f 2200 2167 2165
f 2200 2165 2201
f 2201 2165 2163
f 2201 2163 2202
f 2202 2163 2162
f 2202 2162 2169
f 2171 2203 2169
f 2169 2203 2204
f 2169 2204 2202
f 2171 2173 2203
f 2203 2173 2175
f 2203 2175 2205
f 2205 2175 2177
f 2205 2177 2206
f 2206 2177 2207
f 2207 2177 2179
f 2207 2179 2208
f 2208 2179 2181
f 2208 2181 2209
f 2209 2181 2182
f 2209 2182 2210
f 2210 2182 2184
f 2210 2184 2211
f 2184 2186 2211
f 2211 2186 2188
f 2211 2188 2212
f 2212 2188 2191
f 2212 2191 2213
f 2214 2215 2216
f 2217 2218 2216
f 2216 2218 2219
f 2216 2219 2214
f 2214 2219 2220
f 2214 2220 2221
f 2216 2222 2217
f 2217 2222 2223
f 2217 2223 2224
f 2224 2223 2225
f 2226 2227 2225
f 2225 2227 2228
f 2225 2228 2224
f 2226 2229 2227
f 2227 2229 2230
f 2227 2230 2231
f 2231 2230 2232
f 2232 2230 2233
f 2232 2233 2234
f 2234 2233 2235
f 2234 2235 2236
f 2236 2235 2237
f 2236 2237 2238
f 2238 2237 2239
f 2238 2239 2240
f 2240 2239 2241
f 2241 2239 2242
f 2241 2242 2243
f 2243 2242 2244
f 2243 2244 2245
f 2244 2246 2245
f 2245 2246 2247
f 2245 2247 2248
f 2248 2247 2249
f 2248 2249 2250
f 2250 2249 2251
f 2250 2251 2252
f 2252 2251 2253
f 2251 2254 2253
f 2253 2254 2255
f 2253 2255 2256
f 2255 2257 2256
f 2256 2257 2258
f 2256 2258 2259
f 2259 2258 2150
f 2259 2150 2193
f 2215 2260 2261
f 2262 2263 2226
f 2226 2225 2262
f 2262 2225 2223
f 2262 2223 2264
f 2264 2223 2222
f 2264 2222 2261
f 2261 2222 2216
f 2261 2216 2215
f 2265 2237 2266
f 2266 2237 2235
f 2266 2235 2267
f 2267 2235 2233
f 2267 2233 2268
f 2268 2233 2230
f 2268 2230 2263
f 2263 2230 2229
f 2263 2229 2226
f 2269 2249 2270
f 2270 2249 2247
f 2270 2247 2271
f 2247 2246 2271
f 2271 2246 2244
f 2271 2244 2272
f 2272 2244 2242
f 2272 2242 2265
f 2265 2242 2239
f 2265 2239 2237
f 2151 2150 2273
f 2273 2150 2258
f 2273 2258 2274
f 2258 2257 2274
f 2274 2257 2255
f 2274 2255 2275
f 2275 2255 2254
f 2275 2254 2269
f 2269 2254 2251
f 2269 2251 2249
f 2276 2277 2278
f 2279 2280 2281
f 2282 2264 2261
f 2283 2284 2285
f 2285 2284 2286
f 2287 2288 2283
f 2283 2288 2289
f 2283 2289 2284
f 2290 2291 2292
f 2292 2291 2293
f 2294 2295 2296
f 2296 2295 2297
f 2296 2297 2298
f 2299 2300 2301
f 2301 2300 2302
f 2299 2276 2300
f 2300 2276 2278
f 2300 2278 2303
f 2303 2278 2304
f 2303 2304 2305
f 2305 2304 2306
f 2305 2306 2307
f 2308 2309 2310
f 2310 2311 2308
f 2308 2311 2312
f 2308 2312 2306
f 2306 2312 2313
f 2306 2313 2307
f 2281 2314 2279
f 2279 2314 2315
f 2279 2315 2316
f 2316 2315 2317
f 2316 2317 2318
f 2318 2317 2319
f 2318 2319 2309
f 2309 2319 2320
f 2309 2320 2310
f 2321 2151 2273
f 2265 2322 2323
f 2324 2321 2325
f 2325 2321 2273
f 2325 2273 2326
f 2326 2273 2274
f 2326 2274 2327
f 2327 2274 2275
f 2327 2275 2328
f 2328 2275 2269
f 2328 2269 2329
f 2329 2269 2270
f 2329 2270 2330
f 2330 2270 2271
f 2330 2271 2323
f 2323 2271 2272
f 2323 2272 2265
f 2265 2266 2322
f 2322 2266 2267
f 2322 2267 2331
f 2331 2267 2268
f 2331 2268 2263
f 2264 2282 2262
f 2262 2282 2332
f 2262 2332 2263
f 2263 2332 2333
f 2263 2333 2331
f 2286 2324 2285
f 2285 2324 2325
f 2285 2325 2283
f 2283 2325 2326
f 2283 2326 2287
f 2287 2326 2327
f 2287 2327 2334
f 2334 2327 2328
f 2334 2328 2335
f 2335 2328 2329
f 2335 2329 2336
f 2336 2329 2330
f 2336 2330 2337
f 2337 2330 2323
f 2337 2323 2338
f 2338 2323 2322
f 2338 2322 2339
f 2339 2322 2331
f 2339 2331 2340
f 2340 2331 2333
f 2340 2333 2341
f 2341 2333 2332
f 2341 2332 2342
f 2342 2332 2282
f 2290 2288 2291
f 2291 2288 2287
f 2291 2287 2293
f 2293 2287 2334
f 2293 2334 2343
f 2343 2334 2335
f 2343 2335 2344
f 2344 2335 2336
f 2344 2336 2345
f 2345 2336 2337
f 2345 2337 2346
f 2346 2337 2338
f 2346 2338 2347
f 2347 2338 2339
f 2347 2339 2348
f 2348 2339 2340
f 2348 2340 2349
f 2349 2340 2341
f 2349 2341 2350
f 2350 2341 2342
f 2298 2292 2296
f 2296 2292 2293
f 2296 2293 2294
f 2294 2293 2343
f 2294 2343 2351
f 2351 2343 2344
f 2351 2344 2352
f 2352 2344 2345
f 2352 2345 2353
f 2353 2345 2346
f 2353 2346 2354
f 2354 2346 2347
f 2354 2347 2355
f 2355 2347 2348
f 2355 2348 2356
f 2356 2348 2349
f 2356 2349 2357
f 2357 2349 2350
f 2357 2350 2358
f 2358 2350 2342
f 2358 2342 2359
f 2359 2342 2282
f 2359 2282 2360
f 2360 2282 2261
f 2360 2261 2260
f 2277 2295 2278
f 2278 2295 2294
f 2278 2294 2304
f 2304 2294 2351
f 2304 2351 2306
f 2306 2351 2352
f 2306 2352 2308
f 2308 2352 2353
f 2308 2353 2309
f 2309 2353 2354
f 2309 2354 2318
f 2318 2354 2355
f 2318 2355 2316
f 2316 2355 2356
f 2316 2356 2279
f 2279 2356 2357
f 2279 2357 2280
f 2280 2357 2358
f 2361 2189 2187
f 2362 2363 2364
f 2362 2364 2365
f 2365 2364 2366
f 2365 2366 2367
f 2366 2368 2367
f 2367 2368 2369
f 2367 2369 2370
f 2370 2369 2371
f 2371 2369 2372
f 2371 2372 2373
f 2373 2372 2374
f 2374 2372 2375
f 2374 2375 2376
f 2376 2375 2377
f 2376 2377 2378
f 2379 2380 2381
f 2381 2382 2379
f 2379 2382 2383
f 2379 2383 2377
f 2377 2383 2384
f 2377 2384 2378
f 2380 2385 2381
f 2381 2385 2386
f 2381 2386 2387
f 2387 2386 2388
f 2387 2388 2389
f 2390 2391 2385
f 2385 2391 2392
f 2385 2392 2386
f 2393 2394 2395
f 2395 2394 2396
f 2395 2396 2390
f 2397 2398 2399
f 2399 2398 2400
f 2399 2400 2401
f 2402 2324 2403
f 2403 2324 2286
f 2390 2385 2395
f 2395 2385 2380
f 2395 2380 2404
f 2404 2380 2379
f 2404 2379 2405
f 2405 2379 2377
f 2405 2377 2406
f 2406 2377 2375
f 2406 2375 2407
f 2407 2375 2372
f 2407 2372 2408
f 2408 2372 2369
f 2408 2369 2409
f 2409 2369 2368
f 2409 2368 2410
f 2410 2368 2366
f 2410 2366 2411
f 2411 2366 2364
f 2411 2364 2412
f 2412 2364 2363
f 2412 2363 2413
f 2151 2321 2152
f 2152 2321 2324
f 2152 2324 2159
f 2159 2324 2402
f 2159 2402 2157
f 2157 2402 2414
f 2157 2414 2155
f 2155 2414 2153
f 2172 2415 2174
f 2174 2415 2416
f 2174 2416 2176
f 2180 2178 2417
f 2417 2178 2176
f 2190 2189 2418
f 2418 2189 2361
f 2418 2361 2419
f 2166 2153 2420
f 2420 2153 2414
f 2420 2414 2399
f 2399 2414 2402
f 2399 2402 2397
f 2397 2402 2403
f 2397 2403 2398
f 2172 2170 2415
f 2415 2170 2164
f 2415 2164 2421
f 2421 2164 2166
f 2421 2166 2422
f 2422 2166 2420
f 2422 2420 2423
f 2423 2420 2399
f 2423 2399 2424
f 2424 2399 2401
f 2425 2419 2426
f 2426 2419 2361
f 2426 2361 2427
f 2427 2361 2187
f 2427 2187 2428
f 2428 2187 2185
f 2428 2185 2429
f 2429 2185 2183
f 2429 2183 2180
f 2430 2416 2431
f 2431 2416 2415
f 2431 2415 2432
f 2432 2415 2421
f 2432 2421 2433
f 2433 2421 2422
f 2433 2422 2434
f 2434 2422 2423
f 2434 2423 2435
f 2435 2423 2424
f 2435 2424 2393
f 2393 2424 2401
f 2435 2436 2434
f 2434 2436 2437
f 2434 2437 2433
f 2433 2437 2438
f 2433 2438 2432
f 2432 2438 2439
f 2432 2439 2431
f 2431 2439 2440
f 2431 2440 2430
f 2430 2440 2441
f 2176 2416 2417
f 2417 2416 2430
f 2417 2430 2442
f 2442 2430 2441
f 2442 2441 2443
f 2443 2441 2444
f 2443 2444 2445
f 2445 2444 2446
f 2445 2446 2447
f 2180 2417 2429
f 2429 2417 2442
f 2429 2442 2428
f 2428 2442 2443
f 2428 2443 2427
f 2427 2443 2445
f 2427 2445 2426
f 2426 2445 2447
f 2426 2447 2425
f 2393 2395 2435
f 2435 2395 2404
f 2435 2404 2436
f 2436 2404 2405
f 2436 2405 2437
f 2437 2405 2406
f 2437 2406 2438
f 2438 2406 2407
f 2438 2407 2439
f 2439 2407 2408
f 2439 2408 2440
f 2440 2408 2409
f 2440 2409 2441
f 2441 2409 2410
f 2441 2410 2444
f 2444 2410 2411
f 2444 2411 2446
f 2446 2411 2412
f 2446 2412 2447
f 2447 2412 2413
f 2447 2413 2425
f 2448 2449 2450
f 2450 2449 2451
f 2450 2451 2452
f 2452 2451 2453
f 2452 2453 2454
f 2454 2453 2455
f 2454 2455 2456
f 2456 2455 2457
f 2456 2457 2458
f 2458 2457 2459
f 2458 2459 2460
f 2460 2459 2461
f 2362 2448 2363
f 2363 2448 2450
f 2363 2450 2413
f 2413 2450 2452
f 2413 2452 2425
f 2425 2452 2454
f 2425 2454 2419
f 2419 2454 2456
f 2419 2456 2418
f 2418 2456 2458
f 2418 2458 2190
f 2190 2458 2460
f 2191 2190 2462
f 2462 2190 2460
f 2462 2460 2463
f 2463 2460 2461
f 2463 2461 2464
f 2465 2462 2466
f 2466 2462 2463
f 2466 2463 2467
f 2467 2463 2464
f 2465 2213 2462
f 2462 2213 2191
f 2213 2465 445
f 445 2468 2213
f 2213 2468 2469
f 2213 2469 2212
f 2212 2469 2470
f 2212 2470 2471
f 2471 2472 2212
f 2212 2472 2473
f 2212 2473 2474
f 2475 2211 2476
f 2476 2211 2212
f 2476 2212 2477
f 2477 2212 2474
f 2478 2209 2475
f 2475 2209 2210
f 2475 2210 2211
f 2479 2203 2480
f 2480 2203 2205
f 2480 2205 2481
f 2481 2205 2206
f 2481 2206 2482
f 2482 2206 2207
f 2482 2207 2478
f 2478 2207 2208
f 2478 2208 2209
f 2479 2483 2203
f 2203 2483 2484
f 2203 2484 2204
f 2200 2201 2485
f 2485 2201 2202
f 2485 2202 2486
f 2486 2202 2204
f 2486 2204 2487
f 2487 2204 2484
f 2485 2488 2200
f 2200 2488 2489
f 2200 2489 2199
f 2199 2489 2490
f 2199 2490 2198
f 2198 2490 2491
f 2198 2491 2197
f 2492 2195 2493
f 2493 2195 2196
f 2493 2196 2494
f 2494 2196 2197
f 2494 2197 2495
f 2495 2197 2491
f 304 2193 2496
f 2496 2193 2192
f 2496 2192 2492
f 2492 2192 2194
f 2492 2194 2195
f 2497 2498 2499
f 2494 2495 2500
f 2479 2480 2501
f 2476 2502 2475
f 445 2503 2468
f 2468 2503 2504
f 2468 2504 2469
f 2505 2471 2470
f 2505 2506 2471
f 2471 2506 2507
f 2471 2507 2472
f 2472 2507 2508
f 2472 2508 2473
f 2473 2508 2474
f 2502 2476 2509
f 2501 2480 2510
f 2487 2484 2511
f 2511 2484 2483
f 2512 2489 2513
f 2513 2489 2488
f 2513 2488 2514
f 2500 2495 2515
f 2515 2495 2491
f 2515 2491 2512
f 2512 2491 2490
f 2512 2490 2489
f 2516 2517 2518
f 2494 2500 2493
f 2493 2500 2519
f 2493 2519 2492
f 2492 2519 2516
f 2492 2516 2496
f 2496 2516 2518
f 2496 2518 304
f 2520 2511 2501
f 2501 2511 2483
f 2501 2483 2479
f 2488 2485 2514
f 2514 2485 2486
f 2514 2486 2521
f 2521 2486 2487
f 2521 2487 2522
f 2522 2487 2511
f 2522 2511 2523
f 2523 2511 2520
f 2499 2498 2510
f 2498 2524 2510
f 2510 2524 2525
f 2510 2525 2501
f 2501 2525 2526
f 2501 2526 2520
f 2497 2499 2527
f 2527 2499 2528
f 2527 2528 2529
f 2529 2528 2530
f 2529 2530 2531
f 2531 2530 2532
f 2532 2530 2533
f 2532 2533 2534
f 2534 2533 2535
f 2534 2535 2536
f 2536 2535 2537
f 2537 2535 2538
f 2537 2538 2149
f 2149 2538 2539
f 2149 2539 2147
f 2476 2477 2509
f 2509 2477 2474
f 2509 2474 2540
f 2540 2474 2508
f 2540 2508 2541
f 2541 2508 2507
f 2541 2507 2542
f 2542 2507 2506
f 2543 2544 2545
f 2545 2544 2546
f 2545 2546 2547
f 2547 2546 2548
f 2547 2548 2549
f 2549 2548 2550
f 2549 2550 2551
f 2481 2482 2552
f 2552 2482 2478
f 2552 2478 2553
f 2553 2478 2475
f 2553 2475 2554
f 2554 2475 2502
f 2554 2502 2551
f 2551 2502 2509
f 2551 2509 2549
f 2549 2509 2540
f 2549 2540 2547
f 2547 2540 2541
f 2547 2541 2545
f 2545 2541 2542
f 2545 2542 2543
f 2543 2542 2506
f 2543 2506 2504
f 2504 2506 2505
f 2504 2505 2469
f 2469 2505 2470
f 2480 2481 2510
f 2510 2481 2552
f 2510 2552 2499
f 2499 2552 2553
f 2499 2553 2528
f 2528 2553 2554
f 2528 2554 2530
f 2530 2554 2551
f 2530 2551 2533
f 2533 2551 2550
f 2533 2550 2535
f 2535 2550 2548
f 2535 2548 2538
f 2538 2548 2546
f 2538 2546 2539
f 2539 2546 2544
f 2555 2556 2557
f 2558 2559 2560
f 2561 2145 2100
f 2536 2537 2562
f 2562 2537 2149
f 2562 2149 2148
f 2536 2562 2534
f 2534 2562 2563
f 2534 2563 2532
f 2532 2563 2531
f 2531 2563 2564
f 2531 2564 2529
f 2565 2497 2564
f 2564 2497 2527
f 2564 2527 2529
f 2566 2525 2567
f 2567 2525 2524
f 2567 2524 2565
f 2565 2524 2498
f 2565 2498 2497
f 2568 2520 2566
f 2566 2520 2526
f 2566 2526 2525
f 2569 2522 2568
f 2568 2522 2523
f 2568 2523 2520
f 2512 2513 2570
f 2570 2513 2514
f 2570 2514 2569
f 2569 2514 2521
f 2569 2521 2522
f 2512 2570 2515
f 2515 2570 2571
f 2515 2571 2500
f 2500 2571 2572
f 2500 2572 2519
f 2519 2572 2573
f 2519 2573 2516
f 2516 2573 2574
f 2516 2574 2517
f 2115 2575 2113
f 2113 2575 2576
f 2113 2576 2108
f 2108 2576 2577
f 2108 2577 2109
f 2578 2116 2579
f 2579 2116 2097
f 2579 2097 2580
f 2580 2097 2127
f 2580 2127 2581
f 2582 2130 2132
f 2582 2132 2557
f 2130 2582 2128
f 2128 2582 2583
f 2128 2583 2121
f 2127 2126 2581
f 2581 2126 2125
f 2581 2125 2584
f 2584 2125 2124
f 2584 2124 2583
f 2583 2124 2122
f 2583 2122 2121
f 2556 2558 2557
f 2557 2558 2560
f 2557 2560 2582
f 2582 2560 2585
f 2582 2585 2583
f 2583 2585 2586
f 2583 2586 2584
f 2584 2586 2587
f 2584 2587 2581
f 2581 2587 2588
f 2581 2588 2580
f 2580 2588 2589
f 2580 2589 2579
f 2579 2589 2590
f 2579 2590 2578
f 2578 2590 2591
f 2578 2591 2575
f 2575 2591 2592
f 2575 2592 2576
f 2576 2592 2593
f 2576 2593 2577
f 2577 2593 2594
f 2577 2594 2109
f 2109 2594 2561
f 2109 2561 2110
f 2110 2561 2100
f 2132 2133 2557
f 2557 2133 2134
f 2557 2134 2555
f 2555 2134 2135
f 2555 2135 2136
f 2115 2120 2575
f 2575 2120 2119
f 2575 2119 2578
f 2578 2119 2117
f 2578 2117 2116
f 2559 2574 2560
f 2560 2574 2573
f 2560 2573 2585
f 2585 2573 2572
f 2585 2572 2586
f 2586 2572 2571
f 2586 2571 2587
f 2587 2571 2570
f 2587 2570 2588
f 2588 2570 2569
f 2588 2569 2589
f 2589 2569 2568
f 2589 2568 2590
f 2590 2568 2566
f 2590 2566 2591
f 2591 2566 2567
f 2591 2567 2592
f 2592 2567 2565
f 2592 2565 2593
f 2593 2565 2564
f 2593 2564 2594
f 2594 2564 2563
f 2594 2563 2561
f 2561 2563 2562
f 2561 2562 2145
f 2145 2562 2148
f 2595 2596 2597
f 2598 2599 2600
f 2599 2601 2600
f 2600 2601 2602
f 2600 2602 2603
f 2604 2605 2606
f 2606 2605 2607
f 2606 2607 2608
f 2609 2610 2604
f 2604 2610 2611
f 2604 2611 2605
f 2604 2612 2609
f 2609 2612 2613
f 2609 2613 2614
f 2597 2596 2615
f 2596 2616 2615
f 2615 2616 2617
f 2615 2617 2613
f 2613 2617 2618
f 2613 2618 2614
f 2595 2597 2619
f 2619 2597 2620
f 2619 2620 2621
f 2621 2620 2622
f 2621 2622 2623
f 2623 2622 2624
f 2624 2622 2625
f 2624 2625 2626
f 2627 2628 2629
f 2627 2629 2625
f 2625 2629 2630
f 2625 2630 2626
f 2628 2627 2631
f 2631 2627 2632
f 2631 2632 2633
f 2136 2634 2555
f 2555 2634 2633
f 2555 2633 2556
f 2556 2633 2632
f 2556 2632 2558
f 2574 2635 2517
f 2517 2635 2636
f 2637 2638 2639
f 2639 2638 2640
f 2639 2640 2641
f 2641 2640 2642
f 2641 2642 2635
f 2635 2642 2643
f 2635 2643 2636
f 2644 2645 2646
f 2646 2647 2644
f 2644 2647 2648
f 2644 2648 2639
f 2639 2648 2649
f 2639 2649 2637
f 2650 2651 2652
f 2652 2651 2653
f 2652 2653 2654
f 2654 2653 2655
f 2654 2655 2656
f 2656 2655 2657
f 2656 2657 2658
f 2658 2657 2659
f 2658 2659 2645
f 2645 2659 2660
f 2645 2660 2646
f 2661 2662 2650
f 2650 2662 2663
f 2650 2663 2651
f 2661 2650 2664
f 2664 2650 2665
f 2664 2665 2666
f 2666 2665 2603
f 2666 2603 2667
f 2667 2603 2602
f 2667 2602 2668
f 2606 2669 2604
f 2604 2669 2670
f 2604 2670 2612
f 2612 2670 2671
f 2612 2671 2613
f 2613 2671 2672
f 2613 2672 2615
f 2615 2672 2673
f 2615 2673 2597
f 2597 2673 2674
f 2597 2674 2620
f 2620 2674 2675
f 2620 2675 2622
f 2622 2675 2676
f 2622 2676 2625
f 2625 2676 2677
f 2625 2677 2627
f 2627 2677 2678
f 2627 2678 2632
f 2632 2678 2679
f 2632 2679 2558
f 2558 2679 2559
f 2574 2559 2635
f 2635 2559 2679
f 2635 2679 2641
f 2641 2679 2678
f 2641 2678 2639
f 2639 2678 2677
f 2639 2677 2644
f 2644 2677 2676
f 2644 2676 2645
f 2645 2676 2675
f 2645 2675 2658
f 2658 2675 2674
f 2658 2674 2656
f 2656 2674 2673
f 2656 2673 2654
f 2654 2673 2672
f 2654 2672 2652
f 2652 2672 2671
f 2652 2671 2650
f 2650 2671 2670
f 2650 2670 2665
f 2665 2670 2669
f 2665 2669 2603
f 2603 2669 2606
f 2603 2606 2600
f 2600 2606 2608
f 2600 2608 2598
f 2621 2623 2680
f 2136 2095 2681
f 2631 2633 2681
f 2681 2633 2634
f 2681 2634 2136
f 2630 2629 2682
f 2682 2629 2628
f 2682 2628 2683
f 2630 2682 2626
f 2626 2682 2684
f 2626 2684 2624
f 2621 2680 2619
f 2680 2685 2619
f 2619 2685 2686
f 2619 2686 2595
f 2687 2688 2618
f 2618 2617 2687
f 2687 2617 2616
f 2687 2616 2686
f 2686 2616 2596
f 2686 2596 2595
f 2689 2610 2609
f 2690 2605 2689
f 2689 2605 2611
f 2689 2611 2610
f 2691 2692 2599
f 2599 2598 2691
f 2691 2598 2608
f 2691 2608 2690
f 2690 2608 2607
f 2690 2607 2605
f 2025 1989 2693
f 2693 1989 1988
f 2693 1988 2032
f 2694 2695 2680
f 2683 2696 2682
f 2682 2696 2694
f 2682 2694 2684
f 2684 2694 2680
f 2684 2680 2624
f 2624 2680 2623
f 2697 2698 2683
f 2683 2698 2699
f 2683 2699 2696
f 2628 2631 2683
f 2683 2631 2681
f 2683 2681 2697
f 2697 2681 2095
f 2697 2095 2094
f 2695 2700 2680
f 2680 2700 2024
f 2680 2024 2685
f 2685 2024 2023
f 2685 2023 2686
f 2686 2023 2021
f 2021 2020 2686
f 2686 2020 2017
f 2686 2017 2687
f 2687 2017 2016
f 2687 2016 2688
f 2016 2015 2688
f 2688 2015 2014
f 2688 2014 2701
f 2701 2014 2012
f 2701 2012 2031
f 2031 2689 2701
f 2701 2689 2609
f 2701 2609 2688
f 2688 2609 2614
f 2688 2614 2618
f 2031 2030 2689
f 2689 2030 2028
f 2689 2028 2690
f 2690 2028 2026
f 2690 2026 2691
f 2691 2026 2025
f 2691 2025 2692
f 2692 2025 2693
f 2692 2693 2599
f 2599 2693 2702
f 2599 2702 2601
f 2601 2702 2703
f 2704 2705 2668
f 2668 2602 2704
f 2704 2602 2601
f 2704 2601 2703
f 2706 2707 2708
f 304 2518 2709
f 2709 2518 2517
f 2709 2517 2710
f 2640 2711 2642
f 2642 2711 2712
f 2642 2712 2643
f 2643 2712 2710
f 2643 2710 2636
f 2636 2710 2517
f 2640 2638 2711
f 2711 2638 2637
f 2711 2637 2713
f 2713 2637 2649
f 2713 2649 2714
f 2715 2716 2717
f 2717 2716 2718
f 2717 2718 2719
f 2720 2721 2715
f 2715 2721 2722
f 2715 2722 2716
f 2723 2724 2725
f 2725 2724 2726
f 2726 2724 2727
f 2727 2724 2728
f 2727 2728 2729
f 2708 2707 2730
f 2707 2731 2730
f 2730 2731 2732
f 2730 2732 2733
f 2733 2732 2734
f 2735 2736 2737
f 2737 2736 2738
f 2737 2738 2739
f 2739 2738 2740
f 2741 2742 2743
f 2743 2742 2744
f 2744 2745 2743
f 2743 2745 2746
f 2743 2746 2747
f 2741 2739 2742
f 2742 2739 2740
f 2742 2740 2744
f 2744 2740 2748
f 2705 2749 2668
f 2668 2749 2750
f 2668 2750 2667
f 2667 2750 2751
f 2667 2751 2666
f 2666 2751 2752
f 2753 2661 2752
f 2752 2661 2664
f 2752 2664 2666
f 2715 2655 2720
f 2720 2655 2653
f 2720 2653 2754
f 2754 2653 2651
f 2754 2651 2755
f 2755 2651 2663
f 2755 2663 2753
f 2753 2663 2662
f 2753 2662 2661
f 2649 2648 2714
f 2714 2648 2647
f 2714 2647 2756
f 2756 2647 2646
f 2756 2646 2719
f 2719 2646 2660
f 2719 2660 2717
f 2717 2660 2659
f 2717 2659 2715
f 2715 2659 2657
f 2715 2657 2655
f 2736 2757 2738
f 2738 2757 2758
f 2738 2758 2740
f 2740 2758 2759
f 2740 2759 2748
f 2748 2759 2760
f 2761 2762 2763
f 2763 2762 2764
f 2763 2764 2765
f 2765 2764 2766
f 2765 2766 2767
f 2767 2766 2768
f 2767 2768 2730
f 2734 2729 2733
f 2733 2729 2728
f 2733 2728 2730
f 2730 2728 2769
f 2730 2769 2767
f 2762 2760 2764
f 2764 2760 2759
f 2764 2759 2766
f 2766 2759 2758
f 2766 2758 2768
f 2768 2758 2757
f 2768 2757 2730
f 2730 2757 2736
f 2730 2736 2708
f 2708 2736 2735
f 2708 2735 2706
f 2725 2721 2723
f 2723 2721 2720
f 2723 2720 2724
f 2724 2720 2754
f 2724 2754 2728
f 2728 2754 2755
f 2728 2755 2769
f 2769 2755 2753
f 2769 2753 2767
f 2767 2753 2752
f 2767 2752 2765
f 2765 2752 2751
f 2765 2751 2763
f 2763 2751 2750
f 2763 2750 2761
f 2761 2750 2749
f 2747 2770 2771
f 2747 2771 2743
f 2771 2221 2743
f 2743 2221 2220
f 2743 2220 2741
f 2741 2220 2739
f 2739 2220 2737
f 2737 2220 2219
f 2737 2219 2735
f 2218 2707 2219
f 2219 2707 2706
f 2219 2706 2735
f 2729 2734 2217
f 2217 2734 2732
f 2217 2732 2218
f 2218 2732 2731
f 2218 2731 2707
f 2729 2217 2727
f 2727 2217 2224
f 2727 2224 2726
f 2726 2224 2228
f 2726 2228 2725
f 2228 2227 2725
f 2725 2227 2231
f 2725 2231 2721
f 2721 2231 2232
f 2721 2232 2722
f 2722 2232 2716
f 2232 2234 2716
f 2716 2234 2236
f 2716 2236 2718
f 2718 2236 2238
f 2718 2238 2719
f 2719 2238 2240
f 2719 2240 2756
f 2756 2240 2241
f 2756 2241 2714
f 2714 2241 2243
f 2714 2243 2713
f 2243 2245 2713
f 2713 2245 2248
f 2713 2248 2711
f 2711 2248 2250
f 2711 2250 2712
f 2250 2252 2712
f 2712 2252 2253
f 2712 2253 2710
f 2253 2256 2710
f 2710 2256 2259
f 2710 2259 2709
f 2709 2259 2193
f 2709 2193 304
f 2771 2770 2772
f 2773 2215 2772
f 2772 2215 2214
f 2772 2214 2771
f 2771 2214 2221
f 2772 2770 2774
f 2775 2776 2774
f 2774 2776 2773
f 2774 2773 2772
f 2776 2777 2778
f 2776 2778 2773
f 2773 2778 2260
f 2773 2260 2215
f 2779 2359 2778
f 2778 2359 2360
f 2778 2360 2260
f 2780 2281 2781
f 2781 2281 2280
f 2781 2280 2782
f 2782 2280 2358
f 2782 2358 2783
f 2783 2358 2359
f 2783 2359 2784
f 2784 2359 2779
f 2785 2780 2786
f 2786 2780 2781
f 2786 2781 2787
f 2787 2781 2782
f 2787 2782 2788
f 2788 2782 2783
f 2788 2783 2789
f 2789 2783 2784
f 2789 2784 2790
f 2790 2784 2779
f 2790 2779 2777
f 2777 2779 2778
f 2791 2785 2792
f 2792 2785 2786
f 2792 2786 2793
f 2793 2786 2787
f 2793 2787 2794
f 2794 2787 2788
f 2794 2788 2795
f 2795 2788 2789
f 2795 2789 2796
f 2796 2789 2790
f 2796 2790 2797
f 2797 2790 2777
f 2798 2791 2799
f 2799 2791 2792
f 2799 2792 2800
f 2800 2792 2793
f 2800 2793 2801
f 2801 2793 2794
f 2801 2794 2802
f 2802 2794 2795
f 2802 2795 2803
f 2803 2795 2796
f 2803 2796 2804
f 2804 2796 2797
f 2805 2806 2807
f 2807 2806 2808
f 2807 2808 2809
f 2809 2808 2810
f 2809 2810 2811
f 2807 2812 2805
f 2805 2812 2813
f 2805 2813 2814
f 2814 2813 2815
f 2814 2815 2816
f 2811 2798 2809
f 2809 2798 2799
f 2809 2799 2807
f 2807 2799 2800
f 2807 2800 2812
f 2812 2800 2801
f 2812 2801 2813
f 2813 2801 2802
f 2813 2802 2815
f 2815 2802 2803
f 2815 2803 2816
f 2816 2803 2804
f 2785 2448 2780
f 2780 2448 2362
f 2780 2362 2281
f 2810 1961 2811
f 2811 1961 1960
f 2811 1960 2798
f 2798 1960 1974
f 2798 1974 2791
f 2791 1974 2817
f 2791 2817 2785
f 2785 2817 2449
f 2785 2449 2448
f 2310 2320 2374
f 2281 2362 2314
f 2314 2362 2365
f 2314 2365 2315
f 2315 2365 2367
f 2315 2367 2317
f 2317 2367 2370
f 2317 2370 2319
f 2319 2370 2371
f 2319 2371 2320
f 2320 2371 2373
f 2320 2373 2374
f 2378 2384 2311
f 2310 2374 2311
f 2311 2374 2376
f 2311 2376 2378
f 2307 2313 2384
f 2384 2313 2312
f 2384 2312 2311
f 2384 2383 2307
f 2307 2383 2382
f 2307 2382 2305
f 2305 2382 2303
f 2387 2389 2302
f 2382 2381 2303
f 2303 2381 2387
f 2303 2387 2300
f 2300 2387 2302
f 2817 1974 2818
f 2818 1974 1975
f 2818 1975 2819
f 2819 1975 1976
f 2819 1976 2820
f 2820 1976 1977
f 2820 1977 2821
f 2821 1977 1978
f 2821 1978 2822
f 2822 1978 1979
f 2822 1979 2823
f 2823 1979 1980
f 2449 2817 2451
f 2451 2817 2818
f 2451 2818 2453
f 2453 2818 2819
f 2453 2819 2455
f 2455 2819 2820
f 2455 2820 2457
f 2457 2820 2821
f 2457 2821 2459
f 2459 2821 2822
f 2459 2822 2461
f 2461 2822 2823
f 1980 2824 2825
f 2825 2826 2827
f 2827 2826 2828
f 2825 2827 1980
f 1980 2827 2828
f 1980 2828 2823
f 2823 2828 2829
f 2823 2829 2830
f 2830 2831 2823
f 2823 2831 2832
f 2823 2832 2461
f 2461 2832 2833
f 2461 2833 2464
f 2834 2467 2835
f 2835 2467 2464
f 2835 2464 2833
f 2467 2834 533
f 2467 533 2466
f 2466 533 445
f 2466 445 2465
f 2836 2837 2105
f 2838 2839 2840
f 2840 2055 2838
f 2838 2055 2054
f 2838 2054 2841
f 2841 2054 2842
f 2842 2054 2059
f 2842 2059 2843
f 2059 2052 2843
f 2843 2052 2051
f 2843 2051 2844
f 2051 2048 2844
f 2844 2048 2063
f 2844 2063 2845
f 2063 2062 2845
f 2845 2062 2061
f 2845 2061 2846
f 2846 2061 2847
f 2847 2061 2047
f 2847 2047 2837
f 2837 2047 2046
f 2837 2046 2105
f 2836 2105 2848
f 2848 2105 2106
f 2848 2106 2849
f 2849 2106 2107
f 2849 2107 2850
f 2850 2107 2144
f 2850 2144 2851
f 2851 2144 2146
f 2851 2146 2852
f 2852 2146 2147
f 2852 2147 2853
f 2853 2147 2539
f 2853 2539 2854
f 2539 2544 2854
f 2854 2544 2543
f 2854 2543 2855
f 2855 2543 2856
f 2856 2543 2504
f 2856 2504 2857
f 2857 2504 2503
f 2857 2503 2858
f 2858 2503 445
f 2858 445 533
f 2032 2859 2860
f 2032 2860 2693
f 2693 2860 2861
f 2693 2861 2702
f 2702 2861 2862
f 2702 2862 2703
f 2703 2862 2863
f 2703 2863 2704
f 2864 2865 2760
f 2863 2866 2704
f 2704 2866 2867
f 2704 2867 2705
f 2705 2867 2868
f 2705 2868 2749
f 2749 2868 2869
f 2749 2869 2761
f 2761 2869 2864
f 2761 2864 2762
f 2762 2864 2760
f 523 2747 2870
f 2870 2747 2746
f 2870 2746 2871
f 2871 2746 2745
f 2871 2745 2872
f 2872 2745 2744
f 2872 2744 2865
f 2865 2744 2748
f 2865 2748 2760
f 2859 2032 2873
f 2873 2032 1993
f 2873 1993 2874
f 2874 1993 1992
f 2874 1992 2875
f 2875 1992 1994
f 2875 1994 2876
f 1994 1997 2876
f 2876 1997 1999
f 2876 1999 2877
f 2877 1999 2001
f 2877 2001 2878
f 2878 2001 2004
f 2878 2004 2879
f 2004 2006 2879
f 2879 2006 2008
f 2879 2008 2880
f 2880 2008 2881
f 2880 2881 2882
f 2774 2770 2747
f 2774 2747 2775
f 2775 2747 523
f 2775 523 2883
f 2884 2776 2885
f 2885 2776 2775
f 2885 2775 2883
f 2886 2887 2804
f 2886 2804 2888
f 2888 2804 2797
f 2888 2797 2889
f 2777 2776 2884
f 2777 2884 2797
f 2797 2884 2890
f 2797 2890 2891
f 2891 2892 2797
f 2797 2892 2893
f 2797 2893 2889
f 2894 2895 2896
f 2896 2895 2897
f 2897 2895 2898
f 2898 2895 2899
f 2898 2899 2900
f 2900 2899 2901
f 2900 2901 2902
f 2902 2901 2903
f 2903 2901 2904
f 2903 2904 2905
f 2905 2904 2906
f 2906 2904 2907
f 2906 2907 2908
f 2909 2910 2911
f 2911 2912 2909
f 2909 2912 2913
f 2909 2913 2907
f 2907 2913 2914
f 2907 2914 2908
f 2804 2887 2816
f 2816 2887 2915
f 2816 2915 2916
f 2916 2915 2917
f 2916 2917 2909
f 2909 2917 2918
f 2909 2918 2910
f 2919 2920 2921
f 2916 2922 2816
f 2901 2907 2904
f 2894 2899 2895
f 2923 2924 2925
f 2926 2927 2923
f 2928 2929 2930
f 2930 2929 2931
f 2930 2931 2932
f 2933 2928 2934
f 2894 2935 2936
f 2936 2935 2937
f 2894 2936 2899
f 2899 2936 2938
f 2899 2938 2901
f 2916 2909 2922
f 2922 2909 2907
f 2922 2907 2939
f 2808 2940 2810
f 2810 2940 2941
f 2921 2920 2940
f 2940 2920 2942
f 2940 2942 2941
f 2925 2924 2943
f 2924 2944 2943
f 2943 2944 2945
f 2943 2945 2921
f 2921 2945 2946
f 2921 2946 2919
f 2816 2922 2814
f 2814 2922 2939
f 2814 2939 2805
f 2937 2933 2936
f 2936 2933 2934
f 2936 2934 2938
f 2938 2934 2947
f 2938 2947 2948
f 2948 2947 2949
f 2948 2949 2950
f 2901 2938 2907
f 2907 2938 2948
f 2907 2948 2939
f 2939 2948 2950
f 2939 2950 2805
f 2951 2930 2952
f 2952 2930 2932
f 2952 2932 2953
f 2928 2930 2934
f 2934 2930 2951
f 2934 2951 2947
f 2947 2951 2954
f 2947 2954 2949
f 2949 2954 2955
f 2949 2955 2950
f 2950 2955 2806
f 2950 2806 2805
f 2926 2923 2953
f 2953 2923 2925
f 2953 2925 2952
f 2952 2925 2943
f 2952 2943 2951
f 2951 2943 2921
f 2951 2921 2954
f 2954 2921 2940
f 2954 2940 2955
f 2955 2940 2808
f 2955 2808 2806
f 2920 2919 2956
f 2956 2919 2957
f 2958 2959 2927
f 2927 2959 2960
f 2927 2960 2923
f 2960 2961 2923
f 2923 2961 2962
f 2923 2962 2924
f 2924 2962 2963
f 2924 2963 2944
f 2944 2963 2964
f 2944 2964 2945
f 2945 2964 2957
f 2945 2957 2946
f 2946 2957 2919
f 2920 2956 2942
f 2942 2956 2965
f 2942 2965 2941
f 2941 2965 1961
f 2941 1961 2810
f 2966 2967 2968
f 2967 2966 2969
f 2970 2971 2968
f 2968 2971 2972
f 2960 2973 2961
f 2961 2973 2974
f 2961 2974 2962
f 2962 2974 2975
f 2962 2975 2963
f 2963 2975 2964
f 2976 2956 2977
f 2977 2956 2957
f 2977 2957 2978
f 2978 2957 2964
f 2978 2964 2979
f 2979 2964 2975
f 2980 1963 2965
f 2965 1963 1961
f 1973 1971 2981
f 2981 1971 1969
f 2981 1969 2982
f 2982 1969 1967
f 2982 1967 2983
f 2969 2984 2985
f 2985 2984 2986
f 2985 2987 2969
f 2969 2987 2988
f 2969 2988 2967
f 2967 2988 2989
f 2967 2989 2968
f 2968 2989 2990
f 2968 2990 2970
f 2970 2990 2991
f 2970 2991 2992
f 2986 2993 2985
f 2985 2993 2994
f 2985 2994 2987
f 2987 2994 2995
f 2987 2995 2988
f 2988 2995 2996
f 2988 2996 2989
f 2989 2996 2997
f 2989 2997 2990
f 2990 2997 2998
f 2990 2998 2991
f 2991 2998 2999
f 2991 2999 2992
f 2992 2999 3000
f 3001 3000 3002
f 3002 3000 2999
f 3002 2999 3003
f 3003 2999 2998
f 3003 2998 3004
f 3004 2998 2997
f 3004 2997 3005
f 3005 2997 2996
f 3005 2996 3006
f 3006 2996 2995
f 3006 2995 2983
f 2983 2995 2994
f 2983 2994 2982
f 2982 2994 2993
f 2982 2993 2981
f 2981 2993 2986
f 2981 2986 1973
f 1965 1963 3007
f 3007 1963 2980
f 3007 2980 2976
f 2976 2980 2965
f 2976 2965 2956
f 1967 1965 2983
f 2983 1965 3007
f 2983 3007 3006
f 3006 3007 2976
f 3006 2976 3005
f 3005 2976 2977
f 3005 2977 3004
f 3004 2977 2978
f 3004 2978 3003
f 3003 2978 2979
f 3003 2979 3002
f 3002 2979 2975
f 3002 2975 3001
f 3001 2975 2974
f 3008 3009 2984
f 2969 3010 2984
f 2984 3010 3011
f 2984 3011 3008
f 3009 3012 2984
f 2984 3012 3013
f 2984 3013 2986
f 2966 3014 2969
f 2969 3014 3015
f 2969 3015 3016
f 3016 3017 2969
f 2969 3017 3018
f 2969 3018 3010
f 2968 2972 3019
f 3019 3020 2968
f 2968 3020 3021
f 2968 3021 2966
f 2966 3021 3022
f 2966 3022 3014
f 3023 2824 1980
f 1980 1972 3023
f 3023 1972 1973
f 3023 1973 3024
f 3024 1973 2986
f 3024 2986 3025
f 3025 2986 3013
f 3026 3027 3028
f 3029 3030 3031
f 3032 3033 3034
f 3031 3035 3032
f 3032 3035 3036
f 3032 3036 3037
f 3032 3034 3031
f 3031 3034 3038
f 3031 3038 3029
f 3039 3040 3030
f 3030 3040 3041
f 3030 3041 3031
f 3039 3042 3040
f 3040 3042 3043
f 3040 3043 3044
f 3044 3043 3045
f 3044 3045 3046
f 3046 3045 3047
f 3046 3047 3048
f 3048 3047 3049
f 3048 3049 3050
f 3028 3027 3051
f 3051 3027 3052
f 3051 3052 3049
f 3049 3052 3053
f 3049 3053 3050
f 3054 3055 3056
f 3054 3056 3057
f 3026 3028 3058
f 3058 3028 3059
f 3058 3059 3060
f 3060 3059 3061
f 3060 3061 3062
f 3062 3061 3063
f 3062 3063 3064
f 3064 3063 3065
f 3064 3065 3056
f 3056 3065 3066
f 3056 3066 3057
f 3067 3046 3048
f 3024 3025 3068
f 3068 3025 3069
f 3069 3025 3013
f 3069 3013 3070
f 3071 3072 3073
f 3073 3072 3074
f 3073 3074 3075
f 3075 3074 3076
f 3075 3076 3077
f 3077 3076 3078
f 3077 3078 3079
f 3079 3078 3080
f 3079 3080 3081
f 3081 3080 3082
f 3046 3067 3044
f 3044 3067 3083
f 3044 3083 3084
f 3085 3035 3031
f 3085 3031 3086
f 3086 3031 3041
f 3086 3041 3084
f 3084 3041 3040
f 3084 3040 3044
f 3087 3037 3085
f 3085 3037 3036
f 3085 3036 3035
f 3024 3068 3088
f 3088 3068 3056
f 3088 3056 3055
f 3082 3089 3090
f 3090 3089 3091
f 3090 3091 3092
f 3092 3091 3026
f 3092 3026 3093
f 3093 3026 3070
f 3053 3052 3091
f 3091 3052 3027
f 3091 3027 3026
f 3026 3058 3070
f 3070 3058 3060
f 3070 3060 3069
f 3069 3060 3062
f 3069 3062 3068
f 3068 3062 3064
f 3068 3064 3056
f 3021 3071 3022
f 3022 3071 3073
f 3022 3073 3014
f 3014 3073 3075
f 3014 3075 3015
f 3015 3075 3077
f 3013 3012 3070
f 3070 3012 3009
f 3070 3009 3093
f 3093 3009 3008
f 3093 3008 3092
f 3092 3008 3011
f 3092 3011 3090
f 3090 3011 3010
f 3090 3010 3018
f 3082 3090 3081
f 3081 3090 3018
f 3081 3018 3079
f 3079 3018 3017
f 3079 3017 3077
f 3077 3017 3016
f 3077 3016 3015
f 3072 3087 3074
f 3074 3087 3085
f 3074 3085 3076
f 3076 3085 3086
f 3076 3086 3078
f 3078 3086 3084
f 3078 3084 3080
f 3080 3084 3083
f 3080 3083 3082
f 3082 3083 3067
f 3082 3067 3089
f 3089 3067 3048
f 3089 3048 3091
f 3091 3048 3050
f 3091 3050 3053
f 3023 3024 3088
f 3094 3095 3096
f 3055 3094 3088
f 3088 3094 3096
f 3088 3096 3023
f 3023 3096 2824
f 3054 3057 3097
f 3055 3054 3094
f 3094 3054 3097
f 3094 3097 3095
f 3095 3097 704
f 3095 704 3098
f 3095 3098 3096
f 3096 3098 3099
f 3096 3099 2824
f 2824 3099 2825
f 2835 2833 2832
f 3100 3101 3102
f 3102 3101 2834
f 3102 2834 2835
f 3100 3102 3103
f 3103 3102 3104
f 3103 3104 3105
f 3105 3104 3106
f 3105 3106 3107
f 2835 2832 3102
f 3102 2832 2831
f 3102 2831 3104
f 3104 2831 2830
f 3104 2830 3106
f 3106 2830 2829
f 3106 2829 3108
f 3108 2829 2828
f 3108 2828 3109
f 3109 2828 2826
f 3109 2826 3110
f 3110 2826 2825
f 3110 2825 3099
f 3107 3106 3111
f 3111 3106 3108
f 3111 3108 3112
f 3112 3108 3109
f 3112 3109 3113
f 3113 3109 3110
f 3113 3110 3114
f 3114 3110 3099
f 3114 3099 3098
f 3098 704 3114
f 3114 704 3115
f 3115 3116 3114
f 3114 3116 3117
f 3114 3117 3113
f 3113 3117 3118
f 3113 3118 3112
f 3112 3118 3119
f 3112 3119 3111
f 3119 3120 3111
f 3111 3120 3121
f 3111 3121 3107
f 3107 3121 3122
f 3107 3122 3105
f 3105 3122 3123
f 3105 3123 3103
f 3103 3123 3124
f 3103 3124 3100
f 3100 3124 3125
f 3100 3125 3101
f 3101 3125 3126
f 3101 3126 2834
f 2834 3126 533
f 3127 3128 3129
f 3123 3122 3130
f 3120 3119 3131
f 3116 3115 3132
f 3133 3134 3135
f 3135 3134 3136
f 3135 3136 3137
f 3137 3136 3138
f 3137 3138 3139
f 3140 3141 3142
f 3142 3141 3143
f 3142 3143 3144
f 3144 3143 3145
f 3144 3145 3135
f 3135 3145 3146
f 3135 3146 3133
f 3140 3142 3147
f 3147 3142 3148
f 3147 3148 3149
f 3149 3148 3150
f 3149 3150 3151
f 3152 3153 3154
f 3154 3155 3152
f 3152 3155 3156
f 3152 3156 3150
f 3150 3156 3157
f 3150 3157 3151
f 3158 3159 3160
f 3160 3159 3161
f 3160 3161 3153
f 3153 3161 3162
f 3153 3162 3154
f 3160 3163 3158
f 3158 3163 3164
f 3158 3164 3165
f 3166 3167 3168
f 3168 3167 3169
f 3168 3169 3170
f 3170 3169 3171
f 3170 3171 3172
f 3172 3171 3173
f 3172 3173 3164
f 3164 3173 3174
f 3164 3174 3165
f 3166 3168 3175
f 3175 3168 3132
f 3175 3132 3176
f 3176 3132 3177
f 3177 3132 3115
f 3177 3115 704
f 3120 3131 3121
f 3123 3130 3124
f 2855 2856 3178
f 3178 2856 2857
f 3178 2857 3179
f 3179 2857 2858
f 3179 2858 3126
f 3126 2858 533
f 2855 3178 2854
f 2854 3178 3180
f 2854 3180 2853
f 2853 3180 3181
f 2853 3181 2852
f 2852 3181 2851
f 2851 3181 3182
f 2851 3182 2850
f 3183 2848 3182
f 3182 2848 2849
f 3182 2849 2850
f 3184 2837 3183
f 3183 2837 2836
f 3183 2836 2848
f 3185 2845 3186
f 3186 2845 2846
f 3186 2846 3184
f 3184 2846 2847
f 3184 2847 2837
f 3187 2841 3188
f 3188 2841 2842
f 3188 2842 3189
f 3189 2842 2843
f 3189 2843 3185
f 3185 2843 2844
f 3185 2844 2845
f 3190 2839 3191
f 3191 2839 2838
f 3192 3193 3190
f 3190 3193 3194
f 3190 3194 2839
f 3195 3196 3197
f 3197 3196 3198
f 3197 3198 3199
f 3199 3198 3192
f 3199 3192 3200
f 3201 3202 3203
f 3204 3205 3203
f 3203 3205 3206
f 3206 3207 3203
f 3203 3207 3208
f 3203 3208 3201
f 3185 3209 3189
f 3189 3209 3210
f 3189 3210 3188
f 3188 3210 3211
f 3188 3211 3187
f 3187 3211 3212
f 3213 3190 3212
f 3212 3190 3191
f 3212 3191 3187
f 3187 3191 2838
f 3187 2838 2841
f 3192 3190 3200
f 3200 3190 3213
f 3200 3213 3199
f 3199 3213 3202
f 3199 3202 3197
f 3197 3202 3201
f 3197 3201 3195
f 3127 3129 3214
f 3215 3216 3217
f 3217 3216 3218
f 3217 3218 3219
f 3219 3218 3220
f 3219 3220 3221
f 3221 3220 3222
f 3221 3222 3223
f 3223 3222 3224
f 3223 3224 3225
f 3225 3224 3226
f 3225 3226 3227
f 3227 3226 3228
f 3227 3228 3229
f 3229 3228 3230
f 3229 3230 3231
f 3231 3230 3232
f 3231 3232 3233
f 3233 3232 3234
f 3233 3234 3235
f 3235 3234 3236
f 3235 3236 3237
f 3237 3236 3238
f 3237 3238 3239
f 3239 3238 3240
f 3239 3240 3241
f 3241 3240 3242
f 3241 3242 3243
f 3243 3242 3244
f 3243 3244 3245
f 3245 3244 3131
f 3245 3131 3118
f 3118 3131 3119
f 3117 3116 3246
f 3246 3116 3132
f 3246 3132 3247
f 3247 3132 3168
f 3247 3168 3248
f 3248 3168 3170
f 3248 3170 3249
f 3249 3170 3172
f 3249 3172 3250
f 3250 3172 3164
f 3250 3164 3251
f 3251 3164 3163
f 3251 3163 3252
f 3252 3163 3160
f 3252 3160 3253
f 3253 3160 3153
f 3253 3153 3254
f 3254 3153 3152
f 3254 3152 3255
f 3255 3152 3150
f 3255 3150 3256
f 3256 3150 3148
f 3256 3148 3257
f 3257 3148 3142
f 3257 3142 3258
f 3258 3142 3144
f 3258 3144 3259
f 3259 3144 3135
f 3259 3135 3129
f 3129 3135 3137
f 3129 3137 3214
f 3214 3137 3139
f 3214 3139 3260
f 3128 3215 3129
f 3129 3215 3217
f 3129 3217 3259
f 3259 3217 3219
f 3259 3219 3258
f 3258 3219 3221
f 3258 3221 3257
f 3257 3221 3223
f 3257 3223 3256
f 3256 3223 3225
f 3256 3225 3255
f 3255 3225 3227
f 3255 3227 3254
f 3254 3227 3229
f 3254 3229 3253
f 3253 3229 3231
f 3253 3231 3252
f 3252 3231 3233
f 3252 3233 3251
f 3251 3233 3235
f 3251 3235 3250
f 3250 3235 3237
f 3250 3237 3249
f 3249 3237 3239
f 3249 3239 3248
f 3248 3239 3241
f 3248 3241 3247
f 3247 3241 3243
f 3247 3243 3246
f 3246 3243 3245
f 3246 3245 3117
f 3117 3245 3118
f 3261 3262 3263
f 3263 3262 3264
f 3263 3264 3265
f 3265 3264 3266
f 3265 3266 3267
f 3267 3266 3268
f 3267 3268 3269
f 3269 3268 3270
f 3269 3270 3271
f 3271 3270 3272
f 3271 3272 3273
f 3273 3272 3274
f 3273 3274 3130
f 3130 3274 3275
f 3130 3275 3124
f 3124 3275 3125
f 3126 3125 3179
f 3179 3125 3275
f 3179 3275 3178
f 3178 3275 3274
f 3178 3274 3180
f 3180 3274 3272
f 3180 3272 3181
f 3181 3272 3270
f 3181 3270 3182
f 3182 3270 3268
f 3182 3268 3183
f 3183 3268 3266
f 3183 3266 3184
f 3184 3266 3264
f 3184 3264 3186
f 3186 3264 3262
f 3186 3262 3185
f 3185 3262 3261
f 3185 3261 3209
f 3216 3204 3218
f 3218 3204 3203
f 3218 3203 3220
f 3220 3203 3202
f 3220 3202 3222
f 3222 3202 3213
f 3222 3213 3224
f 3224 3213 3212
f 3224 3212 3226
f 3226 3212 3211
f 3226 3211 3228
f 3228 3211 3210
f 3228 3210 3230
f 3230 3210 3209
f 3230 3209 3232
f 3232 3209 3261
f 3232 3261 3234
f 3234 3261 3263
f 3234 3263 3236
f 3236 3263 3265
f 3236 3265 3238
f 3238 3265 3267
f 3238 3267 3240
f 3240 3267 3269
f 3240 3269 3242
f 3242 3269 3271
f 3242 3271 3244
f 3244 3271 3273
f 3244 3273 3131
f 3131 3273 3130
f 3131 3130 3121
f 3121 3130 3122
f 3276 2875 2876
f 3277 3278 3279
f 3280 3281 3282
f 3283 3284 3285
f 2866 3286 2867
f 2867 3286 3287
f 3288 2869 3287
f 3287 2869 2868
f 3287 2868 2867
f 3289 2872 3290
f 3290 2872 2865
f 3290 2865 3288
f 3288 2865 2864
f 3288 2864 2869
f 523 2870 3289
f 3289 2870 2871
f 3289 2871 2872
f 3291 3292 3289
f 3289 3292 3293
f 3289 3293 523
f 3294 3295 3296
f 3297 3298 3299
f 3299 3298 3300
f 3299 3300 3283
f 635 3301 3302
f 3302 3301 3303
f 3277 3304 3278
f 3278 3304 3305
f 3278 3305 3303
f 3303 3305 3306
f 3303 3306 3302
f 3307 3308 3279
f 3279 3308 3309
f 3279 3309 3277
f 3310 3311 3312
f 3312 3311 3313
f 3312 3313 3307
f 3307 3313 3314
f 3307 3314 3308
f 3315 3316 3310
f 3310 3316 3317
f 3310 3317 3311
f 3318 3319 3315
f 3315 3319 3320
f 3315 3320 3316
f 3321 3322 3318
f 3318 3322 3323
f 3318 3323 3319
f 3324 3325 3326
f 3326 3325 3327
f 3326 3327 3321
f 3321 3327 3328
f 3321 3328 3322
f 3329 3330 3331
f 3331 3330 3332
f 3331 3332 3324
f 3324 3332 3333
f 3324 3333 3325
f 3329 3331 3334
f 3334 3331 3335
f 3334 3335 3336
f 3336 3335 3337
f 3336 3337 3338
f 3127 3214 3339
f 3339 3214 3260
f 3260 3340 3339
f 3339 3340 3341
f 3339 3341 3337
f 3337 3341 3342
f 3337 3342 3338
f 3205 3204 3343
f 3343 3204 3344
f 3343 3344 3345
f 3346 3347 3344
f 3344 3347 3348
f 3344 3348 3345
f 3349 3350 3351
f 3351 3350 3352
f 3351 3352 3353
f 3353 3352 3354
f 3353 3354 3355
f 3355 3354 3356
f 3357 2882 3358
f 3358 2882 3359
f 3358 3359 3360
f 3361 2879 3362
f 3362 2879 2880
f 3363 2877 3361
f 3361 2877 2878
f 3361 2878 2879
f 2875 3276 2874
f 2874 3276 3364
f 2874 3364 2873
f 3365 2860 3364
f 3364 2860 2859
f 3364 2859 2873
f 2866 2863 3286
f 3286 2863 2862
f 3286 2862 3365
f 3365 2862 2861
f 3365 2861 2860
f 3366 3367 3357
f 3357 3358 3366
f 3366 3358 3360
f 3366 3360 3368
f 3356 3347 3355
f 3355 3347 3346
f 3355 3346 3353
f 3353 3346 3368
f 3353 3368 3351
f 3351 3368 3360
f 3351 3360 3349
f 3349 3360 3359
f 3216 3215 3369
f 3369 3215 3370
f 3369 3370 3371
f 3371 3370 3372
f 3371 3372 3373
f 3373 3372 3374
f 3373 3374 3375
f 3375 3374 3376
f 3375 3376 3377
f 3377 3376 3378
f 3377 3378 3379
f 3379 3378 3380
f 3379 3380 3381
f 3381 3380 3382
f 3381 3382 3383
f 3383 3382 3384
f 3383 3384 3385
f 3385 3384 3386
f 3385 3386 3387
f 3387 3386 3388
f 3387 3388 3389
f 3389 3388 3390
f 3389 3390 3391
f 3391 3390 3392
f 3391 3392 3393
f 3393 3392 3394
f 3393 3394 3395
f 3395 3394 3396
f 3395 3396 3299
f 3299 3396 3282
f 3299 3282 3297
f 3297 3282 3281
f 3128 3127 3397
f 3397 3127 3339
f 3397 3339 3398
f 3398 3339 3337
f 3398 3337 3399
f 3399 3337 3335
f 3399 3335 3400
f 3400 3335 3331
f 3400 3331 3401
f 3401 3331 3324
f 3401 3324 3402
f 3402 3324 3326
f 3402 3326 3403
f 3403 3326 3321
f 3403 3321 3404
f 3404 3321 3318
f 3404 3318 3405
f 3405 3318 3315
f 3405 3315 3406
f 3406 3315 3310
f 3406 3310 3407
f 3407 3310 3312
f 3407 3312 3408
f 3408 3312 3307
f 3408 3307 3409
f 3409 3307 3279
f 3409 3279 3410
f 3410 3279 3278
f 3410 3278 3411
f 3411 3278 3303
f 3411 3303 3412
f 3412 3303 3301
f 3215 3128 3370
f 3370 3128 3397
f 3370 3397 3372
f 3372 3397 3398
f 3372 3398 3374
f 3374 3398 3399
f 3374 3399 3376
f 3376 3399 3400
f 3376 3400 3378
f 3378 3400 3401
f 3378 3401 3380
f 3380 3401 3402
f 3380 3402 3382
f 3382 3402 3403
f 3382 3403 3384
f 3384 3403 3404
f 3384 3404 3386
f 3386 3404 3405
f 3386 3405 3388
f 3388 3405 3406
f 3388 3406 3390
f 3390 3406 3407
f 3390 3407 3392
f 3392 3407 3408
f 3392 3408 3394
f 3394 3408 3409
f 3394 3409 3396
f 3396 3409 3410
f 3396 3410 3282
f 3282 3410 3411
f 3282 3411 3280
f 3280 3411 3412
f 3284 3294 3285
f 3285 3294 3296
f 3285 3296 3413
f 3413 3296 3414
f 3413 3414 3415
f 3415 3414 3416
f 3415 3416 3417
f 3417 3416 3418
f 3417 3418 3419
f 3419 3418 3420
f 3419 3420 3421
f 3421 3420 3422
f 3421 3422 3423
f 3423 3422 3424
f 3423 3424 3425
f 3425 3424 3426
f 3425 3426 3427
f 3427 3426 3363
f 3427 3363 3428
f 3428 3363 3361
f 3428 3361 3367
f 3367 3361 3362
f 3367 3362 3357
f 3357 3362 2880
f 3357 2880 2882
f 3295 3291 3296
f 3296 3291 3289
f 3296 3289 3414
f 3414 3289 3290
f 3414 3290 3416
f 3416 3290 3288
f 3416 3288 3418
f 3418 3288 3287
f 3418 3287 3420
f 3420 3287 3286
f 3420 3286 3422
f 3422 3286 3365
f 3422 3365 3424
f 3424 3365 3364
f 3424 3364 3426
f 3426 3364 3276
f 3426 3276 3363
f 3363 3276 2876
f 3363 2876 2877
f 3204 3216 3344
f 3344 3216 3369
f 3344 3369 3346
f 3346 3369 3371
f 3346 3371 3368
f 3368 3371 3373
f 3368 3373 3366
f 3366 3373 3375
f 3366 3375 3367
f 3367 3375 3377
f 3367 3377 3428
f 3428 3377 3379
f 3428 3379 3427
f 3427 3379 3381
f 3427 3381 3425
f 3425 3381 3383
f 3425 3383 3423
f 3423 3383 3385
f 3423 3385 3421
f 3421 3385 3387
f 3421 3387 3419
f 3419 3387 3389
f 3419 3389 3417
f 3417 3389 3391
f 3417 3391 3415
f 3415 3391 3393
f 3415 3393 3413
f 3413 3393 3395
f 3413 3395 3285
f 3285 3395 3299
f 3285 3299 3283
f 523 3293 2883
f 2883 3293 3429
f 3430 3283 3431
f 3431 3283 3432
f 3293 3292 3429
f 3429 3292 3291
f 3429 3291 3433
f 3433 3291 3295
f 3433 3295 3434
f 3434 3295 3294
f 3434 3294 3430
f 3430 3294 3284
f 3430 3284 3283
f 3283 3300 3432
f 3432 3300 3298
f 3432 3298 3435
f 3435 3298 3297
f 3435 3297 3436
f 3436 3297 3281
f 3436 3281 3437
f 3281 3280 3437
f 3437 3280 3412
f 3437 3412 3438
f 3412 3301 3438
f 3438 3301 635
f 3438 635 3439
f 3440 2886 2888
f 3439 3440 3438
f 3438 3440 3441
f 3438 3441 3437
f 3437 3441 3442
f 3437 3442 3436
f 3436 3442 3435
f 3435 3442 3432
f 3432 3442 3443
f 3432 3443 3431
f 3431 3443 3444
f 3431 3444 3430
f 3440 2888 3441
f 3441 2888 2889
f 3441 2889 3442
f 3442 2889 2893
f 3442 2893 3443
f 3443 2893 2892
f 3443 2892 3444
f 3444 2892 2891
f 3444 2891 3445
f 3445 2891 2890
f 3445 2890 3446
f 3446 2890 2884
f 3446 2884 2885
f 3430 3444 3434
f 3434 3444 3445
f 3434 3445 3433
f 3433 3445 3446
f 3433 3446 3429
f 3429 3446 2885
f 3429 2885 2883
f 3439 3447 3440
f 3440 3447 3448
f 3440 3448 2886
f 2886 3448 2887
f 3449 3450 3451
f 3447 3449 3448
f 3448 3449 3451
f 3448 3451 2887
f 2887 3451 2915
f 3452 3453 3454
f 3439 635 3447
f 3447 635 3452
f 3447 3452 3449
f 3449 3452 3454
f 3449 3454 3450
f 3455 3456 3457
f 3454 3453 3458
f 3459 3460 3461
f 3461 3460 3462
f 3461 3462 3463
f 3463 3462 3464
f 3463 3464 3465
f 3465 3464 3466
f 3465 3466 3467
f 3467 3466 3468
f 3467 3468 3458
f 3458 3468 3469
f 3458 3469 3454
f 3454 3469 3450
f 3470 3471 3472
f 3472 3471 3473
f 3472 3473 3474
f 3474 3473 3475
f 3474 3475 3476
f 3476 3475 3477
f 3476 3477 3478
f 3478 3477 3479
f 3478 3479 3480
f 3480 3479 3481
f 3480 3481 3482
f 3482 3481 3483
f 3482 3483 3459
f 3459 3483 3484
f 3459 3484 3460
f 3472 3485 3470
f 3470 3485 3486
f 3470 3486 3487
f 3487 3486 3488
f 3487 3488 3457
f 632 3455 3489
f 3489 3455 3457
f 3489 3457 3490
f 3490 3457 3488
f 2917 2915 3451
f 3481 3479 3491
f 3491 3479 3477
f 2908 2914 3492
f 3493 3494 3495
f 3495 3494 3496
f 3495 3496 3497
f 3497 3496 3498
f 3497 3498 3499
f 3499 3498 3500
f 3499 3500 3501
f 3501 3500 3502
f 3501 3502 3503
f 3503 3502 3504
f 2918 3505 2910
f 2910 3505 3506
f 3507 2913 3508
f 3508 2913 2912
f 3508 2912 3506
f 3506 2912 2911
f 3506 2911 2910
f 3509 3483 3481
f 3481 3491 3509
f 3509 3491 3492
f 3509 3492 3507
f 3507 3492 2914
f 3507 2914 2913
f 3469 3468 3505
f 3505 3468 3466
f 3505 3466 3506
f 3506 3466 3464
f 3506 3464 3508
f 3508 3464 3462
f 3508 3462 3507
f 3507 3462 3460
f 3507 3460 3509
f 3509 3460 3484
f 3509 3484 3483
f 3510 3511 3473
f 3473 3471 3510
f 3510 3471 3470
f 3510 3470 3512
f 3470 3487 3512
f 3512 3487 3457
f 3512 3457 3513
f 3513 3457 3456
f 3513 3456 3514
f 2908 3492 3515
f 3515 3492 3491
f 3515 3491 3516
f 3516 3491 3477
f 3516 3477 3511
f 3511 3477 3475
f 3511 3475 3473
f 2917 3451 2918
f 2906 3493 2905
f 2905 3493 3495
f 2905 3495 2903
f 2903 3495 3497
f 2903 3497 2902
f 2902 3497 3499
f 2902 3499 2900
f 2900 3499 3501
f 2900 3501 2898
f 2898 3501 3503
f 2918 3451 3505
f 3505 3451 3450
f 3505 3450 3469
f 2906 2908 3493
f 3493 2908 3515
f 3493 3515 3494
f 3494 3515 3516
f 3494 3516 3496
f 3496 3516 3511
f 3496 3511 3498
f 3498 3511 3510
f 3498 3510 3500
f 3500 3510 3512
f 3500 3512 3502
f 3502 3512 3513
f 3502 3513 3504
f 3504 3513 3514
f 3456 3517 3514
f 3514 3517 3518
f 3514 3518 3504
f 3504 3518 3519
f 3504 3519 3503
f 3503 3519 3520
f 3503 3520 2898
f 2898 3520 2897
f 3520 3521 2897
f 2897 3521 3522
f 2897 3522 2896
f 2896 3522 2894
f 3517 3523 3518
f 3518 3523 3524
f 3518 3524 3519
f 3519 3524 3525
f 3519 3525 3520
f 3520 3525 3526
f 3520 3526 3521
f 3523 3527 3524
f 3524 3527 3528
f 3524 3528 3525
f 2935 2894 3522
f 3525 3528 3526
f 3526 3528 3529
f 3526 3529 3521
f 3521 3529 3530
f 3521 3530 3522
f 3522 3530 2937
f 3522 2937 2935
f 2929 2928 3531
f 3531 2928 2933
f 2929 3531 2931
f 2931 3531 3532
f 2931 3532 2932
f 3533 2927 2926
f 3534 3535 3532
f 3532 3535 2953
f 3532 2953 2932
f 3536 3529 3537
f 3537 3529 3528
f 3537 3528 3538
f 3538 3528 3527
f 3539 3540 3541
f 3539 3541 3542
f 3540 3543 3541
f 3541 3543 3544
f 3541 3544 3534
f 3534 3544 3533
f 3534 3533 3535
f 3535 3533 2926
f 3535 2926 2953
f 3523 3545 3527
f 3527 3545 3542
f 3527 3542 3538
f 3538 3542 3541
f 3538 3541 3537
f 3537 3541 3534
f 3537 3534 3536
f 3536 3534 3532
f 3536 3532 3529
f 3529 3532 3531
f 3529 3531 3530
f 3530 3531 2933
f 3530 2933 2937
f 3546 2958 2927
f 3547 3548 3549
f 3546 2927 3550
f 3550 2927 3533
f 3550 3533 3549
f 3549 3533 3544
f 3549 3544 3547
f 3551 3552 3553
f 3554 3555 3556
f 3551 3553 3557
f 3556 3558 3554
f 3554 3558 3559
f 3554 3559 3560
f 3561 3562 3563
f 3564 3565 3566
f 3560 3559 3567
f 3567 3559 3568
f 3567 3568 3562
f 3562 3568 3564
f 3562 3564 3563
f 3563 3564 3566
f 3563 3566 3569
f 3546 3550 3570
f 3570 3550 3571
f 3570 3571 3572
f 3572 3571 3561
f 3573 3574 3575
f 3575 3574 3576
f 3577 3578 3579
f 3579 3578 3580
f 3579 3580 3573
f 3573 3580 3581
f 3573 3581 3574
f 3548 3582 3549
f 3549 3582 3583
f 3549 3583 3584
f 3584 3583 3585
f 3584 3585 3577
f 3577 3585 3586
f 3577 3586 3578
f 3576 3587 3575
f 3575 3587 3588
f 3575 3588 3553
f 3553 3588 3589
f 3553 3589 3557
f 3561 3563 3572
f 3572 3563 3569
f 3572 3569 3570
f 3570 3569 3590
f 3570 3590 3546
f 3546 3590 3591
f 3546 3591 2958
f 3556 3592 3558
f 3558 3592 3593
f 3558 3593 3559
f 3559 3593 3594
f 3559 3594 3568
f 3568 3594 3595
f 3568 3595 3564
f 3564 3595 3596
f 3564 3596 3565
f 3550 3549 3571
f 3571 3549 3584
f 3571 3584 3561
f 3561 3584 3577
f 3561 3577 3562
f 3562 3577 3579
f 3562 3579 3567
f 3567 3579 3573
f 3567 3573 3560
f 3560 3573 3575
f 3560 3575 3554
f 3554 3575 3553
f 3554 3553 3555
f 3555 3553 3552
f 3590 3597 3591
f 3591 3597 2959
f 3591 2959 2958
f 3569 3566 3598
f 3598 3599 3569
f 3569 3599 3600
f 3569 3600 3590
f 3590 3600 3601
f 3590 3601 3597
f 3565 3602 3566
f 3566 3602 3603
f 3566 3603 3598
f 3565 3596 3602
f 3602 3596 3595
f 3602 3595 3604
f 3604 3595 3594
f 3593 3592 3605
f 3605 3606 3593
f 3593 3606 3607
f 3593 3607 3594
f 3594 3607 3608
f 3594 3608 3604
f 3609 3610 3603
f 3611 3606 3612
f 3612 3606 3605
f 3612 3613 3611
f 3611 3613 3614
f 3611 3614 3615
f 3615 3614 3616
f 3615 3616 3617
f 3618 2959 3619
f 3619 2959 3597
f 3619 3597 3620
f 3621 3622 3609
f 3609 3622 3623
f 3609 3623 3610
f 3610 3623 3624
f 3597 3601 3620
f 3620 3601 3600
f 3620 3600 3625
f 3625 3600 3599
f 3625 3599 3598
f 3626 3618 3627
f 3627 3618 3619
f 3627 3619 3628
f 3628 3619 3620
f 3628 3620 3624
f 3624 3620 3625
f 3624 3625 3610
f 3610 3625 3598
f 3610 3598 3603
f 3629 3630 3631
f 3631 3630 3632
f 3631 3632 3633
f 3634 3629 3617
f 3617 3629 3631
f 3617 3631 3615
f 3615 3631 3633
f 3635 3636 3637
f 3637 3636 3638
f 3638 3636 3639
f 3639 3636 3640
f 3639 3640 3641
f 3642 3643 3640
f 3640 3643 3644
f 3640 3644 3641
f 3632 3645 3633
f 3633 3645 3646
f 3633 3646 3647
f 3647 3646 3648
f 3647 3648 3642
f 3642 3648 3649
f 3642 3649 3643
f 3603 3602 3609
f 3609 3602 3604
f 3609 3604 3621
f 3621 3604 3608
f 3621 3608 3607
f 3635 3626 3636
f 3636 3626 3627
f 3636 3627 3640
f 3640 3627 3628
f 3640 3628 3642
f 3642 3628 3624
f 3642 3624 3647
f 3647 3624 3623
f 3647 3623 3633
f 3633 3623 3622
f 3633 3622 3615
f 3615 3622 3621
f 3615 3621 3611
f 3611 3621 3607
f 3611 3607 3606
f 3650 3651 3652
f 3635 3650 3626
f 3626 3650 3652
f 3626 3652 3618
f 3618 3652 2960
f 3618 2960 2959
f 3653 3654 3655
f 3655 3654 3656
f 3657 3658 3656
f 3652 3651 3657
f 3657 3651 3659
f 3657 3659 3658
f 3001 2974 3660
f 3660 2974 2973
f 3660 2973 2960
f 3661 2972 2971
f 2971 2970 3661
f 3661 2970 2992
f 3661 2992 3662
f 3655 3663 3653
f 3653 3663 3664
f 3653 3664 3665
f 3666 3667 3668
f 3668 3667 3669
f 3668 3669 3670
f 3670 3669 3671
f 3662 2992 3670
f 3670 2992 3000
f 3670 3000 3668
f 3668 3000 3001
f 3668 3001 3666
f 3666 3001 3660
f 3666 3660 3667
f 3656 3654 3657
f 3657 3654 3672
f 3657 3672 3652
f 2960 3652 3660
f 3660 3652 3672
f 3660 3672 3667
f 3667 3672 3654
f 3667 3654 3669
f 3669 3654 3653
f 3669 3653 3671
f 3671 3653 3665
f 3671 3665 3670
f 3670 3665 3673
f 3670 3673 3662
f 3674 3020 3661
f 3661 3020 3019
f 3661 3019 2972
f 3663 3675 3664
f 3664 3675 3676
f 3664 3676 3665
f 3665 3676 3677
f 3665 3677 3673
f 3673 3677 3674
f 3673 3674 3662
f 3662 3674 3661
f 3675 3037 3676
f 3676 3037 3087
f 3676 3087 3677
f 3677 3087 3072
f 3677 3072 3674
f 3674 3072 3071
f 3674 3071 3020
f 3020 3071 3021
f 632 3678 3455
f 3455 3678 3679
f 3455 3679 3456
f 3456 3679 754
f 3456 754 3517
f 3680 3033 3032
f 3675 757 3037
f 3037 757 3681
f 3037 3681 3032
f 3032 3681 3682
f 3032 3682 3680
f 3683 3557 3589
f 3589 3684 3685
f 3683 3589 3686
f 3686 3589 3685
f 3686 3685 3687
f 3684 3589 3688
f 3688 3589 3588
f 3688 3588 3689
f 3689 3588 3587
f 3689 3587 3690
f 3587 3576 3690
f 3690 3576 3574
f 3690 3574 3691
f 3691 3574 3581
f 3691 3581 3692
f 3693 3694 3580
f 3580 3694 3695
f 3580 3695 3581
f 3581 3695 3696
f 3581 3696 3692
f 3693 3580 3697
f 3697 3580 3578
f 3697 3578 3698
f 3585 3699 3586
f 3586 3699 3700
f 3586 3700 3578
f 3578 3700 3701
f 3578 3701 3698
f 3583 3702 3585
f 3585 3702 3703
f 3585 3703 3699
f 3704 3705 3544
f 3544 3705 3706
f 3544 3706 3547
f 3547 3706 3707
f 3547 3707 3548
f 3548 3707 3708
f 3548 3708 3582
f 3582 3708 3709
f 3582 3709 3583
f 3583 3709 3710
f 3583 3710 3702
f 3544 3543 3704
f 3704 3543 3540
f 3704 3540 3711
f 3711 3540 3539
f 3539 3542 3711
f 3711 3542 3545
f 3711 3545 3712
f 3712 3545 3523
f 3712 3523 3713
f 3713 3523 3517
f 3713 3517 754
f 1958 1950 3714
f 3714 3715 1958
f 1958 3715 3716
f 1958 3716 1959
f 1959 3716 3717
f 1959 3717 1957
f 1865 1957 3684
f 3684 1957 3717
f 3684 3717 3685
f 3685 3717 3716
f 3685 3716 3687
f 3687 3716 3715
f 3687 3715 3686
f 3686 3715 3714
f 3686 3714 3683
f 1851 1850 3718
f 1865 3684 1866
f 1866 3684 3688
f 3688 3689 1866
f 1866 3689 3690
f 1866 3690 1937
f 3692 1929 3691
f 3691 1929 1934
f 3691 1934 3690
f 3690 1934 1936
f 3690 1936 1937
f 3692 3696 1929
f 1929 3696 3695
f 1929 3695 1930
f 1930 3695 3694
f 1930 3694 1931
f 1931 3694 3693
f 1931 3693 1923
f 1923 3693 3697
f 3697 3698 1923
f 1923 3698 3701
f 1923 3701 1925
f 1925 3701 3700
f 1925 3700 1927
f 1927 3700 3699
f 1927 3699 1928
f 3699 3703 1928
f 1928 3703 3702
f 1928 3702 1918
f 1918 3702 3710
f 1918 3710 1919
f 1919 3710 3709
f 1919 3709 1920
f 1920 3709 1921
f 1921 3709 3708
f 1921 3708 1850
f 3719 1914 3718
f 3718 1914 1913
f 3718 1913 1851
f 1911 1947 3720
f 3720 1947 1855
f 3720 1855 3721
f 3721 1855 1854
f 3721 1854 3719
f 3719 1854 1915
f 3719 1915 1914
f 1909 3712 3713
f 3713 754 1909
f 1909 754 3722
f 1909 3722 1907
f 3708 3707 1850
f 1850 3707 3706
f 1850 3706 3718
f 3718 3706 3705
f 3718 3705 3719
f 3719 3705 3704
f 3719 3704 3721
f 3721 3704 3711
f 3721 3711 3720
f 3720 3711 3712
f 3720 3712 1911
f 1911 3712 1909
f 3488 3486 3723
f 3467 3458 3724
f 3725 3726 3727
f 3726 3725 3728
f 3725 1906 3679
f 3679 1906 1905
f 3679 1905 1908
f 1908 1907 3679
f 3679 1907 3722
f 3679 3722 754
f 3729 3730 3320
f 3320 3730 3316
f 3316 3730 3731
f 3316 3731 3727
f 3327 3732 3328
f 3328 3732 3733
f 3328 3733 3322
f 3320 3319 3729
f 3729 3319 3323
f 3729 3323 3734
f 3734 3323 3322
f 3734 3322 3735
f 3735 3322 3733
f 3333 3736 3737
f 3333 3737 3325
f 3737 3738 3325
f 3325 3738 3739
f 3325 3739 3327
f 3327 3739 3740
f 3327 3740 3732
f 3330 3741 3742
f 3330 3742 3332
f 3332 3742 3743
f 3332 3743 3333
f 3333 3743 3744
f 3333 3744 3736
f 3741 3330 3745
f 3745 3330 3329
f 3745 3329 3746
f 3746 3329 3334
f 3746 3334 3747
f 3338 3748 3749
f 3338 3749 3336
f 3336 3749 3750
f 3336 3750 3334
f 3334 3750 3751
f 3334 3751 3747
f 3748 3338 3752
f 3752 3338 3342
f 3752 3342 3753
f 3260 3754 3340
f 3340 3754 3341
f 3753 3342 3755
f 3755 3342 3341
f 3755 3341 3756
f 3756 3341 3754
f 3756 3754 3757
f 3727 3726 3316
f 3316 3726 3728
f 3316 3728 3317
f 3317 3728 3758
f 3317 3758 3311
f 3311 3758 3313
f 3313 3758 3759
f 3313 3759 3314
f 3760 3277 3723
f 3723 3277 3309
f 3723 3309 3759
f 3759 3309 3308
f 3759 3308 3314
f 3761 3724 635
f 635 3302 3761
f 3761 3302 3306
f 3761 3306 3762
f 3762 3306 3305
f 3762 3305 3760
f 3760 3305 3304
f 3760 3304 3277
f 3458 3453 3724
f 3724 3453 3452
f 3724 3452 635
f 3461 3463 3724
f 3724 3463 3465
f 3724 3465 3467
f 3461 3724 3459
f 3459 3724 3761
f 3459 3761 3482
f 3472 3474 3760
f 3760 3474 3476
f 3760 3476 3762
f 3762 3476 3478
f 3762 3478 3761
f 3761 3478 3480
f 3761 3480 3482
f 3723 3486 3760
f 3760 3486 3485
f 3760 3485 3472
f 3725 3679 3728
f 3728 3679 3678
f 3728 3678 3758
f 3758 3678 632
f 3758 632 3759
f 3759 632 3489
f 3759 3489 3723
f 3723 3489 3490
f 3723 3490 3488
f 3763 3764 3765
f 3766 3767 3768
f 3733 3769 3770
f 3771 3732 3740
f 3772 3773 3774
f 3775 1868 3774
f 3775 3776 1868
f 1868 3776 3777
f 1868 3777 1869
f 3773 3772 3778
f 3778 3772 3779
f 3778 3779 3780
f 3781 3782 3766
f 3783 3784 3781
f 3784 3783 3785
f 3786 3787 3788
f 3786 3788 3757
f 3748 3752 3789
f 3789 3752 3753
f 3789 3753 3787
f 3787 3753 3755
f 3787 3755 3788
f 3788 3755 3756
f 3788 3756 3757
f 3789 3790 3748
f 3748 3790 3791
f 3748 3791 3749
f 3792 3747 3751
f 3792 3751 3791
f 3791 3751 3750
f 3791 3750 3749
f 3742 3741 3793
f 3793 3741 3745
f 3793 3745 3746
f 3744 3743 3794
f 3794 3743 3795
f 3794 3795 3796
f 3744 3794 3736
f 3736 3794 3796
f 3736 3796 3737
f 3797 3735 3733
f 3735 3797 3734
f 3734 3797 3798
f 3734 3798 3729
f 3729 3798 3799
f 3729 3799 3730
f 1901 1903 3800
f 3800 1903 1904
f 3800 1904 3801
f 3802 1856 1897
f 1856 3802 1857
f 1857 3802 3770
f 1857 3770 1894
f 3803 1893 3804
f 3804 1893 1896
f 3804 1896 3805
f 3805 1896 1895
f 3805 1895 1894
f 3806 1859 1889
f 1885 1883 3807
f 3807 1883 1882
f 3807 1882 3808
f 3808 1882 1888
f 3808 1888 3806
f 3806 1888 1860
f 3806 1860 1859
f 1878 1880 3809
f 3809 1880 1887
f 3809 1887 3810
f 3810 1887 1886
f 3810 1886 1885
f 3811 1862 1878
f 1862 3811 1863
f 1863 3811 3779
f 1863 3779 1876
f 3774 1868 3772
f 3772 1868 1872
f 3772 1872 3779
f 3779 1872 1877
f 3779 1877 1876
f 3743 3742 3795
f 3795 3742 3793
f 3795 3793 3812
f 3812 3793 3746
f 3812 3746 3813
f 3814 3806 3815
f 3815 3806 1889
f 3815 1889 3803
f 3803 1889 1891
f 3803 1891 1893
f 3814 3816 3806
f 3806 3816 3817
f 3806 3817 3808
f 3808 3817 3818
f 3808 3818 3807
f 3807 3818 3819
f 3819 3785 3768
f 3768 3785 3783
f 3768 3783 3766
f 3766 3783 3781
f 1885 3807 3810
f 3810 3807 3819
f 3810 3819 3809
f 3809 3819 3768
f 3809 3768 1878
f 1878 3768 3767
f 1878 3767 3811
f 3811 3767 3766
f 3811 3766 3779
f 3779 3766 3782
f 3779 3782 3780
f 3814 3792 3816
f 3816 3792 3791
f 3816 3791 3817
f 3817 3791 3790
f 3817 3790 3818
f 3818 3790 3789
f 3818 3789 3819
f 3819 3789 3787
f 3819 3787 3785
f 3785 3787 3786
f 3785 3786 3784
f 3733 3770 3797
f 3797 3770 3802
f 3797 3802 3798
f 3798 3802 1897
f 3798 1897 3799
f 3799 1897 1899
f 3799 1899 3730
f 3730 1899 1901
f 3730 1901 3731
f 3731 1901 3800
f 3731 3800 3727
f 3727 3800 3801
f 3727 3801 3725
f 3725 3801 1904
f 3725 1904 1906
f 3739 3764 3740
f 3740 3764 3763
f 3740 3763 3771
f 3771 3763 3769
f 3771 3769 3732
f 3732 3769 3733
f 1894 3770 3805
f 3805 3770 3769
f 3805 3769 3804
f 3804 3769 3763
f 3804 3763 3803
f 3803 3763 3765
f 3803 3765 3815
f 3815 3765 3820
f 3815 3820 3814
f 3739 3738 3764
f 3764 3738 3737
f 3764 3737 3765
f 3765 3737 3796
f 3765 3796 3820
f 3820 3796 3795
f 3820 3795 3814
f 3814 3795 3812
f 3814 3812 3792
f 3792 3812 3813
f 3792 3813 3747
f 3747 3813 3746
f 3821 3822 3823
f 3823 3824 3821
f 3821 3824 3825
f 3821 3825 3826
f 3826 3825 3827
f 3826 3827 3828
f 3828 3827 3777
f 3828 3777 3776
f 3823 1952 3824
f 3824 1952 1951
f 3824 1951 3825
f 3825 1951 1954
f 3825 1954 3827
f 3827 1954 1956
f 3827 1956 3777
f 3777 1956 1869
f 3829 3830 3831
f 3831 3832 3829
f 3829 3832 3833
f 3829 3833 3834
f 3834 3833 3835
f 3834 3835 3836
f 3836 3835 3837
f 3836 3837 3838
f 3831 3822 3832
f 3832 3822 3821
f 3832 3821 3833
f 3833 3821 3826
f 3833 3826 3835
f 3835 3826 3828
f 3835 3828 3837
f 3837 3828 3776
f 3839 3840 3841
f 3842 3843 3844
f 3845 3846 3847
f 3848 3849 3850
f 3851 3852 3853
f 3854 3855 3856
f 3857 3858 3859
f 3859 3858 3860
f 3837 3776 3775
f 3861 3838 3837
f 3837 3775 3861
f 3861 3775 3774
f 3861 3774 3862
f 3863 3864 3862
f 3862 3864 3865
f 3862 3865 3861
f 3866 3857 3867
f 3867 3857 3859
f 3867 3859 3863
f 3863 3859 3860
f 3863 3860 3864
f 3868 3869 3870
f 3870 3869 3871
f 3870 3871 3872
f 3872 3871 3866
f 3872 3866 3873
f 3873 3866 3867
f 3874 3875 3876
f 3876 3875 3877
f 3877 3878 3876
f 3876 3878 3879
f 3876 3879 3870
f 3870 3879 3880
f 3870 3880 3868
f 3881 3882 3883
f 3883 3882 3884
f 3883 3884 3874
f 3874 3884 3885
f 3874 3885 3875
f 3886 3887 3888
f 3888 3887 3889
f 3888 3889 3890
f 3891 3892 3893
f 3893 3890 3891
f 3891 3890 3889
f 3891 3889 3894
f 3894 3889 3887
f 3894 3887 3895
f 3895 3887 3886
f 3895 3886 3896
f 3896 3886 3897
f 3896 3897 3898
f 3898 3897 3899
f 3898 3899 3900
f 3900 3851 3898
f 3898 3851 3853
f 3898 3853 3896
f 3896 3853 3901
f 3848 3902 3903
f 3903 3902 3847
f 3903 3847 3904
f 3904 3847 3846
f 3905 3906 3907
f 3907 3906 3908
f 3907 3908 3909
f 3910 3911 3912
f 3913 3914 3915
f 3915 3914 3916
f 3915 3916 3917
f 3918 3919 3917
f 3917 3919 3920
f 3917 3920 3915
f 3757 3844 3786
f 3786 3844 3843
f 3786 3843 3921
f 3921 3843 3842
f 3921 3842 3918
f 3918 3842 3922
f 3918 3922 3919
f 3782 3781 3923
f 3923 3781 3924
f 3924 3781 3784
f 3924 3784 3925
f 3780 3863 3778
f 3778 3863 3862
f 3778 3862 3773
f 3773 3862 3774
f 3840 3926 3841
f 3841 3926 3927
f 3841 3927 3928
f 3929 3839 3911
f 3911 3839 3930
f 3911 3930 3912
f 3912 3930 3914
f 3912 3914 3910
f 3910 3914 3913
f 3780 3782 3863
f 3863 3782 3923
f 3863 3923 3867
f 3867 3923 3924
f 3867 3924 3873
f 3873 3924 3925
f 3873 3925 3872
f 3872 3925 3931
f 3872 3931 3870
f 3870 3931 3932
f 3870 3932 3876
f 3876 3932 3933
f 3876 3933 3874
f 3874 3933 3928
f 3874 3928 3883
f 3883 3928 3927
f 3883 3927 3881
f 3881 3927 3934
f 3839 3841 3930
f 3930 3841 3928
f 3930 3928 3914
f 3914 3928 3933
f 3914 3933 3916
f 3916 3933 3932
f 3916 3932 3917
f 3917 3932 3931
f 3917 3931 3918
f 3918 3931 3925
f 3918 3925 3921
f 3921 3925 3784
f 3921 3784 3786
f 3935 3901 3936
f 3936 3901 3853
f 3936 3853 3937
f 3937 3853 3852
f 3937 3852 3938
f 3938 3852 3851
f 3939 3850 3937
f 3937 3850 3849
f 3937 3849 3936
f 3936 3849 3940
f 3936 3940 3935
f 3902 3941 3847
f 3847 3941 3942
f 3847 3942 3845
f 3845 3942 3909
f 3845 3909 3943
f 3943 3909 3908
f 3848 3850 3902
f 3902 3850 3939
f 3902 3939 3941
f 3941 3939 3944
f 3941 3944 3942
f 3929 3945 3839
f 3839 3945 3905
f 3839 3905 3840
f 3840 3905 3907
f 3840 3907 3926
f 3926 3907 3909
f 3926 3909 3927
f 3927 3909 3942
f 3927 3942 3934
f 3934 3942 3944
f 3934 3944 3854
f 3854 3944 3939
f 3854 3939 3855
f 3855 3939 3937
f 3855 3937 3856
f 3856 3937 3938
f 3879 3878 3946
f 3856 3938 3947
f 3948 3949 3838
f 3950 3951 3952
f 3952 3951 3953
f 3952 3953 3954
f 3955 3956 3950
f 3950 3956 3957
f 3950 3957 3951
f 3950 3958 3955
f 3955 3958 3959
f 3955 3959 3960
f 3960 3959 3961
f 3961 3959 3962
f 3961 3962 3963
f 3963 3962 3964
f 3963 3964 3965
f 3965 3964 3966
f 3965 3966 3967
f 3968 3969 3966
f 3966 3969 3970
f 3966 3970 3967
f 3971 3972 3968
f 3968 3972 3973
f 3968 3973 3969
f 3974 3975 3976
f 3976 3975 3977
f 3976 3977 3971
f 3971 3977 3978
f 3971 3978 3972
f 3974 3976 3979
f 3979 3976 3980
f 3979 3980 3981
f 3981 3980 3982
f 3982 3980 3983
f 3982 3983 3984
f 3984 3983 3985
f 3985 3983 3986
f 3985 3986 3987
f 3988 3989 3987
f 3990 3991 3989
f 3989 3988 3990
f 3990 3988 3992
f 3990 3992 3892
f 3888 3890 3992
f 3992 3890 3893
f 3992 3893 3892
f 3993 3897 3886
f 3994 3900 3899
f 3947 3938 3994
f 3994 3938 3851
f 3994 3851 3900
f 3856 3947 3854
f 3854 3947 3995
f 3854 3995 3934
f 3934 3995 3996
f 3934 3996 3881
f 3881 3996 3882
f 3882 3996 3997
f 3882 3997 3884
f 3878 3877 3946
f 3946 3877 3875
f 3946 3875 3997
f 3997 3875 3885
f 3997 3885 3884
f 3879 3946 3880
f 3880 3946 3998
f 3880 3998 3868
f 3999 3871 3998
f 3998 3871 3869
f 3998 3869 3868
f 3860 3858 4000
f 4000 3858 3857
f 4000 3857 3999
f 3999 3857 3866
f 3999 3866 3871
f 3838 3861 3948
f 3948 3861 3865
f 3948 3865 4001
f 4001 3865 3864
f 4001 3864 4002
f 4002 3864 4003
f 3987 3986 3988
f 3988 3986 3993
f 3988 3993 3992
f 3992 3993 3886
f 3992 3886 3888
f 3994 4004 3947
f 3947 4004 4005
f 3947 4005 3995
f 3995 4005 4006
f 3995 4006 3996
f 3996 4006 4007
f 3996 4007 3997
f 3997 4007 4008
f 3997 4008 3946
f 3946 4008 4009
f 3946 4009 3998
f 3998 4009 4010
f 3998 4010 3999
f 3999 4010 4011
f 3999 4011 4000
f 4000 4011 4003
f 4000 4003 3860
f 3860 4003 3864
f 3954 3949 3952
f 3952 3949 3948
f 3952 3948 3950
f 3950 3948 4001
f 3950 4001 3958
f 3958 4001 4002
f 3958 4002 3959
f 3959 4002 4003
f 3959 4003 3962
f 3962 4003 4011
f 3962 4011 3964
f 3964 4011 4010
f 3964 4010 3966
f 3966 4010 4009
f 3966 4009 3968
f 3968 4009 4008
f 3968 4008 3971
f 3971 4008 4007
f 3971 4007 3976
f 3976 4007 4006
f 3976 4006 3980
f 3980 4006 4005
f 3980 4005 3983
f 3983 4005 4004
f 3983 4004 3986
f 3986 4004 3994
f 3986 3994 3993
f 3993 3994 3899
f 3993 3899 3897
f 4012 4013 4014
f 4014 4015 4012
f 4012 4015 4016
f 4012 4016 4017
f 4017 4016 4018
f 4017 4018 4019
f 4019 4018 3949
f 4019 3949 3954
f 4014 3830 4015
f 4015 3830 3829
f 4015 3829 4016
f 4016 3829 3834
f 4016 3834 4018
f 4018 3834 3836
f 4018 3836 3949
f 3949 3836 3838
f 3592 3556 4020
f 4020 3556 3555
f 4020 3555 3552
f 3552 3551 4020
f 4020 3551 3557
f 4020 3557 3683
f 1949 3592 1950
f 1950 3592 4020
f 1950 4020 3714
f 3714 4020 3683
f 3831 3830 3605
f 1949 1952 3592
f 3592 1952 3823
f 3592 3823 3605
f 3605 3823 3822
f 3605 3822 3831
f 3830 4014 3605
f 3605 4014 4013
f 3605 4013 4021
f 4021 4022 3634
f 3634 3617 4021
f 4021 3617 3616
f 4021 3616 3614
f 3614 3613 4021
f 4021 3613 3612
f 4021 3612 3605
f 3629 3634 4022
f 3629 4022 3630
f 4023 4024 4025
f 4025 4024 3630
f 4025 3630 4026
f 4026 3630 4022
f 4024 4027 3630
f 3630 4027 4028
f 3630 4028 3632
f 3632 4028 3645
f 3645 4028 4029
f 3645 4029 3646
f 4029 4030 3646
f 3646 4030 4031
f 3646 4031 3648
f 4031 4032 3648
f 3648 4032 4033
f 3648 4033 3649
f 3649 4033 3643
f 3643 4033 4034
f 3643 4034 3644
f 4034 4035 3644
f 3644 4035 4036
f 3644 4036 3641
f 3641 4036 4037
f 3641 4037 3639
f 3639 4037 4038
f 3639 4038 3638
f 3638 4038 4039
f 4039 4040 3638
f 3638 4040 4041
f 3638 4041 3637
f 4041 4042 3637
f 3637 4042 4043
f 3637 4043 3635
f 3635 4043 4044
f 3635 4044 3650
f 4044 4045 3650
f 3650 4045 4046
f 3650 4046 3651
f 3651 4046 4047
f 3651 4047 3659
f 3659 4047 4048
f 3659 4048 3658
f 4048 4049 3658
f 3658 4049 4050
f 3658 4050 3656
f 3656 4050 3655
f 3655 4050 4051
f 3655 4051 3663
f 4051 4052 3663
f 3663 4052 757
f 3663 757 3675
f 4022 4021 4053
f 4022 4053 4026
f 4026 4053 4054
f 4026 4054 4025
f 4025 4054 4055
f 4025 4055 4023
f 4019 3954 4056
f 4024 4023 4056
f 4056 4023 4055
f 4056 4055 4019
f 4019 4055 4054
f 4019 4054 4017
f 4017 4054 4053
f 4017 4053 4012
f 4012 4053 4021
f 4012 4021 4013
f 3981 3982 4057
f 4043 4042 3972
f 3953 4028 4027
f 3954 3953 4056
f 4056 3953 4027
f 4056 4027 4024
f 3953 3951 4028
f 4028 3951 3957
f 4028 3957 4029
f 4029 3957 3956
f 4029 3956 4030
f 4030 3956 3955
f 4030 3955 4031
f 4031 3955 3960
f 4031 3960 4032
f 4032 3960 3961
f 4032 3961 4033
f 4033 3961 3963
f 4033 3963 4034
f 4034 3963 3965
f 4034 3965 4035
f 3967 4037 3965
f 3965 4037 4036
f 3965 4036 4035
f 3972 4042 3973
f 3973 4042 4041
f 3973 4041 3969
f 3969 4041 4040
f 3969 4040 3970
f 3970 4040 4039
f 3970 4039 3967
f 3967 4039 4038
f 3967 4038 4037
f 3979 4058 3974
f 3974 4058 4045
f 3974 4045 3975
f 3975 4045 4044
f 3975 4044 3977
f 3977 4044 4043
f 3977 4043 3978
f 3978 4043 3972
f 4048 4047 4058
f 4058 4047 4046
f 4058 4046 4045
f 757 4052 4059
f 4059 4052 3989
f 4059 3989 3991
f 4052 4051 3989
f 3989 4051 4060
f 3989 4060 3987
f 3987 4060 4061
f 3987 4061 3985
f 4057 3982 4061
f 4061 3982 3984
f 4061 3984 3985
f 3979 3981 4058
f 4058 3981 4057
f 4058 4057 4048
f 4048 4057 4061
f 4048 4061 4049
f 4049 4061 4060
f 4049 4060 4050
f 4050 4060 4051
f 757 4059 3681
f 3681 4059 3991
f 3681 3991 3990
f 3990 3892 3681
f 3681 3892 3891
f 3681 3891 3682
f 3038 3034 4062
f 4062 3034 3033
f 4062 3033 4063
f 3038 4062 3029
f 3029 4062 4064
f 3029 4064 3030
f 3030 4064 3039
f 3039 4064 4065
f 3039 4065 3042
f 3042 4065 3043
f 3043 4065 4066
f 3043 4066 3045
f 3045 4066 4067
f 3045 4067 3047
f 4068 3051 4067
f 4067 3051 3049
f 4067 3049 3047
f 3061 4068 3063
f 3063 4068 3065
f 3061 3059 4068
f 4068 3059 3028
f 4068 3028 3051
f 4068 704 3097
f 3097 3057 4068
f 4068 3057 3066
f 4068 3066 3065
f 704 4068 3177
f 3177 4068 4067
f 3177 4067 3176
f 3176 4067 3175
f 3175 4067 4066
f 3175 4066 3166
f 3166 4066 4065
f 3166 4065 3167
f 3167 4065 3169
f 3169 4065 4064
f 3169 4064 3171
f 3171 4064 4062
f 3171 4062 3173
f 3173 4062 3174
f 3174 4062 4063
f 3174 4063 3165
f 3165 4063 4069
f 3165 4069 3158
f 3158 4069 4070
f 3158 4070 3159
f 3033 3680 4063
f 4063 3680 3682
f 4063 3682 4069
f 4069 3682 3891
f 4069 3891 4070
f 4070 3891 3894
f 4070 3894 3159
f 3159 3894 3895
f 3159 3895 3161
f 3161 3895 3896
f 3161 3896 3162
f 3162 3896 3901
f 3162 3901 3154
f 3154 3901 3935
f 3154 3935 3155
f 3935 3940 3155
f 3155 3940 3849
f 3155 3849 3156
f 3156 3849 3848
f 3156 3848 3157
f 3157 3848 3903
f 3157 3903 3151
f 3903 3904 3151
f 3151 3904 3846
f 3151 3846 3149
f 3149 3846 3845
f 3149 3845 3147
f 3845 3943 3147
f 3147 3943 3908
f 3147 3908 3140
f 3140 3908 3906
f 3140 3906 3141
f 3911 3145 3929
f 3929 3145 3143
f 3929 3143 3945
f 3945 3143 3141
f 3945 3141 3905
f 3905 3141 3906
f 3911 3910 3145
f 3145 3910 3913
f 3145 3913 3146
f 3146 3913 3915
f 3146 3915 3133
f 3133 3915 3920
f 3133 3920 3134
f 3134 3920 3919
f 3134 3919 3136
f 3136 3919 3922
f 3136 3922 3138
f 3844 3757 3754
f 3844 3754 3842
f 3922 3842 3138
f 3138 3842 3754
f 3138 3754 3139
f 3139 3754 3260
f 2389 2388 2055
f 2081 2392 2079
f 2079 2392 2391
f 2079 2391 2077
f 1983 2018 2277
f 2277 2018 2019
f 2277 2019 2295
f 3208 2302 3201
f 3201 2302 2389
f 2299 1985 1984
f 2302 3348 3347
f 2081 2071 2392
f 2392 2071 2069
f 2392 2069 2386
f 2386 2069 2083
f 2386 2083 2038
f 2019 2022 2295
f 2295 2022 2024
f 2295 2024 2297
f 2297 2024 2700
f 2297 2700 2298
f 1983 2277 1981
f 1981 2277 2276
f 1981 2276 2013
f 2882 2881 2301
f 2301 2881 2008
f 2301 2008 2007
f 3347 3356 2302
f 2302 3356 3354
f 2302 3354 3352
f 2055 2840 2389
f 2389 2840 2839
f 2389 2839 3194
f 2388 2087 2086
f 2058 2057 2388
f 2388 2057 2056
f 2388 2056 2055
f 1984 2036 2299
f 2299 2036 2035
f 2299 2035 2276
f 2276 2035 2034
f 2276 2034 2013
f 3352 3350 2302
f 2302 3350 3349
f 2302 3349 2301
f 2301 3349 3359
f 2301 3359 2882
f 2007 2005 2301
f 2301 2005 2003
f 2301 2003 2002
f 2002 2010 2301
f 2301 2010 2009
f 2301 2009 2299
f 2299 2009 1987
f 2299 1987 1985
f 3194 3193 2389
f 2389 3193 3192
f 2389 3192 3198
f 3198 3196 2389
f 2389 3196 3195
f 2389 3195 3201
f 2038 2037 2386
f 2386 2037 2085
f 2386 2085 2388
f 2388 2085 2089
f 2388 2089 2087
f 2086 2091 2388
f 2388 2091 2060
f 2388 2060 2058
f 2137 2143 2394
f 2394 2143 2142
f 2394 2142 2396
f 2396 2142 2141
f 2396 2141 2390
f 2390 2141 2073
f 2390 2073 2391
f 2391 2073 2075
f 2391 2075 2077
f 3208 3207 2302
f 2302 3207 3206
f 2302 3206 3205
f 3205 3343 2302
f 2302 3343 3345
f 2302 3345 3348
f 2696 2292 2694
f 2694 2292 2298
f 2694 2298 2695
f 2695 2298 2700
f 2394 2393 2137
f 2137 2393 2401
f 2137 2401 2138
f 2138 2401 2400
f 2138 2400 2139
f 2139 2400 2398
f 2139 2398 2140
f 2140 2398 2403
f 2140 2403 2094
f 2094 2403 2286
f 2094 2286 2697
f 2697 2286 2284
f 2697 2284 2698
f 2698 2284 2289
f 2698 2289 2699
f 2699 2289 2288
f 2699 2288 2696
f 2696 2288 2290
f 2696 2290 2292
