# Converted from right_ring_distal_link.STL for Drake collision support
v -0.00165147183 0.00410000002 -0.00557153719
v -0.00129156199 0.00410000002 -0.00565066654
v -0.00142191525 0.00404055184 -0.00622093119
v -0.00150142971 0.00382324122 -0.00656879973
v -0.00155177328 0.00342023419 -0.006789112
v -0.00250708032 0.00373681798 -0.00636125356
v -0.00221575401 0.00341788889 -0.0066200844
v -0.00214720774 0.00409999955 -0.00542085012
v -0.00227366784 0.00408895081 -0.00574733038
v -0.00317205302 0.00408908026 -0.00534473034
v -0.00301108975 0.00410000002 -0.00503594242
v -0.00399929006 0.00408904906 -0.00480997935
v -0.00378033682 0.00410000002 -0.00454026414
v -0.0042094579 0.00410000002 -0.00418495713
v -0.0047375611 0.00408886001 -0.00415782304
v -0.00447887462 0.00410000002 -0.00392566016
v -0.00537085626 0.00408851914 -0.00340369088
v -0.00517354347 0.00410000002 -0.00307876663
v -0.00588202477 0.00408806 -0.00256288075
v -0.0055630249 0.00410000002 -0.00241997303
v -0.00579126412 0.00410000002 -0.00190509798
v -0.0062510455 0.00408756547 -0.00165200874
v -0.00591194443 0.00410000002 -0.00155766658
v -0.00657889945 0.0040666787 -0.000708895095
v -0.00611011498 0.00410000002 -0.000648973742
v -0.00423105666 0.00398309203 -0.00510123512
v -0.0051238481 0.00387199153 -0.00451605348
v -0.00501134247 0.00398161542 -0.00440868596
v -0.00580530707 0.00386819732 -0.00369523419
v -0.00567956036 0.00397911621 -0.00360797113
v -0.00635220576 0.00386344129 -0.00278092129
v -0.00621693768 0.00397586916 -0.00271583046
v -0.00674531795 0.003858621 -0.00179357431
v -0.00660395576 0.00397247914 -0.00175166654
v -0.00700527523 0.00381324696 -0.00076341338
v -0.00682953978 0.00396695593 -0.000740938587
v -0.00589602068 0.00372714084 -0.00376137206
v -0.00606271252 0.00339724426 -0.00374970096
v -0.00644882489 0.00372160925 -0.00283031911
v -0.00643733237 0.00339377741 -0.00312535767
v -0.00684559066 0.00371628068 -0.0018252146
v -0.00711586978 0.00361200888 -0.000777578622
v -0.00718209753 0.00338636292 -0.000786065648
v -0.00701158587 0.00338803628 -0.00166439789
v -0.00672972156 0.00339089357 -0.00250292267
v -0.00655579427 0.00339262467 -0.00289210514
v -0.00436976552 0.00340903457 -0.0055241487
v -0.00516384933 0.00340429042 -0.00483895326
v -0.00439841347 0.00373506383 -0.00532061514
v -0.00520604849 0.00373182609 -0.00459737331
v -0.00256203278 0.00341666676 -0.00650350098
v -0.00302942097 0.00341493892 -0.00631307345
v -0.00349205965 0.00373669877 -0.005914093
v -0.0035643687 0.00341280224 -0.00604467234
v -0.0040810192 0.00341048278 -0.0057284194
v -0.00530189788 0.00340333069 -0.00469762273
v -0.00553600769 0.00340160239 -0.00443928223
v -0.00563937752 0.00340079796 -0.0043168799
v -0.00145389559 0.00398140959 -0.00636083353
v -0.00240730611 0.00398281356 -0.00609693071
v -0.00335661392 0.0039834911 -0.00566925528
v -0.00716976402 0.00338665978 0.000962091435
v -0.00703676557 0.00338753243 0.00165957259
v -0.00697347475 0.00360539975 0.00164662884
v -0.00715577463 0.00360859185 0.000447741593
v -0.00722078187 0.00338615873 0.000450721273
v -0.00641756086 0.00406688964 0.00153701217
v -0.00595190329 0.00409999955 0.00144703873
v -0.00599652017 0.00410000002 0.00124057254
v -0.0068620923 0.00380691816 0.00162437127
v -0.00704293652 0.00381102669 0.000443227153
v -0.00667896075 0.00396439433 0.0015882001
v -0.00685910508 0.00396734476 0.00043631703
v -0.00659659598 0.00406809198 0.000426949409
v -0.00605748547 0.00410000049 0.000908179034
v -0.00721185887 0.00338610797 -0.0004969156
v -0.00714356592 0.00360957091 -0.000492038555
v -0.00703196879 0.00381050888 -0.000482378644
v -0.00685530482 0.00396510679 -0.000466954632
v -0.00660282606 0.00406644121 -0.000443340425
v -0.00722985249 0.00338599388 -0.00018004165
v -0.00716140121 0.00360837788 -0.000178279413
v -0.00704898639 0.00380936521 -0.000173482724
v -0.00687037874 0.0039647189 -0.000165579186
v -0.00661482476 0.00406672526 -0.000152156106
v -0.00612091087 0.00410000002 0.00040529744
v -0.00496385712 0.00411169976 0.00424471404
v -0.0049666781 0.00411249278 0.00424702279
v -0.00450950582 0.0041224272 0.00470483257
v -0.00509237172 0.004192736 0.00434886152
v -0.00509362156 0.0041941274 0.00434987992
v -0.00459621567 0.00424688775 0.00482102204
v -0.000300788379 0.00412577903 0.00590524217
v -0.000297696941 0.00412111916 0.00585207902
v -0.00150593719 0.00412091333 0.0057260734
v -0.000306411501 0.00413883477 0.00602409197
v -0.00156849972 0.00417981949 0.00610619364
v -0.00032043815 0.00419616653 0.0062991092
v -0.0015786282 0.00421532616 0.00620009052
v -0.000324674998 0.00423044572 0.00638247142
v -0.00158697844 0.00427967403 0.00629023323
v -0.000330333249 0.00430961372 0.00649371557
v -0.00159220991 0.00437719887 0.00635664351
v -0.000332362804 0.0043569468 0.00653353147
v -0.000334688084 0.00443781959 0.00657918584
v -0.00159407803 0.00448819203 0.00639415113
v -0.000337205012 0.00459943386 0.00662870938
v -0.00160109799 0.00494816853 0.00644782512
v -0.000339089485 0.00490533514 0.00666575553
v -0.00347945793 0.00471632322 0.00571834715
v -0.00297020352 0.00521952379 0.00610014191
v -0.00286429725 0.00482280646 0.00602476951
v -0.00189244747 0.00537998928 0.00642619468
v -0.00408219313 0.00459017977 0.00534436712
v -0.00359515566 0.00506377639 0.00581495604
v -0.0031473313 0.00517997798 0.00602764264
v -0.0047817044 0.00466772215 0.00501162652
v -0.00441193534 0.00480125705 0.00530286971
v -0.00419329526 0.0048767291 0.00545698218
v -0.00466656964 0.00445693219 0.00490495516
v -0.00514253555 0.00425806921 0.00438989233
v -0.00530458754 0.00447076559 0.00452773552
v -0.00506647676 0.00416696351 0.00432783691
v -0.00457898248 0.0042048227 0.00479817158
v -0.00403379276 0.00430785073 0.00526143238
v -0.00477460446 0.00409614202 0.00408829702
v -0.00284202211 0.00442117127 0.00595463812
v -0.00344619877 0.00436831359 0.00564016821
v -0.00280898996 0.00416246383 0.00573355425
v -0.00282202382 0.00419364404 0.00580367213
v -0.00283208117 0.00424781162 0.00587174948
v -0.00502521358 0.00413710531 0.00429454725
v -0.00455942284 0.00416923361 0.00477133272
v -0.00397634692 0.00413575815 0.00511868158
v -0.00401153788 0.00419758959 0.00520350831
v -0.00340532279 0.00414991379 0.00546042435
v -0.00343227014 0.00422482379 0.00557045592
v -0.00283861533 0.00432863133 0.00592335407
v -0.00222458411 0.00446155807 0.00620522723
v -0.00223832089 0.0049010478 0.00626596482
v -0.00167182332 0.00539678615 0.00647370936
v -0.000340101542 0.00539847044 0.00668566395
v -0.00198000576 0.00411901297 0.00563597307
v -0.00272051035 0.00411353353 0.00543394592
v -0.00320284162 0.00410854304 0.00524905277
v -0.00385415251 0.00410134345 0.00490163406
v -0.00418029819 0.00409836043 0.00466863625
v -0.0051100743 0.00409733644 0.00362424343
v -0.00485129422 0.00409626635 0.0039931424
v -0.00442397362 0.00409627054 0.00411076099
v -0.00388710154 0.00409998931 0.00264498196
v -0.00539583527 0.00409908313 0.00310472376
v -0.00496378215 0.00409999583 0.00232038856
v -0.00562115386 0.00409991853 0.00257372181
v -0.00580350216 0.00410000049 0.00202083634
v -0.00324744172 0.00409626635 0.00439710496
v -0.00279414211 0.00409998419 0.00290916231
v -0.00205690181 0.00409626495 0.00461969106
v -0.000855786668 0.00409626681 0.004777845
v -0.00168836676 0.00409998232 0.00311209192
v -0.000573053083 0.00409998372 0.00325314864
v 0.000352553878 0.00409627054 0.00487107644
v 0.000548604352 0.00409998791 0.00333190337
v 0.00156435568 0.0040962752 0.00489907572
v 0.00167302636 0.00409999304 0.00334808161
v 0.00385753438 0.00410000095 0.00320006651
v 0.00279665506 0.00409999816 0.0033016603
v 0.00338139664 0.00409974344 0.00386061915
v 0.00297738216 0.00409860676 0.00429543015
v 0.00277885143 0.00409784447 0.00447876425
v 0.00205487106 0.00409611966 0.00501998002
v 0.00121469924 0.00409977231 0.0054557058
v 0.000465104938 0.0041089179 0.00570818828
v -0.000136669958 0.00411853008 0.00583067676
v -0.00575770345 0.00428932114 0.00401499122
v -0.00575516606 0.00429039402 0.00401822757
v -0.00564010441 0.00422512973 0.00394000672
v -0.00607161084 0.00408491539 0.00274418062
v -0.00550650433 0.0041496926 0.0038606273
v -0.0054271603 0.0041227974 0.00381499948
v -0.00584340282 0.00411188183 0.00332163321
v -0.00533486204 0.00410538679 0.00376133155
v -0.00515337568 0.00410833349 0.00401429227
v -0.00523496978 0.00413282309 0.00406960072
v -0.00530312723 0.00417103944 0.00411549956
v -0.0055337213 0.00438116211 0.00428283913
v -0.00583800394 0.00417300453 0.00367314229
v -0.00600907346 0.00412440998 0.00339615205
v -0.00596002396 0.00420077471 0.00373724755
v -0.00613322947 0.00411945023 0.00345742586
v -0.00613569049 0.00408816105 0.0021165926
v -0.00619595125 0.00407969393 0.00213396759
v -0.00626247516 0.00404719915 0.00281256484
v -0.00640958827 0.0040212865 0.00219554547
v -0.00641069887 0.00398104964 0.00285392115
v -0.00649982784 0.00397863146 0.00222155801
v -0.00654830318 0.00392562523 0.0024162496
v -0.00659301365 0.00391725497 0.00224842271
v -0.00628329674 0.00404496305 0.00316462154
v -0.00615087524 0.00408147089 0.00310918572
v -0.00588176213 0.00410000002 0.00173500099
v -0.00664620148 0.00387053122 0.00226375205
v -0.00674817804 0.00373602333 0.00229315716
v -0.00685284473 0.00343827996 0.00232334621
v -0.00579659874 0.00430092867 0.00404539518
v -0.00585729768 0.00417058822 0.00452696066
v -0.00596270943 0.00418437459 0.00421191007
v -0.00633184798 0.00380156352 0.00366180018
v -0.00629929453 0.00393370166 0.00359654264
v -0.00637930399 0.0037643062 0.00356076122
v -0.00661544176 0.00358523964 0.0030040571
v -0.00654523447 0.0038288401 0.00291885016
v -0.00645133248 0.00395101449 0.0028697385
v -0.00648802519 0.00391543051 0.00288574165
v -0.00557599729 0.00440461887 0.00431861309
v -0.00540116383 0.00452908734 0.00461340556
v -0.00562043814 0.00441708183 0.00435754517
v -0.00566379447 0.00441538263 0.00439669983
v -0.00570483226 0.00439852709 0.00443547778
v -0.00545202754 0.00453596096 0.00465895468
v -0.00541909458 0.00453345245 0.00462942477
v -0.00554667925 0.00449592713 0.00474533392
v -0.00558079034 0.00445834547 0.00477727456
v -0.00564896176 0.00432732608 0.00484343572
v -0.00625934685 0.00403017038 0.00354126841
v -0.00609084917 0.00414664252 0.00384600437
v -0.0062346817 0.00406415807 0.00351678953
v -0.00606297748 0.00417501433 0.00381731591
v -0.00620605517 0.00408948585 0.00349370763
v -0.00603160402 0.00419287337 0.00378964492
v -0.00617301418 0.00410705991 0.0034714588
v -0.00599663612 0.00420102524 0.00376255158
v -0.00583555456 0.00430275965 0.00407815119
v -0.00587203819 0.00429271255 0.00411119265
v -0.00590556813 0.00426999014 0.00414460758
v -0.00593582029 0.00423383247 0.00417826325
v -0.00550121814 0.00452503795 0.00470350217
v -0.0011567995 0.00612263707 0.00712497951
v -0.000362597551 0.00613771984 0.00712769525
v -0.000351234281 0.00600108458 0.00690402556
v -0.00433349283 0.00503771007 0.00556989852
v -0.00370768202 0.00550490478 0.00662039826
v -0.0033927015 0.00565341953 0.00660109427
v -0.00404553814 0.00538081815 0.00626808079
v -0.00344753428 0.00560986996 0.00674979156
v -0.00276945066 0.00583267165 0.00701876171
v -0.0026837578 0.00587088661 0.006845803
v -0.00245793629 0.00591329113 0.00711588375
v -0.0020979445 0.00599162001 0.00721196784
v -0.00193347747 0.0060268105 0.00701445574
v -0.00107531319 0.00614016037 0.00741683552
v -0.000660008984 0.00617357204 0.00748118665
v -0.000382581609 0.00618815934 0.00752072502
v -0.00408155844 0.00533277728 0.00640219916
v -0.00463158637 0.00507028401 0.00584347872
v -0.00470329868 0.00498621957 0.00593184214
v -0.00514939614 0.00474691112 0.00533346925
v -0.00528129889 0.00459751673 0.00533071579
v -0.00509499107 0.00478735892 0.00528943399
v -0.00503291236 0.00480745174 0.00523661543
v -0.00496644294 0.0048041204 0.00517778937
v -0.00489953347 0.00477661239 0.00511742057
v -0.000340905215 0.00563098257 0.00670101354
v -0.00174442749 0.00571323605 0.00654211687
v -0.00243060035 0.00562488381 0.00640459685
v -0.00309479027 0.00547871646 0.00620749407
v -0.00249624695 0.00574632315 0.00650721462
v -0.00317270379 0.00557962991 0.00630635815
v -0.00256309309 0.00582179567 0.00662582135
v -0.00325173954 0.00563708041 0.0064141741
v -0.0018423039 0.00594307669 0.00676524872
v -0.00110097206 0.00600206479 0.0068518254
v -0.00179270911 0.00585047994 0.00664177304
v -0.00107176974 0.00589305488 0.00673050899
v -0.00104415894 0.00574557064 0.00664112484
v -0.00456645293 0.00510192942 0.0057887421
v -0.00397639349 0.00540065439 0.00619857619
v -0.00449189777 0.00511003472 0.00572155928
v -0.00389742525 0.00539454445 0.0061151213
v -0.00441247597 0.00508957915 0.00564583857
v -0.00381366909 0.00535569759 0.00602231734
v -0.00373083609 0.00527862506 0.00593290571
v -0.000346837041 0.00591032486 0.0068175504
v -0.000341942534 0.00572404405 0.00672138203
v 0.00469170185 -0.00410001678 0.00105835998
v 0.00498629082 -0.00410000375 0.00300492393
v 0.00385753391 -0.00410000095 0.00320006837
v 0.00366511289 -0.00410000095 0.00220627617
v 0.00348748895 -0.00410000095 0.00128894334
v 0.00458236691 -0.00410000328 0.000119840581
v 0.00311744004 -0.00410000002 -0.000622174586
v 0.00451912079 -0.00410000049 -0.000901924621
v 0.00570628606 -0.00399681507 0.00286960276
v 0.00551390555 -0.00406317925 0.00290584681
v 0.00536149414 -0.00405933755 0.00187451241
v 0.00541404728 -0.00408204319 0.0029245629
v 0.0058801556 -0.00389187573 0.00283627957
v 0.00572952162 -0.00388840656 0.00180411572
v 0.00599588547 -0.00378958578 0.00281341397
v 0.00598325022 -0.00361007452 0.00175271649
v 0.00620414969 -0.00349902734 0.00276874541
v 0.00574671198 -0.00346078188 -0.00114692771
v 0.005948673 -0.00346583314 0.000889533258
v 0.00566557888 -0.00360582629 -0.0011270768
v 0.00585735496 -0.00361019606 0.000843637856
v 0.005555999 -0.0037565222 -0.00110189244
v 0.00560484547 -0.00388682773 0.000895633246
v 0.0054255994 -0.00387617317 -0.00107407325
v 0.00525295595 -0.00397791155 -0.00103923236
v 0.00523177721 -0.00405682623 0.000967182394
v 0.00505658472 -0.00404801359 -0.00100110355
v 0.00622028392 -0.00346951745 0.00276500708
v 0.00622222526 -0.00346949906 0.00277796574
v 0.00534099108 -0.00409086887 0.00295156357
v 0.00498916768 -0.00410000328 0.00303089689
v 0.00534283603 -0.0040908996 0.00296444958
v 0.0057076877 -0.00399707537 0.00288267317
v 0.00570952427 -0.00399714429 0.00289557432
v 0.00587564288 -0.00389669114 0.00285050669
v 0.00587748829 -0.00389674725 0.00286341622
v 0.00602036109 -0.00376568409 0.00282182358
v 0.00602223398 -0.00376571761 0.00283472892
v 0.0062241652 -0.00346948113 0.00279091671
v -0.00282202405 -0.00419364404 0.00580367399
v -0.00280898949 -0.00416246429 0.00573355099
v -0.00156849914 -0.00417981949 0.00610618945
v -0.00509362202 -0.00419412786 0.00434988225
v -0.00459621567 -0.00424688868 0.00482102204
v -0.00466656964 -0.00445693219 0.00490495795
v -0.00496667856 -0.00411249325 0.00424702372
v -0.00455942331 -0.00416923314 0.00477133645
v -0.00502521358 -0.00413710577 0.00429454679
v -0.00457898295 -0.0042048227 0.0047981739
v -0.00506647769 -0.00416696351 0.00432784203
v -0.00514253555 -0.00425807061 0.00438989326
v -0.00478170486 -0.00466772215 0.00501163024
v -0.005304588 -0.00447076513 0.00452773739
v -0.0035951552 -0.00506377639 0.00581495184
v -0.00419329526 -0.00487672864 0.00545698218
v -0.00408219313 -0.00459017977 0.00534436852
v -0.00441193581 -0.00480125612 0.00530287251
v -0.00347945746 -0.00471632322 0.00571834436
v -0.00314733107 -0.00517997891 0.00602764077
v -0.00286429632 -0.00482280552 0.00602476299
v -0.00297020236 -0.00521952426 0.00610013446
v -0.00223832065 -0.00490104686 0.00626596296
v -0.00189244736 -0.00537998881 0.00642619468
v -0.00160109834 -0.00494816853 0.00644782791
v -0.00167182426 -0.00539678521 0.00647371635
v -0.000339090242 -0.00490533607 0.00666576065
v -0.000340102153 -0.00539847091 0.0066856686
v -0.000324675784 -0.00423044665 0.006382477
v -0.000330332172 -0.00430961279 0.00649370858
v -0.00158697891 -0.00427967357 0.00629023649
v -0.000332362833 -0.00435694773 0.00653353101
v -0.000297697494 -0.00412111916 0.00585208274
v -0.000300788699 -0.00412577856 0.0059052445
v -0.00150593754 -0.00412091333 0.00572607573
v -0.000306411646 -0.00413883524 0.00602409244
v -0.0040337923 -0.0043078512 0.00526142959
v -0.00344619877 -0.00436831312 0.00564016821
v -0.000337205274 -0.00459943479 0.00662871078
v -0.00159407884 -0.0044881911 0.00639415719
v -0.00222458388 -0.00446155714 0.00620522583
v -0.00284202187 -0.00442117127 0.00595463626
v -0.0028386144 -0.0043286304 0.00592334894
v -0.00159221119 -0.00437719887 0.00635665143
v -0.000334687094 -0.00443781866 0.00657917932
v -0.000320436724 -0.00419616653 0.00629909942
v -0.00157862867 -0.00421532663 0.00620009331
v -0.00283208094 -0.00424781162 0.00587174715
v -0.00343226991 -0.00422482332 0.00557045499
v -0.00340532186 -0.00414991379 0.00546041783
v -0.00397634692 -0.00413575768 0.00511868019
v -0.00401153835 -0.00419758912 0.0052035125
v -0.00450950582 -0.00412242673 0.0047048335
v -0.00477460399 -0.00409614202 0.00408829562
v -0.00418029819 -0.00409836043 0.00466863671
v -0.00385415205 -0.00410134299 0.00490162894
v -0.00320284138 -0.00410854304 0.00524905091
v -0.00272051035 -0.0041135326 0.00543394592
v -0.00198000623 -0.0041190125 0.00563597586
v -0.00397639489 -0.00540065393 0.00619858736
v -0.00389742455 -0.00539454399 0.00611511758
v -0.00325173978 -0.00563708041 0.0064141755
v -0.00541909412 -0.00453345152 0.00462942431
v -0.00540116103 -0.00452908594 0.00461339997
v -0.00489953347 -0.00477661239 0.00511742244
v -0.00564896222 -0.00432732608 0.00484344084
v -0.00558079407 -0.00445834966 0.00477727503
v -0.0051493966 -0.00474691112 0.00533346971
v -0.00339270313 -0.00565342 0.00660110405
v -0.00408155983 -0.00533277774 0.00640220242
v -0.00404553767 -0.00538081769 0.00626807846
v -0.00470329775 -0.00498622004 0.00593183469
v -0.00268375943 -0.00587088708 0.00684581418
v -0.00278935162 -0.00582708651 0.00701205386
v -0.00370768178 -0.00550490385 0.006620395
v -0.00209794519 -0.00599162001 0.0072119697
v -0.00245793606 -0.00591329159 0.00711588142
v -0.00276944973 -0.00583267072 0.00701875519
v -0.0019334784 -0.0060268105 0.00701446226
v -0.00115680031 -0.00612263801 0.0071249851
v -0.00107531378 -0.00614015991 0.00741683785
v -0.000660009333 -0.00617357064 0.00748118898
v -0.000362598366 -0.00613772077 0.00712770084
v -0.000382582832 -0.00618815888 0.0075207334
v -0.00174442749 -0.00571323559 0.00654211687
v -0.000340905564 -0.00563098164 0.00670101587
v -0.00104415976 -0.00574557157 0.00664112996
v -0.000341943873 -0.00572404312 0.00672139088
v -0.00309479167 -0.00547871692 0.00620750338
v -0.00243060081 -0.00562488288 0.00640460011
v -0.00373083493 -0.00527862459 0.00593289919
v -0.0043334933 -0.00503771007 0.00556990132
v -0.00503291283 -0.00480745127 0.00523661729
v -0.00550121814 -0.00452503702 0.00470350077
v -0.00545202522 -0.00453596143 0.0046589491
v -0.00554667832 -0.0044959276 0.00474533299
v -0.005094992 -0.00478735892 0.00528944004
v -0.0044918987 -0.00511003565 0.00572156673
v -0.004566452 -0.00510192988 0.00578873558
v -0.00463158591 -0.00507028401 0.00584347593
v -0.00528129935 -0.0045975158 0.00533071626
v -0.000350006128 -0.00597906532 0.0068798908
v -0.00110097171 -0.00600206526 0.0068518226
v -0.00184230576 -0.00594307715 0.00676526129
v -0.00256309193 -0.0058217952 0.00662581576
v -0.000346835499 -0.00591032393 0.00681754015
v -0.00107176939 -0.00589305442 0.00673050666
v -0.00179271086 -0.00585047947 0.00664178515
v -0.00249624765 -0.00574632268 0.00650721882
v -0.00317270192 -0.00557963038 0.00630634604
v -0.00381366978 -0.00535569759 0.00602232106
v -0.00441247597 -0.00508957868 0.0056458367
v -0.00496644247 -0.00480412086 0.00517778471
v 0.0064658327 -0.00398140261 0.00687226746
v 0.00627551321 -0.00413471833 0.00658426061
v 0.00635658484 -0.00397979282 0.00628198683
v 0.00627526175 -0.00426266855 0.0071981349
v 0.00594051927 -0.00454124343 0.00704562897
v 0.00613368535 -0.00432951516 0.00683868164
v -5.9223672e-05 -0.00619775848 0.00756468065
v 0.000922064879 -0.00596450828 0.00704407273
v 0.000983133912 -0.006149414 0.00738037471
v 0.000837409461 -0.00568137458 0.00686589442
v 0.000874955265 -0.00537626771 0.00683551701
v 0.000795468222 -0.00618678657 0.00767567428
v 0.00240902859 -0.0059944666 0.00753331697
v 0.00224060263 -0.00605168194 0.00784526486
v 0.00114600139 -0.00616753753 0.00771984644
v 0.00341464998 -0.0058228327 0.00792851765
v 0.00317907915 -0.00587872323 0.00791822933
v 0.00311572524 -0.0058598211 0.00757959438
v 0.00513818301 -0.00513511337 0.00743671972
v 0.00515858596 -0.0051740557 0.00781285856
v 0.00449472759 -0.00544223096 0.00755305262
v 0.00461254781 -0.00543462299 0.00790036656
v 0.00396229979 -0.00566960033 0.00793538429
v 0.00570456311 -0.00475271046 0.0072107953
v 0.00561461737 -0.00488779042 0.00767028984
v 0.00536600314 -0.00505353045 0.00775823975
v 0.00605928246 -0.00450822478 0.00741372863
v 0.00600536913 -0.00456180284 0.00745494012
v 0.00594914844 -0.00461505214 0.00749415345
v 0.00657391036 -0.00375441322 0.00648622634
v 0.00638617482 -0.00387495407 0.00595088722
v 0.00661135279 -0.00359764532 0.00604376569
v 0.00638101436 -0.0038127224 0.0056060385
v 0.00658908999 -0.00350609375 0.00550188171
v 0.0062184413 -0.00376321934 0.00419568876
v 0.00602386892 -0.00376574602 0.00284603843
v 0.00637264969 -0.00347030303 0.00381866214
v 0.00622580713 -0.00346952537 0.0028021147
v 0.00551827392 -0.00408807304 0.00415218342
v 0.00534444395 -0.00409093359 0.00297573255
v 0.00571112474 -0.0039972011 0.00290688733
v 0.00651603192 -0.00347275543 0.00484692818
v 0.00631371979 -0.00376740424 0.00490293838
v 0.00598449819 -0.00399499387 0.0048317411
v 0.00605089404 -0.00402651262 0.00548655353
v 0.00603969628 -0.00415448565 0.00611391803
v 0.00596206775 -0.00428355159 0.00639367057
v 0.00581185287 -0.00444757473 0.00662120152
v 0.00537329027 -0.00480134273 0.00694103586
v 0.00482009724 -0.00511830952 0.00712777721
v 0.00420827791 -0.00537311658 0.00721970899
v 0.00356817176 -0.00556981377 0.00724668428
v 0.00381394522 -0.00567927724 0.00759179145
v 0.0028841407 -0.00511001283 0.00693960674
v 0.00302432617 -0.00508067384 0.00693479832
v 0.0032959627 -0.00534427585 0.00703668362
v 0.00314740837 -0.00505334465 0.00692863204
v 0.00225404347 -0.00583228841 0.00718697486
v 0.00343339657 -0.00546687702 0.00712181535
v 0.003893913 -0.00518292142 0.00700761424
v 0.0008827282 -0.00582878292 0.00693105394
v 0.00207345351 -0.00556471618 0.00699181296
v 0.00169460801 -0.0052988152 0.00690905424
v 0.00216602557 -0.00570583437 0.007066797
v 0.00499116443 -0.00410000142 0.00304210046
v 0.00514836051 -0.004098034 0.00415546075
v 0.00519279856 -0.00409708871 0.00447903248
v 0.00527423993 -0.00410456955 0.00510922819
v 0.00529303355 -0.00411212305 0.00527966488
v 0.00566955563 -0.00410985854 0.00538156694
v 0.00589533057 -0.00399329327 0.00417035446
v 0.00587910088 -0.00389678916 0.00287473039
v 0.00358467479 -0.00494560506 0.00689022662
v 0.00360394246 -0.00494044553 0.00688785454
v 0.00447065383 -0.00497775339 0.00692177657
v 0.00437767897 -0.00469568698 0.00672499323
v 0.00500525208 -0.00472710794 0.00675346749
v 0.00464733643 -0.00458834879 0.0066233254
v 0.0054488387 -0.00444388064 0.00646073511
v 0.00500379782 -0.0044178809 0.0064135734
v 0.00560583547 -0.00431100605 0.00624545058
v 0.00526278792 -0.00425891066 0.00610610936
v 0.00567702809 -0.00420653168 0.00597571628
v 0.00532270875 -0.00416974397 0.00578641612
v 0.00532040093 -0.00414514262 0.00563720847
v -2.094927e-05 -0.00426076027 0.00644915877
v 0.000618421647 -0.00415908732 0.00618410017
v 0.00273599173 -0.00457272353 0.00670560868
v 0.00210673572 -0.00468629505 0.00678055687
v 0.003238203 -0.00446172105 0.00658448599
v 0.0042119869 -0.00421141973 0.00605391944
v 0.00374952308 -0.004106862 0.00540699251
v 0.00446305098 -0.00409896392 0.00404323125
v 0.00415808102 -0.0040972787 0.00482998043
v 0.00338139641 -0.00409974251 0.00386062334
v 0.00297738262 -0.0040986063 0.00429542782
v 0.00277885166 -0.00409784401 0.00447876146
v 0.00323585048 -0.00413588015 0.00584184285
v 0.00225929101 -0.00410623662 0.00562797301
v 0.00205487153 -0.00409611966 0.00501997722
v -0.00013667038 -0.00411853008 0.00583067909
v 0.0015075634 -0.00412703026 0.00595667725
v 0.000465105317 -0.00410891743 0.00570818596
v 0.00121469935 -0.00409977231 0.00545570487
v 0.00042502 -0.00437317509 0.00658547832
v -1.31206207e-05 -0.00460394751 0.00666183094
v 0.000356424309 -0.00487665599 0.00674145063
v 0.00395814562 -0.00427561486 0.00624816353
v 0.000872772536 -0.00454807747 0.00669998582
v 0.00132202648 -0.0047929273 0.0067978045
v 0.003636715 -0.00436157547 0.0064297393
v 0.0021615536 -0.00423393352 0.00634476589
v 0.0025727835 -0.00419403566 0.00619856687
v 0.000605274749 -0.0042319973 0.00640925067
v 0.00167768961 -0.00427931128 0.00646361569
v 0.00110532623 -0.00432713144 0.00654709432
v 0.00220682891 -0.00440106634 0.00658845715
v 0.00160577078 -0.00447647925 0.00666978443
v 0.00114832027 -0.00420239707 0.00632925658
v 0.00534364255 -0.00409091869 0.00297008757
v 0.005710328 -0.00399717595 0.00290122768
v 0.00587829622 -0.00389677077 0.00286906981
v 0.00602305261 -0.00376573228 0.00284038391
v -0.00154612493 0.00464682514 0.0150440214
v -0.00158979394 0.00467887241 0.0150561305
v -0.00121026242 0.00464779837 0.0163279921
v -0.000722323661 0.00467763701 0.0183628947
v -0.000685050327 0.00465076091 0.0183522385
v -0.000270314253 0.00465357956 0.0196896009
v -3.83528059e-05 0.00468054973 0.0204594433
v -9.75070748e-07 0.00465547666 0.0204453412
v 0.000428528816 0.00468257396 0.0216177553
v 0.000465816527 0.00465873815 0.0216014646
v 0.000636890996 0.00465992419 0.0219862889
v 0.000955065887 0.00468484499 0.0227502212
v 0.000992124551 0.00466237031 0.0227316264
v 0.0037449298 0.00469611725 0.027241841
v 0.00377740455 0.0046976679 0.0272181202
v 0.00339717744 0.00469489954 0.0266790465
v 0.00378417247 0.00469650375 0.027213186
v 0.00165612844 0.00466679968 0.0239680484
v 0.00214143912 0.00468976423 0.0248513855
v 0.0021775933 0.0046701869 0.0248282608
v 0.00296654366 0.00469312072 0.0260775927
v 0.00300219352 0.00467547495 0.0260522217
v 0.00343286362 0.00467826426 0.0266530383
v 0.00382011058 0.00468077278 0.0271869525
v 0.00327746035 0.00462377071 0.0267665144
v 0.00366570591 0.0046223579 0.0272998568
v 0.00367758796 0.00464554969 0.0272911321
v 0.00328972423 0.00464664958 0.0267575271
v 0.00285734353 0.00464795344 0.0261554662
v 0.00284455181 0.00462543173 0.0261646174
v 0.00253975973 0.00462664664 0.0257284977
v 0.0020269379 0.00465063285 0.0249247346
v 0.00201287051 0.00462883571 0.024933774
v 0.00165356218 0.00463042594 0.0243517868
v 0.000831457903 0.00465515163 0.0228123181
v 0.000853436475 0.00463434868 0.0228966661
v 0.000300964632 0.00465748087 0.0216735508
v 0.000142955032 0.00463832077 0.0213506408
v -0.000169285704 0.00465973513 0.0205088425
v -0.000427663763 0.00464183232 0.0198465697
v -0.00085767603 0.00466323318 0.0184015837
v -0.00091950479 0.00464500207 0.0182569344
v -0.00169458438 0.00467992947 0.0150851924
v -0.00173884362 0.00464876974 0.0150974635
v 0.00369344908 0.00466590561 0.0272795055
v 0.00331971957 0.00467840908 0.0267355777
v 0.00288817077 0.00467884634 0.0261334479
v 0.00205994863 0.00467980001 0.0249035619
v 0.000868198345 0.0046815509 0.0227938443
v 0.000339415332 0.00468250317 0.0216567256
v -0.000129316846 0.00468346011 0.0204937551
v -0.000815592008 0.00468498562 0.0183895435
v -0.0016755613 0.00468644872 0.0150799183
v 0.00373279001 0.00469243154 0.0272507221
v 0.0033579208 0.00469550537 0.0267076753
v 0.00292699295 0.00469484646 0.0261057578
v 0.00210065208 0.00469365437 0.0248774868
v 0.000912135234 0.00469205063 0.022771772
v 0.000384755665 0.00469136797 0.0216369033
v -8.27781623e-05 0.00469080359 0.0204761904
v -0.000767486985 0.00469005154 0.0183757972
v -0.00164208468 0.00469053164 0.0150706293
v -0.00164756086 0.00200739666 -0.00706223724
v -0.00163815531 0.00200000033 -0.00702023646
v -0.0017607651 0.00200779736 -0.00703708129
v -0.00214048661 0.00199999963 -0.00688853627
v -0.00259289285 0.00200782018 -0.00678307656
v -0.00257744081 0.00200000009 -0.00674156379
v -0.00322490977 0.00200783764 -0.0065131397
v -0.00359556591 0.00200000033 -0.00626940886
v -0.00382865709 0.00200785766 -0.00618481822
v -0.00437551457 0.00199999986 -0.00576316006
v -0.00440214342 0.00200787839 -0.00579896895
v -0.00488932664 0.00199999986 -0.00534363231
v -0.00492212223 0.00200936245 -0.00537947286
v -0.00166598882 0.00211003493 -0.00714469748
v -0.00178026769 0.00211035321 -0.00711822743
v -0.00166575005 0.00215370208 -0.00714371772
v -0.00220402097 0.00215484039 -0.00700155087
v -0.00262205931 0.00211067311 -0.00686153816
v -0.00262164604 0.00215461547 -0.00686047552
v -0.00303400797 0.00215438497 -0.0066928314
v -0.00326144416 0.00211093272 -0.00658867136
v -0.00367082492 0.00215400313 -0.00637347158
v -0.00387223833 0.00211120723 -0.00625675498
v -0.00429260824 0.00215357752 -0.00598124135
v -0.00445242645 0.00211150898 -0.00586667983
v -0.00486592902 0.00215310836 -0.00553533901
v -0.00497457245 0.00209693634 -0.00543680089
v -0.00497627631 0.00215300708 -0.00543866446
v -0.00166271999 0.00206595566 -0.00713002682
v -0.00177685043 0.00206672307 -0.00710396748
v -0.00261694426 0.00206691725 -0.00684774434
v -0.00325503433 0.00206707348 -0.00657539023
v -0.00386458961 0.00206723949 -0.00624410715
v -0.00444360077 0.00206742203 -0.0058547724
v -0.00496660778 0.00206762017 -0.00542809954
v -0.00165614753 0.00202974305 -0.00710062077
v -0.00177006167 0.00203102222 -0.00707571814
v -0.00260679098 0.00203111186 -0.00682043144
v -0.00324231642 0.00203118566 -0.00654909573
v -0.0038494186 0.0020312625 -0.00621906528
v -0.0044260975 0.00203134702 -0.00583119737
v -0.00495684426 0.00204655249 -0.00541742891
v 0.00687649054 -0.00200702203 0.004050171
v 0.00683040591 -0.00199999986 0.00401933305
v 0.00702874921 -0.00199999986 0.00541318906
v 0.00668121409 -0.00200626464 0.00270990469
v 0.00664259586 -0.00200000056 0.00271560275
v 0.00691427477 -0.00202853279 0.00404482288
v 0.00671932101 -0.00202703499 0.00270426646
v 0.00694329198 -0.00206351001 0.00404071063
v 0.00674896594 -0.00206148648 0.0026998797
v 0.00695785182 -0.00210616086 0.00403864542
v 0.00676428806 -0.00210395805 0.00269759656
v 0.00695701921 -0.00214846455 0.00403875997
v 0.00676415442 -0.00214634649 0.00269759959
v 0.00715016015 -0.00214852928 0.00539565738
v 0.00714738481 -0.00216010143 0.00539605645
v 0.00695418473 -0.00216023391 0.00403915858
v 0.00676090037 -0.00216030236 0.00269807456
v 0.00715099229 -0.00210620696 0.00539553445
v 0.00706962589 -0.0020070246 0.00540728355
v 0.00710741244 -0.0020285456 0.0054018232
v 0.00712290872 -0.00204396201 0.00539958291
v 0.00713643152 -0.00206353748 0.00539762899
v 0.00715058018 -0.00210363371 0.00539559033
v 0.00639608782 -0.00200641784 0.000725086022
v 0.00631440384 -0.00200000056 0.000372434472
v 0.0062758904 -0.00216049398 -0.0012525178
v 0.0062792208 -0.00214657816 -0.00125278404
v 0.00637473399 -0.00214669015 -0.000205625154
v 0.00627949601 -0.0021042428 -0.00125281664
v 0.00637507858 -0.00210438226 -0.000205661447
v 0.00626421953 -0.00206177193 -0.00125156692
v 0.00635990966 -0.00206191256 -0.000204124313
v 0.00623450428 -0.00202726386 -0.00124913023
v 0.00633032108 -0.00202737539 -0.000201119736
v 0.00619623112 -0.00200638874 -0.00124598551
v 0.00629217364 -0.00200645044 -0.00019724977
v 0.00615695212 -0.00199999986 -0.00124275731
v 0.00643416541 -0.00202731602 0.000720322772
v 0.00646371488 -0.00206183875 0.000716625829
v 0.00647888612 -0.00210430846 0.000714727154
v 0.00647857785 -0.00214663078 0.000714761962
v 0.00640869327 -0.00216059154 0.000147935833
v -0.00318671018 -0.00199999963 -0.00279313116
v -0.00318670948 -0.00409999955 -0.00279313512
v -0.00330556859 -0.00199999963 -0.003222008
v -0.00330556813 -0.00410000049 -0.00322201196
v -0.00322657428 -0.00199999963 -0.00365998223
v -0.00322657381 -0.00409999955 -0.00365998619
v -0.00296537159 -0.00199999986 -0.00402031513
v -0.00296537206 -0.00409999955 -0.00402031187
v -0.00257369713 -0.00200000033 -0.0042316271
v -0.00257369759 -0.00410000002 -0.00423162337
v -0.00212912564 -0.00200000009 -0.00425206823
v -0.00212912494 -0.00410000002 -0.00425207242
v -0.00171970949 -0.00200000009 -0.00407759519
v -0.0017197089 -0.00410000049 -0.00407759892
v -0.00142653869 -0.00200000009 -0.00374276401
v -0.00142653915 -0.00410000002 -0.00374276075
v -0.00318671018 0.00410000002 -0.00279312953
v -0.00318670948 0.00200000009 -0.00279313372
v -0.00330620864 0.00410000002 -0.00329678692
v -0.00330620795 0.00199999963 -0.00329679088
v -0.00315786875 0.00410000002 -0.00379271875
v -0.00315786921 0.00200000033 -0.00379271549
v -0.00278143911 0.00410000002 -0.00414803578
v -0.00278143957 0.00200000056 -0.00414803252
v -0.00227778382 0.00410000002 -0.00426753145
v -0.00227778312 0.00199999963 -0.00426753564
v -0.00178185559 0.00410000049 -0.00411919132
v -0.00178185501 0.00200000033 -0.00411919504
v -0.0014265388 0.00410000002 -0.00374276238
v -0.00142653822 0.00199999963 -0.00374276657
v -0.00130768004 -0.00200000033 -0.00331388717
v -0.0013076805 -0.00410000002 -0.00331388391
v -0.00138667435 -0.00200000033 -0.00287591293
v -0.00138667482 -0.00410000002 -0.00287590967
v -0.00164787576 -0.00200000033 -0.00251558726
v -0.00164787634 -0.00410000002 -0.002515584
v -0.00203955173 -0.00199999963 -0.0023042683
v -0.00203955104 -0.00409999955 -0.00230427226
v -0.00248412322 -0.00199999963 -0.00228382694
v -0.00248412369 -0.00409999955 -0.00228382368
v -0.00289353938 -0.00199999963 -0.00245830021
v -0.00289353984 -0.00410000049 -0.00245829672
v -0.00130768016 0.00410000002 -0.00331388577
v -0.00130767957 0.00199999963 -0.00331388973
v -0.00138667447 0.00410000002 -0.00287591154
v -0.00138667389 0.00199999963 -0.0028759155
v -0.00164787611 0.00410000002 -0.00251558586
v -0.00164787658 0.00199999986 -0.00251558237
v -0.0020395508 0.00410000002 -0.00230427412
v -0.00203955127 0.00200000033 -0.00230427086
v -0.00248412322 0.00410000002 -0.00228382531
v -0.00248412276 0.00200000009 -0.00228382926
v -0.00289353938 0.00410000002 -0.00245829858
v -0.00289353891 0.00200000009 -0.00245830254
v -0.0044895215 -0.00199999986 -0.00567662576
v -0.00488932664 -0.00200000009 -0.00534362998
v -0.00471823756 -0.00199999986 -0.00515665067
v 0.00183695985 -0.00200000033 -0.00683462899
v 0.000956858916 -0.00200000056 -0.00706530688
v 0.000372692884 -0.00200000009 -0.00714752544
v 0.000320054038 -0.00200000033 -0.00715226913
v -0.000322229404 -0.00200000033 -0.0071753012
v -0.000930608367 -0.00200000033 -0.00713781547
v 0.00270285015 -0.00199999986 -0.00646788999
v -0.000221873168 -0.00200000056 0.00123014837
v -0.00259798067 -0.00200000033 0.00193156663
v 0.00496524433 -0.00200000009 0.00466689188
v -0.00112203532 -0.00200000009 -0.00711396988
v -0.00163815566 -0.00199999963 -0.00702023413
v -0.00229503913 -0.00199999986 -0.00684010005
v -0.00124868064 -0.00199999986 5.74257356e-05
v -0.00114993716 -0.00200000033 -0.000490045815
v -0.000823435257 -0.00199999986 -0.000940452912
v -0.000333841832 -0.00199999986 -0.00120459253
v 0.000221873619 -0.00200000033 -0.00123015163
v 0.000733644294 -0.00199999986 -0.00101206382
v -0.00469758362 -0.00199999963 0.000177068607
v -0.00380246411 -0.00200000056 0.00123942469
v -0.00110010733 -0.00200000009 0.000593521632
v -0.000733643828 -0.00200000009 0.00101206044
v -0.00313459639 -0.00200000009 -0.00650708424
v -0.00412592432 -0.00200000009 -0.00594078377
v 0.00547984987 -0.00200000056 -0.00365366833
v 0.00523589179 -0.00200000033 -0.00409656391
v -0.00517537538 -0.00199999963 -0.0011273612
v -0.00517820939 -0.00199999963 -0.00251654442
v 0.00110010663 -0.00200000033 -0.000593517558
v 0.00124868006 -0.00199999963 -5.74216756e-05
v 0.00586112402 -0.00199999963 -0.00272148428
v 0.0060839206 -0.00199999986 -0.00181721232
v 0.00468072202 -0.00199999963 -0.00487941038
v 0.00433234312 -0.00200000009 -0.00526640285
v 0.00424408354 -0.00200000033 -0.00535491714
v 0.00376885291 -0.00200000009 -0.00577715179
v 0.00325346063 -0.00200000033 -0.0061492715
v 0.00318284496 -0.00199999986 -0.00619436475
v 0.00114993774 -0.00200000033 0.000490042556
v 0.000823434675 -0.00199999986 0.000940456986
v 0.000333841308 -0.00199999986 0.0012045966
v 0.00614233315 -0.0021606097 -0.00213865004
v -0.00166597567 -0.0021096305 -0.00714464346
v -0.00155865191 -0.00211955863 -0.00716883363
v -0.00166568684 -0.00215512398 -0.0071434374
v 0.00327822985 -0.00200845744 -0.00618749671
v 0.0037972806 -0.00200843741 -0.00581259606
v 0.00427585281 -0.00200841343 -0.005387221
v 0.00471550971 -0.00200838759 -0.00490822969
v 0.00510438206 -0.00200836128 -0.00438714493
v 0.00551996566 -0.00200833217 -0.00367377652
v 0.0057829055 -0.00200831518 -0.003077653
v 0.00598633615 -0.00200830586 -0.00245868601
v 0.00612799777 -0.00200830423 -0.00182481634
v -0.000935625518 -0.00200857408 -0.00718372036
v -0.000322876644 -0.00200855802 -0.0072213877
v 0.000323999673 -0.00200854009 -0.00719809672
v 0.000965333718 -0.00200852333 -0.00711041782
v 0.00156058907 -0.00200850726 -0.00696919812
v 0.00213986915 -0.00200849143 -0.00677245017
v 0.00272370456 -0.0020084749 -0.00650849706
v -0.00164759124 -0.00200744509 -0.00706236949
v -0.00154205679 -0.00200859085 -0.00708824955
v -0.00113517593 -0.0021553773 -0.00723927934
v -0.000944508007 -0.0021193265 -0.00726536196
v -0.00031687392 -0.00215576123 -0.00730081275
v -0.000323989225 -0.0021190939 -0.00730333896
v 0.000331052957 -0.00211884896 -0.00727957673
v 0.000500132446 -0.00215614354 -0.00725995563
v 0.000980440993 -0.00211861008 -0.00719062844
v 0.00130128174 -0.00215653377 -0.00711887516
v 0.00158314488 -0.00211839098 -0.00704748975
v 0.00206720107 -0.002156934 -0.00688412506
v 0.00216966961 -0.00211817678 -0.00684812199
v 0.00276082172 -0.00211794698 -0.00658067921
v 0.00276497053 -0.00215731864 -0.00657483796
v 0.00332231377 -0.00211769715 -0.00625545066
v 0.00339924823 -0.00215768046 -0.00620058225
v 0.00384787307 -0.00211741193 -0.00587559957
v 0.00404207781 -0.00215831026 -0.00570832985
v 0.00433238968 -0.00211708667 -0.00544463564
v 0.00465743663 -0.00215895078 -0.00509408908
v 0.0047774096 -0.00211672648 -0.00495942635
v 0.00516379438 -0.00215947302 -0.00443447428
v 0.00620636856 -0.00211556326 -0.00183834182
v 0.00606303243 -0.00211559073 -0.00247979327
v 0.0059129484 -0.0021603934 -0.00294103823
v 0.00585726742 -0.00211572298 -0.00310615753
v 0.00558690494 -0.00215999503 -0.00370789156
v 0.0055913236 -0.00211595697 -0.0037094946
v 0.00517091621 -0.00211636419 -0.00443171244
v -0.00166271778 -0.00206592772 -0.00713001052
v -0.00155615015 -0.002072884 -0.00715662399
v -0.000943174993 -0.00207274221 -0.00725299027
v -0.000323833519 -0.00207260018 -0.00729092024
v 0.000329973089 -0.0020724521 -0.00726723904
v 0.000978141557 -0.00207230588 -0.00717848353
v 0.00157971657 -0.00207217177 -0.00703562936
v 0.00216514478 -0.00207204139 -0.00683666207
v 0.00275518838 -0.00207190146 -0.00656974968
v 0.00331562455 -0.00207174919 -0.0062451642
v 0.00384019711 -0.00207157526 -0.00586606562
v 0.00432381313 -0.00207137689 -0.00543595385
v 0.00476802047 -0.00207115756 -0.00495168148
v 0.00516082672 -0.00207093637 -0.00442497013
v 0.00558050815 -0.00207068911 -0.00370409782
v 0.00584599935 -0.00207054568 -0.00310184923
v 0.00605141278 -0.00207046489 -0.00247659814
v 0.00619449653 -0.00207044813 -0.00183629175
v -0.00165617664 -0.00202984829 -0.00710074231
v -0.00155034685 -0.00203407719 -0.00712843984
v -0.000940068276 -0.00203401106 -0.00722444197
v -0.000323444605 -0.00203394471 -0.00726225972
v 0.000327506277 -0.00203387486 -0.0072387429
v 0.000972858281 -0.00203380664 -0.00715043209
v 0.00157182838 -0.00203374447 -0.00700824847
v 0.00215472304 -0.00203368277 -0.00681019714
v 0.00274220784 -0.00203361781 -0.00654450571
v 0.00330020813 -0.00203354703 -0.00622140151
v 0.00382250431 -0.00203346577 -0.00584403193
v 0.00430404162 -0.00203337288 -0.005415875
v 0.00474637328 -0.00203326996 -0.00493377587
v 0.00513755949 -0.00203316682 -0.00440938864
v 0.0055555529 -0.00203305064 -0.0036916032
v 0.00581999449 -0.00203298405 -0.00309188175
v 0.00602459069 -0.00203294586 -0.00246921508
v 0.00616709003 -0.00203293865 -0.00183156552
v -0.00497627631 -0.00215300731 -0.00543866307
v -0.00475233467 -0.00211100047 -0.0056316359
v -0.00454606023 -0.00215338171 -0.00579511933
v -0.00419828761 -0.00211068406 -0.00604721066
v -0.00429260917 -0.00215357821 -0.00598124042
v -0.003606349 -0.00211039861 -0.00641031284
v -0.0031761392 -0.00215430302 -0.00662815524
v -0.00298290863 -0.00211013411 -0.00671624532
v -0.00236045988 -0.00215475657 -0.00695197284
v -0.00233457191 -0.00210988009 -0.00696159434
v -0.00233421405 -0.00215477054 -0.0069605601
v -0.00492640771 -0.00201210054 -0.00538415834
v -0.00469801528 -0.00200753752 -0.00556579651
v -0.0041504465 -0.0020075168 -0.00597682549
v -0.00356541318 -0.00200749747 -0.0063359444
v -0.00294923782 -0.00200747885 -0.00663853576
v -0.00230844156 -0.00200746162 -0.00688124774
v -0.00232993648 -0.00206607743 -0.00694730366
v -0.00297693233 -0.00206623063 -0.0067024231
v -0.00359908049 -0.00206638989 -0.00639708666
v -0.00418979162 -0.00206656125 -0.00603468902
v -0.00474268803 -0.00206675124 -0.00561992079
v -0.00232064049 -0.00202991581 -0.00691871531
v -0.00296495319 -0.00202998542 -0.00667477399
v -0.00358451693 -0.00203005713 -0.00637062592
v -0.00417277124 -0.00203013537 -0.00600964576
v -0.00472336169 -0.00203022128 -0.00559649989
v -0.00495689129 -0.00204663444 -0.00541747781
v -0.00497566303 -0.00210368563 -0.00543799391
v -0.00509468745 -2.90635904e-10 -0.00556807546
v -0.00507107703 0.000982858241 -0.00554232765
v -0.00505750999 -0.00122973253 -0.00552749867
v -0.00471823849 0.00200000033 -0.00515664555
v -0.00501857745 0.00174391503 -0.0054849172
v -0.00517820893 0.00200000009 -0.00251654675
v -0.0025979802 0.00199999963 0.00193156418
v -0.00380246481 0.00200000056 0.00123942958
v -0.00469758408 0.00200000033 0.000177073482
v -0.00517537491 0.00200000033 -0.00112736376
v 0.0049652434 0.00200000009 0.004666897
v 0.0130203189 -1.17150748e-07 0.0377427042
v 0.0136645287 3.17906285e-10 0.0375080146
v 0.0129931383 0.000608102651 0.0376928858
v 0.0136145428 0.000970472698 0.0373708159
v 0.0129783032 0.000747449172 0.0376671068
v 0.012947401 0.000970580382 0.0376138203
v 0.0127040604 0.00190448086 0.0372015536
v 0.0127664069 0.00172953005 0.0373054557
v 0.0134534836 0.00190424465 0.0369287208
v 0.0128294285 0.00152153615 0.0374114998
v 0.012907437 0.00119308045 0.0375448763
v 0.0125710135 0.0022104783 0.036982879
v 0.013201436 0.00265392778 0.036236871
v 0.0123081841 0.00265473244 0.0365611836
v 0.0128372815 0.00327846431 0.0352372974
v 0.0117138466 0.00327860704 0.03564623
v 0.0119960578 0.00302783935 0.0360744707
v 0.0106155491 0.00384484208 0.0340473205
v 0.0108341994 0.00376737118 0.0343581401
v 0.012319997 0.00376725593 0.0338173956
v 0.0111611281 0.00362424226 0.0348292738
v 0.0116161415 0.00335169816 0.0355000831
v 0.0103364745 0.00392661709 0.0336550735
v 0.0116318911 0.00406988896 0.0319285914
v 0.00995881204 0.00401239516 0.0331293344
v 0.00778249279 0.00417143712 0.0301911011
v 0.00899936818 0.00413756492 0.0318189859
v 0.010612281 0.00417116145 0.029129846
v 0.00925122388 0.00411515171 0.0321601517
v 0.00961881597 0.00406995136 0.0326612368
v 0.00608650735 0.00408835895 0.0279399976
v 0.009611235 0.00407731673 0.0263820663
v 0.00592644094 0.00407730509 0.0277243294
v 0.0104979817 -0.00388143747 0.0338815935
v 0.0102342544 -0.00395242078 0.0335122347
v 0.0119776372 -0.00395234767 0.0328776427
v 0.0110411318 -0.00416327547 0.0303070042
v 0.00975342095 -0.00404913723 0.0328459181
v 0.00925833452 -0.00411442248 0.0321697779
v 0.00881659705 -0.00415008515 0.0315725654
v 0.00854961947 -0.00416328385 0.0312143732
v 0.00961127691 -0.00407730695 0.0263821818
v 0.00771081913 -0.00417022966 0.0300958771
v 0.00592653593 -0.0040772967 0.0277244523
v 0.0110979872 -0.00365479034 0.0347376689
v 0.012515814 -0.00361899892 0.0343548842
v 0.0111714946 -0.00361908064 0.0348443463
v 0.0119829262 -0.00304104178 0.0360543057
v 0.0118873389 -0.00313228718 0.0359082222
v 0.0129418867 -0.00313210092 0.0355244353
v 0.0118225226 -0.00318965549 0.0358099043
v 0.0115852691 -0.00337356282 0.0354540721
v 0.0132747982 -0.00247628381 0.0364382491
v 0.0123033412 -0.00266156509 0.036553517
v 0.0122353146 -0.00275353226 0.0364462696
v 0.0135014988 -0.00169515552 0.0370605141
v 0.0127520487 -0.00177210744 0.0372814722
v 0.0125778979 -0.00219637761 0.0369940959
v 0.0125585124 -0.00223568291 0.0369625278
v 0.0124252327 -0.00247654971 0.0367474258
v 0.0129784625 -0.000746099977 0.0376673788
v 0.0129160983 -0.00114913564 0.0375598073
v 0.0135934968 -0.0011490878 0.0373130441
v 0.0129014114 -0.00122250966 0.03753452
v 0.0128300143 -0.00151940621 0.0374125056
v 0.0129894838 -0.000645521912 0.0376865119
v 0.0136631522 -0.000166679252 0.0375042483
v 0.0130201522 -6.98182193e-05 0.037742082
v 0.00585272955 -0.00407758448 0.0277123656
v 0.00589396385 -0.00407525199 0.0276809894
v 0.0056501017 -0.00415954459 0.0279227346
v 0.0056348471 -0.00415869523 0.0279023014
v 0.00561968051 -0.00415786775 0.027882047
v 0.00908423215 -0.00401652744 0.0249354746
v 0.00934774242 -0.00404782593 0.0256587937
v 0.00496397959 -0.00401652697 0.0264365245
v 0.00548625411 -0.00405025855 0.0271325205
v 0.00521316519 -0.00413602032 0.0273338947
v 0.00468961988 -0.00410661101 0.0266342927
v 0.00493301498 -0.00401448505 0.026395455
v 0.00465877587 -0.00410483824 0.0265932679
v 0.000705312821 -0.00376933347 0.0194693487
v -6.05103924e-05 -0.00382041628 0.0175124835
v 0.000197464513 -0.00373144378 0.0178986266
v -0.000776106608 -0.00379500259 0.0148312571
v -0.000634583121 -0.00369190192 0.0147921657
v 0.00131774531 -0.00381735549 0.0210030321
v 0.000913645665 -0.0038788924 0.0203841459
v 0.000410209614 -0.00384762371 0.0190410782
v 0.00376640959 -0.00405241596 0.0254031196
v 0.00378532452 -0.0040066801 0.0252924841
v 0.00280660088 -0.00399564393 0.0240171459
v 0.0028643969 -0.00393724022 0.0239210222
v 0.00220249128 -0.00395924039 0.0230240431
v 0.00203794218 -0.00387381343 0.0224897955
v 0.00154338463 -0.00391844241 0.0217835791
v 0.00115839485 -0.00389427808 0.0209584963
v 0.00367424218 -0.00392934447 0.024703186
v 0.00487008039 -0.0040103253 0.0263122916
v 0.00493145222 -0.00401438214 0.0263934098
v 0.00279493397 -0.00386862806 0.023372829
v 0.00200447929 -0.00381224533 0.0219666548
v 0.00136806094 -0.00376567151 0.0206196979
v 0.000823061564 -0.00372573291 0.0192368329
v 0.000301793974 -0.00368951843 0.0176060982
v -0.000466661615 -0.00365595333 0.0147451861
v -0.000470651343 -0.00365589489 0.0147310542
v -0.000585402711 -0.00367229036 0.0147632463
v -0.000691647874 -0.00372035522 0.014792826
v -0.000780069327 -0.00379495556 0.0148172043
v 0.00468270062 -0.00365589559 0.0128536383
v 0.00688405149 -0.00377364201 0.0188961681
v 0.0043147211 -0.00365424296 0.011843551
v 0.00431471923 0.00365423644 0.0118435612
v 0.00468274858 0.00365589606 0.0128537668
v 0.00689723901 0.00377479615 0.01893235
v 0.00908414647 0.0040165172 0.0249352362
v 0.00934926048 0.00404799823 0.0256629493
v 0.00589401741 0.00407526782 0.0276810639
v 0.00548633467 0.00405026134 0.0271326285
v 0.00496382313 0.00401651626 0.0264363065
v 0.00585300196 0.00407758355 0.0277121533
v 0.00561961066 0.00415788498 0.0278819725
v 0.00521313678 0.00413601892 0.0273338631
v 0.00468947971 0.00410660356 0.0266341101
v 0.00564995548 0.00415955111 0.0279225465
v 0.00563474 0.00415870454 0.0279021561
v 0.0127128744 1.16573936e-07 0.0379099697
v 0.0126854517 0.00061386748 0.0378601104
v 0.0126713132 0.000749478932 0.0378351994
v 0.0125996536 0.00120648951 0.0377107896
v 0.0125244344 0.00152659474 0.0375824235
v 0.0124581326 0.00174808432 0.0374707915
v 0.0122630699 0.00223213644 0.0371490605
v 0.0121716913 0.00240716757 0.0370012
v 0.0120333973 0.00263249781 0.0367804244
v 0.0117473928 0.00299574831 0.0363336578
v 0.0115258284 0.00321272272 0.0359949172
v 0.0113509726 0.00335562555 0.0357313864
v 0.0110660959 0.00354764727 0.0353085659
v 0.0109118605 0.00363458041 0.0350826867
v 0.0103838993 0.00386458798 0.034323059
v 0.0100528309 0.00396834314 0.0338556394
v 0.00987699721 0.0040137344 0.0336097404
v 0.00927735027 0.00412884215 0.0327814594
v 0.00900483411 0.00416464359 0.0324094146
v 0.00790427718 0.00423491606 0.0309258904
v 0.0065326374 0.00421018805 0.0291013699
v 0.0078568738 0.00423577614 0.0308625437
v 0.00699901627 -0.00422800099 0.0297212992
v 0.0077033015 -0.00423759362 0.0306579098
v 0.00835357606 -0.00421870127 0.0315287411
v 0.00897787232 -0.00416775327 0.0323729999
v 0.00926217902 -0.00413110247 0.032760907
v 0.0101109473 -0.00395195419 0.0339372829
v 0.0107936859 -0.00369443349 0.0349108353
v 0.0109583996 -0.00360947079 0.0351505093
v 0.0112779764 -0.00340924086 0.0356221609
v 0.0115702907 -0.00317274174 0.03606233
v 0.0116735753 -0.00307318731 0.0362200849
v 0.0120040467 -0.00267540361 0.0367339924
v 0.0120869763 -0.00255001476 0.0368655734
v 0.0122697242 -0.00221834355 0.0371599458
v 0.012472799 -0.00170250796 0.0374954268
v 0.0125249941 -0.00152446073 0.0375834182
v 0.0126019064 -0.00119511283 0.0377147086
v 0.0126302792 -0.00103992701 0.037763685
v 0.0126714669 -0.000748126185 0.0378354639
v 0.0126836291 -0.000633109827 0.0378568955
v 0.0127108693 -0.000179241266 0.0379058085
v 0.0114974985 -0.00180237263 0.038228523
v 0.0116571765 -0.00128342083 0.0384201184
v 0.0116054062 -0.00135975808 0.0384149514
v 0.0116903279 -0.00108834344 0.0384785458
v 0.0116804112 -0.000891616975 0.0385470502
v 0.0117424699 -0.000652576331 0.038571503
v 0.0117227137 -0.00040494866 0.0386230014
v 0.0117701832 6.4810564e-08 0.0386224054
v 0.0117205046 4.36633947e-08 0.0386464372
v 0.010757952 -0.00322914473 0.0370218866
v 0.010814325 -0.00320432661 0.0370288342
v 0.0109887943 -0.00292263064 0.037388131
v 0.0111090597 -0.00279049412 0.0374995507
v 0.0111967865 -0.00256799534 0.0377253853
v 0.0113250129 -0.00237702322 0.0378538929
v 0.0115175974 -0.00185894861 0.038178429
v 0.010237149 -0.00372021319 0.036219921
v 0.0104595535 -0.00356712821 0.0364777222
v 0.0106591079 -0.00337733817 0.0367858596
v 0.00948277209 -0.00416502031 0.0350246392
v 0.00954349153 -0.00413899636 0.0351127647
v 0.00944645144 -0.00416940637 0.0350511856
v 0.0100358743 -0.00388054177 0.0358373672
v 0.0102735106 -0.00371769303 0.0361943729
v 0.00817204919 -0.00452657882 0.0331703834
v 0.00840022974 -0.00448483182 0.0334879085
v 0.00836376939 -0.00449136272 0.0335151516
v 0.00894317683 -0.00435391767 0.0342514031
v 0.0092758676 -0.00424586609 0.0347261392
v 0.00807501562 -0.00454234239 0.033035852
v 0.00683805114 -0.00467114849 0.0314164571
v 0.00694960589 -0.00465777982 0.0314910971
v 0.00575123308 -0.00470133079 0.0299361628
v 0.00535424985 -0.0046901349 0.02931525
v 0.00472122431 -0.00470073195 0.0285238978
v 0.0047622202 -0.00468651624 0.0284943245
v 0.00460957736 -0.00461934507 0.0286047179
v 0.00463395985 -0.0046623284 0.0285869967
v 0.00525928289 -0.00461685099 0.0295008812
v 0.00564908888 -0.00463794544 0.0300111566
v 0.00546148513 -0.00461538229 0.0297769122
v 0.00699174218 -0.00455914298 0.0318536013
v 0.00668284111 -0.00457984209 0.0314339623
v 0.00673701335 -0.0046022688 0.0314882621
v 0.00634765206 -0.00459590694 0.0309795104
v 0.00563898636 -0.00461343862 0.0300184749
v 0.00826086104 -0.0044163838 0.0335785858
v 0.00784704182 -0.00446281768 0.0330235586
v 0.00705616316 -0.00455401465 0.0319412649
v 0.00859832764 -0.00431062281 0.0340669379
v 0.00933901593 -0.00409108121 0.0351030827
v 0.00828104559 -0.00438464014 0.0336239748
v 0.00825091265 -0.00439086743 0.0335820876
v 0.0101232324 -0.00364177232 0.036256846
v 0.0101107629 -0.00361725572 0.036252927
v 0.0100342194 -0.0036735516 0.0361382887
v 0.00973899756 -0.0038940052 0.0356855355
v 0.0096943723 -0.0038873509 0.0356354602
v 0.00932805892 -0.00406564074 0.0351032838
v 0.0103789568 -0.0033901257 0.0366590396
v 0.0106372302 -0.00315459445 0.0370435566
v 0.0106231542 -0.0031319249 0.0370355658
v 0.0108640967 -0.00285229157 0.0374009795
v 0.0108266715 -0.00286438339 0.037355125
v 0.011067884 -0.00250399625 0.0377288461
v 0.0110518867 -0.00248497864 0.037716087
v 0.011230085 -0.00208297372 0.0380083956
v 0.0112281498 -0.00214815862 0.0379921719
v 0.0113438005 -0.00174238847 0.0381987505
v 0.0116132936 -9.31047239e-08 0.038631469
v 0.0115721077 2.39050668e-10 0.0385947339
v 0.0115809841 -0.000394830044 0.038596414
v 0.011520993 -0.000862329325 0.0385032557
v 0.0115397191 -0.000868950621 0.0385230631
v 0.0114871776 -0.00110015471 0.0384442061
v 0.0114666112 -0.0013248258 0.0383955836
v 0.0113614602 -0.00175598531 0.0382157005
v 0.0046489276 -0.00467734365 0.0285761524
v 0.00567596173 -0.00467382837 0.0299915355
v 0.00676324265 -0.00463958178 0.0314704105
v 0.00828769244 -0.0044551692 0.0335648172
v 0.00936762802 -0.00413031876 0.03509463
v 0.0101544699 -0.00368005829 0.0362550914
v 0.0114016775 -0.00177767628 0.0382355973
v 0.0111052198 -0.00253419415 0.0377417468
v 0.0108997235 -0.00288572046 0.0374098197
v 0.0106712412 -0.00319031603 0.0370485373
v 0.0115079349 -0.00134112511 0.0384182818
v 0.0115818027 -0.000879525614 0.0385477245
v 0.0116234841 -0.000399571116 0.0386221744
v 0.00467421813 -0.00469317473 0.0285578575
v 0.00571227772 -0.00469630584 0.0299648717
v 0.00679916749 -0.0046640127 0.0314448662
v 0.00832428224 -0.00448176917 0.0335422494
v 0.00940582529 -0.00415811082 0.03507616
v 0.0101949684 -0.00370789296 0.0362419374
v 0.0107141547 -0.00321677211 0.0370407961
v 0.0109440507 -0.0029106827 0.0374052003
v 0.0111510381 -0.00255690771 0.0377404727
v 0.0114500318 -0.00179413974 0.0382401049
v 0.0115572689 -0.00135352334 0.0384251103
v 0.0116318082 -0.000887570612 0.0385562032
v 0.0116738603 -0.000403161714 0.0386315696
v 0.0116654085 -3.35680603e-08 0.0386496335
v 0.00476223929 0.00468654046 0.0284943227
v 0.0117644323 0.000303535839 0.0386113822
v 0.0117109437 0.000943060266 0.038515117
v 0.0116011603 0.00154869328 0.0383223593
v 0.0115415957 0.00177744252 0.0382195525
v 0.0114280991 0.00212462549 0.0380264707
v 0.0112473341 0.00254051131 0.0377253965
v 0.0112299966 0.00257448899 0.0376968794
v 0.0109606907 0.00301528699 0.0372609422
v 0.0108108288 0.00320850872 0.0370233282
v 0.0106253317 0.00341182784 0.0367333852
v 0.0102896765 0.00370548572 0.0362188444
v 0.0102146231 0.00376087497 0.0361054018
v 0.010057576 0.003866866 0.0358697474
v 0.00971547514 0.00405892963 0.0353637487
v 0.00929164514 0.00424010213 0.0347488001
v 0.009025448 0.00432945183 0.0343682356
v 0.00825229194 0.00451267324 0.0332818516
v 0.00728899334 0.00463414565 0.0319545567
v 0.00683639245 0.00466392795 0.0313367955
v 0.00613652123 0.00468641752 0.0303842127
v 0.0117311599 0.000181158568 0.038638562
v 0.00686282385 0.00466976734 0.0314502083
v 0.00576362014 0.00470124232 0.029953083
v 0.00471878983 0.00470097829 0.0285256878
v 0.00818089303 0.00452568242 0.0332606435
v 0.00925531052 0.00424489798 0.0347755253
v 0.0100212414 0.00386992074 0.0358956344
v 0.0106187137 0.00338298199 0.0368044451
v 0.0111207031 0.00270871073 0.0376011431
v 0.0108819082 0.00307372608 0.037217591
v 0.0114366366 0.00199651252 0.0381249227
v 0.0116523867 0.00109431997 0.038497407
v 0.0115613351 0.0015607212 0.0383383483
v 0.0104219792 0.00334867253 0.0367248766
v 0.0104864947 0.00328347692 0.0368239991
v 0.010500079 0.00330681237 0.0368307605
v 0.0107445763 0.00297923014 0.0372255296
v 0.0107591348 0.00300115324 0.0372347273
v 0.0109777907 0.00262213172 0.0375963785
v 0.0109934127 0.00264202477 0.03760821
v 0.0112848217 0.00193024625 0.0380995981
v 0.0113021247 0.00194529525 0.0381156541
v 0.011405631 0.00150878727 0.0383037552
v 0.011423666 0.00152054033 0.0383216888
v 0.0114938281 0.00105818687 0.0384557806
v 0.011512395 0.00106635387 0.0384751447
v 0.0115702096 0.000175400783 0.0385909043
v 0.0115892254 0.000176724396 0.0386114791
v 0.0100282663 0.00367778935 0.0361294076
v 0.00990947615 0.0037910738 0.0359374471
v 0.00994267222 0.00373663218 0.0360018872
v 0.00989751238 0.00376616023 0.0359348617
v 0.00914896 0.00416703522 0.0348300412
v 0.00913825259 0.0041415249 0.0348309688
v 0.0080784345 0.00445136987 0.0333254263
v 0.00806858018 0.00442589168 0.0333293267
v 0.00705177383 0.00455437368 0.0319352895
v 0.00676178699 0.00460077589 0.0315219238
v 0.0067521329 0.0045757289 0.031528011
v 0.00631796615 0.00459704967 0.0309392903
v 0.00566150015 0.00463778898 0.0300280545
v 0.00565140834 0.00461327471 0.0300353486
v 0.00523783173 0.00461697066 0.0294715334
v 0.00463581178 0.00466445694 0.0285857487
v 0.00460962439 0.00461937068 0.0286047626
v 0.00464897603 0.00467736972 0.0285762027
v 0.00568836089 0.00467368914 0.0300084464
v 0.00678801117 0.00463811681 0.0315041244
v 0.00810509734 0.00449001091 0.0333110169
v 0.00917714089 0.00420627417 0.034820389
v 0.00993983727 0.0038298422 0.0359335318
v 0.0105332388 0.00334349205 0.0368336923
v 0.0107939802 0.00303577399 0.0372416824
v 0.0110300947 0.00267357216 0.0376195386
v 0.0113417283 0.00196928228 0.038134031
v 0.0114645381 0.00153930276 0.0383432359
v 0.0115541993 0.00107939832 0.038499061
v 0.0116318101 0.000178823684 0.038637463
v 0.0116822552 0.000180397808 0.0386470445
v 0.011603957 0.00108932401 0.0385069288
v 0.0115134707 0.0015535641 0.0383491069
v 0.0113895405 0.00198746054 0.038137272
v 0.0110753421 0.00269723847 0.0376169793
v 0.0108376229 0.00306152925 0.0372355618
v 0.0105754128 0.00337052229 0.0368243046
v 0.00997957308 0.0038578196 0.0359186344
v 0.00921495166 0.00423389999 0.0348009989
v 0.00814152509 0.00451637385 0.0332879871
v 0.00682393461 0.00466258731 0.0314786248
v 0.00572466943 0.00469619036 0.0299817845
v 0.00467426004 0.00469319988 0.028557891
v 0.00468092319 0.00470061321 0.0284675751
v 0.00472192001 0.00468630251 0.0284381006
v 0.00468143588 0.00468608364 0.0283817332
v 0.00463389885 0.00469317567 0.0285015646
v 0.00459358888 0.00466242991 0.0285307467
v 0.00455309311 0.00466253189 0.0284745004
v 0.00452859374 0.00461963797 0.0284922924
v 0.00464049028 0.0047005103 0.028411286
v 0.00459345058 0.00469318405 0.028445283
v 0.00947977882 0.00162054377 0.0357376263
v 0.00937701017 0.0021303168 0.035559725
v 0.00795931276 0.00194564136 0.03370874
v 0.00786328968 0.00239223242 0.033542756
v 0.00889004581 0.00349282217 0.0347089544
v 0.00866636448 0.00387890101 0.0343136676
v 0.00744477753 0.00357211172 0.0328055248
v 0.00407791883 0.00358273415 0.028429931
v 0.0038917854 0.00391700165 0.0280509293
v 0.00375963748 0.00375928776 0.027946474
v 0.00490868464 0.00436263299 0.029184809
v 0.00521695707 0.00397102768 0.029783424
v 0.00612716656 0.00385232898 0.0310151409
v 0.00704995589 0.00420236122 0.032095816
v 0.00681486633 0.00446680468 0.0316688605
v 0.00725960173 0.0039038714 0.0324739702
v 0.00841008127 0.00422679586 0.0338587426
v 0.0104059298 0.00281358021 0.0368222892
v 0.0102139441 0.00329882069 0.0364715718
v 0.00908242911 0.00307071325 0.0350470021
v 0.010683327 0.00174711552 0.0373281203
v 0.0107694529 0.00117753388 0.0374856703
v 0.00959597807 0.00054921594 0.0359413698
v 0.00413673883 0.00146007224 0.0288849194
v 0.00417298777 0.00119453948 0.0289469752
v 0.0046928497 0.0011725995 0.0295923054
v 0.00392313907 0.00249423552 0.0284996275
v 0.00394056272 0.00242741778 0.0285323802
v 0.00440141745 0.0027422579 0.029061297
v 0.00425193226 0.00318551296 0.028774295
v 0.00370941404 0.00318811252 0.0280774292
v 0.00357680139 0.00353553635 0.0277959909
v 0.00493308343 0.00312273554 0.029665295
v 0.00473084394 0.00358496606 0.0292820036
v 0.00448953779 0.00398110831 0.0288152751
v 0.00422661053 0.00429936079 0.0282970052
v 0.0045250766 0.00225555431 0.0292916689
v 0.00531297177 0.00136985071 0.0303566735
v 0.005941357 0.00156368187 0.0311371312
v 0.00522268703 0.00200798921 0.0301967654
v 0.00583092077 0.00228048023 0.0309383068
v 0.00509649143 0.00259539951 0.0299681909
v 0.00567547465 0.0029274621 0.0306525361
v 0.0054720086 0.00349282473 0.0302708708
v 0.0057885116 0.00434215553 0.0303740818
v 0.00462238863 0.001730046 0.0294678789
v 0.00473566633 0.000592288852 0.0296665728
v 0.00536739035 0.000694727816 0.0304517224
v 0.00685936306 6.07467021e-10 0.0323570147
v 0.00545079866 -1.15570289e-10 0.030566141
v 0.00424598949 -6.36255826e-10 0.0290691499
v 0.00419677421 0.000981364166 0.028987173
v 0.00760651799 0.00320827984 0.0330928564
v 0.00774576282 0.00281422539 0.0333379656
v 0.00924461428 0.0026152269 0.0353300124
v 0.0105622103 0.00229460723 0.0371072888
v 0.00955281965 0.00109151576 0.0358646177
v 0.00808673911 0.000994840171 0.0339289866
v 0.0068323384 0.000895209843 0.0323040895
v 0.00674585439 0.00175496063 0.0321498364
v 0.00660079159 0.00254843221 0.03188999
v 0.00960918237 6.51663654e-11 0.0359681658
v 0.0063961125 0.0032523151 0.0315158665
v 0.00395505596 0.00237024343 0.0285594463
v 0.00405534822 0.00192453898 0.0287421737
v 0.00889005512 -0.00349282403 0.0347089544
v 0.00866637286 -0.00387890264 0.0343136713
v 0.00392313907 -0.00249423552 0.0284996331
v 0.00387607398 -0.00266544451 0.0284099337
v 0.00425193226 -0.00318551366 0.0287742987
v 0.00490868697 -0.00436263299 0.0291848052
v 0.00456909463 -0.00461947965 0.0285484828
v 0.00448953733 -0.00398110878 0.0288152806
v 0.00452857977 -0.004619624 0.0284922887
v 0.00370941497 -0.00318811275 0.0280774273
v 0.00357680069 -0.00353553658 0.0277959984
v 0.00407791976 -0.00358273508 0.0284299273
v 0.00387582602 -0.00389905809 0.0280381832
v 0.00422660867 -0.00429937243 0.028296994
v 0.00440141931 -0.00274225813 0.0290612914
v 0.00395505643 -0.00237024389 0.0285594463
v 0.00394056085 -0.00242741918 0.0285323858
v 0.00959598832 -0.000549216929 0.035941381
v 0.0107694594 -0.00117753434 0.0374856815
v 0.0106833363 -0.00174711691 0.037328124
v 0.0105622178 -0.00229460816 0.0371073037
v 0.0104059391 -0.00281358184 0.036822293
v 0.00908243936 -0.00307071535 0.0350470021
v 0.0102139506 -0.00329882186 0.0364715829
v 0.00841008686 -0.00422679819 0.0338587612
v 0.00612716796 -0.00385233131 0.031015154
v 0.00681487191 -0.00446680794 0.0316688679
v 0.00578851439 -0.00434215693 0.0303740893
v 0.00521695707 -0.00397102768 0.0297834333
v 0.00473084627 -0.00358496653 0.0292819962
v 0.00547201186 -0.00349282566 0.0302708689
v 0.00493308343 -0.0031227367 0.0296653006
v 0.00405534776 -0.00192453945 0.0287421793
v 0.0045250766 -0.00225555478 0.0292916726
v 0.00462239049 -0.00173004612 0.0294678733
v 0.00509649236 -0.0025954009 0.0299681965
v 0.00522268796 -0.00200799038 0.0301967729
v 0.00567547558 -0.0029274628 0.0306525454
v 0.00583092403 -0.00228048046 0.0309383031
v 0.00639611622 -0.0032523165 0.0315158665
v 0.00660079625 -0.00254843337 0.0318899937
v 0.00955282804 -0.00109151611 0.0358646363
v 0.00947978906 -0.00162054482 0.03573763
v 0.00937701948 -0.0021303189 0.0355597287
v 0.00795931928 -0.00194564299 0.0337087549
v 0.00808674656 -0.000994840753 0.0339290015
v 0.00674585672 -0.00175496156 0.032149855
v 0.00683234306 -0.000895209785 0.0323040895
v 0.00594136165 -0.00156368315 0.0311371218
v 0.00536739221 -0.000694727874 0.0304517206
v 0.0053129727 -0.00136985059 0.0303566735
v 0.00473566679 -0.00059228926 0.0296665784
v 0.0046928511 -0.00117260008 0.0295923054
v 0.00924462359 -0.00261522899 0.0353300124
v 0.00786329526 -0.00239223382 0.0335427746
v 0.00774577074 -0.00281422702 0.0333379768
v 0.00760652544 -0.00320828101 0.0330928639
v 0.00744478311 -0.00357211358 0.0328055434
v 0.00725960964 -0.0039038735 0.0324739665
v 0.00419677328 -0.000981364748 0.0289871767
v 0.0041729887 -0.00119454029 0.0289469715
v 0.0041367393 -0.00146007258 0.0288849138
v 0.00704996148 -0.00420236401 0.0320958234
v 0.00468089757 -0.00470059505 0.0284675546
v 0.00472193165 -0.00468628388 0.0284381192
v 0.00464055967 -0.00470044836 0.0284112096
v 0.00468142983 -0.00468607107 0.0283817314
v 0.00463387324 -0.00469315564 0.0285015311
v 0.00459351996 -0.0046931291 0.0284452029
v 0.00459355814 -0.00466240896 0.0285307281
v 0.00455315225 -0.00466248253 0.0284744408
v 0.00426336704 -0.00468355929 0.0278003216
v 0.003825614 -0.0046808077 0.0271945558
v 0.0042110784 -0.00469892379 0.0278135203
v 0.00378967007 -0.0046965261 0.0272207782
v 0.00375042669 -0.00469612656 0.0272494331
v 0.00416401168 -0.00469278963 0.0278477073
v 0.00368309394 -0.00464553433 0.0272987112
v 0.00369709102 -0.00466390839 0.0272884592
v 0.00412322255 -0.00466316938 0.0278773904
v 0.00371253886 -0.00467805471 0.0272771381
v 0.00373830204 -0.00469244039 0.0272582974
v 0.00367121748 -0.00462233881 0.0273074303
v 0.00377739733 -0.00469766837 0.0272181127
v 0.00382010732 -0.00468077185 0.0271869544
v 0.00373278791 -0.00469243154 0.0272507109
v 0.00370706199 -0.00467808032 0.0272695422
v 0.00369344908 -0.00466590468 0.0272795092
v 0.00366570707 -0.00462235743 0.0272998605
v -0.00194447325 -0.00467514107 0.0138057284
v -0.00229537603 -0.00464748731 0.0125722922
v -0.0015509876 -0.00464682281 0.015026479
v -0.00233868114 -0.00467920117 0.0125864148
v -0.00198890688 -0.00468948437 0.0138192093
v -0.00239032716 -0.00469046878 0.0126033165
v -0.00203695195 -0.00468648691 0.0138337752
v -0.00244200858 -0.00467947451 0.012620315
v -0.00174368953 -0.00464877812 0.0150799723
v -0.00209572189 -0.00464888383 0.0138665056
v -0.00172338029 -0.00466647325 0.0150743378
v -0.00207966613 -0.00466655474 0.0138467308
v -0.0016814511 -0.00468618376 0.0150626898
v -0.00158727914 -0.00467522908 0.0150365522
v -0.00163203012 -0.00468951929 0.0150489742
v -0.00248540612 -0.00464799022 0.0126346424
v -0.00164208596 -0.00469053257 0.0150706181
v -0.00158979523 -0.00467887241 0.0150561174
v -0.00154612807 -0.00464682607 0.0150440102
v -0.00173887552 -0.00464877021 0.0150973452
v -0.00169458718 -0.00467992853 0.0150851877
v 0.00218313071 -0.00465007359 0.0251671728
v -0.00153618853 -0.00464827148 0.0158557631
v -0.00151586905 -0.00466606999 0.0158504955
v -0.00130450237 -0.00466535753 0.016691044
v 0.00260303728 -0.00467291847 0.0254761539
v 0.00229648734 -0.00469040079 0.0250927191
v 0.0016666461 -0.00466687465 0.0239862837
v 0.00165235065 -0.0046877861 0.0240462255
v 0.00137553387 -0.00466494355 0.02346747
v 0.00106446678 -0.00468534045 0.022967428
v -0.00075761677 -0.00467751967 0.0182375535
v -0.00025635073 -0.00465368386 0.0197307486
v 3.10969845e-05 -0.00468089245 0.0206432845
v 0.000311968062 -0.00465766992 0.021238884
v 6.33858945e-05 -0.00468103494 0.0207271557
v 0.000337135541 -0.00465784455 0.0212993566
v 0.000961761631 -0.00466216635 0.0226705
v -0.00137916976 -0.00467553688 0.0158151332
v -0.0011306766 -0.00464815553 0.016647609
v -0.00116760377 -0.00467605423 0.0166568458
v -0.000764718745 -0.00465024961 0.0180667248
v -0.000720318931 -0.00465053366 0.0182270668
v -0.000893138873 -0.00466339523 0.0182756949
v -0.000964597566 -0.00464525353 0.0180938225
v -0.00133093842 -0.00464740954 0.0166710503
v -0.000117384763 -0.00463980157 0.0207006764
v -0.000485070748 -0.00464211963 0.0196776129
v -0.000912760443 -0.00464491593 0.0182812195
v -8.48004784e-05 -0.0046396004 0.0207850579
v 0.00040830893 -0.00465692254 0.0219173171
v 0.000255987368 -0.0046375473 0.0216173213
v 0.000391248555 -0.00463676685 0.0219250098
v 0.00198899629 -0.00462886179 0.0248963125
v 0.00195445609 -0.00462901173 0.0248417296
v 0.00153416314 -0.00465232413 0.0241154358
v 0.00106406759 -0.00463315099 0.0233046655
v 0.000941731734 -0.00465462264 0.0230307076
v 0.000925697736 -0.00463386113 0.0230389964
v 0.000588940922 -0.00463566044 0.0223547779
v -0.00147278397 -0.00468627503 0.0158393551
v -0.00126149901 -0.00468595093 0.0166802984
v -0.000850972661 -0.00468505826 0.018263828
v -5.95952115e-05 -0.0046832799 0.0206783284
v -2.71822882e-05 -0.00468321191 0.0207625404
v 0.00044638908 -0.00468225917 0.0219001491
v -0.00142420584 -0.00468958635 0.0158267934
v -0.00121284823 -0.00468969811 0.0166681428
v -0.00080281042 -0.00469002454 0.0182502754
v -1.32464211e-05 -0.0046908902 0.0206604209
v 1.90862866e-05 -0.00469092978 0.0207444597
v 0.00102171791 -0.00469218753 0.0229894556
v 0.000978093711 -0.00468132272 0.0230119508
v 0.00156865153 -0.00468041981 0.0240952205
v 0.00221567717 -0.00467958068 0.0251457747
v 0.00225597131 -0.00469386205 0.0251193028
v 0.00161066046 -0.00469297078 0.0240706224
v -0.00186266587 -0.0042239707 0.0126030194
v -0.00143071054 -0.00379875023 0.0126350904
v -0.00082742126 -0.00365634076 0.0136500765
v -0.00097216724 -0.00369892316 0.0136933252
v -0.00130735489 -0.00370404636 0.0125950668
v -0.00116213597 -0.00366205093 0.0125488965
v -0.00112457282 -0.00366028142 0.0125370789
v 0.00457727537 -0.00367119303 0.00941064116
v 0.00456762034 -0.0036710999 0.00942137092
v 0.00410038512 -0.00367360818 0.00940325577
v 0.00433739042 -0.00366854225 0.00971174706
v 0.00379590341 -0.00367543497 0.00938423909
v 0.00328865857 -0.00367885432 0.00933919195
v 0.00416654861 -0.00366578833 0.0100174714
v 0.00304058543 -0.00368063292 0.00931588188
v 0.00217262493 -0.00368671375 0.00926681329
v 0.00413625361 -0.00366510847 0.0100928061
v 0.00114015152 -0.00369298924 0.00929591525
v 0.00407383731 -0.00366316224 0.0103111416
v 0.000451750006 -0.00369586307 0.00939566176
v -0.00122701738 -0.00366393896 0.0121619496
v 0.00404636655 -0.00365961366 0.0107404301
v -0.00130692939 -0.00366884191 0.011743011
v -0.00133878319 -0.00367622147 0.0112005798
v -0.00131000625 -0.00368053559 0.0109069264
v -0.00119325111 -0.00368656102 0.0105018392
v -0.00099651888 -0.00369125931 0.0101674693
v -0.000767972087 -0.00369414012 0.00993002858
v -0.000354007236 -0.00369638042 0.00966250338
v -4.31907938e-05 -0.00369670964 0.00953231379
v 0.00406679418 -0.00365819084 0.0109380195
v 0.00406679325 0.00365818525 0.0109380195
v 0.00404483359 0.00365984091 0.0107101258
v 0.00407383731 0.00366315804 0.0103111416
v 0.0041279858 0.00366490008 0.0101156291
v 0.00416654861 0.00366578507 0.0100174751
v 0.00433739182 0.00366854086 0.00971174426
v 0.00456761988 0.00367109897 0.00942137651
v 0.00481425086 -0.00389341079 0.00916826073
v 0.00481360406 -0.00393049885 0.0091688903
v 0.00482801395 -0.00380926998 0.00915516168
v 0.00466543064 -0.0036905373 0.0093162274
v 0.00490647228 -0.00347651262 0.00908195134
v 0.00471724896 -0.00372068118 0.00926328078
v 0.0047492818 -0.00374915148 0.00923136342
v 0.00485544931 -0.00365160266 0.00912927929
v 0.00479325559 -0.00381304207 0.00918843038
v 0.00480375392 -0.00383943506 0.00917832181
v 0.00481360452 0.00393049838 0.00916888658
v 0.00481035328 0.00386442221 0.00917199254
v 0.00490647368 0.00347651099 0.00908194575
v 0.00480366917 0.00383917708 0.0091784047
v 0.00477902777 0.00378718949 0.00920221861
v 0.004750174 0.00375009328 0.00923048705
v 0.00472194701 0.00372429006 0.00925856922
v 0.00466535939 0.0036905054 0.0093163019
v 0.00506649585 -0.00322201685 0.0089392839
v 0.00506649632 0.00322201615 0.00893927831
v 0.00502655283 0.00326724211 0.00897416938
v 0.00497200433 0.00334357284 0.00902254973
v 0.00457727537 0.00367119187 0.00941063929
v 0.0051798136 0.00204667565 0.00617909059
v 0.00517981313 -0.00204667589 0.00617909292
v 0.00527027249 0.00214255671 0.00686180452
v 0.00527027249 -0.00214255648 0.00686180219
v 0.00533418683 0.00229806942 0.00746636558
v 0.00533418683 -0.00229806919 0.00746636419
v 0.00535800587 0.00250344398 0.00798024889
v 0.00535800494 -0.00250344444 0.0079802582
v 0.00534844492 -0.00263847271 0.00823346525
v 0.00534844445 0.00263847155 0.00823346712
v 0.00532892486 -0.00274145766 0.00839715172
v 0.00532892579 0.00274145743 0.00839714706
v 0.00530180242 -0.00283474638 0.00852806028
v 0.00530180242 0.00283474592 0.00852806121
v 0.00523476163 -0.00298941392 0.00871533435
v 0.00523476163 0.00298941275 0.00871533342
v 0.00521122478 0.00303125475 0.00876042154
v 0.00639755232 0.00200640992 0.000736952992
v 0.00639614556 0.00199999986 0.00102833018
v 0.00615695212 0.00200000033 -0.00124275242
v 0.00676089991 0.0021603026 0.00269807759
v 0.00676379725 0.00214830367 0.00269764708
v 0.0066131982 0.0021464692 0.00169135665
v 0.00676461402 0.0021060314 0.0026975302
v 0.00661341101 0.00210411125 0.00169132685
v 0.00675006351 0.00206341734 0.00269969157
v 0.0065981783 0.00206164201 0.00169358496
v 0.00672108168 0.00202847901 0.00270398404
v 0.00656861812 0.00202716049 0.00169796194
v 0.0066833538 0.00200700038 0.00270956778
v 0.00653058011 0.00200633286 0.00170358713
v 0.0066425954 0.00200000033 0.00271560019
v 0.00619839365 0.00200714916 -0.00124614895
v 0.00623628171 0.00202874979 -0.00124924886
v 0.00643563271 0.00202730158 0.000732175889
v 0.00626531197 0.00206375285 -0.00125162955
v 0.00646518683 0.00206181942 0.000728474988
v 0.00627979496 0.00210635993 -0.00125282095
v 0.00648036599 0.00210428843 0.000726563274
v 0.00627882034 0.00214856886 -0.00125274004
v 0.00648006517 0.00214661239 0.000726596336
v 0.00627589086 0.00216049398 -0.00125252246
v 0.006497283 0.00216052798 0.000887757458
v 0.00708409352 0.00201321184 0.0054052216
v 0.00702874968 0.00199999986 0.00541318674
v 0.00683123618 0.00199999986 0.00402517477
v 0.00714738388 0.0021601012 0.00539606018
v 0.00715016853 0.0021484897 0.0053956653
v 0.00695931492 0.0021484266 0.00405497244
v 0.00715042604 0.00210272963 0.00539564854
v 0.00696013402 0.00210611988 0.00405485742
v 0.00712772831 0.0020500531 0.00539893564
v 0.00694555789 0.00206346996 0.00405692589
v 0.00710738171 0.00202851486 0.00540186977
v 0.00691652624 0.00202850252 0.00406103861
v 0.00687873363 0.0020070055 0.00406638766
v 0.00728557678 0.00209583738 0.00654693507
v 0.00736665493 0.00241305749 0.00738093443
v 0.00737275044 0.00239192718 0.00738923904
v 0.00735037727 0.00225712545 0.00696819834
v 0.00501897 0.00513569312 0.009228318
v 0.00507266354 0.00513608521 0.00922913942
v 0.00493466528 0.00517288921 0.00922454521
v 0.00714521343 0.00201701955 0.00625178451
v 0.0072150277 0.0020490624 0.00656094123
v 0.00722358562 0.00211764988 0.00697635021
v 0.00726181036 0.00212879479 0.0070060431
v 0.0072466447 0.00222248724 0.00733678928
v 0.00728858309 0.00226739468 0.00744113233
v 0.00725193415 0.00230004359 0.007531357
v 0.00724950619 0.00240944745 0.00775177451
v 0.00726125902 0.00263543148 0.00808410347
v 0.00723455986 0.00255114934 0.00797986798
v 0.00719850836 0.00289382786 0.00837356877
v 0.00716422405 0.00287447195 0.00836436078
v 0.00709601864 0.00318166008 0.00861911383
v 0.00702475756 0.0032598055 0.0086838631
v 0.00694786385 0.00349086081 0.00882239453
v 0.00681660092 0.00365620106 0.00891767256
v 0.00675791688 0.00384222181 0.00898599904
v 0.00652414514 0.00405837269 0.00908456184
v 0.00624650111 0.00437161466 0.00917038321
v 0.00623498717 0.00435893517 0.00916970335
v 0.00558284903 0.0048505771 0.00923593435
v 0.00564220175 0.00480644591 0.00923391059
v 0.00616075564 0.00442542834 0.00918408856
v 0.00332410773 0.00572470715 0.0090875579
v 0.00331331254 0.00567839341 0.00909476541
v 0.00423849467 0.00543217827 0.00917804055
v 0.00335666048 0.00581638049 0.00895664468
v 0.00335413846 0.00581466733 0.00897905789
v 0.00446722936 0.00550646009 0.00905179512
v 0.00462340517 0.00544817839 0.00908966456
v 0.00631737849 0.00447590603 0.00905546919
v 0.00564976921 0.00496762199 0.00909445062
v 0.00564957503 0.00496655982 0.00912054442
v 0.00559551502 0.00499966741 0.00909544528
v 0.00514670555 0.00523144193 0.0091164792
v 0.00463897176 0.00544473343 0.00906369276
v 0.0046258606 0.00544960331 0.00906282105
v 0.00682768645 0.00389992516 0.00886935182
v 0.00638037967 0.00441719964 0.00901640579
v 0.00631467206 0.00447839126 0.00903051626
v 0.00716974912 0.00328612933 0.00852177199
v 0.00692433817 0.00375281367 0.00877611805
v 0.00682225218 0.00390609913 0.00884639658
v 0.00736874389 0.00254969462 0.00771122659
v 0.00735966861 0.0025937371 0.00774154905
v 0.00733891409 0.0027505625 0.00800768286
v 0.0072666551 0.00301781646 0.0082685668
v 0.00727376668 0.00300331833 0.00828569289
v 0.00724963378 0.00307018054 0.00831723586
v 0.00716281589 0.00329775293 0.00850225333
v 0.00734151946 0.00226990343 0.00692155119
v 0.00730736833 0.00217976142 0.0065342444
v 0.0073023974 0.00220313412 0.00653202599
v 0.00334620429 0.00579870539 0.00902548712
v 0.00461440999 0.00543278549 0.00913617015
v 0.0051382836 0.00521725696 0.00916273613
v 0.00564246625 0.00495326053 0.0091663124
v 0.00631361408 0.00446195854 0.00909969304
v 0.00682731904 0.00388166495 0.00891046692
v 0.00702150492 0.00357002369 0.00875634048
v 0.00717117777 0.00326028955 0.00855715107
v 0.0072752717 0.00297322613 0.0083169993
v 0.00733997812 0.00271637575 0.0080341259
v 0.00737201842 0.00235167588 0.00740536582
v 0.00458345935 0.00536038913 0.00919713546
v 0.0051042554 0.00514888484 0.00922444277
v 0.00560578844 0.0048895427 0.00922857318
v 0.00627452368 0.00440473342 0.00916173123
v 0.00678731827 0.00382717978 0.00896981917
v 0.00698116422 0.00351494225 0.00881292298
v 0.0071303267 0.00320338225 0.00860977918
v 0.00723357266 0.00291368901 0.00836452562
v 0.00729696872 0.00265386049 0.00807548407
v 0.00732546672 0.00228417083 0.00743351318
v 0.00729943579 0.00214510295 0.0069990349
v 0.00725333532 0.00206518616 0.00655445643
v 0.00730432896 0.00213598018 0.0065398789
v 0.00734837772 0.00221463153 0.00697845127
v 0.00333555904 0.00576680759 0.00906392653
v 0.0046004788 0.00540221157 0.00917387381
v 0.00512348954 0.00518850889 0.00920061674
v 0.00562722376 0.00492644031 0.0092042014
v 0.00629872642 0.00443715742 0.00913696736
v 0.00681332778 0.00385627476 0.00894569512
v 0.00700780936 0.00354318274 0.0087897256
v 0.00715753483 0.00323135639 0.00858798809
v 0.00726136239 0.00294186524 0.0083446214
v 0.00732545601 0.0026825231 0.00805788115
v 0.00735562807 0.00231393171 0.00742087141
v 0.00733070867 0.00217538653 0.00698923599
v 0.00331331114 0.00392816216 0.00909477565
v 0.00414729491 0.00392457051 0.00916134473
v 0.00426435703 0.00392493512 0.00916643068
v 0.0045405766 0.00392701058 0.0091721518
v 0.00434565824 0.00367229525 0.0094108684
v 0.00407020282 0.00383192836 0.00917397533
v 0.00406620791 0.00374445179 0.00923156086
v 0.0032886588 0.00367885595 0.00933918823
v 0.00410207082 0.00367359817 0.00940334424
v 0.00329604978 0.00369275548 0.00926105585
v 0.00406102324 0.00368867768 0.00932014734
v 0.00330064516 0.003715317 0.00921358448
v 0.00330481469 0.00374781829 0.00917147659
v 0.0033109549 0.00383517798 0.00911261514
v 0.00304063689 0.00368063361 0.00931589585
v 0.00316873728 0.0036842979 0.00928386487
v 0.00317662489 0.00371620175 0.00920197461
v 0.0031646241 0.00367973745 0.00932753179
v 0.00318769086 0.0038544531 0.00909448136
v 0.00318335881 0.00377682224 0.00913469866
v 0.00306529086 0.00392999733 0.00907154102
v 0.00306138303 0.00380640104 0.00910409354
v 0.00305732456 0.00375445466 0.00914335158
v 0.00305235712 0.00371529651 0.00919336826
v -0.0013391109 0.00367376022 0.0113738431
v -0.00130771194 0.00366891152 0.0117373327
v -0.00112457725 0.00366027653 0.0125370491
v -0.00069340464 0.00369476387 0.00987028424
v -0.00090874813 0.00369258155 0.0100643104
v -0.000987153267 0.00369141903 0.0101555837
v -0.0012264949 0.00368532608 0.0105858482
v -0.00130823033 0.00368069136 0.010896585
v -0.000338648097 0.0036964207 0.00965499692
v 0.000477566558 0.00369578856 0.00939031038
v 0.00196311669 0.00368810818 0.00926392898
v 0.00133766525 0.00369192869 0.00928101595
v 0.000576699909 0.00369546353 0.00937105343
v -0.000470609957 0.00365589582 0.0147311809
v 0.00071656768 0.00371805299 0.0189323481
v 0.00124561787 0.00375665026 0.0203309413
v 0.000125073522 0.00367690064 0.0168389399
v -0.000466629019 0.00365595357 0.0147453072
v 0.000183502125 0.00368211069 0.0171819534
v 0.00187969697 0.00380317145 0.0217202175
v 0.00222811918 0.00382837979 0.0223895647
v 0.00264464039 0.00385804242 0.0231230389
v 0.00306176743 0.00388723169 0.0237978697
v 0.00347088324 0.0039154226 0.0244117156
v 0.00493296562 0.00401448132 0.026395401
v 0.00465874933 0.00410483731 0.0265932418
v 0.00488163857 0.00401815865 0.0264337547
v 0.003825614 0.0046808077 0.0271945521
v 0.00426497497 0.00468356861 0.0278025381
v 0.004125793 0.0046631624 0.0278809536
v 0.00416657748 0.00469279103 0.0278512836
v 0.00421364559 0.00469893124 0.0278170947
v 0.00378536736 0.00469732424 0.027223913
v 0.00373830087 0.00469243992 0.0272582937
v 0.00369709102 0.00466390839 0.0272884462
v 0.00367121701 0.00462233834 0.0273074303
v 0.00306408852 -3.33566612e-11 0.0276321378
v 0.00306841405 0.000537665037 0.0276292954
v 0.0030957316 0.00138498773 0.0276146848
v 0.00313364994 0.00200293958 0.027593622
v 0.00319540175 0.00265026954 0.027559543
v 0.00325570069 0.0030966443 0.0275264308
v 0.00337873492 0.00373919168 0.0274585485
v 0.00338834687 0.00377974124 0.0274532028
v 0.00344353355 0.00399337057 0.0274224598
v 0.00344352843 -0.00399336405 0.0274224672
v 0.00338834012 -0.0037797296 0.0274532102
v 0.0033787326 -0.00373919262 0.0274585523
v 0.00325569627 -0.00309661101 0.0275264233
v 0.00319540245 -0.00265026954 0.0275595393
v 0.00313363853 -0.0020027908 0.0275936313
v 0.00306840194 -0.000537308806 0.027629314
v 0.000167891645 -0.00142168941 0.0235801302
v 0.00115787203 -0.00141162518 0.0251268409
v 0.00122905464 1.24041583e-10 0.0253133401
v 0.000862110872 -0.00429107854 0.0233714376
v 0.00233856915 -0.00267600571 0.026479736
v 0.00213485514 -6.5432465e-10 0.0265044831
v -0.00282857683 -0.00242109667 0.0151864067
v -0.00272239838 -0.00285057165 0.0151758222
v -0.001870665 -0.00278038927 0.0183150936
v -0.00267524878 -0.00300937751 0.0151711637
v -0.00242918497 -0.00364825642 0.0151470918
v -0.00169437949 -0.00336783589 0.0182684306
v -0.00118642882 -0.00436589867 0.0181445032
v -0.00288077071 -0.00215685042 0.0151916556
v -0.00242088782 -2.07585699e-10 0.0175139848
v -0.00305635412 -2.84306856e-10 0.0152083905
v -0.00209168065 -0.00145497336 0.0183773618
v -0.00300608692 -0.00119628757 0.0152042117
v -0.00297686108 -0.00149199308 0.015201319
v 0.00179736479 -0.00426989421 0.0249593239
v 0.00277625117 -0.00424257386 0.0263850596
v 4.20262877e-05 -0.00431110756 0.0216839723
v -0.000642654311 -0.00433463324 0.019930562
v 0.000651236624 -0.00381968147 0.0234387033
v 0.00160518754 -0.00379717257 0.0250172801
v 0.00260025077 -0.00376927876 0.0264292788
v -0.00126794563 -0.00275543844 0.0201114304
v -0.00110598735 -0.00333858421 0.0200629979
v -0.000527232594 -0.00273531792 0.0218608659
v -0.000378917699 -0.00331526506 0.0218148213
v 0.000343214808 -0.00271733315 0.0235312395
v 0.00132168201 -0.00269858399 0.0250913817
v -0.00213042833 -0.00417597778 0.0151178269
v -0.00146788952 -0.00389740011 0.0182115082
v -0.00089899369 -0.00386584341 0.0200028513
v -0.00019044138 -0.00384119758 0.0217562616
v 0.00218545808 -0.00139951927 0.0264996495
v 0.000110982248 6.64982347e-10 0.0235953052
v -0.000279511441 -1.61311201e-10 0.0229060259
v -0.000716362265 -0.00143128447 0.0219195299
v -0.000777190144 -2.01741037e-11 0.0219383873
v -0.00147268933 -0.00144191063 0.0201748181
v -0.0014916613 1.19880295e-11 0.0203135312
v -0.00216157595 1.52922147e-10 0.0183981284
v 0.00671461225 -0.00382088427 0.00775179779
v 0.00645684777 -0.00299643679 0.00275073992
v 0.00735160057 -0.00265658065 0.00784023106
v 0.00725652184 -0.00304939714 0.00829823315
v 0.00717196101 -0.0029940072 0.00761673134
v 0.00335666258 -0.00581638096 0.00895663351
v 0.00230888999 -0.00600071391 0.00882693846
v 0.00349960034 -0.00579018472 0.00857109018
v -0.00214875466 -0.00568985473 0.00898093078
v -0.00234526233 -0.00559558254 0.009097117
v -0.00273573468 -0.00468096929 0.0117908223
v -0.00270458544 -0.00444746809 0.0125351772
v -0.00372448843 -0.00129154231 0.012748871
v -0.00355035439 -0.00250161276 0.012709043
v -0.00340848742 -0.00305575505 0.0126780579
v -0.00322349509 -0.00356749911 0.0126390588
v -0.00299025676 -0.00403250195 0.0125915501
v -0.00306898402 -0.00501089217 0.00984897651
v -0.00277734641 -0.00527738407 0.00959446095
v -0.00287897605 -0.00514154229 0.00987200439
v -0.00290614553 -0.00508905994 0.00999437645
v -0.00293413759 -0.00500786165 0.010205647
v -0.00344850728 -0.00464094989 0.00991839077
v -0.00294305664 -0.00493108947 0.0104376804
v -0.00286778738 -0.00475597847 0.0111906026
v -0.0025120948 -0.00549724139 0.00923238136
v -0.00127342762 -0.00595351681 0.00872867741
v -0.00170811359 -0.00584686967 0.00881647784
v -0.00142035307 -0.00592167955 0.0087524578
v 0.0022625837 -0.00600540359 0.00885616243
v 0.00100314431 -0.00610779459 0.00874074176
v 0.000669038738 -0.00611531502 0.00871161465
v 0.000119211923 -0.00610809913 0.00867855176
v -0.000438194402 -0.00607301807 0.00866973773
v -0.00075960689 -0.00603788206 0.00867984165
v -0.000811758626 -0.00603100657 0.00868279114
v 0.00437288312 -0.00553855393 0.00904477388
v 0.00454082945 -0.00547004538 0.00833028182
v 0.00463777268 -0.00544518 0.00906360149
v 0.00492535625 -0.00533128576 0.00908040442
v 0.00541704614 -0.00504348939 0.00811106153
v 0.00534988241 -0.00513391476 0.00909508578
v 0.00630927598 -0.00448328676 0.00903158356
v 0.0062327534 -0.00455068471 0.00904548727
v 0.00613496639 -0.00449992064 0.00791746099
v 0.00586359063 -0.00483150454 0.00908565894
v 0.00555946678 -0.00502045173 0.009095883
v 0.00660722051 -0.00417990284 0.00894921273
v 0.00688984711 -0.00380665902 0.00880189892
v 0.00706011243 -0.00351525843 0.00864666142
v 0.00690608239 -0.00378159177 0.0087900525
v 0.00728748459 -0.00218951073 0.00640628906
v 0.0073388759 -0.00226297812 0.00689042313
v 0.00736487936 -0.00238624052 0.00731243752
v 0.00736436713 -0.00254248665 0.00765275396
v -0.00376423635 -0.00421350216 0.00997654907
v -0.00401909789 -0.00373099907 0.0100240326
v -0.00421818206 -0.00319742342 0.0100616766
v -0.00592357432 -0.00369377388 0.00489081116
v -0.00601019198 -0.00341974362 0.0049057398
v -0.00436812453 -0.00261805626 0.0100904973
v -0.00612123078 -0.00297427201 0.00492496695
v -0.00622910913 -0.00235806732 0.00494386908
v -0.00454728352 -0.00135125511 0.0101257721
v -0.00628495356 -0.00189086492 0.00495355157
v -0.006361912 -0.000625376473 0.00496668648
v -0.00462069223 4.50538801e-10 0.0100770257
v -0.00637035025 1.1358945e-11 0.00496815052
v -0.0017022565 -0.00582536543 0.00888258964
v -0.002118462 -0.00568111567 0.00903199706
v -0.00125843717 -0.00593021652 0.00879911985
v 0.000118150994 -0.00610273052 0.00870776176
v -0.00270896358 -0.00507266214 0.0100235483
v -0.00276577426 -0.00510307075 0.0100246407
v -0.00264504901 -0.00528165093 0.00963925757
v -0.00258498522 -0.00471312879 0.0117548686
v -0.00254192413 -0.00468382612 0.011741573
v -0.00276275235 -0.00484347856 0.0108773727
v -0.00264995359 -0.00474080816 0.0112679489
v -0.00256686681 -0.00469329068 0.0116424989
v -0.00272238022 -0.00503995316 0.010106409
v -0.00273572863 -0.00499436259 0.0102304108
v -0.00279550883 -0.0049555283 0.0104437768
v -0.00274311076 -0.0049270899 0.0104357312
v -0.00272124517 -0.00482845353 0.0108069414
v -0.00235932646 -0.00542665133 0.00934044272
v -0.00253085606 -0.00529937632 0.00955040753
v -0.00256987149 -0.00526286941 0.00961698778
v -0.00167337887 -0.00578085985 0.00893630087
v -0.00215738476 -0.00553704379 0.00918277819
v -0.00207408541 -0.00564394938 0.0090856282
v -0.00241076946 -0.00547175622 0.00931832287
v -0.000783583149 -0.00589467632 0.0088263778
v -0.00152729964 -0.00575648854 0.00893155299
v -0.0016479654 -0.00572406966 0.00896317232
v 0.000117498152 -0.00602104748 0.00880386494
v 0.000119389857 -0.00596495764 0.0088182278
v -0.000434981281 -0.00593212014 0.00881209318
v 0.000985257677 -0.00596220652 0.00887668971
v 0.000987693551 -0.00601114472 0.00886843074
v 0.0009915845 -0.00605564099 0.00884326641
v 0.000116955409 -0.00607226184 0.00876461901
v 0.000993045862 -0.00606761174 0.0088321669
v 0.0009965637 -0.00608936558 0.00880298857
v 0.00100174686 -0.00610624859 0.00875473488
v -0.00081068452 -0.00602900004 0.00869677123
v -0.0027157946 -0.0052958224 0.00961210206
v -0.00247194734 -0.00549737271 0.00927342568
v -0.00283643603 -0.00511130178 0.0100150369
v -0.00288595445 -0.00483275717 0.0108900694
v -0.00269840169 -0.00470865518 0.0117834499
v -0.000793277635 -0.0059523466 0.0088061858
v -0.000803272938 -0.00600245688 0.00875994563
v -0.00264192536 -0.00472350093 0.0117702102
v -0.00282521709 -0.00485125324 0.0108864261
v -0.00286211167 -0.00496253511 0.0104459589
v 0.00203175773 -0.00495007308 0.00897471979
v 0.00306526152 -0.00392999547 0.00907153171
v 0.00182159466 -0.00392713444 0.00900773983
v -0.000849461998 -0.00386363454 0.00960485451
v -0.000381431862 -0.00397951249 0.0093043251
v -0.000368485838 -0.00388656836 0.00934536196
v -0.00146381219 -0.00379889878 0.0125246076
v 0.000658895588 -0.00499756262 0.00890438724
v 8.62074885e-05 -0.00442870939 0.00903592352
v -0.00141579099 -0.00382816978 0.0102252932
v -0.00117560616 -0.00384410517 0.00988999102
v -0.00096040807 -0.00385734905 0.00968797412
v -0.00149380753 -0.00382270804 0.0103845047
v -0.00153316825 -0.00381984003 0.0104834633
v -0.00158828881 -0.00381557667 0.0106594628
v -0.00162678945 -0.00380220381 0.0117914462
v -0.00163584726 -0.00381132285 0.0108900126
v -0.00166347483 -0.00380719127 0.0112017244
v 0.000166915925 -0.00390418107 0.00917383377
v 0.00063098938 -0.00391428545 0.00908474345
v 0.000898328784 -0.00391854485 0.00905125495
v 0.00306248898 -0.00383946928 0.00908836629
v 0.00218101568 -0.00385131221 0.00903112814
v 0.0012936634 -0.00386547088 0.00903574843
v 0.000403483165 -0.00388423074 0.00913158152
v 0.000413043192 -0.0037833089 0.00919605792
v -0.000451534172 -0.00379728386 0.00944862701
v -0.000858927611 -0.00380630814 0.00966767129
v -0.00122107682 -0.00381592149 0.00997710787
v -0.00150659902 -0.00370570319 0.0113244019
v -0.00146822236 -0.00369901513 0.0117666852
v -0.00162501121 -0.00380060147 0.0117924456
v -0.0014756124 -0.00371261383 0.0108794104
v -0.00134877767 -0.00371821574 0.0104507469
v -0.00111273618 -0.00372095034 0.0100734988
v -0.000786990742 -0.00372143905 0.00977452565
v -0.000405452534 -0.00372065976 0.00955465436
v 0.000431159482 -0.0037168921 0.00929435808
v 0.0013000539 -0.00371136377 0.00918794423
v 0.00217501633 -0.00370488851 0.00917619467
v 0.00304835243 -0.00369805098 0.00922841206
v 0.00305646006 -0.00375403254 0.00914369244
v 0.00217807922 -0.00376291038 0.00908842497
v 0.00129538425 -0.00377248554 0.00909586251
v 0.00318656 -0.00385446055 0.00909437425
v 0.00331331091 -0.00392815983 0.00909477659
v 0.00318222749 -0.00377682853 0.00913459715
v 0.00317549263 -0.00371620827 0.00920187961
v 0.00316760759 -0.00368430489 0.00928375404
v 0.00329277711 -0.00368341454 0.00929546449
v 0.00331170973 -0.00385354995 0.00910609588
v 0.0033073877 -0.0037759284 0.00914630573
v 0.00330483145 -0.00374781713 0.009171471
v 0.00330065913 -0.0037153149 0.00921358913
v 0.00329606025 -0.00369275454 0.00926105771
v 0.00406553177 -0.00383192091 0.00917373411
v 0.00406151079 -0.00374444667 0.00923134387
v 0.00405628141 -0.00368868629 0.00931995176
v 0.00392017514 -0.0039246683 0.00914750341
v 0.00414449861 -0.00392456586 0.00916120503
v 0.00426288787 -0.00392492861 0.00916638039
v 0.00714414753 -0.00201638741 0.00624198793
v 0.00721929688 -0.00210660533 0.00692675449
v 0.00725046126 -0.00226791948 0.00745568564
v 0.007241074 -0.00250300346 0.00790794939
v 0.00717734871 -0.0028275724 0.0083168475
v 0.0071384185 -0.00296016317 0.00844559539
v 0.00705742743 -0.00318271178 0.00862848945
v 0.00686491607 -0.00357525912 0.00887609646
v 0.0065954458 -0.00397152733 0.00905379932
v 0.00626802817 -0.0043281056 0.00916249491
v 0.00580067141 -0.00470296573 0.00922604464
v 0.00331331161 -0.00567839341 0.00909477193
v 0.00437776931 -0.00538661005 0.00918905251
v 0.0046637957 -0.00528353918 0.00920927711
v 0.00516127748 -0.00506934617 0.00923338253
v 0.00727929454 -0.00210099621 0.00638840254
v 0.00730183767 -0.00227305014 0.00744233839
v 0.00726837805 -0.00211547781 0.0069284332
v 0.00707639055 -0.00326281134 0.00867099501
v 0.00685107894 -0.00368293375 0.00891872775
v 0.00654693926 -0.00408906722 0.00908602215
v 0.00617412804 -0.00445451681 0.00918462314
v 0.00574982865 -0.00476647634 0.00922929961
v 0.00527789816 -0.00505478214 0.00923212804
v 0.00434714602 -0.00542524178 0.00918411836
v 0.00719425408 -0.00285352813 0.00833954196
v 0.00726445159 -0.0025163081 0.00792420097
v 0.00720930379 -0.00203618966 0.00640307646
v 0.00728831021 -0.00213165442 0.00638452126
v 0.00734425802 -0.00220932416 0.00690143555
v 0.00737388618 -0.00236418424 0.007404014
v 0.00736045139 -0.00261224317 0.00787017215
v 0.00728686154 -0.00294706924 0.00827455893
v 0.00714007625 -0.00334192603 0.00859991368
v 0.00691348035 -0.00376103004 0.00884177722
v 0.00580570986 -0.00485849939 0.00914795138
v 0.00623307191 -0.00453990093 0.00910318084
v 0.00660794647 -0.0041693761 0.00900583062
v 0.00534377387 -0.00512449723 0.00915527251
v 0.00436409097 -0.00552704232 0.00910594128
v 0.00729210488 -0.0025251105 0.00792100839
v 0.00722135184 -0.00286443508 0.00833680294
v 0.00434496673 -0.00548279798 0.00916110165
v 0.00435563177 -0.00550892577 0.00913623255
v 0.00533498079 -0.00510848453 0.00918553676
v 0.00532253506 -0.00508505711 0.00921080634
v 0.0057972949 -0.00484340731 0.00917800702
v 0.00578426896 -0.00482151425 0.00920334086
v 0.00622545928 -0.00452519162 0.0091327522
v 0.00621217303 -0.00450462569 0.00915791932
v 0.006601342 -0.00415410474 0.00903444458
v 0.00658804365 -0.00413424755 0.00905906502
v 0.00690773595 -0.00374407135 0.00886879303
v 0.0068944986 -0.0037240074 0.00889223814
v 0.00713478448 -0.00332230073 0.00862443447
v 0.00712147541 -0.00330109848 0.00864595454
v 0.00728147523 -0.00292424019 0.00829551648
v 0.00726780435 -0.00290126144 0.00831418484
v 0.00735440431 -0.00258631213 0.00788664352
v 0.00733999163 -0.00256141811 0.00790164247
v 0.00736680394 -0.00233582966 0.00741556985
v 0.00735135563 -0.00230935006 0.00742657669
v 0.00733609078 -0.00217946223 0.00690857228
v 0.00731956726 -0.00215195818 0.00691597164
v 0.00726190954 -0.00207291753 0.00639311131
v 0.00723761274 -0.00205064379 0.00639818422
v 0.00729605695 -0.00212996313 0.00692281593
v 0.00732879108 -0.00228776061 0.00743578561
v 0.00731834583 -0.00254035392 0.00791344326
v 0.00724691199 -0.00288065244 0.00832834654
v 0.00710118329 -0.00328056794 0.00866192766
v 0.00687481323 -0.00370287453 0.0089093782
v 0.00656915316 -0.00411173841 0.00907675084
v 0.00619436335 -0.00448014867 0.00917570293
v 0.00576781528 -0.00479486026 0.00922090746
v 0.00530760922 -0.00505638681 0.00922802277
v 0.00433314824 -0.00545110181 0.00917752925
v 0.00332577992 -0.00573128648 0.00908511225
v 0.00334924716 -0.00580598088 0.00901033077
v 0.00333840121 -0.00577609614 0.00905545242
v 0.0021623061 -0.00592031749 0.00897859409
v 0.00219518947 -0.00586766703 0.00899003353
v 0.00273347297 -0.0058382689 0.00903216377
v 0.00274289562 -0.00588114932 0.00900811888
v 0.00275201676 -0.00591364549 0.00896919146
v 0.00275920681 -0.00592990592 0.00892228074
v 0.00217762729 -0.00599677581 0.00891480967
v 0.00218414422 -0.00601327466 0.00886746123
v 0.00216988707 -0.00596381351 0.00895417947
v 0.00219517644 0.00586766843 0.00899003353
v 0.000985256629 0.00596220652 0.00887668878
v 0.00203180825 0.00495008426 0.0089747319
v 0.000987862237 0.00601655524 0.00886638183
v 0.0016091821 0.00597583689 0.00892670825
v 0.00215515774 0.00592118502 0.00897792727
v 0.00098908064 0.00603255862 0.00885887537
v 0.00161502778 0.00601983769 0.00890195835
v 0.000991320238 0.00605565077 0.00884323567
v 0.00162147149 0.00605318137 0.00886216015
v 0.000995571376 0.00608546054 0.00880947709
v 0.000998954289 0.0060998546 0.0087799076
v 0.00162735907 0.00606987579 0.00881440286
v 0.00100166444 0.00610625045 0.00875472929
v 0.00219278946 0.00601416826 0.00884976611
v 0.00216271542 0.00596468663 0.00895351078
v 0.00217043958 0.00599765126 0.00891412888
v 0.00217694906 0.00601415336 0.00886677299
v 0.00100311008 0.00610779552 0.00874072686
v -0.00159465079 0.00467887335 0.0150386002
v -0.00158727926 0.00467522815 0.0150365513
v -0.00194445963 0.0046751406 0.0138057666
v -0.00155098899 0.00464682141 0.0150264753
v -0.0022953765 0.00464748684 0.012572295
v -0.00163203187 0.00468951277 0.0150489751
v -0.00198889291 0.00468948483 0.0138192447
v -0.00164693629 0.00469053304 0.0150531149
v -0.00203693938 0.00468648691 0.0138338218
v -0.00169943157 0.00467993319 0.0150676938
v -0.00207965239 0.00466655428 0.0138467681
v -0.0020957198 0.00464888429 0.0138665047
v -0.00174369034 0.00464877719 0.0150799798
v -0.00248541962 0.00464799022 0.0126346191
v -0.00246549421 0.00466584228 0.012628112
v -0.00244463794 0.00467825215 0.0126212649
v -0.00233132369 0.00467559509 0.012584093
v -0.00237555406 0.00468955562 0.0125985965
v -0.00239029038 0.00469046831 0.0126034291
v -0.00242323661 0.00468614232 0.012614239
v 0.000118977172 0.00610809121 0.00867854431
v -0.000812006358 0.00603097398 0.00868279487
v -0.00059997919 0.00605683634 0.00867319666
v -0.00264189788 0.0047234837 0.0117703369
v -0.00258495938 0.00471311295 0.0117549989
v -0.000499490299 0.0059262584 0.00881352462
v 0.000119140888 0.00596495019 0.00881822966
v 0.000117249278 0.00602103816 0.0088038547
v -0.000783814641 0.00589464651 0.00882640015
v -0.000793509535 0.00595231727 0.00880619138
v -0.00142258999 0.0057819318 0.008908269
v -0.00167358492 0.00578080351 0.00893634465
v -0.00207426818 0.00564387813 0.0090857083
v -0.002359465 0.00542657264 0.00934054796
v -0.00209640129 0.00556509569 0.00914601889
v -0.00203611166 0.0055909548 0.00911331549
v -0.00241091126 0.00547167333 0.00931842346
v -0.00264514238 0.00528156664 0.00963939168
v -0.00255592307 0.00527639315 0.00959192961
v -0.00276582129 0.00510299811 0.0100247711
v -0.00272238348 0.00503999181 0.0101062646
v -0.00273453537 0.0049996227 0.010215506
v -0.00279552466 0.00495547103 0.0104439091
v -0.00272135739 0.00482865004 0.0108060334
v -0.00276274793 0.00484343758 0.0108775059
v -0.0027144691 0.00481518032 0.0108660962
v -0.00267195422 0.00475999247 0.0111496886
v -0.00256672828 0.00469322642 0.0116430847
v -0.00232045609 0.00464795623 0.0124958595
v -0.00267135585 0.00466387579 0.0120297642
v -0.00273573538 0.00468096184 0.0117908502
v -0.00290619815 0.00508897798 0.00999452826
v -0.00293545728 0.00500207348 0.0102218501
v -0.00292581134 0.004942331 0.0104408031
v -0.00291564269 0.00481847441 0.0108680585
v -0.00288594724 0.00483271666 0.0108902054
v -0.00269837514 0.00470864028 0.0117835877
v -0.00170246803 0.00582530675 0.00888263155
v -0.00206566416 0.00572444312 0.00894151907
v -0.00211865013 0.0056810393 0.00903206598
v -0.00251253531 0.0054969592 0.00923276972
v -0.00247209566 0.00549728377 0.00927353743
v -0.00257371995 0.00545501895 0.00929508638
v -0.00271588773 0.00529573392 0.00961223245
v -0.00277145114 0.00528379297 0.00958250836
v -0.00283648307 0.00511122728 0.0100151813
v -0.000803506933 0.00600242708 0.0087599447
v -0.00127364567 0.00595347397 0.00872869883
v -0.00125866255 0.00593017461 0.00879914034
v -0.00142019475 0.0059217168 0.00875240751
v -0.00156182121 0.00588712795 0.00878069736
v 0.000116704992 0.00607225299 0.00876460504
v -0.00287848804 0.0051424047 0.00987002999
v -0.00286212587 0.00496247783 0.0104460958
v -0.00282521173 0.00485121226 0.010886563
v -0.00162074738 0.00380192697 0.0118319681
v -0.00186266284 0.00422396883 0.0126030277
v -0.00143070973 0.00379874511 0.0126350867
v -0.00162747491 0.00380223198 0.0117865745
v -0.0016364886 0.00380270043 0.0117194727
v -0.00166456436 0.0038059596 0.0113202212
v -0.00166400685 0.00380695914 0.0112228142
v -0.00163585262 0.00381131936 0.0108901616
v -0.00160243921 0.00381439831 0.0107164104
v -0.00151098077 0.00382146752 0.0104257446
v -0.00148759061 0.00382315111 0.0103702936
v -0.00146831688 0.00382451713 0.0103280526
v -0.00140955998 0.00382859446 0.0102141658
v -0.00121874316 0.00384130259 0.00993928779
v -0.000960461562 0.00385734625 0.00968805514
v -0.000871958851 0.00386239076 0.00962083135
v -0.0003814105 0.00397954229 0.00930432696
v 8.62299567e-05 0.00442873733 0.00903592817
v 0.000658919336 0.00499758217 0.00890438352
v 0.0018224658 0.00392714143 0.00900773797
v -0.000422569836 0.00388433645 0.00936838705
v 0.000132029978 0.00390325719 0.00918245036
v 0.000631095318 0.00391428964 0.00908473786
v 0.000879350177 0.0039182771 0.00905327871
v -0.0012093063 0.00381631125 0.00996318832
v -0.0014194597 0.00378666329 0.0126312636
v -0.001508257 0.00370642939 0.011315763
v -0.00147518772 0.00371338334 0.0108679244
v -0.00134434481 0.00371893938 0.0104372893
v -0.000430933113 0.00379745942 0.009439216
v -0.000842240872 0.00380653585 0.00965590961
v 0.00043994718 0.00378345046 0.00919066276
v 0.00221877173 0.00385104539 0.00903234631
v 0.00132630533 0.0038651838 0.00903409626
v 0.000430774584 0.00388385751 0.00912672188
v 0.00221237587 0.00370493485 0.00917645171
v 0.00133208092 0.00371149136 0.00918522105
v 0.000457410904 0.00371712679 0.00928830262
v -0.000386100379 0.00372103881 0.00954463333
v -0.000772020314 0.00372191519 0.00976243243
v -0.00110296335 0.00372154429 0.0100599295
v -0.00147057173 0.00369967124 0.0117610069
v -0.00127515208 0.00368940225 0.0125840791
v 0.00221568951 0.00376296183 0.00908921752
v 0.00132779672 0.00377258449 0.00909373909
v -0.000829449506 0.00365634752 0.0136432434
v -0.000974193681 0.00369892898 0.0136865061
v -0.000780034694 0.00379495556 0.0148173245
v -0.000656173041 0.00370025169 0.0147831207
v -0.000510448765 0.00365784136 0.0147424089
v -0.000687068969 0.00372004882 0.0148068657
v -0.000776071975 0.00379500259 0.0148313735
v -0.000635168399 0.00369217852 0.0147924516
v -0.000580081716 0.00367197511 0.0147770913
v 0.00392024405 0.00395844365 0.0251978692
v 0.00371820433 0.00404963642 0.0253375378
v 0.00193410914 0.00394270848 0.0225414764
v 0.00248027476 0.00397603959 0.0234951861
v 0.0029656 0.00389932911 0.0238588471
v 0.00277770427 0.00399391167 0.0239721686
v 0.00357490964 0.00404118979 0.0251403097
v 0.00211067335 0.00384558411 0.0224521719
v 0.00146075187 0.00391329452 0.0216137189
v 0.00136627001 0.0037978699 0.0209822413
v 0.00119983265 0.00389693584 0.0210517608
v 0.000734098721 0.00375740766 0.0194593314
v 0.000576385122 0.00385792763 0.0195128247
v 0.000211272811 0.0037255697 0.0178947914
v 6.06253743e-05 0.00382715976 0.0179361459
v -0.000227693119 0.00370351481 0.0163057968
v -0.00037272647 0.00380588695 0.016341636
v 0.00218545902 0.00139951904 0.0264996421
v 0.00233856821 0.00267600594 0.0264797453
v 0.00277625071 0.00424257386 0.0263850614
v -0.00118642929 0.00436589913 0.0181445051
v -0.00300576119 0.00120033661 0.0152041763
v -0.00288023031 0.00215981016 0.0151916007
v -0.00297685224 0.0014919918 0.0152013227
v -0.00209168089 0.00145497406 0.0183773637
v -0.00267451373 0.00301161199 0.0151710846
v -0.00272238138 0.00285056769 0.0151758119
v -0.00187066675 0.00278038997 0.0183151048
v -0.00282858079 0.0024210983 0.0151864011
v -0.000642654195 0.00433463277 0.019930562
v 4.20261313e-05 0.00431110663 0.0216839742
v 0.000862110523 0.00429107714 0.0233714394
v 0.00179736479 0.00426989421 0.0249593239
v 0.0026002503 0.00376927853 0.0264292806
v 0.00132168387 0.00269858376 0.0250913706
v 0.00160518708 0.00379717187 0.0250172801
v 0.000343216991 0.00271733361 0.0235312246
v 0.000651236274 0.00381968077 0.0234387051
v -0.00242820941 0.0036503179 0.0151469903
v -0.00169437926 0.00336783589 0.0182684269
v -0.00110598758 0.00333858468 0.0200629998
v -0.00126794656 0.00275543868 0.0201114379
v -0.000378918136 0.00331526599 0.021814825
v -0.000527232361 0.00273531792 0.021860864
v -0.00212960457 0.00417705625 0.0151177403
v -0.00146788952 0.00389740127 0.01821151
v -0.000898992468 0.00386584341 0.0200028419
v -0.000190440202 0.00384119689 0.0217562523
v -0.0014726884 0.00144191051 0.0201748107
v -0.000716362672 0.00143128389 0.0219195317
v 0.00115787424 0.0014116246 0.0251268279
v 0.000167890626 0.00142168871 0.0235801376
v 0.00230889185 0.00600071345 0.00882692728
v 0.00578138931 0.00476027327 0.00759296771
v 0.00538898259 0.00503926072 0.00775122968
v 0.0054170466 0.00504348939 0.00811106246
v -0.00322349439 0.00356749981 0.0126390597
v -0.00299025699 0.00403250149 0.0125915566
v -0.00270458451 0.00444746669 0.0125351762
v -0.00355035369 0.00250161276 0.012709043
v -0.00340848765 0.00305575551 0.0126780644
v -0.00372448796 0.00129154255 0.0127488729
v -0.00636191852 0.00062538631 0.00496669067
v -0.00454728398 0.00135125511 0.0101257768
v -0.00628495822 0.00189088192 0.00495354971
v -0.00622911472 0.00235807057 0.00494386582
v -0.00436812406 0.00261805695 0.0100904983
v -0.0061212359 0.0029742776 0.00492496975
v -0.0060101971 0.00341974548 0.0049057384
v -0.0042181802 0.00319742342 0.0100616682
v -0.00592357945 0.00369377853 0.0048908121
v -0.00401909836 0.00373099884 0.0100240419
v -0.00376423681 0.0042135017 0.00997655466
v -0.00344850542 0.00464094989 0.00991838332
v -0.00306898518 0.00501089124 0.00984898768
v 0.00349960104 0.00579018518 0.00857109018
v 0.00324973464 0.00586254243 0.00792165287
v 0.00227490556 0.00604662951 0.00784862973
v 0.00413610507 0.00561314868 0.00793142244
v 0.00454082759 0.00547004631 0.008330293
v 0.00448260037 0.00548713468 0.00791215152
v 0.00482532755 0.00534143113 0.0078742085
v 0.00635034917 0.00416179234 0.00709351106
v 0.00611772202 0.00444706995 0.00736443186
v 0.00613496639 0.00449992064 0.00791746285
v 0.00657714345 0.00349526643 0.00537292194
v 0.00717195962 0.00299400697 0.00761673693
v 0.00647892943 0.00346959336 0.00456978707
v 0.00645687571 0.00299637648 0.00275073387
v 0.00622580806 0.00346952537 0.00280211028
v 0.0062241652 0.00346948067 0.00279091555
v 0.00661123497 0.00356991263 0.00592447212
v 0.00658923201 0.00370862405 0.00638115918
v 0.00671461318 0.00382088427 0.00775179546
v 0.00654510409 0.00382566825 0.00662659481
v 0.00649890769 0.00392111903 0.00678485027
v -5.88147668e-05 0.00619776547 0.00756475888
v 0.000795366708 0.00618679216 0.00767565332
v 0.00122129335 0.00616229372 0.00772916852
v 0.00498629129 0.00410000421 0.00300492183
v 0.00498916814 0.00410000281 0.00303089479
v 0.00534099108 0.00409086887 0.0029515666
v 0.00620415062 0.00349902711 0.00276874076
v 0.00599588454 0.00378958578 0.00281341793
v 0.00602036109 0.00376568362 0.00282182335
v 0.0058801556 0.0038918755 0.0028362798
v 0.00587564288 0.00389669091 0.00285051065
v 0.00570628606 0.00399681507 0.00286960043
v 0.00570768816 0.00399707537 0.00288267294
v 0.00551390601 0.00406317925 0.00290584308
v 0.00541404728 0.00408204272 0.00292456197
v 0.00534283649 0.0040908996 0.00296445028
v 0.0057095238 0.00399714429 0.00289557618
v 0.00587748783 0.00389674748 0.00286341598
v 0.00602223445 0.00376571785 0.00283472589
v 0.00622028345 0.00346951769 0.00276501081
v 0.00534364302 0.00409091869 0.00297008688
v 0.00499016698 0.00410000188 0.00303649297
v 0.0049911649 0.00410000142 0.0030420986
v 0.005710328 0.00399717549 0.00290122698
v 0.00587829575 0.00389677053 0.00286907516
v 0.00602305308 0.00376573205 0.00284037972
v 0.00602386938 0.00376574602 0.00284603308
v 0.00534444395 0.00409093359 0.00297573046
v 0.00571112521 0.0039972011 0.00290688477
v 0.00587910088 0.00389678916 0.0028747269
v 0.00288414164 0.00511001237 0.00693960069
v 0.00169460871 0.00529881474 0.00690904958
v 0.0020745045 0.00556457462 0.00699189818
v 0.00311682699 0.00585957523 0.00757965073
v 0.0038149294 0.00567898341 0.00759178167
v 0.00356909563 0.0055695693 0.00724667637
v 0.000884017441 0.00582871772 0.00693121506
v 0.00551825063 0.00408807397 0.00415201206
v 0.00589530542 0.00399329327 0.00417017424
v 0.00621841429 0.00376321981 0.00419549458
v 0.00594091741 0.00454084948 0.00704528484
v 0.0061339736 0.00432916451 0.00683828909
v 0.00627568737 0.0041344394 0.00658383081
v 0.00635665935 0.00397961028 0.00628153048
v 0.00449557975 0.00544188498 0.00755297393
v 0.00513888057 0.00513471942 0.00743652415
v 0.00570506789 0.00475229928 0.00721050333
v 0.000984565122 0.00614933018 0.00738055073
v 0.000923402782 0.00596443703 0.00704424223
v 0.00638099434 0.00381267257 0.00560564687
v 0.00605087122 0.00402647629 0.00548618659
v 0.00638618739 0.00387485023 0.00595045788
v 0.00603975821 0.00415433804 0.00611349568
v 0.00537379319 0.00480100047 0.00694079045
v 0.00581215648 0.00444727996 0.00662085647
v 0.00596225122 0.00428331643 0.00639327709
v 0.00420908304 0.00537283113 0.0072196438
v 0.00482076546 0.00511798495 0.00712762773
v 0.00225517713 0.00583212404 0.00718706613
v 0.00241024257 0.00599427102 0.00753341382
v 0.00329682231 0.00534407329 0.0070366771
v 0.00389466877 0.00518268999 0.00700754253
v 0.00358538423 0.00494541507 0.00689014699
v 0.00314740743 0.00505334418 0.00692863809
v 0.0030251306 0.00508050015 0.00693476293
v 0.000874956313 0.00537626818 0.00683550956
v 0.000838650041 0.00568131357 0.00686604902
v 0.00216711685 0.00570568349 0.00706688641
v 0.00343428762 0.00546665583 0.00712181162
v 0.00514836004 0.004098034 0.00415546307
v 0.00519279949 0.00409708871 0.00447902689
v 0.006313683 0.00376739819 0.00490264595
v 0.00598446373 0.00399499014 0.00483146263
v 0.00566952769 0.00410983292 0.0053812284
v 0.00527423993 0.00410456955 0.00510922726
v 0.00529300096 0.00411210489 0.00527934218
v 0.00532040093 0.00414514216 0.00563720753
v 0.00567707187 0.0042064148 0.00597531907
v 0.00532270828 0.00416974351 0.00578641705
v 0.00560602313 0.00431081466 0.00624507386
v 0.00526278792 0.00425891113 0.00610610982
v 0.00544915581 0.00444364268 0.00646041753
v 0.00500379782 0.00441788044 0.00641357154
v 0.00500574755 0.0047268346 0.00675324583
v 0.00464782352 0.00458813785 0.00662311213
v 0.00447128993 0.00497749588 0.0069216378
v 0.0043776785 0.00469568605 0.00672499742
v 0.00360394293 0.00494044553 0.00688785128
v 0.000425019563 0.00437317602 0.00658547878
v -1.31193237e-05 0.00460394798 0.00666182023
v 0.00415808056 0.00409727916 0.0048299823
v 0.00446305051 0.00409896392 0.00404323544
v 0.00374952308 0.004106862 0.00540699158
v 0.00395814562 0.00427561533 0.00624816399
v 0.00323820324 0.00446172152 0.0065844818
v 0.0027359908 0.00457272306 0.00670561334
v -2.09490754e-05 0.0042607598 0.00644915644
v 0.000605274457 0.00423199777 0.00640925067
v 0.000618420716 0.00415908732 0.00618410576
v 0.00225929171 0.00410623709 0.00562796835
v 0.0025727828 0.00419403519 0.00619857153
v 0.00363671524 0.00436157594 0.00642973604
v 0.00323585025 0.00413588062 0.00584184192
v 0.00421198597 0.00421141973 0.00605392363
v 0.000356425415 0.00487665599 0.00674144132
v 0.000872772362 0.00454807794 0.00669998489
v 0.0013220273 0.00479292683 0.00679779612
v 0.0016057709 0.00447647972 0.0066697835
v 0.00210673525 0.00468629552 0.0067805564
v 0.00220682868 0.00440106634 0.00658845622
v 0.00110532553 0.00432713144 0.00654709712
v 0.00167769007 0.00427931128 0.00646361103
v 0.00216155243 0.00423393399 0.00634477101
v 0.00150756375 0.00412703026 0.00595667399
v 0.00114832004 0.00420239661 0.00632925704
v 0.00458236691 0.00410000328 0.0001198385
v 0.00451912079 0.00409999955 -0.000901926425
v 0.00311744027 0.00410000002 -0.000622176391
v 0.00469170138 0.00410001725 0.00105836429
v 0.00366511312 0.00410000002 0.00220627431
v 0.00348748919 0.00410000049 0.0012889416
v 0.00536149414 0.00405933755 0.00187451032
v 0.00523177721 0.0040568267 0.000967182568
v 0.00505658425 0.00404801359 -0.00100110099
v 0.00585735543 0.00361019606 0.000843636226
v 0.00596759096 0.00346608809 0.0010353555
v 0.00574671244 0.00346078165 -0.00114692771
v 0.00598325115 0.00361007429 0.0017527095
v 0.00572952116 0.00388840679 0.00180411816
v 0.00560484547 0.00388682843 0.000895632256
v 0.00566557841 0.00360582606 -0.00112707273
v 0.005555999 0.00375652174 -0.00110189302
v 0.00542560034 0.00387617317 -0.00107407698
v 0.00525295502 0.00397791155 -0.00103922701
v -0.000802051043 0.00408838876 -0.00607431447
v 0.00082570198 0.00410000002 -0.00559136504
v 0.000839154178 0.00409999955 -0.00558803417
v 0.000906783971 0.00408729538 -0.00593899237
v 0.00135047245 0.00343019026 -0.00668017566
v 0.00164679193 0.00373808341 -0.00641527167
v 0.00223954115 0.00373950158 -0.00616981508
v -0.000882035296 0.00373241841 -0.00673292577
v -0.000901220308 0.00342241465 -0.00688539445
v -0.000884019013 0.0034224703 -0.00688698236
v -0.000240457055 0.0037338885 -0.00675566075
v -9.41390826e-05 0.00342514529 -0.00690798182
v 0.000399570941 0.00373533275 -0.00670956215
v 0.00103102613 0.00373672694 -0.00659561157
v 0.00105984346 0.00342918071 -0.00675460696
v 0.00111080101 0.00342935789 -0.00674263481
v 0.00270207482 0.00343517167 -0.00611613132
v 0.00235977722 0.0034338003 -0.00629645027
v 0.00230085012 0.00343357702 -0.00632469403
v 0.00280159013 0.00374111277 -0.00586063648
v 0.00332491309 0.0037430427 -0.00548985833
v 0.00341841672 0.00343877263 -0.00563520053
v 0.00422587525 0.00374820014 -0.00458069518
v 0.00391149195 0.00344228279 -0.00520010712
v 0.00380168739 0.00374547113 -0.00506115099
v 0.00383983715 0.00344170211 -0.00526979938
v 0.00347059267 0.00343909487 -0.0055937306
v 0.0045933621 0.00375112426 -0.00405624229
v 0.00438662898 0.00344684045 -0.00466820132
v 0.00435189856 0.00344646396 -0.00471177604
v 0.00507723074 0.00345551991 -0.00357052055
v 0.00505979033 0.00345528545 -0.00360561046
v 0.00490314607 0.00375364558 -0.00349647342
v 0.00476093311 0.00345131662 -0.00413721986
v 0.00473683327 0.00345100742 -0.00417529279
v 0.00533546554 0.00345882052 -0.00297500635
v 0.00515505672 0.00375566981 -0.00290891039
v 0.00536474772 0.00345915556 -0.00289587537
v 0.0057080253 0.00346090668 -0.00151083013
v 0.00567496102 0.003460943 -0.00172637764
v 0.00548643339 0.00375672872 -0.0016758946
v 0.00506387139 0.00397812854 -0.00218209974
v 0.00436743582 0.00410000002 -0.00191196299
v 0.00470896345 0.00408311607 -0.00204185629
v 0.00426668348 0.00410000002 -0.00227035675
v 0.00401724968 0.00409999955 -0.00292588049
v 0.00432715472 0.00408385228 -0.00311822095
v 0.00405928073 0.00408440735 -0.00362409395
v 0.00369192357 0.00410000002 -0.00353309442
v 0.00374022126 0.00408496568 -0.00410047639
v 0.0033682182 0.0040855268 -0.00453763362
v 0.00313268346 0.00410000002 -0.00426378706
v 0.00294788065 0.00408599107 -0.00492873508
v 0.00294539449 0.00410000002 -0.00445250701
v 0.00248382566 0.00408637291 -0.00526685361
v 0.00231111469 0.00410000002 -0.00495174993
v 0.00198577438 0.00410000002 -0.005145323
v 0.00198413455 0.00408667419 -0.0055489894
v 0.00184535503 0.00410000002 -0.00521833077
v 0.00145610294 0.0040869629 -0.00577327842
v -0.000222809234 0.00410000002 -0.00573463645
v 0.000343033375 0.00408768095 -0.00604542345
v -0.000228678298 0.0040880763 -0.00609090924
v -0.000460554322 0.00410000002 -0.0057357857
v 0.00535001606 0.00375666493 -0.00230031484
v 0.00464801956 0.00397857046 -0.00332521019
v 0.00567310676 0.00346094789 -0.00173717597
v 0.00435801921 0.00397878699 -0.00386182149
v 0.00401299214 0.00397884846 -0.00436621951
v 0.00361256558 0.00397895416 -0.0048290221
v 0.00316106575 0.00397896627 -0.00524264015
v 0.00266392739 0.00397899328 -0.00560032297
v 0.0021291757 0.00397898909 -0.00589867774
v 0.00156458851 0.00397903938 -0.00613574637
v 0.000977635733 0.00397919817 -0.00631055841
v 0.000375462027 0.00397944078 -0.00642212061
v -0.000235115644 0.00397967547 -0.0064688297
v -0.000847442541 0.00397973182 -0.00644951779
v -0.00124948041 0.00410000002 -3.60484446e-05
v -0.0010640556 0.00409999955 -0.00065596326
v -0.000593518605 0.00410000002 -0.00110010942
v 3.6050802e-05 0.00410000002 -0.00124947925
v 0.000655960641 0.00410000002 -0.00106405374
v -0.0011001064 0.00410000002 0.000593515811
v -0.000733644061 0.00410000002 0.00101206196
v 0.000823435606 0.00410000002 0.000940451166
v 0.000333841046 0.00410000002 0.00120459811
v -0.000221873386 0.00410000002 0.00123014988
v 0.0011001064 0.00410000002 -0.000593516044
v 0.00124867982 0.00410000049 -5.74201404e-05
v 0.00114993739 0.00410000002 0.000490044069
v -0.00110010675 -0.00410000002 0.000593517616
v -0.00124868006 -0.00410000002 5.74217047e-05
v -0.00114993774 -0.00410000002 -0.000490042497
v -0.000823434675 -0.00410000002 -0.000940456928
v -0.000333841221 -0.00410000002 -0.0012045966
v 0.000221873139 -0.00410000002 -0.00123014825
v 0.00073364377 -0.00409999955 -0.00101206044
v 0.00110010721 -0.00410000049 -0.000593521574
v -0.00110010698 0.00199999963 0.000593519129
v -0.00124947983 0.00199999963 -3.60524609e-05
v -0.00106405606 0.00200000033 -0.000655959942
v -0.000593519129 0.00200000009 -0.00110010616
v 3.60513841e-05 0.00199999963 -0.0012494832
v 0.000655961281 0.00200000033 -0.00106405781
v 0.0011001071 0.00200000033 -0.000593520061
v 0.00124868064 -0.00409999955 -5.74257065e-05
v 0.00114993716 -0.00410000002 0.000490045873
v 0.000823435257 -0.00410000002 0.000940452912
v 0.000333841803 -0.00410000002 0.00120459253
v -0.000221873648 -0.00410000002 0.00123015163
v -0.000733644294 -0.00410000002 0.00101206382
v 0.0012486804 0.00200000033 -5.74241712e-05
v 0.00114993693 0.00199999963 0.000490047387
v 0.000823435024 0.00200000009 0.000940454483
v 0.000333841628 0.00200000009 0.00120459404
v -0.000221873895 0.00199999963 0.00123015326
v -0.000733643421 0.00199999986 0.001012058
v 0.000280157576 0.00200000033 -0.00715557672
v 0.000918065431 0.00199999963 -0.00707246829
v 0.00107296847 0.00200000033 -0.00704239542
v 0.00132998172 0.00199999963 -0.00698371464
v 0.00538505055 0.00200000033 -0.00383556308
v 0.00568088144 0.00200000009 -0.00321287895
v -0.00100436166 0.00199999986 -0.00712932274
v -0.000152594454 0.00200000009 -0.00717546558
v 0.00588329509 0.00200000056 -0.00265141833
v 0.00609452603 0.00199999963 -0.0017538981
v 0.00394710666 0.00200000009 -0.0056287311
v 0.00434108311 0.00200000033 -0.00525745004
v 0.00272371178 0.00200000009 -0.00645713042
v 0.00229901634 0.00200000009 -0.00665769074
v 0.00287605566 0.00200000056 -0.00637553865
v 0.00342157832 0.00200000009 -0.00603647903
v 0.00387536036 0.00199999963 -0.00568981422
v 0.00494762836 0.00200000009 -0.00453383336
v 0.00625790376 0.00214854185 -0.00146544969
v 0.00108161545 0.0020073331 -0.00708417967
v 0.000925690401 0.00200733659 -0.00711447187
v 0.000283560919 0.00200735102 -0.007198215
v -0.000363714003 0.00200736662 -0.00721745798
v -0.00100952212 0.00200738199 -0.00717195915
v 0.00390249724 0.00200725673 -0.00572217256
v 0.00344572403 0.00200727396 -0.00607124204
v 0.00289659319 0.00200729002 -0.00641265465
v 0.00231574243 0.00200730423 -0.00669676717
v 0.00170838705 0.00200731843 -0.00692140451
v 0.00617774809 0.00200714823 -0.00145624892
v 0.00607856456 0.0020071473 -0.00206594262
v 0.00592303602 0.00200715056 -0.0026637509
v 0.00570147159 0.00200716127 -0.00327182654
v 0.00542178191 0.00200717687 -0.00385544403
v 0.0047939159 0.00200721412 -0.00480657676
v 0.0043712561 0.00200723694 -0.00528682442
v 0.00620878674 0.0021606537 -0.00179401529
v 0.00615749136 0.00214851322 -0.00208259863
v 0.00600097748 0.00216062111 -0.00267478963
v 0.00600012625 0.00214858958 -0.00268765492
v 0.00577599369 0.00214880286 -0.00330311479
v 0.00573315891 0.00216031051 -0.00339580514
v 0.00547838025 0.00211507408 -0.00392495794
v 0.00533327181 0.00215959433 -0.00416836422
v 0.00484910887 0.00213887217 -0.00487064943
v 0.00483871577 0.0021589098 -0.00487762643
v 0.00442983303 0.0021503747 -0.00534374733
v 0.00428636745 0.0021583708 -0.00548417307
v 0.00392988743 0.00211636978 -0.00580854435
v 0.00361853023 0.00215783902 -0.00604694476
v 0.00349260797 0.0021511449 -0.00613863533
v 0.00299280486 0.00215746113 -0.00645153876
v 0.00293647638 0.00215148274 -0.00648462726
v 0.00234823045 0.00215178588 -0.00677253958
v 0.00223431154 0.00215703459 -0.00681885425
v 0.00170288165 0.00211819611 -0.00701176235
v 0.00152569625 0.00215665367 -0.00706062792
v 0.00112951489 0.00211686641 -0.00716064963
v 0.000769048755 0.00215627439 -0.0072239819
v -0.000987668871 0.00212115352 -0.0072606327
v -0.00081982743 0.00215552654 -0.0072752093
v -0.000330875715 0.00211661728 -0.00730303396
v -1.82707554e-05 0.00215590186 -0.00729772402
v 0.00025652285 0.0021152657 -0.00728528155
v 0.000914061151 0.00212565018 -0.0072030928
v -0.00101961475 0.00210980815 -0.0072556762
v -0.00036539213 0.00210958254 -0.0073015918
v 0.000290278898 0.00210935762 -0.00728192367
v 0.000940692611 0.00210913643 -0.00719692092
v 0.0010986242 0.00210908311 -0.00716620032
v 0.00173344708 0.00210887147 -0.00700115971
v 0.00234860787 0.00210866262 -0.00677346485
v 0.00293694227 0.00210844562 -0.00648550456
v 0.00349315861 0.00210820441 -0.00613946654
v 0.00395580335 0.00210795947 -0.00578565709
v 0.00443052314 0.00210765307 -0.00534445327
v 0.00485845562 0.00210732431 -0.00485782558
v 0.00549390865 0.00210676761 -0.00389442779
v 0.00577689009 0.0021065278 -0.00330351363
v 0.00600105617 0.0021063746 -0.00268794573
v 0.00615844643 0.00210631988 -0.00208280352
v 0.00625887467 0.00210634037 -0.00146556157
v -0.00101782882 0.00206582015 -0.00724078482
v -0.000365104846 0.00206568488 -0.00728661707
v 0.000289073214 0.00206555054 -0.00726703089
v 0.000938014069 0.00206541806 -0.00718225772
v 0.00109558774 0.00206538592 -0.00715160603
v 0.00172897871 0.00206525903 -0.00698696962
v 0.00234275148 0.0020651333 -0.0067598233
v 0.00292975386 0.00206500315 -0.00647254661
v 0.00348470896 0.00206485926 -0.0061273328
v 0.00394630944 0.00206471235 -0.00577437598
v 0.00441996753 0.00206452794 -0.00533420872
v 0.0048469631 0.00206433074 -0.00484872004
v 0.00548106944 0.00206399779 -0.00388749852
v 0.00576346787 0.0020638539 -0.00329788076
v 0.00598717434 0.00206376216 -0.00268364977
v 0.00614423351 0.00206372933 -0.0020798014
v 0.00624444103 0.00206374144 -0.00146390335
v -0.00101422961 0.00202968204 -0.00721092615
v -0.000364505366 0.00202962058 -0.0072566187
v 0.00028667759 0.00202956027 -0.00723717827
v 0.00093266397 0.00202950044 -0.00715285353
v 0.00108952192 0.00202948623 -0.00712235458
v 0.00172004243 0.00202942872 -0.00695853122
v 0.00233103102 0.00202937215 -0.00673247129
v 0.00291536446 0.00202931371 -0.00644656597
v 0.00346779288 0.00202924851 -0.00610300386
v 0.00392729742 0.00202918216 -0.00575172575
v 0.00439883117 0.0020290995 -0.00531365676
v 0.00482394639 0.00202900986 -0.00483044144
v 0.00545534771 0.00202885969 -0.00387360109
v 0.00573657081 0.00202879519 -0.00328658056
v 0.00595935015 0.00202875352 -0.002675022
v 0.00611574529 0.00202873838 -0.00207379041
v 0.00621550903 0.00202874397 -0.0014605812
v -0.00161605037 0.00280176452 -0.0069903587
v -0.000928687979 0.00280404906 -0.0070986487
v -0.000235811414 0.00280630798 -0.00713156164
v 0.000454746565 0.00280875526 -0.00708924327
v 0.00113528699 0.00281162304 -0.00697272504
v 0.00560245849 0.00281255716 -0.00311862421
v 0.00581743661 0.0028179253 -0.00247481791
v 0.00596482633 0.00282713003 -0.001812918
v 0.00610947469 0.00265575293 -0.00121931254
v 0.00532207917 0.00281097018 -0.00373676675
v 0.00497860136 0.00281228055 -0.00432190346
v 0.00457469653 0.00281513063 -0.0048670494
v 0.00411364809 0.00281804358 -0.00536562828
v 0.00359960948 0.00281977002 -0.00581163773
v 0.0030378399 0.00281964312 -0.00619966537
v 0.00243482273 0.00281777186 -0.00652504433
v 0.00179798901 0.0028148233 -0.00678381184
v -0.00543979928 0.00174397964 -0.00507417507
v -0.00552095938 -5.03260378e-10 -0.00514516048
v -0.00231879367 0.0026064862 -0.00685705803
v -0.00298496988 0.00260434556 -0.00660545472
v -0.00362492981 0.00260273344 -0.00628872914
v -0.00423279777 0.00260196929 -0.00590963988
v -0.00480281748 0.00260221469 -0.00547165051
v -0.0065918956 0.0026078131 -0.00322310254
v -0.00622895453 0.00260668923 -0.00384907331
v -0.0058064172 0.00260501215 -0.00443628291
v -0.00532924104 0.00260334928 -0.00497893104
v -0.00737101771 0.00259750267 -0.000459427683
v -0.0072828955 0.00260293204 -0.001175971
v -0.00712216226 0.00260632555 -0.00187997043
v -0.00689085945 0.00260784361 -0.00256458134
v -0.00738544995 0.00259009376 0.000262769929
v -0.00732615776 0.00258101407 0.000983747421
v -0.00719424384 0.00257086894 0.00169672177
v -0.00741975848 0.00172393781 0.000996317132
v -0.00728738867 0.00170371565 0.00171868934
v -0.00720556406 0.00248999801 0.00169938814
v -0.00591774844 0.00174435985 -0.00451811263
v -0.00633937959 0.00174476195 -0.00391774578
v -0.00670023821 0.00174481783 -0.00327894092
v -0.00699644443 0.00174418243 -0.00260790857
v -0.0072247535 0.00174256414 -0.00191115809
v -0.0073826178 0.00173975469 -0.00119542668
v -0.00746824546 0.00173565769 -0.000467613048
v -0.00748066045 0.00173031585 0.000265310082
v -0.00734713208 3.04523518e-10 0.00173277489
v -0.00748156616 1.41489959e-10 0.00100429903
v -0.00754739577 -3.70488529e-10 0.000127700245
v -0.00616241572 2.84289287e-10 -0.00435570907
v -0.00641843863 2.69396228e-10 -0.00396869192
v -0.00695038447 5.24833718e-11 -0.00293994229
v -0.00706989551 3.06785819e-10 -0.00264011277
v -0.00740030967 3.71633002e-11 -0.00148358417
v -0.0074500842 1.47194104e-10 -0.00121026614
v 0.00620821072 0.00285977358 0.000607170397
v -0.00686130114 1.58159555e-10 0.00352708809
v -0.00683492702 0.00123700639 0.00350278593
v -0.00672353897 0.00242445758 0.00348899304
v -0.00649631256 0.00351408566 0.00345830666
v 0.00610364741 -0.00267090974 -0.00121811056
v 0.00620821072 -0.00285977358 0.000607170747
v -0.0068528438 -0.00343828043 0.00232334109
v -0.00649631349 -0.00351408543 0.00345830945
v -0.0067235399 -0.00242445758 0.00348899909
v -0.00683492748 -0.00123700628 0.00350278942
v -0.00585729768 -0.00417058775 0.00452695834
v -0.00661544176 -0.00358523964 0.00300405547
v -0.00637930352 -0.00376430596 0.00356075866
v -0.00633184798 -0.00380156329 0.00366179971
v -0.00703676604 -0.0033875322 0.0016595776
v -0.00719424337 -0.00257086894 0.00169671862
v -0.00720556453 -0.00248999754 0.00169939105
v -0.0072873882 -0.00170371577 0.00171868608
v -0.00674817571 -0.00373602426 0.00229315995
v -0.00648802519 -0.00391543051 0.00288573978
v -0.00654523401 -0.0038288401 0.00291884784
v -0.00628329674 -0.00404496351 0.00316461944
v -0.00613322388 -0.00411945209 0.00345743424
v -0.00617301324 -0.00410705991 0.00347145298
v -0.00557599775 -0.00440461794 0.00431861542
v -0.00553372083 -0.00438116118 0.00428283634
v -0.0062992936 -0.0039337012 0.00359653658
v -0.00570483319 -0.00439852662 0.0044354815
v -0.00593582075 -0.00423383201 0.00417826464
v -0.00596270943 -0.00418437459 0.004211911
v -0.00566379493 -0.00441538263 0.0043967003
v -0.00562043767 -0.0044170809 0.00435754424
v -0.00575516606 -0.00429039309 0.00401822571
v -0.0057965978 -0.00430092914 0.00404538866
v -0.00575770251 -0.00428932114 0.0040149875
v -0.00595663907 -0.00420231186 0.00374227227
v -0.00599663612 -0.00420102477 0.00376255577
v -0.00596002396 -0.00420077424 0.00373724685
v -0.00645133294 -0.00395101449 0.00286974222
v -0.00641069887 -0.00398104964 0.00285392231
v -0.00640672678 -0.00398297096 0.00286476384
v -0.00659301365 -0.00391725544 0.00224842178
v -0.00654829852 -0.00392562663 0.00241626217
v -0.00664619915 -0.00387053215 0.00226375554
v -0.00609084917 -0.00414664298 0.00384600344
v -0.00625934685 -0.00403017038 0.00354126631
v -0.0059055686 -0.00426999107 0.00414460758
v -0.00620605517 -0.00408948539 0.00349370833
v -0.00603160309 -0.00419287244 0.00378963863
v -0.0058355541 -0.00430275965 0.00407814607
v -0.00587203819 -0.00429271162 0.00411119312
v -0.00606297748 -0.00417501526 0.00381731638
v -0.00623468263 -0.00406415714 0.00351679511
v -0.00564010441 -0.00422513019 0.00394000718
v -0.00511007477 -0.00409733644 0.00362424599
v -0.00485129468 -0.00409626681 0.00399314333
v -0.00515337475 -0.00410833303 0.00401428901
v -0.00607161131 -0.00408491585 0.00274418225
v -0.00619594986 -0.00407969439 0.0021339641
v -0.00613569096 -0.00408816105 0.00211659423
v -0.00533486297 -0.00410538726 0.00376133644
v -0.00584340328 -0.00411188183 0.00332163856
v -0.0053958348 -0.00409908313 0.0031047212
v -0.00562115386 -0.00409991853 0.0025737246
v -0.00580350123 -0.00410000095 0.00202083075
v -0.00649982784 -0.00397863146 0.00222155685
v -0.00600907346 -0.00412440998 0.00339615159
v -0.00615087524 -0.00408147136 0.00310918689
v -0.00583800394 -0.00417300547 0.00367314252
v -0.00530312629 -0.00417103851 0.00411549537
v -0.00523496978 -0.00413282355 0.00406960165
v -0.0064095878 -0.0040212865 0.00219554314
v -0.00626247562 -0.00404719869 0.00281256577
v -0.00542716077 -0.00412279833 0.00381499995
v -0.00550650526 -0.0041496926 0.00386063335
v -0.00496378262 -0.00409999629 0.00232038996
v -0.00388710201 -0.00409998884 0.00264498289
v -0.00324744172 -0.00409626635 0.00439710589
v -0.00442397362 -0.004096271 0.00411076192
v -0.000855786842 -0.00409626681 0.00477784593
v -0.00205690064 -0.00409626495 0.00461968454
v 0.00156435638 -0.00409627613 0.00489907013
v 0.000352553703 -0.00409627007 0.00487107784
v 0.00167302636 -0.00409999304 0.00334808277
v 0.00279665482 -0.00409999816 0.00330166193
v -0.00279414235 -0.00409998419 0.00290916301
v -0.00168836699 -0.00409998186 0.00311209238
v -0.000573053199 -0.00409998372 0.0032531491
v 0.000548604236 -0.00409998791 0.00333190407
v 0.00231111445 -0.00409999955 -0.00495174853
v 0.00294539426 -0.00410000002 -0.00445250515
v -0.00579126459 -0.00410000002 -0.00190509623
v -0.00556302536 -0.00410000049 -0.00241997116
v 0.00436743582 -0.00410000049 -0.00191196124
v -0.0058817612 -0.00409999955 0.0017349954
v 0.00313268299 -0.00410000002 -0.0042637852
v 0.00369192334 -0.00409999955 -0.00353309256
v -0.00595190423 -0.00410000002 0.00144704047
v -0.00599652017 -0.00410000049 0.00124057441
v -0.00605748501 -0.00410000049 0.000908173504
v 0.00426668348 -0.00410000002 -0.00227035512
v 0.00401724968 -0.00410000002 -0.00292587862
v -0.00214720797 -0.00410000002 -0.00542084826
v -0.00165147113 -0.00410000002 -0.00557154277
v -0.00517354347 -0.00410000002 -0.00307876477
v -0.00447887508 -0.00410000002 -0.0039256583
v -0.00420945743 -0.00410000049 -0.00418496272
v -0.00378033612 -0.00410000002 -0.00454026973
v -0.00301108998 -0.00409999955 -0.00503594056
v 0.000825701747 -0.00410000002 -0.00559136318
v 0.000839153945 -0.00410000002 -0.00558803231
v 0.0018453548 -0.00409999955 -0.00521832891
v 0.00198577414 -0.00410000002 -0.00514532113
v -0.00129156106 -0.00410000049 -0.00565067213
v -0.000460554613 -0.00410000049 -0.00573578384
v -0.000222808361 -0.00410000002 -0.00573464204
v -0.00612091087 -0.00409999955 0.000405299244
v -0.00611011544 -0.00410000002 -0.000648971938
v -0.00591194443 -0.00409999955 -0.00155766483
v -0.00630086241 -0.00408724835 0.00151431886
v -0.00667894213 -0.00396440551 0.00158819335
v -0.00682913 -0.00384475128 0.00161783665
v -0.00693232007 -0.00369908288 0.00163835881
v -0.00722078094 -0.00338615873 0.000450715976
v -0.00647870079 -0.00408788119 0.000422951445
v -0.00711388281 -0.00370307034 0.000446007849
v -0.00700977119 -0.00384872314 0.000441956421
v -0.00685908645 -0.00396735547 0.000436317147
v -0.00646511698 -0.00408680225 -0.00069434999
v -0.00682952255 -0.00396696711 -0.00074093166
v -0.00697337277 -0.00385037786 -0.000759336399
v -0.00707426807 -0.00370638305 -0.000772245345
v -0.00718209753 -0.00338636292 -0.000786062563
v -0.00635220576 -0.00386344106 -0.00278092036
v -0.00644882536 -0.00372160925 -0.00283031655
v -0.00589602022 -0.0037271413 -0.00376137742
v -0.0058053066 -0.00386819779 -0.00369523442
v -0.00567956083 -0.00397911668 -0.00360797183
v -0.00621693768 -0.00397586823 -0.00271583139
v -0.0062510455 -0.00408756593 -0.00165200885
v -0.00473756203 -0.00408886047 -0.00415781932
v -0.00537085626 -0.00408851868 -0.00340369111
v -0.00588202477 -0.00408806 -0.00256287958
v -0.00399929099 -0.00408904906 -0.00480997562
v -0.00317205396 -0.00408908026 -0.00534472382
v -0.00227366737 -0.00408895081 -0.0057473341
v -0.00142191455 -0.00404055184 -0.00622093538
v -0.00155177352 -0.00342023442 -0.00678911014
v -0.00150142983 -0.00382324075 -0.00656879973
v -0.00221575308 -0.00341788842 -0.00662007928
v -0.00250707986 -0.00373681798 -0.00636125589
v -0.00256203278 -0.00341666676 -0.00650350191
v -0.00660395622 -0.00397247914 -0.00175166375
v -0.00674531749 -0.00385862147 -0.00179357699
v -0.00684559159 -0.00371628092 -0.00182521075
v -0.0070115854 -0.00338803558 -0.00166439835
v -0.00655579427 -0.00339262513 -0.00289210491
v -0.00643733237 -0.00339377671 -0.00312535698
v -0.00606271112 -0.00339724449 -0.00374970539
v -0.00599868642 -0.00339780794 -0.00384333078
v -0.00512384763 -0.0038719913 -0.00451605581
v -0.00520604756 -0.00373182632 -0.00459737796
v -0.004398413 -0.0037350636 -0.00532062026
v -0.00145482272 -0.00397925731 -0.00636488618
v -0.00240730681 -0.00398281356 -0.00609692605
v -0.00349205895 -0.00373669877 -0.00591409719
v -0.00335661368 -0.00398349063 -0.00566925714
v -0.00423105713 -0.00398309203 -0.00510123093
v -0.00501134247 -0.00398161542 -0.00440868549
v -0.00408102339 -0.00341048324 -0.0057284194
v -0.0035643694 -0.00341280154 -0.00604466954
v -0.00302942074 -0.00341493869 -0.00631307485
v -0.00563937845 -0.00340079772 -0.00431687525
v -0.00553600769 -0.00340160239 -0.00443928177
v -0.00530189835 -0.00340333092 -0.0046976218
v -0.00436976552 -0.00340903481 -0.00552414963
v 0.0057080253 -0.00346090645 -0.0015108278
v 0.00548643433 -0.00375672895 -0.00167590019
v 0.00567496149 -0.00346094323 -0.00172637997
v 0.00515505625 -0.00375566981 -0.00290890923
v 0.00536474865 -0.00345915556 -0.0028958756
v 0.00535001652 -0.00375666446 -0.0023003181
v 0.00567310583 -0.00346094766 -0.0017371705
v 0.00505978987 -0.00345528568 -0.00360560743
v 0.00507723074 -0.00345552037 -0.00357052148
v 0.00490314607 -0.00375364535 -0.00349647389
v 0.005335466 -0.00345882028 -0.00297501031
v 0.00476093357 -0.00345131662 -0.00413722079
v 0.00459336257 -0.00375112495 -0.00405624555
v 0.00473683374 -0.00345100788 -0.00417529559
v 0.00438662898 -0.00344684091 -0.00466820132
v 0.00422587525 -0.0037481999 -0.00458069565
v 0.00435189903 -0.00344646373 -0.00471177604
v 0.00380168715 -0.00374547136 -0.00506114867
v 0.00391149148 -0.00344228279 -0.00520010525
v 0.00383983832 -0.00344170234 -0.0052698059
v 0.00332491309 -0.0037430427 -0.00548985926
v 0.00347059267 -0.00343909464 -0.005593732
v 0.00341841602 -0.00343877263 -0.00563519727
v 0.0028015892 -0.00374111254 -0.00586063182
v 0.00270207552 -0.00343517191 -0.00611613365
v 0.0023597749 -0.0034338003 -0.00629644794
v 0.00223954138 -0.00373950158 -0.00616981694
v 0.00230085035 -0.00343357655 -0.00632469403
v 0.00164679205 -0.00373808364 -0.00641527213
v 0.00135047315 -0.00343019003 -0.00668017892
v 0.00111079565 -0.00342935743 -0.00674263714
v 0.00103102648 -0.00373672741 -0.00659561343
v 0.00105984358 -0.00342918071 -0.00675460743
v 0.000399570825 -0.00373533228 -0.00670956122
v -9.41386534e-05 -0.00342514506 -0.00690798368
v -0.000240457026 -0.0037338885 -0.00675566075
v -0.000884023728 -0.0034224703 -0.00688698562
v -0.000882035936 -0.00373241818 -0.00673292112
v -0.000901220425 -0.00342241488 -0.00688539399
v 0.00198413501 -0.00408667419 -0.00554899219
v 0.00145610224 -0.0040869629 -0.0057732733
v 0.000906783796 -0.00408729492 -0.00593899144
v 0.000343033171 -0.00408768095 -0.00604542205
v -0.00022867872 -0.0040880763 -0.00609090691
v -0.000802050636 -0.00408838829 -0.00607431773
v 0.00248382636 -0.00408637337 -0.00526685733
v 0.00294788112 -0.00408599153 -0.00492873881
v 0.00336821866 -0.0040855268 -0.00453763641
v 0.00374022033 -0.00408496568 -0.0041004708
v 0.0040592812 -0.00408440735 -0.00362409465
v 0.00432715472 -0.00408385228 -0.00311822025
v 0.00470896298 -0.00408311607 -0.0020418535
v 0.00506387185 -0.00397812808 -0.00218210299
v 0.00464802049 -0.00397857046 -0.00332521601
v -0.000847442949 -0.00397973228 -0.00644951547
v -0.000235115382 -0.00397967547 -0.00646883156
v 0.000375461706 -0.00397944078 -0.00642211828
v 0.000977636082 -0.00397919817 -0.00631056027
v 0.00156458956 -0.00397903938 -0.00613575289
v 0.002129175 -0.00397898955 -0.00589867355
v 0.00266392762 -0.00397899374 -0.00560032576
v 0.00316106528 -0.00397896674 -0.00524263736
v 0.00361256511 -0.00397895323 -0.00482902071
v 0.00401299214 -0.00397884892 -0.00436621858
v 0.00435801828 -0.00397878699 -0.003861818
v 0.00596482586 -0.00282713003 -0.00181291741
v 0.00581743522 -0.00281792507 -0.00247481302
v -0.00161605084 -0.00280176476 -0.00699035637
v -0.000928688271 -0.00280404883 -0.00709864637
v -0.000235811414 -0.00280630821 -0.00713156164
v 0.000454746914 -0.00280875526 -0.00708924606
v 0.00113528629 -0.00281162304 -0.00697272038
v 0.00179798878 -0.00281482353 -0.00678381044
v 0.00303784013 -0.00281964312 -0.00619966816
v 0.00243482273 -0.00281777163 -0.00652504433
v 0.00359960925 -0.00281976978 -0.0058116382
v 0.00411364762 -0.00281804311 -0.00536562921
v 0.00457469607 -0.00281513133 -0.00486704661
v 0.00497860182 -0.00281228102 -0.00432190718
v 0.00532207824 -0.00281097041 -0.00373676093
v 0.00560245803 -0.00281255762 -0.00311862119
v -0.00741975894 -0.00172393792 0.000996320043
v -0.00231879344 -0.00260648667 -0.00685706036
v -0.00298497034 -0.00260434533 -0.00660545286
v -0.00362492888 -0.00260273321 -0.0062887338
v -0.00423279684 -0.00260196952 -0.00590964453
v -0.00737101724 -0.00259750243 -0.000459430768
v -0.00728289457 -0.00260293134 -0.00117597508
v -0.00712216226 -0.00260632625 -0.00187997031
v -0.00689086085 -0.00260784384 -0.00256457459
v -0.00659189513 -0.00260781334 -0.00322310557
v -0.00622895546 -0.00260668923 -0.00384906726
v -0.00580641767 -0.00260501239 -0.00443628104
v -0.00532924151 -0.00260334881 -0.00497892499
v -0.00480281748 -0.00260221399 -0.00547165098
v -0.00748065952 -0.00173031562 0.000265304261
v -0.00738544948 -0.00259009423 0.000262769696
v -0.00732615776 -0.0025810136 0.000983746257
v -0.00746824546 -0.00173565804 -0.00046761171
v -0.00738261687 -0.00173975481 -0.00119543332
v -0.00722475303 -0.00174256368 -0.0019111617
v -0.00699644489 -0.00174418173 -0.00260790507
v -0.00670023821 -0.00174481759 -0.00327893998
v -0.00633937912 -0.00174476171 -0.00391774904
v -0.00591774797 -0.00174436031 -0.00451811776
v -0.00543979835 -0.00174397987 -0.00507417973
v 0.00410862872 0.00562746916 0.00976963434
v 0.00326089165 0.00582313817 0.0096924901
v 0.00322424807 0.00582365319 0.0100900996
v 0.00476768659 0.0054777693 0.0100221001
v 0.00476985192 0.00544138812 0.00981935486
v 0.00398112321 0.00566309178 0.0105617121
v 0.00472641829 0.00546694128 0.010618547
v 0.00474587409 0.00548889954 0.0104155513
v 0.00476395991 0.00550752366 0.0102186045
v 0.00318615092 0.00582462596 0.0104889823
v 0.0051158038 0.00533168763 0.0112640047
v 0.00501740677 0.00536692934 0.011256258
v 0.00417160755 0.00561783649 0.0111831613
v 0.00312678167 0.00582700549 0.0110860514
v 0.00789339747 0.00259131636 0.0107449405
v 0.00807376672 0.00188266183 0.0104990294
v 0.00804027449 0.00194937084 0.0104086287
v 0.00772016449 0.00299593084 0.0106995348
v 0.00750301965 0.00344893639 0.0108700143
v 0.00763907982 0.00323939114 0.0109958388
v 0.0078499103 0.00272342446 0.0107962433
v 0.00788685679 0.00252159778 0.0105115855
v 0.00801538397 0.00201486587 0.0103243021
v 0.00649383571 0.0046193786 0.0113174189
v 0.00649752794 0.00461666053 0.0113172745
v 0.0067192358 0.00443099951 0.0109173525
v 0.00667499937 0.00447791023 0.0113072544
v 0.00708078407 0.00408550771 0.0112481257
v 0.007216495 0.00388730853 0.011006007
v 0.00738186948 0.00369290961 0.0111492416
v 0.00751972524 0.00346773677 0.0110772802
v 0.0053827581 0.00525015779 0.0106501365
v 0.00558491284 0.00513251731 0.0109340595
v 0.00617832411 0.0048305504 0.0113203023
v 0.00620710338 0.00480295904 0.0109475907
v 0.00586819509 0.00500455732 0.0113113103
v 0.00555838225 0.00515309535 0.0112950346
v 0.00690381555 0.00444210088 0.0105860429
v 0.0065750517 0.00467414083 0.0106250923
v 0.0063964976 0.00478301151 0.010638725
v 0.0059335581 0.00502288761 0.0106556686
v 0.00585544202 0.00505841849 0.0106563624
v 0.00753560103 0.00381888077 0.0104262251
v 0.00745192496 0.00375746633 0.0105564529
v 0.00773726637 0.00329738529 0.010399011
v 0.00780309504 0.0034298962 0.0102888811
v 0.00794204976 0.00281455391 0.0102047175
v 0.0080106575 0.00302443886 0.0101116942
v 0.00807210244 0.00231643231 0.00998278148
v 0.0081914952 0.00248407992 0.00980959367
v 0.00800774898 0.00215814984 0.0101543162
v 0.00787699036 0.00265757996 0.0103581846
v 0.00769436499 0.0031335738 0.0105494028
v 0.00744981691 0.00358877284 0.0107138455
v 0.00712961564 0.00402303087 0.0108389873
v 0.00708142761 0.0041864072 0.010670105
v 0.00748055475 0.00388671947 0.0104472032
v 0.00831533968 0.00272278721 0.00949075352
v 0.00830787607 0.00273374422 0.00946893636
v 0.0081608668 0.00324562122 0.00975015108
v 0.00590216508 0.00512393285 0.0100597264
v 0.00827209279 0.00276284036 0.00940353051
v 0.00797513127 0.00285038212 0.00909528416
v 0.00805193186 0.00328704435 0.00957293808
v 0.0078475168 0.00330883241 0.00936433114
v 0.00696015963 0.00457309745 0.00999527518
v 0.00702253636 0.00459266035 0.0101879407
v 0.00741406949 0.00419937121 0.00990748499
v 0.00749380654 0.00420164969 0.0100967763
v 0.00778631726 0.0037648743 0.00977064297
v 0.00788129587 0.003746273 0.00995521061
v 0.00782670453 0.00335754803 0.00938862655
v 0.00776636694 0.00348342652 0.00944815204
v 0.00760045694 0.00375825446 0.00956316758
v 0.00592793338 0.00516173057 0.0102553153
v 0.00649270788 0.00491182553 0.0102381706
v 0.00644887844 0.00487993658 0.0100434525
v 0.00663570035 0.00465772673 0.00981479604
v 0.00611799862 0.00494218525 0.00984975789
v 0.00584885059 0.00506273657 0.00985492859
v 0.00646791887 0.0048570442 0.0104360627
v 0.00699651008 0.00452996138 0.0103848008
v 0.00746781332 0.00413145078 0.0102904551
v 0.00590551784 0.00511683011 0.0104529429
v 0.00702056661 0.00457009161 0.0102855824
v 0.00749429176 0.00417472888 0.0101927985
v 0.00788478274 0.00371430069 0.0100483354
v 0.00785726681 0.00366761605 0.0101428665
v 0.00816928875 0.00320790801 0.00983846001
v 0.00814438798 0.00315734278 0.00992804579
v 0.00832374301 0.002689827 0.00954965502
v 0.00831675623 0.00265530217 0.00960309338
v 0.00550664216 0.00519737275 0.00985203218
v 0.00579320733 0.00508589949 0.00985511858
v 0.00683406042 0.00452345889 0.00978948642
v 0.00716658123 0.00425267685 0.0097246347
v 0.00734036975 0.00408000406 0.00967450533
v 0.00833407231 0.00223951414 0.0092172483
v 0.0074778907 0.000600040483 0.00572372554
v 0.00745588774 0.000600014755 0.00556766801
v 0.00761052314 0.000866715389 0.00673031062
v 0.00758076925 0.00105816405 0.00667304127
v 0.00741237402 0.00100381928 0.00555193098
v 0.00734748226 0.00140000647 0.00552846026
v 0.00760701625 0.000632002193 0.0066122245
v 0.00773536786 0.000977826654 0.00731673604
v 0.00772076799 0.000724102894 0.00724650221
v 0.0078907581 0.00116060127 0.00787818059
v 0.00784941483 0.000885882357 0.00783039816
v 0.00805961527 0.00142128952 0.00840047467
v 0.00798602682 0.00111842435 0.00836020429
v 0.0082120141 0.00178617914 0.00925549213
v 0.00818242319 0.00165604835 0.00912026968
v 0.0082183443 0.00176109257 0.0088742096
v 0.00811174605 0.00141877693 0.00883415621
v 0.00824105367 0.00200542691 0.00945635699
v 0.00832650997 0.0021767763 0.00929273106
v 0.00824267324 0.00213238341 0.0095600104
v 0.00831257924 0.00229043211 0.0091436794
v 0.00818960369 0.00237418967 0.00898895878
v 0.00745969033 0.00141444383 0.00631257985
v 0.00756087806 0.00148133363 0.00691942452
v 0.00770579604 0.00115547318 0.0072379075
v 0.0076778247 0.00161304255 0.00746193156
v 0.00779450126 0.00146572955 0.00766379386
v 0.00780513417 0.00182266603 0.00796429813
v 0.00794931222 0.00168892602 0.00815332588
v 0.0079107387 0.0020832608 0.00837606471
v 0.00809362251 0.00199297443 0.00859814137
v 0.00798158534 0.00241445401 0.00874589011
v 0.00820064824 0.00189029856 0.0087417597
v 0.00803718995 0.00156648282 0.00828502327
v 0.00786399934 0.00132220378 0.00778022408
v 0.00822120532 0.00183186762 0.00880769268
v 0.00798499398 0.00276763178 0.00903742015
v 0.0113514885 0.0060969186 0.0281366035
v 0.0108728809 0.00625409326 0.0286283661
v 0.0116880024 0.0061763376 0.0298352037
v 0.0123341978 0.00546181388 0.02667436
v 0.0123325605 0.00545846298 0.0266590845
v 0.0121185733 0.00565652456 0.0270725079
v 0.0103360424 0.00636281352 0.0290891416
v 0.00933729857 0.00637405179 0.0279224478
v 0.00905122422 0.00639613299 0.0280977376
v 0.0114769889 0.00563720567 0.0259396676
v 0.0110399425 0.00590434577 0.0264831726
v 0.0117678083 0.00589624839 0.0276169628
v 0.0105340751 0.00611834414 0.0269987211
v 0.00996384863 0.00627644034 0.0274813734
v 0.0123060681 0.00540255848 0.0264121518
v 0.0122116227 0.00517669134 0.0255317669
v 0.0118428599 0.00531713245 0.0253692381
v 0.0122040175 0.00515663251 0.0254608747
v 0.0121309552 0.00494812988 0.0247798376
v 0.0125535401 0.00579768186 0.0287189521
v 0.0121855251 0.00599395949 0.0292421952
v 0.0126016168 0.0058401241 0.0291670822
v 0.0127259297 0.00589354243 0.0303258672
v 0.0122617902 0.00557115208 0.0345930569
v 0.0130451713 0.00548827369 0.0338565782
v 0.0119944988 0.00578561053 0.0340213105
v 0.0124636041 0.00587903475 0.0327891484
v 0.0101209609 0.00640300894 0.0301767364
v 0.0106369518 0.00634252094 0.0312085189
v 0.011107143 0.00630435767 0.0303952713
v 0.0111216819 0.00622374099 0.0321960077
v 0.0118167996 0.00614857068 0.0316315852
v 0.011574531 0.00603938056 0.0331352539
v 0.0117263189 0.00595802953 0.0334538072
v 0.0124370502 0.00600559451 0.0309789218
v 0.0124206534 0.00562123116 0.0274802316
v 0.0128462268 0.00586148212 0.0314472243
v 0.0129236709 0.00579296006 0.0321691111
v 0.0130312461 0.00562844425 0.0331718735
v 0.013133646 0.00538647361 0.0341263674
v 0.0132306144 0.00506657362 0.035030257
v 0.0123804379 0.00546019152 0.0348488577
v 0.013244668 0.00501172803 0.0351612642
v 0.0127309989 0.00506408233 0.0356119983
v 0.0133270212 0.00463930657 0.0359289274
v 0.0130447727 0.00459971465 0.0363046527
v 0.0133686019 0.00441307714 0.0363165364
v 0.013143912 0.00442510983 0.0365254246
v 0.0134020401 0.00420873286 0.0366282202
v 0.0133203603 0.0040719253 0.0369207263
v 0.0134694558 0.00372051424 0.0372570045
v 0.0115745291 -0.00603937963 0.0331352577
v 0.0111216763 -0.00622374099 0.0321960188
v 0.0118167987 -0.00614856975 0.0316315889
v 0.0118449889 -0.00531463372 0.0253649522
v 0.0121309552 -0.00494812895 0.024779845
v 0.0122040184 -0.00515663251 0.0254608691
v 0.0122116227 -0.00517669041 0.0255317613
v 0.0123060681 -0.00540255755 0.0264121462
v 0.0114887627 -0.00562840095 0.0259231087
v 0.0117678083 -0.00589624885 0.0276169553
v 0.0110597676 -0.00589410868 0.0264606234
v 0.0113514885 -0.00609691907 0.0281365979
v 0.010559788 -0.00610929076 0.026974665
v 0.0108728819 -0.00625409186 0.0286283642
v 0.00997940358 -0.00627308665 0.0274693482
v 0.0103360433 -0.00636281492 0.0290891323
v 0.00935373735 -0.00637240103 0.0279121008
v 0.010120959 -0.00640300894 0.0301767346
v 0.00905122422 -0.00639613438 0.0280977357
v 0.0117263189 -0.00595802907 0.033453811
v 0.0124636041 -0.00587903522 0.0327891409
v 0.011994496 -0.00578561006 0.0340213142
v 0.0130451713 -0.00548827369 0.0338565856
v 0.0122617874 -0.00557115255 0.0345930681
v 0.0131336451 -0.00538647315 0.0341263711
v 0.0132306134 -0.00506657455 0.0350302681
v 0.0123804361 -0.00546019059 0.0348488502
v 0.0127309971 -0.0050640814 0.0356119946
v 0.0132446671 -0.00501172803 0.0351612754
v 0.0133270212 -0.00463930657 0.0359289236
v 0.0130447717 -0.00459971512 0.0363046452
v 0.0133686028 -0.00441307714 0.0363165364
v 0.0131439129 -0.00442510936 0.0365254246
v 0.0134020401 -0.0042087324 0.0366282128
v 0.0133203557 -0.00407192437 0.0369207263
v 0.0134694548 -0.00372051471 0.037257012
v 0.0128462277 -0.00586148212 0.0314472169
v 0.0129236728 -0.00579296099 0.0321691036
v 0.0130312461 -0.00562844379 0.0331718735
v 0.0124370512 -0.00600559544 0.0309789106
v 0.0127259288 -0.00589354103 0.0303258728
v 0.0123325586 -0.00545846391 0.0266590919
v 0.0123341987 -0.00546181342 0.026674347
v 0.0121185724 -0.00565652363 0.027072506
v 0.0124206534 -0.00562123116 0.0274802335
v 0.012553541 -0.0057976814 0.0287189409
v 0.0126016159 -0.00584012363 0.0291670896
v 0.012185527 -0.00599395856 0.0292421859
v 0.0116880015 -0.00617633713 0.029835213
v 0.0111071421 -0.0063043572 0.030395275
v 0.010636949 -0.00634252047 0.0312085189
v 0.00893715397 -0.00640127715 0.0281633995
v 0.00829314068 -0.00639238488 0.0284907632
v 0.00768030062 -0.0063234102 0.0287339501
v 0.00848391373 -0.00630023004 0.0302960109
v 0.00952296704 -0.00637508975 0.0306810457
v 0.00920137204 -0.00621340424 0.0317270197
v 0.0100631174 -0.00629605073 0.0317631736
v 0.00990670361 -0.00603303965 0.0331598967
v 0.00960701052 -0.00612398004 0.0325484835
v 0.00946906675 -0.00615833839 0.0322682709
v 0.0110670533 -0.0053760088 0.0355417579
v 0.0109416414 -0.00547862984 0.0352844447
v 0.0114333378 -0.00569754001 0.034609504
v 0.0104105603 -0.00581827899 0.0341932848
v 0.011017778 -0.00596164493 0.0337302238
v 0.0105612352 -0.00616017031 0.0327805839
v 0.0116627058 -0.0047213817 0.0367620513
v 0.0112759629 -0.00518114772 0.0359700024
v 0.0118085127 -0.00536629092 0.0354159959
v 0.0112564582 -0.00520072738 0.0359300226
v 0.0121773891 -0.00379791437 0.0378213972
v 0.0126965418 -0.00398697332 0.0373756252
v 0.0123649584 -0.00330664869 0.038212806
v 0.0129143139 -0.00341170398 0.0378675349
v 0.0124133779 -0.00315760542 0.0383146927
v 0.012540373 -0.00270399172 0.0385840088
v 0.0130929751 -0.00278907688 0.0382745974
v 0.0126019539 -0.00243919087 0.0387158729
v 0.0132323429 -0.002127046 0.0385942943
v 0.0126744481 -0.00206926954 0.0388723388
v 0.0127381431 -0.00166001823 0.0390111022
v 0.0133321472 -0.00143490767 0.0388244241
v 0.0127713131 -0.00139180839 0.0390839018
v 0.0133921187 -0.00072245294 0.0389630683
v 0.0128162969 -0.000894392724 0.0391832255
v 0.0128470762 -3.09463788e-10 0.0392517857
v 0.0134120649 -4.79366269e-10 0.039009206
v 0.013646665 7.51457396e-10 0.038908489
v 0.0136421248 -0.000644362241 0.0388661362
v 0.0136301694 -0.00121969811 0.0387547128
v 0.013623137 -0.00145174714 0.0386891551
v 0.0136088906 -0.00182726211 0.0385563411
v 0.0135790966 -0.00241122209 0.0382786132
v 0.0135607515 -0.00269687851 0.0381076187
v 0.0135187414 -0.00323035545 0.0377160162
v 0.0134948604 -0.00348229334 0.0374934189
v 0.0124397594 -0.00450778147 0.0368014053
v 0.0121438298 -0.00496894959 0.0361474007
v 0.0120926118 -0.00398539938 0.037645787
v 0.0119024031 -0.0043488727 0.0372537486
v 0.00672552222 -0.00607607793 0.0289974455
v 0.00670903269 -0.00607693335 0.0289665088
v 0.00719487621 -0.00622332981 0.0288758688
v 0.00730938651 -0.00625086529 0.0288467165
v 0.00801889319 -0.00616901135 0.0305273328
v 0.00763156451 -0.0059898831 0.0307169314
v 0.0121801933 0.00338782021 0.0334336497
v 0.0123559153 0.00327290525 0.0339159779
v 0.0123577174 0.00347546837 0.0339693949
v 0.0134326629 0.00145983638 0.0369136594
v 0.0134346532 0.0014723494 0.0369321853
v 0.0134002613 0.00162763859 0.0368310958
v 0.0116859907 0.00388785521 0.0334102921
v 0.0115015432 0.00397198368 0.0329040028
v 0.0116970018 0.00395552581 0.0328303874
v 0.00918239728 0.00407731067 0.0265381429
v 0.00938207004 0.00406004861 0.0264661349
v 0.0104086511 0.00415532431 0.0292939618
v 0.0101970844 0.00417153863 0.0293233749
v 0.011119158 0.00411147531 0.0312442407
v 0.010923231 0.0041280617 0.0313165896
v 0.0111348899 0.00408676174 0.0318975747
v 0.0119651305 0.00371556054 0.0341765061
v 0.0121599836 0.00369945634 0.034101218
v 0.0122133717 0.00350183481 0.0348579064
v 0.0125327026 0.00334983389 0.0351243168
v 0.012338602 0.00336521142 0.0352016576
v 0.0125581827 0.00306206057 0.0358043946
v 0.0128397085 0.00289654476 0.035967011
v 0.0126464916 0.00291060051 0.0360467993
v 0.0128589272 0.00244231336 0.0366299078
v 0.0130740711 0.00236803549 0.0366103277
v 0.0128817605 0.0023800272 0.0366925932
v 0.0132495472 0.00175359822 0.0370919928
v 0.0130580738 0.00176265289 0.0371765606
v 0.0130665964 0.00172379205 0.0371999554
v 0.013346293 0.00121287256 0.0373575464
v 0.0131553188 0.00121910672 0.0374434888
v 0.0134911919 0.000592579599 0.0374592431
v 0.0134967566 0.000255144347 0.0375110805
v 0.0134595819 0.000369275367 0.0375301987
v 0.0134979663 -2.01126156e-07 0.0375223681
v 0.0134614082 4.09142977e-08 0.037553478
v 0.0132357376 5.05744113e-10 0.0376642346
v 0.0132267578 0.00041801887 0.0376395844
v 0.0134173604 0.000415924878 0.0375526212
v 0.0134639796 0.000813798513 0.0374242179
v 0.0134767396 0.00101741648 0.0373245291
v 0.0134725403 0.00110274996 0.0372853652
v 0.013449043 0.00122418674 0.037252944
v 0.0134546328 0.0013676181 0.0371184461
v 0.0133749219 0.00171286275 0.0369797051
v 0.0134443156 0.00145566871 0.0370222889
v 0.0134369889 0.00147763663 0.0369539708
v 0.0133994147 0.00167550822 0.036909692
v 0.0134398593 0.00147463311 0.0369807482
v 0.0134262629 0.00113722344 0.0368540026
v 0.0134274885 0.00133649888 0.036865402
v 0.013407371 0.00125301431 0.0368021391
v 0.013355935 0.00151372713 0.0366609506
v 0.0134308999 0.00143919082 0.0368972197
v 0.0132262567 0.00198212359 0.0363049954
v 0.0132364091 0.00220113224 0.0363813266
v 0.0132025909 0.00205019442 0.036240045
v 0.0130146611 0.00270093395 0.0357726626
v 0.0129745593 0.00255598826 0.0356141068
v 0.0127199851 0.00313580898 0.0349637903
v 0.0127087263 0.00294225733 0.0348844156
v 0.0126225958 0.00303823035 0.0346479937
v 0.0119090341 0.00351986848 0.0326893255
v 0.011903191 0.00372675667 0.0327217616
v 0.0115509881 0.00363190472 0.0317065194
v 0.0113318199 0.00388089078 0.0311533958
v 0.0113435192 0.00367236137 0.0311370287
v 0.0106262332 0.00392438984 0.0292166155
v 0.0107505415 0.00371684227 0.02950936
v 0.00959923398 0.00382885523 0.026396893
v 0.00961745623 0.00362131884 0.0263991226
v 0.0132311434 0.0022645623 0.036447797
v 0.0130046029 0.00277527398 0.0358259603
v 0.0127052413 0.00321714673 0.0350042358
v 0.0123390006 0.00356059312 0.0339989439
v 0.0118812621 0.00381369819 0.0327424854
v 0.0113074295 0.00396852242 0.0311673637
v 0.0105999745 0.00401215348 0.0292254444
v 0.00957240071 0.00391628547 0.0264029372
v 0.0132032037 0.00231405837 0.0365083478
v 0.0129729221 0.00283328374 0.0358762406
v 0.0126699042 0.00328061753 0.0350444876
v 0.012300564 0.0036270183 0.0340306722
v 0.0118403193 0.00388154108 0.0327673331
v 0.0112645645 0.00403690385 0.0311869457
v 0.0105556501 0.00408063876 0.0292410385
v 0.00952799059 0.00398474932 0.0264161974
v 0.0134199634 0.00120246492 0.0373033844
v 0.0133240586 0.00173848821 0.037040133
v 0.0131499758 0.00234801462 0.03656229
v 0.0129171256 0.00287307939 0.0359231494
v 0.0126116015 0.00332415965 0.0350845009
v 0.0122401314 0.00367258792 0.0340648629
v 0.0117781674 0.003928083 0.0327967964
v 0.0112010976 0.00408381503 0.0312127918
v 0.010491183 0.00412762165 0.029264126
v 0.00946390629 0.00403197762 0.0264375228
v 0.0133907003 0.000820760732 0.0374794491
v 0.013196311 0.000864940579 0.0375560001
v 0.0079603279 0.00419709599 0.0307879429
v 0.00830908865 0.00422126288 0.0314702392
v 0.00728222588 0.00423524715 0.030098876
v 0.00906233955 0.00413766503 0.0322968103
v 0.00919679925 0.00414054049 0.0326726213
v 0.0095657995 0.00408048322 0.0331792645
v 0.0101327831 0.003944973 0.0337976292
v 0.00991838705 0.00400364539 0.0336684734
v 0.0104935998 0.00382407219 0.034480013
v 0.0106470445 0.00377313932 0.0345363766
v 0.0105641196 0.00379620143 0.0345808566
v 0.0117732352 0.00296692597 0.0363744646
v 0.0115256412 0.00321268267 0.0359953567
v 0.0115949195 0.00319880177 0.0359457619
v 0.0114420978 0.00328370836 0.0358690023
v 0.0111375647 0.00353080872 0.0352574848
v 0.0111168148 0.00351655786 0.0353838503
v 0.0110429581 0.00356129883 0.0352751203
v 0.0122559378 0.00224567507 0.0371387713
v 0.012033646 0.00263146637 0.0367819928
v 0.0120034078 0.00275892741 0.0365779661
v 0.011934991 0.00277013006 0.0366264246
v 0.0123432539 0.00219889916 0.0371205285
v 0.012480638 0.00187366537 0.0373458527
v 0.012430856 0.00182690343 0.0374265313
v 0.0125933317 0.00152059353 0.0375343747
v 0.012572065 0.00133346929 0.0376646109
v 0.0126797538 0.00114325306 0.0376825258
v 0.0127400476 0.0007464753 0.0377871133
v 0.0126576358 0.000856389001 0.0378120653
v 0.01277366 0.000336504629 0.0378468968
v 0.0127056893 0.000320628547 0.0378966108
v 0.0130150318 0.000279912609 0.0377322808
v 0.0130203171 1.16446884e-07 0.0377427079
v 0.0127815437 -1.79905186e-07 0.0378618129
v 0.0127128717 -1.1634517e-07 0.0379099809
v 0.0129698971 0.000814905856 0.0376525968
v 0.0129631357 0.000864973525 0.0376409329
v 0.0128884092 0.00128322106 0.0375121869
v 0.0127682798 0.00172386062 0.0373085812
v 0.0127515225 0.0017736383 0.0372805968
v 0.0125585021 0.0022357041 0.0369625092
v 0.0120753786 0.00294432184 0.0361968316
v 0.0122333765 0.00275604846 0.0364432223
v 0.0123493578 0.00259501673 0.0366264582
v 0.0124457031 0.00244249986 0.0367802456
v 0.0119614853 0.00306224218 0.0360214263
v 0.011337271 0.00353045738 0.035086792
v 0.0113863377 0.00350187672 0.0351590775
v 0.0117411595 0.00325705064 0.0356872417
v 0.0118197165 0.00319206179 0.0358056538
v 0.0108521301 0.00376042374 0.0343837813
v 0.0104760248 0.00388791459 0.0338507444
v 0.0103144525 0.00393235171 0.0336242765
v 0.00960865896 0.00407142332 0.0326473229
v 0.0094966162 0.00408678129 0.0324941687
v 0.00873757247 0.00415460998 0.0314663984
v 0.00564995687 0.00415955205 0.0279225614
v 0.00592644187 0.00407730509 0.0277243294
v 0.00650301157 0.00420922646 0.0290633328
v 0.00700399373 0.0041460488 0.0291598458
v 0.00772446813 0.00417048484 0.0301140081
v 0.00778949074 0.0041715405 0.0302004125
v 0.0132327667 -0.000242630485 0.0376560837
v 0.0129986797 -0.000545820687 0.0377026349
v 0.0132300667 -0.000333307311 0.0376486629
v 0.0132064279 -0.000748322869 0.0375837795
v 0.0129297785 -0.00107534579 0.0375833921
v 0.0131624164 -0.00116662355 0.0374629647
v 0.0129126841 -0.00116670073 0.0375539176
v 0.0128158974 -0.00156954303 0.0373886004
v 0.0131044872 -0.00153438514 0.0373039618
v 0.0126934331 -0.00193195324 0.0371839106
v 0.0130177494 -0.00193182612 0.0370658673
v 0.0126559436 -0.00202416908 0.037121959
v 0.0128275622 -0.00252330978 0.0365438238
v 0.0124534555 -0.00242935074 0.0367926843
v 0.0127943028 -0.00260399398 0.0364525355
v 0.0122332722 -0.00275618141 0.0364430696
v 0.01264947 -0.00290512806 0.0360549726
v 0.0122150015 -0.0027796377 0.0364143774
v 0.0118525801 -0.0037924049 0.0338675715
v 0.0111423256 -0.00363349868 0.0348019637
v 0.0122594768 -0.00345412921 0.0349844657
v 0.011520003 -0.00341798621 0.0353569984
v 0.0122926561 -0.00341797154 0.0350755528
v 0.0115610594 -0.0033903243 0.0354180187
v 0.0125582358 -0.00306197209 0.0358045436
v 0.0119163943 -0.00310542714 0.0359524824
v 0.0121103497 -0.00290532177 0.0362510458
v 0.0104621006 -0.00417099474 0.0300508291
v 0.00835611951 -0.00416931184 0.030955568
v 0.0105023617 -0.00416948181 0.0301613249
v 0.00936165266 -0.00410323637 0.0323102176
v 0.0112424213 -0.0040592961 0.0321927331
v 0.00968942139 -0.00405934127 0.0327580087
v 0.0112610972 -0.00405403739 0.032244008
v 0.0100616077 -0.00399154378 0.0332718976
v 0.0118206833 -0.00381226907 0.0337800235
v 0.0106478501 -0.00383419706 0.0340929963
v 0.0107672811 -0.00379247265 0.0342626199
v 0.00918244664 -0.00407730276 0.0265382752
v 0.00592653872 -0.00407729717 0.0277244523
v 0.00947845541 -0.00411525974 0.0273508038
v 0.00709262537 -0.00415010471 0.0292771403
v 0.00827517826 -0.00417099707 0.0308474544
v 0.0134200333 -0.00149103312 0.0371035039
v 0.0134435436 -0.00145850482 0.0370307975
v 0.0133644035 -0.0018232204 0.036813572
v 0.0118512399 -0.00354217226 0.0325306989
v 0.0116747236 -0.00359986094 0.032046169
v 0.0116660763 -0.00380769023 0.0320708975
v 0.00961750094 -0.00362131023 0.0263992641
v 0.00959904864 -0.00382998446 0.0263970606
v 0.00989492238 -0.00386751792 0.0272092056
v 0.0130201047 -0.00251070899 0.0364621766
v 0.0132129434 -0.00190804759 0.0369915031
v 0.0132957287 -0.00152650522 0.0372187495
v 0.0133553529 -0.00114538497 0.037382409
v 0.0133971367 -0.000744548452 0.0374970995
v 0.0134206554 -0.000331642572 0.037561655
v 0.0127517413 -0.00304742856 0.0357255414
v 0.0124537665 -0.00343853678 0.0349076353
v 0.0120157618 -0.00379603612 0.0337053351
v 0.0114567857 -0.00403754087 0.0321709961
v 0.010698515 -0.00415288936 0.0300896149
v 0.00967492629 -0.00409864122 0.0272799525
v 0.00937891379 -0.00406074617 0.0264674108
v 0.00991294347 -0.0036586076 0.0272102207
v 0.0109143294 -0.00392197398 0.0300074164
v 0.0109288767 -0.00371317146 0.0299988724
v 0.0110450601 -0.00370652252 0.0303177908
v 0.0122175366 -0.0033655623 0.0335361362
v 0.0122165652 -0.00356997363 0.0335819311
v 0.0124289449 -0.00321673416 0.0341164395
v 0.0126436315 -0.00322159473 0.0347541906
v 0.0126347085 -0.0030254256 0.0346812457
v 0.0130283376 -0.00245577469 0.0357617252
v 0.0129118133 -0.00266199326 0.0354418792
v 0.0129306456 -0.00284502073 0.0355420224
v 0.0128032956 -0.00282226945 0.035144005
v 0.0132619236 -0.00187129364 0.0364029072
v 0.0131547004 -0.00217678444 0.0361085944
v 0.0133662252 -0.00177122117 0.0367376618
v 0.0131856315 -0.00233535143 0.0362419337
v 0.0134300794 -0.00142491586 0.0368895754
v 0.0133958077 -0.00131763949 0.0367704108
v 0.0134273563 -0.00132818799 0.0368641689
v 0.0134262638 -0.00113722379 0.0368539952
v 0.0134362774 -0.00147689029 0.0369473323
v 0.0134339249 -0.00146880723 0.0369254239
v 0.0134322029 -0.00145549804 0.0369093679
v 0.0134685505 -0.0011744739 0.0372481793
v 0.0134561025 -0.001351087 0.0371321589
v 0.0134498822 -0.00141460239 0.0370741636
v 0.0134423971 -0.00146561954 0.0370044038
v 0.0134387622 -0.00147680298 0.0369705223
v 0.0134289442 -0.00113557035 0.0373280272
v 0.0134703619 -0.000738245551 0.0374417156
v 0.0134863248 -0.000769137754 0.0374138542
v 0.0134955794 -0.000355968281 0.0375001207
v 0.0134936795 -0.000328859605 0.037505731
v 0.012919086 -0.00292194332 0.0355912112
v 0.0126279071 -0.00330404122 0.0347919427
v 0.0121966824 -0.00365588628 0.0336082727
v 0.0116429701 -0.0038950427 0.0320883729
v 0.0108887451 -0.00400973111 0.0300180893
v 0.00986775197 -0.00395531906 0.0272155441
v 0.00957181957 -0.00391768198 0.0264032353
v 0.0131502701 -0.00245399703 0.0363630354
v 0.0128862346 -0.00298196892 0.0356382728
v 0.0125918034 -0.00336837675 0.0348300859
v 0.0121573368 -0.0037229266 0.0336375125
v 0.0116011053 -0.00396320689 0.032110706
v 0.010844945 -0.00407820987 0.0300351121
v 0.00982271601 -0.00402385322 0.0272291768
v 0.00952674076 -0.00398611603 0.0264167357
v 0.0133698424 -0.00151334691 0.0371658057
v 0.0133391498 -0.00186379696 0.036881499
v 0.0131791541 -0.00240199338 0.0363050848
v 0.0132877631 -0.00189163419 0.0369404927
v 0.0130963931 -0.00248967251 0.036415197
v 0.0128296334 -0.00302314828 0.0356829688
v 0.0125329737 -0.00341251236 0.0348686725
v 0.0120962812 -0.00376891787 0.0336699747
v 0.0115383239 -0.00400996814 0.0321384408
v 0.0107808374 -0.00412518904 0.0300591886
v 0.00975775532 -0.00407088967 0.027250912
v 0.009461754 -0.00403306447 0.0264384039
v 0.00685532019 -0.00358362077 0.0189109799
v 0.00459837448 -0.0035632567 0.0128848199
v 0.00681727286 -0.00365995942 0.0189223997
v 0.00453486294 -0.0036105169 0.0129077146
v 0.00675970223 -0.00371468742 0.0189416148
v 0.00445336802 -0.00363860629 0.0129372692
v 0.00666538486 -0.00375369098 0.0189747326
v 0.00425391132 -0.00365589582 0.0130098434
v 0.00646846741 -0.00377480383 0.0190886147
v 0.00688820425 -0.00331744645 0.0189075675
v 0.00468343031 -0.00319954148 0.0128556443
v 0.00688808504 -0.00332655804 0.0189072918
v 0.0046677296 -0.00340725435 0.0128603242
v 0.00464195386 -0.00349474628 0.0128692854
v 0.00909054931 -0.00356964767 0.0249528848
v 0.00909070019 -0.00356056006 0.0249532256
v 0.00905678887 -0.00382660958 0.024953844
v 0.00901844446 -0.00390291936 0.0249644481
v 0.00896066241 -0.00395762874 0.0249830894
v 0.00886619929 -0.00399662321 0.0250157788
v 0.00865544099 -0.00401652697 0.0250916928
v 0.00892051589 -0.00404800428 0.0258192923
v 0.00911395904 -0.00403105607 0.0257401261
v 0.00919678435 -0.00400337484 0.0257111024
v 0.00926175341 -0.00395642919 0.0256893709
v 0.00930680335 -0.00388799678 0.0256757904
v 0.00933399424 -0.00380029948 0.0256695189
v 0.00935393479 -0.00359178288 0.0256757792
v 0.00548593095 -0.00405023992 0.0271320939
v 0.00496398006 -0.00401652697 0.0264365245
v 0.00568163488 -0.00412475085 0.0278382692
v 0.00561966933 -0.0041578738 0.02788206
v 0.00521282572 -0.00413600123 0.0273334514
v 0.00468964316 -0.00410661381 0.0266343113
v 0.00565010216 -0.00415954413 0.0279227495
v 0.0056348443 -0.00415869476 0.0279023014
v 0.00796036422 -0.00419708993 0.0307879578
v 0.0127736488 -0.000336839963 0.0378468595
v 0.0126907509 -0.000550980156 0.0378700718
v 0.01200331 -0.00275906152 0.0365778022
v 0.0115948236 -0.00319888932 0.0359456129
v 0.0118067721 -0.0029288365 0.0364263952
v 0.0116266385 -0.00311933947 0.036149133
v 0.0113185402 -0.00337971048 0.0356834754
v 0.0111374781 -0.00353086204 0.0352573358
v 0.011279582 -0.00340794679 0.035625305
v 0.0103871301 -0.0038634357 0.0343283489
v 0.010703803 -0.00373638538 0.0347816087
v 0.0106469775 -0.00377316773 0.0345362499
v 0.0108699361 -0.00365638779 0.0350221992
v 0.0110658836 -0.00354769547 0.0353088081
v 0.00882213004 -0.00418416737 0.0321627222
v 0.0091332756 -0.00414906722 0.0325858667
v 0.00906233396 -0.00413766131 0.0322967693
v 0.00981585588 -0.00402820436 0.0335256383
v 0.0101327347 -0.00394498557 0.033797536
v 0.008152592 -0.0042281393 0.0312601104
v 0.00759565737 -0.00423822645 0.0305158366
v 0.00692619383 -0.00422606803 0.0296259001
v 0.0123431655 -0.00219908985 0.0371203795
v 0.0124805607 -0.00187388679 0.0373457149
v 0.0125932693 -0.00152084604 0.0375342518
v 0.0126797063 -0.00114353711 0.0376824252
v 0.0127400169 -0.000746787002 0.0377870463
v 0.0119188447 -0.00279135839 0.0366010964
v 0.0121617587 -0.00242393697 0.0369864926
v 0.0123600727 -0.00201366143 0.0373092331
v 0.0125070112 -0.0015873271 0.0375541821
v 0.0126217939 -0.00108696683 0.037749961
v 0.00594393117 -0.00474301167 0.0303420033
v 0.0059543387 -0.00474280864 0.0303562172
v 0.00553723518 -0.00474822568 0.0297853947
v 0.00465920474 -0.00474999938 0.0285677779
v 0.00661226269 -0.00472134678 0.0312539674
v 0.00661634188 -0.00472114328 0.0312595405
v 0.0069181947 -0.0047034109 0.0316719972
v 0.00794566609 -0.00459071621 0.0330858342
v 0.00865422748 -0.00444409251 0.0340772308
v 0.00892819371 -0.00436543208 0.0344660468
v 0.00922725629 -0.00426096981 0.0348950326
v 0.00969588105 -0.00404710788 0.0355786867
v 0.00977481063 -0.00400357228 0.0356954187
v 0.01020688 -0.00371441687 0.0363439471
v 0.0103028864 -0.00363590871 0.0364904888
v 0.0105589665 -0.00339269242 0.0368863791
v 0.0107820658 -0.00312943012 0.0372378938
v 0.0108694779 -0.00300930091 0.0373774953
v 0.0111264167 -0.00257650972 0.0377951823
v 0.0113094542 -0.0021565354 0.0381005071
v 0.0113268923 -0.00210898789 0.0381299853
v 0.011463142 -0.00166338473 0.0383631662
v 0.0115707302 -0.00113993534 0.0385514647
v 0.0116355475 -0.000585770817 0.0386673026
v 0.0116396425 -0.000529419398 0.0386747308
v 0.0116573554 -2.06409514e-10 0.0387076698
v 0.00959937368 -0.00533428136 0.0345257334
v 0.00990572758 -0.00513152173 0.0351178609
v 0.00924163405 -0.00488949753 0.0345440768
v 0.0101828547 -0.0037966182 0.0362857059
v 0.00991088618 -0.00420628441 0.0357811749
v 0.00480267545 -0.0048867166 0.0286443662
v 0.00568486331 -0.00491530634 0.0298514515
v 0.00652344339 -0.00533652212 0.0305572655
v 0.0069495202 -0.00518463552 0.0313196853
v 0.00733831106 -0.00499580009 0.0320167094
v 0.00769057358 -0.00476806657 0.0326475278
v 0.00959790125 -0.00457109697 0.0352016389
v 0.011782811 -0.00145156519 0.0388010107
v 0.0118608437 -0.000644939311 0.0389614403
v 0.0118792579 -1.68584965e-10 0.0390001275
v 0.0117712785 -5.13650303e-11 0.0388581306
v 0.0118750548 -0.000311919983 0.0389910303
v 0.0106322952 -0.00444322359 0.0365209393
v 0.0107366666 -0.00430974457 0.0367234349
v 0.0108262179 -0.00418540835 0.0368976183
v 0.0110208252 -0.00387745234 0.0372778475
v 0.0111897737 -0.00355622289 0.037610326
v 0.0112422006 -0.00344343251 0.0377140157
v 0.0114043057 -0.00304246647 0.0380363427
v 0.0114869243 -0.00279854191 0.0382017456
v 0.0115694487 -0.00251725293 0.0383677408
v 0.011657089 -0.00215987628 0.0385449529
v 0.0117106251 -0.00189727545 0.0386537015
v 0.0102879107 -0.00481380476 0.035855215
v 0.0101017971 -0.00497880159 0.0354961865
v 0.00948002469 -0.00540313032 0.0342946425
v 0.00883981958 -0.00516052591 0.0338056423
v 0.00839039404 -0.00538455416 0.0329844728
v 0.00906721689 -0.00560449064 0.0334939659
v 0.00880347565 -0.00554628344 0.0332690552
v 0.00875616074 -0.0057240352 0.0328899249
v 0.00828275736 -0.00572110713 0.0322977528
v 0.00849928055 -0.00580539973 0.0323913917
v 0.007706773 -0.00585008273 0.0312381946
v 0.00620502047 -0.00586735224 0.0289968848
v 0.0056113475 -0.00553031173 0.0289331842
v 0.00528935948 -0.00530081103 0.0288468208
v 0.00512136798 -0.00516704237 0.0287867151
v 0.007891424 -0.00556264864 0.0320795141
v 0.00734145986 -0.00569719775 0.0310920607
v 0.0090023661 -0.00439264951 0.0345479287
v 0.00867520086 -0.00470574899 0.0339593776
v 0.00830734428 -0.00497494545 0.0332978368
v 0.0078972578 -0.0052004857 0.0325614586
v 0.00744349929 -0.00538329221 0.0317491293
v 0.00694496278 -0.00552554941 0.0308619067
v 0.00573845534 -0.00561155705 0.028956851
v 0.012169525 3.44887785e-10 0.0392780267
v 0.0120611219 3.56285612e-10 0.0392031409
v 0.0120359249 -0.00078452297 0.0391481854
v 0.012815319 9.01967043e-12 0.039265357
v 0.0125808949 4.38399872e-10 0.0393413492
v 0.0125541519 -0.000836608873 0.0392814912
v 0.0124457516 3.15266091e-10 0.0393524095
v 0.0123046776 -1.59613239e-10 0.0393324234
v 0.0122786621 -0.000818249246 0.0392744094
v 0.0106973713 -0.00541927107 0.0353765748
v 0.0103566917 -0.00564636011 0.0346800163
v 0.0102637829 -0.00515905954 0.035484951
v 0.0105882119 -0.00486442633 0.0361393131
v 0.00854010507 -0.00596239232 0.0320308656
v 0.00924154464 -0.00574486097 0.0334329754
v 0.00992905069 -0.00539797684 0.0348120816
v 0.0108971065 -0.00450385828 0.0367664881
v 0.0111837815 -0.00406751689 0.0373539925
v 0.0114403851 -0.00354926568 0.037885908
v 0.0116591388 -0.00294977962 0.0383446254
v 0.011833651 -0.00227824203 0.0387144946
v 0.0119598843 -0.00155029481 0.0389844142
v 0.00966012478 -0.00596028985 0.033266861
v 0.00873267837 -0.00605995161 0.0319446959
v 0.0110299233 -0.00513049494 0.0360593311
v 0.0113496119 -0.00476754317 0.0367192365
v 0.0116496095 -0.00431857165 0.0373428501
v 0.0119207762 -0.00377657637 0.0379123054
v 0.0121534066 -0.00314289937 0.0384071581
v 0.0123392902 -0.0024289561 0.0388085693
v 0.0124735152 -0.00165318372 0.0391026773
v 0.0122002279 -0.00161700114 0.0391010493
v 0.0120698037 -0.0023759373 0.0388152078
v 0.0118893133 -0.0030744588 0.0384238511
v 0.0116633791 -0.00369461463 0.0379398912
v 0.0113995252 -0.00422564568 0.0373815484
v 0.0111065954 -0.00466682063 0.0367688537
v 0.0107930331 -0.0050254399 0.0361193493
v 0.0104653919 -0.00531316083 0.0354461893
v 0.01012854 -0.00554199843 0.0347581245
v 0.00943785626 -0.00586519018 0.033358179
v 0.00890310295 0.00625910517 0.0311282016
v 0.00829835609 0.00631116237 0.029931888
v 0.00783404056 0.00618597399 0.0301661883
v 0.0122769633 0.000844146067 0.0392706506
v 0.0106001934 0.00549026299 0.0351776257
v 0.0109460335 0.00521076936 0.0358867794
v 0.0111914901 0.00526380306 0.0357968844
v 0.0102467723 0.00570782227 0.0344558582
v 0.00952496007 0.00600359309 0.0329948664
v 0.0093037663 0.00591084361 0.0330881178
v 0.0125524076 0.000863085152 0.0392776243
v 0.0120342756 0.000809350284 0.0391446352
v 0.0118608484 0.000644873944 0.0389614441
v 0.0118185384 0.00115901767 0.0388742611
v 0.0119533157 0.00159808644 0.0389703065
v 0.0117738796 0.00151503726 0.0387827344
v 0.0117106531 0.00189712225 0.0386537611
v 0.0118189864 0.00234525511 0.0386832766
v 0.0116370255 0.00224845228 0.0385043025
v 0.0116335666 0.00303057884 0.0382907316
v 0.011461976 0.00287567498 0.0381517112
v 0.0114017846 0.00363752339 0.0378054865
v 0.0113433814 0.00320363394 0.0379148833
v 0.0114044305 0.00304211793 0.0380366035
v 0.010951031 0.00399452494 0.0371411704
v 0.0111896209 0.00355653698 0.0376100391
v 0.0112353014 0.00345868338 0.0377003551
v 0.0111309718 0.00415729126 0.0372452699
v 0.0108297681 0.00459065521 0.0366293341
v 0.0106321312 0.00444342289 0.0365206376
v 0.0105066318 0.00494550075 0.0359744392
v 0.010464021 0.00463628164 0.0361953042
v 0.0101685058 0.00523294136 0.035293296
v 0.00998069253 0.00507546728 0.0352625363
v 0.00982070062 0.00546408817 0.0345944874
v 0.00948030129 0.0054030125 0.0342951305
v 0.00926676765 0.00551382778 0.0338812508
v 0.0091080945 0.00579507137 0.0331657305
v 0.00893181283 0.00565955183 0.0332311094
v 0.00857363921 0.00609053625 0.031628333
v 0.00849947613 0.00580534898 0.0323917568
v 0.00744479522 0.00601476803 0.0303603485
v 0.00822874252 0.00587658398 0.0318671539
v 0.0128181959 0.000866724702 0.0391874388
v 0.0128282877 0.000700851495 0.0392098352
v 0.0124665396 0.00170414022 0.0390872955
v 0.012731065 0.00171118125 0.0389956236
v 0.0126755899 0.00206276192 0.0388748236
v 0.0123236775 0.00250030519 0.038774617
v 0.012789947 0.00121240655 0.0391249582
v 0.0121489875 0.00386275281 0.0377624929
v 0.0118798418 0.00386936706 0.0378259048
v 0.012126172 0.00322858174 0.0383488387
v 0.01261805 0.00236336002 0.0387504995
v 0.0125403553 0.00270406133 0.0385839716
v 0.0123857493 0.00324399909 0.0382564962
v 0.0121934479 0.00166684925 0.0390861109
v 0.0120546389 0.00244574342 0.0387821496
v 0.0118628703 0.00315829483 0.0383668914
v 0.0116235912 0.00378546491 0.0378552638
v 0.0113454172 0.00431693904 0.0372678488
v 0.0115941036 0.00441161776 0.0372270383
v 0.0110380705 0.00475370698 0.0366264284
v 0.0112796193 0.0048557003 0.036574427
v 0.0107105114 0.00510515133 0.0359493345
v 0.0103694135 0.0053843935 0.0352498032
v 0.0100196591 0.00560450228 0.0345364101
v 0.0109923128 0.00543836644 0.035388425
v 0.0104532931 0.0057958127 0.0342810303
v 0.0102500096 0.00589636387 0.03386347
v 0.00977245718 0.00607669866 0.0328856967
v 0.00946900155 0.00615834724 0.0322681628
v 0.00928217545 0.00619829772 0.0318899937
v 0.00878858007 0.0061690039 0.0315277837
v 0.012135867 0.00389199425 0.0377353132
v 0.0120215705 0.00412955461 0.0374990888
v 0.0118922768 0.0043663457 0.0372329429
v 0.0115759186 0.00483781844 0.0365842916
v 0.011256434 0.00520075066 0.0359299816
v 0.0133920982 0.000722451485 0.0389630795
v 0.0133321276 0.00143490743 0.038824439
v 0.0132323224 0.00212704367 0.0385943055
v 0.0126965232 0.00398696959 0.0373756364
v 0.011808495 0.00536628626 0.0354160108
v 0.0121438159 0.00496894633 0.0361474045
v 0.012439739 0.00450777775 0.0368014351
v 0.0110177631 0.00596164027 0.033730235
v 0.0105612176 0.00616016705 0.0327805988
v 0.0100630997 0.00629604748 0.0317631885
v 0.00895231031 0.00640069833 0.0281544887
v 0.00829830393 0.00639265683 0.0284884535
v 0.00952294841 0.00637508836 0.0306810625
v 0.00768030062 0.00632341066 0.0287339501
v 0.011433322 0.00569753675 0.0346095227
v 0.0129142934 0.00341170002 0.0378675461
v 0.0134948594 0.00348229357 0.0374934226
v 0.0130929546 0.00278907409 0.0382746123
v 0.0135607505 0.00269687851 0.0381076187
v 0.0135187414 0.00323035498 0.0377160162
v 0.0135790948 0.0024112328 0.0382786207
v 0.0136421239 0.000644373242 0.0388661362
v 0.0136301694 0.00121971045 0.0387547016
v 0.0136231352 0.00145174749 0.0386891551
v 0.0136088897 0.00182727375 0.0385563411
v 0.00719487481 0.00622332934 0.0288758725
v 0.00670903269 0.00607693242 0.0289665088
v 0.00830743741 0.00497497711 0.0332979262
v 0.00867529958 0.00470578065 0.0339594819
v 0.0092417188 0.00488952594 0.0345441587
v 0.0095979888 0.00457112538 0.0352017321
v 0.00620612921 0.00586800091 0.0289968252
v 0.00529814512 0.00530745601 0.0288498867
v 0.00512131955 0.00516692642 0.0287868623
v 0.00568491453 0.00491533615 0.0298514944
v 0.00484677916 0.00492769433 0.028665971
v 0.00465923036 0.00475002592 0.0285678003
v 0.00543564046 0.00474887574 0.0296458788
v 0.00593656069 0.00474327523 0.0303318519
v 0.00596003095 0.00474283379 0.0303639062
v 0.00694959704 0.00518466672 0.0313197523
v 0.00810062513 0.00456453674 0.0333011821
v 0.00769067183 0.00476809824 0.0326476246
v 0.007230205 0.00467892224 0.0320991799
v 0.00944603793 0.00416980218 0.0352122895
v 0.00900247041 0.00439267932 0.0345480517
v 0.00881648622 0.00439928658 0.0343070626
v 0.0103236362 0.00361816399 0.0365222767
v 0.0101829479 0.00379664241 0.0362858102
v 0.0101039708 0.00379220559 0.0361878946
v 0.0116504226 0.000335670833 0.0386944264
v 0.0116011752 0.000926384528 0.0386055745
v 0.0115518644 0.0012517008 0.0385181271
v 0.0115080588 0.00147328805 0.038441278
v 0.0113684647 0.00198839325 0.0382005759
v 0.0109630991 0.00286712637 0.0375283547
v 0.0111858444 0.0024535181 0.03789353
v 0.0106929252 0.003241417 0.0370966457
v 0.0106081311 0.00333936675 0.036963284
v 0.00694502797 0.00552557828 0.0308619477
v 0.00573178986 0.00560749928 0.0289555639
v 0.00536309462 0.00535639236 0.0288700908
v 0.00734152179 0.00569722429 0.0310920998
v 0.00789149385 0.00556267751 0.0320795663
v 0.00828282535 0.00572113274 0.0322977751
v 0.00770683493 0.00585010787 0.0312382225
v 0.0088035427 0.00554630952 0.0332690999
v 0.00991097931 0.00420631142 0.0357812643
v 0.00652350765 0.005336551 0.0305573232
v 0.00744357519 0.00538332341 0.0317491889
v 0.00839046855 0.00538458303 0.0329845361
v 0.00991922058 0.00391718512 0.0359103195
v 0.00619276753 0.00473730871 0.0306815896
v 0.00733839953 0.00499583222 0.0320167914
v 0.00789734162 0.00520051736 0.0325615406
v 0.00883990061 0.00516055571 0.0338057131
v 0.00856809691 0.00446594739 0.0339557268
v 0.00561962044 0.00415787892 0.0278819595
v 0.00563474605 0.00415870594 0.027902171
v 0.00568168424 0.00412469218 0.0278380103
v 0.00521228276 0.00413597282 0.0273327287
v 0.00468945922 0.00410660263 0.0266340785
v 0.00496382127 0.00401651673 0.0264363065
v 0.00548547599 0.00405020965 0.0271314923
v 0.00865535531 0.0040165172 0.0250914562
v 0.00891886745 0.00404781569 0.0258147623
v 0.00907230657 0.0037680699 0.0249505248
v 0.00909062196 0.00356055098 0.0249530245
v 0.00935387425 0.00359177589 0.0256756172
v 0.00933416374 0.00379915535 0.025669314
v 0.00930736866 0.00388658466 0.0256754532
v 0.00904543046 0.00385549036 0.0249564573
v 0.00926299021 0.00395504618 0.0256887935
v 0.00900098961 0.00392394513 0.0249696225
v 0.0091989236 0.00400227262 0.0257101804
v 0.00893688109 0.00397116691 0.0249908995
v 0.00911709853 0.00403034175 0.025738826
v 0.00885503367 0.00399923278 0.025019465
v 0.0043147211 0.00319787697 0.0118435482
v 0.00431471923 -0.00319788349 0.0118435631
v 0.00449909223 0.00319787231 0.0123496419
v 0.0044990764 -0.0031978772 0.0123495935
v 0.00468347035 0.00319954194 0.0128557449
v 0.00688818423 0.0033174383 0.0189075004
v 0.00448469864 -0.00340558565 0.0123579223
v 0.00445901649 -0.00349307782 0.0123671386
v 0.00441550976 -0.00356158777 0.0123828799
v 0.00435204944 -0.00360884843 0.012405917
v 0.00427058525 -0.00363693899 0.0124355517
v 0.00407114811 -0.00365423923 0.0125081744
v 0.00388617348 -0.00365424156 0.0120004388
v 0.00408559432 -0.00363694201 0.0119277537
v 0.0041670287 -0.00360885239 0.0118980398
v 0.00423044013 -0.00356159243 0.0118748592
v 0.00427387236 -0.00349308131 0.0118589252
v 0.00429946044 -0.00340558798 0.0118494537
v 0.00416089501 -0.00350760738 0.0099248169
v 0.0041859583 -0.00342000928 0.00993632432
v 0.00450879009 -0.00342460885 0.0094633773
v 0.00406748941 -0.00320210261 0.0109428046
v 0.00405427674 -0.00320669892 0.0104332715
v 0.00403484562 -0.00341488444 0.0104585979
v 0.00406631781 -0.00320755807 0.0103509538
v 0.00420161569 -0.0032120198 0.00994190853
v 0.00462263264 -0.00352440542 0.0092896577
v 0.00446606008 -0.00360661536 0.00935398787
v 0.00445181737 -0.00358080049 0.00941586215
v 0.00441322848 -0.00362436171 0.00936907064
v 0.00440706406 -0.00362619502 0.00937059522
v 0.00440044003 -0.00362655078 0.00937699806
v 0.00439353148 -0.00363005674 0.00937375985
v 0.00428638654 -0.00365354121 0.00939124543
v 0.00428249175 -0.00365418312 0.00939165708
v 0.00397908175 -0.00365204108 0.00983627047
v 0.00400337996 -0.00367416744 0.00939822942
v 0.00385386753 -0.00367177511 0.00962943211
v 0.00486914534 -0.00322038517 0.00911647175
v 0.00467856741 -0.0034768125 0.00926036481
v 0.00456156023 -0.00321739353 0.00942815654
v 0.00421597948 -0.00321232877 0.00991358422
v 0.00433204835 -0.0032144126 0.00971960276
v 0.0045223101 -0.00321694836 0.00947292428
v 0.00379277044 -0.00367058162 0.00974419713
v 0.00361103355 -0.00366478972 0.0103149517
v 0.00386481755 -0.00364919659 0.0101289349
v 0.00359811052 -0.00366381812 0.0104163848
v 0.00380542153 -0.00364631647 0.0104373675
v 0.00362016656 -0.00365862646 0.0110347131
v 0.00400726777 -0.00350256613 0.0104566105
v 0.00463420385 -0.00351564703 0.0092838984
v 0.00448751124 -0.00351214851 0.00944591686
v 0.00411871914 -0.00357620954 0.00990463793
v 0.00401448645 -0.00357367517 0.0101717869
v 0.00396057172 -0.00357110123 0.0104524922
v 0.00407778844 -0.00320162601 0.0110074216
v 0.00406484725 -0.00341024064 0.0110296877
v 0.00403769407 -0.00349797867 0.0110351071
v 0.00399154751 -0.00356647233 0.0110437777
v 0.00392421987 -0.00361350202 0.0110560711
v 0.00405745674 -0.00362362387 0.00987478998
v 0.00394884776 -0.00362097239 0.0101531344
v 0.00389255537 -0.00361828227 0.0104459953
v 0.00379965245 -0.00364359911 0.0107559822
v 0.00363241765 -0.00365811354 0.0111082867
v 0.00383789954 -0.00364128803 0.0110716159
v -0.00130771124 -0.00366891315 0.0117373345
v -0.00112458307 -0.00366028165 0.0125370473
v 6.09153867e-05 -0.0036966491 0.00949749816
v -0.000512135972 -0.00369583257 0.00974842161
v -0.000693399925 -0.00369476061 0.00987029355
v -0.00102617813 -0.00369073194 0.0102070235
v -0.00119389279 -0.00368653797 0.0105034169
v -0.00126842037 -0.00368336379 0.0107174944
v -0.00130822265 -0.00368069042 0.0108965831
v -0.00133514754 -0.00367252156 0.0114634885
v 0.00142577069 -0.00369142555 0.00927599054
v 0.000477564434 -0.00369578577 0.00939030852
v 0.000302020839 -0.00369625702 0.00942987204
v 0.00220967061 -0.00368646299 0.00926774833
v 0.00304062478 -0.00368063222 0.00931588747
v 0.0036594593 -0.00367631717 0.00937311724
v 0.00316464272 -0.00367973675 0.00932753179
v -0.000470649044 -0.00365589513 0.0147310542
v 0.0009840579 -0.00373745337 0.0196734965
v -0.000466661499 -0.0036559538 0.0147451712
v 4.71519088e-05 -0.00367344194 0.0166038629
v 2.78403695e-05 -0.00367325428 0.0165958628
v 0.000560892338 -0.0037070266 0.0184623636
v 0.00155312452 -0.00377928466 0.0210362617
v 0.00214780099 -0.00382259977 0.0222401582
v 0.00282861316 -0.00387097406 0.0234273076
v 0.00360570569 -0.00392462919 0.024605073
v 0.00493300101 -0.00401448272 0.0263954382
v 0.00465878565 -0.0041048401 0.0265932847
v 0.00488167303 -0.00401816098 0.0264337976
v 0.00372552802 -0.00474999985 0.0272667855
v 0.00782460626 -0.00635964563 0.0269285645
v 0.0120393075 -0.00463923393 0.0239255559
v 0.0114653353 -0.00460296962 0.0229916573
v 0.0119472593 -0.00425938098 0.0230675172
v 0.0119125461 -0.00409232499 0.0227439273
v 0.0111235529 -0.00550925219 0.0249314513
v 0.0105627086 -0.00531170331 0.0234910008
v 0.0116980793 -0.00511771021 0.0245546736
v 0.0109932078 -0.00501562562 0.023252761
v 0.0113324141 -0.00473026885 0.0230652262
v 0.0098399967 -0.00605975231 0.0257417336
v 0.00969481841 -0.00574759021 0.023970481
v 0.0104996637 -0.00582225155 0.0253305323
v 0.00994292554 -0.00564109767 0.0238335971
v 0.01048919 -0.00535617489 0.0235316735
v 0.00850493368 -0.00610913429 0.0246270541
v 0.00876129791 -0.00604928518 0.0244854428
v 0.00923524704 -0.00591384852 0.024223825
v 0.00916169398 -0.00622600177 0.0261532832
v 0.00848332886 -0.00632487284 0.0265529957
v 0.00767562632 -0.00624452857 0.0250849575
v 0.00687354198 -0.00629361439 0.0255273785
v 0.00612023892 -0.00625714194 0.025943296
v 0.00573534146 -0.00619896268 0.0261567235
v 0.00530327624 -0.00609039236 0.0263958815
v 0.00516016595 -0.00604164274 0.0264749341
v 0.00469818339 -0.00582495006 0.0267297607
v 0.00433958229 -0.00556704495 0.0269276574
v 0.00423201965 -0.00546700368 0.0269871503
v 0.00406099902 -0.00527825672 0.0270816945
v 0.00379095622 -0.00487534329 0.0272306837
v 0.00782460719 0.00635964563 0.0269285534
v 0.00848332979 0.00632487191 0.0265529864
v 0.00573534006 0.00619896175 0.0261567365
v 0.00532422634 0.00609693117 0.0263842978
v 0.0053032767 0.00609039143 0.0263958741
v 0.00516016269 0.00604164135 0.0264749322
v 0.00487697404 0.00592113519 0.0266311783
v 0.0046981927 0.00582495425 0.0267297458
v 0.0043395781 0.00556704169 0.0269276667
v 0.00423202058 0.00546700275 0.0269871466
v 0.00406100135 0.00527825579 0.0270816851
v 0.00379095902 0.00487534702 0.02723068
v 0.00372552685 0.00474999985 0.0272667892
v 0.00612010621 0.00625712704 0.0259433687
v 0.00641970756 0.00628255634 0.0257778
v 0.00687340088 0.00629361486 0.0255274642
v 0.00767548895 0.00624454441 0.025085045
v 0.00916169304 0.00622600177 0.0261532869
v 0.00850478746 0.00610916642 0.0246271417
v 0.00876129791 0.00604928611 0.0244854409
v 0.00983999576 0.00605975185 0.0257417336
v 0.00923513062 0.00591388578 0.0242239013
v 0.0104996637 0.00582225202 0.0253305323
v 0.00969481841 0.00574758928 0.0239704829
v 0.0111235511 0.00550925313 0.0249314569
v 0.0116980784 0.00511771068 0.0245546792
v 0.0109931929 0.00501563679 0.0232527722
v 0.0105627086 0.00531170517 0.0234910045
v 0.01048915 0.00535619957 0.0235316996
v 0.00994284544 0.00564113446 0.0238336436
v 0.0119125461 0.00409232499 0.0227439273
v 0.0114653185 0.00460298173 0.0229916759
v 0.0119472584 0.00425938144 0.0230675191
v 0.0120393103 0.00463923346 0.0239255484
v 0.00465873862 0.00410483638 0.0265932251
v 0.00493298005 0.00401448179 0.0263954177
v -0.000466626923 0.00365595357 0.0147453081
v -0.000470612256 0.00365589606 0.0147311809
v 0.00425395928 0.00365589559 0.013009971
v 0.00121354242 0.00375428936 0.0202534124
v 0.000884118315 0.00373015669 0.0194056015
v 0.00645524217 0.00377363455 0.0190523285
v 0.000700885546 0.00371693075 0.0188863911
v 0.000217717403 0.00368418032 0.0173052792
v 0.00493136188 0.00401437609 0.0263932962
v 0.00486966828 0.00401029829 0.026311757
v 0.00377700804 0.00393635081 0.0248473249
v 0.00296263024 0.00388034363 0.0236424711
v 0.002330577 0.00383574236 0.0225766599
v 0.00169611629 0.00378976692 0.0213432182
v 0.00690129306 0.00332762115 0.018943537
v 0.00667859288 0.00375483837 0.0190109275
v 0.00677290233 0.00371582829 0.0189778283
v 0.00683047343 0.00366109353 0.0189586058
v 0.00686851982 0.00358474883 0.0189472158
v 0.00446448056 0.00363596156 0.0129333772
v 0.00455844868 0.003596931 0.0128993392
v 0.00461553829 0.0035421697 0.012878811
v 0.00465291878 0.00346578611 0.0128655601
v 0.00468343543 0.00320854061 0.0128557011
v 0.004270609 0.00363693596 0.0124356207
v 0.00435207365 0.00360884634 0.0124059878
v 0.00441553583 0.00356158614 0.0123829441
v 0.0044590435 0.00349307479 0.0123672001
v 0.00448472239 0.00340558216 0.0123580024
v 0.00388617371 0.00365423551 0.012000435
v 0.00408559339 0.00363693573 0.0119277583
v 0.00416702731 0.00360884657 0.0118980464
v 0.00423043966 0.00356158568 0.0118748592
v 0.00427387236 0.00349307456 0.0118589234
v 0.00429945998 0.00340558169 0.0118494555
v 0.00414366042 0.00340827415 0.0113706375
v 0.00463330047 0.00351634994 0.00928434916
v 0.00433576666 0.00351035781 0.00963746943
v 0.00429759175 0.00357899186 0.00961058121
v 0.00437288545 0.00321502355 0.00966125634
v 0.00435850676 0.00342279766 0.00965300016
v 0.00456156069 0.00321739446 0.00942815375
v 0.00486914441 0.00322038634 0.00911647361
v 0.0047092028 0.00344441948 0.00924244616
v 0.00440284191 0.00362742273 0.00937160198
v 0.00440935791 0.00362551725 0.00937003642
v 0.00457832078 0.00355368969 0.00931046065
v 0.00424220227 0.00362651912 0.00957102701
v 0.00417137519 0.00365512143 0.00952013023
v 0.00433837576 0.00364362635 0.00938432664
v 0.00379651319 0.00364421727 0.0106793502
v 0.00365807954 0.00366696669 0.0100952182
v 0.00381413428 0.0036469677 0.0103654303
v 0.00368959992 0.00366801256 0.00999252964
v 0.00388670759 0.00364986761 0.0100590559
v 0.00382562028 0.00367124332 0.00968048163
v 0.00364494696 0.00365766673 0.0111748604
v 0.00408007065 0.00320152706 0.0110205542
v 0.00402699504 0.00341297197 0.0106722089
v 0.00404352136 0.00320438505 0.0106700379
v 0.00410530716 0.00341806561 0.0101306783
v 0.00406631967 0.00320755458 0.0103509445
v 0.0040542772 0.00320669496 0.0104332687
v 0.00431034015 0.00321406499 0.00975229777
v 0.00421598135 0.00321232667 0.0099135749
v 0.00412161043 0.00320990477 0.0101340646
v 0.00411707908 0.00349602546 0.0113784242
v 0.00399936037 0.00350067997 0.0106735704
v 0.00407889858 0.00350569538 0.0101226363
v 0.00407190109 0.00356450933 0.0113912681
v 0.00398969464 0.00356653519 0.0110333152
v 0.0039524734 0.00356919505 0.0106752142
v 0.0039684996 0.00357168587 0.0103868321
v 0.00403435994 0.00357427076 0.0101082539
v 0.00392146036 0.0036392305 0.0114333369
v 0.00383595261 0.00364135532 0.0110606132
v 0.00359194842 0.00366060925 0.0107770488
v 0.00358802942 0.00366139226 0.0106841568
v 0.00400597975 0.0036115034 0.011409767
v 0.00392232602 0.00361356651 0.0110453712
v 0.00388411898 0.00361630227 0.0106771411
v 0.00390082248 0.00361889182 0.0103775784
v 0.0039695981 0.00362159638 0.0100868251
v 0.00400875369 0.0036526036 0.00977861788
v 0.00400337856 0.00367416767 0.00939823408
v 0.00506649679 0.00298879365 0.00893927459
v 0.00506649725 -0.00298879365 0.00893927179
v 0.00523581821 -0.00330470107 0.00894857384
v 0.00514130201 -0.0034189967 0.00902169198
v 0.00499179214 -0.00332566607 0.00904303696
v 0.00521995593 -0.00319273211 0.00889611989
v 0.00530148577 -0.00324517675 0.00889994763
v 0.00515441317 -0.00313106552 0.00890238117
v 0.00492570549 -0.00327340793 0.00907389168
v 0.00432360265 -0.00382869923 0.00918140542
v 0.0040176129 -0.00380661176 0.00918262918
v 0.00401465083 -0.00374882133 0.00922459271
v 0.00464119716 -0.00354796881 0.00925708562
v 0.00473439088 -0.00346647832 0.00921306387
v 0.00476170098 -0.00349091901 0.00918726623
v 0.00466325833 -0.0035741094 0.00922751706
v 0.00455031125 -0.00362982624 0.00926116761
v 0.00453565642 -0.00360365957 0.0092958454
v 0.00456817867 -0.00366022065 0.00923040509
v 0.00458884798 -0.00369409123 0.00920471828
v 0.00445020525 -0.00372823328 0.00922072493
v 0.00429366017 -0.00368256797 0.00930429716
v 0.00442668609 -0.00366343767 0.00928786956
v 0.00400914159 -0.00369273592 0.00930756796
v 0.00400521187 -0.00367630785 0.00936897658
v 0.00479190657 -0.00351617974 0.00916491635
v 0.00489545427 -0.00359303388 0.00912221428
v 0.00496975565 -0.00364128943 0.00911556184
v 0.00488894014 -0.00371979014 0.00913823768
v 0.00482460624 -0.00354188541 0.00914642122
v 0.00463607116 -0.00376811577 0.00917166751
v 0.00402008882 -0.00392450299 0.00915419776
v 0.00468603009 -0.00384279806 0.00916448236
v 0.00454006158 -0.00388878793 0.00916999392
v 0.00430677459 -0.00374410674 0.00922869518
v 0.00506772753 -0.00351852668 0.00907016732
v 0.00401219167 -0.00371799199 0.00926107727
v 0.00366825773 -0.0038369142 0.00914371107
v 0.00369450962 -0.00392566016 0.00912964251
v 0.00366381695 -0.00376183772 0.00918852631
v 0.00365930377 -0.00371873262 0.00923717208
v 0.00365214585 -0.003683327 0.00931737199
v 0.00329377991 -0.00368573423 0.00928483531
v 0.00330152642 -0.00372109259 0.00920459908
v 0.00330638909 -0.00376418675 0.00915590022
v 0.00331113348 -0.00383928069 0.00911102537
v 0.00318713952 -0.00384008721 0.00909944065
v 0.00318932021 -0.00392907159 0.00908315089
v 0.00306533673 -0.00392999593 0.00907154288
v 0.00318238651 -0.00376500073 0.0091443602
v 0.00317798322 -0.00372518878 0.00918834191
v 0.00317027909 -0.00368798408 0.00926784799
v 0.00306314696 -0.00384100084 0.00908783078
v 0.00305838627 -0.00376590481 0.00913274847
v 0.00305397622 -0.00372608914 0.00917674415
v 0.0030490132 -0.00369837903 0.00922763441
v 0.0030462686 -0.00368887954 0.00925624929
v -0.000285820977 -0.00388980727 0.00931257475
v -0.000425779173 -0.00402163109 0.00930025149
v -0.000587481307 -0.00387698528 0.00944700651
v 0.000283341709 -0.00390708679 0.00914723426
v 0.000630733964 -0.00391427893 0.0090847807
v 4.17887604e-05 -0.00447099144 0.00903178565
v 0.00289331214 -0.00392970024 0.00905631483
v 0.00195887266 -0.00502135139 0.0089678932
v 0.00184088934 -0.00392724015 0.00900780316
v 0.000614445133 -0.00504011195 0.00890022423
v 0.000980841578 -0.0039196657 0.00904311612
v -0.000258037151 -0.00389085221 0.0093021458
v -3.94475428e-05 -0.00389829837 0.00922942255
v -1.54216214e-05 -0.00389903598 0.00922234356
v -0.0021875801 -0.00564864557 0.00913664699
v -0.00235994114 -0.00555934152 0.00925451797
v -0.000652370392 -0.00387387141 0.00948190875
v -0.00274396013 -0.00524548907 0.00980392564
v -0.00283278641 -0.00506772241 0.0102579203
v -0.00148760993 -0.00382314785 0.0103703663
v -0.0013375358 -0.00383346388 0.0100969551
v -0.00122530153 -0.00384087162 0.00994711835
v -0.00268490985 -0.0053145159 0.00966129359
v -0.0010581956 -0.00385149708 0.00977202412
v -0.00261912192 -0.00537756458 0.00954310969
v -0.000865313516 -0.00386275491 0.00961608067
v -0.000694240094 -0.00387179409 0.00950578041
v -0.00267093093 -0.00479179528 0.0116349105
v -0.00240050722 -0.00474995887 0.0125650028
v -0.00160846254 -0.00380144455 0.0119075058
v -0.00191511912 -0.0042754435 0.0125991972
v -0.00143071578 -0.00379874953 0.0126350736
v -0.0016274763 -0.00380223384 0.011786581
v -0.00163604051 -0.00380267738 0.0117230192
v -0.00274884747 -0.00483394926 0.01127961
v -0.00166441139 -0.00380584318 0.0113322549
v -0.00282111601 -0.0049206377 0.0107974792
v -0.00163023837 -0.00381188281 0.0108551374
v -0.00283951615 -0.00501304027 0.0104339393
v -0.0015127986 -0.00382133294 0.0104302969
v -0.00150138699 -0.00382215972 0.010402414
v -0.0014742309 -0.00589223998 0.00888719875
v -0.00173402147 -0.0058206995 0.00894913636
v -0.00184280891 -0.00578570599 0.00898301974
v 0.000837253057 -0.00610336987 0.00886283256
v 0.00051234744 -0.00610579876 0.00883538276
v 8.28715201e-05 -0.00609562313 0.00880957022
v -0.000658524339 -0.00603700243 0.00880296156
v -0.00104719237 -0.00598075613 0.00882702041
v 0.00221567973 -0.00376297534 0.00908919796
v -0.00120931747 -0.00381633453 0.00996317528
v -0.00129158155 -0.00369640812 0.0125893122
v -0.00147062365 -0.00369969429 0.0117610041
v -0.00150830613 -0.00370644988 0.0113157509
v -0.00147523312 -0.0037134036 0.0108679049
v -0.00134438532 -0.00371895777 0.0104372716
v -0.00084224873 -0.00380655588 0.00965589378
v -0.000430940563 -0.00379747688 0.00943920761
v 1.67487954e-07 -0.00378988008 0.00929023884
v 0.00132629706 -0.00386519055 0.00903409813
v 0.000430770335 -0.0038838652 0.00912672188
v 0.00221875985 -0.00385105354 0.00903234631
v 0.000457402261 -0.0037171375 0.00928826723
v 0.00133207196 -0.00371150114 0.00918519311
v 0.00221236632 -0.00370494416 0.00917641725
v 2.85439764e-05 -0.00371937524 0.00939176884
v -0.000386115193 -0.00372105162 0.00954460353
v -0.000772040046 -0.00372192869 0.00976239704
v -0.00110299408 -0.00372156082 0.010059908
v 0.00132778869 -0.00377259823 0.00909372605
v 0.00043994069 -0.00378346513 0.00919064879
v -0.000829499098 -0.00365635566 0.013643181
v -0.000974242575 -0.00369894714 0.0136864455
v -0.00078006991 -0.00379495602 0.0148171885
v -0.000656232587 -0.00370026217 0.0147829968
v -0.000510507729 -0.00365784275 0.0147422673
v -0.00227429974 -0.00474994676 0.0129509782
v -0.00163939432 -0.00474999985 0.0150697771
v -0.000776104978 -0.00379500259 0.0148312571
v -0.00063520309 -0.00369217829 0.0147923408
v 0.0039202664 -0.00395844597 0.0251978971
v 0.00371822389 -0.00404963782 0.025337575
v 0.00296560978 -0.00389932864 0.023858849
v 0.00277771428 -0.0039939112 0.023972176
v 0.00211066776 -0.00384558365 0.0224521644
v 0.0019341032 -0.00394270895 0.0225414801
v 0.00137190835 -0.00390773639 0.0214268565
v 0.00136624731 -0.00379787479 0.020982217
v 0.00119981053 -0.0038969405 0.0210517347
v 0.000734073401 -0.00375741418 0.0194592774
v 0.000576358521 -0.00385793345 0.0195127781
v 0.000211249615 -0.0037255683 0.0178947113
v 6.06002104e-05 -0.00382715859 0.0179360677
v -0.000227712386 -0.00370350783 0.0163056944
v -0.000372745999 -0.0038058795 0.0163415372
v -0.00116956816 -0.00474998495 0.0168989059
v -0.000971672649 -0.0047499924 0.0176795926
v -0.000709438231 -0.00474982429 0.01863374
v -0.000331433199 -0.00474978983 0.0198324006
v -0.000262479938 -0.00474981591 0.0200316384
v 0.000295844715 -0.00474999798 0.0214786213
v 0.00044925604 -0.00474986387 0.0218340904
v 0.000839449 -0.00474984711 0.022673253
v 0.00107216893 -0.0047499463 0.0231358241
v 0.00139983743 -0.00474999147 0.023746945
v 0.00152694655 -0.00474999892 0.0239727236
v 0.00207748939 -0.00475000544 0.0248885546
v 0.0028903198 -0.00475007389 0.026102161
v 0.000610072864 -0.00506996363 0.0214129072
v -0.000447014056 -0.00510327239 0.0180288497
v -0.000792094565 -0.00513642747 0.0163898207
v -0.000524249801 -0.00544653833 0.0149607481
v -0.000298170547 -0.00553192897 0.0149386171
v -8.02193172e-05 -0.00549935177 0.016272964
v 0.00129982422 -0.0058513321 0.0147819519
v 0.00168674742 -0.00586426817 0.0160123277
v 0.000752631458 -0.0057399543 0.0161458943
v 0.00904009119 -5.61537095e-10 0.0140251368
v 0.00928500947 1.0771338e-10 0.0151114073
v 0.00922380015 -0.000967230473 0.0151174469
v 0.00904198177 -0.00189590303 0.0151355583
v 0.00886494108 -0.00162830087 0.0140422825
v 0.00899462402 -0.000839160639 0.0140295858
v 0.00874514226 -0.00274942769 0.0151656112
v 0.00865771528 -0.00236044265 0.0140625229
v 0.00879484881 -0.00191443483 0.0140491184
v 0.00805315748 -0.00357655552 0.0141216656
v 0.00838313904 -0.00301399082 0.0140893711
v 0.00849618111 -0.00277250097 0.0140783098
v 0.00833978038 -0.00349932211 0.0152075784
v 0.00782988779 -0.00413092226 0.0152618373
v 0.00767539861 -0.00405056262 0.0141586456
v 0.00721306494 -0.0046463809 0.0153294271
v 0.0070362282 -0.00461032987 0.0142210508
v 0.00720064435 -0.00448776921 0.0142050311
v 0.00757761998 -0.00415263698 0.0141682168
v 0.00648452574 -0.00505860103 0.0154116238
v 0.00669058692 -0.00483239768 0.0142546436
v 0.00695745135 -0.00466489047 0.0142287007
v 0.00536709558 -0.00539799361 0.0143834911
v 0.00608567288 -0.00513480091 0.0143134482
v 0.00632994017 -0.00502361683 0.0142896771
v 0.00564501062 -0.00538305659 0.01550915
v 0.00470927358 -0.00562961353 0.0156212226
v 0.00450896611 -0.00562197855 0.0144675188
v 0.00370963453 -0.00579787698 0.0157451276
v 0.00352069153 -0.00579013536 0.0145646287
v 0.0026874661 -0.00587998889 0.0158770178
v 0.00246112095 -0.0058764508 0.0146686705
v 0.00217683939 -0.00588268042 0.0146964863
v -0.000134071583 -0.00558600714 0.0149225453
v 0.000342938991 -0.00571122952 0.0148757398
v 0.000542732945 -0.00575146917 0.0148561271
v -0.000698669872 -0.00537090609 0.0149778454
v -0.00106144173 -0.00518069137 0.015013393
v -0.00121048419 -0.00508703711 0.0150279654
v 0.00133590726 -0.00506140618 0.0230452307
v 0.00307927839 -0.00503595918 0.026021501
v 0.00350481924 -0.00547927013 0.0258527994
v 0.00467799837 -0.00606939662 0.0253014844
v 0.00403387425 -0.00582540687 0.0256161876
v 0.00722690253 -0.00615426153 0.0239137877
v 0.0063023027 -0.006235193 0.0244346987
v 0.00543960184 -0.00620679418 0.0249048639
v 0.00750443991 -0.00584952859 0.0220984444
v 0.00841273088 -0.00553958444 0.0216349829
v 0.00816478953 -0.00596268987 0.0233714841
v 0.00923928618 -0.0051114317 0.0212094486
v 0.00996102858 -0.00455189403 0.0208353419
v 0.0105647305 -0.00385339209 0.020520879
v 0.0102781691 -0.00421998929 0.0206703153
v 0.0117580695 -0.00308393151 0.0213039815
v 0.0117853666 -0.00330617116 0.0215584431
v 0.0118458057 -0.0037211061 0.0221218057
v 0.0116498061 -0.00177141291 0.0202948209
v 0.0113879694 -0.00207767566 0.0200902224
v 0.0116257835 -0.00124585896 0.0200709011
v 0.0115966666 -0.00105734728 0.0199807286
v 0.01161025 -0.000702442194 0.0199261121
v 0.0116638886 -0.00200951006 0.0204260889
v 0.0116695799 -0.00209658989 0.0204791259
v 0.011042485 -0.00302118971 0.0202711821
v 0.0117005622 -0.00250612665 0.0207679272
v 0.01174461 -0.00296389125 0.0211785231
v 0.0116031328 -2.16454951e-10 0.0198597685
v 0.011604757 -0.000336155645 0.019874895
v 0.0109625645 1.9161539e-10 0.0189600978
v 0.011031474 -0.00103806274 0.0191934705
v 0.0108231185 -0.00203835219 0.0192793086
v 0.0104792146 -0.00296130264 0.0194209144
v 0.0100050028 -0.00377351441 0.0196160004
v 0.0100751761 -1.20346011e-10 0.0174052846
v 0.0105753252 5.48762424e-10 0.0183426253
v 0.0100257192 -0.000999722863 0.0174555518
v 0.0105066793 -0.00101855723 0.018363744
v 0.00982668251 -0.00196089013 0.0174980219
v 0.0103016337 -0.00199883711 0.0184268355
v 0.0094999345 -0.00284507265 0.0175678562
v 0.00996411871 -0.00290173898 0.0185306836
v 0.00905159302 -0.00362126203 0.0176639128
v 0.00949988514 -0.00369503023 0.018673541
v 0.00848681293 -0.00427224766 0.0177853871
v 0.00891463179 -0.00435995171 0.0188536439
v 0.00780699542 -0.004798437 0.0179323964
v 0.00821196195 -0.00489543518 0.0190699026
v 0.00701403711 -0.00521203177 0.0181050859
v 0.00739757391 -0.00531262858 0.0193205867
v 0.00611771503 -0.00552866375 0.0183019824
v 0.00648594229 -0.00562671432 0.0196012389
v 0.00514309062 -0.00575886061 0.0185183249
v 0.00550668826 -0.00584843149 0.0199027918
v 0.00413237372 -0.00590300839 0.0187456179
v 0.00450540287 -0.00597894611 0.0202112105
v 0.00313447416 -0.00595449889 0.0189737305
v 0.00353275542 -0.00601291191 0.0205109287
v 0.00219598273 -0.00590388197 0.0191927906
v 0.00263487315 -0.00594264455 0.0207877476
v 0.00135248189 -0.00574380532 0.0193948653
v 0.00184214918 -0.00576286111 0.0210323092
v 0.000623497181 -0.00547054829 0.0195750315
v 0.00116721296 -0.00547187775 0.0212407056
v 1.48840145e-05 -0.00508242985 0.0197309721
v 0.00957022328 -5.6631061e-10 0.0161416065
v 0.00960147474 -0.000982372672 0.0164313987
v 0.00941046048 -0.00192610722 0.0164569579
v 0.00909773353 -0.00279362593 0.0164990891
v 0.00866963994 -0.00355517445 0.0165573359
v 0.00813073292 -0.00419490784 0.0166316852
v 0.00748035777 -0.00471429853 0.0167230051
v 0.00671684276 -0.00512612425 0.0168324392
v 0.00584530039 -0.00544611178 0.0169602837
v 0.00488573639 -0.00568449497 0.0171048008
v 0.00387584278 -0.00584115135 0.0172616858
v 0.00286135287 -0.00590864941 0.0174252409
v 0.00188811019 -0.00587621564 0.0175892804
v 0.000996711431 -0.00573466904 0.0177476518
v 0.000214159911 -0.00547828479 0.0178953577
v 0.00940660201 -0.00445449771 0.0198617987
v 0.00868983846 -0.00500129396 0.0201554839
v 0.00786425453 -0.00542350393 0.0204925686
v 0.00694881426 -0.00573549513 0.02086455
v 0.00597698567 -0.00594814727 0.0212569851
v 0.00655093323 -0.00605223421 0.0225793198
v 0.00499640265 -0.00606369833 0.0216496103
v 0.00560061587 -0.0061513111 0.0230511185
v 0.00405795267 -0.00607853476 0.0220209938
v 0.00470321393 -0.00614536228 0.0234870352
v 0.00320604676 -0.00598718971 0.0223526638
v 0.00390041037 -0.00603159657 0.0238649976
v 0.002465914 -0.00578669785 0.0226344224
v 0.00321253925 -0.0058096163 0.0241748616
v 0.00184413802 -0.00547742425 0.0228642486
v 0.00264116982 -0.00548182987 0.0244172104
v 0.00217776163 -0.00505184662 0.0245987903
v 0.0118937828 0.00399527512 0.0225690249
v 0.0105647314 0.00385339186 0.0205208715
v 0.01027817 0.00421998976 0.0206703059
v -0.000133936235 0.00558608724 0.0149225388
v -0.000298186234 0.00553197507 0.0149386087
v -8.02202194e-05 0.0054993513 0.0162729695
v -0.00121177488 0.00508603919 0.0150280995
v -0.00163939537 0.00474999985 0.0150697809
v -0.000960553996 0.00474998867 0.0177221335
v -0.000544114679 0.00474976562 0.0191818327
v -0.00033446445 0.00474978797 0.019823499
v 1.48834179e-05 0.00508243078 0.0197309721
v -7.87297104e-05 0.00474990252 0.0205382593
v 0.00042235991 0.00474988297 0.0217729155
v 0.000610071584 0.00506996317 0.0214129128
v 0.00467799883 0.00606939616 0.0253014769
v 0.00543960184 0.00620679464 0.024904862
v 0.00403387286 0.00582540641 0.0256161932
v 0.00307927933 0.00503595965 0.0260214936
v 0.00350481761 0.00547927059 0.0258528069
v 0.00369839557 0.00475000637 0.0272292048
v 0.00272049196 0.00475004781 0.0258585699
v 0.00245637097 0.00475000637 0.0254705679
v -0.000755711109 0.00474985363 0.0184730403
v -0.00106141099 0.00518063363 0.0150133902
v -0.000792095612 0.00513642794 0.0163898245
v -0.000700809469 0.00536996266 0.0149780633
v -0.000523997704 0.00544669945 0.0149607332
v 0.00034323195 0.00571127562 0.0148757147
v 0.000752630993 0.00573995477 0.0161458943
v 0.000542714435 0.00575143192 0.0148561224
v 0.00168674695 0.00586426817 0.0160123277
v 0.00130001467 0.00585134141 0.0147819454
v 0.00217683823 0.00588268135 0.0146964928
v 0.0026874661 0.00587998983 0.0158770122
v 0.00246014865 0.00587648433 0.0146687683
v 0.00370963244 0.00579787605 0.0157451369
v 0.00351975509 0.00579025364 0.0145647144
v 0.00470927265 0.00562961446 0.0156212226
v 0.00450815633 0.0056221527 0.0144676026
v 0.00564500922 0.00538305659 0.0155091565
v 0.00536643527 0.00539819896 0.0143835684
v 0.00608513877 0.00513502955 0.014313492
v 0.00648452388 0.00505860057 0.0154116368
v 0.00632993924 0.0050236159 0.014289679
v 0.00720027182 0.00448805839 0.0142050674
v 0.0070362268 0.0046103294 0.014221048
v 0.00721306494 0.00464638043 0.0153294271
v 0.00695754867 0.00466482155 0.0142286895
v 0.00669014826 0.00483265147 0.0142546846
v 0.00757768657 0.00415256759 0.0141682168
v 0.00782988686 0.00413092319 0.0152618354
v 0.00767513225 0.00405084668 0.0141586829
v 0.00833978038 0.00349932211 0.0152075803
v 0.00805292185 0.00357689615 0.0141216861
v 0.00838292763 0.00301441108 0.014089386
v 0.00874514226 0.00274942745 0.0151656102
v 0.00849620532 0.0027724423 0.0140783163
v 0.00899459329 0.000839657732 0.0140296007
v 0.00886484049 0.00162870507 0.0140422853
v 0.00904198177 0.00189590338 0.0151355527
v 0.00879484881 0.0019143878 0.0140491277
v 0.00865756441 0.0023608671 0.014062535
v 0.00922380108 0.000967229658 0.0151174441
v 0.0110314749 0.00103806227 0.0191934668
v 0.0116102509 0.000702442485 0.0199261084
v 0.011604757 0.000336156227 0.0198748987
v 0.0113879694 0.00207767659 0.0200902149
v 0.011669578 0.00209658942 0.0204791334
v 0.0116638876 0.00200951099 0.0204260964
v 0.011649807 0.00177141209 0.0202948153
v 0.0116257854 0.0012458592 0.0200708937
v 0.0115966676 0.0010573474 0.0199807249
v 0.0117005622 0.00250612595 0.0207679309
v 0.0110424841 0.00302119018 0.0202711895
v 0.0117446091 0.00296389172 0.0211785324
v 0.0118458038 0.00372110587 0.0221218131
v 0.0117853675 0.00330617139 0.0215584412
v 0.0117580695 0.00308393128 0.0213039797
v 0.00996102858 0.00455189403 0.0208353419
v 0.00923928525 0.00511143217 0.0212094504
v 0.00841273181 0.00553958444 0.0216349754
v 0.00750444131 0.00584952906 0.0220984314
v 0.00816479046 0.00596268987 0.0233714748
v 0.00722690159 0.006154262 0.0239137858
v 0.00630230177 0.00623519393 0.0244346987
v 0.0108231176 0.00203835242 0.0192793142
v 0.0104792137 0.00296130194 0.0194209181
v 0.0100050028 0.00377351488 0.0196159985
v 0.00940660108 0.00445449864 0.0198617987
v 0.0105066793 0.00101855781 0.018363744
v 0.0100257182 0.000999723445 0.0174555611
v 0.0103016328 0.00199883734 0.0184268411
v 0.00982668158 0.0019608899 0.0174980238
v 0.00996411871 0.00290173828 0.0185306855
v 0.00949993543 0.00284507289 0.0175678562
v 0.00949988421 0.00369503 0.018673541
v 0.00905159395 0.00362126203 0.0176639054
v 0.00891463086 0.00435995171 0.0188536476
v 0.00848681293 0.00427224813 0.0177853815
v 0.00821196008 0.00489543518 0.01906991
v 0.00780699588 0.004798437 0.0179323908
v 0.00739757344 0.00531262951 0.0193205923
v 0.00701403618 0.0052120313 0.0181050897
v 0.00648594182 0.00562671479 0.0196012408
v 0.00611771503 0.00552866422 0.0183019787
v 0.00550668826 0.00584843243 0.01990279
v 0.00514309015 0.00575886108 0.0185183249
v 0.00450540241 0.00597894564 0.0202112142
v 0.00413237326 0.00590300839 0.0187456179
v 0.00353275635 0.00601291144 0.0205109194
v 0.00313447323 0.00595449796 0.0189737361
v 0.00263487408 0.00594264455 0.0207877401
v 0.00219598133 0.00590388291 0.0191927962
v 0.00184214849 0.00576286204 0.021032311
v 0.00135248143 0.00574380439 0.0193948634
v 0.00116721238 0.00547187822 0.0212407093
v 0.000623496599 0.00547054783 0.0195750333
v 0.00960147567 0.000982373022 0.0164313912
v 0.00941046234 0.00192610791 0.0164569486
v 0.00909773447 0.0027936257 0.0164990816
v 0.00866963901 0.00355517445 0.0165573452
v 0.00813073106 0.00419490738 0.0166316964
v 0.00748035684 0.00471429806 0.0167230088
v 0.0067168423 0.00512612471 0.016832443
v 0.00584530039 0.00544611271 0.0169602875
v 0.00488573732 0.0056844959 0.0171047933
v 0.00387584232 0.00584115181 0.0172616858
v 0.00286135147 0.00590864941 0.0174252465
v 0.00188811147 0.00587621471 0.0175892711
v 0.000996711547 0.00573466858 0.0177476481
v 0.000214160405 0.00547828386 0.0178953521
v -0.00044701423 0.00510327192 0.0180288479
v 0.00868983846 0.0050012935 0.0201554857
v 0.00786425546 0.00542350486 0.0204925612
v 0.00694881286 0.00573549559 0.0208645556
v 0.0065509323 0.00605223468 0.0225793254
v 0.00597698614 0.0059481482 0.0212569796
v 0.00560061447 0.00615131017 0.0230511259
v 0.00499640359 0.00606369786 0.0216496009
v 0.00470321486 0.00614536274 0.0234870296
v 0.00405795127 0.00607853523 0.0220210031
v 0.00390040874 0.00603159657 0.023865005
v 0.00320604583 0.00598718831 0.0223526638
v 0.00321253855 0.00580961537 0.0241748635
v 0.00246591284 0.00578669831 0.0226344261
v 0.00264116935 0.0054818294 0.0244172122
v 0.00184413721 0.00547742471 0.0228642505
v 0.00217776094 0.00505184615 0.0245987941
v 0.00133590645 0.00506140571 0.0230452325
v 0.00168786617 0.00475001102 0.0242503043
v 0.000982639496 0.00474990811 0.0229608901
v 0.00346544059 0.00403487124 0.0249878932
v 0.00269736093 0.00398928765 0.0238463655
v 0.00200272258 0.00394697255 0.0226676352
v 0.00134783529 0.00390616385 0.0213752985
v 0.00085763674 0.00387561135 0.0202470049
v 0.00037207728 0.00384567562 0.0189294964
v 0.000576177554 0.0038581416 0.0195129365
v -7.14959824e-05 0.00382013549 0.0174741149
v -0.000776073663 0.00379500282 0.0148313735
v -0.00063455489 0.00369190425 0.014792297
v 0.000197480971 0.00373144774 0.0178987086
v 0.000705334707 0.00376933045 0.0194693953
v 0.00286438386 0.00393724255 0.023921011
v 0.00203794264 0.00387381553 0.0224898048
v 0.00131776195 0.00381735293 0.0210030545
v 0.00378529751 0.0040066815 0.0252924599
v -0.000585364469 0.00367229036 0.0147633748
v -0.000691611087 0.00372035569 0.0147929583
v -0.000780031784 0.00379495532 0.0148173254
v -0.000829377794 0.00365634821 0.0136435553
v -0.000974123657 0.00369893969 0.013686833
v -0.00143071008 0.00379874511 0.0126350867
v -0.0013073727 0.00370405172 0.0125950761
v -0.00116215402 0.00366204721 0.0125489058
v -0.00191511726 0.00427543838 0.0125992121
v -0.00240050466 0.00474995933 0.0125650112
v -0.00175164605 0.00474997051 0.0146698514
v -0.00246153353 0.00475151651 0.0123765962
v -0.00160655368 0.00380137516 0.0119185662
v -0.00162737491 0.00380222802 0.0117872832
v -0.00267092395 0.00479179202 0.0116349468
v -0.0027623768 0.00484461244 0.0112075545
v -0.00166455505 0.00380595215 0.0113209616
v -0.00164362928 0.00380313979 0.0116589367
v -0.00140970759 0.00382858631 0.0102144303
v -0.00148793717 0.00382312736 0.0103710871
v -0.0028152694 0.0051233503 0.0100993505
v -0.00150342821 0.00382201513 0.0104072904
v -0.00283831777 0.0050334218 0.0103656603
v -0.00162325078 0.00381255196 0.0108156241
v -0.00282110041 0.00492061488 0.0107975956
v -0.00163587567 0.00381131726 0.0108903246
v -0.00166468485 0.00380610884 0.0113050612
v -0.00130546978 0.00383560336 0.0100506572
v -0.00273278402 0.00525983982 0.00977301132
v -0.00122584403 0.00384084065 0.00994775072
v -0.00103715633 0.00385278324 0.00975297112
v -0.00245372904 0.00550202606 0.00933802221
v -0.0006718855 0.00387291424 0.00949289463
v -0.00243770238 0.00551235955 0.00932248961
v -0.00065311155 0.00387383904 0.0094823176
v 0.000629597984 0.0039142631 0.00908495393
v 0.000383937702 0.00390938949 0.00912667811
v 4.12062e-05 0.0044715479 0.00903173257
v -1.61329426e-05 0.00389901758 0.00922254752
v -4.57189672e-05 0.00389810768 0.00923129357
v -0.000198192443 0.00389303337 0.00928064343
v -0.000426361745 0.00402218383 0.00930019375
v -0.000283893634 0.00388988527 0.00931184553
v -0.000588133698 0.00387695897 0.0094473483
v 0.00306535908 0.00392999779 0.00907155126
v 0.00192991714 0.00392771 0.00900851004
v 0.0019588694 0.00502134534 0.0089678932
v 0.00176927145 0.00392683549 0.00900775567
v 0.0010552248 0.00392061053 0.00903659128
v 0.000613864511 0.0050406768 0.00890017208
v 0.000837241823 0.00610336987 0.00886282418
v -0.00199783756 0.00572960591 0.00904195569
v -0.00151589955 0.00588179054 0.00889557507
v -0.00060651981 0.00604304671 0.00880142767
v 0.00051449734 0.0061058104 0.0088355327
v 0.00306255487 0.00383949047 0.00908836722
v 0.00221800501 0.00385080255 0.00903242268
v 0.0013255548 0.00386493001 0.00903423596
v 0.000430049724 0.00388358673 0.00912695751
v -4.1677265e-07 0.00378937973 0.00929092895
v -0.000431424531 0.00379693531 0.00944000855
v -0.000842564914 0.00380595541 0.00965683442
v -0.00120935333 0.00381565769 0.00996423233
v -0.00150682323 0.00370586989 0.0113164196
v -0.00146909489 0.00369912945 0.0117614735
v -0.00128970633 0.00366745912 0.0118543664
v -0.00130762008 0.00366890314 0.0117379799
v -0.00133045157 0.00367817143 0.0110667739
v -0.00147389353 0.003712815 0.0108688474
v -0.00130834011 0.00368068228 0.0108972322
v -0.00134337181 0.0037183864 0.0104385111
v -0.00114508055 0.00368804438 0.010399892
v -0.00110246509 0.00372103951 0.010061305
v -0.000987552339 0.00369141204 0.010156082
v -0.000738759874 0.00369440159 0.0099058561
v -0.000771958265 0.00372146536 0.00976377074
v -0.000693934213 0.00369475991 0.00987068843
v -0.000386337866 0.00372063369 0.00954584964
v -0.000137811046 0.00369669986 0.00956746936
v 2.81266257e-05 0.003718992 0.00939290598
v 0.000213818421 0.00369644142 0.00945268013
v 0.000456862588 0.00371677731 0.00928929076
v 0.000476870191 0.00369579042 0.00939044822
v 0.0013313879 0.00371117122 0.00918606576
v 0.00128848024 0.00369220204 0.00928425975
v 0.00221160077 0.00370463217 0.00917719211
v 0.00220893603 0.00368647114 0.00926772784
v 0.00304842414 0.00369807472 0.00922835059
v 0.00304064294 0.00368063338 0.00931589678
v 0.000439293799 0.00378299365 0.0091912467
v 0.00132706726 0.00377216283 0.00909420475
v 0.00221491535 0.00376256066 0.00908960029
v 0.00305652735 0.00375406421 0.00914367102
v 0.0031860231 0.00384009723 0.00909933913
v 0.00318127149 0.00376501027 0.00914424751
v 0.00317686703 0.0037251988 0.0091882376
v 0.0031691629 0.00368799409 0.00926774181
v 0.00329430052 0.00368710398 0.00927944202
v 0.00331114233 0.00383918849 0.00911105238
v 0.0033063991 0.00376411062 0.00915596262
v 0.0033019986 0.00372430449 0.00919995271
v 0.00365945487 0.00367631787 0.00937311724
v -0.000537956133 0.00368009787 0.0106534967
v 0.0036497619 0.00368334283 0.00931717362
v 0.00400866242 0.00369228888 0.00930864643
v 0.00365693029 0.00371874729 0.00923696812
v 0.00366589404 0.00383692747 0.00914350897
v 0.00401686504 0.0038004932 0.00918591954
v 0.0036614486 0.00376185216 0.00918832701
v 0.00401407853 0.00374881434 0.00922457315
v 0.00401075045 0.00370890368 0.00927519426
v 0.00369469449 0.00392566016 0.00912965555
v 0.00402008835 0.00392450392 0.00915419962
v 0.00466061896 0.00357479765 0.00922889821
v 0.00463272911 0.00377050275 0.00917175971
v 0.00487807486 0.00372880488 0.00914055575
v 0.00489500398 0.00359506207 0.00912250858
v 0.00506774336 0.00351850386 0.00907016359
v 0.00514130201 0.0034189974 0.00902168918
v 0.0043340642 0.00391868968 0.00916851871
v 0.00456244359 0.00388338603 0.00916959625
v 0.00468164589 0.00384459458 0.00916475616
v 0.0041425908 0.0039258441 0.00916113891
v 0.00431774324 0.00383020099 0.00918097235
v 0.0043011331 0.00374448299 0.00922883861
v 0.00429400941 0.0037096052 0.0092646163
v 0.00428818492 0.00368254655 0.00930572115
v 0.00428385893 0.00366409658 0.00934963301
v 0.00482334755 0.00354320346 0.00914693903
v 0.00499179261 0.00332566723 0.00904303323
v 0.00475983461 0.00349156884 0.00918842852
v 0.00471424824 0.00363380136 0.00918100774
v 0.00453230785 0.00360396737 0.00929808989
v 0.00454683881 0.00363026257 0.00926275458
v 0.00456465874 0.00366096525 0.00923139695
v 0.00442229258 0.0036636251 0.00928950962
v 0.00441439869 0.00364074623 0.00932999142
v 0.0045853504 0.00369529636 0.0092052212
v 0.00516965892 0.00312592858 0.00889227353
v 0.00523581915 0.0033047006 0.00894856732
v 0.00530148763 0.00324517675 0.00889993645
v 0.00520068873 0.00289331493 0.00879177265
v 0.00524165574 0.00295197801 0.00876910798
v 0.00531140808 0.00275709247 0.00858691614
v 0.00518753799 0.00199695374 0.00474729063
v 0.00515126484 0.00198906008 0.00473416876
v 0.00530209392 0.00200523832 0.00580701465
v 0.00522874389 0.00200000033 0.00476219505
v 0.00537830079 0.00201609801 0.00579592912
v 0.0054009445 0.00202489318 0.00595233124
v 0.00548543455 0.00208610273 0.00655576913
v 0.00538263889 0.00205294532 0.00639552809
v 0.00545616355 0.00214933115 0.00697442144
v 0.00553670945 0.00215968024 0.00696287723
v 0.00551373791 0.00231102714 0.00753585668
v 0.00559011567 0.00232587848 0.00754000153
v 0.0055441875 0.00217456208 0.00702840649
v 0.00545237819 0.00302176946 0.00869507715
v 0.00551293371 0.00289280713 0.00855103973
v 0.00546601135 0.00287300744 0.00854449626
v 0.00554169156 0.00281454436 0.00845280662
v 0.00522097806 0.00275658956 0.00874259137
v 0.00517524825 0.00283685769 0.00881783012
v 0.00526698492 0.00265961303 0.00863960665
v 0.00528258085 0.00270702434 0.00861277618
v 0.0053398693 0.00242209551 0.00831928197
v 0.0053583798 0.0023782053 0.00815132447
v 0.00534085231 0.00206429488 0.0075524007
v 0.00535800494 0.00223693065 0.00798058044
v 0.0053526531 0.00233556423 0.00817282777
v 0.00529182563 0.00192281033 0.00704303337
v 0.00533419847 0.00203609443 0.00746647408
v 0.00536267785 0.00217894441 0.00759309949
v 0.00530807767 0.00201391848 0.00702120131
v 0.00523333205 0.00191491365 0.00643193303
v 0.00522547122 0.00183070567 0.00651375204
v 0.00498949178 0.00185620598 0.00467566028
v 0.00496524433 0.00175249588 0.00466689235
v 0.00515054166 0.0018653553 0.00583522953
v 0.00513257831 0.0017712753 0.00584261026
v 0.00517982384 0.00179448852 0.00617917441
v 0.00531266257 0.00323157245 0.00888895616
v 0.00540209189 0.00310751447 0.00877999049
v 0.00536329253 0.00304982392 0.00874749012
v 0.00540580181 0.00284354645 0.00855112169
v 0.00548972329 0.00253417436 0.0080746403
v 0.00554136839 0.00255300081 0.00806601718
v 0.00558032328 0.00266813906 0.00824261457
v 0.00560088689 0.00248163473 0.00790838152
v 0.00544252433 0.0025050554 0.0080885496
v 0.00535307825 0.0028038742 0.00856568385
v 0.00529674254 0.00300565129 0.00875372533
v 0.00537510403 0.00242387713 0.00812848471
v 0.00506524136 0.00194659212 0.00470305933
v 0.00521097844 0.00195265119 0.00582233677
v 0.00529260281 0.00200105016 0.00641370425
v 0.00536660338 0.00209843833 0.00699592289
v 0.00542249158 0.00226149405 0.00755989598
v 0.00540346047 0.00246731425 0.00810697768
v 0.00529458001 -0.00258867769 0.00855485722
v 0.00523415301 -0.00273083407 0.00871659815
v 0.00518473145 -0.00282121915 0.00880383048
v 0.00532884197 -0.00247328752 0.00839766208
v 0.00535366731 -0.00232539373 0.00815433916
v 0.00535773672 -0.00225703255 0.00802225992
v 0.0053447308 -0.00208377466 0.00760852266
v 0.00533421244 -0.00203614892 0.00746663986
v 0.00530694425 -0.00195506471 0.00717982603
v 0.0049652434 -0.001752496 0.00466689654
v 0.00517297862 -0.00179033866 0.00612996658
v 0.00535898888 -0.00236700103 0.00813358463
v 0.00509402948 -0.00196520984 0.00471347012
v 0.00514382403 -0.00198679767 0.00473148096
v 0.00529442215 -0.00200269977 0.00580103602
v 0.00522874435 -0.00199999963 0.00476218993
v 0.00496679265 -0.00177929644 0.00466745347
v 0.00528752385 -0.00269086054 0.00859673973
v 0.00520848203 -0.00287529011 0.00877810176
v 0.00536146481 -0.00302716834 0.00873131584
v 0.00540209096 -0.00310751866 0.00877998583
v 0.00543279666 -0.00305692665 0.00873087998
v 0.00546093145 -0.00285406993 0.00852686912
v 0.00551293883 -0.00289279432 0.00855102576
v 0.00552083272 -0.00287281605 0.00852677412
v 0.00553537672 -0.00283315266 0.00847696792
v 0.00553388894 -0.00254088966 0.00804879889
v 0.00557799079 -0.00267965579 0.00826056208
v 0.00559501164 -0.00257241679 0.00808221009
v 0.00544795021 -0.00214422564 0.00696208375
v 0.00558732077 -0.00231029955 0.00749642123
v 0.00550566521 -0.00230308808 0.00752078881
v 0.00560054416 -0.00243228674 0.00780283194
v 0.00559705403 -0.00255180174 0.00804477837
v 0.00538061513 -0.00201688893 0.00581186917
v 0.00546059851 -0.00206235284 0.00637334399
v 0.00537461741 -0.00204955251 0.00638626609
v 0.00547936 -0.00207973667 0.00651055994
v 0.0055354638 -0.00215733727 0.0069521754
v 0.00529858889 -0.00298368558 0.00873908307
v 0.0052468325 -0.00293167564 0.00875529461
v 0.00535362726 -0.00278503541 0.00854999479
v 0.00531446468 -0.00273939036 0.008571296
v 0.00537474686 -0.00241162651 0.00811143871
v 0.00540350145 -0.00282424944 0.00853476208
v 0.00543875387 -0.00249172561 0.00807216298
v 0.00540158572 -0.00245428062 0.00809043646
v 0.0053606783 -0.00217089825 0.00757731777
v 0.00530564459 -0.00200875383 0.00700792857
v 0.00523105683 -0.00191149919 0.00642173691
v 0.00514866598 -0.00186281546 0.00582836708
v 0.00500324927 -0.00188054703 0.00468063774
v 0.0050485027 -0.00193304499 0.00469700899
v 0.00520639168 -0.00194892322 0.00581596326
v 0.00528765284 -0.00199647644 0.0064041079
v 0.00536148995 -0.00209215772 0.00698339473
v 0.00541766593 -0.00225237897 0.00754494034
v 0.00548397284 -0.00252116262 0.00805802457
v 0.00552357035 -0.00286565139 0.00851794239
v 0.00739391707 -0.00267725112 0.00814701989
v 0.00720445998 -0.00200000033 0.00547673507
v 0.00734807551 -0.00203564204 0.00651265588
v 0.00738750258 -0.00208805571 0.00686572958
v 0.00742516341 -0.00222751126 0.00736911036
v 0.00743074156 -0.00236666668 0.00768214278
v 0.00741413655 -0.00255795568 0.00799286272
v 0.00740869204 -0.00259424886 0.00804230385
v 0.00737137767 -0.00278036669 0.00826357398
v 0.00718447333 -0.0033225622 0.00871456973
v 0.00724932645 -0.00316764577 0.00860720966
v 0.00729775382 -0.00303446315 0.00850273296
v 0.00731198909 -0.00299136015 0.00846616272
v 0.00717239035 -0.0033491794 0.00873164739
v 0.00702071842 -0.00364108779 0.00889644865
v 0.00696558319 -0.00373241841 0.00894038659
v 0.00690006558 -0.00383323897 0.00898511894
v 0.0068045822 -0.00396762043 0.00903887954
v 0.00668371189 -0.00412021624 0.00909226108
v 0.00653219828 -0.00428939052 0.00914223213
v 0.00631946651 -0.00449459068 0.00919005927
v 0.00576279825 -0.00490928674 0.00924235024
v 0.00549078966 -0.00506764976 0.00924541429
v 0.00519071426 -0.00521866139 0.00923874695
v 0.00471561123 -0.00541874068 0.00921405759
v 0.00439914502 -0.00553111266 0.00919131096
v 0.00331331138 -0.00582315167 0.00909477379
v 0.00118774804 0.00609174371 0.00889556296
v 0.00168870995 0.0060595097 0.00894242804
v 0.00221715285 0.00600539846 0.00899209362
v 0.00279832585 0.00592117617 0.00904652197
v 0.00331331068 0.00582315261 0.00909477845
v 0.00183336681 -0.00604676455 0.00895604491
v 0.00293757883 -0.00589693105 0.00905956794
v 0.00403375551 0.00564410165 0.00916096941
v 0.00560222054 0.00500558643 0.00924541242
v 0.00519074267 0.00521872519 0.00923874136
v 0.00471564196 0.00541881146 0.00921406783
v 0.00458566379 0.005466762 0.00920520257
v 0.00587061467 0.00483970111 0.00923792552
v 0.00619338965 0.00460198661 0.00920942798
v 0.00640230952 0.00441859616 0.00917398185
v 0.0065321927 0.00428938493 0.00914223026
v 0.00668370165 0.00412020786 0.00909226015
v 0.00680457847 0.00396761764 0.00903888326
v 0.00695935637 0.00374236726 0.00894498266
v 0.00702073518 0.00364109478 0.00889645983
v 0.00718447194 0.00332256197 0.0087145688
v 0.00727856625 0.0030894666 0.00854737312
v 0.00729775568 0.00303446339 0.00850273296
v 0.00737139443 0.00278036902 0.00826357398
v 0.00739393756 0.00267725298 0.00814702269
v 0.00741289463 0.00256675854 0.00800508354
v 0.00743102748 0.00232203305 0.00759279542
v 0.00742256455 0.00220808154 0.00731521379
v 0.00737542473 0.00206735078 0.00674944883
v 0.00731486874 0.00201431452 0.00625368534
v 0.00720446091 0.00199999963 0.00547673274
v 0.00728196325 0.00170418399 0.00550476043
v 0.00563484803 0.00505876355 0.00955215842
v 0.00615788624 0.00477815 0.00953416433
v 0.00328754541 0.00582305202 0.00939330459
v 0.00306909904 0.00583311496 0.0113266949
v 0.00817454048 0.00127334218 0.0103509501
v 0.00818279944 0.00120857416 0.0103391148
v 0.00823037233 0.000726753613 0.0102726622
v 0.00863131881 -4.17595125e-11 0.0121070733
v 0.00825249311 0.000309114548 0.0102439504
v 0.00825742818 1.29266139e-10 0.010237922
v 0.0020130917 0.00593503425 0.0115205757
v 0.000931224436 0.0059368927 0.011715414
v -0.000115016323 0.00582409697 0.0119025176
v -0.00106967613 0.00558274798 0.0120740794
v -0.00224858336 0.00495118508 0.0122905774
v -0.00189401966 0.00519931875 0.0122245494
v -0.00150016067 0.00540955877 0.0121522499
v 0.00805757847 0.00186221662 0.0100518987
v 0.00812899973 0.00119221816 0.0100029726
v 0.00807669107 0.000433775131 0.00930098817
v 0.00808391906 0.00108229427 0.00944332965
v 0.00809172448 0.00152269902 0.0100401891
v 0.00823830254 0.0020805872 0.00953434594
v 0.00804940797 0.00220655184 0.0100256782
v 0.00815093983 0.00174120441 0.00952757522
v 0.00766024226 0.000101910387 0.00678866729
v 0.00787139777 0.000254408602 0.00809425768
v 0.00793184806 0.000904151355 0.00824512821
v 0.00806149933 -1.60757474e-09 0.00918518286
v 0.00795073342 8.02830158e-09 0.00855924468
v 0.00786081143 1.15681447e-08 0.00803205557
v 0.00802881736 0.000986866769 0.00885954127
v 0.00810147636 0.00140954822 0.00949242804
v 0.00804728828 0.0020339305 0.0100455061
v 0.00747998152 -3.01857872e-10 0.00557638239
v 0.00747396098 0.000299841253 0.00557420356
v 0.00825250056 -0.000309154246 0.0102439998
v 0.00823036488 -0.000726771832 0.0102726258
v 0.00807653926 -0.000510476471 0.00931085367
v 0.0080153849 -0.00201486633 0.0103242947
v 0.00800774992 -0.00215815054 0.0101543162
v 0.00801578909 -0.00201099645 0.0103127593
v 0.00764910784 -0.000173176479 0.006723959
v 0.00745588727 -0.000600014348 0.00556766428
v 0.00747396005 -0.000299841864 0.00557420403
v 0.00750565715 -0.000601231353 0.00592578435
v 0.00762803853 -0.00064472988 0.00673960103
v 0.00774376234 -0.000748984632 0.00735977804
v 0.00797600113 -0.000413989444 0.00870403182
v 0.00801277533 -0.00117362197 0.00846041273
v 0.00786772557 -0.000327517162 0.00806953199
v 0.00787443109 -0.000923436543 0.00793221593
v 0.00807210244 -0.00231643231 0.00998278335
v 0.0081914952 -0.00248407945 0.00980959646
v 0.00804488733 -0.00214320514 0.0100397309
v 0.00823976006 -0.00218502781 0.00960083958
v 0.00822288729 -0.00201488193 0.00952765159
v 0.00824105181 -0.00200542435 0.00945635885
v 0.00822338555 -0.00184920314 0.00931645464
v 0.00805025548 -0.00194612145 0.0100559937
v 0.00818279479 -0.00120861409 0.0103391204
v 0.00807376672 -0.0018826623 0.0104990304
v 0.00811029691 -0.00136639015 0.0100328634
v 0.00806760415 -0.00175117468 0.0100554693
v 0.00808985438 -0.0012524823 0.00946303457
v 0.0081307739 -0.00163015549 0.0095084412
v 0.0081338603 -0.00148591178 0.0089211259
v 0.00805388298 -0.00115412788 0.00886906683
v 0.00815780647 -0.00156538514 0.0090176845
v 0.00794204883 -0.00281455345 0.0102047203
v 0.00511580287 -0.0053316867 0.0112640122
v 0.00472641783 -0.00546694221 0.010618546
v 0.00569062261 -0.00509236054 0.0113027487
v 0.00558491424 -0.00513251685 0.0109340483
v 0.00586821372 -0.00500448095 0.0113114165
v 0.00627616514 -0.0047691972 0.0113210566
v 0.00620710291 -0.00480295997 0.0109475926
v 0.00649750838 -0.00461671595 0.0113172634
v 0.00671923393 -0.00443099998 0.0109173646
v 0.00697033247 -0.00420491118 0.0112708714
v 0.00675890408 -0.00440634554 0.0112998672
v 0.00772016402 -0.00299593178 0.0106995376
v 0.00766111957 -0.00319310138 0.0109785637
v 0.00750302011 -0.00344893686 0.0108700143
v 0.00751972012 -0.00346783758 0.0110773351
v 0.00721649453 -0.00388730899 0.0110060088
v 0.00741056725 -0.00364890858 0.0111359619
v 0.00711493939 -0.00404629484 0.011240162
v 0.00788685679 -0.00252159755 0.0105115809
v 0.00790495612 -0.00255394331 0.0107306307
v 0.00784981158 -0.00272339443 0.0107962098
v 0.0080106575 -0.00302443816 0.0101117026
v 0.00773726637 -0.00329738483 0.0103990138
v 0.00780309644 -0.00342989643 0.01028887
v 0.00753560103 -0.00381888077 0.0104262354
v 0.00745192589 -0.00375746586 0.0105564529
v 0.00748055475 -0.003886719 0.0104472032
v 0.00708142621 -0.00418640766 0.0106701152
v 0.00690381834 -0.00444210088 0.010586028
v 0.00639649713 -0.00478301244 0.0106387194
v 0.00538275996 -0.00525015779 0.0106501281
v 0.00585543877 -0.00505841989 0.0106563643
v 0.00593356136 -0.00502288714 0.0106556546
v 0.00787699036 -0.00265758019 0.0103581846
v 0.00769436499 -0.00313357287 0.0105494056
v 0.00744981552 -0.00358877261 0.0107138511
v 0.00712961517 -0.00402303087 0.0108389873
v 0.00657505356 -0.00467414036 0.010625083
v 0.00318615022 -0.00582462549 0.0104889888
v 0.00398112461 -0.00566309132 0.0105617028
v 0.0031267819 -0.00582700502 0.0110860495
v 0.00413854234 -0.00562599488 0.0111798318
v 0.00502502825 -0.00536421128 0.0112568615
v 0.00476985192 -0.00544138905 0.00981935579
v 0.00476768706 -0.00547776744 0.0100220954
v 0.00410862966 -0.00562746963 0.00976963062
v 0.00476395432 -0.00550752506 0.010218611
v 0.00326089235 -0.00582313817 0.00969248451
v 0.00474587362 -0.00548890047 0.0104155503
v 0.0032242497 -0.00582365459 0.0100900894
v 0.00592792919 -0.00516173244 0.0102553191
v 0.00797513127 -0.00285038236 0.00909528229
v 0.00827210117 -0.00276284083 0.0094035361
v 0.00784751587 -0.00330883334 0.00936433207
v 0.00805193186 -0.00328704529 0.00957293808
v 0.00782668311 -0.0033575925 0.00938865915
v 0.00741406763 -0.00419937307 0.0099074794
v 0.00734036928 -0.00408000406 0.00967451092
v 0.0077863168 -0.00376487593 0.00977064017
v 0.00760045554 -0.00375825563 0.00956316851
v 0.007766366 -0.00348342629 0.00944816042
v 0.00590216322 -0.00512393471 0.0100597162
v 0.00649270415 -0.00491182646 0.0102381753
v 0.00644887378 -0.00487993844 0.0100434562
v 0.00702253496 -0.00459266268 0.0101879342
v 0.00696015591 -0.00457309838 0.00999527611
v 0.00749380607 -0.00420165062 0.0100967688
v 0.00788129587 -0.00374627369 0.0099552013
v 0.00816086773 -0.00324562169 0.00975013617
v 0.00831534993 -0.00272278697 0.00949076284
v 0.00646791654 -0.00485704746 0.0104360683
v 0.00590551645 -0.00511683244 0.0104529299
v 0.00831677113 -0.00265530334 0.00960309617
v 0.00814438891 -0.00315734465 0.00992804021
v 0.00785726588 -0.00366761861 0.0101428721
v 0.00746781286 -0.00413145311 0.0102904523
v 0.00832375139 -0.00268923678 0.00955064129
v 0.00816928968 -0.00320790871 0.00983845256
v 0.00788478274 -0.00371430209 0.0100483336
v 0.00749429176 -0.00417473074 0.010192791
v 0.00702056661 -0.00457009394 0.0102855731
v 0.00699650822 -0.00452996418 0.0103848036
v 0.00550663657 -0.00519737508 0.00985203125
v 0.00579320733 -0.00508589856 0.00985512044
v 0.0058488478 -0.00506273797 0.00985492487
v 0.00611799583 -0.00494218664 0.00984974764
v 0.00663570268 -0.0046577272 0.00981478766
v 0.00683405809 -0.00452346029 0.00978948828
v 0.00716658216 -0.00425267592 0.00972463191
v 0.00799203292 -0.00256490684 0.00887998007
v 0.00798572134 -0.00245495606 0.0087836599
v 0.00818960182 -0.00237418944 0.00898896717
v 0.00795326848 -0.00224308926 0.00856984966
v 0.00791645609 -0.00210169167 0.00840019155
v 0.00809362344 -0.00199297373 0.00859813951
v 0.00764239812 -0.0015675897 0.00730953924
v 0.00770579744 -0.00115547341 0.00723790284
v 0.00786400028 -0.0013222039 0.00778021663
v 0.00741237402 -0.00100381928 0.00555192865
v 0.00761052268 -0.000866715447 0.00673031388
v 0.00734748226 -0.00140000554 0.00552846026
v 0.0073507037 -0.00139998295 0.00555068441
v 0.00740726013 -0.00140151544 0.00594486017
v 0.00758076925 -0.00105816394 0.0066730408
v 0.00752219232 -0.00144987844 0.00670676958
v 0.00749015156 -0.00142906862 0.00651295623
v 0.00831257924 -0.00229043281 0.00914367847
v 0.0083265109 -0.00217677606 0.00929272454
v 0.00773536833 -0.00097782712 0.00731673185
v 0.00789075717 -0.00116060115 0.00787818152
v 0.00805961434 -0.0014212901 0.00840048119
v 0.00821834523 -0.00176109222 0.00887419935
v 0.00787002128 -0.00196792325 0.00821234006
v 0.00776680605 -0.00175062288 0.0078175785
v 0.00794931129 -0.00168892695 0.00815333053
v 0.00779450033 -0.00146573025 0.00766379759
v 0.00803718995 -0.00156648248 0.00828502327
v 0.00833407231 -0.00223951438 0.00921725109
v 0.00820064731 -0.00189029903 0.00874176063
v 0.00822120626 -0.00183186866 0.00880769268
v 0.00509699387 0.0018762477 0.00471454347
v 0.00728196278 -0.00170418422 0.00550476369
v 0.00509699387 -0.00187624828 0.00471454347
v 0.00328754517 -0.00582305156 0.00939330738
v 0.00563484803 -0.00505876495 0.00955215842
v 0.00615788624 -0.00477814954 0.00953416619
v -0.00107005681 -0.00558266789 0.0120737413
v 0.0030688066 -0.00583316199 0.0113263195
v 0.00201275852 -0.00593506312 0.0115202218
v 0.000930859707 -0.00593689457 0.0117150648
v -0.000115396135 -0.00582406297 0.0119021675
v -0.00150053424 -0.00540945027 0.0121519091
v -0.00189438206 -0.00519917859 0.0122242058
v -0.00224892981 -0.00495101232 0.0122902244
f 1 2 3
f 4 5 6
f 6 5 7
f 1 3 8
f 3 9 8
f 8 9 10
f 8 10 11
f 11 10 12
f 11 12 13
f 13 12 14
f 14 12 15
f 14 15 16
f 16 15 17
f 16 17 18
f 18 17 19
f 18 19 20
f 20 19 21
f 21 19 22
f 21 22 23
f 23 22 24
f 23 24 25
f 26 27 28
f 28 27 29
f 28 29 30
f 30 29 31
f 30 31 32
f 32 31 33
f 32 33 34
f 34 33 35
f 34 35 36
f 37 38 39
f 39 38 40
f 27 37 29
f 29 37 39
f 29 39 31
f 31 39 41
f 31 41 33
f 33 41 42
f 33 42 35
f 43 42 44
f 44 42 41
f 44 41 45
f 45 41 39
f 45 39 46
f 46 39 40
f 47 48 49
f 49 48 50
f 7 51 6
f 6 51 52
f 6 52 53
f 53 52 54
f 53 54 49
f 49 54 55
f 49 55 47
f 48 56 50
f 50 56 57
f 50 57 58
f 59 4 60
f 60 4 6
f 60 6 61
f 61 6 53
f 61 53 26
f 26 53 49
f 26 49 27
f 27 49 50
f 27 50 37
f 37 50 58
f 37 58 38
f 3 59 9
f 9 59 60
f 9 60 10
f 10 60 61
f 10 61 12
f 12 61 26
f 12 26 15
f 15 26 28
f 15 28 17
f 17 28 30
f 17 30 19
f 19 30 32
f 19 32 22
f 22 32 34
f 22 34 24
f 24 34 36
f 62 63 64
f 65 66 62
f 67 68 69
f 62 64 65
f 65 64 70
f 65 70 71
f 71 70 72
f 71 72 73
f 73 72 67
f 73 67 74
f 74 67 69
f 74 69 75
f 43 76 42
f 42 76 77
f 42 77 35
f 35 77 78
f 35 78 36
f 36 78 79
f 36 79 24
f 24 79 80
f 24 80 25
f 76 81 77
f 77 81 82
f 77 82 78
f 78 82 83
f 78 83 79
f 79 83 84
f 79 84 80
f 80 84 85
f 80 85 25
f 25 85 86
f 81 66 82
f 82 66 65
f 82 65 83
f 83 65 71
f 83 71 84
f 84 71 73
f 84 73 85
f 85 73 74
f 85 74 86
f 86 74 75
f 87 88 89
f 90 91 92
f 93 94 95
f 93 95 96
f 96 97 98
f 98 97 99
f 98 99 100
f 100 99 101
f 100 101 102
f 102 101 103
f 102 103 104
f 104 103 105
f 105 103 106
f 105 106 107
f 107 106 108
f 107 108 109
f 110 111 112
f 112 111 113
f 114 115 110
f 110 115 116
f 110 116 111
f 117 118 114
f 114 118 119
f 114 119 115
f 114 120 117
f 117 120 121
f 117 121 122
f 123 90 124
f 124 90 92
f 124 92 125
f 87 89 126
f 112 127 110
f 110 127 128
f 110 128 114
f 114 128 125
f 114 125 120
f 120 125 92
f 120 92 121
f 121 92 91
f 97 129 99
f 99 129 130
f 99 130 101
f 101 130 131
f 101 131 103
f 88 132 89
f 89 132 133
f 89 133 134
f 134 133 135
f 134 135 136
f 136 135 137
f 129 136 130
f 130 136 137
f 130 137 131
f 131 137 138
f 131 138 103
f 103 138 139
f 103 139 106
f 106 139 140
f 106 140 108
f 108 140 141
f 108 141 109
f 109 141 142
f 96 95 97
f 97 95 143
f 97 143 129
f 129 143 144
f 129 144 136
f 136 144 145
f 136 145 134
f 134 145 146
f 134 146 89
f 89 146 147
f 89 147 126
f 132 123 133
f 133 123 124
f 133 124 135
f 135 124 125
f 135 125 137
f 137 125 128
f 137 128 138
f 138 128 127
f 138 127 139
f 139 127 112
f 139 112 140
f 140 112 113
f 140 113 141
f 148 149 150
f 148 151 152
f 152 151 153
f 152 153 154
f 154 153 155
f 148 150 151
f 151 150 156
f 151 156 157
f 158 159 160
f 160 159 161
f 161 162 163
f 163 162 164
f 163 164 165
f 166 167 168
f 168 167 169
f 169 167 170
f 170 167 165
f 170 165 171
f 171 165 164
f 171 164 172
f 172 164 162
f 172 162 173
f 161 159 162
f 162 159 174
f 162 174 173
f 144 143 158
f 158 143 95
f 158 95 159
f 159 95 94
f 159 94 174
f 145 144 156
f 156 144 158
f 156 158 157
f 157 158 160
f 149 126 150
f 150 126 147
f 150 147 156
f 156 147 146
f 156 146 145
f 175 176 177
f 178 154 155
f 179 180 181
f 181 180 182
f 149 148 182
f 182 148 152
f 182 152 181
f 87 183 88
f 88 183 184
f 88 184 132
f 132 184 123
f 123 184 185
f 123 185 90
f 177 121 185
f 185 121 91
f 185 91 90
f 177 176 121
f 121 176 186
f 121 186 122
f 187 188 189
f 189 188 190
f 155 191 178
f 178 191 192
f 178 192 193
f 193 192 194
f 193 194 195
f 195 194 196
f 195 196 197
f 197 196 198
f 195 199 193
f 193 199 200
f 193 200 178
f 178 200 181
f 178 181 154
f 154 181 152
f 199 190 200
f 200 190 188
f 200 188 181
f 181 188 187
f 181 187 179
f 189 175 187
f 187 175 177
f 187 177 179
f 179 177 185
f 179 185 180
f 180 185 184
f 180 184 182
f 182 184 183
f 182 183 149
f 149 183 87
f 149 87 126
f 192 191 67
f 191 155 67
f 67 155 201
f 67 201 68
f 192 67 194
f 194 67 72
f 194 72 196
f 196 72 198
f 198 72 70
f 198 70 202
f 202 70 64
f 202 64 203
f 203 64 63
f 203 63 204
f 176 175 205
f 206 207 208
f 208 207 209
f 208 209 210
f 210 209 211
f 209 212 211
f 211 212 203
f 211 203 204
f 199 195 213
f 213 195 197
f 213 197 214
f 212 214 203
f 203 214 197
f 203 197 202
f 202 197 198
f 176 205 186
f 122 215 216
f 216 215 217
f 216 217 218
f 219 220 218
f 218 220 221
f 218 221 216
f 222 207 223
f 223 207 206
f 223 206 224
f 225 226 227
f 227 226 228
f 227 228 229
f 229 228 230
f 229 230 231
f 231 230 232
f 231 232 190
f 190 232 189
f 122 186 215
f 215 186 205
f 215 205 217
f 217 205 233
f 217 233 218
f 218 233 234
f 218 234 219
f 219 234 235
f 219 235 236
f 175 189 205
f 205 189 232
f 205 232 233
f 233 232 230
f 233 230 234
f 234 230 228
f 234 228 235
f 235 228 226
f 235 226 236
f 190 199 231
f 231 199 213
f 231 213 229
f 229 213 214
f 229 214 227
f 227 214 212
f 227 212 225
f 225 212 209
f 225 209 226
f 226 209 207
f 226 207 236
f 236 207 222
f 236 222 219
f 219 222 237
f 219 237 220
f 238 239 240
f 119 118 241
f 242 243 244
f 245 246 247
f 248 249 250
f 238 251 239
f 239 251 252
f 239 252 253
f 242 244 254
f 254 244 255
f 254 255 256
f 256 255 257
f 256 257 258
f 223 259 222
f 222 259 260
f 222 260 237
f 237 260 261
f 237 261 220
f 220 261 221
f 221 261 262
f 221 262 216
f 216 262 117
f 216 117 122
f 119 241 115
f 142 141 263
f 263 141 264
f 113 111 265
f 265 111 266
f 265 266 267
f 267 266 268
f 267 268 269
f 269 268 270
f 269 270 243
f 246 248 247
f 247 248 250
f 247 250 271
f 271 250 272
f 271 272 273
f 273 272 274
f 273 274 264
f 264 274 275
f 264 275 263
f 242 245 243
f 243 245 247
f 243 247 269
f 269 247 271
f 269 271 267
f 267 271 273
f 267 273 265
f 265 273 264
f 265 264 113
f 113 264 141
f 276 277 278
f 278 277 279
f 278 279 280
f 280 279 281
f 280 281 241
f 241 281 282
f 241 282 115
f 115 282 116
f 259 276 260
f 260 276 278
f 260 278 261
f 261 278 280
f 261 280 262
f 262 280 241
f 262 241 117
f 117 241 118
f 249 251 250
f 250 251 238
f 250 238 272
f 272 238 240
f 272 240 274
f 274 240 283
f 274 283 275
f 275 283 284
f 275 284 263
f 224 258 223
f 223 258 257
f 223 257 259
f 259 257 255
f 259 255 276
f 276 255 244
f 276 244 277
f 277 244 243
f 277 243 279
f 279 243 270
f 279 270 281
f 281 270 268
f 281 268 282
f 282 268 266
f 282 266 116
f 116 266 111
f 285 286 287
f 287 288 285
f 285 288 289
f 285 289 290
f 290 289 291
f 290 291 292
f 293 294 295
f 294 296 295
f 295 296 286
f 295 286 285
f 293 295 297
f 297 295 298
f 297 298 299
f 299 298 300
f 299 300 301
f 302 303 304
f 304 303 305
f 304 305 306
f 306 305 307
f 306 307 308
f 308 307 309
f 309 307 310
f 309 310 311
f 311 310 290
f 311 290 292
f 312 301 303
f 303 301 300
f 303 300 305
f 305 300 298
f 305 298 307
f 307 298 295
f 307 295 310
f 310 295 285
f 310 285 290
f 301 312 313
f 314 315 286
f 315 314 316
f 316 314 317
f 316 317 318
f 318 317 319
f 318 319 320
f 320 319 321
f 320 321 322
f 301 313 299
f 317 297 319
f 319 297 299
f 319 299 321
f 321 299 313
f 321 313 322
f 322 313 323
f 286 296 314
f 314 296 294
f 314 294 317
f 317 294 293
f 317 293 297
f 324 325 326
f 327 328 329
f 330 331 332
f 332 331 333
f 332 333 334
f 327 329 335
f 335 329 336
f 335 336 337
f 338 339 340
f 340 339 341
f 342 343 338
f 343 344 345
f 345 344 346
f 345 346 347
f 347 346 348
f 347 348 349
f 349 348 350
f 349 350 351
f 352 353 354
f 354 353 355
f 356 357 358
f 358 357 359
f 358 359 326
f 338 340 342
f 342 340 360
f 342 360 361
f 362 350 363
f 363 350 348
f 363 348 364
f 364 348 346
f 364 346 365
f 365 346 344
f 366 354 367
f 367 354 355
f 367 355 368
f 359 369 326
f 326 369 370
f 326 370 324
f 324 370 371
f 324 371 372
f 343 342 344
f 344 342 361
f 344 361 365
f 365 361 366
f 365 366 364
f 364 366 367
f 364 367 363
f 363 367 368
f 363 368 362
f 325 324 373
f 373 324 372
f 373 372 374
f 374 372 375
f 374 375 376
f 330 376 331
f 331 376 375
f 331 375 333
f 333 375 328
f 333 328 334
f 334 328 327
f 330 377 376
f 376 377 378
f 376 378 374
f 374 378 379
f 374 379 373
f 373 379 380
f 373 380 325
f 325 380 381
f 325 381 326
f 326 381 382
f 326 382 358
f 369 352 370
f 370 352 354
f 370 354 371
f 371 354 366
f 371 366 372
f 372 366 361
f 372 361 375
f 375 361 360
f 375 360 328
f 328 360 340
f 328 340 329
f 329 340 341
f 329 341 336
f 383 384 385
f 386 387 388
f 389 390 391
f 392 393 394
f 394 393 395
f 396 397 392
f 392 397 398
f 392 398 393
f 399 400 396
f 396 400 401
f 396 401 397
f 396 402 399
f 399 402 403
f 399 403 404
f 404 403 405
f 405 403 406
f 405 406 407
f 408 409 410
f 410 409 411
f 343 345 412
f 412 345 347
f 412 347 413
f 413 347 349
f 413 349 408
f 408 349 351
f 408 351 409
f 343 412 338
f 338 412 414
f 338 414 339
f 339 414 415
f 339 415 341
f 341 415 388
f 341 388 336
f 336 388 387
f 336 387 337
f 416 417 418
f 419 417 420
f 420 417 416
f 420 416 421
f 390 419 391
f 391 419 420
f 391 420 422
f 422 420 421
f 422 421 384
f 384 383 422
f 422 383 423
f 422 423 391
f 391 423 424
f 391 424 389
f 425 406 426
f 426 406 403
f 426 403 427
f 427 403 402
f 427 402 428
f 428 402 396
f 428 396 385
f 385 396 392
f 385 392 383
f 383 392 394
f 383 394 423
f 423 394 395
f 423 395 424
f 411 429 430
f 411 430 410
f 410 430 431
f 410 431 408
f 408 431 432
f 408 432 413
f 413 432 433
f 413 433 412
f 412 433 434
f 412 434 414
f 414 434 435
f 414 435 415
f 415 435 436
f 415 436 388
f 386 388 418
f 418 388 436
f 418 436 416
f 416 436 435
f 416 435 421
f 421 435 434
f 421 434 384
f 384 434 433
f 384 433 385
f 385 433 432
f 385 432 428
f 428 432 431
f 428 431 427
f 427 431 430
f 427 430 426
f 426 430 429
f 426 429 425
f 437 438 439
f 440 441 442
f 443 407 406
f 425 444 445
f 411 409 446
f 446 409 351
f 446 351 447
f 425 445 406
f 406 445 448
f 406 448 443
f 449 450 451
f 452 453 454
f 454 453 450
f 455 456 457
f 457 456 458
f 457 458 459
f 460 461 455
f 455 461 462
f 455 462 456
f 440 463 441
f 441 463 464
f 441 464 460
f 460 464 465
f 460 465 461
f 437 439 466
f 466 439 467
f 466 467 468
f 468 467 469
f 468 469 470
f 471 472 473
f 473 472 474
f 475 476 477
f 473 478 471
f 471 478 479
f 471 479 480
f 480 479 481
f 478 470 479
f 479 470 469
f 479 469 481
f 481 469 467
f 481 467 482
f 482 467 439
f 482 439 483
f 483 439 438
f 483 438 484
f 437 440 438
f 438 440 442
f 438 442 484
f 484 442 441
f 484 441 485
f 485 441 460
f 485 460 486
f 486 460 455
f 486 455 487
f 487 455 457
f 488 489 454
f 490 491 492
f 492 491 493
f 450 449 454
f 454 449 494
f 454 494 488
f 488 494 495
f 488 495 496
f 429 411 497
f 497 411 446
f 497 446 498
f 498 446 447
f 498 447 499
f 425 429 444
f 444 429 497
f 444 497 500
f 500 497 498
f 500 498 492
f 492 498 499
f 492 499 490
f 493 496 492
f 492 496 495
f 492 495 500
f 500 495 494
f 500 494 444
f 444 494 449
f 444 449 445
f 445 449 451
f 445 451 448
f 501 476 502
f 502 476 475
f 502 475 503
f 503 475 504
f 505 504 506
f 506 504 475
f 506 475 507
f 507 475 477
f 507 477 508
f 493 509 496
f 496 509 510
f 496 510 511
f 511 510 512
f 511 512 513
f 513 512 514
f 513 514 515
f 515 514 516
f 515 516 517
f 517 516 518
f 517 518 519
f 519 518 520
f 519 520 506
f 506 520 521
f 506 521 505
f 452 454 459
f 459 454 489
f 459 489 457
f 457 489 488
f 457 488 487
f 487 488 496
f 487 496 486
f 486 496 511
f 486 511 485
f 485 511 513
f 485 513 484
f 484 513 515
f 484 515 483
f 483 515 517
f 483 517 482
f 482 517 519
f 482 519 481
f 481 519 506
f 481 506 480
f 480 506 507
f 480 507 471
f 471 507 508
f 471 508 472
f 353 352 522
f 359 357 523
f 509 493 524
f 524 493 491
f 524 491 525
f 525 491 490
f 525 490 499
f 509 524 510
f 510 524 526
f 510 526 512
f 516 527 518
f 518 527 528
f 518 528 520
f 520 528 521
f 529 503 530
f 530 503 504
f 530 504 528
f 528 504 505
f 528 505 521
f 529 286 315
f 315 501 529
f 529 501 502
f 529 502 503
f 287 286 531
f 531 286 529
f 531 529 532
f 532 529 530
f 532 530 533
f 533 530 528
f 534 535 536
f 357 356 523
f 523 356 537
f 523 537 538
f 538 537 539
f 538 539 540
f 522 352 523
f 523 352 369
f 523 369 359
f 353 522 355
f 355 522 541
f 355 541 542
f 351 350 543
f 543 350 362
f 543 362 542
f 542 362 368
f 542 368 355
f 516 544 527
f 527 544 534
f 527 534 528
f 528 534 536
f 528 536 533
f 541 545 542
f 542 545 546
f 542 546 543
f 543 546 447
f 543 447 351
f 514 512 547
f 547 512 526
f 547 526 548
f 548 526 524
f 544 549 534
f 534 549 538
f 534 538 535
f 535 538 540
f 535 540 536
f 550 551 552
f 552 551 553
f 552 553 554
f 550 555 551
f 551 555 548
f 551 548 553
f 553 548 524
f 553 524 554
f 554 524 525
f 516 514 544
f 544 514 547
f 544 547 549
f 549 547 548
f 549 548 538
f 538 548 555
f 538 555 523
f 523 555 550
f 523 550 522
f 522 550 552
f 522 552 541
f 541 552 554
f 541 554 545
f 545 554 525
f 545 525 546
f 546 525 499
f 546 499 447
f 556 501 315
f 501 556 476
f 476 556 557
f 476 557 477
f 477 557 558
f 477 558 508
f 508 558 559
f 508 559 472
f 315 316 556
f 556 316 318
f 556 318 557
f 557 318 320
f 557 320 558
f 558 320 322
f 558 322 559
f 559 322 323
f 559 323 472
f 472 323 474
f 560 561 562
f 562 561 563
f 562 563 564
f 564 563 565
f 565 563 566
f 565 566 567
f 567 566 568
f 567 568 569
f 569 568 570
f 570 568 571
f 570 571 572
f 573 574 575
f 575 574 576
f 572 571 577
f 577 571 578
f 577 578 579
f 579 578 580
f 579 580 581
f 581 580 575
f 581 575 582
f 582 575 576
f 582 576 583
f 584 585 586
f 586 587 584
f 584 587 588
f 584 588 589
f 589 588 590
f 590 588 591
f 590 591 592
f 592 591 593
f 593 591 594
f 593 594 595
f 595 594 596
f 595 596 597
f 597 596 598
f 597 598 599
f 599 598 600
f 599 600 601
f 601 600 602
f 601 602 603
f 586 604 587
f 587 604 605
f 587 605 588
f 588 605 606
f 588 606 591
f 591 606 607
f 591 607 594
f 594 607 608
f 594 608 596
f 596 608 609
f 596 609 598
f 598 609 610
f 598 610 600
f 600 610 611
f 600 611 602
f 602 611 612
f 604 613 605
f 605 613 614
f 605 614 606
f 606 614 615
f 606 615 607
f 607 615 616
f 607 616 608
f 608 616 617
f 608 617 609
f 609 617 618
f 609 618 610
f 610 618 619
f 610 619 611
f 611 619 620
f 611 620 612
f 612 620 621
f 613 573 614
f 614 573 575
f 614 575 615
f 615 575 580
f 615 580 616
f 616 580 578
f 616 578 617
f 617 578 571
f 617 571 618
f 618 571 568
f 618 568 619
f 619 568 566
f 619 566 620
f 620 566 563
f 620 563 621
f 621 563 561
f 622 623 624
f 624 623 625
f 624 625 626
f 626 625 627
f 626 627 628
f 628 627 629
f 628 629 630
f 630 629 631
f 630 631 632
f 632 631 633
f 632 633 634
f 635 636 637
f 637 636 638
f 638 636 639
f 638 639 640
f 640 639 641
f 641 639 642
f 641 642 643
f 643 642 644
f 643 644 645
f 645 644 646
f 645 646 647
f 647 646 648
f 647 648 649
f 635 650 636
f 636 650 651
f 636 651 639
f 639 651 652
f 639 652 642
f 642 652 653
f 642 653 644
f 644 653 654
f 644 654 646
f 646 654 655
f 646 655 648
f 648 655 656
f 650 657 651
f 651 657 658
f 651 658 652
f 652 658 659
f 652 659 653
f 653 659 660
f 653 660 654
f 654 660 661
f 654 661 655
f 655 661 662
f 655 662 656
f 656 662 663
f 657 622 658
f 658 622 624
f 658 624 659
f 659 624 626
f 659 626 660
f 660 626 628
f 660 628 661
f 661 628 630
f 661 630 662
f 662 630 632
f 662 632 663
f 663 632 634
f 664 665 666
f 667 668 665
f 665 664 667
f 667 664 669
f 667 669 670
f 670 669 671
f 670 671 672
f 672 671 673
f 672 673 674
f 674 673 675
f 674 675 676
f 677 678 679
f 680 676 679
f 679 676 675
f 679 675 677
f 677 675 673
f 677 673 681
f 666 682 664
f 664 682 683
f 664 683 669
f 669 683 684
f 669 684 671
f 671 684 685
f 671 685 673
f 673 685 686
f 673 686 681
f 687 688 668
f 689 690 691
f 691 690 692
f 691 692 693
f 693 692 694
f 693 694 695
f 695 694 696
f 695 696 697
f 697 696 698
f 697 698 699
f 699 698 700
f 699 700 688
f 688 687 699
f 699 687 701
f 699 701 697
f 697 701 702
f 697 702 695
f 695 702 703
f 695 703 693
f 693 703 704
f 693 704 691
f 691 704 705
f 691 705 689
f 668 667 687
f 687 667 670
f 687 670 701
f 701 670 672
f 701 672 702
f 702 672 674
f 702 674 703
f 703 674 676
f 703 676 704
f 704 676 680
f 704 680 705
f 706 707 708
f 708 707 709
f 708 709 710
f 710 709 711
f 710 711 712
f 712 711 713
f 712 713 714
f 714 713 715
f 714 715 716
f 716 715 717
f 716 717 718
f 718 717 719
f 718 719 720
f 720 719 721
f 722 723 724
f 724 723 725
f 724 725 726
f 726 725 727
f 726 727 728
f 728 727 729
f 728 729 730
f 730 729 731
f 730 731 732
f 732 731 733
f 732 733 734
f 734 733 735
f 720 721 736
f 736 721 737
f 736 737 738
f 738 737 739
f 738 739 740
f 740 739 741
f 740 741 742
f 742 741 743
f 742 743 744
f 744 743 745
f 744 745 746
f 746 745 747
f 746 747 706
f 706 747 707
f 734 735 748
f 748 735 749
f 748 749 750
f 750 749 751
f 750 751 752
f 752 751 753
f 752 753 754
f 754 753 755
f 754 755 756
f 756 755 757
f 756 757 758
f 758 757 759
f 758 759 722
f 722 759 723
f 760 761 762
f 712 714 762
f 714 763 762
f 762 763 764
f 762 764 765
f 765 766 762
f 762 766 767
f 762 767 768
f 714 716 763
f 763 716 718
f 763 718 769
f 769 718 720
f 770 771 772
f 768 773 762
f 762 773 774
f 762 774 775
f 776 777 742
f 742 777 778
f 742 778 740
f 740 778 779
f 740 779 738
f 738 779 780
f 738 780 781
f 742 782 776
f 776 782 783
f 776 783 784
f 784 783 771
f 784 771 785
f 785 771 770
f 775 786 762
f 762 786 787
f 762 787 760
f 736 788 789
f 742 744 782
f 782 744 746
f 782 746 790
f 790 746 706
f 790 706 791
f 791 706 708
f 791 708 762
f 762 708 710
f 762 710 712
f 700 792 688
f 688 792 793
f 688 793 668
f 736 738 788
f 788 738 781
f 788 781 794
f 794 781 792
f 794 792 795
f 795 792 700
f 789 796 736
f 736 796 797
f 736 797 798
f 666 665 772
f 772 665 668
f 798 799 736
f 736 799 800
f 736 800 720
f 720 800 801
f 720 801 769
f 793 802 668
f 668 802 803
f 668 803 772
f 772 803 804
f 772 804 770
f 690 689 805
f 806 807 808
f 809 799 810
f 810 799 798
f 810 798 811
f 811 798 797
f 811 797 812
f 812 797 796
f 812 796 813
f 813 796 789
f 813 789 814
f 814 789 788
f 814 788 815
f 815 788 794
f 815 794 816
f 816 794 795
f 816 795 817
f 817 795 700
f 817 700 698
f 769 801 809
f 809 801 800
f 809 800 799
f 818 767 819
f 819 767 766
f 819 766 820
f 820 766 765
f 820 765 821
f 821 765 764
f 821 764 822
f 822 764 763
f 822 763 823
f 823 763 769
f 823 769 824
f 824 769 809
f 825 774 826
f 826 774 773
f 826 773 818
f 818 773 768
f 818 768 767
f 808 807 827
f 827 807 828
f 827 828 829
f 828 830 829
f 829 830 831
f 829 831 832
f 832 831 833
f 832 833 834
f 834 833 835
f 834 835 836
f 835 837 836
f 836 837 838
f 836 838 839
f 839 838 840
f 839 840 841
f 841 840 842
f 841 842 843
f 843 842 844
f 843 844 845
f 845 844 846
f 845 846 847
f 692 690 848
f 848 690 805
f 848 805 849
f 849 805 850
f 849 850 851
f 851 850 852
f 851 852 853
f 853 852 847
f 853 847 854
f 854 847 846
f 806 855 807
f 807 855 856
f 807 856 828
f 828 856 857
f 828 857 830
f 830 857 858
f 830 858 831
f 831 858 859
f 831 859 833
f 833 859 860
f 833 860 835
f 835 860 861
f 835 861 837
f 837 861 862
f 837 862 838
f 838 862 863
f 838 863 840
f 840 863 864
f 840 864 842
f 842 864 865
f 842 865 844
f 844 865 866
f 844 866 846
f 846 866 867
f 846 867 854
f 854 867 868
f 854 868 853
f 853 868 869
f 853 869 851
f 851 869 870
f 851 870 849
f 849 870 871
f 849 871 848
f 848 871 872
f 848 872 692
f 692 872 694
f 855 873 856
f 856 873 874
f 856 874 857
f 857 874 875
f 857 875 858
f 858 875 876
f 858 876 859
f 859 876 877
f 859 877 860
f 860 877 878
f 860 878 861
f 861 878 879
f 861 879 862
f 862 879 880
f 862 880 863
f 863 880 881
f 863 881 864
f 864 881 882
f 864 882 865
f 865 882 883
f 865 883 866
f 866 883 884
f 866 884 867
f 867 884 885
f 867 885 868
f 868 885 886
f 868 886 869
f 869 886 887
f 869 887 870
f 870 887 888
f 870 888 871
f 871 888 889
f 871 889 872
f 872 889 890
f 872 890 694
f 694 890 696
f 873 825 874
f 874 825 826
f 874 826 875
f 875 826 818
f 875 818 876
f 876 818 819
f 876 819 877
f 877 819 820
f 877 820 878
f 878 820 821
f 878 821 879
f 879 821 822
f 879 822 880
f 880 822 823
f 880 823 881
f 881 823 824
f 881 824 882
f 882 824 809
f 882 809 883
f 883 809 810
f 883 810 884
f 884 810 811
f 884 811 885
f 885 811 812
f 885 812 886
f 886 812 813
f 886 813 887
f 887 813 814
f 887 814 888
f 888 814 815
f 888 815 889
f 889 815 816
f 889 816 890
f 890 816 817
f 890 817 696
f 696 817 698
f 891 892 893
f 893 892 894
f 893 894 895
f 895 894 896
f 895 896 897
f 897 896 898
f 897 898 899
f 899 898 900
f 899 900 901
f 901 900 806
f 901 806 808
f 902 761 903
f 903 761 760
f 903 760 904
f 904 760 787
f 904 787 905
f 905 787 786
f 905 786 906
f 906 786 775
f 906 775 907
f 907 775 774
f 907 774 825
f 855 806 908
f 908 806 900
f 908 900 909
f 909 900 898
f 909 898 910
f 910 898 896
f 910 896 911
f 911 896 894
f 911 894 912
f 912 894 892
f 873 855 913
f 913 855 908
f 913 908 914
f 914 908 909
f 914 909 915
f 915 909 910
f 915 910 916
f 916 910 911
f 916 911 917
f 917 911 912
f 917 912 918
f 918 912 892
f 918 892 919
f 919 892 891
f 825 873 907
f 907 873 913
f 907 913 906
f 906 913 914
f 906 914 905
f 905 914 915
f 905 915 904
f 904 915 916
f 904 916 903
f 903 916 917
f 903 917 902
f 902 917 918
f 920 921 761
f 891 922 919
f 919 922 918
f 633 923 762
f 649 648 924
f 924 648 656
f 920 761 922
f 922 761 902
f 922 902 918
f 656 663 924
f 924 663 634
f 924 634 921
f 921 634 633
f 921 633 761
f 761 633 762
f 791 762 925
f 925 762 923
f 926 771 927
f 927 771 783
f 927 783 928
f 928 783 782
f 928 782 929
f 929 782 790
f 929 790 925
f 925 790 791
f 926 930 771
f 771 930 772
f 931 932 933
f 933 932 934
f 933 934 935
f 935 934 936
f 937 938 939
f 939 938 940
f 939 940 934
f 934 940 941
f 934 941 936
f 937 939 942
f 942 939 943
f 942 943 944
f 945 946 947
f 945 947 943
f 943 947 944
f 948 949 950
f 950 949 951
f 950 951 945
f 945 951 952
f 945 952 946
f 948 950 953
f 953 950 954
f 953 954 955
f 956 957 958
f 958 957 959
f 958 959 954
f 954 959 960
f 954 960 955
f 956 958 961
f 961 958 962
f 961 962 963
f 964 965 966
f 966 965 967
f 967 965 968
f 967 968 969
f 969 970 967
f 967 970 971
f 967 971 972
f 972 971 973
f 972 973 974
f 964 966 975
f 975 966 976
f 975 976 977
f 978 979 980
f 980 979 981
f 980 981 976
f 976 981 982
f 976 982 977
f 983 984 980
f 980 984 985
f 980 985 978
f 986 987 983
f 983 987 988
f 988 989 983
f 983 989 990
f 983 990 984
f 991 992 993
f 993 992 994
f 993 994 986
f 986 994 995
f 986 995 987
f 991 993 996
f 996 993 997
f 996 997 998
f 998 997 932
f 998 932 931
f 999 1000 974
f 974 1001 999
f 999 1001 1002
f 999 1002 1003
f 1004 1005 1006
f 1006 1005 1007
f 1007 1005 1000
f 1000 1005 972
f 1000 972 974
f 999 1003 1008
f 1009 1006 1008
f 1008 1006 1007
f 1008 1007 999
f 999 1007 1000
f 1010 1006 1011
f 1011 1006 1009
f 1012 1013 1014
f 1014 1013 1015
f 1014 1015 1016
f 1017 1018 1012
f 1012 1018 1019
f 1012 1019 1013
f 1011 1020 1021
f 1021 1020 1022
f 1021 1022 1023
f 1023 1022 1024
f 1023 1024 1025
f 1025 1024 1026
f 1025 1026 1017
f 1017 1026 1027
f 1017 1027 1018
f 1028 1029 1011
f 1011 1029 1030
f 1011 1030 1010
f 1011 1021 1028
f 1028 1021 1023
f 1028 1023 1031
f 1031 1023 1025
f 1031 1025 1032
f 1032 1025 1017
f 1032 1017 1033
f 1033 1017 1012
f 1033 1012 1034
f 1034 1012 1014
f 1034 1014 1035
f 1035 1014 1016
f 1035 1016 1036
f 1037 1036 1038
f 1038 1036 1016
f 1038 1016 1039
f 1039 1016 1015
f 1039 1015 1040
f 1036 1037 1041
f 1036 1041 1035
f 1035 1041 1042
f 1035 1042 1034
f 1004 1006 1010
f 1031 1032 1042
f 1042 1032 1033
f 1042 1033 1034
f 1010 1030 1004
f 1004 1030 1029
f 1004 1029 1042
f 1042 1029 1028
f 1042 1028 1031
f 1043 1044 1041
f 1041 1044 1045
f 1041 1045 1042
f 1042 1045 1046
f 1042 1046 1004
f 1004 1046 1047
f 1004 1047 1005
f 1005 1047 1048
f 1005 1048 972
f 972 1048 962
f 972 962 967
f 962 958 967
f 967 958 954
f 967 954 966
f 966 954 950
f 966 950 976
f 976 950 945
f 976 932 997
f 997 993 986
f 934 932 939
f 939 932 976
f 939 976 943
f 943 976 945
f 986 983 997
f 997 983 980
f 997 980 976
f 963 962 1049
f 1049 962 1048
f 1049 1048 1050
f 1050 1048 1047
f 1050 1047 1051
f 1052 1049 1050
f 1053 1052 1054
f 1054 1052 1050
f 1054 1050 1055
f 1055 1050 1051
f 963 1049 1052
f 1056 963 1057
f 1057 963 1052
f 1057 1052 1053
f 1058 931 1059
f 1059 931 933
f 1059 933 1060
f 933 935 1060
f 1060 935 936
f 1060 936 1061
f 1061 936 941
f 1061 941 1062
f 1062 941 940
f 1062 940 1063
f 940 938 1063
f 1063 938 937
f 1063 937 1064
f 1064 937 942
f 1064 942 1065
f 1065 942 1066
f 942 944 1066
f 1066 944 1067
f 1067 944 947
f 1067 947 1068
f 1068 947 1069
f 947 946 1069
f 1069 946 952
f 1069 952 1070
f 1070 952 951
f 1070 951 1071
f 1071 951 1072
f 951 949 1072
f 1072 949 948
f 1072 948 1073
f 1073 948 953
f 1073 953 1074
f 1074 953 955
f 1074 955 1075
f 1075 955 960
f 1075 960 1076
f 960 959 1076
f 1076 959 957
f 1076 957 1077
f 1077 957 956
f 963 1056 961
f 961 1056 1078
f 961 1078 956
f 956 1078 1079
f 956 1079 1077
f 1001 974 1080
f 1080 974 973
f 1080 973 1081
f 1081 973 1082
f 973 971 1082
f 1082 971 970
f 1082 970 1083
f 1083 970 969
f 1083 969 1084
f 1084 969 968
f 1084 968 1085
f 968 965 1085
f 1085 965 964
f 1085 964 1086
f 1086 964 975
f 1086 975 1087
f 1087 975 977
f 1087 977 1088
f 1088 977 982
f 1088 982 1089
f 982 981 1089
f 1089 981 979
f 1089 979 1090
f 1090 979 978
f 1090 978 1091
f 978 985 1091
f 1091 985 984
f 1091 984 1092
f 984 990 1092
f 1092 990 989
f 1092 989 1093
f 1093 989 988
f 1093 988 1094
f 1094 988 987
f 1094 987 1095
f 1095 987 995
f 1095 995 1096
f 1096 995 994
f 1096 994 1097
f 1097 994 992
f 1097 992 1098
f 1098 992 991
f 1098 991 1099
f 1099 991 996
f 1099 996 1100
f 1100 996 998
f 1100 998 1058
f 1058 998 931
f 1101 1102 1103
f 1103 1102 1104
f 1103 1104 1105
f 1105 1104 1106
f 1105 1106 1107
f 1107 1106 1108
f 1107 1108 1109
f 1110 1111 1112
f 1112 1111 1113
f 1112 1113 1114
f 1114 1113 1115
f 1114 1115 1101
f 1101 1115 1116
f 1101 1116 1102
f 1117 1118 1110
f 1110 1118 1119
f 1110 1119 1111
f 1120 1121 1122
f 1122 1121 1123
f 1122 1123 1117
f 1117 1123 1124
f 1117 1124 1118
f 1125 1126 1127
f 1127 1126 1128
f 1127 1128 1122
f 1122 1128 1129
f 1122 1129 1120
f 1125 1127 1130
f 1130 1127 1131
f 1130 1131 1132
f 1132 1131 1133
f 1132 1133 1134
f 1134 1133 1135
f 1134 1135 1136
f 1137 1138 1139
f 1139 1138 1140
f 1139 1140 1141
f 1142 1143 1144
f 1144 1143 1145
f 1144 1145 1140
f 1140 1145 1146
f 1140 1146 1141
f 1147 1148 1144
f 1144 1148 1149
f 1144 1149 1142
f 1150 1147 1151
f 1150 1152 1147
f 1147 1152 1153
f 1147 1153 1148
f 1154 1155 1156
f 1157 1158 1151
f 1151 1158 1159
f 1151 1159 1150
f 1155 1154 1160
f 1160 1154 1161
f 1160 1161 1162
f 1162 1161 1163
f 1162 1163 1164
f 1164 1163 1165
f 1164 1165 1166
f 1166 1165 1167
f 1167 1165 1168
f 1167 1168 1169
f 1170 1171 1172
f 1172 1171 1173
f 1172 1173 1174
f 1174 1173 1175
f 1174 1175 1176
f 1176 1175 1169
f 1176 1169 1177
f 1138 1178 1140
f 1140 1178 1179
f 1140 1179 1144
f 1144 1179 1180
f 1144 1180 1147
f 1147 1180 1181
f 1147 1181 1151
f 1151 1181 1182
f 1151 1182 1157
f 1157 1182 1183
f 1184 1168 1185
f 1185 1168 1165
f 1185 1165 1186
f 1186 1165 1163
f 1186 1163 1187
f 1187 1163 1161
f 1187 1161 1183
f 1183 1161 1154
f 1183 1154 1157
f 1157 1154 1156
f 1157 1156 1158
f 1169 1168 1177
f 1177 1168 1184
f 1177 1184 1176
f 1176 1184 1188
f 1176 1188 1174
f 1174 1188 1189
f 1174 1189 1172
f 1172 1189 1190
f 1172 1190 1170
f 1178 1191 1179
f 1179 1191 1192
f 1179 1192 1180
f 1180 1192 1193
f 1180 1193 1181
f 1181 1193 1194
f 1181 1194 1182
f 1182 1194 1195
f 1182 1195 1183
f 1183 1195 1196
f 1183 1196 1187
f 1187 1196 1197
f 1187 1197 1186
f 1186 1197 1198
f 1186 1198 1185
f 1185 1198 1199
f 1185 1199 1184
f 1184 1199 1200
f 1184 1200 1188
f 1188 1200 1201
f 1188 1201 1189
f 1189 1201 1202
f 1189 1202 1190
f 1190 1202 1203
f 1190 1203 1170
f 1170 1203 1204
f 1191 1135 1192
f 1192 1135 1133
f 1192 1133 1193
f 1193 1133 1131
f 1193 1131 1194
f 1194 1131 1127
f 1194 1127 1195
f 1195 1127 1122
f 1195 1122 1196
f 1196 1122 1117
f 1196 1117 1197
f 1197 1117 1110
f 1197 1110 1198
f 1198 1110 1112
f 1198 1112 1199
f 1199 1112 1114
f 1199 1114 1200
f 1200 1114 1101
f 1200 1101 1201
f 1201 1101 1103
f 1201 1103 1202
f 1202 1103 1105
f 1202 1105 1203
f 1203 1105 1107
f 1203 1107 1204
f 1204 1107 1109
f 1003 1002 1136
f 1136 1002 1001
f 1136 1001 1134
f 1134 1001 1080
f 1134 1080 1132
f 1080 1081 1132
f 1132 1081 1082
f 1132 1082 1130
f 1130 1082 1083
f 1130 1083 1125
f 1125 1083 1084
f 1125 1084 1126
f 1126 1084 1128
f 1128 1084 1085
f 1128 1085 1129
f 1088 1124 1087
f 1087 1124 1123
f 1087 1123 1086
f 1086 1123 1121
f 1086 1121 1085
f 1085 1121 1120
f 1085 1120 1129
f 1090 1111 1089
f 1089 1111 1119
f 1089 1119 1088
f 1088 1119 1118
f 1088 1118 1124
f 1090 1091 1111
f 1111 1091 1092
f 1111 1092 1113
f 1113 1092 1093
f 1113 1093 1115
f 1115 1093 1094
f 1115 1094 1116
f 1116 1094 1095
f 1116 1095 1102
f 1102 1095 1096
f 1102 1096 1104
f 1104 1096 1097
f 1104 1097 1106
f 1106 1097 1098
f 1106 1098 1099
f 1099 1100 1106
f 1106 1100 1058
f 1106 1058 1108
f 1057 1053 1205
f 1206 1108 1058
f 1058 1059 1206
f 1206 1059 1060
f 1206 1060 1207
f 1207 1060 1061
f 1207 1061 1208
f 1208 1061 1062
f 1208 1062 1209
f 1209 1062 1063
f 1209 1063 1210
f 1210 1063 1064
f 1210 1064 1211
f 1211 1064 1065
f 1211 1065 1212
f 1212 1065 1066
f 1212 1066 1213
f 1213 1066 1067
f 1213 1067 1214
f 1214 1067 1215
f 1215 1067 1068
f 1215 1068 1216
f 1216 1068 1069
f 1216 1069 1217
f 1217 1069 1070
f 1217 1070 1218
f 1218 1070 1071
f 1218 1071 1219
f 1219 1071 1072
f 1219 1072 1220
f 1220 1072 1073
f 1220 1073 1221
f 1073 1074 1221
f 1221 1074 1075
f 1221 1075 1222
f 1222 1075 1076
f 1222 1076 1223
f 1223 1076 1077
f 1223 1077 1224
f 1224 1077 1079
f 1224 1079 1225
f 1225 1079 1078
f 1225 1078 1205
f 1205 1078 1056
f 1205 1056 1057
f 1226 1109 1108
f 1227 1225 1228
f 1228 1225 1205
f 1228 1205 1229
f 1230 1223 1227
f 1227 1223 1224
f 1227 1224 1225
f 1231 1221 1230
f 1230 1221 1222
f 1230 1222 1223
f 1232 1219 1231
f 1231 1219 1220
f 1231 1220 1221
f 1216 1232 1233
f 1216 1217 1232
f 1232 1217 1218
f 1232 1218 1219
f 1234 1213 1235
f 1235 1213 1214
f 1235 1214 1233
f 1233 1214 1215
f 1233 1215 1216
f 1236 1211 1234
f 1234 1211 1212
f 1234 1212 1213
f 1108 1206 1226
f 1226 1206 1207
f 1226 1207 1237
f 1237 1207 1208
f 1237 1208 1238
f 1238 1208 1209
f 1238 1209 1236
f 1236 1209 1210
f 1236 1210 1211
f 1239 1240 1241
f 1241 1240 1242
f 1241 1242 1243
f 1243 1242 1244
f 1243 1244 1245
f 1245 1244 1246
f 1245 1246 1247
f 1247 1246 1248
f 1247 1248 1249
f 1249 1248 1250
f 1249 1250 1251
f 1251 1250 1252
f 1251 1252 1253
f 1239 1241 1254
f 1254 1241 1255
f 1254 1255 1256
f 1256 1255 1257
f 1257 1255 1258
f 1257 1258 1259
f 1259 1258 1260
f 1259 1260 1261
f 1261 1260 1262
f 1262 1260 1263
f 1262 1263 1264
f 1264 1263 1265
f 1265 1263 1266
f 1265 1266 1267
f 1267 1266 1268
f 1268 1266 1269
f 1268 1269 1270
f 1271 1269 1272
f 1272 1269 1266
f 1272 1266 1273
f 1273 1266 1263
f 1273 1263 1274
f 1274 1263 1260
f 1274 1260 1275
f 1275 1260 1258
f 1275 1258 1276
f 1276 1258 1255
f 1276 1255 1277
f 1277 1255 1241
f 1277 1241 1278
f 1278 1241 1243
f 1278 1243 1279
f 1279 1243 1245
f 1279 1245 1280
f 1280 1245 1247
f 1280 1247 1281
f 1281 1247 1249
f 1281 1249 1282
f 1282 1249 1251
f 1282 1251 1283
f 1283 1251 1253
f 1283 1253 1170
f 1170 1253 1252
f 1170 1252 1171
f 1170 1204 1283
f 1283 1204 1284
f 1283 1284 1282
f 1282 1284 1285
f 1282 1285 1281
f 1281 1285 1286
f 1281 1286 1280
f 1280 1286 1287
f 1280 1287 1279
f 1279 1287 1288
f 1279 1288 1278
f 1278 1288 1289
f 1278 1289 1277
f 1277 1289 1290
f 1277 1290 1276
f 1276 1290 1291
f 1276 1291 1275
f 1275 1291 1292
f 1275 1292 1274
f 1274 1292 1293
f 1274 1293 1273
f 1273 1293 1294
f 1273 1294 1272
f 1272 1294 1295
f 1272 1295 1271
f 1271 1295 1296
f 1204 1109 1284
f 1284 1109 1226
f 1284 1226 1285
f 1285 1226 1237
f 1285 1237 1286
f 1286 1237 1238
f 1286 1238 1287
f 1287 1238 1236
f 1287 1236 1288
f 1288 1236 1234
f 1288 1234 1289
f 1289 1234 1235
f 1289 1235 1290
f 1290 1235 1233
f 1290 1233 1291
f 1291 1233 1232
f 1291 1232 1292
f 1292 1232 1231
f 1292 1231 1293
f 1293 1231 1230
f 1293 1230 1294
f 1294 1230 1227
f 1294 1227 1295
f 1295 1227 1228
f 1295 1228 1296
f 1296 1228 1229
f 1297 1298 1299
f 1229 1205 1298
f 1298 1297 1229
f 1229 1297 1300
f 1229 1300 1296
f 1296 1300 1271
f 1271 1300 1301
f 1271 1301 1269
f 1302 1303 1270
f 1299 1304 1297
f 1297 1304 1305
f 1297 1305 1300
f 1300 1305 1302
f 1300 1302 1301
f 1301 1302 1270
f 1301 1270 1269
f 1306 1307 1308
f 1308 1307 1309
f 1310 1311 1312
f 1313 1314 1315
f 1270 1316 1268
f 1268 1316 1317
f 1268 1317 1267
f 1318 1319 1320
f 1319 1262 1320
f 1320 1262 1264
f 1320 1264 1318
f 1318 1264 1265
f 1321 1322 1261
f 1259 1311 1257
f 1257 1311 1310
f 1257 1310 1256
f 1256 1310 1254
f 1242 1240 1323
f 1323 1240 1324
f 1323 1324 1325
f 1246 1326 1248
f 1248 1326 1327
f 1248 1327 1250
f 1250 1327 1328
f 1250 1328 1252
f 1329 1330 1331
f 1332 1333 1334
f 1334 1335 1332
f 1332 1335 1313
f 1332 1313 1336
f 1336 1313 1315
f 1336 1315 1337
f 1338 1317 1339
f 1339 1317 1316
f 1339 1316 1340
f 1340 1316 1270
f 1340 1270 1341
f 1341 1270 1303
f 1342 1338 1334
f 1334 1338 1339
f 1334 1339 1335
f 1335 1339 1340
f 1335 1340 1313
f 1313 1340 1341
f 1313 1341 1314
f 1343 1344 1345
f 1345 1344 1346
f 1345 1346 1347
f 1347 1346 1348
f 1347 1348 1349
f 1349 1348 1318
f 1349 1318 1350
f 1350 1318 1265
f 1265 1267 1350
f 1350 1267 1317
f 1350 1317 1349
f 1349 1317 1338
f 1349 1338 1347
f 1347 1338 1342
f 1347 1342 1345
f 1345 1342 1351
f 1345 1351 1343
f 1331 1352 1353
f 1354 1353 1355
f 1355 1353 1352
f 1355 1352 1356
f 1356 1352 1331
f 1356 1331 1357
f 1357 1331 1330
f 1312 1358 1310
f 1310 1358 1325
f 1310 1325 1254
f 1254 1325 1324
f 1254 1324 1239
f 1239 1324 1240
f 1358 1359 1325
f 1325 1359 1360
f 1325 1360 1323
f 1323 1360 1361
f 1323 1361 1242
f 1242 1361 1244
f 1362 1306 1363
f 1363 1306 1308
f 1363 1308 1364
f 1364 1308 1365
f 1365 1308 1309
f 1365 1309 1366
f 1171 1252 1367
f 1367 1252 1328
f 1367 1328 1354
f 1365 1353 1364
f 1364 1353 1354
f 1364 1354 1363
f 1363 1354 1328
f 1363 1328 1362
f 1362 1328 1327
f 1362 1327 1306
f 1306 1327 1326
f 1306 1326 1307
f 1246 1244 1326
f 1326 1244 1361
f 1326 1361 1307
f 1307 1361 1360
f 1307 1360 1309
f 1309 1360 1359
f 1309 1359 1366
f 1366 1359 1358
f 1366 1358 1368
f 1368 1358 1312
f 1368 1312 1321
f 1321 1312 1311
f 1321 1311 1322
f 1322 1311 1259
f 1322 1259 1261
f 1333 1369 1334
f 1334 1369 1370
f 1334 1370 1342
f 1342 1370 1329
f 1342 1329 1351
f 1351 1329 1331
f 1351 1331 1343
f 1343 1331 1353
f 1343 1353 1344
f 1344 1353 1365
f 1344 1365 1346
f 1346 1365 1366
f 1346 1366 1348
f 1348 1366 1368
f 1348 1368 1318
f 1318 1368 1321
f 1318 1321 1319
f 1319 1321 1261
f 1319 1261 1262
f 1158 1371 1372
f 1373 1374 1375
f 1137 1376 1377
f 1377 1376 1378
f 1377 1378 1379
f 1380 1381 1382
f 1382 1381 1383
f 1382 1383 1378
f 1378 1383 1384
f 1378 1384 1379
f 1385 1386 1387
f 1388 1175 1173
f 1175 1389 1169
f 1169 1389 1390
f 1169 1390 1167
f 1167 1390 1391
f 1160 1162 1392
f 1392 1162 1164
f 1392 1164 1391
f 1391 1164 1166
f 1391 1166 1167
f 1393 1156 1394
f 1394 1156 1155
f 1153 1152 1395
f 1395 1152 1150
f 1395 1150 1372
f 1372 1150 1159
f 1372 1159 1158
f 1396 1145 1397
f 1397 1145 1143
f 1397 1143 1142
f 1146 1398 1141
f 1141 1398 1399
f 1141 1399 1139
f 1374 1380 1375
f 1375 1380 1382
f 1375 1382 1400
f 1400 1382 1378
f 1400 1378 1399
f 1399 1378 1376
f 1399 1376 1139
f 1139 1376 1137
f 1146 1145 1398
f 1398 1145 1396
f 1398 1396 1399
f 1399 1396 1401
f 1399 1401 1400
f 1400 1401 1402
f 1400 1402 1375
f 1375 1402 1385
f 1375 1385 1373
f 1373 1385 1387
f 1403 1404 1405
f 1405 1404 1406
f 1405 1406 1407
f 1407 1406 1408
f 1407 1408 1409
f 1409 1408 1410
f 1409 1410 1411
f 1175 1388 1389
f 1389 1388 1412
f 1389 1412 1390
f 1390 1412 1413
f 1390 1413 1391
f 1391 1413 1414
f 1391 1414 1392
f 1415 1416 1417
f 1417 1416 1418
f 1417 1418 1419
f 1419 1418 1420
f 1419 1420 1421
f 1421 1420 1422
f 1421 1422 1423
f 1394 1424 1393
f 1393 1424 1425
f 1393 1425 1426
f 1426 1425 1411
f 1424 1415 1425
f 1425 1415 1417
f 1425 1417 1411
f 1411 1417 1419
f 1411 1419 1409
f 1409 1419 1421
f 1409 1421 1407
f 1407 1421 1423
f 1407 1423 1405
f 1371 1427 1372
f 1372 1427 1428
f 1372 1428 1395
f 1395 1428 1429
f 1395 1429 1153
f 1153 1429 1148
f 1416 1354 1418
f 1418 1354 1355
f 1418 1355 1420
f 1420 1355 1356
f 1420 1356 1422
f 1422 1356 1430
f 1422 1430 1423
f 1423 1430 1431
f 1423 1431 1405
f 1405 1431 1432
f 1405 1432 1403
f 1155 1160 1394
f 1394 1160 1392
f 1394 1392 1424
f 1424 1392 1414
f 1424 1414 1415
f 1415 1414 1413
f 1415 1413 1416
f 1416 1413 1412
f 1416 1412 1354
f 1354 1412 1388
f 1354 1388 1367
f 1367 1388 1173
f 1367 1173 1171
f 1397 1433 1396
f 1396 1433 1410
f 1396 1410 1401
f 1401 1410 1408
f 1401 1408 1402
f 1402 1408 1406
f 1402 1406 1385
f 1385 1406 1404
f 1385 1404 1386
f 1386 1404 1403
f 1142 1149 1397
f 1397 1149 1148
f 1397 1148 1433
f 1433 1148 1429
f 1433 1429 1410
f 1410 1429 1428
f 1410 1428 1411
f 1411 1428 1427
f 1411 1427 1426
f 1426 1427 1371
f 1426 1371 1393
f 1393 1371 1158
f 1393 1158 1156
f 1434 1435 1136
f 1436 1437 1435
f 1435 1434 1436
f 1436 1434 1438
f 1436 1438 1439
f 1440 1377 1441
f 1441 1377 1379
f 1137 1377 1138
f 1138 1377 1440
f 1138 1440 1178
f 1178 1440 1191
f 1136 1135 1434
f 1434 1135 1191
f 1434 1191 1438
f 1438 1191 1440
f 1438 1440 1439
f 1439 1440 1441
f 1136 1435 1003
f 1003 1435 1437
f 1003 1437 1008
f 1008 1437 1442
f 1008 1442 1009
f 1009 1442 1443
f 1009 1443 1011
f 1444 1442 1437
f 1443 1442 1445
f 1445 1442 1444
f 1445 1444 1446
f 1446 1444 1447
f 1448 1449 1450
f 1450 1449 1451
f 1450 1451 1447
f 1447 1451 1452
f 1447 1452 1446
f 1437 1436 1444
f 1444 1436 1439
f 1444 1439 1447
f 1447 1439 1441
f 1447 1441 1450
f 1450 1441 1379
f 1450 1379 1448
f 1448 1379 1453
f 1454 1455 1443
f 1443 1445 1454
f 1454 1445 1446
f 1454 1446 1456
f 1456 1446 1452
f 1456 1452 1457
f 1452 1451 1457
f 1457 1451 1449
f 1457 1449 1458
f 1449 1448 1458
f 1458 1448 1453
f 1458 1453 1459
f 1460 1461 1462
f 1461 1460 1463
f 1463 1460 1464
f 1463 1464 1465
f 1465 1464 1466
f 1465 1466 1467
f 1468 1469 1470
f 1470 1469 1471
f 1470 1471 1472
f 1462 1473 1460
f 1460 1473 1474
f 1460 1474 1464
f 1464 1474 1472
f 1464 1472 1466
f 1466 1472 1471
f 1466 1471 1467
f 1467 1471 1469
f 1467 1469 1475
f 1476 1473 1477
f 1477 1473 1462
f 1477 1462 1478
f 1468 1470 1479
f 1479 1470 1472
f 1479 1472 1480
f 1480 1472 1476
f 1476 1472 1474
f 1476 1474 1473
f 1481 1458 1459
f 1482 1483 1484
f 1455 1454 1485
f 1485 1454 1486
f 1485 1486 1487
f 1487 1486 1488
f 1487 1488 1489
f 1489 1488 1490
f 1491 1492 1493
f 1493 1492 1494
f 1493 1494 1495
f 1495 1494 1496
f 1495 1496 1490
f 1490 1496 1497
f 1490 1497 1489
f 1477 1478 1498
f 1498 1478 1499
f 1498 1499 1500
f 1500 1499 1501
f 1500 1501 1491
f 1491 1501 1502
f 1491 1502 1492
f 1482 1479 1480
f 1503 1504 1484
f 1484 1504 1505
f 1484 1505 1482
f 1506 1507 1503
f 1503 1507 1508
f 1503 1508 1504
f 1509 1510 1511
f 1511 1510 1512
f 1459 1513 1481
f 1481 1513 1514
f 1481 1514 1515
f 1515 1514 1516
f 1515 1516 1517
f 1517 1516 1518
f 1517 1518 1519
f 1482 1480 1483
f 1483 1480 1520
f 1483 1520 1484
f 1484 1520 1521
f 1484 1521 1503
f 1503 1521 1522
f 1503 1522 1506
f 1506 1522 1523
f 1506 1523 1524
f 1525 1510 1524
f 1524 1510 1509
f 1524 1509 1506
f 1480 1476 1520
f 1520 1476 1526
f 1520 1526 1521
f 1521 1526 1527
f 1521 1527 1522
f 1522 1527 1528
f 1522 1528 1523
f 1523 1528 1529
f 1523 1529 1524
f 1524 1529 1530
f 1524 1530 1525
f 1525 1530 1531
f 1517 1532 1515
f 1515 1532 1533
f 1515 1533 1481
f 1481 1533 1534
f 1481 1534 1458
f 1458 1534 1457
f 1456 1457 1535
f 1535 1457 1534
f 1535 1534 1536
f 1536 1534 1533
f 1536 1533 1531
f 1531 1533 1532
f 1531 1532 1525
f 1525 1532 1517
f 1525 1517 1510
f 1510 1517 1519
f 1510 1519 1512
f 1476 1477 1526
f 1526 1477 1498
f 1526 1498 1527
f 1527 1498 1500
f 1527 1500 1528
f 1528 1500 1491
f 1528 1491 1529
f 1529 1491 1493
f 1529 1493 1530
f 1530 1493 1495
f 1530 1495 1531
f 1531 1495 1490
f 1531 1490 1536
f 1536 1490 1488
f 1536 1488 1535
f 1535 1488 1486
f 1535 1486 1456
f 1456 1486 1454
f 1478 1015 1499
f 1499 1015 1013
f 1019 1502 1013
f 1013 1502 1501
f 1013 1501 1499
f 1485 1487 1024
f 1024 1487 1489
f 1024 1489 1026
f 1026 1489 1497
f 1026 1497 1027
f 1027 1497 1496
f 1027 1496 1018
f 1018 1496 1494
f 1018 1494 1019
f 1019 1494 1492
f 1019 1492 1502
f 1024 1022 1485
f 1485 1022 1020
f 1485 1020 1455
f 1455 1020 1011
f 1455 1011 1443
f 1537 1538 1040
f 1461 1537 1462
f 1462 1537 1040
f 1462 1040 1478
f 1478 1040 1015
f 1037 1038 1539
f 1539 1038 1039
f 1539 1039 1540
f 1540 1039 1040
f 1540 1040 1538
f 1538 1541 1540
f 1540 1541 1542
f 1540 1542 1539
f 1539 1542 1543
f 1539 1543 1037
f 1544 1545 1546
f 1546 1545 1547
f 1546 1547 1548
f 1548 1547 1549
f 1549 1547 1550
f 1549 1550 1551
f 1551 1550 1552
f 1552 1550 1553
f 1552 1553 1554
f 1554 1553 1555
f 1554 1555 1556
f 1543 1557 1558
f 1558 1557 1559
f 1558 1559 1560
f 1560 1561 1558
f 1558 1561 1562
f 1558 1562 1563
f 1563 1564 1558
f 1558 1564 1565
f 1558 1565 1555
f 1555 1565 1566
f 1555 1566 1556
f 1041 1037 1043
f 1043 1037 1543
f 1043 1543 1567
f 1567 1543 1558
f 1043 1567 1044
f 1044 1567 1568
f 1568 1567 1569
f 1569 1567 1558
f 1569 1558 1570
f 1570 1558 1555
f 1570 1555 1571
f 1571 1555 1553
f 1571 1553 1572
f 1553 1550 1572
f 1572 1550 1547
f 1572 1547 1573
f 1573 1547 1545
f 1573 1545 1574
f 1575 1576 1577
f 1578 1579 1544
f 1544 1579 1545
f 1578 1580 1579
f 1579 1580 1581
f 1579 1581 1582
f 1582 1581 1583
f 1582 1583 1577
f 1577 1583 1584
f 1577 1584 1575
f 1585 1586 1587
f 1587 1586 1588
f 1587 1588 1589
f 1589 1590 1587
f 1587 1590 1591
f 1587 1591 1592
f 1593 1594 1579
f 1579 1594 1595
f 1579 1595 1545
f 1545 1595 1596
f 1545 1596 1574
f 1574 1596 1587
f 1574 1587 1597
f 1597 1587 1592
f 772 930 1598
f 772 1598 1599
f 1599 1598 1600
f 1599 1600 1601
f 1601 1600 1602
f 1601 1602 1603
f 1603 1602 1604
f 1603 1604 1605
f 1605 1604 1606
f 1606 1604 1607
f 1606 1607 1608
f 1608 1607 1609
f 1608 1609 1610
f 1610 1609 1611
f 1610 1611 1612
f 1612 1611 1613
f 1612 1613 1593
f 1593 1613 1614
f 1593 1614 1594
f 1615 1616 1617
f 1618 1619 1620
f 1620 1619 1621
f 1620 1621 1622
f 1622 1621 1623
f 1622 1623 1624
f 1624 1623 1625
f 1624 1625 1626
f 1626 1625 1627
f 1626 1627 1628
f 1628 1627 1629
f 1628 1629 1616
f 1617 1630 1615
f 1615 1630 1631
f 1615 1631 1632
f 1632 1631 1633
f 1632 1633 1634
f 1634 1633 1635
f 1634 1635 1636
f 1636 1635 1637
f 1636 1637 1638
f 1638 1637 1639
f 1638 1639 1640
f 1616 1615 1628
f 1628 1615 1632
f 1628 1632 1626
f 1626 1632 1634
f 1626 1634 1624
f 1624 1634 1636
f 1624 1636 1622
f 1622 1636 1638
f 1622 1638 1620
f 1620 1638 1640
f 1620 1640 1618
f 1641 1642 1643
f 1644 1645 1646
f 1646 1645 1647
f 1646 1647 1648
f 1648 1647 1649
f 1648 1649 1650
f 1650 1649 1651
f 1650 1651 1652
f 1652 1651 1641
f 1652 1641 1653
f 1653 1641 1643
f 1653 1643 1629
f 1629 1627 1653
f 1653 1627 1625
f 1653 1625 1652
f 1652 1625 1623
f 1652 1623 1650
f 1650 1623 1621
f 1650 1621 1648
f 1648 1621 1619
f 1648 1619 1646
f 1646 1619 1618
f 1646 1618 1644
f 1651 1649 1654
f 1655 1656 1657
f 1658 1659 1660
f 1661 1662 1663
f 1663 1662 1664
f 1663 1664 1665
f 1665 1664 1666
f 1665 1666 1667
f 1667 1666 1668
f 1668 1666 1669
f 1668 1669 1670
f 1670 1669 1671
f 1670 1671 1672
f 1672 1671 1673
f 1672 1673 1674
f 1674 1673 1675
f 1674 1675 1676
f 1676 1675 1677
f 1676 1677 1678
f 1678 1677 1679
f 1678 1679 1680
f 1659 1658 1681
f 1681 1658 1682
f 1681 1682 1679
f 1679 1682 1683
f 1679 1683 1680
f 1684 1685 1686
f 1687 1688 1689
f 1689 1688 1690
f 1691 1692 1693
f 1693 1692 1694
f 1693 1694 1695
f 1695 1694 1696
f 1695 1696 1690
f 1690 1696 1697
f 1690 1697 1689
f 1698 1699 1691
f 1691 1699 1700
f 1691 1700 1692
f 1701 1702 1698
f 1698 1702 1703
f 1698 1703 1699
f 1704 1705 1706
f 1706 1705 1707
f 1706 1707 1708
f 1708 1707 1709
f 1708 1709 1701
f 1701 1709 1710
f 1701 1710 1702
f 1655 1657 1711
f 1711 1657 1712
f 1711 1712 1713
f 1713 1712 1645
f 1713 1645 1644
f 1688 1714 1690
f 1690 1714 1715
f 1690 1715 1695
f 1695 1715 1716
f 1695 1716 1693
f 1693 1716 1717
f 1693 1717 1691
f 1691 1717 1718
f 1691 1718 1698
f 1718 1719 1698
f 1698 1719 1720
f 1698 1720 1701
f 1701 1720 1721
f 1701 1721 1708
f 1708 1721 1722
f 1708 1722 1706
f 1706 1722 1723
f 1706 1723 1704
f 1704 1723 1724
f 1684 1686 1725
f 1725 1686 1660
f 1725 1660 1726
f 1726 1660 1659
f 1726 1659 1727
f 1727 1659 1681
f 1727 1681 1728
f 1728 1681 1679
f 1728 1679 1729
f 1729 1679 1677
f 1729 1677 1730
f 1730 1677 1675
f 1730 1675 1731
f 1731 1675 1673
f 1731 1673 1732
f 1732 1673 1671
f 1732 1671 1733
f 1733 1671 1669
f 1733 1669 1734
f 1734 1669 1666
f 1734 1666 1735
f 1735 1666 1664
f 1735 1664 1736
f 1736 1664 1662
f 1736 1662 1641
f 1641 1662 1661
f 1641 1661 1642
f 1647 1645 1737
f 1737 1645 1712
f 1737 1712 1738
f 1738 1712 1657
f 1738 1657 1724
f 1724 1657 1656
f 1724 1656 1704
f 1704 1656 1655
f 1704 1655 1705
f 1714 1739 1715
f 1715 1739 1740
f 1715 1740 1716
f 1716 1740 1741
f 1716 1741 1717
f 1717 1741 1742
f 1717 1742 1718
f 1718 1742 1743
f 1718 1743 1719
f 1719 1743 1744
f 1719 1744 1720
f 1720 1744 1745
f 1720 1745 1721
f 1721 1745 1746
f 1721 1746 1722
f 1722 1746 1747
f 1722 1747 1723
f 1723 1747 1748
f 1723 1748 1724
f 1724 1748 1749
f 1724 1749 1738
f 1738 1749 1750
f 1738 1750 1737
f 1737 1750 1654
f 1737 1654 1647
f 1647 1654 1649
f 1641 1651 1736
f 1736 1651 1654
f 1736 1654 1735
f 1735 1654 1750
f 1735 1750 1734
f 1734 1750 1749
f 1734 1749 1733
f 1733 1749 1748
f 1733 1748 1732
f 1732 1748 1747
f 1732 1747 1731
f 1731 1747 1746
f 1731 1746 1730
f 1730 1746 1745
f 1730 1745 1729
f 1729 1745 1744
f 1729 1744 1728
f 1728 1744 1743
f 1728 1743 1727
f 1727 1743 1742
f 1727 1742 1726
f 1726 1742 1741
f 1726 1741 1725
f 1725 1741 1740
f 1725 1740 1684
f 1684 1740 1739
f 1685 1751 1752
f 1685 1752 1686
f 1686 1752 1753
f 1686 1753 1660
f 1660 1753 1754
f 1660 1754 1658
f 1658 1754 1585
f 1658 1585 1682
f 1682 1585 1587
f 1682 1587 1683
f 1683 1587 1596
f 1683 1596 1680
f 1596 1595 1680
f 1680 1595 1594
f 1680 1594 1678
f 1678 1594 1614
f 1678 1614 1676
f 1676 1614 1613
f 1676 1613 1674
f 1674 1613 1611
f 1674 1611 1672
f 1672 1611 1609
f 1609 1607 1672
f 1672 1607 1604
f 1672 1604 1670
f 1670 1604 1602
f 1670 1602 1668
f 1668 1602 1667
f 1667 1602 1600
f 1667 1600 1665
f 1665 1600 1598
f 1665 1598 1663
f 1663 1598 1661
f 1661 1598 930
f 1661 930 1642
f 1755 1597 1592
f 1756 1752 1751
f 1585 1754 1586
f 1586 1754 1588
f 1588 1754 1756
f 1756 1754 1753
f 1756 1753 1752
f 1592 1591 1757
f 1757 1591 1590
f 1757 1590 1756
f 1756 1590 1589
f 1756 1589 1588
f 1758 1759 1760
f 1760 1759 1761
f 1760 1761 1762
f 1762 1761 1763
f 1751 1764 1756
f 1756 1764 1763
f 1756 1763 1757
f 1757 1763 1761
f 1757 1761 1592
f 1592 1761 1759
f 1592 1759 1755
f 1765 1766 1767
f 1766 1765 1768
f 1751 1769 1764
f 1764 1769 1770
f 1764 1770 1763
f 1763 1770 1767
f 1763 1767 1762
f 1762 1767 1766
f 1762 1766 1760
f 1760 1766 1768
f 1760 1768 1758
f 1751 1771 1769
f 1769 1771 1772
f 1769 1772 1770
f 1770 1772 1773
f 1770 1773 1767
f 1767 1773 1774
f 1767 1774 1765
f 1775 1776 1569
f 1569 1776 1777
f 1569 1777 1568
f 1778 1779 1569
f 1569 1779 1780
f 1780 1781 1569
f 1569 1781 1782
f 1569 1782 1775
f 1778 1569 1783
f 1783 1569 1570
f 1783 1570 1784
f 1768 1765 1572
f 1572 1765 1785
f 1572 1785 1571
f 1571 1785 1786
f 1571 1786 1570
f 1570 1786 1787
f 1570 1787 1784
f 1768 1572 1758
f 1758 1572 1573
f 1758 1573 1759
f 1759 1573 1755
f 1755 1573 1574
f 1755 1574 1597
f 1788 1045 1777
f 1777 1045 1044
f 1777 1044 1568
f 1789 1790 1046
f 1791 1045 1792
f 1792 1045 1788
f 1792 1793 1791
f 1791 1793 1789
f 1791 1789 1045
f 1045 1789 1046
f 1790 1794 1046
f 1046 1794 1795
f 1046 1795 1796
f 1796 1797 1046
f 1046 1797 1798
f 1046 1798 1047
f 1047 1798 1799
f 1047 1799 1051
f 1800 1055 1801
f 1801 1055 1051
f 1801 1051 1799
f 1298 1205 1053
f 1800 1802 1055
f 1055 1802 1803
f 1055 1803 1054
f 1054 1803 1053
f 1053 1803 1299
f 1053 1299 1298
f 1304 1299 1803
f 1303 1302 1804
f 1804 1302 1305
f 1804 1305 1805
f 1805 1305 1304
f 1805 1304 1806
f 1806 1304 1803
f 1806 1803 1802
f 1802 1807 1806
f 1806 1807 1808
f 1806 1808 1805
f 1805 1808 1809
f 1805 1809 1804
f 1804 1809 1810
f 1804 1810 1303
f 1807 1802 583
f 583 576 1807
f 1807 576 574
f 1807 574 1808
f 604 1809 613
f 613 1809 1808
f 613 1808 573
f 573 1808 574
f 604 586 1809
f 1809 586 585
f 1809 585 1810
f 1811 1356 1812
f 1812 1356 1357
f 1812 1357 1813
f 1370 1814 1329
f 1329 1814 1813
f 1329 1813 1330
f 1330 1813 1357
f 1370 1369 1814
f 1814 1369 1333
f 1814 1333 1815
f 1815 1333 1332
f 1815 1332 1816
f 1816 1332 1336
f 1816 1336 1817
f 1817 1336 1337
f 1817 1337 1818
f 1315 1314 1810
f 1810 1314 1341
f 1810 1341 1303
f 1337 1315 1818
f 1818 1315 1810
f 1818 1810 1819
f 1819 1810 585
f 1459 1453 1820
f 1820 1453 1821
f 1453 1379 1384
f 1453 1384 1821
f 1821 1384 1383
f 1821 1383 1822
f 1822 1383 1381
f 1822 1381 1823
f 1823 1381 1380
f 1823 1380 1824
f 1380 1374 1824
f 1824 1374 1373
f 1824 1373 1825
f 1373 1387 1825
f 1825 1387 1386
f 1825 1386 1403
f 1403 1432 1825
f 1825 1432 1431
f 1825 1431 1826
f 1826 1431 1430
f 1826 1430 1811
f 1811 1430 1356
f 1827 1828 1829
f 1518 1516 1830
f 1823 1824 1831
f 1826 1811 1832
f 1833 1834 1835
f 1836 1837 1838
f 1468 1479 1839
f 1839 1479 1482
f 1839 1482 1505
f 1833 1835 1840
f 1841 1842 1843
f 1843 1842 1844
f 1843 1844 1845
f 1826 1832 1825
f 1823 1831 1822
f 1514 1513 1846
f 1846 1513 1459
f 1846 1459 1847
f 1847 1459 1820
f 1519 1848 1512
f 1512 1848 1511
f 1849 1506 1848
f 1848 1506 1509
f 1848 1509 1511
f 1505 1504 1839
f 1839 1504 1508
f 1839 1508 1849
f 1849 1508 1507
f 1849 1507 1506
f 1850 1846 1851
f 1851 1846 1847
f 1851 1847 1852
f 1852 1847 1820
f 1852 1820 1821
f 1834 1836 1835
f 1835 1836 1838
f 1835 1838 1853
f 1853 1838 1854
f 1853 1854 1855
f 1855 1854 1856
f 1855 1856 1857
f 1857 1856 1850
f 1857 1850 1858
f 1858 1850 1851
f 1858 1851 1831
f 1831 1851 1852
f 1831 1852 1822
f 1822 1852 1821
f 1837 1859 1838
f 1838 1859 1860
f 1838 1860 1854
f 1854 1860 1861
f 1854 1861 1856
f 1856 1861 1862
f 1856 1862 1850
f 1850 1862 1830
f 1850 1830 1846
f 1846 1830 1516
f 1846 1516 1514
f 1859 1468 1860
f 1860 1468 1839
f 1860 1839 1861
f 1861 1839 1849
f 1861 1849 1862
f 1862 1849 1848
f 1862 1848 1830
f 1830 1848 1519
f 1830 1519 1518
f 1829 1828 1832
f 1832 1828 1863
f 1832 1863 1825
f 1829 1864 1827
f 1827 1864 1865
f 1827 1865 1866
f 1866 1865 1867
f 1866 1867 1868
f 1868 1867 1869
f 1868 1869 1843
f 1843 1869 1870
f 1843 1870 1841
f 1845 1840 1843
f 1843 1840 1835
f 1843 1835 1868
f 1868 1835 1853
f 1868 1853 1866
f 1866 1853 1855
f 1866 1855 1827
f 1827 1855 1857
f 1827 1857 1828
f 1828 1857 1858
f 1828 1858 1863
f 1863 1858 1831
f 1863 1831 1825
f 1825 1831 1824
f 437 466 1871
f 474 323 1872
f 1873 1874 1875
f 1876 1877 1878
f 1879 1880 397
f 1881 1475 1882
f 1469 1468 1859
f 1842 1883 1844
f 1884 1833 1840
f 1884 1840 1883
f 1883 1840 1845
f 1883 1845 1844
f 1833 1884 1834
f 1834 1884 1885
f 1834 1885 1836
f 1885 1886 1836
f 1836 1886 1887
f 1836 1887 1837
f 1837 1887 1882
f 1837 1882 1859
f 1859 1882 1475
f 1859 1475 1469
f 1888 1889 1890
f 1890 1891 1888
f 1888 1891 1892
f 1888 1892 1893
f 1893 1892 1894
f 1893 1894 1895
f 393 398 1889
f 397 1880 398
f 398 1880 1896
f 398 1896 1889
f 399 404 1897
f 397 401 1879
f 1879 401 400
f 1879 400 1898
f 1898 400 399
f 1898 399 1899
f 1899 399 1897
f 450 1900 451
f 451 1900 1901
f 451 1901 448
f 448 1901 1902
f 448 1902 443
f 443 1902 1903
f 443 1903 407
f 407 1903 1904
f 407 1904 405
f 405 1904 1905
f 405 1905 404
f 404 1905 1906
f 404 1906 1897
f 1876 1878 1907
f 1907 1878 1908
f 1907 1908 1909
f 1909 1908 1910
f 1910 1908 1911
f 1910 1911 1912
f 1913 1914 1915
f 1915 1914 1916
f 1915 1916 1911
f 1911 1916 1917
f 1911 1917 1912
f 1913 1915 1918
f 1918 1915 1871
f 1918 1871 1919
f 1874 1920 1871
f 1871 1920 1921
f 1871 1921 1919
f 1872 680 679
f 1872 679 1875
f 679 678 1875
f 1875 678 1922
f 1875 1922 1923
f 1923 1924 1875
f 1875 1924 1925
f 1875 1925 1873
f 1874 1871 1875
f 1875 1871 466
f 1875 466 468
f 468 470 1875
f 1875 470 478
f 1875 478 1872
f 1872 478 473
f 1872 473 474
f 456 462 1911
f 1911 462 461
f 1911 461 1915
f 1915 461 465
f 465 464 1915
f 1915 464 463
f 1915 463 1871
f 1871 463 440
f 1871 440 437
f 456 1911 458
f 458 1911 1908
f 458 1908 459
f 459 1908 1878
f 459 1878 452
f 1876 1900 1877
f 1877 1900 450
f 1877 450 1878
f 1878 450 453
f 1878 453 452
f 1889 1888 393
f 393 1888 1893
f 393 1893 395
f 395 1893 1926
f 395 1926 424
f 424 1926 1927
f 424 1927 389
f 389 1927 1928
f 389 1928 1929
f 1929 1928 1930
f 1930 1928 1931
f 1930 1931 1932
f 1932 1931 1933
f 1933 1931 1934
f 1933 1934 1935
f 1935 1934 1936
f 1936 1934 1937
f 1936 1937 1938
f 1895 1881 1893
f 1893 1881 1882
f 1893 1882 1926
f 1926 1882 1887
f 1926 1887 1927
f 1927 1887 1886
f 1927 1886 1928
f 1928 1886 1885
f 1928 1885 1931
f 1931 1885 1884
f 1931 1884 1934
f 1934 1884 1883
f 1934 1883 1937
f 1937 1883 1842
f 1891 1894 1892
f 1898 1939 1940
f 1899 1897 1941
f 1904 1903 1942
f 1943 1944 1945
f 1463 1946 1461
f 1461 1946 1947
f 1948 1949 1946
f 1946 1949 1950
f 1946 1950 1947
f 1943 1951 1944
f 1944 1951 1952
f 1944 1952 1953
f 1953 1952 1954
f 1953 1954 1948
f 1948 1954 1955
f 1948 1955 1949
f 1956 1957 1945
f 1945 1957 1958
f 1945 1958 1943
f 1959 1960 1961
f 1961 1960 1956
f 1961 1956 1962
f 1962 1956 1945
f 1963 1964 1959
f 1959 1964 1965
f 1959 1965 1960
f 1966 1967 1968
f 1969 1967 1970
f 1970 1967 1966
f 1970 1966 1971
f 1971 1966 1972
f 1971 1972 1973
f 1973 1972 1942
f 1973 1942 1974
f 1902 1901 1975
f 1974 1942 1975
f 1975 1942 1903
f 1975 1903 1902
f 1976 1905 1904
f 1977 1896 1978
f 1978 1896 1880
f 1978 1880 1940
f 1940 1880 1879
f 1940 1879 1898
f 1979 1890 1977
f 1977 1890 1889
f 1977 1889 1896
f 1894 1980 1895
f 1895 1980 1981
f 1895 1981 1881
f 1881 1981 1467
f 1881 1467 1475
f 1963 1959 1982
f 1982 1959 1941
f 1982 1941 1983
f 1983 1941 1897
f 1983 1897 1976
f 1976 1897 1906
f 1976 1906 1905
f 1904 1942 1976
f 1976 1942 1972
f 1976 1972 1983
f 1983 1972 1966
f 1983 1966 1982
f 1982 1966 1968
f 1982 1968 1963
f 1465 1467 1984
f 1984 1467 1981
f 1984 1981 1985
f 1985 1981 1980
f 1985 1980 1986
f 1986 1980 1894
f 1986 1894 1979
f 1979 1894 1891
f 1979 1891 1890
f 1463 1465 1946
f 1946 1465 1984
f 1946 1984 1948
f 1948 1984 1985
f 1948 1985 1953
f 1953 1985 1986
f 1953 1986 1944
f 1944 1986 1979
f 1944 1979 1945
f 1945 1979 1977
f 1945 1977 1962
f 1962 1977 1978
f 1962 1978 1961
f 1961 1978 1940
f 1961 1940 1959
f 1959 1940 1939
f 1959 1939 1941
f 1941 1939 1898
f 1941 1898 1899
f 1987 1988 1989
f 1990 1991 1992
f 1993 1538 1537
f 1967 1969 1994
f 1995 1963 1994
f 1994 1963 1968
f 1994 1968 1967
f 1996 1951 1997
f 1997 1951 1943
f 1943 1958 1997
f 1997 1958 1957
f 1997 1957 1998
f 1998 1957 1956
f 1998 1956 1990
f 1990 1956 1960
f 1990 1960 1991
f 1991 1960 1965
f 1991 1965 1995
f 1995 1965 1964
f 1995 1964 1963
f 1996 1999 1951
f 1951 1999 2000
f 1951 2000 1952
f 1952 2000 2001
f 1952 2001 1954
f 1993 1537 2002
f 1954 2001 1955
f 1955 2001 2003
f 1955 2003 1949
f 1949 2003 2004
f 1949 2004 1950
f 1950 2004 2002
f 1950 2002 1947
f 1947 2002 1537
f 1947 1537 1461
f 1992 1991 2005
f 2005 1991 1995
f 2005 1995 2006
f 2006 1995 2007
f 2007 1995 1994
f 2007 1994 1989
f 1989 1994 1969
f 1989 1969 1987
f 1988 2008 2009
f 1988 2009 1989
f 1989 2009 2010
f 1989 2010 2007
f 2007 2010 2006
f 2006 2010 2011
f 2006 2011 2005
f 2012 2013 1992
f 1992 2013 2014
f 1992 2014 1990
f 1999 1996 2015
f 2015 1996 1997
f 2015 1997 2014
f 2014 1997 1998
f 2014 1998 1990
f 2016 2017 2018
f 1993 2002 2018
f 2018 2002 2004
f 2018 2004 2016
f 2016 2004 2003
f 2016 2003 2019
f 2019 2003 2001
f 2019 2001 2020
f 1541 1538 1993
f 1543 1542 1557
f 1557 1542 1541
f 1557 1541 1559
f 1993 2018 1541
f 1541 2018 2017
f 1541 2017 1559
f 1559 2017 2016
f 1559 2016 1560
f 1560 2016 2019
f 1560 2019 1561
f 1561 2019 2020
f 1561 2020 1562
f 1562 2020 2021
f 1562 2021 1563
f 1563 2021 2022
f 1563 2022 1564
f 1564 2022 2023
f 1564 2023 1565
f 1565 2023 1566
f 1566 2023 2024
f 1566 2024 1556
f 1556 2024 2025
f 1556 2025 1554
f 1554 2025 2026
f 1554 2026 1552
f 1552 2026 2027
f 1552 2027 1551
f 2028 2027 2029
f 2029 2027 2026
f 2029 2026 2030
f 2030 2026 2025
f 2030 2025 2012
f 2012 2025 2024
f 2012 2024 2013
f 2013 2024 2023
f 2013 2023 2014
f 2014 2023 2022
f 2014 2022 2015
f 2015 2022 2021
f 2015 2021 1999
f 1999 2021 2020
f 1999 2020 2000
f 2000 2020 2001
f 2008 2028 2009
f 2009 2028 2029
f 2009 2029 2010
f 2010 2029 2030
f 2010 2030 2011
f 2011 2030 2012
f 2011 2012 2005
f 2005 2012 1992
f 2031 1988 2032
f 1988 2031 2008
f 2008 2031 2033
f 2008 2033 2028
f 2028 2033 2034
f 2028 2034 2027
f 2027 2034 2035
f 2027 2035 1551
f 1551 2035 2036
f 1551 2036 1549
f 2032 2037 2031
f 2031 2037 2038
f 2031 2038 2033
f 2033 2038 2039
f 2033 2039 2034
f 2034 2039 2040
f 2034 2040 2035
f 2035 2040 2041
f 2035 2041 2036
f 2042 2037 2032
f 2037 2042 2038
f 2038 2042 2043
f 2038 2043 2039
f 2039 2043 2040
f 2040 2043 2044
f 2040 2044 2041
f 1548 1549 2036
f 2041 2044 2036
f 2036 2044 1546
f 2036 1546 1548
f 1544 1546 1578
f 1578 1546 2044
f 1578 2044 1580
f 1580 2044 2043
f 1580 2043 1581
f 1581 2043 1583
f 1583 2043 2042
f 1583 2042 1584
f 2032 2045 2042
f 2042 2045 2046
f 2042 2046 2047
f 1584 2042 1575
f 1575 2042 2047
f 1575 2047 1576
f 772 1599 666
f 666 1599 2048
f 2048 1599 2049
f 2049 1599 1601
f 2049 1601 2050
f 2050 1601 1603
f 2050 1603 2051
f 2051 1603 1605
f 2051 1605 2052
f 2052 1605 1606
f 2052 1606 2053
f 2053 1606 1608
f 2053 1608 2054
f 1608 1610 2054
f 2054 1610 1612
f 2054 1612 2055
f 2055 1612 1593
f 2055 1593 2056
f 2056 1593 1579
f 2056 1579 2057
f 2057 1579 1582
f 2057 1582 2058
f 2032 2059 2045
f 2045 2059 2060
f 2045 2060 2046
f 2046 2060 2061
f 2046 2061 2047
f 2047 2061 2062
f 2047 2062 1576
f 1576 2062 2058
f 1576 2058 1577
f 1577 2058 1582
f 685 684 2063
f 2050 2064 2065
f 2066 2055 2067
f 2067 2055 2056
f 2067 2056 2068
f 2068 2056 2057
f 2068 2057 2069
f 2069 2057 2058
f 2069 2058 2070
f 2070 2058 2062
f 2070 2062 2071
f 2071 2062 2061
f 2071 2061 2072
f 2072 2061 2060
f 2072 2060 2059
f 2053 2073 2052
f 2052 2073 2074
f 2052 2074 2051
f 2050 2065 2049
f 2049 2065 2075
f 2049 2075 2048
f 677 681 2076
f 2076 681 686
f 2076 686 685
f 1922 678 677
f 677 2076 1922
f 1922 2076 2077
f 1922 2077 1923
f 1923 2077 2078
f 1923 2078 1924
f 1924 2078 1925
f 1925 2078 2079
f 1925 2079 1873
f 1873 2079 2080
f 1873 2080 1874
f 1874 2080 2081
f 1874 2081 1920
f 1920 2081 2082
f 1920 2082 1921
f 2083 1914 2084
f 2084 1914 1913
f 2084 1913 2085
f 2085 1913 1918
f 2085 1918 2082
f 2082 1918 1919
f 2082 1919 1921
f 2086 1917 2083
f 2083 1917 1916
f 2083 1916 1914
f 1907 1909 2087
f 2087 1909 1910
f 2087 1910 2086
f 2086 1910 1912
f 2086 1912 1917
f 2050 2051 2064
f 2064 2051 2074
f 2064 2074 2088
f 2088 2074 2073
f 2088 2073 2089
f 2089 2073 2053
f 2089 2053 2066
f 2066 2053 2054
f 2066 2054 2055
f 2090 2091 2092
f 2090 2092 2093
f 2093 2092 2094
f 2093 2094 2095
f 2095 2094 2096
f 2095 2096 2097
f 2097 2096 2098
f 2097 2098 2099
f 2099 2098 2100
f 2099 2100 2101
f 2101 2100 2102
f 2101 2102 2103
f 2103 2102 2104
f 2103 2104 2105
f 2105 2104 2106
f 2105 2106 2107
f 2107 2106 2108
f 2107 2108 2109
f 2109 2108 2110
f 2109 2110 2111
f 2111 2110 2063
f 2111 2063 2112
f 2112 2063 684
f 2112 684 683
f 685 2063 2076
f 2076 2063 2110
f 2076 2110 2077
f 2077 2110 2108
f 2077 2108 2078
f 2078 2108 2106
f 2078 2106 2079
f 2079 2106 2104
f 2079 2104 2080
f 2080 2104 2102
f 2080 2102 2081
f 2081 2102 2100
f 2081 2100 2082
f 2082 2100 2098
f 2082 2098 2085
f 2085 2098 2096
f 2085 2096 2084
f 2084 2096 2094
f 2084 2094 2083
f 2083 2094 2092
f 2083 2092 2086
f 2086 2092 2091
f 2086 2091 2087
f 666 2048 682
f 682 2048 2075
f 682 2075 2113
f 2113 2075 2065
f 2113 2065 2114
f 2114 2065 2064
f 2114 2064 2115
f 2115 2064 2088
f 2115 2088 2116
f 2116 2088 2089
f 2116 2089 2117
f 2117 2089 2066
f 2117 2066 2118
f 2118 2066 2067
f 2118 2067 2119
f 2119 2067 2068
f 2119 2068 2120
f 2120 2068 2069
f 2120 2069 2121
f 2121 2069 2070
f 2121 2070 2122
f 2122 2070 2071
f 2122 2071 2123
f 2123 2071 2072
f 2123 2072 2124
f 2124 2072 2059
f 2124 2059 2125
f 1876 1907 2126
f 2126 1907 2087
f 2126 2087 2127
f 2127 2087 2091
f 2127 2091 2125
f 2125 2091 2090
f 2125 2090 2124
f 2124 2090 2093
f 2124 2093 2123
f 2123 2093 2095
f 2123 2095 2122
f 2122 2095 2097
f 2122 2097 2121
f 2121 2097 2099
f 2121 2099 2120
f 2120 2099 2101
f 2120 2101 2119
f 2119 2101 2103
f 2119 2103 2118
f 2118 2103 2105
f 2118 2105 2117
f 2117 2105 2107
f 2117 2107 2116
f 2116 2107 2109
f 2116 2109 2115
f 2115 2109 2111
f 2115 2111 2114
f 2114 2111 2112
f 2114 2112 2113
f 2113 2112 683
f 2113 683 682
f 2128 2129 1969
f 2059 2129 2130
f 2059 2130 2125
f 2125 2130 2131
f 2125 2131 2127
f 2127 2131 2132
f 2127 2132 2126
f 2126 2132 2133
f 2126 2133 1876
f 2134 1975 2135
f 2135 1975 1901
f 2135 1901 1900
f 1969 1970 2128
f 2128 1970 1971
f 2128 1971 2136
f 2136 1971 1973
f 2136 1973 2134
f 2134 1973 1974
f 2134 1974 1975
f 2129 2128 2130
f 2130 2128 2136
f 2130 2136 2131
f 2131 2136 2134
f 2131 2134 2132
f 2132 2134 2135
f 2132 2135 2133
f 2133 2135 1900
f 2133 1900 1876
f 2137 2138 2139
f 1771 1751 2139
f 2139 1751 1685
f 2139 1685 2137
f 2032 1988 2059
f 2059 1988 1987
f 2059 1987 2129
f 2129 1987 1969
f 2140 2138 2141
f 2141 2138 2137
f 2142 2137 1685
f 2140 2141 2143
f 2143 2141 2144
f 2143 2144 2145
f 2145 2144 2146
f 2145 2146 2147
f 2147 2146 2148
f 2148 2146 2149
f 2148 2149 2150
f 1688 1687 2151
f 2137 2142 2141
f 2141 2142 2152
f 2141 2152 2144
f 2144 2152 2153
f 2144 2153 2146
f 2146 2153 2154
f 2146 2154 2149
f 1685 1684 2142
f 2142 1684 1739
f 2142 1739 2152
f 2152 1739 1714
f 2152 1714 2153
f 2153 1714 1688
f 2153 1688 2154
f 2154 1688 2151
f 2154 2151 2149
f 2149 2151 2155
f 2149 2155 2150
f 2156 2157 2158
f 2158 2157 2159
f 2158 2159 2160
f 2156 2158 2161
f 2161 2158 2162
f 2161 2162 2163
f 2163 2162 2164
f 2163 2164 2165
f 2164 2166 2165
f 2165 2166 2167
f 2165 2167 2168
f 2169 2167 2170
f 2170 2167 2166
f 2170 2166 2171
f 2171 2166 2164
f 2160 2172 2158
f 2158 2172 2173
f 2158 2173 2162
f 2162 2173 2174
f 2162 2174 2164
f 2164 2174 2175
f 2164 2175 2171
f 2150 2155 2176
f 2177 2176 2178
f 2175 2174 2179
f 2173 2172 2180
f 2181 2182 2183
f 2183 2182 2138
f 2183 2138 2140
f 2184 2185 2186
f 2186 2185 2187
f 2186 2187 2188
f 2189 2190 2188
f 2188 2190 2191
f 2188 2191 2186
f 2188 2192 2189
f 2189 2192 2193
f 2189 2193 2194
f 2194 2193 2195
f 2194 2195 2196
f 2196 2195 2197
f 2197 2195 2198
f 2197 2198 2199
f 2199 2198 2200
f 2199 2200 2201
f 2201 2200 2202
f 2202 2200 2180
f 2202 2180 2203
f 2203 2180 2204
f 2204 2180 2172
f 2204 2172 2160
f 2169 2170 2205
f 2205 2170 2206
f 2207 2208 2209
f 2209 2208 2210
f 2209 2210 2211
f 2211 2210 2206
f 2211 2206 2212
f 2212 2206 2170
f 2212 2170 2171
f 2213 2214 2215
f 2215 2214 2216
f 2215 2216 2217
f 2217 2216 2218
f 2217 2218 2219
f 2219 2218 2220
f 2219 2220 2221
f 2176 2177 2222
f 2222 2177 2223
f 2222 2223 2224
f 2224 2223 2225
f 2224 2225 2213
f 2213 2225 2226
f 2213 2226 2214
f 2143 2145 2227
f 2227 2145 2147
f 2227 2147 2148
f 2220 2228 2221
f 2221 2228 2207
f 2221 2207 2229
f 2229 2207 2209
f 2229 2209 2230
f 2230 2209 2211
f 2230 2211 2179
f 2179 2211 2212
f 2179 2212 2175
f 2175 2212 2171
f 2184 2181 2185
f 2185 2181 2183
f 2185 2183 2227
f 2227 2183 2140
f 2227 2140 2143
f 2174 2173 2179
f 2179 2173 2180
f 2179 2180 2230
f 2230 2180 2200
f 2230 2200 2229
f 2229 2200 2198
f 2229 2198 2221
f 2221 2198 2195
f 2221 2195 2219
f 2219 2195 2193
f 2219 2193 2217
f 2217 2193 2192
f 2217 2192 2215
f 2215 2192 2188
f 2215 2188 2213
f 2213 2188 2187
f 2213 2187 2224
f 2224 2187 2185
f 2224 2185 2222
f 2222 2185 2227
f 2222 2227 2176
f 2176 2227 2148
f 2176 2148 2150
f 2231 2203 2204
f 2204 2160 2231
f 2231 2160 2232
f 2231 2232 2233
f 2231 2234 2203
f 2203 2234 2235
f 2203 2235 2202
f 2235 2236 2202
f 2202 2236 2237
f 2202 2237 2201
f 2201 2237 2238
f 2201 2238 2199
f 2199 2238 2197
f 2197 2238 2239
f 2197 2239 2196
f 2196 2239 2240
f 2196 2240 2241
f 2241 2242 2196
f 2196 2242 2243
f 2196 2243 2194
f 2243 2244 2194
f 2194 2244 2245
f 2194 2245 2189
f 2189 2245 2246
f 2189 2246 2190
f 2190 2246 2247
f 2190 2247 2191
f 2191 2247 2248
f 2191 2248 2186
f 2138 2182 2249
f 2249 2182 2181
f 2249 2181 2248
f 2248 2181 2184
f 2248 2184 2186
f 2138 2249 2139
f 2139 2249 2250
f 2139 2250 1771
f 2246 2251 2247
f 2247 2251 2252
f 2247 2252 2248
f 2248 2252 2253
f 2248 2253 2249
f 2249 2253 2254
f 2249 2254 2250
f 2242 2241 2255
f 2233 2256 2231
f 2231 2256 2234
f 2237 2257 2238
f 2238 2257 2258
f 2259 2240 2258
f 2258 2240 2239
f 2258 2239 2238
f 2242 2255 2243
f 2260 2246 2261
f 2261 2246 2245
f 2261 2245 2255
f 2255 2245 2244
f 2255 2244 2243
f 2262 2252 2260
f 2260 2252 2251
f 2260 2251 2246
f 1772 1771 2263
f 2263 1771 2250
f 2263 2250 2264
f 2264 2250 2254
f 2264 2254 2265
f 2265 2254 2253
f 1785 1765 1774
f 1774 2266 1785
f 1785 2266 2267
f 1785 2267 1786
f 1786 2267 1787
f 1787 2267 2268
f 1787 2268 1784
f 1784 2268 2269
f 1784 2269 1783
f 1783 2269 2270
f 1783 2270 1778
f 1778 2270 1779
f 1779 2270 2271
f 1779 2271 1780
f 1780 2271 2259
f 1780 2259 1781
f 1781 2259 2258
f 1781 2258 1782
f 1782 2258 2257
f 1782 2257 1775
f 1775 2257 2272
f 1775 2272 1776
f 1776 2272 2273
f 1776 2273 1777
f 2237 2236 2257
f 2257 2236 2235
f 2257 2235 2272
f 2272 2235 2234
f 2272 2234 2273
f 2273 2234 2256
f 1774 1773 2266
f 2266 1773 2274
f 2266 2274 2267
f 2267 2274 2275
f 2267 2275 2268
f 2268 2275 2262
f 2268 2262 2269
f 2269 2262 2260
f 2269 2260 2270
f 2270 2260 2261
f 2270 2261 2271
f 2271 2261 2255
f 2271 2255 2259
f 2259 2255 2241
f 2259 2241 2240
f 1773 1772 2274
f 2274 1772 2263
f 2274 2263 2275
f 2275 2263 2264
f 2275 2264 2262
f 2262 2264 2265
f 2262 2265 2252
f 2252 2265 2253
f 2273 2276 1777
f 2277 2233 2278
f 2276 2273 2277
f 2277 2273 2256
f 2277 2256 2233
f 2278 2279 2277
f 2277 2279 2280
f 2277 2280 2276
f 2276 2280 1788
f 2276 1788 1777
f 2281 2279 2282
f 2282 2279 2278
f 2281 2283 2279
f 2279 2283 2284
f 2279 2284 2280
f 2280 2284 1792
f 2280 1792 1788
f 1801 2285 1800
f 1800 2285 2286
f 2287 2288 2289
f 2289 2288 2290
f 2289 2290 2285
f 2285 2290 2291
f 2285 2291 2286
f 2287 2292 2293
f 2293 2292 2294
f 2293 2294 2295
f 2295 2294 2296
f 2295 2296 2297
f 2297 2296 2298
f 2297 2298 2299
f 2299 2298 2300
f 2299 2300 2301
f 1793 1792 2284
f 2282 2301 2281
f 2281 2301 2300
f 2281 2300 2283
f 2283 2300 2284
f 2284 2300 1793
f 1793 2300 2298
f 1793 2298 1789
f 1789 2298 2296
f 1789 2296 1790
f 1790 2296 2294
f 1790 2294 1794
f 1794 2294 2292
f 1794 2292 1795
f 2287 2289 2292
f 2292 2289 1796
f 2292 1796 1795
f 1801 1799 2285
f 2285 1799 1798
f 2285 1798 2289
f 2289 1798 1797
f 2289 1797 1796
f 2301 2282 560
f 560 562 2301
f 2301 562 564
f 2301 564 2299
f 2299 564 565
f 2299 565 2297
f 2297 565 567
f 2297 567 2295
f 2295 567 569
f 2295 569 2293
f 2293 569 570
f 2293 570 2287
f 2287 570 572
f 2287 572 2288
f 2288 572 577
f 2288 577 2290
f 2290 577 579
f 2290 579 2291
f 2291 579 581
f 2291 581 2286
f 2286 581 582
f 2286 582 1800
f 1800 582 583
f 1800 583 1802
f 2232 2160 2159
f 560 2282 2159
f 2159 2282 2278
f 2159 2278 2232
f 2232 2278 2233
f 603 2165 2168
f 561 560 2159
f 2159 2157 561
f 561 2157 2156
f 561 2156 621
f 603 602 2165
f 2165 602 612
f 2165 612 2163
f 2163 612 621
f 2163 621 2161
f 2161 621 2156
f 1812 1813 2302
f 1814 1815 2303
f 1819 585 2304
f 603 2168 2305
f 2306 1842 1841
f 2307 2308 2309
f 2309 2308 2306
f 2310 2311 2312
f 2312 2311 2313
f 603 2305 601
f 601 2305 2314
f 601 2314 599
f 599 2314 2315
f 599 2315 597
f 597 2315 2316
f 597 2316 595
f 595 2316 2317
f 595 2317 593
f 2304 590 2317
f 2317 590 592
f 2317 592 593
f 585 584 2304
f 2304 584 589
f 2304 589 590
f 1816 1817 2318
f 2318 1817 1818
f 1815 1816 2303
f 2303 1816 2318
f 2303 2318 2319
f 2319 2318 2320
f 2319 2320 2321
f 2321 2320 2322
f 2315 2322 2316
f 2316 2322 2320
f 2316 2320 2317
f 2317 2320 2318
f 2317 2318 2304
f 2304 2318 1818
f 2304 1818 1819
f 2323 2310 2324
f 2324 2310 2312
f 2324 2312 2325
f 2325 2312 2326
f 2325 2326 2327
f 2327 2326 2328
f 2329 2323 2330
f 2330 2323 2324
f 2330 2324 2331
f 2331 2324 2325
f 2331 2325 2332
f 2332 2325 2327
f 2168 2329 2305
f 2305 2329 2330
f 2305 2330 2314
f 2314 2330 2331
f 2314 2331 2315
f 2315 2331 2332
f 2315 2332 2322
f 2322 2332 2327
f 2322 2327 2321
f 2321 2327 2328
f 2306 1841 2309
f 2309 1841 1870
f 2309 1870 2333
f 2333 1870 1869
f 2333 1869 2334
f 1811 1812 1832
f 1832 1812 2302
f 1832 2302 1829
f 1829 2302 2335
f 1829 2335 1864
f 1864 2335 2336
f 1864 2336 1865
f 1865 2336 2334
f 1865 2334 1867
f 1867 2334 1869
f 2313 2307 2312
f 2312 2307 2309
f 2312 2309 2326
f 2326 2309 2333
f 2326 2333 2328
f 2328 2333 2334
f 2328 2334 2321
f 2321 2334 2336
f 2321 2336 2319
f 2319 2336 2335
f 2319 2335 2303
f 2303 2335 2302
f 2303 2302 1814
f 1814 2302 1813
f 1687 2337 2151
f 2338 2339 2340
f 2329 2168 2167
f 2341 2323 2342
f 2342 2323 2329
f 2342 2329 2343
f 2344 2313 2345
f 2345 2313 2311
f 2345 2311 2341
f 2341 2311 2310
f 2341 2310 2323
f 1842 2306 2346
f 2346 2306 2308
f 2346 2308 2344
f 2344 2308 2307
f 2344 2307 2313
f 1938 1937 2347
f 2347 1937 2348
f 2347 2348 2349
f 2349 2348 2350
f 2350 2348 2351
f 2350 2351 2352
f 2352 2351 2353
f 2353 2351 2354
f 2353 2354 2355
f 2355 2354 2356
f 2355 2356 224
f 224 2356 2357
f 224 2357 258
f 258 2357 2358
f 258 2358 256
f 256 2358 2359
f 256 2359 254
f 2220 245 2359
f 2359 245 242
f 2359 242 254
f 2220 2218 245
f 245 2218 2216
f 245 2216 246
f 246 2216 248
f 2216 2214 248
f 248 2214 2226
f 248 2226 249
f 249 2226 2225
f 249 2225 251
f 2225 2223 251
f 251 2223 2177
f 251 2177 252
f 252 2177 2178
f 252 2178 253
f 2360 2361 2362
f 2361 2360 2363
f 2363 2360 2364
f 2363 2364 2365
f 2340 2339 2364
f 2364 2339 2366
f 2364 2366 2365
f 2367 2368 2369
f 2369 2368 2338
f 2370 2371 2372
f 2372 2371 2373
f 2372 2373 2374
f 2374 2373 2375
f 2370 2376 2371
f 2371 2376 2377
f 2371 2377 2378
f 2378 2377 2379
f 2378 2379 2380
f 1707 1705 2371
f 2371 1705 1655
f 2371 1655 1711
f 1618 2373 1644
f 1644 2373 2371
f 1644 2371 1713
f 1713 2371 1711
f 1703 1702 2378
f 2378 1702 1710
f 2378 1710 2371
f 2371 1710 1709
f 2371 1709 1707
f 1699 1703 2369
f 2369 1703 2378
f 2369 2378 2367
f 2367 2378 2380
f 2338 2340 2369
f 2369 2340 1700
f 2369 1700 1699
f 1697 1696 2364
f 2364 1696 1694
f 2364 1694 2340
f 2340 1694 1692
f 2340 1692 1700
f 253 2178 2381
f 2381 2178 2176
f 2381 2176 2382
f 2382 2176 2155
f 2382 2155 2383
f 2383 2155 2151
f 2383 2151 2362
f 2362 2151 2337
f 2362 2337 2360
f 2360 2337 1687
f 2360 1687 2364
f 2364 1687 1689
f 2364 1689 1697
f 2208 2207 2359
f 2359 2207 2228
f 2359 2228 2220
f 2329 2167 2343
f 2343 2167 2169
f 2343 2169 2205
f 2208 2359 2210
f 2210 2359 2358
f 2210 2358 2206
f 2205 2206 2343
f 2343 2206 2358
f 2343 2358 2342
f 2342 2358 2357
f 2342 2357 2341
f 2341 2357 2356
f 2341 2356 2345
f 2345 2356 2354
f 2345 2354 2344
f 2344 2354 2351
f 2344 2351 2346
f 2346 2351 2348
f 2346 2348 1842
f 1842 2348 1937
f 2384 2385 2386
f 2387 2388 2389
f 2389 2388 2390
f 2389 2390 2391
f 2391 2390 2392
f 2391 2392 2393
f 2393 2392 2394
f 2393 2394 2386
f 2386 2394 2395
f 2386 2395 2384
f 2385 2396 2386
f 2386 2396 2397
f 2386 2397 2393
f 2393 2397 2398
f 2393 2398 2391
f 2391 2398 2399
f 2391 2399 2389
f 2389 2399 2375
f 2389 2375 2387
f 2387 2375 2400
f 2401 2402 2403
f 2396 2385 2402
f 2402 2401 2396
f 2396 2401 2404
f 2396 2404 2397
f 2397 2404 2405
f 2397 2405 2398
f 2398 2405 2406
f 2398 2406 2399
f 2407 2374 2375
f 2403 2408 2401
f 2401 2408 2409
f 2401 2409 2404
f 2404 2409 2410
f 2404 2410 2405
f 2405 2410 2407
f 2405 2407 2406
f 2406 2407 2375
f 2406 2375 2399
f 2411 2412 2413
f 2414 2415 2416
f 284 283 2417
f 2415 2414 2363
f 2418 2419 2408
f 2408 2419 2409
f 2409 2419 2410
f 2410 2419 2420
f 2410 2420 2407
f 2421 2367 2422
f 2422 2367 2380
f 2422 2380 2423
f 2423 2380 2379
f 2423 2379 2424
f 2424 2379 2377
f 2424 2377 2376
f 2365 2366 2425
f 2425 2366 2339
f 2425 2339 2426
f 2426 2339 2338
f 2426 2338 2427
f 2427 2338 2368
f 2381 2382 2428
f 2428 2382 2383
f 2428 2383 2362
f 239 253 2381
f 2381 2428 239
f 239 2428 2429
f 239 2429 240
f 2430 2431 2432
f 2432 2431 2433
f 2434 2421 2435
f 2435 2421 2422
f 2435 2422 2436
f 2436 2422 2423
f 2436 2423 2433
f 2433 2423 2424
f 2433 2424 2432
f 2432 2424 2376
f 2432 2376 2430
f 2430 2376 2370
f 2437 2425 2438
f 2438 2425 2426
f 2438 2426 2434
f 2434 2426 2427
f 2434 2427 2421
f 2421 2427 2368
f 2421 2368 2367
f 283 240 2417
f 2417 240 2429
f 2417 2429 2439
f 2439 2429 2428
f 2439 2428 2440
f 2440 2428 2362
f 2440 2362 2361
f 2441 2442 2443
f 2443 2444 2441
f 2441 2444 2445
f 2441 2445 2411
f 142 263 2446
f 2446 263 2447
f 2446 2447 2412
f 263 284 2447
f 2447 284 2417
f 2447 2417 2448
f 2448 2417 2439
f 2448 2439 2416
f 2416 2439 2440
f 2416 2440 2414
f 2414 2440 2361
f 2414 2361 2363
f 2412 2447 2413
f 2413 2447 2448
f 2413 2448 2449
f 2449 2448 2416
f 2449 2416 2437
f 2437 2416 2415
f 2437 2415 2425
f 2425 2415 2363
f 2425 2363 2365
f 2408 2403 2418
f 2418 2403 2450
f 2418 2450 2451
f 2374 2407 2372
f 2372 2407 2420
f 2372 2420 2452
f 2452 2420 2419
f 2452 2419 2453
f 2453 2419 2418
f 2453 2418 2454
f 2454 2418 2451
f 2454 2451 2455
f 2455 2456 2454
f 2454 2456 2457
f 2454 2457 2458
f 2458 2457 2459
f 2458 2459 2460
f 2460 2459 2461
f 2460 2461 2462
f 2462 2461 2463
f 2462 2463 2464
f 2464 2463 2465
f 2464 2465 2466
f 2466 2465 2467
f 2466 2467 2442
f 2442 2467 2468
f 2442 2468 2443
f 2411 2413 2441
f 2441 2413 2449
f 2441 2449 2442
f 2442 2449 2437
f 2442 2437 2466
f 2466 2437 2438
f 2466 2438 2464
f 2464 2438 2434
f 2464 2434 2462
f 2462 2434 2435
f 2462 2435 2460
f 2460 2435 2436
f 2460 2436 2458
f 2458 2436 2433
f 2458 2433 2454
f 2454 2433 2431
f 2454 2431 2453
f 2453 2431 2430
f 2453 2430 2452
f 2452 2430 2370
f 2452 2370 2372
f 2469 104 105
f 107 2470 105
f 2456 2455 2471
f 2451 2450 2472
f 2385 2384 2472
f 2450 2403 2472
f 2472 2403 2402
f 2472 2402 2385
f 2456 2473 2457
f 2457 2473 2459
f 2474 2463 2461
f 2475 2476 2467
f 2467 2476 2468
f 2411 2445 2476
f 2445 2444 2476
f 2476 2444 2443
f 2476 2443 2468
f 109 142 2446
f 2477 2478 2479
f 102 2477 100
f 100 2477 2479
f 100 2479 98
f 98 2479 96
f 173 174 2479
f 96 2479 93
f 93 2479 174
f 93 174 94
f 2456 2471 2473
f 2473 2471 171
f 2473 171 2480
f 168 169 2471
f 2471 169 170
f 2471 170 171
f 2455 2451 2471
f 2471 2451 2472
f 2471 2472 168
f 168 2472 2384
f 168 2384 166
f 2481 2482 2483
f 2483 2482 2474
f 2483 2474 2484
f 2484 2474 2461
f 107 109 2470
f 2470 109 2485
f 2470 2485 2486
f 2486 2485 2487
f 2486 2487 2488
f 2488 2487 2489
f 2488 2489 2490
f 105 2470 2469
f 2469 2470 2486
f 2469 2486 2491
f 2491 2486 2488
f 2491 2488 2492
f 2492 2488 2490
f 2492 2490 2493
f 109 2446 2485
f 2485 2446 2412
f 2485 2412 2487
f 2487 2412 2411
f 2487 2411 2489
f 2489 2411 2476
f 2489 2476 2490
f 2490 2476 2475
f 2490 2475 2493
f 2461 2459 2484
f 2484 2459 2473
f 2484 2473 2483
f 2483 2473 2480
f 2483 2480 2481
f 2481 2480 2494
f 2478 2495 2479
f 2479 2495 2494
f 2479 2494 173
f 173 2494 2480
f 173 2480 172
f 172 2480 171
f 102 104 2477
f 2477 104 2469
f 2477 2469 2478
f 2478 2469 2491
f 2478 2491 2495
f 2495 2491 2492
f 2495 2492 2494
f 2494 2492 2493
f 2494 2493 2481
f 2481 2493 2475
f 2481 2475 2482
f 2482 2475 2467
f 2482 2467 2474
f 2474 2467 2465
f 2474 2465 2463
f 2496 2497 2498
f 2496 2498 2499
f 166 2384 2500
f 2500 2384 2499
f 2500 2499 2501
f 2501 2499 2498
f 2502 2503 2384
f 2384 2503 2499
f 2504 2497 2503
f 2503 2497 2496
f 2503 2496 2499
f 2505 2506 2507
f 2387 2508 2388
f 2388 2508 2509
f 2388 2509 2390
f 2390 2509 2392
f 2384 2395 2502
f 2502 2395 2394
f 2502 2394 2392
f 2510 2509 2505
f 2505 2509 2508
f 2505 2508 2506
f 2506 2508 2387
f 2506 2387 2400
f 2507 2511 2505
f 2505 2511 2512
f 2505 2512 2510
f 2510 2512 2513
f 2510 2513 2514
f 2392 2509 2502
f 2502 2509 2510
f 2502 2510 2503
f 2503 2510 2514
f 2503 2514 2504
f 2515 3 2
f 2516 2517 2518
f 2519 2520 2521
f 4 2522 5
f 5 2522 2523
f 2523 2522 2524
f 2524 2522 2525
f 2524 2525 2526
f 2525 2527 2526
f 2526 2527 2528
f 2526 2528 2529
f 2520 2519 2528
f 2528 2519 2530
f 2528 2530 2529
f 2531 2532 2521
f 2521 2532 2533
f 2521 2533 2519
f 2521 2534 2531
f 2531 2534 2535
f 2531 2535 2536
f 2537 2538 2539
f 2539 2538 2540
f 2539 2540 2535
f 2535 2540 2541
f 2535 2541 2536
f 2542 2543 2537
f 2537 2543 2544
f 2537 2544 2538
f 2545 2546 2547
f 2547 2546 2548
f 2547 2548 2542
f 2542 2548 2549
f 2542 2549 2543
f 2545 2547 2550
f 2550 2547 2551
f 2550 2551 2552
f 2553 2554 2555
f 2507 2553 2511
f 2511 2553 2555
f 2511 2555 2512
f 2514 2513 2556
f 2556 2513 2512
f 2497 2504 2557
f 2557 2504 2558
f 2557 2558 2559
f 2559 2558 2560
f 2558 2561 2560
f 2560 2561 2562
f 2560 2562 2563
f 2562 2564 2563
f 2563 2564 2565
f 2563 2565 2566
f 2566 2565 2567
f 2566 2567 2568
f 2568 2567 2569
f 2568 2569 2570
f 2570 2569 2571
f 2571 2569 2572
f 2571 2572 2573
f 2573 2572 2517
f 2517 2572 2574
f 2517 2574 2518
f 2516 2518 2575
f 2575 2518 2576
f 2575 2576 2577
f 2515 2 2577
f 2577 2 2578
f 2577 2578 2575
f 2512 2555 2556
f 2556 2555 2579
f 2556 2579 2580
f 2554 2581 2555
f 2555 2581 2552
f 2555 2552 2579
f 2579 2552 2551
f 2579 2551 2580
f 2580 2551 2547
f 2580 2547 2582
f 2582 2547 2542
f 2582 2542 2583
f 2583 2542 2537
f 2583 2537 2584
f 2584 2537 2539
f 2584 2539 2585
f 2585 2539 2535
f 2585 2535 2586
f 2586 2535 2534
f 2586 2534 2587
f 2587 2534 2521
f 2587 2521 2588
f 2588 2521 2520
f 2588 2520 2589
f 2589 2520 2528
f 2589 2528 2590
f 2590 2528 2527
f 2590 2527 2591
f 2591 2527 2525
f 2591 2525 2592
f 2592 2525 2522
f 2592 2522 59
f 59 2522 4
f 2504 2514 2558
f 2558 2514 2556
f 2558 2556 2561
f 2561 2556 2580
f 2561 2580 2562
f 2562 2580 2582
f 2562 2582 2564
f 2564 2582 2583
f 2564 2583 2565
f 2565 2583 2584
f 2565 2584 2567
f 2567 2584 2585
f 2567 2585 2569
f 2569 2585 2586
f 2569 2586 2572
f 2572 2586 2587
f 2572 2587 2574
f 2574 2587 2588
f 2574 2588 2518
f 2518 2588 2589
f 2518 2589 2576
f 2576 2589 2590
f 2576 2590 2577
f 2577 2590 2591
f 2577 2591 2515
f 2515 2591 2592
f 2515 2592 3
f 3 2592 59
f 23 25 2593
f 2594 18 20
f 2594 20 2593
f 2593 20 21
f 2593 21 23
f 726 16 724
f 724 16 18
f 724 18 722
f 728 13 726
f 726 13 14
f 726 14 16
f 2498 732 734
f 2595 2596 748
f 748 2596 734
f 734 2596 2597
f 734 2597 2498
f 732 1 730
f 730 1 8
f 730 8 728
f 728 8 11
f 728 11 13
f 2598 153 151
f 722 18 758
f 758 18 2594
f 758 2594 756
f 2598 151 2599
f 2598 2593 69
f 155 153 201
f 201 153 2598
f 201 2598 68
f 68 2598 69
f 2497 2557 2498
f 2498 2557 2559
f 2498 2559 2560
f 2571 2498 2570
f 2570 2498 2568
f 2516 2575 2498
f 2498 2575 2578
f 2498 2578 732
f 732 2578 2
f 732 2 1
f 748 750 2595
f 2595 750 752
f 2595 752 2594
f 2594 752 754
f 2594 754 756
f 167 2600 165
f 165 2600 2601
f 25 86 2593
f 2593 86 75
f 2593 75 69
f 2571 2573 2498
f 2498 2573 2517
f 2498 2517 2516
f 151 157 2599
f 2599 157 160
f 2599 160 2602
f 2602 160 161
f 2602 161 2601
f 2601 161 163
f 2601 163 165
f 2560 2563 2498
f 2498 2563 2566
f 2498 2566 2568
f 2597 2603 2498
f 2498 2603 2604
f 2498 2604 2501
f 2501 2604 2605
f 2501 2605 2500
f 2500 2605 2600
f 2500 2600 166
f 166 2600 167
f 784 2606 776
f 776 2606 2607
f 776 2607 777
f 777 2607 2608
f 777 2608 778
f 778 2608 2609
f 778 2609 779
f 779 2609 2610
f 779 2610 780
f 780 2610 2611
f 780 2611 781
f 781 2611 2612
f 781 2612 792
f 792 2612 2613
f 2598 2614 2593
f 2593 2614 2615
f 2593 2615 2594
f 2594 2615 2616
f 2594 2616 2595
f 2595 2616 2617
f 2595 2617 2596
f 2596 2617 2618
f 2596 2618 2597
f 2597 2618 2619
f 2597 2619 2603
f 2603 2619 2620
f 792 2613 793
f 793 2613 2621
f 793 2621 802
f 802 2621 2622
f 802 2622 803
f 803 2622 2623
f 803 2623 804
f 804 2623 2624
f 804 2624 770
f 770 2624 2625
f 770 2625 785
f 785 2625 2626
f 785 2626 784
f 784 2626 2606
f 2603 2620 2604
f 2604 2620 2627
f 2604 2627 2605
f 2605 2627 2628
f 2605 2628 2600
f 2600 2628 2629
f 2600 2629 2601
f 2601 2629 2630
f 2601 2630 2602
f 2602 2630 2631
f 2602 2631 2599
f 2599 2631 2632
f 2599 2632 2598
f 2598 2632 2614
f 2619 2618 749
f 2633 2634 923
f 923 2634 2635
f 923 2635 2636
f 755 753 2617
f 925 923 727
f 928 929 2615
f 2615 929 2616
f 923 633 631
f 2637 2638 2620
f 923 625 623
f 2617 753 2618
f 2618 753 751
f 2618 751 749
f 727 725 925
f 925 725 723
f 925 723 759
f 1643 1642 930
f 631 629 923
f 923 629 627
f 923 627 625
f 929 925 2616
f 2616 925 759
f 2616 759 2617
f 2617 759 757
f 2617 757 755
f 928 2615 927
f 927 2615 2614
f 927 2614 926
f 1643 930 1629
f 623 2639 923
f 923 2639 2640
f 923 2640 2633
f 2614 2632 926
f 926 2632 2631
f 926 2631 930
f 2628 1629 2629
f 2629 1629 930
f 2629 930 2630
f 2630 930 2631
f 2638 2641 2620
f 2620 2641 2642
f 2620 2642 2627
f 2627 2642 1617
f 2627 1617 2628
f 2628 1617 1616
f 2628 1616 1629
f 749 2643 2644
f 2645 735 2646
f 2646 735 733
f 2646 733 2636
f 2636 733 731
f 2636 731 923
f 923 731 729
f 923 729 727
f 2645 2647 735
f 735 2647 2648
f 735 2648 749
f 749 2648 2649
f 749 2649 2643
f 2620 2619 2637
f 2637 2619 749
f 2637 749 2650
f 2650 749 2644
f 1637 2651 1639
f 2652 2634 2653
f 2653 2634 2633
f 2653 2633 2654
f 2654 2633 2640
f 2654 2640 2655
f 2655 2640 2639
f 2655 2639 2656
f 2656 2639 623
f 2656 623 622
f 2657 2648 2658
f 2658 2648 2647
f 2658 2647 2659
f 2659 2647 2645
f 2659 2645 2660
f 2660 2645 2646
f 2660 2646 2661
f 2661 2646 2636
f 2661 2636 2652
f 2652 2636 2635
f 2652 2635 2634
f 2644 2643 2657
f 2657 2643 2649
f 2657 2649 2648
f 1630 1617 2662
f 2662 1617 2642
f 2662 2642 2663
f 2663 2642 2641
f 2663 2641 2664
f 2664 2641 2638
f 2664 2638 2665
f 2665 2638 2637
f 2665 2637 2666
f 2666 2637 2650
f 2666 2650 2667
f 2667 2650 2644
f 2667 2644 2668
f 2668 2644 2657
f 1639 2651 2669
f 2669 2651 2670
f 2669 2670 2671
f 2670 2672 2671
f 2671 2672 2673
f 2671 2673 2674
f 2674 2673 2675
f 2674 2675 2676
f 2676 2675 2677
f 2676 2677 2678
f 2678 2677 2679
f 2678 2679 2680
f 2680 2679 2681
f 2680 2681 2682
f 2682 2681 2683
f 2682 2683 2684
f 2683 2685 2684
f 2684 2685 2686
f 2684 2686 2687
f 2687 2686 2688
f 2687 2688 2689
f 2689 2688 2690
f 2689 2690 2691
f 2692 637 2693
f 2692 2693 2694
f 2694 2693 2695
f 2694 2695 2696
f 2696 2695 2691
f 2696 2691 2697
f 2697 2691 2690
f 635 637 2698
f 2698 637 2692
f 2698 2692 2699
f 2699 2692 2694
f 2699 2694 2700
f 2700 2694 2696
f 2700 2696 2701
f 2701 2696 2697
f 2701 2697 2702
f 2702 2697 2690
f 2702 2690 2703
f 2703 2690 2688
f 2703 2688 2704
f 2704 2688 2686
f 2704 2686 2705
f 2705 2686 2685
f 2705 2685 2706
f 2706 2685 2683
f 2706 2683 2707
f 2707 2683 2681
f 2707 2681 2708
f 2708 2681 2679
f 2708 2679 2709
f 2709 2679 2677
f 2709 2677 2710
f 2710 2677 2675
f 2710 2675 2711
f 2711 2675 2673
f 2711 2673 2712
f 2712 2673 2672
f 2712 2672 2713
f 2713 2672 2670
f 2713 2670 2714
f 2714 2670 2651
f 2714 2651 1635
f 1635 2651 1637
f 650 635 2715
f 2715 635 2698
f 2715 2698 2716
f 2716 2698 2699
f 2716 2699 2717
f 2717 2699 2700
f 2717 2700 2718
f 2718 2700 2701
f 2718 2701 2719
f 2719 2701 2702
f 2719 2702 2720
f 2720 2702 2703
f 2720 2703 2721
f 2721 2703 2704
f 2721 2704 2722
f 2722 2704 2705
f 2722 2705 2723
f 2723 2705 2706
f 2723 2706 2724
f 2724 2706 2707
f 2724 2707 2725
f 2725 2707 2708
f 2725 2708 2726
f 2726 2708 2709
f 2726 2709 2727
f 2727 2709 2710
f 2727 2710 2728
f 2728 2710 2711
f 2728 2711 2729
f 2729 2711 2712
f 2729 2712 2730
f 2730 2712 2713
f 2730 2713 2731
f 2731 2713 2714
f 2731 2714 1633
f 1633 2714 1635
f 657 650 2732
f 2732 650 2715
f 2732 2715 2733
f 2733 2715 2716
f 2733 2716 2734
f 2734 2716 2717
f 2734 2717 2735
f 2735 2717 2718
f 2735 2718 2736
f 2736 2718 2719
f 2736 2719 2737
f 2737 2719 2720
f 2737 2720 2738
f 2738 2720 2721
f 2738 2721 2739
f 2739 2721 2722
f 2739 2722 2740
f 2740 2722 2723
f 2740 2723 2741
f 2741 2723 2724
f 2741 2724 2742
f 2742 2724 2725
f 2742 2725 2743
f 2743 2725 2726
f 2743 2726 2744
f 2744 2726 2727
f 2744 2727 2745
f 2745 2727 2728
f 2745 2728 2746
f 2746 2728 2729
f 2746 2729 2747
f 2747 2729 2730
f 2747 2730 2748
f 2748 2730 2731
f 2748 2731 1631
f 1631 2731 1633
f 622 657 2656
f 2656 657 2732
f 2656 2732 2655
f 2655 2732 2733
f 2655 2733 2654
f 2654 2733 2734
f 2654 2734 2653
f 2653 2734 2735
f 2653 2735 2652
f 2652 2735 2736
f 2652 2736 2661
f 2661 2736 2737
f 2661 2737 2660
f 2660 2737 2738
f 2660 2738 2659
f 2659 2738 2739
f 2659 2739 2658
f 2658 2739 2740
f 2658 2740 2657
f 2657 2740 2741
f 2657 2741 2668
f 2668 2741 2742
f 2668 2742 2667
f 2667 2742 2743
f 2667 2743 2666
f 2666 2743 2744
f 2666 2744 2665
f 2665 2744 2745
f 2665 2745 2664
f 2664 2745 2746
f 2664 2746 2663
f 2663 2746 2747
f 2663 2747 2662
f 2662 2747 2748
f 2662 2748 1630
f 1630 2748 1631
f 637 2749 2750
f 637 2750 2693
f 2693 2750 2751
f 2693 2751 2695
f 2752 2753 2691
f 2691 2753 2689
f 2754 2674 2676
f 2674 2755 2671
f 2671 2755 2756
f 2671 2756 2669
f 2757 1639 2669
f 2756 2554 2553
f 2669 2756 2757
f 2757 2756 2553
f 2757 2553 2507
f 2674 2754 2755
f 2755 2754 2552
f 2755 2552 2756
f 2756 2552 2581
f 2756 2581 2554
f 2758 2545 2550
f 2759 2548 2758
f 2758 2548 2546
f 2758 2546 2545
f 2760 2761 2538
f 2538 2544 2760
f 2760 2544 2543
f 2760 2543 2759
f 2759 2543 2549
f 2759 2549 2548
f 2531 2536 2762
f 2762 2536 2541
f 2762 2541 2761
f 2761 2541 2540
f 2761 2540 2538
f 2762 2763 2531
f 2531 2763 2764
f 2531 2764 2532
f 2765 2519 2764
f 2764 2519 2533
f 2764 2533 2532
f 2530 2519 2753
f 2753 2519 2765
f 2753 2765 2689
f 2689 2765 2764
f 2689 2764 2687
f 2687 2764 2763
f 2687 2763 2684
f 2684 2763 2762
f 2684 2762 2682
f 2682 2762 2761
f 2682 2761 2680
f 2680 2761 2760
f 2680 2760 2678
f 2678 2760 2759
f 2678 2759 2676
f 2676 2759 2758
f 2676 2758 2754
f 2754 2758 2550
f 2754 2550 2552
f 2752 2526 2753
f 2753 2526 2529
f 2753 2529 2530
f 2691 2695 2752
f 2752 2695 2751
f 2752 2751 2526
f 2526 2751 2750
f 2526 2750 2524
f 2749 5 2750
f 2750 5 2523
f 2750 2523 2524
f 649 924 2766
f 921 920 2767
f 5 2749 2768
f 52 51 2768
f 2768 51 7
f 2768 7 5
f 2768 2769 52
f 52 2769 2770
f 52 2770 54
f 54 2770 55
f 2770 2771 55
f 55 2771 2772
f 55 2772 47
f 2773 38 2774
f 2774 38 58
f 2774 58 2775
f 2775 58 57
f 2775 57 2776
f 2776 57 56
f 2776 56 48
f 45 46 2773
f 2773 46 40
f 2773 40 38
f 2777 43 2778
f 2778 43 44
f 2778 44 2779
f 2779 44 45
f 2779 45 2780
f 2780 45 2773
f 66 81 2777
f 2777 81 76
f 2777 76 43
f 2777 2781 66
f 66 2781 2782
f 66 2782 62
f 62 2782 2783
f 62 2783 63
f 48 47 2776
f 2776 47 2772
f 2776 2772 647
f 647 2772 2771
f 647 2771 645
f 645 2771 2770
f 645 2770 643
f 643 2770 2769
f 643 2769 641
f 641 2769 640
f 640 2769 2768
f 640 2768 638
f 638 2768 2749
f 638 2749 637
f 2784 2785 2786
f 647 649 2776
f 2776 649 2766
f 2776 2766 2775
f 2775 2766 2787
f 2775 2787 2774
f 2774 2787 2788
f 2774 2788 2773
f 2773 2788 2789
f 2773 2789 2780
f 2780 2789 2790
f 2780 2790 2779
f 2779 2790 2791
f 2779 2791 2778
f 2778 2791 2792
f 2778 2792 2777
f 2777 2792 2793
f 2777 2793 2781
f 2781 2793 2794
f 2781 2794 2782
f 2795 2785 2796
f 2796 2785 2784
f 2796 2784 2797
f 924 921 2766
f 2766 921 2767
f 2766 2767 2787
f 2787 2767 2798
f 2787 2798 2788
f 2788 2798 2799
f 2788 2799 2789
f 2789 2799 2800
f 2789 2800 2790
f 2790 2800 2801
f 2790 2801 2791
f 2791 2801 2802
f 2791 2802 2792
f 2792 2802 2803
f 2792 2803 2793
f 2793 2803 2797
f 2793 2797 2794
f 2794 2797 2784
f 2794 2784 2782
f 2782 2784 2786
f 2782 2786 2783
f 2373 1618 1640
f 2757 2507 2804
f 2804 2507 2506
f 2804 2506 2400
f 1639 2757 1640
f 1640 2757 2804
f 1640 2804 2373
f 2373 2804 2400
f 2373 2400 2375
f 2805 2806 2795
f 2795 2806 2785
f 2786 2807 2783
f 2783 2807 2808
f 63 2783 204
f 204 2783 2808
f 204 2808 211
f 211 2808 210
f 210 2808 208
f 208 2808 2353
f 208 2353 206
f 206 2353 2355
f 206 2355 224
f 2347 2349 2807
f 2807 2349 2350
f 2807 2350 2808
f 2808 2350 2352
f 2808 2352 2353
f 2786 2785 2807
f 2807 2785 2806
f 2807 2806 2347
f 2347 2806 2805
f 2347 2805 1938
f 302 2809 303
f 303 2809 2810
f 303 2810 312
f 312 2810 1872
f 312 1872 313
f 313 1872 323
f 2809 689 2810
f 2810 689 705
f 2810 705 1872
f 1872 705 680
f 2811 2812 2813
f 2805 2814 1938
f 1938 2814 1936
f 1936 2814 1935
f 1935 2814 2813
f 1935 2813 1933
f 1933 2813 1932
f 1932 2813 2812
f 1932 2812 1930
f 1930 2815 1929
f 1929 2815 389
f 2811 2816 2812
f 2812 2816 2817
f 2812 2817 1930
f 1930 2817 2818
f 1930 2818 2815
f 2819 2811 2820
f 2820 2811 2813
f 2820 2813 2821
f 2821 2813 2814
f 2821 2814 2822
f 2822 2814 2805
f 2822 2805 2795
f 2823 2824 2825
f 2826 2827 2828
f 2829 2830 337
f 2815 2818 2831
f 2831 2818 2817
f 2831 2817 2816
f 2832 419 2833
f 2833 419 390
f 2833 390 2834
f 2834 390 389
f 2834 389 2815
f 386 418 2835
f 2835 418 417
f 2836 387 386
f 2830 2829 2837
f 2837 2829 2838
f 2837 2838 2839
f 2839 2838 2840
f 2840 2838 2841
f 2840 2841 2842
f 2843 2844 2845
f 2846 2847 2848
f 2848 2847 2823
f 2824 2823 2843
f 2843 2823 2847
f 2843 2847 2844
f 2849 2831 2850
f 2850 2831 2816
f 2850 2816 2825
f 2825 2816 2811
f 2825 2811 2823
f 2815 2831 2834
f 2834 2831 2849
f 2834 2849 2833
f 2833 2849 2851
f 2833 2851 2832
f 2827 2842 2828
f 2828 2842 2841
f 2828 2841 2852
f 2852 2841 2853
f 2853 2841 2838
f 2853 2838 2854
f 2854 2838 2829
f 2854 2829 2836
f 2836 2829 337
f 2836 337 387
f 386 2835 2836
f 2836 2835 2855
f 2836 2855 2854
f 2854 2855 2856
f 2854 2856 2853
f 2853 2856 2857
f 2853 2857 2852
f 2845 2826 2843
f 2843 2826 2828
f 2843 2828 2824
f 2824 2828 2852
f 2824 2852 2825
f 2825 2852 2857
f 2825 2857 2850
f 2850 2857 2856
f 2850 2856 2849
f 2849 2856 2855
f 2849 2855 2851
f 2851 2855 2835
f 2851 2835 2832
f 2832 2835 417
f 2832 417 419
f 2830 2837 2858
f 2859 2860 2861
f 2862 2863 2864
f 2865 2866 2867
f 2867 2866 2862
f 2867 2862 2868
f 2868 2862 2864
f 2868 2864 2869
f 2847 2846 2870
f 2871 2826 2872
f 2872 2826 2845
f 2839 2840 2873
f 2873 2840 2842
f 2873 2842 2871
f 2871 2842 2827
f 2871 2827 2826
f 332 334 2874
f 2874 334 327
f 2874 327 335
f 2874 2875 332
f 332 2875 2861
f 332 2861 330
f 330 2861 2860
f 330 2860 377
f 2863 2862 2876
f 2876 2862 2877
f 2876 2877 2870
f 2865 2878 2866
f 2866 2878 2879
f 2866 2879 2858
f 2837 2839 2858
f 2858 2839 2873
f 2858 2873 2866
f 2866 2873 2871
f 2866 2871 2862
f 2862 2871 2872
f 2862 2872 2877
f 2877 2872 2845
f 2877 2845 2870
f 2870 2845 2844
f 2870 2844 2847
f 337 2830 335
f 335 2830 2858
f 335 2858 2874
f 2874 2858 2879
f 2874 2879 2875
f 2875 2879 2878
f 2875 2878 2861
f 2861 2878 2865
f 2861 2865 2859
f 2859 2865 2867
f 2869 2880 2868
f 2868 2880 2867
f 2867 2880 2859
f 2859 2880 2881
f 2859 2881 2860
f 2882 379 378
f 2882 378 2883
f 2883 378 377
f 2883 377 2860
f 2884 382 2885
f 2885 382 381
f 2885 381 2882
f 2882 381 380
f 2882 380 379
f 539 537 2884
f 537 356 2884
f 2884 356 358
f 2884 358 382
f 536 540 2886
f 2886 540 539
f 2886 539 2887
f 2887 539 2884
f 533 2888 532
f 532 2888 2889
f 532 2889 531
f 531 2889 287
f 2860 2881 2883
f 2883 2881 2890
f 2883 2890 2882
f 2882 2890 2891
f 2882 2891 2885
f 2885 2891 2892
f 2885 2892 2884
f 2884 2892 2893
f 2884 2893 2887
f 2887 2893 2888
f 2887 2888 2886
f 2886 2888 533
f 2886 533 536
f 2894 2895 737
f 707 2896 2897
f 2898 292 291
f 2899 747 745
f 2625 2892 2891
f 2895 2900 737
f 737 2900 2901
f 737 2901 739
f 707 2897 709
f 2899 2902 747
f 747 2902 2903
f 747 2903 2904
f 2898 291 2905
f 2905 291 2613
f 2905 2613 2906
f 2906 2613 2612
f 2906 2612 2901
f 2625 2891 2626
f 2626 2891 2890
f 2626 2890 2606
f 2606 2890 2881
f 2606 2881 2880
f 715 2907 717
f 717 2907 2908
f 717 2908 719
f 2897 2909 709
f 709 2909 2910
f 709 2910 711
f 711 2910 2911
f 711 2911 713
f 713 2911 2912
f 713 2912 715
f 715 2912 2913
f 715 2913 2907
f 288 2623 289
f 289 2623 2622
f 289 2622 291
f 291 2622 2621
f 291 2621 2613
f 2914 2915 721
f 721 2915 2916
f 721 2916 737
f 737 2916 2917
f 737 2917 2894
f 2869 2899 2880
f 2880 2899 745
f 2880 745 2606
f 2606 745 743
f 2606 743 2607
f 2607 743 2608
f 2892 2625 2893
f 2893 2625 2624
f 2893 2624 2888
f 2888 2624 2623
f 2888 2623 2889
f 2889 2623 288
f 2889 288 287
f 2908 2918 719
f 719 2918 2919
f 719 2919 721
f 721 2919 2920
f 721 2920 2914
f 2904 2921 747
f 747 2921 2922
f 747 2922 707
f 707 2922 2923
f 707 2923 2896
f 2901 2612 739
f 739 2612 2611
f 739 2611 741
f 741 2611 2610
f 741 2610 743
f 743 2610 2609
f 743 2609 2608
f 2924 2902 2864
f 2864 2902 2899
f 2864 2899 2869
f 2864 2863 2924
f 2924 2863 2876
f 2924 2876 2925
f 2876 2870 2925
f 2925 2870 2846
f 2925 2846 2926
f 2846 2848 2926
f 2926 2848 2823
f 2926 2823 2927
f 2927 2823 2811
f 2927 2811 2819
f 2903 2902 2924
f 2927 2819 2928
f 2929 2921 2904
f 2928 2930 2927
f 2927 2930 2931
f 2927 2931 2926
f 2926 2931 2932
f 2926 2932 2925
f 2925 2932 2929
f 2925 2929 2924
f 2924 2929 2904
f 2924 2904 2903
f 2922 2921 2933
f 2933 2921 2929
f 2933 2929 2934
f 2934 2929 2932
f 2934 2932 2935
f 2935 2932 2931
f 2935 2931 2936
f 2936 2931 2930
f 2936 2930 2937
f 2937 2930 2928
f 2938 2939 2940
f 2941 2942 2943
f 2922 2933 2944
f 2897 2896 2944
f 2944 2896 2923
f 2944 2923 2922
f 2945 2909 2946
f 2946 2909 2897
f 2946 2897 2947
f 2947 2897 2944
f 2912 2911 2945
f 2945 2911 2910
f 2945 2910 2909
f 2945 2948 2912
f 2912 2948 2949
f 2912 2949 2913
f 2913 2949 2950
f 2913 2950 2907
f 2907 2950 2908
f 2908 2950 2951
f 2908 2951 2918
f 2952 2953 2954
f 2954 2953 2955
f 2954 2955 2956
f 2957 2934 2958
f 2958 2934 2935
f 2958 2935 2959
f 2959 2935 2936
f 2959 2936 2937
f 2960 2961 2939
f 2939 2961 2962
f 2939 2962 2940
f 2940 2962 2963
f 2940 2963 2964
f 2942 2941 2965
f 2965 2941 2966
f 2965 2966 2967
f 2937 2960 2959
f 2959 2960 2939
f 2959 2939 2958
f 2958 2939 2938
f 2958 2938 2957
f 2957 2938 2943
f 2953 2968 2955
f 2955 2968 2969
f 2955 2969 2970
f 2970 2969 2971
f 2970 2971 2967
f 2967 2971 2972
f 2967 2972 2965
f 2965 2972 2973
f 2965 2973 2942
f 2967 2974 2970
f 2970 2974 2975
f 2970 2975 2955
f 2955 2975 2976
f 2955 2976 2956
f 2977 2978 2966
f 2966 2978 2979
f 2966 2979 2967
f 2967 2979 2980
f 2967 2980 2974
f 2943 2938 2941
f 2941 2938 2940
f 2941 2940 2966
f 2966 2940 2964
f 2966 2964 2977
f 2968 2951 2969
f 2969 2951 2950
f 2969 2950 2971
f 2971 2950 2949
f 2971 2949 2972
f 2972 2949 2948
f 2972 2948 2973
f 2973 2948 2945
f 2973 2945 2942
f 2942 2945 2946
f 2942 2946 2943
f 2943 2946 2947
f 2943 2947 2957
f 2957 2947 2944
f 2957 2944 2934
f 2934 2944 2933
f 302 304 2981
f 2981 304 2982
f 2981 2982 2983
f 2984 2985 2986
f 2986 2985 2987
f 2988 2989 2990
f 2990 2989 2991
f 2988 2990 2992
f 2992 2990 2993
f 2992 2993 2994
f 2994 2993 2995
f 2995 2993 2996
f 2995 2996 2997
f 2997 2996 2998
f 2997 2998 2999
f 2999 2998 3000
f 3000 2998 3001
f 3000 3001 3002
f 3002 3001 3003
f 3003 3001 3004
f 3003 3004 3005
f 3005 3004 3006
f 3006 3004 3007
f 3006 3007 3008
f 3008 3007 3009
f 3008 3009 3010
f 3010 3009 3011
f 3011 3009 3012
f 3011 3012 3013
f 3013 3012 3014
f 3013 3014 3015
f 3015 3014 3016
f 3015 3016 3017
f 3017 3016 3018
f 3017 3018 3019
f 3019 3018 2953
f 3019 2953 2952
f 2894 2917 3020
f 3020 2917 2916
f 3020 2916 3021
f 3021 2916 2915
f 3021 2915 3022
f 3022 2915 2914
f 3022 2914 3023
f 3023 2914 2920
f 3023 2920 3024
f 3024 2920 2919
f 3024 2919 3025
f 3025 2919 2918
f 3025 2918 2951
f 3020 3026 2894
f 2894 3026 3027
f 2894 3027 2895
f 2895 3027 3028
f 2895 3028 2900
f 2900 3028 3029
f 2900 3029 2901
f 2901 3029 3030
f 2901 3030 2906
f 2906 3030 3031
f 2906 3031 2905
f 2905 3031 3032
f 2905 3032 2898
f 2898 3032 311
f 2898 311 292
f 309 3033 308
f 308 3033 2982
f 308 2982 306
f 306 2982 304
f 3034 2984 3033
f 3033 2984 2986
f 3033 2986 2982
f 2982 2986 2987
f 2982 2987 2983
f 2968 2953 3035
f 3035 2953 3018
f 3035 3018 3036
f 3036 3018 3016
f 3036 3016 3037
f 3037 3016 3014
f 3037 3014 3038
f 3038 3014 3012
f 3038 3012 3039
f 3039 3012 3009
f 3039 3009 3040
f 3040 3009 3007
f 3040 3007 3041
f 3041 3007 3004
f 3041 3004 3042
f 3042 3004 3001
f 3042 3001 3043
f 3043 3001 2998
f 3043 2998 3044
f 3044 2998 2996
f 3044 2996 3045
f 3045 2996 2993
f 3045 2993 3034
f 3034 2993 2990
f 3034 2990 2984
f 2984 2990 2991
f 2984 2991 2985
f 309 311 3033
f 3033 311 3032
f 3033 3032 3034
f 3034 3032 3031
f 3034 3031 3045
f 3045 3031 3030
f 3045 3030 3044
f 3044 3030 3029
f 3044 3029 3043
f 3043 3029 3028
f 3043 3028 3042
f 3042 3028 3027
f 3042 3027 3041
f 3041 3027 3026
f 3041 3026 3040
f 3040 3026 3020
f 3040 3020 3039
f 3039 3020 3021
f 3039 3021 3038
f 3038 3021 3022
f 3038 3022 3037
f 3037 3022 3023
f 3037 3023 3036
f 3036 3023 3024
f 3036 3024 3035
f 3035 3024 3025
f 3035 3025 2968
f 2968 3025 2951
f 2981 2983 3046
f 2987 2985 3047
f 2952 3048 3019
f 3019 3048 3049
f 3019 3049 3017
f 3017 3049 3050
f 3017 3050 3015
f 3015 3050 3051
f 3015 3051 3013
f 3013 3051 3052
f 3013 3052 3011
f 3011 3052 3053
f 3003 3005 3054
f 3054 3005 3006
f 3054 3006 3055
f 3055 3006 3008
f 3055 3008 3053
f 3053 3008 3010
f 3053 3010 3011
f 3002 3056 3000
f 3000 3056 3057
f 3000 3057 2999
f 2999 3057 2997
f 2997 3057 3058
f 2997 3058 2995
f 2995 3058 2994
f 2994 3058 3059
f 2994 3059 2992
f 2992 3059 2988
f 2988 3059 3060
f 2988 3060 2989
f 2989 3060 3061
f 2989 3061 2991
f 2981 3046 302
f 302 3046 2809
f 2809 3046 805
f 2809 805 689
f 2983 2987 3046
f 3046 2987 3047
f 3046 3047 805
f 805 3047 850
f 2985 2991 3047
f 3047 2991 3061
f 3047 3061 850
f 850 3061 3060
f 850 3060 852
f 852 3060 3059
f 852 3059 847
f 847 3059 3058
f 847 3058 845
f 845 3058 3057
f 845 3057 843
f 843 3057 3056
f 843 3056 841
f 3002 3003 3056
f 3056 3003 3054
f 3056 3054 841
f 841 3054 3055
f 841 3055 839
f 839 3055 3053
f 839 3053 836
f 836 3053 3052
f 836 3052 834
f 834 3052 3051
f 834 3051 832
f 832 3051 3050
f 832 3050 829
f 829 3050 3049
f 829 3049 827
f 827 3049 3048
f 827 3048 808
f 2821 2822 3062
f 808 3048 901
f 901 3048 3063
f 901 3063 899
f 899 3063 3064
f 899 3064 897
f 897 3064 3065
f 897 3065 3066
f 891 893 3066
f 3066 893 895
f 3066 895 897
f 3067 2937 2928
f 3067 3068 2937
f 2937 3068 3069
f 2937 3069 2960
f 2960 3069 3070
f 2960 3070 2961
f 2961 3070 3071
f 2961 3071 2962
f 2962 3071 3072
f 2962 3072 2963
f 2979 2978 3073
f 3073 2978 2977
f 3073 2977 3072
f 3072 2977 2964
f 3072 2964 2963
f 3073 3074 2979
f 2979 3074 3075
f 2979 3075 2980
f 2974 2980 3066
f 3066 2980 3075
f 3066 3075 891
f 891 3075 3074
f 891 3074 922
f 2974 3066 2975
f 2975 3066 3065
f 2975 3065 2976
f 2976 3065 3064
f 2976 3064 2956
f 2956 3064 3063
f 2956 3063 2954
f 2954 3063 3048
f 2954 3048 2952
f 3076 3077 3062
f 3062 3077 3078
f 3062 3078 2821
f 2821 3078 2820
f 3067 3079 3068
f 3068 3079 3080
f 3068 3080 3069
f 3069 3080 3081
f 3069 3081 3070
f 3070 3081 3082
f 3070 3082 3071
f 3071 3082 3083
f 3071 3083 3072
f 3072 3083 3084
f 3072 3084 3073
f 3073 3084 3085
f 3073 3085 3074
f 3074 3085 3086
f 3074 3086 922
f 2797 3076 2796
f 2796 3076 3062
f 2796 3062 2795
f 2795 3062 2822
f 920 922 2767
f 2767 922 3086
f 2767 3086 2798
f 2798 3086 3085
f 2798 3085 2799
f 2799 3085 3084
f 2799 3084 2800
f 2800 3084 3083
f 2800 3083 2801
f 2801 3083 3082
f 2801 3082 2802
f 2802 3082 3081
f 2802 3081 2803
f 2803 3081 3080
f 2803 3080 2797
f 2797 3080 3079
f 2797 3079 3076
f 3076 3079 3067
f 3076 3067 3077
f 3077 3067 2928
f 3077 2928 3078
f 3078 2928 2819
f 3078 2819 2820
f 3087 3088 3089
f 3090 3091 3087
f 3092 3093 3094
f 3090 3087 3095
f 3095 3087 3089
f 3095 3089 3094
f 3094 3089 3096
f 3094 3096 3092
f 3097 3093 3098
f 3098 3093 3092
f 3098 3092 3099
f 3099 3092 3096
f 3099 3096 3100
f 3101 3102 3103
f 3104 3105 3106
f 3106 3107 3104
f 3104 3107 3101
f 3104 3101 3108
f 3108 3101 3103
f 3108 3103 3109
f 3110 3111 3112
f 3111 3113 3112
f 3112 3113 3114
f 3112 3114 3115
f 3115 3114 3116
f 3115 3116 3105
f 3105 3116 3117
f 3105 3117 3106
f 3118 3093 3119
f 3119 3093 3097
f 3120 3121 3122
f 3122 3121 3119
f 3122 3119 3123
f 3123 3119 3097
f 3124 3125 3112
f 3112 3125 3121
f 3112 3121 3110
f 3110 3121 3120
f 3125 3126 3121
f 3121 3126 3127
f 3121 3127 3119
f 3119 3127 3128
f 3119 3128 3118
f 3129 3130 3131
f 3129 3131 3132
f 3132 3131 3133
f 3132 3133 3134
f 3134 3133 3135
f 3134 3135 3136
f 3137 3135 3138
f 3138 3135 3133
f 3138 3133 3139
f 3139 3133 3131
f 3139 3131 3140
f 3140 3131 3130
f 3140 3130 3141
f 3141 3130 3142
f 3109 3137 3108
f 3108 3137 3138
f 3108 3138 3104
f 3104 3138 3139
f 3104 3139 3105
f 3105 3139 3140
f 3105 3140 3115
f 3115 3140 3141
f 3115 3141 3112
f 3112 3141 3142
f 3112 3142 3124
f 3124 3142 3130
f 3124 3130 3143
f 3143 3130 3129
f 3144 3145 3146
f 3147 3090 3095
f 3148 3149 3150
f 3150 3149 3151
f 3152 3153 3154
f 3154 3153 3155
f 3154 3155 3156
f 3156 3155 3157
f 3156 3157 3150
f 3150 3157 3146
f 3150 3146 3148
f 3148 3146 3145
f 3151 3158 3150
f 3150 3158 3159
f 3150 3159 3156
f 3156 3159 3160
f 3156 3160 3154
f 3161 3162 3163
f 3163 3164 3147
f 3147 3164 3165
f 3147 3165 3166
f 3167 3125 3168
f 3168 3125 3124
f 3168 3124 3169
f 3170 3127 3167
f 3167 3127 3126
f 3167 3126 3125
f 3093 3118 3170
f 3170 3118 3128
f 3170 3128 3127
f 3161 3170 3162
f 3162 3170 3167
f 3162 3167 3171
f 3171 3167 3168
f 3171 3168 3172
f 3172 3168 3169
f 3172 3169 3173
f 3173 3169 3174
f 3173 3174 3175
f 3175 3174 3176
f 3175 3176 3177
f 3177 3176 3178
f 3136 3178 3134
f 3134 3178 3176
f 3134 3176 3132
f 3132 3176 3174
f 3132 3174 3129
f 3129 3174 3169
f 3129 3169 3143
f 3143 3169 3124
f 3091 3090 3179
f 3179 3090 3147
f 3179 3147 3180
f 3180 3147 3166
f 3181 3152 3182
f 3182 3152 3154
f 3182 3154 3183
f 3183 3154 3160
f 3163 3147 3161
f 3161 3147 3095
f 3161 3095 3170
f 3170 3095 3094
f 3170 3094 3093
f 3177 3144 3175
f 3175 3144 3146
f 3175 3146 3173
f 3173 3146 3157
f 3173 3157 3172
f 3172 3157 3155
f 3172 3155 3171
f 3171 3155 3153
f 3171 3153 3162
f 3162 3153 3152
f 3162 3152 3163
f 3163 3152 3181
f 3163 3181 3164
f 3144 3177 3184
f 3185 3186 3187
f 3188 3189 3190
f 3185 3187 3191
f 3191 3187 3192
f 3191 3192 3193
f 3193 3192 3194
f 3193 3194 3195
f 3195 3194 3196
f 3195 3196 3197
f 3198 3199 3200
f 3200 3199 3201
f 3202 3203 3204
f 3204 3203 3178
f 3204 3178 3136
f 3177 3178 3184
f 3184 3178 3203
f 3184 3203 3200
f 3200 3203 3202
f 3200 3202 3198
f 3205 3206 3145
f 3145 3206 3148
f 3190 3207 3188
f 3188 3207 3208
f 3188 3208 3209
f 3209 3208 3210
f 3209 3210 3211
f 3211 3210 3212
f 3211 3212 3213
f 3213 3212 3214
f 3213 3214 3215
f 3215 3214 3216
f 3215 3217 3213
f 3213 3217 3218
f 3213 3218 3211
f 3211 3218 3219
f 3211 3219 3209
f 3145 3144 3205
f 3205 3144 3184
f 3205 3184 3220
f 3220 3184 3200
f 3220 3200 3196
f 3196 3200 3201
f 3196 3201 3197
f 3186 3189 3187
f 3187 3189 3188
f 3187 3188 3192
f 3192 3188 3209
f 3192 3209 3194
f 3194 3209 3219
f 3194 3219 3196
f 3196 3219 3218
f 3196 3218 3220
f 3220 3218 3217
f 3220 3217 3205
f 3205 3217 3215
f 3205 3215 3206
f 3206 3215 3216
f 3206 3216 3148
f 3148 3216 3221
f 3148 3221 3149
f 3222 3223 3224
f 3225 3226 3227
f 3228 3229 3230
f 3226 3231 3227
f 3227 3231 3232
f 3227 3232 3233
f 3233 3232 3234
f 3233 3234 3222
f 3222 3234 3235
f 3222 3235 3223
f 3223 3235 3229
f 3226 3236 3231
f 3231 3236 3237
f 3231 3237 3238
f 3238 3237 3239
f 3238 3239 3240
f 3241 3242 3243
f 3243 3242 3244
f 3245 3246 3247
f 3247 3246 3248
f 3230 3249 3228
f 3228 3249 3250
f 3228 3250 3251
f 3251 3250 3252
f 3251 3252 3253
f 3253 3252 3254
f 3253 3254 3248
f 3248 3254 3255
f 3248 3255 3247
f 3229 3228 3223
f 3223 3228 3251
f 3223 3251 3224
f 3224 3251 3253
f 3224 3253 3256
f 3225 3227 3257
f 3257 3227 3233
f 3257 3233 3241
f 3241 3233 3222
f 3241 3222 3242
f 3242 3222 3224
f 3242 3224 3244
f 3244 3224 3256
f 3244 3256 3258
f 3258 3256 3253
f 3258 3253 3259
f 3259 3253 3248
f 3259 3248 3260
f 3260 3248 3246
f 3260 3246 3261
f 3261 3246 3245
f 3261 3245 3262
f 3262 3245 3263
f 3262 3263 3264
f 3264 3263 3265
f 3264 3265 3266
f 3266 3265 3267
f 3266 3267 3268
f 3268 3267 3269
f 3268 3269 3270
f 3270 3269 3271
f 3270 3271 3272
f 3273 3274 3275
f 3276 3277 3278
f 3278 3279 3276
f 3276 3279 3280
f 3276 3280 3281
f 3281 3282 3283
f 3283 3282 3284
f 3283 3284 3285
f 3285 3284 3286
f 3285 3286 3287
f 3287 3286 3288
f 3287 3288 3289
f 3289 3288 3290
f 3289 3290 3291
f 3292 3293 3294
f 3294 3293 3295
f 3294 3295 3296
f 3297 3298 3299
f 3299 3298 3300
f 3298 3301 3300
f 3300 3301 3302
f 3300 3302 3303
f 3303 3302 3304
f 3303 3304 3305
f 3305 3304 3306
f 3305 3306 3307
f 3307 3306 3308
f 3309 3310 3293
f 3293 3310 3311
f 3293 3311 3295
f 3295 3311 3297
f 3295 3297 3296
f 3296 3297 3299
f 3292 3273 3293
f 3293 3273 3275
f 3293 3275 3309
f 3309 3275 3312
f 3309 3312 3313
f 3314 3315 3316
f 3316 3315 3317
f 3316 3317 3318
f 3318 3319 3320
f 3320 3319 3313
f 3320 3313 3321
f 3321 3313 3312
f 3321 3312 3322
f 3322 3312 3275
f 3322 3275 3323
f 3323 3275 3274
f 3323 3290 3322
f 3322 3290 3288
f 3322 3288 3321
f 3321 3288 3286
f 3321 3286 3320
f 3320 3286 3284
f 3320 3284 3318
f 3318 3284 3282
f 3318 3282 3316
f 3316 3282 3281
f 3316 3281 3314
f 3314 3281 3280
f 3324 3291 3290
f 3324 3290 3325
f 3326 3325 3327
f 3327 3325 3328
f 3327 3328 3329
f 3329 3328 3330
f 3331 3332 3330
f 3330 3332 3333
f 3330 3333 3329
f 3334 3335 3336
f 3336 3335 3337
f 3336 3337 3338
f 3338 3337 3331
f 3338 3331 3339
f 3339 3331 3330
f 3340 3341 3342
f 3342 3341 3343
f 3342 3343 3334
f 3344 3345 3346
f 3346 3345 3347
f 3346 3347 3348
f 3348 3347 3349
f 3349 3347 3350
f 3349 3350 3351
f 3351 3350 3352
f 3351 3352 3353
f 3353 3352 3354
f 3354 3352 3355
f 3354 3355 3356
f 3356 3355 3357
f 3356 3357 3358
f 3359 3358 3360
f 3360 3358 3357
f 3360 3357 3361
f 3361 3357 3362
f 3362 3357 3363
f 3363 3357 3355
f 3363 3355 3364
f 3364 3355 3365
f 3365 3355 3352
f 3365 3352 3366
f 3366 3352 3350
f 3366 3350 3367
f 3367 3350 3368
f 3368 3350 3347
f 3368 3347 3369
f 3369 3347 3308
f 3308 3347 3345
f 3308 3345 3307
f 3307 3345 3305
f 3305 3345 3370
f 3305 3370 3303
f 3303 3370 3371
f 3303 3371 3300
f 3344 3372 3345
f 3345 3372 3373
f 3345 3373 3370
f 3370 3373 3340
f 3370 3340 3371
f 3371 3340 3342
f 3371 3342 3300
f 3300 3342 3299
f 3334 3336 3342
f 3342 3336 3296
f 3342 3296 3299
f 3325 3290 3328
f 3328 3290 3323
f 3328 3323 3330
f 3330 3323 3274
f 3330 3274 3339
f 3339 3274 3273
f 3339 3273 3338
f 3338 3273 3292
f 3338 3292 3336
f 3336 3292 3294
f 3336 3294 3296
f 3374 3375 3376
f 3326 3327 3377
f 3377 3327 3378
f 3377 3378 3376
f 3376 3378 3379
f 3376 3379 3374
f 3380 3381 3382
f 3383 3384 3385
f 3386 3387 3388
f 3389 3390 3391
f 3389 3391 3392
f 3392 3391 3393
f 3392 3393 3394
f 3388 3387 3393
f 3393 3387 3395
f 3393 3395 3394
f 3386 3388 3396
f 3396 3388 3397
f 3396 3397 3398
f 3398 3397 3399
f 3398 3399 3400
f 3400 3399 3401
f 3401 3399 3402
f 3401 3402 3403
f 3403 3402 3404
f 3404 3402 3405
f 3404 3405 3406
f 3406 3405 3407
f 3406 3407 3408
f 3408 3407 3409
f 3409 3407 3410
f 3409 3410 3411
f 3412 3413 3414
f 3414 3413 3415
f 3414 3415 3416
f 3417 3418 3416
f 3416 3418 3419
f 3416 3419 3414
f 3414 3419 3420
f 3414 3420 3412
f 3412 3420 3421
f 3422 3423 3424
f 3424 3423 3425
f 3424 3425 3426
f 3384 3427 3428
f 3428 3427 3429
f 3428 3429 3426
f 3430 3431 3432
f 3432 3431 3433
f 3383 3385 3434
f 3431 3434 3433
f 3433 3434 3385
f 3433 3385 3435
f 3435 3385 3436
f 3435 3436 3437
f 3437 3436 3438
f 3437 3438 3439
f 3439 3438 3440
f 3439 3440 3441
f 3382 3381 3440
f 3440 3381 3442
f 3440 3442 3441
f 3380 3382 3443
f 3443 3382 3444
f 3443 3444 3445
f 3445 3444 3446
f 3445 3446 3447
f 3447 3446 3448
f 3447 3448 3449
f 3449 3448 3450
f 3449 3450 3451
f 3384 3428 3385
f 3385 3428 3452
f 3385 3452 3436
f 3436 3452 3453
f 3436 3453 3438
f 3438 3453 3454
f 3438 3454 3440
f 3440 3454 3455
f 3440 3455 3382
f 3382 3455 3456
f 3382 3456 3444
f 3444 3456 3457
f 3444 3457 3446
f 3446 3457 3458
f 3446 3458 3448
f 3448 3458 3459
f 3448 3459 3450
f 3426 3425 3428
f 3428 3425 3460
f 3428 3460 3452
f 3452 3460 3461
f 3452 3461 3453
f 3453 3461 3462
f 3453 3462 3454
f 3454 3462 3463
f 3454 3463 3455
f 3455 3463 3464
f 3455 3464 3456
f 3456 3464 3465
f 3456 3465 3457
f 3457 3465 3466
f 3457 3466 3458
f 3458 3466 3467
f 3458 3467 3459
f 3422 3468 3423
f 3423 3468 3469
f 3423 3469 3425
f 3425 3469 3470
f 3425 3470 3460
f 3460 3470 3471
f 3460 3471 3461
f 3461 3471 3472
f 3461 3472 3462
f 3462 3472 3473
f 3462 3473 3463
f 3463 3473 3474
f 3463 3474 3464
f 3464 3474 3475
f 3464 3475 3465
f 3465 3475 3476
f 3465 3476 3466
f 3466 3476 3477
f 3466 3477 3467
f 3422 3421 3468
f 3468 3421 3420
f 3468 3420 3478
f 3478 3420 3419
f 3478 3419 3479
f 3479 3419 3418
f 3479 3411 3478
f 3478 3411 3410
f 3478 3410 3468
f 3468 3410 3407
f 3468 3407 3469
f 3469 3407 3405
f 3469 3405 3470
f 3470 3405 3402
f 3470 3402 3471
f 3471 3402 3399
f 3471 3399 3472
f 3472 3399 3397
f 3472 3397 3473
f 3473 3397 3388
f 3473 3388 3474
f 3474 3388 3393
f 3474 3393 3475
f 3475 3393 3391
f 3475 3391 3476
f 3476 3391 3390
f 3476 3390 3477
f 3480 3481 3482
f 3483 3484 3481
f 3484 3483 3485
f 3485 3483 3486
f 3485 3486 3487
f 3487 3486 3488
f 3488 3486 3489
f 3488 3489 3490
f 3491 3492 3493
f 3493 3492 3494
f 3493 3494 3495
f 3495 3494 3496
f 3495 3496 3497
f 3498 3499 3500
f 3500 3499 3501
f 3500 3501 3491
f 3500 3502 3498
f 3498 3502 3503
f 3498 3503 3504
f 3504 3503 3505
f 3504 3505 3506
f 3505 3507 3506
f 3506 3507 3508
f 3506 3508 3509
f 3509 3508 3510
f 3509 3510 3511
f 3512 3513 3514
f 3515 3511 3514
f 3514 3511 3510
f 3514 3510 3512
f 3512 3510 3508
f 3512 3508 3516
f 3516 3508 3517
f 3517 3508 3507
f 3517 3507 3518
f 3518 3507 3505
f 3518 3505 3519
f 3519 3505 3503
f 3519 3503 3520
f 3520 3503 3502
f 3520 3502 3521
f 3522 3523 3500
f 3500 3523 3524
f 3500 3524 3502
f 3502 3524 3525
f 3502 3525 3521
f 3491 3493 3500
f 3500 3493 3526
f 3500 3526 3522
f 3527 3528 3495
f 3495 3528 3529
f 3495 3529 3493
f 3493 3529 3530
f 3493 3530 3526
f 3497 3490 3495
f 3495 3490 3489
f 3495 3489 3527
f 3527 3489 3531
f 3531 3489 3532
f 3532 3489 3486
f 3532 3486 3533
f 3533 3486 3534
f 3534 3486 3483
f 3534 3483 3535
f 3481 3480 3483
f 3483 3480 3536
f 3483 3536 3535
f 3537 3538 3539
f 3539 3538 3540
f 3539 3540 3482
f 3482 3540 3541
f 3482 3541 3480
f 3480 3541 3542
f 3480 3542 3536
f 3538 3389 3540
f 3540 3389 3392
f 3540 3392 3541
f 3395 3535 3394
f 3394 3535 3536
f 3394 3536 3392
f 3392 3536 3542
f 3392 3542 3541
f 3398 3527 3396
f 3396 3527 3531
f 3396 3531 3386
f 3386 3531 3532
f 3386 3532 3387
f 3387 3532 3533
f 3387 3533 3395
f 3395 3533 3534
f 3395 3534 3535
f 3400 3401 3526
f 3526 3530 3400
f 3400 3530 3529
f 3400 3529 3398
f 3398 3529 3528
f 3398 3528 3527
f 3404 3524 3403
f 3403 3524 3523
f 3403 3523 3401
f 3401 3523 3522
f 3401 3522 3526
f 3417 3513 3418
f 3418 3513 3512
f 3418 3512 3479
f 3512 3516 3479
f 3479 3516 3517
f 3479 3517 3411
f 3411 3517 3518
f 3411 3518 3409
f 3409 3518 3519
f 3409 3519 3408
f 3408 3519 3520
f 3408 3520 3406
f 3406 3520 3521
f 3406 3521 3404
f 3404 3521 3525
f 3404 3525 3524
f 3417 3543 3513
f 3513 3543 3544
f 3543 3545 3544
f 3544 3545 3546
f 3544 3546 3547
f 3547 3546 3548
f 3547 3548 3549
f 3549 3548 3550
f 3550 3548 3551
f 3550 3551 3552
f 3552 3551 3553
f 3552 3553 3554
f 3554 3553 3555
f 3554 3555 3556
f 3556 3555 3557
f 3556 3557 3558
f 3558 3557 3559
f 3558 3559 3560
f 3561 3562 3563
f 3563 3562 3564
f 3563 3564 3565
f 3565 3564 3566
f 3565 3566 3567
f 3567 3566 3568
f 3567 3568 3559
f 3559 3568 3569
f 3559 3569 3560
f 3570 3571 3572
f 3572 3571 3573
f 3572 3573 3574
f 3574 3573 3575
f 3574 3575 3576
f 3576 3575 3577
f 3576 3577 3578
f 3578 3577 3579
f 3578 3579 3561
f 3561 3579 3580
f 3561 3580 3562
f 3581 3582 3583
f 3583 3582 3584
f 3583 3584 3570
f 3570 3584 3585
f 3570 3585 3571
f 3586 3587 3588
f 3589 3590 3591
f 3592 3593 3594
f 3557 3555 3595
f 3595 3555 3553
f 3595 3553 3596
f 3596 3553 3551
f 3596 3551 3597
f 3597 3551 3548
f 3597 3548 3598
f 3598 3548 3546
f 3598 3546 3599
f 3599 3546 3545
f 3599 3545 3600
f 3600 3545 3543
f 3600 3543 3416
f 3416 3543 3417
f 3557 3595 3559
f 3559 3595 3601
f 3559 3601 3567
f 3567 3601 3565
f 3565 3601 3602
f 3565 3602 3563
f 3563 3602 3561
f 3561 3602 3603
f 3561 3603 3578
f 3578 3603 3604
f 3578 3604 3576
f 3576 3604 3574
f 3574 3604 3605
f 3574 3605 3572
f 3572 3605 3570
f 3570 3605 3606
f 3570 3606 3583
f 3583 3606 3607
f 3583 3607 3581
f 3592 3594 3608
f 3608 3594 3609
f 3608 3609 3610
f 3591 3590 3609
f 3609 3590 3611
f 3609 3611 3610
f 3589 3591 3612
f 3612 3591 3613
f 3612 3613 3614
f 3614 3613 3615
f 3614 3615 3616
f 3617 3618 3619
f 3619 3618 3620
f 3621 3622 3623
f 3623 3622 3624
f 3623 3624 3588
f 3621 3625 3626
f 3626 3625 3627
f 3626 3627 3628
f 3588 3629 3623
f 3623 3629 3630
f 3623 3630 3621
f 3621 3630 3631
f 3621 3631 3625
f 3632 3633 3586
f 3586 3633 3634
f 3586 3634 3587
f 3587 3634 3635
f 3587 3635 3588
f 3588 3635 3636
f 3588 3636 3629
f 3637 3638 3632
f 3632 3638 3639
f 3639 3638 3640
f 3640 3638 3641
f 3640 3641 3415
f 3642 3615 3643
f 3643 3615 3613
f 3643 3613 3644
f 3644 3613 3591
f 3644 3591 3645
f 3645 3591 3609
f 3645 3609 3646
f 3646 3609 3594
f 3646 3594 3647
f 3647 3594 3593
f 3647 3593 3648
f 3649 3642 3650
f 3650 3642 3643
f 3650 3643 3651
f 3651 3643 3644
f 3651 3644 3652
f 3652 3644 3645
f 3652 3645 3653
f 3653 3645 3646
f 3653 3646 3654
f 3654 3646 3647
f 3654 3647 3655
f 3655 3647 3648
f 3655 3648 3656
f 3637 3632 3657
f 3657 3632 3586
f 3657 3586 3658
f 3658 3586 3588
f 3658 3588 3659
f 3659 3588 3624
f 3659 3624 3619
f 3619 3624 3622
f 3619 3622 3617
f 3660 3649 3661
f 3661 3649 3650
f 3661 3650 3662
f 3662 3650 3651
f 3662 3651 3663
f 3663 3651 3652
f 3663 3652 3664
f 3664 3652 3653
f 3664 3653 3665
f 3665 3653 3654
f 3665 3654 3666
f 3666 3654 3655
f 3666 3655 3667
f 3667 3655 3656
f 3667 3656 3668
f 3597 3660 3596
f 3596 3660 3661
f 3596 3661 3595
f 3595 3661 3662
f 3595 3662 3601
f 3601 3662 3663
f 3601 3663 3602
f 3602 3663 3664
f 3602 3664 3603
f 3603 3664 3665
f 3603 3665 3604
f 3604 3665 3666
f 3604 3666 3605
f 3605 3666 3667
f 3605 3667 3606
f 3606 3667 3668
f 3606 3668 3607
f 3416 3415 3600
f 3600 3415 3641
f 3600 3641 3599
f 3599 3641 3638
f 3599 3638 3598
f 3598 3638 3637
f 3598 3637 3597
f 3597 3637 3657
f 3597 3657 3660
f 3660 3657 3658
f 3660 3658 3649
f 3649 3658 3659
f 3649 3659 3642
f 3642 3659 3619
f 3642 3619 3615
f 3615 3619 3620
f 3615 3620 3616
f 3669 3670 3671
f 3671 3670 3672
f 3671 3672 3673
f 3673 3672 3674
f 3673 3674 3675
f 3675 3674 3676
f 3675 3676 3677
f 3678 3679 3680
f 3680 3679 3681
f 3680 3681 3669
f 3669 3681 3682
f 3669 3682 3670
f 3683 3684 3678
f 3678 3680 3683
f 3683 3680 3669
f 3683 3669 3685
f 3685 3669 3671
f 3685 3671 3686
f 3686 3671 3673
f 3686 3673 3687
f 3687 3673 3675
f 3687 3675 3688
f 3688 3675 3677
f 3688 3677 3689
f 3688 3689 3690
f 3690 3691 3688
f 3688 3691 3692
f 3688 3692 3687
f 3687 3692 3693
f 3687 3693 3686
f 3686 3693 3694
f 3686 3694 3685
f 3685 3694 3695
f 3685 3695 3683
f 3683 3695 3696
f 3683 3696 3684
f 3690 3581 3691
f 3691 3581 3607
f 3691 3607 3692
f 3692 3607 3668
f 3692 3668 3693
f 3693 3668 3656
f 3693 3656 3694
f 3694 3656 3648
f 3694 3648 3695
f 3695 3648 3593
f 3695 3593 3696
f 3696 3593 3592
f 3582 3581 1000
f 1000 3581 3690
f 1000 3690 3697
f 3697 3690 3689
f 3697 3689 3698
f 3699 1000 3697
f 3700 3699 3701
f 3701 3699 3697
f 3701 3697 3702
f 3702 3697 3698
f 3582 1000 3703
f 3703 1000 3699
f 3703 3699 3704
f 3704 3699 3700
f 3571 3585 3705
f 3514 3706 3515
f 3515 3706 3707
f 3708 3709 3710
f 3710 3709 3711
f 3711 3709 3712
f 3712 3709 3713
f 3712 3713 3714
f 3715 3716 3717
f 3717 3716 3718
f 3717 3718 3713
f 3713 3718 3719
f 3713 3719 3714
f 3720 3721 3722
f 3722 3721 3723
f 3722 3723 3724
f 3724 3723 3715
f 3720 3722 3725
f 3725 3722 3705
f 3725 3705 3726
f 3705 3585 3726
f 3726 3585 3584
f 3726 3584 3727
f 3727 3584 3582
f 3727 3582 3703
f 3571 3705 3573
f 3573 3705 3722
f 3573 3722 3575
f 3575 3722 3724
f 3575 3724 3577
f 3715 3717 3724
f 3724 3717 3579
f 3724 3579 3577
f 3566 3564 3713
f 3713 3564 3562
f 3713 3562 3717
f 3717 3562 3580
f 3717 3580 3579
f 3566 3713 3568
f 3568 3713 3709
f 3568 3709 3569
f 3569 3709 3708
f 3569 3708 3560
f 3560 3708 3558
f 3558 3708 3728
f 3558 3728 3556
f 3556 3728 3554
f 3554 3728 3729
f 3554 3729 3552
f 3552 3729 3730
f 3552 3730 3550
f 3550 3730 3549
f 3549 3730 3731
f 3549 3731 3547
f 3547 3731 3732
f 3547 3732 3544
f 3710 3733 3708
f 3708 3733 3734
f 3708 3734 3728
f 3728 3734 3735
f 3728 3735 3729
f 3729 3735 3736
f 3729 3736 3730
f 3730 3736 3737
f 3730 3737 3731
f 3731 3737 3707
f 3731 3707 3732
f 3732 3707 3706
f 3732 3706 3544
f 3544 3706 3514
f 3544 3514 3513
f 3727 3738 3739
f 3727 3739 3726
f 3738 3727 3740
f 3740 3727 3703
f 3740 3703 3741
f 3741 3703 3704
f 3741 3704 3700
f 3739 3742 3726
f 3726 3742 3743
f 3726 3743 3725
f 3725 3743 3744
f 3725 3744 3720
f 3720 3744 3745
f 3720 3745 3721
f 3721 3745 3746
f 3721 3746 3723
f 3723 3746 3747
f 3723 3747 3715
f 3715 3747 3748
f 3715 3748 3716
f 3716 3748 3749
f 3716 3749 3718
f 3718 3749 3750
f 3718 3750 3719
f 3719 3750 3751
f 3719 3751 3714
f 3714 3751 3752
f 3714 3752 3712
f 3712 3752 3711
f 3711 3752 3753
f 3711 3753 3710
f 3710 3753 3754
f 3710 3754 3733
f 3733 3754 3755
f 3733 3755 3734
f 3755 3756 3734
f 3734 3756 3757
f 3734 3757 3735
f 3735 3757 3758
f 3735 3758 3736
f 3758 3759 3736
f 3736 3759 3760
f 3736 3760 3737
f 3737 3760 3761
f 3737 3761 3707
f 3761 3762 3707
f 3707 3762 3763
f 3707 3763 3515
f 3764 3765 3766
f 3752 3751 3767
f 3750 3749 3768
f 3741 3769 3740
f 3740 3769 3770
f 3740 3770 3738
f 3738 3770 3771
f 3738 3771 3739
f 3739 3771 3772
f 3739 3772 3742
f 3742 3772 3743
f 3743 3772 3773
f 3743 3773 3744
f 3744 3773 3774
f 3744 3774 3745
f 3768 3749 3775
f 3759 3776 3760
f 3760 3776 3777
f 3760 3777 3761
f 3778 3779 3780
f 3780 3779 3777
f 3761 3777 3762
f 3762 3777 3779
f 3762 3779 3763
f 3781 3782 3767
f 3767 3782 3783
f 3767 3783 3752
f 3752 3783 3784
f 3752 3784 3753
f 3753 3784 3785
f 3753 3785 3754
f 3754 3785 3786
f 3754 3786 3755
f 3755 3786 3787
f 3755 3787 3756
f 3756 3787 3788
f 3756 3788 3757
f 3757 3788 3789
f 3757 3789 3758
f 3758 3789 3790
f 3758 3790 3759
f 3759 3790 3791
f 3759 3791 3776
f 3751 3750 3767
f 3767 3750 3768
f 3767 3768 3781
f 3781 3768 3775
f 3781 3775 3792
f 3766 3765 3775
f 3775 3765 3793
f 3775 3793 3792
f 3764 3766 3794
f 3794 3766 3795
f 3794 3795 3796
f 3797 3798 3799
f 3799 3798 3800
f 3799 3800 3801
f 3801 3800 3802
f 3801 3802 3379
f 3379 3802 3374
f 3374 3802 3803
f 3374 3803 3375
f 3804 3771 3805
f 3805 3771 3770
f 3805 3770 3806
f 3806 3770 3769
f 3797 3794 3798
f 3798 3794 3796
f 3798 3796 3800
f 3800 3796 3807
f 3800 3807 3802
f 3802 3807 3808
f 3802 3808 3803
f 3749 3748 3775
f 3775 3748 3809
f 3775 3809 3766
f 3766 3809 3810
f 3766 3810 3795
f 3795 3810 3811
f 3795 3811 3796
f 3796 3811 3812
f 3796 3812 3807
f 3807 3812 3813
f 3807 3813 3808
f 3808 3813 3814
f 3808 3814 3803
f 3803 3814 3815
f 3748 3747 3809
f 3809 3747 3746
f 3809 3746 3810
f 3810 3746 3745
f 3810 3745 3811
f 3811 3745 3774
f 3811 3774 3812
f 3812 3774 3773
f 3812 3773 3813
f 3813 3773 3772
f 3813 3772 3814
f 3814 3772 3771
f 3814 3771 3815
f 3815 3771 3804
f 3816 3817 3818
f 3819 3820 3821
f 3822 3823 3824
f 3825 3826 3337
f 3793 3827 3828
f 3379 3829 3801
f 3801 3829 3799
f 3799 3829 3830
f 3799 3830 3797
f 3797 3830 3794
f 3794 3830 3831
f 3794 3831 3764
f 3827 3793 3831
f 3831 3793 3765
f 3831 3765 3764
f 3783 3782 3832
f 3832 3782 3781
f 3832 3781 3828
f 3828 3781 3792
f 3828 3792 3793
f 3783 3832 3784
f 3784 3832 3833
f 3784 3833 3785
f 3785 3833 3834
f 3785 3834 3786
f 3786 3834 3787
f 3787 3834 3835
f 3787 3835 3788
f 3776 3791 3836
f 3836 3791 3790
f 3836 3790 3835
f 3835 3790 3789
f 3835 3789 3788
f 3836 3837 3776
f 3776 3837 3818
f 3776 3818 3777
f 3777 3818 3780
f 3780 3818 3817
f 3780 3817 3778
f 3337 3826 3331
f 3331 3826 3838
f 3331 3838 3332
f 3378 3327 3839
f 3839 3327 3329
f 3839 3329 3838
f 3838 3329 3333
f 3838 3333 3332
f 3840 3341 3841
f 3841 3341 3340
f 3841 3340 3842
f 3842 3340 3373
f 3842 3373 3843
f 3844 3348 3845
f 3845 3348 3349
f 3349 3351 3845
f 3845 3351 3353
f 3845 3353 3846
f 3373 3372 3843
f 3843 3372 3344
f 3843 3344 3844
f 3844 3344 3346
f 3844 3346 3348
f 3820 3822 3821
f 3821 3822 3824
f 3821 3824 3846
f 3846 3824 3847
f 3846 3847 3845
f 3845 3847 3848
f 3845 3848 3844
f 3844 3848 3849
f 3844 3849 3843
f 3843 3849 3850
f 3843 3850 3842
f 3842 3850 3851
f 3842 3851 3841
f 3841 3851 3852
f 3841 3852 3840
f 3840 3852 3853
f 3840 3853 3825
f 3825 3853 3854
f 3825 3854 3826
f 3826 3854 3855
f 3826 3855 3838
f 3838 3855 3856
f 3838 3856 3839
f 3359 3819 3358
f 3358 3819 3821
f 3358 3821 3356
f 3356 3821 3846
f 3356 3846 3354
f 3354 3846 3353
f 3337 3335 3825
f 3825 3335 3334
f 3825 3334 3840
f 3840 3334 3343
f 3840 3343 3341
f 3823 3816 3824
f 3824 3816 3818
f 3824 3818 3847
f 3847 3818 3837
f 3847 3837 3848
f 3848 3837 3836
f 3848 3836 3849
f 3849 3836 3835
f 3849 3835 3850
f 3850 3835 3834
f 3850 3834 3851
f 3851 3834 3833
f 3851 3833 3852
f 3852 3833 3832
f 3852 3832 3853
f 3853 3832 3828
f 3853 3828 3854
f 3854 3828 3827
f 3854 3827 3855
f 3855 3827 3831
f 3855 3831 3856
f 3856 3831 3830
f 3856 3830 3839
f 3839 3830 3829
f 3839 3829 3378
f 3378 3829 3379
f 3857 3858 3859
f 3816 3823 3860
f 3861 3862 3863
f 3864 3865 3866
f 3822 3820 3867
f 3817 3868 3778
f 3778 3868 3869
f 3869 3868 3870
f 3870 3868 3871
f 3870 3871 3872
f 3872 3871 3873
f 3873 3871 3874
f 3873 3874 3875
f 3875 3874 3876
f 3875 3876 3877
f 3878 3879 3876
f 3876 3879 3880
f 3876 3880 3877
f 3881 3882 3878
f 3878 3882 3883
f 3878 3883 3879
f 3878 3884 3881
f 3881 3884 3885
f 3881 3885 3886
f 3886 3885 3887
f 3886 3887 3888
f 3888 3887 3889
f 3888 3889 3890
f 3890 3889 3891
f 3890 3891 3892
f 3892 3891 3893
f 3893 3891 3894
f 3893 3894 3895
f 3895 3894 3896
f 3895 3896 3897
f 3859 3898 3899
f 3900 3819 3901
f 3901 3819 3359
f 3902 3903 3904
f 3902 3904 3905
f 3903 3902 3906
f 3906 3902 3867
f 3906 3867 3900
f 3900 3867 3820
f 3900 3820 3819
f 3907 3908 3909
f 3904 3910 3905
f 3905 3910 3911
f 3905 3911 3909
f 3909 3911 3912
f 3909 3912 3907
f 3823 3822 3860
f 3860 3822 3867
f 3860 3867 3913
f 3913 3867 3902
f 3913 3902 3914
f 3914 3902 3905
f 3914 3905 3915
f 3915 3905 3909
f 3915 3909 3916
f 3916 3909 3908
f 3916 3908 3917
f 3917 3908 3918
f 3917 3918 3919
f 3919 3918 3920
f 3919 3920 3921
f 3921 3920 3862
f 3921 3862 3922
f 3922 3862 3861
f 3922 3861 3923
f 3863 3924 3861
f 3861 3924 3864
f 3861 3864 3923
f 3923 3864 3866
f 3924 3925 3864
f 3864 3925 3926
f 3864 3926 3865
f 3865 3926 3927
f 3865 3927 3928
f 3929 3857 3930
f 3930 3857 3859
f 3930 3859 3896
f 3896 3859 3899
f 3896 3899 3897
f 3907 3931 3908
f 3908 3931 3932
f 3908 3932 3918
f 3918 3932 3933
f 3918 3933 3920
f 3920 3933 3934
f 3920 3934 3862
f 3862 3934 3935
f 3862 3935 3863
f 3817 3816 3868
f 3868 3816 3860
f 3868 3860 3871
f 3871 3860 3913
f 3871 3913 3874
f 3874 3913 3914
f 3874 3914 3876
f 3876 3914 3915
f 3876 3915 3878
f 3878 3915 3916
f 3878 3916 3884
f 3884 3916 3917
f 3884 3917 3885
f 3885 3917 3919
f 3885 3919 3887
f 3887 3919 3921
f 3887 3921 3889
f 3889 3921 3922
f 3889 3922 3891
f 3891 3922 3923
f 3891 3923 3894
f 3894 3923 3866
f 3894 3866 3896
f 3896 3866 3865
f 3896 3865 3930
f 3930 3865 3928
f 3930 3928 3929
f 3359 3360 3936
f 3906 3900 3936
f 3936 3900 3901
f 3936 3901 3359
f 3903 3937 3904
f 3904 3937 3938
f 3904 3938 3910
f 3910 3938 3911
f 3933 3932 3939
f 3939 3932 3931
f 3863 3935 3940
f 3940 3935 3934
f 3940 3934 3941
f 3941 3934 3933
f 3941 3933 3942
f 3942 3933 3939
f 3924 3943 3925
f 3925 3943 3944
f 3925 3944 3926
f 3945 3928 3944
f 3944 3928 3927
f 3944 3927 3926
f 3946 3947 3948
f 3948 3947 3949
f 3949 3858 3948
f 3948 3858 3857
f 3948 3857 3945
f 3945 3857 3929
f 3945 3929 3928
f 3249 3230 3946
f 3946 3948 3249
f 3249 3948 3945
f 3249 3945 3250
f 3250 3945 3944
f 3250 3944 3252
f 3252 3944 3943
f 3252 3943 3254
f 3863 3940 3924
f 3924 3940 3950
f 3924 3950 3943
f 3943 3950 3255
f 3943 3255 3254
f 3269 3267 3942
f 3942 3267 3265
f 3942 3265 3941
f 3941 3265 3263
f 3941 3263 3940
f 3940 3263 3245
f 3940 3245 3950
f 3950 3245 3247
f 3950 3247 3255
f 3269 3942 3271
f 3271 3942 3939
f 3271 3939 3272
f 3272 3939 3951
f 3272 3951 3952
f 3953 3954 3951
f 3951 3954 3955
f 3951 3955 3952
f 3931 3907 3939
f 3939 3907 3912
f 3939 3912 3951
f 3951 3912 3911
f 3951 3911 3953
f 3953 3911 3938
f 3953 3938 3954
f 3954 3938 3956
f 3957 3958 3937
f 3937 3958 3959
f 3937 3959 3938
f 3938 3959 3960
f 3938 3960 3956
f 3903 3906 3937
f 3937 3906 3936
f 3937 3936 3957
f 3957 3936 3360
f 3957 3360 3361
f 3961 3962 3898
f 3898 3859 3961
f 3961 3859 3858
f 3961 3858 3949
f 3963 3964 3965
f 3965 3964 3966
f 3898 3962 3967
f 3968 3969 3970
f 3971 3972 3973
f 3974 3975 3976
f 3977 3978 3979
f 3980 3981 3982
f 3983 3984 3985
f 3986 3763 3869
f 3869 3763 3779
f 3869 3779 3778
f 3986 3869 3987
f 3987 3869 3870
f 3987 3870 3988
f 3988 3870 3989
f 3989 3870 3872
f 3989 3872 3990
f 3880 3991 3877
f 3877 3991 3992
f 3877 3992 3875
f 3875 3992 3990
f 3875 3990 3873
f 3873 3990 3872
f 3880 3879 3991
f 3991 3879 3883
f 3991 3883 3993
f 3993 3883 3882
f 3993 3882 3994
f 3995 3996 3997
f 3967 3996 3998
f 3998 3996 3995
f 3998 3995 3999
f 4000 3899 4001
f 4001 3899 3898
f 4002 3895 4000
f 4000 3895 3897
f 4000 3897 3899
f 3994 3882 3983
f 3983 3882 3881
f 3983 3881 3984
f 3984 3881 3886
f 3984 3886 4003
f 4003 3886 3888
f 4003 3888 3966
f 3966 3888 3890
f 3966 3890 3965
f 3898 3967 4001
f 4001 3967 3998
f 4001 3998 4000
f 4000 3998 3999
f 4000 3999 4002
f 3968 3970 3997
f 3997 3970 4004
f 3997 4004 3995
f 3995 4004 4005
f 3995 4005 3999
f 3999 4005 4006
f 3999 4006 4002
f 4002 4006 3893
f 4002 3893 3895
f 3985 3984 4007
f 4007 3984 4003
f 4007 4003 3980
f 3980 4003 3966
f 3980 3966 3981
f 3981 3966 3964
f 3981 3964 3982
f 3975 4008 3976
f 3976 4008 4009
f 3976 4009 4010
f 4010 4009 3963
f 4010 3963 4011
f 4011 3963 3965
f 4011 3965 3892
f 3892 3965 3890
f 4008 3979 4009
f 4009 3979 3978
f 4009 3978 3963
f 3963 3978 3977
f 3963 3977 3964
f 3964 3977 4012
f 3964 4012 3982
f 3892 3893 4011
f 4011 3893 4006
f 4011 4006 4010
f 4010 4006 4005
f 4010 4005 3976
f 3976 4005 4004
f 3976 4004 3974
f 3974 4004 3970
f 3974 3970 3973
f 3973 3970 3969
f 3973 3969 3971
f 4013 4014 3972
f 3972 4014 3537
f 3972 3537 3973
f 3973 3537 3539
f 3973 3539 3974
f 3974 3539 3975
f 3975 3539 4008
f 4008 3539 3482
f 4008 3482 3979
f 3979 3482 3481
f 3979 3481 3977
f 3977 3481 3484
f 3977 3484 4012
f 4012 3484 3485
f 4012 3485 3982
f 3982 3485 3487
f 3982 3487 3980
f 3487 3488 3980
f 3980 3488 3490
f 3980 3490 4007
f 4007 3490 3497
f 4007 3497 3985
f 3985 3497 3496
f 3985 3496 3983
f 3983 3496 3494
f 3983 3494 3994
f 3994 3494 3492
f 3994 3492 3993
f 3993 3492 3491
f 3993 3491 3991
f 3491 3501 3991
f 3991 3501 3499
f 3991 3499 3992
f 3506 3990 3504
f 3504 3990 3992
f 3504 3992 3498
f 3498 3992 3499
f 3987 3988 3506
f 3506 3988 3989
f 3506 3989 3990
f 3506 3509 3987
f 3987 3509 3511
f 3987 3511 3986
f 3986 3511 3515
f 3986 3515 3763
f 4014 4013 4015
f 1049 3538 4015
f 4015 3538 3537
f 4015 3537 4014
f 4015 4013 4016
f 4017 4018 4016
f 4016 4018 4019
f 4016 4019 4015
f 4015 4019 1049
f 4020 4021 4018
f 4018 4021 4019
f 4019 4021 1049
f 1049 4021 3389
f 1049 3389 3538
f 4022 4023 4024
f 4024 4025 4022
f 4022 4025 4026
f 4022 4026 4027
f 4027 4026 4028
f 4027 4028 4029
f 4029 4028 4030
f 4029 4030 4031
f 4031 4030 4032
f 4031 4032 4033
f 4033 4032 4021
f 4033 4021 4020
f 3389 4021 3390
f 3390 4021 4032
f 3390 4032 3477
f 3477 4032 4030
f 3477 4030 3467
f 3467 4030 4028
f 3467 4028 3459
f 3459 4028 4026
f 3459 4026 3450
f 3450 4026 4025
f 3450 4025 3451
f 3451 4025 4024
f 3447 3449 3611
f 4034 4035 4036
f 4036 4035 4037
f 4036 4037 4038
f 4038 4037 3679
f 4038 3679 4039
f 4039 3679 3678
f 4039 3678 4023
f 4023 3678 3684
f 4023 3684 4024
f 4024 3684 3696
f 4024 3696 3451
f 3696 3592 3451
f 3451 3592 3608
f 3451 3608 3449
f 3449 3608 3610
f 3449 3610 3611
f 3443 3445 3589
f 3447 3611 3445
f 3445 3611 3590
f 3445 3590 3589
f 3381 3380 3614
f 3443 3589 3380
f 3380 3589 3612
f 3380 3612 3614
f 3620 3618 3442
f 3381 3614 3442
f 3442 3614 3616
f 3442 3616 3620
f 3618 3617 3432
f 3432 3617 3622
f 3432 3433 3618
f 3618 3433 3435
f 3618 3435 3437
f 3628 3430 3626
f 3626 3430 3432
f 3626 3432 3621
f 3621 3432 3622
f 3437 3439 3618
f 3618 3439 3441
f 3618 3441 3442
f 3681 3679 4037
f 4037 4040 3681
f 3681 4040 4041
f 3681 4041 3682
f 3682 4041 4042
f 3682 4042 3670
f 3670 4042 4043
f 3670 4043 3672
f 3672 4043 4044
f 3672 4044 3674
f 3674 4044 4045
f 3674 4045 3676
f 4046 4045 4047
f 4047 4045 4044
f 4047 4044 4048
f 4048 4044 4043
f 4048 4043 4049
f 4049 4043 4042
f 4049 4042 4050
f 4050 4042 4041
f 4050 4041 4051
f 4051 4041 4040
f 4051 4040 4035
f 4035 4040 4037
f 4052 4053 4054
f 4055 4056 4057
f 4058 4059 4053
f 4060 4061 4062
f 4063 4064 4065
f 4065 4064 4066
f 4067 4068 4069
f 4069 4068 4070
f 4069 4070 4071
f 4072 4073 4074
f 4074 4073 4054
f 4059 4075 4053
f 4053 4075 4076
f 4053 4076 4054
f 4054 4076 4077
f 4054 4077 4074
f 4071 4078 4069
f 4069 4078 4079
f 4069 4079 4080
f 4080 4079 4081
f 4080 4081 4082
f 4082 4081 4083
f 4056 4058 4057
f 4057 4058 4053
f 4057 4053 4084
f 4084 4053 4052
f 4073 4085 4054
f 4054 4085 4086
f 4054 4086 4052
f 4052 4086 4087
f 4052 4087 4084
f 4084 4087 4088
f 4084 4088 4089
f 4090 4055 4091
f 4091 4055 4057
f 4091 4057 4092
f 4092 4057 4084
f 4092 4084 4093
f 4093 4084 4089
f 4093 4089 4094
f 4066 4095 4065
f 4065 4095 4062
f 4065 4062 4063
f 4063 4062 4061
f 4066 4067 4095
f 4095 4067 4069
f 4095 4069 4096
f 4096 4069 4080
f 4096 4080 4097
f 4097 4080 4082
f 4097 4082 4098
f 4098 4082 4083
f 4098 4083 4099
f 4085 4060 4086
f 4086 4060 4062
f 4086 4062 4087
f 4087 4062 4095
f 4087 4095 4088
f 4088 4095 4096
f 4088 4096 4089
f 4089 4096 4097
f 4089 4097 4094
f 4094 4097 4098
f 4094 4098 4100
f 4100 4098 4099
f 4035 4090 4051
f 4051 4090 4091
f 4051 4091 4050
f 4050 4091 4092
f 4050 4092 4049
f 4049 4092 4093
f 4049 4093 4048
f 4048 4093 4094
f 4048 4094 4047
f 4047 4094 4100
f 4047 4100 4046
f 4046 4100 4099
f 4101 4102 4081
f 4079 4103 4081
f 4081 4103 4104
f 4081 4104 4105
f 4105 4106 4081
f 4081 4106 4107
f 4081 4107 4108
f 4108 4109 4081
f 4081 4109 4110
f 4081 4110 4101
f 4111 4112 4079
f 4079 4112 4113
f 4079 4113 4103
f 4111 4079 4114
f 4114 4079 4078
f 4114 4078 4115
f 4070 4116 4071
f 4071 4116 1549
f 4071 1549 4078
f 4078 1549 4117
f 4078 4117 4115
f 4046 4099 4102
f 4102 4099 4083
f 4102 4083 4081
f 4046 4102 4045
f 4045 4102 4118
f 4045 4118 3676
f 4119 4120 4121
f 4120 4122 4121
f 4121 4122 4123
f 4121 4123 4119
f 4118 4120 3676
f 3676 4120 4119
f 3676 4119 3677
f 3677 4119 4124
f 3677 4124 4125
f 4125 4126 3677
f 3677 4126 4127
f 3677 4127 3689
f 3689 4127 4128
f 3689 4128 3698
f 4129 3702 4130
f 4130 3702 3698
f 4130 3698 4128
f 3702 4129 4131
f 3702 4131 3701
f 3701 4131 3741
f 3701 3741 3700
f 4132 3325 3326
f 4133 4134 4135
f 4135 4134 4136
f 4137 4138 4139
f 4139 4138 4140
f 4139 4140 4133
f 4133 4140 4141
f 4133 4141 4134
f 4142 4143 4144
f 4144 4143 4145
f 4144 4145 4137
f 4137 4145 4146
f 4137 4146 4138
f 4147 4148 4142
f 4142 4148 4149
f 4142 4149 4143
f 4142 4150 4147
f 4147 4150 4151
f 4147 4151 4152
f 4152 4151 4132
f 4152 4132 4153
f 4153 4132 4154
f 4132 3326 4154
f 4154 3326 3377
f 4154 3377 4155
f 4155 3377 3376
f 4155 3376 4156
f 4156 3376 3375
f 4156 3375 4157
f 4157 3375 3803
f 4157 3803 4158
f 4158 3803 3815
f 4158 3815 4159
f 4159 3815 3804
f 4159 3804 4160
f 3804 3805 4160
f 4160 3805 3806
f 4160 3806 4161
f 4161 3806 3769
f 4161 3769 4162
f 4162 3769 3741
f 4162 3741 4131
f 3325 4132 3324
f 3324 4132 4151
f 3324 4151 3291
f 3291 4151 3289
f 3289 4151 4150
f 3289 4150 3287
f 3287 4150 4142
f 3287 4142 3285
f 3285 4142 4144
f 3285 4144 3283
f 3283 4144 4137
f 3283 4137 3281
f 3281 4137 4139
f 3281 4139 3276
f 3276 4139 4133
f 3276 4133 3277
f 3949 3947 4163
f 4163 3947 3946
f 4163 3946 4164
f 4165 4166 3961
f 3961 4166 3962
f 4166 4167 3962
f 3962 4167 4168
f 3962 4168 3967
f 4168 4169 3967
f 3967 4169 4170
f 3967 4170 3996
f 3996 4170 4171
f 3996 4171 3997
f 3997 4171 4172
f 3997 4172 3968
f 3968 4172 3969
f 3969 4172 4173
f 3969 4173 3971
f 3971 4173 3972
f 3972 4173 4174
f 3972 4174 4175
f 4165 3961 4176
f 4176 3961 3949
f 4176 3949 4177
f 4177 3949 4163
f 4177 4163 4178
f 4178 4163 4164
f 4178 4164 4179
f 4179 4164 4180
f 4179 4180 4181
f 4181 4180 4182
f 4182 4180 4183
f 4182 4183 4184
f 4184 4183 4185
f 4184 4185 4186
f 4187 4188 4189
f 4189 4190 4187
f 4187 4190 4191
f 4187 4191 4185
f 4185 4191 4192
f 4185 4192 4186
f 4193 4194 4195
f 4195 4194 4196
f 3238 3240 4196
f 4180 3234 4183
f 4183 3234 3232
f 4183 3232 4185
f 4185 3232 3231
f 4185 3231 4187
f 4187 3231 3238
f 4187 3238 4188
f 4188 3238 4196
f 4188 4196 4189
f 4189 4196 4194
f 3946 3230 4164
f 4164 3230 3229
f 4164 3229 4180
f 4180 3229 3235
f 4180 3235 3234
f 4013 3972 4016
f 4016 3972 4175
f 4016 4175 4017
f 4017 4175 4197
f 4198 4018 4197
f 4197 4018 4017
f 4199 4200 4201
f 4202 4203 4204
f 4204 4203 4205
f 4204 4205 4201
f 4201 4205 4206
f 4201 4206 4199
f 4020 4018 4198
f 4198 4207 4020
f 4020 4207 4208
f 4020 4208 4204
f 4204 4208 4209
f 4204 4209 4210
f 4210 4211 4204
f 4204 4211 4212
f 4204 4212 4202
f 4023 4213 4039
f 4020 4204 4214
f 4020 4214 4033
f 4033 4214 4215
f 4033 4215 4031
f 4031 4215 4216
f 4031 4216 4029
f 4029 4216 4217
f 4029 4217 4027
f 4213 4023 4217
f 4217 4023 4022
f 4217 4022 4027
f 4204 4201 4214
f 4214 4201 4218
f 4214 4218 4215
f 4215 4218 4219
f 4215 4219 4216
f 4216 4219 4220
f 4216 4220 4217
f 4217 4220 4221
f 4217 4221 4213
f 4213 4221 4222
f 4213 4222 4039
f 4039 4222 4038
f 4201 4223 4218
f 4218 4223 4224
f 4218 4224 4219
f 4219 4224 4225
f 4219 4225 4220
f 4220 4225 4226
f 4220 4226 4221
f 4221 4226 4227
f 4221 4227 4222
f 4222 4227 4036
f 4222 4036 4038
f 4201 4228 4223
f 4223 4228 4229
f 4223 4229 4224
f 4224 4229 4230
f 4224 4230 4225
f 4225 4230 4231
f 4225 4231 4226
f 4226 4231 4232
f 4226 4232 4227
f 4227 4232 4233
f 4227 4233 4036
f 4036 4233 4034
f 4034 4233 4234
f 4235 4236 4237
f 4238 4239 4240
f 4240 4239 4241
f 4236 4235 4239
f 4239 4235 4242
f 4239 4242 4241
f 4243 4244 4237
f 4237 4244 4245
f 4237 4245 4235
f 4237 4246 4243
f 4243 4246 4247
f 4243 4247 4248
f 4249 4250 4251
f 4251 4250 4252
f 4251 4252 4253
f 4253 4252 4254
f 4229 4228 4255
f 4034 4234 4256
f 4256 4234 4257
f 4256 4257 4258
f 4259 4260 4257
f 4257 4260 4261
f 4257 4261 4258
f 4262 4263 4259
f 4259 4263 4264
f 4259 4264 4260
f 4233 4232 4265
f 4233 4265 4234
f 4234 4265 4266
f 4234 4266 4257
f 4257 4266 4267
f 4257 4267 4259
f 4232 4268 4265
f 4265 4268 4269
f 4265 4269 4266
f 4266 4269 4270
f 4266 4270 4267
f 4267 4270 4271
f 4267 4271 4272
f 4238 4262 4239
f 4239 4262 4259
f 4239 4259 4236
f 4236 4259 4267
f 4236 4267 4237
f 4237 4267 4272
f 4237 4272 4246
f 4230 4229 4273
f 4273 4229 4255
f 4273 4255 4274
f 4274 4255 4275
f 4274 4275 4249
f 4249 4275 4276
f 4249 4276 4250
f 4231 4230 4277
f 4277 4230 4273
f 4277 4273 4278
f 4278 4273 4274
f 4278 4274 4279
f 4279 4274 4249
f 4279 4249 4280
f 4280 4249 4251
f 4280 4251 4281
f 4281 4251 4253
f 4281 4253 4282
f 4282 4253 4254
f 4282 4254 4283
f 4232 4231 4268
f 4268 4231 4277
f 4268 4277 4269
f 4269 4277 4278
f 4269 4278 4270
f 4270 4278 4279
f 4270 4279 4271
f 4271 4279 4280
f 4271 4280 4272
f 4272 4280 4281
f 4272 4281 4246
f 4246 4281 4282
f 4246 4282 4247
f 4247 4282 4283
f 4247 4283 4248
f 4284 4285 4241
f 4241 4285 4072
f 4241 4072 4240
f 4072 4074 4240
f 4240 4074 4077
f 4240 4077 4238
f 4238 4077 4076
f 4056 4055 4256
f 4256 4258 4056
f 4056 4258 4261
f 4056 4261 4058
f 4058 4261 4260
f 4058 4260 4059
f 4059 4260 4264
f 4059 4264 4075
f 4075 4264 4263
f 4075 4263 4076
f 4076 4263 4262
f 4076 4262 4238
f 4055 4090 4256
f 4256 4090 4035
f 4256 4035 4034
f 4286 4287 4288
f 4289 4290 4286
f 4289 4286 4291
f 4291 4286 4288
f 4291 4288 4285
f 4285 4288 4292
f 4285 4292 4072
f 4293 4294 4295
f 4296 4297 4298
f 4299 4300 4301
f 4302 4303 4304
f 4067 4066 4305
f 4305 4066 4306
f 4302 4304 4300
f 4305 4307 4067
f 4067 4307 4308
f 4067 4308 4068
f 4068 4308 4070
f 4300 4299 4302
f 4302 4299 4309
f 4302 4309 4303
f 4061 4060 4296
f 4296 4060 4085
f 4296 4085 4297
f 4310 4311 4312
f 4292 4288 4313
f 4313 4288 4310
f 4313 4310 4314
f 4294 4293 4315
f 4310 4312 4314
f 4314 4312 4316
f 4314 4316 4293
f 4293 4316 4317
f 4293 4317 4315
f 4066 4064 4306
f 4306 4064 4063
f 4306 4063 4061
f 4318 4305 4304
f 4304 4305 4306
f 4304 4306 4300
f 4300 4306 4061
f 4300 4061 4301
f 4301 4061 4296
f 4301 4296 4299
f 4299 4296 4298
f 4299 4298 4309
f 4311 4310 4319
f 4319 4310 4288
f 4319 4288 4287
f 4085 4073 4297
f 4297 4073 4072
f 4297 4072 4298
f 4298 4072 4292
f 4298 4292 4309
f 4309 4292 4313
f 4309 4313 4303
f 4303 4313 4314
f 4303 4314 4304
f 4304 4314 4293
f 4304 4293 4318
f 4318 4293 4295
f 4318 4295 4305
f 4305 4295 4320
f 4305 4320 4307
f 4321 4322 2032
f 4294 4315 4322
f 4322 4321 4294
f 4294 4321 4323
f 4294 4323 4295
f 4295 4323 4324
f 4295 4324 4320
f 4320 4324 4307
f 4307 4324 4325
f 4307 4325 4308
f 4326 1549 4116
f 4070 4308 4116
f 4116 4308 4325
f 4116 4325 4326
f 4326 4325 4324
f 4326 4324 4327
f 4327 4324 4323
f 4327 4323 4328
f 4328 4323 4321
f 4328 4321 4329
f 4329 4321 2032
f 4330 4331 4332
f 4329 2032 4331
f 4331 4330 4329
f 4329 4330 4333
f 4329 4333 4328
f 4328 4333 4334
f 4328 4334 4327
f 4327 4334 4335
f 4327 4335 4326
f 4326 4335 4117
f 4326 4117 1549
f 4332 4336 4330
f 4330 4336 4337
f 4330 4337 4333
f 4333 4337 4338
f 4333 4338 4334
f 4334 4338 4339
f 4334 4339 4335
f 4335 4339 4340
f 4335 4340 4117
f 4117 4340 4115
f 4341 4342 4343
f 4344 4345 4346
f 4347 4332 4348
f 4347 4348 4349
f 4346 4345 4350
f 4350 4345 4351
f 4350 4351 4349
f 4341 4352 4346
f 4352 4353 4346
f 4346 4353 4354
f 4346 4354 4344
f 4355 4356 4357
f 4358 4359 4360
f 4360 4361 4358
f 4358 4361 4362
f 4358 4362 4363
f 4363 4362 4364
f 4363 4364 4365
f 4365 4364 4366
f 4365 4366 4356
f 4356 4366 4367
f 4356 4367 4357
f 4368 4369 4370
f 4370 4369 4371
f 4370 4371 4372
f 4370 4373 4368
f 4368 4373 4374
f 4368 4374 4375
f 4375 4374 4376
f 4375 4376 4377
f 4377 4376 4378
f 4377 4378 4379
f 4379 4378 4380
f 4379 4380 4359
f 4359 4380 4381
f 4359 4381 4360
f 4341 4346 4342
f 4342 4346 4382
f 4342 4382 4383
f 4357 4343 4355
f 4355 4343 4342
f 4355 4342 4384
f 4384 4342 4383
f 4349 4348 4350
f 4350 4348 4385
f 4350 4385 4386
f 4386 4387 4350
f 4350 4387 4388
f 4350 4388 4346
f 4346 4388 4389
f 4346 4389 4382
f 4338 4337 4390
f 4361 4360 4391
f 4370 4372 4392
f 4370 4392 4373
f 4373 4392 4393
f 4373 4393 4374
f 4374 4393 4394
f 4374 4394 4376
f 4376 4394 4395
f 4376 4395 4378
f 4378 4395 4380
f 4380 4395 4396
f 4380 4396 4381
f 4397 4364 4391
f 4391 4364 4362
f 4391 4362 4361
f 4398 4341 4343
f 4343 4357 4398
f 4398 4357 4367
f 4398 4367 4397
f 4397 4367 4366
f 4397 4366 4364
f 4399 4353 4398
f 4398 4353 4352
f 4398 4352 4341
f 4400 4345 4401
f 4401 4345 4344
f 4401 4344 4354
f 4336 4332 4347
f 4336 4347 4402
f 4402 4347 4349
f 4402 4349 4400
f 4400 4349 4351
f 4400 4351 4345
f 4114 4115 4340
f 4403 4111 4404
f 4404 4111 4114
f 4404 4114 4405
f 4405 4114 4340
f 4405 4340 4339
f 4103 4113 4403
f 4403 4113 4112
f 4403 4112 4111
f 4403 4406 4103
f 4103 4406 4407
f 4103 4407 4104
f 4104 4407 4408
f 4104 4408 4105
f 4105 4408 4409
f 4105 4409 4106
f 4106 4409 4396
f 4106 4396 4107
f 4107 4396 4108
f 4108 4396 4395
f 4108 4395 4109
f 4109 4395 4394
f 4109 4394 4110
f 4110 4394 4393
f 4110 4393 4101
f 4101 4393 4392
f 4101 4392 4102
f 4337 4336 4390
f 4390 4336 4402
f 4390 4402 4410
f 4410 4402 4400
f 4410 4400 4411
f 4411 4400 4401
f 4411 4401 4399
f 4399 4401 4354
f 4399 4354 4353
f 4339 4338 4405
f 4405 4338 4390
f 4405 4390 4404
f 4404 4390 4410
f 4404 4410 4403
f 4403 4410 4411
f 4403 4411 4406
f 4406 4411 4399
f 4406 4399 4407
f 4407 4399 4398
f 4407 4398 4408
f 4408 4398 4397
f 4408 4397 4409
f 4409 4397 4391
f 4409 4391 4396
f 4396 4391 4360
f 4396 4360 4381
f 4392 4412 4102
f 4412 4392 4413
f 4413 4392 4372
f 4413 4372 4414
f 4414 4415 4413
f 4413 4415 4416
f 4413 4416 4412
f 4412 4416 4118
f 4412 4118 4102
f 4369 4417 4371
f 4371 4417 4372
f 4372 4417 4414
f 4414 4417 4418
f 4414 4418 4419
f 4414 4419 4415
f 4415 4419 4420
f 4415 4420 4416
f 4416 4420 4120
f 4416 4120 4118
f 4129 4130 4421
f 4129 4421 4422
f 4422 4421 4423
f 4422 4423 4424
f 4424 4423 4425
f 4424 4425 4426
f 4426 4425 4427
f 4427 4425 4428
f 4427 4428 4429
f 4429 4428 4430
f 4429 4430 4431
f 4431 4430 4432
f 4431 4432 4433
f 4433 4432 4434
f 4433 4434 4435
f 4122 4120 4420
f 4425 4124 4428
f 4428 4124 4119
f 4428 4119 4430
f 4430 4119 4123
f 4430 4123 4432
f 4432 4123 4122
f 4432 4122 4434
f 4434 4122 4420
f 4434 4420 4435
f 4435 4420 4419
f 4130 4128 4421
f 4421 4128 4127
f 4421 4127 4423
f 4423 4127 4126
f 4423 4126 4425
f 4425 4126 4125
f 4425 4125 4124
f 4419 4418 4435
f 4435 4418 4436
f 4435 4436 4433
f 4436 4437 4433
f 4433 4437 4438
f 4433 4438 4431
f 4438 4439 4431
f 4431 4439 4440
f 4431 4440 4429
f 4429 4440 4441
f 4429 4441 4427
f 4441 4442 4427
f 4427 4442 4443
f 4427 4443 4426
f 4443 4444 4426
f 4426 4444 4445
f 4426 4445 4424
f 4424 4445 4446
f 4446 4447 4424
f 4424 4447 4448
f 4424 4448 4422
f 4422 4448 4131
f 4422 4131 4129
f 4442 4441 4449
f 4439 4438 4450
f 4437 4436 4451
f 4452 4453 4454
f 4455 4456 4457
f 4458 4459 4460
f 4461 4462 4460
f 4460 4462 4463
f 4460 4463 4458
f 4464 4465 4461
f 4461 4465 4466
f 4461 4466 4462
f 4467 4468 4464
f 4464 4468 4469
f 4464 4469 4465
f 4464 4470 4467
f 4467 4470 4471
f 4467 4471 4472
f 4473 4474 4475
f 4473 4475 4471
f 4471 4475 4476
f 4471 4476 4472
f 4477 4478 4473
f 4473 4478 4479
f 4473 4479 4474
f 4480 4481 4477
f 4477 4481 4482
f 4477 4482 4478
f 4477 4483 4480
f 4480 4483 4484
f 4480 4484 4485
f 4485 4484 4486
f 4485 4486 4487
f 4487 4486 4488
f 4487 4488 4489
f 4456 4455 4488
f 4488 4455 4490
f 4488 4490 4489
f 4453 4491 4454
f 4454 4491 4492
f 4454 4492 4457
f 4457 4492 4493
f 4457 4493 4455
f 4452 4454 4494
f 4494 4454 4451
f 4494 4451 4495
f 4495 4451 4496
f 4496 4451 4436
f 4496 4436 4418
f 4442 4449 4443
f 4447 4446 4497
f 4497 4446 4445
f 4497 4445 4444
f 4131 4448 4162
f 4162 4448 4498
f 4162 4498 4161
f 4161 4498 4499
f 4161 4499 4160
f 4500 4157 4501
f 4501 4157 4158
f 4501 4158 4499
f 4499 4158 4159
f 4499 4159 4160
f 4502 4153 4503
f 4503 4153 4154
f 4503 4154 4504
f 4504 4154 4155
f 4504 4155 4500
f 4500 4155 4156
f 4500 4156 4157
f 4505 4506 4143
f 4149 4148 4507
f 4507 4148 4147
f 4507 4147 4502
f 4502 4147 4152
f 4502 4152 4153
f 4143 4506 4145
f 4145 4506 4508
f 4145 4508 4146
f 4509 4140 4508
f 4508 4140 4138
f 4508 4138 4146
f 4510 4136 4511
f 4511 4136 4134
f 4511 4134 4509
f 4509 4134 4141
f 4509 4141 4140
f 4512 4513 4510
f 4510 4513 4514
f 4510 4514 4136
f 4515 4516 4517
f 4517 4516 4518
f 4517 4518 4519
f 4515 4520 4516
f 4516 4520 4521
f 4516 4521 4522
f 4522 4521 4523
f 4522 4523 4524
f 4525 4526 4527
f 4527 4526 4519
f 4527 4519 4528
f 4528 4519 4518
f 4528 4518 4529
f 4529 4518 4516
f 4529 4516 4530
f 4530 4516 4522
f 4530 4522 4531
f 4532 4533 4534
f 4534 4533 4535
f 4534 4535 4536
f 4536 4535 4537
f 4536 4537 4538
f 4538 4537 4539
f 4538 4539 4540
f 4540 4539 4541
f 4540 4541 4542
f 4542 4541 4543
f 4542 4543 4544
f 4544 4543 4545
f 4544 4545 4546
f 4546 4545 4547
f 4546 4547 4548
f 4548 4547 4549
f 4548 4549 4550
f 4550 4549 4551
f 4550 4551 4552
f 4552 4551 4553
f 4552 4553 4554
f 4554 4553 4555
f 4554 4555 4556
f 4556 4555 4557
f 4556 4557 4558
f 4558 4557 4559
f 4558 4559 4560
f 4560 4559 4561
f 4560 4561 4562
f 4562 4561 4449
f 4562 4449 4440
f 4440 4449 4441
f 4459 4563 4460
f 4460 4563 4564
f 4460 4564 4461
f 4461 4564 4565
f 4461 4565 4464
f 4464 4565 4566
f 4464 4566 4470
f 4470 4566 4567
f 4470 4567 4471
f 4471 4567 4568
f 4471 4568 4473
f 4473 4568 4569
f 4473 4569 4477
f 4477 4569 4570
f 4477 4570 4483
f 4483 4570 4571
f 4483 4571 4484
f 4484 4571 4572
f 4484 4572 4486
f 4486 4572 4573
f 4486 4573 4488
f 4488 4573 4574
f 4488 4574 4456
f 4456 4574 4575
f 4456 4575 4457
f 4457 4575 4576
f 4457 4576 4454
f 4454 4576 4577
f 4454 4577 4451
f 4451 4577 4450
f 4451 4450 4437
f 4437 4450 4438
f 4563 4532 4564
f 4564 4532 4534
f 4564 4534 4565
f 4565 4534 4536
f 4565 4536 4566
f 4566 4536 4538
f 4566 4538 4567
f 4567 4538 4540
f 4567 4540 4568
f 4568 4540 4542
f 4568 4542 4569
f 4569 4542 4544
f 4569 4544 4570
f 4570 4544 4546
f 4570 4546 4571
f 4571 4546 4548
f 4571 4548 4572
f 4572 4548 4550
f 4572 4550 4573
f 4573 4550 4552
f 4573 4552 4574
f 4574 4552 4554
f 4574 4554 4575
f 4575 4554 4556
f 4575 4556 4576
f 4576 4556 4558
f 4576 4558 4577
f 4577 4558 4560
f 4577 4560 4450
f 4450 4560 4562
f 4450 4562 4439
f 4439 4562 4440
f 4524 4512 4522
f 4522 4512 4510
f 4522 4510 4531
f 4531 4510 4511
f 4531 4511 4578
f 4578 4511 4509
f 4578 4509 4579
f 4579 4509 4508
f 4579 4508 4580
f 4580 4508 4506
f 4580 4506 4581
f 4581 4506 4505
f 4581 4505 4582
f 4582 4505 4583
f 4582 4583 4584
f 4584 4583 4585
f 4584 4585 4586
f 4586 4585 4587
f 4586 4587 4588
f 4588 4587 4589
f 4588 4589 4590
f 4590 4589 4591
f 4590 4591 4592
f 4592 4591 4593
f 4592 4593 4497
f 4497 4593 4594
f 4497 4594 4447
f 4143 4149 4505
f 4505 4149 4507
f 4505 4507 4583
f 4583 4507 4502
f 4583 4502 4585
f 4585 4502 4503
f 4585 4503 4587
f 4587 4503 4504
f 4587 4504 4589
f 4589 4504 4500
f 4589 4500 4591
f 4591 4500 4501
f 4591 4501 4593
f 4593 4501 4499
f 4593 4499 4594
f 4594 4499 4498
f 4594 4498 4447
f 4447 4498 4448
f 4533 4527 4535
f 4535 4527 4528
f 4535 4528 4537
f 4537 4528 4529
f 4537 4529 4539
f 4539 4529 4530
f 4539 4530 4541
f 4541 4530 4531
f 4541 4531 4543
f 4543 4531 4578
f 4543 4578 4545
f 4545 4578 4579
f 4545 4579 4547
f 4547 4579 4580
f 4547 4580 4549
f 4549 4580 4581
f 4549 4581 4551
f 4551 4581 4582
f 4551 4582 4553
f 4553 4582 4584
f 4553 4584 4555
f 4555 4584 4586
f 4555 4586 4557
f 4557 4586 4588
f 4557 4588 4559
f 4559 4588 4590
f 4559 4590 4561
f 4561 4590 4592
f 4561 4592 4449
f 4449 4592 4497
f 4449 4497 4443
f 4443 4497 4444
f 4595 4596 4597
f 4598 4599 4600
f 4601 4602 4603
f 4604 4605 4606
f 4607 4608 4609
f 4167 4166 4610
f 4610 4166 4165
f 4610 4165 4611
f 4167 4610 4168
f 4168 4610 4612
f 4168 4612 4169
f 4174 4173 4613
f 4613 4173 4172
f 4613 4172 4614
f 4614 4172 4171
f 4614 4171 4612
f 4612 4171 4170
f 4612 4170 4169
f 4615 4175 4174
f 4615 4174 4616
f 4616 4174 4613
f 4616 4613 4617
f 4604 4606 4618
f 4619 4620 4621
f 4621 4620 4600
f 4621 4600 4622
f 4622 4600 4599
f 4598 4600 4623
f 4623 4600 4624
f 4623 4624 4625
f 4625 4624 4626
f 4625 4626 4627
f 4627 4626 4628
f 4628 4626 4629
f 4628 4629 4630
f 4630 4629 4631
f 4630 4631 4632
f 4632 4631 4633
f 4632 4633 4634
f 4634 4633 4635
f 4634 4635 4636
f 4636 4635 4637
f 4637 4635 4638
f 4637 4638 4639
f 4640 4641 4642
f 4642 4641 4643
f 4642 4643 4638
f 4638 4643 4644
f 4638 4644 4639
f 4640 4642 4645
f 4645 4642 4646
f 4645 4646 4647
f 4647 4646 4648
f 4647 4648 4649
f 4649 4648 4650
f 4650 4648 4651
f 4650 4651 4652
f 4653 4654 4655
f 4655 4654 4656
f 4655 4656 4651
f 4651 4656 4657
f 4651 4657 4652
f 4655 4658 4653
f 4653 4658 4459
f 4653 4459 4458
f 4659 4660 4527
f 4527 4660 4661
f 4527 4661 4525
f 4662 4663 4664
f 4664 4665 4662
f 4662 4665 4666
f 4662 4666 4667
f 4663 4662 4668
f 4668 4662 4669
f 4668 4669 4670
f 4595 4671 4596
f 4596 4671 4672
f 4596 4672 4669
f 4669 4672 4673
f 4669 4673 4670
f 4194 4674 4189
f 4189 4674 4675
f 4189 4675 4190
f 4676 4192 4675
f 4675 4192 4191
f 4675 4191 4190
f 4677 4184 4676
f 4676 4184 4186
f 4676 4186 4192
f 4182 4678 4181
f 4181 4678 4679
f 4181 4679 4179
f 4179 4679 4680
f 4165 4176 4611
f 4611 4176 4177
f 4611 4177 4680
f 4680 4177 4178
f 4680 4178 4179
f 4666 4660 4667
f 4667 4660 4659
f 4667 4659 4662
f 4662 4659 4681
f 4662 4681 4669
f 4669 4681 4682
f 4669 4682 4596
f 4596 4682 4683
f 4596 4683 4597
f 4597 4683 4684
f 4533 4532 4685
f 4685 4532 4686
f 4685 4686 4687
f 4687 4686 4688
f 4687 4688 4689
f 4689 4688 4690
f 4689 4690 4691
f 4691 4690 4692
f 4691 4692 4693
f 4693 4692 4694
f 4693 4694 4695
f 4695 4694 4696
f 4695 4696 4697
f 4697 4696 4698
f 4697 4698 4699
f 4699 4698 4700
f 4699 4700 4701
f 4701 4700 4702
f 4701 4702 4703
f 4703 4702 4704
f 4703 4704 4705
f 4705 4704 4706
f 4705 4706 4707
f 4707 4706 4708
f 4707 4708 4709
f 4709 4708 4710
f 4709 4710 4711
f 4711 4710 4712
f 4711 4712 4609
f 4609 4712 4606
f 4609 4606 4607
f 4607 4606 4605
f 4563 4459 4713
f 4713 4459 4658
f 4713 4658 4714
f 4714 4658 4655
f 4714 4655 4715
f 4715 4655 4651
f 4715 4651 4716
f 4716 4651 4648
f 4716 4648 4717
f 4717 4648 4646
f 4717 4646 4718
f 4718 4646 4642
f 4718 4642 4719
f 4719 4642 4638
f 4719 4638 4720
f 4720 4638 4635
f 4720 4635 4721
f 4721 4635 4633
f 4721 4633 4722
f 4722 4633 4631
f 4722 4631 4723
f 4723 4631 4629
f 4723 4629 4724
f 4724 4629 4626
f 4724 4626 4725
f 4725 4626 4624
f 4725 4624 4726
f 4726 4624 4600
f 4726 4600 4727
f 4727 4600 4620
f 4727 4620 4603
f 4603 4620 4619
f 4603 4619 4601
f 4532 4563 4686
f 4686 4563 4713
f 4686 4713 4688
f 4688 4713 4714
f 4688 4714 4690
f 4690 4714 4715
f 4690 4715 4692
f 4692 4715 4716
f 4692 4716 4694
f 4694 4716 4717
f 4694 4717 4696
f 4696 4717 4718
f 4696 4718 4698
f 4698 4718 4719
f 4698 4719 4700
f 4700 4719 4720
f 4700 4720 4702
f 4702 4720 4721
f 4702 4721 4704
f 4704 4721 4722
f 4704 4722 4706
f 4706 4722 4723
f 4706 4723 4708
f 4708 4723 4724
f 4708 4724 4710
f 4710 4724 4725
f 4710 4725 4712
f 4712 4725 4726
f 4712 4726 4606
f 4606 4726 4727
f 4606 4727 4618
f 4618 4727 4603
f 4193 4595 4194
f 4194 4595 4597
f 4194 4597 4674
f 4674 4597 4684
f 4674 4684 4675
f 4675 4684 4728
f 4675 4728 4676
f 4676 4728 4729
f 4676 4729 4677
f 4677 4729 4730
f 4677 4730 4731
f 4731 4730 4732
f 4731 4732 4733
f 4733 4732 4734
f 4733 4734 4735
f 4735 4734 4736
f 4735 4736 4737
f 4737 4736 4738
f 4737 4738 4739
f 4739 4738 4740
f 4739 4740 4741
f 4741 4740 4742
f 4741 4742 4743
f 4743 4742 4744
f 4743 4744 4745
f 4745 4744 4746
f 4182 4184 4678
f 4678 4184 4677
f 4678 4677 4679
f 4679 4677 4731
f 4679 4731 4680
f 4680 4731 4733
f 4680 4733 4611
f 4611 4733 4735
f 4611 4735 4610
f 4610 4735 4737
f 4610 4737 4612
f 4612 4737 4739
f 4612 4739 4614
f 4614 4739 4741
f 4614 4741 4613
f 4613 4741 4743
f 4613 4743 4617
f 4617 4743 4745
f 4527 4533 4659
f 4659 4533 4685
f 4659 4685 4681
f 4681 4685 4687
f 4681 4687 4682
f 4682 4687 4689
f 4682 4689 4683
f 4683 4689 4691
f 4683 4691 4684
f 4684 4691 4693
f 4684 4693 4728
f 4728 4693 4695
f 4728 4695 4729
f 4729 4695 4697
f 4729 4697 4730
f 4730 4697 4699
f 4730 4699 4732
f 4732 4699 4701
f 4732 4701 4734
f 4734 4701 4703
f 4734 4703 4736
f 4736 4703 4705
f 4736 4705 4738
f 4738 4705 4707
f 4738 4707 4740
f 4740 4707 4709
f 4740 4709 4742
f 4742 4709 4711
f 4742 4711 4744
f 4744 4711 4609
f 4744 4609 4746
f 4746 4609 4608
f 4197 4175 4615
f 4197 4615 4747
f 4615 4616 4747
f 4747 4616 4617
f 4747 4617 4748
f 4617 4745 4748
f 4748 4745 4746
f 4748 4746 4749
f 4749 4746 4608
f 4749 4608 4750
f 4750 4608 4607
f 4750 4607 4751
f 4604 4752 4753
f 4751 4607 4753
f 4753 4607 4605
f 4753 4605 4604
f 4604 4618 4752
f 4752 4618 4603
f 4752 4603 4754
f 4754 4603 4602
f 4754 4602 4755
f 4755 4756 4757
f 4751 4753 4758
f 4758 4753 4752
f 4758 4752 4757
f 4757 4752 4754
f 4757 4754 4755
f 4759 4749 4760
f 4760 4749 4750
f 4760 4750 4761
f 4762 4747 4759
f 4759 4747 4748
f 4759 4748 4749
f 4209 4208 4197
f 4197 4208 4207
f 4197 4207 4198
f 4202 4212 4761
f 4761 4212 4211
f 4761 4211 4760
f 4760 4211 4210
f 4760 4210 4759
f 4759 4210 4209
f 4759 4209 4762
f 4762 4209 4197
f 4762 4197 4747
f 4750 4751 4761
f 4761 4751 4758
f 4761 4758 4202
f 4202 4758 4203
f 4203 4758 4205
f 4205 4758 4757
f 4205 4757 4206
f 4206 4757 4756
f 4206 4756 4199
f 4200 4199 4763
f 4763 4199 4756
f 4763 4756 4764
f 4764 4756 4755
f 4764 4755 4765
f 4200 4763 4766
f 4766 4763 4764
f 4766 4764 4767
f 4767 4764 4765
f 4767 4765 4768
f 4768 4769 4767
f 4767 4769 4770
f 4767 4770 4766
f 4766 4770 1777
f 4766 1777 4200
f 4771 4768 4765
f 4772 4771 4773
f 4773 4771 4765
f 4773 4765 4602
f 4602 4765 4755
f 4771 4772 4774
f 4768 4771 4775
f 4775 4771 4774
f 4775 4774 4776
f 4776 4774 4777
f 4778 4779 4777
f 4777 4779 4780
f 4777 4780 4776
f 4781 4782 4783
f 4783 4782 4784
f 4783 4784 4785
f 4785 4784 4786
f 4785 4786 4787
f 4787 4786 4788
f 4787 4788 4778
f 4778 4788 4789
f 4778 4789 4779
f 4781 4783 4790
f 4790 4783 4791
f 4790 4791 4792
f 4792 4791 4793
f 4793 4791 4794
f 4793 4794 4795
f 4795 4794 4796
f 4795 4796 4797
f 4798 4799 4800
f 4800 4799 4801
f 4801 4802 4800
f 4800 4802 4803
f 4800 4803 4804
f 4804 4803 4805
f 4804 4805 4806
f 4807 4808 4809
f 4809 4808 4810
f 4798 4800 4811
f 4811 4800 4812
f 4811 4812 4810
f 4810 4812 4813
f 4810 4813 4809
f 4797 4796 4806
f 4806 4796 4814
f 4806 4814 4804
f 4804 4814 4815
f 4804 4815 4800
f 4800 4815 4816
f 4800 4816 4812
f 4812 4816 4817
f 4812 4817 4813
f 4782 4786 4784
f 4807 4818 4819
f 4820 4810 4819
f 4819 4810 4808
f 4819 4808 4807
f 4801 4799 4821
f 4821 4799 4798
f 4821 4798 4820
f 4820 4798 4811
f 4820 4811 4810
f 4803 4822 4805
f 4805 4822 4823
f 4805 4823 4806
f 4806 4823 4797
f 4797 4823 4795
f 4795 4823 4824
f 4795 4824 4793
f 4793 4824 4825
f 4793 4825 4792
f 4782 4781 4825
f 4825 4781 4790
f 4825 4790 4792
f 4779 4826 4780
f 4780 4826 4827
f 4780 4827 4776
f 4769 4768 4775
f 4827 4828 1777
f 4775 4776 4769
f 4769 4776 4827
f 4769 4827 4770
f 4770 4827 1777
f 4828 4827 4829
f 4829 4827 4826
f 4829 4826 4830
f 4830 4826 4831
f 4830 4831 4832
f 4832 4831 4833
f 4832 4833 4834
f 4834 4833 4835
f 4834 4835 4836
f 4836 4835 4837
f 4837 4835 4838
f 4837 4838 4839
f 4839 4838 4840
f 4839 4840 4841
f 4841 4840 4842
f 4841 4842 4843
f 4843 4842 4844
f 4843 4844 4845
f 4845 4844 4846
f 4845 4846 4847
f 4847 4846 4848
f 4847 4848 4849
f 4849 4848 4850
f 4849 4850 4851
f 4779 4789 4826
f 4826 4789 4788
f 4826 4788 4831
f 4831 4788 4786
f 4831 4786 4833
f 4833 4786 4782
f 4833 4782 4835
f 4835 4782 4825
f 4835 4825 4838
f 4838 4825 4824
f 4838 4824 4840
f 4840 4824 4823
f 4840 4823 4842
f 4842 4823 4822
f 4842 4822 4844
f 4844 4822 4852
f 4844 4852 4846
f 4846 4852 4853
f 4846 4853 4848
f 4848 4853 4854
f 4848 4854 4850
f 4850 4854 4855
f 4803 4802 4822
f 4822 4802 4801
f 4822 4801 4852
f 4852 4801 4821
f 4852 4821 4853
f 4853 4821 4820
f 4853 4820 4854
f 4854 4820 4819
f 4854 4819 4855
f 4855 4819 4818
f 4856 4807 1751
f 4807 4856 4818
f 4818 4856 4857
f 4818 4857 4855
f 4857 4858 4855
f 4855 4858 4859
f 4855 4859 4850
f 4860 1758 4851
f 1751 4861 4856
f 4856 4861 4862
f 4856 4862 4857
f 4857 4862 4863
f 4857 4863 4858
f 4858 4863 4860
f 4858 4860 4859
f 4859 4860 4851
f 4859 4851 4850
f 4845 4250 4276
f 4250 4845 4252
f 4864 4283 4254
f 4864 4254 1758
f 4845 4847 4252
f 4252 4847 4849
f 4252 4849 4254
f 4254 4849 4851
f 4254 4851 1758
f 4836 4837 4865
f 4837 4839 4865
f 4865 4839 4841
f 4865 4841 4843
f 4828 4829 4865
f 4865 4829 4830
f 4830 4832 4865
f 4865 4832 4834
f 4865 4834 4836
f 4843 4845 4865
f 4865 4845 4276
f 4865 4276 4828
f 4828 4276 4275
f 4828 4275 1777
f 4201 4200 4228
f 4228 4200 1777
f 4228 1777 4255
f 4255 1777 4275
f 4866 4864 1758
f 4283 4864 4867
f 4867 4864 4866
f 4867 4866 4868
f 4869 4870 4871
f 4871 4870 4872
f 4871 4872 4868
f 4868 4872 4873
f 4868 4873 4867
f 4861 1751 4874
f 1758 4860 4866
f 4866 4860 4863
f 4866 4863 4868
f 4868 4863 4862
f 4868 4862 4871
f 4871 4862 4861
f 4871 4861 4869
f 4869 4861 4874
f 4869 4874 4870
f 4870 4874 4875
f 4235 4245 4876
f 4877 4878 4879
f 4879 4878 4880
f 4879 4880 4881
f 4882 4883 4877
f 4877 4883 4884
f 4877 4884 4878
f 4870 4875 4885
f 4885 4886 4870
f 4870 4886 4887
f 4870 4887 4872
f 4872 4887 4888
f 4872 4888 4873
f 4873 4888 4867
f 4888 4889 4867
f 4867 4889 4890
f 4867 4890 4283
f 4283 4890 4248
f 4235 4876 4242
f 4891 4892 4893
f 4893 4892 4241
f 4893 4241 4242
f 4242 4876 4893
f 4893 4876 4894
f 4893 4894 4891
f 4244 4895 4245
f 4245 4895 4896
f 4245 4896 4876
f 4876 4896 4897
f 4876 4897 4894
f 4888 4898 4889
f 4889 4898 4899
f 4889 4899 4890
f 4890 4899 4243
f 4890 4243 4248
f 4885 4882 4886
f 4886 4882 4877
f 4886 4877 4887
f 4887 4877 4900
f 4887 4900 4888
f 4881 4892 4879
f 4879 4892 4891
f 4879 4891 4877
f 4877 4891 4894
f 4877 4894 4900
f 4900 4894 4897
f 4900 4897 4888
f 4888 4897 4896
f 4888 4896 4898
f 4898 4896 4895
f 4898 4895 4899
f 4899 4895 4244
f 4899 4244 4243
f 4892 4901 4241
f 4241 4901 4284
f 4892 4881 4901
f 4901 4881 4902
f 4901 4902 4903
f 4904 4905 4906
f 4907 4908 4909
f 4910 4907 4911
f 4911 4907 4909
f 4911 4909 4912
f 4912 4909 4913
f 4909 4914 4913
f 4913 4914 4915
f 4913 4915 4916
f 4917 4918 4915
f 4915 4918 4919
f 4915 4919 4916
f 4920 4921 4922
f 4922 4921 4923
f 4924 4925 4904
f 4904 4925 4284
f 4904 4284 4905
f 4926 4927 4928
f 4928 4927 4929
f 4930 4931 4929
f 4929 4931 4932
f 4929 4932 4928
f 4933 4934 4935
f 4935 4936 4933
f 4933 4936 4937
f 4933 4937 4938
f 4939 4940 4941
f 4941 4940 4942
f 4941 4942 4937
f 4937 4942 4943
f 4937 4943 4938
f 4944 4945 4946
f 4946 4945 4920
f 4946 4920 4947
f 4947 4920 4922
f 4947 4922 4948
f 4948 4922 4923
f 4948 4923 4949
f 4949 4923 4950
f 4949 4950 4951
f 4951 4918 4949
f 4949 4918 4917
f 4949 4917 4948
f 4948 4917 4952
f 4948 4952 4947
f 4947 4952 4953
f 4947 4953 4946
f 4946 4953 4954
f 4946 4954 4944
f 4944 4954 4901
f 4944 4901 4903
f 4934 4930 4935
f 4935 4930 4929
f 4935 4929 4955
f 4955 4929 4927
f 4956 4939 4957
f 4957 4939 4941
f 4957 4941 4958
f 4958 4941 4937
f 4958 4937 4959
f 4959 4937 4936
f 4959 4936 4960
f 4960 4936 4935
f 4960 4935 4961
f 4961 4935 4955
f 4961 4955 4906
f 4906 4955 4927
f 4906 4927 4904
f 4904 4927 4926
f 4904 4926 4924
f 4284 4901 4905
f 4905 4901 4954
f 4905 4954 4906
f 4906 4954 4953
f 4906 4953 4961
f 4961 4953 4952
f 4961 4952 4960
f 4960 4952 4917
f 4960 4917 4959
f 4959 4917 4915
f 4959 4915 4958
f 4958 4915 4914
f 4958 4914 4957
f 4957 4914 4909
f 4957 4909 4956
f 4956 4909 4908
f 4962 4963 4926
f 4285 4284 4964
f 4964 4284 4925
f 4964 4925 4963
f 4963 4925 4924
f 4963 4924 4926
f 4962 4926 4965
f 4965 4926 4928
f 4965 4928 4966
f 4966 4928 4932
f 4966 4932 4967
f 4967 4932 4931
f 4967 4931 4968
f 4968 4931 4930
f 4968 4930 4969
f 4930 4934 4969
f 4969 4934 4933
f 4969 4933 4970
f 4940 4971 4942
f 4942 4971 4972
f 4942 4972 4943
f 4943 4972 4970
f 4943 4970 4938
f 4938 4970 4933
f 4967 4968 4973
f 4974 4975 4976
f 4976 4975 4977
f 4972 4971 4978
f 4979 4965 4973
f 4973 4965 4966
f 4973 4966 4967
f 4980 4963 4979
f 4979 4963 4962
f 4979 4962 4965
f 4291 4285 4980
f 4980 4285 4964
f 4980 4964 4963
f 4290 4981 4982
f 4982 4981 4983
f 4983 4984 4985
f 4985 4984 4986
f 4987 4988 4989
f 4989 4988 4990
f 4991 4992 4993
f 4993 4992 4994
f 4993 4994 4988
f 4988 4994 4995
f 4988 4995 4990
f 4977 4996 4976
f 4976 4996 4997
f 4976 4997 4998
f 4998 4997 4999
f 4998 4999 4991
f 4991 4999 5000
f 4991 5000 4992
f 4289 4291 5001
f 5001 4291 5002
f 5001 5002 5003
f 5003 5002 5004
f 5003 5004 5005
f 4983 4981 4984
f 4984 4981 5006
f 4984 5006 5007
f 5007 5006 5008
f 5007 5008 5009
f 4290 4289 4981
f 4981 4289 5001
f 4981 5001 5006
f 5006 5001 5003
f 5006 5003 5008
f 5008 5003 5005
f 5008 5005 5009
f 4291 4980 5002
f 5002 4980 4979
f 5002 4979 5004
f 5004 4979 4973
f 5004 4973 5005
f 5005 4973 4968
f 5005 4968 5009
f 5009 4968 4969
f 5009 4969 5010
f 5010 4969 4970
f 5010 4970 5011
f 5011 4970 4972
f 5011 4972 5012
f 5012 4972 4978
f 5012 4978 5013
f 5013 5014 5012
f 5012 5014 5015
f 5012 5015 5011
f 5011 5015 5016
f 5011 5016 5010
f 5010 5016 5017
f 5010 5017 5009
f 5009 5017 5018
f 5009 5018 5007
f 5007 5018 5019
f 5007 5019 4984
f 4984 5019 5020
f 4984 5020 4986
f 5014 4974 5015
f 5015 4974 4976
f 5015 4976 5016
f 5016 4976 4998
f 5016 4998 5017
f 5017 4998 4991
f 5017 4991 5018
f 5018 4991 4993
f 5018 4993 5019
f 5019 4993 4988
f 5019 4988 5020
f 5020 4988 4987
f 4995 4994 5021
f 4977 5022 5023
f 4999 4997 5023
f 5023 4997 4996
f 5023 4996 4977
f 5023 5024 4999
f 4999 5024 5025
f 4999 5025 5000
f 5000 5025 5026
f 5000 5026 4992
f 4992 5026 5027
f 4992 5027 4994
f 4994 5027 5028
f 4994 5028 5021
f 4995 5021 4990
f 4990 5021 5029
f 4990 5029 4989
f 4985 4986 5030
f 5030 4986 5020
f 5030 5020 5031
f 5031 5020 4987
f 5031 4987 5032
f 5032 4987 4989
f 5032 4989 5033
f 5033 4989 5029
f 5030 5034 4985
f 4985 5034 5035
f 4985 5035 4983
f 4983 5035 5036
f 4983 5036 4982
f 5036 5037 4982
f 4982 5037 5038
f 4982 5038 4290
f 4290 5038 5039
f 4290 5039 4286
f 4286 5039 4287
f 4287 5039 5040
f 4287 5040 4319
f 4319 5040 5041
f 4319 5041 4311
f 4311 5041 4312
f 4312 5041 5042
f 4312 5042 4316
f 4316 5042 5043
f 4316 5043 4317
f 4317 5043 5044
f 4317 5044 4315
f 5044 5045 4315
f 4315 5045 5046
f 4315 5046 4322
f 4322 5046 5047
f 4322 5047 2032
f 4813 5048 4809
f 4809 5048 5049
f 5049 5050 4809
f 4809 5050 5051
f 4809 5051 4807
f 4807 5051 5052
f 4807 5052 1751
f 4331 2032 5047
f 4385 4348 5053
f 5053 4348 5054
f 5054 4348 5047
f 5047 4348 4332
f 5047 4332 4331
f 1751 5052 5055
f 4878 4884 5056
f 5056 4884 4883
f 5056 4883 5057
f 5057 4883 4882
f 5057 4882 5058
f 5058 4882 4885
f 5058 4885 5059
f 5059 4885 4875
f 5059 4875 5055
f 5055 4875 4874
f 5055 4874 1751
f 5056 5060 4878
f 4878 5060 5061
f 4878 5061 4880
f 4880 5061 5062
f 4880 5062 4881
f 4881 5062 5063
f 4881 5063 4902
f 4902 5063 5064
f 4902 5064 4903
f 4903 5064 4944
f 4944 5064 5065
f 4944 5065 4945
f 4945 5065 5066
f 4945 5066 4920
f 4920 5066 5067
f 4920 5067 4921
f 4921 5067 5068
f 4921 5068 4923
f 4923 5068 5069
f 4923 5069 4950
f 5069 5070 4950
f 4950 5070 5071
f 4950 5071 4951
f 5071 5072 4951
f 4951 5072 5073
f 4951 5073 4918
f 5073 5074 4918
f 4918 5074 5075
f 4918 5075 4919
f 4919 5075 4916
f 4916 5075 5076
f 4916 5076 4913
f 4913 5076 5077
f 4913 5077 4912
f 4912 5077 4911
f 4911 5077 5078
f 4911 5078 4910
f 5079 5078 5077
f 3216 3214 5073
f 5073 3214 3212
f 5073 3212 5074
f 5074 3212 3210
f 5074 3210 5075
f 5075 3210 3208
f 5075 3208 5076
f 5076 3208 3207
f 5076 3207 5077
f 5077 3207 3190
f 5077 3190 5079
f 5073 5072 3216
f 3216 5072 5071
f 3216 5071 3221
f 3221 5071 5070
f 3221 5070 3149
f 3149 5070 5069
f 3149 5069 3151
f 3151 5069 5068
f 3151 5068 3158
f 3158 5068 3159
f 3159 5068 5067
f 3159 5067 3160
f 3160 5067 5066
f 3160 5066 3183
f 3183 5066 5065
f 3183 5065 3182
f 3182 5065 5064
f 3182 5064 3181
f 3181 5064 5063
f 3181 5063 3164
f 5080 3166 5081
f 5081 3166 3165
f 5081 3165 3164
f 3091 3179 5080
f 5080 3179 3180
f 5080 3180 3166
f 5080 5057 3091
f 3091 5057 5058
f 3091 5058 3087
f 3087 5058 5059
f 3087 5059 5055
f 5055 5052 3087
f 3087 5052 5082
f 3087 5082 3088
f 5063 5062 3164
f 3164 5062 5061
f 3164 5061 5081
f 5081 5061 5060
f 5081 5060 5080
f 5080 5060 5056
f 5080 5056 5057
f 5082 5052 5051
f 3096 3089 5051
f 5051 3089 3088
f 5051 3088 5082
f 3099 3100 5083
f 4636 3123 3097
f 3114 3113 4640
f 3123 4636 3122
f 3122 4636 4637
f 3122 4637 3120
f 3120 4637 4639
f 3120 4639 3110
f 3110 4639 4644
f 3110 4644 3111
f 3111 4644 4643
f 3111 4643 3113
f 3113 4643 4641
f 3113 4641 4640
f 4640 4645 3114
f 3114 4645 4647
f 3114 4647 3116
f 3116 4647 4649
f 3116 4649 3117
f 3117 4649 4650
f 3117 4650 3106
f 3106 4650 4652
f 3106 4652 3107
f 3107 4652 3101
f 3101 4652 4657
f 3101 4657 3102
f 3102 4657 4656
f 3102 4656 5084
f 5084 4656 4654
f 5084 4654 5085
f 5085 4654 4653
f 5085 4653 5086
f 4653 4458 5086
f 5086 4458 5087
f 5086 5087 5088
f 5088 5087 5089
f 4628 4630 5090
f 5090 4630 4632
f 5090 4632 5083
f 5083 4632 4634
f 5083 4634 3099
f 3099 4634 4636
f 3099 4636 3098
f 3098 4636 3097
f 4628 5090 4627
f 4627 5090 5091
f 4627 5091 4625
f 4625 5091 5092
f 4625 5092 4623
f 4621 4622 5093
f 5093 4622 4599
f 5093 4599 5092
f 5092 4599 4598
f 5092 4598 4623
f 4772 4773 5094
f 5094 4773 4602
f 5094 4602 4601
f 4778 5094 4787
f 4787 5094 4785
f 4778 4777 5094
f 5094 4777 4774
f 5094 4774 4772
f 4791 4783 5095
f 4621 5093 4619
f 4619 5093 5096
f 4619 5096 4601
f 4601 5096 5095
f 4601 5095 5094
f 5094 5095 4783
f 5094 4783 4785
f 5091 4816 5092
f 5092 4816 4815
f 5092 4815 5093
f 5093 4815 4814
f 5093 4814 5096
f 5096 4814 4796
f 5096 4796 5095
f 5095 4796 4794
f 5095 4794 4791
f 5048 4813 5091
f 5091 4813 4817
f 5091 4817 4816
f 5048 5091 5049
f 5049 5091 5090
f 5049 5090 5050
f 5050 5090 5083
f 5050 5083 5051
f 5051 5083 3100
f 5051 3100 3096
f 3204 3136 3135
f 3109 3103 5097
f 5084 5085 5098
f 5098 5085 5086
f 5098 5086 5099
f 5099 5086 5088
f 5099 5088 5089
f 5099 5100 5098
f 5098 5100 5101
f 5098 5101 5084
f 3109 5097 3137
f 3198 3202 5102
f 5102 3202 3204
f 5102 3204 5103
f 3201 3199 5104
f 3185 3191 5105
f 5105 3191 3193
f 5105 3193 5106
f 5106 3193 3195
f 5106 3195 5107
f 5107 3195 3197
f 5107 3197 3201
f 5089 5108 5099
f 5099 5108 5109
f 5099 5109 5110
f 5099 5111 5100
f 5100 5111 5112
f 5100 5112 5101
f 5101 5112 5097
f 5101 5097 5084
f 5084 5097 3103
f 5084 3103 3102
f 5103 5113 5102
f 5102 5113 5104
f 5102 5104 3198
f 3198 5104 3199
f 3204 3135 5103
f 5103 3135 3137
f 5103 3137 5113
f 5113 3137 5097
f 5113 5097 5104
f 5104 5097 5112
f 5104 5112 3201
f 3201 5112 5111
f 3201 5111 5107
f 5107 5111 5099
f 5107 5099 5106
f 5106 5099 5110
f 5106 5110 5105
f 5105 5110 5114
f 5105 5114 3185
f 3185 5114 5115
f 3185 5115 3186
f 5116 5117 5118
f 5119 5120 5121
f 5122 5114 5110
f 5123 5124 5125
f 5125 5124 5114
f 5125 5114 5126
f 5126 5114 5122
f 5126 5122 5127
f 5128 5129 5130
f 5130 5129 5131
f 5130 5131 5127
f 5132 5133 5134
f 5134 5133 5135
f 5134 5135 5136
f 5136 5135 5137
f 5136 5137 5138
f 5121 5120 5139
f 5116 5118 5089
f 5127 5122 5130
f 5130 5122 5110
f 5130 5110 5128
f 5128 5110 5109
f 5128 5109 5118
f 5118 5109 5108
f 5118 5108 5089
f 5140 5141 5142
f 5142 5141 5143
f 5142 5143 5144
f 5119 5121 5141
f 5141 5121 5139
f 5141 5139 5143
f 5143 5139 5145
f 5143 5145 5144
f 5146 5147 5148
f 5148 5147 5144
f 5148 5144 5138
f 5138 5144 5145
f 5138 5145 5136
f 5136 5145 5139
f 5136 5139 5134
f 5134 5139 5120
f 5134 5120 5132
f 5146 5129 5147
f 5147 5129 5128
f 5147 5128 5144
f 5144 5128 5118
f 5144 5118 5142
f 5142 5118 5117
f 5142 5117 5140
f 5133 5132 5149
f 5150 5151 5152
f 5152 5151 5153
f 5152 5153 5154
f 5154 5153 5155
f 5155 5153 5156
f 5155 5156 5157
f 5158 5159 5160
f 5161 5162 5163
f 5163 5162 5164
f 5163 5164 5165
f 5165 5164 5166
f 5165 5166 5167
f 5119 5141 5168
f 5168 5141 5169
f 5168 5169 5161
f 5161 5169 5170
f 5161 5170 5162
f 5133 5149 5171
f 5171 5149 5172
f 5171 5172 5173
f 5173 5172 5174
f 5174 5172 5175
f 5174 5175 5176
f 5176 5175 5177
f 5176 5177 5178
f 5179 5158 5156
f 5156 5158 5160
f 5156 5160 5157
f 5151 5180 5153
f 5153 5180 5181
f 5153 5181 5156
f 5156 5181 5182
f 5156 5182 5179
f 5132 5120 5149
f 5149 5120 5183
f 5149 5183 5172
f 5172 5183 5184
f 5172 5184 5175
f 5175 5184 5185
f 5175 5185 5177
f 5177 5185 5186
f 5177 5186 5178
f 5178 5186 5158
f 5178 5158 5187
f 5187 5158 5179
f 5120 5119 5183
f 5183 5119 5168
f 5183 5168 5184
f 5184 5168 5161
f 5184 5161 5185
f 5185 5161 5163
f 5185 5163 5186
f 5186 5163 5165
f 5186 5165 5158
f 5158 5165 5167
f 5158 5167 5159
f 5188 5189 5190
f 5190 5189 5191
f 5191 5189 5192
f 5192 5189 5151
f 5192 5151 5150
f 5193 5194 5195
f 5195 5194 5196
f 5195 5196 5197
f 5151 5189 5198
f 5198 5189 5188
f 5198 5188 5196
f 5196 5188 5199
f 5196 5199 5197
f 5198 5196 5200
f 5201 5202 5203
f 5203 5202 5204
f 5203 5204 5205
f 5206 5207 5208
f 5208 5207 5209
f 5208 5209 5204
f 5204 5209 5210
f 5204 5210 5205
f 5196 5194 5200
f 5200 5194 5211
f 5200 5211 5212
f 5212 5211 5213
f 5212 5213 5214
f 5214 5213 5215
f 5214 5215 5216
f 5216 5215 5206
f 5216 5206 5217
f 5217 5206 5208
f 5217 5208 5218
f 5218 5208 5204
f 5218 5204 5219
f 5219 5204 5202
f 5220 5179 5182
f 5220 5182 5221
f 5221 5182 5181
f 5221 5181 5180
f 5222 5133 5223
f 5223 5133 5171
f 5223 5171 5224
f 5224 5171 5173
f 5224 5173 5225
f 5226 5222 5227
f 5227 5222 5223
f 5227 5223 5228
f 5228 5223 5224
f 5228 5224 5229
f 5229 5224 5225
f 5229 5225 5230
f 5230 5225 5231
f 5230 5231 5220
f 5173 5174 5225
f 5225 5174 5176
f 5225 5176 5231
f 5231 5176 5178
f 5231 5178 5220
f 5220 5178 5187
f 5220 5187 5179
f 5194 5193 5211
f 5211 5193 5232
f 5211 5232 5233
f 5233 5234 5211
f 5211 5234 5235
f 5211 5235 5213
f 5213 5235 5236
f 5213 5236 5215
f 5215 5236 5237
f 5215 5237 5206
f 5206 5237 5238
f 5206 5238 5207
f 5219 5226 5218
f 5218 5226 5227
f 5218 5227 5217
f 5217 5227 5228
f 5217 5228 5216
f 5216 5228 5229
f 5216 5229 5214
f 5214 5229 5230
f 5214 5230 5212
f 5212 5230 5220
f 5212 5220 5200
f 5200 5220 5221
f 5200 5221 5198
f 5198 5221 5180
f 5198 5180 5151
f 5239 5240 5241
f 5242 5243 5244
f 5245 5246 5247
f 5248 5123 5125
f 5248 5125 5249
f 5250 5248 5251
f 5251 5248 5252
f 5246 5245 5253
f 5253 5245 5254
f 5253 5254 5255
f 5239 5241 5201
f 5201 5241 5202
f 5202 5241 5256
f 5202 5256 5219
f 5133 5222 5135
f 5135 5222 5257
f 5148 5138 5257
f 5257 5138 5137
f 5257 5137 5135
f 5125 5126 5249
f 5249 5126 5127
f 5249 5127 5258
f 5258 5127 5131
f 5258 5131 5259
f 5259 5131 5129
f 5259 5129 5260
f 5260 5129 5146
f 5260 5146 5261
f 5261 5146 5148
f 5262 5263 5264
f 5264 5263 5245
f 5264 5245 5265
f 5265 5245 5247
f 5265 5247 5264
f 5264 5247 5266
f 5226 5219 5267
f 5267 5219 5256
f 5267 5256 5268
f 5268 5256 5241
f 5268 5241 5244
f 5244 5241 5240
f 5244 5240 5242
f 5222 5226 5257
f 5257 5226 5267
f 5257 5267 5269
f 5269 5267 5268
f 5269 5268 5266
f 5266 5268 5244
f 5266 5244 5264
f 5264 5244 5243
f 5264 5243 5262
f 5148 5257 5261
f 5261 5257 5269
f 5261 5269 5260
f 5260 5269 5266
f 5260 5266 5259
f 5259 5266 5247
f 5259 5247 5258
f 5258 5247 5246
f 5258 5246 5249
f 5249 5246 5253
f 5249 5253 5248
f 5248 5253 5255
f 5248 5255 5252
f 4907 4910 5270
f 4907 5270 4908
f 4940 4939 5270
f 5270 4939 4956
f 5270 4956 4908
f 3189 3186 4940
f 4910 5078 5270
f 5270 5078 5079
f 5270 5079 4940
f 4940 5079 3190
f 4940 3190 3189
f 3186 5115 4940
f 4940 5115 5114
f 4940 5114 4971
f 5114 5124 4971
f 4971 5124 5123
f 4971 5123 5248
f 5271 5022 4977
f 4978 4971 5272
f 4978 5272 5013
f 4975 4974 5272
f 5272 4974 5014
f 5272 5014 5013
f 5248 5250 4971
f 4971 5250 5271
f 4971 5271 5272
f 5272 5271 4977
f 5272 4977 4975
f 5273 5047 5046
f 5250 5251 5271
f 5271 5251 5023
f 5271 5023 5022
f 5193 5195 5046
f 5046 5195 5197
f 5046 5197 5273
f 5046 5045 5193
f 5193 5045 5044
f 5193 5044 5232
f 5044 5043 5232
f 5232 5043 5274
f 5232 5274 5233
f 5233 5274 5234
f 5234 5274 5235
f 5235 5274 5275
f 5235 5275 5236
f 5237 5040 5039
f 5237 5039 5238
f 5238 5039 5038
f 5238 5038 5207
f 5207 5038 5037
f 5207 5037 5209
f 5037 5036 5209
f 5209 5036 5035
f 5209 5035 5210
f 5210 5035 5034
f 5210 5034 5205
f 5205 5034 5030
f 5205 5030 5203
f 5203 5030 5031
f 5203 5031 5201
f 5031 5032 5201
f 5201 5032 5033
f 5201 5033 5239
f 5239 5033 5029
f 5239 5029 5240
f 5240 5029 5242
f 5242 5029 5021
f 5242 5021 5243
f 5024 5245 5025
f 5025 5245 5263
f 5025 5263 5026
f 5026 5263 5262
f 5026 5262 5027
f 5027 5262 5243
f 5027 5243 5028
f 5028 5243 5021
f 5251 5252 5023
f 5023 5252 5255
f 5023 5255 5024
f 5024 5255 5254
f 5024 5254 5245
f 5237 5236 5040
f 5040 5236 5275
f 5040 5275 5041
f 5041 5275 5274
f 5041 5274 5042
f 5042 5274 5043
f 4384 4383 5276
f 5047 5273 5054
f 5054 5273 5197
f 5054 5197 5199
f 5054 5277 5053
f 5053 5277 5278
f 5053 5278 4385
f 4385 5278 5279
f 5280 4387 5279
f 5279 4387 4386
f 5279 4386 4385
f 4383 4382 5276
f 5276 4382 4389
f 5276 4389 5280
f 5280 4389 4388
f 5280 4388 4387
f 4384 5276 4355
f 4355 5276 5281
f 4355 5281 4356
f 4359 4358 5282
f 5282 4358 4363
f 5282 4363 5281
f 5281 4363 4365
f 5281 4365 4356
f 4368 4375 5283
f 5283 4375 4377
f 5283 4377 4379
f 4418 4417 5283
f 5283 4417 4369
f 5283 4369 4368
f 4379 4359 5283
f 5283 4359 5282
f 5283 5282 4418
f 4418 5282 4496
f 4496 5282 4495
f 4495 5282 5281
f 4495 5281 4494
f 4494 5281 5276
f 4494 5276 4452
f 5280 4492 4491
f 5280 4491 5276
f 5276 4491 4453
f 5276 4453 4452
f 4485 4487 5277
f 5277 4487 4489
f 5277 4489 5278
f 5278 4489 4490
f 5278 4490 5279
f 5279 4490 4455
f 5279 4455 5280
f 5280 4455 4493
f 5280 4493 4492
f 5199 5188 5054
f 5054 5188 5190
f 5054 5190 5277
f 5277 5190 5191
f 5277 5191 4485
f 4485 5191 5192
f 4485 5192 4480
f 4480 5192 5150
f 4480 5150 4481
f 5150 5152 4481
f 4481 5152 5154
f 4481 5154 4482
f 4482 5154 5155
f 4482 5155 4478
f 4478 5155 5157
f 4476 4475 5160
f 5160 4475 4474
f 5160 4474 5157
f 5157 4474 4479
f 5157 4479 4478
f 5087 4458 4463
f 5160 5159 4476
f 4476 5159 5167
f 4476 5167 4472
f 4472 5167 5166
f 4472 5166 4467
f 4467 5166 5164
f 4467 5164 4468
f 4468 5164 5162
f 4468 5162 4469
f 4469 5162 5170
f 4469 5170 4465
f 4465 5170 5169
f 4465 5169 4466
f 4466 5169 5141
f 4466 5141 4462
f 4462 5141 5140
f 4462 5140 4463
f 4463 5140 5117
f 4463 5117 5087
f 5087 5117 5116
f 5087 5116 5089
f 3302 3630 3304
f 3304 3630 3629
f 3304 3629 3306
f 3264 3266 3384
f 3384 3266 3268
f 3384 3268 3427
f 3264 3384 3262
f 3262 3384 3383
f 3262 3383 3261
f 3239 3237 3431
f 3431 3237 3236
f 3431 3236 3226
f 3226 3225 3431
f 3431 3225 3257
f 3431 3257 3434
f 3430 4664 4663
f 4526 4525 3430
f 3430 4525 4661
f 3430 4661 4660
f 3313 3319 3625
f 3268 3270 3427
f 3427 3270 3272
f 3427 3272 3429
f 3257 3241 3434
f 3434 3241 3243
f 3434 3243 3244
f 3431 4193 4195
f 4520 4515 3628
f 3628 4515 4517
f 3628 4517 3430
f 3430 4517 4519
f 3430 4519 4526
f 4660 4666 3430
f 3430 4666 4665
f 3430 4665 4664
f 3319 3318 3625
f 3625 3318 3317
f 3625 3317 3627
f 3627 3317 3315
f 3627 3315 3314
f 3302 3301 3630
f 3630 3301 3298
f 3630 3298 3631
f 3631 3298 3297
f 3244 3258 3434
f 3434 3258 3259
f 3434 3259 3383
f 3383 3259 3260
f 3383 3260 3261
f 4195 4196 3431
f 3431 4196 3240
f 3431 3240 3239
f 4663 4668 3430
f 3430 4668 4670
f 3430 4670 4673
f 4673 4672 3430
f 3430 4672 4671
f 3430 4671 3431
f 3431 4671 4595
f 3431 4595 4193
f 3628 4512 4524
f 3314 3280 3627
f 3627 3280 3279
f 3627 3279 3278
f 3297 3311 3631
f 3631 3311 3310
f 3631 3310 3625
f 3625 3310 3309
f 3625 3309 3313
f 3306 3629 3308
f 3308 3629 3636
f 3308 3636 3369
f 3369 3636 3635
f 3369 3635 3368
f 4524 4523 3628
f 3628 4523 4521
f 3628 4521 4520
f 3278 3277 3627
f 3627 3277 4133
f 3627 4133 4135
f 4135 4136 3627
f 3627 4136 4514
f 3627 4514 3628
f 3628 4514 4513
f 3628 4513 4512
f 3368 3635 3367
f 3367 3635 3634
f 3367 3634 3366
f 3366 3634 3633
f 3366 3633 3365
f 3365 3633 3632
f 3365 3632 3364
f 3364 3632 3639
f 3364 3639 3363
f 3272 3952 3429
f 3429 3952 3955
f 3429 3955 3426
f 3426 3955 3954
f 3426 3954 3424
f 3424 3954 3956
f 3424 3956 3422
f 3422 3956 3960
f 3422 3960 3421
f 3363 3639 3362
f 3362 3639 3640
f 3362 3640 3361
f 3361 3640 3415
f 3361 3415 3957
f 3415 3413 3957
f 3957 3413 3412
f 3957 3412 3958
f 3958 3412 3421
f 3958 3421 3959
f 3959 3421 3960
