episode,physics_step,command_id,reference_frame,time_s,region,interpolation_step,A_ik_position_m,A_ik_rotation_rad,B_command_position_m,B_command_rotation_rad,C_tracking_position_m,C_tracking_rotation_rad,total_position_m,total_rotation_rad,FK_runtime_consistency_position_m,FK_runtime_consistency_rotation_rad
0,1,0,0,0.008333333333333333,startup,1,1.8410966031475738e-16,0.0,0.0052433366734722,0.020515551947584625,0.0015576100856437253,0.005775745743532135,0.006781827315507917,0.026290420230083444,3.276996452393961e-07,5.93807066833119e-07
0,2,0,0,0.016666666666666666,startup,2,1.8410966031475738e-16,0.0,0.0034991678943190893,0.013656150310114147,0.002864011384977004,0.010098575707402782,0.006279938222448129,0.02374675014397538,1.8951931130083228e-07,4.539354506649926e-07
0,3,0,0,0.025,startup,3,1.8410966031475738e-16,0.0,0.0017513771768039755,0.006817660005833748,0.003980727261621299,0.013332893307971489,0.005606461730843213,0.020130594988868763,1.9436779322427238e-07,6.426530674948667e-07
0,4,0,0,0.03333333333333333,startup,4,1.8410966031475738e-16,0.0,2.2576216586125924e-08,1.5196262340524156e-07,0.004949974498495652,0.015811309703045943,0.004949981122569507,0.015811211477377556,1.881869129353174e-07,1.6858739404357617e-07
0,5,1,1,0.041666666666666664,work,1,6.206335383118183e-17,0.0,0.005052234946650964,0.015128055611753143,0.005465709952111242,0.016071478210065604,0.009509019635269985,0.031018680951404535,1.862159916518912e-07,4.740349567111404e-07
0,6,1,1,0.05,work,2,6.206335383118183e-17,0.0,0.003369490087112353,0.01008286281817756,0.006126585421068974,0.016411666352023867,0.008662968967955436,0.026319419828057817,2.849101963223548e-07,7.09645801770134e-07
0,7,1,1,0.058333333333333334,work,3,6.206335383118183e-17,0.0,0.0016853988925006743,0.0050402445430005015,0.0068726693473992245,0.01691971671307348,0.008010013367308945,0.021777154129625793,1.7167406021192572e-07,6.056547591954962e-07
0,8,1,1,0.06666666666666667,work,4,6.206335383118183e-17,0.0,1.469446975336416e-08,1.3328003749250115e-07,0.007638114744825237,0.017686623799817024,0.007638101800834446,0.017686692461038024,1.5597102383698993e-07,4.6169559314339464e-07
0,9,2,2,0.075,work,1,2.0206364052201326e-16,0.0,0.005702730831083415,0.01745089868312185,0.008833942355531013,0.019846074752146416,0.013522234793791128,0.037013389018937075,2.5013613046536554e-07,7.220531368008723e-07
0,10,2,2,0.08333333333333333,work,2,2.0206364052201326e-16,0.0,0.003799912854425941,0.011625201729251041,0.009971258273885234,0.022381492233726485,0.01290720791166033,0.033544856860710376,2.0278545228056534e-07,5.975347058702557e-07
0,11,2,2,0.09166666666666666,work,3,2.0206364052201326e-16,0.0,0.0018989910545668552,0.005808214914772007,0.010999695234731351,0.025149087547588985,0.012366014329510294,0.030547991955005356,1.8278627054873985e-07,4.712160915387253e-07
0,12,2,2,0.1,work,4,2.0206364052201326e-16,0.0,2.8175333164054787e-08,9.884312124119402e-08,0.011892932809149657,0.028060541107580255,0.011892948408166761,0.02806055849285802,2.2372503875501968e-07,7.691078126766694e-07
0,13,3,3,0.10833333333333334,work,1,8.777083671441753e-17,0.0,0.006123591191161481,0.021204767065602297,0.01295791511227653,0.03198251685672908,0.01807353914880947,0.05157008550631565,2.042835934235839e-07,7.80570557934575e-07
0,14,3,3,0.11666666666666667,work,2,8.777083671441753e-17,0.0,0.004081736837660763,0.014110326547490653,0.013862804961631938,0.03600257649807101,0.017156469339366025,0.04890749062035468,3.3664339474922717e-07,8.03005312997554e-07
0,15,3,3,0.125,work,3,8.777083671441753e-17,0.0,0.0020405309112537223,0.007042059937681089,0.01460578541740881,0.04009263863657708,0.016194498094351344,0.046473920913871355,2.8945077441022964e-07,5.95300923449941e-07
0,16,3,3,0.13333333333333333,work,4,8.777083671441753e-17,0.0,7.947135442874472e-09,9.884312124119402e-08,0.01519495313248335,0.04424476283231792,0.015194949898819698,0.044244711638208534,1.3218028967411644e-07,1.1920928955078128e-07
0,17,4,4,0.14166666666666666,work,1,8.777083671441753e-17,0.0,0.006029805164961493,0.024748712172418218,0.01569308041034678,0.04871615397223854,0.02078551438829333,0.07045041477470755,2.795827189939986e-07,5.543552409928541e-07
0,18,4,4,0.15,work,2,8.777083671441753e-17,0.0,0.004023494197341255,0.016473302672087554,0.01606905003528483,0.05369275489719093,0.019399613998390266,0.068353220422513,2.6948284029544957e-07,3.99840112477504e-07
0,19,4,4,0.15833333333333333,work,3,8.777083671441753e-17,0.0,0.002013554761168596,0.00822377043269876,0.016338802648087188,0.0589553739908064,0.01797081426880212,0.06634754259590032,1.2104903719911674e-07,6.743495761743077e-07
0,20,4,4,0.16666666666666666,work,4,8.777083671441753e-17,0.0,3.550778974196628e-08,1.4600096599955432e-07,0.016520675001876716,0.06438195849478275,0.016520696493567393,0.06438188064180748,1.5713826034477068e-07,4.1935584781975493e-07
0,21,5,5,0.175,work,1,5.551115123125783e-17,0.0,0.00576637444180755,0.02892931813546978,0.01657064216673411,0.07006427038931876,0.021490926236663977,0.09528003092392902,2.0801183905320036e-07,6.542950391799285e-07
0,22,5,5,0.18333333333333332,work,2,5.551115123125783e-17,0.0,0.0038501549185145528,0.019274383810923525,0.016571636898675555,0.07628054348398022,0.01980772250347973,0.09337623729978618,1.9218666543757582e-07,7.527667844483354e-07
0,23,5,5,0.19166666666666665,work,3,5.551115123125783e-17,0.0,0.0019280141343798905,0.009631342945775372,0.01654090794021657,0.08266271193142696,0.01813383372853517,0.09131531042404906,1.41604635069338e-07,3.769728732309799e-07
0,24,5,5,0.2,work,4,5.551115123125783e-17,0.0,4.9877464922385355e-08,8.429369702178807e-08,0.016410863978328524,0.08899963474278855,0.016410903081778568,0.08899960795586916,1.4913344489771793e-07,6.556510925292998e-07
0,25,6,6,0.20833333333333334,work,1,5.551115123125783e-17,0.0,0.005707905059021595,0.03109886065823331,0.01601613359637206,0.0952457229099662,0.020893046403088263,0.12244905832743957,2.191555548301443e-07,7.884953353001498e-07
0,26,6,6,0.21666666666666667,work,2,5.551115123125783e-17,0.0,0.0038112120239687255,0.02073273588471187,0.015471902915735743,0.10192702346564804,0.018772265212392364,0.12029055654666784,3.6357275171023865e-07,1.0481778022688137e-06
0,27,6,6,0.225,work,3,5.551115123125783e-17,0.0,0.0019085716447559335,0.010366604817071249,0.015042725132328398,0.1088632808422793,0.016706763833973525,0.11816412896187925,3.5779859227339626e-07,9.329602624475163e-07
0,28,6,6,0.23333333333333334,work,4,5.551115123125783e-17,0.0,4.329224304570846e-08,4.2146848510894035e-08,0.014773709454837332,0.11525786266192858,0.014773678033870941,0.11525786135823227,1.8746170301256708e-07,7.432677694165705e-07
0,29,7,7,0.24166666666666667,work,1,1.0007415106216802e-16,0.0,0.005565150338794872,0.03207571388750624,0.014247370717419439,0.12022963627567548,0.018630494604819973,0.14822700397951685,3.808254006766927e-07,8.709215638758285e-07
0,30,7,7,0.25,work,2,1.0007415106216802e-16,0.0,0.0037158201473180856,0.021382738919249897,0.01381262134129728,0.12485097556418132,0.016743529735443453,0.1436617800210513,3.7918778611225644e-07,1.3440814356541507e-06
0,31,7,7,0.2583333333333333,work,3,1.0007415106216802e-16,0.0,0.0018607716972432469,0.010691016514646275,0.013375796799668351,0.12920617017040895,0.01486217158706238,0.1386835219622623,3.502572620193827e-07,1.0670729750375966e-06
0,32,7,7,0.26666666666666666,work,4,1.0007415106216802e-16,0.0,1.4441415204814062e-08,1.264405455326821e-07,0.012965293157813003,0.13330578732551407,0.012965287960655067,0.13330591262338332,2.46860307103664e-07,6.822063411628993e-07
0,33,8,8,0.275,work,1,1.3947004136484323e-16,0.0,0.005718160093409809,0.03194285337582978,0.01238000042682666,0.13667067070221312,0.01692663878960826,0.16451790346143613,3.619457266543011e-07,1.1702867696328247e-06
0,34,8,8,0.2833333333333333,work,2,1.3947004136484323e-16,0.0,0.0038166900222650953,0.0212880902661482,0.011927367647675383,0.1393421365082467,0.01507313887846821,0.15799150628609937,1.5374612422283142e-07,6.963802245585908e-07
0,35,8,8,0.2916666666666667,work,3,1.3947004136484323e-16,0.0,0.001910628983375821,0.010640353611800775,0.011595305398014493,0.14137841235052898,0.013226272925365408,0.15072535447179977,3.012261661155659e-07,7.039911634336578e-07
0,36,8,8,0.3,work,4,1.3947004136484323e-16,0.0,2.446090573854507e-08,1.7631291696726137e-07,0.011368759011544598,0.1428718373309972,0.011368763518208338,0.1428720141015864,1.6336539724729174e-07,1.7631291696726137e-07
0,37,9,9,0.30833333333333335,work,1,8.441528768080324e-17,0.0,0.006043864113087547,0.029804814983800113,0.011055320891707776,0.14224313978661618,0.01625337044512836,0.16753517542866003,1.774353318573614e-07,3.746093836419747e-07
0,38,9,9,0.31666666666666665,work,2,8.441528768080324e-17,0.0,0.004030200186180796,0.019847048015416417,0.010940846734840146,0.14131287759473612,0.014560472706407248,0.15818652072366465,4.767065203916521e-07,9.620197052698809e-07
0,39,9,9,0.325,work,3,8.441528768080324e-17,0.0,0.0020155946414049533,0.00991202760864855,0.011001806210118993,0.140082636715884,0.012867983606546332,0.14852062032286426,2.9982771488208717e-07,8.627244726497078e-07
0,40,9,9,0.3333333333333333,work,4,8.441528768080324e-17,0.0,2.744065545633228e-08,0.0,0.01116573422290778,0.13770498673548093,0.011165724593246138,0.1377049920065163,4.861001558705103e-07,1.1050996910178299e-06
0,41,10,10,0.3416666666666667,work,1,1.4946834900704541e-16,0.0,0.003481730277132,0.029369448494818633,0.010635393907563021,0.1342073316701249,0.013953123758506788,0.15875135543811172,3.424889780741187e-07,9.03949194437458e-07
0,42,10,10,0.35,work,2,1.4946834900704541e-16,0.0,0.002313775276471469,0.019559938940750064,0.010255759841531218,0.13085770087849619,0.012482866616080635,0.14720327949111217,2.79167417493375e-07,6.237164001600872e-07
0,43,10,10,0.35833333333333334,work,3,1.4946834900704541e-16,0.0,0.0011532969502005203,0.009770091005401492,0.009998773468638571,0.1274102664486124,0.011109302156461909,0.1355734188915786,2.1841519872779505e-07,4.712160915387253e-07
0,44,10,10,0.36666666666666664,work,4,1.4946834900704541e-16,0.0,5.2300243291352606e-08,1.1920928955078128e-07,0.009806265401912368,0.1238999486679559,0.009806300971358553,0.1238999288711976,2.464231197329691e-07,4.558878702157255e-07
0,45,11,11,0.375,work,1,1.0103182026100663e-16,0.0,0.0026555829238652582,0.033458063369507754,0.008763523525230965,0.12203466648118717,0.010196857270401642,0.1500650150757654,3.2880941490566693e-07,8.107108180961333e-07
0,46,11,11,0.3833333333333333,work,2,1.0103182026100663e-16,0.0,0.0017690664855670268,0.022306919086339267,0.007574725463006151,0.11928272871110113,0.008581417284520549,0.13821002818810915,2.3101006989404845e-07,5.347835554160599e-07
0,47,11,11,0.39166666666666666,work,3,1.0103182026100663e-16,0.0,0.0008842096447502466,0.01115429391162312,0.0065318333212521585,0.11532350652521096,0.007049226764595174,0.12489287827547578,8.604262063491828e-08,6.822063411628993e-07
0,48,11,11,0.4,work,4,1.0103182026100663e-16,0.0,6.169266300524512e-09,7.300048299977715e-08,0.005661796468032001,0.11110025693382992,0.005661791752869964,0.11110018073875949,1.2485188373251484e-07,2.528810910653644e-07
0,49,12,12,0.4083333333333333,work,1,1.6653345369377348e-16,0.0,0.006163859482623808,0.03478926354694924,0.0056713095541501965,0.1072006823690031,0.01082252106436012,0.1386714290294207,2.9216379267661144e-07,5.960464477539085e-07
0,50,12,12,0.4166666666666667,work,2,1.6653345369377348e-16,0.0,0.0041164349832463094,0.02322551450988882,0.00598984501586289,0.10378594568840604,0.009572022422165316,0.12495370254221716,1.1845555698402084e-07,4.172325134277351e-07
0,51,12,12,0.425,work,3,1.6653345369377348e-16,0.0,0.0020621322733803725,0.011629173285430568,0.006428670117149143,0.1004148022867733,0.008264610107026057,0.1110924479954529,2.7774519490388187e-07,3.8628224721001805e-07
0,52,12,12,0.43333333333333335,work,4,1.6653345369377348e-16,0.0,8.570599816895661e-09,4.2146848510894035e-08,0.006897133207934959,0.0968898854245306,0.006897125447498372,0.09688985050165876,1.1581969986374306e-07,5.91559208669641e-07
0,53,13,13,0.44166666666666665,work,1,1.1188630228279524e-16,0.0,0.00662823982346694,0.032421889619343135,0.007615361156713808,0.09226873887012764,0.014079373624539168,0.12287395394966215,3.2920123260570715e-07,5.487189483500131e-07
0,54,13,13,0.45,work,2,1.1188630228279524e-16,0.0,0.004421652648322157,0.021666715240790897,0.008303892969365782,0.0879945412957156,0.012618695940418442,0.10862694046661094,1.6526681611994179e-07,3.746093836419747e-07
0,55,13,13,0.4583333333333333,work,3,1.1188630228279524e-16,0.0,0.002212484177573554,0.010859461528951647,0.008986000509204544,0.08359579004894742,0.011140228641053716,0.09402876179357965,3.0365801935263323e-07,5.238770196213423e-07
0,56,13,13,0.4666666666666667,work,4,1.1188630228279524e-16,0.0,2.9061315202381677e-08,4.2146848510894035e-08,0.009663569872961868,0.07937664504248249,0.009663550857711182,0.07937662036754858,1.6602044637774067e-07,3.039252468104833e-07
0,57,14,14,0.475,work,1,3.925231146709438e-17,0.0,0.0054782937129295725,0.038740033881316575,0.009870952314565614,0.07701462271888025,0.015086853830059142,0.11458486947737563,1.7757896148506522e-07,3.068336886461678e-07
0,58,14,14,0.48333333333333334,work,2,3.925231146709438e-17,0.0,0.0036654069201338853,0.025887091037758516,0.01015623746023757,0.07550861736542626,0.013710310296035534,0.10099283689622646,1.5675930129204705e-07,2.3084779657169695e-07
0,59,14,14,0.49166666666666664,work,3,3.925231146709438e-17,0.0,0.001839681321037759,0.012973722602189725,0.010480039195552897,0.07488913098099174,0.0122931112805632,0.08780620396074222,3.921037122506726e-08,5.885487096944919e-07
0,60,14,14,0.5,work,4,3.925231146709438e-17,0.0,1.4075626520779305e-08,4.2146848510894035e-08,0.010924661285302704,0.07440605255392235,0.010924658567810242,0.0744060373040375,1.7516003374806467e-07,4.1935584781975493e-07
0,61,15,15,0.5083333333333333,work,1,2.618455766672135e-16,2.9802322387695312e-08,0.009147442261168743,0.04132598966708,0.011800210709570788,0.07630863479822257,0.0197770898150049,0.11762566782661085,2.938792592360441e-07,8.418826396361374e-07
0,62,15,15,0.5166666666666666,work,2,2.618455766672135e-16,2.9802322387695312e-08,0.006114598969136748,0.02756162834107274,0.01338389931886278,0.07983721906497344,0.019081636173925498,0.10725870595060473,2.352811753100905e-07,4.3290373821061784e-07
0,63,15,15,0.525,work,3,2.618455766672135e-16,2.9802322387695312e-08,0.0030653865830878456,0.013786170616924717,0.015277047155583152,0.08476600987796579,0.018244199400630882,0.0983243215762043,3.178247935144511e-07,4.3597039098524516e-07
0,64,15,15,0.5333333333333333,work,4,2.618455766672135e-16,2.9802322387695312e-08,2.832485908580112e-08,5.960464477539063e-08,0.017289516898980502,0.09060552279696941,0.01728951760059979,0.09060547849635217,2.8125704771573855e-07,8.45041685030337e-07
0,65,16,16,0.5416666666666666,work,1,8.777083671441753e-17,0.0,0.014569031172406856,0.03936440108175251,0.02093639743240304,0.09734962548795471,0.03524102326157219,0.13623126017184334,3.3255078869960035e-07,9.471326221269877e-07
0,66,16,16,0.55,work,2,8.777083671441753e-17,0.0,0.00970138607538591,0.026154612815918236,0.024842064923244166,0.10519829032765352,0.03447715266092764,0.130754484900746,3.1413603827139005e-07,4.942156062059712e-07
0,67,16,16,0.5583333333333333,work,3,8.777083671441753e-17,0.0,0.004844874844567827,0.013033054096211465,0.02877027982544897,0.1134738981911639,0.03358677439446708,0.12603587117936507,2.2687776681976825e-07,5.364418029785172e-07
0,68,16,16,0.5666666666666667,work,4,8.777083671441753e-17,0.0,3.615253815934019e-08,7.300048299977715e-08,0.03255218007148717,0.12165902521873154,0.03255215874274456,0.12165895598379553,8.733059933949495e-08,1.0150305250839343e-06
0,69,17,17,0.575,work,1,1.2412670766236366e-16,0.0,0.013758924344315861,0.02608701225652039,0.035905401784259446,0.12577442661738303,0.049608377216498745,0.1508842484299996,7.925307546750585e-08,4.768371582031262e-07
0,70,17,17,0.5833333333333334,work,2,1.2412670766236366e-16,0.0,0.009153359803495053,0.01729975264735609,0.038872125640653704,0.1292691035919424,0.04793967352406244,0.14581544063316257,3.574970845495209e-07,6.502099105498649e-07
0,71,17,17,0.5916666666666667,work,3,1.2412670766236366e-16,0.0,0.004566935886913161,0.00860399882713008,0.041334870906137355,0.13178247576627797,0.04582827109257213,0.13996211866477604,3.4608201239746024e-07,8.622095669203725e-07
0,72,17,17,0.6,work,4,1.2412670766236366e-16,0.0,5.140038450410011e-08,1.8848643661548975e-07,0.04323267646951543,0.1331119571704395,0.04323271272269278,0.13311209819933398,3.1775246926560016e-07,9.068920644940776e-07
0,73,18,18,0.6083333333333333,work,1,1.1443916996305594e-16,0.0,0.013538408003758417,0.02051875467817886,0.04457793754339458,0.1297985864972227,0.05773006000514306,0.14371603614578482,2.2347684682751337e-07,4.969040155569645e-07
0,74,18,18,0.6166666666666667,work,2,1.1443916996305594e-16,0.0,0.008997876480710739,0.013667069340124183,0.04537522623401415,0.12569978355481976,0.05408007788477337,0.13504360340424704,1.4869833191142848e-07,8.150812584863566e-07
0,75,18,18,0.625,work,3,1.1443916996305594e-16,0.0,0.0044849545061966265,0.006827357391937657,0.04565451852129545,0.12079163932639696,0.0499769094878086,0.1254782631417081,3.0711690307534427e-07,1.0000444493033106e-06
0,76,18,18,0.6333333333333333,work,4,1.1443916996305594e-16,0.0,4.231912917925222e-08,1.490116119384766e-07,0.045472510013312435,0.1152192639199296,0.04547247950398497,0.1152191679838015,1.7446683352992398e-07,7.884953353001498e-07
0,77,19,19,0.6416666666666666,work,1,2.3055512673781017e-16,0.0,0.012110084321029778,0.021410624598591957,0.044538156334570415,0.10598884909222707,0.056153315139332444,0.11258132779492956,2.1588545898198673e-07,8.760057959973327e-07
0,78,19,19,0.65,work,2,2.3055512673781017e-16,0.0,0.008054952683114349,0.014321351631902072,0.043330361818790165,0.09672599302156888,0.05105723646672491,0.10130336358394063,1.1333141729673706e-07,4.7215758316978504e-07
0,79,19,19,0.6583333333333333,work,3,2.3055512673781017e-16,0.0,0.004018189518127813,0.0071843767141427815,0.04190581580718913,0.08761627929953528,0.045759461195782156,0.08996599211711798,3.507823755122803e-07,4.5976783694450694e-07
0,80,19,19,0.6666666666666666,work,4,2.3055512673781017e-16,0.0,7.393446823941145e-09,7.300048299977715e-08,0.040324126702791674,0.07887470358043142,0.04032412635315806,0.07887470947707668,1.9599111977671582e-07,4.977969255593452e-07
0,81,20,20,0.675,work,1,8.777083671441753e-17,0.0,0.00974436188940762,0.021068591334580652,0.037917506778672644,0.06812237555912194,0.04721923722028637,0.0717108634888448,2.931368513465368e-07,7.420718430274012e-07
0,82,20,20,0.6833333333333333,work,2,8.777083671441753e-17,0.0,0.006493427814092298,0.014076688322505686,0.035550102991612716,0.058236417066402195,0.04176653420954924,0.060764169688493595,3.077227687386649e-07,6.93824692179136e-07
0,83,20,20,0.6916666666666667,work,3,8.777083671441753e-17,0.0,0.003245306935036773,0.0070539284644530464,0.03327777069589936,0.04965444580905219,0.03639089772705601,0.05092504011591186,2.1741596168560293e-07,6.279738994153012e-07
0,84,20,20,0.7,work,4,8.777083671441753e-17,0.0,2.5429763328392355e-08,6.664001874625056e-08,0.031141544760251005,0.04286491570645788,0.03114152538360779,0.04286489029954807,3.6134441897209346e-07,1.1214546991722004e-06
0,85,21,21,0.7083333333333334,work,1,5.551115123125783e-17,0.0,0.008979870484113231,0.020726940060050242,0.028959710743931708,0.037627357386266054,0.037716255237192055,0.0457738835366718,2.972913725647046e-07,7.251217997429673e-07
0,86,21,21,0.7166666666666667,work,2,5.551115123125783e-17,0.0,0.005991171069117987,0.013842761544122416,0.026996455147156567,0.03483084017482046,0.03284515377654659,0.03992474660534467,2.694147351714838e-07,7.725644944200397e-07
0,87,21,21,0.725,work,3,5.551115123125783e-17,0.0,0.002997895888380553,0.006933979135990057,0.025265450986046767,0.0345565400511265,0.028191857297120707,0.036716758152950016,3.3526773544200683e-07,8.188862600346912e-07
0,88,21,21,0.7333333333333333,work,4,5.551115123125783e-17,0.0,1.7006808256089052e-08,0.0,0.023774262769811948,0.036339393193979976,0.023774277814152,0.036339403076295546,1.305782115072031e-07,6.886851792509198e-07
0,89,22,22,0.7416666666666667,work,1,1.2412670766236366e-16,0.0,0.009689458151637444,0.016802729804163766,0.022751391815391077,0.03948848414572425,0.03230940898932933,0.04729539229792558,1.735096408116782e-07,8.024520884654731e-07
0,90,22,22,0.75,work,2,1.2412670766236366e-16,0.0,0.006465137625654909,0.011246597889395816,0.021935243738544514,0.043243300325672196,0.028294807827121612,0.047382170951655374,2.087627505806267e-07,1.8371385344770487e-07
0,91,22,22,0.7583333333333333,work,3,1.2412670766236366e-16,0.0,0.0032353363467666147,0.005645966218758595,0.02130657605936958,0.04723129799849614,0.024476311514787862,0.04881281005313899,3.141410044500571e-07,6.122183377794688e-07
0,92,22,22,0.7666666666666666,work,4,1.2412670766236366e-16,0.0,2.6687670046150466e-08,1.264405455326821e-07,0.0208456705730856,0.051233777347208374,0.020845646796178015,0.05123388293810481,8.449620056675905e-08,6.056547591954962e-07
0,93,23,23,0.775,work,1,1.415262216750919e-16,0.0,0.009275758563407921,0.015022881091814691,0.02039831804512577,0.054634333005565784,0.02951702233446997,0.05818807098530123,1.301614863446235e-07,4.500051996273259e-07
0,94,23,23,0.7833333333333333,work,2,1.415262216750919e-16,0.0,0.006190791579713599,0.010060080870714123,0.02008260446637392,0.05792975696477329,0.02613783898184812,0.059657739649439503,1.373969031285082e-07,3.278255462646488e-07
0,95,23,23,0.7916666666666666,work,3,1.415262216750919e-16,0.0,0.0030988835226716874,0.005052680590301923,0.019879932951157416,0.06108237859005634,0.0228917502858113,0.06166495987180239,1.4529669888355732e-07,3.839760639287575e-07
0,96,23,23,0.8,work,4,1.415262216750919e-16,0.0,8.182705995141121e-09,4.2146848510894035e-08,0.019772884350817053,0.06408594400403714,0.019772882053592997,0.06408591954735375,8.336803854900007e-08,3.251049552749314e-07
0,97,24,24,0.8083333333333333,work,1,5.551115123125783e-17,2.9802322387695312e-08,0.009153391133879196,0.017602104559279755,0.019663562057090044,0.06641587371475455,0.028521302843908188,0.06845769233305637,1.7200436239711562e-07,4.833124500580697e-07
0,98,24,24,0.8166666666666667,work,2,5.551115123125783e-17,2.9802322387695312e-08,0.0061125222480182964,0.011781359356996332,0.019624886179053568,0.0687795179256774,0.02550526231719957,0.0697010448211059,2.402617160525611e-07,3.576278686523442e-07
0,99,24,24,0.825,work,3,5.551115123125783e-17,2.9802322387695312e-08,0.0030614611048388283,0.005914374725351474,0.019637685771830837,0.07114982271550749,0.022561464280267587,0.07139887686676276,1.0312081906817376e-07,7.189713765272429e-07
0,100,24,24,0.8333333333333334,work,4,5.551115123125783e-17,2.9802322387695312e-08,3.3043228873626916e-08,1.1920928955078128e-07,0.019684692629533783,0.07352955973865442,0.019684721570455806,0.07352949145570349,6.471915183994412e-08,3.2373608622551644e-07
0,101,25,25,0.8416666666666667,work,1,6.206335383118183e-17,0.0,0.009322073676448609,0.021689855424694336,0.019718162845744007,0.07537782566636175,0.02858434724690101,0.07762646668413815,1.4634035672051788e-07,2.1490760299348777e-07
0,102,25,25,0.85,work,2,6.206335383118183e-17,0.0,0.006231149807386771,0.014501480100650594,0.0197767519175932,0.07751194094825951,0.025672570490046984,0.07858249040212939,1.4671751120615647e-07,2.8115454709698594e-07
0,103,25,25,0.8583333333333333,work,3,6.206335383118183e-17,0.0,0.003123893232084723,0.00727219111506091,0.01984025662582082,0.07983657101914712,0.02277501764804063,0.08014612899971463,8.183601044764192e-08,1.1542389828584842e-07
0,104,25,25,0.8666666666666667,work,4,6.206335383118183e-17,0.0,3.67746066292081e-08,9.424321830774485e-08,0.019896760634416928,0.08232453846926895,0.01989672534963563,0.08232461361434809,1.0938682240323255e-07,1.4600096599955432e-07
0,105,26,26,0.875,work,1,1.1443916996305594e-16,0.0,0.009845305135209904,0.02457007407140732,0.01999846028513914,0.08470304153942403,0.029304999784804615,0.08838419735278587,1.8840547518986553e-07,3.1680303253932776e-07
0,106,26,26,0.8833333333333333,work,2,1.1443916996305594e-16,0.0,0.006586452163237584,0.016433473666734512,0.020088939350814253,0.08743222003563528,0.026279755650154165,0.08936139292126528,1.5510194253112088e-07,9.666249001161463e-07
0,107,26,26,0.8916666666666666,work,3,1.1443916996305594e-16,0.0,0.0033049894268492794,0.008244789213832118,0.020159836317211844,0.09041134030540832,0.023241787466011615,0.09109575813959123,1.6281237038128757e-07,9.396006328126545e-07
0,108,26,26,0.9,work,4,1.1443916996305594e-16,0.0,1.1829800264945867e-08,0.0,0.020211377877251167,0.09358839092819586,0.02021136630863864,0.09358841772714183,7.31280834882568e-08,3.4755181639464544e-07
0,109,27,27,0.9083333333333333,work,1,1.1443916996305594e-16,0.0,0.009815215317653062,0.026856775581211408,0.020130287421212114,0.09799793171419971,0.02937533493048542,0.10621548160194932,1.350589882709109e-07,2.1490760299348777e-07
0,110,27,27,0.9166666666666666,work,2,1.1443916996305594e-16,0.0,0.0065766130247521285,0.017980290255876885,0.020071742733153274,0.10292345906176137,0.026223947396646737,0.10772400855238654,4.536293166415584e-08,4.214684851089411e-07
0,111,27,27,0.9249999999999999,work,3,1.1443916996305594e-16,0.0,0.0033054766151123386,0.009030414088168756,0.020040096150658358,0.10787751382405927,0.023104025453252443,0.10992800848976325,1.298536568904021e-07,4.4604031881975524e-07
0,112,27,27,0.9333333333333333,work,4,1.1443916996305594e-16,0.0,1.4717423088751356e-08,4.2146848510894035e-08,0.02001142422367801,0.11287718833771694,0.020011437684178155,0.11287717642701249,1.0716113286322563e-07,3.1680303253932776e-07
0,113,28,28,0.9416666666666667,work,1,2.0770370905276122e-16,0.0,0.009929811396922839,0.02868546201235191,0.019924294852582933,0.11843048075333085,0.02937905238903724,0.1281721636463563,3.3446327479161154e-07,5.885487096944919e-07
0,114,28,28,0.95,work,2,2.0770370905276122e-16,0.0,0.006671096102964791,0.0192097667277858,0.01986344138053757,0.12418959587435115,0.02616201627969545,0.1299437104163066,2.2057102378444243e-07,6.21576714951226e-07
0,115,28,28,0.9583333333333334,work,3,2.0770370905276122e-16,0.0,0.003362101862956552,0.00965157817384601,0.019832008959816304,0.13006398926190865,0.022971905881366536,0.1325576983970457,1.9046524353512382e-07,4.1187628987685676e-07
0,116,28,28,0.9666666666666667,work,4,2.0770370905276122e-16,0.0,1.0361602981579033e-08,4.2146848510894035e-08,0.019836400393165057,0.13598249234253673,0.019836408809371993,0.13598246641524275,1.1760242405594482e-07,3.039252468104833e-07
0,117,29,29,0.975,work,1,2.0062885096040707e-16,0.0,0.009551438807331296,0.025165330447252356,0.01957615205698306,0.14118830308861272,0.028641197379713067,0.1470416343454241,1.8534866887130818e-07,6.433437211788593e-07
0,118,29,29,0.9833333333333333,work,2,2.0062885096040707e-16,0.0,0.006421758749882159,0.016838447548210435,0.019370118001900465,0.14648535393307038,0.02540745776777208,0.1496429117023662,1.1000268953973063e-07,4.161667836835672e-07
0,119,29,29,0.9916666666666667,work,3,2.0062885096040707e-16,0.0,0.003238736276141561,0.008454147199836799,0.01922790732882678,0.1517689403079949,0.02223642471906761,0.15298428855144167,5.234771431290316e-08,8.668327076583565e-07
0,120,29,29,1.0,work,4,2.0062885096040707e-16,0.0,3.3624297697023423e-09,0.0,0.019159792898839238,0.15697925408414803,0.019159792556337745,0.15697926836656947,7.920458061950723e-08,5.599348016993998e-07
0,121,30,30,1.0083333333333333,work,1,1.249000902703301e-16,0.0,0.008700676038321207,0.020951243893505046,0.018690235149966504,0.16195732779871616,0.026818450162120117,0.16494654133483233,1.229274224051628e-07,6.265579474457718e-07
0,122,30,30,1.0166666666666666,work,2,1.249000902703301e-16,0.0,0.0058478691493202995,0.01399223609937406,0.01832317612711857,0.16689657740407152,0.02373322722539128,0.16829261612443,1.8234493484269226e-07,2.7314279645418187e-07
0,123,30,30,1.025,work,3,1.249000902703301e-16,0.0,0.002948380031855504,0.007012697104084472,0.018071828968723048,0.171691733432004,0.0207662017702041,0.17210748856449956,2.1237836169272293e-07,7.679521278575185e-07
0,124,30,30,1.0333333333333332,work,4,1.249000902703301e-16,0.0,4.622304471738445e-09,2.9802322387695312e-08,0.017942815151471725,0.17629856576609798,0.017942815975720536,0.17629857977439506,5.5631172357252324e-08,2.920019319991088e-07
0,125,31,31,1.0416666666666667,work,1,1.2412670766236366e-16,0.0,0.007735367672111306,0.016893812554946833,0.01750069685751275,0.18070704800012147,0.024705525435393404,0.18161103724957298,3.239689126678928e-07,7.760057786876928e-07
0,126,31,31,1.05,work,2,1.2412670766236366e-16,0.0,0.005193164636137722,0.011274941120333495,0.017184421812573243,0.18495059687431192,0.021969537048905287,0.1851499445492888,2.687414584503192e-07,6.899736465686728e-07
0,127,31,31,1.0583333333333333,work,3,1.2412670766236366e-16,0.0,0.0026151177970459853,0.005646744438178333,0.016998010231529855,0.1889513947096542,0.01937774561135988,0.18886358007557288,2.747790901048807e-07,3.99840112477504e-07
0,128,31,31,1.0666666666666667,work,4,1.2412670766236366e-16,0.0,5.3526476771341514e-09,2.9802322387695312e-08,0.016940854553182515,0.192698007127013,0.016940852337075284,0.19269799310443908,2.4836857090075304e-07,6.230039882769273e-07
0,129,32,32,1.075,work,1,2.0770370905276122e-16,0.0,0.00688372654105267,0.012819779667423366,0.016660184570525077,0.19596278293310573,0.02307087257199848,0.19483802392223434,1.6593304688751928e-07,4.4604031881975524e-07
0,130,32,32,1.0833333333333333,work,2,2.0770370905276122e-16,0.0,0.004611036745688313,0.008544690931138898,0.016485223826127007,0.199018549765911,0.020739853813682062,0.1980346605412773,1.0935830913795586e-07,6.460989531480936e-07
0,131,32,32,1.0916666666666666,work,3,2.0770370905276122e-16,0.0,0.0023167170062783978,0.004273445090019186,0.01641376026032956,0.2018199228160244,0.018530636251245514,0.20121962935815993,1.7166717476411702e-07,3.746093836419747e-07
0,132,32,32,1.1,work,4,2.0770370905276122e-16,0.0,4.650409594200377e-08,9.424321830774485e-08,0.016440572276814877,0.20437889132830456,0.016440525983205417,0.20437890078944032,1.7562722594887408e-07,3.9311963195422116e-07
0,133,33,33,1.1083333333333334,work,1,1.1188630228279524e-16,0.0,0.006121016357750778,0.009471068403465597,0.016266671481722055,0.2063765400322153,0.021977822220061907,0.20366064452212093,2.8961598287786093e-07,5.809542146211266e-07
0,134,33,33,1.1166666666666667,work,2,1.1188630228279524e-16,0.0,0.004090419133600742,0.006295706197112164,0.01616448018906102,0.20811338277658473,0.019959897693716165,0.20618828167341935,1.4532665925487708e-07,2.1900144899933154e-07
0,135,33,33,1.125,work,3,1.1188630228279524e-16,0.0,0.0020501759513702313,0.0031398048328710724,0.016129767093755513,0.20959715106145022,0.01802188515199115,0.20858225375362646,1.3308146142468827e-07,3.734220292014386e-07
0,136,33,33,1.1333333333333333,work,4,1.1188630228279524e-16,0.0,6.254585227414937e-09,0.0,0.016163300516044546,0.210850370904153,0.016163296157590202,0.21085035531725677,2.5407851358407015e-07,8.770191055275369e-07
0,137,34,34,1.1416666666666666,work,1,1.1102230246251565e-16,0.0,0.005481529937900784,0.007326949793003274,0.016036347368895587,0.21150836939683867,0.02120581477690321,0.20770195994726642,2.4516494618585856e-07,7.177349673981881e-07
0,138,34,34,1.15,work,2,1.1102230246251565e-16,0.0,0.0036561006528459,0.004863641294231525,0.015958391636981352,0.21187057766275974,0.019398887573941932,0.20929538073913337,2.0410868442786653e-07,8.215933294350099e-07
0,139,34,34,1.1583333333333332,work,3,1.1102230246251565e-16,0.0,0.0018289312683309133,0.00242193050361229,0.015929924696177974,0.2119537771459116,0.01764780570639566,0.2106495921562443,8.890735698682934e-08,1.7377590819732256e-07
0,140,34,34,1.1666666666666667,work,4,1.1102230246251565e-16,0.0,4.315168691850417e-08,7.884953353001448e-08,0.015949670387475353,0.21180775563785215,0.01594971323119219,0.21180773250633153,2.611113684930303e-07,6.107658604359411e-07
0,141,35,35,1.175,work,1,2.435541875787129e-16,0.0,0.004792732708724244,0.0057931994840852066,0.01578435081871231,0.21124857518959314,0.020346604155781788,0.2071802241025931,2.2274604746457487e-07,3.6256089987148215e-07
0,142,35,35,1.1833333333333333,work,2,2.435541875787129e-16,0.0,0.0031929897458096096,0.0038381233287918333,0.01566060263256187,0.21035495931622336,0.018699726125394642,0.20765023615670491,1.9250425591338698e-07,3.976125736274229e-07
0,143,35,35,1.1916666666666667,work,3,2.435541875787129e-16,0.0,0.0015954013857217865,0.001907386755531037,0.015583081189682083,0.20916533500376766,0.017101694246662313,0.20781684934774156,3.974420891742028e-07,7.444617746351282e-07
0,144,35,35,1.2,work,4,2.435541875787129e-16,0.0,8.337835687789192e-09,4.2146848510894035e-08,0.015552864925119751,0.20772366273241621,0.015552857595653592,0.20772369775713345,2.5533761628729673e-07,5.670278546345386e-07
0,145,36,36,1.2083333333333333,work,1,1.3092278833360675e-16,0.0,0.0042092891070983005,0.004785294971863532,0.015361745882808411,0.20600413119491617,0.019373660320052073,0.2023612265513911,3.554285845152973e-07,6.610474888330381e-07
0,146,36,36,1.2166666666666666,work,2,1.3092278833360675e-16,0.0,0.0028040824108248965,0.0031686591682527567,0.015224082269444151,0.2039364971387699,0.017900826077195148,0.2015318842087809,3.8214175720157216e-07,7.996802249550121e-07
0,147,36,36,1.225,work,3,1.3092278833360675e-16,0.0,0.00140098863209571,0.0015735740817598369,0.015144558621981033,0.20155778384727782,0.016483756887089297,0.20036659690623176,2.2851249191863323e-07,7.941074725672195e-07
0,148,36,36,1.2333333333333334,work,4,1.3092278833360675e-16,0.0,6.574314365703847e-09,4.2146848510894035e-08,0.015118959520873344,0.19892137481941283,0.015118959809857321,0.19892139765722636,1.15869154016302e-07,3.839760639287575e-07
0,149,37,37,1.2416666666666667,work,1,3.202853923578809e-15,0.0,0.0038555751804998668,0.005389442229274145,0.015009520974691512,0.1959611764021457,0.01869865188872172,0.19260877602405924,2.063852736435294e-07,3.526258339345231e-07
0,150,37,37,1.25,work,2,3.202853923578809e-15,0.0,0.0025691887248644294,0.0035791840237516114,0.014953348501153556,0.19268528597913281,0.017416770714459576,0.19047812039936968,1.5581911954555524e-07,4.4802714521804273e-07
0,151,37,37,1.2583333333333333,work,3,3.202853923578809e-15,0.0,0.0012839676580626627,0.0017827375750187524,0.014948346861431603,0.18913531362158456,0.016181409845848933,0.18804410412568653,7.455909882119358e-08,1.632340423778195e-07
0,152,37,37,1.2666666666666666,work,4,3.202853923578809e-15,0.0,4.5210715881050186e-08,1.1920928955078128e-07,0.014986753028882265,0.18536993195203363,0.014986797219368644,0.18536983756643746,1.6439818620015185e-07,1.6858739404357617e-07
1,153,38,1,0.008333333333333333,startup,1,1.249000902703301e-16,0.0,0.009226673724438033,0.029757120719203004,0.0028354573080355628,0.008631973298218666,0.012050764049155104,0.03838782807553072,7.854270154668664e-08,2.475566823160076e-07
1,154,38,1,0.016666666666666666,startup,2,1.249000902703301e-16,0.0,0.006167652521425237,0.019842555095617168,0.00530166011211783,0.015697155385832027,0.011429667466948713,0.03553935079021917,1.0386285525785964e-07,2.3276357876976306e-07
1,155,38,1,0.025,startup,3,1.249000902703301e-16,0.0,0.003092017502685561,0.009923221478185947,0.007381444104139256,0.021406450628656915,0.010421336987947125,0.0313265116897086,1.584859301277683e-07,4.878850443287176e-07
1,156,38,1,0.03333333333333333,startup,4,1.249000902703301e-16,0.0,4.1614242720089545e-08,1.1151007970493858e-07,0.009089107199963274,0.02604420782232477,0.009089109221546965,0.026044157954296532,2.1104727349831013e-07,5.701519986900406e-07
1,157,39,2,0.041666666666666664,work,1,9.614813431917819e-17,0.0,0.005835558227457599,0.02069593134075304,0.009484263930177669,0.02682381171149048,0.01522801534496851,0.04734019870179547,1.1872991918936618e-07,8.78031245628378e-07
1,158,39,2,0.05,work,2,9.614813431917819e-17,0.0,0.0038934091522761813,0.013793254507659015,0.00988228197161266,0.027586003557944192,0.013683070152061114,0.04127993908683077,2.2375185626418803e-07,5.057621821307297e-07
1,159,39,2,0.058333333333333334,work,3,9.614813431917819e-17,0.0,0.0019482036461523965,0.0068946633347737206,0.010322976974289915,0.028561210961475184,0.012176795948368862,0.03536105833119558,9.043472943161457e-08,3.674277068954101e-07
1,160,39,2,0.06666666666666667,work,4,9.614813431917819e-17,0.0,3.673555764494808e-08,1.4600096599955432e-07,0.01080261223758738,0.029897171373014033,0.010802629328134162,0.02989706248002325,8.049573796009698e-08,3.9872789860545616e-07
1,161,40,3,0.075,work,1,6.938893903907228e-17,0.0,0.0060622376586540105,0.022233147050199232,0.011509139841560118,0.03217320464309968,0.017332753589252722,0.05388071122008133,4.709026437333087e-08,4.636153336198354e-07
1,162,40,3,0.08333333333333333,work,2,6.938893903907228e-17,0.0,0.004043575963646533,0.014804525659612024,0.012239110067631204,0.03496658616169838,0.016006547581811265,0.04919083227398571,8.244134896070185e-08,4.814712530792817e-07
1,163,40,3,0.09166666666666666,work,3,6.938893903907228e-17,0.0,0.0020228226910424317,0.007393408845436855,0.012930604508015125,0.03813983283228494,0.014744437776863096,0.045097487982883655,9.134259445818078e-08,3.746093836419747e-07
1,164,40,3,0.1,work,4,6.938893903907228e-17,0.0,3.709842053322986e-08,1.1151007970493858e-07,0.013539058237398175,0.04160648313574602,0.013539086831229764,0.041606418700596184,1.1531078548838885e-07,2.7957056521316965e-07
1,165,41,4,0.10833333333333334,work,1,1.0591761858187545e-16,0.0,0.006024755056123146,0.02530495037633595,0.01409870420790536,0.045756685366579015,0.01958723842923601,0.06881866440224645,1.461175233605688e-07,2.3084779657169695e-07
1,166,41,4,0.11666666666666667,work,2,1.0591761858187545e-16,0.0,0.004021184478775454,0.01684821224843685,0.01455058275654128,0.050445128734832805,0.01811933798293674,0.06580062305604784,4.7607540405988726e-08,5.022376640544164e-07
1,167,41,4,0.125,work,3,1.0591761858187545e-16,0.0,0.002012885362537524,0.008413484550242597,0.014891426095561554,0.05542863407673578,0.01662944845241872,0.06308727980196421,2.446519510345261e-07,6.976544803809931e-07
1,168,41,4,0.13333333333333333,work,4,1.0591761858187545e-16,0.0,3.033789752208972e-08,8.429369702178807e-08,0.015126754431370572,0.0605978617546649,0.015126729874519228,0.06059784033198529,1.0388778585768932e-07,1.4292691717483762e-07
1,169,42,5,0.14166666666666666,work,1,1.4304896245381993e-16,0.0,0.0057925837680366426,0.029000271596953554,0.015226068614223917,0.06618236240859049,0.02037586392501774,0.0920866304787114,3.1306853488524214e-07,6.603753508973252e-07
1,170,42,5,0.15,work,2,1.4304896245381993e-16,0.0,0.003867427716037239,0.019322601016266736,0.015259382604539982,0.072267255706732,0.018636957940344152,0.0897225804149734,1.4513612934272676e-07,7.140128940767647e-07
1,171,42,5,0.15833333333333333,work,3,1.4304896245381993e-16,0.0,0.0019365415560393614,0.009656044373464706,0.015244902260244822,0.07849861578844522,0.01690359778293239,0.08729247955277594,9.92311874942608e-08,3.816559456248795e-07
1,172,42,5,0.16666666666666666,work,4,1.4304896245381993e-16,0.0,1.7312224391082015e-08,5.16191365590357e-08,0.01519135771554361,0.08473776630579846,0.015191372047105018,0.08473778078621538,8.002450425799838e-08,4.129530924722863e-07
1,173,43,6,0.175,work,1,6.798699777552591e-17,0.0,0.005707823470352509,0.030921323557323837,0.014869826225896235,0.09032785446217508,0.019878106616269306,0.11803049158557781,1.033186936827711e-07,9.424321830774485e-08
1,174,43,6,0.18333333333333332,work,2,6.798699777552591e-17,0.0,0.0038102927114118104,0.02061328113790006,0.01438313874608512,0.09623903137651854,0.017747369864239682,0.11491587692671161,1.1676791629082742e-07,2.889442358861168e-07
1,175,43,6,0.19166666666666665,work,3,6.798699777552591e-17,0.0,0.001907669913094938,0.010306226363608787,0.013633899981234527,0.10231945606634418,0.015347408964551558,0.1117239729959647,1.320273255177428e-07,3.2917740992269735e-07
1,176,43,6,0.2,work,4,6.798699777552591e-17,0.0,3.3852903018911775e-08,5.960464477539063e-08,0.01330306590098334,0.10899884791289553,0.013303089797609987,0.10899885697225421,4.977848003205966e-08,6.384934570082617e-07
1,177,44,7,0.20833333333333334,work,1,2.8313748239171495e-16,0.0,0.005644930896376866,0.031978049646909805,0.012695938935596597,0.11384586644301567,0.017130042678344216,0.14240338566504437,1.8376226620797162e-07,9.049312144928637e-07
1,178,44,7,0.21666666666666667,work,2,2.8313748239171495e-16,0.0,0.003769066266778535,0.021311414393853527,0.01224703917945499,0.11815541536851307,0.015213293137820919,0.13732842409283902,7.275823591507673e-08,3.08277619862217e-07
1,179,44,7,0.225,work,3,2.8313748239171495e-16,0.0,0.0018874125081248575,0.010651795282766312,0.011880984337386245,0.1219002620432092,0.013361569137141061,0.13153355080012294,9.821306966118589e-08,5.543552409928541e-07
1,180,44,7,0.23333333333333334,work,4,2.8313748239171495e-16,0.0,3.9993925370316994e-08,1.490116119384766e-07,0.011520661543646695,0.12525395952460083,0.01152068631066932,0.12525382603511573,3.83435137137391e-08,6.515744659029109e-07
1,181,45,8,0.24166666666666667,work,1,1.594436429147036e-16,0.0,0.005572226366845968,0.03240207579315952,0.010880108788104133,0.12764836174454183,0.015566275238750451,0.15613825052421737,1.9704600725935127e-07,7.91306379279604e-07
1,182,45,8,0.25,work,2,1.594436429147036e-16,0.0,0.003716966841054326,0.021587709689464683,0.010436655749663399,0.1304705728703796,0.013717576215945458,0.14959917428675026,2.3745339059733652e-07,2.2696772533249593e-07
1,183,45,8,0.2583333333333333,work,3,1.594436429147036e-16,0.0,0.0018595580768483032,0.010786874891992445,0.01021942543580727,0.13273864310239106,0.011915645420569585,0.14235662967402174,1.0431672115332983e-07,3.5638394186202926e-07
1,184,45,8,0.26666666666666666,work,4,1.594436429147036e-16,0.0,4.814339562683123e-08,1.3328003749250115e-07,0.010115753777671198,0.13399821311017412,0.010115763649959076,0.13399811006522153,2.3250158436101092e-07,4.823927300047483e-07
1,185,46,9,0.275,work,1,1.2432050435751766e-16,2.9802322387695312e-08,0.00621722700505383,0.02880793308839604,0.009973942767124419,0.13264761292283186,0.015506297077715229,0.1579916899016902,1.414339693617543e-07,4.4604031881975524e-07
1,186,46,9,0.2833333333333333,work,2,1.2432050435751766e-16,2.9802322387695312e-08,0.004140523762217647,0.01915875816233294,0.010062670167550337,0.13085944250171289,0.013888462718677712,0.1477709618866282,2.815485819021265e-07,5.511415603431162e-07
1,187,46,9,0.2916666666666667,work,3,1.2432050435751766e-16,2.9802322387695312e-08,0.0020682163954542595,0.00955611722811253,0.010305907475747231,0.12824461676539223,0.012264147950176807,0.13670043275946953,1.8273796514908718e-07,1.3328003749250115e-07
1,188,46,9,0.3,work,4,1.2432050435751766e-16,2.9802322387695312e-08,1.1740174483188312e-08,1.6593230851978133e-07,0.010662712371445336,0.12483545310397766,0.010662717143495344,0.12483561557862692,1.1515220601695972e-07,4.0644948771553874e-07
1,189,47,10,0.30833333333333335,work,1,6.798699777552591e-17,0.0,0.003137390344909604,0.02939342045266918,0.010189544523913095,0.1207466320579654,0.013256030622025329,0.14615964327383393,1.5868394466532585e-07,2.7637536810325715e-07
1,190,47,10,0.31666666666666665,work,2,6.798699777552591e-17,0.0,0.002078701466635705,0.019572095173505673,0.00984474572601574,0.11674086839090958,0.011868812453270278,0.13372818428055194,1.198209734526589e-07,1.7120130796843858e-07
1,191,47,10,0.325,work,3,6.798699777552591e-17,0.0,0.0010331056962976299,0.009774289552158692,0.009617943606578364,0.11254226268113103,0.010610023854302507,0.12105773820148108,1.3855969046249164e-07,2.7637536810325715e-07
1,192,47,10,0.3333333333333333,work,4,6.798699777552591e-17,0.0,1.3521243393121934e-08,6.664001874625056e-08,0.009456664587061424,0.10890341705171179,0.009456658774433021,0.10890335996342188,1.9423781939872708e-07,5.07515262541963e-07
1,193,48,11,0.3416666666666667,work,1,1.3329179921125024e-16,2.9802322387695312e-08,0.0028269927663057176,0.03319720598563736,0.008495105516792018,0.10682315492942604,0.010166316909944349,0.13610993711702252,1.4425324272855876e-07,4.4404460268471747e-07
1,194,48,11,0.35,work,2,1.3329179921125024e-16,2.9802322387695312e-08,0.0018836465826613008,0.02214468946752247,0.007412687492907792,0.10351832571105127,0.008538404007772765,0.12335786789403072,2.375722675972231e-07,6.93824692179136e-07
1,195,48,11,0.35833333333333334,work,3,1.3329179921125024e-16,2.9802322387695312e-08,0.0009419587520116598,0.011079133215523753,0.006656706521755078,0.09942598983780851,0.0072176719217620046,0.10947503707951245,2.3418942414318595e-07,9.310543150790602e-07
1,196,48,11,0.36666666666666664,work,4,1.3329179921125024e-16,2.9802322387695312e-08,5.3459513076048885e-08,1.632340423778195e-07,0.006115775073014103,0.09582600907865461,0.006115824307374729,0.09582608464046977,4.678170862706757e-07,9.329602624475163e-07
1,197,49,12,0.375,work,1,1.2888423398670571e-16,0.0,0.005862568991432058,0.03436550907354393,0.006271652577544685,0.09270016409677889,0.011001533312878705,0.12518303082708226,3.723407824902019e-07,8.397700073483869e-07
1,198,49,12,0.3833333333333333,work,2,1.2888423398670571e-16,0.0,0.003914871991238163,0.022966760282882224,0.006530600808013529,0.08988828941607657,0.009765681646426416,0.11172307559237324,3.207698297258453e-07,6.208618478774947e-07
1,199,49,12,0.39166666666666666,work,3,1.2888423398670571e-16,0.0,0.0019613060697132156,0.011511901013078776,0.006819011751743439,0.08700605442484075,0.00846158875177276,0.09800887967939603,2.2312982620573723e-07,4.693274422891038e-07
1,200,49,12,0.4,work,4,1.2888423398670571e-16,0.0,5.434417872573463e-09,4.2146848510894035e-08,0.007129839365141275,0.08402709875650383,0.007129844642562477,0.08402707600741756,1.8034895113715687e-07,4.009492411337415e-07
1,201,50,13,0.4083333333333333,work,1,1.2586013583571652e-16,0.0,0.006577146825625682,0.032088624850195965,0.007810757514338397,0.08032230434853413,0.01408679582387811,0.11165645893930874,8.893045560479003e-08,3.85130881766084e-07
1,202,50,13,0.4166666666666667,work,2,1.2586013583571652e-16,0.0,0.004385980570900651,0.0214733860651276,0.008479746288829233,0.07711901409478944,0.01266402559154469,0.09812595972736317,2.1258170395263058e-07,5.717076686993523e-07
1,203,50,13,0.425,work,3,1.2586013583571652e-16,0.0,0.002194074380994641,0.010777392804119872,0.009092784147221523,0.07423101238148268,0.01118068539547945,0.08475630945436592,8.0231284808822e-08,4.860611686199943e-07
1,204,50,13,0.43333333333333335,work,4,1.2586013583571652e-16,0.0,3.9627632155323096e-08,1.7631291696726137e-07,0.009699700052080333,0.0715432149410504,0.00969966909309882,0.07154314267039466,2.16411648598057e-07,7.890583452507145e-07
1,205,51,14,0.44166666666666665,work,1,2.782487803465936e-16,0.0,0.005458312144954842,0.0382998346176481,0.00985965499936739,0.07163615002952958,0.014952836385079743,0.10986188255805601,1.8131607435395533e-07,3.305237444165179e-07
1,206,51,14,0.45,work,2,2.782487803465936e-16,0.0,0.0036529004236489668,0.025604747506279606,0.010043508111716835,0.07272399252373687,0.013519004384844243,0.09809606321594806,2.151439514902023e-07,3.5638394186202926e-07
1,207,51,14,0.4583333333333333,work,3,2.782487803465936e-16,0.0,0.0018339201613562287,0.012838240014730641,0.010282486002879527,0.07450317357588497,0.012058406776798931,0.08698802683825381,1.2488738031228292e-07,3.7814907850174724e-07
1,208,51,14,0.4666666666666667,work,4,2.782487803465936e-16,0.0,2.9344492524613068e-08,1.7377590819732256e-07,0.010588024059825863,0.07704013541399331,0.010588000498958184,0.07704011478645838,2.1487349098990903e-07,3.153981341200582e-07
1,209,52,15,0.475,work,1,6.883508658873538e-16,0.0,0.009254559079367352,0.03940233643167646,0.01112962178593335,0.08152151284024885,0.01904879086998895,0.11990348274682289,1.3572079729897355e-07,5.161913655903584e-07
1,210,52,15,0.48333333333333334,work,2,6.883508658873538e-16,0.0,0.00617865468165074,0.026266398862295526,0.012405171204204255,0.08718659820873262,0.01812036854387971,0.11217036157419003,1.9206828760639087e-07,6.230039882769273e-07
1,211,52,15,0.49166666666666664,work,3,6.883508658873538e-16,0.0,0.00309372849728261,0.013132173212516099,0.014054956318154812,0.0935477831429427,0.017047434398391237,0.10571001904209062,1.997306692511938e-07,5.405651672845218e-07
1,212,52,15,0.5,work,4,6.883508658873538e-16,0.0,3.956621526533454e-08,6.664001874625056e-08,0.015839150223623907,0.1001596827358907,0.015839150533152893,0.1001597556624615,2.2188755891347984e-07,4.129530924722863e-07
1,213,53,16,0.5083333333333333,work,1,6.798699777552591e-17,0.0,0.014668331385666165,0.03772966401837173,0.019393903399310942,0.10833688006721799,0.03391388513074497,0.14482877464740693,1.7160346967680917e-07,3.068336886461678e-07
1,214,53,16,0.5166666666666666,work,2,6.798699777552591e-17,0.0,0.00974825766430049,0.02503729224725275,0.023138450145445945,0.11694131977343403,0.032858241829555115,0.14090944407714742,1.1870446499163075e-07,1.1151007970493858e-07
1,215,53,16,0.525,work,3,6.798699777552591e-17,0.0,0.004858592699264341,0.012460430786980463,0.02687019337587811,0.1257760127145294,0.03169317854431373,0.13758783825757342,1.6384556514697772e-07,2.493441183966625e-07
1,216,53,16,0.5333333333333333,work,4,6.798699777552591e-17,0.0,3.902366336140128e-09,4.2146848510894035e-08,0.03041685418973288,0.13415203832793726,0.030416854627057757,0.13415204716128998,2.0517986113453344e-07,3.31864617039563e-07
1,217,54,17,0.5416666666666666,work,1,1.6079679568759646e-16,0.0,0.014066016651635241,0.02626735340990108,0.03372645051370926,0.13864299493637885,0.047699837200583926,0.16337822434795904,2.6507777058443177e-07,2.1073424255447025e-07
1,218,54,17,0.55,work,2,1.6079679568759646e-16,0.0,0.009343197119535974,0.017401184759639844,0.03665326722592113,0.14200159748887148,0.045849071988324656,0.15835367585362453,1.5791051592795874e-07,3.9085379387748307e-07
1,219,54,17,0.5583333333333333,work,3,1.6079679568759646e-16,0.0,0.004654385372660105,0.008645282273082014,0.03905164458126096,0.14391138941007434,0.043581316077739386,0.15202820001231382,1.6796694112104205e-07,6.989264130329271e-07
1,220,54,17,0.5666666666666667,work,4,1.6079679568759646e-16,0.0,1.188955720052881e-08,4.2146848510894035e-08,0.04084771126332068,0.14423795325345987,0.040847721726062776,0.14423800154726735,1.9012829426190352e-07,3.2098083538618743e-07
1,221,55,18,0.575,work,1,1.2719202621569003e-16,0.0,0.013862709682911376,0.019828368987433113,0.04212838858483573,0.13939316518310635,0.05546094609602899,0.15255831158917957,1.7054198491024714e-07,2.4211521162497896e-07
1,222,55,18,0.5833333333333334,work,2,1.2719202621569003e-16,0.0,0.009206402246514004,0.013270086164477474,0.04281518696524548,0.13342751852402923,0.051609999750071425,0.1423148345239945,2.1110594314005533e-07,7.1027131604034e-07
1,223,55,18,0.5916666666666667,work,3,1.2719202621569003e-16,0.0,0.00458538145809423,0.006660655716281336,0.042941342636675504,0.12648972408167541,0.047294475370305115,0.13098043474067553,3.626114382335347e-07,5.511415603431162e-07
1,224,55,18,0.6,work,4,1.2719202621569003e-16,0.0,2.1788839030864083e-08,5.16191365590357e-08,0.04257143773001296,0.11882480129437877,0.04257142209921219,0.11882475440582357,3.0616258117047774e-07,7.586432731960971e-07
1,225,56,19,0.6083333333333333,work,1,6.206335383118183e-17,0.0,0.01209625020968476,0.02045497351844753,0.04136674639486808,0.10692447440571855,0.05290944347930472,0.11161228526796227,2.3797969014809935e-07,3.8628224721001805e-07
1,226,56,19,0.6166666666666667,work,2,6.206335383118183e-17,0.0,0.0080527671318176,0.013776724084146954,0.03989462646467317,0.09521269093428911,0.04757249218979016,0.09867007878830987,1.667390805580735e-07,5.809542146211266e-07
1,227,56,19,0.625,work,3,6.206335383118183e-17,0.0,0.004020659460501347,0.006958621010242359,0.03821144814802218,0.08403326883051401,0.04204032152337011,0.08592200480739139,2.003888961704801e-07,4.693274422891038e-07
1,228,56,19,0.6333333333333333,work,4,6.206335383118183e-17,0.0,4.121543050012327e-08,1.4600096599955432e-07,0.036386711192055006,0.07385400817987367,0.03638668005303578,0.07385390074748054,2.35097735856417e-07,3.85130881766084e-07
1,229,57,20,0.6416666666666666,work,1,7.88106850030428e-17,0.0,0.00995216750693389,0.021853688658783028,0.033822872076641045,0.06208981353627558,0.043363460163939695,0.06505555403432783,7.891755846441896e-08,4.380028979986637e-07
1,230,57,20,0.65,work,2,7.88106850030428e-17,0.0,0.006644894577092764,0.014648811872353677,0.031335899961237555,0.05252188074977795,0.03771881059255938,0.05489223510095418,1.271672596960325e-07,5.65459309846471e-07
1,231,57,20,0.6583333333333333,work,3,7.88106850030428e-17,0.0,0.0033277079599470603,0.007365624646035921,0.028974293125992236,0.0460903451976209,0.03217375326173472,0.04739637330585212,7.718159252006843e-08,3.7223088731756253e-07
1,232,57,20,0.6666666666666666,work,4,7.88106850030428e-17,0.0,3.880245128107041e-08,8.940696716308595e-08,0.026782339439882213,0.04358486076575562,0.0267823699926885,0.04358494120481354,1.5168928133287192e-07,1.5196262340524156e-07
1,233,58,21,0.675,work,1,8.355534721610419e-17,0.0,0.009418359379638974,0.020901921756000967,0.024594661915958944,0.04380985373181396,0.03379293581347297,0.050799593580164684,2.217311461856001e-07,3.1256939416234273e-07
1,234,58,21,0.6833333333333333,work,2,8.355534721610419e-17,0.0,0.006297597669074019,0.014021181425569733,0.022658395024393818,0.04733961326376244,0.02880669645394973,0.0514518783329873,1.3304452707123207e-07,5.701519986900406e-07
1,235,58,21,0.6916666666666667,work,3,8.355534721610419e-17,0.0,0.0031583189237810775,0.00705532476779455,0.020976800703280167,0.052887465590468474,0.0240542175274125,0.05459156652965031,1.6002159934214168e-07,9.068920644940776e-07
1,236,58,21,0.7,work,4,8.355534721610419e-17,0.0,2.6393449466171565e-08,1.632340423778195e-07,0.019552373041220886,0.059397301499024016,0.019552396957690482,0.05939715875391317,9.850937891543842e-08,9.721223372399956e-07
1,237,59,22,0.7083333333333334,work,1,1.2888423398670571e-16,0.0,0.00995966927362664,0.017961680324683576,0.018498169881361368,0.06636183679412617,0.028287079039898765,0.073176421881941,4.0625952615151716e-08,4.3290373821061784e-07
1,238,59,22,0.7166666666666667,work,2,1.2888423398670571e-16,0.0,0.006662639019352661,0.012127594771093137,0.017676020589706395,0.07336962107743777,0.02419521976500952,0.07730369425829768,1.2966705354525732e-07,2.698715072315163e-07
1,239,59,22,0.725,work,3,1.2888423398670571e-16,0.0,0.0033429847099392795,0.006141776868573009,0.017060795591779525,0.08020338258302541,0.02031047578951535,0.08190628317133224,1.7642326082215867e-07,2.920019319991088e-07
1,240,59,22,0.7333333333333333,work,4,1.2888423398670571e-16,0.0,3.5880079004163104e-08,9.424321830774485e-08,0.01663072094279062,0.08676120888855973,0.016630691063639423,0.08676128808033569,1.2600718227793536e-07,3.99840112477504e-07
1,241,60,23,0.7416666666666667,work,1,1.3329179921125024e-16,0.0,0.009548441130684709,0.01673556350452484,0.016161595981138574,0.09267987108843147,0.025483075728732534,0.09747850620702612,1.8063484285178738e-07,7.039911634336578e-07
1,242,60,23,0.75,work,2,1.3329179921125024e-16,0.0,0.006393105063840409,0.011312682544457905,0.01584942975774869,0.09834035983884,0.02204096674081371,0.10117172333493951,1.1406228794922767e-07,9.1953567388902e-07
1,243,60,23,0.7583333333333333,work,3,1.3329179921125024e-16,0.0,0.00321056700894975,0.005735806412865609,0.01567151311492689,0.10374612275410972,0.01874728014300042,0.10499790200098101,1.9371339180088895e-07,4.842304232499588e-07
1,244,60,23,0.7666666666666666,work,4,1.3329179921125024e-16,0.0,4.995902150458834e-09,6.664001874625056e-08,0.015609129540923222,0.1089074263494406,0.015609132061296925,0.10890738262721772,4.96752515100135e-08,4.1935584781975493e-07
1,245,61,24,0.775,work,1,1.1631705747361534e-16,0.0,0.009398723702964757,0.01915619487393184,0.015439468414708037,0.11305797336064118,0.024407467602852638,0.11578254716429982,1.4710359377661817e-07,3.3717478808715265e-07
1,246,61,24,0.7833333333333333,work,2,1.1631705747361534e-16,0.0,0.0063015283279713894,0.012910127704870716,0.015370372067459224,0.11715034823740669,0.021327524102019074,0.11866368007896529,2.106698981511905e-07,7.679521278575185e-07
1,247,61,24,0.7916666666666666,work,3,1.1631705747361534e-16,0.0,0.003169022757693286,0.006527461165793906,0.015385122310893687,0.1211646432347444,0.018343760162352903,0.12177717976126338,1.0825039478580969e-07,4.878850443287176e-07
1,248,61,24,0.8,work,4,1.1631705747361534e-16,0.0,1.2445268233220244e-08,1.1920928955078128e-07,0.015469564688044427,0.1251026343864502,0.015469575281253093,0.12510273490009505,1.738834225283947e-07,5.840038639982192e-07
1,249,62,25,0.8083333333333333,work,1,1.303699802838727e-16,0.0,0.00960345497032161,0.022788338626885524,0.015426807736082276,0.12814445924547185,0.024398069357048604,0.12925575091091124,2.3082873199151812e-07,6.570043469979972e-07
1,250,62,25,0.8166666666666667,work,2,1.303699802838727e-16,0.0,0.006450905685866374,0.015306961958887026,0.01546741394875069,0.13135925634989265,0.021450496205159087,0.13176572326245223,1.5929440079562937e-07,6.398829982752794e-07
1,251,62,25,0.825,work,3,1.303699802838727e-16,0.0,0.0032505616784379273,0.007715912304279274,0.015569057350268947,0.13469476058163227,0.01855086377266432,0.1347312340460169,1.8773908146189944e-07,4.172325134277351e-07
1,252,62,25,0.8333333333333334,work,4,1.303699802838727e-16,0.0,1.8707711942004434e-08,2.9802322387695312e-08,0.01572380361189539,0.13812240276111842,0.01572382019190579,0.1381224153528998,2.2503516656045372e-07,3.097148193542145e-07
1,253,63,26,0.8416666666666667,work,1,1.249000902703301e-16,0.0,0.010007188686415983,0.02579746345575882,0.015743752383577912,0.14102690620755956,0.025051368609653582,0.141193783686332,2.6595999727699864e-07,6.405766385854712e-07
1,254,63,26,0.85,work,2,1.249000902703301e-16,0.0,0.006736738876859203,0.01732912187837682,0.015842256074959843,0.1442430036545708,0.022068543358911803,0.14393589498303222,1.0188401821299603e-07,5.306152646173509e-07
1,255,63,26,0.8583333333333333,work,3,1.249000902703301e-16,0.0,0.0034023777427141235,0.008737934261260263,0.016009123054003843,0.14765255476253356,0.019121565998396744,0.1472920256455114,2.54379937889409e-07,3.526258339345231e-07
1,256,63,26,0.8666666666666667,work,4,1.249000902703301e-16,0.0,5.546715215356068e-08,1.4292691717483762e-07,0.01624092255213279,0.15119843764721697,0.0162409778109187,0.1511983208739385,7.913176229254152e-08,2.1900144899933154e-07
1,257,64,27,0.875,work,1,1.2586013583571652e-16,0.0,0.009866495406063347,0.026055779267008913,0.016148102798774804,0.15484277242101402,0.025337924710104136,0.15475956379104142,2.5051278106198334e-07,6.677316576960141e-07
1,258,64,27,0.8833333333333333,work,2,1.2586013583571652e-16,0.0,0.006659505038798543,0.01751714110296952,0.01616159963184805,0.15875896955240298,0.022319201324095875,0.15819267512237314,1.0743146528653608e-07,5.170509687929607e-07
1,259,64,27,0.8916666666666666,work,3,1.2586013583571652e-16,0.0,0.003372492322849423,0.00884376022236479,0.01628026195349456,0.16286191469586278,0.01936338541682729,0.1623312843879986,1.4390195204226615e-07,3.6500241499888623e-07
1,260,64,27,0.9,work,4,1.2586013583571652e-16,0.0,1.6574028985584097e-08,0.0,0.016509452066298884,0.16708675847755472,0.01650946825631566,0.16708676267141231,8.910028494340195e-08,1.1920928955078128e-07
1,261,65,28,0.9083333333333333,work,1,8.259615817642904e-16,0.0,0.00952431626652982,0.024264968341387434,0.016347356304118262,0.17227565534767955,0.02523970149432185,0.17284376038525942,1.965870514631852e-08,4.823927300047483e-07
1,262,65,28,0.9166666666666666,work,2,8.259615817642904e-16,0.0,0.0064574353150437325,0.016322466950556884,0.01635498092837193,0.1779086540709136,0.02233237570371355,0.17771005145125016,1.0884550543840191e-07,3.264680847556393e-07
1,263,65,28,0.9249999999999999,work,3,8.259615817642904e-16,0.0,0.003285540140801427,0.008255750926891863,0.016535115656161937,0.18383517388932397,0.019539072839125714,0.18345729345678405,7.400443703957955e-08,4.129530924722863e-07
1,264,65,28,0.9333333333333333,work,4,8.259615817642904e-16,0.0,5.223839365192687e-09,0.0,0.01689153678030551,0.18999056853920554,0.016891533263233297,0.18999055779463356,2.2980829107485782e-07,2.9351883535969594e-07
1,265,66,29,0.9416666666666667,work,1,7.858125020761362e-17,0.0,0.009064132479751845,0.02235860548830924,0.016788694890840946,0.1974102848760252,0.025232870176283194,0.19788606509732282,3.058325456864209e-07,7.868038882281882e-07
1,266,66,29,0.95,work,2,7.858125020761362e-17,0.0,0.00617605528513134,0.014994088140776091,0.01691697998642679,0.20555168822165898,0.02262099217753929,0.20527608520610013,1.2611822613498218e-07,5.26413969178669e-07
1,267,66,29,0.9583333333333334,work,3,7.858125020761362e-17,0.0,0.003158443750186633,0.007574522613560339,0.01727627777288741,0.21422979408611886,0.02015966032110376,0.21380875899233126,9.056500720508537e-08,3.7223088731756253e-07
1,268,66,29,0.9666666666666667,work,4,7.858125020761362e-17,0.0,3.920993016505313e-08,5.960464477539063e-08,0.01786436869841828,0.223320362385075,0.01786440781525075,0.22332035758735555,1.1043641051281368e-07,2.7314279645418187e-07
1,269,67,30,0.975,work,1,1.6829500065255886e-16,2.9802322387695312e-08,0.008436714589567443,0.020589535293327448,0.01788871537761097,0.233736343454923,0.025675866330845402,0.23349398278558095,2.5598106438923275e-07,5.740332688170161e-07
1,270,67,30,0.9833333333333333,work,2,1.6829500065255886e-16,2.9802322387695312e-08,0.005762788379102903,0.013738779689248082,0.018162752281667086,0.2451190480208293,0.023449687552599092,0.2444519756368593,2.4242903364304716e-07,4.969040155569645e-07
1,271,67,30,0.9916666666666667,work,3,1.6829500065255886e-16,2.9802322387695312e-08,0.0029544608761463793,0.006912615076633355,0.018682813463185895,0.2572084266147958,0.02137262970018366,0.25664002756786763,7.783310575715505e-08,3.39798755973321e-07
1,272,67,30,1.0,work,4,1.6829500065255886e-16,2.9802322387695312e-08,2.315747248477215e-08,4.2146848510894035e-08,0.019432264334584868,0.26989926605746156,0.019432287399544435,0.2698992739219463,1.4445674063825374e-07,5.397430144630339e-07
1,273,68,31,1.0083333333333333,work,1,1.2586013583571652e-16,0.0,0.0077563099788896025,0.019363204013384143,0.01966948568933646,0.2836611893747418,0.026871398822791628,0.2831598057377314,2.2695664662564244e-07,6.194296387084308e-07
1,274,68,31,1.0166666666666666,work,2,1.2586013583571652e-16,0.0,0.0052772911380056685,0.012971759049333918,0.020086762024620314,0.29847312776155877,0.024980414420194087,0.29784943965716076,1.52053022607342e-07,8.145362358520355e-07
1,275,68,31,1.025,work,3,1.2586013583571652e-16,0.0,0.002695629863785792,0.006543501716058776,0.0206840304002695,0.31407356211951215,0.023179622504092483,0.31363027527289516,1.614058956934731e-07,3.2373608622551644e-07
1,276,68,31,1.0333333333333332,work,4,1.2586013583571652e-16,0.0,5.4699166548870017e-08,1.1920928955078128e-07,0.02144714689364945,0.330275457670072,0.021447200516049533,0.3302754043046846,1.4962724375171466e-07,5.004660971089217e-07
1,277,69,32,1.0416666666666667,work,1,4.2254673458310997e-16,0.0,0.0067704167540869765,0.01593647880608936,0.021675076420511842,0.34600583276488517,0.028054056227006657,0.3444505920154385,8.6888863415179e-08,7.133906604996852e-07
1,278,69,32,1.05,work,2,4.2254673458310997e-16,0.0,0.004554033821869638,0.010804692660117323,0.021941384954716016,0.3617252000371317,0.02624153573143099,0.3606186550502427,2.2905573893440528e-07,5.127385417844444e-07
1,279,69,32,1.0583333333333333,work,3,4.2254673458310997e-16,0.0,0.0023001497100386117,0.005506023571833242,0.022250291955600413,0.3773090996616838,0.024427481560388212,0.376729731185521,5.996338777303667e-08,1.9992005623875177e-07
1,280,69,32,1.0666666666666667,work,4,4.2254673458310997e-16,0.0,2.4890584697412472e-09,4.2146848510894035e-08,0.022598514761327963,0.3927132353053512,0.022598514944566488,0.39271319110283376,2.0412871730946086e-07,7.77149487161957e-07
1,281,70,33,1.075,work,1,1.1107649934270853e-16,0.0,0.005641537501379805,0.010409758287726065,0.022422955958493078,0.4064101777632388,0.027811197945504584,0.40452188788038784,1.8973178219515276e-07,3.7223088731756253e-07
1,282,70,33,1.0833333333333333,work,2,1.1107649934270853e-16,0.0,0.0037610022649684116,0.007050338758804195,0.022190051954293796,0.4186600699822925,0.025794069600688183,0.41742344328385117,2.1045810088052623e-07,5.161913655903584e-07
1,283,70,33,1.0916666666666666,work,3,1.1107649934270853e-16,0.0,0.0018816784649095942,0.0035869620711515616,0.02192615750571314,0.4295967214052658,0.023735334691754543,0.4289932560444867,1.1901555406184817e-07,2.346637211445515e-07
1,284,70,33,1.1,work,4,1.1107649934270853e-16,0.0,5.8463483024892866e-08,1.3328003749250115e-07,0.02165007513866774,0.43935410137302566,0.02165013290778906,0.4393540702189048,2.25344269650378e-07,6.093099206763789e-07
1,285,71,34,1.1083333333333334,work,1,1.2423575550114723e-16,0.0,0.005046290662362802,0.006778286927927758,0.021108676097943407,0.44688183055690606,0.025977145767187848,0.4447382390639567,8.174724033019369e-08,4.2878075152451354e-07
1,286,71,34,1.1166666666666667,work,2,1.2423575550114723e-16,0.0,0.0033554886386122124,0.004525443017202275,0.020545301699596733,0.4525312065213718,0.023791487326579736,0.4511468794976956,5.4171917628463395e-08,3.6256089987148215e-07
1,287,71,34,1.125,work,3,1.2423575550114723e-16,0.0,0.0016736887122723854,0.00226930713819547,0.019989307707820477,0.45651877420142983,0.02161273486722974,0.4558492252237245,5.904493092412285e-08,2.3276357876976306e-07
1,288,71,34,1.1333333333333333,work,4,1.2423575550114723e-16,0.0,3.991753151922701e-08,8.429369702178807e-08,0.019458845607573994,0.4591004116400481,0.019458805696198955,0.4591004205394502,1.374979390874992e-07,2.965293637235823e-07
1,289,72,35,1.1416666666666666,work,1,8.673617379884035e-18,2.9802322387695312e-08,0.004511581930819568,0.0056768269531103305,0.018765032167725362,0.4595415178566803,0.023134093590393347,0.4567562147053899,8.260906469417823e-08,1.8371385344770487e-07
1,290,72,35,1.15,work,2,8.673617379884035e-18,2.9802322387695312e-08,0.003001188391369733,0.0037426903683316407,0.018116433166475373,0.4583318072887006,0.021029405553845734,0.45651115353811983,1.9412781853174696e-07,5.591411304263407e-07
1,291,72,35,1.1583333333333332,work,3,8.673617379884035e-18,2.9802322387695312e-08,0.0014973895754117385,0.0018508615259676534,0.01753670660064422,0.4556948823112677,0.01899301229255182,0.4548015660217773,2.6852080976383657e-07,7.952251472548497e-07
1,292,72,35,1.1666666666666667,work,4,8.673617379884035e-18,2.9802322387695312e-08,2.2215244712325975e-08,5.960464477539063e-08,0.017032696287426808,0.4518643242283421,0.017032674207318098,0.4518643109517436,1.1080265618404496e-07,4.842304232499588e-07
1,293,73,36,1.175,work,1,1.2417518519112547e-16,0.0,0.004133899197103252,0.005247888579216633,0.016464515138160347,0.4465423513845144,0.020454137006748592,0.4432256610079907,2.4405393271923377e-07,5.26413969178669e-07
1,294,73,36,1.1833333333333333,work,2,1.2417518519112547e-16,0.0,0.0027530380201735098,0.0034674245402430085,0.01599880366772834,0.4401525028822396,0.018663925650350778,0.4379628977672941,7.374346173661403e-08,4.91512492372712e-07
1,295,73,36,1.1916666666666667,work,3,1.2417518519112547e-16,0.0,0.0013751630853944046,0.001718120809408334,0.01563678328676114,0.4328812717225526,0.016971388190036147,0.4317961476555279,6.247167105515682e-08,5.380949403425408e-07
1,296,73,36,1.2,work,4,1.2417518519112547e-16,0.0,2.1712131694538514e-08,4.2146848510894035e-08,0.015372147786962777,0.42488073685297095,0.015372169350505022,0.42488074011522303,2.511566287110788e-07,4.969040155569645e-07
1,297,74,37,1.2083333333333333,work,1,2.2591401799415137e-16,0.0,0.003983152472449533,0.006046216721322922,0.015115204395012112,0.4158980295286383,0.018941468418775288,0.41193022091761733,7.669575080043735e-08,7.884953353001448e-08
1,298,74,37,1.2166666666666666,work,2,2.2591401799415137e-16,0.0,0.0026546728082141456,0.004016906808183594,0.014953051228958986,0.40636579028481024,0.017511649086890336,0.4037336173125483,5.30414698141977e-08,2.4575624618635555e-07
1,299,74,37,1.225,work,3,2.2591401799415137e-16,0.0,0.0013269654816936449,0.002001533639195634,0.014875951782058586,0.39639079615374795,0.016157882766625435,0.3950804543133471,1.3306187780803908e-07,4.1935584781975493e-07
1,300,74,37,1.2333333333333334,work,4,2.2591401799415137e-16,0.0,6.85229808779383e-09,4.2146848510894035e-08,0.014867753913062259,0.38608657790751655,0.014867760380836127,0.38608657414746556,1.4412415927263902e-07,6.597025281542168e-07
2,301,75,1,0.008333333333333333,startup,1,1.4946834900704541e-16,0.0,0.009210016415148861,0.029695779019422875,0.002810100259907859,0.00863745662602587,0.012009851605556293,0.03833028126713049,1.4302621826758189e-07,3.964941112890867e-07
2,302,75,1,0.016666666666666666,startup,2,1.4946834900704541e-16,0.0,0.006145460733878294,0.019760831807721438,0.005203406342844312,0.015731863793310402,0.011306878733436899,0.03548911128389673,1.1832142162253079e-07,3.4240261593687747e-07
2,303,75,1,0.025,startup,3,1.4946834900704541e-16,0.0,0.0030753973676485927,0.009862169889637206,0.0072063260433971234,0.021583875521776028,0.010220705011045017,0.03143667079532134,2.126418295235058e-07,8.371217194311763e-07
2,304,75,1,0.03333333333333333,startup,4,1.4946834900704541e-16,0.0,4.803021797801077e-08,1.8848643661548975e-07,0.008856721601593244,0.026506547254513346,0.008856727657115445,0.026506417695304294,3.367672662625699e-07,7.300048299977754e-07
2,305,76,2,0.041666666666666664,work,1,1.1443916996305594e-16,0.0,0.005830409487792394,0.020663043795724187,0.009306570499307155,0.027868916096496853,0.015032870476580017,0.04827893708328777,2.635219543549312e-07,7.052516678690489e-07
2,306,76,2,0.05,work,2,1.1443916996305594e-16,0.0,0.003886631940101431,0.013752404199596103,0.009823451170222599,0.0292309461668193,0.013570414792272965,0.04279942318338479,2.6800750199525394e-07,4.298152059869762e-07
2,307,76,2,0.058333333333333334,work,3,1.1443916996305594e-16,0.0,0.0019431469375357615,0.006864740105076093,0.010437823691773044,0.030762595783417515,0.012231690740853987,0.03747568285129174,1.8633794454155945e-07,6.995615121308305e-07
2,308,76,2,0.06666666666666667,work,4,1.1443916996305594e-16,0.0,4.7624333504484565e-08,2.0647654623614288e-07,0.011130249783279242,0.03258383110591263,0.011130271900463982,0.03258372574222372,2.0824051510180161e-07,3.3585511653377587e-07
2,309,77,3,0.075,work,1,1.0007415106216802e-16,0.0,0.00605474441145247,0.02218984412334877,0.01210416704351439,0.03527152342504709,0.01772601791928692,0.056778883710585495,2.677034341306794e-07,7.662153322805476e-07
2,310,77,3,0.08333333333333333,work,2,1.0007415106216802e-16,0.0,0.004036863874389144,0.014760338350850059,0.013101811939839662,0.03836227995307344,0.016675381372865672,0.052461719682625814,2.306372404498512e-07,1.1449678368746524e-06
2,311,77,3,0.09166666666666666,work,3,1.0007415106216802e-16,0.0,0.002018608772447143,0.007363922263530076,0.014050834054910475,0.04177863721748319,0.015739351130780378,0.048686688353786714,3.810565676011076e-07,1.224436675558952e-06
2,312,77,3,0.1,work,4,1.0007415106216802e-16,0.0,4.577092227444155e-09,5.960464477539063e-08,0.014901079699001509,0.0454673673151525,0.014901081504288318,0.04546740960085021,5.656745030356901e-07,1.1793588958626787e-06
2,313,78,4,0.10833333333333334,work,1,1.1102230246251565e-16,0.0,0.006011027885311183,0.025205825543524404,0.015680626440838927,0.04965430961931722,0.020810939228239636,0.07222469500020125,3.719055536160094e-07,8.194283893625508e-07
2,314,78,4,0.11666666666666667,work,2,1.1102230246251565e-16,0.0,0.0040112454392118805,0.016773156431812264,0.01632334227508468,0.05440865858300505,0.019620849384044264,0.06946537391770213,4.010966844193453e-07,5.543552409928541e-07
2,315,78,4,0.125,work,3,1.1102230246251565e-16,0.0,0.002007563975932086,0.008371221031154168,0.016824447085982727,0.05952951349628317,0.018412518623731812,0.06705389633295668,4.1975282665280815e-07,8.074174633112048e-07
2,316,78,4,0.13333333333333333,work,4,1.1102230246251565e-16,0.0,1.646246933499067e-08,4.2146848510894035e-08,0.017191328070147647,0.06490849160820893,0.017191342362465528,0.06490845446166345,2.3988184579671053e-07,6.467859272423625e-07
2,317,79,5,0.14166666666666666,work,1,1.1443916996305594e-16,0.0,0.0057827735556066065,0.02891994876618636,0.01722552382583916,0.07041354212777025,0.022032170509802156,0.09571070288971571,2.3125364986935437e-07,9.190525975888616e-07
2,318,79,5,0.15,work,2,1.1443916996305594e-16,0.0,0.0038607743738357696,0.01926564796323333,0.01690904061023741,0.0772136373136356,0.02012816484105579,0.09440877723368912,1.2468741169736884e-07,5.817181258184673e-07
2,319,79,5,0.15833333333333333,work,3,1.1443916996305594e-16,0.0,0.0019331708034574927,0.009625701909029793,0.01658406047750018,0.0844812723457124,0.018194772631733306,0.09322682169602682,2.592817642131689e-07,4.4802714521804273e-07
2,320,79,5,0.16666666666666666,work,4,1.1443916996305594e-16,0.0,8.62579327515305e-09,4.2146848510894035e-08,0.016317593679312216,0.0917157978430834,0.016317601687535117,0.09171583176180877,6.436705087279486e-08,4.588009213906731e-07
2,321,80,6,0.175,work,1,1.1527756336890508e-16,0.0,0.005706952420040566,0.030873184116287155,0.01594848498034837,0.09829854227996021,0.020747155983184017,0.12571938685252146,1.798413887730205e-07,4.796229880878663e-07
2,322,80,6,0.18333333333333332,work,2,1.1527756336890508e-16,0.0,0.0038101435102364505,0.020580846910574394,0.015598454083207728,0.1049506015031623,0.018795836286571433,0.12344970423949951,1.9653328306876886e-07,5.511415603431162e-07
2,323,80,6,0.19166666666666665,work,3,1.1527756336890508e-16,0.0,0.0019078169944094765,0.010289828793188344,0.015240082737144221,0.11139914723839263,0.016845012460417398,0.1207450862650795,1.7419438223977553e-07,5.289387509017855e-07
2,324,80,6,0.2,work,4,1.1527756336890508e-16,0.0,4.094358177358875e-08,1.032382731180714e-07,0.014839094519235915,0.11783073626425705,0.014839124376288024,0.11783067486372278,1.5788710788550146e-07,2.1900144899933154e-07
2,325,81,7,0.20833333333333334,work,1,1.2719202621569003e-16,0.0,0.005460310099942854,0.03218342249083162,0.014195896156270694,0.1236024361335914,0.018675096854518385,0.15198554745315582,3.236864556030421e-07,7.140128940767647e-07
2,326,81,7,0.21666666666666667,work,2,1.2719202621569003e-16,0.0,0.0036447924827868066,0.02145586046242785,0.013688269110488833,0.12903624575364364,0.016716694403661563,0.1481203698621829,4.824590261180766e-07,1.1273789596186869e-06
2,327,81,7,0.225,work,3,1.2719202621569003e-16,0.0,0.0018246747161189672,0.010727844943035126,0.013283618980437546,0.13375037012370838,0.01481245550551057,0.14334768710497872,3.719856484662177e-07,1.1214546991722004e-06
2,328,81,7,0.23333333333333334,work,4,1.2719202621569003e-16,0.0,1.8906115881069836e-08,1.4600096599955432e-07,0.012925834754840515,0.13770746844417014,0.012925840039905788,0.13770732168293842,1.7888872944247297e-07,6.886851792509198e-07
2,329,82,8,0.24166666666666667,work,1,1.3947004136484323e-16,0.0,0.005897874845611057,0.033056983168650175,0.012312865066471662,0.14079305650070553,0.016928548410516782,0.16937482694734254,3.052714127794163e-07,6.809031759974908e-07
2,330,82,8,0.25,work,2,1.3947004136484323e-16,0.0,0.003935070102308272,0.02202856324257904,0.011892939868948967,0.1437522682905689,0.015119245761239195,0.16291861023596294,2.0303095057083146e-07,1.0159051745569405e-06
2,331,82,8,0.2583333333333333,work,3,1.3947004136484323e-16,0.0,0.0019691089166270852,0.011009527256420862,0.011640438134899846,0.14614568682402468,0.013320626773115027,0.15576594306107172,3.686447709067132e-07,1.0145929175942769e-06
2,332,82,8,0.26666666666666666,work,4,1.3947004136484323e-16,0.0,2.8160904933386446e-08,1.1542389828584842e-07,0.011512463133492221,0.14769750738206966,0.011512464558127704,0.14769740617086027,2.2838505393060455e-07,5.153303285178731e-07
2,333,83,9,0.275,work,1,2.1854762094519229e-16,0.0,0.006060122749516362,0.028326689361885714,0.011191177055025396,0.14678677390061928,0.016312875364528134,0.17092402681945126,2.3144408947581133e-07,8.81060689633763e-07
2,334,83,9,0.2833333333333333,work,2,2.1854762094519229e-16,0.0,0.004039989947064223,0.0188612276555731,0.011120115708442383,0.14562994185964487,0.014688283762279779,0.16173519659977573,3.4594414844572483e-07,1.0679050008755404e-06
2,335,83,9,0.2916666666666667,work,3,2.1854762094519229e-16,0.0,0.0020199678935796687,0.009418901858344486,0.011207935795305128,0.14358105511318342,0.013046542855573157,0.1516304676562568,5.597556888974744e-07,1.421792559847452e-06
2,336,83,9,0.3,work,4,2.1854762094519229e-16,0.0,1.4040015940127399e-08,1.4600096599955432e-07,0.011409578494526467,0.14078276741076243,0.0114095750933819,0.14078262466125538,4.980323478092475e-07,1.4048247038594386e-06
2,337,84,10,0.30833333333333335,work,1,2.0014830212433605e-16,0.0,0.003412355892415344,0.029293015470332313,0.010950790795608319,0.13756529637914372,0.014102019564361364,0.16252701889977716,3.692319743711145e-07,7.146345858741917e-07
2,338,84,10,0.31666666666666665,work,2,2.0014830212433605e-16,0.0,0.002267840366512571,0.019511584714276855,0.010537188944606833,0.13469544834307864,0.01264784684177964,0.1513380188060052,4.019792040118986e-07,6.623897186187795e-07
2,339,84,10,0.325,work,3,2.0014830212433605e-16,0.0,0.0011305081779034913,0.009747359194566294,0.010241177279359763,0.13107464232922383,0.011290282878796212,0.13938525134571383,1.5892624362133523e-07,3.2373608622551644e-07
2,340,84,10,0.3333333333333333,work,4,2.0014830212433605e-16,0.0,3.4740502179135875e-08,8.940696716308595e-08,0.010100359406498272,0.12793712908633736,0.010100383991170912,0.1279371435064722,2.7910048777641213e-07,5.748063779469126e-07
2,341,85,11,0.3416666666666667,work,1,2.9634845277824204e-16,0.0,0.00300428809113063,0.03316776992396374,0.008960263915381085,0.1260031874066374,0.010680140083488294,0.15417502918010018,2.94963532696487e-07,4.256623046721735e-07
2,342,85,11,0.35,work,2,2.9634845277824204e-16,0.0,0.002003012972280614,0.022113938182979975,0.007752116455802417,0.12237422470267367,0.008935065574151498,0.14136988117960095,2.2790819590350826e-07,3.9198835009234925e-07
2,343,85,11,0.35833333333333334,work,3,2.9634845277824204e-16,0.0,0.001001892730649521,0.0110580254347008,0.006813188139957481,0.11793528839150014,0.0074157967640403125,0.12751602794425643,2.798803492588951e-07,7.146345858741917e-07
2,344,85,11,0.36666666666666664,work,4,2.9634845277824204e-16,0.0,4.424467034343693e-09,8.429369702178807e-08,0.006066103201320955,0.1136326654393696,0.006066102203767028,0.11363258706058312,2.86146330926812e-07,7.1027131604034e-07
2,345,86,12,0.375,work,1,1.4946834900704541e-16,4.2146848510894035e-08,0.005889399970689607,0.03490296412459546,0.00609580834386602,0.10973751546594579,0.010962577887826213,0.14146490980489357,3.2721039135836293e-07,2.920019319991088e-07
2,346,86,12,0.3833333333333333,work,2,1.4946834900704541e-16,4.2146848510894035e-08,0.003932626136793763,0.023294346370204968,0.0063652815070245165,0.10639318407626272,0.009722035284769935,0.12769980158195116,3.3086542152331825e-07,5.331201499700061e-07
2,347,86,12,0.39166666666666666,work,3,1.4946834900704541e-16,4.2146848510894035e-08,0.0019698322959944446,0.011660193044287052,0.006700367064142936,0.103046048186213,0.008413448291373204,0.11377912380823474,2.0052570008687996e-07,2.7314279645418187e-07
2,348,86,12,0.4,work,4,1.4946834900704541e-16,4.2146848510894035e-08,2.834088997859699e-08,4.2146848510894035e-08,0.007065010875004423,0.09943991943592953,0.007065025096676744,0.09943989945020609,5.874701440474659e-08,5.144678503761327e-07
2,349,87,13,0.4083333333333333,work,1,1.2412670766236366e-16,0.0,0.0066198942449126425,0.034193619652025546,0.007756385883302121,0.09529649563881736,0.014158725034254431,0.12761245914490466,7.644244197522873e-08,3.6621706865562575e-07
2,350,87,13,0.4166666666666667,work,2,1.2412670766236366e-16,0.0,0.004416726280307847,0.02284054339847087,0.008425246925909883,0.09135519922857047,0.01269846485848882,0.11310774460962485,2.6605579276316173e-07,4.1187628987685676e-07
2,351,87,13,0.425,work,3,1.2412670766236366e-16,0.0,0.002210429114127118,0.011442661301614717,0.00908539527796862,0.0873193468021879,0.011218601681149347,0.09829961063731925,1.9935773279008002e-07,2.665600749850024e-07
2,352,87,13,0.43333333333333335,work,4,1.2412670766236366e-16,0.0,1.9259313073023727e-08,7.300048299977715e-08,0.009722421470405746,0.08342976236652458,0.009722437093378625,0.08342979267584716,2.212099097984754e-07,7.263456348749403e-07
2,353,88,14,0.44166666666666665,work,1,1.249000902703301e-16,0.0,0.005599343341850425,0.0393049255196806,0.009912952373548384,0.08076587271352256,0.015207144669097858,0.11843876950409414,2.3515447275012487e-07,1.0211373388178349e-06
2,354,88,14,0.45,work,2,1.249000902703301e-16,0.0,0.003746447578913958,0.026268435301142926,0.010196079883368686,0.07894246168739635,0.013803395480398616,0.10453536498597285,1.9261304527673748e-07,7.974557972109163e-07
2,355,88,14,0.4583333333333333,work,3,1.249000902703301e-16,0.0,0.0018804394563581403,0.013166766445310833,0.01051594892483535,0.07776188684786302,0.012354430174488423,0.09076972218702106,2.0600638066356071e-07,5.575503985246947e-07
2,356,88,14,0.4666666666666667,work,4,1.249000902703301e-16,0.0,1.0038612863918491e-08,6.664001874625056e-08,0.010911844761151571,0.07726689743239568,0.01091184411593801,0.07726691016122476,3.057831687884095e-07,7.714139882054844e-07
2,357,89,15,0.475,work,1,1.6883057536160649e-16,0.0,0.008956476564619073,0.043385792378734925,0.011563399358367019,0.07907420417886288,0.01929085467969571,0.12239900785524006,3.7908456236602825e-07,8.079672880009443e-07
2,358,89,15,0.48333333333333334,work,2,1.6883057536160649e-16,0.0,0.0059908772277922845,0.028949305719281247,0.01297894752603523,0.08266758057051769,0.018542469794368417,0.11151511132985613,2.7891441330507323e-07,4.730972011800879e-07
2,359,89,15,0.49166666666666664,work,3,1.6883057536160649e-16,0.0,0.0030053417641899816,0.014487316257404657,0.01477507582951928,0.0875547343586986,0.017684106116746628,0.10185029093672131,5.207798255516804e-07,1.1301329866563555e-06
2,360,89,15,0.5,work,4,1.6883057536160649e-16,0.0,9.212638408050114e-09,5.960464477539063e-08,0.01674833117318515,0.09354105231022106,0.016748337121062058,0.09354108295790088,5.042632481002841e-07,9.499417215889321e-07
2,361,90,16,0.5083333333333333,work,1,5.551115123125783e-17,0.0,0.014988474684174346,0.040526915601073396,0.020552530012137103,0.10027388392908289,0.03527112966922061,0.14034933720567142,3.806736971614089e-07,3.6500241499888623e-07
2,362,90,16,0.5166666666666666,work,2,5.551115123125783e-17,0.0,0.009980670038780658,0.026953960092634854,0.024641773461140614,0.10814084398787588,0.0345606197256913,0.13454932996631241,3.4304450213895126e-07,7.650552781220385e-07
2,363,90,16,0.525,work,3,5.551115123125783e-17,0.0,0.004984309689882766,0.013444780149461205,0.028794551684129123,0.11682677384797965,0.03375209735537057,0.12983040139921612,4.355219218016387e-07,9.775888602052263e-07
2,364,90,16,0.5333333333333333,work,4,5.551115123125783e-17,0.0,1.571918058006526e-08,1.4600096599955432e-07,0.03282894021175943,0.12562563918790004,0.032828949855461066,0.12562564549661517,4.6378655856955327e-07,1.1853684068531772e-06
2,365,91,17,0.5416666666666666,work,1,1.0007415106216802e-16,0.0,0.014067572944431587,0.026353004325712553,0.036451611289285875,0.130136641773475,0.05046130624163052,0.15529937293335336,2.893815569181202e-07,5.314515382089335e-07
2,366,91,17,0.55,work,2,1.0007415106216802e-16,0.0,0.009358407526782101,0.01750027898123188,0.039718756023083876,0.13419345271266697,0.04898461544169834,0.15080329188200542,3.77276958831134e-07,6.391886052348407e-07
2,367,91,17,0.5583333333333333,work,3,1.0007415106216802e-16,0.0,0.004669084207320733,0.008715841759595966,0.04248882206427195,0.13734172471598066,0.04707648800073303,0.14556298081212535,4.7578020823937114e-07,9.991559156322709e-07
2,368,91,17,0.5666666666666667,work,4,1.0007415106216802e-16,0.0,2.1441972014508184e-08,1.6858739404357617e-07,0.044678266878365167,0.13930563773689095,0.044678253636054654,0.1393055717319319,3.8295116796664413e-07,7.152557373046913e-07
2,369,92,18,0.575,work,1,2.0014830212433605e-16,0.0,0.013779391035637198,0.019965398021625516,0.04626079037994849,0.1363155992381581,0.05959806664365402,0.14948147236633114,3.0723712361747154e-07,8.05214410192155e-07
2,370,92,18,0.5833333333333334,work,2,2.0014830212433605e-16,0.0,0.009158284051528161,0.013311545766292277,0.04724731990717101,0.13242396644284432,0.05606272604485085,0.1412928046743918,2.261528639290265e-07,7.121445623247971e-07
2,371,92,18,0.5916666666666667,work,3,2.0014830212433605e-16,0.0,0.004565025788248382,0.0066562836203133266,0.04766210905478291,0.12760950653437803,0.05203395509503288,0.13207085289234918,1.2135193165890312e-07,2.7797755757238933e-07
2,372,92,18,0.6,work,4,2.0014830212433605e-16,0.0,1.7990840258221462e-08,1.032382731180714e-07,0.04756132819614796,0.12198744901502385,0.04756134498934197,0.12198748808050233,3.17259218258238e-07,8.45041685030337e-07
2,373,93,19,0.6083333333333333,work,1,2.498001805406602e-16,0.0,0.01217814398470176,0.020607348409266268,0.046638403903115834,0.11232975021238578,0.058323345596523496,0.11735824664864039,1.90880206826521e-07,9.209833824850667e-07
2,374,93,19,0.6166666666666667,work,2,2.498001805406602e-16,0.0,0.00810242885653398,0.01379589207107211,0.045396581783109055,0.10251037595520285,0.05316357969978248,0.10608669556970717,2.176388313966317e-07,3.9872789860545616e-07
2,375,93,19,0.625,work,3,2.498001805406602e-16,0.0,0.00404300041027659,0.0069267413161525305,0.043895975790683536,0.0927079105496726,0.04776725916855044,0.0945872346905087,3.0143650361657153e-07,4.161667836835672e-07
2,376,93,19,0.6333333333333333,work,4,2.498001805406602e-16,0.0,4.450638843743697e-08,0.0,0.04220386616764511,0.08312358316134547,0.0422038332872539,0.08312354657396308,3.341412992442523e-07,3.8281776245430556e-07
2,377,94,20,0.6416666666666666,work,1,1.6653345369377348e-16,0.0,0.009869296558153636,0.021374272638838693,0.039676438229801554,0.0716728251351164,0.049090655011494275,0.07505023818116328,4.907732155699143e-07,1.2853061349897502e-06
2,378,94,20,0.65,work,2,1.6653345369377348e-16,0.0,0.006578464719714515,0.01428298630776623,0.03717392106040143,0.06097511655243884,0.04346562874949463,0.06357826513137763,4.271474175397233e-07,8.018984822674871e-07
2,379,94,20,0.6583333333333333,work,3,1.6653345369377348e-16,0.0,0.0032886957899831972,0.0071585114321648415,0.03474992816564742,0.05143266044516008,0.037901184745636085,0.05289316921173301,3.419445684119638e-07,1.019396267919973e-06
2,380,94,20,0.6666666666666666,work,4,1.6653345369377348e-16,0.0,3.362617172147257e-08,8.940696716308595e-08,0.03245659838818365,0.043560859713881336,0.03245662596225643,0.04356094348606655,2.5536402441396964e-07,7.008299837294165e-07
2,381,95,21,0.675,work,1,1.2719202621569003e-16,0.0,0.009303909536010721,0.020674359877071488,0.030199098242672667,0.037250479928585045,0.039315139355909905,0.04694444336917057,1.9952465468969276e-07,5.179091452653055e-07
2,382,95,21,0.6833333333333333,work,2,1.2719202621569003e-16,0.0,0.006208295704943258,0.01382050056116647,0.028154694683307634,0.033510407558185865,0.03423802634959228,0.04013004562120681,3.4771414046815306e-07,8.900871588628413e-07
2,383,95,21,0.6916666666666667,work,3,1.2719202621569003e-16,0.0,0.003107084155658879,0.006929407306051806,0.026338351979030342,0.03263698512066643,0.029380166774935563,0.03576412355221528,2.0388262584324432e-07,3.009887021291878e-07
2,384,95,21,0.7,work,4,1.2719202621569003e-16,0.0,9.92405644103078e-09,5.16191365590357e-08,0.024761236610001246,0.03428897104209204,0.024761237338544802,0.03428902856212358,2.2588339968543992e-07,2.8115454709698594e-07
2,385,96,22,0.7083333333333334,work,1,8.326672684688674e-17,0.0,0.010049868996520833,0.01694540605597134,0.023673026063840297,0.03748428805994954,0.03359783433138459,0.04726122826771089,3.1198393519436055e-07,7.432677694165705e-07
2,386,96,22,0.7166666666666667,work,2,8.326672684688674e-17,0.0,0.006705851017000702,0.0113670616991696,0.02279957677183543,0.041640628935926134,0.029402253399608315,0.04713204317790772,2.0904126951174125e-07,2.4211521162497896e-07
2,387,96,22,0.725,work,3,8.326672684688674e-17,0.0,0.003355965212007903,0.005718821898667651,0.022123635852848825,0.04620915464600409,0.02541499398815877,0.0484546866742051,1.5034869531488013e-07,3.097148193542145e-07
2,388,96,22,0.7333333333333333,work,4,8.326672684688674e-17,0.0,3.76045060343039e-08,4.2146848510894035e-08,0.02162340112969225,0.05091492171838712,0.02162343174563583,0.050914902825056334,1.4808579071199353e-07,3.839760639287575e-07
2,389,97,23,0.7416666666666667,work,1,5.551115123125783e-17,0.0,0.009776085469100209,0.015860673759170517,0.021190641998627614,0.05531215381576747,0.030806018157908777,0.06178268675393031,1.3855805827499932e-07,6.265579474457718e-07
2,390,97,23,0.75,work,2,5.551115123125783e-17,0.0,0.006526077677498292,0.0106459804274762,0.020898461192261682,0.05958326331185439,0.027287411433874857,0.06324542356941523,3.0711458180365803e-07,7.432677694165705e-07
2,391,97,23,0.7583333333333333,work,3,5.551115123125783e-17,0.0,0.0032674135346536463,0.005359200776808074,0.020725233588273252,0.06370235648907172,0.023905295184028057,0.06523711292306668,1.7417275281704463e-07,2.528810910653644e-07
2,392,97,23,0.7666666666666666,work,4,5.551115123125783e-17,0.0,3.5735262081620346e-08,2.0212918469683143e-07,0.020646388878031205,0.06767447456729575,0.020646357928452628,0.0676746226373945,3.0814265136253215e-07,7.731391055031376e-07
2,393,98,24,0.775,work,1,1.4946834900704541e-16,0.0,0.009525593703117244,0.01946282936158739,0.020494102103846227,0.07066235051101658,0.029699863393216185,0.07504321732987589,2.1445654254752073e-07,3.2917740992269735e-07
2,394,98,24,0.7833333333333333,work,2,1.4946834900704541e-16,0.0,0.006363888488189817,0.013032828339296981,0.02041573106290346,0.07360336727005014,0.02653529083423197,0.07600717664367114,1.1880297023808704e-07,8.063166891615853e-07
2,395,98,24,0.7916666666666666,work,3,1.4946834900704541e-16,0.0,0.0031887949612403634,0.006545751890786436,0.02039334767328797,0.0765069651459288,0.023440039836095283,0.07745461761163468,2.8741974212928786e-07,5.221788724641586e-07
2,396,98,24,0.8,work,4,1.4946834900704541e-16,0.0,3.1222450786706167e-08,1.264405455326821e-07,0.02041420848200311,0.07935611276010517,0.020414237971991326,0.07935600776062664,1.3331254558073004e-07,6.867479456545692e-07
2,397,99,25,0.8083333333333333,work,1,1.3597399555105182e-16,0.0,0.009517737896288802,0.02306071092215194,0.020327402221447237,0.08141764033533998,0.029335446479876178,0.08507926403456854,1.9784180424529112e-07,1.976862424823881e-07
2,398,99,25,0.8166666666666667,work,2,1.3597399555105182e-16,0.0,0.006364173286439861,0.015420584077740638,0.020286947148984057,0.08362891908869387,0.026287286820015368,0.08556570363573102,1.4620510650231666e-07,3.7223088731756253e-07
2,399,99,25,0.825,work,3,1.3597399555105182e-16,0.0,0.0031917382221093304,0.007734405631335882,0.020274768848692427,0.08596201894747466,0.023266157921313264,0.08666948502837256,2.256406476011254e-07,7.408739861641004e-07
2,400,99,25,0.8333333333333334,work,4,1.3597399555105182e-16,0.0,1.6068978966524043e-08,5.960464477539063e-08,0.020279693604391684,0.08839827883497464,0.020279707248298813,0.08839822565836432,2.1902800010078694e-07,5.446573162823057e-07
2,401,100,26,0.8416666666666667,work,1,0.0,0.0,0.009892690038142408,0.02556408505660073,0.0202896679184215,0.09052098349839785,0.02963425224313342,0.09481145570368518,1.0617834317475133e-07,4.558878702157255e-07
2,402,100,26,0.85,work,2,0.0,0.0,0.006620336860107809,0.017097749607838882,0.02032004254557547,0.09287923269647293,0.026544136836690452,0.09517038235350843,1.9823618450632115e-07,1.0494480646645553e-06
2,403,100,26,0.8583333333333333,work,3,0.0,0.0,0.003323055824008111,0.008577673169244097,0.020358166810924828,0.09541752265869108,0.023460549647735453,0.09626502011752455,1.3434768999056585e-07,5.339525004377654e-07
2,404,100,26,0.8666666666666667,work,4,0.0,0.0,1.926881229943837e-08,5.16191365590357e-08,0.02040383616344286,0.09809756238090579,0.02040381874942038,0.09809760198653857,2.590653869255004e-07,8.719407819704955e-07
2,405,101,27,0.875,work,1,1.594436429147036e-16,0.0,0.00973583668536535,0.025585846892717458,0.02028526269361717,0.10088664284053626,0.029491893857035236,0.1059659736956082,1.4741737886151e-07,4.6169559314339464e-07
2,406,101,27,0.8833333333333333,work,2,1.594436429147036e-16,0.0,0.006522225268942877,0.017118019820255157,0.020189631021476296,0.1038554812959451,0.026319077604028043,0.10659124053325515,7.670604301288302e-08,3.513641989991549e-07
2,407,101,27,0.8916666666666666,work,3,1.594436429147036e-16,0.0,0.003277368731258412,0.008591231722668312,0.0201181095711369,0.10692105627133797,0.02317167959051441,0.10795985945372202,1.763030704799145e-07,3.264680847556393e-07
2,408,101,27,0.9,work,4,1.594436429147036e-16,0.0,2.7994532251291673e-08,5.960464477539063e-08,0.020072707753845356,0.11004130511547577,0.020072731887631354,0.11004126039870074,1.475927135390951e-07,1.976862424823881e-07
2,409,102,28,0.9083333333333333,work,1,6.206335383118183e-17,0.0,0.009431291413001936,0.02404077402059376,0.019852599102523925,0.11325353132863474,0.028802827136207042,0.11791850592843603,1.4964254117896609e-07,4.4802714521804273e-07
2,410,102,28,0.9166666666666666,work,2,6.206335383118183e-17,0.0,0.0063261275818994175,0.016091127779452267,0.019683033651141702,0.11661558411717428,0.02563948734801839,0.11907392478655525,1.4436620274053417e-07,5.27256906418627e-07
2,411,102,28,0.9249999999999999,work,3,6.206335383118183e-17,0.0,0.003182872787208825,0.008080110814955077,0.019568606678006802,0.12003296113726111,0.022535211973076105,0.12093918609108792,7.922978893451474e-08,5.161913655903584e-07
2,412,102,28,0.9333333333333333,work,4,6.206335383118183e-17,0.0,1.881280397919093e-08,4.2146848510894035e-08,0.019514144974947162,0.12345439509336545,0.019514161613374218,0.12345442500489968,1.0960290173617217e-07,2.1490760299348777e-07
2,413,103,29,0.9416666666666667,work,1,1.9229626863835638e-16,0.0,0.008938173691941496,0.021501187111893694,0.019235533532089386,0.12700181634100008,0.027701536975969925,0.13057964334542335,1.461069659451885e-07,6.886851792509198e-07
2,414,103,29,0.95,work,2,1.9229626863835638e-16,0.0,0.0060008395244922005,0.01438310028539107,0.019036881650344572,0.13066826361078432,0.024671662413870234,0.13246006463520105,1.4922163908641676e-07,4.92415179069589e-07
2,415,103,29,0.9583333333333334,work,3,1.9229626863835638e-16,0.0,0.0030221008410118034,0.007219498529087447,0.018922010193662412,0.13436112026379524,0.021729373061038577,0.13496733576220418,2.2030380903682858e-07,9.461944023601825e-07
2,416,103,29,0.9666666666666667,work,4,1.9229626863835638e-16,0.0,1.0325849820976021e-08,5.960464477539063e-08,0.01889350083973339,0.13802982878440184,0.01889349767365613,0.1380298879270954,1.8933328298909375e-07,4.6838026182358703e-07
2,417,104,30,0.975,work,1,0.0,0.0,0.008221646102059301,0.01873094467653088,0.018575995021753857,0.14181255215884656,0.02630535254790221,0.14406993372070756,2.717212909327783e-07,6.364034564513776e-07
2,418,104,30,0.9833333333333333,work,2,0.0,0.0,0.005521126778590556,0.012514101045183723,0.01835736267137257,0.14566496371675078,0.023501981017236,0.14667476997357795,1.524316617315051e-07,3.009887021291878e-07
2,419,104,30,0.9916666666666667,work,3,0.0,0.0,0.0027812369421189916,0.0062743115868902095,0.018241656445245842,0.14949682348884902,0.02080580147148646,0.14976386330169852,1.8948426655569828e-07,4.097141946812732e-07
2,420,104,30,1.0,work,4,0.0,0.0,1.6820382114397342e-08,5.960464477539063e-08,0.018231414530928903,0.15326409503352095,0.018231424393606983,0.1532641465366554,1.8238087226259708e-07,4.107966647175028e-07
2,421,105,31,1.0083333333333333,work,1,1.3597399555105182e-16,0.0,0.007387302932819918,0.015897500064104335,0.01794171046819933,0.1570184059713189,0.024864625009829694,0.15785649765791962,1.711532615251893e-07,4.0644948771553874e-07
2,422,105,31,1.0166666666666666,work,2,1.3597399555105182e-16,0.0,0.0049577319317377876,0.010616393339794292,0.017757027990784324,0.16078696835848105,0.022362480971158175,0.1609775967807516,1.682947056645197e-07,4.4203987640712727e-07
2,423,105,31,1.025,work,3,1.3597399555105182e-16,0.0,0.002495769159115567,0.005320179878897494,0.01768042366841998,0.16448324545782214,0.01997588291631085,0.16440410615305215,8.144205647311307e-08,4.2774379534743284e-07
2,424,105,31,1.0333333333333332,work,4,1.3597399555105182e-16,0.0,2.5818538605118606e-08,8.429369702178807e-08,0.017709433508330794,0.16808377041559036,0.017709407730279108,0.16808381510093065,1.1105797293684012e-07,1.4600096599955432e-07
2,425,106,32,1.0416666666666667,work,1,1.576213700060856e-16,0.0,0.006760653623051004,0.012911269268794278,0.017558840934570948,0.1713076115425697,0.023910057298903144,0.17018160051289857,1.8992036126454613e-07,4.730972011800879e-07
2,426,106,32,1.05,work,2,1.576213700060856e-16,0.0,0.004528751113079412,0.008617216101505346,0.017492678797216756,0.17451564584911505,0.021716808355725377,0.17352741767782687,1.7046001649820274e-07,4.712160915387253e-07
2,427,106,32,1.0583333333333333,work,3,1.576213700060856e-16,0.0,0.0022755750808140978,0.0043153726778287676,0.017507209712432803,0.17765022782699705,0.019613663706852916,0.1770443598897849,1.8123142024910914e-07,2.920019319991088e-07
2,428,106,32,1.0666666666666667,work,4,1.576213700060856e-16,0.0,5.431191157247314e-08,1.2990531157078367e-07,0.017597476183692767,0.1807007277669495,0.01759753047592166,0.18070065095648138,1.240149715430121e-07,5.004660971089217e-07
2,429,107,33,1.075,work,1,1.2412670766236366e-16,0.0,0.0062169484061036185,0.010421849708762868,0.01753165379373203,0.18331232711847537,0.02340746198770939,0.1806106832635548,1.5954853832605005e-07,4.969040155569645e-07
2,430,107,33,1.0833333333333333,work,2,1.2412670766236366e-16,0.0,0.004155759613076653,0.006945230816546965,0.01751196222787459,0.18584584854929787,0.021421768455814706,0.1839119965116585,1.449871670644979e-07,6.063875540904964e-07
2,431,107,33,1.0916666666666666,work,3,1.2412670766236366e-16,0.0,0.0020836789030577946,0.0034726509894284665,0.017537038536177534,0.18828588583469733,0.019488676465799357,0.18725732951532834,1.9095442966724388e-07,8.264437093652574e-07
2,432,107,33,1.1,work,4,1.2412670766236366e-16,0.0,4.1817069164502807e-08,1.3328003749250115e-07,0.017606553762588777,0.1906331185426051,0.017606595390596273,0.19063300772938188,2.1014627885868691e-07,4.6169559314339464e-07
2,433,108,34,1.1083333333333334,work,1,1.3877787807814457e-16,0.0,0.005688749903835522,0.008542362476978819,0.017522320953833367,0.19252258287483598,0.02294960458686178,0.18884928374625357,1.7397757246882777e-07,6.293866658789802e-07
2,434,108,34,1.1166666666666667,work,2,1.3877787807814457e-16,0.0,0.003795224199080762,0.005689313397695436,0.017465313972206357,0.19424990700293907,0.021079000050782587,0.1917459915116297,1.720015131234959e-07,3.111453804049063e-07
2,435,108,34,1.125,work,3,1.3877787807814457e-16,0.0,0.0018991362975967925,0.0028425887730717577,0.0174382437306866,0.19582523626196968,0.019243426740328345,0.19454860286164488,1.823248334152104e-07,5.487189483500131e-07
2,436,108,34,1.1333333333333333,work,4,1.3877787807814457e-16,0.0,2.0808193499498057e-08,9.424321830774485e-08,0.01744334419703494,0.19725934971706596,0.017443324731333722,0.19725942469851496,2.7490657198226866e-07,4.91512492372712e-07
2,437,109,35,1.1416666666666666,work,1,1.6883057536160649e-16,0.0,0.0050301141161573516,0.006307199929727063,0.017256632416941618,0.19839038033437562,0.022097414728927105,0.1947366572757351,2.215362545843045e-07,4.4404460268471747e-07
2,438,109,35,1.15,work,2,1.6883057536160649e-16,0.0,0.003351342863867111,0.004190699035392238,0.017096231142537454,0.19920676111747726,0.02032041866710894,0.19676871821591654,2.045533667678637e-07,3.182017282256878e-07
2,439,109,35,1.1583333333333332,work,3,1.6883057536160649e-16,0.0,0.0016746267653648093,0.002088862277041967,0.016969932170404038,0.19975127519137517,0.018580836196648565,0.19853200394322254,1.648986630415066e-07,4.1935584781975493e-07
2,440,109,35,1.1666666666666667,work,4,1.6883057536160649e-16,0.0,7.056141763950141e-09,4.2146848510894035e-08,0.016881880444843133,0.2000482578893092,0.016881874125847973,0.2000482054539023,9.815135057980266e-08,4.4604031881975524e-07
2,441,110,36,1.175,work,1,1.7554167342883506e-16,0.0,0.004419980350606778,0.004175334417714312,0.01661942445436272,0.20006366631751124,0.02087674049860068,0.19700779224987502,1.2508940985405008e-07,2.2696772533249593e-07
2,442,110,36,1.1833333333333333,work,2,1.7554167342883506e-16,0.0,0.0029440466155100462,0.002760337166916273,0.016405008700968393,0.19966430131475835,0.019243735355648623,0.19764778144805129,1.947972103012252e-07,5.389196074016445e-07
2,443,110,36,1.1916666666666667,work,3,1.7554167342883506e-16,0.0,0.0014706917504821284,0.0013688821465139252,0.016247433083716758,0.1988900486759861,0.017666990057790696,0.19789141651524497,8.387161608829057e-08,5.280984981855572e-07
2,444,110,36,1.2,work,4,1.7554167342883506e-16,0.0,4.063493674290896e-08,8.429369702178807e-08,0.016145963892033044,0.1977931267797584,0.016145924013068767,0.19779316429534397,7.89817653259067e-08,6.165552397244359e-07
2,445,111,37,1.2083333333333333,work,1,1.3092278833360675e-16,0.0,0.0039440061284948084,0.004410492856854645,0.0159291667469259,0.19628057720684502,0.019736389637775548,0.1935984733794269,3.713649225476546e-07,8.471411707134248e-07
2,446,111,37,1.2166666666666666,work,2,1.3092278833360675e-16,0.0,0.0026274888874780068,0.0029204876554177225,0.015773814138292222,0.19432768363211958,0.01831421655280257,0.19256828864608708,2.7286277443637446e-07,7.263456348749403e-07
2,447,111,37,1.225,work,3,1.3092278833360675e-16,0.0,0.0013128596319653162,0.0014503545302402777,0.01568094796304566,0.1919872594390767,0.016951930174061578,0.1911203407106219,2.91772997932091e-07,7.426700469480267e-07
2,448,111,37,1.2333333333333334,work,4,1.3092278833360675e-16,0.0,1.094949716881371e-08,5.16191365590357e-08,0.015647363141470437,0.1893234249317996,0.015647352984388442,0.18932338118720088,3.2402255066904305e-07,7.177349673981881e-07
3,449,112,1,0.008333333333333333,startup,1,1.6184142622847344e-16,0.0,0.009207638428467438,0.029705085359111004,0.002816864054097746,0.00864268614545875,0.012014677531546508,0.03834202834784759,1.8046532084393203e-07,3.384893146634269e-07
3,450,112,1,0.016666666666666666,startup,2,1.6184142622847344e-16,0.0,0.006142250658156958,0.019772864746746617,0.005232926958907139,0.015827976682859877,0.011335095602211692,0.035590342604804794,1.682019587355942e-07,8.658074764212408e-07
3,451,112,1,0.025,startup,3,1.6184142622847344e-16,0.0,0.003072990784625035,0.009871266823429245,0.0072756421052655555,0.021855769637641003,0.01029079079007912,0.031707440764550995,2.0634223130799563e-07,8.392410183148877e-07
3,452,112,1,0.03333333333333333,startup,4,1.6184142622847344e-16,0.0,3.277683707296098e-08,1.5769906706002898e-07,0.00897976524551522,0.02703455362306859,0.008979765314157668,0.02703465108705651,2.0264134851631975e-07,4.129530924722863e-07
3,453,113,2,0.041666666666666664,work,1,2.7336071744532853e-16,0.0,0.0058218949520282845,0.020661234866146978,0.009465419236634118,0.02867769618354496,0.015166746787237846,0.04890981874984226,3.5205049061920666e-07,9.857318048799869e-07
3,454,113,2,0.05,work,2,2.7336071744532853e-16,0.0,0.0038796834087536686,0.01375302980202351,0.009992101143787301,0.030349564263243055,0.01373034869508659,0.043765053424892016,2.3785909837538067e-07,9.233911862867954e-07
3,455,113,2,0.058333333333333334,work,3,2.7336071744532853e-16,0.0,0.0019390387891218767,0.006865834336976149,0.010586506985993402,0.0321890357529666,0.012385623837789359,0.03881141453205494,3.1418219252780744e-07,9.494741154953326e-07
3,456,113,2,0.06666666666666667,work,4,2.7336071744532853e-16,0.0,6.980362899968717e-09,1.3328003749250115e-07,0.01123408367228928,0.03428045761439292,0.01123408559304904,0.03428039317791884,2.8522721665065125e-07,9.546051846770714e-07
3,457,114,3,0.075,work,1,9.614813431917819e-17,0.0,0.006041975973922608,0.022176565063651933,0.012130300059824328,0.03713235174890155,0.01777670720576948,0.058400225572117576,2.0508015501083963e-07,5.809542146211266e-07
3,458,114,3,0.08333333333333333,work,2,9.614813431917819e-17,0.0,0.004027047075497663,0.014753043600877957,0.01304126124321982,0.04028127907431667,0.016652088256080735,0.0542577027082407,6.144207694651592e-08,4.85146659496419e-07
3,459,114,3,0.09166666666666666,work,3,9.614813431917819e-17,0.0,0.0020130542909187646,0.007360864884019592,0.013904415017498414,0.043675927071893245,0.015622147972731088,0.05055208288766741,1.30421918158471e-07,4.107966647175028e-07
3,460,114,3,0.1,work,4,9.614813431917819e-17,0.0,1.9640041428996802e-08,1.3328003749250115e-07,0.01467566270507343,0.0472787755193704,0.01467564716595244,0.04727884567694198,2.1410125020975744e-07,7.862392639084461e-07
3,461,115,4,0.10833333333333334,work,1,1.8619006149354548e-16,0.0,0.005998680209198373,0.025119966737033525,0.01538715399330997,0.05110178167674347,0.020607232575332073,0.07322263638344294,2.5269868811730335e-07,6.861009855998394e-07
3,462,115,4,0.11666666666666667,work,2,1.8619006149354548e-16,0.0,0.004002395510926944,0.01671722938231736,0.015974878720635948,0.05545055468036755,0.019345627291607034,0.07027721585141927,1.597351020554996e-07,2.995096332168847e-07
3,463,115,4,0.125,work,3,1.8619006149354548e-16,0.0,0.0020028601354388042,0.008343899575127548,0.016434029270446147,0.06017254404547948,0.01806552797960396,0.06761720241249858,2.955986277378029e-07,6.47472172451035e-07
3,464,115,4,0.13333333333333333,work,4,1.8619006149354548e-16,0.0,2.4607428350788134e-08,1.4600096599955432e-07,0.01677253866011756,0.06517264607007045,0.016772517198809848,0.06517273377082382,2.2078490128653734e-07,8.150812584863566e-07
3,465,116,5,0.14166666666666666,work,1,6.206335383118183e-17,0.0,0.005769939349323034,0.028826331985499897,0.016950150665103976,0.07029513942202172,0.02181320596887917,0.09496076599287073,3.0438841442449755e-07,7.562981570034979e-07
3,466,116,5,0.15,work,2,6.206335383118183e-17,0.0,0.0038524617084696984,0.0192040725642201,0.017040696125806224,0.07608993745415216,0.02022189251140798,0.09283328492006614,3.2681517772097574e-07,9.96485560971538e-07
3,467,116,5,0.15833333333333333,work,3,6.206335383118183e-17,0.0,0.001929147670190353,0.00959534983978421,0.017053687757550895,0.08220536310504223,0.018614475244333645,0.09069072407369115,4.1555474712648e-07,1.2615925364802524e-06
3,468,116,5,0.16666666666666666,work,4,6.206335383118183e-17,0.0,4.4242324264974714e-08,7.300048299977715e-08,0.016797915597406652,0.08819127752529972,0.016797882819605894,0.08819125005889664,3.1269379531588466e-07,1.3863686739937354e-06
3,469,117,6,0.175,work,1,8.326672684688674e-17,0.0,0.005675791745309681,0.030807089101329316,0.01628937275454417,0.09457816511839102,0.021049241479590173,0.12162829003179268,2.551542831425136e-07,9.522763078612452e-07
3,470,117,6,0.18333333333333332,work,2,8.326672684688674e-17,0.0,0.0037898741228070926,0.020538078885284153,0.015724613193973818,0.10167020483044362,0.0189593256239067,0.11999467204957243,2.8671397982999195e-07,7.1027131604034e-07
3,471,117,6,0.19166666666666665,work,3,8.326672684688674e-17,0.0,0.0018979591784554512,0.010268954054158915,0.015376269735278999,0.10853933861639059,0.017001120247157244,0.11782254223161909,2.2754823618935086e-07,6.995615121308305e-07
3,472,117,6,0.2,work,4,8.326672684688674e-17,0.0,9.039137638619116e-09,4.2146848510894035e-08,0.01514197292161325,0.11480968045242934,0.015141980861883588,0.1148096889998586,2.2394377684145716e-07,3.9311963195422116e-07
3,473,118,7,0.20833333333333334,work,1,8.326672684688674e-17,0.0,0.0055817126146140116,0.03269398201162244,0.01468934509223504,0.11973240546652753,0.019222432042002465,0.14792852209446872,1.8924252047043059e-07,5.331201499700061e-07
3,474,118,7,0.21666666666666667,work,2,8.326672684688674e-17,0.0,0.0037266613357322463,0.02179614243210437,0.014291547082456885,0.12466721991775541,0.01735831914381954,0.1436902520398295,1.677207708057525e-07,2.8115454709698594e-07
3,475,118,7,0.225,work,3,8.326672684688674e-17,0.0,0.0018660915729793548,0.010898210200078145,0.013882038963737795,0.12891044748033578,0.015451506438988743,0.13847638209055294,2.0332390948884478e-07,8.704115072792977e-07
3,476,118,7,0.23333333333333334,work,4,8.326672684688674e-17,0.0,1.4007196004236125e-08,9.424321830774485e-08,0.013521808473622278,0.133588828111868,0.013521819227658318,0.13358872975917865,1.719597333676654e-07,4.4404460268471747e-07
3,477,119,8,0.24166666666666667,work,1,7.850462293418876e-17,0.0,0.00588370582475452,0.03248617209840623,0.012905657908797137,0.1370106925706585,0.017440981880101795,0.16515215436216635,2.663591071958629e-07,4.6169559314339464e-07
3,478,119,8,0.25,work,2,7.850462293418876e-17,0.0,0.003927232660921292,0.021649043093039683,0.012445633252287933,0.1398029636856123,0.01559946264774303,0.15865973499119465,1.426337366350034e-07,3.5513565802016856e-07
3,479,119,8,0.2583333333333333,work,3,7.850462293418876e-17,0.0,0.0019660111493293446,0.010820275380346224,0.012127996781747592,0.142152445773443,0.013768504946923167,0.1516128404602008,2.6416484713054256e-07,5.092623081992598e-07
3,480,119,8,0.26666666666666666,work,4,7.850462293418876e-17,0.0,1.0480093244722675e-08,5.16191365590357e-08,0.011932077842609214,0.14368716419423463,0.011932070637024549,0.14368718870831848,3.496517340558264e-07,8.25906184944577e-07
3,481,120,9,0.275,work,1,1.3877787807814457e-16,4.2146848510894035e-08,0.006022969143526705,0.02908452250009242,0.011539442902011228,0.1430118416086568,0.016596292608217995,0.16784984299422018,4.543065551810226e-07,1.2928850629022264e-06
3,482,120,9,0.2833333333333333,work,2,1.3877787807814457e-16,4.2146848510894035e-08,0.004017152876456649,0.01936924200446379,0.011343261215569948,0.1421208188464273,0.014868483832230432,0.15868659195235046,2.513593946536501e-07,9.94254786825922e-07
3,483,120,9,0.2916666666666667,work,3,1.3877787807814457e-16,4.2146848510894035e-08,0.002009485428875992,0.009674318328490653,0.01130890654241055,0.14054023709294683,0.01313165929097196,0.14881697859170037,3.8013687088195044e-07,1.2258865714790495e-06
3,484,120,9,0.3,work,4,1.3877787807814457e-16,4.2146848510894035e-08,4.900020366959598e-08,6.664001874625056e-08,0.011381567525330906,0.13815853925702887,0.011381546990854911,0.13815852551602115,2.7688009749492263e-07,7.714139882054844e-07
3,485,121,10,0.30833333333333335,work,1,1.1188630228279524e-16,0.0,0.003449212773365194,0.0292427659587266,0.010767811820710184,0.13490383498145175,0.013953212240227279,0.1595569945103668,1.848902182790576e-07,8.269808844036882e-07
3,486,121,10,0.31666666666666665,work,2,1.1188630228279524e-16,0.0,0.002293998479840694,0.019478536718849943,0.01022895772367531,0.13195932966847843,0.01237927535785304,0.14838940195488073,3.739561586669401e-07,9.300998767809495e-07
3,487,121,10,0.325,work,3,1.1188630228279524e-16,0.0,0.0011443476320038217,0.009730956689650003,0.009842934620952733,0.12850013054966963,0.010921402074648291,0.1367004892155124,3.884860765067431e-07,7.851087970924124e-07
3,488,121,10,0.3333333333333333,work,4,1.1188630228279524e-16,0.0,2.833053741529934e-08,9.424321830774485e-08,0.009585653081585599,0.12543916461797003,0.009585669077199613,0.12543922557040735,3.667435234741272e-07,1.2010003137356155e-06
3,489,122,11,0.3416666666666667,work,1,6.206335383118183e-17,0.0,0.0028447379552389743,0.032953144020338485,0.00835077423598033,0.12340851598209135,0.009988807411319951,0.15131827724219535,3.0527886451850137e-07,8.785368784060355e-07
3,490,122,11,0.35,work,2,6.206335383118183e-17,0.0,0.0018963496473606086,0.021966996050166353,0.007105232552519049,0.12005245616594179,0.008248723721623993,0.13885935500686697,8.808519717958128e-08,5.314515382089335e-07
3,491,122,11,0.35833333333333334,work,3,6.206335383118183e-17,0.0,0.0009483761959959759,0.010982587101653611,0.005960550332483481,0.1160627637496349,0.006555112623479997,0.12556310315688324,2.723132659600256e-07,6.822063411628993e-07
3,492,122,11,0.36666666666666664,work,4,6.206335383118183e-17,0.0,3.5987804658020696e-08,2.0647654623614288e-07,0.005036126373991152,0.11161757957717723,0.005036157475548011,0.11161777109257873,1.0899006174358784e-07,5.870376707193935e-07
3,493,123,12,0.375,work,1,8.326672684688674e-17,0.0,0.005949545694517765,0.035199955327954245,0.005109527659382594,0.10782157775472231,0.010372288380141065,0.1395410274080949,1.182745025466245e-07,2.528810910653644e-07
3,494,123,12,0.3833333333333333,work,2,8.326672684688674e-17,0.0,0.003973106080930866,0.023490717279145167,0.005494213868148979,0.10470913042595695,0.009145167248629892,0.12604262754895543,2.460333345520057e-07,4.318766816314896e-07
3,495,123,12,0.39166666666666666,work,3,8.326672684688674e-17,0.0,0.001990166964908457,0.011757554958006356,0.005976308137570745,0.10159781580373677,0.007842807126200597,0.11235967161820247,2.573316685923154e-07,8.269808844036882e-07
3,496,123,12,0.4,work,4,8.326672684688674e-17,0.0,4.516417956355078e-08,1.4600096599955432e-07,0.006465744524925318,0.09824736661333806,0.006465715941392055,0.09824726315843516,1.43406497802768e-07,7.324341373112546e-07
3,497,124,13,0.4083333333333333,work,1,1.6711069443220838e-16,0.0,0.0067073648223281886,0.033668604725643904,0.007260946178895673,0.09390321459796333,0.013901996868335903,0.125564784269709,2.5307649168735037e-07,9.499417215889321e-07
3,498,124,13,0.4166666666666667,work,2,1.6711069443220838e-16,0.0,0.004475797038291241,0.02249038239005189,0.008050065714935106,0.08977465882711941,0.012476015291716753,0.11111381670342185,3.7887550336476416e-07,9.059121700269457e-07
3,499,124,13,0.425,work,3,1.6711069443220838e-16,0.0,0.002240253522434937,0.011267525478498177,0.008798135539928654,0.08575429069739172,0.011005288545856445,0.09654196739567586,3.1358926827032155e-07,6.886851792509198e-07
3,500,124,13,0.43333333333333335,work,4,1.6711069443220838e-16,0.0,2.1532801931271705e-08,1.0745380149674385e-07,0.009500734895139345,0.08180786306966396,0.009500749048588782,0.08180774706177149,3.762761120683328e-07,4.107966647175028e-07
3,501,125,14,0.44166666666666665,work,1,1.576213700060856e-16,0.0,0.005560999537041306,0.03967238477461617,0.00972113965762085,0.0793216560938844,0.015084970779531217,0.11736446563303446,1.3952566544798088e-07,3.3717478808715265e-07
3,502,125,14,0.45,work,2,1.576213700060856e-16,0.0,0.0037211684763612217,0.026507750863453233,0.010043841726059353,0.07764743649701145,0.013693178935201767,0.10349747875758432,3.096971094523199e-07,5.717076686993523e-07
3,503,125,14,0.4583333333333333,work,3,1.576213700060856e-16,0.0,0.00186789766705935,0.013283758314739826,0.010450056603393628,0.07659011257301594,0.012302961557691387,0.08972912027652921,1.5228937050016286e-07,5.347835554160599e-07
3,504,125,14,0.4666666666666667,work,4,1.576213700060856e-16,0.0,1.4880750327986851e-08,1.3328003749250115e-07,0.01096053303877936,0.07632624529408796,0.010960537958227384,0.07632633203588411,1.667850382172908e-07,4.214684851089411e-07
3,505,126,15,0.475,work,1,5.721958498152797e-17,0.0,0.008463589120974065,0.04520913097403554,0.011772253328580704,0.07850235585552878,0.01924035260944746,0.1236735738342452,7.686107744583254e-08,5.196212462831361e-07
3,506,126,15,0.48333333333333334,work,2,5.721958498152797e-17,0.0,0.0056662632842164875,0.030161329812790405,0.013191314201965185,0.08222999980269956,0.01850818912037691,0.11235346751084639,3.5880315487446354e-07,8.544487468499875e-07
3,507,126,15,0.49166666666666664,work,3,5.721958498152797e-17,0.0,0.0028450406887399237,0.015091439786426348,0.014902154561396427,0.08713294924771119,0.017670558620348442,0.10210585830396135,3.480262297778065e-07,7.251217997429673e-07
3,508,126,15,0.5,work,4,5.721958498152797e-17,0.0,2.0347956154791745e-08,1.3328003749250115e-07,0.01674645904476877,0.0928021160007308,0.016746462881371445,0.09280208575713778,1.5562470708944616e-07,4.4802714521804273e-07
3,509,127,16,0.5083333333333333,work,1,5.721958498152797e-17,4.2146848510894035e-08,0.013943057721481024,0.04199504945433967,0.020183059333808595,0.09887602341792819,0.03379263190383606,0.14043876443232664,2.8189140762539356e-07,7.077659420393693e-07
3,510,127,16,0.5166666666666666,work,2,5.721958498152797e-17,4.2146848510894035e-08,0.009291484080562289,0.02792700267845076,0.023940340586195742,0.10597173716301136,0.03314849739188273,0.1333354699285458,3.1526565677204195e-07,5.397430144630339e-07
3,511,127,16,0.525,work,3,5.721958498152797e-17,4.2146848510894035e-08,0.004643648644701746,0.013928549909640889,0.027790502121958008,0.11375078936854703,0.032409647372538826,0.12721014808989528,3.968937664720848e-07,6.995615121308305e-07
3,512,127,16,0.5333333333333333,work,4,5.721958498152797e-17,4.2146848510894035e-08,8.546033742885788e-09,4.2146848510894035e-08,0.03154052094302427,0.1216204991541228,0.031540523284981505,0.12162051349499742,3.3884427736085164e-07,5.662441253662128e-07
3,513,128,17,0.5416666666666666,work,1,1.1443916996305594e-16,0.0,0.014566306005715245,0.027083991444385166,0.035348421080040354,0.12511298256568676,0.04984269489742455,0.15099898216913943,3.6978345285796486e-07,9.597088210645183e-07
3,514,128,17,0.55,work,2,1.1443916996305594e-16,0.0,0.009690171036666962,0.017971205388371967,0.03878648658457755,0.12836424683810102,0.04839157740302117,0.1454390171193615,3.6361484773021526e-07,7.330402062087602e-07
3,515,128,17,0.5583333333333333,work,3,1.1443916996305594e-16,0.0,0.004834580346108583,0.00894298033985989,0.041706020205703596,0.13089362851364617,0.0464707288887476,0.13933545713816342,3.227151824849178e-07,9.320077759690303e-07
3,516,128,17,0.5666666666666667,work,4,1.1443916996305594e-16,0.0,1.1860975860974087e-08,4.2146848510894035e-08,0.044025673458100184,0.13240306430619098,0.04402567724279431,0.13240305551699097,1.1562336521079766e-07,3.7932163659804686e-07
3,517,129,18,0.575,work,1,3.260541871072589e-16,0.0,0.013653034883728685,0.02082823423725165,0.04552625014170968,0.128944818960976,0.05880426579846132,0.1423728817577523,1.6927262219865976e-07,6.034510353599985e-07
3,518,129,18,0.5833333333333334,work,2,3.260541871072589e-16,0.0,0.009073648237323597,0.01387635411169779,0.046431565225968224,0.12481361084509508,0.0552156595365211,0.13387492838216014,1.906831778879157e-07,7.828429661133159e-07
3,519,129,18,0.5916666666666667,work,3,3.260541871072589e-16,0.0,0.004522516019614796,0.006933547381260666,0.04677330634373772,0.11992205000016551,0.051133327927711365,0.12448012159239766,2.566279577041451e-07,6.222907608098144e-07
3,520,129,18,0.6,work,4,3.260541871072589e-16,0.0,3.957486007025393e-08,4.2146848510894035e-08,0.04661287799195984,0.11433251202225164,0.0466129056147261,0.11433257197268326,3.8479358656644246e-07,9.638644235608809e-07
3,521,130,19,0.6083333333333333,work,1,1.1443916996305594e-16,0.0,0.01221336130072461,0.02226711605416104,0.04569179464088809,0.10507234206786958,0.05745735231417508,0.11158642039773094,3.106884027368055e-07,9.291444580626509e-07
3,522,130,19,0.6166666666666667,work,2,1.1443916996305594e-16,0.0,0.008122595919359956,0.014888309394035742,0.044464841975627147,0.09575445371621102,0.052284315982933774,0.10029311838050471,3.4559493031210163e-07,1.0511393599837184e-06
3,523,130,19,0.625,work,3,1.1443916996305594e-16,0.0,0.0040513712964055665,0.007465814883370532,0.04299564574792008,0.08659223946607252,0.046892586484621655,0.0889219355873178,2.2857906211710372e-07,8.32333567367139e-07
3,524,130,19,0.6333333333333333,work,4,1.1443916996305594e-16,0.0,4.431344447264716e-08,8.429369702178807e-08,0.041353330231784176,0.07777715887003142,0.04135329888704405,0.07777707025367747,3.836882400379049e-07,1.0319524820554839e-06
3,525,131,20,0.6416666666666666,work,1,0.0,0.0,0.009759521835109733,0.021490682837576,0.03882835267275004,0.06704927040047805,0.04811062707922854,0.07091959624727609,3.7495326641055935e-07,1.0876826996144582e-06
3,526,131,20,0.65,work,2,0.0,0.0,0.0065023399765557375,0.014350761177346046,0.036345202313798904,0.0571641547711427,0.042548940382717865,0.05979903212303633,1.5504476766240697e-07,7.702617635321716e-07
3,527,131,20,0.6583333333333333,work,3,0.0,0.0,0.0032491631596793303,0.007187535898274537,0.03396070330202549,0.04856680734426375,0.037068092782293054,0.049829151527618756,2.578219218534718e-07,5.46285592908365e-07
3,528,131,20,0.6666666666666666,work,4,0.0,0.0,1.628922972732061e-08,7.300048299977715e-08,0.031725286464960485,0.04175236708750053,0.03172527991907237,0.04175239657903651,2.1691666137462898e-07,6.222907608098144e-07
3,529,132,21,0.675,work,1,1.1673851243905792e-15,4.2146848510894035e-08,0.008825970901831777,0.021438272937081573,0.029380609139175968,0.036690078513419704,0.03792391768004751,0.04544401960466829,3.2308431029863965e-07,5.230286352272122e-07
3,530,132,21,0.6833333333333333,work,2,1.1673851243905792e-15,4.2146848510894035e-08,0.005887861047330719,0.014301696193937848,0.027279106057921696,0.03385951372960848,0.0329946856714116,0.0390448752910543,1.7181518528494574e-07,6.17994110385412e-07
3,531,132,21,0.6916666666666667,work,3,1.1673851243905792e-15,4.2146848510894035e-08,0.0029458849584979106,0.007155795098061693,0.02543730096612721,0.0333557279714323,0.02830159579730865,0.035378725982523035,1.4711999128458523e-07,5.701519986900406e-07
3,532,132,21,0.7,work,4,1.1673851243905792e-15,4.2146848510894035e-08,2.22772203118407e-08,4.2146848510894035e-08,0.02386580200649155,0.03477813815771855,0.02386582083106001,0.034778128107411335,2.0915560383880957e-07,3.976125736274229e-07
3,533,133,22,0.7083333333333334,work,1,7.850462293418876e-17,0.0,0.009486395425755042,0.01621802271332046,0.02277238143489686,0.037486532245596345,0.03210904541925752,0.043978583376075395,3.2192927985941445e-07,5.975347058702557e-07
3,534,133,22,0.7166666666666667,work,2,7.850462293418876e-17,0.0,0.006327265059353711,0.010839561122880845,0.021902348713176742,0.040759932016108676,0.028114938092842406,0.04381515898689533,1.8941437389992699e-07,4.5976783694450694e-07
3,535,133,22,0.725,work,3,7.850462293418876e-17,0.0,0.0031651084089289214,0.005433653517092184,0.02123421911655486,0.04421591244397183,0.024330845505567616,0.0451793661674824,1.711937955279192e-07,8.024520884654731e-07
3,536,133,22,0.7333333333333333,work,4,7.850462293418876e-17,0.0,8.555377719547462e-09,4.2146848510894035e-08,0.020740488320670446,0.047574980042287156,0.02074049377660773,0.04757499275996482,3.476963486507281e-07,7.189713765272429e-07
3,537,134,23,0.7416666666666667,work,1,1.2412670766236366e-16,0.0,0.009277979395612306,0.013681799609833189,0.02035104156034458,0.0509261611567212,0.02944733513138023,0.05355623736638726,1.422872534187391e-07,8.301966355552804e-07
3,538,134,23,0.75,work,2,1.2412670766236366e-16,0.0,0.006187613580922428,0.009163004758854138,0.020106216405389704,0.05415901302472883,0.026145611609806,0.05528521434132068,1.1704944650299949e-07,4.814712530792817e-07
3,539,134,23,0.7583333333333333,work,3,1.2412670766236366e-16,0.0,0.003094971743289008,0.004602405335696112,0.01998134399506667,0.0572464217812118,0.022985078317244667,0.05754080848675964,1.3308911493615918e-07,1.5769906706002898e-07
3,540,134,23,0.7666666666666666,work,4,1.2412670766236366e-16,0.0,3.571265599592582e-08,1.1151007970493858e-07,0.019949555550964695,0.06013849461979889,0.019949587019358235,0.06013844511693161,1.3705063184678242e-07,1.812804499357409e-07
3,541,135,24,0.775,work,1,1.0007415106216802e-16,0.0,0.009320790437319183,0.017848277553467316,0.02001357796699359,0.06249135321298969,0.029098447991853862,0.06435280497060893,9.866791892788244e-08,5.247240323322731e-07
3,542,135,24,0.7833333333333333,work,2,1.0007415106216802e-16,0.0,0.006221542396923654,0.011947764726798774,0.0201311424987042,0.06489246868041422,0.02616133016561985,0.06571073128014161,8.032141380175607e-08,4.5783196376971154e-07
3,543,135,24,0.7916666666666666,work,3,1.0007415106216802e-16,0.0,0.003114633174106678,0.005998362101761472,0.02027961723972017,0.06735895933263071,0.023278084224412937,0.06755564518229011,2.0687583252479422e-07,6.893297139537593e-07
3,544,135,24,0.8,work,4,1.0007415106216802e-16,0.0,4.6827755344218485e-08,1.1151007970493858e-07,0.02043523084247889,0.06982843210617501,0.020435189728726162,0.06982844786239191,4.3575794934982754e-08,5.975347058702557e-07
3,545,136,25,0.8083333333333333,work,1,2.1677797545656835e-16,2.9802322387695312e-08,0.009518888984192751,0.022591131578133784,0.02056325127527414,0.07158821296171967,0.029653788870200863,0.07361462931850529,5.317501745952733e-08,3.1256939416234273e-07
3,546,136,25,0.8166666666666667,work,2,2.1677797545656835e-16,2.9802322387695312e-08,0.006359951668819208,0.0151011512079545,0.020685578395639004,0.07359348397083967,0.026731094610701476,0.07447020272729743,6.334620698619446e-08,1.5485740967710712e-07
3,547,136,25,0.825,work,3,2.1677797545656835e-16,2.9802322387695312e-08,0.003187051442605912,0.007571279724624688,0.020789739052510598,0.07586499079010252,0.023800246102641014,0.07604192021159586,3.0323381276050994e-08,4.2357058535671e-07
3,548,136,25,0.8333333333333334,work,4,2.1677797545656835e-16,2.9802322387695312e-08,2.7983969641437386e-08,7.300048299977715e-08,0.020866790797316678,0.07830012696810339,0.02086681675585726,0.07830009173126201,9.292176583310816e-08,4.860611686199943e-07
3,549,137,26,0.8416666666666667,work,1,8.326672684688674e-17,0.0,0.009990835673786506,0.02537326820354675,0.020953360393374375,0.08038695448552878,0.03041360335667305,0.08349403648640408,6.068595428569201e-08,6.848052318737575e-07
3,550,137,26,0.85,work,2,8.326672684688674e-17,0.0,0.006679173714628399,0.016961793116333185,0.0210179523596736,0.08284311167547324,0.027312585301473086,0.08428271623382155,1.0913149778985415e-07,6.989264130329271e-07
3,551,137,26,0.8583333333333333,work,3,8.326672684688674e-17,0.0,0.0033490836346004174,0.008504928903202924,0.021053530682609862,0.08550795309826227,0.024188645199809653,0.08589512395099363,1.2377765625677625e-07,5.91559208669641e-07
3,552,137,26,0.8666666666666667,work,4,8.326672684688674e-17,0.0,6.576764341087662e-09,4.2146848510894035e-08,0.021056355911880778,0.08830761466384615,0.021056353282170055,0.08830758101562322,9.533261907704996e-08,9.151788075437678e-07
3,553,138,27,0.875,work,1,1.2412670766236366e-16,0.0,0.009731524706112169,0.02585289494322111,0.020875082590586,0.09122078709527853,0.030104470770723174,0.0952227318428654,2.720189493697726e-07,3.4240261593687747e-07
3,554,138,27,0.8833333333333333,work,2,1.2412670766236366e-16,0.0,0.006512031339609128,0.01728371234877283,0.02068986453763309,0.09435301368987019,0.026826334193806423,0.09627847444789257,1.5142441842712303e-07,4.41034096090459e-07
3,555,138,27,0.8916666666666666,work,3,1.2412670766236366e-16,0.0,0.0032685104570363954,0.008667333584093325,0.02050866998660498,0.09758434933359168,0.0235621765783951,0.09817088646768352,4.507124854461716e-08,2.8272965492323474e-07
3,556,138,27,0.9,work,4,1.2412670766236366e-16,0.0,8.800465507414657e-09,4.2146848510894035e-08,0.020335322069922758,0.10085187642773255,0.020335328650455026,0.10085186160410911,1.0843288576291959e-07,3.601028315304097e-07
3,557,139,28,0.9083333333333333,work,1,1.1102230246251565e-16,0.0,0.009430504133305394,0.02487490955508167,0.020021398921018514,0.10436234770527436,0.02899393098614396,0.10849565175079005,2.110638309663524e-07,2.043144285798385e-07
3,558,139,28,0.9166666666666666,work,2,1.1102230246251565e-16,0.0,0.006317856062231522,0.016634060623569407,0.019746713244998316,0.10796620460995295,0.025708017367694302,0.10998458581335561,1.9189923974798617e-07,8.387116956395144e-07
3,559,139,28,0.9249999999999999,work,3,1.1102230246251565e-16,0.0,0.0031746787489154845,0.008343906604974435,0.019519069852541922,0.11158992441741358,0.022482912864129557,0.11223396848971924,5.902293097814278e-08,9.16633397294869e-07
3,560,139,28,0.9333333333333333,work,4,1.1102230246251565e-16,0.0,4.581709192286574e-08,1.5196262340524156e-07,0.019345791712699848,0.11516772773524803,0.01934574760440025,0.1151678514389453,8.140173410139913e-08,3.097148193542145e-07
3,561,140,29,0.9416666666666667,work,1,1.7554167342883506e-16,0.0,0.009005484206620624,0.022809329462299705,0.019008728174295504,0.11884521725558454,0.027559846422586593,0.1221348741226631,1.3271703725406678e-07,4.161667836835672e-07
3,562,140,29,0.95,work,2,1.7554167342883506e-16,0.0,0.006038278160288596,0.015247793295069536,0.01874435437819619,0.1225445664173815,0.024423903171394867,0.12407082959109364,1.0648388897438532e-07,3.9311963195422116e-07
3,563,140,29,0.9583333333333334,work,3,1.7554167342883506e-16,0.0,0.0030368997919930697,0.007646679548448714,0.01855443439404906,0.12618329978195097,0.021377445599222018,0.12662350802921588,1.5598724917244948e-07,2.0647654623614288e-07
3,564,140,29,0.9666666666666667,work,4,1.7554167342883506e-16,0.0,5.538857866889118e-08,1.4600096599955432e-07,0.018441768931577708,0.12971828884728578,0.018441820505041895,0.12971822842060415,2.3707462791049726e-07,4.539354506649926e-07
3,565,141,30,0.975,work,1,1.2719202621569003e-16,0.0,0.008362449927704555,0.01985948694321307,0.018094532745943494,0.13326429384522706,0.02596364036011304,0.13518167809826212,1.1671479971438602e-07,3.1256939416234273e-07
3,566,141,30,0.9833333333333333,work,2,1.2719202621569003e-16,0.0,0.0056077929139111355,0.013266818635950544,0.017834445960310898,0.13675069014914243,0.02305803082139433,0.13748461991991026,3.3817045213821965e-07,6.085806446272795e-07
3,567,141,30,0.9916666666666667,work,3,1.2719202621569003e-16,0.0,0.002820731569254292,0.0066490723749023,0.01766514108936494,0.14012277056066608,0.020260769490370773,0.14022971458411723,3.533813911884435e-07,8.05214410192155e-07
3,568,141,30,1.0,work,4,1.2719202621569003e-16,0.0,9.934778705387742e-09,5.960464477539063e-08,0.017590081175246512,0.1433647967489666,0.01759007303365521,0.14336481530398015,2.1197161049473779e-07,5.670278546345386e-07
3,569,142,31,1.0083333333333333,work,1,2.3714374201337736e-16,4.2146848510894035e-08,0.00754337812074685,0.016655847303266236,0.017261815354258178,0.14653080083421685,0.024314345858862663,0.14711378873712333,1.9046500825501968e-07,7.366661485617367e-07
3,570,142,31,1.0166666666666666,work,2,2.3714374201337736e-16,4.2146848510894035e-08,0.005055548160334173,0.011125474305237833,0.017025756704687495,0.14960835944876028,0.0217026736432122,0.1495986541172282,1.3687749697777644e-07,4.2670431921709716e-07
3,571,142,31,1.025,work,3,2.3714374201337736e-16,4.2146848510894035e-08,0.0025413349625499717,0.0055752115424963205,0.016885771672810627,0.15251982274015052,0.019208387451600497,0.15232746518105744,4.244887125749553e-08,4.0205531010723307e-07
3,572,142,31,1.0333333333333332,work,4,2.3714374201337736e-16,4.2146848510894035e-08,6.989632185329363e-09,2.9802322387695312e-08,0.016840901441754652,0.15524451423371607,0.01684090213777393,0.15524451183748922,2.1301556889852914e-07,5.389196074016445e-07
3,573,143,32,1.0416666666666667,work,1,1.594436429147036e-16,0.0,0.006813749087345624,0.013457113199448171,0.016603439436016353,0.15759761770476635,0.022959293662021475,0.15633754009912731,9.886120469282996e-08,4.636153336198354e-07
3,574,143,32,1.05,work,2,1.594436429147036e-16,0.0,0.0045601525607081575,0.008983768115789319,0.01644746939644534,0.159859316753881,0.02066150080636066,0.15875603312019695,4.471571170672226e-08,6.049210766012823e-07
3,575,143,32,1.0583333333333333,work,3,1.594436429147036e-16,0.0,0.002289038811231878,0.00449907071418868,0.016370132768463608,0.16195923477113966,0.01846394414100927,0.16128423869165276,1.4743956089045667e-07,4.298152059869762e-07
3,576,143,32,1.0666666666666667,work,4,1.594436429147036e-16,0.0,3.23827109765191e-09,7.300048299977715e-08,0.016368473412585488,0.16388845243456335,0.016368472699302083,0.16388838623599764,1.972444292401208e-07,3.039252468104833e-07
3,577,144,33,1.075,work,1,1.5700924586837752e-16,0.0,0.006290341312019303,0.010608097681792423,0.016241199065433694,0.16543371497722661,0.022132083097524215,0.16271876006252922,3.1788500596185836e-07,5.748063779469126e-07
3,578,144,33,1.0833333333333333,work,2,1.5700924586837752e-16,0.0,0.004203466781955659,0.007071244707469144,0.01616692827462658,0.16687576364551665,0.020077734686321725,0.1649103046158847,2.86104542161062e-07,8.355287175700836e-07
3,579,144,33,1.0916666666666666,work,3,1.5700924586837752e-16,0.0,0.0021067652305845146,0.0035358600552216303,0.016144927279199126,0.16818286470468188,0.018092020042023493,0.16712758252819493,1.570858977715465e-07,1.4600096599955432e-07
3,580,144,33,1.1,work,4,1.5700924586837752e-16,0.0,6.6040706708749336e-09,7.300048299977715e-08,0.016172733054215037,0.16935129073324628,0.016172731929708094,0.16935132867789482,2.0506309802207646e-07,3.976125736274229e-07
3,581,145,34,1.1083333333333334,work,1,1.2719202621569003e-16,0.0,0.0057571922091224385,0.00870415234188343,0.016068077635491472,0.17011222412182525,0.02151832206583953,0.1663241855081677,3.562184657744685e-07,9.068920644940776e-07
3,582,145,34,1.1166666666666667,work,2,1.2719202621569003e-16,0.0,0.0038414760308174687,0.005799177422988457,0.015999205352546224,0.1707626024596336,0.019623030602308654,0.16816051764346518,6.040975404013294e-08,4.4504357943141784e-07
3,583,145,34,1.125,work,3,1.2719202621569003e-16,0.0,0.0019225699349986664,0.0028981426989216717,0.01596763354351706,0.1712684358227965,0.017775238294853706,0.16993204030658166,1.0268934205559924e-07,5.495276723678658e-07
3,584,145,34,1.1333333333333333,work,4,1.2719202621569003e-16,0.0,4.871234055066413e-08,1.4600096599955432e-07,0.01597419471525728,0.17163472032712634,0.01597424313661517,0.17163461929467957,1.3639129820556366e-07,7.450580596923872e-07
3,585,146,35,1.1416666666666666,work,1,8.886119947416683e-17,0.0,0.005105392380517886,0.006348308715319544,0.015806250526421435,0.1718577163908505,0.02069257740015577,0.16815652180760388,8.235698986052224e-08,3.332000937312532e-07
3,586,146,35,1.15,work,2,8.886119947416683e-17,0.0,0.003402985786822785,0.004222680006094986,0.0156698372077872,0.1718701144415901,0.018922227357212183,0.1693837598756436,6.368005210336392e-08,4.500051996273259e-07
3,587,146,35,1.1583333333333332,work,3,8.886119947416683e-17,0.0,0.0017011837505137377,0.002106851621478381,0.015570706975222417,0.1716725856323257,0.017194695311018037,0.17042134146409058,2.2962864038890071e-07,6.556510925292998e-07
3,588,146,35,1.1666666666666667,work,4,8.886119947416683e-17,0.0,1.567102447165865e-08,5.960464477539063e-08,0.015513647378680662,0.17129505498379527,0.015513631834632148,0.17129512266198307,1.3756807204698757e-07,2.6488883546935307e-07
3,589,147,36,1.175,work,1,1.3597399555105182e-16,0.0,0.004491859837092115,0.0042025736812995665,0.015283712076119102,0.17079492034195853,0.019589805695076967,0.16769150479527897,1.4405712756625877e-07,3.068336886461678e-07
3,590,147,36,1.1833333333333333,work,2,1.3597399555105182e-16,0.0,0.0029929980600815007,0.0027857611549372023,0.01510165358338984,0.17002034190068752,0.017972128251197123,0.1679653352265764,1.7757117092233958e-07,4.568609510885455e-07
3,591,147,36,1.1916666666666667,work,3,1.3597399555105182e-16,0.0,0.0014957404180593284,0.0013851335962850643,0.014974078943188583,0.1689693202920457,0.016409286069910017,0.16794831890846001,2.390505810389485e-07,8.03005312997554e-07
3,592,147,36,1.2,work,4,1.3597399555105182e-16,0.0,4.342294668524221e-08,8.429369702178807e-08,0.014902347901943204,0.16768980856100227,0.01490230508215262,0.16768982915726735,3.4957459991978427e-07,6.743495761743077e-07
3,593,148,37,1.2083333333333333,work,1,4.549544405577167e-15,0.0,0.004013786710886719,0.004328868322073453,0.014712255487493072,0.16613856172160896,0.018567143665696777,0.16335193214893426,1.3810030338455898e-07,3.6256089987148215e-07
3,594,148,37,1.2166666666666666,work,2,4.549544405577167e-15,0.0,0.0026744316542466513,0.002870534805481024,0.014579122594514419,0.16425720701463178,0.017151231004090994,0.16242816539166513,1.6365317951617775e-07,4.842304232499588e-07
3,595,148,37,1.225,work,3,4.549544405577167e-15,0.0,0.0013365302343786658,0.0014275708681520318,0.014507588807361903,0.16213021485835089,0.015794443389177553,0.16122863174879606,2.484413292971125e-07,6.643979790689961e-07
3,596,148,37,1.2333333333333334,work,4,4.549544405577167e-15,0.0,1.982587734730299e-08,0.0,0.014490363153804028,0.1597243045601391,0.014490381889388414,0.15972431379259053,8.991802304303419e-08,3.1680303253932776e-07
4,597,149,1,0.008333333333333333,startup,1,1.3597399555105182e-16,0.0,0.00920016067667965,0.029653215891151146,0.0027716701532218167,0.00871749825233261,0.01196083093684277,0.038366850429844966,1.611633798839473e-07,3.601028315304097e-07
4,598,149,1,0.016666666666666666,startup,2,1.3597399555105182e-16,0.0,0.006132338522108021,0.019703942793459984,0.005057635416450857,0.015913224295196253,0.01113623975635582,0.03561072468268515,1.5911460702803558e-07,5.314515382089335e-07
4,599,149,1,0.025,startup,3,1.3597399555105182e-16,0.0,0.003065573672334784,0.009819377278746027,0.006940301614025883,0.02183871802764295,0.009916202329901258,0.031644708199746574,1.7783421951753732e-07,5.247240323322731e-07
4,600,149,1,0.03333333333333333,startup,4,1.3597399555105182e-16,0.0,7.535842154680236e-09,4.2146848510894035e-08,0.008500908819999197,0.026774543423330584,0.008500913668760506,0.02677457802063376,3.4799211971963357e-07,5.204751848153182e-07
4,601,150,2,0.041666666666666664,work,1,2.2887833992611187e-16,0.0,0.0058317428859510955,0.020641445991596535,0.00910463840564914,0.02816094442285415,0.014786263201981316,0.04851140882592239,2.3113442249234503e-07,3.897159347123516e-07
4,602,150,2,0.05,work,2,2.2887833992611187e-16,0.0,0.003885707319872586,0.013728114872406267,0.00996903804567914,0.02939955884483626,0.013563586976091647,0.04289428533011908,2.584838838784226e-07,2.2696772533249593e-07
4,603,150,2,0.058333333333333334,work,3,2.2887833992611187e-16,0.0,0.0019417850631211248,0.006847512816427917,0.011094315624026753,0.030665130346391345,0.01272140178869763,0.037316819994094884,2.1415966010513698e-07,3.8857474358097666e-07
4,604,150,2,0.06666666666666667,work,4,2.2887833992611187e-16,0.0,9.137563831015753e-09,0.0,0.012406299854866562,0.03213100096536144,0.012406291452863384,0.03213100224881243,3.294858385663728e-07,6.789437383350475e-07
4,605,151,3,0.075,work,1,2.633125101432526e-16,0.0,0.006047057233899913,0.022152015625488516,0.014123220058155165,0.03441191723081784,0.019181283141262988,0.05560609349984763,3.2653839231303987e-07,9.320077759690303e-07
4,606,151,3,0.08333333333333333,work,2,2.633125101432526e-16,0.0,0.0040302644034715075,0.014727504988010407,0.015863623102992185,0.03706317229641002,0.018936575139584286,0.050849084955043686,1.4277483741614726e-07,5.27256906418627e-07
4,607,151,3,0.09166666666666666,work,3,2.633125101432526e-16,0.0,0.002014596370728644,0.007343643809979733,0.017523435484000597,0.04004649339238034,0.018910466150006328,0.046728260484849606,3.021169094931842e-07,8.418826396361374e-07
4,608,151,3,0.1,work,4,2.633125101432526e-16,0.0,2.3056404475615026e-08,9.424321830774485e-08,0.01903170526250544,0.04332747948897384,0.019031723783009907,0.04332743608022457,3.850297852840427e-07,1.0132789611816514e-06
4,609,152,4,0.10833333333333334,work,1,2.0206364052201326e-16,0.0,0.005993052981949886,0.02509881739785661,0.019735899424976146,0.04780309609944339,0.024214484405142612,0.06902560015624677,2.3478895950175025e-07,6.637292340791282e-07
4,610,152,4,0.11666666666666667,work,2,2.0206364052201326e-16,0.0,0.003997815365570756,0.016696567417483352,0.019922918980740886,0.05246030931578804,0.022952364818427565,0.06694442836925349,1.6607556597419752e-07,4.339283638763745e-07
4,611,152,4,0.125,work,3,2.0206364052201326e-16,0.0,0.002000139248213573,0.008330402985455322,0.019908211361069243,0.05764053111601233,0.021438935743175628,0.06511184939375585,2.7763820834954297e-07,8.085167387873309e-07
4,612,152,4,0.13333333333333333,work,4,2.0206364052201326e-16,0.0,2.1592126953927337e-08,5.960464477539063e-08,0.019854831591104342,0.06338071822648379,0.01985484721570513,0.06338071093162474,1.9531685899032365e-07,3.264680847556393e-07
4,613,153,5,0.14166666666666666,work,1,2.9774889957820708e-15,0.0,0.005802285864304043,0.028576078738492876,0.019603208165743395,0.06988595399563882,0.024462662498932745,0.09505911142666873,3.9283410878571335e-07,1.0405236631689244e-06
4,614,153,5,0.15,work,2,2.9774889957820708e-15,0.0,0.0038723060204298976,0.019033438636606826,0.01919393745810468,0.07703569545828567,0.02246886121673057,0.09420790925396517,4.919817056488386e-07,9.019819468511155e-07
4,615,153,5,0.15833333333333333,work,3,2.9774889957820708e-15,0.0,0.0019381872407998769,0.00950810489916376,0.018921063294528306,0.08438421365519505,0.020554278466333557,0.09312903011172478,3.2301367184688843e-07,8.05214410192155e-07
4,616,153,5,0.16666666666666666,work,4,2.9774889957820708e-15,0.0,2.9744670439557177e-08,7.300048299977715e-08,0.01869717285017413,0.09164571279194206,0.018697147861281103,0.09164570262395375,4.1766732724348317e-07,1.152698970187544e-06
4,617,154,6,0.175,work,1,9.614813431917819e-17,0.0,0.005626792434185682,0.031130969097928528,0.018269617632974647,0.0980489044749329,0.023167966123862977,0.12566946238537935,4.350721225901075e-07,1.2098421532025783e-06
4,618,154,6,0.18333333333333332,work,2,9.614813431917819e-17,0.0,0.003754870530661523,0.02075268486046464,0.017961143409912887,0.10587003287488667,0.02124433201222014,0.12460225944785257,3.2712722720408104e-07,8.046627044677788e-07
4,619,154,6,0.19166666666666665,work,3,9.614813431917819e-17,0.0,0.0018792789919525041,0.010375734098933984,0.017767389844261364,0.11307301611296021,0.01940024481673227,0.12255064496152751,3.7581829942011734e-07,4.3495057580847895e-07
4,620,154,6,0.2,work,4,9.614813431917819e-17,0.0,1.8930882000473632e-08,5.960464477539063e-08,0.017544796771317882,0.11957968429883091,0.01754479776869174,0.11957974679569978,4.6085701882854327e-07,1.0022623372555026e-06
4,621,155,7,0.20833333333333334,work,1,3.925231146709438e-17,0.0,0.005395006617742991,0.03208834608529829,0.01697643526042099,0.12534489615012018,0.02127429511398615,0.1539774619146745,2.1037136965777422e-07,5.630983003285898e-07
4,622,155,7,0.21666666666666667,work,2,3.925231146709438e-17,0.0,0.0035997015111217225,0.02139382568008445,0.016529305459813827,0.13130786754107257,0.019437776163923833,0.15057631161777554,3.730276632408073e-07,6.336060650786575e-07
4,623,155,7,0.225,work,3,3.925231146709438e-17,0.0,0.0018013487190213328,0.010697796827718743,0.016195990126439318,0.13689729140214504,0.017668669598220367,0.1466038623865764,3.0417411610347577e-07,8.03005312997554e-07
4,624,155,7,0.23333333333333334,work,4,3.925231146709438e-17,0.0,1.1060043893132747e-08,5.960464477539063e-08,0.015921561869105018,0.14168614671935803,0.015921571331310804,0.14168620066519824,2.441423217230546e-07,6.293866658789802e-07
4,625,156,8,0.24166666666666667,work,1,1.1775693440128312e-16,0.0,0.006077099612300032,0.03236664930021045,0.01527996139629806,0.14509663082440402,0.01956082194033501,0.17361135361064142,2.9110814450046334e-07,5.575503985246947e-07
4,626,156,8,0.25,work,2,1.1775693440128312e-16,0.0,0.004054573655749054,0.021576229951733288,0.014771952508593558,0.14846041862568002,0.017776007578497306,0.16753892547863333,2.0628305352390889e-07,5.280984981855572e-07
4,627,156,8,0.2583333333333333,work,3,1.1775693440128312e-16,0.0,0.00202886874857054,0.010787455494661978,0.014436748868319417,0.15164616441286105,0.016017535840708717,0.16121347603499644,1.2352603539504337e-07,6.809031759974908e-07
4,628,156,8,0.26666666666666666,work,4,1.1775693440128312e-16,0.0,2.2164064002591937e-08,1.032382731180714e-07,0.014255676703186436,0.15451204928815207,0.014255675959560331,0.15451195215953628,1.828018129706485e-07,4.140270945265838e-07
4,629,157,9,0.275,work,1,6.206335383118183e-17,0.0,0.006347165947688681,0.029519127926360186,0.013817671579058615,0.1550362907495203,0.018639344268537174,0.18011628911872365,4.414108914701653e-07,1.0749512193722518e-06
4,630,157,9,0.2833333333333333,work,2,6.206335383118183e-17,0.0,0.004232066836775781,0.019667897615071716,0.013633053303678025,0.1552550864914396,0.017031764215700414,0.17198706694749985,2.722260884849845e-07,5.27256906418627e-07
4,631,157,9,0.2916666666666667,work,3,6.206335383118183e-17,0.0,0.002116334324006838,0.009828131977122042,0.013618977182398972,0.15478851100488994,0.015388814070074398,0.16314951364878175,4.7328300548860985e-07,1.183118417339295e-06
4,632,157,9,0.3,work,4,6.206335383118183e-17,0.0,1.4893091621302024e-08,5.960464477539063e-08,0.013711037580319734,0.15347180968217994,0.013711049611159213,0.15347184935447397,5.750523289915025e-07,9.638644235608809e-07
4,633,158,10,0.30833333333333335,work,1,5.551115123125783e-17,0.0,0.0036186139613426007,0.029252254157066497,0.013086783260119084,0.15103556185351974,0.01614151514826631,0.17559346312593843,3.410161061319849e-07,3.8628224721001805e-07
4,634,158,10,0.31666666666666665,work,2,5.551115123125783e-17,0.0,0.002407543065631916,0.019489275031347942,0.012636255301858324,0.14874425057898116,0.014709088073510634,0.16505723989280977,1.9789506828863028e-07,3.6133395591325035e-07
4,635,158,10,0.325,work,3,5.551115123125783e-17,0.0,0.0012013509052344227,0.009738464221092563,0.012246364653590107,0.1462725083188548,0.01329008548674425,0.15440261337045172,9.648195057517968e-08,1.7377590819732256e-07
4,636,158,10,0.3333333333333333,work,4,5.551115123125783e-17,0.0,1.2793993093066577e-08,7.884953353001448e-08,0.011951428658073263,0.1433486722145239,0.011951421710350353,0.14334874243768428,2.950737488228894e-07,6.222907608098144e-07
4,637,159,11,0.3416666666666667,work,1,6.206335383118183e-17,0.0,0.0027237441300097475,0.03351719609879879,0.010765244775871098,0.14191406807520693,0.011982675884838718,0.16897953986838907,3.4743045397249376e-07,8.57561503049032e-07
4,638,159,11,0.35,work,2,6.206335383118183e-17,0.0,0.0018170417279318755,0.022340893073413207,0.009286833838684507,0.1397196438808976,0.010143504994313764,0.15794352636130846,4.6624368699257004e-07,1.0058007854632368e-06
4,639,159,11,0.35833333333333334,work,3,6.206335383118183e-17,0.0,0.0009093550721583401,0.011168419829401975,0.007871103694676586,0.13567207003750956,0.008309663486235503,0.14484947860250746,4.742505078274315e-07,9.821210535338073e-07
4,640,159,11,0.36666666666666664,work,4,6.206335383118183e-17,0.0,1.7332189576782215e-08,0.0,0.0067557512487865555,0.13081153086669606,0.006755742274306665,0.13081151579998962,3.885266859272271e-07,7.527667844483354e-07
4,641,160,12,0.375,work,1,1.3597399555105182e-16,0.0,0.0062114871892602,0.035418304196019955,0.006401083902119293,0.12659726723027412,0.01115487345327549,0.15716705995369828,2.272672100753251e-07,5.511415603431162e-07
4,642,160,12,0.3833333333333333,work,2,1.3597399555105182e-16,0.0,0.004148274881969189,0.023622729280403244,0.006419476649572026,0.12259739133443032,0.009792350840001917,0.14308819160948535,2.68785007812943e-07,4.6169559314339464e-07
4,643,160,12,0.39166666666666666,work,3,1.3597399555105182e-16,0.0,0.0020779591884219125,0.01181660988155719,0.006714396285963942,0.1187302841034255,0.008466160990094907,0.12901899018949167,2.319539844700725e-07,2.7637536810325715e-07
4,644,160,12,0.4,work,4,1.3597399555105182e-16,0.0,1.2571766850384493e-08,8.429369702178807e-08,0.00712742077271657,0.11488344316346914,0.0071274135841987996,0.11488339419629758,2.206789808003469e-07,2.920019319991088e-07
4,645,161,13,0.4083333333333333,work,1,6.938893903907228e-17,0.0,0.006650211016995238,0.03545975895707691,0.007817855497133423,0.11079584054952775,0.01420625573944682,0.14280842074240044,2.081761590211399e-07,6.433437211788593e-07
4,646,161,13,0.4166666666666667,work,2,6.938893903907228e-17,0.0,0.004438771654511948,0.023658011746990306,0.008465609996311461,0.10693561391455347,0.012730971012200179,0.1284092410899677,2.445233707736426e-07,5.945544643181586e-07
4,647,161,13,0.425,work,3,6.938893903907228e-17,0.0,0.0022222608983786534,0.011838008144292558,0.00908665680817824,0.10271177868224793,0.01121556986968403,0.11351287640024811,2.1820022006717377e-07,9.476013836613175e-07
4,648,161,13,0.43333333333333335,work,4,6.938893903907228e-17,0.0,2.260365377192616e-08,1.5196262340524156e-07,0.009690021846540185,0.09839074757035704,0.009690003049855579,0.0983906442256632,2.5519424147693977e-07,5.446573162823057e-07
4,649,162,14,0.44166666666666665,work,1,6.206335383118183e-17,0.0,0.005584019071164769,0.03922737730926655,0.009871150603581439,0.09389153502089966,0.015174698290461435,0.12850907414005505,3.0435881839774376e-07,7.058810759977742e-07
4,650,162,14,0.45,work,2,6.206335383118183e-17,0.0,0.0037369235994357377,0.02619751872901324,0.010150919842005127,0.08988715449709496,0.013764213245130864,0.11350884218755004,4.2481492297586863e-07,1.1736970345685183e-06
4,651,162,14,0.4583333333333333,work,3,6.206335383118183e-17,0.0,0.0018759779853233416,0.013121628744954367,0.010495957701328655,0.08615903645109257,0.012336686928259049,0.09828047259652428,3.2423204428777133e-07,9.775888602052263e-07
4,652,162,14,0.4666666666666667,work,4,6.206335383118183e-17,0.0,1.3356081415202102e-08,0.0,0.010960407026437387,0.08274255343150165,0.010960397195449131,0.08274252592700523,3.2276744300353235e-07,4.995779578161315e-07
4,653,163,15,0.475,work,1,1.4946834900704541e-16,0.0,0.009267716123980484,0.04367098624199413,0.011863164049373253,0.08202939985495641,0.01995635330201936,0.12407617103843116,1.371103326213303e-07,3.4498682328433513e-07
4,654,163,15,0.48333333333333334,work,2,1.4946834900704541e-16,0.0,0.006201039525915355,0.02914799175243676,0.01368584755766205,0.08221802991218656,0.019494869373693838,0.11085665593470566,3.008991367076171e-07,8.01344493612578e-07
4,655,163,15,0.49166666666666664,work,3,1.4946834900704541e-16,0.0,0.00311177654460155,0.014590879997555008,0.016011612338557624,0.08394451924337945,0.019038696678919585,0.09846786996744036,1.5013579294038215e-07,2.950279395762585e-07
4,656,163,15,0.5,work,4,1.4946834900704541e-16,0.0,1.9092794474343468e-08,9.424321830774485e-08,0.01858078995291938,0.08701615328144073,0.01858079545237421,0.08701617405105852,3.4271570873430767e-07,7.633118912497625e-07
4,657,164,16,0.5083333333333333,work,1,1.576213700060856e-16,0.0,0.015897909123021064,0.0405512724203238,0.023140561194578024,0.0908536062659041,0.038733225714311696,0.13120075161291878,5.635867256807085e-07,1.1367935611463134e-06
4,658,164,16,0.5166666666666666,work,2,1.576213700060856e-16,0.0,0.010597315204024443,0.027016644441576445,0.027883765833554782,0.09672086021932658,0.0383891316301762,0.12363192000953743,4.7218781530380373e-07,1.261944494231968e-06
4,659,164,16,0.525,work,3,1.576213700060856e-16,0.0,0.005297821662417807,0.013499403203600994,0.032697339387076876,0.10418953863119207,0.03796130997029618,0.11754685218634513,4.932870220388893e-07,8.429369702178869e-07
4,660,164,16,0.5333333333333333,work,4,1.576213700060856e-16,0.0,2.3107023696212064e-08,1.3978528260658475e-07,0.037441744947499106,0.11254171989310101,0.03744174833839729,0.11254174401162398,3.2411511395179147e-07,4.636153336198354e-07
4,661,165,17,0.5416666666666666,work,1,2.0014830212433605e-16,2.9802322387695312e-08,0.013807995992604993,0.02626042120384246,0.041410650301491214,0.11704270769917696,0.0551785287198141,0.14240994742305607,3.217412945041783e-07,5.144678503761327e-07
4,662,165,17,0.55,work,2,2.0014830212433605e-16,2.9802322387695312e-08,0.009196436421348446,0.017477924736516697,0.04509738085281598,0.12183119033096884,0.054226496895193634,0.13857397581614259,2.2938542866134853e-07,6.822063411628993e-07
4,663,165,17,0.5583333333333333,work,3,2.0014830212433605e-16,2.9802322387695312e-08,0.004593695655342724,0.008724386920021244,0.04836453417867332,0.12638825081733188,0.05289678543555996,0.13465118884677768,2.099608392910289e-07,8.508028044474307e-07
4,664,165,17,0.5666666666666667,work,4,2.0014830212433605e-16,2.9802322387695312e-08,2.14893807165338e-08,5.960464477539063e-08,0.05111576844042727,0.13028868844309993,0.051115759621846925,0.13028869067602725,2.1172349050175656e-07,6.756653814765625e-07
4,665,166,18,0.575,work,1,1.2719202621569003e-16,4.2146848510894035e-08,0.013293966540162017,0.018884137941275962,0.0532013219695521,0.12958790017955055,0.0661275453174525,0.1421694479026466,3.904622290020316e-07,9.443151663395766e-07
4,666,166,18,0.5833333333333334,work,2,1.2719202621569003e-16,4.2146848510894035e-08,0.008845039106425616,0.012582520100721199,0.054733388005625376,0.1284114645446543,0.06329155805447603,0.1368674189692637,3.3616184431024565e-07,9.248328595866584e-07
4,667,166,18,0.5916666666666667,work,3,1.2719202621569003e-16,4.2146848510894035e-08,0.004413633990751303,0.006287750370418126,0.05570649742717376,0.12657069451573263,0.05995640469136097,0.13081207918057533,3.525930974176407e-07,9.03949194437458e-07
4,668,166,18,0.6,work,4,1.2719202621569003e-16,4.2146848510894035e-08,4.673673535661433e-09,8.429369702178807e-08,0.05614084471920026,0.12396314323131094,0.05614084911296109,0.12396317132742979,3.013822069323273e-07,3.4755181639464544e-07
4,669,167,19,0.6083333333333333,work,1,1.1443916996305594e-16,0.0,0.011683726440988737,0.0197102135416662,0.055645919486920645,0.11755516233200783,0.06681995301980183,0.12240305774476694,4.597234015014008e-08,6.322027276634131e-07
4,670,167,19,0.6166666666666667,work,2,1.1443916996305594e-16,0.0,0.007776370924354597,0.013158427307286382,0.05477237143816327,0.11079642025198726,0.062205511827672956,0.1142319645346278,1.5206358917982935e-07,5.083895358214386e-07
4,671,167,19,0.625,work,3,1.1443916996305594e-16,0.0,0.003881752874113802,0.006588372012920482,0.05356316150152566,0.10378289541514951,0.057270211401221675,0.1055804456702935,2.2337541105548421e-07,3.2373608622551644e-07
4,672,167,19,0.6333333333333333,work,4,1.1443916996305594e-16,0.0,1.3411349925170462e-08,4.2146848510894035e-08,0.05206996545860097,0.09657362065744732,0.05206997090773449,0.09657364610730101,3.588188556635998e-07,9.629425061585704e-07
4,673,168,20,0.6416666666666666,work,1,3.925231146709438e-17,0.0,0.009518695198423945,0.020370508197916415,0.04968888415211278,0.08786829122908038,0.05870225309273568,0.09206899899976333,4.5385938737258286e-07,1.1906018468998952e-06
4,674,168,20,0.65,work,2,3.925231146709438e-17,0.0,0.006341429425162443,0.013590682431844676,0.04721442030790474,0.07919128382984864,0.0532380393406307,0.08231788648772966,2.9917083280694817e-07,6.447228089804658e-07
4,675,168,20,0.6583333333333333,work,3,3.925231146709438e-17,0.0,0.0031685249427945393,0.0068004856920093415,0.04470990110900709,0.07076291650315077,0.047727157178187915,0.07248071510908927,2.5998591654432994e-07,4.1509831777763796e-07
4,676,168,20,0.6666666666666666,work,4,3.925231146709438e-17,0.0,8.69736579860853e-09,2.9802322387695312e-08,0.042236881852126,0.06278623747045292,0.042236878704169444,0.06278626244477281,3.7766731796404057e-07,8.534086384341992e-07
4,677,169,21,0.675,work,1,1.0385185452638061e-16,0.0,0.009041852855323109,0.0199754052472873,0.039772218253651764,0.05577589478261125,0.048617423987157474,0.06656960113882565,2.529854120281757e-07,3.7579298653955785e-07
4,678,169,21,0.6833333333333333,work,2,1.0385185452638061e-16,0.0,0.006027905787478088,0.013330232856090094,0.03743866667653292,0.04945478313759939,0.04333807292667085,0.05717751228340438,2.602427530071155e-07,7.907449699295572e-07
4,679,169,21,0.6916666666666667,work,3,1.0385185452638061e-16,0.0,0.003013966311794269,0.006671757080932774,0.03527032698073399,0.04407042052592062,0.03821943470973603,0.04820861408416086,2.226865462743456e-07,4.942156062059712e-07
4,680,169,21,0.7,work,4,1.0385185452638061e-16,0.0,1.543387543221629e-08,4.2146848510894035e-08,0.03329909434243716,0.039828540289684536,0.03329908635956809,0.03982848944130871,1.2737712499958955e-07,5.040030039932671e-07
4,681,170,22,0.7083333333333334,work,1,3.925231146709438e-17,0.0,0.010033502582428033,0.016771675149697147,0.03187971490394234,0.03676647412359184,0.04176609671833562,0.05168474720630983,9.297743690270002e-08,5.057621821307297e-07
4,682,170,22,0.7166666666666667,work,2,3.925231146709438e-17,0.0,0.006688661242648337,0.011205713741763289,0.03065966020490445,0.034802023492775336,0.03723773900725346,0.044905912843586776,3.2304619070916893e-07,7.644745909202539e-07
4,683,170,22,0.725,work,3,3.925231146709438e-17,0.0,0.003344137954230687,0.005614982811110137,0.029641910654385917,0.033943895615421896,0.03292333099245733,0.0389871534117223,2.419469712140041e-07,1.1151007970493858e-07
4,684,170,22,0.7333333333333333,work,4,3.925231146709438e-17,0.0,1.483290411922866e-08,1.032382731180714e-07,0.02882664089450838,0.03405317009166801,0.028826650380997604,0.03405310296254846,1.5891254146080945e-07,8.935728282073184e-07
4,685,171,23,0.7416666666666667,work,1,1.2719202621569003e-16,0.0,0.009741940638448465,0.015839691409418866,0.02812879899074636,0.034537633010033944,0.037734988352519774,0.04877970222734659,9.624841671466515e-08,3.31864617039563e-07
4,686,171,23,0.75,work,2,1.2719202621569003e-16,0.0,0.006495660973821435,0.010581906638656824,0.02760831074389721,0.03550030717097491,0.03399719797728632,0.044602833473303315,5.506785835644961e-07,1.2679128280987146e-06
4,687,171,23,0.7583333333333333,work,3,1.2719202621569003e-16,0.0,0.003248334268965022,0.0053020993811254795,0.02724990232846714,0.03678038805157803,0.03043502328817916,0.041088855864840707,2.0605328491064133e-07,3.345302391148161e-07
4,688,171,23,0.7666666666666666,work,4,1.2719202621569003e-16,0.0,2.8149462208592935e-08,9.424321830774485e-08,0.027034005799570514,0.03825306005680411,0.027034028400412788,0.038253081415944946,9.823278564001416e-08,5.179091452653055e-07
4,689,172,24,0.775,work,1,8.326672684688674e-17,0.0,0.009546849810043957,0.01904657032696775,0.026857987880106644,0.03987966385538269,0.03616868602337603,0.05444121920642328,3.732314765356094e-07,1.0323827311807255e-06
4,690,172,24,0.7833333333333333,work,2,8.326672684688674e-17,0.0,0.006367052136284777,0.012716153401868489,0.02679464077737002,0.04150712104189258,0.03298478504206329,0.05083188328027018,3.8732665557680287e-07,6.854534149169956e-07
4,691,172,24,0.7916666666666666,work,3,8.326672684688674e-17,0.0,0.0031847347233399594,0.006367326180290359,0.02681921982613676,0.043121916182259766,0.029903700580406506,0.04756632725959852,2.1880105219994952e-07,7.539457464619632e-07
4,692,172,24,0.8,work,4,8.326672684688674e-17,0.0,1.096321807478811e-08,0.0,0.02690988114163286,0.04472057602159324,0.02690987745913704,0.044720557067297044,2.2043428117795385e-07,6.515744659029109e-07
4,693,173,25,0.8083333333333333,work,1,1.3877787807814457e-16,0.0,0.009442040881245459,0.022519220606459688,0.02695251879449687,0.046162896864472835,0.0359963654285685,0.06204789776605515,2.6617668138638323e-07,7.691078126766694e-07
4,694,173,25,0.8166666666666667,work,2,1.3877787807814457e-16,0.0,0.006299354822621897,0.01502905321805906,0.027040540514410186,0.04766322377779316,0.0330583294731067,0.057977747740705986,3.060355142541404e-07,8.392410183148877e-07
4,695,173,25,0.825,work,3,1.3877787807814457e-16,0.0,0.0031520343581329237,0.007522730962606972,0.02715187848808072,0.049211590258464284,0.03015205415773345,0.054183178412322806,3.112871891565138e-07,5.717076686993523e-07
4,696,173,25,0.8333333333333334,work,4,1.3877787807814457e-16,0.0,1.1086313911309978e-08,2.9802322387695312e-08,0.027268322360197723,0.050797982534645146,0.02726833259921461,0.05079795298373701,4.4613723910412527e-07,7.31220492505155e-07
4,697,174,26,0.8416666666666667,work,1,1.7772239894833365e-16,0.0,0.009739453936581583,0.025015052006141746,0.0274232776827955,0.05247079293175725,0.03670370447360493,0.07063114202646745,3.58686990419228e-07,1.0917579581746119e-06
4,698,174,26,0.85,work,2,1.7772239894833365e-16,0.0,0.006499617863338966,0.016696297677652943,0.02756806832658666,0.05421216002125315,0.03374153351376862,0.06599637991039153,2.513251127618348e-07,8.424099698723957e-07
4,699,174,26,0.8583333333333333,work,3,1.7772239894833365e-16,0.0,0.003253177577744623,0.008358122348626155,0.027684714028101423,0.056005649628736234,0.030761330154464472,0.06167858364719148,2.6295374761039994e-07,6.723710401462633e-07
4,700,174,26,0.8666666666666667,work,4,1.7772239894833365e-16,0.0,5.509317158049025e-09,2.9802322387695312e-08,0.027770371457747245,0.05783900492594883,0.027770376807121248,0.057838981653753,3.2379283945470877e-07,7.782915149450706e-07
4,701,175,27,0.875,work,1,1.2412670766236366e-16,0.0,0.009549680667483289,0.024947648867161897,0.02773272117627871,0.05948103883813862,0.03684349359412814,0.07787084328084994,1.0513686311404324e-07,2.2302015940987725e-07
4,702,175,27,0.8833333333333333,work,2,1.2412670766236366e-16,0.0,0.006376416547078078,0.016654594532488947,0.027665205562085123,0.06119476970076248,0.03372371776443269,0.07299415470861972,1.5885858797994345e-07,2.8115454709698594e-07
4,703,175,27,0.8916666666666666,work,3,1.2412670766236366e-16,0.0,0.0031932832448199025,0.008339004932900507,0.027568194689880178,0.0629671068759478,0.030586601360090605,0.06857903559799734,1.2943503732664425e-07,3.039252468104833e-07
4,704,175,27,0.9,work,4,1.2412670766236366e-16,0.0,2.6715808463510875e-08,6.664001874625056e-08,0.027447861045379354,0.06478104748737767,0.02744783706001312,0.0647810235185815,2.5238107226307706e-07,7.662153322805476e-07
4,705,176,28,0.9083333333333333,work,1,1.8410966031475738e-16,0.0,0.009215720232400488,0.023421606849740425,0.027184837593805532,0.06608356326101036,0.03602261995724663,0.08237032067292274,4.482944982572052e-07,5.255696799918546e-07
4,706,176,28,0.9166666666666666,work,2,1.8410966031475738e-16,0.0,0.00615800418712409,0.015640803414674064,0.026917214191970705,0.06754897143713325,0.03279487171355988,0.0778203543013598,3.2517122702644675e-07,3.71035921513699e-07
4,707,176,28,0.9249999999999999,work,3,1.8410966031475738e-16,0.0,0.0030862465891446844,0.007833994015263716,0.026652748733898505,0.06914225539905375,0.029581827063754878,0.07393114508741218,1.3002578637885626e-07,5.144678503761327e-07
4,708,176,28,0.9333333333333333,work,4,1.8410966031475738e-16,0.0,1.0258080969812099e-08,5.16191365590357e-08,0.02640020128269969,0.07083223343701114,0.026400208242095963,0.07083222234289252,2.07545921971377e-07,5.110033809984414e-07
4,709,177,29,0.9416666666666667,work,1,1.6653345369377348e-16,0.0,0.008753116266732305,0.02096059079154122,0.025984662044058394,0.07197811311618801,0.034390745052159145,0.08489116011332071,2.8389940576022896e-07,7.742870483855402e-07
4,710,177,29,0.95,work,2,1.6653345369377348e-16,0.0,0.005852521287797737,0.013997368389007003,0.025600685910829316,0.07337121404163202,0.03119478251449574,0.0813136235088512,2.700341391309908e-07,6.597025281542168e-07
4,711,177,29,0.9583333333333334,work,3,1.6653345369377348e-16,0.0,0.0029349843979903623,0.007010953052558093,0.025261695336928663,0.0749490818032744,0.028051548690386483,0.07854653827786313,1.4059693410954619e-07,4.66480131223755e-07
4,712,177,29,0.9666666666666667,work,4,1.6653345369377348e-16,0.0,2.8435225357314627e-08,6.664001874625056e-08,0.02497535158631876,0.07666169940782115,0.02497533153827525,0.0766616603806867,1.0148228002986072e-07,5.280984981855572e-07
4,713,178,30,0.975,work,1,1.2412670766236366e-16,0.0,0.008091768453690773,0.01816332188393736,0.024477672083493808,0.07797233127589694,0.032231843141817776,0.08713993575474056,2.4723297712666655e-07,5.685920723777704e-07
4,714,178,30,0.9833333333333333,work,2,1.2412670766236366e-16,0.0,0.00541142889745008,0.012125996139626801,0.024048933943662816,0.07953083764725823,0.029210763081005665,0.08497466118751582,1.53163505639136e-07,3.8857474358097666e-07
4,715,178,30,0.9916666666666667,work,3,1.2412670766236366e-16,0.0,0.0027143726538535556,0.006072191396433317,0.023697686024732923,0.08125620236140649,0.026273067154051408,0.08362787657328014,2.4586610807092115e-07,4.712160915387253e-07
4,716,178,30,1.0,work,4,1.2412670766236366e-16,0.0,2.4860764293116897e-08,7.300048299977715e-08,0.023429981476392192,0.08308739044908174,0.023429964371629645,0.08308737201727073,3.0297780500241734e-07,5.930587274471662e-07
4,717,179,31,1.0083333333333333,work,1,1.7772239894833365e-16,0.0,0.007306682723806102,0.015204404468987976,0.02295735417379916,0.08461602323294358,0.02997828062944512,0.09023600941763671,3.422468119970997e-07,4.1509831777763796e-07
4,718,179,31,1.0166666666666666,work,2,1.7772239894833365e-16,0.0,0.004885719252236024,0.01015234978920227,0.02257698454895743,0.08630114472682363,0.027249349723597677,0.08948827467808594,1.1653878632434081e-07,2.4575624618635555e-07
4,719,179,31,1.025,work,3,1.7772239894833365e-16,0.0,0.002450264855480528,0.005084808756541094,0.02228939173749345,0.08808961974270764,0.02462019570655591,0.08940557475334833,2.1197478027916455e-07,3.2098083538618743e-07
4,720,179,31,1.0333333333333332,work,4,1.7772239894833365e-16,0.0,1.2614608341924491e-08,2.9802322387695312e-08,0.02209948427797163,0.0899113606627176,0.022099485098645497,0.08991138845684536,8.810869171849153e-08,1.3328003749250115e-07
4,721,180,32,1.0416666666666667,work,1,2.618455766672135e-16,0.0,0.006605801607499061,0.01243595631906119,0.021753758977110186,0.09109980577456467,0.028119280834253243,0.09277988564139455,1.3815589888224798e-07,5.031211082975321e-07
4,722,180,32,1.05,work,2,2.618455766672135e-16,0.0,0.004414120848901291,0.008302663959002449,0.021499374148108208,0.092388735966126,0.02573509176369681,0.09309979666992317,3.0550321643367557e-07,4.4203987640712727e-07
4,723,180,32,1.0583333333333333,work,3,2.618455766672135e-16,0.0,0.0022122707163575155,0.00415771096181959,0.021335013560345208,0.093703051947899,0.023448400249794586,0.09386387025532858,1.0237711161564447e-07,1.7881393432617193e-07
4,724,180,32,1.0666666666666667,work,4,2.618455766672135e-16,0.0,2.2999236793302586e-08,9.424321830774485e-08,0.021256297115068844,0.09500659871990784,0.02125627922065626,0.09500661786567537,1.318084810331855e-07,3.264680847556393e-07
4,725,181,33,1.075,work,1,8.326672684688674e-17,0.0,0.006045648467493362,0.010380138075899013,0.021057420605272527,0.09569063545166108,0.02690022145429055,0.09415509493559492,7.099425503662005e-08,3.63783705703429e-07
4,726,181,33,1.0833333333333333,work,2,8.326672684688674e-17,0.0,0.0040363561558321385,0.00692452321366664,0.020926836605079237,0.09646923542240382,0.02481579943505701,0.09517513938240997,4.8176594581406384e-08,4.214684851089411e-07
4,727,181,33,1.0916666666666666,work,3,8.326672684688674e-17,0.0,0.0020211643189726285,0.0034647582408362126,0.020862073241987744,0.09728843594494135,0.0228035926719808,0.09651446705295075,2.111220371149859e-07,5.280984981855572e-07
4,728,181,33,1.1,work,4,8.326672684688674e-17,0.0,1.323506609385797e-08,7.300048299977715e-08,0.020860349049886387,0.09812268934359171,0.02086034117908573,0.09812273705964888,1.1719312512142363e-07,4.086288571596775e-07
4,729,182,34,1.1083333333333334,work,1,2.5438405243138006e-16,0.0,0.0056694024675691575,0.008934753329791581,0.0207898360116214,0.09851680379103855,0.026310382568464855,0.09487557900674151,1.9782925213184892e-07,5.527507362065157e-07
4,730,182,34,1.1166666666666667,work,2,2.5438405243138006e-16,0.0,0.0037817786856456223,0.005960180456449978,0.020767691791028615,0.09897634723230972,0.0244451103487607,0.09638550955733687,1.2479843315090515e-07,2.289159818848554e-07
4,731,182,34,1.125,work,3,2.5438405243138006e-16,0.0,0.0018920063787227668,0.0029821708503093244,0.020790785862211083,0.09944709470740602,0.022628363919048954,0.09807689636071257,2.9909597824378603e-07,7.691078126766694e-07
4,732,182,34,1.1333333333333333,work,4,2.5438405243138006e-16,0.0,2.96499314249337e-08,7.300048299977715e-08,0.020856576698680535,0.0999120266258152,0.020856547535464086,0.09991204832632652,1.949812512954197e-07,6.129432857395176e-07
4,733,183,35,1.1416666666666666,work,1,4.1014439538113735e-15,0.0,0.005230164233910462,0.006837228246580381,0.020815470842110394,0.10030639021881575,0.0259465406319352,0.09615173248446574,2.0326017867635032e-07,4.786961795153931e-07
4,734,183,35,1.15,work,2,4.1014439538113735e-15,0.0,0.0034864896107760263,0.004557493428124224,0.020802696472177563,0.10067073936722491,0.024221879737321494,0.09783340838295732,2.1880599990938943e-07,2.086162567138673e-07
4,735,183,35,1.1583333333333332,work,3,4.1014439538113735e-15,0.0,0.001743115303779398,0.0022786005068889275,0.020819310555957597,0.10098872400198242,0.022528473248213464,0.09954028022183907,1.6247546733767856e-07,2.7637536810325715e-07
4,736,183,35,1.1666666666666667,work,4,4.1014439538113735e-15,0.0,1.1613724128692714e-08,5.960464477539063e-08,0.020864482211379393,0.10124606943897804,0.020864475121442908,0.10124600838845912,1.2008166346152035e-07,3.139869497076496e-07
4,737,184,36,1.175,work,1,6.77599954797753e-16,0.0,0.0046819752094453436,0.004291613231811491,0.020746477534918085,0.1015714927471723,0.025342255630644513,0.09800912418731965,1.840949545862601e-07,2.715120786173435e-07
4,738,184,36,1.1833333333333333,work,2,6.77599954797753e-16,0.0,0.003120255064313824,0.002853265297392039,0.020659039197415425,0.10173857109753742,0.02372336654063578,0.0993605041053598,2.146356969144358e-07,3.746093836419747e-07
4,739,184,36,1.1916666666666667,work,3,6.77599954797753e-16,0.0,0.001559598560388405,0.0014228794896463304,0.020606981827354973,0.10175298995985979,0.02213947610695776,0.10056325035659885,2.925291018523406e-07,6.041865030739715e-07
4,740,184,36,1.2,work,4,6.77599954797753e-16,0.0,1.8575221388158926e-08,1.264405455326821e-07,0.020592601628882608,0.10162361431858832,0.020592583636015478,0.10162373514202157,2.2351964978936875e-07,7.090197356564034e-07
4,741,185,37,1.2083333333333333,work,1,5.530050307269912e-15,0.0,0.004144579732864003,0.0036971416081316363,0.020425479060782632,0.10140025227480026,0.024493631601899286,0.09845047027395513,1.874696998183841e-07,2.1073424255447025e-07
4,742,185,37,1.2166666666666666,work,2,5.530050307269912e-15,0.0,0.002761907547227162,0.002451989095587447,0.020300849387784883,0.10093564279458225,0.023014171558213416,0.09900223564354398,2.3933455409236806e-07,3.153981341200582e-07
4,743,185,37,1.225,work,3,5.530050307269912e-15,0.0,0.001380384274896063,0.0012197115640218581,0.020222560878850222,0.10024597536375204,0.021579669852980914,0.09929412024546466,2.354848184756708e-07,4.214684851089411e-07
4,744,185,37,1.2333333333333334,work,4,5.530050307269912e-15,0.0,2.3311752079213705e-08,5.960464477539063e-08,0.020190170114327183,0.09935994994608792,0.02019019167558838,0.09935989381967548,2.8318576924889633e-07,7.330402062087602e-07
5,745,186,1,0.008333333333333333,startup,1,1.3597399555105182e-16,0.0,0.009212034342643664,0.029712855972684072,0.002820114633646607,0.008630479162516604,0.012022106812863474,0.03833974834415409,2.392031706295992e-07,7.580576742873776e-07
5,746,186,1,0.016666666666666666,startup,2,1.3597399555105182e-16,0.0,0.006148109217562588,0.019783281098848766,0.0052452766720537496,0.015759470567797574,0.011353876383681964,0.03553788632004502,2.1570524099605668e-07,6.951036327892935e-07
5,747,186,1,0.025,startup,3,1.3597399555105182e-16,0.0,0.003077356754050114,0.009878822965979897,0.007291948189476654,0.021681843135288075,0.010313609576313653,0.03154942252898315,1.9228732887371137e-07,7.420718430274012e-07
5,748,186,1,0.03333333333333333,startup,4,1.3597399555105182e-16,0.0,4.559597415096171e-08,1.4292691717483762e-07,0.008990173456045226,0.02670607935314154,0.008990178300197249,0.0267059760775715,2.419180163111559e-07,8.079672880009443e-07
5,749,187,2,0.041666666666666664,work,1,0.0,2.9802322387695312e-08,0.005826995239564574,0.02066748453222399,0.00944491515073667,0.02814729485935151,0.015161193093894324,0.04849902627302482,1.2113570231788933e-07,9.054218251087333e-07
5,750,187,2,0.05,work,2,0.0,2.9802322387695312e-08,0.003884403689029995,0.013758976454758673,0.00993167150991086,0.029614516259653372,0.013690533561756152,0.0431389261540419,2.2613092913116873e-07,5.809542146211266e-07
5,751,187,2,0.058333333333333334,work,3,0.0,2.9802322387695312e-08,0.0019420606480749474,0.006869765813255941,0.010482447247198361,0.031267283345233446,0.012298850087179302,0.03795757398893094,3.456171106167294e-07,7.527667844483354e-07
5,752,187,2,0.06666666666666667,work,4,0.0,2.9802322387695312e-08,7.707761552969158e-09,4.2146848510894035e-08,0.011085891245009846,0.03320701626245639,0.01108589722357981,0.033207005159893464,1.4309965953303432e-07,5.519467347101031e-07
5,753,188,3,0.075,work,1,1.7554167342883506e-16,0.0,0.006050389425846724,0.02219108133415861,0.011934312885917593,0.03597346799365653,0.017636705358388103,0.057431026811151045,2.542984473715402e-07,6.637292340791282e-07
5,754,188,3,0.08333333333333333,work,2,1.7554167342883506e-16,0.0,0.004033920394671269,0.014763426703108764,0.012802305862238994,0.03910934360437231,0.016461583908776216,0.05320314752126051,8.944272651683661e-08,3.3585511653377587e-07
5,755,188,3,0.09166666666666666,work,3,1.7554167342883506e-16,0.0,0.0020171134138234088,0.007366597669666735,0.013626857091941847,0.04254042413603137,0.015373936827741866,0.04946537951292733,1.772330126791277e-07,3.839760639287575e-07
5,756,188,3,0.1,work,4,1.7554167342883506e-16,0.0,3.9174781553588845e-09,4.2146848510894035e-08,0.01436402845255902,0.04621630554145947,0.014364031267416033,0.04621631892228479,1.2384643703770867e-07,4.3597039098524516e-07
5,757,189,4,0.10833333333333334,work,1,1.4220500840710912e-16,0.0,0.006008188379473541,0.02518573133425655,0.015042110078363334,0.05029532223954209,0.020341159757641048,0.07281259154880954,1.2982552871376626e-07,7.77149487161957e-07
5,758,189,4,0.11666666666666667,work,2,1.4220500840710912e-16,0.0,0.004009609579858602,0.01676146071035178,0.015600762392161268,0.05491738074216657,0.019030058003781214,0.06997454154939602,2.1911627099695658e-07,4.086288571596775e-07
5,759,189,4,0.125,work,3,1.4220500840710912e-16,0.0,0.0020068673081619966,0.008366288503217944,0.01603634563957267,0.05989025869734187,0.017699449232942213,0.06743204591276668,2.3234284530459172e-07,3.4755181639464544e-07
5,760,189,4,0.13333333333333333,work,4,1.4220500840710912e-16,0.0,2.870858402324754e-08,8.940696716308595e-08,0.016355475281023237,0.06511049929000402,0.01635549807471703,0.06511045501489625,1.5937995645093637e-07,4.2670431921709716e-07
5,761,190,5,0.14166666666666666,work,1,1.6939998869943826e-16,0.0,0.0057784666667079045,0.02889827903654517,0.01651833816615202,0.07056557962678718,0.021465437484000593,0.09571139699391956,3.2643238827168023e-07,3.5513565802016856e-07
5,762,190,5,0.15,work,2,1.6939998869943826e-16,0.0,0.0038584298471361265,0.019252149522714923,0.016599253923454016,0.07662323435473073,0.019838042817238676,0.09364125792809033,2.9750062979244354e-07,8.890887433395637e-07
5,763,190,5,0.15833333333333333,work,3,1.6939998869943826e-16,0.0,0.0019322598882179287,0.00961941740160279,0.016609111933722286,0.08292230397090064,0.018198664113122393,0.0915257293930488,2.817785389357709e-07,8.549683265555598e-07
5,764,190,5,0.16666666666666666,work,4,1.6939998869943826e-16,0.0,3.567443327684578e-08,5.16191365590357e-08,0.016473695842178553,0.0892900863394986,0.016473664577117842,0.0892900571009913,1.7345823604892534e-07,3.182017282256878e-07
5,765,191,6,0.175,work,1,1.3877787807814457e-16,0.0,0.005706241769421351,0.03087513149389096,0.016109038198722773,0.09569875731621802,0.020939052843017888,0.12273112729265723,2.358798337647014e-07,6.129432857395176e-07
5,766,191,6,0.18333333333333332,work,2,1.3877787807814457e-16,0.0,0.003810162819569152,0.020583334600341924,0.015513930961893197,0.10250814667998831,0.018780392828689842,0.12074278458353567,1.8886152191917686e-07,6.136673772923374e-07
5,767,191,6,0.19166666666666665,work,3,1.3877787807814457e-16,0.0,0.0019080820250448097,0.01029146291923779,0.01506752994283312,0.10952860542075459,0.01671211928357759,0.11876721746932145,1.7991948353955495e-07,5.91559208669641e-07
5,768,191,6,0.2,work,4,1.3877787807814457e-16,0.0,9.248466695497693e-09,0.0,0.014770863543639772,0.11591617033789926,0.014770862808463464,0.11591617033601712,1.317427591793713e-07,3.63783705703429e-07
5,769,192,7,0.20833333333333334,work,1,1.4946834900704541e-16,0.0,0.005523695087064258,0.031992340516079035,0.014232383974159286,0.12095858604994489,0.018608064871395248,0.14894527317774106,2.1905321565924175e-07,3.009887021291878e-07
5,770,192,7,0.21666666666666667,work,2,1.4946834900704541e-16,0.0,0.0036880996891548094,0.021327276643337067,0.013786176762853467,0.12571162315701162,0.016715491535760216,0.1445257352344747,4.017744819506949e-07,7.644745909202539e-07
5,771,192,7,0.225,work,3,1.4946834900704541e-16,0.0,0.001846870626934123,0.010663197394965622,0.013413775202250088,0.12997298048174158,0.01487798870753184,0.13943334413175557,4.1972517032984153e-07,7.702617635321716e-07
5,772,192,7,0.23333333333333334,work,4,1.4946834900704541e-16,0.0,1.4461376062307527e-08,7.300048299977715e-08,0.013089573620134265,0.13389972750147877,0.013089583494661487,0.13389978910696285,4.2580971693569993e-07,1.2374245817677394e-06
5,773,193,8,0.24166666666666667,work,1,8.777083671441753e-17,0.0,0.005694733959855966,0.03241168255283372,0.012372196560289074,0.1355783945085222,0.016764755684490897,0.16356117597660666,4.1556960175038304e-07,1.36668914411048e-06
5,774,193,8,0.25,work,2,8.777083671441753e-17,0.0,0.003800642855170231,0.02159890456505459,0.011799430433842555,0.13890189305521758,0.01485731920530847,0.15767535994259055,4.0866609835031244e-07,1.1194729787703272e-06
5,775,193,8,0.2583333333333333,work,3,8.777083671441753e-17,0.0,0.0019023994898425727,0.010795033677587279,0.011416588375254043,0.14133008851234197,0.01300366176095557,0.15076009266998802,2.4169550156883285e-07,2.3841857910156266e-07
5,776,193,8,0.26666666666666666,work,4,8.777083671441753e-17,0.0,4.581590842187976e-08,7.300048299977715e-08,0.011149621884829467,0.14262273141294315,0.011149627877374257,0.14262267794843664,3.523894578724712e-07,8.627244726497078e-07
5,777,194,9,0.275,work,1,1.316562550716263e-16,0.0,0.006292507576812144,0.029421364463991836,0.010702345578478144,0.14222463939700009,0.015815192700228946,0.1673318339894006,1.6708555341902213e-07,2.598106231415675e-07
5,778,194,9,0.2833333333333333,work,2,1.316562550716263e-16,0.0,0.00419504616066447,0.019584933109112385,0.010529276500848235,0.1412191510107988,0.014134337882660214,0.15798765781594468,2.2911867527336616e-07,6.570043469979972e-07
5,779,194,9,0.2916666666666667,work,3,1.316562550716263e-16,0.0,0.0020975653579482496,0.009777797915200743,0.010547604001375494,0.1395904218425948,0.012422968949163189,0.14798277843989657,1.1557774682113185e-07,2.7476383618393225e-07
5,780,194,9,0.3,work,4,1.316562550716263e-16,0.0,8.416934398473009e-09,4.2146848510894035e-08,0.010716986830497788,0.13709128217575559,0.01071698326832275,0.1370912343174547,1.3286767204913667e-07,2.2302015940987725e-07
5,781,195,10,0.30833333333333335,work,1,2.7755575615628914e-17,0.0,0.003681715191517539,0.029251181402239985,0.010173369265558094,0.133675330934515,0.013470141827174379,0.15878967308894118,4.5734015907598413e-07,1.2467205919833319e-06
5,782,195,10,0.31666666666666665,work,2,2.7755575615628914e-17,0.0,0.0024480409976110127,0.01948335608088103,0.009805487440532995,0.13048029731094002,0.012042203156662736,0.14721700691710368,2.856575417062991e-07,8.627244726497078e-07
5,783,195,10,0.325,work,3,2.7755575615628914e-17,0.0,0.0012208606165039638,0.009732847318678838,0.009547706639746452,0.12701905730582938,0.010672378947859483,0.13538265541715067,3.6891693301632835e-07,8.074174633112048e-07
5,784,195,10,0.3333333333333333,work,4,2.7755575615628914e-17,0.0,4.139721450341723e-08,1.5769906706002898e-07,0.009395867264517323,0.1242330812492092,0.009395844396581908,0.12423293639227356,3.5806324809048387e-07,8.990230041145374e-07
5,785,196,11,0.3416666666666667,work,1,1.3877787807814457e-17,0.0,0.002938660432236367,0.03302946747963083,0.008250231502690891,0.12192351057382843,0.010072549969953179,0.1504069578869366,4.0893318818409845e-07,8.333999785250225e-07
5,786,196,11,0.35,work,2,1.3877787807814457e-17,0.0,0.001959071102769274,0.022021010353771735,0.0071154096749065955,0.1182246226323076,0.008362101518246031,0.13742551185307517,4.6988170272410856e-07,1.0272078478106424e-06
5,787,196,11,0.35833333333333334,work,3,1.3877787807814457e-17,0.0,0.0009798503969524626,0.01101131699982343,0.006127039109089016,0.11386557045600175,0.006763323473877935,0.12356634344378715,4.4352878879024844e-07,9.97821631597482e-07
5,788,196,11,0.36666666666666664,work,4,1.3877787807814457e-17,0.0,3.4636502249533836e-08,1.1151007970493858e-07,0.005376717275676302,0.10942435091749243,0.005376689291018353,0.10942425362471436,2.8458519311110305e-07,6.136673772923374e-07
5,789,197,12,0.375,work,1,2.2591401799415137e-16,0.0,0.00618248007049128,0.03500510690523095,0.005602610287292694,0.1057157203667814,0.011011827397424007,0.13786558969550286,4.2624920058322803e-07,1.049024814772501e-06
5,790,197,12,0.3833333333333333,work,2,2.2591401799415137e-16,0.0,0.004127896041863147,0.023369968910309687,0.0060488835323743,0.10266274967035312,0.009774233924285575,0.12427403983992334,3.641823543393531e-07,9.262722890329476e-07
5,791,197,12,0.39166666666666666,work,3,2.2591401799415137e-16,0.0,0.002067382002621609,0.01170161557049192,0.006521499376074272,0.09946900165237278,0.008422372376787744,0.11037161589577153,2.0829284598311916e-07,6.957422214704043e-07
5,792,197,12,0.4,work,4,2.2591401799415137e-16,0.0,1.578812478448886e-08,6.664001874625056e-08,0.007020441279736557,0.09585133323286252,0.007020426514933829,0.09585127333448627,1.890948138383859e-07,4.4604031881975524e-07
5,793,198,13,0.4083333333333333,work,1,8.886119947416683e-17,0.0,0.006731757461894689,0.03644951089338777,0.007809371419829935,0.09240972951126929,0.014439082146752694,0.1275690929405201,2.503182987679425e-07,8.513246093443517e-07
5,794,198,13,0.4166666666666667,work,2,8.886119947416683e-17,0.0,0.004491172634008289,0.024345320877594497,0.008574190049074573,0.08929615995297852,0.012991117005646658,0.11293601057171859,3.123919326512879e-07,9.044403377469568e-07
5,795,198,13,0.425,work,3,8.886119947416683e-17,0.0,0.0022476274380258936,0.012195564242657922,0.009278625244561755,0.0862331476555721,0.011481415855596852,0.09815040259422517,2.1300441710279864e-07,7.014633593523431e-07
5,796,198,13,0.43333333333333335,work,4,8.886119947416683e-17,0.0,2.0665757177295957e-08,1.032382731180714e-07,0.009934216845711445,0.08314351453276028,0.009934200494625225,0.08314347229100176,4.946613054298267e-07,1.3991230242616823e-06
5,797,199,14,0.44166666666666665,work,1,2.254873622441467e-16,0.0,0.005599107650788906,0.040060224760762715,0.010111092775413834,0.08075930047188609,0.015467721672743242,0.11959458087066875,3.6352210254966696e-07,7.238958955699912e-07
5,798,199,14,0.45,work,2,2.254873622441467e-16,0.0,0.0037454848224784086,0.026777843739014612,0.010380869403113389,0.0791974543071538,0.014023427146701793,0.10552674758580993,2.498193847276709e-07,5.057621821307297e-07
5,799,199,14,0.4583333333333333,work,3,2.254873622441467e-16,0.0,0.0018795887004801094,0.013424427586224872,0.010707773139483803,0.07842641603590629,0.012557865256153346,0.0917600994216897,1.6784626304867746e-07,4.41034096090459e-07
5,800,199,14,0.4666666666666667,work,4,2.254873622441467e-16,0.0,4.037823690685624e-08,1.1920928955078128e-07,0.011095059156348388,0.07865738890312415,0.011095071147959901,0.07865737176784986,3.216633630201879e-07,5.685920723777704e-07
5,801,200,15,0.475,work,1,6.206335383118183e-17,0.0,0.008241306169249129,0.04719909577334833,0.011666776244488189,0.08167351660379962,0.018859731623140964,0.12881445390769694,4.209043264204253e-07,9.281880558966146e-07
5,802,200,15,0.48333333333333334,work,2,6.206335383118183e-17,0.0,0.005521308428948112,0.031506974561664285,0.012818017592383227,0.08643426710257564,0.017971778812983417,0.11776049513190515,2.995792902619727e-07,8.513246093443517e-07
5,803,200,15,0.49166666666666664,work,3,6.206335383118183e-17,0.0,0.0027742064121007346,0.015773644511146268,0.014274282067517132,0.0918625108707066,0.016967996442571603,0.10737597755310363,3.999540110694299e-07,9.555351461101503e-07
5,804,200,15,0.5,work,4,6.206335383118183e-17,0.0,2.6112704060558338e-08,5.960464477539063e-08,0.01590678886811639,0.0983529156367529,0.01590678837644615,0.09835287409149497,2.93285092189498e-07,5.832429465884267e-07
5,805,201,16,0.5083333333333333,work,1,6.206335383118183e-17,0.0,0.014376604841226534,0.042955441802890446,0.019213057596290804,0.10465489283996164,0.03312479496050086,0.1469722289449817,2.7327850656621686e-07,6.063875540904964e-07
5,806,201,16,0.5166666666666666,work,2,6.206335383118183e-17,0.0,0.009575113081783689,0.028568007646014623,0.022967650353020924,0.11228261544694415,0.032427159979499624,0.1401257168083525,1.738940319522623e-07,2.615143176136055e-07
5,807,201,16,0.525,work,3,6.206335383118183e-17,0.0,0.0047827617909219754,0.014249492099459742,0.026874202235972224,0.12068636313865576,0.03163025135597128,0.13437677038413892,8.731115105170444e-08,3.7932163659804686e-07
5,808,201,16,0.5333333333333333,work,4,6.206335383118183e-17,0.0,3.90450585564098e-09,1.0745380149674385e-07,0.0307359565704434,0.1292907153704003,0.03073595674864238,0.12929069669409218,2.905972677735464e-07,3.9537248496477665e-07
5,809,202,17,0.5416666666666666,work,1,1.8619006149354548e-16,0.0,0.015295883618850379,0.02737665266584172,0.03481852292676694,0.13327578249070615,0.05003159107962601,0.1590150727317479,3.589628830890571e-07,6.717102330675541e-07
5,810,202,17,0.55,work,2,1.8619006149354548e-16,0.0,0.010169776229192838,0.018176096098310012,0.03855563179429611,0.13699702348076714,0.04862940987679254,0.1540220200709472,4.101652073474451e-07,1.053671212772363e-06
5,811,202,17,0.5583333333333333,work,3,1.8619006149354548e-16,0.0,0.0050710121913461696,0.009050475038530341,0.04175619072284908,0.13987769173024903,0.046746029392233004,0.14831689712244756,2.1751697697743568e-07,6.782893345797716e-07
5,812,202,17,0.5666666666666667,work,4,1.8619006149354548e-16,0.0,2.968224388724995e-08,8.940696716308595e-08,0.04431079651579402,0.14155096360649408,0.044310772041686076,0.14155089173775093,2.732496734496796e-07,9.527425386396606e-07
5,813,203,18,0.575,work,1,1.0385185452638061e-16,0.0,0.013777167542838493,0.02117088038143312,0.04580966743353516,0.1377538891673787,0.059158473048646784,0.15062513142987954,1.4295847487205213e-07,5.945544643181586e-07
5,814,203,18,0.5833333333333334,work,2,1.0385185452638061e-16,0.0,0.00915371450451329,0.014130558614475387,0.046656491587374685,0.1330056953239185,0.05547188266584345,0.14174255492979554,2.498863127021214e-07,4.2670431921709716e-07
5,815,203,18,0.5916666666666667,work,3,1.0385185452638061e-16,0.0,0.004561186072028228,0.007073501405387514,0.04689285457053095,0.12729106502593918,0.05126124518733182,0.1317067366175638,3.061818419401718e-07,3.588674836990926e-07
5,816,203,18,0.6,work,4,1.0385185452638061e-16,0.0,3.643267642478636e-08,5.16191365590357e-08,0.046589058257104916,0.12074898163991118,0.04658903111910085,0.12074894363621577,1.5874741033227302e-07,4.878850443287176e-07
5,817,204,19,0.6083333333333333,work,1,1.7772239894833365e-16,0.0,0.012352416289371322,0.022312986803626072,0.04551664141151007,0.11041940912497125,0.057375886545735215,0.11666813594158179,1.7668292027223522e-07,4.0644948771553874e-07
5,818,204,19,0.6166666666666667,work,2,1.7772239894833365e-16,0.0,0.008216275802410761,0.014942764283860295,0.04411677022767846,0.09994593157370474,0.05199399152169125,0.10436789814415062,3.792087456034251e-07,7.935480449017546e-07
5,819,204,19,0.625,work,3,1.7772239894833365e-16,0.0,0.004098779239261421,0.007505098237014489,0.04246536064324952,0.08957911469269307,0.04638942388896474,0.09188885182737713,2.3965142085994964e-07,5.900558791525186e-07
5,820,204,19,0.6333333333333333,work,4,1.7772239894833365e-16,0.0,3.8699982898161216e-08,1.5769906706002898e-07,0.040638591290900895,0.07961189882789677,0.0406385654377765,0.07961179465833498,2.077122390459084e-07,7.09645801770134e-07
5,821,205,20,0.6416666666666666,work,1,1.2719202621569003e-16,0.0,0.00997566826393869,0.02208566034070612,0.03795744146970944,0.06794700741628601,0.047424853054605434,0.07282625227675706,9.154634936516296e-08,9.205010659385107e-07
5,822,205,20,0.65,work,2,1.2719202621569003e-16,0.0,0.006649803511594582,0.014755200912219959,0.03533662041439924,0.05729317518809866,0.04166789676028747,0.060795354020221674,1.426414072946529e-07,7.202056630608224e-07
5,823,205,20,0.6583333333333333,work,3,1.2719202621569003e-16,0.0,0.0033246143461017666,0.007393776769281558,0.032835083639503826,0.04822627888514212,0.036008082179756845,0.05003959352514172,3.88174862438321e-07,1.1131077645411098e-06
5,824,205,20,0.6666666666666666,work,4,1.2719202621569003e-16,0.0,2.6134658257314325e-08,8.429369702178807e-08,0.030506602194520175,0.04140834585727228,0.03050658016918519,0.041408273106241476,2.8888029820297143e-07,1.033242691955561e-06
5,825,206,21,0.675,work,1,1.3877787807814457e-16,0.0,0.008881328038797367,0.02199230588200024,0.028022305049428826,0.03667036109616717,0.036604320198139396,0.04708682666115184,1.1168976816901647e-07,3.99840112477504e-07
5,826,206,21,0.6833333333333333,work,2,1.3877787807814457e-16,0.0,0.005928281512089737,0.014672243122478381,0.025812387188952516,0.034576992620246993,0.03155822086675241,0.040800819131072294,1.1712366995077867e-07,7.1027131604034e-07
5,827,206,21,0.6916666666666667,work,3,1.3877787807814457e-16,0.0,0.0029678575468801713,0.007341896940582889,0.023894208984375186,0.03501735946717382,0.026775255802697753,0.0374941191088071,1.231405990472139e-07,3.068336886461678e-07
5,828,206,21,0.7,work,4,1.3877787807814457e-16,0.0,3.187543783863089e-08,1.1151007970493858e-07,0.022274074949178973,0.03732276870822547,0.022274104313276023,0.03732272592389496,2.76921849806361e-07,5.127385417844444e-07
5,829,207,22,0.7083333333333334,work,1,1.594436429147036e-16,4.2146848510894035e-08,0.009323975406583543,0.016508424968651323,0.021067191277647043,0.04042759139809758,0.030222563733104644,0.04696638114366864,2.3176477208563517e-07,6.405766385854712e-07
5,830,207,22,0.7166666666666667,work,2,1.594436429147036e-16,4.2146848510894035e-08,0.006222493695307546,0.011034919077856118,0.02012006370123674,0.04392685966931348,0.026214965614122687,0.046988459538018175,1.7688977161778343e-07,3.6133395591325035e-07
5,831,207,22,0.725,work,3,1.594436429147036e-16,4.2146848510894035e-08,0.003114477148999117,0.005532405817112909,0.019410883668481215,0.04748186621702969,0.022448970901029586,0.048450116208648066,1.74572272700006e-07,6.677316576960141e-07
5,832,207,22,0.7333333333333333,work,4,1.594436429147036e-16,4.2146848510894035e-08,3.72098168884986e-08,1.931411236050088e-07,0.018914572672528798,0.05091787865167265,0.018914538280326725,0.050918049370459066,5.5157340188550326e-08,5.91559208669641e-07
5,833,208,23,0.7416666666666667,work,1,1.6184142622847344e-16,0.0,0.008670036506305065,0.013143032006669957,0.01839434653731702,0.05393872972604527,0.026885754049571536,0.05576676115015913,6.00718252772199e-08,5.204751848153182e-07
5,834,208,23,0.75,work,2,1.6184142622847344e-16,0.0,0.0057861766211813265,0.008797010746528123,0.018043004172605695,0.05678445083461364,0.023675885822445748,0.05739733842710087,1.3163995908039355e-07,2.889442358861168e-07
5,835,208,23,0.7583333333333333,work,3,1.6184142622847344e-16,0.0,0.0028962019955012836,0.004416377972178022,0.01783959799621415,0.05941183700002081,0.020637685418290638,0.059465933876319606,7.516620695196717e-08,5.930587274471662e-07
5,836,208,23,0.7666666666666666,work,4,1.6184142622847344e-16,0.0,1.1233476636659743e-08,4.2146848510894035e-08,0.01776158324777762,0.06181727573880429,0.017761577316490165,0.06181722466842954,1.582311358665849e-07,5.040030039932671e-07
5,837,209,24,0.775,work,1,1.1443916996305594e-16,0.0,0.008688945146128776,0.015373266274038417,0.017768550945688084,0.06382494512143984,0.026156046531893698,0.06479324323176823,1.4331682631153993e-07,2.8740318897345554e-07
5,838,209,24,0.7833333333333333,work,2,1.1443916996305594e-16,0.0,0.005801954665840339,0.010291339025563208,0.017860304582958113,0.06580978738578667,0.02342268728915718,0.06609410647357937,2.148548472290963e-08,6.034510353599985e-07
5,839,209,24,0.7916666666666666,work,3,1.1443916996305594e-16,0.0,0.002905691234006528,0.005167291666059367,0.018008589480554785,0.06777414895286189,0.02077101036203587,0.06774795123718758,2.2445229531998823e-07,5.380949403425408e-07
5,840,209,24,0.8,work,4,1.1443916996305594e-16,0.0,1.0558929328556175e-08,2.9802322387695312e-08,0.01819010743037095,0.06973377525978579,0.018190100130528103,0.06973374931868669,1.87638332861287e-07,2.086162567138673e-07
5,841,210,25,0.8083333333333333,work,1,1.5700924586837752e-16,0.0,0.00894977682157164,0.019300237280892054,0.018425065542643015,0.07144526497579148,0.026970808592299465,0.07310710320411862,3.125000496580153e-07,7.691078126766694e-07
5,842,210,25,0.8166666666666667,work,2,1.5700924586837752e-16,0.0,0.005983065799605063,0.01291969141329305,0.018665690911276414,0.07352558385687145,0.02434027737607923,0.07432573468131727,2.8975495969431577e-07,9.527425386396606e-07
5,843,210,25,0.825,work,3,1.5700924586837752e-16,0.0,0.0029999399274050244,0.006487203210531223,0.018901215672493733,0.07607531259528699,0.021722775603165247,0.0762823344088539,1.540096658287507e-07,7.55122867782116e-07
5,844,210,25,0.8333333333333334,work,4,1.5700924586837752e-16,0.0,4.07537786958661e-08,9.424321830774485e-08,0.019123571518041945,0.07873934681302067,0.019123607428564546,0.07873929050164356,1.9377930578051542e-07,6.377975511262652e-07
5,845,211,26,0.8416666666666667,work,1,9.614813431917819e-17,0.0,0.009839713426512384,0.024891519352266706,0.01949109202027897,0.08173955912618278,0.028804741108812048,0.0867817758300464,1.594334070855831e-07,1.931411236050088e-07
5,846,211,26,0.85,work,2,9.614813431917819e-17,0.0,0.006586575794296062,0.01668279053759634,0.019820700295107102,0.08526964183204304,0.026020862179491316,0.0881821277696104,1.6849470750848076e-07,5.575503985246947e-07
5,847,211,26,0.8583333333333333,work,3,9.614813431917819e-17,0.0,0.0033071307585010867,0.00838726890943072,0.020096945474719092,0.089219654532047,0.023186833000099636,0.0904129134501058,1.0474652890095847e-07,4.380028979986637e-07
5,848,211,26,0.8666666666666667,work,4,9.614813431917819e-17,0.0,4.1705422095789246e-08,1.5196262340524156e-07,0.020316027776861322,0.09349696696652185,0.020315987186897047,0.09349709738933416,1.0592560548070929e-07,8.466167873943983e-07
5,849,212,27,0.875,work,1,5.551115123125783e-17,0.0,0.009897388569975199,0.02747639822302311,0.020369916233193806,0.09744306909038983,0.029767231246167793,0.10291539712015442,1.0050862887479783e-07,6.623897186187795e-07
5,850,212,27,0.8833333333333333,work,2,5.551115123125783e-17,0.0,0.0066372243633545805,0.018401109901642367,0.020379408732181234,0.10165941054353313,0.026640121316442257,0.10457293757068456,8.620530614530835e-08,1.0456326480417867e-06
5,851,212,27,0.8916666666666666,work,3,5.551115123125783e-17,0.0,0.003338758885989957,0.009244629812981395,0.02035239224769857,0.10605947355881373,0.023474367833474,0.10713345530866794,1.7171483942605066e-07,6.570043469979972e-07
5,852,212,27,0.9,work,4,5.551115123125783e-17,0.0,1.9256523045865797e-08,5.960464477539063e-08,0.020304578957066156,0.11057786159907032,0.020304596161238735,0.11057779846807428,4.5679338325999506e-08,5.824810351637641e-07
5,853,213,28,0.9083333333333333,work,1,5.721958498152797e-17,0.0,0.00968824745129027,0.026576101440185573,0.01999929817000233,0.11503120842511652,0.02914891199010329,0.11964943790265403,2.531094580608119e-07,3.2373608622551644e-07
5,854,213,28,0.9166666666666666,work,2,5.721958498152797e-17,0.0,0.00650511593212834,0.017793315991905846,0.019719759807845946,0.1196418105375592,0.02581931602696595,0.12191146542446707,4.827276583562972e-08,5.297776709387073e-07
5,855,213,28,0.9249999999999999,work,3,5.721958498152797e-17,0.0,0.0032764056955960855,0.008937749433834128,0.019481980852069994,0.12430141049256949,0.022524010015117345,0.12503768029559065,1.5204458523602336e-07,2.715120786173435e-07
5,856,213,28,0.9333333333333333,work,4,5.721958498152797e-17,0.0,2.0930141722609834e-08,2.9802322387695312e-08,0.019300888284873415,0.12893729722613462,0.01930090849987072,0.12893728764818252,2.642428361991912e-07,5.900558791525186e-07
5,857,214,29,0.9416666666666667,work,1,2.237726045655905e-16,0.0,0.009252727221734636,0.023988271859507096,0.018866695178607642,0.13372581047034354,0.02758673713632363,0.137078649847067,2.7454362643017875e-07,6.925433897150939e-07
5,858,214,29,0.95,work,2,2.237726045655905e-16,0.0,0.0062187615779338715,0.016051014099045715,0.01852684399998395,0.13855746751180012,0.024336926650816642,0.14006872300827597,1.4211712703315672e-07,4.3597039098524516e-07
5,859,214,29,0.9583333333333334,work,3,2.237726045655905e-16,0.0,0.003135342003844927,0.008059127323553246,0.01829064169519452,0.1433243567360715,0.02118623509184246,0.1437328698186253,9.96072859640214e-08,8.429369702178807e-08
5,860,214,29,0.9666666666666667,work,4,2.237726045655905e-16,0.0,5.8649898600694716e-08,1.5196262340524156e-07,0.01816421916386496,0.14797017463541912,0.01816427577076208,0.14797010130114632,1.5566206585078557e-07,3.5388297101968327e-07
5,861,215,30,0.975,work,1,9.614813431917819e-17,0.0,0.008580809724443212,0.020879939123838388,0.017748438909474758,0.1527854613423007,0.025770758751747745,0.15484514467604546,1.2428488297546903e-07,7.06509923406229e-07
5,862,215,30,0.9833333333333333,work,2,9.614813431917819e-17,0.0,0.005768590798866401,0.013957020992774901,0.017458766864092767,0.1575553403324034,0.022797421042360107,0.15835032882845626,2.105769862292105e-07,6.00500156867801e-07
5,863,215,30,0.9916666666666667,work,3,9.614813431917819e-17,0.0,0.002909101136985933,0.007001399003804979,0.017298905068632426,0.16218818216504732,0.019957092281129574,0.1623122968114236,7.331549655358152e-08,2.1073424255447025e-07
5,864,215,30,1.0,work,4,9.614813431917819e-17,0.0,6.00427995979743e-09,7.300048299977715e-08,0.01726859970753907,0.16665200108927272,0.017268605149721124,0.16665193773847403,2.8455897490375783e-07,9.146934302582109e-07
5,865,216,31,1.0083333333333333,work,1,1.8041124150158794e-16,0.0,0.0077516858086018065,0.017607191377566726,0.016952319323059267,0.1711693441932645,0.024151645743253167,0.1720020702998135,1.7622693340541334e-07,5.930587274471662e-07
5,866,216,31,1.0166666666666666,work,2,1.8041124150158794e-16,0.0,0.005207265202027664,0.011767146441654346,0.01676139031577553,0.17559257269291148,0.02154512327118952,0.1757330310016639,1.1026582915564026e-07,6.222907608098144e-07
5,867,216,31,1.025,work,3,1.8041124150158794e-16,0.0,0.002623860408520682,0.005901588656033851,0.016696108214109825,0.17984679061755168,0.019076142830764406,0.17972266381354454,1.3272936037076712e-08,2.665600749850024e-07
5,868,216,31,1.0333333333333332,work,4,1.8041124150158794e-16,0.0,1.757867219898519e-08,4.2146848510894035e-08,0.016751842317036473,0.18391580297254922,0.016751857870945713,0.18391581093769763,1.0033365562225756e-07,5.763494850937659e-07
5,869,217,32,1.0416666666666667,work,1,7.850462293418876e-17,0.0,0.007095670925150354,0.01417885392948934,0.016616900679470907,0.18770335089189738,0.023208995435683194,0.1868979120012144,1.4263073619854743e-07,2.715120786173435e-07
5,870,217,32,1.05,work,2,7.850462293418876e-17,0.0,0.00475644912050974,0.009472300823858096,0.01657600093089818,0.1914101606895885,0.020954264923548068,0.1906106877236787,4.733144307120223e-08,2.3276357876976306e-07
5,871,217,32,1.0583333333333333,work,3,7.850462293418876e-17,0.0,0.0023915100908129916,0.004748337456390331,0.016622266150192817,0.19496925243177318,0.018801789535150867,0.19444681123507887,2.2083017370704817e-07,4.730972011800879e-07
5,872,217,32,1.0666666666666667,work,4,7.850462293418876e-17,0.0,3.832051788412688e-08,6.664001874625056e-08,0.01675064688025848,0.19837695926906426,0.016750609150189603,0.19837699431445852,3.4762466324777166e-07,6.419616707723769e-07
5,873,218,33,1.075,work,1,1.249000902703301e-16,0.0,0.006576190178899466,0.011066448771963935,0.01672676012855105,0.20137696013715145,0.022875745837680508,0.19919358748695531,1.2512514948430338e-07,4.91512492372712e-07
5,874,218,33,1.0833333333333333,work,2,1.249000902703301e-16,0.0,0.00439754726959626,0.0073828988968668244,0.01674700587705081,0.2042676250921653,0.02083444812001209,0.20266935088874463,3.057477273192823e-07,6.529361695112807e-07
5,875,218,33,1.0916666666666666,work,3,1.249000902703301e-16,0.0,0.0022056626039344707,0.0036957230758470467,0.016811559030782464,0.20701376363375457,0.018849574855392185,0.20614852222595512,1.520940575931191e-07,6.049210766012823e-07
5,876,218,33,1.1,work,4,1.249000902703301e-16,0.0,4.2828274292467175e-08,1.3657139822709086e-07,0.016917280080034992,0.20961121858956006,0.016917237445129005,0.20961131576273184,1.0052277834313337e-07,1.0071244984099853e-06
5,877,219,34,1.1083333333333334,work,1,6.206335383118183e-17,0.0,0.006069841162757656,0.008547084099326554,0.016866073964076272,0.21173072596333248,0.022603010921016978,0.208614603906185,3.9185889203885924e-08,3.153981341200582e-07
5,878,219,34,1.1166666666666667,work,2,6.206335383118183e-17,0.0,0.0040503198499712975,0.005696274046641593,0.016834906804397046,0.2136786469623116,0.020652801710557018,0.21154482194632895,1.1075128661317377e-07,2.2302015940987725e-07
5,879,219,34,1.125,work,3,6.206335383118183e-17,0.0,0.002027153948654683,0.0028483970161574776,0.016829262597523355,0.21542698990094003,0.018735428823332893,0.21433472925786057,1.4152637033491716e-07,6.583548198453969e-07
5,880,219,34,1.1333333333333333,work,4,6.206335383118183e-17,0.0,4.678918224506668e-08,1.3328003749250115e-07,0.016852297470225736,0.21698288828580806,0.016852251094986188,0.2169830034044015,1.7155371833855707e-07,3.5513565802016856e-07
5,881,220,35,1.1416666666666666,work,1,6.206335383118183e-17,0.0,0.005306105562566006,0.005873261437288716,0.016642535821594924,0.21822396592013382,0.021711052954183838,0.21523920134137794,2.087635358384507e-07,7.696850043621681e-07
5,882,220,35,1.15,work,2,6.206335383118183e-17,0.0,0.0035357640359478817,0.0038992154656295025,0.01645653500931222,0.21911326295421152,0.019831746481039178,0.21712291744434006,3.31539414850607e-08,3.576278686523442e-07
5,883,220,35,1.1583333333333332,work,3,6.206335383118183e-17,0.0,0.0017670680869314964,0.0019420419523439214,0.0163045495853387,0.21967399982049832,0.017990604378045092,0.21867952820885164,1.057565585666141e-07,5.701519986900406e-07
5,884,220,35,1.1666666666666667,work,4,6.206335383118183e-17,0.0,4.069508142899369e-08,6.664001874625056e-08,0.016192246388211817,0.21994151180417942,0.016192286855604195,0.21994148481378875,8.593892199248787e-08,4.626564591008442e-07
5,885,221,36,1.175,work,1,1.2412670766236366e-16,0.0,0.004521894314090569,0.003930701236809897,0.01585136557978474,0.2198190438910857,0.02017690735109286,0.21723291987570173,2.3703059001480163e-07,3.4240261593687747e-07
5,886,221,36,1.1833333333333333,work,2,1.2412670766236366e-16,0.0,0.003012123239728506,0.002594643788780431,0.015565212844755507,0.21923718927161076,0.018449017191213397,0.21753543781164275,1.6499108323838e-07,2.4211521162497896e-07
5,887,221,36,1.1916666666666667,work,3,1.2412670766236366e-16,0.0,0.0015048364076625713,0.0012845764678803577,0.015345675541223076,0.21824914581574753,0.016787671537598296,0.21740872036588113,1.073447003613405e-07,2.5111883202720774e-07
5,888,221,36,1.2,work,4,1.2412670766236366e-16,0.0,3.75253488560358e-08,9.884312124119402e-08,0.015194367337768319,0.21689961670813315,0.015194330371304444,0.21689967189846845,2.4771842059574245e-07,6.717102330675541e-07
5,889,222,37,1.2083333333333333,work,1,7.850462293418876e-17,0.0,0.0040129460164084274,0.0044597915468606334,0.014926452135103305,0.2150347058704179,0.018773742217990774,0.21259518902045485,7.509248129913554e-08,3.1256939416234273e-07
5,890,222,37,1.2166666666666666,work,2,7.850462293418876e-17,0.0,0.0026735657169937427,0.002953320732847203,0.01473090386219934,0.21271059580278726,0.017298346032787633,0.21111313356797576,3.2137106191739874e-07,7.725644944200397e-07
5,891,222,37,1.225,work,3,7.850462293418876e-17,0.0,0.0013358751872644338,0.0014667533956201476,0.014611654375079533,0.20999322459771216,0.015896238821597446,0.20920741374675564,3.123635821827735e-07,7.702617635321716e-07
5,892,222,37,1.2333333333333334,work,4,7.850462293418876e-17,0.0,7.2318357523399314e-09,4.2146848510894035e-08,0.014563245695131146,0.20693885203585716,0.014563244623312873,0.20693888537185523,2.7631938181711215e-07,6.617189440481251e-07
6,893,223,1,0.008333333333333333,startup,1,1.3597399555105182e-16,0.0,0.009206022612214504,0.02966793657728249,0.0027871630320115905,0.00866968366827831,0.011982640706155446,0.03833600741908666,3.149101107039911e-07,9.546051846770714e-07
6,894,223,1,0.016666666666666666,startup,2,1.3597399555105182e-16,0.0,0.006140164765504763,0.019723578659883282,0.005111676222891679,0.0157595122149963,0.011205071921368093,0.03548120293084073,2.4548638124133156e-07,7.202056630608224e-07
6,895,223,1,0.025,startup,3,1.3597399555105182e-16,0.0,0.003071450689961011,0.009834304513935098,0.0070229759414293415,0.021560728311302648,0.010021874243064638,0.03138728001709535,3.050195824768966e-07,7.586432731960971e-07
6,896,223,1,0.03333333333333333,startup,4,1.3597399555105182e-16,0.0,4.161420690403771e-08,1.7631291696726137e-07,0.008579056852384394,0.026384615881278876,0.008579049741194519,0.02638476240585985,3.059259463356115e-07,5.196212462831361e-07
6,897,224,2,0.041666666666666664,work,1,1.942890293094024e-16,0.0,0.005837410441248263,0.020653943336790076,0.009035444280100018,0.02768981844826381,0.014764856884040577,0.04819712951720158,3.222606565697093e-07,6.433437211788593e-07
6,898,224,2,0.05,work,2,1.942890293094024e-16,0.0,0.0038909610165826385,0.013739669756095273,0.009650083047449388,0.028934175658145045,0.013348016202481392,0.04256934966933183,5.126812925291095e-07,1.1095112841717317e-06
6,899,224,2,0.058333333333333334,work,3,1.942890293094024e-16,0.0,0.0019451440932123688,0.006855192027633254,0.010449830365746723,0.03029638288885971,0.012176020927718656,0.03703931393913478,2.537537406318832e-07,7.208220137624675e-07
6,900,224,2,0.06666666666666667,work,4,1.942890293094024e-16,0.0,1.412919682702159e-08,0.0,0.011392254783273742,0.031937165695432576,0.011392244034938007,0.031937180341783916,1.5397099514046478e-07,2.920019319991088e-07
6,901,225,3,0.075,work,1,1.4946834900704541e-16,0.0,0.006063105749047394,0.022185546559971278,0.012692779456348533,0.034504978186972235,0.018073993953848018,0.05605359844141725,2.557101148989725e-07,5.144678503761327e-07
6,902,225,3,0.08333333333333333,work,2,1.4946834900704541e-16,0.0,0.004042337841307903,0.014752160512842404,0.014025180933642403,0.03753951986758261,0.017367465965925664,0.051599998910340686,1.2061277714573425e-07,7.300048299977754e-07
6,903,225,3,0.09166666666666666,work,3,1.4946834900704541e-16,0.0,0.0020212935527462394,0.007357243219886885,0.015296677381210018,0.040955798474701495,0.01683783129649439,0.04779787431597174,1.4914817686098835e-07,5.26413969178669e-07
6,904,225,3,0.1,work,4,1.4946834900704541e-16,0.0,3.1156252604147976e-08,8.429369702178807e-08,0.016444264646142,0.04469903730628521,0.016444235523321173,0.04469910412628961,1.898706029216332e-07,3.588674836990926e-07
6,905,226,4,0.10833333333333334,work,1,5.551115123125783e-17,0.0,0.006015104766471403,0.02524010115980674,0.017496224256783453,0.049117025025442004,0.02220828735170883,0.07167100290996438,2.1126433121044675e-07,7.140128940767647e-07
6,906,226,4,0.11666666666666667,work,2,5.551115123125783e-17,0.0,0.00401349635688819,0.016792108160876687,0.01802742629367645,0.05383333397803202,0.021079903395793454,0.06889243368837845,2.8189546207695994e-07,5.847637912734942e-07
6,907,226,4,0.125,work,3,5.551115123125783e-17,0.0,0.002008457506639679,0.008378961796515993,0.018029982663466376,0.05952372106118045,0.019556726990985856,0.06714978177274171,3.113358355112273e-07,6.447228089804658e-07
6,908,226,4,0.13333333333333333,work,4,5.551115123125783e-17,0.0,2.0866452938405142e-08,1.490116119384766e-07,0.01789915514999192,0.06602617891360095,0.017899175924380475,0.06602604975172963,3.9626485363754566e-07,8.205115734300793e-07
6,909,227,5,0.14166666666666666,work,1,1.7554167342883506e-16,0.0,0.005839441084359733,0.028834482415608577,0.017548527028047944,0.07345362128330361,0.022371020325484884,0.09938947990102437,4.528225300182065e-07,9.07870901329991e-07
6,910,227,5,0.15,work,2,1.7554167342883506e-16,0.0,0.003897514895855989,0.019206833993427423,0.017073130583481394,0.08133135384867313,0.020311282531127958,0.0989264255556676,3.0762295962035993e-07,6.623897186187795e-07
6,911,227,5,0.15833333333333333,work,3,1.7554167342883506e-16,0.0,0.0019510438178868424,0.009595255625918888,0.01674706932829243,0.08916885979110827,0.018358898269915568,0.09807511041833919,2.6504227038881494e-07,6.683963981868597e-07
6,912,227,5,0.16666666666666666,work,4,1.7554167342883506e-16,0.0,3.883939110370161e-09,4.2146848510894035e-08,0.01649412239219179,0.09662581979780481,0.016494123474473467,0.09662585843843471,4.0282710123160367e-07,9.029661063875702e-07
6,913,228,6,0.175,work,1,1.0007415106216802e-16,0.0,0.0055967667633173715,0.030563261307543433,0.016109391476845,0.10298912006216669,0.02101700238743961,0.13014721027631912,2.2812995185831773e-07,7.486257962632503e-07
6,914,228,6,0.18333333333333332,work,2,1.0007415106216802e-16,0.0,0.0037347980250348046,0.020373832301232034,0.01576466594109998,0.11056761797252503,0.01904774972094271,0.12892427419970096,3.8632054072803973e-07,9.807635946216882e-07
6,915,228,6,0.19166666666666665,work,3,1.0007415106216802e-16,0.0,0.0018692081629036524,0.010186152267699165,0.015509545933762301,0.11756381417142917,0.01714861275062386,0.1268451025686209,3.171244663115204e-07,1.018524616398528e-06
6,916,228,6,0.2,work,4,1.0007415106216802e-16,0.0,3.162314357237773e-08,7.300048299977715e-08,0.015309819956137317,0.1239419070899914,0.015309847033005919,0.12394195884997984,1.0312223258884996e-07,2.528810910653644e-07
6,917,229,7,0.20833333333333334,work,1,1.942890293094024e-16,0.0,0.005377639079675347,0.031286265746737076,0.014776881852846577,0.12914701439694004,0.01909834348424874,0.15694470958611834,3.5017766610764585e-07,8.063166891615853e-07
6,918,229,7,0.21666666666666667,work,2,1.942890293094024e-16,0.0,0.0035882268603482574,0.020858925779605807,0.014225768438690176,0.1340600159092117,0.017155986387213468,0.1526832787106439,3.3500364836847973e-07,4.4802714521804273e-07
6,919,229,7,0.225,work,3,1.942890293094024e-16,0.0,0.00179566586953466,0.010430260089478574,0.013688969425137823,0.13883116593159792,0.015183208203065748,0.14817756530777182,3.089796101745494e-07,4.140270945265838e-07
6,920,229,7,0.23333333333333334,work,4,1.942890293094024e-16,0.0,7.269043796767278e-09,1.4292691717483762e-07,0.013230321573117305,0.1434956275867226,0.013230322792917103,0.14349549351978771,2.573285070349459e-07,4.4604031881975524e-07
6,921,230,8,0.24166666666666667,work,1,1.2719202621569003e-16,0.0,0.006273909394703117,0.03394997664883365,0.012576946030233285,0.14765336190590442,0.01725699947139548,0.17698665368796385,2.4538416674294024e-07,5.567533282121857e-07
6,922,230,8,0.25,work,2,1.2719202621569003e-16,0.0,0.004184731828268136,0.02262543093372182,0.012123009714773076,0.1508658564182944,0.015393255298549142,0.1705230951626663,2.7722903285468127e-07,5.685920723777704e-07
6,923,230,8,0.2583333333333333,work,3,1.2719202621569003e-16,0.0,0.002093408378355288,0.011308778628636764,0.011857616358025194,0.15363670917461664,0.013567285040653009,0.16350939696105954,3.750817588089376e-07,8.161702118891029e-07
6,924,230,8,0.26666666666666666,work,4,1.2719202621569003e-16,0.0,9.101611155712597e-09,9.424321830774485e-08,0.011791330741439154,0.15562169215562444,0.011791337648905668,0.1556217839136868,4.214490415634281e-07,7.1587634977486e-07
6,925,231,9,0.275,work,1,8.326672684688674e-17,0.0,0.006275715245291122,0.028334016787378888,0.011478699240252018,0.15507870636297652,0.016625653676437594,0.17918211533506923,4.110437037764317e-07,9.897781554112306e-07
6,926,231,9,0.2833333333333333,work,2,8.326672684688674e-17,0.0,0.004182278259450235,0.018867291140277527,0.011420017837288276,0.15413978714433796,0.01500977753837604,0.17021794816800712,3.5389581156362516e-07,8.508028044474307e-07
6,927,231,9,0.2916666666666667,work,3,8.326672684688674e-17,0.0,0.002090407643392227,0.009422620485541761,0.011514597698215771,0.15190437248029137,0.013365820662193233,0.15993560389070735,4.3645524816916587e-07,1.174831589724261e-06
6,928,231,9,0.3,work,4,8.326672684688674e-17,0.0,1.599142644954428e-08,2.9802322387695312e-08,0.011735541069246376,0.14897193540706052,0.011735548241511854,0.14897192919659683,1.2614843371993672e-07,3.769728732309799e-07
6,929,232,10,0.30833333333333335,work,1,1.1443916996305594e-16,0.0,0.0032240267630590075,0.0294150138590008,0.011181590406663382,0.14577173515980163,0.014111625811221978,0.1708461582216797,2.064294661287828e-07,7.725644944200397e-07
6,930,232,10,0.31666666666666665,work,2,1.1443916996305594e-16,0.0,0.0021411867644370777,0.019595289059082546,0.010696500569774009,0.1427082164334268,0.012661829777923201,0.15941009464749195,3.658236251084453e-07,7.300048299977754e-07
6,931,232,10,0.325,work,3,1.1443916996305594e-16,0.0,0.001066630843550375,0.009790092996186347,0.010305297319321689,0.13946199019568856,0.01128441416263422,0.1477979032538917,3.7536496875646434e-07,8.57561503049032e-07
6,932,232,10,0.3333333333333333,work,4,1.1443916996305594e-16,0.0,6.296330227808764e-09,0.0,0.009701891653253528,0.13746117148121842,0.009701887414421632,0.13746117363469249,4.2239167013787863e-07,1.036675401385205e-06
6,933,233,11,0.3416666666666667,work,1,1.0385185452638061e-16,0.0,0.0035371672626750734,0.03309034817086364,0.008390647989781322,0.13445416755492365,0.010346263838825741,0.16293418436932494,3.276675009703088e-07,7.662153322805476e-07
6,934,233,11,0.35,work,2,1.0385185452638061e-16,0.0,0.0023595441439051134,0.022062898645030422,0.007309919233221403,0.13035128807882015,0.008668453985354981,0.14947542518104803,4.361347922795171e-07,1.183868888976663e-06
6,935,233,11,0.35833333333333334,work,3,1.0385185452638061e-16,0.0,0.0011807785612772729,0.011032843130465103,0.00645314451704772,0.12591836883974286,0.007154846664510908,0.13554259014577727,4.6022180243739394e-07,1.4298904580945267e-06
6,936,233,11,0.36666666666666664,work,4,1.0385185452638061e-16,0.0,6.2886884956105264e-09,0.0,0.005839983606471726,0.12135917872152971,0.00583998966930864,0.1213591572398043,4.352408460079886e-07,1.3889289137996767e-06
6,937,234,12,0.375,work,1,1.3877787807814457e-16,0.0,0.0060539592204082344,0.03469953704599099,0.006012199715889582,0.11743268273803234,0.011128089170040873,0.1488998044386625,3.228325871835735e-07,8.616943535090132e-07
6,938,234,12,0.3833333333333333,work,2,1.3877787807814457e-16,0.0,0.004041969201015405,0.023153558091733337,0.006392764475491959,0.11408263532031393,0.009910256006017191,0.13517224744673625,2.3551413440135786e-07,8.616943535090132e-07
6,939,234,12,0.39166666666666666,work,3,1.3877787807814457e-16,0.0,0.0020242644535654474,0.011587194408696936,0.006823566574375376,0.11060956691922966,0.008612552753541815,0.12121106645397695,5.168011018594166e-07,1.224436675558952e-06
6,940,234,12,0.4,work,4,1.3877787807814457e-16,0.0,1.6238824286780244e-08,1.2990531157078367e-07,0.007254995290038102,0.10681173630973806,0.007254980680450323,0.10681163073692035,4.502971328656339e-07,1.0237433932613048e-06
6,941,235,13,0.4083333333333333,work,1,4.163336342344337e-17,0.0,0.0066083058316203,0.035923407078527335,0.007986067542546481,0.10297237365765322,0.014406474839675415,0.1368357763172503,4.916206121480601e-07,1.3082506696968294e-06
6,942,235,13,0.4166666666666667,work,2,4.163336342344337e-17,0.0,0.004409181102296526,0.02397886312652898,0.0087045008071932,0.09932095358231822,0.012976797086752081,0.12205164737472182,3.8734178470906884e-07,9.16633397294869e-07
6,943,235,13,0.425,work,3,4.163336342344337e-17,0.0,0.00220676895899559,0.01200435638540377,0.009385794082064658,0.09566419308584095,0.01151276335278844,0.10710466159497288,2.4230003622832707e-07,4.749708607944627e-07
6,944,235,13,0.43333333333333335,work,4,4.163336342344337e-17,0.0,1.5266336253882724e-08,1.032382731180714e-07,0.010034679332379958,0.09194360622589287,0.010034687276569433,0.09194351595958186,3.1797416231228193e-07,6.336060650786575e-07
6,945,236,14,0.44166666666666665,work,1,1.6883057536160649e-16,0.0,0.005412869886754171,0.03885804324437649,0.010186970229030902,0.08825971753868272,0.01531408660598263,0.12425219206224607,3.194985910768714e-07,5.110033809984414e-07
6,946,236,14,0.45,work,2,1.6883057536160649e-16,0.0,0.0036215036586970976,0.025967019674931906,0.010376284168319245,0.08508588310790459,0.013866095077350055,0.10964578413560072,2.75331305780762e-07,6.690604782296345e-07
6,947,236,14,0.4583333333333333,work,3,1.6883057536160649e-16,0.0,0.0018177343934393274,0.013014365236006027,0.01059706402205054,0.08243365277347575,0.012379508195276983,0.09501367694944729,2.7329892269811285e-07,6.251387883246874e-07
6,948,236,14,0.4666666666666667,work,4,1.6883057536160649e-16,0.0,2.5980014743306076e-08,1.7631291696726137e-07,0.01096977779601536,0.0800746253578536,0.010969787762914575,0.08007469557201433,1.2232412005050946e-07,4.878850443287176e-07
6,949,237,15,0.475,work,1,8.886119947416683e-17,0.0,0.009100633852162176,0.04493989041090012,0.011684791473946299,0.08095235460359577,0.019491582317751457,0.1254679876888208,2.9485879667043056e-07,6.47472172451035e-07
6,950,237,15,0.48333333333333334,work,2,8.886119947416683e-17,0.0,0.006090658731433749,0.03000556362820958,0.013098274874344994,0.08385495597693188,0.01872495244321738,0.11377278051743243,3.152145471025977e-07,8.085167387873309e-07
6,951,237,15,0.49166666666666664,work,3,8.886119947416683e-17,0.0,0.003057082250978567,0.01502540396974051,0.01488677717817802,0.0883191322473826,0.01783963638150802,0.1032866975918088,3.6083692088979857e-07,5.297776709387073e-07
6,952,237,15,0.5,work,4,8.886119947416683e-17,0.0,4.153255723103874e-09,8.429369702178807e-08,0.01681914311064773,0.09373442104988651,0.01681914559311145,0.09373441370775416,2.737843591240343e-07,6.657334537413353e-07
6,953,238,16,0.5083333333333333,work,1,1.760893866893587e-16,0.0,0.01464568197640265,0.041762892938967365,0.020409514124334154,0.0996424139285821,0.034714396459728535,0.14103283068074182,3.975490186698901e-07,8.990230041145374e-07
6,954,238,16,0.5166666666666666,work,2,1.760893866893587e-16,0.0,0.009760046214673227,0.027820572740615772,0.0243766544937986,0.10669122175414368,0.03406511826454591,0.13405473413079558,1.2825645559512907e-07,5.997601687162573e-07
6,955,238,16,0.525,work,3,1.760893866893587e-16,0.0,0.004877993816068323,0.01389954125981379,0.028534418904774272,0.1150784369596132,0.033395925371901274,0.12857939108175015,3.294707920128646e-07,8.523672608181953e-07
6,956,238,16,0.5333333333333333,work,4,1.760893866893587e-16,0.0,2.799508103686811e-08,7.300048299977715e-08,0.03270616516048988,0.12406860071183562,0.03270614609481254,0.12406854312102943,3.7159510581779877e-07,5.057621821307297e-07
6,957,239,17,0.5416666666666666,work,1,9.614813431917819e-17,0.0,0.014436380432376434,0.026843047834352228,0.03681732934522017,0.1289546676013162,0.051201113756459846,0.15447702012438524,3.0893113758653077e-07,3.7579298653955785e-07
6,958,239,17,0.55,work,2,9.614813431917819e-17,0.0,0.009607215642561803,0.017856889538397418,0.04068707382006182,0.1339418729473065,0.050202622075241204,0.15081515199328827,3.3674407607795567e-07,6.989264130329271e-07
6,959,239,17,0.5583333333333333,work,3,9.614813431917819e-17,0.0,0.004795023495608467,0.0089092729540124,0.04413413206332291,0.13846632373790593,0.0488448094761091,0.1468199631105145,2.8629281625238427e-07,6.447228089804658e-07
6,960,239,17,0.5666666666666667,work,4,9.614813431917819e-17,0.0,2.034186539685402e-08,1.1151007970493858e-07,0.04703372716535972,0.1420933677467303,0.04703373607746081,0.14209334981953803,3.5700601241744884e-07,9.029661063875702e-07
6,961,240,18,0.575,work,1,1.3597399555105182e-16,0.0,0.013461651668145646,0.019620039121554377,0.04908761193225339,0.14059293285624921,0.06208432716534008,0.15313967833461295,1.950522298964273e-07,8.018984822674871e-07
6,962,240,18,0.5833333333333334,work,2,1.3597399555105182e-16,0.0,0.008951766912363643,0.013085056810492034,0.050528475061440516,0.1383026804092502,0.05911112647795693,0.14680093977714928,1.8116096603511664e-07,6.21576714951226e-07
6,963,240,18,0.5916666666666667,work,3,1.3597399555105182e-16,0.0,0.004464480399920385,0.006545093864112503,0.05136600009618363,0.13513001635803082,0.055618145388151664,0.1394247664765693,3.0187290543640566e-07,6.265579474457718e-07
6,964,240,18,0.6,work,4,1.3597399555105182e-16,0.0,5.873473661174321e-09,1.3328003749250115e-07,0.05163017504607191,0.13109802550606195,0.05163017840592899,0.13109800296688295,3.7201361983374163e-07,8.253683104590372e-07
6,965,241,19,0.6083333333333333,work,1,1.942890293094024e-16,0.0,0.012042439096079268,0.021347387216971273,0.05105859543810618,0.12331238611198836,0.0625699840933008,0.12911689759845585,3.5832378271268193e-07,6.419616707723769e-07
6,966,241,19,0.6166666666666667,work,2,1.942890293094024e-16,0.0,0.008014486005213737,0.01426422990743011,0.05008088667656549,0.11511760224867869,0.05772583030615468,0.1192607546716183,3.7936580560002355e-07,8.161702118891029e-07
6,967,241,19,0.625,work,3,1.942890293094024e-16,0.0,0.00400028416771104,0.007148456588050508,0.04875612766139572,0.10664977128977074,0.05256344652415454,0.10884029608413892,5.398490906338638e-07,8.018984822674871e-07
6,968,241,19,0.6333333333333333,work,4,1.942890293094024e-16,0.0,1.944328699891394e-08,8.429369702178807e-08,0.04715218488569568,0.0980587521957918,0.047152170849882366,0.09805877467495268,2.9787356270969975e-07,6.21576714951226e-07
6,969,242,20,0.6416666666666666,work,1,2.618455766672135e-16,0.0,0.009682304227752396,0.0211206626933335,0.04462852800444771,0.08767639211514025,0.05383102304410401,0.09259158166266682,2.68331768242664e-07,3.976125736274229e-07
6,970,242,20,0.65,work,2,2.618455766672135e-16,0.0,0.006453459157136906,0.014097208971617986,0.04204614592822693,0.07749962072214409,0.048192815058943274,0.08119133600048406,2.879290970526306e-07,3.976125736274229e-07
6,971,242,20,0.6583333333333333,work,3,2.618455766672135e-16,0.0,0.0032260924951702146,0.007057122445201883,0.0394743449799361,0.0678537476176738,0.04255184219272269,0.06991221824312027,1.6711783994960096e-07,3.2098083538618743e-07
6,972,242,20,0.6666666666666666,work,4,2.618455766672135e-16,0.0,3.6162063387013946e-08,1.032382731180714e-07,0.03697878319233476,0.059015907469268075,0.0369787635169818,0.05901582520168746,2.7296280037956777e-07,5.885487096944919e-07
6,973,243,21,0.675,work,1,1.798766884999431e-16,0.0,0.008745607299675957,0.020957836317339152,0.03433938206867915,0.05150238682499389,0.04283029680344919,0.06399851985238335,2.965746267041882e-07,3.99840112477504e-07
6,974,243,21,0.6833333333333333,work,2,1.798766884999431e-16,0.0,0.005834822922022343,0.013978770758018705,0.03190154556928769,0.04510740243704887,0.03757786939118408,0.05407069807525788,2.0268487993045037e-07,6.187122908838623e-07
6,975,243,21,0.6916666666666667,work,3,1.798766884999431e-16,0.0,0.0029196687931822237,0.006993072984650153,0.029698834295727755,0.04020583827400668,0.03254224535378318,0.04498289222222575,2.3338016638599168e-07,6.078504936209683e-07
6,976,243,21,0.7,work,4,1.798766884999431e-16,0.0,3.978820755654849e-08,2.1073424255447025e-07,0.02775654611908297,0.037034760773333564,0.02775658080321667,0.037034825347128354,3.186286461712296e-07,7.001960351747746e-07
6,977,244,22,0.7083333333333334,work,1,1.415262216750919e-16,0.0,0.009254408624396821,0.015912229531130157,0.02623874275129683,0.035028425618500204,0.0353285004379985,0.04951654663269941,4.4354122481749024e-07,9.95593851118698e-07
6,978,244,22,0.7166666666666667,work,2,1.415262216750919e-16,0.0,0.006172997470160146,0.010624197412494898,0.024979110394979832,0.034234985158511234,0.031033042371861445,0.04356611317552721,3.489115908717104e-07,8.333999785250225e-07
6,979,244,22,0.725,work,3,1.415262216750919e-16,0.0,0.0030881248148772727,0.005320183678990417,0.023970909772723283,0.03446846945832762,0.02699182445109181,0.03885573176298798,2.54409301904486e-07,6.995615121308305e-07
6,980,244,22,0.7333333333333333,work,4,1.415262216750919e-16,0.0,1.0906679973610992e-08,0.0,0.023200716750723785,0.03544963136140176,0.023200722964328128,0.03544961920324041,3.3352257593741486e-07,1.0297985400659554e-06
6,981,245,23,0.7416666666666667,work,1,6.206335383118183e-17,0.0,0.008786678992317758,0.013230989172884608,0.022500462119484053,0.03617909667486255,0.03113006524326881,0.046176481265106616,2.7596705439786806e-07,4.842304232499588e-07
6,982,245,23,0.75,work,2,6.206335383118183e-17,0.0,0.0058611395795485285,0.008840321612581786,0.022000903543614402,0.03726822856094469,0.027735886464628684,0.04332470791169302,2.7451045754806976e-07,5.347835554160599e-07
6,983,245,23,0.7583333333333333,work,3,6.206335383118183e-17,0.0,0.0029322342200101027,0.004430003531369272,0.021682336596876413,0.0385633749813088,0.02453814675752502,0.04127976836037049,4.4437126194356243e-07,9.381816529451214e-07
6,984,245,23,0.7666666666666666,work,4,6.206335383118183e-17,0.0,3.031614382934802e-08,1.0745380149674385e-07,0.021524025845226502,0.03995683918031151,0.02152405272871608,0.03995677936136354,4.3242803889107124e-07,7.592284204278632e-07
6,985,246,24,0.775,work,1,7.850462293418876e-17,0.0,0.008767309558279479,0.01568368188668264,0.021479880887633813,0.041399224702118494,0.030004032577425517,0.05077811630826294,5.290423336031763e-07,1.1909747840576399e-06
6,986,246,24,0.7833333333333333,work,2,7.850462293418876e-17,0.0,0.0058503769519635445,0.010478368927703404,0.02155175207746968,0.04290452644580031,0.02721419711338095,0.04873621561146001,4.6864414964806343e-07,1.0009321942178513e-06
6,987,246,24,0.7916666666666666,work,3,7.850462293418876e-17,0.0,0.002927933718350237,0.005250583858149213,0.021709392208062755,0.04443286618996637,0.024527740676878476,0.04712931826141944,2.2049949270386546e-07,6.542950391799285e-07
6,988,246,24,0.8,work,4,7.850462293418876e-17,0.0,3.170428495046648e-08,0.0,0.021924924178292705,0.045973801438967864,0.02192495327513741,0.04597377848260482,1.3360741267479324e-07,6.194296387084308e-07
6,989,247,25,0.8083333333333333,work,1,1.1775693440128312e-16,0.0,0.008976440722287671,0.01987155707608173,0.022199331044905218,0.047329324002904044,0.03082870357843606,0.058007421655673075,2.737440955010731e-07,8.280541890531721e-07
6,990,247,25,0.8166666666666667,work,2,1.1775693440128312e-16,0.0,0.005994625586844529,0.013273398813355233,0.022489666050408672,0.048928839390102785,0.028226286040774984,0.055739583284206855,2.963402123805424e-07,8.754987014274895e-07
6,991,247,25,0.825,work,3,1.1775693440128312e-16,0.0,0.0030025687552846687,0.006649881378513128,0.022770374556330523,0.05070604509523904,0.02562748160672858,0.05390706553707348,3.8629859262691326e-07,9.647854600095035e-07
6,992,247,25,0.8333333333333334,work,4,1.1775693440128312e-16,0.0,3.12315386647362e-08,1.4600096599955432e-07,0.02302492836495609,0.05262136534000315,0.023024956785073148,0.05262129973868454,3.3422344459660854e-07,9.429032814238382e-07
6,993,248,26,0.8416666666666667,work,1,1.2412670766236366e-16,0.0,0.009687228632854265,0.02424614069408753,0.02339831562522295,0.05486404007244719,0.03261845308550598,0.06898559092564138,2.278562792286192e-07,8.232132981379766e-07
6,994,248,26,0.85,work,2,1.2412670766236366e-16,0.0,0.006475593871418679,0.016221982486266318,0.02373860666190328,0.057643302351951545,0.029877821592740064,0.06664089073930093,4.5401235368272485e-07,9.915712332495627e-07
6,995,248,26,0.8583333333333333,work,3,1.2412670766236366e-16,0.0,0.0032468452364672155,0.008140987560959101,0.024062322342983323,0.06075362771914683,0.027124517141028363,0.06493127852016814,2.887774886331004e-07,7.24509106942611e-07
6,996,248,26,0.8666666666666667,work,4,1.2412670766236366e-16,0.0,7.239282361743957e-09,2.9802322387695312e-08,0.024323653440152394,0.06405388331756981,0.024323647852618983,0.06405385992947624,1.5476662059392748e-07,6.802506572314132e-07
6,997,249,27,0.875,work,1,5.551115123125783e-17,0.0,0.010080356972258009,0.029015438504177486,0.024570167483457958,0.06810366359803238,0.03420800416079453,0.08630590877811224,2.572081090661027e-07,2.3084779657169695e-07
6,998,249,27,0.8833333333333333,work,2,5.551115123125783e-17,0.0,0.006751600619163628,0.019424816983158285,0.02475489984738561,0.07248612510295854,0.031181163315751315,0.08392284414685923,1.8433559519808776e-07,5.885487096944919e-07
6,999,249,27,0.8916666666666666,work,3,5.551115123125783e-17,0.0,0.0033921111221662486,0.00975460413604202,0.024875523254163485,0.07711570713703621,0.02808537922260145,0.0824005048337358,2.3477600915409138e-07,2.965293637235823e-07
6,1000,249,27,0.9,work,4,5.551115123125783e-17,0.0,1.1739190660268874e-08,0.0,0.024939033222224283,0.0819220169704259,0.024939040595122083,0.08192202244694019,2.992766875221685e-07,4.214684851089411e-07
6,1001,250,28,0.9083333333333333,work,1,5.551115123125783e-17,0.0,0.010011621013300281,0.02811239994111701,0.024795026654411283,0.0859376808460923,0.03440369551123335,0.1011064695198847,9.95382519845826e-08,7.146345858741917e-07
6,1002,250,28,0.9166666666666666,work,2,5.551115123125783e-17,0.0,0.006714719337321868,0.018822226798653616,0.02461344044876966,0.09016769172520911,0.031025067193580554,0.09930679308147307,1.3619320623406343e-07,4.490172616636573e-07
6,1003,250,28,0.9249999999999999,work,3,5.551115123125783e-17,0.0,0.003378204936677546,0.009453491801276631,0.024411126036987075,0.09454230151293411,0.027616203121300687,0.09858231057727586,2.0624724997204234e-07,4.712160915387253e-07
6,1004,250,28,0.9333333333333333,work,4,5.551115123125783e-17,0.0,3.756127555635703e-08,6.664001874625056e-08,0.02420622388288431,0.09901415076078252,0.024206189001025682,0.09901415828882404,1.7491672817482431e-07,6.307962682401184e-07
6,1005,251,29,0.9416666666666667,work,1,1.2412670766236366e-16,0.0,0.009510625275744308,0.02493352650412429,0.02364792727436699,0.10302361508570243,0.03268893027887535,0.11385727648147227,8.654036394731671e-08,7.251217997429673e-07
6,1006,251,29,0.95,work,2,1.2412670766236366e-16,0.0,0.006384083199111449,0.016685033425637333,0.023139483280593672,0.10729987322353744,0.02918230537868282,0.11355571674870707,1.1271812168170766e-07,4.897021271334596e-07
6,1007,251,29,0.9583333333333334,work,3,1.2412670766236366e-16,0.0,0.0032145547498466593,0.008376786726341973,0.0227019435527891,0.11172463170315218,0.025726585432233162,0.11436096679155688,1.203545459858984e-07,3.2236140449023185e-07
6,1008,251,29,0.9666666666666667,work,4,1.2412670766236366e-16,0.0,7.432990142540675e-09,4.2146848510894035e-08,0.022352967992719474,0.11621790089406388,0.02235297305858856,0.11621792616265432,1.2207202417923965e-07,2.563692708922217e-07
6,1009,252,30,0.975,work,1,1.1188630228279524e-16,0.0,0.008747993057260954,0.02123458645329276,0.021662555320716526,0.12053711227058868,0.029943406233226163,0.12740284306883012,2.0033312332983142e-07,1.954268969387413e-07
6,1010,252,30,0.9833333333333333,work,2,1.1188630228279524e-16,0.0,0.005873458599360218,0.014200344188341301,0.021098581138948632,0.12504518836501108,0.026631084199176414,0.12883141416899838,1.522595433164973e-07,2.7637536810325715e-07
6,1011,252,30,0.9916666666666667,work,3,1.1188630228279524e-16,0.0,0.002958107659754419,0.007125357239405639,0.020673692892661435,0.12960315177957488,0.023441598677633457,0.13111294665690063,3.5467998409819176e-07,3.08277619862217e-07
6,1012,252,30,1.0,work,4,1.1188630228279524e-16,0.0,5.4495517577915534e-08,1.1920928955078128e-07,0.020396686565463076,0.13413391332175054,0.0203967394730634,0.1341339295568413,1.675000210240246e-07,4.4404460268471747e-07
6,1013,253,31,1.0083333333333333,work,1,1.2719202621569003e-16,0.0,0.007823705096870014,0.017554052588729448,0.0198283808310311,0.13856991108171493,0.02724342710842083,0.14242527897096202,2.327732230298905e-07,5.092623081992598e-07
6,1014,253,31,1.0166666666666666,work,2,1.2719202621569003e-16,0.0,0.0052507313625019675,0.01173771388999972,0.019412928177986538,0.1430690781725072,0.024357322481418184,0.14508069067326476,1.954438575381291e-07,4.6838026182358703e-07
6,1015,253,31,1.025,work,3,1.2719202621569003e-16,0.0,0.002643329994373815,0.005889079869363392,0.019155800995600106,0.14751665583261517,0.021625660384880434,0.14825881438210506,1.500594562138566e-07,5.527507362065157e-07
6,1016,253,31,1.0333333333333332,work,4,1.2719202621569003e-16,0.0,2.104861300494221e-08,5.960464477539063e-08,0.019055343857316286,0.15186400785683313,0.019055323609366036,0.1518640487679767,1.6623580008168476e-07,7.127678837240613e-07
6,1017,254,32,1.0416666666666667,work,1,1.2719202621569003e-16,0.0,0.007144470427337338,0.013704221509609198,0.018788234581823337,0.1558102794898223,0.025579613332878944,0.15672449010415634,1.0490829754180517e-07,4.70272715033875e-07
6,1018,254,32,1.05,work,2,1.2719202621569003e-16,0.0,0.004787201346516005,0.009159709461606939,0.018651074419775593,0.1597993021753706,0.023173755040894056,0.16006445979414788,9.804161590595226e-08,1.9992005623875177e-07
6,1019,254,32,1.0583333333333333,work,3,1.2719202621569003e-16,0.0,0.002406065342364939,0.0045937293597668434,0.018638462871167064,0.1637381114375407,0.020896552880078807,0.16370955563919862,1.7853518465658572e-07,2.6488883546935307e-07
6,1020,254,32,1.0666666666666667,work,4,1.2719202621569003e-16,0.0,2.2383131248195756e-08,7.884953353001448e-08,0.01874180287194471,0.16759375012317262,0.01874182452465991,0.16759378937002142,1.661046020155121e-07,5.855227322694233e-07
6,1021,255,33,1.075,work,1,1.8875832159447664e-16,2.9802322387695312e-08,0.006500537400556403,0.01047195469479889,0.018669836982536638,0.17095109918738166,0.024859699379059432,0.16954778961806818,2.8309388266741697e-08,2.0647654623614288e-07
6,1022,255,33,1.0833333333333333,work,2,1.8875832159447664e-16,2.9802322387695312e-08,0.004346473791158211,0.006985935755980024,0.018674113617784406,0.17428900894884478,0.022796423442678473,0.17316754236861026,1.447774848575322e-07,3.1256939416234273e-07
6,1023,255,33,1.0916666666666666,work,3,1.8875832159447664e-16,2.9802322387695312e-08,0.0021798476424986575,0.0034968353212287513,0.018751289191013286,0.1775597361545245,0.020810834090814953,0.17691302004014067,8.416879370129562e-08,3.345302391148161e-07
6,1024,255,33,1.1,work,4,1.8875832159447664e-16,2.9802322387695312e-08,1.4545749486570224e-08,4.2146848510894035e-08,0.01889529525589816,0.18074223558054925,0.018895308785201147,0.18074219102173594,2.408127845027449e-07,3.9537248496477665e-07
6,1025,256,34,1.1083333333333334,work,1,1.3092278833360675e-16,0.0,0.005871328255278443,0.007992666386282432,0.018857736768856315,0.18342649565971425,0.024488367298672528,0.18061229642213925,2.4414712000971214e-07,1.0745380149674385e-07
6,1026,256,34,1.1166666666666667,work,2,1.3092278833360675e-16,0.0,0.003917857851473874,0.005325217562315962,0.018861790350906873,0.18599293274181042,0.022613088071779672,0.18404024792553267,7.674047918063894e-08,3.2917740992269735e-07
6,1027,256,34,1.125,work,3,1.3092278833360675e-16,0.0,0.0019608853072641454,0.0026620071415188844,0.018909237752857938,0.1884051563350299,0.02078434887760178,0.18739435499409302,1.210735314716177e-07,6.893297139537593e-07
6,1028,256,34,1.1333333333333333,work,4,1.3092278833360675e-16,0.0,7.065010807037966e-09,0.0,0.018999368006461462,0.19066387839347276,0.018999374501852434,0.1906638745451253,8.781906951170058e-08,6.556510925292998e-07
6,1029,257,35,1.1416666666666666,work,1,1.2719202621569003e-16,0.0,0.005146812360792177,0.005511186798313316,0.018873914041395812,0.19257800686717053,0.02384196419093469,0.18958430261076578,2.444605044715043e-08,1.6858739404357617e-07
6,1030,257,35,1.15,work,2,1.2719202621569003e-16,0.0,0.0034294258666763035,0.00365822762600861,0.018779805962207716,0.19417924910438314,0.02208998638779486,0.19217769037205792,5.43233087883913e-08,3.897159347123516e-07
6,1031,257,35,1.1583333333333332,work,3,1.2719202621569003e-16,0.0,0.0017139244823091838,0.0018216924734611277,0.018723760051335234,0.19548881618142974,0.02037837869408373,0.19448604893520094,3.2288306934521543e-07,6.336060650786575e-07
6,1032,257,35,1.1666666666666667,work,4,1.2719202621569003e-16,0.0,2.459926139497089e-08,4.2146848510894035e-08,0.01870891613682326,0.1965301723059852,0.018708940369926125,0.1965301519530283,3.0923739807335545e-07,4.878850443287176e-07
6,1033,258,36,1.175,work,1,1.594436429147036e-16,0.0,0.00444861402815782,0.0037694839101324318,0.018491658033232765,0.19719517506052298,0.022790371428447587,0.1945706526006465,8.501343014361878e-08,5.397430144630339e-07
6,1034,258,36,1.1833333333333333,work,2,1.594436429147036e-16,0.0,0.0029633024213611106,0.002486658193518693,0.01832234637648373,0.19742003326876195,0.021188885449182567,0.19569334578989186,2.9548635807809356e-07,3.6621706865562575e-07
6,1035,258,36,1.1916666666666667,work,3,1.594436429147036e-16,0.0,0.0014804327518224561,0.0012302828557966307,0.01820970531858483,0.19724834024886942,0.01964331897243608,0.19639568095355112,2.1072464150953455e-07,4.823927300047483e-07
6,1036,258,36,1.2,work,4,1.594436429147036e-16,0.0,2.031915954034439e-08,5.960464477539063e-08,0.018153586581849422,0.19672926413225073,0.018153606896405702,0.19672930912528136,1.4851937579149656e-07,4.086288571596775e-07
6,1037,259,37,1.2083333333333333,work,1,8.168631416903197e-15,0.0,0.003987153407991315,0.004372458103954652,0.01799214551278742,0.1957051298834811,0.02186283990015557,0.19326778545276535,6.11799225215514e-08,1.6858739404357617e-07
6,1038,259,37,1.2166666666666666,work,2,8.168631416903197e-15,0.0,0.002656323548648516,0.002894515417734526,0.017889933581722164,0.194217040886211,0.020472460635047474,0.19262450445796778,9.176604029253882e-08,5.470979139413201e-07
6,1039,259,37,1.225,work,3,8.168631416903197e-15,0.0,0.001327265793425361,0.0014369958295993527,0.01784804607269886,0.19232774176919662,0.01913998068673378,0.19154587821451846,2.1345083564111453e-07,4.172325134277351e-07
6,1040,259,37,1.2333333333333334,work,4,8.168631416903197e-15,0.0,2.2250402940730445e-08,5.960464477539063e-08,0.017860956701313765,0.19009901984475785,0.017860935066535154,0.19009898058227323,1.964961328151121e-07,6.350063011843742e-07
7,1041,260,1,0.008333333333333333,startup,1,5.551115123125783e-17,0.0,0.009201624882532454,0.029663209266061762,0.002783713306874103,0.00869273051414625,0.01197456846351984,0.03835122608635228,2.8005007301527187e-07,9.45255251357189e-07
7,1042,260,1,0.016666666666666666,startup,2,5.551115123125783e-17,0.0,0.006134274444429991,0.019717206622678708,0.0051025962281119825,0.015863063259450284,0.011186287723958238,0.03557198206018577,2.5344261349454863e-07,1.1710454645388591e-06
7,1043,260,1,0.025,startup,3,5.551115123125783e-17,0.0,0.0030670275271477546,0.009829318561703089,0.007025134833726139,0.02178282070703701,0.01001059681093907,0.03159607527342667,2.629568768493003e-07,8.544487468499875e-07
7,1044,260,1,0.03333333333333333,startup,4,5.551115123125783e-17,0.0,2.059628573637437e-08,0.0,0.008618624373981313,0.02674771195196655,0.008618621047329593,0.026747743771031965,1.845953555332153e-07,7.039911634336578e-07
7,1045,261,2,0.041666666666666664,work,1,1.2412670766236366e-16,0.0,0.005828638513009727,0.020646074133397797,0.00918325230667293,0.028176154638548306,0.014878995043026472,0.04848532785847364,2.1031249501588584e-07,5.092623081992598e-07
7,1046,261,2,0.05,work,2,1.2412670766236366e-16,0.0,0.0038837211277735584,0.013733837431653637,0.009942399731551952,0.029509450375317946,0.01358563689281876,0.04297305086067557,1.9715347646166369e-07,7.725644944200397e-07
7,1047,261,2,0.058333333333333334,work,3,1.2412670766236366e-16,0.0,0.0019408385813438139,0.006851788782302957,0.010904237113696447,0.030916229486016206,0.012583884022836183,0.03755263213094502,3.0033674787391275e-07,6.293866658789802e-07
7,1048,261,2,0.06666666666666667,work,4,1.2412670766236366e-16,0.0,1.6964443298929565e-08,5.960464477539063e-08,0.01201267209167057,0.03254398219802388,0.012012660437297139,0.032544025569575176,2.980045710785879e-07,7.952251472548497e-07
7,1049,262,3,0.075,work,1,1.415262216750919e-16,0.0,0.006045116877363711,0.0221574202686013,0.013486601692085686,0.03497811326384145,0.01872128257146898,0.056171349674055744,3.459089139151006e-07,6.677316576960141e-07
7,1050,262,3,0.08333333333333333,work,2,1.415262216750919e-16,0.0,0.004028955246018965,0.014733675781900496,0.014979955405057456,0.03776337505516432,0.018204038339334868,0.051587997786946754,3.1113898022118394e-07,1.1026859283447405e-06
7,1051,262,3,0.09166666666666666,work,3,1.415262216750919e-16,0.0,0.002013938445825578,0.00734791659525009,0.016398418590613695,0.04085697819751006,0.01787324127785057,0.047587225008760295,2.0976273334616792e-07,6.151130032703392e-07
7,1052,262,3,0.1,work,4,1.415262216750919e-16,0.0,1.5552378453567248e-08,1.1151007970493858e-07,0.017678285974728047,0.044222718324474504,0.017678294273668335,0.044222764198800106,2.2341511405795726e-07,1.5485740967710712e-07
7,1053,263,4,0.10833333333333334,work,1,2.435541875787129e-16,0.0,0.005994721752246858,0.025100950921615718,0.018853834325983237,0.04779786036409216,0.02337998190960866,0.06933026738061487,2.5124044951912855e-07,7.918673906079834e-07
7,1054,263,4,0.11666666666666667,work,2,2.435541875787129e-16,0.0,0.003999112882093612,0.01669927036724017,0.019202774364841028,0.052438972843445744,0.022184454404728098,0.06681616457232904,1.9038825723386813e-07,4.490172616636573e-07
7,1055,263,4,0.125,work,3,2.435541875787129e-16,0.0,0.0020008625948487384,0.008332583122201347,0.01936555189086133,0.05777494796263312,0.020852134949255672,0.0651108973381877,2.0999737525534135e-07,4.897021271334596e-07
7,1056,263,4,0.13333333333333333,work,4,2.435541875787129e-16,0.0,8.55938056744292e-09,2.9802322387695312e-08,0.01914105736368542,0.06367214672571724,0.019141051383860262,0.0636721389067784,2.716908559147044e-07,7.360630652444684e-07
7,1057,264,5,0.14166666666666666,work,1,7.850462293418876e-17,0.0,0.005806247660292252,0.028698295545024316,0.018790582074207113,0.0698346508135244,0.02351133667714384,0.09482133599592867,2.1073262541947038e-07,6.027146701859462e-07
7,1058,264,5,0.15,work,2,7.850462293418876e-17,0.0,0.0038752255236484327,0.019115752629351158,0.018492566657728075,0.07670041308662945,0.021638253648660122,0.09380482021113157,2.9075427035173764e-07,8.616943535090132e-07
7,1059,264,5,0.15833333333333333,work,3,7.850462293418876e-17,0.0,0.0019398023996883126,0.009549650992057408,0.01803926116351327,0.08414920243370276,0.019620057342499095,0.09280092996870855,1.6757608345152118e-07,4.075406292431762e-07
7,1060,264,5,0.16666666666666666,work,4,7.850462293418876e-17,0.0,1.1960992070606997e-08,1.0745380149674385e-07,0.017436759276204392,0.09140776990206156,0.017436752738802005,0.09140769142531388,2.638087612561162e-07,6.657334537413353e-07
7,1061,265,6,0.175,work,1,1.3597399555105182e-16,0.0,0.005711120216270312,0.031327494659199706,0.016938559613124734,0.09845635967996956,0.021799854452277504,0.12570896056691383,1.768119046212327e-07,1.976862424823881e-07
7,1062,265,6,0.18333333333333332,work,2,1.3597399555105182e-16,0.0,0.0038118683608769272,0.020884446337194485,0.01657003308014166,0.10535822169706249,0.019797694699070528,0.12384256969838385,2.7383855873184883e-07,2.4211521162497896e-07
7,1063,265,6,0.19166666666666665,work,3,1.3597399555105182e-16,0.0,0.0019081693083374774,0.01044188066382009,0.01627118693280904,0.11179485176940165,0.017877251645989196,0.1211484461887091,3.8793527920235415e-07,6.136673772923374e-07
7,1064,265,6,0.2,work,4,1.3597399555105182e-16,0.0,1.0347162386425879e-08,0.0,0.015707554304954015,0.11732626994581218,0.01570755944783849,0.11732625569514733,2.073853612129996e-07,4.906081447945347e-07
7,1065,266,7,0.20833333333333334,work,1,2.618455766672135e-16,0.0,0.005437955003508384,0.032414299068378366,0.015083930456272324,0.12326402244800866,0.019734496437700165,0.1510690816378428,4.254589703668128e-07,1.1383550914993607e-06
7,1066,266,7,0.21666666666666667,work,2,2.618455766672135e-16,0.0,0.0036285635118884717,0.02161166025096248,0.014623365302508427,0.12923461049611548,0.017795077726733638,0.14801287855674602,3.507334175366144e-07,1.0280721372759659e-06
7,1067,266,7,0.225,work,3,2.618455766672135e-16,0.0,0.0018159188449062167,0.01080667634345695,0.014305076438646418,0.13479922672879982,0.015903898754845852,0.14428971469463958,5.865143891067873e-07,1.424912582383415e-06
7,1068,266,7,0.23333333333333334,work,4,2.618455766672135e-16,0.0,1.497233524105834e-08,2.9802322387695312e-08,0.01411002904885515,0.13957847323022193,0.014110038989535627,0.1395784566377195,3.4827724615715585e-07,3.7932163659804686e-07
7,1069,267,8,0.24166666666666667,work,1,8.777083671441753e-17,0.0,0.005782604314405082,0.03138434665758521,0.013697326382928742,0.1430118016066219,0.018171943926184323,0.17064921435536162,3.646192088951902e-07,6.063875540904964e-07
7,1070,267,8,0.25,work,2,8.777083671441753e-17,0.0,0.0038585299286178873,0.020921763099421578,0.013442240782062305,0.14604145186917517,0.01650582392057853,0.16458071218304415,3.688349044142708e-07,6.623897186187795e-07
7,1071,267,8,0.2583333333333333,work,3,8.777083671441753e-17,0.0,0.0019309915967997112,0.010460301606904622,0.013178345001421924,0.14844246446549972,0.01473336618933812,0.15773789895345589,2.2011149685782307e-07,7.74860382080083e-07
7,1072,267,8,0.26666666666666666,work,4,8.777083671441753e-17,0.0,1.3935679020117795e-08,1.1920928955078128e-07,0.01294773304970888,0.15002588553603144,0.012947728267158322,0.15002599224953111,3.448484082282903e-07,9.620197052698809e-07
7,1073,268,9,0.275,work,1,1.1443916996305594e-16,0.0,0.0062212612111787685,0.029916660715208907,0.012479109181114398,0.15051490621956998,0.017186898871084547,0.17699687120318056,3.2668861999967066e-07,8.513246093443517e-07
7,1074,268,9,0.2833333333333333,work,2,1.1443916996305594e-16,0.0,0.004150115369599086,0.01993618201065267,0.01225050662382742,0.1510440824963513,0.015572943641477835,0.16868434389891254,2.793360252863719e-07,6.122183377794688e-07
7,1075,268,9,0.2916666666666667,work,3,1.1443916996305594e-16,0.0,0.0020763329002305834,0.009963999650181153,0.012186216490229666,0.15101224057284537,0.013924990041801841,0.15981624896834976,2.773885928980336e-07,5.101335873789709e-07
7,1076,268,9,0.3,work,4,1.1443916996305594e-16,0.0,2.3790372859069665e-08,1.3978528260658475e-07,0.012264877398784436,0.15081926968525186,0.012264867991334635,0.15081913519654797,3.6522245164306766e-07,7.638934622988924e-07
7,1077,269,10,0.30833333333333335,work,1,1.0007415106216802e-16,0.0,0.0042469803796681095,0.028986446256929112,0.011764439928519905,0.14891354728683126,0.015412003388682686,0.1737524277168551,4.267107467576297e-07,9.693775157505723e-07
7,1078,269,10,0.31666666666666665,work,2,1.0007415106216802e-16,0.0,0.0028282199879081657,0.019312178190893564,0.011424507149095717,0.1467190464865512,0.013917305381745312,0.1632213829073443,3.711693125754511e-07,7.108962799237147e-07
7,1079,269,10,0.325,work,3,1.0007415106216802e-16,0.0,0.0014125803033121368,0.009650040422350578,0.011219246150876544,0.14403669448053422,0.012486891762060836,0.15224899794105767,3.698669656530614e-07,7.98568785606286e-07
7,1080,269,10,0.3333333333333333,work,4,1.0007415106216802e-16,0.0,6.014134379105685e-09,0.0,0.01116827955531236,0.1411775397218406,0.011168283671549848,0.1411775472323834,3.618778032313752e-07,3.4240261593687747e-07
7,1081,270,11,0.3416666666666667,work,1,1.1527756336890508e-16,0.0,0.0022605859477985287,0.03346588785543053,0.010358017758170112,0.13807337611533888,0.011724443572898112,0.1645891188440117,2.881550521570424e-07,3.99840112477504e-07
7,1082,270,11,0.35,work,2,1.1527756336890508e-16,0.0,0.0015056830663322351,0.022305310498338924,0.009667995667688173,0.13600808942760556,0.010653029045032856,0.1537472779634138,7.18005709288271e-08,3.4498682328433513e-07
7,1083,270,11,0.35833333333333334,work,3,1.1527756336890508e-16,0.0,0.0007524082671720273,0.011149998011303185,0.008619676360421278,0.1336816110755331,0.0091318926689559,0.14263271728638738,1.6258096152219368e-07,4.539354506649926e-07
7,1084,270,11,0.36666666666666664,work,4,1.1527756336890508e-16,0.0,1.1685389956616032e-08,1.032382731180714e-07,0.007573610600624538,0.12968922905453473,0.007573613172628833,0.1296893303751852,2.932000209825902e-07,6.570043469979972e-07
7,1085,271,12,0.375,work,1,1.2177709378935645e-16,0.0,0.005207428490015548,0.03597591203622284,0.0071682264383502265,0.12540225229008983,0.011204575231921325,0.15551972744924888,3.0507829409482786e-07,4.897021271334596e-07
7,1086,271,12,0.3833333333333333,work,2,1.2177709378935645e-16,0.0,0.003479115169462827,0.023996828115480758,0.0070571845554186574,0.1210676290034485,0.00987168637484708,0.14130483646897787,4.5858240384825644e-07,1.2105760581249125e-06
7,1087,271,12,0.39166666666666666,work,3,1.2177709378935645e-16,0.0,0.001743523875718672,0.012004790769964514,0.007171088109994586,0.11694174151976518,0.008615293910212669,0.12712355559836422,4.6145493812408547e-07,1.0460572704544332e-06
7,1088,271,12,0.4,work,4,1.2177709378935645e-16,0.0,3.099631419826644e-08,1.032382731180714e-07,0.007356574320388486,0.11303293167100971,0.007356565171110537,0.11303290526614534,1.9038729173480068e-07,6.237164001600872e-07
7,1089,272,13,0.4083333333333333,work,1,8.886119947416683e-17,0.0,0.00653198439790709,0.033824836057906336,0.008017495524364409,0.10827773649399683,0.01420584912621165,0.13803200639403973,3.318351173621689e-07,7.725644944200397e-07
7,1090,272,13,0.4166666666666667,work,2,8.886119947416683e-17,0.0,0.004360244719436129,0.02257935848256597,0.0086508167851904,0.10377438060382188,0.012780502814060356,0.12377418416501339,2.240139572433222e-07,2.904771073105625e-07
7,1091,272,13,0.425,work,3,8.886119947416683e-17,0.0,0.0021831558863973878,0.011304358637057062,0.009235022669779647,0.09910305254431857,0.01129649273005642,0.10918919792039085,2.2352920344628658e-07,4.490172616636573e-07
7,1092,272,13,0.43333333333333335,work,4,8.886119947416683e-17,0.0,2.135486605669742e-08,7.300048299977715e-08,0.009797020058073275,0.09425062878059638,0.00979703956036424,0.09425067805174787,3.24176661992413e-07,6.063875540904964e-07
7,1093,273,14,0.44166666666666665,work,1,1.2412670766236366e-16,0.0,0.005478980682754524,0.03887255175113833,0.009943281216049702,0.0900007662359005,0.015083490283543886,0.12480258973494728,2.1801959414298813e-07,6.931843369968572e-07
7,1094,273,14,0.45,work,2,1.2412670766236366e-16,0.0,0.0036667790267010275,0.025960385346609136,0.010157014110773414,0.08626226899221508,0.013671644495151217,0.11005579713558868,3.686689464439003e-07,6.377975511262652e-07
7,1095,273,14,0.4583333333333333,work,3,1.2412670766236366e-16,0.0,0.001840810414146143,0.013002812278403478,0.010480347961733832,0.08257962311026841,0.012278605892742562,0.09480255243111037,4.3449666983838005e-07,8.539288510021277e-07
7,1096,273,14,0.4666666666666667,work,4,1.2412670766236366e-16,0.0,2.234438368441177e-08,9.424321830774485e-08,0.010940812626064772,0.07946045739412302,0.010940813652531198,0.07946038974243133,1.0490905124150515e-07,2.3841857910156266e-07
7,1097,274,15,0.475,work,1,1.2719202621569003e-16,0.0,0.00965102203044315,0.04027263703290574,0.0118730991615151,0.07743245777288055,0.020227170868624817,0.11667442651982288,2.1425477708876373e-07,5.599348016993998e-07
7,1098,274,15,0.48333333333333334,work,2,1.2719202621569003e-16,0.0,0.00645097144783814,0.026866451477824613,0.01375546113160489,0.07758957090403261,0.019768983218941473,0.10424758193114747,3.7284594912572074e-07,1.0633208021468807e-06
7,1099,274,15,0.49166666666666664,work,3,1.2719202621569003e-16,0.0,0.0032339150700998027,0.01344220860180268,0.016128596182590903,0.07955245535794267,0.019261729557366963,0.09298773983167082,3.8691910141355314e-07,8.890887433395637e-07
7,1100,274,15,0.5,work,4,1.2719202621569003e-16,0.0,2.5234631363194095e-08,4.2146848510894035e-08,0.018728925445512155,0.08354192221857835,0.01872893087173223,0.08354192854295055,2.6338918980202887e-07,3.99840112477504e-07
7,1101,275,16,0.5083333333333333,work,1,1.1443916996305594e-16,0.0,0.015120634157994448,0.03681884180701486,0.023015338821548752,0.08768538038383744,0.0379267695926414,0.12443726889502486,2.1928125039241382e-07,4.674311620401787e-07
7,1102,275,16,0.5166666666666666,work,2,1.1443916996305594e-16,0.0,0.010076953951002336,0.024503604887053127,0.027477018778142893,0.09346842167853628,0.03749550939155376,0.11786911977482256,3.76486660011287e-07,6.623897186187795e-07
7,1103,275,16,0.525,work,3,1.1443916996305594e-16,0.0,0.0050365909452951595,0.01223057115912136,0.03193864657881031,0.10070828793027704,0.03694980075357461,0.11277972602994252,3.140622701152814e-07,3.009887021291878e-07
7,1104,275,16,0.5333333333333333,work,4,1.1443916996305594e-16,0.0,7.695521584720804e-09,1.1920928955078128e-07,0.03626700193835235,0.10849954429579735,0.036266994432012166,0.10849951312316497,2.39234008687021e-07,1.931411236050088e-07
7,1105,276,17,0.5416666666666666,work,1,1.3597399555105182e-16,0.0,0.013944868090038342,0.02585815235642386,0.04006090572534788,0.11324078702576769,0.05396757402302223,0.13825957209204218,2.0514608313074193e-07,5.430241572346883e-07
7,1106,276,17,0.55,work,2,1.3597399555105182e-16,0.0,0.009287010382454655,0.017184576742781652,0.04351830599318336,0.11787649543758771,0.052735683382358525,0.1343439451612757,1.1899196957016377e-07,7.60981162476765e-07
7,1107,276,17,0.5583333333333333,work,3,1.3597399555105182e-16,0.0,0.004638611923905972,0.008565090079238323,0.0465182669737857,0.12195273299118667,0.05109412581218478,0.130071311764529,2.3146307745524035e-07,6.194296387084308e-07
7,1108,276,17,0.5666666666666667,work,4,1.3597399555105182e-16,0.0,2.4746645300766715e-08,1.3328003749250115e-07,0.048987463041882895,0.12517007095692398,0.04898747866464096,0.12517004812902682,2.4866963458275333e-07,5.527507362065157e-07
7,1109,277,18,0.575,work,1,2.7755575615628914e-17,0.0,0.013311631376022919,0.019060152066435944,0.05075628946388723,0.1239028129237292,0.06371480178514131,0.13692944107253016,3.575225668028245e-07,7.31220492505155e-07
7,1110,277,18,0.5833333333333334,work,2,2.7755575615628914e-17,0.0,0.008856027806923307,0.012691759345891436,0.05199639344196637,0.12200307761255318,0.06058561019057127,0.13070040009523753,3.120577150911634e-07,7.492187672839527e-07
7,1111,277,18,0.5916666666666667,work,3,2.7755575615628914e-17,0.0,0.004418741328803329,0.0063382944729824834,0.0527159270210711,0.11938968283592168,0.05698574963621698,0.12373140886818566,2.597101515683165e-07,4.712160915387253e-07
7,1112,277,18,0.6,work,4,2.7755575615628914e-17,0.0,1.2244366022929603e-08,9.424321830774485e-08,0.05294293450820349,0.11603125315924184,0.05294293111190283,0.11603130422766679,1.5649205642288582e-07,7.592284204278632e-07
7,1113,278,19,0.6083333333333333,work,1,3.7030556577017743e-16,0.0,0.011735112075081119,0.018687754838182902,0.05227236889438568,0.10877015307057042,0.0634621902119284,0.1131388578245586,1.901477524688444e-07,7.574716226541347e-07
7,1114,278,19,0.6166666666666667,work,2,3.7030556577017743e-16,0.0,0.007809425963105533,0.012480058301740211,0.05128367346424367,0.10130919776909,0.058736468444633885,0.1043672593631378,2.827827407288189e-07,8.910844557122097e-07
7,1115,278,19,0.625,work,3,3.7030556577017743e-16,0.0,0.003897637414911344,0.0062508109092816845,0.05001723922375813,0.09372518000799339,0.05373791454719489,0.09530593323265525,2.430205002222462e-07,7.828429661133159e-07
7,1116,278,19,0.6333333333333333,work,4,3.7030556577017743e-16,0.0,1.7036201473080238e-08,0.0,0.048524514615658224,0.08610936877210501,0.04852452421277795,0.08610934138182919,2.4538097577051785e-07,7.679521278575185e-07
7,1117,279,20,0.6416666666666666,work,1,5.551115123125783e-17,0.0,0.009530466279505665,0.020207201724122107,0.046202297311783186,0.07712112184205538,0.055294368483417816,0.08097187988562053,1.419285328337347e-07,6.286806794920288e-07
7,1118,279,20,0.65,work,2,5.551115123125783e-17,0.0,0.0063486755278318865,0.013485894640488962,0.04383030793704579,0.0683796247077919,0.049903078709082484,0.0712042516537403,2.560236306320212e-07,4.4203987640712727e-07
7,1119,279,20,0.6583333333333333,work,3,5.551115123125783e-17,0.0,0.003171854189695406,0.006750149888746098,0.04146091672236213,0.060064278992868585,0.04450087136767982,0.06158930364700148,1.3958224004105273e-07,4.768371582031262e-07
7,1120,279,20,0.6666666666666666,work,4,5.551115123125783e-17,0.0,5.250654577570682e-09,4.2146848510894035e-08,0.03914997435900398,0.05239146817121834,0.03914996948116699,0.05239145598656593,2.1792252363077999e-07,3.5513565802016856e-07
7,1121,280,21,0.675,work,1,1.5700924586837752e-16,0.0,0.00932465421679415,0.020065203157409135,0.036938410172170755,0.04560219172698047,0.04605140545315548,0.055646108722143976,3.810319414613993e-07,1.088906878617128e-06
7,1122,280,21,0.6833333333333333,work,2,1.5700924586837752e-16,0.0,0.006215202635082512,0.013393422109219656,0.03487271055072652,0.039839035543968386,0.04094902697562951,0.04706115467351305,2.9038357632946954e-07,5.670278546345386e-07
7,1123,280,21,0.6916666666666667,work,3,1.5700924586837752e-16,0.0,0.003106992254606996,0.006705108189580568,0.032973291898609834,0.03539639824825767,0.03600968184812751,0.039247138103670406,2.96789902993887e-07,5.832429465884267e-07
7,1124,280,21,0.7,work,4,1.5700924586837752e-16,0.0,1.3745617815812583e-08,2.9802322387695312e-08,0.03126352573543008,0.032537146952607295,0.031263535685631755,0.03253715803194863,2.6945092353528346e-07,6.107658604359411e-07
7,1125,281,22,0.7083333333333334,work,1,1.9229626863835638e-16,0.0,0.01019926648036373,0.017926682642309316,0.030069046050758132,0.031485968357647755,0.0401329375052867,0.046562220842531477,4.3574260571994284e-07,5.26413969178669e-07
7,1126,281,22,0.7166666666666667,work,2,1.9229626863835638e-16,0.0,0.006799029911437459,0.011979429317301496,0.029058624994052137,0.03183531860260747,0.03575295220062762,0.041692595823525976,4.010783971223322e-07,6.854534149169956e-07
7,1127,281,22,0.725,work,3,1.9229626863835638e-16,0.0,0.003399294302299497,0.006003882759288536,0.028224157728935443,0.033294014225817854,0.03156193227983041,0.03798163981916953,2.305023034904641e-07,5.397430144630339e-07
7,1128,281,22,0.7333333333333333,work,4,1.9229626863835638e-16,0.0,1.887728479383289e-08,7.300048299977715e-08,0.027556884463105318,0.03551005760090162,0.02755687326937623,0.03551000847493371,3.464329372575304e-07,5.870376707193935e-07
7,1129,282,23,0.7416666666666667,work,1,1.6653345369377348e-16,0.0,0.009825548032706872,0.01663481374445493,0.02694647159672893,0.03762260843766934,0.03663407709022118,0.05012950519979826,1.1719023398724836e-07,5.040030039932671e-07
7,1130,282,23,0.75,work,2,1.6653345369377348e-16,0.0,0.006552163744247053,0.01111904369931819,0.026480105816369094,0.040027089508916744,0.03291966287177596,0.04774688373197275,1.8376075038599076e-07,4.0205531010723307e-07
7,1131,282,23,0.7583333333333333,work,3,1.6653345369377348e-16,0.0,0.0032769840966449687,0.005574203657938226,0.02614151260309433,0.04257363527128594,0.029349660964407942,0.046100318352689455,1.5709031541815189e-07,2.3654860059004356e-07
7,1132,282,23,0.7666666666666666,work,4,1.6653345369377348e-16,0.0,2.0155600945299685e-08,0.0,0.025914311037125246,0.04516344280272107,0.02591429364071729,0.04516345808681775,3.2771103494843243e-07,9.103133886636135e-07
7,1133,283,24,0.775,work,1,1.798766884999431e-16,0.0,0.009591805884896346,0.019496991057919737,0.025690801287300325,0.04728299066602603,0.03504072023314482,0.05855626605636297,3.867314693449169e-07,8.085167387873309e-07
7,1134,283,24,0.7833333333333333,work,2,1.798766884999431e-16,0.0,0.006398494620165027,0.013024866735979647,0.02555587817050768,0.04942047745730467,0.03176869007867362,0.05641790764942645,4.535685749334559e-07,9.583196157702017e-07
7,1135,283,24,0.7916666666666666,work,3,1.798766884999431e-16,0.0,0.0032012673334570665,0.006526013952404587,0.025490412027775224,0.05154593019038453,0.028584149004555092,0.05476362750844824,3.2133720411736056e-07,6.426530674948667e-07
7,1136,283,24,0.8,work,4,1.798766884999431e-16,0.0,1.2140956271673177e-08,7.300048299977715e-08,0.025476979589240986,0.053646288276263374,0.02547697816094477,0.05364634091151472,2.7096892615470736e-07,9.103133886636135e-07
7,1137,284,25,0.8083333333333333,work,1,1.8619006149354548e-16,0.0,0.009632883735016327,0.023153785365763624,0.0254536693223464,0.05511688303765596,0.03468650284510241,0.06666540145414111,3.0230651361397074e-07,6.529361695112807e-07
7,1138,284,25,0.8166666666666667,work,2,1.8619006149354548e-16,0.0,0.006428807620161696,0.015458102041244898,0.025468120195094028,0.05667380109033829,0.03160918038454669,0.06392013846332192,2.4475600955530776e-07,6.769786293268563e-07
7,1139,284,25,0.825,work,3,1.8619006149354548e-16,0.0,0.0032179148104838286,0.00774035484621691,0.025501764902680787,0.05830899891498182,0.028561848741671888,0.0616621078014259,2.6524933867806687e-07,8.429369702178869e-07
7,1140,284,25,0.8333333333333334,work,4,1.8619006149354548e-16,0.0,2.4078803363117218e-08,5.960464477539063e-08,0.025540798261740664,0.060014475561964965,0.0255407833088733,0.06001441726246047,2.8792552456597394e-07,6.37100885106088e-07
7,1141,285,26,0.8416666666666667,work,1,1.7772239894833365e-16,0.0,0.009921478338321195,0.025869543400576442,0.02560477320815492,0.06141456314172527,0.03504770454274492,0.0745322232599699,5.28266692987962e-07,1.126196600657191e-06
7,1142,285,26,0.85,work,2,1.7772239894833365e-16,0.0,0.0066234215507489785,0.017270723142157964,0.02566568294341477,0.06296077073531557,0.03194628038656503,0.07119429673478217,2.2819078772673905e-07,3.31864617039563e-07
7,1143,285,26,0.8583333333333333,work,3,1.7772239894833365e-16,0.0,0.0033163678611333757,0.008647878773693433,0.025710807228789868,0.06461518178420031,0.028839748692112425,0.06842253590367942,3.0392568058272256e-07,7.027283979983126e-07
7,1144,285,26,0.8666666666666667,work,4,1.7772239894833365e-16,0.0,6.179169433759427e-09,0.0,0.025736087572502876,0.06635740169348413,0.025736089260518707,0.06635740259175346,1.8446755345945997e-07,2.1900144899933154e-07
7,1145,286,27,0.875,work,1,1.2412670766236366e-16,0.0,0.009755970576362474,0.025632565926764873,0.025647023622474542,0.06800616817026582,0.034935139300878965,0.08180943187200576,1.624263800120331e-07,3.8628224721001805e-07
7,1146,286,27,0.8833333333333333,work,2,1.2412670766236366e-16,0.0,0.006516668827459236,0.017117171488176163,0.02554502577038482,0.06977558863331344,0.031720268477424284,0.0783456915532822,2.1519550426654318e-07,6.049210766012823e-07
7,1147,286,27,0.8916666666666666,work,3,1.2412670766236366e-16,0.0,0.003264812508606784,0.008573422000672036,0.025429022514277255,0.0716367934512222,0.028504257754620312,0.07555846464666234,2.4945480531223547e-07,5.110033809984414e-07
7,1148,286,27,0.9,work,4,1.2412670766236366e-16,0.0,2.5133024213796514e-08,8.940696716308595e-08,0.025303842875110356,0.07356382004849414,0.025303866407679836,0.07356379259665712,5.663972692366101e-07,1.3879693773025575e-06
7,1149,287,28,0.9083333333333333,work,1,1.2719202621569003e-16,0.0,0.009367309581810687,0.023862680813803317,0.025032859558160318,0.07518071836822257,0.03400280038101164,0.08743501709356248,2.3269828868533973e-07,6.412695286080273e-07
7,1150,287,28,0.9166666666666666,work,2,1.2719202621569003e-16,0.0,0.006262158794547114,0.015941017199646305,0.024771957505697603,0.07695574526649052,0.030735170494686482,0.08441328326915058,3.489391003337196e-07,8.471411707134248e-07
7,1151,287,28,0.9249999999999999,work,3,1.2719202621569003e-16,0.0,0.003139905753226733,0.007987287599166757,0.024526606887764674,0.07883741218794557,0.027496442959855195,0.08217538022373348,3.0970573087227295e-07,7.127678837240613e-07
7,1152,287,28,0.9333333333333333,work,4,1.2719202621569003e-16,0.0,2.011583985218131e-08,6.664001874625056e-08,0.02430564996310632,0.08079159954132273,0.02430566925741443,0.08079155199687832,2.7396940528856006e-07,5.685920723777704e-07
7,1153,288,29,0.9416666666666667,work,1,1.2719202621569003e-16,0.0,0.00884657423652735,0.0211051724852621,0.023907201774369165,0.0824440604062019,0.03238353171078086,0.09196384509003386,3.154473860334817e-07,6.583548198453969e-07
7,1154,288,29,0.95,work,2,1.2719202621569003e-16,0.0,0.005917853975535708,0.014098521418417454,0.02355535978269608,0.08428839885230348,0.029193358731083974,0.08991650625406072,9.789855456257797e-08,5.46285592908365e-07
7,1155,288,29,0.9583333333333334,work,3,1.2719202621569003e-16,0.0,0.002969176836218167,0.007064268668645287,0.02325547399474173,0.08625264736110472,0.026065178630560914,0.08868984642396263,2.88153331834937e-07,6.078504936209683e-07
7,1156,288,29,0.9666666666666667,work,4,1.2719202621569003e-16,0.0,2.0542727717012787e-08,6.664001874625056e-08,0.023016081277187697,0.0882866010625139,0.023016092062246814,0.08828663472753312,1.1836569476760471e-07,8.970449533040844e-07
7,1157,289,30,0.975,work,1,1.2719202621569003e-16,0.0,0.008122299833495866,0.01803295829649506,0.022545366546363486,0.09007353373389035,0.03029939068723623,0.0964895047892961,5.8846334457875886e-08,5.127385417844444e-07
7,1158,289,30,0.9833333333333333,work,2,1.2719202621569003e-16,0.0,0.005434175171764096,0.012041780418364552,0.02215011963574626,0.09202332612951787,0.027308894851955052,0.09566134659628096,8.318108507741156e-08,6.279738994153012e-07
7,1159,289,30,0.9916666666666667,work,3,1.2719202621569003e-16,0.0,0.0027269046978525206,0.006031668098980304,0.02183742466645975,0.09404028170039974,0.0244092444834708,0.09554041308709543,2.25473105940122e-07,5.960464477539063e-08
7,1160,289,30,1.0,work,4,1.2719202621569003e-16,0.0,2.1202983556172652e-08,2.9802322387695312e-08,0.02160983206414004,0.09608410498423675,0.02160985229716584,0.09608407345206453,2.0433654712627992e-07,3.7932163659804686e-07
7,1161,290,31,1.0083333333333333,work,1,1.2719202621569003e-16,2.9802322387695312e-08,0.007281327415058399,0.01500756305063852,0.021163464177203457,0.09787178224256791,0.02812818327613621,0.10139833391773227,1.5113414851801937e-07,4.3597039098524516e-07
7,1162,290,31,1.0166666666666666,work,2,1.2719202621569003e-16,2.9802322387695312e-08,0.004870419655276717,0.010021380112047696,0.020809763346840558,0.09970081206203964,0.025441691399795303,0.10156536041481706,2.1185975650717316e-07,1.5769906706002898e-07
7,1163,290,31,1.025,work,3,1.2719202621569003e-16,2.9802322387695312e-08,0.00244344417682073,0.005019527386784075,0.02055063738940589,0.1015150265691642,0.0228594865704823,0.10221436907551672,2.0988664412004708e-07,2.1900144899933154e-07
7,1164,290,31,1.0333333333333332,work,4,1.2719202621569003e-16,2.9802322387695312e-08,4.6866045419663935e-09,7.300048299977715e-08,0.020388221832309223,0.10329971413546027,0.020388218008353196,0.1032997524483042,1.6356648447820842e-07,7.444617746351282e-07
7,1165,291,32,1.0416666666666667,work,1,1.7772239894833365e-16,0.0,0.006538545650565045,0.012256469347515835,0.02005313388151316,0.10455098140815879,0.026321776551374305,0.10492772299064666,2.6962439843330804e-07,4.933162140025762e-07
7,1166,291,32,1.05,work,2,1.7772239894833365e-16,0.0,0.004370199014643077,0.008179887681765535,0.019808284303150465,0.1058907128676888,0.02397672038805961,0.10580467707226149,6.735679018856995e-08,3.897159347123516e-07
7,1167,291,32,1.0583333333333333,work,3,1.7772239894833365e-16,0.0,0.002190757093427099,0.004094936881060196,0.019652675384667143,0.10722848907056128,0.02173101992955222,0.10702516301033514,1.189450146916222e-07,2.3841857910156266e-07
7,1168,291,32,1.0666666666666667,work,4,1.7772239894833365e-16,0.0,2.3849765465573257e-08,4.2146848510894035e-08,0.019582884313896813,0.10852956209092657,0.01958290637188849,0.10852958368172304,1.6590327578432807e-07,3.5009801758738595e-07
7,1169,292,33,1.075,work,1,6.206335383118183e-17,0.0,0.005994667965905574,0.009937049490333449,0.019400374673856045,0.10930646008725076,0.025169601861490573,0.10708719094370121,6.63740004982686e-08,2.7637536810325715e-07
7,1170,292,33,1.0833333333333333,work,2,6.206335383118183e-17,0.0,0.004002511334004534,0.00662468189420137,0.01928412875979936,0.1101337824228555,0.023122480313351616,0.1084438894302118,1.980130986858064e-07,6.293866658789802e-07
7,1171,292,33,1.0916666666666666,work,3,6.206335383118183e-17,0.0,0.002004377374619158,0.0033127023891150954,0.01923151368294645,0.11095573641402634,0.02114712894866363,0.11001224675347146,1.2283339167032802e-07,5.885487096944919e-07
7,1172,292,33,1.1,work,4,6.206335383118183e-17,0.0,1.0879402727860596e-08,4.2146848510894035e-08,0.019239752144021113,0.11174476699223966,0.019239752379872514,0.11174472350166963,1.0084672452823585e-07,8.513246093443517e-07
7,1173,293,34,1.1083333333333334,work,1,5.551115123125783e-17,0.0,0.005557361107870122,0.008585944583936213,0.01916001277593505,0.11212742776082903,0.02455844946826211,0.10825918266075488,2.2185880591752897e-07,5.479090306416241e-07
7,1174,293,34,1.1166666666666667,work,2,5.551115123125783e-17,0.0,0.003706899148337736,0.005722734705515805,0.019126126428201433,0.11253169052522535,0.02272129294204006,0.10983625346287554,1.0012919005316643e-07,3.3717478808715265e-07
7,1175,293,34,1.125,work,3,5.551115123125783e-17,0.0,0.001854470042880248,0.0028609956833083494,0.01913578339700631,0.11290797286591739,0.020931919986827405,0.11150681673878945,9.858684630963581e-08,3.8628224721001805e-07
7,1176,293,34,1.1333333333333333,work,4,5.551115123125783e-17,0.0,2.4818368227401465e-08,5.960464477539063e-08,0.019186555677326318,0.11324860528658377,0.01918657711464615,0.11324859584629801,1.7453132243734245e-07,1.6858739404357617e-07
7,1177,294,35,1.1416666666666666,work,1,4.05953166610789e-15,0.0,0.005020289492439722,0.006598520003367158,0.019098762744833766,0.11351851305290982,0.024011886115366105,0.10945336360560044,1.4955643270649644e-07,5.022376640544164e-07
7,1178,294,35,1.15,work,2,4.05953166610789e-15,0.0,0.00334614646178487,0.0043936144570450005,0.019046833812836155,0.11363932603272266,0.02232035514529106,0.11088909399509689,1.9377621396450973e-07,4.805480091749769e-07
7,1179,294,35,1.1583333333333332,work,3,4.05953166610789e-15,0.0,0.001672761960300361,0.0021942276840503866,0.019018330503672236,0.11375006524977503,0.020654561641509087,0.11235750167201601,2.748823400113955e-07,3.816559456248795e-07
7,1180,294,35,1.1666666666666667,work,4,4.05953166610789e-15,0.0,1.5045258022483662e-08,6.664001874625056e-08,0.01902773835762084,0.1138125556916196,0.019027726283674943,0.11381261983653622,1.1567981686593901e-07,3.3585511653377587e-07
7,1181,295,36,1.175,work,1,5.266250202865052e-16,0.0,0.004469338983942674,0.004288146817692399,0.018881719109260984,0.11393148670125802,0.023258199366897537,0.11065529699395936,2.519737664999461e-07,4.5783196376971154e-07
7,1182,295,36,1.1833333333333333,work,2,5.266250202865052e-16,0.0,0.0029782519087906277,0.0028486529260007814,0.018773906148089672,0.11384579607464454,0.02169224472778397,0.11166627799663613,1.6924371468429947e-07,3.601028315304097e-07
7,1183,295,36,1.1916666666666667,work,3,5.266250202865052e-16,0.0,0.001488482390663514,0.0014194253020264596,0.018709598912229137,0.11356263391499599,0.020169138813377466,0.11247526331709999,2.5264497263621217e-07,3.182017282256878e-07
7,1184,295,36,1.2,work,4,5.266250202865052e-16,0.0,1.87027961136772e-08,4.2146848510894035e-08,0.018688367660719792,0.11314906510073165,0.018688350389566753,0.11314909350831316,2.137761294508735e-07,4.2357058535671e-07
7,1185,296,37,1.2083333333333333,work,1,4.5574114245094995e-15,0.0,0.003977786533029581,0.003961248483849015,0.018534445460991526,0.11250262144689102,0.022428278283703335,0.10950250095712755,2.574336747710693e-07,4.1509831777763796e-07
7,1186,296,37,1.2166666666666666,work,2,4.5574114245094995e-15,0.0,0.002650633505524508,0.002628282032392311,0.018428685259540625,0.11159397657475852,0.021026400287487625,0.10962418349712479,1.815976269640334e-07,4.500051996273259e-07
7,1187,296,37,1.225,work,3,4.5574114245094995e-15,0.0,0.0013246871928346764,0.0013078659601533365,0.01837153907172256,0.11047010839518423,0.019671060445693698,0.10949886874916191,7.475268606059394e-08,1.1920928955078128e-07
7,1188,296,37,1.2333333333333334,work,4,4.5574114245094995e-15,0.0,7.577968094850814e-09,0.0,0.018363745062111227,0.10909351396367674,0.01836374755757854,0.10909350220036111,1.4033912159582197e-07,1.2287812309317772e-07
8,1189,297,1,0.008333333333333333,startup,1,1.415262216750919e-16,0.0,0.009202283325498667,0.029677315936694107,0.0027976074572488084,0.008679112721559901,0.011989471473358748,0.038349748156117164,4.646996480195202e-07,9.866324280051598e-07
8,1190,297,1,0.016666666666666666,startup,2,1.415262216750919e-16,0.0,0.0061351577630724356,0.01973599361712957,0.005156320508661451,0.015872065073497418,0.011244337263852162,0.03559440148016945,4.584823986234286e-07,7.402743308767255e-07
8,1191,297,1,0.025,startup,3,1.415262216750919e-16,0.0,0.003067682329264737,0.00984354256794768,0.007131527944664057,0.021867375399315325,0.010125791014172448,0.03168694717342461,3.112836654574494e-07,5.685920723777704e-07
8,1192,297,1,0.03333333333333333,startup,4,1.415262216750919e-16,0.0,2.1541488129785688e-08,5.960464477539063e-08,0.008777292145946027,0.026969560292341238,0.008777292578601293,0.026969568894404657,3.185346198413901e-07,7.220531368008723e-07
8,1193,298,2,0.041666666666666664,work,1,4.3414192158499554e-15,0.0,0.005822618979348664,0.020650292444021688,0.009324797089078294,0.028547369303072494,0.015020316014130187,0.048742823169719056,3.172351432913651e-07,7.177349673981881e-07
8,1194,298,2,0.05,work,2,4.3414192158499554e-15,0.0,0.0038793534378145857,0.013740365501374864,0.010000375946665545,0.030087821486402055,0.013679427446806242,0.04345597334339262,3.58024425166229e-07,9.601714428417185e-07
8,1195,298,2,0.058333333333333334,work,3,4.3414192158499554e-15,0.0,0.001938471949221796,0.006856999793435801,0.010817006535412529,0.03174067903801925,0.012542938862190966,0.03832177309663966,3.098509903738034e-07,8.333999785250225e-07
8,1196,298,2,0.06666666666666667,work,4,4.3414192158499554e-15,0.0,1.2586093023151534e-08,1.0745380149674385e-07,0.011735781597172788,0.03361882832611023,0.011735777790769366,0.03361878596088689,2.2407568884748837e-07,8.688795409866194e-07
8,1197,299,3,0.075,work,1,6.798699777552591e-17,0.0,0.0060381322581609465,0.022158039269204205,0.012972769294302371,0.03624904268469142,0.01836826560739127,0.057320862119127416,3.0508930200002594e-07,1.1119102302895706e-06
8,1198,299,3,0.08333333333333333,work,2,6.798699777552591e-17,0.0,0.004023748907967002,0.014737100765957956,0.014222892707933948,0.03917014912889049,0.01759421811483678,0.0529560845955466,1.9779996388410706e-07,6.265579474457718e-07
8,1199,299,3,0.09166666666666666,work,3,6.798699777552591e-17,0.0,0.00201105148335378,0.0073512604410777335,0.015405387928227826,0.04234087819453182,0.01697026545522035,0.04908539928060378,3.330668005339801e-07,1.1546236650830976e-06
8,1200,299,3,0.1,work,4,6.798699777552591e-17,0.0,1.1663377588957388e-08,5.960464477539063e-08,0.016464655568881506,0.045730640628112475,0.016464661466286445,0.04573066014201694,4.5728631450474446e-07,1.3972172939457035e-06
8,1201,300,4,0.10833333333333334,work,1,1.594436429147036e-16,2.9802322387695312e-08,0.005990905741580067,0.02506723920761291,0.01743753215144269,0.0492021230020883,0.022221648324755282,0.07068326210460746,4.1383210332614215e-07,1.0494480646645553e-06
8,1202,300,4,0.11666666666666667,work,2,1.594436429147036e-16,2.9802322387695312e-08,0.003996329209823181,0.01667923067767069,0.018241279476545195,0.05322501008951541,0.02128181995868304,0.06759325806390007,3.021597018693334e-07,7.18353437971712e-07
8,1203,300,4,0.125,work,3,1.594436429147036e-16,2.9802322387695312e-08,0.0019993625606038058,0.008323521823345337,0.018763383600035023,0.05758687394187797,0.020224160379088866,0.06481132481899815,3.6887949163869335e-07,1.1909747840576399e-06
8,1204,300,4,0.13333333333333333,work,4,1.594436429147036e-16,2.9802322387695312e-08,9.124330267562948e-09,1.264405455326821e-07,0.018746129837282785,0.06292757451433399,0.018746122197859028,0.06292766396272705,3.2957551505568686e-07,1.1111111570779973e-06
8,1205,301,5,0.14166666666666666,work,1,1.2412670766236366e-16,0.0,0.005802643931895738,0.028761350190284207,0.018570446196553472,0.06831217432819166,0.02323243657399586,0.09273641892993253,3.6812867785135236e-07,1.0782511541322328e-06
8,1206,301,5,0.15,work,2,1.2412670766236366e-16,0.0,0.00387328592738785,0.019158627093960903,0.018176695643622908,0.07506527465124993,0.02131655243323385,0.09179308796298695,3.0417262860059846e-07,1.0737111291081928e-06
8,1207,301,5,0.15833333333333333,work,3,1.2412670766236366e-16,0.0,0.0019390520575624244,0.009571466913238586,0.01778534932688014,0.08204320380659431,0.01937516118807858,0.09063605202752088,3.592287137935089e-07,8.355287175700836e-07
8,1208,301,5,0.16666666666666666,work,4,1.2412670766236366e-16,0.0,7.714397672847867e-09,6.664001874625056e-08,0.017466868893940432,0.08938084178337141,0.01746686134021741,0.08938080460224909,3.569563846318438e-07,5.144678503761327e-07
8,1209,302,6,0.175,work,1,1.4946834900704541e-16,0.0,0.00563214955132348,0.03074545227707847,0.017111453170166418,0.09601546205879184,0.021911893450436426,0.12322086617416654,2.875593207277197e-07,5.422057330209108e-07
8,1210,302,6,0.18333333333333332,work,2,1.4946834900704541e-16,0.0,0.003759611702459975,0.020496347512744515,0.016744393783956767,0.10287435110553732,0.019951449759002923,0.12127031799558281,3.59789553335658e-07,9.893293781696559e-07
8,1211,302,6,0.19166666666666665,work,3,1.4946834900704541e-16,0.0,0.0018822175986276516,0.010247567419946512,0.016413573254880603,0.1094836693284693,0.018024751235285567,0.1187952981020287,2.696619176977834e-07,9.161487906539161e-07
8,1212,302,6,0.2,work,4,1.4946834900704541e-16,0.0,1.3556414172055445e-08,1.5485740967710712e-07,0.01610195293811309,0.1160943102816568,0.01610195307552253,0.11609416671163784,2.563503069993312e-07,8.627244726497078e-07
8,1213,303,7,0.20833333333333334,work,1,5.551115123125783e-17,0.0,0.00557030823739294,0.03265053057386589,0.015506797161180523,0.1219021255365738,0.019985615776496202,0.15043067369668228,5.015202034252554e-07,1.2338305440237987e-06
8,1214,303,7,0.21666666666666667,work,2,5.551115123125783e-17,0.0,0.003718013703563888,0.02176836038893286,0.015013291578763086,0.1277237515614234,0.018069330670095748,0.1469616522190745,4.1363871870779947e-07,9.81668775796936e-07
8,1215,303,7,0.225,work,3,5.551115123125783e-17,0.0,0.0018612339539790755,0.010884794183578168,0.0146659362375625,0.1332592388937039,0.01621892036523544,0.14296518904357114,2.630718098262103e-07,7.562981570034979e-07
8,1216,303,7,0.23333333333333334,work,4,5.551115123125783e-17,0.0,7.712183474201031e-09,5.16191365590357e-08,0.014423489091825285,0.1381255877709347,0.01442348180380574,0.13812553791810175,2.2070240742300466e-07,6.83507021735893e-07
8,1217,304,8,0.24166666666666667,work,1,1.0385185452638061e-16,0.0,0.005793096216854759,0.03209397279915339,0.013855671879391483,0.14103611446030795,0.018187859112553464,0.1691151100909166,2.4892486880841366e-07,5.801892976144508e-07
8,1218,304,8,0.25,work,2,1.0385185452638061e-16,0.0,0.003866160144667988,0.021393473858437415,0.013373876487090854,0.14360376257550594,0.01637606304465317,0.16239330724653164,2.672600315504703e-07,5.930587274471662e-07
8,1219,304,8,0.2583333333333333,work,3,1.0385185452638061e-16,0.0,0.0019351194394833778,0.0106955005275497,0.013009602583542428,0.14579273392119657,0.014579588059445174,0.15520701620604552,1.659697731966123e-07,6.307962682401184e-07
8,1220,304,8,0.26666666666666666,work,4,1.0385185452638061e-16,0.0,1.0390734479211489e-08,6.664001874625056e-08,0.012771541792736528,0.14789610635071782,0.012771532481427263,0.14789615673567622,2.2678670780629042e-07,6.886851792509198e-07
8,1221,305,9,0.275,work,1,1.6478959984131287e-16,0.0,0.006103679974401736,0.029851638713529242,0.012353369900697315,0.14808307411500593,0.017296729317802854,0.1732752454686828,3.8897948798998153e-07,4.339283638763745e-07
8,1222,305,9,0.2833333333333333,work,2,1.6478959984131287e-16,0.0,0.0040706601670214785,0.019887738575909832,0.0121647502804926,0.14815110494651532,0.015628476724204452,0.1649671476822703,2.137766770768622e-07,5.870376707193935e-07
8,1223,305,9,0.2916666666666667,work,3,1.6478959984131287e-16,0.0,0.0020361106466332346,0.009937248153049999,0.012133961493891105,0.14748614821255546,0.013929078360507672,0.1558938171363939,3.0499571728941514e-07,7.195887844353736e-07
8,1224,305,9,0.3,work,4,1.6478959984131287e-16,0.0,1.2937310818737103e-08,0.0,0.012205340529030979,0.14607135527883022,0.012205334947288059,0.14607135014703349,1.556680328127656e-07,5.945544643181586e-07
8,1225,306,10,0.30833333333333335,work,1,1.2412670766236366e-16,0.0,0.003719682025775586,0.029253198281017516,0.011592780031508808,0.1433639230921888,0.014806748393648778,0.167941092932937,4.2836613488347873e-07,6.377975511262652e-07
8,1226,306,10,0.31666666666666665,work,2,1.2412670766236366e-16,0.0,0.002475616351643807,0.01948887192307334,0.011165860459632039,0.1408923488554316,0.013355111130999965,0.1572268575027899,3.7978565209894593e-07,6.93824692179136e-07
8,1227,306,10,0.325,work,3,1.2412670766236366e-16,0.0,0.0012357891812345178,0.009737752553177203,0.01085966237393481,0.13816096544446058,0.011966862055156425,0.14629933145998744,3.830360426194722e-07,8.215933294350099e-07
8,1228,306,10,0.3333333333333333,work,4,1.2412670766236366e-16,0.0,7.488824377977238e-09,8.429369702178807e-08,0.010628271547876302,0.1356221737635349,0.010628265948318057,0.1356222557660267,1.9986972303592582e-07,6.583548198453969e-07
8,1229,307,11,0.3416666666666667,work,1,1.5515838457795457e-16,0.0,0.002896133974086671,0.033448798897940675,0.009581898149923822,0.1345947334049932,0.011122086866102145,0.1620198432648201,3.0961367277595546e-07,7.152557373046913e-07
8,1230,307,11,0.35,work,2,1.5515838457795457e-16,0.0,0.001931684662243536,0.0222952116983685,0.008282506307951848,0.13214342716300878,0.009353144903443088,0.15061367250427202,3.32687982247764e-07,8.724499445143082e-07
8,1231,307,11,0.35833333333333334,work,3,1.5515838457795457e-16,0.0,0.0009665147664844602,0.011145428408863466,0.00709933422424102,0.1283133683999692,0.007646702105748647,0.13761672689326904,1.905920290687141e-07,3.9198835009234925e-07
8,1232,307,11,0.36666666666666664,work,4,1.5515838457795457e-16,0.0,2.914618460726665e-08,1.1542389828584842e-07,0.006057368310967063,0.12384436270318112,0.006057347006343232,0.1238442661316682,3.169530657889218e-07,7.008299837294165e-07
8,1233,308,12,0.375,work,1,1.1857187100668868e-16,0.0,0.0062850256238498005,0.03515822284919551,0.00590186177755284,0.11954102887610606,0.011126259111365885,0.15050484452025303,1.8915887728249744e-07,3.674277068954101e-07
8,1234,308,12,0.3833333333333333,work,2,1.1857187100668868e-16,0.0,0.004197373786890772,0.023451255944360188,0.006178766311441162,0.11592346278484483,0.009834587357813002,0.13667478628152915,1.89533860598406e-07,4.214684851089411e-07
8,1235,308,12,0.39166666666666666,work,3,1.1857187100668868e-16,0.0,0.002102530188833944,0.01173186564232569,0.006631130968546732,0.11251745972366309,0.008511448259201162,0.12294474858286007,1.4556345297689736e-07,3.5009801758738595e-07
8,1236,308,12,0.4,work,4,1.1857187100668868e-16,0.0,2.5445689336440453e-08,7.300048299977715e-08,0.0071466966055834,0.10897216790111965,0.00714667661740634,0.108972186731344,2.596145485365103e-07,2.210199382035633e-07
8,1237,309,13,0.4083333333333333,work,1,1.6653345369377348e-16,0.0,0.0067185681205445946,0.03637236445426302,0.00786236430772463,0.10549667270632146,0.014420391388742598,0.1390608141223084,3.4276743295450713e-07,7.108962799237147e-07
8,1238,309,13,0.4166666666666667,work,2,1.6653345369377348e-16,0.0,0.004484665035887565,0.024268415462452914,0.008565473241219165,0.10200578682714712,0.012941915646686068,0.12453129141858273,2.618908650457879e-07,4.636153336198354e-07
8,1239,309,13,0.425,work,3,1.6653345369377348e-16,0.0,0.0022453562893151517,0.012144259476028327,0.009251743329765303,0.09832170630643154,0.01143575485582475,0.1096569432913108,4.1726542167305126e-07,8.344650268554748e-07
8,1240,309,13,0.43333333333333335,work,4,1.6653345369377348e-16,0.0,1.6722147354751943e-08,1.1151007970493858e-07,0.009912657890413921,0.09459603767119391,0.009912649504606973,0.0945961357826205,2.5598087463165676e-07,3.2373608622551644e-07
8,1241,310,14,0.44166666666666665,work,1,1.7554167342883506e-16,0.0,0.005601030076582908,0.03956821115019781,0.010114361828109689,0.09058903496169465,0.015470011601273861,0.12624680512662445,2.0494552746997437e-07,4.933162140025762e-07
8,1242,310,14,0.45,work,2,1.7554167342883506e-16,0.0,0.0037477324853997995,0.02642667750593998,0.010409773558977094,0.08725456575893757,0.014054490764536073,0.11156329086548052,2.669827007461685e-07,5.65459309846471e-07
8,1243,310,14,0.4583333333333333,work,3,1.7554167342883506e-16,0.0,0.0018810631884848222,0.013237285392819554,0.010764827229746454,0.0842962624652801,0.012616885333670388,0.09673755612780063,1.030659375640469e-07,5.778884717722352e-07
8,1244,310,14,0.4666666666666667,work,4,1.7554167342883506e-16,0.0,1.2043691515393104e-08,1.1920928955078128e-07,0.011213315594025804,0.08177495713723539,0.01121332290836402,0.08177485989561811,3.174709887834564e-07,8.291261043097767e-07
8,1245,311,15,0.475,work,1,1.6711069443220838e-16,0.0,0.008625938333368915,0.046207909517519324,0.011946750506940657,0.0814707766541199,0.01945292893898205,0.12660190872779428,2.101670408922947e-07,4.214684851089411e-07
8,1246,311,15,0.48333333333333334,work,2,1.6711069443220838e-16,0.0,0.005776608179761635,0.030834803119499807,0.013409358965977763,0.08317310673378928,0.01878983567794481,0.11369834840663987,1.641298514744192e-07,7.91306379279604e-07
8,1247,311,15,0.49166666666666664,work,3,1.6711069443220838e-16,0.0,0.0029012916412763765,0.015432017715278341,0.015249707493324915,0.08652568482340617,0.018062543812665522,0.10191026643657407,4.44010052678338e-07,9.56928393721728e-07
8,1248,311,15,0.5,work,4,1.6711069443220838e-16,0.0,1.4213390510791299e-08,5.960464477539063e-08,0.017256761391521304,0.09088363239834941,0.01725676529202882,0.09088357951738699,3.7237224100439565e-07,5.110033809984414e-07
8,1249,312,16,0.5083333333333333,work,1,2.5438405243138006e-16,4.2146848510894035e-08,0.014601426964258235,0.04323846712597748,0.020956336969754484,0.09551187698757435,0.03513061828558529,0.1385422649199731,2.5205342826357503e-07,5.230286352272122e-07
8,1250,312,16,0.5166666666666666,work,2,2.5438405243138006e-16,4.2146848510894035e-08,0.009735321292950244,0.028786102674306636,0.0250137487564231,0.10123592020856419,0.03463488861380732,0.12985433266463808,1.4909193054761692e-07,6.391886052348407e-07
8,1251,312,16,0.525,work,3,2.5438405243138006e-16,4.2146848510894035e-08,0.004868013392129769,0.014373207737346029,0.029206724621219773,0.10817357623721252,0.03404846481719046,0.1223636861599818,8.460449139310029e-08,2.493441183966625e-07
8,1252,312,16,0.5333333333333333,work,4,2.5438405243138006e-16,4.2146848510894035e-08,9.644632267678558e-09,4.2146848510894035e-08,0.033367000661830654,0.11583717548353847,0.033367007775797264,0.11583722490945782,2.4673272596335426e-07,3.039252468104833e-07
8,1253,313,17,0.5416666666666666,work,1,8.326672684688674e-17,0.0,0.01481186963513939,0.02733950534746376,0.03748991089456924,0.11896337218694016,0.05223281515721432,0.14521407468978448,2.799761361365819e-07,7.822754829172356e-07
8,1254,313,17,0.55,work,2,8.326672684688674e-17,0.0,0.009859265702585324,0.018176516391144374,0.04132018594861261,0.12249555907804655,0.05110823362771156,0.1399050798206203,2.4894987343465197e-07,5.230286352272122e-07
8,1255,313,17,0.5583333333333333,work,3,8.326672684688674e-17,0.0,0.004921880168851518,0.0090632696530712,0.0446906203451266,0.12582565576588284,0.04955342368590398,0.13445722543051716,3.534374519591171e-07,1.1507710561935954e-06
8,1256,313,17,0.5666666666666667,work,4,8.326672684688674e-17,0.0,1.8948457846424654e-08,0.0,0.04749499174737562,0.12852928211245412,0.04749498664826968,0.12852928649744705,4.4080585601751166e-07,1.2002605536939245e-06
8,1257,314,18,0.575,work,1,1.1443916996305594e-16,2.9802322387695312e-08,0.013420772698233201,0.020308551690418408,0.049304056157774195,0.12618234850966456,0.06236612756258814,0.1390690393513217,3.524045488237571e-07,9.499417215889321e-07
8,1258,314,18,0.5833333333333334,work,2,1.1443916996305594e-16,2.9802322387695312e-08,0.008924976745889962,0.013532603103650795,0.05051406539941959,0.1234243342484662,0.05915662003986015,0.1321750878002748,2.570855874446136e-07,6.00500156867801e-07
8,1259,314,18,0.5916666666666667,work,3,1.1443916996305594e-16,2.9802322387695312e-08,0.0044512987217157265,0.006763066475925083,0.051138743857055885,0.12008745127207768,0.05542876650872126,0.124512501895097,2.10971674555278e-07,5.960464477539085e-07
8,1260,314,18,0.6,work,4,1.1443916996305594e-16,2.9802322387695312e-08,4.010356322344515e-09,5.960464477539063e-08,0.05121744551207598,0.1160737299061558,0.051217445409569955,0.11607372670795463,3.1708464264978405e-07,3.6500241499888623e-07
8,1261,315,19,0.6083333333333333,work,1,8.200821523359857e-16,0.0,0.011902681701880384,0.021881841942830195,0.05043707650246089,0.10825758004636099,0.06188599066720976,0.11436480435493068,3.685560580279698e-07,1.1414717437151562e-06
8,1262,315,19,0.6166666666666667,work,2,8.200821523359857e-16,0.0,0.007918763343521798,0.014612755996250342,0.04929954944054165,0.10017077513862845,0.0569075872873125,0.10449866285713248,2.126799721366344e-07,4.2461773302480677e-07
8,1263,315,19,0.625,work,3,8.200821523359857e-16,0.0,0.003951101582762749,0.007318787935157206,0.04786819753586491,0.09197582810982673,0.05165938138581073,0.09423625698789449,2.310990490353986e-07,9.205010659385107e-07
8,1264,315,19,0.6333333333333333,work,4,8.200821523359857e-16,0.0,1.0438012830843268e-08,1.264405455326821e-07,0.04620883864794488,0.08384174023925377,0.046208838588827704,0.08384180518267977,1.652606720978664e-07,5.93807066833119e-07
8,1265,316,20,0.6416666666666666,work,1,7.850462293418876e-17,0.0,0.009596560187810393,0.02078628768671286,0.04366531993467389,0.07382274105544524,0.05276665745374789,0.0781842710254735,2.9778567520319325e-07,8.161702118891029e-07
8,1266,316,20,0.65,work,2,7.850462293418876e-17,0.0,0.006392736575806908,0.013870982155542236,0.0411066105812704,0.06417223228347209,0.04718767367468565,0.06734827876608508,2.655055320004556e-07,8.387116956395144e-07
8,1267,316,20,0.6583333333333333,work,3,7.850462293418876e-17,0.0,0.0031938775111793015,0.006942370408520165,0.03859597545041959,0.05519935487513507,0.0416414289303191,0.056898528612708256,2.0387684082376699e-07,4.814712530792817e-07
8,1268,316,20,0.6666666666666666,work,4,7.850462293418876e-17,0.0,1.5144071687494738e-08,1.5769906706002898e-07,0.03619463573252097,0.0471976915317483,0.03619464413693768,0.04719774960146384,3.2308040936161124e-07,5.847637912734942e-07
8,1269,317,21,0.675,work,1,1.2412670766236366e-16,0.0,0.008757458256148017,0.02099628503474609,0.03370987637333158,0.040826465037965096,0.042195373247555686,0.0529054538207799,1.749370600639269e-07,6.623897186187795e-07
8,1270,317,21,0.6833333333333333,work,2,1.2412670766236366e-16,0.0,0.005839033937639017,0.014002123983030012,0.03143754824529137,0.03568533598266309,0.037110008622011664,0.04398755101440482,4.133481940539174e-07,6.989264130329271e-07
8,1271,317,21,0.6916666666666667,work,3,1.2412670766236366e-16,0.0,0.0029199121731605677,0.007003510998103453,0.029394127051041476,0.03217018261991719,0.032235390620391484,0.036331461507973374,1.9157186264226042e-07,7.679521278575185e-07
8,1272,317,21,0.7,work,4,1.2412670766236366e-16,0.0,4.216309726311941e-08,5.960464477539063e-08,0.027606817851924596,0.030472258326200867,0.027606780383322323,0.03047227529418985,1.2606148211896994e-07,5.763494850937659e-07
8,1273,318,22,0.7083333333333334,work,1,1.2412670766236366e-16,0.0,0.009596837101086192,0.016255765281086812,0.02636711393663292,0.030104556103440892,0.035812272490539684,0.042352692340958134,2.9329400315606414e-07,6.433437211788593e-07
8,1274,318,22,0.7166666666666667,work,2,1.2412670766236366e-16,0.0,0.006397433819149393,0.010854569692650716,0.025354701583962854,0.030878569837773148,0.03163776233461038,0.038130168079181875,4.379079139835043e-07,6.078504936209683e-07
8,1275,318,22,0.725,work,3,1.2412670766236366e-16,0.0,0.0031984518774326068,0.005435972469844888,0.02455760730022685,0.032448425854139276,0.027689671988572518,0.03551563995565074,3.1789861094655465e-07,6.989264130329271e-07
8,1276,318,22,0.7333333333333333,work,4,1.2412670766236366e-16,0.0,1.7538094690924747e-08,7.884953353001448e-08,0.023957870547417822,0.034453631229706176,0.02395786658313703,0.034453556054798634,1.4706735830559766e-07,4.933162140025762e-07
8,1277,319,23,0.7416666666666667,work,1,2.498001805406602e-16,0.0,0.00928521924965437,0.013649216561465356,0.023462929079541887,0.036291229780682714,0.032604231899309145,0.043372004258000404,2.6324060061857585e-07,3.734220292014386e-07
8,1278,319,23,0.75,work,2,2.498001805406602e-16,0.0,0.006190748607438672,0.00912106609897802,0.023129378615323937,0.038269723025213205,0.029203090933144993,0.04218135404605986,2.4002375304975123e-07,3.068336886461678e-07
8,1279,319,23,0.7583333333333333,work,3,2.498001805406602e-16,0.0,0.00309567423585598,0.0045712738491155164,0.022935298856058366,0.04026254650345043,0.025959535684870885,0.04183909306103574,2.375472138063025e-07,7.202056630608224e-07
8,1280,319,23,0.7666666666666666,work,4,2.498001805406602e-16,0.0,3.583589360073166e-08,5.960464477539063e-08,0.02286349760600977,0.0422644718246149,0.022863529229441838,0.04226444568782416,1.6359892125707557e-07,5.794233708150282e-07
8,1281,320,24,0.775,work,1,2.3055512673781017e-16,0.0,0.009474810323597033,0.016515627651079345,0.022951419152559414,0.04401169316675506,0.03219134148074132,0.05007255426929392,3.35003075652141e-07,8.965497587020069e-07
8,1282,320,24,0.7833333333333333,work,2,2.3055512673781017e-16,0.0,0.006318689272482654,0.011044270319011623,0.023113508404337665,0.04581778031217902,0.029251481706690414,0.049343064974747025,2.960690619712405e-07,9.476013836613175e-07
8,1283,320,24,0.7916666666666666,work,3,2.3055512673781017e-16,0.0,0.003160471795687606,0.005539113950264073,0.02332295461323919,0.047668721623462015,0.02637853582927158,0.04916529498693327,2.5210491845893943e-07,8.118056340143877e-07
8,1284,320,24,0.8,work,4,2.3055512673781017e-16,0.0,5.17918542653568e-08,1.264405455326821e-07,0.02355267288817905,0.04955378178650198,0.02355263066368209,0.04955377984973867,1.731694672611858e-07,6.377975511262652e-07
8,1285,321,25,0.8083333333333333,work,1,2.6766507790745728e-16,0.0,0.009387270885589862,0.02261379948695146,0.023714081260951807,0.05094969349078983,0.03274041033807755,0.0588259438951065,4.2733251349588624e-07,8.74991312974889e-07
8,1286,321,25,0.8166666666666667,work,2,2.6766507790745728e-16,0.0,0.00626545952313549,0.015099558590533295,0.023871969718401508,0.05250410568303616,0.029875021724864694,0.057266992154224275,1.9799482058401342e-07,7.74860382080083e-07
8,1287,321,25,0.825,work,3,2.6766507790745728e-16,0.0,0.0031364475856725596,0.007561737742895509,0.02401264889061204,0.054206997458040876,0.02700392767635901,0.056290104205683665,4.2459872369354497e-07,1.1736970345685183e-06
8,1288,321,25,0.8333333333333334,work,4,2.6766507790745728e-16,0.0,1.1261495620609723e-08,8.429369702178807e-08,0.024119758861483046,0.05601206983054793,0.024119766344517127,0.05601213428005915,1.8766703917910026e-07,6.377975511262652e-07
8,1289,322,26,0.8416666666666667,work,1,2.830524433501838e-16,0.0,0.009887821737793881,0.025362177525393118,0.024267905351255847,0.057668428294805674,0.033665096907767325,0.06795871709840354,2.061589152724241e-07,6.056547591954962e-07
8,1290,322,26,0.85,work,2,2.830524433501838e-16,0.0,0.006601195062624575,0.016934803568763823,0.02437757301722668,0.05953553568694466,0.030630414783646257,0.06575718933298659,3.112194304530128e-07,6.976544803809931e-07
8,1291,322,26,0.8583333333333333,work,3,2.830524433501838e-16,0.0,0.0033053565265286564,0.00848110853169048,0.024447287226331722,0.06157064335236346,0.0275633325994565,0.06430014104247664,2.192614697253462e-07,6.802506572314132e-07
8,1292,322,26,0.8666666666666667,work,4,2.830524433501838e-16,0.0,4.002269021990134e-08,1.5485740967710712e-07,0.024467797759547886,0.06372120111617878,0.024467760474106714,0.06372131415648666,3.0765838687881485e-07,9.480699134222874e-07
8,1293,323,27,0.875,work,1,8.326672684688674e-17,0.0,0.009614360348069844,0.025658633180224762,0.024321714076967677,0.06581374988695736,0.03348154825430568,0.07684503381100993,1.933211482291223e-07,7.782915149450706e-07
8,1294,323,27,0.8833333333333333,work,2,8.326672684688674e-17,0.0,0.006422756191888067,0.01713464985975856,0.024143046563689586,0.0680566004514399,0.03023364858300489,0.0746099651104279,3.3063630488820297e-07,9.490062789971118e-07
8,1295,323,27,0.8916666666666666,work,3,8.326672684688674e-17,0.0,0.00321811418693145,0.008582144255477408,0.023944187855695367,0.07041692663742702,0.026977025338423777,0.07324687417625188,1.4416683050168784e-07,4.129530924722863e-07
8,1296,323,27,0.9,work,4,8.326672684688674e-17,0.0,2.7394294731649872e-08,9.424321830774485e-08,0.02372858125156499,0.07283445693428772,0.023728604365679667,0.07283445957930651,2.3240258471726527e-07,7.527667844483354e-07
8,1297,324,28,0.9083333333333333,work,1,6.206335383118183e-17,2.9802322387695312e-08,0.009278720075604957,0.024490943880620626,0.02337898078054106,0.07510198048015446,0.0322678264520434,0.08494936166195383,1.481602948910861e-07,6.377975511262652e-07
8,1298,324,28,0.9166666666666666,work,2,6.206335383118183e-17,2.9802322387695312e-08,0.0062037406467296006,0.016359307876682112,0.023044355341829605,0.07751408132081368,0.028952047269004622,0.08322063556915589,1.2353584088768368e-07,1.0460572704544332e-06
8,1299,324,28,0.9249999999999999,work,3,6.206335383118183e-17,2.9802322387695312e-08,0.0031110672141745057,0.008196360843690341,0.022729361823293947,0.0799900769516161,0.025670048798804572,0.08239214904409908,2.0487425666625826e-07,5.670278546345386e-07
8,1300,324,28,0.9333333333333333,work,4,6.206335383118183e-17,2.9802322387695312e-08,3.8736479914279244e-08,1.1542389828584842e-07,0.02244892158672536,0.08249377667248035,0.022448956138506188,0.08249373569783776,2.444539829591873e-07,5.083895358214386e-07
8,1301,325,29,0.9416666666666667,work,1,2.2887833992611187e-16,0.0,0.008799503032717579,0.022181474259662777,0.022014468579622984,0.0848809263043125,0.03044662247601587,0.09264536688160109,9.193871635762727e-08,5.040030039932671e-07
8,1302,325,29,0.95,work,2,2.2887833992611187e-16,0.0,0.005887419239558609,0.01481591757669036,0.021637586641794528,0.08742633038144922,0.02724233987850021,0.09178392639504446,2.2790716681888466e-07,5.247240323322731e-07
8,1303,325,29,0.9583333333333334,work,3,2.2887833992611187e-16,0.0,0.0029544932612940115,0.007422775924394403,0.021319737177856003,0.08996944311667947,0.024109899542609947,0.09173975468970964,2.1109193149683947e-07,6.53615957482499e-07
8,1304,325,29,0.9666666666666667,work,4,2.2887833992611187e-16,0.0,4.77432760640887e-09,4.2146848510894035e-08,0.021070795672122083,0.09249337787735626,0.021070796456773545,0.09249339603953775,1.7482125137636295e-07,6.769786293268563e-07
8,1305,326,30,0.975,work,1,2.498001805406602e-16,0.0,0.00818694193377837,0.01937274056054813,0.020633789614229306,0.09491933567794399,0.02844164085446963,0.10027983174651978,1.1537460576671029e-07,6.848052318737575e-07
8,1306,326,30,0.9833333333333333,work,2,2.498001805406602e-16,0.0,0.005478803109932788,0.012937035700445963,0.020277184529549158,0.09741282073293026,0.025466061307203802,0.10030436718923572,1.3232016928052158e-07,3.804905812383808e-07
8,1307,326,30,0.9916666666666667,work,3,2.498001805406602e-16,0.0,0.0027500061416437208,0.006480294106010469,0.02000439022629549,0.09988848632765653,0.02258752374750573,0.10100013870376227,9.598485620258371e-08,3.1959430261741937e-07
8,1308,326,30,1.0,work,4,2.498001805406602e-16,0.0,5.06231581772589e-08,1.1920928955078128e-07,0.0198172940392387,0.10230521012313344,0.019817341404741718,0.10230515487098064,2.691465646642259e-07,7.432677694165705e-07
8,1309,327,31,1.0083333333333333,work,1,3.4219371797089426e-16,0.0,0.007454289126523312,0.016188395244832836,0.019434983116400663,0.10458765298557436,0.026529631235984383,0.10760524505639821,2.606740948329939e-07,8.627244726497078e-07
8,1310,327,31,1.0166666666666666,work,2,3.4219371797089426e-16,0.0,0.004987152068167614,0.010812747027496489,0.019140308901645732,0.10688552180372332,0.023852742984647343,0.10838348239121359,2.6570996097480535e-07,6.405766385854712e-07
8,1311,327,31,1.025,work,3,3.4219371797089426e-16,0.0,0.0025025560071853556,0.005417360068811847,0.01893613262696516,0.1091213602813806,0.02128158311789819,0.10962498475730932,2.3221012954060647e-07,3.1959430261741937e-07
8,1312,327,31,1.0333333333333332,work,4,3.4219371797089426e-16,0.0,9.570760577055633e-09,0.0,0.01882215900298308,0.11125503579852139,0.018822155127541967,0.1112550251445053,2.1414006893902876e-07,6.350063011843742e-07
8,1313,328,32,1.0416666666666667,work,1,7.850462293418876e-17,0.0,0.006777620002611539,0.013064724143746313,0.01854709640250644,0.11296008769992166,0.02499744438110387,0.11324361290520715,1.2322462046444494e-07,2.5809568279517867e-07
8,1314,328,32,1.05,work,2,7.850462293418876e-17,0.0,0.0045308253420419985,0.008724536232857563,0.018351444377133742,0.11467677594766279,0.022636003892948297,0.11451408238017567,1.7014637696133738e-07,3.6256089987148215e-07
8,1315,328,32,1.0583333333333333,work,3,7.850462293418876e-17,0.0,0.0022716727253507193,0.004370008120765841,0.01823460932774949,0.11633063700558381,0.02036804534807934,0.11608353194109515,1.729615294175851e-07,2.2302015940987725e-07
8,1316,328,32,1.0666666666666667,work,4,7.850462293418876e-17,0.0,6.237621773053103e-09,2.9802322387695312e-08,0.018192144056223568,0.11789635441280728,0.01819214338034404,0.11789637288727724,8.162712249139825e-08,8.150812584863566e-07
8,1317,329,33,1.075,work,1,1.7772239894833365e-16,0.0,0.006191392174349437,0.01063038787833342,0.018012910400000175,0.11902276888954688,0.023920032533648366,0.11705989834419604,8.899180756721215e-08,4.0535540904806456e-07
8,1318,329,33,1.0833333333333333,work,2,1.7772239894833365e-16,0.0,0.004134947986285736,0.007092053574146952,0.017892322250456522,0.12014312191414066,0.021819081965790157,0.11861080694308997,9.182743310399533e-08,3.8628224721001805e-07
8,1319,329,33,1.0916666666666666,work,3,1.7772239894833365e-16,0.0,0.002071236002663356,0.0035490029041172935,0.01782881647924141,0.12121227333327964,0.019786608476072245,0.12034142745006292,5.909024570152308e-08,4.860611686199943e-07
8,1320,329,33,1.1,work,4,1.7772239894833365e-16,0.0,2.6507449537652077e-08,9.424321830774485e-08,0.017820316536225653,0.12221760961399067,0.017820340400855957,0.12221751931582205,8.055318566739973e-08,7.300048299977715e-08
8,1321,330,34,1.1083333333333334,work,1,1.2719202621569003e-16,0.0,0.0057542297039320294,0.00880883954107401,0.01771786371941672,0.12285571601294934,0.023253252773171723,0.11936631294687769,1.1705660559783839e-07,5.004660971089217e-07
8,1322,330,34,1.1166666666666667,work,2,1.2719202621569003e-16,0.0,0.0038391959836772058,0.005874939022252267,0.01765700807068003,0.12348510634338898,0.021341173939022,0.12103317875171479,1.2053617714260744e-07,3.4498682328433513e-07
8,1323,330,34,1.125,work,3,1.2719202621569003e-16,0.0,0.0019212005408335703,0.0029387844106297917,0.01763860023875042,0.124052743852044,0.01947807466397654,0.12276899104180838,2.3189279976273703e-07,4.2357058535671e-07
8,1324,330,34,1.1333333333333333,work,4,1.2719202621569003e-16,0.0,9.738627651646725e-09,9.424321830774485e-08,0.01766141587939325,0.12455416834105525,0.017661406958229504,0.12455425658412411,4.309355877487738e-07,1.0950072449966708e-06
8,1325,331,35,1.1416666666666666,work,1,2.546262077003306e-15,0.0,0.005194529182854449,0.006428233393358847,0.017540451393230967,0.12498266842685907,0.022581384383451836,0.12126742630909255,1.1143756214597207e-07,6.886851792509198e-07
8,1326,331,35,1.15,work,2,2.546262077003306e-15,0.0,0.0034631596702660358,0.0042822824236825804,0.017451386330729162,0.12530765172838743,0.020809167416857777,0.12278478488529657,2.069507562506836e-07,8.301966355552804e-07
8,1327,331,35,1.1583333333333332,work,3,2.546262077003306e-15,0.0,0.0017316631308557414,0.0021397261181187992,0.017399337516695475,0.1255147997198012,0.019077193276502296,0.12423286364322259,1.1263977234358722e-07,3.839760639287575e-07
8,1328,331,35,1.1666666666666667,work,4,2.546262077003306e-15,0.0,9.525387905350365e-09,0.0,0.017385152373755274,0.12560850897721923,0.017385148615376298,0.125608490141249,1.2117290660484367e-07,1.6858739404357617e-07
8,1329,332,36,1.175,work,1,4.484050470211362e-16,0.0,0.004627077497463355,0.003976787288415373,0.01721009289305458,0.12571523635802107,0.021702849277995064,0.12256049838615596,2.1036824750710676e-07,6.623897186187795e-07
8,1330,332,36,1.1833333333333333,work,2,4.484050470211362e-16,0.0,0.003083761592490374,0.0026416035047852264,0.017077792168541637,0.12562148209615398,0.02007349460195011,0.12352288218055793,2.811563277637444e-07,3.816559456248795e-07
8,1331,332,36,1.1916666666666667,work,3,4.484050470211362e-16,0.0,0.0015414310643063604,0.0013160929538714504,0.016995561274852817,0.12533368732371863,0.01849376233942905,0.12428684820242804,1.697025285175813e-07,4.70272715033875e-07
8,1332,332,36,1.2,work,4,4.484050470211362e-16,0.0,5.19452937945354e-09,2.9802322387695312e-08,0.016961994594481944,0.12485392638937283,0.016961992210912685,0.12485393953827349,2.576500051640159e-07,4.6169559314339464e-07
8,1333,333,37,1.2083333333333333,work,1,3.5175196281927635e-15,0.0,0.0042039878127800795,0.0038019017858392486,0.016821595144569462,0.12425736039137876,0.020905241631080592,0.12166312906407493,2.326718025616448e-07,7.55122867782116e-07
8,1334,333,37,1.2166666666666666,work,2,3.5175196281927635e-15,0.0,0.002801487090783586,0.0025204510193222182,0.016733059265595034,0.12342469989072213,0.019457397924602934,0.1217286599484036,2.4590545376575885e-07,3.769728732309799e-07
8,1335,333,37,1.225,work,3,3.5175196281927635e-15,0.0,0.0014001638529798396,0.0012531527952964585,0.016695514626252468,0.12232446312545368,0.018058371888402668,0.1214913699827948,1.4851013233874722e-07,4.5783196376971154e-07
8,1336,333,37,1.2333333333333334,work,4,3.5175196281927635e-15,0.0,8.562881218223784e-09,0.0,0.01670830580536498,0.1210493739393702,0.016708303643848305,0.1210493737531967,1.4852823184760063e-07,2.950279395762585e-07
9,1337,334,1,0.008333333333333333,startup,1,1.2586013583571652e-16,0.0,0.009229551331126584,0.029756834244297137,0.002834452747421536,0.008650076198771768,0.01205208130320383,0.038406216621889866,1.126557635297046e-07,8.041106202144702e-07
9,1338,334,1,0.016666666666666666,startup,2,1.2586013583571652e-16,0.0,0.006171521872328081,0.019842362567407543,0.005290771846343756,0.015679729576623183,0.011421032145269393,0.035521708051588885,1.3187765846416181e-07,5.551557543932562e-07
9,1339,334,1,0.025,startup,3,1.2586013583571652e-16,0.0,0.003094959303988191,0.009923477474962292,0.007346579491216096,0.021275859131489838,0.010387298913544294,0.03119618412503545,1.2123266757175809e-07,4.805480091749769e-07
9,1340,334,1,0.03333333333333333,startup,4,1.2586013583571652e-16,0.0,1.7599591123821858e-08,8.429369702178807e-08,0.009016997655714414,0.02571648804825039,0.009016997201638859,0.02571656197930487,3.315700574056602e-08,4.85146659496419e-07
9,1341,335,2,0.041666666666666664,work,1,1.3877787807814457e-17,2.9802322387695312e-08,0.005840648052527309,0.02070729232002605,0.009377747454843231,0.026216269272539172,0.015138161475441473,0.04681953895717792,1.76356699982105e-07,6.899736465686728e-07
9,1342,335,2,0.05,work,2,1.3877787807814457e-17,2.9802322387695312e-08,0.0038974252052045638,0.013806761364777306,0.00975103004499304,0.026652905083953907,0.013559313140706828,0.04042489035021711,7.587424710134278e-08,7.667947012346199e-07
9,1343,335,2,0.058333333333333334,work,3,1.3877787807814457e-17,2.9802322387695312e-08,0.0019505316532367214,0.006904403837820391,0.010178200589769449,0.02728150628628562,0.012030699330175372,0.03412777016429517,1.7820564032314388e-07,6.597025281542168e-07
9,1344,335,2,0.06666666666666667,work,4,1.3877787807814457e-17,2.9802322387695312e-08,5.203975196791632e-08,1.976862424823881e-07,0.010653571588864449,0.028269846256566897,0.010653542133520273,0.02826999576887642,1.198691395472614e-07,5.487189483500131e-07
9,1345,336,3,0.075,work,1,3.469446951953614e-17,0.0,0.00606819409959508,0.0222556090378569,0.011378078059936464,0.030245469532869454,0.01719498999607665,0.05206225525497671,1.6512700631321176e-07,4.0644948771553874e-07
9,1346,336,3,0.08333333333333333,work,2,3.469446951953614e-17,0.0,0.00404711762212406,0.014827049017204623,0.012128700009154085,0.03279558477973396,0.015877217287107705,0.04705602436190949,1.3136315050221637e-07,2.493441183966625e-07
9,1347,336,3,0.09166666666666666,work,3,3.469446951953614e-17,0.0,0.0020243422247996244,0.007408627528397709,0.01283677544946696,0.03574852949930849,0.014632771635454329,0.042695136308787095,1.3405998527913213e-07,7.533564960816272e-07
9,1348,336,3,0.1,work,4,3.469446951953614e-17,0.0,5.7580267337213934e-08,1.264405455326821e-07,0.013453547985777201,0.03899860576266691,0.013453503402279826,0.038998625148098244,2.4428872901428894e-07,5.247240323322731e-07
9,1349,337,4,0.10833333333333334,work,1,1.249000902703301e-16,0.0,0.0060312468720855284,0.025367097380953284,0.014023227405179806,0.04314784730380428,0.019466456406809364,0.0665187025329638,2.0423986568905733e-07,5.778884717722352e-07
9,1350,337,4,0.11666666666666667,work,2,1.249000902703301e-16,0.0,0.00402449840293897,0.016893917317290997,0.01447723030765444,0.0478374742536239,0.01800408961532981,0.06334545286611434,1.5563784703787847e-07,2.7637536810325715e-07
9,1351,337,4,0.125,work,3,1.249000902703301e-16,0.0,0.0020140888880439784,0.008438186195906255,0.014812686366017493,0.05280305981664063,0.016523507517703265,0.06051265319894097,1.393815873582874e-07,3.6983709472390636e-07
9,1352,337,4,0.13333333333333333,work,4,1.249000902703301e-16,0.0,3.5102450575959716e-08,1.2287812309317772e-07,0.015035369466067865,0.05793300821060341,0.01503539960271883,0.057933073137993396,1.6912296181352132e-07,5.693725697559972e-07
9,1353,338,5,0.14166666666666666,work,1,1.6667795129466247e-16,0.0,0.00580013777395282,0.029037404966192434,0.015129335630458539,0.06366863192704371,0.020222767576735464,0.09004013601220989,2.1048041151657964e-07,5.057621821307297e-07
9,1354,338,5,0.15,work,2,1.6667795129466247e-16,0.0,0.003871163807623864,0.019348216758351487,0.01515398592963704,0.06989173995273659,0.018483792369685132,0.08761396192551138,2.1582697019212122e-07,5.670278546345386e-07
9,1355,338,5,0.15833333333333333,work,3,1.6667795129466247e-16,0.0,0.0019378012261740195,0.009669154778015757,0.015005135722103873,0.07639289479395132,0.016644814601250467,0.08530265218770977,1.2779681959179455e-07,4.878850443287176e-07
9,1356,338,5,0.16666666666666666,work,4,1.6667795129466247e-16,0.0,5.7745680814959314e-08,1.2990531157078367e-07,0.014526093207379562,0.0829124978263939,0.014526043896627596,0.08291252074586473,8.759926568236415e-08,4.031583445807906e-07
9,1357,339,6,0.175,work,1,8.355534721610419e-17,2.9802322387695312e-08,0.005694792030854312,0.03136730166794628,0.013791788561310967,0.09064400260101461,0.018769869370060355,0.11912350689539446,2.120800103503358e-07,4.0205531010723307e-07
9,1358,339,6,0.18333333333333332,work,2,8.355534721610419e-17,2.9802322387695312e-08,0.003800869204820093,0.020910736776094414,0.013278945844918259,0.09729113868394565,0.01662313031040011,0.11649965914461538,1.2495359632126299e-07,4.256623046721735e-07
9,1359,339,6,0.19166666666666665,work,3,8.355534721610419e-17,2.9802322387695312e-08,0.0019025835246744846,0.010454858267709246,0.012933616517469862,0.10341309313964717,0.014604094157475739,0.11309714043943149,1.9609658720003376e-07,6.230039882769273e-07
9,1360,339,6,0.2,work,4,8.355534721610419e-17,2.9802322387695312e-08,3.121409645536242e-08,1.3657139822709086e-07,0.0127285720926728,0.10907881561160247,0.012728548169792811,0.10907870645391017,2.1003509099581214e-07,4.3597039098524516e-07
9,1361,340,7,0.20833333333333334,work,1,2.7833528704240246e-16,0.0,0.0051835211713864605,0.030354619679629213,0.012369136739244937,0.11335727436853986,0.016827485036566565,0.14126567704654974,2.93921098756366e-07,6.529361695112807e-07
9,1362,340,7,0.21666666666666667,work,2,2.7833528704240246e-16,0.0,0.0034589983848036174,0.02023700915843262,0.012046372256501089,0.1174957450311194,0.014991210330677416,0.13621038294291613,6.694787198825623e-08,6.093099206763789e-07
9,1363,340,7,0.225,work,3,2.7833528704240246e-16,0.0,0.0017311375141647175,0.010118732134436972,0.011636348679101557,0.12110806604273527,0.013115576837859818,0.13052277899874096,2.0183463041637505e-07,8.560065398421992e-07
9,1364,340,7,0.23333333333333334,work,4,2.7833528704240246e-16,0.0,3.789729729432739e-08,5.960464477539063e-08,0.011078664549583443,0.12362600383765628,0.011078689133865787,0.12362597893595681,2.3339315371663604e-07,6.710487752674672e-07
9,1365,341,8,0.24166666666666667,work,1,7.076311083754595e-17,0.0,0.0063130479969037675,0.033731029689879566,0.010380358635281889,0.1273079114847563,0.015317296006175901,0.15727974819916457,1.764482659296389e-07,1.022006761996891e-06
9,1366,341,8,0.25,work,2,7.076311083754595e-17,0.0,0.004208117838466466,0.022458184123616838,0.010006363912851942,0.13038566629795262,0.01347966648138256,0.15050149458404832,4.020293081128097e-07,9.414892792064821e-07
9,1367,341,8,0.2583333333333333,work,3,7.076311083754595e-17,0.0,0.0021037975434521016,0.01121458679041404,0.009880821672799736,0.13256361382250217,0.011694267530893013,0.14267489051410662,3.1565137686104924e-07,6.743495761743077e-07
9,1368,341,8,0.26666666666666666,work,4,7.076311083754595e-17,0.0,4.83826387627292e-08,1.931411236050088e-07,0.009922831601442023,0.13393392656542497,0.009922822877783687,0.13393408690751785,1.6540895029683184e-07,6.384934570082617e-07
9,1369,342,9,0.275,work,1,5.551115123125783e-17,0.0,0.006057688757459556,0.02818822912439236,0.009712890991380774,0.1324143774801561,0.014943876585137806,0.1574221323796575,1.9951010371665734e-07,9.610960183499607e-07
9,1370,342,9,0.2833333333333333,work,2,5.551115123125783e-17,0.0,0.004030520654973588,0.018745242033632384,0.009748357117614959,0.1301434434693783,0.013366787724451816,0.14684554167644784,7.677814382222711e-08,9.771344846937158e-07
9,1371,342,9,0.2916666666666667,work,3,5.551115123125783e-17,0.0,0.002011485867312368,0.009349278966176716,0.009947391366300686,0.12745165315794865,0.011794994852197507,0.1358150666216779,1.2453688754313035e-07,5.013526630777349e-07
9,1372,342,9,0.3,work,4,5.551115123125783e-17,0.0,2.485171221631118e-08,9.424321830774485e-08,0.010280898210454704,0.12398499394386203,0.01028090627397283,0.12398506707452532,1.5931610269578772e-07,7.336457744295144e-07
9,1373,343,10,0.30833333333333335,work,1,2.5018537765542006e-17,0.0,0.0031620472904596592,0.029454545104098884,0.009899598441204355,0.12010165083825831,0.012854427338438276,0.14642748234763145,2.6296079948631804e-07,6.556510925292998e-07
9,1374,343,10,0.31666666666666665,work,2,2.5018537765542006e-17,0.0,0.0020939759187786175,0.019616089680875432,0.009636719620124355,0.11635924941986694,0.011587813329929909,0.1339595698989498,1.3051537768966991e-07,5.21327724591969e-07
9,1375,343,10,0.325,work,3,2.5018537765542006e-17,0.0,0.0010402342711346635,0.009798061514331836,0.009456856076866142,0.11283429285967878,0.010411631509940957,0.12165742488458896,2.3230276734829575e-07,7.996802249550121e-07
9,1376,343,10,0.3333333333333333,work,4,2.5018537765542006e-17,0.0,3.548738481308964e-08,1.032382731180714e-07,0.008983067178648463,0.11044824831349302,0.008983043994443772,0.11044817757166181,2.679719226238188e-07,5.430241572346883e-07
9,1377,344,11,0.3416666666666667,work,1,2.8108944478312656e-16,0.0,0.0034612521797782606,0.03286875619979294,0.0079350016841961,0.10744559078385575,0.009952291271898972,0.13754783757849445,2.4331724216041675e-07,2.2696772533249593e-07
9,1378,344,11,0.35,work,2,2.8108944478312656e-16,0.0,0.0023091979071350214,0.02193037647081462,0.007117158439410309,0.10370062724933665,0.008462917785324283,0.12398808582406289,2.923133944425617e-07,8.895880911707534e-07
9,1379,344,11,0.35833333333333334,work,3,2.8108944478312656e-16,0.0,0.0011560176712917035,0.010974432019405183,0.00658888798169324,0.09990187748477104,0.007261239076538495,0.11013444951128394,2.1500781817937325e-07,7.586432731960971e-07
9,1380,344,11,0.36666666666666664,work,4,2.8108944478312656e-16,0.0,1.4061990353956595e-08,1.3978528260658475e-07,0.0062340872696083835,0.09659763151194181,0.006234097070819276,0.09659772611241342,3.778813447506369e-07,9.55999787589645e-07
9,1381,345,12,0.375,work,1,5.551115123125783e-17,0.0,0.006023388300015274,0.03476263184726283,0.006519537338826606,0.09406963001697556,0.011461563774479483,0.1273152163558045,4.4303137208449394e-07,8.688795409866194e-07
9,1382,345,12,0.3833333333333333,work,2,5.551115123125783e-17,0.0,0.004021653829260351,0.02323250132063353,0.006834595810633344,0.09172883234511678,0.010189105361253177,0.11401935214276762,2.603642808047332e-07,6.384934570082617e-07
9,1383,345,12,0.39166666666666666,work,3,5.551115123125783e-17,0.0,0.0020145235592731793,0.01164532631705572,0.007177005845682365,0.08911211414933075,0.00886917229264223,0.10031108795166085,1.926145684958914e-07,7.963412532739327e-07
9,1384,345,12,0.4,work,4,5.551115123125783e-17,0.0,7.213869178363981e-09,4.2146848510894035e-08,0.007532781494502033,0.08644298198469812,0.00753278813588299,0.08644295457790184,3.926671924009517e-08,5.004660971089217e-07
9,1385,346,13,0.4083333333333333,work,1,2.0026854743534788e-16,0.0,0.006631160803379781,0.036247091360341016,0.008235660507783762,0.08426526715530701,0.014564834296341336,0.12000413804161485,7.317275122284709e-08,4.842304232499588e-07
9,1386,346,13,0.4166666666666667,work,2,2.0026854743534788e-16,0.0,0.004423080515691025,0.02423044989982225,0.008904234547419601,0.08236575419941151,0.013115007911354977,0.1062056128682842,1.4388679853600036e-07,4.3597039098524516e-07
9,1387,346,13,0.425,work,3,2.0026854743534788e-16,0.0,0.0022134030735434513,0.012148295461832688,0.009543776823545085,0.0805333243884243,0.011640290808026501,0.09241919104524515,9.735130654525057e-08,3.5009801758738595e-07
9,1388,346,13,0.43333333333333335,work,4,2.0026854743534788e-16,0.0,1.4557095187482039e-08,4.2146848510894035e-08,0.010145132203999303,0.07890124239452453,0.010145118128117714,0.0789012793285413,1.4587400381594068e-07,2.563692708922217e-07
9,1389,347,14,0.44166666666666665,work,1,3.469446951953614e-17,0.0,0.0054960628305151926,0.03970098489643377,0.010249084621971655,0.07899163461279987,0.015338907689586085,0.11850102020998325,9.70621015215976e-08,5.380949403425408e-07
9,1390,347,14,0.45,work,2,3.469446951953614e-17,0.0,0.0036808649118046234,0.026536326556234925,0.010381723172068279,0.07988019763673833,0.013848245668309271,0.1061755263608965,2.0213877721158641e-07,2.7637536810325715e-07
9,1391,347,14,0.4583333333333333,work,3,3.469446951953614e-17,0.0,0.0018493942037511324,0.013302891032583983,0.010523300330590802,0.08145083851402765,0.012294428188624196,0.09445698353729465,1.7729638342479887e-07,2.528810910653644e-07
9,1392,347,14,0.4666666666666667,work,4,3.469446951953614e-17,0.0,1.7048346859668173e-08,7.300048299977715e-08,0.010734916662540464,0.08356693037703762,0.010734928046769305,0.08356689263138864,1.3790786632732133e-07,6.710487752674672e-07
9,1393,348,15,0.475,work,1,1.8041124150158794e-16,0.0,0.009147159249097061,0.04362497483235719,0.011059276571156648,0.08843412308479559,0.0187463655936803,0.13127124372753063,3.6151957197206904e-07,5.923094425902325e-07
9,1394,348,15,0.48333333333333334,work,2,1.8041124150158794e-16,0.0,0.006114621518417167,0.029099533679251388,0.012139694068202096,0.09428563638251902,0.017731192672994747,0.12237969621934498,1.4216856817278837e-07,4.214684851089411e-07
9,1395,348,15,0.49166666666666664,work,3,1.8041124150158794e-16,0.0,0.0030654938088666706,0.014557866636457306,0.013587552127618103,0.10094465887940798,0.016538941376084786,0.11471990659711133,3.6723497071666453e-07,4.086288571596775e-07
9,1396,348,15,0.5,work,4,1.8041124150158794e-16,0.0,4.019640287209914e-08,1.1542389828584842e-07,0.01520065994909657,0.1081796845548314,0.015200661174424146,0.10817958489839354,2.3136310481286696e-07,1.632340423778195e-07
9,1397,349,16,0.5083333333333333,work,1,1.2118257228641695e-16,0.0,0.015010548606517286,0.04083422833873274,0.01863402746806931,0.11622650499685756,0.03341798432166199,0.15575520710599833,2.3418255322605734e-07,1.4600096599955432e-07
9,1398,349,16,0.5166666666666666,work,2,1.2118257228641695e-16,0.0,0.009975745024028072,0.02714681894818887,0.02241342682174693,0.1249163013225666,0.03236414261850331,0.15094292128378395,2.233500345050647e-07,1.6593230851978133e-07
9,1399,349,16,0.525,work,3,1.2118257228641695e-16,0.0,0.004972070008240879,0.01353538307995073,0.026291695146961253,0.13425525171376493,0.031241792974235842,0.14710968920184012,3.755370143810262e-07,7.324341373112546e-07
9,1400,349,16,0.5333333333333333,work,4,1.2118257228641695e-16,0.0,4.417833428748056e-08,2.9802322387695312e-08,0.030079645349476554,0.14348175993519932,0.03007962677238662,0.14348171150626773,3.143678502343381e-07,5.900558791525186e-07
9,1401,350,17,0.5416666666666666,work,1,1.2432050435751766e-16,0.0,0.014511759984817504,0.02603248380933925,0.03372977489704208,0.14784957814249752,0.04814578997493304,0.17227037865710362,1.926727246157239e-07,3.9537248496477665e-07
9,1402,350,17,0.55,work,2,1.2432050435751766e-16,0.0,0.009638626685253933,0.01730891366814754,0.037021566905860975,0.15128254494380122,0.04649555593513078,0.16749982323665094,1.1201521045845921e-07,4.5976783694450694e-07
9,1403,350,17,0.5583333333333333,work,3,1.2432050435751766e-16,0.0,0.004801263109925016,0.00863148932679221,0.039765005914821204,0.1533282054964869,0.044421821891832206,0.161410707238982,2.8681226173393855e-07,4.823927300047483e-07
9,1404,350,17,0.5666666666666667,work,4,1.2432050435751766e-16,0.0,7.741937007027242e-09,1.4600096599955432e-07,0.041856559688880364,0.1537554867556714,0.04185656385637746,0.15375551019696707,2.3079248956887394e-07,5.204751848153182e-07
9,1405,351,18,0.575,work,1,1.689731085869606e-16,0.0,0.014229380393376753,0.020523382359815556,0.04333041556250469,0.14855128098056178,0.05691025043676772,0.16110797246681136,2.0075436098626127e-07,5.535535699429145e-07
9,1406,351,18,0.5833333333333334,work,2,1.689731085869606e-16,0.0,0.00945060429345519,0.013790223748451957,0.04411960991555822,0.14211537809767935,0.053053779436767,0.15068153810458354,1.6939458719295305e-07,3.526258339345231e-07
9,1407,351,18,0.5916666666666667,work,3,1.689731085869606e-16,0.0,0.0047073497865663975,0.006949015300324374,0.04426043575872657,0.1345558563131684,0.048671809836291054,0.13892402150308064,9.25273196762645e-08,5.543552409928541e-07
9,1408,351,18,0.6,work,4,1.689731085869606e-16,0.0,4.065857412912623e-08,7.300048299977715e-08,0.04382350816346234,0.12609298066656333,0.04382347715796327,0.12609292720953605,2.26971916851637e-07,4.91512492372712e-07
9,1409,352,19,0.6083333333333333,work,1,1.1775693440128312e-16,0.0,0.012328612050331214,0.021528493902212703,0.04251296258280231,0.11311432851178214,0.05429924382729904,0.11771483019434655,9.601854917779552e-08,3.601028315304097e-07
9,1410,352,19,0.6166666666666667,work,2,1.1775693440128312e-16,0.0,0.008213142104988344,0.014500784296802937,0.04087271350188205,0.1001548544939105,0.04870134372505564,0.10372343820681837,1.4059063261212554e-07,5.527507362065157e-07
9,1411,352,19,0.625,work,3,1.1775693440128312e-16,0.0,0.0041036770598902456,0.007325418724272833,0.03897640957670678,0.08758379528157204,0.04287619819468085,0.08963792436388297,3.530561162246522e-07,6.419616707723769e-07
9,1412,352,19,0.6333333333333333,work,4,1.1775693440128312e-16,0.0,1.6247520210181402e-08,7.300048299977715e-08,0.03690778029002387,0.07587969598803691,0.03690776879889389,0.07587964075631355,2.0482610169868408e-07,1.6858739404357617e-07
9,1413,353,20,0.6416666666666666,work,1,6.798699777552591e-17,0.0,0.010163838481762607,0.022785915952932608,0.034048567708114874,0.06252593934051658,0.04376234432890786,0.06771249978695967,8.658693893099654e-08,6.063875540904964e-07
9,1414,353,20,0.65,work,2,6.798699777552591e-17,0.0,0.00679203963704968,0.015244685013974824,0.03127026823543018,0.051397236011906974,0.03777471626741656,0.05602791477328016,8.96686365508869e-08,5.638864019043613e-07
9,1415,353,20,0.6583333333333333,work,3,6.798699777552591e-17,0.0,0.0034042494222765508,0.0076512591241384015,0.028629876056326907,0.0436792396527135,0.03189308128794514,0.046600299133357885,7.689657925133682e-08,6.763223241514129e-07
9,1416,353,20,0.6666666666666666,work,4,6.798699777552591e-17,0.0,1.6491257912732268e-08,5.960464477539063e-08,0.026178113829644228,0.04054033455686534,0.02617812703477514,0.040540380973836075,2.2434235989747586e-08,3.9537248496477665e-07
9,1417,354,21,0.675,work,1,3.4394802926312277e-16,0.0,0.009220318714275002,0.021378596709329876,0.023618059455040915,0.040356144394080015,0.03263906679023581,0.052072624712193746,9.490503010236189e-08,5.670278546345386e-07
9,1418,354,21,0.6833333333333333,work,2,3.4394802926312277e-16,0.0,0.006169683337309203,0.014308643640678942,0.021346800614022655,0.04387958327520161,0.02738014446086422,0.0511583899239645,8.495312354509977e-08,2.950279395762585e-07
9,1419,354,21,0.6916666666666667,work,3,3.4394802926312277e-16,0.0,0.0030964309664703355,0.007183892453027965,0.019379262137784407,0.04953947356297436,0.02240069277653895,0.052740724057547664,1.7972070964249143e-07,3.6983709472390636e-07
9,1420,354,21,0.7,work,4,3.4394802926312277e-16,0.0,4.8572849423891976e-08,2.5463115409962945e-07,0.017721667185380437,0.05607981447633673,0.017721622996564528,0.05608000625332468,9.15242461203574e-08,4.042583693936634e-07
9,1421,355,22,0.7083333333333334,work,1,1.689731085869606e-16,0.0,0.009649434273148901,0.016444746247364046,0.016437227192830278,0.062341868502349115,0.02591657241919617,0.07032484654409502,1.409372060403555e-07,5.607273495860947e-07
9,1422,355,22,0.7166666666666667,work,2,1.689731085869606e-16,0.0,0.0064578627501603566,0.01112038111193868,0.015438963090054804,0.06860879866140601,0.021752991835672704,0.07324111514628034,1.0262638640340019e-07,7.014633593523431e-07
9,1423,355,22,0.725,work,3,1.689731085869606e-16,0.0,0.0032416961893026917,0.0056403996070967756,0.014701345079105869,0.07465097215797535,0.017849128716499834,0.07665932736780182,2.284329103805692e-07,6.208618478774947e-07
9,1424,355,22,0.7333333333333333,work,4,1.689731085869606e-16,0.0,5.87738464163722e-08,1.7120130796843858e-07,0.0142120253743099,0.08029811348979757,0.014212079549214985,0.08029814050798778,6.906169706206638e-08,2.889442358861168e-07
9,1425,356,23,0.7416666666666667,work,1,1.576213700060856e-16,0.0,0.00924290207619994,0.015236428919579301,0.013740299284273913,0.08518546733847605,0.02276267205222383,0.0903372142747418,1.0990278425898739e-07,7.09645801770134e-07
9,1426,356,23,0.75,work,2,1.576213700060856e-16,0.0,0.006189243825773536,0.010314827045572841,0.013465491389523986,0.08975922592182632,0.019453747112309492,0.0927951269888586,1.377669231326443e-07,6.93824692179136e-07
9,1427,356,23,0.7583333333333333,work,3,1.576213700060856e-16,0.0,0.0031085260313526127,0.0052375196640407785,0.01336040799655689,0.09403808698114796,0.016331464245194317,0.09537749598453663,1.087798498061658e-07,1.8848643661548975e-07
9,1428,356,23,0.7666666666666666,work,4,1.576213700060856e-16,0.0,2.15338269003181e-08,1.6858739404357617e-07,0.013396522035329636,0.09806162956897571,0.01339654238894688,0.09806150433104045,2.1498406253867712e-07,1.0066834541591833e-06
9,1429,357,24,0.775,work,1,1.1188630228279524e-16,0.0,0.009232962511581878,0.018677853470377682,0.013355127106189668,0.10136433712580482,0.022122329173523525,0.10549558939893107,1.9227227056088522e-07,9.866324280051598e-07
9,1430,357,24,0.7833333333333333,work,2,1.1188630228279524e-16,0.0,0.006189516705271058,0.012568299661684249,0.013420375685476818,0.10454218470785534,0.019245571429872498,0.10695615388807607,1.8156854962560316e-07,1.1332722509999156e-06
9,1431,357,24,0.7916666666666666,work,3,1.1188630228279524e-16,0.0,0.0031121746171578722,0.006344645926231601,0.013569232222564943,0.10760356812050532,0.01646243682735189,0.10864830550935874,2.2940972486891506e-07,5.91559208669641e-07
9,1432,357,24,0.8,work,4,1.1188630228279524e-16,0.0,5.4484833971364246e-08,1.264405455326821e-07,0.013781059629354175,0.11058010727984298,0.013781112336109989,0.11058003351365989,8.892269967786538e-08,2.528810910653644e-07
9,1433,358,25,0.8083333333333333,work,1,1.1102230246251565e-16,0.0,0.009363875613247967,0.022396534693188468,0.01381169112531043,0.11307086039810947,0.022529098958360992,0.1170494066434564,1.8646297542847827e-07,7.760057786876928e-07
9,1434,358,25,0.8166666666666667,work,2,1.1102230246251565e-16,0.0,0.006286457194691282,0.015009861770356962,0.013913654045412267,0.11566686778054712,0.019735471359828102,0.1179602865563471,1.3528868081389233e-07,5.083895358214386e-07
9,1435,358,25,0.825,work,3,1.1102230246251565e-16,0.0,0.003165841151309454,0.007548483226816309,0.014062408527950576,0.11835232094348425,0.016967377738660354,0.11931716217338123,2.1406804124373693e-07,2.598106231415675e-07
9,1436,358,25,0.8333333333333334,work,4,1.1102230246251565e-16,0.0,2.951302673042939e-08,0.0,0.014248359896808449,0.1211352899494868,0.014248388881333217,0.12113528897000611,2.0540289139500434e-07,3.746093836419747e-07
9,1437,359,26,0.8416666666666667,work,1,2.2929868617541516e-16,0.0,0.009842048585339677,0.02485063020234704,0.014311466264866594,0.12386540356224261,0.023514349447704693,0.12830295000993158,1.5588185325727383e-07,3.769728732309799e-07
9,1438,359,26,0.85,work,2,2.2929868617541516e-16,0.0,0.006622590986892139,0.016675227436663505,0.014438323141302542,0.12690880830133386,0.020605877779382675,0.1294244815077276,7.407084996739805e-08,1.6858739404357617e-07
9,1439,359,26,0.8583333333333333,work,3,2.2929868617541516e-16,0.0,0.0033431645751033417,0.008399805296674986,0.014620976519138372,0.1301623125575771,0.017709961995190152,0.13119466090338183,1.9429030695416303e-07,5.908080220699036e-07
9,1440,359,26,0.8666666666666667,work,4,2.2929868617541516e-16,0.0,3.720947566851119e-09,4.2146848510894035e-08,0.014857575494607062,0.1335844497240109,0.014857577999071949,0.13358442169415,2.1165225901902445e-07,3.7932163659804686e-07
9,1441,360,27,0.875,work,1,2.2215299868541707e-16,0.0,0.00973713539865607,0.0250869239908036,0.014752744358125812,0.13749924566076746,0.02393252826238279,0.14239331147445336,2.4260909483498446e-08,2.889442358861168e-07
9,1442,360,27,0.8833333333333333,work,2,2.2215299868541707e-16,0.0,0.006577968823715181,0.016884740986291058,0.014751175759540104,0.14181383058303856,0.020922828709501,0.1445068257661589,2.3289919077077984e-07,1.0071244984099853e-06
9,1443,360,27,0.8916666666666666,work,3,2.2215299868541707e-16,0.0,0.0033347466054670137,0.0085387694453071,0.01486069371163547,0.1464067102656811,0.017961873582109326,0.14746835677153247,1.8105107622318115e-07,8.492354660496184e-07
9,1444,360,27,0.9,work,4,2.2215299868541707e-16,0.0,8.29310196963715e-10,0.0,0.01509166308813401,0.15121843994851322,0.01509166328023107,0.15121845932256292,1.8312501697434245e-07,9.054218251087333e-07
9,1445,361,28,0.9083333333333333,work,1,1.1114420827879992e-16,0.0,0.0095565765799611,0.0241331404977627,0.014872860002728807,0.1571743125595693,0.023931442592107017,0.16143781865615434,8.033695670486245e-08,3.3717478808715265e-07
9,1446,361,28,0.9166666666666666,work,2,1.1114420827879992e-16,0.0,0.006515790010117083,0.016348994550447523,0.014876414582471595,0.16404621797027244,0.021017357774115595,0.16615051128495623,2.0171957162906494e-07,2.346637211445515e-07
9,1447,361,28,0.9249999999999999,work,3,1.1114420827879992e-16,0.0,0.0033355740362134992,0.008346558896810583,0.015124503758257213,0.17161901966294915,0.01823577562767888,0.17230725801945412,1.651551262221342e-07,1.1920928955078128e-07
9,1448,361,28,0.9333333333333333,work,4,1.1114420827879992e-16,0.0,2.9127509213901187e-08,8.940696716308595e-08,0.015630509591544498,0.1797928582011538,0.015630480755146513,0.1797928331288419,1.2474726842312564e-07,3.6983709472390636e-07
9,1449,362,29,0.9416666666666667,work,1,1.7584997204881085e-16,0.0,0.009272486344552706,0.022695068144425446,0.01540863920311669,0.1908205216549758,0.02412826292891271,0.19384446049824955,7.93861846028355e-08,2.995096332168847e-07
9,1450,362,29,0.95,work,2,1.7584997204881085e-16,0.0,0.006436612847130849,0.015485681522814473,0.015627237020100253,0.20419945140530663,0.021647118293800637,0.20530623899290174,1.3590525840787409e-07,6.063875540904964e-07
9,1451,362,29,0.9583333333333334,work,3,1.7584997204881085e-16,0.0,0.003356984034758668,0.008029884023537399,0.01631267308024067,0.21954168283401893,0.019418130698023544,0.21966654501474822,4.798147301199222e-08,8.063166891615853e-07
9,1452,362,29,0.9666666666666667,work,4,1.7584997204881085e-16,0.0,1.1329845804792248e-08,5.960464477539063e-08,0.017466373666181128,0.23659143505570115,0.01746636260737841,0.23659149331588977,1.9558528844425327e-07,7.47438442944558e-07
9,1453,363,30,0.975,work,1,5.551115123125783e-17,0.0,0.008816272451119822,0.02280897588623333,0.017601980060594196,0.25890004092090807,0.02575187656088672,0.26085693376817587,8.646393589943198e-08,1.8848643661548975e-07
9,1454,363,30,0.9833333333333333,work,2,5.551115123125783e-17,0.0,0.006224189963923661,0.015687997635823635,0.018397928458032935,0.2862235826652495,0.0241505864392993,0.2868172615035145,1.7064082495345385e-07,4.768371582031262e-07
9,1455,363,30,0.9916666666666667,work,3,5.551115123125783e-17,0.0,0.00330214842052952,0.008234462827963487,0.019868327258124062,0.31771803376452734,0.02290731869948809,0.31770127301799284,2.7463421350277997e-07,3.526258339345231e-07
9,1456,363,30,1.0,work,4,5.551115123125783e-17,0.0,5.448048410455649e-09,0.0,0.021960201140755985,0.35266907302017514,0.021960206528833265,0.35266906316687635,1.837370246833504e-07,5.527507362065157e-07
9,1457,364,31,1.0083333333333333,work,1,3.469446951953614e-18,0.0,0.008049878578392188,0.024636641852752238,0.023138674693701042,0.38891056711272487,0.030717786329134304,0.3917193078863262,2.5977264368163056e-08,3.305237444165179e-07
9,1458,364,31,1.0166666666666666,work,2,3.469446951953614e-18,0.0,0.005539842059565275,0.017943518841848454,0.024483859767044147,0.42335121511729507,0.029785938453253807,0.4254988669899263,8.1287772344418e-08,7.480323551899914e-07
9,1459,364,31,1.025,work,3,3.469446951953614e-18,0.0,0.0028904211535471145,0.009808243376499721,0.025971855623851958,0.45520327939432537,0.028771335730591704,0.45645262916592744,1.3390506066028697e-07,4.161667836835672e-07
9,1460,364,31,1.0333333333333332,work,4,3.469446951953614e-18,0.0,4.275554848857226e-08,8.940696716308595e-08,0.027587805833082762,0.48446562770392654,0.027587847887424525,0.4844656141981368,1.3152017622233138e-07,2.68220901489258e-07
9,1461,365,32,1.0416666666666667,work,1,2.2929868617541516e-16,0.0,0.006076254013824769,0.015418538600073027,0.028003558126328973,0.5125530644415989,0.033802645800615885,0.5147820415019426,5.021766792028832e-08,4.1935584781975493e-07
9,1462,365,32,1.05,work,2,2.2929868617541516e-16,0.0,0.004072581203180883,0.010814912655005072,0.02828555717462967,0.540856925308562,0.032211607030680135,0.5424807984592543,9.016253521809855e-08,4.878850443287176e-07
9,1463,365,32,1.0583333333333333,work,3,2.2929868617541516e-16,0.0,0.0020543292962183863,0.005697101991146257,0.02846555006185405,0.5692648567156224,0.03046321700823066,0.5701456088518069,7.666376939210522e-08,4.655271575395269e-07
9,1464,365,32,1.0666666666666667,work,4,2.2929868617541516e-16,0.0,6.17580410408922e-08,1.2990531157078367e-07,0.02856817293328396,0.5977930419071261,0.028568233371062825,0.5977930428618101,7.801847373062416e-08,4.107966647175028e-07
9,1465,366,33,1.075,work,1,5.561946577567963e-17,0.0,0.004855671652605638,0.007190611138348183,0.027985773804295126,0.6262315505295136,0.03245666239867938,0.626143463218444,1.5597305357649774e-07,9.029661063875702e-07
9,1466,366,33,1.0833333333333333,work,2,5.561946577567963e-17,0.0,0.003231422947714087,0.0047793926446688855,0.027165184561684534,0.6505322125761356,0.030160884598146535,0.6505012406181779,9.625906360352189e-08,5.144678503761327e-07
9,1467,366,33,1.0916666666666666,work,3,5.561946577567963e-17,0.0,0.0016131830944116075,0.002384857969369551,0.02613431410204822,0.6692474705934027,0.027639887258389794,0.6692481850468899,1.5316976862666263e-07,7.1027131604034e-07
9,1468,366,33,1.1,work,4,5.561946577567963e-17,0.0,7.642142909562268e-09,4.2146848510894035e-08,0.024977879620183288,0.6830433651062978,0.024977871988387648,0.6830433606793133,1.7936923883091106e-07,8.770191055275369e-07
9,1469,367,34,1.1083333333333334,work,1,1.249000902703301e-16,0.0,0.004127962165152701,0.004279244695011741,0.023470834875549768,0.6919704133352924,0.027275110846273872,0.6924175052146412,1.4891338468817827e-07,4.318766816314896e-07
9,1470,367,34,1.1166666666666667,work,2,1.249000902703301e-16,0.0,0.0027495559336932983,0.0028292995534277728,0.021984922106751518,0.6965759972080918,0.024533147202588874,0.6969043225330813,1.1473030117575954e-07,2.7314279645418187e-07
9,1471,367,34,1.125,work,3,1.249000902703301e-16,0.0,0.0013734951546259529,0.0014030761182998973,0.02058516069303628,0.697445627458207,0.021864340475874402,0.6976236575335589,1.3283312969103942e-07,4.674311620401787e-07
9,1472,367,34,1.1333333333333333,work,4,1.249000902703301e-16,0.0,1.8558876996599045e-08,0.0,0.019317943217015493,0.6951496346368715,0.019317924737237716,0.695149629880207,1.9842824281521255e-07,2.632069845893339e-07
9,1473,368,35,1.1416666666666666,work,1,3.9941035183565725e-15,0.0,0.004072414052104014,0.004992731897259091,0.018216678439978387,0.6891008829416779,0.0221879126822877,0.6875409409670046,1.6574383626625572e-07,4.842304232499588e-07
9,1474,368,35,1.15,work,2,3.9941035183565725e-15,0.0,0.002715477373434041,0.003345767706184302,0.01728208819501139,0.6804065478946032,0.019934451005603475,0.6793807896737011,9.998862081189865e-08,2.5111883202720774e-07
9,1475,368,35,1.1583333333333332,work,3,3.9941035183565725e-15,0.0,0.0013579749424175698,0.001681536302060934,0.016523643453152128,0.669518331070735,0.017851431348806162,0.6690111750224801,6.325918310690538e-08,3.1959430261741937e-07
9,1476,368,35,1.1666666666666667,work,4,3.9941035183565725e-15,0.0,2.7583438970904862e-08,5.960464477539063e-08,0.015933975937572623,0.6568282155742922,0.015933949245364867,0.6568282201109118,1.3443809574484375e-07,4.740349567111404e-07
9,1477,369,36,1.175,work,1,3.818989693997047e-15,0.0,0.004529865164570635,0.006162136644229968,0.015645585981813735,0.6417337831435568,0.020079005054476635,0.6371101160026392,8.511905998322302e-08,5.179091452653055e-07
9,1478,369,36,1.1833333333333333,work,2,3.818989693997047e-15,0.0,0.003021058512229689,0.004118891743105711,0.01551123077138814,0.6255845136254191,0.01847515530038617,0.6225059579453753,2.0261719729086256e-07,6.951036327892935e-07
9,1479,369,36,1.1916666666666667,work,3,3.818989693997047e-15,0.0,0.001511100356332281,0.0020648549812094584,0.015502566004983549,0.6086125305636706,0.016987592978142535,0.6070745133025562,2.2214442910772867e-07,5.013526630777349e-07
9,1480,369,36,1.2,work,4,3.818989693997047e-15,0.0,2.3998669498191457e-08,4.2146848510894035e-08,0.015588932218534902,0.5910380989015549,0.015588908471316207,0.591038099100221,1.2623093686511813e-07,4.509909734255549e-07
9,1481,370,37,1.2083333333333333,work,1,3.4444881810514502e-15,0.0,0.004899923403134742,0.007345155476940129,0.015838118391565553,0.5725779507456874,0.020615413725967615,0.5661096928441479,6.629999138749175e-08,5.13603923905317e-07
9,1482,370,37,1.2166666666666666,work,2,3.4444881810514502e-15,0.0,0.003267271276327748,0.0048886988020912505,0.016142076056527056,0.5540779807509281,0.019334257825428445,0.5497722684353272,6.238099486144182e-08,5.960464477539063e-08
9,1483,370,37,1.225,work,3,3.4444881810514502e-15,0.0,0.0016339542753570323,0.002440294733205819,0.016469986558748546,0.5356198934845833,0.01806849315006229,0.5334700481907297,8.640538390304725e-08,6.129432857395176e-07
9,1484,370,37,1.2333333333333334,work,4,3.4444881810514502e-15,0.0,6.331204973172753e-09,0.0,0.016796798615708656,0.5172811778556546,0.01679680208852911,0.517281172982422,1.7515230787582458e-07,7.300048299977754e-07
10,1485,371,1,0.008333333333333333,startup,1,1.249000902703301e-16,0.0,0.00922038834091194,0.029725663448296528,0.00282288711130326,0.008640318632387378,0.012032176052253133,0.03836531324229838,3.358530072623503e-08,4.749708607944627e-07
10,1486,371,1,0.016666666666666666,startup,2,1.249000902703301e-16,0.0,0.006159302592673459,0.019800784624632403,0.005246550382445905,0.01568640743820482,0.011364862457604208,0.03548653691694698,1.1374335870793819e-07,1.013717135888048e-06
10,1487,371,1,0.025,startup,3,1.249000902703301e-16,0.0,0.0030857878885453957,0.009892267291962744,0.007268794240698944,0.02139136878524875,0.010298563494467694,0.031278702579922074,1.1485164297278094e-07,6.677316576960141e-07
10,1488,371,1,0.03333333333333333,startup,4,1.249000902703301e-16,0.0,2.02350623354228e-08,5.16191365590357e-08,0.008914363686912685,0.026055806495968135,0.008914366033867664,0.026055756942191147,1.070090244520804e-07,6.364034564513776e-07
10,1489,372,2,0.041666666666666664,work,1,1.1102230246251565e-16,0.0,0.005839155142670762,0.020685336500473377,0.009290992614020669,0.027003202924619323,0.015042358527457509,0.047583410029447375,1.6329398935493557e-07,9.794042542669264e-07
10,1490,372,2,0.05,work,2,1.1102230246251565e-16,0.0,0.0038947615755145844,0.013778245030272153,0.009701231561680866,0.027940804914410897,0.013490100912864199,0.04166558336980721,1.730942831918586e-07,7.714139882054844e-07
10,1491,372,2,0.058333333333333334,work,3,1.1102230246251565e-16,0.0,0.001948352470022374,0.00688324557987491,0.0101863697202011,0.029079457841438106,0.012018688506106254,0.03588721686029723,9.452965715888588e-08,6.165552397244359e-07
10,1492,372,2,0.06666666666666667,work,4,1.1102230246251565e-16,0.0,3.783899212827744e-08,8.429369702178807e-08,0.010737136636551337,0.030566495936151895,0.010737113776360486,0.0305665016577473,1.7809020607465588e-07,3.264680847556393e-07
10,1493,373,3,0.075,work,1,2.0026854743534788e-16,0.0,0.006068281727696712,0.022230693836331177,0.011555673752988741,0.033029300121593476,0.017304600758296783,0.054779324369755085,2.613526789031526e-07,6.405766385854712e-07
10,1494,373,3,0.08333333333333333,work,2,2.0026854743534788e-16,0.0,0.004047001063044359,0.014797160572371565,0.012404163436711496,0.03601982381599305,0.016088177228133518,0.050248039725642284,1.8095709139575294e-07,1.6858739404357617e-07
10,1495,373,3,0.09166666666666666,work,3,2.0026854743534788e-16,0.0,0.0020242405222211475,0.007386996674556103,0.013211722497152335,0.03939745399876757,0.01496647653605446,0.046342909459416215,2.2539426777022615e-07,2.346637211445515e-07
10,1496,373,3,0.1,work,4,2.0026854743534788e-16,0.0,1.0365204701005802e-08,9.424321830774485e-08,0.013928321480800024,0.043077573063757736,0.013928313626117671,0.04307765802666639,1.8016315189264248e-07,4.172325134277351e-07
10,1497,374,4,0.10833333333333334,work,1,4.443059973708341e-17,0.0,0.006028019265278304,0.02533480727725748,0.014587164075285404,0.047609978636453706,0.01990481105586325,0.07087103204520935,1.4354591920053823e-07,2.086162567138673e-07
10,1498,374,4,0.11666666666666667,work,2,4.443059973708341e-17,0.0,0.004022721383361677,0.01686467782283615,0.015123155449863005,0.052690046608774785,0.018556170004313817,0.06814128702830963,5.320857400727109e-08,3.264680847556393e-07
10,1499,374,4,0.125,work,3,4.443059973708341e-17,0.0,0.002013380232876483,0.008419662726672113,0.015532175773020922,0.05806300266307033,0.017191733616696247,0.06575266436563887,3.301042053011184e-08,5.824810351637641e-07
10,1500,374,4,0.13333333333333333,work,4,4.443059973708341e-17,0.0,8.403216137783683e-09,6.664001874625056e-08,0.015820527389973145,0.06361423383168072,0.015820523821049357,0.06361430633404375,1.862493959050067e-07,5.91559208669641e-07
10,1501,375,5,0.14166666666666666,work,1,7.110250420355456e-17,0.0,0.0057975770486389825,0.02902784216471123,0.015964462123973334,0.069704568508893,0.020916910146600482,0.09585198449903694,2.6121629947782873e-07,7.108962799237147e-07
10,1502,375,5,0.15,work,2,7.110250420355456e-17,0.0,0.0038698925004845303,0.01933933087688455,0.01586458950609776,0.07643972229944543,0.019122476008096932,0.09402253437421446,4.903404770878029e-08,2.0647654623614288e-07
10,1503,375,5,0.15833333333333333,work,3,7.110250420355456e-17,0.0,0.001937388875928431,0.009663390574630133,0.01533528518555853,0.08376375138829205,0.016974021207082742,0.0926561134921223,3.2715557893703504e-07,9.019819468511155e-07
10,1504,375,5,0.16666666666666666,work,4,7.110250420355456e-17,0.0,9.978436934144954e-09,1.032382731180714e-07,0.014798483249821016,0.09155905140997546,0.01479849176237598,0.09155894915159825,1.330220934031698e-07,2.346637211445515e-07
10,1505,376,6,0.175,work,1,1.6782945342419286e-16,0.0,0.005663381754143184,0.030789161778458515,0.01426214953774594,0.09839573574836204,0.01920029316558085,0.12642016259884228,1.7525861421004064e-07,3.674277068954101e-07
10,1506,376,6,0.18333333333333332,work,2,1.6782945342419286e-16,0.0,0.003780217811839844,0.020525045332920006,0.013873123026157355,0.10503421441366008,0.01716722969699252,0.12390780656051431,5.964417134457624e-08,3.7579298653955785e-07
10,1507,376,6,0.19166666666666665,work,3,1.6782945342419286e-16,0.0,0.0018924208822597988,0.0102620105004933,0.013621487688468964,0.11120274636495724,0.015255952394035842,0.12070781157069967,1.9966681505646076e-07,4.2774379534743284e-07
10,1508,376,6,0.2,work,4,1.6782945342419286e-16,0.0,2.4146659131736058e-08,8.429369702178807e-08,0.013431457312794172,0.11677362100052045,0.013431440517308385,0.11677369012696603,2.0067539621071474e-07,4.636153336198354e-07
10,1509,377,7,0.20833333333333334,work,1,1.2586013583571652e-16,0.0,0.005363707218819321,0.031747262160677706,0.012950824044870206,0.1215316887181701,0.017519542984095856,0.15000762109993981,2.48576302521005e-07,6.063875540904964e-07
10,1510,377,7,0.21666666666666667,work,2,1.2586013583571652e-16,0.0,0.003579188343378403,0.021165010376547104,0.012409744281981919,0.12532612762435463,0.01549461705743424,0.14439015706456929,1.1976326912049884e-07,8.365910558473052e-07
10,1511,377,7,0.225,work,3,1.2586013583571652e-16,0.0,0.0017912756175850397,0.010582517780861658,0.011827372824401428,0.12981082286540244,0.013400315536404724,0.13936508860595442,3.3129257491002855e-07,9.929139166449221e-07
10,1512,377,7,0.23333333333333334,work,4,1.2586013583571652e-16,0.0,1.721193748902675e-08,4.2146848510894035e-08,0.011314957292447985,0.13428659903830914,0.011314952353716682,0.1342866308880855,3.080792423595055e-07,9.329602624475163e-07
10,1513,378,8,0.24166666666666667,work,1,6.359601310784502e-17,2.9802322387695312e-08,0.0064814491096891495,0.03287502733934191,0.010736492493286495,0.13741611984924135,0.016001957002029252,0.16563737989485103,3.597007996387811e-08,4.5976783694450694e-07
10,1514,378,8,0.25,work,2,6.359601310784502e-17,2.9802322387695312e-08,0.004320523904767714,0.021884125785499406,0.010487378398694758,0.13976156442888393,0.014181520011990358,0.15871501570939225,7.288467230585995e-08,1.3978528260658475e-07
10,1515,378,8,0.2583333333333333,work,3,6.359601310784502e-17,2.9802322387695312e-08,0.0021600440724166186,0.010925678115665364,0.010440008544702,0.14087692665941026,0.01235324479254525,0.1504034405508306,9.908091952237486e-08,3.4498682328433513e-07
10,1516,378,8,0.26666666666666666,work,4,6.359601310784502e-17,2.9802322387695312e-08,3.5294369999238534e-08,7.300048299977715e-08,0.010528700368800699,0.1410899846421879,0.010528699183840575,0.14108997577365864,1.6681368093227536e-07,7.615645133960673e-07
10,1517,379,9,0.275,work,1,3.1031676915590914e-17,0.0,0.005550478134481773,0.028279431506407146,0.010264532982987537,0.13856640506808757,0.015246963951296984,0.1626788438663632,4.5424851395455466e-07,1.263702812618884e-06
10,1518,379,9,0.2833333333333333,work,2,3.1031676915590914e-17,0.0,0.0036935108050722837,0.018815575435812304,0.010185102543994119,0.13603829549085852,0.013594667071870088,0.15215226535834728,3.0568664209036044e-07,8.376520468327582e-07
10,1519,379,9,0.2916666666666667,work,3,3.1031676915590914e-17,0.0,0.0018434621890135098,0.009389104556951997,0.010269759012191553,0.13282474319857762,0.012001387350271231,0.1408888402982215,3.5879050767644166e-07,9.775888602052263e-07
10,1520,379,9,0.3,work,4,3.1031676915590914e-17,0.0,2.1911109492784828e-08,5.960464477539063e-08,0.010461068419578034,0.1292874307433405,0.010461077289371231,0.12928748703396928,3.3628927691387176e-07,5.990192664337711e-07
10,1521,380,10,0.30833333333333335,work,1,1.7067422303575003e-16,0.0,0.0029403788861039537,0.029495161326825302,0.009931908037090787,0.12561601156206015,0.012662995099318083,0.1516377888392809,2.4226728505269033e-07,2.698715072315163e-07
10,1522,380,10,0.31666666666666665,work,2,1.7067422303575003e-16,0.0,0.0019482568690691489,0.01964505994145079,0.009507844113538078,0.12246556774039476,0.01131597382320083,0.13985155554073536,2.3446167048247719e-07,3.1256939416234273e-07
10,1523,380,10,0.325,work,3,1.7067422303575003e-16,0.0,0.0009683468159889803,0.009813454859897914,0.008855618790708291,0.1201999001243795,0.009736622380176231,0.12896172611826098,1.633378594324602e-07,3.345302391148161e-07
10,1524,380,10,0.3333333333333333,work,4,1.7067422303575003e-16,0.0,5.3061326579906436e-08,1.6858739404357617e-07,0.00797897813742432,0.11633375903805335,0.007979013409836793,0.11633387511366183,2.0925708031119372e-07,4.086288571596775e-07
10,1525,381,11,0.3416666666666667,work,1,9.639819490876586e-17,0.0,0.004375841870204159,0.03253586342605068,0.007023071295249934,0.11276948221569995,0.009558577471695407,0.14279265414174255,2.935105529167359e-07,5.685920723777704e-07
10,1526,381,11,0.35,work,2,9.639819490876586e-17,0.0,0.002918916257250817,0.021706635687216536,0.006293921791335206,0.10931555082126278,0.00807137431989683,0.12949311417748186,2.9534171870820296e-07,6.136673772923374e-07
10,1527,381,11,0.35833333333333334,work,3,9.639819490876586e-17,0.0,0.0014606974761344768,0.010861441022884177,0.0058067827274594815,0.10559747712781209,0.006737484587826941,0.11575927729833331,2.445919272349635e-07,3.9311963195422116e-07
10,1528,381,11,0.36666666666666664,work,4,9.639819490876586e-17,0.0,2.3470863727336112e-08,2.9802322387695312e-08,0.005554083678167226,0.10206052443520845,0.005554105939781585,0.10206048948084853,1.4568558436003006e-07,4.768371582031262e-07
10,1529,382,12,0.375,work,1,1.689731085869606e-16,0.0,0.005942028826876333,0.03433475399905076,0.005897648029426662,0.09907634106733866,0.011126285325764011,0.13184667480562462,2.1860507199244366e-07,2.528810910653644e-07
10,1530,382,12,0.3833333333333333,work,2,1.689731085869606e-16,0.0,0.003966092357093303,0.022929722444801792,0.006322174963745262,0.09635773991040483,0.009868995794557824,0.11833849772550449,2.44519374021745e-07,4.182955279236503e-07
10,1531,382,12,0.39166666666666666,work,3,1.689731085869606e-16,0.0,0.001985928715666809,0.011484999446711806,0.006730995316083256,0.09343781884009761,0.00852163754945542,0.10449644473396145,3.748192298166488e-07,6.272663229658984e-07
10,1532,382,12,0.4,work,4,1.689731085869606e-16,0.0,1.3500214874973157e-08,1.3328003749250115e-07,0.007172534394015001,0.09022334216654743,0.007172538037685281,0.09022323855159813,3.2424562363865026e-07,7.839767001847022e-07
10,1533,383,13,0.4083333333333333,work,1,9.563598332162942e-16,0.0,0.006678579596794453,0.03596194990175756,0.007978246126547862,0.08746763282368503,0.014488198749061293,0.12284355644535416,2.3033099428181845e-07,8.03005312997554e-07
10,1534,383,13,0.4166666666666667,work,2,9.563598332162942e-16,0.0,0.004454606563034675,0.024028099571848722,0.008721449546991873,0.0850948560876322,0.01304898865667406,0.10877716345357474,1.8482601229219922e-07,8.123524886631431e-07
10,1535,383,13,0.425,work,3,9.563598332162942e-16,0.0,0.002228960367094624,0.012040995962093801,0.009403100390593342,0.08266585610158594,0.011557901086314796,0.09453699884041933,1.9624888936828222e-07,5.778884717722352e-07
10,1536,383,13,0.43333333333333335,work,4,9.563598332162942e-16,0.0,5.4574858389848335e-09,9.424321830774485e-08,0.010045922433974709,0.08029113421436995,0.010045920665832772,0.08029104233374147,2.675830005603784e-07,7.226679118265037e-07
10,1537,384,14,0.44166666666666665,work,1,5.928593550334434e-17,0.0,0.005485140708945743,0.040131381360794235,0.01019824925810271,0.07934475050084418,0.015381350575388966,0.11907341115589058,9.704546125678824e-08,1.1151007970493858e-07
10,1538,384,14,0.45,work,2,5.928593550334434e-17,0.0,0.003671299520250065,0.026825319381251475,0.01038993852542583,0.07919739562563724,0.013914382957183653,0.1058727525077147,1.269265049887917e-07,3.6500241499888623e-07
10,1539,384,14,0.4583333333333333,work,3,5.928593550334434e-17,0.0,0.0018435698570954738,0.013448303780401438,0.010619506638353373,0.07961223848846094,0.012414613375864818,0.09295422786620666,2.9953174408429874e-07,1.04009678164812e-06
10,1540,384,14,0.4666666666666667,work,4,5.928593550334434e-17,0.0,4.602781818990318e-08,1.3328003749250115e-07,0.010912757833582483,0.0808448890945964,0.010912789871281307,0.08084487352072263,2.922309098491756e-07,7.432677694165705e-07
10,1541,385,15,0.475,work,1,3.229389849043545e-15,0.0,0.008811829558515928,0.046102333742184747,0.011312142903791697,0.08524660341257338,0.01875595301578711,0.13102987218520104,4.323857310645496e-07,1.2776822513476837e-06
10,1542,385,15,0.48333333333333334,work,2,3.229389849043545e-15,0.0,0.005898305402797556,0.030771261037051176,0.012344160906407138,0.09091723564624934,0.01774443173487796,0.12113914444082632,4.3497615815955187e-07,9.8843121241195e-07
10,1543,385,15,0.49166666666666664,work,3,3.229389849043545e-15,0.0,0.002960980298239587,0.015403711105824697,0.013754996563204565,0.09741456077066055,0.016604300481475813,0.11229466395105113,3.746194775196361e-07,8.627244726497078e-07
10,1544,385,15,0.5,work,4,3.229389849043545e-15,0.0,1.684392460945742e-08,5.960464477539063e-08,0.015336481341395213,0.1047340322924605,0.015336476192871052,0.10473402965123564,3.134321772513949e-07,8.481889647697099e-07
10,1545,386,16,0.5083333333333333,work,1,1.962615573354719e-17,0.0,0.014329643989123396,0.04230809834453348,0.018524114131342098,0.11216108178481232,0.032522680334404454,0.15331397174967207,3.308010419105882e-07,7.952251472548497e-07
10,1546,386,16,0.5166666666666666,work,2,1.962615573354719e-17,0.0,0.009536596041100836,0.028153284208121913,0.02215379196145875,0.12060741511118196,0.031637114208884654,0.147672015102457,1.535499026622174e-07,3.674277068954101e-07
10,1547,386,16,0.525,work,3,1.962615573354719e-17,0.0,0.004759868187200813,0.014050338058357505,0.02595475335519485,0.12980886931217914,0.030700677414813242,0.1431388783286497,1.2456360435761082e-07,5.127385417844444e-07
10,1548,386,16,0.5333333333333333,work,4,1.962615573354719e-17,0.0,4.75588144049835e-08,1.264405455326821e-07,0.029741055976110806,0.1391736118427489,0.02974102998843025,0.13917351665755803,2.552385057818576e-07,5.840038639982192e-07
10,1549,387,17,0.5416666666666666,work,1,2.7755575615628914e-17,0.0,0.015129630432925164,0.026992826849302667,0.03382611692127814,0.1438901678733125,0.048876584059685306,0.16896607410393505,4.040617711150026e-07,8.719407819704955e-07
10,1550,387,17,0.55,work,2,2.7755575615628914e-17,0.0,0.010054329105867553,0.017949945304128963,0.03760352892117979,0.14813148139841648,0.04752668143807678,0.16476250093676514,2.5824718553296116e-07,3.182017282256878e-07
10,1551,387,17,0.5583333333333333,work,3,2.7755575615628914e-17,0.0,0.00501096213954324,0.008952239167982443,0.04085907572705604,0.15133394387559557,0.04575151036088439,0.1596068915330012,6.430663447168286e-08,9.634035751369459e-07
10,1552,387,17,0.5666666666666667,work,4,2.7755575615628914e-17,0.0,5.522872833130844e-08,1.264405455326821e-07,0.043463401046010444,0.15312029376871014,0.04346343740043075,0.15312036165778256,9.666410956256791e-08,2.598106231415675e-07
10,1553,388,18,0.575,work,1,6.884557787641112e-16,2.9802322387695312e-08,0.01394437964729105,0.020984202769518054,0.045118583923093133,0.14915837810361265,0.05848690577663649,0.1616386840405797,1.4467359331455674e-07,6.723710401462633e-07
10,1554,388,18,0.5833333333333334,work,2,6.884557787641112e-16,2.9802322387695312e-08,0.009264494598198924,0.014048968710476922,0.046082991487008215,0.14402136100958834,0.05488616520583452,0.15253541844030044,4.5834680273237853e-07,1.1135066564243822e-06
10,1555,388,18,0.5916666666666667,work,3,6.884557787641112e-16,2.9802322387695312e-08,0.004616246936548145,0.007054192142067507,0.04639255359735005,0.13777465652665546,0.05074261541571814,0.1421093544831283,9.003692967958768e-08,9.461944023601825e-07
10,1556,388,18,0.6,work,4,6.884557787641112e-16,2.9802322387695312e-08,8.236869207299976e-09,4.2146848510894035e-08,0.046107001283642784,0.13054968669810202,0.046106995152698435,0.13054967762584416,2.455214087315507e-07,4.5976783694450694e-07
10,1557,389,19,0.6083333333333333,work,1,1.3092278833360675e-16,0.0,0.01241976874063318,0.022795185645631676,0.04502179126569212,0.11930853999271485,0.05689454638070088,0.12552399432059938,1.254650675290805e-07,3.816559456248795e-07
10,1558,389,19,0.6166666666666667,work,2,1.3092278833360675e-16,0.0,0.008268435407571365,0.015290498597425569,0.04356606589198649,0.10782782110729089,0.05144682848843211,0.11239748085105611,7.813463587090532e-08,7.18353437971712e-07
10,1559,389,19,0.625,work,3,1.3092278833360675e-16,0.0,0.004128487826544244,0.007692322981153951,0.04181817834460476,0.096386971783625,0.04574144481038721,0.09888266274750146,4.4137813492317084e-07,1.0708120002282795e-06
10,1560,389,19,0.6333333333333333,work,4,1.3092278833360675e-16,0.0,1.3073135375943372e-08,8.940696716308595e-08,0.039861486622754454,0.08535508008019545,0.03986147835158659,0.08535500486888874,3.530454182370427e-07,6.488424854599636e-07
10,1561,390,20,0.6416666666666666,work,1,1.2719202621569003e-16,0.0,0.010090103778679436,0.022534816146116826,0.03704796704644949,0.07244884294830864,0.0466518703449872,0.07844006499620661,2.67862136328949e-07,7.74860382080083e-07
10,1562,390,20,0.65,work,2,1.2719202621569003e-16,0.0,0.006734707919231082,0.015058834471107866,0.03427805105662708,0.06069571241448754,0.04070251025911257,0.06548177465068966,1.8616616426158578e-07,4.1935584781975493e-07
10,1563,390,20,0.6583333333333333,work,3,1.2719202621569003e-16,0.0,0.00337137878390684,0.007548128311287477,0.03162045970307854,0.050783717022028926,0.0348408579498551,0.05360689032806628,1.727513574345425e-07,5.701519986900406e-07
10,1564,390,20,0.6666666666666666,work,4,1.2719202621569003e-16,0.0,3.7797023753667386e-08,8.429369702178807e-08,0.02913332378538244,0.04353525345916847,0.029133294206480826,0.04353521118193509,2.1032356621631312e-07,5.975347058702557e-07
10,1565,391,21,0.675,work,1,1.1775693440128312e-16,0.0,0.008880822334149068,0.0227084974511133,0.026452595725325833,0.038717538243047446,0.03508691731121325,0.05320806592573649,1.5320914720916614e-07,3.039252468104833e-07
10,1566,391,21,0.6833333333333333,work,2,1.1775693440128312e-16,0.0,0.005935055958301543,0.015144364863899489,0.024060494605649338,0.03707982348721809,0.029840468417779025,0.04668997858379741,7.391694578593098e-08,4.636153336198354e-07
10,1567,391,21,0.6916666666666667,work,3,1.1775693440128312e-16,0.0,0.002974885504675393,0.007575386649678778,0.021979729920437317,0.03831065889026804,0.024877115682408826,0.04276108281428557,1.1439033729809761e-07,7.17115963430168e-07
10,1568,391,21,0.7,work,4,1.1775693440128312e-16,0.0,4.6537002874835694e-08,1.032382731180714e-07,0.020221895126853115,0.04148339994962343,0.02022193513472714,0.041483380738396934,6.588387555222274e-08,7.039911634336578e-07
10,1569,392,22,0.7083333333333334,work,1,4.85722573273506e-17,0.0,0.009129008101187167,0.016945526033986334,0.018804874935870065,0.04449091063950045,0.027754757973104123,0.054068271431294244,1.2912650945475712e-07,6.83507021735893e-07
10,1570,392,22,0.7166666666666667,work,2,4.85722573273506e-17,0.0,0.0060980926744545125,0.011313152797170435,0.0176910185814565,0.04779896954330588,0.023653747641628045,0.053065553015705556,1.0979563496320378e-07,4.298152059869762e-07
10,1571,392,22,0.725,work,3,4.85722573273506e-17,0.0,0.0030550164325678234,0.005664962726120156,0.016857406917231154,0.05109542080795006,0.019830415705782495,0.05321944864808395,9.118957791473928e-08,3.5638394186202926e-07
10,1572,392,22,0.7333333333333333,work,4,4.85722573273506e-17,0.0,5.203999635402525e-08,1.5769906706002898e-07,0.016277050679996363,0.05421148929626225,0.016277003658165236,0.05421153907833002,1.2226503164196767e-07,8.408269870082133e-07
10,1573,393,23,0.7416666666666667,work,1,4.163336342344337e-17,0.0,0.00838809949150073,0.012821309624728335,0.015655358602861245,0.05635767864093199,0.023840326975429843,0.05985289896990893,7.368683112326042e-08,5.347835554160599e-07
10,1574,393,23,0.75,work,2,4.163336342344337e-17,0.0,0.005601999593443443,0.008576598832345603,0.015240817420712023,0.058338144976837446,0.02067005911983828,0.06012733376736378,9.162951358034051e-08,3.3717478808715265e-07
10,1575,393,23,0.7583333333333333,work,3,4.163336342344337e-17,0.0,0.0028059548016839617,0.004303098653565466,0.01500891329553761,0.06011754102652885,0.017704267396497487,0.06078192362836255,2.920079462744919e-07,6.391886052348407e-07
10,1576,393,23,0.7666666666666666,work,4,4.163336342344337e-17,0.0,1.0429379661413325e-08,1.6049041769309358e-07,0.014933410912494,0.061693848320626285,0.014933400906084833,0.061693965069519845,1.4355856075266304e-07,7.164964246852024e-07
10,1577,394,24,0.775,work,1,1.3383253895372864e-16,0.0,0.008479032336734875,0.014674636438548123,0.014968592225162896,0.06327045973531674,0.02312162151134523,0.06706784639508348,1.7986582954550586e-07,2.3841857910156266e-07
10,1578,394,24,0.7833333333333333,work,2,1.3383253895372864e-16,0.0,0.005666704033873648,0.009820888043010617,0.015111243284593514,0.06478947173666319,0.02052082583756991,0.06700335965971348,1.4757787453049178e-07,2.1490760299348777e-07
10,1579,394,24,0.7916666666666666,work,3,1.3383253895372864e-16,0.0,0.002840331911600226,0.004929892806620483,0.015330406828547107,0.06627303496359163,0.01801764452971954,0.06722775327008067,7.279785658625185e-08,4.558878702157255e-07
10,1580,394,24,0.8,work,4,1.3383253895372864e-16,0.0,9.591800479602631e-09,7.300048299977715e-08,0.015598695701307957,0.06775010303366162,0.015598704633822395,0.06775013302999797,1.8082598465496005e-07,4.075406292431762e-07
10,1581,395,25,0.8083333333333333,work,1,2.0026854743534788e-16,0.0,0.008841533095604629,0.01939066473338304,0.01594540685648971,0.069206422560218,0.024402144748034205,0.07476495768349475,1.2709099306134555e-07,3.264680847556393e-07
10,1582,395,25,0.8166666666666667,work,2,2.0026854743534788e-16,0.0,0.005918262839724612,0.012968580424359735,0.016293240070299562,0.07096126891350871,0.021917744487684836,0.0743820031231546,1.185893350493621e-07,5.247240323322731e-07
10,1583,395,25,0.825,work,3,2.0026854743534788e-16,0.0,0.002971307356852177,0.006506644769139667,0.016628003248842706,0.07293750563803801,0.01942877720978943,0.07447958739072302,2.185470813429687e-07,7.55122867782116e-07
10,1584,395,25,0.8333333333333334,work,4,2.0026854743534788e-16,0.0,3.5719657959000776e-09,8.940696716308595e-08,0.016923978377478464,0.0751263945163541,0.016923976539245062,0.07512632393711782,1.8034808960248908e-07,6.467859272423625e-07
10,1585,396,26,0.8416666666666667,work,1,2.8177377798042847e-16,0.0,0.009381240866995476,0.022451144932831485,0.017196999055105154,0.07778846056530801,0.02610055233461941,0.08606261546447334,2.0477407207924652e-07,5.575503985246947e-07
10,1586,396,26,0.85,work,2,2.8177377798042847e-16,0.0,0.006292886931520961,0.01504911666029216,0.01744385582787726,0.08097478384455495,0.02338652911929539,0.0860541159067178,1.7375313484889085e-07,8.714313219316936e-07
10,1587,396,26,0.8583333333333333,work,3,2.8177377798042847e-16,0.0,0.0031665814881834966,0.00756958425785811,0.01766227935365925,0.08452928921996518,0.020631594311734,0.08680951596550103,9.25850857108034e-08,3.839760639287575e-07
10,1588,396,26,0.8666666666666667,work,4,2.8177377798042847e-16,0.0,3.8784714582832824e-08,1.032382731180714e-07,0.01786659831376993,0.08849322484486585,0.017866635177791083,0.08849321825027458,8.771292543457441e-08,5.975347058702557e-07
10,1589,397,27,0.875,work,1,1.7567876183194558e-16,0.0,0.009685644280298836,0.027037761466059754,0.017910338163563827,0.09390149776554178,0.027043931916646884,0.10691481722431626,1.8180550613287704e-07,2.086162567138673e-07
10,1590,397,27,0.8833333333333333,work,2,1.7567876183194558e-16,0.0,0.006528264957289144,0.018159263823204097,0.01798273041038061,0.09999390481055191,0.024122503779541348,0.10798424397181357,1.713831339685211e-07,6.899736465686728e-07
10,1591,397,27,0.8916666666666666,work,3,1.7567876183194558e-16,0.0,0.003302084057273487,0.00915842554072199,0.01808951431590521,0.10663119728385125,0.02117829188709218,0.1102296788334509,1.2152080305626254e-07,7.468440584028805e-07
10,1592,397,27,0.9,work,4,1.7567876183194558e-16,0.0,2.3827432623054345e-08,1.1920928955078128e-07,0.018243812929988838,0.11368257792983463,0.01824383642913171,0.11368248097082267,5.53238799093202e-08,3.6621706865562575e-07
10,1593,398,28,0.9083333333333333,work,1,1.6711069443220838e-16,0.0,0.010036015569811646,0.028105041736474077,0.01820306899563854,0.1203880124944746,0.027816113976028272,0.13051738708279864,1.8062166869121163e-07,1.8371385344770487e-07
10,1594,398,28,0.9166666666666666,work,2,1.6711069443220838e-16,0.0,0.006791393537033161,0.018915730338306243,0.01822895654074583,0.1275495912220969,0.024693153156701207,0.13332931627213918,1.4761865313975348e-07,7.300048299977715e-08
10,1595,398,28,0.9249999999999999,work,3,1.6711069443220838e-16,0.0,0.003448831437317535,0.009562387580998314,0.018337045192073208,0.13502570466135386,0.02158947599862606,0.1374214428028163,8.664758387105425e-08,1.5196262340524156e-07
10,1596,398,28,0.9333333333333333,work,4,1.6711069443220838e-16,0.0,2.553434565846629e-08,8.429369702178807e-08,0.018543753712305662,0.14272885959418305,0.018543779027276767,0.14272887322030461,1.2567928737973565e-07,5.975347058702557e-07
10,1597,399,29,0.9416666666666667,work,1,1.3877787807814457e-17,0.0,0.009662109119676054,0.02587715642616028,0.018169550048588636,0.15074980324010007,0.027227217344252565,0.15755200175611053,1.2636807723934512e-07,2.0647654623614288e-07
10,1598,399,29,0.95,work,2,1.3877787807814457e-17,0.0,0.0065608301531748375,0.017404474198967748,0.017964530630229153,0.15926357396096621,0.024078184584165805,0.16282211313604492,1.1558377748393553e-07,4.5976783694450694e-07
10,1599,399,29,0.9583333333333334,work,3,1.3877787807814457e-17,0.0,0.0033435972513983776,0.008801607699870121,0.017949108531194528,0.16808470289659103,0.02103441750185939,0.1693930235609762,7.126324937669274e-08,4.814712530792817e-07
10,1600,399,29,0.9666666666666667,work,4,1.3877787807814457e-17,0.0,7.015699504566136e-09,0.0,0.018137680571575082,0.17711804098479048,0.01813768718971217,0.17711803821787775,1.1491494929016221e-07,5.809542146211266e-07
10,1601,400,30,0.975,work,1,5.594315114139762e-17,0.0,0.009011607410735206,0.022779469602285524,0.017702802891582433,0.18705902645405212,0.026007584008628064,0.19109330364301394,1.0843144741877212e-07,6.703866648198394e-07
10,1602,400,30,0.9833333333333333,work,2,5.594315114139762e-17,0.0,0.0061403234682715834,0.01529173275373765,0.017537133386054424,0.1976700944499982,0.023159473087870294,0.19953962356063212,1.5879190291280474e-07,4.5783196376971154e-07
10,1603,400,30,0.9916666666666667,work,3,5.594315114139762e-17,0.0,0.0031403594661848634,0.007729574784913902,0.017649441927583918,0.20868627365061515,0.020496183283629787,0.20923768593170358,1.3621208601385166e-07,3.039252468104833e-07
10,1604,400,30,1.0,work,4,5.594315114139762e-17,0.0,2.4244752546326742e-08,5.960464477539063e-08,0.018036209505802918,0.21999015635683455,0.01803618530401196,0.21999017032944854,2.285383873570769e-07,3.2917740992269735e-07
10,1605,401,31,1.0083333333333333,work,1,5.551115123125783e-17,0.0,0.008305011670777634,0.01956851050963033,0.017898154512092618,0.2324578724348227,0.025524310534576853,0.23477159333568337,1.368994079010295e-07,1.1151007970493858e-07
10,1606,401,31,1.0166666666666666,work,2,5.551115123125783e-17,0.0,0.005659829551832896,0.013139897676880192,0.018038426513532223,0.24576655327280966,0.023204264774076777,0.24676742152185052,1.836092655985717e-07,5.575503985246947e-07
10,1607,401,31,1.025,work,3,5.551115123125783e-17,0.0,0.0028949402410518217,0.006646248919074247,0.018450055647325055,0.2596709241238684,0.021071921975471555,0.25992409906668906,8.217305032309855e-08,4.369878261868718e-07
10,1608,401,31,1.0333333333333332,work,4,5.551115123125783e-17,0.0,2.473438688333789e-08,5.960464477539063e-08,0.019115683132391426,0.2740421822605482,0.019115658918516434,0.2740421782923123,1.3005644760912057e-07,3.053829302179697e-07
10,1609,402,32,1.0416666666666667,work,1,3.2217471953164137e-15,0.0,0.007838730287061089,0.015830782980857862,0.01942286423190882,0.28890597336730983,0.026687429342370644,0.28982510163647596,1.8210715095204218e-07,7.300048299977715e-08
10,1610,402,32,1.05,work,2,3.2217471953164137e-15,0.0,0.005299759660783771,0.010700024722488303,0.01988989336837029,0.3044308059985012,0.024793376789953317,0.30482336917477665,1.680119942350518e-07,3.2373608622551644e-07
10,1611,402,32,1.0583333333333333,work,3,3.2217471953164137e-15,0.0,0.0026897202397577185,0.005442777908219948,0.020501778026179203,0.32042409954889006,0.0229865747575533,0.32052265052942547,1.2495660639909966e-07,5.066394805908217e-07
10,1612,402,32,1.0666666666666667,work,4,3.2217471953164137e-15,0.0,1.7237304667687844e-09,0.0,0.021242055245819756,0.33672622677805414,0.02124205517973743,0.33672626321442906,1.158209955777109e-07,5.975347058702557e-07
10,1613,403,33,1.075,work,1,2.5231730365583443e-16,0.0,0.006897934743282642,0.012304796534008062,0.021499171646641835,0.35232808308060043,0.02796398854782551,0.352405488042274,4.49068117189716e-08,4.430433734452288e-07
10,1614,403,33,1.0833333333333333,work,2,2.5231730365583443e-16,0.0,0.004616844686211031,0.008354285663518988,0.02176266867145771,0.3676162324582833,0.026104809798547977,0.3676411106313172,1.490435641406033e-07,4.0644948771553874e-07
10,1615,403,33,1.0916666666666666,work,3,2.5231730365583443e-16,0.0,0.0023197009722137223,0.0042648366927415205,0.02203868453570891,0.3825380501973196,0.024228297659401977,0.38254206276990366,1.5462688333847664e-07,3.8857474358097666e-07
10,1616,403,33,1.1,work,4,2.5231730365583443e-16,0.0,3.043121412757688e-08,5.960464477539063e-08,0.022326086922066665,0.39705566981266177,0.022326117041556508,0.3970556516605439,2.1432081985922187e-07,4.969040155569645e-07
10,1617,404,34,1.1083333333333334,work,1,1.7596116935722757e-16,0.0,0.005535750420878287,0.00841385635549851,0.022053551845574823,0.4095435887154039,0.027314805902765846,0.4087475159125482,1.9415766117800358e-07,4.430433734452288e-07
10,1618,404,34,1.1166666666666667,work,2,1.7596116935722757e-16,0.0,0.0036815648159241056,0.005675380355654763,0.021733657875290545,0.4205049208633388,0.02524656155940504,0.42000853584469017,1.8666454893973362e-07,2.1073424255447025e-07
10,1619,404,34,1.125,work,3,1.7596116935722757e-16,0.0,0.0018370592317033044,0.0028763081289983282,0.021397619391494132,0.43008874867042657,0.02315730472765463,0.4298591746763278,2.326223809803534e-07,6.93824692179136e-07
10,1620,404,34,1.1333333333333333,work,4,1.7596116935722757e-16,0.0,4.4555882863733354e-08,8.429369702178807e-08,0.021063709909055994,0.43843374179758293,0.021063754355070907,0.43843375043758254,1.879729291088574e-07,3.097148193542145e-07
10,1621,405,35,1.1416666666666666,work,1,1.7596116935722757e-16,0.0,0.004525088495308443,0.005552681818733119,0.02037627188871646,0.4443866292599378,0.024709304939219228,0.4428548300496232,2.0995248870625027e-07,6.83507021735893e-07
10,1622,405,35,1.15,work,2,1.7596116935722757e-16,0.0,0.003007080849901814,0.003669970728937184,0.01970311713664242,0.44838031597198114,0.02259067268747507,0.4473990147685363,1.706861328809334e-07,4.805480091749769e-07
10,1623,405,35,1.1583333333333332,work,3,1.7596116935722757e-16,0.0,0.0014988667782180947,0.001820520339910173,0.019080173762768233,0.4507091097648099,0.020523196805193645,0.4502375162000536,2.2710564311887525e-07,2.1900144899933154e-07
10,1624,405,35,1.1666666666666667,work,4,1.7596116935722757e-16,0.0,1.9105622295466127e-08,4.2146848510894035e-08,0.018523401915678812,0.4515968701882741,0.018523383211351812,0.45159690275711484,1.8150824476249572e-07,5.356133209351147e-07
10,1625,406,36,1.175,work,1,2.4898570109647314e-16,0.0,0.003933492023889801,0.004737019721201572,0.017835038429722956,0.45045975663854304,0.021611529294891088,0.44824280717671755,1.315626170304841e-07,2.1900144899933154e-07
10,1626,406,36,1.1833333333333333,work,2,2.4898570109647314e-16,0.0,0.002618305491787159,0.003121468201442238,0.017246009544256646,0.44777799256813855,0.01976747448623215,0.4463270862644582,2.6481005765020387e-07,5.763494850937659e-07
10,1627,406,36,1.1916666666666667,work,3,2.4898570109647314e-16,0.0,0.0013071109126105776,0.0015425144991402565,0.016768041337720616,0.44379155934453535,0.0180300537176577,0.44307822602843544,2.581197156153261e-07,6.637292340791282e-07
10,1628,406,36,1.2,work,4,2.4898570109647314e-16,0.0,4.681552024546452e-08,8.940696716308595e-08,0.016400922476743483,0.4387098019725575,0.01640087568350189,0.43870982979911566,7.701172293839305e-08,5.196212462831361e-07
10,1629,407,37,1.2083333333333333,work,1,2.2424654363097067e-15,0.0,0.0038140270712867562,0.0056527440836038785,0.0160693004091395,0.4322454563409216,0.019718821374274702,0.42939122128559165,2.2153645937868194e-07,3.976125736274229e-07
10,1630,407,37,1.2166666666666666,work,2,2.2424654363097067e-15,0.0,0.0025417163925624217,0.003753972943900421,0.015850100092103435,0.4248369723717217,0.01829157049807078,0.4229514082587543,8.653328439599679e-08,4.129530924722863e-07
10,1631,407,37,1.225,work,3,2.2424654363097067e-15,0.0,0.0012703131313999325,0.001869675268591607,0.015734456470033412,0.41665750682896036,0.016958125155523838,0.4157222985035916,2.28954149200452e-07,6.37100885106088e-07
10,1632,407,37,1.2333333333333334,work,4,2.2424654363097067e-15,0.0,2.213994979650493e-09,0.0,0.015705206570654256,0.40785620426766384,0.015705204684472653,0.4078562051456802,1.325574178125729e-07,1.5196262340524156e-07
11,1633,408,1,0.008333333333333333,startup,1,5.755936923587804e-16,0.0,0.009243318266423318,0.029808277895995234,0.0028460591932841974,0.008637734175748967,0.01207650470570397,0.03844297295325896,1.6435225317160314e-07,5.127385417844444e-07
11,1634,408,1,0.016666666666666666,startup,2,5.755936923587804e-16,0.0,0.006189841340445607,0.019910808444026814,0.005348640572246832,0.015637198241531522,0.01149678433792371,0.03554602040278617,6.203217083995252e-08,6.17994110385412e-07
11,1635,408,1,0.025,startup,3,5.755936923587804e-16,0.0,0.0031086646247918716,0.00997457704727137,0.007464622652997761,0.02108622503660148,0.010520607129515133,0.031058020273911878,2.1395880861647691e-07,1.0473301047566997e-06
11,1636,408,1,0.03333333333333333,startup,4,5.755936923587804e-16,0.0,5.1203806444866784e-08,1.1542389828584842e-07,0.009197601552064089,0.02523380629333946,0.009197605471290315,0.02523375375355528,5.191957897384644e-08,4.842304232499588e-07
11,1637,409,2,0.041666666666666664,work,1,2.380556418436547e-16,2.9802322387695312e-08,0.005836346783852121,0.020732878474235487,0.009575844515942584,0.025065622075029957,0.015335590444274141,0.045533895265839355,1.5800458456292652e-07,6.237164001600872e-07
11,1638,409,2,0.05,work,2,2.380556418436547e-16,2.9802322387695312e-08,0.0038972022441716506,0.013844274267444933,0.009947500358378748,0.024746868379735686,0.013769501342561557,0.0384582237551002,7.171755260140748e-08,3.804905812383808e-07
11,1639,409,2,0.058333333333333334,work,3,2.380556418436547e-16,2.9802322387695312e-08,0.0019517630497275316,0.006933287282463245,0.010349485170990455,0.024609000324756644,0.012220702194763003,0.031439285781638425,1.7881107904605273e-07,4.107966647175028e-07
11,1640,409,2,0.06666666666666667,work,4,2.380556418436547e-16,2.9802322387695312e-08,3.106078164949087e-08,1.3978528260658475e-07,0.010776143024611556,0.024865059587335255,0.010776126370407195,0.024865146064760327,1.8467270927521083e-07,4.0205531010723307e-07
11,1641,410,3,0.075,work,1,1.6667795129466247e-16,0.0,0.006058325072589951,0.022265002011524388,0.01141749534568809,0.0260553211031493,0.01729343708614592,0.04770848379833868,2.8073937186061253e-07,6.730311984203021e-07
11,1642,410,3,0.08333333333333333,work,2,1.6667795129466247e-16,0.0,0.004041528260349083,0.014849942226089936,0.012076485591361943,0.027859012698677115,0.01589134882385002,0.04199119627668006,5.3450311982615806e-08,5.083895358214386e-07
11,1643,410,3,0.09166666666666666,work,3,1.6667795129466247e-16,0.0,0.0020221031673935204,0.0074280871394754285,0.012688730910882646,0.030099996101693654,0.01453231577859932,0.03695655536000496,6.820213227082921e-08,5.004660971089217e-07
11,1644,410,3,0.1,work,4,1.6667795129466247e-16,0.0,1.3047369831643614e-09,6.664001874625056e-08,0.013209859171504882,0.032645705367775286,0.013209858953802497,0.03264567303666111,3.126464401065123e-08,5.413860715802016e-07
11,1645,411,4,0.10833333333333334,work,1,8.441528768080324e-17,0.0,0.006027242240112376,0.025317640530807473,0.013692190467215284,0.035731586153794494,0.019282298801784475,0.058412418389449515,6.700746439488904e-08,5.975347058702557e-07
11,1646,411,4,0.11666666666666667,work,2,8.441528768080324e-17,0.0,0.004022591292404626,0.016869228621820047,0.014067937324924121,0.039382945458957666,0.01771178467310322,0.054458508418063926,7.867412715257286e-08,6.809031759974908e-07
11,1647,411,4,0.125,work,3,8.441528768080324e-17,0.0,0.0020135380849779262,0.008429662436681192,0.014334471145958151,0.043355948665668796,0.016113374382030088,0.050858746108345905,9.821343317874457e-08,8.376520468327582e-07
11,1648,411,4,0.13333333333333333,work,4,8.441528768080324e-17,0.0,2.9455719434454275e-08,7.300048299977715e-08,0.014498143153235896,0.047535399988854275,0.014498166691804594,0.04753534832590527,9.447853317685977e-08,2.1900144899933154e-07
11,1649,412,5,0.14166666666666666,work,1,8.355534721610419e-17,0.0,0.005796980052184361,0.028991081792830862,0.014543301476746765,0.05214927321901058,0.0198147828927825,0.07796187002160855,1.3655793377823936e-07,5.454720621622557e-07
11,1650,412,5,0.15,work,2,8.355534721610419e-17,0.0,0.0038699594581764036,0.019319948109632237,0.014532230898790749,0.05737526956905571,0.01799487699334784,0.07478436173411594,2.4929883515725267e-07,4.256623046721735e-07
11,1651,412,5,0.15833333333333333,work,3,8.355534721610419e-17,0.0,0.001937609653916109,0.009656438896489978,0.014483440475104446,0.06284103273628577,0.016186289445827166,0.07161351608280629,2.420740074655088e-07,4.558878702157255e-07
11,1652,412,5,0.16666666666666666,work,4,8.355534721610419e-17,0.0,3.1987632174387056e-09,1.032382731180714e-07,0.01441054757804194,0.06840113992480115,0.0144105448987617,0.0684012372258381,1.800636024251678e-07,5.347835554160599e-07
11,1653,413,6,0.175,work,1,1.2417518519112547e-16,0.0,0.005684042384958765,0.030857172627011833,0.014239192630116736,0.07362580765517573,0.019293512688863226,0.10154300185665362,2.0249124828004824e-07,3.7223088731756253e-07
11,1654,413,6,0.18333333333333332,work,2,1.2417518519112547e-16,0.0,0.0037941071529124207,0.020569827016033642,0.013959991217074835,0.07917413988379178,0.01731172773759353,0.09799773994285617,1.9597921636795267e-07,6.736907097969871e-07
11,1655,413,6,0.19166666666666665,work,3,1.2417518519112547e-16,0.0,0.0018994166941754345,0.010284062304727115,0.013684350068552667,0.08474037861000626,0.0153478224419431,0.09421667231533605,1.3487153200648058e-07,5.870376707193935e-07
11,1656,413,6,0.2,work,4,1.2417518519112547e-16,0.0,3.130063425305947e-08,5.960464477539063e-08,0.013128240838609445,0.09032527266953147,0.013128215187340711,0.0903252620191148,1.0190528224577642e-07,8.471411707134248e-07
11,1657,414,7,0.20833333333333334,work,1,2.391654643720554e-16,0.0,0.005738914584814474,0.03261064921208437,0.01219751128691576,0.09542151115556458,0.016810273715310266,0.12488625178816379,1.3131567548624545e-07,5.575503985246947e-07
11,1658,414,7,0.21666666666666667,work,2,2.391654643720554e-16,0.0,0.0038309646998989522,0.02172491208169633,0.01159846755301096,0.09997401405894879,0.01475293884432331,0.11979977375992419,1.7311887692813752e-07,8.910844557122097e-07
11,1659,414,7,0.225,work,3,2.391654643720554e-16,0.0,0.001917987313251111,0.010854476754580128,0.01122697084051656,0.10379330630915191,0.012821092504976634,0.11378136220108064,1.5248472910155957e-07,5.900558791525186e-07
11,1660,414,7,0.23333333333333334,work,4,2.391654643720554e-16,0.0,4.255982166169157e-08,2.1490760299348777e-07,0.011012362129419065,0.10692306784242407,0.011012334990346609,0.10692327385539088,7.654564929588894e-08,3.068336886461678e-07
11,1661,415,8,0.24166666666666667,work,1,2.373720453959966e-16,0.0,0.0057785169898174815,0.03185496899578513,0.010543476004531585,0.10831746723597978,0.01523880008683653,0.13726710765255715,1.2218583409746235e-07,6.556510925292998e-07
11,1662,415,8,0.25,work,2,2.373720453959966e-16,0.0,0.003851688824890552,0.021204669731618466,0.01014672564445703,0.10970385748463944,0.013388635824312637,0.1291654661671963,1.976821595046152e-07,5.543552409928541e-07
11,1663,415,8,0.2583333333333333,work,3,2.373720453959966e-16,0.0,0.0019255673018304638,0.010586243193827156,0.009886139340152193,0.11078356999144115,0.01155726980447198,0.12057195632394362,9.401313431350863e-08,7.873681076540346e-07
11,1664,415,8,0.26666666666666666,work,4,2.373720453959966e-16,0.0,4.781441047911225e-08,1.1151007970493858e-07,0.009750081743523022,0.1113752962978661,0.009750091398585124,0.11137529036518523,8.822023749744959e-08,3.345302391148161e-07
11,1665,416,9,0.275,work,1,1.8926779167518858e-16,0.0,0.005966644052391705,0.02810654170837558,0.009468610952255724,0.11006532203937829,0.014600689144267575,0.13634167295621916,1.8795704388671405e-07,5.495276723678658e-07
11,1666,416,9,0.2833333333333333,work,2,1.8926779167518858e-16,0.0,0.003970429940315813,0.01868521704519774,0.009431595330001449,0.1082027926795506,0.012979235577926525,0.125762020233546,9.722007768180405e-08,5.583463309763449e-07
11,1667,416,9,0.2916666666666667,work,3,1.8926779167518858e-16,0.0,0.001981750495471075,0.009316834082383643,0.009565115455895891,0.10563874792227984,0.01137855898095494,0.11443397981811865,9.998512654541244e-08,1.7120130796843858e-07
11,1668,416,9,0.3,work,4,1.8926779167518858e-16,0.0,6.119772314514266e-08,2.043144285798385e-07,0.009822965023764485,0.10264027824777183,0.00982294386393987,0.10264041750088665,2.1003139588942402e-07,4.1187628987685676e-07
11,1669,417,10,0.30833333333333335,work,1,2.8609792490763984e-17,0.0,0.0033483150870683544,0.029220712850284797,0.009459799584008487,0.09916652796236282,0.012612326007350681,0.12652988111854765,5.227587000062927e-08,3.746093836419747e-07
11,1670,417,10,0.31666666666666665,work,2,2.8609792490763984e-17,0.0,0.0022179529136197216,0.01945611153811965,0.009225724171451217,0.0958928355669637,0.01131208008395719,0.11420061825993867,1.7756222163930383e-07,1.976862424823881e-07
11,1671,417,10,0.325,work,3,2.8609792490763984e-17,0.0,0.0011021887759293252,0.009715979570858837,0.009070118965838527,0.0930017916110338,0.010093339897376345,0.10218800748363975,8.932402305432559e-08,3.99840112477504e-07
11,1672,417,10,0.3333333333333333,work,4,2.8609792490763984e-17,0.0,4.8498873945862606e-08,1.3657139822709086e-07,0.00868760846660699,0.09134901565032276,0.008687640611037387,0.091348937847589,7.687777487826994e-08,4.588009213906731e-07
11,1673,418,11,0.3416666666666667,work,1,2.8978336293716424e-15,0.0,0.003392228030037608,0.032475516659089744,0.007687083426271704,0.08932892624486907,0.009725623330742453,0.12010411870088715,9.602189326235217e-08,3.7932163659804686e-07
11,1674,418,11,0.35,work,2,2.8978336293716424e-15,0.0,0.002263033377774547,0.021668275224734464,0.006893382830429335,0.08679897437792652,0.008250857342407172,0.10750488149792879,1.281855774572051e-07,5.670278546345386e-07
11,1675,418,11,0.35833333333333334,work,3,2.8978336293716424e-15,0.0,0.0011328630803980138,0.010843446282693117,0.006342569577591925,0.08422525533891775,0.00702438536408494,0.09464961471994808,1.3423189086183022e-07,4.951133646320162e-07
11,1676,418,11,0.36666666666666664,work,4,2.8978336293716424e-15,0.0,2.851851119831931e-08,1.1151007970493858e-07,0.005943164616945806,0.08212145996324653,0.005943139225640196,0.0821215323441902,1.7408640249465495e-07,8.018984822674871e-07
11,1677,419,12,0.375,work,1,7.97218214573518e-17,0.0,0.006162027970601185,0.034783302941126366,0.006289489602138936,0.08073811517549764,0.01153309005240629,0.11443507190889325,2.374555593740993e-07,5.446573162823057e-07
11,1678,419,12,0.3833333333333333,work,2,7.97218214573518e-17,0.0,0.004113226974958503,0.023260683024738812,0.006700173413596575,0.07953073192605298,0.01026647884811267,0.10204813577513154,1.0959679001509602e-07,8.627244726497078e-07
11,1679,419,12,0.39166666666666666,work,3,7.97218214573518e-17,0.0,0.0020600254616032817,0.011666828279480727,0.007114759487900322,0.07814518038821792,0.008920355097530355,0.08940240035814583,9.761557807853268e-08,5.678105021493946e-07
11,1680,419,12,0.4,work,4,7.97218214573518e-17,0.0,2.784922383584563e-09,7.300048299977715e-08,0.007579352009425409,0.07657057141397214,0.007579354360528965,0.07657062287874637,1.7169257754878545e-07,7.226679118265037e-07
11,1681,420,13,0.4083333333333333,work,1,1.316562550716263e-16,2.9802322387695312e-08,0.006793139597093396,0.03656360486704244,0.008405822109556762,0.07569064741947741,0.014994537717776178,0.11156173054757193,8.420688857642098e-08,7.354594873936853e-07
11,1682,420,13,0.4166666666666667,work,2,1.316562550716263e-16,2.9802322387695312e-08,0.004530149888903206,0.024459768348498324,0.0091557136624364,0.07515802698660501,0.013540251809545555,0.09889349566011729,1.4225827052435689e-07,4.0205531010723307e-07
11,1683,420,13,0.425,work,3,1.316562550716263e-16,2.9802322387695312e-08,0.002266568593277096,0.012272083195047951,0.009841649644170093,0.07465721766007177,0.012027919954568962,0.0863595510872138,8.279397934783782e-08,4.3901562281418636e-07
11,1684,420,13,0.43333333333333335,work,4,1.316562550716263e-16,2.9802322387695312e-08,2.1003550037425677e-08,1.032382731180714e-07,0.010496154170876971,0.0742428516581115,0.010496135097307905,0.074242832895251,2.6702654415879627e-07,6.165552397244359e-07
11,1685,421,14,0.44166666666666665,work,1,2.7755575615628914e-17,0.0,0.005688102030844853,0.041522666245064774,0.010658311368612011,0.07641539901055014,0.0159848697300308,0.11735269964596988,2.1396862405477647e-07,5.092623081992598e-07
11,1686,421,14,0.45,work,2,2.7755575615628914e-17,0.0,0.00380993161773917,0.02775709275598304,0.010866504769751704,0.07915793048857638,0.014490334326431362,0.10603925926536943,1.4983355429831117e-07,7.444617746351282e-07
11,1687,421,14,0.4583333333333333,work,3,2.7755575615628914e-17,0.0,0.0019144563499242332,0.013916348361013901,0.011065807441713565,0.08244974314842812,0.012913193793537326,0.09553741949932701,2.1435745695027507e-07,4.380028979986637e-07
11,1688,421,14,0.4666666666666667,work,4,2.7755575615628914e-17,0.0,4.822601484397667e-08,1.5769906706002898e-07,0.011331944145240526,0.08604437796214993,0.011331905232876544,0.0860444724263578,4.147897959476504e-07,8.92080637639516e-07
11,1689,422,15,0.475,work,1,5.594315114139762e-17,0.0,0.008674982854241377,0.046356637721212485,0.011539004895991375,0.0923961302415972,0.01874509728815041,0.13685563837812645,2.474510113082492e-07,5.748063779469126e-07
11,1690,422,15,0.48333333333333334,work,2,5.594315114139762e-17,0.0,0.005805144929449151,0.030922602005061174,0.012337600752747733,0.09927571917298413,0.01757719112872821,0.12829149871762865,3.6073025990106514e-07,9.775888602052263e-07
11,1691,422,15,0.49166666666666664,work,3,5.594315114139762e-17,0.0,0.0029134202106889827,0.015470243639722998,0.013444521517380664,0.10662108661249485,0.01622307394173718,0.12080045338564065,2.852077318560515e-07,5.824810351637641e-07
11,1692,422,15,0.5,work,4,5.594315114139762e-17,0.0,4.0486227104800904e-08,9.424321830774485e-08,0.01471469194614239,0.11425344954159655,0.014714698706669188,0.11425337708275357,1.9957092987718477e-07,6.201461567486791e-07
11,1693,423,16,0.5083333333333333,work,1,1.8888581794241076e-16,0.0,0.014652998554951087,0.04259917463386668,0.0176824518427372,0.1223346462426889,0.03194944588931838,0.16295114319483417,2.813459560949585e-07,7.300048299977754e-07
11,1694,423,16,0.5166666666666666,work,2,1.8888581794241076e-16,0.0,0.009731378400838724,0.028310234952602268,0.021140751541483396,0.1311108582290408,0.030815615568487387,0.15782986639009172,3.0711194407901045e-07,5.778884717722352e-07
11,1695,423,16,0.525,work,3,1.8888581794241076e-16,0.0,0.0048468414528983,0.014110250369806185,0.024762840782071357,0.14034934124534731,0.029594870620478417,0.15354436905032484,2.7840076303367154e-07,6.736907097969871e-07
11,1696,423,16,0.5333333333333333,work,4,1.8888581794241076e-16,0.0,1.1633973473888039e-08,9.424321830774485e-08,0.02833797130662156,0.149386646279671,0.028337967565493696,0.14938663009268838,8.237732692395328e-08,3.31864617039563e-07
11,1697,424,17,0.5416666666666666,work,1,1.7826341206873999e-16,0.0,0.015470739807991012,0.027093169362204163,0.03225330490945061,0.15328031389103647,0.04763628167881593,0.17822136120749216,1.627833355396892e-07,4.2461773302480677e-07
11,1698,424,17,0.55,work,2,1.7826341206873999e-16,0.0,0.010266825502497837,0.018054558542732125,0.035803364386155806,0.1561294441989661,0.045915369361801094,0.17275072806695635,2.4015479652130693e-07,2.8272965492323474e-07
11,1699,424,17,0.5583333333333333,work,3,1.7826341206873999e-16,0.0,0.005109746933343478,0.00902377910016262,0.038749102181142886,0.15740569265416196,0.04371584483541189,0.16572050432319402,2.2189794086924044e-07,7.164964246852024e-07
11,1700,424,17,0.5666666666666667,work,4,1.7826341206873999e-16,0.0,2.406414411204613e-08,9.424321830774485e-08,0.04095946464730319,0.15681790712521018,0.0409594476666734,0.15681786922625693,1.9719334578260507e-07,3.2098083538618743e-07
11,1701,425,18,0.575,work,1,2.0781958281856828e-16,0.0,0.014299723024824379,0.02220373281715246,0.04221488979780733,0.15004398969948338,0.05586134706444221,0.16306499031136487,1.195853235916479e-07,3.769728732309799e-07
11,1702,425,18,0.5833333333333334,work,2,2.0781958281856828e-16,0.0,0.00949463623054617,0.014988759243722373,0.042731585064388095,0.14184620869422906,0.05170007022445165,0.1508052916851521,2.4774763917964816e-07,5.527507362065157e-07
11,1703,425,18,0.5916666666666667,work,3,2.0781958281856828e-16,0.0,0.004728005602622076,0.007587683369565407,0.04256748629740728,0.13247033141532008,0.04699140711376981,0.1370770714276274,2.0505553070409015e-07,4.4203987640712727e-07
11,1704,425,18,0.6,work,4,2.0781958281856828e-16,0.0,2.5288908833162296e-08,8.940696716308595e-08,0.04180443441874976,0.12218861491483689,0.04180441736500976,0.12218855226892682,2.2335595181365968e-07,4.0644948771553874e-07
11,1705,426,19,0.6083333333333333,work,1,6.206335383118183e-17,2.9802322387695312e-08,0.012639630302972995,0.023760819444897305,0.04024063318219045,0.10762958319514687,0.05233469592184482,0.11476972857427772,2.0952931469250677e-07,4.786961795153931e-07
11,1706,426,19,0.6166666666666667,work,2,6.206335383118183e-17,2.9802322387695312e-08,0.008425421148078979,0.01604434695825475,0.03835747894240847,0.09335491121510758,0.04639369799918777,0.09885499049048585,1.5601938662790977e-07,5.809542146211266e-07
11,1707,426,19,0.625,work,3,6.206335383118183e-17,2.9802322387695312e-08,0.004212362620161611,0.008125741596634747,0.03624227571159922,0.07997663289303708,0.04024735816087415,0.08314039374513334,1.3678141314838665e-07,3.576278686523442e-07
11,1708,426,19,0.6333333333333333,work,4,6.206335383118183e-17,2.9802322387695312e-08,3.138955512549946e-08,0.0,0.03398646466540376,0.06827146481951096,0.033986441485795764,0.06827144778928768,1.2209124145642506e-07,3.63783705703429e-07
11,1709,427,20,0.6416666666666666,work,1,2.254873622441467e-16,0.0,0.010230881226297098,0.023685835123406145,0.03085320682106994,0.05546495751295634,0.04061603574923523,0.06427766851442301,8.819735818352562e-08,5.527507362065157e-07
11,1710,427,20,0.65,work,2,2.254873622441467e-16,0.0,0.006844598821445708,0.015825534901283994,0.02785797076490842,0.04659493023439381,0.03440572652360956,0.05371971550850244,1.813975169035394e-07,3.6256089987148215e-07
11,1711,427,20,0.6583333333333333,work,3,2.254873622441467e-16,0.0,0.0034344519673277173,0.007932909311329178,0.02506544939964375,0.043210432689667636,0.028354569820476874,0.04713834105390112,2.636932970112804e-07,9.675433087794832e-07
11,1712,427,20,0.6666666666666666,work,4,2.254873622441467e-16,0.0,4.7582368982154886e-08,1.264405455326821e-07,0.022526001445809376,0.045408403304393156,0.022525960121556558,0.04540832852794572,1.1553920160812071e-07,5.405651672845218e-07
11,1713,428,21,0.675,work,1,1.1123893155135927e-16,0.0,0.008712207096248396,0.023197809389479546,0.019698112676040845,0.04930469591787192,0.028167431541508053,0.05996448673396035,2.2115149059715828e-07,7.737132898418456e-07
11,1714,428,21,0.6833333333333333,work,2,1.1123893155135927e-16,0.0,0.005832365626317857,0.015423186396396595,0.017245081506921847,0.055233181642836235,0.022924244367547884,0.061217755719846285,1.4112560678022088e-07,2.3084779657169695e-07
11,1715,428,21,0.6916666666666667,work,3,1.1123893155135927e-16,0.0,0.0029282657248315244,0.007691473813619334,0.015184526300902286,0.06183008952425544,0.01803168669992868,0.06428766823384878,1.0160719121727132e-07,4.107966647175028e-07
11,1716,428,21,0.7,work,4,1.1123893155135927e-16,0.0,2.4168621568577365e-08,2.9802322387695312e-08,0.01351214541088136,0.06831421355941429,0.013512166201339462,0.06831420560755544,1.2028777493260564e-07,8.850838187287819e-07
11,1717,429,22,0.7083333333333334,work,1,1.415262216750919e-16,0.0,0.00883792290326765,0.016165475484671676,0.012174947306781795,0.0731701106139831,0.02081448570610154,0.07729195677770721,1.7473646179571486e-07,4.129530924722863e-07
11,1718,429,22,0.7166666666666667,work,2,1.415262216750919e-16,0.0,0.005908173437115859,0.010727063107308529,0.011196491511591102,0.0773184905447789,0.016933385354088285,0.07943399847114607,4.5991088227462214e-08,3.5513565802016856e-07
11,1719,429,22,0.725,work,3,1.415262216750919e-16,0.0,0.0029620164381641213,0.005339154729756348,0.01053109116085953,0.08073886067415317,0.013371374008261076,0.08154806310610672,6.204457642817777e-08,4.1509831777763796e-07
11,1720,429,22,0.7333333333333333,work,4,1.415262216750919e-16,0.0,3.326575933927402e-08,8.429369702178807e-08,0.010128627934986919,0.08345540965085457,0.010128659882568022,0.08345537768057658,7.502215975889111e-08,4.607327232879502e-07
11,1721,430,23,0.7416666666666667,work,1,1.1527756336890508e-16,0.0,0.008036835322194387,0.011827858771396159,0.00969170317070029,0.08510466757729823,0.017428724020576002,0.08602692716985257,1.8573629383840374e-07,8.544487468499875e-07
11,1722,430,23,0.75,work,2,1.1527756336890508e-16,0.0,0.005369585572903129,0.007863893796346718,0.009454599361875886,0.08625340234501418,0.01454351404750782,0.08664406229917324,2.1231152545712775e-07,3.9311963195422116e-07
11,1723,430,23,0.7583333333333333,work,3,1.1527756336890508e-16,0.0,0.0026905508775333397,0.003921775531508335,0.009382069897054226,0.08694281744470794,0.011880124875597883,0.08705133357595887,1.1235346463330442e-07,5.179091452653055e-07
11,1724,430,23,0.7666666666666666,work,4,1.1527756336890508e-16,0.0,4.52046622920927e-08,1.8848643661548975e-07,0.00944199340548178,0.08724655385157402,0.00944203579152698,0.08724660333593517,2.453794681316093e-07,9.675433087794832e-07
11,1725,431,24,0.775,work,1,2.220446049250313e-16,0.0,0.008323477225955585,0.013917466912778002,0.009643352016930923,0.08758914282955138,0.01747464325915812,0.09015845909339547,9.547139088453491e-08,5.65459309846471e-07
11,1726,431,24,0.7833333333333333,work,2,2.220446049250313e-16,0.0,0.0055665110860467736,0.009270245640994603,0.009922019071132918,0.08779130204330243,0.015102517502870165,0.08940673696060109,1.0297501453723601e-07,5.732591170570675e-07
11,1727,431,24,0.7916666666666666,work,3,2.220446049250313e-16,0.0,0.0027918953347756572,0.00463199163734664,0.01025192099428323,0.08793436758798122,0.012815180618270255,0.08869531926768127,2.4091494063142334e-07,2.950279395762585e-07
11,1728,431,24,0.8,work,4,2.220446049250313e-16,0.0,3.2652471211868624e-08,7.300048299977715e-08,0.010610621866372277,0.08808348289974799,0.010610652679178318,0.08808347073468983,1.1237221771746019e-07,7.31220492505155e-07
11,1729,432,25,0.8083333333333333,work,1,2.7755575615628914e-17,0.0,0.008814943857212959,0.019045711349863957,0.011077968351301048,0.08868954106900105,0.01944876357147022,0.09455301682207413,1.838116685069754e-07,3.769728732309799e-07
11,1730,432,25,0.8166666666666667,work,2,2.7755575615628914e-17,0.0,0.00590615103080153,0.012694382627457172,0.01152249591906846,0.08956022841502137,0.0170866056146937,0.09336938359991614,1.8676406133607348e-07,5.794233708150282e-07
11,1731,432,25,0.825,work,3,2.7755575615628914e-17,0.0,0.0029679834587299234,0.006347682035027673,0.011922416659189656,0.09065521783926456,0.01468990121647125,0.09248791910672496,2.2105021416091158e-07,2.1073424255447025e-07
11,1732,432,25,0.8333333333333334,work,4,2.7755575615628914e-17,0.0,2.362805103960729e-08,1.1920928955078128e-07,0.012268496466809505,0.09196119902745473,0.01226847313096397,0.09196128512472818,6.606208205193456e-08,2.8740318897345554e-07
11,1733,433,26,0.8416666666666667,work,1,6.938893903907228e-18,0.0,0.009414746229423317,0.022425557923539934,0.012553785842382838,0.09406227026404858,0.021505074126973937,0.10352856245102607,1.1435373486333327e-07,1.7377590819732256e-07
11,1734,433,26,0.85,work,2,6.938893903907228e-18,0.0,0.0063307215675450345,0.015015361269987936,0.012800576619115933,0.09665688524062926,0.018792526394590392,0.10267603651421266,1.0218310480345608e-07,2.563692708922217e-07
11,1735,433,26,0.8583333333333333,work,3,6.938893903907228e-18,0.0,0.003193658755515065,0.007548427177156334,0.013017221773779432,0.09960108204413681,0.01601876461283966,0.10242371739844215,1.437810154723203e-07,3.039252468104833e-07
11,1736,433,26,0.8666666666666667,work,4,6.938893903907228e-18,0.0,5.639577543752129e-08,1.6593230851978133e-07,0.0132162169648514,0.10282833384978783,0.01321627261995244,0.10282832751423297,1.8391436595995212e-07,5.527507362065157e-07
11,1737,434,27,0.875,work,1,5.594315114139762e-17,0.0,0.009408048462924225,0.02538675526586931,0.012955747489278503,0.10854392269897993,0.021924006490098298,0.12303663767225043,1.1924467749988605e-07,8.068672639537438e-07
11,1738,434,27,0.8833333333333333,work,2,5.594315114139762e-17,0.0,0.006415114647169911,0.017144077109675776,0.012856528006233098,0.11534446734443853,0.018975813126790073,0.12418642584686772,2.0655321446799684e-07,9.068920644940776e-07
11,1739,434,27,0.8916666666666666,work,3,5.594315114139762e-17,0.0,0.0032870706037459534,0.008739707999629233,0.012940811721984451,0.1230073608279367,0.016064616667070205,0.12694705503083073,1.6515696208189598e-07,5.732591170570675e-07
11,1740,434,27,0.9,work,4,5.594315114139762e-17,0.0,3.17687902882508e-08,1.1151007970493858e-07,0.013246171736179802,0.13148923867083895,0.013246140375849461,0.13148921403126942,9.845898994020013e-08,3.7223088731756253e-07
11,1741,435,28,0.9083333333333333,work,1,1.3877787807814457e-17,0.0,0.010220495292078744,0.028707968557803182,0.012863093027471462,0.14278750656042266,0.02273168622230291,0.1541668319445127,1.3731501556762265e-07,5.057621821307297e-07
11,1742,435,28,0.9166666666666666,work,2,1.3877787807814457e-17,0.0,0.007186345438482258,0.01993436375381714,0.012970482855659085,0.15671899854108914,0.019893385686461165,0.162494794986347,2.793759055406091e-08,7.164964246852024e-07
11,1743,435,28,0.9249999999999999,work,3,1.3877787807814457e-17,0.0,0.0038011044127331333,0.010547712582233856,0.01366677402620004,0.17292220388429927,0.017286534614243364,0.17492699962317,7.723177843714445e-08,4.805480091749769e-07
11,1744,435,28,0.9333333333333333,work,4,1.3877787807814457e-17,0.0,6.25892942171473e-09,0.0,0.015007794815925521,0.19131186751915288,0.015007800360434434,0.19131186260463395,3.5810267997881174e-08,3.816559456248795e-07
11,1745,436,29,0.9416666666666667,work,1,1.1295700899707568e-16,4.2146848510894035e-08,0.010962452526289228,0.030258678349451874,0.014264839607599866,0.22117402941255754,0.024503499588844225,0.22626670141966262,1.3175706759653906e-07,6.690604782296345e-07
11,1746,436,29,0.95,work,2,1.1295700899707568e-16,4.2146848510894035e-08,0.00827206196958795,0.02289712980674362,0.015057677950425374,0.2604153766049945,0.02273293703621968,0.2613955066072126,1.2010476881558143e-07,2.632069845893339e-07
11,1747,436,29,0.9583333333333334,work,3,1.1295700899707568e-16,4.2146848510894035e-08,0.004653701014649526,0.01320434489426584,0.01724048805657743,0.29449788215547457,0.021479840520830698,0.29416728324766334,7.247564994558428e-08,4.860611686199943e-07
11,1748,436,29,0.9666666666666667,work,4,1.1295700899707568e-16,4.2146848510894035e-08,3.620845272438647e-08,7.884953353001448e-08,0.02051669711874468,0.32201292249009245,0.020516731405704827,0.32201292196573156,1.2562993783429598e-07,7.539457464619632e-07
11,1749,437,30,0.975,work,1,2.0014830212433605e-16,0.0,0.009733691598920118,0.035367999053116474,0.020939632950487445,0.3412320998156558,0.029979251861094007,0.35050494330274196,6.52430858358944e-08,5.945544643181586e-07
11,1750,437,30,0.9833333333333333,work,2,2.0014830212433605e-16,0.0,0.007100224176524791,0.029253589726734773,0.02181489218570148,0.3573517072332153,0.02865779598851807,0.36570940205966523,8.421524371092539e-08,6.47472172451035e-07
11,1751,437,30,0.9916666666666667,work,3,2.0014830212433605e-16,0.0,0.004017423906563107,0.017670474436794276,0.023398234856667057,0.37002603783733606,0.027320140248521606,0.37540829272098525,9.620020985501014e-08,3.7223088731756253e-07
11,1752,437,30,1.0,work,4,2.0014830212433605e-16,0.0,1.1036745178364586e-08,0.0,0.025938509203838854,0.3795286581096367,0.02593849935788137,0.37952867094710463,1.8758385425492298e-07,8.678567277527542e-07
11,1753,438,31,1.0083333333333333,work,1,2.0816681711721685e-17,4.2146848510894035e-08,0.009039973771939236,0.021844325952324706,0.02658565746145922,0.3843275858055325,0.03451119774838366,0.38922728566225984,2.7965026042142857e-07,1.1499989856228234e-06
11,1754,438,31,1.0166666666666666,work,2,2.0816681711721685e-17,4.2146848510894035e-08,0.0061464986409675475,0.015517014016430823,0.027305280474498168,0.391161861734019,0.0326772817762505,0.3953015314284259,9.084709042788457e-08,4.823927300047483e-07
11,1755,438,31,1.025,work,3,2.0816681711721685e-17,4.2146848510894035e-08,0.003146233170626434,0.008295651763011168,0.028152030135116805,0.39982646141939765,0.030876041908029853,0.4023525122523377,1.424898160335901e-07,4.140270945265838e-07
11,1756,438,31,1.0333333333333332,work,4,2.0816681711721685e-17,4.2146848510894035e-08,1.591957994348294e-08,0.0,0.02917917994442833,0.41032071823220967,0.029179194257888137,0.41032071573659895,2.0282544916883794e-07,7.18353437971712e-07
11,1757,439,32,1.0416666666666667,work,1,1.594436429147036e-16,2.9802322387695312e-08,0.006721882000753438,0.011876447525438491,0.029142518694718744,0.41976086884657976,0.03428112988598564,0.41932214501023896,1.8166413702506693e-07,8.765125971944845e-07
11,1758,439,32,1.05,work,2,1.594436429147036e-16,2.9802322387695312e-08,0.004492104209338203,0.007921610984940179,0.02911769051235587,0.4312358630894188,0.032405678305772574,0.43099672724284593,1.6858096029876616e-07,1.2065340566633622e-06
11,1759,439,32,1.0583333333333333,work,3,1.594436429147036e-16,2.9802322387695312e-08,0.002251787588614244,0.003965920384245001,0.02911273721448864,0.4445793948745222,0.030688449077616132,0.4444756490458522,1.2833826127371662e-07,4.2146848510894035e-08
11,1760,439,32,1.0666666666666667,work,4,1.594436429147036e-16,2.9802322387695312e-08,5.044597149183346e-08,1.1151007970493858e-07,0.029117788818696446,0.4596819869448855,0.029117830291171695,0.45968197773662395,2.1383927657241272e-07,7.121445623247971e-07
11,1761,440,33,1.075,work,1,1.6435074526764696e-16,0.0,0.0052777234431465566,0.007808720984565552,0.028723810752742156,0.476167611667134,0.03230805609735065,0.47447559985913823,1.4603909138393797e-07,6.377975511262652e-07
11,1762,440,33,1.0833333333333333,work,2,1.6435074526764696e-16,0.0,0.0035171998975704185,0.005200099588493587,0.028272611755122343,0.4944633505072327,0.03057857671829602,0.4932588749671052,1.7665974452583945e-07,6.336060650786575e-07
11,1763,440,33,1.0916666666666666,work,3,1.6435074526764696e-16,0.0,0.0017579107624640764,0.0025973093432606993,0.027748530286279733,0.5145787307703984,0.02887161665777604,0.5139369130594079,2.2264675853616552e-07,7.396741894478159e-07
11,1764,440,33,1.1,work,4,1.6435074526764696e-16,0.0,1.7719585717524952e-09,0.0,0.02713524990124457,0.536593443825609,0.027135250103193582,0.5365934338961416,2.1707394680229962e-07,9.034577841296343e-07
11,1765,441,34,1.1083333333333334,work,1,1.389512421408389e-16,0.0,0.0044937006468417804,0.0057905534511157675,0.026325683687486844,0.5604552748643468,0.029584319331734162,0.5574698383659762,2.08401431394113e-07,9.03949194437458e-07
11,1766,441,34,1.1166666666666667,work,2,1.389512421408389e-16,0.0,0.0029934236332541083,0.003899486832376102,0.025381338486112046,0.5863831973709455,0.027567317171257863,0.5843688707145727,2.1624599796177481e-07,6.143906154658909e-07
11,1767,441,34,1.125,work,3,1.389512421408389e-16,0.0,0.0014955565118959584,0.001969582957558247,0.02423943839396861,0.6093674975913765,0.025343784668479637,0.6083522027996183,1.7464666369687149e-07,4.860611686199943e-07
11,1768,441,34,1.1333333333333333,work,4,1.389512421408389e-16,0.0,3.715423534404666e-08,6.664001874625056e-08,0.022902515420046538,0.6257386128257869,0.022902482089744797,0.625738617642134,8.679362169643494e-08,3.8281776245430556e-07
11,1769,442,35,1.1416666666666666,work,1,6.916653802134305e-16,0.0,0.003966511470556579,0.0057813146322345105,0.021393026704778238,0.6362141795052223,0.024588095113628448,0.6336834431371781,9.803221557269116e-08,1.0246106051010652e-06
11,1770,442,35,1.15,work,2,6.916653802134305e-16,0.0,0.002645270466780245,0.003909778913680615,0.019907954562132926,0.6412188263891169,0.022048722260328803,0.6395680982841601,8.662094557026295e-08,7.251217997429673e-07
11,1771,442,35,1.1583333333333332,work,3,6.916653802134305e-16,0.0,0.0013232111651152701,0.0019826261103109803,0.018517123747684876,0.6415634072072913,0.019591569939282738,0.6407534653788544,1.2442576970950763e-07,8.074174633112048e-07
11,1772,442,35,1.1666666666666667,work,4,6.916653802134305e-16,0.0,7.260636808895906e-09,0.0,0.017264445189622397,0.6379547742806144,0.017264441590030377,0.6379547944884175,1.2210102518656062e-07,5.495276723678658e-07
11,1773,443,36,1.175,work,1,2.2887833992611187e-16,0.0,0.00361441012286792,0.006959670892408014,0.01614416359222349,0.6325612867175503,0.0193962095740069,0.6346386606329061,1.5420352430716868e-07,7.06509923406229e-07
11,1774,443,36,1.1833333333333333,work,2,2.2887833992611187e-16,0.0,0.0024140333717724634,0.004696038799893725,0.015218143537430234,0.6242836600727101,0.017396767956607814,0.625689049489975,1.4193786365206178e-07,1.1596129213776584e-06
11,1775,443,36,1.1916666666666667,work,3,2.2887833992611187e-16,0.0,0.0012092873709884148,0.0023763127134461518,0.014473834007540256,0.613183407330103,0.015568439397252574,0.6138936021384988,1.0401606971426115e-07,7.115206948705545e-07
11,1776,443,36,1.2,work,4,2.2887833992611187e-16,0.0,3.969138679912363e-08,9.424321830774485e-08,0.013906143392914494,0.5998459781115342,0.013906180747863145,0.5998459766905617,9.988747964933982e-08,2.632069845893339e-07
11,1777,444,37,1.2083333333333333,work,1,1.1123893155135927e-16,0.0,0.00421641249251428,0.004668371557662291,0.013606774053804878,0.5839513926370934,0.01735885674765458,0.5820002247542952,1.478701390447362e-07,5.908080220699036e-07
11,1778,444,37,1.2166666666666666,work,2,1.1123893155135927e-16,0.0,0.002811791274521636,0.003141552783878873,0.013493061351654876,0.5672532923295995,0.016026900426446535,0.5659608185594357,9.732649146534055e-08,7.725644944200397e-07
11,1779,444,37,1.225,work,3,1.1123893155135927e-16,0.0,0.0014063882060724416,0.0015855491238101257,0.013525371516753567,0.5499609123545224,0.014806292895539329,0.5493180973359573,1.0935340693172698e-07,7.189713765272429e-07
11,1780,444,37,1.2333333333333334,work,4,1.1123893155135927e-16,0.0,2.400431472603088e-08,4.2146848510894035e-08,0.013664709843910761,0.532261498784559,0.013664733599905922,0.5322614934156911,2.521638782552298e-07,6.570043469979972e-07
12,1781,445,1,0.008333333333333333,startup,1,7.850462293418876e-17,0.0,0.009198586050740183,0.029677634124674706,0.0027966297877635234,0.008715888935526708,0.011984461522784949,0.038383358511999845,3.727856668822933e-07,6.151130032703392e-07
12,1782,445,1,0.016666666666666666,startup,2,7.850462293418876e-17,0.0,0.006130241523617279,0.019736400988713255,0.005152026023529753,0.01602139685843466,0.011232022304703656,0.035732577459474966,2.5680021662994546e-07,4.539354506649926e-07
12,1783,445,1,0.025,startup,3,7.850462293418876e-17,0.0,0.003063994264752657,0.00984371688834348,0.007133966909455276,0.022185852470149127,0.010117830934698147,0.031988072122309856,2.8257967491505505e-07,3.9085379387748307e-07
12,1784,445,1,0.03333333333333333,startup,4,7.850462293418876e-17,0.0,2.2095094683771854e-08,5.960464477539063e-08,0.008802867870015517,0.027494587369245357,0.008802862500518718,0.027494597167394247,3.234679160935802e-07,3.769728732309799e-07
12,1785,446,2,0.041666666666666664,work,1,1.3597399555105182e-16,2.9802322387695312e-08,0.005815599670688342,0.02064670011626992,0.009417954264839394,0.029288922929272158,0.015083791492460547,0.04927525262364619,2.9804811593388844e-07,3.976125736274229e-07
12,1786,446,2,0.05,work,2,1.3597399555105182e-16,2.9802322387695312e-08,0.0038733218808769095,0.013739035753482067,0.010181043589799382,0.031048328560455113,0.01381667247660644,0.04421674655507565,1.9228289241930593e-07,5.470979139413201e-07
12,1787,446,2,0.058333333333333334,work,3,1.3597399555105182e-16,2.9802322387695312e-08,0.0019347772487864922,0.006856795516268493,0.011094657420804564,0.03290659479175245,0.012784157920429355,0.039351934093720585,1.7892451675642728e-07,4.558878702157255e-07
12,1788,446,2,0.06666666666666667,work,4,1.3597399555105182e-16,2.9802322387695312e-08,9.509110069806835e-09,6.664001874625056e-08,0.012111606140061907,0.03495578098519236,0.012111608544430942,0.03495581473393466,1.9225326845675184e-07,2.7476383618393225e-07
12,1789,447,3,0.075,work,1,6.206335383118183e-17,0.0,0.006023750001004728,0.022139913882380666,0.013455242411936038,0.03766415140021085,0.018733002666708437,0.05827013418096017,1.260086327790355e-07,4.823927300047483e-07
12,1790,447,3,0.08333333333333333,work,2,6.206335383118183e-17,0.0,0.004012492621525071,0.014727161751372448,0.014802581069551953,0.04056497327793527,0.018075163256051508,0.05400935906861035,3.041004893067538e-07,1.0561969963711235e-06
12,1791,447,3,0.09166666666666666,work,3,6.206335383118183e-17,0.0,0.002004601095875279,0.0073472544195170185,0.016071736970728577,0.043633455496266633,0.01757862417590059,0.05019775409364818,1.1859455081410166e-07,5.809542146211266e-07
12,1792,447,3,0.1,work,4,6.206335383118183e-17,0.0,3.7155220900530103e-09,6.664001874625056e-08,0.017206121595019094,0.04684308251446257,0.017206120294110838,0.04684310951113427,3.030080043974605e-07,8.408269870082133e-07
12,1793,448,4,0.10833333333333334,work,1,1.2412670766236366e-16,0.0,0.00597490376013204,0.02495668008403364,0.018251248148877568,0.049775741392357506,0.022872965501714245,0.0702529705856924,2.875150138213768e-07,5.975347058702557e-07
12,1794,448,4,0.11666666666666667,work,2,1.2412670766236366e-16,0.0,0.003984257525509369,0.016606492904735735,0.019113098851145295,0.05317625037535799,0.022034313590328886,0.06690134343939502,2.7620253726702e-07,7.152557373046913e-07
12,1795,448,4,0.125,work,3,1.2412670766236366e-16,0.0,0.001992620481746888,0.008287578466313825,0.019478310703067322,0.05702712593918005,0.02089960436457025,0.06396185894488514,1.833938329866831e-07,7.090197356564034e-07
12,1796,448,4,0.13333333333333333,work,4,1.2412670766236366e-16,0.0,2.6999064972835825e-08,7.300048299977715e-08,0.01953648570246233,0.06143842233699442,0.019536499988489196,0.061438439456293514,2.6250688627490514e-07,6.756653814765625e-07
12,1797,449,5,0.14166666666666666,work,1,1.1443916996305594e-16,0.0,0.0057907153801372065,0.028508620849751736,0.019348707975996353,0.06649811886319959,0.02392587386164424,0.0899050839952159,2.2587615679388114e-07,5.127385417844444e-07
12,1798,449,5,0.15,work,2,1.1443916996305594e-16,0.0,0.003864294443691001,0.018990175926274274,0.019011679748983618,0.07228607077426369,0.022085006975820255,0.08848770883085008,2.3946234588219793e-07,2.289159818848554e-07
12,1799,449,5,0.15833333333333333,work,3,1.1443916996305594e-16,0.0,0.0019340591632353566,0.009487243615202767,0.01869494498118013,0.07877570123735392,0.02023114484882788,0.08709910074990432,3.5485247695573873e-07,8.596304119739573e-07
12,1800,449,5,0.16666666666666666,work,4,1.1443916996305594e-16,0.0,2.9502218778714607e-09,8.429369702178807e-08,0.018159486148380557,0.08499119980477982,0.01815948532718844,0.0849911348485343,3.108195803562604e-07,8.408269870082133e-07
12,1801,450,6,0.175,work,1,8.326672684688674e-17,0.0,0.005760912627515127,0.0314751451763806,0.01741772044498859,0.09098158082334624,0.022277222869115258,0.11748405336173827,1.873875198748069e-07,6.597025281542168e-07
12,1802,450,6,0.18333333333333332,work,2,8.326672684688674e-17,0.0,0.00384529701847503,0.020983363372983843,0.016982885951364848,0.09836781473175257,0.02030237458069625,0.11658689104223785,2.3781041361648212e-07,7.60981162476765e-07
12,1803,450,6,0.19166666666666665,work,3,8.326672684688674e-17,0.0,0.0019249855803387416,0.010491641993929645,0.01669851440745792,0.10547937390004021,0.018377310123694014,0.11477845306532317,2.719387996831877e-07,6.222907608098144e-07
12,1804,450,6,0.2,work,4,8.326672684688674e-17,0.0,1.8916452180511797e-08,5.960464477539063e-08,0.016518588489357246,0.11197525773059726,0.016518581093908337,0.11197519441425101,2.15974358430323e-07,6.391886052348407e-07
12,1805,451,7,0.20833333333333334,work,1,7.850462293418876e-17,0.0,0.005081729731120582,0.030306315368088147,0.01612670744433207,0.1168956808584223,0.020522155419786373,0.14413797940383363,2.8870013743993505e-07,9.049312144928637e-07
12,1806,451,7,0.21666666666666667,work,2,7.850462293418876e-17,0.0,0.0033914761210180667,0.02020541872478815,0.015806178700030836,0.12137229486409701,0.018694718241024432,0.13962267106836862,1.0973780095821334e-07,6.529361695112807e-07
12,1807,451,7,0.225,work,3,7.850462293418876e-17,0.0,0.0016975609106023542,0.01010340872073623,0.01549969355878061,0.12609388862044132,0.01693837291182344,0.1352752094064958,2.0943987515626998e-07,5.297776709387073e-07
12,1808,451,7,0.23333333333333334,work,4,7.850462293418876e-17,0.0,2.2574052378874592e-08,8.429369702178807e-08,0.015132672641730306,0.13026143305651666,0.015132676770088963,0.13026150189925967,2.6439387243601383e-07,7.456538679121063e-07
12,1809,452,8,0.24166666666666667,work,1,1.1443916996305594e-16,0.0,0.006092116714273759,0.03495650012831875,0.014619014036418515,0.13471474067329917,0.019201675685595103,0.16440694509475323,1.662353981783204e-07,7.691078126766694e-07
12,1810,452,8,0.25,work,2,1.1443916996305594e-16,0.0,0.004064976896024846,0.02330290343275702,0.014327376781497314,0.13954935597282533,0.01753360205219374,0.15955865322653837,4.3551153429802734e-07,1.4180394713128291e-06
12,1811,452,8,0.2583333333333333,work,3,1.1443916996305594e-16,0.0,0.002034272932615076,0.01165070802266457,0.014199396925801152,0.14371693461487278,0.015862868194396,0.15379103288910004,2.3281652886280255e-07,6.201461567486791e-07
12,1812,452,8,0.26666666666666666,work,4,1.1443916996305594e-16,0.0,3.119175802913722e-08,1.1151007970493858e-07,0.014169883836703591,0.14712158755453114,0.014169885781441174,0.14712165097843705,4.3047508497505746e-07,1.059555341877424e-06
12,1813,453,9,0.275,work,1,7.97218214573518e-17,0.0,0.006410364833021506,0.02943890937771028,0.013660068389549586,0.14757659866798847,0.018323171361523418,0.17286665360248785,3.532145519527409e-07,8.596304119739573e-07
12,1814,453,9,0.2833333333333333,work,2,7.97218214573518e-17,0.0,0.004276680706484645,0.0196156760329656,0.01333393648369517,0.1477778617895122,0.016643915480163765,0.16463736243302607,2.0732194149406125e-07,5.809542146211266e-07
12,1815,453,9,0.2916666666666667,work,3,7.97218214573518e-17,0.0,0.0021398923052106237,0.00980260496597393,0.013161251466296832,0.14735566662481236,0.014900739288818776,0.1557708522259918,3.292394156678574e-07,7.127678837240613e-07
12,1816,453,9,0.3,work,4,7.97218214573518e-17,0.0,3.409942445144126e-09,2.9802322387695312e-08,0.013109156944682275,0.1460905992342386,0.01310915516535146,0.1460905709432214,3.4301029919175754e-07,8.018984822674871e-07
12,1817,454,10,0.30833333333333335,work,1,1.5515838457795457e-16,0.0,0.0036138787044429433,0.029250797448506494,0.012342806093611155,0.14362239452896522,0.015528351934192601,0.16797523449767243,2.0118893556918197e-07,6.703866648198394e-07
12,1818,454,10,0.31666666666666665,work,2,1.5515838457795457e-16,0.0,0.002405629414152775,0.019488048990235946,0.011741635994421977,0.1410883737404166,0.013904902500419489,0.15725619246762437,5.6719536187199726e-08,1.9082797281243954e-07
12,1819,454,10,0.325,work,3,1.5515838457795457e-16,0.0,0.0012010292709953789,0.009737757310606564,0.011214612547555713,0.13835057517292138,0.012309429852522119,0.14640195418751972,1.657871313562692e-07,4.655271575395269e-07
12,1820,454,10,0.3333333333333333,work,4,1.5515838457795457e-16,0.0,1.8202773537811607e-08,0.0,0.010804603652221682,0.13534839440102311,0.010804596814251641,0.135348410029302,1.5339591627152217e-07,3.5638394186202926e-07
12,1821,455,11,0.3416666666666667,work,1,1.576213700060856e-16,0.0,0.0023475575919173625,0.03338819771335563,0.00943436593899193,0.1335989587096051,0.010297460804988839,0.16053061818127728,1.7994942487260188e-07,7.420718430274012e-07
12,1822,455,11,0.35,work,2,1.576213700060856e-16,0.0,0.0015652933747620145,0.022250798486012476,0.007869897897422208,0.13178278024059975,0.008518307464751022,0.14991607715290886,1.412642991287924e-07,6.019774042583773e-07
12,1823,455,11,0.35833333333333334,work,3,1.576213700060856e-16,0.0,0.0007829265054157981,0.011121342336437945,0.006336257213080397,0.128614302701179,0.006687435197337389,0.13775173314463218,3.723948353139085e-07,1.150385085679236e-06
12,1824,455,11,0.36666666666666664,work,4,1.576213700060856e-16,0.0,1.5501030518533537e-08,1.264405455326821e-07,0.004905783082764961,0.12461185092627453,0.004905780977853193,0.12461194804989614,3.7571559082789627e-07,8.591136518358997e-07
12,1825,456,12,0.375,work,1,1.0007415106216802e-16,0.0,0.006024929383299284,0.03319379337595229,0.004413418331443783,0.11961843014353948,0.009528174643367016,0.14765351943614433,3.463456379023097e-07,4.805480091749769e-07
12,1826,456,12,0.3833333333333333,work,2,1.0007415106216802e-16,0.0,0.004024211905019363,0.022138356593144465,0.004563093992590097,0.11515676947156744,0.008232137401982684,0.1339832370959204,1.8535348923022777e-07,5.990192664337711e-07
12,1827,456,12,0.39166666666666666,work,3,1.0007415106216802e-16,0.0,0.0020160093642503808,0.011073728605580313,0.0050579824297253655,0.11106913592483966,0.0069575212032616,0.12054389362741376,2.854558342757211e-07,4.4802714521804273e-07
12,1828,456,12,0.4,work,4,1.0007415106216802e-16,0.0,1.8633990325494535e-08,1.1920928955078128e-07,0.005651225627563914,0.10706433901099395,0.005651243065046275,0.10706442675812872,3.1368454183302286e-07,7.828429661133159e-07
12,1829,457,13,0.4083333333333333,work,1,1.8619006149354548e-16,0.0,0.006829481054308695,0.03255264194088311,0.006581794840891785,0.10251593791981181,0.013365635696297406,0.13146509311562493,3.480407727025163e-07,7.420718430274012e-07
12,1830,457,13,0.4166666666666667,work,2,1.8619006149354548e-16,0.0,0.004559379955551533,0.021724285373944358,0.00749639014680314,0.09822122070538221,0.012008402135552694,0.11767634298159142,4.504976473784895e-07,7.468440584028805e-07
12,1831,457,13,0.425,work,3,1.8619006149354548e-16,0.0,0.002283024211537145,0.0108733259483744,0.008352583316939449,0.09392123972574214,0.01059617894933773,0.10372432176052677,3.07876148641059e-07,9.185692672385321e-07
12,1832,457,13,0.43333333333333335,work,4,1.8619006149354548e-16,0.0,9.60912956763218e-09,7.300048299977715e-08,0.009138683136073494,0.08964674677095484,0.009138681440607725,0.08964679767335389,3.5684577053924847e-07,1.036675401385205e-06
12,1833,458,14,0.44166666666666665,work,1,1.1443916996305594e-16,0.0,0.005519171951212382,0.03948094918900404,0.009440513502056406,0.08657426582976271,0.014851023980802883,0.12220202843983598,3.2573782186651533e-07,8.408269870082133e-07
12,1834,458,14,0.45,work,2,1.1443916996305594e-16,0.0,0.003695571357777886,0.026348812598887852,0.009869569017761775,0.08397199034413133,0.013538158211163958,0.1082054490390811,3.373714220010425e-07,7.521766104772113e-07
12,1835,458,14,0.4583333333333333,work,3,1.1443916996305594e-16,0.0,0.0018560938657376385,0.013188534699793319,0.010416813964003391,0.08154573611142542,0.012270324543193606,0.09392639405566128,2.9266509038568885e-07,7.77149487161957e-07
12,1836,458,14,0.4666666666666667,work,4,1.1443916996305594e-16,0.0,9.551843250780649e-09,9.424321830774485e-08,0.011112243217939737,0.07944553322280605,0.011112251573398384,0.07944547481748525,4.025957595492912e-07,1.2010003137356155e-06
12,1837,459,15,0.475,work,1,9.614813431917819e-17,0.0,0.008765635709357327,0.043384053417714855,0.012349542440719386,0.07875090941442342,0.020260307676260286,0.12093278347507898,3.0087964823778806e-07,1.077839214803299e-06
12,1838,459,15,0.48333333333333334,work,2,9.614813431917819e-17,0.0,0.0058665530409036555,0.0289234117674655,0.01424998428941059,0.07971271401866518,0.01983257558631597,0.10824477685440952,3.815699398970741e-07,1.1332722509999156e-06
12,1839,459,15,0.49166666666666664,work,3,9.614813431917819e-17,0.0,0.0029446450528811253,0.014461930367117596,0.01648649789274817,0.08217521325770304,0.019370198060742746,0.09657084700190105,3.921859282015126e-07,1.0163422170269558e-06
12,1840,459,15,0.5,work,4,9.614813431917819e-17,0.0,2.7986548344693142e-08,4.2146848510894035e-08,0.01881322160630195,0.08545078303223279,0.0188132365193643,0.08545083197568652,3.707233010851047e-07,7.644745909202539e-07
12,1841,460,16,0.5083333333333333,work,1,1.1443916996305594e-16,0.0,0.014036084190932779,0.04102575452559108,0.022697392483037614,0.08893701461057116,0.0364581649571524,0.12987016954330025,3.3588503685302445e-07,7.039911634336578e-07
12,1842,460,16,0.5166666666666666,work,2,1.1443916996305594e-16,0.0,0.009362997647200104,0.027295134973567295,0.026797040209206625,0.09365719401238669,0.036083039299002466,0.12092685196214427,2.88760929478891e-07,2.965293637235823e-07
12,1843,460,16,0.525,work,3,1.1443916996305594e-16,0.0,0.004684153590224133,0.01361972704160777,0.030937408472484326,0.09929070875045914,0.035599327509862944,0.1128332486072708,1.4525431581894133e-07,5.322864979354085e-07
12,1844,460,16,0.5333333333333333,work,4,1.1443916996305594e-16,0.0,1.38068032139557e-08,6.664001874625056e-08,0.034962731226895444,0.10543719272698378,0.0349627381684872,0.10543719060167263,7.091184794324106e-08,4.2357058535671e-07
12,1845,461,17,0.5416666666666666,work,1,6.206335383118183e-17,0.0,0.013631173108225982,0.026462443712107653,0.03866010098056008,0.10750774461591112,0.05225503258086294,0.13352099024941286,2.3651523619928354e-07,6.049210766012823e-07
12,1846,461,17,0.55,work,2,6.206335383118183e-17,0.0,0.009080245039848443,0.01758666442529217,0.0420215401597524,0.10999317891629168,0.05105201177621687,0.12722332430128835,1.9051344490162102e-07,7.269567798167786e-07
12,1847,461,17,0.5583333333333333,work,3,6.206335383118183e-17,0.0,0.004536407496823093,0.0087657355865803,0.044934074393383296,0.11241219574179044,0.049426769992067965,0.12094334765847252,4.269548750889215e-07,7.408739861641004e-07
12,1848,461,17,0.5666666666666667,work,4,6.206335383118183e-17,0.0,1.9691071316605186e-08,8.940696716308595e-08,0.047331040425265605,0.11442450996054447,0.047331057684435636,0.11442456555993875,3.079256983850344e-07,6.00500156867801e-07
12,1849,462,18,0.575,work,1,2.8441001681421824e-16,0.0,0.01327740337054671,0.01974022386981071,0.049124129545368884,0.112011072029388,0.06212025440010277,0.12554164391544168,3.9063821078198174e-07,6.447228089804658e-07
12,1850,462,18,0.5833333333333334,work,2,2.8441001681421824e-16,0.0,0.008833644829635575,0.013139217323905958,0.050398505851528656,0.10945541608585539,0.05901839036470768,0.11856283407413858,3.4619680268967425e-07,6.100383249061942e-07
12,1851,462,18,0.5916666666666667,work,3,2.8441001681421824e-16,0.0,0.004407784038776163,0.0065590625676899125,0.0511610440431796,0.10658010482572836,0.055449147100629356,0.1111510558999069,3.207229028588227e-07,6.736907097969871e-07
12,1852,462,18,0.6,work,4,2.8441001681421824e-16,0.0,1.3419935097259206e-08,9.424321830774485e-08,0.05144004661265946,0.1032883741263925,0.05144003677356502,0.10328830910638696,2.287505438160574e-07,8.754987014274895e-07
12,1853,463,19,0.6083333333333333,work,1,1.2719202621569003e-16,0.0,0.01178260678277365,0.02077751102323032,0.05086962351603048,0.09644101395587207,0.06223061527298742,0.10267935093527271,2.521087910430867e-07,3.674277068954101e-07
12,1854,463,19,0.6166666666666667,work,2,1.2719202621569003e-16,0.0,0.007838930212260996,0.013863447484870228,0.049976175396542866,0.0895592873917151,0.05753482125829138,0.09391579070724902,3.1250608871725075e-07,5.031211082975321e-07
12,1855,463,19,0.625,work,3,1.2719202621569003e-16,0.0,0.003911331410133829,0.006937446260026141,0.04880503041548229,0.08273252320708095,0.05257521051357264,0.08497346821106004,2.3448360421097462e-07,5.46285592908365e-07
12,1856,463,19,0.6333333333333333,work,4,1.2719202621569003e-16,0.0,1.360573924122096e-08,7.300048299977715e-08,0.04740912300870348,0.07603073994854576,0.047409123492261576,0.07603070012183549,2.4506818461613175e-07,1.5769906706002898e-07
12,1857,464,20,0.6416666666666666,work,1,1.7772239894833365e-16,0.0,0.009327687165170708,0.019974001889587787,0.04508638655254413,0.06735207825181988,0.05399545954540878,0.07098149538932269,2.7277505685962637e-07,1.032382731180714e-07
12,1858,464,20,0.65,work,2,1.7772239894833365e-16,0.0,0.0062118418441817385,0.01332575366619719,0.04272436155277111,0.059001504653294165,0.04867313472505847,0.06156196386199767,2.94025504191147e-07,4.7590492435310335e-07
12,1859,464,20,0.6583333333333333,work,3,1.7772239894833365e-16,0.0,0.0031025832334013047,0.006667773950796989,0.04038062496308011,0.051206929754038344,0.043357963084251445,0.05251045071831293,2.0910300260705737e-07,6.717102330675541e-07
12,1860,464,20,0.6666666666666666,work,4,1.7772239894833365e-16,0.0,1.7146094928306315e-08,8.429369702178807e-08,0.038110454263300675,0.04418552065192713,0.03811046488836388,0.044185503251652825,2.1830557779974156e-07,3.4755181639464544e-07
12,1861,465,21,0.675,work,1,7.850462293418876e-17,0.0,0.008880554945379218,0.019466051283532227,0.03586814338413966,0.03788786362675865,0.04453288460829327,0.04628857053776131,2.1506631731391469e-07,9.320077759690303e-07
12,1862,465,21,0.6833333333333333,work,2,7.850462293418876e-17,0.0,0.005917854387753812,0.012986412757668023,0.03378143109586903,0.03273471829686509,0.03956254455746162,0.03853513655087739,3.8549715101778075e-07,1.1151007970494002e-06
12,1863,465,21,0.6916666666666667,work,3,7.850462293418876e-17,0.0,0.002957655167357836,0.00649777445408451,0.03187371030455736,0.029144477648993316,0.03476437844339155,0.032031961296989424,6.286123181970095e-08,3.8743019104003964e-07
12,1864,465,21,0.7,work,4,7.850462293418876e-17,0.0,1.7560501773925594e-08,0.0,0.03018128710567299,0.02741975303431629,0.030181272735071922,0.027419760843700833,2.967107570404113e-07,7.414731564894199e-07
12,1865,466,22,0.7083333333333334,work,1,2.3551386880256624e-16,0.0,0.010176706500975555,0.016513837152127387,0.029151239279964488,0.027725381560556695,0.039186200267266234,0.039198741419353804,2.4067481926408233e-07,6.019774042583773e-07
12,1866,466,22,0.7166666666666667,work,2,2.3551386880256624e-16,0.0,0.006780565982949237,0.011034299727548783,0.028300325305291075,0.029408914314993,0.034973889887785846,0.03634753530339019,8.318067160249183e-08,2.8740318897345554e-07
12,1867,466,22,0.725,work,3,2.3551386880256624e-16,0.0,0.003388318743980205,0.005529525585518541,0.027616263354883524,0.031946867232219796,0.030943268167857724,0.034971685077423965,2.33497019168879e-07,6.151130032703392e-07
12,1868,466,22,0.7333333333333333,work,4,2.3551386880256624e-16,0.0,1.9032639261967683e-08,5.960464477539063e-08,0.027084771223304015,0.0349260864391357,0.027084760388954916,0.034926057214145705,1.5900046141482632e-07,6.529361695112807e-07
12,1869,467,23,0.7416666666666667,work,1,6.206335383118183e-17,0.0,0.009773772425264995,0.017138009635893677,0.02660122032830711,0.037436211367420494,0.03628024508205018,0.046093484732619774,2.378534816181241e-07,5.255696799918546e-07
12,1870,467,23,0.75,work,2,6.206335383118183e-17,0.0,0.006515527840417553,0.011440937335528891,0.02624098885731955,0.0398681564956479,0.032675818369671254,0.044845293310551225,1.9410370871543505e-07,6.222907608098144e-07
12,1871,467,23,0.7583333333333333,work,3,6.206335383118183e-17,0.0,0.0032575709904751724,0.005728141999170153,0.025985472258803387,0.04218563662609753,0.0291921326186091,0.044287823096143035,2.1109386194013748e-07,4.086288571596775e-07
12,1872,467,23,0.7666666666666666,work,4,6.206335383118183e-17,0.0,2.3968114719065542e-08,5.960464477539063e-08,0.025821850588953484,0.04440163844070487,0.025821829535130684,0.04440164053987146,3.6039584077479006e-07,8.05214410192155e-07
12,1873,468,24,0.775,work,1,1.0007415106216802e-16,0.0,0.009670925587638497,0.019816440871195284,0.025674046542553952,0.045933345816988325,0.035108720684468964,0.05367553048634675,3.3900784713238605e-07,7.952251472548497e-07
12,1874,468,24,0.7833333333333333,work,2,1.0007415106216802e-16,0.0,0.006447596797127807,0.013224796244441608,0.02559397768521075,0.04744349934362589,0.031864267424063265,0.052026704084547536,2.292643400018413e-07,6.723710401462633e-07
12,1875,468,24,0.7916666666666666,work,3,1.0007415106216802e-16,0.0,0.0032239436284549217,0.006619386007956824,0.02556326588353864,0.04891639102860423,0.028686437177475415,0.05090323519805718,2.5643810152033105e-07,9.281880558966146e-07
12,1876,468,24,0.8,work,4,1.0007415106216802e-16,0.0,1.478596505073161e-08,8.429369702178807e-08,0.02556800353266524,0.05036670082777679,0.02556799682280246,0.05036675651024827,3.678500483047103e-07,7.263456348749403e-07
12,1877,469,25,0.8083333333333333,work,1,8.777083671441753e-17,0.0,0.009617152400912663,0.02284767945908396,0.025529118960245973,0.05128673637365618,0.034754527806395145,0.06010932869575847,1.907287704395761e-07,6.995615121308305e-07
12,1878,469,25,0.8166666666666667,work,2,8.777083671441753e-17,0.0,0.006413260886755053,0.015244496178041843,0.025516691966600977,0.052359469007191024,0.031650938524755395,0.057742330738232234,1.3211939290853163e-07,6.697238997889858e-07
12,1879,469,25,0.825,work,3,8.777083671441753e-17,0.0,0.0032075382978971525,0.007628735836995521,0.025509231087912133,0.053531281357466556,0.02856487651238939,0.05593152789611052,3.361320130486337e-07,6.989264130329271e-07
12,1880,469,25,0.8333333333333334,work,4,8.777083671441753e-17,0.0,1.990906885140808e-08,1.1151007970493858e-07,0.02550140858354824,0.05481299283996408,0.025501421583561158,0.05481298507064928,1.859803146127998e-07,4.509909734255549e-07
12,1881,470,26,0.8416666666666667,work,1,1.5202354861220294e-16,0.0,0.00992464167802741,0.025433816802230523,0.025552033015785815,0.055925682356590525,0.035036285164338724,0.06717431435317565,1.9794506305511205e-07,4.214684851089411e-07
12,1882,470,26,0.85,work,2,1.5202354861220294e-16,0.0,0.0066196893446310925,0.016972361011706596,0.02558861764313539,0.05723768523391443,0.03188989611148868,0.06418671264512399,3.126660374844745e-07,8.205115734300793e-07
12,1883,470,26,0.8583333333333333,work,3,1.5202354861220294e-16,0.0,0.003311507322966879,0.008494537065957326,0.02559745620628917,0.058670983694197654,0.028733401009719668,0.061813858161639444,1.4234893596055564e-07,3.63783705703429e-07
12,1884,470,26,0.8666666666666667,work,4,1.5202354861220294e-16,0.0,2.3717763357447058e-08,2.9802322387695312e-08,0.025579476758490496,0.060213856404579096,0.025579463023396875,0.06021381799298019,2.9857126531324664e-07,4.674311620401787e-07
12,1885,471,27,0.875,work,1,1.1443916996305594e-16,0.0,0.0097116582242556,0.02549692199209952,0.025458206435234956,0.06171309529898435,0.03474498165627631,0.07426683481088826,3.491753198018968e-07,7.851087970924124e-07
12,1886,471,27,0.8833333333333333,work,2,1.1443916996305594e-16,0.0,0.006480819384572834,0.017017212966789975,0.02531568910145644,0.06333532245622626,0.031481486424278705,0.07101734774007532,2.0722144779175643e-07,4.6838026182358703e-07
12,1887,471,27,0.8916666666666666,work,3,1.1443916996305594e-16,0.0,0.003243648918155501,0.008518318051685975,0.02514922282277248,0.06501884756596175,0.028215658048660476,0.06846565280205173,2.0153529353799357e-07,1.8371385344770487e-07
12,1888,471,27,0.9,work,4,1.1443916996305594e-16,0.0,7.624278216513616e-09,4.2146848510894035e-08,0.024965336955362877,0.06674842007266525,0.024965342782466732,0.06674838890268127,2.9326322872427614e-07,5.763494850937659e-07
12,1889,472,28,0.9083333333333333,work,1,1.9229626863835638e-16,0.0,0.009322258995483728,0.024192537688888953,0.024662878358464483,0.06829085539778705,0.033611886142075775,0.07998488281630511,2.429800865697493e-07,4.749708607944627e-07
12,1890,472,28,0.9166666666666666,work,2,1.9229626863835638e-16,0.0,0.006225410520752511,0.01615026460331811,0.024360803554531327,0.06993806332935756,0.030301573804015748,0.07696227871584008,2.704868166235428e-07,4.129530924722863e-07
12,1891,472,28,0.9249999999999999,work,3,1.9229626863835638e-16,0.0,0.0031180692432569374,0.008086193453802263,0.024070588131525315,0.07165995963385978,0.02702495381728395,0.07474280047820005,2.2663982947575025e-07,4.0535540904806456e-07
12,1892,472,28,0.9333333333333333,work,4,1.9229626863835638e-16,0.0,8.613730205210638e-09,9.424321830774485e-08,0.023801415923860574,0.07339893441223624,0.023801420481253825,0.07339892267767711,2.40408575942315e-07,2.1073424255447025e-07
12,1893,473,29,0.9416666666666667,work,1,5.551115123125783e-17,0.0,0.008802722556359069,0.02173818831521289,0.023380240836467593,0.07490927260818021,0.03183378425026906,0.08433944711974287,1.3156088158773373e-07,4.107966647175028e-07
12,1894,473,29,0.95,work,2,5.551115123125783e-17,0.0,0.005882125179737811,0.014511873314604093,0.022998020058427396,0.07655256857814004,0.02861201191929423,0.08205971300880943,8.50260787151566e-08,5.5595511514478e-07
12,1895,473,29,0.9583333333333334,work,3,5.551115123125783e-17,0.0,0.002947954048531471,0.007266096265357445,0.02266276658328443,0.07826054808493213,0.025455879855504297,0.08060394051872911,4.956681316198025e-08,7.760057786876928e-07
12,1896,473,29,0.9666666666666667,work,4,5.551115123125783e-17,0.0,1.931801194758065e-08,7.300048299977715e-08,0.022379396321679852,0.07999229353305333,0.022379414359419342,0.07999222291401346,9.854265274496266e-08,2.698715072315163e-07
12,1897,474,30,0.975,work,1,7.850462293418876e-17,0.0,0.008099498461472175,0.018886161550113897,0.02190081525635762,0.08155487183918761,0.029653149441258155,0.08829481777221851,1.8735295755743627e-08,1.5196262340524156e-07
12,1898,474,30,0.9833333333333333,work,2,7.850462293418876e-17,0.0,0.005413463014365231,0.012606217932166614,0.021488453707566166,0.08321716289919598,0.026637247374198113,0.08701425733197558,1.884936497251745e-07,3.746093836419747e-07
12,1899,474,30,0.9916666666666667,work,3,7.850462293418876e-17,0.0,0.0027137057398801557,0.006311268380816787,0.02115075414577053,0.08490800817785989,0.02371294124155057,0.08645694094793845,5.766484251069977e-08,1.5769906706002898e-07
12,1900,474,30,1.0,work,4,7.850462293418876e-17,0.0,2.305037075883965e-08,5.960464477539063e-08,0.02088931389132931,0.08658180012191548,0.020889330541203694,0.08658182073786351,1.5373583875992256e-07,6.597025281542168e-07
12,1901,475,31,1.0083333333333333,work,1,1.942890293094024e-16,0.0,0.007328381561314735,0.01589167152179134,0.020443632871566555,0.08807337204241507,0.02746005104442457,0.09215164612572824,1.1476256794620428e-07,5.794233708150282e-07
12,1902,475,31,1.0166666666666666,work,2,1.942890293094024e-16,0.0,0.0048975370148770375,0.010609320896942165,0.020079328503654386,0.08961969832032123,0.02473807502143293,0.09179026571607159,2.031999636588674e-07,6.078504936209683e-07
12,1903,475,31,1.025,work,3,1.942890293094024e-16,0.0,0.0024548239967386474,0.0053125424806891,0.019800185798902758,0.09111981290487457,0.0221183985447614,0.0919407901897336,4.3834591431429985e-08,6.279738994153012e-07
12,1904,475,31,1.0333333333333332,work,4,1.942890293094024e-16,0.0,8.741564796031642e-09,5.960464477539063e-08,0.019609213032287614,0.0926062210744274,0.019609218704038058,0.0926061641658508,2.2583603781764041e-07,8.32333567367139e-07
12,1905,476,32,1.0416666666666667,work,1,4.959867777032674e-15,2.9802322387695312e-08,0.00666166883827205,0.012851015460111066,0.01927456107931751,0.09354825251864539,0.02566013791664125,0.09447493301017328,1.271744595985153e-07,1.954268969387413e-07
12,1906,476,32,1.05,work,2,4.959867777032674e-15,2.9802322387695312e-08,0.0044497564648467314,0.008578651641029108,0.019019295289384876,0.0945379654699388,0.023260562837390954,0.0947675964945813,1.2598896697777104e-07,4.2252084251516616e-07
12,1907,476,32,1.0583333333333333,work,3,4.959867777032674e-15,2.9802322387695312e-08,0.0022292520029958277,0.004295138664229315,0.018841064136509617,0.09549197754011324,0.020953148277257663,0.09542237306361422,2.892364551496455e-07,5.717076686993523e-07
12,1908,476,32,1.0666666666666667,work,4,4.959867777032674e-15,2.9802322387695312e-08,2.2328751317158005e-08,2.9802322387695312e-08,0.018737411941249824,0.09637760358449847,0.018737392227590008,0.09637761756390088,2.0844946083615783e-07,3.009887021291878e-07
12,1909,477,33,1.075,work,1,5.551115123125783e-17,0.0,0.006113924672683715,0.010289729870773265,0.018522578660334785,0.09677515321275941,0.024402890625943943,0.09506357885464568,1.9651396806689485e-07,2.950279395762585e-07
12,1910,477,33,1.0833333333333333,work,2,5.551115123125783e-17,0.0,0.004081362050458048,0.006863380633912881,0.018367734327559653,0.09720001850150443,0.02227752303212941,0.09580663184148357,9.440451229312497e-08,4.860611686199943e-07
12,1911,477,33,1.0916666666666666,work,3,5.551115123125783e-17,0.0,0.002043386877217015,0.0034336860953775475,0.01827127745954892,0.09760628051137425,0.020221150802377075,0.09679148046906028,1.507403926953881e-07,6.515744659029109e-07
12,1912,477,33,1.1,work,4,5.551115123125783e-17,0.0,2.334809997222933e-08,5.960464477539063e-08,0.01823140632952644,0.09797093199395873,0.018231383357520715,0.09797098085855595,2.840459464101731e-07,6.873942968053134e-07
12,1913,478,34,1.1083333333333334,work,1,4.871083751574258e-16,0.0,0.00562575432407639,0.008626866206394232,0.018090267109835443,0.09796590256303694,0.023545127674200687,0.09443959851594244,2.5120643984436515e-07,5.380949403425408e-07
12,1914,478,34,1.1166666666666667,work,2,4.871083751574258e-16,0.0,0.0037527784341007176,0.005752354986277246,0.017994624036899002,0.09798715927981605,0.02162619490280477,0.09548931348194968,3.068845414222992e-07,6.398829982752794e-07
12,1915,478,34,1.125,work,3,4.871083751574258e-16,0.0,0.0018775522696405534,0.0028767464191983105,0.017944909593042686,0.09798058478530054,0.019758662586517893,0.09666415896834324,1.423652505390023e-07,5.07515262541963e-07
12,1916,478,34,1.1333333333333333,work,4,4.871083751574258e-16,0.0,1.5057737389451105e-08,5.960464477539063e-08,0.017941459665418515,0.09793105194817496,0.017941468828552513,0.09793101816876892,2.3056576096110463e-07,4.91512492372712e-07
12,1917,479,35,1.1416666666666666,work,1,3.885780586188048e-16,0.0,0.005075545003508507,0.0065219299289762,0.01780404699117127,0.09784528876109905,0.022765796944725265,0.09390899122373506,7.350964650451219e-08,3.588674836990926e-07
12,1918,479,35,1.15,work,2,3.885780586188048e-16,0.0,0.0033837754180161086,0.004345036718890603,0.01770483496250933,0.09771348977217843,0.021010877416744216,0.095032480895011,3.259290646066899e-08,2.995096332168847e-07
12,1919,479,35,1.1583333333333332,work,3,3.885780586188048e-16,0.0,0.0016919624839875184,0.002171191216357822,0.01764686932625231,0.09751243751815594,0.01929942060530378,0.09614658069154647,1.1171896809869833e-07,5.870376707193935e-07
12,1920,479,35,1.1666666666666667,work,4,3.885780586188048e-16,0.0,1.6758578654071585e-08,9.884312124119402e-08,0.017631243832143702,0.09723744669512178,0.017631227481410938,0.09723754500004698,1.1122493521798492e-07,4.66480131223755e-07
12,1921,480,36,1.175,work,1,7.845750602111125e-15,0.0,0.004525485175023043,0.00428355470605634,0.017465853982538616,0.0970422805508044,0.021893601827793575,0.09360080027588104,6.200394940085677e-08,4.339283638763745e-07
12,1922,480,36,1.1833333333333333,work,2,7.845750602111125e-15,0.0,0.0030163269649228705,0.0028492318275968164,0.017346482121079556,0.09672235133395972,0.020299542499855282,0.09443009172419348,1.8988435199777706e-07,2.210199382035633e-07
12,1923,480,36,1.1916666666666667,work,3,7.845750602111125e-15,0.0,0.0015078582247042968,0.0014214381841001294,0.017277976333407122,0.09625971234254252,0.01875521947254291,0.09511493014233485,1.0205038809933363e-07,4.70272715033875e-07
12,1924,480,36,1.2,work,4,7.845750602111125e-15,0.0,2.60393128972047e-08,7.884953353001448e-08,0.01726014669435305,0.09566133152317809,0.01726017019860288,0.09566127915220063,8.63470811838839e-08,2.7957056521316965e-07
12,1925,481,37,1.2083333333333333,work,1,3.271392289984647e-15,0.0,0.004083951064592583,0.004084177949958128,0.01712786459651677,0.09498649583158614,0.021119161046199843,0.09200823583445235,1.3449434344351165e-07,3.1256939416234273e-07
12,1926,481,37,1.2166666666666666,work,2,3.271392289984647e-15,0.0,0.0027217404266550453,0.0027138121200420105,0.017047080293906794,0.09414203040785016,0.019710448190067165,0.09219157964596006,1.930215782156625e-07,3.601028315304097e-07
12,1927,481,37,1.225,work,3,3.271392289984647e-15,0.0,0.0013604418026401462,0.0013525619402552692,0.017018758096932804,0.09312045059273864,0.018351460125748505,0.09216085676659488,2.2065097910455977e-07,4.519745972187261e-07
12,1928,481,37,1.2333333333333334,work,4,3.271392289984647e-15,0.0,2.2491268421193898e-08,8.429369702178807e-08,0.01703892467157861,0.09193169527675481,0.017038945101047774,0.09193163211170713,1.949390810097801e-07,7.545345366699837e-07
13,1929,482,1,0.008333333333333333,startup,1,5.721958498152797e-17,0.0,0.009227499916985122,0.029739432992462775,0.0028237616332720612,0.008727177830857701,0.012039321353538683,0.03846652095265518,1.0189301812177966e-07,6.982907363092924e-07
13,1930,482,1,0.016666666666666666,startup,2,5.721958498152797e-17,0.0,0.00616880038034417,0.019819125045066388,0.005236695104799117,0.015810749795108,0.011362458568398546,0.03562197451991841,7.398494846125614e-08,5.179091452653055e-07
13,1931,482,1,0.025,startup,3,5.721958498152797e-17,0.0,0.003092922883281596,0.009905958893760435,0.007223871135823903,0.02144915105462942,0.010258548054333018,0.031335787032418336,6.295721862652327e-08,3.576278686523442e-07
13,1932,482,1,0.03333333333333333,startup,4,5.721958498152797e-17,0.0,2.4600279021952816e-08,5.960464477539063e-08,0.00880911722502834,0.02592321115628341,0.008809113167846857,0.025923230186073055,5.245256579472535e-08,4.7215758316978504e-07
13,1933,483,2,0.041666666666666664,work,1,1.2888423398670571e-16,0.0,0.005850734946789946,0.020717005080683536,0.009116184885332716,0.02651719060961514,0.014892504373810013,0.04721562790127127,1.1276057625425597e-07,2.632069845893339e-07
13,1934,483,2,0.05,work,2,1.2888423398670571e-16,0.0,0.003903449069292276,0.01381567001706837,0.009468606064359671,0.02700749809623458,0.013268924448130699,0.04079804358211335,1.5293239273395445e-07,5.230286352272122e-07
13,1935,483,2,0.058333333333333334,work,3,1.2888423398670571e-16,0.0,0.001953191983884577,0.00690996101729673,0.009912421013211489,0.02762560897977218,0.011742019346511229,0.03444311942861494,9.655255770937066e-08,4.4604031881975524e-07
13,1936,483,2,0.06666666666666667,work,4,1.2888423398670571e-16,0.0,1.1013170494508383e-08,0.0,0.010434630693020626,0.02853654771838255,0.010434637446148112,0.02853654067774586,1.1256180821439243e-07,5.092623081992598e-07
13,1937,484,3,0.075,work,1,2.486410087150353e-16,0.0,0.006079524217717373,0.022292489719971782,0.011264576216404377,0.03043299405391328,0.016999382907124543,0.052164428636070535,1.374946800931982e-07,6.899736465686728e-07
13,1938,484,3,0.08333333333333333,work,2,2.486410087150353e-16,0.0,0.004052656683524898,0.01486022349215316,0.012126421934241197,0.032881965721556765,0.015774828061376853,0.04699754918507885,1.3235874594834172e-07,6.570043469979972e-07
13,1939,484,3,0.09166666666666666,work,3,2.486410087150353e-16,0.0,0.002026131324382022,0.007429444351428344,0.012936732431778408,0.03567191110374028,0.014658576570992224,0.042494557627635196,1.2970273150485764e-07,6.122183377794688e-07
13,1940,484,3,0.1,work,4,2.486410087150353e-16,0.0,5.530116764244668e-09,1.1920928955078128e-07,0.013638983151790652,0.03868769344529226,0.013638978711859382,0.03868759053080799,6.362975704526016e-08,5.748063779469126e-07
13,1941,485,4,0.10833333333333334,work,1,5.551115123125783e-17,0.0,0.0060385355206851845,0.025479888052420605,0.014293915826034053,0.043040860999406,0.019540927737028577,0.06686648543691706,1.3584974866374314e-07,4.98688236793326e-07
13,1942,485,4,0.11666666666666667,work,2,5.551115123125783e-17,0.0,0.004027049707890206,0.016974521867709303,0.014811046905480045,0.047903598540286564,0.018175746981887987,0.0636207564868697,1.0795838780347566e-07,1.812804499357409e-07
13,1943,485,4,0.125,work,3,5.551115123125783e-17,0.0,0.0020141739429022556,0.00848148339213306,0.015188440108997442,0.052984756759520364,0.016802100437366137,0.060758606214533786,2.0714574994828158e-07,3.2373608622551644e-07
13,1944,485,4,0.13333333333333333,work,4,5.551115123125783e-17,0.0,5.072435834228305e-09,4.2146848510894035e-08,0.015343489633434024,0.05826634378071126,0.015343484903574834,0.058266371880941664,8.280290122974854e-08,2.665600749850024e-07
13,1945,486,5,0.14166666666666666,work,1,2.5476231888929306e-16,0.0,0.0058090181251590906,0.02911815394332518,0.014780176300611006,0.06502524444005614,0.019782526180641354,0.09224266928151505,2.1117957912653502e-07,4.5783196376971154e-07
13,1946,486,5,0.15,work,2,2.5476231888929306e-16,0.0,0.003874779906284967,0.019402434440148005,0.014034894335978954,0.07291078620347992,0.017403541391451314,0.09127308294542678,1.8632950757783144e-07,3.71035921513699e-07
13,1947,486,5,0.15833333333333333,work,3,2.5476231888929306e-16,0.0,0.001938464290424416,0.009696394341471643,0.013472792747631785,0.0801964586803133,0.015159587574580205,0.08944634005884,1.0789897965276885e-07,3.1680303253932776e-07
13,1948,486,5,0.16666666666666666,work,4,2.5476231888929306e-16,0.0,1.8759138649122128e-08,4.2146848510894035e-08,0.013072048671446271,0.08720047644442182,0.01307203267644826,0.08720045525203113,4.748905414674563e-08,3.31864617039563e-07
13,1949,487,6,0.175,work,1,1.1123893155135927e-16,0.0,0.005680257772582936,0.030488456808477362,0.012696538575658145,0.09367380246857038,0.01768209022598632,0.12252461403703555,1.957097843117697e-07,6.187122908838623e-07
13,1950,487,6,0.18333333333333332,work,2,1.1123893155135927e-16,0.0,0.003789215206130729,0.020325883867462275,0.012473505356012937,0.10007030159886193,0.01575405102517333,0.1194172825825062,2.669376443602783e-07,7.562981570034979e-07
13,1951,487,6,0.19166666666666665,work,3,1.1123893155135927e-16,0.0,0.0018957790791306187,0.010162960137535046,0.012371148060481596,0.10615901796443643,0.013975070971869528,0.11586943940084043,1.895602528628394e-07,6.336060650786575e-07
13,1952,487,6,0.2,work,4,1.1123893155135927e-16,0.0,3.9955685453199055e-08,1.0745380149674385e-07,0.012281006717418289,0.1120444367662027,0.012281039525401466,0.11204445770710779,2.069845697822832e-07,7.001960351747746e-07
13,1953,488,7,0.20833333333333334,work,1,2.074543612936669e-15,4.2146848510894035e-08,0.005443794256801539,0.0315662981587439,0.011634475217294682,0.11605262827373902,0.016072714076667542,0.14501867151754744,2.1197339399645396e-07,6.208618478774947e-07
13,1954,488,7,0.21666666666666667,work,2,2.074543612936669e-15,4.2146848510894035e-08,0.003630911014856765,0.02105248669483644,0.010680138842454875,0.1212244939507224,0.01374959928395517,0.14055092930841143,9.92300818807637e-08,2.8272965492323474e-07
13,1955,488,7,0.225,work,3,2.074543612936669e-15,4.2146848510894035e-08,0.0018163146157882616,0.01053039547961467,0.009953667753134273,0.12667029551535997,0.011541703322016431,0.13636073979964794,1.2117567285617344e-07,3.6256089987148215e-07
13,1956,488,7,0.23333333333333334,work,4,2.074543612936669e-15,4.2146848510894035e-08,8.277073685464306e-09,1.1920928955078128e-07,0.009469767202740701,0.13144503094764584,0.009469771975286562,0.1314451448294803,1.0665830750463387e-07,2.950279395762585e-07
13,1957,489,8,0.24166666666666667,work,1,2.1677797545656835e-16,0.0,0.0064997597149017705,0.032652517766321464,0.00904390953495061,0.13440049579536367,0.014643957029454407,0.16245583110906936,2.5046251300701115e-07,6.502099105498649e-07
13,1958,489,8,0.25,work,2,2.1677797545656835e-16,0.0,0.004326209528761793,0.021729792388238047,0.008942119628360811,0.13655423810169698,0.012855615680914863,0.15541051891808458,1.1084432137986988e-07,3.9537248496477665e-07
13,1959,489,8,0.2583333333333333,work,3,2.1677797545656835e-16,0.0,0.0021596702205931785,0.01084552731457843,0.00905979185162542,0.13762035490663138,0.01107912395939019,0.14711066358823663,3.08454012378577e-07,8.139908482878063e-07
13,1960,489,8,0.26666666666666666,work,4,2.1677797545656835e-16,0.0,8.252973210976736e-09,1.1542389828584842e-07,0.009298899589036552,0.1377809953476384,0.009298899475116482,0.13778088894986598,2.2800566107403155e-07,6.488424854599636e-07
13,1961,490,9,0.275,work,1,1.0103182026100663e-16,0.0,0.005151941002020836,0.028260897464738546,0.009086882207491988,0.1357224219520749,0.013856943275195637,0.16060550177693933,1.516572715723968e-07,8.950625310946305e-07
13,1962,490,9,0.2833333333333333,work,2,1.0103182026100663e-16,0.0,0.003422214954518853,0.01880607730307209,0.009080518600127634,0.133524089047181,0.012322455449323363,0.1501536310953871,1.917558613414158e-07,9.243525516552305e-07
13,1963,490,9,0.2916666666666667,work,3,1.0103182026100663e-16,0.0,0.001705087385363867,0.00938581735179775,0.009198364869206202,0.1308748873816926,0.010827625606657896,0.13920900222507604,2.5780016420957893e-07,9.929139166449221e-07
13,1964,490,9,0.3,work,4,1.0103182026100663e-16,0.0,6.520331221826735e-09,0.0,0.009383335374721878,0.12764597310903578,0.00938333390830724,0.12764600247573046,3.548547019756158e-07,8.344650268554748e-07
13,1965,491,10,0.30833333333333335,work,1,1.637637764451964e-16,0.0,0.0025570914898461424,0.02955204182269895,0.008710309160310634,0.12556474947431362,0.01108737355675812,0.15250188625128394,2.7423541881013826e-07,6.377975511262652e-07
13,1966,491,10,0.31666666666666665,work,2,1.637637764451964e-16,0.0,0.001690993956399865,0.019686620166297908,0.007736642988746233,0.12316973868003407,0.009276449642583694,0.14130605179293876,2.9332716292300695e-07,8.317998490901567e-07
13,1967,491,10,0.325,work,3,1.637637764451964e-16,0.0,0.0008389472873469398,0.009835745503926139,0.006869098910967082,0.12021504911486551,0.007604734948648309,0.12936194406935678,3.16370780640943e-07,9.233911862867954e-07
13,1968,491,10,0.3333333333333333,work,4,1.637637764451964e-16,0.0,1.714811983081029e-08,0.0,0.006253629695061699,0.11693709568529286,0.006253640500182132,0.11693709178173924,1.8550486057269537e-07,7.287871396921605e-07
13,1969,492,11,0.3416666666666667,work,1,1.249000902703301e-16,0.0,0.005365529188556163,0.03181732570816558,0.005713940564809037,0.11473246676141799,0.009334150984512514,0.1452840547600086,8.6194243192044e-08,2.493441183966625e-07
13,1970,492,11,0.35,work,2,1.249000902703301e-16,0.0,0.003578533984331223,0.021233764804156112,0.00543776654796168,0.1126089304590706,0.008050235977994912,0.13307192671901583,2.4034420504542394e-07,8.408269870082133e-07
13,1971,492,11,0.35833333333333334,work,3,1.249000902703301e-16,0.0,0.0017903307897558633,0.010627944836961466,0.005448041852878515,0.11029060489944714,0.006832451647487289,0.12056388463325675,1.1693923037166235e-07,3.5388297101968327e-07
13,1972,492,11,0.36666666666666664,work,4,1.249000902703301e-16,0.0,9.178427620931405e-09,7.300048299977715e-08,0.0056653482233541014,0.10793143213842665,0.005665355678260658,0.10793146013600745,2.942129518089108e-07,5.930587274471662e-07
13,1973,493,12,0.375,work,1,2.6041568056522526e-15,0.0,0.005939293255999098,0.033827580978944734,0.0062077615933163795,0.10580936511318322,0.011765709734934343,0.13848173136091188,3.269039300215843e-07,9.049312144928637e-07
13,1974,493,12,0.3833333333333333,work,2,2.6041568056522526e-15,0.0,0.003964692994407974,0.022589418934769023,0.006764343400984527,0.10365100409421463,0.01049947697903948,0.12552605033631445,3.853591504642659e-07,8.820681921809234e-07
13,1975,493,12,0.39166666666666666,work,3,2.6041568056522526e-15,0.0,0.001985355954748528,0.011313516878366603,0.0073274169853710285,0.10127296742451423,0.009201038196140179,0.11225280883505558,2.421642598725837e-07,7.714139882054844e-07
13,1976,493,12,0.4,work,4,2.6041568056522526e-15,0.0,5.717219242288505e-09,2.9802322387695312e-08,0.007881583213025527,0.09877250723323089,0.007881581338496065,0.09877254191752137,2.3345559259688236e-07,7.432677694165705e-07
13,1977,494,13,0.4083333333333333,work,1,1.7109685898544713e-16,0.0,0.00669406406011663,0.035701759699602174,0.00872496406848215,0.09669884514753269,0.015329853896954255,0.1317810954834306,2.4434257991024025e-07,4.042583693936634e-07
13,1978,494,13,0.4166666666666667,work,2,1.7109685898544713e-16,0.0,0.004466318156074149,0.02384883431579152,0.00949072005805608,0.09475875959764621,0.01388171785340765,0.11822543934324004,1.2251390006001556e-07,2.5111883202720774e-07
13,1979,494,13,0.425,work,3,1.7109685898544713e-16,0.0,0.0022355118829479495,0.011948516449342878,0.010198727008847087,0.09268148736630667,0.012386590905406851,0.10444382265566314,2.946836463674843e-07,4.6169559314339464e-07
13,1980,494,13,0.43333333333333335,work,4,1.7109685898544713e-16,0.0,4.511386973512137e-08,9.884312124119402e-08,0.010871694117958472,0.09047817731925727,0.010871657235280534,0.09047824790671222,1.8478730520098736e-07,3.039252468104833e-07
13,1981,495,14,0.44166666666666665,work,1,2.797157557069881e-17,0.0,0.005437709893520231,0.04168994703016274,0.010962476568869384,0.09017095375480323,0.016077171894817582,0.13122324555651058,1.3010964434295014e-07,2.4211521162497896e-07
13,1982,495,14,0.45,work,2,2.797157557069881e-17,0.0,0.003645891291717707,0.027837591149214375,0.011069906580252179,0.09010346971553475,0.014547114700551938,0.11769685214616728,2.219245454993525e-07,1.812804499357409e-07
13,1983,495,14,0.4583333333333333,work,3,2.797157557069881e-17,0.0,0.0018339740323311342,0.013940899875141716,0.011199122694140152,0.09032811402128885,0.012970725165959531,0.10419456278681657,1.8778232412866416e-07,4.7215758316978504e-07
13,1984,495,14,0.4666666666666667,work,4,2.797157557069881e-17,0.0,3.714541099734163e-08,8.429369702178807e-08,0.011385163588922288,0.09101593031558788,0.011385191736896904,0.09101585891344148,1.9040120899957027e-07,3.8281776245430556e-07
13,1985,496,15,0.475,work,1,5.551115123125783e-17,0.0,0.008309330555837765,0.04747744762234359,0.011345918675831332,0.09433750692553558,0.01805057845477208,0.1416281548315483,1.2014191826263653e-07,5.960464477539063e-08
13,1986,496,15,0.48333333333333334,work,2,5.551115123125783e-17,0.0,0.00557053859039472,0.03168073789972679,0.011890085333169008,0.09883961784952153,0.0168236390985695,0.13038975061874242,2.1469799832686536e-07,2.920019319991088e-07
13,1987,496,15,0.49166666666666664,work,3,5.551115123125783e-17,0.0,0.0028007389439008985,0.015855084492853454,0.01280062816918539,0.1043272062452139,0.015442037452267158,0.12004036242163199,2.0667926766154706e-07,6.481576910892618e-07
13,1988,496,15,0.5,work,4,5.551115123125783e-17,0.0,4.548472277386975e-08,1.4600096599955432e-07,0.013928555145197315,0.11048875988744465,0.013928546884533377,0.11048885414865098,2.4103159976388455e-07,6.208618478774947e-07
13,1989,497,16,0.5083333333333333,work,1,2.0062885096040707e-16,0.0,0.014499033882696823,0.044148218834689695,0.01668451434835901,0.11686955644769399,0.0306641438948238,0.16055388159905074,1.7754619878717008e-07,8.795472719296113e-07
13,1990,497,16,0.5166666666666666,work,2,2.0062885096040707e-16,0.0,0.009645636211514133,0.029414258570458037,0.020087694940318257,0.124602603996679,0.029646959211742648,0.15361245413602817,1.0241902406807045e-07,1.1103115087865233e-06
13,1991,497,16,0.525,work,3,2.0062885096040707e-16,0.0,0.004812499960248884,0.01469807079804768,0.023764071064254773,0.13349166117304728,0.02856792062980978,0.14790687630645935,1.4398963638086231e-07,4.5295608501346993e-07
13,1992,497,16,0.5333333333333333,work,4,2.0062885096040707e-16,0.0,2.686652908838197e-08,1.4292691717483762e-07,0.02751915056832912,0.14302307696302977,0.0275191389355841,0.14302303505140967,9.763704013848988e-08,5.543552409928541e-07
13,1993,498,17,0.5416666666666666,work,1,1.2432050435751766e-16,0.0,0.016414638663474878,0.02884536664202536,0.03209653889510242,0.14777438768362347,0.04844522792298018,0.17430523507562998,2.4263840370549944e-07,7.115206948705545e-07
13,1994,498,17,0.55,work,2,1.2432050435751766e-16,0.0,0.01090525254458018,0.019242587140685698,0.03651858386810605,0.1527569982805524,0.047288445105417166,0.17051854809284997,2.59696572479915e-07,3.4498682328433513e-07
13,1995,498,17,0.5583333333333333,work,3,1.2432050435751766e-16,0.0,0.005433532385705477,0.009627411424778095,0.04046833700404945,0.157021054378154,0.04576325811990448,0.16592639021230315,2.694984267610482e-07,8.481889647697099e-07
13,1996,498,17,0.5666666666666667,work,4,1.2432050435751766e-16,0.0,8.371216899889964e-09,1.8371385344770487e-07,0.04373776332663495,0.15996863372573777,0.04373776294897609,0.15996864574332997,3.474376496887415e-07,8.269808844036882e-07
13,1997,499,18,0.575,work,1,8.326672684688674e-17,0.0,0.014099633064278331,0.02054170388794833,0.04562299028504843,0.15579638750449942,0.05899756293451253,0.16663897009741602,2.0862837626422353e-07,5.238770196213423e-07
13,1998,499,18,0.5833333333333334,work,2,8.326672684688674e-17,0.0,0.009369919741883191,0.013734325922311526,0.046723273594050894,0.15033023667612455,0.05549464974638216,0.15780108614038413,1.8990143020126175e-07,5.280984981855572e-07
13,1999,499,18,0.5916666666666667,work,3,8.326672684688674e-17,0.0,0.004669894634302695,0.006887116080598718,0.04706474130090547,0.14358974168378158,0.05138179278097109,0.14743109993301123,1.1992255317388575e-07,5.380949403425408e-07
13,2000,499,18,0.6,work,4,8.326672684688674e-17,0.0,2.3506789390381586e-08,9.884312124119402e-08,0.04671102407698557,0.135682637559194,0.04671100567039003,0.13568255695965392,1.9609093809605774e-07,2.920019319991088e-07
13,2001,500,19,0.6083333333333333,work,1,3.469446951953614e-17,0.0,0.012369446787850692,0.020809967238459546,0.04547858969928095,0.12328477713529637,0.05723794195334797,0.12670228675039527,2.2787094577596212e-07,5.022376640544164e-07
13,2002,500,19,0.6166666666666667,work,2,3.469446951953614e-17,0.0,0.008240237305077735,0.01388276587667883,0.04379407365764712,0.11048098004611587,0.05158370909542298,0.11323515217127895,2.605128282370293e-07,4.539354506649926e-07
13,2003,500,19,0.625,work,3,3.469446951953614e-17,0.0,0.004116899843847228,0.006946707996713511,0.041749610966088105,0.09762258759627807,0.045621002833916825,0.09926791576346002,2.0150511933374788e-07,8.429369702178869e-07
13,2004,500,19,0.6333333333333333,work,4,3.469446951953614e-17,0.0,4.31621272636344e-08,1.264405455326821e-07,0.039442929637479175,0.08509807113223317,0.03944289527357016,0.08509794892931061,1.1634432546601389e-07,5.314515382089335e-07
13,2005,501,20,0.6416666666666666,work,1,1.615809017446043e-16,0.0,0.009907325598285895,0.01896681603802875,0.03628069730551824,0.06935726392674141,0.04581504643865369,0.06810978985590292,1.6013029614202906e-07,7.737132898418456e-07
13,2006,501,20,0.65,work,2,1.615809017446043e-16,0.0,0.006618544123675622,0.012669052286357126,0.03314527268819987,0.05511096042500581,0.03951464555410826,0.055706231158014714,1.3393256676620292e-07,5.339525004377654e-07
13,2007,501,20,0.6583333333333333,work,3,1.615809017446043e-16,0.0,0.003316259641909725,0.006348381715247108,0.0301219235369687,0.04364074683266468,0.03331264348231155,0.044928458797049126,1.1748637937762594e-07,7.794318694247069e-07
13,2008,501,20,0.6666666666666666,work,4,1.615809017446043e-16,0.0,2.268165039314388e-08,7.884953353001448e-08,0.027275200184137257,0.036528102584263325,0.027275219998020885,0.036528066737954584,1.2003241806965192e-07,5.870376707193935e-07
13,2009,502,21,0.675,work,1,1.1107649934270853e-16,0.0,0.008932408661589003,0.01979505685283739,0.0243520516738637,0.03468035210039391,0.03317283410579651,0.04942265437870657,6.01555774785291e-08,5.5595511514478e-07
13,2010,502,21,0.6833333333333333,work,2,1.1107649934270853e-16,0.0,0.005974711185905421,0.013223160498806523,0.02171173410651842,0.03772233316278067,0.027604864993262722,0.0481343245460809,1.3566876977239048e-07,2.0212918469683143e-07
13,2011,502,21,0.6916666666666667,work,3,1.1107649934270853e-16,0.0,0.0029973129237579484,0.0066256829160011715,0.019384401275104778,0.04367127944209922,0.02233523686960106,0.048787805628356676,1.23435047581684e-07,8.544487468499875e-07
13,2012,502,21,0.7,work,4,1.1107649934270853e-16,0.0,2.7980099427626378e-08,1.264405455326821e-07,0.017388603633417953,0.05070583494753398,0.017388581123161974,0.050705809014044846,6.539135860002408e-08,9.253129182016947e-07
13,2013,503,22,0.7083333333333334,work,1,1.2432050435751766e-16,0.0,0.009319715791269438,0.01904425123190407,0.015805999153146198,0.05595405975021342,0.02503902416082189,0.06712440797924885,9.903586124016501e-08,8.215933294350099e-07
13,2014,503,22,0.7166666666666667,work,2,1.2432050435751766e-16,0.0,0.006227402761319484,0.012668336977003291,0.014542455929453534,0.06066771413073078,0.020695140036132473,0.06740677924489225,1.8771313007205905e-07,1.2105760581249125e-06
13,2015,503,22,0.725,work,3,1.2432050435751766e-16,0.0,0.0031207378495319927,0.006320316912272351,0.01357799393252168,0.0647588641925393,0.016649408134823858,0.06782162134543397,1.225294821381391e-07,7.527667844483354e-07
13,2016,503,22,0.7333333333333333,work,4,1.2432050435751766e-16,0.0,4.90444605950677e-09,1.1542389828584842e-07,0.012887961281580184,0.06823244789628177,0.012887961638861285,0.06823247343222862,1.1247355376944692e-07,7.348554137908234e-07
13,2017,504,23,0.7416666666666667,work,1,1.1107649934270853e-16,0.0,0.008816613070177498,0.015650538800784472,0.012234392254076692,0.06966874718937172,0.02091846919614351,0.07493474338582755,1.3028830362752075e-07,7.901831617094838e-07
13,2018,504,23,0.75,work,2,1.1107649934270853e-16,0.0,0.0058867591599369795,0.010366418562523919,0.011806062448030202,0.07064153450120023,0.01757971863131606,0.0737846352369902,1.740064985021994e-07,8.215933294350099e-07
13,2019,504,23,0.7583333333333333,work,3,1.1107649934270853e-16,0.0,0.0029478204982583624,0.0051496663336386365,0.011575475175518287,0.0711994141035184,0.014449174578154284,0.07261109823836849,1.1204471311656065e-07,6.293866658789802e-07
13,2020,504,23,0.7666666666666666,work,4,1.1107649934270853e-16,0.0,4.8448497835090765e-09,9.884312124119402e-08,0.011513851515754793,0.07140357908396361,0.011513852167652956,0.0714036174245477,6.520313127399442e-08,5.297776709387073e-07
13,2021,505,24,0.775,work,1,7.54012280790646e-16,0.0,0.008573225895515875,0.016123373985439792,0.011468906083960314,0.0717001946387367,0.019818832763721622,0.07871326232753487,1.8181639652697752e-07,7.941074725672195e-07
13,2022,505,24,0.7833333333333333,work,2,7.54012280790646e-16,0.0,0.005721616465665677,0.010612569696337493,0.011539884780916556,0.07170322629969689,0.017090172525410882,0.07621706729517236,1.1349795608722661e-07,4.3495057580847895e-07
13,2023,505,24,0.7916666666666666,work,3,7.54012280790646e-16,0.0,0.002863787967059065,0.005238170662175759,0.011697585595702685,0.07148593351990214,0.01446061214218481,0.07367224068402577,7.985068872166572e-08,7.679521278575185e-07
13,2024,505,24,0.8,work,4,7.54012280790646e-16,0.0,1.6251266805898536e-08,1.032382731180714e-07,0.0119150576640501,0.07112117213909255,0.011915043766769478,0.07112116023744904,1.520220173548006e-07,4.107966647175028e-07
13,2025,506,25,0.8083333333333333,work,1,3.2398021848425308e-16,0.0,0.0084892004745415,0.018850505506067032,0.01213525229503987,0.07171467491523398,0.020386222001784197,0.0836197287361549,1.0937470448105175e-07,3.4498682328433513e-07
13,2026,506,25,0.8166666666666667,work,2,3.2398021848425308e-16,0.0,0.005662722973488352,0.012363516586005652,0.012372639684459525,0.07223637926379177,0.017861709359076872,0.08019871487859394,5.017443964333684e-08,6.136673772923374e-07
13,2027,506,25,0.825,work,3,3.2398021848425308e-16,0.0,0.0028330182509973567,0.006081062806687695,0.012603175828123285,0.07275216145201438,0.01533961101253146,0.07674931882088741,1.0265364082345801e-07,7.306129140932162e-07
13,2028,506,25,0.8333333333333334,work,4,3.2398021848425308e-16,0.0,7.114929133671597e-09,1.264405455326821e-07,0.012812700681300034,0.07331591419467141,0.012812707094186393,0.07331589777521517,5.492628024582796e-08,7.55122867782116e-07
13,2029,507,26,0.8416666666666667,work,1,5.594315114139762e-17,0.0,0.009048704803910698,0.02162216507989891,0.013206400202883833,0.07507123140470533,0.02205847735984898,0.09211946419774494,1.002874584591846e-07,6.222907608098144e-07
13,2030,507,26,0.85,work,2,5.594315114139762e-17,0.0,0.006033512505265564,0.014146594699629778,0.013538414485474739,0.07697154463328196,0.019426650237507097,0.08845242065486655,1.82956566950373e-07,6.617189440481251e-07
13,2031,507,26,0.8583333333333333,work,3,5.594315114139762e-17,0.0,0.0030175500077141747,0.006943011116373934,0.013801824181695024,0.07905541637501515,0.016740068169533426,0.08484534783621998,7.414789894705933e-08,8.683682849606026e-07
13,2032,507,26,0.8666666666666667,work,4,5.594315114139762e-17,0.0,1.2291400402816508e-08,0.0,0.01399530638714617,0.08135327819039326,0.013995317150541324,0.08135326910732578,1.1367646294383718e-07,3.2373608622551644e-07
13,2033,508,27,0.875,work,1,2.3479724158959924e-16,0.0,0.008808355242222581,0.022173696274513953,0.014132882870213621,0.0849081514124358,0.02284678959023974,0.10516537507757365,7.865949056305985e-08,7.293962389540962e-07
13,2034,508,27,0.8833333333333333,work,2,2.3479724158959924e-16,0.0,0.005868296965017876,0.014479090368018314,0.014188946076142099,0.08879281996655619,0.019981497120816115,0.10231259138906033,2.580043110149403e-07,1.217161289254573e-06
13,2035,508,27,0.8916666666666666,work,3,2.3479724158959924e-16,0.0,0.00293337081883581,0.007098992293477999,0.01417530779715055,0.09302435469663116,0.017066116612176434,0.09978043630758919,5.7954810629909184e-08,4.5976783694450694e-07
13,2036,508,27,0.9,work,4,2.3479724158959924e-16,0.0,9.713901773238502e-09,4.2146848510894035e-08,0.014105850976471601,0.0976230733047468,0.014105859841017587,0.09762303537727861,1.5305943080890216e-07,6.995615121308305e-07
13,2037,509,28,0.9083333333333333,work,1,2.3263411494723067e-16,0.0,0.00840560876340192,0.021434802143678176,0.013961382937876465,0.10365357644551965,0.02234474630437474,0.12477226734015102,2.0604680419855386e-07,7.696850043621681e-07
13,2038,509,28,0.9166666666666666,work,2,2.3263411494723067e-16,0.0,0.0055976177315415696,0.014008676529853497,0.01377844040809569,0.11027637219981704,0.019354020492073878,0.12420230573377651,1.559009541982376e-07,9.405454300677565e-07
13,2039,509,28,0.9249999999999999,work,3,2.3263411494723067e-16,0.0,0.002799013311691431,0.006890676611141881,0.013577207420247296,0.11750065804855282,0.016363200438914673,0.1243794323583339,1.8903489607035976e-07,5.380949403425408e-07
13,2040,509,28,0.9333333333333333,work,4,2.3263411494723067e-16,0.0,4.585772320171184e-09,5.960464477539063e-08,0.013384045304569351,0.12532304435443037,0.013384043171033384,0.12532309070552267,2.0465569305405772e-07,9.343871716613189e-07
13,2041,510,29,0.9416666666666667,work,1,5.721958498152797e-17,0.0,0.00790168965414099,0.019728765069838648,0.013118892626545324,0.13540564405438088,0.021018054370987305,0.15504142149785322,1.4412361467372548e-07,3.526258339345231e-07
13,2042,510,29,0.95,work,2,5.721958498152797e-17,0.0,0.005277729186959051,0.013003681633830413,0.012911691901239027,0.14710736050464018,0.018188368740314268,0.15983788969647905,1.4219029429187187e-07,1.0375318041759374e-06
13,2043,510,29,0.9583333333333334,work,3,5.721958498152797e-17,0.0,0.0026555396939968185,0.006513040469024699,0.012790181842423254,0.160386057385952,0.015444868394458041,0.1665807761949973,2.0033502304297893e-07,9.233911862867954e-07
13,2044,510,29,0.9666666666666667,work,4,5.721958498152797e-17,0.0,3.841854097245196e-09,6.664001874625056e-08,0.01280025337841617,0.1751656055507977,0.012800253769172812,0.17516554330531278,2.7786448209322533e-07,1.1143040118122196e-06
13,2045,511,30,0.975,work,1,5.721958498152797e-17,0.0,0.007400102054655876,0.017286038137311666,0.012826616053611644,0.20038559017845134,0.020221956059083536,0.21565994822060233,2.5531288831748745e-07,1.1827430029502342e-06
13,2046,511,30,0.9833333333333333,work,2,5.721958498152797e-17,0.0,0.0052340912739038785,0.012809749163278905,0.013337959411850332,0.23568059778134542,0.018567859183770664,0.245034667057775,3.9928405456697125e-07,1.7003001958842685e-06
13,2047,511,30,0.9916666666666667,work,3,5.721958498152797e-17,0.0,0.0028507093479758256,0.007494306429583962,0.014376218856649166,0.277345213275842,0.01722341671925358,0.28173277055178797,1.582033868576988e-07,6.00500156867801e-07
13,2048,511,30,1.0,work,4,5.721958498152797e-17,0.0,1.4790471820572925e-08,9.884312124119402e-08,0.015755241547473087,0.3140068069763799,0.015755232357616382,0.3140067158297474,1.974696100611759e-07,8.970449533040844e-07
13,2049,512,31,1.0083333333333333,work,1,6.206335383118183e-17,0.0,0.005689321671379509,0.016556065893783372,0.016090183065377888,0.3383189646947029,0.02162737820489042,0.34725822758225683,1.8767624488059258e-07,8.269808844036882e-07
13,2050,512,31,1.0166666666666666,work,2,6.206335383118183e-17,0.0,0.00373252979270441,0.014172383910266064,0.015937217817999436,0.354030011654615,0.019630966545664756,0.36067021287299605,2.3084794383657697e-07,8.910844557122097e-07
13,2051,512,31,1.025,work,3,6.206335383118183e-17,0.0,0.001971474710789596,0.008793045406442962,0.01560613137422634,0.360801046090267,0.017564202364378282,0.36449888785226187,2.0803911333534666e-07,1.0358182905306197e-06
13,2052,512,31,1.0333333333333332,work,4,6.206335383118183e-17,0.0,5.814550341673416e-08,1.7377590819732256e-07,0.015515559708293205,0.36205890284884545,0.015515529317614836,0.36205882394387384,9.636514580844808e-08,9.07870901329991e-07
13,2053,513,32,1.0416666666666667,work,1,1.6359904778802784e-15,0.0,0.005278251594189003,0.012201427196180267,0.014773122445367494,0.36087499882705804,0.019288372228441018,0.36705183483450154,1.479135219698554e-07,1.106705941416465e-06
13,2054,513,32,1.05,work,2,1.6359904778802784e-15,0.0,0.0034817094129703002,0.009361419359379928,0.014079580500941845,0.3601066297630472,0.017074421891760887,0.3646360472960376,1.9620413678307383e-07,9.911232679078615e-07
13,2055,513,32,1.0583333333333333,work,3,1.6359904778802784e-15,0.0,0.0017451537336977735,0.0053381256270397396,0.013528546550315948,0.35995226129794017,0.015024845922960403,0.36243133467241123,1.100604633710642e-07,4.636153336198354e-07
13,2056,513,32,1.0666666666666667,work,4,1.6359904778802784e-15,0.0,3.714611696539794e-08,7.300048299977715e-08,0.013201508999102713,0.36027294912519403,0.01320151971997061,0.3602729512673964,1.3479353146637478e-07,8.81060689633763e-07
13,2057,514,33,1.075,work,1,1.3092278833360675e-16,0.0,0.005302002074649264,0.011613508718866518,0.012483052745327287,0.3610069049518537,0.01623514804774075,0.3699825738977951,2.0803069536416148e-07,8.139908482878063e-07
13,2058,514,33,1.0833333333333333,work,2,1.3092278833360675e-16,0.0,0.0035236580080968047,0.008230991621625975,0.011938666190015186,0.36216662324555826,0.014342825454443865,0.3683674011274136,3.0293159125415856e-07,1.1119102302895706e-06
13,2059,514,33,1.0916666666666666,work,3,1.3092278833360675e-16,0.0,0.0017620828677528443,0.004383002550252511,0.011600112371713224,0.3637762268547333,0.012731641105133692,0.36699019707513436,6.96766677548535e-08,8.355287175700836e-07
13,2060,514,33,1.1,work,4,1.3092278833360675e-16,0.0,2.1172865914533695e-08,7.300048299977715e-08,0.011490746457388736,0.3657983243075794,0.01149074990867569,0.365798260513986,8.824305615143407e-08,4.6169559314339464e-07
13,2061,515,34,1.1083333333333334,work,1,1.2412670766236366e-16,0.0,0.005376050740108067,0.010762336638331328,0.011278651081063122,0.36809820331810195,0.014506972750116708,0.3778335540995048,1.2230137455827297e-07,4.4604031881975524e-07
13,2062,515,34,1.1166666666666667,work,2,1.2412670766236366e-16,0.0,0.003581068417257223,0.007355365192597588,0.011235439151489062,0.3720969222768505,0.013177270601740435,0.3786931888390091,2.5037002441192103e-07,6.925433897150939e-07
13,2063,515,34,1.125,work,3,1.2412670766236366e-16,0.0,0.0017903896271063038,0.003776031654932563,0.0113574586792167,0.37840971428205217,0.01220416054138677,0.38175908839553324,9.801240420517191e-08,7.432677694165705e-07
13,2064,515,34,1.1333333333333333,work,4,1.2412670766236366e-16,0.0,2.7728924635833417e-08,2.1073424255447025e-07,0.011629981561124797,0.38690890409276124,0.011629978527435995,0.3869086933228438,1.7859546709471188e-07,7.257339752844564e-07
13,2065,516,35,1.1416666666666666,work,1,7.97218214573518e-17,0.0,0.004973124384219737,0.008326206782267975,0.011833474139267821,0.39692433416377443,0.01425958813746291,0.4047088757134223,1.839809496021257e-07,5.732591170570675e-07
13,2066,516,35,1.15,work,2,7.97218214573518e-17,0.0,0.0033162224754300362,0.005656288660617272,0.012117502809115912,0.4091991458862362,0.013522648095945757,0.4144274480695056,1.738334779937623e-07,4.380028979986637e-07
13,2067,516,35,1.1583333333333332,work,3,7.97218214573518e-17,0.0,0.0016588378328804263,0.002883515229116808,0.01246040221341418,0.4236248631717828,0.013060778492190082,0.42625567581746565,1.7898713297156875e-07,4.607327232879502e-07
13,2068,516,35,1.1666666666666667,work,4,7.97218214573518e-17,0.0,2.284426509118852e-08,3.746093836419747e-07,0.012840898916716508,0.4400594780279203,0.012840889541905062,0.44005981127357147,6.52783075552208e-08,8.002353657542254e-07
13,2069,517,36,1.175,work,1,1.6243534171511178e-16,0.0,0.004274017095544937,0.004339058869776834,0.013099533143802149,0.4571853026369854,0.014880396099722212,0.4607599763532434,2.316707397764632e-07,8.850838187287819e-07
13,2070,517,36,1.1833333333333333,work,2,1.6243534171511178e-16,0.0,0.0028501515905241716,0.0029501655071835784,0.013319927394535325,0.47640088681605236,0.01439846460033521,0.4787946389827159,5.7297305966098994e-08,2.8115454709698594e-07
13,2071,517,36,1.1916666666666667,work,3,1.6243534171511178e-16,0.0,0.001425559999366936,0.0015042642324355324,0.013483929266686564,0.4976214660844074,0.01398386835556599,0.4988214077011316,1.8062266985378569e-07,6.522556730580147e-07
13,2072,517,36,1.2,work,4,1.6243534171511178e-16,0.0,5.869892105764701e-08,1.1920928955078128e-07,0.013580667262769096,0.5207899682919591,0.013580667835304061,0.5207899418824172,1.3523432272344783e-07,6.893297139537593e-07
13,2073,518,37,1.2083333333333333,work,1,5.721958498152797e-17,0.0,0.0034083768094111877,0.0038701276917082147,0.013485625429729685,0.5444761944970876,0.01505177003599384,0.5435613512925836,8.169913828409151e-08,2.1900144899933154e-07
13,2074,518,37,1.2166666666666666,work,2,5.721958498152797e-17,0.0,0.0022730138743803207,0.0026028203962539464,0.013289880225958565,0.5701659356194885,0.014345197132520374,0.5695669940146747,1.2900321789719707e-07,4.5295608501346993e-07
13,2075,518,37,1.225,work,3,5.721958498152797e-17,0.0,0.0011368524308040166,0.0013128800221740937,0.013000428926100998,0.5977432940600286,0.0135502898796047,0.5974475995147323,7.880588494135352e-08,3.5009801758738595e-07
13,2076,518,37,1.2333333333333334,work,4,5.721958498152797e-17,0.0,2.690214905924728e-08,8.940696716308595e-08,0.012752816822534516,0.6227233122845677,0.012752809066587894,0.6227232488358935,5.988275808100618e-08,4.588009213906731e-07
14,2077,519,1,0.008333333333333333,startup,1,1.3597399555105182e-16,0.0,0.009200048840115967,0.02967795136042686,0.0027977185779573593,0.008698182164229818,0.011987200639989893,0.03836726501923632,2.0414727792774318e-07,4.951133646320162e-07
14,2078,519,1,0.016666666666666666,startup,2,1.3597399555105182e-16,0.0,0.006132195913967341,0.019737010941020525,0.005156629954368748,0.015957684176736518,0.01124019337649026,0.03567402998191149,2.2478673515334526e-07,9.214654465759065e-07
14,2079,519,1,0.025,startup,3,1.3597399555105182e-16,0.0,0.003065482649545114,0.009844380477561728,0.007138663159129588,0.02205670485802485,0.010127475650164848,0.03186655053077141,1.583145875604111e-07,6.222907608098144e-07
14,2080,519,1,0.03333333333333333,startup,4,1.3597399555105182e-16,0.0,2.2952496773465934e-08,1.264405455326821e-07,0.008801057306740323,0.027288104932808165,0.008801049001916205,0.027288172554370344,3.1243899574823134e-07,6.391886052348407e-07
14,2081,520,2,0.041666666666666664,work,1,1.2412670766236366e-16,0.0,0.005818062025924079,0.020648216293439,0.009386490241772388,0.0290024153993867,0.015064978049521323,0.04906942472535044,3.574460598025874e-07,7.621474178161919e-07
14,2082,520,2,0.05,work,2,1.2412670766236366e-16,0.0,0.0038754615885109624,0.013740006974002272,0.0101075991766082,0.030682340574699936,0.013763904236826545,0.04392982180382452,2.184723899463086e-07,6.603753508973252e-07
14,2083,520,2,0.058333333333333334,work,3,1.2412670766236366e-16,0.0,0.0019361149819494409,0.0068571740037445044,0.010971192901882629,0.0324677018283445,0.012679058703939488,0.03896818617842077,4.5925799521197087e-07,9.16633397294869e-07
14,2084,520,2,0.06666666666666667,work,4,1.2412670766236366e-16,0.0,1.762971881182478e-08,0.0,0.011934774146045971,0.034456212989542837,0.01193476985230535,0.034456202384518984,2.79094517189106e-07,7.468440584028805e-07
14,2085,521,3,0.075,work,1,1.2719202621569003e-16,0.0,0.0060293204536163835,0.022147246812278754,0.013218035884118814,0.0371377889680593,0.01855586998760062,0.057941780445429886,4.1358990079674777e-07,1.0481778022688137e-06
14,2086,521,3,0.08333333333333333,work,2,1.2719202621569003e-16,0.0,0.004016835687627604,0.01473124882301533,0.01450881346825015,0.040047552663036355,0.017832645824304327,0.05364299437201799,3.2743089096998853e-07,7.202056630608224e-07
14,2087,521,3,0.09166666666666666,work,3,1.2719202621569003e-16,0.0,0.0020070724613319452,0.007348845312577699,0.015726253413249534,0.04315614440198072,0.017263457708352054,0.04980366597298126,2.4761631615159986e-07,4.768371582031262e-07
14,2088,521,3,0.1,work,4,1.2719202621569003e-16,0.0,8.247339877294579e-09,5.960464477539063e-08,0.016815196630566135,0.04643564910209815,0.01681518905918141,0.04643561168341578,9.881250626477127e-08,5.389196074016445e-07
14,2089,522,4,0.10833333333333334,work,1,1.594436429147036e-16,0.0,0.005981364345263457,0.02500079065107983,0.01781695789686134,0.04958207763563973,0.022524521670954912,0.07049910244206749,1.1738700887395128e-07,2.3084779657169695e-07
14,2090,522,4,0.11666666666666667,work,2,1.594436429147036e-16,0.0,0.003989138790396717,0.016635711508550047,0.018643029285147845,0.05323486161625105,0.0216274941153859,0.06724962011744756,2.095629344597413e-07,6.237164001600872e-07
14,2091,522,4,0.125,work,3,1.594436429147036e-16,0.0,0.001995349324712496,0.008302066700378582,0.019161597207217627,0.05724636519747093,0.02059455684418667,0.06431025807896133,1.104353251702848e-07,2.7637536810325715e-07
14,2092,522,4,0.13333333333333333,work,4,1.594436429147036e-16,0.0,5.295347302561859e-09,5.960464477539063e-08,0.019161245670752804,0.0622537414014018,0.01916124999105594,0.06225377946903806,3.5751615817086997e-07,8.910844557122097e-07
14,2093,523,5,0.14166666666666666,work,1,1.3597399555105182e-16,0.0,0.005777955946715813,0.028656378971546763,0.01900640779204747,0.06705869718282804,0.023608260211875003,0.09093252020860051,2.7857942054234515e-07,1.0159051745569405e-06
14,2094,523,5,0.15,work,2,1.3597399555105182e-16,0.0,0.003856334854847219,0.01908871620564592,0.018654425833925452,0.07346886018607976,0.021755969853059415,0.08987994472451521,3.7851440733536254e-07,9.180856824367939e-07
14,2095,523,5,0.15833333333333333,work,3,1.3597399555105182e-16,0.0,0.0019303503945122963,0.009536573050681684,0.018316947703209515,0.08011674072353803,0.019885193424719932,0.08858240319828332,1.265961793246872e-07,4.086288571596775e-07
14,2096,523,5,0.16666666666666666,work,4,1.3597399555105182e-16,0.0,1.5118317388382886e-08,5.16191365590357e-08,0.018040279665855523,0.08701944956930266,0.018040288739271007,0.0870194682405696,2.3801768706433822e-07,4.823927300047483e-07
14,2097,524,6,0.175,work,1,1.1102230246251565e-16,0.0,0.005657322372466012,0.030737087919471027,0.017735222010038947,0.09333966920804768,0.022564327472315394,0.12019729465376447,2.757967110574258e-07,6.542950391799285e-07
14,2098,524,6,0.18333333333333332,work,2,1.1102230246251565e-16,0.0,0.0037762088568752284,0.020491038551726435,0.01744389421300685,0.09980151911156526,0.020664541538074337,0.11802121412042478,2.935852898812926e-07,6.703866648198394e-07
14,2099,524,6,0.19166666666666665,work,3,1.1102230246251565e-16,0.0,0.0018904206153103735,0.010245539275812017,0.017026692658765486,0.10646944657598365,0.01865790419378907,0.11567885303164835,2.0602729585554688e-07,4.878850443287176e-07
14,2100,524,6,0.2,work,4,1.1102230246251565e-16,0.0,1.4136054841587381e-08,1.1151007970493858e-07,0.016595166637300915,0.11293095170956906,0.016595169926000547,0.1129310446593501,1.7214216418971123e-07,4.823927300047483e-07
14,2101,525,7,0.20833333333333334,work,1,2.498001805406602e-16,2.9802322387695312e-08,0.005687076892399516,0.032771582925599285,0.01589951392911765,0.11872482077485663,0.02026515753989838,0.1471627600279553,1.8992337181354745e-07,2.920019319991088e-07
14,2102,525,7,0.21666666666666667,work,2,2.498001805406602e-16,2.9802322387695312e-08,0.00379609238091277,0.02184899272429822,0.01535017823533383,0.1244836276731369,0.018285110539265133,0.14363381747113466,3.6005421711348335e-07,7.444617746351282e-07
14,2103,525,7,0.225,work,3,2.498001805406602e-16,2.9802322387695312e-08,0.00190041012330055,0.010925191056344577,0.01487934426654446,0.12970158974790766,0.016361680595647795,0.13933898446132217,1.9321342785347446e-07,3.6256089987148215e-07
14,2104,525,7,0.23333333333333334,work,4,2.498001805406602e-16,2.9802322387695312e-08,1.1244542946774563e-08,2.9802322387695312e-08,0.014480174960402405,0.13476036920314255,0.014480182491235472,0.13476034677698284,2.308706856218335e-07,3.9311963195422116e-07
14,2105,526,8,0.24166666666666667,work,1,1.1443916996305594e-16,0.0,0.0056894027495516175,0.03146163005443136,0.013876467833598687,0.13838468525123873,0.018250005317084896,0.16588347712548937,4.7208539952935126e-07,9.32484140823016e-07
14,2106,526,8,0.25,work,2,1.1443916996305594e-16,0.0,0.003797300658811667,0.02097348089764987,0.013423216438372507,0.14207483563046605,0.016423136489197836,0.1605181732287928,3.543175550865917e-07,1.0464817205714963e-06
14,2107,526,8,0.2583333333333333,work,3,1.1443916996305594e-16,0.0,0.001900819294392219,0.01048626904169366,0.013055852164384627,0.14467995694810637,0.014584971468051634,0.15392621222663785,2.6955264700339845e-07,8.855854247870295e-07
14,2108,526,8,0.26666666666666666,work,4,1.1443916996305594e-16,0.0,9.218300377889456e-09,6.664001874625056e-08,0.012762476617784395,0.14610862480992284,0.012762485764807412,0.14610857401297456,1.7652871926727407e-07,2.8272965492323474e-07
14,2109,527,9,0.275,work,1,7.473417450352271e-17,0.0,0.006167964593841836,0.030765284265676533,0.01223185977034968,0.1464358679278871,0.017055605966981323,0.172758717026287,2.534856459852621e-07,7.033600641015772e-07
14,2110,527,9,0.2833333333333333,work,2,7.473417450352271e-17,0.0,0.004114931921881341,0.02050108648919729,0.011926671148298283,0.1469522826890096,0.015322742844518206,0.16450545811591885,2.610917276307336e-07,3.8857474358097666e-07
14,2111,527,9,0.2916666666666667,work,3,7.473417450352271e-17,0.0,0.0020589269224542198,0.010245738003339194,0.011765511816468852,0.1467235521762044,0.013540703681997975,0.15549467585399576,2.1796078154429324e-07,4.1187628987685676e-07
14,2112,527,9,0.3,work,4,7.473417450352271e-17,0.0,2.5268264793201747e-08,1.264405455326821e-07,0.011749542142610155,0.14637352851618854,0.011749535064643978,0.14637341767690693,2.078928772389655e-07,7.372687385590703e-07
14,2113,528,10,0.30833333333333335,work,1,1.8619006149354548e-16,0.0,0.004219753358119066,0.029088564469256104,0.01102250477323593,0.14386405587061576,0.014601975359037029,0.168384169452174,3.7143274981423187e-07,9.95593851118698e-07
14,2114,528,10,0.31666666666666665,work,2,1.8619006149354548e-16,0.0,0.0028110636501143425,0.01938060828147274,0.0104700165781338,0.14144775347555394,0.012932005513398818,0.15774365674353447,4.590056509997058e-07,9.555351461101503e-07
14,2115,528,10,0.325,work,3,1.8619006149354548e-16,0.0,0.0014044903217673823,0.009684294444122166,0.010094558335375568,0.13833590817980881,0.01135842187772179,0.14644622225922097,2.361312893312033e-07,6.405766385854712e-07
14,2116,528,10,0.3333333333333333,work,4,1.8619006149354548e-16,0.0,2.4275352746320525e-08,9.424321830774485e-08,0.009928480862531439,0.13544808083731227,0.009928462411567938,0.13544798416156284,6.282147456211708e-07,1.3984880693734056e-06
14,2117,529,11,0.3416666666666667,work,1,1.7772239894833365e-16,0.0,0.002510136587687688,0.03344536096169732,0.009016719705043716,0.1326709505788353,0.010510855832457809,0.15941443180385634,4.154922337764249e-08,3.2917740992269735e-07
14,2118,529,11,0.35,work,2,1.7772239894833365e-16,0.0,0.0016735666392153378,0.0222901096899792,0.00823551343995555,0.1318357752093437,0.009315075302899664,0.14977076264935696,1.829215363329903e-07,4.4604031881975524e-07
14,2119,529,11,0.35833333333333334,work,3,1.7772239894833365e-16,0.0,0.0008370194094737889,0.011141761646234948,0.007202403310520423,0.12981331377340896,0.007766703308138057,0.1388580712350217,1.333970891097257e-07,4.5976783694450694e-07
14,2120,529,11,0.36666666666666664,work,4,1.7772239894833365e-16,0.0,1.1575167443669453e-08,5.960464477539063e-08,0.006140187600447725,0.1261726294123651,0.0061401795595707916,0.1261725790369705,2.3794523331522098e-07,1.0637383638367032e-06
14,2121,530,12,0.375,work,1,2.603703785810335e-16,0.0,0.006254560433040847,0.03539796588330066,0.0060517730539638185,0.12216111049281204,0.011487633240022591,0.15277048271307794,2.944912510891765e-07,6.034510353599985e-07
14,2122,530,12,0.3833333333333333,work,2,2.603703785810335e-16,0.0,0.004177712499391633,0.023606475849022576,0.006386207197461455,0.11845467658689411,0.010167042343337238,0.13896312779843706,3.750330533746349e-07,8.81060689633763e-07
14,2123,530,12,0.39166666666666666,work,3,2.603703785810335e-16,0.0,0.002092974373672908,0.011807291554924782,0.006916328110636363,0.11498860670960079,0.008850033496986993,0.12528521875020301,2.3933402131303975e-07,6.307962682401184e-07
14,2124,530,12,0.4,work,4,2.603703785810335e-16,0.0,2.8749447210227723e-08,7.884953353001448e-08,0.007481979477015658,0.11151530287159893,0.007481952786593353,0.11151532054268767,4.2624486173169595e-07,9.000103992546575e-07
14,2125,531,13,0.4083333333333333,work,1,1.3597399555105182e-16,0.0,0.006732866381888208,0.03661414264713982,0.008264762449418452,0.107997698172878,0.014903450814878488,0.1412224601995879,3.130936842529552e-07,6.165552397244359e-07
14,2126,531,13,0.4166666666666667,work,2,1.3597399555105182e-16,0.0,0.004494770468761841,0.024424701215772303,0.00903004322307259,0.10456071938141995,0.013454550994707623,0.12683696940696657,6.52808998021363e-08,1.2287812309317772e-07
14,2127,531,13,0.425,work,3,1.3597399555105182e-16,0.0,0.002250645071193759,0.012220041887598447,0.00975717356980991,0.10098878664434839,0.01196360662454115,0.11218688777260694,2.5997324226391696e-07,8.74991312974889e-07
14,2128,531,13,0.43333333333333335,work,4,1.3597399555105182e-16,0.0,8.843428445569116e-09,0.0,0.010436138399026268,0.09732373329055449,0.010436133216271811,0.09732375867597161,3.814895002724596e-07,8.418826396361374e-07
14,2129,532,14,0.44166666666666665,work,1,1.2719202621569003e-16,0.0,0.00560490855665049,0.03987673965267795,0.010646160741141572,0.09311464739135963,0.016035937806636025,0.12815389357717652,3.016853459919909e-07,5.543552409928541e-07
14,2130,532,14,0.45,work,2,1.2719202621569003e-16,0.0,0.003750494790146911,0.026625409024273235,0.010953470438876832,0.08939819427799653,0.014618183579246744,0.11328383116525087,3.1547520122689903e-07,8.616943535090132e-07
14,2131,532,14,0.4583333333333333,work,3,1.2719202621569003e-16,0.0,0.0018825133566172819,0.013333122430921189,0.011333927229123027,0.08601608217800061,0.013194835539127195,0.09824472705141822,2.725924596459555e-07,5.786564302130838e-07
14,2132,532,14,0.4666666666666667,work,4,1.2719202621569003e-16,0.0,1.0383895626284554e-08,1.1920928955078128e-07,0.011791386329000482,0.08300109177420965,0.011791387391921229,0.08300117708141636,1.8976022423276192e-07,6.419616707723769e-07
14,2133,533,15,0.475,work,1,1.2719202621569003e-16,0.0,0.00876521884878184,0.04650604430776256,0.012509629413351701,0.08178632721572714,0.020008583807840458,0.12648938071843788,1.4129753042309832e-07,3.462716948575456e-07
14,2134,533,15,0.48333333333333334,work,2,1.2719202621569003e-16,0.0,0.00586963656267587,0.031027247890539487,0.013998546005898987,0.08263910290653853,0.019401443430786546,0.11303466499788842,2.063269359861378e-07,4.860611686199943e-07
14,2135,533,15,0.49166666666666664,work,3,1.2719202621569003e-16,0.0,0.0029478803888254223,0.01552507109467555,0.015877571457748003,0.08524204753244899,0.01871040839535163,0.10063796294318073,3.9136666324223825e-07,6.743495761743077e-07
14,2136,533,15,0.5,work,4,1.2719202621569003e-16,0.0,1.2685159078575627e-08,5.960464477539063e-08,0.017951352501410417,0.08898677981689748,0.017951350762733298,0.08898672174730678,3.2210986178486617e-07,5.438413498072241e-07
14,2137,534,16,0.5083333333333333,work,1,1.2719202621569003e-16,0.0,0.014897270959538779,0.043617601601659756,0.021665473965849173,0.0926816106843519,0.03601428857957307,0.13605088735445253,1.892117763555199e-07,7.868038882281882e-07
14,2138,534,16,0.5166666666666666,work,2,1.2719202621569003e-16,0.0,0.009934029979086675,0.02903395184873393,0.025789455340765766,0.09796051628155608,0.03555650300817447,0.12693467825181673,4.1583782491901666e-07,1.1246181883879575e-06
14,2139,534,16,0.525,work,3,1.2719202621569003e-16,0.0,0.0049680751529884055,0.014494613728895996,0.03007564500537321,0.10442969722278944,0.035003500690395595,0.11884945218617032,3.7045034119173433e-07,8.658074764212408e-07
14,2140,534,16,0.5333333333333333,work,4,1.2719202621569003e-16,0.0,2.5609699293334758e-08,7.300048299977715e-08,0.03432332331742317,0.1116271967897612,0.034323308953052,0.111627201986607,4.3372605951719186e-07,1.1710454645388591e-06
14,2141,535,17,0.5416666666666666,work,1,8.777083671441753e-17,0.0,0.014821551193056105,0.02795693388535058,0.038410847170494755,0.11436299104952392,0.053159682966321106,0.14141263472397592,2.582765192709398e-07,7.396741894478159e-07
14,2142,535,17,0.55,work,2,8.777083671441753e-17,0.0,0.00986835478923636,0.018588146371701707,0.04219942104099942,0.11762904414054343,0.05200511324888926,0.13558809922771325,1.8889353629095474e-07,7.300048299977754e-07
14,2143,535,17,0.5583333333333333,work,3,8.777083671441753e-17,0.0,0.004927736851855843,0.009269077995776734,0.04552875829273274,0.12081806251129196,0.050407247513503034,0.12972443520516727,2.509664863015873e-07,4.693274422891038e-07
14,2144,535,17,0.5666666666666667,work,4,8.777083671441753e-17,0.0,2.6542128475269616e-08,9.424321830774485e-08,0.04829809089111198,0.12349179008682581,0.0482980688845962,0.12349172472758183,2.1562837907663854e-07,4.777675730550717e-07
14,2145,536,18,0.575,work,1,1.6653345369377348e-16,0.0,0.013356351159708305,0.020430145372078694,0.05004868311634441,0.12112824136539427,0.06308692568452494,0.13448386021194708,1.9549752270775218e-07,4.3597039098524516e-07
14,2146,536,18,0.5833333333333334,work,2,1.6653345369377348e-16,0.0,0.008883847822776101,0.013609298587535623,0.05121434509187415,0.11846481956272836,0.05984932244375209,0.12752849150389298,2.229658917521522e-07,8.237525797537179e-07
14,2147,536,18,0.5916666666666667,work,3,1.6653345369377348e-16,0.0,0.004431650775952317,0.006799213055229344,0.05181130948534024,0.11525847063365074,0.056101488281975184,0.11983571069826161,2.734807329468189e-07,6.93824692179136e-07
14,2148,536,18,0.6,work,4,1.6653345369377348e-16,0.0,1.7514109197695944e-08,1.6858739404357617e-07,0.051883647892741296,0.1114190949498347,0.05188363999151809,0.11141905759931683,3.7554215537157056e-07,1.0000444493033106e-06
14,2149,537,19,0.6083333333333333,work,1,4.2457866502527573e-16,0.0,0.011897229224015737,0.02147893974650427,0.05111511078074931,0.10390338537053921,0.06256690501279526,0.11028495238039882,2.4697369967678903e-07,6.963802245585908e-07
14,2150,537,19,0.6166666666666667,work,2,4.2457866502527573e-16,0.0,0.007914875733162668,0.014338266236509222,0.04999921847666418,0.09620778071791403,0.05761286938956828,0.10068576616520737,1.4876471883612918e-07,8.693904963621459e-07
14,2151,537,19,0.625,work,3,4.2457866502527573e-16,0.0,0.003949085985830698,0.007178486334592923,0.048595369524071785,0.08846497659955453,0.05239106586035486,0.09078401089628511,1.64985144099314e-07,6.447228089804658e-07
14,2152,537,19,0.6333333333333333,work,4,4.2457866502527573e-16,0.0,2.8442733969557673e-09,9.884312124119402e-08,0.046968475800344675,0.08080874034792891,0.04696847659852396,0.08080872697971753,3.3121570507862806e-07,3.8743019104003964e-07
14,2153,538,20,0.6416666666666666,work,1,1.4946834900704541e-16,0.0,0.009531272239612752,0.02070113380710846,0.044427887583012575,0.07139053614240191,0.05344634324370244,0.07622066210697721,4.007282442900933e-07,6.093099206763789e-07
14,2154,538,20,0.65,work,2,1.4946834900704541e-16,0.0,0.006347946416768846,0.013810036512436903,0.0418759021435631,0.06229334099218651,0.047903241882918245,0.06573288954000793,3.7544355921382873e-07,8.910844557122097e-07
14,2155,538,20,0.6583333333333333,work,3,1.4946834900704541e-16,0.0,0.003170844580368659,0.0069096376479783955,0.03937279958607774,0.05382362502409807,0.042392131097516016,0.05562178174083649,4.0230725527640236e-07,7.396741894478159e-07
14,2156,538,20,0.6666666666666666,work,4,1.4946834900704541e-16,0.0,1.6107324727187206e-08,1.1151007970493858e-07,0.03697594840786622,0.04621287741406121,0.03697594038354455,0.04621284518165325,4.2858978098729906e-07,8.194283893625508e-07
14,2157,539,21,0.675,work,1,0.0,0.0,0.008642752882721328,0.020362568806681948,0.03446785957053814,0.04005472027199642,0.04280450897580323,0.05171256592658231,1.8419494918005767e-07,4.182955279236503e-07
14,2158,539,21,0.6833333333333333,work,2,0.0,0.0,0.0057609547856862136,0.013575766198519908,0.03217002109362281,0.03495707442260925,0.03774595881898074,0.04290699782512951,2.8139654422028715e-07,5.65459309846471e-07
14,2159,539,21,0.6916666666666667,work,3,0.0,0.0,0.002880028953220343,0.006788352055069179,0.030114003489220526,0.03126605186300922,0.03290827945331371,0.03521316855946285,6.603426563534556e-08,7.935480449017546e-07
14,2160,539,21,0.7,work,4,0.0,0.0,7.799616961727315e-09,7.300048299977715e-08,0.02831575902690029,0.029168316571205506,0.02831575156210194,0.029168315657015137,3.315487098928228e-07,1.0180885107838456e-06
14,2161,540,22,0.7083333333333334,work,1,6.206335383118183e-17,0.0,0.009366741373057713,0.015730846604167324,0.027031830952643977,0.028523109995705166,0.03625444067652914,0.040800516028976754,1.0916420481746317e-07,5.46285592908365e-07
14,2162,540,22,0.7166666666666667,work,2,6.206335383118183e-17,0.0,0.0062430030264020225,0.010495926703535734,0.025963470827481606,0.028899398612973283,0.03210011590763539,0.03623693742082597,2.5027329729646235e-07,5.430241572346883e-07
14,2163,540,22,0.725,work,3,6.206335383118183e-17,0.0,0.003120745005940198,0.005252378736589325,0.025114536790408634,0.030080109550427735,0.02817439889077319,0.03321128951711416,9.231322707240038e-08,4.777675730550717e-07
14,2164,540,22,0.7333333333333333,work,4,6.206335383118183e-17,0.0,2.8282861507936308e-08,8.940696716308595e-08,0.02447169821959756,0.0317293654168925,0.024471674105682246,0.03172936143229887,1.2875561190990737e-07,5.040030039932671e-07
14,2165,541,23,0.7416666666666667,work,1,8.777083671441753e-17,0.0,0.009228554206281405,0.012363301141535346,0.023982926043459602,0.03323844273057569,0.03304317726909772,0.040087802205887875,2.594297266566978e-07,9.573923590307929e-07
14,2166,541,23,0.75,work,2,8.777083671441753e-17,0.0,0.006150970855584704,0.00825896104101074,0.023661218060179092,0.03501703504541693,0.029682956258438024,0.03882971949022089,3.206870996840244e-07,7.952251472548497e-07
14,2167,541,23,0.7583333333333333,work,3,8.777083671441753e-17,0.0,0.0030747869172690406,0.00413790946966154,0.023489439028951047,0.036899297086195146,0.026488989951627937,0.03844524112100103,2.109342631399011e-07,5.127385417844444e-07
14,2168,541,23,0.7666666666666666,work,4,8.777083671441753e-17,0.0,2.4580282145271044e-08,1.1151007970493858e-07,0.02344556998401266,0.03877683673894584,0.02344554756453026,0.03877692609629478,3.7512070200131035e-07,7.014633593523431e-07
14,2169,542,24,0.775,work,1,2.7755575615628914e-17,0.0,0.009419118438989588,0.016820088031924516,0.023585663643067557,0.04027993784416994,0.03280673302835918,0.046603634244885124,3.1559932689578254e-07,5.092623081992598e-07
14,2170,542,24,0.7833333333333333,work,2,2.7755575615628914e-17,0.0,0.006280247239360332,0.01124022525743159,0.023802457471310157,0.0418855819678597,0.02992936983022943,0.045645097988832185,3.8247485685866996e-07,7.80570557934575e-07
14,2171,542,24,0.7916666666666666,work,3,2.7755575615628914e-17,0.0,0.0031405247844682026,0.005633601892141045,0.024060083142507287,0.04353027385028961,0.027111192328433238,0.04516690828856775,4.027858658002223e-07,7.287871396921605e-07
14,2172,542,24,0.8,work,4,2.7755575615628914e-17,0.0,9.861765204126227e-09,1.2287812309317772e-07,0.024335432008208358,0.04521268658939456,0.02433543408514772,0.04521260312298309,2.3432135889369443e-07,6.300918612440247e-07
14,2173,543,25,0.8083333333333333,work,1,8.326672684688674e-17,0.0,0.009431327160231963,0.022629327607332467,0.024560319928407775,0.04639275755965774,0.033641358905122716,0.05521925396776348,2.4172913328344773e-07,6.822063411628993e-07
14,2174,543,25,0.8166666666666667,work,2,8.326672684688674e-17,0.0,0.006292115258631113,0.01510418848457104,0.02477238047256958,0.04776052079153165,0.030811112416278177,0.053224411217080825,3.5595314989219e-07,8.739756523737488e-07
14,2175,543,25,0.825,work,3,8.326672684688674e-17,0.0,0.003148398431533622,0.007561115269057295,0.024952435900856537,0.049260525903476585,0.027961575616417454,0.05171968465405759,3.398519363132116e-07,1.2352694139518164e-06
14,2176,543,25,0.8333333333333334,work,4,8.326672684688674e-17,0.0,2.3284923757048797e-08,8.429369702178807e-08,0.025093801115021103,0.0508894269908823,0.02509382194298836,0.050889463515184294,3.222087375964395e-07,9.424321830774572e-07
14,2177,544,26,0.8416666666666667,work,1,1.5700924586837752e-16,0.0,0.009864599636484854,0.02541905379623111,0.025250830442966637,0.0523678076259983,0.03463320402782184,0.0641850802415566,2.420647432747811e-07,6.194296387084308e-07
14,2178,544,26,0.85,work,2,1.5700924586837752e-16,0.0,0.006581995773286038,0.01696584405418533,0.025362310609853073,0.05406026517989775,0.031603141606035764,0.06134733217042863,4.2936798144784815e-07,6.143906154658909e-07
14,2179,544,26,0.8583333333333333,work,3,1.5700924586837752e-16,0.0,0.003293851887892716,0.00849304378380574,0.025417700491639474,0.05588925693041196,0.02852704608432797,0.05916571214174272,3.176588572879216e-07,7.238958955699912e-07
14,2180,544,26,0.8666666666666667,work,4,1.5700924586837752e-16,0.0,1.3101675443486405e-08,0.0,0.025420680294089906,0.05783887346697063,0.025420672047627574,0.05783885222542515,2.555766932671809e-07,3.6256089987148215e-07
14,2181,545,27,0.875,work,1,6.206335383118183e-17,0.0,0.00960576418830358,0.025676749289745667,0.025268032872592845,0.059712541262620836,0.03443386653116725,0.07251378373765353,2.0375671820530607e-07,2.950279395762585e-07
14,2182,545,27,0.8833333333333333,work,2,6.206335383118183e-17,0.0,0.006412755809447977,0.017140166481526053,0.025078570974522,0.06173563622407185,0.031169865804045235,0.06948540354152806,1.0749788664545059e-07,2.1900144899933154e-07
14,2183,545,27,0.8916666666666666,work,3,6.206335383118183e-17,0.0,0.0032109204250189076,0.008581537501730935,0.024852723763033425,0.06383850412549363,0.027884764438360368,0.0672653463449378,3.497209406617525e-07,2.4211521162497896e-07
14,2184,545,27,0.9,work,4,6.206335383118183e-17,0.0,2.2016105870707724e-08,7.884953353001448e-08,0.024605141595752337,0.06600015308259548,0.02460515711453442,0.06600020585337354,3.640923884196057e-07,3.526258339345231e-07
14,2185,546,28,0.9083333333333333,work,1,1.3597399555105182e-16,0.0,0.009252238813173783,0.024504603890346994,0.024234743098370665,0.06799318154544104,0.033113020213871545,0.07957727932658266,1.589682491203988e-07,1.8371385344770487e-07
14,2186,546,28,0.9166666666666666,work,2,1.3597399555105182e-16,0.0,0.006181431707054438,0.016361673500003213,0.023865049701287423,0.07010612333741677,0.029762718131400533,0.07696435299333992,1.6632513038610843e-07,4.897021271334596e-07
14,2187,546,28,0.9249999999999999,work,3,1.3597399555105182e-16,0.0,0.003097457416983264,0.008193846585367058,0.023514741749954198,0.07230246607388095,0.02644917745332933,0.0752587563598642,3.1263845342546685e-07,4.7215758316978504e-07
14,2188,546,28,0.9333333333333333,work,4,1.3597399555105182e-16,0.0,3.977845557520401e-08,1.032382731180714e-07,0.02318696099382494,0.07451005117323647,0.0231869238542901,0.07451010079930541,2.1754188383836764e-07,7.214378378933829e-07
14,2189,547,29,0.9416666666666667,work,1,2.7755575615628914e-17,0.0,0.008786165838029209,0.022162935155362058,0.02272738809427668,0.07654387721499663,0.031163264198418632,0.08569475996176124,1.1302298832526382e-07,5.732591170570675e-07
14,2190,547,29,0.95,work,2,2.7755575615628914e-17,0.0,0.005873814348610155,0.01479786056675117,0.022312516806773607,0.07867625359959589,0.02791710639537527,0.08393680540766664,3.692700376730876e-07,1.312317780035996e-06
14,2191,547,29,0.9583333333333334,work,3,2.7755575615628914e-17,0.0,0.002945243808604826,0.007410764816544397,0.02195456725062155,0.08085623872920017,0.02474376247008342,0.08305154049438591,2.0393194117863763e-07,5.280984981855572e-07
14,2192,547,29,0.9666666666666667,work,4,2.7755575615628914e-17,0.0,1.7156960922110325e-08,7.884953353001448e-08,0.021663145643030898,0.08304552005440244,0.02166313054402635,0.08304556464263474,1.0501385465712693e-07,1.8611544365878105e-07
14,2193,548,30,0.975,work,1,1.594436429147036e-16,0.0,0.00816610707812126,0.019384680315947374,0.021195217818681306,0.08506967081022894,0.029005586027798985,0.09148016014643354,1.0620051223490945e-07,2.632069845893339e-07
14,2194,548,30,0.9833333333333333,work,2,1.594436429147036e-16,0.0,0.005460499350736114,0.012940905262549358,0.0208043477666811,0.08717936000454427,0.02599254207497641,0.09072533335924339,1.2125228561826354e-07,5.372690074837208e-07
14,2195,548,30,0.9916666666666667,work,3,1.594436429147036e-16,0.0,0.0027385933458054417,0.00647990503282671,0.02049133494936805,0.08927956823856054,0.023073245172654595,0.09069267246123484,8.411617532246163e-08,5.430241572346883e-07
14,2196,548,30,1.0,work,4,1.594436429147036e-16,0.0,1.1016429652689336e-08,0.0,0.02026128919242313,0.09133665110054738,0.02026128022181582,0.09133666619932733,1.166665717150407e-07,2.4575624618635555e-07
14,2197,549,31,1.0083333333333333,work,1,8.326672684688674e-17,0.0,0.0074308074655443845,0.0162522270954719,0.01985045769883349,0.09323497678832539,0.026948596039418612,0.09703080145079036,8.15579888346865e-08,4.98688236793326e-07
14,2198,549,31,1.0166666666666666,work,2,8.326672684688674e-17,0.0,0.004967965169530162,0.010852500291058022,0.019524040689182214,0.09516151560912141,0.02423703813249226,0.09713490155238749,2.0291287834207255e-07,6.322027276634131e-07
14,2199,549,31,1.025,work,3,8.326672684688674e-17,0.0,0.002491123444965471,0.00543544712356548,0.019284916623215444,0.09703510875613895,0.021629888968780667,0.09775412206174564,1.7440852783474985e-07,4.140270945265838e-07
14,2200,549,31,1.0333333333333332,work,4,8.326672684688674e-17,0.0,1.5370877448756497e-08,2.9802322387695312e-08,0.019132588706297884,0.09881688480418793,0.01913259947198441,0.09881689182902641,9.702964627248611e-08,2.528810910653644e-07
14,2201,550,32,1.0416666666666667,work,1,2.7755575615628914e-17,0.0,0.006749496249515187,0.013089902627644597,0.01882833932074602,0.10014334063026833,0.02527620605244006,0.10096020937592202,2.354349027251917e-07,5.314515382089335e-07
14,2202,550,32,1.05,work,2,2.7755575615628914e-17,0.0,0.004509658773204283,0.008740703021129885,0.01860203104111585,0.10149625144898981,0.02288391181342416,0.1016529612212706,3.046167292337101e-07,9.693775157505723e-07
14,2203,550,32,1.0583333333333333,work,3,2.7755575615628914e-17,0.0,0.0022599127870972487,0.004377678112399797,0.018453092770866212,0.10279604779525202,0.020584805088688995,0.1026908800866059,2.7514845145932894e-07,6.343065695104853e-07
14,2204,550,32,1.0666666666666667,work,4,2.7755575615628914e-17,0.0,1.930098299308171e-08,5.960464477539063e-08,0.0183773798114067,0.10401025811178297,0.018377362735666522,0.10401028116858568,2.088682933233168e-07,5.615187788431893e-07
14,2205,551,33,1.075,work,1,1.1102230246251565e-16,0.0,0.006180027553294586,0.010649124290143462,0.018178407210848638,0.10476723960549307,0.024095615771902792,0.10312105338870028,9.098687815364487e-08,5.356133209351147e-07
14,2206,551,33,1.0833333333333333,work,2,1.1102230246251565e-16,0.0,0.0041261115277621396,0.007105971958369937,0.018038668923043764,0.10552914724709987,0.021971853521826155,0.10417976027118135,2.1145763966871454e-07,5.685920723777704e-07
14,2207,551,33,1.0916666666666666,work,3,1.1102230246251565e-16,0.0,0.0020661737665747188,0.0035564220219329603,0.017956719977683926,0.10624579460960908,0.019917585580049673,0.10545330615608009,5.538760953813992e-08,3.4755181639464544e-07
14,2208,551,33,1.1,work,4,1.1102230246251565e-16,0.0,2.3554840541872675e-08,7.300048299977715e-08,0.017930995183757188,0.10690446603083947,0.017931017838159632,0.10690443350112429,1.0362340654379913e-07,6.314998895054215e-07
14,2209,552,34,1.1083333333333334,work,1,2.787328720416397e-15,0.0,0.005768788316669086,0.00903464271373454,0.017823085756023628,0.10719540583198914,0.02338810496063941,0.10386180451191658,6.541001525681192e-08,3.8857474358097666e-07
14,2210,552,34,1.1166666666666667,work,2,2.787328720416397e-15,0.0,0.0038485619544919845,0.0060279329198180565,0.01775960139761521,0.10749949667295255,0.021463927190050053,0.10512612194078692,3.112445658005955e-08,4.0205531010723307e-07
14,2211,552,34,1.125,work,3,2.787328720416397e-15,0.0,0.0019256300283930874,0.003016575800531886,0.01773997359225926,0.10775938960114192,0.019589631480445034,0.10650298674925282,1.2201319930659898e-07,6.293866658789802e-07
14,2212,552,34,1.1333333333333333,work,4,2.787328720416397e-15,0.0,1.0409703053596405e-08,4.2146848510894035e-08,0.017762031596537397,0.10796584842661952,0.017762037448279294,0.10796586956135976,1.575745375517645e-07,4.933162140025762e-07
14,2213,553,35,1.1416666666666666,work,1,1.6653345369377348e-16,0.0,0.00528797348852975,0.006731625795757998,0.017669902265073777,0.10812151258130802,0.022822755666751984,0.10439583794176394,1.9439244962705838e-07,6.222907608098144e-07
14,2214,553,35,1.15,work,2,1.6653345369377348e-16,0.0,0.0035255046271181023,0.004488597878227126,0.017609183848791024,0.10821741804000315,0.021041878927373112,0.10566938297486164,1.2700804810109514e-07,2.493441183966625e-07
14,2215,553,35,1.1583333333333332,work,3,1.6653345369377348e-16,0.0,0.0017628664008746743,0.0022448575517790437,0.017583003943912438,0.10823630687866302,0.019298473665297956,0.1069334556712467,1.3312451796786245e-07,2.2302015940987725e-07
14,2216,553,35,1.1666666666666667,work,4,1.6653345369377348e-16,0.0,9.790520833569558e-09,7.300048299977715e-08,0.017589526003906095,0.10816670321874997,0.01758953343913292,0.10816663794718298,2.2691444746994523e-07,6.012392342636612e-07
14,2217,554,36,1.175,work,1,1.7772239894833365e-16,2.9802322387695312e-08,0.004746240881082052,0.004128963072000999,0.017442918837336816,0.10817941503490228,0.022072923561055915,0.10494975231685655,1.1055851284296869e-07,1.7631291696726137e-07
14,2218,554,36,1.1833333333333333,work,2,1.7772239894833365e-16,2.9802322387695312e-08,0.003163363080606466,0.0027474841889143556,0.01733335941394146,0.10804347189889595,0.020420659844612644,0.10588580532931478,1.527614507331928e-07,3.576278686523442e-07
14,2219,554,36,1.1916666666666667,work,3,1.7772239894833365e-16,2.9802322387695312e-08,0.001581299680203608,0.0013712702381367338,0.017268968008871136,0.10777398449356838,0.018813039616667217,0.10669360384931408,1.579921830395988e-07,8.471411707134248e-07
14,2220,554,36,1.2,work,4,1.7772239894833365e-16,2.9802322387695312e-08,2.1468280142328796e-08,6.664001874625056e-08,0.017248843765008123,0.10734248331510071,0.01724882316884824,0.10734246529137202,7.52698007223459e-08,3.99840112477504e-07
14,2221,555,37,1.2083333333333333,work,1,4.487828537992952e-15,0.0,0.004299589787996465,0.0036472815629736387,0.017108473242563267,0.10684988778854047,0.021301060448910468,0.10413373162113702,1.8460140731813776e-07,6.049210766012823e-07
14,2222,555,37,1.2166666666666666,work,2,4.487828537992952e-15,0.0,0.002865391240823266,0.002419826822101712,0.017013703123833254,0.10614684915320204,0.019810757987103737,0.10436852357369508,1.5066680047184153e-07,1.7631291696726137e-07
14,2223,555,37,1.225,work,3,4.487828537992952e-15,0.0,0.0014321625446658457,0.0012041496480103295,0.01697060375443935,0.10527624530275402,0.018369854633835062,0.10440176951990536,1.302679213226451e-07,6.809031759974908e-07
14,2224,555,37,1.2333333333333334,work,4,4.487828537992952e-15,0.0,2.2100349147936043e-08,8.429369702178807e-08,0.016974701123486233,0.10419985786982544,0.016974718876778448,0.10419979636559348,9.717294444395107e-08,5.900558791525186e-07
15,2225,556,1,0.008333333333333333,startup,1,1.2719202621569003e-16,0.0,0.009230783967684328,0.02974828145696279,0.002820930170522714,0.00891171650768925,0.012040160874768774,0.038657586250124984,1.675531932661258e-07,7.952251472548497e-07
15,2226,556,1,0.016666666666666666,startup,2,1.2719202621569003e-16,0.0,0.006173174901027302,0.01983074594067698,0.00522233606826148,0.016290541954112676,0.011352111053229598,0.03608575253067915,2.539728503459398e-07,1.0302296887304662e-06
15,2227,556,1,0.025,startup,3,1.2719202621569003e-16,0.0,0.003096201118863468,0.00991460284481233,0.007189871274138186,0.022315829786064785,0.010226231970206986,0.03215842955263972,1.7002270814463782e-07,6.736907097969871e-07
15,2228,556,1,0.03333333333333333,startup,4,1.2719202621569003e-16,0.0,4.614702516177531e-08,8.429369702178807e-08,0.008750362376966072,0.027255028505064414,0.008750367745534266,0.02725497301904966,1.5753140098409988e-07,6.433437211788593e-07
15,2229,557,2,0.041666666666666664,work,1,8.886119947416683e-17,0.0,0.005863881051902468,0.02073305777812524,0.009046119071517436,0.028208588999599937,0.014831445904187916,0.048821494618359405,1.5694919552806803e-07,8.226736630107378e-07
15,2230,557,2,0.05,work,2,8.886119947416683e-17,0.0,0.003912396237471638,0.013831482672270558,0.009412182123615132,0.028839558976315557,0.013203607592407577,0.042435624481651085,2.1039468899280753e-07,9.739479207020017e-07
15,2231,557,2,0.058333333333333334,work,3,8.886119947416683e-17,0.0,0.0019577915199028395,0.006920563780897905,0.009895266270479892,0.029340945769119532,0.011705440648309445,0.03596755608958391,1.8385283360855561e-07,4.977969255593452e-07
15,2232,557,2,0.06666666666666667,work,4,8.886119947416683e-17,0.0,5.613442853804134e-08,1.3328003749250115e-07,0.010476721895438607,0.029859746748668217,0.010476684029306889,0.02985974562414612,2.4955057342762116e-07,1.0409503696306454e-06
15,2233,558,3,0.075,work,1,2.8441001681421824e-16,0.0,0.006083763964410819,0.02233875188727472,0.011415430831655159,0.03100129846803875,0.01707424910489274,0.05220422993149288,2.0233985836337363e-07,7.586432731960971e-07
15,2234,558,3,0.08333333333333333,work,2,2.8441001681421824e-16,0.0,0.0040533529149156455,0.014902980930860248,0.012386943073866537,0.03234231691407888,0.01594830900632448,0.045968434353358706,1.562573971879235e-07,6.237164001600872e-07
15,2235,558,3,0.09166666666666666,work,3,2.8441001681421824e-16,0.0,0.002025512452966744,0.007456766636523711,0.013293316096907868,0.03366626810182338,0.014953006190092773,0.040160347014214254,1.423551998210104e-07,8.45041685030337e-07
15,2236,558,3,0.1,work,4,2.8441001681421824e-16,0.0,4.74700509474343e-08,1.4292691717483762e-07,0.014069029928207131,0.034889514343697,0.01406907261599555,0.034889604650802465,2.9229453207893427e-07,1.0018191524727218e-06
15,2237,559,4,0.10833333333333334,work,1,1.7772239894833365e-16,0.0,0.006029463739265948,0.025587695938402988,0.014803641673786137,0.03775465859277365,0.019908399489538525,0.06157034536080859,1.6346022504090688e-07,8.226736630107378e-07
15,2238,559,4,0.11666666666666667,work,2,1.7772239894833365e-16,0.0,0.004018361223938182,0.017061194537729307,0.015372826590531012,0.04100099628767113,0.018619995870873443,0.05658578640322259,2.887883566580557e-07,8.900871588628413e-07
15,2239,559,4,0.125,work,3,1.7772239894833365e-16,0.0,0.0020085091901903113,0.008531869535694694,0.01508914432268799,0.04474094023124801,0.016683414110464437,0.052637835494660945,2.6348329962896953e-07,8.05214410192155e-07
15,2240,559,4,0.13333333333333333,work,4,1.7772239894833365e-16,0.0,3.945796930990502e-08,8.429369702178807e-08,0.013909134263418482,0.049974757954424395,0.013909169794483943,0.04997472749803293,1.1900988018700924e-07,6.329047853230056e-07
15,2241,560,5,0.14166666666666666,work,1,2.482534153247273e-16,0.0,0.005805264360829109,0.029343789973478612,0.012867672663711034,0.055765531009924624,0.017955556162333405,0.08398547600714193,2.1265985817751017e-07,6.272663229658984e-07
15,2242,560,5,0.15,work,2,2.482534153247273e-16,0.0,0.0038717418017711084,0.019558097979593188,0.012088283299496452,0.061525073739595655,0.015518733952700836,0.08047640418594129,3.342983764009795e-07,1.0823619244894444e-06
15,2243,560,5,0.15833333333333333,work,3,2.482534153247273e-16,0.0,0.0019366445890749736,0.009776920082585756,0.011551949554497516,0.06729630261800756,0.013267850173054731,0.07682288223812854,2.8105444738956313e-07,1.0211373388178349e-06
15,2244,560,5,0.16666666666666666,work,4,2.482534153247273e-16,0.0,2.4872587121658645e-08,7.300048299977715e-08,0.011227777621939493,0.07309048868594581,0.011227757808496676,0.07309053767994164,2.221977173516785e-07,9.652456486643437e-07
15,2245,561,6,0.175,work,1,5.788634738642724e-15,0.0,0.00536265029622713,0.029303455000357324,0.011019892216693722,0.07869232504538766,0.01602595484589325,0.10682799729888878,3.1638317091455417e-07,1.1457432977403014e-06
15,2246,561,6,0.18333333333333332,work,2,5.788634738642724e-15,0.0,0.0035737628901925714,0.01953584123325035,0.011000512169185258,0.08507125644432229,0.014261204917443069,0.10393860482754663,2.0122792423037602e-07,5.623090941939733e-07
15,2247,561,6,0.19166666666666665,work,3,5.788634738642724e-15,0.0,0.001786199094239925,0.00976806356580021,0.01115689330987472,0.09190971238847864,0.012728606968449633,0.1013740723011604,3.0146766373595575e-07,7.121445623247971e-07
15,2248,561,6,0.2,work,4,5.788634738642724e-15,0.0,2.075468642070247e-08,1.1920928955078128e-07,0.011145402817648527,0.09948874250096254,0.011145420925337886,0.09948884447339938,3.220749224695593e-07,9.07870901329991e-07
15,2249,562,7,0.20833333333333334,work,1,2.254873622441467e-16,0.0,0.0055752493878784256,0.033056194868104,0.010218501667737674,0.10696188635723662,0.014930162311591158,0.1375216417066062,2.766334164396333e-07,9.684608464999245e-07
15,2250,562,7,0.21666666666666667,work,2,2.254873622441467e-16,0.0,0.0037156979981544493,0.022097669537310946,0.009457606750839932,0.11567151721652871,0.012734792996039324,0.13620467670635644,2.9963316998616017e-07,8.704115072792977e-07
15,2251,562,7,0.225,work,3,2.254873622441467e-16,0.0,0.0018573221228067101,0.011078910901301768,0.009017818232105445,0.12440177311610545,0.010700480239762139,0.13472168116039698,2.0836268839743416e-07,5.824810351637641e-07
15,2252,562,7,0.23333333333333334,work,4,2.254873622441467e-16,0.0,3.8028629409788346e-08,9.424321830774485e-08,0.008729792834012167,0.13326853819750256,0.00872981626371224,0.1332684749519452,2.840434199250003e-07,8.950625310946305e-07
15,2253,563,8,0.24166666666666667,work,1,1.6939998869943826e-16,0.0,0.0064616735239502385,0.03214528123286345,0.008388660567732822,0.1406006683785494,0.014021040472668653,0.16947451731920926,2.3966127707896146e-07,8.544487468499875e-07
15,2254,563,8,0.25,work,2,1.6939998869943826e-16,0.0,0.004309218493442235,0.0215095509363883,0.008380878448339854,0.1477105577913552,0.012314287048936952,0.16708206759928007,2.8022123562428995e-07,7.656355249086146e-07
15,2255,563,8,0.2583333333333333,work,3,1.6939998869943826e-16,0.0,0.0021553296404876227,0.01079475544185833,0.008569587574462672,0.15421975992661333,0.010592446334423087,0.16396197747215904,3.153030104731409e-07,1.1222464074947224e-06
15,2256,563,8,0.26666666666666666,work,4,1.6939998869943826e-16,0.0,2.1996575166713407e-08,4.2146848510894035e-08,0.008879793263965215,0.16007876676927976,0.008879795224762654,0.16007877569852239,3.007096055497709e-07,7.60981162476765e-07
15,2257,564,9,0.275,work,1,2.387624894196368e-16,0.0,0.00599241913482948,0.028229611415368748,0.009009682208121423,0.1639001119907351,0.014546588426524587,0.18950334644283354,2.714886797960867e-07,8.429369702178869e-07
15,2258,564,9,0.2833333333333333,work,2,2.387624894196368e-16,0.0,0.00399165398728988,0.018873434661249012,0.009442817127558057,0.16717660260808634,0.013220748966853924,0.18427039584226967,3.9710532073708733e-07,1.0933838086035473e-06
15,2259,564,9,0.2916666666666667,work,3,2.387624894196368e-16,0.0,0.0019941715193535067,0.009463659290224906,0.010067277186742269,0.1696161031263719,0.011973817995333431,0.17816751617147514,3.555846744830828e-07,9.461944023601825e-07
15,2260,564,9,0.3,work,4,2.387624894196368e-16,0.0,5.949544582780761e-09,9.884312124119402e-08,0.010808937335853827,0.17147225208846942,0.010808935700268814,0.17147234893450727,2.719765712136875e-07,7.691078126766694e-07
15,2261,565,10,0.30833333333333335,work,1,2.2633986948989007e-16,0.0,0.003946057970476436,0.029319114656646505,0.011063391295943137,0.17265937945143953,0.014815223813353208,0.19909799751701204,2.9603372949531455e-07,7.839767001847022e-07
15,2262,565,10,0.31666666666666665,work,2,2.2633986948989007e-16,0.0,0.002623659324768798,0.019550528024927436,0.011404642168173718,0.173394633452982,0.013899011752258005,0.19097462953013336,2.625958136244064e-07,6.258487701416041e-07
15,2263,565,10,0.325,work,3,2.2633986948989007e-16,0.0,0.001308407964847623,0.009777621370486865,0.011752285138145309,0.17335187662771678,0.012985773361889164,0.1821186499640588,3.924190768514507e-07,1.0720554440382222e-06
15,2264,565,10,0.3333333333333333,work,4,2.2633986948989007e-16,0.0,1.702585215200335e-08,1.3978528260658475e-07,0.01211739456533022,0.17305200090553302,0.01211738172674195,0.17305213545304635,2.1561849769454187e-07,5.824810351637641e-07
15,2265,566,11,0.3416666666666667,work,1,1.3092278833360675e-16,0.0,0.002879365850505705,0.03299425540890499,0.01166923594350877,0.17301763670220613,0.013802122815522686,0.20095594337587533,1.9772945572729345e-07,9.019819468511155e-07
15,2266,566,11,0.35,work,2,1.3092278833360675e-16,0.0,0.001926851755723219,0.02199686694882042,0.010985287649137788,0.17204136035271955,0.012422076779997682,0.1907540916385665,2.1723992895613294e-07,9.620197052698809e-07
15,2267,566,11,0.35833333333333334,work,3,1.3092278833360675e-16,0.0,0.000967352894844869,0.010998838165401745,0.010535284885465412,0.17005918049544627,0.011253675899300722,0.1794294227996057,3.3923145636732737e-07,1.0852301988621562e-06
15,2268,566,11,0.36666666666666664,work,4,1.3092278833360675e-16,0.0,5.351466633093496e-08,1.3657139822709086e-07,0.010289876294036774,0.16782484422135108,0.010289825126042396,0.1678249358070234,2.0977064164381193e-07,5.057621821307297e-07
15,2269,567,12,0.375,work,1,9.71445146547012e-17,0.0,0.006023436002132177,0.03402614462458053,0.010871042802442792,0.16601664174533368,0.015905021049856305,0.19599517649751055,2.831888192046905e-07,9.480699134222874e-07
15,2270,567,12,0.3833333333333333,work,2,9.71445146547012e-17,0.0,0.00401926171002671,0.022708145775215648,0.011386443503019098,0.16439953740047708,0.01474670160358833,0.18440434688916474,4.479632814454945e-07,1.2894456179609484e-06
15,2271,567,12,0.39166666666666666,work,3,9.71445146547012e-17,0.0,0.002011585848355469,0.011366142809107176,0.011752528802422646,0.162325116006569,0.013428319249449793,0.1723404570910463,3.177023815653537e-07,1.060393266359413e-06
15,2272,567,12,0.4,work,4,9.71445146547012e-17,0.0,8.487609349524755e-09,7.300048299977715e-08,0.012118112047907728,0.15965220166104438,0.012118103576081705,0.15965228178760474,3.043070141862939e-07,9.555351461101503e-07
15,2273,568,13,0.4083333333333333,work,1,1.4946834900704541e-16,2.9802322387695312e-08,0.0065251543806031645,0.03571016526014274,0.01284261933831925,0.15695092713877903,0.018935943587065837,0.18867907479805213,2.990712920365316e-07,7.052516678690489e-07
15,2274,568,13,0.4166666666666667,work,2,1.4946834900704541e-16,2.9802322387695312e-08,0.004353883344754115,0.023832868016934693,0.013505322636909955,0.15443055438275927,0.017556164613241974,0.1756062754252304,3.600989005959709e-07,9.68919289529861e-07
15,2275,568,13,0.425,work,3,1.4946834900704541e-16,2.9802322387695312e-08,0.0021791217467291807,0.011929291767611257,0.014088779552297252,0.1516823727002935,0.016107515069967326,0.16227660134753472,2.8410642635149567e-07,1.0375318041759374e-06
15,2276,568,13,0.43333333333333335,work,4,1.4946834900704541e-16,2.9802322387695312e-08,3.657808070011348e-08,1.5196262340524156e-07,0.014647908363925028,0.1486639827993814,0.014647944295412161,0.14866408388693655,2.4044693859194524e-07,6.93824692179136e-07
15,2277,569,14,0.44166666666666665,work,1,7.473417450352271e-17,0.0,0.005500321686097296,0.04243905185875351,0.014678085610367101,0.1458437224715599,0.01954072512044291,0.18123266380749242,1.72704272365387e-07,5.397430144630339e-07
15,2278,569,14,0.45,work,2,7.473417450352271e-17,0.0,0.003692556884906812,0.02830686744175808,0.014625719723106351,0.14280862813818518,0.01792310378875517,0.16670627680486477,1.6401135153483945e-07,6.637292340791282e-07
15,2279,569,14,0.4583333333333333,work,3,7.473417450352271e-17,0.0,0.001859495317601937,0.014160311046437814,0.014541290208680549,0.1396405961661932,0.0162196521974776,0.1517441854267861,2.193639650228199e-07,6.222907608098144e-07
15,2280,569,14,0.4666666666666667,work,4,7.473417450352271e-17,0.0,2.1010537422882122e-08,1.264405455326821e-07,0.014451218132225533,0.1364873885604114,0.014451238725767188,0.1364874596876533,1.7676768107295796e-07,5.591411304263407e-07
15,2281,570,15,0.475,work,1,7.076311083754595e-17,0.0,0.008615900319826727,0.0449683168393909,0.013459545621705236,0.1322953280217271,0.018798223837819792,0.16872745672534747,2.5095540705233036e-07,8.418826396361374e-07
15,2282,570,15,0.48333333333333334,work,2,7.076311083754595e-17,0.0,0.005768606671329423,0.029987342505998302,0.012978717174375383,0.12943886675458216,0.01715640478429205,0.15451712831480693,3.5390622984530045e-07,7.263456348749403e-07
15,2283,570,15,0.49166666666666664,work,3,7.076311083754595e-17,0.0,0.0028966330015144067,0.01499798734834839,0.012939009145696385,0.1279878780733797,0.015302514024695749,0.14091184881686242,2.2054890552938836e-07,5.885487096944919e-07
15,2284,570,15,0.5,work,4,7.076311083754595e-17,0.0,9.513223282624901e-09,5.16191365590357e-08,0.013242267408739168,0.12849389032776312,0.013242271446727582,0.1284938641559572,2.886889345114022e-07,7.090197356564034e-07
15,2285,571,16,0.5083333333333333,work,1,8.886119947416683e-17,0.0,0.0159454692000814,0.041306419611014264,0.015359748950398086,0.12734867994164506,0.03034458723947763,0.16173322353679007,4.2053193260099236e-07,8.035581566520246e-07
15,2286,571,16,0.5166666666666666,work,2,8.886119947416683e-17,0.0,0.010593991245997676,0.027541399521683416,0.01875204768444218,0.1291842692453539,0.029177997837263728,0.1530634692928209,3.078038304016783e-07,6.769786293268563e-07
15,2287,571,16,0.525,work,3,8.886119947416683e-17,0.0,0.005278692026657392,0.013772605256371216,0.02244838286220554,0.13163203970681617,0.027719281396641753,0.14399223979557765,1.7872641778155612e-07,5.495276723678658e-07
15,2288,571,16,0.5333333333333333,work,4,8.886119947416683e-17,0.0,1.4170570075653537e-08,7.884953353001448e-08,0.02620999220210298,0.13688906004804877,0.026209994343356285,0.1368890835356496,1.8461626577322924e-07,8.960542904360911e-07
15,2289,572,17,0.5416666666666666,work,1,2.0206364052201326e-16,0.0,0.019671273337487565,0.037601114612881945,0.03142864202840167,0.13544492185001397,0.051021936664060095,0.15308369671722516,2.585607602857397e-07,1.0018191524727218e-06
15,2290,572,17,0.55,work,2,2.0206364052201326e-16,0.0,0.013048881179127364,0.025053389470155212,0.03630106493643918,0.13587630599966324,0.04916030733005799,0.14888623801827705,2.316871624282033e-07,6.677316576960141e-07
15,2291,572,17,0.5583333333333333,work,3,2.0206364052201326e-16,0.0,0.006491375210891454,0.01251946475093598,0.040530704904286466,0.13713859235378728,0.04683218414824399,0.1441655836671461,2.9881843951008046e-07,9.088486839519166e-07
15,2292,572,17,0.5666666666666667,work,4,2.0206364052201326e-16,0.0,1.8181937716611562e-08,9.424321830774485e-08,0.04396571800411798,0.13836446118895399,0.04396573015526296,0.13836452370966815,3.111138895819559e-07,1.5022853804980345e-06
15,2293,573,18,0.575,work,1,5.721958498152797e-17,0.0,0.012543365620822663,0.01460958024379071,0.04460155266667005,0.13183148071688772,0.056653717742366286,0.1347221030832107,4.429251842222191e-07,1.2402923134973733e-06
15,2294,573,18,0.5833333333333334,work,2,5.721958498152797e-17,0.0,0.008343595954785983,0.009788112706284399,0.044520865444528386,0.12380188838425515,0.05242184413262706,0.1258996507335381,3.4686118932912947e-07,1.060393266359413e-06
15,2295,573,18,0.5916666666666667,work,3,5.721958498152797e-17,0.0,0.004162414678532638,0.004918217629404781,0.043759289595926454,0.11441096660911453,0.04764643003792941,0.11553827604287753,3.1138471984429136e-07,1.053671212772363e-06
15,2296,573,18,0.6,work,4,5.721958498152797e-17,0.0,1.999299426026963e-08,4.2146848510894035e-08,0.04239868486559889,0.1039207504250221,0.042398670309783865,0.10392072862217686,2.1537570128109133e-07,9.405454300677565e-07
15,2297,574,19,0.6083333333333333,work,1,1.249000902703301e-16,0.0,0.0117644992631515,0.01853634144330953,0.04048784214977441,0.09312244107964274,0.05163353392295349,0.09993275838633506,4.3730060120801783e-07,1.04009678164812e-06
15,2298,574,19,0.6166666666666667,work,2,1.249000902703301e-16,0.0,0.00783544990769683,0.012099379916734983,0.038253494387524546,0.08189444203276662,0.04565171860785641,0.08683241964070024,2.6845466146371975e-07,1.0745380149674513e-06
15,2299,574,19,0.625,work,3,1.249000902703301e-16,0.0,0.003913804547681941,0.0059233998358974365,0.03580311634998958,0.07069351971834414,0.03948844447876308,0.07340607234373096,3.0635283066414544e-07,1.2135072393120912e-06
15,2300,574,19,0.6333333333333333,work,4,1.249000902703301e-16,0.0,1.8779506069614824e-08,8.429369702178807e-08,0.033246127721094657,0.060029003486505146,0.033246113573843994,0.0600289616458298,2.5260342127261697e-07,1.0545138128372632e-06
15,2301,575,20,0.6416666666666666,work,1,3.6506759942727966e-16,0.0,0.00964581522125556,0.019804598353108865,0.03014669976863811,0.049643679132176995,0.03947230250711841,0.05954446314946945,1.9064062086931782e-07,1.2714105253041924e-06
15,2302,575,20,0.65,work,2,3.6506759942727966e-16,0.0,0.0064334062112697795,0.012793007112760076,0.027171960056422455,0.04171804679821902,0.03339845624438323,0.050038572041989825,2.303581774464053e-07,6.529361695112807e-07
15,2303,575,20,0.6583333333333333,work,3,3.6506759942727966e-16,0.0,0.003218592104854809,0.006195929353629512,0.02440179178690488,0.037387854330188555,0.02752193655591597,0.04241701909224331,1.0470312259652448e-07,7.027283979983126e-07
15,2304,575,20,0.6666666666666666,work,4,3.6506759942727966e-16,0.0,4.969977056531351e-08,1.5196262340524156e-07,0.021896063308540735,0.03720119963555686,0.021896105448883145,0.037201216924122565,1.3244282178746832e-07,6.47472172451035e-07
15,2305,576,21,0.675,work,1,1.1102230246251565e-16,0.0,0.008403136525083154,0.018461416812432276,0.01934154273408284,0.04159655749801415,0.027651750375610757,0.059940382552843785,7.449112381607667e-08,4.777675730550717e-07
15,2306,576,21,0.6833333333333333,work,2,1.1102230246251565e-16,0.0,0.005606289604671136,0.01187053172818,0.01714135317605008,0.047802383774614446,0.02270566962957444,0.05964071590799013,1.5659006010963177e-07,9.127493400045447e-07
15,2307,576,21,0.6916666666666667,work,3,1.1102230246251565e-16,0.0,0.0028062822161367446,0.005723678434864568,0.015322466427862176,0.054778075307704815,0.01811500248754797,0.06040613851802,1.3336948470287696e-07,6.597025281542168e-07
15,2308,576,21,0.7,work,4,1.1102230246251565e-16,0.0,4.2561668047856436e-08,1.3657139822709086e-07,0.013890813010893784,0.061914760698767855,0.01389077653230427,0.061914787924137536,2.1647968939638363e-07,5.91559208669641e-07
15,2309,577,22,0.7083333333333334,work,1,1.0385185452638061e-16,0.0,0.008924932706825301,0.013647258336946886,0.01294058699267849,0.06804526661514645,0.02176998083816118,0.07938651311118862,3.03530122434253e-07,9.03949194437458e-07
15,2310,577,22,0.7166666666666667,work,2,1.0385185452638061e-16,0.0,0.005952095257567525,0.008599338348029046,0.012271223315577494,0.07386847534759625,0.018125380523258895,0.0807937574343141,1.9964237012318946e-07,8.312657881368073e-07
15,2311,577,22,0.725,work,3,1.0385185452638061e-16,0.0,0.002978078157530365,0.004055230917587773,0.011851434232900424,0.0794039230581272,0.014757057703473265,0.08256752282717057,2.8509831979908937e-07,7.924280047600518e-07
15,2312,577,22,0.7333333333333333,work,4,1.0385185452638061e-16,0.0,3.8996410713018967e-08,1.2287812309317772e-07,0.011646060387650372,0.08469723725030026,0.011646089612278893,0.08469723468180575,1.1898932419891079e-07,5.372690074837208e-07
15,2313,578,23,0.7416666666666667,work,1,1.2719202621569003e-16,0.0,0.008524853013088508,0.010589480484364864,0.011345534115076416,0.08968198932423219,0.019545190790809446,0.09667812509555285,1.3707626853533218e-07,8.86086746890463e-07
15,2314,578,23,0.75,work,2,1.2719202621569003e-16,0.0,0.005683979715021469,0.006616862853600756,0.011188169785028027,0.09464745387623731,0.016636276474997404,0.09895304071216762,2.1845649731321392e-07,1.0272078478106424e-06
15,2315,578,23,0.7583333333333333,work,3,1.2719202621569003e-16,0.0,0.0028430560966918404,0.0030882661156575635,0.011159699757408431,0.0995698762891682,0.013871688525008917,0.10155122246885841,1.7348417076342233e-07,1.0293672108155927e-06
15,2316,578,23,0.7666666666666666,work,4,1.2719202621569003e-16,0.0,4.629199031773553e-08,9.884312124119402e-08,0.011241491069077746,0.10445278467869812,0.011241453769185478,0.10445283512628495,1.9599470069805232e-07,9.414892792064821e-07
15,2317,579,24,0.775,work,1,3.2398021848425308e-16,0.0,0.008685054282088416,0.012405652329130271,0.011460915997466663,0.11158108975568493,0.019949779695305966,0.12176326752096975,2.952458600958573e-07,1.3381209564592879e-06
15,2318,579,24,0.7833333333333333,work,2,3.2398021848425308e-16,0.0,0.005794768931855199,0.00771887849914247,0.011765000181682281,0.11892474531040423,0.017422873033466315,0.12536193887363722,1.8681697662658748e-07,9.480699134222874e-07
15,2319,579,24,0.7916666666666666,work,3,3.2398021848425308e-16,0.0,0.002901390444185714,0.0035948849224605515,0.012123981978790346,0.12649598488626146,0.014949277875183048,0.1295421488025767,1.4523863715954607e-07,7.189713765272429e-07
15,2320,579,24,0.8,work,4,3.2398021848425308e-16,0.0,2.0666174490741532e-08,4.2146848510894035e-08,0.012516981852077468,0.1342791395463857,0.012516964183700609,0.1342791847108065,9.555322307119398e-08,2.615143176136055e-07
15,2321,580,25,0.8083333333333333,work,1,1.798766884999431e-16,0.0,0.008844507069475597,0.015032884132454249,0.01297384049330763,0.14505631128998325,0.021729973023593408,0.15834552360738394,1.84762826510112e-07,9.893293781696559e-07
15,2322,580,25,0.8166666666666667,work,2,1.798766884999431e-16,0.0,0.0059160768822703455,0.009406583479872973,0.013472769168530059,0.15656466640196673,0.01932470934763582,0.1649874270357028,7.957095690327612e-08,6.194296387084308e-07
15,2323,580,25,0.825,work,3,1.798766884999431e-16,0.0,0.0029725645982168676,0.004435941639544866,0.013997382603889755,0.16874709509417546,0.016930210545753582,0.17275140054321922,1.4417012478567078e-07,8.09614521694554e-07
15,2324,580,25,0.8333333333333334,work,4,1.798766884999431e-16,0.0,4.532087941463095e-08,9.424321830774485e-08,0.014546635472759466,0.18152212808102072,0.014546669227621682,0.18152208118944277,1.0689929309826755e-07,7.396741894478159e-07
15,2325,581,26,0.8416666666666667,work,1,1.594436429147036e-16,0.0,0.008826872764318759,0.017016287060692012,0.014979553710290274,0.19738322616538276,0.023678523867721558,0.2120169280340997,1.0889747763535314e-07,7.856742338218779e-07
15,2326,581,26,0.85,work,2,1.594436429147036e-16,0.0,0.005916955755773194,0.01075446406521067,0.015468159518716508,0.21457904497499383,0.021296413109498074,0.2239307339668365,1.7130642161544422e-07,8.950625310946305e-07
15,2327,581,26,0.8583333333333333,work,3,1.594436429147036e-16,0.0,0.0029827709928583247,0.0051477132248635895,0.016017320886603417,0.23292723716771496,0.018948192947075528,0.23741721925668993,2.3013742404693695e-07,8.930757083756817e-07
15,2328,581,26,0.8666666666666667,work,4,1.594436429147036e-16,0.0,4.369380946225235e-08,1.6593230851978133e-07,0.01664077466732431,0.25223141369663343,0.016640744211209178,0.2522313056196607,2.679572614557554e-07,9.541398640622064e-07
15,2329,582,27,0.875,work,1,2.2247786310271853e-16,0.0,0.0080031995763739,0.015745034141285662,0.016806429905666383,0.27275232466528476,0.02454998271725716,0.2847421484953329,1.4587118771530576e-07,8.376520468327582e-07
15,2330,582,27,0.8833333333333333,work,2,2.2247786310271853e-16,0.0,0.0053533009268717955,0.010155248799407041,0.017031442386511424,0.2944829264698067,0.02220797186319211,0.3022321361172625,1.6713694310718964e-07,1.183118417339295e-06
15,2331,582,27,0.8916666666666666,work,3,2.2247786310271853e-16,0.0,0.002693142591629083,0.004960376927414163,0.017334065326374944,0.31715943686652875,0.019930597845314497,0.3209241824777115,1.1070764614794231e-07,6.293866658789802e-07
15,2332,582,27,0.9,work,4,2.2247786310271853e-16,0.0,1.3756056102082987e-08,1.5196262340524156e-07,0.017730475186449757,0.34054835312889636,0.017730483037714365,0.3405481980888955,1.771167259622588e-07,5.511415603431162e-07
16,2333,583,1,0.008333333333333333,startup,1,2.237726045655905e-16,0.0,0.009198911632985777,0.02966368350385362,0.0027828303754780493,0.008722075379591208,0.011970647144981235,0.03837853389229251,3.709878638434065e-07,1.0741246516072938e-06
16,2334,583,1,0.016666666666666666,startup,2,2.237726045655905e-16,0.0,0.006130697031674046,0.0197179254367942,0.005100807666834643,0.015976154340553245,0.01117772748825327,0.03567816888360556,3.9637019203001467e-07,8.688795409866194e-07
16,2335,583,1,0.025,startup,3,2.237726045655905e-16,0.0,0.0030643575980930323,0.009829870715355567,0.007033900904642418,0.022015513077255047,0.010009647203475308,0.03181799931651435,4.162158186420778e-07,9.029661063875702e-07
16,2336,583,1,0.03333333333333333,startup,4,2.237726045655905e-16,0.0,1.4828453494559143e-08,1.1151007970493858e-07,0.008655793549681282,0.027121728269793755,0.008655791609286029,0.027121681463218056,3.61687258928523e-07,8.970449533040844e-07
16,2337,584,2,0.041666666666666664,work,1,1.6653345369377348e-16,0.0,0.0058073723962944555,0.020642919411347615,0.009292135951304943,0.028691930441354423,0.014944068873520573,0.04885161477218073,1.464637421521321e-07,3.4240261593687747e-07
16,2338,584,2,0.05,work,2,1.6653345369377348e-16,0.0,0.003868469086660915,0.013732215514397463,0.010148911634878306,0.030157902877630472,0.013739680685674376,0.043473725030155584,3.4525402394920675e-07,6.610474888330381e-07
16,2339,584,2,0.058333333333333334,work,3,1.6653345369377348e-16,0.0,0.00193268968333282,0.006851242605518103,0.01122276243453037,0.031680270070476094,0.01286257787913034,0.03821288475122158,2.957183980930845e-07,7.378708364450942e-07
16,2340,584,2,0.06666666666666667,work,4,1.6653345369377348e-16,0.0,1.9961187081655924e-08,7.300048299977715e-08,0.012447549736298061,0.0333954227435774,0.012447552491080613,0.03339549135426512,3.4526439407987607e-07,9.156639275394291e-07
16,2341,585,3,0.075,work,1,1.1443916996305594e-16,0.0,0.006021806280813007,0.022141183046677494,0.014045726736156795,0.03583132919133902,0.019157727768838582,0.05663580225404283,2.2312448401408072e-07,3.674277068954101e-07
16,2342,585,3,0.08333333333333333,work,2,1.1443916996305594e-16,0.0,0.004012163326041278,0.014724081532294103,0.01565494830284242,0.03853389876730911,0.018781923059926445,0.052069684109418236,4.95516311429996e-08,4.977969255593452e-07
16,2343,585,3,0.09166666666666666,work,3,1.1443916996305594e-16,0.0,0.002004895919889537,0.007343825920750928,0.017179524884482378,0.04147786058330983,0.018600248611230448,0.04805335848164174,2.8224780865559457e-07,5.092623081992598e-07
16,2344,585,3,0.1,work,4,1.1443916996305594e-16,0.0,1.2068267080622058e-08,1.1542389828584842e-07,0.018554791466991998,0.04462968797478264,0.018554797193957383,0.04462967994998574,1.4424534096208106e-07,2.950279395762585e-07
16,2345,586,4,0.10833333333333334,work,1,1.6653345369377348e-16,0.0,0.005973446532440051,0.02501194385938967,0.01976723855644103,0.04771013968053771,0.024154548052438173,0.06830096124054456,2.253961548936085e-07,4.0205531010723307e-07
16,2346,586,4,0.11666666666666667,work,2,1.6653345369377348e-16,0.0,0.00398395991501684,0.016640576548164785,0.020150758749802333,0.05227162640996394,0.0230503697448628,0.06604798186539405,2.0158090049921585e-07,6.617189440481251e-07
16,2347,586,4,0.125,work,3,1.6653345369377348e-16,0.0,0.001992814482116,0.008303447024624756,0.020132203320949362,0.05698308359928858,0.021602260700826218,0.0640431062043575,6.708702363109773e-08,3.4498682328433513e-07
16,2348,586,4,0.13333333333333333,work,4,1.6653345369377348e-16,0.0,1.2412995030270372e-08,7.884953353001448e-08,0.0200432305087037,0.06179481673747994,0.02004322883359647,0.06179488079783202,1.9897171703546227e-07,7.366661485617367e-07
16,2349,587,5,0.14166666666666666,work,1,1.2412670766236366e-16,0.0,0.005776214131013266,0.02855693426427756,0.01972097421790977,0.06765026446943266,0.024431119515865758,0.09187497550104327,1.1971620349363334e-07,3.7932163659804686e-07
16,2350,587,5,0.15,work,2,1.2412670766236366e-16,0.0,0.003854684302607698,0.01902140442461675,0.019291420168930817,0.0742647530763593,0.022465454321932206,0.0909288915523658,7.19200429232621e-08,2.210199382035633e-07
16,2351,587,5,0.15833333333333333,work,3,1.2412670766236366e-16,0.0,0.0019292716556603313,0.009502532623794949,0.018960327617666715,0.08104146734300335,0.020547444528123175,0.08959146399006758,2.3637186182596673e-07,6.542950391799285e-07
16,2352,587,5,0.16666666666666666,work,4,1.2412670766236366e-16,0.0,6.809507148515802e-09,1.032382731180714e-07,0.01869087688553167,0.0879130261520318,0.01869087047748011,0.0879129531061439,1.4705256973460538e-07,3.576278686523442e-07
16,2353,588,6,0.175,work,1,1.6653345369377348e-16,0.0,0.005632709634477485,0.031087397791785053,0.01834900367727361,0.0942611299661118,0.02314484719827649,0.12109413501706856,1.9604229419093736e-07,5.591411304263407e-07
16,2354,588,6,0.18333333333333332,work,2,1.6653345369377348e-16,0.0,0.003759235824522379,0.020723483620065757,0.017839217841583873,0.10095714961845928,0.02107965942231216,0.11911586472693245,3.5961109547469185e-07,6.982907363092924e-07
16,2355,588,6,0.19166666666666665,work,3,1.6653345369377348e-16,0.0,0.0018816487825058863,0.010360784206004519,0.017512596075146915,0.10790281612364694,0.01914121349112762,0.11713157041535481,4.2025741490815026e-07,7.504033036240485e-07
16,2356,588,6,0.2,work,4,1.6653345369377348e-16,0.0,1.7531428671957296e-08,6.664001874625056e-08,0.017279299388755366,0.11448133242630501,0.01727931541362433,0.11448124990489768,2.0198588255152802e-07,7.014633593523431e-07
16,2357,589,7,0.20833333333333334,work,1,2.7755575615628914e-17,0.0,0.0055082044737683996,0.03230197810911083,0.016673258320564197,0.12002828773907492,0.020972427336636096,0.1483161444898078,2.8926378215575114e-07,5.732591170570675e-07
16,2358,589,7,0.21666666666666667,work,2,2.7755575615628914e-17,0.0,0.0036758739272643413,0.02153635368256883,0.016115178770315302,0.12573017496867736,0.019066329889413487,0.14477143547328453,2.717480314476564e-07,5.389196074016445e-07
16,2359,589,7,0.225,work,3,2.7755575615628914e-17,0.0,0.0018398105651698602,0.010769108843763957,0.01566120350110598,0.13118991578289374,0.017160525217827242,0.1407789607811521,2.4879498904990685e-07,5.057621821307297e-07
16,2360,589,7,0.23333333333333334,work,4,2.7755575615628914e-17,0.0,1.6948903349004852e-08,1.3328003749250115e-07,0.015298980046711104,0.13609600395527588,0.015298967764963365,0.13609613585669683,2.7948574515378624e-07,3.897159347123516e-07
16,2361,590,8,0.24166666666666667,work,1,2.0955000055363631e-16,0.0,0.00597039531464214,0.03307013619902167,0.014666538144876055,0.1396740668874819,0.019038695970857562,0.16812253527258322,3.568704091285384e-07,9.784969782461028e-07
16,2362,590,8,0.25,work,2,2.0955000055363631e-16,0.0,0.0039835758726844885,0.02204557963610304,0.014194055121381515,0.14318981781308324,0.01722910078930172,0.16227494951577953,1.971301775203635e-07,6.279738994153012e-07
16,2363,590,8,0.2583333333333333,work,3,2.0955000055363631e-16,0.0,0.0019934395734938636,0.011022203392606941,0.013894922056330663,0.14619174451484895,0.015475522328244062,0.15577371743473692,3.291766897252442e-07,1.0379597405951138e-06
16,2364,590,8,0.26666666666666666,work,4,2.0955000055363631e-16,0.0,5.2979513820275945e-09,2.9802322387695312e-08,0.013707502002163573,0.1484178017017796,0.013707498729570522,0.14841781438219062,5.320120094659268e-07,1.0998631767777305e-06
16,2365,591,9,0.275,work,1,6.359601310784502e-17,0.0,0.00623100656314468,0.029584399641541588,0.013231397536528551,0.1488697073995347,0.017963526308542522,0.17419042801085,1.6899910200293575e-07,5.623090941939733e-07
16,2366,591,9,0.2833333333333333,work,2,6.359601310784502e-17,0.0,0.00415631230026589,0.01971486431299064,0.01283878400006595,0.14945598846579888,0.016165983634958404,0.1663700851352027,3.559930138129143e-07,8.128989754310816e-07
16,2367,591,9,0.2916666666666667,work,3,6.359601310784502e-17,0.0,0.0020792975579389606,0.0098532591831178,0.012598159503692563,0.1487973368925885,0.014328893160999709,0.15724295312020964,3.748016120957471e-07,1.0486013940429318e-06
16,2368,591,9,0.3,work,4,6.359601310784502e-17,0.0,3.2500968762800964e-08,6.664001874625056e-08,0.01253249688985257,0.1470430350351376,0.012532484324544815,0.14704302212688786,2.345137871454157e-07,6.710487752674672e-07
16,2369,592,10,0.30833333333333335,work,1,1.8619006149354548e-16,0.0,0.003943878771847615,0.02913932504550856,0.011844171443812803,0.14464938276465353,0.015147796095944065,0.16898134573904558,2.7358328642127406e-07,8.317998490901567e-07
16,2370,592,10,0.31666666666666665,work,2,1.8619006149354548e-16,0.0,0.0026266016898246775,0.019414964930398942,0.011375028576523718,0.14251804382168176,0.013646265080184412,0.15866878946334959,2.956626539842856e-07,3.009887021291878e-07
16,2371,592,10,0.325,work,3,1.8619006149354548e-16,0.0,0.001311987518293177,0.009701891211059641,0.01106746649848093,0.1402503562154335,0.012226510940532051,0.1482885017908145,3.405156454216948e-07,7.300048299977754e-07
16,2372,592,10,0.3333333333333333,work,4,1.8619006149354548e-16,0.0,1.6173480317499907e-08,4.2146848510894035e-08,0.010851703320410884,0.13782091611347846,0.01085170625201183,0.13782089748686208,4.068291637717016e-07,8.678567277527542e-07
16,2373,593,11,0.3416666666666667,work,1,9.614813431917819e-17,0.0,0.0024369744461444657,0.033508957764588676,0.01001185231991008,0.1356422029396286,0.011322276530743643,0.16228389494136006,3.4188745413807005e-07,6.886851792509198e-07
16,2374,593,11,0.35,work,2,9.614813431917819e-17,0.0,0.0016249722689150974,0.02233218912631707,0.008781008776435428,0.13478590615584365,0.009718876462370239,0.1527592734514337,4.0594051596838255e-07,8.760057959973327e-07
16,2375,593,11,0.35833333333333334,work,3,9.614813431917819e-17,0.0,0.000812831599648632,0.011162411138794416,0.007424924128942633,0.1315857637935262,0.007917155698232679,0.14064588351089713,2.1107264516055121e-07,5.778884717722352e-07
16,2376,593,11,0.36666666666666664,work,4,9.614813431917819e-17,0.0,2.0057795857175893e-08,1.3978528260658475e-07,0.006142402269395169,0.12725402969066676,0.006142393374374541,0.12725389625559194,1.598406790066762e-07,3.2236140449023185e-07
16,2377,594,12,0.375,work,1,6.206335383118183e-17,0.0,0.005789521180749613,0.035458491164687564,0.005767492338902829,0.12264772017674917,0.01062838650110142,0.15295046342889726,4.41798399150362e-07,1.0507167913797138e-06
16,2378,594,12,0.3833333333333333,work,2,6.206335383118183e-17,0.0,0.003866959949531151,0.023643232920165937,0.005867667838143986,0.11852974141768155,0.009287300148604167,0.13884868655053953,4.832384340475229e-07,1.0662402999400215e-06
16,2379,594,12,0.39166666666666666,work,3,6.206335383118183e-17,0.0,0.0019372708431594982,0.011823711579506966,0.00621267593562957,0.1147834460002472,0.007974926888502598,0.1249933257599128,3.092926123338595e-07,5.583463309763449e-07
16,2380,594,12,0.4,work,4,6.206335383118183e-17,0.0,2.5740747433671576e-08,1.1920928955078128e-07,0.0066435879514701495,0.1111349172329689,0.006643600188764303,0.11113480081558454,5.740522710085801e-07,1.1395248350087058e-06
16,2381,595,13,0.4083333333333333,work,1,1.7772239894833365e-16,0.0,0.0067421893640422425,0.034431797653520134,0.00742321348881649,0.10685035431777509,0.014044850904822423,0.13750465402020076,3.5541199518381347e-07,6.222907608098144e-07
16,2382,595,13,0.4166666666666667,work,2,1.7772239894833365e-16,0.0,0.0045011841070924175,0.022971520037674133,0.008187508362681934,0.10263018645732745,0.012604735643612188,0.12321542439869945,4.141605336208256e-07,8.376520468327582e-07
16,2383,595,13,0.425,work,3,1.7772239894833365e-16,0.0,0.0022539471188702865,0.011494219597481392,0.008921271453808237,0.09827477828767613,0.011124008419937442,0.10863866258093102,4.494338818900924e-07,7.238958955699912e-07
16,2384,595,13,0.43333333333333335,work,4,1.7772239894833365e-16,0.0,2.0173375622311614e-08,1.6593230851978133e-07,0.009622601102143356,0.09385978963441072,0.009622610371540866,0.09385993208621642,1.712549111972697e-07,5.004660971089217e-07
16,2385,596,14,0.44166666666666665,work,1,6.206335383118183e-17,0.0,0.005613540283202611,0.039591469460041204,0.00986380660406252,0.0900070792574085,0.015291757208156877,0.12516338742179084,4.558046834908558e-07,9.518098487062134e-07
16,2386,596,14,0.45,work,2,6.206335383118183e-17,0.0,0.003757665789276666,0.026428066001480267,0.010208328917401189,0.08671823004964604,0.01389881605154632,0.11066461925415585,3.6897646927294733e-07,9.112885505807869e-07
16,2387,596,14,0.4583333333333333,work,3,6.206335383118183e-17,0.0,0.001886770849248184,0.01323103509813061,0.010646092319328912,0.08368915937861691,0.012518088747506647,0.09593626437950228,4.850690677662493e-07,1.1038934694202167e-06
16,2388,596,14,0.4666666666666667,work,4,6.206335383118183e-17,0.0,9.970703985414932e-09,9.424321830774485e-08,0.01120009554545311,0.0808713756876658,0.011200088098010447,0.08087146377501148,3.275117528765161e-07,1.0035907173444577e-06
16,2389,597,15,0.475,work,1,7.850462293418876e-17,0.0,0.008647353130460896,0.04492031225938227,0.012154236408074075,0.07967246497538785,0.01980213513651134,0.12315723165494159,4.897986837282468e-07,1.3546130868630086e-06
16,2390,597,15,0.48333333333333334,work,2,7.850462293418876e-17,0.0,0.005789913068580865,0.029966982938626936,0.013902228455694228,0.08022635095504915,0.01935503869186748,0.10975893927956988,3.539196475787093e-07,7.539457464619632e-07
16,2391,597,15,0.49166666666666664,work,3,7.850462293418876e-17,0.0,0.0029074424140417324,0.014993394443116197,0.016061898921345765,0.0823427048428136,0.01889354315165862,0.0972718082478048,3.4542228864752923e-07,4.933162140025762e-07
16,2392,597,15,0.5,work,4,7.850462293418876e-17,0.0,2.2987224543223737e-08,7.300048299977715e-08,0.018363863140374206,0.0858469812945462,0.018363846769714354,0.08584692040193206,3.9526367591315477e-07,9.94701341884065e-07
16,2393,598,16,0.5083333333333333,work,1,1.2412670766236366e-16,0.0,0.014993488411347193,0.041591226760179484,0.022486298476577533,0.08919042685166445,0.037090175867311725,0.13059696526169062,3.9591801557581365e-07,1.1414717437151562e-06
16,2394,598,16,0.5166666666666666,work,2,1.2412670766236366e-16,0.0,0.009998727708035967,0.027697767389564525,0.026897345642492222,0.09419149340439398,0.036775740082114955,0.12183304249211635,2.216441280479399e-07,4.400260168383548e-07
16,2395,598,16,0.525,work,3,1.2412670766236366e-16,0.0,0.005000744152096996,0.01383391105604303,0.03140340270262638,0.10048701982900048,0.03636852995817525,0.1142248559741265,1.6487095420179007e-07,3.839760639287575e-07
16,2396,598,16,0.5333333333333333,work,4,1.2412670766236366e-16,0.0,1.9900764028590742e-08,4.2146848510894035e-08,0.03585441086866511,0.10765738205680443,0.03585440075127929,0.10765741595999237,1.3748766486922623e-07,6.187122908838623e-07
16,2397,599,17,0.5416666666666666,work,1,1.2412670766236366e-16,2.9802322387695312e-08,0.014040411456435123,0.026941632999836373,0.03988550258378808,0.11091676240349485,0.05387772543917908,0.1371504265037993,2.6168134628213604e-07,4.042583693936634e-07
16,2398,599,17,0.55,work,2,1.2412670766236366e-16,2.9802322387695312e-08,0.009351653182787089,0.017926890893359214,0.04364188206129743,0.11471217560678959,0.052935930033164956,0.13209185068310253,2.498441779633917e-07,5.297776709387073e-07
16,2399,599,17,0.5583333333333333,work,3,1.2412670766236366e-16,2.9802322387695312e-08,0.004671402080851936,0.008946217409040072,0.046982129439091865,0.11849622107466215,0.0516034577821812,0.12709709731029756,1.7089140296298018e-07,5.638864019043613e-07
16,2400,599,17,0.5666666666666667,work,4,1.2412670766236366e-16,2.9802322387695312e-08,1.2767268258186631e-08,5.960464477539063e-08,0.04980976154582722,0.1218615414114188,0.04980976312350766,0.12186158563862015,2.56723078750719e-07,1.171803668221103e-06
16,2401,600,18,0.575,work,1,1.1102230246251565e-16,0.0,0.013350014844616238,0.01983956170375835,0.051900829692074206,0.12071023289287461,0.06491028195889942,0.13425693191251564,2.85499814184059e-07,5.740332688170161e-07
16,2402,600,18,0.5833333333333334,work,2,1.1102230246251565e-16,0.0,0.008881930484616806,0.013215286415663243,0.053438124918934536,0.11930213883756789,0.06205503426537961,0.12843709341904164,2.910795936755539e-07,8.226736630107378e-07
16,2403,600,18,0.5916666666666667,work,3,1.1102230246251565e-16,0.0,0.004431832613606389,0.006602064208186734,0.054418781791319246,0.11744981310230275,0.05869955999227039,0.12204251877705856,4.1171152781677916e-07,9.233911862867954e-07
16,2404,600,18,0.6,work,4,1.1102230246251565e-16,0.0,1.2629792097752646e-08,4.2146848510894035e-08,0.05486350066881944,0.1150300812922506,0.0548634959607969,0.11503002288111404,3.0292641410015433e-07,6.677316576960141e-07
16,2405,601,19,0.6083333333333333,work,1,5.551115123125783e-17,0.0,0.01173906796917958,0.021542354140386882,0.05438966825158958,0.10892179345779233,0.06567563935168497,0.11544506533321841,2.906550316982585e-07,4.833124500580697e-07
16,2406,601,19,0.6166666666666667,work,2,5.551115123125783e-17,0.0,0.007811386945397663,0.01437469432718541,0.05353774885197688,0.10259399067438861,0.061040873918075784,0.10720126901157645,3.406531114613892e-07,5.997601687162573e-07
16,2407,601,19,0.625,work,3,5.551115123125783e-17,0.0,0.0038982813038561104,0.007193847670949262,0.05235008720167164,0.09609959009651556,0.0560900174677335,0.0985047825354448,5.180248065432352e-07,1.1119102302895706e-06
16,2408,601,19,0.6333333333333333,work,4,5.551115123125783e-17,0.0,1.1953569472548622e-08,1.1920928955078128e-07,0.050883559930534845,0.08947725188540699,0.05088355985864134,0.08947720439751591,3.0353709576466786e-07,6.743495761743077e-07
16,2409,602,20,0.6416666666666666,work,1,2.7894008272968645e-16,2.9802322387695312e-08,0.009265798115770607,0.020401983666647108,0.04842265643925071,0.08070790758552669,0.05719807057044598,0.08514188214037716,2.0372205415352788e-07,5.91559208669641e-07
16,2410,602,20,0.65,work,2,2.7894008272968645e-16,2.9802322387695312e-08,0.006171712173898929,0.01360977110882094,0.04588661596389909,0.07196512116714797,0.05174913649664218,0.07523140097399802,4.06155625103469e-07,9.396006328126545e-07
16,2411,602,20,0.6583333333333333,work,3,2.7894008272968645e-16,2.9802322387695312e-08,0.003083111188376177,0.006809184936760059,0.04334295950357435,0.0635608667789145,0.046278723351437547,0.06533345448899042,2.7584644586047954e-07,2.858538343496754e-07
16,2412,602,20,0.6666666666666666,work,4,2.7894008272968645e-16,2.9802322387695312e-08,6.954656570595963e-09,5.960464477539063e-08,0.04085092941759012,0.0556975704089069,0.04085093208668466,0.05569761819688887,3.0817747814293225e-08,5.511415603431162e-07
16,2413,603,21,0.675,work,1,6.206335383118183e-17,0.0,0.00883804524494001,0.020235203744409423,0.03837984731467729,0.04905745056918103,0.04697639887206139,0.06066694513375696,2.662951695587227e-07,5.196212462831361e-07
16,2414,603,21,0.6833333333333333,work,2,6.206335383118183e-17,0.0,0.005890724447780809,0.013496690589599594,0.036062231319921645,0.04310932783776635,0.04180172226496385,0.05134342378536825,1.8881343661758295e-07,2.8115454709698594e-07
16,2415,603,21,0.6916666666666667,work,3,6.206335383118183e-17,0.0,0.0029447285564565286,0.006751701480757451,0.03393440731041376,0.03822358323085751,0.03680616508563011,0.042580290715381754,1.6044421302477061e-07,3.674277068954101e-07
16,2416,603,21,0.7,work,4,6.206335383118183e-17,0.0,3.1299881341291735e-09,1.0745380149674385e-07,0.032021040863595106,0.034661452159596824,0.03202103975813627,0.03466145699350728,3.422868266836891e-07,9.320077759690303e-07
16,2417,604,22,0.7083333333333334,work,1,1.6653345369377348e-16,0.0,0.009897622369384783,0.01756658823526529,0.03070277216287066,0.03273728017965728,0.04046602663505577,0.04877902311740638,3.006045620793561e-07,4.0644948771553874e-07
16,2418,604,22,0.7166666666666667,work,2,1.6653345369377348e-16,0.0,0.006596734989374554,0.011722713017182782,0.029588186434414628,0.03180685879882602,0.036083391437567607,0.042357438662424265,4.1354768694663546e-07,1.096223244532928e-06
16,2419,604,22,0.725,work,3,1.6653345369377348e-16,0.0,0.0032975032561505394,0.005867242589128736,0.028672116511334823,0.03179252940009728,0.03191111166853676,0.0368968321329609,3.3906502870358707e-07,3.9311963195422116e-07
16,2420,604,22,0.7333333333333333,work,4,1.6653345369377348e-16,0.0,1.6767019937490315e-08,1.1920928955078128e-07,0.02794755420008628,0.032481949558241206,0.027947568320805,0.032481945167201626,3.4127613771961745e-07,4.823927300047483e-07
16,2421,605,23,0.7416666666666667,work,1,1.6184142622847344e-16,0.0,0.00954646849431535,0.01568078712600304,0.02730238075806087,0.03296685678582943,0.03670245003907635,0.04594064323346606,2.7627719959498446e-07,5.724839184373204e-07
16,2422,605,23,0.75,work,2,1.6184142622847344e-16,0.0,0.006363466072202803,0.010464012402409743,0.02682003999737473,0.033760994991838766,0.033068481912925954,0.04188358114491295,2.5525952169160704e-07,5.732591170570675e-07
16,2423,605,23,0.7583333333333333,work,3,1.6184142622847344e-16,0.0,0.0031812812380723203,0.005237131757354479,0.02648576608855173,0.03475745311809447,0.029599067309777405,0.03852383776981566,3.2428184233103096e-07,7.378708364450942e-07
16,2424,605,23,0.7666666666666666,work,4,1.6184142622847344e-16,0.0,2.3852705204730104e-08,5.960464477539063e-08,0.026284756758373988,0.035867443487261154,0.026284739506475592,0.03586738834444777,3.937361449905488e-07,6.307962682401184e-07
16,2425,606,24,0.775,work,1,1.4946834900704541e-16,0.0,0.009414721359296638,0.018189971107776794,0.026156930249424573,0.03699675353926917,0.03535002325900521,0.049774015151925505,4.704182722238288e-07,1.3427591712557102e-06
16,2426,606,24,0.7833333333333333,work,2,1.4946834900704541e-16,0.0,0.006276695049677504,0.01213791491004435,0.026131386016720777,0.038181820681049604,0.032239326997647366,0.046308949612386664,3.9668932547566583e-07,7.644745909202539e-07
16,2427,606,24,0.7916666666666666,work,3,1.4946834900704541e-16,0.0,0.003138425604592724,0.006074583006882346,0.02618546921960227,0.03939003325830123,0.029227043340394644,0.04323108594755568,1.2779878692633197e-07,7.862392639084461e-07
16,2428,606,24,0.8,work,4,1.4946834900704541e-16,0.0,2.0653463318393043e-08,5.960464477539063e-08,0.026295031043472448,0.0406049433944723,0.026295015801198997,0.04060494571579808,2.0822132892303416e-07,6.556510925292998e-07
16,2429,607,25,0.8083333333333333,work,1,5.551115123125783e-17,0.0,0.009378057607592234,0.021725942454475705,0.026398540433360505,0.04182297393957441,0.03541572605371325,0.056633683075800516,1.0655735663042411e-07,5.824810351637641e-07
16,2430,607,25,0.8166666666666667,work,2,5.551115123125783e-17,0.0,0.006254146518011871,0.014495193648327553,0.026532990314049237,0.043137848504291094,0.032526575130129944,0.05275624181799398,1.5599492825206522e-07,4.693274422891038e-07
16,2431,607,25,0.825,work,3,5.551115123125783e-17,0.0,0.0031281174723476204,0.007253237513955361,0.026677711654508395,0.04451912300023208,0.029662863830913596,0.04914608945511136,2.2039295701209768e-07,7.480323551899914e-07
16,2432,607,25,0.8333333333333334,work,4,5.551115123125783e-17,0.0,1.4706489224606752e-08,4.2146848510894035e-08,0.026815464495895416,0.04594159701868234,0.02681547445411928,0.04594158892887742,2.6915610417745516e-07,2.858538343496754e-07
16,2433,608,26,0.8416666666666667,work,1,5.551115123125783e-17,0.0,0.009775199308446395,0.024504910051269754,0.027031602690477944,0.04752255797780068,0.03637054077257654,0.06514181747379705,3.9173139955498294e-07,7.090197356564034e-07
16,2434,608,26,0.85,work,2,5.551115123125783e-17,0.0,0.006520329511484757,0.016352792001419047,0.0272196913591744,0.04919939592657209,0.03342563189422065,0.06064483923378624,3.8497390260360235e-07,5.356133209351147e-07
16,2435,608,26,0.8583333333333333,work,3,5.551115123125783e-17,0.0,0.0032619568125917572,0.008184576846355797,0.027368260304884547,0.05092743906261591,0.030457999677639378,0.05642385258212893,3.4386734330889726e-07,6.129432857395176e-07
16,2436,608,26,0.8666666666666667,work,4,5.551115123125783e-17,0.0,1.4509206450603825e-08,7.300048299977715e-08,0.027474333087847344,0.05266751064234044,0.02747432009012988,0.05266754701440974,1.6230843755139867e-07,8.215933294350099e-07
16,2437,609,27,0.875,work,1,9.614813431917819e-17,0.0,0.00952128761244859,0.024785767519048384,0.02744892005058533,0.05428445365730757,0.036558093327555864,0.07253544465680756,2.3103977941595104e-07,6.391886052348407e-07
16,2438,609,27,0.8833333333333333,work,2,9.614813431917819e-17,0.0,0.006354305168742487,0.016544601125516544,0.027373351301081483,0.055988150575536064,0.03342421818667687,0.0677038782898449,1.871269778400277e-07,5.495276723678658e-07
16,2439,609,27,0.8916666666666666,work,3,9.614813431917819e-17,0.0,0.003180632042494623,0.008282842344148281,0.02725255972642767,0.05775116052991815,0.030264085601105665,0.06330919349896057,3.571150462964583e-07,8.002353657542254e-07
16,2440,609,27,0.9,work,4,9.614813431917819e-17,0.0,7.877081363372571e-09,8.429369702178807e-08,0.0271000306479558,0.059542461741398885,0.027100024136171578,0.059542482488154844,3.4878796161485826e-07,9.219472586070392e-07
16,2441,610,28,0.9083333333333333,work,1,1.8410966031475738e-16,0.0,0.009232590538434329,0.024057802246064314,0.02683730076940375,0.061033269183193385,0.0357144700469587,0.07801806527686564,3.3693877781344593e-07,6.899736465686728e-07
16,2442,610,28,0.9166666666666666,work,2,1.8410966031475738e-16,0.0,0.006166302796707102,0.016063189308478023,0.02655312461324466,0.06266868629286666,0.03245160181659544,0.07338397744480993,2.1279926858222415e-07,7.862392639084461e-07
16,2443,610,28,0.9249999999999999,work,3,1.8410966031475738e-16,0.0,0.0030889040945422104,0.00804422775654421,0.026258775637594295,0.06441977862860146,0.029195650527293022,0.06940424248012192,1.6062378245902288e-07,4.7590492435310335e-07
16,2444,610,28,0.9333333333333333,work,4,1.8410966031475738e-16,0.0,1.8994462083468688e-08,1.1542389828584842e-07,0.025972224886035167,0.06624879052297851,0.025972215541967537,0.0662487736494147,3.419072774163681e-07,6.350063011843742e-07
16,2445,611,29,0.9416666666666667,work,1,1.1443916996305594e-16,0.0,0.00880717750379383,0.022404825563028676,0.025546352427819476,0.0677443347951299,0.03402387146271235,0.08212098574502612,2.738417885059816e-07,5.755784486480961e-07
16,2446,611,29,0.95,work,2,1.1443916996305594e-16,0.0,0.005886148910786366,0.014959336848763716,0.025144910984011153,0.06943073292332917,0.030782093709042193,0.07828440240272928,8.581377621480484e-08,1.632340423778195e-07
16,2447,611,29,0.9583333333333334,work,3,1.1443916996305594e-16,0.0,0.0029505629327519762,0.007491561368324738,0.024777905996433418,0.07125945644343769,0.02758700744535701,0.07527172366042716,4.173551744410853e-07,6.426530674948667e-07
16,2448,611,29,0.9666666666666667,work,4,1.1443916996305594e-16,0.0,1.2797178264193744e-08,4.2146848510894035e-08,0.02445638135802219,0.07318924319749624,0.0244563704829688,0.07318923836816178,3.4064931225983987e-07,6.597025281542168e-07
16,2449,612,30,0.975,work,1,9.614813431917819e-17,0.0,0.008222225385684456,0.01964755251358668,0.023951277942246437,0.07466440134074097,0.0318477044610903,0.08511511057504045,3.6519489283858725e-07,9.410174729732925e-07
16,2450,612,30,0.9833333333333333,work,2,9.614813431917819e-17,0.0,0.005496545710247482,0.013116709686822783,0.023505160885828515,0.0763194448639561,0.028758137218187336,0.08253184711783672,2.0057932563049334e-07,4.042583693936634e-07
16,2451,612,30,0.9916666666666667,work,3,9.614813431917819e-17,0.0,0.002755918820524095,0.006567918009421635,0.02312863044533585,0.07809277177235437,0.02574750959612475,0.08080062671988879,3.8762346380934256e-07,8.845819282326669e-07
16,2452,612,30,1.0,work,4,9.614813431917819e-17,0.0,2.3634054098294626e-08,7.300048299977715e-08,0.022825677272211457,0.07992147644228337,0.022825699253208306,0.0799214141680689,3.092537969070374e-07,4.3597039098524516e-07
16,2453,613,31,1.0083333333333333,work,1,1.0007415106216802e-16,0.0,0.007480652840646904,0.016380694240736255,0.022332851995111334,0.08143104571454343,0.029525815170277817,0.08805969639826529,1.757303077186688e-07,5.380949403425408e-07
16,2454,613,31,1.0166666666666666,work,2,1.0007415106216802e-16,0.0,0.005000080382247302,0.010938082690538357,0.02192178625542249,0.08308605967399622,0.026705190936680275,0.08686639448890103,2.779126443315178e-07,8.128989754310816e-07
16,2455,613,31,1.025,work,3,1.0007415106216802e-16,0.0,0.0025066474488801087,0.005478288790210046,0.021599449211413727,0.08479495587833541,0.023983856303695594,0.08636800276662648,1.2273781908457532e-07,5.824810351637641e-07
16,2456,613,31,1.0333333333333332,work,4,1.0007415106216802e-16,0.0,2.8051221499177095e-08,9.424321830774485e-08,0.02136757421425773,0.08649655764331765,0.021367601132850446,0.08649658355954024,1.5469972259706294e-07,7.238958955699912e-07
16,2457,614,32,1.0416666666666667,work,1,2.2887833992611187e-16,0.0,0.006800669100204366,0.013078757975671838,0.02098806153760196,0.08760699888117153,0.027541187538179048,0.09013127410035397,2.1338045942962842e-07,7.372687385590703e-07
16,2458,614,32,1.05,work,2,2.2887833992611187e-16,0.0,0.004543113704874142,0.0087329682327043,0.020693420100085607,0.08883226421136405,0.02505107186077634,0.09005148559491852,8.536768873301455e-08,3.526258339345231e-07
16,2459,614,32,1.0583333333333333,work,3,2.2887833992611187e-16,0.0,0.0022762583449968225,0.0043736665791360724,0.020485069558425897,0.09008097206266895,0.022657771697247746,0.09046840031380009,2.1199381518888824e-07,5.314515382089335e-07
16,2460,614,32,1.0666666666666667,work,4,2.2887833992611187e-16,0.0,1.5741180611332295e-08,5.960464477539063e-08,0.02036155642911214,0.0913131842160324,0.020361551320017785,0.09131322251736516,2.7015014598537986e-07,6.300918612440247e-07
16,2461,615,33,1.075,work,1,1.1443916996305594e-16,0.0,0.006214419441316305,0.010549570497548419,0.020115183506582826,0.09197683848415271,0.026119920820916614,0.09119625729435103,2.7649041437168873e-07,5.247240323322731e-07
16,2462,615,33,1.0833333333333333,work,2,1.1443916996305594e-16,0.0,0.004148774325176317,0.007039120048661523,0.019938675994817703,0.09271672826436334,0.02393422995683413,0.09188964638060995,2.3784233230258042e-07,2.2302015940987725e-07
16,2463,615,33,1.0916666666666666,work,3,1.1443916996305594e-16,0.0,0.0020773404168360292,0.0035227431849818224,0.01983048172986674,0.09346852939401797,0.021824680558142705,0.09291123014975884,1.3850439280233295e-07,5.960464477539063e-08
16,2464,615,33,1.1,work,4,1.1443916996305594e-16,0.0,2.5786886316980165e-08,9.424321830774485e-08,0.019788951443258766,0.09420485778941393,0.019788976881157553,0.09420477873454015,1.9943384850395174e-07,4.2146848510894035e-08
16,2465,616,34,1.1083333333333334,work,1,1.6637146738769048e-15,0.0,0.005723623908208483,0.008722738089932113,0.0196467467422538,0.09453628673641525,0.025216400922081078,0.09157481836583284,2.875772015544024e-07,6.078504936209683e-07
16,2466,616,34,1.1166666666666667,work,2,1.6637146738769048e-15,0.0,0.0038183056540069403,0.005818138794202762,0.019558504035472407,0.09491563201859289,0.023268001193743313,0.09275959333630102,1.47961763736356e-07,4.182955279236503e-07
16,2467,616,34,1.125,work,3,1.6637146738769048e-15,0.0,0.0019104816301095066,0.00291072769226488,0.01952268363924565,0.09528830780907942,0.021376096949596798,0.09412689582150992,6.226056928694822e-08,3.4755181639464544e-07
16,2468,616,34,1.1333333333333333,work,4,1.6637146738769048e-15,0.0,1.0353782862606974e-08,5.960464477539063e-08,0.01953877018735416,0.09562960303355594,0.019538764235619142,0.09562954843933645,1.9001772973814419e-07,2.858538343496754e-07
16,2469,617,35,1.1416666666666666,work,1,7.2377686124476805e-16,0.0,0.005118314254296359,0.0063696477231399646,0.01940177781072914,0.09587843683206983,0.024414513336381005,0.09219852546178557,2.607056042519715e-07,6.841564347296388e-07
16,2470,617,35,1.15,work,2,7.2377686124476805e-16,0.0,0.0034124399026010123,0.004244225500782547,0.019306904041506645,0.09608646022967438,0.02264743089172403,0.09356074463807301,1.7425231662306055e-07,2.2696772533249593e-07
16,2471,617,35,1.1583333333333332,work,3,7.2377686124476805e-16,0.0,0.0017063613150236142,0.0021211061849092656,0.019257299303344827,0.09622771901709576,0.020927293716746457,0.09493280544671162,5.661981149546692e-08,3.674277068954101e-07
16,2472,617,35,1.1666666666666667,work,4,7.2377686124476805e-16,0.0,2.8669523709863073e-08,7.300048299977715e-08,0.019252732595991043,0.09629545624837743,0.019252760534373182,0.0962954336281752,1.7335274948236802e-07,4.0205531010723307e-07
16,2473,618,36,1.175,work,1,1.07411208800828e-14,0.0,0.004570137152896035,0.004002863675899918,0.019099691771779632,0.09641041272680308,0.023575881368628673,0.09310426657559209,2.3996045148612595e-07,2.920019319991088e-07
16,2474,618,36,1.1833333333333333,work,2,1.07411208800828e-14,0.0,0.003046052366119472,0.002661221554446013,0.01899389748435615,0.09638886741472272,0.021979096607491318,0.0941845387252681,1.713789343717295e-07,4.3597039098524516e-07
16,2475,618,36,1.1916666666666667,work,3,1.07411208800828e-14,0.0,0.0015226927355851923,0.0013270783018604806,0.018939939659212878,0.09621764319746155,0.02043314569088751,0.09511581566446667,2.3185817609075454e-07,3.976125736274229e-07
16,2476,618,36,1.2,work,4,1.07411208800828e-14,0.0,2.074180529399863e-08,1.032382731180714e-07,0.018936586875846793,0.09589429372932737,0.018936605804574257,0.0958941910079988,1.5608472792771604e-07,3.976125736274229e-07
16,2477,619,37,1.2083333333333333,work,1,3.767915229678734e-15,0.0,0.004167115352107237,0.003828968210979098,0.01883309328306369,0.09551928636736333,0.022912288450238117,0.09280422053876983,1.774785989346013e-07,4.380028979986637e-07
16,2478,619,37,1.2166666666666666,work,2,3.767915229678734e-15,0.0,0.002777166128262779,0.0025417794331268543,0.01877897643908373,0.0949487165881939,0.021500447019248754,0.09317841633677204,9.06985556014855e-08,2.346637211445515e-07
16,2479,619,37,1.225,work,3,3.767915229678734e-15,0.0,0.001388160107024169,0.0012655367477634814,0.018775850555614745,0.09418842048518737,0.02013739436174333,0.09332099427749174,2.3644352488611464e-07,4.869739603509973e-07
16,2480,619,37,1.2333333333333334,work,4,3.767915229678734e-15,0.0,1.7662694556637137e-08,4.2146848510894035e-08,0.018818629473292596,0.09324767483617857,0.018818644693007317,0.09324770240618258,1.47619157044797e-07,2.5809568279517867e-07
17,2481,620,1,0.008333333333333333,startup,1,6.206335383118183e-17,0.0,0.009223751635125264,0.029728887305258665,0.002814473813310043,0.008758473726290959,0.012026611481008732,0.03848681447724261,1.3132670879447833e-07,3.39798755973321e-07
17,2482,620,1,0.016666666666666666,startup,2,6.206335383118183e-17,0.0,0.006163815417096259,0.019805077259180816,0.005197002069113586,0.015904877249144585,0.011317609507485487,0.035694497080664196,1.4579874759114713e-07,3.71035921513699e-07
17,2483,620,1,0.025,startup,3,6.206335383118183e-17,0.0,0.0030891994179358673,0.009895615151756647,0.007142404930435911,0.021660568824233298,0.010171800333624668,0.031522519820608254,1.5901365148115164e-07,1.8371385344770487e-07
17,2484,620,1,0.03333333333333333,startup,4,6.206335383118183e-17,0.0,4.057590859173695e-08,1.3978528260658475e-07,0.008681657766839632,0.02631539397305373,0.008681652499768126,0.02631553065204128,1.4676373180676675e-07,6.925433897150939e-07
17,2485,621,2,0.041666666666666664,work,1,2.486410087150353e-16,0.0,0.005854462540225794,0.02071350812132748,0.008966170792962509,0.027213434851260182,0.014742246682549615,0.04790674702064657,7.967878141571989e-08,6.925433897150939e-07
17,2486,621,2,0.05,work,2,2.486410087150353e-16,0.0,0.0039049758222960062,0.013809332173261375,0.00931801879412851,0.028034396705294888,0.013105125511850916,0.04177524624243435,1.2630288441904257e-07,8.611788318634034e-07
17,2487,621,2,0.058333333333333334,work,3,2.486410087150353e-16,0.0,0.0019534948587288776,0.00690466177874627,0.009787046341198261,0.028983779206050254,0.011597596464229705,0.03574497772939697,8.106072500991248e-08,4.2357058535671e-07
17,2488,621,2,0.06666666666666667,work,4,2.486410087150353e-16,0.0,3.5599109870935216e-08,1.8848643661548975e-07,0.010358414021338608,0.030208970937246494,0.010358438089506355,0.03020880065749887,1.3490376891263518e-07,1.8848643661548975e-07
17,2489,622,3,0.075,work,1,5.551115123125783e-17,0.0,0.006085486354156479,0.022297567549542027,0.011270576106985172,0.032415065572227515,0.016935016002683784,0.053992006238282424,7.77878180094599e-08,3.9537248496477665e-07
17,2490,622,3,0.08333333333333333,work,2,5.551115123125783e-17,0.0,0.004055944535712275,0.014861119695516869,0.012220559165209388,0.03515711837794017,0.01579494384303151,0.04913431341622968,3.7212672822558835e-07,7.052516678690489e-07
17,2491,622,3,0.09166666666666666,work,3,5.551115123125783e-17,0.0,0.002027461842438315,0.007428475354817448,0.013118570584537238,0.038215474047073296,0.014789872152219887,0.044955335969379256,2.21143179831298e-07,3.526258339345231e-07
17,2492,622,3,0.1,work,4,5.551115123125783e-17,0.0,4.5923833127308706e-08,1.5769906706002898e-07,0.01390357663392647,0.04148253842593516,0.013903616744812745,0.04148264480299443,1.0435453871244341e-07,4.588009213906731e-07
17,2493,623,4,0.10833333333333334,work,1,8.355534721610419e-17,0.0,0.006042113978970761,0.025517166915479134,0.01463733098871234,0.04621495522193753,0.019741812619757507,0.07008948743821536,1.4460440592936254e-07,1.5196262340524156e-07
17,2494,623,4,0.11666666666666667,work,2,8.355534721610419e-17,0.0,0.004028737104291027,0.016998062968702213,0.015221824149226796,0.051442987875036206,0.018474577879607438,0.06717040315054715,1.5241464550306485e-07,3.2236140449023185e-07
17,2495,623,4,0.125,work,3,8.355534721610419e-17,0.0,0.0020146612005041277,0.008492411639159779,0.015555379970729883,0.056916822696546854,0.01711366255901028,0.06471484397627122,3.385205382753536e-07,5.144678503761327e-07
17,2496,623,4,0.13333333333333333,work,4,8.355534721610419e-17,0.0,3.9419429908068644e-08,9.424321830774485e-08,0.01525784508527928,0.06281889493842077,0.015257808980043247,0.06281885431254451,7.895977089567327e-08,4.85146659496419e-07
17,2497,624,5,0.14166666666666666,work,1,1.5446794515695955e-15,0.0,0.005831348430650265,0.029026031329230973,0.014897067864629892,0.06973828973069644,0.019791648462482114,0.09708777320744678,2.703520920495295e-07,8.460920790778694e-07
17,2498,624,5,0.15,work,2,1.5446794515695955e-15,0.0,0.0038890437088320204,0.01934015833125869,0.014560336918485763,0.07697968779527478,0.017778415511099828,0.09531446893192233,1.4897298598825337e-07,8.693904963621459e-07
17,2499,624,5,0.15833333333333333,work,3,1.5446794515695955e-15,0.0,0.0019452944179946293,0.009664657170140136,0.014193558222396544,0.08423421813307681,0.01577808222930024,0.0934372769996085,1.3909015386672732e-07,5.990192664337711e-07
17,2500,624,5,0.16666666666666666,work,4,1.5446794515695955e-15,0.0,4.7703920050657734e-08,1.1542389828584842e-07,0.013324069226263611,0.09123828039868279,0.013324110986643161,0.09123824682380288,9.835014733360996e-08,5.092623081992598e-07
17,2501,625,6,0.175,work,1,1.7109685898544713e-16,0.0,0.0057865766657689355,0.031237140280031064,0.012341246915888856,0.0989447247592969,0.017318568578477522,0.12792977068588768,3.112623662168699e-07,8.880892053694404e-07
17,2502,625,6,0.18333333333333332,work,2,1.7109685898544713e-16,0.0,0.0038594553734851954,0.020827279225309584,0.011714530610453223,0.10614629340434192,0.015072556433828037,0.12563139400691473,2.3506129705717542e-07,7.691078126766694e-07
17,2503,625,6,0.19166666666666665,work,3,1.7109685898544713e-16,0.0,0.0019306027283924755,0.010414932811690075,0.011348957543699766,0.11283913480545121,0.013024048758687908,0.12264581577967662,1.2112163171183199e-07,3.816559456248795e-07
17,2504,625,6,0.2,work,4,1.7109685898544713e-16,0.0,3.835434186763307e-09,1.5769906706002898e-07,0.01117457827308259,0.11902738802391301,0.011174574981667119,0.11902754820217913,2.2745902073525024e-07,7.1027131604034e-07
17,2505,626,7,0.20833333333333334,work,1,1.1464934308770758e-16,0.0,0.0053703423437734795,0.031238075420268428,0.010831450070812024,0.12414260626939265,0.01521439695388638,0.1529915307330276,1.9205436465592323e-07,6.854534149169956e-07
17,2506,626,7,0.21666666666666667,work,2,1.1464934308770758e-16,0.0,0.003581791484621352,0.02083602310639241,0.01044669181524464,0.12898982447532625,0.01333928783390996,0.1482775952974223,1.1198819027719369e-07,2.980232238769534e-07
17,2507,626,7,0.225,work,3,1.1464934308770758e-16,0.0,0.0017916730006879687,0.010423366682844082,0.009876590279324705,0.13348864746288866,0.011346019400452639,0.14313039120481913,2.3034026730340728e-07,6.322027276634131e-07
17,2508,626,7,0.23333333333333334,work,4,1.1464934308770758e-16,0.0,2.1558933799570045e-08,1.5196262340524156e-07,0.009224236880341337,0.13775209998655977,0.009224250783019201,0.13775224105963868,4.382259068042936e-07,1.3163723245476589e-06
17,2509,627,8,0.24166666666666667,work,1,2.6009284745375385e-16,0.0,0.005870501334981776,0.032098080218011256,0.008671678076011735,0.1410301528512178,0.013866066316081945,0.16883079502495452,3.1006086988798677e-07,8.09614521694554e-07
17,2510,627,8,0.25,work,2,2.6009284745375385e-16,0.0,0.003911133130738194,0.02139616694182803,0.008413826343275579,0.14408518769750034,0.012025421274707838,0.16272686019921453,4.2861305499114474e-07,1.1214546991722004e-06
17,2511,627,8,0.2583333333333333,work,3,2.6009284745375385e-16,0.0,0.0019542947082475987,0.01069672613338548,0.008352812330827864,0.14622995636018865,0.010213215954626036,0.15559970529937853,2.9374005749105526e-07,1.1162949085431268e-06
17,2512,627,8,0.26666666666666666,work,4,2.6009284745375385e-16,0.0,3.0954952480465694e-08,9.424321830774485e-08,0.00842168585906298,0.14748412556450088,0.008421687361368257,0.14748408794242132,2.780355587295502e-07,9.414892792064821e-07
17,2513,628,9,0.275,work,1,1.249000902703301e-16,0.0,0.005459174521085116,0.028289474349621573,0.0083325196472921,0.14634911447516127,0.01349197292686655,0.1706232319375187,1.5248306668252023e-07,7.354594873936853e-07
17,2514,628,9,0.2833333333333333,work,2,1.249000902703301e-16,0.0,0.003626389169834792,0.018821772789557985,0.00848732848634226,0.14454058449189905,0.012003622706805363,0.16075626179438152,1.8483645455597417e-07,6.433437211788593e-07
17,2515,628,9,0.2916666666666667,work,3,1.249000902703301e-16,0.0,0.0018068957471947535,0.00939200501764919,0.00883286546828323,0.1419597503962255,0.010603909186541718,0.15007352288415163,1.6695912709282075e-07,9.45255251357189e-07
17,2516,628,9,0.3,work,4,1.249000902703301e-16,0.0,3.1094141433423936e-08,7.300048299977715e-08,0.009253662842741773,0.1389403657248891,0.009253648688633643,0.13894035231571925,1.9921582084128396e-07,7.039911634336578e-07
17,2517,629,10,0.30833333333333335,work,1,1.0591761858187545e-16,0.0,0.0026676781892402846,0.029692494706854127,0.008880662877027703,0.13589347578408925,0.011410637873296806,0.1621953682510074,2.0283445903815592e-07,4.009492411337415e-07
17,2518,629,10,0.31666666666666665,work,2,1.0591761858187545e-16,0.0,0.001763735670654285,0.019780467151627495,0.008325716220205689,0.1342188935826681,0.009983152382140308,0.151872548463986,3.6271466377627385e-07,9.748594304201774e-07
17,2519,629,10,0.325,work,3,1.0591761858187545e-16,0.0,0.0008748713272141433,0.009882894851460785,0.007461132976851873,0.13149796431137303,0.008256676186422708,0.14041673408456964,4.1552270415938626e-07,9.90675100004365e-07
17,2520,629,10,0.3333333333333333,work,4,1.0591761858187545e-16,0.0,2.143607464212066e-08,8.429369702178807e-08,0.006810433098978139,0.1274630152256268,0.006810419432478041,0.12746297257937017,4.6593948846701214e-07,1.0358182905306197e-06
17,2521,630,11,0.3416666666666667,work,1,7.757919228897728e-17,0.0,0.00505870087848903,0.032239609136426775,0.006426795231858188,0.1244546099164348,0.009927648596159895,0.15472776952215256,2.708358782007841e-07,8.183437715617463e-07
17,2522,630,11,0.35,work,2,7.757919228897728e-17,0.0,0.0033753896167193894,0.021513310290876386,0.006257564850733154,0.12173758291159927,0.00870930646944414,0.1420087144572004,2.3502570125000165e-07,7.06509923406229e-07
17,2523,630,11,0.35833333333333334,work,3,7.757919228897728e-17,0.0,0.0016895754990458515,0.01076698813814405,0.006236152318087921,0.11883494953336768,0.007504292874824525,0.12901362195862523,4.287886108892268e-07,1.0612305292347111e-06
17,2524,630,11,0.36666666666666664,work,4,7.757919228897728e-17,0.0,3.848446894760592e-08,9.424321830774485e-08,0.006364012513795172,0.11578045355109112,0.006363976778699799,0.11578041949215903,3.807835389411519e-07,7.811392797280097e-07
17,2525,631,12,0.375,work,1,2.7013248538983232e-15,0.0,0.0057710062929943575,0.03384463448860658,0.006852919228780407,0.11295892904770975,0.012068486162706333,0.14525500744927397,2.836436804553355e-07,6.265579474457718e-07
17,2526,631,12,0.3833333333333333,work,2,2.7013248538983232e-15,0.0,0.003853429162248561,0.022596687165337432,0.00732698375645488,0.11034444965242163,0.010818903471762936,0.13196447232884126,3.6669112856147286e-07,9.320077759690303e-07
17,2527,631,12,0.39166666666666666,work,3,2.7013248538983232e-15,0.0,0.0019302069689198108,0.011315221800184887,0.00773821961608919,0.10749034211385698,0.009485272893344695,0.11834597515978834,3.5388129948525484e-07,8.534086384341992e-07
17,2528,631,12,0.4,work,4,2.7013248538983232e-15,0.0,6.146260900597495e-08,1.6858739404357617e-07,0.008159867041739072,0.10435932889013196,0.008159813323646566,0.10435932422940798,1.3671626011378724e-07,4.298152059869762e-07
17,2529,632,13,0.4083333333333333,work,1,2.8066088919804617e-16,0.0,0.006623692389583104,0.035602034787013265,0.008965352370169322,0.101651280745678,0.015409333220871478,0.13633470330892747,3.459345113331845e-07,7.644745909202539e-07
17,2530,632,13,0.4166666666666667,work,2,2.8066088919804617e-16,0.0,0.0044199528730640945,0.023776923772188083,0.00971111074823268,0.0991466157850347,0.013991899469846844,0.1223642309007313,2.529895948505199e-07,7.077659420393693e-07
17,2531,632,13,0.425,work,3,2.8066088919804617e-16,0.0,0.002212594960477844,0.01190976065055608,0.010393246695632088,0.09658835012816189,0.012523524800144178,0.10823756670388739,1.6720749321829737e-07,7.952251472548497e-07
17,2532,632,13,0.43333333333333335,work,4,2.8066088919804617e-16,0.0,3.829251139767467e-08,5.960464477539063e-08,0.011027028488742041,0.09394054510094912,0.01102699448707928,0.09394053263269042,2.100364103475017e-07,6.848052318737575e-07
17,2533,633,14,0.44166666666666665,work,1,4.3885418357208765e-17,2.9802322387695312e-08,0.005374636847154536,0.04106239928649242,0.011095546182301047,0.09271622717324148,0.01607916080965457,0.1326131552059458,1.7051369349095836e-07,7.251217997429673e-07
17,2534,633,14,0.45,work,2,4.3885418357208765e-17,2.9802322387695312e-08,0.0036041172404338343,0.027416324134337422,0.011140859929137782,0.09187280888359452,0.01453044175499897,0.1187903338670707,2.09033341698328e-07,7.195887844353736e-07
17,2535,633,14,0.4583333333333333,work,3,4.3885418357208765e-17,2.9802322387695312e-08,0.0018132281887138127,0.013728853962470257,0.011141643129038004,0.09134256903720259,0.012875188539291066,0.10493625430271208,1.9333866121955806e-07,1.8848643661548975e-07
17,2536,633,14,0.4666666666666667,work,4,4.3885418357208765e-17,2.9802322387695312e-08,5.3771921558515186e-08,1.954268969387413e-07,0.011263954307475085,0.09095371386312871,0.011263995360472094,0.09095353833044369,1.9850011731962808e-07,4.318766816314896e-07
17,2537,634,15,0.475,work,1,2.0206364052201326e-16,0.0,0.008899714029597015,0.045617543088615896,0.011255014548740908,0.09306531642561837,0.018283508411184604,0.1383262397770077,3.61821902719374e-07,7.31220492505155e-07
17,2538,634,15,0.48333333333333334,work,2,2.0206364052201326e-16,0.0,0.00595857500359539,0.030438697127185006,0.01190188948054338,0.09685953193388491,0.01712514146940347,0.1271903289971154,2.0119086701259108e-07,6.47472172451035e-07
17,2539,634,15,0.49166666666666664,work,3,2.0206364052201326e-16,0.0,0.002991972864738619,0.015232780013482302,0.01296925350037554,0.10184575001463128,0.01577808985121023,0.11700628264669485,3.4096329281182045e-07,8.237525797537179e-07
17,2540,634,15,0.5,work,4,2.0206364052201326e-16,0.0,1.6013918546072116e-08,1.3328003749250115e-07,0.01426838415060596,0.10777532034256902,0.014268380665688663,0.10777533293140172,3.0499248588494397e-07,8.397700073483869e-07
17,2541,635,16,0.5083333333333333,work,1,3.3219841332160006e-16,0.0,0.014873188138428597,0.04283565710616342,0.017260277268180642,0.1140312265552242,0.03172163845063904,0.15642426994092815,1.6775340004034055e-07,3.99840112477504e-07
17,2542,635,16,0.5166666666666666,work,2,3.3219841332160006e-16,0.0,0.009894270515590239,0.028544037054553367,0.020884064656651997,0.12210596512190688,0.030727787821968958,0.1502996013418505,2.802241702855899e-07,5.638864019043613e-07
17,2543,635,16,0.525,work,3,3.3219841332160006e-16,0.0,0.004936441892104698,0.014265596175284018,0.024696662179249228,0.13075612304820083,0.02962569397748152,0.14478428374821975,1.6949705093578005e-07,8.760057959973327e-07
17,2544,635,16,0.5333333333333333,work,4,3.3219841332160006e-16,0.0,4.531885320447289e-09,0.0,0.028585495248704004,0.14040522166447147,0.028585496175392595,0.1404052151426335,3.9592689220009785e-07,6.542950391799285e-07
17,2545,636,17,0.5416666666666666,work,1,1.1102230246251565e-16,4.2146848510894035e-08,0.015650577866047982,0.02823348297215401,0.03291848939658284,0.14551416161576172,0.04849565517036798,0.17189598631844358,9.342630987407002e-08,4.539354506649926e-07
17,2546,636,17,0.55,work,2,1.1102230246251565e-16,4.2146848510894035e-08,0.010400333257746124,0.018824260458296615,0.03709239681672129,0.15078515007519416,0.04733390144248795,0.16841945063401664,1.1666219101990643e-07,5.551557543932562e-07
17,2547,636,17,0.5583333333333333,work,3,1.1102230246251565e-16,4.2146848510894035e-08,0.005183352454995446,0.009413133233885628,0.04081955255833538,0.15534075233120961,0.045848442012155904,0.16416986380595405,2.169203262015869e-07,5.21327724591969e-07
17,2548,636,17,0.5666666666666667,work,4,1.1102230246251565e-16,4.2146848510894035e-08,7.070001646302309e-09,2.9802322387695312e-08,0.04391578101835056,0.15864758922810043,0.04391577840679829,0.15864758418951305,6.060224725257134e-08,4.400260168383548e-07
17,2549,637,18,0.575,work,1,1.1631705747361534e-16,4.2146848510894035e-08,0.013903136327852353,0.02053734881679033,0.04587609612086786,0.15528403171155694,0.05906157297582033,0.16667309522240045,2.4272911942539253e-07,4.693274422891038e-07
17,2550,637,18,0.5833333333333334,work,2,1.1631705747361534e-16,4.2146848510894035e-08,0.009241078523631012,0.013707563659123054,0.047101901831025965,0.1507623096610139,0.05575130633286474,0.1585752612521245,1.5303887469333722e-07,4.5783196376971154e-07
17,2551,637,18,0.5916666666666667,work,3,1.1631705747361534e-16,4.2146848510894035e-08,0.004606513707423953,0.0068617683528168424,0.04760950617452033,0.14504818844431164,0.05186723351221126,0.14904770745381998,2.287367611466964e-07,5.479090306416241e-07
17,2552,637,18,0.6,work,4,1.1631705747361534e-16,4.2146848510894035e-08,4.2227554868017185e-08,1.3978528260658475e-07,0.04744444523221003,0.1382097242957115,0.047444411436242666,0.13820959267074942,2.6688769084392356e-07,4.2670431921709716e-07
17,2553,638,19,0.6083333333333333,work,1,1.789373782233265e-16,2.9802322387695312e-08,0.012206619110758545,0.021345188477734332,0.046421602775813454,0.12710958417356874,0.058026839350862974,0.13131803659090058,2.0175220603994385e-07,5.364418029785172e-07
17,2554,638,19,0.6166666666666667,work,2,1.789373782233265e-16,2.9802322387695312e-08,0.008130778210746394,0.014191134936289235,0.04494223710102332,0.11554570677622264,0.05262836306014824,0.1187614432331513,2.9265484731418927e-07,7.644745909202539e-07
17,2555,638,19,0.625,work,3,1.789373782233265e-16,2.9802322387695312e-08,0.004061720655896002,0.007076389690812383,0.04308615064398104,0.10379275439141684,0.04690513727999548,0.1056247665933538,2.7791041222313743e-07,7.001960351747746e-07
17,2556,638,19,0.6333333333333333,work,4,1.789373782233265e-16,2.9802322387695312e-08,3.0042980839035533e-08,6.664001874625056e-08,0.040944635845789855,0.09216680840068603,0.040944659845115576,0.0921668180082076,1.5144848271014326e-07,5.479090306416241e-07
17,2557,639,20,0.6416666666666666,work,1,1.1123893155135927e-16,2.9802322387695312e-08,0.009813040398407288,0.022081739071653617,0.037952816694924035,0.07942964881972861,0.04737023502459102,0.08538618161392518,1.3338383848035042e-07,3.153981341200582e-07
17,2558,639,20,0.65,work,2,1.1123893155135927e-16,2.9802322387695312e-08,0.006549526230150023,0.014615557930267505,0.034937887609616365,0.06770039921951887,0.041224131796668326,0.07285265138607587,8.994826691601881e-08,3.3717478808715265e-07
17,2559,639,20,0.6583333333333333,work,3,1.1123893155135927e-16,2.9802322387695312e-08,0.003278434400678714,0.007255175250687826,0.03198536968560238,0.05763265337986243,0.03513157041516817,0.060935963800981145,9.894197189339355e-08,2.7476383618393225e-07
17,2560,639,20,0.6666666666666666,work,4,1.1123893155135927e-16,2.9802322387695312e-08,3.398900094127387e-08,1.032382731180714e-07,0.029168339746904668,0.04996190070257169,0.02916831134533328,0.04996187192800452,7.27117644803219e-08,1.7881393432617193e-07
17,2561,640,21,0.675,work,1,7.483769982753249e-15,0.0,0.008325154129252525,0.022446616833336736,0.026103653931714,0.046072941011111805,0.03428603351918749,0.06530770651233386,7.697020475632885e-08,7.952251472548497e-07
17,2562,640,21,0.6833333333333333,work,2,7.483769982753249e-15,0.0,0.005557233674916195,0.014822775793235592,0.02331827766834264,0.04501859792265454,0.028786996203790483,0.058718557721509745,3.99159141157905e-08,5.364418029785172e-07
17,2563,640,21,0.6916666666666667,work,3,7.483769982753249e-15,0.0,0.002782114750905904,0.007340709355088094,0.02085312276826878,0.046465083741071826,0.023592099328727228,0.05352630843746157,2.679742726564857e-07,1.2915103840840356e-06
17,2564,640,21,0.7,work,4,7.483769982753249e-15,0.0,1.1533798418003701e-08,0.0,0.018732746596257746,0.04963511154652023,0.018732735744372384,0.04963513476872194,1.3228766582685445e-07,7.24509106942611e-07
17,2565,641,22,0.7083333333333334,work,1,1.5011122659325205e-16,2.9802322387695312e-08,0.008632951666417851,0.015422739237711824,0.01704508877015436,0.051584204960550405,0.02558807393903166,0.06536838062746625,8.208731103508965e-08,4.509909734255549e-07
17,2566,641,22,0.7166666666666667,work,2,1.5011122659325205e-16,2.9802322387695312e-08,0.00575894149436778,0.010118572158052869,0.015704617425223055,0.053689710482678225,0.021401662076015713,0.06232649166982908,1.0764868382309569e-07,4.6169559314339464e-07
17,2567,641,22,0.725,work,3,1.5011122659325205e-16,2.9802322387695312e-08,0.002881162336786906,0.004977548233586778,0.014693180765487215,0.055758483694672976,0.01753842519348605,0.05981597701977818,1.4982464721554632e-07,7.598131170262121e-07
17,2568,641,22,0.7333333333333333,work,4,1.5011122659325205e-16,2.9802322387695312e-08,5.3124804724743146e-08,1.1920928955078128e-07,0.013981488146324656,0.05765591149291883,0.013981535364401,0.05765585742829067,1.1558757304045535e-07,5.040030039932671e-07
17,2569,642,23,0.7416666666666667,work,1,1.1295700899707568e-16,0.0,0.007996962732361747,0.011309856273086635,0.01332936665830559,0.05792466629774114,0.021251305608096762,0.06465401231745513,1.0214344579876712e-07,5.21327724591969e-07
17,2570,642,23,0.75,work,2,1.1295700899707568e-16,0.0,0.0053335325622878476,0.007415065995692195,0.012917798718400495,0.05806891204665346,0.018184829858697658,0.062257321120855136,1.235187845624732e-07,4.897021271334596e-07
17,2571,642,23,0.7583333333333333,work,3,1.1295700899707568e-16,0.0,0.002667867452065019,0.0036450717407152233,0.01271630352503617,0.05807587990750728,0.015340686205207833,0.060043841353610926,2.229380166973164e-07,7.108962799237147e-07
17,2572,642,23,0.7666666666666666,work,4,1.1295700899707568e-16,0.0,3.692369263597127e-08,1.032382731180714e-07,0.012694408136717886,0.057950875559889294,0.012694440429444575,0.05795082076295239,2.0955888944392658e-07,8.86086746890463e-07
17,2573,643,24,0.775,work,1,1.1443916996305594e-16,0.0,0.008277958117839221,0.01334852105002901,0.01290820462728915,0.05950386289683563,0.021048176667275924,0.07051342708429391,7.44845813319931e-08,6.763223241514129e-07
17,2574,643,24,0.7833333333333333,work,2,1.1443916996305594e-16,0.0,0.005520552315212295,0.00871673580722651,0.01323191148721594,0.06084845290702092,0.018647689850619435,0.06804018636286369,3.085441263885457e-08,2.698715072315163e-07
17,2575,643,24,0.7916666666666666,work,3,1.1443916996305594e-16,0.0,0.0027611998170481208,0.0042672834946550706,0.013628673415218347,0.062037035835075284,0.016330342450071863,0.06556216829192782,1.1531032607808504e-07,7.817075877549698e-07
17,2576,643,24,0.8,work,4,1.1443916996305594e-16,0.0,5.895523049964683e-09,1.5769906706002898e-07,0.014063676186782002,0.0631239970893303,0.014063675068727204,0.06312392335276001,3.0516628757999846e-07,6.822063411628993e-07
17,2577,644,25,0.8083333333333333,work,1,1.2719202621569003e-16,0.0,0.00878312030158846,0.0182559846917385,0.014692918424239235,0.06688695379342417,0.023349806039470997,0.08476511655200696,2.2616096275748714e-07,7.633118912497625e-07
17,2578,644,25,0.8166666666666667,work,2,1.2719202621569003e-16,0.0,0.00585945544635449,0.011949795147158509,0.015281985621277423,0.07039982934118205,0.02104314396247415,0.08213596533289068,2.1024741373497597e-07,5.794233708150282e-07
17,2579,644,25,0.825,work,3,1.2719202621569003e-16,0.0,0.002931736398805747,0.005865818391270718,0.015797292971214356,0.07373243776951756,0.018672249640008534,0.07950339401213052,2.2901888648637098e-07,4.805480091749769e-07
17,2580,644,25,0.8333333333333334,work,4,1.2719202621569003e-16,0.0,5.220059605899931e-08,1.3978528260658475e-07,0.01621911614456523,0.0769224550948828,0.016219068899277878,0.07692254241709029,1.74125393761861e-07,7.714139882054844e-07
17,2581,645,26,0.8416666666666667,work,1,1.1527756336890508e-16,0.0,0.009058585058011165,0.02117325225933983,0.016621241499829048,0.0816885557264176,0.025531956819093055,0.10283505661281554,2.049117479735938e-07,8.678567277527542e-07
17,2582,645,26,0.85,work,2,1.1527756336890508e-16,0.0,0.006048651322228438,0.013948572468024242,0.016910950724521104,0.08611878866090919,0.022850993067040908,0.10004112509174493,1.3916822265320587e-07,6.391886052348407e-07
17,2583,645,26,0.8583333333333333,work,3,1.1527756336890508e-16,0.0,0.003029086074812113,0.0068927654404990725,0.017087831758403567,0.0902782008825401,0.0200577880428203,0.09715193204787928,2.1373343727237358e-07,6.576799300525787e-07
17,2584,645,26,0.8666666666666667,work,4,1.1527756336890508e-16,0.0,9.798238707301725e-09,0.0,0.01718178928380117,0.09380748283871437,0.017181780397645126,0.0938074906519923,9.88345119999533e-08,3.976125736274229e-07
17,2585,646,27,0.875,work,1,2.3055512673781017e-16,0.0,0.009135844902502398,0.027030793650589097,0.017187556593880098,0.09874564340286957,0.026136365514104032,0.1246331871499278,1.3552446154200259e-07,6.873942968053134e-07
17,2586,646,27,0.8833333333333333,work,2,2.3055512673781017e-16,0.0,0.006113162826619321,0.01795789054016346,0.01709052977223282,0.1034557973606414,0.023082422212920225,0.12071246081170615,2.3045872306673353e-07,1.1182822608526924e-06
17,2587,646,27,0.8916666666666666,work,3,2.3055512673781017e-16,0.0,0.0030679040908590627,0.00894784489167041,0.0168997879806036,0.10783866322412616,0.019909450021036567,0.11646432382920294,1.0121591353693486e-07,7.633118912497625e-07
17,2588,646,27,0.9,work,4,2.3055512673781017e-16,0.0,5.747527603648737e-08,1.1920928955078128e-07,0.016628877883219092,0.11192845903383244,0.016628825483389842,0.11192851238305007,1.558179664761216e-07,8.205115734300793e-07
17,2589,647,28,0.9083333333333333,work,1,2.0206364052201326e-16,0.0,0.009303888032787326,0.026480477490267034,0.016378091074310007,0.11700317184461312,0.025668850881485586,0.14338896314034555,1.7304790223362894e-07,8.418826396361374e-07
17,2590,647,28,0.9166666666666666,work,2,2.0206364052201326e-16,0.0,0.006205183314323406,0.017415006119257167,0.016048725751066327,0.12214697834642689,0.022237692697283765,0.13950157930311463,2.477228926720125e-07,1.4035596655984947e-06
17,2591,647,28,0.9249999999999999,work,3,2.0206364052201326e-16,0.0,0.0031050635309425013,0.008598553182826773,0.01565190766432697,0.12739150773036412,0.018745860915152384,0.13595387066006245,2.172145919047316e-07,1.0545138128372632e-06
17,2592,647,28,0.9333333333333333,work,4,2.0206364052201326e-16,0.0,1.3734216732724915e-08,0.0,0.015210238515750136,0.1327410518739537,0.015210225218665848,0.13274107918368122,9.691255408087052e-08,2.528810910653644e-07
17,2593,648,29,0.9416666666666667,work,1,2.3055512673781017e-16,0.0,0.00866308584000583,0.022745626874434814,0.014676071213689607,0.14002603560815644,0.023268063932054217,0.16269953466303338,2.2639477368886903e-07,8.280541890531721e-07
17,2594,648,29,0.95,work,2,2.3055512673781017e-16,0.0,0.00578526885700379,0.01485430990445756,0.014152495204461787,0.14911538360857315,0.019880140778767697,0.16377959112652749,2.3689335409509408e-07,1.0494480646645553e-06
17,2595,648,29,0.9583333333333334,work,3,2.3055512673781017e-16,0.0,0.002913090221464911,0.007383074214296055,0.013694426112448959,0.16001668695756552,0.016579930015710235,0.16713553707660558,1.9664321495618855e-07,1.0452078531235683e-06
17,2596,648,29,0.9666666666666667,work,4,2.3055512673781017e-16,0.0,5.824187741445817e-08,1.7377590819732256e-07,0.013393545061747536,0.17277079840200685,0.0133934938702132,0.17277076567426053,3.04473356681138e-07,1.0699822348962103e-06
17,2597,649,30,0.975,work,1,1.1102230246251565e-16,0.0,0.007847216954529385,0.018051505874000957,0.013330048139942095,0.19825149244115967,0.02109442760094296,0.21477244580476076,2.2373516842338175e-07,8.890887433395637e-07
17,2598,649,30,0.9833333333333333,work,2,1.1102230246251565e-16,0.0,0.0056271573775206075,0.01360826164932623,0.013772487088604717,0.23721064722877197,0.0193208805430329,0.24724292103328216,2.3484788860013473e-07,9.807635946216882e-07
17,2599,649,30,0.9916666666666667,work,3,1.1102230246251565e-16,0.0,0.0031175838296395135,0.008139369087107867,0.014541446308988409,0.2746546447403459,0.01762866068516345,0.27932150257414795,1.1318329027100058e-07,9.348623240803638e-07
17,2600,649,30,1.0,work,4,1.1102230246251565e-16,0.0,1.0224892294481332e-08,7.884953353001448e-08,0.015889885627847326,0.3051494044758572,0.015889891858966644,0.3051494744027917,8.338105038212669e-08,6.637292340791282e-07
17,2601,650,31,1.0083333333333333,work,1,2.118352371637509e-16,0.0,0.005989610403142695,0.015770349741043545,0.016131579970188995,0.32598837092574645,0.02183967568794481,0.33682540189217763,4.9013886836514996e-08,6.300918612440247e-07
17,2602,650,31,1.0166666666666666,work,2,2.118352371637509e-16,0.0,0.0039027675113008395,0.013211638367453723,0.016003762577538227,0.3407254508532981,0.019769325129580278,0.34873928516408303,1.5779219749613643e-07,9.156639275394291e-07
17,2603,650,31,1.025,work,3,2.118352371637509e-16,0.0,0.0020016536223477622,0.008076369066968538,0.01578410781442025,0.3490046962027958,0.017732399471039013,0.3534408640227004,1.8651706723835788e-07,6.9125971226354e-07
17,2604,650,31,1.0333333333333332,work,4,2.118352371637509e-16,0.0,3.819044020707581e-08,3.9537248496477665e-07,0.01581155200081317,0.35153768581299766,0.01581156876697371,0.35153802543652934,3.2136581585793546e-07,8.795472719296113e-07
17,2605,651,32,1.0416666666666667,work,1,8.604228440844963e-16,0.0,0.005419256669889208,0.012707849542173823,0.015209926830830701,0.351418249617679,0.019665433169054766,0.3599502971261834,3.0010990374599285e-07,1.1379649097941542e-06
17,2606,651,32,1.05,work,2,8.604228440844963e-16,0.0,0.0035862272733762877,0.009521875147296143,0.014683391060117498,0.3515876763894663,0.017604010460415872,0.35768593182673086,1.0503091303944847e-07,7.55122867782116e-07
17,2607,651,32,1.0583333333333333,work,3,8.604228440844963e-16,0.0,0.001797304632092135,0.005322906858636289,0.014306731898393956,0.3521963483840853,0.01574701461940356,0.3554560792574894,1.4333526927684674e-07,8.64781029733838e-07
17,2608,651,32,1.0666666666666667,work,4,8.604228440844963e-16,0.0,2.8640507479277255e-08,2.7314279645418187e-07,0.01413977216955734,0.3533122795230394,0.014139765953860213,0.35331204986067627,1.545021575190659e-07,7.083931162360177e-07
17,2609,652,33,1.075,work,1,1.475033239684537e-15,0.0,0.005345374969480504,0.011492542620267148,0.013467181733980918,0.3540805039928838,0.016835271431783535,0.3636291738707492,1.1827291377274709e-07,1.1103115087865233e-06
17,2610,652,33,1.0833333333333333,work,2,1.475033239684537e-15,0.0,0.0035505029083781597,0.008084041992886303,0.01295396266726389,0.3556794849395677,0.015115585690554408,0.3622483414905908,1.5252026677782313e-07,9.95593851118698e-07
17,2611,652,33,1.0916666666666666,work,3,1.475033239684537e-15,0.0,0.0017735673846984187,0.004274569197653122,0.012626322069063372,0.3584539366709571,0.013655892740953185,0.3618394890449764,2.376183155187625e-07,9.893293781696559e-07
17,2612,652,33,1.1,work,4,1.475033239684537e-15,0.0,2.3021083892656175e-08,7.300048299977715e-08,0.012498770253627774,0.3627588674700191,0.01249876805688643,0.3627588473520528,2.2947028034475838e-07,8.81060689633763e-07
17,2613,653,34,1.1083333333333334,work,1,1.3092278833360675e-16,4.2146848510894035e-08,0.005412230872551531,0.010078059866664343,0.012211636006780924,0.3686726121512014,0.015295643414678817,0.3778868089730189,2.4102761572081515e-07,8.915826858074496e-07
17,2614,653,34,1.1166666666666667,work,2,1.3092278833360675e-16,4.2146848510894035e-08,0.0036033215052340504,0.006901531217224505,0.01207965581845727,0.3766968683554157,0.014030251113638386,0.38292546361154034,2.242250027133404e-07,3.976125736274229e-07
17,2615,653,34,1.125,work,3,1.3092278833360675e-16,4.2146848510894035e-08,0.0018006151757097991,0.0035514277478476738,0.01209559556561185,0.386801589757957,0.013008601545334479,0.3899561799049422,5.650342712621242e-08,7.574716226541347e-07
17,2616,653,34,1.1333333333333333,work,4,1.3092278833360675e-16,4.2146848510894035e-08,4.0414772971873714e-08,9.424321830774485e-08,0.012247491034491256,0.3988516728033849,0.012247497519983998,0.3988516643348255,9.584888241486861e-08,7.115206948705545e-07
17,2617,654,35,1.1416666666666666,work,1,1.6243534171511178e-16,0.0,0.00487603736837918,0.007194058400146719,0.012256532683339092,0.4119434137632249,0.014924578675627737,0.4184121121050115,1.9622177574247642e-07,9.96485560971538e-07
17,2618,654,35,1.15,work,2,1.6243534171511178e-16,0.0,0.0032508189543033563,0.004923252993117758,0.012344312937876491,0.427115330296366,0.014015539487234085,0.43145645519477377,2.5089940016222766e-07,1.0905369796474108e-06
17,2619,654,35,1.1583333333333332,work,3,1.6243534171511178e-16,0.0,0.0016259830188058329,0.002528046414594449,0.012499518855528689,0.44425119873509317,0.013282089385698694,0.44643345876936436,1.1640255270170593e-07,4.2357058535671e-07
17,2620,654,35,1.1666666666666667,work,4,1.6243534171511178e-16,0.0,3.0413423347323274e-08,2.1900144899933154e-07,0.012707435550605203,0.463256881789862,0.012707444245994702,0.46325666323157966,1.868630071886196e-07,8.387116956395144e-07
17,2621,655,36,1.175,work,1,2.7894008272968645e-16,0.0,0.004083054982322076,0.003931779296397324,0.012765439382180468,0.4827064891446309,0.015007563225566326,0.4845601212819736,1.0230055800478629e-07,4.0205531010723307e-07
17,2622,655,36,1.1833333333333333,work,2,2.7894008272968645e-16,0.0,0.0027233572329673082,0.0027069474230647463,0.012822168741519252,0.504146163371354,0.014267672272942044,0.5053886968883857,1.1064331453911333e-07,4.6169559314339464e-07
17,2623,655,36,1.1916666666666667,work,3,2.7894008272968645e-16,0.0,0.001362441688624844,0.0013966198492224324,0.012867782429504015,0.5275036887328631,0.01357671470696716,0.5281267417248728,1.0215383986260807e-07,5.280984981855572e-07
17,2624,655,36,1.2,work,4,2.7894008272968645e-16,0.0,1.2514990536264071e-08,1.8848643661548975e-07,0.012897537877697965,0.5527079439777942,0.012897534346652124,0.55270812062117,2.1861391038181672e-07,7.06509923406229e-07
17,2625,656,37,1.2083333333333333,work,1,1.1188630228279524e-16,0.0,0.003158309421883224,0.005922169145466525,0.012709299174309765,0.5781434189447683,0.014632629570093598,0.5750580853275354,2.1783578911053046e-07,1.632340423778195e-07
17,2626,656,37,1.2166666666666666,work,2,1.1188630228279524e-16,0.0,0.002106935662287175,0.003965394472352122,0.012490972708945797,0.605193101924444,0.013808376090642272,0.6031468278671845,2.240879304668811e-07,3.2917740992269735e-07
17,2627,656,37,1.225,work,3,1.1188630228279524e-16,0.0,0.001054139026226797,0.001991500776493651,0.012376827058649932,0.628542158341605,0.013063245187422638,0.62752390403983,1.8957152842155277e-07,7.691078126766694e-07
17,2628,656,37,1.2333333333333334,work,4,1.1188630228279524e-16,0.0,2.689619513497211e-08,3.097148193542145e-07,0.012395385224553884,0.6460233365751687,0.012395375391078317,0.6460236429102162,1.0483640780976836e-07,4.6169559314339464e-07
18,2629,657,1,0.008333333333333333,startup,1,6.206335383118183e-17,0.0,0.009200630537164993,0.02966031872154318,0.002779934446086253,0.008705167734396382,0.011969666236406778,0.038360502311734664,2.896251472934044e-07,5.591411304263407e-07
18,2630,657,1,0.016666666666666666,startup,2,6.206335383118183e-17,0.0,0.006132972926393012,0.01971328552922914,0.0050895139178229855,0.015896741912328337,0.011170300702120618,0.03560084069117371,2.147331654993469e-07,6.151130032703392e-07
18,2631,657,1,0.025,startup,3,6.206335383118183e-17,0.0,0.003066049410072134,0.009826358756466064,0.007003286840763693,0.021838339499055982,0.009983961823625107,0.03164737566526893,3.0015495262826436e-07,7.685301875011745e-07
18,2632,657,1,0.03333333333333333,startup,4,6.206335383118183e-17,0.0,2.0276846160439314e-08,0.0,0.008593749264071934,0.02681869751890246,0.008593743461063398,0.02681870352505909,1.638548475180297e-07,3.816559456248795e-07
18,2633,658,2,0.041666666666666664,work,1,5.551115123125783e-17,0.0,0.0058282010897531215,0.020644052676737187,0.009186023212989884,0.0282555700736049,0.014872417296988637,0.04854280066272209,2.4721661130422566e-08,3.9537248496477665e-07
18,2634,658,2,0.05,work,2,5.551115123125783e-17,0.0,0.0038832040049819397,0.013731915326917643,0.009995885499539748,0.02958000291723422,0.013617112480501244,0.04302121277586144,2.209552217726251e-07,6.873942968053134e-07
18,2635,658,2,0.058333333333333334,work,3,5.551115123125783e-17,0.0,0.0019404532798276406,0.006850413127541486,0.011027005251904864,0.030961716951262784,0.012684913945245154,0.03758130648997707,3.357489454925119e-07,7.127678837240613e-07
18,2636,658,2,0.06666666666666667,work,4,5.551115123125783e-17,0.0,1.51754268905337e-08,9.884312124119402e-08,0.012216185728085045,0.032552259110750895,0.012216176031964156,0.03255225820880187,1.4567910747942685e-07,4.318766816314896e-07
18,2637,659,3,0.075,work,1,1.8619006149354548e-16,0.0,0.006042800268711066,0.022151964018825753,0.013783032833700302,0.034933708258513274,0.018946138016891358,0.05605186985337109,2.8178953040577344e-07,3.9311963195422116e-07
18,2638,659,3,0.08333333333333333,work,2,1.8619006149354548e-16,0.0,0.004027191894652604,0.014729399787187002,0.015368796226533464,0.037653629522768614,0.018532363485531632,0.05141253584601294,2.8964627980993746e-07,4.3597039098524516e-07
18,2639,659,3,0.09166666666666666,work,3,1.8619006149354548e-16,0.0,0.0020129266965306534,0.007345566213177756,0.01687601002630372,0.04067440724006604,0.01831573280941527,0.04736239530254411,2.658333384867132e-07,5.057621821307297e-07
18,2640,659,3,0.1,work,4,1.8619006149354548e-16,0.0,1.4869853210441668e-08,8.429369702178807e-08,0.018238257192875522,0.04396265727374747,0.01823824385051348,0.04396261542318665,3.170359120619677e-07,7.667947012346199e-07
18,2641,660,4,0.10833333333333334,work,1,1.1775693440128312e-16,0.0,0.005991061111361234,0.02507882469197423,0.019364422634542123,0.04745299666208664,0.023825780154967512,0.06873018636834452,4.4196138457706773e-07,1.0176522182800805e-06
18,2642,660,4,0.11666666666666667,work,2,1.1775693440128312e-16,0.0,0.003996431194492017,0.016684377815012124,0.01972494684116004,0.05204237152942318,0.02267097574214829,0.066263707787036,3.1858752610039206e-07,9.049312144928637e-07
18,2643,660,4,0.125,work,3,1.1775693440128312e-16,0.0,0.0019994077437469203,0.008324788572230481,0.019618331426513588,0.05822427811561008,0.021092828491225228,0.0654189959155343,2.1865931906027997e-07,3.8857474358097666e-07
18,2644,660,4,0.13333333333333333,work,4,1.1775693440128312e-16,0.0,1.4502390963886828e-08,1.3978528260658475e-07,0.019339878689555397,0.06411878489280518,0.01933988293410597,0.06411870828915672,4.092896603028731e-07,1.0897222339381246e-06
18,2645,661,5,0.14166666666666666,work,1,3.5652682413747997e-16,0.0,0.005785252776954051,0.02860132242992641,0.01895373821489211,0.0703844338121495,0.023620829564395426,0.09499433765255356,3.545147591216557e-07,1.3539572586537318e-06
18,2646,661,5,0.15,work,2,3.5652682413747997e-16,0.0,0.0038610237993411175,0.019050619392219234,0.018509566485806293,0.07723772001058729,0.021636538790382274,0.09410375802216131,4.799761604695281e-07,1.023309511744355e-06
18,2647,661,5,0.15833333333333333,work,3,3.5652682413747997e-16,0.0,0.0019325930365271964,0.009517004199153977,0.018159882035017193,0.08427318921837004,0.019722230918421676,0.0928873985633057,3.9944840259934036e-07,9.068920644940776e-07
18,2648,661,5,0.16666666666666666,work,4,3.5652682413747997e-16,0.0,1.705619470343418e-08,1.032382731180714e-07,0.017878952458663538,0.0913814319960684,0.017878955218996014,0.09138135648702526,1.8928933221845828e-07,4.256623046721735e-07
18,2649,662,6,0.175,work,1,2.4196749845665633e-16,0.0,0.005694707747932246,0.031093336489461314,0.017488267291656995,0.0975895902235218,0.022340767379312655,0.12464208410403094,2.40451491179248e-07,6.194296387084308e-07
18,2650,662,6,0.18333333333333332,work,2,2.4196749845665633e-16,0.0,0.003800635626135057,0.020727963246244954,0.017177278683198644,0.10484068060154934,0.020443576456007355,0.12325113159024506,1.6774706772528483e-07,6.650660516149253e-07
18,2651,662,6,0.19166666666666665,work,3,2.4196749845665633e-16,0.0,0.0019023897179525817,0.010363623680973044,0.016987184637172303,0.11155380430277073,0.01862064965054796,0.1208933415272507,1.6949818461346073e-07,6.012392342636612e-07
18,2652,662,6,0.2,work,4,2.4196749845665633e-16,0.0,1.3725371330273864e-08,8.940696716308595e-08,0.016884075719639027,0.11783241048822633,0.016884071058152848,0.11783232789306566,2.6336425717657363e-07,7.941074725672195e-07
18,2653,663,7,0.20833333333333334,work,1,1.1775693440128312e-16,0.0,0.005396348239501823,0.03205148824006669,0.016240786738333207,0.12229775834618063,0.020570375058654014,0.15027926068142017,3.541062912299371e-07,6.279738994153012e-07
18,2654,663,7,0.21666666666666667,work,2,1.1775693440128312e-16,0.0,0.003600902744465576,0.021369276029782665,0.01566940052652713,0.12815247406188246,0.018641683031964517,0.14698974573313145,2.7313880552547534e-07,7.444617746351282e-07
18,2655,663,7,0.225,work,3,1.1775693440128312e-16,0.0,0.0018021081100432384,0.01068544546509974,0.015232220771592104,0.13374952594946218,0.01675259670340742,0.14325189203834338,4.096975764427197e-07,6.976544803809931e-07
18,2656,663,7,0.23333333333333334,work,4,1.1775693440128312e-16,0.0,1.5499439030454454e-08,1.3978528260658475e-07,0.014924518061915233,0.13906540900434594,0.014924530650938071,0.139065274157618,4.95506561905169e-07,7.127678837240613e-07
18,2657,664,8,0.24166666666666667,work,1,2.3263411494723067e-16,0.0,0.00626024004739327,0.03372076737994315,0.01433120178488802,0.1426562138240134,0.018895222828343074,0.17161968586253906,2.6765855620820907e-07,4.2774379534743284e-07
18,2658,664,8,0.25,work,2,2.3263411494723067e-16,0.0,0.004176365398670445,0.022476120470997715,0.01389776295778039,0.14619837463659824,0.01707940878044635,0.16564220958796544,4.1432279853242935e-07,7.432677694165705e-07
18,2659,664,8,0.2583333333333333,work,3,2.3263411494723067e-16,0.0,0.0020896097440912683,0.011235892277445847,0.013644212164190156,0.14919767149802973,0.015299563586257883,0.15896830491764058,2.491601054004759e-07,7.557107408705974e-07
18,2660,664,8,0.26666666666666666,work,4,2.3263411494723067e-16,0.0,2.2510439192118953e-08,5.16191365590357e-08,0.013526470115196794,0.15137537108152588,0.013526479070472077,0.15137534855771126,4.1573093888344154e-07,6.172750943067092e-07
18,2661,665,9,0.275,work,1,1.4946834900704541e-16,0.0,0.006158664932384563,0.028233062593444422,0.013048842188958255,0.15090087876065889,0.01780523963771243,0.17512932599248598,2.269701765959666e-07,5.862806908162258e-07
18,2662,665,9,0.2833333333333333,work,2,1.4946834900704541e-16,0.0,0.004107043325403899,0.018810803169643082,0.012780957211521251,0.15058524795984893,0.01612143107419638,0.16673816966207056,1.7166615481961626e-07,1.8371385344770487e-07
18,2663,665,9,0.2916666666666667,work,3,1.4946834900704541e-16,0.0,0.0020541673799474368,0.009399663827644199,0.012657877724238023,0.14950137464437116,0.014394509240233298,0.15756751956251325,3.487564961011495e-07,8.107108180961333e-07
18,2664,665,9,0.3,work,4,1.4946834900704541e-16,0.0,3.3660355948857156e-08,8.940696716308595e-08,0.01266256977799505,0.14766919666620648,0.012662590017025438,0.1476692657782808,2.481580479127982e-07,9.088486839519166e-07
18,2665,666,10,0.30833333333333335,work,1,6.206335383118183e-17,0.0,0.003555401514200401,0.02914720420191188,0.0120054774441603,0.14549033063444777,0.015058303263383378,0.17038918199756328,1.8154724897127304e-07,7.918673906079834e-07
18,2666,666,10,0.31666666666666665,work,2,6.206335383118183e-17,0.0,0.00236616586037839,0.019419739895864426,0.011433217909297941,0.14348376613550948,0.01350744888377799,0.16004517366890597,3.650422078215447e-07,1.021572142899203e-06
18,2667,666,10,0.325,work,3,6.206335383118183e-17,0.0,0.0011810707350259346,0.009703880414734366,0.010995366602297735,0.14103113479375554,0.01204308858612128,0.14927767056540453,1.9426554767977197e-07,7.656355249086146e-07
18,2668,666,10,0.3333333333333333,work,4,6.206335383118183e-17,0.0,2.6306939465263967e-08,5.960464477539063e-08,0.010369977955027691,0.13981598626834885,0.010369994067075894,0.13981603225996922,3.3241456194415043e-07,7.06509923406229e-07
18,2669,667,11,0.3416666666666667,work,1,1.0007415106216802e-16,0.0,0.0034504433516179046,0.03293319674553751,0.008895864565932127,0.13790895818553633,0.010783936716146733,0.16562126123675952,3.298144521099137e-07,7.527667844483354e-07
18,2670,667,11,0.35,work,2,1.0007415106216802e-16,0.0,0.0023022647612458646,0.02195053556208903,0.007540777812229486,0.13467458055989456,0.00888316991321807,0.15326806689786968,4.1869103637330023e-07,1.1198696033988107e-06
18,2671,667,11,0.35833333333333334,work,3,1.0007415106216802e-16,0.0,0.0011522757379758307,0.010972839203841522,0.00636884303651762,0.13067570645873078,0.007081410821957958,0.14002206631525307,4.0610689715658277e-07,6.989264130329271e-07
18,2672,667,11,0.36666666666666664,work,4,1.0007415106216802e-16,0.0,1.4676173379266686e-08,4.2146848510894035e-08,0.005482385944994247,0.12616760098532326,0.005482392584261079,0.1261676269431942,3.653876136567164e-07,6.093099206763789e-07
18,2673,668,12,0.375,work,1,1.6653345369377348e-16,0.0,0.006359314939621173,0.034990492268556654,0.005628438198179493,0.12215940222884444,0.011279374179829523,0.15282405536907112,1.3859711454320323e-07,2.3084779657169695e-07
18,2674,668,12,0.3833333333333333,work,2,1.6653345369377348e-16,0.0,0.004246268107883958,0.02333648717358149,0.006152395000869653,0.11887816857553035,0.010064300021784373,0.139413624133006,1.7801750684321358e-07,4.768371582031262e-07
18,2675,668,12,0.39166666666666666,work,3,1.6653345369377348e-16,0.0,0.0021266372379434187,0.011672944157081627,0.00677443074481246,0.11564058381745182,0.008770442466088702,0.12595556277630898,2.851626101886255e-07,4.768371582031262e-07
18,2676,668,12,0.4,work,4,1.6653345369377348e-16,0.0,9.083082110074015e-09,4.2146848510894035e-08,0.007437534717651191,0.11196328847851851,0.007437540835167408,0.11196331711482144,3.446545542341098e-07,5.118716966306483e-07
18,2677,669,13,0.4083333333333333,work,1,6.798699777552591e-17,0.0,0.00679035403503884,0.03651545141807622,0.00830143369972244,0.10834085659612042,0.01500864796190273,0.14167580056641493,3.5128703262753426e-07,8.616943535090132e-07
18,2678,669,13,0.4166666666666667,work,2,6.798699777552591e-17,0.0,0.004532504904652674,0.024359294062592598,0.009119132345218777,0.10490182115518294,0.013580748397938106,0.12724948837854885,2.9715065571110944e-07,5.778884717722352e-07
18,2679,669,13,0.425,work,3,6.798699777552591e-17,0.0,0.002269255187615589,0.012187553621253,0.009867700145732542,0.10136036021034828,0.012089960656345992,0.11259369000658326,2.5931434874760473e-07,8.471411707134248e-07
18,2680,669,13,0.43333333333333335,work,4,6.798699777552591e-17,0.0,1.7139793443115886e-08,5.16191365590357e-08,0.010562245399261103,0.09764383388537388,0.010562230072028347,0.09764388243376813,2.980860518585183e-07,5.685920723777704e-07
18,2681,670,14,0.44166666666666665,work,1,5.551115123125783e-17,0.0,0.005554032649527264,0.04142912565395027,0.010758678986315386,0.09414200565944482,0.01611713708468358,0.1312348172515867,2.455986418064789e-07,7.708380911575343e-07
18,2682,670,14,0.45,work,2,5.551115123125783e-17,0.0,0.003716756536106428,0.027659360536310008,0.01102111687028213,0.09110426055540717,0.014657015872893015,0.1163311186219944,8.682233835137229e-08,4.086288571596775e-07
18,2683,670,14,0.4583333333333333,work,3,5.551115123125783e-17,0.0,0.0018658343106613103,0.013849623735178987,0.011341496426845007,0.0881270721329397,0.013186825106350865,0.1010195686315519,4.941794339440885e-07,7.077659420393693e-07
18,2684,670,14,0.4666666666666667,work,4,5.551115123125783e-17,0.0,2.0451743566953285e-09,0.0,0.011756201072193528,0.08547094848279792,0.011756199229496804,0.08547095280878458,2.1738251066377602e-07,5.110033809984414e-07
18,2685,671,15,0.475,work,1,1.7109685898544713e-16,0.0,0.008571311583770901,0.047992923546656616,0.012365199439293388,0.08492779454277938,0.01969168539625858,0.13099474749471937,2.1072969951595347e-07,7.492187672839527e-07
18,2686,671,15,0.48333333333333334,work,2,1.7109685898544713e-16,0.0,0.005742993249141266,0.032039385083848695,0.013636052247498361,0.08613715806607786,0.01891591422357962,0.11745398357044119,3.0028763658731983e-07,5.5595511514478e-07
18,2687,671,15,0.49166666666666664,work,3,1.7109685898544713e-16,0.0,0.002885929101870766,0.016041559128356985,0.015345560095834853,0.08880636992283285,0.018122232906341854,0.10468474039037362,2.983993468887796e-07,3.5009801758738595e-07
18,2688,671,15,0.5,work,4,1.7109685898544713e-16,0.0,5.111599876876358e-09,9.424321830774485e-08,0.01723529997726286,0.09248440971848756,0.01723529789192044,0.0924844573799983,2.940208080417434e-07,8.376520468327582e-07
18,2689,672,16,0.5083333333333333,work,1,7.97218214573518e-17,0.0,0.014376683709489137,0.04480697602440438,0.02069302613165631,0.09602694585201446,0.03451987611427077,0.14047886682536687,2.828129681101295e-07,5.230286352272122e-07
18,2690,672,16,0.5166666666666666,work,2,7.97218214573518e-17,0.0,0.009590056415287193,0.029862778819312586,0.024631321202953384,0.10114023312161195,0.03406792822948176,0.1308399394186057,3.4465707694333636e-07,8.301966355552804e-07
18,2691,672,16,0.525,work,3,7.97218214573518e-17,0.0,0.004797686884102273,0.014927071813121364,0.02882966954215001,0.1078121604789721,0.033597199776249836,0.12259087959245416,3.7674082243448935e-07,9.643250517465826e-07
18,2692,672,16,0.5333333333333333,work,4,7.97218214573518e-17,0.0,1.498630312213989e-08,8.429369702178807e-08,0.03308470533906117,0.11541224075152898,0.03308470918820458,0.11541224587520878,4.874531542425496e-07,9.044403377469568e-07
18,2693,673,17,0.5416666666666666,work,1,1.4946834900704541e-16,0.0,0.015765834734776076,0.029412185806263418,0.037790165524387354,0.11881066952406283,0.05345434494768745,0.14649233206394371,3.1490267689900314e-07,6.782893345797716e-07
18,2694,673,17,0.55,work,2,1.4946834900704541e-16,0.0,0.010494912823808307,0.019584749056853264,0.042332401224764116,0.12320811040577713,0.052745384817617084,0.1416764209935658,4.2588887151893113e-07,8.205115734300793e-07
18,2695,673,17,0.5583333333333333,work,3,1.4946834900704541e-16,0.0,0.005239552677970059,0.009780686703397837,0.0464942281086829,0.12786177294099593,0.05167034489862397,0.1370525150206834,4.1792112653491653e-07,7.121445623247971e-07
18,2696,673,17,0.5666666666666667,work,4,1.4946834900704541e-16,0.0,4.826115568827648e-09,4.2146848510894035e-08,0.050118858834686815,0.13221532205996528,0.05011885797741298,0.13221536820724822,5.308006983254434e-07,1.0880909123139922e-06
18,2697,674,18,0.575,work,1,2.7755575615628914e-17,0.0,0.013445899217192855,0.02079449505620822,0.0524299747532935,0.13113985555668492,0.06547732569430395,0.14393760730201072,4.828400504149087e-07,1.1453556329355179e-06
18,2698,674,18,0.5833333333333334,work,2,2.7755575615628914e-17,0.0,0.00894361711206357,0.013863217725409143,0.05411493827030921,0.1298575768387907,0.06273768399055275,0.13864705724522153,3.6410630285044467e-07,6.322027276634131e-07
18,2699,674,18,0.5916666666666667,work,3,2.7755575615628914e-17,0.0,0.004461574333837534,0.006931703057689429,0.05516519697273051,0.12807634446288976,0.05944013814389557,0.13256217980832902,8.417976201449097e-08,8.035581566520246e-07
18,2700,674,18,0.6,work,4,2.7755575615628914e-17,0.0,1.057099506548609e-08,6.664001874625056e-08,0.05560084526118128,0.12558851345409944,0.05560084499276943,0.12558846896643244,2.8906424295961533e-07,8.09614521694554e-07
18,2701,675,19,0.6083333333333333,work,1,1.3877787807814457e-16,0.0,0.011747087170373888,0.022498352657305855,0.055059188237694595,0.11905770632351063,0.0663324417458786,0.12508667661332593,2.783129084519722e-07,6.201461567486791e-07
18,2702,675,19,0.6166666666666667,work,2,1.3877787807814457e-16,0.0,0.007817252983793536,0.015019596244634349,0.05407058756549964,0.11198084592128817,0.06155353796854615,0.11632435009015343,2.861920751869182e-07,9.315311675124123e-07
18,2703,675,19,0.625,work,3,1.3877787807814457e-16,0.0,0.0039015169676477083,0.007520207115227676,0.05269852719205175,0.10455011134539495,0.05642372751187863,0.10685926218214734,2.0613026532221402e-07,6.034510353599985e-07
18,2704,675,19,0.6333333333333333,work,4,1.3877787807814457e-16,0.0,1.1421998359687802e-08,7.300048299977715e-08,0.051015302644143494,0.09689554156314681,0.05101530790012768,0.09689549382572916,2.792104812024652e-07,8.387116956395144e-07
18,2705,676,20,0.6416666666666666,work,1,1.1775693440128312e-16,0.0,0.009630453982926522,0.01940155472289421,0.04843129374887845,0.0869485002609113,0.05750589192392486,0.09053508765398534,2.499508731655044e-07,5.413860715802016e-07
18,2706,676,20,0.65,work,2,1.1775693440128312e-16,0.0,0.0064157624612588,0.012945647525165343,0.04576355184445245,0.07704354767772202,0.05182456711732634,0.07976385754647673,2.5837476176544267e-07,8.418826396361374e-07
18,2707,676,20,0.6583333333333333,work,3,1.1775693440128312e-16,0.0,0.003205620001291849,0.006478655988645142,0.043084721096101244,0.06749725897289627,0.04611965530054821,0.06901945035596876,3.229018780661215e-07,7.226679118265037e-07
18,2708,676,20,0.6666666666666666,work,4,1.1775693440128312e-16,0.0,8.336831933450651e-09,1.264405455326821e-07,0.04046606572363198,0.058545595011865056,0.040466068553972605,0.05854566072399282,1.8076907179174204e-07,4.636153336198354e-07
18,2709,677,21,0.675,work,1,2.7755575615628914e-17,0.0,0.008747704241302084,0.01929968920975751,0.03770826359409237,0.0513396363499303,0.04612918564486347,0.06302081441036735,2.7272664558508106e-07,3.4240261593687747e-07
18,2710,677,21,0.6833333333333333,work,2,2.7755575615628914e-17,0.0,0.005831856709661263,0.012870336309799552,0.035136521579474375,0.044873266022720994,0.040767257772550594,0.053107134341396585,2.1552731520215114e-07,2.632069845893339e-07
18,2711,677,21,0.6916666666666667,work,3,2.7755575615628914e-17,0.0,0.0029159680662034495,0.0064371864723066444,0.03279226268058452,0.03948545525813494,0.035613736018236294,0.043809436184361374,2.029483741532869e-07,7.001960351747746e-07
18,2712,677,21,0.7,work,4,2.7755575615628914e-17,0.0,1.1432004516613288e-08,5.960464477539063e-08,0.030708535865859966,0.03552396769283006,0.030708536605855374,0.03552390949024305,2.9603326522834676e-07,4.768371582031262e-07
18,2713,678,22,0.7083333333333334,work,1,1.1102230246251565e-16,0.0,0.009449494481032297,0.015066856237490624,0.02914455897770936,0.03287140821552996,0.03841951164247042,0.046572659739939355,1.9393454553716584e-07,4.786961795153931e-07
18,2714,678,22,0.7166666666666667,work,2,1.1102230246251565e-16,0.0,0.006298213439333146,0.010058844931338693,0.027828469906976332,0.031389651708026475,0.033998537852761995,0.04022863800394193,4.49577616177504e-07,6.293866658789802e-07
18,2715,678,22,0.725,work,3,1.1102230246251565e-16,0.0,0.0031484061587802987,0.005036614123866706,0.026757015243006863,0.030986630284586387,0.02983360405372373,0.03514272149486016,2.336683449419226e-07,6.272663229658984e-07
18,2716,678,22,0.7333333333333333,work,4,1.1102230246251565e-16,0.0,6.691225330963397e-09,4.2146848510894035e-08,0.025928420106906016,0.03143181475902791,0.02592841814551203,0.031431851988041895,1.7103580873243038e-07,2.632069845893339e-07
18,2717,679,23,0.7416666666666667,work,1,1.2719202621569003e-16,0.0,0.009040989947832152,0.013653036937397937,0.025223238291448933,0.03196053416242707,0.03413605166706598,0.04227587559543997,3.564911554998025e-07,8.606630014296629e-07
18,2718,679,23,0.75,work,2,1.2719202621569003e-16,0.0,0.00602755855186336,0.009114024527715543,0.024728355090290425,0.03281957009957971,0.030653018938699806,0.039041059880660145,4.005644871318874e-07,2.3276357876976306e-07
18,2719,679,23,0.7583333333333333,work,3,1.2719202621569003e-16,0.0,0.0030138887980471862,0.0045629153467751276,0.024417715489164153,0.03386696804567505,0.027369636729244983,0.036637890577964696,2.7432136257024577e-07,3.4498682328433513e-07
18,2720,679,23,0.7666666666666666,work,4,1.2719202621569003e-16,0.0,6.040972890027077e-09,4.2146848510894035e-08,0.024275757721057493,0.034999156611470024,0.024275760200516024,0.034999135594606226,2.2995370176584087e-07,3.39798755973321e-07
18,2721,680,24,0.775,work,1,1.3877787807814457e-16,0.0,0.00895474780319872,0.0168765705189922,0.024237102668541084,0.0361583310207352,0.032976721644307996,0.04641240113181118,1.9130897393595483e-07,3.068336886461678e-07
18,2722,680,24,0.7833333333333333,work,2,1.3877787807814457e-16,0.0,0.0059712306942036365,0.011261618020239648,0.0243198965873657,0.03732233508145307,0.030126592601463376,0.04373022131804659,4.2754029482470715e-07,6.822063411628993e-07
18,2723,680,24,0.7916666666666666,work,3,1.3877787807814457e-16,0.0,0.002986312190955467,0.005636189343254999,0.02449164551378581,0.038465394233432475,0.02738324047728897,0.041444716183163394,4.470309989763918e-07,9.224288189734399e-07
18,2724,680,24,0.8,work,4,1.3877787807814457e-16,0.0,1.6196172012413728e-08,2.9802322387695312e-08,0.024729602676663454,0.03960957426499574,0.024729594992294393,0.03960954302226916,4.6532186316729835e-07,7.782915149450706e-07
18,2725,681,25,0.8083333333333333,work,1,1.1443916996305594e-16,0.0,0.009021153529881311,0.02106258121370044,0.024978627221646933,0.040622180623542184,0.03362946065505866,0.053240754943247856,3.786734249507811e-07,1.0302296887304662e-06
18,2726,681,25,0.8166666666666667,work,2,1.1443916996305594e-16,0.0,0.006017761514880563,0.014051344835349793,0.025258974110665793,0.04180098205599328,0.031011776494000713,0.049980546740411184,2.1045013909761193e-07,4.636153336198354e-07
18,2727,681,25,0.825,work,3,1.1443916996305594e-16,0.0,0.003010721136254407,0.007030497393793611,0.02554214314956003,0.043087534196093784,0.028408547522999997,0.04700906831792934,1.641126336721559e-07,4.626564591008442e-07
18,2728,681,25,0.8333333333333334,work,4,1.1443916996305594e-16,0.0,1.3935242029509385e-08,5.960464477539063e-08,0.025806683388608573,0.044462625866246296,0.025806687308522175,0.044462666447348656,2.0548885129265143e-07,1.3978528260658475e-07
18,2729,682,26,0.8416666666666667,work,1,1.8619006149354548e-16,2.9802322387695312e-08,0.009572781513900052,0.02432520478546705,0.02617848161642275,0.045993322181465554,0.0353151379218445,0.062236966564051276,3.0212634445899365e-07,1.0040331201507565e-06
18,2730,682,26,0.85,work,2,1.8619006149354548e-16,2.9802322387695312e-08,0.006387616186882598,0.016233844739315065,0.026510541909604356,0.04771218585322506,0.032584588760988756,0.058256792931252147,1.580268877769937e-07,5.057621821307297e-07
18,2731,682,26,0.8583333333333333,work,3,1.8619006149354548e-16,2.9802322387695312e-08,0.0031967496125769198,0.008125540471511821,0.02678194010510438,0.04954209872681718,0.02980722436503427,0.054599538366700666,3.9327431799444096e-08,4.41034096090459e-07
18,2732,682,26,0.8666666666666667,work,4,1.8619006149354548e-16,2.9802322387695312e-08,1.362886537539186e-08,5.16191365590357e-08,0.026984866774872027,0.05144597759216077,0.026984857072657346,0.051446029575758154,1.0914212938455263e-07,3.9537248496477665e-07
18,2733,683,27,0.875,work,1,1.3597399555105182e-16,0.0,0.009237086314592807,0.025113908155324532,0.027004733775479448,0.0532022796016788,0.03584766581908515,0.07072154926900683,2.848957935030917e-07,5.975347058702557e-07
18,2734,683,27,0.8833333333333333,work,2,1.3597399555105182e-16,0.0,0.006167812239632044,0.016765006729947712,0.026964627602943162,0.05508657086553311,0.03284114224397013,0.06629115650662182,4.819248988279112e-07,8.975398746952846e-07
18,2735,683,27,0.8916666666666666,work,3,1.3597399555105182e-16,0.0,0.0030889284337250115,0.008394016366415893,0.02686481154655034,0.0570504579450774,0.02979097114612573,0.06234159484544815,3.114808545301876e-07,1.022006761996891e-06
18,2736,683,27,0.9,work,4,1.3597399555105182e-16,0.0,2.39457669409183e-08,9.424321830774485e-08,0.02671523979966638,0.059068404699146836,0.02671526093664533,0.05906839726716344,1.8553929543114148e-07,6.454112478407565e-07
18,2737,684,28,0.9083333333333333,work,1,5.551115123125783e-17,0.0,0.009011530654262467,0.024438782839942247,0.026453171507081093,0.06070047556319348,0.03512379327170063,0.0770431646653858,1.7125581315148082e-07,6.957422214704043e-07
18,2738,684,28,0.9166666666666666,work,2,5.551115123125783e-17,0.0,0.006022373635910947,0.016320419273300576,0.026164180950832908,0.06250805232763372,0.03192889050292215,0.07275443772048681,2.958830015337075e-07,5.314515382089335e-07
18,2739,684,28,0.9249999999999999,work,3,5.551115123125783e-17,0.0,0.003018682133701933,0.008174568280895567,0.02586663115894206,0.06445046623677082,0.028738631093527374,0.06917616276795074,3.965824418755733e-07,8.344650268554748e-07
18,2740,684,28,0.9333333333333333,work,4,5.551115123125783e-17,0.0,1.8037455694184724e-08,5.960464477539063e-08,0.025566083226129264,0.06647583419572464,0.025566099388163708,0.0664758200983572,2.592913500247097e-07,5.347835554160599e-07
18,2741,685,29,0.9416666666666667,work,1,1.0007415106216802e-16,0.0,0.008658546936657532,0.022667541986466096,0.025133526530094978,0.0680591160747809,0.03347749015319139,0.08157129864376886,3.841289960198727e-07,9.262722890329476e-07
18,2742,685,29,0.95,work,2,1.0007415106216802e-16,0.0,0.005790678019908074,0.015137062868722385,0.02472989495619326,0.06987879145708192,0.030281918659312783,0.07810517705003008,3.2291591590157095e-07,1.1174877440484116e-06
18,2743,685,29,0.9583333333333334,work,3,1.0007415106216802e-16,0.0,0.0029047249557711693,0.007581812748803777,0.024361051589015578,0.07185725167261835,0.02712967260759408,0.07553009616201659,4.495646991856022e-07,8.683682849606026e-07
18,2744,685,29,0.9666666666666667,work,4,1.0007415106216802e-16,0.0,1.8882167175086558e-08,4.2146848510894035e-08,0.02404103677108868,0.07395196386029165,0.024041049485749196,0.07395198735274224,3.877812131309792e-07,8.850838187287819e-07
18,2745,686,30,0.975,work,1,1.3597399555105182e-16,0.0,0.008171728027856881,0.020124407122534948,0.02355621040803318,0.07572187767070085,0.031407877597371216,0.08568007086881459,1.803143485879627e-07,2.920019319991088e-07
18,2746,686,30,0.9833333333333333,work,2,1.3597399555105182e-16,0.0,0.005466458494566452,0.013437493778138968,0.023136628710287353,0.07770466588724145,0.02836344177691036,0.08354478749716476,3.2542225202465446e-07,8.418826396361374e-07
18,2747,686,30,0.9916666666666667,work,3,1.3597399555105182e-16,0.0,0.0027427636211124515,0.00672999168730186,0.022789179466311732,0.07980692149243125,0.025396946218008733,0.0823088913457502,1.6193330037362994e-07,6.208618478774947e-07
18,2748,686,30,1.0,work,4,1.3597399555105182e-16,0.0,2.760351131532339e-08,4.2146848510894035e-08,0.022520923850257262,0.08198734170154312,0.022520946064956714,0.08198736114675405,2.244008448764813e-07,4.860611686199943e-07
18,2749,687,31,1.0083333333333333,work,1,1.1443916996305594e-16,0.0,0.00754719713842523,0.01684556931687344,0.022079673074766056,0.08388895184716946,0.029327008381984453,0.09013494372400535,9.028465213249927e-08,3.39798755973321e-07
18,2750,687,31,1.0166666666666666,work,2,1.1443916996305594e-16,0.0,0.005047553548898173,0.01125215134044269,0.021722676185429106,0.08592342186686006,0.026546064412107093,0.08941767178120606,1.990156676669608e-07,3.1680303253932776e-07
18,2751,687,31,1.025,work,3,1.1443916996305594e-16,0.0,0.002531994083091246,0.005637467731453339,0.02145435985783184,0.08800227432577783,0.023860561185262894,0.08941959614206059,1.379499060696093e-07,3.4882724019049525e-07
18,2752,687,31,1.0333333333333332,work,4,1.1443916996305594e-16,0.0,2.2137154776877074e-08,4.2146848510894035e-08,0.02127541218056037,0.09008436802745298,0.021275391675269144,0.09008436735680136,6.502881827061568e-08,2.528810910653644e-07
18,2753,688,32,1.0416666666666667,work,1,1.2412670766236366e-16,0.0,0.006898423447504872,0.013481984682347035,0.02093904614614774,0.0916263305561195,0.027572141056752972,0.09384563469496039,8.120836486787184e-08,7.77149487161957e-07
18,2754,688,32,1.05,work,2,1.2412670766236366e-16,0.0,0.004610548511130871,0.009005394969672169,0.020685464908023483,0.09328376129197526,0.025098620102590445,0.09427759738774759,1.2282360193727925e-07,5.575503985246947e-07
18,2755,688,32,1.0583333333333333,work,3,1.2412670766236366e-16,0.0,0.00231118226747584,0.004511875735334201,0.02051540909661336,0.09496733711031198,0.02271684603429245,0.09523264418872182,2.0734518931463098e-07,3.526258339345231e-07
18,2756,688,32,1.0666666666666667,work,4,1.2412670766236366e-16,0.0,2.9908864340377476e-09,7.884953353001448e-08,0.020427173285993548,0.09663099542924437,0.020427176120733397,0.0966309407766606,2.185536975868508e-07,3.674277068954101e-07
18,2757,689,33,1.075,work,1,7.850462293418876e-17,0.0,0.0062663241263535355,0.010758901157360229,0.020188733275900365,0.09781365085367484,0.02622362952847028,0.09686365260068165,2.2903255481567013e-07,4.380028979986637e-07
18,2758,689,33,1.0833333333333333,work,2,7.850462293418876e-17,0.0,0.004184535479868131,0.007181460734060419,0.0200183419431498,0.09906272325785855,0.02403441547607838,0.09811492123325187,2.375533363425613e-07,3.85130881766084e-07
18,2759,689,33,1.0916666666666666,work,3,7.850462293418876e-17,0.0,0.002095858100853316,0.003595400589398916,0.019914735163350072,0.10030710832638766,0.02191928185236183,0.09968713234387196,1.9499393203799607e-07,2.7957056521316965e-07
18,2760,689,33,1.1,work,4,7.850462293418876e-17,0.0,1.1288268547171507e-08,0.0,0.01987859306081209,0.10152873800981661,0.019878591136684304,0.10152874302899581,1.3822155716827153e-07,4.568609510885455e-07
18,2761,690,34,1.1083333333333334,work,1,1.0007415106216802e-16,0.0,0.005820582639020119,0.008903784554544429,0.01975236613202116,0.10243231545562007,0.02538905858814867,0.09957817703423226,1.563151792437973e-07,7.456538679121063e-07
18,2762,690,34,1.1166666666666667,work,2,1.0007415106216802e-16,0.0,0.003883297323052742,0.005943793681049433,0.019680809693775756,0.10336293125407246,0.02343489381791963,0.10127931625413557,1.737944187773006e-07,1.7120130796843858e-07
18,2763,690,34,1.125,work,3,1.0007415106216802e-16,0.0,0.0019431662156273867,0.0029760127837385325,0.01966334888194982,0.10427204795886674,0.02153884499356042,0.10314762805732705,9.83066284055023e-08,6.440336342148305e-07
18,2764,690,34,1.1333333333333333,work,4,1.0007415106216802e-16,0.0,2.0621843850163476e-08,5.960464477539063e-08,0.019696369442852593,0.10513454457971856,0.0196963899123204,0.10513451551757608,1.8070292282064619e-07,5.567533282121857e-07
18,2765,691,35,1.1416666666666666,work,1,3.2686830619505816e-15,0.0,0.005410302842424608,0.0065970318034109035,0.019643509350642286,0.1058943540594466,0.02493140324799515,0.1023472528785877,7.201370524844619e-08,4.400260168383548e-07
18,2766,691,35,1.15,work,2,3.2686830619505816e-15,0.0,0.003607044013857557,0.004402498824670563,0.019625226028154218,0.10659638593924885,0.023148475000985793,0.10415429417790163,1.9676785327331633e-07,3.7223088731756253e-07
18,2767,691,35,1.1583333333333332,work,3,3.2686830619505816e-15,0.0,0.0018036616416317848,0.002203762156715134,0.019642183448788732,0.10721699464095034,0.021403152101833887,0.105961525808395,2.2339225341388096e-07,4.400260168383548e-07
18,2768,691,35,1.1666666666666667,work,4,3.2686830619505816e-15,0.0,8.288702243375196e-09,4.2146848510894035e-08,0.019693867331596934,0.10775973429358732,0.019693873156025273,0.10775969882725742,8.50027065675538e-08,4.4203987640712727e-07
18,2769,692,36,1.175,work,1,5.802176783577771e-16,2.9802322387695312e-08,0.004990093620231489,0.003826825689077543,0.019625594026435933,0.10837326147766038,0.02450292023833731,0.10530309698950954,2.54283053541999e-07,5.990192664337711e-07
18,2770,692,36,1.1833333333333333,work,2,5.802176783577771e-16,2.9802322387695312e-08,0.003325903605963952,0.0025457043660413402,0.019587630325946997,0.10883425442267779,0.02283969721000268,0.10678056639663615,9.516269834676896e-08,1.6858739404357617e-07
18,2771,692,36,1.1916666666666667,work,3,5.802176783577771e-16,2.9802322387695312e-08,0.0016625427401555663,0.001270337945857676,0.01958463975983316,0.10913493894382853,0.021211034012450652,0.10810554793980921,9.259879506484647e-08,2.4394252216435837e-07
18,2772,692,36,1.2,work,4,5.802176783577771e-16,2.9802322387695312e-08,9.538934560320405e-09,5.16191365590357e-08,0.01961688652609704,0.10928731396118281,0.019616882316353765,0.10928726586371632,6.785527187061286e-08,4.2774379534743284e-07
18,2773,693,37,1.2083333333333333,work,1,5.551115123125783e-17,2.9802322387695312e-08,0.0045349683828286745,0.00332177598785202,0.019517590489557333,0.10938131023900251,0.0239477952839208,0.10692272818462255,6.550267467810907e-08,5.161913655903584e-07
18,2774,693,37,1.2166666666666666,work,2,5.551115123125783e-17,2.9802322387695312e-08,0.0030221500191541105,0.0021984188241832444,0.019454506763656457,0.10926003471416434,0.022409331317382822,0.10765677860726193,1.3648735282599752e-07,1.8371385344770487e-07
18,2775,693,37,1.225,work,3,5.551115123125783e-17,2.9802322387695312e-08,0.0015104723523091871,0.00109117587211319,0.01943034903418112,0.10891460083832065,0.02090820264662013,0.10812907229416886,1.3757505957320232e-07,4.0205531010723307e-07
18,2776,693,37,1.2333333333333334,work,4,5.551115123125783e-17,2.9802322387695312e-08,2.6214730433296793e-08,7.300048299977715e-08,0.019445348163783013,0.10836631142441437,0.019445323595061303,0.10836630023168486,7.19589401126543e-08,2.346637211445515e-07
19,2777,694,1,0.008333333333333333,startup,1,1.7785780651003303e-16,0.0,0.009226144956398579,0.029735252698239633,0.002818394636023255,0.008770681658026464,0.012032763434039037,0.03850541233526537,7.26672235257739e-08,1.954268969387413e-07
19,2778,694,1,0.016666666666666666,startup,2,1.7785780651003303e-16,0.0,0.006166996671600198,0.019813690465398843,0.00521225847265433,0.01592229553504725,0.011335919682670951,0.03572051423908215,9.362721911749874e-08,1.632340423778195e-07
19,2779,694,1,0.025,startup,3,1.7785780651003303e-16,0.0,0.003091575832873571,0.009901892914426334,0.007171519833090885,0.021661513186781944,0.010203632240084708,0.03152943222683388,9.321613719834927e-08,3.4755181639464544e-07
19,2780,694,1,0.03333333333333333,startup,4,1.7785780651003303e-16,0.0,1.1171115549800986e-08,1.5485740967710712e-07,0.008724463053416509,0.026271682178805246,0.008724461729703996,0.02627161664205553,7.00902574683204e-08,3.1256939416234273e-07
19,2781,695,2,0.041666666666666664,work,1,6.206335383118183e-17,0.0,0.005854907680146871,0.020720286983675323,0.009012943013410024,0.02705017809419628,0.014791293563923228,0.04774411912203415,1.0707669773839073e-07,5.196212462831361e-07
19,2782,695,2,0.05,work,2,6.206335383118183e-17,0.0,0.003905691276540908,0.013818238056095717,0.009361862274993365,0.027713008407048493,0.013154221855194569,0.04145721391146131,1.5970752247367176e-07,2.3084779657169695e-07
19,2783,695,2,0.058333333333333334,work,3,6.206335383118183e-17,0.0,0.0019540497310294204,0.006911474749088696,0.009819666766581006,0.02847019504710349,0.01163613348118004,0.03523380009480949,1.1136620094179562e-07,2.632069845893339e-07
19,2784,695,2,0.06666666666666667,work,4,6.206335383118183e-17,0.0,3.140754958765065e-08,1.032382731180714e-07,0.010371960772971046,0.029472516254848088,0.01037194002258038,0.029472466517874715,1.0272698665415985e-07,5.724839184373204e-07
19,2785,696,3,0.075,work,1,1.1464934308770758e-16,0.0,0.00608370739866365,0.02230685541096057,0.01125794389321353,0.03141694854139061,0.016944586501596713,0.05299689251842385,1.9121293909460249e-07,1.0315220534728153e-06
19,2786,696,3,0.08333333333333333,work,2,1.1464934308770758e-16,0.0,0.004054508191198055,0.014872953247571853,0.012178837837302045,0.033867260915970795,0.015774149485745417,0.04784164000807261,2.500090768812633e-07,1.1573128604261797e-06
19,2787,696,3,0.09166666666666666,work,3,1.1464934308770758e-16,0.0,0.002026635511002025,0.007437362387903186,0.013044636199965298,0.03660099743557936,0.014729264455576423,0.04333366014706249,1.0640878887114813e-07,7.152557373046913e-07
19,2788,696,3,0.1,work,4,1.1464934308770758e-16,0.0,2.1412484637796045e-08,0.0,0.013795016921716821,0.039508821173159764,0.013794997830527558,0.03950883153462692,1.1306698609625895e-07,5.331201499700061e-07
19,2789,697,4,0.10833333333333334,work,1,2.498001805406602e-16,0.0,0.006039986025767772,0.025522467858964958,0.014497879068292557,0.04389481465040466,0.01964682697281655,0.06779549661094328,3.328675292923557e-07,8.107108180961333e-07
19,2790,697,4,0.11666666666666667,work,2,2.498001805406602e-16,0.0,0.004026981466058914,0.017005779569023743,0.015053168263173062,0.04876891334818133,0.01833894416595823,0.06450645476924824,3.0720102489079205e-07,1.0687363789702249e-06
19,2791,697,4,0.125,work,3,2.498001805406602e-16,0.0,0.002013664442097697,0.008498181501529197,0.01543410797201672,0.053861108509821815,0.017003777973534803,0.06164070832323224,1.1446927269781122e-07,4.172325134277351e-07
19,2792,697,4,0.13333333333333333,work,4,2.498001805406602e-16,0.0,5.6281218885556756e-08,1.3657139822709086e-07,0.015085274894115461,0.0596200652399294,0.015085326202290732,0.059620114016961455,1.7103314463996226e-07,6.063875540904964e-07
19,2793,698,5,0.14166666666666666,work,1,1.0202769893226549e-15,0.0,0.005778594667363557,0.02903394456349925,0.01476581838394655,0.06602337547424933,0.01965961299982251,0.09344028649571245,3.1601234569803743e-07,7.456538679121063e-07
19,2794,698,5,0.15,work,2,1.0202769893226549e-15,0.0,0.0038537102624652893,0.019346542446301195,0.014459277096736958,0.07297107006874677,0.01766989080041261,0.09133685200352049,4.910928334577143e-07,1.1530841661783082e-06
19,2795,698,5,0.15833333333333333,work,3,1.0202769893226549e-15,0.0,0.001927472488079523,0.009668455512724432,0.01411967615112061,0.08003302133213953,0.015697088764500596,0.0892490844841159,2.664652338177005e-07,9.81668775796936e-07
19,2796,698,5,0.16666666666666666,work,4,1.0202769893226549e-15,0.0,5.37581115259275e-08,1.4600096599955432e-07,0.013395327955529732,0.08723010019199826,0.013395375784957114,0.08723016928027034,2.618744238950054e-07,7.673736327638514e-07
19,2797,699,6,0.175,work,1,8.326672684688674e-17,0.0,0.00587945531243445,0.03121722714382544,0.012877485947926405,0.09426751469459164,0.017833101110439634,0.12335766439663905,3.150688657146989e-07,6.951036327892935e-07
19,2798,699,6,0.18333333333333332,work,2,8.326672684688674e-17,0.0,0.003921143497937958,0.020814433874005694,0.012532734617397855,0.10115273246496986,0.015809318594054086,0.1206927926928983,1.3373140527877464e-07,7.509948711606399e-07
19,2799,699,6,0.19166666666666665,work,3,8.326672684688674e-17,0.0,0.0019613171122977555,0.010408828007893299,0.012292533420597692,0.10779891346517502,0.013904283937393153,0.11761932767673998,5.408948039153627e-08,7.238958955699912e-07
19,2800,699,6,0.2,work,4,8.326672684688674e-17,0.0,3.392901037182504e-08,6.664001874625056e-08,0.012158369586508223,0.11420304272284612,0.01215833979127336,0.11420304206266309,1.3633352748713843e-07,1.0570375830512288e-06
19,2801,700,7,0.20833333333333334,work,1,8.326672684688674e-17,2.9802322387695312e-08,0.005205925117792709,0.03124831764397085,0.011476292047146262,0.11937650388752716,0.015675468058867107,0.14816328132185033,4.307504827683088e-07,9.857318048799869e-07
19,2802,700,7,0.21666666666666667,work,2,8.326672684688674e-17,2.9802322387695312e-08,0.003470975686923864,0.020847829278117985,0.010728894540584228,0.12584974876394683,0.01358209296726505,0.14512636880196517,3.0237669559281143e-07,1.1174877440484116e-06
19,2803,700,7,0.225,work,3,8.326672684688674e-17,2.9802322387695312e-08,0.001735652515454773,0.010431604031690796,0.00998081859488123,0.13134896207374885,0.011455881952784743,0.14102176863120816,2.3328113258597124e-07,8.549683265555598e-07
19,2804,700,7,0.23333333333333334,work,4,8.326672684688674e-17,2.9802322387695312e-08,4.993116351579472e-08,1.032382731180714e-07,0.009467079249110036,0.13674335016296876,0.009467045519192073,0.13674339717279652,6.647206824500786e-08,4.172325134277351e-07
19,2805,701,8,0.24166666666666667,work,1,6.175615574477433e-16,0.0,0.006173758793167818,0.03212266750062798,0.008954911197907445,0.1403635850370174,0.013987275495401026,0.1690380130556436,1.6220557485536823e-07,6.93824692179136e-07
19,2806,701,8,0.25,work,2,6.175615574477433e-16,0.0,0.00411399243355559,0.021415394452777327,0.00863778435349295,0.1433220142321327,0.01218320486375204,0.16252680669288105,1.7876802801790702e-07,9.16633397294869e-07
19,2807,701,8,0.2583333333333333,work,3,6.175615574477433e-16,0.0,0.00205607604611474,0.010707582209394424,0.00852565578833906,0.1455768896433992,0.010385452258778476,0.1552097277258996,2.3359947567051655e-07,7.656355249086146e-07
19,2808,701,8,0.26666666666666666,work,4,6.175615574477433e-16,0.0,5.353040670942638e-09,7.884953353001448e-08,0.008591688318454577,0.1473883954924686,0.008591688476927525,0.14738846940720612,4.5480348714990627e-07,9.555351461101503e-07
19,2809,702,9,0.275,work,1,7.076311083754595e-17,0.0,0.0056432044808315705,0.028248181017512187,0.008485158468385962,0.14670999014509203,0.013732947776312975,0.17144473328010526,3.0664541842406515e-07,9.784969782461028e-07
19,2810,702,9,0.2833333333333333,work,2,7.076311083754595e-17,0.0,0.003749796808937072,0.01879461821866012,0.008647901817812598,0.145562095534068,0.012227779447421396,0.16207803020063194,4.3966052729613337e-07,1.036675401385205e-06
19,2811,702,9,0.2916666666666667,work,3,7.076311083754595e-17,0.0,0.0018689305957740898,0.009378703449546673,0.009025322438238292,0.14346394500193607,0.010829009380613585,0.15172466720025254,3.20333348915191e-07,8.344650268554748e-07
19,2812,702,9,0.3,work,4,7.076311083754595e-17,0.0,4.6093870457706886e-08,8.429369702178807e-08,0.009501362615695806,0.1408130802123289,0.009501382480709383,0.14081307367385362,2.54952796167353e-07,7.515859730791191e-07
19,2813,703,10,0.30833333333333335,work,1,1.2719202621569003e-16,0.0,0.003100621447284015,0.02984034649302165,0.009222781766238664,0.13793776945578784,0.011978097866167,0.1647440463579778,1.685934714926735e-07,6.151130032703392e-07
19,2814,703,10,0.31666666666666665,work,2,1.2719202621569003e-16,0.0,0.002054594091430753,0.01988100940704828,0.008920477234164939,0.13595642139025316,0.010749674348487993,0.15388532265032598,1.3194221045948975e-07,8.770191055275369e-07
19,2815,703,10,0.325,work,3,1.2719202621569003e-16,0.0,0.00102140082995681,0.009934363340945324,0.008163027648108862,0.1330282596766487,0.009049156725378276,0.14206908177095035,1.0711645820194664e-07,7.420718430274012e-07
19,2816,703,10,0.3333333333333333,work,4,1.2719202621569003e-16,0.0,4.416325948571228e-08,1.1151007970493858e-07,0.007584933880328742,0.12951471955908897,0.007584901526406337,0.1295147840802944,2.484544915566767e-07,8.413549788888221e-07
19,2817,704,11,0.3416666666666667,work,1,2.2898349882893854e-16,0.0,0.004584598140016536,0.031875598034436285,0.007073364440338609,0.12650002666993168,0.010179854812294754,0.15661989948449276,2.9880805141407686e-07,8.333999785250225e-07
19,2818,704,11,0.35,work,2,2.2898349882893854e-16,0.0,0.0030588213868214336,0.021264263116268004,0.006796727103791836,0.12367507537870474,0.00894845610558722,0.14383834417259223,3.700693341635805e-07,8.161702118891029e-07
19,2819,704,11,0.35833333333333334,work,3,2.2898349882893854e-16,0.0,0.0015309011593593572,0.010638861738652626,0.006712577284221515,0.120883764223287,0.007816010011244809,0.13099989717558475,7.67584447970625e-08,4.4404460268471747e-07
19,2820,704,11,0.36666666666666664,work,4,2.2898349882893854e-16,0.0,2.658442864871165e-08,1.3657139822709086e-07,0.006729070384183696,0.11817422679631992,0.0067290456068281705,0.11817412494426838,2.646115570567423e-07,6.329047853230056e-07
19,2821,705,12,0.375,work,1,3.3981103164577694e-15,0.0,0.005972211053230604,0.03372012310627774,0.007247118669939796,0.11564980869001933,0.012543109292350352,0.14772895685158696,2.785049657966147e-07,8.360600554410005e-07
19,2822,705,12,0.3833333333333333,work,2,3.3981103164577694e-15,0.0,0.003987136912469144,0.02251405602187498,0.00772761123687553,0.11332219395087764,0.011281898744385895,0.13479566425566417,3.043929390666359e-07,8.699011516169631e-07
19,2823,705,12,0.39166666666666666,work,3,3.3981103164577694e-15,0.0,0.001996772748842417,0.011274208670996919,0.00816300999064887,0.1106247212175505,0.009946450393567341,0.12140566673829584,2.56435019990246e-07,6.893297139537593e-07
19,2824,705,12,0.4,work,4,3.3981103164577694e-15,0.0,2.460946224112212e-08,1.4600096599955432e-07,0.008645799008221228,0.10767263917046742,0.008645817925833453,0.10767251004497586,4.958689026835986e-07,1.3640871633703744e-06
19,2825,706,13,0.4083333333333333,work,1,1.1295700899707568e-16,0.0,0.006659649977948505,0.03580754302832194,0.009468115553936559,0.10517839572461728,0.01593851042208073,0.13978461899163622,3.888099398723909e-07,1.0917579581746119e-06
19,2826,706,13,0.4166666666666667,work,2,1.1295700899707568e-16,0.0,0.004444288335600338,0.02391462997488969,0.010195811278046725,0.1028462829542654,0.014495017564960959,0.12601971436048717,4.060517399419017e-07,1.263702812618884e-06
19,2827,706,13,0.425,work,3,1.1295700899707568e-16,0.0,0.002224970145312648,0.011978723268412778,0.01087232358277013,0.100277964446253,0.013012575664083948,0.11191048897108616,2.9079669596698336e-07,9.190525975888616e-07
19,2828,706,13,0.43333333333333335,work,4,1.1295700899707568e-16,0.0,1.2298710914185152e-08,1.032382731180714e-07,0.011505973404726207,0.09768717361912589,0.011505962905143134,0.0976872704598806,4.3176022903268285e-07,9.53674316406259e-07
19,2829,707,14,0.44166666666666665,work,1,1.249000902703301e-16,0.0,0.005526127950103312,0.04331312541268066,0.011603402032485178,0.0969447250686408,0.016731359538718283,0.13890226120171228,8.605264851290896e-08,3.746093836419747e-07
19,2830,707,14,0.45,work,2,1.249000902703301e-16,0.0,0.0037071077526589402,0.02891102369532531,0.011675346635406852,0.09652089157011594,0.015156487828686517,0.12481615930535266,1.8397207752888323e-07,7.615645133960673e-07
19,2831,707,14,0.4583333333333333,work,3,1.249000902703301e-16,0.0,0.001865769225331266,0.014473356425280937,0.011690540666097536,0.09633781920909137,0.013467607824362161,0.11063090289328294,3.0912309564552154e-07,7.782915149450706e-07
19,2832,707,14,0.4666666666666667,work,4,1.249000902703301e-16,0.0,1.2988560724397193e-08,2.1073424255447025e-07,0.011809948216808993,0.09620342687415319,0.011809942732714159,0.09620356670110522,2.8981872509556127e-07,7.968987200928346e-07
19,2833,708,15,0.475,work,1,1.8670653977139892e-16,0.0,0.00872574484748783,0.048474433695255136,0.011700294987876132,0.09832595172826081,0.01845598048886968,0.14612055206545105,2.577525172702896e-07,9.56928393721728e-07
19,2834,708,15,0.48333333333333334,work,2,1.8670653977139892e-16,0.0,0.005848941568444539,0.03234329764610703,0.012146661814102535,0.10209180730779466,0.01718635400762769,0.13420898406238171,1.0559721323991347e-07,4.075406292431762e-07
19,2835,708,15,0.49166666666666664,work,3,1.8670653977139892e-16,0.0,0.002940356264837299,0.016185073859603376,0.013000214061323494,0.10699015692968862,0.015726317375682874,0.12309837635856304,1.8888049205718644e-07,7.251217997429673e-07
19,2836,708,15,0.5,work,4,1.8670653977139892e-16,0.0,3.55784911292382e-08,1.3978528260658475e-07,0.014096880536745954,0.11282216877450425,0.01409687112055126,0.11282220540790752,1.0203639911676513e-07,6.873942968053134e-07
19,2837,709,16,0.5083333333333333,work,1,2.2729511820139823e-16,0.0,0.014968202255060842,0.04488195196568053,0.016839173415673033,0.11857758811060702,0.031248761224673235,0.16285886741619496,3.508641419642095e-08,4.2774379534743284e-07
19,2838,709,16,0.5166666666666666,work,2,2.2729511820139823e-16,0.0,0.009957383051602,0.029915773324447194,0.02030658369398608,0.12592301979344023,0.030177782757527576,0.15549938654164056,1.9748373277944382e-07,7.269567798167786e-07
19,2839,709,16,0.525,work,3,2.2729511820139823e-16,0.0,0.004967859606580149,0.014955024088341196,0.024070350322183336,0.13457767855556296,0.02903498410448167,0.14934480690980553,4.5591759518896984e-08,7.515859730791191e-07
19,2840,709,16,0.5333333333333333,work,4,2.2729511820139823e-16,0.0,4.940276752497963e-08,1.1151007970493858e-07,0.02795999920164102,0.1442835676234156,0.027960021676926402,0.14428366890278244,5.365383326793292e-08,5.543552409928541e-07
19,2841,710,17,0.5416666666666666,work,1,1.3877787807814457e-16,2.9802322387695312e-08,0.01668094639966948,0.029251063575521215,0.03262755483982457,0.14874010299584453,0.04924778470089582,0.1749623166529863,9.544931308040457e-08,6.670662547826616e-07
19,2842,710,17,0.55,work,2,1.3877787807814457e-16,2.9802322387695312e-08,0.011082501535893814,0.019505033253461916,0.03717355494236017,0.1537595070273185,0.048116548717559444,0.1714036268919952,2.2383788200833305e-07,3.588674836990926e-07
19,2843,710,17,0.5583333333333333,work,3,1.3877787807814457e-16,2.9802322387695312e-08,0.005522011132274984,0.009754674951615772,0.041254968046203586,0.1582273244986151,0.046631156110579254,0.1671041442971599,1.5573615079614752e-07,5.092623081992598e-07
19,2844,710,17,0.5666666666666667,work,4,1.3877787807814457e-16,2.9802322387695312e-08,2.54839630108619e-09,2.9802322387695312e-08,0.044652858788874365,0.16149539230694454,0.04465286094479158,0.16149539545474015,3.311398392966184e-07,7.996802249550121e-07
19,2845,711,18,0.575,work,1,1.1527756336890508e-16,0.0,0.013993563294108956,0.02123713504847988,0.04654539703473677,0.15746561398898748,0.059800889872353706,0.16770296905246587,2.951686754425267e-07,4.2878075152451354e-07
19,2846,711,18,0.5833333333333334,work,2,1.1527756336890508e-16,0.0,0.009300959723541238,0.014144935593422548,0.04764371741329175,0.15219193564762154,0.056330097007873677,0.159285613924304,2.681664980328021e-07,2.920019319991088e-07
19,2847,711,18,0.5916666666666667,work,3,1.1527756336890508e-16,0.0,0.004636212842322973,0.0070656874275716415,0.0479703136745598,0.14562767618047448,0.052242282784305004,0.14929063422920547,1.2746217829038523e-07,5.732591170570675e-07
19,2848,711,18,0.6,work,4,1.1527756336890508e-16,0.0,7.102833402039363e-09,6.664001874625056e-08,0.047588682388258495,0.13788108210184738,0.047588685720767444,0.13788107080669562,7.159086527879176e-08,7.539457464619632e-07
19,2849,712,19,0.6083333333333333,work,1,2.2929868617541516e-16,0.0,0.012029269368144633,0.021488915718533196,0.04626644797418626,0.12587044901781527,0.0577087900138646,0.12927205578963752,1.8026102850771414e-07,2.4575624618635555e-07
19,2850,712,19,0.6166666666666667,work,2,2.2929868617541516e-16,0.0,0.008013780112407248,0.014245049058936072,0.04448210025583383,0.11339117140084641,0.05205630601036794,0.11612015168500761,3.027813482084473e-07,7.384724434235059e-07
19,2851,712,19,0.625,work,3,2.2929868617541516e-16,0.0,0.00400383523133156,0.007082436506257166,0.042329136605029974,0.10080176221467478,0.04609115711983987,0.10242986086472432,2.9156388854242234e-07,7.140128940767647e-07
19,2852,712,19,0.6333333333333333,work,4,2.2929868617541516e-16,0.0,4.1975042446942874e-08,1.1920928955078128e-07,0.03990953542141023,0.08848296770216266,0.03990949973841561,0.08848284912066612,1.1305655292501356e-07,5.397430144630339e-07
19,2853,713,20,0.6416666666666666,work,1,0.0,0.0,0.009803535573030193,0.022022770170037433,0.03672945192549432,0.07579396355489926,0.04615483459401012,0.0827753912977836,1.3736947641557903e-07,2.1073424255447025e-07
19,2854,713,20,0.65,work,2,0.0,0.0,0.006543423439901051,0.01452141214057684,0.033555547696990505,0.06445595625108672,0.03984678183795273,0.07051653114627578,1.5882690574406807e-07,1.632340423778195e-07
19,2855,713,20,0.6583333333333333,work,3,0.0,0.0,0.0032754764842387193,0.007180999460618737,0.030473368834919218,0.055295617315753935,0.033622397079636795,0.0591799777428905,8.485499730220901e-08,4.2252084251516616e-07
19,2856,713,20,0.6666666666666666,work,4,0.0,0.0,8.530741455546934e-09,6.664001874625056e-08,0.02755995527274079,0.049133513207779166,0.02755994951421796,0.049133520826204556,7.10378092868967e-08,6.350063011843742e-07
19,2857,714,21,0.675,work,1,3.916020579897834e-16,0.0,0.008309130121355833,0.022053977812825212,0.024420544848213467,0.04757280166480287,0.03257725237270037,0.06796444899248955,1.7342322699177503e-07,7.586432731960971e-07
19,2858,714,21,0.6833333333333333,work,2,3.916020579897834e-16,0.0,0.005544816781127801,0.01450154648025114,0.021596467294193532,0.04876505193668574,0.027053106329559692,0.06280600802918725,1.453937896774469e-07,6.886851792509198e-07
19,2859,714,21,0.6916666666666667,work,3,3.916020579897834e-16,0.0,0.0027750428052995602,0.007150434904420955,0.019127070586772897,0.052046724190258034,0.021862697586446572,0.05908044377742491,2.2887639406613902e-08,4.4404460268471747e-07
19,2860,714,21,0.7,work,4,3.916020579897834e-16,0.0,1.4383582778958813e-08,4.2146848510894035e-08,0.01703591912889982,0.056533705572338645,0.01703590605844375,0.05653373011370427,4.6425747205073906e-08,4.369878261868718e-07
19,2861,715,22,0.7083333333333334,work,1,6.546139416680338e-17,0.0,0.008363029800700054,0.016001015251115996,0.015345141763084791,0.059483310383353596,0.023655545197237667,0.07280868018963793,1.5817986469299417e-07,1.0323827311807255e-06
19,2862,715,22,0.7166666666666667,work,2,6.546139416680338e-17,0.0,0.005575849703193167,0.01043171271908466,0.014029216417821079,0.062374187821537114,0.01956621115361974,0.0706719676640982,1.5188318734617297e-07,2.698715072315163e-07
19,2863,715,22,0.725,work,3,6.546139416680338e-17,0.0,0.0027881610679242877,0.005097880444327942,0.013068454950888654,0.06510871093720955,0.01582972882462221,0.06899892285779487,1.9730359803616098e-07,8.285903200184073e-07
19,2864,715,22,0.7333333333333333,work,4,6.546139416680338e-17,0.0,4.008970500705731e-08,9.424321830774485e-08,0.0124276701392249,0.06762078463104149,0.012427706995966428,0.06762070009682188,2.2766384681636722e-07,8.975398746952846e-07
19,2865,716,23,0.7416666666666667,work,1,1.2586013583571652e-16,0.0,0.0077741962386027675,0.011697554247424479,0.011883013055260338,0.06820484296699285,0.019584019197430927,0.07365188324478616,2.1556387301330863e-07,8.980345233273202e-07
19,2866,716,23,0.75,work,2,1.2586013583571652e-16,0.0,0.005182814485873249,0.0076287390109910916,0.011585069347965993,0.0687426370282641,0.016697930433315036,0.072119181385065,5.997604274612819e-08,5.990192664337711e-07
19,2867,716,23,0.7583333333333333,work,3,1.2586013583571652e-16,0.0,0.0025914344875743673,0.0037295665430759606,0.01150064876881546,0.06924170232062785,0.014044878687308962,0.07082649303128552,1.3090094864572714e-07,3.345302391148161e-07
19,2868,716,23,0.7666666666666666,work,4,1.2586013583571652e-16,0.0,8.380055549358712e-09,1.9992005623875177e-07,0.01159458487330676,0.06972331401431914,0.011594587264492492,0.06972319390499482,2.3886548351097373e-07,7.226679118265037e-07
19,2869,717,24,0.775,work,1,1.3947004136484323e-16,0.0,0.008261391878910028,0.013151260759054246,0.011976235171976537,0.0721354877446676,0.020065183440555308,0.0822270197494026,2.2421740081123469e-07,7.354594873936853e-07
19,2870,717,24,0.7833333333333333,work,2,1.3947004136484323e-16,0.0,0.005507066976290035,0.008503853649922968,0.01246800537070557,0.07445207384893646,0.017855285226168235,0.08099240424527512,1.6715341581582392e-07,1.055355740167259e-06
19,2871,717,24,0.7916666666666666,work,3,1.3947004136484323e-16,0.0,0.0027533401320916444,0.004120160977986519,0.013027595957654512,0.07671761530419191,0.015718302040973294,0.07989318605889018,1.2103636540172438e-07,5.862806908162258e-07
19,2872,717,24,0.8,work,4,1.3947004136484323e-16,0.0,1.9701405210647504e-08,2.9802322387695312e-08,0.013620702380723548,0.07895643575792632,0.013620683512326053,0.07895644336548104,1.7229240424536377e-07,1.0115243642614675e-06
19,2873,718,25,0.8083333333333333,work,1,1.2586013583571652e-16,0.0,0.008693072338012704,0.017654752044613448,0.014390283904153678,0.08427046412894279,0.022979595203824407,0.10131162386855413,1.3415471011604985e-07,5.840038639982192e-07
19,2874,718,25,0.8166666666666667,work,2,1.2586013583571652e-16,0.0,0.005796980630808743,0.011432828089732047,0.015115055593172659,0.08934193670357883,0.020834758728209408,0.10036578313180412,1.4701592331620673e-07,7.638934622988924e-07
19,2875,718,25,0.825,work,3,1.2586013583571652e-16,0.0,0.002899769514209198,0.005551412426385934,0.015755044829389366,0.09425232529325377,0.01861123048937831,0.09959234917173886,1.2957443484283167e-07,7.737132898418456e-07
19,2876,718,25,0.8333333333333334,work,4,1.2586013583571652e-16,0.0,5.2212876983433005e-08,1.4292691717483762e-07,0.01628489834293085,0.09903403338512956,0.016284850874140437,0.09903399261760833,2.2067507760565195e-07,1.1434153373987162e-06
19,2877,719,26,0.8416666666666667,work,1,1.2719202621569003e-16,0.0,0.009231507256432275,0.02063755409088333,0.01689271028870923,0.10610881645291835,0.026026173664008525,0.1260394579835923,3.5312784734329315e-07,1.077839214803299e-06
19,2878,719,26,0.85,work,2,1.2719202621569003e-16,0.0,0.006162525818650158,0.013387174706182179,0.01736258523308589,0.1129660756803843,0.023449100303381865,0.1258231856064006,2.688854907413405e-07,1.196554893248381e-06
19,2879,719,26,0.8583333333333333,work,3,1.2719202621569003e-16,0.0,0.0030865619333182125,0.0065198320811252096,0.017690646513089412,0.11969546505214454,0.020734596167419263,0.12591783034008036,1.8050274622959208e-07,1.1457432977403014e-06
19,2880,719,26,0.8666666666666667,work,4,1.2719202621569003e-16,0.0,3.198292668585077e-08,5.960464477539063e-08,0.017886677228132523,0.1263485220040627,0.017886705601659555,0.12634847839918148,1.3797453665767633e-08,4.031583445807906e-07
19,2881,720,27,0.875,work,1,2.0062885096040707e-16,0.0,0.008019513054319695,0.023179163775878052,0.01756223299814497,0.1329055007157699,0.02548272486412144,0.15205480496548615,1.4683538185139298e-07,1.0798973400589024e-06
19,2882,720,27,0.8833333333333333,work,2,2.0062885096040707e-16,0.0,0.005367915496132552,0.01534540448185685,0.017196679020032295,0.13943618164441657,0.02249588636856914,0.15199669858538387,3.200014672719834e-07,9.176018427813522e-07
19,2883,720,27,0.8916666666666666,work,3,2.0062885096040707e-16,0.0,0.0026958591305076413,0.007628852297737996,0.016761545764933185,0.14592915737461168,0.019422791137074007,0.15211487998800838,3.623375602957149e-07,8.960542904360911e-07
19,2884,720,27,0.9,work,4,2.0062885096040707e-16,0.0,5.867756670845286e-09,4.2146848510894035e-08,0.01628211925470429,0.15231459476931625,0.016282118795873025,0.15231463625239872,2.0983778085470013e-07,7.226679118265037e-07
19,2885,721,28,0.9083333333333333,work,1,7.97218214573518e-17,0.0,0.008551075748978598,0.024603742918073733,0.015932972407841608,0.1618072014606719,0.024461798555956853,0.18420113158523235,1.4661997704112381e-07,7.760057786876928e-07
19,2886,721,28,0.9166666666666666,work,2,7.97218214573518e-17,0.0,0.005722932292780643,0.01606937569340255,0.015609254627105319,0.17197045187145463,0.02132318854118627,0.18643847561014218,1.3608341043044784e-07,9.508762439217548e-07
19,2887,721,28,0.9249999999999999,work,3,7.97218214573518e-17,0.0,0.002880090067505952,0.007919738915212398,0.015321221178520595,0.18277342329502802,0.01819701204020035,0.189788980303105,1.999710582772994e-07,1.167247058604146e-06
19,2888,721,28,0.9333333333333333,work,4,7.97218214573518e-17,0.0,4.05813533884318e-09,0.0,0.015101354221200755,0.19416482013216313,0.01510135175533816,0.19416485502162553,2.1105490225876388e-07,1.05997438691729e-06
19,2889,722,29,0.9416666666666667,work,1,1.1116099371267112e-15,0.0,0.008270111884070602,0.02178759428323714,0.014789685585496768,0.21017277816584234,0.023039489581191033,0.22998345368708434,1.426837134276833e-07,4.869739603509973e-07
19,2890,722,29,0.95,work,2,1.1116099371267112e-15,0.0,0.005622955856936086,0.014234530548896621,0.014704964178225838,0.22977258849031088,0.02032286452343475,0.24235339357137461,1.307494219303647e-07,6.165552397244359e-07
19,2891,722,29,0.9583333333333334,work,3,1.1116099371267112e-15,0.0,0.002897451336658257,0.0071818893835672165,0.014914808211729788,0.25256377262046337,0.017810131715111043,0.25857860550511036,1.1772285050117121e-07,6.873942968053134e-07
19,2892,722,29,0.9666666666666667,work,4,1.1116099371267112e-15,0.0,1.4845820475669094e-08,1.3978528260658475e-07,0.015517054452655573,0.2782328415305673,0.015517066484240618,0.2782326979564462,3.2845789987604766e-07,9.69835525469371e-07
19,2893,723,30,0.975,work,1,7.97218214573518e-17,0.0,0.007356179061778344,0.017833554761841584,0.015773506351169312,0.31052683082872884,0.02298409908329563,0.32466582363633967,1.4164292845997788e-07,5.945544643181586e-07
19,2894,723,30,0.9833333333333333,work,2,7.97218214573518e-17,0.0,0.005027030578893794,0.012186785889216829,0.01641822064583279,0.3500458872345548,0.021372827715989164,0.35919168115254235,1.9258014366051493e-07,9.684608464999245e-07
19,2895,723,30,0.9916666666666667,work,3,7.97218214573518e-17,0.0,0.002615303397821335,0.006433920477029998,0.017172510614004027,0.3875803913084043,0.01975171393824642,0.3920570289230737,2.7421883526847703e-07,1.1950694117405248e-06
19,2896,723,30,1.0,work,4,7.97218214573518e-17,0.0,1.2565710857984076e-08,8.940696716308595e-08,0.018049414305654314,0.42053547574114536,0.01804940497009639,0.42053556742032644,1.579320139643469e-07,1.222258606815946e-06
19,2897,724,31,1.0083333333333333,work,1,4.379755957367587e-16,0.0,0.0060220270559995,0.013754607569566306,0.018018572154760947,0.44740533158261997,0.023503318287099593,0.4535092803107945,1.6934022942481094e-07,1.059555341877424e-06
19,2898,724,31,1.0166666666666666,work,2,4.379755957367587e-16,0.0,0.003931819362024757,0.01017170703127055,0.017823998127686556,0.4716207986319572,0.021425301415386604,0.47589787833889113,1.8892374872186841e-07,9.122626701005757e-07
19,2899,724,31,1.025,work,3,4.379755957367587e-16,0.0,0.0019470255107734973,0.005649810704911743,0.017576140284104723,0.49319405692286405,0.019367224428653046,0.49544331680002773,1.605055665797635e-07,7.851087970924124e-07
19,2900,724,31,1.0333333333333332,work,4,4.379755957367587e-16,0.0,4.128081461502025e-09,1.1151007970493858e-07,0.01736040989841625,0.5121407572917817,0.017360410409500076,0.5121408696096121,1.6388136816235718e-07,6.322027276634131e-07
19,2901,725,32,1.0416666666666667,work,1,1.4946834900704541e-16,0.0,0.005100333591422018,0.010639410801700644,0.01659144172859552,0.5283931096108002,0.020684406257900734,0.5300329707502646,1.6641721715750143e-07,6.100383249061942e-07
19,2902,725,32,1.05,work,2,1.4946834900704541e-16,0.0,0.003356443438746152,0.0077033281387871595,0.015872520062963892,0.5442907744617388,0.01856569645430597,0.5454921711930139,1.8906181753492396e-07,7.420718430274012e-07
19,2903,725,32,1.0583333333333333,work,3,1.4946834900704541e-16,0.0,0.0016646176962594834,0.004180316951311909,0.015254287442955419,0.5598070673496948,0.016587984381293646,0.5604604776809496,1.8069093237415876e-07,5.397430144630339e-07
19,2904,725,32,1.0666666666666667,work,4,1.4946834900704541e-16,0.0,4.4418720520933533e-08,2.0647654623614288e-07,0.014769168292845896,0.5749190408197968,0.014769188716867446,0.5749192110437762,1.2112239000269357e-07,5.413860715802016e-07
19,2905,726,33,1.075,work,1,1.3092278833360675e-16,0.0,0.004797380829730821,0.008612259181673798,0.014035331915891909,0.5891878936948121,0.01758107197833297,0.5874660523955363,1.1674604300610998e-07,6.012392342636612e-07
19,2906,726,33,1.0833333333333333,work,2,1.3092278833360675e-16,0.0,0.0031800298383874532,0.006106680281205318,0.013442211634017091,0.6041696734889679,0.015805144447077916,0.6030595668540634,2.649434291061224e-07,1.6858739404357617e-07
19,2907,726,33,1.0916666666666666,work,3,1.3092278833360675e-16,0.0,0.0015841641193098273,0.0032478421868709353,0.013000789690014137,0.6198030771932614,0.014184518687012204,0.6192653239419086,1.6237808340111527e-07,8.492354660496184e-07
19,2908,726,33,1.1,work,4,1.3092278833360675e-16,0.0,4.1620988939837995e-08,1.5196262340524156e-07,0.012715610875661488,0.6360125155377936,0.012715625613137093,0.6360123748756416,9.58189707104921e-08,5.331201499700061e-07
19,2909,727,34,1.1083333333333334,work,1,1.2719202621569003e-16,0.0,0.004624306012572689,0.007903431232535191,0.01234246699495876,0.6526771123185094,0.015915169432473474,0.6493933830634002,5.991120268757999e-08,4.400260168383548e-07
19,2910,727,34,1.1166666666666667,work,2,1.2719202621569003e-16,0.0,0.003079578249484102,0.005521943278814063,0.012120108412772126,0.6704111525392428,0.014542858409501123,0.66823184074779,9.183628256000969e-08,3.278255462646488e-07
19,2911,727,34,1.125,work,3,1.2719202621569003e-16,0.0,0.0015396852738773488,0.002892987134371152,0.012045359431911028,0.6892295663265865,0.013279641859432433,0.688144239590216,1.1036529353047876e-07,2.1696418193818693e-07
19,2912,727,34,1.1333333333333333,work,4,1.2719202621569003e-16,0.0,4.495234153835453e-08,1.976862424823881e-07,0.012108614994999661,0.7090236388911895,0.01210864485551832,0.7090234558145193,1.200972042853904e-07,2.3841857910156266e-07
19,2913,728,35,1.1416666666666666,work,1,4.775249788392736e-16,4.2146848510894035e-08,0.003892677513149671,0.009927614023442046,0.011926552638222813,0.7291960261054468,0.015135272670738094,0.724013447742935,7.550568694867637e-08,4.749708607944627e-07
19,2914,728,35,1.15,work,2,4.775249788392736e-16,4.2146848510894035e-08,0.002602119627150327,0.006796335898580884,0.011887444261728112,0.7500071699643761,0.01409060826793008,0.7465471380923258,2.281616678032265e-07,2.1490760299348777e-07
19,2915,728,35,1.1583333333333332,work,3,4.775249788392736e-16,4.2146848510894035e-08,0.0013056916729267435,0.003489795992395317,0.01200868907558471,0.7690053840751127,0.013140834975809708,0.7672753505741278,8.773011453671805e-08,3.6256089987148215e-07
19,2916,728,35,1.1666666666666667,work,4,4.775249788392736e-16,4.2146848510894035e-08,2.865855554514127e-08,1.1542389828584842e-07,0.012276566825787975,0.7841857337764242,0.012276545340485941,0.7841856394915683,2.6703869189590557e-08,6.251387883246874e-07
19,2917,729,36,1.175,work,1,1.1443916996305594e-16,0.0,0.003281651213072005,0.010710025669684339,0.012346131883990889,0.7951551344313086,0.015211549444468512,0.7887368024624435,1.5314098120531914e-07,5.430241572346883e-07
19,2918,729,36,1.1833333333333333,work,2,1.1443916996305594e-16,0.0,0.0021935658646987616,0.0072612951213203705,0.012524049173857882,0.8029241612716098,0.014479837951227146,0.7986506024386589,1.0912771617266768e-07,2.715120786173435e-07
19,2919,729,36,1.1916666666666667,work,3,1.1443916996305594e-16,0.0,0.0011006384992304251,0.0036937650839224965,0.012795335992857901,0.8077804374729006,0.013794922243079205,0.8056478401496631,8.880913180997999e-08,5.196212462831361e-07
19,2920,729,36,1.2,work,4,1.1443916996305594e-16,0.0,9.011221562396196e-09,2.665600749850024e-07,0.013147253663915325,0.8102035467169264,0.013147249155571403,0.8102032879687625,4.8967806644167885e-08,3.9311963195422116e-07
19,2921,730,37,1.2083333333333333,work,1,6.206335383118183e-17,0.0,0.0033752831007004933,0.006647995625773862,0.013599945870899282,0.8106650316759132,0.016871021624443282,0.8072884273048917,2.2602413503145208e-07,6.012392342636612e-07
19,2922,730,37,1.2166666666666666,work,2,6.206335383118183e-17,0.0,0.0022546520651163756,0.00452539898557159,0.014091714584495974,0.8084845898041875,0.016288980291186486,0.8062439996292899,1.0890389920581413e-07,3.816559456248795e-07
19,2923,730,37,1.225,work,3,6.206335383118183e-17,0.0,0.0011297896039175672,0.0023100719142397953,0.014604512871128619,0.8040639168986373,0.015710884434506422,0.8029494881438298,1.4810636602561048e-08,2.9351883535969594e-07
19,2924,730,37,1.2333333333333334,work,4,6.206335383118183e-17,0.0,5.532970637674677e-08,2.858538343496754e-07,0.015122137147369671,0.7977821399536672,0.015122086760258183,0.7977818856523481,1.5917488499042286e-07,8.074174633112048e-07
